SZN,SLPR_ID,PLAYER NAME,POS,AGE,TM,PRK_PPR,PRK_0.5P,PRK_STD,FPT_PPR,FPTS_0.5,FPTS_STD,GM_ACTV,GM_P,GM,TM_SNP,SNP,FUM,CMP PCT,paAY,paATT,CMP,pa1D,INC,INT,paRTG,pa.ruYDS,SAC,paTD,paYDS,paYPA,paYPC,REC,recAY,DRP,rec1D,recTD,TGT,YAC,recYDS,YPR,YPT,CAR,BTKL,ru1D,ru.recYDS,ruTD,YCO,ruYDS,YPC,SNP%,MTF,YCO/A,MTF/A,ruIMP,ELU,IMP,OPP,IMP/OPP,IMP/G,RR,TS%,YPRR,pIMP,pIMP/A,TTT,DP%,PRS%,AYA,1DRR,DB,YDS(t),VS,vsRK,INJ,PROJ,FPOE
1,4881,Lamar Jackson,QB,28.7,BAL,4,4,4,29.36,29.36,29.36,1,1,1,51,51,0,73.7%,100,19,14,6,5,0,144.40,279,2,2,209,11.00,14.93,0,0,0,0,0,0,0,0,0.0,0.0,6,1,4,70,1,NA,70,11.67,100.0%,NA,NA,NA,5,NA,13,25,NA,NA,NA,NA,NA,8,42.1%,2.70,21.1%,27.3%,9.1,NA,22,279,@ BUF,19,OUT,25.1,4.3
1,4984,Josh Allen,QB,29.3,BUF,1,1,1,38.76,38.76,38.76,1,1,1,85,85,0,71.7%,246,46,33,16,13,0,112.00,424,1,2,394,8.57,11.94,0,0,0,0,0,0,0,0,0.0,0.0,14,0,2,30,2,NA,30,2.14,100.0%,NA,NA,NA,4,NA,22,60,NA,NA,NA,NA,NA,18,39.1%,2.98,15.2%,25.0%,9.4,NA,52,424,vs BAL,2,·,23.5,15.3
1,7564,Ja'Marr Chase,WR,25.5,CIN,76,77,76,4.6,3.6,2.6,1,1,1,52,45,0,0.0%,0,0,0,0,0,0,0.00,0,0,0,0,0.00,0.00,2,13,0,1,0,5,13,26,13.0,5.2,0,0,0,26,0,NA,0,0,86.5%,NA,NA,NA,0,NA,1,5,0.200,1.0,24,21.7%,1.08,0,NA,NA,NA,NA,NA,0.042,NA,26,@ CLE,8,·,20.4,-15.8
1,11566,Jayden Daniels,QB,24.7,WAS,13,13,13,20.12,20.12,20.12,1,1,1,70,70,0,63.3%,136,30,19,10,11,0,98.30,301,3,1,233,7.77,12.26,0,0,0,0,0,0,0,0,0.0,0.0,11,0,3,68,0,NA,68,6.18,100.0%,NA,NA,NA,3,NA,14,41,NA,NA,NA,NA,NA,11,36.7%,2.73,13.3%,21.6%,9.4,NA,37,301,vs NYG,14,·,23.9,-3.8
1,9509,Bijan Robinson,RB,23.6,ATL,2,2,3,24.4,21.4,18.4,1,1,1,76,63,0,0.0%,0,0,0,0,0,0,0.00,24,0,0,0,0.00,0.00,6,-6,1,2,1,7,106,100,16.7,14.3,12,0,0,124,0,26,24,2,82.9%,4,2.20,0.333,0,0.553,3,19,0.158,3.0,NA,16.7%,NA,0,NA,NA,NA,NA,NA,NA,NA,124,vs TB,17,·,19.7,4.7
1,6794,Justin Jefferson,WR,26.2,MIN,21,20,17,14.8,12.8,10.8,1,1,1,56,55,0,0.0%,0,0,0,0,0,0,0.00,4,0,0,0,0.00,0.00,4,32,0,1,1,7,12,44,11.0,6.3,1,0,0,48,0,NA,4,4,98.2%,NA,NA,NA,0,NA,2,8,0.250,2.0,23,35.0%,1.91,0,NA,NA,NA,NA,NA,0.043,NA,48,@ CHI,23,·,18.9,-4.1
1,11632,Malik Nabers,WR,22.1,NYG,29,28,30,12.1,9.6,7.1,1,1,1,68,64,0,0.0%,0,0,0,0,0,0,0.00,0,0,0,0,0.00,0.00,5,47,0,4,0,12,24,71,14.2,5.9,0,0,0,71,0,NA,0,0,94.1%,NA,NA,NA,0,NA,4,12,0.333,4.0,37,32.4%,1.92,0,NA,NA,NA,NA,NA,0.108,NA,71,@ WAS,10,IR,15.7,-3.6
1,9221,Jahmyr Gibbs,RB,23.5,DET,13,25,36,15,10,5,1,1,1,67,44,0,0.0%,0,0,0,0,0,0,0.00,19,0,0,0,0.00,0.00,10,0,0,1,0,10,31,31,3.1,3.1,9,0,1,50,0,27,19,2.11,65.7%,5,3.00,0.556,1,0.856,2,19,0.105,2.0,NA,25.6%,NA,0,NA,NA,NA,NA,NA,NA,NA,50,@ GB,31,·,19.0,-4.0
1,6786,CeeDee Lamb,WR,26.4,DAL,14.0,15,15,18,14.5,11,1,1,1,61,56,0,0.0%,0,0,0,0,0,0,0.00,0,0,0,0,0.00,0.00,7,66,3,6,0,13,44,110,15.7,8.5,0,0,0,110,0,NA,0,0,91.8%,NA,NA,NA,0,NA,6,13,0.462,6.0,30,38.2%,3.67,0,NA,NA,NA,NA,NA,0.200,NA,110,@ PHI,15,OUT,17.7,0.3
1,11604,Brock Bowers,TE,22.8,LV,2.0,2,3,15.3,12.8,10.3,1,1,1,63,32,0,0.0%,0,0,0,0,0,0,0.00,0,0,0,0,0.00,0.00,5,49,1,4,0,8,54,103,20.6,12.9,0,0,0,103,0,NA,0,0,50.8%,NA,NA,NA,0,NA,4,8,0.500,4.0,21,23.5%,4.90,0,NA,NA,NA,NA,NA,0.190,NA,103,@ NE,5,OUT,16.2,-0.9
1,6904,Jalen Hurts,QB,27.1,PHI,8.0,8,8,24.28,24.28,24.28,1,1,1,63,63,0,82.6%,91,23,19,6,4,0,94.20,214,1,0,152,6.61,8.00,0,0,0,0,0,0,0,0,0.0,0.0,14,2,5,62,2,NA,62,4.43,100.0%,NA,NA,NA,7,NA,13,37,NA,NA,NA,NA,NA,6,26.1%,3.17,4.3%,42.4%,4.5,NA,33,214,vs DAL,1,·,24.9,-0.6
1,9493,Puka Nacua,WR,24.3,LAR,5.0,7,9,23.1,18.1,13.1,1,1,1,60,38,0,0.0%,0,0,0,0,0,0,0.00,1,0,0,0,0.00,0.00,10,87,0,7,0,11,43,130,13.0,11.8,1,0,0,131,0,NA,1,1,63.3%,NA,NA,NA,0,NA,7,12,0.583,7.0,22,37.9%,5.91,0,NA,NA,NA,NA,NA,0.318,NA,131,vs HOU,26,·,16.6,6.5
1,6770,Joe Burrow,QB,28.8,CIN,28.0,28,28,8.82,8.82,8.82,1,1,1,52,52,0,60.9%,64,23,14,6,9,0,87.80,116,3,1,113,4.91,8.07,0,0,0,0,0,0,0,0,0.0,0.0,2,0,0,3,0,NA,3,1.5,100.0%,NA,NA,NA,0,NA,7,25,NA,NA,NA,NA,NA,7,30.4%,2.76,8.7%,28.6%,7.0,NA,28,116,@ CLE,24,IR,22.9,-14.1
1,7547,Amon-Ra St. Brown,WR,25.9,DET,47.0,48,49,8.5,6.5,4.5,1,1,1,67,63,0,0.0%,0,0,0,0,0,0,0.00,0,0,0,0,0.00,0.00,4,40,0,4,0,6,5,45,11.3,7.5,0,0,0,45,0,NA,0,0,94.0%,NA,NA,NA,0,NA,4,6,0.667,4.0,42,15.4%,1.07,0,NA,NA,NA,NA,NA,0.095,NA,45,@ GB,28,·,16.6,-8.1
1,12527,Ashton Jeanty,RB,21.8,LV,24.0,23,22,12,11,10,1,1,1,63,54,0,0.0%,0,0,0,0,0,0,0.00,38,0,0,0,0.00,0.00,2,-4,0,0,0,2,6,2,1.0,1.0,19,2,1,40,1,34,38,2,85.7%,5,1.80,0.263,2,0.443,2,21,0.095,2.0,NA,5.9%,NA,0,NA,NA,NA,NA,NA,NA,NA,40,@ NE,27,·,18.0,-6.0
1,11631,Brian Thomas Jr.,WR,22.9,JAX,42.0,36,27,9,8.5,8,1,1,1,66,57,0,0.0%,0,0,0,0,0,0,0.00,9,0,0,0,0.00,0.00,1,11,1,1,0,7,0,11,11.0,1.6,1,0,0,20,1,NA,9,9,86.4%,NA,NA,NA,1,NA,2,8,0.250,2.0,30,22.6%,0.37,0,NA,NA,NA,NA,NA,0.033,NA,20,vs CAR,29,·,17.2,-8.2
1,6797,Justin Herbert,QB,27.5,LAC,5.0,5,5,27.92,27.92,27.92,1,1,1,65,65,0,73.5%,184,34,25,13,9,0,131.70,350,3,3,318,9.35,12.72,0,0,0,0,0,0,0,0,0.0,0.0,7,0,1,32,0,NA,32,4.57,100.0%,NA,NA,NA,1,NA,17,41,NA,NA,NA,NA,NA,16,47.1%,2.88,8.8%,36.6%,9.6,NA,41,350,vs KC,30,·,18.1,9.8
1,8112,Drake London,WR,24.2,ATL,23.0,29,42,13.5,9.5,5.5,1,1,1,76,67,0,0.0%,0,0,0,0,0,0,0.00,0,0,0,0,0.00,0.00,8,38,0,2,0,15,17,55,6.9,3.7,0,0,0,55,0,NA,0,0,88.2%,NA,NA,NA,0,NA,2,15,0.133,2.0,37,35.7%,1.49,0,NA,NA,NA,NA,NA,0.054,NA,55,vs TB,16,·,17.6,-4.1
1,9488,Jaxon Smith-Njigba,WR,23.6,SEA,11.0,14,19,19.4,14.9,10.4,1,1,1,52,40,2,0.0%,0,0,0,0,0,0,0.00,0,0,0,0,0.00,0.00,9,95,0,6,0,13,29,124,13.8,9.5,0,0,0,124,0,NA,0,0,76.9%,NA,NA,NA,0,NA,6,13,0.462,6.0,21,56.5%,5.90,0,NA,NA,NA,NA,NA,0.286,NA,124,vs SF,18,·,15.2,4.2
1,4866,Saquon Barkley,RB,28.6,PHI,7.0,7,8,18.4,16.4,14.4,1,1,1,63,50,0,0.0%,0,0,0,0,0,0,0.00,60,0,0,0,0.00,0.00,4,-3,1,2,0,5,27,24,6.0,4.8,18,1,3,84,1,63,60,3.33,79.4%,3,3.50,0.167,4,0.517,6,23,0.261,6.0,NA,21.7%,NA,0,NA,NA,NA,NA,NA,NA,NA,84,vs DAL,5,Q,19.4,-1.0
1,8130,Trey McBride,TE,25.8,ARI,12.0,13,17,12.1,9.1,6.1,1,1,1,66,64,0,0.0%,0,0,0,0,0,0,0.00,0,0,0,0,0.00,0.00,6,18,0,4,0,9,43,61,10.2,6.8,0,0,0,61,0,NA,0,0,97.0%,NA,NA,NA,0,NA,4,9,0.444,4.0,33,31.0%,1.85,0,NA,NA,NA,NA,NA,0.121,NA,61,@ NO,4,·,14.9,-2.8
1,7569,Nico Collins,WR,26.5,HOU,65.0,69,78,5.5,4,2.5,1,1,1,63,53,0,0.0%,0,0,0,0,0,0,0.00,0,0,0,0,0.00,0.00,3,15,0,0,0,5,10,25,8.3,5.0,0,0,0,25,0,NA,0,0,84.1%,NA,NA,NA,0,NA,0,5,0.000,0.0,27,18.5%,0.93,0,NA,NA,NA,NA,NA,0.000,NA,25,@ LAR,12,·,17.6,-12.1
1,11564,Drake Maye,QB,23.0,NE,17.0,17,18,16.78,16.28,15.78,1,1,1,71,71,1,65.2%,173,46,30,14,16,1,80.60,298,4,1,287,6.24,9.57,1,-8,0,0,0,1,10,2,2.0,2.0,4,0,0,13,0,NA,11,2.75,100.0%,NA,NA,NA,0,NA,15,51,NA,NA,NA,NA,NA,15,32.6%,2.80,6.5%,37.7%,8.0,NA,53,300,vs LV,13,·,19.2,-2.4
1,12514,Emeka Egbuka,WR,22.9,TB,4.0,3,3,23.6,21.6,19.6,1,1,1,58,54,0,0.0%,0,0,0,0,0,0,0.00,9,0,0,0,0.00,0.00,4,52,0,0,2,6,15,67,16.8,11.2,1,0,0,76,0,NA,9,9,93.1%,NA,NA,NA,0,NA,2,7,0.286,2.0,32,18.8%,2.09,0,NA,NA,NA,NA,NA,0.000,NA,76,@ ATL,30,·,12.8,10.8
1,11635,Ladd McConkey,WR,23.9,LAC,25.0,25,28,13.4,10.4,7.4,1,1,1,65,55,0,0.0%,0,0,0,0,0,0,0.00,0,0,0,0,0.00,0.00,6,57,0,3,0,9,17,74,12.3,8.2,0,0,0,74,0,NA,0,0,84.6%,NA,NA,NA,0,NA,3,9,0.333,3.0,35,26.5%,2.11,0,NA,NA,NA,NA,NA,0.086,NA,74,vs KC,31,·,15.4,-2.0
1,4046,Patrick Mahomes,QB,30.0,KC,6.0,6,6,26.02,26.02,26.02,1,1,1,61,61,0,61.5%,142,39,24,8,15,0,89.50,315,2,1,258,6.62,10.75,0,0,0,0,0,0,0,0,0.0,0.0,6,0,4,57,1,NA,57,9.5,100.0%,NA,NA,NA,5,NA,14,45,NA,NA,NA,NA,NA,9,23.1%,2.38,10.3%,25.5%,7.0,NA,47,315,@ LAC,18,·,21.3,4.7
1,11584,Bucky Irving,RB,23.1,TB,15.0,19,20,14.5,12.5,10.5,1,1,1,58,44,0,0.0%,0,0,0,0,0,0,0.00,37,0,0,0,0.00,0.00,4,-5,0,0,1,4,13,8,2.0,2.0,14,0,1,45,0,38,37,2.64,75.9%,3,2.70,0.214,1,0.484,2,18,0.111,2.0,NA,12.5%,NA,0,NA,NA,NA,NA,NA,NA,NA,45,@ ATL,32,OUT,18.6,-4.1
1,9226,De'Von Achane,RB,23.9,MIA,11.0,10,11,16.5,15,13.5,1,1,1,48,35,0,0.0%,0,0,0,0,0,0,0.00,55,0,0,0,0.00,0.00,3,-6,1,0,1,4,26,20,6.7,5.0,7,2,2,75,0,47,55,7.86,72.9%,4,6.70,0.571,2,1.241,3,11,0.273,3.0,NA,12.9%,NA,0,NA,NA,NA,NA,NA,NA,NA,75,@ IND,24,·,20.2,-3.7
1,6804,Jordan Love,QB,26.9,GB,18.0,18,17,15.92,15.92,15.92,1,1,1,48,48,0,72.7%,149,22,16,6,6,0,128.60,192,0,2,188,8.55,11.75,0,0,0,0,0,0,0,0,0.0,0.0,3,0,1,4,0,NA,4,1.33,100.0%,NA,NA,NA,1,NA,9,25,NA,NA,NA,NA,NA,8,36.4%,2.84,13.6%,34.8%,10.1,NA,23,192,vs DET,11,·,20.0,-4.1
1,11563,Bo Nix,QB,25.6,DEN,27.0,27,27,8.84,8.84,8.84,1,1,1,76,76,1,62.5%,82,40,25,8,15,2,60.00,194,1,1,176,4.40,7.04,0,0,0,0,0,0,0,0,0.0,0.0,8,0,2,18,0,NA,18,2.25,100.0%,NA,NA,NA,2,NA,11,48,NA,NA,NA,NA,NA,9,22.5%,2.83,7.5%,18.6%,6.0,NA,43,194,vs TEN,23,·,20.3,-11.5
1,12526,Tetairoa McMillan,WR,22.4,CAR,30.0,31,31,11.8,9.3,6.8,1,1,1,64,53,0,0.0%,0,0,0,0,0,0,0.00,0,0,0,0,0.00,0.00,5,56,0,4,0,9,12,68,13.6,7.6,0,0,0,68,0,NA,0,0,82.8%,NA,NA,NA,0,NA,4,9,0.444,4.0,32,25.7%,2.13,0,NA,NA,NA,NA,NA,0.125,NA,68,@ JAX,24,·,14.9,-3.1
1,12507,Omarion Hampton,RB,22.5,LAC,32.0,33,32,8.1,7.1,6.1,1,1,1,65,52,0,0.0%,0,0,0,0,0,0,0.00,48,0,0,0,0.00,0.00,2,-4,0,0,0,2,17,13,6.5,6.5,15,3,4,61,0,42,48,3.2,80.0%,5,2.80,0.333,4,0.613,4,17,0.235,4.0,NA,5.9%,NA,0,NA,NA,NA,NA,NA,NA,NA,61,vs KC,22,OUT,14.4,-6.3
1,11628,Marvin Harrison Jr.,WR,23.1,ARI,12.0,10,8,18.1,15.6,13.1,1,1,1,66,59,0,0.0%,0,0,0,0,0,0,0.00,0,0,0,0,0.00,0.00,5,53,0,2,1,6,18,71,14.2,11.8,0,0,0,71,0,NA,0,0,89.4%,NA,NA,NA,0,NA,3,6,0.500,3.0,32,20.7%,2.22,0,NA,NA,NA,NA,NA,0.063,NA,71,@ NO,19,·,12.2,5.9
1,6813,Jonathan Taylor,RB,26.6,IND,23.0,22,23,12.8,11.3,9.8,1,1,1,73,52,0,0.0%,0,0,0,0,0,0,0.00,71,0,0,0,0.00,0.00,3,-2,0,2,0,3,29,27,9.0,9.0,18,0,3,98,0,50,71,3.94,71.2%,4,2.80,0.222,3,0.502,5,21,0.238,5.0,NA,10.3%,NA,0,NA,NA,NA,NA,NA,NA,NA,98,vs MIA,4,·,18.0,-5.2
1,8146,Garrett Wilson,WR,25.2,NYJ,7.0,6,6,22.5,19,15.5,1,1,1,64,64,0,0.0%,0,0,0,0,0,0,0.00,0,0,0,0,0.00,0.00,7,78,0,3,1,9,17,95,13.6,10.6,0,0,0,95,0,NA,0,0,100.0%,NA,NA,NA,0,NA,4,9,0.444,4.0,23,40.9%,4.13,0,NA,NA,NA,NA,NA,0.130,NA,95,vs PIT,22,·,14.2,8.3
1,12518,Tyler Warren,TE,23.3,IND,3.0,5,8,14.9,11.4,7.9,1,1,1,73,53,0,0.0%,0,0,0,0,0,0,0.00,3,0,0,0,0.00,0.00,7,40,0,4,0,9,36,76,10.9,8.4,1,0,1,79,0,NA,3,3,72.6%,NA,NA,NA,1,NA,5,10,0.500,5.0,20,31.0%,3.80,0,NA,NA,NA,NA,NA,0.200,NA,79,vs MIA,6,·,9.2,5.7
1,12529,TreVeyon Henderson,RB,22.9,NE,25.0,26,35,11.1,8.1,5.1,1,1,0,71,25,0,0.0%,0,0,0,0,0,0,0.00,27,0,0,0,0.00,0.00,6,-19,0,0,0,6,43,24,4.0,4.0,5,0,1,51,0,7,27,5.4,35.2%,1,1.40,0.200,1,0.340,1,11,0.091,1.0,NA,13.0%,NA,0,NA,NA,NA,NA,NA,NA,NA,51,vs LV,10,·,13.7,-2.6
1,11560,Caleb Williams,QB,23.8,CHI,9.0,9,9,24.2,24.2,24.2,1,1,1,67,67,0,60.0%,133,35,21,9,14,0,86.60,268,2,1,210,6.00,10.00,0,0,0,0,0,0,0,0,0.0,0.0,6,0,3,58,1,NA,58,9.67,100.0%,NA,NA,NA,4,NA,14,41,NA,NA,NA,NA,NA,10,28.6%,3.04,11.4%,34.9%,7.6,NA,43,268,vs MIN,28,·,17.9,6.3
1,9758,C.J. Stroud,QB,24.0,HOU,26.0,26,26,9.72,9.72,9.72,1,1,1,63,63,0,70.4%,115,27,19,7,8,1,74.30,220,3,0,188,6.96,9.89,0,0,0,0,0,0,0,0,0.0,0.0,5,0,3,32,0,NA,32,6.4,100.0%,NA,NA,NA,3,NA,10,32,NA,NA,NA,NA,NA,7,25.9%,2.65,7.4%,41.2%,6.3,NA,34,220,@ LAR,17,·,17.9,-8.2
1,9224,Chase Brown,RB,25.5,CIN,22.0,21,18,13.1,12.1,11.1,1,1,1,52,39,0,0.0%,0,0,0,0,0,0,0.00,43,0,0,0,0.00,0.00,2,-2,1,0,0,3,10,8,4.0,2.7,21,2,2,51,1,86,43,2.05,75.0%,4,4.10,0.190,3,0.600,3,24,0.125,3.0,NA,13.0%,NA,0,NA,NA,NA,NA,NA,NA,NA,51,@ CLE,28,·,18.3,-5.2
1,4892,Baker Mayfield,QB,30.4,TB,12.0,12,12,22.58,22.58,22.58,1,1,1,58,58,0,53.1%,122,32,17,7,15,0,99.30,206,1,3,167,5.22,9.82,0,0,0,0,0,0,0,0,0.0,0.0,5,0,3,39,0,NA,39,7.8,100.0%,NA,NA,NA,3,NA,13,37,NA,NA,NA,NA,NA,10,31.3%,2.95,15.6%,40.5%,10.2,NA,37,206,@ ATL,31,·,21.6,1.0
1,11620,Rome Odunze,WR,23.3,CHI,19.0,21,22,15.7,12.7,9.7,1,1,1,67,63,0,0.0%,0,0,0,0,0,0,0.00,0,0,0,0,0.00,0.00,6,35,0,2,1,9,2,37,6.2,4.1,0,0,0,37,0,NA,0,0,94.0%,NA,NA,NA,0,NA,3,9,0.333,3.0,34,25.7%,1.09,0,NA,NA,NA,NA,NA,0.059,NA,37,vs MIN,32,·,10.9,4.8
1,8138,James Cook,RB,26.0,BUF,4.0,5,4,21.2,18.7,16.2,1,1,1,85,48,0,0.0%,0,0,0,0,0,0,0.00,44,0,0,0,0.00,0.00,5,-6,0,1,0,5,64,58,11.6,11.6,13,1,2,102,1,30,44,3.38,56.5%,6,2.30,0.462,3,0.692,4,18,0.222,4.0,NA,10.9%,NA,0,NA,NA,NA,NA,NA,NA,NA,102,vs BAL,2,·,14.4,6.8
1,11559,Michael Penix Jr.,QB,25.4,ATL,10.0,10,10,24.02,24.02,24.02,1,1,1,76,76,1,64.3%,109,42,27,15,15,0,93.20,319,1,1,298,7.10,11.04,0,0,0,0,0,0,0,0,0.0,0.0,6,0,2,21,1,NA,21,3.5,100.0%,NA,NA,NA,3,NA,19,48,NA,NA,NA,NA,NA,16,38.1%,2.56,9.5%,43.5%,7.3,NA,46,319,vs TB,4,·,17.9,6.1
1,5850,Josh Jacobs,RB,27.6,GB,18.0,14,12,14,13.5,13,1,1,1,48,42,0,0.0%,0,0,0,0,0,0,0.00,66,0,0,0,0.00,0.00,1,1,0,0,0,1,3,4,4.0,4.0,19,1,2,70,1,61,66,3.47,87.5%,1,3.20,0.053,3,0.373,3,20,0.150,3.0,NA,4.5%,NA,0,NA,NA,NA,NA,NA,NA,NA,70,vs DET,26,·,16.2,-2.2
1,8183,Brock Purdy,QB,25.7,SF,14.0,14,14,18.78,18.78,18.78,1,1,1,76,76,0,74.3%,156,35,26,13,9,2,92.20,294,1,2,277,7.91,10.65,0,0,0,0,0,0,0,0,0.0,0.0,5,0,0,17,0,NA,17,3.4,100.0%,NA,NA,NA,0,NA,15,40,NA,NA,NA,NA,NA,15,42.9%,3.05,14.3%,60.5%,7.5,NA,38,294,@ SEA,21,OUT,21.1,-2.3
1,6801,Tee Higgins,WR,26.7,CIN,60.0,59,61,6.3,4.8,3.3,1,1,1,52,41,0,0.0%,0,0,0,0,0,0,0.00,0,0,0,0,0.00,0.00,3,31,0,2,0,4,2,33,11.0,8.3,0,0,0,33,0,NA,0,0,78.8%,NA,NA,NA,0,NA,2,4,0.500,2.0,23,17.4%,1.43,0,NA,NA,NA,NA,NA,0.087,NA,33,@ CLE,8,·,14.5,-8.2
1,8150,Kyren Williams,RB,25.0,LAR,19.0,15,13,13.9,13.4,12.9,1,1,1,60,49,0,0.0%,0,0,0,0,0,0,0.00,66,0,0,0,0.00,0.00,1,-4,0,0,0,2,7,3,3.0,1.5,18,2,2,69,1,61,66,3.67,81.7%,4,3.40,0.222,3,0.562,3,20,0.150,3.0,NA,6.9%,NA,0,NA,NA,NA,NA,NA,NA,NA,69,vs HOU,20,·,16.8,-2.9
1,8155,Breece Hall,RB,24.3,NYJ,10.0,9,7,16.5,15.5,14.5,1,1,1,64,37,0,0.0%,0,0,0,0,0,0,0.00,107,0,0,0,0.00,0.00,2,-4,0,1,0,4,42,38,19.0,9.5,19,2,7,145,0,76,107,5.63,57.8%,6,4.00,0.316,7,0.716,8,23,0.348,8.0,NA,18.2%,NA,0,NA,NA,NA,NA,NA,NA,NA,145,vs PIT,23,·,13.6,2.9
1,12530,Travis Hunter,WR,22.3,JAX,39.0,50,60,9.3,6.3,3.3,1,1,1,66,42,0,0.0%,0,0,0,0,0,0,0.00,0,0,0,0,0.00,0.00,6,12,1,0,0,8,21,33,5.5,4.1,0,0,0,33,0,NA,0,0,63.6%,NA,NA,NA,0,NA,0,8,0.000,0.0,24,25.8%,1.38,0,NA,NA,NA,NA,NA,0.000,NA,33,vs CAR,29,·,9.7,-0.4
1,12522,Cam Ward,QB,23.3,TEN,32.0,32,32,2.48,2.48,2.48,1,1,1,57,57,1,42.9%,48,28,12,5,16,0,54.50,112,6,0,112,4.00,9.33,0,0,0,0,0,0,0,0,0.0,0.0,0,0,0,0,0,NA,0,0,100.0%,NA,NA,NA,0,NA,5,28,NA,NA,NA,NA,NA,5,17.9%,2.89,7.1%,50.0%,10.8,NA,34,112,@ DEN,29,·,17.1,-14.6
1,11565,J.J. McCarthy,QB,22.6,MIN,11.0,11,11,23.22,23.22,23.22,1,1,1,56,56,0,65.0%,75,20,13,3,7,1,98.50,168,3,2,143,7.15,11.00,0,0,0,0,0,0,0,0,0.0,0.0,2,0,1,25,1,NA,25,12.5,100.0%,NA,NA,NA,2,NA,7,22,NA,NA,NA,NA,NA,5,25.0%,2.94,15.0%,29.2%,8.6,NA,24,168,@ CHI,15,OUT,18.8,4.4
1,4034,Christian McCaffrey,RB,29.3,SF,3.0,4,10,23.2,18.7,14.2,1,1,1,76,58,0,0.0%,0,0,0,0,0,0,0.00,69,0,0,0,0.00,0.00,9,11,0,3,0,10,62,73,8.1,7.3,22,0,6,142,0,51,69,3.14,76.3%,6,2.30,0.273,6,0.503,9,32,0.281,9.0,NA,28.6%,NA,0,NA,NA,NA,NA,NA,NA,NA,142,@ SEA,18,·,19.8,3.4
1,3198,Derrick Henry,RB,31.7,BAL,1.0,1,1,29.2,28.7,28.2,1,1,1,51,29,1,0.0%,0,0,0,0,0,0,0.00,169,0,0,0,0.00,0.00,1,5,0,1,0,1,8,13,13.0,13.0,18,2,3,182,2,104,169,9.39,56.9%,4,5.80,0.222,5,0.802,6,19,0.316,6.0,NA,5.3%,NA,0,NA,NA,NA,NA,NA,NA,NA,182,@ BUF,13,·,15.6,13.6
1,10229,Rashee Rice,WR,25.4,KC,999.0,999,999,0,0,0,1,0,0,0,0,0,0.0%,0,0,0,0,0,0,0.00,0,0,0,0,0.00,0.00,0,0,0,0,0,0,0,0,0.0,0.0,0,0,0,0,0,NA,0,0,NA,NA,NA,NA,0,NA,0,0,NA,NA,NA,NA,NA,0,NA,NA,NA,NA,NA,NA,NA,0,@ LAC,25,SUS,SUS,SUS
1,5859,A.J. Brown,WR,28.2,PHI,101.0,101,102,1.8,1.3,0.8,1,1,1,63,55,0,0.0%,0,0,0,0,0,0,0.00,0,0,0,0,0.00,0.00,1,8,0,0,0,1,0,8,8.0,8.0,0,0,0,8,0,NA,0,0,87.3%,NA,NA,NA,0,NA,0,1,0.000,0.0,23,4.3%,0.35,0,NA,NA,NA,NA,NA,0.000,NA,8,vs DAL,1,·,15.1,-13.3
1,9997,Zay Flowers,WR,25.0,BAL,1.0,1,1,28.1,24.6,21.1,1,1,1,51,46,0,0.0%,0,0,0,0,0,0,0.00,8,0,0,0,0.00,0.00,7,54,0,4,1,9,89,143,20.4,15.9,2,0,0,151,0,NA,8,4,90.2%,NA,NA,NA,0,NA,5,11,0.455,5.0,21,47.4%,6.81,0,NA,NA,NA,NA,NA,0.190,NA,151,@ BUF,20,·,12.4,15.7
1,5849,Kyler Murray,QB,28.1,ARI,16.0,16,16,18.32,18.32,18.32,1,1,1,66,66,0,72.4%,63,29,21,9,8,0,108.80,201,5,2,163,5.62,7.76,0,0,0,0,0,0,0,0,0.0,0.0,7,0,3,38,0,NA,38,5.43,100.0%,NA,NA,NA,3,NA,14,36,NA,NA,NA,NA,NA,11,37.9%,2.48,6.9%,26.3%,5.3,NA,38,201,@ NO,5,Q,20.1,-1.8
1,8148,Jameson Williams,WR,24.5,DET,57.0,61,77,6.6,4.6,2.6,1,1,1,67,65,0,0.0%,0,0,0,0,0,0,0.00,3,0,0,0,0.00,0.00,4,16,0,2,0,5,7,23,5.8,4.6,1,0,0,26,0,NA,3,3,97.0%,NA,NA,NA,0,NA,2,6,0.333,2.0,43,12.8%,0.53,0,NA,NA,NA,NA,NA,0.047,NA,26,@ GB,28,·,12.2,-5.6
1,9484,Tucker Kraft,TE,24.9,GB,18.0,15,9,9.9,8.9,7.9,1,1,1,48,44,0,0.0%,0,0,0,0,0,0,0.00,3,0,0,0,0.00,0.00,2,15,0,0,1,4,1,16,8.0,4.0,1,0,0,19,0,NA,3,3,91.7%,NA,NA,NA,0,NA,1,5,0.200,1.0,15,18.2%,1.07,0,NA,NA,NA,NA,NA,0.000,NA,19,vs DET,18,·,9.4,0.5
1,10859,Sam LaPorta,TE,24.7,DET,5.0,6,7,13.9,10.9,7.9,1,1,1,67,61,0,0.0%,0,0,0,0,0,0,0.00,0,0,0,0,0.00,0.00,6,31,0,3,0,9,48,79,13.2,8.8,0,0,0,79,0,NA,0,0,91.0%,NA,NA,NA,0,NA,3,9,0.333,3.0,39,23.1%,2.03,0,NA,NA,NA,NA,NA,0.077,NA,79,@ GB,17,·,10.7,3.2
1,12512,Quinshon Judkins,RB,21.9,CLE,999.0,999,999,0,0,0,1,1,0,0,0,0,0.0%,0,0,0,0,0,0,0.00,0,0,0,0,0.00,0.00,0,0,0,0,0,0,0,0,0.0,0.0,0,0,0,0,0,NA,0,0,NA,NA,NA,NA,0,NA,0,0,NA,0.0,NA,NA,NA,0,NA,NA,NA,NA,NA,NA,NA,0,vs CIN,1,DNP,DNP,DNP
1,11638,Ricky Pearsall,WR,25.0,SF,20.0,19,16,14.8,12.8,10.8,1,1,1,76,64,0,0.0%,0,0,0,0,0,0,0.00,0,0,0,0,0.00,0.00,4,93,0,4,0,7,15,108,27.0,15.4,0,0,0,108,0,NA,0,0,84.2%,NA,NA,NA,0,NA,4,7,0.571,4.0,32,20.0%,3.38,0,NA,NA,NA,NA,NA,0.125,NA,108,@ SEA,17,OUT,12.5,2.3
1,3294,Dak Prescott,QB,32.1,DAL,29.0,29,29,7.82,7.82,7.82,1,1,1,61,61,0,61.8%,113,34,21,9,13,0,76.60,191,0,0,188,5.53,8.95,0,0,0,0,0,0,0,0,0.0,0.0,1,1,0,3,0,NA,3,3,100.0%,NA,NA,NA,0,NA,9,35,NA,NA,NA,NA,NA,9,26.5%,2.95,17.6%,34.3%,10.2,NA,35,191,@ PHI,16,·,20.6,-12.8
1,12508,Jaxson Dart,QB,22.3,NYG,999.0,999,999,0,0,0,1,0,0,68,0,0,0.0%,0,0,0,0,0,0,0.00,0,0,0,0,0.00,0.00,0,0,0,0,0,0,0,0,0.0,0.0,0,0,0,0,0,NA,0,0,0.0%,NA,NA,NA,0,NA,0,0,NA,NA,NA,NA,NA,0,NA,NA,NA,NA,NA,NA,NA,0,@ WAS,8,Q,1.0,-1.0
1,11624,Xavier Worthy,WR,22.4,KC,999.0,999,999,0,0,0,1,1,1,61,3,0,0.0%,0,0,0,0,0,0,0.00,0,0,0,0,0.00,0.00,0,0,0,0,0,1,0,0,0.0,0.0,1,0,0,0,0,NA,0,0,4.9%,NA,NA,NA,0,NA,0,2,0.000,0.0,NA,NA,NA,0,NA,NA,NA,NA,NA,NA,NA,0,@ LAC,25,·,14.4,-14.4
1,7523,Trevor Lawrence,QB,25.9,JAX,23.0,23,23,11.32,11.32,11.32,1,1,1,66,66,0,61.3%,98,31,19,8,12,1,74.40,190,0,1,178,5.74,9.37,0,0,0,0,0,0,0,0,0.0,0.0,4,0,2,12,0,NA,12,3,100.0%,NA,NA,NA,2,NA,11,35,NA,NA,NA,NA,NA,9,29.0%,2.74,6.5%,18.2%,7.2,NA,33,190,vs CAR,20,·,19.6,-8.3
1,7525,DeVonta Smith,WR,26.8,PHI,75.0,80,86,4.6,3.1,1.6,1,1,1,63,56,0,0.0%,0,0,0,0,0,0,0.00,0,0,0,0,0.00,0.00,3,4,0,1,0,3,12,16,5.3,5.3,0,0,0,16,0,NA,0,0,88.9%,NA,NA,NA,0,NA,1,3,0.333,1.0,23,13.0%,0.70,0,NA,NA,NA,NA,NA,0.043,NA,16,vs DAL,1,·,13.5,-8.9
1,5846,DK Metcalf,WR,27.8,PIT,28.0,26,26,12.3,10.3,8.3,1,1,1,56,53,0,0.0%,0,0,0,0,0,0,0.00,0,0,0,0,0.00,0.00,4,15,1,4,0,7,68,83,20.8,11.9,0,0,0,83,0,NA,0,0,94.6%,NA,NA,NA,0,NA,4,7,0.571,4.0,33,23.3%,2.52,0,NA,NA,NA,NA,NA,0.121,NA,83,@ NYJ,13,·,14.3,-2.0
1,8151,Kenneth Walker III,RB,24.9,SEA,40.0,42,50,5.4,3.9,2.4,1,1,1,52,21,0,0.0%,0,0,0,0,0,0,0.00,20,0,0,0,0.00,0.00,3,-9,0,0,0,3,13,4,1.3,1.3,10,0,0,24,0,20,20,2,40.4%,3,2.00,0.300,0,0.500,0,13,0.000,0.0,NA,13.0%,NA,0,NA,NA,NA,NA,NA,NA,NA,24,vs SF,14,·,12.8,-7.4
1,3163,Jared Goff,QB,30.9,DET,21.0,21,21,11.9,11.9,11.9,1,1,1,67,67,0,79.5%,104,39,31,12,8,1,88.60,224,4,1,225,5.77,7.26,0,0,0,0,0,0,0,0,0.0,0.0,1,0,0,-1,0,NA,-1,-1,100.0%,NA,NA,NA,0,NA,13,40,NA,NA,NA,NA,NA,13,33.3%,3.09,5.1%,27.9%,4.5,NA,43,224,@ GB,27,·,20.6,-8.7
1,7594,Chuba Hubbard,RB,26.3,CAR,8.0,8,6,17.9,16.4,14.9,1,1,1,64,43,0,0.0%,0,0,0,0,0,0,0.00,57,0,0,0,0.00,0.00,3,-4,1,0,1,5,36,32,10.7,6.4,16,0,3,89,0,40,57,3.56,67.2%,2,2.50,0.125,3,0.375,4,21,0.190,4.0,NA,14.3%,NA,0,NA,NA,NA,NA,NA,NA,NA,89,@ JAX,29,OUT,14.8,3.1
1,9756,Jordan Addison,WR,23.6,MIN,999.0,999,999,0,0,0,1,0,0,0,0,0,0.0%,0,0,0,0,0,0,0.00,0,0,0,0,0.00,0.00,0,0,0,0,0,0,0,0,0.0,0.0,0,0,0,0,0,NA,0,0,NA,NA,NA,NA,0,NA,0,0,NA,NA,NA,NA,NA,0,NA,NA,NA,NA,NA,NA,NA,0,@ CHI,23,SUS,SUS,SUS
1,12501,Matthew Golden,WR,22.1,GB,83.0,83,83,3.6,2.6,1.6,1,1,1,48,23,0,0.0%,0,0,0,0,0,0,0.00,0,0,0,0,0.00,0.00,2,10,0,1,0,2,6,16,8.0,8.0,0,0,0,16,0,NA,0,0,47.9%,NA,NA,NA,0,NA,1,2,0.500,1.0,13,9.1%,1.23,0,NA,NA,NA,NA,NA,0.077,NA,16,vs DET,6,·,11.1,-7.5
1,12489,RJ Harvey,RB,24.6,DEN,33.0,30,28,7.9,7.4,6.9,1,1,0,76,22,0,0.0%,0,0,0,0,0,0,0.00,70,0,0,0,0.00,0.00,1,-2,0,0,0,1,1,-1,-1.0,-1.0,6,0,1,69,0,62,70,11.67,28.9%,3,10.30,0.500,1,1.530,1,7,0.143,1.0,NA,2.5%,NA,0,NA,NA,NA,NA,NA,NA,NA,69,vs TEN,3,·,11.3,-3.4
1,8137,George Pickens,WR,24.5,DAL,62.0,63,66,6,4.5,3,1,1,1,61,56,0,0.0%,0,0,0,0,0,0,0.00,0,0,0,0,0.00,0.00,3,29,0,2,0,4,1,30,10.0,7.5,0,0,0,30,0,NA,0,0,91.8%,NA,NA,NA,0,NA,2,4,0.500,2.0,32,11.8%,0.94,0,NA,NA,NA,NA,NA,0.063,NA,30,@ PHI,15,·,13.2,-7.2
1,11637,Keon Coleman,WR,22.3,BUF,2.0,4,4,25.2,21.2,17.2,1,1,1,85,75,0,0.0%,0,0,0,0,0,0,0.00,0,0,0,0,0.00,0.00,8,96,1,5,1,11,16,112,14.0,10.2,0,0,0,112,0,NA,0,0,88.2%,NA,NA,NA,0,NA,6,11,0.545,6.0,44,23.9%,2.55,0,NA,NA,NA,NA,NA,0.114,NA,112,vs BAL,2,·,8.8,16.4
1,7543,Travis Etienne,RB,26.6,JAX,6.0,6,5,18.6,17.1,15.6,1,1,1,66,40,0,0.0%,0,0,0,0,0,0,0.00,143,0,0,0,0.00,0.00,3,-10,0,1,0,3,23,13,4.3,4.3,16,0,3,156,0,93,143,8.94,60.6%,4,5.80,0.250,3,0.830,4,19,0.211,4.0,NA,9.7%,NA,0,NA,NA,NA,NA,NA,NA,NA,156,vs CAR,16,·,10.7,7.9
1,12517,Colston Loveland,TE,21.4,CHI,37.0,40,44,3.2,2.2,1.2,1,1,0,67,38,0,0.0%,0,0,0,0,0,0,0.00,0,0,0,0,0.00,0.00,2,5,0,0,0,2,7,12,6.0,6.0,0,0,0,12,0,NA,0,0,56.7%,NA,NA,NA,0,NA,0,2,0.000,0.0,18,5.7%,0.67,0,NA,NA,NA,NA,NA,0.000,NA,12,vs MIN,14,OUT,8.7,-5.5
1,4217,George Kittle,TE,31.9,SF,11.0,8,6,12.5,10.5,8.5,1,1,1,76,21,0,0.0%,0,0,0,0,0,0,0.00,0,0,0,0,0.00,0.00,4,22,0,2,1,4,3,25,6.3,6.3,0,0,0,25,0,NA,0,0,27.6%,NA,NA,NA,0,NA,3,4,0.750,3.0,11,11.4%,2.27,0,NA,NA,NA,NA,NA,0.182,NA,25,@ SEA,15,IR,14.1,-1.6
1,7591,Justin Fields,QB,26.5,NYJ,2.0,2,2,29.52,29.52,29.52,1,1,1,64,64,0,72.7%,142,22,16,8,6,0,119.10,266,1,1,218,9.91,13.63,0,0,0,0,0,0,0,0,0.0,0.0,12,2,3,48,2,NA,48,4,100.0%,NA,NA,NA,5,NA,14,34,NA,NA,NA,NA,NA,9,40.9%,3.53,4.5%,50.0%,7.8,NA,26,266,vs PIT,9,·,21.5,8.0
1,5927,Terry McLaurin,WR,30.0,WAS,72.0,75,73,4.7,3.7,2.7,1,1,1,70,55,0,0.0%,0,0,0,0,0,0,0.00,0,0,0,0,0.00,0.00,2,26,0,1,0,4,1,27,13.5,6.8,0,0,0,27,0,NA,0,0,78.6%,NA,NA,NA,0,NA,1,4,0.250,1.0,29,13.3%,0.93,0,NA,NA,NA,NA,NA,0.034,NA,27,vs NYG,3,OUT,15.1,-10.4
1,8144,Chris Olave,WR,25.2,NO,27.0,33,44,12.4,8.9,5.4,1,1,1,75,64,0,0.0%,0,0,0,0,0,0,0.00,0,0,0,0,0.00,0.00,7,38,0,2,0,13,16,54,7.7,4.2,0,0,0,54,0,NA,0,0,85.3%,NA,NA,NA,0,NA,2,13,0.154,2.0,40,28.3%,1.35,0,NA,NA,NA,NA,NA,0.050,NA,54,vs ARI,14,·,13.5,-1.1
1,5045,Courtland Sutton,WR,29.9,DEN,13.0,11,12,18.1,15.1,12.1,1,1,1,76,72,0,0.0%,0,0,0,0,0,0,0.00,0,0,0,0,0.00,0.00,6,53,0,3,1,9,8,61,10.2,6.8,0,0,0,61,0,NA,0,0,94.7%,NA,NA,NA,0,NA,4,9,0.444,4.0,41,22.5%,1.49,0,NA,NA,NA,NA,NA,0.073,NA,61,vs TEN,9,·,13.9,4.2
1,12533,Jacory Croskey-Merritt,RB,24.4,WAS,17.0,11,9,14.2,14.2,14.2,1,1,0,70,23,0,0.0%,0,0,0,0,0,0,0.00,82,0,0,0,0.00,0.00,0,0,0,0,0,1,0,0,0.0,0.0,10,0,3,82,1,44,82,8.2,32.9%,2,4.40,0.200,4,0.640,4,11,0.364,4.0,NA,3.3%,NA,0,NA,NA,NA,NA,NA,NA,NA,82,vs NYG,6,·,9.7,4.5
1,4983,D.J. Moore,WR,28.4,CHI,46.0,46,40,8.6,7.1,5.6,1,1,1,67,56,1,0.0%,0,0,0,0,0,0,0.00,8,0,0,0,0.00,0.00,3,46,0,2,0,5,22,68,22.7,13.6,3,0,1,76,0,NA,8,2.67,83.6%,NA,NA,NA,1,NA,3,8,0.375,3.0,32,14.3%,2.13,0,NA,NA,NA,NA,NA,0.063,NA,76,vs MIN,32,·,13.3,-4.7
1,7526,Jaylen Waddle,WR,26.8,MIA,54.0,57,65,7,5,3,1,1,1,48,31,0,0.0%,0,0,0,0,0,0,0.00,0,0,0,0,0.00,0.00,4,17,1,1,0,5,13,30,7.5,6.0,0,0,0,30,0,NA,0,0,64.6%,NA,NA,NA,0,NA,1,5,0.200,1.0,20,16.1%,1.50,0,NA,NA,NA,NA,NA,0.050,NA,30,@ IND,5,·,13.8,-6.8
1,9228,Bryce Young,QB,24.1,CAR,25.0,25,25,10.16,10.16,10.16,1,1,1,64,64,1,51.4%,94,35,18,7,17,2,49.00,194,1,1,154,4.40,8.56,0,0,0,0,0,0,0,0,0.0,0.0,5,0,2,40,0,NA,40,8,100.0%,NA,NA,NA,2,NA,10,40,NA,NA,NA,NA,NA,8,22.9%,2.66,8.6%,40.0%,8.5,NA,40,194,@ JAX,26,·,17.7,-7.5
1,2216,Mike Evans,WR,32.1,TB,38.0,41,46,10.1,7.6,5.1,1,1,1,58,48,0,0.0%,0,0,0,0,0,0,0.00,0,0,0,0,0.00,0.00,5,47,0,4,0,8,4,51,10.2,6.4,0,0,0,51,0,NA,0,0,82.8%,NA,NA,NA,0,NA,4,8,0.500,4.0,29,25.0%,1.76,0,NA,NA,NA,NA,NA,0.138,NA,51,@ ATL,30,OUT,15.3,-5.2
1,4035,Alvin Kamara,RB,30.1,NO,21.0,18,17,13.7,12.7,11.7,1,1,1,75,59,0,0.0%,0,0,0,0,0,0,0.00,45,0,0,0,0.00,0.00,2,-3,0,1,0,2,15,12,6.0,6.0,11,0,2,57,1,41,45,4.09,78.7%,4,3.70,0.364,3,0.734,4,13,0.308,4.0,NA,4.3%,NA,0,NA,NA,NA,NA,NA,NA,NA,57,vs ARI,12,·,17.1,-3.4
1,9753,Zach Charbonnet,RB,24.7,SEA,26.0,24,19,10.7,10.7,10.7,1,1,0,52,30,0,0.0%,0,0,0,0,0,0,0.00,47,0,0,0,0.00,0.00,0,0,0,0,0,0,0,0,0.0,0.0,12,0,3,47,1,32,47,3.92,57.7%,3,2.70,0.250,4,0.520,4,12,0.333,4.0,NA,0.0%,NA,0,NA,NA,NA,NA,NA,NA,NA,47,vs SF,14,·,11.0,-0.3
1,12506,Harold Fannin,TE,21.2,CLE,6.0,9,14,13.6,10.1,6.6,1,1,1,76,55,0,0.0%,0,0,0,0,0,0,0.00,3,0,0,0,0.00,0.00,7,35,1,3,0,9,28,63,9.0,7.0,1,1,0,66,0,NA,3,3,72.4%,NA,NA,NA,0,NA,3,10,0.300,3.0,30,20.0%,2.10,0,NA,NA,NA,NA,NA,0.100,NA,66,vs CIN,1,·,5.7,7.9
1,7588,Javonte Williams,RB,25.4,DAL,5.0,3,2,20.4,19.4,18.4,1,1,1,61,47,0,0.0%,0,0,0,0,0,0,0.00,54,0,0,0,0.00,0.00,2,4,0,0,0,3,6,10,5.0,3.3,15,0,3,64,2,47,54,3.6,77.0%,1,3.10,0.067,5,0.377,5,18,0.278,5.0,NA,8.8%,NA,0,NA,NA,NA,NA,NA,NA,NA,64,@ PHI,8,·,11.9,8.5
1,6783,Jerry Jeudy,WR,26.4,CLE,32.0,32,33,11.6,9.1,6.6,1,1,1,76,67,0,0.0%,0,0,0,0,0,0,0.00,0,0,0,0,0.00,0.00,5,56,2,4,0,8,10,66,13.2,8.3,0,0,0,66,0,NA,0,0,88.2%,NA,NA,NA,0,NA,4,8,0.500,4.0,45,17.8%,1.47,0,NA,NA,NA,NA,NA,0.089,NA,66,vs CIN,11,·,14.5,-2.9
1,5947,Jakobi Meyers,WR,28.8,LV,15.0,17,23,17.7,13.7,9.7,1,1,1,63,59,0,0.0%,0,0,0,0,0,0,0.00,0,0,0,0,0.00,0.00,8,56,1,5,0,10,41,97,12.1,9.7,0,0,0,97,0,NA,0,0,93.7%,NA,NA,NA,0,NA,5,10,0.500,5.0,35,29.4%,2.77,0,NA,NA,NA,NA,NA,0.143,NA,97,@ NE,7,·,13.7,4.0
1,6819,Michael Pittman,WR,28.0,IND,8.0,8,7,20,17,14,1,1,1,73,60,0,0.0%,0,0,0,0,0,0,0.00,0,0,0,0,0.00,0.00,6,54,0,3,1,8,26,80,13.3,10.0,0,0,0,80,0,NA,0,0,82.2%,NA,NA,NA,0,NA,4,8,0.500,4.0,26,27.6%,3.08,0,NA,NA,NA,NA,NA,0.115,NA,80,vs MIA,21,·,11.2,8.8
1,2133,Davante Adams,WR,32.7,LAR,41.0,45,45,9.1,7.1,5.1,1,1,1,60,54,0,0.0%,0,0,0,0,0,0,0.00,0,0,0,0,0.00,0.00,4,43,1,4,0,8,8,51,12.8,6.4,0,0,0,51,0,NA,0,0,90.0%,NA,NA,NA,0,NA,4,8,0.500,4.0,29,27.6%,1.76,0,NA,NA,NA,NA,NA,0.138,NA,51,vs HOU,26,·,13.5,-4.4
1,5870,Daniel Jones,QB,28.3,IND,3.0,3,3,29.48,29.48,29.48,1,1,1,73,73,0,75.9%,160,29,22,13,7,0,115.90,298,1,1,272,9.38,12.36,0,0,0,0,0,0,0,0,0.0,0.0,7,0,2,26,2,NA,26,3.71,100.0%,NA,NA,NA,4,NA,18,36,NA,NA,NA,NA,NA,14,48.3%,2.52,3.4%,24.2%,6.8,NA,33,298,vs MIA,3,·,15.6,13.9
1,5844,T.J. Hockenson,TE,28.2,MIN,31.0,33,41,4.5,3,1.5,1,1,1,56,45,0,0.0%,0,0,0,0,0,0,0.00,0,0,0,0,0.00,0.00,3,11,0,0,0,4,4,15,5.0,3.8,0,0,0,15,0,NA,0,0,80.4%,NA,NA,NA,0,NA,0,4,0.000,0.0,18,20.0%,0.83,0,NA,NA,NA,NA,NA,0.000,NA,15,@ CHI,21,·,10.5,-6.0
1,7553,Kyle Pitts,TE,24.9,ATL,7.0,12,18,12.9,9.4,5.9,1,1,1,76,59,0,0.0%,0,0,0,0,0,0,0.00,0,0,0,0,0.00,0.00,7,21,0,5,0,8,38,59,8.4,7.4,0,0,0,59,0,NA,0,0,77.6%,NA,NA,NA,0,NA,5,8,0.625,5.0,35,19.0%,1.69,0,NA,NA,NA,NA,NA,0.143,NA,59,vs TB,8,·,8.8,4.1
1,11589,Trey Benson,RB,23.2,ARI,29.0,27,25,8.5,8,7.5,1,1,0,66,22,0,0.0%,0,0,0,0,0,0,0.00,69,0,0,0,0.00,0.00,1,-2,0,0,0,1,8,6,6.0,6.0,8,0,1,75,0,37,69,8.63,33.3%,4,4.60,0.500,1,0.960,1,9,0.111,1.0,NA,3.4%,NA,0,NA,NA,NA,NA,NA,NA,NA,75,@ NO,11,IR,6.3,2.2
1,8408,Jordan Mason,RB,26.3,MIN,30.0,29,26,8.5,8,7.5,1,1,0,56,30,0,0.0%,0,0,0,0,0,0,0.00,68,0,0,0,0.00,0.00,1,-5,0,0,0,1,12,7,7.0,7.0,15,0,3,75,0,38,68,4.53,53.6%,4,2.50,0.267,3,0.517,3,16,0.188,3.0,NA,5.0%,NA,0,NA,NA,NA,NA,NA,NA,NA,75,@ CHI,7,·,10.0,-1.5
1,12490,Bhayshul Tuten,RB,22.6,JAX,68.0,64,58,1.1,1.1,1.1,1,1,0,66,4,0,0.0%,0,0,0,0,0,0,0.00,11,0,0,0,0.00,0.00,0,0,0,0,0,0,0,0,0.0,0.0,3,0,1,11,0,14,11,3.67,6.1%,0,4.70,0.000,1,0.470,1,3,0.333,1.0,NA,0.0%,NA,0,NA,NA,NA,NA,NA,NA,NA,11,vs CAR,16,·,5.7,-4.6
1,12504,Kaleb Johnson,RB,22.1,PIT,82.0,81,81,-0.2,-0.2,-0.2,1,1,0,56,2,1,0.0%,0,0,0,0,0,0,0.00,-2,0,0,0,0.00,0.00,0,0,0,0,0,0,0,0,0.0,0.0,1,1,0,-2,0,NA,-2,-2,3.6%,NA,NA,NA,0,NA,0,1,0.000,0.0,NA,NA,NA,0,NA,NA,NA,NA,NA,NA,NA,-2,@ NYJ,9,·,7.7,-7.9
1,12481,Cam Skattebo,RB,23.6,NYG,49.0,56,64,2.9,1.9,0.9,1,1,0,68,8,0,0.0%,0,0,0,0,0,0,0.00,-3,0,0,0,0.00,0.00,2,1,0,0,0,2,11,12,6.0,6.0,2,0,0,9,0,1,-3,-1.5,11.8%,1,0.30,0.500,0,0.530,0,4,0.000,0.0,NA,5.4%,NA,0,NA,NA,NA,NA,NA,NA,NA,9,@ WAS,21,·,5.1,-2.2
1,5872,Deebo Samuel,WR,29.7,WAS,6.0,5,5,22.6,19.1,15.6,1,1,0,70,54,0,0.0%,0,0,0,0,0,0,0.00,19,0,0,0,0.00,0.00,7,38,1,3,0,10,39,77,11.0,7.7,1,1,0,96,1,NA,19,19,77.1%,NA,NA,NA,1,NA,4,11,0.364,4.0,28,33.3%,2.75,0,NA,NA,NA,NA,NA,0.107,NA,96,vs NYG,3,·,12.8,9.8
1,8228,Jaylen Warren,RB,26.9,PIT,20.0,17,16,13.9,12.9,11.9,1,1,1,56,25,0,0.0%,0,0,0,0,0,0,0.00,37,0,0,0,0.00,0.00,2,3,0,1,1,2,19,22,11.0,11.0,11,2,1,59,0,37,37,3.36,44.6%,4,3.40,0.364,1,0.704,3,13,0.231,3.0,NA,6.7%,NA,0,NA,NA,NA,NA,NA,NA,NA,59,@ NYJ,9,OUT,13.8,0.1
1,6790,D'Andre Swift,RB,26.7,CHI,27.0,28,30,9.5,8,6.5,1,1,1,67,54,0,0.0%,0,0,0,0,0,0,0.00,53,0,0,0,0.00,0.00,3,-5,1,1,0,5,17,12,4.0,2.4,17,1,2,65,0,43,53,3.12,80.6%,2,2.50,0.118,2,0.368,3,22,0.136,3.0,NA,14.3%,NA,0,NA,NA,NA,NA,NA,NA,NA,65,vs MIN,15,·,12.2,-2.7
1,4943,Sam Darnold,QB,28.3,SEA,31.0,31,31,5.4,5.4,5.4,1,1,1,52,52,1,69.6%,103,23,16,6,7,0,87.20,164,1,0,150,6.52,9.38,0,0,0,0,0,0,0,0,0.0,0.0,2,0,1,14,0,NA,14,7,100.0%,NA,NA,NA,1,NA,7,25,NA,NA,NA,NA,NA,6,26.1%,2.59,8.7%,32.0%,8.3,NA,25,164,vs SF,10,·,19.4,-14.0
1,4137,James Conner,RB,30.4,ARI,16.0,20,21,14.4,12.4,10.4,1,1,1,66,43,0,0.0%,0,0,0,0,0,0,0.00,39,0,0,0,0.00,0.00,4,-15,0,1,1,4,20,5,1.3,1.3,12,0,1,44,0,40,39,3.25,65.2%,6,3.30,0.500,1,0.830,3,16,0.188,3.0,NA,13.8%,NA,0,NA,NA,NA,NA,NA,NA,NA,44,@ NO,11,IR,14.8,-0.4
1,12519,Luther Burden,WR,21.8,CHI,116.0,118,116,0.7,0.2,-0.3,1,1,0,67,18,0,0.0%,0,0,0,0,0,0,0.00,0,0,0,0,0.00,0.00,1,-5,0,0,0,1,2,-3,-3.0,-3.0,0,0,0,-3,0,NA,0,0,26.9%,NA,NA,NA,0,NA,0,1,0.000,0.0,8,2.9%,-0.38,0,NA,NA,NA,NA,NA,0.000,NA,-3,vs MIN,32,·,2.6,-1.9
1,12469,Dylan Sampson,RB,21.0,CLE,9.0,16,24,17.3,13.3,9.3,1,1,1,76,33,0,0.0%,0,0,0,0,0,0,0.00,29,0,0,0,0.00,0.00,8,-25,0,2,0,8,89,64,8.0,8.0,12,2,2,93,0,47,29,2.42,43.4%,7,3.90,0.583,2,0.973,4,20,0.200,4.0,NA,17.8%,NA,0,NA,NA,NA,NA,NA,NA,NA,93,vs CIN,1,·,9.8,7.5
1,9500,Josh Downs,WR,24.1,IND,89.0,89,92,3.2,2.2,1.2,1,1,0,73,36,0,0.0%,0,0,0,0,0,0,0.00,0,0,0,0,0.00,0.00,2,9,0,1,0,3,3,12,6.0,4.0,0,0,0,12,0,NA,0,0,49.3%,NA,NA,NA,0,NA,1,3,0.333,1.0,14,10.3%,0.86,0,NA,NA,NA,NA,NA,0.071,NA,12,vs MIA,21,·,10.9,-7.7
1,5892,David Montgomery,RB,28.3,DET,31.0,36,37,8.3,6.3,4.3,1,1,0,67,25,0,0.0%,0,0,0,0,0,0,0.00,25,0,0,0,0.00,0.00,4,4,0,1,0,4,14,18,4.5,4.5,11,0,1,43,0,32,25,2.27,37.3%,2,2.90,0.182,1,0.472,2,15,0.133,2.0,NA,10.3%,NA,0,NA,NA,NA,NA,NA,NA,NA,43,@ GB,31,·,12.7,-4.4
1,12484,Jayden Higgins,WR,22.8,HOU,66.0,64,63,5.2,4.2,3.2,1,1,1,63,27,0,0.0%,0,0,0,0,0,0,0.00,0,0,0,0,0.00,0.00,2,30,0,1,0,3,2,32,16.0,10.7,0,0,0,32,0,NA,0,0,42.9%,NA,NA,NA,0,NA,1,3,0.333,1.0,11,11.1%,2.91,0,NA,NA,NA,NA,NA,0.091,NA,32,@ LAR,12,·,8.3,-3.1
1,5967,Tony Pollard,RB,28.4,TEN,34.0,31,29,7.9,7.4,6.9,1,1,1,57,51,1,0.0%,0,0,0,0,0,0,0.00,60,0,0,0,0.00,0.00,1,-1,0,1,0,1,30,29,29.0,29.0,18,2,2,89,0,56,60,3.33,89.5%,6,3.10,0.333,2,0.643,3,19,0.158,3.0,NA,3.6%,NA,0,NA,NA,NA,NA,NA,NA,NA,89,@ DEN,19,·,14.0,-6.1
1,6803,Brandon Aiyuk,WR,27.5,SF,999.0,999,999,0,0,0,1,0,0,0,0,0,0.0%,0,0,0,0,0,0,0.00,0,0,0,0,0.00,0.00,0,0,0,0,0,0,0,0,0.0,0.0,0,0,0,0,0,NA,0,0,NA,NA,NA,NA,0,NA,0,0,NA,NA,NA,NA,NA,0,NA,NA,NA,NA,NA,NA,NA,0,@ SEA,17,PUP,PUP,PUP
1,3321,Tyreek Hill,WR,31.5,MIA,53.0,53,53,8,6,4,1,1,1,48,30,0,0.0%,0,0,0,0,0,0,0.00,0,0,0,0,0.00,0.00,4,35,0,3,0,6,5,40,10.0,6.7,0,0,0,40,0,NA,0,0,62.5%,NA,NA,NA,0,NA,3,6,0.500,3.0,21,19.4%,1.90,0,NA,NA,NA,NA,NA,0.143,NA,40,@ IND,5,IR,15.8,-7.8
1,8134,Khalil Shakir,WR,25.6,BUF,26.0,30,34,12.4,9.4,6.4,1,1,0,85,60,0,0.0%,0,0,0,0,0,0,0.00,0,0,0,0,0.00,0.00,6,42,0,3,0,9,22,64,10.7,7.1,0,0,0,64,0,NA,0,0,70.6%,NA,NA,NA,0,NA,3,9,0.333,3.0,41,19.6%,1.56,0,NA,NA,NA,NA,NA,0.073,NA,64,vs BAL,2,·,10.6,1.8
1,9754,Quentin Johnston,WR,24.0,LAC,3.0,2,2,24.9,22.4,19.9,1,1,1,65,53,0,0.0%,0,0,0,0,0,0,0.00,0,0,0,0,0.00,0.00,5,40,0,1,2,7,39,79,15.8,11.3,0,0,0,79,0,NA,0,0,81.5%,NA,NA,NA,0,NA,3,7,0.429,3.0,32,20.6%,2.47,0,NA,NA,NA,NA,NA,0.031,NA,79,vs KC,31,·,5.9,19.0
1,12499,Elic Ayomanor,WR,22.3,TEN,88.0,88,90,3.3,2.3,1.3,1,1,1,57,45,0,0.0%,0,0,0,0,0,0,0.00,0,0,0,0,0.00,0.00,2,13,1,1,0,7,0,13,6.5,1.9,0,0,0,13,0,NA,0,0,78.9%,NA,NA,NA,0,NA,1,7,0.143,1.0,28,25.0%,0.46,0,NA,NA,NA,NA,NA,0.036,NA,13,@ DEN,27,·,6.1,-2.8
1,6806,J.K. Dobbins,RB,26.8,DEN,14.0,13,14,14.8,13.8,12.8,1,1,1,76,40,0,0.0%,0,0,0,0,0,0,0.00,63,0,0,0,0.00,0.00,2,-3,0,0,0,2,8,5,2.5,2.5,16,3,1,68,1,59,63,3.94,52.6%,4,3.70,0.250,2,0.620,2,18,0.111,2.0,NA,5.0%,NA,0,NA,NA,NA,NA,NA,NA,NA,68,vs TEN,3,·,11.2,3.6
1,10236,Dalton Kincaid,TE,25.9,BUF,4.0,1,1,14.8,12.8,10.8,1,1,1,85,43,1,0.0%,0,0,0,0,0,0,0.00,0,0,0,0,0.00,0.00,4,40,0,2,1,4,8,48,12.0,12.0,0,0,0,48,0,NA,0,0,50.6%,NA,NA,NA,0,NA,3,4,0.750,3.0,28,8.7%,1.71,0,NA,NA,NA,NA,NA,0.071,NA,48,vs BAL,10,·,7.3,7.5
1,10222,Jayden Reed,WR,25.4,GB,22.0,23,18,13.5,12,10.5,1,1,0,48,18,0,0.0%,0,0,0,0,0,0,0.00,0,0,0,0,0.00,0.00,3,31,0,1,1,5,14,45,15.0,9.0,0,0,0,45,0,NA,0,0,37.5%,NA,NA,NA,0,NA,2,5,0.400,2.0,12,22.7%,3.75,0,NA,NA,NA,NA,NA,0.083,NA,45,vs DET,6,IR,7.2,6.3
1,4981,Calvin Ridley,WR,30.7,TEN,56.0,60,71,6.7,4.7,2.7,1,1,1,57,54,0,0.0%,0,0,0,0,0,0,0.00,0,0,0,0,0.00,0.00,4,15,3,1,0,8,12,27,6.8,3.4,0,0,0,27,0,NA,0,0,94.7%,NA,NA,NA,0,NA,1,8,0.125,1.0,32,28.6%,0.84,0,NA,NA,NA,NA,NA,0.031,NA,27,@ DEN,27,·,12.7,-6.0
1,1373,Geno Smith,QB,34.9,LV,15.0,15,15,18.48,18.48,18.48,1,1,1,63,63,0,70.6%,222,34,24,16,10,1,102.80,372,4,1,362,10.65,15.08,0,0,0,0,0,0,0,0,0.0,0.0,2,0,1,10,0,NA,10,5,100.0%,NA,NA,NA,1,NA,18,36,NA,NA,NA,NA,NA,17,50.0%,2.79,14.7%,41.0%,10.6,NA,39,372,@ NE,12,·,19.0,-0.5
1,7049,Jauan Jennings,WR,28.2,SF,85.0,85,85,3.6,2.6,1.6,1,1,1,76,50,0,0.0%,0,0,0,0,0,0,0.00,0,0,0,0,0.00,0.00,2,0,0,1,0,5,16,16,8.0,3.2,0,0,0,16,0,NA,0,0,65.8%,NA,NA,NA,0,NA,1,5,0.200,1.0,23,14.3%,0.70,0,NA,NA,NA,NA,NA,0.043,NA,16,@ SEA,17,OUT,11.3,-7.7
1,10444,Cedric Tillman,WR,25.4,CLE,18.0,16,14,16.2,13.7,11.2,1,1,1,76,67,0,0.0%,0,0,0,0,0,0,0.00,0,0,0,0,0.00,0.00,5,40,0,2,1,8,12,52,10.4,6.5,0,0,0,52,0,NA,0,0,88.2%,NA,NA,NA,0,NA,3,8,0.375,3.0,45,17.8%,1.16,0,NA,NA,NA,NA,NA,0.044,NA,52,vs CIN,11,IR,9.1,7.1
1,4037,Chris Godwin,WR,29.6,TB,0.0,0,0,0,0,0,0,0,0,0,0,0,0.0%,0,0,0,0,0,0,0.00,0,0,0,0,0.00,0.00,0,0,0,0,0,0,0,0,0.0,0.0,0,0,0,0,0,NA,0,0,NA,NA,NA,NA,0,NA,0,0,NA,NA,NA,NA,NA,0,NA,NA,NA,NA,NA,NA,NA,0,@ ATL,30,OUT,OUT,OUT
1,12535,Isaac TeSlaa,WR,23.6,DET,49.0,39,29,8.3,7.8,7.3,1,1,0,67,3,0,0.0%,0,0,0,0,0,0,0.00,0,0,0,0,0.00,0.00,1,13,0,0,1,1,0,13,13.0,13.0,0,0,0,13,0,NA,0,0,4.5%,NA,NA,NA,0,NA,1,1,1.000,1.0,3,2.6%,4.33,0,NA,NA,NA,NA,NA,0.000,NA,13,@ GB,28,·,3.7,4.6
1,11655,Tyrone Tracy,RB,25.8,NYG,39.0,39,40,5.5,4.5,3.5,1,1,1,68,50,0,0.0%,0,0,0,0,0,0,0.00,24,0,0,0,0.00,0.00,2,2,1,0,0,5,9,11,5.5,2.2,10,0,1,35,0,29,24,2.4,73.5%,1,2.90,0.100,1,0.390,1,15,0.067,1.0,NA,13.5%,NA,0,NA,NA,NA,NA,NA,NA,NA,35,@ WAS,21,OUT,12.3,-6.8
1,6768,Tua Tagovailoa,QB,27.5,MIA,30.0,30,30,7.26,7.26,7.26,1,1,1,48,39,1,60.9%,55,23,14,5,9,2,51.70,121,3,1,114,4.96,8.14,0,0,0,0,0,0,0,0,0.0,0.0,1,0,0,7,0,NA,7,7,81.3%,NA,NA,NA,0,NA,6,24,NA,NA,NA,NA,NA,6,26.1%,2.64,8.7%,25.9%,6.9,NA,27,121,@ IND,22,·,20.1,-12.8
1,8110,Jake Ferguson,TE,26.7,DAL,22.0,24,29,7.3,4.8,2.3,1,1,1,61,47,0,0.0%,0,0,0,0,0,0,0.00,0,0,0,0,0.00,0.00,5,15,0,0,0,6,8,23,4.6,3.8,0,0,0,23,0,NA,0,0,77.0%,NA,NA,NA,0,NA,0,6,0.000,0.0,27,17.6%,0.85,0,NA,NA,NA,NA,NA,0.000,NA,23,@ PHI,29,·,9.0,-1.7
1,11576,Braelon Allen,RB,21.6,NYJ,35.0,34,27,6.9,6.9,6.9,1,1,0,64,20,0,0.0%,0,0,0,0,0,0,0.00,9,0,0,0,0.00,0.00,0,0,0,0,0,0,0,0,0.0,0.0,6,0,0,9,1,13,9,1.5,31.3%,0,2.20,0.000,1,0.220,1,6,0.167,1.0,NA,0.0%,NA,0,NA,NA,NA,NA,NA,NA,NA,9,vs PIT,23,IR,5.8,1.1
1,8131,Isaiah Likely,TE,25.4,BAL,0.0,0,0,0,0,0,0,0,0,0,0,0,0.0%,0,0,0,0,0,0,0.00,0,0,0,0,0.00,0.00,0,0,0,0,0,0,0,0,0.0,0.0,0,0,0,0,0,NA,0,0,NA,NA,NA,NA,0,NA,0,0,NA,NA,NA,NA,NA,0,NA,NA,NA,NA,NA,NA,NA,0,@ BUF,30,·,·,·
1,4033,David Njoku,TE,29.2,CLE,24.0,23,23,6.7,5.2,3.7,1,1,1,76,64,0,0.0%,0,0,0,0,0,0,0.00,0,0,0,0,0.00,0.00,3,14,0,1,0,6,23,37,12.3,6.2,0,0,0,37,0,NA,0,0,84.2%,NA,NA,NA,0,NA,1,6,0.167,1.0,36,13.3%,1.03,0,NA,NA,NA,NA,NA,0.028,NA,37,vs CIN,1,·,13.1,-6.4
1,8205,Isiah Pacheco,RB,26.5,KC,41.0,43,43,4.8,3.8,2.8,1,1,1,61,31,0,0.0%,0,0,0,0,0,0,0.00,25,0,0,0,0.00,0.00,2,-7,0,0,0,3,10,3,1.5,1.0,5,1,1,28,0,18,25,5,50.8%,3,3.60,0.600,1,0.960,1,8,0.125,1.0,NA,7.7%,NA,0,NA,NA,NA,NA,NA,NA,NA,28,@ LAC,25,·,12.4,-7.6
1,9480,Brenton Strange,TE,24.7,JAX,17.0,18,19,9.9,7.9,5.9,1,1,1,66,52,0,0.0%,0,0,0,0,0,0,0.00,0,0,0,0,0.00,0.00,4,36,0,3,0,4,23,59,14.8,14.8,0,0,0,59,0,NA,0,0,78.8%,NA,NA,NA,0,NA,3,4,0.750,3.0,19,12.9%,3.11,0,NA,NA,NA,NA,NA,0.158,NA,59,vs CAR,2,OUT,8.0,1.9
1,421,Matthew Stafford,QB,37.6,LAR,20.0,20,20,13.6,13.6,13.6,1,1,1,60,60,1,72.4%,177,29,21,12,8,0,109.10,243,3,1,245,8.45,11.67,0,0,0,0,0,0,0,0,0.0,0.0,4,0,0,-2,0,NA,-2,-0.5,100.0%,NA,NA,NA,0,NA,13,33,NA,NA,NA,NA,NA,13,44.8%,2.42,6.9%,31.3%,7.8,NA,32,243,vs HOU,32,·,18.0,-4.4
1,12541,Dont'e Thornton,WR,22.8,LV,58.0,54,48,6.5,5.5,4.5,1,1,0,63,38,0,0.0%,0,0,0,0,0,0,0.00,0,0,0,0,0.00,0.00,2,45,0,2,0,4,0,45,22.5,11.3,0,0,0,45,0,NA,0,0,60.3%,NA,NA,NA,0,NA,2,4,0.500,2.0,22,11.8%,2.05,0,NA,NA,NA,NA,NA,0.091,NA,45,@ NE,7,·,7.2,-0.7
1,12510,Jalen Milroe,QB,22.8,SEA,34.0,34,34,0.1,0.1,0.1,1,1,0,52,1,0,0.0%,0,0,0,0,0,0,0.00,1,0,0,0,0.00,0.00,0,0,0,0,0,0,0,0,0.0,0.0,1,0,0,1,0,NA,1,1,1.9%,NA,NA,NA,0,NA,0,1,NA,NA,NA,NA,NA,0,NA,0.00,0.0%,0.0%,0.0,NA,0,1,vs SF,10,·,·,·
1,9494,Marvin Mims,WR,23.5,DEN,94.0,112,117,2.2,0.7,-0.8,1,1,0,76,40,1,0.0%,0,0,0,0,0,0,0.00,0,0,0,0,0.00,0.00,3,5,0,1,0,4,7,12,4.0,3.0,0,0,0,12,0,NA,0,0,52.6%,NA,NA,NA,0,NA,1,4,0.250,1.0,27,10.0%,0.44,0,NA,NA,NA,NA,NA,0.037,NA,12,vs TEN,9,·,9.1,-6.9
1,8676,Rashid Shaheed,WR,27.0,NO,40.0,51,62,9.3,6.3,3.3,1,1,1,75,64,0,0.0%,0,0,0,0,0,0,0.00,0,0,0,0,0.00,0.00,6,28,0,2,0,9,5,33,5.5,3.7,0,0,0,33,0,NA,0,0,85.3%,NA,NA,NA,0,NA,2,9,0.222,2.0,42,19.6%,0.79,0,NA,NA,NA,NA,NA,0.048,NA,33,vs ARI,14,·,10.5,-1.2
1,12509,Tre Harris,WR,23.6,LAC,95.0,95,93,2.1,1.6,1.1,1,1,0,65,5,0,0.0%,0,0,0,0,0,0,0.00,0,0,0,0,0.00,0.00,1,5,0,1,0,1,6,11,11.0,11.0,0,0,0,11,0,NA,0,0,7.7%,NA,NA,NA,0,NA,1,1,1.000,1.0,4,2.9%,2.75,0,NA,NA,NA,NA,NA,0.250,NA,11,vs KC,31,·,1.5,0.6
1,12495,Ollie Gordon,RB,21.7,MIA,65.0,70,76,1.3,0.8,0.3,1,1,0,48,12,0,0.0%,0,0,0,0,0,0,0.00,4,0,0,0,0.00,0.00,1,-5,0,0,0,1,4,-1,-1.0,-1.0,2,0,1,3,0,4,4,2,25.0%,1,2.00,0.500,1,0.700,1,3,0.333,1.0,NA,3.2%,NA,0,NA,NA,NA,NA,NA,NA,NA,3,@ IND,24,·,8.9,-7.6
1,4199,Aaron Jones,RB,30.8,MIN,12.0,12,15,15.7,14.2,12.7,1,1,1,56,28,0,0.0%,0,0,0,0,0,0,0.00,23,0,0,0,0.00,0.00,3,21,0,1,1,3,23,44,14.7,14.7,8,1,1,67,0,19,23,2.88,50.0%,2,2.40,0.250,1,0.490,3,11,0.273,3.0,NA,15.0%,NA,0,NA,NA,NA,NA,NA,NA,NA,67,@ CHI,7,IR,13.2,2.5
1,8121,Romeo Doubs,WR,25.4,GB,45.0,40,32,8.8,7.8,6.8,1,1,1,48,34,0,0.0%,0,0,0,0,0,0,0.00,0,0,0,0,0.00,0.00,2,63,0,2,0,4,5,68,34.0,17.0,0,0,0,68,0,NA,0,0,70.8%,NA,NA,NA,0,NA,2,4,0.500,2.0,16,18.2%,4.25,0,NA,NA,NA,NA,NA,0.125,NA,68,vs DET,6,·,7.1,1.7
1,12498,Mason Taylor,TE,21.4,NYJ,38.0,37,33,3,2.5,2,1,1,1,64,56,0,0.0%,0,0,0,0,0,0,0.00,0,0,0,0,0.00,0.00,1,18,0,1,0,1,2,20,20.0,20.0,0,0,0,20,0,NA,0,0,87.5%,NA,NA,NA,0,NA,1,1,1.000,1.0,19,4.5%,1.05,0,NA,NA,NA,NA,NA,0.053,NA,20,vs PIT,16,·,6.0,-3.0
1,8154,Brian Robinson,RB,26.5,SF,43.0,40,39,4.7,4.2,3.7,1,1,0,76,18,0,0.0%,0,0,0,0,0,0,0.00,33,0,0,0,0.00,0.00,1,-5,0,0,0,2,9,4,4.0,2.0,9,0,1,37,0,29,33,3.67,23.7%,3,3.20,0.333,1,0.653,1,11,0.091,1.0,NA,5.7%,NA,0,NA,NA,NA,NA,NA,NA,NA,37,@ SEA,18,·,4.5,0.2
1,11646,Jalen Coker,WR,23.9,CAR,999.0,999,999,0,0,0,1,0,0,0,0,0,0.0%,0,0,0,0,0,0,0.00,0,0,0,0,0.00,0.00,0,0,0,0,0,0,0,0,0.0,0.0,0,0,0,0,0,NA,0,0,NA,NA,NA,NA,0,NA,0,0,NA,NA,NA,NA,NA,0,NA,NA,NA,NA,NA,NA,NA,0,@ JAX,24,IR,IR,IR
1,2449,Stefon Diggs,WR,31.8,NE,31.0,34,39,11.7,8.7,5.7,1,1,1,71,29,0,0.0%,0,0,0,0,0,0,0.00,0,0,0,0,0.00,0.00,6,38,0,3,0,7,19,57,9.5,8.1,0,0,0,57,0,NA,0,0,40.8%,NA,NA,NA,0,NA,3,7,0.429,3.0,34,15.2%,1.68,0,NA,NA,NA,NA,NA,0.088,NA,57,vs LV,4,·,11.7,0.0
1,7090,Darnell Mooney,WR,27.9,ATL,0.0,0,0,0,0,0,0,0,0,0,0,0,0.0%,0,0,0,0,0,0,0.00,0,0,0,0,0.00,0.00,0,0,0,0,0,0,0,0,0.0,0.0,0,0,0,0,0,NA,0,0,NA,NA,NA,NA,0,NA,0,0,NA,NA,NA,NA,NA,0,NA,NA,NA,NA,NA,NA,NA,0,vs TB,16,OUT,OUT,OUT
1,11627,Troy Franklin,WR,22.6,DEN,48.0,49,50,8.4,6.4,4.4,1,1,1,76,45,0,0.0%,0,0,0,0,0,0,0.00,0,0,0,0,0.00,0.00,4,18,0,3,0,6,26,44,11.0,7.3,0,0,0,44,0,NA,0,0,59.2%,NA,NA,NA,0,NA,3,6,0.500,3.0,26,15.0%,1.69,0,NA,NA,NA,NA,NA,0.115,NA,44,vs TEN,9,·,4.7,3.7
1,5012,Mark Andrews,TE,30.0,BAL,50.0,50,50,1.5,1,0.5,1,1,1,51,38,0,0.0%,0,0,0,0,0,0,0.00,0,0,0,0,0.00,0.00,1,4,0,0,0,1,1,5,5.0,5.0,0,0,0,5,0,NA,0,0,74.5%,NA,NA,NA,0,NA,0,1,0.000,0.0,14,5.3%,0.36,0,NA,NA,NA,NA,NA,0.000,NA,5,@ BUF,30,·,10.7,-9.2
1,12547,Kyle Williams,WR,22.8,NE,93.0,94,91,2.2,1.7,1.2,1,1,0,71,7,0,0.0%,0,0,0,0,0,0,0.00,0,0,0,0,0.00,0.00,1,12,0,1,0,1,0,12,12.0,12.0,0,0,0,12,0,NA,0,0,9.9%,NA,NA,NA,0,NA,1,1,1.000,1.0,5,2.2%,2.40,0,NA,NA,NA,NA,NA,0.200,NA,12,vs LV,4,·,2.0,0.2
1,1466,Travis Kelce,TE,36.0,KC,8.0,3,2,12.7,11.7,10.7,1,1,1,61,51,0,0.0%,0,0,0,0,0,0,0.00,0,0,0,0,0.00,0.00,2,23,0,1,1,4,24,47,23.5,11.8,0,0,0,47,0,NA,0,0,83.6%,NA,NA,NA,0,NA,2,4,0.500,2.0,33,10.3%,1.42,0,NA,NA,NA,NA,NA,0.030,NA,47,@ LAC,26,·,11.9,0.8
1,12497,Tory Horton,WR,22.8,SEA,999.0,999,999,0,0,0,1,1,0,52,28,0,0.0%,0,0,0,0,0,0,0.00,0,0,0,0,0.00,0.00,0,0,0,0,0,0,0,0,0.0,0.0,0,0,0,0,0,NA,0,0,53.8%,NA,NA,NA,0,NA,0,0,NA,0.0,NA,NA,NA,0,NA,NA,NA,NA,NA,NA,NA,0,vs SF,18,·,5.6,-5.6
1,9504,Kayshon Boutte,WR,23.4,NE,17.0,18,20,16.3,13.3,10.3,1,1,1,71,58,0,0.0%,0,0,0,0,0,0,0.00,0,0,0,0,0.00,0.00,6,100,0,5,0,8,3,103,17.2,12.9,0,0,0,103,0,NA,0,0,81.7%,NA,NA,NA,0,NA,5,8,0.625,5.0,41,17.4%,2.51,0,NA,NA,NA,NA,NA,0.122,NA,103,vs LV,4,·,5.8,10.5
1,11618,Jalen McMillan,WR,23.8,TB,999.0,999,999,0,0,0,1,0,0,0,0,0,0.0%,0,0,0,0,0,0,0.00,0,0,0,0,0.00,0.00,0,0,0,0,0,0,0,0,0.0,0.0,0,0,0,0,0,NA,0,0,NA,NA,NA,NA,0,NA,0,0,NA,NA,NA,NA,NA,0,NA,NA,NA,NA,NA,NA,NA,0,@ ATL,30,IR,IR,IR
1,8132,Tyler Allgeier,RB,25.4,ATL,57.0,52,49,2.4,2.4,2.4,1,1,1,76,19,0,0.0%,0,0,0,0,0,0,0.00,24,0,0,0,0.00,0.00,0,0,0,0,0,0,0,0,0.0,0.0,10,0,1,24,0,23,24,2.4,25.0%,3,2.30,0.300,1,0.530,1,10,0.100,1.0,NA,0.0%,NA,0,NA,NA,NA,NA,NA,NA,NA,24,vs TB,17,·,5.8,-3.4
1,8126,Wan'Dale Robinson,WR,24.7,NYG,34.0,37,43,11.5,8.5,5.5,1,1,0,68,52,0,0.0%,0,0,0,0,0,0,0.00,0,0,0,0,0.00,0.00,6,21,0,4,0,8,34,55,9.2,6.9,0,0,0,55,0,NA,0,0,76.5%,NA,NA,NA,0,NA,4,8,0.500,4.0,32,21.6%,1.72,0,NA,NA,NA,NA,NA,0.125,NA,55,@ WAS,10,·,8.5,3.0
1,12457,Jaydon Blue,RB,21.7,DAL,0.0,0,0,0,0,0,0,0,0,0,0,0,0.0%,0,0,0,0,0,0,0.00,0,0,0,0,0.00,0.00,0,0,0,0,0,0,0,0,0.0,0.0,0,0,0,0,0,NA,0,0,NA,NA,NA,NA,0,NA,0,0,NA,NA,NA,NA,NA,0,NA,NA,NA,NA,NA,NA,NA,0,@ PHI,8,DNP,DNP,DNP
1,5848,Marquise Brown,WR,28.3,KC,9.0,13,21,19.9,14.9,9.9,1,1,1,61,57,0,0.0%,0,0,0,0,0,0,0.00,0,0,0,0,0.00,0.00,10,60,1,4,0,16,39,99,9.9,6.2,0,0,0,99,0,NA,0,0,93.4%,NA,NA,NA,0,NA,4,16,0.250,4.0,40,41.0%,2.48,0,NA,NA,NA,NA,NA,0.100,NA,99,@ LAC,25,·,8.9,11.0
1,4066,Evan Engram,TE,31.0,DEN,28.0,29,31,5.1,3.6,2.1,1,1,0,76,26,0,0.0%,0,0,0,0,0,0,0.00,0,0,0,0,0.00,0.00,3,5,0,1,0,4,16,21,7.0,5.3,0,0,0,21,0,NA,0,0,34.2%,NA,NA,NA,0,NA,1,4,0.250,1.0,17,10.0%,1.24,0,NA,NA,NA,NA,NA,0.059,NA,21,vs TEN,22,·,10.0,-4.9
1,12521,Elijah Arroyo,TE,22.4,SEA,47.0,47,47,1.7,1.2,0.7,1,1,0,52,16,0,0.0%,0,0,0,0,0,0,0.00,0,0,0,0,0.00,0.00,1,5,0,0,0,1,2,7,7.0,7.0,0,0,0,7,0,NA,0,0,30.8%,NA,NA,NA,0,NA,0,1,0.000,0.0,9,4.3%,0.78,0,NA,NA,NA,NA,NA,0.000,NA,7,vs SF,3,·,3.6,-1.9
1,9508,Tyjae Spears,RB,24.2,TEN,999.0,999,999,0,0,0,1,0,0,0,0,0,0.0%,0,0,0,0,0,0,0.00,0,0,0,0,0.00,0.00,0,0,0,0,0,0,0,0,0.0,0.0,0,0,0,0,0,NA,0,0,NA,NA,NA,NA,0,NA,0,0,NA,NA,NA,NA,NA,0,NA,NA,NA,NA,NA,NA,NA,0,@ DEN,19,DNP,DNP,DNP
1,12536,Jaylin Noel,WR,23.0,HOU,102.0,102,103,1.7,1.2,0.7,1,1,0,63,17,0,0.0%,0,0,0,0,0,0,0.00,0,0,0,0,0.00,0.00,1,-4,0,0,0,2,11,7,7.0,3.5,0,0,0,7,0,NA,0,0,27.0%,NA,NA,NA,0,NA,0,2,0.000,0.0,11,7.4%,0.64,0,NA,NA,NA,NA,NA,0.000,NA,7,@ LAR,12,·,4.1,-2.4
1,7611,Rhamondre Stevenson,RB,27.6,NE,42.0,44,44,4.7,3.7,2.7,1,1,1,71,46,0,0.0%,0,0,0,0,0,0,0.00,15,0,0,0,0.00,0.00,2,-2,0,0,0,3,14,12,6.0,4.0,7,0,1,27,0,14,15,2.14,64.8%,1,2.00,0.143,1,0.343,1,10,0.100,1.0,NA,6.5%,NA,0,NA,NA,NA,NA,NA,NA,NA,27,vs LV,10,·,7.0,-2.3
1,12471,DJ Giddens,RB,22.0,IND,45.0,41,38,4.1,4.1,4.1,1,1,0,73,18,0,0.0%,0,0,0,0,0,0,0.00,41,0,0,0,0.00,0.00,0,0,0,0,0,0,0,0,0.0,0.0,12,0,2,41,0,34,41,3.42,24.7%,1,2.80,0.083,2,0.363,2,12,0.167,2.0,NA,0.0%,NA,0,NA,NA,NA,NA,NA,NA,NA,41,vs MIA,4,·,4.0,0.1
1,1479,Keenan Allen,WR,33.4,LAC,10.0,9,11,19.8,16.3,12.8,1,1,1,65,40,0,0.0%,0,0,0,0,0,0,0.00,0,0,0,0,0.00,0.00,7,48,0,5,1,10,20,68,9.7,6.8,0,0,0,68,0,NA,0,0,61.5%,NA,NA,NA,0,NA,6,10,0.600,6.0,28,29.4%,2.43,0,NA,NA,NA,NA,NA,0.179,NA,68,vs KC,31,·,8.8,11.0
1,6111,Jake Browning,QB,29.4,CIN,999.0,999,999,0,0,0,1,0,0,52,0,0,0.0%,0,0,0,0,0,0,0.00,0,0,0,0,0.00,0.00,0,0,0,0,0,0,0,0,0.0,0.0,0,0,0,0,0,NA,0,0,0.0%,NA,NA,NA,0,NA,0,0,NA,NA,NA,NA,NA,0,NA,NA,NA,NA,NA,NA,NA,0,@ CLE,24,DNP,DNP,DNP
1,7571,Rashod Bateman,WR,25.8,BAL,91.0,92,98,3,2,1,1,1,1,51,37,0,0.0%,0,0,0,0,0,0,0.00,0,0,0,0,0.00,0.00,2,5,0,0,0,4,5,10,5.0,2.5,0,0,0,10,0,NA,0,0,72.5%,NA,NA,NA,0,NA,0,4,0.000,0.0,18,21.1%,0.56,0,NA,NA,NA,NA,NA,0.000,NA,10,@ BUF,20,·,8.5,-5.5
1,12487,Terrance Ferguson,TE,22.5,LAR,999.0,999,999,0,0,0,1,1,0,60,0,0,0.0%,0,0,0,0,0,0,0.00,0,0,0,0,0.00,0.00,0,0,0,0,0,0,0,0,0.0,0.0,0,0,0,0,0,NA,0,0,0.0%,NA,NA,NA,0,NA,0,0,NA,0.0,NA,NA,NA,0,NA,NA,NA,NA,NA,NA,NA,0,vs HOU,28,·,1.8,-1.8
1,12483,Jack Bech,WR,22.7,LV,87.0,81,79,3.3,2.8,2.3,1,1,0,63,4,0,0.0%,0,0,0,0,0,0,0.00,0,0,0,0,0.00,0.00,1,13,0,1,0,1,10,23,23.0,23.0,0,0,0,23,0,NA,0,0,6.3%,NA,NA,NA,0,NA,1,1,1.000,1.0,2,2.9%,11.50,0,NA,NA,NA,NA,NA,0.500,NA,23,@ NE,7,·,2.2,1.1
1,4039,Cooper Kupp,WR,32.2,SEA,86.0,87,87,3.5,2.5,1.5,1,1,1,52,46,0,0.0%,0,0,0,0,0,0,0.00,0,0,0,0,0.00,0.00,2,12,0,0,0,3,3,15,7.5,5.0,0,0,0,15,0,NA,0,0,88.5%,NA,NA,NA,0,NA,0,3,0.000,0.0,22,13.0%,0.68,0,NA,NA,NA,NA,NA,0.000,NA,15,vs SF,18,·,11.7,-8.2
1,12492,Pat Bryant,WR,22.8,DEN,999.0,999,999,0,0,0,1,1,0,76,4,0,0.0%,0,0,0,0,0,0,0.00,0,0,0,0,0.00,0.00,0,0,0,0,0,0,0,0,0.0,0.0,0,0,0,0,0,NA,0,0,5.3%,NA,NA,NA,0,NA,0,0,NA,0.0,NA,NA,NA,0,NA,NA,NA,NA,NA,NA,NA,0,vs TEN,9,·,1.7,-1.7
1,9501,Demario Douglas,WR,24.8,NE,51.0,44,35,8.2,7.2,6.2,1,1,0,71,45,0,0.0%,0,0,0,0,0,0,0.00,4,0,0,0,0.00,0.00,2,-1,1,0,1,7,-1,-2,-1.0,-0.3,1,0,0,2,0,NA,4,4,63.4%,NA,NA,NA,0,NA,1,8,0.125,1.0,38,15.2%,-0.05,0,NA,NA,NA,NA,NA,0.000,NA,2,vs LV,4,·,8.7,-0.5
1,8136,Rachaad White,RB,26.7,TB,54.0,55,55,2.6,2.1,1.6,1,1,0,58,14,0,0.0%,0,0,0,0,0,0,0.00,14,0,0,0,0.00,0.00,1,-3,0,0,0,1,5,2,2.0,2.0,2,0,1,16,0,5,14,7,24.1%,0,2.70,0.000,1,0.270,1,3,0.333,1.0,NA,3.1%,NA,0,NA,NA,NA,NA,NA,NA,NA,16,@ ATL,32,·,6.2,-3.6
1,5022,Dallas Goedert,TE,30.7,PHI,14.0,17,21,11.4,7.9,4.4,1,1,1,63,52,0,0.0%,0,0,0,0,0,0,0.00,0,0,0,0,0.00,0.00,7,34,0,2,0,7,10,44,6.3,6.3,0,0,0,44,0,NA,0,0,82.5%,NA,NA,NA,0,NA,2,7,0.286,2.0,22,30.4%,2.00,0,NA,NA,NA,NA,NA,0.091,NA,44,vs DAL,9,·,10.2,1.2
1,11626,Xavier Legette,WR,24.6,CAR,80.0,86,97,4,2.5,1,1,1,1,64,50,0,0.0%,0,0,0,0,0,0,0.00,0,0,0,0,0.00,0.00,3,13,0,0,0,7,-3,10,3.3,1.4,0,0,0,10,0,NA,0,0,78.1%,NA,NA,NA,0,NA,0,7,0.000,0.0,28,20.0%,0.36,0,NA,NA,NA,NA,NA,0.000,NA,10,@ JAX,24,·,9.2,-5.2
1,12534,Kyle Monangai,RB,23.3,CHI,59.0,58,59,2.1,1.6,1.1,1,1,0,67,9,0,0.0%,0,0,0,0,0,0,0.00,0,0,0,0,0.00,0.00,1,5,0,1,0,1,6,11,11.0,11.0,0,0,0,11,0,0,0,0,13.4%,1,0.00,NA,0,NA,1,1,1.000,1.0,NA,2.9%,NA,0,NA,NA,NA,NA,NA,NA,NA,11,vs MIN,15,·,3.3,-1.2
1,11625,Adonai Mitchell,WR,22.9,IND,79.0,79,80,4.1,3.1,2.1,1,1,0,73,15,0,0.0%,0,0,0,0,0,0,0.00,0,0,0,0,0.00,0.00,2,21,0,1,0,2,0,21,10.5,10.5,0,0,0,21,0,NA,0,0,20.5%,NA,NA,NA,0,NA,1,2,0.500,1.0,5,6.9%,4.20,0,NA,NA,NA,NA,NA,0.200,NA,21,vs MIA,21,·,1.3,2.8
1,11562,Spencer Rattler,QB,25.0,NO,22.0,22,22,11.46,11.46,11.46,1,1,1,75,75,0,58.7%,129,46,27,12,19,0,70.40,243,1,0,214,4.65,7.93,0,0,0,0,0,0,0,0,0.0,0.0,4,0,1,29,0,NA,29,7.25,100.0%,NA,NA,NA,1,NA,13,50,NA,NA,NA,NA,NA,12,26.1%,2.52,6.5%,28.6%,7.1,NA,49,243,vs ARI,25,·,15.2,-3.7
1,12474,Woody Marks,RB,24.7,HOU,77.0,77,75,0.3,0.3,0.3,1,1,0,63,7,0,0.0%,0,0,0,0,0,0,0.00,3,0,0,0,0.00,0.00,0,0,0,0,0,0,0,0,0.0,0.0,3,0,0,3,0,NA,3,1,11.1%,NA,NA,NA,0,NA,0,3,0.000,0.0,NA,NA,NA,0,NA,NA,NA,NA,NA,NA,NA,3,@ LAR,30,·,4.9,-4.6
1,7528,Najee Harris,RB,27.5,LAC,61.0,62,62,2,1.5,1,1,1,0,65,12,0,0.0%,0,0,0,0,0,0,0.00,5,0,0,0,0.00,0.00,1,5,0,0,0,1,0,5,5.0,5.0,1,0,0,10,0,6,5,5,18.5%,0,5.70,0.000,0,0.570,0,2,0.000,0.0,NA,2.9%,NA,0,NA,NA,NA,NA,NA,NA,NA,10,vs KC,22,IR,5.4,-3.4
1,11600,Ja'Tavion Sanders,TE,22.5,CAR,30.0,28,28,4.7,3.7,2.7,1,1,1,64,39,0,0.0%,0,0,0,0,0,0,0.00,0,0,0,0,0.00,0.00,2,22,0,1,0,3,5,27,13.5,9.0,0,0,0,27,0,NA,0,0,60.9%,NA,NA,NA,0,NA,1,3,0.333,1.0,22,8.6%,1.23,0,NA,NA,NA,NA,NA,0.045,NA,27,@ JAX,27,OUT,7.9,-3.2
1,11586,Blake Corum,RB,24.8,LAR,51.0,54,53,2.6,2.1,1.6,1,1,0,60,10,0,0.0%,0,0,0,0,0,0,0.00,2,0,0,0,0.00,0.00,1,-2,0,0,0,1,16,14,14.0,14.0,1,1,0,16,0,6,2,2,16.7%,2,5.60,2.000,0,2.560,0,2,0.000,0.0,NA,3.4%,NA,0,NA,NA,NA,NA,NA,NA,NA,16,vs HOU,20,·,3.8,-1.2
1,9502,Tank Dell,WR,25.9,HOU,999.0,999,999,0,0,0,1,0,0,0,0,0,0.0%,0,0,0,0,0,0,0.00,0,0,0,0,0.00,0.00,0,0,0,0,0,0,0,0,0.0,0.0,0,0,0,0,0,NA,0,0,NA,NA,NA,NA,0,NA,0,0,NA,NA,NA,NA,NA,0,NA,NA,NA,NA,NA,NA,NA,0,@ LAR,12,PUP,PUP,PUP
1,7002,Juwan Johnson,TE,29.0,NO,1.0,4,10,15.6,11.6,7.6,1,1,1,75,74,0,0.0%,0,0,0,0,0,0,0.00,0,0,0,0,0.00,0.00,8,47,0,4,0,11,29,76,9.5,6.9,0,0,0,76,0,NA,0,0,98.7%,NA,NA,NA,0,NA,4,11,0.364,4.0,42,23.9%,1.81,0,NA,NA,NA,NA,NA,0.095,NA,76,vs ARI,12,·,5.9,9.7
1,11575,Ray Davis,RB,25.8,BUF,67.0,72,80,1.1,0.6,0.1,1,1,0,85,10,0,0.0%,0,0,0,0,0,0,0.00,2,0,0,0,0.00,0.00,1,-7,0,0,0,1,6,-1,-1.0,-1.0,1,0,0,1,0,NA,2,2,11.8%,NA,NA,NA,0,NA,0,2,0.000,0.0,NA,NA,NA,0,NA,NA,NA,NA,NA,NA,NA,1,vs BAL,2,·,5.5,-4.4
1,8111,Cade Otton,TE,26.4,TB,999.0,999,999,0,0,0,1,1,1,58,50,0,0.0%,0,0,0,0,0,0,0.00,0,0,0,0,0.00,0.00,0,0,0,0,0,3,0,0,0.0,0.0,0,0,0,0,0,NA,0,0,86.2%,NA,NA,NA,0,NA,0,3,0.000,0.0,NA,NA,NA,0,NA,NA,NA,NA,NA,NA,NA,0,@ ATL,32,·,8.0,-8.0
1,9225,Tank Bigsby,RB,24.0,PHI,66.0,63,57,1.2,1.2,1.2,1,1,0,66,14,0,0.0%,0,0,0,0,0,0,0.00,12,0,0,0,0.00,0.00,0,0,0,0,0,0,0,0,0.0,0.0,5,0,1,12,0,14,12,2.4,21.2%,0,2.70,0.000,1,0.270,1,5,0.200,1.0,NA,0.0%,NA,0,NA,NA,NA,NA,NA,NA,NA,12,vs DAL,5,DNP,DNP,DNP
1,4018,Joe Mixon,RB,29.2,HOU,999.0,999,999,0,0,0,1,0,0,0,0,0,0.0%,0,0,0,0,0,0,0.00,0,0,0,0,0.00,0.00,0,0,0,0,0,0,0,0,0.0,0.0,0,0,0,0,0,NA,0,0,NA,NA,NA,NA,0,NA,0,0,NA,NA,NA,NA,NA,0,NA,NA,NA,NA,NA,NA,NA,0,@ LAR,30,PUP,PUP,PUP
1,9229,Anthony Richardson,QB,23.3,IND,999.0,999,999,0,0,0,1,0,0,73,0,0,0.0%,0,0,0,0,0,0,0.00,0,0,0,0,0.00,0.00,0,0,0,0,0,0,0,0,0.0,0.0,0,0,0,0,0,NA,0,0,0.0%,NA,NA,NA,0,NA,0,0,NA,NA,NA,NA,NA,0,NA,NA,NA,NA,NA,NA,NA,0,vs MIA,3,DNP,DNP,DNP
1,8210,Chigoziem Okonkwo,TE,26.0,TEN,29.0,32,37,4.9,3.4,1.9,1,1,1,57,50,0,0.0%,0,0,0,0,0,0,0.00,0,0,0,0,0.00,0.00,3,-1,1,1,0,4,20,19,6.3,4.8,0,0,0,19,0,NA,0,0,87.7%,NA,NA,NA,0,NA,1,4,0.250,1.0,27,14.3%,0.70,0,NA,NA,NA,NA,NA,0.037,NA,19,@ DEN,24,·,8.7,-3.8
1,11583,Jonathon Brooks,RB,22.2,CAR,999.0,999,999,0,0,0,1,0,0,0,0,0,0.0%,0,0,0,0,0,0,0.00,0,0,0,0,0.00,0.00,0,0,0,0,0,0,0,0,0.0,0.0,0,0,0,0,0,NA,0,0,NA,NA,NA,NA,0,NA,0,0,NA,NA,NA,NA,NA,0,NA,NA,NA,NA,NA,NA,NA,0,@ JAX,29,PUP,PUP,PUP
1,8167,Christian Watson,WR,26.4,GB,999.0,999,999,0,0,0,1,0,0,0,0,0,0.0%,0,0,0,0,0,0,0.00,0,0,0,0,0.00,0.00,0,0,0,0,0,0,0,0,0.0,0.0,0,0,0,0,0,NA,0,0,NA,NA,NA,NA,0,NA,0,0,NA,NA,NA,NA,NA,0,NA,NA,NA,NA,NA,NA,NA,0,vs DET,6,PUP,PUP,PUP
1,12531,Trevor Etienne,RB,21.2,CAR,76.0,76,73,0.4,0.4,0.4,1,1,0,64,2,0,0.0%,0,0,0,0,0,0,0.00,4,0,0,0,0.00,0.00,0,0,0,0,0,0,0,0,0.0,0.0,1,0,0,4,0,NA,4,4,3.1%,NA,NA,NA,0,NA,0,1,0.000,0.0,NA,NA,NA,0,NA,NA,NA,NA,NA,NA,NA,4,@ JAX,29,·,1.9,-1.5
1,96,Aaron Rodgers,QB,41.8,PIT,7.0,7,7,25.66,25.66,25.66,1,1,1,56,56,0,73.3%,71,30,22,10,8,0,136.70,243,4,4,244,8.13,11.09,0,0,0,0,0,0,0,0,0.0,0.0,1,0,0,-1,0,NA,-1,-1,100.0%,NA,NA,NA,0,NA,14,31,NA,NA,NA,NA,NA,14,46.7%,2.43,0.0%,26.5%,4.3,NA,34,243,@ NYJ,6,·,17.8,7.9
1,4988,Nick Chubb,RB,29.7,HOU,38.0,37,33,6,6,6,1,1,1,63,32,0,0.0%,0,0,0,0,0,0,0.00,60,0,0,0,0.00,0.00,0,0,0,0,0,1,0,0,0.0,0.0,13,0,4,60,0,47,60,4.62,50.8%,7,3.60,0.538,4,0.898,4,14,0.286,4.0,NA,3.7%,NA,0,NA,NA,NA,NA,NA,NA,NA,60,@ LAR,30,·,11.0,-5.0
1,4144,Jonnu Smith,TE,30.1,PIT,10.0,11,11,12.5,10,7.5,1,1,0,56,37,0,0.0%,0,0,0,0,0,0,0.00,0,0,0,0,0.00,0.00,5,-14,0,1,1,6,29,15,3.0,2.5,0,0,0,15,0,NA,0,0,66.1%,NA,NA,NA,0,NA,2,6,0.333,2.0,18,20.0%,0.83,0,NA,NA,NA,NA,NA,0.056,NA,15,@ NYJ,7,·,6.2,6.3
1,9486,Dontayvion Wicks,WR,24.2,GB,68.0,70,67,5,4,3,1,1,0,48,22,0,0.0%,0,0,0,0,0,0,0.00,0,0,0,0,0.00,0.00,2,27,0,2,0,2,3,30,15.0,15.0,0,0,0,30,0,NA,0,0,45.8%,NA,NA,NA,0,NA,2,2,1.000,2.0,9,9.1%,3.33,0,NA,NA,NA,NA,NA,0.222,NA,30,vs DET,6,·,2.4,2.6
1,12505,Jalen Royals,WR,22.6,KC,0.0,0,0,0,0,0,0,0,0,0,0,0,0.0%,0,0,0,0,0,0,0.00,0,0,0,0,0.00,0.00,0,0,0,0,0,0,0,0,0.0,0.0,0,0,0,0,0,NA,0,0,NA,NA,NA,NA,0,NA,0,0,NA,NA,NA,NA,NA,0,NA,NA,NA,NA,NA,NA,NA,0,@ LAC,25,DNP,DNP,DNP
1,7527,Mac Jones,QB,27.0,SF,999.0,999,999,0,0,0,1,0,0,76,0,0,0.0%,0,0,0,0,0,0,0.00,0,0,0,0,0.00,0.00,0,0,0,0,0,0,0,0,0.0,0.0,0,0,0,0,0,NA,0,0,0.0%,NA,NA,NA,0,NA,0,0,NA,NA,NA,NA,NA,0,NA,NA,NA,NA,NA,NA,NA,0,@ SEA,21,DNP,DNP,DNP
1,1339,Zach Ertz,TE,34.8,WAS,13.0,10,4,11.6,10.1,8.6,1,1,1,70,45,0,0.0%,0,0,0,0,0,0,0.00,0,0,0,0,0.00,0.00,3,20,0,1,1,5,6,26,8.7,5.2,0,0,0,26,0,NA,0,0,64.3%,NA,NA,NA,0,NA,2,5,0.400,2.0,27,16.7%,0.96,0,NA,NA,NA,NA,NA,0.037,NA,26,vs NYG,23,·,7.9,3.7
1,8125,Calvin Austin III,WR,26.5,PIT,16.0,12,10,17,15,13,1,1,1,56,45,0,0.0%,0,0,0,0,0,0,0.00,0,0,0,0,0.00,0.00,4,48,0,2,1,6,22,70,17.5,11.7,0,0,0,70,0,NA,0,0,80.4%,NA,NA,NA,0,NA,3,6,0.500,3.0,29,20.0%,2.41,0,NA,NA,NA,NA,NA,0.069,NA,70,@ NYJ,13,Q,6.6,10.4
1,7600,Pat Freiermuth,TE,26.9,PIT,27.0,26,27,5.8,4.3,2.8,1,1,0,56,28,0,0.0%,0,0,0,0,0,0,0.00,0,0,0,0,0.00,0.00,3,20,0,2,0,3,8,28,9.3,9.3,0,0,0,28,0,NA,0,0,50.0%,NA,NA,NA,0,NA,2,3,0.667,2.0,17,10.0%,1.65,0,NA,NA,NA,NA,NA,0.118,NA,28,@ NYJ,7,·,8.1,-2.3
1,8142,Alec Pierce,WR,25.4,IND,77.0,68,56,4.6,4.1,3.6,1,1,1,73,58,0,0.0%,0,0,0,0,0,0,0.00,0,0,0,0,0.00,0.00,1,36,0,1,0,3,0,36,36.0,12.0,0,0,0,36,0,NA,0,0,79.5%,NA,NA,NA,0,NA,1,3,0.333,1.0,24,10.3%,1.50,0,NA,NA,NA,NA,NA,0.042,NA,36,vs MIA,21,OUT,7.0,-2.4
1,9482,Michael Mayer,TE,24.2,LV,20.0,22,22,7.8,5.8,3.8,1,1,1,63,40,0,0.0%,0,0,0,0,0,0,0.00,0,0,0,0,0.00,0.00,4,14,0,3,0,4,24,38,9.5,9.5,0,0,0,38,0,NA,0,0,63.5%,NA,NA,NA,0,NA,3,4,0.750,3.0,17,11.8%,2.24,0,NA,NA,NA,NA,NA,0.176,NA,38,@ NE,5,OUT,3.5,4.3
1,9511,Keaton Mitchell,RB,23.7,BAL,0.0,0,0,0,0,0,0,0,0,0,0,0,0.0%,0,0,0,0,0,0,0.00,0,0,0,0,0.00,0.00,0,0,0,0,0,0,0,0,0.0,0.0,0,0,0,0,0,NA,0,0,NA,NA,NA,NA,0,NA,0,0,NA,NA,NA,NA,NA,0,NA,NA,NA,NA,NA,NA,NA,0,@ BUF,13,DNP,DNP,DNP
1,10213,Tre Tucker,WR,24.5,LV,24.0,22,13,13.4,12.4,11.4,1,1,1,63,57,0,0.0%,0,0,0,0,0,0,0.00,0,0,0,0,0.00,0.00,2,49,0,1,1,3,5,54,27.0,18.0,0,0,0,54,0,NA,0,0,90.5%,NA,NA,NA,0,NA,2,3,0.667,2.0,35,8.8%,1.54,0,NA,NA,NA,NA,NA,0.029,NA,54,@ NE,7,·,5.3,8.1
1,9757,Kendre Miller,RB,23.3,NO,58.0,53,51,2.4,2.4,2.4,1,1,0,75,11,0,0.0%,0,0,0,0,0,0,0.00,24,0,0,0,0.00,0.00,0,0,0,0,0,0,0,0,0.0,0.0,5,1,1,24,0,21,24,4.8,14.7%,4,4.10,0.800,1,1.210,1,5,0.200,1.0,NA,0.0%,NA,0,NA,NA,NA,NA,NA,NA,NA,24,vs ARI,12,·,4.2,-1.8
1,11643,Jaylen Wright,RB,22.5,MIA,0.0,0,0,0,0,0,0,0,0,0,0,0,0.0%,0,0,0,0,0,0,0.00,0,0,0,0,0.00,0.00,0,0,0,0,0,0,0,0,0.0,0.0,0,0,0,0,0,NA,0,0,NA,NA,NA,NA,0,NA,0,0,NA,NA,NA,NA,NA,0,NA,NA,NA,NA,NA,NA,NA,0,@ IND,24,OUT,OUT,OUT
1,1234,Russell Wilson,QB,36.8,NYG,24.0,24,24,11.12,11.12,11.12,1,1,1,68,68,1,45.9%,84,37,17,9,20,0,59.30,212,2,0,168,4.54,9.88,0,0,0,0,0,0,0,0,0.0,0.0,8,0,3,44,0,NA,44,5.5,100.0%,NA,NA,NA,3,NA,12,45,NA,NA,NA,NA,NA,9,24.3%,2.69,2.7%,48.9%,5.7,NA,45,212,@ WAS,8,·,18.0,-6.9
1,12524,Shedeur Sanders,QB,23.6,CLE,0.0,0,0,0,0,0,0,0,0,0,0,0,0.0%,0,0,0,0,0,0,0.00,0,0,0,0,0.00,0.00,0,0,0,0,0,0,0,0,0.0,0.0,0,0,0,0,0,NA,0,0,NA,NA,NA,NA,0,NA,0,0,NA,NA,NA,NA,NA,0,NA,NA,NA,NA,NA,NA,NA,0,vs CIN,7,OUT,OUT,OUT
1,7670,Joshua Palmer,WR,26.0,BUF,35.0,35,36,11.1,8.6,6.1,1,1,1,85,53,0,0.0%,0,0,0,0,0,0,0.00,0,0,0,0,0.00,0.00,5,49,0,3,0,9,12,61,12.2,6.8,0,0,0,61,0,NA,0,0,62.4%,NA,NA,NA,0,NA,3,9,0.333,3.0,35,19.6%,1.74,0,NA,NA,NA,NA,NA,0.086,NA,61,vs BAL,2,·,8.2,2.9
1,4950,Christian Kirk,WR,28.8,HOU,0.0,0,0,0,0,0,0,0,0,0,0,0,0.0%,0,0,0,0,0,0,0.00,0,0,0,0,0.00,0.00,0,0,0,0,0,0,0,0,0.0,0.0,0,0,0,0,0,NA,0,0,NA,NA,NA,NA,0,NA,0,0,NA,NA,NA,NA,NA,0,NA,NA,NA,NA,NA,NA,NA,0,@ LAR,12,DNP,DNP,DNP
1,6826,Cole Kmet,TE,26.5,CHI,32.0,30,24,4.1,3.6,3.1,1,1,1,67,60,0,0.0%,0,0,0,0,0,0,0.00,0,0,0,0,0.00,0.00,1,31,0,1,0,4,0,31,31.0,7.8,0,0,0,31,0,NA,0,0,89.6%,NA,NA,NA,0,NA,1,4,0.250,1.0,24,11.4%,1.29,0,NA,NA,NA,NA,NA,0.042,NA,31,vs MIN,14,·,5.6,-1.5
1,11597,Theo Johnson,TE,24.6,NYG,49.0,49,49,1.5,1,0.5,1,1,1,68,53,0,0.0%,0,0,0,0,0,0,0.00,0,0,0,0,0.00,0.00,1,-1,1,0,0,3,6,5,5.0,1.7,0,0,0,5,0,NA,0,0,77.9%,NA,NA,NA,0,NA,0,3,0.000,0.0,29,8.1%,0.17,0,NA,NA,NA,NA,NA,0.000,NA,5,@ WAS,11,·,6.7,-5.2
1,11596,Ben Sinnott,TE,23.2,WAS,999.0,999,999,0,0,0,1,1,0,70,8,0,0.0%,0,0,0,0,0,0,0.00,0,0,0,0,0.00,0.00,0,0,0,0,0,0,0,0,0.0,0.0,0,0,0,0,0,NA,0,0,11.4%,NA,NA,NA,0,NA,0,0,NA,0.0,NA,NA,NA,0,NA,NA,NA,NA,NA,NA,NA,0,vs NYG,23,·,0.5,-0.5
1,3214,Hunter Henry,TE,30.8,NE,15.0,16,15,10.6,8.6,6.6,1,1,1,71,66,0,0.0%,0,0,0,0,0,0,0.00,0,0,0,0,0.00,0.00,4,47,0,3,0,8,19,66,16.5,8.3,0,0,0,66,0,NA,0,0,93.0%,NA,NA,NA,0,NA,3,8,0.375,3.0,37,17.4%,1.78,0,NA,NA,NA,NA,NA,0.081,NA,66,vs LV,25,·,8.0,2.6
1,11577,Will Shipley,RB,23.0,PHI,50.0,47,45,2.6,2.6,2.6,1,1,0,63,5,0,0.0%,0,0,0,0,0,0,0.00,26,0,0,0,0.00,0.00,0,0,0,0,0,0,0,0,0.0,0.0,3,0,2,26,0,12,26,8.67,7.9%,0,4.00,0.000,2,0.400,2,3,0.667,2.0,NA,0.0%,NA,0,NA,NA,NA,NA,NA,NA,NA,26,vs DAL,5,·,3.7,-1.1
1,11651,Isaac Guerendo,RB,25.2,SF,999.0,999,999,0,0,0,1,1,0,76,0,0,0.0%,0,0,0,0,0,0,0.00,0,0,0,0,0.00,0.00,0,0,0,0,0,0,0,0,0.0,0.0,0,0,0,0,0,NA,0,0,0.0%,NA,NA,NA,0,NA,0,0,NA,0.0,NA,NA,NA,0,NA,NA,NA,NA,NA,NA,NA,0,@ SEA,18,·,1.1,-1.1
1,12543,Tahj Brooks,RB,23.3,CIN,999.0,999,999,0,0,0,1,1,0,52,0,0,0.0%,0,0,0,0,0,0,0.00,0,0,0,0,0.00,0.00,0,0,0,0,0,0,0,0,0.0,0.0,0,0,0,0,0,NA,0,0,0.0%,NA,NA,NA,0,NA,0,0,NA,0.0,NA,NA,NA,0,NA,NA,NA,NA,NA,NA,NA,0,@ CLE,28,·,2.0,-2.0
1,11610,Malik Washington,WR,24.7,MIA,69.0,71,68,4.9,3.9,2.9,1,1,0,48,28,0,0.0%,0,0,0,0,0,0,0.00,9,0,0,0,0.00,0.00,2,-7,0,1,0,5,27,20,10.0,4.0,1,0,0,29,0,NA,9,9,58.3%,NA,NA,NA,0,NA,1,6,0.167,1.0,24,16.1%,0.83,0,NA,NA,NA,NA,NA,0.042,NA,29,@ IND,5,·,6.5,-1.6
1,12486,Dillon Gabriel,QB,24.7,CLE,999.0,999,999,0,0,0,1,0,0,76,0,0,0.0%,0,0,0,0,0,0,0.00,0,0,0,0,0.00,0.00,0,0,0,0,0,0,0,0,0.0,0.0,0,0,0,0,0,NA,0,0,0.0%,NA,NA,NA,0,NA,0,0,NA,NA,NA,NA,NA,0,NA,NA,NA,NA,NA,NA,NA,0,vs CIN,7,DNP,DNP,DNP
1,12545,Tyler Shough,QB,26.0,NO,999.0,999,999,0,0,0,1,0,0,75,0,0,0.0%,0,0,0,0,0,0,0.00,0,0,0,0,0.00,0.00,0,0,0,0,0,0,0,0,0.0,0.0,0,0,0,0,0,NA,0,0,0.0%,NA,NA,NA,0,NA,0,0,NA,NA,NA,NA,NA,0,NA,NA,NA,NA,NA,NA,NA,0,vs ARI,25,DNP,DNP,DNP
1,12455,Brashard Smith,RB,22.4,KC,999.0,999,999,0,0,0,1,1,0,61,8,0,0.0%,0,0,0,0,0,0,0.00,0,0,0,0,0.00,0.00,0,0,0,0,0,0,0,0,0.0,0.0,0,0,0,0,0,NA,0,0,13.1%,NA,NA,NA,0,NA,0,0,NA,0.0,NA,NA,NA,0,NA,NA,NA,NA,NA,NA,NA,0,@ LAC,25,·,2.3,-2.3
1,11569,Jarquez Hunter,RB,22.7,LAR,0.0,0,0,0,0,0,0,0,0,0,0,0,0.0%,0,0,0,0,0,0,0.00,0,0,0,0,0.00,0.00,0,0,0,0,0,0,0,0,0.0,0.0,0,0,0,0,0,NA,0,0,NA,NA,NA,NA,0,NA,0,0,NA,NA,NA,NA,NA,0,NA,NA,NA,NA,NA,NA,NA,0,vs HOU,20,DNP,DNP,DNP
1,12503,Isaiah Bond,WR,21.5,CLE,106.0,106,108,1.5,1,0.5,1,1,0,76,21,0,0.0%,0,0,0,0,0,0,0.00,0,0,0,0,0.00,0.00,1,-4,0,0,0,1,9,5,5.0,5.0,0,0,0,5,0,NA,0,0,27.6%,NA,NA,NA,0,NA,0,1,0.000,0.0,11,2.2%,0.45,0,NA,NA,NA,NA,NA,0.000,NA,5,vs CIN,11,·,1.2,0.3
1,12476,Devin Neal,RB,22.1,NO,70.0,67,63,0.9,0.9,0.9,1,1,0,75,7,0,0.0%,0,0,0,0,0,0,0.00,9,0,0,0,0.00,0.00,0,0,0,0,0,0,0,0,0.0,0.0,2,0,0,9,0,NA,9,4.5,9.3%,NA,NA,NA,0,NA,0,2,0.000,0.0,NA,NA,NA,0,NA,NA,NA,NA,NA,NA,NA,9,vs ARI,12,OUT,2.9,-2.0
1,12670,KeAndre Lambert-Smith,WR,23.9,LAC,999.0,999,999,0,0,0,1,1,0,65,14,0,0.0%,0,0,0,0,0,0,0.00,0,0,0,0,0.00,0.00,0,0,0,0,0,1,0,0,0.0,0.0,0,0,0,0,0,NA,0,0,21.5%,NA,NA,NA,0,NA,0,1,0.000,0.0,NA,NA,NA,0,NA,NA,NA,NA,NA,NA,NA,0,vs KC,31,·,1.8,-1.8
1,8143,Jerome Ford,RB,26.0,CLE,63.0,66,71,1.5,1,0.5,1,1,0,76,41,0,0.0%,0,0,0,0,0,0,0.00,8,0,0,0,0.00,0.00,1,-5,0,0,0,1,2,-3,-3.0,-3.0,6,1,0,5,0,34,8,1.33,53.9%,2,5.60,0.333,0,0.893,0,7,0.000,0.0,NA,2.2%,NA,0,NA,NA,NA,NA,NA,NA,NA,5,vs CIN,1,·,12.7,-11.2
1,9506,Sean Tucker,RB,23.9,TB,80.0,80,79,0.2,0.2,0.2,1,1,0,58,2,0,0.0%,0,0,0,0,0,0,0.00,2,0,0,0,0.00,0.00,0,0,0,0,0,0,0,0,0.0,0.0,1,0,0,2,0,NA,2,2,3.4%,NA,NA,NA,0,NA,0,1,0.000,0.0,NA,NA,NA,0,NA,NA,NA,NA,NA,NA,NA,2,@ ATL,32,·,3.2,-3.0
1,8188,Tyquan Thornton,WR,25.1,KC,61.0,56,52,6.1,5.1,4.1,1,1,0,61,44,0,0.0%,0,0,0,0,0,0,0.00,0,0,0,0,0.00,0.00,2,36,0,1,0,4,5,41,20.5,10.3,0,0,0,41,0,NA,0,0,72.1%,NA,NA,NA,0,NA,1,4,0.250,1.0,31,10.3%,1.32,0,NA,NA,NA,NA,NA,0.032,NA,41,@ LAC,25,·,3.6,2.5
1,7587,Dyami Brown,WR,25.9,JAX,44.0,43,38,8.8,7.3,5.8,1,1,1,66,47,0,0.0%,0,0,0,0,0,0,0.00,6,0,0,0,0.00,0.00,3,47,1,3,0,4,5,52,17.3,13.0,2,0,1,58,0,NA,6,3,71.2%,NA,NA,NA,1,NA,4,6,0.667,4.0,25,12.9%,2.08,0,NA,NA,NA,NA,NA,0.120,NA,58,vs CAR,29,·,6.3,2.5
1,11630,Roman Wilson,WR,24.2,PIT,999.0,999,999,0,0,0,1,1,1,56,10,0,0.0%,0,0,0,0,0,0,0.00,0,0,0,0,0.00,0.00,0,0,0,0,0,0,0,0,0.0,0.0,0,0,0,0,0,NA,0,0,17.9%,NA,NA,NA,0,NA,0,0,NA,0.0,NA,NA,NA,0,NA,NA,NA,NA,NA,NA,NA,0,@ NYJ,13,·,5.7,-5.7
1,12641,Jaylin Lane,WR,23.4,WAS,96.0,96,94,2.1,1.6,1.1,1,1,0,70,21,0,0.0%,0,0,0,0,0,0,0.00,0,0,0,0,0.00,0.00,1,4,0,1,0,2,7,11,11.0,5.5,0,0,0,11,0,NA,0,0,30.0%,NA,NA,NA,0,NA,1,2,0.500,1.0,10,6.7%,1.10,0,NA,NA,NA,NA,NA,0.100,NA,11,vs NYG,3,·,2.7,-0.6
1,10232,Michael Wilson,WR,25.6,ARI,105.0,105,106,1.5,1,0.5,1,1,0,66,44,0,0.0%,0,0,0,0,0,0,0.00,0,0,0,0,0.00,0.00,1,3,0,1,0,4,2,5,5.0,1.3,0,0,0,5,0,NA,0,0,66.7%,NA,NA,NA,0,NA,1,4,0.250,1.0,26,13.8%,0.19,0,NA,NA,NA,NA,NA,0.038,NA,5,@ NO,19,·,7.1,-5.6
1,8180,Jalen Nailor,WR,26.5,MIN,82.0,78,69,3.8,3.3,2.8,1,1,1,56,49,0,0.0%,0,0,0,0,0,0,0.00,0,0,0,0,0.00,0.00,1,19,0,1,0,3,9,28,28.0,9.3,0,0,0,28,0,NA,0,0,87.5%,NA,NA,NA,0,NA,1,3,0.333,1.0,22,15.0%,1.27,0,NA,NA,NA,NA,NA,0.045,NA,28,@ CHI,23,·,5.3,-1.5
1,5001,Dalton Schultz,TE,29.2,HOU,26.0,25,26,5.8,4.3,2.8,1,1,1,63,34,0,0.0%,0,0,0,0,0,0,0.00,0,0,0,0,0.00,0.00,3,17,0,2,0,5,11,28,9.3,5.6,0,0,0,28,0,NA,0,0,54.0%,NA,NA,NA,0,NA,2,5,0.400,2.0,18,18.5%,1.56,0,NA,NA,NA,NA,NA,0.111,NA,28,@ LAR,13,·,7.0,-1.2
1,12544,LeQuint Allen,RB,21.1,JAX,60.0,59,60,2.1,1.6,1.1,1,1,0,66,9,0,0.0%,0,0,0,0,0,0,0.00,7,0,0,0,0.00,0.00,1,-4,0,0,0,1,8,4,4.0,4.0,1,0,1,11,0,4,7,7,13.6%,0,4.30,0.000,1,0.430,1,2,0.500,1.0,NA,3.2%,NA,0,NA,NA,NA,NA,NA,NA,NA,11,vs CAR,16,DNP,DNP,DNP
1,7021,Rico Dowdle,RB,27.2,CAR,47.0,48,54,3.6,2.6,1.6,1,1,0,64,22,0,0.0%,0,0,0,0,0,0,0.00,12,0,0,0,0.00,0.00,2,-4,0,0,0,3,8,4,2.0,1.3,3,0,0,16,0,3,12,4,34.4%,0,0.90,0.000,0,0.090,0,6,0.000,0.0,NA,8.6%,NA,0,NA,NA,NA,NA,NA,NA,NA,16,@ JAX,29,·,6.8,-3.2
1,12467,Jordan James,RB,21.5,SF,0.0,0,0,0,0,0,0,0,0,0,0,0,0.0%,0,0,0,0,0,0,0.00,0,0,0,0,0.00,0.00,0,0,0,0,0,0,0,0,0.0,0.0,0,0,0,0,0,NA,0,0,NA,NA,NA,NA,0,NA,0,0,NA,NA,NA,NA,NA,0,NA,NA,NA,NA,NA,NA,NA,0,@ SEA,18,OUT,OUT,OUT
1,12493,Oronde Gadsden,TE,22.2,LAC,0.0,0,0,0,0,0,0,0,0,0,0,0,0.0%,0,0,0,0,0,0,0.00,0,0,0,0,0.00,0.00,0,0,0,0,0,0,0,0,0.0,0.0,0,0,0,0,0,NA,0,0,NA,NA,NA,NA,0,NA,0,0,NA,NA,NA,NA,NA,0,NA,NA,NA,NA,NA,NA,NA,0,vs KC,31,DNP,DNP,DNP
1,7567,Kenneth Gainwell,RB,26.5,PIT,37.0,38,41,6.3,4.8,3.3,1,1,0,56,30,1,0.0%,0,0,0,0,0,0,0.00,19,0,0,0,0.00,0.00,3,-10,0,0,0,4,14,4,1.3,1.0,7,1,1,23,0,15,19,2.71,53.6%,0,2.20,0.000,1,0.220,1,11,0.091,1.0,NA,13.3%,NA,0,NA,NA,NA,NA,NA,NA,NA,23,@ NYJ,9,·,4.6,1.7
1,19,Joe Flacco,QB,40.7,CLE,19.0,19,19,14.2,14.2,14.2,1,1,1,76,76,0,68.9%,117,45,31,12,14,2,75.20,296,2,1,290,6.44,9.35,0,0,0,0,0,0,0,0,0.0,0.0,2,0,1,6,0,NA,6,3,100.0%,NA,NA,NA,1,NA,14,47,NA,NA,NA,NA,NA,13,28.9%,2.80,2.2%,35.4%,5.2,NA,48,296,vs CIN,7,·,19.5,-5.3
1,10235,Roschon Johnson,RB,24.6,CHI,0.0,0,0,0,0,0,0,0,0,0,0,0,0.0%,0,0,0,0,0,0,0.00,0,0,0,0,0.00,0.00,0,0,0,0,0,0,0,0,0.0,0.0,0,0,0,0,0,NA,0,0,NA,NA,NA,NA,0,NA,0,0,NA,NA,NA,NA,NA,0,NA,NA,NA,NA,NA,NA,NA,0,vs MIN,15,OUT,OUT,OUT
1,1426,DeAndre Hopkins,WR,33.3,BAL,33.0,24,24,11.5,10.5,9.5,1,1,0,51,18,0,0.0%,0,0,0,0,0,0,0.00,0,0,0,0,0.00,0.00,2,33,0,0,1,2,2,35,17.5,17.5,0,0,0,35,0,NA,0,0,35.3%,NA,NA,NA,0,NA,1,2,0.500,1.0,11,10.5%,3.18,0,NA,NA,NA,NA,NA,0.000,NA,35,@ BUF,20,·,5.5,6.0
1,11581,MarShawn Lloyd,RB,24.7,GB,999.0,999,999,0,0,0,1,0,0,0,0,0,0.0%,0,0,0,0,0,0,0.00,0,0,0,0,0.00,0.00,0,0,0,0,0,0,0,0,0.0,0.0,0,0,0,0,0,NA,0,0,NA,NA,NA,NA,0,NA,0,0,NA,NA,NA,NA,NA,0,NA,NA,NA,NA,NA,NA,NA,0,vs DET,26,IR,IR,IR
1,11557,Joe Milton,QB,25.5,DAL,999.0,999,999,0,0,0,1,0,0,61,0,0,0.0%,0,0,0,0,0,0,0.00,0,0,0,0,0.00,0.00,0,0,0,0,0,0,0,0,0.0,0.0,0,0,0,0,0,NA,0,0,0.0%,NA,NA,NA,0,NA,0,0,NA,NA,NA,NA,NA,0,NA,NA,NA,NA,NA,NA,NA,0,@ PHI,16,DNP,DNP,DNP
1,8119,Jahan Dotson,WR,25.5,PHI,43.0,42,37,8.9,7.4,5.9,1,1,1,63,29,0,0.0%,0,0,0,0,0,0,0.00,0,0,0,0,0.00,0.00,3,48,0,1,0,3,11,59,19.7,19.7,0,0,0,59,0,NA,0,0,46.0%,NA,NA,NA,0,NA,1,3,0.333,1.0,15,13.0%,3.93,0,NA,NA,NA,NA,NA,0.067,NA,59,vs DAL,1,·,3.0,5.9
1,10219,Chris Rodriguez,RB,25.0,WAS,0.0,0,0,0,0,0,0,0,0,0,0,0,0.0%,0,0,0,0,0,0,0.00,0,0,0,0,0.00,0.00,0,0,0,0,0,0,0,0,0.0,0.0,0,0,0,0,0,NA,0,0,NA,NA,NA,NA,0,NA,0,0,NA,NA,NA,NA,NA,0,NA,NA,NA,NA,NA,NA,NA,0,vs NYG,6,DNP,DNP,DNP
1,9481,Luke Musgrave,TE,25.0,GB,54.0,54,54,1.4,0.9,0.4,1,1,1,48,17,0,0.0%,0,0,0,0,0,0,0.00,0,0,0,0,0.00,0.00,1,1,0,0,0,1,3,4,4.0,4.0,0,0,0,4,0,NA,0,0,35.4%,NA,NA,NA,0,NA,0,1,0.000,0.0,2,4.5%,2.00,0,NA,NA,NA,NA,NA,0.000,NA,4,vs DET,18,·,3.1,-1.7
1,12511,Will Howard,QB,24.0,PIT,999.0,999,999,0,0,0,1,0,0,0,0,0,0.0%,0,0,0,0,0,0,0.00,0,0,0,0,0.00,0.00,0,0,0,0,0,0,0,0,0.0,0.0,0,0,0,0,0,NA,0,0,NA,NA,NA,NA,0,NA,0,0,NA,NA,NA,NA,NA,0,NA,NA,NA,NA,NA,NA,NA,0,@ NYJ,6,IR,IR,IR
1,12482,Savion Williams,WR,23.8,GB,112.0,113,114,1.1,0.6,0.1,1,1,0,48,3,0,0.0%,0,0,0,0,0,0,0.00,0,0,0,0,0.00,0.00,1,-3,0,0,0,1,4,1,1.0,1.0,0,0,0,1,0,NA,0,0,6.3%,NA,NA,NA,0,NA,0,1,0.000,0.0,1,4.5%,1.00,0,NA,NA,NA,NA,NA,0.000,NA,1,vs DET,6,·,1.0,0.1
1,10226,Andrei Iosivas,WR,25.9,CIN,999.0,999,999,0,0,0,1,1,0,52,34,0,0.0%,0,0,0,0,0,0,0.00,0,0,0,0,0.00,0.00,0,0,0,0,0,0,0,0,0.0,0.0,0,0,0,0,0,NA,0,0,65.4%,NA,NA,NA,0,NA,0,0,NA,0.0,17,0.0%,0.00,0,NA,NA,NA,NA,NA,0.000,NA,0,@ CLE,8,·,5.1,-5.1
1,11603,AJ Barner,TE,23.4,SEA,57.0,57,57,1.2,0.7,0.2,1,1,1,52,44,0,0.0%,0,0,0,0,0,0,0.00,2,0,0,0,0.00,0.00,1,0,0,0,0,2,0,0,0.0,0.0,1,0,1,2,0,NA,2,2,84.6%,NA,NA,NA,1,NA,1,3,0.333,1.0,16,8.7%,0.00,0,NA,NA,NA,NA,NA,0.000,NA,2,vs SF,3,·,5.9,-4.7
1,12523,Jimmy Horn,WR,23.0,CAR,0.0,0,0,0,0,0,0,0,0,0,0,0,0.0%,0,0,0,0,0,0,0.00,0,0,0,0,0.00,0.00,0,0,0,0,0,0,0,0,0.0,0.0,0,0,0,0,0,NA,0,0,NA,NA,NA,NA,0,NA,0,0,NA,NA,NA,NA,NA,0,NA,NA,NA,NA,NA,NA,NA,0,@ JAX,24,DNP,DNP,DNP
1,5857,Noah Fant,TE,27.8,CIN,9.0,7,5,12.6,10.6,8.6,1,1,1,52,26,0,0.0%,0,0,0,0,0,0,0.00,0,0,0,0,0.00,0.00,4,6,1,1,1,5,20,26,6.5,5.2,0,0,0,26,0,NA,0,0,50.0%,NA,NA,NA,0,NA,2,5,0.400,2.0,12,21.7%,2.17,0,NA,NA,NA,NA,NA,0.083,NA,26,@ CLE,19,·,3.3,9.3
1,1689,Adam Thielen,WR,35.1,MIN,98.0,91,81,2,2,2,1,1,0,56,32,0,0.0%,0,0,0,0,0,0,0.00,0,0,0,0,0.00,0.00,0,0,0,0,0,1,0,0,0.0,0.0,0,0,0,0,0,NA,0,0,57.1%,NA,NA,NA,0,NA,0,1,0.000,0.0,16,5.0%,0.00,0,NA,NA,NA,NA,NA,0.000,NA,0,@ CHI,23,·,9.4,-7.4
1,12502,Gunnar Helm,TE,23.0,TEN,41.0,41,39,2.6,2.1,1.6,1,1,1,57,23,0,0.0%,0,0,0,0,0,0,0.00,0,0,0,0,0.00,0.00,1,16,0,1,0,2,0,16,16.0,8.0,0,0,0,16,0,NA,0,0,40.4%,NA,NA,NA,0,NA,1,2,0.500,1.0,6,7.1%,2.67,0,NA,NA,NA,NA,NA,0.167,NA,16,@ DEN,24,·,3.0,-0.4
1,7828,Noah Gray,TE,26.4,KC,56.0,56,56,1.3,0.8,0.3,1,1,0,61,25,0,0.0%,0,0,0,0,0,0,0.00,0,0,0,0,0.00,0.00,1,3,0,0,0,1,0,3,3.0,3.0,0,0,0,3,0,NA,0,0,41.0%,NA,NA,NA,0,NA,0,1,0.000,0.0,13,2.6%,0.23,0,NA,NA,NA,NA,NA,0.000,NA,3,@ LAC,26,·,3.9,-2.6
1,9487,Parker Washington,WR,23.5,JAX,999.0,999,999,0,0,0,1,1,0,66,17,0,0.0%,0,0,0,0,0,0,0.00,0,0,0,0,0.00,0.00,0,0,0,0,0,0,0,0,0.0,0.0,0,0,0,0,0,NA,0,0,25.8%,NA,NA,NA,0,NA,0,0,NA,0.0,6,0.0%,0.00,0,NA,NA,NA,NA,NA,0.000,NA,0,vs CAR,29,·,3.7,-3.7
1,5995,Justice Hill,RB,27.8,BAL,81.0,82,82,-0.1,-0.6,-1.1,1,1,0,51,23,1,0.0%,0,0,0,0,0,0,0.00,-14,0,0,0,0.00,0.00,1,-1,0,1,0,2,4,3,3.0,1.5,2,0,0,-11,0,NA,-14,-7,45.1%,NA,NA,NA,0,NA,1,4,0.250,1.0,NA,NA,NA,0,NA,NA,NA,NA,NA,NA,NA,-11,@ BUF,13,·,5.2,-5.3
1,4098,Kareem Hunt,RB,30.1,KC,44.0,45,46,4.6,3.6,2.6,1,1,0,61,23,0,0.0%,0,0,0,0,0,0,0.00,16,0,0,0,0.00,0.00,2,-2,0,1,0,3,12,10,5.0,3.3,5,0,2,26,0,14,16,3.2,37.7%,1,2.70,0.200,2,0.470,3,8,0.375,3.0,NA,7.7%,NA,0,NA,NA,NA,NA,NA,NA,NA,26,@ LAC,25,·,6.3,-1.7
1,11571,Isaiah Davis,RB,23.6,NYJ,62.0,57,52,1.8,1.8,1.8,1,1,0,64,8,0,0.0%,0,0,0,0,0,0,0.00,18,0,0,0,0.00,0.00,0,0,0,0,0,0,0,0,0.0,0.0,2,1,0,18,0,9,18,9,12.5%,2,4.50,1.000,0,1.450,0,2,0.000,0.0,NA,0.0%,NA,0,NA,NA,NA,NA,NA,NA,NA,18,vs PIT,23,·,1.1,0.7
1,12542,Efton Chism,WR,23.9,NE,0.0,0,0,0,0,0,0,0,0,0,0,0,0.0%,0,0,0,0,0,0,0.00,0,0,0,0,0.00,0.00,0,0,0,0,0,0,0,0,0.0,0.0,0,0,0,0,0,NA,0,0,NA,NA,NA,NA,0,NA,0,0,NA,NA,NA,NA,NA,0,NA,NA,NA,NA,NA,NA,NA,0,vs LV,4,OUT,OUT,OUT
1,11623,Jordan Whittington,WR,25.0,LAR,117.0,114,107,0.5,0.5,0.5,1,1,0,60,30,0,0.0%,0,0,0,0,0,0,0.00,5,0,0,0,0.00,0.00,0,0,0,0,0,0,0,0,0.0,0.0,1,0,0,5,0,NA,5,5,50.0%,NA,NA,NA,0,NA,0,1,0.000,0.0,10,0.0%,0.00,0,NA,NA,NA,NA,NA,0.000,NA,5,vs HOU,26,·,4.1,-3.6
1,5906,Dawson Knox,TE,28.8,BUF,33.0,34,35,4,3,2,1,1,1,85,48,0,0.0%,0,0,0,0,0,0,0.00,0,0,0,0,0.00,0.00,2,3,0,1,0,2,17,20,10.0,10.0,0,0,0,20,0,NA,0,0,56.5%,NA,NA,NA,0,NA,1,2,0.500,1.0,17,4.3%,1.18,0,NA,NA,NA,NA,NA,0.059,NA,20,vs BAL,10,·,2.7,1.3
1,8129,Dameon Pierce,RB,25.6,HOU,74.0,74,70,0.5,0.5,0.5,1,1,0,63,7,0,0.0%,0,0,0,0,0,0,0.00,5,0,0,0,0.00,0.00,0,0,1,0,0,1,0,0,0.0,0.0,3,0,0,5,0,NA,5,1.67,11.1%,NA,NA,NA,0,NA,0,4,0.000,0.0,NA,NA,NA,0,NA,NA,NA,NA,NA,NA,NA,5,@ LAR,30,·,4.7,-4.2
1,7596,Elijah Moore,WR,25.5,BUF,97.0,97,96,2.1,1.6,1.1,1,1,0,85,12,0,0.0%,0,0,0,0,0,0,0.00,8,0,0,0,0.00,0.00,1,3,0,0,0,1,0,3,3.0,3.0,1,0,1,11,0,NA,8,8,14.1%,NA,NA,NA,1,NA,1,2,0.500,1.0,7,2.2%,0.43,0,NA,NA,NA,NA,NA,0.000,NA,11,vs BAL,2,OUT,1.5,0.6
1,4993,Mike Gesicki,TE,30.0,CIN,42.0,43,42,2.4,1.9,1.4,1,1,0,52,16,0,0.0%,0,0,0,0,0,0,0.00,0,0,0,0,0.00,0.00,1,14,0,1,0,3,0,14,14.0,4.7,0,0,0,14,0,NA,0,0,30.8%,NA,NA,NA,0,NA,1,3,0.333,1.0,8,13.0%,1.75,0,NA,NA,NA,NA,NA,0.125,NA,14,@ CLE,19,·,7.4,-5.0
1,10218,Xavier Hutchinson,WR,25.3,HOU,64.0,62,57,5.5,4.5,3.5,1,1,0,63,43,0,0.0%,0,0,0,0,0,0,0.00,5,0,0,0,0.00,0.00,2,29,0,1,0,2,1,30,15.0,15.0,1,0,1,35,0,NA,5,5,68.3%,NA,NA,NA,1,NA,2,3,0.667,2.0,21,7.4%,1.43,0,NA,NA,NA,NA,NA,0.048,NA,35,@ LAR,12,·,3.9,1.6
1,12540,Chimere Dike,WR,23.8,TEN,114.0,107,99,0.9,0.9,0.9,1,1,0,57,10,0,0.0%,0,0,0,0,0,0,0.00,9,0,0,0,0.00,0.00,0,0,0,0,0,1,0,0,0.0,0.0,1,1,0,9,0,NA,9,9,17.5%,NA,NA,NA,0,NA,0,2,0.000,0.0,5,3.6%,0.00,0,NA,NA,NA,NA,NA,0.000,NA,9,@ DEN,27,·,1.8,-0.9
1,11650,Luke McCaffrey,WR,24.4,WAS,999.0,999,999,0,0,0,1,1,0,70,5,0,0.0%,0,0,0,0,0,0,0.00,0,0,0,0,0.00,0.00,0,0,0,0,0,0,0,0,0.0,0.0,0,0,0,0,0,NA,0,0,7.1%,NA,NA,NA,0,NA,0,0,NA,0.0,NA,NA,NA,0,NA,NA,NA,NA,NA,NA,NA,0,vs NYG,3,·,0.6,-0.6
1,6149,Darius Slayton,WR,28.7,NYG,999.0,999,999,0,0,0,1,1,1,68,66,0,0.0%,0,0,0,0,0,0,0.00,0,0,0,0,0.00,0.00,0,0,0,0,0,1,0,0,0.0,0.0,0,0,0,0,0,NA,0,0,97.1%,NA,NA,NA,0,NA,0,1,0.000,0.0,38,2.7%,0.00,0,NA,NA,NA,NA,NA,0.000,NA,0,@ WAS,10,Q,6.4,-6.4
1,12500,Quinn Ewers,QB,22.3,MIA,0.0,0,0,0,0,0,0,0,0,0,0,0,0.0%,0,0,0,0,0,0,0.00,0,0,0,0,0.00,0.00,0,0,0,0,0,0,0,0,0.0,0.0,0,0,0,0,0,NA,0,0,NA,NA,NA,NA,0,NA,0,0,NA,NA,NA,NA,NA,0,NA,NA,NA,NA,NA,NA,NA,0,@ IND,22,OUT,OUT,OUT
1,12485,Tez Johnson,WR,23.3,TB,999.0,999,999,0,0,0,1,1,0,58,8,0,0.0%,0,0,0,0,0,0,0.00,0,0,0,0,0.00,0.00,0,0,0,0,0,1,0,0,0.0,0.0,0,0,0,0,0,NA,0,0,13.8%,NA,NA,NA,0,NA,0,1,0.000,0.0,NA,NA,NA,0,NA,NA,NA,NA,NA,NA,NA,0,@ ATL,30,·,2.2,-2.2
1,11640,Jermaine Burton,WR,24.2,CIN,0.0,0,0,0,0,0,0,0,0,0,0,0,0.0%,0,0,0,0,0,0,0.00,0,0,0,0,0.00,0.00,0,0,0,0,0,0,0,0,0.0,0.0,0,0,0,0,0,NA,0,0,NA,NA,NA,NA,0,NA,0,0,NA,NA,NA,NA,NA,0,NA,NA,NA,NA,NA,NA,NA,0,@ CLE,8,OUT,OUT,OUT
1,9497,Jalin Hyatt,WR,24.0,NYG,999.0,999,999,0,0,0,1,0,0,68,0,0,0.0%,0,0,0,0,0,0,0.00,0,0,0,0,0.00,0.00,0,0,0,0,0,0,0,0,0.0,0.0,0,0,0,0,0,NA,0,0,0.0%,NA,NA,NA,0,NA,0,0,NA,NA,NA,NA,NA,0,NA,NA,NA,NA,NA,NA,NA,0,@ WAS,10,·,0.8,-0.8
1,8117,Jalen Tolbert,WR,26.6,DAL,113.0,115,999,1,0.5,0,1,1,1,61,27,0,0.0%,0,0,0,0,0,0,0.00,0,0,0,0,0.00,0.00,1,-3,0,0,0,2,3,0,0.0,0.0,0,0,0,0,0,NA,0,0,44.3%,NA,NA,NA,0,NA,0,2,0.000,0.0,17,5.9%,0.00,0,NA,NA,NA,NA,NA,0.000,NA,0,@ PHI,15,·,3.5,-2.5
1,12496,Tai Felton,WR,22.5,MIN,999.0,999,999,0,0,0,1,1,0,56,0,0,0.0%,0,0,0,0,0,0,0.00,0,0,0,0,0.00,0.00,0,0,0,0,0,0,0,0,0.0,0.0,0,0,0,0,0,NA,0,0,0.0%,NA,NA,NA,0,NA,0,0,NA,0.0,NA,NA,NA,0,NA,NA,NA,NA,NA,NA,NA,0,@ CHI,23,·,1.4,-1.4
1,5096,Ray-Ray McCloud,WR,28.9,ATL,52.0,47,47,8.1,6.6,5.1,1,1,0,76,55,0,0.0%,0,0,0,0,0,0,0.00,0,0,0,0,0.00,0.00,3,27,0,3,0,5,24,51,17.0,10.2,0,0,0,51,0,NA,0,0,72.4%,NA,NA,NA,0,NA,3,5,0.600,3.0,34,11.9%,1.50,0,NA,NA,NA,NA,NA,0.088,NA,51,vs TB,16,·,8.3,-0.2
1,7562,Tutu Atwell,WR,25.9,LAR,109.0,109,110,1.4,0.9,0.4,1,1,1,60,25,0,0.0%,0,0,0,0,0,0,0.00,0,0,0,0,0.00,0.00,1,4,0,0,0,1,0,4,4.0,4.0,0,0,0,4,0,NA,0,0,41.7%,NA,NA,NA,0,NA,0,1,0.000,0.0,19,3.4%,0.21,0,NA,NA,NA,NA,NA,0.000,NA,4,vs HOU,26,·,3.5,-2.1
1,6151,Miles Sanders,RB,28.4,DAL,46.0,46,42,4,3.5,3,1,1,0,61,11,1,0.0%,0,0,0,0,0,0,0.00,53,0,0,0,0.00,0.00,1,-5,0,0,0,1,2,-3,-3.0,-3.0,4,0,1,50,0,47,53,13.25,18.0%,2,11.80,0.500,1,1.680,1,5,0.200,1.0,NA,2.9%,NA,0,NA,NA,NA,NA,NA,NA,NA,50,@ PHI,8,OUT,2.5,1.5
1,11834,Devaughn Vele,WR,27.8,NO,92.0,93,89,2.3,1.8,1.3,1,1,0,75,17,0,0.0%,0,0,0,0,0,0,0.00,0,0,0,0,0.00,0.00,1,13,0,1,0,2,0,13,13.0,6.5,0,0,0,13,0,NA,0,0,22.7%,NA,NA,NA,0,NA,1,2,0.500,1.0,8,4.3%,1.63,0,NA,NA,NA,NA,NA,0.125,NA,13,vs ARI,14,·,6.4,-4.1
1,8147,John Metchie,WR,25.2,PHI,999.0,999,999,0,0,0,1,1,0,63,1,0,0.0%,0,0,0,0,0,0,0.00,0,0,0,0,0.00,0.00,0,0,0,0,0,0,0,0,0.0,0.0,0,0,0,0,0,NA,0,0,1.6%,NA,NA,NA,0,NA,0,0,NA,0.0,NA,NA,NA,0,NA,NA,NA,NA,NA,NA,NA,0,vs DAL,1,·,0.5,-0.5
1,3161,Carson Wentz,QB,32.7,MIN,999.0,999,999,0,0,0,1,0,0,56,0,0,0.0%,0,0,0,0,0,0,0.00,0,0,0,0,0.00,0.00,0,0,0,0,0,0,0,0,0.0,0.0,0,0,0,0,0,NA,0,0,0.0%,NA,NA,NA,0,NA,0,0,NA,NA,NA,NA,NA,0,NA,NA,NA,NA,NA,NA,NA,0,@ CHI,15,Q,Q,Q
1,11435,Emanuel Wilson,RB,26.4,GB,75.0,75,72,0.4,0.4,0.4,1,1,0,48,2,0,0.0%,0,0,0,0,0,0,0.00,4,0,0,0,0.00,0.00,0,0,0,0,0,0,0,0,0.0,0.0,1,0,0,4,0,NA,4,4,4.2%,NA,NA,NA,0,NA,0,1,0.000,0.0,NA,NA,NA,0,NA,NA,NA,NA,NA,NA,NA,4,vs DET,26,·,5.1,-4.7
1,5955,Hunter Renfrow,WR,29.7,CAR,90.0,90,95,3.1,2.1,1.1,1,1,0,64,42,0,0.0%,0,0,0,0,0,0,0.00,0,0,0,0,0.00,0.00,2,11,0,2,0,6,0,11,5.5,1.8,0,0,0,11,0,NA,0,0,65.6%,NA,NA,NA,0,NA,2,6,0.333,2.0,29,17.1%,0.38,0,NA,NA,NA,NA,NA,0.069,NA,11,@ JAX,24,·,4.5,-1.4
1,12516,Kalel Mullings,RB,23.0,TEN,999.0,999,999,0,0,0,1,1,0,57,0,0,0.0%,0,0,0,0,0,0,0.00,0,0,0,0,0.00,0.00,0,0,0,0,0,0,0,0,0.0,0.0,0,0,0,0,0,NA,0,0,0.0%,NA,NA,NA,0,NA,0,0,NA,0.0,NA,NA,NA,0,NA,NA,NA,NA,NA,NA,NA,0,@ DEN,19,IR,1.7,-1.7
1,6271,Olamide Zaccheaus,WR,28.2,CHI,50.0,52,51,8.2,6.2,4.2,1,1,1,67,30,0,0.0%,0,0,0,0,0,0,0.00,0,0,0,0,0.00,0.00,4,21,0,2,0,7,21,42,10.5,6.0,0,0,0,42,0,NA,0,0,44.8%,NA,NA,NA,0,NA,2,7,0.286,2.0,22,20.0%,1.91,0,NA,NA,NA,NA,NA,0.091,NA,42,vs MIN,32,·,4.5,3.7
1,4040,JuJu Smith-Schuster,WR,28.8,KC,36.0,38,41,10.5,8,5.5,1,1,1,61,49,0,0.0%,0,0,0,0,0,0,0.00,0,0,0,0,0.00,0.00,5,29,0,1,0,5,26,55,11.0,11.0,0,0,0,55,0,NA,0,0,80.3%,NA,NA,NA,0,NA,1,5,0.200,1.0,30,12.8%,1.83,0,NA,NA,NA,NA,NA,0.033,NA,55,@ LAC,25,·,4.3,6.2
1,12472,Raheim Sanders,RB,23.3,CLE,36.0,35,31,6.3,6.3,6.3,1,1,0,76,3,0,0.0%,0,0,0,0,0,0,0.00,3,0,0,0,0.00,0.00,0,0,0,0,0,0,0,0,0.0,0.0,3,0,1,3,1,16,3,1,3.9%,0,5.20,0.000,2,0.520,2,3,0.667,2.0,NA,0.0%,NA,0,NA,NA,NA,NA,NA,NA,NA,3,vs CIN,1,OUT,0.4,5.9
1,9492,Trey Palmer,WR,24.4,NO,0.0,0,0,0,0,0,0,0,0,0,0,0,0.0%,0,0,0,0,0,0,0.00,0,0,0,0,0.00,0.00,0,0,0,0,0,0,0,0,0.0,0.0,0,0,0,0,0,NA,0,0,NA,NA,NA,NA,0,NA,0,0,NA,NA,NA,NA,NA,0,NA,NA,NA,NA,NA,NA,NA,0,vs ARI,14,IR,IR,IR
1,12462,Damien Martinez,RB,21.6,SEA,999.0,999,999,0,0,0,1,0,0,0,0,0,0.0%,0,0,0,0,0,0,0.00,0,0,0,0,0.00,0.00,0,0,0,0,0,0,0,0,0.0,0.0,0,0,0,0,0,NA,0,0,NA,NA,NA,NA,0,NA,0,0,NA,NA,NA,NA,NA,0,NA,NA,NA,NA,NA,NA,NA,0,vs SF,14,DNP,DNP,DNP
1,11629,Devontez Walker,WR,24.2,BAL,999.0,999,999,0,0,0,1,1,0,51,0,0,0.0%,0,0,0,0,0,0,0.00,0,0,0,0,0.00,0.00,0,0,0,0,0,0,0,0,0.0,0.0,0,0,0,0,0,NA,0,0,0.0%,NA,NA,NA,0,NA,0,0,NA,0.0,NA,NA,NA,0,NA,NA,NA,NA,NA,NA,NA,0,@ BUF,20,·,1.0,-1.0
1,6039,Ty Johnson,RB,28.0,BUF,56.0,51,48,2.4,2.4,2.4,1,1,0,85,28,0,0.0%,0,0,0,0,0,0,0.00,24,0,0,0,0.00,0.00,0,0,1,0,0,2,0,0,0.0,0.0,2,0,1,24,0,8,24,12,32.9%,1,4.00,0.500,1,0.900,1,4,0.250,1.0,NA,4.3%,NA,0,NA,NA,NA,NA,NA,NA,NA,24,vs BAL,2,·,3.9,-1.5
1,11821,Tahj Washington,WR,24.3,MIA,0.0,0,0,0,0,0,0,0,0,0,0,0,0.0%,0,0,0,0,0,0,0.00,0,0,0,0,0.00,0.00,0,0,0,0,0,0,0,0,0.0,0.0,0,0,0,0,0,NA,0,0,NA,NA,NA,NA,0,NA,0,0,NA,NA,NA,NA,NA,0,NA,NA,NA,NA,NA,NA,NA,0,@ IND,5,DNP,DNP,DNP
1,8161,Malik Willis,QB,26.3,GB,999.0,999,999,0,0,0,1,0,0,48,0,0,0.0%,0,0,0,0,0,0,0.00,0,0,0,0,0.00,0.00,0,0,0,0,0,0,0,0,0.0,0.0,0,0,0,0,0,NA,0,0,0.0%,NA,NA,NA,0,NA,0,0,NA,NA,NA,NA,NA,0,NA,NA,NA,NA,NA,NA,NA,0,vs DET,11,DNP,DNP,DNP
1,11616,Jacob Cowing,WR,24.6,SF,999.0,999,999,0,0,0,1,0,0,0,0,0,0.0%,0,0,0,0,0,0,0.00,0,0,0,0,0.00,0.00,0,0,0,0,0,0,0,0,0.0,0.0,0,0,0,0,0,NA,0,0,NA,NA,NA,NA,0,NA,0,0,NA,NA,NA,NA,NA,0,NA,NA,NA,NA,NA,NA,NA,0,@ SEA,17,IR,IR,IR
1,11439,Jaleel McLaughlin,RB,25.0,DEN,0.0,0,0,0,0,0,0,0,0,0,0,0,0.0%,0,0,0,0,0,0,0.00,0,0,0,0,0.00,0.00,0,0,0,0,0,0,0,0,0.0,0.0,0,0,0,0,0,NA,0,0,NA,NA,NA,NA,0,NA,0,0,NA,NA,NA,NA,NA,0,NA,NA,NA,NA,NA,NA,NA,0,vs TEN,3,OUT,OUT,OUT
1,8698,Jake Tonges,TE,26.2,SF,16.0,14,12,10.5,9,7.5,1,1,0,76,30,0,0.0%,0,0,0,0,0,0,0.00,0,0,0,0,0.00,0.00,3,9,0,1,1,3,6,15,5.0,5.0,0,0,0,15,0,NA,0,0,39.5%,NA,NA,NA,0,NA,2,3,0.667,2.0,15,8.6%,1.00,0,NA,NA,NA,NA,NA,0.067,NA,15,@ SEA,15,DNP,DNP,DNP
1,2306,Jameis Winston,QB,31.7,NYG,0.0,0,0,0,0,0,0,0,0,0,0,0,0.0%,0,0,0,0,0,0,0.00,0,0,0,0,0.00,0.00,0,0,0,0,0,0,0,0,0.0,0.0,0,0,0,0,0,NA,0,0,NA,NA,NA,NA,0,NA,0,0,NA,NA,NA,NA,NA,0,NA,NA,NA,NA,NA,NA,NA,0,@ WAS,8,OUT,OUT,OUT
1,12520,Xavier Restrepo,WR,23.4,TEN,999.0,999,999,0,0,0,1,0,0,0,0,0,0.0%,0,0,0,0,0,0,0.00,0,0,0,0,0.00,0.00,0,0,0,0,0,0,0,0,0.0,0.0,0,0,0,0,0,NA,0,0,NA,NA,NA,NA,0,NA,0,0,NA,NA,NA,NA,NA,0,NA,NA,NA,NA,NA,NA,NA,0,@ DEN,27,DNP,DNP,DNP
1,11599,Cade Stover,TE,25.3,HOU,25.0,27,30,6.2,4.2,2.2,1,1,1,63,36,0,0.0%,0,0,0,0,0,0,0.00,0,0,0,0,0.00,0.00,4,9,0,1,0,4,13,22,5.5,5.5,0,0,0,22,0,NA,0,0,57.1%,NA,NA,NA,0,NA,1,4,0.250,1.0,10,14.8%,2.20,0,NA,NA,NA,NA,NA,0.100,NA,22,@ LAR,13,IR,3.7,2.5
1,11619,Ja'Lynn Polk,WR,23.4,NO,999.0,999,999,0,0,0,1,0,0,0,0,0,0.0%,0,0,0,0,0,0,0.00,0,0,0,0,0.00,0.00,0,0,0,0,0,0,0,0,0.0,0.0,0,0,0,0,0,NA,0,0,NA,NA,NA,NA,0,NA,0,0,NA,NA,NA,NA,NA,0,NA,NA,NA,NA,NA,NA,NA,0,vs ARI,14,IR,IR,IR
1,8917,KaVontae Turpin,WR,29.1,DAL,73.0,76,74,4.7,3.7,2.7,1,1,0,61,28,0,0.0%,0,0,0,0,0,0,0.00,9,0,0,0,0.00,0.00,2,7,0,1,0,2,11,18,9.0,9.0,2,0,1,27,0,NA,9,4.5,45.9%,NA,NA,NA,1,NA,2,4,0.500,2.0,17,5.9%,1.06,0,NA,NA,NA,NA,NA,0.059,NA,27,@ PHI,15,OUT,6.4,-1.7
1,9479,Darnell Washington,TE,24.1,PIT,999.0,999,999,0,0,0,1,1,1,56,26,0,0.0%,0,0,0,0,0,0,0.00,0,0,0,0,0.00,0.00,0,0,0,0,0,0,0,0,0.0,0.0,0,0,0,0,0,NA,0,0,46.4%,NA,NA,NA,0,NA,0,0,NA,0.0,NA,NA,NA,0,NA,NA,NA,NA,NA,NA,NA,0,@ NYJ,7,·,0.8,-0.8
1,8207,Tyler Goodson,RB,24.8,IND,0.0,0,0,0,0,0,0,0,0,0,0,0,0.0%,0,0,0,0,0,0,0.00,0,0,0,0,0.00,0.00,0,0,0,0,0,0,0,0,0.0,0.0,0,0,0,0,0,NA,0,0,NA,NA,NA,NA,0,NA,0,0,NA,NA,NA,NA,NA,0,NA,NA,NA,NA,NA,NA,NA,0,vs MIA,4,OUT,OUT,OUT
1,12634,Jordan Watkins,WR,23.6,SF,0.0,0,0,0,0,0,0,0,0,0,0,0,0.0%,0,0,0,0,0,0,0.00,0,0,0,0,0.00,0.00,0,0,0,0,0,0,0,0,0.0,0.0,0,0,0,0,0,NA,0,0,NA,NA,NA,NA,0,NA,0,0,NA,NA,NA,NA,NA,0,NA,NA,NA,NA,NA,NA,NA,0,@ SEA,17,OUT,OUT,OUT
1,3271,Tyler Higbee,TE,32.7,LAR,999.0,999,999,0,0,0,1,1,1,60,35,0,0.0%,0,0,0,0,0,0,0.00,0,0,0,0,0.00,0.00,0,0,0,0,0,0,0,0,0.0,0.0,0,0,0,0,0,NA,0,0,58.3%,NA,NA,NA,0,NA,0,0,NA,0.0,20,0.0%,0.00,0,NA,NA,NA,NA,NA,0.000,NA,0,vs HOU,28,OUT,6.3,-6.3
1,12738,Phil Mafah,RB,22.9,DAL,999.0,999,999,0,0,0,1,0,0,0,0,0,0.0%,0,0,0,0,0,0,0.00,0,0,0,0,0.00,0.00,0,0,0,0,0,0,0,0,0.0,0.0,0,0,0,0,0,NA,0,0,NA,NA,NA,NA,0,NA,0,0,NA,NA,NA,NA,NA,0,NA,NA,NA,NA,NA,NA,NA,0,@ PHI,8,IR,IR,IR
1,4234,Noah Brown,WR,29.7,WAS,70.0,73,70,4.7,3.7,2.7,1,1,1,70,33,0,0.0%,0,0,0,0,0,0,0.00,0,0,0,0,0.00,0.00,2,21,0,1,0,3,6,27,13.5,9.0,0,0,0,27,0,NA,0,0,47.1%,NA,NA,NA,0,NA,1,3,0.333,1.0,19,10.0%,1.42,0,NA,NA,NA,NA,NA,0.053,NA,27,vs NYG,3,OUT,2.9,1.8
1,5010,Will Dissly,TE,29.2,LAC,40.0,39,38,2.8,2.3,1.8,1,1,0,65,37,0,0.0%,0,0,0,0,0,0,0.00,0,0,0,0,0.00,0.00,1,5,0,1,0,1,13,18,18.0,18.0,0,0,0,18,0,NA,0,0,56.9%,NA,NA,NA,0,NA,1,1,1.000,1.0,18,2.9%,1.00,0,NA,NA,NA,NA,NA,0.056,NA,18,vs KC,31,OUT,4.4,-1.6
1,7561,Elijah Mitchell,RB,27.4,KC,0.0,0,0,0,0,0,0,0,0,0,0,0,0.0%,0,0,0,0,0,0,0.00,0,0,0,0,0.00,0.00,0,0,0,0,0,0,0,0,0.0,0.0,0,0,0,0,0,NA,0,0,NA,NA,NA,NA,0,NA,0,0,NA,NA,NA,NA,NA,0,NA,NA,NA,NA,NA,NA,NA,0,@ LAC,25,OUT,OUT,OUT
1,5133,Tyler Conklin,TE,30.1,LAC,23.0,21,20,7.2,6.2,5.2,1,1,1,65,28,1,0.0%,0,0,0,0,0,0,0.00,2,0,0,0,0.00,0.00,2,28,0,2,0,2,22,50,25.0,25.0,1,0,1,52,0,NA,2,2,43.1%,NA,NA,NA,1,NA,3,3,1.000,3.0,8,5.9%,6.25,0,NA,NA,NA,NA,NA,0.250,NA,52,vs KC,31,·,4.5,2.7
1,11592,Erick All,TE,25.0,CIN,999.0,999,999,0,0,0,1,0,0,0,0,0,0.0%,0,0,0,0,0,0,0.00,0,0,0,0,0.00,0.00,0,0,0,0,0,0,0,0,0.0,0.0,0,0,0,0,0,NA,0,0,NA,NA,NA,NA,0,NA,0,0,NA,NA,NA,NA,NA,0,NA,NA,NA,NA,NA,NA,NA,0,@ CLE,19,PUP,PUP,PUP
1,4082,Curtis Samuel,WR,29.1,BUF,0.0,0,0,0,0,0,0,0,0,0,0,0,0.0%,0,0,0,0,0,0,0.00,0,0,0,0,0.00,0.00,0,0,0,0,0,0,0,0,0.0,0.0,0,0,0,0,0,NA,0,0,NA,NA,NA,NA,0,NA,0,0,NA,NA,NA,NA,NA,0,NA,NA,NA,NA,NA,NA,NA,0,vs BAL,2,DNP,DNP,DNP
1,6945,Antonio Gibson,RB,27.2,NE,78.0,78,77,0.3,0.3,0.3,1,1,0,71,5,0,0.0%,0,0,0,0,0,0,0.00,3,0,0,0,0.00,0.00,0,0,0,0,0,1,0,0,0.0,0.0,1,0,0,3,0,NA,3,3,7.0%,NA,NA,NA,0,NA,0,2,0.000,0.0,NA,NA,NA,0,NA,NA,NA,NA,NA,NA,NA,3,vs LV,10,OUT,3.2,-2.9
1,11579,Audric Estime,RB,22.0,PHI,999.0,999,999,0,0,0,1,0,0,0,0,0,0.0%,0,0,0,0,0,0,0.00,0,0,0,0,0.00,0.00,0,0,0,0,0,0,0,0,0.0,0.0,0,0,0,0,0,NA,0,0,NA,NA,NA,NA,0,NA,0,0,NA,NA,NA,NA,NA,0,NA,NA,NA,NA,NA,NA,NA,0,vs DAL,5,DNP,DNP,DNP
1,6130,Devin Singletary,RB,28.0,NYG,71.0,68,65,0.9,0.9,0.9,1,1,0,68,10,0,0.0%,0,0,0,0,0,0,0.00,9,0,0,0,0.00,0.00,0,0,0,0,0,0,0,0,0.0,0.0,3,0,0,9,0,NA,9,3,14.7%,NA,NA,NA,0,NA,0,3,0.000,0.0,NA,NA,NA,0,NA,NA,NA,NA,NA,NA,NA,9,@ WAS,21,·,4.6,-3.7
1,10871,Luke Schoonmaker,TE,27.0,DAL,999.0,999,999,0,0,0,1,1,0,61,15,0,0.0%,0,0,0,0,0,0,0.00,0,0,0,0,0.00,0.00,0,0,0,0,0,1,0,0,0.0,0.0,0,0,0,0,0,NA,0,0,24.6%,NA,NA,NA,0,NA,0,1,0.000,0.0,NA,NA,NA,0,NA,NA,NA,NA,NA,NA,NA,0,@ PHI,29,·,1.9,-1.9
1,1166,Kirk Cousins,QB,37.1,ATL,999.0,999,999,0,0,0,1,0,0,76,0,0,0.0%,0,0,0,0,0,0,0.00,0,0,0,0,0.00,0.00,0,0,0,0,0,0,0,0,0.0,0.0,0,0,0,0,0,NA,0,0,0.0%,NA,NA,NA,0,NA,0,0,NA,NA,NA,NA,NA,0,NA,NA,NA,NA,NA,NA,NA,0,vs TB,4,·,·,·
1,12539,Arian Smith,WR,23.9,NYJ,999.0,999,999,0,0,0,1,1,0,64,6,0,0.0%,0,0,0,0,0,0,0.00,0,0,0,0,0.00,0.00,0,0,0,0,0,0,0,0,0.0,0.0,0,0,0,0,0,NA,0,0,9.4%,NA,NA,NA,0,NA,0,0,NA,0.0,NA,NA,NA,0,NA,NA,NA,NA,NA,NA,NA,0,vs PIT,22,·,1.8,-1.8
1,5970,Greg Dortch,WR,27.3,ARI,115.0,117,115,0.8,0.3,-0.2,1,1,0,66,10,0,0.0%,0,0,0,0,0,0,0.00,0,0,0,0,0.00,0.00,1,-2,0,0,0,1,0,-2,-2.0,-2.0,0,0,0,-2,0,NA,0,0,15.2%,NA,NA,NA,0,NA,0,1,0.000,0.0,8,3.4%,-0.25,0,NA,NA,NA,NA,NA,0.000,NA,-2,@ NO,19,·,4.0,-3.2
1,7496,Nick Westbrook-Ikhine,WR,28.5,MIA,103.0,103,104,1.7,1.2,0.7,1,1,0,48,21,0,0.0%,0,0,0,0,0,0,0.00,0,0,0,0,0.00,0.00,1,7,0,1,0,2,0,7,7.0,3.5,0,0,0,7,0,NA,0,0,43.8%,NA,NA,NA,0,NA,1,2,0.500,1.0,15,6.5%,0.47,0,NA,NA,NA,NA,NA,0.067,NA,7,@ IND,5,·,5.3,-3.6
1,7694,Tommy Tremble,TE,25.3,CAR,58.0,58,58,1.2,0.7,0.2,1,1,1,64,29,0,0.0%,0,0,0,0,0,0,0.00,0,0,0,0,0.00,0.00,1,0,0,0,0,1,2,2,2.0,2.0,0,0,0,2,0,NA,0,0,45.3%,NA,NA,NA,0,NA,0,1,0.000,0.0,12,2.9%,0.17,0,NA,NA,NA,NA,NA,0.000,NA,2,@ JAX,27,·,2.6,-1.4
1,2374,Tyler Lockett,WR,33.0,TEN,999.0,999,999,0,0,0,1,1,0,57,33,0,0.0%,0,0,0,0,0,0,0.00,0,0,0,0,0.00,0.00,0,0,0,0,0,1,0,0,0.0,0.0,0,0,0,0,0,NA,0,0,57.9%,NA,NA,NA,0,NA,0,1,0.000,0.0,26,3.6%,0.00,0,NA,NA,NA,NA,NA,0.000,NA,0,@ DEN,27,·,7.7,-7.7
1,7538,Zach Wilson,QB,26.1,MIA,33.0,33,33,1.58,1.58,1.58,1,1,0,48,9,0,62.5%,12,8,5,3,3,0,70.80,35,0,0,32,4.00,6.40,0,0,0,0,0,0,0,0,0.0,0.0,1,0,0,3,0,NA,3,3,18.8%,NA,NA,NA,0,NA,3,9,NA,NA,NA,NA,NA,3,37.5%,2.34,0.0%,33.3%,6.4,NA,9,35,@ IND,22,DNP,DNP,DNP
1,6943,Gabriel Davis,WR,26.5,BUF,999.0,999,999,0,0,0,1,0,0,0,0,0,0.0%,0,0,0,0,0,0,0.00,0,0,0,0,0.00,0.00,0,0,0,0,0,0,0,0,0.0,0.0,0,0,0,0,0,NA,0,0,NA,NA,NA,NA,0,NA,0,0,NA,NA,NA,NA,NA,0,NA,NA,NA,NA,NA,NA,NA,0,vs BAL,2,OUT,OUT,OUT
1,8225,Daniel Bellinger,TE,25.0,NYG,43.0,44,43,2.4,1.9,1.4,1,1,0,68,15,0,0.0%,0,0,0,0,0,0,0.00,0,0,0,0,0.00,0.00,1,14,0,1,0,1,0,14,14.0,14.0,0,0,0,14,0,NA,0,0,22.1%,NA,NA,NA,0,NA,1,1,1.000,1.0,7,2.7%,2.00,0,NA,NA,NA,NA,NA,0.143,NA,14,@ WAS,11,·,1.8,0.6
1,9230,Tanner McKee,QB,25.4,PHI,0.0,0,0,0,0,0,0,0,0,0,0,0,0.0%,0,0,0,0,0,0,0.00,0,0,0,0,0.00,0.00,0,0,0,0,0,0,0,0,0.0,0.0,0,0,0,0,0,NA,0,0,NA,NA,NA,NA,0,NA,0,0,NA,NA,NA,NA,NA,0,NA,NA,NA,NA,NA,NA,NA,0,vs DAL,1,DNP,DNP,DNP
1,4454,Kendrick Bourne,WR,30.1,SF,0.0,0,0,0,0,0,0,0,0,0,0,0,0.0%,0,0,0,0,0,0,0.00,0,0,0,0,0.00,0.00,0,0,0,0,0,0,0,0,0.0,0.0,0,0,0,0,0,NA,0,0,NA,NA,NA,NA,0,NA,0,0,NA,NA,NA,NA,NA,0,NA,NA,NA,NA,NA,NA,NA,0,@ SEA,17,·,2.4,-2.4
1,10225,Jonathan Mingo,WR,24.4,DAL,999.0,999,999,0,0,0,1,0,0,0,0,0,0.0%,0,0,0,0,0,0,0.00,0,0,0,0,0.00,0.00,0,0,0,0,0,0,0,0,0.0,0.0,0,0,0,0,0,NA,0,0,NA,NA,NA,NA,0,NA,0,0,NA,NA,NA,NA,NA,0,NA,NA,NA,NA,NA,NA,NA,0,@ PHI,15,IR,IR,IR
1,10231,Elijah Higgins,TE,24.9,ARI,55.0,55,55,1.3,0.8,0.3,1,1,1,66,20,0,0.0%,0,0,0,0,0,0,0.00,0,0,0,0,0.00,0.00,1,1,0,0,0,2,2,3,3.0,1.5,0,0,0,3,0,NA,0,0,30.3%,NA,NA,NA,0,NA,0,2,0.000,0.0,5,6.9%,0.60,0,NA,NA,NA,NA,NA,0.000,NA,3,@ NO,4,·,0.8,0.5
1,11633,Jamari Thrash,WR,24.7,CLE,104.0,104,105,1.6,1.1,0.6,1,1,0,76,21,0,0.0%,0,0,0,0,0,0,0.00,0,0,0,0,0.00,0.00,1,6,0,0,0,1,0,6,6.0,6.0,0,0,0,6,0,NA,0,0,27.6%,NA,NA,NA,0,NA,0,1,0.000,0.0,14,2.2%,0.43,0,NA,NA,NA,NA,NA,0.000,NA,6,vs CIN,11,·,4.5,-2.9
1,12470,Riley Leonard,QB,23.0,IND,0.0,0,0,0,0,0,0,0,0,0,0,0,0.0%,0,0,0,0,0,0,0.00,0,0,0,0,0.00,0.00,0,0,0,0,0,0,0,0,0.0,0.0,0,0,0,0,0,NA,0,0,NA,NA,NA,NA,0,NA,0,0,NA,NA,NA,NA,NA,0,NA,NA,NA,NA,NA,NA,NA,0,vs MIA,3,OUT,OUT,OUT
1,8160,Kenny Pickett,QB,27.3,LV,999.0,999,999,0,0,0,1,0,0,63,0,0,0.0%,0,0,0,0,0,0,0.00,0,0,0,0,0.00,0.00,0,0,0,0,0,0,0,0,0.0,0.0,0,0,0,0,0,NA,0,0,0.0%,NA,NA,NA,0,NA,0,0,NA,NA,NA,NA,NA,0,NA,NA,NA,NA,NA,NA,NA,0,@ NE,12,DNP,DNP,DNP
1,8162,Sam Howell,QB,25.0,PHI,999.0,999,999,0,0,0,1,0,0,63,0,0,0.0%,0,0,0,0,0,0,0.00,0,0,0,0,0.00,0.00,0,0,0,0,0,0,0,0,0.0,0.0,0,0,0,0,0,NA,0,0,0.0%,NA,NA,NA,0,NA,0,0,NA,NA,NA,NA,NA,0,NA,NA,NA,NA,NA,NA,NA,0,vs DAL,1,OUT,OUT,OUT
1,12515,Donovan Edwards,RB,22.6,WAS,999.0,999,999,0,0,0,1,0,0,0,0,0,0.0%,0,0,0,0,0,0,0.00,0,0,0,0,0.00,0.00,0,0,0,0,0,0,0,0,0.0,0.0,0,0,0,0,0,NA,0,0,NA,NA,NA,NA,0,NA,0,0,NA,NA,NA,NA,NA,0,NA,NA,NA,NA,NA,NA,NA,0,vs NYG,6,DNP,DNP,DNP
1,11645,Javon Baker,WR,23.6,PHI,999.0,999,999,0,0,0,1,0,0,0,0,0,0.0%,0,0,0,0,0,0,0.00,0,0,0,0,0.00,0.00,0,0,0,0,0,0,0,0,0.0,0.0,0,0,0,0,0,NA,0,0,NA,NA,NA,NA,0,NA,0,0,NA,NA,NA,NA,NA,0,NA,NA,NA,NA,NA,NA,NA,0,vs DAL,1,DNP,DNP,DNP
1,11570,Rasheen Ali,RB,24.6,BAL,73.0,73,69,0.5,0.5,0.5,1,1,0,51,1,0,0.0%,0,0,0,0,0,0,0.00,5,0,0,0,0.00,0.00,0,0,0,0,0,0,0,0,0.0,0.0,1,0,0,5,0,NA,5,5,2.0%,NA,NA,NA,0,NA,0,1,0.000,0.0,NA,NA,NA,0,NA,NA,NA,NA,NA,NA,NA,5,@ BUF,13,DNP,DNP,DNP
1,11617,Malachi Corley,WR,23.5,CLE,999.0,999,999,0,0,0,1,0,0,0,0,0,0.0%,0,0,0,0,0,0,0.00,0,0,0,0,0.00,0.00,0,0,0,0,0,0,0,0,0.0,0.0,0,0,0,0,0,NA,0,0,NA,NA,NA,NA,0,NA,0,0,NA,NA,NA,NA,NA,0,NA,NA,NA,NA,NA,NA,NA,0,vs CIN,11,DNP,DNP,DNP
1,8208,Tyler Badie,RB,25.6,DEN,48.0,49,56,3.6,2.6,1.6,1,1,0,76,14,0,0.0%,0,0,0,0,0,0,0.00,0,0,0,0,0.00,0.00,2,-2,1,0,0,6,18,16,8.0,2.7,0,0,0,16,0,0,0,0,18.4%,0,0.00,NA,0,NA,0,6,0.000,0.0,NA,15.0%,NA,0,NA,NA,NA,NA,NA,NA,NA,16,vs TEN,3,DNP,DNP,DNP
1,12718,Konata Mumpfield,WR,22.9,LAR,999.0,999,999,0,0,0,1,1,0,60,6,0,0.0%,0,0,0,0,0,0,0.00,0,0,0,0,0.00,0.00,0,0,0,0,0,0,0,0,0.0,0.0,0,0,0,0,0,NA,0,0,10.0%,NA,NA,NA,0,NA,0,0,NA,0.0,NA,NA,NA,0,NA,NA,NA,NA,NA,NA,NA,0,vs HOU,26,DNP,DNP,DNP
1,10867,Jake Bobo,WR,27.1,SEA,0.0,0,0,0,0,0,0,0,0,0,0,0,0.0%,0,0,0,0,0,0,0.00,0,0,0,0,0.00,0.00,0,0,0,0,0,0,0,0,0.0,0.0,0,0,0,0,0,NA,0,0,NA,NA,NA,NA,0,NA,0,0,NA,NA,NA,NA,NA,0,NA,NA,NA,NA,NA,NA,NA,0,vs SF,18,DNP,DNP,DNP
1,6865,Colby Parkinson,TE,26.7,LAR,61.0,61,61,-0.6,-1.6,-2.6,1,1,0,60,29,1,0.0%,0,0,0,0,0,0,0.00,0,0,0,0,0.00,0.00,2,0,0,0,0,2,-6,-6,-3.0,-3.0,0,0,0,-6,0,NA,0,0,48.3%,NA,NA,NA,0,NA,0,2,0.000,0.0,NA,NA,NA,0,NA,NA,NA,NA,NA,NA,NA,-6,vs HOU,28,Q,1.2,-1.8
1,7610,Trey Lance,QB,25.4,LAC,999.0,999,999,0,0,0,1,0,0,65,0,0,0.0%,0,0,0,0,0,0,0.00,0,0,0,0,0.00,0.00,0,0,0,0,0,0,0,0,0.0,0.0,0,0,0,0,0,NA,0,0,0.0%,NA,NA,NA,0,NA,0,0,NA,NA,NA,NA,NA,0,NA,NA,NA,NA,NA,NA,NA,0,vs KC,30,DNP,DNP,DNP
1,8139,Zamir White,RB,26.0,LV,72.0,71,66,0.8,0.8,0.8,1,1,0,63,9,0,0.0%,0,0,0,0,0,0,0.00,8,0,0,0,0.00,0.00,0,0,0,0,0,0,0,0,0.0,0.0,3,0,0,8,0,NA,8,2.67,14.3%,NA,NA,NA,0,NA,0,3,0.000,0.0,NA,NA,NA,0,NA,NA,NA,NA,NA,NA,NA,8,@ NE,27,·,2.6,-1.8
1,6960,Tyler Johnson,WR,27.1,NYJ,67.0,67,64,5.1,4.1,3.1,1,1,0,64,33,0,0.0%,0,0,0,0,0,0,0.00,0,0,0,0,0.00,0.00,2,20,0,1,0,2,11,31,15.5,15.5,0,0,0,31,0,NA,0,0,51.6%,NA,NA,NA,0,NA,1,2,0.500,1.0,13,9.1%,2.38,0,NA,NA,NA,NA,NA,0.077,NA,31,vs PIT,22,·,3.8,1.3
1,8230,Ty Chandler,RB,27.4,MIN,999.0,999,999,0,0,0,1,1,0,56,0,0,0.0%,0,0,0,0,0,0,0.00,0,0,0,0,0.00,0.00,0,0,0,0,0,0,0,0,0.0,0.0,0,0,0,0,0,NA,0,0,0.0%,NA,NA,NA,0,NA,0,0,NA,0.0,NA,NA,NA,0,NA,NA,NA,NA,NA,NA,NA,0,@ CHI,7,IR,1.4,-1.4
1,4171,Josh Reynolds,WR,30.6,NYJ,81.0,82,82,3.8,2.8,1.8,1,1,1,64,62,0,0.0%,0,0,0,0,0,0,0.00,0,0,0,0,0.00,0.00,2,16,0,0,0,3,2,18,9.0,6.0,0,0,0,18,0,NA,0,0,96.9%,NA,NA,NA,0,NA,0,3,0.000,0.0,23,13.6%,0.78,0,NA,NA,NA,NA,NA,0.000,NA,18,vs PIT,22,·,5.1,-1.3
1,6828,AJ Dillon,RB,27.4,PHI,69.0,65,61,1,1,1,1,1,0,63,8,0,0.0%,0,0,0,0,0,0,0.00,10,0,0,0,0.00,0.00,0,0,0,0,0,0,0,0,0.0,0.0,3,1,1,10,0,NA,10,3.33,12.7%,NA,NA,NA,1,NA,1,3,0.333,1.0,NA,NA,NA,0,NA,NA,NA,NA,NA,NA,NA,10,vs DAL,5,·,1.0,0.0
1,3286,Demarcus Robinson,WR,31.0,SF,999.0,999,999,0,0,0,1,0,0,0,0,0,0.0%,0,0,0,0,0,0,0.00,0,0,0,0,0.00,0.00,0,0,0,0,0,0,0,0,0.0,0.0,0,0,0,0,0,NA,0,0,NA,NA,NA,NA,0,NA,0,0,NA,NA,NA,NA,NA,0,NA,NA,NA,NA,NA,NA,NA,0,@ SEA,17,DNP,DNP,DNP
1,11370,Chris Brooks,RB,25.7,GB,64.0,69,74,1.3,0.8,0.3,1,1,0,48,9,0,0.0%,0,0,0,0,0,0,0.00,1,0,0,0,0.00,0.00,1,2,0,0,0,1,0,2,2.0,2.0,1,0,0,3,0,4,1,1,18.8%,0,3.90,0.000,0,0.390,0,2,0.000,0.0,NA,4.5%,NA,0,NA,NA,NA,NA,NA,NA,NA,3,vs DET,26,·,3.2,-1.9
1,7601,Rondale Moore,WR,25.3,MIN,999.0,999,999,0,0,0,1,0,0,0,0,0,0.0%,0,0,0,0,0,0,0.00,0,0,0,0,0.00,0.00,0,0,0,0,0,0,0,0,0.0,0.0,0,0,0,0,0,NA,0,0,NA,NA,NA,NA,0,NA,0,0,NA,NA,NA,NA,NA,0,NA,NA,NA,NA,NA,NA,NA,0,@ CHI,23,IR,IR,IR
1,11595,Jared Wiley,TE,24.9,KC,0.0,0,0,0,0,0,0,0,0,0,0,0,0.0%,0,0,0,0,0,0,0.00,0,0,0,0,0.00,0.00,0,0,0,0,0,0,0,0,0.0,0.0,0,0,0,0,0,NA,0,0,NA,NA,NA,NA,0,NA,0,0,NA,NA,NA,NA,NA,0,NA,NA,NA,NA,NA,NA,NA,0,@ LAC,26,OUT,OUT,OUT
1,2197,Brandin Cooks,WR,32.0,NO,63.0,66,75,5.6,4.1,2.6,1,1,0,75,57,0,0.0%,0,0,0,0,0,0,0.00,0,0,0,0,0.00,0.00,3,6,0,2,0,4,20,26,8.7,6.5,0,0,0,26,0,NA,0,0,76.0%,NA,NA,NA,0,NA,2,4,0.500,2.0,38,8.7%,0.68,0,NA,NA,NA,NA,NA,0.053,NA,26,vs ARI,14,·,6.7,-1.1
1,11256,Tyson Bagent,QB,25.3,CHI,999.0,999,999,0,0,0,1,0,0,67,0,0,0.0%,0,0,0,0,0,0,0.00,0,0,0,0,0.00,0.00,0,0,0,0,0,0,0,0,0.0,0.0,0,0,0,0,0,NA,0,0,0.0%,NA,NA,NA,0,NA,0,0,NA,NA,NA,NA,NA,0,NA,NA,NA,NA,NA,NA,NA,0,vs MIN,28,DNP,DNP,DNP
1,4219,Jeremy McNichols,RB,29.7,WAS,55.0,50,47,2.5,2.5,2.5,1,1,0,70,13,0,0.0%,0,0,0,0,0,0,0.00,25,0,0,0,0.00,0.00,0,0,0,0,0,0,0,0,0.0,0.0,4,0,2,25,0,14,25,6.25,18.6%,0,3.60,0.000,2,0.360,2,4,0.500,2.0,NA,0.0%,NA,0,NA,NA,NA,NA,NA,NA,NA,25,vs NYG,6,·,3.3,-0.8
1,8168,Skyy Moore,WR,25.0,SF,999.0,999,999,0,0,0,1,1,0,76,3,1,0.0%,0,0,0,0,0,0,0.00,0,0,0,0,0.00,0.00,0,0,0,0,0,0,0,0,0.0,0.0,0,0,0,0,0,NA,0,0,3.9%,NA,NA,NA,0,NA,0,0,NA,0.0,1,0.0%,0.00,0,NA,NA,NA,NA,NA,0.000,NA,0,@ SEA,17,·,0.4,-0.4
1,4080,Zay Jones,WR,30.5,ARI,108.0,108,109,1.4,0.9,0.4,1,1,0,66,31,0,0.0%,0,0,0,0,0,0,0.00,0,0,0,0,0.00,0.00,1,2,0,0,0,1,2,4,4.0,4.0,0,0,0,4,0,NA,0,0,47.0%,NA,NA,NA,0,NA,0,1,0.000,0.0,18,3.4%,0.22,0,NA,NA,NA,NA,NA,0.000,NA,4,@ NO,19,·,1.8,-0.4
1,11199,Emari Demercado,RB,26.6,ARI,999.0,999,999,0,0,0,1,1,0,66,0,0,0.0%,0,0,0,0,0,0,0.00,0,0,0,0,0.00,0.00,0,0,0,0,0,0,0,0,0.0,0.0,0,0,0,0,0,NA,0,0,0.0%,NA,NA,NA,0,NA,0,0,NA,0.0,NA,NA,NA,0,NA,NA,NA,NA,NA,NA,NA,0,@ NO,11,·,1.7,-1.7
1,7568,Brevin Jordan,TE,25.2,HOU,999.0,999,999,0,0,0,1,0,0,0,0,0,0.0%,0,0,0,0,0,0,0.00,0,0,0,0,0.00,0.00,0,0,0,0,0,0,0,0,0.0,0.0,0,0,0,0,0,NA,0,0,NA,NA,NA,NA,0,NA,0,0,NA,NA,NA,NA,NA,0,NA,NA,NA,NA,NA,NA,NA,0,@ LAR,13,IR,IR,IR
1,9227,Israel Abanikanda,RB,23.0,FA,999.0,999,999,0,0,0,1,0,0,0,0,0,0.0%,0,0,0,0,0,0,0.00,0,0,0,0,0.00,0.00,0,0,0,0,0,0,0,0,0.0,0.0,0,0,0,0,0,NA,0,0,NA,NA,NA,NA,0,NA,0,0,NA,NA,NA,NA,NA,0,NA,NA,NA,NA,NA,NA,NA,0,NA,,DNP,DNP,DNP
1,12715,Thomas Fidone,TE,23.0,NYG,0.0,0,0,0,0,0,0,0,0,0,0,0,0.0%,0,0,0,0,0,0,0.00,0,0,0,0,0.00,0.00,0,0,0,0,0,0,0,0,0.0,0.0,0,0,0,0,0,NA,0,0,NA,NA,NA,NA,0,NA,0,0,NA,NA,NA,NA,NA,0,NA,NA,NA,NA,NA,NA,NA,0,@ WAS,11,DNP,DNP,DNP
1,8172,Greg Dulcich,TE,25.5,MIA,999.0,999,999,0,0,0,1,0,0,0,0,0,0.0%,0,0,0,0,0,0,0.00,0,0,0,0,0.00,0.00,0,0,0,0,0,0,0,0,0.0,0.0,0,0,0,0,0,NA,0,0,NA,NA,NA,NA,0,NA,0,0,NA,NA,NA,NA,NA,0,NA,NA,NA,NA,NA,NA,NA,0,@ IND,20,DNP,DNP,DNP
1,10214,Davis Allen,TE,24.6,LAR,19.0,19,13,8.3,7.8,7.3,1,1,0,60,22,0,0.0%,0,0,0,0,0,0,0.00,0,0,0,0,0.00,0.00,1,13,1,0,1,2,0,13,13.0,6.5,0,0,0,13,0,NA,0,0,36.7%,NA,NA,NA,0,NA,1,2,0.500,1.0,11,6.9%,1.18,0,NA,NA,NA,NA,NA,0.000,NA,13,vs HOU,28,DNP,DNP,DNP
1,2505,Darren Waller,TE,33.0,MIA,0.0,0,0,0,0,0,0,0,0,0,0,0,0.0%,0,0,0,0,0,0,0.00,0,0,0,0,0.00,0.00,0,0,0,0,0,0,0,0,0.0,0.0,0,0,0,0,0,NA,0,0,NA,NA,NA,NA,0,NA,0,0,NA,NA,NA,NA,NA,0,NA,NA,NA,NA,NA,NA,NA,0,@ IND,20,DNP,DNP,DNP
1,9999,Will Levis,QB,26.2,TEN,999.0,999,999,0,0,0,1,0,0,0,0,0,0.0%,0,0,0,0,0,0,0.00,0,0,0,0,0.00,0.00,0,0,0,0,0,0,0,0,0.0,0.0,0,0,0,0,0,NA,0,0,NA,NA,NA,NA,0,NA,0,0,NA,NA,NA,NA,NA,0,NA,NA,NA,NA,NA,NA,NA,0,@ DEN,29,IR,IR,IR
1,10866,Aidan O'Connell,QB,27.0,LV,999.0,999,999,0,0,0,1,0,0,0,0,0,0.0%,0,0,0,0,0,0,0.00,0,0,0,0,0.00,0.00,0,0,0,0,0,0,0,0,0.0,0.0,0,0,0,0,0,NA,0,0,NA,NA,NA,NA,0,NA,0,0,NA,NA,NA,NA,NA,0,NA,NA,NA,NA,NA,NA,NA,0,@ NE,12,IR,IR,IR
1,11306,Xavier Gipson,WR,24.5,NYG,119.0,119,118,-2,-2,-2,1,1,0,0,0,1,0.0%,0,0,0,0,0,0,0.00,0,0,0,0,0.00,0.00,0,0,0,0,0,0,0,0,0.0,0.0,0,0,0,0,0,NA,0,0,NA,NA,NA,NA,0,NA,0,0,NA,0.0,NA,NA,NA,0,NA,NA,NA,NA,NA,NA,NA,0,@ WAS,10,OUT,1.1,-3.1
1,11748,Bub Means,WR,24.7,NO,999.0,999,999,0,0,0,1,0,0,0,0,0,0.0%,0,0,0,0,0,0,0.00,0,0,0,0,0.00,0.00,0,0,0,0,0,0,0,0,0.0,0.0,0,0,0,0,0,NA,0,0,NA,NA,NA,NA,0,NA,0,0,NA,NA,NA,NA,NA,0,NA,NA,NA,NA,NA,NA,NA,0,vs ARI,14,IR,IR,IR
1,4177,Mack Hollins,WR,32.0,NE,110.0,110,112,1.3,0.8,0.3,1,1,1,71,40,0,0.0%,0,0,0,0,0,0,0.00,0,0,0,0,0.00,0.00,1,3,0,1,0,2,0,3,3.0,1.5,0,0,0,3,0,NA,0,0,56.3%,NA,NA,NA,0,NA,1,2,0.500,1.0,20,4.3%,0.15,0,NA,NA,NA,NA,NA,0.050,NA,3,vs LV,4,·,3.3,-2.0
1,1837,Jimmy Garoppolo,QB,33.9,LAR,999.0,999,999,0,0,0,1,0,0,60,0,0,0.0%,0,0,0,0,0,0,0.00,0,0,0,0,0.00,0.00,0,0,0,0,0,0,0,0,0.0,0.0,0,0,0,0,0,NA,0,0,0.0%,NA,NA,NA,0,NA,0,0,NA,NA,NA,NA,NA,0,NA,NA,NA,NA,NA,NA,NA,0,vs HOU,32,DNP,DNP,DNP
1,8254,Julius Chestnut,RB,24.9,TEN,79.0,79,78,0.2,0.2,0.2,1,1,0,57,6,0,0.0%,0,0,0,0,0,0,0.00,2,0,0,0,0.00,0.00,0,0,0,0,0,0,0,0,0.0,0.0,2,0,0,2,0,NA,2,1,10.5%,NA,NA,NA,0,NA,0,2,0.000,0.0,NA,NA,NA,0,NA,NA,NA,NA,NA,NA,NA,2,@ DEN,19,·,2.0,-1.8
1,5854,Drew Lock,QB,28.8,SEA,999.0,999,999,0,0,0,1,0,0,52,0,0,0.0%,0,0,0,0,0,0,0.00,0,0,0,0,0.00,0.00,0,0,0,0,0,0,0,0,0.0,0.0,0,0,0,0,0,NA,0,0,0.0%,NA,NA,NA,0,NA,0,0,NA,NA,NA,NA,NA,0,NA,NA,NA,NA,NA,NA,NA,0,vs SF,10,DNP,DNP,DNP
1,11615,Ainias Smith,WR,24.3,CAR,999.0,999,999,0,0,0,1,0,0,0,0,0,0.0%,0,0,0,0,0,0,0.00,0,0,0,0,0.00,0.00,0,0,0,0,0,0,0,0,0.0,0.0,0,0,0,0,0,NA,0,0,NA,NA,NA,NA,0,NA,0,0,NA,NA,NA,NA,NA,0,NA,NA,NA,NA,NA,NA,NA,0,@ JAX,24,DNP,DNP,DNP
1,12699,LaJohntay Wester,WR,23.5,BAL,999.0,999,999,0,0,0,1,1,0,51,0,0,0.0%,0,0,0,0,0,0,0.00,0,0,0,0,0.00,0.00,0,0,0,0,0,0,0,0,0.0,0.0,0,0,0,0,0,NA,0,0,0.0%,NA,NA,NA,0,NA,0,0,NA,0.0,NA,NA,NA,0,NA,NA,NA,NA,NA,NA,NA,0,@ BUF,20,DNP,DNP,DNP
1,11649,Kendall Milton,RB,23.6,CIN,999.0,999,999,0,0,0,1,0,0,0,0,0,0.0%,0,0,0,0,0,0,0.00,0,0,0,0,0.00,0.00,0,0,0,0,0,0,0,0,0.0,0.0,0,0,0,0,0,NA,0,0,NA,NA,NA,NA,0,NA,0,0,NA,NA,NA,NA,NA,0,NA,NA,NA,NA,NA,NA,NA,0,@ CLE,28,DNP,DNP,DNP
1,11636,Johnny Wilson,WR,24.4,PHI,999.0,999,999,0,0,0,1,0,0,0,0,0,0.0%,0,0,0,0,0,0,0.00,0,0,0,0,0.00,0.00,0,0,0,0,0,0,0,0,0.0,0.0,0,0,0,0,0,NA,0,0,NA,NA,NA,NA,0,NA,0,0,NA,NA,NA,NA,NA,0,NA,NA,NA,NA,NA,NA,NA,0,vs DAL,1,IR,IR,IR
1,8123,Hassan Haskins,RB,25.8,LAC,999.0,999,999,0,0,0,1,1,0,65,1,0,0.0%,0,0,0,0,0,0,0.00,0,0,0,0,0.00,0.00,0,0,0,0,0,0,0,0,0.0,0.0,0,0,0,0,0,NA,0,0,1.5%,NA,NA,NA,0,NA,0,0,NA,0.0,NA,NA,NA,0,NA,NA,NA,NA,NA,NA,NA,0,vs KC,22,·,3.0,-3.0
1,11895,Mason Tipton,WR,25.0,NO,999.0,999,999,0,0,0,1,1,0,75,0,0,0.0%,0,0,0,0,0,0,0.00,0,0,0,0,0.00,0.00,0,0,0,0,0,0,0,0,0.0,0.0,0,0,0,0,0,NA,0,0,0.0%,NA,NA,NA,0,NA,0,0,NA,0.0,NA,NA,NA,0,NA,NA,NA,NA,NA,NA,NA,0,vs ARI,14,DNP,DNP,DNP
1,4351,Tim Patrick,WR,31.8,JAX,999.0,999,999,0,0,0,1,1,0,66,7,0,0.0%,0,0,0,0,0,0,0.00,0,0,0,0,0.00,0.00,0,0,0,0,0,0,0,0,0.0,0.0,0,0,0,0,0,NA,0,0,10.6%,NA,NA,NA,0,NA,0,0,NA,0.0,NA,NA,NA,0,NA,NA,NA,NA,NA,NA,NA,0,vs CAR,29,DNP,DNP,DNP
1,8145,Jeremy Ruckert,TE,25.1,NYJ,36.0,36,40,3.6,2.6,1.6,1,1,1,64,29,0,0.0%,0,0,0,0,0,0,0.00,0,0,0,0,0.00,0.00,2,14,0,2,0,2,2,16,8.0,8.0,0,0,0,16,0,NA,0,0,45.3%,NA,NA,NA,0,NA,2,2,1.000,2.0,6,9.1%,2.67,0,NA,NA,NA,NA,NA,0.333,NA,16,vs PIT,16,·,1.9,1.7
1,12494,Kyle McCord,QB,23.0,PHI,999.0,999,999,0,0,0,1,0,0,0,0,0,0.0%,0,0,0,0,0,0,0.00,0,0,0,0,0.00,0.00,0,0,0,0,0,0,0,0,0.0,0.0,0,0,0,0,0,NA,0,0,NA,NA,NA,NA,0,NA,0,0,NA,NA,NA,NA,NA,0,NA,NA,NA,NA,NA,NA,NA,0,vs DAL,1,DNP,DNP,DNP
1,11573,Frank Gore Jr.,RB,23.5,BUF,999.0,999,999,0,0,0,1,0,0,0,0,0,0.0%,0,0,0,0,0,0,0.00,0,0,0,0,0.00,0.00,0,0,0,0,0,0,0,0,0.0,0.0,0,0,0,0,0,NA,0,0,NA,NA,NA,NA,0,NA,0,0,NA,NA,NA,NA,NA,0,NA,NA,NA,NA,NA,NA,NA,0,vs BAL,2,DNP,DNP,DNP
1,4147,Samaje Perine,RB,30.0,CIN,52.0,60,67,2.6,1.6,0.6,1,1,0,52,13,0,0.0%,0,0,0,0,0,0,0.00,0,0,0,0,0.00,0.00,2,2,0,1,0,2,4,6,3.0,3.0,0,0,0,6,0,0,0,0,25.0%,0,0.00,NA,0,NA,1,2,0.500,1.0,NA,8.7%,NA,0,NA,NA,NA,NA,NA,NA,NA,6,@ CLE,28,·,4.0,-1.4
1,8177,Grant Calcaterra,TE,26.8,PHI,999.0,999,999,0,0,0,1,1,0,63,37,0,0.0%,0,0,0,0,0,0,0.00,0,0,0,0,0.00,0.00,0,0,0,0,0,0,0,0,0.0,0.0,0,0,0,0,0,NA,0,0,58.7%,NA,NA,NA,0,NA,0,0,NA,0.0,NA,NA,NA,0,NA,NA,NA,NA,NA,NA,NA,0,vs DAL,9,OUT,1.8,-1.8
1,6011,Gardner Minshew,QB,29.3,KC,999.0,999,999,0,0,0,1,0,0,61,0,0,0.0%,0,0,0,0,0,0,0.00,0,0,0,0,0.00,0.00,0,0,0,0,0,0,0,0,0.0,0.0,0,0,0,0,0,NA,0,0,0.0%,NA,NA,NA,0,NA,0,0,NA,NA,NA,NA,NA,0,NA,NA,NA,NA,NA,NA,NA,0,@ LAC,18,DNP,DNP,DNP
1,4381,Taysom Hill,TE,35.1,NO,999.0,999,999,0,0,0,1,0,0,0,0,0,0.0%,0,0,0,0,0,0,0.00,0,0,0,0,0.00,0.00,0,0,0,0,0,0,0,0,0.0,0.0,0,0,0,0,0,NA,0,0,NA,NA,NA,NA,0,NA,0,0,NA,NA,NA,NA,NA,0,NA,NA,NA,NA,NA,NA,NA,0,vs ARI,12,DNP,DNP,DNP
1,5987,Alexander Mattison,RB,27.2,MIA,999.0,999,999,0,0,0,1,0,0,0,0,0,0.0%,0,0,0,0,0,0,0.00,0,0,0,0,0.00,0.00,0,0,0,0,0,0,0,0,0.0,0.0,0,0,0,0,0,NA,0,0,NA,NA,NA,NA,0,NA,0,0,NA,NA,NA,NA,NA,0,NA,NA,NA,NA,NA,NA,NA,0,@ IND,24,IR,IR,IR
1,7595,Tylan Wallace,WR,26.3,BAL,999.0,999,999,0,0,0,1,1,0,51,16,0,0.0%,0,0,0,0,0,0,0.00,0,0,0,0,0.00,0.00,0,0,0,0,0,0,0,0,0.0,0.0,0,0,0,0,0,NA,0,0,31.4%,NA,NA,NA,0,NA,0,0,NA,0.0,5,0.0%,0.00,0,NA,NA,NA,NA,NA,0.000,NA,0,@ BUF,20,·,0.6,-0.6
1,7891,Brock Wright,TE,26.8,DET,999.0,999,999,0,0,0,1,1,1,67,24,0,0.0%,0,0,0,0,0,0,0.00,0,0,0,0,0.00,0.00,0,0,0,0,0,0,0,0,0.0,0.0,0,0,0,0,0,NA,0,0,35.8%,NA,NA,NA,0,NA,0,0,NA,0.0,NA,NA,NA,0,NA,NA,NA,NA,NA,NA,NA,0,@ GB,17,·,1.2,-1.2
1,8204,Bo Melton,WR,26.2,GB,999.0,999,999,0,0,0,1,1,0,48,0,0,0.0%,0,0,0,0,0,0,0.00,0,0,0,0,0.00,0.00,0,0,0,0,0,0,0,0,0.0,0.0,0,0,0,0,0,NA,0,0,0.0%,NA,NA,NA,0,NA,0,0,NA,0.0,NA,NA,NA,0,NA,NA,NA,NA,NA,NA,NA,0,vs DET,6,DNP,DNP,DNP
1,11647,Kimani Vidal,RB,24.0,LAC,999.0,999,999,0,0,0,1,0,0,0,0,0,0.0%,0,0,0,0,0,0,0.00,0,0,0,0,0.00,0.00,0,0,0,0,0,0,0,0,0.0,0.0,0,0,0,0,0,NA,0,0,NA,NA,NA,NA,0,NA,0,0,NA,NA,NA,NA,NA,0,NA,NA,NA,NA,NA,NA,NA,0,vs KC,22,·,1.3,-1.3
1,10216,Kenny McIntosh,RB,25.5,SEA,999.0,999,999,0,0,0,1,0,0,0,0,0,0.0%,0,0,0,0,0,0,0.00,0,0,0,0,0.00,0.00,0,0,0,0,0,0,0,0,0.0,0.0,0,0,0,0,0,NA,0,0,NA,NA,NA,NA,0,NA,0,0,NA,NA,NA,NA,NA,0,NA,NA,NA,NA,NA,NA,NA,0,vs SF,14,IR,IR,IR
1,6853,Van Jefferson,WR,29.1,TEN,999.0,999,999,0,0,0,1,1,0,57,7,0,0.0%,0,0,0,0,0,0,0.00,0,0,0,0,0.00,0.00,0,0,0,0,0,0,0,0,0.0,0.0,0,0,0,0,0,NA,0,0,12.3%,NA,NA,NA,0,NA,0,0,NA,0.0,3,0.0%,0.00,0,NA,NA,NA,NA,NA,0.000,NA,0,@ DEN,27,·,2.3,-2.3
1,5086,Marquez Valdes-Scantling,WR,30.9,SF,999.0,999,999,0,0,0,1,1,0,76,27,0,0.0%,0,0,0,0,0,0,0.00,0,0,0,0,0.00,0.00,0,0,0,0,0,0,0,0,0.0,0.0,0,0,0,0,0,NA,0,0,35.5%,NA,NA,NA,0,NA,0,0,NA,0.0,15,0.0%,0.00,0,NA,NA,NA,NA,NA,0.000,NA,0,@ SEA,17,·,1.0,-1.0
1,5185,Allen Lazard,WR,29.8,NYJ,0.0,0,0,0,0,0,0,0,0,0,0,0,0.0%,0,0,0,0,0,0,0.00,0,0,0,0,0.00,0.00,0,0,0,0,0,0,0,0,0.0,0.0,0,0,0,0,0,NA,0,0,NA,NA,NA,NA,0,NA,0,0,NA,NA,NA,NA,NA,0,NA,NA,NA,NA,NA,NA,NA,0,vs PIT,22,Q,Q,Q
1,10234,Derius Davis,WR,25.0,LAC,118.0,116,111,0.3,0.3,0.3,1,1,0,65,8,0,0.0%,0,0,0,0,0,0,0.00,3,0,0,0,0.00,0.00,0,0,0,0,0,0,0,0,0.0,0.0,1,0,0,3,0,NA,3,3,12.3%,NA,NA,NA,0,NA,0,1,0.000,0.0,2,0.0%,0.00,0,NA,NA,NA,NA,NA,0.000,NA,3,vs KC,31,OUT,0.4,-0.1
1,8118,David Bell,WR,24.8,CLE,999.0,999,999,0,0,0,1,0,0,0,0,0,0.0%,0,0,0,0,0,0,0.00,0,0,0,0,0.00,0.00,0,0,0,0,0,0,0,0,0.0,0.0,0,0,0,0,0,NA,0,0,NA,NA,NA,NA,0,NA,0,0,NA,NA,NA,NA,NA,0,NA,NA,NA,NA,NA,NA,NA,0,vs CIN,11,PUP,PUP,PUP
1,7593,Trey Sermon,RB,26.6,PIT,999.0,999,999,0,0,0,1,0,0,0,0,0,0.0%,0,0,0,0,0,0,0.00,0,0,0,0,0.00,0.00,0,0,0,0,0,0,0,0,0.0,0.0,0,0,0,0,0,NA,0,0,NA,NA,NA,NA,0,NA,0,0,NA,NA,NA,NA,NA,0,NA,NA,NA,NA,NA,NA,NA,0,@ NYJ,9,DNP,DNP,DNP
1,2307,Marcus Mariota,QB,31.9,WAS,999.0,999,999,0,0,0,1,0,0,70,0,0,0.0%,0,0,0,0,0,0,0.00,0,0,0,0,0.00,0.00,0,0,0,0,0,0,0,0,0.0,0.0,0,0,0,0,0,NA,0,0,0.0%,NA,NA,NA,0,NA,0,0,NA,NA,NA,NA,NA,0,NA,NA,NA,NA,NA,NA,NA,0,vs NYG,14,DNP,DNP,DNP
1,6850,Harrison Bryant,TE,27.4,HOU,999.0,999,999,0,0,0,1,0,0,0,0,0,0.0%,0,0,0,0,0,0,0.00,0,0,0,0,0.00,0.00,0,0,0,0,0,0,0,0,0.0,0.0,0,0,0,0,0,NA,0,0,NA,NA,NA,NA,0,NA,0,0,NA,NA,NA,NA,NA,0,NA,NA,NA,NA,NA,NA,NA,0,@ LAR,13,·,0.8,-0.8
1,9505,Deuce Vaughn,RB,23.9,DEN,0.0,0,0,0,0,0,0,0,0,0,0,0,0.0%,0,0,0,0,0,0,0.00,0,0,0,0,0.00,0.00,0,0,0,0,0,0,0,0,0.0,0.0,0,0,0,0,0,NA,0,0,NA,NA,NA,NA,0,NA,0,0,NA,NA,NA,NA,NA,0,NA,NA,NA,NA,NA,NA,NA,0,vs TEN,3,DNP,DNP,DNP
1,8135,Treylon Burks,WR,25.5,TEN,999.0,999,999,0,0,0,1,0,0,0,0,0,0.0%,0,0,0,0,0,0,0.00,0,0,0,0,0.00,0.00,0,0,0,0,0,0,0,0,0.0,0.0,0,0,0,0,0,NA,0,0,NA,NA,NA,NA,0,NA,0,0,NA,NA,NA,NA,NA,0,NA,NA,NA,NA,NA,NA,NA,0,@ DEN,27,IR,IR,IR
1,5917,Mecole Hardman,WR,27.5,GB,999.0,999,999,0,0,0,1,0,0,0,0,0,0.0%,0,0,0,0,0,0,0.00,0,0,0,0,0.00,0.00,0,0,0,0,0,0,0,0,0.0,0.0,0,0,0,0,0,NA,0,0,NA,NA,NA,NA,0,NA,0,0,NA,NA,NA,NA,NA,0,NA,NA,NA,NA,NA,NA,NA,0,vs DET,6,DNP,DNP,DNP
1,6126,Irv Smith,TE,27.1,HOU,999.0,999,999,0,0,0,1,0,0,0,0,0,0.0%,0,0,0,0,0,0,0.00,0,0,0,0,0.00,0.00,0,0,0,0,0,0,0,0,0.0,0.0,0,0,0,0,0,NA,0,0,NA,NA,NA,NA,0,NA,0,0,NA,NA,NA,NA,NA,0,NA,NA,NA,NA,NA,NA,NA,0,@ LAR,13,Q,Q,Q
1,11574,Dylan Laube,RB,25.8,LV,999.0,999,999,0,0,0,1,1,0,63,0,0,0.0%,0,0,0,0,0,0,0.00,0,0,0,0,0.00,0.00,0,0,0,0,0,0,0,0,0.0,0.0,0,0,0,0,0,NA,0,0,0.0%,NA,NA,NA,0,NA,0,0,NA,0.0,NA,NA,NA,0,NA,NA,NA,NA,NA,NA,NA,0,@ NE,27,·,0.9,-0.9
1,5985,Foster Moreau,TE,28.4,NO,999.0,999,999,0,0,0,1,0,0,0,0,0,0.0%,0,0,0,0,0,0,0.00,0,0,0,0,0.00,0.00,0,0,0,0,0,0,0,0,0.0,0.0,0,0,0,0,0,NA,0,0,NA,NA,NA,NA,0,NA,0,0,NA,NA,NA,NA,NA,0,NA,NA,NA,NA,NA,NA,NA,0,vs ARI,12,DNP,DNP,DNP
1,2749,Raheem Mostert,RB,33.4,LV,0.0,0,0,0,0,0,0,0,0,0,0,0,0.0%,0,0,0,0,0,0,0.00,0,0,0,0,0.00,0.00,0,0,0,0,0,0,0,0,0.0,0.0,0,0,0,0,0,NA,0,0,NA,NA,NA,NA,0,NA,0,0,NA,NA,NA,NA,NA,0,NA,NA,NA,NA,NA,NA,NA,0,@ NE,27,DNP,DNP,DNP
1,7608,Khalil Herbert,RB,27.4,FA,0.0,0,0,0,0,0,0,0,0,0,0,0,0.0%,0,0,0,0,0,0,0.00,0,0,0,0,0.00,0.00,0,0,0,0,0,0,0,0,0.0,0.0,0,0,0,0,0,NA,0,0,NA,NA,NA,NA,0,NA,0,0,NA,NA,NA,NA,NA,0,NA,NA,NA,NA,NA,NA,NA,0,NA,,·,1.7,-1.7
1,10857,Stetson Bennett,QB,27.9,LAR,0.0,0,0,0,0,0,0,0,0,0,0,0,0.0%,0,0,0,0,0,0,0.00,0,0,0,0,0.00,0.00,0,0,0,0,0,0,0,0,0.0,0.0,0,0,0,0,0,NA,0,0,NA,NA,NA,NA,0,NA,0,0,NA,NA,NA,NA,NA,0,NA,NA,NA,NA,NA,NA,NA,0,vs HOU,32,OUT,OUT,OUT
1,11729,Sione Vaki,RB,24.1,DET,0.0,0,0,0,0,0,0,0,0,0,0,0,0.0%,0,0,0,0,0,0,0.00,0,0,0,0,0.00,0.00,0,0,0,0,0,0,0,0,0.0,0.0,0,0,0,0,0,NA,0,0,NA,NA,NA,NA,0,NA,0,0,NA,NA,NA,NA,NA,0,NA,NA,NA,NA,NA,NA,NA,0,@ GB,31,OUT,OUT,OUT
1,10223,Eric Gray,RB,25.9,NYG,999.0,999,999,0,0,0,1,0,0,0,0,0,0.0%,0,0,0,0,0,0,0.00,0,0,0,0,0.00,0.00,0,0,0,0,0,0,0,0,0.0,0.0,0,0,0,0,0,NA,0,0,NA,NA,NA,NA,0,NA,0,0,NA,NA,NA,NA,NA,0,NA,NA,NA,NA,NA,NA,NA,0,@ WAS,21,PUP,PUP,PUP
1,8219,Jelani Woods,TE,26.9,NYJ,0.0,0,0,0,0,0,0,0,0,0,0,0,0.0%,0,0,0,0,0,0,0.00,0,0,0,0,0.00,0.00,0,0,0,0,0,0,0,0,0.0,0.0,0,0,0,0,0,NA,0,0,NA,NA,NA,NA,0,NA,0,0,NA,NA,NA,NA,NA,0,NA,NA,NA,NA,NA,NA,NA,0,vs PIT,16,OUT,OUT,OUT
1,4972,Mason Rudolph,QB,30.2,PIT,999.0,999,999,0,0,0,1,0,0,56,0,0,0.0%,0,0,0,0,0,0,0.00,0,0,0,0,0.00,0.00,0,0,0,0,0,0,0,0,0.0,0.0,0,0,0,0,0,NA,0,0,0.0%,NA,NA,NA,0,NA,0,0,NA,NA,NA,NA,NA,0,NA,NA,NA,NA,NA,NA,NA,0,@ NYJ,6,DNP,DNP,DNP
1,6938,Cam Akers,RB,26.2,FA,0.0,0,0,0,0,0,0,0,0,0,0,0,0.0%,0,0,0,0,0,0,0.00,0,0,0,0,0.00,0.00,0,0,0,0,0,0,0,0,0.0,0.0,0,0,0,0,0,NA,0,0,NA,NA,NA,NA,0,NA,0,0,NA,NA,NA,NA,NA,0,NA,NA,NA,NA,NA,NA,NA,0,NA,,DNP,DNP,DNP
1,7083,Tyler Huntley,QB,27.6,BAL,999.0,999,999,0,0,0,1,0,0,0,0,0,0.0%,0,0,0,0,0,0,0.00,0,0,0,0,0.00,0.00,0,0,0,0,0,0,0,0,0.0,0.0,0,0,0,0,0,NA,0,0,NA,NA,NA,NA,0,NA,0,0,NA,NA,NA,NA,NA,0,NA,NA,NA,NA,NA,NA,NA,0,@ BUF,19,DNP,DNP,DNP
1,7565,Terrace Marshall,WR,25.3,PHI,999.0,999,999,0,0,0,1,0,0,0,0,0,0.0%,0,0,0,0,0,0,0.00,0,0,0,0,0.00,0.00,0,0,0,0,0,0,0,0,0.0,0.0,0,0,0,0,0,NA,0,0,NA,NA,NA,NA,0,NA,0,0,NA,NA,NA,NA,NA,0,NA,NA,NA,NA,NA,NA,NA,0,vs DAL,1,DNP,DNP,DNP
1,11621,Brenden Rice,WR,23.5,FA,0.0,0,0,0,0,0,0,0,0,0,0,0,0.0%,0,0,0,0,0,0,0.00,0,0,0,0,0.00,0.00,0,0,0,0,0,0,0,0,0.0,0.0,0,0,0,0,0,NA,0,0,NA,NA,NA,NA,0,NA,0,0,NA,NA,NA,NA,NA,0,NA,NA,NA,NA,NA,NA,NA,0,NA,,DNP,DNP,DNP
1,8116,Pierre Strong Jr.,RB,26.8,GB,0.0,0,0,0,0,0,0,0,0,0,0,0,0.0%,0,0,0,0,0,0,0.00,0,0,0,0,0.00,0.00,0,0,0,0,0,0,0,0,0.0,0.0,0,0,0,0,0,NA,0,0,NA,NA,NA,NA,0,NA,0,0,NA,NA,NA,NA,NA,0,NA,NA,NA,NA,NA,NA,NA,0,vs DET,26,DNP,DNP,DNP
1,5973,Josh Oliver,TE,28.5,MIN,51.0,51,51,1.5,1,0.5,1,1,1,56,27,0,0.0%,0,0,0,0,0,0,0.00,0,0,0,0,0.00,0.00,1,-3,0,0,0,1,8,5,5.0,5.0,0,0,0,5,0,NA,0,0,48.2%,NA,NA,NA,0,NA,0,1,0.000,0.0,4,5.0%,1.25,0,NA,NA,NA,NA,NA,0.000,NA,5,@ CHI,21,·,1.8,-0.3
1,7066,K.J. Osborn,WR,28.3,FA,0.0,0,0,0,0,0,0,0,0,0,0,0,0.0%,0,0,0,0,0,0,0.00,0,0,0,0,0.00,0.00,0,0,0,0,0,0,0,0,0.0,0.0,0,0,0,0,0,NA,0,0,NA,NA,NA,NA,0,NA,0,0,NA,NA,NA,NA,NA,0,NA,NA,NA,NA,NA,NA,NA,0,NA,,DNP,DNP,DNP
1,12478,Nick Nash,WR,25.1,ATL,999.0,999,999,0,0,0,1,0,0,0,0,0,0.0%,0,0,0,0,0,0,0.00,0,0,0,0,0.00,0.00,0,0,0,0,0,0,0,0,0.0,0.0,0,0,0,0,0,NA,0,0,NA,NA,NA,NA,0,NA,0,0,NA,NA,NA,NA,NA,0,NA,NA,NA,NA,NA,NA,NA,0,vs TB,16,DNP,DNP,DNP
1,6920,Isaiah Hodgins,WR,26.9,FA,0.0,0,0,0,0,0,0,0,0,0,0,0,0.0%,0,0,0,0,0,0,0.00,0,0,0,0,0.00,0.00,0,0,0,0,0,0,0,0,0.0,0.0,0,0,0,0,0,NA,0,0,NA,NA,NA,NA,0,NA,0,0,NA,NA,NA,NA,NA,0,NA,NA,NA,NA,NA,NA,NA,0,NA,,DNP,DNP,DNP
1,6144,Trayveon Williams,RB,27.9,FA,999.0,999,999,0,0,0,1,0,0,0,0,0,0.0%,0,0,0,0,0,0,0.00,0,0,0,0,0.00,0.00,0,0,0,0,0,0,0,0,0.0,0.0,0,0,0,0,0,NA,0,0,NA,NA,NA,NA,0,NA,0,0,NA,NA,NA,NA,NA,0,NA,NA,NA,NA,NA,NA,NA,0,NA,,DNP,DNP,DNP
1,5938,Lil'Jordan Humphrey,WR,27.4,NYG,999.0,999,999,0,0,0,1,0,0,0,0,0,0.0%,0,0,0,0,0,0,0.00,0,0,0,0,0.00,0.00,0,0,0,0,0,0,0,0,0.0,0.0,0,0,0,0,0,NA,0,0,NA,NA,NA,NA,0,NA,0,0,NA,NA,NA,NA,NA,0,NA,NA,NA,NA,NA,NA,NA,0,@ WAS,10,DNP,DNP,DNP
1,6805,KJ Hamler,WR,26.2,FA,0.0,0,0,0,0,0,0,0,0,0,0,0,0.0%,0,0,0,0,0,0,0.00,0,0,0,0,0.00,0.00,0,0,0,0,0,0,0,0,0.0,0.0,0,0,0,0,0,NA,0,0,NA,NA,NA,NA,0,NA,0,0,NA,NA,NA,NA,NA,0,NA,NA,NA,NA,NA,NA,NA,0,NA,,DNP,DNP,DNP
1,3200,Sterling Shepard,WR,32.6,TB,55.0,55,54,6.9,5.4,3.9,1,1,0,58,37,0,0.0%,0,0,0,0,0,0,0.00,0,0,0,0,0.00,0.00,3,31,0,3,0,6,8,39,13.0,6.5,0,0,0,39,0,NA,0,0,63.8%,NA,NA,NA,0,NA,3,6,0.500,3.0,23,18.8%,1.70,0,NA,NA,NA,NA,NA,0.130,NA,39,@ ATL,30,·,3.9,3.0
1,8220,Sincere McCormick,RB,25.0,SF,999.0,999,999,0,0,0,1,0,0,0,0,0,0.0%,0,0,0,0,0,0,0.00,0,0,0,0,0.00,0.00,0,0,0,0,0,0,0,0,0.0,0.0,0,0,0,0,0,NA,0,0,NA,NA,NA,NA,0,NA,0,0,NA,NA,NA,NA,NA,0,NA,NA,NA,NA,NA,NA,NA,0,@ SEA,18,DNP,DNP,DNP
1,6869,Adam Trautman,TE,28.6,DEN,52.0,52,52,1.5,1,0.5,1,1,1,76,44,0,0.0%,0,0,0,0,0,0,0.00,0,0,0,0,0.00,0.00,1,5,0,0,0,1,0,5,5.0,5.0,0,0,0,5,0,NA,0,0,57.9%,NA,NA,NA,0,NA,0,1,0.000,0.0,13,2.5%,0.38,0,NA,NA,NA,NA,NA,0.000,NA,5,vs TEN,22,·,1.7,-0.2
1,11210,Malik Heath,WR,25.5,GB,999.0,999,999,0,0,0,1,1,0,48,11,0,0.0%,0,0,0,0,0,0,0.00,0,0,0,0,0.00,0.00,0,0,0,0,0,0,0,0,0.0,0.0,0,0,0,0,0,NA,0,0,22.9%,NA,NA,NA,0,NA,0,0,NA,0.0,3,0.0%,0.00,0,NA,NA,NA,NA,NA,0.000,NA,0,vs DET,6,·,0.6,-0.6
1,5374,Justin Watson,WR,29.4,HOU,71.0,74,72,4.7,3.7,2.7,1,1,0,63,35,0,0.0%,0,0,0,0,0,0,0.00,0,0,0,0,0.00,0.00,2,14,0,1,0,2,13,27,13.5,13.5,0,0,0,27,0,NA,0,0,55.6%,NA,NA,NA,0,NA,1,2,0.500,1.0,17,7.4%,1.59,0,NA,NA,NA,NA,NA,0.059,NA,27,@ LAR,12,IR,IR,IR
1,9495,Rakim Jarrett,WR,24.6,PIT,0.0,0,0,0,0,0,0,0,0,0,0,0,0.0%,0,0,0,0,0,0,0.00,0,0,0,0,0.00,0.00,0,0,0,0,0,0,0,0,0.0,0.0,0,0,0,0,0,NA,0,0,NA,NA,NA,NA,0,NA,0,0,NA,NA,NA,NA,NA,0,NA,NA,NA,NA,NA,NA,NA,0,@ NYJ,13,DNP,DNP,DNP
1,9489,Justin Shorter,WR,25.4,LV,999.0,999,999,0,0,0,1,1,0,63,0,0,0.0%,0,0,0,0,0,0,0.00,0,0,0,0,0.00,0.00,0,0,0,0,0,0,0,0,0.0,0.0,0,0,0,0,0,NA,0,0,0.0%,NA,NA,NA,0,NA,0,0,NA,0.0,NA,NA,NA,0,NA,NA,NA,NA,NA,NA,NA,0,@ NE,7,DNP,DNP,DNP
1,3202,Austin Hooper,TE,30.9,NE,46.0,46,46,2,1.5,1,1,1,0,71,23,0,0.0%,0,0,0,0,0,0,0.00,0,0,0,0,0.00,0.00,1,3,0,1,0,1,7,10,10.0,10.0,0,0,0,10,0,NA,0,0,32.4%,NA,NA,NA,0,NA,1,1,1.000,1.0,10,2.2%,1.00,0,NA,NA,NA,NA,NA,0.100,NA,10,vs LV,25,·,2.6,-0.6
1,5937,Diontae Johnson,WR,29.2,FA,0.0,0,0,0,0,0,0,0,0,0,0,0,0.0%,0,0,0,0,0,0,0.00,0,0,0,0,0.00,0.00,0,0,0,0,0,0,0,0,0.0,0.0,0,0,0,0,0,NA,0,0,NA,NA,NA,NA,0,NA,0,0,NA,NA,NA,NA,NA,0,NA,NA,NA,NA,NA,NA,NA,0,NA,,DNP,DNP,DNP
1,10863,A.T. Perry,WR,25.9,DEN,999.0,999,999,0,0,0,1,0,0,0,0,0,0.0%,0,0,0,0,0,0,0.00,0,0,0,0,0.00,0.00,0,0,0,0,0,0,0,0,0.0,0.0,0,0,0,0,0,NA,0,0,NA,NA,NA,NA,0,NA,0,0,NA,NA,NA,NA,NA,0,NA,NA,NA,NA,NA,NA,NA,0,vs TEN,9,DNP,DNP,DNP
1,9998,Hendon Hooker,QB,27.7,CAR,999.0,999,999,0,0,0,1,0,0,0,0,0,0.0%,0,0,0,0,0,0,0.00,0,0,0,0,0.00,0.00,0,0,0,0,0,0,0,0,0.0,0.0,0,0,0,0,0,NA,0,0,NA,NA,NA,NA,0,NA,0,0,NA,NA,NA,NA,NA,0,NA,NA,NA,NA,NA,NA,NA,0,@ JAX,26,DNP,DNP,DNP
1,6290,Scotty Miller,WR,28.1,PIT,999.0,999,999,0,0,0,1,1,0,56,9,0,0.0%,0,0,0,0,0,0,0.00,0,0,0,0,0.00,0.00,0,0,0,0,0,0,0,0,0.0,0.0,0,0,0,0,0,NA,0,0,16.1%,NA,NA,NA,0,NA,0,0,NA,0.0,4,0.0%,0.00,0,NA,NA,NA,NA,NA,0.000,NA,0,@ NYJ,13,DNP,DNP,DNP
1,6012,Travis Homer,RB,27.1,CHI,999.0,999,999,0,0,0,1,0,0,0,0,0,0.0%,0,0,0,0,0,0,0.00,0,0,0,0,0.00,0.00,0,0,0,0,0,0,0,0,0.0,0.0,0,0,0,0,0,NA,0,0,NA,NA,NA,NA,0,NA,0,0,NA,NA,NA,NA,NA,0,NA,NA,NA,NA,NA,NA,NA,0,vs MIN,15,IR,IR,IR
1,3634,Kalif Raymond,WR,31.1,DET,84.0,84,84,3.6,2.6,1.6,1,1,0,67,44,0,0.0%,0,0,0,0,0,0,0.00,0,0,0,0,0.00,0.00,2,0,0,1,0,3,16,16,8.0,5.3,0,0,0,16,0,NA,0,0,65.7%,NA,NA,NA,0,NA,1,3,0.333,1.0,33,7.7%,0.48,0,NA,NA,NA,NA,NA,0.030,NA,16,@ GB,28,OUT,1.6,2.0
1,6847,Devin Duvernay,WR,28.0,CHI,999.0,999,999,0,0,0,1,1,0,67,0,0,0.0%,0,0,0,0,0,0,0.00,0,0,0,0,0.00,0.00,0,0,0,0,0,0,0,0,0.0,0.0,0,0,0,0,0,NA,0,0,0.0%,NA,NA,NA,0,NA,0,0,NA,0.0,NA,NA,NA,0,NA,NA,NA,NA,NA,NA,NA,0,vs MIN,32,·,0.2,-0.2
1,7607,Michael Carter,RB,26.4,ARI,999.0,999,999,0,0,0,1,0,0,0,0,0,0.0%,0,0,0,0,0,0,0.00,0,0,0,0,0.00,0.00,0,0,0,0,0,0,0,0,0.0,0.0,0,0,0,0,0,NA,0,0,NA,NA,NA,NA,0,NA,0,0,NA,NA,NA,NA,NA,0,NA,NA,NA,NA,NA,NA,NA,0,@ NO,11,·,0.9,-0.9
1,7535,Hunter Long,TE,27.1,JAX,21.0,20,16,7.6,7.1,6.6,1,1,0,66,6,0,0.0%,0,0,0,0,0,0,0.00,0,0,0,0,0.00,0.00,1,6,0,0,1,1,0,6,6.0,6.0,0,0,0,6,0,NA,0,0,9.1%,NA,NA,NA,0,NA,1,1,1.000,1.0,2,3.2%,3.00,0,NA,NA,NA,NA,NA,0.000,NA,6,vs CAR,2,·,0.4,7.2
1,9490,Tyler Scott,WR,23.9,IND,999.0,999,999,0,0,0,1,0,0,0,0,0,0.0%,0,0,0,0,0,0,0.00,0,0,0,0,0.00,0.00,0,0,0,0,0,0,0,0,0.0,0.0,0,0,0,0,0,NA,0,0,NA,NA,NA,NA,0,NA,0,0,NA,NA,NA,NA,NA,0,NA,NA,NA,NA,NA,NA,NA,0,vs MIA,21,DNP,DNP,DNP
1,7602,Kylen Granson,TE,27.5,PHI,60.0,60,60,1.1,0.6,0.1,1,1,0,63,17,0,0.0%,0,0,0,0,0,0,0.00,0,0,0,0,0.00,0.00,1,0,0,0,0,1,1,1,1.0,1.0,0,0,0,1,0,NA,0,0,27.0%,NA,NA,NA,0,NA,0,1,0.000,0.0,4,4.3%,0.25,0,NA,NA,NA,NA,NA,0.000,NA,1,vs DAL,9,·,0.3,0.8
1,10228,Charlie Jones,WR,26.9,CIN,999.0,999,999,0,0,0,1,1,0,52,0,0,0.0%,0,0,0,0,0,0,0.00,0,0,0,0,0.00,0.00,0,0,0,0,0,0,0,0,0.0,0.0,0,0,0,0,0,NA,0,0,0.0%,NA,NA,NA,0,NA,0,0,NA,0.0,NA,NA,NA,0,NA,NA,NA,NA,NA,NA,NA,0,@ CLE,8,·,0.7,-0.7
1,11582,Carson Steele,RB,22.9,KC,999.0,999,999,0,0,0,1,0,0,0,0,0,0.0%,0,0,0,0,0,0,0.00,0,0,0,0,0.00,0.00,0,0,0,0,0,0,0,0,0.0,0.0,0,0,0,0,0,NA,0,0,NA,NA,NA,NA,0,NA,0,0,NA,NA,NA,NA,NA,0,NA,NA,NA,NA,NA,NA,NA,0,@ LAC,25,DNP,DNP,DNP
1,8127,Charlie Kolar,TE,26.6,BAL,999.0,999,999,0,0,0,1,1,1,51,31,0,0.0%,0,0,0,0,0,0,0.00,0,0,0,0,0.00,0.00,0,0,0,0,0,0,0,0,0.0,0.0,0,0,0,0,0,NA,0,0,60.8%,NA,NA,NA,0,NA,0,0,NA,0.0,NA,NA,NA,0,NA,NA,NA,NA,NA,NA,NA,0,@ BUF,30,·,1.6,-1.6
1,6427,Ashton Dulin,WR,28.3,IND,107.0,98,88,1.5,1.5,1.5,1,1,0,73,10,0,0.0%,0,0,0,0,0,0,0.00,15,0,0,0,0.00,0.00,0,0,0,0,0,0,0,0,0.0,0.0,1,0,1,15,0,NA,15,15,13.7%,NA,NA,NA,1,NA,1,1,1.000,1.0,0,0.0%,NA,0,NA,NA,NA,NA,NA,NA,NA,15,vs MIA,21,·,0.5,1.0
1,4017,Deshaun Watson,QB,30.0,CLE,999.0,999,999,0,0,0,1,0,0,0,0,0,0.0%,0,0,0,0,0,0,0.00,0,0,0,0,0.00,0.00,0,0,0,0,0,0,0,0,0.0,0.0,0,0,0,0,0,NA,0,0,NA,NA,NA,NA,0,NA,0,0,NA,NA,NA,NA,NA,0,NA,NA,NA,NA,NA,NA,NA,0,vs CIN,7,PUP,PUP,PUP
1,827,Tyrod Taylor,QB,36.1,NYJ,999.0,999,999,0,0,0,1,0,0,64,0,0,0.0%,0,0,0,0,0,0,0.00,0,0,0,0,0.00,0.00,0,0,0,0,0,0,0,0,0.0,0.0,0,0,0,0,0,NA,0,0,0.0%,NA,NA,NA,0,NA,0,0,NA,NA,NA,NA,NA,0,NA,NA,NA,NA,NA,NA,NA,0,vs PIT,9,DNP,DNP,DNP
1,6659,Craig Reynolds,RB,29.2,DET,999.0,999,999,0,0,0,1,1,0,67,0,0,0.0%,0,0,0,0,0,0,0.00,0,0,0,0,0.00,0.00,0,0,0,0,0,0,0,0,0.0,0.0,0,0,0,0,0,NA,0,0,0.0%,NA,NA,NA,0,NA,0,0,NA,0.0,NA,NA,NA,0,NA,NA,NA,NA,NA,NA,NA,0,@ GB,31,·,0.6,-0.6
1,7585,Davis Mills,QB,26.9,HOU,999.0,999,999,0,0,0,1,0,0,63,0,0,0.0%,0,0,0,0,0,0,0.00,0,0,0,0,0.00,0.00,0,0,0,0,0,0,0,0,0.0,0.0,0,0,0,0,0,NA,0,0,0.0%,NA,NA,NA,0,NA,0,0,NA,NA,NA,NA,NA,0,NA,NA,NA,NA,NA,NA,NA,0,@ LAR,17,DNP,DNP,DNP
1,8583,Stone Smartt,TE,27.0,NYJ,999.0,999,999,0,0,0,1,1,0,64,0,0,0.0%,0,0,0,0,0,0,0.00,0,0,0,0,0.00,0.00,0,0,0,0,0,0,0,0,0.0,0.0,0,0,0,0,0,NA,0,0,0.0%,NA,NA,NA,0,NA,0,0,NA,0.0,NA,NA,NA,0,NA,NA,NA,NA,NA,NA,NA,0,vs PIT,16,OUT,1.0,-1.0
1,11783,Ryan Flournoy,WR,25.9,DAL,999.0,999,999,0,0,0,1,1,0,61,0,0,0.0%,0,0,0,0,0,0,0.00,0,0,0,0,0.00,0.00,0,0,0,0,0,0,0,0,0.0,0.0,0,0,0,0,0,NA,0,0,0.0%,NA,NA,NA,0,NA,0,0,NA,0.0,NA,NA,NA,0,NA,NA,NA,NA,NA,NA,NA,0,@ PHI,15,DNP,DNP,DNP
1,3976,Mitchell Trubisky,QB,31.1,BUF,999.0,999,999,0,0,0,1,0,0,85,0,0,0.0%,0,0,0,0,0,0,0.00,0,0,0,0,0.00,0.00,0,0,0,0,0,0,0,0,0.0,0.0,0,0,0,0,0,NA,0,0,0.0%,NA,NA,NA,0,NA,0,0,NA,NA,NA,NA,NA,0,NA,NA,NA,NA,NA,NA,NA,0,vs BAL,2,DNP,DNP,DNP
1,11716,Tip Reiman,TE,24.0,ARI,45.0,45,45,2,1.5,1,1,1,1,66,34,0,0.0%,0,0,0,0,0,0,0.00,0,0,0,0,0.00,0.00,1,5,0,1,0,1,5,10,10.0,10.0,0,0,0,10,0,NA,0,0,51.5%,NA,NA,NA,0,NA,1,1,1.000,1.0,12,3.4%,0.83,0,NA,NA,NA,NA,NA,0.083,NA,10,@ NO,4,OUT,1.5,0.5
1,12477,Kurtis Rourke,QB,24.9,SF,999.0,999,999,0,0,0,1,0,0,0,0,0,0.0%,0,0,0,0,0,0,0.00,0,0,0,0,0.00,0.00,0,0,0,0,0,0,0,0,0.0,0.0,0,0,0,0,0,NA,0,0,NA,NA,NA,NA,0,NA,0,0,NA,NA,NA,NA,NA,0,NA,NA,NA,NA,NA,NA,NA,0,@ SEA,21,PUP,PUP,PUP
,,,,,,,,,,,,,,,,,,0.0%,,,,,,,,,,,,,,,,,,,,,,,,,,,,,,,,NA,NA,NA,NA,0,NA,0,0,NA,NA,NA,NA,NA,0,NA,NA,NA,NA,NA,NA,NA,0,NA,,DNP,DNP,DNP