WK,SLPR_ID,NM,POS,AGE,TM,PRK_PPR,PRK_0.5P,PRK_STD,FPT_PPR,FPTS_0.5,FPTS_STD,GM_ACTV,GM_P,GM,TM_SNP,SNP,FUM,CMP PCT,paAY,paATT,CMP,pa1D,INC,INT,paRTG,pa.ruYDS,SAC,paTD,paYDS,paYPA,paYPC,REC,recAY,DRP,rec1D,recTD,TGT,YAC,recYDS,YPR,YPT,CAR,BTKL,ru1D,ru.recYDS,ruTD,YCO,ruYDS,YPC,SNP%,MTF,YCO/A,MTF/A,ruIMP,ELU,IMP,OPP,IMP/OPP,IMP/G,RR,TS%,YPRR,pIMP,pIMP/A,TTT,DP%,PRS%,AYA,1DRR,DB,YDS(t),VS,vsRK,INJ,PROJ,FPOE
10,4984,Josh Allen,QB,29.4,BUF,8,8,8,20.34,20.34,20.34,1,1,1,68,65,1,70.0,192,40,28,10,12,1,98.50,337,3,2,306,7.65,10.93,0,0,0,0,0,0,0,0,0.0,0.0,4,0,2,31,0,NA,31,7.75,95.6%,NA,NA,NA,2,NA,14,44,NA,NA,NA,NA,NA,12,30.0%,3.53,20.0%,37.8%,9.60,NA,45.00,337,@ MIA,8,·,25.6,-5.3
10,9509,Bijan Robinson,RB,23.7,ATL,24,24,26,10.8,9.8,8.8,1,1,1,63,54,0,0.0,0,0,0,0,0,0,0.00,84,0,0,0,0.00,0.00,2,4,0,0,0,2,0,4,2.0,2.0,17,3,5,88,0,63,84,4.94,85.7%,5,3.70,0.294,5,0.664,5,19,0.263,5.0,NA,7.1%,NA,0,NA,NA,NA,NA,NA,NA,NA,88,@ IND,25,·,19.8,-9.0
10,7564,Ja'Marr Chase,WR,25.6,CIN,0,0,0,0,0,0,0,0,0,0,0,0,0.0,0,0,0,0,0,0,0.00,0,0,0,0,0.00,0.00,0,0,0,0,0,0,0,0,0.0,0.0,0,0,0,0,0,NA,0,0,NA,NA,NA,NA,0,NA,0,0,NA,NA,NA,NA,NA,0,NA,NA,NA,NA,NA,NA,NA,0,BYE,BYE,BYE,BYE,BYE
10,9493,Puka Nacua,WR,24.3,LAR,16,16,18,17.4,14.9,12.4,1,1,0,69,36,0,0.0,0,0,0,0,0,0,0.00,0,0,0,0,0.00,0.00,5,16,0,4,1,6,48,64,12.8,10.7,0,0,0,64,0,NA,0,0,52.2%,NA,NA,NA,0,NA,5,6,0.833,5.0,23,16.7%,2.78,0,NA,NA,NA,NA,NA,0.174,NA,64,@ SF,25,·,22.0,-4.6
10,4881,Lamar Jackson,QB,28.7,BAL,15,15,15,16.64,16.64,16.64,1,1,1,70,70,1,58.6,76,29,17,8,12,0,87.70,212,1,1,176,6.07,10.35,0,0,0,0,0,0,0,0,0.0,0.0,9,4,3,36,0,NA,36,4,100.0%,NA,NA,NA,3,NA,12,38,NA,NA,NA,NA,NA,9,31.0%,2.59,0.0%,38.2%,4.90,NA,34.00,212,@ MIN,20,·,25.1,-8.5
10,11566,Jayden Daniels,QB,24.8,WAS,0,0,0,0,0,0,0,0,0,0,0,0,0.0,0,0,0,0,0,0,0.00,0,0,0,0,0.00,0.00,0,0,0,0,0,0,0,0,0.0,0.0,0,0,0,0,0,NA,0,0,NA,NA,NA,NA,0,NA,0,0,NA,NA,NA,NA,NA,0,NA,NA,NA,NA,NA,NA,NA,0,vs DET,10,OUT,OUT,OUT
10,9221,Jahmyr Gibbs,RB,23.5,DET,3,3,2,38.2,36.7,35.2,1,1,1,70,35,0,0.0,0,0,0,0,0,0,0.00,142,0,0,0,0.00,0.00,3,4,0,1,1,4,26,30,10.0,7.5,15,0,5,172,2,51,142,9.47,50.0%,7,3.40,0.467,7,0.807,9,19,0.474,9.0,NA,11.4%,NA,0,NA,NA,NA,NA,NA,NA,NA,172,@ WAS,16,·,19.8,18.4
10,6794,Justin Jefferson,WR,26.3,MIN,42,44,48,7.7,5.7,3.7,1,1,1,65,65,0,0.0,0,0,0,0,0,0,0.00,0,0,0,0,0.00,0.00,4,17,0,3,0,12,20,37,9.3,3.1,0,0,0,37,0,NA,0,0,100.0%,NA,NA,NA,0,NA,3,12,0.250,3.0,43,28.6%,0.86,0,NA,NA,NA,NA,NA,0.070,NA,37,vs BAL,6,·,16.9,-9.2
10,9488,Jaxon Smith-Njigba,WR,23.6,SEA,9.0,9,9,20.3,17.8,15.3,1,1,1,62,26,0,0.0,0,0,0,0,0,0,0.00,0,0,0,0,0.00,0.00,5,81,0,3,1,6,12,93,18.6,15.5,0,0,0,93,0,NA,0,0,41.9%,NA,NA,NA,0,NA,4,6,0.667,4.0,11,50.0%,8.45,0,NA,NA,NA,NA,NA,0.273,NA,93,vs ARI,19,·,21.9,-1.6
10,7547,Amon-Ra St. Brown,WR,25.9,DET,19.0,18,19,16.8,14.3,11.8,1,1,1,70,54,0,0.0,0,0,0,0,0,0,0.00,0,0,0,0,0.00,0.00,5,14,1,3,1,8,44,58,11.6,7.3,0,0,0,58,0,NA,0,0,77.1%,NA,NA,NA,0,NA,4,8,0.500,4.0,26,22.9%,2.23,0,NA,NA,NA,NA,NA,0.115,NA,58,@ WAS,5,·,21.5,-4.7
10,6786,CeeDee Lamb,WR,26.5,DAL,0.0,0,0,0,0,0,0,0,0,0,0,0,0.0,0,0,0,0,0,0,0.00,0,0,0,0,0.00,0.00,0,0,0,0,0,0,0,0,0.0,0.0,0,0,0,0,0,NA,0,0,NA,NA,NA,NA,0,NA,0,0,NA,NA,NA,NA,NA,0,NA,NA,NA,NA,NA,NA,NA,0,BYE,BYE,BYE,BYE,BYE
10,11632,Malik Nabers,WR,22.2,NYG,999.0,999,999,0,0,0,1,0,0,0,0,0,0.0,0,0,0,0,0,0,0.00,0,0,0,0,0.00,0.00,0,0,0,0,0,0,0,0,0.0,0.0,0,0,0,0,0,NA,0,0,NA,NA,NA,NA,0,NA,0,0,NA,NA,NA,NA,NA,0,NA,NA,NA,NA,NA,NA,NA,0,@ CHI,2,IR,IR,IR
10,11564,Drake Maye,QB,23.1,NE,11.0,11,11,19.1,19.1,19.1,1,1,1,61,61,0,51.6,136,31,16,7,15,1,89.40,283,1,2,270,8.71,16.88,0,0,0,0,0,0,0,0,0.0,0.0,7,0,0,13,0,NA,13,1.86,100.0%,NA,NA,NA,0,NA,9,38,NA,NA,NA,NA,NA,9,29.0%,3.17,19.4%,47.2%,11.90,NA,36.00,283,@ TB,19,·,23.0,-3.9
10,12514,Emeka Egbuka,WR,23.0,TB,3.0,4,4,23.5,20.5,17.5,1,1,1,69,61,0,0.0,0,0,0,0,0,0,0.00,0,0,0,0,0.00,0.00,6,74,1,4,1,13,41,115,19.2,8.9,0,0,0,115,0,NA,0,0,88.4%,NA,NA,NA,0,NA,5,13,0.385,5.0,43,30.2%,2.67,0,NA,NA,NA,NA,NA,0.093,NA,115,vs NE,15,·,14.8,8.7
10,11604,Brock Bowers,TE,22.8,LV,31.0,29,27,3.7,3.2,2.7,1,1,0,60,50,0,0.0,0,0,0,0,0,0,0.00,-4,0,0,0,0.00,0.00,1,15,1,1,0,3,16,31,31.0,10.3,1,0,0,27,0,NA,-4,-4,83.3%,NA,NA,NA,0,NA,1,4,0.250,1.0,26,11.1%,1.19,0,NA,NA,NA,NA,NA,0.038,NA,27,@ DEN,23,·,16.0,-12.3
10,6904,Jalen Hurts,QB,27.1,PHI,19.0,19,19,12.02,12.02,12.02,1,1,1,63,63,1,57.7,91,26,15,7,11,0,92.30,210,0,1,183,7.04,12.20,0,0,0,0,0,0,0,0,0.0,0.0,5,0,1,27,0,NA,27,5.4,100.0%,NA,NA,NA,1,NA,9,31,NA,NA,NA,NA,NA,8,30.8%,3.40,7.7%,20.0%,7.80,NA,30.00,210,@ GB,24,·,22.6,-10.6
10,12527,Ashton Jeanty,RB,21.8,LV,14.0,14,14,15.3,13.8,12.3,1,1,1,60,52,1,0.0,0,0,0,0,0,0,0.00,60,0,0,0,0.00,0.00,3,-16,1,0,0,5,19,3,1.0,0.6,19,1,2,63,1,51,60,3.16,86.7%,7,2.70,0.368,3,0.638,3,24,0.125,3.0,NA,18.5%,NA,0,NA,NA,NA,NA,NA,NA,NA,63,@ DEN,26,·,14.5,0.8
10,6797,Justin Herbert,QB,27.6,LAC,17.0,17,17,14.7,14.7,14.7,1,1,1,73,73,0,60.6,41,33,20,6,13,0,90.50,239,5,1,220,6.67,11.00,0,0,0,0,0,0,0,0,0.0,0.0,5,0,2,19,0,NA,19,3.8,100.0%,NA,NA,NA,2,NA,9,38,NA,NA,NA,NA,NA,7,21.2%,2.21,6.1%,30.0%,4.90,NA,40.00,239,vs PIT,5,·,20.9,-6.2
10,6813,Jonathan Taylor,RB,26.7,IND,1.0,1,1,49.6,48.1,46.6,1,1,1,77,70,1,0.0,0,0,0,0,0,0,0.00,244,0,0,0,0.00,0.00,3,-4,0,2,0,3,46,42,14.0,14.0,32,1,8,286,3,227,244,7.63,90.9%,11,7.10,0.344,11,1.054,13,35,0.371,13.0,NA,11.5%,NA,0,NA,NA,NA,NA,NA,NA,NA,286,vs ATL,10,·,22.7,26.9
10,8112,Drake London,WR,24.2,ATL,1.0,1,2,24.4,21.4,18.4,1,1,1,63,62,0,0.0,0,0,0,0,0,0,0.00,0,0,0,0,0.00,0.00,6,80,0,5,1,8,24,104,17.3,13.0,0,0,0,104,0,NA,0,0,98.4%,NA,NA,NA,0,NA,6,8,0.750,6.0,30,28.6%,3.47,0,NA,NA,NA,NA,NA,0.167,NA,104,@ IND,9,·,16.3,8.1
10,4046,Patrick Mahomes,QB,30.0,KC,0.0,0,0,0,0,0,0,0,0,0,0,0,0.0,0,0,0,0,0,0,0.00,0,0,0,0,0.00,0.00,0,0,0,0,0,0,0,0,0.0,0.0,0,0,0,0,0,NA,0,0,NA,NA,NA,NA,0,NA,0,0,NA,NA,NA,NA,NA,0,NA,NA,NA,NA,NA,NA,NA,0,BYE,BYE,BYE,BYE,BYE
10,6770,Joe Burrow,QB,28.8,CIN,0.0,0,0,0,0,0,0,0,0,0,0,0,0.0,0,0,0,0,0,0,0.00,0,0,0,0,0.00,0.00,0,0,0,0,0,0,0,0,0.0,0.0,0,0,0,0,0,NA,0,0,NA,NA,NA,NA,0,NA,0,0,NA,NA,NA,NA,NA,0,NA,NA,NA,NA,NA,NA,NA,0,BYE,BYE,BYE,BYE,BYE
10,9226,De'Von Achane,RB,24.0,MIA,2.0,2,3,40.5,37.5,34.5,1,1,1,53,47,0,0.0,0,0,0,0,0,0,0.00,174,0,0,0,0.00,0.00,6,-6,0,3,0,6,57,51,8.5,8.5,22,2,5,225,2,165,174,7.91,88.7%,11,7.50,0.500,7,1.250,10,28,0.357,10.0,NA,28.6%,NA,0,NA,NA,NA,NA,NA,NA,NA,225,vs BUF,7,·,20.3,20.2
10,8130,Trey McBride,TE,25.8,ARI,1.0,1,1,27.7,23.2,18.7,1,1,1,76,64,0,0.0,0,0,0,0,0,0,0.00,0,0,0,0,0.00,0.00,9,69,0,5,1,13,58,127,14.1,9.8,0,0,0,127,0,NA,0,0,84.2%,NA,NA,NA,0,NA,6,13,0.462,6.0,41,28.9%,3.10,0,NA,NA,NA,NA,NA,0.122,NA,127,@ SEA,24,·,16.0,11.7
10,12507,Omarion Hampton,RB,22.5,LAC,999.0,999,999,0,0,0,1,0,0,0,0,0,0.0,0,0,0,0,0,0,0.00,0,0,0,0,0.00,0.00,0,0,0,0,0,0,0,0,0.0,0.0,0,0,0,0,0,NA,0,0,NA,NA,NA,NA,0,NA,0,0,NA,NA,NA,NA,NA,0,NA,NA,NA,NA,NA,NA,NA,0,vs PIT,23,IR,IR,IR
10,11620,Rome Odunze,WR,23.3,CHI,8.0,10,11,20.6,17.6,14.6,1,1,1,68,53,0,0.0,0,0,0,0,0,0,0.00,0,0,0,0,0.00,0.00,6,57,1,4,1,10,29,86,14.3,8.6,0,0,0,86,0,NA,0,0,77.9%,NA,NA,NA,0,NA,5,10,0.500,5.0,29,27.8%,2.97,0,NA,NA,NA,NA,NA,0.138,NA,86,vs NYG,7,·,12.3,8.3
10,12526,Tetairoa McMillan,WR,22.5,CAR,33.0,33,36,11,8.5,6,1,1,1,53,48,0,0.0,0,0,0,0,0,0,0.00,0,0,0,0,0.00,0.00,5,48,1,3,0,8,12,60,12.0,7.5,0,0,0,60,0,NA,0,0,90.6%,NA,NA,NA,0,NA,3,8,0.375,3.0,26,32.0%,2.31,0,NA,NA,NA,NA,NA,0.115,NA,60,vs NO,14,Q,12.6,-1.6
10,11560,Caleb Williams,QB,23.9,CHI,4.0,4,4,25.1,25.1,25.1,1,1,1,68,68,0,55.6,144,36,20,10,16,0,83.10,283,0,1,220,6.11,11.00,0,0,0,0,0,0,0,0,0.0,0.0,8,2,2,63,1,NA,63,7.88,100.0%,NA,NA,NA,3,NA,14,44,NA,NA,NA,NA,NA,11,30.6%,3.43,16.7%,29.3%,9.70,NA,41.00,283,vs NYG,7,·,18.1,7.0
10,12518,Tyler Warren,TE,23.4,IND,5.0,5,6,17.9,13.9,9.9,1,1,1,77,68,0,0.0,0,0,0,0,0,0,0.00,0,0,0,0,0.00,0.00,8,32,0,4,0,10,67,99,12.4,9.9,0,0,0,99,0,NA,0,0,88.3%,NA,NA,NA,0,NA,4,10,0.400,4.0,26,38.5%,3.81,0,NA,NA,NA,NA,NA,0.154,NA,99,vs ATL,32,·,12.8,5.1
10,12512,Quinshon Judkins,RB,21.9,CLE,26.0,26,27,10.5,9.5,8.5,1,1,1,73,38,0,0.0,0,0,0,0,0,0,0.00,75,0,0,0,0.00,0.00,2,2,0,0,0,3,8,10,5.0,3.3,22,0,5,85,0,62,75,3.41,52.1%,8,2.80,0.364,5,0.644,5,25,0.200,5.0,NA,9.4%,NA,0,NA,NA,NA,NA,NA,NA,NA,85,@ NYJ,8,·,14.2,-3.7
10,11584,Bucky Irving,RB,23.1,TB,0.0,0,0,0,0,0,0,0,0,0,0,0,0.0,0,0,0,0,0,0,0.00,0,0,0,0,0.00,0.00,0,0,0,0,0,0,0,0,0.0,0.0,0,0,0,0,0,NA,0,0,NA,NA,NA,NA,0,NA,0,0,NA,NA,NA,NA,NA,0,NA,NA,NA,NA,NA,NA,NA,0,vs NE,29,OUT,OUT,OUT
10,11631,Brian Thomas Jr.,WR,23.0,JAX,0.0,0,0,0,0,0,0,0,0,0,0,0,0.0,0,0,0,0,0,0,0.00,0,0,0,0,0.00,0.00,0,0,0,0,0,0,0,0,0.0,0.0,0,0,0,0,0,NA,0,0,NA,NA,NA,NA,0,NA,0,0,NA,NA,NA,NA,NA,0,NA,NA,NA,NA,NA,NA,NA,0,@ HOU,29,OUT,OUT,OUT
10,8138,James Cook,RB,26.0,BUF,25.0,31,36,10.7,8.2,5.7,1,1,1,68,34,1,0.0,0,0,0,0,0,0,0.00,53,0,0,0,0.00,0.00,5,15,0,0,0,5,9,24,4.8,4.8,13,2,2,77,0,42,53,4.08,50.0%,4,3.20,0.308,2,0.628,2,18,0.111,2.0,NA,12.5%,NA,0,NA,NA,NA,NA,NA,NA,NA,77,@ MIA,6,·,18.6,-7.9
10,4892,Baker Mayfield,QB,30.4,TB,7.0,7,7,22.92,22.92,22.92,1,1,1,69,69,0,65.1,141,43,28,11,15,0,106.10,273,2,3,273,6.35,9.75,0,0,0,0,0,0,0,0,0.0,0.0,0,0,0,0,0,NA,0,0,100.0%,NA,NA,NA,0,NA,14,43,NA,NA,NA,NA,NA,14,32.6%,2.92,2.3%,28.9%,6.50,NA,45.00,273,vs NE,22,·,21.9,1.0
10,7569,Nico Collins,WR,26.5,HOU,5.0,5,8,22.6,19.1,15.6,1,1,1,75,67,0,0.0,0,0,0,0,0,0,0.00,0,0,0,0,0.00,0.00,7,114,0,5,0,15,22,136,19.4,9.1,0,0,0,136,0,NA,0,0,89.3%,NA,NA,NA,0,NA,5,15,0.333,5.0,43,33.3%,3.16,0,NA,NA,NA,NA,NA,0.116,NA,136,vs JAX,12,·,14.5,8.1
10,8146,Garrett Wilson,WR,25.2,NYJ,999.0,999,999,0,0,0,1,1,1,49,19,0,0.0,0,0,0,0,0,0,0.00,0,0,0,0,0.00,0.00,0,0,0,0,0,3,0,0,0.0,0.0,0,0,0,0,0,NA,0,0,38.8%,NA,NA,NA,0,NA,0,3,0.000,0.0,10,27.3%,0.00,0,NA,NA,NA,NA,NA,0.000,NA,0,vs CLE,13,Q,14.8,-14.8
10,6804,Jordan Love,QB,26.9,GB,24.0,24,24,7.84,7.84,7.84,1,1,1,68,68,2,55.6,105,36,20,10,16,0,68.80,204,3,0,176,4.89,8.80,0,0,0,0,0,0,0,0,0.0,0.0,5,0,2,28,0,NA,28,5.6,100.0%,NA,NA,NA,2,NA,12,41,NA,NA,NA,NA,NA,10,27.8%,2.85,8.3%,40.5%,9.20,NA,42.00,204,vs PHI,16,·,18.4,-10.6
10,10229,Rashee Rice,WR,25.4,KC,0.0,0,0,0,0,0,0,0,0,0,0,0,0.0,0,0,0,0,0,0,0.00,0,0,0,0,0.00,0.00,0,0,0,0,0,0,0,0,0.0,0.0,0,0,0,0,0,NA,0,0,NA,NA,NA,NA,0,NA,0,0,NA,NA,NA,NA,NA,0,NA,NA,NA,NA,NA,NA,NA,0,BYE,BYE,BYE,BYE,BYE
10,4866,Saquon Barkley,RB,28.6,PHI,20.0,20,19,13.1,11.6,10.1,1,1,1,63,44,0,0.0,0,0,0,0,0,0,0.00,60,0,0,0,0.00,0.00,3,-10,0,1,0,3,51,41,13.7,13.7,22,0,2,101,0,46,60,2.73,69.8%,4,2.10,0.182,2,0.392,3,25,0.120,3.0,NA,11.5%,NA,0,NA,NA,NA,NA,NA,NA,NA,101,@ GB,28,·,16.4,-3.3
10,11563,Bo Nix,QB,25.6,DEN,25.0,25,25,7.8,7.8,7.8,1,1,1,61,61,0,57.1,73,28,16,4,12,2,54.20,148,1,1,150,5.36,9.38,0,0,0,0,0,0,0,0,0.0,0.0,5,0,2,-2,0,NA,-2,-0.4,100.0%,NA,NA,NA,2,NA,7,33,NA,NA,NA,NA,NA,5,17.9%,2.94,7.1%,34.5%,8.00,NA,29.00,148,vs LV,14,·,21.1,-13.3
10,12508,Jaxson Dart,QB,22.4,NYG,3.0,3,3,26.28,26.28,26.28,1,1,1,73,52,1,65.5,165,29,19,10,10,0,91.50,308,2,0,242,8.34,12.74,0,0,0,0,0,0,0,0,0.0,0.0,6,0,1,66,2,NA,66,11,71.2%,NA,NA,NA,3,NA,13,35,NA,NA,NA,NA,NA,10,34.5%,3.08,13.8%,30.3%,9.30,NA,33.00,308,@ CHI,6,·,24.1,2.2
10,11635,Ladd McConkey,WR,23.9,LAC,7.0,7,5,20.7,18.7,16.7,1,1,1,73,52,0,0.0,0,0,0,0,0,0,0.00,0,0,0,0,0.00,0.00,4,45,1,3,1,6,62,107,26.8,17.8,0,0,0,107,0,NA,0,0,71.2%,NA,NA,NA,0,NA,4,6,0.667,4.0,32,18.2%,3.34,0,NA,NA,NA,NA,NA,0.094,NA,107,vs PIT,3,·,13.7,7.0
10,4034,Christian McCaffrey,RB,29.3,SF,10.0,16,21,17.6,13.6,9.6,1,1,1,63,49,0,0.0,0,0,0,0,0,0,0.00,30,0,0,0,0.00,0.00,8,23,0,3,0,10,43,66,8.3,6.6,12,0,3,96,0,32,30,2.5,77.8%,7,2.70,0.583,3,0.853,6,22,0.273,6.0,NA,25.6%,NA,0,NA,NA,NA,NA,NA,NA,NA,96,vs LAR,32,·,22.7,-5.1
10,8137,George Pickens,WR,24.6,DAL,0.0,0,0,0,0,0,0,0,0,0,0,0,0.0,0,0,0,0,0,0,0.00,0,0,0,0,0.00,0.00,0,0,0,0,0,0,0,0,0.0,0.0,0,0,0,0,0,NA,0,0,NA,NA,NA,NA,0,NA,0,0,NA,NA,NA,NA,NA,0,NA,NA,NA,NA,NA,NA,NA,0,BYE,BYE,BYE,BYE,BYE
10,11628,Marvin Harrison Jr.,WR,23.1,ARI,24.0,23,20,14.3,12.8,11.3,1,1,1,76,69,0,0.0,0,0,0,0,0,0,0.00,0,0,0,0,0.00,0.00,3,26,1,2,1,12,7,33,11.0,2.8,0,0,0,33,0,NA,0,0,90.8%,NA,NA,NA,0,NA,3,12,0.250,3.0,48,26.7%,0.69,0,NA,NA,NA,NA,NA,0.042,NA,33,@ SEA,11,·,11.9,2.4
10,5850,Josh Jacobs,RB,27.6,GB,6.0,9,9,19.7,17.2,14.7,1,1,1,68,50,1,0.0,0,0,0,0,0,0,0.00,74,0,0,0,0.00,0.00,5,-4,0,1,0,6,37,33,6.6,5.5,21,0,4,107,1,69,74,3.52,73.5%,8,3.30,0.381,5,0.711,6,27,0.222,6.0,NA,16.7%,NA,0,NA,NA,NA,NA,NA,NA,NA,107,vs PHI,9,·,18.0,1.7
10,8150,Kyren Williams,RB,25.1,LAR,5.0,5,5,22.4,21.4,20.4,1,1,1,69,40,0,0.0,0,0,0,0,0,0,0.00,73,0,0,0,0.00,0.00,2,5,0,0,0,3,6,11,5.5,3.7,14,0,3,84,2,38,73,5.21,58.0%,4,2.70,0.286,5,0.556,5,17,0.294,5.0,NA,8.3%,NA,0,NA,NA,NA,NA,NA,NA,NA,84,@ SF,22,·,16.3,6.1
10,12481,Cam Skattebo,RB,23.6,NYG,999.0,999,999,0,0,0,1,0,0,0,0,0,0.0,0,0,0,0,0,0,0.00,0,0,0,0,0.00,0.00,0,0,0,0,0,0,0,0,0.0,0.0,0,0,0,0,0,NA,0,0,NA,NA,NA,NA,0,NA,0,0,NA,NA,NA,NA,NA,0,NA,NA,NA,NA,NA,NA,NA,0,@ CHI,13,IR,IR,IR
10,8155,Breece Hall,RB,24.3,NYJ,7.0,6,6,19.5,19,18.5,1,1,1,49,35,0,0.0,0,0,0,0,0,0,0.00,83,0,0,0,0.00,0.00,1,-5,0,0,1,1,47,42,42.0,42.0,21,0,5,125,0,74,83,3.95,71.4%,3,3.50,0.143,5,0.493,6,22,0.273,6.0,NA,9.1%,NA,0,NA,NA,NA,NA,NA,NA,NA,125,vs CLE,31,·,14.3,5.2
10,9758,C.J. Stroud,QB,24.0,HOU,0.0,0,0,0,0,0,0,0,0,0,0,0,0.0,0,0,0,0,0,0,0.00,0,0,0,0,0.00,0.00,0,0,0,0,0,0,0,0,0.0,0.0,0,0,0,0,0,NA,0,0,NA,NA,NA,NA,0,NA,0,0,NA,NA,NA,NA,NA,0,NA,NA,NA,NA,NA,NA,NA,0,vs JAX,3,OUT,OUT,OUT
10,8183,Brock Purdy,QB,25.8,SF,0.0,0,0,0,0,0,0,0,0,0,0,0,0.0,0,0,0,0,0,0,0.00,0,0,0,0,0.00,0.00,0,0,0,0,0,0,0,0,0.0,0.0,0,0,0,0,0,NA,0,0,NA,NA,NA,NA,0,NA,0,0,NA,NA,NA,NA,NA,0,NA,NA,NA,NA,NA,NA,NA,0,vs LAR,28,Q,Q,Q
10,3294,Dak Prescott,QB,32.2,DAL,0.0,0,0,0,0,0,0,0,0,0,0,0,0.0,0,0,0,0,0,0,0.00,0,0,0,0,0.00,0.00,0,0,0,0,0,0,0,0,0.0,0.0,0,0,0,0,0,NA,0,0,NA,NA,NA,NA,0,NA,0,0,NA,NA,NA,NA,NA,0,NA,NA,NA,NA,NA,NA,NA,0,BYE,BYE,BYE,BYE,BYE
10,5859,A.J. Brown,WR,28.2,PHI,69.0,73,79,3.3,2.3,1.3,1,1,1,63,49,0,0.0,0,0,0,0,0,0,0.00,0,0,0,0,0.00,0.00,2,10,0,0,0,3,3,13,6.5,4.3,0,0,0,13,0,NA,0,0,77.8%,NA,NA,NA,0,NA,0,3,0.000,0.0,21,11.5%,0.62,0,NA,NA,NA,NA,NA,0.000,NA,13,@ GB,18,·,15.0,-11.7
10,12529,TreVeyon Henderson,RB,22.9,NE,4.0,4,4,28,27.5,27,1,1,1,61,51,0,0.0,0,0,0,0,0,0,0.00,147,0,0,0,0.00,0.00,1,-5,0,0,0,1,8,3,3.0,3.0,14,0,2,150,2,109,147,10.5,83.6%,4,7.80,0.286,4,1.066,4,15,0.267,4.0,NA,3.2%,NA,0,NA,NA,NA,NA,NA,NA,NA,150,@ TB,11,·,13.4,14.6
10,11624,Xavier Worthy,WR,22.4,KC,0.0,0,0,0,0,0,0,0,0,0,0,0,0.0,0,0,0,0,0,0,0.00,0,0,0,0,0.00,0.00,0,0,0,0,0,0,0,0,0.0,0.0,0,0,0,0,0,NA,0,0,NA,NA,NA,NA,0,NA,0,0,NA,NA,NA,NA,NA,0,NA,NA,NA,NA,NA,NA,NA,0,BYE,BYE,BYE,BYE,BYE
10,10859,Sam LaPorta,TE,24.7,DET,10.0,14,17,10.3,7.8,5.3,1,1,1,70,53,0,0.0,0,0,0,0,0,0,0.00,0,0,0,0,0.00,0.00,5,19,0,3,0,5,34,53,10.6,10.6,0,0,0,53,0,NA,0,0,75.7%,NA,NA,NA,0,NA,3,5,0.600,3.0,25,14.3%,2.12,0,NA,NA,NA,NA,NA,0.120,NA,53,@ WAS,6,·,13.0,-2.7
10,9484,Tucker Kraft,TE,24.9,GB,999.0,999,999,0,0,0,1,0,0,0,0,0,0.0,0,0,0,0,0,0,0.00,0,0,0,0,0.00,0.00,0,0,0,0,0,0,0,0,0.0,0.0,0,0,0,0,0,NA,0,0,NA,NA,NA,NA,0,NA,0,0,NA,NA,NA,NA,NA,0,NA,NA,NA,NA,NA,NA,NA,0,vs PHI,30,IR,IR,IR
10,3163,Jared Goff,QB,31.0,DET,5.0,5,5,24.8,24.8,24.8,1,1,1,70,61,0,75.8,128,33,25,16,8,0,135.90,320,0,3,320,9.70,12.80,0,0,0,0,0,0,0,0,0.0,0.0,0,0,0,0,0,NA,0,0,87.1%,NA,NA,NA,0,NA,19,33,NA,NA,NA,NA,NA,19,57.6%,2.67,6.1%,42.4%,5.90,NA,33.00,320,@ WAS,4,·,21.3,3.5
10,9756,Jordan Addison,WR,23.7,MIN,47.0,49,51,6.5,5,3.5,1,1,1,65,62,0,0.0,0,0,0,0,0,0,0.00,0,0,0,0,0.00,0.00,3,22,0,1,0,11,13,35,11.7,3.2,0,0,0,35,0,NA,0,0,95.4%,NA,NA,NA,0,NA,1,11,0.091,1.0,41,26.2%,0.85,0,NA,NA,NA,NA,NA,0.024,NA,35,vs BAL,6,·,12.3,-5.8
10,12530,Travis Hunter,WR,22.4,JAX,999.0,999,999,0,0,0,1,0,0,0,0,0,0.0,0,0,0,0,0,0,0.00,0,0,0,0,0.00,0.00,0,0,0,0,0,0,0,0,0.0,0.0,0,0,0,0,0,NA,0,0,NA,NA,NA,NA,0,NA,0,0,NA,NA,NA,NA,NA,0,NA,NA,NA,NA,NA,NA,NA,0,@ HOU,29,IR,IR,IR
10,5870,Daniel Jones,QB,28.3,IND,16.0,16,16,16.5,16.5,16.5,1,1,1,77,77,3,73.1,121,26,19,9,7,1,100.60,308,7,1,255,9.81,13.42,0,0,0,0,0,0,0,0,0.0,0.0,7,0,3,53,0,NA,53,7.57,100.0%,NA,NA,NA,3,NA,13,33,NA,NA,NA,NA,NA,10,38.5%,2.67,11.5%,41.0%,8.20,NA,39.00,308,vs ATL,27,·,21.4,-4.9
10,7526,Jaylen Waddle,WR,26.8,MIA,13.0,11,13,19.4,16.9,14.4,1,1,1,53,44,0,0.0,0,0,0,0,0,0,0.00,0,0,0,0,0.00,0.00,5,78,0,2,1,7,6,84,16.8,12.0,0,0,0,84,0,NA,0,0,83.0%,NA,NA,NA,0,NA,3,7,0.429,3.0,17,33.3%,4.94,0,NA,NA,NA,NA,NA,0.118,NA,84,vs BUF,22,·,14.8,4.6
10,6801,Tee Higgins,WR,26.7,CIN,0.0,0,0,0,0,0,0,0,0,0,0,0,0.0,0,0,0,0,0,0,0.00,0,0,0,0,0.00,0.00,0,0,0,0,0,0,0,0,0.0,0.0,0,0,0,0,0,NA,0,0,NA,NA,NA,NA,0,NA,0,0,NA,NA,NA,NA,NA,0,NA,NA,NA,NA,NA,NA,NA,0,BYE,BYE,BYE,BYE,BYE
10,9754,Quentin Johnston,WR,24.1,LAC,38.0,40,44,9.2,6.7,4.2,1,1,1,73,60,0,0.0,0,0,0,0,0,0,0.00,0,0,0,0,0.00,0.00,5,-3,0,2,0,10,45,42,8.4,4.2,0,0,0,42,0,NA,0,0,82.2%,NA,NA,NA,0,NA,2,10,0.200,2.0,35,30.3%,1.20,0,NA,NA,NA,NA,NA,0.057,NA,42,vs PIT,3,·,10.9,-1.7
10,7525,DeVonta Smith,WR,26.9,PHI,18.0,17,17,16.9,14.9,12.9,1,1,1,63,58,0,0.0,0,0,0,0,0,0,0.00,0,0,0,0,0.00,0.00,4,56,0,2,1,7,13,69,17.3,9.9,0,0,0,69,0,NA,0,0,92.1%,NA,NA,NA,0,NA,3,7,0.429,3.0,26,26.9%,2.65,0,NA,NA,NA,NA,NA,0.077,NA,69,@ GB,18,·,14.7,2.2
10,5846,DK Metcalf,WR,27.8,PIT,48.0,50,52,6.5,5,3.5,1,1,1,52,48,0,0.0,0,0,0,0,0,0,0.00,0,0,0,0,0.00,0.00,3,26,0,2,0,7,9,35,11.7,5.0,0,0,0,35,0,NA,0,0,92.3%,NA,NA,NA,0,NA,2,7,0.286,2.0,33,22.6%,1.06,0,NA,NA,NA,NA,NA,0.061,NA,35,@ LAC,28,·,12.8,-6.3
10,9997,Zay Flowers,WR,25.0,BAL,31.0,30,30,12.1,10.1,8.1,1,1,1,70,58,0,0.0,0,0,0,0,0,0,0.00,6,0,0,0,0.00,0.00,4,32,0,3,0,6,43,75,18.8,12.5,1,0,0,81,0,NA,6,6,82.9%,NA,NA,NA,0,NA,3,7,0.429,3.0,26,20.7%,2.88,0,NA,NA,NA,NA,NA,0.115,NA,81,@ MIN,24,·,15.0,-2.9
10,12522,Cam Ward,QB,23.3,TEN,0.0,0,0,0,0,0,0,0,0,0,0,0,0.0,0,0,0,0,0,0,0.00,0,0,0,0,0.00,0.00,0,0,0,0,0,0,0,0,0.0,0.0,0,0,0,0,0,NA,0,0,NA,NA,NA,NA,0,NA,0,0,NA,NA,NA,NA,NA,0,NA,NA,NA,NA,NA,NA,NA,0,BYE,BYE,BYE,BYE,BYE
10,11638,Ricky Pearsall,WR,25.0,SF,0.0,0,0,0,0,0,0,0,0,0,0,0,0.0,0,0,0,0,0,0,0.00,0,0,0,0,0.00,0.00,0,0,0,0,0,0,0,0,0.0,0.0,0,0,0,0,0,NA,0,0,NA,NA,NA,NA,0,NA,0,0,NA,NA,NA,NA,NA,0,NA,NA,NA,NA,NA,NA,NA,0,vs LAR,17,OUT,OUT,OUT
10,8144,Chris Olave,WR,25.2,NO,6.0,6,6,21.4,18.9,16.4,1,1,1,68,37,0,0.0,0,0,0,0,0,0,0.00,0,0,0,0,0.00,0.00,5,79,0,2,1,8,25,104,20.8,13.0,0,0,0,104,0,NA,0,0,54.4%,NA,NA,NA,0,NA,3,8,0.375,3.0,25,28.6%,4.16,0,NA,NA,NA,NA,NA,0.080,NA,104,@ CAR,27,·,15.2,6.2
10,11559,Michael Penix Jr.,QB,25.4,ATL,20.0,20,20,10.98,10.98,10.98,1,1,1,63,63,1,42.9,130,28,12,9,16,0,76.00,176,3,1,177,6.32,14.75,0,0,0,0,0,0,0,0,0.0,0.0,1,0,0,-1,0,NA,-1,-1,100.0%,NA,NA,NA,0,NA,10,29,NA,NA,NA,NA,NA,10,35.7%,3.36,14.3%,35.5%,12.00,NA,31.00,176,@ IND,18,·,16.8,-5.8
10,8151,Kenneth Walker III,RB,24.9,SEA,35.0,36,34,8,7.5,7,1,1,1,62,27,0,0.0,0,0,0,0,0,0,0.00,67,0,0,0,0.00,0.00,1,-2,0,0,0,1,5,3,3.0,3.0,14,2,3,70,0,43,67,4.79,43.5%,3,3.10,0.214,3,0.524,3,15,0.200,3.0,NA,8.3%,NA,0,NA,NA,NA,NA,NA,NA,NA,70,vs ARI,18,·,10.6,-2.6
10,12501,Matthew Golden,WR,22.2,GB,0.0,0,0,0,0,0,0,0,0,0,0,0,0.0,0,0,0,0,0,0,0.00,0,0,0,0,0.00,0.00,0,0,0,0,0,0,0,0,0.0,0.0,0,0,0,0,0,NA,0,0,NA,NA,NA,NA,0,NA,0,0,NA,NA,NA,NA,NA,0,NA,NA,NA,NA,NA,NA,NA,0,vs PHI,20,Q,5.2,-5.2
10,5849,Kyler Murray,QB,28.1,ARI,999.0,999,999,0,0,0,1,0,0,0,0,0,0.0,0,0,0,0,0,0,0.00,0,0,0,0,0.00,0.00,0,0,0,0,0,0,0,0,0.0,0.0,0,0,0,0,0,NA,0,0,NA,NA,NA,NA,0,NA,0,0,NA,NA,NA,NA,NA,0,NA,NA,NA,NA,NA,NA,NA,0,@ SEA,15,IR,IR,IR
10,11565,J.J. McCarthy,QB,22.7,MIN,14.0,14,14,16.72,16.72,16.72,1,1,1,65,65,0,47.6,134,42,20,8,22,2,54.50,296,1,1,248,5.90,12.40,0,0,0,0,0,0,0,0,0.0,0.0,5,3,1,48,0,NA,48,9.6,100.0%,NA,NA,NA,1,NA,10,47,NA,NA,NA,NA,NA,9,21.4%,3.46,21.4%,36.2%,11.80,NA,47.00,296,vs BAL,9,·,19.8,-3.1
10,7588,Javonte Williams,RB,25.4,DAL,0.0,0,0,0,0,0,0,0,0,0,0,0,0.0,0,0,0,0,0,0,0.00,0,0,0,0,0.00,0.00,0,0,0,0,0,0,0,0,0.0,0.0,0,0,0,0,0,NA,0,0,NA,NA,NA,NA,0,NA,0,0,NA,NA,NA,NA,NA,0,NA,NA,NA,NA,NA,NA,NA,0,BYE,BYE,BYE,BYE,BYE
10,7523,Trevor Lawrence,QB,26.0,JAX,21.0,21,21,10.82,10.82,10.82,1,1,1,62,62,2,56.5,81,23,13,6,10,1,74.20,193,5,1,158,6.87,12.15,0,0,0,0,0,0,0,0,0.0,0.0,5,1,2,35,0,NA,35,7,100.0%,NA,NA,NA,2,NA,9,28,NA,NA,NA,NA,NA,7,30.4%,2.94,4.3%,50.0%,7.70,NA,32.00,193,@ HOU,32,·,18.1,-7.3
10,8148,Jameson Williams,WR,24.5,DET,2.0,3,3,23.9,20.9,17.9,1,1,0,70,61,0,0.0,0,0,0,0,0,0,0.00,0,0,0,0,0.00,0.00,6,60,1,5,1,7,59,119,19.8,17.0,0,0,0,119,0,NA,0,0,87.1%,NA,NA,NA,0,NA,6,7,0.857,6.0,32,20.0%,3.72,0,NA,NA,NA,NA,NA,0.156,NA,119,@ WAS,5,·,10.7,13.2
10,4943,Sam Darnold,QB,28.3,SEA,26.0,26,26,5.92,5.92,5.92,1,1,1,62,56,2,83.3,99,12,10,5,2,1,111.80,176,1,1,178,14.83,17.80,0,0,0,0,0,0,0,0,0.0,0.0,3,0,0,-2,0,NA,-2,-0.67,90.3%,NA,NA,NA,0,NA,6,15,NA,NA,NA,NA,NA,6,50.0%,3.05,8.3%,7.7%,9.90,NA,13.00,176,vs ARI,25,·,19.4,-13.5
10,12533,Jacory Croskey-Merritt,RB,24.5,WAS,49.0,48,46,3,3,3,1,1,0,54,24,0,0.0,0,0,0,0,0,0,0.00,30,0,0,0,0.00,0.00,0,0,0,0,0,0,0,0,0.0,0.0,11,0,0,30,0,23,30,2.73,44.4%,3,2.10,0.273,0,0.483,0,11,0.000,0.0,NA,0.0%,NA,0,NA,NA,NA,NA,NA,NA,NA,30,vs DET,30,·,10.2,-7.2
10,12489,RJ Harvey,RB,24.6,DEN,47.0,49,49,3.8,2.8,1.8,1,1,0,61,17,0,0.0,0,0,0,0,0,0,0.00,9,0,0,0,0.00,0.00,2,4,1,0,0,3,5,9,4.5,3.0,4,0,0,18,0,8,9,2.25,27.9%,1,2.00,0.250,0,0.450,0,7,0.000,0.0,NA,10.7%,NA,0,NA,NA,NA,NA,NA,NA,NA,18,vs LV,14,·,9.4,-5.6
10,7543,Travis Etienne,RB,26.7,JAX,13.0,11,12,15.7,14.7,13.7,1,1,1,62,35,0,0.0,0,0,0,0,0,0,0.00,58,0,0,0,0.00,0.00,2,-9,1,1,0,4,28,19,9.5,4.8,16,1,2,77,1,48,58,3.63,56.5%,7,3.00,0.438,3,0.738,4,20,0.200,4.0,NA,17.4%,NA,0,NA,NA,NA,NA,NA,NA,NA,77,@ HOU,20,·,12.3,3.4
10,3198,Derrick Henry,RB,31.7,BAL,22.0,23,29,11.4,9.9,8.4,1,1,1,70,47,0,0.0,0,0,0,0,0,0,0.00,75,0,0,0,0.00,0.00,3,-2,0,0,0,3,11,9,3.0,3.0,20,1,5,84,0,64,75,3.75,67.1%,4,3.20,0.200,5,0.520,5,23,0.217,5.0,NA,10.3%,NA,0,NA,NA,NA,NA,NA,NA,NA,84,@ MIN,21,·,15.8,-4.4
10,9224,Chase Brown,RB,25.5,CIN,0.0,0,0,0,0,0,0,0,0,0,0,0,0.0,0,0,0,0,0,0,0.00,0,0,0,0,0.00,0.00,0,0,0,0,0,0,0,0,0.0,0.0,0,0,0,0,0,NA,0,0,NA,NA,NA,NA,0,NA,0,0,NA,NA,NA,NA,NA,0,NA,NA,NA,NA,NA,NA,NA,0,BYE,BYE,BYE,BYE,BYE
10,8110,Jake Ferguson,TE,26.7,DAL,0.0,0,0,0,0,0,0,0,0,0,0,0,0.0,0,0,0,0,0,0,0.00,0,0,0,0,0.00,0.00,0,0,0,0,0,0,0,0,0.0,0.0,0,0,0,0,0,NA,0,0,NA,NA,NA,NA,0,NA,0,0,NA,NA,NA,NA,NA,0,NA,NA,NA,NA,NA,NA,NA,0,BYE,BYE,BYE,BYE,BYE
10,5045,Courtland Sutton,WR,30.0,DEN,54.0,58,61,5.4,3.9,2.4,1,1,1,61,53,0,0.0,0,0,0,0,0,0,0.00,0,1,0,0,0.00,0.00,3,24,0,1,0,4,0,24,8.0,6.0,0,0,0,24,0,NA,0,0,86.9%,NA,NA,NA,0,NA,1,4,0.250,1.0,28,14.3%,0.86,0,NA,NA,NA,NA,NA,0.036,NA,24,vs LV,4,·,13.0,-7.6
10,12506,Harold Fannin,TE,21.2,CLE,17.0,18,18,8.4,6.4,4.4,1,1,0,73,48,0,0.0,0,0,0,0,0,0,0.00,0,0,0,0,0.00,0.00,4,34,0,2,0,7,10,44,11.0,6.3,0,0,0,44,0,NA,0,0,65.8%,NA,NA,NA,0,NA,2,7,0.286,2.0,28,21.9%,1.57,0,NA,NA,NA,NA,NA,0.071,NA,44,@ NYJ,16,Q,9.3,-0.9
10,4217,George Kittle,TE,32.0,SF,2.0,2,3,23.4,18.9,14.4,1,1,1,63,57,0,0.0,0,0,0,0,0,0,0.00,0,0,0,0,0.00,0.00,9,55,0,3,1,9,29,84,9.3,9.3,0,0,0,84,0,NA,0,0,90.5%,NA,NA,NA,0,NA,4,9,0.444,4.0,32,23.1%,2.63,0,NA,NA,NA,NA,NA,0.094,NA,84,vs LAR,22,·,13.2,10.2
10,2133,Davante Adams,WR,32.8,LAR,12.0,13,15,19.7,16.7,13.7,1,1,1,69,35,0,0.0,0,0,0,0,0,0,0.00,0,0,0,0,0.00,0.00,6,68,0,5,1,8,9,77,12.8,9.6,0,0,0,77,0,NA,0,0,50.7%,NA,NA,NA,0,NA,6,8,0.750,6.0,24,22.2%,3.21,0,NA,NA,NA,NA,NA,0.208,NA,77,@ SF,25,·,15.1,4.6
10,12517,Colston Loveland,TE,21.5,CHI,13.0,15,15,9.5,7.5,5.5,1,1,1,68,42,0,0.0,0,0,0,0,0,0,0.00,0,0,0,0,0.00,0.00,4,42,0,3,0,4,13,55,13.8,13.8,0,0,0,55,0,NA,0,0,61.8%,NA,NA,NA,0,NA,3,4,0.750,3.0,20,11.1%,2.75,0,NA,NA,NA,NA,NA,0.150,NA,55,vs NYG,21,·,9.4,0.1
10,12519,Luther Burden,WR,21.8,CHI,40.0,41,40,8.1,6.6,5.1,1,1,0,68,33,0,0.0,0,0,0,0,0,0,0.00,0,0,0,0,0.00,0.00,3,34,0,2,0,3,17,51,17.0,17.0,0,0,0,51,0,NA,0,0,48.5%,NA,NA,NA,0,NA,2,3,0.667,2.0,16,8.3%,3.19,0,NA,NA,NA,NA,NA,0.125,NA,51,vs NYG,7,·,2.7,5.4
10,9228,Bryce Young,QB,24.2,CAR,29.0,29,29,2.56,2.56,2.56,1,1,1,53,53,1,68.0,69,25,17,6,8,1,62.80,130,2,0,124,4.96,7.29,0,0,0,0,0,0,0,0,0.0,0.0,2,0,1,6,0,NA,6,3,100.0%,NA,NA,NA,1,NA,7,27,NA,NA,NA,NA,NA,6,24.0%,2.86,12.0%,37.0%,7.20,NA,27.00,130,vs NO,12,·,17.6,-15.0
10,8408,Jordan Mason,RB,26.4,MIN,45.0,45,45,4.1,3.6,3.1,1,1,0,65,16,0,0.0,0,0,0,0,0,0,0.00,25,0,0,0,0.00,0.00,1,-4,0,0,0,1,10,6,6.0,6.0,4,2,2,31,0,15,25,6.25,24.6%,1,3.80,0.250,2,0.630,2,5,0.400,2.0,NA,2.4%,NA,0,NA,NA,NA,NA,NA,NA,NA,31,vs BAL,4,·,7.9,-3.8
10,6819,Michael Pittman,WR,28.0,IND,62.0,63,68,3.9,2.9,1.9,1,1,0,77,62,0,0.0,0,0,0,0,0,0,0.00,0,0,0,0,0.00,0.00,2,15,0,0,0,2,4,19,9.5,9.5,0,0,0,19,0,NA,0,0,80.5%,NA,NA,NA,0,NA,0,2,0.000,0.0,29,7.7%,0.66,0,NA,NA,NA,NA,NA,0.000,NA,19,vs ATL,26,·,13.8,-9.9
10,8228,Jaylen Warren,RB,26.9,PIT,23.0,22,22,11.1,10.1,9.1,1,1,1,52,24,0,0.0,0,0,0,0,0,0,0.00,70,0,0,0,0.00,0.00,2,-15,0,1,0,2,36,21,10.5,10.5,14,1,4,91,0,56,70,5,46.2%,7,4.00,0.500,4,0.900,5,16,0.313,5.0,NA,6.5%,NA,0,NA,NA,NA,NA,NA,NA,NA,91,@ LAC,17,·,15.7,-4.6
10,10236,Dalton Kincaid,TE,25.9,BUF,25.0,25,22,5.7,4.7,3.7,1,1,0,68,18,0,0.0,0,0,0,0,0,0,0.00,0,0,0,0,0.00,0.00,2,27,1,2,0,3,10,37,18.5,12.3,0,0,0,37,0,NA,0,0,26.5%,NA,NA,NA,0,NA,2,3,0.667,2.0,12,7.5%,3.08,0,NA,NA,NA,NA,NA,0.167,NA,37,@ MIA,5,·,9.7,-4.0
10,5892,David Montgomery,RB,28.3,DET,29.0,25,24,10.1,9.6,9.1,1,1,0,70,38,0,0.0,0,0,0,0,0,0,0.00,71,0,0,0,0.00,0.00,1,-1,0,0,0,1,1,0,0.0,0.0,15,0,3,71,0,36,71,4.73,54.3%,4,2.40,0.267,3,0.507,3,16,0.188,3.0,NA,2.9%,NA,0,NA,NA,NA,NA,NA,NA,NA,71,@ WAS,16,·,12.7,-2.6
10,11589,Trey Benson,RB,23.2,ARI,999.0,999,999,0,0,0,1,0,0,0,0,0,0.0,0,0,0,0,0,0,0.00,0,0,0,0,0.00,0.00,0,0,0,0,0,0,0,0,0.0,0.0,0,0,0,0,0,NA,0,0,NA,NA,NA,NA,0,NA,0,0,NA,NA,NA,NA,NA,0,NA,NA,NA,NA,NA,NA,NA,0,@ SEA,19,IR,IR,IR
10,9753,Zach Charbonnet,RB,24.7,SEA,18.0,13,10,14.3,14.3,14.3,1,1,0,62,23,0,0.0,0,0,0,0,0,0,0.00,83,0,0,0,0.00,0.00,0,0,0,0,0,0,0,0,0.0,0.0,14,4,3,83,1,69,83,5.93,37.1%,5,4.90,0.357,4,0.847,4,14,0.286,4.0,NA,0.0%,NA,0,NA,NA,NA,NA,NA,NA,NA,83,vs ARI,18,·,10.1,4.2
10,7553,Kyle Pitts,TE,25.0,ATL,24.0,24,20,5.8,4.8,3.8,1,1,1,63,58,0,0.0,0,0,0,0,0,0,0.00,0,0,0,0,0.00,0.00,2,27,1,2,0,5,11,38,19.0,7.6,0,0,0,38,0,NA,0,0,92.1%,NA,NA,NA,0,NA,2,5,0.400,2.0,27,17.9%,1.41,0,NA,NA,NA,NA,NA,0.074,NA,38,@ IND,4,·,9.8,-4.0
10,7594,Chuba Hubbard,RB,26.3,CAR,51.0,51,52,2.5,2,1.5,1,1,0,53,11,0,0.0,0,0,0,0,0,0,0.00,14,0,0,0,0.00,0.00,1,1,0,0,0,1,0,1,1.0,1.0,3,0,0,15,0,13,14,4.67,20.8%,0,4.30,0.000,0,0.430,0,4,0.000,0.0,NA,4.0%,NA,0,NA,NA,NA,NA,NA,NA,NA,15,vs NO,12,·,5.5,-3.0
10,5927,Terry McLaurin,WR,30.0,WAS,0.0,0,0,0,0,0,0,0,0,0,0,0,0.0,0,0,0,0,0,0,0.00,0,0,0,0,0.00,0.00,0,0,0,0,0,0,0,0,0.0,0.0,0,0,0,0,0,NA,0,0,NA,NA,NA,NA,0,NA,0,0,NA,NA,NA,NA,NA,0,NA,NA,NA,NA,NA,NA,NA,0,vs DET,8,OUT,OUT,OUT
10,6806,J.K. Dobbins,RB,26.8,DEN,30.0,28,28,9.4,8.9,8.4,1,1,1,61,32,0,0.0,0,0,0,0,0,0,0.00,77,0,0,0,0.00,0.00,1,3,0,0,0,1,4,7,7.0,7.0,18,1,3,84,0,56,77,4.28,52.5%,4,3.10,0.222,3,0.532,3,19,0.158,3.0,NA,3.6%,NA,0,NA,NA,NA,NA,NA,NA,NA,84,vs LV,14,Q,11.3,-1.9
10,7021,Rico Dowdle,RB,27.3,CAR,15.0,15,15,15.3,13.8,12.3,1,1,1,53,42,0,0.0,0,0,0,0,0,0,0.00,53,0,0,0,0.00,0.00,3,-9,0,1,0,3,19,10,3.3,3.3,18,1,3,63,1,52,53,2.94,79.2%,1,2.90,0.056,4,0.346,5,21,0.238,5.0,NA,12.0%,NA,0,NA,NA,NA,NA,NA,NA,NA,63,vs NO,12,·,16.7,-1.4
10,11637,Keon Coleman,WR,22.4,BUF,26.0,26,22,13.6,12.1,10.6,1,1,1,68,42,0,0.0,0,0,0,0,0,0,0.00,0,0,0,0,0.00,0.00,3,37,0,1,1,8,9,46,15.3,5.8,0,0,0,46,0,NA,0,0,61.8%,NA,NA,NA,0,NA,2,8,0.250,2.0,34,20.0%,1.35,0,NA,NA,NA,NA,NA,0.029,NA,46,@ MIA,31,·,8.7,4.9
10,6790,D'Andre Swift,RB,26.7,CHI,16.0,18,20,14.8,12.3,9.8,1,1,1,68,42,0,0.0,0,0,0,0,0,0,0.00,80,0,0,0,0.00,0.00,5,0,1,1,0,8,18,18,3.6,2.3,13,1,4,98,0,52,80,6.15,61.8%,5,4.00,0.385,4,0.785,5,21,0.238,5.0,NA,22.2%,NA,0,NA,NA,NA,NA,NA,NA,NA,98,vs NYG,2,Q,12.9,1.9
10,4983,D.J. Moore,WR,28.4,CHI,999.0,999,999,0,0,0,1,1,1,68,42,0,0.0,0,0,0,0,0,0,0.00,0,0,0,0,0.00,0.00,0,0,1,0,0,4,0,0,0.0,0.0,0,0,0,0,0,NA,0,0,61.8%,NA,NA,NA,0,NA,0,4,0.000,0.0,24,11.1%,0.00,0,NA,NA,NA,NA,NA,0.000,NA,0,vs NYG,7,·,10.1,-10.1
10,12474,Woody Marks,RB,24.8,HOU,11.0,10,11,16.1,15.1,14.1,1,1,1,75,60,0,0.0,0,0,0,0,0,0,0.00,63,0,0,0,0.00,0.00,2,-8,0,1,0,3,26,18,9.0,6.0,14,1,3,81,1,43,63,4.5,80.0%,1,3.10,0.071,4,0.381,5,17,0.294,5.0,NA,6.7%,NA,0,NA,NA,NA,NA,NA,NA,NA,81,vs JAX,24,·,11.8,4.3
10,5872,Deebo Samuel,WR,29.7,WAS,28.0,28,29,12.9,10.9,8.9,1,1,1,54,42,0,0.0,0,0,0,0,0,0,0.00,0,0,0,0,0.00,0.00,4,12,0,1,1,5,17,29,7.3,5.8,0,0,0,29,0,NA,0,0,77.8%,NA,NA,NA,0,NA,2,5,0.400,2.0,20,22.7%,1.45,0,NA,NA,NA,NA,NA,0.050,NA,29,vs DET,8,·,13.9,-1.0
10,12499,Elic Ayomanor,WR,22.3,TEN,0.0,0,0,0,0,0,0,0,0,0,0,0,0.0,0,0,0,0,0,0,0.00,0,0,0,0,0.00,0.00,0,0,0,0,0,0,0,0,0.0,0.0,0,0,0,0,0,NA,0,0,NA,NA,NA,NA,0,NA,0,0,NA,NA,NA,NA,NA,0,NA,NA,NA,NA,NA,NA,NA,0,BYE,BYE,BYE,BYE,BYE
10,7591,Justin Fields,QB,26.6,NYJ,23.0,23,23,7.96,7.96,7.96,1,1,1,49,49,0,54.6,-13,11,6,0,5,1,60.40,82,3,1,54,4.91,9.00,0,0,0,0,0,0,0,0,0.0,0.0,7,0,2,28,0,NA,28,4,100.0%,NA,NA,NA,2,NA,3,18,NA,NA,NA,NA,NA,1,9.1%,2.32,18.2%,56.3%,5.40,NA,16.00,82,vs CLE,26,·,19.9,-11.9
10,12490,Bhayshul Tuten,RB,22.6,JAX,54.0,54,54,2,1.5,1,1,1,0,62,17,0,0.0,0,0,0,0,0,0,0.00,5,0,0,0,0.00,0.00,1,3,0,0,0,2,2,5,5.0,2.5,4,0,1,10,0,9,5,1.25,27.4%,1,2.20,0.250,1,0.470,1,6,0.167,1.0,NA,8.7%,NA,0,NA,NA,NA,NA,NA,NA,NA,10,@ HOU,20,·,6.2,-4.2
10,9500,Josh Downs,WR,24.1,IND,90.0,91,90,1.3,0.8,0.3,1,1,0,77,36,0,0.0,0,0,0,0,0,0,0.00,0,0,0,0,0.00,0.00,1,3,0,0,0,2,0,3,3.0,1.5,0,0,0,3,0,NA,0,0,46.8%,NA,NA,NA,0,NA,0,2,0.000,0.0,20,7.7%,0.15,0,NA,NA,NA,NA,NA,0.000,NA,3,vs ATL,26,·,10.0,-8.7
10,2216,Mike Evans,WR,32.1,TB,999.0,999,999,0,0,0,1,0,0,0,0,0,0.0,0,0,0,0,0,0,0.00,0,0,0,0,0.00,0.00,0,0,0,0,0,0,0,0,0.0,0.0,0,0,0,0,0,NA,0,0,NA,NA,NA,NA,0,NA,0,0,NA,NA,NA,NA,NA,0,NA,NA,NA,NA,NA,NA,NA,0,vs NE,15,IR,IR,IR
10,4035,Alvin Kamara,RB,30.2,NO,17.0,17,16,14.5,13,11.5,1,1,1,68,43,0,0.0,0,0,0,0,0,0,0.00,83,0,0,0,0.00,0.00,3,-2,0,1,0,3,34,32,10.7,10.7,22,2,4,115,0,66,83,3.77,63.2%,6,3.00,0.273,4,0.573,5,25,0.200,5.0,NA,10.7%,NA,0,NA,NA,NA,NA,NA,NA,NA,115,@ CAR,15,Q,11.1,3.4
10,421,Matthew Stafford,QB,37.6,LAR,2.0,2,2,26.9,26.9,26.9,1,1,1,69,69,0,66.7,138,36,24,16,12,0,127.10,277,1,4,280,7.78,11.67,0,0,0,0,0,0,0,0,0.0,0.0,3,0,0,-3,0,NA,-3,-1,100.0%,NA,NA,NA,0,NA,20,39,NA,NA,NA,NA,NA,20,55.6%,3.12,11.1%,27.0%,9.00,NA,37.00,277,@ SF,17,·,19.6,7.3
10,12484,Jayden Higgins,WR,22.8,HOU,22.0,24,25,15.2,12.7,10.2,1,1,0,75,43,0,0.0,0,0,0,0,0,0,0.00,0,0,0,0,0.00,0.00,5,36,0,2,1,7,6,42,8.4,6.0,0,0,0,42,0,NA,0,0,57.3%,NA,NA,NA,0,NA,3,7,0.429,3.0,26,15.6%,1.62,0,NA,NA,NA,NA,NA,0.077,NA,42,vs JAX,12,·,3.1,12.1
10,8134,Khalil Shakir,WR,25.6,BUF,29.0,31,38,12.8,9.3,5.8,1,1,1,68,45,0,0.0,0,0,0,0,0,0,0.00,0,0,0,0,0.00,0.00,7,46,0,3,0,9,12,58,8.3,6.4,0,0,0,58,0,NA,0,0,66.2%,NA,NA,NA,0,NA,3,9,0.333,3.0,38,22.5%,1.53,0,NA,NA,NA,NA,NA,0.079,NA,58,@ MIA,31,·,12.3,0.5
10,6803,Brandon Aiyuk,WR,27.5,SF,999.0,999,999,0,0,0,1,0,0,0,0,0,0.0,0,0,0,0,0,0,0.00,0,0,0,0,0.00,0.00,0,0,0,0,0,0,0,0,0.0,0.0,0,0,0,0,0,NA,0,0,NA,NA,NA,NA,0,NA,0,0,NA,NA,NA,NA,NA,0,NA,NA,NA,NA,NA,NA,NA,0,vs LAR,17,PUP,PUP,PUP
10,12498,Mason Taylor,TE,21.4,NYJ,51.0,51,51,1.4,0.9,0.4,1,1,1,49,38,0,0.0,0,0,0,0,0,0,0.00,0,0,0,0,0.00,0.00,1,4,0,0,0,2,0,4,4.0,2.0,0,0,0,4,0,NA,0,0,77.6%,NA,NA,NA,0,NA,0,2,0.000,0.0,11,18.2%,0.36,0,NA,NA,NA,NA,NA,0.000,NA,4,vs CLE,17,·,8.4,-7.0
10,10222,Jayden Reed,WR,25.4,GB,999.0,999,999,0,0,0,1,0,0,0,0,0,0.0,0,0,0,0,0,0,0.00,0,0,0,0,0.00,0.00,0,0,0,0,0,0,0,0,0.0,0.0,0,0,0,0,0,NA,0,0,NA,NA,NA,NA,0,NA,0,0,NA,NA,NA,NA,NA,0,NA,NA,NA,NA,NA,NA,NA,0,vs PHI,20,IR,IR,IR
10,5844,T.J. Hockenson,TE,28.2,MIN,38.0,42,44,2.8,1.8,0.8,1,1,1,65,59,0,0.0,0,0,0,0,0,0,0.00,0,0,0,0,0.00,0.00,2,8,0,0,0,2,0,8,4.0,4.0,0,0,0,8,0,NA,0,0,90.8%,NA,NA,NA,0,NA,0,2,0.000,0.0,35,4.8%,0.23,0,NA,NA,NA,NA,NA,0.000,NA,8,vs BAL,19,·,9.4,-6.6
10,6783,Jerry Jeudy,WR,26.4,CLE,11.0,12,14,19.8,16.8,13.8,1,1,1,73,70,0,0.0,0,0,0,0,0,0,0.00,0,0,0,0,0.00,0.00,6,49,1,4,1,12,29,78,13.0,6.5,0,0,0,78,0,NA,0,0,95.9%,NA,NA,NA,0,NA,5,12,0.417,5.0,37,37.5%,2.11,0,NA,NA,NA,NA,NA,0.108,NA,78,@ NYJ,23,·,8.4,11.4
10,8126,Wan'Dale Robinson,WR,24.7,NYG,30.0,32,35,12.2,9.2,6.2,1,1,1,73,72,0,0.0,0,0,0,0,0,0,0.00,0,0,0,0,0.00,0.00,6,37,2,4,0,11,25,62,10.3,5.6,0,0,0,62,0,NA,0,0,98.6%,NA,NA,NA,0,NA,4,11,0.364,4.0,39,30.6%,1.59,0,NA,NA,NA,NA,NA,0.103,NA,62,@ CHI,2,·,14.4,-2.2
10,8121,Romeo Doubs,WR,25.5,GB,86.0,88,86,1.5,1,0.5,1,1,1,68,42,0,0.0,0,0,0,0,0,0,0.00,0,0,0,0,0.00,0.00,1,5,0,1,0,4,0,5,5.0,1.3,0,0,0,5,0,NA,0,0,61.8%,NA,NA,NA,0,NA,1,4,0.250,1.0,20,11.1%,0.25,0,NA,NA,NA,NA,NA,0.050,NA,5,vs PHI,20,·,10.5,-9.0
10,5947,Jakobi Meyers,WR,28.9,JAX,46.0,45,46,7.1,5.6,4.1,1,1,0,62,27,0,0.0,0,0,0,0,0,0,0.00,0,0,0,0,0.00,0.00,3,34,0,2,0,3,7,41,13.7,13.7,0,0,0,41,0,NA,0,0,43.5%,NA,NA,NA,0,NA,2,3,0.667,2.0,14,13.0%,2.93,0,NA,NA,NA,NA,NA,0.143,NA,41,@ HOU,29,·,9.2,-2.1
10,12504,Kaleb Johnson,RB,22.1,PIT,66.0,65,64,0.3,0.3,0.3,1,1,0,52,4,0,0.0,0,0,0,0,0,0,0.00,3,0,0,0,0.00,0.00,0,0,0,0,0,0,0,0,0.0,0.0,2,0,0,3,0,5,3,1.5,7.7%,1,2.40,0.500,0,0.740,0,2,0.000,0.0,NA,0.0%,NA,0,NA,NA,NA,NA,NA,NA,NA,3,@ LAC,17,·,1.3,-1.0
10,12497,Tory Horton,WR,22.8,SEA,0.0,0,0,0,0,0,0,0,0,0,0,0,0.0,0,0,0,0,0,0,0.00,0,0,0,0,0.00,0.00,0,0,0,0,0,0,0,0,0.0,0.0,0,0,0,0,0,NA,0,0,NA,NA,NA,NA,0,NA,0,0,NA,NA,NA,NA,NA,0,NA,NA,NA,NA,NA,NA,NA,0,vs ARI,19,D,D,D
10,11627,Troy Franklin,WR,22.6,DEN,23.0,25,26,15,12.5,10,1,1,0,61,45,0,0.0,0,0,0,0,0,0,0.00,0,0,0,0,0.00,0.00,5,18,0,1,1,9,22,40,8.0,4.4,0,0,0,40,0,NA,0,0,73.8%,NA,NA,NA,0,NA,2,9,0.222,2.0,27,32.1%,1.48,0,NA,NA,NA,NA,NA,0.037,NA,40,vs LV,4,·,10.4,4.6
10,8676,Rashid Shaheed,WR,27.1,SEA,68.0,66,63,3.3,2.8,2.3,1,1,1,62,21,1,0.0,0,0,0,0,0,0,0.00,20,0,0,0,0.00,0.00,1,-2,0,0,0,1,5,3,3.0,3.0,2,0,2,23,0,NA,20,10,33.9%,NA,NA,NA,2,NA,2,3,0.667,2.0,8,8.3%,0.38,0,NA,NA,NA,NA,NA,0.000,NA,23,vs ARI,19,·,10.1,-6.8
10,4037,Chris Godwin,WR,29.6,TB,0.0,0,0,0,0,0,0,0,0,0,0,0,0.0,0,0,0,0,0,0,0.00,0,0,0,0,0.00,0.00,0,0,0,0,0,0,0,0,0.0,0.0,0,0,0,0,0,NA,0,0,NA,NA,NA,NA,0,NA,0,0,NA,NA,NA,NA,NA,0,NA,NA,NA,NA,NA,NA,NA,0,vs NE,15,OUT,OUT,OUT
10,12495,Ollie Gordon,RB,21.7,MIA,70.0,70,70,-0.3,-0.3,-0.3,1,1,0,53,3,0,0.0,0,0,0,0,0,0,0.00,-3,0,0,0,0.00,0.00,0,0,0,0,0,0,0,0,0.0,0.0,1,0,0,-3,0,NA,-3,-3,5.7%,NA,NA,NA,0,NA,0,1,0.000,0.0,NA,NA,NA,0,NA,NA,NA,NA,NA,NA,NA,-3,vs BUF,7,Q,5.0,-5.3
10,5967,Tony Pollard,RB,28.4,TEN,0.0,0,0,0,0,0,0,0,0,0,0,0,0.0,0,0,0,0,0,0,0.00,0,0,0,0,0.00,0.00,0,0,0,0,0,0,0,0,0.0,0.0,0,0,0,0,0,NA,0,0,NA,NA,NA,NA,0,NA,0,0,NA,NA,NA,NA,NA,0,NA,NA,NA,NA,NA,NA,NA,0,BYE,BYE,BYE,BYE,BYE
10,12535,Isaac TeSlaa,WR,23.6,DET,83.0,81,80,2.1,1.6,1.1,1,1,0,70,20,0,0.0,0,0,0,0,0,0,0.00,0,0,0,0,0.00,0.00,1,11,0,1,0,1,0,11,11.0,11.0,0,0,0,11,0,NA,0,0,28.6%,NA,NA,NA,0,NA,1,1,1.000,1.0,8,2.9%,1.38,0,NA,NA,NA,NA,NA,0.125,NA,11,@ WAS,5,·,1.2,0.9
10,9504,Kayshon Boutte,WR,23.4,NE,0.0,0,0,0,0,0,0,0,0,0,0,0,0.0,0,0,0,0,0,0,0.00,0,0,0,0,0.00,0.00,0,0,0,0,0,0,0,0,0.0,0.0,0,0,0,0,0,NA,0,0,NA,NA,NA,NA,0,NA,0,0,NA,NA,NA,NA,NA,0,NA,NA,NA,NA,NA,NA,NA,0,@ TB,21,OUT,OUT,OUT
10,6768,Tua Tagovailoa,QB,27.6,MIA,18.0,18,18,12.82,12.82,12.82,1,1,1,53,53,0,71.4,84,21,15,7,6,2,88.10,172,0,2,173,8.24,11.53,0,0,0,0,0,0,0,0,0.0,0.0,2,0,0,-1,0,NA,-1,-0.5,100.0%,NA,NA,NA,0,NA,9,23,NA,NA,NA,NA,NA,9,42.9%,2.69,19.0%,33.3%,9.10,NA,21.00,172,vs BUF,31,·,18.5,-5.7
10,9480,Brenton Strange,TE,24.8,JAX,999.0,999,999,0,0,0,1,0,0,0,0,0,0.0,0,0,0,0,0,0,0.00,0,0,0,0,0.00,0.00,0,0,0,0,0,0,0,0,0.0,0.0,0,0,0,0,0,NA,0,0,NA,NA,NA,NA,0,NA,0,0,NA,NA,NA,NA,NA,0,NA,NA,NA,NA,NA,NA,NA,0,@ HOU,29,IR,IR,IR
10,4033,David Njoku,TE,29.2,CLE,11.0,10,9,10.1,9.1,8.1,1,1,1,73,50,0,0.0,0,0,0,0,0,0,0.00,0,0,0,0,0.00,0.00,2,-5,0,0,1,2,26,21,10.5,10.5,0,0,0,21,0,NA,0,0,68.5%,NA,NA,NA,0,NA,1,2,0.500,1.0,19,6.3%,1.11,0,NA,NA,NA,NA,NA,0.000,NA,21,@ NYJ,16,·,8.1,2.0
10,8131,Isaiah Likely,TE,25.4,BAL,32.0,34,35,3.7,2.7,1.7,1,1,1,70,39,0,0.0,0,0,0,0,0,0,0.00,0,0,0,0,0.00,0.00,2,10,1,1,0,5,7,17,8.5,3.4,0,0,0,17,0,NA,0,0,55.7%,NA,NA,NA,0,NA,1,5,0.200,1.0,17,17.2%,1.00,0,NA,NA,NA,NA,NA,0.059,NA,17,@ MIN,12,·,5.7,-2.0
10,10213,Tre Tucker,WR,24.6,LV,53.0,55,49,5.5,4.5,3.5,1,1,1,60,60,0,0.0,0,0,0,0,0,0,0.00,7,0,0,0,0.00,0.00,2,23,0,1,0,3,5,28,14.0,9.3,1,0,0,35,0,NA,7,7,100.0%,NA,NA,NA,0,NA,1,4,0.250,1.0,33,11.1%,0.85,0,NA,NA,NA,NA,NA,0.030,NA,35,@ DEN,32,·,10.9,-5.4
10,1479,Keenan Allen,WR,33.4,LAC,63.0,65,69,3.9,2.9,1.9,1,1,0,73,37,0,0.0,0,0,0,0,0,0,0.00,0,0,0,0,0.00,0.00,2,4,0,1,0,5,15,19,9.5,3.8,0,0,0,19,0,NA,0,0,50.7%,NA,NA,NA,0,NA,1,5,0.200,1.0,23,15.2%,0.83,0,NA,NA,NA,NA,NA,0.043,NA,19,vs PIT,3,·,12.9,-9.0
10,7049,Jauan Jennings,WR,28.2,SF,17.0,19,21,17.1,14.1,11.1,1,1,1,63,58,1,0.0,0,0,0,0,0,0,0.00,0,0,0,0,0.00,0.00,6,63,0,3,1,9,8,71,11.8,7.9,0,0,0,71,0,NA,0,0,92.1%,NA,NA,NA,0,NA,4,9,0.444,4.0,35,23.1%,2.03,0,NA,NA,NA,NA,NA,0.086,NA,71,vs LAR,17,·,10.8,6.3
10,5022,Dallas Goedert,TE,30.7,PHI,18.0,19,19,8.3,6.3,4.3,1,1,1,63,54,0,0.0,0,0,0,0,0,0,0.00,0,0,0,0,0.00,0.00,4,34,0,3,0,6,9,43,10.8,7.2,0,0,0,43,0,NA,0,0,85.7%,NA,NA,NA,0,NA,3,6,0.500,3.0,22,23.1%,1.95,0,NA,NA,NA,NA,NA,0.136,NA,43,@ GB,8,·,11.1,-2.8
10,8132,Tyler Allgeier,RB,25.4,ATL,9.0,7,7,17.7,17.7,17.7,1,1,0,63,23,0,0.0,0,0,0,0,0,0,0.00,57,0,0,0,0.00,0.00,0,0,0,0,0,0,0,0,0.0,0.0,11,1,3,57,2,39,57,5.18,36.5%,3,3.50,0.273,5,0.623,5,11,0.455,5.0,NA,0.0%,NA,0,NA,NA,NA,NA,NA,NA,NA,57,@ IND,25,·,6.6,11.1
10,8136,Rachaad White,RB,26.7,TB,27.0,32,38,10.4,7.9,5.4,1,1,1,69,50,0,0.0,0,0,0,0,0,0,0.00,38,0,0,0,0.00,0.00,5,-6,0,2,0,5,22,16,3.2,3.2,10,0,2,54,0,41,38,3.8,72.5%,3,4.10,0.300,2,0.710,4,15,0.267,4.0,NA,11.6%,NA,0,NA,NA,NA,NA,NA,NA,NA,54,vs NE,29,·,15.6,-5.2
10,2449,Stefon Diggs,WR,31.8,NE,21.0,22,23,15.6,13.1,10.6,1,1,1,61,36,0,0.0,0,0,0,0,0,0,0.00,0,0,0,0,0.00,0.00,5,38,0,2,1,8,8,46,9.2,5.8,0,0,0,46,0,NA,0,0,59.0%,NA,NA,NA,0,NA,3,8,0.375,3.0,25,25.8%,1.84,0,NA,NA,NA,NA,NA,0.080,NA,46,@ TB,21,·,14.1,1.5
10,11576,Braelon Allen,RB,21.7,NYJ,999.0,999,999,0,0,0,1,0,0,0,0,0,0.0,0,0,0,0,0,0,0.00,0,0,0,0,0.00,0.00,0,0,0,0,0,0,0,0,0.0,0.0,0,0,0,0,0,NA,0,0,NA,NA,NA,NA,0,NA,0,0,NA,NA,NA,NA,NA,0,NA,NA,NA,NA,NA,NA,NA,0,vs CLE,31,IR,IR,IR
10,9508,Tyjae Spears,RB,24.3,TEN,0.0,0,0,0,0,0,0,0,0,0,0,0,0.0,0,0,0,0,0,0,0.00,0,0,0,0,0.00,0.00,0,0,0,0,0,0,0,0,0.0,0.0,0,0,0,0,0,NA,0,0,NA,NA,NA,NA,0,NA,0,0,NA,NA,NA,NA,NA,0,NA,NA,NA,NA,NA,NA,NA,0,BYE,BYE,BYE,BYE,BYE
10,9494,Marvin Mims,WR,23.5,DEN,0.0,0,0,0,0,0,0,0,0,0,0,0,0.0,0,0,0,0,0,0,0.00,0,0,0,0,0.00,0.00,0,0,0,0,0,0,0,0,0.0,0.0,0,0,0,0,0,NA,0,0,NA,NA,NA,NA,0,NA,0,0,NA,NA,NA,NA,NA,0,NA,NA,NA,NA,NA,NA,NA,0,vs LV,4,OUT,OUT,OUT
10,9757,Kendre Miller,RB,23.3,NO,999.0,999,999,0,0,0,1,0,0,0,0,0,0.0,0,0,0,0,0,0,0.00,0,0,0,0,0.00,0.00,0,0,0,0,0,0,0,0,0.0,0.0,0,0,0,0,0,NA,0,0,NA,NA,NA,NA,0,NA,0,0,NA,NA,NA,NA,NA,0,NA,NA,NA,NA,NA,NA,NA,0,@ CAR,15,IR,IR,IR
10,12509,Tre Harris,WR,23.6,LAC,80.0,82,88,2.4,1.4,0.4,1,1,0,73,32,0,0.0,0,0,0,0,0,0,0.00,0,0,0,0,0.00,0.00,2,-6,0,0,0,2,10,4,2.0,2.0,0,0,0,4,0,NA,0,0,43.8%,NA,NA,NA,0,NA,0,2,0.000,0.0,14,6.1%,0.29,0,NA,NA,NA,NA,NA,0.000,NA,4,vs PIT,3,·,3.2,-0.8
10,12521,Elijah Arroyo,TE,22.5,SEA,48.0,48,48,1.5,1,0.5,1,1,0,62,29,0,0.0,0,0,0,0,0,0,0.00,0,0,0,0,0.00,0.00,1,4,0,0,0,1,1,5,5.0,5.0,0,0,0,5,0,NA,0,0,46.8%,NA,NA,NA,0,NA,0,1,0.000,0.0,7,8.3%,0.71,0,NA,NA,NA,NA,NA,0.000,NA,5,vs ARI,10,·,4.7,-3.2
10,12469,Dylan Sampson,RB,21.0,CLE,59.0,63,68,0.9,0.4,-0.1,1,1,0,73,22,0,0.0,0,0,0,0,0,0,0.00,-4,0,0,0,0.00,0.00,1,1,0,0,0,1,2,3,3.0,3.0,2,1,0,-1,0,4,-4,-2,30.1%,2,2.00,1.000,0,1.200,0,3,0.000,0.0,NA,3.1%,NA,0,NA,NA,NA,NA,NA,NA,NA,-1,@ NYJ,8,·,4.0,-3.1
10,11562,Spencer Rattler,QB,25.0,NO,999.0,999,999,0,0,0,1,0,0,68,0,0,0.0,0,0,0,0,0,0,0.00,0,0,0,0,0.00,0.00,0,0,0,0,0,0,0,0,0.0,0.0,0,0,0,0,0,NA,0,0,0.0%,NA,NA,NA,0,NA,0,0,NA,NA,NA,NA,NA,0,NA,NA,NA,NA,NA,NA,NA,0,@ CAR,23,·,·,·
10,11586,Blake Corum,RB,24.8,LAR,41.0,39,37,5.6,5.6,5.6,1,1,0,69,27,0,0.0,0,0,0,0,0,0,0.00,56,0,0,0,0.00,0.00,0,0,0,0,0,0,0,0,0.0,0.0,13,1,4,56,0,34,56,4.31,39.1%,3,2.60,0.231,4,0.491,4,13,0.308,4.0,NA,0.0%,NA,0,NA,NA,NA,NA,NA,NA,NA,56,@ SF,22,·,5.0,0.6
10,11618,Jalen McMillan,WR,23.8,TB,999.0,999,999,0,0,0,1,0,0,0,0,0,0.0,0,0,0,0,0,0,0.00,0,0,0,0,0.00,0.00,0,0,0,0,0,0,0,0,0.0,0.0,0,0,0,0,0,NA,0,0,NA,NA,NA,NA,0,NA,0,0,NA,NA,NA,NA,NA,0,NA,NA,NA,NA,NA,NA,NA,0,vs NE,15,IR,IR,IR
10,7611,Rhamondre Stevenson,RB,27.6,NE,0.0,0,0,0,0,0,0,0,0,0,0,0,0.0,0,0,0,0,0,0,0.00,0,0,0,0,0.00,0.00,0,0,0,0,0,0,0,0,0.0,0.0,0,0,0,0,0,NA,0,0,NA,NA,NA,NA,0,NA,0,0,NA,NA,NA,NA,NA,0,NA,NA,NA,NA,NA,NA,NA,0,@ TB,11,OUT,OUT,OUT
10,12510,Jalen Milroe,QB,22.8,SEA,0.0,0,0,0,0,0,0,0,0,0,0,0,0.0,0,0,0,0,0,0,0.00,0,0,0,0,0.00,0.00,0,0,0,0,0,0,0,0,0.0,0.0,0,0,0,0,0,NA,0,0,NA,NA,NA,NA,0,NA,0,0,NA,NA,NA,NA,NA,0,NA,NA,NA,NA,NA,NA,NA,0,vs ARI,25,·,·,·
10,8205,Isiah Pacheco,RB,26.6,KC,0.0,0,0,0,0,0,0,0,0,0,0,0,0.0,0,0,0,0,0,0,0.00,0,0,0,0,0.00,0.00,0,0,0,0,0,0,0,0,0.0,0.0,0,0,0,0,0,NA,0,0,NA,NA,NA,NA,0,NA,0,0,NA,NA,NA,NA,NA,0,NA,NA,NA,NA,NA,NA,NA,0,BYE,BYE,BYE,BYE,BYE
10,10444,Cedric Tillman,WR,25.4,CLE,72.0,77,81,3.1,2.1,1.1,1,1,1,73,53,0,0.0,0,0,0,0,0,0,0.00,0,0,0,0,0.00,0.00,2,10,0,0,0,4,1,11,5.5,2.8,0,0,0,11,0,NA,0,0,72.6%,NA,NA,NA,0,NA,0,4,0.000,0.0,28,12.5%,0.39,0,NA,NA,NA,NA,NA,0.000,NA,11,@ NYJ,23,Q,7.6,-4.5
10,11646,Jalen Coker,WR,23.9,CAR,59.0,60,66,5.1,3.6,2.1,1,1,0,53,40,0,0.0,0,0,0,0,0,0,0.00,0,0,0,0,0.00,0.00,3,14,0,1,0,4,7,21,7.0,5.3,0,0,0,21,0,NA,0,0,75.5%,NA,NA,NA,0,NA,1,4,0.250,1.0,22,16.0%,0.95,0,NA,NA,NA,NA,NA,0.045,NA,21,vs NO,14,·,7.1,-2.0
10,12536,Jaylin Noel,WR,23.1,HOU,43.0,46,50,7.5,5.5,3.5,1,1,1,75,25,0,0.0,0,0,0,0,0,0,0.00,0,0,0,0,0.00,0.00,4,30,0,3,0,4,5,35,8.8,8.8,0,0,0,35,0,NA,0,0,33.3%,NA,NA,NA,0,NA,3,4,0.750,3.0,17,8.9%,2.06,0,NA,NA,NA,NA,NA,0.176,NA,35,vs JAX,12,·,1.8,5.7
10,12541,Dont'e Thornton,WR,22.8,LV,87.0,89,87,1.4,0.9,0.4,1,1,1,60,37,0,0.0,0,0,0,0,0,0,0.00,0,0,0,0,0.00,0.00,1,4,1,0,0,2,0,4,4.0,2.0,0,0,0,4,0,NA,0,0,61.7%,NA,NA,NA,0,NA,0,2,0.000,0.0,20,7.4%,0.20,0,NA,NA,NA,NA,NA,0.000,NA,4,@ DEN,32,·,1.7,-0.3
10,3214,Hunter Henry,TE,30.8,NE,44.0,44,43,1.9,1.4,0.9,1,1,1,61,53,0,0.0,0,0,0,0,0,0,0.00,0,0,0,0,0.00,0.00,1,-3,0,0,0,4,12,9,9.0,2.3,0,0,0,9,0,NA,0,0,86.9%,NA,NA,NA,0,NA,0,4,0.000,0.0,27,12.9%,0.33,0,NA,NA,NA,NA,NA,0.000,NA,9,@ TB,18,·,10.2,-8.3
10,12534,Kyle Monangai,RB,23.3,CHI,32.0,29,25,8.8,8.8,8.8,1,1,0,68,26,0,0.0,0,0,0,0,0,0,0.00,28,0,0,0,0.00,0.00,0,0,1,0,0,1,0,0,0.0,0.0,7,0,0,28,1,23,28,4,38.2%,1,3.30,0.143,1,0.473,1,8,0.125,1.0,NA,2.8%,NA,0,NA,NA,NA,NA,NA,NA,NA,28,vs NYG,2,·,9.2,-0.4
10,12486,Dillon Gabriel,QB,24.8,CLE,9.0,9,9,20.08,20.08,20.08,1,1,1,73,73,0,53.1,91,32,17,6,15,0,88.90,221,6,2,167,5.22,9.82,0,0,0,0,0,0,0,0,0.0,0.0,5,1,3,54,0,NA,54,10.8,100.0%,NA,NA,NA,3,NA,11,37,NA,NA,NA,NA,NA,8,25.0%,2.77,6.3%,55.8%,6.40,NA,43.00,221,@ NYJ,11,·,16.0,4.1
10,7090,Darnell Mooney,WR,27.9,ATL,77.0,76,72,2.7,2.2,1.7,1,1,1,63,57,0,0.0,0,0,0,0,0,0,0.00,0,0,0,0,0.00,0.00,1,14,1,1,0,8,3,17,17.0,2.1,0,0,0,17,0,NA,0,0,90.5%,NA,NA,NA,0,NA,1,8,0.125,1.0,29,28.6%,0.59,0,NA,NA,NA,NA,NA,0.034,NA,17,@ IND,9,·,9.3,-6.6
10,5012,Mark Andrews,TE,30.1,BAL,9.0,11,12,10.4,8.9,7.4,1,1,1,70,44,0,0.0,0,0,0,0,0,0,0.00,0,0,0,0,0.00,0.00,3,10,1,1,1,5,4,14,4.7,2.8,0,0,0,14,0,NA,0,0,62.9%,NA,NA,NA,0,NA,2,5,0.400,2.0,20,17.2%,0.70,0,NA,NA,NA,NA,NA,0.050,NA,14,@ MIN,12,·,9.6,0.8
10,12483,Jack Bech,WR,22.8,LV,999.0,999,999,0,0,0,1,1,1,60,14,0,0.0,0,0,0,0,0,0,0.00,0,0,0,0,0.00,0.00,0,0,1,0,0,1,0,0,0.0,0.0,0,0,0,0,0,NA,0,0,23.3%,NA,NA,NA,0,NA,0,1,0.000,0.0,7,3.7%,0.00,0,NA,NA,NA,NA,NA,0.000,NA,0,@ DEN,32,·,7.0,-7.0
10,7571,Rashod Bateman,WR,25.8,BAL,61.0,61,59,4,3.5,3,1,1,1,70,43,0,0.0,0,0,0,0,0,0,0.00,0,0,0,0,0.00,0.00,1,4,1,1,0,2,6,10,10.0,5.0,0,0,0,10,0,NA,0,0,61.4%,NA,NA,NA,0,NA,1,2,0.500,1.0,25,6.9%,0.40,0,NA,NA,NA,NA,NA,0.040,NA,10,@ MIN,24,·,8.7,-4.7
10,11655,Tyrone Tracy,RB,25.8,NYG,34.0,35,33,8.1,7.6,7.1,1,1,1,73,49,0,0.0,0,0,0,0,0,0,0.00,71,0,0,0,0.00,0.00,1,-2,0,0,0,2,2,0,0.0,0.0,14,0,3,71,0,38,71,5.07,67.1%,2,2.70,0.143,3,0.413,3,16,0.188,3.0,NA,5.6%,NA,0,NA,NA,NA,NA,NA,NA,NA,71,@ CHI,13,·,11.3,-3.2
10,7002,Juwan Johnson,TE,29.0,NO,3.0,3,2,19.2,17.2,15.2,1,1,0,68,34,0,0.0,0,0,0,0,0,0,0.00,0,0,0,0,0.00,0.00,4,42,0,1,1,4,50,92,23.0,23.0,0,0,0,92,0,NA,0,0,50.0%,NA,NA,NA,0,NA,2,4,0.500,2.0,21,14.3%,4.38,0,NA,NA,NA,NA,NA,0.048,NA,92,@ CAR,13,·,10.6,8.6
10,12457,Jaydon Blue,RB,21.7,DAL,0.0,0,0,0,0,0,0,0,0,0,0,0,0.0,0,0,0,0,0,0,0.00,0,0,0,0,0.00,0.00,0,0,0,0,0,0,0,0,0.0,0.0,0,0,0,0,0,NA,0,0,NA,NA,NA,NA,0,NA,0,0,NA,NA,NA,NA,NA,0,NA,NA,NA,NA,NA,NA,NA,0,BYE,BYE,BYE,BYE,BYE
10,1466,Travis Kelce,TE,36.0,KC,0.0,0,0,0,0,0,0,0,0,0,0,0,0.0,0,0,0,0,0,0,0.00,0,0,0,0,0.00,0.00,0,0,0,0,0,0,0,0,0.0,0.0,0,0,0,0,0,NA,0,0,NA,NA,NA,NA,0,NA,0,0,NA,NA,NA,NA,NA,0,NA,NA,NA,NA,NA,NA,NA,0,BYE,BYE,BYE,BYE,BYE
10,4199,Aaron Jones,RB,30.8,MIN,12.0,12,13,15.9,14.4,12.9,1,1,1,65,46,0,0.0,0,0,0,0,0,0,0.00,47,0,0,0,0.00,0.00,3,-2,0,1,0,6,24,22,7.3,3.7,9,1,2,69,1,27,47,5.22,70.8%,2,3.00,0.222,3,0.522,4,15,0.267,4.0,NA,14.3%,NA,0,NA,NA,NA,NA,NA,NA,NA,69,vs BAL,4,Q,9.8,6.1
10,8167,Christian Watson,WR,26.4,GB,49.0,47,41,6.5,5.5,4.5,1,1,1,68,56,0,0.0,0,0,0,0,0,0,0.00,0,0,0,0,0.00,0.00,2,37,0,2,0,4,8,45,22.5,11.3,0,0,0,45,0,NA,0,0,82.4%,NA,NA,NA,0,NA,2,4,0.500,2.0,31,11.1%,1.45,0,NA,NA,NA,NA,NA,0.065,NA,45,vs PHI,20,·,7.8,-1.3
10,4981,Calvin Ridley,WR,30.8,TEN,0.0,0,0,0,0,0,0,0,0,0,0,0,0.0,0,0,0,0,0,0,0.00,0,0,0,0,0.00,0.00,0,0,0,0,0,0,0,0,0.0,0.0,0,0,0,0,0,NA,0,0,NA,NA,NA,NA,0,NA,0,0,NA,NA,NA,NA,NA,0,NA,NA,NA,NA,NA,NA,NA,0,BYE,BYE,BYE,BYE,BYE
10,11597,Theo Johnson,TE,24.6,NYG,7.0,8,10,14.5,11,7.5,1,1,1,73,71,0,0.0,0,0,0,0,0,0,0.00,0,0,0,0,0.00,0.00,7,58,0,3,0,8,17,75,10.7,9.4,0,0,0,75,0,NA,0,0,97.3%,NA,NA,NA,0,NA,3,8,0.375,3.0,32,22.2%,2.34,0,NA,NA,NA,NA,NA,0.094,NA,75,@ CHI,11,·,9.3,5.2
10,12487,Terrance Ferguson,TE,22.6,LAR,29.0,28,25,4.2,3.7,3.2,1,1,1,69,22,0,0.0,0,0,0,0,0,0,0.00,0,0,0,0,0.00,0.00,1,21,0,1,0,4,11,32,32.0,8.0,0,0,0,32,0,NA,0,0,31.9%,NA,NA,NA,0,NA,1,4,0.250,1.0,13,11.1%,2.46,0,NA,NA,NA,NA,NA,0.077,NA,32,@ SF,9,·,1.9,2.3
10,12493,Oronde Gadsden,TE,22.3,LAC,28.0,31,40,4.3,2.8,1.3,1,1,1,73,38,0,0.0,0,0,0,0,0,0,0.00,0,0,0,0,0.00,0.00,3,7,1,0,0,6,6,13,4.3,2.2,0,0,0,13,0,NA,0,0,52.1%,NA,NA,NA,0,NA,0,6,0.000,0.0,21,18.2%,0.62,0,NA,NA,NA,NA,NA,0.000,NA,13,vs PIT,3,·,12.1,-7.8
10,12503,Isaiah Bond,WR,21.5,CLE,0.0,0,0,0,0,0,0,0,0,0,0,0,0.0,0,0,0,0,0,0,0.00,0,0,0,0,0.00,0.00,0,0,0,0,0,0,0,0,0.0,0.0,0,0,0,0,0,NA,0,0,NA,NA,NA,NA,0,NA,0,0,NA,NA,NA,NA,NA,0,NA,NA,NA,NA,NA,NA,NA,0,@ NYJ,23,OUT,OUT,OUT
10,12471,DJ Giddens,RB,22.1,IND,0.0,0,0,0,0,0,0,0,0,0,0,0,0.0,0,0,0,0,0,0,0.00,0,0,0,0,0.00,0.00,0,0,0,0,0,0,0,0,0.0,0.0,0,0,0,0,0,NA,0,0,NA,NA,NA,NA,0,NA,0,0,NA,NA,NA,NA,NA,0,NA,NA,NA,NA,NA,NA,NA,0,vs ATL,10,·,0.6,-0.6
10,12547,Kyle Williams,WR,22.9,NE,25.0,20,16,14.2,13.7,13.2,1,1,0,61,34,0,0.0,0,0,0,0,0,0,0.00,0,0,0,0,0.00,0.00,1,13,0,0,1,2,59,72,72.0,36.0,0,0,0,72,0,NA,0,0,55.7%,NA,NA,NA,0,NA,1,2,0.500,1.0,17,6.5%,4.24,0,NA,NA,NA,NA,NA,0.000,NA,72,@ TB,21,·,5.5,8.7
10,11600,Ja'Tavion Sanders,TE,22.5,CAR,19.0,20,26,8.2,5.7,3.2,1,1,0,53,19,0,0.0,0,0,0,0,0,0,0.00,0,0,0,0,0.00,0.00,5,15,0,1,0,5,17,32,6.4,6.4,0,0,0,32,0,NA,0,0,35.8%,NA,NA,NA,0,NA,1,5,0.200,1.0,11,20.0%,2.91,0,NA,NA,NA,NA,NA,0.091,NA,32,vs NO,14,·,5.7,2.5
10,5848,Marquise Brown,WR,28.3,KC,0.0,0,0,0,0,0,0,0,0,0,0,0,0.0,0,0,0,0,0,0,0.00,0,0,0,0,0.00,0.00,0,0,0,0,0,0,0,0,0.0,0.0,0,0,0,0,0,NA,0,0,NA,NA,NA,NA,0,NA,0,0,NA,NA,NA,NA,NA,0,NA,NA,NA,NA,NA,NA,NA,0,BYE,BYE,BYE,BYE,BYE
10,1373,Geno Smith,QB,35.0,LV,27.0,27,27,5.42,5.42,5.42,1,1,1,60,58,0,61.5,59,26,16,6,10,1,60.30,150,6,0,143,5.50,8.94,0,0,0,0,0,0,0,0,0.0,0.0,3,0,1,7,0,NA,7,2.33,96.7%,NA,NA,NA,1,NA,7,29,NA,NA,NA,NA,NA,6,23.1%,2.64,7.7%,38.2%,4.40,NA,34.00,150,@ DEN,30,Q,18.8,-13.4
10,8154,Brian Robinson,RB,26.5,SF,21.0,21,17,11.5,11,10.5,1,1,0,63,14,0,0.0,0,0,0,0,0,0,0.00,41,0,0,0,0.00,0.00,1,4,0,0,0,1,0,4,4.0,4.0,8,4,3,45,1,29,41,5.13,22.2%,3,3.60,0.375,4,0.735,4,9,0.444,4.0,NA,2.6%,NA,0,NA,NA,NA,NA,NA,NA,NA,45,vs LAR,32,·,2.5,9.0
10,8188,Tyquan Thornton,WR,25.1,KC,0.0,0,0,0,0,0,0,0,0,0,0,0,0.0,0,0,0,0,0,0,0.00,0,0,0,0,0.00,0.00,0,0,0,0,0,0,0,0,0.0,0.0,0,0,0,0,0,NA,0,0,NA,NA,NA,NA,0,NA,0,0,NA,NA,NA,NA,NA,0,NA,NA,NA,NA,NA,NA,NA,0,BYE,BYE,BYE,BYE,BYE
10,8111,Cade Otton,TE,26.4,TB,6.0,6,8,17.2,12.7,8.2,1,1,1,69,67,0,0.0,0,0,0,0,0,0,0.00,0,0,0,0,0.00,0.00,9,32,1,3,0,12,50,82,9.1,6.8,0,0,0,82,0,NA,0,0,97.1%,NA,NA,NA,0,NA,3,12,0.250,3.0,38,27.9%,2.16,0,NA,NA,NA,NA,NA,0.079,NA,82,vs NE,7,·,9.1,8.1
10,12455,Brashard Smith,RB,22.5,KC,0.0,0,0,0,0,0,0,0,0,0,0,0,0.0,0,0,0,0,0,0,0.00,0,0,0,0,0.00,0.00,0,0,0,0,0,0,0,0,0.0,0.0,0,0,0,0,0,NA,0,0,NA,NA,NA,NA,0,NA,0,0,NA,NA,NA,NA,NA,0,NA,NA,NA,NA,NA,NA,NA,0,BYE,BYE,BYE,BYE,BYE
10,9502,Tank Dell,WR,25.9,HOU,999.0,999,999,0,0,0,1,0,0,0,0,0,0.0,0,0,0,0,0,0,0.00,0,0,0,0,0.00,0.00,0,0,0,0,0,0,0,0,0.0,0.0,0,0,0,0,0,NA,0,0,NA,NA,NA,NA,0,NA,0,0,NA,NA,NA,NA,NA,0,NA,NA,NA,NA,NA,NA,NA,0,vs JAX,12,PUP,PUP,PUP
10,7527,Mac Jones,QB,27.1,SF,6.0,6,6,24.06,24.06,24.06,1,1,1,63,63,0,84.6,218,39,33,13,6,1,115.70,322,0,3,319,8.18,9.67,0,0,0,0,0,0,0,0,0.0,0.0,1,0,1,3,0,NA,3,3,100.0%,NA,NA,NA,1,NA,17,40,NA,NA,NA,NA,NA,16,41.0%,3.00,5.1%,23.1%,7.00,NA,39.00,322,vs LAR,28,·,16.0,8.1
10,8142,Alec Pierce,WR,25.4,IND,14.0,14,12,18.4,16.4,14.4,1,1,1,77,73,0,0.0,0,0,0,0,0,0,0.00,0,0,0,0,0.00,0.00,4,72,0,3,1,7,12,84,21.0,12.0,0,0,0,84,0,NA,0,0,94.8%,NA,NA,NA,0,NA,4,7,0.571,4.0,30,26.9%,2.80,0,NA,NA,NA,NA,NA,0.100,NA,84,vs ATL,26,·,10.4,8.0
10,11625,Adonai Mitchell,WR,23.0,NYJ,0.0,0,0,0,0,0,0,0,0,0,0,0,0.0,0,0,0,0,0,0,0.00,0,0,0,0,0.00,0.00,0,0,0,0,0,0,0,0,0.0,0.0,0,0,0,0,0,NA,0,0,NA,NA,NA,NA,0,NA,0,0,NA,NA,NA,NA,NA,0,NA,NA,NA,NA,NA,NA,NA,0,vs CLE,13,·,3.1,-3.1
10,9486,Dontayvion Wicks,WR,24.3,GB,41.0,43,47,7.8,5.8,3.8,1,1,1,68,44,0,0.0,0,0,0,0,0,0,0.00,0,0,0,0,0.00,0.00,4,36,0,4,0,8,2,38,9.5,4.8,0,0,0,38,0,NA,0,0,64.7%,NA,NA,NA,0,NA,4,8,0.500,4.0,28,22.2%,1.36,0,NA,NA,NA,NA,NA,0.143,NA,38,vs PHI,20,Q,4.2,3.6
10,12492,Pat Bryant,WR,22.8,DEN,56.0,52,43,5.3,4.8,4.3,1,1,0,61,30,0,0.0,0,0,0,0,0,0,0.00,0,0,0,0,0.00,0.00,1,19,0,1,0,2,24,43,43.0,21.5,0,0,0,43,0,NA,0,0,49.2%,NA,NA,NA,0,NA,1,2,0.500,1.0,22,7.1%,1.95,0,NA,NA,NA,NA,NA,0.045,NA,43,vs LV,4,·,4.1,1.2
10,4066,Evan Engram,TE,31.1,DEN,35.0,37,41,3.2,2.2,1.2,1,1,0,61,27,0,0.0,0,0,0,0,0,0,0.00,0,0,0,0,0.00,0.00,2,3,0,0,0,5,9,12,6.0,2.4,0,0,0,12,0,NA,0,0,44.3%,NA,NA,NA,0,NA,0,5,0.000,0.0,23,17.9%,0.52,0,NA,NA,NA,NA,NA,0.000,NA,12,vs LV,28,·,8.2,-5.0
10,11603,AJ Barner,TE,23.4,SEA,54.0,54,52,0.3,0.3,0.3,1,1,1,62,23,0,0.0,0,0,0,0,0,0,0.00,3,0,0,0,0.00,0.00,0,0,0,0,0,0,0,0,0.0,0.0,2,0,2,3,0,NA,3,1.5,37.1%,NA,NA,NA,2,NA,2,2,1.000,2.0,5,0.0%,0.00,0,NA,NA,NA,NA,NA,0.000,NA,3,vs ARI,10,Q,7.5,-7.2
10,7567,Kenneth Gainwell,RB,26.5,PIT,52.0,55,61,2.4,1.4,0.4,1,1,0,52,27,0,0.0,0,0,0,0,0,0,0.00,0,0,0,0,0.00,0.00,2,3,0,0,0,3,1,4,2.0,1.3,0,0,0,4,0,0,0,0,51.9%,0,0.00,NA,0,NA,0,3,0.000,0.0,NA,9.7%,NA,0,NA,NA,NA,NA,NA,NA,NA,4,@ LAC,17,·,8.8,-6.4
10,96,Aaron Rodgers,QB,41.8,PIT,22.0,22,22,8.44,8.44,8.44,1,1,1,52,52,1,51.6,47,31,16,5,15,2,50.60,161,3,1,161,5.19,10.06,0,0,0,0,0,0,0,0,0.0,0.0,0,0,0,0,0,NA,0,0,100.0%,NA,NA,NA,0,NA,6,31,NA,NA,NA,NA,NA,6,19.4%,2.61,9.7%,23.5%,7.70,NA,34.00,161,@ LAC,29,·,18.3,-9.9
10,11626,Xavier Legette,WR,24.7,CAR,999.0,999,999,0,0,0,1,1,1,53,37,0,0.0,0,0,0,0,0,0,0.00,0,0,0,0,0.00,0.00,0,0,0,0,0,1,0,0,0.0,0.0,0,0,0,0,0,NA,0,0,69.8%,NA,NA,NA,0,NA,0,1,0.000,0.0,22,4.0%,0.00,0,NA,NA,NA,NA,NA,0.000,NA,0,vs NO,14,·,7.0,-7.0
10,4039,Cooper Kupp,WR,32.3,SEA,36.0,34,31,9.4,8.4,7.4,1,1,1,62,33,0,0.0,0,0,0,0,0,0,0.00,0,0,0,0,0.00,0.00,2,18,0,2,0,2,56,74,37.0,37.0,0,0,0,74,0,NA,0,0,53.2%,NA,NA,NA,0,NA,2,2,1.000,2.0,9,16.7%,8.22,0,NA,NA,NA,NA,NA,0.222,NA,74,vs ARI,19,Q,8.7,0.7
10,11610,Malik Washington,WR,24.7,MIA,37.0,35,32,9.3,8.3,7.3,1,1,0,53,24,0,0.0,0,0,0,0,0,0,0.00,4,0,0,0,0.00,0.00,2,5,0,0,1,3,4,9,4.5,3.0,1,0,0,13,0,NA,4,4,45.3%,NA,NA,NA,0,NA,1,4,0.250,1.0,14,14.3%,0.64,0,NA,NA,NA,NA,NA,0.000,NA,13,vs BUF,22,·,8.7,0.6
10,11583,Jonathon Brooks,RB,22.2,CAR,999.0,999,999,0,0,0,1,0,0,0,0,0,0.0,0,0,0,0,0,0,0.00,0,0,0,0,0.00,0.00,0,0,0,0,0,0,0,0,0.0,0.0,0,0,0,0,0,NA,0,0,NA,NA,NA,NA,0,NA,0,0,NA,NA,NA,NA,NA,0,NA,NA,NA,NA,NA,NA,NA,0,vs NO,12,PUP,PUP,PUP
10,8210,Chigoziem Okonkwo,TE,26.0,TEN,0.0,0,0,0,0,0,0,0,0,0,0,0,0.0,0,0,0,0,0,0,0.00,0,0,0,0,0.00,0.00,0,0,0,0,0,0,0,0,0.0,0.0,0,0,0,0,0,NA,0,0,NA,NA,NA,NA,0,NA,0,0,NA,NA,NA,NA,NA,0,NA,NA,NA,NA,NA,NA,NA,0,BYE,BYE,BYE,BYE,BYE
10,12524,Shedeur Sanders,QB,23.6,CLE,999.0,999,999,0,0,0,1,0,0,73,0,0,0.0,0,0,0,0,0,0,0.00,0,0,0,0,0.00,0.00,0,0,0,0,0,0,0,0,0.0,0.0,0,0,0,0,0,NA,0,0,0.0%,NA,NA,NA,0,NA,0,0,NA,NA,NA,NA,NA,0,NA,NA,NA,NA,NA,NA,NA,0,@ NYJ,11,·,·,·
10,8125,Calvin Austin III,WR,26.5,PIT,66.0,71,77,3.4,2.4,1.4,1,1,0,52,38,0,0.0,0,0,0,0,0,0,0.00,0,0,0,0,0.00,0.00,2,12,0,0,0,7,2,14,7.0,2.0,0,0,0,14,0,NA,0,0,73.1%,NA,NA,NA,0,NA,0,7,0.000,0.0,29,22.6%,0.48,0,NA,NA,NA,NA,NA,0.000,NA,14,@ LAC,28,·,9.2,-5.8
10,1339,Zach Ertz,TE,34.9,WAS,15.0,16,16,9.4,7.4,5.4,1,1,1,54,44,0,0.0,0,0,0,0,0,0,0.00,0,0,0,0,0.00,0.00,4,48,0,2,0,5,6,54,13.5,10.8,0,0,0,54,0,NA,0,0,81.5%,NA,NA,NA,0,NA,2,5,0.400,2.0,20,22.7%,2.70,0,NA,NA,NA,NA,NA,0.100,NA,54,vs DET,20,·,9.9,-0.5
10,11575,Ray Davis,RB,25.9,BUF,60.0,66,69,0.8,0.3,-0.2,1,1,0,68,7,0,0.0,0,0,0,0,0,0,0.00,-2,0,0,0,0.00,0.00,1,-5,1,0,0,2,5,0,0.0,0.0,2,0,0,-2,0,3,-2,-1,10.3%,0,1.70,0.000,0,0.170,0,4,0.000,0.0,NA,5.0%,NA,0,NA,NA,NA,NA,NA,NA,NA,-2,@ MIA,6,·,2.8,-2.0
10,9501,Demario Douglas,WR,24.8,NE,55.0,56,55,5.4,4.4,3.4,1,1,0,61,13,0,0.0,0,0,0,0,0,0,0.00,0,0,0,0,0.00,0.00,2,5,0,1,0,2,29,34,17.0,17.0,1,0,0,34,0,NA,0,0,21.3%,NA,NA,NA,0,NA,1,3,0.333,1.0,10,6.5%,3.40,0,NA,NA,NA,NA,NA,0.100,NA,34,@ TB,21,·,7.9,-2.5
10,7600,Pat Freiermuth,TE,26.9,PIT,23.0,23,24,6.3,4.8,3.3,1,1,0,52,26,0,0.0,0,0,0,0,0,0,0.00,0,0,0,0,0.00,0.00,3,1,0,1,0,3,32,33,11.0,11.0,0,0,0,33,0,NA,0,0,50.0%,NA,NA,NA,0,NA,1,3,0.333,1.0,17,9.7%,1.94,0,NA,NA,NA,NA,NA,0.059,NA,33,@ LAC,27,·,6.2,0.1
10,9482,Michael Mayer,TE,24.2,LV,27.0,27,30,5.2,3.7,2.2,1,1,1,60,37,0,0.0,0,0,0,0,0,0,0.00,0,0,0,0,0.00,0.00,3,13,0,1,0,4,9,22,7.3,5.5,0,0,0,22,0,NA,0,0,61.7%,NA,NA,NA,0,NA,1,4,0.250,1.0,14,14.8%,1.57,0,NA,NA,NA,NA,NA,0.071,NA,22,@ DEN,23,·,4.7,0.5
10,6826,Cole Kmet,TE,26.6,CHI,49.0,49,49,1.5,1,0.5,1,1,0,68,45,0,0.0,0,0,0,0,0,0,0.00,0,0,0,0,0.00,0.00,1,5,0,0,0,2,0,5,5.0,2.5,0,0,0,5,0,NA,0,0,66.2%,NA,NA,NA,0,NA,0,2,0.000,0.0,18,5.6%,0.28,0,NA,NA,NA,NA,NA,0.000,NA,5,vs NYG,21,·,2.1,-0.6
10,12531,Trevor Etienne,RB,21.2,CAR,999.0,999,999,0,0,0,1,1,0,53,0,0,0.0,0,0,0,0,0,0,0.00,0,0,0,0,0.00,0.00,0,0,0,0,0,0,0,0,0.0,0.0,0,0,0,0,0,NA,0,0,0.0%,NA,NA,NA,0,NA,0,0,NA,0.0,NA,NA,NA,0,NA,NA,NA,NA,NA,NA,NA,0,vs NO,12,·,0.8,-0.8
10,9229,Anthony Richardson,QB,23.4,IND,999.0,999,999,0,0,0,1,0,0,0,0,0,0.0,0,0,0,0,0,0,0.00,0,0,0,0,0.00,0.00,0,0,0,0,0,0,0,0,0.0,0.0,0,0,0,0,0,NA,0,0,NA,NA,NA,NA,0,NA,0,0,NA,NA,NA,NA,NA,0,NA,NA,NA,NA,NA,NA,NA,0,vs ATL,27,IR,IR,IR
10,11650,Luke McCaffrey,WR,24.5,WAS,999.0,999,999,0,0,0,1,0,0,0,0,0,0.0,0,0,0,0,0,0,0.00,0,0,0,0,0.00,0.00,0,0,0,0,0,0,0,0,0.0,0.0,0,0,0,0,0,NA,0,0,NA,NA,NA,NA,0,NA,0,0,NA,NA,NA,NA,NA,0,NA,NA,NA,NA,NA,NA,NA,0,vs DET,8,IR,IR,IR
10,9487,Parker Washington,WR,23.5,JAX,15.0,15,10,17.9,16.4,14.9,1,1,1,62,54,0,0.0,0,0,0,0,0,0,0.00,-4,0,0,0,0.00,0.00,3,26,0,1,1,7,7,33,11.0,4.7,2,0,0,29,0,NA,-4,-2,87.1%,NA,NA,NA,0,NA,2,9,0.222,2.0,26,30.4%,1.27,0,NA,NA,NA,NA,NA,0.038,NA,29,@ HOU,29,·,9.1,8.8
10,12505,Jalen Royals,WR,22.6,KC,0.0,0,0,0,0,0,0,0,0,0,0,0,0.0,0,0,0,0,0,0,0.00,0,0,0,0,0.00,0.00,0,0,0,0,0,0,0,0,0.0,0.0,0,0,0,0,0,NA,0,0,NA,NA,NA,NA,0,NA,0,0,NA,NA,NA,NA,NA,0,NA,NA,NA,NA,NA,NA,NA,0,BYE,BYE,BYE,BYE,BYE
10,4018,Joe Mixon,RB,29.2,HOU,999.0,999,999,0,0,0,1,0,0,0,0,0,0.0,0,0,0,0,0,0,0.00,0,0,0,0,0.00,0.00,0,0,0,0,0,0,0,0,0.0,0.0,0,0,0,0,0,NA,0,0,NA,NA,NA,NA,0,NA,0,0,NA,NA,NA,NA,NA,0,NA,NA,NA,NA,NA,NA,NA,0,vs JAX,24,PUP,PUP,PUP
10,12641,Jaylin Lane,WR,23.4,WAS,58.0,53,45,5.1,4.6,4.1,1,1,0,54,15,0,0.0,0,0,0,0,0,0,0.00,0,0,0,0,0.00,0.00,1,40,0,1,0,1,1,41,41.0,41.0,0,0,0,41,0,NA,0,0,27.8%,NA,NA,NA,0,NA,1,1,1.000,1.0,7,4.5%,5.86,0,NA,NA,NA,NA,NA,0.143,NA,41,vs DET,8,·,5.8,-0.7
10,9511,Keaton Mitchell,RB,23.7,BAL,48.0,47,44,3.1,3.1,3.1,1,1,0,70,5,1,0.0,0,0,0,0,0,0,0.00,31,0,0,0,0.00,0.00,0,0,0,0,0,0,0,0,0.0,0.0,4,0,1,31,0,8,31,7.75,7.1%,0,2.00,0.000,1,0.200,1,4,0.250,1.0,NA,0.0%,NA,0,NA,NA,NA,NA,NA,NA,NA,31,@ MIN,21,·,3.4,-0.3
10,4950,Christian Kirk,WR,28.9,HOU,89.0,90,89,1.3,0.8,0.3,1,1,0,75,32,0,0.0,0,0,0,0,0,0,0.00,0,0,0,0,0.00,0.00,1,3,0,0,0,3,0,3,3.0,1.0,0,0,0,3,0,NA,0,0,42.7%,NA,NA,NA,0,NA,0,3,0.000,0.0,22,6.7%,0.14,0,NA,NA,NA,NA,NA,0.000,NA,3,vs JAX,12,·,8.7,-7.4
10,4137,James Conner,RB,30.4,ARI,999.0,999,999,0,0,0,1,0,0,0,0,0,0.0,0,0,0,0,0,0,0.00,0,0,0,0,0.00,0.00,0,0,0,0,0,0,0,0,0.0,0.0,0,0,0,0,0,NA,0,0,NA,NA,NA,NA,0,NA,0,0,NA,NA,NA,NA,NA,0,NA,NA,NA,NA,NA,NA,NA,0,@ SEA,19,IR,IR,IR
10,4988,Nick Chubb,RB,29.8,HOU,37.0,38,39,6.2,5.7,5.2,1,1,0,75,10,0,0.0,0,0,0,0,0,0,0.00,47,0,0,0,0.00,0.00,1,5,0,0,0,1,0,5,5.0,5.0,5,1,3,52,0,29,47,9.4,13.3%,1,5.70,0.200,3,0.770,3,6,0.500,3.0,NA,2.2%,NA,0,NA,NA,NA,NA,NA,NA,NA,52,vs JAX,24,·,6.8,-0.6
10,9506,Sean Tucker,RB,23.9,TB,39.0,40,40,6.1,5.6,5.1,1,1,0,69,22,0,0.0,0,0,0,0,0,0,0.00,53,0,0,0,0.00,0.00,1,-4,1,0,0,2,2,-2,-2.0,-1.0,9,0,5,51,0,42,53,5.89,31.9%,1,4.70,0.111,5,0.581,5,11,0.455,5.0,NA,4.7%,NA,0,NA,NA,NA,NA,NA,NA,NA,51,vs NE,29,·,6.7,-0.6
10,4144,Jonnu Smith,TE,30.1,PIT,50.0,50,50,1.4,0.9,0.4,1,1,0,52,35,0,0.0,0,0,0,0,0,0,0.00,0,0,0,0,0.00,0.00,1,4,1,0,0,2,0,4,4.0,2.0,0,0,0,4,0,NA,0,0,67.3%,NA,NA,NA,0,NA,0,2,0.000,0.0,24,6.5%,0.17,0,NA,NA,NA,NA,NA,0.000,NA,4,@ LAC,27,·,8.3,-6.9
10,7607,Michael Carter,RB,26.4,ARI,65.0,64,62,0.4,0.4,0.4,1,1,0,76,8,0,0.0,0,0,0,0,0,0,0.00,4,0,0,0,0.00,0.00,0,0,0,0,0,0,0,0,0.0,0.0,3,0,0,4,0,7,4,1.33,10.5%,1,2.20,0.333,0,0.553,0,3,0.000,0.0,NA,0.0%,NA,0,NA,NA,NA,NA,NA,NA,NA,4,@ SEA,19,·,1.9,-1.5
10,11647,Kimani Vidal,RB,24.1,LAC,8.0,8,8,17.8,17.3,16.8,1,1,1,73,68,0,0.0,0,0,0,0,0,0,0.00,95,0,0,0,0.00,0.00,1,-5,0,0,0,1,18,13,13.0,13.0,25,0,8,108,1,65,95,3.8,93.2%,4,2.60,0.160,9,0.420,9,26,0.346,9.0,NA,3.0%,NA,0,NA,NA,NA,NA,NA,NA,NA,108,vs PIT,23,·,12.7,5.1
10,5001,Dalton Schultz,TE,29.2,HOU,4.0,4,4,18.3,14.8,11.3,1,1,0,75,58,0,0.0,0,0,0,0,0,0,0.00,0,0,0,0,0.00,0.00,7,36,1,4,1,11,17,53,7.6,4.8,0,0,0,53,0,NA,0,0,77.3%,NA,NA,NA,0,NA,5,11,0.455,5.0,37,24.4%,1.43,0,NA,NA,NA,NA,NA,0.108,NA,53,vs JAX,2,·,8.8,9.5
10,11571,Isaiah Davis,RB,23.6,NYJ,53.0,53,53,2.1,1.6,1.1,1,1,0,49,14,0,0.0,0,0,0,0,0,0,0.00,10,0,0,0,0.00,0.00,1,-8,0,0,0,1,9,1,1.0,1.0,3,0,0,11,0,10,10,3.33,28.6%,1,3.30,0.333,0,0.663,0,4,0.000,0.0,NA,9.1%,NA,0,NA,NA,NA,NA,NA,NA,NA,11,vs CLE,31,·,6.7,-4.6
10,12476,Devin Neal,RB,22.1,NO,38.0,41,43,6.1,4.6,3.1,1,1,0,68,24,0,0.0,0,0,0,0,0,0,0.00,22,0,0,0,0.00,0.00,3,-2,0,1,0,3,11,9,3.0,3.0,4,0,1,31,0,18,22,5.5,35.3%,1,4.50,0.250,1,0.700,2,7,0.286,2.0,NA,10.7%,NA,0,NA,NA,NA,NA,NA,NA,NA,31,@ CAR,15,·,5.9,0.2
10,11643,Jaylen Wright,RB,22.5,MIA,56.0,52,50,1.7,1.7,1.7,1,1,0,53,10,0,0.0,0,0,0,0,0,0,0.00,17,0,0,0,0.00,0.00,0,0,0,0,0,0,0,0,0.0,0.0,5,1,1,17,0,29,17,3.4,18.9%,2,5.80,0.400,1,0.980,1,5,0.200,1.0,NA,0.0%,NA,0,NA,NA,NA,NA,NA,NA,NA,17,vs BUF,7,·,1.8,-0.1
10,11596,Ben Sinnott,TE,23.3,WAS,20.0,17,14,7.4,6.9,6.4,1,1,1,54,21,0,0.0,0,0,0,0,0,0,0.00,0,0,0,0,0.00,0.00,1,2,0,0,1,1,2,4,4.0,4.0,0,0,0,4,0,NA,0,0,38.9%,NA,NA,NA,0,NA,1,1,1.000,1.0,5,4.5%,0.80,0,NA,NA,NA,NA,NA,0.000,NA,4,vs DET,20,·,1.6,5.8
10,12545,Tyler Shough,QB,26.0,NO,12.0,12,12,18.98,18.98,18.98,1,1,1,68,56,0,70.4,148,27,19,7,8,0,128.90,279,2,2,282,10.44,14.84,0,0,0,0,0,0,0,0,0.0,0.0,4,0,0,-3,0,NA,-3,-0.75,82.4%,NA,NA,NA,0,NA,9,31,NA,NA,NA,NA,NA,9,33.3%,3.00,14.8%,26.7%,10.10,NA,30.00,279,@ CAR,23,·,16.5,2.5
10,9225,Tank Bigsby,RB,24.1,PHI,61.0,59,56,0.7,0.7,0.7,1,1,0,63,8,0,0.0,0,0,0,0,0,0,0.00,7,0,0,0,0.00,0.00,0,0,0,0,0,0,0,0,0.0,0.0,3,0,0,7,0,7,7,2.33,12.7%,0,2.40,0.000,0,0.240,0,3,0.000,0.0,NA,0.0%,NA,0,NA,NA,NA,NA,NA,NA,NA,7,@ GB,28,·,2.3,-1.6
10,11577,Will Shipley,RB,23.1,PHI,42.0,42,41,5.4,4.4,3.4,1,1,0,63,12,0,0.0,0,0,0,0,0,0,0.00,17,0,0,0,0.00,0.00,2,1,0,1,0,2,16,17,8.5,8.5,4,0,1,34,0,12,17,4.25,19.0%,1,3.10,0.250,1,0.560,2,6,0.333,2.0,NA,7.7%,NA,0,NA,NA,NA,NA,NA,NA,NA,34,@ GB,28,·,1.0,4.4
10,4454,Kendrick Bourne,WR,30.2,SF,73.0,70,67,2.9,2.4,1.9,1,1,1,63,43,0,0.0,0,0,0,0,0,0,0.00,0,0,0,0,0.00,0.00,1,18,0,1,0,1,1,19,19.0,19.0,0,0,0,19,0,NA,0,0,68.3%,NA,NA,NA,0,NA,1,1,1.000,1.0,24,2.6%,0.79,0,NA,NA,NA,NA,NA,0.042,NA,19,vs LAR,17,·,8.1,-5.2
10,12485,Tez Johnson,WR,23.4,TB,10.0,8,7,20.2,18.2,16.2,1,1,1,69,57,0,0.0,0,0,0,0,0,0,0.00,0,0,0,0,0.00,0.00,4,36,0,1,2,5,6,42,10.5,8.4,0,0,0,42,0,NA,0,0,82.6%,NA,NA,NA,0,NA,3,5,0.600,3.0,39,11.6%,1.08,0,NA,NA,NA,NA,NA,0.026,NA,42,vs NE,15,·,10.1,10.1
10,7670,Joshua Palmer,WR,26.0,BUF,0.0,0,0,0,0,0,0,0,0,0,0,0,0.0,0,0,0,0,0,0,0.00,0,0,0,0,0.00,0.00,0,0,0,0,0,0,0,0,0.0,0.0,0,0,0,0,0,NA,0,0,NA,NA,NA,NA,0,NA,0,0,NA,NA,NA,NA,NA,0,NA,NA,NA,NA,NA,NA,NA,0,@ MIA,31,Q,5.4,-5.4
10,7587,Dyami Brown,WR,25.9,JAX,999.0,999,999,0,0,0,1,1,0,62,23,0,0.0,0,0,0,0,0,0,0.00,0,0,0,0,0.00,0.00,0,0,0,0,0,1,0,0,0.0,0.0,0,0,0,0,0,NA,0,0,37.1%,NA,NA,NA,0,NA,0,1,0.000,0.0,11,4.3%,0.00,0,NA,NA,NA,NA,NA,0.000,NA,0,@ HOU,29,·,6.1,-6.1
10,11581,MarShawn Lloyd,RB,24.7,GB,999.0,999,999,0,0,0,1,0,0,0,0,0,0.0,0,0,0,0,0,0,0.00,0,0,0,0,0.00,0.00,0,0,0,0,0,0,0,0,0.0,0.0,0,0,0,0,0,NA,0,0,NA,NA,NA,NA,0,NA,0,0,NA,NA,NA,NA,NA,0,NA,NA,NA,NA,NA,NA,NA,0,vs PHI,9,IR,IR,IR
10,10219,Chris Rodriguez,RB,25.0,WAS,36.0,34,30,7.6,7.6,7.6,1,1,1,54,18,0,0.0,0,0,0,0,0,0,0.00,16,0,0,0,0.00,0.00,0,0,0,0,0,0,0,0,0.0,0.0,6,0,1,16,1,13,16,2.67,33.3%,0,2.10,0.000,2,0.210,2,6,0.333,2.0,NA,0.0%,NA,0,NA,NA,NA,NA,NA,NA,NA,16,vs DET,30,·,4.1,3.5
10,12543,Tahj Brooks,RB,23.4,CIN,0.0,0,0,0,0,0,0,0,0,0,0,0,0.0,0,0,0,0,0,0,0.00,0,0,0,0,0.00,0.00,0,0,0,0,0,0,0,0,0.0,0.0,0,0,0,0,0,NA,0,0,NA,NA,NA,NA,0,NA,0,0,NA,NA,NA,NA,NA,0,NA,NA,NA,NA,NA,NA,NA,0,BYE,BYE,BYE,BYE,BYE
10,11569,Jarquez Hunter,RB,22.8,LAR,0.0,0,0,0,0,0,0,0,0,0,0,0,0.0,0,0,0,0,0,0,0.00,0,0,0,0,0.00,0.00,0,0,0,0,0,0,0,0,0.0,0.0,0,0,0,0,0,NA,0,0,NA,NA,NA,NA,0,NA,0,0,NA,NA,NA,NA,NA,0,NA,NA,NA,NA,NA,NA,NA,0,@ SF,22,·,0.3,-0.3
10,10232,Michael Wilson,WR,25.6,ARI,45.0,48,53,7.4,5.4,3.4,1,1,0,76,70,0,0.0,0,0,0,0,0,0,0.00,0,0,0,0,0.00,0.00,4,21,0,1,0,7,13,34,8.5,4.9,0,0,0,34,0,NA,0,0,92.1%,NA,NA,NA,0,NA,1,7,0.143,1.0,47,15.6%,0.72,0,NA,NA,NA,NA,NA,0.021,NA,34,@ SEA,11,·,6.6,0.8
10,5995,Justice Hill,RB,27.9,BAL,33.0,33,32,8.3,7.8,7.3,1,1,0,70,19,0,0.0,0,0,0,0,0,0,0.00,1,0,0,0,0.00,0.00,1,4,0,1,0,2,8,12,12.0,6.0,1,0,0,13,1,2,1,1,27.1%,1,2.00,1.000,1,1.200,2,3,0.667,2.0,NA,6.9%,NA,0,NA,NA,NA,NA,NA,NA,NA,13,@ MIN,21,·,5.0,3.3
10,8180,Jalen Nailor,WR,26.6,MIN,4.0,2,1,23.4,20.9,18.4,1,1,0,65,44,0,0.0,0,0,0,0,0,0,0.00,0,0,0,0,0.00,0.00,5,84,0,3,1,6,40,124,24.8,20.7,0,0,0,124,0,NA,0,0,67.7%,NA,NA,NA,0,NA,4,6,0.667,4.0,31,14.3%,4.00,0,NA,NA,NA,NA,NA,0.097,NA,124,vs BAL,6,·,4.5,18.9
10,8698,Jake Tonges,TE,26.2,SF,999.0,999,999,0,0,0,1,1,0,63,3,0,0.0,0,0,0,0,0,0,0.00,0,0,0,0,0.00,0.00,0,0,0,0,0,0,0,0,0.0,0.0,0,0,0,0,0,NA,0,0,4.8%,NA,NA,NA,0,NA,0,0,NA,0.0,2,0.0%,0.00,0,NA,NA,NA,NA,NA,0.000,NA,0,vs LAR,22,·,1.4,-1.4
10,8123,Hassan Haskins,RB,25.8,LAC,999.0,999,999,0,0,0,1,0,0,0,0,0,0.0,0,0,0,0,0,0,0.00,0,0,0,0,0.00,0.00,0,0,0,0,0,0,0,0,0.0,0.0,0,0,0,0,0,NA,0,0,NA,NA,NA,NA,0,NA,0,0,NA,NA,NA,NA,NA,0,NA,NA,NA,NA,NA,NA,NA,0,vs PIT,23,IR,IR,IR
10,4098,Kareem Hunt,RB,30.1,KC,0.0,0,0,0,0,0,0,0,0,0,0,0,0.0,0,0,0,0,0,0,0.00,0,0,0,0,0.00,0.00,0,0,0,0,0,0,0,0,0.0,0.0,0,0,0,0,0,NA,0,0,NA,NA,NA,NA,0,NA,0,0,NA,NA,NA,NA,NA,0,NA,NA,NA,NA,NA,NA,NA,0,BYE,BYE,BYE,BYE,BYE
10,11630,Roman Wilson,WR,24.3,PIT,32.0,29,27,11.5,10.5,9.5,1,1,0,52,18,0,0.0,0,0,0,0,0,0,0.00,0,0,0,0,0.00,0.00,2,3,0,0,1,3,32,35,17.5,11.7,0,0,0,35,0,NA,0,0,34.6%,NA,NA,NA,0,NA,1,3,0.333,1.0,14,9.7%,2.50,0,NA,NA,NA,NA,NA,0.000,NA,35,@ LAC,28,·,4.7,6.8
10,12540,Chimere Dike,WR,23.8,TEN,0.0,0,0,0,0,0,0,0,0,0,0,0,0.0,0,0,0,0,0,0,0.00,0,0,0,0,0.00,0.00,0,0,0,0,0,0,0,0,0.0,0.0,0,0,0,0,0,NA,0,0,NA,NA,NA,NA,0,NA,0,0,NA,NA,NA,NA,NA,0,NA,NA,NA,NA,NA,NA,NA,0,BYE,BYE,BYE,BYE,BYE
10,8117,Jalen Tolbert,WR,26.6,DAL,0.0,0,0,0,0,0,0,0,0,0,0,0,0.0,0,0,0,0,0,0,0.00,0,0,0,0,0.00,0.00,0,0,0,0,0,0,0,0,0.0,0.0,0,0,0,0,0,NA,0,0,NA,NA,NA,NA,0,NA,0,0,NA,NA,NA,NA,NA,0,NA,NA,NA,NA,NA,NA,NA,0,BYE,BYE,BYE,BYE,BYE
10,12523,Jimmy Horn,WR,23.0,CAR,999.0,999,999,0,0,0,1,1,0,53,11,0,0.0,0,0,0,0,0,0,0.00,0,0,0,0,0.00,0.00,0,0,0,0,0,0,0,0,0.0,0.0,0,0,0,0,0,NA,0,0,20.8%,NA,NA,NA,0,NA,0,0,NA,0.0,4,0.0%,0.00,0,NA,NA,NA,NA,NA,0.000,NA,0,vs NO,14,·,2.4,-2.4
10,12670,KeAndre Lambert-Smith,WR,24.0,LAC,0.0,0,0,0,0,0,0,0,0,0,0,0,0.0,0,0,0,0,0,0,0.00,0,0,0,0,0.00,0.00,0,0,0,0,0,0,0,0,0.0,0.0,0,0,0,0,0,NA,0,0,NA,NA,NA,NA,0,NA,0,0,NA,NA,NA,NA,NA,0,NA,NA,NA,NA,NA,NA,NA,0,vs PIT,3,Q,0.2,-0.2
10,12502,Gunnar Helm,TE,23.1,TEN,0.0,0,0,0,0,0,0,0,0,0,0,0,0.0,0,0,0,0,0,0,0.00,0,0,0,0,0.00,0.00,0,0,0,0,0,0,0,0,0.0,0.0,0,0,0,0,0,NA,0,0,NA,NA,NA,NA,0,NA,0,0,NA,NA,NA,NA,NA,0,NA,NA,NA,NA,NA,NA,NA,0,BYE,BYE,BYE,BYE,BYE
10,11651,Isaac Guerendo,RB,25.2,SF,999.0,999,999,0,0,0,1,1,0,63,0,0,0.0,0,0,0,0,0,0,0.00,0,0,0,0,0.00,0.00,0,0,0,0,0,0,0,0,0.0,0.0,0,0,0,0,0,NA,0,0,0.0%,NA,NA,NA,0,NA,0,0,NA,0.0,NA,NA,NA,0,NA,NA,NA,NA,NA,NA,NA,0,vs LAR,32,·,0.3,-0.3
10,3321,Tyreek Hill,WR,31.6,MIA,999.0,999,999,0,0,0,1,0,0,0,0,0,0.0,0,0,0,0,0,0,0.00,0,0,0,0,0.00,0.00,0,0,0,0,0,0,0,0,0.0,0.0,0,0,0,0,0,NA,0,0,NA,NA,NA,NA,0,NA,0,0,NA,NA,NA,NA,NA,0,NA,NA,NA,NA,NA,NA,NA,0,vs BUF,22,IR,IR,IR
10,11557,Joe Milton,QB,25.6,DAL,0.0,0,0,0,0,0,0,0,0,0,0,0,0.0,0,0,0,0,0,0,0.00,0,0,0,0,0.00,0.00,0,0,0,0,0,0,0,0,0.0,0.0,0,0,0,0,0,NA,0,0,NA,NA,NA,NA,0,NA,0,0,NA,NA,NA,NA,NA,0,NA,NA,NA,NA,NA,NA,NA,0,BYE,BYE,BYE,BYE,BYE
10,7828,Noah Gray,TE,26.4,KC,0.0,0,0,0,0,0,0,0,0,0,0,0,0.0,0,0,0,0,0,0,0.00,0,0,0,0,0.00,0.00,0,0,0,0,0,0,0,0,0.0,0.0,0,0,0,0,0,NA,0,0,NA,NA,NA,NA,0,NA,0,0,NA,NA,NA,NA,NA,0,NA,NA,NA,NA,NA,NA,NA,0,BYE,BYE,BYE,BYE,BYE
10,6149,Darius Slayton,WR,28.7,NYG,27.0,27,28,12.9,10.9,8.9,1,1,1,73,45,0,0.0,0,0,0,0,0,0,0.00,0,0,0,0,0.00,0.00,4,73,0,3,0,4,16,89,22.3,22.3,0,0,0,89,0,NA,0,0,61.6%,NA,NA,NA,0,NA,3,4,0.750,3.0,24,11.1%,3.71,0,NA,NA,NA,NA,NA,0.125,NA,89,@ CHI,2,·,10.7,2.2
10,10218,Xavier Hutchinson,WR,25.3,HOU,999.0,999,999,0,0,0,1,1,0,75,40,0,0.0,0,0,0,0,0,0,0.00,0,0,0,0,0.00,0.00,0,0,0,0,0,0,0,0,0.0,0.0,0,0,0,0,0,NA,0,0,53.3%,NA,NA,NA,0,NA,0,0,NA,0.0,25,0.0%,0.00,0,NA,NA,NA,NA,NA,0.000,NA,0,vs JAX,12,·,3.6,-3.6
10,9481,Luke Musgrave,TE,25.1,GB,26.0,26,29,5.3,3.8,2.3,1,1,1,68,52,0,0.0,0,0,0,0,0,0,0.00,0,0,0,0,0.00,0.00,3,10,0,0,0,3,13,23,7.7,7.7,0,0,0,23,0,NA,0,0,76.5%,NA,NA,NA,0,NA,0,3,0.000,0.0,31,8.3%,0.74,0,NA,NA,NA,NA,NA,0.000,NA,23,vs PHI,30,·,6.5,-1.2
10,5857,Noah Fant,TE,27.8,CIN,0.0,0,0,0,0,0,0,0,0,0,0,0,0.0,0,0,0,0,0,0,0.00,0,0,0,0,0.00,0.00,0,0,0,0,0,0,0,0,0.0,0.0,0,0,0,0,0,NA,0,0,NA,NA,NA,NA,0,NA,0,0,NA,NA,NA,NA,NA,0,NA,NA,NA,NA,NA,NA,NA,0,BYE,BYE,BYE,BYE,BYE
10,5906,Dawson Knox,TE,28.9,BUF,21.0,21,21,6.7,5.2,3.7,1,1,0,68,46,0,0.0,0,0,0,0,0,0,0.00,0,0,0,0,0.00,0.00,3,28,0,1,0,4,9,37,12.3,9.3,0,0,0,37,0,NA,0,0,67.6%,NA,NA,NA,0,NA,1,4,0.250,1.0,24,10.0%,1.54,0,NA,NA,NA,NA,NA,0.042,NA,37,@ MIA,5,·,4.5,2.2
10,12482,Savion Williams,WR,23.8,GB,82.0,85,92,2.2,1.2,0.2,1,1,0,68,6,0,0.0,0,0,0,0,0,0,0.00,0,0,0,0,0.00,0.00,2,-5,0,0,0,2,7,2,1.0,1.0,0,0,0,2,0,NA,0,0,8.8%,NA,NA,NA,0,NA,0,2,0.000,0.0,4,5.6%,0.50,0,NA,NA,NA,NA,NA,0.000,NA,2,vs PHI,20,Q,1.8,0.4
10,7528,Najee Harris,RB,27.6,LAC,999.0,999,999,0,0,0,1,0,0,0,0,0,0.0,0,0,0,0,0,0,0.00,0,0,0,0,0.00,0.00,0,0,0,0,0,0,0,0,0.0,0.0,0,0,0,0,0,NA,0,0,NA,NA,NA,NA,0,NA,0,0,NA,NA,NA,NA,NA,0,NA,NA,NA,NA,NA,NA,NA,0,vs PIT,23,IR,IR,IR
10,12544,LeQuint Allen,RB,21.2,JAX,57.0,57,57,1.6,1.1,0.6,1,1,0,62,20,0,0.0,0,0,0,0,0,0,0.00,0,0,0,0,0.00,0.00,1,-4,0,0,0,1,10,6,6.0,6.0,0,0,0,6,0,0,0,0,32.3%,0,0.00,NA,0,NA,0,1,0.000,0.0,NA,4.3%,NA,0,NA,NA,NA,NA,NA,NA,NA,6,@ HOU,20,·,2.8,-1.2
10,8143,Jerome Ford,RB,26.0,CLE,68.0,68,66,0.1,0.1,0.1,1,1,0,73,14,0,0.0,0,0,0,0,0,0,0.00,1,0,0,0,0.00,0.00,0,0,1,0,0,1,0,0,0.0,0.0,1,0,0,1,0,NA,1,1,19.2%,NA,NA,NA,0,NA,0,2,0.000,0.0,NA,NA,NA,0,NA,NA,NA,NA,NA,NA,NA,1,@ NYJ,8,·,5.3,-5.2
10,12467,Jordan James,RB,21.5,SF,0.0,0,0,0,0,0,0,0,0,0,0,0,0.0,0,0,0,0,0,0,0.00,0,0,0,0,0.00,0.00,0,0,0,0,0,0,0,0,0.0,0.0,0,0,0,0,0,NA,0,0,NA,NA,NA,NA,0,NA,0,0,NA,NA,NA,NA,NA,0,NA,NA,NA,NA,NA,NA,NA,0,vs LAR,32,·,0.1,-0.1
10,11623,Jordan Whittington,WR,25.0,LAR,999.0,999,999,0,0,0,1,1,0,69,7,0,0.0,0,0,0,0,0,0,0.00,0,0,0,0,0.00,0.00,0,0,0,0,0,0,0,0,0.0,0.0,0,0,0,0,0,NA,0,0,10.1%,NA,NA,NA,0,NA,0,0,NA,0.0,5,0.0%,0.00,0,NA,NA,NA,NA,NA,0.000,NA,0,@ SF,25,Q,4.6,-4.6
10,3161,Carson Wentz,QB,32.7,MIN,999.0,999,999,0,0,0,1,0,0,0,0,0,0.0,0,0,0,0,0,0,0.00,0,0,0,0,0.00,0.00,0,0,0,0,0,0,0,0,0.0,0.0,0,0,0,0,0,NA,0,0,NA,NA,NA,NA,0,NA,0,0,NA,NA,NA,NA,NA,0,NA,NA,NA,NA,NA,NA,NA,0,vs BAL,9,IR,IR,IR
10,19,Joe Flacco,QB,40.7,CIN,0.0,0,0,0,0,0,0,0,0,0,0,0,0.0,0,0,0,0,0,0,0.00,0,0,0,0,0.00,0.00,0,0,0,0,0,0,0,0,0.0,0.0,0,0,0,0,0,NA,0,0,NA,NA,NA,NA,0,NA,0,0,NA,NA,NA,NA,NA,0,NA,NA,NA,NA,NA,NA,NA,0,BYE,BYE,BYE,BYE,BYE
10,7562,Tutu Atwell,WR,26.0,LAR,999.0,999,999,0,0,0,1,0,0,0,0,0,0.0,0,0,0,0,0,0,0.00,0,0,0,0,0.00,0.00,0,0,0,0,0,0,0,0,0.0,0.0,0,0,0,0,0,NA,0,0,NA,NA,NA,NA,0,NA,0,0,NA,NA,NA,NA,NA,0,NA,NA,NA,NA,NA,NA,NA,0,@ SF,25,IR,IR,IR
10,10235,Roschon Johnson,RB,24.6,CHI,999.0,999,999,0,0,0,1,1,0,68,0,0,0.0,0,0,0,0,0,0,0.00,0,0,0,0,0.00,0.00,0,0,0,0,0,0,0,0,0.0,0.0,0,0,0,0,0,NA,0,0,0.0%,NA,NA,NA,0,NA,0,0,NA,0.0,NA,NA,NA,0,NA,NA,NA,NA,NA,NA,NA,0,vs NYG,2,·,0.2,-0.2
10,10226,Andrei Iosivas,WR,26.0,CIN,0.0,0,0,0,0,0,0,0,0,0,0,0,0.0,0,0,0,0,0,0,0.00,0,0,0,0,0.00,0.00,0,0,0,0,0,0,0,0,0.0,0.0,0,0,0,0,0,NA,0,0,NA,NA,NA,NA,0,NA,0,0,NA,NA,NA,NA,NA,0,NA,NA,NA,NA,NA,NA,NA,0,BYE,BYE,BYE,BYE,BYE
10,12511,Will Howard,QB,24.0,PIT,999.0,999,999,0,0,0,1,0,0,0,0,0,0.0,0,0,0,0,0,0,0.00,0,0,0,0,0.00,0.00,0,0,0,0,0,0,0,0,0.0,0.0,0,0,0,0,0,NA,0,0,NA,NA,NA,NA,0,NA,0,0,NA,NA,NA,NA,NA,0,NA,NA,NA,NA,NA,NA,NA,0,@ LAC,29,IR,IR,IR
10,8917,KaVontae Turpin,WR,29.2,DAL,0.0,0,0,0,0,0,0,0,0,0,0,0,0.0,0,0,0,0,0,0,0.00,0,0,0,0,0.00,0.00,0,0,0,0,0,0,0,0,0.0,0.0,0,0,0,0,0,NA,0,0,NA,NA,NA,NA,0,NA,0,0,NA,NA,NA,NA,NA,0,NA,NA,NA,NA,NA,NA,NA,0,BYE,BYE,BYE,BYE,BYE
10,11783,Ryan Flournoy,WR,25.9,DAL,0.0,0,0,0,0,0,0,0,0,0,0,0,0.0,0,0,0,0,0,0,0.00,0,0,0,0,0.00,0.00,0,0,0,0,0,0,0,0,0.0,0.0,0,0,0,0,0,NA,0,0,NA,NA,NA,NA,0,NA,0,0,NA,NA,NA,NA,NA,0,NA,NA,NA,NA,NA,NA,NA,0,BYE,BYE,BYE,BYE,BYE
10,11435,Emanuel Wilson,RB,26.4,GB,58.0,58,63,1.4,0.9,0.4,1,1,0,68,14,0,0.0,0,0,0,0,0,0,0.00,2,0,0,0,0.00,0.00,1,-1,0,0,0,1,3,2,2.0,2.0,1,0,0,4,0,4,2,2,20.6%,0,3.70,0.000,0,0.370,0,2,0.000,0.0,NA,2.8%,NA,0,NA,NA,NA,NA,NA,NA,NA,4,vs PHI,9,·,6.5,-5.1
10,8119,Jahan Dotson,WR,25.5,PHI,999.0,999,999,0,0,0,1,1,0,63,19,0,0.0,0,0,0,0,0,0,0.00,0,0,0,0,0.00,0.00,0,0,0,0,0,1,0,0,0.0,0.0,0,0,0,0,0,NA,0,0,30.2%,NA,NA,NA,0,NA,0,1,0.000,0.0,10,3.8%,0.00,0,NA,NA,NA,NA,NA,0.000,NA,0,@ GB,18,·,3.8,-3.8
10,7694,Tommy Tremble,TE,25.3,CAR,999.0,999,999,0,0,0,1,1,1,53,36,0,0.0,0,0,0,0,0,0,0.00,0,0,0,0,0.00,0.00,0,0,0,0,0,0,0,0,0.0,0.0,0,0,0,0,0,NA,0,0,67.9%,NA,NA,NA,0,NA,0,0,NA,0.0,16,0.0%,0.00,0,NA,NA,NA,NA,NA,0.000,NA,0,vs NO,14,·,2.9,-2.9
10,9497,Jalin Hyatt,WR,24.0,NYG,999.0,999,999,0,0,0,1,0,0,73,0,0,0.0,0,0,0,0,0,0,0.00,0,0,0,0,0.00,0.00,0,0,0,0,0,0,0,0,0.0,0.0,0,0,0,0,0,NA,0,0,0.0%,NA,NA,NA,0,NA,0,0,NA,NA,NA,NA,NA,0,NA,NA,NA,NA,NA,NA,NA,0,@ CHI,2,·,1.5,-1.5
10,12500,Quinn Ewers,QB,22.4,MIA,0.0,0,0,0,0,0,0,0,0,0,0,0,0.0,0,0,0,0,0,0,0.00,0,0,0,0,0.00,0.00,0,0,0,0,0,0,0,0,0.0,0.0,0,0,0,0,0,NA,0,0,NA,NA,NA,NA,0,NA,0,0,NA,NA,NA,NA,NA,0,NA,NA,NA,NA,NA,NA,NA,0,vs BUF,31,·,·,·
10,11629,Devontez Walker,WR,24.3,BAL,0.0,0,0,0,0,0,0,0,0,0,0,0,0.0,0,0,0,0,0,0,0.00,0,0,0,0,0.00,0.00,0,0,0,0,0,0,0,0,0.0,0.0,0,0,0,0,0,NA,0,0,NA,NA,NA,NA,0,NA,0,0,NA,NA,NA,NA,NA,0,NA,NA,NA,NA,NA,NA,NA,0,@ MIN,24,·,1.3,-1.3
10,9479,Darnell Washington,TE,24.1,PIT,39.0,39,37,2.5,2,1.5,1,1,1,52,25,0,0.0,0,0,0,0,0,0,0.00,0,0,0,0,0.00,0.00,1,13,0,1,0,1,2,15,15.0,15.0,0,0,0,15,0,NA,0,0,48.1%,NA,NA,NA,0,NA,1,1,1.000,1.0,7,3.2%,2.14,0,NA,NA,NA,NA,NA,0.143,NA,15,@ LAC,27,·,4.2,-1.7
10,11199,Emari Demercado,RB,26.7,ARI,19.0,19,18,13.4,11.9,10.4,1,1,0,76,32,0,0.0,0,0,0,0,0,0,0.00,64,0,0,0,0.00,0.00,3,8,0,1,0,4,32,40,13.3,10.0,4,1,1,104,0,59,64,16,42.1%,1,14.70,0.250,1,1.720,2,8,0.250,2.0,NA,8.9%,NA,0,NA,NA,NA,NA,NA,NA,NA,104,@ SEA,19,·,10.6,2.8
10,4040,JuJu Smith-Schuster,WR,28.8,KC,0.0,0,0,0,0,0,0,0,0,0,0,0,0.0,0,0,0,0,0,0,0.00,0,0,0,0,0.00,0.00,0,0,0,0,0,0,0,0,0.0,0.0,0,0,0,0,0,NA,0,0,NA,NA,NA,NA,0,NA,0,0,NA,NA,NA,NA,NA,0,NA,NA,NA,NA,NA,NA,NA,0,BYE,BYE,BYE,BYE,BYE
10,1426,DeAndre Hopkins,WR,33.3,BAL,64.0,67,73,3.6,2.6,1.6,1,1,0,70,19,0,0.0,0,0,0,0,0,0,0.00,0,0,0,0,0.00,0.00,2,13,0,0,0,3,3,16,8.0,5.3,0,0,0,16,0,NA,0,0,27.1%,NA,NA,NA,0,NA,0,3,0.000,0.0,13,10.3%,1.23,0,NA,NA,NA,NA,NA,0.000,NA,16,@ MIN,24,·,4.4,-0.8
10,6111,Jake Browning,QB,29.5,CIN,0.0,0,0,0,0,0,0,0,0,0,0,0,0.0,0,0,0,0,0,0,0.00,0,0,0,0,0.00,0.00,0,0,0,0,0,0,0,0,0.0,0.0,0,0,0,0,0,NA,0,0,NA,NA,NA,NA,0,NA,0,0,NA,NA,NA,NA,NA,0,NA,NA,NA,NA,NA,NA,NA,0,BYE,BYE,BYE,BYE,BYE
10,12542,Efton Chism,WR,23.9,NE,999.0,999,999,0,0,0,1,1,0,61,2,0,0.0,0,0,0,0,0,0,0.00,0,0,0,0,0.00,0.00,0,0,0,0,0,0,0,0,0.0,0.0,0,0,0,0,0,NA,0,0,3.3%,NA,NA,NA,0,NA,0,0,NA,0.0,NA,NA,NA,0,NA,NA,NA,NA,NA,NA,NA,0,@ TB,21,·,0.8,-0.8
10,6271,Olamide Zaccheaus,WR,28.2,CHI,85.0,87,85,1.5,1,0.5,1,1,1,68,39,0,0.0,0,0,0,0,0,0,0.00,0,0,0,0,0.00,0.00,1,6,2,0,0,4,-1,5,5.0,1.3,0,0,0,5,0,NA,0,0,57.4%,NA,NA,NA,0,NA,0,4,0.000,0.0,24,11.1%,0.21,0,NA,NA,NA,NA,NA,0.000,NA,5,vs NYG,7,·,8.6,-7.1
10,4219,Jeremy McNichols,RB,29.8,WAS,46.0,46,47,3.9,3.4,2.9,1,1,0,54,17,0,0.0,0,0,0,0,0,0,0.00,25,0,0,0,0.00,0.00,1,4,0,0,0,1,0,4,4.0,4.0,5,0,2,29,0,9,25,5,31.5%,1,1.80,0.200,2,0.380,2,6,0.333,2.0,NA,4.5%,NA,0,NA,NA,NA,NA,NA,NA,NA,29,vs DET,30,·,6.1,-2.2
10,2307,Marcus Mariota,QB,31.9,WAS,13.0,13,13,18.72,18.72,18.72,1,1,1,54,51,0,72.7,174,22,16,7,6,0,133.30,235,2,2,213,9.68,13.31,0,0,0,0,0,0,0,0,0.0,0.0,5,0,1,22,0,NA,22,4.4,94.4%,NA,NA,NA,1,NA,10,27,NA,NA,NA,NA,NA,9,40.9%,2.57,27.3%,26.9%,12.80,NA,26.00,235,vs DET,10,·,19.8,-1.1
10,12496,Tai Felton,WR,22.5,MIN,999.0,999,999,0,0,0,1,1,0,65,0,0,0.0,0,0,0,0,0,0,0.00,0,0,0,0,0.00,0.00,0,0,0,0,0,0,0,0,0.0,0.0,0,0,0,0,0,NA,0,0,0.0%,NA,NA,NA,0,NA,0,0,NA,0.0,NA,NA,NA,0,NA,NA,NA,NA,NA,NA,NA,0,vs BAL,6,·,0.1,-0.1
10,7596,Elijah Moore,WR,25.5,BUF,74.0,80,83,2.8,1.8,0.8,1,1,0,68,25,0,0.0,0,0,0,0,0,0,0.00,-1,0,0,0,0.00,0.00,2,2,0,0,0,2,7,9,4.5,4.5,1,0,0,8,0,NA,-1,-1,36.8%,NA,NA,NA,0,NA,0,3,0.000,0.0,16,5.0%,0.56,0,NA,NA,NA,NA,NA,0.000,NA,8,@ MIA,31,·,2.8,0.0
10,11619,Ja'Lynn Polk,WR,23.5,NO,999.0,999,999,0,0,0,1,0,0,0,0,0,0.0,0,0,0,0,0,0,0.00,0,0,0,0,0.00,0.00,0,0,0,0,0,0,0,0,0.0,0.0,0,0,0,0,0,NA,0,0,NA,NA,NA,NA,0,NA,0,0,NA,NA,NA,NA,NA,0,NA,NA,NA,NA,NA,NA,NA,0,@ CAR,27,IR,IR,IR
10,9492,Trey Palmer,WR,24.5,NO,999.0,999,999,0,0,0,1,0,0,0,0,0,0.0,0,0,0,0,0,0,0.00,0,0,0,0,0.00,0.00,0,0,0,0,0,0,0,0,0.0,0.0,0,0,0,0,0,NA,0,0,NA,NA,NA,NA,0,NA,0,0,NA,NA,NA,NA,NA,0,NA,NA,NA,NA,NA,NA,NA,0,@ CAR,27,IR,IR,IR
10,8161,Malik Willis,QB,26.3,GB,999.0,999,999,0,0,0,1,0,0,68,0,0,0.0,0,0,0,0,0,0,0.00,0,0,0,0,0.00,0.00,0,0,0,0,0,0,0,0,0.0,0.0,0,0,0,0,0,NA,0,0,0.0%,NA,NA,NA,0,NA,0,0,NA,NA,NA,NA,NA,0,NA,NA,NA,NA,NA,NA,NA,0,vs PHI,16,·,·,·
10,11640,Jermaine Burton,WR,24.2,CIN,0.0,0,0,0,0,0,0,0,0,0,0,0,0.0,0,0,0,0,0,0,0.00,0,0,0,0,0.00,0.00,0,0,0,0,0,0,0,0,0.0,0.0,0,0,0,0,0,NA,0,0,NA,NA,NA,NA,0,NA,0,0,NA,NA,NA,NA,NA,0,NA,NA,NA,NA,NA,NA,NA,0,BYE,BYE,BYE,BYE,BYE
10,3200,Sterling Shepard,WR,32.6,TB,52.0,54,58,6.1,4.6,3.1,1,1,0,69,45,0,0.0,0,0,0,0,0,0,0.00,11,0,0,0,0.00,0.00,3,9,0,1,0,4,11,20,6.7,5.0,1,0,1,31,0,NA,11,11,65.2%,NA,NA,NA,1,NA,2,5,0.400,2.0,36,9.3%,0.56,0,NA,NA,NA,NA,NA,0.028,NA,31,vs NE,15,·,8.1,-2.0
10,6039,Ty Johnson,RB,28.0,BUF,43.0,44,48,4.6,3.6,2.6,1,1,0,68,27,0,0.0,0,0,0,0,0,0,0.00,2,0,0,0,0.00,0.00,2,-9,0,1,0,2,33,24,12.0,12.0,1,0,0,26,0,3,2,2,39.7%,0,3.10,0.000,0,0.310,1,3,0.333,1.0,NA,5.0%,NA,0,NA,NA,NA,NA,NA,NA,NA,26,@ MIA,6,·,3.9,0.7
10,11821,Tahj Washington,WR,24.4,MIA,999.0,999,999,0,0,0,1,1,0,53,5,0,0.0,0,0,0,0,0,0,0.00,0,0,0,0,0.00,0.00,0,0,0,0,0,0,0,0,0.0,0.0,0,0,0,0,0,NA,0,0,9.4%,NA,NA,NA,0,NA,0,0,NA,0.0,3,0.0%,0.00,0,NA,NA,NA,NA,NA,0.000,NA,0,vs BUF,22,·,·,·
10,12462,Damien Martinez,RB,21.6,FA,0.0,0,0,0,0,0,0,0,0,0,0,0,0.0,0,0,0,0,0,0,0.00,0,0,0,0,0.00,0.00,0,0,0,0,0,0,0,0,0.0,0.0,0,0,0,0,0,NA,0,0,NA,NA,NA,NA,0,NA,0,0,NA,NA,NA,NA,NA,0,NA,NA,NA,NA,NA,NA,NA,0,NA,,·,·,·
10,2306,Jameis Winston,QB,31.7,NYG,0.0,0,0,0,0,0,0,0,0,0,0,0,0.0,0,0,0,0,0,0,0.00,0,0,0,0,0.00,0.00,0,0,0,0,0,0,0,0,0.0,0.0,0,0,0,0,0,NA,0,0,NA,NA,NA,NA,0,NA,0,0,NA,NA,NA,NA,NA,0,NA,NA,NA,NA,NA,NA,NA,0,@ CHI,6,·,·,·
10,12520,Xavier Restrepo,WR,23.5,TEN,0.0,0,0,0,0,0,0,0,0,0,0,0,0.0,0,0,0,0,0,0,0.00,0,0,0,0,0.00,0.00,0,0,0,0,0,0,0,0,0.0,0.0,0,0,0,0,0,NA,0,0,NA,NA,NA,NA,0,NA,0,0,NA,NA,NA,NA,NA,0,NA,NA,NA,NA,NA,NA,NA,0,BYE,BYE,BYE,BYE,BYE
10,11599,Cade Stover,TE,25.3,HOU,999.0,999,999,0,0,0,1,0,0,0,0,0,0.0,0,0,0,0,0,0,0.00,0,0,0,0,0.00,0.00,0,0,0,0,0,0,0,0,0.0,0.0,0,0,0,0,0,NA,0,0,NA,NA,NA,NA,0,NA,0,0,NA,NA,NA,NA,NA,0,NA,NA,NA,NA,NA,NA,NA,0,vs JAX,2,IR,IR,IR
10,2505,Darren Waller,TE,33.0,MIA,999.0,999,999,0,0,0,1,0,0,0,0,0,0.0,0,0,0,0,0,0,0.00,0,0,0,0,0.00,0.00,0,0,0,0,0,0,0,0,0.0,0.0,0,0,0,0,0,NA,0,0,NA,NA,NA,NA,0,NA,0,0,NA,NA,NA,NA,NA,0,NA,NA,NA,NA,NA,NA,NA,0,vs BUF,31,IR,IR,IR
10,11616,Jacob Cowing,WR,24.6,SF,999.0,999,999,0,0,0,1,0,0,0,0,0,0.0,0,0,0,0,0,0,0.00,0,0,0,0,0.00,0.00,0,0,0,0,0,0,0,0,0.0,0.0,0,0,0,0,0,NA,0,0,NA,NA,NA,NA,0,NA,0,0,NA,NA,NA,NA,NA,0,NA,NA,NA,NA,NA,NA,NA,0,vs LAR,17,IR,IR,IR
10,4993,Mike Gesicki,TE,30.0,CIN,0.0,0,0,0,0,0,0,0,0,0,0,0,0.0,0,0,0,0,0,0,0.00,0,0,0,0,0.00,0.00,0,0,0,0,0,0,0,0,0.0,0.0,0,0,0,0,0,NA,0,0,NA,NA,NA,NA,0,NA,0,0,NA,NA,NA,NA,NA,0,NA,NA,NA,NA,NA,NA,NA,0,BYE,BYE,BYE,BYE,BYE
10,12516,Kalel Mullings,RB,23.0,TEN,0.0,0,0,0,0,0,0,0,0,0,0,0,0.0,0,0,0,0,0,0,0.00,0,0,0,0,0.00,0.00,0,0,0,0,0,0,0,0,0.0,0.0,0,0,0,0,0,NA,0,0,NA,NA,NA,NA,0,NA,0,0,NA,NA,NA,NA,NA,0,NA,NA,NA,NA,NA,NA,NA,0,BYE,BYE,BYE,BYE,BYE
10,8207,Tyler Goodson,RB,24.9,IND,64.0,62,60,0.4,0.4,0.4,1,1,0,77,2,0,0.0,0,0,0,0,0,0,0.00,4,0,0,0,0.00,0.00,0,0,0,0,0,0,0,0,0.0,0.0,1,0,0,4,0,6,4,4,2.6%,0,6.10,0.000,0,0.610,0,1,0.000,0.0,NA,0.0%,NA,0,NA,NA,NA,NA,NA,NA,NA,4,vs ATL,10,·,0.3,0.1
10,8147,John Metchie,WR,25.2,NYJ,93.0,93,93,0.6,0.1,-0.4,1,1,0,49,8,0,0.0,0,0,0,0,0,0,0.00,-7,0,0,0,0.00,0.00,1,3,0,0,0,1,0,3,3.0,3.0,1,0,0,-4,0,NA,-7,-7,16.3%,NA,NA,NA,0,NA,0,2,0.000,0.0,2,9.1%,1.50,0,NA,NA,NA,NA,NA,0.000,NA,-4,vs CLE,13,·,1.0,-0.4
10,12472,Raheim Sanders,RB,23.3,CLE,0.0,0,0,0,0,0,0,0,0,0,0,0,0.0,0,0,0,0,0,0,0.00,0,0,0,0,0.00,0.00,0,0,0,0,0,0,0,0,0.0,0.0,0,0,0,0,0,NA,0,0,NA,NA,NA,NA,0,NA,0,0,NA,NA,NA,NA,NA,0,NA,NA,NA,NA,NA,NA,NA,0,@ NYJ,8,·,0.0,0.0
10,3271,Tyler Higbee,TE,32.7,LAR,22.0,22,23,6.3,4.8,3.3,1,1,0,69,37,0,0.0,0,0,0,0,0,0,0.00,0,0,0,0,0.00,0.00,3,11,0,2,0,3,22,33,11.0,11.0,0,0,0,33,0,NA,0,0,53.6%,NA,NA,NA,0,NA,2,3,0.667,2.0,15,8.3%,2.20,0,NA,NA,NA,NA,NA,0.133,NA,33,@ SF,9,·,5.0,1.3
10,5970,Greg Dortch,WR,27.3,ARI,51.0,42,34,6.2,6.2,6.2,1,1,0,76,30,0,0.0,0,0,0,0,0,0,0.00,2,0,0,0,0.00,0.00,0,0,0,0,0,0,0,0,0.0,0.0,2,0,0,2,1,NA,2,1,39.5%,NA,NA,NA,1,NA,1,2,0.500,1.0,20,0.0%,0.00,0,NA,NA,NA,NA,NA,0.000,NA,2,@ SEA,11,·,3.0,3.2
10,5955,Hunter Renfrow,WR,29.8,CAR,0.0,0,0,0,0,0,0,0,0,0,0,0,0.0,0,0,0,0,0,0,0.00,0,0,0,0,0.00,0.00,0,0,0,0,0,0,0,0,0.0,0.0,0,0,0,0,0,NA,0,0,NA,NA,NA,NA,0,NA,0,0,NA,NA,NA,NA,NA,0,NA,NA,NA,NA,NA,NA,NA,0,vs NO,14,·,0.1,-0.1
10,8129,Dameon Pierce,RB,25.6,HOU,999.0,999,999,0,0,0,1,1,0,75,0,0,0.0,0,0,0,0,0,0,0.00,0,0,0,0,0.00,0.00,0,0,0,0,0,0,0,0,0.0,0.0,0,0,0,0,0,NA,0,0,0.0%,NA,NA,NA,0,NA,0,0,NA,0.0,NA,NA,NA,0,NA,NA,NA,NA,NA,NA,NA,0,vs JAX,24,·,0.1,-0.1
10,11439,Jaleel McLaughlin,RB,25.0,DEN,0.0,0,0,0,0,0,0,0,0,0,0,0,0.0,0,0,0,0,0,0,0.00,0,0,0,0,0.00,0.00,0,0,0,0,0,0,0,0,0.0,0.0,0,0,0,0,0,NA,0,0,NA,NA,NA,NA,0,NA,0,0,NA,NA,NA,NA,NA,0,NA,NA,NA,NA,NA,NA,NA,0,vs LV,14,OUT,OUT,OUT
10,12634,Jordan Watkins,WR,23.6,SF,999.0,999,999,0,0,0,1,1,0,63,3,0,0.0,0,0,0,0,0,0,0.00,0,0,0,0,0.00,0.00,0,0,0,0,0,0,0,0,0.0,0.0,0,0,0,0,0,NA,0,0,4.8%,NA,NA,NA,0,NA,0,0,NA,0.0,2,0.0%,0.00,0,NA,NA,NA,NA,NA,0.000,NA,0,vs LAR,17,·,0.8,-0.8
10,10871,Luke Schoonmaker,TE,27.0,DAL,0.0,0,0,0,0,0,0,0,0,0,0,0,0.0,0,0,0,0,0,0,0.00,0,0,0,0,0.00,0.00,0,0,0,0,0,0,0,0,0.0,0.0,0,0,0,0,0,NA,0,0,NA,NA,NA,NA,0,NA,0,0,NA,NA,NA,NA,NA,0,NA,NA,NA,NA,NA,NA,NA,0,BYE,BYE,BYE,BYE,BYE
10,11834,Devaughn Vele,WR,27.8,NO,78.0,78,75,2.5,2,1.5,1,1,1,68,59,0,0.0,0,0,0,0,0,0,0.00,0,0,0,0,0.00,0.00,1,15,0,0,0,3,0,15,15.0,5.0,0,0,0,15,0,NA,0,0,86.8%,NA,NA,NA,0,NA,0,3,0.000,0.0,30,10.7%,0.50,0,NA,NA,NA,NA,NA,0.000,NA,15,@ CAR,27,·,6.8,-4.3
10,6151,Miles Sanders,RB,28.4,DAL,0.0,0,0,0,0,0,0,0,0,0,0,0,0.0,0,0,0,0,0,0,0.00,0,0,0,0,0.00,0.00,0,0,0,0,0,0,0,0,0.0,0.0,0,0,0,0,0,NA,0,0,NA,NA,NA,NA,0,NA,0,0,NA,NA,NA,NA,NA,0,NA,NA,NA,NA,NA,NA,NA,0,BYE,BYE,BYE,BYE,BYE
10,10231,Elijah Higgins,TE,24.9,ARI,30.0,30,34,3.9,2.9,1.9,1,1,1,76,28,0,0.0,0,0,0,0,0,0,0.00,0,0,0,0,0.00,0.00,2,11,0,1,0,3,8,19,9.5,6.3,0,0,0,19,0,NA,0,0,36.8%,NA,NA,NA,0,NA,1,3,0.333,1.0,15,6.7%,1.27,0,NA,NA,NA,NA,NA,0.067,NA,19,@ SEA,24,·,3.0,0.9
10,12738,Phil Mafah,RB,22.9,DAL,0.0,0,0,0,0,0,0,0,0,0,0,0,0.0,0,0,0,0,0,0,0.00,0,0,0,0,0.00,0.00,0,0,0,0,0,0,0,0,0.0,0.0,0,0,0,0,0,NA,0,0,NA,NA,NA,NA,0,NA,0,0,NA,NA,NA,NA,NA,0,NA,NA,NA,NA,NA,NA,NA,0,BYE,BYE,BYE,BYE,BYE
10,11579,Audric Estime,RB,22.1,PHI,999.0,999,999,0,0,0,1,1,0,68,3,0,0.0,0,0,0,0,0,0,0.00,0,0,0,0,0.00,0.00,0,0,0,0,0,0,0,0,0.0,0.0,0,0,0,0,0,NA,0,0,4.4%,NA,NA,NA,0,NA,0,0,NA,0.0,NA,NA,NA,0,NA,NA,NA,NA,NA,NA,NA,0,@ GB,28,·,·,·
10,6865,Colby Parkinson,TE,26.7,LAR,8.0,7,5,14.1,12.1,10.1,1,1,1,69,39,0,0.0,0,0,0,0,0,0,0.00,0,0,0,0,0.00,0.00,4,15,0,3,1,5,26,41,10.3,8.2,0,0,0,41,0,NA,0,0,56.5%,NA,NA,NA,0,NA,4,5,0.800,4.0,10,13.9%,4.10,0,NA,NA,NA,NA,NA,0.300,NA,41,@ SF,9,·,1.2,12.9
10,12515,Donovan Edwards,RB,22.6,WAS,999.0,999,999,0,0,0,1,0,0,0,0,0,0.0,0,0,0,0,0,0,0.00,0,0,0,0,0.00,0.00,0,0,0,0,0,0,0,0,0.0,0.0,0,0,0,0,0,NA,0,0,NA,NA,NA,NA,0,NA,0,0,NA,NA,NA,NA,NA,0,NA,NA,NA,NA,NA,NA,NA,0,vs DET,30,·,·,·
10,8208,Tyler Badie,RB,25.6,DEN,999.0,999,999,0,0,0,1,1,0,61,13,0,0.0,0,0,0,0,0,0,0.00,0,0,0,0,0.00,0.00,0,0,1,0,0,1,0,0,0.0,0.0,0,0,0,0,0,NA,0,0,21.3%,NA,NA,NA,0,NA,0,1,0.000,0.0,NA,NA,NA,0,NA,NA,NA,NA,NA,NA,NA,0,vs LV,14,·,4.2,-4.2
10,8225,Daniel Bellinger,TE,25.0,NYG,45.0,45,45,1.8,1.3,0.8,1,1,1,73,53,0,0.0,0,0,0,0,0,0,0.00,0,0,0,0,0.00,0.00,1,1,0,0,0,2,7,8,8.0,4.0,0,0,0,8,0,NA,0,0,72.6%,NA,NA,NA,0,NA,0,2,0.000,0.0,24,5.6%,0.33,0,NA,NA,NA,NA,NA,0.000,NA,8,@ CHI,11,·,2.4,-0.6
10,12539,Arian Smith,WR,24.0,NYJ,88.0,83,78,1.3,1.3,1.3,1,1,0,49,33,0,0.0,0,0,0,0,0,0,0.00,13,0,0,0,0.00,0.00,0,0,0,0,0,0,0,0,0.0,0.0,1,0,1,13,0,NA,13,13,67.3%,NA,NA,NA,1,NA,1,1,1.000,1.0,8,0.0%,0.00,0,NA,NA,NA,NA,NA,0.000,NA,13,vs CLE,13,·,1.0,0.3
10,4234,Noah Brown,WR,29.7,WAS,999.0,999,999,0,0,0,1,0,0,0,0,0,0.0,0,0,0,0,0,0,0.00,0,0,0,0,0.00,0.00,0,0,0,0,0,0,0,0,0.0,0.0,0,0,0,0,0,NA,0,0,NA,NA,NA,NA,0,NA,0,0,NA,NA,NA,NA,NA,0,NA,NA,NA,NA,NA,NA,NA,0,vs DET,8,IR,IR,IR
10,11370,Chris Brooks,RB,25.7,GB,999.0,999,999,0,0,0,1,1,0,68,6,0,0.0,0,0,0,0,0,0,0.00,0,0,0,0,0.00,0.00,0,0,0,0,0,0,0,0,0.0,0.0,0,0,0,0,0,NA,0,0,8.8%,NA,NA,NA,0,NA,0,0,NA,0.0,NA,NA,NA,0,NA,NA,NA,NA,NA,NA,NA,0,vs PHI,9,·,1.9,-1.9
10,6130,Devin Singletary,RB,28.1,NYG,28.0,30,31,10.3,8.8,7.3,1,1,0,73,24,0,0.0,0,0,0,0,0,0,0.00,20,0,0,0,0.00,0.00,3,-3,0,1,0,3,56,53,17.7,17.7,8,0,1,73,0,18,20,2.5,32.9%,3,2.20,0.375,1,0.595,2,11,0.182,2.0,NA,8.3%,NA,0,NA,NA,NA,NA,NA,NA,NA,73,@ CHI,13,·,9.4,0.9
10,6943,Gabriel Davis,WR,26.5,BUF,999.0,999,999,0,0,0,1,0,0,0,0,0,0.0,0,0,0,0,0,0,0.00,0,0,0,0,0.00,0.00,0,0,0,0,0,0,0,0,0.0,0.0,0,0,0,0,0,NA,0,0,NA,NA,NA,NA,0,NA,0,0,NA,NA,NA,NA,NA,0,NA,NA,NA,NA,NA,NA,NA,0,@ MIA,31,·,·,·
10,6945,Antonio Gibson,RB,27.3,NE,999.0,999,999,0,0,0,1,0,0,0,0,0,0.0,0,0,0,0,0,0,0.00,0,0,0,0,0.00,0.00,0,0,0,0,0,0,0,0,0.0,0.0,0,0,0,0,0,NA,0,0,NA,NA,NA,NA,0,NA,0,0,NA,NA,NA,NA,NA,0,NA,NA,NA,NA,NA,NA,NA,0,@ TB,11,IR,IR,IR
10,4082,Curtis Samuel,WR,29.1,BUF,71.0,68,65,3.1,2.6,2.1,1,1,0,68,24,0,0.0,0,0,0,0,0,0,0.00,0,0,0,0,0.00,0.00,1,16,0,1,0,1,5,21,21.0,21.0,0,0,0,21,0,NA,0,0,35.3%,NA,NA,NA,0,NA,1,1,1.000,1.0,15,2.5%,1.40,0,NA,NA,NA,NA,NA,0.067,NA,21,@ MIA,31,·,3.2,-0.1
10,7496,Nick Westbrook-Ikhine,WR,28.5,MIA,84.0,84,84,1.7,1.2,0.7,1,1,1,53,25,0,0.0,0,0,0,0,0,0,0.00,0,0,0,0,0.00,0.00,1,7,0,1,0,1,0,7,7.0,7.0,0,0,0,7,0,NA,0,0,47.2%,NA,NA,NA,0,NA,1,1,1.000,1.0,10,4.8%,0.70,0,NA,NA,NA,NA,NA,0.100,NA,7,vs BUF,22,·,5.5,-3.8
10,5096,Ray-Ray McCloud,WR,29.0,ATL,999.0,999,999,0,0,0,1,1,0,73,20,0,0.0,0,0,0,0,0,0,0.00,0,0,0,0,0.00,0.00,0,0,0,0,0,0,0,0,0.0,0.0,0,0,0,0,0,NA,0,0,27.4%,NA,NA,NA,0,NA,0,0,NA,0.0,15,0.0%,0.00,0,NA,NA,NA,NA,NA,0.000,NA,0,@ IND,9,·,4.2,-4.2
10,5010,Will Dissly,TE,29.2,LAC,0.0,0,0,0,0,0,0,0,0,0,0,0,0.0,0,0,0,0,0,0,0.00,0,0,0,0,0.00,0.00,0,0,0,0,0,0,0,0,0.0,0.0,0,0,0,0,0,NA,0,0,NA,NA,NA,NA,0,NA,0,0,NA,NA,NA,NA,NA,0,NA,NA,NA,NA,NA,NA,NA,0,vs PIT,3,·,0.2,-0.2
10,8139,Zamir White,RB,26.0,LV,0.0,0,0,0,0,0,0,0,0,0,0,0,0.0,0,0,0,0,0,0,0.00,0,0,0,0,0.00,0.00,0,0,0,0,0,0,0,0,0.0,0.0,0,0,0,0,0,NA,0,0,NA,NA,NA,NA,0,NA,0,0,NA,NA,NA,NA,NA,0,NA,NA,NA,NA,NA,NA,NA,0,@ DEN,26,OUT,OUT,OUT
10,1166,Kirk Cousins,QB,37.1,ATL,999.0,999,999,0,0,0,1,0,0,63,0,0,0.0,0,0,0,0,0,0,0.00,0,0,0,0,0.00,0.00,0,0,0,0,0,0,0,0,0.0,0.0,0,0,0,0,0,NA,0,0,0.0%,NA,NA,NA,0,NA,0,0,NA,NA,NA,NA,NA,0,NA,NA,NA,NA,NA,NA,NA,0,@ IND,18,·,·,·
10,11633,Jamari Thrash,WR,24.8,CLE,999.0,999,999,0,0,0,1,1,0,73,22,0,0.0,0,0,0,0,0,0,0.00,0,0,0,0,0.00,0.00,0,0,0,0,0,1,0,0,0.0,0.0,0,0,0,0,0,NA,0,0,30.1%,NA,NA,NA,0,NA,0,1,0.000,0.0,15,3.1%,0.00,0,NA,NA,NA,NA,NA,0.000,NA,0,@ NYJ,23,·,3.8,-3.8
10,8122,Zonovan Knight,RB,24.5,ARI,44.0,43,42,4.3,3.8,3.3,1,1,1,76,35,0,0.0,0,0,0,0,0,0,0.00,28,0,0,0,0.00,0.00,1,4,0,1,0,4,1,5,5.0,1.3,10,2,4,33,0,17,28,2.8,46.1%,3,1.70,0.300,4,0.470,5,14,0.357,5.0,NA,8.9%,NA,0,NA,NA,NA,NA,NA,NA,NA,33,@ SEA,19,·,7.7,-3.4
10,7538,Zach Wilson,QB,26.2,MIA,999.0,999,999,0,0,0,1,0,0,53,0,0,0.0,0,0,0,0,0,0,0.00,0,0,0,0,0.00,0.00,0,0,0,0,0,0,0,0,0.0,0.0,0,0,0,0,0,NA,0,0,0.0%,NA,NA,NA,0,NA,0,0,NA,NA,NA,NA,NA,0,NA,NA,NA,NA,NA,NA,NA,0,vs BUF,31,·,·,·
10,11592,Erick All,TE,25.0,CIN,0.0,0,0,0,0,0,0,0,0,0,0,0,0.0,0,0,0,0,0,0,0.00,0,0,0,0,0.00,0.00,0,0,0,0,0,0,0,0,0.0,0.0,0,0,0,0,0,NA,0,0,NA,NA,NA,NA,0,NA,0,0,NA,NA,NA,NA,NA,0,NA,NA,NA,NA,NA,NA,NA,0,BYE,BYE,BYE,BYE,BYE
10,10225,Jonathan Mingo,WR,24.4,DAL,0.0,0,0,0,0,0,0,0,0,0,0,0,0.0,0,0,0,0,0,0,0.00,0,0,0,0,0.00,0.00,0,0,0,0,0,0,0,0,0.0,0.0,0,0,0,0,0,NA,0,0,NA,NA,NA,NA,0,NA,0,0,NA,NA,NA,NA,NA,0,NA,NA,NA,NA,NA,NA,NA,0,BYE,BYE,BYE,BYE,BYE
10,1689,Adam Thielen,WR,35.1,MIN,65.0,69,74,3.6,2.6,1.6,1,1,0,65,9,0,0.0,0,0,0,0,0,0,0.00,0,0,0,0,0.00,0.00,2,9,0,0,0,3,7,16,8.0,5.3,0,0,0,16,0,NA,0,0,13.8%,NA,NA,NA,0,NA,0,3,0.000,0.0,6,7.1%,2.67,0,NA,NA,NA,NA,NA,0.000,NA,16,vs BAL,6,·,1.4,2.2
10,11299,Zavier Scott,RB,26.2,MIN,999.0,999,999,0,0,0,1,1,0,65,0,0,0.0,0,0,0,0,0,0,0.00,0,0,0,0,0.00,0.00,0,0,0,0,0,0,0,0,0.0,0.0,0,0,0,0,0,NA,0,0,0.0%,NA,NA,NA,0,NA,0,0,NA,0.0,NA,NA,NA,0,NA,NA,NA,NA,NA,NA,NA,0,vs BAL,4,·,·,·
10,11256,Tyson Bagent,QB,25.3,CHI,999.0,999,999,0,0,0,1,0,0,68,0,0,0.0,0,0,0,0,0,0,0.00,0,0,0,0,0.00,0.00,0,0,0,0,0,0,0,0,0.0,0.0,0,0,0,0,0,NA,0,0,0.0%,NA,NA,NA,0,NA,0,0,NA,NA,NA,NA,NA,0,NA,NA,NA,NA,NA,NA,NA,0,vs NYG,7,·,·,·
10,7601,Rondale Moore,WR,25.3,MIN,999.0,999,999,0,0,0,1,0,0,0,0,0,0.0,0,0,0,0,0,0,0.00,0,0,0,0,0.00,0.00,0,0,0,0,0,0,0,0,0.0,0.0,0,0,0,0,0,NA,0,0,NA,NA,NA,NA,0,NA,0,0,NA,NA,NA,NA,NA,0,NA,NA,NA,NA,NA,NA,NA,0,vs BAL,6,IR,IR,IR
10,11645,Javon Baker,WR,23.6,PHI,0.0,0,0,0,0,0,0,0,0,0,0,0,0.0,0,0,0,0,0,0,0.00,0,0,0,0,0.00,0.00,0,0,0,0,0,0,0,0,0.0,0.0,0,0,0,0,0,NA,0,0,NA,NA,NA,NA,0,NA,0,0,NA,NA,NA,NA,NA,0,NA,NA,NA,NA,NA,NA,NA,0,@ GB,18,·,·,·
10,8230,Ty Chandler,RB,27.4,MIN,999.0,999,999,0,0,0,1,0,0,0,0,0,0.0,0,0,0,0,0,0,0.00,0,0,0,0,0.00,0.00,0,0,0,0,0,0,0,0,0.0,0.0,0,0,0,0,0,NA,0,0,NA,NA,NA,NA,0,NA,0,0,NA,NA,NA,NA,NA,0,NA,NA,NA,NA,NA,NA,NA,0,vs BAL,4,IR,IR,IR
10,3286,Demarcus Robinson,WR,31.0,SF,50.0,51,54,6.4,4.9,3.4,1,1,0,63,29,0,0.0,0,0,0,0,0,0,0.00,0,0,0,0,0.00,0.00,3,34,0,2,0,4,0,34,11.3,8.5,0,0,0,34,0,NA,0,0,46.0%,NA,NA,NA,0,NA,2,4,0.500,2.0,21,10.3%,1.62,0,NA,NA,NA,NA,NA,0.095,NA,34,vs LAR,17,·,3.2,3.2
10,8160,Kenny Pickett,QB,27.3,LV,999.0,999,999,0,0,0,1,1,0,60,2,0,0.0,0,1,0,0,1,0,39.60,0,0,0,0,0.00,0.00,0,0,0,0,0,0,0,0,0.0,0.0,0,0,0,0,0,NA,0,0,3.3%,NA,NA,NA,0,NA,0,1,NA,NA,NA,NA,NA,0,0.0%,1.98,0.0%,0.0%,3.20,NA,1.00,0,@ DEN,30,·,·,·
10,5133,Tyler Conklin,TE,30.2,LAC,42.0,43,42,2.2,1.7,1.2,1,1,0,73,23,0,0.0,0,0,0,0,0,0,0.00,0,0,0,0,0.00,0.00,1,5,0,0,0,1,7,12,12.0,12.0,0,0,0,12,0,NA,0,0,31.5%,NA,NA,NA,0,NA,0,1,0.000,0.0,6,3.0%,2.00,0,NA,NA,NA,NA,NA,0.000,NA,12,vs PIT,3,·,0.7,1.5
10,7561,Elijah Mitchell,RB,27.4,KC,0.0,0,0,0,0,0,0,0,0,0,0,0,0.0,0,0,0,0,0,0,0.00,0,0,0,0,0.00,0.00,0,0,0,0,0,0,0,0,0.0,0.0,0,0,0,0,0,NA,0,0,NA,NA,NA,NA,0,NA,0,0,NA,NA,NA,NA,NA,0,NA,NA,NA,NA,NA,NA,NA,0,BYE,BYE,BYE,BYE,BYE
10,12470,Riley Leonard,QB,23.0,IND,999.0,999,999,0,0,0,1,0,0,77,0,0,0.0,0,0,0,0,0,0,0.00,0,0,0,0,0.00,0.00,0,0,0,0,0,0,0,0,0.0,0.0,0,0,0,0,0,NA,0,0,0.0%,NA,NA,NA,0,NA,0,0,NA,NA,NA,NA,NA,0,NA,NA,NA,NA,NA,NA,NA,0,vs ATL,27,·,·,·
10,7595,Tylan Wallace,WR,26.4,BAL,999.0,999,999,0,0,0,1,1,0,70,8,0,0.0,0,0,0,0,0,0,0.00,0,0,0,0,0.00,0.00,0,0,0,0,0,0,0,0,0.0,0.0,0,0,0,0,0,NA,0,0,11.4%,NA,NA,NA,0,NA,0,0,NA,0.0,NA,NA,NA,0,NA,NA,NA,NA,NA,NA,NA,0,@ MIN,24,·,3.2,-3.2
10,11570,Rasheen Ali,RB,24.6,BAL,0.0,0,0,0,0,0,0,0,0,0,0,0,0.0,0,0,0,0,0,0,0.00,0,0,0,0,0.00,0.00,0,0,0,0,0,0,0,0,0.0,0.0,0,0,0,0,0,NA,0,0,NA,NA,NA,NA,0,NA,0,0,NA,NA,NA,NA,NA,0,NA,NA,NA,NA,NA,NA,NA,0,@ MIN,21,·,0.0,0.0
10,10214,Davis Allen,TE,24.6,LAR,16.0,13,13,8.8,7.8,6.8,1,1,1,69,35,0,0.0,0,0,0,0,0,0,0.00,0,0,0,0,0.00,0.00,2,6,0,0,1,2,2,8,4.0,4.0,0,0,0,8,0,NA,0,0,50.7%,NA,NA,NA,0,NA,1,2,0.500,1.0,10,5.6%,0.80,0,NA,NA,NA,NA,NA,0.000,NA,8,@ SF,9,·,1.8,7.0
10,10867,Jake Bobo,WR,27.2,SEA,0.0,0,0,0,0,0,0,0,0,0,0,0,0.0,0,0,0,0,0,0,0.00,0,0,0,0,0.00,0.00,0,0,0,0,0,0,0,0,0.0,0.0,0,0,0,0,0,NA,0,0,NA,NA,NA,NA,0,NA,0,0,NA,NA,NA,NA,NA,0,NA,NA,NA,NA,NA,NA,NA,0,vs ARI,19,OUT,OUT,OUT
10,8162,Sam Howell,QB,25.0,PHI,0.0,0,0,0,0,0,0,0,0,0,0,0,0.0,0,0,0,0,0,0,0.00,0,0,0,0,0.00,0.00,0,0,0,0,0,0,0,0,0.0,0.0,0,0,0,0,0,NA,0,0,NA,NA,NA,NA,0,NA,0,0,NA,NA,NA,NA,NA,0,NA,NA,NA,NA,NA,NA,NA,0,@ GB,24,·,·,·
10,6938,Cam Akers,RB,26.3,MIN,999.0,999,999,0,0,0,1,0,0,0,0,0,0.0,0,0,0,0,0,0,0.00,0,0,0,0,0.00,0.00,0,0,0,0,0,0,0,0,0.0,0.0,0,0,0,0,0,NA,0,0,NA,NA,NA,NA,0,NA,0,0,NA,NA,NA,NA,NA,0,NA,NA,NA,NA,NA,NA,NA,0,vs BAL,4,·,·,·
10,11617,Malachi Corley,WR,23.5,CLE,70.0,62,57,3.2,3.2,3.2,1,1,1,73,20,0,0.0,0,0,0,0,0,0,0.00,32,0,0,0,0.00,0.00,0,0,0,0,0,1,0,0,0.0,0.0,2,2,2,32,0,NA,32,16,27.4%,NA,NA,NA,2,NA,2,3,0.667,2.0,6,3.1%,0.00,0,NA,NA,NA,NA,NA,0.000,NA,32,@ NYJ,23,·,0.8,2.4
10,1234,Russell Wilson,QB,36.8,NYG,28.0,28,28,3,3,3,1,1,0,73,21,0,42.9,-1,7,3,1,4,0,64.60,57,2,0,45,6.43,15.00,0,0,0,0,0,0,0,0,0.0,0.0,2,0,1,12,0,NA,12,6,28.8%,NA,NA,NA,1,NA,2,9,NA,NA,NA,NA,NA,1,14.3%,2.96,0.0%,45.5%,2.80,NA,11.00,57,@ CHI,6,·,·,·
10,8254,Julius Chestnut,RB,24.9,TEN,0.0,0,0,0,0,0,0,0,0,0,0,0,0.0,0,0,0,0,0,0,0.00,0,0,0,0,0.00,0.00,0,0,0,0,0,0,0,0,0.0,0.0,0,0,0,0,0,NA,0,0,NA,NA,NA,NA,0,NA,0,0,NA,NA,NA,NA,NA,0,NA,NA,NA,NA,NA,NA,NA,0,BYE,BYE,BYE,BYE,BYE
10,4080,Zay Jones,WR,30.5,ARI,999.0,999,999,0,0,0,1,1,0,76,11,0,0.0,0,0,0,0,0,0,0.00,0,0,0,0,0.00,0.00,0,0,0,0,0,1,0,0,0.0,0.0,0,0,0,0,0,NA,0,0,14.5%,NA,NA,NA,0,NA,0,1,0.000,0.0,8,2.2%,0.00,0,NA,NA,NA,NA,NA,0.000,NA,0,@ SEA,11,·,5.0,-5.0
10,6960,Tyler Johnson,WR,27.1,NYJ,999.0,999,999,0,0,0,1,1,1,49,31,0,0.0,0,0,0,0,0,0,0.00,0,0,0,0,0.00,0.00,0,0,0,0,0,1,0,0,0.0,0.0,0,0,0,0,0,NA,0,0,63.3%,NA,NA,NA,0,NA,0,1,0.000,0.0,8,9.1%,0.00,0,NA,NA,NA,NA,NA,0.000,NA,0,vs CLE,13,·,3.6,-3.6
10,7568,Brevin Jordan,TE,25.2,HOU,999.0,999,999,0,0,0,1,0,0,0,0,0,0.0,0,0,0,0,0,0,0.00,0,0,0,0,0.00,0.00,0,0,0,0,0,0,0,0,0.0,0.0,0,0,0,0,0,NA,0,0,NA,NA,NA,NA,0,NA,0,0,NA,NA,NA,NA,NA,0,NA,NA,NA,NA,NA,NA,NA,0,vs JAX,2,IR,IR,IR
10,6828,AJ Dillon,RB,27.4,PHI,0.0,0,0,0,0,0,0,0,0,0,0,0,0.0,0,0,0,0,0,0,0.00,0,0,0,0,0.00,0.00,0,0,0,0,0,0,0,0,0.0,0.0,0,0,0,0,0,NA,0,0,NA,NA,NA,NA,0,NA,0,0,NA,NA,NA,NA,NA,0,NA,NA,NA,NA,NA,NA,NA,0,@ GB,28,·,0.1,-0.1
10,9230,Tanner McKee,QB,25.4,PHI,999.0,999,999,0,0,0,1,0,0,63,0,0,0.0,0,0,0,0,0,0,0.00,0,0,0,0,0.00,0.00,0,0,0,0,0,0,0,0,0.0,0.0,0,0,0,0,0,NA,0,0,0.0%,NA,NA,NA,0,NA,0,0,NA,NA,NA,NA,NA,0,NA,NA,NA,NA,NA,NA,NA,0,@ GB,24,·,·,·
10,9227,Israel Abanikanda,RB,23.0,FA,0.0,0,0,0,0,0,0,0,0,0,0,0,0.0,0,0,0,0,0,0,0.00,0,0,0,0,0.00,0.00,0,0,0,0,0,0,0,0,0.0,0.0,0,0,0,0,0,NA,0,0,NA,NA,NA,NA,0,NA,0,0,NA,NA,NA,NA,NA,0,NA,NA,NA,NA,NA,NA,NA,0,NA,,·,·,·
10,7610,Trey Lance,QB,25.4,LAC,999.0,999,999,0,0,0,1,0,0,73,0,0,0.0,0,0,0,0,0,0,0.00,0,0,0,0,0.00,0.00,0,0,0,0,0,0,0,0,0.0,0.0,0,0,0,0,0,NA,0,0,0.0%,NA,NA,NA,0,NA,0,0,NA,NA,NA,NA,NA,0,NA,NA,NA,NA,NA,NA,NA,0,vs PIT,5,·,·,·
10,4171,Josh Reynolds,WR,30.6,NYJ,999.0,999,999,0,0,0,1,0,0,0,0,0,0.0,0,0,0,0,0,0,0.00,0,0,0,0,0.00,0.00,0,0,0,0,0,0,0,0,0.0,0.0,0,0,0,0,0,NA,0,0,NA,NA,NA,NA,0,NA,0,0,NA,NA,NA,NA,NA,0,NA,NA,NA,NA,NA,NA,NA,0,vs CLE,13,IR,IR,IR
10,8172,Greg Dulcich,TE,25.5,MIA,36.0,33,31,3.2,2.7,2.2,1,1,0,53,31,0,0.0,0,0,0,0,0,0,0.00,0,0,0,0,0.00,0.00,1,0,0,1,0,4,22,22,22.0,5.5,0,0,0,22,0,NA,0,0,58.5%,NA,NA,NA,0,NA,1,4,0.250,1.0,16,19.0%,1.38,0,NA,NA,NA,NA,NA,0.063,NA,22,vs BUF,31,·,4.4,-1.2
10,4381,Taysom Hill,TE,35.1,NO,43.0,38,33,2,2,2,1,1,0,68,25,0,0.0,0,1,0,0,1,0,39.60,20,0,0,0,0.00,0.00,0,0,1,0,0,1,0,0,0.0,0.0,7,0,3,20,0,NA,20,2.86,36.8%,NA,NA,NA,3,NA,3,9,0.333,3.0,NA,NA,NA,0,0.0%,3.08,0.0%,100.0%,0.00,NA,1.00,20,@ CAR,13,·,6.4,-4.4
10,12718,Konata Mumpfield,WR,22.9,LAR,999.0,999,999,0,0,0,1,1,0,69,33,0,0.0,0,0,0,0,0,0,0.00,0,0,0,0,0.00,0.00,0,0,0,0,0,2,0,0,0.0,0.0,0,0,0,0,0,NA,0,0,47.8%,NA,NA,NA,0,NA,0,2,0.000,0.0,13,5.6%,0.00,0,NA,NA,NA,NA,NA,0.000,NA,0,@ SF,25,·,·,·
10,11994,Kameron Johnson,WR,23.5,TB,92.0,86,82,1.1,1.1,1.1,1,1,0,69,9,0,0.0,0,0,0,0,0,0,0.00,11,0,0,0,0.00,0.00,0,0,1,0,0,1,0,0,0.0,0.0,1,0,1,11,0,NA,11,11,13.0%,NA,NA,NA,1,NA,1,2,0.500,1.0,5,2.3%,0.00,0,NA,NA,NA,NA,NA,0.000,NA,11,vs NE,15,·,2.0,-0.9
10,11595,Jared Wiley,TE,24.9,KC,0.0,0,0,0,0,0,0,0,0,0,0,0,0.0,0,0,0,0,0,0,0.00,0,0,0,0,0.00,0.00,0,0,0,0,0,0,0,0,0.0,0.0,0,0,0,0,0,NA,0,0,NA,NA,NA,NA,0,NA,0,0,NA,NA,NA,NA,NA,0,NA,NA,NA,NA,NA,NA,NA,0,BYE,BYE,BYE,BYE,BYE
10,11615,Ainias Smith,WR,24.3,CAR,999.0,999,999,0,0,0,1,0,0,0,0,0,0.0,0,0,0,0,0,0,0.00,0,0,0,0,0.00,0.00,0,0,0,0,0,0,0,0,0.0,0.0,0,0,0,0,0,NA,0,0,NA,NA,NA,NA,0,NA,0,0,NA,NA,NA,NA,NA,0,NA,NA,NA,NA,NA,NA,NA,0,vs NO,14,·,·,·
10,9999,Will Levis,QB,26.2,TEN,0.0,0,0,0,0,0,0,0,0,0,0,0,0.0,0,0,0,0,0,0,0.00,0,0,0,0,0.00,0.00,0,0,0,0,0,0,0,0,0.0,0.0,0,0,0,0,0,NA,0,0,NA,NA,NA,NA,0,NA,0,0,NA,NA,NA,NA,NA,0,NA,NA,NA,NA,NA,NA,NA,0,BYE,BYE,BYE,BYE,BYE
10,8204,Bo Melton,WR,26.2,GB,60.0,59,60,4.8,3.8,2.8,1,1,0,68,26,0,0.0,0,0,0,0,0,0,0.00,0,0,0,0,0.00,0.00,2,27,0,2,0,5,1,28,14.0,5.6,0,0,0,28,0,NA,0,0,38.2%,NA,NA,NA,0,NA,2,5,0.400,2.0,NA,NA,NA,0,NA,NA,NA,NA,NA,NA,NA,28,vs PHI,20,·,·,·
10,8168,Skyy Moore,WR,25.0,SF,75.0,72,70,2.8,2.3,1.8,1,1,0,63,11,0,0.0,0,0,0,0,0,0,0.00,0,0,0,0,0.00,0.00,1,18,0,1,0,1,0,18,18.0,18.0,0,0,0,18,0,NA,0,0,17.5%,NA,NA,NA,0,NA,1,1,1.000,1.0,9,2.6%,2.00,0,NA,NA,NA,NA,NA,0.111,NA,18,vs LAR,17,·,0.7,2.1
10,5854,Drew Lock,QB,28.9,SEA,32.0,32,32,-0.4,-0.4,-0.4,1,1,0,62,6,1,0.0,0,0,0,0,0,0,0.00,-4,0,0,0,0.00,0.00,0,0,0,0,0,0,0,0,0.0,0.0,4,0,0,-4,0,NA,-4,-1,9.7%,NA,NA,NA,0,NA,0,4,NA,NA,NA,NA,NA,0,NA,0.00,0.0%,0.0%,0.00,NA,0.00,-4,vs ARI,25,·,·,·
10,2374,Tyler Lockett,WR,33.0,LV,35.0,38,42,9.4,6.9,4.4,1,1,0,60,34,0,0.0,0,0,0,0,0,0,0.00,0,0,0,0,0.00,0.00,5,24,0,2,0,6,20,44,8.8,7.3,0,0,0,44,0,NA,0,0,56.7%,NA,NA,NA,0,NA,2,6,0.333,2.0,26,22.2%,1.69,0,NA,NA,NA,NA,NA,0.077,NA,44,@ DEN,32,·,·,·
10,4177,Mack Hollins,WR,32.0,NE,20.0,21,24,16.6,13.6,10.6,1,1,1,61,48,0,0.0,0,0,0,0,0,0,0.00,0,0,0,0,0.00,0.00,6,88,0,4,0,10,18,106,17.7,10.6,0,0,0,106,0,NA,0,0,78.7%,NA,NA,NA,0,NA,4,10,0.400,4.0,27,32.3%,3.93,0,NA,NA,NA,NA,NA,0.148,NA,106,@ TB,21,·,6.3,10.3
10,11748,Bub Means,WR,24.7,NO,999.0,999,999,0,0,0,1,0,0,0,0,0,0.0,0,0,0,0,0,0,0.00,0,0,0,0,0.00,0.00,0,0,0,0,0,0,0,0,0.0,0.0,0,0,0,0,0,NA,0,0,NA,NA,NA,NA,0,NA,0,0,NA,NA,NA,NA,NA,0,NA,NA,NA,NA,NA,NA,NA,0,@ CAR,27,IR,IR,IR
10,11573,Frank Gore Jr.,RB,23.5,BUF,999.0,999,999,0,0,0,1,0,0,0,0,0,0.0,0,0,0,0,0,0,0.00,0,0,0,0,0.00,0.00,0,0,0,0,0,0,0,0,0.0,0.0,0,0,0,0,0,NA,0,0,NA,NA,NA,NA,0,NA,0,0,NA,NA,NA,NA,NA,0,NA,NA,NA,NA,NA,NA,NA,0,@ MIA,6,·,·,·
10,7891,Brock Wright,TE,26.8,DET,999.0,999,999,0,0,0,1,1,1,70,27,0,0.0,0,0,0,0,0,0,0.00,0,0,0,0,0.00,0.00,0,0,0,0,0,1,0,0,0.0,0.0,0,0,0,0,0,NA,0,0,38.6%,NA,NA,NA,0,NA,0,1,0.000,0.0,10,2.9%,0.00,0,NA,NA,NA,NA,NA,0.000,NA,0,@ WAS,6,·,1.5,-1.5
10,12699,LaJohntay Wester,WR,23.5,BAL,999.0,999,999,0,0,0,1,1,0,70,1,1,0.0,0,0,0,0,0,0,0.00,0,0,0,0,0.00,0.00,0,0,0,0,0,0,0,0,0.0,0.0,0,0,0,0,0,NA,0,0,1.4%,NA,NA,NA,0,NA,0,0,NA,0.0,0,0.0%,NA,0,NA,NA,NA,NA,NA,NA,NA,0,@ MIN,24,·,0.1,-0.1
10,6869,Adam Trautman,TE,28.6,DEN,52.0,52,53,1.2,0.7,0.2,1,1,1,61,42,0,0.0,0,0,0,0,0,0,0.00,0,0,0,0,0.00,0.00,1,1,0,0,0,1,1,2,2.0,2.0,0,0,0,2,0,NA,0,0,68.9%,NA,NA,NA,0,NA,0,1,0.000,0.0,7,3.6%,0.29,0,NA,NA,NA,NA,NA,0.000,NA,2,vs LV,28,·,2.6,-1.4
10,10866,Aidan O'Connell,QB,27.1,LV,999.0,999,999,0,0,0,1,0,0,0,0,0,0.0,0,0,0,0,0,0,0.00,0,0,0,0,0.00,0.00,0,0,0,0,0,0,0,0,0.0,0.0,0,0,0,0,0,NA,0,0,NA,NA,NA,NA,0,NA,0,0,NA,NA,NA,NA,NA,0,NA,NA,NA,NA,NA,NA,NA,0,@ DEN,30,IR,IR,IR
10,11895,Mason Tipton,WR,25.0,NO,999.0,999,999,0,0,0,1,1,0,68,23,0,0.0,0,0,0,0,0,0,0.00,0,0,0,0,0.00,0.00,0,0,0,0,0,0,0,0,0.0,0.0,0,0,0,0,0,NA,0,0,33.8%,NA,NA,NA,0,NA,0,0,NA,0.0,4,0.0%,0.00,0,NA,NA,NA,NA,NA,0.000,NA,0,@ CAR,27,·,1.6,-1.6
10,8177,Grant Calcaterra,TE,26.8,PHI,999.0,999,999,0,0,0,1,1,0,63,25,0,0.0,0,0,0,0,0,0,0.00,0,0,0,0,0.00,0.00,0,0,0,0,0,1,0,0,0.0,0.0,0,0,0,0,0,NA,0,0,39.7%,NA,NA,NA,0,NA,0,1,0.000,0.0,4,3.8%,0.00,0,NA,NA,NA,NA,NA,0.000,NA,0,@ GB,8,·,1.8,-1.8
10,11574,Dylan Laube,RB,25.8,LV,999.0,999,999,0,0,0,1,1,0,60,0,0,0.0,0,0,0,0,0,0,0.00,0,0,0,0,0.00,0.00,0,0,0,0,0,0,0,0,0.0,0.0,0,0,0,0,0,NA,0,0,0.0%,NA,NA,NA,0,NA,0,0,NA,0.0,NA,NA,NA,0,NA,NA,NA,NA,NA,NA,NA,0,@ DEN,26,·,0.1,-0.1
10,11649,Kendall Milton,RB,23.6,CIN,0.0,0,0,0,0,0,0,0,0,0,0,0,0.0,0,0,0,0,0,0,0.00,0,0,0,0,0.00,0.00,0,0,0,0,0,0,0,0,0.0,0.0,0,0,0,0,0,NA,0,0,NA,NA,NA,NA,0,NA,0,0,NA,NA,NA,NA,NA,0,NA,NA,NA,NA,NA,NA,NA,0,BYE,BYE,BYE,BYE,BYE
10,8145,Jeremy Ruckert,TE,25.1,NYJ,53.0,53,999,1,0.5,0,1,1,1,49,26,0,0.0,0,0,0,0,0,0,0.00,0,0,0,0,0.00,0.00,1,-3,0,0,0,1,3,0,0.0,0.0,0,0,0,0,0,NA,0,0,53.1%,NA,NA,NA,0,NA,0,1,0.000,0.0,3,9.1%,0.00,0,NA,NA,NA,NA,NA,0.000,NA,0,vs CLE,17,·,1.8,-0.8
10,2197,Brandin Cooks,WR,32.0,NO,999.0,999,999,0,0,0,1,1,1,68,34,0,0.0,0,0,0,0,0,0,0.00,0,0,0,0,0.00,0.00,0,0,0,0,0,0,0,0,0.0,0.0,0,0,0,0,0,NA,0,0,50.0%,NA,NA,NA,0,NA,0,0,NA,0.0,21,0.0%,0.00,0,NA,NA,NA,NA,NA,0.000,NA,0,@ CAR,27,·,6.6,-6.6
10,1837,Jimmy Garoppolo,QB,33.9,LAR,999.0,999,999,0,0,0,1,0,0,69,0,0,0.0,0,0,0,0,0,0,0.00,0,0,0,0,0.00,0.00,0,0,0,0,0,0,0,0,0.0,0.0,0,0,0,0,0,NA,0,0,0.0%,NA,NA,NA,0,NA,0,0,NA,NA,NA,NA,NA,0,NA,NA,NA,NA,NA,NA,NA,0,@ SF,17,·,·,·
10,8135,Treylon Burks,WR,25.5,WAS,39.0,37,39,8.8,7.3,5.8,1,1,0,54,21,0,0.0,0,0,0,0,0,0,0.00,0,0,0,0,0.00,0.00,3,45,0,2,0,3,13,58,19.3,19.3,0,0,0,58,0,NA,0,0,38.9%,NA,NA,NA,0,NA,2,3,0.667,2.0,13,13.6%,4.46,0,NA,NA,NA,NA,NA,0.154,NA,58,vs DET,8,BYE,BYE,BYE
10,11636,Johnny Wilson,WR,24.5,PHI,999.0,999,999,0,0,0,1,0,0,0,0,0,0.0,0,0,0,0,0,0,0.00,0,0,0,0,0.00,0.00,0,0,0,0,0,0,0,0,0.0,0.0,0,0,0,0,0,NA,0,0,NA,NA,NA,NA,0,NA,0,0,NA,NA,NA,NA,NA,0,NA,NA,NA,NA,NA,NA,NA,0,@ GB,18,IR,IR,IR
10,5185,Allen Lazard,WR,29.8,NYJ,0.0,0,0,0,0,0,0,0,0,0,0,0,0.0,0,0,0,0,0,0,0.00,0,0,0,0,0.00,0.00,0,0,0,0,0,0,0,0,0.0,0.0,0,0,0,0,0,NA,0,0,NA,NA,NA,NA,0,NA,0,0,NA,NA,NA,NA,NA,0,NA,NA,NA,NA,NA,NA,NA,0,vs CLE,13,·,1.6,-1.6
10,9505,Deuce Vaughn,RB,23.9,DEN,999.0,999,999,0,0,0,1,0,0,0,0,0,0.0,0,0,0,0,0,0,0.00,0,0,0,0,0.00,0.00,0,0,0,0,0,0,0,0,0.0,0.0,0,0,0,0,0,NA,0,0,NA,NA,NA,NA,0,NA,0,0,NA,NA,NA,NA,NA,0,NA,NA,NA,NA,NA,NA,NA,0,vs LV,14,·,·,·
10,5973,Josh Oliver,TE,28.5,MIN,0.0,0,0,0,0,0,0,0,0,0,0,0,0.0,0,0,0,0,0,0,0.00,0,0,0,0,0.00,0.00,0,0,0,0,0,0,0,0,0.0,0.0,0,0,0,0,0,NA,0,0,NA,NA,NA,NA,0,NA,0,0,NA,NA,NA,NA,NA,0,NA,NA,NA,NA,NA,NA,NA,0,vs BAL,19,OUT,OUT,OUT
10,7593,Trey Sermon,RB,26.7,PIT,999.0,999,999,0,0,0,1,1,0,52,0,0,0.0,0,0,0,0,0,0,0.00,0,0,0,0,0.00,0.00,0,0,0,0,0,0,0,0,0.0,0.0,0,0,0,0,0,NA,0,0,0.0%,NA,NA,NA,0,NA,0,0,NA,0.0,NA,NA,NA,0,NA,NA,NA,NA,NA,NA,NA,0,@ LAC,17,·,·,·
10,5938,Lil'Jordan Humphrey,WR,27.4,NYG,999.0,999,999,0,0,0,1,0,0,0,0,0,0.0,0,0,0,0,0,0,0.00,0,0,0,0,0.00,0.00,0,0,0,0,0,0,0,0,0.0,0.0,0,0,0,0,0,NA,0,0,NA,NA,NA,NA,0,NA,0,0,NA,NA,NA,NA,NA,0,NA,NA,NA,NA,NA,NA,NA,0,@ CHI,2,·,·,·
10,10216,Kenny McIntosh,RB,25.6,SEA,999.0,999,999,0,0,0,1,0,0,0,0,0,0.0,0,0,0,0,0,0,0.00,0,0,0,0,0.00,0.00,0,0,0,0,0,0,0,0,0.0,0.0,0,0,0,0,0,NA,0,0,NA,NA,NA,NA,0,NA,0,0,NA,NA,NA,NA,NA,0,NA,NA,NA,NA,NA,NA,NA,0,vs ARI,18,IR,IR,IR
10,6853,Van Jefferson,WR,29.2,TEN,0.0,0,0,0,0,0,0,0,0,0,0,0,0.0,0,0,0,0,0,0,0.00,0,0,0,0,0.00,0.00,0,0,0,0,0,0,0,0,0.0,0.0,0,0,0,0,0,NA,0,0,NA,NA,NA,NA,0,NA,0,0,NA,NA,NA,NA,NA,0,NA,NA,NA,NA,NA,NA,NA,0,BYE,BYE,BYE,BYE,BYE
10,10234,Derius Davis,WR,25.0,LAC,91.0,92,91,1.3,0.8,0.3,1,1,0,73,5,0,0.0,0,0,0,0,0,0,0.00,0,0,0,0,0.00,0.00,1,-4,0,0,0,1,7,3,3.0,3.0,0,0,0,3,0,NA,0,0,6.8%,NA,NA,NA,0,NA,0,1,0.000,0.0,1,3.0%,3.00,0,NA,NA,NA,NA,NA,0.000,NA,3,vs PIT,3,·,0.5,0.8
10,6011,Gardner Minshew,QB,29.4,KC,0.0,0,0,0,0,0,0,0,0,0,0,0,0.0,0,0,0,0,0,0,0.00,0,0,0,0,0.00,0.00,0,0,0,0,0,0,0,0,0.0,0.0,0,0,0,0,0,NA,0,0,NA,NA,NA,NA,0,NA,0,0,NA,NA,NA,NA,NA,0,NA,NA,NA,NA,NA,NA,NA,0,BYE,BYE,BYE,BYE,BYE
10,12715,Thomas Fidone,TE,23.0,NYG,999.0,999,999,0,0,0,1,1,0,73,0,0,0.0,0,0,0,0,0,0,0.00,0,0,0,0,0.00,0.00,0,0,0,0,0,0,0,0,0.0,0.0,0,0,0,0,0,NA,0,0,0.0%,NA,NA,NA,0,NA,0,0,NA,0.0,NA,NA,NA,0,NA,NA,NA,NA,NA,NA,NA,0,@ CHI,11,·,·,·
10,12494,Kyle McCord,QB,23.0,PHI,999.0,999,999,0,0,0,1,0,0,0,0,0,0.0,0,0,0,0,0,0,0.00,0,0,0,0,0.00,0.00,0,0,0,0,0,0,0,0,0.0,0.0,0,0,0,0,0,NA,0,0,NA,NA,NA,NA,0,NA,0,0,NA,NA,NA,NA,NA,0,NA,NA,NA,NA,NA,NA,NA,0,@ GB,24,·,·,·
10,7083,Tyler Huntley,QB,27.6,BAL,999.0,999,999,0,0,0,1,0,0,70,0,0,0.0,0,0,0,0,0,0,0.00,0,0,0,0,0.00,0.00,0,0,0,0,0,0,0,0,0.0,0.0,0,0,0,0,0,NA,0,0,0.0%,NA,NA,NA,0,NA,0,0,NA,NA,NA,NA,NA,0,NA,NA,NA,NA,NA,NA,NA,0,@ MIN,20,·,·,·
10,4147,Samaje Perine,RB,30.0,CIN,0.0,0,0,0,0,0,0,0,0,0,0,0,0.0,0,0,0,0,0,0,0.00,0,0,0,0,0.00,0.00,0,0,0,0,0,0,0,0,0.0,0.0,0,0,0,0,0,NA,0,0,NA,NA,NA,NA,0,NA,0,0,NA,NA,NA,NA,NA,0,NA,NA,NA,NA,NA,NA,NA,0,BYE,BYE,BYE,BYE,BYE
10,11306,Xavier Gipson,WR,24.6,PHI,999.0,999,999,0,0,0,1,1,0,63,1,0,0.0,0,0,0,0,0,0,0.00,0,0,0,0,0.00,0.00,0,0,0,0,0,0,0,0,0.0,0.0,0,0,0,0,0,NA,0,0,1.6%,NA,NA,NA,0,NA,0,0,NA,0.0,1,0.0%,0.00,0,NA,NA,NA,NA,NA,0.000,NA,0,@ GB,18,·,0.1,-0.1
10,5987,Alexander Mattison,RB,27.3,MIA,999.0,999,999,0,0,0,1,0,0,0,0,0,0.0,0,0,0,0,0,0,0.00,0,0,0,0,0.00,0.00,0,0,0,0,0,0,0,0,0.0,0.0,0,0,0,0,0,NA,0,0,NA,NA,NA,NA,0,NA,0,0,NA,NA,NA,NA,NA,0,NA,NA,NA,NA,NA,NA,NA,0,vs BUF,7,IR,IR,IR
10,5985,Foster Moreau,TE,28.4,NO,33.0,36,36,3.6,2.6,1.6,1,1,1,68,42,0,0.0,0,0,0,0,0,0,0.00,0,0,0,0,0.00,0.00,2,7,1,1,0,3,9,16,8.0,5.3,0,0,0,16,0,NA,0,0,61.8%,NA,NA,NA,0,NA,1,3,0.333,1.0,9,10.7%,1.78,0,NA,NA,NA,NA,NA,0.111,NA,16,@ CAR,13,·,0.9,2.7
10,11210,Malik Heath,WR,25.6,GB,999.0,999,999,0,0,0,1,1,0,68,20,0,0.0,0,0,0,0,0,0,0.00,0,0,0,0,0.00,0.00,0,0,0,0,0,0,0,0,0.0,0.0,0,0,0,0,0,NA,0,0,29.4%,NA,NA,NA,0,NA,0,0,NA,0.0,13,0.0%,0.00,0,NA,NA,NA,NA,NA,0.000,NA,0,vs PHI,20,·,1.3,-1.3
10,6920,Isaiah Hodgins,WR,26.9,PIT,999.0,999,999,0,0,0,1,0,0,0,0,0,0.0,0,0,0,0,0,0,0.00,0,0,0,0,0.00,0.00,0,0,0,0,0,0,0,0,0.0,0.0,0,0,0,0,0,NA,0,0,NA,NA,NA,NA,0,NA,0,0,NA,NA,NA,NA,NA,0,NA,NA,NA,NA,NA,NA,NA,0,@ LAC,28,·,·,·
10,827,Tyrod Taylor,QB,36.2,NYJ,999.0,999,999,0,0,0,1,0,0,49,0,0,0.0,0,0,0,0,0,0,0.00,0,0,0,0,0.00,0.00,0,0,0,0,0,0,0,0,0.0,0.0,0,0,0,0,0,NA,0,0,0.0%,NA,NA,NA,0,NA,0,0,NA,NA,NA,NA,NA,0,NA,NA,NA,NA,NA,NA,NA,0,vs CLE,26,·,·,·
10,4351,Tim Patrick,WR,31.8,JAX,999.0,999,999,0,0,0,1,1,1,62,44,0,0.0,0,0,0,0,0,0,0.00,0,0,0,0,0.00,0.00,0,0,0,0,0,0,0,0,0.0,0.0,0,0,0,0,0,NA,0,0,71.0%,NA,NA,NA,0,NA,0,0,NA,0.0,18,0.0%,0.00,0,NA,NA,NA,NA,NA,0.000,NA,0,@ HOU,29,·,4.8,-4.8
10,5917,Mecole Hardman,WR,27.6,FA,0.0,0,0,0,0,0,0,0,0,0,0,0,0.0,0,0,0,0,0,0,0.00,0,0,0,0,0.00,0.00,0,0,0,0,0,0,0,0,0.0,0.0,0,0,0,0,0,NA,0,0,NA,NA,NA,NA,0,NA,0,0,NA,NA,NA,NA,NA,0,NA,NA,NA,NA,NA,NA,NA,0,NA,,·,·,·
10,6850,Harrison Bryant,TE,27.4,HOU,999.0,999,999,0,0,0,1,1,1,75,17,0,0.0,0,0,0,0,0,0,0.00,0,0,0,0,0.00,0.00,0,0,0,0,0,0,0,0,0.0,0.0,0,0,0,0,0,NA,0,0,22.7%,NA,NA,NA,0,NA,0,0,NA,0.0,4,0.0%,0.00,0,NA,NA,NA,NA,NA,0.000,NA,0,vs JAX,2,Q,1.4,-1.4
10,8118,David Bell,WR,24.8,CLE,0.0,0,0,0,0,0,0,0,0,0,0,0,0.0,0,0,0,0,0,0,0.00,0,0,0,0,0.00,0.00,0,0,0,0,0,0,0,0,0.0,0.0,0,0,0,0,0,NA,0,0,NA,NA,NA,NA,0,NA,0,0,NA,NA,NA,NA,NA,0,NA,NA,NA,NA,NA,NA,NA,0,@ NYJ,23,NA,NA,NA
10,11729,Sione Vaki,RB,24.2,DET,63.0,61,59,0.4,0.4,0.4,1,1,0,70,1,0,0.0,0,0,0,0,0,0,0.00,4,0,0,0,0.00,0.00,0,0,0,0,0,0,0,0,0.0,0.0,1,0,0,4,0,1,4,4,1.4%,1,1.10,1.000,0,1.110,0,1,0.000,0.0,NA,0.0%,NA,0,NA,NA,NA,NA,NA,NA,NA,4,@ WAS,16,·,0.2,0.2
10,5086,Marquez Valdes-Scantling,WR,31.0,SF,999.0,999,999,0,0,0,1,0,0,0,0,0,0.0,0,0,0,0,0,0,0.00,0,0,0,0,0.00,0.00,0,0,0,0,0,0,0,0,0.0,0.0,0,0,0,0,0,NA,0,0,NA,NA,NA,NA,0,NA,0,0,NA,NA,NA,NA,NA,0,NA,NA,NA,NA,NA,NA,NA,0,vs LAR,17,·,·,·
10,829,Andy Dalton,QB,37.9,CAR,999.0,999,999,0,0,0,1,0,0,53,0,0,0.0,0,0,0,0,0,0,0.00,0,0,0,0,0.00,0.00,0,0,0,0,0,0,0,0,0.0,0.0,0,0,0,0,0,NA,0,0,0.0%,NA,NA,NA,0,NA,0,0,NA,NA,NA,NA,NA,0,NA,NA,NA,NA,NA,NA,NA,0,vs NO,12,·,·,·
10,3257,Jacoby Brissett,QB,32.8,ARI,10.0,10,10,19.42,19.42,19.42,1,1,1,76,73,2,50.0,139,44,22,11,22,0,83.30,289,5,2,258,5.86,11.73,0,0,0,0,0,0,0,0,0.0,0.0,4,1,1,31,0,NA,31,7.75,96.1%,NA,NA,NA,1,NA,14,48,NA,NA,NA,NA,NA,13,29.5%,2.83,6.8%,43.4%,7.90,NA,53.00,289,@ SEA,15,·,15.3,4.1
10,7608,Khalil Herbert,RB,27.4,SEA,0.0,0,0,0,0,0,0,0,0,0,0,0,0.0,0,0,0,0,0,0,0.00,0,0,0,0,0.00,0.00,0,0,0,0,0,0,0,0,0.0,0.0,0,0,0,0,0,NA,0,0,NA,NA,NA,NA,0,NA,0,0,NA,NA,NA,NA,NA,0,NA,NA,NA,NA,NA,NA,NA,0,vs ARI,18,Q,0.2,-0.2
10,3634,Kalif Raymond,WR,31.1,DET,34.0,36,37,9.9,7.9,5.9,1,1,0,70,38,0,0.0,0,0,0,0,0,0,0.00,10,0,0,0,0.00,0.00,4,21,0,3,0,4,28,49,12.3,12.3,1,0,1,59,0,NA,10,10,54.3%,NA,NA,NA,1,NA,4,5,0.800,4.0,17,11.4%,2.88,0,NA,NA,NA,NA,NA,0.176,NA,59,@ WAS,5,·,3.3,6.6
10,6126,Irv Smith,TE,27.1,HOU,0.0,0,0,0,0,0,0,0,0,0,0,0,0.0,0,0,0,0,0,0,0.00,0,0,0,0,0.00,0.00,0,0,0,0,0,0,0,0,0.0,0.0,0,0,0,0,0,NA,0,0,NA,NA,NA,NA,0,NA,0,0,NA,NA,NA,NA,NA,0,NA,NA,NA,NA,NA,NA,NA,0,vs JAX,2,Q,Q,Q
10,10857,Stetson Bennett,QB,27.9,LAR,0.0,0,0,0,0,0,0,0,0,0,0,0,0.0,0,0,0,0,0,0,0.00,0,0,0,0,0.00,0.00,0,0,0,0,0,0,0,0,0.0,0.0,0,0,0,0,0,NA,0,0,NA,NA,NA,NA,0,NA,0,0,NA,NA,NA,NA,NA,0,NA,NA,NA,NA,NA,NA,NA,0,@ SF,17,·,·,·
10,6144,Trayveon Williams,RB,27.9,FA,999.0,999,999,0,0,0,1,1,0,73,0,0,0.0,0,0,0,0,0,0,0.00,0,0,0,0,0.00,0.00,0,0,0,0,0,0,0,0,0.0,0.0,0,0,0,0,0,NA,0,0,0.0%,NA,NA,NA,0,NA,0,0,NA,0.0,NA,NA,NA,0,NA,NA,NA,NA,NA,NA,NA,0,NA,,·,0.6,-0.6
10,12473,Mitchell Evans,TE,22.5,CAR,999.0,999,999,0,0,0,1,1,1,53,17,0,0.0,0,0,0,0,0,0,0.00,0,0,0,0,0.00,0.00,0,0,0,0,0,1,0,0,0.0,0.0,0,0,0,0,0,NA,0,0,32.1%,NA,NA,NA,0,NA,0,1,0.000,0.0,NA,NA,NA,0,NA,NA,NA,NA,NA,NA,NA,0,vs NO,14,·,1.7,-1.7
10,5374,Justin Watson,WR,29.5,HOU,999.0,999,999,0,0,0,1,0,0,0,0,0,0.0,0,0,0,0,0,0,0.00,0,0,0,0,0.00,0.00,0,0,0,0,0,0,0,0,0.0,0.0,0,0,0,0,0,NA,0,0,NA,NA,NA,NA,0,NA,0,0,NA,NA,NA,NA,NA,0,NA,NA,NA,NA,NA,NA,NA,0,vs JAX,12,IR,IR,IR
10,10223,Eric Gray,RB,25.9,NYG,999.0,999,999,0,0,0,1,0,0,0,0,0,0.0,0,0,0,0,0,0,0.00,0,0,0,0,0.00,0.00,0,0,0,0,0,0,0,0,0.0,0.0,0,0,0,0,0,NA,0,0,NA,NA,NA,NA,0,NA,0,0,NA,NA,NA,NA,NA,0,NA,NA,NA,NA,NA,NA,NA,0,@ CHI,13,PUP,PUP,PUP
10,6012,Travis Homer,RB,27.1,CHI,999.0,999,999,0,0,0,1,1,0,68,0,0,0.0,0,0,0,0,0,0,0.00,0,0,0,0,0.00,0.00,0,0,0,0,0,0,0,0,0.0,0.0,0,0,0,0,0,NA,0,0,0.0%,NA,NA,NA,0,NA,0,0,NA,0.0,NA,NA,NA,0,NA,NA,NA,NA,NA,NA,NA,0,vs NYG,2,·,·,·
10,3202,Austin Hooper,TE,30.9,NE,999.0,999,999,0,0,0,1,1,1,61,34,0,0.0,0,0,0,0,0,0,0.00,0,0,0,0,0.00,0.00,0,0,0,0,0,1,0,0,0.0,0.0,0,0,0,0,0,NA,0,0,55.7%,NA,NA,NA,0,NA,0,1,0.000,0.0,9,3.2%,0.00,0,NA,NA,NA,NA,NA,0.000,NA,0,@ TB,18,·,3.9,-3.9
10,4972,Mason Rudolph,QB,30.2,PIT,999.0,999,999,0,0,0,1,0,0,52,0,0,0.0,0,0,0,0,0,0,0.00,0,0,0,0,0.00,0.00,0,0,0,0,0,0,0,0,0.0,0.0,0,0,0,0,0,NA,0,0,0.0%,NA,NA,NA,0,NA,0,0,NA,NA,NA,NA,NA,0,NA,NA,NA,NA,NA,NA,NA,0,@ LAC,29,·,·,·
10,9489,Justin Shorter,WR,25.4,LV,999.0,999,999,0,0,0,1,0,0,0,0,0,0.0,0,0,0,0,0,0,0.00,0,0,0,0,0.00,0.00,0,0,0,0,0,0,0,0,0.0,0.0,0,0,0,0,0,NA,0,0,NA,NA,NA,NA,0,NA,0,0,NA,NA,NA,NA,NA,0,NA,NA,NA,NA,NA,NA,NA,0,@ DEN,32,·,·,·
10,8219,Jelani Woods,TE,27.0,NYJ,0.0,0,0,0,0,0,0,0,0,0,0,0,0.0,0,0,0,0,0,0,0.00,0,0,0,0,0.00,0.00,0,0,0,0,0,0,0,0,0.0,0.0,0,0,0,0,0,NA,0,0,NA,NA,NA,NA,0,NA,0,0,NA,NA,NA,NA,NA,0,NA,NA,NA,NA,NA,NA,NA,0,vs CLE,17,·,0.1,-0.1
10,7535,Hunter Long,TE,27.1,JAX,0.0,0,0,0,0,0,0,0,0,0,0,0,0.0,0,0,0,0,0,0,0.00,0,0,0,0,0.00,0.00,0,0,0,0,0,0,0,0,0.0,0.0,0,0,0,0,0,NA,0,0,NA,NA,NA,NA,0,NA,0,0,NA,NA,NA,NA,NA,0,NA,NA,NA,NA,NA,NA,NA,0,@ HOU,29,OUT,OUT,OUT
10,9495,Rakim Jarrett,WR,24.7,FA,0.0,0,0,0,0,0,0,0,0,0,0,0,0.0,0,0,0,0,0,0,0.00,0,0,0,0,0.00,0.00,0,0,0,0,0,0,0,0,0.0,0.0,0,0,0,0,0,NA,0,0,NA,NA,NA,NA,0,NA,0,0,NA,NA,NA,NA,NA,0,NA,NA,NA,NA,NA,NA,NA,0,NA,,·,·,·
10,12048,George Holani,RB,25.8,SEA,31.0,27,23,9.1,9.1,9.1,1,1,0,62,11,0,0.0,0,0,0,0,0,0,0.00,31,0,0,0,0.00,0.00,0,0,0,0,0,0,0,0,0.0,0.0,7,3,2,31,1,29,31,4.43,17.7%,3,4.10,0.429,3,0.839,3,7,0.429,3.0,NA,0.0%,NA,0,NA,NA,NA,NA,NA,NA,NA,31,vs ARI,18,·,0.6,8.5
10,7757,Ben Skowronek,WR,28.2,PIT,999.0,999,999,0,0,0,1,1,1,52,8,0,0.0,0,0,0,0,0,0,0.00,0,0,0,0,0.00,0.00,0,0,0,0,0,0,0,0,0.0,0.0,0,0,0,0,0,NA,0,0,15.4%,NA,NA,NA,0,NA,0,0,NA,0.0,3,0.0%,0.00,0,NA,NA,NA,NA,NA,0.000,NA,0,@ LAC,28,·,0.3,-0.3
10,6427,Ashton Dulin,WR,28.4,IND,81.0,75,64,2.2,2.2,2.2,1,1,0,77,15,0,0.0,0,0,0,0,0,0,0.00,22,0,0,0,0.00,0.00,0,0,0,0,0,0,0,0,0.0,0.0,1,0,1,22,0,NA,22,22,19.5%,NA,NA,NA,1,NA,1,1,1.000,1.0,5,0.0%,0.00,0,NA,NA,NA,NA,NA,0.000,NA,22,vs ATL,26,·,0.8,1.4
10,6001,Drew Sample,TE,29.4,CIN,0.0,0,0,0,0,0,0,0,0,0,0,0,0.0,0,0,0,0,0,0,0.00,0,0,0,0,0.00,0.00,0,0,0,0,0,0,0,0,0.0,0.0,0,0,0,0,0,NA,0,0,NA,NA,NA,NA,0,NA,0,0,NA,NA,NA,NA,NA,0,NA,NA,NA,NA,NA,NA,NA,0,BYE,BYE,BYE,BYE,BYE
10,8116,Pierre Strong Jr.,RB,26.8,GB,999.0,999,999,0,0,0,1,0,0,0,0,0,0.0,0,0,0,0,0,0,0.00,0,0,0,0,0.00,0.00,0,0,0,0,0,0,0,0,0.0,0.0,0,0,0,0,0,NA,0,0,NA,NA,NA,NA,0,NA,0,0,NA,NA,NA,NA,NA,0,NA,NA,NA,NA,NA,NA,NA,0,vs PHI,9,·,·,·
10,6847,Devin Duvernay,WR,28.0,CHI,999.0,999,999,0,0,0,1,1,0,68,0,0,0.0,0,0,0,0,0,0,0.00,0,0,0,0,0.00,0.00,0,0,0,0,0,0,0,0,0.0,0.0,0,0,0,0,0,NA,0,0,0.0%,NA,NA,NA,0,NA,0,0,NA,0.0,NA,NA,NA,0,NA,NA,NA,NA,NA,NA,NA,0,vs NYG,7,·,0.2,-0.2
10,11716,Tip Reiman,TE,24.0,ARI,999.0,999,999,0,0,0,1,0,0,0,0,0,0.0,0,0,0,0,0,0,0.00,0,0,0,0,0.00,0.00,0,0,0,0,0,0,0,0,0.0,0.0,0,0,0,0,0,NA,0,0,NA,NA,NA,NA,0,NA,0,0,NA,NA,NA,NA,NA,0,NA,NA,NA,NA,NA,NA,NA,0,@ SEA,24,IR,IR,IR
10,7602,Kylen Granson,TE,27.5,PHI,999.0,999,999,0,0,0,1,1,0,63,17,0,0.0,0,0,0,0,0,0,0.00,0,0,0,0,0.00,0.00,0,0,0,0,0,0,0,0,0.0,0.0,0,0,0,0,0,NA,0,0,27.0%,NA,NA,NA,0,NA,0,0,NA,0.0,5,0.0%,0.00,0,NA,NA,NA,NA,NA,0.000,NA,0,@ GB,8,·,0.5,-0.5
10,2749,Raheem Mostert,RB,33.5,LV,50.0,50,51,2.5,2,1.5,1,1,0,60,8,0,0.0,0,0,0,0,0,0,0.00,4,0,0,0,0.00,0.00,1,-4,0,1,0,1,15,11,11.0,11.0,1,0,0,15,0,2,4,4,13.3%,1,2.30,1.000,0,1.230,1,2,0.500,1.0,NA,3.7%,NA,0,NA,NA,NA,NA,NA,NA,NA,15,@ DEN,26,·,2.9,-0.4
10,8127,Charlie Kolar,TE,26.6,BAL,34.0,32,28,3.3,2.8,2.3,1,1,0,70,30,0,0.0,0,0,0,0,0,0,0.00,0,0,0,0,0.00,0.00,1,5,0,1,0,2,18,23,23.0,11.5,0,0,0,23,0,NA,0,0,42.9%,NA,NA,NA,0,NA,1,2,0.500,1.0,6,6.9%,3.83,0,NA,NA,NA,NA,NA,0.167,NA,23,@ MIN,12,·,1.4,1.9
10,7585,Davis Mills,QB,26.9,HOU,1.0,1,1,28.68,28.68,28.68,1,1,1,75,75,1,60.0,216,45,27,15,18,1,84.70,312,2,2,292,6.49,10.81,0,0,0,0,0,0,0,0,0.0,0.0,3,0,0,20,1,NA,20,6.67,100.0%,NA,NA,NA,1,NA,18,48,NA,NA,NA,NA,NA,17,37.8%,2.70,11.1%,44.9%,10.10,NA,49.00,312,vs JAX,3,·,14.6,14.1
10,6290,Scotty Miller,WR,28.2,PIT,0.0,0,0,0,0,0,0,0,0,0,0,0,0.0,0,0,0,0,0,0,0.00,0,0,0,0,0.00,0.00,0,0,0,0,0,0,0,0,0.0,0.0,0,0,0,0,0,NA,0,0,NA,NA,NA,NA,0,NA,0,0,NA,NA,NA,NA,NA,0,NA,NA,NA,NA,NA,NA,NA,0,@ LAC,28,OUT,OUT,OUT
10,10228,Charlie Jones,WR,26.9,CIN,0.0,0,0,0,0,0,0,0,0,0,0,0,0.0,0,0,0,0,0,0,0.00,0,0,0,0,0.00,0.00,0,0,0,0,0,0,0,0,0.0,0.0,0,0,0,0,0,NA,0,0,NA,NA,NA,NA,0,NA,0,0,NA,NA,NA,NA,NA,0,NA,NA,NA,NA,NA,NA,NA,0,BYE,BYE,BYE,BYE,BYE
10,6659,Craig Reynolds,RB,29.3,DET,999.0,999,999,0,0,0,1,1,0,70,1,0,0.0,0,0,0,0,0,0,0.00,0,0,0,0,0.00,0.00,0,0,0,0,0,0,0,0,0.0,0.0,0,0,0,0,0,NA,0,0,1.4%,NA,NA,NA,0,NA,0,0,NA,0.0,NA,NA,NA,0,NA,NA,NA,NA,NA,NA,NA,0,@ WAS,16,Q,0.6,-0.6
10,4574,Cooper Rush,QB,31.8,BAL,0.0,0,0,0,0,0,0,0,0,0,0,0,0.0,0,0,0,0,0,0,0.00,0,0,0,0,0.00,0.00,0,0,0,0,0,0,0,0,0.0,0.0,0,0,0,0,0,NA,0,0,NA,NA,NA,NA,0,NA,0,0,NA,NA,NA,NA,NA,0,NA,NA,NA,NA,NA,NA,NA,0,@ MIN,20,·,·,·
10,4663,Austin Ekeler,RB,30.4,WAS,999.0,999,999,0,0,0,1,0,0,0,0,0,0.0,0,0,0,0,0,0,0.00,0,0,0,0,0.00,0.00,0,0,0,0,0,0,0,0,0.0,0.0,0,0,0,0,0,NA,0,0,NA,NA,NA,NA,0,NA,0,0,NA,NA,NA,NA,NA,0,NA,NA,NA,NA,NA,NA,NA,0,vs DET,30,IR,IR,IR
10,8489,Andrew Ogletree,TE,27.2,IND,999.0,999,999,0,0,0,1,1,1,77,19,0,0.0,0,0,0,0,0,0,0.00,0,0,0,0,0.00,0.00,0,0,0,0,0,0,0,0,0.0,0.0,0,0,0,0,0,NA,0,0,24.7%,NA,NA,NA,0,NA,0,0,NA,0.0,5,0.0%,0.00,0,NA,NA,NA,NA,NA,0.000,NA,0,vs ATL,32,·,1.1,-1.1
10,8159,Desmond Ridder,QB,26.1,MIN,0.0,0,0,0,0,0,0,0,0,0,0,0,0.0,0,0,0,0,0,0,0.00,0,0,0,0,0.00,0.00,0,0,0,0,0,0,0,0,0.0,0.0,0,0,0,0,0,NA,0,0,NA,NA,NA,NA,0,NA,0,0,NA,NA,NA,NA,NA,0,NA,NA,NA,NA,NA,NA,NA,0,vs BAL,9,·,·,·
10,8253,Deven Thompkins,WR,25.8,ATL,999.0,999,999,0,0,0,1,0,0,0,0,0,0.0,0,0,0,0,0,0,0.00,0,0,0,0,0.00,0.00,0,0,0,0,0,0,0,0,0.0,0.0,0,0,0,0,0,NA,0,0,NA,NA,NA,NA,0,NA,0,0,NA,NA,NA,NA,NA,0,NA,NA,NA,NA,NA,NA,NA,0,@ IND,9,·,·,·
10,12725,Luke Lachey,TE,24.2,HOU,999.0,999,999,0,0,0,1,0,0,0,0,0,0.0,0,0,0,0,0,0,0.00,0,0,0,0,0.00,0.00,0,0,0,0,0,0,0,0,0.0,0.0,0,0,0,0,0,NA,0,0,NA,NA,NA,NA,0,NA,0,0,NA,NA,NA,NA,NA,0,NA,NA,NA,NA,NA,NA,NA,0,vs JAX,2,·,·,·
,,,,,,,,,,,,,,,,,,,,,,,,,,,,,,,,,,,,,,,,,,,,,,,NA,,,NA,NA,NA,NA,0,NA,0,0,NA,NA,NA,NA,NA,0,NA,NA,NA,NA,NA,NA,NA,0,NA,,·,·,·