WK,SLPR_ID,NM,POS,AGE,TM,PRK_PPR,PRK_0.5P,PRK_STD,FPT_PPR,FPTS_0.5,FPTS_STD,GM_ACTV,GM_P,GM,TM_SNP,SNP,FUM,CMP PCT,paAY,paATT,CMP,pa1D,INC,INT,paRTG,pa.ruYDS,SAC,paTD,paYDS,paYPA,paYPC,REC,recAY,DRP,rec1D,recTD,TGT,YAC,recYDS,YPR,YPT,CAR,BTKL,ru1D,ru.recYDS,ruTD,YCO,ruYDS,YPC,SNP%,MTF,YCO/A,MTF/A,ruIMP,ELU,IMP,OPP,IMP/OPP,IMP/G,RR,TS%,YPRR,pIMP,pIMP/A,TTT,DP%,PRS%,AYA,1DRR,DB,YDS(t),VS,vsRK,INJ,PROJ,FPOE
11,4984,Josh Allen,QB,29.4,BUF,1,1,1,44.68,44.68,44.68,1,1,1,56,56,0,63.3,163,30,19,10,11,2,104.40,357,0,3,317,10.57,16.68,0,0,0,0,0,0,0,0,0.0,0.0,6,0,1,40,3,NA,40,6.67,100.0%,NA,NA,NA,4,NA,17,36,NA,NA,NA,NA,NA,13,43.3%,2.89,10.0%,34.4%,10.70,NA,32.00,357,vs TB,15,·,25.1,19.6
11,9509,Bijan Robinson,RB,23.7,ATL,4,4,4,30.3,28.3,26.3,1,1,1,66,56,0,0.0,0,0,0,0,0,0,0.00,104,0,0,0,0.00,0.00,4,-4,0,3,0,5,43,39,9.8,7.8,23,2,4,143,2,94,104,4.52,85.0%,5,4.10,0.217,6,0.627,9,28,0.321,9.0,NA,16.7%,NA,0,NA,NA,NA,NA,NA,NA,NA,143,vs CAR,18,·,20.9,9.4
11,7564,Ja'Marr Chase,WR,25.6,CIN,56,56,57,6,4.5,3,1,1,1,66,64,0,0.0,0,0,0,0,0,0,0.00,0,0,0,0,0.00,0.00,3,13,0,2,0,10,17,30,10.0,3.0,0,0,0,30,0,NA,0,0,97.0%,NA,NA,NA,0,NA,2,10,0.200,2.0,40,25.0%,0.75,0,NA,NA,NA,NA,NA,0.050,NA,30,@ PIT,2,·,19.5,-13.5
11,9493,Puka Nacua,WR,24.3,LAR,17,18,24,14.3,10.8,7.3,1,1,1,51,34,1,0.0,0,0,0,0,0,0,0.00,18,0,0,0,0.00,0.00,7,51,0,3,0,8,24,75,10.7,9.4,2,0,1,93,0,NA,18,9,67.0%,NA,NA,NA,1,NA,4,10,0.400,4.0,20,28.6%,3.75,0,NA,NA,NA,NA,NA,0.150,NA,93,vs SEA,12,·,21.3,-7.0
11,4881,Lamar Jackson,QB,28.7,BAL,29,29,29,6.72,6.72,6.72,1,1,1,61,61,0,56.0,87,25,14,9,11,2,47.60,203,5,0,193,7.72,13.79,0,0,0,0,0,0,0,0,0.0,0.0,4,0,1,10,0,NA,10,2.5,100.0%,NA,NA,NA,1,NA,10,29,NA,NA,NA,NA,NA,9,36.0%,2.86,4.0%,38.7%,7.90,NA,31.00,203,@ CLE,28,·,22.8,-16.1
11,11566,Jayden Daniels,QB,24.8,WAS,0,0,0,0,0,0,0,0,0,0,0,0,0.0,0,0,0,0,0,0,0.00,0,0,0,0,0.00,0.00,0,0,0,0,0,0,0,0,0.0,0.0,0,0,0,0,0,NA,0,0,0.0%,NA,NA,NA,0,NA,0,0,NA,NA,NA,NA,NA,0,NA,NA,NA,NA,NA,NA,NA,0,@ MIA,8,OUT,OUT,OUT
11,9221,Jahmyr Gibbs,RB,23.5,DET,10,12,13,19.6,17.1,14.6,1,1,1,59,43,0,0.0,0,0,0,0,0,0,0.00,39,0,0,0,0.00,0.00,5,-13,1,5,0,8,120,107,21.4,13.4,12,1,2,146,0,40,39,3.25,73.0%,3,3.30,0.250,2,0.580,7,20,0.350,7.0,NA,21.6%,NA,0,NA,NA,NA,NA,NA,NA,NA,146,@ PHI,11,·,19.2,0.4
11,6794,Justin Jefferson,WR,26.3,MIN,26,27,31,11.1,8.6,6.1,1,1,1,55,55,0,0.0,0,0,0,0,0,0,0.00,0,0,0,0,0.00,0.00,5,32,0,3,0,9,29,61,12.2,6.8,0,0,0,61,0,NA,0,0,100.0%,NA,NA,NA,0,NA,3,9,0.333,3.0,32,28.1%,1.91,0,NA,NA,NA,NA,NA,0.094,NA,61,vs CHI,4,·,17.4,-6.3
11,9488,Jaxon Smith-Njigba,WR,23.6,SEA,7.0,10,14,20.6,16.1,11.6,1,1,1,84,70,0,0.0,0,0,0,0,0,0,0.00,11,0,0,0,0.00,0.00,9,76,0,7,0,12,29,105,11.7,8.8,1,1,1,116,0,NA,11,11,83.0%,NA,NA,NA,1,NA,8,13,0.615,8.0,42,27.3%,2.50,0,NA,NA,NA,NA,NA,0.167,NA,116,@ LAR,17,·,21.3,-0.7
11,7547,Amon-Ra St. Brown,WR,25.9,DET,53.0,51,45,6.2,5.2,4.2,1,1,1,59,57,0,0.0,0,0,0,0,0,0,0.00,0,0,0,0,0.00,0.00,2,25,0,1,0,12,17,42,21.0,3.5,0,0,0,42,0,NA,0,0,97.0%,NA,NA,NA,0,NA,1,12,0.083,1.0,38,32.4%,1.11,0,NA,NA,NA,NA,NA,0.026,NA,42,@ PHI,22,·,21.1,-14.9
11,6786,CeeDee Lamb,WR,26.5,DAL,14.0,13,11,17.6,15.1,12.6,1,1,0,67,49,0,0.0,0,0,0,0,0,0,0.00,0,0,0,0,0.00,0.00,5,54,1,3,1,7,12,66,13.2,9.4,0,0,0,66,0,NA,0,0,73.0%,NA,NA,NA,0,NA,4,7,0.571,4.0,32,21.2%,2.06,0,NA,NA,NA,NA,NA,0.094,NA,66,@ LV,6,·,20.7,-3.1
11,11632,Malik Nabers,WR,22.2,NYG,999.0,999,999,0,0,0,1,0,0,0,0,0,0.0,0,0,0,0,0,0,0.00,0,0,0,0,0.00,0.00,0,0,0,0,0,0,0,0,0.0,0.0,0,0,0,0,0,NA,0,0,0.0%,NA,NA,NA,0,NA,0,0,NA,NA,NA,NA,NA,0,NA,NA,NA,NA,NA,NA,NA,0,vs GB,21,IR,IR,IR
11,11564,Drake Maye,QB,23.1,NE,12.0,12,12,15.44,15.44,15.44,1,1,1,67,67,0,73.5,187,34,25,15,9,0,107.60,283,1,1,281,8.26,11.24,0,0,0,0,0,0,0,0,0.0,0.0,4,0,0,2,0,NA,2,0.5,100.0%,NA,NA,NA,0,NA,16,38,NA,NA,NA,NA,NA,16,47.1%,3.12,11.8%,35.1%,10.90,NA,37.00,283,vs NYJ,10,·,23.0,-7.6
11,12514,Emeka Egbuka,WR,23.0,TB,39.0,44,48,9,6.5,4,1,1,1,70,66,0,0.0,0,0,0,0,0,0,0.00,0,0,0,0,0.00,0.00,5,16,1,1,0,9,24,40,8.0,4.4,0,0,0,40,0,NA,0,0,94.0%,NA,NA,NA,0,NA,1,9,0.111,1.0,29,32.1%,1.38,0,NA,NA,NA,NA,NA,0.034,NA,40,@ BUF,19,·,15.0,-6.0
11,11604,Brock Bowers,TE,22.8,LV,6.0,6,7,14.2,10.7,7.2,1,1,1,60,58,0,0.0,0,0,0,0,0,0,0.00,0,0,0,0,0.00,0.00,7,59,1,3,0,12,13,72,10.3,6.0,0,0,0,72,0,NA,0,0,97.0%,NA,NA,NA,0,NA,3,12,0.250,3.0,46,28.6%,1.57,0,NA,NA,NA,NA,NA,0.065,NA,72,vs DAL,15,·,19.4,-5.2
11,6904,Jalen Hurts,QB,27.1,PHI,13.0,13,13,14.5,14.5,14.5,1,1,1,72,72,1,50.0,95,28,14,6,14,0,63.80,166,1,0,135,4.82,9.64,0,0,0,0,0,0,0,0,0.0,0.0,10,0,2,31,1,NA,31,3.1,100.0%,NA,NA,NA,3,NA,9,38,NA,NA,NA,NA,NA,6,21.4%,2.74,21.4%,19.4%,12.60,NA,31.00,166,vs DET,11,·,24.1,-9.6
11,12527,Ashton Jeanty,RB,21.8,LV,30.0,37,45,9.4,6.4,3.4,1,1,1,60,44,0,0.0,0,0,0,0,0,0,0.00,7,0,0,0,0.00,0.00,6,-26,1,1,0,8,53,27,4.5,3.4,6,0,2,34,0,13,7,1.17,73.0%,0,2.20,0.000,2,0.220,3,14,0.214,3.0,NA,19.0%,NA,0,NA,NA,NA,NA,NA,NA,NA,34,vs DAL,5,·,17.3,-7.9
11,6797,Justin Herbert,QB,27.6,LAC,31.0,31,31,4.34,4.34,4.34,1,1,1,48,35,0,55.6,29,18,10,3,8,1,44.00,102,2,0,81,4.50,8.10,0,0,0,0,0,0,0,0,0.0,0.0,3,0,1,21,0,NA,21,7,73.0%,NA,NA,NA,1,NA,4,21,NA,NA,NA,NA,NA,3,16.7%,2.85,11.1%,52.2%,5.30,NA,23.00,102,@ JAX,2,·,23.1,-18.8
11,6813,Jonathan Taylor,RB,26.7,IND,0.0,0,0,0,0,0,0,0,0,0,0,0,0.0,0,0,0,0,0,0,0.00,0,0,0,0,0.00,0.00,0,0,0,0,0,0,0,0,0.0,0.0,0,0,0,0,0,NA,0,0,0.0%,NA,NA,NA,0,NA,0,0,NA,NA,NA,NA,NA,0,NA,NA,NA,NA,NA,NA,NA,0,BYE,BYE,BYE,BYE,BYE
11,8112,Drake London,WR,24.2,ATL,11.0,12,13,18.9,15.4,11.9,1,1,1,66,61,0,0.0,0,0,0,0,0,0,0.00,0,0,0,0,0.00,0.00,7,71,0,5,0,9,48,119,17.0,13.2,0,0,0,119,0,NA,0,0,92.0%,NA,NA,NA,0,NA,5,9,0.556,5.0,27,30.0%,4.41,0,NA,NA,NA,NA,NA,0.185,NA,119,vs CAR,28,Q,17.2,1.7
11,4046,Patrick Mahomes,QB,30.0,KC,14.0,14,14,14.34,14.34,14.34,1,1,1,70,70,0,64.4,95,45,29,12,16,1,79.50,279,3,1,276,6.13,9.52,0,0,0,0,0,0,0,0,0.0,0.0,1,0,0,3,0,NA,3,3,100.0%,NA,NA,NA,0,NA,13,46,NA,NA,NA,NA,NA,13,28.9%,2.69,13.3%,28.6%,6.90,NA,49.00,279,@ DEN,31,·,22.4,-8.1
11,6770,Joe Burrow,QB,28.8,CIN,999.0,999,999,0,0,0,1,0,0,0,0,0,0.0,0,0,0,0,0,0,0.00,0,0,0,0,0.00,0.00,0,0,0,0,0,0,0,0,0.0,0.0,0,0,0,0,0,NA,0,0,0.0%,NA,NA,NA,0,NA,0,0,NA,NA,NA,NA,NA,0,NA,NA,NA,NA,NA,NA,NA,0,@ PIT,7,IR,IR,IR
11,9226,De'Von Achane,RB,24.0,MIA,6.0,8,11,21.5,19,16.5,1,1,1,56,45,0,0.0,0,0,0,0,0,0,0.00,120,0,0,0,0.00,0.00,5,-1,0,1,0,5,46,45,9.0,9.0,21,0,8,165,0,84,120,5.71,80.0%,8,4.00,0.381,8,0.781,9,26,0.346,9.0,NA,25.0%,NA,0,NA,NA,NA,NA,NA,NA,NA,165,vs WAS,8,·,24.9,-3.4
11,8130,Trey McBride,TE,25.8,ARI,1.0,1,2,27.5,22.5,17.5,1,1,1,77,70,0,0.0,0,0,0,0,0,0,0.00,0,0,0,0,0.00,0.00,10,69,0,4,1,11,46,115,11.5,10.5,0,0,0,115,0,NA,0,0,89.0%,NA,NA,NA,0,NA,5,11,0.455,5.0,50,19.3%,2.30,0,NA,NA,NA,NA,NA,0.080,NA,115,vs SF,5,·,17.3,10.2
11,12507,Omarion Hampton,RB,22.5,LAC,999.0,999,999,0,0,0,1,0,0,0,0,0,0.0,0,0,0,0,0,0,0.00,0,0,0,0,0.00,0.00,0,0,0,0,0,0,0,0,0.0,0.0,0,0,0,0,0,NA,0,0,0.0%,NA,NA,NA,0,NA,0,0,NA,NA,NA,NA,NA,0,NA,NA,NA,NA,NA,NA,NA,0,@ JAX,23,IR,IR,IR
11,11620,Rome Odunze,WR,23.3,CHI,55.0,52,47,6.1,5.1,4.1,1,1,1,75,57,0,0.0,0,0,0,0,0,0,0.00,0,0,0,0,0.00,0.00,2,29,0,1,0,6,12,41,20.5,6.8,0,0,0,41,0,NA,0,0,76.0%,NA,NA,NA,0,NA,1,6,0.167,1.0,27,18.8%,1.52,0,NA,NA,NA,NA,NA,0.037,NA,41,@ MIN,26,·,12.8,-6.7
11,12526,Tetairoa McMillan,WR,22.5,CAR,2.0,1,1,33,29,25,1,1,1,80,69,0,0.0,0,0,0,0,0,0,0.00,0,0,0,0,0.00,0.00,8,79,0,5,2,12,51,130,16.3,10.8,0,0,0,130,0,NA,0,0,86.0%,NA,NA,NA,0,NA,7,12,0.583,7.0,48,26.7%,2.71,0,NA,NA,NA,NA,NA,0.104,NA,130,@ ATL,25,·,13.0,20.0
11,11560,Caleb Williams,QB,23.9,CHI,22.0,22,22,10.32,10.32,10.32,1,1,1,75,75,1,50.0,85,32,16,6,16,0,68.90,219,2,0,193,6.03,12.06,0,0,0,0,0,0,0,0,0.0,0.0,4,2,2,26,0,NA,26,6.5,100.0%,NA,NA,NA,2,NA,8,36,NA,NA,NA,NA,NA,6,18.8%,3.53,15.6%,44.4%,10.80,NA,36.00,219,@ MIN,16,·,18.5,-8.2
11,12518,Tyler Warren,TE,23.4,IND,0.0,0,0,0,0,0,0,0,0,0,0,0,0.0,0,0,0,0,0,0,0.00,0,0,0,0,0.00,0.00,0,0,0,0,0,0,0,0,0.0,0.0,0,0,0,0,0,NA,0,0,0.0%,NA,NA,NA,0,NA,0,0,NA,NA,NA,NA,NA,0,NA,NA,NA,NA,NA,NA,NA,0,BYE,BYE,BYE,BYE,BYE
11,12512,Quinshon Judkins,RB,21.9,CLE,42.0,39,35,5.9,5.9,5.9,1,1,1,55,33,0,0.0,0,0,0,0,0,0,0.00,59,0,0,0,0.00,0.00,0,0,0,0,0,2,0,0,0.0,0.0,17,0,3,59,0,29,59,3.47,60.0%,1,1.70,0.059,3,0.229,3,19,0.158,3.0,NA,7.7%,NA,0,NA,NA,NA,NA,NA,NA,NA,59,vs BAL,7,·,13.6,-7.7
11,11584,Bucky Irving,RB,23.1,TB,0.0,0,0,0,0,0,0,0,0,0,0,0,0.0,0,0,0,0,0,0,0.00,0,0,0,0,0.00,0.00,0,0,0,0,0,0,0,0,0.0,0.0,0,0,0,0,0,NA,0,0,0.0%,NA,NA,NA,0,NA,0,0,NA,NA,NA,NA,NA,0,NA,NA,NA,NA,NA,NA,NA,0,@ BUF,6,OUT,OUT,OUT
11,11631,Brian Thomas Jr.,WR,23.0,JAX,0.0,0,0,0,0,0,0,0,0,0,0,0,0.0,0,0,0,0,0,0,0.00,0,0,0,0,0.00,0.00,0,0,0,0,0,0,0,0,0.0,0.0,0,0,0,0,0,NA,0,0,0.0%,NA,NA,NA,0,NA,0,0,NA,NA,NA,NA,NA,0,NA,NA,NA,NA,NA,NA,NA,0,vs LAC,31,OUT,OUT,OUT
11,8138,James Cook,RB,26.0,BUF,7.0,9,8,20.4,18.9,17.4,1,1,1,56,37,0,0.0,0,0,0,0,0,0,0.00,48,0,0,0,0.00,0.00,3,23,0,2,1,3,43,66,22.0,22.0,16,1,0,114,0,50,48,3,66.0%,4,3.10,0.250,0,0.560,3,19,0.158,3.0,NA,10.0%,NA,0,NA,NA,NA,NA,NA,NA,NA,114,vs TB,10,·,16.5,3.9
11,4892,Baker Mayfield,QB,30.4,TB,7.0,7,7,17.82,17.82,17.82,1,1,1,70,69,1,57.1,95,28,16,5,12,1,72.50,212,1,1,173,6.18,10.81,0,0,0,0,0,0,0,0,0.0,0.0,5,0,3,39,1,NA,39,7.8,99.0%,NA,NA,NA,4,NA,10,33,NA,NA,NA,NA,NA,6,21.4%,2.75,7.1%,24.2%,7.50,NA,33.00,212,@ BUF,30,·,20.4,-2.6
11,7569,Nico Collins,WR,26.5,HOU,4.0,4,6,24.2,19.7,15.2,1,1,1,70,59,0,0.0,0,0,0,0,0,0,0.00,0,0,0,0,0.00,0.00,9,83,0,6,1,10,9,92,10.2,9.2,0,0,0,92,0,NA,0,0,84.0%,NA,NA,NA,0,NA,7,10,0.700,7.0,40,24.4%,2.30,0,NA,NA,NA,NA,NA,0.150,NA,92,@ TEN,9,·,16.7,7.5
11,8146,Garrett Wilson,WR,25.2,NYJ,999.0,999,999,0,0,0,1,0,0,0,0,0,0.0,0,0,0,0,0,0,0.00,0,0,0,0,0.00,0.00,0,0,0,0,0,0,0,0,0.0,0.0,0,0,0,0,0,NA,0,0,0.0%,NA,NA,NA,0,NA,0,0,NA,NA,NA,NA,NA,0,NA,NA,NA,NA,NA,NA,NA,0,@ NE,13,IR,IR,IR
11,6804,Jordan Love,QB,26.9,GB,8.0,8,8,17.66,17.66,17.66,1,1,1,55,48,0,54.2,145,24,13,7,11,0,105.20,181,2,2,174,7.25,13.38,0,0,0,0,0,0,0,0,0.0,0.0,2,1,0,7,0,NA,7,3.5,87.0%,NA,NA,NA,0,NA,9,26,NA,NA,NA,NA,NA,9,37.5%,3.27,25.0%,44.4%,13.20,NA,27.00,181,@ NYG,6,·,18.0,-0.3
11,10229,Rashee Rice,WR,25.4,KC,34.0,38,51,9.8,6.8,3.8,1,1,1,70,53,0,0.0,0,0,0,0,0,0,0.00,0,0,0,0,0.00,0.00,6,0,2,2,0,9,38,38,6.3,4.2,0,0,0,38,0,NA,0,0,76.0%,NA,NA,NA,0,NA,2,9,0.222,2.0,34,20.0%,1.12,0,NA,NA,NA,NA,NA,0.059,NA,38,@ DEN,32,·,17.5,-7.7
11,4866,Saquon Barkley,RB,28.6,PHI,27.0,27,27,10,9.5,9,1,1,1,72,58,0,0.0,0,0,0,0,0,0,0.00,83,0,0,0,0.00,0.00,1,-3,0,0,0,2,10,7,7.0,3.5,26,3,3,90,0,75,83,3.19,81.0%,4,2.90,0.154,3,0.444,3,28,0.107,3.0,NA,7.1%,NA,0,NA,NA,NA,NA,NA,NA,NA,90,vs DET,31,·,15.6,-5.6
11,11563,Bo Nix,QB,25.6,DEN,19.0,19,19,12.6,12.6,12.6,1,1,1,62,62,0,64.9,153,37,24,11,13,0,89.40,303,2,0,295,7.97,12.29,0,0,0,0,0,1,0,0,0.0,0.0,3,0,0,8,0,NA,8,2.67,100.0%,NA,NA,NA,0,NA,11,41,NA,NA,NA,NA,NA,11,29.7%,3.11,18.9%,27.5%,9.00,NA,40.00,303,vs KC,21,·,20.5,-7.9
11,12508,Jaxson Dart,QB,22.4,NYG,0.0,0,0,0,0,0,0,0,0,0,0,0,0.0,0,0,0,0,0,0,0.00,0,0,0,0,0.00,0.00,0,0,0,0,0,0,0,0,0.0,0.0,0,0,0,0,0,NA,0,0,0.0%,NA,NA,NA,0,NA,0,0,NA,NA,NA,NA,NA,0,NA,NA,NA,NA,NA,NA,NA,0,vs GB,25,OUT,OUT,OUT
11,11635,Ladd McConkey,WR,23.9,LAC,65.0,70,84,4.3,2.8,1.3,1,1,1,48,30,0,0.0,0,0,0,0,0,0,0.00,0,0,0,0,0.00,0.00,3,-1,0,0,0,4,14,13,4.3,3.3,0,0,0,13,0,NA,0,0,63.0%,NA,NA,NA,0,NA,0,4,0.000,0.0,19,15.4%,0.68,0,NA,NA,NA,NA,NA,0.000,NA,13,@ JAX,10,·,14.8,-10.5
11,4034,Christian McCaffrey,RB,29.3,SF,1.0,2,2,35.1,32.6,30.1,1,1,1,55,39,0,0.0,0,0,0,0,0,0,0.00,81,0,0,0,0.00,0.00,5,14,0,2,1,6,26,40,8.0,6.7,13,0,5,121,2,56,81,6.23,71.0%,5,4.30,0.385,7,0.815,10,19,0.526,10.0,NA,23.1%,NA,0,NA,NA,NA,NA,NA,NA,NA,121,@ ARI,12,·,23.9,11.2
11,8137,George Pickens,WR,24.6,DAL,3.0,3,2,29.4,24.9,20.4,1,1,0,67,45,0,0.0,0,0,0,0,0,0,0.00,0,0,0,0,0.00,0.00,9,69,0,7,1,11,75,144,16.0,13.1,0,0,0,144,0,NA,0,0,67.0%,NA,NA,NA,0,NA,8,11,0.727,8.0,28,33.3%,5.14,0,NA,NA,NA,NA,NA,0.250,NA,144,@ LV,6,·,14.3,15.1
11,11628,Marvin Harrison Jr.,WR,23.1,ARI,0.0,0,0,0,0,0,0,0,0,0,0,0,0.0,0,0,0,0,0,0,0.00,0,0,0,0,0.00,0.00,0,0,0,0,0,0,0,0,0.0,0.0,0,0,0,0,0,NA,0,0,0.0%,NA,NA,NA,0,NA,0,0,NA,NA,NA,NA,NA,0,NA,NA,NA,NA,NA,NA,NA,0,vs SF,24,OUT,OUT,OUT
11,5850,Josh Jacobs,RB,27.6,GB,48.0,45,40,4,4,4,1,1,1,55,12,0,0.0,0,0,0,0,0,0,0.00,40,0,0,0,0.00,0.00,0,0,0,0,0,1,0,0,0.0,0.0,7,0,3,40,0,16,40,5.71,22.0%,2,2.30,0.286,3,0.516,3,8,0.375,3.0,NA,3.8%,NA,0,NA,NA,NA,NA,NA,NA,NA,40,@ NYG,2,·,20.4,-16.4
11,8150,Kyren Williams,RB,25.1,LAR,15.0,13,12,16.6,16.1,15.6,1,1,1,51,35,0,0.0,0,0,0,0,0,0,0.00,91,0,0,0,0.00,0.00,1,4,0,0,0,2,1,5,5.0,2.5,12,2,3,96,1,68,91,7.58,69.0%,6,5.70,0.500,4,1.070,4,14,0.286,4.0,NA,7.1%,NA,0,NA,NA,NA,NA,NA,NA,NA,96,vs SEA,16,·,13.7,2.9
11,12481,Cam Skattebo,RB,23.6,NYG,999.0,999,999,0,0,0,1,0,0,0,0,0,0.0,0,0,0,0,0,0,0.00,0,0,0,0,0.00,0.00,0,0,0,0,0,0,0,0,0.0,0.0,0,0,0,0,0,NA,0,0,0.0%,NA,NA,NA,0,NA,0,0,NA,NA,NA,NA,NA,0,NA,NA,NA,NA,NA,NA,NA,0,vs GB,28,IR,IR,IR
11,8155,Breece Hall,RB,24.3,NYJ,33.0,33,33,8.4,7.4,6.4,1,1,1,57,41,0,0.0,0,0,0,0,0,0,0.00,58,0,0,0,0.00,0.00,2,-2,0,0,0,2,8,6,3.0,3.0,14,1,3,64,0,41,58,4.14,72.0%,1,2.90,0.071,3,0.361,3,16,0.188,3.0,NA,7.4%,NA,0,NA,NA,NA,NA,NA,NA,NA,64,@ NE,30,·,13.3,-4.9
11,9758,C.J. Stroud,QB,24.0,HOU,0.0,0,0,0,0,0,0,0,0,0,0,0,0.0,0,0,0,0,0,0,0.00,0,0,0,0,0.00,0.00,0,0,0,0,0,0,0,0,0.0,0.0,0,0,0,0,0,NA,0,0,0.0%,NA,NA,NA,0,NA,0,0,NA,NA,NA,NA,NA,0,NA,NA,NA,NA,NA,NA,NA,0,@ TEN,13,OUT,OUT,OUT
11,8183,Brock Purdy,QB,25.8,SF,6.0,6,6,19.3,19.3,19.3,1,1,1,55,50,0,73.1,123,26,19,10,7,0,133.50,193,1,3,200,7.69,10.53,0,0,0,0,0,0,0,0,0.0,0.0,1,0,0,-7,0,NA,-7,-7,91.0%,NA,NA,NA,0,NA,13,27,NA,NA,NA,NA,NA,13,50.0%,3.33,11.5%,25.0%,7.90,NA,28.00,193,@ ARI,27,·,21.2,-1.9
11,3294,Dak Prescott,QB,32.2,DAL,3.0,3,3,24.32,24.32,24.32,1,1,1,67,67,1,75.8,130,33,25,12,8,0,138.60,264,1,4,268,8.12,10.72,0,0,0,0,0,0,0,0,0.0,0.0,4,0,0,-4,0,NA,-4,-1,100.0%,NA,NA,NA,0,NA,16,37,NA,NA,NA,NA,NA,16,48.5%,2.81,6.1%,20.6%,6.80,NA,34.00,264,@ LV,19,·,22.1,2.2
11,5859,A.J. Brown,WR,28.2,PHI,21.0,29,41,11.9,8.4,4.9,1,1,1,72,67,0,0.0,0,0,0,0,0,0,0.00,0,0,0,0,0.00,0.00,7,41,0,2,0,11,8,49,7.0,4.5,0,0,0,49,0,NA,0,0,93.0%,NA,NA,NA,0,NA,2,11,0.182,2.0,28,39.3%,1.75,0,NA,NA,NA,NA,NA,0.071,NA,49,vs DET,8,·,15.2,-3.3
11,12529,TreVeyon Henderson,RB,22.9,NE,3.0,3,3,32.3,29.8,27.3,1,1,1,67,59,0,0.0,0,0,0,0,0,0,0.00,62,0,0,0,0.00,0.00,5,13,0,1,1,5,18,31,6.2,6.2,19,2,2,93,2,70,62,3.26,88.0%,9,3.70,0.474,4,0.844,6,24,0.250,6.0,NA,14.7%,NA,0,NA,NA,NA,NA,NA,NA,NA,93,vs NYJ,14,·,17.3,15.0
11,11624,Xavier Worthy,WR,22.4,KC,58.0,58,62,5.5,4,2.5,1,1,1,70,53,0,0.0,0,0,0,0,0,0,0.00,0,0,0,0,0.00,0.00,3,9,0,2,0,5,16,25,8.3,5.0,0,0,0,25,0,NA,0,0,76.0%,NA,NA,NA,0,NA,2,5,0.400,2.0,35,11.1%,0.71,0,NA,NA,NA,NA,NA,0.057,NA,25,@ DEN,32,·,10.2,-4.7
11,10859,Sam LaPorta,TE,24.7,DET,999.0,999,999,0,0,0,1,0,0,0,0,0,0.0,0,0,0,0,0,0,0.00,0,0,0,0,0.00,0.00,0,0,0,0,0,0,0,0,0.0,0.0,0,0,0,0,0,NA,0,0,0.0%,NA,NA,NA,0,NA,0,0,NA,NA,NA,NA,NA,0,NA,NA,NA,NA,NA,NA,NA,0,@ PHI,30,IR,IR,IR
11,9484,Tucker Kraft,TE,24.9,GB,999.0,999,999,0,0,0,1,0,0,0,0,0,0.0,0,0,0,0,0,0,0.00,0,0,0,0,0.00,0.00,0,0,0,0,0,0,0,0,0.0,0.0,0,0,0,0,0,NA,0,0,0.0%,NA,NA,NA,0,NA,0,0,NA,NA,NA,NA,NA,0,NA,NA,NA,NA,NA,NA,NA,0,@ NYG,20,IR,IR,IR
11,3163,Jared Goff,QB,31.0,DET,17.0,17,17,13.1,13.1,13.1,1,1,1,59,59,0,37.8,62,37,14,9,23,1,60.10,254,2,1,255,6.89,18.21,0,0,0,0,0,0,0,0,0.0,0.0,1,0,0,-1,0,NA,-1,-1,100.0%,NA,NA,NA,0,NA,10,38,NA,NA,NA,NA,NA,10,27.0%,2.66,5.4%,41.0%,7.00,NA,39.00,254,@ PHI,22,·,19.9,-6.8
11,9756,Jordan Addison,WR,23.7,MIN,31.0,25,23,10,9,8,1,1,1,55,53,0,0.0,0,0,0,0,0,0,0.00,0,0,0,0,0.00,0.00,2,20,2,1,1,7,0,20,10.0,2.9,0,0,0,20,0,NA,0,0,96.0%,NA,NA,NA,0,NA,2,7,0.286,2.0,32,21.9%,0.63,0,NA,NA,NA,NA,NA,0.031,NA,20,vs CHI,4,·,11.9,-1.9
11,12530,Travis Hunter,WR,22.4,JAX,999.0,999,999,0,0,0,1,0,0,0,0,0,0.0,0,0,0,0,0,0,0.00,0,0,0,0,0.00,0.00,0,0,0,0,0,0,0,0,0.0,0.0,0,0,0,0,0,NA,0,0,0.0%,NA,NA,NA,0,NA,0,0,NA,NA,NA,NA,NA,0,NA,NA,NA,NA,NA,NA,NA,0,vs LAC,31,IR,IR,IR
11,5870,Daniel Jones,QB,28.3,IND,0.0,0,0,0,0,0,0,0,0,0,0,0,0.0,0,0,0,0,0,0,0.00,0,0,0,0,0.00,0.00,0,0,0,0,0,0,0,0,0.0,0.0,0,0,0,0,0,NA,0,0,0.0%,NA,NA,NA,0,NA,0,0,NA,NA,NA,NA,NA,0,NA,NA,NA,NA,NA,NA,NA,0,BYE,BYE,BYE,BYE,BYE
11,7526,Jaylen Waddle,WR,26.8,MIA,41.0,40,40,8.2,6.7,5.2,1,1,1,56,47,0,0.0,0,0,0,0,0,0,0.00,0,0,0,0,0.00,0.00,3,32,2,2,0,7,20,52,17.3,7.4,0,0,0,52,0,NA,0,0,84.0%,NA,NA,NA,0,NA,2,7,0.286,2.0,22,35.0%,2.36,0,NA,NA,NA,NA,NA,0.091,NA,52,vs WAS,3,·,15.7,-7.5
11,6801,Tee Higgins,WR,26.7,CIN,15.0,15,12,15.3,13.8,12.3,1,1,1,66,61,0,0.0,0,0,0,0,0,0,0.00,0,0,0,0,0.00,0.00,3,53,0,2,1,8,10,63,21.0,7.9,0,0,0,63,0,NA,0,0,92.0%,NA,NA,NA,0,NA,3,8,0.375,3.0,41,20.0%,1.54,0,NA,NA,NA,NA,NA,0.049,NA,63,@ PIT,2,·,12.8,2.5
11,9754,Quentin Johnston,WR,24.1,LAC,999.0,999,999,0,0,0,1,1,1,48,43,0,0.0,0,0,0,0,0,0,0.00,0,0,0,0,0.00,0.00,0,0,0,0,0,3,0,0,0.0,0.0,0,0,0,0,0,NA,0,0,90.0%,NA,NA,NA,0,NA,0,3,0.000,0.0,25,11.5%,0.00,0,NA,NA,NA,NA,NA,0.000,NA,0,@ JAX,10,·,12.5,-12.5
11,7525,DeVonta Smith,WR,26.9,PHI,94.0,95,96,1.8,1.3,0.8,1,1,1,72,70,0,0.0,0,0,0,0,0,0,0.00,0,0,0,0,0.00,0.00,1,7,1,0,0,5,1,8,8.0,1.6,0,0,0,8,0,NA,0,0,97.0%,NA,NA,NA,0,NA,0,5,0.000,0.0,29,17.9%,0.28,0,NA,NA,NA,NA,NA,0.000,NA,8,vs DET,8,·,15.0,-13.2
11,5846,DK Metcalf,WR,27.8,PIT,33.0,35,42,9.9,7.4,4.9,1,1,1,65,56,0,0.0,0,0,0,0,0,0,0.00,0,0,0,0,0.00,0.00,5,24,0,3,0,8,25,49,9.8,6.1,0,0,0,49,0,NA,0,0,86.0%,NA,NA,NA,0,NA,3,8,0.375,3.0,32,25.8%,1.53,0,NA,NA,NA,NA,NA,0.094,NA,49,vs CIN,15,·,13.0,-3.1
11,9997,Zay Flowers,WR,25.0,BAL,23.0,21,19,11.3,9.8,8.3,1,1,1,61,54,0,0.0,0,0,0,0,0,0,0.00,5,0,0,0,0.00,0.00,3,52,1,3,0,5,26,78,26.0,15.6,1,0,0,83,0,NA,5,5,89.0%,NA,NA,NA,0,NA,3,6,0.500,3.0,28,20.0%,2.79,0,NA,NA,NA,NA,NA,0.107,NA,83,@ CLE,18,·,13.8,-2.5
11,12522,Cam Ward,QB,23.3,TEN,18.0,18,18,13.06,13.06,13.06,1,1,1,59,59,1,64.9,105,37,24,9,13,0,87.00,227,3,1,194,5.24,8.08,0,0,0,0,0,0,0,0,0.0,0.0,3,0,2,33,0,NA,33,11,100.0%,NA,NA,NA,2,NA,12,40,NA,NA,NA,NA,NA,10,27.0%,2.60,8.1%,25.6%,7.10,NA,43.00,227,vs HOU,32,·,14.7,-1.6
11,11638,Ricky Pearsall,WR,25.0,SF,102.0,104,999,1,0.5,0,1,1,1,55,41,0,0.0,0,0,0,0,0,0,0.00,0,0,0,0,0.00,0.00,1,0,0,0,0,2,0,0,0.0,0.0,0,0,0,0,0,NA,0,0,75.0%,NA,NA,NA,0,NA,0,2,0.000,0.0,23,11.5%,0.00,0,NA,NA,NA,NA,NA,0.000,NA,0,@ ARI,16,·,12.1,-11.1
11,8144,Chris Olave,WR,25.2,NO,0.0,0,0,0,0,0,0,0,0,0,0,0,0.0,0,0,0,0,0,0,0.00,0,0,0,0,0.00,0.00,0,0,0,0,0,0,0,0,0.0,0.0,0,0,0,0,0,NA,0,0,0.0%,NA,NA,NA,0,NA,0,0,NA,NA,NA,NA,NA,0,NA,NA,NA,NA,NA,NA,NA,0,BYE,BYE,BYE,BYE,BYE
11,11559,Michael Penix Jr.,QB,25.4,ATL,27.0,27,27,7.9,7.9,7.9,1,1,1,66,41,0,81.3,92,16,13,8,3,0,112.20,184,0,0,175,10.94,13.46,0,0,0,0,0,0,0,0,0.0,0.0,1,0,0,9,0,NA,9,9,62.0%,NA,NA,NA,0,NA,8,17,NA,NA,NA,NA,NA,8,50.0%,2.67,6.3%,41.2%,7.80,NA,17.00,184,vs CAR,23,Q,17.5,-9.6
11,8151,Kenneth Walker III,RB,24.9,SEA,9.0,10,9,20.1,18.6,17.1,1,1,1,84,43,0,0.0,0,0,0,0,0,0,0.00,67,0,0,0,0.00,0.00,3,8,0,2,0,3,36,44,14.7,14.7,16,0,4,111,1,58,67,4.19,51.0%,4,3.60,0.250,5,0.610,7,19,0.368,7.0,NA,6.8%,NA,0,NA,NA,NA,NA,NA,NA,NA,111,@ LAR,32,·,8.8,11.3
11,12501,Matthew Golden,WR,22.2,GB,73.0,67,63,3.4,2.9,2.4,1,1,0,55,19,0,0.0,0,0,0,0,0,0,0.00,0,0,0,0,0.00,0.00,1,24,0,1,0,3,0,24,24.0,8.0,0,0,0,24,0,NA,0,0,35.0%,NA,NA,NA,0,NA,1,3,0.333,1.0,11,11.5%,2.18,0,NA,NA,NA,NA,NA,0.091,NA,24,@ NYG,7,·,4.2,-0.8
11,5849,Kyler Murray,QB,28.1,ARI,999.0,999,999,0,0,0,1,0,0,0,0,0,0.0,0,0,0,0,0,0,0.00,0,0,0,0,0.00,0.00,0,0,0,0,0,0,0,0,0.0,0.0,0,0,0,0,0,NA,0,0,0.0%,NA,NA,NA,0,NA,0,0,NA,NA,NA,NA,NA,0,NA,NA,NA,NA,NA,NA,NA,0,vs SF,14,IR,IR,IR
11,11565,J.J. McCarthy,QB,22.7,MIN,26.0,26,26,8,8,8,1,1,1,55,55,0,50.0,78,32,16,9,16,2,47.70,150,0,1,150,4.69,9.38,0,0,0,0,0,0,0,0,0.0,0.0,0,0,0,0,0,NA,0,0,100.0%,NA,NA,NA,0,NA,10,32,NA,NA,NA,NA,NA,10,31.3%,2.84,12.5%,21.9%,9.30,NA,32.00,150,vs CHI,3,·,21.7,-13.7
11,7588,Javonte Williams,RB,25.4,DAL,26.0,25,25,10.3,9.8,9.3,1,1,1,67,52,0,0.0,0,0,0,0,0,0,0.00,93,0,0,0,0.00,0.00,1,-4,0,0,0,1,4,0,0.0,0.0,22,0,5,93,0,75,93,4.23,78.0%,4,3.40,0.182,5,0.522,5,23,0.217,5.0,NA,3.0%,NA,0,NA,NA,NA,NA,NA,NA,NA,93,@ LV,17,·,18.5,-8.2
11,7523,Trevor Lawrence,QB,26.0,JAX,11.0,11,11,16.02,16.02,16.02,1,1,1,71,63,0,63.6,108,22,14,10,8,1,80.30,162,0,1,153,6.95,10.93,0,0,0,0,0,0,0,0,0.0,0.0,5,0,0,9,1,NA,9,1.8,89.0%,NA,NA,NA,1,NA,12,27,NA,NA,NA,NA,NA,11,50.0%,2.87,4.5%,29.2%,9.00,NA,24.00,162,vs LAC,29,·,18.8,-2.8
11,8148,Jameson Williams,WR,24.5,DET,8.0,6,5,19.7,17.7,15.7,1,1,1,59,56,0,0.0,0,0,0,0,0,0,0.00,9,0,0,0,0.00,0.00,4,51,1,2,1,7,37,88,22.0,12.6,1,0,0,97,0,NA,9,9,95.0%,NA,NA,NA,0,NA,3,8,0.375,3.0,38,18.9%,2.32,0,NA,NA,NA,NA,NA,0.053,NA,97,@ PHI,22,·,12.4,7.3
11,4943,Sam Darnold,QB,28.3,SEA,25.0,25,25,8.26,8.26,8.26,1,1,1,84,84,0,65.9,166,44,29,15,15,4,45.50,290,0,0,279,6.34,9.62,0,0,0,0,0,0,0,0,0.0,0.0,2,0,1,11,0,NA,11,5.5,100.0%,NA,NA,NA,1,NA,16,46,NA,NA,NA,NA,NA,15,34.1%,3.27,13.6%,28.9%,8.60,NA,45.00,290,@ LAR,24,·,19.1,-10.8
11,12533,Jacory Croskey-Merritt,RB,24.5,WAS,46.0,47,46,4.3,3.8,3.3,1,1,0,67,18,0,0.0,0,0,0,0,0,0,0.00,28,0,0,0,0.00,0.00,1,-4,0,1,0,1,9,5,5.0,5.0,9,0,1,33,0,32,28,3.11,27.0%,3,3.50,0.333,1,0.683,2,10,0.200,2.0,NA,3.3%,NA,0,NA,NA,NA,NA,NA,NA,NA,33,@ MIA,9,·,7.2,-2.9
11,12489,RJ Harvey,RB,24.6,DEN,37.0,35,38,8,6.5,5,1,1,1,62,38,0,0.0,0,1,0,0,1,0,39.60,30,0,0,0,0.00,0.00,3,-2,0,1,0,3,22,20,6.7,6.7,11,0,3,50,0,32,30,2.73,61.0%,0,2.90,0.000,3,0.290,4,15,0.267,4.0,NA,7.9%,NA,0,0.0%,NA,NA,NA,NA,NA,NA,50,vs KC,27,·,13.4,-5.4
11,7543,Travis Etienne,RB,26.7,JAX,11.0,6,6,19.3,19.3,19.3,1,1,1,71,35,0,0.0,0,0,0,0,0,0,0.00,73,0,0,0,0.00,0.00,0,0,1,0,0,2,0,0,0.0,0.0,19,3,3,73,2,51,73,3.84,49.0%,6,2.70,0.316,5,0.586,5,21,0.238,5.0,NA,9.1%,NA,0,NA,NA,NA,NA,NA,NA,NA,73,vs LAC,19,·,15.3,4.0
11,3198,Derrick Henry,RB,31.7,BAL,8.0,7,7,20.2,19.2,18.2,1,1,1,61,33,0,0.0,0,0,0,0,0,0,0.00,103,0,0,0,0.00,0.00,2,3,0,1,0,2,16,19,9.5,9.5,18,1,4,122,1,38,103,5.72,54.0%,6,2.10,0.333,5,0.543,6,20,0.300,6.0,NA,8.0%,NA,0,NA,NA,NA,NA,NA,NA,NA,122,@ CLE,29,·,15.7,4.5
11,9224,Chase Brown,RB,25.5,CIN,12.0,15,18,18.7,15.7,12.7,1,1,1,66,54,0,0.0,0,0,0,0,0,0,0.00,99,0,0,0,0.00,0.00,6,-3,0,1,0,8,31,28,4.7,3.5,18,2,6,127,0,65,99,5.5,82.0%,7,3.60,0.389,6,0.749,7,26,0.269,7.0,NA,20.0%,NA,0,NA,NA,NA,NA,NA,NA,NA,127,@ PIT,24,·,16.4,2.3
11,8110,Jake Ferguson,TE,26.7,DAL,7.0,7,5,11.6,9.6,7.6,1,1,1,67,42,0,0.0,0,0,0,0,0,0,0.00,0,0,0,0,0.00,0.00,4,0,0,0,1,5,16,16,4.0,3.2,0,0,0,16,0,NA,0,0,63.0%,NA,NA,NA,0,NA,1,5,0.200,1.0,27,15.2%,0.59,0,NA,NA,NA,NA,NA,0.000,NA,16,@ LV,28,·,11.3,0.3
11,5045,Courtland Sutton,WR,30.0,DEN,32.0,32,33,9.9,7.9,5.9,1,1,1,62,57,0,0.0,0,0,0,0,0,0,0.00,0,0,0,0,0.00,0.00,4,51,0,4,0,8,8,59,14.8,7.4,0,0,0,59,0,NA,0,0,92.0%,NA,NA,NA,0,NA,4,8,0.500,4.0,37,21.1%,1.59,0,NA,NA,NA,NA,NA,0.108,NA,59,vs KC,30,·,12.4,-2.5
11,12506,Harold Fannin,TE,21.2,CLE,30.0,30,26,4.6,3.6,2.6,1,1,1,55,40,0,0.0,0,0,0,0,0,0,0.00,0,0,0,0,0.00,0.00,2,21,1,1,0,5,5,26,13.0,5.2,0,0,0,26,0,NA,0,0,73.0%,NA,NA,NA,0,NA,1,5,0.200,1.0,16,19.2%,1.63,0,NA,NA,NA,NA,NA,0.063,NA,26,vs BAL,23,·,8.8,-4.2
11,4217,George Kittle,TE,32.0,SF,2.0,2,1,24.7,21.7,18.7,1,1,1,55,48,0,0.0,0,0,0,0,0,0,0.00,0,0,0,0,0.00,0.00,6,43,0,3,2,6,24,67,11.2,11.2,0,0,0,67,0,NA,0,0,87.0%,NA,NA,NA,0,NA,5,6,0.833,5.0,24,23.1%,2.79,0,NA,NA,NA,NA,NA,0.125,NA,67,@ ARI,18,·,13.8,10.9
11,2133,Davante Adams,WR,32.8,LAR,47.0,42,30,7.1,6.6,6.1,1,1,1,51,44,0,0.0,0,0,0,0,0,0,0.00,0,0,0,0,0.00,0.00,1,1,1,0,1,8,0,1,1.0,0.1,0,0,0,1,0,NA,0,0,86.0%,NA,NA,NA,0,NA,1,8,0.125,1.0,27,28.6%,0.04,0,NA,NA,NA,NA,NA,0.000,NA,1,vs SEA,12,·,15.5,-8.4
11,12517,Colston Loveland,TE,21.5,CHI,18.0,17,18,7,5.5,4,1,1,1,75,56,0,0.0,0,0,0,0,0,0,0.00,0,0,0,0,0.00,0.00,3,13,0,1,0,4,27,40,13.3,10.0,0,0,0,40,0,NA,0,0,75.0%,NA,NA,NA,0,NA,1,4,0.250,1.0,20,12.5%,2.00,0,NA,NA,NA,NA,NA,0.050,NA,40,@ MIN,10,·,8.6,-1.6
11,12519,Luther Burden,WR,21.8,CHI,57.0,57,60,5.7,4.2,2.7,1,1,0,75,33,0,0.0,0,0,0,0,0,0,0.00,0,0,0,0,0.00,0.00,3,10,1,2,0,5,17,27,9.0,5.4,0,0,0,27,0,NA,0,0,44.0%,NA,NA,NA,0,NA,2,5,0.400,2.0,21,15.6%,1.29,0,NA,NA,NA,NA,NA,0.095,NA,27,@ MIN,26,·,4.4,1.3
11,9228,Bryce Young,QB,24.2,CAR,2.0,2,2,31.82,31.82,31.82,1,1,1,80,80,0,68.9,201,45,31,17,14,0,123.20,447,5,3,448,9.96,14.45,0,0,0,0,0,0,0,0,0.0,0.0,1,0,0,-1,0,NA,-1,-1,100.0%,NA,NA,NA,0,NA,20,46,NA,NA,NA,NA,NA,20,44.4%,2.64,6.7%,38.0%,6.90,NA,50.00,447,@ ATL,26,·,18.0,13.8
11,8408,Jordan Mason,RB,26.4,MIN,25.0,23,21,10.5,10.5,10.5,1,1,0,55,9,0,0.0,0,0,0,0,0,0,0.00,45,0,0,0,0.00,0.00,0,0,0,0,0,0,0,0,0.0,0.0,6,0,0,45,1,36,45,7.5,16.0%,4,6.00,0.667,1,1.267,1,6,0.167,1.0,NA,0.0%,NA,0,NA,NA,NA,NA,NA,NA,NA,45,vs CHI,15,·,6.7,3.8
11,6819,Michael Pittman,WR,28.0,IND,0.0,0,0,0,0,0,0,0,0,0,0,0,0.0,0,0,0,0,0,0,0.00,0,0,0,0,0.00,0.00,0,0,0,0,0,0,0,0,0.0,0.0,0,0,0,0,0,NA,0,0,0.0%,NA,NA,NA,0,NA,0,0,NA,NA,NA,NA,NA,0,NA,NA,NA,NA,NA,NA,NA,0,BYE,BYE,BYE,BYE,BYE
11,8228,Jaylen Warren,RB,26.9,PIT,32.0,32,32,8.7,7.7,6.7,1,1,1,65,18,0,0.0,0,0,0,0,0,0,0.00,62,0,0,0,0.00,0.00,2,-12,0,0,0,2,17,5,2.5,2.5,10,1,1,67,0,63,62,6.2,28.0%,4,6.30,0.400,1,1.030,1,12,0.083,1.0,NA,6.5%,NA,0,NA,NA,NA,NA,NA,NA,NA,67,vs CIN,1,·,15.3,-6.6
11,10236,Dalton Kincaid,TE,25.9,BUF,0.0,0,0,0,0,0,0,0,0,0,0,0,0.0,0,0,0,0,0,0,0.00,0,0,0,0,0.00,0.00,0,0,0,0,0,0,0,0,0.0,0.0,0,0,0,0,0,NA,0,0,0.0%,NA,NA,NA,0,NA,0,0,NA,NA,NA,NA,NA,0,NA,NA,NA,NA,NA,NA,NA,0,vs TB,22,OUT,OUT,OUT
11,5892,David Montgomery,RB,28.3,DET,45.0,43,41,4.7,4.2,3.7,1,1,0,59,23,0,0.0,0,0,0,0,0,0,0.00,27,0,0,0,0.00,0.00,1,1,0,1,0,1,9,10,10.0,10.0,6,0,1,37,0,23,27,4.5,39.0%,3,3.80,0.500,1,0.880,2,7,0.286,2.0,NA,2.7%,NA,0,NA,NA,NA,NA,NA,NA,NA,37,@ PHI,11,·,11.4,-6.7
11,11589,Trey Benson,RB,23.2,ARI,999.0,999,999,0,0,0,1,0,0,0,0,0,0.0,0,0,0,0,0,0,0.00,0,0,0,0,0.00,0.00,0,0,0,0,0,0,0,0,0.0,0.0,0,0,0,0,0,NA,0,0,0.0%,NA,NA,NA,0,NA,0,0,NA,NA,NA,NA,NA,0,NA,NA,NA,NA,NA,NA,NA,0,vs SF,25,IR,IR,IR
11,9753,Zach Charbonnet,RB,24.7,SEA,40.0,40,39,6.7,5.7,4.7,1,1,0,84,36,0,0.0,0,0,0,0,0,0,0.00,37,0,0,0,0.00,0.00,2,5,0,1,0,2,5,10,5.0,5.0,11,0,1,47,0,32,37,3.36,43.0%,2,2.90,0.182,1,0.472,2,13,0.154,2.0,NA,4.5%,NA,0,NA,NA,NA,NA,NA,NA,NA,47,@ LAR,32,·,8.9,-2.2
11,7553,Kyle Pitts,TE,25.0,ATL,36.0,39,39,3.4,2.4,1.4,1,1,1,66,55,0,0.0,0,0,0,0,0,0,0.00,0,0,0,0,0.00,0.00,2,6,1,0,0,3,8,14,7.0,4.7,0,0,0,14,0,NA,0,0,83.0%,NA,NA,NA,0,NA,0,3,0.000,0.0,30,10.0%,0.47,0,NA,NA,NA,NA,NA,0.000,NA,14,vs CAR,7,·,10.3,-6.9
11,7594,Chuba Hubbard,RB,26.3,CAR,49.0,50,48,3.8,3.3,2.8,1,1,0,80,15,0,0.0,0,0,0,0,0,0,0.00,21,0,0,0,0.00,0.00,1,-5,2,1,0,3,12,7,7.0,2.3,4,0,0,28,0,13,21,5.25,19.0%,0,3.30,0.000,0,0.330,1,7,0.143,1.0,NA,6.7%,NA,0,NA,NA,NA,NA,NA,NA,NA,28,@ ATL,4,·,3.8,0.0
11,5927,Terry McLaurin,WR,30.0,WAS,0.0,0,0,0,0,0,0,0,0,0,0,0,0.0,0,0,0,0,0,0,0.00,0,0,0,0,0.00,0.00,0,0,0,0,0,0,0,0,0.0,0.0,0,0,0,0,0,NA,0,0,0.0%,NA,NA,NA,0,NA,0,0,NA,NA,NA,NA,NA,0,NA,NA,NA,NA,NA,NA,NA,0,@ MIA,29,OUT,OUT,OUT
11,6806,J.K. Dobbins,RB,26.8,DEN,999.0,999,999,0,0,0,1,0,0,0,0,0,0.0,0,0,0,0,0,0,0.00,0,0,0,0,0.00,0.00,0,0,0,0,0,0,0,0,0.0,0.0,0,0,0,0,0,NA,0,0,0.0%,NA,NA,NA,0,NA,0,0,NA,NA,NA,NA,NA,0,NA,NA,NA,NA,NA,NA,NA,0,vs KC,27,IR,IR,IR
11,7021,Rico Dowdle,RB,27.3,CAR,17.0,20,23,15,12.5,10,1,1,1,80,66,0,0.0,0,0,0,0,0,0,0.00,45,0,0,0,0.00,0.00,5,-22,0,2,0,7,77,55,11.0,7.9,19,0,2,100,0,51,45,2.37,83.0%,6,2.70,0.316,2,0.586,4,26,0.154,4.0,NA,15.6%,NA,0,NA,NA,NA,NA,NA,NA,NA,100,@ ATL,4,·,17.5,-2.5
11,11637,Keon Coleman,WR,22.4,BUF,0.0,0,0,0,0,0,0,0,0,0,0,0,0.0,0,0,0,0,0,0,0.00,0,0,0,0,0.00,0.00,0,0,0,0,0,0,0,0,0.0,0.0,0,0,0,0,0,NA,0,0,0.0%,NA,NA,NA,0,NA,0,0,NA,NA,NA,NA,NA,0,NA,NA,NA,NA,NA,NA,NA,0,vs TB,14,OUT,OUT,OUT
11,6790,D'Andre Swift,RB,26.7,CHI,31.0,28,26,9,9,9,1,1,1,75,43,0,0.0,0,0,0,0,0,0,0.00,90,0,0,0,0.00,0.00,0,0,0,0,0,1,0,0,0.0,0.0,21,4,5,90,0,71,90,4.29,57.0%,1,3.40,0.048,5,0.388,5,22,0.227,5.0,NA,3.1%,NA,0,NA,NA,NA,NA,NA,NA,NA,90,@ MIN,20,·,13.0,-4.0
11,4983,D.J. Moore,WR,28.4,CHI,75.0,73,65,3.1,2.6,2.1,1,1,1,75,61,0,0.0,0,0,0,0,0,0,0.00,3,0,0,0,0.00,0.00,1,17,1,1,0,3,1,18,18.0,6.0,1,0,1,21,0,NA,3,3,81.0%,NA,NA,NA,1,NA,2,4,0.500,2.0,29,9.4%,0.62,0,NA,NA,NA,NA,NA,0.034,NA,21,@ MIN,26,·,8.9,-5.8
11,12474,Woody Marks,RB,24.8,HOU,41.0,41,37,6.1,5.6,5.1,1,1,1,70,46,0,0.0,0,0,0,0,0,0,0.00,44,0,0,0,0.00,0.00,1,-3,0,0,0,1,10,7,7.0,7.0,18,0,4,51,0,43,44,2.44,66.0%,1,2.40,0.056,4,0.296,4,19,0.211,4.0,NA,2.4%,NA,0,NA,NA,NA,NA,NA,NA,NA,51,@ TEN,3,·,14.6,-8.5
11,5872,Deebo Samuel,WR,29.7,WAS,5.0,7,9,20.7,17.2,13.7,1,1,1,67,50,0,0.0,0,0,0,0,0,0,0.00,3,0,0,0,0.00,0.00,7,20,0,1,1,8,54,74,10.6,9.3,1,0,1,77,0,NA,3,3,75.0%,NA,NA,NA,1,NA,3,9,0.333,3.0,28,26.7%,2.64,0,NA,NA,NA,NA,NA,0.036,NA,77,@ MIA,29,·,13.5,7.2
11,12499,Elic Ayomanor,WR,22.3,TEN,76.0,79,89,3.1,2.1,1.1,1,1,1,59,50,0,0.0,0,0,0,0,0,0,0.00,0,0,0,0,0.00,0.00,2,3,0,0,0,6,8,11,5.5,1.8,0,0,0,11,0,NA,0,0,85.0%,NA,NA,NA,0,NA,0,6,0.000,0.0,34,16.2%,0.32,0,NA,NA,NA,NA,NA,0.000,NA,11,vs HOU,27,·,8.1,-5.0
11,7591,Justin Fields,QB,26.6,NYJ,5.0,5,5,19.34,19.34,19.34,1,1,1,57,57,1,57.7,73,26,15,4,11,0,81.60,183,2,1,116,4.46,7.73,0,0,0,0,0,1,0,0,0.0,0.0,11,0,5,67,1,NA,67,6.09,100.0%,NA,NA,NA,6,NA,11,38,NA,NA,NA,NA,NA,5,19.2%,3.03,11.5%,40.6%,7.60,NA,32.00,183,@ NE,17,·,16.9,2.4
11,12490,Bhayshul Tuten,RB,22.6,JAX,20.0,18,15,13.4,13.4,13.4,1,1,0,71,23,0,0.0,0,0,0,0,0,0,0.00,74,0,0,0,0.00,0.00,0,0,0,0,0,0,0,0,0.0,0.0,15,3,7,74,1,66,74,4.93,32.0%,7,4.40,0.467,8,0.907,8,15,0.533,8.0,NA,0.0%,NA,0,NA,NA,NA,NA,NA,NA,NA,74,vs LAC,19,·,5.9,7.5
11,9500,Josh Downs,WR,24.1,IND,0.0,0,0,0,0,0,0,0,0,0,0,0,0.0,0,0,0,0,0,0,0.00,0,0,0,0,0.00,0.00,0,0,0,0,0,0,0,0,0.0,0.0,0,0,0,0,0,NA,0,0,0.0%,NA,NA,NA,0,NA,0,0,NA,NA,NA,NA,NA,0,NA,NA,NA,NA,NA,NA,NA,0,BYE,BYE,BYE,BYE,BYE
11,2216,Mike Evans,WR,32.1,TB,999.0,999,999,0,0,0,1,0,0,0,0,0,0.0,0,0,0,0,0,0,0.00,0,0,0,0,0.00,0.00,0,0,0,0,0,0,0,0,0.0,0.0,0,0,0,0,0,NA,0,0,0.0%,NA,NA,NA,0,NA,0,0,NA,NA,NA,NA,NA,0,NA,NA,NA,NA,NA,NA,NA,0,@ BUF,19,IR,IR,IR
11,4035,Alvin Kamara,RB,30.2,NO,0.0,0,0,0,0,0,0,0,0,0,0,0,0.0,0,0,0,0,0,0,0.00,0,0,0,0,0.00,0.00,0,0,0,0,0,0,0,0,0.0,0.0,0,0,0,0,0,NA,0,0,0.0%,NA,NA,NA,0,NA,0,0,NA,NA,NA,NA,NA,0,NA,NA,NA,NA,NA,NA,NA,0,BYE,BYE,BYE,BYE,BYE
11,421,Matthew Stafford,QB,37.6,LAR,16.0,16,16,13.2,13.2,13.2,1,1,1,51,51,0,53.6,56,28,15,4,13,0,89.90,130,0,2,130,4.64,8.67,0,0,0,0,0,0,0,0,0.0,0.0,0,0,0,0,0,NA,0,0,100.0%,NA,NA,NA,0,NA,6,28,NA,NA,NA,NA,NA,6,21.4%,2.60,3.6%,32.1%,5.40,NA,28.00,130,vs SEA,12,·,19.5,-6.3
11,12484,Jayden Higgins,WR,22.8,HOU,35.0,33,35,9.5,7.5,5.5,1,1,1,70,43,0,0.0,0,0,0,0,0,0,0.00,0,0,0,0,0.00,0.00,4,49,0,3,0,7,6,55,13.8,7.9,0,0,0,55,0,NA,0,0,61.0%,NA,NA,NA,0,NA,3,7,0.429,3.0,26,17.1%,2.12,0,NA,NA,NA,NA,NA,0.115,NA,55,@ TEN,9,·,6.7,2.8
11,8134,Khalil Shakir,WR,25.6,BUF,106.0,106,105,0.7,0.2,-0.3,1,1,1,56,30,0,0.0,0,0,0,0,0,0,0.00,0,0,0,0,0.00,0.00,1,-3,0,0,0,3,0,-3,-3.0,-1.0,0,0,0,-3,0,NA,0,0,54.0%,NA,NA,NA,0,NA,0,3,0.000,0.0,19,10.0%,-0.16,0,NA,NA,NA,NA,NA,0.000,NA,-3,vs TB,14,·,11.5,-10.8
11,6803,Brandon Aiyuk,WR,27.5,SF,999.0,999,999,0,0,0,1,0,0,0,0,0,0.0,0,0,0,0,0,0,0.00,0,0,0,0,0.00,0.00,0,0,0,0,0,0,0,0,0.0,0.0,0,0,0,0,0,NA,0,0,0.0%,NA,NA,NA,0,NA,0,0,NA,NA,NA,NA,NA,0,NA,NA,NA,NA,NA,NA,NA,0,@ ARI,16,PUP,PUP,PUP
11,12498,Mason Taylor,TE,21.4,NYJ,17.0,22,22,7,5,3,1,1,1,57,43,0,0.0,0,0,0,0,0,0,0.00,0,0,0,0,0.00,0.00,4,25,0,0,0,4,5,30,7.5,7.5,0,0,0,30,0,NA,0,0,75.0%,NA,NA,NA,0,NA,0,4,0.000,0.0,15,14.8%,2.00,0,NA,NA,NA,NA,NA,0.000,NA,30,@ NE,9,·,9.5,-2.5
11,10222,Jayden Reed,WR,25.4,GB,999.0,999,999,0,0,0,1,0,0,0,0,0,0.0,0,0,0,0,0,0,0.00,0,0,0,0,0.00,0.00,0,0,0,0,0,0,0,0,0.0,0.0,0,0,0,0,0,NA,0,0,0.0%,NA,NA,NA,0,NA,0,0,NA,NA,NA,NA,NA,0,NA,NA,NA,NA,NA,NA,NA,0,@ NYG,7,IR,IR,IR
11,5844,T.J. Hockenson,TE,28.2,MIN,20.0,18,19,6.9,5.4,3.9,1,1,1,55,44,0,0.0,0,0,0,0,0,0,0.00,0,0,0,0,0.00,0.00,3,9,1,2,0,6,30,39,13.0,6.5,0,0,0,39,0,NA,0,0,80.0%,NA,NA,NA,0,NA,2,6,0.333,2.0,25,18.8%,1.56,0,NA,NA,NA,NA,NA,0.080,NA,39,vs CHI,11,·,9.0,-2.1
11,6783,Jerry Jeudy,WR,26.4,CLE,60.0,63,66,5.1,3.6,2.1,1,1,1,55,45,0,0.0,0,0,0,0,0,0,0.00,0,0,0,0,0.00,0.00,3,11,0,1,0,7,10,21,7.0,3.0,0,0,0,21,0,NA,0,0,82.0%,NA,NA,NA,0,NA,1,7,0.143,1.0,26,26.9%,0.81,0,NA,NA,NA,NA,NA,0.038,NA,21,vs BAL,5,·,8.5,-3.4
11,8126,Wan'Dale Robinson,WR,24.7,NYG,43.0,48,52,7.6,5.6,3.6,1,1,1,72,70,0,0.0,0,0,0,0,0,0,0.00,0,0,0,0,0.00,0.00,4,33,1,1,0,9,3,36,9.0,4.0,0,0,0,36,0,NA,0,0,97.0%,NA,NA,NA,0,NA,1,9,0.111,1.0,31,31.0%,1.16,0,NA,NA,NA,NA,NA,0.032,NA,36,vs GB,21,·,13.2,-5.6
11,8121,Romeo Doubs,WR,25.5,GB,37.0,36,37,9.3,7.3,5.3,1,1,1,55,42,0,0.0,0,0,0,0,0,0,0.00,0,0,0,0,0.00,0.00,4,35,2,3,0,8,18,53,13.3,6.6,0,0,0,53,0,NA,0,0,76.0%,NA,NA,NA,0,NA,3,8,0.375,3.0,20,30.8%,2.65,0,NA,NA,NA,NA,NA,0.150,NA,53,@ NYG,7,·,10.9,-1.6
11,5947,Jakobi Meyers,WR,28.9,JAX,22.0,26,27,11.4,8.9,6.4,1,1,1,71,46,0,0.0,0,0,0,0,0,0,0.00,0,0,0,0,0.00,0.00,5,42,0,4,0,6,22,64,12.8,10.7,0,0,0,64,0,NA,0,0,65.0%,NA,NA,NA,0,NA,4,6,0.667,4.0,18,27.3%,3.56,0,NA,NA,NA,NA,NA,0.222,NA,64,vs LAC,31,·,11.6,-0.2
11,12504,Kaleb Johnson,RB,22.1,PIT,62.0,60,57,1.5,1.5,1.5,1,1,0,65,8,0,0.0,0,0,0,0,0,0,0.00,15,0,0,0,0.00,0.00,0,0,0,0,0,0,0,0,0.0,0.0,5,0,0,15,0,18,15,3,12.0%,2,3.60,0.400,0,0.760,0,5,0.000,0.0,NA,0.0%,NA,0,NA,NA,NA,NA,NA,NA,NA,15,vs CIN,1,·,1.3,0.2
11,12497,Tory Horton,WR,22.8,SEA,0.0,0,0,0,0,0,0,0,0,0,0,0,0.0,0,0,0,0,0,0,0.00,0,0,0,0,0.00,0.00,0,0,0,0,0,0,0,0,0.0,0.0,0,0,0,0,0,NA,0,0,0.0%,NA,NA,NA,0,NA,0,0,NA,NA,NA,NA,NA,0,NA,NA,NA,NA,NA,NA,NA,0,@ LAR,17,OUT,OUT,OUT
11,11627,Troy Franklin,WR,22.6,DEN,20.0,20,18,12.4,10.4,8.4,1,1,1,62,41,0,0.0,0,0,0,0,0,0,0.00,0,0,0,0,0.00,0.00,4,61,1,2,0,8,23,84,21.0,10.5,0,0,0,84,0,NA,0,0,66.0%,NA,NA,NA,0,NA,2,8,0.250,2.0,32,21.1%,2.63,0,NA,NA,NA,NA,NA,0.063,NA,84,vs KC,30,·,9.9,2.5
11,8676,Rashid Shaheed,WR,27.1,SEA,62.0,59,58,4.9,3.9,2.9,1,1,0,84,45,0,0.0,0,0,0,0,0,0,0.00,2,0,0,0,0.00,0.00,2,26,0,1,0,5,1,27,13.5,5.4,1,0,0,29,0,NA,2,2,54.0%,NA,NA,NA,0,NA,1,6,0.167,1.0,32,11.4%,0.84,0,NA,NA,NA,NA,NA,0.031,NA,29,@ LAR,17,·,9.4,-4.5
11,4037,Chris Godwin,WR,29.6,TB,0.0,0,0,0,0,0,0,0,0,0,0,0,0.0,0,0,0,0,0,0,0.00,0,0,0,0,0.00,0.00,0,0,0,0,0,0,0,0,0.0,0.0,0,0,0,0,0,NA,0,0,0.0%,NA,NA,NA,0,NA,0,0,NA,NA,NA,NA,NA,0,NA,NA,NA,NA,NA,NA,NA,0,@ BUF,19,OUT,OUT,OUT
11,12495,Ollie Gordon,RB,21.7,MIA,24.0,22,20,10.5,10.5,10.5,1,1,0,56,22,0,0.0,0,0,0,0,0,0,0.00,45,0,0,0,0.00,0.00,0,0,0,0,0,0,0,0,0.0,0.0,9,0,2,45,1,21,45,5,39.0%,0,2.30,0.000,3,0.230,3,9,0.333,3.0,NA,0.0%,NA,0,NA,NA,NA,NA,NA,NA,NA,45,vs WAS,8,·,3.0,7.5
11,5967,Tony Pollard,RB,28.4,TEN,43.0,44,50,5.6,4.1,2.6,1,1,1,59,29,0,0.0,0,0,0,0,0,0,0.00,22,0,0,0,0.00,0.00,3,-2,0,1,0,3,6,4,1.3,1.3,10,0,0,26,0,22,22,2.2,49.0%,1,2.20,0.100,0,0.320,1,13,0.077,1.0,NA,8.1%,NA,0,NA,NA,NA,NA,NA,NA,NA,26,vs HOU,22,·,8.1,-2.5
11,12535,Isaac TeSlaa,WR,23.6,DET,999.0,999,999,0,0,0,1,1,0,59,20,0,0.0,0,0,0,0,0,0,0.00,0,0,0,0,0.00,0.00,0,0,0,0,0,1,0,0,0.0,0.0,0,0,0,0,0,NA,0,0,34.0%,NA,NA,NA,0,NA,0,1,0.000,0.0,17,2.7%,0.00,0,NA,NA,NA,NA,NA,0.000,NA,0,@ PHI,22,·,1.4,-1.4
11,9504,Kayshon Boutte,WR,23.4,NE,0.0,0,0,0,0,0,0,0,0,0,0,0,0.0,0,0,0,0,0,0,0.00,0,0,0,0,0.00,0.00,0,0,0,0,0,0,0,0,0.0,0.0,0,0,0,0,0,NA,0,0,0.0%,NA,NA,NA,0,NA,0,0,NA,NA,NA,NA,NA,0,NA,NA,NA,NA,NA,NA,NA,0,vs NYJ,23,OUT,OUT,OUT
11,6768,Tua Tagovailoa,QB,27.6,MIA,28.0,28,28,6.84,6.84,6.84,1,1,1,56,56,0,70.0,56,20,14,8,6,0,96.00,171,3,0,171,8.55,12.21,0,0,0,0,0,0,0,0,0.0,0.0,0,0,0,0,0,NA,0,0,100.0%,NA,NA,NA,0,NA,8,20,NA,NA,NA,NA,NA,8,40.0%,2.40,5.0%,21.7%,6.20,NA,23.00,171,vs WAS,5,·,19.6,-12.8
11,9480,Brenton Strange,TE,24.8,JAX,999.0,999,999,0,0,0,1,0,0,0,0,0,0.0,0,0,0,0,0,0,0.00,0,0,0,0,0.00,0.00,0,0,0,0,0,0,0,0,0.0,0.0,0,0,0,0,0,NA,0,0,0.0%,NA,NA,NA,0,NA,0,0,NA,NA,NA,NA,NA,0,NA,NA,NA,NA,NA,NA,NA,0,vs LAC,27,IR,IR,IR
11,4033,David Njoku,TE,29.2,CLE,47.0,47,47,1.7,1.2,0.7,1,1,0,55,36,0,0.0,0,0,0,0,0,0,0.00,0,0,0,0,0.00,0.00,1,4,0,0,0,2,3,7,7.0,3.5,0,0,0,7,0,NA,0,0,65.0%,NA,NA,NA,0,NA,0,2,0.000,0.0,17,7.7%,0.41,0,NA,NA,NA,NA,NA,0.000,NA,7,vs BAL,23,·,7.5,-5.8
11,8131,Isaiah Likely,TE,25.4,BAL,35.0,37,38,3.5,2.5,1.5,1,1,1,61,32,0,0.0,0,0,0,0,0,0,0.00,0,0,0,0,0.00,0.00,2,7,0,0,0,3,8,15,7.5,5.0,0,0,0,15,0,NA,0,0,52.0%,NA,NA,NA,0,NA,0,3,0.000,0.0,18,12.0%,0.83,0,NA,NA,NA,NA,NA,0.000,NA,15,@ CLE,21,·,6.0,-2.5
11,10213,Tre Tucker,WR,24.6,LV,16.0,16,15,14.7,12.7,10.7,1,1,1,60,58,0,0.0,0,0,0,0,0,0,0.00,0,0,0,0,0.00,0.00,4,22,0,2,1,8,25,47,11.8,5.9,0,0,0,47,0,NA,0,0,97.0%,NA,NA,NA,0,NA,3,8,0.375,3.0,44,19.0%,1.07,0,NA,NA,NA,NA,NA,0.045,NA,47,vs DAL,1,·,12.0,2.7
11,1479,Keenan Allen,WR,33.4,LAC,38.0,37,38,9.3,7.3,5.3,1,1,0,48,36,0,0.0,0,0,0,0,0,0,0.00,0,0,0,0,0.00,0.00,4,44,1,2,0,6,9,53,13.3,8.8,0,0,0,53,0,NA,0,0,75.0%,NA,NA,NA,0,NA,2,6,0.333,2.0,22,23.1%,2.41,0,NA,NA,NA,NA,NA,0.091,NA,53,@ JAX,10,·,11.2,-1.9
11,7049,Jauan Jennings,WR,28.2,SF,36.0,34,36,9.4,7.4,5.4,1,1,1,55,41,0,0.0,0,0,0,0,0,0,0.00,0,0,0,0,0.00,0.00,4,45,0,3,0,6,9,54,13.5,9.0,0,0,0,54,0,NA,0,0,75.0%,NA,NA,NA,0,NA,3,6,0.500,3.0,24,23.1%,2.25,0,NA,NA,NA,NA,NA,0.125,NA,54,@ ARI,16,·,11.0,-1.6
11,5022,Dallas Goedert,TE,30.7,PHI,32.0,32,28,4.4,3.4,2.4,1,1,1,72,65,0,0.0,0,0,0,0,0,0,0.00,0,0,0,0,0.00,0.00,2,9,2,1,0,5,15,24,12.0,4.8,0,0,0,24,0,NA,0,0,90.0%,NA,NA,NA,0,NA,1,5,0.200,1.0,27,17.9%,0.89,0,NA,NA,NA,NA,NA,0.037,NA,24,vs DET,19,·,10.7,-6.3
11,8132,Tyler Allgeier,RB,25.4,ATL,28.0,30,30,9.6,8.6,7.6,1,1,0,66,14,0,0.0,0,0,0,0,0,0,0.00,10,0,0,0,0.00,0.00,2,-5,0,0,0,2,11,6,3.0,3.0,3,0,0,16,1,10,10,3.33,21.0%,2,3.20,0.667,1,0.987,1,5,0.200,1.0,NA,6.7%,NA,0,NA,NA,NA,NA,NA,NA,NA,16,vs CAR,18,·,8.8,0.8
11,8136,Rachaad White,RB,26.7,TB,36.0,34,34,8.2,7.2,6.2,1,1,1,70,42,0,0.0,0,0,0,0,0,0,0.00,51,0,0,0,0.00,0.00,2,-6,0,0,0,3,17,11,5.5,3.7,10,0,5,62,0,41,51,5.1,60.0%,5,4.10,0.500,5,0.910,5,13,0.385,5.0,NA,10.7%,NA,0,NA,NA,NA,NA,NA,NA,NA,62,@ BUF,6,·,14.9,-6.7
11,2449,Stefon Diggs,WR,31.8,NE,9.0,14,16,19.5,15,10.5,1,1,1,67,46,0,0.0,0,0,0,0,0,0,0.00,0,0,0,0,0.00,0.00,9,74,2,6,0,11,31,105,11.7,9.6,0,0,0,105,0,NA,0,0,69.0%,NA,NA,NA,0,NA,6,11,0.545,6.0,31,32.4%,3.39,0,NA,NA,NA,NA,NA,0.194,NA,105,vs NYJ,23,·,14.9,4.6
11,11576,Braelon Allen,RB,21.7,NYJ,999.0,999,999,0,0,0,1,0,0,0,0,0,0.0,0,0,0,0,0,0,0.00,0,0,0,0,0.00,0.00,0,0,0,0,0,0,0,0,0.0,0.0,0,0,0,0,0,NA,0,0,0.0%,NA,NA,NA,0,NA,0,0,NA,NA,NA,NA,NA,0,NA,NA,NA,NA,NA,NA,NA,0,@ NE,30,IR,IR,IR
11,9508,Tyjae Spears,RB,24.3,TEN,34.0,38,43,8.4,5.9,3.4,1,1,0,59,31,0,0.0,0,0,0,0,0,0,0.00,3,0,0,0,0.00,0.00,5,-15,0,1,0,5,46,31,6.2,6.2,4,0,0,34,0,8,3,0.75,53.0%,5,1.90,1.250,0,1.440,1,9,0.111,1.0,NA,13.5%,NA,0,NA,NA,NA,NA,NA,NA,NA,34,vs HOU,22,·,9.3,-0.9
11,9494,Marvin Mims,WR,23.5,DEN,107.0,107,104,0.2,0.2,0.2,1,1,0,62,15,0,0.0,0,0,0,0,0,0,0.00,2,0,0,0,0.00,0.00,0,0,0,0,0,0,0,0,0.0,0.0,1,0,0,2,0,NA,2,2,24.0%,NA,NA,NA,0,NA,0,1,0.000,0.0,12,0.0%,0.00,0,NA,NA,NA,NA,NA,0.000,NA,2,vs KC,30,·,7.9,-7.7
11,9757,Kendre Miller,RB,23.3,NO,0.0,0,0,0,0,0,0,0,0,0,0,0,0.0,0,0,0,0,0,0,0.00,0,0,0,0,0.00,0.00,0,0,0,0,0,0,0,0,0.0,0.0,0,0,0,0,0,NA,0,0,0.0%,NA,NA,NA,0,NA,0,0,NA,NA,NA,NA,NA,0,NA,NA,NA,NA,NA,NA,NA,0,BYE,BYE,BYE,BYE,BYE
11,12509,Tre Harris,WR,23.6,LAC,87.0,88,86,2.2,1.7,1.2,1,1,1,48,25,0,0.0,0,0,0,0,0,0,0.00,0,0,0,0,0.00,0.00,1,-3,0,0,0,1,15,12,12.0,12.0,0,0,0,12,0,NA,0,0,52.0%,NA,NA,NA,0,NA,0,1,0.000,0.0,16,3.8%,0.75,0,NA,NA,NA,NA,NA,0.000,NA,12,@ JAX,10,·,3.8,-1.6
11,12521,Elijah Arroyo,TE,22.5,SEA,999.0,999,999,0,0,0,1,1,1,84,31,0,0.0,0,0,0,0,0,0,0.00,0,0,0,0,0.00,0.00,0,0,0,0,0,2,0,0,0.0,0.0,0,0,0,0,0,NA,0,0,37.0%,NA,NA,NA,0,NA,0,2,0.000,0.0,NA,NA,NA,0,NA,NA,NA,NA,NA,NA,NA,0,@ LAR,12,·,4.6,-4.6
11,12469,Dylan Sampson,RB,21.0,CLE,58.0,57,54,1.9,1.9,1.9,1,1,0,55,6,0,0.0,0,0,0,0,0,0,0.00,19,0,0,0,0.00,0.00,0,0,0,0,0,1,0,0,0.0,0.0,1,1,1,19,0,21,19,19,11.0%,2,20.90,2.000,1,4.090,1,2,0.500,1.0,NA,3.8%,NA,0,NA,NA,NA,NA,NA,NA,NA,19,vs BAL,7,·,3.4,-1.5
11,11562,Spencer Rattler,QB,25.0,NO,0.0,0,0,0,0,0,0,0,0,0,0,0,0.0,0,0,0,0,0,0,0.00,0,0,0,0,0.00,0.00,0,0,0,0,0,0,0,0,0.0,0.0,0,0,0,0,0,NA,0,0,0.0%,NA,NA,NA,0,NA,0,0,NA,NA,NA,NA,NA,0,NA,NA,NA,NA,NA,NA,NA,0,BYE,BYE,BYE,BYE,BYE
11,11586,Blake Corum,RB,24.8,LAR,61.0,63,67,1.5,1,0.5,1,1,0,51,16,0,0.0,0,0,0,0,0,0,0.00,10,0,0,0,0.00,0.00,1,-6,0,0,0,2,1,-5,-5.0,-2.5,8,0,0,5,0,13,10,1.25,31.0%,0,1.60,0.000,0,0.160,0,10,0.000,0.0,NA,7.1%,NA,0,NA,NA,NA,NA,NA,NA,NA,5,vs SEA,16,·,5.5,-4.0
11,11618,Jalen McMillan,WR,23.8,TB,999.0,999,999,0,0,0,1,0,0,0,0,0,0.0,0,0,0,0,0,0,0.00,0,0,0,0,0.00,0.00,0,0,0,0,0,0,0,0,0.0,0.0,0,0,0,0,0,NA,0,0,0.0%,NA,NA,NA,0,NA,0,0,NA,NA,NA,NA,NA,0,NA,NA,NA,NA,NA,NA,NA,0,@ BUF,19,IR,IR,IR
11,7611,Rhamondre Stevenson,RB,27.6,NE,0.0,0,0,0,0,0,0,0,0,0,0,0,0.0,0,0,0,0,0,0,0.00,0,0,0,0,0.00,0.00,0,0,0,0,0,0,0,0,0.0,0.0,0,0,0,0,0,NA,0,0,0.0%,NA,NA,NA,0,NA,0,0,NA,NA,NA,NA,NA,0,NA,NA,NA,NA,NA,NA,NA,0,vs NYJ,14,OUT,OUT,OUT
11,12510,Jalen Milroe,QB,22.8,SEA,0.0,0,0,0,0,0,0,0,0,0,0,0,0.0,0,0,0,0,0,0,0.00,0,0,0,0,0.00,0.00,0,0,0,0,0,0,0,0,0.0,0.0,0,0,0,0,0,NA,0,0,0.0%,NA,NA,NA,0,NA,0,0,NA,NA,NA,NA,NA,0,NA,NA,NA,NA,NA,NA,NA,0,@ LAR,24,OUT,OUT,OUT
11,8205,Isiah Pacheco,RB,26.6,KC,0.0,0,0,0,0,0,0,0,0,0,0,0,0.0,0,0,0,0,0,0,0.00,0,0,0,0,0.00,0.00,0,0,0,0,0,0,0,0,0.0,0.0,0,0,0,0,0,NA,0,0,0.0%,NA,NA,NA,0,NA,0,0,NA,NA,NA,NA,NA,0,NA,NA,NA,NA,NA,NA,NA,0,@ DEN,26,OUT,OUT,OUT
11,10444,Cedric Tillman,WR,25.4,CLE,40.0,39,39,8.2,6.7,5.2,1,1,1,55,43,0,0.0,0,0,0,0,0,0,0.00,0,0,0,0,0.00,0.00,3,39,0,2,0,4,13,52,17.3,13.0,0,0,0,52,0,NA,0,0,78.0%,NA,NA,NA,0,NA,2,4,0.500,2.0,24,15.4%,2.17,0,NA,NA,NA,NA,NA,0.083,NA,52,vs BAL,5,·,7.2,1.0
11,11646,Jalen Coker,WR,23.9,CAR,24.0,24,25,11.2,9.2,7.2,1,1,0,80,54,0,0.0,0,0,0,0,0,0,0.00,0,0,0,0,0.00,0.00,4,43,0,3,0,4,9,52,13.0,13.0,0,0,0,52,0,NA,0,0,68.0%,NA,NA,NA,0,NA,3,4,0.750,3.0,39,8.9%,1.33,0,NA,NA,NA,NA,NA,0.077,NA,52,@ ATL,25,·,7.5,3.7
11,12536,Jaylin Noel,WR,23.1,HOU,86.0,86,85,2.2,1.7,1.2,1,1,0,70,18,0,0.0,0,0,0,0,0,0,0.00,0,0,0,0,0.00,0.00,1,-4,0,0,0,1,16,12,12.0,12.0,0,0,0,12,0,NA,0,0,26.0%,NA,NA,NA,0,NA,0,1,0.000,0.0,13,2.4%,0.92,0,NA,NA,NA,NA,NA,0.000,NA,12,@ TEN,9,·,4.9,-2.7
11,12541,Dont'e Thornton,WR,22.8,LV,999.0,999,999,0,0,0,1,1,0,60,23,0,0.0,0,0,0,0,0,0,0.00,0,0,0,0,0.00,0.00,0,0,0,0,0,0,0,0,0.0,0.0,0,0,0,0,0,NA,0,0,38.0%,NA,NA,NA,0,NA,0,0,NA,0.0,19,0.0%,0.00,0,NA,NA,NA,NA,NA,0.000,NA,0,vs DAL,1,·,3.3,-3.3
11,3214,Hunter Henry,TE,30.8,NE,13.0,14,14,8.5,6.5,4.5,1,1,1,67,63,0,0.0,0,0,0,0,0,0,0.00,0,0,0,0,0.00,0.00,4,33,0,2,0,6,12,45,11.3,7.5,0,0,0,45,0,NA,0,0,94.0%,NA,NA,NA,0,NA,2,6,0.333,2.0,28,17.6%,1.61,0,NA,NA,NA,NA,NA,0.071,NA,45,vs NYJ,13,·,9.5,-1.0
11,12534,Kyle Monangai,RB,23.3,CHI,23.0,24,24,10.7,10.2,9.7,1,1,0,75,28,0,0.0,0,0,0,0,0,0,0.00,23,0,0,0,0.00,0.00,1,-4,0,0,0,1,18,14,14.0,14.0,12,0,4,37,1,23,23,1.92,37.0%,1,1.90,0.083,5,0.273,5,13,0.385,5.0,NA,3.1%,NA,0,NA,NA,NA,NA,NA,NA,NA,37,@ MIN,20,·,6.9,3.8
11,12486,Dillon Gabriel,QB,24.8,CLE,32.0,32,32,2.92,2.92,2.92,1,1,1,55,27,0,70.0,40,10,7,2,3,0,88.70,70,1,0,68,6.80,9.71,0,0,0,0,0,0,0,0,0.0,0.0,2,0,0,2,0,NA,2,1,49.0%,NA,NA,NA,0,NA,2,12,NA,NA,NA,NA,NA,2,20.0%,2.61,0.0%,33.3%,5.20,NA,12.00,70,vs BAL,9,OUT,15.1,-12.2
11,7090,Darnell Mooney,WR,27.9,ATL,50.0,53,53,6.4,4.9,3.4,1,1,1,66,61,1,0.0,0,0,0,0,0,0,0.00,0,0,0,0,0.00,0.00,3,37,1,2,0,7,-3,34,11.3,4.9,0,0,0,34,0,NA,0,0,92.0%,NA,NA,NA,0,NA,2,7,0.286,2.0,29,23.3%,1.17,0,NA,NA,NA,NA,NA,0.069,NA,34,vs CAR,28,Q,8.4,-2.0
11,5012,Mark Andrews,TE,30.1,BAL,5.0,4,4,15.7,14.2,12.7,1,1,0,61,37,0,0.0,0,0,0,0,0,0,0.00,35,0,0,0,0.00,0.00,3,22,0,3,0,5,10,32,10.7,6.4,1,0,0,67,1,NA,35,35,61.0%,NA,NA,NA,1,NA,4,6,0.667,4.0,19,20.0%,1.68,0,NA,NA,NA,NA,NA,0.158,NA,67,@ CLE,21,·,8.9,6.8
11,12483,Jack Bech,WR,22.8,LV,78.0,76,70,2.9,2.4,1.9,1,1,0,60,9,0,0.0,0,0,0,0,0,0,0.00,0,0,0,0,0.00,0.00,1,2,0,1,0,1,17,19,19.0,19.0,0,0,0,19,0,NA,0,0,15.0%,NA,NA,NA,0,NA,1,1,1.000,1.0,6,2.4%,3.17,0,NA,NA,NA,NA,NA,0.167,NA,19,vs DAL,1,·,2.0,0.9
11,7571,Rashod Bateman,WR,25.8,BAL,0.0,0,0,0,0,0,0,0,0,0,0,0,0.0,0,0,0,0,0,0,0.00,0,0,0,0,0.00,0.00,0,0,0,0,0,0,0,0,0.0,0.0,0,0,0,0,0,NA,0,0,0.0%,NA,NA,NA,0,NA,0,0,NA,NA,NA,NA,NA,0,NA,NA,NA,NA,NA,NA,NA,0,@ CLE,18,OUT,OUT,OUT
11,11655,Tyrone Tracy,RB,25.8,NYG,13.0,14,14,17.9,15.9,13.9,1,1,1,72,37,0,0.0,0,0,0,0,0,0,0.00,88,0,0,0,0.00,0.00,4,-14,0,2,0,4,65,51,12.8,12.8,19,0,4,139,0,38,88,4.63,51.0%,7,2.00,0.368,4,0.568,6,23,0.261,6.0,NA,13.8%,NA,0,NA,NA,NA,NA,NA,NA,NA,139,vs GB,28,·,10.4,7.5
11,7002,Juwan Johnson,TE,29.0,NO,0.0,0,0,0,0,0,0,0,0,0,0,0,0.0,0,0,0,0,0,0,0.00,0,0,0,0,0.00,0.00,0,0,0,0,0,0,0,0,0.0,0.0,0,0,0,0,0,NA,0,0,0.0%,NA,NA,NA,0,NA,0,0,NA,NA,NA,NA,NA,0,NA,NA,NA,NA,NA,NA,NA,0,BYE,BYE,BYE,BYE,BYE
11,12457,Jaydon Blue,RB,21.7,DAL,0.0,0,0,0,0,0,0,0,0,0,0,0,0.0,0,0,0,0,0,0,0.00,0,0,0,0,0.00,0.00,0,0,0,0,0,0,0,0,0.0,0.0,0,0,0,0,0,NA,0,0,0.0%,NA,NA,NA,0,NA,0,0,NA,NA,NA,NA,NA,0,NA,NA,NA,NA,NA,NA,NA,0,@ LV,17,·,1.2,-1.2
11,1466,Travis Kelce,TE,36.0,KC,3.0,3,3,24.1,19.6,15.1,1,1,1,70,55,0,0.0,0,0,0,0,0,0,0.00,0,0,0,0,0.00,0.00,9,26,1,4,1,13,65,91,10.1,7.0,0,0,0,91,0,NA,0,0,79.0%,NA,NA,NA,0,NA,5,13,0.385,5.0,38,28.9%,2.39,0,NA,NA,NA,NA,NA,0.105,NA,91,@ DEN,25,·,11.0,13.1
11,4199,Aaron Jones,RB,30.8,MIN,22.0,26,29,11.1,9.6,8.1,1,1,1,55,37,1,0.0,0,0,0,0,0,0,0.00,70,0,0,0,0.00,0.00,3,0,1,1,0,6,11,11,3.7,1.8,16,1,3,81,0,46,70,4.38,67.0%,0,2.90,0.000,3,0.290,4,22,0.182,4.0,NA,18.8%,NA,0,NA,NA,NA,NA,NA,NA,NA,81,vs CHI,15,·,13.3,-2.2
11,8167,Christian Watson,WR,26.4,GB,6.0,5,4,20.6,18.6,16.6,1,1,1,55,43,0,0.0,0,0,0,0,0,0,0.00,0,0,0,0,0.00,0.00,4,44,0,2,2,5,2,46,11.5,9.2,0,0,0,46,0,NA,0,0,78.0%,NA,NA,NA,0,NA,4,5,0.800,4.0,22,19.2%,2.09,0,NA,NA,NA,NA,NA,0.091,NA,46,@ NYG,7,·,8.6,12.0
11,4981,Calvin Ridley,WR,30.8,TEN,84.0,84,82,2.3,1.8,1.3,1,1,1,59,1,0,0.0,0,0,0,0,0,0,0.00,0,0,0,0,0.00,0.00,1,8,0,1,0,1,5,13,13.0,13.0,0,0,0,13,0,NA,0,0,2.0%,NA,NA,NA,0,NA,1,1,1.000,1.0,1,2.7%,13.00,0,NA,NA,NA,NA,NA,1.000,NA,13,vs HOU,27,OUT,9.2,-6.9
11,11597,Theo Johnson,TE,24.6,NYG,21.0,20,20,6.6,5.1,3.6,1,1,1,72,66,0,0.0,0,0,0,0,0,0,0.00,0,0,0,0,0.00,0.00,3,31,0,2,0,4,5,36,12.0,9.0,0,0,0,36,0,NA,0,0,92.0%,NA,NA,NA,0,NA,2,4,0.500,2.0,26,13.8%,1.38,0,NA,NA,NA,NA,NA,0.077,NA,36,vs GB,14,·,9.0,-2.4
11,12487,Terrance Ferguson,TE,22.6,LAR,999.0,999,999,0,0,0,1,1,0,51,15,0,0.0,0,0,0,0,0,0,0.00,0,0,0,0,0.00,0.00,0,0,0,0,0,0,0,0,0.0,0.0,0,0,0,0,0,NA,0,0,29.0%,NA,NA,NA,0,NA,0,0,NA,0.0,NA,NA,NA,0,NA,NA,NA,NA,NA,NA,NA,0,vs SEA,16,·,1.8,-1.8
11,12493,Oronde Gadsden,TE,22.3,LAC,26.0,21,17,6.1,5.1,4.1,1,1,0,48,42,0,0.0,0,0,0,0,0,0,0.00,0,0,0,0,0.00,0.00,2,31,1,2,0,5,10,41,20.5,8.2,0,0,0,41,0,NA,0,0,88.0%,NA,NA,NA,0,NA,2,5,0.400,2.0,24,19.2%,1.71,0,NA,NA,NA,NA,NA,0.083,NA,41,@ JAX,2,·,11.3,-5.2
11,12503,Isaiah Bond,WR,21.5,CLE,105.0,103,97,0.8,0.8,0.8,1,1,0,55,23,0,0.0,0,0,0,0,0,0,0.00,8,0,0,0,0.00,0.00,0,0,0,0,0,1,0,0,0.0,0.0,1,0,0,8,0,NA,8,8,42.0%,NA,NA,NA,0,NA,0,2,0.000,0.0,14,3.8%,0.00,0,NA,NA,NA,NA,NA,0.000,NA,8,vs BAL,5,·,1.2,-0.4
11,12471,DJ Giddens,RB,22.1,IND,0.0,0,0,0,0,0,0,0,0,0,0,0,0.0,0,0,0,0,0,0,0.00,0,0,0,0,0.00,0.00,0,0,0,0,0,0,0,0,0.0,0.0,0,0,0,0,0,NA,0,0,0.0%,NA,NA,NA,0,NA,0,0,NA,NA,NA,NA,NA,0,NA,NA,NA,NA,NA,NA,NA,0,BYE,BYE,BYE,BYE,BYE
11,12547,Kyle Williams,WR,22.9,NE,999.0,999,999,0,0,0,1,1,0,67,45,0,0.0,0,0,0,0,0,0,0.00,0,0,0,0,0.00,0.00,0,0,0,0,0,3,0,0,0.0,0.0,0,0,0,0,0,NA,0,0,67.0%,NA,NA,NA,0,NA,0,3,0.000,0.0,27,8.8%,0.00,0,NA,NA,NA,NA,NA,0.000,NA,0,vs NYJ,23,·,4.5,-4.5
11,11600,Ja'Tavion Sanders,TE,22.5,CAR,25.0,25,32,6.2,4.2,2.2,1,1,0,80,38,0,0.0,0,0,0,0,0,0,0.00,0,0,0,0,0.00,0.00,4,10,0,1,0,4,12,22,5.5,5.5,0,0,0,22,0,NA,0,0,48.0%,NA,NA,NA,0,NA,1,4,0.250,1.0,21,8.9%,1.05,0,NA,NA,NA,NA,NA,0.048,NA,22,@ ATL,31,·,5.8,0.4
11,5848,Marquise Brown,WR,28.3,KC,42.0,45,50,8,6,4,1,1,0,70,30,0,0.0,0,0,0,0,0,0,0.00,0,0,0,0,0.00,0.00,4,28,0,1,0,4,12,40,10.0,10.0,0,0,0,40,0,NA,0,0,43.0%,NA,NA,NA,0,NA,1,4,0.250,1.0,19,8.9%,2.11,0,NA,NA,NA,NA,NA,0.053,NA,40,@ DEN,32,·,5.5,2.5
11,1373,Geno Smith,QB,35.0,LV,15.0,15,15,13.92,13.92,13.92,1,1,1,60,60,0,64.3,87,42,27,11,15,1,77.30,252,4,1,238,5.67,8.81,0,0,0,0,0,0,0,0,0.0,0.0,4,0,1,14,0,NA,14,3.5,100.0%,NA,NA,NA,1,NA,13,46,NA,NA,NA,NA,NA,12,28.6%,2.76,7.1%,30.6%,5.30,NA,49.00,252,vs DAL,1,·,21.8,-7.9
11,8154,Brian Robinson,RB,26.5,SF,56.0,52,51,2.4,2.4,2.4,1,1,0,55,16,0,0.0,0,0,0,0,0,0,0.00,24,0,0,0,0.00,0.00,0,0,0,0,0,1,0,0,0.0,0.0,8,0,1,24,0,26,24,3,29.0%,0,3.30,0.000,1,0.330,1,9,0.111,1.0,NA,3.8%,NA,0,NA,NA,NA,NA,NA,NA,NA,24,@ ARI,12,·,4.0,-1.6
11,8188,Tyquan Thornton,WR,25.1,KC,48.0,43,32,7.1,6.6,6.1,1,1,0,70,16,0,0.0,0,0,0,0,0,0,0.00,0,0,0,0,0.00,0.00,1,45,0,1,0,2,16,61,61.0,30.5,0,0,0,61,0,NA,0,0,23.0%,NA,NA,NA,0,NA,1,2,0.500,1.0,14,4.4%,4.36,0,NA,NA,NA,NA,NA,0.071,NA,61,@ DEN,32,·,1.3,5.8
11,8111,Cade Otton,TE,26.4,TB,28.0,27,24,4.8,3.8,2.8,1,1,1,70,68,0,0.0,0,0,0,0,0,0,0.00,0,0,0,0,0.00,0.00,2,20,0,1,0,5,8,28,14.0,5.6,0,0,0,28,0,NA,0,0,97.0%,NA,NA,NA,0,NA,1,5,0.200,1.0,29,17.9%,0.97,0,NA,NA,NA,NA,NA,0.034,NA,28,@ BUF,32,·,9.1,-4.3
11,12455,Brashard Smith,RB,22.5,KC,54.0,58,64,2.8,1.8,0.8,1,1,0,70,12,0,0.0,0,0,0,0,0,0,0.00,0,0,0,0,0.00,0.00,2,-6,0,0,0,3,14,8,4.0,2.7,0,0,0,8,0,0,0,0,17.0%,0,0.00,NA,0,NA,0,3,0.000,0.0,NA,6.7%,NA,0,NA,NA,NA,NA,NA,NA,NA,8,@ DEN,26,·,4.3,-1.5
11,9502,Tank Dell,WR,25.9,HOU,999.0,999,999,0,0,0,1,0,0,0,0,0,0.0,0,0,0,0,0,0,0.00,0,0,0,0,0.00,0.00,0,0,0,0,0,0,0,0,0.0,0.0,0,0,0,0,0,NA,0,0,0.0%,NA,NA,NA,0,NA,0,0,NA,NA,NA,NA,NA,0,NA,NA,NA,NA,NA,NA,NA,0,@ TEN,9,PUP,PUP,PUP
11,7527,Mac Jones,QB,27.1,SF,37.0,37,37,-0.3,-0.3,-0.3,1,1,0,55,5,0,0.0,0,0,0,0,0,0,0.00,-3,0,0,0,0.00,0.00,0,0,0,0,0,0,0,0,0.0,0.0,3,0,0,-3,0,NA,-3,-1,9.0%,NA,NA,NA,0,NA,0,3,NA,NA,NA,NA,NA,0,NA,0.00,0.0%,0.0%,0.00,NA,0.00,-3,@ ARI,27,·,·,·
11,8142,Alec Pierce,WR,25.4,IND,0.0,0,0,0,0,0,0,0,0,0,0,0,0.0,0,0,0,0,0,0,0.00,0,0,0,0,0.00,0.00,0,0,0,0,0,0,0,0,0.0,0.0,0,0,0,0,0,NA,0,0,0.0%,NA,NA,NA,0,NA,0,0,NA,NA,NA,NA,NA,0,NA,NA,NA,NA,NA,NA,NA,0,BYE,BYE,BYE,BYE,BYE
11,11625,Adonai Mitchell,WR,23.0,NYJ,90.0,91,90,2,1.5,1,1,1,0,57,28,0,0.0,0,0,0,0,0,0,0.00,0,0,0,0,0.00,0.00,1,9,2,1,0,6,1,10,10.0,1.7,0,0,0,10,0,NA,0,0,49.0%,NA,NA,NA,0,NA,1,6,0.167,1.0,19,22.2%,0.53,0,NA,NA,NA,NA,NA,0.053,NA,10,@ NE,13,·,2.7,-0.7
11,9486,Dontayvion Wicks,WR,24.3,GB,92.0,93,94,1.9,1.4,0.9,1,1,0,55,31,0,0.0,0,0,0,0,0,0,0.00,0,0,0,0,0.00,0.00,1,6,0,0,0,2,3,9,9.0,4.5,0,0,0,9,0,NA,0,0,56.0%,NA,NA,NA,0,NA,0,2,0.000,0.0,15,7.7%,0.60,0,NA,NA,NA,NA,NA,0.000,NA,9,@ NYG,7,·,5.7,-3.8
11,12492,Pat Bryant,WR,22.8,DEN,19.0,19,20,13.2,10.7,8.2,1,1,1,62,35,0,0.0,0,0,0,0,0,0,0.00,0,0,0,0,0.00,0.00,5,50,0,4,0,6,32,82,16.4,13.7,0,0,0,82,0,NA,0,0,56.0%,NA,NA,NA,0,NA,4,6,0.667,4.0,25,15.8%,3.28,0,NA,NA,NA,NA,NA,0.160,NA,82,vs KC,30,·,2.4,10.8
11,4066,Evan Engram,TE,31.1,DEN,15.0,19,21,7.3,5.3,3.3,1,1,0,62,25,0,0.0,0,0,0,0,0,0,0.00,0,0,0,0,0.00,0.00,4,-3,0,0,0,5,36,33,8.3,6.6,0,0,0,33,0,NA,0,0,40.0%,NA,NA,NA,0,NA,0,5,0.000,0.0,22,13.2%,1.50,0,NA,NA,NA,NA,NA,0.000,NA,33,vs KC,26,·,8.6,-1.3
11,11603,AJ Barner,TE,23.4,SEA,4.0,5,8,17.1,12.1,7.1,1,1,1,84,73,1,0.0,0,0,0,0,0,0,0.00,1,0,0,0,0.00,0.00,10,34,0,4,0,11,36,70,7.0,6.4,2,0,1,71,0,NA,1,0.5,87.0%,NA,NA,NA,1,NA,5,13,0.385,5.0,35,25.0%,2.00,0,NA,NA,NA,NA,NA,0.114,NA,71,@ LAR,12,·,6.9,10.2
11,7567,Kenneth Gainwell,RB,26.5,PIT,5.0,5,5,29.5,26,22.5,1,1,0,65,41,0,0.0,0,0,0,0,0,0,0.00,24,0,0,0,0.00,0.00,7,-23,0,4,2,8,104,81,11.6,10.1,9,1,2,105,0,25,24,2.67,63.0%,2,2.80,0.222,2,0.502,8,17,0.471,8.0,NA,25.8%,NA,0,NA,NA,NA,NA,NA,NA,NA,105,vs CIN,1,·,9.8,19.7
11,96,Aaron Rodgers,QB,41.8,PIT,23.0,23,23,9.44,9.44,9.44,1,1,1,65,37,0,60.0,14,15,9,4,6,0,106.50,124,1,1,116,7.73,12.89,0,0,0,0,0,0,0,0,0.0,0.0,1,0,1,8,0,NA,8,8,57.0%,NA,NA,NA,1,NA,6,16,NA,NA,NA,NA,NA,5,33.3%,3.49,6.7%,29.4%,5.50,NA,17.00,124,vs CIN,4,·,19.8,-10.4
11,11626,Xavier Legette,WR,24.7,CAR,13.0,9,8,18.3,16.3,14.3,1,1,1,80,44,0,0.0,0,0,0,0,0,0,0.00,0,0,0,0,0.00,0.00,4,59,0,2,1,8,24,83,20.8,10.4,0,0,0,83,0,NA,0,0,55.0%,NA,NA,NA,0,NA,3,8,0.375,3.0,31,17.8%,2.68,0,NA,NA,NA,NA,NA,0.065,NA,83,@ ATL,25,·,7.3,11.0
11,4039,Cooper Kupp,WR,32.3,SEA,59.0,62,64,5.3,3.8,2.3,1,1,1,84,68,0,0.0,0,0,0,0,0,0,0.00,0,0,0,0,0.00,0.00,3,17,0,0,0,7,6,23,7.7,3.3,0,0,0,23,0,NA,0,0,81.0%,NA,NA,NA,0,NA,0,7,0.000,0.0,36,15.9%,0.64,0,NA,NA,NA,NA,NA,0.000,NA,23,@ LAR,17,·,8.3,-3.0
11,11610,Malik Washington,WR,24.7,MIA,45.0,47,46,7.2,5.7,4.2,1,1,0,56,28,0,0.0,0,0,0,0,0,0,0.00,0,0,0,0,0.00,0.00,3,15,0,3,0,3,27,42,14.0,14.0,0,0,0,42,0,NA,0,0,50.0%,NA,NA,NA,0,NA,3,3,1.000,3.0,16,15.0%,2.63,0,NA,NA,NA,NA,NA,0.188,NA,42,vs WAS,3,·,9.4,-2.2
11,11583,Jonathon Brooks,RB,22.2,CAR,999.0,999,999,0,0,0,1,0,0,0,0,0,0.0,0,0,0,0,0,0,0.00,0,0,0,0,0.00,0.00,0,0,0,0,0,0,0,0,0.0,0.0,0,0,0,0,0,NA,0,0,0.0%,NA,NA,NA,0,NA,0,0,NA,NA,NA,NA,NA,0,NA,NA,NA,NA,NA,NA,NA,0,@ ATL,4,PUP,PUP,PUP
11,8210,Chigoziem Okonkwo,TE,26.0,TEN,12.0,11,11,8.6,7.1,5.6,1,1,1,59,40,0,0.0,0,0,0,0,0,0,0.00,0,0,0,0,0.00,0.00,3,55,0,2,0,3,1,56,18.7,18.7,0,0,0,56,0,NA,0,0,68.0%,NA,NA,NA,0,NA,2,3,0.667,2.0,24,8.1%,2.33,0,NA,NA,NA,NA,NA,0.083,NA,56,vs HOU,29,·,6.6,2.0
11,12524,Shedeur Sanders,QB,23.6,CLE,33.0,33,33,2.48,2.48,2.48,1,1,0,55,28,1,25.0,31,16,4,2,12,1,13.50,63,2,0,47,2.94,11.75,0,0,0,0,0,0,0,0,0.0,0.0,3,0,1,16,0,NA,16,5.33,51.0%,NA,NA,NA,1,NA,3,19,NA,NA,NA,NA,NA,2,12.5%,3.21,12.5%,52.4%,8.90,NA,21.00,63,vs BAL,9,·,·,·
11,8125,Calvin Austin III,WR,26.5,PIT,101.0,102,103,1.5,1,0.5,1,1,0,65,19,0,0.0,0,0,0,0,0,0,0.00,0,0,0,0,0.00,0.00,1,4,0,0,0,1,1,5,5.0,5.0,0,0,0,5,0,NA,0,0,29.0%,NA,NA,NA,0,NA,0,1,0.000,0.0,11,3.2%,0.45,0,NA,NA,NA,NA,NA,0.000,NA,5,vs CIN,15,·,9.0,-7.5
11,1339,Zach Ertz,TE,34.9,WAS,14.0,15,16,8.2,6.2,4.2,1,1,1,67,50,0,0.0,0,0,0,0,0,0,0.00,0,0,0,0,0.00,0.00,4,38,0,2,0,8,4,42,10.5,5.3,0,0,0,42,0,NA,0,0,75.0%,NA,NA,NA,0,NA,2,8,0.250,2.0,28,26.7%,1.50,0,NA,NA,NA,NA,NA,0.071,NA,42,@ MIA,3,·,10.6,-2.4
11,11575,Ray Davis,RB,25.9,BUF,999.0,999,999,0,0,0,1,1,0,56,1,0,0.0,0,0,0,0,0,0,0.00,0,0,0,0,0.00,0.00,0,0,0,0,0,0,0,0,0.0,0.0,0,0,0,0,0,NA,0,0,2.0%,NA,NA,NA,0,NA,0,0,NA,0.0,NA,NA,NA,0,NA,NA,NA,NA,NA,NA,NA,0,vs TB,10,·,1.8,-1.8
11,9501,Demario Douglas,WR,24.8,NE,54.0,55,56,6.1,4.6,3.1,1,1,0,67,19,0,0.0,0,0,0,0,0,0,0.00,-5,0,0,0,0.00,0.00,3,17,0,2,0,3,19,36,12.0,12.0,1,0,0,31,0,NA,-5,-5,28.0%,NA,NA,NA,0,NA,2,4,0.500,2.0,14,8.8%,2.57,0,NA,NA,NA,NA,NA,0.143,NA,31,vs NYJ,23,·,6.2,-0.1
11,7600,Pat Freiermuth,TE,26.9,PIT,41.0,40,35,2.9,2.4,1.9,1,1,0,65,30,0,0.0,0,0,0,0,0,0,0.00,0,0,0,0,0.00,0.00,1,1,0,1,0,1,18,19,19.0,19.0,0,0,0,19,0,NA,0,0,46.0%,NA,NA,NA,0,NA,1,1,1.000,1.0,13,3.2%,1.46,0,NA,NA,NA,NA,NA,0.077,NA,19,vs CIN,1,·,6.6,-3.7
11,9482,Michael Mayer,TE,24.2,LV,33.0,36,41,4.3,2.8,1.3,1,1,1,60,46,0,0.0,0,0,0,0,0,0,0.00,0,0,0,0,0.00,0.00,3,-1,0,0,0,4,14,13,4.3,3.3,0,0,0,13,0,NA,0,0,77.0%,NA,NA,NA,0,NA,0,4,0.000,0.0,26,9.5%,0.50,0,NA,NA,NA,NA,NA,0.000,NA,13,vs DAL,15,·,6.0,-1.7
11,6826,Cole Kmet,TE,26.6,CHI,10.0,12,15,9.5,7,4.5,1,1,1,75,59,0,0.0,0,0,0,0,0,0,0.00,0,0,0,0,0.00,0.00,5,16,0,1,0,5,29,45,9.0,9.0,0,0,0,45,0,NA,0,0,79.0%,NA,NA,NA,0,NA,1,5,0.200,1.0,22,15.6%,2.05,0,NA,NA,NA,NA,NA,0.045,NA,45,@ MIN,10,·,2.9,6.6
11,12531,Trevor Etienne,RB,21.2,CAR,72.0,72,70,0.2,0.2,0.2,1,1,0,80,4,0,0.0,0,0,0,0,0,0,0.00,2,0,0,0,0.00,0.00,0,0,0,0,0,0,0,0,0.0,0.0,1,0,0,2,0,NA,2,2,5.0%,NA,NA,NA,0,NA,0,1,0.000,0.0,NA,NA,NA,0,NA,NA,NA,NA,NA,NA,NA,2,@ ATL,4,·,0.7,-0.5
11,9229,Anthony Richardson,QB,23.4,IND,0.0,0,0,0,0,0,0,0,0,0,0,0,0.0,0,0,0,0,0,0,0.00,0,0,0,0,0.00,0.00,0,0,0,0,0,0,0,0,0.0,0.0,0,0,0,0,0,NA,0,0,0.0%,NA,NA,NA,0,NA,0,0,NA,NA,NA,NA,NA,0,NA,NA,NA,NA,NA,NA,NA,0,BYE,BYE,BYE,BYE,BYE
11,11650,Luke McCaffrey,WR,24.5,WAS,999.0,999,999,0,0,0,1,0,0,0,0,0,0.0,0,0,0,0,0,0,0.00,0,0,0,0,0.00,0.00,0,0,0,0,0,0,0,0,0.0,0.0,0,0,0,0,0,NA,0,0,0.0%,NA,NA,NA,0,NA,0,0,NA,NA,NA,NA,NA,0,NA,NA,NA,NA,NA,NA,NA,0,@ MIA,29,IR,IR,IR
11,9487,Parker Washington,WR,23.5,JAX,66.0,66,67,4,3,2,1,1,1,71,54,0,0.0,0,0,0,0,0,0,0.00,0,0,0,0,0.00,0.00,2,19,0,2,0,2,1,20,10.0,10.0,0,0,0,20,0,NA,0,0,76.0%,NA,NA,NA,0,NA,2,2,1.000,2.0,20,9.1%,1.00,0,NA,NA,NA,NA,NA,0.100,NA,20,vs LAC,31,·,11.2,-7.2
11,12505,Jalen Royals,WR,22.6,KC,0.0,0,0,0,0,0,0,0,0,0,0,0,0.0,0,0,0,0,0,0,0.00,0,0,0,0,0.00,0.00,0,0,0,0,0,0,0,0,0.0,0.0,0,0,0,0,0,NA,0,0,0.0%,NA,NA,NA,0,NA,0,0,NA,NA,NA,NA,NA,0,NA,NA,NA,NA,NA,NA,NA,0,@ DEN,32,OUT,OUT,OUT
11,4018,Joe Mixon,RB,29.2,HOU,999.0,999,999,0,0,0,1,0,0,0,0,0,0.0,0,0,0,0,0,0,0.00,0,0,0,0,0.00,0.00,0,0,0,0,0,0,0,0,0.0,0.0,0,0,0,0,0,NA,0,0,0.0%,NA,NA,NA,0,NA,0,0,NA,NA,NA,NA,NA,0,NA,NA,NA,NA,NA,NA,NA,0,@ TEN,3,PUP,PUP,PUP
11,12641,Jaylin Lane,WR,23.4,WAS,82.0,82,80,2.3,1.8,1.3,1,1,0,67,10,0,0.0,0,0,0,0,0,0,0.00,0,0,0,0,0.00,0.00,1,12,0,1,0,1,1,13,13.0,13.0,0,0,0,13,0,NA,0,0,15.0%,NA,NA,NA,0,NA,1,1,1.000,1.0,7,3.3%,1.86,0,NA,NA,NA,NA,NA,0.143,NA,13,@ MIA,29,·,6.4,-4.1
11,9511,Keaton Mitchell,RB,23.7,BAL,39.0,36,36,7.4,6.4,5.4,1,1,0,61,16,0,0.0,0,0,0,0,0,0,0.00,31,0,0,0,0.00,0.00,2,-9,1,1,0,3,32,23,11.5,7.7,6,0,1,54,0,8,31,5.17,26.0%,2,1.40,0.333,1,0.473,2,9,0.222,2.0,NA,12.0%,NA,0,NA,NA,NA,NA,NA,NA,NA,54,@ CLE,29,·,5.7,1.7
11,4950,Christian Kirk,WR,28.9,HOU,99.0,99,101,1.6,1.1,0.6,1,1,0,70,36,0,0.0,0,0,0,0,0,0,0.00,0,0,0,0,0.00,0.00,1,4,1,0,0,4,2,6,6.0,1.5,0,0,0,6,0,NA,0,0,51.0%,NA,NA,NA,0,NA,0,4,0.000,0.0,25,9.8%,0.24,0,NA,NA,NA,NA,NA,0.000,NA,6,@ TEN,9,·,5.9,-4.3
11,4137,James Conner,RB,30.4,ARI,999.0,999,999,0,0,0,1,0,0,0,0,0,0.0,0,0,0,0,0,0,0.00,0,0,0,0,0.00,0.00,0,0,0,0,0,0,0,0,0.0,0.0,0,0,0,0,0,NA,0,0,0.0%,NA,NA,NA,0,NA,0,0,NA,NA,NA,NA,NA,0,NA,NA,NA,NA,NA,NA,NA,0,vs SF,25,IR,IR,IR
11,4988,Nick Chubb,RB,29.8,HOU,60.0,59,55,1.7,1.7,1.7,1,1,0,70,18,0,0.0,0,0,0,0,0,0,0.00,17,0,0,0,0.00,0.00,0,0,0,0,0,2,0,0,0.0,0.0,3,0,1,17,0,13,17,5.67,26.0%,2,4.40,0.667,1,1.107,1,5,0.200,1.0,NA,4.9%,NA,0,NA,NA,NA,NA,NA,NA,NA,17,@ TEN,3,·,8.4,-6.7
11,9506,Sean Tucker,RB,23.9,TB,2.0,1,1,34,33,32,1,1,0,70,31,0,0.0,0,0,0,0,0,0,0.00,106,0,0,0,0.00,0.00,2,9,0,0,1,2,25,34,17.0,17.0,19,2,2,140,2,51,106,5.58,44.0%,3,2.70,0.158,4,0.428,5,21,0.238,5.0,NA,7.1%,NA,0,NA,NA,NA,NA,NA,NA,NA,140,@ BUF,6,·,7.2,26.8
11,4144,Jonnu Smith,TE,30.1,PIT,999.0,999,999,0,0,0,1,1,0,65,35,0,0.0,0,0,0,0,0,0,0.00,0,0,0,0,0.00,0.00,0,0,0,0,0,2,0,0,0.0,0.0,0,0,0,0,0,NA,0,0,54.0%,NA,NA,NA,0,NA,0,2,0.000,0.0,16,6.5%,0.00,0,NA,NA,NA,NA,NA,0.000,NA,0,vs CIN,1,·,8.1,-8.1
11,7607,Michael Carter,RB,26.4,ARI,38.0,42,49,7.8,5.3,2.8,1,1,0,77,33,0,0.0,0,0,0,0,0,0,0.00,6,0,0,0,0.00,0.00,5,-2,1,1,0,7,24,22,4.4,3.1,2,0,2,28,0,5,6,3,42.0%,1,2.70,0.500,2,0.770,3,9,0.333,3.0,NA,12.3%,NA,0,NA,NA,NA,NA,NA,NA,NA,28,vs SF,25,·,0.6,7.2
11,11647,Kimani Vidal,RB,24.1,LAC,53.0,54,59,3.2,2.2,1.2,1,1,1,48,25,0,0.0,0,0,0,0,0,0,0.00,13,0,0,0,0.00,0.00,2,-11,0,0,0,2,10,-1,-0.5,-0.5,5,0,1,12,0,17,13,2.6,52.0%,1,3.40,0.200,1,0.540,1,7,0.143,1.0,NA,7.7%,NA,0,NA,NA,NA,NA,NA,NA,NA,12,@ JAX,23,·,17.0,-13.8
11,5001,Dalton Schultz,TE,29.2,HOU,8.0,10,13,11.1,8.1,5.1,1,1,0,70,48,0,0.0,0,0,0,0,0,0,0.00,0,0,0,0,0.00,0.00,6,31,0,1,0,9,20,51,8.5,5.7,0,0,0,51,0,NA,0,0,69.0%,NA,NA,NA,0,NA,1,9,0.111,1.0,33,22.0%,1.55,0,NA,NA,NA,NA,NA,0.030,NA,51,@ TEN,24,·,10.0,1.1
11,11571,Isaiah Davis,RB,23.6,NYJ,63.0,62,60,1.1,1.1,1.1,1,1,0,57,16,0,0.0,0,0,0,0,0,0,0.00,11,0,0,0,0.00,0.00,0,0,0,0,0,1,0,0,0.0,0.0,2,0,1,11,0,11,11,5.5,28.0%,0,5.70,0.000,1,0.570,1,3,0.333,1.0,NA,3.7%,NA,0,NA,NA,NA,NA,NA,NA,NA,11,@ NE,30,·,7.0,-5.9
11,12476,Devin Neal,RB,22.1,NO,0.0,0,0,0,0,0,0,0,0,0,0,0,0.0,0,0,0,0,0,0,0.00,0,0,0,0,0.00,0.00,0,0,0,0,0,0,0,0,0.0,0.0,0,0,0,0,0,NA,0,0,0.0%,NA,NA,NA,0,NA,0,0,NA,NA,NA,NA,NA,0,NA,NA,NA,NA,NA,NA,NA,0,BYE,BYE,BYE,BYE,BYE
11,11643,Jaylen Wright,RB,22.5,MIA,71.0,70,69,0.4,0.4,0.4,1,1,0,56,1,0,0.0,0,0,0,0,0,0,0.00,4,0,0,0,0.00,0.00,0,0,0,0,0,0,0,0,0.0,0.0,1,0,0,4,0,NA,4,4,2.0%,NA,NA,NA,0,NA,0,1,0.000,0.0,NA,NA,NA,0,NA,NA,NA,NA,NA,NA,NA,4,vs WAS,8,·,1.9,-1.5
11,11596,Ben Sinnott,TE,23.3,WAS,0.0,0,0,0,0,0,0,0,0,0,0,0,0.0,0,0,0,0,0,0,0.00,0,0,0,0,0.00,0.00,0,0,0,0,0,0,0,0,0.0,0.0,0,0,0,0,0,NA,0,0,0.0%,NA,NA,NA,0,NA,0,0,NA,NA,NA,NA,NA,0,NA,NA,NA,NA,NA,NA,NA,0,@ MIA,3,OUT,OUT,OUT
11,12545,Tyler Shough,QB,26.0,NO,0.0,0,0,0,0,0,0,0,0,0,0,0,0.0,0,0,0,0,0,0,0.00,0,0,0,0,0.00,0.00,0,0,0,0,0,0,0,0,0.0,0.0,0,0,0,0,0,NA,0,0,0.0%,NA,NA,NA,0,NA,0,0,NA,NA,NA,NA,NA,0,NA,NA,NA,NA,NA,NA,NA,0,BYE,BYE,BYE,BYE,BYE
11,9225,Tank Bigsby,RB,24.1,PHI,51.0,49,44,3.4,3.4,3.4,1,1,0,72,8,0,0.0,0,0,0,0,0,0,0.00,34,0,0,0,0.00,0.00,0,0,0,0,0,0,0,0,0.0,0.0,4,1,1,34,0,18,34,8.5,11.0%,2,4.50,0.500,1,0.950,1,4,0.250,1.0,NA,0.0%,NA,0,NA,NA,NA,NA,NA,NA,NA,34,vs DET,31,·,2.0,1.4
11,11577,Will Shipley,RB,23.1,PHI,999.0,999,999,0,0,0,1,1,0,72,7,0,0.0,0,0,0,0,0,0,0.00,0,0,0,0,0.00,0.00,0,0,0,0,0,0,0,0,0.0,0.0,0,0,0,0,0,NA,0,0,10.0%,NA,NA,NA,0,NA,0,0,NA,0.0,NA,NA,NA,0,NA,NA,NA,NA,NA,NA,NA,0,vs DET,31,·,1.6,-1.6
11,4454,Kendrick Bourne,WR,30.2,SF,999.0,999,999,0,0,0,1,1,0,55,13,0,0.0,0,0,0,0,0,0,0.00,0,0,0,0,0.00,0.00,0,0,0,0,0,0,0,0,0.0,0.0,0,0,0,0,0,NA,0,0,24.0%,NA,NA,NA,0,NA,0,0,NA,0.0,3,0.0%,0.00,0,NA,NA,NA,NA,NA,0.000,NA,0,@ ARI,16,·,4.0,-4.0
11,12485,Tez Johnson,WR,23.4,TB,98.0,98,100,1.6,1.1,0.6,1,1,1,70,58,0,0.0,0,0,0,0,0,0,0.00,0,0,0,0,0.00,0.00,1,6,0,0,0,3,0,6,6.0,2.0,3,0,0,6,0,NA,0,0,83.0%,NA,NA,NA,0,NA,0,6,0.000,0.0,28,10.7%,0.21,0,NA,NA,NA,NA,NA,0.000,NA,6,@ BUF,19,·,9.4,-7.8
11,7670,Joshua Palmer,WR,26.0,BUF,70.0,72,75,3.7,2.7,1.7,1,1,1,56,28,0,0.0,0,0,0,0,0,0,0.00,0,0,0,0,0.00,0.00,2,12,0,1,0,5,5,17,8.5,3.4,0,0,0,17,0,NA,0,0,50.0%,NA,NA,NA,0,NA,1,5,0.200,1.0,14,16.7%,1.21,0,NA,NA,NA,NA,NA,0.071,NA,17,vs TB,14,·,7.6,-3.9
11,7587,Dyami Brown,WR,25.9,JAX,999.0,999,999,0,0,0,1,1,0,71,19,0,0.0,0,0,0,0,0,0,0.00,0,0,0,0,0.00,0.00,0,0,0,0,0,1,0,0,0.0,0.0,0,0,0,0,0,NA,0,0,27.0%,NA,NA,NA,0,NA,0,1,0.000,0.0,6,4.5%,0.00,0,NA,NA,NA,NA,NA,0.000,NA,0,vs LAC,31,·,6.2,-6.2
11,11581,MarShawn Lloyd,RB,24.7,GB,999.0,999,999,0,0,0,1,0,0,0,0,0,0.0,0,0,0,0,0,0,0.00,0,0,0,0,0.00,0.00,0,0,0,0,0,0,0,0,0.0,0.0,0,0,0,0,0,NA,0,0,0.0%,NA,NA,NA,0,NA,0,0,NA,NA,NA,NA,NA,0,NA,NA,NA,NA,NA,NA,NA,0,@ NYG,2,IR,IR,IR
11,10219,Chris Rodriguez,RB,25.0,WAS,29.0,29,28,9.5,9,8.5,1,1,1,67,30,0,0.0,0,0,0,0,0,0,0.00,79,0,0,0,0.00,0.00,1,3,0,0,0,1,3,6,6.0,6.0,15,1,6,85,0,75,79,5.27,45.0%,6,5.00,0.400,6,0.900,6,16,0.375,6.0,NA,3.3%,NA,0,NA,NA,NA,NA,NA,NA,NA,85,@ MIA,9,·,9.0,0.5
11,12543,Tahj Brooks,RB,23.4,CIN,70.0,69,68,0.5,0.5,0.5,1,1,0,66,7,0,0.0,0,0,0,0,0,0,0.00,5,0,0,0,0.00,0.00,0,0,0,0,0,0,0,0,0.0,0.0,1,0,0,5,0,NA,5,5,11.0%,NA,NA,NA,0,NA,0,1,0.000,0.0,NA,NA,NA,0,NA,NA,NA,NA,NA,NA,NA,5,@ PIT,24,·,3.4,-2.9
11,11569,Jarquez Hunter,RB,22.8,LAR,0.0,0,0,0,0,0,0,0,0,0,0,0,0.0,0,0,0,0,0,0,0.00,0,0,0,0,0.00,0.00,0,0,0,0,0,0,0,0,0.0,0.0,0,0,0,0,0,NA,0,0,0.0%,NA,NA,NA,0,NA,0,0,NA,NA,NA,NA,NA,0,NA,NA,NA,NA,NA,NA,NA,0,vs SEA,16,OUT,OUT,OUT
11,10232,Michael Wilson,WR,25.6,ARI,1.0,2,3,33.5,26,18.5,1,1,1,77,65,0,0.0,0,0,0,0,0,0,0.00,0,0,0,0,0.00,0.00,15,152,0,9,0,18,33,185,12.3,10.3,0,0,0,185,0,NA,0,0,82.0%,NA,NA,NA,0,NA,9,18,0.500,9.0,48,31.6%,3.85,0,NA,NA,NA,NA,NA,0.188,NA,185,vs SF,24,·,9.8,23.7
11,5995,Justice Hill,RB,27.9,BAL,0.0,0,0,0,0,0,0,0,0,0,0,0,0.0,0,0,0,0,0,0,0.00,0,0,0,0,0.00,0.00,0,0,0,0,0,0,0,0,0.0,0.0,0,0,0,0,0,NA,0,0,0.0%,NA,NA,NA,0,NA,0,0,NA,NA,NA,NA,NA,0,NA,NA,NA,NA,NA,NA,NA,0,@ CLE,29,OUT,OUT,OUT
11,8180,Jalen Nailor,WR,26.6,MIN,80.0,78,76,2.6,2.1,1.6,1,1,1,55,33,0,0.0,0,0,0,0,0,0,0.00,0,0,0,0,0.00,0.00,1,15,0,1,0,1,1,16,16.0,16.0,0,0,0,16,0,NA,0,0,60.0%,NA,NA,NA,0,NA,1,1,1.000,1.0,20,3.1%,0.80,0,NA,NA,NA,NA,NA,0.050,NA,16,vs CHI,4,·,5.2,-2.6
11,8698,Jake Tonges,TE,26.2,SF,999.0,999,999,0,0,0,1,1,0,55,5,0,0.0,0,0,0,0,0,0,0.00,0,0,0,0,0.00,0.00,0,0,0,0,0,0,0,0,0.0,0.0,0,0,0,0,0,NA,0,0,9.0%,NA,NA,NA,0,NA,0,0,NA,0.0,NA,NA,NA,0,NA,NA,NA,NA,NA,NA,NA,0,@ ARI,18,·,1.2,-1.2
11,8123,Hassan Haskins,RB,25.8,LAC,999.0,999,999,0,0,0,1,0,0,0,0,0,0.0,0,0,0,0,0,0,0.00,0,0,0,0,0.00,0.00,0,0,0,0,0,0,0,0,0.0,0.0,0,0,0,0,0,NA,0,0,0.0%,NA,NA,NA,0,NA,0,0,NA,NA,NA,NA,NA,0,NA,NA,NA,NA,NA,NA,NA,0,@ JAX,23,IR,IR,IR
11,4098,Kareem Hunt,RB,30.1,KC,21.0,19,19,13.2,12.7,12.2,1,1,1,70,56,0,0.0,0,0,0,0,0,0,0.00,59,0,0,0,0.00,0.00,1,-3,0,0,0,2,6,3,3.0,1.5,13,0,2,62,1,52,59,4.54,80.0%,6,4.00,0.462,3,0.862,3,15,0.200,3.0,NA,4.4%,NA,0,NA,NA,NA,NA,NA,NA,NA,62,@ DEN,26,·,10.8,2.4
11,11630,Roman Wilson,WR,24.3,PIT,79.0,77,74,2.7,2.2,1.7,1,1,0,65,37,0,0.0,0,0,0,0,0,0,0.00,0,0,0,0,0.00,0.00,1,15,0,1,0,2,2,17,17.0,8.5,0,0,0,17,0,NA,0,0,57.0%,NA,NA,NA,0,NA,1,2,0.500,1.0,21,6.5%,0.81,0,NA,NA,NA,NA,NA,0.048,NA,17,vs CIN,15,·,5.0,-2.3
11,12540,Chimere Dike,WR,23.8,TEN,74.0,75,78,3.4,2.4,1.4,1,1,1,59,16,1,0.0,0,0,0,0,0,0,0.00,0,0,0,0,0.00,0.00,2,6,0,1,0,3,8,14,7.0,4.7,0,0,0,14,0,NA,0,0,27.0%,NA,NA,NA,0,NA,1,3,0.333,1.0,12,8.1%,1.17,0,NA,NA,NA,NA,NA,0.083,NA,14,vs HOU,27,OUT,7.7,-4.3
11,8117,Jalen Tolbert,WR,26.6,DAL,999.0,999,999,0,0,0,1,1,1,67,12,0,0.0,0,0,0,0,0,0,0.00,0,0,0,0,0.00,0.00,0,0,0,0,0,1,0,0,0.0,0.0,0,0,0,0,0,NA,0,0,18.0%,NA,NA,NA,0,NA,0,1,0.000,0.0,3,3.0%,0.00,0,NA,NA,NA,NA,NA,0.000,NA,0,@ LV,6,·,2.8,-2.8
11,12523,Jimmy Horn,WR,23.0,CAR,999.0,999,999,0,0,0,1,1,0,80,7,0,0.0,0,0,0,0,0,0,0.00,0,0,0,0,0.00,0.00,0,0,0,0,0,0,0,0,0.0,0.0,0,0,0,0,0,NA,0,0,9.0%,NA,NA,NA,0,NA,0,0,NA,0.0,5,0.0%,0.00,0,NA,NA,NA,NA,NA,0.000,NA,0,@ ATL,25,·,2.5,-2.5
11,12670,KeAndre Lambert-Smith,WR,24.0,LAC,0.0,0,0,0,0,0,0,0,0,0,0,0,0.0,0,0,0,0,0,0,0.00,0,0,0,0,0.00,0.00,0,0,0,0,0,0,0,0,0.0,0.0,0,0,0,0,0,NA,0,0,0.0%,NA,NA,NA,0,NA,0,0,NA,NA,NA,NA,NA,0,NA,NA,NA,NA,NA,NA,NA,0,@ JAX,10,OUT,OUT,OUT
11,12502,Gunnar Helm,TE,23.1,TEN,19.0,23,23,6.9,4.9,2.9,1,1,0,59,38,0,0.0,0,0,0,0,0,0,0.00,0,0,0,0,0.00,0.00,4,19,0,2,0,5,10,29,7.3,5.8,0,0,0,29,0,NA,0,0,64.0%,NA,NA,NA,0,NA,2,5,0.400,2.0,20,13.5%,1.45,0,NA,NA,NA,NA,NA,0.100,NA,29,vs HOU,29,·,4.7,2.2
11,11651,Isaac Guerendo,RB,25.2,SF,999.0,999,999,0,0,0,1,0,0,55,0,0,0.0,0,0,0,0,0,0,0.00,0,0,0,0,0.00,0.00,0,0,0,0,0,0,0,0,0.0,0.0,0,0,0,0,0,NA,0,0,0.0%,NA,NA,NA,0,NA,0,0,NA,0.0,NA,NA,NA,0,NA,NA,NA,NA,NA,NA,NA,0,@ ARI,12,·,0.3,-0.3
11,3321,Tyreek Hill,WR,31.6,MIA,999.0,999,999,0,0,0,1,0,0,0,0,0,0.0,0,0,0,0,0,0,0.00,0,0,0,0,0.00,0.00,0,0,0,0,0,0,0,0,0.0,0.0,0,0,0,0,0,NA,0,0,0.0%,NA,NA,NA,0,NA,0,0,NA,NA,NA,NA,NA,0,NA,NA,NA,NA,NA,NA,NA,0,vs WAS,3,IR,IR,IR
11,11557,Joe Milton,QB,25.6,DAL,999.0,999,999,0,0,0,1,0,0,67,0,0,0.0,0,0,0,0,0,0,0.00,0,0,0,0,0.00,0.00,0,0,0,0,0,0,0,0,0.0,0.0,0,0,0,0,0,NA,0,0,0.0%,NA,NA,NA,0,NA,0,0,NA,NA,NA,NA,NA,0,NA,NA,NA,NA,NA,NA,NA,0,@ LV,19,·,·,·
11,7828,Noah Gray,TE,26.4,KC,40.0,41,43,2.9,1.9,0.9,1,1,0,70,36,0,0.0,0,0,0,0,0,0,0.00,0,0,0,0,0.00,0.00,2,-5,0,2,0,3,14,9,4.5,3.0,0,0,0,9,0,NA,0,0,51.0%,NA,NA,NA,0,NA,2,3,0.667,2.0,20,6.7%,0.45,0,NA,NA,NA,NA,NA,0.100,NA,9,@ DEN,25,·,2.4,0.5
11,6149,Darius Slayton,WR,28.7,NYG,0.0,0,0,0,0,0,0,0,0,0,0,0,0.0,0,0,0,0,0,0,0.00,0,0,0,0,0.00,0.00,0,0,0,0,0,0,0,0,0.0,0.0,0,0,0,0,0,NA,0,0,0.0%,NA,NA,NA,0,NA,0,0,NA,NA,NA,NA,NA,0,NA,NA,NA,NA,NA,NA,NA,0,vs GB,21,OUT,OUT,OUT
11,10218,Xavier Hutchinson,WR,25.3,HOU,44.0,46,44,7.2,5.7,4.2,1,1,0,70,37,0,0.0,0,0,0,0,0,0,0.00,0,0,0,0,0.00,0.00,3,30,0,2,0,5,12,42,14.0,8.4,0,0,0,42,0,NA,0,0,53.0%,NA,NA,NA,0,NA,2,5,0.400,2.0,23,12.2%,1.83,0,NA,NA,NA,NA,NA,0.087,NA,42,@ TEN,9,·,5.7,1.5
11,9481,Luke Musgrave,TE,25.1,GB,55.0,54,55,0.9,0.4,-0.1,1,1,0,55,19,1,0.0,0,0,0,0,0,0,0.00,0,0,0,0,0.00,0.00,1,1,0,0,0,2,-2,-1,-1.0,-0.5,0,0,0,-1,0,NA,0,0,35.0%,NA,NA,NA,0,NA,0,2,0.000,0.0,7,7.7%,-0.14,0,NA,NA,NA,NA,NA,0.000,NA,-1,@ NYG,20,·,7.0,-6.1
11,5857,Noah Fant,TE,27.8,CIN,22.0,26,37,6.6,4.1,1.6,1,1,1,66,32,1,0.0,0,0,0,0,0,0,0.00,0,0,0,0,0.00,0.00,5,10,0,1,0,6,26,36,7.2,6.0,0,0,0,36,0,NA,0,0,48.0%,NA,NA,NA,0,NA,1,6,0.167,1.0,17,15.0%,2.12,0,NA,NA,NA,NA,NA,0.059,NA,36,@ PIT,4,·,6.7,-0.1
11,5906,Dawson Knox,TE,28.9,BUF,38.0,34,31,3.3,2.8,2.3,1,1,1,56,43,0,0.0,0,0,0,0,0,0,0.00,0,0,0,0,0.00,0.00,1,17,0,1,0,3,6,23,23.0,7.7,0,0,0,23,0,NA,0,0,77.0%,NA,NA,NA,0,NA,1,3,0.333,1.0,26,10.0%,0.88,0,NA,NA,NA,NA,NA,0.038,NA,23,vs TB,22,·,7.5,-4.2
11,12482,Savion Williams,WR,23.8,GB,64.0,61,54,4.3,3.8,3.3,1,1,0,55,2,0,0.0,0,0,0,0,0,0,0.00,0,0,0,0,0.00,0.00,1,33,0,1,0,1,0,33,33.0,33.0,0,0,0,33,0,NA,0,0,4.0%,NA,NA,NA,0,NA,1,1,1.000,1.0,2,3.8%,16.50,0,NA,NA,NA,NA,NA,0.500,NA,33,@ NYG,7,·,1.1,3.2
11,7528,Najee Harris,RB,27.6,LAC,999.0,999,999,0,0,0,1,0,0,0,0,0,0.0,0,0,0,0,0,0,0.00,0,0,0,0,0.00,0.00,0,0,0,0,0,0,0,0,0.0,0.0,0,0,0,0,0,NA,0,0,0.0%,NA,NA,NA,0,NA,0,0,NA,NA,NA,NA,NA,0,NA,NA,NA,NA,NA,NA,NA,0,@ JAX,23,IR,IR,IR
11,12544,LeQuint Allen,RB,21.2,JAX,50.0,48,42,3.6,3.6,3.6,1,1,0,71,14,0,0.0,0,0,0,0,0,0,0.00,36,0,0,0,0.00,0.00,0,0,0,0,0,0,0,0,0.0,0.0,8,2,2,36,0,25,36,4.5,20.0%,3,3.10,0.375,2,0.685,2,8,0.250,2.0,NA,0.0%,NA,0,NA,NA,NA,NA,NA,NA,NA,36,vs LAC,19,·,2.9,0.7
11,8143,Jerome Ford,RB,26.0,CLE,74.0,74,72,0.2,0.2,0.2,1,1,0,55,17,0,0.0,0,0,0,0,0,0,0.00,2,0,0,0,0.00,0.00,0,0,0,0,0,0,0,0,0.0,0.0,1,0,0,2,0,NA,2,2,31.0%,NA,NA,NA,0,NA,0,1,0.000,0.0,NA,NA,NA,0,NA,NA,NA,NA,NA,NA,NA,2,vs BAL,7,·,5.5,-5.3
11,12467,Jordan James,RB,21.5,SF,0.0,0,0,0,0,0,0,0,0,0,0,0,0.0,0,0,0,0,0,0,0.00,0,0,0,0,0.00,0.00,0,0,0,0,0,0,0,0,0.0,0.0,0,0,0,0,0,NA,0,0,0.0%,NA,NA,NA,0,NA,0,0,NA,NA,NA,NA,NA,0,NA,NA,NA,NA,NA,NA,NA,0,@ ARI,12,OUT,OUT,OUT
11,11623,Jordan Whittington,WR,25.0,LAR,91.0,92,92,1.9,1.4,0.9,1,1,0,51,25,0,0.0,0,0,0,0,0,0,0.00,0,0,0,0,0.00,0.00,1,3,0,0,0,1,6,9,9.0,9.0,0,0,0,9,0,NA,0,0,49.0%,NA,NA,NA,0,NA,0,1,0.000,0.0,16,3.6%,0.56,0,NA,NA,NA,NA,NA,0.000,NA,9,vs SEA,12,·,4.5,-2.6
11,3161,Carson Wentz,QB,32.7,MIN,999.0,999,999,0,0,0,1,0,0,0,0,0,0.0,0,0,0,0,0,0,0.00,0,0,0,0,0.00,0.00,0,0,0,0,0,0,0,0,0.0,0.0,0,0,0,0,0,NA,0,0,0.0%,NA,NA,NA,0,NA,0,0,NA,NA,NA,NA,NA,0,NA,NA,NA,NA,NA,NA,NA,0,vs CHI,3,IR,IR,IR
11,19,Joe Flacco,QB,40.7,CIN,21.0,21,21,10.86,10.86,10.86,1,1,1,66,66,0,57.5,102,40,23,8,17,1,68.60,198,1,1,199,4.97,8.65,0,0,0,0,0,0,0,0,0.0,0.0,1,0,0,-1,0,NA,-1,-1,100.0%,NA,NA,NA,0,NA,9,41,NA,NA,NA,NA,NA,9,22.5%,2.79,10.0%,31.7%,7.10,NA,41.00,198,@ PIT,7,·,17.1,-6.2
11,7562,Tutu Atwell,WR,26.0,LAR,999.0,999,999,0,0,0,1,0,0,0,0,0,0.0,0,0,0,0,0,0,0.00,0,0,0,0,0.00,0.00,0,0,0,0,0,0,0,0,0.0,0.0,0,0,0,0,0,NA,0,0,0.0%,NA,NA,NA,0,NA,0,0,NA,NA,NA,NA,NA,0,NA,NA,NA,NA,NA,NA,NA,0,vs SEA,12,IR,IR,IR
11,10235,Roschon Johnson,RB,24.6,CHI,999.0,999,999,0,0,0,1,0,0,75,0,0,0.0,0,0,0,0,0,0,0.00,0,0,0,0,0.00,0.00,0,0,0,0,0,0,0,0,0.0,0.0,0,0,0,0,0,NA,0,0,0.0%,NA,NA,NA,0,NA,0,0,NA,0.0,NA,NA,NA,0,NA,NA,NA,NA,NA,NA,NA,0,@ MIN,20,·,0.4,-0.4
11,10226,Andrei Iosivas,WR,26.0,CIN,61.0,64,68,5,3.5,2,1,1,0,66,49,0,0.0,0,0,0,0,0,0,0.00,0,0,0,0,0.00,0.00,3,16,0,2,0,4,4,20,6.7,5.0,0,0,0,20,0,NA,0,0,74.0%,NA,NA,NA,0,NA,2,4,0.500,2.0,31,10.0%,0.65,0,NA,NA,NA,NA,NA,0.065,NA,20,@ PIT,2,·,5.7,-0.7
11,12511,Will Howard,QB,24.0,PIT,0.0,0,0,0,0,0,0,0,0,0,0,0,0.0,0,0,0,0,0,0,0.00,0,0,0,0,0.00,0.00,0,0,0,0,0,0,0,0,0.0,0.0,0,0,0,0,0,NA,0,0,0.0%,NA,NA,NA,0,NA,0,0,NA,NA,NA,NA,NA,0,NA,NA,NA,NA,NA,NA,NA,0,vs CIN,4,OUT,OUT,OUT
11,8917,KaVontae Turpin,WR,29.2,DAL,104.0,105,999,1,0.5,0,1,1,0,67,23,0,0.0,0,0,0,0,0,0,0.00,0,0,0,0,0.00,0.00,1,-3,1,0,0,2,3,0,0.0,0.0,0,0,0,0,0,NA,0,0,34.0%,NA,NA,NA,0,NA,0,2,0.000,0.0,13,6.1%,0.00,0,NA,NA,NA,NA,NA,0.000,NA,0,@ LV,6,·,4.9,-3.9
11,11783,Ryan Flournoy,WR,25.9,DAL,46.0,41,28,7.2,6.7,6.2,1,1,1,67,29,0,0.0,0,0,0,0,0,0,0.00,0,0,0,0,0.00,0.00,1,2,0,0,1,1,0,2,2.0,2.0,0,0,0,2,0,NA,0,0,43.0%,NA,NA,NA,0,NA,1,1,1.000,1.0,9,3.0%,0.22,0,NA,NA,NA,NA,NA,0.000,NA,2,@ LV,6,·,2.8,4.4
11,11435,Emanuel Wilson,RB,26.4,GB,19.0,17,17,13.9,13.4,12.9,1,1,0,55,39,0,0.0,0,0,0,0,0,0,0.00,40,0,0,0,0.00,0.00,1,1,0,0,0,1,8,9,9.0,9.0,11,2,1,49,1,21,40,3.64,71.0%,4,1.90,0.364,2,0.554,2,12,0.167,2.0,NA,3.8%,NA,0,NA,NA,NA,NA,NA,NA,NA,49,@ NYG,2,·,5.7,8.2
11,8119,Jahan Dotson,WR,25.5,PHI,51.0,50,43,6.3,5.3,4.3,1,1,0,72,23,0,0.0,0,0,0,0,0,0,0.00,0,0,0,0,0.00,0.00,2,38,0,2,0,2,5,43,21.5,21.5,0,0,0,43,0,NA,0,0,32.0%,NA,NA,NA,0,NA,2,2,1.000,2.0,14,7.1%,3.07,0,NA,NA,NA,NA,NA,0.143,NA,43,vs DET,8,·,2.7,3.6
11,7694,Tommy Tremble,TE,25.3,CAR,23.0,16,12,6.4,5.9,5.4,1,1,1,80,46,0,0.0,0,0,0,0,0,0,0.00,0,0,0,0,0.00,0.00,1,4,1,1,0,2,50,54,54.0,27.0,0,0,0,54,0,NA,0,0,58.0%,NA,NA,NA,0,NA,1,2,0.500,1.0,18,4.4%,3.00,0,NA,NA,NA,NA,NA,0.056,NA,54,@ ATL,31,·,3.0,3.4
11,9497,Jalin Hyatt,WR,24.0,NYG,68.0,69,71,3.8,2.8,1.8,1,1,0,72,44,0,0.0,0,0,0,0,0,0,0.00,0,0,0,0,0.00,0.00,2,18,0,1,0,4,0,18,9.0,4.5,0,0,0,18,0,NA,0,0,61.0%,NA,NA,NA,0,NA,1,4,0.250,1.0,26,13.8%,0.69,0,NA,NA,NA,NA,NA,0.038,NA,18,vs GB,21,·,3.6,0.2
11,12500,Quinn Ewers,QB,22.4,MIA,0.0,0,0,0,0,0,0,0,0,0,0,0,0.0,0,0,0,0,0,0,0.00,0,0,0,0,0.00,0.00,0,0,0,0,0,0,0,0,0.0,0.0,0,0,0,0,0,NA,0,0,0.0%,NA,NA,NA,0,NA,0,0,NA,NA,NA,NA,NA,0,NA,NA,NA,NA,NA,NA,NA,0,vs WAS,5,OUT,OUT,OUT
11,11629,Devontez Walker,WR,24.3,BAL,999.0,999,999,0,0,0,1,1,0,61,9,0,0.0,0,0,0,0,0,0,0.00,0,0,0,0,0.00,0.00,0,0,0,0,0,0,0,0,0.0,0.0,0,0,0,0,0,NA,0,0,15.0%,NA,NA,NA,0,NA,0,0,NA,0.0,5,0.0%,0.00,0,NA,NA,NA,NA,NA,0.000,NA,0,@ CLE,18,·,3.0,-3.0
11,9479,Darnell Washington,TE,24.1,PIT,9.0,8,9,10.7,8.7,6.7,1,1,1,65,46,0,0.0,0,0,0,0,0,0,0.00,0,0,0,0,0.00,0.00,4,9,0,2,0,5,58,67,16.8,13.4,0,0,0,67,0,NA,0,0,71.0%,NA,NA,NA,0,NA,2,5,0.400,2.0,19,16.1%,3.53,0,NA,NA,NA,NA,NA,0.105,NA,67,vs CIN,1,·,4.4,6.3
11,11199,Emari Demercado,RB,26.7,ARI,47.0,51,52,4,3,2,1,1,0,77,14,0,0.0,0,0,0,0,0,0,0.00,8,0,0,0,0.00,0.00,2,-5,0,0,0,3,17,12,6.0,4.0,5,0,1,20,0,6,8,1.6,18.0%,1,1.10,0.200,1,0.310,1,8,0.125,1.0,NA,5.3%,NA,0,NA,NA,NA,NA,NA,NA,NA,20,vs SF,25,·,9.2,-5.2
11,4040,JuJu Smith-Schuster,WR,28.8,KC,999.0,999,999,0,0,0,1,1,1,70,24,0,0.0,0,0,0,0,0,0,0.00,0,0,0,0,0.00,0.00,0,0,0,0,0,0,0,0,0.0,0.0,0,0,0,0,0,NA,0,0,34.0%,NA,NA,NA,0,NA,0,0,NA,0.0,17,0.0%,0.00,0,NA,NA,NA,NA,NA,0.000,NA,0,@ DEN,32,·,4.0,-4.0
11,1426,DeAndre Hopkins,WR,33.3,BAL,88.0,89,87,2.1,1.6,1.1,1,1,1,61,42,0,0.0,0,0,0,0,0,0,0.00,0,0,0,0,0.00,0.00,1,11,0,0,0,4,0,11,11.0,2.8,0,0,0,11,0,NA,0,0,69.0%,NA,NA,NA,0,NA,0,4,0.000,0.0,21,16.0%,0.52,0,NA,NA,NA,NA,NA,0.000,NA,11,@ CLE,18,·,7.0,-4.9
11,6111,Jake Browning,QB,29.5,CIN,999.0,999,999,0,0,0,1,0,0,66,0,0,0.0,0,0,0,0,0,0,0.00,0,0,0,0,0.00,0.00,0,0,0,0,0,0,0,0,0.0,0.0,0,0,0,0,0,NA,0,0,0.0%,NA,NA,NA,0,NA,0,0,NA,NA,NA,NA,NA,0,NA,NA,NA,NA,NA,NA,NA,0,@ PIT,7,·,·,·
11,12542,Efton Chism,WR,23.9,NE,999.0,999,999,0,0,0,1,1,0,67,5,0,0.0,0,0,0,0,0,0,0.00,0,0,0,0,0.00,0.00,0,0,0,0,0,0,0,0,0.0,0.0,0,0,0,0,0,NA,0,0,7.0%,NA,NA,NA,0,NA,0,0,NA,0.0,NA,NA,NA,0,NA,NA,NA,NA,NA,NA,NA,0,vs NYJ,23,·,0.7,-0.7
11,6271,Olamide Zaccheaus,WR,28.2,CHI,999.0,999,999,0,0,0,1,1,0,75,10,0,0.0,0,0,0,0,0,0,0.00,0,0,0,0,0.00,0.00,0,0,0,0,0,0,0,0,0.0,0.0,0,0,0,0,0,NA,0,0,13.0%,NA,NA,NA,0,NA,0,0,NA,0.0,7,0.0%,0.00,0,NA,NA,NA,NA,NA,0.000,NA,0,@ MIN,26,·,7.8,-7.8
11,4219,Jeremy McNichols,RB,29.8,WAS,44.0,46,47,4.9,3.9,2.9,1,1,0,67,17,0,0.0,0,0,0,0,0,0,0.00,13,0,0,0,0.00,0.00,2,-4,0,1,0,2,20,16,8.0,8.0,4,0,0,29,0,8,13,3.25,25.0%,2,2.10,0.500,0,0.710,1,6,0.167,1.0,NA,6.7%,NA,0,NA,NA,NA,NA,NA,NA,NA,29,@ MIA,9,·,6.3,-1.4
11,2307,Marcus Mariota,QB,31.9,WAS,9.0,9,9,16.42,16.42,16.42,1,1,1,67,66,0,66.7,87,30,20,9,10,1,84.40,262,1,1,213,7.10,10.65,0,0,0,0,0,0,0,0,0.0,0.0,4,0,1,49,0,NA,49,12.25,99.0%,NA,NA,NA,1,NA,11,34,NA,NA,NA,NA,NA,10,33.3%,2.58,10.0%,34.4%,7.30,NA,32.00,262,@ MIA,8,·,20.8,-4.4
11,12496,Tai Felton,WR,22.5,MIN,999.0,999,999,0,0,0,1,0,0,55,0,0,0.0,0,0,0,0,0,0,0.00,0,0,0,0,0.00,0.00,0,0,0,0,0,0,0,0,0.0,0.0,0,0,0,0,0,NA,0,0,0.0%,NA,NA,NA,0,NA,0,0,NA,0.0,NA,NA,NA,0,NA,NA,NA,NA,NA,NA,NA,0,vs CHI,4,·,0.1,-0.1
11,7596,Elijah Moore,WR,25.5,BUF,0.0,0,0,0,0,0,0,0,0,0,0,0,0.0,0,0,0,0,0,0,0.00,0,0,0,0,0.00,0.00,0,0,0,0,0,0,0,0,0.0,0.0,0,0,0,0,0,NA,0,0,0.0%,NA,NA,NA,0,NA,0,0,NA,NA,NA,NA,NA,0,NA,NA,NA,NA,NA,NA,NA,0,vs TB,14,OUT,OUT,OUT
11,11619,Ja'Lynn Polk,WR,23.5,NO,0.0,0,0,0,0,0,0,0,0,0,0,0,0.0,0,0,0,0,0,0,0.00,0,0,0,0,0.00,0.00,0,0,0,0,0,0,0,0,0.0,0.0,0,0,0,0,0,NA,0,0,0.0%,NA,NA,NA,0,NA,0,0,NA,NA,NA,NA,NA,0,NA,NA,NA,NA,NA,NA,NA,0,BYE,BYE,BYE,BYE,BYE
11,9492,Trey Palmer,WR,24.5,NO,0.0,0,0,0,0,0,0,0,0,0,0,0,0.0,0,0,0,0,0,0,0.00,0,0,0,0,0.00,0.00,0,0,0,0,0,0,0,0,0.0,0.0,0,0,0,0,0,NA,0,0,0.0%,NA,NA,NA,0,NA,0,0,NA,NA,NA,NA,NA,0,NA,NA,NA,NA,NA,NA,NA,0,BYE,BYE,BYE,BYE,BYE
11,8161,Malik Willis,QB,26.3,GB,30.0,30,30,5.84,5.84,5.84,1,1,0,55,7,0,100.0,3,2,2,1,0,0,118.80,22,0,1,6,3.00,3.00,0,0,0,0,0,0,0,0,0.0,0.0,1,0,1,16,0,NA,16,16,13.0%,NA,NA,NA,1,NA,3,3,NA,NA,NA,NA,NA,2,100.0%,3.17,0.0%,0.0%,4.90,NA,2.00,22,@ NYG,6,·,·,·
11,11640,Jermaine Burton,WR,24.2,CIN,0.0,0,0,0,0,0,0,0,0,0,0,0,0.0,0,0,0,0,0,0,0.00,0,0,0,0,0.00,0.00,0,0,0,0,0,0,0,0,0.0,0.0,0,0,0,0,0,NA,0,0,0.0%,NA,NA,NA,0,NA,0,0,NA,NA,NA,NA,NA,0,NA,NA,NA,NA,NA,NA,NA,0,@ PIT,2,OUT,OUT,OUT
11,3200,Sterling Shepard,WR,32.6,TB,30.0,31,29,10.1,8.1,6.1,1,1,0,70,46,0,0.0,0,0,0,0,0,0,0.00,7,0,0,0,0.00,0.00,4,50,0,3,0,5,4,54,13.5,10.8,1,0,0,61,0,NA,7,7,66.0%,NA,NA,NA,0,NA,3,6,0.500,3.0,25,17.9%,2.16,0,NA,NA,NA,NA,NA,0.120,NA,61,@ BUF,19,·,6.3,3.8
11,6039,Ty Johnson,RB,28.0,BUF,16.0,16,16,15,14,13,1,1,0,56,18,1,0.0,0,0,0,0,0,0,0.00,9,0,0,0,0.00,0.00,2,-8,0,0,1,2,69,61,30.5,30.5,1,0,0,70,0,7,9,9,32.0%,2,7.10,2.000,0,2.710,1,3,0.333,1.0,NA,6.7%,NA,0,NA,NA,NA,NA,NA,NA,NA,70,vs TB,10,·,5.0,10.0
11,11821,Tahj Washington,WR,24.4,MIA,999.0,999,999,0,0,0,1,1,0,56,2,0,0.0,0,0,0,0,0,0,0.00,0,0,0,0,0.00,0.00,0,0,0,0,0,0,0,0,0.0,0.0,0,0,0,0,0,NA,0,0,4.0%,NA,NA,NA,0,NA,0,0,NA,0.0,1,0.0%,0.00,0,NA,NA,NA,NA,NA,0.000,NA,0,vs WAS,3,·,1.1,-1.1
11,12462,Damien Martinez,RB,21.6,FA,0.0,0,0,0,0,0,0,0,0,0,0,0,0.0,0,0,0,0,0,0,0.00,0,0,0,0,0.00,0.00,0,0,0,0,0,0,0,0,0.0,0.0,0,0,0,0,0,NA,0,0,0.0%,NA,NA,NA,0,NA,0,0,NA,NA,NA,NA,NA,0,NA,NA,NA,NA,NA,NA,NA,0,NA,,·,·,·
11,2306,Jameis Winston,QB,31.7,NYG,20.0,20,20,12.04,12.04,12.04,1,1,1,72,72,1,65.5,112,29,19,10,10,1,71.20,211,2,0,201,6.93,10.58,0,0,0,0,0,0,0,0,0.0,0.0,3,0,1,10,1,NA,10,3.33,100.0%,NA,NA,NA,2,NA,12,32,NA,NA,NA,NA,NA,10,34.5%,2.50,3.4%,48.4%,7.50,NA,31.00,211,vs GB,25,·,18.0,-6.0
11,12520,Xavier Restrepo,WR,23.5,TEN,999.0,999,999,0,0,0,1,0,0,0,0,0,0.0,0,0,0,0,0,0,0.00,0,0,0,0,0.00,0.00,0,0,0,0,0,0,0,0,0.0,0.0,0,0,0,0,0,NA,0,0,0.0%,NA,NA,NA,0,NA,0,0,NA,NA,NA,NA,NA,0,NA,NA,NA,NA,NA,NA,NA,0,vs HOU,27,·,·,·
11,11599,Cade Stover,TE,25.3,HOU,999.0,999,999,0,0,0,1,1,0,70,14,0,0.0,0,0,0,0,0,0,0.00,0,0,0,0,0.00,0.00,0,0,0,0,0,0,0,0,0.0,0.0,0,0,0,0,0,NA,0,0,20.0%,NA,NA,NA,0,NA,0,0,NA,0.0,NA,NA,NA,0,NA,NA,NA,NA,NA,NA,NA,0,@ TEN,24,·,1.2,-1.2
11,2505,Darren Waller,TE,33.0,MIA,999.0,999,999,0,0,0,1,0,0,0,0,0,0.0,0,0,0,0,0,0,0.00,0,0,0,0,0.00,0.00,0,0,0,0,0,0,0,0,0.0,0.0,0,0,0,0,0,NA,0,0,0.0%,NA,NA,NA,0,NA,0,0,NA,NA,NA,NA,NA,0,NA,NA,NA,NA,NA,NA,NA,0,vs WAS,8,IR,IR,IR
11,11616,Jacob Cowing,WR,24.6,SF,999.0,999,999,0,0,0,1,0,0,0,0,0,0.0,0,0,0,0,0,0,0.00,0,0,0,0,0.00,0.00,0,0,0,0,0,0,0,0,0.0,0.0,0,0,0,0,0,NA,0,0,0.0%,NA,NA,NA,0,NA,0,0,NA,NA,NA,NA,NA,0,NA,NA,NA,NA,NA,NA,NA,0,@ ARI,16,IR,IR,IR
11,4993,Mike Gesicki,TE,30.0,CIN,999.0,999,999,0,0,0,1,0,0,0,0,0,0.0,0,0,0,0,0,0,0.00,0,0,0,0,0.00,0.00,0,0,0,0,0,0,0,0,0.0,0.0,0,0,0,0,0,NA,0,0,0.0%,NA,NA,NA,0,NA,0,0,NA,NA,NA,NA,NA,0,NA,NA,NA,NA,NA,NA,NA,0,@ PIT,4,IR,IR,IR
11,12516,Kalel Mullings,RB,23.0,TEN,999.0,999,999,0,0,0,1,0,0,0,0,0,0.0,0,0,0,0,0,0,0.00,0,0,0,0,0.00,0.00,0,0,0,0,0,0,0,0,0.0,0.0,0,0,0,0,0,NA,0,0,0.0%,NA,NA,NA,0,NA,0,0,NA,NA,NA,NA,NA,0,NA,NA,NA,NA,NA,NA,NA,0,vs HOU,22,IR,IR,IR
11,8207,Tyler Goodson,RB,24.9,IND,0.0,0,0,0,0,0,0,0,0,0,0,0,0.0,0,0,0,0,0,0,0.00,0,0,0,0,0.00,0.00,0,0,0,0,0,0,0,0,0.0,0.0,0,0,0,0,0,NA,0,0,0.0%,NA,NA,NA,0,NA,0,0,NA,NA,NA,NA,NA,0,NA,NA,NA,NA,NA,NA,NA,0,BYE,BYE,BYE,BYE,BYE
11,8147,John Metchie,WR,25.2,NYJ,18.0,17,17,13.5,12,10.5,1,1,1,57,47,0,0.0,0,0,0,0,0,0,0.00,0,0,0,0,0.00,0.00,3,32,0,2,1,3,13,45,15.0,15.0,0,0,0,45,0,NA,0,0,82.0%,NA,NA,NA,0,NA,3,3,1.000,3.0,19,11.1%,2.37,0,NA,NA,NA,NA,NA,0.105,NA,45,@ NE,13,·,2.3,11.2
11,12472,Raheim Sanders,RB,23.3,CLE,0.0,0,0,0,0,0,0,0,0,0,0,0,0.0,0,0,0,0,0,0,0.00,0,0,0,0,0.00,0.00,0,0,0,0,0,0,0,0,0.0,0.0,0,0,0,0,0,NA,0,0,0.0%,NA,NA,NA,0,NA,0,0,NA,NA,NA,NA,NA,0,NA,NA,NA,NA,NA,NA,NA,0,vs BAL,7,OUT,OUT,OUT
11,3271,Tyler Higbee,TE,32.7,LAR,37.0,33,30,3.3,2.8,2.3,1,1,1,51,20,0,0.0,0,0,0,0,0,0,0.00,0,0,0,0,0.00,0.00,1,-1,0,1,0,2,24,23,23.0,11.5,0,0,0,23,0,NA,0,0,39.0%,NA,NA,NA,0,NA,1,2,0.500,1.0,12,7.1%,1.92,0,NA,NA,NA,NA,NA,0.083,NA,23,vs SEA,16,·,4.0,-0.7
11,5970,Greg Dortch,WR,27.3,ARI,12.0,11,10,18.6,15.6,12.6,1,1,0,77,52,0,0.0,0,0,0,0,0,0,0.00,0,0,0,0,0.00,0.00,6,25,0,2,1,6,41,66,11.0,11.0,0,0,0,66,0,NA,0,0,66.0%,NA,NA,NA,0,NA,3,6,0.500,3.0,40,10.5%,1.65,0,NA,NA,NA,NA,NA,0.050,NA,66,vs SF,24,·,8.8,9.8
11,5955,Hunter Renfrow,WR,29.8,CAR,0.0,0,0,0,0,0,0,0,0,0,0,0,0.0,0,0,0,0,0,0,0.00,0,0,0,0,0.00,0.00,0,0,0,0,0,0,0,0,0.0,0.0,0,0,0,0,0,NA,0,0,0.0%,NA,NA,NA,0,NA,0,0,NA,NA,NA,NA,NA,0,NA,NA,NA,NA,NA,NA,NA,0,@ ATL,25,OUT,OUT,OUT
11,8129,Dameon Pierce,RB,25.6,HOU,0.0,0,0,0,0,0,0,0,0,0,0,0,0.0,0,0,0,0,0,0,0.00,0,0,0,0,0.00,0.00,0,0,0,0,0,0,0,0,0.0,0.0,0,0,0,0,0,NA,0,0,0.0%,NA,NA,NA,0,NA,0,0,NA,NA,NA,NA,NA,0,NA,NA,NA,NA,NA,NA,NA,0,@ TEN,3,OUT,OUT,OUT
11,11439,Jaleel McLaughlin,RB,25.0,DEN,35.0,31,31,8.4,7.9,7.4,1,1,0,62,8,0,0.0,0,0,0,0,0,0,0.00,19,0,0,0,0.00,0.00,1,-6,0,0,0,1,1,-5,-5.0,-5.0,6,0,1,14,1,15,19,3.17,13.0%,0,2.50,0.000,2,0.250,2,7,0.286,2.0,NA,2.6%,NA,0,NA,NA,NA,NA,NA,NA,NA,14,vs KC,27,·,3.0,5.4
11,12634,Jordan Watkins,WR,23.6,SF,0.0,0,0,0,0,0,0,0,0,0,0,0,0.0,0,0,0,0,0,0,0.00,0,0,0,0,0.00,0.00,0,0,0,0,0,0,0,0,0.0,0.0,0,0,0,0,0,NA,0,0,0.0%,NA,NA,NA,0,NA,0,0,NA,NA,NA,NA,NA,0,NA,NA,NA,NA,NA,NA,NA,0,@ ARI,16,OUT,OUT,OUT
11,10871,Luke Schoonmaker,TE,27.0,DAL,999.0,999,999,0,0,0,1,1,1,67,30,0,0.0,0,0,0,0,0,0,0.00,0,0,0,0,0.00,0.00,0,0,0,0,0,0,0,0,0.0,0.0,0,0,0,0,0,NA,0,0,45.0%,NA,NA,NA,0,NA,0,0,NA,0.0,7,0.0%,0.00,0,NA,NA,NA,NA,NA,0.000,NA,0,@ LV,28,·,1.3,-1.3
11,11834,Devaughn Vele,WR,27.8,NO,0.0,0,0,0,0,0,0,0,0,0,0,0,0.0,0,0,0,0,0,0,0.00,0,0,0,0,0.00,0.00,0,0,0,0,0,0,0,0,0.0,0.0,0,0,0,0,0,NA,0,0,0.0%,NA,NA,NA,0,NA,0,0,NA,NA,NA,NA,NA,0,NA,NA,NA,NA,NA,NA,NA,0,BYE,BYE,BYE,BYE,BYE
11,6151,Miles Sanders,RB,28.4,DAL,999.0,999,999,0,0,0,1,0,0,0,0,0,0.0,0,0,0,0,0,0,0.00,0,0,0,0,0.00,0.00,0,0,0,0,0,0,0,0,0.0,0.0,0,0,0,0,0,NA,0,0,0.0%,NA,NA,NA,0,NA,0,0,NA,NA,NA,NA,NA,0,NA,NA,NA,NA,NA,NA,NA,0,@ LV,17,IR,IR,IR
11,10231,Elijah Higgins,TE,24.9,ARI,53.0,57,57,1.1,0.1,-0.9,1,1,0,77,28,1,0.0,0,0,0,0,0,0,0.00,0,0,0,0,0.00,0.00,2,3,0,0,0,3,8,11,5.5,3.7,0,0,0,11,0,NA,0,0,35.0%,NA,NA,NA,0,NA,0,3,0.000,0.0,22,5.3%,0.50,0,NA,NA,NA,NA,NA,0.000,NA,11,vs SF,5,·,4.7,-3.6
11,12738,Phil Mafah,RB,22.9,DAL,999.0,999,999,0,0,0,1,0,0,0,0,0,0.0,0,0,0,0,0,0,0.00,0,0,0,0,0.00,0.00,0,0,0,0,0,0,0,0,0.0,0.0,0,0,0,0,0,NA,0,0,0.0%,NA,NA,NA,0,NA,0,0,NA,NA,NA,NA,NA,0,NA,NA,NA,NA,NA,NA,NA,0,@ LV,17,IR,IR,IR
11,11579,Audric Estime,RB,22.1,PHI,0.0,0,0,0,0,0,0,0,0,0,0,0,0.0,0,0,0,0,0,0,0.00,0,0,0,0,0.00,0.00,0,0,0,0,0,0,0,0,0.0,0.0,0,0,0,0,0,NA,0,0,0.0%,NA,NA,NA,0,NA,0,0,NA,NA,NA,NA,NA,0,NA,NA,NA,NA,NA,NA,NA,0,vs DET,31,·,·,·
11,6865,Colby Parkinson,TE,26.7,LAR,11.0,9,6,9.4,8.4,7.4,1,1,0,51,35,0,0.0,0,0,0,0,0,0,0.00,0,0,0,0,0.00,0.00,2,-4,0,0,1,2,18,14,7.0,7.0,0,0,0,14,0,NA,0,0,69.0%,NA,NA,NA,0,NA,1,2,0.500,1.0,9,7.1%,1.56,0,NA,NA,NA,NA,NA,0.000,NA,14,vs SEA,16,·,1.1,8.3
11,12515,Donovan Edwards,RB,22.6,WAS,999.0,999,999,0,0,0,1,0,0,0,0,0,0.0,0,0,0,0,0,0,0.00,0,0,0,0,0.00,0.00,0,0,0,0,0,0,0,0,0.0,0.0,0,0,0,0,0,NA,0,0,0.0%,NA,NA,NA,0,NA,0,0,NA,NA,NA,NA,NA,0,NA,NA,NA,NA,NA,NA,NA,0,@ MIA,9,·,·,·
11,8208,Tyler Badie,RB,25.6,DEN,64.0,68,999,1,0.5,0,1,1,0,62,8,0,0.0,0,0,0,0,0,0,0.00,0,0,0,0,0.00,0.00,1,-5,0,0,0,1,5,0,0.0,0.0,0,0,0,0,0,0,0,0,13.0%,0,0.00,NA,0,NA,0,1,0.000,0.0,NA,2.6%,NA,0,NA,NA,NA,NA,NA,NA,NA,0,vs KC,27,·,3.7,-2.7
11,8225,Daniel Bellinger,TE,25.0,NYG,999.0,999,999,0,0,0,1,1,1,72,34,0,0.0,0,0,0,0,0,0,0.00,0,0,0,0,0.00,0.00,0,0,0,0,0,1,0,0,0.0,0.0,0,0,0,0,0,NA,0,0,47.0%,NA,NA,NA,0,NA,0,1,0.000,0.0,8,3.4%,0.00,0,NA,NA,NA,NA,NA,0.000,NA,0,vs GB,14,·,3.0,-3.0
11,12539,Arian Smith,WR,24.0,NYJ,999.0,999,999,0,0,0,1,1,0,57,9,0,0.0,0,0,0,0,0,0,0.00,0,0,0,0,0.00,0.00,0,0,0,0,0,0,0,0,0.0,0.0,0,0,0,0,0,NA,0,0,16.0%,NA,NA,NA,0,NA,0,0,NA,0.0,7,0.0%,0.00,0,NA,NA,NA,NA,NA,0.000,NA,0,@ NE,13,·,2.8,-2.8
11,4234,Noah Brown,WR,29.7,WAS,999.0,999,999,0,0,0,1,0,0,0,0,0,0.0,0,0,0,0,0,0,0.00,0,0,0,0,0.00,0.00,0,0,0,0,0,0,0,0,0.0,0.0,0,0,0,0,0,NA,0,0,0.0%,NA,NA,NA,0,NA,0,0,NA,NA,NA,NA,NA,0,NA,NA,NA,NA,NA,NA,NA,0,@ MIA,29,IR,IR,IR
11,11370,Chris Brooks,RB,25.7,GB,67.0,65,63,0.8,0.8,0.8,1,1,0,55,5,0,0.0,0,0,0,0,0,0,0.00,8,0,0,0,0.00,0.00,0,0,0,0,0,0,0,0,0.0,0.0,1,0,0,8,0,1,8,8,9.0%,0,1.20,0.000,0,0.120,0,1,0.000,0.0,NA,0.0%,NA,0,NA,NA,NA,NA,NA,NA,NA,8,@ NYG,2,·,2.2,-1.4
11,6130,Devin Singletary,RB,28.1,NYG,14.0,11,10,17.7,17.2,16.7,1,1,0,72,35,0,0.0,0,0,0,0,0,0,0.00,44,0,0,0,0.00,0.00,1,-5,0,0,0,1,8,3,3.0,3.0,16,0,2,47,2,29,44,2.75,49.0%,1,1.80,0.063,4,0.243,4,17,0.235,4.0,NA,3.4%,NA,0,NA,NA,NA,NA,NA,NA,NA,47,vs GB,28,·,8.0,9.7
11,6943,Gabriel Davis,WR,26.5,BUF,49.0,49,49,7,5.5,4,1,1,1,56,23,0,0.0,0,0,0,0,0,0,0.00,0,0,0,0,0.00,0.00,3,28,0,3,0,4,12,40,13.3,10.0,0,0,0,40,0,NA,0,0,41.0%,NA,NA,NA,0,NA,3,4,0.750,3.0,13,13.3%,3.08,0,NA,NA,NA,NA,NA,0.231,NA,40,vs TB,14,·,3.6,3.4
11,6945,Antonio Gibson,RB,27.3,NE,999.0,999,999,0,0,0,1,0,0,0,0,0,0.0,0,0,0,0,0,0,0.00,0,0,0,0,0.00,0.00,0,0,0,0,0,0,0,0,0.0,0.0,0,0,0,0,0,NA,0,0,0.0%,NA,NA,NA,0,NA,0,0,NA,NA,NA,NA,NA,0,NA,NA,NA,NA,NA,NA,NA,0,vs NYJ,14,IR,IR,IR
11,4082,Curtis Samuel,WR,29.1,BUF,67.0,68,69,3.9,2.9,1.9,1,1,0,56,28,0,0.0,0,0,0,0,0,0,0.00,0,0,0,0,0.00,0.00,2,17,0,1,0,3,2,19,9.5,6.3,0,0,0,19,0,NA,0,0,50.0%,NA,NA,NA,0,NA,1,3,0.333,1.0,16,10.0%,1.19,0,NA,NA,NA,NA,NA,0.063,NA,19,vs TB,14,·,4.4,-0.5
11,7496,Nick Westbrook-Ikhine,WR,28.5,MIA,999.0,999,999,0,0,0,1,1,0,56,15,0,0.0,0,0,0,0,0,0,0.00,0,0,0,0,0.00,0.00,0,0,0,0,0,0,0,0,0.0,0.0,0,0,0,0,0,NA,0,0,27.0%,NA,NA,NA,0,NA,0,0,NA,0.0,5,0.0%,0.00,0,NA,NA,NA,NA,NA,0.000,NA,0,vs WAS,3,·,5.8,-5.8
11,5096,Ray-Ray McCloud,WR,29.0,ATL,999.0,999,999,0,0,0,1,0,0,0,0,0,0.0,0,0,0,0,0,0,0.00,0,0,0,0,0.00,0.00,0,0,0,0,0,0,0,0,0.0,0.0,0,0,0,0,0,NA,0,0,0.0%,NA,NA,NA,0,NA,0,0,NA,NA,NA,NA,NA,0,NA,NA,NA,NA,NA,NA,NA,0,vs CAR,28,·,4.4,-4.4
11,5010,Will Dissly,TE,29.2,LAC,0.0,0,0,0,0,0,0,0,0,0,0,0,0.0,0,0,0,0,0,0,0.00,0,0,0,0,0.00,0.00,0,0,0,0,0,0,0,0,0.0,0.0,0,0,0,0,0,NA,0,0,0.0%,NA,NA,NA,0,NA,0,0,NA,NA,NA,NA,NA,0,NA,NA,NA,NA,NA,NA,NA,0,@ JAX,2,OUT,OUT,OUT
11,8139,Zamir White,RB,26.0,LV,0.0,0,0,0,0,0,0,0,0,0,0,0,0.0,0,0,0,0,0,0,0.00,0,0,0,0,0.00,0.00,0,0,0,0,0,0,0,0,0.0,0.0,0,0,0,0,0,NA,0,0,0.0%,NA,NA,NA,0,NA,0,0,NA,NA,NA,NA,NA,0,NA,NA,NA,NA,NA,NA,NA,0,vs DAL,5,·,·,·
11,1166,Kirk Cousins,QB,37.1,ATL,34.0,34,34,2.12,2.12,2.12,1,1,0,66,25,0,42.9,24,14,6,3,8,0,52.10,50,0,0,48,3.43,8.00,0,0,0,0,0,0,0,0,0.0,0.0,1,0,1,2,0,NA,2,2,38.0%,NA,NA,NA,1,NA,4,15,NA,NA,NA,NA,NA,3,21.4%,2.80,7.1%,35.7%,8.40,NA,14.00,50,vs CAR,23,·,·,·
11,11633,Jamari Thrash,WR,24.8,CLE,0.0,0,0,0,0,0,0,0,0,0,0,0,0.0,0,0,0,0,0,0,0.00,0,0,0,0,0.00,0.00,0,0,0,0,0,0,0,0,0.0,0.0,0,0,0,0,0,NA,0,0,0.0%,NA,NA,NA,0,NA,0,0,NA,NA,NA,NA,NA,0,NA,NA,NA,NA,NA,NA,NA,0,vs BAL,5,OUT,OUT,OUT
11,8122,Zonovan Knight,RB,24.5,ARI,18.0,21,22,14.5,12.5,10.5,1,1,1,77,32,0,0.0,0,0,0,0,0,0,0.00,24,0,0,0,0.00,0.00,4,-3,0,0,0,4,24,21,5.3,5.3,5,0,0,45,1,18,24,4.8,41.0%,3,3.60,0.600,1,0.960,1,9,0.111,1.0,NA,7.0%,NA,0,NA,NA,NA,NA,NA,NA,NA,45,vs SF,25,·,10.6,3.9
11,7538,Zach Wilson,QB,26.2,MIA,999.0,999,999,0,0,0,1,0,0,56,0,0,0.0,0,0,0,0,0,0,0.00,0,0,0,0,0.00,0.00,0,0,0,0,0,0,0,0,0.0,0.0,0,0,0,0,0,NA,0,0,0.0%,NA,NA,NA,0,NA,0,0,NA,NA,NA,NA,NA,0,NA,NA,NA,NA,NA,NA,NA,0,vs WAS,5,·,·,·
11,11592,Erick All,TE,25.0,CIN,999.0,999,999,0,0,0,1,0,0,0,0,0,0.0,0,0,0,0,0,0,0.00,0,0,0,0,0.00,0.00,0,0,0,0,0,0,0,0,0.0,0.0,0,0,0,0,0,NA,0,0,0.0%,NA,NA,NA,0,NA,0,0,NA,NA,NA,NA,NA,0,NA,NA,NA,NA,NA,NA,NA,0,@ PIT,4,PUP,PUP,PUP
11,10225,Jonathan Mingo,WR,24.4,DAL,0.0,0,0,0,0,0,0,0,0,0,0,0,0.0,0,0,0,0,0,0,0.00,0,0,0,0,0.00,0.00,0,0,0,0,0,0,0,0,0.0,0.0,0,0,0,0,0,NA,0,0,0.0%,NA,NA,NA,0,NA,0,0,NA,NA,NA,NA,NA,0,NA,NA,NA,NA,NA,NA,NA,0,@ LV,6,·,·,·
11,1689,Adam Thielen,WR,35.1,MIN,97.0,97,99,1.6,1.1,0.6,1,1,0,55,8,0,0.0,0,0,0,0,0,0,0.00,0,0,0,0,0.00,0.00,1,5,1,1,0,2,1,6,6.0,3.0,0,0,0,6,0,NA,0,0,15.0%,NA,NA,NA,0,NA,1,2,0.500,1.0,5,6.3%,1.20,0,NA,NA,NA,NA,NA,0.200,NA,6,vs CHI,4,·,1.5,0.1
11,11299,Zavier Scott,RB,26.2,MIN,999.0,999,999,0,0,0,1,0,0,55,0,0,0.0,0,0,0,0,0,0,0.00,0,0,0,0,0.00,0.00,0,0,0,0,0,0,0,0,0.0,0.0,0,0,0,0,0,NA,0,0,0.0%,NA,NA,NA,0,NA,0,0,NA,0.0,NA,NA,NA,0,NA,NA,NA,NA,NA,NA,NA,0,vs CHI,15,·,0.4,-0.4
11,11256,Tyson Bagent,QB,25.3,CHI,999.0,999,999,0,0,0,1,1,0,75,2,0,0.0,0,0,0,0,0,0,0.00,0,0,0,0,0.00,0.00,0,0,0,0,0,0,0,0,0.0,0.0,0,0,0,0,0,NA,0,0,3.0%,NA,NA,NA,0,NA,0,0,NA,NA,NA,NA,NA,0,NA,NA,NA,NA,NA,NA,NA,0,@ MIN,16,·,·,·
11,7601,Rondale Moore,WR,25.3,MIN,999.0,999,999,0,0,0,1,0,0,0,0,0,0.0,0,0,0,0,0,0,0.00,0,0,0,0,0.00,0.00,0,0,0,0,0,0,0,0,0.0,0.0,0,0,0,0,0,NA,0,0,0.0%,NA,NA,NA,0,NA,0,0,NA,NA,NA,NA,NA,0,NA,NA,NA,NA,NA,NA,NA,0,vs CHI,4,IR,IR,IR
11,11645,Javon Baker,WR,23.6,PHI,0.0,0,0,0,0,0,0,0,0,0,0,0,0.0,0,0,0,0,0,0,0.00,0,0,0,0,0.00,0.00,0,0,0,0,0,0,0,0,0.0,0.0,0,0,0,0,0,NA,0,0,0.0%,NA,NA,NA,0,NA,0,0,NA,NA,NA,NA,NA,0,NA,NA,NA,NA,NA,NA,NA,0,vs DET,8,·,·,·
11,8230,Ty Chandler,RB,27.4,MIN,999.0,999,999,0,0,0,1,0,0,0,0,0,0.0,0,0,0,0,0,0,0.00,0,0,0,0,0.00,0.00,0,0,0,0,0,0,0,0,0.0,0.0,0,0,0,0,0,NA,0,0,0.0%,NA,NA,NA,0,NA,0,0,NA,NA,NA,NA,NA,0,NA,NA,NA,NA,NA,NA,NA,0,vs CHI,15,IR,IR,IR
11,3286,Demarcus Robinson,WR,31.0,SF,83.0,83,81,2.3,1.8,1.3,1,1,0,55,27,0,0.0,0,0,0,0,0,0,0.00,0,0,0,0,0.00,0.00,1,12,0,1,0,2,1,13,13.0,6.5,0,0,0,13,0,NA,0,0,49.0%,NA,NA,NA,0,NA,1,2,0.500,1.0,13,7.7%,1.00,0,NA,NA,NA,NA,NA,0.077,NA,13,@ ARI,16,·,1.1,1.2
11,8160,Kenny Pickett,QB,27.3,LV,999.0,999,999,0,0,0,1,0,0,60,0,0,0.0,0,0,0,0,0,0,0.00,0,0,0,0,0.00,0.00,0,0,0,0,0,0,0,0,0.0,0.0,0,0,0,0,0,NA,0,0,0.0%,NA,NA,NA,0,NA,0,0,NA,NA,NA,NA,NA,0,NA,NA,NA,NA,NA,NA,NA,0,vs DAL,1,·,·,·
11,5133,Tyler Conklin,TE,30.2,LAC,999.0,999,999,0,0,0,1,0,0,48,0,0,0.0,0,0,0,0,0,0,0.00,0,0,0,0,0.00,0.00,0,0,0,0,0,0,0,0,0.0,0.0,0,0,0,0,0,NA,0,0,0.0%,NA,NA,NA,0,NA,0,0,NA,0.0,NA,NA,NA,0,NA,NA,NA,NA,NA,NA,NA,0,@ JAX,2,·,1.1,-1.1
11,7561,Elijah Mitchell,RB,27.4,KC,999.0,999,999,0,0,0,1,1,0,70,7,0,0.0,0,0,0,0,0,0,0.00,0,0,0,0,0.00,0.00,0,0,0,0,0,1,0,0,0.0,0.0,0,0,0,0,0,NA,0,0,10.0%,NA,NA,NA,0,NA,0,1,0.000,0.0,NA,NA,NA,0,NA,NA,NA,NA,NA,NA,NA,0,@ DEN,26,·,·,·
11,12470,Riley Leonard,QB,23.0,IND,0.0,0,0,0,0,0,0,0,0,0,0,0,0.0,0,0,0,0,0,0,0.00,0,0,0,0,0.00,0.00,0,0,0,0,0,0,0,0,0.0,0.0,0,0,0,0,0,NA,0,0,0.0%,NA,NA,NA,0,NA,0,0,NA,NA,NA,NA,NA,0,NA,NA,NA,NA,NA,NA,NA,0,BYE,BYE,BYE,BYE,BYE
11,7595,Tylan Wallace,WR,26.4,BAL,999.0,999,999,0,0,0,1,1,1,61,26,0,0.0,0,0,0,0,0,0,0.00,0,0,0,0,0.00,0.00,0,0,0,0,0,1,0,0,0.0,0.0,0,0,0,0,0,NA,0,0,43.0%,NA,NA,NA,0,NA,0,1,0.000,0.0,10,4.0%,0.00,0,NA,NA,NA,NA,NA,0.000,NA,0,@ CLE,18,·,3.8,-3.8
11,11570,Rasheen Ali,RB,24.6,BAL,55.0,55,56,2.5,2,1.5,1,1,0,61,12,0,0.0,0,0,0,0,0,0,0.00,0,0,0,0,0.00,0.00,1,1,0,1,0,1,14,15,15.0,15.0,0,0,0,15,0,0,0,0,20.0%,1,0.00,NA,0,NA,1,1,1.000,1.0,NA,4.0%,NA,0,NA,NA,NA,NA,NA,NA,NA,15,@ CLE,29,·,0.0,2.5
11,10214,Davis Allen,TE,24.6,LAR,999.0,999,999,0,0,0,1,1,0,51,19,0,0.0,0,0,0,0,0,0,0.00,0,0,0,0,0.00,0.00,0,0,0,0,0,0,0,0,0.0,0.0,0,0,0,0,0,NA,0,0,37.0%,NA,NA,NA,0,NA,0,0,NA,0.0,NA,NA,NA,0,NA,NA,NA,NA,NA,NA,NA,0,vs SEA,16,·,1.8,-1.8
11,10867,Jake Bobo,WR,27.2,SEA,0.0,0,0,0,0,0,0,0,0,0,0,0,0.0,0,0,0,0,0,0,0.00,0,0,0,0,0.00,0.00,0,0,0,0,0,0,0,0,0.0,0.0,0,0,0,0,0,NA,0,0,0.0%,NA,NA,NA,0,NA,0,0,NA,NA,NA,NA,NA,0,NA,NA,NA,NA,NA,NA,NA,0,@ LAR,17,OUT,OUT,OUT
11,8162,Sam Howell,QB,25.0,PHI,0.0,0,0,0,0,0,0,0,0,0,0,0,0.0,0,0,0,0,0,0,0.00,0,0,0,0,0.00,0.00,0,0,0,0,0,0,0,0,0.0,0.0,0,0,0,0,0,NA,0,0,0.0%,NA,NA,NA,0,NA,0,0,NA,NA,NA,NA,NA,0,NA,NA,NA,NA,NA,NA,NA,0,vs DET,11,OUT,OUT,OUT
11,6938,Cam Akers,RB,26.3,MIN,999.0,999,999,0,0,0,1,0,0,0,0,0,0.0,0,0,0,0,0,0,0.00,0,0,0,0,0.00,0.00,0,0,0,0,0,0,0,0,0.0,0.0,0,0,0,0,0,NA,0,0,0.0%,NA,NA,NA,0,NA,0,0,NA,NA,NA,NA,NA,0,NA,NA,NA,NA,NA,NA,NA,0,vs CHI,15,·,·,·
11,11617,Malachi Corley,WR,23.5,CLE,77.0,80,93,2.9,1.9,0.9,1,1,1,55,16,0,0.0,0,0,0,0,0,0,0.00,0,0,0,0,0.00,0.00,2,-4,0,0,0,2,13,9,4.5,4.5,0,0,0,9,0,NA,0,0,29.0%,NA,NA,NA,0,NA,0,2,0.000,0.0,10,7.7%,0.90,0,NA,NA,NA,NA,NA,0.000,NA,9,vs BAL,5,·,1.8,1.1
11,1234,Russell Wilson,QB,36.8,NYG,999.0,999,999,0,0,0,1,0,0,72,0,0,0.0,0,0,0,0,0,0,0.00,0,0,0,0,0.00,0.00,0,0,0,0,0,0,0,0,0.0,0.0,0,0,0,0,0,NA,0,0,0.0%,NA,NA,NA,0,NA,0,0,NA,NA,NA,NA,NA,0,NA,NA,NA,NA,NA,NA,NA,0,vs GB,25,·,·,·
11,8254,Julius Chestnut,RB,24.9,TEN,999.0,999,999,0,0,0,1,0,0,59,0,0,0.0,0,0,0,0,0,0,0.00,0,0,0,0,0.00,0.00,0,0,0,0,0,0,0,0,0.0,0.0,0,0,0,0,0,NA,0,0,0.0%,NA,NA,NA,0,NA,0,0,NA,0.0,NA,NA,NA,0,NA,NA,NA,NA,NA,NA,NA,0,vs HOU,22,·,0.7,-0.7
11,4080,Zay Jones,WR,30.5,ARI,999.0,999,999,0,0,0,1,0,0,0,0,0,0.0,0,0,0,0,0,0,0.00,0,0,0,0,0.00,0.00,0,0,0,0,0,0,0,0,0.0,0.0,0,0,0,0,0,NA,0,0,0.0%,NA,NA,NA,0,NA,0,0,NA,NA,NA,NA,NA,0,NA,NA,NA,NA,NA,NA,NA,0,vs SF,24,IR,IR,IR
11,6960,Tyler Johnson,WR,27.1,NYJ,999.0,999,999,0,0,0,1,1,1,57,30,0,0.0,0,0,0,0,0,0,0.00,0,0,0,0,0.00,0.00,0,0,0,0,0,0,0,0,0.0,0.0,0,0,0,0,0,NA,0,0,53.0%,NA,NA,NA,0,NA,0,0,NA,0.0,10,0.0%,0.00,0,NA,NA,NA,NA,NA,0.000,NA,0,@ NE,13,·,5.3,-5.3
11,7568,Brevin Jordan,TE,25.2,HOU,999.0,999,999,0,0,0,1,0,0,0,0,0,0.0,0,0,0,0,0,0,0.00,0,0,0,0,0.00,0.00,0,0,0,0,0,0,0,0,0.0,0.0,0,0,0,0,0,NA,0,0,0.0%,NA,NA,NA,0,NA,0,0,NA,NA,NA,NA,NA,0,NA,NA,NA,NA,NA,NA,NA,0,@ TEN,24,IR,IR,IR
11,6828,AJ Dillon,RB,27.4,PHI,0.0,0,0,0,0,0,0,0,0,0,0,0,0.0,0,0,0,0,0,0,0.00,0,0,0,0,0.00,0.00,0,0,0,0,0,0,0,0,0.0,0.0,0,0,0,0,0,NA,0,0,0.0%,NA,NA,NA,0,NA,0,0,NA,NA,NA,NA,NA,0,NA,NA,NA,NA,NA,NA,NA,0,vs DET,31,OUT,OUT,OUT
11,9230,Tanner McKee,QB,25.4,PHI,999.0,999,999,0,0,0,1,0,0,72,0,0,0.0,0,0,0,0,0,0,0.00,0,0,0,0,0.00,0.00,0,0,0,0,0,0,0,0,0.0,0.0,0,0,0,0,0,NA,0,0,0.0%,NA,NA,NA,0,NA,0,0,NA,NA,NA,NA,NA,0,NA,NA,NA,NA,NA,NA,NA,0,vs DET,11,·,·,·
11,9227,Israel Abanikanda,RB,23.0,FA,0.0,0,0,0,0,0,0,0,0,0,0,0,0.0,0,0,0,0,0,0,0.00,0,0,0,0,0.00,0.00,0,0,0,0,0,0,0,0,0.0,0.0,0,0,0,0,0,NA,0,0,0.0%,NA,NA,NA,0,NA,0,0,NA,NA,NA,NA,NA,0,NA,NA,NA,NA,NA,NA,NA,0,NA,,·,·,·
11,7610,Trey Lance,QB,25.4,LAC,35.0,35,35,1.58,1.58,1.58,1,1,0,48,13,0,37.5,30,8,3,1,5,0,52.60,38,1,0,37,4.63,12.33,0,0,0,0,0,0,0,0,0.0,0.0,3,0,1,1,0,NA,1,0.33,27.0%,NA,NA,NA,1,NA,2,11,NA,NA,NA,NA,NA,1,12.5%,3.50,37.5%,44.4%,14.70,NA,9.00,38,@ JAX,2,·,·,·
11,4171,Josh Reynolds,WR,30.6,NYJ,999.0,999,999,0,0,0,1,0,0,0,0,0,0.0,0,0,0,0,0,0,0.00,0,0,0,0,0.00,0.00,0,0,0,0,0,0,0,0,0.0,0.0,0,0,0,0,0,NA,0,0,0.0%,NA,NA,NA,0,NA,0,0,NA,NA,NA,NA,NA,0,NA,NA,NA,NA,NA,NA,NA,0,@ NE,13,IR,IR,IR
11,8172,Greg Dulcich,TE,25.5,MIA,34.0,35,36,3.8,2.8,1.8,1,1,1,56,30,0,0.0,0,0,0,0,0,0,0.00,0,0,0,0,0.00,0.00,2,10,0,1,0,4,8,18,9.0,4.5,0,0,0,18,0,NA,0,0,54.0%,NA,NA,NA,0,NA,1,4,0.250,1.0,15,20.0%,1.20,0,NA,NA,NA,NA,NA,0.067,NA,18,vs WAS,8,·,5.5,-1.7
11,4381,Taysom Hill,TE,35.1,NO,0.0,0,0,0,0,0,0,0,0,0,0,0,0.0,0,0,0,0,0,0,0.00,0,0,0,0,0.00,0.00,0,0,0,0,0,0,0,0,0.0,0.0,0,0,0,0,0,NA,0,0,0.0%,NA,NA,NA,0,NA,0,0,NA,NA,NA,NA,NA,0,NA,NA,NA,NA,NA,NA,NA,0,BYE,BYE,BYE,BYE,BYE
11,12718,Konata Mumpfield,WR,22.9,LAR,999.0,999,999,0,0,0,1,1,0,51,6,0,0.0,0,0,0,0,0,0,0.00,0,0,0,0,0.00,0.00,0,0,0,0,0,0,0,0,0.0,0.0,0,0,0,0,0,NA,0,0,12.0%,NA,NA,NA,0,NA,0,0,NA,0.0,2,0.0%,0.00,0,NA,NA,NA,NA,NA,0.000,NA,0,vs SEA,12,·,·,·
11,11994,Kameron Johnson,WR,23.5,TB,999.0,999,999,0,0,0,1,1,0,70,6,0,0.0,0,0,0,0,0,0,0.00,0,0,0,0,0.00,0.00,0,0,0,0,0,0,0,0,0.0,0.0,0,0,0,0,0,NA,0,0,9.0%,NA,NA,NA,0,NA,0,0,NA,0.0,NA,NA,NA,0,NA,NA,NA,NA,NA,NA,NA,0,@ BUF,19,·,2.1,-2.1
11,11595,Jared Wiley,TE,24.9,KC,0.0,0,0,0,0,0,0,0,0,0,0,0,0.0,0,0,0,0,0,0,0.00,0,0,0,0,0.00,0.00,0,0,0,0,0,0,0,0,0.0,0.0,0,0,0,0,0,NA,0,0,0.0%,NA,NA,NA,0,NA,0,0,NA,NA,NA,NA,NA,0,NA,NA,NA,NA,NA,NA,NA,0,@ DEN,25,OUT,OUT,OUT
11,11615,Ainias Smith,WR,24.3,CAR,999.0,999,999,0,0,0,1,0,0,0,0,0,0.0,0,0,0,0,0,0,0.00,0,0,0,0,0.00,0.00,0,0,0,0,0,0,0,0,0.0,0.0,0,0,0,0,0,NA,0,0,0.0%,NA,NA,NA,0,NA,0,0,NA,NA,NA,NA,NA,0,NA,NA,NA,NA,NA,NA,NA,0,@ ATL,25,·,·,·
11,9999,Will Levis,QB,26.2,TEN,999.0,999,999,0,0,0,1,0,0,0,0,0,0.0,0,0,0,0,0,0,0.00,0,0,0,0,0.00,0.00,0,0,0,0,0,0,0,0,0.0,0.0,0,0,0,0,0,NA,0,0,0.0%,NA,NA,NA,0,NA,0,0,NA,NA,NA,NA,NA,0,NA,NA,NA,NA,NA,NA,NA,0,vs HOU,32,IR,IR,IR
11,8204,Bo Melton,WR,26.2,GB,95.0,87,72,1.7,1.7,1.7,1,1,0,55,2,0,0.0,0,0,0,0,0,0,0.00,17,0,0,0,0.00,0.00,0,0,0,0,0,0,0,0,0.0,0.0,1,0,1,17,0,NA,17,17,4.0%,NA,NA,NA,1,NA,1,1,1.000,1.0,NA,NA,NA,0,NA,NA,NA,NA,NA,NA,NA,17,@ NYG,7,·,0.5,1.2
11,8168,Skyy Moore,WR,25.0,SF,999.0,999,999,0,0,0,1,0,0,55,0,0,0.0,0,0,0,0,0,0,0.00,0,0,0,0,0.00,0.00,0,0,0,0,0,0,0,0,0.0,0.0,0,0,0,0,0,NA,0,0,0.0%,NA,NA,NA,0,NA,0,0,NA,0.0,NA,NA,NA,0,NA,NA,NA,NA,NA,NA,NA,0,@ ARI,16,·,0.4,-0.4
11,5854,Drew Lock,QB,28.9,SEA,999.0,999,999,0,0,0,1,0,0,84,0,0,0.0,0,0,0,0,0,0,0.00,0,0,0,0,0.00,0.00,0,0,0,0,0,0,0,0,0.0,0.0,0,0,0,0,0,NA,0,0,0.0%,NA,NA,NA,0,NA,0,0,NA,NA,NA,NA,NA,0,NA,NA,NA,NA,NA,NA,NA,0,@ LAR,24,·,·,·
11,2374,Tyler Lockett,WR,33.0,TEN,52.0,54,55,6.3,4.8,3.3,1,1,0,60,28,0,0.0,0,0,0,0,0,0,0.00,0,0,0,0,0.00,0.00,3,23,0,2,0,3,10,33,11.0,11.0,0,0,0,33,0,NA,0,0,47.0%,NA,NA,NA,0,NA,2,3,0.667,2.0,20,7.1%,1.65,0,NA,NA,NA,NA,NA,0.100,NA,33,vs HOU,1,·,7.2,-0.9
11,4177,Mack Hollins,WR,32.0,NE,29.0,28,26,10.4,8.4,6.4,1,1,1,67,57,0,0.0,0,0,0,0,0,0,0.00,0,0,0,0,0.00,0.00,4,50,0,4,0,5,14,64,16.0,12.8,0,0,0,64,0,NA,0,0,85.0%,NA,NA,NA,0,NA,4,5,0.800,4.0,30,14.7%,2.13,0,NA,NA,NA,NA,NA,0.133,NA,64,vs NYJ,23,·,10.2,0.2
11,11748,Bub Means,WR,24.7,NO,0.0,0,0,0,0,0,0,0,0,0,0,0,0.0,0,0,0,0,0,0,0.00,0,0,0,0,0.00,0.00,0,0,0,0,0,0,0,0,0.0,0.0,0,0,0,0,0,NA,0,0,0.0%,NA,NA,NA,0,NA,0,0,NA,NA,NA,NA,NA,0,NA,NA,NA,NA,NA,NA,NA,0,BYE,BYE,BYE,BYE,BYE
11,11573,Frank Gore Jr.,RB,23.5,BUF,999.0,999,999,0,0,0,1,0,0,0,0,0,0.0,0,0,0,0,0,0,0.00,0,0,0,0,0.00,0.00,0,0,0,0,0,0,0,0,0.0,0.0,0,0,0,0,0,NA,0,0,0.0%,NA,NA,NA,0,NA,0,0,NA,NA,NA,NA,NA,0,NA,NA,NA,NA,NA,NA,NA,0,vs TB,10,·,·,·
11,7891,Brock Wright,TE,26.8,DET,42.0,43,45,2.8,1.8,0.8,1,1,1,59,49,0,0.0,0,0,0,0,0,0,0.00,0,0,0,0,0.00,0.00,2,-2,0,0,0,7,10,8,4.0,1.1,0,0,0,8,0,NA,0,0,83.0%,NA,NA,NA,0,NA,0,7,0.000,0.0,25,18.9%,0.32,0,NA,NA,NA,NA,NA,0.000,NA,8,@ PHI,30,·,6.3,-3.5
11,12699,LaJohntay Wester,WR,23.5,BAL,108.0,108,106,-2,-2,-2,1,1,0,61,6,1,0.0,0,0,0,0,0,0,0.00,0,0,0,0,0.00,0.00,0,0,0,0,0,0,0,0,0.0,0.0,0,0,0,0,0,NA,0,0,10.0%,NA,NA,NA,0,NA,0,0,NA,0.0,3,0.0%,0.00,0,NA,NA,NA,NA,NA,0.000,NA,0,@ CLE,18,·,0.4,-2.4
11,6869,Adam Trautman,TE,28.6,DEN,45.0,45,44,1.8,1.3,0.8,1,1,1,62,41,0,0.0,0,0,0,0,0,0,0.00,0,0,0,0,0.00,0.00,1,2,0,0,0,1,6,8,8.0,8.0,0,0,0,8,0,NA,0,0,66.0%,NA,NA,NA,0,NA,0,1,0.000,0.0,13,2.6%,0.62,0,NA,NA,NA,NA,NA,0.000,NA,8,vs KC,26,·,2.5,-0.7
11,10866,Aidan O'Connell,QB,27.1,LV,999.0,999,999,0,0,0,1,0,0,0,0,0,0.0,0,0,0,0,0,0,0.00,0,0,0,0,0.00,0.00,0,0,0,0,0,0,0,0,0.0,0.0,0,0,0,0,0,NA,0,0,0.0%,NA,NA,NA,0,NA,0,0,NA,NA,NA,NA,NA,0,NA,NA,NA,NA,NA,NA,NA,0,vs DAL,1,IR,IR,IR
11,11895,Mason Tipton,WR,25.0,NO,0.0,0,0,0,0,0,0,0,0,0,0,0,0.0,0,0,0,0,0,0,0.00,0,0,0,0,0.00,0.00,0,0,0,0,0,0,0,0,0.0,0.0,0,0,0,0,0,NA,0,0,0.0%,NA,NA,NA,0,NA,0,0,NA,NA,NA,NA,NA,0,NA,NA,NA,NA,NA,NA,NA,0,BYE,BYE,BYE,BYE,BYE
11,8177,Grant Calcaterra,TE,26.8,PHI,999.0,999,999,0,0,0,1,1,0,72,34,0,0.0,0,0,0,0,0,0,0.00,0,0,0,0,0.00,0.00,0,0,0,0,0,0,0,0,0.0,0.0,0,0,0,0,0,NA,0,0,47.0%,NA,NA,NA,0,NA,0,0,NA,0.0,4,0.0%,0.00,0,NA,NA,NA,NA,NA,0.000,NA,0,vs DET,19,·,1.7,-1.7
11,11574,Dylan Laube,RB,25.8,LV,999.0,999,999,0,0,0,1,1,0,60,1,0,0.0,0,0,0,0,0,0,0.00,0,0,0,0,0.00,0.00,0,0,0,0,0,0,0,0,0.0,0.0,0,0,0,0,0,NA,0,0,2.0%,NA,NA,NA,0,NA,0,0,NA,0.0,NA,NA,NA,0,NA,NA,NA,NA,NA,NA,NA,0,vs DAL,5,·,0.3,-0.3
11,11649,Kendall Milton,RB,23.6,CIN,73.0,73,71,0.2,0.2,0.2,1,1,0,66,4,0,0.0,0,0,0,0,0,0,0.00,2,0,0,0,0.00,0.00,0,0,0,0,0,0,0,0,0.0,0.0,2,0,0,2,0,NA,2,1,6.0%,NA,NA,NA,0,NA,0,2,0.000,0.0,NA,NA,NA,0,NA,NA,NA,NA,NA,NA,NA,2,@ PIT,24,·,·,·
11,8145,Jeremy Ruckert,TE,25.1,NYJ,24.0,24,29,6.3,4.3,2.3,1,1,1,57,25,0,0.0,0,0,0,0,0,0,0.00,0,0,0,0,0.00,0.00,4,13,0,1,0,5,10,23,5.8,4.6,0,0,0,23,0,NA,0,0,44.0%,NA,NA,NA,0,NA,1,5,0.200,1.0,11,18.5%,2.09,0,NA,NA,NA,NA,NA,0.091,NA,23,@ NE,9,·,2.1,4.2
11,2197,Brandin Cooks,WR,32.0,NO,0.0,0,0,0,0,0,0,0,0,0,0,0,0.0,0,0,0,0,0,0,0.00,0,0,0,0,0.00,0.00,0,0,0,0,0,0,0,0,0.0,0.0,0,0,0,0,0,NA,0,0,0.0%,NA,NA,NA,0,NA,0,0,NA,NA,NA,NA,NA,0,NA,NA,NA,NA,NA,NA,NA,0,BYE,BYE,BYE,BYE,BYE
11,1837,Jimmy Garoppolo,QB,33.9,LAR,999.0,999,999,0,0,0,1,0,0,51,0,0,0.0,0,0,0,0,0,0,0.00,0,0,0,0,0.00,0.00,0,0,0,0,0,0,0,0,0.0,0.0,0,0,0,0,0,NA,0,0,0.0%,NA,NA,NA,0,NA,0,0,NA,NA,NA,NA,NA,0,NA,NA,NA,NA,NA,NA,NA,0,vs SEA,12,·,·,·
11,8135,Treylon Burks,WR,25.5,WAS,0.0,0,0,0,0,0,0,0,0,0,0,0,0.0,0,0,0,0,0,0,0.00,0,0,0,0,0.00,0.00,0,0,0,0,0,0,0,0,0.0,0.0,0,0,0,0,0,NA,0,0,0.0%,NA,NA,NA,0,NA,0,0,NA,NA,NA,NA,NA,0,NA,NA,NA,NA,NA,NA,NA,0,@ MIA,29,OUT,OUT,OUT
11,11636,Johnny Wilson,WR,24.5,PHI,999.0,999,999,0,0,0,1,0,0,0,0,0,0.0,0,0,0,0,0,0,0.00,0,0,0,0,0.00,0.00,0,0,0,0,0,0,0,0,0.0,0.0,0,0,0,0,0,NA,0,0,0.0%,NA,NA,NA,0,NA,0,0,NA,NA,NA,NA,NA,0,NA,NA,NA,NA,NA,NA,NA,0,vs DET,8,IR,IR,IR
11,5185,Allen Lazard,WR,29.8,NYJ,999.0,999,999,0,0,0,1,0,0,57,0,0,0.0,0,0,0,0,0,0,0.00,0,0,0,0,0.00,0.00,0,0,0,0,0,0,0,0,0.0,0.0,0,0,0,0,0,NA,0,0,0.0%,NA,NA,NA,0,NA,0,0,NA,NA,NA,NA,NA,0,NA,NA,NA,NA,NA,NA,NA,0,@ NE,13,·,3.5,-3.5
11,9505,Deuce Vaughn,RB,23.9,DEN,999.0,999,999,0,0,0,1,0,0,0,0,0,0.0,0,0,0,0,0,0,0.00,0,0,0,0,0.00,0.00,0,0,0,0,0,0,0,0,0.0,0.0,0,0,0,0,0,NA,0,0,0.0%,NA,NA,NA,0,NA,0,0,NA,NA,NA,NA,NA,0,NA,NA,NA,NA,NA,NA,NA,0,vs KC,27,·,·,·
11,5973,Josh Oliver,TE,28.5,MIN,56.0,56,56,0.7,0.2,-0.3,1,1,0,55,19,0,0.0,0,0,0,0,0,0,0.00,0,0,0,0,0.00,0.00,1,-3,0,0,0,1,0,-3,-3.0,-3.0,0,0,0,-3,0,NA,0,0,35.0%,NA,NA,NA,0,NA,0,1,0.000,0.0,4,3.1%,-0.75,0,NA,NA,NA,NA,NA,0.000,NA,-3,vs CHI,11,·,2.6,-1.9
11,7593,Trey Sermon,RB,26.7,PIT,999.0,999,999,0,0,0,1,0,0,0,0,0,0.0,0,0,0,0,0,0,0.00,0,0,0,0,0.00,0.00,0,0,0,0,0,0,0,0,0.0,0.0,0,0,0,0,0,NA,0,0,0.0%,NA,NA,NA,0,NA,0,0,NA,NA,NA,NA,NA,0,NA,NA,NA,NA,NA,NA,NA,0,vs CIN,1,·,·,·
11,5938,Lil'Jordan Humphrey,WR,27.4,NYG,999.0,999,999,0,0,0,1,1,0,62,9,0,0.0,0,0,0,0,0,0,0.00,0,0,0,0,0.00,0.00,0,0,0,0,0,0,0,0,0.0,0.0,0,0,0,0,0,NA,0,0,15.0%,NA,NA,NA,0,NA,0,0,NA,0.0,4,0.0%,0.00,0,NA,NA,NA,NA,NA,0.000,NA,0,vs GB,21,·,2.5,-2.5
11,10216,Kenny McIntosh,RB,25.6,SEA,999.0,999,999,0,0,0,1,0,0,0,0,0,0.0,0,0,0,0,0,0,0.00,0,0,0,0,0.00,0.00,0,0,0,0,0,0,0,0,0.0,0.0,0,0,0,0,0,NA,0,0,0.0%,NA,NA,NA,0,NA,0,0,NA,NA,NA,NA,NA,0,NA,NA,NA,NA,NA,NA,NA,0,@ LAR,32,IR,IR,IR
11,6853,Van Jefferson,WR,29.2,TEN,25.0,22,21,11.2,9.7,8.2,1,1,0,59,54,0,0.0,0,0,0,0,0,0,0.00,0,0,0,0,0.00,0.00,3,19,0,0,1,7,3,22,7.3,3.1,0,0,0,22,0,NA,0,0,92.0%,NA,NA,NA,0,NA,1,7,0.143,1.0,37,18.9%,0.59,0,NA,NA,NA,NA,NA,0.000,NA,22,vs HOU,27,·,2.1,9.1
11,10234,Derius Davis,WR,25.0,LAC,999.0,999,999,0,0,0,1,1,0,48,5,0,0.0,0,0,0,0,0,0,0.00,0,0,0,0,0.00,0.00,0,0,0,0,0,1,0,0,0.0,0.0,0,0,0,0,0,NA,0,0,10.0%,NA,NA,NA,0,NA,0,1,0.000,0.0,4,3.8%,0.00,0,NA,NA,NA,NA,NA,0.000,NA,0,@ JAX,10,·,1.1,-1.1
11,6011,Gardner Minshew,QB,29.4,KC,999.0,999,999,0,0,0,1,0,0,70,0,0,0.0,0,0,0,0,0,0,0.00,0,0,0,0,0.00,0.00,0,0,0,0,0,0,0,0,0.0,0.0,0,0,0,0,0,NA,0,0,0.0%,NA,NA,NA,0,NA,0,0,NA,NA,NA,NA,NA,0,NA,NA,NA,NA,NA,NA,NA,0,@ DEN,31,·,·,·
11,12715,Thomas Fidone,TE,23.0,NYG,999.0,999,999,0,0,0,1,0,0,72,0,0,0.0,0,0,0,0,0,0,0.00,0,0,0,0,0.00,0.00,0,0,0,0,0,0,0,0,0.0,0.0,0,0,0,0,0,NA,0,0,0.0%,NA,NA,NA,0,NA,0,0,NA,0.0,NA,NA,NA,0,NA,NA,NA,NA,NA,NA,NA,0,vs GB,14,·,·,·
11,12494,Kyle McCord,QB,23.0,PHI,999.0,999,999,0,0,0,1,0,0,0,0,0,0.0,0,0,0,0,0,0,0.00,0,0,0,0,0.00,0.00,0,0,0,0,0,0,0,0,0.0,0.0,0,0,0,0,0,NA,0,0,0.0%,NA,NA,NA,0,NA,0,0,NA,NA,NA,NA,NA,0,NA,NA,NA,NA,NA,NA,NA,0,vs DET,11,·,·,·
11,7083,Tyler Huntley,QB,27.6,BAL,999.0,999,999,0,0,0,1,0,0,61,0,0,0.0,0,0,0,0,0,0,0.00,0,0,0,0,0.00,0.00,0,0,0,0,0,0,0,0,0.0,0.0,0,0,0,0,0,NA,0,0,0.0%,NA,NA,NA,0,NA,0,0,NA,NA,NA,NA,NA,0,NA,NA,NA,NA,NA,NA,NA,0,@ CLE,28,·,·,·
11,4147,Samaje Perine,RB,30.0,CIN,0.0,0,0,0,0,0,0,0,0,0,0,0,0.0,0,0,0,0,0,0,0.00,0,0,0,0,0.00,0.00,0,0,0,0,0,0,0,0,0.0,0.0,0,0,0,0,0,NA,0,0,0.0%,NA,NA,NA,0,NA,0,0,NA,NA,NA,NA,NA,0,NA,NA,NA,NA,NA,NA,NA,0,@ PIT,24,OUT,OUT,OUT
11,11306,Xavier Gipson,WR,24.6,PHI,999.0,999,999,0,0,0,1,0,0,72,0,1,0.0,0,0,0,0,0,0,0.00,0,0,0,0,0.00,0.00,0,0,0,0,0,0,0,0,0.0,0.0,0,0,0,0,0,NA,0,0,0.0%,NA,NA,NA,0,NA,0,0,NA,0.0,0,0.0%,NA,0,NA,NA,NA,NA,NA,NA,NA,0,vs DET,8,·,0.1,-0.1
11,5987,Alexander Mattison,RB,27.3,MIA,999.0,999,999,0,0,0,1,0,0,0,0,0,0.0,0,0,0,0,0,0,0.00,0,0,0,0,0.00,0.00,0,0,0,0,0,0,0,0,0.0,0.0,0,0,0,0,0,NA,0,0,0.0%,NA,NA,NA,0,NA,0,0,NA,NA,NA,NA,NA,0,NA,NA,NA,NA,NA,NA,NA,0,vs WAS,8,IR,IR,IR
11,5985,Foster Moreau,TE,28.4,NO,0.0,0,0,0,0,0,0,0,0,0,0,0,0.0,0,0,0,0,0,0,0.00,0,0,0,0,0.00,0.00,0,0,0,0,0,0,0,0,0.0,0.0,0,0,0,0,0,NA,0,0,0.0%,NA,NA,NA,0,NA,0,0,NA,NA,NA,NA,NA,0,NA,NA,NA,NA,NA,NA,NA,0,BYE,BYE,BYE,BYE,BYE
11,11210,Malik Heath,WR,25.6,GB,0.0,0,0,0,0,0,0,0,0,0,0,0,0.0,0,0,0,0,0,0,0.00,0,0,0,0,0.00,0.00,0,0,0,0,0,0,0,0,0.0,0.0,0,0,0,0,0,NA,0,0,0.0%,NA,NA,NA,0,NA,0,0,NA,NA,NA,NA,NA,0,NA,NA,NA,NA,NA,NA,NA,0,@ NYG,7,OUT,OUT,OUT
11,6920,Isaiah Hodgins,WR,26.9,PIT,28.0,30,34,10.7,8.2,5.7,1,1,1,72,57,0,0.0,0,0,0,0,0,0,0.00,0,0,0,0,0.00,0.00,5,49,0,4,0,6,8,57,11.4,9.5,0,0,0,57,0,NA,0,0,79.0%,NA,NA,NA,0,NA,4,6,0.667,4.0,25,20.7%,2.28,0,NA,NA,NA,NA,NA,0.160,NA,57,vs CIN,15,·,2.6,8.1
11,827,Tyrod Taylor,QB,36.2,NYJ,999.0,999,999,0,0,0,1,0,0,57,0,0,0.0,0,0,0,0,0,0,0.00,0,0,0,0,0.00,0.00,0,0,0,0,0,0,0,0,0.0,0.0,0,0,0,0,0,NA,0,0,0.0%,NA,NA,NA,0,NA,0,0,NA,NA,NA,NA,NA,0,NA,NA,NA,NA,NA,NA,NA,0,@ NE,17,·,·,·
11,4351,Tim Patrick,WR,31.8,JAX,27.0,23,22,11,9.5,8,1,1,1,71,41,0,0.0,0,0,0,0,0,0,0.00,0,0,0,0,0.00,0.00,3,16,0,1,1,4,4,20,6.7,5.0,0,0,0,20,0,NA,0,0,58.0%,NA,NA,NA,0,NA,2,4,0.500,2.0,14,18.2%,1.43,0,NA,NA,NA,NA,NA,0.071,NA,20,vs LAC,31,·,4.2,6.8
11,5917,Mecole Hardman,WR,27.6,FA,109.0,109,107,-2,-2,-2,1,1,0,56,4,1,0.0,0,0,0,0,0,0,0.00,0,0,0,0,0.00,0.00,0,0,0,0,0,1,0,0,0.0,0.0,0,0,0,0,0,NA,0,0,7.0%,NA,NA,NA,0,NA,0,1,0.000,0.0,2,3.3%,0.00,0,NA,NA,NA,NA,NA,0.000,NA,0,NA,,·,0.5,-2.5
11,6850,Harrison Bryant,TE,27.4,HOU,999.0,999,999,0,0,0,1,0,0,0,0,0,0.0,0,0,0,0,0,0,0.00,0,0,0,0,0.00,0.00,0,0,0,0,0,0,0,0,0.0,0.0,0,0,0,0,0,NA,0,0,0.0%,NA,NA,NA,0,NA,0,0,NA,NA,NA,NA,NA,0,NA,NA,NA,NA,NA,NA,NA,0,@ TEN,24,IR,IR,IR
11,8118,David Bell,WR,24.8,CLE,0.0,0,0,0,0,0,0,0,0,0,0,0,0.0,0,0,0,0,0,0,0.00,0,0,0,0,0.00,0.00,0,0,0,0,0,0,0,0,0.0,0.0,0,0,0,0,0,NA,0,0,0.0%,NA,NA,NA,0,NA,0,0,NA,NA,NA,NA,NA,0,NA,NA,NA,NA,NA,NA,NA,0,vs BAL,5,NA,NA,NA
11,11729,Sione Vaki,RB,24.2,DET,999.0,999,999,0,0,0,1,0,0,59,0,0,0.0,0,0,0,0,0,0,0.00,0,0,0,0,0.00,0.00,0,0,0,0,0,0,0,0,0.0,0.0,0,0,0,0,0,NA,0,0,0.0%,NA,NA,NA,0,NA,0,0,NA,0.0,NA,NA,NA,0,NA,NA,NA,NA,NA,NA,NA,0,@ PHI,11,·,0.1,-0.1
11,5086,Marquez Valdes-Scantling,WR,31.0,SF,999.0,999,999,0,0,0,1,0,0,0,0,0,0.0,0,0,0,0,0,0,0.00,0,0,0,0,0.00,0.00,0,0,0,0,0,0,0,0,0.0,0.0,0,0,0,0,0,NA,0,0,0.0%,NA,NA,NA,0,NA,0,0,NA,NA,NA,NA,NA,0,NA,NA,NA,NA,NA,NA,NA,0,@ ARI,16,·,·,·
11,829,Andy Dalton,QB,37.9,CAR,999.0,999,999,0,0,0,1,0,0,80,0,0,0.0,0,0,0,0,0,0,0.00,0,0,0,0,0.00,0.00,0,0,0,0,0,0,0,0,0.0,0.0,0,0,0,0,0,NA,0,0,0.0%,NA,NA,NA,0,NA,0,0,NA,NA,NA,NA,NA,0,NA,NA,NA,NA,NA,NA,NA,0,@ ATL,26,·,·,·
11,3257,Jacoby Brissett,QB,32.8,ARI,4.0,4,4,23.88,23.88,23.88,1,1,1,77,79,0,82.5,254,57,47,16,10,2,96.80,450,0,2,452,7.93,9.62,0,0,0,0,0,0,0,0,0.0,0.0,2,0,1,-2,0,NA,-2,-1,100.0%,NA,NA,NA,1,NA,19,59,NA,NA,NA,NA,NA,18,31.6%,2.73,8.8%,24.6%,6.50,NA,57.00,450,vs SF,14,·,19.3,4.6
11,7608,Khalil Herbert,RB,27.4,SEA,0.0,0,0,0,0,0,0,0,0,0,0,0,0.0,0,0,0,0,0,0,0.00,0,0,0,0,0.00,0.00,0,0,0,0,0,0,0,0,0.0,0.0,0,0,0,0,0,NA,0,0,0.0%,NA,NA,NA,0,NA,0,0,NA,NA,NA,NA,NA,0,NA,NA,NA,NA,NA,NA,NA,0,@ LAR,32,OUT,OUT,OUT
11,3634,Kalif Raymond,WR,31.1,DET,999.0,999,999,0,0,0,1,1,1,59,38,0,0.0,0,0,0,0,0,0,0.00,0,0,0,0,0.00,0.00,0,0,0,0,0,0,0,0,0.0,0.0,0,0,0,0,0,NA,0,0,64.0%,NA,NA,NA,0,NA,0,0,NA,0.0,22,0.0%,0.00,0,NA,NA,NA,NA,NA,0.000,NA,0,@ PHI,22,Q,3.6,-3.6
11,6126,Irv Smith,TE,27.1,HOU,0.0,0,0,0,0,0,0,0,0,0,0,0,0.0,0,0,0,0,0,0,0.00,0,0,0,0,0.00,0.00,0,0,0,0,0,0,0,0,0.0,0.0,0,0,0,0,0,NA,0,0,0.0%,NA,NA,NA,0,NA,0,0,NA,NA,NA,NA,NA,0,NA,NA,NA,NA,NA,NA,NA,0,@ TEN,24,OUT,OUT,OUT
11,10857,Stetson Bennett,QB,27.9,LAR,0.0,0,0,0,0,0,0,0,0,0,0,0,0.0,0,0,0,0,0,0,0.00,0,0,0,0,0.00,0.00,0,0,0,0,0,0,0,0,0.0,0.0,0,0,0,0,0,NA,0,0,0.0%,NA,NA,NA,0,NA,0,0,NA,NA,NA,NA,NA,0,NA,NA,NA,NA,NA,NA,NA,0,vs SEA,12,OUT,OUT,OUT
11,6144,Trayveon Williams,RB,27.9,FA,65.0,71,73,0.9,0.4,-0.1,1,1,0,48,18,0,0.0,0,0,0,0,0,0,0.00,-1,0,0,0,0.00,0.00,1,-1,0,0,0,1,1,0,0.0,0.0,3,0,0,-1,0,6,-1,-0.33,38.0%,0,2.10,0.000,0,0.210,0,4,0.000,0.0,NA,3.8%,NA,0,NA,NA,NA,NA,NA,NA,NA,-1,NA,,·,0.9,0.0
11,12473,Mitchell Evans,TE,22.5,CAR,29.0,28,25,4.8,3.8,2.8,1,1,1,80,30,0,0.0,0,0,0,0,0,0,0.00,0,0,0,0,0.00,0.00,2,19,0,1,0,2,9,28,14.0,14.0,0,0,0,28,0,NA,0,0,38.0%,NA,NA,NA,0,NA,1,2,0.500,1.0,11,4.4%,2.55,0,NA,NA,NA,NA,NA,0.091,NA,28,@ ATL,31,·,1.7,3.1
11,5374,Justin Watson,WR,29.5,HOU,999.0,999,999,0,0,0,1,0,0,0,0,0,0.0,0,0,0,0,0,0,0.00,0,0,0,0,0.00,0.00,0,0,0,0,0,0,0,0,0.0,0.0,0,0,0,0,0,NA,0,0,0.0%,NA,NA,NA,0,NA,0,0,NA,NA,NA,NA,NA,0,NA,NA,NA,NA,NA,NA,NA,0,@ TEN,9,IR,IR,IR
11,10223,Eric Gray,RB,25.9,NYG,999.0,999,999,0,0,0,1,0,0,0,0,0,0.0,0,0,0,0,0,0,0.00,0,0,0,0,0.00,0.00,0,0,0,0,0,0,0,0,0.0,0.0,0,0,0,0,0,NA,0,0,0.0%,NA,NA,NA,0,NA,0,0,NA,NA,NA,NA,NA,0,NA,NA,NA,NA,NA,NA,NA,0,vs GB,28,PUP,PUP,PUP
11,6012,Travis Homer,RB,27.1,CHI,75.0,75,74,-0.2,-0.2,-0.2,1,1,0,75,1,0,0.0,0,0,0,0,0,0,0.00,-2,0,0,0,0.00,0.00,0,0,0,0,0,0,0,0,0.0,0.0,1,0,0,-2,0,NA,-2,-2,1.0%,NA,NA,NA,0,NA,0,1,0.000,0.0,NA,NA,NA,0,NA,NA,NA,NA,NA,NA,NA,-2,@ MIN,20,·,0.0,-0.2
11,3202,Austin Hooper,TE,30.9,NE,0.0,0,0,0,0,0,0,0,0,0,0,0,0.0,0,0,0,0,0,0,0.00,0,0,0,0,0.00,0.00,0,0,0,0,0,0,0,0,0.0,0.0,0,0,0,0,0,NA,0,0,0.0%,NA,NA,NA,0,NA,0,0,NA,NA,NA,NA,NA,0,NA,NA,NA,NA,NA,NA,NA,0,vs NYJ,13,OUT,OUT,OUT
11,4972,Mason Rudolph,QB,30.2,PIT,24.0,24,24,8.98,8.98,8.98,1,1,0,65,28,0,75.0,4,16,12,7,4,0,118.50,126,0,1,127,7.94,10.58,0,0,0,0,0,0,0,0,0.0,0.0,1,0,0,-1,0,NA,-1,-1,43.0%,NA,NA,NA,0,NA,8,17,NA,NA,NA,NA,NA,8,50.0%,3.11,0.0%,12.5%,2.70,NA,16.00,126,vs CIN,4,·,·,·
11,9489,Justin Shorter,WR,25.4,LV,999.0,999,999,0,0,0,1,0,0,0,0,0,0.0,0,0,0,0,0,0,0.00,0,0,0,0,0.00,0.00,0,0,0,0,0,0,0,0,0.0,0.0,0,0,0,0,0,NA,0,0,0.0%,NA,NA,NA,0,NA,0,0,NA,NA,NA,NA,NA,0,NA,NA,NA,NA,NA,NA,NA,0,vs DAL,1,·,·,·
11,8219,Jelani Woods,TE,27.0,NYJ,0.0,0,0,0,0,0,0,0,0,0,0,0,0.0,0,0,0,0,0,0,0.00,0,0,0,0,0.00,0.00,0,0,0,0,0,0,0,0,0.0,0.0,0,0,0,0,0,NA,0,0,0.0%,NA,NA,NA,0,NA,0,0,NA,NA,NA,NA,NA,0,NA,NA,NA,NA,NA,NA,NA,0,@ NE,9,OUT,OUT,OUT
11,7535,Hunter Long,TE,27.1,JAX,0.0,0,0,0,0,0,0,0,0,0,0,0,0.0,0,0,0,0,0,0,0.00,0,0,0,0,0.00,0.00,0,0,0,0,0,0,0,0,0.0,0.0,0,0,0,0,0,NA,0,0,0.0%,NA,NA,NA,0,NA,0,0,NA,NA,NA,NA,NA,0,NA,NA,NA,NA,NA,NA,NA,0,vs LAC,27,OUT,OUT,OUT
11,9495,Rakim Jarrett,WR,24.7,FA,0.0,0,0,0,0,0,0,0,0,0,0,0,0.0,0,0,0,0,0,0,0.00,0,0,0,0,0.00,0.00,0,0,0,0,0,0,0,0,0.0,0.0,0,0,0,0,0,NA,0,0,0.0%,NA,NA,NA,0,NA,0,0,NA,NA,NA,NA,NA,0,NA,NA,NA,NA,NA,NA,NA,0,NA,,·,·,·
11,12048,George Holani,RB,25.8,SEA,69.0,67,66,0.6,0.6,0.6,1,1,0,84,2,0,0.0,0,0,0,0,0,0,0.00,6,0,0,0,0.00,0.00,0,0,0,0,0,0,0,0,0.0,0.0,2,0,0,6,0,NA,6,3,2.0%,NA,NA,NA,0,NA,0,2,0.000,0.0,NA,NA,NA,0,NA,NA,NA,NA,NA,NA,NA,6,@ LAR,32,·,1.1,-0.5
11,7757,Ben Skowronek,WR,28.2,PIT,999.0,999,999,0,0,0,1,1,1,65,15,0,0.0,0,0,0,0,0,0,0.00,0,0,0,0,0.00,0.00,0,0,0,0,0,0,0,0,0.0,0.0,0,0,0,0,0,NA,0,0,23.0%,NA,NA,NA,0,NA,0,0,NA,0.0,4,0.0%,0.00,0,NA,NA,NA,NA,NA,0.000,NA,0,vs CIN,15,·,0.3,-0.3
11,6427,Ashton Dulin,WR,28.4,IND,0.0,0,0,0,0,0,0,0,0,0,0,0,0.0,0,0,0,0,0,0,0.00,0,0,0,0,0.00,0.00,0,0,0,0,0,0,0,0,0.0,0.0,0,0,0,0,0,NA,0,0,0.0%,NA,NA,NA,0,NA,0,0,NA,NA,NA,NA,NA,0,NA,NA,NA,NA,NA,NA,NA,0,BYE,BYE,BYE,BYE,BYE
11,6001,Drew Sample,TE,29.4,CIN,999.0,999,999,0,0,0,1,1,1,66,30,0,0.0,0,0,0,0,0,0,0.00,0,0,0,0,0.00,0.00,0,0,0,0,0,0,0,0,0.0,0.0,0,0,0,0,0,NA,0,0,45.0%,NA,NA,NA,0,NA,0,0,NA,0.0,11,0.0%,0.00,0,NA,NA,NA,NA,NA,0.000,NA,0,@ PIT,4,·,1.5,-1.5
11,8116,Pierre Strong Jr.,RB,26.8,GB,999.0,999,999,0,0,0,1,0,0,0,0,0,0.0,0,0,0,0,0,0,0.00,0,0,0,0,0.00,0.00,0,0,0,0,0,0,0,0,0.0,0.0,0,0,0,0,0,NA,0,0,0.0%,NA,NA,NA,0,NA,0,0,NA,NA,NA,NA,NA,0,NA,NA,NA,NA,NA,NA,NA,0,@ NYG,2,·,·,·
11,6847,Devin Duvernay,WR,28.0,CHI,999.0,999,999,0,0,0,1,0,0,75,0,0,0.0,0,0,0,0,0,0,0.00,0,0,0,0,0.00,0.00,0,0,0,0,0,0,0,0,0.0,0.0,0,0,0,0,0,NA,0,0,0.0%,NA,NA,NA,0,NA,0,0,NA,0.0,NA,NA,NA,0,NA,NA,NA,NA,NA,NA,NA,0,@ MIN,26,·,0.2,-0.2
11,11716,Tip Reiman,TE,24.0,ARI,999.0,999,999,0,0,0,1,0,0,0,0,0,0.0,0,0,0,0,0,0,0.00,0,0,0,0,0.00,0.00,0,0,0,0,0,0,0,0,0.0,0.0,0,0,0,0,0,NA,0,0,0.0%,NA,NA,NA,0,NA,0,0,NA,NA,NA,NA,NA,0,NA,NA,NA,NA,NA,NA,NA,0,vs SF,5,IR,IR,IR
11,7602,Kylen Granson,TE,27.5,PHI,50.0,50,50,1.4,0.9,0.4,1,1,0,72,15,0,0.0,0,0,0,0,0,0,0.00,0,0,0,0,0.00,0.00,1,3,1,1,0,2,1,4,4.0,2.0,0,0,0,4,0,NA,0,0,21.0%,NA,NA,NA,0,NA,1,2,0.500,1.0,5,7.1%,0.80,0,NA,NA,NA,NA,NA,0.200,NA,4,vs DET,19,·,0.6,0.8
11,2749,Raheem Mostert,RB,33.5,LV,52.0,53,58,3.3,2.3,1.3,1,1,0,60,15,0,0.0,0,0,0,0,0,0,0.00,6,0,0,0,0.00,0.00,2,-9,0,1,0,2,16,7,3.5,3.5,2,1,1,13,0,9,6,3,25.0%,2,4.70,1.000,1,1.470,2,4,0.500,2.0,NA,4.8%,NA,0,NA,NA,NA,NA,NA,NA,NA,13,vs DAL,5,·,3.0,0.3
11,8127,Charlie Kolar,TE,26.6,BAL,999.0,999,999,0,0,0,1,1,0,61,19,0,0.0,0,0,0,0,0,0,0.00,0,0,0,0,0.00,0.00,0,0,0,0,0,1,0,0,0.0,0.0,0,0,0,0,0,NA,0,0,31.0%,NA,NA,NA,0,NA,0,1,0.000,0.0,4,4.0%,0.00,0,NA,NA,NA,NA,NA,0.000,NA,0,@ CLE,21,·,2.6,-2.6
11,7585,Davis Mills,QB,26.9,HOU,10.0,10,10,16.36,16.36,16.36,1,1,1,70,70,0,63.4,192,41,26,12,15,0,90.90,288,4,1,274,6.68,10.54,0,0,0,0,0,0,0,0,0.0,0.0,2,0,0,14,0,NA,14,7,100.0%,NA,NA,NA,0,NA,13,43,NA,NA,NA,NA,NA,13,31.7%,2.39,2.4%,27.7%,8.60,NA,47.00,288,@ TEN,13,·,16.4,0.0
11,6290,Scotty Miller,WR,28.2,PIT,999.0,999,999,0,0,0,1,1,0,65,2,0,0.0,0,0,0,0,0,0,0.00,0,0,0,0,0.00,0.00,0,0,0,0,0,0,0,0,0.0,0.0,0,0,0,0,0,NA,0,0,3.0%,NA,NA,NA,0,NA,0,0,NA,0.0,NA,NA,NA,0,NA,NA,NA,NA,NA,NA,NA,0,vs CIN,15,·,0.6,-0.6
11,10228,Charlie Jones,WR,26.9,CIN,999.0,999,999,0,0,0,1,0,0,66,0,0,0.0,0,0,0,0,0,0,0.00,0,0,0,0,0.00,0.00,0,0,0,0,0,0,0,0,0.0,0.0,0,0,0,0,0,NA,0,0,0.0%,NA,NA,NA,0,NA,0,0,NA,0.0,NA,NA,NA,0,NA,NA,NA,NA,NA,NA,NA,0,@ PIT,2,·,0.2,-0.2
11,6659,Craig Reynolds,RB,29.3,DET,0.0,0,0,0,0,0,0,0,0,0,0,0,0.0,0,0,0,0,0,0,0.00,0,0,0,0,0.00,0.00,0,0,0,0,0,0,0,0,0.0,0.0,0,0,0,0,0,NA,0,0,0.0%,NA,NA,NA,0,NA,0,0,NA,NA,NA,NA,NA,0,NA,NA,NA,NA,NA,NA,NA,0,@ PHI,11,OUT,OUT,OUT
11,4574,Cooper Rush,QB,31.8,BAL,0.0,0,0,0,0,0,0,0,0,0,0,0,0.0,0,0,0,0,0,0,0.00,0,0,0,0,0.00,0.00,0,0,0,0,0,0,0,0,0.0,0.0,0,0,0,0,0,NA,0,0,0.0%,NA,NA,NA,0,NA,0,0,NA,NA,NA,NA,NA,0,NA,NA,NA,NA,NA,NA,NA,0,@ CLE,28,OUT,OUT,OUT
11,4663,Austin Ekeler,RB,30.4,WAS,999.0,999,999,0,0,0,1,0,0,0,0,0,0.0,0,0,0,0,0,0,0.00,0,0,0,0,0.00,0.00,0,0,0,0,0,0,0,0,0.0,0.0,0,0,0,0,0,NA,0,0,0.0%,NA,NA,NA,0,NA,0,0,NA,NA,NA,NA,NA,0,NA,NA,NA,NA,NA,NA,NA,0,@ MIA,9,IR,IR,IR
11,8489,Andrew Ogletree,TE,27.2,IND,0.0,0,0,0,0,0,0,0,0,0,0,0,0.0,0,0,0,0,0,0,0.00,0,0,0,0,0.00,0.00,0,0,0,0,0,0,0,0,0.0,0.0,0,0,0,0,0,NA,0,0,0.0%,NA,NA,NA,0,NA,0,0,NA,NA,NA,NA,NA,0,NA,NA,NA,NA,NA,NA,NA,0,BYE,BYE,BYE,BYE,BYE
11,8159,Desmond Ridder,QB,26.1,MIN,0.0,0,0,0,0,0,0,0,0,0,0,0,0.0,0,0,0,0,0,0,0.00,0,0,0,0,0.00,0.00,0,0,0,0,0,0,0,0,0.0,0.0,0,0,0,0,0,NA,0,0,0.0%,NA,NA,NA,0,NA,0,0,NA,NA,NA,NA,NA,0,NA,NA,NA,NA,NA,NA,NA,0,vs CHI,3,·,·,·
11,8253,Deven Thompkins,WR,25.8,ATL,999.0,999,999,0,0,0,1,0,0,0,0,0,0.0,0,0,0,0,0,0,0.00,0,0,0,0,0.00,0.00,0,0,0,0,0,0,0,0,0.0,0.0,0,0,0,0,0,NA,0,0,0.0%,NA,NA,NA,0,NA,0,0,NA,NA,NA,NA,NA,0,NA,NA,NA,NA,NA,NA,NA,0,vs CAR,28,·,·,·
11,12725,Luke Lachey,TE,24.2,HOU,999.0,999,999,0,0,0,1,0,0,0,0,0,0.0,0,0,0,0,0,0,0.00,0,0,0,0,0.00,0.00,0,0,0,0,0,0,0,0,0.0,0.0,0,0,0,0,0,NA,0,0,0.0%,NA,NA,NA,0,NA,0,0,NA,NA,NA,NA,NA,0,NA,NA,NA,NA,NA,NA,NA,0,@ TEN,24,·,·,·