WK,SLPR_ID,NM,POS,AGE,TM,PRK_PPR,PRK_0.5P,PRK_STD,FPT_PPR,FPTS_0.5,FPTS_STD,GM_ACTV,GM_P,GM,TM_SNP,SNP,FUM,CMP PCT,paAY,paATT,CMP,pa1D,INC,INT,paRTG,pa.ruYDS,SAC,paTD,paYDS,paYPA,paYPC,REC,recAY,DRP,rec1D,recTD,TGT,YAC,recYDS,YPR,YPT,CAR,BTKL,ru1D,ru.recYDS,ruTD,YCO,ruYDS,YPC,SNP%,MTF,YCO/A,MTF/A,ruIMP,ELU,IMP,OPP,IMP/OPP,IMP/G,RR,TS%,YPRR,pIMP,pIMP/A,TTT,DP%,PRS%,AYA,1DRR,DB,YDS(t),VS,vsRK,INJ,PROJ,FPOE
12,4984,Josh Allen,QB,29.4,BUF,22,22,22,10.12,10.12,10.12,1,1,1,66,66,0,70.6,73,34,24,9,10,2,67.40,273,8,0,253,7.44,10.54,0,0,0,0,0,0,0,0,0.0,0.0,5,0,2,20,0,NA,20,4,100.0%,NA,NA,NA,2,NA,11,39,NA,NA,NA,NA,NA,9,26.5%,2.55,2.9%,33.3%,5.10,NA,45,273,@ HOU,32,·,25.9,-15.8
12,9509,Bijan Robinson,RB,23.7,ATL,14,14,14,14.7,13.7,12.7,1,1,1,56,37,0,0.0,0,0,0,0,0,0,0.00,70,0,0,0,0.00,0.00,2,-10,0,1,0,2,47,37,18.5,18.5,14,1,2,107,0,49,70,5,66.1%,6,3.50,0.429,2,0.779,3,16,0.188,3.0,NA,8.7%,NA,0,NA,NA,NA,NA,NA,NA,NA,107,@ NO,15,·,20.9,
12,7564,Ja'Marr Chase,WR,25.6,CIN,999,999,999,0,0,0,1,0,0,0,0,0,0.0,0,0,0,0,0,0,0.00,0,0,0,0,0.00,0.00,0,0,0,0,0,0,0,0,0.0,0.0,0,0,0,0,0,NA,0,0,NA,NA,NA,NA,0,NA,0,0,NA,NA,NA,NA,NA,0,NA,NA,NA,NA,NA,NA,NA,0,vs NE,14,SUS,SUS,
12,9493,Puka Nacua,WR,24.3,LAR,15,16,20,16.7,13.2,9.7,1,1,1,56,46,0,0.0,0,0,0,0,0,0,0.00,0,0,0,0,0.00,0.00,7,59,0,5,0,11,38,97,13.9,8.8,0,0,0,97,0,NA,0,0,82.1%,NA,NA,NA,0,NA,5,11,0.455,5.0,30,31.4%,3.23,0,NA,NA,NA,NA,NA,0.167,NA,97,vs TB,12,·,19.8,
12,4881,Lamar Jackson,QB,28.7,BAL,25,25,25,7.22,7.22,7.22,1,1,1,63,63,1,56.5,102,23,13,7,10,0,76.90,164,1,0,153,6.65,11.77,0,0,0,0,0,0,0,0,0.0,0.0,7,0,0,11,0,NA,11,1.57,100.0%,NA,NA,NA,0,NA,7,30,NA,NA,NA,NA,NA,7,30.4%,3.12,21.7%,24.1%,10.90,NA,29,164,vs NYJ,11,·,24.5,
12,11566,Jayden Daniels,QB,24.8,WAS,0,0,0,0,0,0,0,0,0,0,0,0,0.0,0,0,0,0,0,0,0.00,0,0,0,0,0.00,0.00,0,0,0,0,0,0,0,0,0.0,0.0,0,0,0,0,0,NA,0,0,NA,NA,NA,NA,0,NA,0,0,NA,NA,NA,NA,NA,0,NA,NA,NA,NA,NA,NA,NA,0,BYE,BYE,BYE,BYE,
12,9221,Jahmyr Gibbs,RB,23.5,DET,1,1,1,55.4,49.9,44.4,1,1,1,68,50,0,0.0,0,0,0,0,0,0,0.00,219,0,0,0,0.00,0.00,11,-13,0,2,1,12,58,45,4.1,3.8,15,1,5,264,2,125,219,14.6,73.5%,7,8.30,0.467,7,1.297,10,27,0.370,10.0,NA,28.6%,NA,0,NA,NA,NA,NA,NA,NA,NA,264,vs NYG,3,·,22.4,
12,6794,Justin Jefferson,WR,26.3,MIN,37,39,42,8.8,6.8,4.8,1,1,1,44,44,0,0.0,0,0,0,0,0,0,0.00,0,0,0,0,0.00,0.00,4,39,0,2,0,6,9,48,12.0,8.0,0,0,0,48,0,NA,0,0,100.0%,NA,NA,NA,0,NA,2,6,0.333,2.0,24,31.6%,2.00,0,NA,NA,NA,NA,NA,0.083,NA,48,@ GB,23,·,15.5,
12,9488,Jaxon Smith-Njigba,WR,23.6,SEA,1.0,1,1,37.1,33.1,29.1,1,1,1,48,38,0,0.0,0,0,0,0,0,0,0.00,4,0,0,0,0.00,0.00,8,111,1,3,2,10,56,167,20.9,16.7,1,0,0,171,0,NA,4,4,79.2%,NA,NA,NA,0,NA,5,11,0.455,5.0,26,38.5%,6.42,0,NA,NA,NA,NA,NA,0.115,NA,171,@ TEN,8,·,20.4,
12,7547,Amon-Ra St. Brown,WR,25.9,DET,3.0,3,3,29.9,25.4,20.9,1,1,1,68,66,0,0.0,0,0,0,0,0,0,0.00,0,0,0,0,0.00,0.00,9,96,2,6,1,13,53,149,16.6,11.5,0,0,0,149,0,NA,0,0,97.1%,NA,NA,NA,0,NA,7,13,0.538,7.0,41,31.0%,3.63,0,NA,NA,NA,NA,NA,0.146,NA,149,vs NYG,6,·,19.4,
12,6786,CeeDee Lamb,WR,26.5,DAL,28.0,29,29,11.5,9.5,7.5,1,1,1,74,63,0,0.0,0,0,0,0,0,0,0.00,0,0,0,0,0.00,0.00,4,66,2,2,0,11,9,75,18.8,6.8,0,0,0,75,0,NA,0,0,85.1%,NA,NA,NA,0,NA,2,11,0.182,2.0,32,30.6%,2.34,0,NA,NA,NA,NA,NA,0.063,NA,75,vs PHI,20,·,18.6,
12,11632,Malik Nabers,WR,22.2,NYG,999.0,999,999,0,0,0,1,0,0,0,0,0,0.0,0,0,0,0,0,0,0.00,0,0,0,0,0.00,0.00,0,0,0,0,0,0,0,0,0.0,0.0,0,0,0,0,0,NA,0,0,NA,NA,NA,NA,0,NA,0,0,NA,NA,NA,NA,NA,0,NA,NA,NA,NA,NA,NA,NA,0,@ DET,11,IR,IR,
12,11564,Drake Maye,QB,23.1,NE,12.0,12,12,16.96,16.96,16.96,1,1,1,71,71,0,62.9,189,35,22,11,13,1,87.10,316,1,1,294,8.40,13.36,0,0,0,0,0,0,0,0,0.0,0.0,5,0,2,22,0,NA,22,4.4,100.0%,NA,NA,NA,2,NA,14,40,NA,NA,NA,NA,NA,12,34.3%,3.05,2.9%,35.9%,8.40,NA,39,316,@ CIN,2,·,25.3,
12,12514,Emeka Egbuka,WR,23.0,TB,47.0,51,52,6.2,4.7,3.2,1,1,1,70,63,0,0.0,0,0,0,0,0,0,0.00,0,0,0,0,0.00,0.00,3,9,0,1,0,8,23,32,10.7,4.0,0,0,0,32,0,NA,0,0,90.0%,NA,NA,NA,0,NA,1,8,0.125,1.0,37,23.5%,0.86,0,NA,NA,NA,NA,NA,0.027,NA,32,@ LAR,16,·,12.3,
12,11604,Brock Bowers,TE,22.8,LV,7.0,10,12,11.5,8.5,5.5,1,1,1,79,76,0,0.0,0,0,0,0,0,0,0.00,0,0,0,0,0.00,0.00,6,40,0,3,0,9,15,55,9.2,6.1,0,0,0,55,0,NA,0,0,96.2%,NA,NA,NA,0,NA,3,9,0.333,3.0,51,20.5%,1.08,0,NA,NA,NA,NA,NA,0.059,NA,55,vs CLE,20,·,15.1,
12,6904,Jalen Hurts,QB,27.1,PHI,2.0,2,2,30.86,30.86,30.86,1,1,1,63,63,0,69.2,155,39,27,13,12,0,99.20,322,1,1,289,7.41,10.70,0,0,0,0,0,0,0,0,0.0,0.0,7,0,1,33,2,NA,33,4.71,100.0%,NA,NA,NA,3,NA,17,46,NA,NA,NA,NA,NA,14,35.9%,2.88,7.7%,38.1%,8.50,NA,42,322,@ DAL,1,·,25.7,
12,12527,Ashton Jeanty,RB,21.8,LV,4.0,5,8,24.8,20.8,16.8,1,1,1,79,64,0,0.0,0,0,0,0,0,0,0.00,50,0,0,0,0.00,0.00,8,-20,0,3,1,8,78,58,7.3,7.3,17,1,1,108,0,53,50,2.94,81.0%,8,3.10,0.471,1,0.781,5,25,0.200,5.0,NA,18.2%,NA,0,NA,NA,NA,NA,NA,NA,NA,108,vs CLE,28,·,14.3,
12,6797,Justin Herbert,QB,27.6,LAC,0.0,0,0,0,0,0,0,0,0,0,0,0,0.0,0,0,0,0,0,0,0.00,0,0,0,0,0.00,0.00,0,0,0,0,0,0,0,0,0.0,0.0,0,0,0,0,0,NA,0,0,NA,NA,NA,NA,0,NA,0,0,NA,NA,NA,NA,NA,0,NA,NA,NA,NA,NA,NA,NA,0,BYE,BYE,BYE,BYE,
12,6813,Jonathan Taylor,RB,26.7,IND,28.0,26,25,8.6,7.6,6.6,1,1,1,51,46,0,0.0,0,0,0,0,0,0,0.00,58,0,0,0,0.00,0.00,2,-6,1,0,0,3,14,8,4.0,2.7,16,3,2,66,0,46,58,3.63,90.2%,4,2.90,0.250,2,0.540,2,19,0.105,2.0,NA,9.7%,NA,0,NA,NA,NA,NA,NA,NA,NA,66,@ KC,26,·,22.5,
12,8112,Drake London,WR,24.2,ATL,0.0,0,0,0,0,0,0,0,0,0,0,0,0.0,0,0,0,0,0,0,0.00,0,0,0,0,0.00,0.00,0,0,0,0,0,0,0,0,0.0,0.0,0,0,0,0,0,NA,0,0,NA,NA,NA,NA,0,NA,0,0,NA,NA,NA,NA,NA,0,NA,NA,NA,NA,NA,NA,NA,0,@ NO,17,OUT,OUT,
12,4046,Patrick Mahomes,QB,30.0,KC,10.0,10,10,18.08,18.08,18.08,1,1,1,96,96,0,63.0,134,46,29,15,17,1,77.40,382,4,0,352,7.65,12.14,0,0,0,0,0,0,0,0,0.0,0.0,4,0,2,30,0,NA,30,7.5,100.0%,NA,NA,NA,2,NA,17,50,NA,NA,NA,NA,NA,15,32.6%,3.10,8.7%,27.8%,7.60,NA,54,382,vs IND,20,·,24.9,
12,6770,Joe Burrow,QB,28.8,CIN,999.0,999,999,0,0,0,1,0,0,0,0,0,0.0,0,0,0,0,0,0,0.00,0,0,0,0,0.00,0.00,0,0,0,0,0,0,0,0,0.0,0.0,0,0,0,0,0,NA,0,0,NA,NA,NA,NA,0,NA,0,0,NA,NA,NA,NA,NA,0,NA,NA,NA,NA,NA,NA,NA,0,vs NE,17,IR,20.1,
12,9226,De'Von Achane,RB,24.0,MIA,0.0,0,0,0,0,0,0,0,0,0,0,0,0.0,0,0,0,0,0,0,0.00,0,0,0,0,0.00,0.00,0,0,0,0,0,0,0,0,0.0,0.0,0,0,0,0,0,NA,0,0,NA,NA,NA,NA,0,NA,0,0,NA,NA,NA,NA,NA,0,NA,NA,NA,NA,NA,NA,NA,0,BYE,BYE,BYE,BYE,
12,8130,Trey McBride,TE,25.8,ARI,2.0,3,6,16.9,12.4,7.9,1,1,1,84,74,0,0.0,0,0,0,0,0,0,0.00,0,0,0,0,0.00,0.00,9,43,0,6,0,10,36,79,8.8,7.9,0,0,0,79,0,NA,0,0,88.1%,NA,NA,NA,0,NA,6,10,0.600,6.0,52,20.0%,1.52,0,NA,NA,NA,NA,NA,0.115,NA,79,vs JAX,2,·,18.5,
12,12507,Omarion Hampton,RB,22.5,LAC,0.0,0,0,0,0,0,0,0,0,0,0,0,0.0,0,0,0,0,0,0,0.00,0,0,0,0,0.00,0.00,0,0,0,0,0,0,0,0,0.0,0.0,0,0,0,0,0,NA,0,0,NA,NA,NA,NA,0,NA,0,0,NA,NA,NA,NA,NA,0,NA,NA,NA,NA,NA,NA,NA,0,BYE,BYE,BYE,BYE,
12,11620,Rome Odunze,WR,23.3,CHI,39.0,38,39,8.3,6.8,5.3,1,1,1,65,51,0,0.0,0,0,0,0,0,0,0.00,0,0,0,0,0.00,0.00,3,33,0,3,0,9,20,53,17.7,5.9,0,0,0,53,0,NA,0,0,78.5%,NA,NA,NA,0,NA,3,9,0.333,3.0,30,25.7%,1.77,0,NA,NA,NA,NA,NA,0.100,NA,53,vs PIT,3,·,11.8,
12,12526,Tetairoa McMillan,WR,22.5,CAR,29.0,27,21,11.5,10.5,9.5,1,1,1,46,42,0,0.0,0,0,0,0,0,0,0.00,0,0,0,0,0.00,0.00,2,35,1,0,1,7,0,35,17.5,5.0,0,0,0,35,0,NA,0,0,91.3%,NA,NA,NA,0,NA,1,7,0.143,1.0,29,24.1%,1.21,0,NA,NA,NA,NA,NA,0.000,NA,35,@ SF,25,·,14.8,
12,11560,Caleb Williams,QB,23.9,CHI,6.0,6,6,21.66,21.66,21.66,1,1,1,65,65,1,54.3,141,35,19,8,16,0,104.30,260,1,3,239,6.83,12.58,0,0,0,0,0,0,0,0,0.0,0.0,4,0,1,21,0,NA,21,5.25,100.0%,NA,NA,NA,1,NA,12,39,NA,NA,NA,NA,NA,11,31.4%,2.68,2.9%,15.8%,8.10,NA,38,260,vs PIT,8,·,18.1,
12,12518,Tyler Warren,TE,23.4,IND,13.0,14,15,9.5,7,4.5,1,1,1,51,44,0,0.0,0,0,0,0,0,0,0.00,0,0,0,0,0.00,0.00,5,5,0,2,0,7,40,45,9.0,6.4,0,0,0,45,0,NA,0,0,86.3%,NA,NA,NA,0,NA,2,7,0.286,2.0,25,22.6%,1.80,0,NA,NA,NA,NA,NA,0.080,NA,45,@ KC,26,·,12.4,
12,12512,Quinshon Judkins,RB,21.9,CLE,10.0,9,9,16.7,16.7,16.7,1,1,1,51,25,0,0.0,0,0,0,0,0,0,0.00,47,0,0,0,0.00,0.00,0,0,0,0,0,0,0,0,0.0,0.0,16,2,1,47,2,54,47,2.94,49.0%,5,3.40,0.313,3,0.653,3,16,0.188,3.0,NA,0.0%,NA,0,NA,NA,NA,NA,NA,NA,NA,47,@ LV,19,·,13.7,
12,11584,Bucky Irving,RB,23.1,TB,0.0,0,0,0,0,0,0,0,0,0,0,0,0.0,0,0,0,0,0,0,0.00,0,0,0,0,0.00,0.00,0,0,0,0,0,0,0,0,0.0,0.0,0,0,0,0,0,NA,0,0,NA,NA,NA,NA,0,NA,0,0,NA,NA,NA,NA,NA,0,NA,NA,NA,NA,NA,NA,NA,0,@ LAR,30,OUT,OUT,
12,11631,Brian Thomas Jr.,WR,23.0,JAX,0.0,0,0,0,0,0,0,0,0,0,0,0,0.0,0,0,0,0,0,0,0.00,0,0,0,0,0.00,0.00,0,0,0,0,0,0,0,0,0.0,0.0,0,0,0,0,0,NA,0,0,NA,NA,NA,NA,0,NA,0,0,NA,NA,NA,NA,NA,0,NA,NA,NA,NA,NA,NA,NA,0,@ ARI,21,OUT,OUT,
12,8138,James Cook,RB,26.0,BUF,6.0,6,5,21.9,20.4,18.9,1,1,1,66,36,0,0.0,0,0,0,0,0,0,0.00,116,0,0,0,0.00,0.00,3,1,0,0,0,3,12,13,4.3,4.3,17,0,2,129,1,97,116,6.82,54.5%,3,5.70,0.176,3,0.746,3,20,0.150,3.0,NA,8.8%,NA,0,NA,NA,NA,NA,NA,NA,NA,129,@ HOU,25,·,19.3,
12,4892,Baker Mayfield,QB,30.4,TB,27.0,27,27,5.54,5.54,5.54,1,1,1,70,39,0,47.4,20,19,9,2,10,2,32.00,60,2,1,41,2.16,4.56,0,0,0,0,0,0,0,0,0.0,0.0,4,0,2,19,0,NA,19,4.75,55.7%,NA,NA,NA,2,NA,5,23,NA,NA,NA,NA,NA,3,15.8%,2.89,10.5%,33.3%,8.00,NA,24,60,@ LAR,27,·,20.4,
12,7569,Nico Collins,WR,26.5,HOU,38.0,37,37,8.5,7,5.5,1,1,1,59,44,0,0.0,0,0,0,0,0,0,0.00,0,0,0,0,0.00,0.00,3,36,0,2,0,3,19,55,18.3,18.3,0,0,0,55,0,NA,0,0,74.6%,NA,NA,NA,0,NA,2,3,0.667,2.0,24,10.0%,2.29,0,NA,NA,NA,NA,NA,0.083,NA,55,vs BUF,22,·,15.7,
12,8146,Garrett Wilson,WR,25.2,NYJ,999.0,999,999,0,0,0,1,0,0,0,0,0,0.0,0,0,0,0,0,0,0.00,0,0,0,0,0.00,0.00,0,0,0,0,0,0,0,0,0.0,0.0,0,0,0,0,0,NA,0,0,NA,NA,NA,NA,0,NA,0,0,NA,NA,NA,NA,NA,0,NA,NA,NA,NA,NA,NA,NA,0,@ BAL,9,IR,IR,
12,6804,Jordan Love,QB,26.9,GB,26.0,26,26,7.06,7.06,7.06,1,1,1,66,60,0,66.7,80,21,14,8,7,0,85.20,154,1,0,139,6.62,9.93,0,0,0,0,0,0,0,0,0.0,0.0,3,0,1,15,0,NA,15,5,90.9%,NA,NA,NA,1,NA,9,24,NA,NA,NA,NA,NA,8,38.1%,2.81,4.8%,47.8%,8.20,NA,23,154,vs MIN,21,·,18.1,
12,10229,Rashee Rice,WR,25.4,KC,6.0,8,9,24.1,20.1,16.1,1,1,1,96,60,0,0.0,0,0,0,0,0,0,0.00,0,0,0,0,0.00,0.00,8,33,0,6,0,12,108,141,17.6,11.8,0,0,0,141,0,NA,0,0,62.5%,NA,NA,NA,0,NA,6,12,0.500,6.0,36,26.1%,3.92,0,NA,NA,NA,NA,NA,0.167,NA,141,vs IND,10,·,17.5,
12,4866,Saquon Barkley,RB,28.6,PHI,19.0,24,30,12.4,8.9,5.4,1,1,1,63,52,1,0.0,0,0,0,0,0,0,0.00,22,0,0,0,0.00,0.00,7,0,0,3,0,8,52,52,7.4,6.5,10,0,1,74,0,26,22,2.2,82.5%,4,2.60,0.400,1,0.660,4,18,0.222,4.0,NA,20.5%,NA,0,NA,NA,NA,NA,NA,NA,NA,74,@ DAL,8,·,16.9,
12,11563,Bo Nix,QB,25.6,DEN,0.0,0,0,0,0,0,0,0,0,0,0,0,0.0,0,0,0,0,0,0,0.00,0,0,0,0,0.00,0.00,0,0,0,0,0,0,0,0,0.0,0.0,0,0,0,0,0,NA,0,0,NA,NA,NA,NA,0,NA,0,0,NA,NA,NA,NA,NA,0,NA,NA,NA,NA,NA,NA,NA,0,BYE,BYE,BYE,BYE,
12,12508,Jaxson Dart,QB,22.4,NYG,0.0,0,0,0,0,0,0,0,0,0,0,0,0.0,0,0,0,0,0,0,0.00,0,0,0,0,0.00,0.00,0,0,0,0,0,0,0,0,0.0,0.0,0,0,0,0,0,NA,0,0,NA,NA,NA,NA,0,NA,0,0,NA,NA,NA,NA,NA,0,NA,NA,NA,NA,NA,NA,NA,0,@ DET,12,OUT,OUT,
12,11635,Ladd McConkey,WR,23.9,LAC,0.0,0,0,0,0,0,0,0,0,0,0,0,0.0,0,0,0,0,0,0,0.00,0,0,0,0,0.00,0.00,0,0,0,0,0,0,0,0,0.0,0.0,0,0,0,0,0,NA,0,0,NA,NA,NA,NA,0,NA,0,0,NA,NA,NA,NA,NA,0,NA,NA,NA,NA,NA,NA,NA,0,BYE,BYE,BYE,BYE,
12,4034,Christian McCaffrey,RB,29.3,SF,2.0,3,4,27.2,23.7,20.2,1,1,1,70,58,1,0.0,0,0,0,0,0,0,0.00,89,0,0,0,0.00,0.00,7,1,0,4,0,7,52,53,7.6,7.6,24,0,5,142,1,62,89,3.71,82.9%,11,2.60,0.458,6,0.718,10,31,0.323,10.0,NA,21.9%,NA,0,NA,NA,NA,NA,NA,NA,NA,142,vs CAR,13,·,24.2,
12,8137,George Pickens,WR,24.6,DAL,4.0,4,4,29.6,25.1,20.6,1,1,1,74,58,0,0.0,0,0,0,0,0,0,0.00,0,0,0,0,0.00,0.00,9,117,0,6,1,9,29,146,16.2,16.2,0,0,0,146,0,NA,0,0,78.4%,NA,NA,NA,0,NA,7,9,0.778,7.0,30,25.0%,4.87,0,NA,NA,NA,NA,NA,0.200,NA,146,vs PHI,20,·,15.0,
12,11628,Marvin Harrison Jr.,WR,23.1,ARI,0.0,0,0,0,0,0,0,0,0,0,0,0,0.0,0,0,0,0,0,0,0.00,0,0,0,0,0.00,0.00,0,0,0,0,0,0,0,0,0.0,0.0,0,0,0,0,0,NA,0,0,NA,NA,NA,NA,0,NA,0,0,NA,NA,NA,NA,NA,0,NA,NA,NA,NA,NA,NA,NA,0,vs JAX,13,OUT,OUT,
12,5850,Josh Jacobs,RB,27.6,GB,0.0,0,0,0,0,0,0,0,0,0,0,0,0.0,0,0,0,0,0,0,0.00,0,0,0,0,0.00,0.00,0,0,0,0,0,0,0,0,0.0,0.0,0,0,0,0,0,NA,0,0,NA,NA,NA,NA,0,NA,0,0,NA,NA,NA,NA,NA,0,NA,NA,NA,NA,NA,NA,NA,0,vs MIN,20,Q,14.5,
12,8150,Kyren Williams,RB,25.1,LAR,38.0,35,33,5.8,5.3,4.8,1,1,1,56,37,0,0.0,0,0,0,0,0,0,0.00,46,0,0,0,0.00,0.00,1,2,0,0,0,1,0,2,2.0,2.0,12,2,2,48,0,36,46,3.83,66.1%,2,3.00,0.167,2,0.467,2,13,0.154,2.0,NA,2.9%,NA,0,NA,NA,NA,NA,NA,NA,NA,48,vs TB,6,·,13.4,
12,12481,Cam Skattebo,RB,23.6,NYG,999.0,999,999,0,0,0,1,0,0,0,0,0,0.0,0,0,0,0,0,0,0.00,0,0,0,0,0.00,0.00,0,0,0,0,0,0,0,0,0.0,0.0,0,0,0,0,0,NA,0,0,NA,NA,NA,NA,0,NA,0,0,NA,NA,NA,NA,NA,0,NA,NA,NA,NA,NA,NA,NA,0,@ DET,31,IR,IR,
12,8155,Breece Hall,RB,24.3,NYJ,15.0,16,19,13.9,11.9,9.9,1,1,1,59,42,1,0.0,0,0,0,0,0,0,0.00,44,0,0,0,0.00,0.00,4,-2,0,2,0,4,77,75,18.8,18.8,16,0,3,119,0,54,44,2.75,71.2%,3,3.40,0.188,3,0.528,5,20,0.250,5.0,NA,14.3%,NA,0,NA,NA,NA,NA,NA,NA,NA,119,@ BAL,10,·,12.5,
12,9758,C.J. Stroud,QB,24.0,HOU,0.0,0,0,0,0,0,0,0,0,0,0,0,0.0,0,0,0,0,0,0,0.00,0,0,0,0,0.00,0.00,0,0,0,0,0,0,0,0,0.0,0.0,0,0,0,0,0,NA,0,0,NA,NA,NA,NA,0,NA,0,0,NA,NA,NA,NA,NA,0,NA,NA,NA,NA,NA,NA,NA,0,vs BUF,29,OUT,OUT,
12,8183,Brock Purdy,QB,25.8,SF,20.0,20,20,10.32,10.32,10.32,1,1,1,70,70,0,71.9,74,32,23,10,9,3,58.50,209,0,1,193,6.03,8.39,0,0,0,0,0,0,0,0,0.0,0.0,6,0,4,16,0,NA,16,2.67,100.0%,NA,NA,NA,4,NA,15,38,NA,NA,NA,NA,NA,11,34.4%,2.90,9.4%,21.2%,6.40,NA,33,209,vs CAR,24,·,23.0,
12,3294,Dak Prescott,QB,32.2,DAL,3.0,3,3,28.06,28.06,28.06,1,1,1,74,74,0,63.9,225,36,23,14,13,1,103.20,363,1,2,354,9.83,15.39,0,0,0,0,0,0,0,0,0.0,0.0,5,0,0,9,1,NA,9,1.8,100.0%,NA,NA,NA,1,NA,17,41,NA,NA,NA,NA,NA,16,44.4%,2.81,16.7%,30.0%,10.40,NA,40,363,vs PHI,22,·,21.7,
12,5859,A.J. Brown,WR,28.2,PHI,5.0,5,7,25,21,17,1,1,1,63,59,0,0.0,0,0,0,0,0,0,0.00,0,0,0,0,0.00,0.00,8,72,0,5,1,10,38,110,13.8,11.0,0,0,0,110,0,NA,0,0,93.7%,NA,NA,NA,0,NA,6,10,0.600,6.0,38,25.6%,2.89,0,NA,NA,NA,NA,NA,0.132,NA,110,@ DAL,1,·,15.7,
12,12529,TreVeyon Henderson,RB,22.9,NE,22.0,21,22,11.1,9.6,8.1,1,1,1,71,46,0,0.0,0,0,0,0,0,0,0.00,66,0,0,0,0.00,0.00,3,3,0,0,0,4,12,15,5.0,3.8,18,1,4,81,0,34,66,3.67,64.8%,3,1.90,0.167,4,0.357,4,22,0.182,4.0,NA,11.4%,NA,0,NA,NA,NA,NA,NA,NA,NA,81,@ CIN,1,·,15.1,
12,11624,Xavier Worthy,WR,22.4,KC,33.0,34,35,9.9,7.9,5.9,1,1,1,96,74,0,0.0,0,0,0,0,0,0,0.00,0,0,0,0,0.00,0.00,4,54,0,2,0,8,5,59,14.8,7.4,0,0,0,59,0,NA,0,0,77.1%,NA,NA,NA,0,NA,2,8,0.250,2.0,42,17.4%,1.40,0,NA,NA,NA,NA,NA,0.048,NA,59,vs IND,10,Q,10.5,
12,10859,Sam LaPorta,TE,24.7,DET,999.0,999,999,0,0,0,1,0,0,0,0,0,0.0,0,0,0,0,0,0,0.00,0,0,0,0,0.00,0.00,0,0,0,0,0,0,0,0,0.0,0.0,0,0,0,0,0,NA,0,0,NA,NA,NA,NA,0,NA,0,0,NA,NA,NA,NA,NA,0,NA,NA,NA,NA,NA,NA,NA,0,vs NYG,22,IR,IR,
12,9484,Tucker Kraft,TE,24.9,GB,999.0,999,999,0,0,0,1,0,0,0,0,0,0.0,0,0,0,0,0,0,0.00,0,0,0,0,0.00,0.00,0,0,0,0,0,0,0,0,0.0,0.0,0,0,0,0,0,NA,0,0,NA,NA,NA,NA,0,NA,0,0,NA,NA,NA,NA,NA,0,NA,NA,NA,NA,NA,NA,NA,0,vs MIN,7,IR,IR,
12,3163,Jared Goff,QB,31.0,DET,9.0,9,9,18.16,18.16,18.16,1,1,1,68,68,0,66.7,110,42,28,11,14,1,91.30,279,3,2,279,6.64,9.96,0,0,0,0,0,0,0,0,0.0,0.0,0,0,0,0,0,NA,0,0,100.0%,NA,NA,NA,0,NA,13,42,NA,NA,NA,NA,NA,13,31.0%,2.69,9.5%,26.7%,5.20,NA,45,279,vs NYG,3,·,20.1,
12,9756,Jordan Addison,WR,23.7,MIN,999.0,999,999,0,0,0,1,1,1,44,43,0,0.0,0,0,0,0,0,0,0.00,0,0,0,0,0.00,0.00,0,0,0,0,0,1,0,0,0.0,0.0,0,0,0,0,0,NA,0,0,97.7%,NA,NA,NA,0,NA,0,1,0.000,0.0,24,5.3%,0.00,0,NA,NA,NA,NA,NA,0.000,NA,0,@ GB,23,·,10.4,
12,12530,Travis Hunter,WR,22.4,JAX,999.0,999,999,0,0,0,1,0,0,0,0,0,0.0,0,0,0,0,0,0,0.00,0,0,0,0,0.00,0.00,0,0,0,0,0,0,0,0,0.0,0.0,0,0,0,0,0,NA,0,0,NA,NA,NA,NA,0,NA,0,0,NA,NA,NA,NA,NA,0,NA,NA,NA,NA,NA,NA,NA,0,@ ARI,21,IR,IR,
12,5870,Daniel Jones,QB,28.3,IND,13.0,13,13,16.84,16.84,16.84,1,1,1,51,51,0,61.3,55,31,19,4,12,0,99.00,197,0,2,181,5.84,9.53,0,0,0,0,0,0,0,0,0.0,0.0,3,0,2,16,0,NA,16,5.33,100.0%,NA,NA,NA,2,NA,8,34,NA,NA,NA,NA,NA,6,19.4%,2.40,0.0%,40.6%,4.70,NA,32,197,@ KC,23,·,19.9,
12,7526,Jaylen Waddle,WR,26.8,MIA,0.0,0,0,0,0,0,0,0,0,0,0,0,0.0,0,0,0,0,0,0,0.00,0,0,0,0,0.00,0.00,0,0,0,0,0,0,0,0,0.0,0.0,0,0,0,0,0,NA,0,0,NA,NA,NA,NA,0,NA,0,0,NA,NA,NA,NA,NA,0,NA,NA,NA,NA,NA,NA,NA,0,BYE,BYE,BYE,BYE,
12,6801,Tee Higgins,WR,26.7,CIN,40.0,42,54,8.1,5.6,3.1,1,1,1,65,50,0,0.0,0,0,0,0,0,0,0.00,0,0,0,0,0.00,0.00,5,23,1,1,0,6,8,31,6.2,5.2,0,0,0,31,0,NA,0,0,76.9%,NA,NA,NA,0,NA,1,6,0.167,1.0,25,15.8%,1.24,0,NA,NA,NA,NA,NA,0.040,NA,31,vs NE,14,·,16.3,
12,9754,Quentin Johnston,WR,24.1,LAC,0.0,0,0,0,0,0,0,0,0,0,0,0,0.0,0,0,0,0,0,0,0.00,0,0,0,0,0.00,0.00,0,0,0,0,0,0,0,0,0.0,0.0,0,0,0,0,0,NA,0,0,NA,NA,NA,NA,0,NA,0,0,NA,NA,NA,NA,NA,0,NA,NA,NA,NA,NA,NA,NA,0,BYE,BYE,BYE,BYE,
12,7525,DeVonta Smith,WR,26.9,PHI,21.0,20,25,14.9,11.9,8.9,1,1,1,63,60,0,0.0,0,0,0,0,0,0,0.00,0,0,0,0,0.00,0.00,6,71,0,4,0,11,18,89,14.8,8.1,0,0,0,89,0,NA,0,0,95.2%,NA,NA,NA,0,NA,4,11,0.364,4.0,40,28.2%,2.23,0,NA,NA,NA,NA,NA,0.100,NA,89,@ DAL,1,·,15.9,
12,5846,DK Metcalf,WR,27.8,PIT,22.0,21,22,14.4,11.9,9.4,1,1,1,72,61,0,0.0,0,0,0,0,0,0,0.00,12,0,0,0,0.00,0.00,5,10,0,2,0,8,12,22,4.4,2.8,2,0,0,34,1,NA,12,6,84.7%,NA,NA,NA,1,NA,3,10,0.300,3.0,28,25.8%,0.79,0,NA,NA,NA,NA,NA,0.071,NA,34,@ CHI,5,·,13.0,
12,9997,Zay Flowers,WR,25.0,BAL,27.0,30,31,11.9,9.4,6.9,1,1,1,63,53,0,0.0,0,0,0,0,0,0,0.00,11,0,0,0,0.00,0.00,5,37,1,3,0,6,21,58,11.6,9.7,2,0,1,69,0,NA,11,5.5,84.1%,NA,NA,NA,1,NA,4,8,0.500,4.0,24,26.1%,2.42,0,NA,NA,NA,NA,NA,0.125,NA,69,vs NYJ,18,·,14.8,
12,12522,Cam Ward,QB,23.3,TEN,4.0,4,4,23.94,23.94,23.94,1,1,1,76,76,0,66.7,98,42,28,11,14,0,91.00,293,4,1,256,6.10,9.14,0,0,0,0,0,0,0,0,0.0,0.0,6,0,3,37,1,NA,37,6.17,100.0%,NA,NA,NA,4,NA,16,48,NA,NA,NA,NA,NA,12,28.6%,3.02,7.1%,42.0%,5.00,NA,50,293,vs SEA,10,·,14.6,
12,11638,Ricky Pearsall,WR,25.0,SF,78.0,80,89,2.8,1.8,0.8,1,1,1,70,53,0,0.0,0,0,0,0,0,0,0.00,2,0,0,0,0.00,0.00,2,1,0,1,0,4,5,6,3.0,1.5,1,0,0,8,0,NA,2,2,75.7%,NA,NA,NA,0,NA,1,5,0.200,1.0,28,12.5%,0.21,0,NA,NA,NA,NA,NA,0.036,NA,8,vs CAR,29,·,11.3,
12,8144,Chris Olave,WR,25.2,NO,18.0,23,30,16,11.5,7,1,1,1,80,64,0,0.0,0,0,0,0,0,0,0.00,0,0,0,0,0.00,0.00,9,41,0,4,0,13,29,70,7.8,5.4,0,0,0,70,0,NA,0,0,80.0%,NA,NA,NA,0,NA,4,13,0.308,4.0,45,28.9%,1.56,0,NA,NA,NA,NA,NA,0.089,NA,70,vs ATL,15,·,16.8,
12,11559,Michael Penix Jr.,QB,25.4,ATL,999.0,999,999,0,0,0,1,0,0,0,0,0,0.0,0,0,0,0,0,0,0.00,0,0,0,0,0.00,0.00,0,0,0,0,0,0,0,0,0.0,0.0,0,0,0,0,0,NA,0,0,NA,NA,NA,NA,0,NA,0,0,NA,NA,NA,NA,NA,0,NA,NA,NA,NA,NA,NA,NA,0,@ NO,19,IR,IR,
12,8151,Kenneth Walker III,RB,24.9,SEA,17.0,17,17,13.1,11.6,10.1,1,1,1,48,30,0,0.0,0,0,0,0,0,0,0.00,71,0,0,0,0.00,0.00,3,-12,0,1,0,4,42,30,10.0,7.5,11,3,4,101,0,53,71,6.45,62.5%,7,4.80,0.636,4,1.116,5,15,0.333,5.0,NA,15.4%,NA,0,NA,NA,NA,NA,NA,NA,NA,101,@ TEN,7,Q,13.4,
12,12501,Matthew Golden,WR,22.2,GB,0.0,0,0,0,0,0,0,0,0,0,0,0,0.0,0,0,0,0,0,0,0.00,0,0,0,0,0.00,0.00,0,0,0,0,0,0,0,0,0.0,0.0,0,0,0,0,0,NA,0,0,NA,NA,NA,NA,0,NA,0,0,NA,NA,NA,NA,NA,0,NA,NA,NA,NA,NA,NA,NA,0,vs MIN,26,Q,5.7,
12,5849,Kyler Murray,QB,28.1,ARI,999.0,999,999,0,0,0,1,0,0,0,0,0,0.0,0,0,0,0,0,0,0.00,0,0,0,0,0.00,0.00,0,0,0,0,0,0,0,0,0.0,0.0,0,0,0,0,0,NA,0,0,NA,NA,NA,NA,0,NA,0,0,NA,NA,NA,NA,NA,0,NA,NA,NA,NA,NA,NA,NA,0,vs JAX,5,IR,IR,
12,11565,J.J. McCarthy,QB,22.7,MIN,29.0,29,29,2.48,2.48,2.48,1,1,1,44,44,1,63.2,56,19,12,3,7,2,34.20,97,5,0,87,4.58,7.25,0,0,0,0,0,0,0,0,0.0,0.0,2,0,1,10,0,NA,10,5,100.0%,NA,NA,NA,1,NA,4,21,NA,NA,NA,NA,NA,3,15.8%,2.99,5.3%,48.0%,5.90,NA,25,97,@ GB,26,·,17.4,
12,7588,Javonte Williams,RB,25.4,DAL,20.0,19,18,12.1,11.1,10.1,1,1,1,74,58,0,0.0,0,0,0,0,0,0,0.00,87,0,0,0,0.00,0.00,2,-3,0,1,0,3,17,14,7.0,4.7,20,10,4,101,0,68,87,4.35,78.4%,8,3.40,0.400,4,0.740,5,23,0.217,5.0,NA,8.3%,NA,0,NA,NA,NA,NA,NA,NA,NA,101,vs PHI,14,·,16.9,
12,7523,Trevor Lawrence,QB,26.0,JAX,7.0,7,7,20.14,20.14,20.14,1,1,1,62,62,1,60.0,152,30,18,10,12,3,81.40,285,3,3,256,8.53,14.22,0,0,0,0,0,0,0,0,0.0,0.0,5,0,2,29,0,NA,29,5.8,100.0%,NA,NA,NA,2,NA,15,35,NA,NA,NA,NA,NA,13,43.3%,2.94,10.0%,31.4%,9.60,NA,35,285,@ ARI,25,·,19.8,
12,8148,Jameson Williams,WR,24.5,DET,999.0,999,999,0,0,0,1,1,1,68,66,0,0.0,0,0,0,0,0,0,0.00,0,0,0,0,0.00,0.00,0,0,1,0,0,3,0,0,0.0,0.0,0,0,0,0,0,NA,0,0,97.1%,NA,NA,NA,0,NA,0,3,0.000,0.0,42,7.1%,0.00,0,NA,NA,NA,NA,NA,0.000,NA,0,vs NYG,6,·,13.7,
12,4943,Sam Darnold,QB,28.3,SEA,11.0,11,11,17.66,17.66,17.66,1,1,1,48,48,0,61.5,122,26,16,7,10,0,118.10,243,1,2,244,9.38,15.25,0,0,0,0,0,0,0,0,0.0,0.0,1,0,0,-1,0,NA,-1,-1,100.0%,NA,NA,NA,0,NA,9,27,NA,NA,NA,NA,NA,9,34.6%,2.94,19.2%,40.7%,10.00,NA,27,243,@ TEN,13,·,18.9,
12,12533,Jacory Croskey-Merritt,RB,24.5,WAS,0.0,0,0,0,0,0,0,0,0,0,0,0,0.0,0,0,0,0,0,0,0.00,0,0,0,0,0.00,0.00,0,0,0,0,0,0,0,0,0.0,0.0,0,0,0,0,0,NA,0,0,NA,NA,NA,NA,0,NA,0,0,NA,NA,NA,NA,NA,0,NA,NA,NA,NA,NA,NA,NA,0,BYE,BYE,BYE,BYE,
12,12489,RJ Harvey,RB,24.6,DEN,0.0,0,0,0,0,0,0,0,0,0,0,0,0.0,0,0,0,0,0,0,0.00,0,0,0,0,0.00,0.00,0,0,0,0,0,0,0,0,0.0,0.0,0,0,0,0,0,NA,0,0,NA,NA,NA,NA,0,NA,0,0,NA,NA,NA,NA,NA,0,NA,NA,NA,NA,NA,NA,NA,0,BYE,BYE,BYE,BYE,
12,7543,Travis Etienne,RB,26.7,JAX,7.0,7,6,20.6,19.1,17.6,1,1,1,62,40,0,0.0,0,0,0,0,0,0,0.00,86,0,0,0,0.00,0.00,3,-1,1,0,1,4,31,30,10.0,7.5,15,0,1,116,0,71,86,5.73,64.5%,5,4.70,0.333,1,0.803,2,19,0.105,2.0,NA,13.3%,NA,0,NA,NA,NA,NA,NA,NA,NA,116,@ ARI,9,·,12.9,
12,3198,Derrick Henry,RB,31.7,BAL,5.0,4,3,22.8,21.8,20.8,1,1,1,63,35,0,0.0,0,0,0,0,0,0,0.00,64,0,0,0,0.00,0.00,2,4,0,1,0,2,20,24,12.0,12.0,21,0,1,88,2,71,64,3.05,55.6%,3,3.40,0.143,3,0.483,4,23,0.174,4.0,NA,8.7%,NA,0,NA,NA,NA,NA,NA,NA,NA,88,vs NYJ,12,·,17.2,
12,9224,Chase Brown,RB,25.5,CIN,13.0,13,12,15,14,13,1,1,1,65,58,0,0.0,0,0,0,0,0,0,0.00,107,0,0,0,0.00,0.00,2,-2,2,0,0,4,25,23,11.5,5.8,19,0,7,130,0,44,107,5.63,89.2%,2,2.30,0.105,7,0.335,7,23,0.304,7.0,NA,10.5%,NA,0,NA,NA,NA,NA,NA,NA,NA,130,vs NE,32,·,17.2,
12,8110,Jake Ferguson,TE,26.7,DAL,9.0,9,11,11.1,8.6,6.1,1,1,0,74,51,1,0.0,0,0,0,0,0,0,0.00,1,0,0,0,0.00,0.00,5,34,0,4,0,6,26,60,12.0,10.0,1,0,0,61,0,NA,1,1,68.9%,NA,NA,NA,0,NA,4,7,0.571,4.0,26,16.7%,2.31,0,NA,NA,NA,NA,NA,0.154,NA,61,vs PHI,31,·,10.5,
12,5045,Courtland Sutton,WR,30.0,DEN,0.0,0,0,0,0,0,0,0,0,0,0,0,0.0,0,0,0,0,0,0,0.00,0,0,0,0,0.00,0.00,0,0,0,0,0,0,0,0,0.0,0.0,0,0,0,0,0,NA,0,0,NA,NA,NA,NA,0,NA,0,0,NA,NA,NA,NA,NA,0,NA,NA,NA,NA,NA,NA,NA,0,BYE,BYE,BYE,BYE,
12,12506,Harold Fannin,TE,21.2,CLE,16.0,17,17,8.4,6.4,4.4,1,1,1,51,46,0,0.0,0,0,0,0,0,0,0.00,4,0,0,0,0.00,0.00,4,-2,0,2,0,6,42,40,10.0,6.7,1,0,0,44,0,NA,4,4,90.2%,NA,NA,NA,0,NA,2,7,0.286,2.0,18,30.0%,2.22,0,NA,NA,NA,NA,NA,0.111,NA,44,@ LV,28,·,9.4,
12,4217,George Kittle,TE,32.0,SF,6.0,6,7,13.8,10.8,7.8,1,1,1,70,64,0,0.0,0,0,0,0,0,0,0.00,0,0,0,0,0.00,0.00,6,32,1,4,0,10,46,78,13.0,7.8,0,0,0,78,0,NA,0,0,91.4%,NA,NA,NA,0,NA,4,10,0.400,4.0,28,31.3%,2.79,0,NA,NA,NA,NA,NA,0.143,NA,78,vs CAR,11,·,15.1,
12,2133,Davante Adams,WR,32.8,LAR,8.0,7,6,23.2,20.7,18.2,1,1,1,56,43,0,0.0,0,0,0,0,0,0,0.00,0,0,0,0,0.00,0.00,5,57,0,3,2,8,5,62,12.4,7.8,0,0,0,62,0,NA,0,0,76.8%,NA,NA,NA,0,NA,5,8,0.625,5.0,32,22.9%,1.94,0,NA,NA,NA,NA,NA,0.094,NA,62,vs TB,12,·,15.8,
12,12517,Colston Loveland,TE,21.5,CHI,3.0,2,2,14.9,12.9,10.9,1,1,1,65,42,0,0.0,0,0,0,0,0,0,0.00,0,0,0,0,0.00,0.00,4,34,0,1,1,5,15,49,12.3,9.8,0,0,0,49,0,NA,0,0,64.6%,NA,NA,NA,0,NA,2,5,0.400,2.0,24,14.3%,2.04,0,NA,NA,NA,NA,NA,0.042,NA,49,vs PIT,6,·,8.2,
12,12519,Luther Burden,WR,21.8,CHI,36.0,35,34,9.1,7.6,6.1,1,1,0,65,33,0,0.0,0,0,0,0,0,0,0.00,15,0,0,0,0.00,0.00,3,16,0,3,0,5,30,46,15.3,9.2,1,0,1,61,0,NA,15,15,50.8%,NA,NA,NA,1,NA,4,6,0.667,4.0,20,14.3%,2.30,0,NA,NA,NA,NA,NA,0.150,NA,61,vs PIT,3,·,7.0,
12,9228,Bryce Young,QB,24.2,CAR,21.0,21,21,10.26,10.26,10.26,1,1,1,46,46,0,62.1,47,29,18,8,11,2,60.80,184,1,1,169,5.83,9.39,0,0,0,0,0,0,0,0,0.0,0.0,4,0,1,15,0,NA,15,3.75,100.0%,NA,NA,NA,1,NA,10,33,NA,NA,NA,NA,NA,9,31.0%,2.74,6.9%,26.5%,6.20,NA,34,184,@ SF,16,·,18.6,
12,8408,Jordan Mason,RB,26.4,MIN,44.0,43,39,4.2,4.2,4.2,1,1,0,44,12,0,0.0,0,0,0,0,0,0,0.00,42,0,0,0,0.00,0.00,0,0,0,0,0,0,0,0,0.0,0.0,8,0,4,42,0,34,42,5.25,27.3%,3,4.20,0.375,4,0.795,4,8,0.500,4.0,NA,0.0%,NA,0,NA,NA,NA,NA,NA,NA,NA,42,@ GB,22,·,6.1,
12,6819,Michael Pittman,WR,28.0,IND,24.0,24,27,13.7,11.2,8.7,1,1,1,51,42,0,0.0,0,0,0,0,0,0,0.00,0,0,0,0,0.00,0.00,5,17,0,0,1,8,10,27,5.4,3.4,0,0,0,27,0,NA,0,0,82.4%,NA,NA,NA,0,NA,1,8,0.125,1.0,28,25.8%,0.96,0,NA,NA,NA,NA,NA,0.000,NA,27,@ KC,27,·,13.0,
12,8228,Jaylen Warren,RB,26.9,PIT,18.0,15,13,12.8,12.8,12.8,1,1,0,72,36,0,0.0,0,0,0,0,0,0,0.00,68,0,0,0,0.00,0.00,0,0,0,0,0,0,0,0,0.0,0.0,18,0,5,68,1,63,68,3.78,50.0%,3,3.50,0.167,6,0.517,6,18,0.333,6.0,NA,0.0%,NA,0,NA,NA,NA,NA,NA,NA,NA,68,@ CHI,16,·,12.7,
12,10236,Dalton Kincaid,TE,25.9,BUF,0.0,0,0,0,0,0,0,0,0,0,0,0,0.0,0,0,0,0,0,0,0.00,0,0,0,0,0.00,0.00,0,0,0,0,0,0,0,0,0.0,0.0,0,0,0,0,0,NA,0,0,NA,NA,NA,NA,0,NA,0,0,NA,NA,NA,NA,NA,0,NA,NA,NA,NA,NA,NA,NA,0,@ HOU,29,OUT,OUT,
12,5892,David Montgomery,RB,28.3,DET,33.0,36,41,6.7,5.2,3.7,1,1,0,68,23,0,0.0,0,0,0,0,0,0,0.00,18,0,0,0,0.00,0.00,3,-2,0,0,0,3,21,19,6.3,6.3,5,0,2,37,0,14,18,3.6,33.8%,0,2.80,0.000,2,0.280,2,8,0.250,2.0,NA,7.1%,NA,0,NA,NA,NA,NA,NA,NA,NA,37,vs NYG,3,·,11.6,
12,11589,Trey Benson,RB,23.2,ARI,999.0,999,999,0,0,0,1,0,0,0,0,0,0.0,0,0,0,0,0,0,0.00,0,0,0,0,0.00,0.00,0,0,0,0,0,0,0,0,0.0,0.0,0,0,0,0,0,NA,0,0,NA,NA,NA,NA,0,NA,0,0,NA,NA,NA,NA,NA,0,NA,NA,NA,NA,NA,NA,NA,0,vs JAX,29,IR,IR,
12,9753,Zach Charbonnet,RB,24.7,SEA,25.0,22,20,9.5,9.5,9.5,1,1,0,48,15,0,0.0,0,0,0,0,0,0,0.00,35,0,0,0,0.00,0.00,0,0,0,0,0,0,0,0,0.0,0.0,6,0,3,35,1,30,35,5.83,31.3%,2,5.00,0.333,4,0.833,4,6,0.667,4.0,NA,0.0%,NA,0,NA,NA,NA,NA,NA,NA,NA,35,@ TEN,7,·,11.0,
12,7553,Kyle Pitts,TE,25.0,ATL,32.0,31,26,4.5,3.5,2.5,1,1,1,56,53,0,0.0,0,0,0,0,0,0,0.00,0,0,0,0,0.00,0.00,2,19,0,1,0,5,6,25,12.5,5.0,0,0,0,25,0,NA,0,0,94.6%,NA,NA,NA,0,NA,1,5,0.200,1.0,25,21.7%,1.00,0,NA,NA,NA,NA,NA,0.040,NA,25,@ NO,17,·,10.9,
12,7594,Chuba Hubbard,RB,26.3,CAR,29.0,31,37,8.3,6.3,4.3,1,1,0,46,16,0,0.0,0,0,0,0,0,0,0.00,16,0,0,0,0.00,0.00,4,-14,0,2,0,4,41,27,6.8,6.8,3,0,0,43,0,9,16,5.33,34.8%,1,3.00,0.333,0,0.633,2,7,0.286,2.0,NA,13.8%,NA,0,NA,NA,NA,NA,NA,NA,NA,43,@ SF,23,·,3.7,
12,5927,Terry McLaurin,WR,30.0,WAS,0.0,0,0,0,0,0,0,0,0,0,0,0,0.0,0,0,0,0,0,0,0.00,0,0,0,0,0.00,0.00,0,0,0,0,0,0,0,0,0.0,0.0,0,0,0,0,0,NA,0,0,NA,NA,NA,NA,0,NA,0,0,NA,NA,NA,NA,NA,0,NA,NA,NA,NA,NA,NA,NA,0,BYE,BYE,BYE,BYE,
12,6806,J.K. Dobbins,RB,26.8,DEN,0.0,0,0,0,0,0,0,0,0,0,0,0,0.0,0,0,0,0,0,0,0.00,0,0,0,0,0.00,0.00,0,0,0,0,0,0,0,0,0.0,0.0,0,0,0,0,0,NA,0,0,NA,NA,NA,NA,0,NA,0,0,NA,NA,NA,NA,NA,0,NA,NA,NA,NA,NA,NA,NA,0,BYE,BYE,BYE,BYE,
12,7021,Rico Dowdle,RB,27.3,CAR,21.0,23,23,11.4,9.4,7.4,1,1,1,46,30,0,0.0,0,0,0,0,0,0,0.00,38,0,0,0,0.00,0.00,4,-4,0,1,0,4,40,36,9.0,9.0,6,1,2,74,0,38,38,6.33,65.2%,4,6.30,0.667,2,1.297,3,10,0.300,3.0,NA,13.8%,NA,0,NA,NA,NA,NA,NA,NA,NA,74,@ SF,23,·,16.7,
12,11637,Keon Coleman,WR,22.4,BUF,0.0,0,0,0,0,0,0,0,0,0,0,0,0.0,0,0,0,0,0,0,0.00,0,0,0,0,0.00,0.00,0,0,0,0,0,0,0,0,0.0,0.0,0,0,0,0,0,NA,0,0,NA,NA,NA,NA,0,NA,0,0,NA,NA,NA,NA,NA,0,NA,NA,NA,NA,NA,NA,NA,0,@ HOU,30,OUT,OUT,
12,6790,D'Andre Swift,RB,26.7,CHI,54.0,55,55,1.9,1.4,0.9,1,1,1,65,29,1,0.0,0,0,0,0,0,0,0.00,15,0,0,0,0.00,0.00,1,-6,0,0,0,1,20,14,14.0,14.0,8,0,1,29,0,18,15,1.88,44.6%,1,2.30,0.125,1,0.355,1,9,0.111,1.0,NA,2.9%,NA,0,NA,NA,NA,NA,NA,NA,NA,29,vs PIT,24,·,12.8,
12,4983,D.J. Moore,WR,28.4,CHI,7.0,6,5,23.4,20.9,18.4,1,1,1,65,50,0,0.0,0,0,0,0,0,0,0.00,0,0,0,0,0.00,0.00,5,52,1,1,2,7,12,64,12.8,9.1,0,0,0,64,0,NA,0,0,76.9%,NA,NA,NA,0,NA,3,7,0.429,3.0,28,20.0%,2.29,0,NA,NA,NA,NA,NA,0.036,NA,64,vs PIT,3,·,9.0,
12,12474,Woody Marks,RB,24.8,HOU,32.0,27,24,7.9,7.4,6.9,1,1,1,59,41,0,0.0,0,0,0,0,0,0,0.00,74,0,0,0,0.00,0.00,1,-5,0,0,0,1,0,-5,-5.0,-5.0,16,1,5,69,0,85,74,4.63,69.5%,5,5.30,0.313,5,0.843,5,17,0.294,5.0,NA,3.3%,NA,0,NA,NA,NA,NA,NA,NA,NA,69,vs BUF,2,·,14.8,
12,5872,Deebo Samuel,WR,29.7,WAS,0.0,0,0,0,0,0,0,0,0,0,0,0,0.0,0,0,0,0,0,0,0.00,0,0,0,0,0.00,0.00,0,0,0,0,0,0,0,0,0.0,0.0,0,0,0,0,0,NA,0,0,NA,NA,NA,NA,0,NA,0,0,NA,NA,NA,NA,NA,0,NA,NA,NA,NA,NA,NA,NA,0,BYE,BYE,BYE,BYE,
12,12499,Elic Ayomanor,WR,22.3,TEN,0.0,0,0,0,0,0,0,0,0,0,0,0,0.0,0,0,0,0,0,0,0.00,0,0,0,0,0.00,0.00,0,0,0,0,0,0,0,0,0.0,0.0,0,0,0,0,0,NA,0,0,NA,NA,NA,NA,0,NA,0,0,NA,NA,NA,NA,NA,0,NA,NA,NA,NA,NA,NA,NA,0,vs SEA,7,OUT,OUT,
12,7591,Justin Fields,QB,26.6,NYJ,999.0,999,999,0,0,0,1,0,0,59,0,0,0.0,0,0,0,0,0,0,0.00,0,0,0,0,0.00,0.00,0,0,0,0,0,0,0,0,0.0,0.0,0,0,0,0,0,NA,0,0,0.0%,NA,NA,NA,0,NA,0,0,NA,NA,NA,NA,NA,0,NA,NA,NA,NA,NA,NA,NA,0,@ BAL,14,·,·,
12,12490,Bhayshul Tuten,RB,22.6,JAX,55.0,52,50,1.7,1.7,1.7,1,1,0,62,13,0,0.0,0,0,0,0,0,0,0.00,17,0,0,0,0.00,0.00,0,0,0,0,0,1,0,0,0.0,0.0,7,0,2,17,0,27,17,2.43,21.0%,4,3.90,0.571,2,0.961,2,8,0.250,2.0,NA,3.3%,NA,0,NA,NA,NA,NA,NA,NA,NA,17,@ ARI,9,·,8.3,
12,9500,Josh Downs,WR,24.1,IND,74.0,76,81,3,2,1,1,1,1,51,22,0,0.0,0,0,0,0,0,0,0.00,0,0,0,0,0.00,0.00,2,2,0,0,0,6,8,10,5.0,1.7,0,0,0,10,0,NA,0,0,43.1%,NA,NA,NA,0,NA,0,6,0.000,0.0,13,19.4%,0.77,0,NA,NA,NA,NA,NA,0.000,NA,10,@ KC,27,·,9.5,
12,2216,Mike Evans,WR,32.1,TB,999.0,999,999,0,0,0,1,0,0,0,0,0,0.0,0,0,0,0,0,0,0.00,0,0,0,0,0.00,0.00,0,0,0,0,0,0,0,0,0.0,0.0,0,0,0,0,0,NA,0,0,NA,NA,NA,NA,0,NA,0,0,NA,NA,NA,NA,NA,0,NA,NA,NA,NA,NA,NA,NA,0,@ LAR,16,IR,IR,
12,4035,Alvin Kamara,RB,30.2,NO,47.0,47,52,3.5,2.5,1.5,1,1,1,80,11,0,0.0,0,0,0,0,0,0,0.00,11,0,0,0,0.00,0.00,2,-8,0,0,0,2,12,4,2.0,2.0,3,0,0,15,0,9,11,3.67,13.8%,0,3.00,0.000,0,0.300,0,5,0.000,0.0,NA,4.4%,NA,0,NA,NA,NA,NA,NA,NA,NA,15,vs ATL,4,Q,12.9,
12,421,Matthew Stafford,QB,37.6,LAR,5.0,5,5,22.92,22.92,22.92,1,1,1,56,56,0,71.4,161,35,25,13,10,0,122.70,273,1,3,273,7.80,10.92,0,0,0,0,0,0,0,0,0.0,0.0,0,0,0,0,0,NA,0,0,100.0%,NA,NA,NA,0,NA,16,35,NA,NA,NA,NA,NA,16,45.7%,2.79,2.9%,25.0%,7.60,NA,36,273,vs TB,7,·,20.7,
12,12484,Jayden Higgins,WR,22.8,HOU,23.0,22,19,13.8,11.8,9.8,1,1,0,59,34,0,0.0,0,0,0,0,0,0,0.00,0,0,0,0,0.00,0.00,4,38,0,2,1,9,0,38,9.5,4.2,0,0,0,38,0,NA,0,0,57.6%,NA,NA,NA,0,NA,3,9,0.333,3.0,21,30.0%,1.81,0,NA,NA,NA,NA,NA,0.095,NA,38,vs BUF,22,·,8.3,
12,8134,Khalil Shakir,WR,25.6,BUF,13.0,17,24,17,13,9,1,1,0,66,44,1,0.0,0,0,0,0,0,0,0.00,0,0,0,0,0.00,0.00,8,11,0,2,0,10,99,110,13.8,11.0,0,0,0,110,0,NA,0,0,66.7%,NA,NA,NA,0,NA,2,10,0.200,2.0,35,29.4%,3.14,0,NA,NA,NA,NA,NA,0.057,NA,110,@ HOU,30,·,11.8,
12,6803,Brandon Aiyuk,WR,27.5,SF,999.0,999,999,0,0,0,1,0,0,0,0,0,0.0,0,0,0,0,0,0,0.00,0,0,0,0,0.00,0.00,0,0,0,0,0,0,0,0,0.0,0.0,0,0,0,0,0,NA,0,0,NA,NA,NA,NA,0,NA,0,0,NA,NA,NA,NA,NA,0,NA,NA,NA,NA,NA,NA,NA,0,vs CAR,29,PUP,PUP,
12,12498,Mason Taylor,TE,21.4,NYJ,29.0,30,30,5.1,3.6,2.1,1,1,1,59,52,0,0.0,0,0,0,0,0,0,0.00,0,0,0,0,0.00,0.00,3,15,1,0,0,5,6,21,7.0,4.2,0,0,0,21,0,NA,0,0,88.1%,NA,NA,NA,0,NA,0,5,0.000,0.0,24,17.9%,0.88,0,NA,NA,NA,NA,NA,0.000,NA,21,@ BAL,24,·,9.0,
12,10222,Jayden Reed,WR,25.4,GB,999.0,999,999,0,0,0,1,0,0,0,0,0,0.0,0,0,0,0,0,0,0.00,0,0,0,0,0.00,0.00,0,0,0,0,0,0,0,0,0.0,0.0,0,0,0,0,0,NA,0,0,NA,NA,NA,NA,0,NA,0,0,NA,NA,NA,NA,NA,0,NA,NA,NA,NA,NA,NA,NA,0,vs MIN,26,IR,IR,
12,5844,T.J. Hockenson,TE,28.2,MIN,23.0,27,33,5.9,3.9,1.9,1,1,1,44,30,0,0.0,0,0,0,0,0,0,0.00,0,0,0,0,0.00,0.00,4,16,0,0,0,4,3,19,4.8,4.8,1,0,0,19,0,NA,0,0,68.2%,NA,NA,NA,0,NA,0,5,0.000,0.0,18,21.1%,1.06,0,NA,NA,NA,NA,NA,0.000,NA,19,@ GB,18,·,8.1,
12,6783,Jerry Jeudy,WR,26.4,CLE,76.0,73,69,2.9,2.4,1.9,1,1,1,51,33,1,0.0,0,0,0,0,0,0,0.00,0,0,0,0,0.00,0.00,1,25,0,0,0,3,14,39,39.0,13.0,0,0,0,39,0,NA,0,0,64.7%,NA,NA,NA,0,NA,0,3,0.000,0.0,19,15.0%,2.05,0,NA,NA,NA,NA,NA,0.000,NA,39,@ LV,2,·,8.4,
12,8126,Wan'Dale Robinson,WR,24.7,NYG,2.0,2,2,30.6,26.1,21.6,1,1,1,82,68,1,0.0,0,0,0,0,0,0,0.00,0,0,0,0,0.00,0.00,9,121,0,5,1,14,35,156,17.3,11.1,1,0,0,156,0,NA,0,0,82.9%,NA,NA,NA,0,NA,6,15,0.400,6.0,36,37.8%,4.33,0,NA,NA,NA,NA,NA,0.139,NA,156,@ DET,11,·,13.2,
12,8121,Romeo Doubs,WR,25.5,GB,62.0,63,63,4.3,3.3,2.3,1,1,1,66,48,0,0.0,0,0,0,0,0,0,0.00,0,0,0,0,0.00,0.00,2,21,0,1,0,3,2,23,11.5,7.7,0,0,0,23,0,NA,0,0,72.7%,NA,NA,NA,0,NA,1,3,0.333,1.0,17,13.6%,1.35,0,NA,NA,NA,NA,NA,0.059,NA,23,vs MIN,26,·,10.7,
12,5947,Jakobi Meyers,WR,28.9,JAX,20.0,18,15,15,13,11,1,1,0,62,52,0,0.0,0,0,0,0,0,0,0.00,0,0,0,0,0.00,0.00,4,39,0,2,1,6,11,50,12.5,8.3,0,0,0,50,0,NA,0,0,83.9%,NA,NA,NA,0,NA,3,6,0.500,3.0,31,20.0%,1.61,0,NA,NA,NA,NA,NA,0.065,NA,50,@ ARI,21,·,11.4,
12,12504,Kaleb Johnson,RB,22.1,PIT,999.0,999,999,0,0,0,1,0,0,72,0,0,0.0,0,0,0,0,0,0,0.00,0,0,0,0,0.00,0.00,0,0,0,0,0,0,0,0,0.0,0.0,0,0,0,0,0,NA,0,0,0.0%,NA,NA,NA,0,NA,0,0,NA,NA,NA,NA,NA,0,NA,NA,NA,NA,NA,NA,NA,0,@ CHI,16,·,2.0,
12,12497,Tory Horton,WR,22.8,SEA,999.0,999,999,0,0,0,1,0,0,0,0,0,0.0,0,0,0,0,0,0,0.00,0,0,0,0,0.00,0.00,0,0,0,0,0,0,0,0,0.0,0.0,0,0,0,0,0,NA,0,0,NA,NA,NA,NA,0,NA,0,0,NA,NA,NA,NA,NA,0,NA,NA,NA,NA,NA,NA,NA,0,@ TEN,8,OUT,OUT,
12,11627,Troy Franklin,WR,22.6,DEN,0.0,0,0,0,0,0,0,0,0,0,0,0,0.0,0,0,0,0,0,0,0.00,0,0,0,0,0.00,0.00,0,0,0,0,0,0,0,0,0.0,0.0,0,0,0,0,0,NA,0,0,NA,NA,NA,NA,0,NA,0,0,NA,NA,NA,NA,NA,0,NA,NA,NA,NA,NA,NA,NA,0,BYE,BYE,BYE,BYE,
12,8676,Rashid Shaheed,WR,27.1,SEA,96.0,95,94,0.5,0.5,0.5,1,1,1,48,27,0,0.0,0,0,0,0,0,0,0.00,5,0,0,0,0.00,0.00,0,0,0,0,0,2,0,0,0.0,0.0,1,0,0,5,0,NA,5,5,56.3%,NA,NA,NA,0,NA,0,3,0.000,0.0,19,7.7%,0.00,0,NA,NA,NA,NA,NA,0.000,NA,5,@ TEN,8,·,8.6,
12,4037,Chris Godwin,WR,29.6,TB,75.0,79,86,2.9,1.9,0.9,1,1,0,70,25,0,0.0,0,0,0,0,0,0,0.00,0,0,0,0,0.00,0.00,2,9,0,1,0,4,0,9,4.5,2.3,0,0,0,9,0,NA,0,0,35.7%,NA,NA,NA,0,NA,1,4,0.250,1.0,15,11.8%,0.60,0,NA,NA,NA,NA,NA,0.067,NA,9,@ LAR,16,Q,9.1,
12,12495,Ollie Gordon,RB,21.7,MIA,0.0,0,0,0,0,0,0,0,0,0,0,0,0.0,0,0,0,0,0,0,0.00,0,0,0,0,0.00,0.00,0,0,0,0,0,0,0,0,0.0,0.0,0,0,0,0,0,NA,0,0,NA,NA,NA,NA,0,NA,0,0,NA,NA,NA,NA,NA,0,NA,NA,NA,NA,NA,NA,NA,0,BYE,BYE,BYE,BYE,
12,5967,Tony Pollard,RB,28.4,TEN,31.0,32,40,8.1,6.1,4.1,1,1,1,76,39,0,0.0,0,0,0,0,0,0,0.00,20,0,0,0,0.00,0.00,4,1,0,0,0,5,20,21,5.3,4.2,11,0,0,41,0,30,20,1.82,51.3%,0,2.70,0.000,0,0.270,0,16,0.000,0.0,NA,11.9%,NA,0,NA,NA,NA,NA,NA,NA,NA,41,vs SEA,18,·,8.3,
12,12535,Isaac TeSlaa,WR,23.6,DET,999.0,999,999,0,0,0,1,1,0,68,28,0,0.0,0,0,0,0,0,0,0.00,0,0,0,0,0.00,0.00,0,0,0,0,0,1,0,0,0.0,0.0,0,0,0,0,0,NA,0,0,41.2%,NA,NA,NA,0,NA,0,1,0.000,0.0,21,2.4%,0.00,0,NA,NA,NA,NA,NA,0.000,NA,0,vs NYG,6,Q,1.8,
12,9504,Kayshon Boutte,WR,23.4,NE,69.0,72,73,3.5,2.5,1.5,1,1,1,71,57,0,0.0,0,0,0,0,0,0,0.00,0,0,0,0,0.00,0.00,2,12,0,1,0,2,3,15,7.5,7.5,0,0,0,15,0,NA,0,0,80.3%,NA,NA,NA,0,NA,1,2,0.500,1.0,30,5.7%,0.50,0,NA,NA,NA,NA,NA,0.033,NA,15,@ CIN,19,·,9.6,
12,6768,Tua Tagovailoa,QB,27.6,MIA,0.0,0,0,0,0,0,0,0,0,0,0,0,0.0,0,0,0,0,0,0,0.00,0,0,0,0,0.00,0.00,0,0,0,0,0,0,0,0,0.0,0.0,0,0,0,0,0,NA,0,0,NA,NA,NA,NA,0,NA,0,0,NA,NA,NA,NA,NA,0,NA,NA,NA,NA,NA,NA,NA,0,BYE,BYE,BYE,BYE,
12,9480,Brenton Strange,TE,24.8,JAX,4.0,5,4,14.3,11.8,9.3,1,1,1,62,44,0,0.0,0,0,0,0,0,0,0.00,0,0,0,0,0.00,0.00,5,61,0,4,0,5,32,93,18.6,18.6,0,0,0,93,0,NA,0,0,71.0%,NA,NA,NA,0,NA,4,5,0.800,4.0,22,16.7%,4.23,0,NA,NA,NA,NA,NA,0.182,NA,93,@ ARI,12,IR,8.3,
12,4033,David Njoku,TE,29.2,CLE,999.0,999,999,0,0,0,1,1,1,51,25,0,0.0,0,0,0,0,0,0,0.00,0,0,0,0,0.00,0.00,0,0,0,0,0,0,0,0,0.0,0.0,0,0,0,0,0,NA,0,0,49.0%,NA,NA,NA,0,NA,0,0,NA,0.0,7,0.0%,0.00,0,NA,NA,NA,NA,NA,0.000,NA,0,@ LV,28,·,7.9,
12,8131,Isaiah Likely,TE,25.4,BAL,40.0,41,42,2,1.5,1,1,1,1,63,36,0,0.0,0,0,0,0,0,0,0.00,0,0,0,0,0.00,0.00,1,10,0,0,0,3,0,10,10.0,3.3,0,0,0,10,0,NA,0,0,57.1%,NA,NA,NA,0,NA,0,3,0.000,0.0,13,13.0%,0.77,0,NA,NA,NA,NA,NA,0.000,NA,10,vs NYJ,16,·,6.3,
12,10213,Tre Tucker,WR,24.6,LV,51.0,53,57,5.8,4.3,2.8,1,1,1,79,75,0,0.0,0,0,0,0,0,0,0.00,0,0,0,0,0.00,0.00,3,17,1,1,0,10,11,28,9.3,2.8,0,0,0,28,0,NA,0,0,94.9%,NA,NA,NA,0,NA,1,10,0.100,1.0,53,22.7%,0.53,0,NA,NA,NA,NA,NA,0.019,NA,28,vs CLE,24,·,10.3,
12,1479,Keenan Allen,WR,33.4,LAC,0.0,0,0,0,0,0,0,0,0,0,0,0,0.0,0,0,0,0,0,0,0.00,0,0,0,0,0.00,0.00,0,0,0,0,0,0,0,0,0.0,0.0,0,0,0,0,0,NA,0,0,NA,NA,NA,NA,0,NA,0,0,NA,NA,NA,NA,NA,0,NA,NA,NA,NA,NA,NA,NA,0,BYE,BYE,BYE,BYE,
12,7049,Jauan Jennings,WR,28.2,SF,19.0,19,18,15.1,12.6,10.1,1,1,1,70,63,0,0.0,0,0,0,0,0,0,0.00,0,0,0,0,0.00,0.00,5,28,0,1,1,7,13,41,8.2,5.9,0,0,0,41,0,NA,0,0,90.0%,NA,NA,NA,0,NA,2,7,0.286,2.0,29,21.9%,1.41,0,NA,NA,NA,NA,NA,0.034,NA,41,vs CAR,29,·,11.9,
12,5022,Dallas Goedert,TE,30.7,PHI,34.0,34,32,4,3,2,1,1,1,63,58,0,0.0,0,0,0,0,0,0,0.00,0,0,0,0,0.00,0.00,2,11,0,1,0,2,9,20,10.0,10.0,0,0,0,20,0,NA,0,0,92.1%,NA,NA,NA,0,NA,1,2,0.500,1.0,35,5.1%,0.57,0,NA,NA,NA,NA,NA,0.029,NA,20,@ DAL,14,·,11.1,
12,8132,Tyler Allgeier,RB,25.4,ATL,37.0,34,32,5.9,5.4,4.9,1,1,0,56,22,0,0.0,0,0,0,0,0,0,0.00,44,0,0,0,0.00,0.00,1,1,0,0,0,1,4,5,5.0,5.0,12,0,2,49,0,38,44,3.67,39.3%,0,3.20,0.000,2,0.320,2,13,0.154,2.0,NA,4.3%,NA,0,NA,NA,NA,NA,NA,NA,NA,49,@ NO,15,·,7.4,
12,8136,Rachaad White,RB,26.7,TB,41.0,41,38,5.2,4.7,4.2,1,1,1,70,42,0,0.0,0,0,0,0,0,0,0.00,38,0,0,0,0.00,0.00,1,-5,0,0,0,1,9,4,4.0,4.0,7,1,3,42,0,21,38,5.43,60.0%,1,3.00,0.143,3,0.443,3,8,0.375,3.0,NA,2.9%,NA,0,NA,NA,NA,NA,NA,NA,NA,42,@ LAR,30,·,8.9,
12,2449,Stefon Diggs,WR,31.8,NE,66.0,67,68,4,3,2,1,1,1,71,34,0,0.0,0,0,0,0,0,0,0.00,0,0,0,0,0.00,0.00,2,20,0,1,0,3,0,20,10.0,6.7,0,0,0,20,0,NA,0,0,47.9%,NA,NA,NA,0,NA,1,3,0.333,1.0,19,8.6%,1.05,0,NA,NA,NA,NA,NA,0.053,NA,20,@ CIN,19,·,16.0,
12,11576,Braelon Allen,RB,21.7,NYJ,999.0,999,999,0,0,0,1,0,0,0,0,0,0.0,0,0,0,0,0,0,0.00,0,0,0,0,0.00,0.00,0,0,0,0,0,0,0,0,0.0,0.0,0,0,0,0,0,NA,0,0,NA,NA,NA,NA,0,NA,0,0,NA,NA,NA,NA,NA,0,NA,NA,NA,NA,NA,NA,NA,0,@ BAL,10,IR,IR,
12,9508,Tyjae Spears,RB,24.3,TEN,35.0,42,44,6.5,4.5,2.5,1,1,0,76,33,0,0.0,0,0,0,0,0,0,0.00,4,0,0,0,0.00,0.00,4,-20,1,1,0,5,41,21,5.3,4.2,3,0,0,25,0,5,4,1.33,43.4%,6,1.70,2.000,0,2.170,1,8,0.125,1.0,NA,11.9%,NA,0,NA,NA,NA,NA,NA,NA,NA,25,vs SEA,18,·,9.4,
12,9494,Marvin Mims,WR,23.5,DEN,0.0,0,0,0,0,0,0,0,0,0,0,0,0.0,0,0,0,0,0,0,0.00,0,0,0,0,0.00,0.00,0,0,0,0,0,0,0,0,0.0,0.0,0,0,0,0,0,NA,0,0,NA,NA,NA,NA,0,NA,0,0,NA,NA,NA,NA,NA,0,NA,NA,NA,NA,NA,NA,NA,0,BYE,BYE,BYE,BYE,
12,9757,Kendre Miller,RB,23.3,NO,999.0,999,999,0,0,0,1,0,0,0,0,0,0.0,0,0,0,0,0,0,0.00,0,0,0,0,0.00,0.00,0,0,0,0,0,0,0,0,0.0,0.0,0,0,0,0,0,NA,0,0,NA,NA,NA,NA,0,NA,0,0,NA,NA,NA,NA,NA,0,NA,NA,NA,NA,NA,NA,NA,0,vs ATL,4,IR,IR,
12,12509,Tre Harris,WR,23.6,LAC,0.0,0,0,0,0,0,0,0,0,0,0,0,0.0,0,0,0,0,0,0,0.00,0,0,0,0,0.00,0.00,0,0,0,0,0,0,0,0,0.0,0.0,0,0,0,0,0,NA,0,0,NA,NA,NA,NA,0,NA,0,0,NA,NA,NA,NA,NA,0,NA,NA,NA,NA,NA,NA,NA,0,BYE,BYE,BYE,BYE,
12,12521,Elijah Arroyo,TE,22.5,SEA,51.0,51,52,1.5,1,0.5,1,1,0,48,18,0,0.0,0,0,0,0,0,0,0.00,0,0,0,0,0.00,0.00,1,2,0,0,0,1,3,5,5.0,5.0,0,0,0,5,0,NA,0,0,37.5%,NA,NA,NA,0,NA,0,1,0.000,0.0,7,3.8%,0.71,0,NA,NA,NA,NA,NA,0.000,NA,5,@ TEN,23,·,4.2,
12,12469,Dylan Sampson,RB,21.0,CLE,11.0,10,10,16.2,15.2,14.2,1,1,0,51,19,0,0.0,0,0,0,0,0,0,0.00,23,0,0,0,0.00,0.00,2,-12,0,0,1,3,71,59,29.5,19.7,7,1,1,82,0,19,23,3.29,37.3%,2,2.70,0.286,1,0.556,2,10,0.200,2.0,NA,15.0%,NA,0,NA,NA,NA,NA,NA,NA,NA,82,@ LV,19,·,3.8,
12,11562,Spencer Rattler,QB,25.0,NO,999.0,999,999,0,0,0,1,0,0,80,0,0,0.0,0,0,0,0,0,0,0.00,0,0,0,0,0.00,0.00,0,0,0,0,0,0,0,0,0.0,0.0,0,0,0,0,0,NA,0,0,0.0%,NA,NA,NA,0,NA,0,0,NA,NA,NA,NA,NA,0,NA,NA,NA,NA,NA,NA,NA,0,vs ATL,18,·,·,
12,11586,Blake Corum,RB,24.8,LAR,50.0,49,45,2.4,2.4,2.4,1,1,0,56,19,0,0.0,0,0,0,0,0,0,0.00,24,0,0,0,0.00,0.00,0,0,0,0,0,0,0,0,0.0,0.0,7,1,2,24,0,14,24,3.43,33.9%,1,2.00,0.143,2,0.343,2,7,0.286,2.0,NA,0.0%,NA,0,NA,NA,NA,NA,NA,NA,NA,24,vs TB,6,·,6.8,
12,11618,Jalen McMillan,WR,23.8,TB,999.0,999,999,0,0,0,1,0,0,0,0,0,0.0,0,0,0,0,0,0,0.00,0,0,0,0,0.00,0.00,0,0,0,0,0,0,0,0,0.0,0.0,0,0,0,0,0,NA,0,0,NA,NA,NA,NA,0,NA,0,0,NA,NA,NA,NA,NA,0,NA,NA,NA,NA,NA,NA,NA,0,@ LAR,16,IR,IR,
12,7611,Rhamondre Stevenson,RB,27.6,NE,52.0,53,53,2,1.5,1,1,1,0,71,22,0,0.0,0,0,0,0,0,0,0.00,5,0,0,0,0.00,0.00,1,-2,0,0,0,2,7,5,5.0,2.5,6,0,0,10,0,7,5,0.83,31.0%,0,1.10,0.000,0,0.110,0,8,0.000,0.0,NA,5.7%,NA,0,NA,NA,NA,NA,NA,NA,NA,10,@ CIN,1,Q,8.3,
12,12510,Jalen Milroe,QB,22.8,SEA,999.0,999,999,0,0,0,0,0,0,48,0,0,0.0,0,0,0,0,0,0,0.00,0,0,0,0,0.00,0.00,0,0,0,0,0,0,0,0,0.0,0.0,0,0,0,0,0,NA,0,0,0.0%,NA,NA,NA,0,NA,0,0,NA,NA,NA,NA,NA,0,NA,NA,NA,NA,NA,NA,NA,0,@ TEN,13,·,·,
12,8205,Isiah Pacheco,RB,26.6,KC,0.0,0,0,0,0,0,0,0,0,0,0,0,0.0,0,0,0,0,0,0,0.00,0,0,0,0,0.00,0.00,0,0,0,0,0,0,0,0,0.0,0.0,0,0,0,0,0,NA,0,0,NA,NA,NA,NA,0,NA,0,0,NA,NA,NA,NA,NA,0,NA,NA,NA,NA,NA,NA,NA,0,vs IND,21,OUT,OUT,
12,10444,Cedric Tillman,WR,25.4,CLE,91.0,91,93,1.5,1,0.5,1,1,0,51,27,0,0.0,0,0,0,0,0,0,0.00,0,0,0,0,0.00,0.00,1,5,0,0,0,3,0,5,5.0,1.7,0,0,0,5,0,NA,0,0,52.9%,NA,NA,NA,0,NA,0,3,0.000,0.0,15,15.0%,0.33,0,NA,NA,NA,NA,NA,0.000,NA,5,@ LV,2,·,8.2,
12,11646,Jalen Coker,WR,23.9,CAR,48.0,52,53,6.2,4.7,3.2,1,1,1,46,38,0,0.0,0,0,0,0,0,0,0.00,0,0,0,0,0.00,0.00,3,10,0,2,0,4,22,32,10.7,8.0,0,0,0,32,0,NA,0,0,82.6%,NA,NA,NA,0,NA,2,4,0.500,2.0,27,13.8%,1.19,0,NA,NA,NA,NA,NA,0.074,NA,32,@ SF,25,·,8.1,
12,12536,Jaylin Noel,WR,23.1,HOU,85.0,85,83,1.9,1.4,0.9,1,1,1,59,17,0,0.0,0,0,0,0,0,0,0.00,5,0,0,0,0.00,0.00,1,3,0,0,0,2,1,4,4.0,2.0,1,0,0,9,0,NA,5,5,28.8%,NA,NA,NA,0,NA,0,3,0.000,0.0,10,6.7%,0.40,0,NA,NA,NA,NA,NA,0.000,NA,9,vs BUF,22,·,2.5,
12,12541,Dont'e Thornton,WR,22.8,LV,81.0,78,75,2.4,1.9,1.4,1,1,0,79,30,0,0.0,0,0,0,0,0,0,0.00,0,0,0,0,0.00,0.00,1,14,0,1,0,2,0,14,14.0,7.0,0,0,0,14,0,NA,0,0,38.0%,NA,NA,NA,0,NA,1,2,0.500,1.0,18,4.5%,0.78,0,NA,NA,NA,NA,NA,0.056,NA,14,vs CLE,24,·,2.8,
12,3214,Hunter Henry,TE,30.8,NE,1.0,1,1,24.5,21,17.5,1,1,1,71,56,0,0.0,0,0,0,0,0,0,0.00,0,0,0,0,0.00,0.00,7,54,0,4,1,10,61,115,16.4,11.5,0,0,0,115,0,NA,0,0,78.9%,NA,NA,NA,0,NA,5,10,0.500,5.0,27,28.6%,4.26,0,NA,NA,NA,NA,NA,0.148,NA,115,@ CIN,1,·,10.3,
12,12534,Kyle Monangai,RB,23.3,CHI,24.0,20,16,10.8,10.8,10.8,1,1,0,65,35,0,0.0,0,0,0,0,0,0,0.00,48,0,0,0,0.00,0.00,0,0,0,0,0,0,0,0,0.0,0.0,12,0,3,48,1,34,48,4,53.8%,1,2.80,0.083,4,0.363,4,12,0.333,4.0,NA,0.0%,NA,0,NA,NA,NA,NA,NA,NA,NA,48,vs PIT,24,·,6.8,
12,12486,Dillon Gabriel,QB,24.8,CLE,0.0,0,0,0,0,0,0,0,0,0,0,0,0.0,0,0,0,0,0,0,0.00,0,0,0,0,0.00,0.00,0,0,0,0,0,0,0,0,0.0,0.0,0,0,0,0,0,NA,0,0,NA,NA,NA,NA,0,NA,0,0,NA,NA,NA,NA,NA,0,NA,NA,NA,NA,NA,NA,NA,0,@ LV,15,OUT,OUT,
12,7090,Darnell Mooney,WR,27.9,ATL,17.0,13,10,16.4,14.9,13.4,1,1,1,56,37,0,0.0,0,0,0,0,0,0,0.00,0,0,0,0,0.00,0.00,3,69,0,2,1,3,5,74,24.7,24.7,0,0,0,74,0,NA,0,0,66.1%,NA,NA,NA,0,NA,3,3,1.000,3.0,23,13.0%,3.22,0,NA,NA,NA,NA,NA,0.087,NA,74,@ NO,17,·,10.4,
12,5012,Mark Andrews,TE,30.1,BAL,38.0,39,39,2.1,1.6,1.1,1,1,1,63,42,0,0.0,0,0,0,0,0,0,0.00,2,0,0,0,0.00,0.00,1,7,0,1,0,3,2,9,9.0,3.0,2,0,1,11,0,NA,2,1,66.7%,NA,NA,NA,1,NA,2,5,0.400,2.0,17,13.0%,0.53,0,NA,NA,NA,NA,NA,0.059,NA,11,vs NYJ,16,·,10.0,
12,12483,Jack Bech,WR,22.8,LV,999.0,999,999,0,0,0,1,1,0,79,9,0,0.0,0,0,0,0,0,0,0.00,0,0,0,0,0.00,0.00,0,0,0,0,0,0,0,0,0.0,0.0,0,0,0,0,0,NA,0,0,11.4%,NA,NA,NA,0,NA,0,0,NA,0.0,6,0.0%,0.00,0,NA,NA,NA,NA,NA,0.000,NA,0,vs CLE,24,·,2.4,
12,7571,Rashod Bateman,WR,25.8,BAL,0.0,0,0,0,0,0,0,0,0,0,0,0,0.0,0,0,0,0,0,0,0.00,0,0,0,0,0.00,0.00,0,0,0,0,0,0,0,0,0.0,0.0,0,0,0,0,0,NA,0,0,NA,NA,NA,NA,0,NA,0,0,NA,NA,NA,NA,NA,0,NA,NA,NA,NA,NA,NA,NA,0,vs NYJ,18,OUT,OUT,
12,11655,Tyrone Tracy,RB,25.8,NYG,12.0,12,11,16,14.5,13,1,1,1,82,58,0,0.0,0,0,0,0,0,0,0.00,62,0,0,0,0.00,0.00,3,3,0,3,0,4,65,68,22.7,17.0,20,1,3,130,0,54,62,3.1,70.7%,5,2.70,0.250,3,0.520,6,24,0.250,6.0,NA,10.8%,NA,0,NA,NA,NA,NA,NA,NA,NA,130,@ DET,31,·,11.3,
12,7002,Juwan Johnson,TE,29.0,NO,12.0,13,14,10.6,7.6,4.6,1,1,0,80,62,0,0.0,0,0,0,0,0,0,0.00,0,0,0,0,0.00,0.00,6,42,0,2,0,7,4,46,7.7,6.6,0,0,0,46,0,NA,0,0,77.5%,NA,NA,NA,0,NA,2,7,0.286,2.0,40,15.6%,1.15,0,NA,NA,NA,NA,NA,0.050,NA,46,vs ATL,30,·,10.9,
12,12457,Jaydon Blue,RB,21.7,DAL,0.0,0,0,0,0,0,0,0,0,0,0,0,0.0,0,0,0,0,0,0,0.00,0,0,0,0,0.00,0.00,0,0,0,0,0,0,0,0,0.0,0.0,0,0,0,0,0,NA,0,0,NA,NA,NA,NA,0,NA,0,0,NA,NA,NA,NA,NA,0,NA,NA,NA,NA,NA,NA,NA,0,vs PHI,14,·,1.1,
12,1466,Travis Kelce,TE,36.0,KC,15.0,16,16,8.4,6.4,4.4,1,1,1,96,84,0,0.0,0,0,0,0,0,0,0.00,1,0,0,0,0.00,0.00,4,28,0,2,0,6,15,43,10.8,7.2,1,0,0,44,0,NA,1,1,87.5%,NA,NA,NA,0,NA,2,7,0.286,2.0,44,13.0%,0.98,0,NA,NA,NA,NA,NA,0.045,NA,44,vs IND,4,·,12.2,
12,4199,Aaron Jones,RB,30.8,MIN,27.0,29,29,8.7,7.2,5.7,1,1,1,44,29,0,0.0,0,0,0,0,0,0,0.00,41,0,0,0,0.00,0.00,3,-1,0,1,0,4,17,16,5.3,4.0,9,0,2,57,0,30,41,4.56,65.9%,3,3.30,0.333,2,0.663,3,13,0.231,3.0,NA,21.1%,NA,0,NA,NA,NA,NA,NA,NA,NA,57,@ GB,22,·,11.6,
12,8167,Christian Watson,WR,26.4,GB,34.0,36,41,9.9,7.4,4.9,1,1,1,66,49,0,0.0,0,0,0,0,0,0,0.00,0,0,0,0,0.00,0.00,5,42,0,3,0,7,7,49,9.8,7.0,0,0,0,49,0,NA,0,0,74.2%,NA,NA,NA,0,NA,3,7,0.429,3.0,21,31.8%,2.33,0,NA,NA,NA,NA,NA,0.143,NA,49,vs MIN,26,·,9.6,
12,4981,Calvin Ridley,WR,30.8,TEN,999.0,999,999,0,0,0,1,0,0,0,0,0,0.0,0,0,0,0,0,0,0.00,0,0,0,0,0.00,0.00,0,0,0,0,0,0,0,0,0.0,0.0,0,0,0,0,0,NA,0,0,NA,NA,NA,NA,0,NA,0,0,NA,NA,NA,NA,NA,0,NA,NA,NA,NA,NA,NA,NA,0,vs SEA,7,IR,IR,
12,11597,Theo Johnson,TE,24.6,NYG,11.0,8,8,10.7,9.2,7.7,1,1,1,82,64,0,0.0,0,0,0,0,0,0,0.00,0,0,0,0,0.00,0.00,3,71,0,3,0,5,6,77,25.7,15.4,0,0,0,77,0,NA,0,0,78.0%,NA,NA,NA,0,NA,3,5,0.600,3.0,30,13.5%,2.57,0,NA,NA,NA,NA,NA,0.100,NA,77,@ DET,21,·,9.2,
12,12487,Terrance Ferguson,TE,22.6,LAR,999.0,999,999,0,0,0,1,1,0,56,15,0,0.0,0,0,0,0,0,0,0.00,0,0,0,0,0.00,0.00,0,0,0,0,0,1,0,0,0.0,0.0,0,0,0,0,0,NA,0,0,26.8%,NA,NA,NA,0,NA,0,1,0.000,0.0,NA,NA,NA,0,NA,NA,NA,NA,NA,NA,NA,0,vs TB,25,·,4.2,
12,12493,Oronde Gadsden,TE,22.3,LAC,0.0,0,0,0,0,0,0,0,0,0,0,0,0.0,0,0,0,0,0,0,0.00,0,0,0,0,0.00,0.00,0,0,0,0,0,0,0,0,0.0,0.0,0,0,0,0,0,NA,0,0,NA,NA,NA,NA,0,NA,0,0,NA,NA,NA,NA,NA,0,NA,NA,NA,NA,NA,NA,NA,0,BYE,BYE,BYE,BYE,
12,12503,Isaiah Bond,WR,21.5,CLE,41.0,40,36,7.8,6.8,5.8,1,1,0,51,15,0,0.0,0,0,0,0,0,0,0.00,0,0,0,0,0.00,0.00,2,50,0,1,0,2,8,58,29.0,29.0,0,0,0,58,0,NA,0,0,29.4%,NA,NA,NA,0,NA,1,2,0.500,1.0,10,10.0%,5.80,0,NA,NA,NA,NA,NA,0.100,NA,58,@ LV,2,·,3.0,
12,12471,DJ Giddens,RB,22.1,IND,0.0,0,0,0,0,0,0,0,0,0,0,0,0.0,0,0,0,0,0,0,0.00,0,0,0,0,0.00,0.00,0,0,0,0,0,0,0,0,0.0,0.0,0,0,0,0,0,NA,0,0,NA,NA,NA,NA,0,NA,0,0,NA,NA,NA,NA,NA,0,NA,NA,NA,NA,NA,NA,NA,0,@ KC,26,·,·,
12,12547,Kyle Williams,WR,22.9,NE,77.0,74,70,2.8,2.3,1.8,1,1,0,71,5,0,0.0,0,0,0,0,0,0,0.00,0,0,0,0,0.00,0.00,1,5,0,1,0,1,13,18,18.0,18.0,0,0,0,18,0,NA,0,0,7.0%,NA,NA,NA,0,NA,1,1,1.000,1.0,2,2.9%,9.00,0,NA,NA,NA,NA,NA,0.500,NA,18,@ CIN,19,·,1.8,
12,11600,Ja'Tavion Sanders,TE,22.5,CAR,50.0,50,51,1.6,1.1,0.6,1,1,0,46,26,0,0.0,0,0,0,0,0,0,0.00,0,0,0,0,0.00,0.00,1,5,0,0,0,1,1,6,6.0,6.0,0,0,0,6,0,NA,0,0,56.5%,NA,NA,NA,0,NA,0,1,0.000,0.0,19,3.4%,0.32,0,NA,NA,NA,NA,NA,0.000,NA,6,@ SF,5,·,6.2,
12,5848,Marquise Brown,WR,28.3,KC,84.0,84,80,2,1.5,1,1,1,0,96,34,0,0.0,0,0,0,0,0,0,0.00,0,0,0,0,0.00,0.00,1,-2,0,1,0,1,12,10,10.0,10.0,0,0,0,10,0,NA,0,0,35.4%,NA,NA,NA,0,NA,1,1,1.000,1.0,22,2.2%,0.45,0,NA,NA,NA,NA,NA,0.045,NA,10,vs IND,10,·,5.6,
12,1373,Geno Smith,QB,35.0,LV,16.0,16,16,14.2,14.2,14.2,1,1,1,79,79,2,68.2,114,44,30,14,14,0,93.50,293,10,1,285,6.48,9.50,0,0,0,0,0,0,0,0,0.0,0.0,3,0,1,8,0,NA,8,2.67,100.0%,NA,NA,NA,1,NA,16,47,NA,NA,NA,NA,NA,15,34.1%,2.54,13.6%,40.4%,8.10,NA,57,293,vs CLE,30,·,18.1,
12,8154,Brian Robinson,RB,26.5,SF,40.0,39,36,5.4,4.9,4.4,1,1,0,70,12,0,0.0,0,0,0,0,0,0,0.00,40,0,0,0,0.00,0.00,1,1,0,0,0,2,3,4,4.0,2.0,7,1,2,44,0,31,40,5.71,17.1%,4,4.40,0.571,2,1.011,2,9,0.222,2.0,NA,6.3%,NA,0,NA,NA,NA,NA,NA,NA,NA,44,vs CAR,13,·,4.7,
12,8188,Tyquan Thornton,WR,25.1,KC,999.0,999,999,0,0,0,1,1,0,96,25,0,0.0,0,0,0,0,0,0,0.00,0,0,0,0,0.00,0.00,0,0,0,0,0,1,0,0,0.0,0.0,0,0,0,0,0,NA,0,0,26.0%,NA,NA,NA,0,NA,0,1,0.000,0.0,15,2.2%,0.00,0,NA,NA,NA,NA,NA,0.000,NA,0,vs IND,10,·,1.5,
12,8111,Cade Otton,TE,26.4,TB,22.0,25,31,6.1,4.1,2.1,1,1,1,70,60,0,0.0,0,0,0,0,0,0,0.00,0,0,0,0,0.00,0.00,4,10,0,1,0,7,11,21,5.3,3.0,0,0,0,21,0,NA,0,0,85.7%,NA,NA,NA,0,NA,1,7,0.143,1.0,32,20.6%,0.66,0,NA,NA,NA,NA,NA,0.031,NA,21,@ LAR,13,·,7.9,
12,12455,Brashard Smith,RB,22.5,KC,34.0,38,42,6.6,5.1,3.6,1,1,0,96,18,0,0.0,0,0,0,0,0,0,0.00,5,0,0,0,0.00,0.00,3,1,0,1,0,4,30,31,10.3,7.8,1,0,0,36,0,3,5,5,18.8%,2,3.10,2.000,0,2.310,1,5,0.200,1.0,NA,8.7%,NA,0,NA,NA,NA,NA,NA,NA,NA,36,vs IND,21,·,4.3,
12,9502,Tank Dell,WR,25.9,HOU,999.0,999,999,0,0,0,1,0,0,0,0,0,0.0,0,0,0,0,0,0,0.00,0,0,0,0,0.00,0.00,0,0,0,0,0,0,0,0,0.0,0.0,0,0,0,0,0,NA,0,0,NA,NA,NA,NA,0,NA,0,0,NA,NA,NA,NA,NA,0,NA,NA,NA,NA,NA,NA,NA,0,vs BUF,22,PUP,PUP,
12,7527,Mac Jones,QB,27.1,SF,999.0,999,999,0,0,0,1,0,0,70,0,0,0.0,0,0,0,0,0,0,0.00,0,0,0,0,0.00,0.00,0,0,0,0,0,0,0,0,0.0,0.0,0,0,0,0,0,NA,0,0,0.0%,NA,NA,NA,0,NA,0,0,NA,NA,NA,NA,NA,0,NA,NA,NA,NA,NA,NA,NA,0,vs CAR,24,·,·,
12,8142,Alec Pierce,WR,25.4,IND,68.0,66,59,3.6,3.1,2.6,1,1,1,51,49,0,0.0,0,0,0,0,0,0,0.00,0,0,0,0,0.00,0.00,1,19,0,1,0,2,7,26,26.0,13.0,0,0,0,26,0,NA,0,0,96.1%,NA,NA,NA,0,NA,1,2,0.500,1.0,30,6.5%,0.87,0,NA,NA,NA,NA,NA,0.033,NA,26,@ KC,27,·,11.2,
12,11625,Adonai Mitchell,WR,23.0,NYJ,46.0,47,44,6.2,5.2,4.2,1,1,0,59,50,0,0.0,0,0,0,0,0,0,0.00,0,0,0,0,0.00,0.00,2,29,0,2,0,7,13,42,21.0,6.0,0,0,0,42,0,NA,0,0,84.7%,NA,NA,NA,0,NA,2,7,0.286,2.0,26,25.0%,1.62,0,NA,NA,NA,NA,NA,0.077,NA,42,@ BAL,9,·,6.9,
12,9486,Dontayvion Wicks,WR,24.3,GB,54.0,54,50,5.2,4.2,3.2,1,1,1,66,32,0,0.0,0,0,0,0,0,0,0.00,0,0,0,0,0.00,0.00,2,16,0,2,0,4,16,32,16.0,8.0,0,0,0,32,0,NA,0,0,48.5%,NA,NA,NA,0,NA,2,4,0.500,2.0,18,18.2%,1.78,0,NA,NA,NA,NA,NA,0.111,NA,32,vs MIN,26,Q,5.6,
12,12492,Pat Bryant,WR,22.8,DEN,0.0,0,0,0,0,0,0,0,0,0,0,0,0.0,0,0,0,0,0,0,0.00,0,0,0,0,0.00,0.00,0,0,0,0,0,0,0,0,0.0,0.0,0,0,0,0,0,NA,0,0,NA,NA,NA,NA,0,NA,0,0,NA,NA,NA,NA,NA,0,NA,NA,NA,NA,NA,NA,NA,0,BYE,BYE,BYE,BYE,
12,4066,Evan Engram,TE,31.1,DEN,0.0,0,0,0,0,0,0,0,0,0,0,0,0.0,0,0,0,0,0,0,0.00,0,0,0,0,0.00,0.00,0,0,0,0,0,0,0,0,0.0,0.0,0,0,0,0,0,NA,0,0,NA,NA,NA,NA,0,NA,0,0,NA,NA,NA,NA,NA,0,NA,NA,NA,NA,NA,NA,NA,0,BYE,BYE,BYE,BYE,
12,11603,AJ Barner,TE,23.4,SEA,35.0,35,34,3.8,2.8,1.8,1,1,1,48,38,0,0.0,0,0,0,0,0,0,0.00,0,0,0,0,0.00,0.00,2,3,0,1,0,4,15,18,9.0,4.5,0,0,0,18,0,NA,0,0,79.2%,NA,NA,NA,0,NA,1,4,0.250,1.0,16,15.4%,1.13,0,NA,NA,NA,NA,NA,0.063,NA,18,@ TEN,23,·,7.5,
12,7567,Kenneth Gainwell,RB,26.5,PIT,9.0,11,15,18.2,15.2,12.2,1,1,1,72,37,0,0.0,0,0,0,0,0,0,0.00,92,0,0,0,0.00,0.00,6,-9,0,1,0,6,39,30,5.0,5.0,10,0,3,122,0,38,92,9.2,51.4%,4,3.80,0.400,3,0.780,4,16,0.250,4.0,NA,19.4%,NA,0,NA,NA,NA,NA,NA,NA,NA,122,@ CHI,16,·,11.4,
12,96,Aaron Rodgers,QB,41.8,PIT,0.0,0,0,0,0,0,0,0,0,0,0,0,0.0,0,0,0,0,0,0,0.00,0,0,0,0,0.00,0.00,0,0,0,0,0,0,0,0,0.0,0.0,0,0,0,0,0,NA,0,0,NA,NA,NA,NA,0,NA,0,0,NA,NA,NA,NA,NA,0,NA,NA,NA,NA,NA,NA,NA,0,@ CHI,4,Q,18.1,
12,11626,Xavier Legette,WR,24.7,CAR,55.0,57,65,5.2,3.7,2.2,1,1,1,46,31,0,0.0,0,0,0,0,0,0,0.00,0,0,0,0,0.00,0.00,3,21,0,2,0,5,1,22,7.3,4.4,0,0,0,22,0,NA,0,0,67.4%,NA,NA,NA,0,NA,2,5,0.400,2.0,23,17.2%,0.96,0,NA,NA,NA,NA,NA,0.087,NA,22,@ SF,25,·,8.0,
12,4039,Cooper Kupp,WR,32.3,SEA,61.0,61,61,4.4,3.4,2.4,1,1,1,48,37,0,0.0,0,0,0,0,0,0,0.00,0,0,0,0,0.00,0.00,2,18,0,2,0,4,6,24,12.0,6.0,0,0,0,24,0,NA,0,0,77.1%,NA,NA,NA,0,NA,2,4,0.500,2.0,23,15.4%,1.04,0,NA,NA,NA,NA,NA,0.087,NA,24,@ TEN,8,·,9.3,
12,11610,Malik Washington,WR,24.7,MIA,0.0,0,0,0,0,0,0,0,0,0,0,0,0.0,0,0,0,0,0,0,0.00,0,0,0,0,0.00,0.00,0,0,0,0,0,0,0,0,0.0,0.0,0,0,0,0,0,NA,0,0,NA,NA,NA,NA,0,NA,0,0,NA,NA,NA,NA,NA,0,NA,NA,NA,NA,NA,NA,NA,0,BYE,BYE,BYE,BYE,
12,11583,Jonathon Brooks,RB,22.2,CAR,999.0,999,999,0,0,0,1,0,0,0,0,0,0.0,0,0,0,0,0,0,0.00,0,0,0,0,0.00,0.00,0,0,0,0,0,0,0,0,0.0,0.0,0,0,0,0,0,NA,0,0,NA,NA,NA,NA,0,NA,0,0,NA,NA,NA,NA,NA,0,NA,NA,NA,NA,NA,NA,NA,0,@ SF,23,PUP,PUP,
12,8210,Chigoziem Okonkwo,TE,26.0,TEN,20.0,20,18,7,5.5,4,1,1,0,76,48,0,0.0,0,0,0,0,0,0,0.00,0,0,0,0,0.00,0.00,3,23,0,2,0,4,17,40,13.3,10.0,0,0,0,40,0,NA,0,0,63.2%,NA,NA,NA,0,NA,2,4,0.500,2.0,29,9.5%,1.38,0,NA,NA,NA,NA,NA,0.069,NA,40,vs SEA,8,·,6.5,
12,12524,Shedeur Sanders,QB,23.6,CLE,18.0,18,18,11.26,11.26,11.26,1,1,1,51,46,0,55.0,63,20,11,3,9,1,87.30,208,1,1,209,10.45,19.00,0,0,0,0,0,0,0,0,0.0,0.0,1,0,0,-1,0,NA,-1,-1,90.2%,NA,NA,NA,0,NA,4,21,NA,NA,NA,NA,NA,4,20.0%,3.19,20.0%,38.1%,8.00,NA,21,208,@ LV,15,·,14.0,
12,8125,Calvin Austin III,WR,26.5,PIT,42.0,44,48,7.6,5.6,3.6,1,1,1,72,33,0,0.0,0,0,0,0,0,0,0.00,0,0,0,0,0.00,0.00,4,13,0,1,0,5,23,36,9.0,7.2,0,0,0,36,0,NA,0,0,45.8%,NA,NA,NA,0,NA,1,5,0.200,1.0,20,16.1%,1.80,0,NA,NA,NA,NA,NA,0.050,NA,36,@ CHI,5,·,6.6,
12,1339,Zach Ertz,TE,34.9,WAS,0.0,0,0,0,0,0,0,0,0,0,0,0,0.0,0,0,0,0,0,0,0.00,0,0,0,0,0.00,0.00,0,0,0,0,0,0,0,0,0.0,0.0,0,0,0,0,0,NA,0,0,NA,NA,NA,NA,0,NA,0,0,NA,NA,NA,NA,NA,0,NA,NA,NA,NA,NA,NA,NA,0,BYE,BYE,BYE,BYE,
12,11575,Ray Davis,RB,25.9,BUF,36.0,33,27,6,6,6,1,1,0,66,6,0,0.0,0,0,0,0,0,0,0.00,0,0,0,0,0.00,0.00,0,0,0,0,0,0,0,0,0.0,0.0,0,0,0,0,0,0,0,0,9.1%,0,0.00,NA,0,NA,0,0,NA,0.0,NA,0.0%,NA,0,NA,NA,NA,NA,NA,NA,NA,0,@ HOU,25,·,0.9,
12,9501,Demario Douglas,WR,24.8,NE,49.0,43,40,6.1,5.6,5.1,1,1,0,71,12,0,0.0,0,0,0,0,0,0,0.00,14,0,0,0,0.00,0.00,1,36,0,1,0,1,1,37,37.0,37.0,1,0,1,51,0,NA,14,14,16.9%,NA,NA,NA,1,NA,2,2,1.000,2.0,10,2.9%,3.70,0,NA,NA,NA,NA,NA,0.100,NA,51,@ CIN,19,·,5.2,
12,7600,Pat Freiermuth,TE,26.9,PIT,10.0,7,5,10.9,9.4,7.9,1,1,1,72,34,0,0.0,0,0,0,0,0,0,0.00,0,0,0,0,0.00,0.00,3,9,0,1,1,3,10,19,6.3,6.3,0,0,0,19,0,NA,0,0,47.2%,NA,NA,NA,0,NA,2,3,0.667,2.0,20,9.7%,0.95,0,NA,NA,NA,NA,NA,0.050,NA,19,@ CHI,15,·,6.3,
12,9482,Michael Mayer,TE,24.2,LV,36.0,36,37,2.4,1.9,1.4,1,1,1,79,13,0,0.0,0,0,0,0,0,0,0.00,0,0,0,0,0.00,0.00,1,4,0,0,0,1,10,14,14.0,14.0,0,0,0,14,0,NA,0,0,16.5%,NA,NA,NA,0,NA,0,1,0.000,0.0,7,2.3%,2.00,0,NA,NA,NA,NA,NA,0.000,NA,14,vs CLE,20,·,5.0,
12,6826,Cole Kmet,TE,26.6,CHI,54.0,55,55,1.3,0.8,0.3,1,1,1,65,41,0,0.0,0,0,0,0,0,0,0.00,0,0,0,0,0.00,0.00,1,2,0,0,0,1,1,3,3.0,3.0,0,0,0,3,0,NA,0,0,63.1%,NA,NA,NA,0,NA,0,1,0.000,0.0,14,2.9%,0.21,0,NA,NA,NA,NA,NA,0.000,NA,3,vs PIT,6,·,4.7,
12,12531,Trevor Etienne,RB,21.2,CAR,999.0,999,999,0,0,0,1,1,0,46,0,1,0.0,0,0,0,0,0,0,0.00,0,0,0,0,0.00,0.00,0,0,0,0,0,0,0,0,0.0,0.0,0,0,0,0,0,NA,0,0,0.0%,NA,NA,NA,0,NA,0,0,NA,0.0,NA,NA,NA,0,NA,NA,NA,NA,NA,NA,NA,0,@ SF,23,·,0.7,
12,9229,Anthony Richardson,QB,23.4,IND,999.0,999,999,0,0,0,1,0,0,0,0,0,0.0,0,0,0,0,0,0,0.00,0,0,0,0,0.00,0.00,0,0,0,0,0,0,0,0,0.0,0.0,0,0,0,0,0,NA,0,0,NA,NA,NA,NA,0,NA,0,0,NA,NA,NA,NA,NA,0,NA,NA,NA,NA,NA,NA,NA,0,@ KC,23,IR,IR,
12,11650,Luke McCaffrey,WR,24.5,WAS,0.0,0,0,0,0,0,0,0,0,0,0,0,0.0,0,0,0,0,0,0,0.00,0,0,0,0,0.00,0.00,0,0,0,0,0,0,0,0,0.0,0.0,0,0,0,0,0,NA,0,0,NA,NA,NA,NA,0,NA,0,0,NA,NA,NA,NA,NA,0,NA,NA,NA,NA,NA,NA,NA,0,BYE,BYE,BYE,BYE,
12,9487,Parker Washington,WR,23.5,JAX,12.0,11,11,18.1,15.6,13.1,1,1,1,62,52,0,0.0,0,0,0,0,0,0,0.00,0,0,0,0,0.00,0.00,5,49,0,3,1,7,22,71,14.2,10.1,0,0,0,71,0,NA,0,0,83.9%,NA,NA,NA,0,NA,4,7,0.571,4.0,31,23.3%,2.29,0,NA,NA,NA,NA,NA,0.097,NA,71,@ ARI,21,·,10.1,
12,12505,Jalen Royals,WR,22.6,KC,0.0,0,0,0,0,0,0,0,0,0,0,0,0.0,0,0,0,0,0,0,0.00,0,0,0,0,0.00,0.00,0,0,0,0,0,0,0,0,0.0,0.0,0,0,0,0,0,NA,0,0,NA,NA,NA,NA,0,NA,0,0,NA,NA,NA,NA,NA,0,NA,NA,NA,NA,NA,NA,NA,0,vs IND,10,·,0.7,
12,4018,Joe Mixon,RB,29.2,HOU,999.0,999,999,0,0,0,1,0,0,0,0,0,0.0,0,0,0,0,0,0,0.00,0,0,0,0,0.00,0.00,0,0,0,0,0,0,0,0,0.0,0.0,0,0,0,0,0,NA,0,0,NA,NA,NA,NA,0,NA,0,0,NA,NA,NA,NA,NA,0,NA,NA,NA,NA,NA,NA,NA,0,vs BUF,2,PUP,PUP,
12,12641,Jaylin Lane,WR,23.4,WAS,0.0,0,0,0,0,0,0,0,0,0,0,0,0.0,0,0,0,0,0,0,0.00,0,0,0,0,0.00,0.00,0,0,0,0,0,0,0,0,0.0,0.0,0,0,0,0,0,NA,0,0,NA,NA,NA,NA,0,NA,0,0,NA,NA,NA,NA,NA,0,NA,NA,NA,NA,NA,NA,NA,0,BYE,BYE,BYE,BYE,
12,9511,Keaton Mitchell,RB,23.7,BAL,48.0,48,48,2.9,2.4,1.9,1,1,0,63,12,0,0.0,0,0,0,0,0,0,0.00,10,0,0,0,0.00,0.00,1,1,0,0,0,1,8,9,9.0,9.0,2,0,1,19,0,5,10,5,19.0%,0,2.30,0.000,1,0.230,1,3,0.333,1.0,NA,4.3%,NA,0,NA,NA,NA,NA,NA,NA,NA,19,vs NYJ,12,·,4.3,
12,4950,Christian Kirk,WR,28.9,HOU,16.0,14,14,16.4,13.9,11.4,1,1,0,59,19,0,0.0,0,0,0,0,0,0,0.00,0,0,0,0,0.00,0.00,5,12,0,1,1,6,42,54,10.8,9.0,0,0,0,54,0,NA,0,0,32.2%,NA,NA,NA,0,NA,2,6,0.333,2.0,13,20.0%,4.15,0,NA,NA,NA,NA,NA,0.077,NA,54,vs BUF,22,·,5.5,
12,4137,James Conner,RB,30.4,ARI,999.0,999,999,0,0,0,1,0,0,0,0,0,0.0,0,0,0,0,0,0,0.00,0,0,0,0,0.00,0.00,0,0,0,0,0,0,0,0,0.0,0.0,0,0,0,0,0,NA,0,0,NA,NA,NA,NA,0,NA,0,0,NA,NA,NA,NA,NA,0,NA,NA,NA,NA,NA,NA,NA,0,vs JAX,29,IR,IR,
12,4988,Nick Chubb,RB,29.8,HOU,49.0,51,51,2.5,2,1.5,1,1,0,59,13,0,0.0,0,0,0,0,0,0,0.00,16,0,0,0,0.00,0.00,1,-1,0,0,0,1,0,-1,-1.0,-1.0,6,0,1,15,0,14,16,2.67,22.0%,1,2.30,0.167,1,0.397,1,7,0.143,1.0,NA,3.3%,NA,0,NA,NA,NA,NA,NA,NA,NA,15,vs BUF,2,·,4.6,
12,9506,Sean Tucker,RB,23.9,TB,39.0,37,35,5.6,5.1,4.6,1,1,0,70,26,0,0.0,0,0,0,0,0,0,0.00,42,0,0,0,0.00,0.00,1,-2,0,0,0,2,6,4,4.0,2.0,12,1,2,46,0,35,42,3.5,37.1%,3,2.90,0.250,2,0.540,2,14,0.143,2.0,NA,5.9%,NA,0,NA,NA,NA,NA,NA,NA,NA,46,@ LAR,30,·,14.6,
12,4144,Jonnu Smith,TE,30.1,PIT,26.0,24,24,5.8,4.3,2.8,1,1,0,72,35,0,0.0,0,0,0,0,0,0,0.00,7,0,0,0,0.00,0.00,3,6,0,0,0,3,15,21,7.0,7.0,2,0,0,28,0,NA,7,3.5,48.6%,NA,NA,NA,0,NA,0,5,0.000,0.0,22,9.7%,0.95,0,NA,NA,NA,NA,NA,0.000,NA,28,@ CHI,15,·,6.5,
12,7607,Michael Carter,RB,26.4,ARI,26.0,28,28,8.8,7.3,5.8,1,1,0,84,47,0,0.0,0,0,0,0,0,0,0.00,28,0,0,0,0.00,0.00,3,5,0,1,0,3,25,30,10.0,10.0,5,0,3,58,0,13,28,5.6,56.0%,2,2.50,0.400,3,0.650,4,8,0.500,4.0,NA,6.0%,NA,0,NA,NA,NA,NA,NA,NA,NA,58,vs JAX,29,·,7.6,
12,11647,Kimani Vidal,RB,24.1,LAC,0.0,0,0,0,0,0,0,0,0,0,0,0,0.0,0,0,0,0,0,0,0.00,0,0,0,0,0.00,0.00,0,0,0,0,0,0,0,0,0.0,0.0,0,0,0,0,0,NA,0,0,NA,NA,NA,NA,0,NA,0,0,NA,NA,NA,NA,NA,0,NA,NA,NA,NA,NA,NA,NA,0,BYE,BYE,BYE,BYE,
12,5001,Dalton Schultz,TE,29.2,HOU,44.0,45,46,1.8,1.3,0.8,1,1,0,59,48,0,0.0,0,0,0,0,0,0,0.00,0,0,0,0,0.00,0.00,1,5,0,0,0,4,3,8,8.0,2.0,0,0,0,8,0,NA,0,0,81.4%,NA,NA,NA,0,NA,0,4,0.000,0.0,23,13.3%,0.35,0,NA,NA,NA,NA,NA,0.000,NA,8,vs BUF,32,·,9.4,
12,11571,Isaiah Davis,RB,23.6,NYJ,58.0,58,57,0.7,0.7,0.7,1,1,0,59,17,0,0.0,0,0,0,0,0,0,0.00,7,0,0,0,0.00,0.00,0,0,0,0,0,0,0,0,0.0,0.0,4,0,0,7,0,14,7,1.75,28.8%,0,3.50,0.000,0,0.350,0,4,0.000,0.0,NA,0.0%,NA,0,NA,NA,NA,NA,NA,NA,NA,7,@ BAL,10,·,7.3,
12,12476,Devin Neal,RB,22.1,NO,23.0,25,26,11.1,8.6,6.1,1,1,0,80,59,0,0.0,0,0,0,0,0,0,0.00,18,0,0,0,0.00,0.00,5,-21,1,2,0,7,64,43,8.6,6.1,7,0,1,61,0,21,18,2.57,73.8%,1,3.00,0.143,1,0.443,3,14,0.214,3.0,NA,15.6%,NA,0,NA,NA,NA,NA,NA,NA,NA,61,vs ATL,4,·,5.2,
12,11643,Jaylen Wright,RB,22.5,MIA,0.0,0,0,0,0,0,0,0,0,0,0,0,0.0,0,0,0,0,0,0,0.00,0,0,0,0,0.00,0.00,0,0,0,0,0,0,0,0,0.0,0.0,0,0,0,0,0,NA,0,0,NA,NA,NA,NA,0,NA,0,0,NA,NA,NA,NA,NA,0,NA,NA,NA,NA,NA,NA,NA,0,BYE,BYE,BYE,BYE,
12,11596,Ben Sinnott,TE,23.3,WAS,0.0,0,0,0,0,0,0,0,0,0,0,0,0.0,0,0,0,0,0,0,0.00,0,0,0,0,0.00,0.00,0,0,0,0,0,0,0,0,0.0,0.0,0,0,0,0,0,NA,0,0,NA,NA,NA,NA,0,NA,0,0,NA,NA,NA,NA,NA,0,NA,NA,NA,NA,NA,NA,NA,0,BYE,BYE,BYE,BYE,
12,12545,Tyler Shough,QB,26.0,NO,23.0,23,23,8.92,8.92,8.92,1,1,1,80,76,1,69.8,129,43,30,11,13,1,74.10,265,5,0,243,5.65,8.10,0,0,0,0,0,0,0,0,0.0,0.0,7,0,2,22,0,NA,22,3.14,95.0%,NA,NA,NA,2,NA,13,50,NA,NA,NA,NA,NA,11,25.6%,2.71,14.0%,40.8%,8.00,NA,49,265,vs ATL,18,·,18.9,
12,9225,Tank Bigsby,RB,24.1,PHI,57.0,56,56,0.8,0.8,0.8,1,1,0,63,3,0,0.0,0,0,0,0,0,0,0.00,8,0,0,0,0.00,0.00,0,0,0,0,0,0,0,0,0.0,0.0,1,0,0,8,0,5,8,8,4.8%,0,4.70,0.000,0,0.470,0,1,0.000,0.0,NA,0.0%,NA,0,NA,NA,NA,NA,NA,NA,NA,8,@ DAL,8,·,2.5,
12,11577,Will Shipley,RB,23.1,PHI,999.0,999,999,0,0,0,1,1,0,63,8,0,0.0,0,0,0,0,0,0,0.00,0,0,0,0,0.00,0.00,0,0,0,0,0,0,0,0,0.0,0.0,0,0,0,0,0,NA,0,0,12.7%,NA,NA,NA,0,NA,0,0,NA,0.0,NA,NA,NA,0,NA,NA,NA,NA,NA,NA,NA,0,@ DAL,8,·,1.8,
12,4454,Kendrick Bourne,WR,30.2,SF,999.0,999,999,0,0,0,1,1,0,70,6,0,0.0,0,0,0,0,0,0,0.00,0,0,0,0,0.00,0.00,0,0,0,0,0,0,0,0,0.0,0.0,0,0,0,0,0,NA,0,0,8.6%,NA,NA,NA,0,NA,0,0,NA,0.0,2,0.0%,0.00,0,NA,NA,NA,NA,NA,0.000,NA,0,vs CAR,29,·,3.4,
12,12485,Tez Johnson,WR,23.4,TB,25.0,26,23,12.3,10.8,9.3,1,1,1,70,60,0,0.0,0,0,0,0,0,0,0.00,12,0,0,0,0.00,0.00,3,13,0,1,1,4,8,21,7.0,5.3,2,0,0,33,0,NA,12,6,85.7%,NA,NA,NA,0,NA,2,6,0.333,2.0,31,11.8%,0.68,0,NA,NA,NA,NA,NA,0.032,NA,33,@ LAR,16,·,7.3,
12,7670,Joshua Palmer,WR,26.0,BUF,65.0,65,66,4.1,3.1,2.1,1,1,1,66,33,0,0.0,0,0,0,0,0,0,0.00,0,0,0,0,0.00,0.00,2,22,0,1,0,4,-1,21,10.5,5.3,0,0,0,21,0,NA,0,0,50.0%,NA,NA,NA,0,NA,1,4,0.250,1.0,23,11.8%,0.91,0,NA,NA,NA,NA,NA,0.043,NA,21,@ HOU,30,·,7.0,
12,7587,Dyami Brown,WR,25.9,JAX,999.0,999,999,0,0,0,1,1,0,62,4,0,0.0,0,0,0,0,0,0,0.00,0,0,0,0,0.00,0.00,0,0,0,0,0,0,0,0,0.0,0.0,0,0,0,0,0,NA,0,0,6.5%,NA,NA,NA,0,NA,0,0,NA,0.0,NA,NA,NA,0,NA,NA,NA,NA,NA,NA,NA,0,@ ARI,21,·,1.6,
12,11581,MarShawn Lloyd,RB,24.7,GB,999.0,999,999,0,0,0,1,0,0,0,0,0,0.0,0,0,0,0,0,0,0.00,0,0,0,0,0.00,0.00,0,0,0,0,0,0,0,0,0.0,0.0,0,0,0,0,0,NA,0,0,NA,NA,NA,NA,0,NA,0,0,NA,NA,NA,NA,NA,0,NA,NA,NA,NA,NA,NA,NA,0,vs MIN,20,IR,IR,
12,10219,Chris Rodriguez,RB,25.0,WAS,0.0,0,0,0,0,0,0,0,0,0,0,0,0.0,0,0,0,0,0,0,0.00,0,0,0,0,0.00,0.00,0,0,0,0,0,0,0,0,0.0,0.0,0,0,0,0,0,NA,0,0,NA,NA,NA,NA,0,NA,0,0,NA,NA,NA,NA,NA,0,NA,NA,NA,NA,NA,NA,NA,0,BYE,BYE,BYE,BYE,
12,12543,Tahj Brooks,RB,23.4,CIN,60.0,60,59,0.5,0.5,0.5,1,1,0,65,9,0,0.0,0,0,0,0,0,0,0.00,5,0,0,0,0.00,0.00,0,0,0,0,0,1,0,0,0.0,0.0,2,0,0,5,0,4,5,2.5,13.8%,0,2.00,0.000,0,0.200,0,3,0.000,0.0,NA,2.6%,NA,0,NA,NA,NA,NA,NA,NA,NA,5,vs NE,32,·,2.4,
12,11569,Jarquez Hunter,RB,22.8,LAR,0.0,0,0,0,0,0,0,0,0,0,0,0,0.0,0,0,0,0,0,0,0.00,0,0,0,0,0.00,0.00,0,0,0,0,0,0,0,0,0.0,0.0,0,0,0,0,0,NA,0,0,NA,NA,NA,NA,0,NA,0,0,NA,NA,NA,NA,NA,0,NA,NA,NA,NA,NA,NA,NA,0,vs TB,6,·,0.3,
12,10232,Michael Wilson,WR,25.6,ARI,9.0,10,13,21.8,16.8,11.8,1,1,1,84,69,0,0.0,0,0,0,0,0,0,0.00,0,0,0,0,0.00,0.00,10,101,1,4,0,15,17,118,11.8,7.9,0,0,0,118,0,NA,0,0,82.1%,NA,NA,NA,0,NA,4,15,0.267,4.0,48,30.0%,2.46,0,NA,NA,NA,NA,NA,0.083,NA,118,vs JAX,13,·,12.5,
12,5995,Justice Hill,RB,27.9,BAL,999.0,999,999,0,0,0,1,1,0,63,16,0,0.0,0,0,0,0,0,0,0.00,0,0,0,0,0.00,0.00,0,0,0,0,0,0,0,0,0.0,0.0,0,0,0,0,0,0,0,0,25.4%,0,0.00,NA,0,NA,0,0,NA,0.0,NA,0.0%,NA,0,NA,NA,NA,NA,NA,NA,NA,0,vs NYJ,12,·,4.5,
12,8180,Jalen Nailor,WR,26.6,MIN,999.0,999,999,0,0,0,1,1,0,44,20,0,0.0,0,0,0,0,0,0,0.00,0,0,0,0,0.00,0.00,0,0,0,0,0,1,0,0,0.0,0.0,0,0,0,0,0,NA,0,0,45.5%,NA,NA,NA,0,NA,0,1,0.000,0.0,16,5.3%,0.00,0,NA,NA,NA,NA,NA,0.000,NA,0,@ GB,23,·,4.7,
12,8698,Jake Tonges,TE,26.2,SF,999.0,999,999,0,0,0,1,1,0,70,2,0,0.0,0,0,0,0,0,0,0.00,0,0,0,0,0.00,0.00,0,0,0,0,0,0,0,0,0.0,0.0,0,0,0,0,0,NA,0,0,2.9%,NA,NA,NA,0,NA,0,0,NA,0.0,NA,NA,NA,0,NA,NA,NA,NA,NA,NA,NA,0,vs CAR,11,·,1.3,
12,8123,Hassan Haskins,RB,25.8,LAC,0.0,0,0,0,0,0,0,0,0,0,0,0,0.0,0,0,0,0,0,0,0.00,0,0,0,0,0.00,0.00,0,0,0,0,0,0,0,0,0.0,0.0,0,0,0,0,0,NA,0,0,NA,NA,NA,NA,0,NA,0,0,NA,NA,NA,NA,NA,0,NA,NA,NA,NA,NA,NA,NA,0,BYE,BYE,BYE,BYE,
12,4098,Kareem Hunt,RB,30.1,KC,8.0,8,7,20,18.5,17,1,1,1,96,68,1,0.0,0,0,0,0,0,0,0.00,104,0,0,0,0.00,0.00,3,4,0,1,0,3,22,26,8.7,8.7,30,3,9,130,1,102,104,3.47,70.8%,9,3.40,0.300,10,0.640,11,33,0.333,11.0,NA,6.5%,NA,0,NA,NA,NA,NA,NA,NA,NA,130,vs IND,21,·,13.1,
12,11630,Roman Wilson,WR,24.3,PIT,999.0,999,999,0,0,0,1,1,1,72,20,0,0.0,0,0,0,0,0,0,0.00,0,0,0,0,0.00,0.00,0,0,0,0,0,2,0,0,0.0,0.0,0,0,0,0,0,NA,0,0,27.8%,NA,NA,NA,0,NA,0,2,0.000,0.0,11,6.5%,0.00,0,NA,NA,NA,NA,NA,0.000,NA,0,@ CHI,5,·,6.9,
12,12540,Chimere Dike,WR,23.8,TEN,10.0,9,8,21.4,18.9,16.4,1,1,1,76,61,0,0.0,0,0,0,0,0,0,0.00,0,0,0,0,0.00,0.00,5,10,0,1,1,7,34,44,8.8,6.3,0,0,0,44,0,NA,0,0,80.3%,NA,NA,NA,0,NA,2,7,0.286,2.0,41,16.7%,1.07,0,NA,NA,NA,NA,NA,0.024,NA,44,vs SEA,7,·,9.0,
12,8117,Jalen Tolbert,WR,26.6,DAL,0.0,0,0,0,0,0,0,0,0,0,0,0,0.0,0,0,0,0,0,0,0.00,0,0,0,0,0.00,0.00,0,0,0,0,0,0,0,0,0.0,0.0,0,0,0,0,0,NA,0,0,NA,NA,NA,NA,0,NA,0,0,NA,NA,NA,NA,NA,0,NA,NA,NA,NA,NA,NA,NA,0,vs PHI,20,·,2.6,
12,12523,Jimmy Horn,WR,23.0,CAR,83.0,83,79,2.1,1.6,1.1,1,1,0,46,10,0,0.0,0,0,0,0,0,0,0.00,0,0,0,0,0.00,0.00,1,-6,0,1,0,1,17,11,11.0,11.0,0,0,0,11,0,NA,0,0,21.7%,NA,NA,NA,0,NA,1,1,1.000,1.0,6,3.4%,1.83,0,NA,NA,NA,NA,NA,0.167,NA,11,@ SF,25,·,2.6,
12,12670,KeAndre Lambert-Smith,WR,24.0,LAC,0.0,0,0,0,0,0,0,0,0,0,0,0,0.0,0,0,0,0,0,0,0.00,0,0,0,0,0.00,0.00,0,0,0,0,0,0,0,0,0.0,0.0,0,0,0,0,0,NA,0,0,NA,NA,NA,NA,0,NA,0,0,NA,NA,NA,NA,NA,0,NA,NA,NA,NA,NA,NA,NA,0,BYE,BYE,BYE,BYE,
12,12502,Gunnar Helm,TE,23.1,TEN,8.0,11,13,11.1,8.1,5.1,1,1,1,76,48,0,0.0,0,0,0,0,0,0,0.00,0,0,0,0,0.00,0.00,6,16,0,2,0,7,35,51,8.5,7.3,0,0,0,51,0,NA,0,0,63.2%,NA,NA,NA,0,NA,2,7,0.286,2.0,21,16.7%,2.43,0,NA,NA,NA,NA,NA,0.095,NA,51,vs SEA,8,·,7.1,
12,11651,Isaac Guerendo,RB,25.2,SF,999.0,999,999,0,0,0,1,1,0,70,0,0,0.0,0,0,0,0,0,0,0.00,0,0,0,0,0.00,0.00,0,0,0,0,0,0,0,0,0.0,0.0,0,0,0,0,0,NA,0,0,0.0%,NA,NA,NA,0,NA,0,0,NA,0.0,NA,NA,NA,0,NA,NA,NA,NA,NA,NA,NA,0,vs CAR,13,·,0.3,
12,3321,Tyreek Hill,WR,31.6,MIA,0.0,0,0,0,0,0,0,0,0,0,0,0,0.0,0,0,0,0,0,0,0.00,0,0,0,0,0.00,0.00,0,0,0,0,0,0,0,0,0.0,0.0,0,0,0,0,0,NA,0,0,NA,NA,NA,NA,0,NA,0,0,NA,NA,NA,NA,NA,0,NA,NA,NA,NA,NA,NA,NA,0,BYE,BYE,BYE,BYE,
12,11557,Joe Milton,QB,25.6,DAL,999.0,999,999,0,0,0,1,0,0,74,0,0,0.0,0,0,0,0,0,0,0.00,0,0,0,0,0.00,0.00,0,0,0,0,0,0,0,0,0.0,0.0,0,0,0,0,0,NA,0,0,0.0%,NA,NA,NA,0,NA,0,0,NA,NA,NA,NA,NA,0,NA,NA,NA,NA,NA,NA,NA,0,vs PHI,22,·,·,
12,7828,Noah Gray,TE,26.4,KC,27.0,26,27,5.5,4,2.5,1,1,0,96,31,0,0.0,0,0,0,0,0,0,0.00,0,0,0,0,0.00,0.00,3,16,1,1,0,4,9,25,8.3,6.3,0,0,0,25,0,NA,0,0,32.3%,NA,NA,NA,0,NA,1,4,0.250,1.0,11,8.7%,2.27,0,NA,NA,NA,NA,NA,0.091,NA,25,vs IND,4,·,2.6,
12,6149,Darius Slayton,WR,28.7,NYG,71.0,68,62,3.3,2.8,2.3,1,1,1,82,52,0,0.0,0,0,0,0,0,0,0.00,0,0,0,0,0.00,0.00,1,9,0,1,0,2,14,23,23.0,11.5,0,0,0,23,0,NA,0,0,63.4%,NA,NA,NA,0,NA,1,2,0.500,1.0,25,5.4%,0.92,0,NA,NA,NA,NA,NA,0.040,NA,23,@ DET,11,·,·,
12,10218,Xavier Hutchinson,WR,25.3,HOU,93.0,92,82,0.9,0.9,0.9,1,1,1,59,21,0,0.0,0,0,0,0,0,0,0.00,9,0,0,0,0.00,0.00,0,0,0,0,0,0,0,0,0.0,0.0,1,0,0,9,0,NA,9,9,35.6%,NA,NA,NA,0,NA,0,1,0.000,0.0,12,0.0%,0.00,0,NA,NA,NA,NA,NA,0.000,NA,9,vs BUF,22,·,3.6,
12,9481,Luke Musgrave,TE,25.1,GB,46.0,47,48,1.7,1.2,0.7,1,1,0,66,25,0,0.0,0,0,0,0,0,0,0.00,0,0,0,0,0.00,0.00,1,1,0,0,0,2,6,7,7.0,3.5,0,0,0,7,0,NA,0,0,37.9%,NA,NA,NA,0,NA,0,2,0.000,0.0,7,9.1%,1.00,0,NA,NA,NA,NA,NA,0.000,NA,7,vs MIN,7,·,4.2,
12,5857,Noah Fant,TE,27.8,CIN,41.0,42,43,1.9,1.4,0.9,1,1,0,65,18,0,0.0,0,0,0,0,0,0,0.00,0,0,0,0,0.00,0.00,1,1,0,0,0,1,8,9,9.0,9.0,0,0,0,9,0,NA,0,0,27.7%,NA,NA,NA,0,NA,0,1,0.000,0.0,7,2.6%,1.29,0,NA,NA,NA,NA,NA,0.000,NA,9,vs NE,9,·,6.7,
12,5906,Dawson Knox,TE,28.9,BUF,30.0,32,35,4.7,3.2,1.7,1,1,1,66,57,0,0.0,0,0,0,0,0,0,0.00,0,0,0,0,0.00,0.00,3,4,0,1,0,4,13,17,5.7,4.3,0,0,0,17,0,NA,0,0,86.4%,NA,NA,NA,0,NA,1,4,0.250,1.0,36,11.8%,0.47,0,NA,NA,NA,NA,NA,0.028,NA,17,@ HOU,29,·,6.9,
12,12482,Savion Williams,WR,23.8,GB,999.0,999,999,0,0,0,1,1,0,66,8,0,0.0,0,0,0,0,0,0,0.00,0,0,0,0,0.00,0.00,0,0,0,0,0,0,0,0,0.0,0.0,1,0,0,0,0,NA,0,0,12.1%,NA,NA,NA,0,NA,0,1,0.000,0.0,1,0.0%,0.00,0,NA,NA,NA,NA,NA,0.000,NA,0,vs MIN,26,Q,2.2,
12,7528,Najee Harris,RB,27.6,LAC,0.0,0,0,0,0,0,0,0,0,0,0,0,0.0,0,0,0,0,0,0,0.00,0,0,0,0,0.00,0.00,0,0,0,0,0,0,0,0,0.0,0.0,0,0,0,0,0,NA,0,0,NA,NA,NA,NA,0,NA,0,0,NA,NA,NA,NA,NA,0,NA,NA,NA,NA,NA,NA,NA,0,BYE,BYE,BYE,BYE,
12,12544,LeQuint Allen,RB,21.2,JAX,62.0,62,62,0.2,0.2,0.2,1,1,0,62,9,0,0.0,0,0,0,0,0,0,0.00,2,0,0,0,0.00,0.00,0,0,0,0,0,0,0,0,0.0,0.0,1,0,0,2,0,2,2,2,14.5%,0,2.20,0.000,0,0.220,0,1,0.000,0.0,NA,0.0%,NA,0,NA,NA,NA,NA,NA,NA,NA,2,@ ARI,9,·,2.3,
12,8143,Jerome Ford,RB,26.0,CLE,63.0,63,63,-0.3,-0.3,-0.3,1,1,0,51,8,0,0.0,0,0,0,0,0,0,0.00,-3,0,0,0,0.00,0.00,0,0,0,0,0,0,0,0,0.0,0.0,1,0,0,-3,0,NA,-3,-3,15.7%,NA,NA,NA,0,NA,0,1,0.000,0.0,NA,NA,NA,0,NA,NA,NA,NA,NA,NA,NA,-3,@ LV,19,·,4.7,
12,12467,Jordan James,RB,21.5,SF,0.0,0,0,0,0,0,0,0,0,0,0,0,0.0,0,0,0,0,0,0,0.00,0,0,0,0,0.00,0.00,0,0,0,0,0,0,0,0,0.0,0.0,0,0,0,0,0,NA,0,0,NA,NA,NA,NA,0,NA,0,0,NA,NA,NA,NA,NA,0,NA,NA,NA,NA,NA,NA,NA,0,vs CAR,13,·,0.1,
12,11623,Jordan Whittington,WR,25.0,LAR,58.0,64,72,4.7,3.2,1.7,1,1,1,56,34,0,0.0,0,0,0,0,0,0,0.00,0,0,0,0,0.00,0.00,3,5,0,1,0,3,12,17,5.7,5.7,0,0,0,17,0,NA,0,0,60.7%,NA,NA,NA,0,NA,1,3,0.333,1.0,19,8.6%,0.89,0,NA,NA,NA,NA,NA,0.053,NA,17,vs TB,12,·,3.9,
12,3161,Carson Wentz,QB,32.7,MIN,999.0,999,999,0,0,0,1,0,0,0,0,0,0.0,0,0,0,0,0,0,0.00,0,0,0,0,0.00,0.00,0,0,0,0,0,0,0,0,0.0,0.0,0,0,0,0,0,NA,0,0,NA,NA,NA,NA,0,NA,0,0,NA,NA,NA,NA,NA,0,NA,NA,NA,NA,NA,NA,NA,0,@ GB,26,IR,IR,
12,19,Joe Flacco,QB,40.7,CIN,19.0,19,19,10.62,10.62,10.62,1,1,1,65,64,0,51.4,128,37,19,8,18,1,63.20,186,1,1,183,4.95,9.63,0,0,0,0,0,0,0,0,0.0,0.0,1,0,1,3,0,NA,3,3,98.5%,NA,NA,NA,1,NA,10,38,NA,NA,NA,NA,NA,9,24.3%,2.87,10.8%,39.5%,9.20,NA,38,186,vs NE,17,·,·,
12,7562,Tutu Atwell,WR,26.0,LAR,999.0,999,999,0,0,0,1,0,0,0,0,0,0.0,0,0,0,0,0,0,0.00,0,0,0,0,0.00,0.00,0,0,0,0,0,0,0,0,0.0,0.0,0,0,0,0,0,NA,0,0,NA,NA,NA,NA,0,NA,0,0,NA,NA,NA,NA,NA,0,NA,NA,NA,NA,NA,NA,NA,0,vs TB,12,IR,IR,
12,10235,Roschon Johnson,RB,24.6,CHI,999.0,999,999,0,0,0,1,0,0,0,0,0,0.0,0,0,0,0,0,0,0.00,0,0,0,0,0.00,0.00,0,0,0,0,0,0,0,0,0.0,0.0,0,0,0,0,0,NA,0,0,NA,NA,NA,NA,0,NA,0,0,NA,NA,NA,NA,NA,0,NA,NA,NA,NA,NA,NA,NA,0,vs PIT,24,OUT,OUT,
12,10226,Andrei Iosivas,WR,26.0,CIN,31.0,31,32,10.6,8.6,6.6,1,1,1,65,54,0,0.0,0,0,0,0,0,0,0.00,5,0,0,0,0.00,0.00,4,54,0,4,0,7,7,61,15.3,8.7,1,0,0,66,0,NA,5,5,83.1%,NA,NA,NA,0,NA,4,8,0.500,4.0,34,18.4%,1.79,0,NA,NA,NA,NA,NA,0.118,NA,66,vs NE,14,·,9.4,
12,12511,Will Howard,QB,24.0,PIT,999.0,999,999,0,0,0,1,0,0,72,0,0,0.0,0,0,0,0,0,0,0.00,0,0,0,0,0.00,0.00,0,0,0,0,0,0,0,0,0.0,0.0,0,0,0,0,0,NA,0,0,0.0%,NA,NA,NA,0,NA,0,0,NA,NA,NA,NA,NA,0,NA,NA,NA,NA,NA,NA,NA,0,@ CHI,4,·,·,
12,8917,KaVontae Turpin,WR,29.2,DAL,63.0,56,51,4.2,3.7,3.2,1,1,0,74,35,1,0.0,0,0,0,0,0,0,0.00,4,0,0,0,0.00,0.00,1,13,1,1,0,2,35,48,48.0,24.0,2,0,0,52,0,NA,4,2,47.3%,NA,NA,NA,0,NA,1,4,0.250,1.0,19,5.6%,2.53,0,NA,NA,NA,NA,NA,0.053,NA,52,vs PHI,20,·,4.9,
12,11783,Ryan Flournoy,WR,25.9,DAL,999.0,999,999,0,0,0,1,1,0,74,33,0,0.0,0,0,0,0,0,0,0.00,0,0,0,0,0.00,0.00,0,0,0,0,0,1,0,0,0.0,0.0,0,0,0,0,0,NA,0,0,44.6%,NA,NA,NA,0,NA,0,1,0.000,0.0,17,2.8%,0.00,0,NA,NA,NA,NA,NA,0.000,NA,0,vs PHI,20,·,1.3,
12,11435,Emanuel Wilson,RB,26.4,GB,3.0,2,2,26.5,25.5,24.5,1,1,1,66,37,0,0.0,0,0,0,0,0,0,0.00,107,0,0,0,0.00,0.00,2,2,0,1,0,2,16,18,9.0,9.0,28,3,7,125,2,101,107,3.82,56.1%,6,3.60,0.214,9,0.574,10,30,0.333,10.0,NA,9.1%,NA,0,NA,NA,NA,NA,NA,NA,NA,125,vs MIN,20,·,6.6,
12,8119,Jahan Dotson,WR,25.5,PHI,999.0,999,999,0,0,0,1,1,0,63,34,0,0.0,0,0,0,0,0,0,0.00,0,0,0,0,0.00,0.00,0,0,0,0,0,1,0,0,0.0,0.0,0,0,0,0,0,NA,0,0,54.0%,NA,NA,NA,0,NA,0,1,0.000,0.0,25,2.6%,0.00,0,NA,NA,NA,NA,NA,0.000,NA,0,@ DAL,1,·,4.2,
12,7694,Tommy Tremble,TE,25.3,CAR,999.0,999,999,0,0,0,1,1,1,46,22,0,0.0,0,0,0,0,0,0,0.00,0,0,0,0,0.00,0.00,0,0,0,0,0,0,0,0,0.0,0.0,0,0,0,0,0,NA,0,0,47.8%,NA,NA,NA,0,NA,0,0,NA,0.0,10,0.0%,0.00,0,NA,NA,NA,NA,NA,0.000,NA,0,@ SF,5,·,3.3,
12,9497,Jalin Hyatt,WR,24.0,NYG,999.0,999,999,0,0,0,1,0,0,82,0,0,0.0,0,0,0,0,0,0,0.00,0,0,0,0,0.00,0.00,0,0,0,0,0,0,0,0,0.0,0.0,0,0,0,0,0,NA,0,0,0.0%,NA,NA,NA,0,NA,0,0,NA,NA,NA,NA,NA,0,NA,NA,NA,NA,NA,NA,NA,0,@ DET,11,·,5.8,
12,12500,Quinn Ewers,QB,22.4,MIA,0.0,0,0,0,0,0,0,0,0,0,0,0,0.0,0,0,0,0,0,0,0.00,0,0,0,0,0.00,0.00,0,0,0,0,0,0,0,0,0.0,0.0,0,0,0,0,0,NA,0,0,NA,NA,NA,NA,0,NA,0,0,NA,NA,NA,NA,NA,0,NA,NA,NA,NA,NA,NA,NA,0,BYE,BYE,BYE,BYE,
12,11629,Devontez Walker,WR,24.3,BAL,67.0,59,56,4,3.5,3,1,1,0,63,25,0,0.0,0,0,0,0,0,0,0.00,0,0,0,0,0.00,0.00,1,30,0,1,0,1,0,30,30.0,30.0,0,0,0,30,0,NA,0,0,39.7%,NA,NA,NA,0,NA,1,1,1.000,1.0,7,4.3%,4.29,0,NA,NA,NA,NA,NA,0.143,NA,30,vs NYJ,18,·,1.5,
12,9479,Darnell Washington,TE,24.1,PIT,33.0,33,29,4.2,3.2,2.2,1,1,0,72,49,0,0.0,0,0,0,0,0,0,0.00,0,0,0,0,0.00,0.00,2,8,0,1,0,2,14,22,11.0,11.0,0,0,0,22,0,NA,0,0,68.1%,NA,NA,NA,0,NA,1,2,0.500,1.0,12,6.5%,1.83,0,NA,NA,NA,NA,NA,0.083,NA,22,@ CHI,15,·,7.1,
12,11199,Emari Demercado,RB,26.7,ARI,0.0,0,0,0,0,0,0,0,0,0,0,0,0.0,0,0,0,0,0,0,0.00,0,0,0,0,0.00,0.00,0,0,0,0,0,0,0,0,0.0,0.0,0,0,0,0,0,NA,0,0,NA,NA,NA,NA,0,NA,0,0,NA,NA,NA,NA,NA,0,NA,NA,NA,NA,NA,NA,NA,0,vs JAX,29,OUT,OUT,
12,4040,JuJu Smith-Schuster,WR,28.8,KC,88.0,88,87,1.8,1.3,0.8,1,1,1,96,45,0,0.0,0,0,0,0,0,0,0.00,0,0,0,0,0.00,0.00,1,4,0,1,0,2,4,8,8.0,4.0,0,0,0,8,0,NA,0,0,46.9%,NA,NA,NA,0,NA,1,2,0.500,1.0,19,4.3%,0.42,0,NA,NA,NA,NA,NA,0.053,NA,8,vs IND,10,·,4.4,
12,1426,DeAndre Hopkins,WR,33.3,BAL,70.0,75,76,3.3,2.3,1.3,1,1,1,63,34,0,0.0,0,0,0,0,0,0,0.00,0,0,0,0,0.00,0.00,2,13,0,1,0,3,0,13,6.5,4.3,0,0,0,13,0,NA,0,0,54.0%,NA,NA,NA,0,NA,1,3,0.333,1.0,18,13.0%,0.72,0,NA,NA,NA,NA,NA,0.056,NA,13,vs NYJ,18,·,7.6,
12,6111,Jake Browning,QB,29.5,CIN,31.0,31,31,0.56,0.56,0.56,1,1,0,65,1,0,100.0,9,1,1,1,0,0,118.80,14,0,0,14,14.00,14.00,0,0,0,0,0,0,0,0,0.0,0.0,0,0,0,0,0,NA,0,0,1.5%,NA,NA,NA,0,NA,1,1,NA,NA,NA,NA,NA,1,100.0%,4.82,0.0%,100.0%,9.20,NA,1,14,vs NE,17,·,·,
12,12542,Efton Chism,WR,23.9,NE,0.0,0,0,0,0,0,0,0,0,0,0,0,0.0,0,0,0,0,0,0,0.00,0,0,0,0,0.00,0.00,0,0,0,0,0,0,0,0,0.0,0.0,0,0,0,0,0,NA,0,0,NA,NA,NA,NA,0,NA,0,0,NA,NA,NA,NA,NA,0,NA,NA,NA,NA,NA,NA,NA,0,@ CIN,19,·,0.1,
12,6271,Olamide Zaccheaus,WR,28.2,CHI,90.0,90,92,1.6,1.1,0.6,1,1,0,65,23,0,0.0,0,0,0,0,0,0,0.00,0,0,0,0,0.00,0.00,1,6,0,0,0,1,0,6,6.0,6.0,0,0,0,6,0,NA,0,0,35.4%,NA,NA,NA,0,NA,0,1,0.000,0.0,9,2.9%,0.67,0,NA,NA,NA,NA,NA,0.000,NA,6,vs PIT,3,·,3.3,
12,4219,Jeremy McNichols,RB,29.8,WAS,0.0,0,0,0,0,0,0,0,0,0,0,0,0.0,0,0,0,0,0,0,0.00,0,0,0,0,0.00,0.00,0,0,0,0,0,0,0,0,0.0,0.0,0,0,0,0,0,NA,0,0,NA,NA,NA,NA,0,NA,0,0,NA,NA,NA,NA,NA,0,NA,NA,NA,NA,NA,NA,NA,0,BYE,BYE,BYE,BYE,
12,2307,Marcus Mariota,QB,31.9,WAS,0.0,0,0,0,0,0,0,0,0,0,0,0,0.0,0,0,0,0,0,0,0.00,0,0,0,0,0.00,0.00,0,0,0,0,0,0,0,0,0.0,0.0,0,0,0,0,0,NA,0,0,NA,NA,NA,NA,0,NA,0,0,NA,NA,NA,NA,NA,0,NA,NA,NA,NA,NA,NA,NA,0,BYE,BYE,BYE,BYE,
12,12496,Tai Felton,WR,22.5,MIN,999.0,999,999,0,0,0,1,1,0,44,0,0,0.0,0,0,0,0,0,0,0.00,0,0,0,0,0.00,0.00,0,0,0,0,0,0,0,0,0.0,0.0,0,0,0,0,0,NA,0,0,0.0%,NA,NA,NA,0,NA,0,0,NA,0.0,NA,NA,NA,0,NA,NA,NA,NA,NA,NA,NA,0,@ GB,23,·,0.1,
12,7596,Elijah Moore,WR,25.5,BUF,95.0,96,96,0.7,0.2,-0.3,1,1,0,66,27,0,0.0,0,0,0,0,0,0,0.00,0,0,0,0,0.00,0.00,1,-3,0,0,0,3,0,-3,-3.0,-1.0,0,0,0,-3,0,NA,0,0,40.9%,NA,NA,NA,0,NA,0,3,0.000,0.0,21,8.8%,-0.14,0,NA,NA,NA,NA,NA,0.000,NA,-3,@ HOU,30,·,3.1,
12,11619,Ja'Lynn Polk,WR,23.5,NO,999.0,999,999,0,0,0,1,0,0,0,0,0,0.0,0,0,0,0,0,0,0.00,0,0,0,0,0.00,0.00,0,0,0,0,0,0,0,0,0.0,0.0,0,0,0,0,0,NA,0,0,NA,NA,NA,NA,0,NA,0,0,NA,NA,NA,NA,NA,0,NA,NA,NA,NA,NA,NA,NA,0,vs ATL,15,IR,IR,
12,9492,Trey Palmer,WR,24.5,NO,999.0,999,999,0,0,0,1,0,0,0,0,0,0.0,0,0,0,0,0,0,0.00,0,0,0,0,0.00,0.00,0,0,0,0,0,0,0,0,0.0,0.0,0,0,0,0,0,NA,0,0,NA,NA,NA,NA,0,NA,0,0,NA,NA,NA,NA,NA,0,NA,NA,NA,NA,NA,NA,NA,0,vs ATL,15,IR,IR,
12,8161,Malik Willis,QB,26.3,GB,30.0,30,30,0.58,0.58,0.58,1,1,0,66,6,0,100.0,1,1,1,0,0,0,95.80,10,0,0,7,7.00,7.00,0,0,0,0,0,0,0,0,0.0,0.0,2,0,1,3,0,NA,3,1.5,9.1%,NA,NA,NA,1,NA,1,3,NA,NA,NA,NA,NA,0,0.0%,2.90,0.0%,0.0%,0.40,NA,1,10,vs MIN,21,·,·,
12,11640,Jermaine Burton,WR,24.2,CIN,0.0,0,0,0,0,0,0,0,0,0,0,0,0.0,0,0,0,0,0,0,0.00,0,0,0,0,0.00,0.00,0,0,0,0,0,0,0,0,0.0,0.0,0,0,0,0,0,NA,0,0,NA,NA,NA,NA,0,NA,0,0,NA,NA,NA,NA,NA,0,NA,NA,NA,NA,NA,NA,NA,0,vs NE,14,·,1.0,
12,3200,Sterling Shepard,WR,32.6,TB,64.0,70,77,4.2,2.7,1.2,1,1,0,70,41,0,0.0,0,0,0,0,0,0,0.00,0,0,0,0,0.00,0.00,3,-4,0,0,0,5,16,12,4.0,2.4,0,0,0,12,0,NA,0,0,58.6%,NA,NA,NA,0,NA,0,5,0.000,0.0,25,14.7%,0.48,0,NA,NA,NA,NA,NA,0.000,NA,12,@ LAR,16,·,5.1,
12,6039,Ty Johnson,RB,28.0,BUF,30.0,30,31,8.2,6.7,5.2,1,1,0,66,23,0,0.0,0,0,0,0,0,0,0.00,7,0,0,0,0.00,0.00,3,14,0,2,0,3,31,45,15.0,15.0,2,0,0,52,0,6,7,3.5,34.8%,1,2.80,0.500,0,0.780,2,5,0.400,2.0,NA,8.8%,NA,0,NA,NA,NA,NA,NA,NA,NA,52,@ HOU,25,·,5.3,
12,11821,Tahj Washington,WR,24.4,MIA,0.0,0,0,0,0,0,0,0,0,0,0,0,0.0,0,0,0,0,0,0,0.00,0,0,0,0,0.00,0.00,0,0,0,0,0,0,0,0,0.0,0.0,0,0,0,0,0,NA,0,0,NA,NA,NA,NA,0,NA,0,0,NA,NA,NA,NA,NA,0,NA,NA,NA,NA,NA,NA,NA,0,BYE,BYE,BYE,BYE,
12,12462,Damien Martinez,RB,21.6,FA,0.0,0,0,0,0,0,0,0,0,0,0,0,0.0,0,0,0,0,0,0,0.00,0,0,0,0,0.00,0.00,0,0,0,0,0,0,0,0,0.0,0.0,0,0,0,0,0,NA,0,0,NA,NA,NA,NA,0,NA,0,0,NA,NA,NA,NA,NA,0,NA,NA,NA,NA,NA,NA,NA,0,NA,,·,·,
12,2306,Jameis Winston,QB,31.7,NYG,1.0,1,1,33.24,32.74,32.24,1,1,1,82,82,0,50.0,245,36,18,13,18,1,93.10,379,1,2,366,10.17,20.33,1,13,0,0,1,1,20,33,33.0,33.0,4,0,1,46,0,NA,13,3.25,100.0%,NA,NA,NA,1,NA,17,41,NA,NA,NA,NA,NA,15,41.7%,3.36,11.1%,50.0%,12.10,NA,38,412,@ DET,12,·,18.1,
12,12520,Xavier Restrepo,WR,23.5,TEN,59.0,58,58,4.6,3.6,2.6,1,1,0,76,19,0,0.0,0,0,0,0,0,0,0.00,0,0,0,0,0.00,0.00,2,23,0,2,0,6,3,26,13.0,4.3,0,0,0,26,0,NA,0,0,25.0%,NA,NA,NA,0,NA,2,6,0.333,2.0,14,14.3%,1.86,0,NA,NA,NA,NA,NA,0.143,NA,26,vs SEA,7,·,·,
12,11599,Cade Stover,TE,25.3,HOU,999.0,999,999,0,0,0,1,1,1,59,20,0,0.0,0,0,0,0,0,0,0.00,0,0,0,0,0.00,0.00,0,0,1,0,0,2,0,0,0.0,0.0,0,0,0,0,0,NA,0,0,33.9%,NA,NA,NA,0,NA,0,2,0.000,0.0,NA,NA,NA,0,NA,NA,NA,NA,NA,NA,NA,0,vs BUF,32,·,1.1,
12,2505,Darren Waller,TE,33.0,MIA,0.0,0,0,0,0,0,0,0,0,0,0,0,0.0,0,0,0,0,0,0,0.00,0,0,0,0,0.00,0.00,0,0,0,0,0,0,0,0,0.0,0.0,0,0,0,0,0,NA,0,0,NA,NA,NA,NA,0,NA,0,0,NA,NA,NA,NA,NA,0,NA,NA,NA,NA,NA,NA,NA,0,BYE,BYE,BYE,BYE,
12,11616,Jacob Cowing,WR,24.6,SF,999.0,999,999,0,0,0,1,0,0,0,0,0,0.0,0,0,0,0,0,0,0.00,0,0,0,0,0.00,0.00,0,0,0,0,0,0,0,0,0.0,0.0,0,0,0,0,0,NA,0,0,NA,NA,NA,NA,0,NA,0,0,NA,NA,NA,NA,NA,0,NA,NA,NA,NA,NA,NA,NA,0,vs CAR,29,IR,IR,
12,4993,Mike Gesicki,TE,30.0,CIN,18.0,19,21,7.5,5.5,3.5,1,1,0,65,28,0,0.0,0,0,0,0,0,0,0.00,0,0,0,0,0.00,0.00,4,29,0,3,0,6,6,35,8.8,5.8,0,0,0,35,0,NA,0,0,43.1%,NA,NA,NA,0,NA,3,6,0.500,3.0,26,15.8%,1.35,0,NA,NA,NA,NA,NA,0.115,NA,35,vs NE,9,·,5.4,
12,12516,Kalel Mullings,RB,23.0,TEN,999.0,999,999,0,0,0,1,1,0,76,0,0,0.0,0,0,0,0,0,0,0.00,0,0,0,0,0.00,0.00,0,0,0,0,0,0,0,0,0.0,0.0,0,0,0,0,0,NA,0,0,0.0%,NA,NA,NA,0,NA,0,0,NA,0.0,NA,NA,NA,0,NA,NA,NA,NA,NA,NA,NA,0,vs SEA,18,IR,IR,
12,8207,Tyler Goodson,RB,24.9,IND,999.0,999,999,0,0,0,1,1,0,51,1,0,0.0,0,0,0,0,0,0,0.00,0,0,0,0,0.00,0.00,0,0,0,0,0,0,0,0,0.0,0.0,0,0,0,0,0,NA,0,0,2.0%,NA,NA,NA,0,NA,0,0,NA,0.0,NA,NA,NA,0,NA,NA,NA,NA,NA,NA,NA,0,@ KC,26,·,0.8,
12,8147,John Metchie,WR,25.2,NYJ,11.0,12,12,18.5,15.5,12.5,1,1,0,59,51,0,0.0,0,0,0,0,0,0,0.00,0,0,0,0,0.00,0.00,6,24,0,3,1,7,41,65,10.8,9.3,0,0,0,65,0,NA,0,0,86.4%,NA,NA,NA,0,NA,4,7,0.571,4.0,28,25.0%,2.32,0,NA,NA,NA,NA,NA,0.107,NA,65,@ BAL,9,·,8.2,
12,12472,Raheim Sanders,RB,23.3,CLE,999.0,999,999,0,0,0,0,0,0,51,0,0,0.0,0,0,0,0,0,0,0.00,0,0,0,0,0.00,0.00,0,0,0,0,0,0,0,0,0.0,0.0,0,0,0,0,0,NA,0,0,0.0%,NA,NA,NA,0,NA,0,0,NA,NA,NA,NA,NA,0,NA,NA,NA,NA,NA,NA,NA,0,@ LV,19,·,0.0,
12,3271,Tyler Higbee,TE,32.7,LAR,999.0,999,999,0,0,0,1,0,0,0,0,0,0.0,0,0,0,0,0,0,0.00,0,0,0,0,0.00,0.00,0,0,0,0,0,0,0,0,0.0,0.0,0,0,0,0,0,NA,0,0,NA,NA,NA,NA,0,NA,0,0,NA,NA,NA,NA,NA,0,NA,NA,NA,NA,NA,NA,NA,0,vs TB,25,IR,IR,
12,5970,Greg Dortch,WR,27.3,ARI,14.0,15,16,16.8,13.8,10.8,1,1,1,84,53,1,0.0,0,0,0,0,0,0,0.00,-5,0,0,0,0.00,0.00,6,1,0,2,1,9,52,53,8.8,5.9,2,0,0,48,0,NA,-5,-2.5,63.1%,NA,NA,NA,0,NA,3,11,0.273,3.0,37,18.0%,1.43,0,NA,NA,NA,NA,NA,0.054,NA,48,vs JAX,13,·,8.4,
12,5955,Hunter Renfrow,WR,29.8,CAR,0.0,0,0,0,0,0,0,0,0,0,0,0,0.0,0,0,0,0,0,0,0.00,0,0,0,0,0.00,0.00,0,0,0,0,0,0,0,0,0.0,0.0,0,0,0,0,0,NA,0,0,NA,NA,NA,NA,0,NA,0,0,NA,NA,NA,NA,NA,0,NA,NA,NA,NA,NA,NA,NA,0,@ SF,25,·,0.2,
12,8129,Dameon Pierce,RB,25.6,HOU,999.0,999,999,0,0,0,1,0,0,0,0,0,0.0,0,0,0,0,0,0,0.00,0,0,0,0,0.00,0.00,0,0,0,0,0,0,0,0,0.0,0.0,0,0,0,0,0,NA,0,0,NA,NA,NA,NA,0,NA,0,0,NA,NA,NA,NA,NA,0,NA,NA,NA,NA,NA,NA,NA,0,vs BUF,2,·,·,
12,11439,Jaleel McLaughlin,RB,25.0,DEN,0.0,0,0,0,0,0,0,0,0,0,0,0,0.0,0,0,0,0,0,0,0.00,0,0,0,0,0.00,0.00,0,0,0,0,0,0,0,0,0.0,0.0,0,0,0,0,0,NA,0,0,NA,NA,NA,NA,0,NA,0,0,NA,NA,NA,NA,NA,0,NA,NA,NA,NA,NA,NA,NA,0,BYE,BYE,BYE,BYE,
12,12634,Jordan Watkins,WR,23.6,SF,0.0,0,0,0,0,0,0,0,0,0,0,0,0.0,0,0,0,0,0,0,0.00,0,0,0,0,0.00,0.00,0,0,0,0,0,0,0,0,0.0,0.0,0,0,0,0,0,NA,0,0,NA,NA,NA,NA,0,NA,0,0,NA,NA,NA,NA,NA,0,NA,NA,NA,NA,NA,NA,NA,0,vs CAR,29,·,0.3,
12,10871,Luke Schoonmaker,TE,27.0,DAL,999.0,999,999,0,0,0,1,1,0,74,23,0,0.0,0,0,0,0,0,0,0.00,0,0,0,0,0.00,0.00,0,0,0,0,0,1,0,0,0.0,0.0,0,0,0,0,0,NA,0,0,31.1%,NA,NA,NA,0,NA,0,1,0.000,0.0,NA,NA,NA,0,NA,NA,NA,NA,NA,NA,NA,0,vs PHI,31,·,1.2,
12,11834,Devaughn Vele,WR,27.8,NO,44.0,48,46,6.7,5.2,3.7,1,1,1,80,71,0,0.0,0,0,0,0,0,0,0.00,0,0,0,0,0.00,0.00,3,32,0,2,0,7,5,37,12.3,5.3,0,0,0,37,0,NA,0,0,88.8%,NA,NA,NA,0,NA,2,7,0.286,2.0,45,15.6%,0.82,0,NA,NA,NA,NA,NA,0.044,NA,37,vs ATL,15,·,7.5,
12,6151,Miles Sanders,RB,28.4,DAL,999.0,999,999,0,0,0,1,0,0,0,0,0,0.0,0,0,0,0,0,0,0.00,0,0,0,0,0.00,0.00,0,0,0,0,0,0,0,0,0.0,0.0,0,0,0,0,0,NA,0,0,NA,NA,NA,NA,0,NA,0,0,NA,NA,NA,NA,NA,0,NA,NA,NA,NA,NA,NA,NA,0,vs PHI,14,IR,IR,
12,10231,Elijah Higgins,TE,24.9,ARI,999.0,999,999,0,0,0,1,1,0,84,31,0,0.0,0,0,0,0,0,0,0.00,0,0,0,0,0.00,0.00,0,0,0,0,0,0,0,0,0.0,0.0,0,0,0,0,0,NA,0,0,36.9%,NA,NA,NA,0,NA,0,0,NA,0.0,NA,NA,NA,0,NA,NA,NA,NA,NA,NA,NA,0,vs JAX,2,·,3.2,
12,12738,Phil Mafah,RB,22.9,DAL,999.0,999,999,0,0,0,1,0,0,0,0,0,0.0,0,0,0,0,0,0,0.00,0,0,0,0,0.00,0.00,0,0,0,0,0,0,0,0,0.0,0.0,0,0,0,0,0,NA,0,0,NA,NA,NA,NA,0,NA,0,0,NA,NA,NA,NA,NA,0,NA,NA,NA,NA,NA,NA,NA,0,vs PHI,14,IR,IR,
12,11579,Audric Estime,RB,22.1,PHI,0.0,0,0,0,0,0,0,0,0,0,0,0,0.0,0,0,0,0,0,0,0.00,0,0,0,0,0.00,0.00,0,0,0,0,0,0,0,0,0.0,0.0,0,0,0,0,0,NA,0,0,NA,NA,NA,NA,0,NA,0,0,NA,NA,NA,NA,NA,0,NA,NA,NA,NA,NA,NA,NA,0,@ DAL,8,·,0.3,
12,6865,Colby Parkinson,TE,26.7,LAR,5.0,4,3,14.1,12.1,10.1,1,1,1,56,35,0,0.0,0,0,0,0,0,0,0.00,0,0,0,0,0.00,0.00,4,6,0,2,1,4,35,41,10.3,10.3,0,0,0,41,0,NA,0,0,62.5%,NA,NA,NA,0,NA,3,4,0.750,3.0,20,11.4%,2.05,0,NA,NA,NA,NA,NA,0.100,NA,41,vs TB,25,·,5.6,
12,12515,Donovan Edwards,RB,22.6,WAS,0.0,0,0,0,0,0,0,0,0,0,0,0,0.0,0,0,0,0,0,0,0.00,0,0,0,0,0.00,0.00,0,0,0,0,0,0,0,0,0.0,0.0,0,0,0,0,0,NA,0,0,NA,NA,NA,NA,0,NA,0,0,NA,NA,NA,NA,NA,0,NA,NA,NA,NA,NA,NA,NA,0,BYE,BYE,BYE,BYE,
12,8208,Tyler Badie,RB,25.6,DEN,0.0,0,0,0,0,0,0,0,0,0,0,0,0.0,0,0,0,0,0,0,0.00,0,0,0,0,0.00,0.00,0,0,0,0,0,0,0,0,0.0,0.0,0,0,0,0,0,NA,0,0,NA,NA,NA,NA,0,NA,0,0,NA,NA,NA,NA,NA,0,NA,NA,NA,NA,NA,NA,NA,0,BYE,BYE,BYE,BYE,
12,8225,Daniel Bellinger,TE,25.0,NYG,999.0,999,999,0,0,0,1,1,1,82,51,0,0.0,0,0,0,0,0,0,0.00,0,0,0,0,0.00,0.00,0,0,0,0,0,2,0,0,0.0,0.0,0,0,0,0,0,NA,0,0,62.2%,NA,NA,NA,0,NA,0,2,0.000,0.0,10,5.4%,0.00,0,NA,NA,NA,NA,NA,0.000,NA,0,@ DET,21,·,4.4,
12,12539,Arian Smith,WR,24.0,NYJ,94.0,93,88,0.8,0.8,0.8,1,1,1,59,14,0,0.0,0,0,0,0,0,0,0.00,8,0,0,0,0.00,0.00,0,0,0,0,0,0,0,0,0.0,0.0,1,0,0,8,0,NA,8,8,23.7%,NA,NA,NA,0,NA,0,1,0.000,0.0,6,0.0%,0.00,0,NA,NA,NA,NA,NA,0.000,NA,8,@ BAL,9,·,1.5,
12,4234,Noah Brown,WR,29.7,WAS,0.0,0,0,0,0,0,0,0,0,0,0,0,0.0,0,0,0,0,0,0,0.00,0,0,0,0,0.00,0.00,0,0,0,0,0,0,0,0,0.0,0.0,0,0,0,0,0,NA,0,0,NA,NA,NA,NA,0,NA,0,0,NA,NA,NA,NA,NA,0,NA,NA,NA,NA,NA,NA,NA,0,BYE,BYE,BYE,BYE,
12,11370,Chris Brooks,RB,25.7,GB,46.0,45,43,3.6,3.1,2.6,1,1,0,66,29,0,0.0,0,0,0,0,0,0,0.00,21,0,0,0,0.00,0.00,1,2,0,0,0,1,3,5,5.0,5.0,8,1,2,26,0,33,21,2.63,43.9%,2,4.10,0.250,2,0.660,2,9,0.222,2.0,NA,4.5%,NA,0,NA,NA,NA,NA,NA,NA,NA,26,vs MIN,20,·,1.5,
12,6130,Devin Singletary,RB,28.1,NYG,43.0,40,34,4.7,4.7,4.7,1,1,0,82,25,0,0.0,0,0,0,0,0,0,0.00,47,0,0,0,0.00,0.00,0,0,0,0,0,0,0,0,0.0,0.0,14,1,2,47,0,39,47,3.36,30.5%,2,2.80,0.143,2,0.423,2,14,0.143,2.0,NA,0.0%,NA,0,NA,NA,NA,NA,NA,NA,NA,47,@ DET,31,·,8.9,
12,6943,Gabriel Davis,WR,26.5,BUF,72.0,69,64,3.2,2.7,2.2,1,1,1,66,36,0,0.0,0,0,0,0,0,0,0.00,0,0,0,0,0.00,0.00,1,17,0,1,0,2,5,22,22.0,11.0,0,0,0,22,0,NA,0,0,54.5%,NA,NA,NA,0,NA,1,2,0.500,1.0,26,5.9%,0.85,0,NA,NA,NA,NA,NA,0.038,NA,22,@ HOU,30,·,5.4,
12,6945,Antonio Gibson,RB,27.3,NE,999.0,999,999,0,0,0,1,0,0,0,0,0,0.0,0,0,0,0,0,0,0.00,0,0,0,0,0.00,0.00,0,0,0,0,0,0,0,0,0.0,0.0,0,0,0,0,0,NA,0,0,NA,NA,NA,NA,0,NA,0,0,NA,NA,NA,NA,NA,0,NA,NA,NA,NA,NA,NA,NA,0,@ CIN,1,IR,IR,
12,4082,Curtis Samuel,WR,29.1,BUF,0.0,0,0,0,0,0,0,0,0,0,0,0,0.0,0,0,0,0,0,0,0.00,0,0,0,0,0.00,0.00,0,0,0,0,0,0,0,0,0.0,0.0,0,0,0,0,0,NA,0,0,NA,NA,NA,NA,0,NA,0,0,NA,NA,NA,NA,NA,0,NA,NA,NA,NA,NA,NA,NA,0,@ HOU,30,OUT,OUT,
12,7496,Nick Westbrook-Ikhine,WR,28.5,MIA,0.0,0,0,0,0,0,0,0,0,0,0,0,0.0,0,0,0,0,0,0,0.00,0,0,0,0,0.00,0.00,0,0,0,0,0,0,0,0,0.0,0.0,0,0,0,0,0,NA,0,0,NA,NA,NA,NA,0,NA,0,0,NA,NA,NA,NA,NA,0,NA,NA,NA,NA,NA,NA,NA,0,BYE,BYE,BYE,BYE,
12,5096,Ray-Ray McCloud,WR,29.0,ATL,999.0,999,999,0,0,0,1,0,0,0,0,0,0.0,0,0,0,0,0,0,0.00,0,0,0,0,0.00,0.00,0,0,0,0,0,0,0,0,0.0,0.0,0,0,0,0,0,NA,0,0,NA,NA,NA,NA,0,NA,0,0,NA,NA,NA,NA,NA,0,NA,NA,NA,NA,NA,NA,NA,0,@ NO,17,·,0.5,
12,5010,Will Dissly,TE,29.2,LAC,0.0,0,0,0,0,0,0,0,0,0,0,0,0.0,0,0,0,0,0,0,0.00,0,0,0,0,0.00,0.00,0,0,0,0,0,0,0,0,0.0,0.0,0,0,0,0,0,NA,0,0,NA,NA,NA,NA,0,NA,0,0,NA,NA,NA,NA,NA,0,NA,NA,NA,NA,NA,NA,NA,0,BYE,BYE,BYE,BYE,
12,8139,Zamir White,RB,26.0,LV,0.0,0,0,0,0,0,0,0,0,0,0,0,0.0,0,0,0,0,0,0,0.00,0,0,0,0,0.00,0.00,0,0,0,0,0,0,0,0,0.0,0.0,0,0,0,0,0,NA,0,0,NA,NA,NA,NA,0,NA,0,0,NA,NA,NA,NA,NA,0,NA,NA,NA,NA,NA,NA,NA,0,vs CLE,28,·,0.3,
12,1166,Kirk Cousins,QB,37.1,ATL,14.0,14,14,15.46,15.46,15.46,1,1,1,56,56,1,69.6,112,23,16,5,7,1,107.00,204,3,2,199,8.65,12.44,0,0,0,0,0,0,0,0,0.0,0.0,2,0,1,5,0,NA,5,2.5,100.0%,NA,NA,NA,1,NA,8,25,NA,NA,NA,NA,NA,7,30.4%,3.18,8.7%,33.3%,7.60,NA,27,204,@ NO,19,·,17.0,
12,11633,Jamari Thrash,WR,24.8,CLE,0.0,0,0,0,0,0,0,0,0,0,0,0,0.0,0,0,0,0,0,0,0.00,0,0,0,0,0.00,0.00,0,0,0,0,0,0,0,0,0.0,0.0,0,0,0,0,0,NA,0,0,NA,NA,NA,NA,0,NA,0,0,NA,NA,NA,NA,NA,0,NA,NA,NA,NA,NA,NA,NA,0,@ LV,2,OUT,OUT,
12,8122,Zonovan Knight,RB,24.5,ARI,16.0,18,21,13.2,11.2,9.2,1,1,1,84,37,0,0.0,0,0,0,0,0,0,0.00,12,0,0,0,0.00,0.00,4,-8,0,1,0,5,28,20,5.0,4.0,10,0,0,32,1,19,12,1.2,44.0%,3,1.90,0.300,1,0.490,2,15,0.133,2.0,NA,10.0%,NA,0,NA,NA,NA,NA,NA,NA,NA,32,vs JAX,29,·,11.3,
12,7538,Zach Wilson,QB,26.2,MIA,0.0,0,0,0,0,0,0,0,0,0,0,0,0.0,0,0,0,0,0,0,0.00,0,0,0,0,0.00,0.00,0,0,0,0,0,0,0,0,0.0,0.0,0,0,0,0,0,NA,0,0,NA,NA,NA,NA,0,NA,0,0,NA,NA,NA,NA,NA,0,NA,NA,NA,NA,NA,NA,NA,0,BYE,BYE,BYE,BYE,
12,11592,Erick All,TE,25.0,CIN,999.0,999,999,0,0,0,1,0,0,0,0,0,0.0,0,0,0,0,0,0,0.00,0,0,0,0,0.00,0.00,0,0,0,0,0,0,0,0,0.0,0.0,0,0,0,0,0,NA,0,0,NA,NA,NA,NA,0,NA,0,0,NA,NA,NA,NA,NA,0,NA,NA,NA,NA,NA,NA,NA,0,vs NE,9,PUP,PUP,
12,10225,Jonathan Mingo,WR,24.4,DAL,999.0,999,999,0,0,0,1,1,0,74,3,0,0.0,0,0,0,0,0,0,0.00,0,0,0,0,0.00,0.00,0,0,0,0,0,0,0,0,0.0,0.0,0,0,0,0,0,NA,0,0,4.1%,NA,NA,NA,0,NA,0,0,NA,0.0,1,0.0%,0.00,0,NA,NA,NA,NA,NA,0.000,NA,0,vs PHI,20,·,0.2,
12,1689,Adam Thielen,WR,35.1,MIN,999.0,999,999,0,0,0,1,1,0,44,3,0,0.0,0,0,0,0,0,0,0.00,0,0,0,0,0.00,0.00,0,0,1,0,0,1,0,0,0.0,0.0,0,0,0,0,0,NA,0,0,6.8%,NA,NA,NA,0,NA,0,1,0.000,0.0,1,5.3%,0.00,0,NA,NA,NA,NA,NA,0.000,NA,0,@ GB,23,·,1.4,
12,11299,Zavier Scott,RB,26.2,MIN,999.0,999,999,0,0,0,1,1,0,44,0,0,0.0,0,0,0,0,0,0,0.00,0,0,0,0,0.00,0.00,0,0,0,0,0,0,0,0,0.0,0.0,0,0,0,0,0,NA,0,0,0.0%,NA,NA,NA,0,NA,0,0,NA,0.0,NA,NA,NA,0,NA,NA,NA,NA,NA,NA,NA,0,@ GB,22,·,0.2,
12,11256,Tyson Bagent,QB,25.3,CHI,999.0,999,999,0,0,0,1,0,0,65,0,0,0.0,0,0,0,0,0,0,0.00,0,0,0,0,0.00,0.00,0,0,0,0,0,0,0,0,0.0,0.0,0,0,0,0,0,NA,0,0,0.0%,NA,NA,NA,0,NA,0,0,NA,NA,NA,NA,NA,0,NA,NA,NA,NA,NA,NA,NA,0,vs PIT,8,·,·,
12,7601,Rondale Moore,WR,25.3,MIN,999.0,999,999,0,0,0,1,0,0,0,0,0,0.0,0,0,0,0,0,0,0.00,0,0,0,0,0.00,0.00,0,0,0,0,0,0,0,0,0.0,0.0,0,0,0,0,0,NA,0,0,NA,NA,NA,NA,0,NA,0,0,NA,NA,NA,NA,NA,0,NA,NA,NA,NA,NA,NA,NA,0,@ GB,23,IR,IR,
12,11645,Javon Baker,WR,23.6,PHI,0.0,0,0,0,0,0,0,0,0,0,0,0,0.0,0,0,0,0,0,0,0.00,0,0,0,0,0.00,0.00,0,0,0,0,0,0,0,0,0.0,0.0,0,0,0,0,0,NA,0,0,NA,NA,NA,NA,0,NA,0,0,NA,NA,NA,NA,NA,0,NA,NA,NA,NA,NA,NA,NA,0,@ DAL,1,·,·,
12,8230,Ty Chandler,RB,27.4,MIN,999.0,999,999,0,0,0,1,0,0,0,0,0,0.0,0,0,0,0,0,0,0.00,0,0,0,0,0.00,0.00,0,0,0,0,0,0,0,0,0.0,0.0,0,0,0,0,0,NA,0,0,NA,NA,NA,NA,0,NA,0,0,NA,NA,NA,NA,NA,0,NA,NA,NA,NA,NA,NA,NA,0,@ GB,22,IR,IR,
12,3286,Demarcus Robinson,WR,31.0,SF,89.0,89,90,1.8,1.3,0.8,1,1,0,70,38,0,0.0,0,0,0,0,0,0,0.00,0,0,0,0,0.00,0.00,1,8,0,0,0,1,0,8,8.0,8.0,0,0,0,8,0,NA,0,0,54.3%,NA,NA,NA,0,NA,0,1,0.000,0.0,23,3.1%,0.35,0,NA,NA,NA,NA,NA,0.000,NA,8,vs CAR,29,·,2.3,
12,8160,Kenny Pickett,QB,27.3,LV,999.0,999,999,0,0,0,1,0,0,79,0,0,0.0,0,0,0,0,0,0,0.00,0,0,0,0,0.00,0.00,0,0,0,0,0,0,0,0,0.0,0.0,0,0,0,0,0,NA,0,0,0.0%,NA,NA,NA,0,NA,0,0,NA,NA,NA,NA,NA,0,NA,NA,NA,NA,NA,NA,NA,0,vs CLE,30,·,·,
12,5133,Tyler Conklin,TE,30.2,LAC,0.0,0,0,0,0,0,0,0,0,0,0,0,0.0,0,0,0,0,0,0,0.00,0,0,0,0,0.00,0.00,0,0,0,0,0,0,0,0,0.0,0.0,0,0,0,0,0,NA,0,0,NA,NA,NA,NA,0,NA,0,0,NA,NA,NA,NA,NA,0,NA,NA,NA,NA,NA,NA,NA,0,BYE,BYE,BYE,BYE,
12,7561,Elijah Mitchell,RB,27.4,KC,0.0,0,0,0,0,0,0,0,0,0,0,0,0.0,0,0,0,0,0,0,0.00,0,0,0,0,0.00,0.00,0,0,0,0,0,0,0,0,0.0,0.0,0,0,0,0,0,NA,0,0,NA,NA,NA,NA,0,NA,0,0,NA,NA,NA,NA,NA,0,NA,NA,NA,NA,NA,NA,NA,0,vs IND,21,·,·,
12,12470,Riley Leonard,QB,23.0,IND,999.0,999,999,0,0,0,1,0,0,51,0,0,0.0,0,0,0,0,0,0,0.00,0,0,0,0,0.00,0.00,0,0,0,0,0,0,0,0,0.0,0.0,0,0,0,0,0,NA,0,0,0.0%,NA,NA,NA,0,NA,0,0,NA,NA,NA,NA,NA,0,NA,NA,NA,NA,NA,NA,NA,0,@ KC,23,·,·,
12,7595,Tylan Wallace,WR,26.4,BAL,999.0,999,999,0,0,0,1,1,0,63,17,0,0.0,0,0,0,0,0,0,0.00,0,0,0,0,0.00,0.00,0,0,0,0,0,1,0,0,0.0,0.0,0,0,0,0,0,NA,0,0,27.0%,NA,NA,NA,0,NA,0,1,0.000,0.0,5,4.3%,0.00,0,NA,NA,NA,NA,NA,0.000,NA,0,vs NYJ,18,·,3.4,
12,11570,Rasheen Ali,RB,24.6,BAL,0.0,0,0,0,0,0,0,0,0,0,0,0,0.0,0,0,0,0,0,0,0.00,0,0,0,0,0.00,0.00,0,0,0,0,0,0,0,0,0.0,0.0,0,0,0,0,0,NA,0,0,NA,NA,NA,NA,0,NA,0,0,NA,NA,NA,NA,NA,0,NA,NA,NA,NA,NA,NA,NA,0,vs NYJ,12,·,0.0,
12,10214,Davis Allen,TE,24.6,LAR,25.0,23,23,5.9,4.4,2.9,1,1,0,56,28,0,0.0,0,0,0,0,0,0,0.00,0,0,0,0,0.00,0.00,3,11,0,0,0,4,18,29,9.7,7.3,0,0,0,29,0,NA,0,0,50.0%,NA,NA,NA,0,NA,0,4,0.000,0.0,14,11.4%,2.07,0,NA,NA,NA,NA,NA,0.000,NA,29,vs TB,25,·,3.6,
12,10867,Jake Bobo,WR,27.2,SEA,999.0,999,999,0,0,0,1,1,0,48,5,0,0.0,0,0,0,0,0,0,0.00,0,0,0,0,0.00,0.00,0,0,0,0,0,0,0,0,0.0,0.0,0,0,0,0,0,NA,0,0,10.4%,NA,NA,NA,0,NA,0,0,NA,0.0,2,0.0%,0.00,0,NA,NA,NA,NA,NA,0.000,NA,0,@ TEN,8,·,0.2,
12,8162,Sam Howell,QB,25.0,PHI,0.0,0,0,0,0,0,0,0,0,0,0,0,0.0,0,0,0,0,0,0,0.00,0,0,0,0,0.00,0.00,0,0,0,0,0,0,0,0,0.0,0.0,0,0,0,0,0,NA,0,0,NA,NA,NA,NA,0,NA,0,0,NA,NA,NA,NA,NA,0,NA,NA,NA,NA,NA,NA,NA,0,@ DAL,1,·,·,
12,6938,Cam Akers,RB,26.3,MIN,0.0,0,0,0,0,0,0,0,0,0,0,0,0.0,0,0,0,0,0,0,0.00,0,0,0,0,0.00,0.00,0,0,0,0,0,0,0,0,0.0,0.0,0,0,0,0,0,NA,0,0,NA,NA,NA,NA,0,NA,0,0,NA,NA,NA,NA,NA,0,NA,NA,NA,NA,NA,NA,NA,0,@ GB,22,·,·,
12,11617,Malachi Corley,WR,23.5,CLE,92.0,94,95,1.2,0.7,0.2,1,1,0,51,13,0,0.0,0,0,0,0,0,0,0.00,-6,0,0,0,0.00,0.00,1,-3,0,0,0,1,11,8,8.0,8.0,1,0,0,2,0,NA,-6,-6,25.5%,NA,NA,NA,0,NA,0,2,0.000,0.0,3,5.0%,2.67,0,NA,NA,NA,NA,NA,0.000,NA,2,@ LV,2,·,2.1,
12,1234,Russell Wilson,QB,36.8,NYG,999.0,999,999,0,0,0,1,0,0,82,0,0,0.0,0,0,0,0,0,0,0.00,0,0,0,0,0.00,0.00,0,0,0,0,0,0,0,0,0.0,0.0,0,0,0,0,0,NA,0,0,0.0%,NA,NA,NA,0,NA,0,0,NA,NA,NA,NA,NA,0,NA,NA,NA,NA,NA,NA,NA,0,@ DET,12,·,·,
12,8254,Julius Chestnut,RB,24.9,TEN,61.0,61,60,0.3,0.3,0.3,1,1,0,76,5,0,0.0,0,0,0,0,0,0,0.00,3,0,0,0,0.00,0.00,0,0,0,0,0,0,0,0,0.0,0.0,2,0,1,3,0,4,3,1.5,6.6%,0,2.10,0.000,1,0.210,1,2,0.500,1.0,NA,0.0%,NA,0,NA,NA,NA,NA,NA,NA,NA,3,vs SEA,18,·,0.5,
12,4080,Zay Jones,WR,30.5,ARI,999.0,999,999,0,0,0,1,0,0,0,0,0,0.0,0,0,0,0,0,0,0.00,0,0,0,0,0.00,0.00,0,0,0,0,0,0,0,0,0.0,0.0,0,0,0,0,0,NA,0,0,NA,NA,NA,NA,0,NA,0,0,NA,NA,NA,NA,NA,0,NA,NA,NA,NA,NA,NA,NA,0,vs JAX,13,IR,IR,
12,6960,Tyler Johnson,WR,27.1,NYJ,0.0,0,0,0,0,0,0,0,0,0,0,0,0.0,0,0,0,0,0,0,0.00,0,0,0,0,0.00,0.00,0,0,0,0,0,0,0,0,0.0,0.0,0,0,0,0,0,NA,0,0,NA,NA,NA,NA,0,NA,0,0,NA,NA,NA,NA,NA,0,NA,NA,NA,NA,NA,NA,NA,0,@ BAL,9,·,2.7,
12,7568,Brevin Jordan,TE,25.2,HOU,999.0,999,999,0,0,0,1,0,0,0,0,0,0.0,0,0,0,0,0,0,0.00,0,0,0,0,0.00,0.00,0,0,0,0,0,0,0,0,0.0,0.0,0,0,0,0,0,NA,0,0,NA,NA,NA,NA,0,NA,0,0,NA,NA,NA,NA,NA,0,NA,NA,NA,NA,NA,NA,NA,0,vs BUF,32,IR,IR,
12,6828,AJ Dillon,RB,27.4,PHI,0.0,0,0,0,0,0,0,0,0,0,0,0,0.0,0,0,0,0,0,0,0.00,0,0,0,0,0.00,0.00,0,0,0,0,0,0,0,0,0.0,0.0,0,0,0,0,0,NA,0,0,NA,NA,NA,NA,0,NA,0,0,NA,NA,NA,NA,NA,0,NA,NA,NA,NA,NA,NA,NA,0,@ DAL,8,·,0.1,
12,9230,Tanner McKee,QB,25.4,PHI,999.0,999,999,0,0,0,1,0,0,63,0,0,0.0,0,0,0,0,0,0,0.00,0,0,0,0,0.00,0.00,0,0,0,0,0,0,0,0,0.0,0.0,0,0,0,0,0,NA,0,0,0.0%,NA,NA,NA,0,NA,0,0,NA,NA,NA,NA,NA,0,NA,NA,NA,NA,NA,NA,NA,0,@ DAL,1,·,·,
12,9227,Israel Abanikanda,RB,23.0,FA,0.0,0,0,0,0,0,0,0,0,0,0,0,0.0,0,0,0,0,0,0,0.00,0,0,0,0,0.00,0.00,0,0,0,0,0,0,0,0,0.0,0.0,0,0,0,0,0,NA,0,0,NA,NA,NA,NA,0,NA,0,0,NA,NA,NA,NA,NA,0,NA,NA,NA,NA,NA,NA,NA,0,NA,,·,·,
12,7610,Trey Lance,QB,25.4,LAC,0.0,0,0,0,0,0,0,0,0,0,0,0,0.0,0,0,0,0,0,0,0.00,0,0,0,0,0.00,0.00,0,0,0,0,0,0,0,0,0.0,0.0,0,0,0,0,0,NA,0,0,NA,NA,NA,NA,0,NA,0,0,NA,NA,NA,NA,NA,0,NA,NA,NA,NA,NA,NA,NA,0,BYE,BYE,BYE,BYE,
12,4171,Josh Reynolds,WR,30.6,NYJ,999.0,999,999,0,0,0,1,0,0,0,0,0,0.0,0,0,0,0,0,0,0.00,0,0,0,0,0.00,0.00,0,0,0,0,0,0,0,0,0.0,0.0,0,0,0,0,0,NA,0,0,NA,NA,NA,NA,0,NA,0,0,NA,NA,NA,NA,NA,0,NA,NA,NA,NA,NA,NA,NA,0,@ BAL,9,IR,IR,
12,8172,Greg Dulcich,TE,25.5,MIA,0.0,0,0,0,0,0,0,0,0,0,0,0,0.0,0,0,0,0,0,0,0.00,0,0,0,0,0.00,0.00,0,0,0,0,0,0,0,0,0.0,0.0,0,0,0,0,0,NA,0,0,NA,NA,NA,NA,0,NA,0,0,NA,NA,NA,NA,NA,0,NA,NA,NA,NA,NA,NA,NA,0,BYE,BYE,BYE,BYE,
12,4381,Taysom Hill,TE,35.1,NO,47.0,38,36,1.7,1.7,1.7,1,1,0,80,26,1,0.0,0,2,0,0,2,0,39.60,17,0,0,0,0.00,0.00,0,0,0,0,0,0,0,0,0.0,0.0,10,0,4,17,0,NA,17,1.7,32.5%,NA,NA,NA,4,NA,4,12,0.333,4.0,NA,NA,NA,0,0.0%,3.15,0.0%,0.0%,5.70,NA,2,17,vs ATL,30,·,5.4,
12,12718,Konata Mumpfield,WR,22.9,LAR,60.0,60,60,4.5,3.5,2.5,1,1,0,56,23,0,0.0,0,0,0,0,0,0,0.00,0,0,0,0,0.00,0.00,2,21,0,2,0,2,4,25,12.5,12.5,0,0,0,25,0,NA,0,0,41.1%,NA,NA,NA,0,NA,2,2,1.000,2.0,13,5.7%,1.92,0,NA,NA,NA,NA,NA,0.154,NA,25,vs TB,12,·,·,
12,11994,Kameron Johnson,WR,23.5,TB,999.0,999,999,0,0,0,1,1,0,70,8,0,0.0,0,0,0,0,0,0,0.00,0,0,0,0,0.00,0.00,0,0,0,0,0,0,0,0,0.0,0.0,0,0,0,0,0,NA,0,0,11.4%,NA,NA,NA,0,NA,0,0,NA,0.0,2,0.0%,0.00,0,NA,NA,NA,NA,NA,0.000,NA,0,@ LAR,16,·,0.8,
12,11595,Jared Wiley,TE,24.9,KC,0.0,0,0,0,0,0,0,0,0,0,0,0,0.0,0,0,0,0,0,0,0.00,0,0,0,0,0.00,0.00,0,0,0,0,0,0,0,0,0.0,0.0,0,0,0,0,0,NA,0,0,NA,NA,NA,NA,0,NA,0,0,NA,NA,NA,NA,NA,0,NA,NA,NA,NA,NA,NA,NA,0,vs IND,4,·,0.4,
12,11615,Ainias Smith,WR,24.3,CAR,999.0,999,999,0,0,0,1,0,0,0,0,0,0.0,0,0,0,0,0,0,0.00,0,0,0,0,0.00,0.00,0,0,0,0,0,0,0,0,0.0,0.0,0,0,0,0,0,NA,0,0,NA,NA,NA,NA,0,NA,0,0,NA,NA,NA,NA,NA,0,NA,NA,NA,NA,NA,NA,NA,0,@ SF,25,·,·,
12,9999,Will Levis,QB,26.2,TEN,999.0,999,999,0,0,0,1,0,0,0,0,0,0.0,0,0,0,0,0,0,0.00,0,0,0,0,0.00,0.00,0,0,0,0,0,0,0,0,0.0,0.0,0,0,0,0,0,NA,0,0,NA,NA,NA,NA,0,NA,0,0,NA,NA,NA,NA,NA,0,NA,NA,NA,NA,NA,NA,NA,0,vs SEA,10,IR,IR,
12,8204,Bo Melton,WR,26.2,GB,999.0,999,999,0,0,0,1,1,0,66,1,0,0.0,0,0,0,0,0,0,0.00,0,0,0,0,0.00,0.00,0,0,0,0,0,0,0,0,0.0,0.0,0,0,0,0,0,NA,0,0,1.5%,NA,NA,NA,0,NA,0,0,NA,0.0,NA,NA,NA,0,NA,NA,NA,NA,NA,NA,NA,0,vs MIN,26,·,0.2,
12,8168,Skyy Moore,WR,25.0,SF,999.0,999,999,0,0,0,1,1,0,70,5,0,0.0,0,0,0,0,0,0,0.00,0,0,0,0,0.00,0.00,0,0,0,0,0,0,0,0,0.0,0.0,0,0,0,0,0,NA,0,0,7.1%,NA,NA,NA,0,NA,0,0,NA,0.0,3,0.0%,0.00,0,NA,NA,NA,NA,NA,0.000,NA,0,vs CAR,29,·,0.5,
12,5854,Drew Lock,QB,28.9,SEA,999.0,999,999,0,0,0,1,0,0,48,0,0,0.0,0,0,0,0,0,0,0.00,0,0,0,0,0.00,0.00,0,0,0,0,0,0,0,0,0.0,0.0,0,0,0,0,0,NA,0,0,0.0%,NA,NA,NA,0,NA,0,0,NA,NA,NA,NA,NA,0,NA,NA,NA,NA,NA,NA,NA,0,@ TEN,13,·,·,
12,2374,Tyler Lockett,WR,33.0,TEN,32.0,33,33,10.2,8.2,6.2,1,1,0,79,60,0,0.0,0,0,0,0,0,0,0.00,0,0,0,0,0.00,0.00,4,50,0,3,0,5,12,62,15.5,12.4,0,0,0,62,0,NA,0,0,75.9%,NA,NA,NA,0,NA,3,5,0.600,3.0,40,11.4%,1.55,0,NA,NA,NA,NA,NA,0.075,NA,62,vs SEA,24,·,7.8,
12,4177,Mack Hollins,WR,32.0,NE,56.0,55,55,5,4,3,1,1,1,71,61,0,0.0,0,0,0,0,0,0,0.00,0,0,0,0,0.00,0.00,2,25,0,1,0,6,5,30,15.0,5.0,0,0,0,30,0,NA,0,0,85.9%,NA,NA,NA,0,NA,1,6,0.167,1.0,28,17.1%,1.07,0,NA,NA,NA,NA,NA,0.036,NA,30,@ CIN,19,·,8.3,
12,11748,Bub Means,WR,24.7,NO,999.0,999,999,0,0,0,1,0,0,0,0,0,0.0,0,0,0,0,0,0,0.00,0,0,0,0,0.00,0.00,0,0,0,0,0,0,0,0,0.0,0.0,0,0,0,0,0,NA,0,0,NA,NA,NA,NA,0,NA,0,0,NA,NA,NA,NA,NA,0,NA,NA,NA,NA,NA,NA,NA,0,vs ATL,15,IR,IR,
12,11573,Frank Gore Jr.,RB,23.5,BUF,999.0,999,999,0,0,0,1,0,0,0,0,0,0.0,0,0,0,0,0,0,0.00,0,0,0,0,0.00,0.00,0,0,0,0,0,0,0,0,0.0,0.0,0,0,0,0,0,NA,0,0,NA,NA,NA,NA,0,NA,0,0,NA,NA,NA,NA,NA,0,NA,NA,NA,NA,NA,NA,NA,0,@ HOU,25,·,·,
12,7891,Brock Wright,TE,26.8,DET,24.0,22,22,5.9,4.4,2.9,1,1,1,68,60,0,0.0,0,0,0,0,0,0,0.00,0,0,0,0,0.00,0.00,3,4,0,2,0,4,25,29,9.7,7.3,0,0,0,29,0,NA,0,0,88.2%,NA,NA,NA,0,NA,2,4,0.500,2.0,32,9.5%,0.91,0,NA,NA,NA,NA,NA,0.063,NA,29,vs NYG,22,·,7.8,
12,12699,LaJohntay Wester,WR,23.5,BAL,999.0,999,999,0,0,0,1,1,0,63,1,0,0.0,0,0,0,0,0,0,0.00,0,0,0,0,0.00,0.00,0,0,0,0,0,0,0,0,0.0,0.0,0,0,0,0,0,NA,0,0,1.6%,NA,NA,NA,0,NA,0,0,NA,0.0,1,0.0%,0.00,0,NA,NA,NA,NA,NA,0.000,NA,0,vs NYJ,18,·,0.2,
12,6869,Adam Trautman,TE,28.6,DEN,0.0,0,0,0,0,0,0,0,0,0,0,0,0.0,0,0,0,0,0,0,0.00,0,0,0,0,0.00,0.00,0,0,0,0,0,0,0,0,0.0,0.0,0,0,0,0,0,NA,0,0,NA,NA,NA,NA,0,NA,0,0,NA,NA,NA,NA,NA,0,NA,NA,NA,NA,NA,NA,NA,0,BYE,BYE,BYE,BYE,
12,10866,Aidan O'Connell,QB,27.1,LV,0.0,0,0,0,0,0,0,0,0,0,0,0,0.0,0,0,0,0,0,0,0.00,0,0,0,0,0.00,0.00,0,0,0,0,0,0,0,0,0.0,0.0,0,0,0,0,0,NA,0,0,NA,NA,NA,NA,0,NA,0,0,NA,NA,NA,NA,NA,0,NA,NA,NA,NA,NA,NA,NA,0,vs CLE,30,·,·,
12,11895,Mason Tipton,WR,25.0,NO,45.0,49,49,6.3,4.8,3.3,1,1,1,80,56,0,0.0,0,0,0,0,0,0,0.00,11,0,0,0,0.00,0.00,3,22,0,1,0,4,0,22,7.3,5.5,1,0,1,33,0,NA,11,11,70.0%,NA,NA,NA,1,NA,2,5,0.400,2.0,39,8.9%,0.56,0,NA,NA,NA,NA,NA,0.026,NA,33,vs ATL,15,·,4.9,
12,8177,Grant Calcaterra,TE,26.8,PHI,45.0,46,47,1.8,1.3,0.8,1,1,1,63,15,0,0.0,0,0,0,0,0,0,0.00,0,0,0,0,0.00,0.00,1,4,0,0,0,1,4,8,8.0,8.0,0,0,0,8,0,NA,0,0,23.8%,NA,NA,NA,0,NA,0,1,0.000,0.0,9,2.6%,0.89,0,NA,NA,NA,NA,NA,0.000,NA,8,@ DAL,14,·,1.9,
12,11574,Dylan Laube,RB,25.8,LV,999.0,999,999,0,0,0,1,1,0,79,0,0,0.0,0,0,0,0,0,0,0.00,0,0,0,0,0.00,0.00,0,0,0,0,0,0,0,0,0.0,0.0,0,0,0,0,0,NA,0,0,0.0%,NA,NA,NA,0,NA,0,0,NA,0.0,NA,NA,NA,0,NA,NA,NA,NA,NA,NA,NA,0,vs CLE,28,·,0.1,
12,11649,Kendall Milton,RB,23.6,CIN,999.0,999,999,0,0,0,1,0,0,0,0,0,0.0,0,0,0,0,0,0,0.00,0,0,0,0,0.00,0.00,0,0,0,0,0,0,0,0,0.0,0.0,0,0,0,0,0,NA,0,0,NA,NA,NA,NA,0,NA,0,0,NA,NA,NA,NA,NA,0,NA,NA,NA,NA,NA,NA,NA,0,vs NE,32,·,·,
12,8145,Jeremy Ruckert,TE,25.1,NYJ,999.0,999,999,0,0,0,1,1,1,59,20,0,0.0,0,0,0,0,0,0,0.00,0,0,0,0,0.00,0.00,0,0,0,0,0,0,0,0,0.0,0.0,0,0,0,0,0,NA,0,0,33.9%,NA,NA,NA,0,NA,0,0,NA,0.0,5,0.0%,0.00,0,NA,NA,NA,NA,NA,0.000,NA,0,@ BAL,24,·,3.0,
12,2197,Brandin Cooks,WR,32.0,NO,0.0,0,0,0,0,0,0,0,0,0,0,0,0.0,0,0,0,0,0,0,0.00,0,0,0,0,0.00,0.00,0,0,0,0,0,0,0,0,0.0,0.0,0,0,0,0,0,NA,0,0,NA,NA,NA,NA,0,NA,0,0,NA,NA,NA,NA,NA,0,NA,NA,NA,NA,NA,NA,NA,0,vs ATL,15,OUT,OUT,
12,1837,Jimmy Garoppolo,QB,33.9,LAR,999.0,999,999,0,0,0,1,0,0,56,0,0,0.0,0,0,0,0,0,0,0.00,0,0,0,0,0.00,0.00,0,0,0,0,0,0,0,0,0.0,0.0,0,0,0,0,0,NA,0,0,0.0%,NA,NA,NA,0,NA,0,0,NA,NA,NA,NA,NA,0,NA,NA,NA,NA,NA,NA,NA,0,vs TB,7,·,·,
12,8135,Treylon Burks,WR,25.5,WAS,0.0,0,0,0,0,0,0,0,0,0,0,0,0.0,0,0,0,0,0,0,0.00,0,0,0,0,0.00,0.00,0,0,0,0,0,0,0,0,0.0,0.0,0,0,0,0,0,NA,0,0,NA,NA,NA,NA,0,NA,0,0,NA,NA,NA,NA,NA,0,NA,NA,NA,NA,NA,NA,NA,0,BYE,BYE,BYE,BYE,
12,11636,Johnny Wilson,WR,24.5,PHI,999.0,999,999,0,0,0,1,0,0,0,0,0,0.0,0,0,0,0,0,0,0.00,0,0,0,0,0.00,0.00,0,0,0,0,0,0,0,0,0.0,0.0,0,0,0,0,0,NA,0,0,NA,NA,NA,NA,0,NA,0,0,NA,NA,NA,NA,NA,0,NA,NA,NA,NA,NA,NA,NA,0,@ DAL,1,IR,IR,
12,5185,Allen Lazard,WR,29.8,NYJ,86.0,86,84,1.9,1.4,0.9,1,1,0,59,24,0,0.0,0,0,0,0,0,0,0.00,0,0,0,0,0.00,0.00,1,3,0,1,0,3,6,9,9.0,3.0,0,0,0,9,0,NA,0,0,40.7%,NA,NA,NA,0,NA,1,3,0.333,1.0,12,10.7%,0.75,0,NA,NA,NA,NA,NA,0.083,NA,9,@ BAL,9,·,0.5,
12,9505,Deuce Vaughn,RB,23.9,DEN,0.0,0,0,0,0,0,0,0,0,0,0,0,0.0,0,0,0,0,0,0,0.00,0,0,0,0,0.00,0.00,0,0,0,0,0,0,0,0,0.0,0.0,0,0,0,0,0,NA,0,0,NA,NA,NA,NA,0,NA,0,0,NA,NA,NA,NA,NA,0,NA,NA,NA,NA,NA,NA,NA,0,BYE,BYE,BYE,BYE,
12,5973,Josh Oliver,TE,28.5,MIN,52.0,53,53,1.4,0.9,0.4,1,1,1,44,24,0,0.0,0,0,0,0,0,0,0.00,0,0,0,0,0.00,0.00,1,2,0,0,0,1,2,4,4.0,4.0,0,0,0,4,0,NA,0,0,54.5%,NA,NA,NA,0,NA,0,1,0.000,0.0,8,5.3%,0.50,0,NA,NA,NA,NA,NA,0.000,NA,4,@ GB,18,·,2.3,
12,7593,Trey Sermon,RB,26.7,PIT,999.0,999,999,0,0,0,1,0,0,0,0,0,0.0,0,0,0,0,0,0,0.00,0,0,0,0,0.00,0.00,0,0,0,0,0,0,0,0,0.0,0.0,0,0,0,0,0,NA,0,0,NA,NA,NA,NA,0,NA,0,0,NA,NA,NA,NA,NA,0,NA,NA,NA,NA,NA,NA,NA,0,@ CHI,16,·,·,
12,5938,Lil'Jordan Humphrey,WR,27.4,NYG,0.0,0,0,0,0,0,0,0,0,0,0,0,0.0,0,0,0,0,0,0,0.00,0,0,0,0,0.00,0.00,0,0,0,0,0,0,0,0,0.0,0.0,0,0,0,0,0,NA,0,0,NA,NA,NA,NA,0,NA,0,0,NA,NA,NA,NA,NA,0,NA,NA,NA,NA,NA,NA,NA,0,@ DET,11,·,·,
12,10216,Kenny McIntosh,RB,25.6,SEA,999.0,999,999,0,0,0,1,0,0,0,0,0,0.0,0,0,0,0,0,0,0.00,0,0,0,0,0.00,0.00,0,0,0,0,0,0,0,0,0.0,0.0,0,0,0,0,0,NA,0,0,NA,NA,NA,NA,0,NA,0,0,NA,NA,NA,NA,NA,0,NA,NA,NA,NA,NA,NA,NA,0,@ TEN,7,IR,IR,
12,6853,Van Jefferson,WR,29.2,TEN,82.0,82,78,2.1,1.6,1.1,1,1,1,76,69,0,0.0,0,0,0,0,0,0,0.00,0,0,0,0,0.00,0.00,1,5,0,1,0,1,6,11,11.0,11.0,0,0,0,11,0,NA,0,0,90.8%,NA,NA,NA,0,NA,1,1,1.000,1.0,41,2.4%,0.27,0,NA,NA,NA,NA,NA,0.024,NA,11,vs SEA,7,·,7.9,
12,10234,Derius Davis,WR,25.0,LAC,0.0,0,0,0,0,0,0,0,0,0,0,0,0.0,0,0,0,0,0,0,0.00,0,0,0,0,0.00,0.00,0,0,0,0,0,0,0,0,0.0,0.0,0,0,0,0,0,NA,0,0,NA,NA,NA,NA,0,NA,0,0,NA,NA,NA,NA,NA,0,NA,NA,NA,NA,NA,NA,NA,0,BYE,BYE,BYE,BYE,
12,6011,Gardner Minshew,QB,29.4,KC,999.0,999,999,0,0,0,1,0,0,96,0,0,0.0,0,0,0,0,0,0,0.00,0,0,0,0,0.00,0.00,0,0,0,0,0,0,0,0,0.0,0.0,0,0,0,0,0,NA,0,0,0.0%,NA,NA,NA,0,NA,0,0,NA,NA,NA,NA,NA,0,NA,NA,NA,NA,NA,NA,NA,0,vs IND,20,·,·,
12,12715,Thomas Fidone,TE,23.0,NYG,999.0,999,999,0,0,0,1,0,0,0,0,0,0.0,0,0,0,0,0,0,0.00,0,0,0,0,0.00,0.00,0,0,0,0,0,0,0,0,0.0,0.0,0,0,0,0,0,NA,0,0,NA,NA,NA,NA,0,NA,0,0,NA,NA,NA,NA,NA,0,NA,NA,NA,NA,NA,NA,NA,0,@ DET,21,OUT,OUT,
12,12494,Kyle McCord,QB,23.0,PHI,999.0,999,999,0,0,0,1,0,0,0,0,0,0.0,0,0,0,0,0,0,0.00,0,0,0,0,0.00,0.00,0,0,0,0,0,0,0,0,0.0,0.0,0,0,0,0,0,NA,0,0,NA,NA,NA,NA,0,NA,0,0,NA,NA,NA,NA,NA,0,NA,NA,NA,NA,NA,NA,NA,0,@ DAL,1,·,·,
12,7083,Tyler Huntley,QB,27.6,BAL,999.0,999,999,0,0,0,1,0,0,63,0,0,0.0,0,0,0,0,0,0,0.00,0,0,0,0,0.00,0.00,0,0,0,0,0,0,0,0,0.0,0.0,0,0,0,0,0,NA,0,0,0.0%,NA,NA,NA,0,NA,0,0,NA,NA,NA,NA,NA,0,NA,NA,NA,NA,NA,NA,NA,0,vs NYJ,11,·,·,
12,4147,Samaje Perine,RB,30.0,CIN,0.0,0,0,0,0,0,0,0,0,0,0,0,0.0,0,0,0,0,0,0,0.00,0,0,0,0,0.00,0.00,0,0,0,0,0,0,0,0,0.0,0.0,0,0,0,0,0,NA,0,0,NA,NA,NA,NA,0,NA,0,0,NA,NA,NA,NA,NA,0,NA,NA,NA,NA,NA,NA,NA,0,vs NE,32,D,D,
12,11306,Xavier Gipson,WR,24.6,PHI,97.0,97,97,-0.7,-1.2,-1.7,1,1,0,63,3,1,0.0,0,0,0,0,0,0,0.00,0,0,0,0,0.00,0.00,1,-4,0,0,0,1,7,3,3.0,3.0,0,0,0,3,0,NA,0,0,4.8%,NA,NA,NA,0,NA,0,1,0.000,0.0,1,2.6%,3.00,0,NA,NA,NA,NA,NA,0.000,NA,3,@ DAL,1,·,0.2,
12,5987,Alexander Mattison,RB,27.3,MIA,0.0,0,0,0,0,0,0,0,0,0,0,0,0.0,0,0,0,0,0,0,0.00,0,0,0,0,0.00,0.00,0,0,0,0,0,0,0,0,0.0,0.0,0,0,0,0,0,NA,0,0,NA,NA,NA,NA,0,NA,0,0,NA,NA,NA,NA,NA,0,NA,NA,NA,NA,NA,NA,NA,0,BYE,BYE,BYE,BYE,
12,5985,Foster Moreau,TE,28.4,NO,999.0,999,999,0,0,0,1,1,1,80,23,0,0.0,0,0,0,0,0,0,0.00,0,0,0,0,0.00,0.00,0,0,1,0,0,1,0,0,0.0,0.0,0,0,0,0,0,NA,0,0,28.8%,NA,NA,NA,0,NA,0,1,0.000,0.0,5,2.2%,0.00,0,NA,NA,NA,NA,NA,0.000,NA,0,vs ATL,30,·,3.4,
12,11210,Malik Heath,WR,25.6,GB,999.0,999,999,0,0,0,1,1,0,66,13,0,0.0,0,0,0,0,0,0,0.00,0,0,0,0,0.00,0.00,0,0,0,0,0,0,0,0,0.0,0.0,0,0,0,0,0,NA,0,0,19.7%,NA,NA,NA,0,NA,0,0,NA,0.0,3,0.0%,0.00,0,NA,NA,NA,NA,NA,0.000,NA,0,vs MIN,26,·,0.1,
12,6920,Isaiah Hodgins,WR,26.9,PIT,26.0,25,17,12.2,11.2,10.2,1,1,0,82,54,0,0.0,0,0,0,0,0,0,0.00,0,0,0,0,0.00,0.00,2,41,0,1,1,6,1,42,21.0,7.0,0,0,0,42,0,NA,0,0,65.9%,NA,NA,NA,0,NA,2,6,0.333,2.0,28,16.2%,1.50,0,NA,NA,NA,NA,NA,0.036,NA,42,@ CHI,5,·,8.3,
12,827,Tyrod Taylor,QB,36.2,NYJ,17.0,17,17,13.78,13.78,13.78,1,1,1,59,59,0,60.7,73,28,17,9,11,1,82.70,241,3,1,222,7.93,13.06,0,0,0,0,0,0,0,0,0.0,0.0,5,0,2,19,0,NA,19,3.8,100.0%,NA,NA,NA,2,NA,12,33,NA,NA,NA,NA,NA,10,35.7%,3.26,14.3%,35.3%,9.60,NA,34,241,@ BAL,14,·,16.2,
12,4351,Tim Patrick,WR,31.8,JAX,999.0,999,999,0,0,0,1,1,0,62,29,0,0.0,0,0,0,0,0,0,0.00,0,0,0,0,0.00,0.00,0,0,1,0,0,4,0,0,0.0,0.0,0,0,0,0,0,NA,0,0,46.8%,NA,NA,NA,0,NA,0,4,0.000,0.0,17,13.3%,0.00,0,NA,NA,NA,NA,NA,0.000,NA,0,@ ARI,21,·,7.1,
12,5917,Mecole Hardman,WR,27.6,FA,999.0,999,999,0,0,0,1,0,0,0,0,0,0.0,0,0,0,0,0,0,0.00,0,0,0,0,0.00,0.00,0,0,0,0,0,0,0,0,0.0,0.0,0,0,0,0,0,NA,0,0,NA,NA,NA,NA,0,NA,0,0,NA,NA,NA,NA,NA,0,NA,NA,NA,NA,NA,NA,NA,0,NA,,IR,IR,
12,6850,Harrison Bryant,TE,27.4,HOU,999.0,999,999,0,0,0,1,0,0,0,0,0,0.0,0,0,0,0,0,0,0.00,0,0,0,0,0.00,0.00,0,0,0,0,0,0,0,0,0.0,0.0,0,0,0,0,0,NA,0,0,NA,NA,NA,NA,0,NA,0,0,NA,NA,NA,NA,NA,0,NA,NA,NA,NA,NA,NA,NA,0,vs BUF,32,IR,IR,
12,8118,David Bell,WR,24.8,CLE,0.0,0,0,0,0,0,0,0,0,0,0,0,0.0,0,0,0,0,0,0,0.00,0,0,0,0,0.00,0.00,0,0,0,0,0,0,0,0,0.0,0.0,0,0,0,0,0,NA,0,0,NA,NA,NA,NA,0,NA,0,0,NA,NA,NA,NA,NA,0,NA,NA,NA,NA,NA,NA,NA,0,@ LV,2,NA,NA,
12,11729,Sione Vaki,RB,24.2,DET,999.0,999,999,0,0,0,1,1,0,68,0,0,0.0,0,0,0,0,0,0,0.00,0,0,0,0,0.00,0.00,0,0,0,0,0,0,0,0,0.0,0.0,0,0,0,0,0,NA,0,0,0.0%,NA,NA,NA,0,NA,0,0,NA,0.0,NA,NA,NA,0,NA,NA,NA,NA,NA,NA,NA,0,vs NYG,3,Q,0.1,
12,5086,Marquez Valdes-Scantling,WR,31.0,SF,999.0,999,999,0,0,0,1,0,0,0,0,0,0.0,0,0,0,0,0,0,0.00,0,0,0,0,0.00,0.00,0,0,0,0,0,0,0,0,0.0,0.0,0,0,0,0,0,NA,0,0,NA,NA,NA,NA,0,NA,0,0,NA,NA,NA,NA,NA,0,NA,NA,NA,NA,NA,NA,NA,0,vs CAR,29,·,·,
12,829,Andy Dalton,QB,37.9,CAR,999.0,999,999,0,0,0,1,0,0,46,0,0,0.0,0,0,0,0,0,0,0.00,0,0,0,0,0.00,0.00,0,0,0,0,0,0,0,0,0.0,0.0,0,0,0,0,0,NA,0,0,0.0%,NA,NA,NA,0,NA,0,0,NA,NA,NA,NA,NA,0,NA,NA,NA,NA,NA,NA,NA,0,@ SF,16,·,·,
12,3257,Jacoby Brissett,QB,32.8,ARI,8.0,8,8,18.68,18.68,18.68,1,1,1,84,82,0,67.4,158,49,33,14,16,0,92.00,337,6,1,317,6.47,9.61,0,0,0,0,0,0,0,0,0.0,0.0,3,0,2,20,0,NA,20,6.67,97.6%,NA,NA,NA,2,NA,17,52,NA,NA,NA,NA,NA,15,30.6%,2.81,10.2%,39.7%,7.50,NA,58,337,vs JAX,5,·,19.8,
12,7608,Khalil Herbert,RB,27.4,SEA,0.0,0,0,0,0,0,0,0,0,0,0,0,0.0,0,0,0,0,0,0,0.00,0,0,0,0,0.00,0.00,0,0,0,0,0,0,0,0,0.0,0.0,0,0,0,0,0,NA,0,0,NA,NA,NA,NA,0,NA,0,0,NA,NA,NA,NA,NA,0,NA,NA,NA,NA,NA,NA,NA,0,@ TEN,7,·,0.3,
12,3634,Kalif Raymond,WR,31.1,DET,52.0,50,47,5.7,4.7,3.7,1,1,0,68,27,0,0.0,0,0,0,0,0,0,0.00,0,0,0,0,0.00,0.00,2,25,0,1,0,2,12,37,18.5,18.5,0,0,0,37,0,NA,0,0,39.7%,NA,NA,NA,0,NA,1,2,0.500,1.0,14,4.8%,2.64,0,NA,NA,NA,NA,NA,0.071,NA,37,vs NYG,6,·,3.6,
12,6126,Irv Smith,TE,27.1,HOU,0.0,0,0,0,0,0,0,0,0,0,0,0,0.0,0,0,0,0,0,0,0.00,0,0,0,0,0.00,0.00,0,0,0,0,0,0,0,0,0.0,0.0,0,0,0,0,0,NA,0,0,NA,NA,NA,NA,0,NA,0,0,NA,NA,NA,NA,NA,0,NA,NA,NA,NA,NA,NA,NA,0,vs BUF,32,Q,Q,
12,10857,Stetson Bennett,QB,27.9,LAR,0.0,0,0,0,0,0,0,0,0,0,0,0,0.0,0,0,0,0,0,0,0.00,0,0,0,0,0.00,0.00,0,0,0,0,0,0,0,0,0.0,0.0,0,0,0,0,0,NA,0,0,NA,NA,NA,NA,0,NA,0,0,NA,NA,NA,NA,NA,0,NA,NA,NA,NA,NA,NA,NA,0,vs TB,7,·,·,
12,6144,Trayveon Williams,RB,27.9,FA,0.0,0,0,0,0,0,0,0,0,0,0,0,0.0,0,0,0,0,0,0,0.00,0,0,0,0,0.00,0.00,0,0,0,0,0,0,0,0,0.0,0.0,0,0,0,0,0,NA,0,0,NA,NA,NA,NA,0,NA,0,0,NA,NA,NA,NA,NA,0,NA,NA,NA,NA,NA,NA,NA,0,NA,,·,·,
12,12473,Mitchell Evans,TE,22.5,CAR,999.0,999,999,0,0,0,1,1,0,46,10,0,0.0,0,0,0,0,0,0,0.00,0,0,0,0,0.00,0.00,0,0,0,0,0,1,0,0,0.0,0.0,0,0,0,0,0,NA,0,0,21.7%,NA,NA,NA,0,NA,0,1,0.000,0.0,NA,NA,NA,0,NA,NA,NA,NA,NA,NA,NA,0,@ SF,5,·,1.9,
12,5374,Justin Watson,WR,29.5,HOU,999.0,999,999,0,0,0,1,0,0,0,0,0,0.0,0,0,0,0,0,0,0.00,0,0,0,0,0.00,0.00,0,0,0,0,0,0,0,0,0.0,0.0,0,0,0,0,0,NA,0,0,NA,NA,NA,NA,0,NA,0,0,NA,NA,NA,NA,NA,0,NA,NA,NA,NA,NA,NA,NA,0,vs BUF,22,IR,IR,
12,10223,Eric Gray,RB,25.9,NYG,999.0,999,999,0,0,0,1,1,0,82,0,0,0.0,0,0,0,0,0,0,0.00,0,0,0,0,0.00,0.00,0,0,0,0,0,0,0,0,0.0,0.0,0,0,0,0,0,NA,0,0,0.0%,NA,NA,NA,0,NA,0,0,NA,0.0,NA,NA,NA,0,NA,NA,NA,NA,NA,NA,NA,0,@ DET,31,PUP,PUP,
12,6012,Travis Homer,RB,27.1,CHI,0.0,0,0,0,0,0,0,0,0,0,0,0,0.0,0,0,0,0,0,0,0.00,0,0,0,0,0.00,0.00,0,0,0,0,0,0,0,0,0.0,0.0,0,0,0,0,0,NA,0,0,NA,NA,NA,NA,0,NA,0,0,NA,NA,NA,NA,NA,0,NA,NA,NA,NA,NA,NA,NA,0,vs PIT,24,OUT,OUT,
12,3202,Austin Hooper,TE,30.9,NE,21.0,21,19,6.9,5.4,3.9,1,1,0,71,40,0,0.0,0,0,0,0,0,0,0.00,0,0,0,0,0.00,0.00,3,36,0,2,0,4,3,39,13.0,9.8,0,0,0,39,0,NA,0,0,56.3%,NA,NA,NA,0,NA,2,4,0.500,2.0,16,11.4%,2.44,0,NA,NA,NA,NA,NA,0.125,NA,39,@ CIN,1,·,2.7,
12,4972,Mason Rudolph,QB,30.2,PIT,24.0,24,24,8.54,8.54,8.54,1,1,1,72,72,1,77.4,55,31,24,7,7,1,86.90,178,2,1,171,5.52,7.13,0,0,0,0,0,0,0,0,0.0,0.0,3,0,2,7,0,NA,7,2.33,100.0%,NA,NA,NA,2,NA,10,34,NA,NA,NA,NA,NA,8,25.8%,2.59,9.7%,23.5%,5.90,NA,34,178,@ CHI,4,·,·,
12,9489,Justin Shorter,WR,25.4,LV,999.0,999,999,0,0,0,1,0,0,0,0,0,0.0,0,0,0,0,0,0,0.00,0,0,0,0,0.00,0.00,0,0,0,0,0,0,0,0,0.0,0.0,0,0,0,0,0,NA,0,0,NA,NA,NA,NA,0,NA,0,0,NA,NA,NA,NA,NA,0,NA,NA,NA,NA,NA,NA,NA,0,vs CLE,24,·,·,
12,8219,Jelani Woods,TE,27.0,NYJ,0.0,0,0,0,0,0,0,0,0,0,0,0,0.0,0,0,0,0,0,0,0.00,0,0,0,0,0.00,0.00,0,0,0,0,0,0,0,0,0.0,0.0,0,0,0,0,0,NA,0,0,NA,NA,NA,NA,0,NA,0,0,NA,NA,NA,NA,NA,0,NA,NA,NA,NA,NA,NA,NA,0,@ BAL,24,·,0.1,
12,7535,Hunter Long,TE,27.1,JAX,0.0,0,0,0,0,0,0,0,0,0,0,0,0.0,0,0,0,0,0,0,0.00,0,0,0,0,0.00,0.00,0,0,0,0,0,0,0,0,0.0,0.0,0,0,0,0,0,NA,0,0,NA,NA,NA,NA,0,NA,0,0,NA,NA,NA,NA,NA,0,NA,NA,NA,NA,NA,NA,NA,0,@ ARI,12,OUT,OUT,
12,9495,Rakim Jarrett,WR,24.7,FA,0.0,0,0,0,0,0,0,0,0,0,0,0,0.0,0,0,0,0,0,0,0.00,0,0,0,0,0.00,0.00,0,0,0,0,0,0,0,0,0.0,0.0,0,0,0,0,0,NA,0,0,NA,NA,NA,NA,0,NA,0,0,NA,NA,NA,NA,NA,0,NA,NA,NA,NA,NA,NA,NA,0,NA,,·,·,
12,12048,George Holani,RB,25.8,SEA,999.0,999,999,0,0,0,1,1,0,48,0,0,0.0,0,0,0,0,0,0,0.00,0,0,0,0,0.00,0.00,0,0,0,0,0,0,0,0,0.0,0.0,0,0,0,0,0,NA,0,0,0.0%,NA,NA,NA,0,NA,0,0,NA,0.0,NA,NA,NA,0,NA,NA,NA,NA,NA,NA,NA,0,@ TEN,7,·,1.2,
12,7757,Ben Skowronek,WR,28.2,PIT,73.0,71,67,3.1,2.6,2.1,1,1,0,72,26,0,0.0,0,0,0,0,0,0,0.00,0,0,0,0,0.00,0.00,1,18,0,1,0,1,3,21,21.0,21.0,0,0,0,21,0,NA,0,0,36.1%,NA,NA,NA,0,NA,1,1,1.000,1.0,4,3.2%,5.25,0,NA,NA,NA,NA,NA,0.250,NA,21,@ CHI,5,·,0.3,
12,6427,Ashton Dulin,WR,28.4,IND,50.0,46,43,5.8,5.3,4.8,1,1,0,51,9,0,0.0,0,0,0,0,0,0,0.00,0,0,0,0,0.00,0.00,1,6,0,1,0,1,42,48,48.0,48.0,0,0,0,48,0,NA,0,0,17.6%,NA,NA,NA,0,NA,1,1,1.000,1.0,3,3.2%,16.00,0,NA,NA,NA,NA,NA,0.333,NA,48,@ KC,27,·,0.4,
12,6001,Drew Sample,TE,29.4,CIN,57.0,58,999,1,0.5,0,1,1,1,65,34,0,0.0,0,0,0,0,0,0,0.00,0,0,0,0,0.00,0.00,1,-2,0,0,0,1,2,0,0.0,0.0,0,0,0,0,0,NA,0,0,52.3%,NA,NA,NA,0,NA,0,1,0.000,0.0,11,2.6%,0.00,0,NA,NA,NA,NA,NA,0.000,NA,0,vs NE,9,·,1.3,
12,8116,Pierre Strong Jr.,RB,26.8,GB,999.0,999,999,0,0,0,1,0,0,66,0,0,0.0,0,0,0,0,0,0,0.00,0,0,0,0,0.00,0.00,0,0,0,0,0,0,0,0,0.0,0.0,0,0,0,0,0,NA,0,0,0.0%,NA,NA,NA,0,NA,0,0,NA,NA,NA,NA,NA,0,NA,NA,NA,NA,NA,NA,NA,0,vs MIN,20,·,·,
12,6847,Devin Duvernay,WR,28.0,CHI,999.0,999,999,0,0,0,1,1,0,65,0,0,0.0,0,0,0,0,0,0,0.00,0,0,0,0,0.00,0.00,0,0,0,0,0,0,0,0,0.0,0.0,0,0,0,0,0,NA,0,0,0.0%,NA,NA,NA,0,NA,0,0,NA,0.0,NA,NA,NA,0,NA,NA,NA,NA,NA,NA,NA,0,vs PIT,3,·,0.2,
12,11716,Tip Reiman,TE,24.0,ARI,999.0,999,999,0,0,0,1,0,0,0,0,0,0.0,0,0,0,0,0,0,0.00,0,0,0,0,0.00,0.00,0,0,0,0,0,0,0,0,0.0,0.0,0,0,0,0,0,NA,0,0,NA,NA,NA,NA,0,NA,0,0,NA,NA,NA,NA,NA,0,NA,NA,NA,NA,NA,NA,NA,0,vs JAX,2,IR,IR,
12,7602,Kylen Granson,TE,27.5,PHI,999.0,999,999,0,0,0,1,1,0,63,5,0,0.0,0,0,0,0,0,0,0.00,0,0,0,0,0.00,0.00,0,0,0,0,0,0,0,0,0.0,0.0,0,0,0,0,0,NA,0,0,7.9%,NA,NA,NA,0,NA,0,0,NA,0.0,2,0.0%,0.00,0,NA,NA,NA,NA,NA,0.000,NA,0,@ DAL,14,·,0.9,
12,2749,Raheem Mostert,RB,33.5,LV,42.0,44,47,5,3.5,2,1,1,0,79,15,0,0.0,0,0,0,0,0,0,0.00,2,0,0,0,0.00,0.00,3,-1,0,2,0,3,19,18,6.0,6.0,1,0,0,20,0,2,2,2,19.0%,4,1.80,4.000,0,4.180,2,4,0.500,2.0,NA,6.8%,NA,0,NA,NA,NA,NA,NA,NA,NA,20,vs CLE,28,·,3.5,
12,8127,Charlie Kolar,TE,26.6,BAL,999.0,999,999,0,0,0,1,1,0,63,20,0,0.0,0,0,0,0,0,0,0.00,0,0,0,0,0.00,0.00,0,0,0,0,0,0,0,0,0.0,0.0,0,0,0,0,0,NA,0,0,31.7%,NA,NA,NA,0,NA,0,0,NA,0.0,3,0.0%,0.00,0,NA,NA,NA,NA,NA,0.000,NA,0,vs NYJ,16,·,2.3,
12,7585,Davis Mills,QB,26.9,HOU,15.0,15,15,14.52,14.52,14.52,1,1,1,59,59,0,53.3,88,30,16,5,14,0,90.00,157,0,2,153,5.10,9.56,0,0,0,0,0,0,0,0,0.0,0.0,2,0,0,4,0,NA,4,2,100.0%,NA,NA,NA,0,NA,7,32,NA,NA,NA,NA,NA,7,23.3%,2.60,6.7%,16.1%,8.00,NA,31,157,vs BUF,29,·,16.2,
12,6290,Scotty Miller,WR,28.2,PIT,999.0,999,999,0,0,0,1,1,0,72,5,0,0.0,0,0,0,0,0,0,0.00,0,0,0,0,0.00,0.00,0,0,0,0,0,0,0,0,0.0,0.0,0,0,0,0,0,NA,0,0,6.9%,NA,NA,NA,0,NA,0,0,NA,0.0,3,0.0%,0.00,0,NA,NA,NA,NA,NA,0.000,NA,0,@ CHI,5,·,0.6,
12,10228,Charlie Jones,WR,26.9,CIN,999.0,999,999,0,0,0,1,1,0,65,11,0,0.0,0,0,0,0,0,0,0.00,0,0,0,0,0.00,0.00,0,0,0,0,0,1,0,0,0.0,0.0,0,0,0,0,0,NA,0,0,16.9%,NA,NA,NA,0,NA,0,1,0.000,0.0,6,2.6%,0.00,0,NA,NA,NA,NA,NA,0.000,NA,0,vs NE,14,·,0.7,
12,6659,Craig Reynolds,RB,29.3,DET,0.0,0,0,0,0,0,0,0,0,0,0,0,0.0,0,0,0,0,0,0,0.00,0,0,0,0,0.00,0.00,0,0,0,0,0,0,0,0,0.0,0.0,0,0,0,0,0,NA,0,0,NA,NA,NA,NA,0,NA,0,0,NA,NA,NA,NA,NA,0,NA,NA,NA,NA,NA,NA,NA,0,vs NYG,3,·,0.6,
12,4574,Cooper Rush,QB,31.8,BAL,0.0,0,0,0,0,0,0,0,0,0,0,0,0.0,0,0,0,0,0,0,0.00,0,0,0,0,0.00,0.00,0,0,0,0,0,0,0,0,0.0,0.0,0,0,0,0,0,NA,0,0,NA,NA,NA,NA,0,NA,0,0,NA,NA,NA,NA,NA,0,NA,NA,NA,NA,NA,NA,NA,0,vs NYJ,11,·,·,
12,4663,Austin Ekeler,RB,30.4,WAS,0.0,0,0,0,0,0,0,0,0,0,0,0,0.0,0,0,0,0,0,0,0.00,0,0,0,0,0.00,0.00,0,0,0,0,0,0,0,0,0.0,0.0,0,0,0,0,0,NA,0,0,NA,NA,NA,NA,0,NA,0,0,NA,NA,NA,NA,NA,0,NA,NA,NA,NA,NA,NA,NA,0,BYE,BYE,BYE,BYE,
12,8489,Andrew Ogletree,TE,27.2,IND,14.0,12,9,8.8,7.8,6.8,1,1,0,51,11,0,0.0,0,0,0,0,0,0,0.00,0,0,0,0,0.00,0.00,2,7,0,0,1,2,1,8,4.0,4.0,0,0,0,8,0,NA,0,0,21.6%,NA,NA,NA,0,NA,1,2,0.500,1.0,4,6.5%,2.00,0,NA,NA,NA,NA,NA,0.000,NA,8,@ KC,26,·,0.3,
12,8159,Desmond Ridder,QB,26.1,MIN,0.0,0,0,0,0,0,0,0,0,0,0,0,0.0,0,0,0,0,0,0,0.00,0,0,0,0,0.00,0.00,0,0,0,0,0,0,0,0,0.0,0.0,0,0,0,0,0,NA,0,0,NA,NA,NA,NA,0,NA,0,0,NA,NA,NA,NA,NA,0,NA,NA,NA,NA,NA,NA,NA,0,@ GB,26,·,·,
12,8253,Deven Thompkins,WR,25.8,ATL,999.0,999,999,0,0,0,1,0,0,0,0,0,0.0,0,0,0,0,0,0,0.00,0,0,0,0,0.00,0.00,0,0,0,0,0,0,0,0,0.0,0.0,0,0,0,0,0,NA,0,0,NA,NA,NA,NA,0,NA,0,0,NA,NA,NA,NA,NA,0,NA,NA,NA,NA,NA,NA,NA,0,@ NO,17,·,·,
12,12725,Luke Lachey,TE,24.2,HOU,999.0,999,999,0,0,0,1,0,0,0,0,0,0.0,0,0,0,0,0,0,0.00,0,0,0,0,0.00,0.00,0,0,0,0,0,0,0,0,0.0,0.0,0,0,0,0,0,NA,0,0,NA,NA,NA,NA,0,NA,0,0,NA,NA,NA,NA,NA,0,NA,NA,NA,NA,NA,NA,NA,0,vs BUF,32,·,·,
,,,,,,,,,,,,,,,,,,,,,,,,,,,,,,,,,,,,,,,,,,,,,,,NA,,,NA,NA,NA,NA,0,NA,0,0,NA,NA,NA,NA,NA,0,NA,NA,NA,NA,NA,NA,NA,0,NA,,·,·,