WK,SLPR_ID,NM,POS,AGE,TM,PRK_PPR,PRK_0.5P,PRK_STD,FPT_PPR,FPTS_0.5,FPTS_STD,GM_ACTV,GM_P,GM,TM_SNP,SNP,FUM,CMP PCT,paAY,paATT,CMP,pa1D,INC,INT,paRTG,pa.ruYDS,SAC,paTD,paYDS,paYPA,paYPC,REC,recAY,DRP,rec1D,recTD,TGT,YAC,recYDS,YPR,YPT,CAR,BTKL,ru1D,ru.recYDS,ruTD,YCO,ruYDS,YPC,SNP%,MTF,YCO/A,MTF/A,ruIMP,ELU,IMP,OPP,IMP/OPP,IMP/G,RR,TS%,YPRR,pIMP,pIMP/A,TTT,DP%,PRS%,AYA,1DRR,DB,YDS(t),VS,vsRK,INJ,PROJ,FPOE
13,4984,Josh Allen,QB,29.4,BUF,13,13,13,17.72,17.72,17.72,1,1,1,74,74,0,65.2,43,23,15,8,8,1,75.10,161,0,1,123,5.35,8.20,0,0,0,0,0,0,0,0,0.0,0.0,8,1,3,38,1,NA,38,4.75,100.0%,NA,NA,NA,4,NA,13,31,NA,NA,NA,NA,NA,9,39.1%,2.46,0.0%,25.9%,1.40,NA,27,161,@ PIT,7,·,26.7,-9.0
13,9509,Bijan Robinson,RB,23.7,ATL,1,1,1,30.3,27.8,25.3,1,1,1,69,60,0,0.0,0,0,0,0,0,0,0.00,142,0,0,0,0.00,0.00,5,-17,1,1,0,7,68,51,10.2,7.3,23,2,8,193,1,122,142,6.17,87.0%,9,5.30,0.391,9,0.921,10,30,0.333,10.0,NA,21.2%,NA,0,NA,NA,NA,NA,NA,NA,NA,193,@ NYJ,10,·,20.8,9.5
13,7564,Ja'Marr Chase,WR,25.6,CIN,13,16,17,18,14.5,11,1,1,1,83,82,0,0.0,0,0,0,0,0,0,0.00,0,0,0,0,0.00,0.00,7,101,0,5,0,14,9,110,15.7,7.9,0,0,0,110,0,NA,0,0,98.8%,NA,NA,NA,0,NA,5,14,0.357,5.0,47,30.4%,2.34,0,NA,NA,NA,NA,NA,0.106,NA,110,@ BAL,11,·,20.2,-2.2
13,9493,Puka Nacua,WR,24.3,LAR,23,25,34,13.2,10.2,7.2,1,1,1,52,38,0,0.0,0,0,0,0,0,0,0.00,0,0,0,0,0.00,0.00,6,30,0,3,0,9,42,72,12.0,8.0,0,0,0,72,0,NA,0,0,73.1%,NA,NA,NA,0,NA,3,9,0.333,3.0,26,32.1%,2.77,0,NA,NA,NA,NA,NA,0.115,NA,72,@ CAR,31,·,20.2,-7.0
13,4881,Lamar Jackson,QB,28.7,BAL,27,27,27,7.54,7.54,7.54,1,1,1,60,60,2,53.1,127,32,17,7,15,1,65.40,273,3,0,246,7.69,14.47,0,0,0,0,0,0,0,0,0.0,0.0,6,0,3,27,0,NA,27,4.5,100.0%,NA,NA,NA,3,NA,10,38,NA,NA,NA,NA,NA,7,21.9%,3.12,18.8%,39.5%,11.40,NA,38,273,vs CIN,3,·,24.6,-17.1
13,11566,Jayden Daniels,QB,24.8,WAS,0,0,0,0,0,0,0,0,0,0,0,0,0.0,0,0,0,0,0,0,0.00,0,0,0,0,0.00,0.00,0,0,0,0,0,0,0,0,0.0,0.0,0,0,0,0,0,NA,0,0,NA,NA,NA,NA,0,NA,0,0,NA,NA,NA,NA,NA,0,NA,NA,NA,NA,NA,NA,NA,0,vs DEN,31,OUT,OUT,OUT
13,9221,Jahmyr Gibbs,RB,23.5,DET,25,28,31,11.6,10.1,8.6,1,1,1,63,44,0,0.0,0,0,0,0,0,0,0.00,68,0,0,0,0.00,0.00,3,15,1,1,0,4,3,18,6.0,4.5,20,3,3,86,0,32,68,3.4,69.8%,4,1.60,0.200,3,0.360,4,24,0.167,4.0,NA,14.8%,NA,0,NA,NA,NA,NA,NA,NA,NA,86,vs GB,23,·,22.6,-11.0
13,6794,Justin Jefferson,WR,26.3,MIN,86,95,102,2.4,1.4,0.4,1,1,1,52,50,0,0.0,0,0,0,0,0,0,0.00,0,0,0,0,0.00,0.00,2,-5,1,0,0,6,9,4,2.0,0.7,0,0,0,4,0,NA,0,0,96.2%,NA,NA,NA,0,NA,0,6,0.000,0.0,34,20.0%,0.12,0,NA,NA,NA,NA,NA,0.000,NA,4,@ SEA,9,·,12.4,-10.0
13,9488,Jaxon Smith-Njigba,WR,23.6,SEA,71.0,71,68,4.3,3.3,2.3,1,1,1,67,55,0,0.0,0,0,0,0,0,0,0.00,0,0,0,0,0.00,0.00,2,0,1,2,0,4,23,23,11.5,5.8,0,0,0,23,0,NA,0,0,82.1%,NA,NA,NA,0,NA,2,4,0.500,2.0,28,15.4%,0.82,0,NA,NA,NA,NA,NA,0.071,NA,23,vs MIN,28,·,21.9,-17.6
13,7547,Amon-Ra St. Brown,WR,25.9,DET,999.0,999,999,0,0,0,1,1,1,63,4,0,0.0,0,0,0,0,0,0,0.00,0,0,0,0,0.00,0.00,0,0,0,0,0,1,0,0,0.0,0.0,0,0,0,0,0,NA,0,0,6.3%,NA,NA,NA,0,NA,0,1,0.000,0.0,2,3.7%,0.00,0,NA,NA,NA,NA,NA,0.000,NA,0,vs GB,25,·,19.2,-19.2
13,6786,CeeDee Lamb,WR,26.5,DAL,5.0,5,6,24.2,20.7,17.2,1,1,1,72,58,0,0.0,0,0,0,0,0,0,0.00,0,0,0,0,0.00,0.00,7,77,0,3,1,9,35,112,16.0,12.4,0,0,0,112,0,NA,0,0,80.6%,NA,NA,NA,0,NA,4,9,0.444,4.0,35,23.1%,3.20,0,NA,NA,NA,NA,NA,0.086,NA,112,vs KC,26,·,18.4,5.8
13,11632,Malik Nabers,WR,22.2,NYG,999.0,999,999,0,0,0,1,0,0,0,0,0,0.0,0,0,0,0,0,0,0.00,0,0,0,0,0.00,0.00,0,0,0,0,0,0,0,0,0.0,0.0,0,0,0,0,0,NA,0,0,NA,NA,NA,NA,0,NA,0,0,NA,NA,NA,NA,NA,0,NA,NA,NA,NA,NA,NA,NA,0,@ NE,14,IR,IR,IR
13,11564,Drake Maye,QB,23.1,NE,10.0,10,10,20.48,20.48,20.48,1,1,1,65,65,0,77.4,147,31,24,12,7,0,126.00,294,3,2,282,9.10,11.75,0,0,0,0,0,0,0,0,0.0,0.0,6,0,3,12,0,NA,12,2,100.0%,NA,NA,NA,3,NA,17,37,NA,NA,NA,NA,NA,14,45.2%,2.58,12.9%,25.0%,8.20,NA,36,294,vs NYG,2,·,24.0,-3.5
13,12514,Emeka Egbuka,WR,23.0,TB,42.0,43,44,8.2,6.2,4.2,1,1,1,61,52,0,0.0,0,0,0,0,0,0,0.00,0,0,0,0,0.00,0.00,4,24,1,1,0,8,18,42,10.5,5.3,0,0,0,42,0,NA,0,0,85.2%,NA,NA,NA,0,NA,1,8,0.125,1.0,29,28.6%,1.45,0,NA,NA,NA,NA,NA,0.034,NA,42,vs ARI,20,·,14.1,-5.9
13,11604,Brock Bowers,TE,22.8,LV,1.0,1,1,22.3,20.3,18.3,1,1,1,48,47,0,0.0,0,0,0,0,0,0,0.00,0,0,0,0,0.00,0.00,4,42,0,2,2,4,21,63,15.8,15.8,0,0,0,63,0,NA,0,0,97.9%,NA,NA,NA,0,NA,4,4,1.000,4.0,25,17.4%,2.52,0,NA,NA,NA,NA,NA,0.080,NA,63,@ LAC,27,·,15.1,7.2
13,6904,Jalen Hurts,QB,27.1,PHI,15.0,15,15,17.3,17.3,17.3,1,1,1,54,54,1,55.9,175,34,19,9,15,1,84.20,261,0,2,230,6.76,12.11,0,0,0,0,0,0,0,0,0.0,0.0,4,0,1,31,0,NA,31,7.75,100.0%,NA,NA,NA,1,NA,12,38,NA,NA,NA,NA,NA,11,32.4%,2.94,8.8%,26.5%,9.30,NA,34,261,vs CHI,9,·,25.1,-7.8
13,12527,Ashton Jeanty,RB,21.8,LV,24.0,34,42,12.1,9.1,6.1,1,1,1,48,46,0,0.0,0,0,0,0,0,0,0.00,31,0,0,0,0.00,0.00,6,-19,0,0,0,8,49,30,5.0,3.8,15,0,1,61,0,36,31,2.07,95.8%,8,2.40,0.533,1,0.773,1,23,0.043,1.0,NA,34.8%,NA,0,NA,NA,NA,NA,NA,NA,NA,61,@ LAC,18,·,17.0,-4.9
13,6797,Justin Herbert,QB,27.6,LAC,19.0,19,19,13.84,13.84,13.84,1,1,1,67,57,0,75.0,107,20,15,9,5,1,108.50,159,3,2,151,7.55,10.07,0,0,0,0,0,0,0,0,0.0,0.0,3,0,0,8,0,NA,8,2.67,85.1%,NA,NA,NA,0,NA,11,23,NA,NA,NA,NA,NA,11,55.0%,2.93,15.0%,26.9%,9.60,NA,26,159,vs LV,17,·,22.3,-8.5
13,6813,Jonathan Taylor,RB,26.7,IND,18.0,19,19,15.1,13.6,12.1,1,1,1,54,53,0,0.0,0,0,0,0,0,0,0.00,85,0,0,0,0.00,0.00,3,-4,1,1,0,5,40,36,12.0,7.2,21,2,5,121,0,67,85,4.05,98.1%,7,3.20,0.333,5,0.653,6,26,0.231,6.0,NA,18.5%,NA,0,NA,NA,NA,NA,NA,NA,NA,121,vs HOU,22,·,22.1,-7.0
13,8112,Drake London,WR,24.2,ATL,0.0,0,0,0,0,0,0,0,0,0,0,0,0.0,0,0,0,0,0,0,0.00,0,0,0,0,0.00,0.00,0,0,0,0,0,0,0,0,0.0,0.0,0,0,0,0,0,NA,0,0,NA,NA,NA,NA,0,NA,0,0,NA,NA,NA,NA,NA,0,NA,NA,NA,NA,NA,NA,NA,0,@ NYJ,21,OUT,OUT,OUT
13,4046,Patrick Mahomes,QB,30.0,KC,1.0,1,1,29.44,29.44,29.44,1,1,1,66,66,0,67.7,102,34,23,8,11,0,129.70,291,3,4,261,7.68,11.35,0,0,0,0,0,0,0,0,0.0,0.0,3,1,3,30,0,NA,30,10,100.0%,NA,NA,NA,3,NA,15,37,NA,NA,NA,NA,NA,12,35.3%,2.88,8.8%,35.0%,6.80,NA,40,291,@ DAL,1,·,26.3,3.1
13,6770,Joe Burrow,QB,28.8,CIN,11.0,11,11,19.24,19.24,19.24,1,1,1,83,83,0,52.2,162,46,24,9,22,0,83.70,269,1,2,261,5.67,10.88,0,0,0,0,0,0,0,0,0.0,0.0,3,0,2,8,0,NA,8,2.67,100.0%,NA,NA,NA,2,NA,13,49,NA,NA,NA,NA,NA,11,23.9%,2.81,15.2%,27.1%,8.90,NA,48,269,@ BAL,15,·,19.6,-0.4
13,9226,De'Von Achane,RB,24.0,MIA,6.0,5,4,19.4,19.4,19.4,1,1,1,60,44,0,0.0,0,0,0,0,0,0,0.00,134,0,0,0,0.00,0.00,0,0,1,0,0,1,0,0,0.0,0.0,22,2,5,134,1,88,134,6.09,73.3%,5,4.00,0.227,6,0.627,6,23,0.261,6.0,NA,4.3%,NA,0,NA,NA,NA,NA,NA,NA,NA,134,vs NO,17,·,22.4,-3.0
13,8130,Trey McBride,TE,25.8,ARI,2.0,2,2,22.2,18.2,14.2,1,1,1,61,54,0,0.0,0,0,0,0,0,0,0.00,0,0,0,0,0.00,0.00,8,56,0,2,1,9,26,82,10.3,9.1,0,0,0,82,0,NA,0,0,88.5%,NA,NA,NA,0,NA,3,9,0.333,3.0,38,22.5%,2.16,0,NA,NA,NA,NA,NA,0.053,NA,82,@ TB,22,·,19.6,2.6
13,12507,Omarion Hampton,RB,22.5,LAC,999.0,999,999,0,0,0,1,0,0,0,0,0,0.0,0,0,0,0,0,0,0.00,0,0,0,0,0.00,0.00,0,0,0,0,0,0,0,0,0.0,0.0,0,0,0,0,0,NA,0,0,NA,NA,NA,NA,0,NA,0,0,NA,NA,NA,NA,NA,0,NA,NA,NA,NA,NA,NA,NA,0,vs LV,15,OUT,OUT,OUT
13,11620,Rome Odunze,WR,23.3,CHI,82.0,85,95,2.8,1.8,0.8,1,1,1,87,70,0,0.0,0,0,0,0,0,0,0.00,0,0,0,0,0.00,0.00,2,7,0,1,0,6,1,8,4.0,1.3,0,0,0,8,0,NA,0,0,80.5%,NA,NA,NA,0,NA,1,6,0.167,1.0,33,16.7%,0.24,0,NA,NA,NA,NA,NA,0.030,NA,8,@ PHI,16,·,10.9,-8.1
13,12526,Tetairoa McMillan,WR,22.5,CAR,29.0,23,20,11.3,10.8,10.3,1,1,1,64,47,0,0.0,0,0,0,0,0,0,0.00,0,0,0,0,0.00,0.00,1,23,1,0,1,2,20,43,43.0,21.5,0,0,0,43,0,NA,0,0,73.4%,NA,NA,NA,0,NA,1,2,0.500,1.0,21,10.0%,2.05,0,NA,NA,NA,NA,NA,0.000,NA,43,vs LAR,19,·,13.4,-2.1
13,11560,Caleb Williams,QB,23.9,CHI,25.0,25,25,10.46,10.46,10.46,1,1,1,87,87,0,47.2,79,36,17,9,19,1,56.90,167,2,1,154,4.28,9.06,0,0,0,0,0,0,0,0,0.0,0.0,5,0,4,13,0,NA,13,2.6,100.0%,NA,NA,NA,4,NA,14,41,NA,NA,NA,NA,NA,10,27.8%,2.65,5.6%,25.0%,7.20,NA,40,167,@ PHI,16,·,17.8,-7.3
13,12518,Tyler Warren,TE,23.4,IND,14.0,11,9,11.2,9.7,8.2,1,1,0,54,47,1,0.0,0,0,0,0,0,0,0.00,0,0,0,0,0.00,0.00,3,18,0,0,1,4,4,22,7.3,5.5,1,0,0,22,0,NA,0,0,87.0%,NA,NA,NA,0,NA,1,5,0.200,1.0,22,14.8%,1.00,0,NA,NA,NA,NA,NA,0.000,NA,22,vs HOU,29,·,11.7,-0.5
13,12512,Quinshon Judkins,RB,21.9,CLE,16.0,17,18,15.9,14.4,12.9,1,1,1,63,38,0,0.0,0,0,0,0,0,0,0.00,91,0,0,0,0.00,0.00,3,-8,0,1,0,3,26,18,6.0,6.0,23,0,6,109,0,87,91,3.96,60.3%,7,3.80,0.304,6,0.684,7,26,0.269,7.0,NA,11.5%,NA,0,NA,NA,NA,NA,NA,NA,NA,109,vs SF,26,·,13.4,2.5
13,11584,Bucky Irving,RB,23.1,TB,15.0,14,11,16.1,15.1,14.1,1,1,0,61,32,0,0.0,0,0,0,0,0,0,0.00,61,0,0,0,0.00,0.00,2,-10,0,1,0,2,30,20,10.0,10.0,17,2,2,81,1,24,61,3.59,52.5%,6,1.40,0.353,3,0.493,4,19,0.211,4.0,NA,7.1%,NA,0,NA,NA,NA,NA,NA,NA,NA,81,vs ARI,7,·,14.2,1.9
13,11631,Brian Thomas Jr.,WR,23.0,JAX,66.0,61,58,4.8,3.8,2.8,1,1,1,63,47,0,0.0,0,0,0,0,0,0,0.00,0,0,0,0,0.00,0.00,2,16,0,2,0,3,12,28,14.0,9.3,0,0,0,28,0,NA,0,0,74.6%,NA,NA,NA,0,NA,2,3,0.667,2.0,25,11.1%,1.12,0,NA,NA,NA,NA,NA,0.080,NA,28,@ TEN,5,·,12.4,-7.6
13,8138,James Cook,RB,26.0,BUF,9.0,9,10,18.7,17.2,15.7,1,1,1,74,45,2,0.0,0,0,0,0,0,0,0.00,144,0,0,0,0.00,0.00,3,-4,0,2,0,3,37,33,11.0,11.0,32,1,6,177,0,83,144,4.5,60.8%,7,2.60,0.219,6,0.479,8,35,0.229,8.0,NA,13.0%,NA,0,NA,NA,NA,NA,NA,NA,NA,177,@ PIT,25,·,15.8,2.9
13,4892,Baker Mayfield,QB,30.4,TB,18.0,18,18,14.46,14.46,14.46,1,1,1,61,61,1,64.3,43,28,18,7,10,0,96.40,221,2,1,194,6.93,10.78,0,0,0,0,0,0,0,0,0.0,0.0,6,0,1,27,0,NA,27,4.5,100.0%,NA,NA,NA,1,NA,9,34,NA,NA,NA,NA,NA,8,28.6%,3.05,7.1%,30.3%,7.50,NA,33,221,vs ARI,23,·,21.4,-6.9
13,7569,Nico Collins,WR,26.5,HOU,10.0,10,7,21.5,19,16.5,1,1,1,76,57,0,0.0,0,0,0,0,0,0,0.00,7,0,0,0,0.00,0.00,5,57,0,5,0,10,41,98,19.6,9.8,1,0,0,105,1,NA,7,7,75.0%,NA,NA,NA,1,NA,6,11,0.545,6.0,29,28.6%,3.38,0,NA,NA,NA,NA,NA,0.172,NA,105,@ IND,10,·,16.1,5.4
13,8146,Garrett Wilson,WR,25.2,NYJ,999.0,999,999,0,0,0,1,0,0,0,0,0,0.0,0,0,0,0,0,0,0.00,0,0,0,0,0.00,0.00,0,0,0,0,0,0,0,0,0.0,0.0,0,0,0,0,0,NA,0,0,NA,NA,NA,NA,0,NA,0,0,NA,NA,NA,NA,NA,0,NA,NA,NA,NA,NA,NA,NA,0,vs ATL,15,IR,IR,IR
13,6804,Jordan Love,QB,26.9,GB,2.0,2,2,25.76,25.76,25.76,1,1,1,63,63,1,60.0,195,30,18,7,12,0,124.20,238,0,4,234,7.80,13.00,0,0,0,0,0,0,0,0,0.0,0.0,5,0,0,4,0,NA,4,0.8,100.0%,NA,NA,NA,0,NA,11,35,NA,NA,NA,NA,NA,11,36.7%,3.09,20.0%,43.8%,11.40,NA,32,238,@ DET,8,·,19.1,6.7
13,10229,Rashee Rice,WR,25.4,KC,2.0,2,3,29.4,25.4,21.4,1,1,1,66,59,1,0.0,0,0,0,0,0,0,0.00,2,0,0,0,0.00,0.00,8,23,1,3,2,12,69,92,11.5,7.7,1,0,0,94,0,NA,2,2,89.4%,NA,NA,NA,0,NA,5,13,0.385,5.0,34,35.3%,2.71,0,NA,NA,NA,NA,NA,0.088,NA,94,@ DAL,1,·,18.5,10.9
13,4866,Saquon Barkley,RB,28.6,PHI,47.0,43,43,5.6,5.6,5.6,1,1,1,54,50,0,0.0,0,0,0,0,0,0,0.00,56,0,0,0,0.00,0.00,0,0,1,0,0,2,0,0,0.0,0.0,13,0,1,56,0,38,56,4.31,92.6%,3,2.90,0.231,1,0.521,1,15,0.067,1.0,NA,5.9%,NA,0,NA,NA,NA,NA,NA,NA,NA,56,vs CHI,13,·,15.8,-10.2
13,11563,Bo Nix,QB,25.6,DEN,14.0,14,14,17.44,17.44,17.44,1,1,1,70,70,1,64.4,135,45,29,16,16,1,83.70,337,1,1,321,7.13,11.07,0,0,0,0,0,0,0,0,0.0,0.0,2,0,1,16,0,NA,16,8,100.0%,NA,NA,NA,1,NA,18,47,NA,NA,NA,NA,NA,17,37.8%,3.29,2.2%,29.2%,4.70,NA,48,337,@ WAS,5,·,22.4,-5.0
13,12508,Jaxson Dart,QB,22.4,NYG,21.0,21,21,13.56,13.56,13.56,1,1,1,55,55,0,70.8,52,24,17,3,7,0,99.10,159,2,1,139,5.79,8.18,0,0,0,0,0,0,0,0,0.0,0.0,4,0,2,20,0,NA,20,5,100.0%,NA,NA,NA,2,NA,6,28,NA,NA,NA,NA,NA,4,16.7%,2.57,12.5%,33.3%,7.30,NA,30,159,@ NE,19,·,21.0,-7.4
13,11635,Ladd McConkey,WR,23.9,LAC,20.0,20,21,13.9,11.9,9.9,1,1,0,67,51,0,0.0,0,0,0,0,0,0,0.00,0,0,0,0,0.00,0.00,4,34,0,1,1,6,5,39,9.8,6.5,0,0,0,39,0,NA,0,0,76.1%,NA,NA,NA,0,NA,2,6,0.333,2.0,22,28.6%,1.77,0,NA,NA,NA,NA,NA,0.045,NA,39,vs LV,6,·,15.0,-1.1
13,4034,Christian McCaffrey,RB,29.3,SF,12.0,12,16,17.4,15.4,13.4,1,1,1,67,53,0,0.0,0,1,0,0,1,0,39.60,53,0,0,0,0.00,0.00,4,-4,0,2,0,4,25,21,5.3,5.3,20,0,3,74,1,68,53,2.65,79.1%,9,3.40,0.450,4,0.790,6,25,0.240,6.0,NA,13.3%,NA,0,0.0%,NA,NA,NA,NA,NA,NA,74,@ CLE,24,·,23.1,-5.7
13,8137,George Pickens,WR,24.6,DAL,17.0,17,18,16.8,13.8,10.8,1,1,0,72,53,1,0.0,0,0,0,0,0,0,0.00,0,0,0,0,0.00,0.00,6,39,1,3,0,13,49,88,14.7,6.8,0,0,0,88,0,NA,0,0,73.6%,NA,NA,NA,0,NA,3,13,0.231,3.0,34,33.3%,2.59,0,NA,NA,NA,NA,NA,0.088,NA,88,vs KC,26,·,17.2,-0.4
13,11628,Marvin Harrison Jr.,WR,23.1,ARI,24.0,27,35,12.9,9.9,6.9,1,1,1,61,37,0,0.0,0,0,0,0,0,0,0.00,0,0,0,0,0.00,0.00,6,58,0,4,0,7,11,69,11.5,9.9,0,0,0,69,0,NA,0,0,60.7%,NA,NA,NA,0,NA,4,7,0.571,4.0,26,17.5%,2.65,0,NA,NA,NA,NA,NA,0.154,NA,69,@ TB,12,·,12,0.9
13,5850,Josh Jacobs,RB,27.6,GB,34.0,31,29,10.1,9.6,9.1,1,1,1,63,34,0,0.0,0,0,0,0,0,0,0.00,83,0,0,0,0.00,0.00,1,3,0,0,0,1,5,8,8.0,8.0,17,4,2,91,0,65,83,4.88,54.0%,6,3.80,0.353,2,0.733,2,18,0.111,2.0,NA,3.3%,NA,0,NA,NA,NA,NA,NA,NA,NA,91,@ DET,30,·,16.1,-6.0
13,8150,Kyren Williams,RB,25.1,LAR,21.0,20,17,13.2,13.2,13.2,1,1,1,52,35,0,0.0,0,0,0,0,0,0,0.00,72,0,0,0,0.00,0.00,0,0,0,0,0,1,0,0,0.0,0.0,13,0,3,72,1,35,72,5.54,67.3%,0,2.70,0.000,4,0.270,4,14,0.286,4.0,NA,3.6%,NA,0,NA,NA,NA,NA,NA,NA,NA,72,@ CAR,8,·,14.4,-1.2
13,12481,Cam Skattebo,RB,23.6,NYG,999.0,999,999,0,0,0,1,0,0,0,0,0,0.0,0,0,0,0,0,0,0.00,0,0,0,0,0.00,0.00,0,0,0,0,0,0,0,0,0.0,0.0,0,0,0,0,0,NA,0,0,NA,NA,NA,NA,0,NA,0,0,NA,NA,NA,NA,NA,0,NA,NA,NA,NA,NA,NA,NA,0,@ NE,32,IR,IR,IR
13,8155,Breece Hall,RB,24.3,NYJ,17.0,16,15,15.6,14.6,13.6,1,1,1,66,58,0,0.0,0,0,0,0,0,0,0.00,68,0,0,0,0.00,0.00,2,7,0,1,0,2,1,8,4.0,4.0,19,1,2,76,1,48,68,3.58,87.9%,6,2.50,0.316,3,0.566,4,21,0.190,4.0,NA,6.1%,NA,0,NA,NA,NA,NA,NA,NA,NA,76,vs ATL,6,·,14.2,1.4
13,9758,C.J. Stroud,QB,24.0,HOU,26.0,26,26,10.04,10.04,10.04,1,1,1,76,76,0,62.9,166,35,22,14,13,1,75.40,276,2,0,276,7.89,12.55,0,0,0,0,0,0,0,0,0.0,0.0,1,0,0,0,0,NA,0,0,100.0%,NA,NA,NA,0,NA,14,36,NA,NA,NA,NA,NA,14,40.0%,3.01,14.3%,31.6%,11.60,NA,38,276,@ IND,18,·,18.4,-8.4
13,8183,Brock Purdy,QB,25.8,SF,16.0,16,16,17.12,17.12,17.12,1,1,1,67,63,0,55.2,124,29,16,10,13,0,83.70,172,1,1,168,5.79,10.50,0,0,0,0,0,0,0,0,0.0,0.0,2,0,0,4,1,NA,4,2,94.0%,NA,NA,NA,1,NA,12,31,NA,NA,NA,NA,NA,11,37.9%,3.48,6.9%,51.6%,9.10,NA,31,172,@ CLE,30,·,20.9,-3.8
13,3294,Dak Prescott,QB,32.2,DAL,6.0,6,6,21.6,21.6,21.6,1,1,1,72,72,0,69.2,132,39,27,13,12,1,100.40,318,0,2,320,8.21,11.85,0,0,0,0,0,0,0,0,0.0,0.0,3,0,0,-2,0,NA,-2,-0.67,100.0%,NA,NA,NA,0,NA,15,42,NA,NA,NA,NA,NA,15,38.5%,2.80,2.6%,30.8%,6.90,NA,39,318,vs KC,22,·,23.1,-1.5
13,5859,A.J. Brown,WR,28.2,PHI,1.0,1,1,35.2,30.2,25.2,1,1,1,54,52,0,0.0,0,0,0,0,0,0,0.00,0,0,0,0,0.00,0.00,10,109,0,5,2,12,23,132,13.2,11.0,0,0,0,132,0,NA,0,0,96.3%,NA,NA,NA,0,NA,7,12,0.583,7.0,31,35.3%,4.26,0,NA,NA,NA,NA,NA,0.161,NA,132,vs CHI,7,·,15.4,19.8
13,12529,TreVeyon Henderson,RB,22.9,NE,26.0,30,32,11.6,10.1,8.6,1,1,0,65,32,0,0.0,0,0,0,0,0,0,0.00,67,0,0,0,0.00,0.00,3,-7,0,1,0,4,26,19,6.3,4.8,11,4,3,86,0,45,67,6.09,49.2%,5,4.10,0.455,3,0.865,4,15,0.267,4.0,NA,12.9%,NA,0,NA,NA,NA,NA,NA,NA,NA,86,vs NYG,2,·,16.2,-4.6
13,11624,Xavier Worthy,WR,22.4,KC,28.0,32,33,11.4,9.4,7.4,1,1,1,66,58,0,0.0,0,0,0,0,0,0,0.00,13,0,0,0,0.00,0.00,4,37,0,1,0,6,24,61,15.3,10.2,2,0,1,74,0,NA,13,6.5,87.9%,NA,NA,NA,1,NA,2,8,0.250,2.0,31,17.6%,1.97,0,NA,NA,NA,NA,NA,0.032,NA,74,@ DAL,1,·,11.3,0.1
13,10859,Sam LaPorta,TE,24.7,DET,999.0,999,999,0,0,0,1,0,0,0,0,0,0.0,0,0,0,0,0,0,0.00,0,0,0,0,0.00,0.00,0,0,0,0,0,0,0,0,0.0,0.0,0,0,0,0,0,NA,0,0,NA,NA,NA,NA,0,NA,0,0,NA,NA,NA,NA,NA,0,NA,NA,NA,NA,NA,NA,NA,0,vs GB,19,IR,IR,IR
13,9484,Tucker Kraft,TE,24.9,GB,999.0,999,999,0,0,0,1,0,0,0,0,0,0.0,0,0,0,0,0,0,0.00,0,0,0,0,0.00,0.00,0,0,0,0,0,0,0,0,0.0,0.0,0,0,0,0,0,NA,0,0,NA,NA,NA,NA,0,NA,0,0,NA,NA,NA,NA,NA,0,NA,NA,NA,NA,NA,NA,NA,0,@ DET,21,IR,IR,IR
13,3163,Jared Goff,QB,31.0,DET,8.0,8,8,20.64,20.64,20.64,1,1,1,63,63,0,76.9,147,26,20,10,6,0,132.90,280,3,2,256,9.85,12.80,0,0,0,0,0,0,0,0,0.0,0.0,1,0,1,24,0,NA,24,24,100.0%,NA,NA,NA,1,NA,13,27,NA,NA,NA,NA,NA,12,46.2%,2.77,0.0%,46.7%,7.10,NA,30,280,vs GB,29,·,18.7,1.9
13,9756,Jordan Addison,WR,23.7,MIN,41.0,44,50,8.6,6.1,3.6,1,1,1,52,48,0,0.0,0,0,0,0,0,0,0.00,0,0,0,0,0.00,0.00,5,30,2,2,0,10,6,36,7.2,3.6,0,0,0,36,0,NA,0,0,92.3%,NA,NA,NA,0,NA,2,10,0.200,2.0,33,33.3%,1.09,0,NA,NA,NA,NA,NA,0.061,NA,36,@ SEA,9,·,8.4,0.2
13,12530,Travis Hunter,WR,22.4,JAX,999.0,999,999,0,0,0,1,0,0,0,0,0,0.0,0,0,0,0,0,0,0.00,0,0,0,0,0.00,0.00,0,0,0,0,0,0,0,0,0.0,0.0,0,0,0,0,0,NA,0,0,NA,NA,NA,NA,0,NA,0,0,NA,NA,NA,NA,NA,0,NA,NA,NA,NA,NA,NA,NA,0,@ TEN,5,IR,IR,IR
13,5870,Daniel Jones,QB,28.3,IND,17.0,17,17,16.14,16.14,16.14,1,1,1,54,54,1,51.9,143,27,14,7,13,0,101.00,202,1,2,201,7.44,14.36,0,0,0,0,0,0,0,0,0.0,0.0,1,0,0,1,0,NA,1,1,100.0%,NA,NA,NA,0,NA,9,28,NA,NA,NA,NA,NA,9,33.3%,2.61,11.1%,32.1%,8.40,NA,28,202,vs HOU,32,·,20.4,-4.3
13,7526,Jaylen Waddle,WR,26.8,MIA,50.0,48,45,7,5.5,4,1,1,1,60,55,0,0.0,0,0,0,0,0,0,0.00,0,0,0,0,0.00,0.00,3,29,0,3,0,6,11,40,13.3,6.7,0,0,0,40,0,NA,0,0,91.7%,NA,NA,NA,0,NA,3,6,0.500,3.0,25,26.1%,1.60,0,NA,NA,NA,NA,NA,0.120,NA,40,vs NO,17,·,14.0,-7.0
13,6801,Tee Higgins,WR,26.7,CIN,0.0,0,0,0,0,0,0,0,0,0,0,0,0.0,0,0,0,0,0,0,0.00,0,0,0,0,0.00,0.00,0,0,0,0,0,0,0,0,0.0,0.0,0,0,0,0,0,NA,0,0,NA,NA,NA,NA,0,NA,0,0,NA,NA,NA,NA,NA,0,NA,NA,NA,NA,NA,NA,NA,0,@ BAL,11,OUT,OUT,OUT
13,9754,Quentin Johnston,WR,24.1,LAC,30.0,28,27,11.3,9.8,8.3,1,1,0,67,45,0,0.0,0,0,0,0,0,0,0.00,0,0,0,0,0.00,0.00,3,18,0,1,1,3,5,23,7.7,7.7,0,0,0,23,0,NA,0,0,67.2%,NA,NA,NA,0,NA,2,3,0.667,2.0,19,14.3%,1.21,0,NA,NA,NA,NA,NA,0.053,NA,23,vs LV,6,·,12.5,-1.2
13,7525,DeVonta Smith,WR,26.9,PHI,38.0,39,41,9.8,7.3,4.8,1,1,1,54,51,0,0.0,0,0,0,0,0,0,0.00,0,0,0,0,0.00,0.00,5,29,0,2,0,8,19,48,9.6,6.0,0,0,0,48,0,NA,0,0,94.4%,NA,NA,NA,0,NA,2,8,0.250,2.0,30,23.5%,1.60,0,NA,NA,NA,NA,NA,0.067,NA,48,vs CHI,7,·,15.2,-5.4
13,5846,DK Metcalf,WR,27.8,PIT,55.0,56,54,6.2,4.7,3.2,1,1,1,43,37,0,0.0,0,0,0,0,0,0,0.00,0,0,0,0,0.00,0.00,3,16,0,2,0,5,16,32,10.7,6.4,0,0,0,32,0,NA,0,0,86.0%,NA,NA,NA,0,NA,2,5,0.400,2.0,22,20.8%,1.45,0,NA,NA,NA,NA,NA,0.091,NA,32,vs BUF,18,·,12.0,-5.8
13,9997,Zay Flowers,WR,25.0,BAL,106.0,107,108,0.6,-0.4,-1.4,1,1,1,60,57,1,0.0,0,0,0,0,0,0,0.00,0,0,0,0,0.00,0.00,2,7,0,0,0,7,-1,6,3.0,0.9,0,0,0,6,0,NA,0,0,95.0%,NA,NA,NA,0,NA,0,7,0.000,0.0,34,21.9%,0.18,0,NA,NA,NA,NA,NA,0.000,NA,6,vs CIN,23,·,15.8,-15.2
13,12522,Cam Ward,QB,23.3,TEN,28.0,28,28,6.34,6.34,6.34,1,1,1,59,59,1,63.2,92,38,24,4,14,0,70.20,148,3,0,141,3.71,5.88,0,0,0,0,0,0,0,0,0.0,0.0,1,1,1,7,0,NA,7,7,100.0%,NA,NA,NA,1,NA,5,39,NA,NA,NA,NA,NA,4,10.5%,2.82,0.0%,31.0%,6.20,NA,42,148,vs JAX,4,·,15.2,-8.9
13,11638,Ricky Pearsall,WR,25.0,SF,80.0,81,85,3.4,2.4,1.4,1,1,1,67,58,0,0.0,0,0,0,0,0,0,0.00,0,0,0,0,0.00,0.00,2,8,0,1,0,3,6,14,7.0,4.7,0,0,0,14,0,NA,0,0,86.6%,NA,NA,NA,0,NA,1,3,0.333,1.0,29,10.0%,0.48,0,NA,NA,NA,NA,NA,0.034,NA,14,@ CLE,24,·,9.9,-6.5
13,8144,Chris Olave,WR,25.2,NO,18.0,19,19,14.7,12.7,10.7,1,1,1,72,63,0,0.0,0,0,0,0,0,0,0.00,0,0,0,0,0.00,0.00,4,44,1,2,1,7,3,47,11.8,6.7,0,0,0,47,0,NA,0,0,87.5%,NA,NA,NA,0,NA,3,7,0.429,3.0,39,18.4%,1.21,0,NA,NA,NA,NA,NA,0.051,NA,47,@ MIA,27,·,15.9,-1.2
13,11559,Michael Penix Jr.,QB,25.4,ATL,999.0,999,999,0,0,0,1,0,0,0,0,0,0.0,0,0,0,0,0,0,0.00,0,0,0,0,0.00,0.00,0,0,0,0,0,0,0,0,0.0,0.0,0,0,0,0,0,NA,0,0,NA,NA,NA,NA,0,NA,0,0,NA,NA,NA,NA,NA,0,NA,NA,NA,NA,NA,NA,NA,0,@ NYJ,14,IR,IR,IR
13,8151,Kenneth Walker III,RB,24.9,SEA,33.0,35,37,10.4,8.9,7.4,1,1,1,67,37,0,0.0,0,0,0,0,0,0,0.00,56,0,0,0,0.00,0.00,3,-9,0,2,0,4,27,18,6.0,4.5,13,2,3,74,0,48,56,4.31,55.2%,3,3.70,0.231,3,0.601,5,17,0.294,5.0,NA,15.4%,NA,0,NA,NA,NA,NA,NA,NA,NA,74,vs MIN,20,·,11.5,-1.1
13,12501,Matthew Golden,WR,22.2,GB,0.0,0,0,0,0,0,0,0,0,0,0,0,0.0,0,0,0,0,0,0,0.00,0,0,0,0,0.00,0.00,0,0,0,0,0,0,0,0,0.0,0.0,0,0,0,0,0,NA,0,0,NA,NA,NA,NA,0,NA,0,0,NA,NA,NA,NA,NA,0,NA,NA,NA,NA,NA,NA,NA,0,@ DET,8,·,4.6,-4.6
13,5849,Kyler Murray,QB,28.1,ARI,999.0,999,999,0,0,0,1,0,0,0,0,0,0.0,0,0,0,0,0,0,0.00,0,0,0,0,0.00,0.00,0,0,0,0,0,0,0,0,0.0,0.0,0,0,0,0,0,NA,0,0,NA,NA,NA,NA,0,NA,0,0,NA,NA,NA,NA,NA,0,NA,NA,NA,NA,NA,NA,NA,0,@ TB,6,IR,IR,IR
13,11565,J.J. McCarthy,QB,22.7,MIN,0.0,0,0,0,0,0,0,0,0,0,0,0,0.0,0,0,0,0,0,0,0.00,0,0,0,0,0.00,0.00,0,0,0,0,0,0,0,0,0.0,0.0,0,0,0,0,0,NA,0,0,NA,NA,NA,NA,0,NA,0,0,NA,NA,NA,NA,NA,0,NA,NA,NA,NA,NA,NA,NA,0,@ SEA,11,OUT,OUT,OUT
13,7588,Javonte Williams,RB,25.4,DAL,13.0,11,13,17,15.5,14,1,1,1,72,56,0,0.0,0,0,0,0,0,0,0.00,59,0,0,0,0.00,0.00,3,-10,0,1,1,3,31,21,7.0,7.0,17,0,1,80,0,60,59,3.47,77.8%,3,3.50,0.176,1,0.526,3,20,0.150,3.0,NA,7.7%,NA,0,NA,NA,NA,NA,NA,NA,NA,80,vs KC,29,·,16.4,0.6
13,7523,Trevor Lawrence,QB,26.0,JAX,5.0,5,5,21.66,21.66,21.66,1,1,1,63,60,0,59.3,137,27,16,11,11,0,111.50,254,3,2,229,8.48,14.31,0,0,0,0,0,0,0,0,0.0,0.0,3,0,1,25,0,NA,25,8.33,95.2%,NA,NA,NA,1,NA,14,30,NA,NA,NA,NA,NA,13,48.1%,3.02,25.9%,34.4%,11.30,NA,32,254,@ TEN,13,·,20.8,0.9
13,8148,Jameson Williams,WR,24.5,DET,4.0,4,4,26.9,23.4,19.9,1,1,1,63,59,0,0.0,0,0,0,0,0,0,0.00,-5,0,0,0,0.00,0.00,7,57,1,5,1,10,87,144,20.6,14.4,1,1,0,139,0,NA,-5,-5,93.7%,NA,NA,NA,0,NA,6,11,0.545,6.0,29,37.0%,4.97,0,NA,NA,NA,NA,NA,0.172,NA,139,vs GB,25,·,11.9,15.0
13,4943,Sam Darnold,QB,28.3,SEA,30.0,30,30,3.12,3.12,3.12,1,1,1,67,64,2,53.9,18,26,14,8,12,0,67.50,128,4,0,128,4.92,9.14,0,0,0,0,0,0,0,0,0.0,0.0,0,0,0,0,0,NA,0,0,95.5%,NA,NA,NA,0,NA,8,26,NA,NA,NA,NA,NA,8,30.8%,2.47,3.8%,36.7%,3.60,NA,30,128,vs MIN,24,·,19.2,-16.1
13,12533,Jacory Croskey-Merritt,RB,24.5,WAS,64.0,62,59,2,2,2,1,1,0,90,13,0,0.0,0,0,0,0,0,0,0.00,20,0,0,0,0.00,0.00,0,0,0,0,0,0,0,0,0.0,0.0,4,0,1,20,0,13,20,5,14.4%,1,3.20,0.250,1,0.570,1,4,0.250,1.0,NA,0.0%,NA,0,NA,NA,NA,NA,NA,NA,NA,20,vs DEN,27,·,6.5,-4.5
13,12489,RJ Harvey,RB,24.6,DEN,2.0,4,7,21.2,19.7,18.2,1,1,1,70,33,0,0.0,0,0,0,0,0,0,0.00,35,0,0,0,0.00,0.00,3,-1,1,2,0,4,28,27,9.0,6.8,13,0,1,62,2,20,35,2.69,47.1%,3,1.50,0.231,3,0.381,5,17,0.294,5.0,NA,8.9%,NA,0,NA,NA,NA,NA,NA,NA,NA,62,@ WAS,4,·,13.0,8.2
13,7543,Travis Etienne,RB,26.7,JAX,52.0,48,47,5.1,4.6,4.1,1,1,1,63,31,0,0.0,0,0,0,0,0,0,0.00,28,0,0,0,0.00,0.00,1,-4,0,1,0,1,17,13,13.0,13.0,12,0,1,41,0,38,28,2.33,49.2%,1,3.20,0.083,1,0.403,2,13,0.154,2.0,NA,3.7%,NA,0,NA,NA,NA,NA,NA,NA,NA,41,@ TEN,5,·,14.3,-9.2
13,3198,Derrick Henry,RB,31.7,BAL,11.0,10,8,17.4,16.9,16.4,1,1,1,60,24,0,0.0,0,0,0,0,0,0,0.00,60,0,0,0,0.00,0.00,1,2,0,1,0,1,42,44,44.0,44.0,10,1,2,104,1,55,60,6,40.0%,6,5.50,0.600,3,1.150,4,11,0.364,4.0,NA,3.1%,NA,0,NA,NA,NA,NA,NA,NA,NA,104,vs CIN,1,·,18.1,-0.7
13,9224,Chase Brown,RB,25.5,CIN,10.0,15,22,18.3,14.8,11.3,1,1,1,83,50,0,0.0,0,0,0,0,0,0,0.00,78,0,0,0,0.00,0.00,7,-11,0,1,0,7,46,35,5.0,5.0,15,1,4,113,0,53,78,5.2,60.2%,5,3.50,0.333,4,0.683,5,22,0.227,5.0,NA,15.2%,NA,0,NA,NA,NA,NA,NA,NA,NA,113,@ BAL,14,·,14.5,3.8
13,8110,Jake Ferguson,TE,26.7,DAL,18.0,20,23,8.6,6.1,3.6,1,1,0,72,51,0,0.0,0,0,0,0,0,0,0.00,0,0,0,0,0.00,0.00,5,6,0,2,0,6,30,36,7.2,6.0,0,0,0,36,0,NA,0,0,70.8%,NA,NA,NA,0,NA,2,6,0.333,2.0,27,15.4%,1.33,0,NA,NA,NA,NA,NA,0.074,NA,36,vs KC,24,·,11.3,-2.7
13,5045,Courtland Sutton,WR,30.0,DEN,16.0,15,15,17.2,14.7,12.2,1,1,1,70,57,0,0.0,0,0,0,0,0,0,0.00,0,0,0,0,0.00,0.00,5,53,0,2,1,6,9,62,12.4,10.3,0,0,0,62,0,NA,0,0,81.4%,NA,NA,NA,0,NA,3,6,0.500,3.0,39,13.3%,1.59,0,NA,NA,NA,NA,NA,0.051,NA,62,@ WAS,3,·,12.5,4.7
13,12506,Harold Fannin,TE,21.2,CLE,12.0,10,7,11.3,9.8,8.3,1,1,1,63,58,1,0.0,0,0,0,0,0,0,0.00,0,0,0,0,0.00,0.00,3,24,1,0,1,5,19,43,14.3,8.6,1,0,0,43,0,NA,0,0,92.1%,NA,NA,NA,0,NA,1,6,0.167,1.0,27,19.2%,1.59,0,NA,NA,NA,NA,NA,0.000,NA,43,vs SF,4,·,9.7,1.6
13,4217,George Kittle,TE,32.0,SF,15.0,15,14,10.7,8.7,6.7,1,1,1,67,58,0,0.0,0,0,0,0,0,0,0.00,0,0,0,0,0.00,0.00,4,60,0,3,0,5,7,67,16.8,13.4,0,0,0,67,0,NA,0,0,86.6%,NA,NA,NA,0,NA,3,5,0.600,3.0,28,16.7%,2.39,0,NA,NA,NA,NA,NA,0.107,NA,67,@ CLE,16,·,13.6,-2.9
13,2133,Davante Adams,WR,32.8,LAR,9.0,7,5,21.8,19.8,17.8,1,1,1,52,39,0,0.0,0,0,0,0,0,0,0.00,0,0,0,0,0.00,0.00,4,44,0,2,2,5,14,58,14.5,11.6,0,0,0,58,0,NA,0,0,75.0%,NA,NA,NA,0,NA,4,5,0.800,4.0,22,17.9%,2.64,0,NA,NA,NA,NA,NA,0.091,NA,58,@ CAR,31,·,15.8,6.0
13,12517,Colston Loveland,TE,21.5,CHI,28.0,28,26,5.8,4.3,2.8,1,1,0,87,51,0,0.0,0,0,0,0,0,0,0.00,0,0,0,0,0.00,0.00,3,27,0,2,0,6,1,28,9.3,4.7,0,0,0,28,0,NA,0,0,58.6%,NA,NA,NA,0,NA,2,6,0.333,2.0,23,16.7%,1.22,0,NA,NA,NA,NA,NA,0.087,NA,28,@ PHI,31,·,8.4,-2.6
13,12519,Luther Burden,WR,21.8,CHI,45.0,47,48,7.6,5.6,3.6,1,1,1,87,44,0,0.0,0,0,0,0,0,0,0.00,3,0,0,0,0.00,0.00,4,9,0,1,0,6,24,33,8.3,5.5,1,0,0,36,0,NA,3,3,50.6%,NA,NA,NA,0,NA,1,7,0.143,1.0,23,16.7%,1.43,0,NA,NA,NA,NA,NA,0.043,NA,36,@ PHI,16,·,7.3,0.3
13,9228,Bryce Young,QB,24.2,CAR,4.0,4,4,22.54,22.54,22.54,1,1,1,64,64,0,75.0,53,20,15,5,5,0,147.10,229,2,3,206,10.30,13.73,0,0,0,0,0,0,0,0,0.0,0.0,5,1,1,23,0,NA,23,4.6,100.0%,NA,NA,NA,1,NA,9,25,NA,NA,NA,NA,NA,8,40.0%,2.83,15.0%,29.2%,6.50,NA,24,229,vs LAR,26,·,16.9,5.6
13,8408,Jordan Mason,RB,26.4,MIN,46.0,46,44,5.8,5.3,4.8,1,1,0,52,15,1,0.0,0,0,0,0,0,0,0.00,47,0,0,0,0.00,0.00,1,-5,0,0,0,1,6,1,1.0,1.0,6,0,2,48,0,34,47,7.83,28.8%,1,5.60,0.167,2,0.727,2,7,0.286,2.0,NA,3.3%,NA,0,NA,NA,NA,NA,NA,NA,NA,48,@ SEA,19,·,6.1,-0.3
13,6819,Michael Pittman,WR,28.0,IND,88.0,86,86,2.3,1.8,1.3,1,1,1,54,45,0,0.0,0,0,0,0,0,0,0.00,0,0,0,0,0.00,0.00,1,12,1,1,0,4,1,13,13.0,3.3,0,0,0,13,0,NA,0,0,83.3%,NA,NA,NA,0,NA,1,4,0.250,1.0,24,14.8%,0.54,0,NA,NA,NA,NA,NA,0.042,NA,13,vs HOU,29,·,12.6,-10.3
13,8228,Jaylen Warren,RB,26.9,PIT,23.0,24,26,12.4,11.4,10.4,1,1,1,43,24,0,0.0,0,0,0,0,0,0,0.00,35,0,0,0,0.00,0.00,2,-8,0,0,0,4,17,9,4.5,2.3,10,0,3,44,1,23,35,3.5,55.8%,3,2.30,0.300,4,0.530,4,14,0.286,4.0,NA,16.7%,NA,0,NA,NA,NA,NA,NA,NA,NA,44,vs BUF,3,·,14.0,-1.6
13,10236,Dalton Kincaid,TE,25.9,BUF,0.0,0,0,0,0,0,0,0,0,0,0,0,0.0,0,0,0,0,0,0,0.00,0,0,0,0,0.00,0.00,0,0,0,0,0,0,0,0,0.0,0.0,0,0,0,0,0,NA,0,0,NA,NA,NA,NA,0,NA,0,0,NA,NA,NA,NA,NA,0,NA,NA,NA,NA,NA,NA,NA,0,@ PIT,5,OUT,OUT,OUT
13,5892,David Montgomery,RB,28.3,DET,22.0,22,24,12.8,11.8,10.8,1,1,0,63,24,1,0.0,0,1,0,0,1,0,39.60,32,0,0,0,0.00,0.00,2,5,0,1,0,2,11,16,8.0,8.0,8,0,2,48,1,21,32,4,38.1%,0,2.60,0.000,3,0.260,4,11,0.364,4.0,NA,7.4%,NA,0,0.0%,NA,NA,NA,NA,NA,NA,48,vs GB,23,·,9.1,3.7
13,11589,Trey Benson,RB,23.2,ARI,999.0,999,999,0,0,0,1,0,0,0,0,0,0.0,0,0,0,0,0,0,0.00,0,0,0,0,0.00,0.00,0,0,0,0,0,0,0,0,0.0,0.0,0,0,0,0,0,NA,0,0,NA,NA,NA,NA,0,NA,0,0,NA,NA,NA,NA,NA,0,NA,NA,NA,NA,NA,NA,NA,0,@ TB,11,IR,IR,IR
13,9753,Zach Charbonnet,RB,24.7,SEA,29.0,25,23,11.2,11.2,11.2,1,1,0,67,26,0,0.0,0,0,0,0,0,0,0.00,52,0,0,0,0.00,0.00,0,0,0,0,0,0,0,0,0.0,0.0,14,2,3,52,1,70,52,3.71,38.8%,7,5.00,0.500,4,1.000,4,14,0.286,4.0,NA,0.0%,NA,0,NA,NA,NA,NA,NA,NA,NA,52,vs MIN,20,·,8.4,2.8
13,7553,Kyle Pitts,TE,25.0,ATL,5.0,6,8,15.2,11.7,8.2,1,1,1,69,63,0,0.0,0,0,0,0,0,0,0.00,0,0,0,0,0.00,0.00,7,22,0,5,0,8,60,82,11.7,10.3,0,0,0,82,0,NA,0,0,91.3%,NA,NA,NA,0,NA,5,8,0.625,5.0,30,24.2%,2.73,0,NA,NA,NA,NA,NA,0.167,NA,82,@ NYJ,18,·,9.9,5.3
13,7594,Chuba Hubbard,RB,26.3,CAR,5.0,6,6,20.4,19.4,18.4,1,1,0,64,38,0,0.0,0,0,0,0,0,0,0.00,83,0,0,0,0.00,0.00,2,-5,0,0,1,2,46,41,20.5,20.5,17,0,6,124,0,54,83,4.88,59.4%,2,3.20,0.118,6,0.438,7,19,0.368,7.0,NA,10.0%,NA,0,NA,NA,NA,NA,NA,NA,NA,124,vs LAR,31,·,3.2,17.2
13,5927,Terry McLaurin,WR,30.0,WAS,8.0,9,9,22.6,19.1,15.6,1,1,1,90,46,0,0.0,0,0,0,0,0,0,0.00,0,0,0,0,0.00,0.00,7,88,1,5,1,14,8,96,13.7,6.9,0,0,0,96,0,NA,0,0,51.1%,NA,NA,NA,0,NA,6,14,0.429,6.0,32,28.0%,3.00,0,NA,NA,NA,NA,NA,0.156,NA,96,vs DEN,32,·,12.2,10.4
13,6806,J.K. Dobbins,RB,26.8,DEN,999.0,999,999,0,0,0,1,0,0,0,0,0,0.0,0,0,0,0,0,0,0.00,0,0,0,0,0.00,0.00,0,0,0,0,0,0,0,0,0.0,0.0,0,0,0,0,0,NA,0,0,NA,NA,NA,NA,0,NA,0,0,NA,NA,NA,NA,NA,0,NA,NA,NA,NA,NA,NA,NA,0,@ WAS,4,IR,IR,IR
13,7021,Rico Dowdle,RB,27.3,CAR,37.0,36,36,9.9,8.9,7.9,1,1,1,64,27,0,0.0,0,0,0,0,0,0,0.00,58,0,0,0,0.00,0.00,2,-11,0,1,0,2,32,21,10.5,10.5,18,1,2,79,0,50,58,3.22,42.2%,5,2.80,0.278,2,0.558,3,20,0.150,3.0,NA,10.0%,NA,0,NA,NA,NA,NA,NA,NA,NA,79,vs LAR,31,·,14.2,-4.3
13,11637,Keon Coleman,WR,22.4,BUF,40.0,38,36,8.9,7.9,6.9,1,1,0,74,33,0,0.0,0,0,0,0,0,0,0.00,0,0,0,0,0.00,0.00,2,3,1,0,1,3,6,9,4.5,3.0,0,0,0,9,0,NA,0,0,44.6%,NA,NA,NA,0,NA,1,3,0.333,1.0,12,13.0%,0.75,0,NA,NA,NA,NA,NA,0.000,NA,9,@ PIT,2,·,2.8,6.1
13,6790,D'Andre Swift,RB,26.7,CHI,3.0,2,2,20.8,20.3,19.8,1,1,1,87,46,0,0.0,0,0,0,0,0,0,0.00,125,0,0,0,0.00,0.00,1,-5,0,1,0,2,18,13,13.0,6.5,18,1,5,138,1,95,125,6.94,52.9%,5,5.30,0.278,6,0.808,7,20,0.350,7.0,NA,5.6%,NA,0,NA,NA,NA,NA,NA,NA,NA,138,@ PHI,16,·,11.0,9.8
13,4983,D.J. Moore,WR,28.4,CHI,68.0,64,60,4.7,3.7,2.7,1,1,1,87,79,0,0.0,0,0,0,0,0,0,0.00,10,0,0,0,0.00,0.00,2,11,0,2,0,5,6,17,8.5,3.4,1,0,1,27,0,NA,10,10,90.8%,NA,NA,NA,1,NA,3,6,0.500,3.0,37,13.9%,0.46,0,NA,NA,NA,NA,NA,0.054,NA,27,@ PHI,16,·,8.7,-4.0
13,12474,Woody Marks,RB,24.8,HOU,42.0,41,39,7.7,7.2,6.7,1,1,1,76,41,1,0.0,0,0,0,0,0,0,0.00,64,0,0,0,0.00,0.00,1,-3,0,0,0,1,6,3,3.0,3.0,19,0,3,67,0,53,64,3.37,53.9%,1,2.80,0.053,3,0.333,3,20,0.150,3.0,NA,2.9%,NA,0,NA,NA,NA,NA,NA,NA,NA,67,@ IND,21,·,12.4,-4.7
13,5872,Deebo Samuel,WR,29.7,WAS,32.0,36,40,11.1,8.6,6.1,1,1,1,90,63,1,0.0,0,0,0,0,0,0,0.00,-3,0,0,0,0.00,0.00,5,43,0,3,0,7,21,64,12.8,9.1,2,0,0,61,0,NA,-3,-1.5,70.0%,NA,NA,NA,0,NA,3,9,0.333,3.0,40,14.0%,1.60,0,NA,NA,NA,NA,NA,0.075,NA,61,vs DEN,32,·,12.5,-1.4
13,12499,Elic Ayomanor,WR,22.3,TEN,98.0,98,98,1.5,1,0.5,1,1,1,59,50,0,0.0,0,0,0,0,0,0,0.00,0,0,0,0,0.00,0.00,1,5,1,0,0,5,0,5,5.0,1.0,0,0,0,5,0,NA,0,0,84.7%,NA,NA,NA,0,NA,0,5,0.000,0.0,35,13.2%,0.14,0,NA,NA,NA,NA,NA,0.000,NA,5,vs JAX,13,·,7.4,-5.9
13,7591,Justin Fields,QB,26.6,NYJ,999.0,999,999,0,0,0,1,0,0,66,0,0,0.0,0,0,0,0,0,0,0.00,0,0,0,0,0.00,0.00,0,0,0,0,0,0,0,0,0.0,0.0,0,0,0,0,0,NA,0,0,0.0%,NA,NA,NA,0,NA,0,0,NA,NA,NA,NA,NA,0,NA,NA,NA,NA,NA,NA,NA,0,vs ATL,21,·,·,·
13,12490,Bhayshul Tuten,RB,22.6,JAX,40.0,39,35,8.9,8.4,7.9,1,1,0,63,18,0,0.0,0,0,0,0,0,0,0.00,17,0,0,0,0.00,0.00,1,2,0,0,0,1,0,2,2.0,2.0,8,0,0,19,1,27,17,2.13,28.6%,1,3.40,0.125,1,0.465,1,9,0.111,1.0,NA,3.7%,NA,0,NA,NA,NA,NA,NA,NA,NA,19,@ TEN,5,·,7.5,1.4
13,9500,Josh Downs,WR,24.1,IND,53.0,49,42,6.4,5.4,4.4,1,1,0,54,31,0,0.0,0,0,0,0,0,0,0.00,0,0,0,0,0.00,0.00,2,39,2,2,0,6,5,44,22.0,7.3,0,0,0,44,0,NA,0,0,57.4%,NA,NA,NA,0,NA,2,6,0.333,2.0,18,22.2%,2.44,0,NA,NA,NA,NA,NA,0.111,NA,44,vs HOU,29,·,9.3,-2.9
13,2216,Mike Evans,WR,32.1,TB,999.0,999,999,0,0,0,1,0,0,0,0,0,0.0,0,0,0,0,0,0,0.00,0,0,0,0,0.00,0.00,0,0,0,0,0,0,0,0,0.0,0.0,0,0,0,0,0,NA,0,0,NA,NA,NA,NA,0,NA,0,0,NA,NA,NA,NA,NA,0,NA,NA,NA,NA,NA,NA,NA,0,vs ARI,20,IR,IR,IR
13,4035,Alvin Kamara,RB,30.2,NO,0.0,0,0,0,0,0,0,0,0,0,0,0,0.0,0,0,0,0,0,0,0.00,0,0,0,0,0.00,0.00,0,0,0,0,0,0,0,0,0.0,0.0,0,0,0,0,0,NA,0,0,NA,NA,NA,NA,0,NA,0,0,NA,NA,NA,NA,NA,0,NA,NA,NA,NA,NA,NA,NA,0,@ MIA,9,OUT,OUT,OUT
13,421,Matthew Stafford,QB,37.6,LAR,20.0,20,20,13.62,13.62,13.62,1,1,1,52,52,1,64.3,119,28,18,10,10,2,85.90,242,2,2,243,8.68,13.50,0,0,0,0,0,0,0,0,0.0,0.0,1,0,0,-1,0,NA,-1,-1,100.0%,NA,NA,NA,0,NA,12,29,NA,NA,NA,NA,NA,12,42.9%,2.98,10.7%,13.3%,8.20,NA,30,242,@ CAR,25,·,20.7,-7.1
13,12484,Jayden Higgins,WR,22.8,HOU,27.0,35,38,11.5,9,6.5,1,1,1,76,44,0,0.0,0,0,0,0,0,0,0.00,0,0,0,0,0.00,0.00,5,47,0,4,0,5,18,65,13.0,13.0,0,0,0,65,0,NA,0,0,57.9%,NA,NA,NA,0,NA,4,5,0.800,4.0,23,14.3%,2.83,0,NA,NA,NA,NA,NA,0.174,NA,65,@ IND,10,·,9.7,1.8
13,8134,Khalil Shakir,WR,25.6,BUF,100.0,100,100,1.5,1,0.5,1,1,1,74,36,0,0.0,0,0,0,0,0,0,0.00,0,0,0,0,0.00,0.00,1,5,1,0,0,4,0,5,5.0,1.3,0,0,0,5,0,NA,0,0,48.6%,NA,NA,NA,0,NA,0,4,0.000,0.0,13,17.4%,0.38,0,NA,NA,NA,NA,NA,0.000,NA,5,@ PIT,2,·,12.9,-11.4
13,6803,Brandon Aiyuk,WR,27.5,SF,999.0,999,999,0,0,0,1,0,0,0,0,0,0.0,0,0,0,0,0,0,0.00,0,0,0,0,0.00,0.00,0,0,0,0,0,0,0,0,0.0,0.0,0,0,0,0,0,NA,0,0,NA,NA,NA,NA,0,NA,0,0,NA,NA,NA,NA,NA,0,NA,NA,NA,NA,NA,NA,NA,0,@ CLE,24,PUP,PUP,PUP
13,12498,Mason Taylor,TE,21.4,NYJ,33.0,34,34,4.1,3.1,2.1,1,1,1,66,55,0,0.0,0,0,0,0,0,0,0.00,0,0,0,0,0.00,0.00,2,15,1,2,0,4,6,21,10.5,5.3,0,0,0,21,0,NA,0,0,83.3%,NA,NA,NA,0,NA,2,4,0.500,2.0,24,12.1%,0.88,0,NA,NA,NA,NA,NA,0.083,NA,21,vs ATL,30,·,8.7,-4.6
13,10222,Jayden Reed,WR,25.4,GB,999.0,999,999,0,0,0,1,0,0,0,0,0,0.0,0,0,0,0,0,0,0.00,0,0,0,0,0.00,0.00,0,0,0,0,0,0,0,0,0.0,0.0,0,0,0,0,0,NA,0,0,NA,NA,NA,NA,0,NA,0,0,NA,NA,NA,NA,NA,0,NA,NA,NA,NA,NA,NA,NA,0,@ DET,8,IR,IR,IR
13,5844,T.J. Hockenson,TE,28.2,MIN,11.0,14,15,11.9,8.9,5.9,1,1,1,52,41,0,0.0,0,0,0,0,0,0,0.00,0,0,0,0,0.00,0.00,6,27,0,3,0,6,32,59,9.8,9.8,0,0,0,59,0,NA,0,0,78.8%,NA,NA,NA,0,NA,3,6,0.500,3.0,25,20.0%,2.36,0,NA,NA,NA,NA,NA,0.120,NA,59,@ SEA,13,·,7.2,4.7
13,6783,Jerry Jeudy,WR,26.4,CLE,59.0,58,63,5.6,4.1,2.6,1,1,1,63,53,0,0.0,0,0,0,0,0,0,0.00,0,0,0,0,0.00,0.00,3,24,0,1,0,4,2,26,8.7,6.5,0,0,0,26,0,NA,0,0,84.1%,NA,NA,NA,0,NA,1,4,0.250,1.0,25,15.4%,1.04,0,NA,NA,NA,NA,NA,0.040,NA,26,vs SF,22,·,7.9,-2.3
13,8126,Wan'Dale Robinson,WR,24.7,NYG,34.0,42,52,10.4,6.9,3.4,1,1,1,55,55,0,0.0,0,0,0,0,0,0,0.00,0,0,0,0,0.00,0.00,7,13,0,0,0,8,21,34,4.9,4.3,0,0,0,34,0,NA,0,0,100.0%,NA,NA,NA,0,NA,0,8,0.000,0.0,26,33.3%,1.31,0,NA,NA,NA,NA,NA,0.000,NA,34,@ NE,14,·,13.2,-2.8
13,8121,Romeo Doubs,WR,25.5,GB,25.0,26,30,12,10,8,1,1,1,63,53,1,0.0,0,0,0,0,0,0,0.00,0,0,0,0,0.00,0.00,4,11,0,0,1,4,9,20,5.0,5.0,0,0,0,20,0,NA,0,0,84.1%,NA,NA,NA,0,NA,1,4,0.250,1.0,24,13.3%,0.83,0,NA,NA,NA,NA,NA,0.000,NA,20,@ DET,8,·,10.4,1.6
13,5947,Jakobi Meyers,WR,28.9,JAX,11.0,11,11,21.3,18.3,15.3,1,1,1,63,58,0,0.0,0,0,0,0,0,0,0.00,3,0,0,0,0.00,0.00,6,45,0,3,1,6,45,90,15.0,15.0,1,0,0,93,0,NA,3,3,92.1%,NA,NA,NA,0,NA,4,7,0.571,4.0,28,22.2%,3.21,0,NA,NA,NA,NA,NA,0.107,NA,93,@ TEN,5,·,10.7,10.6
13,12504,Kaleb Johnson,RB,22.1,PIT,75.0,75,75,0.3,0.3,0.3,1,1,0,43,3,0,0.0,0,0,0,0,0,0,0.00,3,0,0,0,0.00,0.00,0,0,0,0,0,0,0,0,0.0,0.0,2,0,0,3,0,NA,3,1.5,7.0%,NA,NA,NA,0,NA,0,2,0.000,0.0,NA,NA,NA,0,NA,NA,NA,NA,NA,NA,NA,3,vs BUF,3,·,1.2,-0.9
13,12497,Tory Horton,WR,22.8,SEA,999.0,999,999,0,0,0,1,0,0,0,0,0,0.0,0,0,0,0,0,0,0.00,0,0,0,0,0.00,0.00,0,0,0,0,0,0,0,0,0.0,0.0,0,0,0,0,0,NA,0,0,NA,NA,NA,NA,0,NA,0,0,NA,NA,NA,NA,NA,0,NA,NA,NA,NA,NA,NA,NA,0,vs MIN,28,IR,IR,IR
13,11627,Troy Franklin,WR,22.6,DEN,74.0,76,72,4.1,3.1,2.1,1,1,0,70,37,0,0.0,0,0,0,0,0,0,0.00,0,0,0,0,0.00,0.00,2,21,1,1,0,3,0,21,10.5,7.0,0,0,0,21,0,NA,0,0,52.9%,NA,NA,NA,0,NA,1,3,0.333,1.0,30,6.7%,0.70,0,NA,NA,NA,NA,NA,0.033,NA,21,@ WAS,3,·,10.3,-6.2
13,8676,Rashid Shaheed,WR,27.1,SEA,84.0,83,81,2.6,2.1,1.6,1,1,0,67,32,0,0.0,0,0,0,0,0,0,0.00,9,0,0,0,0.00,0.00,1,6,0,0,0,3,1,7,7.0,2.3,1,0,0,16,0,NA,9,9,47.8%,NA,NA,NA,0,NA,0,4,0.000,0.0,19,11.5%,0.37,0,NA,NA,NA,NA,NA,0.000,NA,16,vs MIN,28,·,7.6,-5.0
13,4037,Chris Godwin,WR,29.6,TB,33.0,33,31,10.8,9.3,7.8,1,1,1,61,40,0,0.0,0,0,0,0,0,0,0.00,0,0,0,0,0.00,0.00,3,33,1,3,0,5,45,78,26.0,15.6,0,0,0,78,0,NA,0,0,65.6%,NA,NA,NA,0,NA,3,5,0.600,3.0,19,17.9%,4.11,0,NA,NA,NA,NA,NA,0.158,NA,78,vs ARI,20,·,6.4,4.4
13,12495,Ollie Gordon,RB,21.7,MIA,71.0,70,68,1,1,1,1,1,0,60,16,0,0.0,0,0,0,0,0,0,0.00,10,0,0,0,0.00,0.00,0,0,0,0,0,0,0,0,0.0,0.0,3,0,0,10,0,NA,10,3.33,26.7%,NA,NA,NA,0,NA,0,3,0.000,0.0,NA,NA,NA,0,NA,NA,NA,NA,NA,NA,NA,10,vs NO,17,·,5.2,-4.2
13,5967,Tony Pollard,RB,28.4,TEN,51.0,47,46,5.3,4.8,4.3,1,1,1,59,27,1,0.0,0,0,0,0,0,0,0.00,60,0,0,0,0.00,0.00,1,-1,1,0,0,2,4,3,3.0,1.5,10,0,4,63,0,45,60,6,45.8%,3,4.50,0.300,4,0.750,4,12,0.333,4.0,NA,5.3%,NA,0,NA,NA,NA,NA,NA,NA,NA,63,vs JAX,28,·,8.5,-3.2
13,12535,Isaac TeSlaa,WR,23.6,DET,26.0,24,23,11.5,10.5,9.5,1,1,0,63,58,0,0.0,0,0,0,0,0,0,0.00,0,0,0,0,0.00,0.00,2,34,0,1,1,2,1,35,17.5,17.5,0,0,0,35,0,NA,0,0,92.1%,NA,NA,NA,0,NA,2,2,1.000,2.0,29,7.4%,1.21,0,NA,NA,NA,NA,NA,0.034,NA,35,vs GB,25,·,1.7,9.8
13,9504,Kayshon Boutte,WR,23.4,NE,22.0,22,24,13.5,11.5,9.5,1,1,1,65,49,0,0.0,0,0,0,0,0,0,0.00,0,0,0,0,0.00,0.00,4,30,0,1,1,5,5,35,8.8,7.0,0,0,0,35,0,NA,0,0,75.4%,NA,NA,NA,0,NA,2,5,0.400,2.0,25,16.1%,1.40,0,NA,NA,NA,NA,NA,0.040,NA,35,vs NYG,4,·,9.6,3.9
13,6768,Tua Tagovailoa,QB,27.6,MIA,29.0,29,29,5.68,5.68,5.68,1,1,1,60,60,1,52.2,77,23,12,8,11,1,55.90,161,4,0,157,6.83,13.08,0,0,0,0,0,0,0,0,0.0,0.0,4,0,0,4,0,NA,4,1,100.0%,NA,NA,NA,0,NA,8,27,NA,NA,NA,NA,NA,8,34.8%,2.89,17.4%,32.1%,10.40,NA,28,161,vs NO,20,·,17.8,-12.1
13,9480,Brenton Strange,TE,24.8,JAX,7.0,5,5,13.5,12,10.5,1,1,1,63,53,0,0.0,0,0,0,0,0,0,0.00,0,0,0,0,0.00,0.00,3,33,0,2,1,4,12,45,15.0,11.3,0,0,0,45,0,NA,0,0,84.1%,NA,NA,NA,0,NA,3,4,0.750,3.0,22,14.8%,2.05,0,NA,NA,NA,NA,NA,0.091,NA,45,@ TEN,26,·,10.1,3.4
13,4033,David Njoku,TE,29.2,CLE,45.0,49,55,2.4,1.4,0.4,1,1,1,63,32,0,0.0,0,0,0,0,0,0,0.00,0,0,0,0,0.00,0.00,2,2,0,0,0,2,2,4,2.0,2.0,0,0,0,4,0,NA,0,0,50.8%,NA,NA,NA,0,NA,0,2,0.000,0.0,11,7.7%,0.36,0,NA,NA,NA,NA,NA,0.000,NA,4,vs SF,4,·,9.4,-7.0
13,8131,Isaiah Likely,TE,25.4,BAL,9.0,9,11,12.5,10,7.5,1,1,0,60,31,1,0.0,0,0,0,0,0,0,0.00,0,0,0,0,0.00,0.00,5,53,0,1,0,6,42,95,19.0,15.8,0,0,0,95,0,NA,0,0,51.7%,NA,NA,NA,0,NA,1,6,0.167,1.0,21,18.8%,4.52,0,NA,NA,NA,NA,NA,0.048,NA,95,vs CIN,1,·,7.0,5.5
13,10213,Tre Tucker,WR,24.6,LV,63.0,67,74,5,3.5,2,1,1,1,48,46,0,0.0,0,0,0,0,0,0,0.00,0,0,0,0,0.00,0.00,3,14,0,1,0,3,6,20,6.7,6.7,0,0,0,20,0,NA,0,0,95.8%,NA,NA,NA,0,NA,1,3,0.333,1.0,27,13.0%,0.74,0,NA,NA,NA,NA,NA,0.037,NA,20,@ LAC,30,·,10.5,-5.5
13,1479,Keenan Allen,WR,33.4,LAC,49.0,52,57,7,5,3,1,1,0,67,40,0,0.0,0,0,0,0,0,0,0.00,0,0,0,0,0.00,0.00,4,30,0,3,0,5,0,30,7.5,6.0,0,0,0,30,0,NA,0,0,59.7%,NA,NA,NA,0,NA,3,5,0.600,3.0,22,23.8%,1.36,0,NA,NA,NA,NA,NA,0.136,NA,30,vs LV,6,·,11.7,-4.7
13,7049,Jauan Jennings,WR,28.2,SF,21.0,21,22,13.9,11.9,9.9,1,1,1,67,54,0,0.0,0,0,0,0,0,0,0.00,0,0,0,0,0.00,0.00,4,37,0,3,1,6,2,39,9.8,6.5,0,0,0,39,0,NA,0,0,80.6%,NA,NA,NA,0,NA,4,6,0.667,4.0,28,20.0%,1.39,0,NA,NA,NA,NA,NA,0.107,NA,39,@ CLE,24,·,11.1,2.8
13,5022,Dallas Goedert,TE,30.7,PHI,31.0,30,28,4.7,3.7,2.7,1,1,1,54,48,0,0.0,0,0,0,0,0,0,0.00,0,0,0,0,0.00,0.00,2,22,0,1,0,4,5,27,13.5,6.8,0,0,0,27,0,NA,0,0,88.9%,NA,NA,NA,0,NA,1,4,0.250,1.0,27,11.8%,1.00,0,NA,NA,NA,NA,NA,0.037,NA,27,vs CHI,10,·,11.4,-6.7
13,8132,Tyler Allgeier,RB,25.4,ATL,20.0,21,20,13.5,12.5,11.5,1,1,0,69,17,0,0.0,0,0,0,0,0,0,0.00,20,0,0,0,0.00,0.00,2,-4,0,1,0,2,39,35,17.5,17.5,8,0,1,55,1,15,20,2.5,24.6%,1,1.90,0.125,2,0.315,3,10,0.300,3.0,NA,6.1%,NA,0,NA,NA,NA,NA,NA,NA,NA,55,@ NYJ,10,·,7.0,6.5
13,8136,Rachaad White,RB,26.7,TB,45.0,50,53,5.9,4.4,2.9,1,1,1,61,23,0,0.0,0,0,0,0,0,0,0.00,7,0,0,0,0.00,0.00,3,-13,0,0,0,3,35,22,7.3,7.3,2,0,0,29,0,8,7,3.5,37.7%,2,4.00,1.000,0,1.400,0,5,0.000,0.0,NA,10.7%,NA,0,NA,NA,NA,NA,NA,NA,NA,29,vs ARI,7,·,5.6,0.3
13,2449,Stefon Diggs,WR,31.8,NE,60.0,59,64,5.6,4.1,2.6,1,1,1,65,31,0,0.0,0,0,0,0,0,0,0.00,0,0,0,0,0.00,0.00,3,8,0,2,0,4,18,26,8.7,6.5,0,0,0,26,0,NA,0,0,47.7%,NA,NA,NA,0,NA,2,4,0.500,2.0,21,12.9%,1.24,0,NA,NA,NA,NA,NA,0.095,NA,26,vs NYG,4,·,13.4,-7.8
13,11576,Braelon Allen,RB,21.7,NYJ,999.0,999,999,0,0,0,1,0,0,0,0,0,0.0,0,0,0,0,0,0,0.00,0,0,0,0,0.00,0.00,0,0,0,0,0,0,0,0,0.0,0.0,0,0,0,0,0,NA,0,0,NA,NA,NA,NA,0,NA,0,0,NA,NA,NA,NA,NA,0,NA,NA,NA,NA,NA,NA,NA,0,vs ATL,6,IR,IR,IR
13,9508,Tyjae Spears,RB,24.3,TEN,41.0,45,56,8.4,5.4,2.4,1,1,0,59,28,0,0.0,0,0,0,0,0,0,0.00,-1,0,0,0,0.00,0.00,6,4,0,2,0,6,21,25,4.2,4.2,2,0,0,24,0,4,-1,-0.5,47.5%,2,2.00,1.000,0,1.200,2,8,0.250,2.0,NA,15.8%,NA,0,NA,NA,NA,NA,NA,NA,NA,24,vs JAX,28,·,9.4,-1.0
13,9494,Marvin Mims,WR,23.5,DEN,77.0,78,79,3.7,2.7,1.7,1,1,0,70,23,0,0.0,0,0,0,0,0,0,0.00,9,0,0,0,0.00,0.00,2,-2,0,1,0,2,10,8,4.0,4.0,1,0,0,17,0,NA,9,9,32.9%,NA,NA,NA,0,NA,1,3,0.333,1.0,18,4.4%,0.44,0,NA,NA,NA,NA,NA,0.056,NA,17,@ WAS,3,·,4.5,-0.8
13,9757,Kendre Miller,RB,23.3,NO,999.0,999,999,0,0,0,1,0,0,0,0,0,0.0,0,0,0,0,0,0,0.00,0,0,0,0,0.00,0.00,0,0,0,0,0,0,0,0,0.0,0.0,0,0,0,0,0,NA,0,0,NA,NA,NA,NA,0,NA,0,0,NA,NA,NA,NA,NA,0,NA,NA,NA,NA,NA,NA,NA,0,@ MIA,9,IR,IR,IR
13,12509,Tre Harris,WR,23.6,LAC,56.0,57,56,6,4.5,3,1,1,1,67,34,0,0.0,0,0,0,0,0,0,0.00,0,0,0,0,0.00,0.00,3,10,0,2,0,4,20,30,10.0,7.5,0,0,0,30,0,NA,0,0,50.7%,NA,NA,NA,0,NA,2,4,0.500,2.0,10,19.0%,3.00,0,NA,NA,NA,NA,NA,0.200,NA,30,vs LV,6,·,3.3,2.7
13,12521,Elijah Arroyo,TE,22.5,SEA,999.0,999,999,0,0,0,1,1,1,67,25,0,0.0,0,0,0,0,0,0,0.00,0,0,0,0,0.00,0.00,0,0,0,0,0,2,0,0,0.0,0.0,0,0,0,0,0,NA,0,0,37.3%,NA,NA,NA,0,NA,0,2,0.000,0.0,NA,NA,NA,0,NA,NA,NA,NA,NA,NA,NA,0,vs MIN,12,·,3.2,-3.2
13,12469,Dylan Sampson,RB,21.0,CLE,62.0,61,57,2.3,2.3,2.3,1,1,0,63,12,0,0.0,0,0,0,0,0,0,0.00,23,0,0,0,0.00,0.00,0,0,0,0,0,0,0,0,0.0,0.0,4,1,1,23,0,18,23,5.75,19.0%,1,4.50,0.250,1,0.700,1,4,0.250,1.0,NA,0.0%,NA,0,NA,NA,NA,NA,NA,NA,NA,23,vs SF,26,·,5.5,-3.2
13,11562,Spencer Rattler,QB,25.0,NO,999.0,999,999,0,0,0,1,0,0,72,0,0,0.0,0,0,0,0,0,0,0.00,0,0,0,0,0.00,0.00,0,0,0,0,0,0,0,0,0.0,0.0,0,0,0,0,0,NA,0,0,0.0%,NA,NA,NA,0,NA,0,0,NA,NA,NA,NA,NA,0,NA,NA,NA,NA,NA,NA,NA,0,@ MIA,10,·,·,·
13,11586,Blake Corum,RB,24.8,LAR,19.0,18,12,14.1,14.1,14.1,1,1,0,52,17,0,0.0,0,0,0,0,0,0,0.00,81,0,0,0,0.00,0.00,0,0,0,0,0,0,0,0,0.0,0.0,7,4,4,81,1,54,81,11.57,32.7%,6,7.70,0.857,5,1.627,5,7,0.714,5.0,NA,0.0%,NA,0,NA,NA,NA,NA,NA,NA,NA,81,@ CAR,8,·,7.5,6.6
13,11618,Jalen McMillan,WR,23.8,TB,999.0,999,999,0,0,0,1,0,0,0,0,0,0.0,0,0,0,0,0,0,0.00,0,0,0,0,0.00,0.00,0,0,0,0,0,0,0,0,0.0,0.0,0,0,0,0,0,NA,0,0,NA,NA,NA,NA,0,NA,0,0,NA,NA,NA,NA,NA,0,NA,NA,NA,NA,NA,NA,NA,0,vs ARI,20,IR,IR,IR
13,7611,Rhamondre Stevenson,RB,27.6,NE,31.0,32,34,11,9.5,8,1,1,1,65,38,0,0.0,0,0,0,0,0,0,0.00,40,0,0,0,0.00,0.00,3,2,0,1,0,3,38,40,13.3,13.3,12,2,1,80,0,41,40,3.33,58.5%,3,3.40,0.250,1,0.590,2,15,0.133,2.0,NA,9.7%,NA,0,NA,NA,NA,NA,NA,NA,NA,80,vs NYG,2,·,7.1,3.9
13,12510,Jalen Milroe,QB,22.8,SEA,0.0,0,0,0,0,0,0,0,0,0,0,0,0.0,0,0,0,0,0,0,0.00,0,0,0,0,0.00,0.00,0,0,0,0,0,0,0,0,0.0,0.0,0,0,0,0,0,NA,0,0,NA,NA,NA,NA,0,NA,0,0,NA,NA,NA,NA,NA,0,NA,NA,NA,NA,NA,NA,NA,0,vs MIN,24,·,·,·
13,8205,Isiah Pacheco,RB,26.6,KC,50.0,51,49,5.3,4.3,3.3,1,1,0,66,20,0,0.0,0,0,0,0,0,0,0.00,16,0,0,0,0.00,0.00,2,5,0,0,0,2,12,17,8.5,8.5,3,0,0,33,0,15,16,5.33,30.3%,1,5.00,0.333,0,0.833,0,5,0.000,0.0,NA,5.9%,NA,0,NA,NA,NA,NA,NA,NA,NA,33,@ DAL,12,·,9.7,-4.4
13,10444,Cedric Tillman,WR,25.4,CLE,999.0,999,999,0,0,0,1,1,0,63,40,0,0.0,0,0,0,0,0,0,0.00,0,0,0,0,0.00,0.00,0,0,0,0,0,1,0,0,0.0,0.0,0,0,0,0,0,NA,0,0,63.5%,NA,NA,NA,0,NA,0,1,0.000,0.0,21,3.8%,0.00,0,NA,NA,NA,NA,NA,0.000,NA,0,vs SF,22,·,7.9,-7.9
13,11646,Jalen Coker,WR,23.9,CAR,15.0,14,14,17.4,15.4,13.4,1,1,0,64,35,0,0.0,0,0,0,0,0,0,0.00,0,0,0,0,0.00,0.00,4,49,0,3,1,6,25,74,18.5,12.3,0,0,0,74,0,NA,0,0,54.7%,NA,NA,NA,0,NA,4,6,0.667,4.0,18,30.0%,4.11,0,NA,NA,NA,NA,NA,0.167,NA,74,vs LAR,19,·,7.4,10.0
13,12536,Jaylin Noel,WR,23.1,HOU,999.0,999,999,0,0,0,1,1,0,76,18,0,0.0,0,0,0,0,0,0,0.00,0,0,0,0,0.00,0.00,0,0,0,0,0,1,0,0,0.0,0.0,0,0,0,0,0,NA,0,0,23.7%,NA,NA,NA,0,NA,0,1,0.000,0.0,16,2.9%,0.00,0,NA,NA,NA,NA,NA,0.000,NA,0,@ IND,10,·,3.0,-3.0
13,12541,Dont'e Thornton,WR,22.8,LV,94.0,92,92,2.1,1.6,1.1,1,1,1,48,14,0,0.0,0,0,0,0,0,0,0.00,0,0,0,0,0.00,0.00,1,-1,0,1,0,2,12,11,11.0,5.5,0,0,0,11,0,NA,0,0,29.2%,NA,NA,NA,0,NA,1,2,0.500,1.0,9,8.7%,1.22,0,NA,NA,NA,NA,NA,0.111,NA,11,@ LAC,30,·,2.6,-0.5
13,3214,Hunter Henry,TE,30.8,NE,13.0,12,13,11.3,9.3,7.3,1,1,1,65,49,0,0.0,0,0,0,0,0,0,0.00,0,0,0,0,0.00,0.00,4,35,0,4,0,6,38,73,18.3,12.2,0,0,0,73,0,NA,0,0,75.4%,NA,NA,NA,0,NA,4,6,0.667,4.0,26,19.4%,2.81,0,NA,NA,NA,NA,NA,0.154,NA,73,vs NYG,23,·,9.7,1.6
13,12534,Kyle Monangai,RB,23.3,CHI,8.0,7,5,19,19,19,1,1,0,87,39,0,0.0,0,0,0,0,0,0,0.00,130,0,0,0,0.00,0.00,0,0,0,0,0,1,0,0,0.0,0.0,22,1,5,130,1,77,130,5.91,44.8%,4,3.50,0.182,6,0.532,6,23,0.261,6.0,NA,2.8%,NA,0,NA,NA,NA,NA,NA,NA,NA,130,@ PHI,16,·,8.3,10.7
13,12486,Dillon Gabriel,QB,24.8,CLE,999.0,999,999,0,0,0,1,1,0,63,1,0,100.0,0,1,1,0,0,0,79.20,0,0,0,0,0.00,0.00,0,0,0,0,0,0,0,0,0.0,0.0,0,0,0,0,0,NA,0,0,1.6%,NA,NA,NA,0,NA,0,1,NA,NA,NA,NA,NA,0,0.0%,3.58,0.0%,0.0%,-1.80,NA,1,0,vs SF,12,·,·,·
13,7090,Darnell Mooney,WR,27.9,ATL,70.0,69,66,4.5,3.5,2.5,1,1,1,69,66,0,0.0,0,0,0,0,0,0,0.00,0,0,0,0,0.00,0.00,2,12,0,2,0,5,13,25,12.5,5.0,0,0,0,25,0,NA,0,0,95.7%,NA,NA,NA,0,NA,2,5,0.400,2.0,34,15.2%,0.74,0,NA,NA,NA,NA,NA,0.059,NA,25,@ NYJ,21,·,9.1,-4.6
13,5012,Mark Andrews,TE,30.1,BAL,17.0,17,17,8.7,6.7,4.7,1,1,0,60,41,0,0.0,0,0,0,0,0,0,0.00,0,0,0,0,0.00,0.00,4,30,0,2,0,6,17,47,11.8,7.8,0,0,0,47,0,NA,0,0,68.3%,NA,NA,NA,0,NA,2,6,0.333,2.0,23,18.8%,2.04,0,NA,NA,NA,NA,NA,0.087,NA,47,vs CIN,1,·,10.6,-1.9
13,12483,Jack Bech,WR,22.8,LV,73.0,73,71,4.2,3.2,2.2,1,1,0,48,27,0,0.0,0,0,0,0,0,0,0.00,0,0,0,0,0.00,0.00,2,14,0,2,0,3,8,22,11.0,7.3,0,0,0,22,0,NA,0,0,56.3%,NA,NA,NA,0,NA,2,3,0.667,2.0,14,13.0%,1.57,0,NA,NA,NA,NA,NA,0.143,NA,22,@ LAC,30,·,1.6,2.6
13,7571,Rashod Bateman,WR,25.8,BAL,999.0,999,999,0,0,0,1,1,1,60,44,0,0.0,0,0,0,0,0,0,0.00,0,0,0,0,0.00,0.00,0,0,0,0,0,1,0,0,0.0,0.0,0,0,0,0,0,NA,0,0,73.3%,NA,NA,NA,0,NA,0,1,0.000,0.0,28,3.1%,0.00,0,NA,NA,NA,NA,NA,0.000,NA,0,vs CIN,23,·,6.6,-6.6
13,11655,Tyrone Tracy,RB,25.8,NYG,57.0,54,50,4.3,3.8,3.3,1,1,1,55,27,0,0.0,0,0,0,0,0,0,0.00,36,0,0,0,0.00,0.00,1,-4,0,0,0,1,1,-3,-3.0,-3.0,10,0,3,33,0,28,36,3.6,49.1%,0,2.80,0.000,3,0.280,3,11,0.273,3.0,NA,4.2%,NA,0,NA,NA,NA,NA,NA,NA,NA,33,@ NE,32,·,10.4,-6.1
13,7002,Juwan Johnson,TE,29.0,NO,16.0,18,21,8.9,6.4,3.9,1,1,0,72,52,0,0.0,0,0,0,0,0,0,0.00,0,0,0,0,0.00,0.00,5,20,0,2,0,9,19,39,7.8,4.3,0,0,0,39,0,NA,0,0,72.2%,NA,NA,NA,0,NA,2,9,0.222,2.0,33,23.7%,1.18,0,NA,NA,NA,NA,NA,0.061,NA,39,@ MIA,3,·,10.5,-1.6
13,12457,Jaydon Blue,RB,21.7,DAL,0.0,0,0,0,0,0,0,0,0,0,0,0,0.0,0,0,0,0,0,0,0.00,0,0,0,0,0.00,0.00,0,0,0,0,0,0,0,0,0.0,0.0,0,0,0,0,0,NA,0,0,NA,NA,NA,NA,0,NA,0,0,NA,NA,NA,NA,NA,0,NA,NA,NA,NA,NA,NA,NA,0,vs KC,29,·,0.2,-0.2
13,1466,Travis Kelce,TE,36.0,KC,4.0,4,4,15.5,13,10.5,1,1,1,66,60,0,0.0,0,0,0,0,0,0,0.00,0,0,0,0,0.00,0.00,5,24,0,1,1,6,21,45,9.0,7.5,0,0,0,45,0,NA,0,0,90.9%,NA,NA,NA,0,NA,2,6,0.333,2.0,33,17.6%,1.36,0,NA,NA,NA,NA,NA,0.030,NA,45,@ DAL,14,·,12.8,2.7
13,4199,Aaron Jones,RB,30.8,MIN,56.0,60,73,4.5,2.5,0.5,1,1,1,52,19,1,0.0,0,0,0,0,0,0,0.00,3,0,0,0,0.00,0.00,4,-24,0,1,0,4,46,22,5.5,5.5,6,0,0,25,0,10,3,0.5,36.5%,3,1.60,0.500,0,0.660,1,10,0.100,1.0,NA,13.3%,NA,0,NA,NA,NA,NA,NA,NA,NA,25,@ SEA,19,·,9.2,-4.7
13,8167,Christian Watson,WR,26.4,GB,12.0,12,12,18.3,16.3,14.3,1,1,1,63,46,0,0.0,0,0,0,0,0,0,0.00,3,0,0,0,0.00,0.00,4,73,0,3,1,10,7,80,20.0,8.0,1,0,0,83,0,NA,3,3,73.0%,NA,NA,NA,0,NA,4,11,0.364,4.0,24,33.3%,3.33,0,NA,NA,NA,NA,NA,0.125,NA,83,@ DET,8,·,9.6,8.7
13,4981,Calvin Ridley,WR,30.8,TEN,999.0,999,999,0,0,0,1,0,0,0,0,0,0.0,0,0,0,0,0,0,0.00,0,0,0,0,0.00,0.00,0,0,0,0,0,0,0,0,0.0,0.0,0,0,0,0,0,NA,0,0,NA,NA,NA,NA,0,NA,0,0,NA,NA,NA,NA,NA,0,NA,NA,NA,NA,NA,NA,NA,0,vs JAX,13,IR,IR,IR
13,11597,Theo Johnson,TE,24.6,NYG,27.0,27,25,5.9,4.4,2.9,1,1,1,55,49,0,0.0,0,0,0,0,0,0,0.00,0,0,0,0,0.00,0.00,3,28,0,1,0,8,1,29,9.7,3.6,0,0,0,29,0,NA,0,0,89.1%,NA,NA,NA,0,NA,1,8,0.125,1.0,22,33.3%,1.32,0,NA,NA,NA,NA,NA,0.045,NA,29,@ NE,11,·,9.0,-3.1
13,12487,Terrance Ferguson,TE,22.6,LAR,999.0,999,999,0,0,0,1,1,0,52,18,0,0.0,0,0,0,0,0,0,0.00,0,0,0,0,0.00,0.00,0,0,0,0,0,2,0,0,0.0,0.0,0,0,0,0,0,NA,0,0,34.6%,NA,NA,NA,0,NA,0,2,0.000,0.0,NA,NA,NA,0,NA,NA,NA,NA,NA,NA,NA,0,@ CAR,9,·,3.6,-3.6
13,12493,Oronde Gadsden,TE,22.3,LAC,37.0,33,29,3.7,3.2,2.7,1,1,1,67,47,0,0.0,0,0,0,0,0,0,0.00,0,0,0,0,0.00,0.00,1,23,1,1,0,2,4,27,27.0,13.5,0,0,0,27,0,NA,0,0,70.1%,NA,NA,NA,0,NA,1,2,0.500,1.0,16,9.5%,1.69,0,NA,NA,NA,NA,NA,0.063,NA,27,vs LV,28,·,12.1,-8.4
13,12503,Isaiah Bond,WR,21.5,CLE,76.0,74,61,3.7,3.2,2.7,1,1,0,63,18,0,0.0,0,0,0,0,0,0,0.00,9,0,0,0,0.00,0.00,1,18,0,1,0,2,0,18,18.0,9.0,1,0,1,27,0,NA,9,9,28.6%,NA,NA,NA,1,NA,2,3,0.667,2.0,12,7.7%,1.50,0,NA,NA,NA,NA,NA,0.083,NA,27,vs SF,22,·,2.4,1.3
13,12471,DJ Giddens,RB,22.1,IND,0.0,0,0,0,0,0,0,0,0,0,0,0,0.0,0,0,0,0,0,0,0.00,0,0,0,0,0.00,0.00,0,0,0,0,0,0,0,0,0.0,0.0,0,0,0,0,0,NA,0,0,NA,NA,NA,NA,0,NA,0,0,NA,NA,NA,NA,NA,0,NA,NA,NA,NA,NA,NA,NA,0,vs HOU,22,·,0.2,-0.2
13,12547,Kyle Williams,WR,22.9,NE,35.0,29,25,10.3,9.8,9.3,1,1,0,65,14,0,0.0,0,0,0,0,0,0,0.00,0,0,0,0,0.00,0.00,1,33,0,0,1,1,0,33,33.0,33.0,0,0,0,33,0,NA,0,0,21.5%,NA,NA,NA,0,NA,1,1,1.000,1.0,9,3.2%,3.67,0,NA,NA,NA,NA,NA,0.000,NA,33,vs NYG,4,·,0.8,9.5
13,11600,Ja'Tavion Sanders,TE,22.5,CAR,999.0,999,999,0,0,0,1,1,0,64,31,0,0.0,0,0,0,0,0,0,0.00,0,0,0,0,0.00,0.00,0,0,0,0,0,0,0,0,0.0,0.0,0,0,0,0,0,NA,0,0,48.4%,NA,NA,NA,0,NA,0,0,NA,0.0,NA,NA,NA,0,NA,NA,NA,NA,NA,NA,NA,0,vs LAR,15,·,5.7,-5.7
13,5848,Marquise Brown,WR,28.3,KC,36.0,34,29,10,9,8,1,1,1,66,29,0,0.0,0,0,0,0,0,0,0.00,0,0,0,0,0.00,0.00,2,17,0,1,1,2,3,20,10.0,10.0,0,0,0,20,0,NA,0,0,43.9%,NA,NA,NA,0,NA,2,2,1.000,2.0,16,5.9%,1.25,0,NA,NA,NA,NA,NA,0.063,NA,20,@ DAL,1,·,6.0,4.0
13,1373,Geno Smith,QB,35.0,LV,23.0,23,23,13,13,13,1,1,1,48,48,1,78.3,55,23,18,7,5,1,107.40,159,5,2,165,7.17,9.17,0,0,0,0,0,0,0,0,0.0,0.0,2,0,0,-6,0,NA,-6,-3,100.0%,NA,NA,NA,0,NA,9,25,NA,NA,NA,NA,NA,9,39.1%,2.88,4.3%,35.7%,3.60,NA,28,159,@ LAC,28,·,18.3,-5.3
13,8154,Brian Robinson,RB,26.5,SF,61.0,59,54,2.6,2.6,2.6,1,1,0,67,14,0,0.0,0,0,0,0,0,0,0.00,26,0,0,0,0.00,0.00,0,0,0,0,0,0,0,0,0.0,0.0,8,0,1,26,0,24,26,3.25,20.9%,0,3.00,0.000,1,0.300,1,8,0.125,1.0,NA,0.0%,NA,0,NA,NA,NA,NA,NA,NA,NA,26,@ CLE,24,·,2.6,0.0
13,8188,Tyquan Thornton,WR,25.1,KC,999.0,999,999,0,0,0,1,1,0,66,16,0,0.0,0,0,0,0,0,0,0.00,0,0,0,0,0.00,0.00,0,0,0,0,0,0,0,0,0.0,0.0,0,0,0,0,0,NA,0,0,24.2%,NA,NA,NA,0,NA,0,0,NA,0.0,11,0.0%,0.00,0,NA,NA,NA,NA,NA,0.000,NA,0,@ DAL,1,·,2.7,-2.7
13,8111,Cade Otton,TE,26.4,TB,42.0,46,48,2.9,1.9,0.9,1,1,1,61,59,0,0.0,0,0,0,0,0,0,0.00,0,0,0,0,0.00,0.00,2,5,0,0,0,2,4,9,4.5,4.5,0,0,0,9,0,NA,0,0,96.7%,NA,NA,NA,0,NA,0,2,0.000,0.0,25,7.1%,0.36,0,NA,NA,NA,NA,NA,0.000,NA,9,vs ARI,7,·,9.4,-6.5
13,12455,Brashard Smith,RB,22.5,KC,999.0,999,999,0,0,0,1,1,0,66,4,0,0.0,0,0,0,0,0,0,0.00,0,0,0,0,0.00,0.00,0,0,0,0,0,0,0,0,0.0,0.0,0,0,0,0,0,NA,0,0,6.1%,NA,NA,NA,0,NA,0,0,NA,0.0,NA,NA,NA,0,NA,NA,NA,NA,NA,NA,NA,0,@ DAL,12,·,5.1,-5.1
13,9502,Tank Dell,WR,25.9,HOU,999.0,999,999,0,0,0,1,0,0,0,0,0,0.0,0,0,0,0,0,0,0.00,0,0,0,0,0.00,0.00,0,0,0,0,0,0,0,0,0.0,0.0,0,0,0,0,0,NA,0,0,NA,NA,NA,NA,0,NA,0,0,NA,NA,NA,NA,NA,0,NA,NA,NA,NA,NA,NA,NA,0,@ IND,10,PUP,PUP,PUP
13,7527,Mac Jones,QB,27.1,SF,34.0,34,34,0.2,0.2,0.2,1,1,0,67,4,0,0.0,0,0,0,0,0,0,0.00,2,0,0,0,0.00,0.00,0,0,0,0,0,0,0,0,0.0,0.0,2,0,1,2,0,NA,2,1,6.0%,NA,NA,NA,1,NA,1,2,NA,NA,NA,NA,NA,0,NA,0.00,0.0%,0.0%,0.00,NA,0,2,@ CLE,30,·,·,·
13,8142,Alec Pierce,WR,25.4,IND,14.0,13,13,17.8,15.8,13.8,1,1,1,54,52,0,0.0,0,0,0,0,0,0,0.00,0,0,0,0,0.00,0.00,4,71,0,3,1,5,7,78,19.5,15.6,0,0,0,78,0,NA,0,0,96.3%,NA,NA,NA,0,NA,4,5,0.800,4.0,28,18.5%,2.79,0,NA,NA,NA,NA,NA,0.107,NA,78,vs HOU,29,·,10.8,7.0
13,11625,Adonai Mitchell,WR,23.0,NYJ,6.0,6,8,24.2,20.2,16.2,1,1,1,66,57,0,0.0,0,0,0,0,0,0,0.00,0,0,0,0,0.00,0.00,8,101,0,3,1,12,1,102,12.8,8.5,0,0,0,102,0,NA,0,0,86.4%,NA,NA,NA,0,NA,4,12,0.333,4.0,34,36.4%,3.00,0,NA,NA,NA,NA,NA,0.088,NA,102,vs ATL,15,·,7.6,16.6
13,9486,Dontayvion Wicks,WR,24.3,GB,3.0,3,2,28,25,22,1,1,0,63,31,0,0.0,0,0,0,0,0,0,0.00,6,0,0,0,0.00,0.00,6,82,0,3,2,7,12,94,15.7,13.4,1,0,0,100,0,NA,6,6,49.2%,NA,NA,NA,0,NA,5,8,0.625,5.0,21,23.3%,4.48,0,NA,NA,NA,NA,NA,0.143,NA,100,@ DET,8,·,4.5,23.5
13,12492,Pat Bryant,WR,22.8,DEN,47.0,45,43,7.2,5.7,4.2,1,1,0,70,49,0,0.0,0,0,0,0,0,0,0.00,0,0,0,0,0.00,0.00,3,24,1,2,0,7,18,42,14.0,6.0,0,0,0,42,0,NA,0,0,70.0%,NA,NA,NA,0,NA,2,7,0.286,2.0,35,15.6%,1.20,0,NA,NA,NA,NA,NA,0.057,NA,42,@ WAS,3,·,5.9,1.3
13,4066,Evan Engram,TE,31.1,DEN,6.0,8,10,13.9,10.9,7.9,1,1,0,70,38,0,0.0,0,0,0,0,0,0,0.00,0,0,0,0,0.00,0.00,6,18,2,3,0,9,61,79,13.2,8.8,0,0,0,79,0,NA,0,0,54.3%,NA,NA,NA,0,NA,3,9,0.333,3.0,32,20.0%,2.47,0,NA,NA,NA,NA,NA,0.094,NA,79,@ WAS,8,·,8.6,5.3
13,11603,AJ Barner,TE,23.4,SEA,21.0,21,22,7.7,5.7,3.7,1,1,1,67,57,0,0.0,0,0,0,0,0,0,0.00,2,0,0,0,0.00,0.00,4,5,1,2,0,5,30,35,8.8,7.0,1,0,1,37,0,NA,2,2,85.1%,NA,NA,NA,1,NA,3,6,0.500,3.0,19,19.2%,1.84,0,NA,NA,NA,NA,NA,0.105,NA,37,vs MIN,12,·,8.2,-0.5
13,7567,Kenneth Gainwell,RB,26.5,PIT,43.0,44,45,6.5,5.5,4.5,1,1,0,43,18,0,0.0,0,0,0,0,0,0,0.00,20,0,0,0,0.00,0.00,2,-5,0,1,0,3,30,25,12.5,8.3,5,0,1,45,0,15,20,4,41.9%,1,2.90,0.200,1,0.490,2,8,0.250,2.0,NA,12.5%,NA,0,NA,NA,NA,NA,NA,NA,NA,45,vs BUF,3,·,12.6,-6.1
13,96,Aaron Rodgers,QB,41.8,PIT,31.0,31,31,2.68,2.68,2.68,1,1,1,43,36,1,47.6,20,21,10,4,11,0,65.00,117,1,0,117,5.57,11.70,0,0,0,0,0,0,0,0,0.0,0.0,1,0,0,0,0,NA,0,0,83.7%,NA,NA,NA,0,NA,4,22,NA,NA,NA,NA,NA,4,19.0%,3.09,4.8%,22.7%,4.80,NA,22,117,vs BUF,27,·,18.7,-16.0
13,11626,Xavier Legette,WR,24.7,CAR,104.0,105,106,1.1,0.6,0.1,1,1,1,64,43,0,0.0,0,0,0,0,0,0,0.00,0,0,0,0,0.00,0.00,1,-2,0,0,0,2,3,1,1.0,0.5,0,0,0,1,0,NA,0,0,67.2%,NA,NA,NA,0,NA,0,2,0.000,0.0,19,10.0%,0.05,0,NA,NA,NA,NA,NA,0.000,NA,1,vs LAR,19,·,7.2,-6.1
13,4039,Cooper Kupp,WR,32.3,SEA,61.0,60,67,5.4,3.9,2.4,1,1,1,67,51,0,0.0,0,0,0,0,0,0,0.00,0,0,0,0,0.00,0.00,3,8,1,1,0,4,16,24,8.0,6.0,0,0,0,24,0,NA,0,0,76.1%,NA,NA,NA,0,NA,1,4,0.250,1.0,26,15.4%,0.92,0,NA,NA,NA,NA,NA,0.038,NA,24,vs MIN,28,·,8.6,-3.2
13,11610,Malik Washington,WR,24.7,MIA,48.0,51,55,7,5,3,1,1,0,60,36,0,0.0,0,0,0,0,0,0,0.00,0,0,0,0,0.00,0.00,4,-1,0,2,0,5,31,30,7.5,6.0,0,0,0,30,0,NA,0,0,60.0%,NA,NA,NA,0,NA,2,5,0.400,2.0,17,21.7%,1.76,0,NA,NA,NA,NA,NA,0.118,NA,30,vs NO,17,·,8.4,-1.4
13,11583,Jonathon Brooks,RB,22.2,CAR,999.0,999,999,0,0,0,1,0,0,0,0,0,0.0,0,0,0,0,0,0,0.00,0,0,0,0,0.00,0.00,0,0,0,0,0,0,0,0,0.0,0.0,0,0,0,0,0,NA,0,0,NA,NA,NA,NA,0,NA,0,0,NA,NA,NA,NA,NA,0,NA,NA,NA,NA,NA,NA,NA,0,vs LAR,31,PUP,PUP,PUP
13,8210,Chigoziem Okonkwo,TE,26.0,TEN,23.0,25,24,6.9,4.9,2.9,1,1,1,59,36,0,0.0,0,0,0,0,0,0,0.00,0,0,0,0,0.00,0.00,4,26,1,1,0,5,3,29,7.3,5.8,0,0,0,29,0,NA,0,0,61.0%,NA,NA,NA,0,NA,1,5,0.200,1.0,23,13.2%,1.26,0,NA,NA,NA,NA,NA,0.043,NA,29,vs JAX,2,·,5.5,1.4
13,12524,Shedeur Sanders,QB,23.6,CLE,24.0,24,24,10.56,10.56,10.56,1,1,1,63,61,0,64.0,73,25,16,6,9,0,93.60,155,3,1,149,5.96,9.31,0,0,0,0,0,0,0,0,0.0,0.0,1,0,0,6,0,NA,6,6,96.8%,NA,NA,NA,0,NA,7,26,NA,NA,NA,NA,NA,7,28.0%,3.37,12.0%,37.9%,6.60,NA,29,155,vs SF,12,·,18.0,-7.4
13,8125,Calvin Austin III,WR,26.5,PIT,999.0,999,999,0,0,0,1,1,0,43,21,0,0.0,0,0,0,0,0,0,0.00,0,0,0,0,0.00,0.00,0,0,0,0,0,2,0,0,0.0,0.0,0,0,0,0,0,NA,0,0,48.8%,NA,NA,NA,0,NA,0,2,0.000,0.0,14,8.3%,0.00,0,NA,NA,NA,NA,NA,0.000,NA,0,vs BUF,18,·,7.3,-7.3
13,1339,Zach Ertz,TE,34.9,WAS,3.0,3,3,20.6,15.6,10.6,1,1,1,90,60,0,0.0,0,0,0,0,0,0,0.00,0,0,0,0,0.00,0.00,10,71,0,6,0,13,35,106,10.6,8.2,0,0,0,106,0,NA,0,0,66.7%,NA,NA,NA,0,NA,6,13,0.462,6.0,40,26.0%,2.65,0,NA,NA,NA,NA,NA,0.150,NA,106,vs DEN,20,·,9.6,11.0
13,11575,Ray Davis,RB,25.9,BUF,44.0,42,41,6.2,6.2,6.2,1,1,0,74,13,0,0.0,0,0,0,0,0,0,0.00,62,0,0,0,0.00,0.00,0,0,0,0,0,0,0,0,0.0,0.0,9,1,4,62,0,40,62,6.89,17.6%,2,4.40,0.222,4,0.662,4,9,0.444,4.0,NA,0.0%,NA,0,NA,NA,NA,NA,NA,NA,NA,62,@ PIT,25,·,1.1,5.1
13,9501,Demario Douglas,WR,24.8,NE,54.0,55,53,6.3,4.8,3.3,1,1,0,65,22,0,0.0,0,0,0,0,0,0,0.00,0,0,0,0,0.00,0.00,3,23,0,2,0,3,10,33,11.0,11.0,0,0,0,33,0,NA,0,0,33.8%,NA,NA,NA,0,NA,2,3,0.667,2.0,13,9.7%,2.54,0,NA,NA,NA,NA,NA,0.154,NA,33,vs NYG,4,·,4.8,1.5
13,7600,Pat Freiermuth,TE,26.9,PIT,999.0,999,999,0,0,0,1,1,0,43,17,0,0.0,0,0,0,0,0,0,0.00,0,0,0,0,0.00,0.00,0,0,0,0,0,0,0,0,0.0,0.0,0,0,0,0,0,NA,0,0,39.5%,NA,NA,NA,0,NA,0,0,NA,0.0,9,0.0%,0.00,0,NA,NA,NA,NA,NA,0.000,NA,0,vs BUF,32,·,6.0,-6.0
13,9482,Michael Mayer,TE,24.2,LV,0.0,0,0,0,0,0,0,0,0,0,0,0,0.0,0,0,0,0,0,0,0.00,0,0,0,0,0.00,0.00,0,0,0,0,0,0,0,0,0.0,0.0,0,0,0,0,0,NA,0,0,NA,NA,NA,NA,0,NA,0,0,NA,NA,NA,NA,NA,0,NA,NA,NA,NA,NA,NA,NA,0,@ LAC,27,Q,5.2,-5.2
13,6826,Cole Kmet,TE,26.6,CHI,8.0,7,6,12.6,11.1,9.6,1,1,1,87,58,0,0.0,0,0,0,0,0,0,0.00,0,0,0,0,0.00,0.00,3,26,0,0,1,3,10,36,12.0,12.0,0,0,0,36,0,NA,0,0,66.7%,NA,NA,NA,0,NA,1,3,0.333,1.0,17,8.3%,2.12,0,NA,NA,NA,NA,NA,0.000,NA,36,@ PHI,31,·,3.9,8.7
13,12531,Trevor Etienne,RB,21.2,CAR,70.0,72,74,1.4,0.9,0.4,1,1,0,64,5,0,0.0,0,0,0,0,0,0,0.00,0,0,0,0,0.00,0.00,1,1,0,0,0,1,3,4,4.0,4.0,0,0,0,4,0,NA,0,0,7.8%,NA,NA,NA,0,NA,0,1,0.000,0.0,NA,NA,NA,0,NA,NA,NA,NA,NA,NA,NA,4,vs LAR,31,·,0.6,0.8
13,9229,Anthony Richardson,QB,23.4,IND,999.0,999,999,0,0,0,1,0,0,0,0,0,0.0,0,0,0,0,0,0,0.00,0,0,0,0,0.00,0.00,0,0,0,0,0,0,0,0,0.0,0.0,0,0,0,0,0,NA,0,0,NA,NA,NA,NA,0,NA,0,0,NA,NA,NA,NA,NA,0,NA,NA,NA,NA,NA,NA,NA,0,vs HOU,32,IR,IR,IR
13,11650,Luke McCaffrey,WR,24.5,WAS,999.0,999,999,0,0,0,1,0,0,0,0,0,0.0,0,0,0,0,0,0,0.00,0,0,0,0,0.00,0.00,0,0,0,0,0,0,0,0,0.0,0.0,0,0,0,0,0,NA,0,0,NA,NA,NA,NA,0,NA,0,0,NA,NA,NA,NA,NA,0,NA,NA,NA,NA,NA,NA,NA,0,vs DEN,32,IR,IR,IR
13,9487,Parker Washington,WR,23.5,JAX,78.0,75,62,3.6,3.1,2.6,1,1,1,63,24,0,0.0,0,0,0,0,0,0,0.00,0,0,0,0,0.00,0.00,1,24,0,1,0,3,2,26,26.0,8.7,0,0,0,26,0,NA,0,0,38.1%,NA,NA,NA,0,NA,1,3,0.333,1.0,11,11.1%,2.36,0,NA,NA,NA,NA,NA,0.091,NA,26,@ TEN,5,·,9.2,-5.6
13,12505,Jalen Royals,WR,22.6,KC,0.0,0,0,0,0,0,0,0,0,0,0,0,0.0,0,0,0,0,0,0,0.00,0,0,0,0,0.00,0.00,0,0,0,0,0,0,0,0,0.0,0.0,0,0,0,0,0,NA,0,0,NA,NA,NA,NA,0,NA,0,0,NA,NA,NA,NA,NA,0,NA,NA,NA,NA,NA,NA,NA,0,@ DAL,1,·,0.1,-0.1
13,4018,Joe Mixon,RB,29.2,HOU,999.0,999,999,0,0,0,1,0,0,0,0,0,0.0,0,0,0,0,0,0,0.00,0,0,0,0,0.00,0.00,0,0,0,0,0,0,0,0,0.0,0.0,0,0,0,0,0,NA,0,0,NA,NA,NA,NA,0,NA,0,0,NA,NA,NA,NA,NA,0,NA,NA,NA,NA,NA,NA,NA,0,@ IND,21,PUP,PUP,PUP
13,12641,Jaylin Lane,WR,23.4,WAS,999.0,999,999,0,0,0,1,1,0,90,35,0,0.0,0,0,0,0,0,0,0.00,0,0,0,0,0.00,0.00,0,0,0,0,0,1,0,0,0.0,0.0,0,0,0,0,0,NA,0,0,38.9%,NA,NA,NA,0,NA,0,1,0.000,0.0,17,2.0%,0.00,0,NA,NA,NA,NA,NA,0.000,NA,0,vs DEN,32,Q,2.0,-2.0
13,9511,Keaton Mitchell,RB,23.7,BAL,30.0,27,30,11.1,10.1,9.1,1,1,0,60,8,0,0.0,0,0,0,0,0,0,0.00,19,0,0,0,0.00,0.00,2,-2,0,1,0,3,14,12,6.0,4.0,2,0,0,31,1,1,19,9.5,13.3%,0,0.50,0.000,1,0.050,2,5,0.400,2.0,NA,9.4%,NA,0,NA,NA,NA,NA,NA,NA,NA,31,vs CIN,1,·,4.6,6.5
13,4950,Christian Kirk,WR,28.9,HOU,999.0,999,999,0,0,0,1,1,0,76,37,0,0.0,0,0,0,0,0,0,0.00,0,0,0,0,0.00,0.00,0,0,0,0,0,0,0,0,0.0,0.0,0,0,0,0,0,NA,0,0,48.7%,NA,NA,NA,0,NA,0,0,NA,0.0,17,0.0%,0.00,0,NA,NA,NA,NA,NA,0.000,NA,0,@ IND,10,·,5.7,-5.7
13,4137,James Conner,RB,30.4,ARI,999.0,999,999,0,0,0,1,0,0,0,0,0,0.0,0,0,0,0,0,0,0.00,0,0,0,0,0.00,0.00,0,0,0,0,0,0,0,0,0.0,0.0,0,0,0,0,0,NA,0,0,NA,NA,NA,NA,0,NA,0,0,NA,NA,NA,NA,NA,0,NA,NA,NA,NA,NA,NA,NA,0,@ TB,11,IR,IR,IR
13,4988,Nick Chubb,RB,29.8,HOU,38.0,33,28,9.4,9.4,9.4,1,1,0,76,26,0,0.0,0,0,0,0,0,0,0.00,34,0,0,0,0.00,0.00,0,0,0,0,0,0,0,0,0.0,0.0,9,0,0,34,1,29,34,3.78,34.2%,3,3.20,0.333,1,0.653,1,9,0.111,1.0,NA,0.0%,NA,0,NA,NA,NA,NA,NA,NA,NA,34,@ IND,21,·,5.6,3.8
13,9506,Sean Tucker,RB,23.9,TB,999.0,999,999,0,0,0,1,1,0,61,9,0,0.0,0,0,0,0,0,0,0.00,0,0,0,0,0.00,0.00,0,0,0,0,0,0,0,0,0.0,0.0,2,0,1,0,0,NA,0,0,14.8%,NA,NA,NA,1,NA,1,2,0.500,1.0,NA,NA,NA,0,NA,NA,NA,NA,NA,NA,NA,0,vs ARI,7,·,7.1,-7.1
13,4144,Jonnu Smith,TE,30.1,PIT,53.0,53,52,1.6,1.1,0.6,1,1,0,43,23,0,0.0,0,0,0,0,0,0,0.00,0,0,0,0,0.00,0.00,1,-3,0,0,0,2,9,6,6.0,3.0,0,0,0,6,0,NA,0,0,53.5%,NA,NA,NA,0,NA,0,2,0.000,0.0,13,8.3%,0.46,0,NA,NA,NA,NA,NA,0.000,NA,6,vs BUF,32,·,6.3,-4.7
13,7607,Michael Carter,RB,26.4,ARI,28.0,37,40,11.4,8.9,6.4,1,1,0,61,32,0,0.0,0,0,0,0,0,0,0.00,17,0,0,0,0.00,0.00,5,0,0,2,0,6,47,47,9.4,7.8,5,0,1,64,0,9,17,3.4,52.5%,4,1.70,0.800,1,0.970,3,11,0.273,3.0,NA,15.0%,NA,0,NA,NA,NA,NA,NA,NA,NA,64,@ TB,11,·,3.2,8.2
13,11647,Kimani Vidal,RB,24.1,LAC,4.0,3,3,20.7,20.2,19.7,1,1,1,67,51,0,0.0,0,0,0,0,0,0,0.00,126,0,0,0,0.00,0.00,1,-1,0,1,0,1,12,11,11.0,11.0,25,0,4,137,1,133,126,5.04,76.1%,12,5.30,0.480,5,1.010,6,26,0.231,6.0,NA,4.8%,NA,0,NA,NA,NA,NA,NA,NA,NA,137,vs LV,15,·,7.4,13.3
13,5001,Dalton Schultz,TE,29.2,HOU,10.0,13,16,12.5,9,5.5,1,1,0,76,55,0,0.0,0,0,0,0,0,0,0.00,0,0,0,0,0.00,0.00,7,33,0,2,0,8,22,55,7.9,6.9,0,0,0,55,0,NA,0,0,72.4%,NA,NA,NA,0,NA,2,8,0.250,2.0,28,22.9%,1.96,0,NA,NA,NA,NA,NA,0.071,NA,55,@ IND,6,·,9.1,3.4
13,11571,Isaiah Davis,RB,23.6,NYJ,999.0,999,999,0,0,0,1,1,0,66,8,0,0.0,0,0,0,0,0,0,0.00,0,0,0,0,0.00,0.00,0,0,0,0,0,1,0,0,0.0,0.0,0,0,0,0,0,NA,0,0,12.1%,NA,NA,NA,0,NA,0,1,0.000,0.0,NA,NA,NA,0,NA,NA,NA,NA,NA,NA,NA,0,vs ATL,6,·,6.7,-6.7
13,12476,Devin Neal,RB,22.1,NO,36.0,40,38,9.9,8.4,6.9,1,1,1,72,59,0,0.0,0,0,0,0,0,0,0.00,47,0,0,0,0.00,0.00,3,-3,0,0,0,3,25,22,7.3,7.3,14,1,3,69,0,48,47,3.36,81.9%,4,3.40,0.286,3,0.626,3,17,0.176,3.0,NA,7.9%,NA,0,NA,NA,NA,NA,NA,NA,NA,69,@ MIA,9,·,12.2,-2.3
13,11643,Jaylen Wright,RB,22.5,MIA,67.0,67,64,1.6,1.6,1.6,1,1,0,60,6,0,0.0,0,0,0,0,0,0,0.00,16,0,0,0,0.00,0.00,0,0,0,0,0,0,0,0,0.0,0.0,3,1,2,16,0,9,16,5.33,10.0%,1,3.10,0.333,2,0.643,2,3,0.667,2.0,NA,0.0%,NA,0,NA,NA,NA,NA,NA,NA,NA,16,vs NO,17,·,1.1,0.5
13,11596,Ben Sinnott,TE,23.3,WAS,999.0,999,999,0,0,0,1,1,0,90,15,0,0.0,0,0,0,0,0,0,0.00,0,0,0,0,0.00,0.00,0,0,0,0,0,0,0,0,0.0,0.0,0,0,0,0,0,NA,0,0,16.7%,NA,NA,NA,0,NA,0,0,NA,0.0,NA,NA,NA,0,NA,NA,NA,NA,NA,NA,NA,0,vs DEN,20,Q,0.6,-0.6
13,12545,Tyler Shough,QB,26.0,NO,12.0,12,12,18.36,18.36,18.36,1,1,1,72,71,1,68.4,159,38,26,10,12,1,91.90,257,4,2,239,6.29,9.19,0,0,0,0,0,0,0,0,0.0,0.0,6,1,1,18,0,NA,18,3,98.6%,NA,NA,NA,1,NA,13,44,NA,NA,NA,NA,NA,12,31.6%,3.04,5.3%,31.1%,7.50,NA,45,257,@ MIA,10,·,16.7,1.7
13,9225,Tank Bigsby,RB,24.1,PHI,999.0,999,999,0,0,0,1,1,0,54,1,0,0.0,0,0,0,0,0,0,0.00,0,0,0,0,0.00,0.00,0,0,0,0,0,0,0,0,0.0,0.0,0,0,0,0,0,NA,0,0,1.9%,NA,NA,NA,0,NA,0,0,NA,0.0,NA,NA,NA,0,NA,NA,NA,NA,NA,NA,NA,0,vs CHI,13,·,2.5,-2.5
13,11577,Will Shipley,RB,23.1,PHI,63.0,66,67,2.1,1.6,1.1,1,1,0,54,4,0,0.0,0,0,0,0,0,0,0.00,0,0,0,0,0.00,0.00,1,10,0,0,0,1,1,11,11.0,11.0,0,0,0,11,0,0,0,0,7.4%,0,0.00,NA,0,NA,0,1,0.000,0.0,NA,2.9%,NA,0,NA,NA,NA,NA,NA,NA,NA,11,vs CHI,13,·,1.7,0.4
13,4454,Kendrick Bourne,WR,30.2,SF,999.0,999,999,0,0,0,1,1,0,67,23,0,0.0,0,0,0,0,0,0,0.00,0,0,0,0,0.00,0.00,0,0,0,0,0,1,0,0,0.0,0.0,0,0,0,0,0,NA,0,0,34.3%,NA,NA,NA,0,NA,0,1,0.000,0.0,10,3.3%,0.00,0,NA,NA,NA,NA,NA,0.000,NA,0,@ CLE,24,·,1.3,-1.3
13,12485,Tez Johnson,WR,23.4,TB,97.0,97,97,1.5,1,0.5,1,1,1,61,35,0,0.0,0,0,0,0,0,0,0.00,0,0,0,0,0.00,0.00,1,-2,0,0,0,2,7,5,5.0,2.5,0,0,0,5,0,NA,0,0,57.4%,NA,NA,NA,0,NA,0,2,0.000,0.0,16,7.1%,0.31,0,NA,NA,NA,NA,NA,0.000,NA,5,vs ARI,20,·,8.4,-6.9
13,7670,Joshua Palmer,WR,26.0,BUF,0.0,0,0,0,0,0,0,0,0,0,0,0,0.0,0,0,0,0,0,0,0.00,0,0,0,0,0.00,0.00,0,0,0,0,0,0,0,0,0.0,0.0,0,0,0,0,0,NA,0,0,NA,NA,NA,NA,0,NA,0,0,NA,NA,NA,NA,NA,0,NA,NA,NA,NA,NA,NA,NA,0,@ PIT,2,·,4.7,-4.7
13,7587,Dyami Brown,WR,25.9,JAX,0.0,0,0,0,0,0,0,0,0,0,0,0,0.0,0,0,0,0,0,0,0.00,0,0,0,0,0.00,0.00,0,0,0,0,0,0,0,0,0.0,0.0,0,0,0,0,0,NA,0,0,NA,NA,NA,NA,0,NA,0,0,NA,NA,NA,NA,NA,0,NA,NA,NA,NA,NA,NA,NA,0,@ TEN,5,·,0.5,-0.5
13,11581,MarShawn Lloyd,RB,24.7,GB,999.0,999,999,0,0,0,1,0,0,0,0,0,0.0,0,0,0,0,0,0,0.00,0,0,0,0,0.00,0.00,0,0,0,0,0,0,0,0,0.0,0.0,0,0,0,0,0,NA,0,0,NA,NA,NA,NA,0,NA,0,0,NA,NA,NA,NA,NA,0,NA,NA,NA,NA,NA,NA,NA,0,@ DET,30,IR,IR,IR
13,10219,Chris Rodriguez,RB,25.0,WAS,35.0,29,27,10.1,10.1,10.1,1,1,1,90,37,0,0.0,0,0,0,0,0,0,0.00,41,0,0,0,0.00,0.00,0,0,0,0,0,1,0,0,0.0,0.0,11,1,1,41,1,35,41,3.73,41.1%,2,3.20,0.182,2,0.502,2,12,0.167,2.0,NA,2.0%,NA,0,NA,NA,NA,NA,NA,NA,NA,41,vs DEN,27,·,9.3,0.8
13,12543,Tahj Brooks,RB,23.4,CIN,0.0,0,0,0,0,0,0,0,0,0,0,0,0.0,0,0,0,0,0,0,0.00,0,0,0,0,0.00,0.00,0,0,0,0,0,0,0,0,0.0,0.0,0,0,0,0,0,NA,0,0,NA,NA,NA,NA,0,NA,0,0,NA,NA,NA,NA,NA,0,NA,NA,NA,NA,NA,NA,NA,0,@ BAL,14,OUT,OUT,OUT
13,11569,Jarquez Hunter,RB,22.8,LAR,0.0,0,0,0,0,0,0,0,0,0,0,0,0.0,0,0,0,0,0,0,0.00,0,0,0,0,0.00,0.00,0,0,0,0,0,0,0,0,0.0,0.0,0,0,0,0,0,NA,0,0,NA,NA,NA,NA,0,NA,0,0,NA,NA,NA,NA,NA,0,NA,NA,NA,NA,NA,NA,NA,0,@ CAR,8,·,0.3,-0.3
13,10232,Michael Wilson,WR,25.6,ARI,51.0,50,49,6.6,5.1,3.6,1,1,1,61,57,0,0.0,0,0,0,0,0,0,0.00,0,0,0,0,0.00,0.00,3,27,0,3,0,7,9,36,12.0,5.1,0,0,0,36,0,NA,0,0,93.4%,NA,NA,NA,0,NA,3,7,0.429,3.0,38,17.5%,0.95,0,NA,NA,NA,NA,NA,0.079,NA,36,@ TB,12,·,15.4,-8.8
13,5995,Justice Hill,RB,27.9,BAL,999.0,999,999,0,0,0,1,0,0,0,0,0,0.0,0,0,0,0,0,0,0.00,0,0,0,0,0.00,0.00,0,0,0,0,0,0,0,0,0.0,0.0,0,0,0,0,0,NA,0,0,NA,NA,NA,NA,0,NA,0,0,NA,NA,NA,NA,NA,0,NA,NA,NA,NA,NA,NA,NA,0,vs CIN,1,Q,4.2,-4.2
13,8180,Jalen Nailor,WR,26.6,MIN,999.0,999,999,0,0,0,1,1,0,52,36,0,0.0,0,0,0,0,0,0,0.00,0,0,0,0,0.00,0.00,0,0,0,0,0,1,0,0,0.0,0.0,0,0,0,0,0,NA,0,0,69.2%,NA,NA,NA,0,NA,0,1,0.000,0.0,25,3.3%,0.00,0,NA,NA,NA,NA,NA,0.000,NA,0,@ SEA,9,·,5.2,-5.2
13,8698,Jake Tonges,TE,26.2,SF,999.0,999,999,0,0,0,1,1,0,67,8,0,0.0,0,0,0,0,0,0,0.00,0,0,0,0,0.00,0.00,0,0,0,0,0,0,0,0,0.0,0.0,0,0,0,0,0,NA,0,0,11.9%,NA,NA,NA,0,NA,0,0,NA,0.0,NA,NA,NA,0,NA,NA,NA,NA,NA,NA,NA,0,@ CLE,16,·,0.3,-0.3
13,8123,Hassan Haskins,RB,25.8,LAC,999.0,999,999,0,0,0,1,0,0,0,0,0,0.0,0,0,0,0,0,0,0.00,0,0,0,0,0.00,0.00,0,0,0,0,0,0,0,0,0.0,0.0,0,0,0,0,0,NA,0,0,NA,NA,NA,NA,0,NA,0,0,NA,NA,NA,NA,NA,0,NA,NA,NA,NA,NA,NA,NA,0,vs LV,15,IR,IR,IR
13,4098,Kareem Hunt,RB,30.1,KC,39.0,38,33,9,8.5,8,1,1,1,66,42,0,0.0,0,0,0,0,0,0,0.00,58,0,0,0,0.00,0.00,1,0,0,1,0,2,22,22,22.0,11.0,14,2,3,80,0,53,58,4.14,63.6%,1,3.80,0.071,3,0.451,4,16,0.250,4.0,NA,5.9%,NA,0,NA,NA,NA,NA,NA,NA,NA,80,@ DAL,12,·,6.5,2.5
13,11630,Roman Wilson,WR,24.3,PIT,999.0,999,999,0,0,0,1,1,1,43,19,0,0.0,0,0,0,0,0,0,0.00,0,0,0,0,0.00,0.00,0,0,0,0,0,1,0,0,0.0,0.0,0,0,0,0,0,NA,0,0,44.2%,NA,NA,NA,0,NA,0,1,0.000,0.0,12,4.2%,0.00,0,NA,NA,NA,NA,NA,0.000,NA,0,vs BUF,18,·,4.0,-4.0
13,12540,Chimere Dike,WR,23.8,TEN,108.0,108,107,-0.1,-0.6,-1.1,1,1,0,59,45,1,0.0,0,0,0,0,0,0,0.00,1,0,0,0,0.00,0.00,1,-3,0,0,0,4,11,8,8.0,2.0,1,0,0,9,0,NA,1,1,76.3%,NA,NA,NA,0,NA,0,5,0.000,0.0,NA,NA,NA,0,NA,NA,NA,NA,NA,NA,NA,9,vs JAX,13,·,9.1,-9.2
13,8117,Jalen Tolbert,WR,26.6,DAL,999.0,999,999,0,0,0,1,1,1,72,18,0,0.0,0,0,0,0,0,0,0.00,0,0,0,0,0.00,0.00,0,0,0,0,0,0,0,0,0.0,0.0,0,0,0,0,0,NA,0,0,25.0%,NA,NA,NA,0,NA,0,0,NA,0.0,6,0.0%,0.00,0,NA,NA,NA,NA,NA,0.000,NA,0,vs KC,26,·,0.7,-0.7
13,12523,Jimmy Horn,WR,23.0,CAR,999.0,999,999,0,0,0,1,1,0,64,4,0,0.0,0,0,0,0,0,0,0.00,0,0,0,0,0.00,0.00,0,0,0,0,0,0,0,0,0.0,0.0,0,0,0,0,0,NA,0,0,6.3%,NA,NA,NA,0,NA,0,0,NA,0.0,2,0.0%,0.00,0,NA,NA,NA,NA,NA,0.000,NA,0,vs LAR,19,·,2.4,-2.4
13,12670,KeAndre Lambert-Smith,WR,24.0,LAC,0.0,0,0,0,0,0,0,0,0,0,0,0,0.0,0,0,0,0,0,0,0.00,0,0,0,0,0.00,0.00,0,0,0,0,0,0,0,0,0.0,0.0,0,0,0,0,0,NA,0,0,NA,NA,NA,NA,0,NA,0,0,NA,NA,NA,NA,NA,0,NA,NA,NA,NA,NA,NA,NA,0,vs LV,6,·,0.9,-0.9
13,12502,Gunnar Helm,TE,23.1,TEN,20.0,24,33,8.3,5.3,2.3,1,1,1,59,31,0,0.0,0,0,0,0,0,0,0.00,0,0,0,0,0.00,0.00,6,21,0,0,0,7,2,23,3.8,3.3,0,0,0,23,0,NA,0,0,52.5%,NA,NA,NA,0,NA,0,7,0.000,0.0,21,18.4%,1.10,0,NA,NA,NA,NA,NA,0.000,NA,23,vs JAX,2,·,6.4,1.9
13,11651,Isaac Guerendo,RB,25.2,SF,72.0,71,69,1,1,1,1,1,0,67,0,0,0.0,0,0,0,0,0,0,0.00,0,0,0,0,0.00,0.00,0,0,0,0,0,0,0,0,0.0,0.0,0,0,0,0,0,NA,0,0,0.0%,NA,NA,NA,0,NA,0,0,NA,0.0,NA,NA,NA,0,NA,NA,NA,NA,NA,NA,NA,0,@ CLE,24,·,0.3,0.7
13,3321,Tyreek Hill,WR,31.6,MIA,999.0,999,999,0,0,0,1,0,0,0,0,0,0.0,0,0,0,0,0,0,0.00,0,0,0,0,0.00,0.00,0,0,0,0,0,0,0,0,0.0,0.0,0,0,0,0,0,NA,0,0,NA,NA,NA,NA,0,NA,0,0,NA,NA,NA,NA,NA,0,NA,NA,NA,NA,NA,NA,NA,0,vs NO,17,IR,IR,IR
13,11557,Joe Milton,QB,25.6,DAL,999.0,999,999,0,0,0,1,0,0,72,0,0,0.0,0,0,0,0,0,0,0.00,0,0,0,0,0.00,0.00,0,0,0,0,0,0,0,0,0.0,0.0,0,0,0,0,0,NA,0,0,0.0%,NA,NA,NA,0,NA,0,0,NA,NA,NA,NA,NA,0,NA,NA,NA,NA,NA,NA,NA,0,vs KC,22,·,·,·
13,7828,Noah Gray,TE,26.4,KC,0.0,0,0,0,0,0,0,0,0,0,0,0,0.0,0,0,0,0,0,0,0.00,0,0,0,0,0.00,0.00,0,0,0,0,0,0,0,0,0.0,0.0,0,0,0,0,0,NA,0,0,NA,NA,NA,NA,0,NA,0,0,NA,NA,NA,NA,NA,0,NA,NA,NA,NA,NA,NA,NA,0,@ DAL,14,OUT,OUT,OUT
13,6149,Darius Slayton,WR,28.7,NYG,19.0,18,16,14.1,13.1,12.1,1,1,1,55,42,0,0.0,0,0,0,0,0,0,0.00,0,0,0,0,0.00,0.00,2,12,0,1,1,3,29,41,20.5,13.7,0,0,0,41,0,NA,0,0,76.4%,NA,NA,NA,0,NA,2,3,0.667,2.0,23,12.5%,1.78,0,NA,NA,NA,NA,NA,0.043,NA,41,@ NE,14,·,8.0,6.1
13,10218,Xavier Hutchinson,WR,25.3,HOU,57.0,54,46,5.9,4.9,3.9,1,1,0,76,42,0,0.0,0,0,0,0,0,0,0.00,0,0,0,0,0.00,0.00,2,23,0,2,0,5,16,39,19.5,7.8,0,0,0,39,0,NA,0,0,55.3%,NA,NA,NA,0,NA,2,5,0.400,2.0,19,14.3%,2.05,0,NA,NA,NA,NA,NA,0.105,NA,39,@ IND,10,·,2.6,3.3
13,9481,Luke Musgrave,TE,25.1,GB,38.0,37,32,3.3,2.8,2.3,1,1,1,63,37,0,0.0,0,0,0,0,0,0,0.00,0,0,0,0,0.00,0.00,1,21,0,1,0,1,2,23,23.0,23.0,0,0,0,23,0,NA,0,0,58.7%,NA,NA,NA,0,NA,1,1,1.000,1.0,12,3.3%,1.92,0,NA,NA,NA,NA,NA,0.083,NA,23,@ DET,21,·,5.1,-1.8
13,5857,Noah Fant,TE,27.8,CIN,58.0,58,58,1.3,0.8,0.3,1,1,0,83,35,0,0.0,0,0,0,0,0,0,0.00,0,0,0,0,0.00,0.00,1,0,0,0,0,2,3,3,3.0,1.5,0,0,0,3,0,NA,0,0,42.2%,NA,NA,NA,0,NA,0,2,0.000,0.0,14,4.3%,0.21,0,NA,NA,NA,NA,NA,0.000,NA,3,@ BAL,25,·,4.9,-3.6
13,5906,Dawson Knox,TE,28.9,BUF,29.0,29,27,5.8,4.3,2.8,1,1,0,74,53,0,0.0,0,0,0,0,0,0,0.00,0,0,0,0,0.00,0.00,3,21,0,2,0,4,7,28,9.3,7.0,0,0,0,28,0,NA,0,0,71.6%,NA,NA,NA,0,NA,2,4,0.500,2.0,16,17.4%,1.75,0,NA,NA,NA,NA,NA,0.125,NA,28,@ PIT,5,·,4.3,1.5
13,12482,Savion Williams,WR,23.8,GB,0.0,0,0,0,0,0,0,0,0,0,0,0,0.0,0,0,0,0,0,0,0.00,0,0,0,0,0.00,0.00,0,0,0,0,0,0,0,0,0.0,0.0,0,0,0,0,0,NA,0,0,NA,NA,NA,NA,0,NA,0,0,NA,NA,NA,NA,NA,0,NA,NA,NA,NA,NA,NA,NA,0,@ DET,8,·,2.0,-2.0
13,7528,Najee Harris,RB,27.6,LAC,999.0,999,999,0,0,0,1,0,0,0,0,0,0.0,0,0,0,0,0,0,0.00,0,0,0,0,0.00,0.00,0,0,0,0,0,0,0,0,0.0,0.0,0,0,0,0,0,NA,0,0,NA,NA,NA,NA,0,NA,0,0,NA,NA,NA,NA,NA,0,NA,NA,NA,NA,NA,NA,NA,0,vs LV,15,IR,IR,IR
13,12544,LeQuint Allen,RB,21.2,JAX,65.0,63,60,2,2,2,1,1,0,63,15,0,0.0,0,0,0,0,0,0,0.00,0,0,0,0,0.00,0.00,0,0,0,0,0,0,0,0,0.0,0.0,0,0,0,0,0,NA,0,0,23.8%,NA,NA,NA,0,NA,0,0,NA,0.0,NA,NA,NA,0,NA,NA,NA,NA,NA,NA,NA,0,@ TEN,5,·,2.3,-0.3
13,8143,Jerome Ford,RB,26.0,CLE,55.0,57,63,4.7,3.2,1.7,1,1,0,63,14,0,0.0,0,0,0,0,0,0,0.00,0,0,0,0,0.00,0.00,3,-4,0,1,0,3,21,17,5.7,5.7,0,0,0,17,0,0,0,0,22.2%,1,0.00,NA,0,NA,1,3,0.333,1.0,NA,11.5%,NA,0,NA,NA,NA,NA,NA,NA,NA,17,vs SF,26,·,4.3,0.4
13,12467,Jordan James,RB,21.5,SF,0.0,0,0,0,0,0,0,0,0,0,0,0,0.0,0,0,0,0,0,0,0.00,0,0,0,0,0.00,0.00,0,0,0,0,0,0,0,0,0.0,0.0,0,0,0,0,0,NA,0,0,NA,NA,NA,NA,0,NA,0,0,NA,NA,NA,NA,NA,0,NA,NA,NA,NA,NA,NA,NA,0,@ CLE,24,·,0.1,-0.1
13,11623,Jordan Whittington,WR,25.0,LAR,999.0,999,999,0,0,0,1,1,0,52,18,0,0.0,0,0,0,0,0,0,0.00,0,0,0,0,0.00,0.00,0,0,0,0,0,1,0,0,0.0,0.0,0,0,0,0,0,NA,0,0,34.6%,NA,NA,NA,0,NA,0,1,0.000,0.0,4,3.6%,0.00,0,NA,NA,NA,NA,NA,0.000,NA,0,@ CAR,31,·,3.2,-3.2
13,3161,Carson Wentz,QB,32.7,MIN,999.0,999,999,0,0,0,1,0,0,0,0,0,0.0,0,0,0,0,0,0,0.00,0,0,0,0,0.00,0.00,0,0,0,0,0,0,0,0,0.0,0.0,0,0,0,0,0,NA,0,0,NA,NA,NA,NA,0,NA,0,0,NA,NA,NA,NA,NA,0,NA,NA,NA,NA,NA,NA,NA,0,@ SEA,11,IR,IR,IR
13,19,Joe Flacco,QB,40.7,CIN,999.0,999,999,0,0,0,1,0,0,83,0,0,0.0,0,0,0,0,0,0,0.00,0,0,0,0,0.00,0.00,0,0,0,0,0,0,0,0,0.0,0.0,0,0,0,0,0,NA,0,0,0.0%,NA,NA,NA,0,NA,0,0,NA,NA,NA,NA,NA,0,NA,NA,NA,NA,NA,NA,NA,0,@ BAL,15,·,·,·
13,7562,Tutu Atwell,WR,26.0,LAR,999.0,999,999,0,0,0,1,0,0,0,0,0,0.0,0,0,0,0,0,0,0.00,0,0,0,0,0.00,0.00,0,0,0,0,0,0,0,0,0.0,0.0,0,0,0,0,0,NA,0,0,NA,NA,NA,NA,0,NA,0,0,NA,NA,NA,NA,NA,0,NA,NA,NA,NA,NA,NA,NA,0,@ CAR,31,IR,4.4,-4.4
13,10235,Roschon Johnson,RB,24.6,CHI,999.0,999,999,0,0,0,1,0,0,0,0,0,0.0,0,0,0,0,0,0,0.00,0,0,0,0,0.00,0.00,0,0,0,0,0,0,0,0,0.0,0.0,0,0,0,0,0,NA,0,0,NA,NA,NA,NA,0,NA,0,0,NA,NA,NA,NA,NA,0,NA,NA,NA,NA,NA,NA,NA,0,@ PHI,16,IR,IR,IR
13,10226,Andrei Iosivas,WR,26.0,CIN,37.0,31,26,9.9,9.4,8.9,1,1,1,83,78,0,0.0,0,0,0,0,0,0,0.00,0,0,0,0,0.00,0.00,1,26,0,0,1,2,3,29,29.0,14.5,0,0,0,29,0,NA,0,0,94.0%,NA,NA,NA,0,NA,1,2,0.500,1.0,46,4.3%,0.63,0,NA,NA,NA,NA,NA,0.000,NA,29,@ BAL,11,·,8.6,1.3
13,12511,Will Howard,QB,24.0,PIT,0.0,0,0,0,0,0,0,0,0,0,0,0,0.0,0,0,0,0,0,0,0.00,0,0,0,0,0.00,0.00,0,0,0,0,0,0,0,0,0.0,0.0,0,0,0,0,0,NA,0,0,NA,NA,NA,NA,0,NA,0,0,NA,NA,NA,NA,NA,0,NA,NA,NA,NA,NA,NA,NA,0,vs BUF,27,·,·,·
13,8917,KaVontae Turpin,WR,29.2,DAL,43.0,40,39,8.1,7.1,6.1,1,1,0,72,26,0,0.0,0,0,0,0,0,0,0.00,33,0,0,0,0.00,0.00,2,0,0,2,0,2,28,28,14.0,14.0,3,1,1,61,0,NA,33,11,36.1%,NA,NA,NA,1,NA,3,5,0.600,3.0,14,5.1%,2.00,0,NA,NA,NA,NA,NA,0.143,NA,61,vs KC,26,·,4.0,4.1
13,11783,Ryan Flournoy,WR,25.9,DAL,52.0,53,51,6.4,4.9,3.4,1,1,0,72,27,0,0.0,0,0,0,0,0,0,0.00,0,0,0,0,0.00,0.00,3,21,0,2,0,3,13,34,11.3,11.3,0,0,0,34,0,NA,0,0,37.5%,NA,NA,NA,0,NA,2,3,0.667,2.0,16,7.7%,2.13,0,NA,NA,NA,NA,NA,0.125,NA,34,vs KC,26,·,3.4,3.0
13,11435,Emanuel Wilson,RB,26.4,GB,69.0,69,66,1.4,1.4,1.4,1,1,0,63,12,0,0.0,0,0,0,0,0,0,0.00,14,0,0,0,0.00,0.00,0,0,0,0,0,0,0,0,0.0,0.0,4,0,2,14,0,13,14,3.5,19.0%,0,3.20,0.000,2,0.320,2,4,0.500,2.0,NA,0.0%,NA,0,NA,NA,NA,NA,NA,NA,NA,14,@ DET,30,·,7.4,-6.0
13,8119,Jahan Dotson,WR,25.5,PHI,91.0,89,89,2.2,1.7,1.2,1,1,1,54,32,0,0.0,0,0,0,0,0,0,0.00,0,0,0,0,0.00,0.00,1,5,0,1,0,3,7,12,12.0,4.0,0,0,0,12,0,NA,0,0,59.3%,NA,NA,NA,0,NA,1,3,0.333,1.0,21,8.8%,0.57,0,NA,NA,NA,NA,NA,0.048,NA,12,vs CHI,7,·,4.0,-1.8
13,7694,Tommy Tremble,TE,25.3,CAR,59.0,59,59,1.2,0.7,0.2,1,1,1,64,36,0,0.0,0,0,0,0,0,0,0.00,0,0,0,0,0.00,0.00,1,1,0,0,0,2,1,2,2.0,1.0,0,0,0,2,0,NA,0,0,56.3%,NA,NA,NA,0,NA,0,2,0.000,0.0,6,10.0%,0.33,0,NA,NA,NA,NA,NA,0.000,NA,2,vs LAR,15,·,3.0,-1.8
13,9497,Jalin Hyatt,WR,24.0,NYG,0.0,0,0,0,0,0,0,0,0,0,0,0,0.0,0,0,0,0,0,0,0.00,0,0,0,0,0.00,0.00,0,0,0,0,0,0,0,0,0.0,0.0,0,0,0,0,0,NA,0,0,NA,NA,NA,NA,0,NA,0,0,NA,NA,NA,NA,NA,0,NA,NA,NA,NA,NA,NA,NA,0,@ NE,14,·,0.5,-0.5
13,12500,Quinn Ewers,QB,22.4,MIA,0.0,0,0,0,0,0,0,0,0,0,0,0,0.0,0,0,0,0,0,0,0.00,0,0,0,0,0.00,0.00,0,0,0,0,0,0,0,0,0.0,0.0,0,0,0,0,0,NA,0,0,NA,NA,NA,NA,0,NA,0,0,NA,NA,NA,NA,NA,0,NA,NA,NA,NA,NA,NA,NA,0,vs NO,20,·,·,·
13,11629,Devontez Walker,WR,24.3,BAL,999.0,999,999,0,0,0,1,1,0,60,17,0,0.0,0,0,0,0,0,0,0.00,0,0,0,0,0.00,0.00,0,0,1,0,0,2,0,0,0.0,0.0,0,0,0,0,0,NA,0,0,28.3%,NA,NA,NA,0,NA,0,2,0.000,0.0,8,6.3%,0.00,0,NA,NA,NA,NA,NA,0.000,NA,0,vs CIN,23,·,2.0,-2.0
13,9479,Darnell Washington,TE,24.1,PIT,26.0,23,20,6.5,5.5,4.5,1,1,1,43,34,0,0.0,0,0,0,0,0,0,0.00,0,0,0,0,0.00,0.00,2,20,1,1,0,4,25,45,22.5,11.3,0,0,0,45,0,NA,0,0,79.1%,NA,NA,NA,0,NA,1,4,0.250,1.0,21,16.7%,2.14,0,NA,NA,NA,NA,NA,0.048,NA,45,vs BUF,32,·,5.4,1.1
13,11199,Emari Demercado,RB,26.7,ARI,0.0,0,0,0,0,0,0,0,0,0,0,0,0.0,0,0,0,0,0,0,0.00,0,0,0,0,0.00,0.00,0,0,0,0,0,0,0,0,0.0,0.0,0,0,0,0,0,NA,0,0,NA,NA,NA,NA,0,NA,0,0,NA,NA,NA,NA,NA,0,NA,NA,NA,NA,NA,NA,NA,0,@ TB,11,Q,Q,Q
13,4040,JuJu Smith-Schuster,WR,28.8,KC,999.0,999,999,0,0,0,1,1,0,66,22,0,0.0,0,0,0,0,0,0,0.00,0,0,0,0,0.00,0.00,0,0,0,0,0,1,0,0,0.0,0.0,0,0,0,0,0,NA,0,0,33.3%,NA,NA,NA,0,NA,0,1,0.000,0.0,11,2.9%,0.00,0,NA,NA,NA,NA,NA,0.000,NA,0,@ DAL,1,·,4.6,-4.6
13,1426,DeAndre Hopkins,WR,33.3,BAL,69.0,66,65,4.5,3.5,2.5,1,1,0,60,23,0,0.0,0,0,0,0,0,0,0.00,0,0,0,0,0.00,0.00,2,23,0,1,0,3,2,25,12.5,8.3,0,0,0,25,0,NA,0,0,38.3%,NA,NA,NA,0,NA,1,3,0.333,1.0,15,9.4%,1.67,0,NA,NA,NA,NA,NA,0.067,NA,25,vs CIN,23,·,4.3,0.2
13,6111,Jake Browning,QB,29.5,CIN,0.0,0,0,0,0,0,0,0,0,0,0,0,0.0,0,0,0,0,0,0,0.00,0,0,0,0,0.00,0.00,0,0,0,0,0,0,0,0,0.0,0.0,0,0,0,0,0,NA,0,0,NA,NA,NA,NA,0,NA,0,0,NA,NA,NA,NA,NA,0,NA,NA,NA,NA,NA,NA,NA,0,@ BAL,15,·,·,·
13,12542,Efton Chism,WR,23.9,NE,999.0,999,999,0,0,0,1,1,0,65,2,0,0.0,0,0,0,0,0,0,0.00,0,0,0,0,0.00,0.00,0,0,0,0,0,0,0,0,0.0,0.0,0,0,0,0,0,NA,0,0,3.1%,NA,NA,NA,0,NA,0,0,NA,0.0,NA,NA,NA,0,NA,NA,NA,NA,NA,NA,NA,0,vs NYG,4,·,0.2,-0.2
13,6271,Olamide Zaccheaus,WR,28.2,CHI,75.0,77,76,3.9,2.9,1.9,1,1,0,87,24,0,0.0,0,0,0,0,0,0,0.00,0,0,0,0,0.00,0.00,2,4,0,2,0,3,15,19,9.5,6.3,0,0,0,19,0,NA,0,0,27.6%,NA,NA,NA,0,NA,2,3,0.667,2.0,7,8.3%,2.71,0,NA,NA,NA,NA,NA,0.286,NA,19,@ PHI,16,·,3.1,0.8
13,4219,Jeremy McNichols,RB,29.8,WAS,53.0,52,51,5,4,3,1,1,0,90,44,0,0.0,0,0,0,0,0,0,0.00,30,0,0,0,0.00,0.00,2,-9,0,0,0,2,9,0,0.0,0.0,6,0,2,30,0,31,30,5,48.9%,4,5.10,0.667,2,1.177,2,8,0.250,2.0,NA,4.0%,NA,0,NA,NA,NA,NA,NA,NA,NA,30,vs DEN,27,·,5.5,-0.5
13,2307,Marcus Mariota,QB,31.9,WAS,3.0,3,3,24.26,24.26,24.26,1,1,1,90,90,1,56.0,212,50,28,15,22,1,78.30,349,2,2,294,5.88,10.50,0,0,0,0,0,0,0,0,0.0,0.0,10,0,5,55,0,NA,55,5.5,100.0%,NA,NA,NA,5,NA,22,60,NA,NA,NA,NA,NA,17,34.0%,2.73,16.0%,17.9%,11.30,NA,56,349,vs DEN,31,·,19.8,4.5
13,12496,Tai Felton,WR,22.5,MIN,999.0,999,999,0,0,0,1,1,0,52,0,0,0.0,0,0,0,0,0,0,0.00,0,0,0,0,0.00,0.00,0,0,0,0,0,0,0,0,0.0,0.0,0,0,0,0,0,NA,0,0,0.0%,NA,NA,NA,0,NA,0,0,NA,0.0,NA,NA,NA,0,NA,NA,NA,NA,NA,NA,NA,0,@ SEA,9,·,0.1,-0.1
13,7596,Elijah Moore,WR,25.5,BUF,0.0,0,0,0,0,0,0,0,0,0,0,0,0.0,0,0,0,0,0,0,0.00,0,0,0,0,0.00,0.00,0,0,0,0,0,0,0,0,0.0,0.0,0,0,0,0,0,NA,0,0,NA,NA,NA,NA,0,NA,0,0,NA,NA,NA,NA,NA,0,NA,NA,NA,NA,NA,NA,NA,0,@ PIT,2,·,·,·
13,11619,Ja'Lynn Polk,WR,23.5,NO,999.0,999,999,0,0,0,1,0,0,0,0,0,0.0,0,0,0,0,0,0,0.00,0,0,0,0,0.00,0.00,0,0,0,0,0,0,0,0,0.0,0.0,0,0,0,0,0,NA,0,0,NA,NA,NA,NA,0,NA,0,0,NA,NA,NA,NA,NA,0,NA,NA,NA,NA,NA,NA,NA,0,@ MIA,27,IR,IR,IR
13,9492,Trey Palmer,WR,24.5,NO,999.0,999,999,0,0,0,1,0,0,0,0,0,0.0,0,0,0,0,0,0,0.00,0,0,0,0,0.00,0.00,0,0,0,0,0,0,0,0,0.0,0.0,0,0,0,0,0,NA,0,0,NA,NA,NA,NA,0,NA,0,0,NA,NA,NA,NA,NA,0,NA,NA,NA,NA,NA,NA,NA,0,@ MIA,27,IR,IR,IR
13,8161,Malik Willis,QB,26.3,GB,999.0,999,999,0,0,0,1,0,0,63,0,0,0.0,0,0,0,0,0,0,0.00,0,0,0,0,0.00,0.00,0,0,0,0,0,0,0,0,0.0,0.0,0,0,0,0,0,NA,0,0,0.0%,NA,NA,NA,0,NA,0,0,NA,NA,NA,NA,NA,0,NA,NA,NA,NA,NA,NA,NA,0,@ DET,8,·,·,·
13,11640,Jermaine Burton,WR,24.2,CIN,0.0,0,0,0,0,0,0,0,0,0,0,0,0.0,0,0,0,0,0,0,0.00,0,0,0,0,0.00,0.00,0,0,0,0,0,0,0,0,0.0,0.0,0,0,0,0,0,NA,0,0,NA,NA,NA,NA,0,NA,0,0,NA,NA,NA,NA,NA,0,NA,NA,NA,NA,NA,NA,NA,0,@ BAL,11,·,0.1,-0.1
13,3200,Sterling Shepard,WR,32.6,TB,101.0,101,101,1.5,1,0.5,1,1,0,61,16,0,0.0,0,0,0,0,0,0,0.00,0,0,0,0,0.00,0.00,1,5,0,1,0,2,0,5,5.0,2.5,0,0,0,5,0,NA,0,0,26.2%,NA,NA,NA,0,NA,1,2,0.500,1.0,12,7.1%,0.42,0,NA,NA,NA,NA,NA,0.083,NA,5,vs ARI,20,·,4.5,-3.0
13,6039,Ty Johnson,RB,28.0,BUF,48.0,53,55,5.5,4,2.5,1,1,0,74,20,0,0.0,0,0,0,0,0,0,0.00,5,0,0,0,0.00,0.00,3,2,0,2,0,5,18,20,6.7,4.0,2,0,2,25,0,4,5,2.5,27.0%,2,2.20,1.000,2,1.220,4,7,0.571,4.0,NA,21.7%,NA,0,NA,NA,NA,NA,NA,NA,NA,25,@ PIT,25,·,6.4,-0.9
13,11821,Tahj Washington,WR,24.4,MIA,0.0,0,0,0,0,0,0,0,0,0,0,0,0.0,0,0,0,0,0,0,0.00,0,0,0,0,0.00,0.00,0,0,0,0,0,0,0,0,0.0,0.0,0,0,0,0,0,NA,0,0,NA,NA,NA,NA,0,NA,0,0,NA,NA,NA,NA,NA,0,NA,NA,NA,NA,NA,NA,NA,0,vs NO,17,·,0.3,-0.3
13,12462,Damien Martinez,RB,21.6,FA,0.0,0,0,0,0,0,0,0,0,0,0,0,0.0,0,0,0,0,0,0,0.00,0,0,0,0,0.00,0.00,0,0,0,0,0,0,0,0,0.0,0.0,0,0,0,0,0,NA,0,0,NA,NA,NA,NA,0,NA,0,0,NA,NA,NA,NA,NA,0,NA,NA,NA,NA,NA,NA,NA,0,NA,,·,·,·
13,2306,Jameis Winston,QB,31.7,NYG,999.0,999,999,0,0,0,1,0,0,55,0,0,0.0,0,0,0,0,0,0,0.00,0,0,0,0,0.00,0.00,0,0,0,0,0,0,0,0,0.0,0.0,0,0,0,0,0,NA,0,0,0.0%,NA,NA,NA,0,NA,0,0,NA,NA,NA,NA,NA,0,NA,NA,NA,NA,NA,NA,NA,0,@ NE,19,·,·,·
13,12520,Xavier Restrepo,WR,23.5,TEN,85.0,84,83,2.5,2,1.5,1,1,0,59,11,0,0.0,0,0,0,0,0,0,0.00,0,0,0,0,0.00,0.00,1,9,0,1,0,1,6,15,15.0,15.0,0,0,0,15,0,NA,0,0,18.6%,NA,NA,NA,0,NA,1,1,1.000,1.0,8,2.6%,1.88,0,NA,NA,NA,NA,NA,0.125,NA,15,vs JAX,13,·,2.3,0.2
13,11599,Cade Stover,TE,25.3,HOU,35.0,36,37,3.9,2.9,1.9,1,1,1,76,31,0,0.0,0,0,0,0,0,0,0.00,3,0,0,0,0.00,0.00,2,9,0,1,0,2,7,16,8.0,8.0,4,0,2,19,0,NA,3,0.75,40.8%,NA,NA,NA,2,NA,3,6,0.500,3.0,4,5.7%,4.00,0,NA,NA,NA,NA,NA,0.250,NA,19,@ IND,6,·,1.1,2.8
13,2505,Darren Waller,TE,33.0,MIA,24.0,22,18,6.7,5.7,4.7,1,1,1,60,28,0,0.0,0,0,0,0,0,0,0.00,0,0,0,0,0.00,0.00,2,28,0,1,0,3,19,47,23.5,15.7,0,0,0,47,0,NA,0,0,46.7%,NA,NA,NA,0,NA,1,3,0.333,1.0,17,13.0%,2.76,0,NA,NA,NA,NA,NA,0.059,NA,47,vs NO,17,·,7.8,-1.1
13,11616,Jacob Cowing,WR,24.6,SF,999.0,999,999,0,0,0,1,0,0,0,0,0,0.0,0,0,0,0,0,0,0.00,0,0,0,0,0.00,0.00,0,0,0,0,0,0,0,0,0.0,0.0,0,0,0,0,0,NA,0,0,NA,NA,NA,NA,0,NA,0,0,NA,NA,NA,NA,NA,0,NA,NA,NA,NA,NA,NA,NA,0,@ CLE,24,IR,IR,IR
13,4993,Mike Gesicki,TE,30.0,CIN,34.0,35,36,3.9,2.9,1.9,1,1,0,83,23,0,0.0,0,0,0,0,0,0,0.00,0,0,0,0,0.00,0.00,2,15,0,1,0,4,4,19,9.5,4.8,0,0,0,19,0,NA,0,0,27.7%,NA,NA,NA,0,NA,1,4,0.250,1.0,20,8.7%,0.95,0,NA,NA,NA,NA,NA,0.050,NA,19,@ BAL,25,·,6.7,-2.8
13,12516,Kalel Mullings,RB,23.0,TEN,999.0,999,999,0,0,0,1,1,0,59,4,0,0.0,0,0,0,0,0,0,0.00,0,0,0,0,0.00,0.00,0,0,0,0,0,0,0,0,0.0,0.0,0,0,0,0,0,NA,0,0,6.8%,NA,NA,NA,0,NA,0,0,NA,0.0,NA,NA,NA,0,NA,NA,NA,NA,NA,NA,NA,0,vs JAX,28,·,·,·
13,8207,Tyler Goodson,RB,24.9,IND,999.0,999,999,0,0,0,1,1,0,54,0,0,0.0,0,0,0,0,0,0,0.00,0,0,0,0,0.00,0.00,0,0,0,0,0,0,0,0,0.0,0.0,0,0,0,0,0,NA,0,0,0.0%,NA,NA,NA,0,NA,0,0,NA,0.0,NA,NA,NA,0,NA,NA,NA,NA,NA,NA,NA,0,vs HOU,22,·,0.4,-0.4
13,8147,John Metchie,WR,25.2,NYJ,58.0,65,78,5.7,3.7,1.7,1,1,1,66,64,0,0.0,0,0,0,0,0,0,0.00,-2,0,0,0,0.00,0.00,4,8,1,0,0,8,11,19,4.8,2.4,1,0,0,17,0,NA,-2,-2,97.0%,NA,NA,NA,0,NA,0,9,0.000,0.0,34,24.2%,0.56,0,NA,NA,NA,NA,NA,0.000,NA,17,vs ATL,15,·,9.4,-3.7
13,12472,Raheim Sanders,RB,23.3,CLE,999.0,999,999,0,0,0,1,0,0,63,0,0,0.0,0,0,0,0,0,0,0.00,0,0,0,0,0.00,0.00,0,0,0,0,0,0,0,0,0.0,0.0,0,0,0,0,0,NA,0,0,0.0%,NA,NA,NA,0,NA,0,0,NA,NA,NA,NA,NA,0,NA,NA,NA,NA,NA,NA,NA,0,vs SF,26,·,0.0,0.0
13,3271,Tyler Higbee,TE,32.7,LAR,999.0,999,999,0,0,0,1,0,0,0,0,0,0.0,0,0,0,0,0,0,0.00,0,0,0,0,0.00,0.00,0,0,0,0,0,0,0,0,0.0,0.0,0,0,0,0,0,NA,0,0,NA,NA,NA,NA,0,NA,0,0,NA,NA,NA,NA,NA,0,NA,NA,NA,NA,NA,NA,NA,0,@ CAR,9,IR,IR,IR
13,5970,Greg Dortch,WR,27.3,ARI,79.0,80,84,3.4,2.4,1.4,1,1,0,61,20,0,0.0,0,0,0,0,0,0,0.00,0,0,0,0,0.00,0.00,2,-3,0,1,0,2,17,14,7.0,7.0,0,0,0,14,0,NA,0,0,32.8%,NA,NA,NA,0,NA,1,2,0.500,1.0,13,5.0%,1.08,0,NA,NA,NA,NA,NA,0.077,NA,14,@ TB,12,·,11.1,-7.7
13,5955,Hunter Renfrow,WR,29.8,CAR,0.0,0,0,0,0,0,0,0,0,0,0,0,0.0,0,0,0,0,0,0,0.00,0,0,0,0,0.00,0.00,0,0,0,0,0,0,0,0,0.0,0.0,0,0,0,0,0,NA,0,0,NA,NA,NA,NA,0,NA,0,0,NA,NA,NA,NA,NA,0,NA,NA,NA,NA,NA,NA,NA,0,vs LAR,19,·,0.1,-0.1
13,8129,Dameon Pierce,RB,25.6,HOU,999.0,999,999,0,0,0,1,0,0,0,0,0,0.0,0,0,0,0,0,0,0.00,0,0,0,0,0.00,0.00,0,0,0,0,0,0,0,0,0.0,0.0,0,0,0,0,0,NA,0,0,NA,NA,NA,NA,0,NA,0,0,NA,NA,NA,NA,NA,0,NA,NA,NA,NA,NA,NA,NA,0,@ IND,21,·,·,·
13,11439,Jaleel McLaughlin,RB,25.0,DEN,58.0,55,52,4,3.5,3,1,1,0,70,13,0,0.0,0,0,0,0,0,0,0.00,24,0,0,0,0.00,0.00,1,-2,0,0,0,1,8,6,6.0,6.0,6,0,1,30,0,10,24,4,18.6%,2,1.70,0.333,1,0.503,1,7,0.143,1.0,NA,2.2%,NA,0,NA,NA,NA,NA,NA,NA,NA,30,@ WAS,4,·,6.0,-2.0
13,12634,Jordan Watkins,WR,23.6,SF,0.0,0,0,0,0,0,0,0,0,0,0,0,0.0,0,0,0,0,0,0,0.00,0,0,0,0,0.00,0.00,0,0,0,0,0,0,0,0,0.0,0.0,0,0,0,0,0,NA,0,0,NA,NA,NA,NA,0,NA,0,0,NA,NA,NA,NA,NA,0,NA,NA,NA,NA,NA,NA,NA,0,@ CLE,24,·,0.2,-0.2
13,10871,Luke Schoonmaker,TE,27.0,DAL,60.0,60,60,1.1,0.6,0.1,1,1,1,72,23,0,0.0,0,0,0,0,0,0,0.00,0,0,0,0,0.00,0.00,1,-1,0,0,0,1,2,1,1.0,1.0,0,0,0,1,0,NA,0,0,31.9%,NA,NA,NA,0,NA,0,1,0.000,0.0,6,2.6%,0.17,0,NA,NA,NA,NA,NA,0.000,NA,1,vs KC,24,·,1.2,-0.1
13,11834,Devaughn Vele,WR,27.8,NO,7.0,8,10,23.3,19.3,15.3,1,1,1,72,63,0,0.0,0,0,0,0,0,0,0.00,0,0,0,0,0.00,0.00,8,87,0,5,1,8,6,93,11.6,11.6,0,0,0,93,0,NA,0,0,87.5%,NA,NA,NA,0,NA,6,8,0.750,6.0,37,21.1%,2.51,0,NA,NA,NA,NA,NA,0.135,NA,93,@ MIA,27,·,8.1,15.2
13,6151,Miles Sanders,RB,28.4,DAL,999.0,999,999,0,0,0,1,0,0,0,0,0,0.0,0,0,0,0,0,0,0.00,0,0,0,0,0.00,0.00,0,0,0,0,0,0,0,0,0.0,0.0,0,0,0,0,0,NA,0,0,NA,NA,NA,NA,0,NA,0,0,NA,NA,NA,NA,NA,0,NA,NA,NA,NA,NA,NA,NA,0,vs KC,29,IR,IR,IR
13,10231,Elijah Higgins,TE,24.9,ARI,36.0,38,40,3.7,2.7,1.7,1,1,1,61,25,0,0.0,0,0,0,0,0,0,0.00,0,0,0,0,0.00,0.00,2,6,0,1,0,2,11,17,8.5,8.5,0,0,0,17,0,NA,0,0,41.0%,NA,NA,NA,0,NA,1,2,0.500,1.0,16,5.0%,1.06,0,NA,NA,NA,NA,NA,0.063,NA,17,@ TB,22,·,3.6,0.1
13,12738,Phil Mafah,RB,22.9,DAL,999.0,999,999,0,0,0,1,0,0,0,0,0,0.0,0,0,0,0,0,0,0.00,0,0,0,0,0.00,0.00,0,0,0,0,0,0,0,0,0.0,0.0,0,0,0,0,0,NA,0,0,NA,NA,NA,NA,0,NA,0,0,NA,NA,NA,NA,NA,0,NA,NA,NA,NA,NA,NA,NA,0,vs KC,29,IR,IR,IR
13,11579,Audric Estime,RB,22.1,PHI,999.0,999,999,0,0,0,1,1,0,72,0,0,0.0,0,0,0,0,0,0,0.00,0,0,0,0,0.00,0.00,0,0,0,0,0,0,0,0,0.0,0.0,0,0,0,0,0,NA,0,0,0.0%,NA,NA,NA,0,NA,0,0,NA,0.0,NA,NA,NA,0,NA,NA,NA,NA,NA,NA,NA,0,vs CHI,13,·,2.6,-2.6
13,6865,Colby Parkinson,TE,26.7,LAR,25.0,26,30,6.7,4.7,2.7,1,1,1,52,35,0,0.0,0,0,0,0,0,0,0.00,0,0,0,0,0.00,0.00,4,0,0,3,0,5,27,27,6.8,5.4,0,0,0,27,0,NA,0,0,67.3%,NA,NA,NA,0,NA,3,5,0.600,3.0,14,17.9%,1.93,0,NA,NA,NA,NA,NA,0.214,NA,27,@ CAR,9,·,5.7,1.0
13,12515,Donovan Edwards,RB,22.6,WAS,999.0,999,999,0,0,0,1,0,0,0,0,0,0.0,0,0,0,0,0,0,0.00,0,0,0,0,0.00,0.00,0,0,0,0,0,0,0,0,0.0,0.0,0,0,0,0,0,NA,0,0,NA,NA,NA,NA,0,NA,0,0,NA,NA,NA,NA,NA,0,NA,NA,NA,NA,NA,NA,NA,0,vs DEN,27,·,·,·
13,8208,Tyler Badie,RB,25.6,DEN,54.0,56,61,4.8,3.3,1.8,1,1,0,70,18,0,0.0,0,0,0,0,0,0,0.00,0,0,0,0,0.00,0.00,3,3,0,1,0,5,15,18,6.0,3.6,0,0,0,18,0,0,0,0,25.7%,0,0.00,NA,0,NA,1,5,0.200,1.0,NA,11.1%,NA,0,NA,NA,NA,NA,NA,NA,NA,18,@ WAS,4,·,3.0,1.8
13,8225,Daniel Bellinger,TE,25.0,NYG,999.0,999,999,0,0,0,1,1,0,55,20,0,0.0,0,0,0,0,0,0,0.00,0,0,0,0,0.00,0.00,0,0,0,0,0,0,0,0,0.0,0.0,0,0,0,0,0,NA,0,0,36.4%,NA,NA,NA,0,NA,0,0,NA,0.0,NA,NA,NA,0,NA,NA,NA,NA,NA,NA,NA,0,@ NE,11,·,4.1,-4.1
13,12539,Arian Smith,WR,24.0,NYJ,0.0,0,0,0,0,0,0,0,0,0,0,0,0.0,0,0,0,0,0,0,0.00,0,0,0,0,0.00,0.00,0,0,0,0,0,0,0,0,0.0,0.0,0,0,0,0,0,NA,0,0,NA,NA,NA,NA,0,NA,0,0,NA,NA,NA,NA,NA,0,NA,NA,NA,NA,NA,NA,NA,0,vs ATL,15,·,2.5,-2.5
13,4234,Noah Brown,WR,29.7,WAS,999.0,999,999,0,0,0,1,0,0,0,0,0,0.0,0,0,0,0,0,0,0.00,0,0,0,0,0.00,0.00,0,0,0,0,0,0,0,0,0.0,0.0,0,0,0,0,0,NA,0,0,NA,NA,NA,NA,0,NA,0,0,NA,NA,NA,NA,NA,0,NA,NA,NA,NA,NA,NA,NA,0,vs DEN,32,IR,IR,IR
13,11370,Chris Brooks,RB,25.7,GB,60.0,64,70,2.9,1.9,0.9,1,1,0,63,18,0,0.0,0,0,0,0,0,0,0.00,0,0,0,0,0.00,0.00,2,5,0,0,0,2,4,9,4.5,4.5,0,0,0,9,0,0,0,0,28.6%,1,0.00,NA,0,NA,0,2,0.000,0.0,NA,6.7%,NA,0,NA,NA,NA,NA,NA,NA,NA,9,@ DET,30,·,1.2,1.7
13,6130,Devin Singletary,RB,28.1,NYG,7.0,8,9,19.2,17.7,16.2,1,1,0,55,28,0,0.0,0,0,0,0,0,0,0.00,68,0,0,0,0.00,0.00,3,-1,0,1,0,3,35,34,11.3,11.3,12,1,3,102,1,49,68,5.67,50.9%,3,4.10,0.250,4,0.660,5,15,0.333,5.0,NA,12.5%,NA,0,NA,NA,NA,NA,NA,NA,NA,102,@ NE,32,·,7.9,11.3
13,6943,Gabriel Davis,WR,26.5,BUF,99.0,99,99,1.5,1,0.5,1,1,0,74,43,0,0.0,0,0,0,0,0,0,0.00,0,0,0,0,0.00,0.00,1,3,0,0,0,2,2,5,5.0,2.5,0,0,0,5,0,NA,0,0,58.1%,NA,NA,NA,0,NA,0,2,0.000,0.0,15,8.7%,0.33,0,NA,NA,NA,NA,NA,0.000,NA,5,@ PIT,2,·,4.9,-3.4
13,6945,Antonio Gibson,RB,27.3,NE,999.0,999,999,0,0,0,1,0,0,0,0,0,0.0,0,0,0,0,0,0,0.00,0,0,0,0,0.00,0.00,0,0,0,0,0,0,0,0,0.0,0.0,0,0,0,0,0,NA,0,0,NA,NA,NA,NA,0,NA,0,0,NA,NA,NA,NA,NA,0,NA,NA,NA,NA,NA,NA,NA,0,vs NYG,2,IR,IR,IR
13,4082,Curtis Samuel,WR,29.1,BUF,999.0,999,999,0,0,0,1,0,0,0,0,0,0.0,0,0,0,0,0,0,0.00,0,0,0,0,0.00,0.00,0,0,0,0,0,0,0,0,0.0,0.0,0,0,0,0,0,NA,0,0,NA,NA,NA,NA,0,NA,0,0,NA,NA,NA,NA,NA,0,NA,NA,NA,NA,NA,NA,NA,0,@ PIT,2,Q,3.2,-3.2
13,7496,Nick Westbrook-Ikhine,WR,28.5,MIA,999.0,999,999,0,0,0,1,1,0,60,13,0,0.0,0,0,0,0,0,0,0.00,0,0,0,0,0.00,0.00,0,0,0,0,0,0,0,0,0.0,0.0,0,0,0,0,0,NA,0,0,21.7%,NA,NA,NA,0,NA,0,0,NA,0.0,8,0.0%,0.00,0,NA,NA,NA,NA,NA,0.000,NA,0,vs NO,17,·,4.8,-4.8
13,5096,Ray-Ray McCloud,WR,29.0,ATL,999.0,999,999,0,0,0,1,0,0,0,0,0,0.0,0,0,0,0,0,0,0.00,0,0,0,0,0.00,0.00,0,0,0,0,0,0,0,0,0.0,0.0,0,0,0,0,0,NA,0,0,NA,NA,NA,NA,0,NA,0,0,NA,NA,NA,NA,NA,0,NA,NA,NA,NA,NA,NA,NA,0,@ NYJ,21,·,·,·
13,5010,Will Dissly,TE,29.2,LAC,0.0,0,0,0,0,0,0,0,0,0,0,0,0.0,0,0,0,0,0,0,0.00,0,0,0,0,0.00,0.00,0,0,0,0,0,0,0,0,0.0,0.0,0,0,0,0,0,NA,0,0,NA,NA,NA,NA,0,NA,0,0,NA,NA,NA,NA,NA,0,NA,NA,NA,NA,NA,NA,NA,0,vs LV,28,·,0.2,-0.2
13,8139,Zamir White,RB,26.0,LV,0.0,0,0,0,0,0,0,0,0,0,0,0,0.0,0,0,0,0,0,0,0.00,0,0,0,0,0.00,0.00,0,0,0,0,0,0,0,0,0.0,0.0,0,0,0,0,0,NA,0,0,NA,NA,NA,NA,0,NA,0,0,NA,NA,NA,NA,NA,0,NA,NA,NA,NA,NA,NA,NA,0,@ LAC,18,·,0.0,0.0
13,1166,Kirk Cousins,QB,37.1,ATL,22.0,22,22,13.36,13.36,13.36,1,1,1,69,69,0,63.6,25,33,21,11,12,0,94.80,234,2,1,234,7.09,11.14,0,0,0,0,0,0,0,0,0.0,0.0,0,0,0,0,0,NA,0,0,100.0%,NA,NA,NA,0,NA,12,33,NA,NA,NA,NA,NA,12,36.4%,2.78,6.1%,34.3%,5.10,NA,35,234,@ NYJ,14,·,16.6,-3.2
13,11633,Jamari Thrash,WR,24.8,CLE,0.0,0,0,0,0,0,0,0,0,0,0,0,0.0,0,0,0,0,0,0,0.00,0,0,0,0,0.00,0.00,0,0,0,0,0,0,0,0,0.0,0.0,0,0,0,0,0,NA,0,0,NA,NA,NA,NA,0,NA,0,0,NA,NA,NA,NA,NA,0,NA,NA,NA,NA,NA,NA,NA,0,vs SF,22,Q,2.7,-2.7
13,8122,Zonovan Knight,RB,24.5,ARI,14.0,13,14,16.8,15.3,13.8,1,1,1,61,29,1,0.0,0,0,0,0,0,0,0.00,62,0,0,0,0.00,0.00,3,12,0,1,1,3,24,36,12.0,12.0,11,2,4,98,0,9,62,5.64,47.5%,7,0.80,0.636,4,0.716,6,14,0.429,6.0,NA,7.5%,NA,0,NA,NA,NA,NA,NA,NA,NA,98,@ TB,11,·,6.5,10.3
13,7538,Zach Wilson,QB,26.2,MIA,999.0,999,999,0,0,0,1,0,0,60,0,0,0.0,0,0,0,0,0,0,0.00,0,0,0,0,0.00,0.00,0,0,0,0,0,0,0,0,0.0,0.0,0,0,0,0,0,NA,0,0,0.0%,NA,NA,NA,0,NA,0,0,NA,NA,NA,NA,NA,0,NA,NA,NA,NA,NA,NA,NA,0,vs NO,20,·,·,·
13,11592,Erick All,TE,25.0,CIN,999.0,999,999,0,0,0,1,0,0,0,0,0,0.0,0,0,0,0,0,0,0.00,0,0,0,0,0.00,0.00,0,0,0,0,0,0,0,0,0.0,0.0,0,0,0,0,0,NA,0,0,NA,NA,NA,NA,0,NA,0,0,NA,NA,NA,NA,NA,0,NA,NA,NA,NA,NA,NA,NA,0,@ BAL,25,PUP,PUP,PUP
13,10225,Jonathan Mingo,WR,24.4,DAL,0.0,0,0,0,0,0,0,0,0,0,0,0,0.0,0,0,0,0,0,0,0.00,0,0,0,0,0.00,0.00,0,0,0,0,0,0,0,0,0.0,0.0,0,0,0,0,0,NA,0,0,NA,NA,NA,NA,0,NA,0,0,NA,NA,NA,NA,NA,0,NA,NA,NA,NA,NA,NA,NA,0,vs KC,26,·,0.2,-0.2
13,1689,Adam Thielen,WR,35.1,MIN,0.0,0,0,0,0,0,0,0,0,0,0,0,0.0,0,0,0,0,0,0,0.00,0,0,0,0,0.00,0.00,0,0,0,0,0,0,0,0,0.0,0.0,0,0,0,0,0,NA,0,0,NA,NA,NA,NA,0,NA,0,0,NA,NA,NA,NA,NA,0,NA,NA,NA,NA,NA,NA,NA,0,@ SEA,9,·,1.5,-1.5
13,11299,Zavier Scott,RB,26.2,MIN,59.0,58,58,3.1,2.6,2.1,1,1,0,52,10,0,0.0,0,0,0,0,0,0,0.00,17,0,0,0,0.00,0.00,1,-2,0,0,0,1,6,4,4.0,4.0,3,0,1,21,0,6,17,5.67,19.2%,0,2.00,0.000,1,0.200,1,4,0.250,1.0,NA,3.3%,NA,0,NA,NA,NA,NA,NA,NA,NA,21,@ SEA,19,·,0.1,3.0
13,11256,Tyson Bagent,QB,25.3,CHI,999.0,999,999,0,0,0,1,0,0,87,0,0,0.0,0,0,0,0,0,0,0.00,0,0,0,0,0.00,0.00,0,0,0,0,0,0,0,0,0.0,0.0,0,0,0,0,0,NA,0,0,0.0%,NA,NA,NA,0,NA,0,0,NA,NA,NA,NA,NA,0,NA,NA,NA,NA,NA,NA,NA,0,@ PHI,16,·,·,·
13,7601,Rondale Moore,WR,25.3,MIN,999.0,999,999,0,0,0,1,0,0,0,0,0,0.0,0,0,0,0,0,0,0.00,0,0,0,0,0.00,0.00,0,0,0,0,0,0,0,0,0.0,0.0,0,0,0,0,0,NA,0,0,NA,NA,NA,NA,0,NA,0,0,NA,NA,NA,NA,NA,0,NA,NA,NA,NA,NA,NA,NA,0,@ SEA,9,IR,IR,IR
13,11645,Javon Baker,WR,23.6,PHI,0.0,0,0,0,0,0,0,0,0,0,0,0,0.0,0,0,0,0,0,0,0.00,0,0,0,0,0.00,0.00,0,0,0,0,0,0,0,0,0.0,0.0,0,0,0,0,0,NA,0,0,NA,NA,NA,NA,0,NA,0,0,NA,NA,NA,NA,NA,0,NA,NA,NA,NA,NA,NA,NA,0,vs CHI,7,·,·,·
13,8230,Ty Chandler,RB,27.4,MIN,999.0,999,999,0,0,0,1,0,0,0,0,0,0.0,0,0,0,0,0,0,0.00,0,0,0,0,0.00,0.00,0,0,0,0,0,0,0,0,0.0,0.0,0,0,0,0,0,NA,0,0,NA,NA,NA,NA,0,NA,0,0,NA,NA,NA,NA,NA,0,NA,NA,NA,NA,NA,NA,NA,0,@ SEA,19,IR,IR,IR
13,3286,Demarcus Robinson,WR,31.0,SF,107.0,106,96,0.6,0.6,0.6,1,1,0,67,29,0,0.0,0,0,0,0,0,0,0.00,6,0,0,0,0.00,0.00,0,0,0,0,0,1,0,0,0.0,0.0,1,0,0,6,0,NA,6,6,43.3%,NA,NA,NA,0,NA,0,2,0.000,0.0,13,3.3%,0.00,0,NA,NA,NA,NA,NA,0.000,NA,6,@ CLE,24,·,2.6,-2.0
13,8160,Kenny Pickett,QB,27.3,LV,999.0,999,999,0,0,0,1,0,0,48,0,0,0.0,0,0,0,0,0,0,0.00,0,0,0,0,0.00,0.00,0,0,0,0,0,0,0,0,0.0,0.0,0,0,0,0,0,NA,0,0,0.0%,NA,NA,NA,0,NA,0,0,NA,NA,NA,NA,NA,0,NA,NA,NA,NA,NA,NA,NA,0,@ LAC,28,·,·,·
13,5133,Tyler Conklin,TE,30.2,LAC,999.0,999,999,0,0,0,1,1,0,67,2,0,0.0,0,0,0,0,0,0,0.00,0,0,0,0,0.00,0.00,0,0,0,0,0,0,0,0,0.0,0.0,0,0,0,0,0,NA,0,0,3.0%,NA,NA,NA,0,NA,0,0,NA,0.0,1,0.0%,0.00,0,NA,NA,NA,NA,NA,0.000,NA,0,vs LV,28,·,0.8,-0.8
13,7561,Elijah Mitchell,RB,27.4,KC,0.0,0,0,0,0,0,0,0,0,0,0,0,0.0,0,0,0,0,0,0,0.00,0,0,0,0,0.00,0.00,0,0,0,0,0,0,0,0,0.0,0.0,0,0,0,0,0,NA,0,0,NA,NA,NA,NA,0,NA,0,0,NA,NA,NA,NA,NA,0,NA,NA,NA,NA,NA,NA,NA,0,@ DAL,12,·,·,·
13,12470,Riley Leonard,QB,23.0,IND,999.0,999,999,0,0,0,1,0,0,54,0,0,0.0,0,0,0,0,0,0,0.00,0,0,0,0,0.00,0.00,0,0,0,0,0,0,0,0,0.0,0.0,0,0,0,0,0,NA,0,0,0.0%,NA,NA,NA,0,NA,0,0,NA,NA,NA,NA,NA,0,NA,NA,NA,NA,NA,NA,NA,0,vs HOU,32,·,·,·
13,7595,Tylan Wallace,WR,26.4,BAL,0.0,0,0,0,0,0,0,0,0,0,0,0,0.0,0,0,0,0,0,0,0.00,0,0,0,0,0.00,0.00,0,0,0,0,0,0,0,0,0.0,0.0,0,0,0,0,0,NA,0,0,NA,NA,NA,NA,0,NA,0,0,NA,NA,NA,NA,NA,0,NA,NA,NA,NA,NA,NA,NA,0,vs CIN,23,·,1.8,-1.8
13,11570,Rasheen Ali,RB,24.6,BAL,66.0,65,62,1.7,1.7,1.7,1,1,0,60,29,0,0.0,0,0,0,0,0,0,0.00,17,0,0,0,0.00,0.00,0,0,0,0,0,0,0,0,0.0,0.0,4,0,1,17,0,6,17,4.25,48.3%,0,1.40,0.000,1,0.140,1,4,0.250,1.0,NA,0.0%,NA,0,NA,NA,NA,NA,NA,NA,NA,17,vs CIN,1,·,0.0,1.7
13,10214,Davis Allen,TE,24.6,LAR,56.0,56,56,1.4,0.9,0.4,1,1,0,52,20,0,0.0,0,0,0,0,0,0,0.00,0,0,0,0,0.00,0.00,1,-5,0,0,0,1,9,4,4.0,4.0,0,0,0,4,0,NA,0,0,38.5%,NA,NA,NA,0,NA,0,1,0.000,0.0,9,3.6%,0.44,0,NA,NA,NA,NA,NA,0.000,NA,4,@ CAR,9,·,2.6,-1.2
13,10867,Jake Bobo,WR,27.2,SEA,999.0,999,999,0,0,0,1,0,0,67,0,0,0.0,0,0,0,0,0,0,0.00,0,0,0,0,0.00,0.00,0,0,0,0,0,0,0,0,0.0,0.0,0,0,0,0,0,NA,0,0,0.0%,NA,NA,NA,0,NA,0,0,NA,NA,NA,NA,NA,0,NA,NA,NA,NA,NA,NA,NA,0,vs MIN,28,·,0.3,-0.3
13,8162,Sam Howell,QB,25.0,PHI,0.0,0,0,0,0,0,0,0,0,0,0,0,0.0,0,0,0,0,0,0,0.00,0,0,0,0,0.00,0.00,0,0,0,0,0,0,0,0,0.0,0.0,0,0,0,0,0,NA,0,0,NA,NA,NA,NA,0,NA,0,0,NA,NA,NA,NA,NA,0,NA,NA,NA,NA,NA,NA,NA,0,vs CHI,9,·,·,·
13,6938,Cam Akers,RB,26.3,MIN,0.0,0,0,0,0,0,0,0,0,0,0,0,0.0,0,0,0,0,0,0,0.00,0,0,0,0,0.00,0.00,0,0,0,0,0,0,0,0,0.0,0.0,0,0,0,0,0,NA,0,0,NA,NA,NA,NA,0,NA,0,0,NA,NA,NA,NA,NA,0,NA,NA,NA,NA,NA,NA,NA,0,@ SEA,19,·,·,·
13,11617,Malachi Corley,WR,23.5,CLE,105.0,102,94,0.9,0.9,0.9,1,1,1,63,23,0,0.0,0,0,0,0,0,0,0.00,9,0,0,0,0.00,0.00,0,0,0,0,0,0,0,0,0.0,0.0,1,0,0,9,0,NA,9,9,36.5%,NA,NA,NA,0,NA,0,1,0.000,0.0,1,0.0%,0.00,0,NA,NA,NA,NA,NA,0.000,NA,9,vs SF,22,·,2.0,-1.1
13,1234,Russell Wilson,QB,36.8,NYG,0.0,0,0,0,0,0,0,0,0,0,0,0,0.0,0,0,0,0,0,0,0.00,0,0,0,0,0.00,0.00,0,0,0,0,0,0,0,0,0.0,0.0,0,0,0,0,0,NA,0,0,NA,NA,NA,NA,0,NA,0,0,NA,NA,NA,NA,NA,0,NA,NA,NA,NA,NA,NA,NA,0,@ NE,19,·,·,·
13,8254,Julius Chestnut,RB,24.9,TEN,999.0,999,999,0,0,0,1,1,0,59,0,0,0.0,0,0,0,0,0,0,0.00,0,0,0,0,0.00,0.00,0,0,0,0,0,0,0,0,0.0,0.0,0,0,0,0,0,NA,0,0,0.0%,NA,NA,NA,0,NA,0,0,NA,0.0,NA,NA,NA,0,NA,NA,NA,NA,NA,NA,NA,0,vs JAX,28,·,0.7,-0.7
13,4080,Zay Jones,WR,30.5,ARI,999.0,999,999,0,0,0,1,0,0,0,0,0,0.0,0,0,0,0,0,0,0.00,0,0,0,0,0.00,0.00,0,0,0,0,0,0,0,0,0.0,0.0,0,0,0,0,0,NA,0,0,NA,NA,NA,NA,0,NA,0,0,NA,NA,NA,NA,NA,0,NA,NA,NA,NA,NA,NA,NA,0,@ TB,12,IR,IR,IR
13,6960,Tyler Johnson,WR,27.1,NYJ,999.0,999,999,0,0,0,1,1,0,66,1,0,0.0,0,0,0,0,0,0,0.00,0,0,0,0,0.00,0.00,0,0,0,0,0,0,0,0,0.0,0.0,0,0,0,0,0,NA,0,0,1.5%,NA,NA,NA,0,NA,0,0,NA,0.0,NA,NA,NA,0,NA,NA,NA,NA,NA,NA,NA,0,vs ATL,15,·,0.5,-0.5
13,7568,Brevin Jordan,TE,25.2,HOU,999.0,999,999,0,0,0,1,0,0,0,0,0,0.0,0,0,0,0,0,0,0.00,0,0,0,0,0.00,0.00,0,0,0,0,0,0,0,0,0.0,0.0,0,0,0,0,0,NA,0,0,NA,NA,NA,NA,0,NA,0,0,NA,NA,NA,NA,NA,0,NA,NA,NA,NA,NA,NA,NA,0,@ IND,6,IR,IR,IR
13,6828,AJ Dillon,RB,27.4,PHI,0.0,0,0,0,0,0,0,0,0,0,0,0,0.0,0,0,0,0,0,0,0.00,0,0,0,0,0.00,0.00,0,0,0,0,0,0,0,0,0.0,0.0,0,0,0,0,0,NA,0,0,NA,NA,NA,NA,0,NA,0,0,NA,NA,NA,NA,NA,0,NA,NA,NA,NA,NA,NA,NA,0,vs CHI,13,·,0.1,-0.1
13,9230,Tanner McKee,QB,25.4,PHI,999.0,999,999,0,0,0,1,0,0,54,0,0,0.0,0,0,0,0,0,0,0.00,0,0,0,0,0.00,0.00,0,0,0,0,0,0,0,0,0.0,0.0,0,0,0,0,0,NA,0,0,0.0%,NA,NA,NA,0,NA,0,0,NA,NA,NA,NA,NA,0,NA,NA,NA,NA,NA,NA,NA,0,vs CHI,9,·,·,·
13,9227,Israel Abanikanda,RB,23.0,FA,0.0,0,0,0,0,0,0,0,0,0,0,0,0.0,0,0,0,0,0,0,0.00,0,0,0,0,0.00,0.00,0,0,0,0,0,0,0,0,0.0,0.0,0,0,0,0,0,NA,0,0,NA,NA,NA,NA,0,NA,0,0,NA,NA,NA,NA,NA,0,NA,NA,NA,NA,NA,NA,NA,0,NA,,·,·,·
13,7610,Trey Lance,QB,25.4,LAC,33.0,33,33,0.76,0.76,0.76,1,1,0,67,10,0,100.0,7,1,1,0,0,0,104.20,13,0,0,9,9.00,9.00,0,0,0,0,0,0,0,0,0.0,0.0,4,0,0,4,0,NA,4,1,14.9%,NA,NA,NA,0,NA,0,5,NA,NA,NA,NA,NA,0,0.0%,2.05,0.0%,0.0%,6.30,NA,2,13,vs LV,17,·,·,·
13,4171,Josh Reynolds,WR,30.6,NYJ,999.0,999,999,0,0,0,1,0,0,0,0,0,0.0,0,0,0,0,0,0,0.00,0,0,0,0,0.00,0.00,0,0,0,0,0,0,0,0,0.0,0.0,0,0,0,0,0,NA,0,0,NA,NA,NA,NA,0,NA,0,0,NA,NA,NA,NA,NA,0,NA,NA,NA,NA,NA,NA,NA,0,vs ATL,15,IR,IR,IR
13,8172,Greg Dulcich,TE,25.5,MIA,32.0,32,31,4.4,3.4,2.4,1,1,0,60,22,0,0.0,0,0,0,0,0,0,0.00,0,0,0,0,0.00,0.00,2,17,0,1,0,2,7,24,12.0,12.0,0,0,0,24,0,NA,0,0,36.7%,NA,NA,NA,0,NA,1,2,0.500,1.0,9,8.7%,2.67,0,NA,NA,NA,NA,NA,0.111,NA,24,vs NO,17,·,1.5,2.9
13,4381,Taysom Hill,TE,35.1,NO,52.0,52,51,1.7,1.2,0.7,1,1,1,72,12,0,0.0,0,0,0,0,0,0,0.00,2,0,0,0,0.00,0.00,1,5,0,0,0,1,0,5,5.0,5.0,1,0,0,7,0,NA,2,2,16.7%,NA,NA,NA,0,NA,0,2,0.000,0.0,NA,NA,NA,0,NA,0.00,0.0%,0.0%,0.00,NA,0,7,@ MIA,3,·,5.6,-3.9
13,12718,Konata Mumpfield,WR,22.9,LAR,999.0,999,999,0,0,0,1,1,0,52,20,0,0.0,0,0,0,0,0,0,0.00,0,0,0,0,0.00,0.00,0,0,0,0,0,0,0,0,0.0,0.0,0,0,0,0,0,NA,0,0,38.5%,NA,NA,NA,0,NA,0,0,NA,0.0,13,0.0%,0.00,0,NA,NA,NA,NA,NA,0.000,NA,0,@ CAR,31,·,·,·
13,11994,Kameron Johnson,WR,23.5,TB,999.0,999,999,0,0,0,1,1,0,61,6,0,0.0,0,0,0,0,0,0,0.00,0,0,0,0,0.00,0.00,0,0,0,0,0,0,0,0,0.0,0.0,0,0,0,0,0,NA,0,0,9.8%,NA,NA,NA,0,NA,0,0,NA,0.0,NA,NA,NA,0,NA,NA,NA,NA,NA,NA,NA,0,vs ARI,20,·,0.2,-0.2
13,11595,Jared Wiley,TE,24.9,KC,54.0,54,53,1.4,0.9,0.4,1,1,0,66,9,0,0.0,0,0,0,0,0,0,0.00,0,0,0,0,0.00,0.00,1,-4,0,1,0,1,8,4,4.0,4.0,0,0,0,4,0,NA,0,0,13.6%,NA,NA,NA,0,NA,1,1,1.000,1.0,6,2.9%,0.67,0,NA,NA,NA,NA,NA,0.167,NA,4,@ DAL,14,·,0.4,1.0
13,11615,Ainias Smith,WR,24.3,CAR,999.0,999,999,0,0,0,1,0,0,0,0,0,0.0,0,0,0,0,0,0,0.00,0,0,0,0,0.00,0.00,0,0,0,0,0,0,0,0,0.0,0.0,0,0,0,0,0,NA,0,0,NA,NA,NA,NA,0,NA,0,0,NA,NA,NA,NA,NA,0,NA,NA,NA,NA,NA,NA,NA,0,vs LAR,19,·,·,·
13,9999,Will Levis,QB,26.2,TEN,999.0,999,999,0,0,0,1,0,0,0,0,0,0.0,0,0,0,0,0,0,0.00,0,0,0,0,0.00,0.00,0,0,0,0,0,0,0,0,0.0,0.0,0,0,0,0,0,NA,0,0,NA,NA,NA,NA,0,NA,0,0,NA,NA,NA,NA,NA,0,NA,NA,NA,NA,NA,NA,NA,0,vs JAX,4,IR,IR,IR
13,8204,Bo Melton,WR,26.2,GB,96.0,93,82,1.5,1.5,1.5,1,1,0,63,11,0,0.0,0,0,0,0,0,0,0.00,15,0,0,0,0.00,0.00,0,0,0,0,0,1,0,0,0.0,0.0,2,0,1,15,0,NA,15,7.5,17.5%,NA,NA,NA,1,NA,1,3,0.333,1.0,NA,NA,NA,0,NA,NA,NA,NA,NA,NA,NA,15,@ DET,8,·,·,·
13,8168,Skyy Moore,WR,25.0,SF,999.0,999,999,0,0,0,1,1,0,67,0,0,0.0,0,0,0,0,0,0,0.00,0,0,0,0,0.00,0.00,0,0,0,0,0,0,0,0,0.0,0.0,0,0,0,0,0,NA,0,0,0.0%,NA,NA,NA,0,NA,0,0,NA,0.0,NA,NA,NA,0,NA,NA,NA,NA,NA,NA,NA,0,@ CLE,24,·,0.4,-0.4
13,5854,Drew Lock,QB,28.9,SEA,999.0,999,999,0,0,0,1,1,0,67,3,0,0.0,0,0,0,0,0,0,0.00,0,0,0,0,0.00,0.00,0,0,0,0,0,0,0,0,0.0,0.0,0,0,0,0,0,NA,0,0,4.5%,NA,NA,NA,0,NA,0,0,NA,NA,NA,NA,NA,0,NA,NA,NA,NA,NA,NA,NA,0,vs MIN,24,·,·,·
13,2374,Tyler Lockett,WR,33.0,TEN,92.0,90,90,2.1,1.6,1.1,1,1,0,48,25,0,0.0,0,0,0,0,0,0,0.00,0,0,0,0,0.00,0.00,1,4,0,1,0,1,7,11,11.0,11.0,0,0,0,11,0,NA,0,0,52.1%,NA,NA,NA,0,NA,1,1,1.000,1.0,19,4.3%,0.58,0,NA,NA,NA,NA,NA,0.053,NA,11,vs JAX,30,·,8.3,-6.2
13,4177,Mack Hollins,WR,32.0,NE,62.0,63,69,5.3,3.8,2.3,1,1,1,65,49,0,0.0,0,0,0,0,0,0,0.00,0,0,0,0,0.00,0.00,3,23,0,1,0,4,0,23,7.7,5.8,0,0,0,23,0,NA,0,0,75.4%,NA,NA,NA,0,NA,1,4,0.250,1.0,23,12.9%,1.00,0,NA,NA,NA,NA,NA,0.043,NA,23,vs NYG,4,·,8.3,-3.0
13,11748,Bub Means,WR,24.7,NO,999.0,999,999,0,0,0,1,0,0,0,0,0,0.0,0,0,0,0,0,0,0.00,0,0,0,0,0.00,0.00,0,0,0,0,0,0,0,0,0.0,0.0,0,0,0,0,0,NA,0,0,NA,NA,NA,NA,0,NA,0,0,NA,NA,NA,NA,NA,0,NA,NA,NA,NA,NA,NA,NA,0,@ MIA,27,IR,IR,IR
13,11573,Frank Gore Jr.,RB,23.5,BUF,999.0,999,999,0,0,0,1,0,0,0,0,0,0.0,0,0,0,0,0,0,0.00,0,0,0,0,0.00,0.00,0,0,0,0,0,0,0,0,0.0,0.0,0,0,0,0,0,NA,0,0,NA,NA,NA,NA,0,NA,0,0,NA,NA,NA,NA,NA,0,NA,NA,NA,NA,NA,NA,NA,0,@ PIT,25,·,·,·
13,7891,Brock Wright,TE,26.8,DET,0.0,0,0,0,0,0,0,0,0,0,0,0,0.0,0,0,0,0,0,0,0.00,0,0,0,0,0.00,0.00,0,0,0,0,0,0,0,0,0.0,0.0,0,0,0,0,0,NA,0,0,NA,NA,NA,NA,0,NA,0,0,NA,NA,NA,NA,NA,0,NA,NA,NA,NA,NA,NA,NA,0,vs GB,19,Q,7.8,-7.8
13,12699,LaJohntay Wester,WR,23.5,BAL,999.0,999,999,0,0,0,1,1,0,60,5,0,0.0,0,0,0,0,0,0,0.00,0,0,0,0,0.00,0.00,0,0,0,0,0,0,0,0,0.0,0.0,0,0,0,0,0,NA,0,0,8.3%,NA,NA,NA,0,NA,0,0,NA,0.0,1,0.0%,0.00,0,NA,NA,NA,NA,NA,0.000,NA,0,vs CIN,23,·,0.1,-0.1
13,6869,Adam Trautman,TE,28.6,DEN,22.0,19,19,7.7,6.2,4.7,1,1,1,70,41,0,0.0,0,0,0,0,0,0,0.00,0,0,0,0,0.00,0.00,3,19,1,3,0,4,28,47,15.7,11.8,0,0,0,47,0,NA,0,0,58.6%,NA,NA,NA,0,NA,3,4,0.750,3.0,16,8.9%,2.94,0,NA,NA,NA,NA,NA,0.188,NA,47,@ WAS,8,·,1.9,5.8
13,10866,Aidan O'Connell,QB,27.1,LV,0.0,0,0,0,0,0,0,0,0,0,0,0,0.0,0,0,0,0,0,0,0.00,0,0,0,0,0.00,0.00,0,0,0,0,0,0,0,0,0.0,0.0,0,0,0,0,0,NA,0,0,NA,NA,NA,NA,0,NA,0,0,NA,NA,NA,NA,NA,0,NA,NA,NA,NA,NA,NA,NA,0,@ LAC,28,·,·,·
13,11895,Mason Tipton,WR,25.0,NO,65.0,70,77,4.9,3.4,1.9,1,1,0,72,61,0,0.0,0,0,0,0,0,0,0.00,-1,0,0,0,0.00,0.00,3,3,0,1,0,4,17,20,6.7,5.0,1,0,0,19,0,NA,-1,-1,84.7%,NA,NA,NA,0,NA,1,5,0.200,1.0,37,10.5%,0.54,0,NA,NA,NA,NA,NA,0.027,NA,19,@ MIA,27,·,3.8,1.1
13,8177,Grant Calcaterra,TE,26.8,PHI,999.0,999,999,0,0,0,1,1,0,54,12,0,0.0,0,0,0,0,0,0,0.00,0,0,0,0,0.00,0.00,0,0,0,0,0,0,0,0,0.0,0.0,0,0,0,0,0,NA,0,0,22.2%,NA,NA,NA,0,NA,0,0,NA,0.0,NA,NA,NA,0,NA,NA,NA,NA,NA,NA,NA,0,vs CHI,10,·,0.7,-0.7
13,11574,Dylan Laube,RB,25.8,LV,999.0,999,999,0,0,0,1,1,0,48,0,0,0.0,0,0,0,0,0,0,0.00,0,0,0,0,0.00,0.00,0,0,0,0,0,0,0,0,0.0,0.0,0,0,0,0,0,NA,0,0,0.0%,NA,NA,NA,0,NA,0,0,NA,0.0,NA,NA,NA,0,NA,NA,NA,NA,NA,NA,NA,0,@ LAC,18,·,0.2,-0.2
13,11649,Kendall Milton,RB,23.6,CIN,999.0,999,999,0,0,0,1,0,0,0,0,0,0.0,0,0,0,0,0,0,0.00,0,0,0,0,0.00,0.00,0,0,0,0,0,0,0,0,0.0,0.0,0,0,0,0,0,NA,0,0,NA,NA,NA,NA,0,NA,0,0,NA,NA,NA,NA,NA,0,NA,NA,NA,NA,NA,NA,NA,0,@ BAL,14,·,·,·
13,8145,Jeremy Ruckert,TE,25.1,NYJ,40.0,42,44,3.2,2.2,1.2,1,1,1,66,28,0,0.0,0,0,0,0,0,0,0.00,0,0,0,0,0.00,0.00,2,8,0,0,0,2,4,12,6.0,6.0,0,0,0,12,0,NA,0,0,42.4%,NA,NA,NA,0,NA,0,2,0.000,0.0,8,6.1%,1.50,0,NA,NA,NA,NA,NA,0.000,NA,12,vs ATL,30,·,3.0,0.2
13,2197,Brandin Cooks,WR,32.0,NO,89.0,87,87,2.3,1.8,1.3,1,1,1,74,17,0,0.0,0,0,0,0,0,0,0.00,0,0,0,0,0.00,0.00,1,13,0,1,0,1,0,13,13.0,13.0,0,0,0,13,0,NA,0,0,23.0%,NA,NA,NA,0,NA,1,1,1.000,1.0,9,4.3%,1.44,0,NA,NA,NA,NA,NA,0.111,NA,13,@ MIA,27,·,1.2,1.1
13,1837,Jimmy Garoppolo,QB,33.9,LAR,999.0,999,999,0,0,0,1,0,0,56,0,0,0.0,0,0,0,0,0,0,0.00,0,0,0,0,0.00,0.00,0,0,0,0,0,0,0,0,0.0,0.0,0,0,0,0,0,NA,0,0,0.0%,NA,NA,NA,0,NA,0,0,NA,NA,NA,NA,NA,0,NA,NA,NA,NA,NA,NA,NA,0,@ CAR,25,·,·,·
13,8135,Treylon Burks,WR,25.5,WAS,46.0,41,37,7.5,7,6.5,1,1,0,90,59,0,0.0,0,0,0,0,0,0,0.00,0,0,0,0,0.00,0.00,1,5,0,0,1,4,0,5,5.0,1.3,0,0,0,5,0,NA,0,0,65.6%,NA,NA,NA,0,NA,1,4,0.250,1.0,37,8.0%,0.14,0,NA,NA,NA,NA,NA,0.000,NA,5,vs DEN,32,Q,4.8,2.7
13,11636,Johnny Wilson,WR,24.5,PHI,999.0,999,999,0,0,0,1,0,0,0,0,0,0.0,0,0,0,0,0,0,0.00,0,0,0,0,0.00,0.00,0,0,0,0,0,0,0,0,0.0,0.0,0,0,0,0,0,NA,0,0,NA,NA,NA,NA,0,NA,0,0,NA,NA,NA,NA,NA,0,NA,NA,NA,NA,NA,NA,NA,0,vs CHI,7,IR,IR,IR
13,5185,Allen Lazard,WR,29.8,NYJ,95.0,94,93,2,1.5,1,1,1,0,66,19,0,0.0,0,0,0,0,0,0,0.00,0,0,0,0,0.00,0.00,1,10,0,1,0,1,0,10,10.0,10.0,0,0,0,10,0,NA,0,0,28.8%,NA,NA,NA,0,NA,1,1,1.000,1.0,10,3.0%,1.00,0,NA,NA,NA,NA,NA,0.100,NA,10,vs ATL,15,·,2.6,-0.6
13,9505,Deuce Vaughn,RB,23.9,DEN,999.0,999,999,0,0,0,1,0,0,0,0,0,0.0,0,0,0,0,0,0,0.00,0,0,0,0,0.00,0.00,0,0,0,0,0,0,0,0,0.0,0.0,0,0,0,0,0,NA,0,0,NA,NA,NA,NA,0,NA,0,0,NA,NA,NA,NA,NA,0,NA,NA,NA,NA,NA,NA,NA,0,@ WAS,4,·,·,·
13,5973,Josh Oliver,TE,28.5,MIN,999.0,999,999,0,0,0,1,1,1,52,22,0,0.0,0,0,0,0,0,0,0.00,0,0,0,0,0.00,0.00,0,0,0,0,0,0,0,0,0.0,0.0,0,0,0,0,0,NA,0,0,42.3%,NA,NA,NA,0,NA,0,0,NA,0.0,7,0.0%,0.00,0,NA,NA,NA,NA,NA,0.000,NA,0,@ SEA,13,·,2.0,-2.0
13,7593,Trey Sermon,RB,26.7,PIT,999.0,999,999,0,0,0,1,0,0,0,0,0,0.0,0,0,0,0,0,0,0.00,0,0,0,0,0.00,0.00,0,0,0,0,0,0,0,0,0.0,0.0,0,0,0,0,0,NA,0,0,NA,NA,NA,NA,0,NA,0,0,NA,NA,NA,NA,NA,0,NA,NA,NA,NA,NA,NA,NA,0,vs BUF,3,·,·,·
13,5938,Lil'Jordan Humphrey,WR,27.4,NYG,999.0,999,999,0,0,0,1,1,0,70,14,0,0.0,0,0,0,0,0,0,0.00,0,0,0,0,0.00,0.00,0,0,0,0,0,1,0,0,0.0,0.0,0,0,0,0,0,NA,0,0,20.0%,NA,NA,NA,0,NA,0,1,0.000,0.0,4,2.2%,0.00,0,NA,NA,NA,NA,NA,0.000,NA,0,@ NE,14,·,1.2,-1.2
13,10216,Kenny McIntosh,RB,25.6,SEA,999.0,999,999,0,0,0,1,0,0,0,0,0,0.0,0,0,0,0,0,0,0.00,0,0,0,0,0.00,0.00,0,0,0,0,0,0,0,0,0.0,0.0,0,0,0,0,0,NA,0,0,NA,NA,NA,NA,0,NA,0,0,NA,NA,NA,NA,NA,0,NA,NA,NA,NA,NA,NA,NA,0,vs MIN,20,IR,IR,IR
13,6853,Van Jefferson,WR,29.2,TEN,64.0,68,75,5,3.5,2,1,1,1,59,44,0,0.0,0,0,0,0,0,0,0.00,0,0,0,0,0.00,0.00,3,18,0,0,0,4,2,20,6.7,5.0,0,0,0,20,0,NA,0,0,74.6%,NA,NA,NA,0,NA,0,4,0.000,0.0,31,10.5%,0.65,0,NA,NA,NA,NA,NA,0.000,NA,20,vs JAX,13,·,6.7,-1.7
13,10234,Derius Davis,WR,25.0,LAC,999.0,999,999,0,0,0,1,1,0,67,1,0,0.0,0,0,0,0,0,0,0.00,0,0,0,0,0.00,0.00,0,0,0,0,0,0,0,0,0.0,0.0,0,0,0,0,0,NA,0,0,1.5%,NA,NA,NA,0,NA,0,0,NA,0.0,NA,NA,NA,0,NA,NA,NA,NA,NA,NA,NA,0,vs LV,6,·,0.5,-0.5
13,6011,Gardner Minshew,QB,29.4,KC,999.0,999,999,0,0,0,1,0,0,66,0,0,0.0,0,0,0,0,0,0,0.00,0,0,0,0,0.00,0.00,0,0,0,0,0,0,0,0,0.0,0.0,0,0,0,0,0,NA,0,0,0.0%,NA,NA,NA,0,NA,0,0,NA,NA,NA,NA,NA,0,NA,NA,NA,NA,NA,NA,NA,0,@ DAL,1,·,·,·
13,12715,Thomas Fidone,TE,23.0,NYG,999.0,999,999,0,0,0,1,0,0,0,0,0,0.0,0,0,0,0,0,0,0.00,0,0,0,0,0.00,0.00,0,0,0,0,0,0,0,0,0.0,0.0,0,0,0,0,0,NA,0,0,NA,NA,NA,NA,0,NA,0,0,NA,NA,NA,NA,NA,0,NA,NA,NA,NA,NA,NA,NA,0,@ NE,11,IR,IR,IR
13,12494,Kyle McCord,QB,23.0,PHI,999.0,999,999,0,0,0,1,0,0,0,0,0,0.0,0,0,0,0,0,0,0.00,0,0,0,0,0.00,0.00,0,0,0,0,0,0,0,0,0.0,0.0,0,0,0,0,0,NA,0,0,NA,NA,NA,NA,0,NA,0,0,NA,NA,NA,NA,NA,0,NA,NA,NA,NA,NA,NA,NA,0,vs CHI,9,·,·,·
13,7083,Tyler Huntley,QB,27.6,BAL,999.0,999,999,0,0,0,1,0,0,60,0,0,0.0,0,0,0,0,0,0,0.00,0,0,0,0,0.00,0.00,0,0,0,0,0,0,0,0,0.0,0.0,0,0,0,0,0,NA,0,0,0.0%,NA,NA,NA,0,NA,0,0,NA,NA,NA,NA,NA,0,NA,NA,NA,NA,NA,NA,NA,0,vs CIN,3,·,·,·
13,4147,Samaje Perine,RB,30.0,CIN,49.0,49,48,5.4,4.4,3.4,1,1,0,83,33,1,0.0,0,0,0,0,0,0,0.00,39,0,0,0,0.00,0.00,2,2,0,0,0,2,13,15,7.5,7.5,14,0,2,54,0,38,39,2.79,39.8%,2,2.70,0.143,2,0.413,2,16,0.125,2.0,NA,4.3%,NA,0,NA,NA,NA,NA,NA,NA,NA,54,@ BAL,14,·,6.9,-1.5
13,11306,Xavier Gipson,WR,24.6,PHI,0.0,0,0,0,0,0,0,0,0,0,0,0,0.0,0,0,0,0,0,0,0.00,0,0,0,0,0.00,0.00,0,0,0,0,0,0,0,0,0.0,0.0,0,0,0,0,0,NA,0,0,NA,NA,NA,NA,0,NA,0,0,NA,NA,NA,NA,NA,0,NA,NA,NA,NA,NA,NA,NA,0,vs CHI,7,Q,0.5,-0.5
13,5987,Alexander Mattison,RB,27.3,MIA,999.0,999,999,0,0,0,1,0,0,0,0,0,0.0,0,0,0,0,0,0,0.00,0,0,0,0,0.00,0.00,0,0,0,0,0,0,0,0,0.0,0.0,0,0,0,0,0,NA,0,0,NA,NA,NA,NA,0,NA,0,0,NA,NA,NA,NA,NA,0,NA,NA,NA,NA,NA,NA,NA,0,vs NO,17,IR,IR,IR
13,5985,Foster Moreau,TE,28.4,NO,39.0,39,43,3.3,2.3,1.3,1,1,1,72,27,0,0.0,0,0,0,0,0,0,0.00,0,0,0,0,0.00,0.00,2,3,0,0,0,2,10,13,6.5,6.5,0,0,0,13,0,NA,0,0,37.5%,NA,NA,NA,0,NA,0,2,0.000,0.0,9,5.3%,1.44,0,NA,NA,NA,NA,NA,0.000,NA,13,@ MIA,3,·,2.6,0.7
13,11210,Malik Heath,WR,25.6,GB,999.0,999,999,0,0,0,1,1,0,63,11,0,0.0,0,0,0,0,0,0,0.00,0,0,0,0,0.00,0.00,0,0,1,0,0,1,0,0,0.0,0.0,0,0,0,0,0,NA,0,0,17.5%,NA,NA,NA,0,NA,0,1,0.000,0.0,5,3.3%,0.00,0,NA,NA,NA,NA,NA,0.000,NA,0,@ DET,8,·,·,·
13,6920,Isaiah Hodgins,WR,26.9,PIT,102.0,103,103,1.4,0.9,0.4,1,1,1,55,49,0,0.0,0,0,0,0,0,0,0.00,0,0,0,0,0.00,0.00,1,4,0,0,0,1,0,4,4.0,4.0,0,0,0,4,0,NA,0,0,89.1%,NA,NA,NA,0,NA,0,1,0.000,0.0,22,4.2%,0.18,0,NA,NA,NA,NA,NA,0.000,NA,4,vs BUF,18,·,7.9,-6.5
13,827,Tyrod Taylor,QB,36.2,NYJ,7.0,7,7,21.28,21.28,21.28,1,1,1,66,66,0,57.6,149,33,19,7,14,0,81.90,216,2,1,172,5.21,9.05,0,0,0,0,0,0,0,0,0.0,0.0,8,1,3,44,1,NA,44,5.5,100.0%,NA,NA,NA,4,NA,12,41,NA,NA,NA,NA,NA,8,24.2%,3.06,9.1%,36.6%,9.70,NA,41,216,vs ATL,21,·,17.1,4.2
13,4351,Tim Patrick,WR,31.8,JAX,93.0,91,91,2.1,1.6,1.1,1,1,0,63,7,0,0.0,0,0,0,0,0,0,0.00,0,0,0,0,0.00,0.00,1,11,0,1,0,1,0,11,11.0,11.0,0,0,0,11,0,NA,0,0,11.1%,NA,NA,NA,0,NA,1,1,1.000,1.0,2,3.7%,5.50,0,NA,NA,NA,NA,NA,0.500,NA,11,@ TEN,5,·,1.5,0.6
13,5917,Mecole Hardman,WR,27.6,FA,999.0,999,999,0,0,0,1,0,0,0,0,0,0.0,0,0,0,0,0,0,0.00,0,0,0,0,0.00,0.00,0,0,0,0,0,0,0,0,0.0,0.0,0,0,0,0,0,NA,0,0,NA,NA,NA,NA,0,NA,0,0,NA,NA,NA,NA,NA,0,NA,NA,NA,NA,NA,NA,NA,0,NA,,IR,IR,IR
13,6850,Harrison Bryant,TE,27.4,HOU,999.0,999,999,0,0,0,1,0,0,0,0,0,0.0,0,0,0,0,0,0,0.00,0,0,0,0,0.00,0.00,0,0,0,0,0,0,0,0,0.0,0.0,0,0,0,0,0,NA,0,0,NA,NA,NA,NA,0,NA,0,0,NA,NA,NA,NA,NA,0,NA,NA,NA,NA,NA,NA,NA,0,@ IND,6,IR,IR,IR
13,8118,David Bell,WR,24.8,CLE,0.0,0,0,0,0,0,0,0,0,0,0,0,0.0,0,0,0,0,0,0,0.00,0,0,0,0,0.00,0.00,0,0,0,0,0,0,0,0,0.0,0.0,0,0,0,0,0,NA,0,0,NA,NA,NA,NA,0,NA,0,0,NA,NA,NA,NA,NA,0,NA,NA,NA,NA,NA,NA,NA,0,vs SF,22,NA,NA,NA
13,11729,Sione Vaki,RB,24.2,DET,999.0,999,999,0,0,0,1,1,0,63,0,0,0.0,0,0,0,0,0,0,0.00,0,0,0,0,0.00,0.00,0,0,0,0,0,0,0,0,0.0,0.0,0,0,0,0,0,NA,0,0,0.0%,NA,NA,NA,0,NA,0,0,NA,0.0,NA,NA,NA,0,NA,NA,NA,NA,NA,NA,NA,0,vs GB,23,Q,0.1,-0.1
13,5086,Marquez Valdes-Scantling,WR,31.0,SF,999.0,999,999,0,0,0,1,0,0,0,0,0,0.0,0,0,0,0,0,0,0.00,0,0,0,0,0.00,0.00,0,0,0,0,0,0,0,0,0.0,0.0,0,0,0,0,0,NA,0,0,NA,NA,NA,NA,0,NA,0,0,NA,NA,NA,NA,NA,0,NA,NA,NA,NA,NA,NA,NA,0,@ CLE,24,·,·,·
13,829,Andy Dalton,QB,37.9,CAR,999.0,999,999,0,0,0,1,0,0,64,0,0,0.0,0,0,0,0,0,0,0.00,0,0,0,0,0.00,0.00,0,0,0,0,0,0,0,0,0.0,0.0,0,0,0,0,0,NA,0,0,0.0%,NA,NA,NA,0,NA,0,0,NA,NA,NA,NA,NA,0,NA,NA,NA,NA,NA,NA,NA,0,vs LAR,26,·,·,·
13,3257,Jacoby Brissett,QB,32.8,ARI,9.0,9,9,20.64,20.64,20.64,1,1,1,61,61,0,72.5,156,40,29,14,11,1,100.10,317,2,2,301,7.53,10.38,0,0,0,0,0,0,0,0,0.0,0.0,3,0,1,16,0,NA,16,5.33,100.0%,NA,NA,NA,1,NA,17,43,NA,NA,NA,NA,NA,16,40.0%,2.80,10.0%,53.3%,8.10,NA,45,317,@ TB,6,·,20.3,0.3
13,7608,Khalil Herbert,RB,27.4,SEA,0.0,0,0,0,0,0,0,0,0,0,0,0,0.0,0,0,0,0,0,0,0.00,0,0,0,0,0.00,0.00,0,0,0,0,0,0,0,0,0.0,0.0,0,0,0,0,0,NA,0,0,NA,NA,NA,NA,0,NA,0,0,NA,NA,NA,NA,NA,0,NA,NA,NA,NA,NA,NA,NA,0,vs MIN,20,·,0.2,-0.2
13,3634,Kalif Raymond,WR,31.1,DET,0.0,0,0,0,0,0,0,0,0,0,0,0,0.0,0,0,0,0,0,0,0.00,0,0,0,0,0.00,0.00,0,0,0,0,0,0,0,0,0.0,0.0,0,0,0,0,0,NA,0,0,NA,NA,NA,NA,0,NA,0,0,NA,NA,NA,NA,NA,0,NA,NA,NA,NA,NA,NA,NA,0,vs GB,25,Q,3.6,-3.6
13,6126,Irv Smith,TE,27.1,HOU,0.0,0,0,0,0,0,0,0,0,0,0,0,0.0,0,0,0,0,0,0,0.00,0,0,0,0,0.00,0.00,0,0,0,0,0,0,0,0,0.0,0.0,0,0,0,0,0,NA,0,0,NA,NA,NA,NA,0,NA,0,0,NA,NA,NA,NA,NA,0,NA,NA,NA,NA,NA,NA,NA,0,@ IND,6,Q,Q,Q
13,10857,Stetson Bennett,QB,27.9,LAR,0.0,0,0,0,0,0,0,0,0,0,0,0,0.0,0,0,0,0,0,0,0.00,0,0,0,0,0.00,0.00,0,0,0,0,0,0,0,0,0.0,0.0,0,0,0,0,0,NA,0,0,NA,NA,NA,NA,0,NA,0,0,NA,NA,NA,NA,NA,0,NA,NA,NA,NA,NA,NA,NA,0,@ CAR,25,·,·,·
13,6144,Trayveon Williams,RB,27.9,FA,999.0,999,999,0,0,0,1,1,0,67,0,0,0.0,0,0,0,0,0,0,0.00,0,0,0,0,0.00,0.00,0,0,0,0,0,0,0,0,0.0,0.0,0,0,0,0,0,NA,0,0,0.0%,NA,NA,NA,0,NA,0,0,NA,0.0,NA,NA,NA,0,NA,NA,NA,NA,NA,NA,NA,0,NA,,·,0.0,0.0
13,12473,Mitchell Evans,TE,22.5,CAR,30.0,31,35,5,3.5,2,1,1,1,64,34,0,0.0,0,0,0,0,0,0,0.00,0,0,0,0,0.00,0.00,3,-3,0,1,0,3,23,20,6.7,6.7,0,0,0,20,0,NA,0,0,53.1%,NA,NA,NA,0,NA,1,3,0.333,1.0,5,15.0%,4.00,0,NA,NA,NA,NA,NA,0.200,NA,20,vs LAR,15,·,1.7,3.3
13,5374,Justin Watson,WR,29.5,HOU,999.0,999,999,0,0,0,1,0,0,0,0,0,0.0,0,0,0,0,0,0,0.00,0,0,0,0,0.00,0.00,0,0,0,0,0,0,0,0,0.0,0.0,0,0,0,0,0,NA,0,0,NA,NA,NA,NA,0,NA,0,0,NA,NA,NA,NA,NA,0,NA,NA,NA,NA,NA,NA,NA,0,@ IND,10,IR,IR,IR
13,10223,Eric Gray,RB,25.9,NYG,999.0,999,999,0,0,0,1,1,0,55,0,0,0.0,0,0,0,0,0,0,0.00,0,0,0,0,0.00,0.00,0,0,0,0,0,0,0,0,0.0,0.0,0,0,0,0,0,NA,0,0,0.0%,NA,NA,NA,0,NA,0,0,NA,0.0,NA,NA,NA,0,NA,NA,NA,NA,NA,NA,NA,0,@ NE,32,·,·,·
13,6012,Travis Homer,RB,27.1,CHI,999.0,999,999,0,0,0,1,1,0,87,0,0,0.0,0,0,0,0,0,0,0.00,0,0,0,0,0.00,0.00,0,0,0,0,0,0,0,0,0.0,0.0,0,0,0,0,0,NA,0,0,0.0%,NA,NA,NA,0,NA,0,0,NA,0.0,NA,NA,NA,0,NA,NA,NA,NA,NA,NA,NA,0,@ PHI,16,·,0.0,0.0
13,3202,Austin Hooper,TE,30.9,NE,999.0,999,999,0,0,0,1,1,0,65,25,0,0.0,0,0,0,0,0,0,0.00,0,0,0,0,0.00,0.00,0,0,0,0,0,0,0,0,0.0,0.0,0,0,0,0,0,NA,0,0,38.5%,NA,NA,NA,0,NA,0,0,NA,0.0,8,0.0%,0.00,0,NA,NA,NA,NA,NA,0.000,NA,0,vs NYG,23,·,2.5,-2.5
13,4972,Mason Rudolph,QB,30.2,PIT,36.0,36,36,-1,-1,-1,1,1,0,43,7,0,0.0,0,3,0,0,3,1,0.00,0,0,0,0,0.00,0.00,0,0,0,0,0,0,0,0,0.0,0.0,0,0,0,0,0,NA,0,0,16.3%,NA,NA,NA,0,NA,0,3,NA,NA,NA,NA,NA,0,0.0%,4.25,0.0%,33.3%,8.70,NA,3,0,vs BUF,27,·,·,·
13,9489,Justin Shorter,WR,25.4,LV,999.0,999,999,0,0,0,1,0,0,0,0,0,0.0,0,0,0,0,0,0,0.00,0,0,0,0,0.00,0.00,0,0,0,0,0,0,0,0,0.0,0.0,0,0,0,0,0,NA,0,0,NA,NA,NA,NA,0,NA,0,0,NA,NA,NA,NA,NA,0,NA,NA,NA,NA,NA,NA,NA,0,@ LAC,30,·,·,·
13,8219,Jelani Woods,TE,27.0,NYJ,0.0,0,0,0,0,0,0,0,0,0,0,0,0.0,0,0,0,0,0,0,0.00,0,0,0,0,0.00,0.00,0,0,0,0,0,0,0,0,0.0,0.0,0,0,0,0,0,NA,0,0,NA,NA,NA,NA,0,NA,0,0,NA,NA,NA,NA,NA,0,NA,NA,NA,NA,NA,NA,NA,0,vs ATL,30,·,0.1,-0.1
13,7535,Hunter Long,TE,27.1,JAX,0.0,0,0,0,0,0,0,0,0,0,0,0,0.0,0,0,0,0,0,0,0.00,0,0,0,0,0.00,0.00,0,0,0,0,0,0,0,0,0.0,0.0,0,0,0,0,0,NA,0,0,NA,NA,NA,NA,0,NA,0,0,NA,NA,NA,NA,NA,0,NA,NA,NA,NA,NA,NA,NA,0,@ TEN,26,Q,1.8,-1.8
13,9495,Rakim Jarrett,WR,24.7,FA,0.0,0,0,0,0,0,0,0,0,0,0,0,0.0,0,0,0,0,0,0,0.00,0,0,0,0,0.00,0.00,0,0,0,0,0,0,0,0,0.0,0.0,0,0,0,0,0,NA,0,0,NA,NA,NA,NA,0,NA,0,0,NA,NA,NA,NA,NA,0,NA,NA,NA,NA,NA,NA,NA,0,NA,,·,·,·
13,12048,George Holani,RB,25.8,SEA,999.0,999,999,0,0,0,1,0,0,0,0,0,0.0,0,0,0,0,0,0,0.00,0,0,0,0,0.00,0.00,0,0,0,0,0,0,0,0,0.0,0.0,0,0,0,0,0,NA,0,0,NA,NA,NA,NA,0,NA,0,0,NA,NA,NA,NA,NA,0,NA,NA,NA,NA,NA,NA,NA,0,vs MIN,20,D,D,D
13,7757,Ben Skowronek,WR,28.2,PIT,999.0,999,999,0,0,0,1,1,0,43,4,0,0.0,0,0,0,0,0,0,0.00,0,0,0,0,0.00,0.00,0,0,0,0,0,1,0,0,0.0,0.0,0,0,0,0,0,NA,0,0,9.3%,NA,NA,NA,0,NA,0,1,0.000,0.0,1,4.2%,0.00,0,NA,NA,NA,NA,NA,0.000,NA,0,vs BUF,18,·,0.3,-0.3
13,6427,Ashton Dulin,WR,28.4,IND,999.0,999,999,0,0,0,1,0,0,0,0,0,0.0,0,0,0,0,0,0,0.00,0,0,0,0,0.00,0.00,0,0,0,0,0,0,0,0,0.0,0.0,0,0,0,0,0,NA,0,0,NA,NA,NA,NA,0,NA,0,0,NA,NA,NA,NA,NA,0,NA,NA,NA,NA,NA,NA,NA,0,vs HOU,29,IR,IR,IR
13,6001,Drew Sample,TE,29.4,CIN,44.0,41,39,2.7,2.2,1.7,1,1,1,83,49,0,0.0,0,0,0,0,0,0,0.00,3,0,0,0,0.00,0.00,1,2,0,1,0,2,12,14,14.0,7.0,1,0,0,17,0,NA,3,3,59.0%,NA,NA,NA,0,NA,1,3,0.333,1.0,18,4.3%,0.78,0,NA,NA,NA,NA,NA,0.056,NA,17,@ BAL,25,·,1.1,1.6
13,8116,Pierre Strong Jr.,RB,26.8,GB,999.0,999,999,0,0,0,1,0,0,0,0,0,0.0,0,0,0,0,0,0,0.00,0,0,0,0,0.00,0.00,0,0,0,0,0,0,0,0,0.0,0.0,0,0,0,0,0,NA,0,0,NA,NA,NA,NA,0,NA,0,0,NA,NA,NA,NA,NA,0,NA,NA,NA,NA,NA,NA,NA,0,@ DET,30,·,·,·
13,6847,Devin Duvernay,WR,28.0,CHI,999.0,999,999,0,0,0,1,1,0,87,0,0,0.0,0,0,0,0,0,0,0.00,0,0,0,0,0.00,0.00,0,0,0,0,0,0,0,0,0.0,0.0,0,0,0,0,0,NA,0,0,0.0%,NA,NA,NA,0,NA,0,0,NA,0.0,NA,NA,NA,0,NA,NA,NA,NA,NA,NA,NA,0,@ PHI,16,·,0.2,-0.2
13,11716,Tip Reiman,TE,24.0,ARI,999.0,999,999,0,0,0,1,0,0,0,0,0,0.0,0,0,0,0,0,0,0.00,0,0,0,0,0.00,0.00,0,0,0,0,0,0,0,0,0.0,0.0,0,0,0,0,0,NA,0,0,NA,NA,NA,NA,0,NA,0,0,NA,NA,NA,NA,NA,0,NA,NA,NA,NA,NA,NA,NA,0,@ TB,22,IR,IR,IR
13,7602,Kylen Granson,TE,27.5,PHI,999.0,999,999,0,0,0,1,1,0,54,2,0,0.0,0,0,0,0,0,0,0.00,0,0,0,0,0.00,0.00,0,0,0,0,0,0,0,0,0.0,0.0,0,0,0,0,0,NA,0,0,3.7%,NA,NA,NA,0,NA,0,0,NA,0.0,NA,NA,NA,0,NA,NA,NA,NA,NA,NA,NA,0,vs CHI,10,·,0.4,-0.4
13,2749,Raheem Mostert,RB,33.5,LV,74.0,74,72,0.6,0.6,0.6,1,1,0,48,2,0,0.0,0,0,0,0,0,0,0.00,6,0,0,0,0.00,0.00,0,0,0,0,0,0,0,0,0.0,0.0,1,0,0,6,0,NA,6,6,4.2%,NA,NA,NA,0,NA,0,1,0.000,0.0,NA,NA,NA,0,NA,NA,NA,NA,NA,NA,NA,6,@ LAC,18,·,4.5,-3.9
13,8127,Charlie Kolar,TE,26.6,BAL,43.0,40,38,2.7,2.2,1.7,1,1,1,60,10,0,0.0,0,0,0,0,0,0,0.00,0,0,0,0,0.00,0.00,1,14,0,1,0,1,3,17,17.0,17.0,0,0,0,17,0,NA,0,0,16.7%,NA,NA,NA,0,NA,1,1,1.000,1.0,2,3.1%,8.50,0,NA,NA,NA,NA,NA,0.500,NA,17,vs CIN,1,·,2.4,0.3
13,7585,Davis Mills,QB,26.9,HOU,999.0,999,999,0,0,0,1,0,0,76,0,0,0.0,0,0,0,0,0,0,0.00,0,0,0,0,0.00,0.00,0,0,0,0,0,0,0,0,0.0,0.0,0,0,0,0,0,NA,0,0,0.0%,NA,NA,NA,0,NA,0,0,NA,NA,NA,NA,NA,0,NA,NA,NA,NA,NA,NA,NA,0,@ IND,18,·,·,·
13,6290,Scotty Miller,WR,28.2,PIT,0.0,0,0,0,0,0,0,0,0,0,0,0,0.0,0,0,0,0,0,0,0.00,0,0,0,0,0.00,0.00,0,0,0,0,0,0,0,0,0.0,0.0,0,0,0,0,0,NA,0,0,NA,NA,NA,NA,0,NA,0,0,NA,NA,NA,NA,NA,0,NA,NA,NA,NA,NA,NA,NA,0,vs BUF,18,·,0.6,-0.6
13,10228,Charlie Jones,WR,26.9,CIN,999.0,999,999,0,0,0,1,1,0,83,3,0,0.0,0,0,0,0,0,0,0.00,0,0,0,0,0.00,0.00,0,0,0,0,0,0,0,0,0.0,0.0,0,0,0,0,0,NA,0,0,3.6%,NA,NA,NA,0,NA,0,0,NA,0.0,NA,NA,NA,0,NA,NA,NA,NA,NA,NA,NA,0,@ BAL,11,·,0.2,-0.2
13,6659,Craig Reynolds,RB,29.3,DET,999.0,999,999,0,0,0,1,0,0,0,0,0,0.0,0,0,0,0,0,0,0.00,0,0,0,0,0.00,0.00,0,0,0,0,0,0,0,0,0.0,0.0,0,0,0,0,0,NA,0,0,NA,NA,NA,NA,0,NA,0,0,NA,NA,NA,NA,NA,0,NA,NA,NA,NA,NA,NA,NA,0,vs GB,23,·,0.5,-0.5
13,4574,Cooper Rush,QB,31.8,BAL,0.0,0,0,0,0,0,0,0,0,0,0,0,0.0,0,0,0,0,0,0,0.00,0,0,0,0,0.00,0.00,0,0,0,0,0,0,0,0,0.0,0.0,0,0,0,0,0,NA,0,0,NA,NA,NA,NA,0,NA,0,0,NA,NA,NA,NA,NA,0,NA,NA,NA,NA,NA,NA,NA,0,vs CIN,3,·,·,·
13,4663,Austin Ekeler,RB,30.4,WAS,999.0,999,999,0,0,0,1,0,0,0,0,0,0.0,0,0,0,0,0,0,0.00,0,0,0,0,0.00,0.00,0,0,0,0,0,0,0,0,0.0,0.0,0,0,0,0,0,NA,0,0,NA,NA,NA,NA,0,NA,0,0,NA,NA,NA,NA,NA,0,NA,NA,NA,NA,NA,NA,NA,0,vs DEN,27,IR,IR,IR
13,8489,Andrew Ogletree,TE,27.2,IND,51.0,51,50,1.8,1.3,0.8,1,1,1,54,12,0,0.0,0,0,0,0,0,0,0.00,0,0,0,0,0.00,0.00,1,7,0,0,0,1,1,8,8.0,8.0,0,0,0,8,0,NA,0,0,22.2%,NA,NA,NA,0,NA,0,1,0.000,0.0,2,3.7%,4.00,0,NA,NA,NA,NA,NA,0.000,NA,8,vs HOU,29,·,0.5,1.3
13,8159,Desmond Ridder,QB,26.1,MIN,999.0,999,999,0,0,0,1,0,0,0,0,0,0.0,0,0,0,0,0,0,0.00,0,0,0,0,0.00,0.00,0,0,0,0,0,0,0,0,0.0,0.0,0,0,0,0,0,NA,0,0,NA,NA,NA,NA,0,NA,0,0,NA,NA,NA,NA,NA,0,NA,NA,NA,NA,NA,NA,NA,0,@ SEA,11,·,·,·
13,8253,Deven Thompkins,WR,25.8,ATL,67.0,62,59,4.8,3.8,2.8,1,1,0,69,9,0,0.0,0,0,0,0,0,0,0.00,5,0,0,0,0.00,0.00,2,11,0,1,0,2,12,23,11.5,11.5,1,0,0,28,0,NA,5,5,13.0%,NA,NA,NA,0,NA,1,3,0.333,1.0,4,6.1%,5.75,0,NA,NA,NA,NA,NA,0.250,NA,28,@ NYJ,21,·,·,·
13,12725,Luke Lachey,TE,24.2,HOU,999.0,999,999,0,0,0,1,0,0,0,0,0,0.0,0,0,0,0,0,0,0.00,0,0,0,0,0.00,0.00,0,0,0,0,0,0,0,0,0.0,0.0,0,0,0,0,0,NA,0,0,NA,NA,NA,NA,0,NA,0,0,NA,NA,NA,NA,NA,0,NA,NA,NA,NA,NA,NA,NA,0,@ IND,6,·,·,·
13,,,,,,,,,,,,,,,,,,,,,,,,,,,,,,,,,,,,,,,,,,,,,,,NA,,,NA,NA,NA,NA,0,NA,0,0,NA,NA,NA,NA,NA,0,NA,NA,NA,NA,NA,NA,NA,0,NA,,·,·,·