WK,SLPR_ID,NM,POS,AGE,TM,PRK_PPR,PRK_0.5P,PRK_STD,FPT_PPR,FPTS_0.5,FPTS_STD,GM_ACTV,GM_P,GM,TM_SNP,SNP,FUM,CMP PCT,paAY,paATT,CMP,pa1D,INC,INT,paRTG,pa.ruYDS,SAC,paTD,paYDS,paYPA,paYPC,REC,recAY,DRP,rec1D,recTD,TGT,YAC,recYDS,YPR,YPT,CAR,BTKL,ru1D,ru.recYDS,ruTD,YCO,ruYDS,YPC,SNP%,MTF,YCO/A,MTF/A,ruIMP,ELU,IMP,OPP,IMP/OPP,IMP/G,RR,TS%,YPRR,pIMP,pIMP/A,TTT,DP%,PRS%,AYA,1DRR,DB,YDS(t),CPOE,EPA/DB,VS,vsRK,INJ,PROJ,FPOE
14,4984,Josh Allen,QB,29.4,BUF,1,1,1,37.84,37.84,37.84,1,1,1,64,64,0,78.6,77,28,22,10,6,0,139.70,329,3,3,251,8.96,11.41,0,0,0,0,0,0,0,0,0.0,0.0,9,3,3,78,1,NA,78,8.67,100.0%,NA,NA,NA,4,NA,17,37,NA,NA,NA,NA,NA,13,46.4%,3.08,3.6%,38.9%,4.60,NA,36,329,+10.5%,+0.56,vs CIN,5,·,27.7,10.1
14,9509,Bijan Robinson,RB,23.7,ATL,28,29,33,9.4,8.4,7.4,1,1,1,64,43,1,0.0,0,0,0,0,0,0,0.00,86,0,0,0,0.00,0.00,2,1,0,1,0,2,7,8,4.0,4.0,20,1,3,94,0,68,86,4.3,67.0%,6,3.40,0.300,3,0.640,4,22,0.182,4.0,NA,6.7%,NA,0,NA,NA,NA,NA,NA,NA,NA,94,NA,NA,vs SEA,18,·,19.3,-9.9
14,7564,Ja'Marr Chase,WR,25.6,CIN,31,35,38,10.2,7.7,5.2,1,1,1,60,60,0,0.0,0,0,0,0,0,0,0.00,8,0,0,0,0.00,0.00,5,14,0,3,0,8,30,44,8.8,5.5,1,0,0,52,0,NA,8,8,100.0%,NA,NA,NA,0,NA,3,9,0.333,3.0,37,22.2%,1.19,0,NA,NA,NA,NA,NA,0.081,NA,52,NA,NA,@ BUF,22,·,18.3,-8.1
14,9493,Puka Nacua,WR,24.3,LAR,2,1,1,35.7,32.2,28.7,1,1,1,70,31,0,0.0,0,0,0,0,0,0,0.00,0,0,0,0,0.00,0.00,7,132,1,5,2,11,35,167,23.9,15.2,0,0,0,167,0,NA,0,0,44.0%,NA,NA,NA,0,NA,7,11,0.636,7.0,22,35.5%,7.59,0,NA,NA,NA,NA,NA,0.227,NA,167,NA,NA,@ ARI,19,·,20.0,15.7
14,4881,Lamar Jackson,QB,28.7,BAL,7,7,7,22.06,22.06,22.06,1,1,1,80,80,0,54.3,145,35,19,8,16,1,71.00,262,2,1,219,6.26,11.53,0,0,0,0,0,0,0,0,0.0,0.0,7,1,2,43,1,NA,43,6.14,100.0%,NA,NA,NA,3,NA,12,42,NA,NA,NA,NA,NA,9,25.7%,3.27,8.6%,23.8%,8.10,NA,42,262,-10.9%,-0.19,vs PIT,7,·,22.9,-0.8
14,11566,Jayden Daniels,QB,24.8,WAS,29,29,29,3.72,3.72,3.72,1,1,1,52,39,0,45.0,25,20,9,4,11,1,35.00,94,1,0,78,3.90,8.67,0,0,0,0,0,0,0,0,0.0,0.0,4,0,1,16,0,NA,16,4,75.0%,NA,NA,NA,1,NA,5,24,NA,NA,NA,NA,NA,4,20.0%,2.67,0.0%,36.0%,3.90,NA,25,94,-16.1%,-0.50,@ MIN,26,·,19.4,-15.7
14,9221,Jahmyr Gibbs,RB,23.5,DET,1,1,1,37,33.5,30,1,1,1,62,43,0,0.0,0,0,0,0,0,0,0.00,43,0,0,0,0.00,0.00,7,14,0,3,0,7,63,77,11.0,11.0,12,1,1,120,3,22,43,3.58,69.0%,9,1.80,0.750,4,0.930,7,19,0.368,7.0,NA,20.6%,NA,0,NA,NA,NA,NA,NA,NA,NA,120,NA,NA,vs DAL,15,·,24.0,13.0
14,6794,Justin Jefferson,WR,26.3,MIN,77,81,82,3.1,2.1,1.1,1,1,1,64,51,0,0.0,0,0,0,0,0,0,0.00,0,0,0,0,0.00,0.00,2,-1,0,1,0,4,12,11,5.5,2.8,0,0,0,11,0,NA,0,0,80.0%,NA,NA,NA,0,NA,1,4,0.250,1.0,24,17.4%,0.46,0,NA,NA,NA,NA,NA,0.042,NA,11,NA,NA,vs WAS,5,·,13.5,-10.4
14,9488,Jaxon Smith-Njigba,WR,23.6,SEA,3.0,3,4,28.1,24.6,21.1,1,1,1,61,44,1,0.0,0,0,0,0,0,0,0.00,-1,0,0,0,0.00,0.00,7,58,0,2,2,10,34,92,13.1,9.2,1,0,0,91,0,NA,-1,-1,72.0%,NA,NA,NA,0,NA,4,11,0.364,4.0,30,33.3%,3.07,0,NA,NA,NA,NA,NA,0.067,NA,91,NA,NA,@ ATL,13,·,20.5,7.6
14,7547,Amon-Ra St. Brown,WR,25.9,DET,18.0,19,20,15.2,12.2,9.2,1,1,1,62,57,0,0.0,0,0,0,0,0,0,0.00,0,0,0,0,0.00,0.00,6,40,1,2,0,9,52,92,15.3,10.2,0,0,0,92,0,NA,0,0,92.0%,NA,NA,NA,0,NA,2,9,0.222,2.0,34,26.5%,2.71,0,NA,NA,NA,NA,NA,0.059,NA,92,NA,NA,vs DAL,1,·,17.0,-1.8
14,6786,CeeDee Lamb,WR,26.5,DAL,10.0,11,13,18.1,15.1,12.1,1,1,1,82,38,0,0.0,0,0,0,0,0,0,0.00,0,0,0,0,0.00,0.00,6,73,0,4,0,8,48,121,20.2,15.1,0,0,0,121,0,NA,0,0,46.0%,NA,NA,NA,0,NA,4,8,0.500,4.0,25,17.0%,4.84,0,NA,NA,NA,NA,NA,0.160,NA,121,NA,NA,@ DET,2,OUT,19.9,-1.8
14,11632,Malik Nabers,WR,22.2,NYG,0.0,0,0,0,0,0,0,0,0,0,0,0,0.0,0,0,0,0,0,0,0.00,0,0,0,0,0.00,0.00,0,0,0,0,0,0,0,0,0.0,0.0,0,0,0,0,0,NA,0,0,0.0%,NA,NA,NA,0,NA,0,0,NA,NA,NA,NA,NA,0,NA,NA,NA,NA,NA,NA,NA,0,NA,NA,BYE,BYE,BYE,BYE,BYE
14,11564,Drake Maye,QB,23.1,NE,0.0,0,0,0,0,0,0,0,0,0,0,0,0.0,0,0,0,0,0,0,0.00,0,0,0,0,0.00,0.00,0,0,0,0,0,0,0,0,0.0,0.0,0,0,0,0,0,NA,0,0,0.0%,NA,NA,NA,0,NA,0,0,NA,NA,NA,NA,NA,0,NA,NA,NA,NA,NA,NA,NA,0,NA,NA,BYE,BYE,BYE,BYE,BYE
14,12514,Emeka Egbuka,WR,23.0,TB,71.0,76,77,3.5,2.5,1.5,1,1,1,74,65,0,0.0,0,0,0,0,0,0,0.00,0,0,0,0,0.00,0.00,2,10,2,0,0,9,5,15,7.5,1.7,0,0,0,15,0,NA,0,0,88.0%,NA,NA,NA,0,NA,0,9,0.000,0.0,31,30.0%,0.48,0,NA,NA,NA,NA,NA,0.000,NA,15,NA,NA,vs NO,18,·,13.8,-10.3
14,11604,Brock Bowers,TE,22.8,LV,7.0,5,5,14.6,12.6,10.6,1,1,1,50,50,0,0.0,0,0,0,0,0,0,0.00,0,0,0,0,0.00,0.00,4,36,0,2,1,5,10,46,11.5,9.2,0,0,0,46,0,NA,0,0,100.0%,NA,NA,NA,0,NA,3,5,0.600,3.0,34,15.6%,1.35,0,NA,NA,NA,NA,NA,0.059,NA,46,NA,NA,vs DEN,14,·,15.0,-0.4
14,6904,Jalen Hurts,QB,27.1,PHI,28.0,28,28,4.4,4.4,4.4,1,1,1,71,71,1,52.5,129,40,21,12,19,4,31.30,248,1,0,240,6.00,11.43,0,0,0,0,0,0,0,0,0.0,0.0,4,0,0,8,0,NA,8,2,100.0%,NA,NA,NA,0,NA,12,44,NA,NA,NA,NA,NA,12,30.0%,2.97,10.0%,34.9%,10.50,NA,43,248,-5.7%,-0.42,@ LAC,30,·,23.0,-18.6
14,12527,Ashton Jeanty,RB,21.8,LV,42.0,43,44,5.8,4.8,3.8,1,1,1,50,35,0,0.0,0,0,0,0,0,0,0.00,30,0,0,0,0.00,0.00,2,3,0,0,0,4,5,8,4.0,2.0,10,0,2,38,0,28,30,3,70.0%,0,2.80,0.000,2,0.280,2,14,0.143,2.0,NA,12.5%,NA,0,NA,NA,NA,NA,NA,NA,NA,38,NA,NA,vs DEN,27,·,14.8,-9.0
14,6797,Justin Herbert,QB,27.6,LAC,17.0,17,17,13.16,13.16,13.16,1,1,1,74,74,2,46.2,55,26,12,4,14,1,59.60,205,7,1,139,5.35,11.58,0,0,0,0,0,0,0,0,0.0,0.0,10,3,4,66,0,NA,66,6.6,100.0%,NA,NA,NA,4,NA,9,36,NA,NA,NA,NA,NA,5,19.2%,3.21,15.4%,68.3%,10.40,NA,41,205,-2.8%,-0.33,vs PHI,17,·,20.5,-7.3
14,6813,Jonathan Taylor,RB,26.7,IND,20.0,20,19,11.4,11.4,11.4,1,1,1,70,52,1,0.0,0,0,0,0,0,0,0.00,74,0,0,0,0.00,0.00,0,0,0,0,0,0,0,0,0.0,0.0,21,1,2,74,1,42,74,3.52,74.0%,1,2.00,0.048,3,0.248,3,21,0.143,3.0,NA,0.0%,NA,0,NA,NA,NA,NA,NA,NA,NA,74,NA,NA,@ JAX,29,·,21.4,-10.0
14,8112,Drake London,WR,24.2,ATL,0.0,0,0,0,0,0,0,0,0,0,0,0,0.0,0,0,0,0,0,0,0.00,0,0,0,0,0.00,0.00,0,0,0,0,0,0,0,0,0.0,0.0,0,0,0,0,0,NA,0,0,0.0%,NA,NA,NA,0,NA,0,0,NA,NA,NA,NA,NA,0,NA,NA,NA,NA,NA,NA,NA,0,NA,NA,vs SEA,12,OUT,OUT,OUT
14,4046,Patrick Mahomes,QB,30.0,KC,22.0,24,25,9.3,8.8,8.3,1,1,1,64,64,0,42.4,90,33,14,8,19,3,19.80,219,2,0,160,4.85,11.43,1,-8,0,0,0,1,-2,-10,-10.0,-10.0,7,1,1,49,0,NA,59,8.43,100.0%,NA,NA,NA,1,NA,9,41,NA,NA,NA,NA,NA,8,24.2%,3.24,9.1%,42.9%,9.30,NA,42,209,-16.3%,-0.54,vs HOU,32,·,22.9,-13.6
14,6770,Joe Burrow,QB,28.8,CIN,3.0,3,3,25.36,25.36,25.36,1,1,1,60,60,0,69.4,188,36,25,14,11,2,106.70,284,1,4,284,7.89,11.36,0,0,0,0,0,0,0,0,0.0,0.0,0,0,0,0,0,NA,0,0,100.0%,NA,NA,NA,0,NA,18,36,NA,NA,NA,NA,NA,18,50.0%,2.86,16.7%,37.8%,9.30,NA,37,284,+6.9%,+0.15,@ BUF,31,·,19.7,5.7
14,9226,De'Von Achane,RB,24.0,MIA,9.0,7,7,17.5,17,16.5,1,1,1,65,22,0,0.0,0,0,0,0,0,0,0.00,92,0,0,0,0.00,0.00,1,0,0,1,0,1,13,13,13.0,13.0,7,3,2,105,1,48,92,13.14,34.0%,4,6.90,0.571,3,1.261,4,8,0.500,4.0,NA,4.8%,NA,0,NA,NA,NA,NA,NA,NA,NA,105,NA,NA,@ NYJ,5,·,22.7,-5.2
14,8130,Trey McBride,TE,25.8,ARI,13.0,13,16,10.8,8.3,5.8,1,1,1,62,60,0,0.0,0,0,0,0,0,0,0.00,0,0,0,0,0.00,0.00,5,21,0,2,0,9,37,58,11.6,6.4,0,0,0,58,0,NA,0,0,97.0%,NA,NA,NA,0,NA,2,9,0.222,2.0,49,20.5%,1.18,0,NA,NA,NA,NA,NA,0.041,NA,58,NA,NA,vs LAR,19,·,17.9,-7.1
14,12507,Omarion Hampton,RB,22.5,LAC,18.0,18,17,14.7,13.7,12.7,1,1,0,74,23,0,0.0,0,0,0,0,0,0,0.00,56,0,0,0,0.00,0.00,2,2,0,0,1,2,9,11,5.5,5.5,13,1,4,67,0,23,56,4.31,31.0%,2,1.80,0.154,4,0.334,5,15,0.333,5.0,NA,0.0%,NA,0,NA,NA,NA,NA,NA,NA,NA,67,NA,NA,vs PHI,7,IR,10.0,4.7
14,11620,Rome Odunze,WR,23.3,CHI,0.0,0,0,0,0,0,0,0,0,0,0,0,0.0,0,0,0,0,0,0,0.00,0,0,0,0,0.00,0.00,0,0,0,0,0,0,0,0,0.0,0.0,0,0,0,0,0,NA,0,0,0.0%,NA,NA,NA,0,NA,0,0,NA,NA,NA,NA,NA,0,NA,NA,NA,NA,NA,NA,NA,0,NA,NA,@ GB,21,OUT,OUT,OUT
14,12526,Tetairoa McMillan,WR,22.5,CAR,0.0,0,0,0,0,0,0,0,0,0,0,0,0.0,0,0,0,0,0,0,0.00,0,0,0,0,0.00,0.00,0,0,0,0,0,0,0,0,0.0,0.0,0,0,0,0,0,NA,0,0,0.0%,NA,NA,NA,0,NA,0,0,NA,NA,NA,NA,NA,0,NA,NA,NA,NA,NA,NA,NA,0,NA,NA,BYE,BYE,BYE,BYE,BYE
14,11560,Caleb Williams,QB,23.9,CHI,16.0,16,16,15.94,15.94,15.94,1,1,1,70,70,0,54.3,113,35,19,10,16,1,76.60,201,1,2,186,5.31,9.79,0,0,0,0,0,0,0,0,0.0,0.0,4,0,2,15,0,NA,15,3.75,100.0%,NA,NA,NA,2,NA,14,39,NA,NA,NA,NA,NA,12,34.3%,3.74,5.7%,41.0%,6.90,NA,39,201,-2.8%,-0.03,@ GB,27,·,17.4,-1.5
14,12518,Tyler Warren,TE,23.4,IND,29.0,29,31,3.7,2.7,1.7,1,1,0,70,65,0,0.0,0,0,0,0,0,0,0.00,2,0,0,0,0.00,0.00,2,15,0,1,0,6,0,15,7.5,2.5,1,0,1,17,0,NA,2,2,93.0%,NA,NA,NA,1,NA,2,7,0.286,2.0,35,16.7%,0.43,0,NA,NA,NA,NA,NA,0.029,NA,17,NA,NA,@ JAX,2,·,11.1,-7.4
14,12512,Quinshon Judkins,RB,21.9,CLE,27.0,28,27,9.4,8.9,8.4,1,1,1,69,32,0,0.0,0,0,0,0,0,0,0.00,26,0,0,0,0.00,0.00,1,-4,0,1,0,3,62,58,58.0,19.3,14,1,2,84,0,38,26,1.86,46.0%,3,2.70,0.214,2,0.484,3,17,0.176,3.0,NA,7.1%,NA,0,NA,NA,NA,NA,NA,NA,NA,84,NA,NA,vs TEN,9,·,15.9,-6.5
14,11584,Bucky Irving,RB,23.1,TB,13.0,12,13,16.1,15.1,14.1,1,1,1,74,36,0,0.0,0,0,0,0,0,0,0.00,55,0,0,0,0.00,0.00,2,-8,0,0,1,3,34,26,13.0,8.7,15,0,3,81,0,38,55,3.67,49.0%,3,2.50,0.200,3,0.450,4,18,0.222,4.0,NA,10.0%,NA,0,NA,NA,NA,NA,NA,NA,NA,81,NA,NA,vs NO,16,·,15.4,0.7
14,11631,Brian Thomas Jr.,WR,23.0,JAX,23.0,24,21,11.7,10.2,8.7,1,1,1,64,53,0,0.0,0,0,0,0,0,0,0.00,0,0,0,0,0.00,0.00,3,76,0,3,0,6,11,87,29.0,14.5,0,0,0,87,0,NA,0,0,83.0%,NA,NA,NA,0,NA,3,6,0.500,3.0,31,19.4%,2.81,0,NA,NA,NA,NA,NA,0.097,NA,87,NA,NA,vs IND,9,·,11.0,0.7
14,8138,James Cook,RB,26.0,BUF,25.0,24,24,11.1,10.1,9.1,1,1,1,64,48,2,0.0,0,0,0,0,0,0,0.00,80,0,0,0,0.00,0.00,2,-5,0,1,0,2,36,31,15.5,15.5,18,1,2,111,0,52,80,4.44,75.0%,4,2.90,0.222,2,0.512,3,20,0.150,3.0,NA,7.1%,NA,0,NA,NA,NA,NA,NA,NA,NA,111,NA,NA,vs CIN,1,·,18.5,-7.4
14,4892,Baker Mayfield,QB,30.4,TB,19.0,19,19,12.08,12.08,12.08,1,1,1,74,74,0,46.7,28,30,14,3,16,1,55.10,164,0,1,122,4.07,8.71,0,0,0,0,0,0,0,0,0.0,0.0,6,0,3,42,0,NA,42,7,100.0%,NA,NA,NA,3,NA,7,36,NA,NA,NA,NA,NA,4,13.3%,2.80,3.3%,22.9%,7.40,NA,35,164,-15.9%,-0.28,vs NO,22,·,21.7,-9.6
14,7569,Nico Collins,WR,26.5,HOU,16.0,14,14,16.1,14.1,12.1,1,1,1,70,57,0,0.0,0,0,0,0,0,0,0.00,0,0,0,0,0.00,0.00,4,83,0,3,0,8,38,121,30.3,15.1,0,0,0,121,0,NA,0,0,81.0%,NA,NA,NA,0,NA,3,8,0.375,3.0,33,25.8%,3.67,0,NA,NA,NA,NA,NA,0.091,NA,121,NA,NA,@ KC,20,·,16.0,0.1
14,8146,Garrett Wilson,WR,25.2,NYJ,999.0,999,999,0,0,0,1,0,0,0,0,0,0.0,0,0,0,0,0,0,0.00,0,0,0,0,0.00,0.00,0,0,0,0,0,0,0,0,0.0,0.0,0,0,0,0,0,NA,0,0,0.0%,NA,NA,NA,0,NA,0,0,NA,NA,NA,NA,NA,0,NA,NA,NA,NA,NA,NA,NA,0,NA,NA,vs MIA,25,IR,IR,IR
14,6804,Jordan Love,QB,26.9,GB,11.0,11,11,20.26,20.26,20.26,1,1,1,53,53,0,68.0,139,25,17,6,8,1,120.70,233,1,3,234,9.36,13.76,0,0,0,0,0,0,0,0,0.0,0.0,1,0,0,-1,0,NA,-1,-1,100.0%,NA,NA,NA,0,NA,9,26,NA,NA,NA,NA,NA,9,36.0%,2.94,28.0%,23.1%,12.10,NA,26,233,+5.4%,+0.24,vs CHI,8,·,20.6,-0.3
14,10229,Rashee Rice,WR,25.4,KC,43.0,46,48,7.4,5.4,3.4,1,1,1,64,50,0,0.0,0,0,0,0,0,0,0.00,0,0,0,0,0.00,0.00,4,-5,1,1,0,8,39,34,8.5,4.3,0,0,0,34,0,NA,0,0,78.0%,NA,NA,NA,0,NA,1,8,0.125,1.0,31,24.2%,1.10,0,NA,NA,NA,NA,NA,0.032,NA,34,NA,NA,vs HOU,29,·,16.8,-9.4
14,4866,Saquon Barkley,RB,28.6,PHI,7.0,6,5,18.2,18.2,18.2,1,1,1,71,58,0,0.0,0,0,0,0,0,0,0.00,122,0,0,0,0.00,0.00,0,0,0,0,0,2,0,0,0.0,0.0,20,4,4,122,1,28,122,6.1,82.0%,6,1.40,0.300,5,0.440,5,22,0.227,5.0,NA,0.0%,NA,0,NA,NA,NA,NA,NA,NA,NA,122,NA,NA,@ LAC,20,·,15.2,3.0
14,11563,Bo Nix,QB,25.6,DEN,15.0,15,15,15.98,15.98,15.98,1,1,1,74,74,0,81.6,99,38,31,14,7,0,89.90,227,3,0,212,5.58,6.84,0,0,0,0,0,0,0,0,0.0,0.0,3,0,0,15,1,NA,15,5,100.0%,NA,NA,NA,1,NA,15,41,NA,NA,NA,NA,NA,14,36.8%,2.95,2.6%,31.0%,4.70,NA,42,227,+15.3%,+0.09,@ LV,15,·,20.6,-4.6
14,12508,Jaxson Dart,QB,22.4,NYG,0.0,0,0,0,0,0,0,0,0,0,0,0,0.0,0,0,0,0,0,0,0.00,0,0,0,0,0.00,0.00,0,0,0,0,0,0,0,0,0.0,0.0,0,0,0,0,0,NA,0,0,0.0%,NA,NA,NA,0,NA,0,0,NA,NA,NA,NA,NA,0,NA,NA,NA,NA,NA,NA,NA,0,NA,NA,BYE,BYE,BYE,BYE,BYE
14,11635,Ladd McConkey,WR,23.9,LAC,84.0,84,80,2.2,1.7,1.2,1,1,1,74,64,0,0.0,0,0,0,0,0,0,0.00,0,0,0,0,0.00,0.00,1,6,0,1,0,5,6,12,12.0,2.4,0,0,0,12,0,NA,0,0,86.0%,NA,NA,NA,0,NA,1,5,0.200,1.0,40,0.0%,0.30,0,NA,NA,NA,NA,NA,0.025,NA,12,NA,NA,vs PHI,17,·,13.6,-11.4
14,4034,Christian McCaffrey,RB,29.3,SF,0.0,0,0,0,0,0,0,0,0,0,0,0,0.0,0,0,0,0,0,0,0.00,0,0,0,0,0.00,0.00,0,0,0,0,0,0,0,0,0.0,0.0,0,0,0,0,0,NA,0,0,0.0%,NA,NA,NA,0,NA,0,0,NA,NA,NA,NA,NA,0,NA,NA,NA,NA,NA,NA,NA,0,NA,NA,BYE,BYE,BYE,BYE,BYE
14,8137,George Pickens,WR,24.6,DAL,36.0,40,43,8.7,6.2,3.7,1,1,1,82,69,1,0.0,0,0,0,0,0,0,0.00,0,0,0,0,0.00,0.00,5,26,1,2,0,9,11,37,7.4,4.1,0,0,0,37,0,NA,0,0,84.0%,NA,NA,NA,0,NA,2,9,0.222,2.0,47,19.1%,0.79,0,NA,NA,NA,NA,NA,0.043,NA,37,NA,NA,@ DET,2,·,17.6,-8.9
14,11628,Marvin Harrison Jr.,WR,23.1,ARI,0.0,0,0,0,0,0,0,0,0,0,0,0,0.0,0,0,0,0,0,0,0.00,0,0,0,0,0.00,0.00,0,0,0,0,0,0,0,0,0.0,0.0,0,0,0,0,0,NA,0,0,0.0%,NA,NA,NA,0,NA,0,0,NA,NA,NA,NA,NA,0,NA,NA,NA,NA,NA,NA,NA,0,NA,NA,vs LAR,16,OUT,OUT,OUT
14,5850,Josh Jacobs,RB,27.6,GB,10.0,11,11,17.2,16.2,15.2,1,1,1,53,38,0,0.0,0,0,0,0,0,0,0.00,86,0,0,0,0.00,0.00,2,-6,0,0,0,2,12,6,3.0,3.0,20,3,6,92,1,66,86,4.3,72.0%,5,3.30,0.250,7,0.580,7,22,0.318,7.0,NA,8.0%,NA,0,NA,NA,NA,NA,NA,NA,NA,92,NA,NA,vs CHI,17,·,19.5,-2.3
14,8150,Kyren Williams,RB,25.1,LAR,8.0,10,9,17.7,16.7,15.7,1,1,1,70,36,0,0.0,0,0,0,0,0,0,0.00,84,0,0,0,0.00,0.00,2,4,0,0,0,2,9,13,6.5,6.5,13,0,6,97,1,66,84,6.46,51.0%,6,5.10,0.462,7,0.972,7,15,0.467,7.0,NA,6.5%,NA,0,NA,NA,NA,NA,NA,NA,NA,97,NA,NA,@ ARI,8,·,14.4,3.3
14,12481,Cam Skattebo,RB,23.6,NYG,0.0,0,0,0,0,0,0,0,0,0,0,0,0.0,0,0,0,0,0,0,0.00,0,0,0,0,0.00,0.00,0,0,0,0,0,0,0,0,0.0,0.0,0,0,0,0,0,NA,0,0,0.0%,NA,NA,NA,0,NA,0,0,NA,NA,NA,NA,NA,0,NA,NA,NA,NA,NA,NA,NA,0,NA,NA,BYE,BYE,BYE,BYE,BYE
14,8155,Breece Hall,RB,24.3,NYJ,46.0,44,41,4.3,4.3,4.3,1,1,1,58,44,0,0.0,0,0,0,0,0,0,0.00,43,0,0,0,0.00,0.00,0,0,0,0,0,1,0,0,0.0,0.0,14,0,1,43,0,35,43,3.07,76.0%,1,2.50,0.071,1,0.321,1,15,0.067,1.0,NA,2.9%,NA,0,NA,NA,NA,NA,NA,NA,NA,43,NA,NA,vs MIA,14,·,16.1,-11.8
14,9758,C.J. Stroud,QB,24.0,HOU,18.0,18,18,12.62,12.62,12.62,1,1,1,70,70,0,48.4,134,31,15,6,16,0,80.40,208,3,1,203,6.55,13.53,0,0,0,0,0,0,0,0,0.0,0.0,2,0,1,5,0,NA,5,2.5,100.0%,NA,NA,NA,1,NA,8,33,NA,NA,NA,NA,NA,7,22.6%,3.27,9.7%,54.3%,10.50,NA,35,208,-4.3%,-0.08,@ KC,18,·,17.5,-4.9
14,8183,Brock Purdy,QB,25.8,SF,0.0,0,0,0,0,0,0,0,0,0,0,0,0.0,0,0,0,0,0,0,0.00,0,0,0,0,0.00,0.00,0,0,0,0,0,0,0,0,0.0,0.0,0,0,0,0,0,NA,0,0,0.0%,NA,NA,NA,0,NA,0,0,NA,NA,NA,NA,NA,0,NA,NA,NA,NA,NA,NA,NA,0,NA,NA,BYE,BYE,BYE,BYE,BYE
14,3294,Dak Prescott,QB,32.2,DAL,9.0,9,9,20.44,20.44,20.44,1,1,1,82,82,1,66.0,251,47,31,16,16,2,79.70,390,5,1,376,8.00,12.13,0,0,0,0,0,0,0,0,0.0,0.0,3,1,2,14,0,NA,14,4.67,100.0%,NA,NA,NA,2,NA,19,50,NA,NA,NA,NA,NA,17,36.2%,2.73,12.8%,37.0%,10.30,NA,54,390,+5.4%,-0.08,@ DET,4,·,24.6,-4.2
14,5859,A.J. Brown,WR,28.2,PHI,17.0,16,18,16,13,10,1,1,1,71,69,0,0.0,0,0,0,0,0,0,0.00,0,0,0,0,0.00,0.00,6,62,1,5,0,13,38,100,16.7,7.7,0,0,0,100,0,NA,0,0,97.0%,NA,NA,NA,0,NA,5,13,0.385,5.0,43,0.0%,2.33,0,NA,NA,NA,NA,NA,0.116,NA,100,NA,NA,@ LAC,32,·,14.3,1.7
14,12529,TreVeyon Henderson,RB,22.9,NE,0.0,0,0,0,0,0,0,0,0,0,0,0,0.0,0,0,0,0,0,0,0.00,0,0,0,0,0.00,0.00,0,0,0,0,0,0,0,0,0.0,0.0,0,0,0,0,0,NA,0,0,0.0%,NA,NA,NA,0,NA,0,0,NA,NA,NA,NA,NA,0,NA,NA,NA,NA,NA,NA,NA,0,NA,NA,BYE,BYE,BYE,BYE,BYE
14,11624,Xavier Worthy,WR,22.4,KC,38.0,39,35,8.5,7,5.5,1,1,1,64,49,0,0.0,0,0,0,0,0,0,0.00,0,0,0,0,0.00,0.00,3,37,0,3,0,4,18,55,18.3,13.8,0,0,0,55,0,NA,0,0,77.0%,NA,NA,NA,0,NA,3,4,0.750,3.0,32,12.1%,1.72,0,NA,NA,NA,NA,NA,0.094,NA,55,NA,NA,vs HOU,29,·,9.6,-1.1
14,10859,Sam LaPorta,TE,24.7,DET,999.0,999,999,0,0,0,1,0,0,0,0,0,0.0,0,0,0,0,0,0,0.00,0,0,0,0,0.00,0.00,0,0,0,0,0,0,0,0,0.0,0.0,0,0,0,0,0,NA,0,0,0.0%,NA,NA,NA,0,NA,0,0,NA,NA,NA,NA,NA,0,NA,NA,NA,NA,NA,NA,NA,0,NA,NA,vs DAL,9,IR,IR,IR
14,9484,Tucker Kraft,TE,24.9,GB,999.0,999,999,0,0,0,1,0,0,0,0,0,0.0,0,0,0,0,0,0,0.00,0,0,0,0,0.00,0.00,0,0,0,0,0,0,0,0,0.0,0.0,0,0,0,0,0,NA,0,0,0.0%,NA,NA,NA,0,NA,0,0,NA,NA,NA,NA,NA,0,NA,NA,NA,NA,NA,NA,NA,0,NA,NA,vs CHI,13,IR,IR,IR
14,3163,Jared Goff,QB,31.0,DET,14.0,14,14,16.16,16.16,16.16,1,1,1,62,62,0,73.5,132,34,25,9,9,0,111.00,307,1,1,309,9.09,12.36,0,0,0,0,0,0,0,0,0.0,0.0,2,0,0,-2,0,NA,-2,-1,100.0%,NA,NA,NA,0,NA,10,36,NA,NA,NA,NA,NA,10,29.4%,2.46,8.8%,25.7%,7.70,NA,35,307,+6.5%,+0.40,vs DAL,1,·,21.4,-5.2
14,9756,Jordan Addison,WR,23.7,MIN,30.0,31,34,10.2,8.2,6.2,1,1,1,64,43,0,0.0,0,0,0,0,0,0,0.00,0,0,0,0,0.00,0.00,4,49,1,4,0,7,13,62,15.5,8.9,0,0,0,62,0,NA,0,0,67.0%,NA,NA,NA,0,NA,4,7,0.571,4.0,23,30.4%,2.70,0,NA,NA,NA,NA,NA,0.174,NA,62,NA,NA,vs WAS,5,·,9.1,1.1
14,12530,Travis Hunter,WR,22.4,JAX,999.0,999,999,0,0,0,1,0,0,0,0,0,0.0,0,0,0,0,0,0,0.00,0,0,0,0,0.00,0.00,0,0,0,0,0,0,0,0,0.0,0.0,0,0,0,0,0,NA,0,0,0.0%,NA,NA,NA,0,NA,0,0,NA,NA,NA,NA,NA,0,NA,NA,NA,NA,NA,NA,NA,0,NA,NA,vs IND,9,IR,IR,IR
14,5870,Daniel Jones,QB,28.3,IND,30.0,30,30,1.8,1.8,1.8,1,1,1,70,16,0,71.4,37,7,5,4,2,1,57.70,64,0,0,60,8.57,12.00,0,0,0,0,0,0,0,0,0.0,0.0,1,0,0,4,0,NA,4,4,23.0%,NA,NA,NA,0,NA,4,8,NA,NA,NA,NA,NA,4,57.1%,2.54,0.0%,25.0%,8.80,NA,8,64,+3.5%,-0.31,@ JAX,10,·,16.6,-14.8
14,7526,Jaylen Waddle,WR,26.8,MIA,11.0,10,10,18.1,15.6,13.1,1,1,1,65,51,0,0.0,0,0,0,0,0,0,0.00,21,0,0,0,0.00,0.00,5,33,0,3,1,7,17,50,10.0,7.1,1,0,1,71,0,NA,21,21,78.0%,NA,NA,NA,1,NA,5,8,0.625,5.0,18,33.3%,2.78,0,NA,NA,NA,NA,NA,0.167,NA,71,NA,NA,@ NYJ,23,·,14.0,4.1
14,6801,Tee Higgins,WR,26.7,CIN,4.0,4,3,27.2,24.2,21.2,1,1,1,60,44,0,0.0,0,0,0,0,0,0,0.00,0,0,0,0,0.00,0.00,6,80,1,3,2,11,12,92,15.3,8.4,0,0,0,92,0,NA,0,0,73.0%,NA,NA,NA,0,NA,5,11,0.455,5.0,32,30.6%,2.88,0,NA,NA,NA,NA,NA,0.094,NA,92,NA,NA,@ BUF,22,·,13.9,13.3
14,9754,Quentin Johnston,WR,24.1,LAC,81.0,83,86,2.8,1.8,0.8,1,1,0,74,56,0,0.0,0,0,0,0,0,0,0.00,0,0,0,0,0.00,0.00,2,5,0,0,0,3,3,8,4.0,2.7,0,0,0,8,0,NA,0,0,76.0%,NA,NA,NA,0,NA,0,3,0.000,0.0,38,0.0%,0.21,0,NA,NA,NA,NA,NA,0.000,NA,8,NA,NA,vs PHI,17,·,11.1,-8.3
14,7525,DeVonta Smith,WR,26.9,PHI,41.0,41,44,7.7,5.7,3.7,1,1,1,71,69,0,0.0,0,0,0,0,0,0,0.00,0,0,0,0,0.00,0.00,4,15,1,1,0,8,22,37,9.3,4.6,0,0,0,37,0,NA,0,0,97.0%,NA,NA,NA,0,NA,1,8,0.125,1.0,43,0.0%,0.86,0,NA,NA,NA,NA,NA,0.023,NA,37,NA,NA,@ LAC,32,·,13.5,-5.8
14,5846,DK Metcalf,WR,27.8,PIT,7.0,7,7,21.8,18.3,14.8,1,1,1,52,43,0,0.0,0,0,0,0,0,0,0.00,0,0,0,0,0.00,0.00,7,111,0,3,0,12,37,148,21.1,12.3,0,0,0,148,0,NA,0,0,83.0%,NA,NA,NA,0,NA,3,12,0.250,3.0,33,35.3%,4.48,0,NA,NA,NA,NA,NA,0.091,NA,148,NA,NA,@ BAL,10,·,12.6,9.2
14,9997,Zay Flowers,WR,25.0,BAL,8.0,8,12,20.6,16.6,12.6,1,1,1,80,74,0,0.0,0,0,0,0,0,0,0.00,2,0,0,0,0.00,0.00,8,82,2,4,0,11,42,124,15.5,11.3,1,0,0,126,0,NA,2,2,93.0%,NA,NA,NA,0,NA,4,12,0.333,4.0,38,31.4%,3.26,0,NA,NA,NA,NA,NA,0.105,NA,126,NA,NA,vs PIT,6,·,14.2,6.4
14,12522,Cam Ward,QB,23.3,TEN,20.0,20,20,12.08,12.08,12.08,1,1,1,66,66,0,50.0,32,28,14,4,14,1,70.10,121,1,2,117,4.18,8.36,0,0,0,0,0,0,0,0,0.0,0.0,2,0,1,4,0,NA,4,2,100.0%,NA,NA,NA,1,NA,7,30,NA,NA,NA,NA,NA,6,21.4%,2.69,10.7%,44.8%,5.10,NA,29,121,-13.8%,-0.45,@ CLE,28,·,13.9,-1.8
14,11638,Ricky Pearsall,WR,25.0,SF,0.0,0,0,0,0,0,0,0,0,0,0,0,0.0,0,0,0,0,0,0,0.00,0,0,0,0,0.00,0.00,0,0,0,0,0,0,0,0,0.0,0.0,0,0,0,0,0,NA,0,0,0.0%,NA,NA,NA,0,NA,0,0,NA,NA,NA,NA,NA,0,NA,NA,NA,NA,NA,NA,NA,0,NA,NA,BYE,BYE,BYE,BYE,BYE
14,8144,Chris Olave,WR,25.2,NO,53.0,52,55,6,4.5,3,1,1,1,58,54,0,0.0,0,0,0,0,0,0,0.00,0,0,0,0,0.00,0.00,3,19,1,2,0,5,11,30,10.0,6.0,0,0,0,30,0,NA,0,0,93.0%,NA,NA,NA,0,NA,2,5,0.400,2.0,24,25.0%,1.25,0,NA,NA,NA,NA,NA,0.083,NA,30,NA,NA,@ TB,11,·,15.6,-9.6
14,11559,Michael Penix Jr.,QB,25.4,ATL,999.0,999,999,0,0,0,1,0,0,0,0,0,0.0,0,0,0,0,0,0,0.00,0,0,0,0,0.00,0.00,0,0,0,0,0,0,0,0,0.0,0.0,0,0,0,0,0,NA,0,0,0.0%,NA,NA,NA,0,NA,0,0,NA,NA,NA,NA,NA,0,NA,NA,NA,NA,NA,NA,NA,0,NA,NA,vs SEA,12,IR,IR,IR
14,8151,Kenneth Walker III,RB,24.9,SEA,49.0,49,51,3.8,3.3,2.8,1,1,1,61,32,0,0.0,0,0,0,0,0,0,0.00,29,0,0,0,0.00,0.00,1,-4,1,0,0,3,3,-1,-1.0,-0.3,10,1,2,28,0,35,29,2.9,52.0%,4,3.50,0.400,2,0.750,2,13,0.154,2.0,NA,10.0%,NA,0,NA,NA,NA,NA,NA,NA,NA,28,NA,NA,@ ATL,10,·,12.8,-9.0
14,12501,Matthew Golden,WR,22.2,GB,999.0,999,999,0,0,0,1,1,0,53,5,0,0.0,0,0,0,0,0,0,0.00,0,0,0,0,0.00,0.00,0,0,0,0,0,1,0,0,0.0,0.0,0,0,0,0,0,NA,0,0,9.0%,NA,NA,NA,0,NA,0,1,0.000,0.0,4,4.0%,0.00,0,NA,NA,NA,NA,NA,0.000,NA,0,NA,NA,vs CHI,4,-,4.8,-4.8
14,5849,Kyler Murray,QB,28.1,ARI,999.0,999,999,0,0,0,1,0,0,0,0,0,0.0,0,0,0,0,0,0,0.00,0,0,0,0,0.00,0.00,0,0,0,0,0,0,0,0,0.0,0.0,0,0,0,0,0,NA,0,0,0.0%,NA,NA,NA,0,NA,0,0,NA,NA,NA,NA,NA,0,NA,NA,NA,NA,NA,NA,NA,0,NA,NA,vs LAR,25,IR,IR,IR
14,11565,J.J. McCarthy,QB,22.7,MIN,10.0,10,10,20.42,20.42,20.42,1,1,1,64,64,0,69.6,83,23,16,10,7,0,129.20,182,4,3,163,7.09,10.19,0,0,0,0,0,0,0,0,0.0,0.0,6,0,2,19,0,NA,19,3.17,100.0%,NA,NA,NA,2,NA,15,29,NA,NA,NA,NA,NA,13,56.5%,2.56,8.7%,31.0%,7.10,NA,29,182,-2.7%,+0.43,vs WAS,6,·,18.9,1.5
14,7588,Javonte Williams,RB,25.4,DAL,17.0,16,16,14.7,13.7,12.7,1,1,1,82,65,0,0.0,0,0,0,0,0,0,0.00,67,0,0,0,0.00,0.00,2,-10,0,0,0,4,10,0,0.0,0.0,17,3,4,67,1,68,67,3.94,79.0%,8,4.00,0.471,5,0.871,5,21,0.238,5.0,NA,8.5%,NA,0,NA,NA,NA,NA,NA,NA,NA,67,NA,NA,@ DET,31,·,15.4,-0.7
14,7523,Trevor Lawrence,QB,26.0,JAX,13.0,13,13,19.36,19.36,19.36,1,1,1,64,58,0,56.7,166,30,17,8,13,0,105.40,260,0,2,244,8.13,14.35,0,0,0,0,0,0,0,0,0.0,0.0,4,0,3,16,0,NA,16,4,91.0%,NA,NA,NA,3,NA,13,34,NA,NA,NA,NA,NA,10,33.3%,2.75,20.0%,25.0%,11.20,NA,32,260,-2.1%,+0.40,vs IND,21,·,18.7,0.7
14,8148,Jameson Williams,WR,24.5,DET,12.0,15,17,17.3,13.8,10.3,1,1,1,62,57,0,0.0,0,0,0,0,0,0,0.00,7,0,0,0,0.00,0.00,7,56,0,3,0,9,40,96,13.7,10.7,1,0,0,103,0,NA,7,7,92.0%,NA,NA,NA,0,NA,3,10,0.300,3.0,35,26.5%,2.74,0,NA,NA,NA,NA,NA,0.086,NA,103,NA,NA,vs DAL,1,·,14.1,3.2
14,4943,Sam Darnold,QB,28.3,SEA,4.0,4,4,23.26,23.26,23.26,1,1,1,61,53,0,66.7,135,30,20,8,10,1,111.70,272,2,3,249,8.30,12.45,0,0,0,0,0,0,0,0,0.0,0.0,3,0,2,23,0,NA,23,7.67,87.0%,NA,NA,NA,2,NA,13,33,NA,NA,NA,NA,NA,11,36.7%,3.03,10.0%,23.5%,9.10,NA,34,272,-2.6%,+0.29,@ ATL,16,·,19.1,4.2
14,12533,Jacory Croskey-Merritt,RB,24.5,WAS,51.0,50,47,3.2,3.2,3.2,1,1,0,52,10,0,0.0,0,0,0,0,0,0,0.00,32,0,0,0,0.00,0.00,0,0,0,0,0,0,0,0,0.0,0.0,7,1,1,32,0,22,32,4.57,19.0%,3,3.20,0.429,1,0.749,1,7,0.143,1.0,NA,0.0%,NA,0,NA,NA,NA,NA,NA,NA,NA,32,NA,NA,@ MIN,19,·,5.3,-2.1
14,12489,RJ Harvey,RB,24.6,DEN,4.0,5,8,22,19,16,1,1,1,74,50,0,0.0,0,0,0,0,0,0,0.00,75,0,0,0,0.00,0.00,6,-9,0,2,0,6,34,25,4.2,4.2,17,2,5,100,1,56,75,4.41,68.0%,8,3.30,0.471,6,0.801,8,23,0.348,8.0,NA,15.8%,NA,0,NA,NA,NA,NA,NA,NA,NA,100,NA,NA,@ LV,12,·,12.7,9.3
14,7543,Travis Etienne,RB,26.7,JAX,5.0,4,4,21.2,20.7,20.2,1,1,1,64,46,0,0.0,0,0,0,0,0,0,0.00,74,0,0,0,0.00,0.00,1,-5,0,0,0,1,13,8,8.0,8.0,20,1,1,82,2,36,74,3.7,72.0%,2,1.80,0.100,3,0.280,3,21,0.143,3.0,NA,3.2%,NA,0,NA,NA,NA,NA,NA,NA,NA,82,NA,NA,vs IND,21,·,11.8,9.4
14,3198,Derrick Henry,RB,31.7,BAL,24.0,23,23,11.2,10.7,10.2,1,1,1,80,43,0,0.0,0,0,0,0,0,0,0.00,94,0,0,0,0.00,0.00,1,3,0,0,0,2,5,8,8.0,4.0,25,3,6,102,0,85,94,3.76,54.0%,8,3.40,0.320,6,0.660,6,27,0.222,6.0,NA,5.7%,NA,0,NA,NA,NA,NA,NA,NA,NA,102,NA,NA,vs PIT,23,·,16.4,-5.2
14,9224,Chase Brown,RB,25.5,CIN,6.0,8,10,18.5,17,15.5,1,1,1,60,40,0,0.0,0,0,0,0,0,0,0.00,23,0,0,0,0.00,0.00,3,8,0,0,1,4,4,12,4.0,3.0,12,0,0,35,1,29,23,1.92,67.0%,1,2.40,0.083,1,0.323,2,16,0.125,2.0,NA,11.1%,NA,0,NA,NA,NA,NA,NA,NA,NA,35,NA,NA,@ BUF,4,·,15.9,2.6
14,8110,Jake Ferguson,TE,26.7,DAL,12.0,12,15,10.8,8.3,5.8,1,1,0,82,66,1,0.0,0,0,0,0,0,0,0.00,0,0,0,0,0.00,0.00,5,46,0,2,0,7,12,58,11.6,8.3,0,0,0,58,0,NA,0,0,80.0%,NA,NA,NA,0,NA,2,7,0.286,2.0,44,14.9%,1.32,0,NA,NA,NA,NA,NA,0.045,NA,58,NA,NA,@ DET,22,·,11.3,-0.5
14,5045,Courtland Sutton,WR,30.0,DEN,22.0,26,33,12.2,9.2,6.2,1,1,1,74,48,0,0.0,0,0,0,0,0,0,0.00,0,0,0,0,0.00,0.00,6,53,1,4,0,10,9,62,10.3,6.2,0,0,0,62,0,NA,0,0,65.0%,NA,NA,NA,0,NA,4,10,0.400,4.0,35,26.3%,1.77,0,NA,NA,NA,NA,NA,0.114,NA,62,NA,NA,@ LV,7,·,12.1,0.1
14,12506,Harold Fannin,TE,21.2,CLE,1.0,1,1,25.4,21.4,17.4,1,1,0,69,62,0,0.0,0,0,0,0,0,0,0.00,0,0,0,0,0.00,0.00,8,60,0,4,1,11,54,114,14.3,10.4,0,0,0,114,0,NA,0,0,90.0%,NA,NA,NA,0,NA,5,11,0.455,5.0,38,26.2%,3.00,0,NA,NA,NA,NA,NA,0.105,NA,114,NA,NA,vs TEN,24,·,10.9,14.5
14,4217,George Kittle,TE,32.0,SF,0.0,0,0,0,0,0,0,0,0,0,0,0,0.0,0,0,0,0,0,0,0.00,0,0,0,0,0.00,0.00,0,0,0,0,0,0,0,0,0.0,0.0,0,0,0,0,0,NA,0,0,0.0%,NA,NA,NA,0,NA,0,0,NA,NA,NA,NA,NA,0,NA,NA,NA,NA,NA,NA,NA,0,NA,NA,BYE,BYE,BYE,BYE,BYE
14,2133,Davante Adams,WR,32.8,LAR,48.0,49,56,6.9,4.9,2.9,1,1,1,70,30,0,0.0,0,0,0,0,0,0,0.00,0,0,0,0,0.00,0.00,4,26,0,3,0,6,3,29,7.3,4.8,0,0,0,29,0,NA,0,0,43.0%,NA,NA,NA,0,NA,3,6,0.500,3.0,22,19.4%,1.32,0,NA,NA,NA,NA,NA,0.136,NA,29,NA,NA,@ ARI,19,·,15.4,-8.5
14,12517,Colston Loveland,TE,21.5,CHI,9.0,9,9,12.9,10.9,8.9,1,1,0,70,41,0,0.0,0,0,0,0,0,0,0.00,0,0,0,0,0.00,0.00,4,16,0,2,1,5,13,29,7.3,5.8,0,0,0,29,0,NA,0,0,59.0%,NA,NA,NA,0,NA,3,5,0.600,3.0,22,14.3%,1.32,0,NA,NA,NA,NA,NA,0.091,NA,29,NA,NA,@ GB,21,·,8.4,4.5
14,12519,Luther Burden,WR,21.8,CHI,26.0,28,30,11,9,7,1,1,1,70,50,0,0.0,0,0,0,0,0,0,0.00,3,0,0,0,0.00,0.00,4,40,0,4,0,6,27,67,16.8,11.2,1,0,0,70,0,NA,3,3,71.0%,NA,NA,NA,0,NA,4,7,0.571,4.0,26,17.1%,2.58,0,NA,NA,NA,NA,NA,0.154,NA,70,NA,NA,@ GB,21,·,9.7,1.3
14,9228,Bryce Young,QB,24.2,CAR,0.0,0,0,0,0,0,0,0,0,0,0,0,0.0,0,0,0,0,0,0,0.00,0,0,0,0,0.00,0.00,0,0,0,0,0,0,0,0,0.0,0.0,0,0,0,0,0,NA,0,0,0.0%,NA,NA,NA,0,NA,0,0,NA,NA,NA,NA,NA,0,NA,NA,NA,NA,NA,NA,NA,0,NA,NA,BYE,BYE,BYE,BYE,BYE
14,8408,Jordan Mason,RB,26.4,MIN,22.0,21,20,11.2,11.2,11.2,1,1,0,64,19,0,0.0,0,0,0,0,0,0,0.00,52,0,0,0,0.00,0.00,0,0,0,0,0,0,0,0,0.0,0.0,11,0,2,52,1,33,52,4.73,30.0%,0,3.00,0.000,3,0.300,3,11,0.273,3.0,NA,0.0%,NA,0,NA,NA,NA,NA,NA,NA,NA,52,NA,NA,vs WAS,3,·,8.1,3.1
14,6819,Michael Pittman,WR,28.0,IND,13.0,18,27,16.9,12.4,7.9,1,1,1,70,61,0,0.0,0,0,0,0,0,0,0.00,0,0,0,0,0.00,0.00,9,47,0,5,0,12,32,79,8.8,6.6,0,0,0,79,0,NA,0,0,87.0%,NA,NA,NA,0,NA,5,12,0.417,5.0,34,33.3%,2.32,0,NA,NA,NA,NA,NA,0.147,NA,79,NA,NA,@ JAX,15,·,11.1,5.8
14,8228,Jaylen Warren,RB,26.9,PIT,16.0,17,18,15.2,13.7,12.2,1,1,1,52,26,0,0.0,0,0,0,0,0,0,0.00,13,0,0,0,0.00,0.00,3,1,0,0,1,3,48,49,16.3,16.3,8,0,0,62,0,22,13,1.63,50.0%,1,2.80,0.125,0,0.405,1,11,0.091,1.0,NA,8.8%,NA,0,NA,NA,NA,NA,NA,NA,NA,62,NA,NA,@ BAL,13,·,12.1,3.1
14,10236,Dalton Kincaid,TE,25.9,BUF,8.0,6,6,14.1,12.1,10.1,1,1,0,64,22,0,0.0,0,0,0,0,0,0,0.00,0,0,0,0,0.00,0.00,4,0,0,2,1,5,41,41,10.3,8.2,0,0,0,41,0,NA,0,0,34.0%,NA,NA,NA,0,NA,3,5,0.600,3.0,19,17.9%,2.16,0,NA,NA,NA,NA,NA,0.105,NA,41,NA,NA,vs CIN,1,·,9.9,4.2
14,5892,David Montgomery,RB,28.3,DET,19.0,15,15,14.3,13.8,13.3,1,1,0,62,19,0,0.0,0,0,0,0,0,0,0.00,60,0,0,0,0.00,0.00,1,2,0,0,0,1,11,13,13.0,13.0,6,1,3,73,1,47,60,10,31.0%,4,7.80,0.667,4,1.447,4,7,0.571,4.0,NA,2.9%,NA,0,NA,NA,NA,NA,NA,NA,NA,73,NA,NA,vs DAL,15,·,10.4,3.9
14,11589,Trey Benson,RB,23.2,ARI,999.0,999,999,0,0,0,1,0,0,0,0,0,0.0,0,0,0,0,0,0,0.00,0,0,0,0,0.00,0.00,0,0,0,0,0,0,0,0,0.0,0.0,0,0,0,0,0,NA,0,0,0.0%,NA,NA,NA,0,NA,0,0,NA,NA,NA,NA,NA,0,NA,NA,NA,NA,NA,NA,NA,0,NA,NA,vs LAR,30,IR,IR,IR
14,9753,Zach Charbonnet,RB,24.7,SEA,33.0,33,35,8.6,7.6,6.6,1,1,0,61,25,0,0.0,0,0,0,0,0,0,0.00,46,0,0,0,0.00,0.00,2,3,1,1,0,3,17,20,10.0,6.7,7,1,1,66,0,46,46,6.57,41.0%,2,6.60,0.286,1,0.946,2,10,0.200,2.0,NA,10.0%,NA,0,NA,NA,NA,NA,NA,NA,NA,66,NA,NA,@ ATL,10,·,8.1,0.5
14,7553,Kyle Pitts,TE,25.0,ATL,6.0,7,8,15,12,9,1,1,1,64,59,0,0.0,0,0,0,0,0,0,0.00,0,0,0,0,0.00,0.00,6,58,0,3,0,10,32,90,15.0,9.0,0,0,0,90,0,NA,0,0,92.0%,NA,NA,NA,0,NA,3,10,0.300,3.0,29,33.3%,3.10,0,NA,NA,NA,NA,NA,0.103,NA,90,NA,NA,vs SEA,10,·,11.8,3.2
14,7594,Chuba Hubbard,RB,26.3,CAR,0.0,0,0,0,0,0,0,0,0,0,0,0,0.0,0,0,0,0,0,0,0.00,0,0,0,0,0.00,0.00,0,0,0,0,0,0,0,0,0.0,0.0,0,0,0,0,0,NA,0,0,0.0%,NA,NA,NA,0,NA,0,0,NA,NA,NA,NA,NA,0,NA,NA,NA,NA,NA,NA,NA,0,NA,NA,BYE,BYE,BYE,BYE,BYE
14,5927,Terry McLaurin,WR,30.0,WAS,45.0,42,40,7.1,5.6,4.1,1,1,1,52,32,0,0.0,0,0,0,0,0,0,0.00,0,0,0,0,0.00,0.00,3,33,0,2,0,6,8,41,13.7,6.8,0,0,0,41,0,NA,0,0,62.0%,NA,NA,NA,0,NA,2,6,0.333,2.0,23,25.0%,1.78,0,NA,NA,NA,NA,NA,0.087,NA,41,NA,NA,@ MIN,31,·,12.8,-5.7
14,6806,J.K. Dobbins,RB,26.8,DEN,999.0,999,999,0,0,0,1,0,0,0,0,0,0.0,0,0,0,0,0,0,0.00,0,0,0,0,0.00,0.00,0,0,0,0,0,0,0,0,0.0,0.0,0,0,0,0,0,NA,0,0,0.0%,NA,NA,NA,0,NA,0,0,NA,NA,NA,NA,NA,0,NA,NA,NA,NA,NA,NA,NA,0,NA,NA,@ LV,12,IR,IR,IR
14,7021,Rico Dowdle,RB,27.3,CAR,0.0,0,0,0,0,0,0,0,0,0,0,0,0.0,0,0,0,0,0,0,0.00,0,0,0,0,0.00,0.00,0,0,0,0,0,0,0,0,0.0,0.0,0,0,0,0,0,NA,0,0,0.0%,NA,NA,NA,0,NA,0,0,NA,NA,NA,NA,NA,0,NA,NA,NA,NA,NA,NA,NA,0,NA,NA,BYE,BYE,BYE,BYE,BYE
14,11637,Keon Coleman,WR,22.4,BUF,70.0,72,76,3.6,2.6,1.6,1,1,0,64,18,0,0.0,0,0,0,0,0,0,0.00,0,0,0,0,0.00,0.00,2,11,0,1,0,3,5,16,8.0,5.3,0,0,0,16,0,NA,0,0,28.0%,NA,NA,NA,0,NA,1,3,0.333,1.0,8,10.7%,2.00,0,NA,NA,NA,NA,NA,0.125,NA,16,NA,NA,vs CIN,27,·,6.6,-3.0
14,6790,D'Andre Swift,RB,26.7,CHI,23.0,25,28,11.2,9.7,8.2,1,1,1,70,40,0,0.0,0,0,0,0,0,0,0.00,63,0,0,0,0.00,0.00,3,-6,0,1,0,4,25,19,6.3,4.8,13,0,4,82,0,35,63,4.85,57.0%,0,2.70,0.000,4,0.270,5,17,0.294,5.0,NA,11.4%,NA,0,NA,NA,NA,NA,NA,NA,NA,82,NA,NA,@ GB,24,·,11.0,0.2
14,4983,D.J. Moore,WR,28.4,CHI,99.0,101,101,0.6,0.1,-0.4,1,1,1,70,58,0,0.0,0,0,0,0,0,0,0.00,0,0,0,0,0.00,0.00,1,-3,0,0,0,3,-1,-4,-4.0,-1.3,0,0,0,-4,0,NA,0,0,83.0%,NA,NA,NA,0,NA,0,3,0.000,0.0,33,8.6%,-0.12,0,NA,NA,NA,NA,NA,0.000,NA,-4,NA,NA,@ GB,21,·,11.6,-11.0
14,12474,Woody Marks,RB,24.8,HOU,14.0,14,14,15.6,14.6,13.6,1,1,1,70,61,0,0.0,0,0,0,0,0,0,0.00,68,0,0,0,0.00,0.00,2,-2,0,0,1,3,10,8,4.0,2.7,26,1,3,76,0,57,68,2.62,87.0%,7,2.20,0.269,3,0.489,4,29,0.138,4.0,NA,9.7%,NA,0,NA,NA,NA,NA,NA,NA,NA,76,NA,NA,@ KC,26,·,12.3,3.3
14,5872,Deebo Samuel,WR,29.7,WAS,49.0,50,57,6.7,4.7,2.7,1,1,1,52,27,0,0.0,0,0,0,0,0,0,0.00,0,0,0,0,0.00,0.00,4,3,2,2,0,6,24,27,6.8,4.5,0,0,0,27,0,NA,0,0,52.0%,NA,NA,NA,0,NA,2,6,0.333,2.0,23,25.0%,1.17,0,NA,NA,NA,NA,NA,0.087,NA,27,NA,NA,@ MIN,31,·,12.8,-6.1
14,12499,Elic Ayomanor,WR,22.3,TEN,39.0,34,29,8.4,7.9,7.4,1,1,1,66,53,0,0.0,0,0,0,0,0,0,0.00,0,0,0,0,0.00,0.00,1,11,0,0,1,3,3,14,14.0,4.7,0,0,0,14,0,NA,0,0,80.0%,NA,NA,NA,0,NA,1,3,0.333,1.0,24,10.7%,0.58,0,NA,NA,NA,NA,NA,0.000,NA,14,NA,NA,@ CLE,28,·,6.8,1.6
14,7591,Justin Fields,QB,26.6,NYJ,0.0,0,0,0,0,0,0,0,0,0,0,0,0.0,0,0,0,0,0,0,0.00,0,0,0,0,0.00,0.00,0,0,0,0,0,0,0,0,0.0,0.0,0,0,0,0,0,NA,0,0,0.0%,NA,NA,NA,0,NA,0,0,NA,NA,NA,NA,NA,0,NA,NA,NA,NA,NA,NA,NA,0,NA,NA,vs MIA,9,OUT,OUT,OUT
14,12490,Bhayshul Tuten,RB,22.6,JAX,72.0,72,72,-1.5,-1.5,-1.5,1,1,0,64,2,2,0.0,0,0,0,0,0,0,0.00,5,0,0,0,0.00,0.00,0,0,0,0,0,0,0,0,0.0,0.0,2,0,1,5,0,NA,5,2.5,3.0%,NA,NA,NA,1,NA,1,2,0.500,1.0,NA,NA,NA,0,NA,NA,NA,NA,NA,NA,NA,5,NA,NA,vs IND,21,·,6.1,-7.6
14,9500,Josh Downs,WR,24.1,IND,51.0,53,64,6.3,4.3,2.3,1,1,1,70,46,0,0.0,0,0,0,0,0,0,0.00,0,0,0,0,0.00,0.00,4,21,0,2,0,5,2,23,5.8,4.6,0,0,0,23,0,NA,0,0,66.0%,NA,NA,NA,0,NA,2,5,0.400,2.0,25,13.9%,0.92,0,NA,NA,NA,NA,NA,0.080,NA,23,NA,NA,@ JAX,15,·,8.6,-2.3
14,2216,Mike Evans,WR,32.1,TB,999.0,999,999,0,0,0,1,0,0,0,0,0,0.0,0,0,0,0,0,0,0.00,0,0,0,0,0.00,0.00,0,0,0,0,0,0,0,0,0.0,0.0,0,0,0,0,0,NA,0,0,0.0%,NA,NA,NA,0,NA,0,0,NA,NA,NA,NA,NA,0,NA,NA,NA,NA,NA,NA,NA,0,NA,NA,vs NO,18,IR,IR,IR
14,4035,Alvin Kamara,RB,30.2,NO,0.0,0,0,0,0,0,0,0,0,0,0,0,0.0,0,0,0,0,0,0,0.00,0,0,0,0,0.00,0.00,0,0,0,0,0,0,0,0,0.0,0.0,0,0,0,0,0,NA,0,0,0.0%,NA,NA,NA,0,NA,0,0,NA,NA,NA,NA,NA,0,NA,NA,NA,NA,NA,NA,NA,0,NA,NA,@ TB,11,OUT,OUT,OUT
14,421,Matthew Stafford,QB,37.6,LAR,5.0,5,5,23.24,23.24,23.24,1,1,1,70,58,0,71.0,185,31,22,10,9,0,131.30,281,0,3,281,9.06,12.77,0,0,0,0,0,0,0,0,0.0,0.0,0,0,0,0,0,NA,0,0,83.0%,NA,NA,NA,0,NA,13,31,NA,NA,NA,NA,NA,13,41.9%,2.58,9.7%,16.1%,7.80,NA,31,281,+4.7%,+0.43,@ ARI,23,·,20.4,2.8
14,12484,Jayden Higgins,WR,22.8,HOU,50.0,48,46,6.4,4.9,3.4,1,1,1,70,42,0,0.0,0,0,0,0,0,0,0.00,0,0,0,0,0.00,0.00,3,27,1,2,0,5,7,34,11.3,6.8,0,0,0,34,0,NA,0,0,60.0%,NA,NA,NA,0,NA,2,5,0.400,2.0,20,16.1%,1.70,0,NA,NA,NA,NA,NA,0.100,NA,34,NA,NA,@ KC,20,·,9.9,-3.5
14,8134,Khalil Shakir,WR,25.6,BUF,33.0,30,28,9.6,8.6,7.6,1,1,1,64,32,0,0.0,0,0,0,0,0,0,0.00,0,0,0,0,0.00,0.00,2,9,0,0,1,3,7,16,8.0,5.3,0,0,0,16,0,NA,0,0,50.0%,NA,NA,NA,0,NA,1,3,0.333,1.0,22,10.7%,0.73,0,NA,NA,NA,NA,NA,0.000,NA,16,NA,NA,vs CIN,27,·,12.6,-3.0
14,6803,Brandon Aiyuk,WR,27.5,SF,0.0,0,0,0,0,0,0,0,0,0,0,0,0.0,0,0,0,0,0,0,0.00,0,0,0,0,0.00,0.00,0,0,0,0,0,0,0,0,0.0,0.0,0,0,0,0,0,NA,0,0,0.0%,NA,NA,NA,0,NA,0,0,NA,NA,NA,NA,NA,0,NA,NA,NA,NA,NA,NA,NA,0,NA,NA,BYE,BYE,BYE,BYE,BYE
14,12498,Mason Taylor,TE,21.4,NYJ,14.0,15,17,10.1,7.6,5.1,1,1,0,58,38,0,0.0,0,0,0,0,0,0,0.00,0,0,0,0,0.00,0.00,5,19,2,3,0,8,32,51,10.2,6.4,0,0,0,51,0,NA,0,0,66.0%,NA,NA,NA,0,NA,3,8,0.375,3.0,26,23.5%,1.96,0,NA,NA,NA,NA,NA,0.115,NA,51,NA,NA,vs MIA,3,·,8.6,1.5
14,10222,Jayden Reed,WR,25.4,GB,35.0,37,37,9.3,7.3,5.3,1,1,1,53,25,0,0.0,0,0,0,0,0,0,0.00,22,0,0,0,0.00,0.00,4,27,0,2,0,4,4,31,7.8,7.8,2,1,1,53,0,NA,22,11,47.0%,NA,NA,NA,1,NA,3,6,0.500,3.0,17,16.0%,1.82,0,NA,NA,NA,NA,NA,0.118,NA,53,NA,NA,vs CHI,4,Q,7.1,2.2
14,5844,T.J. Hockenson,TE,28.2,MIN,15.0,14,12,9.2,8.2,7.2,1,1,1,64,36,0,0.0,0,0,0,0,0,0,0.00,0,0,0,0,0.00,0.00,2,6,0,1,1,3,6,12,6.0,4.0,0,0,0,12,0,NA,0,0,56.0%,NA,NA,NA,0,NA,2,3,0.667,2.0,20,13.0%,0.60,0,NA,NA,NA,NA,NA,0.050,NA,12,NA,NA,vs WAS,7,·,8.1,1.1
14,6783,Jerry Jeudy,WR,26.4,CLE,15.0,12,9,16.6,15.1,13.6,1,1,1,69,61,0,0.0,0,0,0,0,0,0,0.00,0,0,0,0,0.00,0.00,3,32,1,1,1,5,44,76,25.3,15.2,0,0,0,76,0,NA,0,0,88.0%,NA,NA,NA,0,NA,2,5,0.400,2.0,44,11.9%,1.73,0,NA,NA,NA,NA,NA,0.023,NA,76,NA,NA,vs TEN,8,·,9.3,7.3
14,8126,Wan'Dale Robinson,WR,24.7,NYG,0.0,0,0,0,0,0,0,0,0,0,0,0,0.0,0,0,0,0,0,0,0.00,0,0,0,0,0.00,0.00,0,0,0,0,0,0,0,0,0.0,0.0,0,0,0,0,0,NA,0,0,0.0%,NA,NA,NA,0,NA,0,0,NA,NA,NA,NA,NA,0,NA,NA,NA,NA,NA,NA,NA,0,NA,NA,BYE,BYE,BYE,BYE,BYE
14,8121,Romeo Doubs,WR,25.5,GB,999.0,999,999,0,0,0,1,1,0,53,43,0,0.0,0,0,0,0,0,0,0.00,0,0,0,0,0.00,0.00,0,0,0,0,0,2,0,0,0.0,0.0,0,0,0,0,0,NA,0,0,81.0%,NA,NA,NA,0,NA,0,2,0.000,0.0,19,8.0%,0.00,0,NA,NA,NA,NA,NA,0.000,NA,0,NA,NA,vs CHI,4,·,7.8,-7.8
14,5947,Jakobi Meyers,WR,28.9,JAX,19.0,17,15,14.8,12.8,10.8,1,1,1,64,53,0,0.0,0,0,0,0,0,0,0.00,9,0,0,0,0.00,0.00,4,24,1,2,1,10,15,39,9.8,3.9,3,0,1,48,0,NA,9,3,83.0%,NA,NA,NA,1,NA,4,13,0.308,4.0,30,32.3%,1.30,0,NA,NA,NA,NA,NA,0.067,NA,48,NA,NA,vs IND,9,·,11.6,3.2
14,12504,Kaleb Johnson,RB,22.1,PIT,69.0,69,66,0.4,0.4,0.4,1,1,0,52,3,0,0.0,0,0,0,0,0,0,0.00,4,0,0,0,0.00,0.00,0,0,0,0,0,0,0,0,0.0,0.0,2,0,0,4,0,4,4,2,6.0%,0,1.90,0.000,0,0.190,0,2,0.000,0.0,NA,0.0%,NA,0,NA,NA,NA,NA,NA,NA,NA,4,NA,NA,@ BAL,13,·,1.4,-1.0
14,12497,Tory Horton,WR,22.8,SEA,999.0,999,999,0,0,0,1,0,0,0,0,0,0.0,0,0,0,0,0,0,0.00,0,0,0,0,0.00,0.00,0,0,0,0,0,0,0,0,0.0,0.0,0,0,0,0,0,NA,0,0,0.0%,NA,NA,NA,0,NA,0,0,NA,NA,NA,NA,NA,0,NA,NA,NA,NA,NA,NA,NA,0,NA,NA,@ ATL,13,IR,IR,IR
14,11627,Troy Franklin,WR,22.6,DEN,64.0,73,81,4.1,2.6,1.1,1,1,1,74,19,0,0.0,0,0,0,0,0,0,0.00,0,0,0,0,0.00,0.00,3,5,0,0,0,4,6,11,3.7,2.8,0,0,0,11,0,NA,0,0,26.0%,NA,NA,NA,0,NA,0,4,0.000,0.0,16,10.5%,0.69,0,NA,NA,NA,NA,NA,0.000,NA,11,NA,NA,@ LV,7,·,8.5,-4.4
14,8676,Rashid Shaheed,WR,27.1,SEA,14.0,13,11,16.7,14.7,12.7,1,1,1,61,31,0,0.0,0,0,0,0,0,0,0.00,0,0,0,0,0.00,0.00,4,49,0,3,0,5,18,67,16.8,13.4,0,0,0,67,0,NA,0,0,51.0%,NA,NA,NA,0,NA,3,5,0.600,3.0,23,16.7%,2.91,0,NA,NA,NA,NA,NA,0.130,NA,67,NA,NA,@ ATL,13,·,7.9,8.8
14,4037,Chris Godwin,WR,29.6,TB,28.0,33,36,10.5,8,5.5,1,1,0,74,51,0,0.0,0,0,0,0,0,0,0.00,0,0,0,0,0.00,0.00,5,19,0,3,0,8,36,55,11.0,6.9,0,0,0,55,0,NA,0,0,69.0%,NA,NA,NA,0,NA,3,8,0.375,3.0,30,26.7%,1.83,0,NA,NA,NA,NA,NA,0.100,NA,55,NA,NA,vs NO,18,·,11.1,-0.6
14,12495,Ollie Gordon,RB,21.7,MIA,34.0,32,29,7.7,7.7,7.7,1,1,0,65,16,0,0.0,0,0,0,0,0,0,0.00,17,0,0,0,0.00,0.00,0,0,0,0,0,0,0,0,0.0,0.0,5,0,1,17,1,14,17,3.4,25.0%,1,2.80,0.200,2,0.480,2,5,0.400,2.0,NA,0.0%,NA,0,NA,NA,NA,NA,NA,NA,NA,17,NA,NA,@ NYJ,5,·,4.0,3.7
14,5967,Tony Pollard,RB,28.4,TEN,2.0,2,2,28.1,28.1,28.1,1,1,1,66,39,0,0.0,0,0,0,0,0,0,0.00,161,0,0,0,0.00,0.00,0,0,0,0,0,0,0,0,0.0,0.0,25,1,2,161,2,70,161,6.44,59.0%,5,2.80,0.200,4,0.480,4,25,0.160,4.0,NA,0.0%,NA,0,NA,NA,NA,NA,NA,NA,NA,161,NA,NA,@ CLE,25,·,8.2,19.9
14,12535,Isaac TeSlaa,WR,23.6,DET,32.0,27,25,10,9,8,1,1,1,62,48,0,0.0,0,0,0,0,0,0,0.00,0,0,0,0,0.00,0.00,2,18,0,0,1,3,2,20,10.0,6.7,0,0,0,20,0,NA,0,0,77.0%,NA,NA,NA,0,NA,1,3,0.333,1.0,29,8.8%,0.69,0,NA,NA,NA,NA,NA,0.000,NA,20,NA,NA,vs DAL,1,·,5.8,4.2
14,9504,Kayshon Boutte,WR,23.4,NE,0.0,0,0,0,0,0,0,0,0,0,0,0,0.0,0,0,0,0,0,0,0.00,0,0,0,0,0.00,0.00,0,0,0,0,0,0,0,0,0.0,0.0,0,0,0,0,0,NA,0,0,0.0%,NA,NA,NA,0,NA,0,0,NA,NA,NA,NA,NA,0,NA,NA,NA,NA,NA,NA,NA,0,NA,NA,BYE,BYE,BYE,BYE,BYE
14,6768,Tua Tagovailoa,QB,27.6,MIA,23.0,22,22,9.08,9.08,9.08,1,1,1,65,58,1,61.9,51,21,13,7,8,0,94.70,127,1,1,127,6.05,9.77,0,0,0,0,0,0,0,0,0.0,0.0,1,0,0,0,0,NA,0,0,89.0%,NA,NA,NA,0,NA,8,22,NA,NA,NA,NA,NA,8,38.1%,2.56,0.0%,27.3%,4.50,NA,22,127,-13.4%,-0.05,@ NYJ,14,·,17.0,-7.9
14,9480,Brenton Strange,TE,24.8,JAX,21.0,21,21,5.7,4.2,2.7,1,1,1,64,51,0,0.0,0,0,0,0,0,0,0.00,0,0,0,0,0.00,0.00,3,9,1,1,0,6,18,27,9.0,4.5,0,0,0,27,0,NA,0,0,80.0%,NA,NA,NA,0,NA,1,6,0.167,1.0,25,19.4%,1.08,0,NA,NA,NA,NA,NA,0.040,NA,27,NA,NA,vs IND,4,·,11.1,-5.4
14,4033,David Njoku,TE,29.2,CLE,18.0,17,14,7.1,6.6,6.1,1,1,1,69,6,0,0.0,0,0,0,0,0,0,0.00,0,0,0,0,0.00,0.00,1,1,0,0,1,1,0,1,1.0,1.0,0,0,0,1,0,NA,0,0,9.0%,NA,NA,NA,0,NA,1,1,1.000,1.0,3,2.4%,0.33,0,NA,NA,NA,NA,NA,0.000,NA,1,NA,NA,vs TEN,24,·,6.3,0.8
14,8131,Isaiah Likely,TE,25.4,BAL,10.0,11,10,12.5,10.5,8.5,1,1,1,80,48,0,0.0,0,0,0,0,0,0,0.00,0,0,0,0,0.00,0.00,4,15,0,1,1,6,10,25,6.3,4.2,0,0,0,25,0,NA,0,0,60.0%,NA,NA,NA,0,NA,2,6,0.333,2.0,22,17.1%,1.14,0,NA,NA,NA,NA,NA,0.045,NA,25,NA,NA,vs PIT,6,·,7.3,5.2
14,10213,Tre Tucker,WR,24.6,LV,60.0,61,59,4.4,3.4,2.4,1,1,1,50,47,0,0.0,0,0,0,0,0,0,0.00,0,0,0,0,0.00,0.00,2,20,0,2,0,5,4,24,12.0,4.8,0,0,0,24,0,NA,0,0,94.0%,NA,NA,NA,0,NA,2,5,0.400,2.0,34,15.6%,0.71,0,NA,NA,NA,NA,NA,0.059,NA,24,NA,NA,vs DEN,30,·,10.2,-5.8
14,1479,Keenan Allen,WR,33.4,LAC,56.0,58,65,5.2,3.7,2.2,1,1,1,74,42,0,0.0,0,0,0,0,0,0,0.00,0,0,0,0,0.00,0.00,3,20,0,1,0,3,2,22,7.3,7.3,0,0,0,22,0,NA,0,0,57.0%,NA,NA,NA,0,NA,1,3,0.333,1.0,29,0.0%,0.76,0,NA,NA,NA,NA,NA,0.034,NA,22,NA,NA,vs PHI,17,·,10.7,-5.5
14,7049,Jauan Jennings,WR,28.2,SF,0.0,0,0,0,0,0,0,0,0,0,0,0,0.0,0,0,0,0,0,0,0.00,0,0,0,0,0.00,0.00,0,0,0,0,0,0,0,0,0.0,0.0,0,0,0,0,0,NA,0,0,0.0%,NA,NA,NA,0,NA,0,0,NA,NA,NA,NA,NA,0,NA,NA,NA,NA,NA,NA,NA,0,NA,NA,BYE,BYE,BYE,BYE,BYE
14,5022,Dallas Goedert,TE,30.7,PHI,5.0,8,11,15.8,11.8,7.8,1,1,1,71,66,0,0.0,0,0,0,0,0,0,0.00,0,0,0,0,0.00,0.00,8,35,0,5,0,10,43,78,9.8,7.8,0,0,0,78,0,NA,0,0,93.0%,NA,NA,NA,0,NA,5,10,0.500,5.0,39,0.0%,2.00,0,NA,NA,NA,NA,NA,0.128,NA,78,NA,NA,@ LAC,26,·,10.3,5.5
14,8132,Tyler Allgeier,RB,25.4,ATL,31.0,31,34,8.7,7.7,6.7,1,1,0,64,25,0,0.0,0,0,0,0,0,0,0.00,34,0,0,0,0.00,0.00,2,-6,0,1,0,2,39,33,16.5,16.5,11,1,3,67,0,33,34,3.09,39.0%,2,3.00,0.182,3,0.482,4,13,0.308,4.0,NA,6.7%,NA,0,NA,NA,NA,NA,NA,NA,NA,67,NA,NA,vs SEA,18,·,6.2,2.5
14,8136,Rachaad White,RB,26.7,TB,39.0,38,37,6.5,6,5.5,1,1,0,74,36,0,0.0,0,0,0,0,0,0,0.00,53,0,0,0,0.00,0.00,1,-3,0,0,0,2,5,2,2.0,1.0,11,0,3,55,0,41,53,4.82,49.0%,3,3.70,0.273,3,0.643,3,13,0.231,3.0,NA,6.7%,NA,0,NA,NA,NA,NA,NA,NA,NA,55,NA,NA,vs NO,16,·,6.3,0.2
14,2449,Stefon Diggs,WR,31.8,NE,0.0,0,0,0,0,0,0,0,0,0,0,0,0.0,0,0,0,0,0,0,0.00,0,0,0,0,0.00,0.00,0,0,0,0,0,0,0,0,0.0,0.0,0,0,0,0,0,NA,0,0,0.0%,NA,NA,NA,0,NA,0,0,NA,NA,NA,NA,NA,0,NA,NA,NA,NA,NA,NA,NA,0,NA,NA,BYE,BYE,BYE,BYE,BYE
14,11576,Braelon Allen,RB,21.7,NYJ,999.0,999,999,0,0,0,1,0,0,0,0,0,0.0,0,0,0,0,0,0,0.00,0,0,0,0,0.00,0.00,0,0,0,0,0,0,0,0,0.0,0.0,0,0,0,0,0,NA,0,0,0.0%,NA,NA,NA,0,NA,0,0,NA,NA,NA,NA,NA,0,NA,NA,NA,NA,NA,NA,NA,0,NA,NA,vs MIA,14,IR,IR,IR
14,9508,Tyjae Spears,RB,24.3,TEN,37.0,39,40,6.7,5.7,4.7,1,1,0,66,28,0,0.0,0,0,0,0,0,0,0.00,19,0,0,0,0.00,0.00,2,1,0,1,0,4,27,28,14.0,7.0,8,1,2,47,0,18,19,2.38,42.0%,3,2.20,0.375,2,0.595,3,12,0.250,3.0,NA,14.3%,NA,0,NA,NA,NA,NA,NA,NA,NA,47,NA,NA,@ CLE,25,·,9.1,-2.4
14,9494,Marvin Mims,WR,23.5,DEN,40.0,38,31,7.7,7.2,6.7,1,1,0,74,20,0,0.0,0,0,0,0,0,0,0.00,2,0,0,0,0.00,0.00,1,3,0,0,0,1,2,5,5.0,5.0,1,0,0,7,0,NA,2,2,27.0%,NA,NA,NA,0,NA,0,2,0.000,0.0,15,2.6%,0.33,0,NA,NA,NA,NA,NA,0.000,NA,7,NA,NA,@ LV,7,·,4.6,3.1
14,9757,Kendre Miller,RB,23.3,NO,999.0,999,999,0,0,0,1,0,0,0,0,0,0.0,0,0,0,0,0,0,0.00,0,0,0,0,0.00,0.00,0,0,0,0,0,0,0,0,0.0,0.0,0,0,0,0,0,NA,0,0,0.0%,NA,NA,NA,0,NA,0,0,NA,NA,NA,NA,NA,0,NA,NA,NA,NA,NA,NA,NA,0,NA,NA,@ TB,11,IR,IR,IR
14,12509,Tre Harris,WR,23.6,LAC,78.0,74,68,3.1,2.6,2.1,1,1,1,74,37,0,0.0,0,0,0,0,0,0,0.00,3,0,0,0,0.00,0.00,1,18,0,1,0,2,0,18,18.0,9.0,1,0,0,21,0,NA,3,3,50.0%,NA,NA,NA,0,NA,1,3,0.333,1.0,12,0.0%,1.50,0,NA,NA,NA,NA,NA,0.083,NA,21,NA,NA,vs PHI,17,·,2.9,0.2
14,12521,Elijah Arroyo,TE,22.5,SEA,999.0,999,999,0,0,0,1,1,0,61,7,0,0.0,0,0,0,0,0,0,0.00,0,0,0,0,0.00,0.00,0,0,0,0,0,1,0,0,0.0,0.0,0,0,0,0,0,NA,0,0,11.0%,NA,NA,NA,0,NA,0,1,0.000,0.0,NA,NA,NA,0,NA,NA,NA,NA,NA,NA,NA,0,NA,NA,@ ATL,31,·,3.5,-3.5
14,12469,Dylan Sampson,RB,21.0,CLE,26.0,36,39,9.8,7.3,4.8,1,1,0,69,26,1,0.0,0,0,0,0,0,0,0.00,4,0,0,0,0.00,0.00,5,2,0,1,0,6,62,64,12.8,10.7,2,0,1,68,0,5,4,2,38.0%,1,2.40,0.500,1,0.740,2,8,0.250,2.0,NA,14.3%,NA,0,NA,NA,NA,NA,NA,NA,NA,68,NA,NA,vs TEN,9,·,4.5,5.3
14,11562,Spencer Rattler,QB,25.0,NO,999.0,999,999,0,0,0,1,0,0,58,0,0,0.0,0,0,0,0,0,0,0.00,0,0,0,0,0.00,0.00,0,0,0,0,0,0,0,0,0.0,0.0,0,0,0,0,0,NA,0,0,0.0%,NA,NA,NA,0,NA,0,0,NA,NA,NA,NA,NA,0,NA,NA,NA,NA,NA,NA,NA,0,NA,NA,@ TB,3,·,·,·
14,11586,Blake Corum,RB,24.8,LAR,3.0,3,3,26.1,25.6,25.1,1,1,0,70,22,0,0.0,0,0,0,0,0,0,0.00,128,0,0,0,0.00,0.00,1,2,0,0,0,1,1,3,3.0,3.0,12,0,4,131,2,100,128,10.67,31.0%,4,8.30,0.333,6,1.163,6,13,0.462,6.0,NA,3.2%,NA,0,NA,NA,NA,NA,NA,NA,NA,131,NA,NA,@ ARI,8,·,8.0,18.1
14,11618,Jalen McMillan,WR,23.8,TB,999.0,999,999,0,0,0,1,0,0,0,0,0,0.0,0,0,0,0,0,0,0.00,0,0,0,0,0.00,0.00,0,0,0,0,0,0,0,0,0.0,0.0,0,0,0,0,0,NA,0,0,0.0%,NA,NA,NA,0,NA,0,0,NA,NA,NA,NA,NA,0,NA,NA,NA,NA,NA,NA,NA,0,NA,NA,vs NO,18,IR,IR,IR
14,7611,Rhamondre Stevenson,RB,27.6,NE,0.0,0,0,0,0,0,0,0,0,0,0,0,0.0,0,0,0,0,0,0,0.00,0,0,0,0,0.00,0.00,0,0,0,0,0,0,0,0,0.0,0.0,0,0,0,0,0,NA,0,0,0.0%,NA,NA,NA,0,NA,0,0,NA,NA,NA,NA,NA,0,NA,NA,NA,NA,NA,NA,NA,0,NA,NA,BYE,BYE,BYE,BYE,BYE
14,12510,Jalen Milroe,QB,22.8,SEA,0.0,0,0,0,0,0,0,0,0,0,0,0,0.0,0,0,0,0,0,0,0.00,0,0,0,0,0.00,0.00,0,0,0,0,0,0,0,0,0.0,0.0,0,0,0,0,0,NA,0,0,0.0%,NA,NA,NA,0,NA,0,0,NA,NA,NA,NA,NA,0,NA,NA,NA,NA,NA,NA,NA,0,NA,NA,@ ATL,16,OUT,OUT,OUT
14,8205,Isiah Pacheco,RB,26.6,KC,54.0,51,50,3,3,3,1,1,1,64,21,0,0.0,0,0,0,0,0,0,0.00,30,0,0,0,0.00,0.00,0,0,0,0,0,0,0,0,0.0,0.0,9,0,2,30,0,21,30,3.33,33.0%,0,2.30,0.000,2,0.230,2,9,0.222,2.0,NA,0.0%,NA,0,NA,NA,NA,NA,NA,NA,NA,30,NA,NA,vs HOU,22,·,4.3,-1.3
14,10444,Cedric Tillman,WR,25.4,CLE,75.0,68,63,3.3,2.8,2.3,1,1,1,69,44,0,0.0,0,0,0,0,0,0,0.00,0,0,0,0,0.00,0.00,1,18,1,1,0,3,5,23,23.0,7.7,0,0,0,23,0,NA,0,0,64.0%,NA,NA,NA,0,NA,1,3,0.333,1.0,28,7.1%,0.82,0,NA,NA,NA,NA,NA,0.036,NA,23,NA,NA,vs TEN,8,·,8.0,-4.7
14,11646,Jalen Coker,WR,23.9,CAR,0.0,0,0,0,0,0,0,0,0,0,0,0,0.0,0,0,0,0,0,0,0.00,0,0,0,0,0.00,0.00,0,0,0,0,0,0,0,0,0.0,0.0,0,0,0,0,0,NA,0,0,0.0%,NA,NA,NA,0,NA,0,0,NA,NA,NA,NA,NA,0,NA,NA,NA,NA,NA,NA,NA,0,NA,NA,BYE,BYE,BYE,BYE,BYE
14,12536,Jaylin Noel,WR,23.1,HOU,74.0,79,78,3.3,2.3,1.3,1,1,0,70,25,0,0.0,0,0,0,0,0,0,0.00,1,0,0,0,0.00,0.00,2,6,0,0,0,2,6,12,6.0,6.0,1,0,0,13,0,NA,1,1,36.0%,NA,NA,NA,0,NA,0,3,0.000,0.0,17,6.5%,0.71,0,NA,NA,NA,NA,NA,0.000,NA,13,NA,NA,@ KC,20,·,2.4,0.9
14,12541,Dont'e Thornton,WR,22.8,LV,0.0,0,0,0,0,0,0,0,0,0,0,0,0.0,0,0,0,0,0,0,0.00,0,0,0,0,0.00,0.00,0,0,0,0,0,0,0,0,0.0,0.0,0,0,0,0,0,NA,0,0,0.0%,NA,NA,NA,0,NA,0,0,NA,NA,NA,NA,NA,0,NA,NA,NA,NA,NA,NA,NA,0,NA,NA,vs DEN,30,OUT,OUT,OUT
14,3214,Hunter Henry,TE,30.8,NE,0.0,0,0,0,0,0,0,0,0,0,0,0,0.0,0,0,0,0,0,0,0.00,0,0,0,0,0.00,0.00,0,0,0,0,0,0,0,0,0.0,0.0,0,0,0,0,0,NA,0,0,0.0%,NA,NA,NA,0,NA,0,0,NA,NA,NA,NA,NA,0,NA,NA,NA,NA,NA,NA,NA,0,NA,NA,BYE,BYE,BYE,BYE,BYE
14,12534,Kyle Monangai,RB,23.3,CHI,32.0,30,30,8.7,8.2,7.7,1,1,0,70,29,0,0.0,0,0,0,0,0,0,0.00,57,0,0,0,0.00,0.00,1,-2,0,0,0,2,2,0,0.0,0.0,14,0,1,57,0,28,57,4.07,41.0%,2,2.00,0.143,1,0.343,1,16,0.063,1.0,NA,5.7%,NA,0,NA,NA,NA,NA,NA,NA,NA,57,NA,NA,@ GB,24,·,9.7,-1.0
14,12486,Dillon Gabriel,QB,24.8,CLE,999.0,999,999,0,0,0,1,0,0,69,0,0,0.0,0,0,0,0,0,0,0.00,0,0,0,0,0.00,0.00,0,0,0,0,0,0,0,0,0.0,0.0,0,0,0,0,0,NA,0,0,0.0%,NA,NA,NA,0,NA,0,0,NA,NA,NA,NA,NA,0,NA,NA,NA,NA,NA,NA,NA,0,NA,NA,vs TEN,11,·,·,·
14,7090,Darnell Mooney,WR,27.9,ATL,88.0,88,88,1.6,1.1,0.6,1,1,1,64,49,0,0.0,0,0,0,0,0,0,0.00,0,0,0,0,0.00,0.00,1,6,0,0,0,4,0,6,6.0,1.5,0,0,0,6,0,NA,0,0,77.0%,NA,NA,NA,0,NA,0,4,0.000,0.0,27,13.3%,0.22,0,NA,NA,NA,NA,NA,0.000,NA,6,NA,NA,vs SEA,12,·,9.8,-8.2
14,5012,Mark Andrews,TE,30.1,BAL,46.0,46,44,1.9,1.4,0.9,1,1,1,80,54,0,0.0,0,0,0,0,0,0,0.00,0,0,0,0,0.00,0.00,1,9,1,0,0,5,0,9,9.0,1.8,0,0,0,9,0,NA,0,0,68.0%,NA,NA,NA,0,NA,0,5,0.000,0.0,33,14.3%,0.27,0,NA,NA,NA,NA,NA,0.000,NA,9,NA,NA,vs PIT,6,·,10.5,-8.6
14,12483,Jack Bech,WR,22.8,LV,27.0,32,39,11,8,5,1,1,1,50,41,0,0.0,0,0,0,0,0,0,0.00,0,0,0,0,0.00,0.00,6,47,0,2,0,6,3,50,8.3,8.3,0,0,0,50,0,NA,0,0,82.0%,NA,NA,NA,0,NA,2,6,0.333,2.0,30,18.8%,1.67,0,NA,NA,NA,NA,NA,0.067,NA,50,NA,NA,vs DEN,30,·,5.7,5.3
14,7571,Rashod Bateman,WR,25.8,BAL,61.0,62,62,4.3,3.3,2.3,1,1,1,80,69,0,0.0,0,0,0,0,0,0,0.00,0,0,0,0,0.00,0.00,2,23,1,2,0,3,0,23,11.5,7.7,0,0,0,23,0,NA,0,0,86.0%,NA,NA,NA,0,NA,2,3,0.667,2.0,36,8.6%,0.64,0,NA,NA,NA,NA,NA,0.056,NA,23,NA,NA,vs PIT,6,·,7.0,-2.7
14,11655,Tyrone Tracy,RB,25.8,NYG,0.0,0,0,0,0,0,0,0,0,0,0,0,0.0,0,0,0,0,0,0,0.00,0,0,0,0,0.00,0.00,0,0,0,0,0,0,0,0,0.0,0.0,0,0,0,0,0,NA,0,0,0.0%,NA,NA,NA,0,NA,0,0,NA,NA,NA,NA,NA,0,NA,NA,NA,NA,NA,NA,NA,0,NA,NA,BYE,BYE,BYE,BYE,BYE
14,7002,Juwan Johnson,TE,29.0,NO,16.0,18,20,7.8,5.8,3.8,1,1,0,58,31,0,0.0,0,0,0,0,0,0,0.00,0,0,0,0,0.00,0.00,4,20,0,2,0,4,18,38,9.5,9.5,0,0,0,38,0,NA,0,0,53.0%,NA,NA,NA,0,NA,2,4,0.500,2.0,14,20.0%,2.71,0,NA,NA,NA,NA,NA,0.143,NA,38,NA,NA,@ TB,20,·,11.1,-3.3
14,12457,Jaydon Blue,RB,21.7,DAL,0.0,0,0,0,0,0,0,0,0,0,0,0,0.0,0,0,0,0,0,0,0.00,0,0,0,0,0.00,0.00,0,0,0,0,0,0,0,0,0.0,0.0,0,0,0,0,0,NA,0,0,0.0%,NA,NA,NA,0,NA,0,0,NA,NA,NA,NA,NA,0,NA,NA,NA,NA,NA,NA,NA,0,NA,NA,@ DET,31,OUT,OUT,OUT
14,1466,Travis Kelce,TE,36.0,KC,47.0,47,47,1.8,1.3,0.8,1,1,1,64,58,0,0.0,0,0,0,0,0,0,0.00,0,0,0,0,0.00,0.00,1,-2,2,0,0,5,10,8,8.0,1.6,0,0,0,8,0,NA,0,0,91.0%,NA,NA,NA,0,NA,0,5,0.000,0.0,33,15.2%,0.24,0,NA,NA,NA,NA,NA,0.000,NA,8,NA,NA,vs HOU,28,·,11.2,-9.4
14,4199,Aaron Jones,RB,30.8,MIN,35.0,34,31,7.6,7.6,7.6,1,1,1,64,29,0,0.0,0,0,0,0,0,0,0.00,76,0,0,0,0.00,0.00,0,0,0,0,0,1,0,0,0.0,0.0,14,2,4,76,0,49,76,5.43,45.0%,4,3.50,0.286,4,0.636,4,15,0.267,4.0,NA,4.3%,NA,0,NA,NA,NA,NA,NA,NA,NA,76,NA,NA,vs WAS,3,·,12.3,-4.7
14,8167,Christian Watson,WR,26.4,GB,6.0,5,5,24.9,22.9,20.9,1,1,1,53,44,0,0.0,0,0,0,0,0,0,0.00,0,0,0,0,0.00,0.00,4,43,0,1,2,4,46,89,22.3,22.3,0,0,0,89,0,NA,0,0,83.0%,NA,NA,NA,0,NA,3,4,0.750,3.0,21,16.0%,4.24,0,NA,NA,NA,NA,NA,0.048,NA,89,NA,NA,vs CHI,4,·,12.3,12.6
14,4981,Calvin Ridley,WR,30.8,TEN,999.0,999,999,0,0,0,1,0,0,0,0,0,0.0,0,0,0,0,0,0,0.00,0,0,0,0,0.00,0.00,0,0,0,0,0,0,0,0,0.0,0.0,0,0,0,0,0,NA,0,0,0.0%,NA,NA,NA,0,NA,0,0,NA,NA,NA,NA,NA,0,NA,NA,NA,NA,NA,NA,NA,0,NA,NA,@ CLE,28,IR,IR,IR
14,11597,Theo Johnson,TE,24.6,NYG,0.0,0,0,0,0,0,0,0,0,0,0,0,0.0,0,0,0,0,0,0,0.00,0,0,0,0,0.00,0.00,0,0,0,0,0,0,0,0,0.0,0.0,0,0,0,0,0,NA,0,0,0.0%,NA,NA,NA,0,NA,0,0,NA,NA,NA,NA,NA,0,NA,NA,NA,NA,NA,NA,NA,0,NA,NA,BYE,BYE,BYE,BYE,BYE
14,12487,Terrance Ferguson,TE,22.6,LAR,999.0,999,999,0,0,0,1,1,0,70,45,0,0.0,0,0,0,0,0,0,0.00,0,0,0,0,0.00,0.00,0,0,0,0,0,1,0,0,0.0,0.0,0,0,0,0,0,NA,0,0,64.0%,NA,NA,NA,0,NA,0,1,0.000,0.0,NA,NA,NA,0,NA,NA,NA,NA,NA,NA,NA,0,NA,NA,@ ARI,11,·,3.4,-3.4
14,12493,Oronde Gadsden,TE,22.3,LAC,52.0,52,52,1.7,1.2,0.7,1,1,1,74,46,0,0.0,0,0,0,0,0,0,0.00,0,0,0,0,0.00,0.00,1,2,0,0,0,4,5,7,7.0,1.8,0,0,0,7,0,NA,0,0,62.0%,NA,NA,NA,0,NA,0,4,0.000,0.0,29,0.0%,0.24,0,NA,NA,NA,NA,NA,0.000,NA,7,NA,NA,vs PHI,30,·,10.5,-8.8
14,12503,Isaiah Bond,WR,21.5,CLE,999.0,999,999,0,0,0,1,1,0,69,33,0,0.0,0,0,0,0,0,0,0.00,0,0,0,0,0.00,0.00,0,0,0,0,0,2,0,0,0.0,0.0,0,0,0,0,0,NA,0,0,48.0%,NA,NA,NA,0,NA,0,2,0.000,0.0,26,4.8%,0.00,0,NA,NA,NA,NA,NA,0.000,NA,0,NA,NA,vs TEN,8,·,4.4,-4.4
14,12471,DJ Giddens,RB,22.1,IND,0.0,0,0,0,0,0,0,0,0,0,0,0,0.0,0,0,0,0,0,0,0.00,0,0,0,0,0.00,0.00,0,0,0,0,0,0,0,0,0.0,0.0,0,0,0,0,0,NA,0,0,0.0%,NA,NA,NA,0,NA,0,0,NA,NA,NA,NA,NA,0,NA,NA,NA,NA,NA,NA,NA,0,NA,NA,@ JAX,29,OUT,OUT,OUT
14,12547,Kyle Williams,WR,22.9,NE,0.0,0,0,0,0,0,0,0,0,0,0,0,0.0,0,0,0,0,0,0,0.00,0,0,0,0,0.00,0.00,0,0,0,0,0,0,0,0,0.0,0.0,0,0,0,0,0,NA,0,0,0.0%,NA,NA,NA,0,NA,0,0,NA,NA,NA,NA,NA,0,NA,NA,NA,NA,NA,NA,NA,0,NA,NA,BYE,BYE,BYE,BYE,BYE
14,11600,Ja'Tavion Sanders,TE,22.5,CAR,0.0,0,0,0,0,0,0,0,0,0,0,0,0.0,0,0,0,0,0,0,0.00,0,0,0,0,0.00,0.00,0,0,0,0,0,0,0,0,0.0,0.0,0,0,0,0,0,NA,0,0,0.0%,NA,NA,NA,0,NA,0,0,NA,NA,NA,NA,NA,0,NA,NA,NA,NA,NA,NA,NA,0,NA,NA,BYE,BYE,BYE,BYE,BYE
14,5848,Marquise Brown,WR,28.3,KC,59.0,57,45,4.5,4,3.5,1,1,0,64,22,0,0.0,0,0,0,0,0,0,0.00,0,0,0,0,0.00,0.00,1,35,0,1,0,2,0,35,35.0,17.5,0,0,0,35,0,NA,0,0,34.0%,NA,NA,NA,0,NA,1,2,0.500,1.0,18,6.1%,1.94,0,NA,NA,NA,NA,NA,0.056,NA,35,NA,NA,vs HOU,29,·,4.9,-0.4
14,1373,Geno Smith,QB,35.0,LV,24.0,23,23,9.04,9.04,9.04,1,1,1,50,37,0,61.9,89,21,13,6,8,0,92.60,120,3,1,116,5.52,8.92,0,0,0,0,0,0,0,0,0.0,0.0,1,0,0,4,0,NA,4,4,74.0%,NA,NA,NA,0,NA,7,22,NA,NA,NA,NA,NA,7,33.3%,3.12,4.8%,56.0%,8.70,NA,25,120,+8.7%,-0.13,vs DEN,29,·,17.3,-8.3
14,8154,Brian Robinson,RB,26.5,SF,0.0,0,0,0,0,0,0,0,0,0,0,0,0.0,0,0,0,0,0,0,0.00,0,0,0,0,0.00,0.00,0,0,0,0,0,0,0,0,0.0,0.0,0,0,0,0,0,NA,0,0,0.0%,NA,NA,NA,0,NA,0,0,NA,NA,NA,NA,NA,0,NA,NA,NA,NA,NA,NA,NA,0,NA,NA,BYE,BYE,BYE,BYE,BYE
14,8188,Tyquan Thornton,WR,25.1,KC,66.0,67,70,3.9,2.9,1.9,1,1,0,64,19,0,0.0,0,0,0,0,0,0,0.00,0,0,0,0,0.00,0.00,2,19,0,2,0,3,0,19,9.5,6.3,0,0,0,19,0,NA,0,0,30.0%,NA,NA,NA,0,NA,2,3,0.667,2.0,12,9.1%,1.58,0,NA,NA,NA,NA,NA,0.167,NA,19,NA,NA,vs HOU,29,·,2.3,1.6
14,8111,Cade Otton,TE,26.4,TB,24.0,24,30,4.9,3.4,1.9,1,1,1,74,60,0,0.0,0,0,0,0,0,0,0.00,0,0,0,0,0.00,0.00,3,6,0,0,0,4,13,19,6.3,4.8,0,0,0,19,0,NA,0,0,81.0%,NA,NA,NA,0,NA,0,4,0.000,0.0,29,13.3%,0.66,0,NA,NA,NA,NA,NA,0.000,NA,19,NA,NA,vs NO,18,·,7.8,-2.9
14,12455,Brashard Smith,RB,22.5,KC,67.0,65,63,0.7,0.7,0.7,1,1,0,64,5,0,0.0,0,0,0,0,0,0,0.00,7,0,0,0,0.00,0.00,0,0,0,0,0,0,0,0,0.0,0.0,1,0,0,7,0,1,7,7,8.0%,0,1.00,0.000,0,0.100,0,1,0.000,0.0,NA,0.0%,NA,0,NA,NA,NA,NA,NA,NA,NA,7,NA,NA,vs HOU,22,·,2.4,-1.7
14,9502,Tank Dell,WR,25.9,HOU,999.0,999,999,0,0,0,1,0,0,0,0,0,0.0,0,0,0,0,0,0,0.00,0,0,0,0,0.00,0.00,0,0,0,0,0,0,0,0,0.0,0.0,0,0,0,0,0,NA,0,0,0.0%,NA,NA,NA,0,NA,0,0,NA,NA,NA,NA,NA,0,NA,NA,NA,NA,NA,NA,NA,0,NA,NA,@ KC,20,PUP,PUP,PUP
14,7527,Mac Jones,QB,27.1,SF,0.0,0,0,0,0,0,0,0,0,0,0,0,0.0,0,0,0,0,0,0,0.00,0,0,0,0,0.00,0.00,0,0,0,0,0,0,0,0,0.0,0.0,0,0,0,0,0,NA,0,0,0.0%,NA,NA,NA,0,NA,0,0,NA,NA,NA,NA,NA,0,NA,NA,NA,NA,NA,NA,NA,0,NA,NA,BYE,BYE,BYE,BYE,BYE
14,8142,Alec Pierce,WR,25.4,IND,21.0,22,26,13,10.5,8,1,1,1,70,58,0,0.0,0,0,0,0,0,0,0.00,0,0,0,0,0.00,0.00,5,40,0,4,0,8,40,80,16.0,10.0,0,0,0,80,0,NA,0,0,83.0%,NA,NA,NA,0,NA,4,8,0.500,4.0,32,22.2%,2.50,0,NA,NA,NA,NA,NA,0.125,NA,80,NA,NA,@ JAX,15,·,10.8,2.2
14,11625,Adonai Mitchell,WR,23.0,NYJ,72.0,65,60,3.4,2.9,2.4,1,1,1,58,53,0,0.0,0,0,0,0,0,0,0.00,0,0,0,0,0.00,0.00,1,21,0,1,0,6,3,24,24.0,4.0,0,0,0,24,0,NA,0,0,91.0%,NA,NA,NA,0,NA,1,6,0.167,1.0,38,17.6%,0.63,0,NA,NA,NA,NA,NA,0.026,NA,24,NA,NA,vs MIA,25,·,9.9,-6.5
14,9486,Dontayvion Wicks,WR,24.3,GB,999.0,999,999,0,0,0,1,1,1,53,6,0,0.0,0,0,0,0,0,0,0.00,0,0,0,0,0.00,0.00,0,0,0,0,0,0,0,0,0.0,0.0,0,0,0,0,0,NA,0,0,11.0%,NA,NA,NA,0,NA,0,0,NA,0.0,3,0.0%,0.00,0,NA,NA,NA,NA,NA,0.000,NA,0,NA,NA,vs CHI,4,·,5.8,-5.8
14,12492,Pat Bryant,WR,22.8,DEN,44.0,47,49,7.2,5.2,3.2,1,1,1,74,35,0,0.0,0,0,0,0,0,0,0.00,0,0,0,0,0.00,0.00,4,20,0,3,0,4,12,32,8.0,8.0,0,0,0,32,0,NA,0,0,47.0%,NA,NA,NA,0,NA,3,4,0.750,3.0,28,10.5%,1.14,0,NA,NA,NA,NA,NA,0.107,NA,32,NA,NA,@ LV,7,·,7.9,-0.7
14,4066,Evan Engram,TE,31.1,DEN,36.0,40,46,2.8,1.8,0.8,1,1,0,74,27,0,0.0,0,0,0,0,0,0,0.00,0,0,0,0,0.00,0.00,2,2,0,0,0,2,6,8,4.0,4.0,0,0,0,8,0,NA,0,0,36.0%,NA,NA,NA,0,NA,0,2,0.000,0.0,25,5.3%,0.32,0,NA,NA,NA,NA,NA,0.000,NA,8,NA,NA,@ LV,29,·,8.0,-5.2
14,11603,AJ Barner,TE,23.4,SEA,22.0,22,22,5.7,4.2,2.7,1,1,1,61,41,0,0.0,0,0,0,0,0,0,0.00,0,0,0,0,0.00,0.00,3,12,0,1,0,4,15,27,9.0,6.8,0,0,0,27,0,NA,0,0,67.0%,NA,NA,NA,0,NA,1,4,0.250,1.0,21,13.3%,1.29,0,NA,NA,NA,NA,NA,0.048,NA,27,NA,NA,@ ATL,31,·,10.0,-4.3
14,7567,Kenneth Gainwell,RB,26.5,PIT,12.0,19,22,16.2,13.2,10.2,1,1,0,52,25,0,0.0,0,0,0,0,0,0,0.00,15,0,0,0,0.00,0.00,6,-11,0,1,0,7,38,27,4.5,3.9,4,1,1,42,1,14,15,3.75,48.0%,1,3.60,0.250,2,0.610,3,11,0.273,3.0,NA,20.6%,NA,0,NA,NA,NA,NA,NA,NA,NA,42,NA,NA,@ BAL,13,·,11.1,5.1
14,96,Aaron Rodgers,QB,41.8,PIT,8.0,8,8,21.46,20.96,20.46,1,1,1,52,52,0,67.7,134,34,23,6,11,0,103.10,284,0,1,284,8.35,12.35,1,-9,0,0,0,1,0,-9,-9.0,-9.0,2,0,0,-9,1,NA,0,0,100.0%,NA,NA,NA,1,NA,8,37,NA,NA,NA,NA,NA,7,20.6%,2.69,8.8%,20.0%,5.70,NA,35,275,-0.3%,+0.12,@ BAL,13,·,17.9,3.6
14,11626,Xavier Legette,WR,24.7,CAR,0.0,0,0,0,0,0,0,0,0,0,0,0,0.0,0,0,0,0,0,0,0.00,0,0,0,0,0.00,0.00,0,0,0,0,0,0,0,0,0.0,0.0,0,0,0,0,0,NA,0,0,0.0%,NA,NA,NA,0,NA,0,0,NA,NA,NA,NA,NA,0,NA,NA,NA,NA,NA,NA,NA,0,NA,NA,BYE,BYE,BYE,BYE,BYE
14,4039,Cooper Kupp,WR,32.3,SEA,24.0,23,19,11.5,10.5,9.5,1,1,1,61,42,0,0.0,0,0,0,0,0,0,0.00,0,0,0,0,0.00,0.00,2,11,0,1,1,3,24,35,17.5,11.7,0,0,0,35,0,NA,0,0,69.0%,NA,NA,NA,0,NA,2,3,0.667,2.0,28,10.0%,1.25,0,NA,NA,NA,NA,NA,0.036,NA,35,NA,NA,@ ATL,13,·,8.5,3.0
14,11610,Malik Washington,WR,24.7,MIA,65.0,75,83,4,2.5,1,1,1,0,65,34,0,0.0,0,0,0,0,0,0,0.00,0,0,0,0,0.00,0.00,3,4,0,0,0,4,6,10,3.3,2.5,0,0,0,10,0,NA,0,0,52.0%,NA,NA,NA,0,NA,0,4,0.000,0.0,13,19.0%,0.77,0,NA,NA,NA,NA,NA,0.000,NA,10,NA,NA,@ NYJ,23,·,8.5,-4.5
14,11583,Jonathon Brooks,RB,22.2,CAR,0.0,0,0,0,0,0,0,0,0,0,0,0,0.0,0,0,0,0,0,0,0.00,0,0,0,0,0.00,0.00,0,0,0,0,0,0,0,0,0.0,0.0,0,0,0,0,0,NA,0,0,0.0%,NA,NA,NA,0,NA,0,0,NA,NA,NA,NA,NA,0,NA,NA,NA,NA,NA,NA,NA,0,NA,NA,BYE,BYE,BYE,BYE,BYE
14,8210,Chigoziem Okonkwo,TE,26.0,TEN,27.0,27,27,4,3,2,1,1,0,66,32,0,0.0,0,0,0,0,0,0,0.00,0,0,0,0,0.00,0.00,2,1,0,1,0,2,19,20,10.0,10.0,0,0,0,20,0,NA,0,0,48.0%,NA,NA,NA,0,NA,1,2,0.500,1.0,20,7.1%,1.00,0,NA,NA,NA,NA,NA,0.050,NA,20,NA,NA,@ CLE,16,·,5.3,-1.3
14,12524,Shedeur Sanders,QB,23.6,CLE,2.0,2,2,34.46,34.46,34.46,1,1,1,69,67,0,54.8,102,42,23,10,19,1,97.70,393,2,3,364,8.67,15.83,0,0,0,0,0,0,0,0,0.0,0.0,3,1,1,29,1,NA,29,9.67,97.0%,NA,NA,NA,2,NA,15,45,NA,NA,NA,NA,NA,13,31.0%,3.57,7.1%,63.0%,7.40,NA,46,393,-2.4%,-0.01,vs TEN,11,·,18.1,16.4
14,8125,Calvin Austin III,WR,26.5,PIT,63.0,59,52,4.1,3.6,3.1,1,1,0,52,16,0,0.0,0,0,0,0,0,0,0.00,0,0,0,0,0.00,0.00,1,21,1,1,0,2,10,31,31.0,15.5,0,0,0,31,0,NA,0,0,31.0%,NA,NA,NA,0,NA,1,2,0.500,1.0,15,5.9%,2.07,0,NA,NA,NA,NA,NA,0.067,NA,31,NA,NA,@ BAL,10,·,6.1,-2.0
14,1339,Zach Ertz,TE,34.9,WAS,43.0,43,41,2.1,1.6,1.1,1,1,1,52,36,0,0.0,0,0,0,0,0,0,0.00,0,0,0,0,0.00,0.00,1,5,0,1,0,2,6,11,11.0,5.5,0,0,0,11,0,NA,0,0,69.0%,NA,NA,NA,0,NA,1,2,0.500,1.0,24,8.3%,0.46,0,NA,NA,NA,NA,NA,0.042,NA,11,NA,NA,@ MIN,15,·,10.5,-8.4
14,11575,Ray Davis,RB,25.9,BUF,999.0,999,999,0,0,0,1,1,0,64,4,0,0.0,0,0,0,0,0,0,0.00,0,0,0,0,0.00,0.00,0,0,0,0,0,0,0,0,0.0,0.0,0,0,0,0,0,NA,0,0,6.0%,NA,NA,NA,0,NA,0,0,NA,0.0,NA,NA,NA,0,NA,NA,NA,NA,NA,NA,NA,0,NA,NA,vs CIN,1,·,2.0,-2.0
14,9501,Demario Douglas,WR,24.8,NE,0.0,0,0,0,0,0,0,0,0,0,0,0,0.0,0,0,0,0,0,0,0.00,0,0,0,0,0.00,0.00,0,0,0,0,0,0,0,0,0.0,0.0,0,0,0,0,0,NA,0,0,0.0%,NA,NA,NA,0,NA,0,0,NA,NA,NA,NA,NA,0,NA,NA,NA,NA,NA,NA,NA,0,NA,NA,BYE,BYE,BYE,BYE,BYE
14,7600,Pat Freiermuth,TE,26.9,PIT,34.0,38,45,2.9,1.9,0.9,1,1,1,52,31,0,0.0,0,0,0,0,0,0,0.00,0,0,0,0,0.00,0.00,2,1,0,0,0,3,8,9,4.5,3.0,0,0,0,9,0,NA,0,0,60.0%,NA,NA,NA,0,NA,0,3,0.000,0.0,22,8.8%,0.41,0,NA,NA,NA,NA,NA,0.000,NA,9,NA,NA,@ BAL,25,·,5.5,-2.6
14,9482,Michael Mayer,TE,24.2,LV,0.0,0,0,0,0,0,0,0,0,0,0,0,0.0,0,0,0,0,0,0,0.00,0,0,0,0,0.00,0.00,0,0,0,0,0,0,0,0,0.0,0.0,0,0,0,0,0,NA,0,0,0.0%,NA,NA,NA,0,NA,0,0,NA,NA,NA,NA,NA,0,NA,NA,NA,NA,NA,NA,NA,0,NA,NA,vs DEN,14,OUT,OUT,OUT
14,6826,Cole Kmet,TE,26.6,CHI,20.0,20,18,6.2,5.2,4.2,1,1,1,70,53,0,0.0,0,0,0,0,0,0,0.00,0,0,0,0,0.00,0.00,2,39,0,2,0,3,3,42,21.0,14.0,0,0,0,42,0,NA,0,0,76.0%,NA,NA,NA,0,NA,2,3,0.667,2.0,26,8.6%,1.62,0,NA,NA,NA,NA,NA,0.077,NA,42,NA,NA,@ GB,21,·,4.3,1.9
14,12531,Trevor Etienne,RB,21.2,CAR,0.0,0,0,0,0,0,0,0,0,0,0,0,0.0,0,0,0,0,0,0,0.00,0,0,0,0,0.00,0.00,0,0,0,0,0,0,0,0,0.0,0.0,0,0,0,0,0,NA,0,0,0.0%,NA,NA,NA,0,NA,0,0,NA,NA,NA,NA,NA,0,NA,NA,NA,NA,NA,NA,NA,0,NA,NA,BYE,BYE,BYE,BYE,BYE
14,9229,Anthony Richardson,QB,23.4,IND,999.0,999,999,0,0,0,1,0,0,0,0,0,0.0,0,0,0,0,0,0,0.00,0,0,0,0,0.00,0.00,0,0,0,0,0,0,0,0,0.0,0.0,0,0,0,0,0,NA,0,0,0.0%,NA,NA,NA,0,NA,0,0,NA,NA,NA,NA,NA,0,NA,NA,NA,NA,NA,NA,NA,0,NA,NA,@ JAX,10,IR,IR,IR
14,11650,Luke McCaffrey,WR,24.5,WAS,999.0,999,999,0,0,0,1,0,0,0,0,0,0.0,0,0,0,0,0,0,0.00,0,0,0,0,0.00,0.00,0,0,0,0,0,0,0,0,0.0,0.0,0,0,0,0,0,NA,0,0,0.0%,NA,NA,NA,0,NA,0,0,NA,NA,NA,NA,NA,0,NA,NA,NA,NA,NA,NA,NA,0,NA,NA,@ MIN,31,IR,IR,IR
14,9487,Parker Washington,WR,23.5,JAX,0.0,0,0,0,0,0,0,0,0,0,0,0,0.0,0,0,0,0,0,0,0.00,0,0,0,0,0.00,0.00,0,0,0,0,0,0,0,0,0.0,0.0,0,0,0,0,0,NA,0,0,0.0%,NA,NA,NA,0,NA,0,0,NA,NA,NA,NA,NA,0,NA,NA,NA,NA,NA,NA,NA,0,NA,NA,vs IND,9,OUT,OUT,OUT
14,12505,Jalen Royals,WR,22.6,KC,0.0,0,0,0,0,0,0,0,0,0,0,0,0.0,0,0,0,0,0,0,0.00,0,0,0,0,0.00,0.00,0,0,0,0,0,0,0,0,0.0,0.0,0,0,0,0,0,NA,0,0,0.0%,NA,NA,NA,0,NA,0,0,NA,NA,NA,NA,NA,0,NA,NA,NA,NA,NA,NA,NA,0,NA,NA,vs HOU,29,·,0.1,-0.1
14,4018,Joe Mixon,RB,29.2,HOU,999.0,999,999,0,0,0,1,0,0,0,0,0,0.0,0,0,0,0,0,0,0.00,0,0,0,0,0.00,0.00,0,0,0,0,0,0,0,0,0.0,0.0,0,0,0,0,0,NA,0,0,0.0%,NA,NA,NA,0,NA,0,0,NA,NA,NA,NA,NA,0,NA,NA,NA,NA,NA,NA,NA,0,NA,NA,@ KC,26,PUP,PUP,PUP
14,12641,Jaylin Lane,WR,23.4,WAS,999.0,999,999,0,0,0,1,1,0,52,6,0,0.0,0,0,0,0,0,0,0.00,0,0,0,0,0.00,0.00,0,0,0,0,0,0,0,0,0.0,0.0,0,0,0,0,0,NA,0,0,12.0%,NA,NA,NA,0,NA,0,0,NA,0.0,2,0.0%,0.00,0,NA,NA,NA,NA,NA,0.000,NA,0,NA,NA,@ MIN,31,·,1.9,-1.9
14,9511,Keaton Mitchell,RB,23.7,BAL,36.0,35,32,7.6,7.6,7.6,1,1,0,80,12,0,0.0,0,0,0,0,0,0,0.00,76,0,0,0,0.00,0.00,0,0,0,0,0,0,0,0,0.0,0.0,6,1,1,76,0,65,76,12.67,15.0%,2,10.90,0.333,1,1.423,1,6,0.167,1.0,NA,0.0%,NA,0,NA,NA,NA,NA,NA,NA,NA,76,NA,NA,vs PIT,23,·,4.7,2.9
14,4950,Christian Kirk,WR,28.9,HOU,87.0,87,87,1.6,1.1,0.6,1,1,0,70,25,0,0.0,0,0,0,0,0,0,0.00,0,0,0,0,0.00,0.00,1,6,0,0,0,3,0,6,6.0,2.0,0,0,0,6,0,NA,0,0,36.0%,NA,NA,NA,0,NA,0,3,0.000,0.0,15,9.7%,0.40,0,NA,NA,NA,NA,NA,0.000,NA,6,NA,NA,@ KC,20,·,5.1,-3.5
14,4137,James Conner,RB,30.4,ARI,999.0,999,999,0,0,0,1,0,0,0,0,0,0.0,0,0,0,0,0,0,0.00,0,0,0,0,0.00,0.00,0,0,0,0,0,0,0,0,0.0,0.0,0,0,0,0,0,NA,0,0,0.0%,NA,NA,NA,0,NA,0,0,NA,NA,NA,NA,NA,0,NA,NA,NA,NA,NA,NA,NA,0,NA,NA,vs LAR,30,IR,IR,IR
14,4988,Nick Chubb,RB,29.8,HOU,71.0,71,68,0.3,0.3,0.3,1,1,0,70,8,0,0.0,0,0,0,0,0,0,0.00,3,0,0,0,0.00,0.00,0,0,0,0,0,0,0,0,0.0,0.0,1,0,0,3,0,3,3,3,11.0%,0,2.70,0.000,0,0.270,0,1,0.000,0.0,NA,0.0%,NA,0,NA,NA,NA,NA,NA,NA,NA,3,NA,NA,@ KC,26,·,5.9,-5.6
14,9506,Sean Tucker,RB,23.9,TB,30.0,27,26,8.9,8.9,8.9,1,1,0,74,12,0,0.0,0,0,0,0,0,0,0.00,29,0,0,0,0.00,0.00,0,0,0,0,0,0,0,0,0.0,0.0,7,0,1,29,1,32,29,4.14,16.0%,3,4.50,0.429,2,0.879,2,7,0.286,2.0,NA,0.0%,NA,0,NA,NA,NA,NA,NA,NA,NA,29,NA,NA,vs NO,16,·,3.3,5.6
14,4144,Jonnu Smith,TE,30.1,PIT,999.0,999,999,0,0,0,1,1,0,52,27,0,0.0,0,0,0,0,0,0,0.00,0,0,0,0,0.00,0.00,0,0,0,0,0,1,0,0,0.0,0.0,0,0,0,0,0,NA,0,0,52.0%,NA,NA,NA,0,NA,0,1,0.000,0.0,11,2.9%,0.00,0,NA,NA,NA,NA,NA,0.000,NA,0,NA,NA,@ BAL,25,·,4.6,-4.6
14,7607,Michael Carter,RB,26.4,ARI,44.0,46,49,5.1,4.1,3.1,1,1,0,62,33,0,0.0,0,0,0,0,0,0,0.00,13,0,0,0,0.00,0.00,2,-2,0,1,0,4,20,18,9.0,4.5,3,0,0,31,0,12,13,4.33,53.0%,1,3.90,0.333,0,0.723,1,7,0.143,1.0,NA,9.1%,NA,0,NA,NA,NA,NA,NA,NA,NA,31,NA,NA,vs LAR,30,·,6.2,-1.1
14,11647,Kimani Vidal,RB,24.1,LAC,21.0,22,21,11.4,10.9,10.4,1,1,1,74,51,0,0.0,0,0,0,0,0,0,0.00,44,0,0,0,0.00,0.00,1,1,1,1,0,3,59,60,60.0,20.0,14,0,1,104,0,8,44,3.14,69.0%,3,0.60,0.214,1,0.274,2,17,0.118,2.0,NA,0.0%,NA,0,NA,NA,NA,NA,NA,NA,NA,104,NA,NA,vs PHI,7,·,9.3,2.1
14,5001,Dalton Schultz,TE,29.2,HOU,23.0,23,23,5.2,3.7,2.2,1,1,0,70,52,0,0.0,0,0,0,0,0,0,0.00,0,0,0,0,0.00,0.00,3,14,0,1,0,4,8,22,7.3,5.5,0,0,0,22,0,NA,0,0,74.0%,NA,NA,NA,0,NA,1,4,0.250,1.0,30,12.9%,0.73,0,NA,NA,NA,NA,NA,0.033,NA,22,NA,NA,@ KC,27,·,8.7,-3.5
14,11571,Isaiah Davis,RB,23.6,NYJ,59.0,56,52,2.2,2.2,2.2,1,1,0,58,14,0,0.0,0,0,0,0,0,0,0.00,22,0,0,0,0.00,0.00,0,0,0,0,0,0,0,0,0.0,0.0,2,0,2,22,0,3,22,11,24.0%,0,1.30,0.000,2,0.130,2,2,1.000,2.0,NA,0.0%,NA,0,NA,NA,NA,NA,NA,NA,NA,22,NA,NA,vs MIA,14,·,6.1,-3.9
14,12476,Devin Neal,RB,22.1,NO,15.0,13,12,15.4,14.9,14.4,1,1,1,58,41,0,0.0,0,0,0,0,0,0,0.00,70,0,0,0,0.00,0.00,1,-5,0,1,0,1,19,14,14.0,14.0,19,0,2,84,1,51,70,3.68,71.0%,4,2.70,0.211,3,0.481,4,20,0.200,4.0,NA,5.0%,NA,0,NA,NA,NA,NA,NA,NA,NA,84,NA,NA,@ TB,11,·,12.4,3.0
14,11643,Jaylen Wright,RB,22.5,MIA,11.0,9,6,16.7,16.7,16.7,1,1,0,65,34,0,0.0,0,0,0,0,0,0,0.00,107,0,0,0,0.00,0.00,0,0,0,0,0,3,0,0,0.0,0.0,24,1,6,107,1,91,107,4.46,52.0%,5,3.80,0.208,7,0.588,7,27,0.259,7.0,NA,14.3%,NA,0,NA,NA,NA,NA,NA,NA,NA,107,NA,NA,@ NYJ,5,·,1.9,14.8
14,11596,Ben Sinnott,TE,23.3,WAS,49.0,49,49,1.8,1.3,0.8,1,1,0,52,13,0,0.0,0,0,0,0,0,0,0.00,0,0,0,0,0.00,0.00,1,0,0,0,0,1,8,8,8.0,8.0,0,0,0,8,0,NA,0,0,25.0%,NA,NA,NA,0,NA,0,1,0.000,0.0,3,4.2%,2.67,0,NA,NA,NA,NA,NA,0.000,NA,8,NA,NA,@ MIN,15,·,0.6,1.2
14,12545,Tyler Shough,QB,26.0,NO,6.0,6,6,22.26,22.26,22.26,1,1,1,58,58,0,65.0,68,20,13,9,7,1,65.40,199,3,0,144,7.20,11.08,0,0,0,0,0,0,0,0,0.0,0.0,7,0,1,55,2,NA,55,7.86,100.0%,NA,NA,NA,3,NA,12,27,NA,NA,NA,NA,NA,9,45.0%,2.62,10.0%,41.7%,7.00,NA,24,199,-8.3%,-0.02,@ TB,3,·,19.4,2.9
14,9225,Tank Bigsby,RB,24.1,PHI,70.0,70,67,0.4,0.4,0.4,1,1,0,71,7,0,0.0,0,0,0,0,0,0,0.00,4,0,0,0,0.00,0.00,0,0,0,0,0,0,0,0,0.0,0.0,1,0,0,4,0,NA,4,4,10.0%,NA,NA,NA,0,NA,0,1,0.000,0.0,NA,NA,NA,0,NA,NA,NA,NA,NA,NA,NA,4,NA,NA,@ LAC,20,·,2.5,-2.1
14,11577,Will Shipley,RB,23.1,PHI,62.0,64,69,1.3,0.8,0.3,1,1,0,71,7,0,0.0,0,0,0,0,0,0,0.00,0,0,0,0,0.00,0.00,1,1,0,0,0,1,2,3,3.0,3.0,0,0,0,3,0,0,0,0,10.0%,0,0.00,NA,0,NA,0,1,0.000,0.0,NA,0.0%,NA,0,NA,NA,NA,NA,NA,NA,NA,3,NA,NA,@ LAC,20,·,1.6,-0.3
14,4454,Kendrick Bourne,WR,30.2,SF,0.0,0,0,0,0,0,0,0,0,0,0,0,0.0,0,0,0,0,0,0,0.00,0,0,0,0,0.00,0.00,0,0,0,0,0,0,0,0,0.0,0.0,0,0,0,0,0,NA,0,0,0.0%,NA,NA,NA,0,NA,0,0,NA,NA,NA,NA,NA,0,NA,NA,NA,NA,NA,NA,NA,0,NA,NA,BYE,BYE,BYE,BYE,BYE
14,12485,Tez Johnson,WR,23.4,TB,999.0,999,999,0,0,0,1,1,1,74,34,0,0.0,0,0,0,0,0,0,0.00,0,0,0,0,0.00,0.00,0,0,0,0,0,0,0,0,0.0,0.0,0,0,0,0,0,NA,0,0,46.0%,NA,NA,NA,0,NA,0,0,NA,0.0,12,0.0%,0.00,0,NA,NA,NA,NA,NA,0.000,NA,0,NA,NA,vs NO,18,·,6.0,-6.0
14,7670,Joshua Palmer,WR,26.0,BUF,0.0,0,0,0,0,0,0,0,0,0,0,0,0.0,0,0,0,0,0,0,0.00,0,0,0,0,0.00,0.00,0,0,0,0,0,0,0,0,0.0,0.0,0,0,0,0,0,NA,0,0,0.0%,NA,NA,NA,0,NA,0,0,NA,NA,NA,NA,NA,0,NA,NA,NA,NA,NA,NA,NA,0,NA,NA,vs CIN,27,OUT,OUT,OUT
14,7587,Dyami Brown,WR,25.9,JAX,999.0,999,999,0,0,0,1,1,0,64,6,0,0.0,0,0,0,0,0,0,0.00,0,0,0,0,0.00,0.00,0,0,0,0,0,0,0,0,0.0,0.0,0,0,0,0,0,NA,0,0,9.0%,NA,NA,NA,0,NA,0,0,NA,0.0,3,0.0%,0.00,0,NA,NA,NA,NA,NA,0.000,NA,0,NA,NA,vs IND,9,·,0.5,-0.5
14,11581,MarShawn Lloyd,RB,24.7,GB,999.0,999,999,0,0,0,1,0,0,0,0,0,0.0,0,0,0,0,0,0,0.00,0,0,0,0,0.00,0.00,0,0,0,0,0,0,0,0,0.0,0.0,0,0,0,0,0,NA,0,0,0.0%,NA,NA,NA,0,NA,0,0,NA,NA,NA,NA,NA,0,NA,NA,NA,NA,NA,NA,NA,0,NA,NA,vs CHI,17,IR,IR,IR
14,10219,Chris Rodriguez,RB,25.0,WAS,43.0,40,38,5.2,5.2,5.2,1,1,1,52,22,0,0.0,0,0,0,0,0,0,0.00,52,0,0,0,0.00,0.00,0,0,0,0,0,0,0,0,0.0,0.0,10,1,2,52,0,49,52,5.2,42.0%,4,4.90,0.400,2,0.890,2,10,0.200,2.0,NA,0.0%,NA,0,NA,NA,NA,NA,NA,NA,NA,52,NA,NA,@ MIN,19,·,10.6,-5.4
14,12543,Tahj Brooks,RB,23.4,CIN,999.0,999,999,0,0,0,1,0,0,60,0,0,0.0,0,0,0,0,0,0,0.00,0,0,0,0,0.00,0.00,0,0,0,0,0,0,0,0,0.0,0.0,0,0,0,0,0,NA,0,0,0.0%,NA,NA,NA,0,NA,0,0,NA,0.0,NA,NA,NA,0,NA,NA,NA,NA,NA,NA,NA,0,NA,NA,@ BUF,4,·,0.8,-0.8
14,11569,Jarquez Hunter,RB,22.8,LAR,0.0,0,0,0,0,0,0,0,0,0,0,0,0.0,0,0,0,0,0,0,0.00,0,0,0,0,0.00,0.00,0,0,0,0,0,0,0,0,0.0,0.0,0,0,0,0,0,NA,0,0,0.0%,NA,NA,NA,0,NA,0,0,NA,NA,NA,NA,NA,0,NA,NA,NA,NA,NA,NA,NA,0,NA,NA,@ ARI,8,·,0.3,-0.3
14,10232,Michael Wilson,WR,25.6,ARI,1.0,2,2,37.2,31.7,26.2,1,1,1,62,49,0,0.0,0,0,0,0,0,0,0.00,0,0,0,0,0.00,0.00,11,109,0,7,2,16,33,142,12.9,8.9,0,0,0,142,0,NA,0,0,79.0%,NA,NA,NA,0,NA,9,16,0.563,9.0,41,36.4%,3.46,0,NA,NA,NA,NA,NA,0.171,NA,142,NA,NA,vs LAR,16,·,14.8,22.4
14,5995,Justice Hill,RB,27.9,BAL,999.0,999,999,0,0,0,1,0,0,0,0,0,0.0,0,0,0,0,0,0,0.00,0,0,0,0,0.00,0.00,0,0,0,0,0,0,0,0,0.0,0.0,0,0,0,0,0,NA,0,0,0.0%,NA,NA,NA,0,NA,0,0,NA,NA,NA,NA,NA,0,NA,NA,NA,NA,NA,NA,NA,0,NA,NA,vs PIT,23,IR,IR,IR
14,8180,Jalen Nailor,WR,26.6,MIN,52.0,51,54,6,4.5,3,1,1,1,64,37,0,0.0,0,0,0,0,0,0,0.00,0,0,0,0,0.00,0.00,3,15,0,2,0,3,15,30,10.0,10.0,0,0,0,30,0,NA,0,0,58.0%,NA,NA,NA,0,NA,2,3,0.667,2.0,19,13.0%,1.58,0,NA,NA,NA,NA,NA,0.105,NA,30,NA,NA,vs WAS,5,·,5.7,0.3
14,8698,Jake Tonges,TE,26.2,SF,0.0,0,0,0,0,0,0,0,0,0,0,0,0.0,0,0,0,0,0,0,0.00,0,0,0,0,0.00,0.00,0,0,0,0,0,0,0,0,0.0,0.0,0,0,0,0,0,NA,0,0,0.0%,NA,NA,NA,0,NA,0,0,NA,NA,NA,NA,NA,0,NA,NA,NA,NA,NA,NA,NA,0,NA,NA,BYE,BYE,BYE,BYE,BYE
14,8123,Hassan Haskins,RB,25.8,LAC,999.0,999,999,0,0,0,1,0,0,74,0,0,0.0,0,0,0,0,0,0,0.00,0,0,0,0,0.00,0.00,0,0,0,0,0,0,0,0,0.0,0.0,0,0,0,0,0,NA,0,0,0.0%,NA,NA,NA,0,NA,0,0,NA,0.0,NA,NA,NA,0,NA,NA,NA,NA,NA,NA,NA,0,NA,NA,vs PHI,7,IR,IR,IR
14,4098,Kareem Hunt,RB,30.1,KC,29.0,26,25,9,9,9,1,1,0,64,38,0,0.0,0,0,0,0,0,0,0.00,30,0,0,0,0.00,0.00,0,0,1,0,0,1,0,0,0.0,0.0,12,1,2,30,1,26,30,2.5,59.0%,3,2.20,0.250,3,0.470,3,13,0.231,3.0,NA,3.0%,NA,0,NA,NA,NA,NA,NA,NA,NA,30,NA,NA,vs HOU,22,·,10.6,-1.6
14,11630,Roman Wilson,WR,24.3,PIT,999.0,999,999,0,0,0,0,0,0,52,0,0,0.0,0,0,0,0,0,0,0.00,0,0,0,0,0.00,0.00,0,0,0,0,0,0,0,0,0.0,0.0,0,0,0,0,0,NA,0,0,0.0%,NA,NA,NA,0,NA,0,0,NA,NA,NA,NA,NA,0,NA,NA,NA,NA,NA,NA,NA,0,NA,NA,@ BAL,10,OUT,OUT,OUT
14,12540,Chimere Dike,WR,23.8,TEN,20.0,21,24,13.4,10.9,8.4,1,1,0,66,44,0,0.0,0,0,0,0,0,0,0.00,0,0,0,0,0.00,0.00,5,18,0,1,1,8,6,24,4.8,3.0,0,0,0,24,0,NA,0,0,67.0%,NA,NA,NA,0,NA,2,8,0.250,2.0,25,28.6%,0.96,0,NA,NA,NA,NA,NA,0.040,NA,24,NA,NA,@ CLE,28,·,8.5,4.9
14,8117,Jalen Tolbert,WR,26.6,DAL,0.0,0,0,0,0,0,0,0,0,0,0,0,0.0,0,0,0,0,0,0,0.00,0,0,0,0,0.00,0.00,0,0,0,0,0,0,0,0,0.0,0.0,0,0,0,0,0,NA,0,0,0.0%,NA,NA,NA,0,NA,0,0,NA,NA,NA,NA,NA,0,NA,NA,NA,NA,NA,NA,NA,0,NA,NA,@ DET,2,OUT,OUT,OUT
14,12523,Jimmy Horn,WR,23.0,CAR,0.0,0,0,0,0,0,0,0,0,0,0,0,0.0,0,0,0,0,0,0,0.00,0,0,0,0,0.00,0.00,0,0,0,0,0,0,0,0,0.0,0.0,0,0,0,0,0,NA,0,0,0.0%,NA,NA,NA,0,NA,0,0,NA,NA,NA,NA,NA,0,NA,NA,NA,NA,NA,NA,NA,0,NA,NA,BYE,BYE,BYE,BYE,BYE
14,12670,KeAndre Lambert-Smith,WR,24.0,LAC,0.0,0,0,0,0,0,0,0,0,0,0,0,0.0,0,0,0,0,0,0,0.00,0,0,0,0,0.00,0.00,0,0,0,0,0,0,0,0,0.0,0.0,0,0,0,0,0,NA,0,0,0.0%,NA,NA,NA,0,NA,0,0,NA,NA,NA,NA,NA,0,NA,NA,NA,NA,NA,NA,NA,0,NA,NA,vs PHI,17,·,0.8,-0.8
14,12502,Gunnar Helm,TE,23.1,TEN,48.0,48,48,1.8,1.3,0.8,1,1,1,66,44,0,0.0,0,0,0,0,0,0,0.00,0,0,0,0,0.00,0.00,1,-3,0,0,0,2,11,8,8.0,4.0,0,0,0,8,0,NA,0,0,67.0%,NA,NA,NA,0,NA,0,2,0.000,0.0,12,7.1%,0.67,0,NA,NA,NA,NA,NA,0.000,NA,8,NA,NA,@ CLE,16,·,6.3,-4.5
14,11651,Isaac Guerendo,RB,25.2,SF,0.0,0,0,0,0,0,0,0,0,0,0,0,0.0,0,0,0,0,0,0,0.00,0,0,0,0,0.00,0.00,0,0,0,0,0,0,0,0,0.0,0.0,0,0,0,0,0,NA,0,0,0.0%,NA,NA,NA,0,NA,0,0,NA,NA,NA,NA,NA,0,NA,NA,NA,NA,NA,NA,NA,0,NA,NA,BYE,BYE,BYE,BYE,BYE
14,3321,Tyreek Hill,WR,31.6,MIA,999.0,999,999,0,0,0,1,0,0,0,0,0,0.0,0,0,0,0,0,0,0.00,0,0,0,0,0.00,0.00,0,0,0,0,0,0,0,0,0.0,0.0,0,0,0,0,0,NA,0,0,0.0%,NA,NA,NA,0,NA,0,0,NA,NA,NA,NA,NA,0,NA,NA,NA,NA,NA,NA,NA,0,NA,NA,@ NYJ,23,IR,IR,IR
14,11557,Joe Milton,QB,25.6,DAL,999.0,999,999,0,0,0,1,0,0,82,0,0,0.0,0,0,0,0,0,0,0.00,0,0,0,0,0.00,0.00,0,0,0,0,0,0,0,0,0.0,0.0,0,0,0,0,0,NA,0,0,0.0%,NA,NA,NA,0,NA,0,0,NA,NA,NA,NA,NA,0,NA,NA,NA,NA,NA,NA,NA,0,NA,NA,@ DET,4,·,·,·
14,7828,Noah Gray,TE,26.4,KC,40.0,39,38,2.4,1.9,1.4,1,1,0,64,29,0,0.0,0,0,0,0,0,0,0.00,0,0,0,0,0.00,0.00,1,9,2,0,0,3,5,14,14.0,4.7,0,0,0,14,0,NA,0,0,45.0%,NA,NA,NA,0,NA,0,3,0.000,0.0,14,9.1%,1.00,0,NA,NA,NA,NA,NA,0.000,NA,14,NA,NA,vs HOU,28,·,2.4,0.0
14,6149,Darius Slayton,WR,28.7,NYG,0.0,0,0,0,0,0,0,0,0,0,0,0,0.0,0,0,0,0,0,0,0.00,0,0,0,0,0.00,0.00,0,0,0,0,0,0,0,0,0.0,0.0,0,0,0,0,0,NA,0,0,0.0%,NA,NA,NA,0,NA,0,0,NA,NA,NA,NA,NA,0,NA,NA,NA,NA,NA,NA,NA,0,NA,NA,BYE,BYE,BYE,BYE,BYE
14,10218,Xavier Hutchinson,WR,25.3,HOU,999.0,999,999,0,0,0,1,1,0,70,28,0,0.0,0,0,0,0,0,0,0.00,0,0,0,0,0.00,0.00,0,0,0,0,0,2,0,0,0.0,0.0,0,0,0,0,0,NA,0,0,40.0%,NA,NA,NA,0,NA,0,2,0.000,0.0,17,6.5%,0.00,0,NA,NA,NA,NA,NA,0.000,NA,0,NA,NA,@ KC,20,·,3.1,-3.1
14,9481,Luke Musgrave,TE,25.1,GB,25.0,25,24,4.2,3.2,2.2,1,1,1,53,21,0,0.0,0,0,0,0,0,0,0.00,0,0,0,0,0.00,0.00,2,22,0,2,0,4,0,22,11.0,5.5,0,0,0,22,0,NA,0,0,40.0%,NA,NA,NA,0,NA,2,4,0.500,2.0,9,16.0%,2.44,0,NA,NA,NA,NA,NA,0.222,NA,22,NA,NA,vs CHI,13,·,5.0,-0.8
14,5857,Noah Fant,TE,27.8,CIN,39.0,37,36,2.5,2,1.5,1,1,1,60,25,0,0.0,0,0,0,0,0,0,0.00,0,0,0,0,0.00,0.00,1,3,0,1,0,2,12,15,15.0,7.5,0,0,0,15,0,NA,0,0,42.0%,NA,NA,NA,0,NA,1,2,0.500,1.0,12,5.6%,1.25,0,NA,NA,NA,NA,NA,0.083,NA,15,NA,NA,@ BUF,32,·,4.0,-1.5
14,5906,Dawson Knox,TE,28.9,BUF,3.0,4,4,17.3,14.3,11.3,1,1,1,64,35,0,0.0,0,0,0,0,0,0,0.00,0,0,0,0,0.00,0.00,6,31,0,4,0,7,62,93,15.5,13.3,0,0,0,93,0,NA,0,0,55.0%,NA,NA,NA,0,NA,4,7,0.571,4.0,15,25.0%,6.20,0,NA,NA,NA,NA,NA,0.267,NA,93,NA,NA,vs CIN,1,·,6.3,11.0
14,12482,Savion Williams,WR,23.8,GB,0.0,0,0,0,0,0,0,0,0,0,0,0,0.0,0,0,0,0,0,0,0.00,0,0,0,0,0.00,0.00,0,0,0,0,0,0,0,0,0.0,0.0,0,0,0,0,0,NA,0,0,0.0%,NA,NA,NA,0,NA,0,0,NA,NA,NA,NA,NA,0,NA,NA,NA,NA,NA,NA,NA,0,NA,NA,vs CHI,4,OUT,OUT,OUT
14,7528,Najee Harris,RB,27.6,LAC,999.0,999,999,0,0,0,1,0,0,0,0,0,0.0,0,0,0,0,0,0,0.00,0,0,0,0,0.00,0.00,0,0,0,0,0,0,0,0,0.0,0.0,0,0,0,0,0,NA,0,0,0.0%,NA,NA,NA,0,NA,0,0,NA,NA,NA,NA,NA,0,NA,NA,NA,NA,NA,NA,NA,0,NA,NA,vs PHI,7,IR,IR,IR
14,12544,LeQuint Allen,RB,21.2,JAX,57.0,59,62,2.8,1.8,0.8,1,1,0,64,16,0,0.0,0,0,0,0,0,0,0.00,0,0,0,0,0.00,0.00,2,-7,0,0,0,2,15,8,4.0,4.0,0,0,0,8,0,0,0,0,25.0%,0,0.00,NA,0,NA,0,2,0.000,0.0,NA,6.5%,NA,0,NA,NA,NA,NA,NA,NA,NA,8,NA,NA,vs IND,21,·,2.1,0.7
14,8143,Jerome Ford,RB,26.0,CLE,55.0,57,60,3,2,1,1,1,0,69,13,0,0.0,0,0,0,0,0,0,0.00,0,0,0,0,0.00,0.00,2,-14,0,1,0,3,24,10,5.0,3.3,0,0,0,10,0,0,0,0,19.0%,0,0.00,NA,0,NA,1,3,0.333,1.0,NA,7.1%,NA,0,NA,NA,NA,NA,NA,NA,NA,10,NA,NA,vs TEN,9,·,6.1,-3.1
14,12467,Jordan James,RB,21.5,SF,0.0,0,0,0,0,0,0,0,0,0,0,0,0.0,0,0,0,0,0,0,0.00,0,0,0,0,0.00,0.00,0,0,0,0,0,0,0,0,0.0,0.0,0,0,0,0,0,NA,0,0,0.0%,NA,NA,NA,0,NA,0,0,NA,NA,NA,NA,NA,0,NA,NA,NA,NA,NA,NA,NA,0,NA,NA,BYE,BYE,BYE,BYE,BYE
14,11623,Jordan Whittington,WR,25.0,LAR,92.0,92,92,1.5,1,0.5,1,1,0,70,12,0,0.0,0,0,0,0,0,0,0.00,0,0,0,0,0.00,0.00,1,1,0,0,0,1,4,5,5.0,5.0,0,0,0,5,0,NA,0,0,17.0%,NA,NA,NA,0,NA,0,1,0.000,0.0,3,3.2%,1.67,0,NA,NA,NA,NA,NA,0.000,NA,5,NA,NA,@ ARI,19,·,2.5,-1.0
14,3161,Carson Wentz,QB,32.7,MIN,999.0,999,999,0,0,0,1,0,0,0,0,0,0.0,0,0,0,0,0,0,0.00,0,0,0,0,0.00,0.00,0,0,0,0,0,0,0,0,0.0,0.0,0,0,0,0,0,NA,0,0,0.0%,NA,NA,NA,0,NA,0,0,NA,NA,NA,NA,NA,0,NA,NA,NA,NA,NA,NA,NA,0,NA,NA,vs WAS,6,IR,IR,IR
14,19,Joe Flacco,QB,40.7,CIN,999.0,999,999,0,0,0,1,0,0,60,0,0,0.0,0,0,0,0,0,0,0.00,0,0,0,0,0.00,0.00,0,0,0,0,0,0,0,0,0.0,0.0,0,0,0,0,0,NA,0,0,0.0%,NA,NA,NA,0,NA,0,0,NA,NA,NA,NA,NA,0,NA,NA,NA,NA,NA,NA,NA,0,NA,NA,@ BUF,31,·,·,·
14,7562,Tutu Atwell,WR,26.0,LAR,999.0,999,999,0,0,0,1,0,0,0,0,0,0.0,0,0,0,0,0,0,0.00,0,0,0,0,0.00,0.00,0,0,0,0,0,0,0,0,0.0,0.0,0,0,0,0,0,NA,0,0,0.0%,NA,NA,NA,0,NA,0,0,NA,NA,NA,NA,NA,0,NA,NA,NA,NA,NA,NA,NA,0,NA,NA,@ ARI,19,IR,IR,IR
14,10235,Roschon Johnson,RB,24.6,CHI,999.0,999,999,0,0,0,1,0,0,0,0,0,0.0,0,0,0,0,0,0,0.00,0,0,0,0,0.00,0.00,0,0,0,0,0,0,0,0,0.0,0.0,0,0,0,0,0,NA,0,0,0.0%,NA,NA,NA,0,NA,0,0,NA,NA,NA,NA,NA,0,NA,NA,NA,NA,NA,NA,NA,0,NA,NA,@ GB,24,IR,IR,IR
14,10226,Andrei Iosivas,WR,26.0,CIN,68.0,70,73,3.7,2.7,1.7,1,1,1,60,39,0,0.0,0,0,0,0,0,0,0.00,0,0,0,0,0.00,0.00,2,10,1,1,0,3,7,17,8.5,5.7,0,0,0,17,0,NA,0,0,65.0%,NA,NA,NA,0,NA,1,3,0.333,1.0,23,8.3%,0.74,0,NA,NA,NA,NA,NA,0.043,NA,17,NA,NA,@ BUF,22,·,5.5,-1.8
14,12511,Will Howard,QB,24.0,PIT,0.0,0,0,0,0,0,0,0,0,0,0,0,0.0,0,0,0,0,0,0,0.00,0,0,0,0,0.00,0.00,0,0,0,0,0,0,0,0,0.0,0.0,0,0,0,0,0,NA,0,0,0.0%,NA,NA,NA,0,NA,0,0,NA,NA,NA,NA,NA,0,NA,NA,NA,NA,NA,NA,NA,0,NA,NA,@ BAL,13,OUT,OUT,OUT
14,8917,KaVontae Turpin,WR,29.2,DAL,58.0,56,53,5,4,3,1,1,0,82,43,0,0.0,0,0,0,0,0,0,0.00,4,0,0,0,0.00,0.00,2,12,0,2,0,2,14,26,13.0,13.0,1,0,0,30,0,NA,4,4,52.0%,NA,NA,NA,0,NA,2,3,0.667,2.0,29,4.3%,0.90,0,NA,NA,NA,NA,NA,0.069,NA,30,NA,NA,@ DET,2,·,4.3,0.7
14,11783,Ryan Flournoy,WR,25.9,DAL,5.0,6,6,26.5,22,17.5,1,1,0,82,53,0,0.0,0,0,0,0,0,0,0.00,0,0,0,0,0.00,0.00,9,85,1,5,1,13,30,115,12.8,8.9,0,0,0,115,0,NA,0,0,65.0%,NA,NA,NA,0,NA,6,13,0.462,6.0,37,27.7%,3.11,0,NA,NA,NA,NA,NA,0.135,NA,115,NA,NA,@ DET,2,·,3.5,23.0
14,11435,Emanuel Wilson,RB,26.4,GB,66.0,63,59,1,1,1,1,1,0,53,8,0,0.0,0,0,0,0,0,0,0.00,10,0,0,0,0.00,0.00,0,0,0,0,0,0,0,0,0.0,0.0,3,0,0,10,0,4,10,3.33,15.0%,0,1.20,0.000,0,0.120,0,3,0.000,0.0,NA,0.0%,NA,0,NA,NA,NA,NA,NA,NA,NA,10,NA,NA,vs CHI,17,·,3.9,-2.9
14,8119,Jahan Dotson,WR,25.5,PHI,98.0,98,98,1.3,0.8,0.3,1,1,1,71,35,0,0.0,0,0,0,0,0,0,0.00,0,0,0,0,0.00,0.00,1,3,0,0,0,3,0,3,3.0,1.0,0,0,0,3,0,NA,0,0,49.0%,NA,NA,NA,0,NA,0,3,0.000,0.0,26,0.0%,0.12,0,NA,NA,NA,NA,NA,0.000,NA,3,NA,NA,@ LAC,32,·,3.8,-2.5
14,7694,Tommy Tremble,TE,25.3,CAR,0.0,0,0,0,0,0,0,0,0,0,0,0,0.0,0,0,0,0,0,0,0.00,0,0,0,0,0.00,0.00,0,0,0,0,0,0,0,0,0.0,0.0,0,0,0,0,0,NA,0,0,0.0%,NA,NA,NA,0,NA,0,0,NA,NA,NA,NA,NA,0,NA,NA,NA,NA,NA,NA,NA,0,NA,NA,BYE,BYE,BYE,BYE,BYE
14,9497,Jalin Hyatt,WR,24.0,NYG,0.0,0,0,0,0,0,0,0,0,0,0,0,0.0,0,0,0,0,0,0,0.00,0,0,0,0,0.00,0.00,0,0,0,0,0,0,0,0,0.0,0.0,0,0,0,0,0,NA,0,0,0.0%,NA,NA,NA,0,NA,0,0,NA,NA,NA,NA,NA,0,NA,NA,NA,NA,NA,NA,NA,0,NA,NA,BYE,BYE,BYE,BYE,BYE
14,12500,Quinn Ewers,QB,22.4,MIA,0.0,0,0,0,0,0,0,0,0,0,0,0,0.0,0,0,0,0,0,0,0.00,0,0,0,0,0.00,0.00,0,0,0,0,0,0,0,0,0.0,0.0,0,0,0,0,0,NA,0,0,0.0%,NA,NA,NA,0,NA,0,0,NA,NA,NA,NA,NA,0,NA,NA,NA,NA,NA,NA,NA,0,NA,NA,@ NYJ,14,OUT,OUT,OUT
14,11629,Devontez Walker,WR,24.3,BAL,0.0,0,0,0,0,0,0,0,0,0,0,0,0.0,0,0,0,0,0,0,0.00,0,0,0,0,0.00,0.00,0,0,0,0,0,0,0,0,0.0,0.0,0,0,0,0,0,NA,0,0,0.0%,NA,NA,NA,0,NA,0,0,NA,NA,NA,NA,NA,0,NA,NA,NA,NA,NA,NA,NA,0,NA,NA,vs PIT,6,OUT,OUT,OUT
14,9479,Darnell Washington,TE,24.1,PIT,42.0,42,40,2.2,1.7,1.2,1,1,1,52,15,0,0.0,0,0,0,0,0,0,0.00,0,0,0,0,0.00,0.00,1,4,0,0,0,1,8,12,12.0,12.0,0,0,0,12,0,NA,0,0,29.0%,NA,NA,NA,0,NA,0,1,0.000,0.0,10,2.9%,1.20,0,NA,NA,NA,NA,NA,0.000,NA,12,NA,NA,@ BAL,25,·,6.6,-4.4
14,11199,Emari Demercado,RB,26.7,ARI,0.0,0,0,0,0,0,0,0,0,0,0,0,0.0,0,0,0,0,0,0,0.00,0,0,0,0,0.00,0.00,0,0,0,0,0,0,0,0,0.0,0.0,0,0,0,0,0,NA,0,0,0.0%,NA,NA,NA,0,NA,0,0,NA,NA,NA,NA,NA,0,NA,NA,NA,NA,NA,NA,NA,0,NA,NA,vs LAR,30,OUT,OUT,OUT
14,4040,JuJu Smith-Schuster,WR,28.8,KC,93.0,93,93,1.5,1,0.5,1,1,1,64,24,0,0.0,0,0,0,0,0,0,0.00,0,0,0,0,0.00,0.00,1,5,0,1,0,2,0,5,5.0,2.5,0,0,0,5,0,NA,0,0,38.0%,NA,NA,NA,0,NA,1,2,0.500,1.0,12,6.1%,0.42,0,NA,NA,NA,NA,NA,0.083,NA,5,NA,NA,vs HOU,29,·,3.9,-2.4
14,1426,DeAndre Hopkins,WR,33.3,BAL,999.0,999,999,0,0,0,1,1,0,80,13,0,0.0,0,0,0,0,0,0,0.00,0,0,0,0,0.00,0.00,0,0,0,0,0,1,0,0,0.0,0.0,0,0,0,0,0,NA,0,0,16.0%,NA,NA,NA,0,NA,0,1,0.000,0.0,7,2.9%,0.00,0,NA,NA,NA,NA,NA,0.000,NA,0,NA,NA,vs PIT,6,·,4.4,-4.4
14,6111,Jake Browning,QB,29.5,CIN,0.0,0,0,0,0,0,0,0,0,0,0,0,0.0,0,0,0,0,0,0,0.00,0,0,0,0,0.00,0.00,0,0,0,0,0,0,0,0,0.0,0.0,0,0,0,0,0,NA,0,0,0.0%,NA,NA,NA,0,NA,0,0,NA,NA,NA,NA,NA,0,NA,NA,NA,NA,NA,NA,NA,0,NA,NA,@ BUF,31,OUT,OUT,OUT
14,12542,Efton Chism,WR,23.9,NE,0.0,0,0,0,0,0,0,0,0,0,0,0,0.0,0,0,0,0,0,0,0.00,0,0,0,0,0.00,0.00,0,0,0,0,0,0,0,0,0.0,0.0,0,0,0,0,0,NA,0,0,0.0%,NA,NA,NA,0,NA,0,0,NA,NA,NA,NA,NA,0,NA,NA,NA,NA,NA,NA,NA,0,NA,NA,BYE,BYE,BYE,BYE,BYE
14,6271,Olamide Zaccheaus,WR,28.2,CHI,37.0,36,32,8.7,7.7,6.7,1,1,1,70,55,0,0.0,0,0,0,0,0,0,0.00,0,0,0,0,0.00,0.00,2,7,0,0,1,3,0,7,3.5,2.3,0,0,0,7,0,NA,0,0,79.0%,NA,NA,NA,0,NA,1,3,0.333,1.0,33,8.6%,0.21,0,NA,NA,NA,NA,NA,0.000,NA,7,NA,NA,@ GB,21,·,7.3,1.4
14,4219,Jeremy McNichols,RB,29.8,WAS,63.0,66,70,1.2,0.7,0.2,1,1,0,52,18,0,0.0,0,0,0,0,0,0,0.00,0,0,0,0,0.00,0.00,1,-6,0,0,0,1,8,2,2.0,2.0,0,0,0,2,0,0,0,0,35.0%,0,0.00,NA,0,NA,0,1,0.000,0.0,NA,4.2%,NA,0,NA,NA,NA,NA,NA,NA,NA,2,NA,NA,@ MIN,19,·,5.1,-3.9
14,2307,Marcus Mariota,QB,31.9,WAS,35.0,35,35,-1.1,-1.1,-1.1,1,1,0,52,13,1,50.0,29,4,2,2,2,1,35.40,37,1,0,30,7.50,15.00,0,0,0,0,0,0,0,0,0.0,0.0,2,0,0,7,0,NA,7,3.5,25.0%,NA,NA,NA,0,NA,2,6,NA,NA,NA,NA,NA,2,50.0%,2.98,0.0%,42.9%,14.70,NA,7,37,-17.7%,-1.55,@ MIN,26,·,·,·
14,12496,Tai Felton,WR,22.5,MIN,85.0,85,84,2,1.5,1,1,1,0,64,11,0,0.0,0,0,0,0,0,0,0.00,0,0,0,0,0.00,0.00,1,-2,0,1,0,1,12,10,10.0,10.0,0,0,0,10,0,NA,0,0,17.0%,NA,NA,NA,0,NA,1,1,1.000,1.0,5,4.3%,2.00,0,NA,NA,NA,NA,NA,0.200,NA,10,NA,NA,vs WAS,5,·,1.2,0.8
14,7596,Elijah Moore,WR,25.5,BUF,999.0,999,999,0,0,0,1,0,0,0,0,0,0.0,0,0,0,0,0,0,0.00,0,0,0,0,0.00,0.00,0,0,0,0,0,0,0,0,0.0,0.0,0,0,0,0,0,NA,0,0,0.0%,NA,NA,NA,0,NA,0,0,NA,NA,NA,NA,NA,0,NA,NA,NA,NA,NA,NA,NA,0,NA,NA,vs CIN,27,·,·,·
14,11619,Ja'Lynn Polk,WR,23.5,NO,999.0,999,999,0,0,0,1,0,0,0,0,0,0.0,0,0,0,0,0,0,0.00,0,0,0,0,0.00,0.00,0,0,0,0,0,0,0,0,0.0,0.0,0,0,0,0,0,NA,0,0,0.0%,NA,NA,NA,0,NA,0,0,NA,NA,NA,NA,NA,0,NA,NA,NA,NA,NA,NA,NA,0,NA,NA,@ TB,11,IR,IR,IR
14,9492,Trey Palmer,WR,24.5,NO,999.0,999,999,0,0,0,1,0,0,0,0,0,0.0,0,0,0,0,0,0,0.00,0,0,0,0,0.00,0.00,0,0,0,0,0,0,0,0,0.0,0.0,0,0,0,0,0,NA,0,0,0.0%,NA,NA,NA,0,NA,0,0,NA,NA,NA,NA,NA,0,NA,NA,NA,NA,NA,NA,NA,0,NA,NA,@ TB,11,IR,IR,IR
14,8161,Malik Willis,QB,26.3,GB,999.0,999,999,0,0,0,1,0,0,53,0,0,0.0,0,0,0,0,0,0,0.00,0,0,0,0,0.00,0.00,0,0,0,0,0,0,0,0,0.0,0.0,0,0,0,0,0,NA,0,0,0.0%,NA,NA,NA,0,NA,0,0,NA,NA,NA,NA,NA,0,NA,NA,NA,NA,NA,NA,NA,0,NA,NA,vs CHI,8,·,·,·
14,11640,Jermaine Burton,WR,24.2,CIN,0.0,0,0,0,0,0,0,0,0,0,0,0,0.0,0,0,0,0,0,0,0.00,0,0,0,0,0.00,0.00,0,0,0,0,0,0,0,0,0.0,0.0,0,0,0,0,0,NA,0,0,0.0%,NA,NA,NA,0,NA,0,0,NA,NA,NA,NA,NA,0,NA,NA,NA,NA,NA,NA,NA,0,NA,NA,@ BUF,22,SUS,SUS,SUS
14,3200,Sterling Shepard,WR,32.6,TB,90.0,90,90,1.5,1,0.5,1,1,1,74,42,0,0.0,0,0,0,0,0,0,0.00,0,0,0,0,0.00,0.00,1,4,0,0,0,1,1,5,5.0,5.0,0,0,0,5,0,NA,0,0,57.0%,NA,NA,NA,0,NA,0,1,0.000,0.0,21,3.3%,0.24,0,NA,NA,NA,NA,NA,0.000,NA,5,NA,NA,vs NO,18,·,3.6,-2.1
14,6039,Ty Johnson,RB,28.0,BUF,41.0,42,43,5.9,4.9,3.9,1,1,0,64,16,0,0.0,0,0,0,0,0,0,0.00,25,0,0,0,0.00,0.00,2,-9,0,0,0,3,23,14,7.0,4.7,2,0,1,39,0,2,25,12.5,25.0%,1,0.90,0.500,1,0.590,1,5,0.200,1.0,NA,10.7%,NA,0,NA,NA,NA,NA,NA,NA,NA,39,NA,NA,vs CIN,1,·,7.1,-1.2
14,11821,Tahj Washington,WR,24.4,MIA,0.0,0,0,0,0,0,0,0,0,0,0,0,0.0,0,0,0,0,0,0,0.00,0,0,0,0,0.00,0.00,0,0,0,0,0,0,0,0,0.0,0.0,0,0,0,0,0,NA,0,0,0.0%,NA,NA,NA,0,NA,0,0,NA,NA,NA,NA,NA,0,NA,NA,NA,NA,NA,NA,NA,0,NA,NA,@ NYJ,23,OUT,OUT,OUT
14,12462,Damien Martinez,RB,21.6,FA,0.0,0,0,0,0,0,0,0,0,0,0,0,0.0,0,0,0,0,0,0,0.00,0,0,0,0,0.00,0.00,0,0,0,0,0,0,0,0,0.0,0.0,0,0,0,0,0,NA,0,0,0.0%,NA,NA,NA,0,NA,0,0,NA,NA,NA,NA,NA,0,NA,NA,NA,NA,NA,NA,NA,0,NA,NA,NA,,·,·,·
14,2306,Jameis Winston,QB,31.7,NYG,0.0,0,0,0,0,0,0,0,0,0,0,0,0.0,0,0,0,0,0,0,0.00,0,0,0,0,0.00,0.00,0,0,0,0,0,0,0,0,0.0,0.0,0,0,0,0,0,NA,0,0,0.0%,NA,NA,NA,0,NA,0,0,NA,NA,NA,NA,NA,0,NA,NA,NA,NA,NA,NA,NA,0,NA,NA,BYE,BYE,BYE,BYE,BYE
14,12520,Xavier Restrepo,WR,23.5,TEN,999.0,999,999,0,0,0,1,0,0,0,0,0,0.0,0,0,0,0,0,0,0.00,0,0,0,0,0.00,0.00,0,0,0,0,0,0,0,0,0.0,0.0,0,0,0,0,0,NA,0,0,0.0%,NA,NA,NA,0,NA,0,0,NA,NA,NA,NA,NA,0,NA,NA,NA,NA,NA,NA,NA,0,NA,NA,@ CLE,28,Q,Q,Q
14,11599,Cade Stover,TE,25.3,HOU,999.0,999,999,0,0,0,1,1,1,70,20,0,0.0,0,0,0,0,0,0,0.00,0,0,0,0,0.00,0.00,0,0,0,0,0,0,0,0,0.0,0.0,0,0,0,0,0,NA,0,0,29.0%,NA,NA,NA,0,NA,0,0,NA,0.0,NA,NA,NA,0,NA,NA,NA,NA,NA,NA,NA,0,NA,NA,@ KC,27,·,1.9,-1.9
14,2505,Darren Waller,TE,33.0,MIA,37.0,35,32,2.7,2.2,1.7,1,1,0,65,24,0,0.0,0,0,0,0,0,0,0.00,4,0,0,0,0.00,0.00,1,10,0,1,0,3,3,13,13.0,4.3,1,0,1,17,0,NA,4,4,37.0%,NA,NA,NA,1,NA,2,4,0.500,2.0,12,14.3%,1.08,0,NA,NA,NA,NA,NA,0.083,NA,17,NA,NA,@ NYJ,17,·,8.4,-5.7
14,11616,Jacob Cowing,WR,24.6,SF,0.0,0,0,0,0,0,0,0,0,0,0,0,0.0,0,0,0,0,0,0,0.00,0,0,0,0,0.00,0.00,0,0,0,0,0,0,0,0,0.0,0.0,0,0,0,0,0,NA,0,0,0.0%,NA,NA,NA,0,NA,0,0,NA,NA,NA,NA,NA,0,NA,NA,NA,NA,NA,NA,NA,0,NA,NA,BYE,BYE,BYE,BYE,BYE
14,4993,Mike Gesicki,TE,30.0,CIN,2.0,2,2,20.6,17.6,14.6,1,1,0,60,25,0,0.0,0,0,0,0,0,0,0.00,0,0,0,0,0.00,0.00,6,67,0,4,1,6,19,86,14.3,14.3,0,0,0,86,0,NA,0,0,42.0%,NA,NA,NA,0,NA,5,6,0.833,5.0,16,16.7%,5.38,0,NA,NA,NA,NA,NA,0.250,NA,86,NA,NA,@ BUF,32,·,5.5,15.1
14,12516,Kalel Mullings,RB,23.0,TEN,999.0,999,999,0,0,0,1,0,0,66,0,0,0.0,0,0,0,0,0,0,0.00,0,0,0,0,0.00,0.00,0,0,0,0,0,0,0,0,0.0,0.0,0,0,0,0,0,NA,0,0,0.0%,NA,NA,NA,0,NA,0,0,NA,0.0,NA,NA,NA,0,NA,NA,NA,NA,NA,NA,NA,0,NA,NA,@ CLE,25,·,·,·
14,8207,Tyler Goodson,RB,24.9,IND,999.0,999,999,0,0,0,1,1,0,70,1,0,0.0,0,0,0,0,0,0,0.00,0,0,0,0,0.00,0.00,0,0,0,0,0,0,0,0,0.0,0.0,0,0,0,0,0,NA,0,0,1.0%,NA,NA,NA,0,NA,0,0,NA,0.0,NA,NA,NA,0,NA,NA,NA,NA,NA,NA,NA,0,NA,NA,@ JAX,29,·,0.6,-0.6
14,8147,John Metchie,WR,25.2,NYJ,42.0,45,47,7.4,5.4,3.4,1,1,1,58,56,0,0.0,0,0,0,0,0,0,0.00,0,0,0,0,0.00,0.00,4,12,1,1,0,8,22,34,8.5,4.3,0,0,0,34,0,NA,0,0,97.0%,NA,NA,NA,0,NA,1,8,0.125,1.0,37,23.5%,0.92,0,NA,NA,NA,NA,NA,0.027,NA,34,NA,NA,vs MIA,25,·,10.9,-3.5
14,12472,Raheim Sanders,RB,23.3,CLE,0.0,0,0,0,0,0,0,0,0,0,0,0,0.0,0,0,0,0,0,0,0.00,0,0,0,0,0.00,0.00,0,0,0,0,0,0,0,0,0.0,0.0,0,0,0,0,0,NA,0,0,0.0%,NA,NA,NA,0,NA,0,0,NA,NA,NA,NA,NA,0,NA,NA,NA,NA,NA,NA,NA,0,NA,NA,vs TEN,9,OUT,OUT,OUT
14,3271,Tyler Higbee,TE,32.7,LAR,999.0,999,999,0,0,0,1,0,0,0,0,0,0.0,0,0,0,0,0,0,0.00,0,0,0,0,0.00,0.00,0,0,0,0,0,0,0,0,0.0,0.0,0,0,0,0,0,NA,0,0,0.0%,NA,NA,NA,0,NA,0,0,NA,NA,NA,NA,NA,0,NA,NA,NA,NA,NA,NA,NA,0,NA,NA,@ ARI,11,IR,IR,IR
14,5970,Greg Dortch,WR,27.3,ARI,999.0,999,999,0,0,0,1,0,0,0,0,0,0.0,0,0,0,0,0,0,0.00,0,0,0,0,0.00,0.00,0,0,0,0,0,0,0,0,0.0,0.0,0,0,0,0,0,NA,0,0,0.0%,NA,NA,NA,0,NA,0,0,NA,NA,NA,NA,NA,0,NA,NA,NA,NA,NA,NA,NA,0,NA,NA,vs LAR,16,IR,IR,IR
14,5955,Hunter Renfrow,WR,29.8,CAR,0.0,0,0,0,0,0,0,0,0,0,0,0,0.0,0,0,0,0,0,0,0.00,0,0,0,0,0.00,0.00,0,0,0,0,0,0,0,0,0.0,0.0,0,0,0,0,0,NA,0,0,0.0%,NA,NA,NA,0,NA,0,0,NA,NA,NA,NA,NA,0,NA,NA,NA,NA,NA,NA,NA,0,NA,NA,BYE,BYE,BYE,BYE,BYE
14,8129,Dameon Pierce,RB,25.6,HOU,999.0,999,999,0,0,0,1,0,0,0,0,0,0.0,0,0,0,0,0,0,0.00,0,0,0,0,0.00,0.00,0,0,0,0,0,0,0,0,0.0,0.0,0,0,0,0,0,NA,0,0,0.0%,NA,NA,NA,0,NA,0,0,NA,NA,NA,NA,NA,0,NA,NA,NA,NA,NA,NA,NA,0,NA,NA,@ KC,26,·,·,·
14,11439,Jaleel McLaughlin,RB,25.0,DEN,47.0,48,48,4.1,3.6,3.1,1,1,0,74,10,0,0.0,0,0,0,0,0,0,0.00,22,0,0,0,0.00,0.00,1,1,0,1,0,1,8,9,9.0,9.0,4,0,1,31,0,13,22,5.5,14.0%,1,3.30,0.250,1,0.580,2,5,0.400,2.0,NA,2.6%,NA,0,NA,NA,NA,NA,NA,NA,NA,31,NA,NA,@ LV,12,·,5.6,-1.5
14,12634,Jordan Watkins,WR,23.6,SF,0.0,0,0,0,0,0,0,0,0,0,0,0,0.0,0,0,0,0,0,0,0.00,0,0,0,0,0.00,0.00,0,0,0,0,0,0,0,0,0.0,0.0,0,0,0,0,0,NA,0,0,0.0%,NA,NA,NA,0,NA,0,0,NA,NA,NA,NA,NA,0,NA,NA,NA,NA,NA,NA,NA,0,NA,NA,BYE,BYE,BYE,BYE,BYE
14,10871,Luke Schoonmaker,TE,27.0,DAL,41.0,41,39,2.2,1.7,1.2,1,1,1,82,17,0,0.0,0,0,0,0,0,0,0.00,0,0,0,0,0.00,0.00,1,12,0,1,0,2,0,12,12.0,6.0,0,0,0,12,0,NA,0,0,21.0%,NA,NA,NA,0,NA,1,2,0.500,1.0,8,4.3%,1.50,0,NA,NA,NA,NA,NA,0.125,NA,12,NA,NA,@ DET,22,·,1.3,0.9
14,11834,Devaughn Vele,WR,27.8,NO,47.0,44,42,7,5.5,4,1,1,0,58,54,0,0.0,0,0,0,0,0,0,0.00,0,0,0,0,0.00,0.00,3,32,0,3,0,5,8,40,13.3,8.0,0,0,0,40,0,NA,0,0,93.0%,NA,NA,NA,0,NA,3,5,0.600,3.0,22,25.0%,1.82,0,NA,NA,NA,NA,NA,0.136,NA,40,NA,NA,@ TB,11,·,9.7,-2.7
14,6151,Miles Sanders,RB,28.4,DAL,999.0,999,999,0,0,0,1,0,0,0,0,0,0.0,0,0,0,0,0,0,0.00,0,0,0,0,0.00,0.00,0,0,0,0,0,0,0,0,0.0,0.0,0,0,0,0,0,NA,0,0,0.0%,NA,NA,NA,0,NA,0,0,NA,NA,NA,NA,NA,0,NA,NA,NA,NA,NA,NA,NA,0,NA,NA,@ DET,31,IR,IR,IR
14,10231,Elijah Higgins,TE,24.9,ARI,57.0,57,999,1,0.5,0,1,1,1,62,41,0,0.0,0,0,0,0,0,0,0.00,0,0,0,0,0.00,0.00,1,-3,0,0,0,1,3,0,0.0,0.0,0,0,0,0,0,NA,0,0,66.0%,NA,NA,NA,0,NA,0,1,0.000,0.0,31,2.3%,0.00,0,NA,NA,NA,NA,NA,0.000,NA,0,NA,NA,vs LAR,19,·,4.3,-3.3
14,12738,Phil Mafah,RB,22.9,DAL,999.0,999,999,0,0,0,1,0,0,0,0,0,0.0,0,0,0,0,0,0,0.00,0,0,0,0,0.00,0.00,0,0,0,0,0,0,0,0,0.0,0.0,0,0,0,0,0,NA,0,0,0.0%,NA,NA,NA,0,NA,0,0,NA,NA,NA,NA,NA,0,NA,NA,NA,NA,NA,NA,NA,0,NA,NA,@ DET,31,IR,IR,IR
14,11579,Audric Estime,RB,22.1,PHI,65.0,61,57,1.1,1.1,1.1,1,1,0,58,10,0,0.0,0,0,0,0,0,0,0.00,11,0,0,0,0.00,0.00,0,0,0,0,0,0,0,0,0.0,0.0,3,0,1,11,0,NA,11,3.67,17.0%,NA,NA,NA,1,NA,1,3,0.333,1.0,NA,NA,NA,0,NA,NA,NA,NA,NA,NA,NA,11,NA,NA,@ LAC,20,·,0.8,0.3
14,6865,Colby Parkinson,TE,26.7,LAR,11.0,10,7,12.2,10.7,9.2,1,1,1,70,48,0,0.0,0,0,0,0,0,0,0.00,0,0,0,0,0.00,0.00,3,9,0,1,1,5,23,32,10.7,6.4,0,0,0,32,0,NA,0,0,69.0%,NA,NA,NA,0,NA,2,5,0.400,2.0,21,16.1%,1.52,0,NA,NA,NA,NA,NA,0.048,NA,32,NA,NA,@ ARI,11,·,5.5,6.7
14,12515,Donovan Edwards,RB,22.6,WAS,999.0,999,999,0,0,0,1,0,0,0,0,0,0.0,0,0,0,0,0,0,0.00,0,0,0,0,0.00,0.00,0,0,0,0,0,0,0,0,0.0,0.0,0,0,0,0,0,NA,0,0,0.0%,NA,NA,NA,0,NA,0,0,NA,NA,NA,NA,NA,0,NA,NA,NA,NA,NA,NA,NA,0,NA,NA,@ MIN,19,·,·,·
14,8208,Tyler Badie,RB,25.6,DEN,52.0,52,53,3.1,2.6,2.1,1,1,0,74,12,0,0.0,0,0,0,0,0,0,0.00,16,0,0,0,0.00,0.00,1,-4,0,0,0,1,9,5,5.0,5.0,4,0,1,21,0,14,16,4,16.0%,1,3.50,0.250,1,0.600,1,5,0.200,1.0,NA,2.6%,NA,0,NA,NA,NA,NA,NA,NA,NA,21,NA,NA,@ LV,12,·,2.9,0.2
14,8225,Daniel Bellinger,TE,25.0,NYG,0.0,0,0,0,0,0,0,0,0,0,0,0,0.0,0,0,0,0,0,0,0.00,0,0,0,0,0.00,0.00,0,0,0,0,0,0,0,0,0.0,0.0,0,0,0,0,0,NA,0,0,0.0%,NA,NA,NA,0,NA,0,0,NA,NA,NA,NA,NA,0,NA,NA,NA,NA,NA,NA,NA,0,NA,NA,BYE,BYE,BYE,BYE,BYE
14,12539,Arian Smith,WR,24.0,NYJ,999.0,999,999,0,0,0,1,1,0,58,1,0,0.0,0,0,0,0,0,0,0.00,0,0,0,0,0.00,0.00,0,0,0,0,0,0,0,0,0.0,0.0,0,0,0,0,0,NA,0,0,2.0%,NA,NA,NA,0,NA,0,0,NA,0.0,1,0.0%,0.00,0,NA,NA,NA,NA,NA,0.000,NA,0,NA,NA,vs MIA,25,·,0.5,-0.5
14,4234,Noah Brown,WR,29.7,WAS,79.0,77,69,2.9,2.4,1.9,1,1,1,52,32,0,0.0,0,0,0,0,0,0,0.00,0,0,0,0,0.00,0.00,1,19,0,1,0,2,0,19,19.0,9.5,0,0,0,19,0,NA,0,0,62.0%,NA,NA,NA,0,NA,1,2,0.500,1.0,25,8.3%,0.76,0,NA,NA,NA,NA,NA,0.040,NA,19,NA,NA,@ MIN,31,·,3.3,-0.4
14,11370,Chris Brooks,RB,25.7,GB,61.0,62,65,1.6,1.1,0.6,1,1,0,53,8,0,0.0,0,0,0,0,0,0,0.00,0,0,0,0,0.00,0.00,1,-5,0,0,0,1,11,6,6.0,6.0,0,0,0,6,0,0,0,0,15.0%,1,0.00,NA,0,NA,0,1,0.000,0.0,NA,4.0%,NA,0,NA,NA,NA,NA,NA,NA,NA,6,NA,NA,vs CHI,17,·,2.4,-0.8
14,6130,Devin Singletary,RB,28.1,NYG,0.0,0,0,0,0,0,0,0,0,0,0,0,0.0,0,0,0,0,0,0,0.00,0,0,0,0,0.00,0.00,0,0,0,0,0,0,0,0,0.0,0.0,0,0,0,0,0,NA,0,0,0.0%,NA,NA,NA,0,NA,0,0,NA,NA,NA,NA,NA,0,NA,NA,NA,NA,NA,NA,NA,0,NA,NA,BYE,BYE,BYE,BYE,BYE
14,6943,Gabriel Davis,WR,26.5,BUF,62.0,64,66,4.1,3.1,2.1,1,1,1,64,37,0,0.0,0,0,0,0,0,0,0.00,0,0,0,0,0.00,0.00,2,21,0,1,0,2,0,21,10.5,10.5,0,0,0,21,0,NA,0,0,58.0%,NA,NA,NA,0,NA,1,2,0.500,1.0,27,7.1%,0.78,0,NA,NA,NA,NA,NA,0.037,NA,21,NA,NA,vs CIN,27,·,6.6,-2.5
14,6945,Antonio Gibson,RB,27.3,NE,0.0,0,0,0,0,0,0,0,0,0,0,0,0.0,0,0,0,0,0,0,0.00,0,0,0,0,0.00,0.00,0,0,0,0,0,0,0,0,0.0,0.0,0,0,0,0,0,NA,0,0,0.0%,NA,NA,NA,0,NA,0,0,NA,NA,NA,NA,NA,0,NA,NA,NA,NA,NA,NA,NA,0,NA,NA,BYE,BYE,BYE,BYE,BYE
14,4082,Curtis Samuel,WR,29.1,BUF,999.0,999,999,0,0,0,1,0,0,0,0,0,0.0,0,0,0,0,0,0,0.00,0,0,0,0,0.00,0.00,0,0,0,0,0,0,0,0,0.0,0.0,0,0,0,0,0,NA,0,0,0.0%,NA,NA,NA,0,NA,0,0,NA,NA,NA,NA,NA,0,NA,NA,NA,NA,NA,NA,NA,0,NA,NA,vs CIN,27,IR,IR,IR
14,7496,Nick Westbrook-Ikhine,WR,28.5,MIA,999.0,999,999,0,0,0,1,1,0,65,22,0,0.0,0,0,0,0,0,0,0.00,0,0,0,0,0.00,0.00,0,0,0,0,0,0,0,0,0.0,0.0,0,0,0,0,0,NA,0,0,34.0%,NA,NA,NA,0,NA,0,0,NA,0.0,7,0.0%,0.00,0,NA,NA,NA,NA,NA,0.000,NA,0,NA,NA,@ NYJ,23,·,4.8,-4.8
14,5096,Ray-Ray McCloud,WR,29.0,ATL,0.0,0,0,0,0,0,0,0,0,0,0,0,0.0,0,0,0,0,0,0,0.00,0,0,0,0,0.00,0.00,0,0,0,0,0,0,0,0,0.0,0.0,0,0,0,0,0,NA,0,0,0.0%,NA,NA,NA,0,NA,0,0,NA,NA,NA,NA,NA,0,NA,NA,NA,NA,NA,NA,NA,0,NA,NA,vs SEA,12,·,·,·
14,5010,Will Dissly,TE,29.2,LAC,56.0,56,57,1.1,0.6,0.1,1,1,0,74,27,0,0.0,0,0,0,0,0,0,0.00,0,0,0,0,0.00,0.00,1,1,0,0,0,1,0,1,1.0,1.0,0,0,0,1,0,NA,0,0,36.0%,NA,NA,NA,0,NA,0,1,0.000,0.0,6,0.0%,0.17,0,NA,NA,NA,NA,NA,0.000,NA,1,NA,NA,vs PHI,30,·,0.2,0.9
14,8139,Zamir White,RB,26.0,LV,0.0,0,0,0,0,0,0,0,0,0,0,0,0.0,0,0,0,0,0,0,0.00,0,0,0,0,0.00,0.00,0,0,0,0,0,0,0,0,0.0,0.0,0,0,0,0,0,NA,0,0,0.0%,NA,NA,NA,0,NA,0,0,NA,NA,NA,NA,NA,0,NA,NA,NA,NA,NA,NA,NA,0,NA,NA,vs DEN,27,·,0.1,-0.1
14,1166,Kirk Cousins,QB,37.1,ATL,27.0,27,27,4.48,4.48,4.48,1,1,1,64,64,0,50.0,66,30,15,6,15,2,38.50,162,1,0,162,5.40,10.80,0,0,0,0,0,0,0,0,0.0,0.0,0,0,0,0,0,NA,0,0,100.0%,NA,NA,NA,0,NA,6,30,NA,NA,NA,NA,NA,6,20.0%,2.52,13.3%,32.3%,6.90,NA,31,162,-9.1%,-0.57,vs SEA,12,·,16.5,-12.0
14,11633,Jamari Thrash,WR,24.8,CLE,0.0,0,0,0,0,0,0,0,0,0,0,0,0.0,0,0,0,0,0,0,0.00,0,0,0,0,0.00,0.00,0,0,0,0,0,0,0,0,0.0,0.0,0,0,0,0,0,NA,0,0,0.0%,NA,NA,NA,0,NA,0,0,NA,NA,NA,NA,NA,0,NA,NA,NA,NA,NA,NA,NA,0,NA,NA,vs TEN,8,OUT,OUT,OUT
14,8122,Zonovan Knight,RB,24.5,ARI,40.0,41,46,6.4,4.9,3.4,1,1,1,62,29,0,0.0,0,0,0,0,0,0,0.00,16,0,0,0,0.00,0.00,3,4,0,1,0,6,14,18,6.0,3.0,7,0,1,34,0,18,16,2.29,47.0%,0,2.60,0.000,1,0.260,2,13,0.154,2.0,NA,13.6%,NA,0,NA,NA,NA,NA,NA,NA,NA,34,NA,NA,vs LAR,30,·,11.8,-5.4
14,7538,Zach Wilson,QB,26.2,MIA,32.0,32,32,-0.2,-0.2,-0.2,1,1,0,65,7,0,0.0,0,0,0,0,0,0,0.00,-2,0,0,0,0.00,0.00,0,0,0,0,0,0,0,0,0.0,0.0,2,0,0,-2,0,NA,-2,-1,11.0%,NA,NA,NA,0,NA,0,2,NA,NA,NA,NA,NA,0,NA,NA,NA,NA,NA,NA,NA,-2,NA,NA,@ NYJ,14,·,·,·
14,11592,Erick All,TE,25.0,CIN,999.0,999,999,0,0,0,1,0,0,0,0,0,0.0,0,0,0,0,0,0,0.00,0,0,0,0,0.00,0.00,0,0,0,0,0,0,0,0,0.0,0.0,0,0,0,0,0,NA,0,0,0.0%,NA,NA,NA,0,NA,0,0,NA,NA,NA,NA,NA,0,NA,NA,NA,NA,NA,NA,NA,0,NA,NA,@ BUF,32,PUP,PUP,PUP
14,10225,Jonathan Mingo,WR,24.4,DAL,999.0,999,999,0,0,0,1,1,0,82,17,0,0.0,0,0,0,0,0,0,0.00,0,0,0,0,0.00,0.00,0,0,1,0,0,1,0,0,0.0,0.0,0,0,0,0,0,NA,0,0,21.0%,NA,NA,NA,0,NA,0,1,0.000,0.0,12,2.1%,0.00,0,NA,NA,NA,NA,NA,0.000,NA,0,NA,NA,@ DET,2,·,·,·
14,1689,Adam Thielen,WR,35.1,MIN,94.0,94,94,1.4,0.9,0.4,1,1,1,52,25,0,0.0,0,0,0,0,0,0,0.00,0,0,0,0,0.00,0.00,1,3,0,0,0,1,1,4,4.0,4.0,0,0,0,4,0,NA,0,0,48.0%,NA,NA,NA,0,NA,0,1,0.000,0.0,10,2.9%,0.40,0,NA,NA,NA,NA,NA,0.000,NA,4,NA,NA,vs WAS,5,·,3.1,-1.7
14,11299,Zavier Scott,RB,26.2,MIN,53.0,53,54,3,2.5,2,1,1,0,64,6,0,0.0,0,0,0,0,0,0,0.00,15,0,0,0,0.00,0.00,1,-6,0,0,0,1,11,5,5.0,5.0,3,0,1,20,0,15,15,5,9.0%,0,5.10,0.000,1,0.510,1,4,0.250,1.0,NA,4.3%,NA,0,NA,NA,NA,NA,NA,NA,NA,20,NA,NA,vs WAS,3,·,1.6,1.4
14,11256,Tyson Bagent,QB,25.3,CHI,999.0,999,999,0,0,0,1,0,0,70,0,0,0.0,0,0,0,0,0,0,0.00,0,0,0,0,0.00,0.00,0,0,0,0,0,0,0,0,0.0,0.0,0,0,0,0,0,NA,0,0,0.0%,NA,NA,NA,0,NA,0,0,NA,NA,NA,NA,NA,0,NA,NA,NA,NA,NA,NA,NA,0,NA,NA,@ GB,27,·,·,·
14,7601,Rondale Moore,WR,25.3,MIN,999.0,999,999,0,0,0,1,0,0,0,0,0,0.0,0,0,0,0,0,0,0.00,0,0,0,0,0.00,0.00,0,0,0,0,0,0,0,0,0.0,0.0,0,0,0,0,0,NA,0,0,0.0%,NA,NA,NA,0,NA,0,0,NA,NA,NA,NA,NA,0,NA,NA,NA,NA,NA,NA,NA,0,NA,NA,vs WAS,5,IR,IR,IR
14,11645,Javon Baker,WR,23.6,PHI,0.0,0,0,0,0,0,0,0,0,0,0,0,0.0,0,0,0,0,0,0,0.00,0,0,0,0,0.00,0.00,0,0,0,0,0,0,0,0,0.0,0.0,0,0,0,0,0,NA,0,0,0.0%,NA,NA,NA,0,NA,0,0,NA,NA,NA,NA,NA,0,NA,NA,NA,NA,NA,NA,NA,0,NA,NA,@ LAC,32,·,·,·
14,8230,Ty Chandler,RB,27.4,MIN,999.0,999,999,0,0,0,1,0,0,0,0,0,0.0,0,0,0,0,0,0,0.00,0,0,0,0,0.00,0.00,0,0,0,0,0,0,0,0,0.0,0.0,0,0,0,0,0,NA,0,0,0.0%,NA,NA,NA,0,NA,0,0,NA,NA,NA,NA,NA,0,NA,NA,NA,NA,NA,NA,NA,0,NA,NA,vs WAS,3,IR,IR,IR
14,3286,Demarcus Robinson,WR,31.0,SF,0.0,0,0,0,0,0,0,0,0,0,0,0,0.0,0,0,0,0,0,0,0.00,0,0,0,0,0.00,0.00,0,0,0,0,0,0,0,0,0.0,0.0,0,0,0,0,0,NA,0,0,0.0%,NA,NA,NA,0,NA,0,0,NA,NA,NA,NA,NA,0,NA,NA,NA,NA,NA,NA,NA,0,NA,NA,BYE,BYE,BYE,BYE,BYE
14,8160,Kenny Pickett,QB,27.3,LV,25.0,25,24,8.48,8.48,8.48,1,1,0,50,13,0,72.7,86,11,8,3,3,0,129.70,103,1,1,97,8.82,12.13,0,0,0,0,0,0,0,0,0.0,0.0,1,0,1,6,0,NA,6,6,26.0%,NA,NA,NA,1,NA,5,12,NA,NA,NA,NA,NA,4,36.4%,3.03,18.2%,38.5%,9.30,NA,13,103,+15.9%,+0.13,vs DEN,29,·,·,·
14,5133,Tyler Conklin,TE,30.2,LAC,0.0,0,0,0,0,0,0,0,0,0,0,0,0.0,0,0,0,0,0,0,0.00,0,0,0,0,0.00,0.00,0,0,0,0,0,0,0,0,0.0,0.0,0,0,0,0,0,NA,0,0,0.0%,NA,NA,NA,0,NA,0,0,NA,NA,NA,NA,NA,0,NA,NA,NA,NA,NA,NA,NA,0,NA,NA,vs PHI,30,·,0.7,-0.7
14,7561,Elijah Mitchell,RB,27.4,KC,0.0,0,0,0,0,0,0,0,0,0,0,0,0.0,0,0,0,0,0,0,0.00,0,0,0,0,0.00,0.00,0,0,0,0,0,0,0,0,0.0,0.0,0,0,0,0,0,NA,0,0,0.0%,NA,NA,NA,0,NA,0,0,NA,NA,NA,NA,NA,0,NA,NA,NA,NA,NA,NA,NA,0,NA,NA,vs HOU,22,·,·,·
14,12470,Riley Leonard,QB,23.0,IND,21.0,21,21,11.3,11.3,11.3,1,1,0,70,54,0,62.1,76,29,18,8,11,1,60.30,150,1,0,145,5.00,8.06,0,0,0,0,0,0,0,0,0.0,0.0,2,0,0,5,1,NA,5,2.5,77.0%,NA,NA,NA,1,NA,9,31,NA,NA,NA,NA,NA,8,27.6%,2.77,6.9%,32.3%,6.20,NA,31,150,-1.4%,-0.11,@ JAX,10,·,·,·
14,7595,Tylan Wallace,WR,26.4,BAL,999.0,999,999,0,0,0,1,1,0,80,3,0,0.0,0,0,0,0,0,0,0.00,0,0,0,0,0.00,0.00,0,0,0,0,0,0,0,0,0.0,0.0,0,0,0,0,0,NA,0,0,4.0%,NA,NA,NA,0,NA,0,0,NA,0.0,1,0.0%,0.00,0,NA,NA,NA,NA,NA,0.000,NA,0,NA,NA,vs PIT,6,·,1.7,-1.7
14,11570,Rasheen Ali,RB,24.6,BAL,50.0,54,56,3.3,2.3,1.3,1,1,0,80,27,0,0.0,0,0,0,0,0,0,0.00,2,0,0,0,0.00,0.00,2,-2,0,0,0,3,13,11,5.5,3.7,1,0,0,13,0,3,2,2,34.0%,1,3.40,1.000,0,1.340,0,4,0.000,0.0,NA,8.6%,NA,0,NA,NA,NA,NA,NA,NA,NA,13,NA,NA,vs PIT,23,·,2.8,0.5
14,10214,Davis Allen,TE,24.6,LAR,26.0,26,26,4.1,3.1,2.1,1,1,0,70,50,0,0.0,0,0,0,0,0,0,0.00,0,0,0,0,0.00,0.00,2,1,0,1,0,2,20,21,10.5,10.5,0,0,0,21,0,NA,0,0,71.0%,NA,NA,NA,0,NA,1,2,0.500,1.0,16,6.5%,1.31,0,NA,NA,NA,NA,NA,0.063,NA,21,NA,NA,@ ARI,11,·,2.5,1.6
14,10867,Jake Bobo,WR,27.2,SEA,999.0,999,999,0,0,0,1,1,0,61,10,0,0.0,0,0,0,0,0,0,0.00,0,0,0,0,0.00,0.00,0,0,0,0,0,0,0,0,0.0,0.0,0,0,0,0,0,NA,0,0,16.0%,NA,NA,NA,0,NA,0,0,NA,0.0,2,0.0%,0.00,0,NA,NA,NA,NA,NA,0.000,NA,0,NA,NA,@ ATL,13,·,0.1,-0.1
14,8162,Sam Howell,QB,25.0,PHI,0.0,0,0,0,0,0,0,0,0,0,0,0,0.0,0,0,0,0,0,0,0.00,0,0,0,0,0.00,0.00,0,0,0,0,0,0,0,0,0.0,0.0,0,0,0,0,0,NA,0,0,0.0%,NA,NA,NA,0,NA,0,0,NA,NA,NA,NA,NA,0,NA,NA,NA,NA,NA,NA,NA,0,NA,NA,@ LAC,30,·,·,·
14,6938,Cam Akers,RB,26.3,MIN,0.0,0,0,0,0,0,0,0,0,0,0,0,0.0,0,0,0,0,0,0,0.00,0,0,0,0,0.00,0.00,0,0,0,0,0,0,0,0,0.0,0.0,0,0,0,0,0,NA,0,0,0.0%,NA,NA,NA,0,NA,0,0,NA,NA,NA,NA,NA,0,NA,NA,NA,NA,NA,NA,NA,0,NA,NA,vs WAS,3,OUT,OUT,OUT
14,11617,Malachi Corley,WR,23.5,CLE,100.0,99,99,0.2,0.2,0.2,1,1,1,69,4,0,0.0,0,0,0,0,0,0,0.00,2,0,0,0,0.00,0.00,0,0,0,0,0,0,0,0,0.0,0.0,1,0,0,2,0,NA,2,2,6.0%,NA,NA,NA,0,NA,0,1,0.000,0.0,2,0.0%,0.00,0,NA,NA,NA,NA,NA,0.000,NA,2,NA,NA,vs TEN,8,·,3.1,-2.9
14,1234,Russell Wilson,QB,36.8,NYG,0.0,0,0,0,0,0,0,0,0,0,0,0,0.0,0,0,0,0,0,0,0.00,0,0,0,0,0.00,0.00,0,0,0,0,0,0,0,0,0.0,0.0,0,0,0,0,0,NA,0,0,0.0%,NA,NA,NA,0,NA,0,0,NA,NA,NA,NA,NA,0,NA,NA,NA,NA,NA,NA,NA,0,NA,NA,BYE,BYE,BYE,BYE,BYE
14,8254,Julius Chestnut,RB,24.9,TEN,999.0,999,999,0,0,0,1,0,0,66,0,0,0.0,0,0,0,0,0,0,0.00,0,0,0,0,0.00,0.00,0,0,0,0,0,0,0,0,0.0,0.0,0,0,0,0,0,NA,0,0,0.0%,NA,NA,NA,0,NA,0,0,NA,0.0,NA,NA,NA,0,NA,NA,NA,NA,NA,NA,NA,0,NA,NA,@ CLE,25,·,0.7,-0.7
14,4080,Zay Jones,WR,30.5,ARI,999.0,999,999,0,0,0,1,0,0,0,0,0,0.0,0,0,0,0,0,0,0.00,0,0,0,0,0.00,0.00,0,0,0,0,0,0,0,0,0.0,0.0,0,0,0,0,0,NA,0,0,0.0%,NA,NA,NA,0,NA,0,0,NA,NA,NA,NA,NA,0,NA,NA,NA,NA,NA,NA,NA,0,NA,NA,vs LAR,16,IR,IR,IR
14,6960,Tyler Johnson,WR,27.1,NYJ,0.0,0,0,0,0,0,0,0,0,0,0,0,0.0,0,0,0,0,0,0,0.00,0,0,0,0,0.00,0.00,0,0,0,0,0,0,0,0,0.0,0.0,0,0,0,0,0,NA,0,0,0.0%,NA,NA,NA,0,NA,0,0,NA,NA,NA,NA,NA,0,NA,NA,NA,NA,NA,NA,NA,0,NA,NA,vs MIA,25,OUT,OUT,OUT
14,7568,Brevin Jordan,TE,25.2,HOU,999.0,999,999,0,0,0,1,0,0,0,0,0,0.0,0,0,0,0,0,0,0.00,0,0,0,0,0.00,0.00,0,0,0,0,0,0,0,0,0.0,0.0,0,0,0,0,0,NA,0,0,0.0%,NA,NA,NA,0,NA,0,0,NA,NA,NA,NA,NA,0,NA,NA,NA,NA,NA,NA,NA,0,NA,NA,@ KC,27,IR,IR,IR
14,6828,AJ Dillon,RB,27.4,PHI,0.0,0,0,0,0,0,0,0,0,0,0,0,0.0,0,0,0,0,0,0,0.00,0,0,0,0,0.00,0.00,0,0,0,0,0,0,0,0,0.0,0.0,0,0,0,0,0,NA,0,0,0.0%,NA,NA,NA,0,NA,0,0,NA,NA,NA,NA,NA,0,NA,NA,NA,NA,NA,NA,NA,0,NA,NA,@ LAC,20,·,0.1,-0.1
14,9230,Tanner McKee,QB,25.4,PHI,999.0,999,999,0,0,0,1,0,0,71,0,0,0.0,0,0,0,0,0,0,0.00,0,0,0,0,0.00,0.00,0,0,0,0,0,0,0,0,0.0,0.0,0,0,0,0,0,NA,0,0,0.0%,NA,NA,NA,0,NA,0,0,NA,NA,NA,NA,NA,0,NA,NA,NA,NA,NA,NA,NA,0,NA,NA,@ LAC,30,·,·,·
14,9227,Israel Abanikanda,RB,23.0,FA,999.0,999,999,0,0,0,1,0,0,0,0,0,0.0,0,0,0,0,0,0,0.00,0,0,0,0,0.00,0.00,0,0,0,0,0,0,0,0,0.0,0.0,0,0,0,0,0,NA,0,0,0.0%,NA,NA,NA,0,NA,0,0,NA,NA,NA,NA,NA,0,NA,NA,NA,NA,NA,NA,NA,0,NA,NA,NA,,·,·,·
14,7610,Trey Lance,QB,25.4,LAC,999.0,999,999,0,0,0,1,0,0,74,0,0,0.0,0,0,0,0,0,0,0.00,0,0,0,0,0.00,0.00,0,0,0,0,0,0,0,0,0.0,0.0,0,0,0,0,0,NA,0,0,0.0%,NA,NA,NA,0,NA,0,0,NA,NA,NA,NA,NA,0,NA,NA,NA,NA,NA,NA,NA,0,NA,NA,vs PHI,17,·,·,·
14,4171,Josh Reynolds,WR,30.6,NYJ,999.0,999,999,0,0,0,1,0,0,0,0,0,0.0,0,0,0,0,0,0,0.00,0,0,0,0,0.00,0.00,0,0,0,0,0,0,0,0,0.0,0.0,0,0,0,0,0,NA,0,0,0.0%,NA,NA,NA,0,NA,0,0,NA,NA,NA,NA,NA,0,NA,NA,NA,NA,NA,NA,NA,0,NA,NA,vs MIA,25,IR,IR,IR
14,8172,Greg Dulcich,TE,25.5,MIA,19.0,19,19,7.1,5.6,4.1,1,1,0,65,35,0,0.0,0,0,0,0,0,0,0.00,0,0,0,0,0.00,0.00,3,4,0,2,0,3,37,41,13.7,13.7,0,0,0,41,0,NA,0,0,54.0%,NA,NA,NA,0,NA,2,3,0.667,2.0,12,14.3%,3.42,0,NA,NA,NA,NA,NA,0.167,NA,41,NA,NA,@ NYJ,17,·,1.5,5.6
14,4381,Taysom Hill,TE,35.1,NO,59.0,59,58,-0.1,-0.1,-0.1,1,1,0,58,24,1,0.0,0,0,0,0,0,0,0.00,-1,0,0,0,0.00,0.00,0,0,2,0,0,2,0,0,0.0,0.0,2,0,0,-1,0,NA,-1,-0.5,41.0%,NA,NA,NA,0,NA,0,4,0.000,0.0,NA,NA,NA,0,NA,NA,NA,NA,NA,NA,NA,-1,NA,NA,@ TB,20,·,5.5,-5.6
14,12718,Konata Mumpfield,WR,22.9,LAR,91.0,91,91,1.5,1,0.5,1,1,0,70,32,0,0.0,0,0,0,0,0,0,0.00,0,0,0,0,0.00,0.00,1,4,0,0,0,1,1,5,5.0,5.0,0,0,0,5,0,NA,0,0,46.0%,NA,NA,NA,0,NA,0,1,0.000,0.0,8,3.2%,0.63,0,NA,NA,NA,NA,NA,0.000,NA,5,NA,NA,@ ARI,19,·,1.7,-0.2
14,11994,Kameron Johnson,WR,23.5,TB,999.0,999,999,0,0,0,1,1,0,74,6,1,0.0,0,0,0,0,0,0,0.00,0,0,0,0,0.00,0.00,0,0,0,0,0,1,0,0,0.0,0.0,0,0,0,0,0,NA,0,0,8.0%,NA,NA,NA,0,NA,0,1,0.000,0.0,4,3.3%,0.00,0,NA,NA,NA,NA,NA,0.000,NA,0,NA,NA,vs NO,18,·,0.2,-0.2
14,11595,Jared Wiley,TE,24.9,KC,999.0,999,999,0,0,0,1,0,0,64,0,0,0.0,0,0,0,0,0,0,0.00,0,0,0,0,0.00,0.00,0,0,0,0,0,0,0,0,0.0,0.0,0,0,0,0,0,NA,0,0,0.0%,NA,NA,NA,0,NA,0,0,NA,0.0,NA,NA,NA,0,NA,NA,NA,NA,NA,NA,NA,0,NA,NA,vs HOU,28,·,0.4,-0.4
14,11615,Ainias Smith,WR,24.3,CAR,0.0,0,0,0,0,0,0,0,0,0,0,0,0.0,0,0,0,0,0,0,0.00,0,0,0,0,0.00,0.00,0,0,0,0,0,0,0,0,0.0,0.0,0,0,0,0,0,NA,0,0,0.0%,NA,NA,NA,0,NA,0,0,NA,NA,NA,NA,NA,0,NA,NA,NA,NA,NA,NA,NA,0,NA,NA,BYE,BYE,BYE,BYE,BYE
14,9999,Will Levis,QB,26.2,TEN,999.0,999,999,0,0,0,1,0,0,0,0,0,0.0,0,0,0,0,0,0,0.00,0,0,0,0,0.00,0.00,0,0,0,0,0,0,0,0,0.0,0.0,0,0,0,0,0,NA,0,0,0.0%,NA,NA,NA,0,NA,0,0,NA,NA,NA,NA,NA,0,NA,NA,NA,NA,NA,NA,NA,0,NA,NA,@ CLE,28,IR,IR,IR
14,8204,Bo Melton,WR,26.2,GB,25.0,20,16,11.5,11,10.5,1,1,0,53,9,0,0.0,0,0,0,0,0,0,0.00,0,0,0,0,0.00,0.00,1,44,0,0,1,2,1,45,45.0,22.5,0,0,0,45,0,NA,0,0,17.0%,NA,NA,NA,0,NA,1,2,0.500,1.0,NA,NA,NA,0,NA,NA,NA,NA,NA,NA,NA,45,NA,NA,vs CHI,4,·,0.3,11.2
14,8168,Skyy Moore,WR,25.0,SF,0.0,0,0,0,0,0,0,0,0,0,0,0,0.0,0,0,0,0,0,0,0.00,0,0,0,0,0.00,0.00,0,0,0,0,0,0,0,0,0.0,0.0,0,0,0,0,0,NA,0,0,0.0%,NA,NA,NA,0,NA,0,0,NA,NA,NA,NA,NA,0,NA,NA,NA,NA,NA,NA,NA,0,NA,NA,BYE,BYE,BYE,BYE,BYE
14,5854,Drew Lock,QB,28.9,SEA,999.0,999,999,0,0,0,1,1,0,61,8,1,0.0,0,0,0,0,0,0,0.00,0,0,0,0,0.00,0.00,0,0,0,0,0,0,0,0,0.0,0.0,1,0,0,0,0,NA,0,0,13.0%,NA,NA,NA,0,NA,0,1,NA,NA,NA,NA,NA,0,NA,NA,NA,NA,NA,NA,NA,0,NA,NA,@ ATL,16,·,·,·
14,2374,Tyler Lockett,WR,33.0,TEN,46.0,43,41,7.1,5.6,4.1,1,1,0,50,30,0,0.0,0,0,0,0,0,0,0.00,0,0,0,0,0.00,0.00,3,40,0,1,0,4,1,41,13.7,10.3,0,0,0,41,0,NA,0,0,60.0%,NA,NA,NA,0,NA,1,4,0.250,1.0,28,12.5%,1.46,0,NA,NA,NA,NA,NA,0.036,NA,41,NA,NA,@ CLE,30,·,8.1,-1.0
14,4177,Mack Hollins,WR,32.0,NE,0.0,0,0,0,0,0,0,0,0,0,0,0,0.0,0,0,0,0,0,0,0.00,0,0,0,0,0.00,0.00,0,0,0,0,0,0,0,0,0.0,0.0,0,0,0,0,0,NA,0,0,0.0%,NA,NA,NA,0,NA,0,0,NA,NA,NA,NA,NA,0,NA,NA,NA,NA,NA,NA,NA,0,NA,NA,BYE,BYE,BYE,BYE,BYE
14,11748,Bub Means,WR,24.7,NO,999.0,999,999,0,0,0,1,0,0,0,0,0,0.0,0,0,0,0,0,0,0.00,0,0,0,0,0.00,0.00,0,0,0,0,0,0,0,0,0.0,0.0,0,0,0,0,0,NA,0,0,0.0%,NA,NA,NA,0,NA,0,0,NA,NA,NA,NA,NA,0,NA,NA,NA,NA,NA,NA,NA,0,NA,NA,@ TB,11,IR,IR,IR
14,11573,Frank Gore Jr.,RB,23.5,BUF,999.0,999,999,0,0,0,1,0,0,0,0,0,0.0,0,0,0,0,0,0,0.00,0,0,0,0,0.00,0.00,0,0,0,0,0,0,0,0,0.0,0.0,0,0,0,0,0,NA,0,0,0.0%,NA,NA,NA,0,NA,0,0,NA,NA,NA,NA,NA,0,NA,NA,NA,NA,NA,NA,NA,0,NA,NA,vs CIN,1,·,·,·
14,7891,Brock Wright,TE,26.8,DET,999.0,999,999,0,0,0,1,0,0,0,0,0,0.0,0,0,0,0,0,0,0.00,0,0,0,0,0.00,0.00,0,0,0,0,0,0,0,0,0.0,0.0,0,0,0,0,0,NA,0,0,0.0%,NA,NA,NA,0,NA,0,0,NA,NA,NA,NA,NA,0,NA,NA,NA,NA,NA,NA,NA,0,NA,NA,vs DAL,9,IR,IR,IR
14,12699,LaJohntay Wester,WR,23.5,BAL,999.0,999,999,0,0,0,1,1,0,80,5,0,0.0,0,0,0,0,0,0,0.00,0,0,0,0,0.00,0.00,0,0,0,0,0,0,0,0,0.0,0.0,0,0,0,0,0,NA,0,0,6.0%,NA,NA,NA,0,NA,0,0,NA,0.0,5,0.0%,0.00,0,NA,NA,NA,NA,NA,0.000,NA,0,NA,NA,vs PIT,6,·,0.1,-0.1
14,6869,Adam Trautman,TE,28.6,DEN,31.0,31,34,3.7,2.7,1.7,1,1,1,74,55,0,0.0,0,0,0,0,0,0,0.00,0,0,0,0,0.00,0.00,2,10,0,1,0,2,7,17,8.5,8.5,0,0,0,17,0,NA,0,0,74.0%,NA,NA,NA,0,NA,1,2,0.500,1.0,19,5.3%,0.89,0,NA,NA,NA,NA,NA,0.053,NA,17,NA,NA,@ LV,29,·,3.1,0.6
14,10866,Aidan O'Connell,QB,27.1,LV,0.0,0,0,0,0,0,0,0,0,0,0,0,0.0,0,0,0,0,0,0,0.00,0,0,0,0,0.00,0.00,0,0,0,0,0,0,0,0,0.0,0.0,0,0,0,0,0,NA,0,0,0.0%,NA,NA,NA,0,NA,0,0,NA,NA,NA,NA,NA,0,NA,NA,NA,NA,NA,NA,NA,0,NA,NA,vs DEN,29,·,·,·
14,11895,Mason Tipton,WR,25.0,NO,999.0,999,999,0,0,0,1,1,1,58,26,0,0.0,0,0,0,0,0,0,0.00,0,0,0,0,0.00,0.00,0,0,0,0,0,0,0,0,0.0,0.0,0,0,0,0,0,NA,0,0,45.0%,NA,NA,NA,0,NA,0,0,NA,0.0,13,0.0%,0.00,0,NA,NA,NA,NA,NA,0.000,NA,0,NA,NA,@ TB,11,·,4.1,-4.1
14,8177,Grant Calcaterra,TE,26.8,PHI,999.0,999,999,0,0,0,1,1,0,71,15,0,0.0,0,0,0,0,0,0,0.00,0,0,0,0,0.00,0.00,0,0,0,0,0,0,0,0,0.0,0.0,0,0,0,0,0,NA,0,0,21.0%,NA,NA,NA,0,NA,0,0,NA,0.0,NA,NA,NA,0,NA,NA,NA,NA,NA,NA,NA,0,NA,NA,@ LAC,26,·,0.9,-0.9
14,11574,Dylan Laube,RB,25.8,LV,999.0,999,999,0,0,0,1,0,0,50,0,0,0.0,0,0,0,0,0,0,0.00,0,0,0,0,0.00,0.00,0,0,0,0,0,0,0,0,0.0,0.0,0,0,0,0,0,NA,0,0,0.0%,NA,NA,NA,0,NA,0,0,NA,0.0,NA,NA,NA,0,NA,NA,NA,NA,NA,NA,NA,0,NA,NA,vs DEN,27,·,0.3,-0.3
14,11649,Kendall Milton,RB,23.6,CIN,999.0,999,999,0,0,0,1,0,0,0,0,0,0.0,0,0,0,0,0,0,0.00,0,0,0,0,0.00,0.00,0,0,0,0,0,0,0,0,0.0,0.0,0,0,0,0,0,NA,0,0,0.0%,NA,NA,NA,0,NA,0,0,NA,NA,NA,NA,NA,0,NA,NA,NA,NA,NA,NA,NA,0,NA,NA,@ BUF,4,·,·,·
14,8145,Jeremy Ruckert,TE,25.1,NYJ,28.0,28,28,3.9,2.9,1.9,1,1,1,58,31,0,0.0,0,0,0,0,0,0,0.00,0,0,0,0,0.00,0.00,2,7,1,1,0,3,12,19,9.5,6.3,0,0,0,19,0,NA,0,0,53.0%,NA,NA,NA,0,NA,1,3,0.333,1.0,14,8.8%,1.36,0,NA,NA,NA,NA,NA,0.071,NA,19,NA,NA,vs MIA,3,·,2.6,1.3
14,2197,Brandin Cooks,WR,32.0,NO,999.0,999,999,0,0,0,1,1,0,64,23,0,0.0,0,0,0,0,0,0,0.00,0,0,0,0,0.00,0.00,0,0,0,0,0,0,0,0,0.0,0.0,0,0,0,0,0,NA,0,0,36.0%,NA,NA,NA,0,NA,0,0,NA,0.0,15,0.0%,0.00,0,NA,NA,NA,NA,NA,0.000,NA,0,NA,NA,@ TB,11,·,3.8,-3.8
14,1837,Jimmy Garoppolo,QB,33.9,LAR,33.0,33,33,-0.4,-0.4,-0.4,1,1,0,70,12,0,0.0,0,0,0,0,0,0,0.00,-4,0,0,0,0.00,0.00,0,0,0,0,0,0,0,0,0.0,0.0,3,0,0,-4,0,NA,-4,-1.33,17.0%,NA,NA,NA,0,NA,0,3,NA,NA,NA,NA,NA,0,NA,NA,NA,NA,NA,NA,NA,-4,NA,NA,@ ARI,23,·,·,·
14,8135,Treylon Burks,WR,25.5,WAS,999.0,999,999,0,0,0,1,1,0,52,19,0,0.0,0,0,0,0,0,0,0.00,0,0,0,0,0.00,0.00,0,0,0,0,0,1,0,0,0.0,0.0,0,0,0,0,0,NA,0,0,37.0%,NA,NA,NA,0,NA,0,1,0.000,0.0,8,4.2%,0.00,0,NA,NA,NA,NA,NA,0.000,NA,0,NA,NA,@ MIN,31,·,4.5,-4.5
14,11636,Johnny Wilson,WR,24.5,PHI,999.0,999,999,0,0,0,1,0,0,0,0,0,0.0,0,0,0,0,0,0,0.00,0,0,0,0,0.00,0.00,0,0,0,0,0,0,0,0,0.0,0.0,0,0,0,0,0,NA,0,0,0.0%,NA,NA,NA,0,NA,0,0,NA,NA,NA,NA,NA,0,NA,NA,NA,NA,NA,NA,NA,0,NA,NA,@ LAC,32,IR,IR,IR
14,5185,Allen Lazard,WR,29.8,NYJ,999.0,999,999,0,0,0,1,1,0,58,9,0,0.0,0,0,0,0,0,0,0.00,0,0,0,0,0.00,0.00,0,0,0,0,0,1,0,0,0.0,0.0,0,0,0,0,0,NA,0,0,16.0%,NA,NA,NA,0,NA,0,1,0.000,0.0,9,2.9%,0.00,0,NA,NA,NA,NA,NA,0.000,NA,0,NA,NA,vs MIA,25,·,2.7,-2.7
14,9505,Deuce Vaughn,RB,23.9,DEN,999.0,999,999,0,0,0,1,0,0,0,0,0,0.0,0,0,0,0,0,0,0.00,0,0,0,0,0.00,0.00,0,0,0,0,0,0,0,0,0.0,0.0,0,0,0,0,0,NA,0,0,0.0%,NA,NA,NA,0,NA,0,0,NA,NA,NA,NA,NA,0,NA,NA,NA,NA,NA,NA,NA,0,NA,NA,@ LV,12,·,·,·
14,5973,Josh Oliver,TE,28.5,MIN,4.0,3,3,16.4,15.4,14.4,1,1,0,64,40,0,0.0,0,0,0,0,0,0,0.00,0,0,0,0,0.00,0.00,2,18,0,0,2,2,6,24,12.0,12.0,0,0,0,24,0,NA,0,0,63.0%,NA,NA,NA,0,NA,2,2,1.000,2.0,8,8.7%,3.00,0,NA,NA,NA,NA,NA,0.000,NA,24,NA,NA,vs WAS,7,·,2.2,14.2
14,7593,Trey Sermon,RB,26.7,PIT,999.0,999,999,0,0,0,1,0,0,0,0,0,0.0,0,0,0,0,0,0,0.00,0,0,0,0,0.00,0.00,0,0,0,0,0,0,0,0,0.0,0.0,0,0,0,0,0,NA,0,0,0.0%,NA,NA,NA,0,NA,0,0,NA,NA,NA,NA,NA,0,NA,NA,NA,NA,NA,NA,NA,0,NA,NA,@ BAL,13,·,·,·
14,5938,Lil'Jordan Humphrey,WR,27.4,NYG,54.0,55,58,5.7,4.2,2.7,1,1,0,74,28,0,0.0,0,0,0,0,0,0,0.00,0,0,0,0,0.00,0.00,3,16,0,2,0,3,11,27,9.0,9.0,0,0,0,27,0,NA,0,0,38.0%,NA,NA,NA,0,NA,2,3,0.667,2.0,9,7.9%,3.00,0,NA,NA,NA,NA,NA,0.222,NA,27,NA,NA,BYE,BYE,BYE,BYE,BYE
14,10216,Kenny McIntosh,RB,25.6,SEA,999.0,999,999,0,0,0,1,0,0,0,0,0,0.0,0,0,0,0,0,0,0.00,0,0,0,0,0.00,0.00,0,0,0,0,0,0,0,0,0.0,0.0,0,0,0,0,0,NA,0,0,0.0%,NA,NA,NA,0,NA,0,0,NA,NA,NA,NA,NA,0,NA,NA,NA,NA,NA,NA,NA,0,NA,NA,@ ATL,10,IR,IR,IR
14,6853,Van Jefferson,WR,29.2,TEN,69.0,71,74,3.7,2.7,1.7,1,1,1,66,48,0,0.0,0,0,0,0,0,0,0.00,0,0,0,0,0.00,0.00,2,4,1,0,0,4,13,17,8.5,4.3,0,0,0,17,0,NA,0,0,73.0%,NA,NA,NA,0,NA,0,4,0.000,0.0,22,14.3%,0.77,0,NA,NA,NA,NA,NA,0.000,NA,17,NA,NA,@ CLE,28,·,6.4,-2.7
14,10234,Derius Davis,WR,25.0,LAC,999.0,999,999,0,0,0,1,0,0,74,0,0,0.0,0,0,0,0,0,0,0.00,0,0,0,0,0.00,0.00,0,0,0,0,0,0,0,0,0.0,0.0,0,0,0,0,0,NA,0,0,0.0%,NA,NA,NA,0,NA,0,0,NA,0.0,NA,NA,NA,0,NA,NA,NA,NA,NA,NA,NA,0,NA,NA,vs PHI,17,·,0.5,-0.5
14,6011,Gardner Minshew,QB,29.4,KC,999.0,999,999,0,0,0,1,0,0,64,0,0,0.0,0,0,0,0,0,0,0.00,0,0,0,0,0.00,0.00,0,0,0,0,0,0,0,0,0.0,0.0,0,0,0,0,0,NA,0,0,0.0%,NA,NA,NA,0,NA,0,0,NA,NA,NA,NA,NA,0,NA,NA,NA,NA,NA,NA,NA,0,NA,NA,vs HOU,32,·,·,·
14,12715,Thomas Fidone,TE,23.0,NYG,0.0,0,0,0,0,0,0,0,0,0,0,0,0.0,0,0,0,0,0,0,0.00,0,0,0,0,0.00,0.00,0,0,0,0,0,0,0,0,0.0,0.0,0,0,0,0,0,NA,0,0,0.0%,NA,NA,NA,0,NA,0,0,NA,NA,NA,NA,NA,0,NA,NA,NA,NA,NA,NA,NA,0,NA,NA,BYE,BYE,BYE,BYE,BYE
14,12494,Kyle McCord,QB,23.0,PHI,999.0,999,999,0,0,0,1,0,0,0,0,0,0.0,0,0,0,0,0,0,0.00,0,0,0,0,0.00,0.00,0,0,0,0,0,0,0,0,0.0,0.0,0,0,0,0,0,NA,0,0,0.0%,NA,NA,NA,0,NA,0,0,NA,NA,NA,NA,NA,0,NA,NA,NA,NA,NA,NA,NA,0,NA,NA,@ LAC,30,·,·,·
14,7083,Tyler Huntley,QB,27.6,BAL,999.0,999,999,0,0,0,1,0,0,80,0,0,0.0,0,0,0,0,0,0,0.00,0,0,0,0,0.00,0.00,0,0,0,0,0,0,0,0,0.0,0.0,0,0,0,0,0,NA,0,0,0.0%,NA,NA,NA,0,NA,0,0,NA,NA,NA,NA,NA,0,NA,NA,NA,NA,NA,NA,NA,0,NA,NA,vs PIT,7,·,·,·
14,4147,Samaje Perine,RB,30.0,CIN,45.0,45,45,4.8,4.3,3.8,1,1,0,60,22,0,0.0,0,0,0,0,0,0,0.00,31,0,0,0,0.00,0.00,1,1,0,1,0,1,6,7,7.0,7.0,6,0,3,38,0,29,31,5.17,37.0%,2,4.90,0.333,3,0.823,4,7,0.571,4.0,NA,2.8%,NA,0,NA,NA,NA,NA,NA,NA,NA,38,NA,NA,@ BUF,4,·,7.7,-2.9
14,11306,Xavier Gipson,WR,24.6,PHI,0.0,0,0,0,0,0,0,0,0,0,0,0,0.0,0,0,0,0,0,0,0.00,0,0,0,0,0.00,0.00,0,0,0,0,0,0,0,0,0.0,0.0,0,0,0,0,0,NA,0,0,0.0%,NA,NA,NA,0,NA,0,0,NA,NA,NA,NA,NA,0,NA,NA,NA,NA,NA,NA,NA,0,NA,NA,@ LAC,32,·,0.5,-0.5
14,5987,Alexander Mattison,RB,27.3,MIA,999.0,999,999,0,0,0,1,0,0,0,0,0,0.0,0,0,0,0,0,0,0.00,0,0,0,0,0.00,0.00,0,0,0,0,0,0,0,0,0.0,0.0,0,0,0,0,0,NA,0,0,0.0%,NA,NA,NA,0,NA,0,0,NA,NA,NA,NA,NA,0,NA,NA,NA,NA,NA,NA,NA,0,NA,NA,@ NYJ,5,IR,IR,IR
14,5985,Foster Moreau,TE,28.4,NO,38.0,36,35,2.6,2.1,1.6,1,1,1,58,26,0,0.0,0,0,0,0,0,0,0.00,0,0,0,0,0.00,0.00,1,6,0,1,0,1,10,16,16.0,16.0,0,0,0,16,0,NA,0,0,45.0%,NA,NA,NA,0,NA,1,1,1.000,1.0,3,5.0%,5.33,0,NA,NA,NA,NA,NA,0.333,NA,16,NA,NA,@ TB,20,·,3.4,-0.8
14,11210,Malik Heath,WR,25.6,GB,0.0,0,0,0,0,0,0,0,0,0,0,0,0.0,0,0,0,0,0,0,0.00,0,0,0,0,0.00,0.00,0,0,0,0,0,0,0,0,0.0,0.0,0,0,0,0,0,NA,0,0,0.0%,NA,NA,NA,0,NA,0,0,NA,NA,NA,NA,NA,0,NA,NA,NA,NA,NA,NA,NA,0,NA,NA,vs CHI,4,·,·,·
14,6920,Isaiah Hodgins,WR,26.9,PIT,0.0,0,0,0,0,0,0,0,0,0,0,0,0.0,0,0,0,0,0,0,0.00,0,0,0,0,0.00,0.00,0,0,0,0,0,0,0,0,0.0,0.0,0,0,0,0,0,NA,0,0,0.0%,NA,NA,NA,0,NA,0,0,NA,NA,NA,NA,NA,0,NA,NA,NA,NA,NA,NA,NA,0,NA,NA,@ BAL,10,·,·,·
14,827,Tyrod Taylor,QB,36.2,NYJ,34.0,34,34,-0.76,-0.76,-0.76,1,1,1,58,6,0,25.0,1,4,1,0,3,1,0.00,6,0,0,6,1.50,6.00,0,0,0,0,0,0,0,0,0.0,0.0,0,0,0,0,0,NA,0,0,10.0%,NA,NA,NA,0,NA,0,4,NA,NA,NA,NA,NA,0,0.0%,3.38,0.0%,50.0%,2.50,NA,4,6,-34.2%,-1.72,vs MIA,9,·,19.1,-19.9
14,4351,Tim Patrick,WR,31.8,JAX,9.0,9,8,18.8,16.3,13.8,1,1,0,64,42,0,0.0,0,0,0,0,0,0,0.00,0,0,0,0,0.00,0.00,5,67,0,2,1,6,11,78,15.6,13.0,0,0,0,78,0,NA,0,0,66.0%,NA,NA,NA,0,NA,3,6,0.500,3.0,25,19.4%,3.12,0,NA,NA,NA,NA,NA,0.080,NA,78,NA,NA,vs IND,9,·,2.7,16.1
14,5917,Mecole Hardman,WR,27.6,FA,999.0,999,999,0,0,0,1,0,0,0,0,0,0.0,0,0,0,0,0,0,0.00,0,0,0,0,0.00,0.00,0,0,0,0,0,0,0,0,0.0,0.0,0,0,0,0,0,NA,0,0,0.0%,NA,NA,NA,0,NA,0,0,NA,NA,NA,NA,NA,0,NA,NA,NA,NA,NA,NA,NA,0,NA,NA,NA,,IR,IR,IR
14,6850,Harrison Bryant,TE,27.4,HOU,999.0,999,999,0,0,0,1,0,0,0,0,0,0.0,0,0,0,0,0,0,0.00,0,0,0,0,0.00,0.00,0,0,0,0,0,0,0,0,0.0,0.0,0,0,0,0,0,NA,0,0,0.0%,NA,NA,NA,0,NA,0,0,NA,NA,NA,NA,NA,0,NA,NA,NA,NA,NA,NA,NA,0,NA,NA,@ KC,27,IR,IR,IR
14,8118,David Bell,WR,24.8,CLE,0.0,0,0,0,0,0,0,0,0,0,0,0,0.0,0,0,0,0,0,0,0.00,0,0,0,0,0.00,0.00,0,0,0,0,0,0,0,0,0.0,0.0,0,0,0,0,0,NA,0,0,0.0%,NA,NA,NA,0,NA,0,0,NA,NA,NA,NA,NA,0,NA,NA,NA,NA,NA,NA,NA,0,NA,NA,vs TEN,8,NA,NA,NA
14,11729,Sione Vaki,RB,24.2,DET,999.0,999,999,0,0,0,1,0,0,62,0,0,0.0,0,0,0,0,0,0,0.00,0,0,0,0,0.00,0.00,0,0,0,0,0,0,0,0,0.0,0.0,0,0,0,0,0,NA,0,0,0.0%,NA,NA,NA,0,NA,0,0,NA,0.0,NA,NA,NA,0,NA,NA,NA,NA,NA,NA,NA,0,NA,NA,vs DAL,15,·,·,·
14,5086,Marquez Valdes-Scantling,WR,31.0,SF,999.0,999,999,0,0,0,1,1,0,52,16,0,0.0,0,0,0,0,0,0,0.00,0,0,0,0,0.00,0.00,0,0,0,0,0,1,0,0,0.0,0.0,0,0,0,0,0,NA,0,0,31.0%,NA,NA,NA,0,NA,0,1,0.000,0.0,16,2.9%,0.00,0,NA,NA,NA,NA,NA,0.000,NA,0,NA,NA,BYE,BYE,BYE,BYE,BYE
14,829,Andy Dalton,QB,37.9,CAR,0.0,0,0,0,0,0,0,0,0,0,0,0,0.0,0,0,0,0,0,0,0.00,0,0,0,0,0.00,0.00,0,0,0,0,0,0,0,0,0.0,0.0,0,0,0,0,0,NA,0,0,0.0%,NA,NA,NA,0,NA,0,0,NA,NA,NA,NA,NA,0,NA,NA,NA,NA,NA,NA,NA,0,NA,NA,BYE,BYE,BYE,BYE,BYE
14,3257,Jacoby Brissett,QB,32.8,ARI,12.0,12,12,20.04,20.04,20.04,1,1,1,62,62,0,56.8,139,44,25,13,19,1,80.80,293,3,2,271,6.16,10.84,0,0,0,0,0,0,0,0,0.0,0.0,4,0,1,22,0,NA,22,5.5,100.0%,NA,NA,NA,1,NA,16,48,NA,NA,NA,NA,NA,15,34.1%,2.92,6.8%,48.0%,7.80,NA,50,293,-5.9%,-0.09,vs LAR,25,·,19.2,0.8
14,7608,Khalil Herbert,RB,27.4,SEA,999.0,999,999,0,0,0,1,0,0,58,0,0,0.0,0,0,0,0,0,0,0.00,0,0,0,0,0.00,0.00,0,0,0,0,0,0,0,0,0.0,0.0,0,0,0,0,0,NA,0,0,0.0%,NA,NA,NA,0,NA,0,0,NA,0.0,NA,NA,NA,0,NA,NA,NA,NA,NA,NA,NA,0,NA,NA,@ ATL,10,·,·,·
14,3634,Kalif Raymond,WR,31.1,DET,0.0,0,0,0,0,0,0,0,0,0,0,0,0.0,0,0,0,0,0,0,0.00,0,0,0,0,0.00,0.00,0,0,0,0,0,0,0,0,0.0,0.0,0,0,0,0,0,NA,0,0,0.0%,NA,NA,NA,0,NA,0,0,NA,NA,NA,NA,NA,0,NA,NA,NA,NA,NA,NA,NA,0,NA,NA,vs DAL,1,OUT,OUT,OUT
14,6126,Irv Smith,TE,27.1,HOU,0.0,0,0,0,0,0,0,0,0,0,0,0,0.0,0,0,0,0,0,0,0.00,0,0,0,0,0.00,0.00,0,0,0,0,0,0,0,0,0.0,0.0,0,0,0,0,0,NA,0,0,0.0%,NA,NA,NA,0,NA,0,0,NA,NA,NA,NA,NA,0,NA,NA,NA,NA,NA,NA,NA,0,NA,NA,@ KC,27,Q,Q,Q
14,10857,Stetson Bennett,QB,27.9,LAR,0.0,0,0,0,0,0,0,0,0,0,0,0,0.0,0,0,0,0,0,0,0.00,0,0,0,0,0.00,0.00,0,0,0,0,0,0,0,0,0.0,0.0,0,0,0,0,0,NA,0,0,0.0%,NA,NA,NA,0,NA,0,0,NA,NA,NA,NA,NA,0,NA,NA,NA,NA,NA,NA,NA,0,NA,NA,@ ARI,23,·,·,·
14,6144,Trayveon Williams,RB,27.9,FA,999.0,999,999,0,0,0,1,0,0,0,0,0,0.0,0,0,0,0,0,0,0.00,0,0,0,0,0.00,0.00,0,0,0,0,0,0,0,0,0.0,0.0,0,0,0,0,0,NA,0,0,0.0%,NA,NA,NA,0,NA,0,0,NA,NA,NA,NA,NA,0,NA,NA,NA,NA,NA,NA,NA,0,NA,NA,NA,,·,·,·
14,12473,Mitchell Evans,TE,22.5,CAR,0.0,0,0,0,0,0,0,0,0,0,0,0,0.0,0,0,0,0,0,0,0.00,0,0,0,0,0.00,0.00,0,0,0,0,0,0,0,0,0.0,0.0,0,0,0,0,0,NA,0,0,0.0%,NA,NA,NA,0,NA,0,0,NA,NA,NA,NA,NA,0,NA,NA,NA,NA,NA,NA,NA,0,NA,NA,BYE,BYE,BYE,BYE,BYE
14,5374,Justin Watson,WR,29.5,HOU,999.0,999,999,0,0,0,1,0,0,0,0,0,0.0,0,0,0,0,0,0,0.00,0,0,0,0,0.00,0.00,0,0,0,0,0,0,0,0,0.0,0.0,0,0,0,0,0,NA,0,0,0.0%,NA,NA,NA,0,NA,0,0,NA,NA,NA,NA,NA,0,NA,NA,NA,NA,NA,NA,NA,0,NA,NA,@ KC,20,IR,IR,IR
14,10223,Eric Gray,RB,25.9,NYG,0.0,0,0,0,0,0,0,0,0,0,0,0,0.0,0,0,0,0,0,0,0.00,0,0,0,0,0.00,0.00,0,0,0,0,0,0,0,0,0.0,0.0,0,0,0,0,0,NA,0,0,0.0%,NA,NA,NA,0,NA,0,0,NA,NA,NA,NA,NA,0,NA,NA,NA,NA,NA,NA,NA,0,NA,NA,BYE,BYE,BYE,BYE,BYE
14,6012,Travis Homer,RB,27.1,CHI,999.0,999,999,0,0,0,1,0,0,70,0,0,0.0,0,0,0,0,0,0,0.00,0,0,0,0,0.00,0.00,0,0,0,0,0,0,0,0,0.0,0.0,0,0,0,0,0,NA,0,0,0.0%,NA,NA,NA,0,NA,0,0,NA,0.0,NA,NA,NA,0,NA,NA,NA,NA,NA,NA,NA,0,NA,NA,@ GB,24,·,0.1,-0.1
14,3202,Austin Hooper,TE,30.9,NE,0.0,0,0,0,0,0,0,0,0,0,0,0,0.0,0,0,0,0,0,0,0.00,0,0,0,0,0.00,0.00,0,0,0,0,0,0,0,0,0.0,0.0,0,0,0,0,0,NA,0,0,0.0%,NA,NA,NA,0,NA,0,0,NA,NA,NA,NA,NA,0,NA,NA,NA,NA,NA,NA,NA,0,NA,NA,BYE,BYE,BYE,BYE,BYE
14,4972,Mason Rudolph,QB,30.2,PIT,999.0,999,999,0,0,0,1,0,0,52,0,0,0.0,0,0,0,0,0,0,0.00,0,0,0,0,0.00,0.00,0,0,0,0,0,0,0,0,0.0,0.0,0,0,0,0,0,NA,0,0,0.0%,NA,NA,NA,0,NA,0,0,NA,NA,NA,NA,NA,0,NA,NA,NA,NA,NA,NA,NA,0,NA,NA,@ BAL,13,·,·,·
14,9489,Justin Shorter,WR,25.4,LV,999.0,999,999,0,0,0,1,0,0,0,0,0,0.0,0,0,0,0,0,0,0.00,0,0,0,0,0.00,0.00,0,0,0,0,0,0,0,0,0.0,0.0,0,0,0,0,0,NA,0,0,0.0%,NA,NA,NA,0,NA,0,0,NA,NA,NA,NA,NA,0,NA,NA,NA,NA,NA,NA,NA,0,NA,NA,vs DEN,30,·,·,·
14,8219,Jelani Woods,TE,27.0,NYJ,0.0,0,0,0,0,0,0,0,0,0,0,0,0.0,0,0,0,0,0,0,0.00,0,0,0,0,0.00,0.00,0,0,0,0,0,0,0,0,0.0,0.0,0,0,0,0,0,NA,0,0,0.0%,NA,NA,NA,0,NA,0,0,NA,NA,NA,NA,NA,0,NA,NA,NA,NA,NA,NA,NA,0,NA,NA,vs MIA,3,OUT,OUT,OUT
14,7535,Hunter Long,TE,27.1,JAX,999.0,999,999,0,0,0,1,1,0,64,20,0,0.0,0,0,0,0,0,0,0.00,0,0,0,0,0.00,0.00,0,0,0,0,0,0,0,0,0.0,0.0,0,0,0,0,0,NA,0,0,31.0%,NA,NA,NA,0,NA,0,0,NA,0.0,7,0.0%,0.00,0,NA,NA,NA,NA,NA,0.000,NA,0,NA,NA,vs IND,4,·,1.6,-1.6
14,9495,Rakim Jarrett,WR,24.7,FA,0.0,0,0,0,0,0,0,0,0,0,0,0,0.0,0,0,0,0,0,0,0.00,0,0,0,0,0.00,0.00,0,0,0,0,0,0,0,0,0.0,0.0,0,0,0,0,0,NA,0,0,0.0%,NA,NA,NA,0,NA,0,0,NA,NA,NA,NA,NA,0,NA,NA,NA,NA,NA,NA,NA,0,NA,NA,NA,,·,·,·
14,12048,George Holani,RB,25.8,SEA,999.0,999,999,0,0,0,1,0,0,0,0,0,0.0,0,0,0,0,0,0,0.00,0,0,0,0,0.00,0.00,0,0,0,0,0,0,0,0,0.0,0.0,0,0,0,0,0,NA,0,0,0.0%,NA,NA,NA,0,NA,0,0,NA,NA,NA,NA,NA,0,NA,NA,NA,NA,NA,NA,NA,0,NA,NA,@ ATL,10,IR,IR,IR
14,7757,Ben Skowronek,WR,28.2,PIT,83.0,82,79,2.3,1.8,1.3,1,1,0,52,9,0,0.0,0,0,0,0,0,0,0.00,0,0,0,0,0.00,0.00,1,13,0,1,0,1,0,13,13.0,13.0,0,0,0,13,0,NA,0,0,17.0%,NA,NA,NA,0,NA,1,1,1.000,1.0,3,2.9%,4.33,0,NA,NA,NA,NA,NA,0.333,NA,13,NA,NA,@ BAL,10,·,1.4,0.9
14,6427,Ashton Dulin,WR,28.4,IND,999.0,999,999,0,0,0,1,0,0,0,0,0,0.0,0,0,0,0,0,0,0.00,0,0,0,0,0.00,0.00,0,0,0,0,0,0,0,0,0.0,0.0,0,0,0,0,0,NA,0,0,0.0%,NA,NA,NA,0,NA,0,0,NA,NA,NA,NA,NA,0,NA,NA,NA,NA,NA,NA,NA,0,NA,NA,@ JAX,15,IR,IR,IR
14,6001,Drew Sample,TE,29.4,CIN,999.0,999,999,0,0,0,1,1,0,60,27,0,0.0,0,0,0,0,0,0,0.00,0,0,0,0,0.00,0.00,0,0,0,0,0,0,0,0,0.0,0.0,0,0,0,0,0,NA,0,0,45.0%,NA,NA,NA,0,NA,0,0,NA,0.0,5,0.0%,0.00,0,NA,NA,NA,NA,NA,0.000,NA,0,NA,NA,@ BUF,32,·,1.2,-1.2
14,8116,Pierre Strong Jr.,RB,26.8,GB,999.0,999,999,0,0,0,1,0,0,0,0,0,0.0,0,0,0,0,0,0,0.00,0,0,0,0,0.00,0.00,0,0,0,0,0,0,0,0,0.0,0.0,0,0,0,0,0,NA,0,0,0.0%,NA,NA,NA,0,NA,0,0,NA,NA,NA,NA,NA,0,NA,NA,NA,NA,NA,NA,NA,0,NA,NA,vs CHI,17,·,·,·
14,6847,Devin Duvernay,WR,28.0,CHI,73.0,66,61,3.4,2.9,2.4,1,1,0,70,1,0,0.0,0,0,0,0,0,0,0.00,0,0,0,0,0.00,0.00,1,24,0,1,0,1,0,24,24.0,24.0,0,0,0,24,0,NA,0,0,1.0%,NA,NA,NA,0,NA,1,1,1.000,1.0,1,2.9%,24.00,0,NA,NA,NA,NA,NA,1.000,NA,24,NA,NA,@ GB,21,·,1.3,2.1
14,11716,Tip Reiman,TE,24.0,ARI,999.0,999,999,0,0,0,1,0,0,0,0,0,0.0,0,0,0,0,0,0,0.00,0,0,0,0,0.00,0.00,0,0,0,0,0,0,0,0,0.0,0.0,0,0,0,0,0,NA,0,0,0.0%,NA,NA,NA,0,NA,0,0,NA,NA,NA,NA,NA,0,NA,NA,NA,NA,NA,NA,NA,0,NA,NA,vs LAR,19,IR,IR,IR
14,7602,Kylen Granson,TE,27.5,PHI,999.0,999,999,0,0,0,1,1,0,71,2,0,0.0,0,0,0,0,0,0,0.00,0,0,0,0,0.00,0.00,0,0,0,0,0,0,0,0,0.0,0.0,0,0,0,0,0,NA,0,0,3.0%,NA,NA,NA,0,NA,0,0,NA,0.0,NA,NA,NA,0,NA,NA,NA,NA,NA,NA,NA,0,NA,NA,@ LAC,26,·,0.5,-0.5
14,2749,Raheem Mostert,RB,33.5,LV,64.0,67,71,1.2,0.7,0.2,1,1,0,50,15,0,0.0,0,0,0,0,0,0,0.00,0,0,0,0,0.00,0.00,1,-2,0,0,0,1,4,2,2.0,2.0,0,0,0,2,0,0,0,0,30.0%,0,0.00,NA,0,NA,0,1,0.000,0.0,NA,3.1%,NA,0,NA,NA,NA,NA,NA,NA,NA,2,NA,NA,vs DEN,27,·,2.3,-1.1
14,8127,Charlie Kolar,TE,26.6,BAL,35.0,34,29,2.9,2.4,1.9,1,1,0,80,19,0,0.0,0,0,0,0,0,0,0.00,0,0,0,0,0.00,0.00,1,15,0,1,0,1,4,19,19.0,19.0,0,0,0,19,0,NA,0,0,24.0%,NA,NA,NA,0,NA,1,1,1.000,1.0,5,2.9%,3.80,0,NA,NA,NA,NA,NA,0.200,NA,19,NA,NA,vs PIT,6,·,2.6,0.3
14,7585,Davis Mills,QB,26.9,HOU,999.0,999,999,0,0,0,1,0,0,70,0,0,0.0,0,0,0,0,0,0,0.00,0,0,0,0,0.00,0.00,0,0,0,0,0,0,0,0,0.0,0.0,0,0,0,0,0,NA,0,0,0.0%,NA,NA,NA,0,NA,0,0,NA,NA,NA,NA,NA,0,NA,NA,NA,NA,NA,NA,NA,0,NA,NA,@ KC,18,·,·,·
14,6290,Scotty Miller,WR,28.2,PIT,999.0,999,999,0,0,0,1,1,0,52,3,0,0.0,0,0,0,0,0,0,0.00,0,0,0,0,0.00,0.00,0,0,0,0,0,0,0,0,0.0,0.0,0,0,0,0,0,NA,0,0,6.0%,NA,NA,NA,0,NA,0,0,NA,0.0,1,0.0%,0.00,0,NA,NA,NA,NA,NA,0.000,NA,0,NA,NA,@ BAL,10,·,0.4,-0.4
14,10228,Charlie Jones,WR,26.9,CIN,999.0,999,999,0,0,0,1,1,0,60,2,0,0.0,0,0,0,0,0,0,0.00,0,0,0,0,0.00,0.00,0,0,0,0,0,0,0,0,0.0,0.0,0,0,0,0,0,NA,0,0,3.0%,NA,NA,NA,0,NA,0,0,NA,0.0,2,0.0%,0.00,0,NA,NA,NA,NA,NA,0.000,NA,0,NA,NA,@ BUF,22,·,0.2,-0.2
14,6659,Craig Reynolds,RB,29.3,DET,0.0,0,0,0,0,0,0,0,0,0,0,0,0.0,0,0,0,0,0,0,0.00,0,0,0,0,0.00,0.00,0,0,0,0,0,0,0,0,0.0,0.0,0,0,0,0,0,NA,0,0,0.0%,NA,NA,NA,0,NA,0,0,NA,NA,NA,NA,NA,0,NA,NA,NA,NA,NA,NA,NA,0,NA,NA,vs DAL,15,·,·,·
14,4574,Cooper Rush,QB,31.8,BAL,0.0,0,0,0,0,0,0,0,0,0,0,0,0.0,0,0,0,0,0,0,0.00,0,0,0,0,0.00,0.00,0,0,0,0,0,0,0,0,0.0,0.0,0,0,0,0,0,NA,0,0,0.0%,NA,NA,NA,0,NA,0,0,NA,NA,NA,NA,NA,0,NA,NA,NA,NA,NA,NA,NA,0,NA,NA,vs PIT,7,OUT,OUT,OUT
14,4663,Austin Ekeler,RB,30.4,WAS,999.0,999,999,0,0,0,1,0,0,0,0,0,0.0,0,0,0,0,0,0,0.00,0,0,0,0,0.00,0.00,0,0,0,0,0,0,0,0,0.0,0.0,0,0,0,0,0,NA,0,0,0.0%,NA,NA,NA,0,NA,0,0,NA,NA,NA,NA,NA,0,NA,NA,NA,NA,NA,NA,NA,0,NA,NA,@ MIN,19,IR,IR,IR
14,8489,Andrew Ogletree,TE,27.2,IND,999.0,999,999,0,0,0,1,1,1,70,13,0,0.0,0,0,0,0,0,0,0.00,0,0,0,0,0.00,0.00,0,0,0,0,0,0,0,0,0.0,0.0,0,0,0,0,0,NA,0,0,19.0%,NA,NA,NA,0,NA,0,0,NA,0.0,2,0.0%,0.00,0,NA,NA,NA,NA,NA,0.000,NA,0,NA,NA,@ JAX,2,·,0.5,-0.5
14,8159,Desmond Ridder,QB,26.1,MIN,0.0,0,0,0,0,0,0,0,0,0,0,0,0.0,0,0,0,0,0,0,0.00,0,0,0,0,0.00,0.00,0,0,0,0,0,0,0,0,0.0,0.0,0,0,0,0,0,NA,0,0,0.0%,NA,NA,NA,0,NA,0,0,NA,NA,NA,NA,NA,0,NA,NA,NA,NA,NA,NA,NA,0,NA,NA,vs WAS,6,·,·,·
14,8253,Deven Thompkins,WR,25.8,ATL,95.0,95,95,1.4,0.9,0.4,1,1,0,64,6,0,0.0,0,0,0,0,0,0,0.00,0,0,0,0,0.00,0.00,1,-4,0,0,0,1,8,4,4.0,4.0,0,0,0,4,0,NA,0,0,9.0%,NA,NA,NA,0,NA,0,1,0.000,0.0,4,3.3%,1.00,0,NA,NA,NA,NA,NA,0.000,NA,4,NA,NA,vs SEA,12,·,2.1,-0.7
14,12725,Luke Lachey,TE,24.2,HOU,999.0,999,999,0,0,0,1,0,0,0,0,0,0.0,0,0,0,0,0,0,0.00,0,0,0,0,0.00,0.00,0,0,0,0,0,0,0,0,0.0,0.0,0,0,0,0,0,NA,0,0,0.0%,NA,NA,NA,0,NA,0,0,NA,NA,NA,NA,NA,0,NA,NA,NA,NA,NA,NA,NA,0,NA,NA,@ KC,27,·,·,·
14,,,,,,,,,,,,,,,,,,,,,,,,,,,,,,,,,,,,,,,,,,,,,,,NA,,,0.0%,NA,NA,NA,0,NA,0,0,NA,NA,NA,NA,NA,0,NA,NA,NA,NA,NA,NA,NA,0,NA,NA,NA,,·,·,·