WK,SLPR_ID,NM,POS,AGE,TM,PRK_PPR,PRK_0.5P,PRK_STD,FPT_PPR,FPTS_0.5,FPTS_STD,GM_ACTV,GM_P,GM,TM_SNP,SNP,FUM,CMP PCT,paAY,paATT,CMP,pa1D,INC,INT,paRTG,pa.ruYDS,SAC,paTD,paYDS,paYPA,paYPC,REC,recAY,DRP,rec1D,recTD,TGT,YAC,recYDS,YPR,YPT,CAR,BTKL,ru1D,ru.recYDS,ruTD,YCO,ruYDS,YPC,SNP%,MTF,YCO/A,MTF/A,ruIMP,ELU,IMP,OPP,IMP/OPP,IMP/G,RR,TS%,YPRR,pIMP,pIMP/A,TTT,DP%,PRS%,AYA,1DRR,DB,YDS(t),CMPOE,EPA/DB,VS,vsRK,INJ,PROJ,FPOE
15,4984,Josh Allen,QB,29.4,BUF,6,6,6,24.52,24.52,24.52,1,1,1,70,70,0,67.9,91,28,19,8,9,0,123.10,241,2,3,193,6.89,10.16,0,0,0,0,0,0,0,0,0.0,0.0,11,0,4,48,0,NA,48,4.36,100.0%,NA,NA,NA,4,NA,15,39,NA,NA,NA,NA,NA,11,39.3%,3.12,21.4%,30.3%,7.60,NA,33,241,+3.4%,+0.21,@ NE,18,·,26.1,-1.6
15,9509,Bijan Robinson,RB,23.7,ATL,4,4,6,29.5,25.5,21.5,1,1,1,71,64,1,0.0,0,0,0,0,0,0,0.00,93,0,0,0,0.00,0.00,8,-13,0,4,0,11,95,82,10.3,7.5,19,0,4,175,1,59,93,4.89,90.1%,10,3.10,0.526,5,0.836,9,30,0.300,9.0,NA,25.0%,NA,0,NA,NA,NA,NA,NA,NA,NA,175,NA,NA,@ TB,5,·,22.6,6.9
15,7564,Ja'Marr Chase,WR,25.6,CIN,6,7,12,23.2,18.2,13.2,1,1,1,76,74,0,0.0,0,0,0,0,0,0,0.00,0,0,0,0,0.00,0.00,10,75,1,5,0,16,57,132,13.2,8.3,0,0,0,132,0,NA,0,0,97.4%,NA,NA,NA,0,NA,5,16,0.313,5.0,43,41.0%,3.07,0,NA,NA,NA,NA,NA,0.116,NA,132,NA,NA,vs BAL,11,·,19.8,3.4
15,9493,Puka Nacua,WR,24.3,LAR,2,2,5,27.9,23.4,18.9,1,1,1,72,40,0,0.0,0,0,0,0,0,0,0.00,8,0,0,0,0.00,0.00,9,126,1,8,0,11,55,181,20.1,16.5,2,1,0,189,0,NA,8,4,55.6%,NA,NA,NA,0,NA,8,13,0.615,8.0,26,28.9%,6.96,0,NA,NA,NA,NA,NA,0.308,NA,189,NA,NA,vs DET,2,·,21.0,6.9
15,4881,Lamar Jackson,QB,28.7,BAL,20,20,20,15.6,15.6,15.6,1,1,1,41,36,1,66.7,88,12,8,4,4,1,114.60,176,4,2,150,12.50,18.75,0,0,0,0,0,0,0,0,0.0,0.0,2,0,2,26,0,NA,26,13,87.8%,NA,NA,NA,2,NA,8,14,NA,NA,NA,NA,NA,6,50.0%,3.08,16.7%,50.0%,10.80,NA,18,176,+3.7%,-0.07,@ CIN,3,·,24.6,-9.0
15,11566,Jayden Daniels,QB,24.8,WAS,0,0,0,0,0,0,0,0,0,0,0,0,0.0,0,0,0,0,0,0,0.00,0,0,0,0,0.00,0.00,0,0,0,0,0,0,0,0,0.0,0.0,0,0,0,0,0,NA,0,0,NA,NA,NA,NA,0,NA,0,0,NA,NA,NA,NA,NA,0,NA,NA,NA,NA,NA,NA,NA,0,NA,NA,@ NYG,4,OUT,OUT,OUT
15,9221,Jahmyr Gibbs,RB,23.5,DET,30,33,37,9.8,7.8,5.8,1,1,1,64,52,0,0.0,0,0,0,0,0,0,0.00,38,0,0,0,0.00,0.00,4,5,1,1,0,7,15,20,5.0,2.9,13,4,0,58,0,44,38,2.92,81.3%,5,3.40,0.385,0,0.725,1,20,0.050,1.0,NA,17.1%,NA,0,NA,NA,NA,NA,NA,NA,NA,58,NA,NA,@ LAR,30,·,21.2,-11.4
15,6794,Justin Jefferson,WR,26.3,MIN,76,77,78,4.2,3.2,2.2,1,1,1,55,53,0,0.0,0,0,0,0,0,0,0.00,0,0,0,0,0.00,0.00,2,15,1,2,0,8,7,22,11.0,2.8,0,0,0,22,0,NA,0,0,96.4%,NA,NA,NA,0,NA,2,8,0.250,2.0,26,33.3%,0.85,0,NA,NA,NA,NA,NA,0.077,NA,22,NA,NA,@ DAL,1,·,14.2,-10.0
15,9488,Jaxon Smith-Njigba,WR,23.6,SEA,13.0,14,20,18.3,14.8,11.3,1,1,1,60,55,0,0.0,0,0,0,0,0,0,0.00,0,0,0,0,0.00,0.00,7,48,1,3,0,9,65,113,16.1,12.6,0,0,0,113,0,NA,0,0,91.7%,NA,NA,NA,0,NA,3,9,0.333,3.0,36,25.0%,3.14,0,NA,NA,NA,NA,NA,0.083,NA,113,NA,NA,vs IND,7,·,21.7,-3.4
15,7547,Amon-Ra St. Brown,WR,25.9,DET,1.0,1,1,41.4,34.9,28.4,1,1,1,64,61,0,0.0,0,0,0,0,0,0,0.00,0,0,0,0,0.00,0.00,13,104,0,7,2,18,60,164,12.6,9.1,0,0,0,164,0,NA,0,0,95.3%,NA,NA,NA,0,NA,9,18,0.500,9.0,42,43.9%,3.90,0,NA,NA,NA,NA,NA,0.167,NA,164,NA,NA,@ LAR,15,·,18.4,23.0
15,6786,CeeDee Lamb,WR,26.5,DAL,16.0,18,21,17.1,14.1,11.1,1,1,1,70,60,0,0.0,0,0,0,0,0,0,0.00,0,0,0,0,0.00,0.00,6,84,0,4,0,10,27,111,18.5,11.1,0,0,0,111,0,NA,0,0,85.7%,NA,NA,NA,0,NA,4,10,0.400,4.0,39,26.3%,2.85,0,NA,NA,NA,NA,NA,0.103,NA,111,NA,NA,vs MIN,32,·,17.7,-0.6
15,11632,Malik Nabers,WR,22.2,NYG,999.0,999,999,0,0,0,1,0,0,0,0,0,0.0,0,0,0,0,0,0,0.00,0,0,0,0,0.00,0.00,0,0,0,0,0,0,0,0,0.0,0.0,0,0,0,0,0,NA,0,0,NA,NA,NA,NA,0,NA,0,0,NA,NA,NA,NA,NA,0,NA,NA,NA,NA,NA,NA,NA,0,NA,NA,vs WAS,9,IR,IR,IR
15,11564,Drake Maye,QB,23.1,NE,13.0,13,13,21.5,21.5,21.5,1,1,1,52,52,0,60.9,87,23,14,6,9,1,62.80,198,3,0,155,6.74,11.07,0,0,0,0,0,0,0,0,0.0,0.0,4,0,2,43,2,NA,43,10.75,100.0%,NA,NA,NA,4,NA,10,27,NA,NA,NA,NA,NA,6,26.1%,3.19,8.7%,17.2%,9.30,NA,29,198,-2.1%,-0.08,vs BUF,28,·,23.5,-2.0
15,12514,Emeka Egbuka,WR,23.0,TB,38.0,38,40,10.4,8.4,6.4,1,1,0,69,44,0,0.0,0,0,0,0,0,0,0.00,0,0,0,0,0.00,0.00,4,51,1,4,0,7,13,64,16.0,9.1,0,0,0,64,0,NA,0,0,63.8%,NA,NA,NA,0,NA,4,7,0.571,4.0,25,20.6%,2.56,0,NA,NA,NA,NA,NA,0.160,NA,64,NA,NA,vs ATL,3,·,11.3,-0.9
15,11604,Brock Bowers,TE,22.8,LV,18.0,21,29,8.8,5.8,2.8,1,1,1,42,38,0,0.0,0,0,0,0,0,0,0.00,0,0,0,0,0.00,0.00,6,2,1,3,0,8,26,28,4.7,3.5,0,0,0,28,0,NA,0,0,90.5%,NA,NA,NA,0,NA,3,8,0.375,3.0,30,32.0%,0.93,0,NA,NA,NA,NA,NA,0.100,NA,28,NA,NA,@ PHI,31,·,13.4,-4.6
15,6904,Jalen Hurts,QB,27.1,PHI,10.0,10,10,22.9,22.9,22.9,1,1,1,69,52,0,80.0,99,15,12,6,3,0,154.90,214,1,3,175,11.67,14.58,0,0,0,0,0,0,0,0,0.0,0.0,7,0,4,39,0,NA,39,5.57,75.4%,NA,NA,NA,4,NA,13,22,NA,NA,NA,NA,NA,9,60.0%,2.77,13.3%,22.2%,6.70,NA,18,214,+2.9%,+0.86,vs LV,15,·,21.9,1.0
15,12527,Ashton Jeanty,RB,21.8,LV,35.0,41,45,8.2,6.2,4.2,1,1,1,42,30,0,0.0,0,0,0,0,0,0,0.00,35,0,0,0,0.00,0.00,4,-3,1,0,0,6,10,7,1.8,1.2,9,1,1,42,0,34,35,3.89,71.4%,0,3.80,0.000,1,0.380,1,15,0.067,1.0,NA,24.0%,NA,0,NA,NA,NA,NA,NA,NA,NA,42,NA,NA,@ PHI,9,·,13.9,-5.7
15,6797,Justin Herbert,QB,27.6,LAC,27.0,27,27,11.4,11.4,11.4,1,1,1,66,66,0,65.5,127,29,19,8,10,1,84.00,210,4,1,210,7.24,11.05,0,0,0,0,0,0,0,0,0.0,0.0,2,0,0,0,0,NA,0,0,100.0%,NA,NA,NA,0,NA,9,31,NA,NA,NA,NA,NA,9,31.0%,2.82,13.8%,44.1%,7.00,NA,34,210,+5.6%,-0.11,@ KC,20,·,19.4,-8.0
15,6813,Jonathan Taylor,RB,26.7,IND,20.0,21,21,13.1,11.6,10.1,1,1,1,60,51,0,0.0,0,0,0,0,0,0,0.00,87,0,0,0,0.00,0.00,3,-14,0,1,0,4,28,14,4.7,3.5,25,0,5,101,0,48,87,3.48,85.0%,3,1.90,0.120,5,0.310,6,29,0.207,6.0,NA,14.8%,NA,0,NA,NA,NA,NA,NA,NA,NA,101,NA,NA,@ SEA,17,·,18.1,-5.0
15,8112,Drake London,WR,24.2,ATL,0.0,0,0,0,0,0,0,0,0,0,0,0,0.0,0,0,0,0,0,0,0.00,0,0,0,0,0.00,0.00,0,0,0,0,0,0,0,0,0.0,0.0,0,0,0,0,0,NA,0,0,NA,NA,NA,NA,0,NA,0,0,NA,NA,NA,NA,NA,0,NA,NA,NA,NA,NA,NA,NA,0,NA,NA,@ TB,13,OUT,OUT,OUT
15,4046,Patrick Mahomes,QB,30.0,KC,24.0,24,24,14.06,14.06,14.06,1,1,1,61,56,0,57.1,97,28,16,8,12,1,62.90,204,5,0,189,6.75,11.81,0,0,0,0,0,0,0,0,0.0,0.0,2,0,0,15,1,NA,15,7.5,91.8%,NA,NA,NA,1,NA,9,30,NA,NA,NA,NA,NA,8,28.6%,2.99,10.7%,48.6%,7.30,NA,35,204,-7.5%,-0.08,vs LAC,31,OUT,22.9,-8.8
15,6770,Joe Burrow,QB,28.8,CIN,29.0,29,29,7.5,7.5,7.5,1,1,1,76,76,0,64.1,117,39,25,10,14,2,58.20,230,3,0,225,5.77,9.00,0,0,0,0,0,0,0,0,0.0,0.0,2,0,0,5,0,NA,5,2.5,100.0%,NA,NA,NA,0,NA,10,41,NA,NA,NA,NA,NA,10,25.6%,2.95,7.7%,31.8%,7.80,NA,44,230,0.0%,-0.39,vs BAL,14,·,20.8,-13.3
15,9226,De'Von Achane,RB,24.0,MIA,10.0,12,15,18.7,15.7,12.7,1,1,1,50,40,0,0.0,0,0,0,0,0,0,0.00,60,0,0,0,0.00,0.00,6,21,0,4,0,6,46,67,11.2,11.2,12,0,1,127,0,37,60,5,80.0%,8,3.10,0.667,1,0.977,5,18,0.278,5.0,NA,21.4%,NA,0,NA,NA,NA,NA,NA,NA,NA,127,NA,NA,@ PIT,23,·,20.8,-2.1
15,8130,Trey McBride,TE,25.8,ARI,2.0,2,2,37.4,31.4,25.4,1,1,1,66,61,0,0.0,0,0,0,0,0,0,0.00,0,0,0,0,0.00,0.00,12,39,0,6,2,13,95,134,11.2,10.3,0,0,0,134,0,NA,0,0,92.4%,NA,NA,NA,0,NA,8,13,0.615,8.0,43,32.5%,3.12,0,NA,NA,NA,NA,NA,0.140,NA,134,NA,NA,@ HOU,28,·,17.3,20.1
15,12507,Omarion Hampton,RB,22.5,LAC,39.0,36,35,7.5,7,6.5,1,1,0,66,24,0,0.0,0,0,0,0,0,0,0.00,61,0,0,0,0.00,0.00,1,-5,0,0,0,1,9,4,4.0,4.0,15,0,5,65,0,36,61,4.07,36.4%,2,2.40,0.133,5,0.373,5,16,0.313,5.0,NA,3.4%,NA,0,NA,NA,NA,NA,NA,NA,NA,65,NA,NA,@ KC,26,·,11.2,-3.7
15,11620,Rome Odunze,WR,23.3,CHI,999.0,999,999,0,0,0,1,0,0,66,0,0,0.0,0,0,0,0,0,0,0.00,0,0,0,0,0.00,0.00,0,0,0,0,0,0,0,0,0.0,0.0,0,0,0,0,0,NA,0,0,0.0%,NA,NA,NA,0,NA,0,0,NA,NA,NA,NA,NA,0,NA,NA,NA,NA,NA,NA,NA,0,NA,NA,vs CLE,26,OUT,OUT,OUT
15,12526,Tetairoa McMillan,WR,22.5,CAR,73.0,73,75,4.5,3.5,2.5,1,1,1,57,48,0,0.0,0,0,0,0,0,0,0.00,0,0,0,0,0.00,0.00,2,16,0,1,0,4,9,25,12.5,6.3,0,0,0,25,0,NA,0,0,84.2%,NA,NA,NA,0,NA,1,4,0.250,1.0,29,16.7%,0.86,0,NA,NA,NA,NA,NA,0.034,NA,25,NA,NA,@ NO,22,·,13.7,-9.2
15,11560,Caleb Williams,QB,23.9,CHI,15.0,15,15,18.98,18.98,18.98,1,1,1,66,66,1,60.7,132,28,17,10,11,0,112.50,255,3,2,242,8.64,14.24,0,0,0,0,0,0,0,0,0.0,0.0,3,0,1,13,0,NA,13,4.33,100.0%,NA,NA,NA,1,NA,13,31,NA,NA,NA,NA,NA,12,42.9%,3.07,17.9%,37.5%,10.60,NA,32,255,-6.7%,+0.01,vs CLE,29,·,17.1,1.9
15,12518,Tyler Warren,TE,23.4,IND,30.0,34,36,4.9,3.4,1.9,1,1,1,60,49,0,0.0,0,0,0,0,0,0,0.00,0,0,0,0,0.00,0.00,3,12,0,1,0,6,7,19,6.3,3.2,0,0,0,19,0,NA,0,0,81.7%,NA,NA,NA,0,NA,1,6,0.167,1.0,26,22.2%,0.73,0,NA,NA,NA,NA,NA,0.038,NA,19,NA,NA,@ SEA,12,·,10.7,-5.8
15,12512,Quinshon Judkins,RB,21.9,CLE,50.0,51,59,4.7,3.2,1.7,1,1,1,57,38,0,0.0,0,0,0,0,0,0,0.00,21,0,0,0,0.00,0.00,3,-10,0,0,0,4,6,-4,-1.3,-1.0,12,0,0,17,0,26,21,1.75,66.7%,1,2.20,0.083,0,0.303,0,16,0.000,0.0,NA,11.4%,NA,0,NA,NA,NA,NA,NA,NA,NA,17,NA,NA,@ CHI,16,·,16.5,-11.8
15,11584,Bucky Irving,RB,23.1,TB,36.0,34,32,8.1,7.6,7.1,1,1,1,69,37,0,0.0,0,0,0,0,0,0,0.00,60,0,0,0,0.00,0.00,1,-5,0,1,0,3,16,11,11.0,3.7,16,1,3,71,0,48,60,3.75,53.6%,2,3.00,0.125,3,0.425,4,19,0.211,4.0,NA,8.8%,NA,0,NA,NA,NA,NA,NA,NA,NA,71,NA,NA,vs ATL,11,·,14.6,-6.5
15,11631,Brian Thomas Jr.,WR,23.0,JAX,15.0,13,13,17.1,15.1,13.1,1,1,1,62,48,0,0.0,0,0,0,0,0,0,0.00,5,0,0,0,0.00,0.00,4,58,1,2,1,7,8,66,16.5,9.4,1,0,0,71,0,NA,5,5,77.4%,NA,NA,NA,0,NA,3,8,0.375,3.0,30,21.9%,2.20,0,NA,NA,NA,NA,NA,0.067,NA,71,NA,NA,vs NYJ,23,·,10.2,6.9
15,8138,James Cook,RB,26.0,BUF,2.0,1,1,31.1,30.1,29.1,1,1,1,70,47,0,0.0,0,0,0,0,0,0,0.00,107,0,0,0,0.00,0.00,2,-4,0,0,1,3,8,4,2.0,1.3,22,0,2,111,2,101,107,4.86,67.1%,4,4.60,0.182,4,0.642,5,25,0.200,5.0,NA,10.7%,NA,0,NA,NA,NA,NA,NA,NA,NA,111,NA,NA,@ NE,32,·,16.9,14.2
15,4892,Baker Mayfield,QB,30.4,TB,14.0,14,14,20.18,20.18,20.18,1,1,1,69,69,0,55.9,214,34,19,14,15,1,90.00,278,5,2,277,8.15,14.58,0,0,0,0,0,0,0,0,0.0,0.0,1,0,0,1,0,NA,1,1,100.0%,NA,NA,NA,0,NA,16,35,NA,NA,NA,NA,NA,16,47.1%,2.86,11.8%,32.5%,11.50,NA,40,278,+2.3%,0.00,vs ATL,11,·,22.2,-2.0
15,7569,Nico Collins,WR,26.5,HOU,5.0,4,2,23.5,22,20.5,1,1,1,67,49,0,0.0,0,0,0,0,0,0,0.00,0,0,0,0,0.00,0.00,3,32,0,1,2,4,53,85,28.3,21.3,0,0,0,85,0,NA,0,0,73.1%,NA,NA,NA,0,NA,3,4,0.750,3.0,30,13.8%,2.83,0,NA,NA,NA,NA,NA,0.033,NA,85,NA,NA,vs ARI,17,·,16.7,6.8
15,8146,Garrett Wilson,WR,25.2,NYJ,999.0,999,999,0,0,0,1,0,0,0,0,0,0.0,0,0,0,0,0,0,0.00,0,0,0,0,0.00,0.00,0,0,0,0,0,0,0,0,0.0,0.0,0,0,0,0,0,NA,0,0,NA,NA,NA,NA,0,NA,0,0,NA,NA,NA,NA,NA,0,NA,NA,NA,NA,NA,NA,NA,0,NA,NA,@ JAX,16,IR,IR,IR
15,6804,Jordan Love,QB,26.9,GB,19.0,19,19,15.94,15.94,15.94,1,1,1,66,66,0,60.0,176,40,24,11,16,2,68.30,305,3,1,276,6.90,11.50,0,0,0,0,0,0,0,0,0.0,0.0,3,0,2,29,0,NA,29,9.67,100.0%,NA,NA,NA,2,NA,14,43,NA,NA,NA,NA,NA,12,30.0%,2.97,10.0%,52.2%,10.60,NA,46,305,+4.0%,+0.03,@ DEN,27,·,17.5,-1.6
15,10229,Rashee Rice,WR,25.4,KC,29.0,36,47,12.1,8.6,5.1,1,1,1,61,52,0,0.0,0,0,0,0,0,0,0.00,0,0,0,0,0.00,0.00,7,4,1,1,0,11,47,51,7.3,4.6,0,0,0,51,0,NA,0,0,85.2%,NA,NA,NA,0,NA,1,11,0.091,1.0,38,33.3%,1.34,0,NA,NA,NA,NA,NA,0.026,NA,51,NA,NA,vs LAC,31,·,16.9,-4.8
15,4866,Saquon Barkley,RB,28.6,PHI,12.0,10,11,17.2,16.2,15.2,1,1,1,69,39,0,0.0,0,0,0,0,0,0,0.00,78,0,0,0,0.00,0.00,2,-3,0,0,0,3,17,14,7.0,4.7,22,2,3,92,1,75,78,3.55,56.5%,2,3.40,0.091,4,0.431,4,25,0.160,4.0,NA,16.7%,NA,0,NA,NA,NA,NA,NA,NA,NA,92,NA,NA,vs LV,12,·,15.3,1.9
15,11563,Bo Nix,QB,25.6,DEN,2.0,2,2,29.08,29.08,29.08,1,1,1,68,68,0,67.7,195,34,23,11,11,0,134.70,312,0,4,302,8.88,13.13,0,0,0,0,0,0,0,0,0.0,0.0,7,0,2,10,0,NA,10,1.43,100.0%,NA,NA,NA,2,NA,17,41,NA,NA,NA,NA,NA,15,44.1%,3.32,14.7%,35.1%,9.80,NA,37,312,+15.1%,+0.52,vs GB,26,·,18.8,10.3
15,12508,Jaxson Dart,QB,22.4,NYG,9.0,9,9,23.14,23.14,23.14,1,1,1,68,66,1,55.6,135,36,20,10,16,1,83.80,309,1,2,246,6.83,12.30,0,0,0,0,0,0,0,0,0.0,0.0,9,0,2,63,0,NA,63,7,97.1%,NA,NA,NA,2,NA,14,45,NA,NA,NA,NA,NA,12,33.3%,3.05,19.4%,27.9%,11.40,NA,43,309,-1.0%,+0.02,vs WAS,6,·,22.9,0.2
15,11635,Ladd McConkey,WR,23.9,LAC,77.0,78,79,4,3,2,1,1,0,66,49,0,0.0,0,0,0,0,0,0,0.00,0,0,0,0,0.00,0.00,2,6,0,0,0,3,14,20,10.0,6.7,0,0,0,20,0,NA,0,0,74.2%,NA,NA,NA,0,NA,0,3,0.000,0.0,30,10.3%,0.67,0,NA,NA,NA,NA,NA,0.000,NA,20,NA,NA,@ KC,19,·,13.5,-9.5
15,4034,Christian McCaffrey,RB,29.3,SF,14.0,14,13,15.7,15.2,14.7,1,1,1,74,62,0,0.0,0,0,0,0,0,0,0.00,73,0,0,0,0.00,0.00,1,3,0,1,0,1,11,14,14.0,14.0,22,0,1,87,1,77,73,3.32,83.8%,4,3.50,0.182,2,0.532,3,23,0.130,3.0,NA,3.3%,NA,0,NA,NA,NA,NA,NA,NA,NA,87,NA,NA,vs TEN,13,·,24.0,-8.3
15,8137,George Pickens,WR,24.6,DAL,58.0,61,64,6.3,4.8,3.3,1,1,1,70,60,0,0.0,0,0,0,0,0,0,0.00,0,0,0,0,0.00,0.00,3,16,0,2,0,6,17,33,11.0,5.5,0,0,0,33,0,NA,0,0,85.7%,NA,NA,NA,0,NA,2,6,0.333,2.0,38,15.8%,0.87,0,NA,NA,NA,NA,NA,0.053,NA,33,NA,NA,vs MIN,32,·,16.2,-9.9
15,11628,Marvin Harrison Jr.,WR,23.1,ARI,0.0,0,0,0,0,0,0,0,0,0,0,0,0.0,0,0,0,0,0,0,0.00,0,0,0,0,0.00,0.00,0,0,0,0,0,0,0,0,0.0,0.0,0,0,0,0,0,NA,0,0,NA,NA,NA,NA,0,NA,0,0,NA,NA,NA,NA,NA,0,NA,NA,NA,NA,NA,NA,NA,0,NA,NA,@ HOU,30,OUT,OUT,OUT
15,5850,Josh Jacobs,RB,27.6,GB,6.0,6,7,23.2,22.2,21.2,1,1,1,66,36,0,0.0,0,0,0,0,0,0,0.00,73,0,0,0,0.00,0.00,2,19,1,0,1,3,0,19,9.5,6.3,12,0,2,92,1,28,73,6.08,54.5%,3,2.30,0.250,3,0.480,4,15,0.267,4.0,NA,7.5%,NA,0,NA,NA,NA,NA,NA,NA,NA,92,NA,NA,@ DEN,29,·,16.6,6.6
15,8150,Kyren Williams,RB,25.1,LAR,8.0,8,8,21.8,21.3,20.8,1,1,1,72,39,0,0.0,0,0,0,0,0,0,0.00,78,0,0,0,0.00,0.00,1,2,0,1,0,1,8,10,10.0,10.0,15,2,2,88,2,48,78,5.2,54.2%,4,3.20,0.267,4,0.587,5,16,0.313,5.0,NA,2.6%,NA,0,NA,NA,NA,NA,NA,NA,NA,88,NA,NA,vs DET,31,·,13.2,8.6
15,12481,Cam Skattebo,RB,23.6,NYG,999.0,999,999,0,0,0,1,0,0,0,0,0,0.0,0,0,0,0,0,0,0.00,0,0,0,0,0.00,0.00,0,0,0,0,0,0,0,0,0.0,0.0,0,0,0,0,0,NA,0,0,NA,NA,NA,NA,0,NA,0,0,NA,NA,NA,NA,NA,0,NA,NA,NA,NA,NA,NA,NA,0,NA,NA,vs WAS,6,IR,IR,IR
15,8155,Breece Hall,RB,24.3,NYJ,46.0,46,47,5.7,4.7,3.7,1,1,1,68,37,0,0.0,0,0,0,0,0,0,0.00,23,0,0,0,0.00,0.00,2,-2,0,0,0,2,16,14,7.0,7.0,12,0,1,37,0,23,23,1.92,54.4%,1,1.90,0.083,1,0.273,1,14,0.071,1.0,NA,6.1%,NA,0,NA,NA,NA,NA,NA,NA,NA,37,NA,NA,@ JAX,28,·,14.1,-8.4
15,9758,C.J. Stroud,QB,24.0,HOU,8.0,8,8,23.4,23.4,23.4,1,1,1,67,67,1,75.9,87,29,22,10,7,0,137.10,270,1,3,260,8.97,11.82,0,0,0,0,0,0,0,0,0.0,0.0,6,0,1,10,0,NA,10,1.67,100.0%,NA,NA,NA,1,NA,14,35,NA,NA,NA,NA,NA,13,44.8%,3.12,0.0%,40.6%,4.50,NA,32,270,+12.4%,+0.43,vs ARI,21,·,19.5,3.9
15,8183,Brock Purdy,QB,25.8,SF,4.0,4,4,26.2,26.2,26.2,1,1,1,74,74,1,76.7,168,30,23,15,7,0,140.30,339,2,3,295,9.83,12.83,0,0,0,0,0,0,0,0,0.0,0.0,7,0,4,44,0,NA,44,6.29,100.0%,NA,NA,NA,4,NA,22,37,NA,NA,NA,NA,NA,18,60.0%,3.28,10.0%,41.7%,9.00,NA,36,339,+14.5%,+0.47,vs TEN,9,·,22.9,3.3
15,3294,Dak Prescott,QB,32.2,DAL,25.0,25,25,11.96,11.96,11.96,1,1,1,70,70,0,60.5,137,38,23,12,15,0,84.80,296,2,0,294,7.74,12.78,0,0,0,0,0,0,0,0,0.0,0.0,1,0,0,2,0,NA,2,2,100.0%,NA,NA,NA,0,NA,12,39,NA,NA,NA,NA,NA,12,31.6%,2.77,13.2%,51.2%,8.60,NA,41,296,-1.6%,-0.03,vs MIN,30,·,22.5,-10.5
15,5859,A.J. Brown,WR,28.2,PHI,30.0,27,23,12.1,11.1,10.1,1,1,1,69,50,0,0.0,0,0,0,0,0,0,0.00,0,0,0,0,0.00,0.00,2,34,0,1,1,2,7,41,20.5,20.5,0,0,0,41,0,NA,0,0,72.5%,NA,NA,NA,0,NA,2,2,1.000,2.0,18,11.1%,2.28,0,NA,NA,NA,NA,NA,0.056,NA,41,NA,NA,vs LV,6,·,14.8,-2.7
15,12529,TreVeyon Henderson,RB,22.9,NE,3.0,3,3,30.1,29.1,28.1,1,1,0,52,25,0,0.0,0,0,0,0,0,0,0.00,148,0,0,0,0.00,0.00,2,-1,0,0,0,3,14,13,6.5,4.3,14,0,3,161,2,67,148,10.57,48.1%,2,4.80,0.143,5,0.623,5,17,0.294,5.0,NA,13.0%,NA,0,NA,NA,NA,NA,NA,NA,NA,161,NA,NA,vs BUF,7,·,14.1,16.0
15,11624,Xavier Worthy,WR,22.4,KC,68.0,66,63,5.5,4.5,3.5,1,1,0,61,41,0,0.0,0,0,0,0,0,0,0.00,0,0,0,0,0.00,0.00,2,21,0,1,0,4,14,35,17.5,8.8,0,0,0,35,0,NA,0,0,67.2%,NA,NA,NA,0,NA,1,4,0.250,1.0,29,12.1%,1.21,0,NA,NA,NA,NA,NA,0.034,NA,35,NA,NA,vs LAC,31,·,10.6,-5.1
15,10859,Sam LaPorta,TE,24.7,DET,999.0,999,999,0,0,0,1,0,0,0,0,0,0.0,0,0,0,0,0,0,0.00,0,0,0,0,0.00,0.00,0,0,0,0,0,0,0,0,0.0,0.0,0,0,0,0,0,NA,0,0,NA,NA,NA,NA,0,NA,0,0,NA,NA,NA,NA,NA,0,NA,NA,NA,NA,NA,NA,NA,0,NA,NA,@ LAR,17,IR,IR,IR
15,9484,Tucker Kraft,TE,24.9,GB,999.0,999,999,0,0,0,1,0,0,0,0,0,0.0,0,0,0,0,0,0,0.00,0,0,0,0,0.00,0.00,0,0,0,0,0,0,0,0,0.0,0.0,0,0,0,0,0,NA,0,0,NA,NA,NA,NA,0,NA,0,0,NA,NA,NA,NA,NA,0,NA,NA,NA,NA,NA,NA,NA,0,NA,NA,@ DEN,11,IR,IR,IR
15,3163,Jared Goff,QB,31.0,DET,5.0,5,5,25.52,25.52,25.52,1,1,1,64,64,0,61.0,243,41,25,14,16,0,111.60,338,1,3,338,8.24,13.52,0,0,0,0,0,0,0,0,0.0,0.0,0,0,0,0,0,NA,0,0,100.0%,NA,NA,NA,0,NA,17,41,NA,NA,NA,NA,NA,17,41.5%,2.92,12.2%,35.7%,9.60,NA,42,338,+6.3%,+0.28,@ LAR,23,·,19.0,6.5
15,9756,Jordan Addison,WR,23.7,MIN,44.0,43,38,8.6,7.6,6.6,1,1,1,55,35,0,0.0,0,0,0,0,0,0,0.00,0,0,0,0,0.00,0.00,2,48,0,1,0,2,18,66,33.0,33.0,0,0,0,66,0,NA,0,0,63.6%,NA,NA,NA,0,NA,1,2,0.500,1.0,17,8.3%,3.88,0,NA,NA,NA,NA,NA,0.059,NA,66,NA,NA,@ DAL,1,·,9.8,-1.2
15,12530,Travis Hunter,WR,22.4,JAX,999.0,999,999,0,0,0,1,0,0,0,0,0,0.0,0,0,0,0,0,0,0.00,0,0,0,0,0.00,0.00,0,0,0,0,0,0,0,0,0.0,0.0,0,0,0,0,0,NA,0,0,NA,NA,NA,NA,0,NA,0,0,NA,NA,NA,NA,NA,0,NA,NA,NA,NA,NA,NA,NA,0,NA,NA,vs NYJ,23,IR,IR,IR
15,5870,Daniel Jones,QB,28.3,IND,999.0,999,999,0,0,0,1,0,0,0,0,0,0.0,0,0,0,0,0,0,0.00,0,0,0,0,0.00,0.00,0,0,0,0,0,0,0,0,0.0,0.0,0,0,0,0,0,NA,0,0,NA,NA,NA,NA,0,NA,0,0,NA,NA,NA,NA,NA,0,NA,NA,NA,NA,NA,NA,NA,0,NA,NA,@ SEA,13,IR,IR,IR
15,7526,Jaylen Waddle,WR,26.8,MIA,72.0,72,74,4.6,3.6,2.6,1,1,1,50,42,0,0.0,0,0,0,0,0,0,0.00,0,0,0,0,0.00,0.00,2,21,0,2,0,4,5,26,13.0,6.5,0,0,0,26,0,NA,0,0,84.0%,NA,NA,NA,0,NA,2,4,0.500,2.0,28,14.3%,0.93,0,NA,NA,NA,NA,NA,0.071,NA,26,NA,NA,@ PIT,8,·,14.2,-9.6
15,6801,Tee Higgins,WR,26.7,CIN,0.0,0,0,0,0,0,0,0,0,0,0,0,0.0,0,0,0,0,0,0,0.00,0,0,0,0,0.00,0.00,0,0,0,0,0,0,0,0,0.0,0.0,0,0,0,0,0,NA,0,0,NA,NA,NA,NA,0,NA,0,0,NA,NA,NA,NA,NA,0,NA,NA,NA,NA,NA,NA,NA,0,NA,NA,vs BAL,11,OUT,OUT,OUT
15,9754,Quentin Johnston,WR,24.1,LAC,0.0,0,0,0,0,0,0,0,0,0,0,0,0.0,0,0,0,0,0,0,0.00,0,0,0,0,0.00,0.00,0,0,0,0,0,0,0,0,0.0,0.0,0,0,0,0,0,NA,0,0,NA,NA,NA,NA,0,NA,0,0,NA,NA,NA,NA,NA,0,NA,NA,NA,NA,NA,NA,NA,0,NA,NA,@ KC,19,OUT,OUT,OUT
15,7525,DeVonta Smith,WR,26.9,PHI,54.0,53,48,7,6,5,1,1,0,69,36,0,0.0,0,0,0,0,0,0,0.00,0,0,0,0,0.00,0.00,2,43,0,2,0,2,7,50,25.0,25.0,0,0,0,50,0,NA,0,0,52.2%,NA,NA,NA,0,NA,2,2,1.000,2.0,14,11.1%,3.57,0,NA,NA,NA,NA,NA,0.143,NA,50,NA,NA,vs LV,6,·,14.0,-7.0
15,5846,DK Metcalf,WR,27.8,PIT,22.0,21,16,14.5,13,11.5,1,1,1,66,52,0,0.0,0,0,0,0,0,0,0.00,0,0,0,0,0.00,0.00,3,33,0,1,1,3,22,55,18.3,18.3,0,0,0,55,0,NA,0,0,78.8%,NA,NA,NA,0,NA,2,3,0.667,2.0,25,11.1%,2.20,0,NA,NA,NA,NA,NA,0.040,NA,55,NA,NA,vs MIA,25,·,14.3,0.2
15,9997,Zay Flowers,WR,25.0,BAL,20.0,17,15,15.8,14.3,12.8,1,1,1,41,32,0,0.0,0,0,0,0,0,0,0.00,0,0,0,0,0.00,0.00,3,68,1,2,1,5,0,68,22.7,13.6,0,0,0,68,0,NA,0,0,78.0%,NA,NA,NA,0,NA,3,5,0.600,3.0,17,41.7%,4.00,0,NA,NA,NA,NA,NA,0.118,NA,68,NA,NA,@ CIN,27,·,17.0,-1.2
15,12522,Cam Ward,QB,23.3,TEN,22.0,22,22,15,15,15,1,1,1,53,53,0,62.1,70,29,18,6,11,0,101.20,172,0,2,170,5.86,9.44,0,0,0,0,0,0,0,0,0.0,0.0,1,0,1,2,0,NA,2,2,100.0%,NA,NA,NA,1,NA,9,30,NA,NA,NA,NA,NA,8,27.6%,3.26,10.3%,27.6%,6.40,NA,29,172,-6.0%,-0.05,@ SF,22,·,15.0,0.0
15,11638,Ricky Pearsall,WR,25.0,SF,21.0,22,26,15.6,12.6,9.6,1,1,1,74,43,0,0.0,0,0,0,0,0,0,0.00,0,0,0,0,0.00,0.00,6,75,0,5,0,7,21,96,16.0,13.7,0,0,0,96,0,NA,0,0,58.1%,NA,NA,NA,0,NA,5,7,0.714,5.0,23,23.3%,4.17,0,NA,NA,NA,NA,NA,0.217,NA,96,NA,NA,vs TEN,10,·,10.7,4.9
15,8144,Chris Olave,WR,25.2,NO,9.0,10,10,20.5,17.5,14.5,1,1,1,69,58,0,0.0,0,0,0,0,0,0,0.00,0,0,0,0,0.00,0.00,6,79,0,4,1,9,6,85,14.2,9.4,0,0,0,85,0,NA,0,0,84.1%,NA,NA,NA,0,NA,5,9,0.556,5.0,36,27.3%,2.36,0,NA,NA,NA,NA,NA,0.111,NA,85,NA,NA,vs CAR,24,·,15.0,5.5
15,11559,Michael Penix Jr.,QB,25.4,ATL,999.0,999,999,0,0,0,1,0,0,0,0,0,0.0,0,0,0,0,0,0,0.00,0,0,0,0,0.00,0.00,0,0,0,0,0,0,0,0,0.0,0.0,0,0,0,0,0,NA,0,0,NA,NA,NA,NA,0,NA,0,0,NA,NA,NA,NA,NA,0,NA,NA,NA,NA,NA,NA,NA,0,NA,NA,@ TB,2,IR,IR,IR
15,8151,Kenneth Walker III,RB,24.9,SEA,55.0,56,57,2.9,2.4,1.9,1,1,1,60,25,0,0.0,0,0,0,0,0,0,0.00,17,0,0,0,0.00,0.00,1,0,0,0,0,1,2,2,2.0,2.0,9,0,0,19,0,14,17,1.89,41.7%,2,1.50,0.222,0,0.372,0,10,0.000,0.0,NA,2.8%,NA,0,NA,NA,NA,NA,NA,NA,NA,19,NA,NA,vs IND,20,·,12.8,-9.9
15,12501,Matthew Golden,WR,22.2,GB,47.0,46,43,8.5,7,5.5,1,1,0,66,23,0,0.0,0,0,0,0,0,0,0.00,0,0,0,0,0.00,0.00,3,49,0,3,0,4,6,55,18.3,13.8,0,0,0,55,0,NA,0,0,34.8%,NA,NA,NA,0,NA,3,4,0.750,3.0,19,10.0%,2.89,0,NA,NA,NA,NA,NA,0.158,NA,55,NA,NA,@ DEN,28,·,2.7,5.8
15,5849,Kyler Murray,QB,28.1,ARI,999.0,999,999,0,0,0,1,0,0,0,0,0,0.0,0,0,0,0,0,0,0.00,0,0,0,0,0.00,0.00,0,0,0,0,0,0,0,0,0.0,0.0,0,0,0,0,0,NA,0,0,NA,NA,NA,NA,0,NA,0,0,NA,NA,NA,NA,NA,0,NA,NA,NA,NA,NA,NA,NA,0,NA,NA,@ HOU,32,IR,IR,IR
15,11565,J.J. McCarthy,QB,22.7,MIN,7.0,7,7,24.5,24.5,24.5,1,1,1,55,55,0,62.5,160,24,15,9,9,1,108.00,265,0,2,250,10.42,16.67,0,0,0,0,0,0,0,0,0.0,0.0,4,1,1,15,1,NA,15,3.75,100.0%,NA,NA,NA,2,NA,13,28,NA,NA,NA,NA,NA,11,45.8%,2.97,8.3%,22.2%,10.40,NA,27,265,-3.3%,+0.52,@ DAL,1,·,20.0,4.5
15,7588,Javonte Williams,RB,25.4,DAL,16.0,15,12,15.1,15.1,15.1,1,1,1,70,20,0,0.0,0,0,0,0,0,0,0.00,91,0,0,0,0.00,0.00,0,0,0,0,0,0,0,0,0.0,0.0,15,0,6,91,1,50,91,6.07,28.6%,1,3.30,0.067,7,0.397,7,15,0.467,7.0,NA,0.0%,NA,0,NA,NA,NA,NA,NA,NA,NA,91,NA,NA,vs MIN,22,·,17.0,-1.9
15,7523,Trevor Lawrence,QB,26.0,JAX,1.0,1,1,44.3,44.3,44.3,1,1,1,62,54,0,62.5,226,32,20,11,12,0,136.70,381,0,5,330,10.31,16.50,0,0,0,0,0,0,0,0,0.0,0.0,5,0,2,51,1,NA,51,10.2,87.1%,NA,NA,NA,3,NA,19,37,NA,NA,NA,NA,NA,16,50.0%,2.91,12.5%,25.0%,11.50,NA,36,381,+5.1%,+0.76,vs NYJ,16,·,18.7,25.6
15,8148,Jameson Williams,WR,24.5,DET,3.0,3,3,26.4,22.9,19.4,1,1,1,64,58,0,0.0,0,0,0,0,0,0,0.00,0,0,0,0,0.00,0.00,7,115,1,5,1,9,19,134,19.1,14.9,0,0,0,134,0,NA,0,0,90.6%,NA,NA,NA,0,NA,6,9,0.667,6.0,40,22.0%,3.35,0,NA,NA,NA,NA,NA,0.125,NA,134,NA,NA,@ LAR,15,·,13.3,13.1
15,4943,Sam Darnold,QB,28.3,SEA,28.0,28,28,11.34,11.34,11.34,1,1,1,60,60,1,61.1,146,36,22,9,14,0,84.40,276,1,0,271,7.53,12.32,0,0,0,0,0,0,0,0,0.0,0.0,4,0,2,5,0,NA,5,1.25,100.0%,NA,NA,NA,2,NA,11,40,NA,NA,NA,NA,NA,9,25.0%,2.83,5.6%,23.1%,7.30,NA,39,276,-4.0%,+0.01,vs IND,17,·,20.0,-8.7
15,12533,Jacory Croskey-Merritt,RB,24.5,WAS,15.0,13,10,15.6,15.6,15.6,1,1,0,61,32,1,0.0,0,0,0,0,0,0,0.00,96,0,0,0,0.00,0.00,0,0,0,0,0,0,0,0,0.0,0.0,18,1,6,96,1,61,96,5.33,52.5%,5,3.40,0.278,7,0.618,7,18,0.389,7.0,NA,0.0%,NA,0,NA,NA,NA,NA,NA,NA,NA,96,NA,NA,@ NYG,2,·,10.3,5.3
15,12489,RJ Harvey,RB,24.6,DEN,27.0,24,20,10.5,10.5,10.5,1,1,1,68,46,1,0.0,0,0,0,0,0,0,0.00,65,0,0,0,0.00,0.00,0,0,1,0,0,1,0,0,0.0,0.0,19,0,1,65,1,40,65,3.42,67.6%,3,2.10,0.158,2,0.368,2,20,0.100,2.0,NA,2.9%,NA,0,NA,NA,NA,NA,NA,NA,NA,65,NA,NA,vs GB,25,·,13.8,-3.3
15,7543,Travis Etienne,RB,26.7,JAX,1.0,2,2,31.5,30,28.5,1,1,1,62,38,0,0.0,0,0,0,0,0,0,0.00,32,0,0,0,0.00,0.00,3,18,0,0,3,4,55,73,24.3,18.3,12,1,3,105,0,31,32,2.67,61.3%,3,2.60,0.250,3,0.510,6,16,0.375,6.0,NA,12.5%,NA,0,NA,NA,NA,NA,NA,NA,NA,105,NA,NA,vs NYJ,3,·,14.3,17.2
15,3198,Derrick Henry,RB,31.7,BAL,29.0,27,22,10,10,10,1,1,1,41,15,0,0.0,0,0,0,0,0,0,0.00,100,0,0,0,0.00,0.00,0,0,0,0,0,0,0,0,0.0,0.0,11,0,4,100,0,63,100,9.09,36.6%,3,5.70,0.273,4,0.843,4,11,0.364,4.0,NA,0.0%,NA,0,NA,NA,NA,NA,NA,NA,NA,100,NA,NA,@ CIN,1,·,17.2,-7.2
15,9224,Chase Brown,RB,25.5,CIN,13.0,19,29,16,12.5,9,1,1,1,76,47,0,0.0,0,0,0,0,0,0,0.00,53,0,0,0,0.00,0.00,7,8,0,2,0,7,29,37,5.3,5.3,13,0,3,90,0,44,53,4.08,61.8%,4,3.40,0.308,3,0.648,5,20,0.250,5.0,NA,17.9%,NA,0,NA,NA,NA,NA,NA,NA,NA,90,NA,NA,vs BAL,14,·,13.4,2.6
15,8110,Jake Ferguson,TE,26.7,DAL,41.0,41,44,3.6,2.6,1.6,1,1,0,70,50,0,0.0,0,0,0,0,0,0,0.00,0,0,0,0,0.00,0.00,2,3,0,0,0,4,13,16,8.0,4.0,0,0,0,16,0,NA,0,0,71.4%,NA,NA,NA,0,NA,0,4,0.000,0.0,29,10.5%,0.55,0,NA,NA,NA,NA,NA,0.000,NA,16,NA,NA,vs MIN,18,·,10.2,-6.6
15,5045,Courtland Sutton,WR,30.0,DEN,4.0,6,6,24.3,20.8,17.3,1,1,1,68,60,0,0.0,0,0,0,0,0,0,0.00,0,0,0,0,0.00,0.00,7,96,0,4,1,10,17,113,16.1,11.3,0,0,0,113,0,NA,0,0,88.2%,NA,NA,NA,0,NA,5,10,0.500,5.0,36,29.4%,3.14,0,NA,NA,NA,NA,NA,0.111,NA,113,NA,NA,vs GB,21,·,11.8,12.5
15,12506,Harold Fannin,TE,21.2,CLE,11.0,14,19,12,8.5,5,1,1,1,57,55,0,0.0,0,0,0,0,0,0,0.00,2,0,0,0,0.00,0.00,7,28,0,2,0,14,20,48,6.9,3.4,1,0,0,50,0,NA,2,2,96.5%,NA,NA,NA,0,NA,2,15,0.133,2.0,41,40.0%,1.17,0,NA,NA,NA,NA,NA,0.049,NA,50,NA,NA,@ CHI,14,·,14.6,-2.6
15,4217,George Kittle,TE,32.0,SF,6.0,6,7,22.8,18.8,14.8,1,1,1,74,71,0,0.0,0,0,0,0,0,0,0.00,0,0,0,0,0.00,0.00,8,10,0,4,1,9,78,88,11.0,9.8,0,0,0,88,0,NA,0,0,95.9%,NA,NA,NA,0,NA,5,9,0.556,5.0,31,30.0%,2.84,0,NA,NA,NA,NA,NA,0.129,NA,88,NA,NA,vs TEN,16,·,14.6,8.2
15,2133,Davante Adams,WR,32.8,LAR,35.0,33,34,11.1,9.1,7.1,1,1,1,72,33,0,0.0,0,0,0,0,0,0,0.00,0,0,0,0,0.00,0.00,4,62,0,4,0,9,9,71,17.8,7.9,0,0,0,71,0,NA,0,0,45.8%,NA,NA,NA,0,NA,4,9,0.444,4.0,25,23.7%,2.84,0,NA,NA,NA,NA,NA,0.160,NA,71,NA,NA,vs DET,2,·,15.7,-4.6
15,12517,Colston Loveland,TE,21.5,CHI,16.0,16,17,10.1,8.1,6.1,1,1,1,66,43,0,0.0,0,0,0,0,0,0,0.00,-2,0,0,0,0.00,0.00,4,36,0,4,0,5,27,63,15.8,12.6,1,0,0,61,0,NA,-2,-2,65.2%,NA,NA,NA,0,NA,4,6,0.667,4.0,21,17.9%,3.00,0,NA,NA,NA,NA,NA,0.190,NA,61,NA,NA,vs CLE,20,·,8.8,1.3
15,12519,Luther Burden,WR,21.8,CHI,23.0,26,28,14.4,11.4,8.4,1,1,0,66,26,0,0.0,0,0,0,0,0,0,0.00,0,0,0,0,0.00,0.00,6,36,1,2,0,7,48,84,14.0,12.0,0,0,0,84,0,NA,0,0,39.4%,NA,NA,NA,0,NA,2,7,0.286,2.0,16,25.0%,5.25,0,NA,NA,NA,NA,NA,0.125,NA,84,NA,NA,vs CLE,26,·,8.8,5.6
15,9228,Bryce Young,QB,24.2,CAR,21.0,21,21,15.42,15.42,15.42,1,1,1,57,57,0,62.5,113,24,15,6,9,0,96.40,212,1,1,163,6.79,10.87,0,0,0,0,0,0,0,0,0.0,0.0,7,0,3,49,0,NA,49,7,100.0%,NA,NA,NA,3,NA,10,31,NA,NA,NA,NA,NA,7,29.2%,3.26,8.3%,46.9%,8.20,NA,32,212,+2.9%,+0.32,@ NO,24,·,17.7,-2.3
15,8408,Jordan Mason,RB,26.4,MIN,56.0,54,51,2.9,2.9,2.9,1,1,0,55,20,0,0.0,0,0,0,0,0,0,0.00,29,0,0,0,0.00,0.00,0,0,0,0,0,0,0,0,0.0,0.0,10,1,1,29,0,31,29,2.9,36.4%,4,3.10,0.400,1,0.710,1,10,0.100,1.0,NA,0.0%,NA,0,NA,NA,NA,NA,NA,NA,NA,29,NA,NA,@ DAL,8,·,8.1,-5.2
15,6819,Michael Pittman,WR,28.0,IND,66.0,68,72,5.6,4.1,2.6,1,1,1,60,56,0,0.0,0,0,0,0,0,0,0.00,0,0,0,0,0.00,0.00,3,9,0,2,0,5,17,26,8.7,5.2,0,0,0,26,0,NA,0,0,93.3%,NA,NA,NA,0,NA,2,5,0.400,2.0,28,18.5%,0.93,0,NA,NA,NA,NA,NA,0.071,NA,26,NA,NA,@ SEA,12,·,11.9,-6.3
15,8228,Jaylen Warren,RB,26.9,PIT,38.0,40,41,7.8,6.3,4.8,1,1,1,66,30,0,0.0,0,0,0,0,0,0,0.00,33,0,0,0,0.00,0.00,3,-13,0,1,0,3,28,15,5.0,5.0,12,0,1,48,0,30,33,2.75,45.5%,1,2.50,0.083,1,0.333,2,15,0.133,2.0,NA,11.1%,NA,0,NA,NA,NA,NA,NA,NA,NA,48,NA,NA,vs MIA,18,·,13.2,-5.4
15,10236,Dalton Kincaid,TE,25.9,BUF,25.0,26,24,6.4,4.9,3.4,1,1,0,70,25,0,0.0,0,0,0,0,0,0,0.00,0,0,0,0,0.00,0.00,3,28,0,1,0,4,6,34,11.3,8.5,0,0,0,34,0,NA,0,0,35.7%,NA,NA,NA,0,NA,1,4,0.250,1.0,14,14.3%,2.43,0,NA,NA,NA,NA,NA,0.071,NA,34,NA,NA,@ NE,13,·,9.7,-3.3
15,5892,David Montgomery,RB,28.3,DET,34.0,30,28,9.2,9.2,9.2,1,1,0,64,18,0,0.0,0,0,0,0,0,0,0.00,32,0,0,0,0.00,0.00,0,0,0,0,0,1,0,0,0.0,0.0,7,0,2,32,1,27,32,4.57,28.1%,6,3.80,0.857,3,1.237,3,8,0.375,3.0,NA,2.4%,NA,0,NA,NA,NA,NA,NA,NA,NA,32,NA,NA,@ LAR,30,·,9.0,0.2
15,11589,Trey Benson,RB,23.2,ARI,999.0,999,999,0,0,0,1,0,0,0,0,0,0.0,0,0,0,0,0,0,0.00,0,0,0,0,0.00,0.00,0,0,0,0,0,0,0,0,0.0,0.0,0,0,0,0,0,NA,0,0,NA,NA,NA,NA,0,NA,0,0,NA,NA,NA,NA,NA,0,NA,NA,NA,NA,NA,NA,NA,0,NA,NA,@ HOU,24,IR,IR,IR
15,9753,Zach Charbonnet,RB,24.7,SEA,53.0,53,50,3.1,3.1,3.1,1,1,0,60,33,0,0.0,0,0,0,0,0,0,0.00,31,0,0,0,0.00,0.00,0,0,0,0,0,1,0,0,0.0,0.0,8,0,4,31,0,16,31,3.88,55.0%,0,2.00,0.000,4,0.200,4,9,0.444,4.0,NA,2.8%,NA,0,NA,NA,NA,NA,NA,NA,NA,31,NA,NA,vs IND,20,·,8.2,-5.1
15,7553,Kyle Pitts,TE,25.0,ATL,1.0,1,1,45.6,40.1,34.6,1,1,1,71,68,0,0.0,0,0,0,0,0,0,0.00,0,0,0,0,0.00,0.00,11,85,0,5,3,12,81,166,15.1,13.8,0,0,0,166,0,NA,0,0,95.8%,NA,NA,NA,0,NA,8,12,0.667,8.0,42,27.3%,3.95,0,NA,NA,NA,NA,NA,0.119,NA,166,NA,NA,@ TB,2,·,12.1,33.5
15,7594,Chuba Hubbard,RB,26.3,CAR,49.0,49,46,4.8,4.3,3.8,1,1,0,57,24,0,0.0,0,0,0,0,0,0,0.00,29,0,0,0,0.00,0.00,1,-5,0,1,0,1,14,9,9.0,9.0,8,0,2,38,0,23,29,3.63,42.1%,1,2.90,0.125,2,0.415,3,9,0.333,3.0,NA,4.2%,NA,0,NA,NA,NA,NA,NA,NA,NA,38,NA,NA,@ NO,15,·,8.3,-3.5
15,5927,Terry McLaurin,WR,30.0,WAS,19.0,16,14,15.9,14.4,12.9,1,1,1,61,46,0,0.0,0,0,0,0,0,0,0.00,0,0,0,0,0.00,0.00,3,48,0,2,1,4,21,69,23.0,17.3,0,0,0,69,0,NA,0,0,75.4%,NA,NA,NA,0,NA,3,4,0.750,3.0,23,21.1%,3.00,0,NA,NA,NA,NA,NA,0.087,NA,69,NA,NA,@ NYG,5,·,13.1,2.8
15,6806,J.K. Dobbins,RB,26.8,DEN,999.0,999,999,0,0,0,1,0,0,0,0,0,0.0,0,0,0,0,0,0,0.00,0,0,0,0,0.00,0.00,0,0,0,0,0,0,0,0,0.0,0.0,0,0,0,0,0,NA,0,0,NA,NA,NA,NA,0,NA,0,0,NA,NA,NA,NA,NA,0,NA,NA,NA,NA,NA,NA,NA,0,NA,NA,vs GB,25,IR,IR,IR
15,7021,Rico Dowdle,RB,27.3,CAR,22.0,20,19,12.4,11.9,11.4,1,1,1,57,34,0,0.0,0,0,0,0,0,0,0.00,49,0,0,0,0.00,0.00,1,1,0,0,0,1,4,5,5.0,5.0,16,0,1,54,1,38,49,3.06,59.6%,0,2.40,0.000,2,0.240,2,17,0.118,2.0,NA,4.2%,NA,0,NA,NA,NA,NA,NA,NA,NA,54,NA,NA,@ NO,15,·,10.1,2.3
15,11637,Keon Coleman,WR,22.4,BUF,999.0,999,999,0,0,0,1,1,0,70,39,0,0.0,0,0,0,0,0,0,0.00,0,0,0,0,0.00,0.00,0,0,0,0,0,0,0,0,0.0,0.0,0,0,0,0,0,NA,0,0,55.7%,NA,NA,NA,0,NA,0,0,NA,0.0,19,0.0%,0.00,0,NA,NA,NA,NA,NA,0.000,NA,0,NA,NA,@ NE,14,·,5.7,-5.7
15,6790,D'Andre Swift,RB,26.7,CHI,7.0,7,5,22.6,22.1,21.6,1,1,1,66,37,0,0.0,0,0,0,0,0,0,0.00,98,0,0,0,0.00,0.00,1,-5,0,0,0,1,3,-2,-2.0,-2.0,18,3,4,96,2,61,98,5.44,56.1%,7,3.40,0.389,6,0.729,6,19,0.316,6.0,NA,3.6%,NA,0,NA,NA,NA,NA,NA,NA,NA,96,NA,NA,vs CLE,21,·,10.8,11.8
15,4983,D.J. Moore,WR,28.4,CHI,7.0,5,4,22.9,20.9,18.9,1,1,1,66,58,0,0.0,0,0,0,0,0,0,0.00,0,0,0,0,0.00,0.00,4,64,0,2,2,5,5,69,17.3,13.8,0,0,0,69,0,NA,0,0,87.9%,NA,NA,NA,0,NA,4,5,0.800,4.0,29,17.9%,2.38,0,NA,NA,NA,NA,NA,0.069,NA,69,NA,NA,vs CLE,26,·,10.5,12.4
15,12474,Woody Marks,RB,24.8,HOU,25.0,25,23,10.8,10.3,9.8,1,1,1,67,15,0,0.0,0,0,0,0,0,0,0.00,30,0,0,0,0.00,0.00,1,1,0,0,0,1,7,8,8.0,8.0,7,0,3,38,0,19,30,4.29,22.4%,2,2.70,0.286,3,0.556,3,8,0.375,3.0,NA,3.4%,NA,0,NA,NA,NA,NA,NA,NA,NA,38,NA,NA,vs ARI,4,·,15.5,-4.7
15,5872,Deebo Samuel,WR,29.7,WAS,53.0,54,52,7.3,5.8,4.3,1,1,1,61,37,0,0.0,0,0,0,0,0,0,0.00,0,0,0,0,0.00,0.00,3,27,1,3,0,5,16,43,14.3,8.6,0,0,0,43,0,NA,0,0,60.7%,NA,NA,NA,0,NA,3,5,0.600,3.0,22,26.3%,1.95,0,NA,NA,NA,NA,NA,0.136,NA,43,NA,NA,@ NYG,5,·,13.1,-5.8
15,12499,Elic Ayomanor,WR,22.3,TEN,86.0,84,81,2.7,2.2,1.7,1,1,1,53,43,0,0.0,0,0,0,0,0,0,0.00,0,0,0,0,0.00,0.00,1,15,0,1,0,1,2,17,17.0,17.0,0,0,0,17,0,NA,0,0,81.1%,NA,NA,NA,0,NA,1,1,1.000,1.0,25,3.4%,0.68,0,NA,NA,NA,NA,NA,0.040,NA,17,NA,NA,@ SF,29,·,7.6,-4.9
15,7591,Justin Fields,QB,26.6,NYJ,0.0,0,0,0,0,0,0,0,0,0,0,0,0.0,0,0,0,0,0,0,0.00,0,0,0,0,0.00,0.00,0,0,0,0,0,0,0,0,0.0,0.0,0,0,0,0,0,NA,0,0,NA,NA,NA,NA,0,NA,0,0,NA,NA,NA,NA,NA,0,NA,NA,NA,NA,NA,NA,NA,0,NA,NA,@ JAX,10,OUT,OUT,OUT
15,12490,Bhayshul Tuten,RB,22.6,JAX,33.0,31,30,9.3,8.8,8.3,1,1,0,62,11,0,0.0,0,0,0,0,0,0,0.00,7,0,0,0,0.00,0.00,1,13,0,0,1,1,3,16,16.0,16.0,1,0,0,23,0,5,7,7,17.7%,0,5.00,0.000,0,0.500,1,2,0.500,1.0,NA,3.1%,NA,0,NA,NA,NA,NA,NA,NA,NA,23,NA,NA,vs NYJ,3,·,5.6,3.7
15,9500,Josh Downs,WR,24.1,IND,39.0,35,33,10.3,8.8,7.3,1,1,1,60,43,0,0.0,0,0,0,0,0,0,0.00,0,0,0,0,0.00,0.00,3,7,0,0,1,5,6,13,4.3,2.6,0,0,0,13,0,NA,0,0,71.7%,NA,NA,NA,0,NA,1,5,0.200,1.0,25,18.5%,0.52,0,NA,NA,NA,NA,NA,0.000,NA,13,NA,NA,@ SEA,12,·,9.5,0.8
15,2216,Mike Evans,WR,32.1,TB,11.0,12,11,19.2,16.2,13.2,1,1,1,69,38,0,0.0,0,0,0,0,0,0,0.00,0,0,0,0,0.00,0.00,6,122,0,6,0,12,10,132,22.0,11.0,0,0,0,132,0,NA,0,0,55.1%,NA,NA,NA,0,NA,6,12,0.500,6.0,28,35.3%,4.71,0,NA,NA,NA,NA,NA,0.214,NA,132,NA,NA,vs ATL,3,·,11.7,7.5
15,4035,Alvin Kamara,RB,30.2,NO,0.0,0,0,0,0,0,0,0,0,0,0,0,0.0,0,0,0,0,0,0,0.00,0,0,0,0,0.00,0.00,0,0,0,0,0,0,0,0,0.0,0.0,0,0,0,0,0,NA,0,0,NA,NA,NA,NA,0,NA,0,0,NA,NA,NA,NA,NA,0,NA,NA,NA,NA,NA,NA,NA,0,NA,NA,vs CAR,10,OUT,OUT,OUT
15,421,Matthew Stafford,QB,37.6,LAR,11.0,11,11,21.92,21.92,21.92,1,1,1,72,72,1,63.2,248,38,24,18,14,1,101.60,370,2,2,368,9.68,15.33,0,0,0,0,0,0,0,0,0.0,0.0,1,0,0,2,0,NA,2,2,100.0%,NA,NA,NA,0,NA,20,39,NA,NA,NA,NA,NA,20,52.6%,2.79,26.3%,29.3%,12.50,NA,41,370,+3.3%,+0.33,vs DET,5,·,21.4,0.5
15,12484,Jayden Higgins,WR,22.8,HOU,99.0,99,100,1.4,0.9,0.4,1,1,1,67,48,0,0.0,0,0,0,0,0,0,0.00,0,0,0,0,0.00,0.00,1,4,0,0,0,1,0,4,4.0,4.0,0,0,0,4,0,NA,0,0,71.6%,NA,NA,NA,0,NA,0,1,0.000,0.0,20,3.4%,0.20,0,NA,NA,NA,NA,NA,0.000,NA,4,NA,NA,vs ARI,17,·,10.2,-8.8
15,8134,Khalil Shakir,WR,25.6,BUF,33.0,34,39,11.5,9,6.5,1,1,0,70,48,0,0.0,0,0,0,0,0,0,0.00,0,0,0,0,0.00,0.00,5,44,0,2,0,5,21,65,13.0,13.0,0,0,0,65,0,NA,0,0,68.6%,NA,NA,NA,0,NA,2,5,0.400,2.0,26,17.9%,2.50,0,NA,NA,NA,NA,NA,0.077,NA,65,NA,NA,@ NE,14,·,12.9,-1.4
15,6803,Brandon Aiyuk,WR,27.5,SF,999.0,999,999,0,0,0,1,0,0,74,0,0,0.0,0,0,0,0,0,0,0.00,0,0,0,0,0.00,0.00,0,0,0,0,0,0,0,0,0.0,0.0,0,0,0,0,0,NA,0,0,0.0%,NA,NA,NA,0,NA,0,0,NA,NA,NA,NA,NA,0,NA,NA,NA,NA,NA,NA,NA,0,NA,NA,vs TEN,10,DNR,DNR,DNR
15,12498,Mason Taylor,TE,21.4,NYJ,0.0,0,0,0,0,0,0,0,0,0,0,0,0.0,0,0,0,0,0,0,0.00,0,0,0,0,0.00,0.00,0,0,0,0,0,0,0,0,0.0,0.0,0,0,0,0,0,NA,0,0,NA,NA,NA,NA,0,NA,0,0,NA,NA,NA,NA,NA,0,NA,NA,NA,NA,NA,NA,NA,0,NA,NA,@ JAX,6,OUT,OUT,OUT
15,10222,Jayden Reed,WR,25.4,GB,37.0,42,42,10.5,8,5.5,1,1,0,66,43,0,0.0,0,0,0,0,0,0,0.00,0,0,0,0,0.00,0.00,5,20,1,2,0,6,35,55,11.0,9.2,0,0,0,55,0,NA,0,0,65.2%,NA,NA,NA,0,NA,2,6,0.333,2.0,31,15.0%,1.77,0,NA,NA,NA,NA,NA,0.065,NA,55,NA,NA,@ DEN,28,·,7.4,3.1
15,5844,T.J. Hockenson,TE,28.2,MIN,12.0,13,14,10.6,8.6,6.6,1,1,1,55,44,0,0.0,0,0,0,0,0,0,0.00,0,0,0,0,0.00,0.00,4,46,0,3,0,5,20,66,16.5,13.2,0,0,0,66,0,NA,0,0,80.0%,NA,NA,NA,0,NA,3,5,0.600,3.0,21,20.8%,3.14,0,NA,NA,NA,NA,NA,0.143,NA,66,NA,NA,@ DAL,15,·,8.4,2.2
15,6783,Jerry Jeudy,WR,26.4,CLE,75.0,76,77,4.2,3.2,2.2,1,1,0,57,55,0,0.0,0,0,0,0,0,0,0.00,0,0,0,0,0.00,0.00,2,22,0,2,0,4,0,22,11.0,5.5,0,0,0,22,0,NA,0,0,96.5%,NA,NA,NA,0,NA,2,4,0.500,2.0,42,11.4%,0.52,0,NA,NA,NA,NA,NA,0.048,NA,22,NA,NA,@ CHI,4,·,8.9,-4.7
15,8126,Wan'Dale Robinson,WR,24.7,NYG,18.0,20,19,16.4,13.9,11.4,1,1,1,68,67,0,0.0,0,0,0,0,0,0,0.00,0,0,0,0,0.00,0.00,5,31,0,2,1,10,23,54,10.8,5.4,0,0,0,54,0,NA,0,0,98.5%,NA,NA,NA,0,NA,3,10,0.300,3.0,43,27.0%,1.26,0,NA,NA,NA,NA,NA,0.047,NA,54,NA,NA,vs WAS,9,·,14.1,2.3
15,8121,Romeo Doubs,WR,25.5,GB,64.0,64,59,5.6,4.6,3.6,1,1,1,66,50,0,0.0,0,0,0,0,0,0,0.00,0,0,0,0,0.00,0.00,2,25,0,2,0,3,11,36,18.0,12.0,0,0,0,36,0,NA,0,0,75.8%,NA,NA,NA,0,NA,2,3,0.667,2.0,33,7.5%,1.09,0,NA,NA,NA,NA,NA,0.061,NA,36,NA,NA,@ DEN,28,·,8.3,-2.7
15,5947,Jakobi Meyers,WR,28.9,JAX,31.0,31,36,12.1,9.6,7.1,1,1,1,62,54,0,0.0,0,0,0,0,0,0,0.00,0,0,0,0,0.00,0.00,5,60,0,5,0,7,11,71,14.2,10.1,0,0,0,71,0,NA,0,0,87.1%,NA,NA,NA,0,NA,5,7,0.714,5.0,35,21.9%,2.03,0,NA,NA,NA,NA,NA,0.143,NA,71,NA,NA,vs NYJ,23,·,11.6,0.5
15,12504,Kaleb Johnson,RB,22.1,PIT,76.0,76,72,0.4,0.4,0.4,1,1,0,66,2,0,0.0,0,0,0,0,0,0,0.00,4,0,0,0,0.00,0.00,0,0,0,0,0,0,0,0,0.0,0.0,2,0,0,4,0,NA,4,2,3.0%,NA,NA,NA,0,NA,0,2,0.000,0.0,NA,NA,NA,0,NA,NA,NA,NA,NA,NA,NA,4,NA,NA,vs MIA,18,·,1.3,-0.9
15,12497,Tory Horton,WR,22.8,SEA,999.0,999,999,0,0,0,1,0,0,0,0,0,0.0,0,0,0,0,0,0,0.00,0,0,0,0,0.00,0.00,0,0,0,0,0,0,0,0,0.0,0.0,0,0,0,0,0,NA,0,0,NA,NA,NA,NA,0,NA,0,0,NA,NA,NA,NA,NA,0,NA,NA,NA,NA,NA,NA,NA,0,NA,NA,vs IND,7,IR,IR,IR
15,11627,Troy Franklin,WR,22.6,DEN,8.0,9,9,20.8,17.8,14.8,1,1,0,68,34,0,0.0,0,0,0,0,0,0,0.00,3,0,0,0,0.00,0.00,6,57,0,3,1,6,28,85,14.2,14.2,1,0,0,88,0,NA,3,3,50.0%,NA,NA,NA,0,NA,4,7,0.571,4.0,22,17.6%,3.86,0,NA,NA,NA,NA,NA,0.136,NA,88,NA,NA,vs GB,21,·,8.1,12.7
15,8676,Rashid Shaheed,WR,27.1,SEA,28.0,30,35,12.1,9.6,7.1,1,1,0,60,41,0,0.0,0,0,0,0,0,0,0.00,-3,0,0,0,0.00,0.00,5,68,0,3,0,7,6,74,14.8,10.6,1,0,0,71,0,NA,-3,-3,68.3%,NA,NA,NA,0,NA,3,8,0.375,3.0,30,19.4%,2.47,0,NA,NA,NA,NA,NA,0.100,NA,71,NA,NA,vs IND,7,·,8.3,3.8
15,4037,Chris Godwin,WR,29.6,TB,24.0,23,24,14,12,10,1,1,1,69,66,0,0.0,0,0,0,0,0,0,0.00,0,0,0,0,0.00,0.00,4,9,0,1,1,5,11,20,5.0,4.0,0,0,0,20,0,NA,0,0,95.7%,NA,NA,NA,0,NA,2,5,0.400,2.0,38,14.7%,0.53,0,NA,NA,NA,NA,NA,0.026,NA,20,NA,NA,vs ATL,3,·,11.5,2.5
15,12495,Ollie Gordon,RB,21.7,MIA,999.0,999,999,0,0,0,1,1,0,50,6,0,0.0,0,0,0,0,0,0,0.00,0,0,0,0,0.00,0.00,0,0,0,0,0,0,0,0,0.0,0.0,2,0,0,0,0,NA,0,0,12.0%,NA,NA,NA,0,NA,0,2,0.000,0.0,NA,NA,NA,0,NA,NA,NA,NA,NA,NA,NA,0,NA,NA,@ PIT,23,·,2.7,-2.7
15,5967,Tony Pollard,RB,28.4,TEN,11.0,9,9,18.2,17.7,17.2,1,1,1,53,28,0,0.0,0,0,0,0,0,0,0.00,104,0,0,0,0.00,0.00,1,1,0,1,0,2,7,8,8.0,4.0,14,1,3,112,1,71,104,7.43,52.8%,2,5.10,0.143,4,0.653,5,16,0.313,5.0,NA,6.9%,NA,0,NA,NA,NA,NA,NA,NA,NA,112,NA,NA,@ SF,27,·,9.3,8.9
15,12535,Isaac TeSlaa,WR,23.6,DET,999.0,999,999,0,0,0,1,1,0,64,40,0,0.0,0,0,0,0,0,0,0.00,0,0,0,0,0.00,0.00,0,0,0,0,0,1,0,0,0.0,0.0,0,0,0,0,0,NA,0,0,62.5%,NA,NA,NA,0,NA,0,1,0.000,0.0,NA,NA,NA,0,NA,NA,NA,NA,NA,NA,NA,0,NA,NA,@ LAR,15,·,3.0,-3.0
15,9504,Kayshon Boutte,WR,23.4,NE,78.0,74,67,4,3.5,3,1,1,1,52,39,0,0.0,0,0,0,0,0,0,0.00,0,0,0,0,0.00,0.00,1,26,0,1,0,1,4,30,30.0,30.0,0,0,0,30,0,NA,0,0,75.0%,NA,NA,NA,0,NA,1,1,1.000,1.0,26,4.3%,1.15,0,NA,NA,NA,NA,NA,0.038,NA,30,NA,NA,vs BUF,18,·,9.5,-5.5
15,6768,Tua Tagovailoa,QB,27.6,MIA,17.0,17,17,17.22,17.22,17.22,1,1,1,50,50,0,78.6,118,28,22,13,6,1,113.20,254,4,2,253,9.04,11.50,0,0,0,0,0,0,0,0,0.0,0.0,1,0,0,1,0,NA,1,1,100.0%,NA,NA,NA,0,NA,15,29,NA,NA,NA,NA,NA,15,53.6%,3.36,7.1%,30.3%,6.80,NA,33,254,+13.0%,+0.01,@ PIT,7,·,17.6,-0.4
15,9480,Brenton Strange,TE,24.8,JAX,40.0,36,31,3.6,3.1,2.6,1,1,1,62,51,0,0.0,0,0,0,0,0,0,0.00,0,0,0,0,0.00,0.00,1,19,1,1,0,3,7,26,26.0,8.7,0,0,0,26,0,NA,0,0,82.3%,NA,NA,NA,0,NA,1,3,0.333,1.0,25,9.4%,1.04,0,NA,NA,NA,NA,NA,0.040,NA,26,NA,NA,vs NYJ,19,·,9.6,-6.0
15,4033,David Njoku,TE,29.2,CLE,0.0,0,0,0,0,0,0,0,0,0,0,0,0.0,0,0,0,0,0,0,0.00,0,0,0,0,0.00,0.00,0,0,0,0,0,0,0,0,0.0,0.0,0,0,0,0,0,NA,0,0,NA,NA,NA,NA,0,NA,0,0,NA,NA,NA,NA,NA,0,NA,NA,NA,NA,NA,NA,NA,0,NA,NA,@ CHI,14,OUT,OUT,OUT
15,8131,Isaiah Likely,TE,25.4,BAL,999.0,999,999,0,0,0,1,1,1,41,21,0,0.0,0,0,0,0,0,0,0.00,0,0,0,0,0.00,0.00,0,0,0,0,0,0,0,0,0.0,0.0,0,0,0,0,0,NA,0,0,51.2%,NA,NA,NA,0,NA,0,0,NA,0.0,NA,NA,NA,0,NA,NA,NA,NA,NA,NA,NA,0,NA,NA,@ CIN,1,·,9.2,-9.2
15,10213,Tre Tucker,WR,24.6,LV,999.0,999,999,0,0,0,1,1,1,42,39,0,0.0,0,0,0,0,0,0,0.00,0,0,0,0,0.00,0.00,0,0,0,0,0,3,0,0,0.0,0.0,0,0,0,0,0,NA,0,0,92.9%,NA,NA,NA,0,NA,0,3,0.000,0.0,31,12.0%,0.00,0,NA,NA,NA,NA,NA,0.000,NA,0,NA,NA,@ PHI,20,·,9.7,-9.7
15,1479,Keenan Allen,WR,33.4,LAC,46.0,50,61,8.6,6.1,3.6,1,1,0,66,28,1,0.0,0,0,0,0,0,0,0.00,0,0,0,0,0.00,0.00,5,26,1,2,0,7,10,36,7.2,5.1,0,0,0,36,0,NA,0,0,42.4%,NA,NA,NA,0,NA,2,7,0.286,2.0,20,24.1%,1.80,0,NA,NA,NA,NA,NA,0.100,NA,36,NA,NA,@ KC,19,·,10.2,-1.6
15,7049,Jauan Jennings,WR,28.2,SF,12.0,11,8,18.7,17.2,15.7,1,1,1,74,60,0,0.0,0,0,0,0,0,0,0.00,0,0,0,0,0.00,0.00,3,36,0,1,2,5,1,37,12.3,7.4,0,0,0,37,0,NA,0,0,81.1%,NA,NA,NA,0,NA,3,5,0.600,3.0,31,16.7%,1.19,0,NA,NA,NA,NA,NA,0.032,NA,37,NA,NA,vs TEN,10,·,12.3,6.4
15,5022,Dallas Goedert,TE,30.7,PHI,4.0,5,4,25,22,19,1,1,1,69,51,0,0.0,0,0,0,0,0,0,0.00,0,0,0,0,0.00,0.00,6,25,1,3,2,7,45,70,11.7,10.0,0,0,0,70,0,NA,0,0,73.9%,NA,NA,NA,0,NA,5,7,0.714,5.0,17,38.9%,4.12,0,NA,NA,NA,NA,NA,0.176,NA,70,NA,NA,vs LV,29,·,10.5,14.5
15,8132,Tyler Allgeier,RB,25.4,ATL,66.0,62,58,1.8,1.8,1.8,1,1,0,71,12,0,0.0,0,0,0,0,0,0,0.00,18,0,0,0,0.00,0.00,0,0,0,0,0,0,0,0,0.0,0.0,2,0,1,18,0,10,18,9,16.9%,1,5.20,0.500,1,1.020,1,2,0.500,1.0,NA,0.0%,NA,0,NA,NA,NA,NA,NA,NA,NA,18,NA,NA,@ TB,5,·,8.1,-6.3
15,8136,Rachaad White,RB,26.7,TB,51.0,52,53,3.6,3.1,2.6,1,1,0,69,29,0,0.0,0,0,0,0,0,0,0.00,20,0,0,0,0.00,0.00,1,-4,0,0,0,1,10,6,6.0,6.0,1,0,1,26,0,22,20,20,42.0%,2,21.70,2.000,1,4.170,1,2,0.500,1.0,NA,2.9%,NA,0,NA,NA,NA,NA,NA,NA,NA,26,NA,NA,vs ATL,11,·,6.7,-3.1
15,2449,Stefon Diggs,WR,31.8,NE,67.0,69,73,5.6,4.1,2.6,1,1,1,52,26,0,0.0,0,0,0,0,0,0,0.00,0,0,0,0,0.00,0.00,3,14,0,1,0,4,12,26,8.7,6.5,0,0,0,26,0,NA,0,0,50.0%,NA,NA,NA,0,NA,1,4,0.250,1.0,17,17.4%,1.53,0,NA,NA,NA,NA,NA,0.059,NA,26,NA,NA,vs BUF,18,·,13.4,-7.8
15,11576,Braelon Allen,RB,21.7,NYJ,999.0,999,999,0,0,0,1,0,0,0,0,0,0.0,0,0,0,0,0,0,0.00,0,0,0,0,0.00,0.00,0,0,0,0,0,0,0,0,0.0,0.0,0,0,0,0,0,NA,0,0,NA,NA,NA,NA,0,NA,0,0,NA,NA,NA,NA,NA,0,NA,NA,NA,NA,NA,NA,NA,0,NA,NA,@ JAX,28,IR,IR,IR
15,9508,Tyjae Spears,RB,24.3,TEN,47.0,47,48,5.6,4.6,3.6,1,1,0,53,22,0,0.0,0,0,0,0,0,0,0.00,34,0,0,0,0.00,0.00,2,0,0,0,0,2,2,2,1.0,1.0,3,0,3,36,0,19,34,11.33,41.5%,3,6.20,1.000,3,1.620,3,5,0.600,3.0,NA,6.9%,NA,0,NA,NA,NA,NA,NA,NA,NA,36,NA,NA,@ SF,27,·,9.0,-3.4
15,9494,Marvin Mims,WR,23.5,DEN,52.0,55,58,7.7,5.7,3.7,1,1,0,68,21,0,0.0,0,0,0,0,0,0,0.00,8,0,0,0,0.00,0.00,4,4,0,2,0,6,25,29,7.3,4.8,1,0,0,37,0,NA,8,8,30.9%,NA,NA,NA,0,NA,2,7,0.286,2.0,13,17.6%,2.23,0,NA,NA,NA,NA,NA,0.154,NA,37,NA,NA,vs GB,21,·,7.5,0.2
15,9757,Kendre Miller,RB,23.3,NO,999.0,999,999,0,0,0,1,0,0,0,0,0,0.0,0,0,0,0,0,0,0.00,0,0,0,0,0.00,0.00,0,0,0,0,0,0,0,0,0.0,0.0,0,0,0,0,0,NA,0,0,NA,NA,NA,NA,0,NA,0,0,NA,NA,NA,NA,NA,0,NA,NA,NA,NA,NA,NA,NA,0,NA,NA,vs CAR,10,IR,IR,IR
15,12509,Tre Harris,WR,23.6,LAC,51.0,48,49,7.9,6.4,4.9,1,1,1,66,56,0,0.0,0,0,0,0,0,0,0.00,0,0,0,0,0.00,0.00,3,41,0,1,0,5,8,49,16.3,9.8,0,0,0,49,0,NA,0,0,84.8%,NA,NA,NA,0,NA,1,5,0.200,1.0,28,17.2%,1.75,0,NA,NA,NA,NA,NA,0.036,NA,49,NA,NA,@ KC,19,·,4.8,3.1
15,12521,Elijah Arroyo,TE,22.5,SEA,0.0,0,0,0,0,0,0,0,0,0,0,0,0.0,0,0,0,0,0,0,0.00,0,0,0,0,0.00,0.00,0,0,0,0,0,0,0,0,0.0,0.0,0,0,0,0,0,NA,0,0,NA,NA,NA,NA,0,NA,0,0,NA,NA,NA,NA,NA,0,NA,NA,NA,NA,NA,NA,NA,0,NA,NA,vs IND,8,IR,IR,IR
15,12469,Dylan Sampson,RB,21.0,CLE,0.0,0,0,0,0,0,0,0,0,0,0,0,0.0,0,0,0,0,0,0,0.00,0,0,0,0,0.00,0.00,0,0,0,0,0,0,0,0,0.0,0.0,0,0,0,0,0,NA,0,0,NA,NA,NA,NA,0,NA,0,0,NA,NA,NA,NA,NA,0,NA,NA,NA,NA,NA,NA,NA,0,NA,NA,@ CHI,16,OUT,OUT,OUT
15,11562,Spencer Rattler,QB,25.0,NO,999.0,999,999,0,0,0,1,1,0,69,1,0,0.0,0,1,0,0,1,0,39.60,0,0,0,0,0.00,0.00,0,0,0,0,0,0,0,0,0.0,0.0,0,0,0,0,0,NA,0,0,1.4%,NA,NA,NA,0,NA,0,1,NA,NA,NA,NA,NA,0,0.0%,2.02,0.0%,0.0%,0.00,NA,1,0,0.0%,-0.08,vs CAR,25,·,·,·
15,11586,Blake Corum,RB,24.8,LAR,21.0,16,14,13.1,13.1,13.1,1,1,0,72,33,0,0.0,0,0,0,0,0,0,0.00,71,0,0,0,0.00,0.00,0,0,0,0,0,0,0,0,0.0,0.0,11,0,3,71,1,33,71,6.45,45.8%,0,3.00,0.000,4,0.300,4,11,0.364,4.0,NA,0.0%,NA,0,NA,NA,NA,NA,NA,NA,NA,71,NA,NA,vs DET,31,·,8.0,5.1
15,11618,Jalen McMillan,WR,23.8,TB,63.0,60,57,5.8,4.8,3.8,1,1,1,69,32,0,0.0,0,0,0,0,0,0,0.00,0,0,0,0,0.00,0.00,2,35,0,2,0,2,3,38,19.0,19.0,0,0,0,38,0,NA,0,0,46.4%,NA,NA,NA,0,NA,2,2,1.000,2.0,20,5.9%,1.90,0,NA,NA,NA,NA,NA,0.100,NA,38,NA,NA,vs ATL,3,·,1.3,4.5
15,7611,Rhamondre Stevenson,RB,27.6,NE,26.0,29,31,10.7,9.2,7.7,1,1,1,52,35,0,0.0,0,0,0,0,0,0,0.00,50,0,0,0,0.00,0.00,3,3,0,1,0,3,24,27,9.0,9.0,6,0,4,77,0,52,50,8.33,67.3%,2,8.70,0.333,4,1.203,5,9,0.556,5.0,NA,13.0%,NA,0,NA,NA,NA,NA,NA,NA,NA,77,NA,NA,vs BUF,7,·,8.6,2.1
15,12510,Jalen Milroe,QB,22.8,SEA,0.0,0,0,0,0,0,0,0,0,0,0,0,0.0,0,0,0,0,0,0,0.00,0,0,0,0,0.00,0.00,0,0,0,0,0,0,0,0,0.0,0.0,0,0,0,0,0,NA,0,0,NA,NA,NA,NA,0,NA,0,0,NA,NA,NA,NA,NA,0,NA,NA,NA,NA,NA,NA,NA,0,NA,NA,vs IND,17,OUT,OUT,OUT
15,8205,Isiah Pacheco,RB,26.6,KC,64.0,60,55,2.1,2.1,2.1,1,1,1,61,28,0,0.0,0,0,0,0,0,0,0.00,21,0,0,0,0.00,0.00,0,0,0,0,0,0,0,0,0.0,0.0,11,0,1,21,0,26,21,1.91,45.9%,0,2.40,0.000,1,0.240,1,11,0.091,1.0,NA,0.0%,NA,0,NA,NA,NA,NA,NA,NA,NA,21,NA,NA,vs LAC,19,·,5.6,-3.5
15,10444,Cedric Tillman,WR,25.4,CLE,999.0,999,999,0,0,0,1,1,0,57,7,0,0.0,0,0,0,0,0,0,0.00,0,0,0,0,0.00,0.00,0,0,0,0,0,0,0,0,0.0,0.0,0,0,0,0,0,NA,0,0,12.3%,NA,NA,NA,0,NA,0,0,NA,0.0,1,0.0%,0.00,0,NA,NA,NA,NA,NA,0.000,NA,0,NA,NA,@ CHI,4,·,7.2,-7.2
15,11646,Jalen Coker,WR,23.9,CAR,25.0,24,25,14,12,10,1,1,0,57,39,1,0.0,0,0,0,0,0,0,0.00,0,0,0,0,0.00,0.00,4,58,0,2,1,4,2,60,15.0,15.0,0,0,0,60,0,NA,0,0,68.4%,NA,NA,NA,0,NA,3,4,0.750,3.0,27,16.7%,2.22,0,NA,NA,NA,NA,NA,0.074,NA,60,NA,NA,@ NO,22,·,7.5,6.5
15,12536,Jaylin Noel,WR,23.1,HOU,999.0,999,999,0,0,0,1,1,0,67,11,0,0.0,0,0,0,0,0,0,0.00,0,0,0,0,0.00,0.00,0,0,0,0,0,0,0,0,0.0,0.0,0,0,0,0,0,NA,0,0,16.4%,NA,NA,NA,0,NA,0,0,NA,0.0,NA,NA,NA,0,NA,NA,NA,NA,NA,NA,NA,0,NA,NA,vs ARI,17,·,2.9,-2.9
15,12541,Dont'e Thornton,WR,22.8,LV,999.0,999,999,0,0,0,1,1,0,42,8,0,0.0,0,0,0,0,0,0,0.00,0,0,0,0,0.00,0.00,0,0,0,0,0,0,0,0,0.0,0.0,0,0,0,0,0,NA,0,0,19.0%,NA,NA,NA,0,NA,0,0,NA,0.0,NA,NA,NA,0,NA,NA,NA,NA,NA,NA,NA,0,NA,NA,@ PHI,20,·,2.2,-2.2
15,3214,Hunter Henry,TE,30.8,NE,47.0,45,40,2.8,2.3,1.8,1,1,1,52,45,0,0.0,0,0,0,0,0,0,0.00,0,0,0,0,0.00,0.00,1,15,1,1,0,3,3,18,18.0,6.0,0,0,0,18,0,NA,0,0,86.5%,NA,NA,NA,0,NA,1,3,0.333,1.0,22,13.0%,0.82,0,NA,NA,NA,NA,NA,0.045,NA,18,NA,NA,vs BUF,32,·,9.6,-6.8
15,12534,Kyle Monangai,RB,23.3,CHI,52.0,50,49,3.3,3.3,3.3,1,1,0,66,28,0,0.0,0,0,0,0,0,0,0.00,33,0,0,0,0.00,0.00,0,0,2,0,0,2,0,0,0.0,0.0,11,0,1,33,0,32,33,3,42.4%,0,2.90,0.000,1,0.290,1,13,0.077,1.0,NA,7.1%,NA,0,NA,NA,NA,NA,NA,NA,NA,33,NA,NA,vs CLE,21,·,9.9,-6.6
15,12486,Dillon Gabriel,QB,24.8,CLE,999.0,999,999,0,0,0,1,0,0,57,0,0,0.0,0,0,0,0,0,0,0.00,0,0,0,0,0.00,0.00,0,0,0,0,0,0,0,0,0.0,0.0,0,0,0,0,0,NA,0,0,0.0%,NA,NA,NA,0,NA,0,0,NA,NA,NA,NA,NA,0,NA,NA,NA,NA,NA,NA,NA,0,NA,NA,@ CHI,8,·,·,·
15,7090,Darnell Mooney,WR,27.9,ATL,57.0,57,62,6.5,5,3.5,1,1,1,71,65,1,0.0,0,0,0,0,0,0,0.00,0,0,0,0,0.00,0.00,3,20,0,3,0,6,15,35,11.7,5.8,0,0,0,35,0,NA,0,0,91.5%,NA,NA,NA,0,NA,3,6,0.500,3.0,42,13.6%,0.83,0,NA,NA,NA,NA,NA,0.071,NA,35,NA,NA,@ TB,13,·,9.3,-2.8
15,5012,Mark Andrews,TE,30.1,BAL,39.0,40,39,3.8,2.8,1.8,1,1,1,41,17,0,0.0,0,0,0,0,0,0,0.00,0,0,0,0,0.00,0.00,2,18,0,1,0,3,0,18,9.0,6.0,0,0,0,18,0,NA,0,0,41.5%,NA,NA,NA,0,NA,1,3,0.333,1.0,10,25.0%,1.80,0,NA,NA,NA,NA,NA,0.100,NA,18,NA,NA,@ CIN,1,·,11.3,-7.5
15,12483,Jack Bech,WR,22.8,LV,81.0,82,83,3.7,2.7,1.7,1,1,1,42,34,0,0.0,0,0,0,0,0,0,0.00,0,0,0,0,0.00,0.00,2,15,0,0,0,3,2,17,8.5,5.7,0,0,0,17,0,NA,0,0,81.0%,NA,NA,NA,0,NA,0,3,0.000,0.0,24,12.0%,0.71,0,NA,NA,NA,NA,NA,0.000,NA,17,NA,NA,@ PHI,20,·,3.4,0.3
15,7571,Rashod Bateman,WR,25.8,BAL,0.0,0,0,0,0,0,0,0,0,0,0,0,0.0,0,0,0,0,0,0,0.00,0,0,0,0,0.00,0.00,0,0,0,0,0,0,0,0,0.0,0.0,0,0,0,0,0,NA,0,0,NA,NA,NA,NA,0,NA,0,0,NA,NA,NA,NA,NA,0,NA,NA,NA,NA,NA,NA,NA,0,NA,NA,@ CIN,27,OUT,OUT,OUT
15,11655,Tyrone Tracy,RB,25.8,NYG,5.0,5,4,24.7,23.2,21.7,1,1,1,68,52,0,0.0,0,0,0,0,0,0,0.00,70,0,0,0,0.00,0.00,3,17,0,0,1,3,10,27,9.0,9.0,15,2,4,97,1,56,70,4.67,76.5%,6,3.70,0.400,5,0.770,6,18,0.333,6.0,NA,8.1%,NA,0,NA,NA,NA,NA,NA,NA,NA,97,NA,NA,vs WAS,6,·,11.5,13.2
15,7002,Juwan Johnson,TE,29.0,NO,22.0,24,26,7,5,3,1,1,0,69,42,0,0.0,0,0,0,0,0,0,0.00,0,0,0,0,0.00,0.00,4,16,0,2,0,4,14,30,7.5,7.5,0,0,0,30,0,NA,0,0,60.9%,NA,NA,NA,0,NA,2,4,0.500,2.0,27,12.1%,1.11,0,NA,NA,NA,NA,NA,0.074,NA,30,NA,NA,vs CAR,10,·,10.3,-3.3
15,12457,Jaydon Blue,RB,21.7,DAL,0.0,0,0,0,0,0,0,0,0,0,0,0,0.0,0,0,0,0,0,0,0.00,0,0,0,0,0.00,0.00,0,0,0,0,0,0,0,0,0.0,0.0,0,0,0,0,0,NA,0,0,NA,NA,NA,NA,0,NA,0,0,NA,NA,NA,NA,NA,0,NA,NA,NA,NA,NA,NA,NA,0,NA,NA,vs MIN,22,OUT,OUT,OUT
15,1466,Travis Kelce,TE,36.0,KC,10.0,10,12,14,10.5,7,1,1,1,61,60,0,0.0,0,0,0,0,0,0,0.00,0,0,0,0,0.00,0.00,7,46,0,5,0,9,24,70,10.0,7.8,0,0,0,70,0,NA,0,0,98.4%,NA,NA,NA,0,NA,5,9,0.556,5.0,39,27.3%,1.79,0,NA,NA,NA,NA,NA,0.128,NA,70,NA,NA,vs LAC,25,·,10.9,3.1
15,4199,Aaron Jones,RB,30.8,MIN,32.0,32,36,9.5,8,6.5,1,1,1,55,32,0,0.0,0,0,0,0,0,0,0.00,34,0,0,0,0.00,0.00,3,-4,0,1,0,3,35,31,10.3,10.3,12,0,3,65,0,28,34,2.83,58.2%,4,2.30,0.333,3,0.563,4,15,0.267,4.0,NA,12.5%,NA,0,NA,NA,NA,NA,NA,NA,NA,65,NA,NA,@ DAL,8,·,12.9,-3.4
15,8167,Christian Watson,WR,26.4,GB,62.0,67,70,5.9,4.4,2.9,1,1,1,66,27,0,0.0,0,0,0,0,0,0,0.00,0,0,0,0,0.00,0.00,3,21,0,1,0,5,8,29,9.7,5.8,0,0,0,29,0,NA,0,0,40.9%,NA,NA,NA,0,NA,1,5,0.200,1.0,19,12.5%,1.53,0,NA,NA,NA,NA,NA,0.053,NA,29,NA,NA,@ DEN,28,OUT,10.7,-4.8
15,4981,Calvin Ridley,WR,30.8,TEN,999.0,999,999,0,0,0,1,0,0,0,0,0,0.0,0,0,0,0,0,0,0.00,0,0,0,0,0.00,0.00,0,0,0,0,0,0,0,0,0.0,0.0,0,0,0,0,0,NA,0,0,NA,NA,NA,NA,0,NA,0,0,NA,NA,NA,NA,NA,0,NA,NA,NA,NA,NA,NA,NA,0,NA,NA,@ SF,29,IR,IR,IR
15,11597,Theo Johnson,TE,24.6,NYG,14.0,12,11,10.2,8.7,7.2,1,1,1,68,59,0,0.0,0,0,0,0,0,0,0.00,0,0,0,0,0.00,0.00,3,33,0,2,0,4,39,72,24.0,18.0,0,0,0,72,0,NA,0,0,86.8%,NA,NA,NA,0,NA,2,4,0.500,2.0,31,10.8%,2.32,0,NA,NA,NA,NA,NA,0.065,NA,72,NA,NA,vs WAS,3,·,9.4,0.8
15,12487,Terrance Ferguson,TE,22.6,LAR,56.0,56,54,1.6,1.1,0.6,1,1,0,72,56,0,0.0,0,0,0,0,0,0,0.00,0,0,0,0,0.00,0.00,1,5,0,0,0,2,1,6,6.0,3.0,0,0,0,6,0,NA,0,0,77.8%,NA,NA,NA,0,NA,0,2,0.000,0.0,29,5.3%,0.21,0,NA,NA,NA,NA,NA,0.000,NA,6,NA,NA,vs DET,23,·,3.4,-1.8
15,12493,Oronde Gadsden,TE,22.3,LAC,15.0,15,16,10.1,8.1,6.1,1,1,1,66,34,0,0.0,0,0,0,0,0,0,0.00,0,0,0,0,0.00,0.00,4,47,0,4,0,5,14,61,15.3,12.2,0,0,0,61,0,NA,0,0,51.5%,NA,NA,NA,0,NA,4,5,0.800,4.0,20,17.2%,3.05,0,NA,NA,NA,NA,NA,0.200,NA,61,NA,NA,@ KC,27,·,10.1,0.0
15,12503,Isaiah Bond,WR,21.5,CLE,36.0,29,27,10.9,9.9,8.9,1,1,0,57,39,0,0.0,0,0,0,0,0,0,0.00,0,0,0,0,0.00,0.00,2,77,0,2,0,4,12,89,44.5,22.3,0,0,0,89,0,NA,0,0,68.4%,NA,NA,NA,0,NA,2,4,0.500,2.0,32,11.4%,2.78,0,NA,NA,NA,NA,NA,0.063,NA,89,NA,NA,@ CHI,4,·,4.6,6.3
15,12471,DJ Giddens,RB,22.1,IND,0.0,0,0,0,0,0,0,0,0,0,0,0,0.0,0,0,0,0,0,0,0.00,0,0,0,0,0.00,0.00,0,0,0,0,0,0,0,0,0.0,0.0,0,0,0,0,0,NA,0,0,NA,NA,NA,NA,0,NA,0,0,NA,NA,NA,NA,NA,0,NA,NA,NA,NA,NA,NA,NA,0,NA,NA,@ SEA,17,OUT,OUT,OUT
15,12547,Kyle Williams,WR,22.9,NE,999.0,999,999,0,0,0,1,1,0,52,5,0,0.0,0,0,0,0,0,0,0.00,0,0,0,0,0.00,0.00,0,0,0,0,0,0,0,0,0.0,0.0,0,0,0,0,0,NA,0,0,9.6%,NA,NA,NA,0,NA,0,0,NA,0.0,NA,NA,NA,0,NA,NA,NA,NA,NA,NA,NA,0,NA,NA,vs BUF,18,·,0.9,-0.9
15,11600,Ja'Tavion Sanders,TE,22.5,CAR,49.0,51,55,2.5,1.5,0.5,1,1,1,57,30,0,0.0,0,0,0,0,0,0,0.00,0,0,0,0,0.00,0.00,2,3,0,0,0,2,2,5,2.5,2.5,0,0,0,5,0,NA,0,0,52.6%,NA,NA,NA,0,NA,0,2,0.000,0.0,20,8.3%,0.25,0,NA,NA,NA,NA,NA,0.000,NA,5,NA,NA,@ NO,22,·,5.6,-3.1
15,5848,Marquise Brown,WR,28.3,KC,0.0,0,0,0,0,0,0,0,0,0,0,0,0.0,0,0,0,0,0,0,0.00,0,0,0,0,0.00,0.00,0,0,0,0,0,0,0,0,0.0,0.0,0,0,0,0,0,NA,0,0,NA,NA,NA,NA,0,NA,0,0,NA,NA,NA,NA,NA,0,NA,NA,NA,NA,NA,NA,NA,0,NA,NA,vs LAC,31,OUT,OUT,OUT
15,1373,Geno Smith,QB,35.0,LV,0.0,0,0,0,0,0,0,0,0,0,0,0,0.0,0,0,0,0,0,0,0.00,0,0,0,0,0.00,0.00,0,0,0,0,0,0,0,0,0.0,0.0,0,0,0,0,0,NA,0,0,NA,NA,NA,NA,0,NA,0,0,NA,NA,NA,NA,NA,0,NA,NA,NA,NA,NA,NA,NA,0,NA,NA,@ PHI,19,OUT,OUT,OUT
15,8154,Brian Robinson,RB,26.5,SF,63.0,57,54,2.1,2.1,2.1,1,1,0,74,12,0,0.0,0,0,0,0,0,0,0.00,21,0,0,0,0.00,0.00,0,0,0,0,0,0,0,0,0.0,0.0,9,0,1,21,0,20,21,2.33,16.2%,1,2.20,0.111,1,0.331,1,9,0.111,1.0,NA,0.0%,NA,0,NA,NA,NA,NA,NA,NA,NA,21,NA,NA,vs TEN,13,·,4.1,-2.0
15,8188,Tyquan Thornton,WR,25.1,KC,56.0,56,50,6.7,5.7,4.7,1,1,1,61,31,0,0.0,0,0,0,0,0,0,0.00,0,0,0,0,0.00,0.00,2,42,0,1,0,3,5,47,23.5,15.7,0,0,0,47,0,NA,0,0,50.8%,NA,NA,NA,0,NA,1,3,0.333,1.0,20,9.1%,2.35,0,NA,NA,NA,NA,NA,0.050,NA,47,NA,NA,vs LAC,31,·,4.2,2.5
15,8111,Cade Otton,TE,26.4,TB,0.0,0,0,0,0,0,0,0,0,0,0,0,0.0,0,0,0,0,0,0,0.00,0,0,0,0,0.00,0.00,0,0,0,0,0,0,0,0,0.0,0.0,0,0,0,0,0,NA,0,0,NA,NA,NA,NA,0,NA,0,0,NA,NA,NA,NA,NA,0,NA,NA,NA,NA,NA,NA,NA,0,NA,NA,vs ATL,30,OUT,OUT,OUT
15,12455,Brashard Smith,RB,22.5,KC,79.0,79,79,0.1,0.1,0.1,1,1,0,61,3,0,0.0,0,0,0,0,0,0,0.00,1,0,0,0,0.00,0.00,0,0,0,0,0,0,0,0,0.0,0.0,2,0,0,1,0,NA,1,0.5,4.9%,NA,NA,NA,0,NA,0,2,0.000,0.0,NA,NA,NA,0,NA,NA,NA,NA,NA,NA,NA,1,NA,NA,vs LAC,19,·,2.5,-2.4
15,9502,Tank Dell,WR,25.9,HOU,999.0,999,999,0,0,0,1,0,0,0,0,0,0.0,0,0,0,0,0,0,0.00,0,0,0,0,0.00,0.00,0,0,0,0,0,0,0,0,0.0,0.0,0,0,0,0,0,NA,0,0,NA,NA,NA,NA,0,NA,0,0,NA,NA,NA,NA,NA,0,NA,NA,NA,NA,NA,NA,NA,0,NA,NA,vs ARI,17,PUP,PUP,PUP
15,7527,Mac Jones,QB,27.1,SF,999.0,999,999,0,0,0,1,0,0,74,0,0,0.0,0,0,0,0,0,0,0.00,0,0,0,0,0.00,0.00,0,0,0,0,0,0,0,0,0.0,0.0,0,0,0,0,0,NA,0,0,0.0%,NA,NA,NA,0,NA,0,0,NA,NA,NA,NA,NA,0,NA,NA,NA,NA,NA,NA,NA,0,NA,NA,vs TEN,9,·,·,·
15,8142,Alec Pierce,WR,25.4,IND,89.0,88,86,2.6,2.1,1.6,1,1,1,60,60,0,0.0,0,0,0,0,0,0,0.00,0,0,0,0,0.00,0.00,1,16,0,1,0,1,0,16,16.0,16.0,0,0,0,16,0,NA,0,0,100.0%,NA,NA,NA,0,NA,1,1,1.000,1.0,28,3.7%,0.57,0,NA,NA,NA,NA,NA,0.036,NA,16,NA,NA,@ SEA,12,·,10.8,-8.2
15,11625,Adonai Mitchell,WR,23.0,NYJ,14.0,15,18,17.4,14.4,11.4,1,1,0,68,54,0,0.0,0,0,0,0,0,0,0.00,-4,0,0,0,0.00,0.00,6,59,0,3,1,9,-1,58,9.7,6.4,1,0,0,54,0,NA,-4,-4,79.4%,NA,NA,NA,0,NA,4,10,0.400,4.0,36,27.3%,1.61,0,NA,NA,NA,NA,NA,0.083,NA,54,NA,NA,@ JAX,16,·,9.7,7.7
15,9486,Dontayvion Wicks,WR,24.3,GB,98.0,98,98,1.6,1.1,0.6,1,1,0,66,28,0,0.0,0,0,0,0,0,0,0.00,0,0,0,0,0.00,0.00,1,6,1,0,0,2,0,6,6.0,3.0,0,0,0,6,0,NA,0,0,42.4%,NA,NA,NA,0,NA,0,2,0.000,0.0,21,5.0%,0.29,0,NA,NA,NA,NA,NA,0.000,NA,6,NA,NA,@ DEN,28,·,3.3,-1.7
15,12492,Pat Bryant,WR,22.8,DEN,0.0,0,0,0,0,0,0,0,0,0,0,0,0.0,0,0,0,0,0,0,0.00,0,0,0,0,0.00,0.00,0,0,0,0,0,0,0,0,0.0,0.0,0,0,0,0,0,NA,0,0,NA,NA,NA,NA,0,NA,0,0,NA,NA,NA,NA,NA,0,NA,NA,NA,NA,NA,NA,NA,0,NA,NA,vs GB,21,OUT,OUT,OUT
15,4066,Evan Engram,TE,31.1,DEN,50.0,49,48,2.2,1.7,1.2,1,1,0,68,19,0,0.0,0,0,0,0,0,0,0.00,0,0,0,0,0.00,0.00,1,3,0,0,0,3,9,12,12.0,4.0,0,0,0,12,0,NA,0,0,27.9%,NA,NA,NA,0,NA,0,3,0.000,0.0,14,8.8%,0.86,0,NA,NA,NA,NA,NA,0.000,NA,12,NA,NA,vs GB,21,·,7.6,-5.4
15,11603,AJ Barner,TE,23.4,SEA,27.0,27,30,5.7,4.2,2.7,1,1,1,60,50,0,0.0,0,0,0,0,0,0,0.00,0,0,0,0,0.00,0.00,3,7,0,2,0,6,20,27,9.0,4.5,0,0,0,27,0,NA,0,0,83.3%,NA,NA,NA,0,NA,2,6,0.333,2.0,27,16.7%,1.00,0,NA,NA,NA,NA,NA,0.074,NA,27,NA,NA,vs IND,8,·,9.4,-3.7
15,7567,Kenneth Gainwell,RB,26.5,PIT,9.0,11,16,19.6,16.1,12.6,1,1,0,66,34,0,0.0,0,0,0,0,0,0,0.00,80,0,0,0,0.00,0.00,7,-1,0,3,0,7,47,46,6.6,6.6,13,0,3,126,0,68,80,6.15,51.5%,6,5.20,0.462,3,0.982,6,20,0.300,6.0,NA,25.9%,NA,0,NA,NA,NA,NA,NA,NA,NA,126,NA,NA,vs MIA,18,·,12.4,7.2
15,96,Aaron Rodgers,QB,41.8,PIT,18.0,18,18,16.96,16.96,16.96,1,1,1,66,66,0,85.2,50,27,23,9,4,0,125.90,224,3,2,224,8.30,9.74,0,0,0,0,0,0,0,0,0.0,0.0,0,0,0,0,0,NA,0,0,100.0%,NA,NA,NA,0,NA,11,27,NA,NA,NA,NA,NA,11,40.7%,2.32,3.7%,13.3%,3.30,NA,30,224,+5.2%,+0.33,vs MIA,12,·,18.9,-1.9
15,11626,Xavier Legette,WR,24.7,CAR,61.0,59,56,5.9,4.9,3.9,1,1,0,57,42,0,0.0,0,0,0,0,0,0,0.00,0,0,0,0,0.00,0.00,2,36,0,1,0,3,3,39,19.5,13.0,0,0,0,39,0,NA,0,0,73.7%,NA,NA,NA,0,NA,1,3,0.333,1.0,27,12.5%,1.44,0,NA,NA,NA,NA,NA,0.037,NA,39,NA,NA,@ NO,22,·,7.1,-1.2
15,4039,Cooper Kupp,WR,32.3,SEA,40.0,45,51,9.6,7.1,4.6,1,1,1,60,45,0,0.0,0,0,0,0,0,0,0.00,0,0,0,0,0.00,0.00,5,19,0,1,0,7,27,46,9.2,6.6,0,0,0,46,0,NA,0,0,75.0%,NA,NA,NA,0,NA,1,7,0.143,1.0,29,19.4%,1.59,0,NA,NA,NA,NA,NA,0.034,NA,46,NA,NA,vs IND,7,·,8.6,1.0
15,11610,Malik Washington,WR,24.7,MIA,92.0,92,92,2,1.5,1,1,1,1,50,28,0,0.0,0,0,0,0,0,0,0.00,0,0,0,0,0.00,0.00,1,1,0,0,0,1,9,10,10.0,10.0,0,0,0,10,0,NA,0,0,56.0%,NA,NA,NA,0,NA,0,1,0.000,0.0,24,3.6%,0.42,0,NA,NA,NA,NA,NA,0.000,NA,10,NA,NA,@ PIT,8,·,8.4,-6.4
15,11583,Jonathon Brooks,RB,22.2,CAR,999.0,999,999,0,0,0,1,0,0,0,0,0,0.0,0,0,0,0,0,0,0.00,0,0,0,0,0.00,0.00,0,0,0,0,0,0,0,0,0.0,0.0,0,0,0,0,0,NA,0,0,NA,NA,NA,NA,0,NA,0,0,NA,NA,NA,NA,NA,0,NA,NA,NA,NA,NA,NA,NA,0,NA,NA,@ NO,15,PUP,PUP,PUP
15,8210,Chigoziem Okonkwo,TE,26.0,TEN,21.0,23,25,7.3,5.3,3.3,1,1,1,53,30,0,0.0,0,0,0,0,0,0,0.00,0,0,0,0,0.00,0.00,4,-1,0,2,0,6,34,33,8.3,5.5,0,0,0,33,0,NA,0,0,56.6%,NA,NA,NA,0,NA,2,6,0.333,2.0,17,20.7%,1.94,0,NA,NA,NA,NA,NA,0.118,NA,33,NA,NA,@ SF,5,·,5.7,1.6
15,12524,Shedeur Sanders,QB,23.6,CLE,31.0,31,31,6.48,6.48,6.48,1,1,1,57,57,0,51.4,118,35,18,7,17,3,30.30,201,5,0,177,5.06,9.83,0,0,0,0,0,0,0,0,0.0,0.0,2,0,1,24,0,NA,24,12,100.0%,NA,NA,NA,1,NA,8,37,NA,NA,NA,NA,NA,7,20.0%,NA,NA,NA,NA,NA,NA,201,NA,NA,@ CHI,8,·,17.8,-11.3
15,8125,Calvin Austin III,WR,26.5,PIT,999.0,999,999,0,0,0,1,1,0,66,18,0,0.0,0,0,0,0,0,0,0.00,0,0,0,0,0.00,0.00,0,0,0,0,0,1,0,0,0.0,0.0,0,0,0,0,0,NA,0,0,27.3%,NA,NA,NA,0,NA,0,1,0.000,0.0,12,3.7%,0.00,0,NA,NA,NA,NA,NA,0.000,NA,0,NA,NA,vs MIA,25,·,6.4,-6.4
15,1339,Zach Ertz,TE,34.9,WAS,999.0,999,999,0,0,0,1,0,0,0,0,0,0.0,0,0,0,0,0,0,0.00,0,0,0,0,0.00,0.00,0,0,0,0,0,0,0,0,0.0,0.0,0,0,0,0,0,NA,0,0,NA,NA,NA,NA,0,NA,0,0,NA,NA,NA,NA,NA,0,NA,NA,NA,NA,NA,NA,NA,0,NA,NA,@ NYG,24,IR,IR,IR
15,11575,Ray Davis,RB,25.9,BUF,61.0,63,63,2.3,1.8,1.3,1,1,0,70,6,0,0.0,0,0,0,0,0,0,0.00,0,0,0,0,0.00,0.00,1,-1,0,1,0,1,14,13,13.0,13.0,0,0,0,13,0,0,0,0,8.6%,0,0.00,NA,0,NA,1,1,1.000,1.0,NA,3.6%,NA,0,NA,NA,NA,NA,NA,NA,NA,13,NA,NA,@ NE,32,·,1.9,0.4
15,9501,Demario Douglas,WR,24.8,NE,103.0,102,99,0.5,0.5,0.5,1,1,0,52,10,0,0.0,0,0,0,0,0,0,0.00,5,0,0,0,0.00,0.00,0,0,0,0,0,0,0,0,0.0,0.0,1,0,0,5,0,NA,5,5,19.2%,NA,NA,NA,0,NA,0,1,0.000,0.0,6,0.0%,0.00,0,NA,NA,NA,NA,NA,0.000,NA,5,NA,NA,vs BUF,18,·,5.3,-4.8
15,7600,Pat Freiermuth,TE,26.9,PIT,20.0,20,21,7.5,6,4.5,1,1,0,66,28,0,0.0,0,0,0,0,0,0,0.00,0,0,0,0,0.00,0.00,3,10,0,2,0,5,35,45,15.0,9.0,0,0,0,45,0,NA,0,0,42.4%,NA,NA,NA,0,NA,2,5,0.400,2.0,14,18.5%,3.21,0,NA,NA,NA,NA,NA,0.143,NA,45,NA,NA,vs MIA,4,·,6.2,1.3
15,9482,Michael Mayer,TE,24.2,LV,999.0,999,999,0,0,0,1,1,0,42,8,0,0.0,0,0,0,0,0,0,0.00,0,0,0,0,0.00,0.00,0,0,0,0,0,0,0,0,0.0,0.0,0,0,0,0,0,NA,0,0,19.0%,NA,NA,NA,0,NA,0,0,NA,0.0,NA,NA,NA,0,NA,NA,NA,NA,NA,NA,NA,0,NA,NA,@ PHI,31,·,4.9,-4.9
15,6826,Cole Kmet,TE,26.6,CHI,31.0,30,28,4.8,3.8,2.8,1,1,1,66,48,0,0.0,0,0,0,0,0,0,0.00,0,0,0,0,0.00,0.00,2,1,1,2,0,4,27,28,14.0,7.0,0,0,0,28,0,NA,0,0,72.7%,NA,NA,NA,0,NA,2,4,0.500,2.0,15,14.3%,1.87,0,NA,NA,NA,NA,NA,0.133,NA,28,NA,NA,vs CLE,20,·,5.2,-0.4
15,12531,Trevor Etienne,RB,21.2,CAR,999.0,999,999,0,0,0,1,1,0,57,0,0,0.0,0,0,0,0,0,0,0.00,0,0,0,0,0.00,0.00,0,0,0,0,0,0,0,0,0.0,0.0,0,0,0,0,0,NA,0,0,0.0%,NA,NA,NA,0,NA,0,0,NA,0.0,NA,NA,NA,0,NA,NA,NA,NA,NA,NA,NA,0,NA,NA,@ NO,15,·,0.7,-0.7
15,9229,Anthony Richardson,QB,23.4,IND,999.0,999,999,0,0,0,1,0,0,0,0,0,0.0,0,0,0,0,0,0,0.00,0,0,0,0,0.00,0.00,0,0,0,0,0,0,0,0,0.0,0.0,0,0,0,0,0,NA,0,0,NA,NA,NA,NA,0,NA,0,0,NA,NA,NA,NA,NA,0,NA,NA,NA,NA,NA,NA,NA,0,NA,NA,@ SEA,13,IR,IR,IR
15,11650,Luke McCaffrey,WR,24.5,WAS,999.0,999,999,0,0,0,1,0,0,0,0,0,0.0,0,0,0,0,0,0,0.00,0,0,0,0,0.00,0.00,0,0,0,0,0,0,0,0,0.0,0.0,0,0,0,0,0,NA,0,0,NA,NA,NA,NA,0,NA,0,0,NA,NA,NA,NA,NA,0,NA,NA,NA,NA,NA,NA,NA,0,NA,NA,@ NYG,5,IR,IR,IR
15,9487,Parker Washington,WR,23.5,JAX,48.0,47,45,8.3,6.8,5.3,1,1,0,62,28,0,0.0,0,0,0,0,0,0,0.00,0,0,0,0,0.00,0.00,3,53,0,2,0,3,0,53,17.7,17.7,0,0,0,53,0,NA,0,0,45.2%,NA,NA,NA,0,NA,2,3,0.667,2.0,21,9.4%,2.52,0,NA,NA,NA,NA,NA,0.095,NA,53,NA,NA,vs NYJ,23,·,7.5,0.8
15,12505,Jalen Royals,WR,22.6,KC,999.0,999,999,0,0,0,1,0,0,61,0,0,0.0,0,0,0,0,0,0,0.00,0,0,0,0,0.00,0.00,0,0,0,0,0,0,0,0,0.0,0.0,0,0,0,0,0,NA,0,0,0.0%,NA,NA,NA,0,NA,0,0,NA,NA,NA,NA,NA,0,NA,NA,NA,NA,NA,NA,NA,0,NA,NA,vs LAC,31,·,0.1,-0.1
15,4018,Joe Mixon,RB,29.2,HOU,999.0,999,999,0,0,0,1,0,0,0,0,0,0.0,0,0,0,0,0,0,0.00,0,0,0,0,0.00,0.00,0,0,0,0,0,0,0,0,0.0,0.0,0,0,0,0,0,NA,0,0,NA,NA,NA,NA,0,NA,0,0,NA,NA,NA,NA,NA,0,NA,NA,NA,NA,NA,NA,NA,0,NA,NA,vs ARI,4,PUP,PUP,PUP
15,12641,Jaylin Lane,WR,23.4,WAS,60.0,51,41,6,6,6,1,1,0,61,28,0,0.0,0,0,0,0,0,0,0.00,0,0,0,0,0.00,0.00,0,0,0,0,0,1,0,0,0.0,0.0,0,0,0,0,0,NA,0,0,45.9%,NA,NA,NA,0,NA,0,1,0.000,0.0,13,5.3%,0.00,0,NA,NA,NA,NA,NA,0.000,NA,0,NA,NA,@ NYG,5,·,0.8,5.2
15,9511,Keaton Mitchell,RB,23.7,BAL,42.0,38,34,6.6,6.6,6.6,1,1,0,41,16,0,0.0,0,0,0,0,0,0,0.00,66,0,0,0,0.00,0.00,0,0,0,0,0,1,0,0,0.0,0.0,8,0,3,66,0,50,66,8.25,39.0%,2,6.30,0.250,3,0.880,3,9,0.333,3.0,NA,8.3%,NA,0,NA,NA,NA,NA,NA,NA,NA,66,NA,NA,@ CIN,1,·,5.2,1.4
15,4950,Christian Kirk,WR,28.9,HOU,999.0,999,999,0,0,0,1,1,0,67,16,0,0.0,0,0,0,0,0,0,0.00,0,0,0,0,0.00,0.00,0,0,0,0,0,0,0,0,0.0,0.0,0,0,0,0,0,NA,0,0,23.9%,NA,NA,NA,0,NA,0,0,NA,0.0,12,0.0%,0.00,0,NA,NA,NA,NA,NA,0.000,NA,0,NA,NA,vs ARI,17,·,5.5,-5.5
15,4137,James Conner,RB,30.4,ARI,999.0,999,999,0,0,0,1,0,0,0,0,0,0.0,0,0,0,0,0,0,0.00,0,0,0,0,0.00,0.00,0,0,0,0,0,0,0,0,0.0,0.0,0,0,0,0,0,NA,0,0,NA,NA,NA,NA,0,NA,0,0,NA,NA,NA,NA,NA,0,NA,NA,NA,NA,NA,NA,NA,0,NA,NA,@ HOU,24,IR,IR,IR
15,4988,Nick Chubb,RB,29.8,HOU,0.0,0,0,0,0,0,0,0,0,0,0,0,0.0,0,0,0,0,0,0,0.00,0,0,0,0,0.00,0.00,0,0,0,0,0,0,0,0,0.0,0.0,0,0,0,0,0,NA,0,0,NA,NA,NA,NA,0,NA,0,0,NA,NA,NA,NA,NA,0,NA,NA,NA,NA,NA,NA,NA,0,NA,NA,vs ARI,4,OUT,OUT,OUT
15,9506,Sean Tucker,RB,23.9,TB,41.0,37,33,6.7,6.7,6.7,1,1,0,69,8,0,0.0,0,0,0,0,0,0,0.00,7,0,0,0,0.00,0.00,0,0,0,0,0,0,0,0,0.0,0.0,4,0,0,7,1,5,7,1.75,11.6%,1,1.30,0.250,1,0.380,1,4,0.250,1.0,NA,0.0%,NA,0,NA,NA,NA,NA,NA,NA,NA,7,NA,NA,vs ATL,11,·,2.5,4.2
15,4144,Jonnu Smith,TE,30.1,PIT,13.0,11,10,10.6,9.6,8.6,1,1,1,66,19,0,0.0,0,0,0,0,0,0,0.00,14,0,0,0,0.00,0.00,2,-2,0,1,0,2,14,12,6.0,6.0,1,0,0,26,1,NA,14,14,28.8%,NA,NA,NA,1,NA,2,3,0.667,2.0,9,7.4%,1.33,0,NA,NA,NA,NA,NA,0.111,NA,26,NA,NA,vs MIA,4,·,4.8,5.8
15,7607,Michael Carter,RB,26.4,ARI,19.0,22,25,13.4,11.4,9.4,1,1,0,66,53,0,0.0,0,0,0,0,0,0,0.00,56,0,0,0,0.00,0.00,4,3,0,2,0,4,35,38,9.5,9.5,14,0,4,94,0,31,56,4,80.3%,2,2.20,0.143,4,0.363,6,18,0.333,6.0,NA,10.0%,NA,0,NA,NA,NA,NA,NA,NA,NA,94,NA,NA,@ HOU,24,·,4.3,9.1
15,11647,Kimani Vidal,RB,24.1,LAC,44.0,44,40,5.8,5.3,4.8,1,1,1,66,42,0,0.0,0,0,0,0,0,0,0.00,33,0,0,0,0.00,0.00,1,-4,0,1,0,1,19,15,15.0,15.0,12,0,1,48,0,25,33,2.75,63.6%,4,2.10,0.333,1,0.543,2,13,0.154,2.0,NA,3.4%,NA,0,NA,NA,NA,NA,NA,NA,NA,48,NA,NA,@ KC,26,·,9.6,-3.8
15,5001,Dalton Schultz,TE,29.2,HOU,7.0,7,8,21.6,17.6,13.6,1,1,0,67,53,0,0.0,0,0,0,0,0,0,0.00,0,0,0,0,0.00,0.00,8,42,0,4,1,9,34,76,9.5,8.4,0,0,0,76,0,NA,0,0,79.1%,NA,NA,NA,0,NA,5,9,0.556,5.0,29,31.0%,2.62,0,NA,NA,NA,NA,NA,0.138,NA,76,NA,NA,vs ARI,9,·,8.8,12.8
15,11571,Isaiah Davis,RB,23.6,NYJ,18.0,17,17,13.5,13,12.5,1,1,0,68,26,0,0.0,0,0,0,0,0,0,0.00,58,0,0,0,0.00,0.00,1,6,0,0,0,1,1,7,7.0,7.0,9,0,1,65,1,23,58,6.44,38.2%,2,2.60,0.222,2,0.482,2,10,0.200,2.0,NA,3.0%,NA,0,NA,NA,NA,NA,NA,NA,NA,65,NA,NA,@ JAX,28,·,5.1,8.4
15,12476,Devin Neal,RB,22.1,NO,28.0,28,27,10.2,9.7,9.2,1,1,1,69,22,0,0.0,0,0,0,0,0,0,0.00,28,0,0,0,0.00,0.00,1,3,0,0,0,1,1,4,4.0,4.0,7,0,2,32,1,17,28,4,31.9%,3,2.40,0.429,3,0.669,3,8,0.375,3.0,NA,3.0%,NA,0,NA,NA,NA,NA,NA,NA,NA,32,NA,NA,vs CAR,10,OUT,13.2,-3.0
15,11643,Jaylen Wright,RB,22.5,MIA,65.0,65,66,2.1,1.6,1.1,1,1,0,50,4,0,0.0,0,0,0,0,0,0,0.00,2,0,0,0,0.00,0.00,1,0,0,0,0,1,9,9,9.0,9.0,1,0,0,11,0,2,2,2,8.0%,0,1.60,0.000,0,0.160,0,2,0.000,0.0,NA,3.6%,NA,0,NA,NA,NA,NA,NA,NA,NA,11,NA,NA,@ PIT,23,·,4.1,-2.0
15,11596,Ben Sinnott,TE,23.3,WAS,34.0,28,22,4.6,4.1,3.6,1,1,0,61,35,0,0.0,0,0,0,0,0,0,0.00,0,0,0,0,0.00,0.00,1,22,0,1,0,1,14,36,36.0,36.0,0,0,0,36,0,NA,0,0,57.4%,NA,NA,NA,0,NA,1,1,1.000,1.0,10,5.3%,3.60,0,NA,NA,NA,NA,NA,0.100,NA,36,NA,NA,@ NYG,24,·,4.9,-0.3
15,12545,Tyler Shough,QB,26.0,NO,16.0,16,16,18.08,18.08,18.08,1,1,1,69,68,0,75.0,181,32,24,13,8,0,110.40,304,5,1,272,8.50,11.33,0,0,0,0,0,0,0,0,0.0,0.0,8,0,2,32,0,NA,32,4,98.6%,NA,NA,NA,2,NA,16,40,NA,NA,NA,NA,NA,14,43.8%,2.43,0.0%,17.9%,7.90,NA,39,304,+4.9%,+0.24,vs CAR,25,·,19.2,-1.1
15,9225,Tank Bigsby,RB,24.1,PHI,45.0,43,38,5.7,5.7,5.7,1,1,0,69,27,0,0.0,0,0,0,0,0,0,0.00,57,0,0,0,0.00,0.00,0,0,0,0,0,1,0,0,0.0,0.0,17,1,3,57,0,63,57,3.35,39.1%,4,3.70,0.235,3,0.605,3,18,0.167,3.0,NA,5.6%,NA,0,NA,NA,NA,NA,NA,NA,NA,57,NA,NA,vs LV,12,·,1.7,4.0
15,11577,Will Shipley,RB,23.1,PHI,999.0,999,999,0,0,0,1,1,0,69,4,0,0.0,0,0,0,0,0,0,0.00,0,0,0,0,0.00,0.00,0,0,0,0,0,0,0,0,0.0,0.0,0,0,0,0,0,NA,0,0,5.8%,NA,NA,NA,0,NA,0,0,NA,0.0,NA,NA,NA,0,NA,NA,NA,NA,NA,NA,NA,0,NA,NA,vs LV,12,·,1.6,-1.6
15,4454,Kendrick Bourne,WR,30.2,SF,80.0,81,82,3.7,2.7,1.7,1,1,0,74,33,0,0.0,0,0,0,0,0,0,0.00,0,0,0,0,0.00,0.00,2,10,0,1,0,3,7,17,8.5,5.7,0,0,0,17,0,NA,0,0,44.6%,NA,NA,NA,0,NA,1,3,0.333,1.0,17,10.0%,1.00,0,NA,NA,NA,NA,NA,0.059,NA,17,NA,NA,vs TEN,10,·,1.8,1.9
15,12485,Tez Johnson,WR,23.4,TB,999.0,999,999,0,0,0,1,1,0,69,15,0,0.0,0,0,0,0,0,0,0.00,0,0,0,0,0.00,0.00,0,0,0,0,0,1,0,0,0.0,0.0,0,0,0,0,0,NA,0,0,21.7%,NA,NA,NA,0,NA,0,1,0.000,0.0,NA,NA,NA,0,NA,NA,NA,NA,NA,NA,NA,0,NA,NA,vs ATL,3,·,2.0,-2.0
15,7670,Joshua Palmer,WR,26.0,BUF,88.0,87,85,2.6,2.1,1.6,1,1,1,70,23,0,0.0,0,0,0,0,0,0,0.00,0,0,0,0,0.00,0.00,1,16,0,1,0,2,0,16,16.0,8.0,0,0,0,16,0,NA,0,0,32.9%,NA,NA,NA,0,NA,1,2,0.500,1.0,15,7.1%,1.07,0,NA,NA,NA,NA,NA,0.067,NA,16,NA,NA,@ NE,14,·,6.2,-3.6
15,7587,Dyami Brown,WR,25.9,JAX,104.0,104,104,-1.6,-1.6,-1.6,1,1,0,62,5,1,0.0,0,0,0,0,0,0,0.00,4,0,0,0,0.00,0.00,0,0,0,0,0,0,0,0,0.0,0.0,1,0,0,4,0,NA,4,4,8.1%,NA,NA,NA,0,NA,0,1,0.000,0.0,NA,NA,NA,0,NA,NA,NA,NA,NA,NA,NA,4,NA,NA,vs NYJ,23,·,0.6,-2.2
15,11581,MarShawn Lloyd,RB,24.7,GB,999.0,999,999,0,0,0,1,0,0,0,0,0,0.0,0,0,0,0,0,0,0.00,0,0,0,0,0.00,0.00,0,0,0,0,0,0,0,0,0.0,0.0,0,0,0,0,0,NA,0,0,NA,NA,NA,NA,0,NA,0,0,NA,NA,NA,NA,NA,0,NA,NA,NA,NA,NA,NA,NA,0,NA,NA,@ DEN,29,IR,IR,IR
15,10219,Chris Rodriguez,RB,25.0,WAS,0.0,0,0,0,0,0,0,0,0,0,0,0,0.0,0,0,0,0,0,0,0.00,0,0,0,0,0.00,0.00,0,0,0,0,0,0,0,0,0.0,0.0,0,0,0,0,0,NA,0,0,NA,NA,NA,NA,0,NA,0,0,NA,NA,NA,NA,NA,0,NA,NA,NA,NA,NA,NA,NA,0,NA,NA,@ NYG,2,OUT,OUT,OUT
15,12543,Tahj Brooks,RB,23.4,CIN,999.0,999,999,0,0,0,1,1,0,76,1,0,0.0,0,0,0,0,0,0,0.00,0,0,0,0,0.00,0.00,0,0,0,0,0,0,0,0,0.0,0.0,0,0,0,0,0,NA,0,0,1.3%,NA,NA,NA,0,NA,0,0,NA,0.0,NA,NA,NA,0,NA,NA,NA,NA,NA,NA,NA,0,NA,NA,vs BAL,14,·,0.5,-0.5
15,11569,Jarquez Hunter,RB,22.8,LAR,0.0,0,0,0,0,0,0,0,0,0,0,0,0.0,0,0,0,0,0,0,0.00,0,0,0,0,0.00,0.00,0,0,0,0,0,0,0,0,0.0,0.0,0,0,0,0,0,NA,0,0,NA,NA,NA,NA,0,NA,0,0,NA,NA,NA,NA,NA,0,NA,NA,NA,NA,NA,NA,NA,0,NA,NA,vs DET,31,OUT,OUT,OUT
15,10232,Michael Wilson,WR,25.6,ARI,17.0,19,17,16.4,13.9,11.4,1,1,1,66,56,0,0.0,0,0,0,0,0,0,0.00,0,0,0,0,0.00,0.00,5,46,0,2,1,11,8,54,10.8,4.9,0,0,0,54,0,NA,0,0,84.8%,NA,NA,NA,0,NA,3,11,0.273,3.0,35,27.5%,1.54,0,NA,NA,NA,NA,NA,0.057,NA,54,NA,NA,@ HOU,30,·,13.3,3.1
15,5995,Justice Hill,RB,27.9,BAL,999.0,999,999,0,0,0,1,0,0,0,0,0,0.0,0,0,0,0,0,0,0.00,0,0,0,0,0.00,0.00,0,0,0,0,0,0,0,0,0.0,0.0,0,0,0,0,0,NA,0,0,NA,NA,NA,NA,0,NA,0,0,NA,NA,NA,NA,NA,0,NA,NA,NA,NA,NA,NA,NA,0,NA,NA,@ CIN,1,IR,IR,IR
15,8180,Jalen Nailor,WR,26.6,MIN,10.0,8,7,19.5,18,16.5,1,1,0,55,28,0,0.0,0,0,0,0,0,0,0.00,-2,0,0,0,0.00,0.00,3,47,0,1,2,5,0,47,15.7,9.4,1,0,0,45,0,NA,-2,-2,50.9%,NA,NA,NA,0,NA,3,6,0.500,3.0,16,20.8%,2.94,0,NA,NA,NA,NA,NA,0.063,NA,45,NA,NA,@ DAL,1,·,4.3,15.2
15,8698,Jake Tonges,TE,26.2,SF,999.0,999,999,0,0,0,1,1,0,74,2,0,0.0,0,0,0,0,0,0,0.00,0,0,0,0,0.00,0.00,0,0,0,0,0,0,0,0,0.0,0.0,0,0,0,0,0,NA,0,0,2.7%,NA,NA,NA,0,NA,0,0,NA,0.0,NA,NA,NA,0,NA,NA,NA,NA,NA,NA,NA,0,NA,NA,vs TEN,16,·,0.4,-0.4
15,8123,Hassan Haskins,RB,25.8,LAC,999.0,999,999,0,0,0,1,1,0,66,0,0,0.0,0,0,0,0,0,0,0.00,0,0,0,0,0.00,0.00,0,0,0,0,0,0,0,0,0.0,0.0,0,0,0,0,0,NA,0,0,0.0%,NA,NA,NA,0,NA,0,0,NA,0.0,NA,NA,NA,0,NA,NA,NA,NA,NA,NA,NA,0,NA,NA,@ KC,26,·,0.6,-0.6
15,4098,Kareem Hunt,RB,30.1,KC,54.0,55,56,3,2.5,2,1,1,0,61,30,0,0.0,0,0,0,0,0,0,0.00,12,0,0,0,0.00,0.00,1,-5,0,1,0,2,13,8,8.0,4.0,6,0,4,20,0,11,12,2,49.2%,0,1.80,0.000,4,0.180,5,8,0.625,5.0,NA,6.1%,NA,0,NA,NA,NA,NA,NA,NA,NA,20,NA,NA,vs LAC,19,·,10.2,-7.2
15,11630,Roman Wilson,WR,24.3,PIT,0.0,0,0,0,0,0,0,0,0,0,0,0,0.0,0,0,0,0,0,0,0.00,0,0,0,0,0.00,0.00,0,0,0,0,0,0,0,0,0.0,0.0,0,0,0,0,0,NA,0,0,NA,NA,NA,NA,0,NA,0,0,NA,NA,NA,NA,NA,0,NA,NA,NA,NA,NA,NA,NA,0,NA,NA,vs MIA,25,·,0.3,-0.3
15,12540,Chimere Dike,WR,23.8,TEN,70.0,79,89,5,3,1,1,1,0,53,37,0,0.0,0,0,0,0,0,0,0.00,-7,0,0,0,0.00,0.00,4,-11,1,0,0,5,28,17,4.3,3.4,1,0,0,10,0,NA,-7,-7,69.8%,NA,NA,NA,0,NA,0,6,0.000,0.0,24,17.2%,0.71,0,NA,NA,NA,NA,NA,0.000,NA,10,NA,NA,@ SF,29,·,9.2,-4.2
15,8117,Jalen Tolbert,WR,26.6,DAL,0.0,0,0,0,0,0,0,0,0,0,0,0,0.0,0,0,0,0,0,0,0.00,0,0,0,0,0.00,0.00,0,0,0,0,0,0,0,0,0.0,0.0,0,0,0,0,0,NA,0,0,NA,NA,NA,NA,0,NA,0,0,NA,NA,NA,NA,NA,0,NA,NA,NA,NA,NA,NA,NA,0,NA,NA,vs MIN,32,OUT,OUT,OUT
15,12523,Jimmy Horn,WR,23.0,CAR,95.0,95,95,1.7,1.2,0.7,1,1,0,57,4,0,0.0,0,0,0,0,0,0,0.00,0,0,0,0,0.00,0.00,1,1,0,0,0,1,6,7,7.0,7.0,0,0,0,7,0,NA,0,0,7.0%,NA,NA,NA,0,NA,0,1,0.000,0.0,2,4.2%,3.50,0,NA,NA,NA,NA,NA,0.000,NA,7,NA,NA,@ NO,22,·,2.4,-0.7
15,12670,KeAndre Lambert-Smith,WR,24.0,LAC,45.0,41,32,8.6,8.1,7.6,1,1,0,66,21,0,0.0,0,0,0,0,0,0,0.00,0,0,0,0,0.00,0.00,1,16,0,0,1,1,0,16,16.0,16.0,0,0,0,16,0,NA,0,0,31.8%,NA,NA,NA,0,NA,1,1,1.000,1.0,12,3.4%,1.33,0,NA,NA,NA,NA,NA,0.000,NA,16,NA,NA,@ KC,19,·,1.8,6.8
15,12502,Gunnar Helm,TE,23.1,TEN,9.0,9,9,14.9,12.9,10.9,1,1,0,53,26,0,0.0,0,0,0,0,0,0,0.00,0,0,0,0,0.00,0.00,4,22,0,1,1,4,27,49,12.3,12.3,0,0,0,49,0,NA,0,0,49.1%,NA,NA,NA,0,NA,2,4,0.500,2.0,10,13.8%,4.90,0,NA,NA,NA,NA,NA,0.100,NA,49,NA,NA,@ SF,5,·,6.8,8.1
15,11651,Isaac Guerendo,RB,25.2,SF,999.0,999,999,0,0,0,1,1,0,74,0,0,0.0,0,0,0,0,0,0,0.00,0,0,0,0,0.00,0.00,0,0,0,0,0,0,0,0,0.0,0.0,0,0,0,0,0,NA,0,0,0.0%,NA,NA,NA,0,NA,0,0,NA,0.0,NA,NA,NA,0,NA,NA,NA,NA,NA,NA,NA,0,NA,NA,vs TEN,13,·,0.8,-0.8
15,3321,Tyreek Hill,WR,31.6,MIA,999.0,999,999,0,0,0,1,0,0,0,0,0,0.0,0,0,0,0,0,0,0.00,0,0,0,0,0.00,0.00,0,0,0,0,0,0,0,0,0.0,0.0,0,0,0,0,0,NA,0,0,NA,NA,NA,NA,0,NA,0,0,NA,NA,NA,NA,NA,0,NA,NA,NA,NA,NA,NA,NA,0,NA,NA,@ PIT,8,IR,IR,IR
15,11557,Joe Milton,QB,25.6,DAL,999.0,999,999,0,0,0,1,0,0,70,0,0,0.0,0,0,0,0,0,0,0.00,0,0,0,0,0.00,0.00,0,0,0,0,0,0,0,0,0.0,0.0,0,0,0,0,0,NA,0,0,0.0%,NA,NA,NA,0,NA,0,0,NA,NA,NA,NA,NA,0,NA,NA,NA,NA,NA,NA,NA,0,NA,NA,vs MIN,30,·,·,·
15,7828,Noah Gray,TE,26.4,KC,999.0,999,999,0,0,0,1,1,0,61,23,0,0.0,0,0,0,0,0,0,0.00,0,0,0,0,0.00,0.00,0,0,0,0,0,0,0,0,0.0,0.0,0,0,0,0,0,NA,0,0,37.7%,NA,NA,NA,0,NA,0,0,NA,0.0,NA,NA,NA,0,NA,NA,NA,NA,NA,NA,NA,0,NA,NA,vs LAC,25,·,2.4,-2.4
15,6149,Darius Slayton,WR,28.7,NYG,41.0,44,44,9.3,7.3,5.3,1,1,1,68,59,0,0.0,0,0,0,0,0,0,0.00,0,0,0,0,0.00,0.00,4,43,2,3,0,10,10,53,13.3,5.3,0,0,0,53,0,NA,0,0,86.8%,NA,NA,NA,0,NA,3,10,0.300,3.0,39,27.0%,1.36,0,NA,NA,NA,NA,NA,0.077,NA,53,NA,NA,vs WAS,9,·,9.6,-0.3
15,10218,Xavier Hutchinson,WR,25.3,HOU,87.0,86,84,2.6,2.1,1.6,1,1,0,67,20,0,0.0,0,0,0,0,0,0,0.00,0,0,0,0,0.00,0.00,1,4,0,1,0,2,12,16,16.0,8.0,0,0,0,16,0,NA,0,0,29.9%,NA,NA,NA,0,NA,1,2,0.500,1.0,12,6.9%,1.33,0,NA,NA,NA,NA,NA,0.083,NA,16,NA,NA,vs ARI,17,·,3.9,-1.3
15,9481,Luke Musgrave,TE,25.1,GB,17.0,17,18,9.2,7.2,5.2,1,1,1,66,34,0,0.0,0,0,0,0,0,0,0.00,0,0,0,0,0.00,0.00,4,34,1,2,0,6,18,52,13.0,8.7,0,0,0,52,0,NA,0,0,51.5%,NA,NA,NA,0,NA,2,6,0.333,2.0,24,15.0%,2.17,0,NA,NA,NA,NA,NA,0.083,NA,52,NA,NA,@ DEN,11,·,3.5,5.7
15,5857,Noah Fant,TE,27.8,CIN,999.0,999,999,0,0,0,1,1,0,76,18,0,0.0,0,0,0,0,0,0,0.00,0,0,0,0,0.00,0.00,0,0,0,0,0,0,0,0,0.0,0.0,0,0,0,0,0,NA,0,0,23.7%,NA,NA,NA,0,NA,0,0,NA,0.0,5,0.0%,0.00,0,NA,NA,NA,NA,NA,0.000,NA,0,NA,NA,vs BAL,26,·,4.9,-4.9
15,5906,Dawson Knox,TE,28.9,BUF,8.0,8,6,18.7,17.2,15.7,1,1,1,70,45,0,0.0,0,0,0,0,0,0,0.00,0,0,0,0,0.00,0.00,3,21,0,1,2,4,16,37,12.3,9.3,0,0,0,37,0,NA,0,0,64.3%,NA,NA,NA,0,NA,3,4,0.750,3.0,17,14.3%,2.18,0,NA,NA,NA,NA,NA,0.059,NA,37,NA,NA,@ NE,13,·,4.9,13.8
15,12482,Savion Williams,WR,23.8,GB,0.0,0,0,0,0,0,0,0,0,0,0,0,0.0,0,0,0,0,0,0,0.00,0,0,0,0,0.00,0.00,0,0,0,0,0,0,0,0,0.0,0.0,0,0,0,0,0,NA,0,0,NA,NA,NA,NA,0,NA,0,0,NA,NA,NA,NA,NA,0,NA,NA,NA,NA,NA,NA,NA,0,NA,NA,@ DEN,28,OUT,OUT,OUT
15,7528,Najee Harris,RB,27.6,LAC,999.0,999,999,0,0,0,1,0,0,0,0,0,0.0,0,0,0,0,0,0,0.00,0,0,0,0,0.00,0.00,0,0,0,0,0,0,0,0,0.0,0.0,0,0,0,0,0,NA,0,0,NA,NA,NA,NA,0,NA,0,0,NA,NA,NA,NA,NA,0,NA,NA,NA,NA,NA,NA,NA,0,NA,NA,@ KC,26,IR,IR,IR
15,12544,LeQuint Allen,RB,21.2,JAX,59.0,59,61,2.6,2.1,1.6,1,1,0,62,18,0,0.0,0,0,0,0,0,0,0.00,11,0,0,0,0.00,0.00,1,-2,0,0,0,1,7,5,5.0,5.0,4,0,0,16,0,10,11,2.75,29.0%,1,2.60,0.250,0,0.510,0,5,0.000,0.0,NA,3.1%,NA,0,NA,NA,NA,NA,NA,NA,NA,16,NA,NA,vs NYJ,3,·,2.5,0.1
15,8143,Jerome Ford,RB,26.0,CLE,999.0,999,999,0,0,0,1,0,0,0,0,0,0.0,0,0,0,0,0,0,0.00,0,0,0,0,0.00,0.00,0,0,0,0,0,0,0,0,0.0,0.0,0,0,0,0,0,NA,0,0,NA,NA,NA,NA,0,NA,0,0,NA,NA,NA,NA,NA,0,NA,NA,NA,NA,NA,NA,NA,0,NA,NA,@ CHI,16,IR,IR,IR
15,12467,Jordan James,RB,21.5,SF,0.0,0,0,0,0,0,0,0,0,0,0,0,0.0,0,0,0,0,0,0,0.00,0,0,0,0,0.00,0.00,0,0,0,0,0,0,0,0,0.0,0.0,0,0,0,0,0,NA,0,0,NA,NA,NA,NA,0,NA,0,0,NA,NA,NA,NA,NA,0,NA,NA,NA,NA,NA,NA,NA,0,NA,NA,vs TEN,13,OUT,OUT,OUT
15,11623,Jordan Whittington,WR,25.0,LAR,999.0,999,999,0,0,0,1,1,0,72,4,0,0.0,0,0,0,0,0,0,0.00,0,0,0,0,0.00,0.00,0,0,0,0,0,1,0,0,0.0,0.0,0,0,0,0,0,NA,0,0,5.6%,NA,NA,NA,0,NA,0,1,0.000,0.0,4,2.6%,0.00,0,NA,NA,NA,NA,NA,0.000,NA,0,NA,NA,vs DET,2,·,1.3,-1.3
15,3161,Carson Wentz,QB,32.7,MIN,999.0,999,999,0,0,0,1,0,0,0,0,0,0.0,0,0,0,0,0,0,0.00,0,0,0,0,0.00,0.00,0,0,0,0,0,0,0,0,0.0,0.0,0,0,0,0,0,NA,0,0,NA,NA,NA,NA,0,NA,0,0,NA,NA,NA,NA,NA,0,NA,NA,NA,NA,NA,NA,NA,0,NA,NA,@ DAL,1,IR,IR,IR
15,19,Joe Flacco,QB,40.7,CIN,999.0,999,999,0,0,0,1,0,0,76,0,0,0.0,0,0,0,0,0,0,0.00,0,0,0,0,0.00,0.00,0,0,0,0,0,0,0,0,0.0,0.0,0,0,0,0,0,NA,0,0,0.0%,NA,NA,NA,0,NA,0,0,NA,NA,NA,NA,NA,0,NA,NA,NA,NA,NA,NA,NA,0,NA,NA,vs BAL,14,·,·,·
15,7562,Tutu Atwell,WR,26.0,LAR,93.0,93,93,1.9,1.4,0.9,1,1,0,72,4,0,0.0,0,0,0,0,0,0,0.00,0,0,0,0,0.00,0.00,1,9,0,0,0,2,0,9,9.0,4.5,0,0,0,9,0,NA,0,0,5.6%,NA,NA,NA,0,NA,0,2,0.000,0.0,4,5.3%,2.25,0,NA,NA,NA,NA,NA,0.000,NA,9,NA,NA,vs DET,2,·,1.2,0.7
15,10235,Roschon Johnson,RB,24.6,CHI,999.0,999,999,0,0,0,1,0,0,0,0,0,0.0,0,0,0,0,0,0,0.00,0,0,0,0,0.00,0.00,0,0,0,0,0,0,0,0,0.0,0.0,0,0,0,0,0,NA,0,0,NA,NA,NA,NA,0,NA,0,0,NA,NA,NA,NA,NA,0,NA,NA,NA,NA,NA,NA,NA,0,NA,NA,vs CLE,21,IR,IR,IR
15,10226,Andrei Iosivas,WR,26.0,CIN,999.0,999,999,0,0,0,1,1,0,76,68,0,0.0,0,0,0,0,0,0,0.00,0,0,0,0,0.00,0.00,0,0,0,0,0,1,0,0,0.0,0.0,0,0,0,0,0,NA,0,0,89.5%,NA,NA,NA,0,NA,0,1,0.000,0.0,40,2.6%,0.00,0,NA,NA,NA,NA,NA,0.000,NA,0,NA,NA,vs BAL,11,·,6.7,-6.7
15,12511,Will Howard,QB,24.0,PIT,0.0,0,0,0,0,0,0,0,0,0,0,0,0.0,0,0,0,0,0,0,0.00,0,0,0,0,0.00,0.00,0,0,0,0,0,0,0,0,0.0,0.0,0,0,0,0,0,NA,0,0,NA,NA,NA,NA,0,NA,0,0,NA,NA,NA,NA,NA,0,NA,NA,NA,NA,NA,NA,NA,0,NA,NA,vs MIA,12,·,·,·
15,8917,KaVontae Turpin,WR,29.2,DAL,83.0,85,88,3.2,2.2,1.2,1,1,0,70,14,0,0.0,0,0,0,0,0,0,0.00,2,0,0,0,0.00,0.00,2,-4,0,0,0,2,14,10,5.0,5.0,1,1,0,12,0,NA,2,2,20.0%,NA,NA,NA,0,NA,0,3,0.000,0.0,8,5.3%,1.25,0,NA,NA,NA,NA,NA,0.000,NA,12,NA,NA,vs MIN,32,·,4.7,-1.5
15,11783,Ryan Flournoy,WR,25.9,DAL,50.0,52,55,8,6,4,1,1,0,70,45,0,0.0,0,0,0,0,0,0,0.00,0,0,0,0,0.00,0.00,4,1,0,3,0,5,39,40,10.0,8.0,0,0,0,40,0,NA,0,0,64.3%,NA,NA,NA,0,NA,3,5,0.600,3.0,28,13.2%,1.43,0,NA,NA,NA,NA,NA,0.107,NA,40,NA,NA,vs MIN,32,·,4.7,3.3
15,11435,Emanuel Wilson,RB,26.4,GB,77.0,77,73,0.3,0.3,0.3,1,1,0,66,13,0,0.0,0,0,0,0,0,0,0.00,3,0,0,0,0.00,0.00,0,0,0,0,0,0,0,0,0.0,0.0,2,0,0,3,0,NA,3,1.5,19.7%,NA,NA,NA,0,NA,0,2,0.000,0.0,NA,NA,NA,0,NA,NA,NA,NA,NA,NA,NA,3,NA,NA,@ DEN,29,·,5.3,-5.0
15,8119,Jahan Dotson,WR,25.5,PHI,999.0,999,999,0,0,0,1,1,0,69,37,0,0.0,0,0,0,0,0,0,0.00,0,0,0,0,0.00,0.00,0,0,0,0,0,0,0,0,0.0,0.0,0,0,0,0,0,NA,0,0,53.6%,NA,NA,NA,0,NA,0,0,NA,0.0,14,0.0%,0.00,0,NA,NA,NA,NA,NA,0.000,NA,0,NA,NA,vs LV,6,·,3.6,-3.6
15,7694,Tommy Tremble,TE,25.3,CAR,42.0,43,45,3.3,2.3,1.3,1,1,1,57,28,0,0.0,0,0,0,0,0,0,0.00,0,0,0,0,0.00,0.00,2,3,1,1,0,4,10,13,6.5,3.3,0,0,0,13,0,NA,0,0,49.1%,NA,NA,NA,0,NA,1,4,0.250,1.0,12,16.7%,1.08,0,NA,NA,NA,NA,NA,0.083,NA,13,NA,NA,@ NO,22,·,2.9,0.4
15,9497,Jalin Hyatt,WR,24.0,NYG,999.0,999,999,0,0,0,1,1,0,68,4,0,0.0,0,0,0,0,0,0,0.00,0,0,0,0,0.00,0.00,0,0,0,0,0,1,0,0,0.0,0.0,0,0,0,0,0,NA,0,0,5.9%,NA,NA,NA,0,NA,0,1,0.000,0.0,3,2.7%,0.00,0,NA,NA,NA,NA,NA,0.000,NA,0,NA,NA,vs WAS,9,·,1.1,-1.1
15,12500,Quinn Ewers,QB,22.4,MIA,0.0,0,0,0,0,0,0,0,0,0,0,0,0.0,0,0,0,0,0,0,0.00,0,0,0,0,0.00,0.00,0,0,0,0,0,0,0,0,0.0,0.0,0,0,0,0,0,NA,0,0,NA,NA,NA,NA,0,NA,0,0,NA,NA,NA,NA,NA,0,NA,NA,NA,NA,NA,NA,NA,0,NA,NA,@ PIT,7,·,·,·
15,11629,Devontez Walker,WR,24.3,BAL,999.0,999,999,0,0,0,1,1,1,41,25,0,0.0,0,0,0,0,0,0,0.00,0,0,0,0,0.00,0.00,0,0,0,0,0,0,0,0,0.0,0.0,0,0,0,0,0,NA,0,0,61.0%,NA,NA,NA,0,NA,0,0,NA,0.0,8,0.0%,0.00,0,NA,NA,NA,NA,NA,0.000,NA,0,NA,NA,@ CIN,27,·,2.8,-2.8
15,9479,Darnell Washington,TE,24.1,PIT,28.0,29,32,5.5,4,2.5,1,1,1,66,48,0,0.0,0,0,0,0,0,0,0.00,0,0,0,0,0.00,0.00,3,-1,0,1,0,4,26,25,8.3,6.3,0,0,0,25,0,NA,0,0,72.7%,NA,NA,NA,0,NA,1,4,0.250,1.0,17,14.8%,1.47,0,NA,NA,NA,NA,NA,0.059,NA,25,NA,NA,vs MIA,4,·,6.4,-0.9
15,11199,Emari Demercado,RB,26.7,ARI,62.0,67,77,2.1,1.1,0.1,1,1,0,66,7,0,0.0,0,0,0,0,0,0,0.00,1,0,0,0,0.00,0.00,2,-1,0,0,0,3,1,0,0.0,0.0,1,0,0,1,0,1,1,1,10.6%,0,0.80,0.000,0,0.080,0,4,0.000,0.0,NA,7.5%,NA,0,NA,NA,NA,NA,NA,NA,NA,1,NA,NA,@ HOU,24,·,6.4,-4.3
15,4040,JuJu Smith-Schuster,WR,28.8,KC,999.0,999,999,0,0,0,1,1,1,61,32,0,0.0,0,0,0,0,0,0,0.00,0,0,0,0,0.00,0.00,0,0,1,0,0,1,0,0,0.0,0.0,0,0,0,0,0,NA,0,0,52.5%,NA,NA,NA,0,NA,0,1,0.000,0.0,20,3.0%,0.00,0,NA,NA,NA,NA,NA,0.000,NA,0,NA,NA,vs LAC,31,·,6.3,-6.3
15,1426,DeAndre Hopkins,WR,33.3,BAL,74.0,71,66,4.2,3.7,3.2,1,1,0,41,13,0,0.0,0,0,0,0,0,0,0.00,0,0,0,0,0.00,0.00,1,8,0,1,0,1,24,32,32.0,32.0,0,0,0,32,0,NA,0,0,31.7%,NA,NA,NA,0,NA,1,1,1.000,1.0,10,8.3%,3.20,0,NA,NA,NA,NA,NA,0.100,NA,32,NA,NA,@ CIN,27,·,6.4,-2.2
15,6111,Jake Browning,QB,29.5,CIN,0.0,0,0,0,0,0,0,0,0,0,0,0,0.0,0,0,0,0,0,0,0.00,0,0,0,0,0.00,0.00,0,0,0,0,0,0,0,0,0.0,0.0,0,0,0,0,0,NA,0,0,NA,NA,NA,NA,0,NA,0,0,NA,NA,NA,NA,NA,0,NA,NA,NA,NA,NA,NA,NA,0,NA,NA,vs BAL,14,OUT,OUT,OUT
15,12542,Efton Chism,WR,23.9,NE,0.0,0,0,0,0,0,0,0,0,0,0,0,0.0,0,0,0,0,0,0,0.00,0,0,0,0,0.00,0.00,0,0,0,0,0,0,0,0,0.0,0.0,0,0,0,0,0,NA,0,0,NA,NA,NA,NA,0,NA,0,0,NA,NA,NA,NA,NA,0,NA,NA,NA,NA,NA,NA,NA,0,NA,NA,vs BUF,18,OUT,OUT,OUT
15,6271,Olamide Zaccheaus,WR,28.2,CHI,999.0,999,999,0,0,0,1,1,1,66,54,0,0.0,0,0,0,0,0,0,0.00,0,0,0,0,0.00,0.00,0,0,0,0,0,3,0,0,0.0,0.0,0,0,0,0,0,NA,0,0,81.8%,NA,NA,NA,0,NA,0,3,0.000,0.0,25,10.7%,0.00,0,NA,NA,NA,NA,NA,0.000,NA,0,NA,NA,vs CLE,26,·,6.4,-6.4
15,4219,Jeremy McNichols,RB,29.8,WAS,68.0,70,76,1.2,0.7,0.2,1,1,1,61,30,1,0.0,0,0,0,0,0,0,0.00,6,0,0,0,0.00,0.00,1,-3,0,1,0,1,19,16,16.0,16.0,9,0,1,22,0,NA,6,0.67,49.2%,NA,NA,NA,1,NA,2,10,0.200,2.0,NA,NA,NA,0,NA,NA,NA,NA,NA,NA,NA,22,NA,NA,@ NYG,2,·,10.0,-8.8
15,2307,Marcus Mariota,QB,31.9,WAS,23.0,23,23,14.74,14.74,14.74,1,1,1,61,61,2,52.6,133,19,10,9,9,0,109.80,254,2,1,211,11.11,21.10,0,0,0,0,0,0,0,0,0.0,0.0,10,0,0,43,0,NA,43,4.3,100.0%,NA,NA,NA,0,NA,10,29,NA,NA,NA,NA,NA,10,52.6%,3.16,26.3%,38.5%,14.20,NA,26,254,+5.6%,-0.03,@ NYG,4,·,20.6,-5.9
15,12496,Tai Felton,WR,22.5,MIN,999.0,999,999,0,0,0,1,1,0,55,1,0,0.0,0,0,0,0,0,0,0.00,0,0,0,0,0.00,0.00,0,0,0,0,0,0,0,0,0.0,0.0,0,0,0,0,0,NA,0,0,1.8%,NA,NA,NA,0,NA,0,0,NA,0.0,NA,NA,NA,0,NA,NA,NA,NA,NA,NA,NA,0,NA,NA,@ DAL,1,·,1.6,-1.6
15,7596,Elijah Moore,WR,25.5,BUF,999.0,999,999,0,0,0,1,0,0,0,0,0,0.0,0,0,0,0,0,0,0.00,0,0,0,0,0.00,0.00,0,0,0,0,0,0,0,0,0.0,0.0,0,0,0,0,0,NA,0,0,NA,NA,NA,NA,0,NA,0,0,NA,NA,NA,NA,NA,0,NA,NA,NA,NA,NA,NA,NA,0,NA,NA,@ NE,14,·,·,·
15,11619,Ja'Lynn Polk,WR,23.5,NO,999.0,999,999,0,0,0,1,0,0,0,0,0,0.0,0,0,0,0,0,0,0.00,0,0,0,0,0.00,0.00,0,0,0,0,0,0,0,0,0.0,0.0,0,0,0,0,0,NA,0,0,NA,NA,NA,NA,0,NA,0,0,NA,NA,NA,NA,NA,0,NA,NA,NA,NA,NA,NA,NA,0,NA,NA,vs CAR,24,IR,IR,IR
15,9492,Trey Palmer,WR,24.5,NO,999.0,999,999,0,0,0,1,0,0,0,0,0,0.0,0,0,0,0,0,0,0.00,0,0,0,0,0.00,0.00,0,0,0,0,0,0,0,0,0.0,0.0,0,0,0,0,0,NA,0,0,NA,NA,NA,NA,0,NA,0,0,NA,NA,NA,NA,NA,0,NA,NA,NA,NA,NA,NA,NA,0,NA,NA,vs CAR,24,IR,IR,IR
15,8161,Malik Willis,QB,26.3,GB,999.0,999,999,0,0,0,1,0,0,66,0,0,0.0,0,0,0,0,0,0,0.00,0,0,0,0,0.00,0.00,0,0,0,0,0,0,0,0,0.0,0.0,0,0,0,0,0,NA,0,0,0.0%,NA,NA,NA,0,NA,0,0,NA,NA,NA,NA,NA,0,NA,NA,NA,NA,NA,NA,NA,0,NA,NA,@ DEN,27,·,·,·
15,11640,Jermaine Burton,WR,24.2,CIN,0.0,0,0,0,0,0,0,0,0,0,0,0,0.0,0,0,0,0,0,0,0.00,0,0,0,0,0.00,0.00,0,0,0,0,0,0,0,0,0.0,0.0,0,0,0,0,0,NA,0,0,NA,NA,NA,NA,0,NA,0,0,NA,NA,NA,NA,NA,0,NA,NA,NA,NA,NA,NA,NA,0,NA,NA,vs BAL,11,·,·,·
15,3200,Sterling Shepard,WR,32.6,TB,999.0,999,999,0,0,0,1,0,0,69,0,0,0.0,0,0,0,0,0,0,0.00,0,0,0,0,0.00,0.00,0,0,0,0,0,0,0,0,0.0,0.0,0,0,0,0,0,NA,0,0,0.0%,NA,NA,NA,0,NA,0,0,NA,NA,NA,NA,NA,0,NA,NA,NA,NA,NA,NA,NA,0,NA,NA,vs ATL,3,·,1.7,-1.7
15,6039,Ty Johnson,RB,28.0,BUF,43.0,48,52,5.8,4.3,2.8,1,1,0,70,18,0,0.0,0,0,0,0,0,0,0.00,13,0,0,0,0.00,0.00,3,-16,0,1,0,3,31,15,5.0,5.0,4,0,1,28,0,16,13,3.25,25.7%,1,4.00,0.250,1,0.650,2,7,0.286,2.0,NA,10.7%,NA,0,NA,NA,NA,NA,NA,NA,NA,28,NA,NA,@ NE,32,·,7.2,-1.4
15,11821,Tahj Washington,WR,24.4,MIA,0.0,0,0,0,0,0,0,0,0,0,0,0,0.0,0,0,0,0,0,0,0.00,0,0,0,0,0.00,0.00,0,0,0,0,0,0,0,0,0.0,0.0,0,0,0,0,0,NA,0,0,NA,NA,NA,NA,0,NA,0,0,NA,NA,NA,NA,NA,0,NA,NA,NA,NA,NA,NA,NA,0,NA,NA,@ PIT,8,·,0.3,-0.3
15,12462,Damien Martinez,RB,21.6,FA,0.0,0,0,0,0,0,0,0,0,0,0,0,0.0,0,0,0,0,0,0,0.00,0,0,0,0,0.00,0.00,0,0,0,0,0,0,0,0,0.0,0.0,0,0,0,0,0,NA,0,0,NA,NA,NA,NA,0,NA,0,0,NA,NA,NA,NA,NA,0,NA,NA,NA,NA,NA,NA,NA,0,NA,NA,NA,,·,·,·
15,2306,Jameis Winston,QB,31.7,NYG,999.0,999,999,0,0,0,1,1,0,68,2,0,0.0,0,1,0,0,1,0,39.60,0,0,0,0,0.00,0.00,0,0,0,0,0,0,0,0,0.0,0.0,0,0,0,0,0,NA,0,0,2.9%,NA,NA,NA,0,NA,0,1,NA,NA,NA,NA,NA,0,0.0%,2.66,0.0%,100.0%,1.70,NA,1,0,-51.8%,-1.41,vs WAS,6,·,·,·
15,12520,Xavier Restrepo,WR,23.5,TEN,999.0,999,999,0,0,0,1,0,0,0,0,0,0.0,0,0,0,0,0,0,0.00,0,0,0,0,0.00,0.00,0,0,0,0,0,0,0,0,0.0,0.0,0,0,0,0,0,NA,0,0,NA,NA,NA,NA,0,NA,0,0,NA,NA,NA,NA,NA,0,NA,NA,NA,NA,NA,NA,NA,0,NA,NA,@ SF,29,·,Q,Q
15,11599,Cade Stover,TE,25.3,HOU,29.0,31,34,5.2,3.7,2.2,1,1,1,67,41,0,0.0,0,0,0,0,0,0,0.00,0,0,0,0,0.00,0.00,3,1,0,1,0,3,21,22,7.3,7.3,0,0,0,22,0,NA,0,0,61.2%,NA,NA,NA,0,NA,1,3,0.333,1.0,9,10.3%,2.44,0,NA,NA,NA,NA,NA,0.111,NA,22,NA,NA,vs ARI,9,·,2.1,3.1
15,2505,Darren Waller,TE,33.0,MIA,3.0,3,5,25.6,22.1,18.6,1,1,0,50,27,0,0.0,0,0,0,0,0,0,0.00,0,0,0,0,0.00,0.00,7,45,0,3,2,8,21,66,9.4,8.3,0,0,0,66,0,NA,0,0,54.0%,NA,NA,NA,0,NA,5,8,0.625,5.0,21,28.6%,3.14,0,NA,NA,NA,NA,NA,0.143,NA,66,NA,NA,@ PIT,7,·,7.9,17.7
15,11616,Jacob Cowing,WR,24.6,SF,999.0,999,999,0,0,0,1,0,0,0,0,0,0.0,0,0,0,0,0,0,0.00,0,0,0,0,0.00,0.00,0,0,0,0,0,0,0,0,0.0,0.0,0,0,0,0,0,NA,0,0,NA,NA,NA,NA,0,NA,0,0,NA,NA,NA,NA,NA,0,NA,NA,NA,NA,NA,NA,NA,0,NA,NA,vs TEN,10,IR,IR,IR
15,4993,Mike Gesicki,TE,30.0,CIN,52.0,50,50,2.1,1.6,1.1,1,1,0,76,43,0,0.0,0,0,0,0,0,0,0.00,0,0,0,0,0.00,0.00,1,10,1,1,0,2,1,11,11.0,5.5,0,0,0,11,0,NA,0,0,56.6%,NA,NA,NA,0,NA,1,2,0.500,1.0,32,5.1%,0.34,0,NA,NA,NA,NA,NA,0.031,NA,11,NA,NA,vs BAL,26,·,8.9,-6.8
15,12516,Kalel Mullings,RB,23.0,TEN,78.0,78,74,0.3,0.3,0.3,1,1,0,53,2,0,0.0,0,0,0,0,0,0,0.00,3,0,0,0,0.00,0.00,0,0,0,0,0,0,0,0,0.0,0.0,1,0,1,3,0,NA,3,3,3.8%,NA,NA,NA,1,NA,1,1,1.000,1.0,NA,NA,NA,0,NA,NA,NA,NA,NA,NA,NA,3,NA,NA,@ SF,27,·,·,·
15,8207,Tyler Goodson,RB,24.9,IND,999.0,999,999,0,0,0,1,1,0,60,0,0,0.0,0,0,0,0,0,0,0.00,0,0,0,0,0.00,0.00,0,0,0,0,0,0,0,0,0.0,0.0,0,0,0,0,0,NA,0,0,0.0%,NA,NA,NA,0,NA,0,0,NA,0.0,NA,NA,NA,0,NA,NA,NA,NA,NA,NA,NA,0,NA,NA,@ SEA,17,·,1.0,-1.0
15,8147,John Metchie,WR,25.2,NYJ,55.0,58,68,6.9,4.9,2.9,1,1,1,68,50,0,0.0,0,0,0,0,0,0,0.00,4,0,0,0,0.00,0.00,4,16,0,2,0,5,9,25,6.3,5.0,1,0,0,29,0,NA,4,4,73.5%,NA,NA,NA,0,NA,2,6,0.333,2.0,26,15.2%,0.96,0,NA,NA,NA,NA,NA,0.077,NA,29,NA,NA,@ JAX,16,·,10.6,-3.7
15,12472,Raheim Sanders,RB,23.3,CLE,999.0,999,999,0,0,0,1,0,0,57,0,0,0.0,0,0,0,0,0,0,0.00,0,0,0,0,0.00,0.00,0,0,0,0,0,0,0,0,0.0,0.0,0,0,0,0,0,NA,0,0,0.0%,NA,NA,NA,0,NA,0,0,NA,NA,NA,NA,NA,0,NA,NA,NA,NA,NA,NA,NA,0,NA,NA,@ CHI,16,·,3.8,-3.8
15,3271,Tyler Higbee,TE,32.7,LAR,999.0,999,999,0,0,0,1,0,0,0,0,0,0.0,0,0,0,0,0,0,0.00,0,0,0,0,0.00,0.00,0,0,0,0,0,0,0,0,0.0,0.0,0,0,0,0,0,NA,0,0,NA,NA,NA,NA,0,NA,0,0,NA,NA,NA,NA,NA,0,NA,NA,NA,NA,NA,NA,NA,0,NA,NA,vs DET,23,IR,IR,IR
15,5970,Greg Dortch,WR,27.3,ARI,999.0,999,999,0,0,0,1,0,0,0,0,0,0.0,0,0,0,0,0,0,0.00,0,0,0,0,0.00,0.00,0,0,0,0,0,0,0,0,0.0,0.0,0,0,0,0,0,NA,0,0,NA,NA,NA,NA,0,NA,0,0,NA,NA,NA,NA,NA,0,NA,NA,NA,NA,NA,NA,NA,0,NA,NA,@ HOU,30,IR,IR,IR
15,5955,Hunter Renfrow,WR,29.8,CAR,0.0,0,0,0,0,0,0,0,0,0,0,0,0.0,0,0,0,0,0,0,0.00,0,0,0,0,0.00,0.00,0,0,0,0,0,0,0,0,0.0,0.0,0,0,0,0,0,NA,0,0,NA,NA,NA,NA,0,NA,0,0,NA,NA,NA,NA,NA,0,NA,NA,NA,NA,NA,NA,NA,0,NA,NA,@ NO,22,OUT,OUT,OUT
15,8129,Dameon Pierce,RB,25.6,HOU,999.0,999,999,0,0,0,1,0,0,0,0,0,0.0,0,0,0,0,0,0,0.00,0,0,0,0,0.00,0.00,0,0,0,0,0,0,0,0,0.0,0.0,0,0,0,0,0,NA,0,0,NA,NA,NA,NA,0,NA,0,0,NA,NA,NA,NA,NA,0,NA,NA,NA,NA,NA,NA,NA,0,NA,NA,vs ARI,4,·,·,·
15,11439,Jaleel McLaughlin,RB,25.0,DEN,74.0,74,70,0.4,0.4,0.4,1,1,0,68,9,0,0.0,0,0,0,0,0,0,0.00,4,0,0,0,0.00,0.00,0,0,0,0,0,0,0,0,0.0,0.0,2,0,0,4,0,NA,4,2,13.2%,NA,NA,NA,0,NA,0,2,0.000,0.0,NA,NA,NA,0,NA,NA,NA,NA,NA,NA,NA,4,NA,NA,vs GB,25,·,4.3,-3.9
15,12634,Jordan Watkins,WR,23.6,SF,999.0,999,999,0,0,0,0,0,0,74,0,0,0.0,0,0,0,0,0,0,0.00,0,0,0,0,0.00,0.00,0,0,0,0,0,0,0,0,0.0,0.0,0,0,0,0,0,NA,0,0,0.0%,NA,NA,NA,0,NA,0,0,NA,NA,NA,NA,NA,0,NA,NA,NA,NA,NA,NA,NA,0,NA,NA,vs TEN,10,OUT,OUT,OUT
15,10871,Luke Schoonmaker,TE,27.0,DAL,38.0,33,27,3.9,3.4,2.9,1,1,1,70,21,0,0.0,0,0,0,0,0,0,0.00,0,0,0,0,0.00,0.00,1,6,0,1,0,1,23,29,29.0,29.0,0,0,0,29,0,NA,0,0,30.0%,NA,NA,NA,0,NA,1,1,1.000,1.0,4,2.6%,7.25,0,NA,NA,NA,NA,NA,0.250,NA,29,NA,NA,vs MIN,18,·,1.2,2.7
15,11834,Devaughn Vele,WR,27.8,NO,32.0,32,37,11.9,9.4,6.9,1,1,1,69,38,0,0.0,0,0,0,0,0,0,0.00,0,0,0,0,0.00,0.00,5,63,0,4,0,6,6,69,13.8,11.5,0,0,0,69,0,NA,0,0,55.1%,NA,NA,NA,0,NA,4,6,0.667,4.0,17,18.2%,4.06,0,NA,NA,NA,NA,NA,0.235,NA,69,NA,NA,vs CAR,24,·,9.6,2.3
15,6151,Miles Sanders,RB,28.4,DAL,999.0,999,999,0,0,0,1,0,0,0,0,0,0.0,0,0,0,0,0,0,0.00,0,0,0,0,0.00,0.00,0,0,0,0,0,0,0,0,0.0,0.0,0,0,0,0,0,NA,0,0,NA,NA,NA,NA,0,NA,0,0,NA,NA,NA,NA,NA,0,NA,NA,NA,NA,NA,NA,NA,0,NA,NA,vs MIN,22,IR,IR,IR
15,10231,Elijah Higgins,TE,24.9,ARI,58.0,58,57,1.3,0.8,0.3,1,1,1,66,46,0,0.0,0,0,0,0,0,0,0.00,0,0,0,0,0.00,0.00,1,2,0,0,0,2,1,3,3.0,1.5,0,0,0,3,0,NA,0,0,69.7%,NA,NA,NA,0,NA,0,2,0.000,0.0,30,5.0%,0.10,0,NA,NA,NA,NA,NA,0.000,NA,3,NA,NA,@ HOU,28,·,3.3,-2.0
15,12738,Phil Mafah,RB,22.9,DAL,999.0,999,999,0,0,0,1,0,0,0,0,0,0.0,0,0,0,0,0,0,0.00,0,0,0,0,0.00,0.00,0,0,0,0,0,0,0,0,0.0,0.0,0,0,0,0,0,NA,0,0,NA,NA,NA,NA,0,NA,0,0,NA,NA,NA,NA,NA,0,NA,NA,NA,NA,NA,NA,NA,0,NA,NA,vs MIN,22,IR,IR,IR
15,11579,Audric Estime,RB,22.1,PHI,37.0,39,39,8,6.5,5,1,1,0,69,25,0,0.0,0,0,0,0,0,0,0.00,11,0,0,0,0.00,0.00,3,-9,0,1,0,3,48,39,13.0,13.0,3,0,1,50,0,9,11,3.67,36.2%,1,2.90,0.333,1,0.623,2,6,0.333,2.0,NA,9.1%,NA,0,NA,NA,NA,NA,NA,NA,NA,50,NA,NA,vs LV,12,·,2.8,5.2
15,6865,Colby Parkinson,TE,26.7,LAR,5.0,4,3,24.5,22,19.5,1,1,1,72,62,0,0.0,0,0,0,0,0,0,0.00,0,0,0,0,0.00,0.00,5,43,0,3,2,7,32,75,15.0,10.7,0,0,0,75,0,NA,0,0,86.1%,NA,NA,NA,0,NA,5,7,0.714,5.0,25,18.4%,3.00,0,NA,NA,NA,NA,NA,0.120,NA,75,NA,NA,vs DET,23,·,5.7,18.8
15,12515,Donovan Edwards,RB,22.6,WAS,999.0,999,999,0,0,0,1,0,0,0,0,0,0.0,0,0,0,0,0,0,0.00,0,0,0,0,0.00,0.00,0,0,0,0,0,0,0,0,0.0,0.0,0,0,0,0,0,NA,0,0,NA,NA,NA,NA,0,NA,0,0,NA,NA,NA,NA,NA,0,NA,NA,NA,NA,NA,NA,NA,0,NA,NA,@ NYG,2,·,·,·
15,8208,Tyler Badie,RB,25.6,DEN,70.0,71,78,1.1,0.6,0.1,1,1,0,68,7,0,0.0,0,0,0,0,0,0,0.00,0,0,0,0,0.00,0.00,1,-7,0,0,0,1,8,1,1.0,1.0,0,0,0,1,0,NA,0,0,10.3%,NA,NA,NA,0,NA,0,1,0.000,0.0,NA,NA,NA,0,NA,NA,NA,NA,NA,NA,NA,1,NA,NA,vs GB,25,·,3.0,-1.9
15,8225,Daniel Bellinger,TE,25.0,NYG,24.0,25,23,6.5,5,3.5,1,1,0,68,18,0,0.0,0,0,0,0,0,0,0.00,0,0,0,0,0.00,0.00,3,8,0,3,0,4,27,35,11.7,8.8,0,0,0,35,0,NA,0,0,26.5%,NA,NA,NA,0,NA,3,4,0.750,3.0,9,10.8%,3.89,0,NA,NA,NA,NA,NA,0.333,NA,35,NA,NA,vs WAS,3,·,4.4,2.1
15,12539,Arian Smith,WR,24.0,NYJ,999.0,999,999,0,0,0,1,1,0,68,9,0,0.0,0,0,0,0,0,0,0.00,0,0,0,0,0.00,0.00,0,0,0,0,0,2,0,0,0.0,0.0,0,0,0,0,0,NA,0,0,13.2%,NA,NA,NA,0,NA,0,2,0.000,0.0,NA,NA,NA,0,NA,NA,NA,NA,NA,NA,NA,0,NA,NA,@ JAX,16,·,0.5,-0.5
15,4234,Noah Brown,WR,29.7,WAS,79.0,75,71,3.8,3.3,2.8,1,1,1,61,10,0,0.0,0,0,0,0,0,0,0.00,0,0,0,0,0.00,0.00,1,26,0,1,0,1,2,28,28.0,28.0,0,0,0,28,0,NA,0,0,16.4%,NA,NA,NA,0,NA,1,1,1.000,1.0,4,5.3%,7.00,0,NA,NA,NA,NA,NA,0.250,NA,28,NA,NA,@ NYG,5,OUT,5.7,-1.9
15,11370,Chris Brooks,RB,25.7,GB,58.0,58,60,2.6,2.1,1.6,1,1,0,66,17,0,0.0,0,0,0,0,0,0,0.00,10,0,0,0,0.00,0.00,1,0,0,0,0,2,6,6,6.0,3.0,2,0,0,16,0,10,10,5,25.8%,1,5.10,0.500,0,1.010,0,4,0.000,0.0,NA,5.0%,NA,0,NA,NA,NA,NA,NA,NA,NA,16,NA,NA,@ DEN,29,·,1.4,1.2
15,6130,Devin Singletary,RB,28.1,NYG,60.0,61,62,2.4,1.9,1.4,1,1,0,68,16,0,0.0,0,0,0,0,0,0,0.00,13,0,0,0,0.00,0.00,1,-1,0,0,0,1,2,1,1.0,1.0,5,0,0,14,0,10,13,2.6,23.5%,2,1.90,0.400,0,0.590,0,6,0.000,0.0,NA,2.7%,NA,0,NA,NA,NA,NA,NA,NA,NA,14,NA,NA,vs WAS,6,·,8.8,-6.4
15,6943,Gabriel Davis,WR,26.5,BUF,0.0,0,0,0,0,0,0,0,0,0,0,0,0.0,0,0,0,0,0,0,0.00,0,0,0,0,0.00,0.00,0,0,0,0,0,0,0,0,0.0,0.0,0,0,0,0,0,NA,0,0,NA,NA,NA,NA,0,NA,0,0,NA,NA,NA,NA,NA,0,NA,NA,NA,NA,NA,NA,NA,0,NA,NA,@ NE,14,OUT,OUT,OUT
15,6945,Antonio Gibson,RB,27.3,NE,999.0,999,999,0,0,0,1,0,0,0,0,0,0.0,0,0,0,0,0,0,0.00,0,0,0,0,0.00,0.00,0,0,0,0,0,0,0,0,0.0,0.0,0,0,0,0,0,NA,0,0,NA,NA,NA,NA,0,NA,0,0,NA,NA,NA,NA,NA,0,NA,NA,NA,NA,NA,NA,NA,0,NA,NA,vs BUF,7,IR,IR,IR
15,4082,Curtis Samuel,WR,29.1,BUF,999.0,999,999,0,0,0,1,0,0,0,0,0,0.0,0,0,0,0,0,0,0.00,0,0,0,0,0.00,0.00,0,0,0,0,0,0,0,0,0.0,0.0,0,0,0,0,0,NA,0,0,NA,NA,NA,NA,0,NA,0,0,NA,NA,NA,NA,NA,0,NA,NA,NA,NA,NA,NA,NA,0,NA,NA,@ NE,14,IR,IR,IR
15,7496,Nick Westbrook-Ikhine,WR,28.5,MIA,999.0,999,999,0,0,0,1,1,0,50,18,0,0.0,0,0,0,0,0,0,0.00,0,0,0,0,0.00,0.00,0,0,0,0,0,1,0,0,0.0,0.0,0,0,0,0,0,NA,0,0,36.0%,NA,NA,NA,0,NA,0,1,0.000,0.0,12,3.6%,0.00,0,NA,NA,NA,NA,NA,0.000,NA,0,NA,NA,@ PIT,8,·,4.9,-4.9
15,5096,Ray-Ray McCloud,WR,29.0,ATL,0.0,0,0,0,0,0,0,0,0,0,0,0,0.0,0,0,0,0,0,0,0.00,0,0,0,0,0.00,0.00,0,0,0,0,0,0,0,0,0.0,0.0,0,0,0,0,0,NA,0,0,NA,NA,NA,NA,0,NA,0,0,NA,NA,NA,NA,NA,0,NA,NA,NA,NA,NA,NA,NA,0,NA,NA,@ TB,13,·,·,·
15,5010,Will Dissly,TE,29.2,LAC,999.0,999,999,0,0,0,1,1,0,66,21,0,0.0,0,0,0,0,0,0,0.00,0,0,0,0,0.00,0.00,0,0,0,0,0,0,0,0,0.0,0.0,0,0,0,0,0,NA,0,0,31.8%,NA,NA,NA,0,NA,0,0,NA,0.0,7,0.0%,0.00,0,NA,NA,NA,NA,NA,0.000,NA,0,NA,NA,@ KC,27,·,2.1,-2.1
15,8139,Zamir White,RB,26.0,LV,0.0,0,0,0,0,0,0,0,0,0,0,0,0.0,0,0,0,0,0,0,0.00,0,0,0,0,0.00,0.00,0,0,0,0,0,0,0,0,0.0,0.0,0,0,0,0,0,NA,0,0,NA,NA,NA,NA,0,NA,0,0,NA,NA,NA,NA,NA,0,NA,NA,NA,NA,NA,NA,NA,0,NA,NA,@ PHI,9,OUT,OUT,OUT
15,1166,Kirk Cousins,QB,37.1,ATL,3.0,3,3,26.92,26.92,26.92,1,1,1,71,71,1,68.2,165,44,30,16,14,0,117.00,373,1,3,373,8.48,12.43,0,0,0,0,0,0,0,0,0.0,0.0,0,0,0,0,0,NA,0,0,100.0%,NA,NA,NA,0,NA,19,44,NA,NA,NA,NA,NA,19,43.2%,2.86,11.4%,40.0%,8.00,NA,45,373,+5.1%,+0.26,@ TB,2,·,15.6,11.3
15,11633,Jamari Thrash,WR,24.8,CLE,0.0,0,0,0,0,0,0,0,0,0,0,0,0.0,0,0,0,0,0,0,0.00,0,0,0,0,0.00,0.00,0,0,0,0,0,0,0,0,0.0,0.0,0,0,0,0,0,NA,0,0,NA,NA,NA,NA,0,NA,0,0,NA,NA,NA,NA,NA,0,NA,NA,NA,NA,NA,NA,NA,0,NA,NA,@ CHI,4,·,·,·
15,8122,Zonovan Knight,RB,24.5,ARI,80.0,80,80,-0.2,-0.2,-0.2,1,1,1,66,1,0,0.0,0,0,0,0,0,0,0.00,-2,0,0,0,0.00,0.00,0,0,0,0,0,0,0,0,0.0,0.0,1,0,0,-2,0,NA,-2,-2,1.5%,NA,NA,NA,0,NA,0,1,0.000,0.0,NA,NA,NA,0,NA,NA,NA,NA,NA,NA,NA,-2,NA,NA,@ HOU,24,OUT,8.3,-8.5
15,7538,Zach Wilson,QB,26.2,MIA,999.0,999,999,0,0,0,1,0,0,50,0,0,0.0,0,0,0,0,0,0,0.00,0,0,0,0,0.00,0.00,0,0,0,0,0,0,0,0,0.0,0.0,0,0,0,0,0,NA,0,0,0.0%,NA,NA,NA,0,NA,0,0,NA,NA,NA,NA,NA,0,NA,NA,NA,NA,NA,NA,NA,0,NA,NA,@ PIT,7,·,·,·
15,11592,Erick All,TE,25.0,CIN,999.0,999,999,0,0,0,1,0,0,0,0,0,0.0,0,0,0,0,0,0,0.00,0,0,0,0,0.00,0.00,0,0,0,0,0,0,0,0,0.0,0.0,0,0,0,0,0,NA,0,0,NA,NA,NA,NA,0,NA,0,0,NA,NA,NA,NA,NA,0,NA,NA,NA,NA,NA,NA,NA,0,NA,NA,vs BAL,26,PUP,PUP,PUP
15,10225,Jonathan Mingo,WR,24.4,DAL,82.0,80,76,3.5,3,2.5,1,1,0,70,7,0,0.0,0,0,0,0,0,0,0.00,0,0,0,0,0.00,0.00,1,21,0,1,0,1,4,25,25.0,25.0,0,0,0,25,0,NA,0,0,10.0%,NA,NA,NA,0,NA,1,1,1.000,1.0,2,2.6%,12.50,0,NA,NA,NA,NA,NA,0.500,NA,25,NA,NA,vs MIN,32,·,0.3,3.2
15,1689,Adam Thielen,WR,35.1,MIN,96.0,96,96,1.7,1.2,0.7,1,1,1,66,38,0,0.0,0,0,0,0,0,0,0.00,0,0,0,0,0.00,0.00,1,5,0,0,0,1,2,7,7.0,7.0,0,0,0,7,0,NA,0,0,57.6%,NA,NA,NA,0,NA,0,1,0.000,0.0,14,3.7%,0.50,0,NA,NA,NA,NA,NA,0.000,NA,7,NA,NA,@ DAL,1,·,3.1,-1.4
15,11299,Zavier Scott,RB,26.2,MIN,999.0,999,999,0,0,0,1,1,0,55,0,0,0.0,0,0,0,0,0,0,0.00,0,0,0,0,0.00,0.00,0,0,0,0,0,0,0,0,0.0,0.0,0,0,0,0,0,NA,0,0,0.0%,NA,NA,NA,0,NA,0,0,NA,0.0,NA,NA,NA,0,NA,NA,NA,NA,NA,NA,NA,0,NA,NA,@ DAL,8,·,0.8,-0.8
15,11256,Tyson Bagent,QB,25.3,CHI,0.0,0,0,0,0,0,0,0,0,0,0,0,0.0,0,0,0,0,0,0,0.00,0,0,0,0,0.00,0.00,0,0,0,0,0,0,0,0,0.0,0.0,0,0,0,0,0,NA,0,0,NA,NA,NA,NA,0,NA,0,0,NA,NA,NA,NA,NA,0,NA,NA,NA,NA,NA,NA,NA,0,NA,NA,vs CLE,29,OUT,OUT,OUT
15,7601,Rondale Moore,WR,25.3,MIN,999.0,999,999,0,0,0,1,0,0,0,0,0,0.0,0,0,0,0,0,0,0.00,0,0,0,0,0.00,0.00,0,0,0,0,0,0,0,0,0.0,0.0,0,0,0,0,0,NA,0,0,NA,NA,NA,NA,0,NA,0,0,NA,NA,NA,NA,NA,0,NA,NA,NA,NA,NA,NA,NA,0,NA,NA,@ DAL,1,IR,IR,IR
15,11645,Javon Baker,WR,23.6,PHI,999.0,999,999,0,0,0,1,0,0,0,0,0,0.0,0,0,0,0,0,0,0.00,0,0,0,0,0.00,0.00,0,0,0,0,0,0,0,0,0.0,0.0,0,0,0,0,0,NA,0,0,NA,NA,NA,NA,0,NA,0,0,NA,NA,NA,NA,NA,0,NA,NA,NA,NA,NA,NA,NA,0,NA,NA,vs LV,6,·,·,·
15,8230,Ty Chandler,RB,27.4,MIN,999.0,999,999,0,0,0,1,0,0,0,0,0,0.0,0,0,0,0,0,0,0.00,0,0,0,0,0.00,0.00,0,0,0,0,0,0,0,0,0.0,0.0,0,0,0,0,0,NA,0,0,NA,NA,NA,NA,0,NA,0,0,NA,NA,NA,NA,NA,0,NA,NA,NA,NA,NA,NA,NA,0,NA,NA,@ DAL,8,IR,IR,IR
15,3286,Demarcus Robinson,WR,31.0,SF,65.0,65,60,5.6,4.6,3.6,1,1,0,74,23,0,0.0,0,0,0,0,0,0,0.00,0,0,0,0,0.00,0.00,2,34,0,2,0,2,2,36,18.0,18.0,0,0,0,36,0,NA,0,0,31.1%,NA,NA,NA,0,NA,2,2,1.000,2.0,13,6.7%,2.77,0,NA,NA,NA,NA,NA,0.154,NA,36,NA,NA,vs TEN,10,·,3.6,2.0
15,8160,Kenny Pickett,QB,27.3,LV,32.0,32,32,2.26,2.26,2.26,1,1,1,42,42,0,60.0,25,25,15,4,10,1,47.90,71,4,0,64,2.56,4.27,0,0,0,0,0,0,0,0,0.0,0.0,2,1,1,7,0,NA,7,3.5,100.0%,NA,NA,NA,1,NA,5,27,NA,NA,NA,NA,NA,4,16.0%,2.71,0.0%,22.6%,4.40,NA,31,71,-8.8%,-0.65,@ PHI,19,·,15.6,-13.3
15,5133,Tyler Conklin,TE,30.2,LAC,999.0,999,999,0,0,0,1,0,0,66,0,0,0.0,0,0,0,0,0,0,0.00,0,0,0,0,0.00,0.00,0,0,0,0,0,0,0,0,0.0,0.0,0,0,0,0,0,NA,0,0,0.0%,NA,NA,NA,0,NA,0,0,NA,NA,NA,NA,NA,0,NA,NA,NA,NA,NA,NA,NA,0,NA,NA,@ KC,27,·,1.0,-1.0
15,7561,Elijah Mitchell,RB,27.4,KC,0.0,0,0,0,0,0,0,0,0,0,0,0,0.0,0,0,0,0,0,0,0.00,0,0,0,0,0.00,0.00,0,0,0,0,0,0,0,0,0.0,0.0,0,0,0,0,0,NA,0,0,NA,NA,NA,NA,0,NA,0,0,NA,NA,NA,NA,NA,0,NA,NA,NA,NA,NA,NA,NA,0,NA,NA,vs LAC,19,OUT,OUT,OUT
15,12470,Riley Leonard,QB,23.0,IND,999.0,999,999,0,0,0,1,0,0,60,0,0,0.0,0,0,0,0,0,0,0.00,0,0,0,0,0.00,0.00,0,0,0,0,0,0,0,0,0.0,0.0,0,0,0,0,0,NA,0,0,0.0%,NA,NA,NA,0,NA,0,0,NA,NA,NA,NA,NA,0,NA,NA,NA,NA,NA,NA,NA,0,NA,NA,@ SEA,13,·,·,·
15,7595,Tylan Wallace,WR,26.4,BAL,999.0,999,999,0,0,0,1,1,0,41,7,0,0.0,0,0,0,0,0,0,0.00,0,0,0,0,0.00,0.00,0,0,0,0,0,0,0,0,0.0,0.0,0,0,0,0,0,NA,0,0,17.1%,NA,NA,NA,0,NA,0,0,NA,0.0,1,0.0%,0.00,0,NA,NA,NA,NA,NA,0.000,NA,0,NA,NA,@ CIN,27,·,2.9,-2.9
15,11570,Rasheen Ali,RB,24.6,BAL,24.0,26,26,11.2,10.2,9.2,1,1,0,41,11,0,0.0,0,0,0,0,0,0,0.00,0,0,0,0,0.00,0.00,2,-6,0,0,1,2,38,32,16.0,16.0,0,0,0,32,0,0,0,0,26.8%,0,0.00,NA,0,NA,1,2,0.500,1.0,NA,16.7%,NA,0,NA,NA,NA,NA,NA,NA,NA,32,NA,NA,@ CIN,1,·,2.8,8.4
15,10214,Davis Allen,TE,24.6,LAR,33.0,37,42,4.6,3.1,1.6,1,1,1,72,54,0,0.0,0,0,0,0,0,0,0.00,0,0,0,0,0.00,0.00,3,1,0,2,0,4,15,16,5.3,4.0,0,0,0,16,0,NA,0,0,75.0%,NA,NA,NA,0,NA,2,4,0.500,2.0,20,10.5%,0.80,0,NA,NA,NA,NA,NA,0.100,NA,16,NA,NA,vs DET,23,·,2.6,2.0
15,10867,Jake Bobo,WR,27.2,SEA,999.0,999,999,0,0,0,1,1,0,60,4,0,0.0,0,0,0,0,0,0,0.00,0,0,0,0,0.00,0.00,0,0,0,0,0,0,0,0,0.0,0.0,0,0,0,0,0,NA,0,0,6.7%,NA,NA,NA,0,NA,0,0,NA,0.0,3,0.0%,0.00,0,NA,NA,NA,NA,NA,0.000,NA,0,NA,NA,vs IND,7,·,0.2,-0.2
15,8162,Sam Howell,QB,25.0,PHI,0.0,0,0,0,0,0,0,0,0,0,0,0,0.0,0,0,0,0,0,0,0.00,0,0,0,0,0.00,0.00,0,0,0,0,0,0,0,0,0.0,0.0,0,0,0,0,0,NA,0,0,NA,NA,NA,NA,0,NA,0,0,NA,NA,NA,NA,NA,0,NA,NA,NA,NA,NA,NA,NA,0,NA,NA,vs LV,15,OUT,OUT,OUT
15,6938,Cam Akers,RB,26.3,MIN,999.0,999,999,0,0,0,1,0,0,0,0,0,0.0,0,0,0,0,0,0,0.00,0,0,0,0,0.00,0.00,0,0,0,0,0,0,0,0,0.0,0.0,0,0,0,0,0,NA,0,0,NA,NA,NA,NA,0,NA,0,0,NA,NA,NA,NA,NA,0,NA,NA,NA,NA,NA,NA,NA,0,NA,NA,@ DAL,8,·,·,·
15,11617,Malachi Corley,WR,23.5,CLE,91.0,91,90,2,1.5,1,1,1,0,57,15,0,0.0,0,0,0,0,0,0,0.00,0,0,0,0,0.00,0.00,1,4,0,1,0,1,6,10,10.0,10.0,0,0,0,10,0,NA,0,0,26.3%,NA,NA,NA,0,NA,1,1,1.000,1.0,8,2.9%,1.25,0,NA,NA,NA,NA,NA,0.125,NA,10,NA,NA,@ CHI,4,·,2.2,-0.2
15,1234,Russell Wilson,QB,36.8,NYG,0.0,0,0,0,0,0,0,0,0,0,0,0,0.0,0,0,0,0,0,0,0.00,0,0,0,0,0.00,0.00,0,0,0,0,0,0,0,0,0.0,0.0,0,0,0,0,0,NA,0,0,NA,NA,NA,NA,0,NA,0,0,NA,NA,NA,NA,NA,0,NA,NA,NA,NA,NA,NA,NA,0,NA,NA,vs WAS,6,OUT,OUT,OUT
15,8254,Julius Chestnut,RB,24.9,TEN,999.0,999,999,0,0,0,1,1,0,53,1,0,0.0,0,0,0,0,0,0,0.00,0,0,0,0,0.00,0.00,0,0,0,0,0,0,0,0,0.0,0.0,0,0,0,0,0,NA,0,0,1.9%,NA,NA,NA,0,NA,0,0,NA,0.0,NA,NA,NA,0,NA,NA,NA,NA,NA,NA,NA,0,NA,NA,@ SF,27,·,0.7,-0.7
15,4080,Zay Jones,WR,30.5,ARI,999.0,999,999,0,0,0,1,0,0,0,0,0,0.0,0,0,0,0,0,0,0.00,0,0,0,0,0.00,0.00,0,0,0,0,0,0,0,0,0.0,0.0,0,0,0,0,0,NA,0,0,NA,NA,NA,NA,0,NA,0,0,NA,NA,NA,NA,NA,0,NA,NA,NA,NA,NA,NA,NA,0,NA,NA,@ HOU,30,IR,IR,IR
15,6960,Tyler Johnson,WR,27.1,NYJ,0.0,0,0,0,0,0,0,0,0,0,0,0,0.0,0,0,0,0,0,0,0.00,0,0,0,0,0.00,0.00,0,0,0,0,0,0,0,0,0.0,0.0,0,0,0,0,0,NA,0,0,NA,NA,NA,NA,0,NA,0,0,NA,NA,NA,NA,NA,0,NA,NA,NA,NA,NA,NA,NA,0,NA,NA,@ JAX,16,OUT,OUT,OUT
15,7568,Brevin Jordan,TE,25.2,HOU,999.0,999,999,0,0,0,1,0,0,0,0,0,0.0,0,0,0,0,0,0,0.00,0,0,0,0,0.00,0.00,0,0,0,0,0,0,0,0,0.0,0.0,0,0,0,0,0,NA,0,0,NA,NA,NA,NA,0,NA,0,0,NA,NA,NA,NA,NA,0,NA,NA,NA,NA,NA,NA,NA,0,NA,NA,vs ARI,9,IR,IR,IR
15,6828,AJ Dillon,RB,27.4,PHI,0.0,0,0,0,0,0,0,0,0,0,0,0,0.0,0,0,0,0,0,0,0.00,0,0,0,0,0.00,0.00,0,0,0,0,0,0,0,0,0.0,0.0,0,0,0,0,0,NA,0,0,NA,NA,NA,NA,0,NA,0,0,NA,NA,NA,NA,NA,0,NA,NA,NA,NA,NA,NA,NA,0,NA,NA,vs LV,12,OUT,OUT,OUT
15,9230,Tanner McKee,QB,25.4,PHI,33.0,33,33,2.22,2.22,2.22,1,1,0,69,17,0,100.0,28,3,3,3,0,0,112.50,42,0,0,33,11.00,11.00,0,0,0,0,0,0,0,0,0.0,0.0,1,0,1,9,0,NA,9,9,24.6%,NA,NA,NA,1,NA,4,4,NA,NA,NA,NA,NA,3,100.0%,2.88,0.0%,0.0%,9.40,NA,4,42,+19.1%,+1.51,vs LV,15,·,·,·
15,9227,Israel Abanikanda,RB,23.0,FA,999.0,999,999,0,0,0,1,0,0,0,0,0,0.0,0,0,0,0,0,0,0.00,0,0,0,0,0.00,0.00,0,0,0,0,0,0,0,0,0.0,0.0,0,0,0,0,0,NA,0,0,NA,NA,NA,NA,0,NA,0,0,NA,NA,NA,NA,NA,0,NA,NA,NA,NA,NA,NA,NA,0,NA,NA,NA,,·,·,·
15,7610,Trey Lance,QB,25.4,LAC,999.0,999,999,0,0,0,1,0,0,66,0,0,0.0,0,0,0,0,0,0,0.00,0,0,0,0,0.00,0.00,0,0,0,0,0,0,0,0,0.0,0.0,0,0,0,0,0,NA,0,0,0.0%,NA,NA,NA,0,NA,0,0,NA,NA,NA,NA,NA,0,NA,NA,NA,NA,NA,NA,NA,0,NA,NA,@ KC,20,·,·,·
15,4171,Josh Reynolds,WR,30.6,NYJ,999.0,999,999,0,0,0,1,0,0,0,0,0,0.0,0,0,0,0,0,0,0.00,0,0,0,0,0.00,0.00,0,0,0,0,0,0,0,0,0.0,0.0,0,0,0,0,0,NA,0,0,NA,NA,NA,NA,0,NA,0,0,NA,NA,NA,NA,NA,0,NA,NA,NA,NA,NA,NA,NA,0,NA,NA,@ JAX,16,IR,IR,IR
15,8172,Greg Dulcich,TE,25.5,MIA,23.0,22,20,6.6,5.6,4.6,1,1,0,50,19,0,0.0,0,0,0,0,0,0,0.00,0,0,0,0,0.00,0.00,2,24,0,2,0,2,22,46,23.0,23.0,0,0,0,46,0,NA,0,0,38.0%,NA,NA,NA,0,NA,2,2,1.000,2.0,11,7.1%,4.18,0,NA,NA,NA,NA,NA,0.182,NA,46,NA,NA,@ PIT,7,·,1.5,5.1
15,4381,Taysom Hill,TE,35.1,NO,59.0,59,58,0.2,0.2,0.2,1,1,0,69,15,0,0.0,0,0,0,0,0,0,0.00,2,0,0,0,0.00,0.00,0,0,0,0,0,0,0,0,0.0,0.0,2,0,1,2,0,NA,2,1,21.7%,NA,NA,NA,1,NA,1,2,0.500,1.0,NA,NA,NA,0,NA,NA,NA,NA,NA,NA,NA,2,NA,NA,vs CAR,10,·,4.8,-4.6
15,12718,Konata Mumpfield,WR,22.9,LAR,999.0,999,999,0,0,0,1,1,0,72,32,0,0.0,0,0,0,0,0,0,0.00,0,0,0,0,0.00,0.00,0,0,0,0,0,1,0,0,0.0,0.0,0,0,0,0,0,NA,0,0,44.4%,NA,NA,NA,0,NA,0,1,0.000,0.0,NA,NA,NA,0,NA,NA,NA,NA,NA,NA,NA,0,NA,NA,vs DET,2,·,1.2,-1.2
15,11994,Kameron Johnson,WR,23.5,TB,999.0,999,999,0,0,0,1,1,0,69,0,1,0.0,0,0,0,0,0,0,0.00,0,0,0,0,0.00,0.00,0,0,0,0,0,0,0,0,0.0,0.0,0,0,0,0,0,NA,0,0,0.0%,NA,NA,NA,0,NA,0,0,NA,0.0,0,0.0%,NA,0,NA,NA,NA,NA,NA,NA,NA,0,NA,NA,vs ATL,3,·,·,·
15,11595,Jared Wiley,TE,24.9,KC,0.0,0,0,0,0,0,0,0,0,0,0,0,0.0,0,0,0,0,0,0,0.00,0,0,0,0,0.00,0.00,0,0,0,0,0,0,0,0,0.0,0.0,0,0,0,0,0,NA,0,0,NA,NA,NA,NA,0,NA,0,0,NA,NA,NA,NA,NA,0,NA,NA,NA,NA,NA,NA,NA,0,NA,NA,vs LAC,25,OUT,OUT,OUT
15,11615,Ainias Smith,WR,24.3,CAR,999.0,999,999,0,0,0,1,0,0,0,0,0,0.0,0,0,0,0,0,0,0.00,0,0,0,0,0.00,0.00,0,0,0,0,0,0,0,0,0.0,0.0,0,0,0,0,0,NA,0,0,NA,NA,NA,NA,0,NA,0,0,NA,NA,NA,NA,NA,0,NA,NA,NA,NA,NA,NA,NA,0,NA,NA,@ NO,22,·,·,·
15,9999,Will Levis,QB,26.2,TEN,999.0,999,999,0,0,0,1,0,0,0,0,0,0.0,0,0,0,0,0,0,0.00,0,0,0,0,0.00,0.00,0,0,0,0,0,0,0,0,0.0,0.0,0,0,0,0,0,NA,0,0,NA,NA,NA,NA,0,NA,0,0,NA,NA,NA,NA,NA,0,NA,NA,NA,NA,NA,NA,NA,0,NA,NA,@ SF,22,IR,IR,IR
15,8204,Bo Melton,WR,26.2,GB,999.0,999,999,0,0,0,1,1,0,66,9,0,0.0,0,0,0,0,0,0,0.00,0,0,0,0,0.00,0.00,0,0,0,0,0,1,0,0,0.0,0.0,1,0,0,0,0,NA,0,0,13.6%,NA,NA,NA,0,NA,0,2,0.000,0.0,NA,NA,NA,0,NA,NA,NA,NA,NA,NA,NA,0,NA,NA,@ DEN,28,·,1.1,-1.1
15,8168,Skyy Moore,WR,25.0,SF,999.0,999,999,0,0,0,1,1,0,74,0,0,0.0,0,0,0,0,0,0,0.00,0,0,0,0,0.00,0.00,0,0,0,0,0,0,0,0,0.0,0.0,0,0,0,0,0,NA,0,0,0.0%,NA,NA,NA,0,NA,0,0,NA,0.0,NA,NA,NA,0,NA,NA,NA,NA,NA,NA,NA,0,NA,NA,vs TEN,10,·,0.5,-0.5
15,5854,Drew Lock,QB,28.9,SEA,999.0,999,999,0,0,0,1,0,0,60,0,0,0.0,0,0,0,0,0,0,0.00,0,0,0,0,0.00,0.00,0,0,0,0,0,0,0,0,0.0,0.0,0,0,0,0,0,NA,0,0,0.0%,NA,NA,NA,0,NA,0,0,NA,NA,NA,NA,NA,0,NA,NA,NA,NA,NA,NA,NA,0,NA,NA,vs IND,17,·,·,·
15,2374,Tyler Lockett,WR,33.0,TEN,85.0,90,91,3,2,1,1,1,1,42,32,0,0.0,0,0,0,0,0,0,0.00,0,0,0,0,0.00,0.00,2,10,0,1,0,4,0,10,5.0,2.5,0,0,0,10,0,NA,0,0,76.2%,NA,NA,NA,0,NA,1,4,0.250,1.0,27,16.0%,0.37,0,NA,NA,NA,NA,NA,0.037,NA,10,NA,NA,@ SF,20,Q,8.0,-5.0
15,4177,Mack Hollins,WR,32.0,NE,49.0,49,54,8.1,6.1,4.1,1,1,1,52,41,1,0.0,0,0,0,0,0,0,0.00,0,0,0,0,0.00,0.00,4,30,0,2,0,8,11,41,10.3,5.1,0,0,0,41,0,NA,0,0,78.8%,NA,NA,NA,0,NA,2,8,0.250,2.0,22,34.8%,1.86,0,NA,NA,NA,NA,NA,0.091,NA,41,NA,NA,vs BUF,18,·,8.1,0.0
15,11748,Bub Means,WR,24.7,NO,999.0,999,999,0,0,0,1,0,0,0,0,0,0.0,0,0,0,0,0,0,0.00,0,0,0,0,0.00,0.00,0,0,0,0,0,0,0,0,0.0,0.0,0,0,0,0,0,NA,0,0,NA,NA,NA,NA,0,NA,0,0,NA,NA,NA,NA,NA,0,NA,NA,NA,NA,NA,NA,NA,0,NA,NA,vs CAR,24,IR,IR,IR
15,11573,Frank Gore Jr.,RB,23.5,BUF,999.0,999,999,0,0,0,1,0,0,0,0,0,0.0,0,0,0,0,0,0,0.00,0,0,0,0,0.00,0.00,0,0,0,0,0,0,0,0,0.0,0.0,0,0,0,0,0,NA,0,0,NA,NA,NA,NA,0,NA,0,0,NA,NA,NA,NA,NA,0,NA,NA,NA,NA,NA,NA,NA,0,NA,NA,@ NE,32,·,·,·
15,7891,Brock Wright,TE,26.8,DET,999.0,999,999,0,0,0,1,0,0,0,0,0,0.0,0,0,0,0,0,0,0.00,0,0,0,0,0.00,0.00,0,0,0,0,0,0,0,0,0.0,0.0,0,0,0,0,0,NA,0,0,NA,NA,NA,NA,0,NA,0,0,NA,NA,NA,NA,NA,0,NA,NA,NA,NA,NA,NA,NA,0,NA,NA,@ LAR,17,IR,IR,IR
15,12699,LaJohntay Wester,WR,23.5,BAL,999.0,999,999,0,0,0,1,1,0,41,9,0,0.0,0,0,0,0,0,0,0.00,0,0,0,0,0.00,0.00,0,0,0,0,0,0,0,0,0.0,0.0,0,0,0,0,0,NA,0,0,22.0%,NA,NA,NA,0,NA,0,0,NA,0.0,NA,NA,NA,0,NA,NA,NA,NA,NA,NA,NA,0,NA,NA,@ CIN,27,·,0.1,-0.1
15,6869,Adam Trautman,TE,28.6,DEN,999.0,999,999,0,0,0,1,1,1,68,42,0,0.0,0,0,0,0,0,0,0.00,0,0,0,0,0.00,0.00,0,0,0,0,0,0,0,0,0.0,0.0,0,0,0,0,0,NA,0,0,61.8%,NA,NA,NA,0,NA,0,0,NA,0.0,19,0.0%,0.00,0,NA,NA,NA,NA,NA,0.000,NA,0,NA,NA,vs GB,21,·,1.8,-1.8
15,10866,Aidan O'Connell,QB,27.1,LV,999.0,999,999,0,0,0,1,0,0,42,0,0,0.0,0,0,0,0,0,0,0.00,0,0,0,0,0.00,0.00,0,0,0,0,0,0,0,0,0.0,0.0,0,0,0,0,0,NA,0,0,0.0%,NA,NA,NA,0,NA,0,0,NA,NA,NA,NA,NA,0,NA,NA,NA,NA,NA,NA,NA,0,NA,NA,@ PHI,19,·,·,·
15,11895,Mason Tipton,WR,25.0,NO,101.0,101,102,1.1,0.6,0.1,1,1,1,69,55,1,0.0,0,0,0,0,0,0,0.00,-4,0,0,0,0.00,0.00,1,4,0,0,0,2,1,5,5.0,2.5,1,0,0,1,0,NA,-4,-4,79.7%,NA,NA,NA,0,NA,0,3,0.000,0.0,32,6.1%,0.16,0,NA,NA,NA,NA,NA,0.000,NA,1,NA,NA,vs CAR,24,·,4.6,-3.5
15,8177,Grant Calcaterra,TE,26.8,PHI,57.0,57,56,1.4,0.9,0.4,1,1,1,69,37,0,0.0,0,0,0,0,0,0,0.00,0,0,0,0,0.00,0.00,1,4,0,1,0,1,0,4,4.0,4.0,0,0,0,4,0,NA,0,0,53.6%,NA,NA,NA,0,NA,1,1,1.000,1.0,7,5.6%,0.57,0,NA,NA,NA,NA,NA,0.143,NA,4,NA,NA,vs LV,29,·,0.6,0.8
15,11574,Dylan Laube,RB,25.8,LV,75.0,75,71,0.4,0.4,0.4,1,1,0,42,2,0,0.0,0,0,0,0,0,0,0.00,4,0,0,0,0.00,0.00,0,0,0,0,0,0,0,0,0.0,0.0,2,0,0,4,0,NA,4,2,4.8%,NA,NA,NA,0,NA,0,2,0.000,0.0,NA,NA,NA,0,NA,NA,NA,NA,NA,NA,NA,4,NA,NA,@ PHI,9,·,0.4,0.0
15,11649,Kendall Milton,RB,23.6,CIN,999.0,999,999,0,0,0,1,0,0,0,0,0,0.0,0,0,0,0,0,0,0.00,0,0,0,0,0.00,0.00,0,0,0,0,0,0,0,0,0.0,0.0,0,0,0,0,0,NA,0,0,NA,NA,NA,NA,0,NA,0,0,NA,NA,NA,NA,NA,0,NA,NA,NA,NA,NA,NA,NA,0,NA,NA,vs BAL,14,·,·,·
15,8145,Jeremy Ruckert,TE,25.1,NYJ,43.0,44,46,3.3,2.3,1.3,1,1,1,68,50,0,0.0,0,0,0,0,0,0,0.00,0,0,0,0,0.00,0.00,2,4,0,1,0,2,9,13,6.5,6.5,0,0,0,13,0,NA,0,0,73.5%,NA,NA,NA,0,NA,1,2,0.500,1.0,21,6.1%,0.62,0,NA,NA,NA,NA,NA,0.048,NA,13,NA,NA,@ JAX,6,·,6.7,-3.4
15,2197,Brandin Cooks,WR,32.0,NO,999.0,999,999,0,0,0,1,1,1,70,24,0,0.0,0,0,0,0,0,0,0.00,0,0,0,0,0.00,0.00,0,0,1,0,0,3,0,0,0.0,0.0,0,0,0,0,0,NA,0,0,34.3%,NA,NA,NA,0,NA,0,3,0.000,0.0,14,10.7%,0.00,0,NA,NA,NA,NA,NA,0.000,NA,0,NA,NA,vs CAR,24,·,3.4,-3.4
15,1837,Jimmy Garoppolo,QB,33.9,LAR,999.0,999,999,0,0,0,1,0,0,72,0,0,0.0,0,0,0,0,0,0,0.00,0,0,0,0,0.00,0.00,0,0,0,0,0,0,0,0,0.0,0.0,0,0,0,0,0,NA,0,0,0.0%,NA,NA,NA,0,NA,0,0,NA,NA,NA,NA,NA,0,NA,NA,NA,NA,NA,NA,NA,0,NA,NA,vs DET,5,·,·,·
15,8135,Treylon Burks,WR,25.5,WAS,999.0,999,999,0,0,0,1,1,0,61,28,0,0.0,0,0,0,0,0,0,0.00,0,0,0,0,0.00,0.00,0,0,0,0,0,2,0,0,0.0,0.0,0,0,0,0,0,NA,0,0,45.9%,NA,NA,NA,0,NA,0,2,0.000,0.0,8,10.5%,0.00,0,NA,NA,NA,NA,NA,0.000,NA,0,NA,NA,@ NYG,5,·,3.1,-3.1
15,11636,Johnny Wilson,WR,24.5,PHI,999.0,999,999,0,0,0,1,0,0,0,0,0,0.0,0,0,0,0,0,0,0.00,0,0,0,0,0.00,0.00,0,0,0,0,0,0,0,0,0.0,0.0,0,0,0,0,0,NA,0,0,NA,NA,NA,NA,0,NA,0,0,NA,NA,NA,NA,NA,0,NA,NA,NA,NA,NA,NA,NA,0,NA,NA,vs LV,6,IR,IR,IR
15,5185,Allen Lazard,WR,29.8,NYJ,97.0,97,97,1.6,1.1,0.6,1,1,0,68,15,0,0.0,0,0,0,0,0,0,0.00,0,0,0,0,0.00,0.00,1,6,0,0,0,2,0,6,6.0,3.0,0,0,0,6,0,NA,0,0,22.1%,NA,NA,NA,0,NA,0,2,0.000,0.0,11,6.1%,0.55,0,NA,NA,NA,NA,NA,0.000,NA,6,NA,NA,@ JAX,16,·,3.5,-1.9
15,9505,Deuce Vaughn,RB,23.9,DEN,999.0,999,999,0,0,0,1,0,0,0,0,0,0.0,0,0,0,0,0,0,0.00,0,0,0,0,0.00,0.00,0,0,0,0,0,0,0,0,0.0,0.0,0,0,0,0,0,NA,0,0,NA,NA,NA,NA,0,NA,0,0,NA,NA,NA,NA,NA,0,NA,NA,NA,NA,NA,NA,NA,0,NA,NA,vs GB,25,·,·,·
15,5973,Josh Oliver,TE,28.5,MIN,48.0,46,41,2.8,2.3,1.8,1,1,1,55,34,0,0.0,0,0,0,0,0,0,0.00,0,0,0,0,0.00,0.00,1,8,0,1,0,1,10,18,18.0,18.0,0,0,0,18,0,NA,0,0,61.8%,NA,NA,NA,0,NA,1,1,1.000,1.0,8,4.2%,2.25,0,NA,NA,NA,NA,NA,0.125,NA,18,NA,NA,@ DAL,15,·,2.5,0.3
15,7593,Trey Sermon,RB,26.7,PIT,0.0,0,0,0,0,0,0,0,0,0,0,0,0.0,0,0,0,0,0,0,0.00,0,0,0,0,0.00,0.00,0,0,0,0,0,0,0,0,0.0,0.0,0,0,0,0,0,NA,0,0,NA,NA,NA,NA,0,NA,0,0,NA,NA,NA,NA,NA,0,NA,NA,NA,NA,NA,NA,NA,0,NA,NA,vs MIA,18,·,·,·
15,5938,Lil'Jordan Humphrey,WR,27.4,NYG,27.0,25,22,13.2,11.7,10.2,1,1,0,68,46,0,0.0,0,0,0,0,0,0,0.00,0,0,0,0,0.00,0.00,3,34,0,2,1,4,8,42,14.0,10.5,0,0,0,42,0,NA,0,0,67.6%,NA,NA,NA,0,NA,3,4,0.750,3.0,28,11.8%,1.50,0,NA,NA,NA,NA,NA,0.071,NA,42,NA,NA,vs WAS,9,·,3.2,10.0
15,10216,Kenny McIntosh,RB,25.6,SEA,999.0,999,999,0,0,0,1,0,0,0,0,0,0.0,0,0,0,0,0,0,0.00,0,0,0,0,0.00,0.00,0,0,0,0,0,0,0,0,0.0,0.0,0,0,0,0,0,NA,0,0,NA,NA,NA,NA,0,NA,0,0,NA,NA,NA,NA,NA,0,NA,NA,NA,NA,NA,NA,NA,0,NA,NA,vs IND,20,IR,IR,IR
15,6853,Van Jefferson,WR,29.2,TEN,69.0,63,53,5.3,4.8,4.3,1,1,1,53,31,0,0.0,0,0,0,0,0,0,0.00,0,0,0,0,0.00,0.00,1,43,0,1,0,5,0,43,43.0,8.6,0,0,0,43,0,NA,0,0,58.5%,NA,NA,NA,0,NA,1,5,0.200,1.0,18,17.2%,2.39,0,NA,NA,NA,NA,NA,0.056,NA,43,NA,NA,@ SF,29,Q,6.9,-1.6
15,10234,Derius Davis,WR,25.0,LAC,0.0,0,0,0,0,0,0,0,0,0,0,0,0.0,0,0,0,0,0,0,0.00,0,0,0,0,0.00,0.00,0,0,0,0,0,0,0,0,0.0,0.0,0,0,0,0,0,NA,0,0,NA,NA,NA,NA,0,NA,0,0,NA,NA,NA,NA,NA,0,NA,NA,NA,NA,NA,NA,NA,0,NA,NA,@ KC,19,OUT,OUT,OUT
15,6011,Gardner Minshew,QB,29.4,KC,34.0,34,34,-0.12,-0.12,-0.12,1,1,0,61,5,0,60.0,11,5,3,1,2,1,30.80,22,0,0,22,4.40,7.33,0,0,0,0,0,0,0,0,0.0,0.0,0,0,0,0,0,NA,0,0,8.2%,NA,NA,NA,0,NA,1,5,NA,NA,NA,NA,NA,1,20.0%,3.20,0.0%,80.0%,7.50,NA,5,22,+4.2%,-0.31,vs LAC,31,·,·,·
15,12715,Thomas Fidone,TE,23.0,NYG,999.0,999,999,0,0,0,1,0,0,0,0,0,0.0,0,0,0,0,0,0,0.00,0,0,0,0,0.00,0.00,0,0,0,0,0,0,0,0,0.0,0.0,0,0,0,0,0,NA,0,0,NA,NA,NA,NA,0,NA,0,0,NA,NA,NA,NA,NA,0,NA,NA,NA,NA,NA,NA,NA,0,NA,NA,vs WAS,3,IR,IR,IR
15,12494,Kyle McCord,QB,23.0,PHI,999.0,999,999,0,0,0,1,0,0,0,0,0,0.0,0,0,0,0,0,0,0.00,0,0,0,0,0.00,0.00,0,0,0,0,0,0,0,0,0.0,0.0,0,0,0,0,0,NA,0,0,NA,NA,NA,NA,0,NA,0,0,NA,NA,NA,NA,NA,0,NA,NA,NA,NA,NA,NA,NA,0,NA,NA,vs LV,15,·,·,·
15,7083,Tyler Huntley,QB,27.6,BAL,36.0,36,36,-0.3,-0.3,-0.3,1,1,0,41,5,0,0.0,0,0,0,0,0,0,0.00,-3,0,0,0,0.00,0.00,0,0,0,0,0,0,0,0,0.0,0.0,3,0,0,-3,0,NA,-3,-1,12.2%,NA,NA,NA,0,NA,0,3,NA,NA,NA,NA,NA,0,NA,NA,NA,NA,NA,NA,NA,-3,NA,NA,@ CIN,3,·,·,·
15,4147,Samaje Perine,RB,30.0,CIN,48.0,45,44,5.3,4.8,4.3,1,1,1,76,34,1,0.0,0,0,0,0,0,0,0.00,42,0,0,0,0.00,0.00,1,-6,0,0,0,1,7,1,1.0,1.0,14,0,3,43,0,34,42,3,44.7%,1,2.40,0.071,3,0.311,3,15,0.200,3.0,NA,2.6%,NA,0,NA,NA,NA,NA,NA,NA,NA,43,NA,NA,vs BAL,14,Q,7.1,-1.8
15,11306,Xavier Gipson,WR,24.6,PHI,999.0,999,999,0,0,0,1,0,0,0,0,0,0.0,0,0,0,0,0,0,0.00,0,0,0,0,0.00,0.00,0,0,0,0,0,0,0,0,0.0,0.0,0,0,0,0,0,NA,0,0,NA,NA,NA,NA,0,NA,0,0,NA,NA,NA,NA,NA,0,NA,NA,NA,NA,NA,NA,NA,0,NA,NA,vs LV,6,·,·,·
15,5987,Alexander Mattison,RB,27.3,MIA,999.0,999,999,0,0,0,1,0,0,0,0,0,0.0,0,0,0,0,0,0,0.00,0,0,0,0,0.00,0.00,0,0,0,0,0,0,0,0,0.0,0.0,0,0,0,0,0,NA,0,0,NA,NA,NA,NA,0,NA,0,0,NA,NA,NA,NA,NA,0,NA,NA,NA,NA,NA,NA,NA,0,NA,NA,@ PIT,23,IR,IR,IR
15,5985,Foster Moreau,TE,28.4,NO,999.0,999,999,0,0,0,1,1,1,69,29,0,0.0,0,0,0,0,0,0,0.00,0,0,0,0,0.00,0.00,0,0,0,0,0,0,0,0,0.0,0.0,0,0,0,0,0,NA,0,0,42.0%,NA,NA,NA,0,NA,0,0,NA,0.0,9,0.0%,0.00,0,NA,NA,NA,NA,NA,0.000,NA,0,NA,NA,vs CAR,10,·,3.0,-3.0
15,11210,Malik Heath,WR,25.6,GB,0.0,0,0,0,0,0,0,0,0,0,0,0,0.0,0,0,0,0,0,0,0.00,0,0,0,0,0.00,0.00,0,0,0,0,0,0,0,0,0.0,0.0,0,0,0,0,0,NA,0,0,NA,NA,NA,NA,0,NA,0,0,NA,NA,NA,NA,NA,0,NA,NA,NA,NA,NA,NA,NA,0,NA,NA,@ DEN,28,OUT,OUT,OUT
15,6920,Isaiah Hodgins,WR,26.9,PIT,100.0,100,101,1.4,0.9,0.4,1,1,1,68,59,0,0.0,0,0,0,0,0,0,0.00,0,0,0,0,0.00,0.00,1,4,0,0,0,2,0,4,4.0,2.0,0,0,0,4,0,NA,0,0,86.8%,NA,NA,NA,0,NA,0,2,0.000,0.0,37,5.4%,0.11,0,NA,NA,NA,NA,NA,0.000,NA,4,NA,NA,vs MIA,25,·,7.2,-5.8
15,827,Tyrod Taylor,QB,36.2,NYJ,0.0,0,0,0,0,0,0,0,0,0,0,0,0.0,0,0,0,0,0,0,0.00,0,0,0,0,0.00,0.00,0,0,0,0,0,0,0,0,0.0,0.0,0,0,0,0,0,NA,0,0,NA,NA,NA,NA,0,NA,0,0,NA,NA,NA,NA,NA,0,NA,NA,NA,NA,NA,NA,NA,0,NA,NA,@ JAX,10,OUT,OUT,OUT
15,4351,Tim Patrick,WR,31.8,JAX,999.0,999,999,0,0,0,1,1,0,62,26,0,0.0,0,0,0,0,0,0,0.00,0,0,0,0,0.00,0.00,0,0,0,0,0,0,0,0,0.0,0.0,0,0,0,0,0,NA,0,0,41.9%,NA,NA,NA,0,NA,0,0,NA,0.0,13,0.0%,0.00,0,NA,NA,NA,NA,NA,0.000,NA,0,NA,NA,vs NYJ,23,·,2.0,-2.0
15,5917,Mecole Hardman,WR,27.6,FA,999.0,999,999,0,0,0,1,0,0,0,0,0,0.0,0,0,0,0,0,0,0.00,0,0,0,0,0.00,0.00,0,0,0,0,0,0,0,0,0.0,0.0,0,0,0,0,0,NA,0,0,NA,NA,NA,NA,0,NA,0,0,NA,NA,NA,NA,NA,0,NA,NA,NA,NA,NA,NA,NA,0,NA,NA,NA,,IR,IR,IR
15,6850,Harrison Bryant,TE,27.4,HOU,999.0,999,999,0,0,0,1,1,0,67,4,0,0.0,0,0,0,0,0,0,0.00,0,0,0,0,0.00,0.00,0,0,0,0,0,0,0,0,0.0,0.0,0,0,0,0,0,NA,0,0,6.0%,NA,NA,NA,0,NA,0,0,NA,0.0,1,0.0%,0.00,0,NA,NA,NA,NA,NA,0.000,NA,0,NA,NA,vs ARI,9,·,0.2,-0.2
15,8118,David Bell,WR,24.8,CLE,0.0,0,0,0,0,0,0,0,0,0,0,0,0.0,0,0,0,0,0,0,0.00,0,0,0,0,0.00,0.00,0,0,0,0,0,0,0,0,0.0,0.0,0,0,0,0,0,NA,0,0,NA,NA,NA,NA,0,NA,0,0,NA,NA,NA,NA,NA,0,NA,NA,NA,NA,NA,NA,NA,0,NA,NA,@ CHI,4,NA,NA,NA
15,11729,Sione Vaki,RB,24.2,DET,999.0,999,999,0,0,0,1,1,0,64,0,0,0.0,0,0,0,0,0,0,0.00,0,0,0,0,0.00,0.00,0,0,0,0,0,0,0,0,0.0,0.0,0,0,0,0,0,NA,0,0,0.0%,NA,NA,NA,0,NA,0,0,NA,0.0,NA,NA,NA,0,NA,NA,NA,NA,NA,NA,NA,0,NA,NA,@ LAR,30,·,0.7,-0.7
15,5086,Marquez Valdes-Scantling,WR,31.0,SF,43.0,39,30,8.9,8.4,7.9,1,1,0,66,34,0,0.0,0,0,0,0,0,0,0.00,0,0,0,0,0.00,0.00,1,19,0,0,1,1,0,19,19.0,19.0,0,0,0,19,0,NA,0,0,51.5%,NA,NA,NA,0,NA,1,1,1.000,1.0,21,3.7%,0.90,0,NA,NA,NA,NA,NA,0.000,NA,19,NA,NA,vs TEN,10,·,1.6,7.3
15,829,Andy Dalton,QB,37.9,CAR,999.0,999,999,0,0,0,1,0,0,57,0,0,0.0,0,0,0,0,0,0,0.00,0,0,0,0,0.00,0.00,0,0,0,0,0,0,0,0,0.0,0.0,0,0,0,0,0,NA,0,0,0.0%,NA,NA,NA,0,NA,0,0,NA,NA,NA,NA,NA,0,NA,NA,NA,NA,NA,NA,NA,0,NA,NA,@ NO,24,·,·,·
15,3257,Jacoby Brissett,QB,32.8,ARI,12.0,12,12,21.56,21.56,21.56,1,1,1,66,66,0,67.5,108,40,27,11,13,1,98.90,255,2,3,249,6.22,9.22,0,0,0,0,0,0,0,0,0.0,0.0,3,0,1,6,0,NA,6,2,100.0%,NA,NA,NA,1,NA,15,43,NA,NA,NA,NA,NA,14,35.0%,2.96,5.0%,25.6%,6.70,NA,43,255,+7.0%,-0.13,@ HOU,32,·,19.5,2.1
15,7608,Khalil Herbert,RB,27.4,SEA,73.0,73,69,0.5,0.5,0.5,1,1,0,68,5,0,0.0,0,0,0,0,0,0,0.00,5,0,0,0,0.00,0.00,0,0,0,0,0,1,0,0,0.0,0.0,2,0,0,5,0,NA,5,2.5,7.4%,NA,NA,NA,0,NA,0,3,0.000,0.0,NA,NA,NA,0,NA,NA,NA,NA,NA,NA,NA,5,NA,NA,vs IND,20,·,0.0,0.5
15,3634,Kalif Raymond,WR,31.1,DET,84.0,83,80,3,2.5,2,1,1,0,64,11,0,0.0,0,0,0,0,0,0,0.00,0,0,0,0,0.00,0.00,1,19,0,1,0,1,1,20,20.0,20.0,0,0,0,20,0,NA,0,0,17.2%,NA,NA,NA,0,NA,1,1,1.000,1.0,9,2.4%,2.22,0,NA,NA,NA,NA,NA,0.111,NA,20,NA,NA,@ LAR,15,·,2.7,0.3
15,6126,Irv Smith,TE,27.1,HOU,0.0,0,0,0,0,0,0,0,0,0,0,0,0.0,0,0,0,0,0,0,0.00,0,0,0,0,0.00,0.00,0,0,0,0,0,0,0,0,0.0,0.0,0,0,0,0,0,NA,0,0,NA,NA,NA,NA,0,NA,0,0,NA,NA,NA,NA,NA,0,NA,NA,NA,NA,NA,NA,NA,0,NA,NA,vs ARI,9,Q,Q,Q
15,10857,Stetson Bennett,QB,27.9,LAR,0.0,0,0,0,0,0,0,0,0,0,0,0,0.0,0,0,0,0,0,0,0.00,0,0,0,0,0.00,0.00,0,0,0,0,0,0,0,0,0.0,0.0,0,0,0,0,0,NA,0,0,NA,NA,NA,NA,0,NA,0,0,NA,NA,NA,NA,NA,0,NA,NA,NA,NA,NA,NA,NA,0,NA,NA,vs DET,5,OUT,OUT,OUT
15,6144,Trayveon Williams,RB,27.9,FA,57.0,64,67,2.7,1.7,0.7,1,1,0,57,19,0,0.0,0,0,0,0,0,0,0.00,3,0,0,0,0.00,0.00,2,-6,0,0,0,2,10,4,2.0,2.0,1,0,1,7,0,3,3,3,33.3%,0,3.30,0.000,1,0.330,1,3,0.333,1.0,NA,5.7%,NA,0,NA,NA,NA,NA,NA,NA,NA,7,NA,NA,NA,,·,1.5,1.2
15,12473,Mitchell Evans,TE,22.5,CAR,999.0,999,999,0,0,0,1,1,1,57,25,0,0.0,0,0,0,0,0,0,0.00,0,0,0,0,0.00,0.00,0,0,0,0,0,0,0,0,0.0,0.0,0,0,0,0,0,NA,0,0,43.9%,NA,NA,NA,0,NA,0,0,NA,0.0,NA,NA,NA,0,NA,NA,NA,NA,NA,NA,NA,0,NA,NA,@ NO,22,·,1.7,-1.7
15,5374,Justin Watson,WR,29.5,HOU,999.0,999,999,0,0,0,1,0,0,0,0,0,0.0,0,0,0,0,0,0,0.00,0,0,0,0,0.00,0.00,0,0,0,0,0,0,0,0,0.0,0.0,0,0,0,0,0,NA,0,0,NA,NA,NA,NA,0,NA,0,0,NA,NA,NA,NA,NA,0,NA,NA,NA,NA,NA,NA,NA,0,NA,NA,vs ARI,17,IR,IR,IR
15,10223,Eric Gray,RB,25.9,NYG,999.0,999,999,0,0,0,1,0,0,68,0,0,0.0,0,0,0,0,0,0,0.00,0,0,0,0,0.00,0.00,0,0,0,0,0,0,0,0,0.0,0.0,0,0,0,0,0,NA,0,0,0.0%,NA,NA,NA,0,NA,0,0,NA,NA,NA,NA,NA,0,NA,NA,NA,NA,NA,NA,NA,0,NA,NA,vs WAS,6,·,0.2,-0.2
15,6012,Travis Homer,RB,27.1,CHI,0.0,0,0,0,0,0,0,0,0,0,0,0,0.0,0,0,0,0,0,0,0.00,0,0,0,0,0.00,0.00,0,0,0,0,0,0,0,0,0.0,0.0,0,0,0,0,0,NA,0,0,NA,NA,NA,NA,0,NA,0,0,NA,NA,NA,NA,NA,0,NA,NA,NA,NA,NA,NA,NA,0,NA,NA,vs CLE,21,OUT,OUT,OUT
15,3202,Austin Hooper,TE,30.9,NE,999.0,999,999,0,0,0,1,1,0,52,16,0,0.0,0,0,0,0,0,0,0.00,0,0,0,0,0.00,0.00,0,0,0,0,0,0,0,0,0.0,0.0,0,0,0,0,0,NA,0,0,30.8%,NA,NA,NA,0,NA,0,0,NA,0.0,8,0.0%,0.00,0,NA,NA,NA,NA,NA,0.000,NA,0,NA,NA,vs BUF,32,·,2.4,-2.4
15,4972,Mason Rudolph,QB,30.2,PIT,999.0,999,999,0,0,0,1,0,0,66,0,0,0.0,0,0,0,0,0,0,0.00,0,0,0,0,0.00,0.00,0,0,0,0,0,0,0,0,0.0,0.0,0,0,0,0,0,NA,0,0,0.0%,NA,NA,NA,0,NA,0,0,NA,NA,NA,NA,NA,0,NA,NA,NA,NA,NA,NA,NA,0,NA,NA,vs MIA,12,·,·,·
15,9489,Justin Shorter,WR,25.4,LV,999.0,999,999,0,0,0,1,0,0,0,0,0,0.0,0,0,0,0,0,0,0.00,0,0,0,0,0.00,0.00,0,0,0,0,0,0,0,0,0.0,0.0,0,0,0,0,0,NA,0,0,NA,NA,NA,NA,0,NA,0,0,NA,NA,NA,NA,NA,0,NA,NA,NA,NA,NA,NA,NA,0,NA,NA,@ PHI,20,·,·,·
15,8219,Jelani Woods,TE,27.0,NYJ,999.0,999,999,0,0,0,1,1,0,68,24,0,0.0,0,0,0,0,0,0,0.00,0,0,0,0,0.00,0.00,0,0,0,0,0,0,0,0,0.0,0.0,0,0,0,0,0,NA,0,0,35.3%,NA,NA,NA,0,NA,0,0,NA,0.0,NA,NA,NA,0,NA,NA,NA,NA,NA,NA,NA,0,NA,NA,@ JAX,6,·,0.5,-0.5
15,7535,Hunter Long,TE,27.1,JAX,0.0,0,0,0,0,0,0,0,0,0,0,0,0.0,0,0,0,0,0,0,0.00,0,0,0,0,0.00,0.00,0,0,0,0,0,0,0,0,0.0,0.0,0,0,0,0,0,NA,0,0,NA,NA,NA,NA,0,NA,0,0,NA,NA,NA,NA,NA,0,NA,NA,NA,NA,NA,NA,NA,0,NA,NA,vs NYJ,19,OUT,OUT,OUT
15,9495,Rakim Jarrett,WR,24.7,FA,0.0,0,0,0,0,0,0,0,0,0,0,0,0.0,0,0,0,0,0,0,0.00,0,0,0,0,0.00,0.00,0,0,0,0,0,0,0,0,0.0,0.0,0,0,0,0,0,NA,0,0,NA,NA,NA,NA,0,NA,0,0,NA,NA,NA,NA,NA,0,NA,NA,NA,NA,NA,NA,NA,0,NA,NA,NA,,·,·,·
15,12048,George Holani,RB,25.8,SEA,999.0,999,999,0,0,0,1,0,0,0,0,0,0.0,0,0,0,0,0,0,0.00,0,0,0,0,0.00,0.00,0,0,0,0,0,0,0,0,0.0,0.0,0,0,0,0,0,NA,0,0,NA,NA,NA,NA,0,NA,0,0,NA,NA,NA,NA,NA,0,NA,NA,NA,NA,NA,NA,NA,0,NA,NA,vs IND,20,IR,IR,IR
15,7757,Ben Skowronek,WR,28.2,PIT,999.0,999,999,0,0,0,1,1,0,66,4,0,0.0,0,0,0,0,0,0,0.00,0,0,0,0,0.00,0.00,0,0,0,0,0,0,0,0,0.0,0.0,0,0,0,0,0,NA,0,0,6.1%,NA,NA,NA,0,NA,0,0,NA,0.0,NA,NA,NA,0,NA,NA,NA,NA,NA,NA,NA,0,NA,NA,vs MIA,25,·,0.7,-0.7
15,6427,Ashton Dulin,WR,28.4,IND,999.0,999,999,0,0,0,1,0,0,0,0,0,0.0,0,0,0,0,0,0,0.00,0,0,0,0,0.00,0.00,0,0,0,0,0,0,0,0,0.0,0.0,0,0,0,0,0,NA,0,0,NA,NA,NA,NA,0,NA,0,0,NA,NA,NA,NA,NA,0,NA,NA,NA,NA,NA,NA,NA,0,NA,NA,@ SEA,12,IR,IR,IR
15,6001,Drew Sample,TE,29.4,CIN,45.0,48,49,3.2,2.2,1.2,1,1,1,76,41,0,0.0,0,0,0,0,0,0,0.00,0,0,0,0,0.00,0.00,2,4,0,0,0,2,8,12,6.0,6.0,0,0,0,12,0,NA,0,0,53.9%,NA,NA,NA,0,NA,0,2,0.000,0.0,10,5.1%,1.20,0,NA,NA,NA,NA,NA,0.000,NA,12,NA,NA,vs BAL,26,·,1.6,1.6
15,8116,Pierre Strong Jr.,RB,26.8,GB,0.0,0,0,0,0,0,0,0,0,0,0,0,0.0,0,0,0,0,0,0,0.00,0,0,0,0,0.00,0.00,0,0,0,0,0,0,0,0,0.0,0.0,0,0,0,0,0,NA,0,0,NA,NA,NA,NA,0,NA,0,0,NA,NA,NA,NA,NA,0,NA,NA,NA,NA,NA,NA,NA,0,NA,NA,@ DEN,29,OUT,OUT,OUT
15,6847,Devin Duvernay,WR,28.0,CHI,999.0,999,999,0,0,0,1,1,0,66,10,0,0.0,0,0,0,0,0,0,0.00,0,0,0,0,0.00,0.00,0,0,0,0,0,0,0,0,0.0,0.0,0,0,0,0,0,NA,0,0,15.2%,NA,NA,NA,0,NA,0,0,NA,0.0,6,0.0%,0.00,0,NA,NA,NA,NA,NA,0.000,NA,0,NA,NA,vs CLE,26,·,0.8,-0.8
15,11716,Tip Reiman,TE,24.0,ARI,999.0,999,999,0,0,0,1,0,0,0,0,0,0.0,0,0,0,0,0,0,0.00,0,0,0,0,0.00,0.00,0,0,0,0,0,0,0,0,0.0,0.0,0,0,0,0,0,NA,0,0,NA,NA,NA,NA,0,NA,0,0,NA,NA,NA,NA,NA,0,NA,NA,NA,NA,NA,NA,NA,0,NA,NA,@ HOU,28,IR,IR,IR
15,7602,Kylen Granson,TE,27.5,PHI,999.0,999,999,0,0,0,1,1,0,69,18,0,0.0,0,0,0,0,0,0,0.00,0,0,0,0,0.00,0.00,0,0,0,0,0,0,0,0,0.0,0.0,0,0,0,0,0,NA,0,0,26.1%,NA,NA,NA,0,NA,0,0,NA,0.0,3,0.0%,0.00,0,NA,NA,NA,NA,NA,0.000,NA,0,NA,NA,vs LV,29,·,0.3,-0.3
15,2749,Raheem Mostert,RB,33.5,LV,67.0,69,75,1.2,0.7,0.2,1,1,0,42,10,0,0.0,0,0,0,0,0,0,0.00,0,0,0,0,0.00,0.00,1,1,0,0,0,1,1,2,2.0,2.0,0,0,0,2,0,NA,0,0,23.8%,NA,NA,NA,0,NA,0,1,0.000,0.0,NA,NA,NA,0,NA,NA,NA,NA,NA,NA,NA,2,NA,NA,@ PHI,9,·,3.0,-1.8
15,8127,Charlie Kolar,TE,26.6,BAL,999.0,999,999,0,0,0,1,1,0,41,21,0,0.0,0,0,0,0,0,0,0.00,0,0,0,0,0.00,0.00,0,0,0,0,0,0,0,0,0.0,0.0,0,0,0,0,0,NA,0,0,51.2%,NA,NA,NA,0,NA,0,0,NA,0.0,NA,NA,NA,0,NA,NA,NA,NA,NA,NA,NA,0,NA,NA,@ CIN,1,·,3.5,-3.5
15,7585,Davis Mills,QB,26.9,HOU,999.0,999,999,0,0,0,1,0,0,67,0,0,0.0,0,0,0,0,0,0,0.00,0,0,0,0,0.00,0.00,0,0,0,0,0,0,0,0,0.0,0.0,0,0,0,0,0,NA,0,0,0.0%,NA,NA,NA,0,NA,0,0,NA,NA,NA,NA,NA,0,NA,NA,NA,NA,NA,NA,NA,0,NA,NA,vs ARI,21,·,·,·
15,6290,Scotty Miller,WR,28.2,PIT,999.0,999,999,0,0,0,1,1,0,66,6,0,0.0,0,0,0,0,0,0,0.00,0,0,0,0,0.00,0.00,0,0,0,0,0,0,0,0,0.0,0.0,0,0,0,0,0,NA,0,0,9.1%,NA,NA,NA,0,NA,0,0,NA,0.0,4,0.0%,0.00,0,NA,NA,NA,NA,NA,0.000,NA,0,NA,NA,vs MIA,25,·,0.3,-0.3
15,10228,Charlie Jones,WR,26.9,CIN,999.0,999,999,0,0,0,1,1,0,76,0,0,0.0,0,0,0,0,0,0,0.00,0,0,0,0,0.00,0.00,0,0,0,0,0,0,0,0,0.0,0.0,0,0,0,0,0,NA,0,0,0.0%,NA,NA,NA,0,NA,0,0,NA,0.0,NA,NA,NA,0,NA,NA,NA,NA,NA,NA,NA,0,NA,NA,vs BAL,11,Q,0.3,-0.3
15,6659,Craig Reynolds,RB,29.3,DET,999.0,999,999,0,0,0,1,0,0,0,0,0,0.0,0,0,0,0,0,0,0.00,0,0,0,0,0.00,0.00,0,0,0,0,0,0,0,0,0.0,0.0,0,0,0,0,0,NA,0,0,NA,NA,NA,NA,0,NA,0,0,NA,NA,NA,NA,NA,0,NA,NA,NA,NA,NA,NA,NA,0,NA,NA,@ LAR,30,OUT,OUT,OUT
15,4574,Cooper Rush,QB,31.8,BAL,0.0,0,0,0,0,0,0,0,0,0,0,0,0.0,0,0,0,0,0,0,0.00,0,0,0,0,0.00,0.00,0,0,0,0,0,0,0,0,0.0,0.0,0,0,0,0,0,NA,0,0,NA,NA,NA,NA,0,NA,0,0,NA,NA,NA,NA,NA,0,NA,NA,NA,NA,NA,NA,NA,0,NA,NA,@ CIN,3,OUT,OUT,OUT
15,4663,Austin Ekeler,RB,30.4,WAS,999.0,999,999,0,0,0,1,0,0,0,0,0,0.0,0,0,0,0,0,0,0.00,0,0,0,0,0.00,0.00,0,0,0,0,0,0,0,0,0.0,0.0,0,0,0,0,0,NA,0,0,NA,NA,NA,NA,0,NA,0,0,NA,NA,NA,NA,NA,0,NA,NA,NA,NA,NA,NA,NA,0,NA,NA,@ NYG,2,IR,IR,IR
15,8489,Andrew Ogletree,TE,27.2,IND,999.0,999,999,0,0,0,1,1,0,60,9,0,0.0,0,0,0,0,0,0,0.00,0,0,0,0,0.00,0.00,0,0,0,0,0,0,0,0,0.0,0.0,0,0,0,0,0,NA,0,0,15.0%,NA,NA,NA,0,NA,0,0,NA,0.0,NA,NA,NA,0,NA,NA,NA,NA,NA,NA,NA,0,NA,NA,@ SEA,12,·,1.1,-1.1
15,8159,Desmond Ridder,QB,26.1,MIN,0.0,0,0,0,0,0,0,0,0,0,0,0,0.0,0,0,0,0,0,0,0.00,0,0,0,0,0.00,0.00,0,0,0,0,0,0,0,0,0.0,0.0,0,0,0,0,0,NA,0,0,NA,NA,NA,NA,0,NA,0,0,NA,NA,NA,NA,NA,0,NA,NA,NA,NA,NA,NA,NA,0,NA,NA,@ DAL,1,·,·,·
15,8253,Deven Thompkins,WR,25.8,ATL,999.0,999,999,0,0,0,1,1,0,71,0,0,0.0,0,0,0,0,0,0,0.00,0,0,0,0,0.00,0.00,0,0,0,0,0,0,0,0,0.0,0.0,0,0,0,0,0,NA,0,0,0.0%,NA,NA,NA,0,NA,0,0,NA,0.0,NA,NA,NA,0,NA,NA,NA,NA,NA,NA,NA,0,NA,NA,@ TB,13,·,2.2,-2.2
15,12725,Luke Lachey,TE,24.2,HOU,999.0,999,999,0,0,0,1,0,0,0,0,0,0.0,0,0,0,0,0,0,0.00,0,0,0,0,0.00,0.00,0,0,0,0,0,0,0,0,0.0,0.0,0,0,0,0,0,NA,0,0,NA,NA,NA,NA,0,NA,0,0,NA,NA,NA,NA,NA,0,NA,NA,NA,NA,NA,NA,NA,0,NA,NA,vs ARI,9,·,·,·
15,,,,,,,,,,,,,,,,,,,,,,,,,,,,,,,,,,,,,,,,,,,,,,,NA,,,NA,NA,NA,NA,0,NA,0,0,NA,NA,NA,NA,NA,0,NA,NA,NA,NA,NA,NA,NA,0,NA,NA,NA,,·,·,·