WK,SLPR_ID,NM,POS,AGE,TM,PRK_PPR,PRK_0.5P,PRK_STD,FPT_PPR,FPTS_0.5,FPTS_STD,GM_ACTV,GM_P,GM,TM_SNP,SNP,FUM,CMP PCT,paAY,paATT,CMP,pa1D,INC,INT,paRTG,pa.ruYDS,SAC,paTD,paYDS,paYPA,paYPC,REC,recAY,DRP,rec1D,recTD,TGT,YAC,recYDS,YPR,YPT,CAR,BTKL,ru1D,ru.recYDS,ruTD,YCO,ruYDS,YPC,SNP%,MTF,YCO/A,MTF/A,ruIMP,ELU,IMP,OPP,IMP/OPP,IMP/G,RR,TS%,YPRR,pIMP,pIMP/A,TTT,DP%,PRS%,AYA,1DRR,DB,YDS(t),CMP%OE,EPA/DB,VS,vsRK,INJ,PROJ,FPOE
16,4984,Josh Allen,QB,29.4,BUF,27,27,27,6.9,6.9,6.9,1,1,1,50,50,0,63.2,27,19,12,6,7,0,83.20,147,2,0,130,6.84,10.83,0,0,0,0,0,0,0,0,0.0,0.0,7,0,2,17,0,NA,17,2.43,100.0%,NA,NA,NA,2,NA,8,26,NA,NA,NA,NA,NA,6,31.6%,NA,NA,NA,NA,NA,NA,147,NA,NA,@ CLE,29,·,25.1,-18.2
16,9509,Bijan Robinson,RB,23.7,ATL,4,5,7,29.8,26.3,22.8,1,1,1,77,54,0,0.0,0,0,0,0,0,0,0.00,76,0,0,0,0.00,0.00,7,-16,1,2,1,11,108,92,13.1,8.4,16,0,4,168,0,42,76,4.75,70.1%,6,2.60,0.375,4,0.635,7,27,0.259,7.0,NA,31.4%,NA,0,NA,NA,NA,NA,NA,NA,NA,168,NA,NA,@ ARI,5,·,22.39,7.4
16,7564,Ja'Marr Chase,WR,25.6,CIN,12,15,19,19.9,15.4,10.9,1,1,1,61,53,0,0.0,0,0,0,0,0,0,0.00,0,0,0,0,0.00,0.00,9,77,0,6,0,11,32,109,12.1,9.9,0,0,0,109,0,NA,0,0,86.9%,NA,NA,NA,0,NA,6,11,0.545,6.0,34,33.3%,3.21,0,NA,NA,NA,NA,NA,0.176,NA,109,NA,NA,@ MIA,25,·,19.17,0.7
16,9493,Puka Nacua,WR,24.3,LAR,1,1,1,46.5,40.5,34.5,1,1,1,92,72,0,0.0,0,0,0,0,0,0,0.00,0,0,0,0,0.00,0.00,12,101,0,5,2,16,124,225,18.8,14.1,0,0,0,225,0,NA,0,0,78.3%,NA,NA,NA,0,NA,7,16,0.438,7.0,45,32.7%,5.00,0,NA,NA,NA,NA,NA,0.111,NA,225,NA,NA,@ SEA,14,·,21.19,25.3
16,4881,Lamar Jackson,QB,28.7,BAL,29,29,29,4.74,4.74,4.74,1,1,1,55,26,0,70.0,70,10,7,7,3,0,102.50,108,0,0,101,10.10,14.43,0,0,0,0,0,0,0,0,0.0,0.0,2,0,0,7,0,NA,7,3.5,47.3%,NA,NA,NA,0,NA,7,12,NA,NA,NA,NA,NA,7,70.0%,3.62,10.0%,30.0%,12.00,NA,10,108,+1.8%,+0.60,vs NE,17,·,22.41,-17.7
16,11566,Jayden Daniels,QB,24.8,WAS,0,0,0,0,0,0,0,0,0,0,0,0,0.0,0,0,0,0,0,0,0.00,0,0,0,0,0.00,0.00,0,0,0,0,0,0,0,0,0.0,0.0,0,0,0,0,0,NA,0,0,NA,NA,NA,NA,0,NA,0,0,NA,NA,NA,NA,NA,0,NA,NA,NA,NA,NA,NA,NA,0,NA,NA,vs PHI,25,OUT,OUT,OUT
16,9221,Jahmyr Gibbs,RB,23.5,DET,9,13,19,22.8,17.8,12.8,1,1,1,74,64,1,0.0,0,0,0,0,0,0,0.00,2,0,0,0,0.00,0.00,10,18,1,2,1,13,48,66,6.6,5.1,7,1,1,68,0,13,2,0.29,86.5%,3,1.90,0.429,1,0.619,4,20,0.200,4.0,NA,24.1%,NA,0,NA,NA,NA,NA,NA,NA,NA,68,NA,NA,vs PIT,22,·,22.67,0.1
16,6794,Justin Jefferson,WR,26.3,MIN,20,26,28,14.5,11.5,8.5,1,1,1,61,58,0,0.0,0,0,0,0,0,0,0.00,0,0,0,0,0.00,0.00,6,49,1,4,0,8,36,85,14.2,10.6,0,0,0,85,0,NA,0,0,95.1%,NA,NA,NA,0,NA,4,8,0.500,4.0,28,34.8%,3.04,0,NA,NA,NA,NA,NA,0.143,NA,85,NA,NA,@ NYG,3,·,13.28,1.2
16,9488,Jaxon Smith-Njigba,WR,23.6,SEA,6.0,6,8,23.6,19.6,15.6,1,1,1,68,65,0,0.0,0,0,0,0,0,0,0.00,0,0,0,0,0.00,0.00,8,60,0,4,1,13,36,96,12.0,7.4,0,0,0,96,0,NA,0,0,95.6%,NA,NA,NA,0,NA,5,13,0.385,5.0,38,38.2%,2.53,0,NA,NA,NA,NA,NA,0.105,NA,96,NA,NA,vs LAR,10,·,20.64,3.0
16,7547,Amon-Ra St. Brown,WR,25.9,DET,40.0,40,41,9.4,7.4,5.4,1,1,1,74,72,0,0.0,0,0,0,0,0,0,0.00,0,0,0,0,0.00,0.00,4,8,1,2,0,9,46,54,13.5,6.0,0,0,0,54,0,NA,0,0,97.3%,NA,NA,NA,0,NA,2,9,0.222,2.0,56,16.7%,0.96,0,NA,NA,NA,NA,NA,0.036,NA,54,NA,NA,vs PIT,11,·,19.66,-10.3
16,6786,CeeDee Lamb,WR,26.5,DAL,31.0,37,44,11.1,8.1,5.1,1,1,1,58,50,0,0.0,0,0,0,0,0,0,0.00,0,0,0,0,0.00,0.00,6,44,0,3,0,7,7,51,8.5,7.3,0,0,0,51,0,NA,0,0,86.2%,NA,NA,NA,0,NA,3,7,0.429,3.0,34,21.9%,1.50,0,NA,NA,NA,NA,NA,0.088,NA,51,NA,NA,vs LAC,32,·,17.53,-6.4
16,11632,Malik Nabers,WR,22.2,NYG,999.0,999,999,0,0,0,1,0,0,0,0,0,0.0,0,0,0,0,0,0,0.00,0,0,0,0,0.00,0.00,0,0,0,0,0,0,0,0,0.0,0.0,0,0,0,0,0,NA,0,0,NA,NA,NA,NA,0,NA,0,0,NA,NA,NA,NA,NA,0,NA,NA,NA,NA,NA,NA,NA,0,NA,NA,vs MIN,31,IR,IR,IR
16,11564,Drake Maye,QB,23.1,NE,7.0,7,7,24.7,24.7,24.7,1,1,1,74,74,2,70.5,276,44,31,15,13,1,102.50,405,3,2,380,8.64,12.26,0,0,0,0,0,0,0,0,0.0,0.0,10,0,3,25,0,NA,25,2.5,100.0%,NA,NA,NA,3,NA,20,54,NA,NA,NA,NA,NA,17,38.6%,3.29,11.4%,43.1%,10.10,NA,51,405,+11.6%,+0.18,@ BAL,16,·,21.86,2.8
16,12514,Emeka Egbuka,WR,23.0,TB,74.0,66,59,5,4.5,4,1,1,1,64,36,0,0.0,0,0,0,0,0,0,0.00,0,0,0,0,0.00,0.00,1,34,0,1,0,2,6,40,40.0,20.0,0,0,0,40,0,NA,0,0,56.3%,NA,NA,NA,0,NA,1,2,0.500,1.0,15,7.7%,2.67,0,NA,NA,NA,NA,NA,0.067,NA,40,NA,NA,@ CAR,23,·,9.48,-4.5
16,11604,Brock Bowers,TE,22.8,LV,12.0,12,12,14.3,11.8,9.3,1,1,1,54,53,0,0.0,0,0,0,0,0,0,0.00,0,0,0,0,0.00,0.00,5,18,0,1,1,5,15,33,6.6,6.6,0,0,0,33,0,NA,0,0,98.1%,NA,NA,NA,0,NA,2,5,0.400,2.0,24,21.7%,1.38,0,NA,NA,NA,NA,NA,0.042,NA,33,NA,NA,@ HOU,25,·,12.47,1.8
16,6904,Jalen Hurts,QB,27.1,PHI,10.0,10,10,19.4,19.4,19.4,1,1,1,70,66,1,73.3,105,30,22,9,8,0,111.10,225,2,2,185,6.17,8.41,0,0,0,0,0,0,0,0,0.0,0.0,7,0,3,40,0,NA,40,5.71,94.3%,NA,NA,NA,3,NA,14,37,NA,NA,NA,NA,NA,11,36.7%,2.65,3.3%,10.8%,6.60,NA,37,225,+4.4%,+0.22,@ WAS,6,·,24.68,-5.3
16,12527,Ashton Jeanty,RB,21.8,LV,3.0,1,1,31.8,31.3,30.8,1,1,1,54,50,0,0.0,0,0,0,0,0,0,0.00,128,0,0,0,0.00,0.00,1,26,0,0,1,2,34,60,60.0,30.0,24,4,2,188,1,108,128,5.33,92.6%,8,4.50,0.333,3,0.783,4,26,0.154,4.0,NA,8.7%,NA,0,NA,NA,NA,NA,NA,NA,NA,188,NA,NA,@ HOU,24,·,13.16,18.6
16,6797,Justin Herbert,QB,27.6,LAC,4.0,4,4,30.2,30.2,30.2,1,1,1,64,64,1,79.3,210,29,23,13,6,0,132.80,342,0,2,300,10.34,13.04,0,0,0,0,0,0,0,0,0.0,0.0,8,0,2,42,1,NA,42,5.25,100.0%,NA,NA,NA,3,NA,18,37,NA,NA,NA,NA,NA,15,51.7%,3.04,17.2%,39.4%,9.80,NA,33,342,+14.7%,+0.72,@ DAL,1,·,23.36,6.8
16,6813,Jonathan Taylor,RB,26.7,IND,17.0,18,16,16.9,15.4,13.9,1,1,1,60,53,0,0.0,0,0,0,0,0,0,0.00,46,0,0,0,0.00,0.00,3,2,0,1,0,3,31,33,11.0,11.0,16,1,3,79,1,35,46,2.88,88.3%,3,2.20,0.188,4,0.408,5,19,0.263,5.0,NA,8.3%,NA,0,NA,NA,NA,NA,NA,NA,NA,79,NA,NA,vs SF,27,·,18.91,-2.0
16,8112,Drake London,WR,24.2,ATL,67.0,70,70,5.7,4.2,2.7,1,1,1,77,53,0,0.0,0,0,0,0,0,0,0.00,0,0,0,0,0.00,0.00,3,30,1,2,0,8,-3,27,9.0,3.4,0,0,0,27,0,NA,0,0,68.8%,NA,NA,NA,0,NA,2,8,0.250,2.0,30,22.9%,0.90,0,NA,NA,NA,NA,NA,0.067,NA,27,NA,NA,@ ARI,17,OUT,16.45,-10.8
16,4046,Patrick Mahomes,QB,30.0,KC,999.0,999,999,0,0,0,1,0,0,0,0,0,0.0,0,0,0,0,0,0,0.00,0,0,0,0,0.00,0.00,0,0,0,0,0,0,0,0,0.0,0.0,0,0,0,0,0,NA,0,0,NA,NA,NA,NA,0,NA,0,0,NA,NA,NA,NA,NA,0,NA,NA,NA,NA,NA,NA,NA,0,NA,NA,@ TEN,7,OUT,OUT,OUT
16,6770,Joe Burrow,QB,28.8,CIN,5.0,5,5,28.96,28.96,28.96,1,1,1,61,55,0,78.1,156,32,25,12,7,0,146.50,315,2,4,309,9.66,12.36,0,0,0,0,0,0,0,0,0.0,0.0,2,0,1,6,0,NA,6,3,90.2%,NA,NA,NA,1,NA,17,34,NA,NA,NA,NA,NA,16,50.0%,2.76,9.4%,28.6%,6.30,NA,35,315,+8.6%,+0.51,@ MIA,12,·,20.71,8.3
16,9226,De'Von Achane,RB,24.0,MIA,14.0,15,15,18,16.5,15,1,1,1,59,42,0,0.0,0,0,0,0,0,0,0.00,81,0,0,0,0.00,0.00,3,-5,0,0,0,3,14,9,3.0,3.0,15,0,0,90,1,95,81,5.4,71.2%,4,6.30,0.267,1,0.897,1,18,0.056,1.0,NA,10.0%,NA,0,NA,NA,NA,NA,NA,NA,NA,90,NA,NA,vs CIN,1,·,21.75,-3.8
16,8130,Trey McBride,TE,25.8,ARI,21.0,21,29,6.7,4.7,2.7,1,1,1,57,55,0,0.0,0,0,0,0,0,0,0.00,0,0,0,0,0.00,0.00,4,12,1,1,0,8,15,27,6.8,3.4,0,0,0,27,0,NA,0,0,96.5%,NA,NA,NA,0,NA,1,8,0.125,1.0,30,25.8%,0.90,0,NA,NA,NA,NA,NA,0.033,NA,27,NA,NA,vs ATL,31,·,18.89,-12.2
16,12507,Omarion Hampton,RB,22.5,LAC,19.0,16,14,16.5,16,15.5,1,1,0,64,35,0,0.0,0,0,0,0,0,0,0.00,85,0,0,0,0.00,0.00,1,4,0,0,0,2,6,10,10.0,5.0,16,3,3,95,1,62,85,5.31,54.7%,7,3.90,0.438,4,0.828,4,18,0.222,4.0,NA,6.9%,NA,0,NA,NA,NA,NA,NA,NA,NA,95,NA,NA,@ DAL,8,·,12.7,3.8
16,11620,Rome Odunze,WR,23.3,CHI,0.0,0,0,0,0,0,0,0,0,0,0,0,0.0,0,0,0,0,0,0,0.00,0,0,0,0,0.00,0.00,0,0,0,0,0,0,0,0,0.0,0.0,0,0,0,0,0,NA,0,0,NA,NA,NA,NA,0,NA,0,0,NA,NA,NA,NA,NA,0,NA,NA,NA,NA,NA,NA,NA,0,NA,NA,vs GB,13,OUT,11.13,-11.1
16,12526,Tetairoa McMillan,WR,22.5,CAR,14.0,13,13,19.3,16.3,13.3,1,1,1,54,47,0,0.0,0,0,0,0,0,0,0.00,0,0,0,0,0.00,0.00,6,60,0,3,1,10,13,73,12.2,7.3,0,0,0,73,0,NA,0,0,87.0%,NA,NA,NA,0,NA,4,10,0.400,4.0,32,31.3%,2.28,0,NA,NA,NA,NA,NA,0.094,NA,73,NA,NA,vs TB,16,·,14.68,4.6
16,11560,Caleb Williams,QB,23.9,CHI,9.0,9,9,21,21,21,1,1,1,64,64,0,55.9,161,34,19,8,15,0,98.90,280,0,2,250,7.35,13.16,0,0,0,0,0,0,0,0,0.0,0.0,3,0,1,30,0,NA,30,10,100.0%,NA,NA,NA,1,NA,11,37,NA,NA,NA,NA,NA,10,29.4%,3.13,8.8%,35.1%,9.70,NA,37,280,+2.0%,+0.22,vs GB,22,·,17.44,3.6
16,12518,Tyler Warren,TE,23.4,IND,24.0,24,26,6,4.5,3,1,1,1,60,53,0,0.0,0,0,0,0,0,0,0.00,0,0,0,0,0.00,0.00,3,13,0,1,0,9,17,30,10.0,3.3,0,0,0,30,0,NA,0,0,88.3%,NA,NA,NA,0,NA,1,9,0.111,1.0,32,25.0%,0.94,0,NA,NA,NA,NA,NA,0.031,NA,30,NA,NA,vs SF,6,·,10.83,-4.8
16,12512,Quinshon Judkins,RB,21.9,CLE,30.0,38,44,10.1,7.6,5.1,1,1,1,66,26,0,0.0,0,0,0,0,0,0,0.00,22,0,0,0,0.00,0.00,5,-3,1,2,0,6,32,29,5.8,4.8,8,0,2,51,0,24,22,2.75,39.4%,1,3.00,0.125,2,0.425,4,14,0.286,4.0,NA,20.0%,NA,0,NA,NA,NA,NA,NA,NA,NA,51,NA,NA,vs BUF,4,·,12.77,-2.7
16,11584,Bucky Irving,RB,23.1,TB,43.0,41,35,7.1,7.1,7.1,1,1,1,64,40,0,0.0,0,0,0,0,0,0,0.00,71,0,0,0,0.00,0.00,0,0,0,0,0,0,0,0,0.0,0.0,19,0,4,71,0,57,71,3.74,62.5%,2,3.00,0.105,4,0.405,4,19,0.211,4.0,NA,0.0%,NA,0,NA,NA,NA,NA,NA,NA,NA,71,NA,NA,@ CAR,9,·,16.21,-9.1
16,11631,Brian Thomas Jr.,WR,23.0,JAX,83.0,82,87,3.8,2.8,1.8,1,1,1,70,51,0,0.0,0,0,0,0,0,0,0.00,0,0,0,0,0.00,0.00,2,18,0,1,0,3,0,18,9.0,6.0,0,0,0,18,0,NA,0,0,72.9%,NA,NA,NA,0,NA,1,3,0.333,1.0,36,8.3%,0.50,0,NA,NA,NA,NA,NA,0.028,NA,18,NA,NA,@ DEN,27,·,11.12,-7.3
16,8138,James Cook,RB,26.0,BUF,6.0,6,5,26.4,25.9,25.4,1,1,1,50,28,0,0.0,0,0,0,0,0,0,0.00,117,0,0,0,0.00,0.00,1,-1,1,1,0,2,18,17,17.0,8.5,16,0,3,134,2,86,117,7.31,56.0%,4,5.40,0.250,5,0.790,6,18,0.333,6.0,NA,10.5%,NA,0,NA,NA,NA,NA,NA,NA,NA,134,NA,NA,@ CLE,19,·,17.15,9.3
16,4892,Baker Mayfield,QB,30.4,TB,20.0,20,20,13.7,13.7,13.7,1,1,1,64,64,0,69.2,90,26,18,8,8,1,79.80,194,2,1,145,5.58,8.06,0,0,0,0,0,0,0,0,0.0,0.0,4,0,2,49,0,NA,49,12.25,100.0%,NA,NA,NA,2,NA,11,30,NA,NA,NA,NA,NA,9,34.6%,2.49,3.8%,26.7%,6.30,NA,30,194,-1.8%,+0.21,@ CAR,24,·,22.47,-8.8
16,7569,Nico Collins,WR,26.5,HOU,36.0,38,37,9.9,7.9,5.9,1,1,1,65,52,0,0.0,0,0,0,0,0,0,0.00,0,0,0,0,0.00,0.00,4,59,0,3,0,9,0,59,14.8,6.6,0,0,0,59,0,NA,0,0,80.0%,NA,NA,NA,0,NA,3,9,0.333,3.0,30,25.7%,1.97,0,NA,NA,NA,NA,NA,0.100,NA,59,NA,NA,vs LV,7,·,15.61,-5.7
16,8146,Garrett Wilson,WR,25.2,NYJ,999.0,999,999,0,0,0,1,0,0,0,0,0,0.0,0,0,0,0,0,0,0.00,0,0,0,0,0.00,0.00,0,0,0,0,0,0,0,0,0.0,0.0,0,0,0,0,0,NA,0,0,NA,NA,NA,NA,0,NA,0,0,NA,NA,NA,NA,NA,0,NA,NA,NA,NA,NA,NA,NA,0,NA,NA,@ NO,22,IR,IR,IR
16,6804,Jordan Love,QB,26.9,GB,31.0,31,31,3.78,3.78,3.78,1,1,1,72,26,1,61.5,47,13,8,4,5,0,78.00,84,0,0,77,5.92,9.63,0,0,0,0,0,0,0,0,0.0,0.0,2,0,1,7,0,NA,7,3.5,36.1%,NA,NA,NA,1,NA,5,15,NA,NA,NA,NA,NA,4,30.8%,2.62,0.0%,14.3%,6.80,NA,14,84,-8.2%,+0.08,@ CHI,9,·,20.3,-16.5
16,10229,Rashee Rice,WR,25.4,KC,0.0,0,0,0,0,0,0,0,0,0,0,0,0.0,0,0,0,0,0,0,0.00,0,0,0,0,0.00,0.00,0,0,0,0,0,0,0,0,0.0,0.0,0,0,0,0,0,NA,0,0,NA,NA,NA,NA,0,NA,0,0,NA,NA,NA,NA,NA,0,NA,NA,NA,NA,NA,NA,NA,0,NA,NA,@ TEN,6,·,16.12,-16.1
16,4866,Saquon Barkley,RB,28.6,PHI,13.0,10,9,21.2,21.2,21.2,1,1,1,70,54,0,0.0,0,0,0,0,0,0,0.00,132,0,0,0,0.00,0.00,0,0,0,0,0,2,0,0,0.0,0.0,21,6,6,132,1,116,132,6.29,77.1%,6,5.50,0.286,7,0.836,7,23,0.304,7.0,NA,6.7%,NA,0,NA,NA,NA,NA,NA,NA,NA,132,NA,NA,@ WAS,6,Q,15.72,5.5
16,11563,Bo Nix,QB,25.6,DEN,17.0,17,17,16.18,16.18,16.18,1,1,1,66,66,1,59.6,207,47,28,13,19,1,81.20,363,1,1,352,7.49,12.57,0,0,0,0,0,0,0,0,0.0,0.0,4,0,1,11,0,NA,11,2.75,100.0%,NA,NA,NA,1,NA,15,51,NA,NA,NA,NA,NA,14,29.8%,2.91,14.9%,30.6%,9.70,NA,49,363,-7.6%,-0.03,vs JAX,11,·,19.87,-3.7
16,12508,Jaxson Dart,QB,22.4,NYG,36.0,36,36,1.02,1.02,1.02,1,1,1,56,56,0,53.9,14,13,7,1,6,1,27.40,40,5,0,33,2.54,4.71,0,0,0,0,0,0,0,0,0.0,0.0,2,0,1,7,0,NA,7,3.5,100.0%,NA,NA,NA,1,NA,2,15,NA,NA,NA,NA,NA,1,7.7%,NA,NA,NA,NA,NA,NA,40,NA,NA,vs MIN,30,·,20.02,-19.0
16,11635,Ladd McConkey,WR,23.9,LAC,21.0,21,21,14.3,12.3,10.3,1,1,1,64,48,0,0.0,0,0,0,0,0,0,0.00,0,0,0,0,0.00,0.00,4,29,0,1,1,6,14,43,10.8,7.2,0,0,0,43,0,NA,0,0,75.0%,NA,NA,NA,0,NA,2,6,0.333,2.0,30,20.7%,1.43,0,NA,NA,NA,NA,NA,0.033,NA,43,NA,NA,@ DAL,1,·,14.26,0.0
16,4034,Christian McCaffrey,RB,29.3,SF,2.0,3,4,32.6,29.6,26.6,1,1,1,66,53,0,0.0,0,0,0,0,0,0,0.00,117,0,0,0,0.00,0.00,6,15,0,1,2,8,14,29,4.8,3.6,21,0,6,146,0,76,117,5.57,80.3%,7,3.60,0.333,6,0.693,9,29,0.310,9.0,NA,23.5%,NA,0,NA,NA,NA,NA,NA,NA,NA,146,NA,NA,@ IND,23,·,22.2,10.4
16,8137,George Pickens,WR,24.6,DAL,4.0,5,5,26,22.5,19,1,1,1,58,51,0,0.0,0,0,0,0,0,0,0.00,0,0,0,0,0.00,0.00,7,103,0,4,1,9,27,130,18.6,14.4,0,0,0,130,0,NA,0,0,87.9%,NA,NA,NA,0,NA,5,9,0.556,5.0,35,28.1%,3.71,0,NA,NA,NA,NA,NA,0.114,NA,130,NA,NA,vs LAC,32,·,15.54,10.5
16,11628,Marvin Harrison Jr.,WR,23.1,ARI,95.0,96,93,2.4,1.9,1.4,1,1,0,57,29,0,0.0,0,0,0,0,0,0,0.00,0,0,0,0,0.00,0.00,1,14,0,1,0,3,0,14,14.0,4.7,0,0,0,14,0,NA,0,0,50.9%,NA,NA,NA,0,NA,1,3,0.333,1.0,20,9.7%,0.70,0,NA,NA,NA,NA,NA,0.050,NA,14,NA,NA,vs ATL,8,OUT,12.18,-9.8
16,5850,Josh Jacobs,RB,27.6,GB,53.0,54,57,4.8,3.8,2.8,1,1,1,72,28,1,0.0,0,0,0,0,0,0,0.00,36,0,0,0,0.00,0.00,2,-3,0,0,0,2,15,12,6.0,6.0,12,0,2,48,0,30,36,3,38.9%,3,2.50,0.250,2,0.500,2,14,0.143,2.0,NA,8.3%,NA,0,NA,NA,NA,NA,NA,NA,NA,48,NA,NA,@ CHI,20,Q,17.15,-12.4
16,8150,Kyren Williams,RB,25.1,LAR,27.0,28,28,11.5,10,8.5,1,1,1,92,65,0,0.0,0,0,0,0,0,0,0.00,70,0,0,0,0.00,0.00,3,11,0,0,0,6,4,15,5.0,2.5,23,1,3,85,0,58,70,3.04,70.7%,4,2.50,0.174,3,0.424,3,29,0.103,3.0,NA,12.2%,NA,0,NA,NA,NA,NA,NA,NA,NA,85,NA,NA,@ SEA,16,·,13.21,-1.7
16,12481,Cam Skattebo,RB,23.6,NYG,999.0,999,999,0,0,0,1,0,0,0,0,0,0.0,0,0,0,0,0,0,0.00,0,0,0,0,0.00,0.00,0,0,0,0,0,0,0,0,0.0,0.0,0,0,0,0,0,NA,0,0,NA,NA,NA,NA,0,NA,0,0,NA,NA,NA,NA,NA,0,NA,NA,NA,NA,NA,NA,NA,0,NA,NA,vs MIN,18,IR,IR,IR
16,8155,Breece Hall,RB,24.3,NYJ,38.0,40,39,8.3,7.3,6.3,1,1,1,66,42,0,0.0,0,0,0,0,0,0,0.00,54,0,0,0,0.00,0.00,2,-8,0,1,0,3,17,9,4.5,3.0,16,2,5,63,0,40,54,3.38,63.6%,4,2.50,0.250,5,0.500,6,19,0.316,6.0,NA,8.6%,NA,0,NA,NA,NA,NA,NA,NA,NA,63,NA,NA,@ NO,14,·,12.88,-4.6
16,9758,C.J. Stroud,QB,24.0,HOU,24.0,24,24,11.48,11.48,11.48,1,1,1,65,65,1,65.7,130,35,23,9,12,0,88.60,187,0,1,187,5.34,8.13,0,0,0,0,0,0,0,0,0.0,0.0,4,0,0,0,0,NA,0,0,100.0%,NA,NA,NA,0,NA,10,39,NA,NA,NA,NA,NA,10,28.6%,2.74,8.6%,19.4%,8.10,NA,36,187,+2.2%,+0.01,vs LV,15,·,17.3,-5.8
16,8183,Brock Purdy,QB,25.8,SF,1.0,1,1,31.9,31.9,31.9,1,1,1,66,63,1,73.5,230,34,25,15,9,1,126.80,306,1,5,295,8.68,11.80,0,0,0,0,0,0,0,0,0.0,0.0,2,0,1,11,0,NA,11,5.5,95.5%,NA,NA,NA,1,NA,21,36,NA,NA,NA,NA,NA,20,58.8%,3.31,11.8%,22.2%,10.10,NA,36,306,+12.8%,+0.51,@ IND,20,·,22.1,9.8
16,3294,Dak Prescott,QB,32.2,DAL,11.0,11,11,19.16,19.16,19.16,1,1,1,58,53,0,70.0,172,30,21,10,9,0,116.50,258,1,2,244,8.13,11.62,0,0,0,0,0,0,0,0,0.0,0.0,2,0,1,14,0,NA,14,7,91.4%,NA,NA,NA,1,NA,13,32,NA,NA,NA,NA,NA,12,40.0%,3.08,16.7%,30.3%,10.30,NA,33,258,+6.2%,+0.38,vs LAC,31,·,21.84,-2.7
16,5859,A.J. Brown,WR,28.2,PHI,15.0,17,24,18.5,14,9.5,1,1,1,70,61,0,0.0,0,0,0,0,0,0,0.00,0,0,0,0,0.00,0.00,9,49,0,6,0,12,46,95,10.6,7.9,0,0,0,95,0,NA,0,0,87.1%,NA,NA,NA,0,NA,6,12,0.500,6.0,37,40.0%,2.57,0,NA,NA,NA,NA,NA,0.162,NA,95,NA,NA,@ WAS,9,·,15.89,2.6
16,12529,TreVeyon Henderson,RB,22.9,NE,60.0,61,64,2.2,1.7,1.2,1,1,0,74,14,0,0.0,0,0,0,0,0,0,0.00,3,0,0,0,0.00,0.00,1,2,0,0,0,1,7,9,9.0,9.0,5,0,0,12,0,10,3,0.6,18.9%,1,1.90,0.200,0,0.390,0,6,0.000,0.0,NA,2.3%,NA,0,NA,NA,NA,NA,NA,NA,NA,12,NA,NA,@ BAL,13,·,13.47,-11.3
16,11624,Xavier Worthy,WR,22.4,KC,65.0,63,56,6.1,5.1,4.1,1,1,1,45,38,0,0.0,0,0,0,0,0,0,0.00,0,0,0,0,0.00,0.00,2,23,0,2,0,3,18,41,20.5,13.7,1,0,0,41,0,NA,0,0,84.4%,NA,NA,NA,0,NA,2,4,0.500,2.0,28,12.5%,1.46,0,NA,NA,NA,NA,NA,0.071,NA,41,NA,NA,@ TEN,6,Q,10.19,-4.1
16,10859,Sam LaPorta,TE,24.7,DET,999.0,999,999,0,0,0,1,0,0,0,0,0,0.0,0,0,0,0,0,0,0.00,0,0,0,0,0.00,0.00,0,0,0,0,0,0,0,0,0.0,0.0,0,0,0,0,0,NA,0,0,NA,NA,NA,NA,0,NA,0,0,NA,NA,NA,NA,NA,0,NA,NA,NA,NA,NA,NA,NA,0,NA,NA,vs PIT,3,IR,IR,IR
16,9484,Tucker Kraft,TE,24.9,GB,999.0,999,999,0,0,0,1,0,0,0,0,0,0.0,0,0,0,0,0,0,0.00,0,0,0,0,0.00,0.00,0,0,0,0,0,0,0,0,0.0,0.0,0,0,0,0,0,NA,0,0,NA,NA,NA,NA,0,NA,0,0,NA,NA,NA,NA,NA,0,NA,NA,NA,NA,NA,NA,NA,0,NA,NA,@ CHI,16,IR,IR,IR
16,3163,Jared Goff,QB,31.0,DET,6.0,6,6,26.46,26.46,26.46,1,1,1,74,74,0,63.0,190,54,34,16,20,0,101.20,363,3,3,364,6.74,10.71,0,0,0,0,0,0,0,0,0.0,0.0,1,0,0,-1,0,NA,-1,-1,100.0%,NA,NA,NA,0,NA,19,55,NA,NA,NA,NA,NA,19,35.2%,2.58,3.7%,28.1%,6.20,NA,57,363,-7.6%,+0.23,vs PIT,8,·,19.48,7.0
16,9756,Jordan Addison,WR,23.7,MIN,77.0,76,73,4.6,3.6,2.6,1,1,1,61,41,0,0.0,0,0,0,0,0,0,0.00,0,0,0,0,0.00,0.00,2,25,0,1,0,3,1,26,13.0,8.7,0,0,0,26,0,NA,0,0,67.2%,NA,NA,NA,0,NA,1,3,0.333,1.0,20,13.0%,1.30,0,NA,NA,NA,NA,NA,0.050,NA,26,NA,NA,@ NYG,3,·,9.32,-4.7
16,12530,Travis Hunter,WR,22.4,JAX,999.0,999,999,0,0,0,1,0,0,0,0,0,0.0,0,0,0,0,0,0,0.00,0,0,0,0,0.00,0.00,0,0,0,0,0,0,0,0,0.0,0.0,0,0,0,0,0,NA,0,0,NA,NA,NA,NA,0,NA,0,0,NA,NA,NA,NA,NA,0,NA,NA,NA,NA,NA,NA,NA,0,NA,NA,@ DEN,27,IR,IR,IR
16,5870,Daniel Jones,QB,28.3,IND,999.0,999,999,0,0,0,1,0,0,0,0,0,0.0,0,0,0,0,0,0,0.00,0,0,0,0,0.00,0.00,0,0,0,0,0,0,0,0,0.0,0.0,0,0,0,0,0,NA,0,0,NA,NA,NA,NA,0,NA,0,0,NA,NA,NA,NA,NA,0,NA,NA,NA,NA,NA,NA,NA,0,NA,NA,vs SF,26,IR,IR,IR
16,7526,Jaylen Waddle,WR,26.8,MIA,28.0,29,32,12.2,9.7,7.2,1,1,1,59,42,1,0.0,0,0,0,0,0,0,0.00,0,0,0,0,0.00,0.00,5,47,0,4,0,9,25,72,14.4,8.0,0,0,0,72,0,NA,0,0,71.2%,NA,NA,NA,0,NA,4,9,0.444,4.0,24,30.0%,3.00,0,NA,NA,NA,NA,NA,0.167,NA,72,NA,NA,vs CIN,28,·,15.27,-3.1
16,6801,Tee Higgins,WR,26.7,CIN,22.0,20,16,14.3,12.8,11.3,1,1,0,61,38,0,0.0,0,0,0,0,0,0,0.00,0,0,0,0,0.00,0.00,3,45,0,1,1,3,8,53,17.7,17.7,0,0,0,53,0,NA,0,0,62.3%,NA,NA,NA,0,NA,2,3,0.667,2.0,29,9.1%,1.83,0,NA,NA,NA,NA,NA,0.034,NA,53,NA,NA,@ MIA,25,OUT,14.79,-0.5
16,9754,Quentin Johnston,WR,24.1,LAC,11.0,8,7,20.4,18.4,16.4,1,1,1,64,37,0,0.0,0,0,0,0,0,0,0.00,0,0,0,0,0.00,0.00,4,92,0,2,1,5,12,104,26.0,20.8,0,0,0,104,0,NA,0,0,57.8%,NA,NA,NA,0,NA,3,5,0.600,3.0,24,17.2%,4.33,0,NA,NA,NA,NA,NA,0.083,NA,104,NA,NA,@ DAL,1,OUT,12.27,8.1
16,7525,DeVonta Smith,WR,26.9,PHI,17.0,18,22,16.2,13.2,10.2,1,1,1,70,60,0,0.0,0,0,0,0,0,0,0.00,0,0,0,0,0.00,0.00,6,25,0,2,1,8,17,42,7.0,5.3,0,0,0,42,0,NA,0,0,85.7%,NA,NA,NA,0,NA,3,8,0.375,3.0,36,26.7%,1.17,0,NA,NA,NA,NA,NA,0.056,NA,42,NA,NA,@ WAS,9,·,14,2.2
16,5846,DK Metcalf,WR,27.8,PIT,48.0,49,51,8.2,6.2,4.2,1,1,1,74,65,0,0.0,0,0,0,0,0,0,0.00,0,0,0,0,0.00,0.00,4,24,1,2,0,9,18,42,10.5,4.7,0,0,0,42,0,NA,0,0,87.8%,NA,NA,NA,0,NA,2,9,0.222,2.0,40,22.0%,1.05,0,NA,NA,NA,NA,NA,0.050,NA,42,NA,NA,@ DET,2,·,13.78,-5.6
16,9997,Zay Flowers,WR,25.0,BAL,9.0,10,11,21.2,17.7,14.2,1,1,1,55,49,1,0.0,0,0,0,0,0,0,0.00,18,0,0,0,0.00,0.00,7,72,0,4,0,7,12,84,12.0,12.0,1,0,0,102,1,NA,18,18,89.1%,NA,NA,NA,1,NA,5,8,0.625,5.0,22,35.0%,3.82,0,NA,NA,NA,NA,NA,0.182,NA,102,NA,NA,vs NE,18,·,14.4,6.8
16,12522,Cam Ward,QB,23.3,TEN,14.0,14,14,18.02,18.02,18.02,1,1,1,73,73,0,75.0,93,28,21,9,7,0,122.30,237,2,2,228,8.14,10.86,0,0,0,0,0,0,0,0,0.0,0.0,4,1,1,9,0,NA,9,2.25,100.0%,NA,NA,NA,1,NA,12,32,NA,NA,NA,NA,NA,11,39.3%,2.42,10.7%,25.8%,5.80,NA,31,237,+2.3%,+0.15,vs KC,21,·,13.93,4.1
16,11638,Ricky Pearsall,WR,25.0,SF,0.0,0,0,0,0,0,0,0,0,0,0,0,0.0,0,0,0,0,0,0,0.00,0,0,0,0,0.00,0.00,0,0,0,0,0,0,0,0,0.0,0.0,0,0,0,0,0,NA,0,0,NA,NA,NA,NA,0,NA,0,0,NA,NA,NA,NA,NA,0,NA,NA,NA,NA,NA,NA,NA,0,NA,NA,@ IND,5,Q,10.15,-10.2
16,8144,Chris Olave,WR,25.2,NO,2.0,2,2,36.8,31.8,26.8,1,1,1,78,61,0,0.0,0,0,0,0,0,0,0.00,0,0,0,0,0.00,0.00,10,115,0,5,2,16,33,148,14.8,9.3,0,0,0,148,0,NA,0,0,78.2%,NA,NA,NA,0,NA,7,16,0.438,7.0,47,32.0%,3.15,0,NA,NA,NA,NA,NA,0.106,NA,148,NA,NA,vs NYJ,21,·,14.82,22.0
16,11559,Michael Penix Jr.,QB,25.4,ATL,999.0,999,999,0,0,0,1,0,0,0,0,0,0.0,0,0,0,0,0,0,0.00,0,0,0,0,0.00,0.00,0,0,0,0,0,0,0,0,0.0,0.0,0,0,0,0,0,NA,0,0,NA,NA,NA,NA,0,NA,0,0,NA,NA,NA,NA,NA,0,NA,NA,NA,NA,NA,NA,NA,0,NA,NA,@ ARI,18,IR,IR,IR
16,8151,Kenneth Walker III,RB,24.9,SEA,7.0,7,8,25.4,23.9,22.4,1,1,1,68,30,0,0.0,0,0,0,0,0,0,0.00,100,0,0,0,0.00,0.00,3,-11,0,2,0,3,75,64,21.3,21.3,11,1,2,164,1,91,100,9.09,44.1%,6,8.30,0.545,3,1.375,5,14,0.357,5.0,NA,8.8%,NA,0,NA,NA,NA,NA,NA,NA,NA,164,NA,NA,vs LAR,32,·,10.38,15.0
16,12501,Matthew Golden,WR,22.2,GB,117.0,116,112,0.4,0.4,0.4,1,1,0,72,22,0,0.0,0,0,0,0,0,0,0.00,4,0,0,0,0.00,0.00,0,0,0,0,0,1,0,0,0.0,0.0,2,0,0,4,0,NA,4,2,30.6%,NA,NA,NA,0,NA,0,3,0.000,0.0,9,4.2%,0.00,0,NA,NA,NA,NA,NA,0.000,NA,4,NA,NA,@ CHI,4,·,4.72,-4.3
16,5849,Kyler Murray,QB,28.1,ARI,999.0,999,999,0,0,0,1,0,0,0,0,0,0.0,0,0,0,0,0,0,0.00,0,0,0,0,0.00,0.00,0,0,0,0,0,0,0,0,0.0,0.0,0,0,0,0,0,NA,0,0,NA,NA,NA,NA,0,NA,0,0,NA,NA,NA,NA,NA,0,NA,NA,NA,NA,NA,NA,NA,0,NA,NA,vs ATL,14,IR,IR,IR
16,11565,J.J. McCarthy,QB,22.7,MIN,25.0,25,25,9.32,9.32,9.32,1,1,1,61,32,1,64.3,38,14,9,5,5,1,58.00,128,3,0,108,7.71,12.00,0,0,0,0,0,0,0,0,0.0,0.0,2,0,0,20,1,NA,20,10,52.5%,NA,NA,NA,1,NA,6,16,NA,NA,NA,NA,NA,5,35.7%,2.51,7.1%,47.4%,5.30,NA,19,128,-0.1%,-0.33,@ NYG,4,·,20.45,-11.1
16,7588,Javonte Williams,RB,25.4,DAL,47.0,46,47,6.3,5.3,4.3,1,1,1,58,33,0,0.0,0,0,0,0,0,0,0.00,34,0,0,0,0.00,0.00,2,-6,0,0,0,3,15,9,4.5,3.0,9,0,1,43,0,26,34,3.78,56.9%,2,2.90,0.222,1,0.512,1,12,0.083,1.0,NA,9.4%,NA,0,NA,NA,NA,NA,NA,NA,NA,43,NA,NA,vs LAC,21,Q,15.05,-8.8
16,7523,Trevor Lawrence,QB,26.0,JAX,2.0,2,2,31.16,31.16,31.16,1,1,1,70,70,0,63.9,134,36,23,9,13,0,115.40,299,5,3,279,7.75,12.13,0,0,0,0,0,0,0,0,0.0,0.0,6,0,4,20,1,NA,20,3.33,100.0%,NA,NA,NA,5,NA,17,42,NA,NA,NA,NA,NA,12,33.3%,3.12,11.1%,48.8%,8.60,NA,43,299,+4.2%,+0.18,@ DEN,28,·,20.09,11.1
16,8148,Jameson Williams,WR,24.5,DET,29.0,30,33,12,9.5,7,1,1,1,74,70,0,0.0,0,0,0,0,0,0,0.00,0,0,0,0,0.00,0.00,5,68,2,3,0,9,2,70,14.0,7.8,0,0,0,70,0,NA,0,0,94.6%,NA,NA,NA,0,NA,3,9,0.333,3.0,55,16.7%,1.27,0,NA,NA,NA,NA,NA,0.055,NA,70,NA,NA,vs PIT,11,·,14.22,-2.2
16,4943,Sam Darnold,QB,28.3,SEA,8.0,8,8,21.5,21.5,21.5,1,1,1,68,68,0,64.7,117,34,22,9,12,2,84.20,277,4,2,270,7.94,12.27,0,0,0,0,0,0,0,0,0.0,0.0,3,0,1,7,0,NA,7,2.33,100.0%,NA,NA,NA,1,NA,12,37,NA,NA,NA,NA,NA,11,32.4%,NA,NA,NA,NA,NA,NA,277,NA,NA,vs LAR,19,·,18.32,3.2
16,12533,Jacory Croskey-Merritt,RB,24.5,WAS,36.0,32,29,8.5,8.5,8.5,1,1,0,54,11,0,0.0,0,0,0,0,0,0,0.00,25,0,0,0,0.00,0.00,0,0,0,0,0,0,0,0,0.0,0.0,8,1,1,25,1,29,25,3.13,20.4%,3,3.60,0.375,2,0.735,2,8,0.250,2.0,NA,0.0%,NA,0,NA,NA,NA,NA,NA,NA,NA,25,NA,NA,vs PHI,12,·,6.73,1.8
16,12489,RJ Harvey,RB,24.6,DEN,11.0,11,11,22.1,20.1,18.1,1,1,1,66,39,0,0.0,0,0,0,0,0,0,0.00,50,0,0,0,0.00,0.00,4,10,1,3,0,5,61,71,17.8,14.2,7,1,2,121,1,43,50,7.14,59.1%,4,6.20,0.571,3,1.191,6,12,0.500,6.0,NA,10.6%,NA,0,NA,NA,NA,NA,NA,NA,NA,121,NA,NA,vs JAX,31,Q,8.86,13.2
16,7543,Travis Etienne,RB,26.7,JAX,18.0,19,20,16.6,14.6,12.6,1,1,1,70,49,0,0.0,0,0,0,0,0,0,0.00,50,0,0,0,0.00,0.00,4,-12,0,0,1,5,28,16,4.0,3.2,16,1,2,66,0,64,50,3.13,70.0%,4,4.00,0.250,2,0.650,3,21,0.143,3.0,NA,13.9%,NA,0,NA,NA,NA,NA,NA,NA,NA,66,NA,NA,@ DEN,28,·,13.87,2.7
16,3198,Derrick Henry,RB,31.7,BAL,10.0,8,6,22.8,22.8,22.8,1,1,1,55,24,1,0.0,0,0,0,0,0,0,0.00,128,0,0,0,0.00,0.00,0,0,0,0,0,0,0,0,0.0,0.0,18,0,3,128,2,86,128,7.11,43.6%,4,4.80,0.222,5,0.702,5,18,0.278,5.0,NA,0.0%,NA,0,NA,NA,NA,NA,NA,NA,NA,128,NA,NA,vs NE,29,·,16.43,6.4
16,9224,Chase Brown,RB,25.5,CIN,1.0,2,2,32.9,30.9,28.9,1,1,1,61,37,0,0.0,0,0,0,0,0,0,0.00,66,0,0,0,0.00,0.00,4,9,0,1,2,4,34,43,10.8,10.8,12,2,1,109,1,58,66,5.5,60.7%,4,4.80,0.333,2,0.813,5,16,0.313,5.0,NA,12.1%,NA,0,NA,NA,NA,NA,NA,NA,NA,109,NA,NA,@ MIA,17,·,14.09,18.8
16,8110,Jake Ferguson,TE,26.7,DAL,33.0,35,38,4.9,3.4,1.9,1,1,1,58,40,0,0.0,0,0,0,0,0,0,0.00,0,0,0,0,0.00,0.00,3,14,0,2,0,4,5,19,6.3,4.8,0,0,0,19,0,NA,0,0,69.0%,NA,NA,NA,0,NA,2,4,0.500,2.0,25,12.5%,0.76,0,NA,NA,NA,NA,NA,0.080,NA,19,NA,NA,vs LAC,24,·,9.96,-5.1
16,5045,Courtland Sutton,WR,30.0,DEN,10.0,11,9,20.6,17.6,14.6,1,1,0,66,62,0,0.0,0,0,0,0,0,0,0.00,0,0,0,0,0.00,0.00,6,78,1,4,1,12,8,86,14.3,7.2,0,0,0,86,0,NA,0,0,93.9%,NA,NA,NA,0,NA,5,12,0.417,5.0,46,25.5%,1.87,0,NA,NA,NA,NA,NA,0.087,NA,86,NA,NA,vs JAX,15,·,11.3,9.3
16,12506,Harold Fannin,TE,21.2,CLE,2.0,2,2,19.5,17.5,15.5,1,1,1,66,57,0,0.0,0,0,0,0,0,0,0.00,1,0,0,0,0.00,0.00,4,13,0,1,1,6,21,34,8.5,5.7,1,0,0,35,1,NA,1,1,86.4%,NA,NA,NA,1,NA,3,7,0.429,3.0,32,20.0%,1.06,0,NA,NA,NA,NA,NA,0.031,NA,35,NA,NA,vs BUF,32,·,11.82,7.7
16,4217,George Kittle,TE,32.0,SF,1.0,1,1,24.5,21,17.5,1,1,1,66,41,0,0.0,0,0,0,0,0,0,0.00,0,0,0,0,0.00,0.00,7,91,0,6,1,8,24,115,16.4,14.4,0,0,0,115,0,NA,0,0,62.1%,NA,NA,NA,0,NA,7,8,0.875,7.0,21,23.5%,5.48,0,NA,NA,NA,NA,NA,0.286,NA,115,NA,NA,@ IND,10,·,14.87,9.6
16,2133,Davante Adams,WR,32.8,LAR,0.0,0,0,0,0,0,0,0,0,0,0,0,0.0,0,0,0,0,0,0,0.00,0,0,0,0,0.00,0.00,0,0,0,0,0,0,0,0,0.0,0.0,0,0,0,0,0,NA,0,0,NA,NA,NA,NA,0,NA,0,0,NA,NA,NA,NA,NA,0,NA,NA,NA,NA,NA,NA,NA,0,NA,NA,@ SEA,14,Q,Q,Q
16,12517,Colston Loveland,TE,21.5,CHI,22.0,23,25,6,4.5,3,1,1,1,64,53,0,0.0,0,0,0,0,0,0,0.00,0,0,0,0,0.00,0.00,3,20,0,2,0,4,10,30,10.0,7.5,0,0,0,30,0,NA,0,0,82.8%,NA,NA,NA,0,NA,2,4,0.500,2.0,31,11.8%,0.97,0,NA,NA,NA,NA,NA,0.065,NA,30,NA,NA,vs GB,22,·,8.71,-2.7
16,12519,Luther Burden,WR,21.8,CHI,0.0,0,0,0,0,0,0,0,0,0,0,0,0.0,0,0,0,0,0,0,0.00,0,0,0,0,0.00,0.00,0,0,0,0,0,0,0,0,0.0,0.0,0,0,0,0,0,NA,0,0,NA,NA,NA,NA,0,NA,0,0,NA,NA,NA,NA,NA,0,NA,NA,NA,NA,NA,NA,NA,0,NA,NA,vs GB,13,Q,7.87,-7.9
16,9228,Bryce Young,QB,24.2,CAR,15.0,15,15,17.64,17.64,17.64,1,1,1,54,54,0,65.6,125,32,21,7,11,0,102.50,211,2,2,191,5.97,9.10,0,0,0,0,0,0,0,0,0.0,0.0,4,0,0,20,0,NA,20,5,100.0%,NA,NA,NA,0,NA,9,36,NA,NA,NA,NA,NA,9,28.1%,2.99,9.4%,38.9%,8.60,NA,36,211,+4.9%,0.00,vs TB,3,·,19.33,-1.7
16,8408,Jordan Mason,RB,26.4,MIN,62.0,62,65,2.1,1.6,1.1,1,1,0,61,4,0,0.0,0,0,0,0,0,0,0.00,5,0,0,0,0.00,0.00,1,-4,0,0,0,1,10,6,6.0,6.0,2,0,0,11,0,1,5,2.5,6.6%,1,0.60,0.500,0,0.560,0,3,0.000,0.0,NA,4.3%,NA,0,NA,NA,NA,NA,NA,NA,NA,11,NA,NA,@ NYG,3,·,9.5,-7.4
16,6819,Michael Pittman,WR,28.0,IND,56.0,61,66,7.2,5.2,3.2,1,1,1,60,56,0,0.0,0,0,0,0,0,0,0.00,0,0,0,0,0.00,0.00,4,22,0,1,0,5,10,32,8.0,6.4,0,0,0,32,0,NA,0,0,93.3%,NA,NA,NA,0,NA,1,5,0.200,1.0,36,13.9%,0.89,0,NA,NA,NA,NA,NA,0.028,NA,32,NA,NA,vs SF,29,·,11.38,-4.2
16,8228,Jaylen Warren,RB,26.9,PIT,5.0,4,3,29.1,28.1,27.1,1,1,1,74,36,0,0.0,0,0,0,0,0,0,0.00,143,0,0,0,0.00,0.00,2,-9,0,0,0,2,17,8,4.0,4.0,14,2,2,151,2,91,143,10.21,48.6%,5,6.50,0.357,4,1.007,4,16,0.250,4.0,NA,4.9%,NA,0,NA,NA,NA,NA,NA,NA,NA,151,NA,NA,@ DET,30,·,12.47,16.6
16,10236,Dalton Kincaid,TE,25.9,BUF,999.0,999,999,0,0,0,1,1,0,50,19,0,0.0,0,0,0,0,0,0,0.00,0,0,0,0,0.00,0.00,0,0,0,0,0,1,0,0,0.0,0.0,0,0,0,0,0,NA,0,0,38.0%,NA,NA,NA,0,NA,0,1,0.000,0.0,NA,NA,NA,0,NA,NA,NA,NA,NA,NA,NA,0,NA,NA,@ CLE,18,·,8.72,-8.7
16,5892,David Montgomery,RB,28.3,DET,66.0,63,60,1.4,1.4,1.4,1,1,0,74,13,0,0.0,0,0,0,0,0,0,0.00,14,0,0,0,0.00,0.00,0,0,0,0,0,0,0,0,0.0,0.0,4,0,1,14,0,18,14,3.5,17.6%,1,4.50,0.250,1,0.700,1,4,0.250,1.0,NA,0.0%,NA,0,NA,NA,NA,NA,NA,NA,NA,14,NA,NA,vs PIT,22,·,7.99,-6.6
16,11589,Trey Benson,RB,23.2,ARI,999.0,999,999,0,0,0,1,0,0,0,0,0,0.0,0,0,0,0,0,0,0.00,0,0,0,0,0.00,0.00,0,0,0,0,0,0,0,0,0.0,0.0,0,0,0,0,0,NA,0,0,NA,NA,NA,NA,0,NA,0,0,NA,NA,NA,NA,NA,0,NA,NA,NA,NA,NA,NA,NA,0,NA,NA,vs ATL,15,IR,IR,IR
16,9753,Zach Charbonnet,RB,24.7,SEA,16.0,17,17,17.4,15.4,13.4,1,1,0,68,38,0,0.0,0,0,0,0,0,0,0.00,32,0,0,0,0.00,0.00,4,5,0,1,0,4,17,22,5.5,5.5,9,0,2,54,1,33,32,3.56,55.9%,3,3.70,0.333,3,0.703,4,13,0.308,4.0,NA,11.8%,NA,0,NA,NA,NA,NA,NA,NA,NA,54,NA,NA,vs LAR,32,·,7.57,9.8
16,7553,Kyle Pitts,TE,25.0,ATL,3.0,3,3,18.7,15.2,11.7,1,1,1,77,67,0,0.0,0,0,0,0,0,0,0.00,0,0,0,0,0.00,0.00,7,40,0,4,1,9,17,57,8.1,6.3,0,0,0,57,0,NA,0,0,87.0%,NA,NA,NA,0,NA,5,9,0.556,5.0,34,25.7%,1.68,0,NA,NA,NA,NA,NA,0.118,NA,57,NA,NA,@ ARI,7,·,12.67,6.0
16,7594,Chuba Hubbard,RB,26.3,CAR,54.0,53,53,4.4,3.9,3.4,1,1,0,54,22,0,0.0,0,0,0,0,0,0,0.00,27,0,0,0,0.00,0.00,1,4,0,0,0,1,3,7,7.0,7.0,6,0,4,34,0,20,27,4.5,40.7%,3,3.40,0.500,4,0.840,4,7,0.571,4.0,NA,3.1%,NA,0,NA,NA,NA,NA,NA,NA,NA,34,NA,NA,vs TB,10,·,7.01,-2.6
16,5927,Terry McLaurin,WR,30.0,WAS,47.0,45,43,8.3,6.8,5.3,1,1,1,54,45,0,0.0,0,0,0,0,0,0,0.00,0,0,0,0,0.00,0.00,3,50,0,3,0,4,3,53,17.7,13.3,0,0,0,53,0,NA,0,0,83.3%,NA,NA,NA,0,NA,3,4,0.750,3.0,24,17.4%,2.21,0,NA,NA,NA,NA,NA,0.125,NA,53,NA,NA,vs PHI,26,·,12.61,-4.3
16,6806,J.K. Dobbins,RB,26.8,DEN,999.0,999,999,0,0,0,1,0,0,0,0,0,0.0,0,0,0,0,0,0,0.00,0,0,0,0,0.00,0.00,0,0,0,0,0,0,0,0,0.0,0.0,0,0,0,0,0,NA,0,0,NA,NA,NA,NA,0,NA,0,0,NA,NA,NA,NA,NA,0,NA,NA,NA,NA,NA,NA,NA,0,NA,NA,vs JAX,31,IR,IR,IR
16,7021,Rico Dowdle,RB,27.3,CAR,39.0,45,48,8.3,6.3,4.3,1,1,1,54,31,0,0.0,0,0,0,0,0,0,0.00,29,0,0,0,0.00,0.00,4,1,0,0,0,6,13,14,3.5,2.3,9,0,2,43,0,15,29,3.22,57.4%,0,1.70,0.000,2,0.170,2,15,0.133,2.0,NA,18.8%,NA,0,NA,NA,NA,NA,NA,NA,NA,43,NA,NA,vs TB,10,·,11.79,-3.5
16,11637,Keon Coleman,WR,22.4,BUF,0.0,0,0,0,0,0,0,0,0,0,0,0,0.0,0,0,0,0,0,0,0.00,0,0,0,0,0.00,0.00,0,0,0,0,0,0,0,0,0.0,0.0,0,0,0,0,0,NA,0,0,NA,NA,NA,NA,0,NA,0,0,NA,NA,NA,NA,NA,0,NA,NA,NA,NA,NA,NA,NA,0,NA,NA,@ CLE,24,·,4.75,-4.8
16,6790,D'Andre Swift,RB,26.7,CHI,35.0,34,36,9,8,7,1,1,1,64,35,0,0.0,0,0,0,0,0,0,0.00,58,0,0,0,0.00,0.00,2,-4,0,0,0,2,16,12,6.0,6.0,13,0,2,70,0,57,58,4.46,54.7%,3,4.40,0.231,2,0.671,2,15,0.133,2.0,NA,5.9%,NA,0,NA,NA,NA,NA,NA,NA,NA,70,NA,NA,vs GB,25,·,11.73,-2.7
16,4983,D.J. Moore,WR,28.4,CHI,8.0,7,6,21.9,19.4,16.9,1,1,1,64,61,0,0.0,0,0,0,0,0,0,0.00,12,0,0,0,0.00,0.00,5,96,0,2,1,7,1,97,19.4,13.9,1,0,1,109,0,NA,12,12,95.3%,NA,NA,NA,1,NA,4,8,0.500,4.0,35,20.6%,2.77,0,NA,NA,NA,NA,NA,0.057,NA,109,NA,NA,vs GB,13,·,9.81,12.1
16,12474,Woody Marks,RB,24.8,HOU,0.0,0,0,0,0,0,0,0,0,0,0,0,0.0,0,0,0,0,0,0,0.00,0,0,0,0,0.00,0.00,0,0,0,0,0,0,0,0,0.0,0.0,0,0,0,0,0,NA,0,0,NA,NA,NA,NA,0,NA,0,0,NA,NA,NA,NA,NA,0,NA,NA,NA,NA,NA,NA,NA,0,NA,NA,vs LV,7,Q,12.2,-12.2
16,5872,Deebo Samuel,WR,29.7,WAS,61.0,64,62,6.5,5,3.5,1,1,1,54,44,0,0.0,0,0,0,0,0,0,0.00,0,0,0,0,0.00,0.00,3,6,0,2,0,4,29,35,11.7,8.8,0,0,0,35,0,NA,0,0,81.5%,NA,NA,NA,0,NA,2,4,0.500,2.0,24,17.4%,1.46,0,NA,NA,NA,NA,NA,0.083,NA,35,NA,NA,vs PHI,26,·,11.43,-4.9
16,12499,Elic Ayomanor,WR,22.3,TEN,45.0,42,38,8.8,7.3,5.8,1,1,0,73,41,0,0.0,0,0,0,0,0,0,0.00,0,0,0,0,0.00,0.00,3,47,0,2,0,4,11,58,19.3,14.5,0,0,0,58,0,NA,0,0,56.2%,NA,NA,NA,0,NA,2,4,0.500,2.0,17,14.3%,3.41,0,NA,NA,NA,NA,NA,0.118,NA,58,NA,NA,vs KC,19,·,7.26,1.5
16,7591,Justin Fields,QB,26.6,NYJ,0.0,0,0,0,0,0,0,0,0,0,0,0,0.0,0,0,0,0,0,0,0.00,0,0,0,0,0.00,0.00,0,0,0,0,0,0,0,0,0.0,0.0,0,0,0,0,0,NA,0,0,NA,NA,NA,NA,0,NA,0,0,NA,NA,NA,NA,NA,0,NA,NA,NA,NA,NA,NA,NA,0,NA,NA,@ NO,23,OUT,OUT,OUT
16,12490,Bhayshul Tuten,RB,22.6,JAX,0.0,0,0,0,0,0,0,0,0,0,0,0,0.0,0,0,0,0,0,0,0.00,0,0,0,0,0.00,0.00,0,0,0,0,0,0,0,0,0.0,0.0,0,0,0,0,0,NA,0,0,NA,NA,NA,NA,0,NA,0,0,NA,NA,NA,NA,NA,0,NA,NA,NA,NA,NA,NA,NA,0,NA,NA,@ DEN,28,Q,Q,Q
16,9500,Josh Downs,WR,24.1,IND,30.0,31,35,11.8,9.3,6.8,1,1,1,60,47,0,0.0,0,0,0,0,0,0,0.00,3,0,0,0,0.00,0.00,5,38,1,4,0,9,27,65,13.0,7.2,1,0,0,68,0,NA,3,3,78.3%,NA,NA,NA,0,NA,4,10,0.400,4.0,33,25.0%,1.97,0,NA,NA,NA,NA,NA,0.121,NA,68,NA,NA,vs SF,29,·,9.11,2.7
16,2216,Mike Evans,WR,32.1,TB,23.0,23,27,14.1,11.6,9.1,1,1,1,64,42,0,0.0,0,0,0,0,0,0,0.00,0,0,0,0,0.00,0.00,5,26,0,1,1,9,5,31,6.2,3.4,0,0,0,31,0,NA,0,0,65.6%,NA,NA,NA,0,NA,2,9,0.222,2.0,24,34.6%,1.29,0,NA,NA,NA,NA,NA,0.042,NA,31,NA,NA,@ CAR,23,·,14.65,-0.6
16,4035,Alvin Kamara,RB,30.2,NO,0.0,0,0,0,0,0,0,0,0,0,0,0,0.0,0,0,0,0,0,0,0.00,0,0,0,0,0.00,0.00,0,0,0,0,0,0,0,0,0.0,0.0,0,0,0,0,0,NA,0,0,NA,NA,NA,NA,0,NA,0,0,NA,NA,NA,NA,NA,0,NA,NA,NA,NA,NA,NA,NA,0,NA,NA,vs NYJ,2,OUT,11.55,-11.6
16,421,Matthew Stafford,QB,37.6,LAR,3.0,3,3,30.88,30.88,30.88,1,1,1,92,92,0,59.2,249,49,29,14,20,0,110.70,463,0,3,457,9.33,15.76,0,0,0,0,0,0,0,0,0.0,0.0,2,0,0,6,0,NA,6,3,100.0%,NA,NA,NA,0,NA,17,51,NA,NA,NA,NA,NA,17,34.7%,2.90,12.2%,33.3%,8.60,NA,51,463,-9.2%,+0.43,@ SEA,13,·,18.72,12.2
16,12484,Jayden Higgins,WR,22.8,HOU,92.0,93,90,2.7,2.2,1.7,1,1,1,65,35,0,0.0,0,0,0,0,0,0,0.00,0,0,0,0,0.00,0.00,1,11,0,1,0,3,6,17,17.0,5.7,0,0,0,17,0,NA,0,0,53.8%,NA,NA,NA,0,NA,1,3,0.333,1.0,23,8.6%,0.74,0,NA,NA,NA,NA,NA,0.043,NA,17,NA,NA,vs LV,7,·,9.25,-6.6
16,8134,Khalil Shakir,WR,25.6,BUF,54.0,58,63,7.4,5.4,3.4,1,1,0,50,24,0,0.0,0,0,0,0,0,0,0.00,0,0,0,0,0.00,0.00,4,6,0,1,0,5,28,34,8.5,6.8,0,0,0,34,0,NA,0,0,48.0%,NA,NA,NA,0,NA,1,5,0.200,1.0,14,26.3%,2.43,0,NA,NA,NA,NA,NA,0.071,NA,34,NA,NA,@ CLE,24,·,11.81,-4.4
16,6803,Brandon Aiyuk,WR,27.5,SF,999.0,999,999,0,0,0,1,0,0,66,0,0,0.0,0,0,0,0,0,0,0.00,0,0,0,0,0.00,0.00,0,0,0,0,0,0,0,0,0.0,0.0,0,0,0,0,0,NA,0,0,0.0%,NA,NA,NA,0,NA,0,0,NA,NA,NA,NA,NA,0,NA,NA,NA,NA,NA,NA,NA,0,NA,NA,@ IND,5,IR,IR,IR
16,12498,Mason Taylor,TE,21.4,NYJ,0.0,0,0,0,0,0,0,0,0,0,0,0,0.0,0,0,0,0,0,0,0.00,0,0,0,0,0.00,0.00,0,0,0,0,0,0,0,0,0.0,0.0,0,0,0,0,0,NA,0,0,NA,NA,NA,NA,0,NA,0,0,NA,NA,NA,NA,NA,0,NA,NA,NA,NA,NA,NA,NA,0,NA,NA,@ NO,23,OUT,7.33,-7.3
16,10222,Jayden Reed,WR,25.4,GB,57.0,54,53,7.1,5.6,4.1,1,1,1,72,46,0,0.0,0,0,0,0,0,0,0.00,6,0,0,0,0.00,0.00,3,13,0,1,0,3,22,35,11.7,11.7,1,0,0,41,0,NA,6,6,63.9%,NA,NA,NA,0,NA,1,4,0.250,1.0,26,12.5%,1.35,0,NA,NA,NA,NA,NA,0.038,NA,41,NA,NA,@ CHI,4,·,11.44,-4.3
16,5844,T.J. Hockenson,TE,28.2,MIN,62.0,62,62,1.2,0.7,0.2,1,1,1,61,46,0,0.0,0,0,0,0,0,0,0.00,0,0,0,0,0.00,0.00,1,1,0,0,0,1,1,2,2.0,2.0,0,0,0,2,0,NA,0,0,75.4%,NA,NA,NA,0,NA,0,1,0.000,0.0,23,4.3%,0.09,0,NA,NA,NA,NA,NA,0.000,NA,2,NA,NA,@ NYG,26,·,8.45,-7.3
16,6783,Jerry Jeudy,WR,26.4,CLE,81.0,86,96,4.2,2.7,1.2,1,1,1,66,48,0,0.0,0,0,0,0,0,0,0.00,0,0,0,0,0.00,0.00,3,9,0,0,0,4,3,12,4.0,3.0,0,0,0,12,0,NA,0,0,72.7%,NA,NA,NA,0,NA,0,4,0.000,0.0,31,13.3%,0.39,0,NA,NA,NA,NA,NA,0.000,NA,12,NA,NA,vs BUF,20,·,8.52,-4.3
16,8126,Wan'Dale Robinson,WR,24.7,NYG,70.0,73,79,5.2,3.7,2.2,1,1,1,56,55,0,0.0,0,0,0,0,0,0,0.00,3,0,0,0,0.00,0.00,3,19,0,0,0,6,0,19,6.3,3.2,1,0,0,22,0,NA,3,3,98.2%,NA,NA,NA,0,NA,0,7,0.000,0.0,18,46.2%,1.06,0,NA,NA,NA,NA,NA,0.000,NA,22,NA,NA,vs MIN,31,·,12.2,-7.0
16,8121,Romeo Doubs,WR,25.5,GB,13.0,12,10,19.4,16.9,14.4,1,1,1,72,45,0,0.0,0,0,0,0,0,0,0.00,0,0,0,0,0.00,0.00,5,66,0,3,1,6,18,84,16.8,14.0,0,0,0,84,0,NA,0,0,62.5%,NA,NA,NA,0,NA,4,6,0.667,4.0,19,25.0%,4.42,0,NA,NA,NA,NA,NA,0.158,NA,84,NA,NA,@ CHI,4,·,9.29,10.1
16,5947,Jakobi Meyers,WR,28.9,JAX,46.0,48,47,8.6,6.6,4.6,1,1,1,70,60,0,0.0,0,0,0,0,0,0,0.00,1,0,0,0,0.00,0.00,4,38,0,2,0,8,7,45,11.3,5.6,1,0,0,46,0,NA,1,1,85.7%,NA,NA,NA,0,NA,2,9,0.222,2.0,42,22.2%,1.07,0,NA,NA,NA,NA,NA,0.048,NA,46,NA,NA,@ DEN,27,·,11.53,-2.9
16,12504,Kaleb Johnson,RB,22.1,PIT,0.0,0,0,0,0,0,0,0,0,0,0,0,0.0,0,0,0,0,0,0,0.00,0,0,0,0,0.00,0.00,0,0,0,0,0,0,0,0,0.0,0.0,0,0,0,0,0,NA,0,0,NA,NA,NA,NA,0,NA,0,0,NA,NA,NA,NA,NA,0,NA,NA,NA,NA,NA,NA,NA,0,NA,NA,@ DET,30,·,1,-1.0
16,12497,Tory Horton,WR,22.8,SEA,999.0,999,999,0,0,0,1,0,0,0,0,0,0.0,0,0,0,0,0,0,0.00,0,0,0,0,0.00,0.00,0,0,0,0,0,0,0,0,0.0,0.0,0,0,0,0,0,NA,0,0,NA,NA,NA,NA,0,NA,0,0,NA,NA,NA,NA,NA,0,NA,NA,NA,NA,NA,NA,NA,0,NA,NA,vs LAR,10,IR,IR,IR
16,11627,Troy Franklin,WR,22.6,DEN,32.0,36,36,10.6,8.6,6.6,1,1,0,66,42,0,0.0,0,0,0,0,0,0,0.00,0,0,0,0,0.00,0.00,4,50,0,1,0,5,16,66,16.5,13.2,0,0,0,66,0,NA,0,0,63.6%,NA,NA,NA,0,NA,1,5,0.200,1.0,36,10.6%,1.83,0,NA,NA,NA,NA,NA,0.028,NA,66,NA,NA,vs JAX,15,·,6.45,4.2
16,8676,Rashid Shaheed,WR,27.1,SEA,43.0,33,26,9.1,9.1,9.1,1,1,0,68,37,0,0.0,0,0,0,0,0,0,0.00,31,0,0,0,0.00,0.00,0,0,0,0,0,1,0,0,0.0,0.0,1,0,1,31,0,NA,31,31,54.4%,NA,NA,NA,1,NA,1,2,0.500,1.0,23,2.9%,0.00,0,NA,NA,NA,NA,NA,0.000,NA,31,NA,NA,vs LAR,10,·,9.65,-0.6
16,4037,Chris Godwin,WR,29.6,TB,51.0,56,68,8,5.5,3,1,1,0,64,41,0,0.0,0,0,0,0,0,0,0.00,0,0,0,0,0.00,0.00,5,20,0,3,0,6,10,30,6.0,5.0,0,0,0,30,0,NA,0,0,64.1%,NA,NA,NA,0,NA,3,6,0.500,3.0,26,23.1%,1.15,0,NA,NA,NA,NA,NA,0.115,NA,30,NA,NA,@ CAR,23,·,11.47,-3.5
16,12495,Ollie Gordon,RB,21.7,MIA,79.0,79,79,-0.1,-0.1,-0.1,1,1,0,59,3,0,0.0,0,0,0,0,0,0,0.00,-1,0,0,0,0.00,0.00,0,0,0,0,0,0,0,0,0.0,0.0,1,0,0,-1,0,NA,-1,-1,5.1%,NA,NA,NA,0,NA,0,1,0.000,0.0,NA,NA,NA,0,NA,NA,NA,NA,NA,NA,NA,-1,NA,NA,vs CIN,1,Q,3.72,-3.8
16,5967,Tony Pollard,RB,28.4,TEN,29.0,27,23,10.2,10.2,10.2,1,1,1,73,40,1,0.0,0,0,0,0,0,0,0.00,102,0,0,0,0.00,0.00,0,0,0,0,0,0,0,0,0.0,0.0,21,2,3,102,0,101,102,4.86,54.8%,10,4.80,0.476,3,0.956,3,21,0.143,3.0,NA,0.0%,NA,0,NA,NA,NA,NA,NA,NA,NA,102,NA,NA,vs KC,26,·,10.26,-0.1
16,12535,Isaac TeSlaa,WR,23.6,DET,19.0,19,18,15.2,13.2,11.2,1,1,0,74,41,0,0.0,0,0,0,0,0,0,0.00,0,0,0,0,0.00,0.00,4,28,0,2,1,7,24,52,13.0,7.4,0,0,0,52,0,NA,0,0,55.4%,NA,NA,NA,0,NA,3,7,0.429,3.0,33,13.0%,1.58,0,NA,NA,NA,NA,NA,0.061,NA,52,NA,NA,vs PIT,11,·,4.25,11.0
16,9504,Kayshon Boutte,WR,23.4,NE,93.0,94,92,2.6,2.1,1.6,1,1,1,74,43,0,0.0,0,0,0,0,0,0,0.00,0,0,0,0,0.00,0.00,1,16,0,1,0,3,0,16,16.0,5.3,0,0,0,16,0,NA,0,0,58.1%,NA,NA,NA,0,NA,1,3,0.333,1.0,36,6.8%,0.44,0,NA,NA,NA,NA,NA,0.028,NA,16,NA,NA,@ BAL,12,·,8.78,-6.2
16,6768,Tua Tagovailoa,QB,27.6,MIA,0.0,0,0,0,0,0,0,0,0,0,0,0,0.0,0,0,0,0,0,0,0.00,0,0,0,0,0.00,0.00,0,0,0,0,0,0,0,0,0.0,0.0,0,0,0,0,0,NA,0,0,NA,NA,NA,NA,0,NA,0,0,NA,NA,NA,NA,NA,0,NA,NA,NA,NA,NA,NA,NA,0,NA,NA,vs CIN,2,·,19.69,-19.7
16,9480,Brenton Strange,TE,24.8,JAX,10.0,10,7,14.9,12.4,9.9,1,1,1,70,52,0,0.0,0,0,0,0,0,0,0.00,0,0,0,0,0.00,0.00,5,27,1,1,1,7,12,39,7.8,5.6,0,0,0,39,0,NA,0,0,74.3%,NA,NA,NA,0,NA,2,7,0.286,2.0,32,19.4%,1.22,0,NA,NA,NA,NA,NA,0.031,NA,39,NA,NA,@ DEN,12,·,9.56,5.3
16,4033,David Njoku,TE,29.2,CLE,0.0,0,0,0,0,0,0,0,0,0,0,0,0.0,0,0,0,0,0,0,0.00,0,0,0,0,0.00,0.00,0,0,0,0,0,0,0,0,0.0,0.0,0,0,0,0,0,NA,0,0,NA,NA,NA,NA,0,NA,0,0,NA,NA,NA,NA,NA,0,NA,NA,NA,NA,NA,NA,NA,0,NA,NA,vs BUF,32,OUT,3.94,-3.9
16,8131,Isaiah Likely,TE,25.4,BAL,999.0,999,999,0,0,0,1,1,0,55,22,0,0.0,0,0,0,0,0,0,0.00,0,0,0,0,0.00,0.00,0,0,0,0,0,0,0,0,0.0,0.0,0,0,0,0,0,NA,0,0,40.0%,NA,NA,NA,0,NA,0,0,NA,0.0,NA,NA,NA,0,NA,NA,NA,NA,NA,NA,NA,0,NA,NA,vs NE,9,·,7.2,-7.2
16,10213,Tre Tucker,WR,24.6,LV,41.0,41,42,9.4,7.4,5.4,1,1,1,54,54,0,0.0,0,0,0,0,0,0,0.00,11,0,0,0,0.00,0.00,4,23,0,2,0,5,20,43,10.8,8.6,2,0,0,54,0,NA,11,5.5,100.0%,NA,NA,NA,0,NA,2,7,0.286,2.0,26,21.7%,1.65,0,NA,NA,NA,NA,NA,0.077,NA,54,NA,NA,@ HOU,30,·,9.32,0.1
16,1479,Keenan Allen,WR,33.4,LAC,39.0,44,48,9.4,6.9,4.4,1,1,0,64,30,0,0.0,0,0,0,0,0,0,0.00,0,0,0,0,0.00,0.00,5,31,0,4,0,5,13,44,8.8,8.8,0,0,0,44,0,NA,0,0,46.9%,NA,NA,NA,0,NA,4,5,0.800,4.0,17,17.2%,2.59,0,NA,NA,NA,NA,NA,0.235,NA,44,NA,NA,@ DAL,1,·,11.76,-2.4
16,7049,Jauan Jennings,WR,28.2,SF,16.0,14,14,18.1,15.6,13.1,1,1,1,66,54,0,0.0,0,0,0,0,0,0,0.00,0,0,0,0,0.00,0.00,5,50,1,4,1,6,21,71,14.2,11.8,0,0,0,71,0,NA,0,0,81.8%,NA,NA,NA,0,NA,5,6,0.833,5.0,33,17.6%,2.15,0,NA,NA,NA,NA,NA,0.121,NA,71,NA,NA,@ IND,5,·,11.66,6.4
16,5022,Dallas Goedert,TE,30.7,PHI,15.0,15,13,12.2,10.7,9.2,1,1,1,70,61,0,0.0,0,0,0,0,0,0,0.00,0,0,0,0,0.00,0.00,3,23,0,0,1,3,9,32,10.7,10.7,0,0,0,32,0,NA,0,0,87.1%,NA,NA,NA,0,NA,1,3,0.333,1.0,31,10.0%,1.03,0,NA,NA,NA,NA,NA,0.000,NA,32,NA,NA,@ WAS,4,·,11.34,0.9
16,8132,Tyler Allgeier,RB,25.4,ATL,37.0,36,34,8.3,7.8,7.3,1,1,0,77,31,0,0.0,0,0,0,0,0,0,0.00,79,0,0,0,0.00,0.00,1,-6,0,0,0,1,0,-6,-6.0,-6.0,16,1,4,73,0,59,79,4.94,40.3%,7,3.70,0.438,4,0.808,4,17,0.235,4.0,NA,2.9%,NA,0,NA,NA,NA,NA,NA,NA,NA,73,NA,NA,@ ARI,5,·,7.67,0.6
16,8136,Rachaad White,RB,26.7,TB,41.0,42,42,8,7,6,1,1,0,64,25,0,0.0,0,0,0,0,0,0,0.00,45,0,0,0,0.00,0.00,2,-2,0,1,0,2,17,15,7.5,7.5,5,1,1,60,0,19,45,9,39.1%,1,3.70,0.200,1,0.570,2,7,0.286,2.0,NA,7.7%,NA,0,NA,NA,NA,NA,NA,NA,NA,60,NA,NA,@ CAR,9,·,5.34,2.7
16,2449,Stefon Diggs,WR,31.8,NE,7.0,9,12,22.8,18.3,13.8,1,1,1,74,44,0,0.0,0,0,0,0,0,0,0.00,0,0,0,0,0.00,0.00,9,92,0,7,0,10,46,138,15.3,13.8,0,0,0,138,0,NA,0,0,59.5%,NA,NA,NA,0,NA,7,10,0.700,7.0,40,22.7%,3.45,0,NA,NA,NA,NA,NA,0.175,NA,138,NA,NA,@ BAL,12,·,12.02,10.8
16,11576,Braelon Allen,RB,21.7,NYJ,999.0,999,999,0,0,0,1,0,0,0,0,0,0.0,0,0,0,0,0,0,0.00,0,0,0,0,0.00,0.00,0,0,0,0,0,0,0,0,0.0,0.0,0,0,0,0,0,NA,0,0,NA,NA,NA,NA,0,NA,0,0,NA,NA,NA,NA,NA,0,NA,NA,NA,NA,NA,NA,NA,0,NA,NA,@ NO,14,IR,IR,IR
16,9508,Tyjae Spears,RB,24.3,TEN,12.0,12,12,21.5,19,16.5,1,1,0,73,34,0,0.0,0,0,0,0,0,0,0.00,52,0,0,0,0.00,0.00,5,-19,0,2,0,5,72,53,10.6,10.6,13,0,3,105,1,47,52,4,46.6%,7,3.60,0.538,4,0.898,6,18,0.333,6.0,NA,17.9%,NA,0,NA,NA,NA,NA,NA,NA,NA,105,NA,NA,vs KC,26,·,8.1,13.4
16,9494,Marvin Mims,WR,23.5,DEN,66.0,67,69,5.9,4.4,2.9,1,1,0,66,21,0,0.0,0,0,0,0,0,0,0.00,3,0,0,0,0.00,0.00,3,5,0,1,0,3,21,26,8.7,8.7,1,0,0,29,0,NA,3,3,31.8%,NA,NA,NA,0,NA,1,4,0.250,1.0,15,6.4%,1.73,0,NA,NA,NA,NA,NA,0.067,NA,29,NA,NA,vs JAX,15,Q,4.26,1.6
16,9757,Kendre Miller,RB,23.3,NO,999.0,999,999,0,0,0,1,0,0,0,0,0,0.0,0,0,0,0,0,0,0.00,0,0,0,0,0.00,0.00,0,0,0,0,0,0,0,0,0.0,0.0,0,0,0,0,0,NA,0,0,NA,NA,NA,NA,0,NA,0,0,NA,NA,NA,NA,NA,0,NA,NA,NA,NA,NA,NA,NA,0,NA,NA,vs NYJ,2,IR,IR,IR
16,12509,Tre Harris,WR,23.6,LAC,38.0,39,40,9.4,7.4,5.4,1,1,0,64,29,0,0.0,0,0,0,0,0,0,0.00,0,0,0,0,0.00,0.00,4,31,1,3,0,5,23,54,13.5,10.8,0,0,0,54,0,NA,0,0,45.3%,NA,NA,NA,0,NA,3,5,0.600,3.0,17,17.2%,3.18,0,NA,NA,NA,NA,NA,0.176,NA,54,NA,NA,@ DAL,1,·,3.32,6.1
16,12521,Elijah Arroyo,TE,22.5,SEA,999.0,999,999,0,0,0,1,0,0,0,0,0,0.0,0,0,0,0,0,0,0.00,0,0,0,0,0.00,0.00,0,0,0,0,0,0,0,0,0.0,0.0,0,0,0,0,0,NA,0,0,NA,NA,NA,NA,0,NA,0,0,NA,NA,NA,NA,NA,0,NA,NA,NA,NA,NA,NA,NA,0,NA,NA,vs LAR,21,IR,IR,IR
16,12469,Dylan Sampson,RB,21.0,CLE,0.0,0,0,0,0,0,0,0,0,0,0,0,0.0,0,0,0,0,0,0,0.00,0,0,0,0,0.00,0.00,0,0,0,0,0,0,0,0,0.0,0.0,0,0,0,0,0,NA,0,0,NA,NA,NA,NA,0,NA,0,0,NA,NA,NA,NA,NA,0,NA,NA,NA,NA,NA,NA,NA,0,NA,NA,vs BUF,4,OUT,7.71,-7.7
16,11562,Spencer Rattler,QB,25.0,NO,999.0,999,999,0,0,0,1,0,0,78,0,0,0.0,0,0,0,0,0,0,0.00,0,0,0,0,0.00,0.00,0,0,0,0,0,0,0,0,0.0,0.0,0,0,0,0,0,NA,0,0,0.0%,NA,NA,NA,0,NA,0,0,NA,NA,NA,NA,NA,0,NA,NA,NA,NA,NA,NA,NA,0,NA,NA,vs NYJ,10,·,·,·
16,11586,Blake Corum,RB,24.8,LAR,22.0,21,21,13.1,12.6,12.1,1,1,0,92,27,0,0.0,0,0,0,0,0,0,0.00,48,0,0,0,0.00,0.00,1,6,1,1,0,2,7,13,13.0,6.5,14,0,3,61,1,34,48,3.43,29.3%,0,2.40,0.000,4,0.240,5,16,0.313,5.0,NA,4.1%,NA,0,NA,NA,NA,NA,NA,NA,NA,61,NA,NA,@ SEA,16,·,8.33,4.8
16,11618,Jalen McMillan,WR,23.8,TB,86.0,89,91,3.6,2.6,1.6,1,1,1,64,34,0,0.0,0,0,0,0,0,0,0.00,1,0,0,0,0.00,0.00,2,7,1,1,0,3,8,15,7.5,5.0,1,0,0,16,0,NA,1,1,53.1%,NA,NA,NA,0,NA,1,4,0.250,1.0,19,11.5%,0.79,0,NA,NA,NA,NA,NA,0.053,NA,16,NA,NA,@ CAR,23,·,5.72,-2.1
16,7611,Rhamondre Stevenson,RB,27.6,NE,15.0,14,13,17.8,16.8,15.8,1,1,1,74,62,0,0.0,0,0,0,0,0,0,0.00,51,0,0,0,0.00,0.00,2,0,0,1,0,3,27,27,13.5,9.0,8,0,2,78,1,27,51,6.38,83.8%,3,3.40,0.375,3,0.715,4,11,0.364,4.0,NA,6.8%,NA,0,NA,NA,NA,NA,NA,NA,NA,78,NA,NA,@ BAL,13,·,7.39,10.4
16,12510,Jalen Milroe,QB,22.8,SEA,0.0,0,0,0,0,0,0,0,0,0,0,0,0.0,0,0,0,0,0,0,0.00,0,0,0,0,0.00,0.00,0,0,0,0,0,0,0,0,0.0,0.0,0,0,0,0,0,NA,0,0,NA,NA,NA,NA,0,NA,0,0,NA,NA,NA,NA,NA,0,NA,NA,NA,NA,NA,NA,NA,0,NA,NA,vs LAR,19,OUT,OUT,OUT
16,8205,Isiah Pacheco,RB,26.6,KC,21.0,25,33,13.5,10.5,7.5,1,1,1,45,33,0,0.0,0,0,0,0,0,0,0.00,34,0,0,0,0.00,0.00,6,3,0,1,0,7,38,41,6.8,5.9,8,0,2,75,0,27,34,4.25,73.3%,0,3.40,0.000,2,0.340,3,15,0.200,3.0,NA,29.2%,NA,0,NA,NA,NA,NA,NA,NA,NA,75,NA,NA,@ TEN,11,·,8.57,4.9
16,10444,Cedric Tillman,WR,25.4,CLE,103.0,103,104,1.8,1.3,0.8,1,1,1,66,31,0,0.0,0,0,0,0,0,0,0.00,0,0,0,0,0.00,0.00,1,4,0,0,0,1,4,8,8.0,8.0,0,0,0,8,0,NA,0,0,47.0%,NA,NA,NA,0,NA,0,1,0.000,0.0,18,3.3%,0.44,0,NA,NA,NA,NA,NA,0.000,NA,8,NA,NA,vs BUF,20,·,1.48,0.3
16,11646,Jalen Coker,WR,23.9,CAR,53.0,50,46,7.7,6.2,4.7,1,1,0,54,44,0,0.0,0,0,0,0,0,0,0.00,0,0,0,0,0.00,0.00,3,35,0,2,0,5,12,47,15.7,9.4,0,0,0,47,0,NA,0,0,81.5%,NA,NA,NA,0,NA,2,5,0.400,2.0,29,15.6%,1.62,0,NA,NA,NA,NA,NA,0.069,NA,47,NA,NA,vs TB,16,·,11.32,-3.6
16,12536,Jaylin Noel,WR,23.1,HOU,999.0,999,999,0,0,0,1,1,0,65,9,0,0.0,0,0,0,0,0,0,0.00,0,0,0,0,0.00,0.00,0,0,0,0,0,0,0,0,0.0,0.0,0,0,0,0,0,NA,0,0,13.8%,NA,NA,NA,0,NA,0,0,NA,0.0,NA,NA,NA,0,NA,NA,NA,NA,NA,NA,NA,0,NA,NA,vs LV,7,·,2.3,-2.3
16,12541,Dont'e Thornton,WR,22.8,LV,999.0,999,999,0,0,0,1,1,0,54,4,0,0.0,0,0,0,0,0,0,0.00,0,0,0,0,0.00,0.00,0,0,0,0,0,0,0,0,0.0,0.0,0,0,0,0,0,NA,0,0,7.4%,NA,NA,NA,0,NA,0,0,NA,0.0,NA,NA,NA,0,NA,NA,NA,NA,NA,NA,NA,0,NA,NA,@ HOU,30,·,2.38,-2.4
16,3214,Hunter Henry,TE,30.8,NE,7.0,9,8,15.5,12.5,9.5,1,1,1,74,60,0,0.0,0,0,0,0,0,0,0.00,0,0,0,0,0.00,0.00,6,31,0,2,1,7,4,35,5.8,5.0,0,0,0,35,0,NA,0,0,81.1%,NA,NA,NA,0,NA,3,7,0.429,3.0,38,15.9%,0.92,0,NA,NA,NA,NA,NA,0.053,NA,35,NA,NA,@ BAL,27,·,9.73,5.8
16,12534,Kyle Monangai,RB,23.3,CHI,23.0,24,26,12.3,10.8,9.3,1,1,0,64,29,0,0.0,0,0,0,0,0,0,0.00,50,0,0,0,0.00,0.00,3,7,0,1,0,4,36,43,14.3,10.8,9,1,4,93,0,66,50,5.56,45.3%,2,7.30,0.222,4,0.952,5,13,0.385,5.0,NA,11.8%,NA,0,NA,NA,NA,NA,NA,NA,NA,93,NA,NA,vs GB,25,·,7.71,4.6
16,12486,Dillon Gabriel,QB,24.8,CLE,999.0,999,999,0,0,0,1,1,0,66,1,0,0.0,0,0,0,0,0,0,0.00,0,1,0,0,0.00,0.00,0,0,0,0,0,0,0,0,0.0,0.0,0,0,0,0,0,NA,0,0,1.5%,NA,NA,NA,0,NA,0,0,NA,NA,NA,NA,NA,0,NA,0.00,0.0%,100.0%,0.00,NA,1,0,0.0%,-1.57,vs BUF,27,·,·,·
16,7090,Darnell Mooney,WR,27.9,ATL,79.0,79,77,4.4,3.4,2.4,1,1,1,77,54,0,0.0,0,0,0,0,0,0,0.00,0,0,0,0,0.00,0.00,2,14,0,1,0,2,10,24,12.0,12.0,0,0,0,24,0,NA,0,0,70.1%,NA,NA,NA,0,NA,1,2,0.500,1.0,31,5.7%,0.77,0,NA,NA,NA,NA,NA,0.032,NA,24,NA,NA,@ ARI,17,·,7.36,-3.0
16,5012,Mark Andrews,TE,30.1,BAL,36.0,34,32,4.4,3.4,2.4,1,1,0,55,24,0,0.0,0,0,0,0,0,0,0.00,3,0,0,0,0.00,0.00,2,14,0,1,0,3,7,21,10.5,7.0,1,0,1,24,0,NA,3,3,43.6%,NA,NA,NA,1,NA,2,4,0.500,2.0,12,15.0%,1.75,0,NA,NA,NA,NA,NA,0.083,NA,24,NA,NA,vs NE,9,·,9.63,-5.2
16,12483,Jack Bech,WR,22.8,LV,63.0,59,49,6.3,5.3,4.3,1,1,1,54,39,0,0.0,0,0,0,0,0,0,0.00,0,0,0,0,0.00,0.00,2,26,0,1,0,3,17,43,21.5,14.3,0,0,0,43,0,NA,0,0,72.2%,NA,NA,NA,0,NA,1,3,0.333,1.0,18,13.0%,2.39,0,NA,NA,NA,NA,NA,0.056,NA,43,NA,NA,@ HOU,30,·,1.55,4.8
16,7571,Rashod Bateman,WR,25.8,BAL,999.0,999,999,0,0,0,1,1,1,55,38,0,0.0,0,0,0,0,0,0,0.00,0,0,0,0,0.00,0.00,0,0,0,0,0,2,0,0,0.0,0.0,0,0,0,0,0,NA,0,0,69.1%,NA,NA,NA,0,NA,0,2,0.000,0.0,17,10.0%,0.00,0,NA,NA,NA,NA,NA,0.000,NA,0,NA,NA,vs NE,18,OUT,6.7,-6.7
16,11655,Tyrone Tracy,RB,25.8,NYG,32.0,31,31,9.8,8.8,7.8,1,1,1,56,35,0,0.0,0,0,0,0,0,0,0.00,71,0,0,0,0.00,0.00,2,-4,0,0,0,2,11,7,3.5,3.5,16,0,3,78,0,37,71,4.44,62.5%,3,2.30,0.188,3,0.418,3,18,0.167,3.0,NA,15.4%,NA,0,NA,NA,NA,NA,NA,NA,NA,78,NA,NA,vs MIN,18,·,12.09,-2.3
16,7002,Juwan Johnson,TE,29.0,NO,4.0,7,15,16.9,12.9,8.9,1,1,1,78,51,0,0.0,0,0,0,0,0,0,0.00,0,0,0,0,0.00,0.00,8,54,0,4,0,9,35,89,11.1,9.9,0,0,0,89,0,NA,0,0,65.4%,NA,NA,NA,0,NA,4,9,0.444,4.0,35,18.0%,2.54,0,NA,NA,NA,NA,NA,0.114,NA,89,NA,NA,vs NYJ,20,·,9.2,7.7
16,12457,Jaydon Blue,RB,21.7,DAL,0.0,0,0,0,0,0,0,0,0,0,0,0,0.0,0,0,0,0,0,0,0.00,0,0,0,0,0.00,0.00,0,0,0,0,0,0,0,0,0.0,0.0,0,0,0,0,0,NA,0,0,NA,NA,NA,NA,0,NA,0,0,NA,NA,NA,NA,NA,0,NA,NA,NA,NA,NA,NA,NA,0,NA,NA,vs LAC,21,OUT,0.22,-0.2
16,1466,Travis Kelce,TE,36.0,KC,54.0,54,54,1.6,1.1,0.6,1,1,1,45,35,0,0.0,0,0,0,0,0,0,0.00,0,0,0,0,0.00,0.00,1,6,0,0,0,4,0,6,6.0,1.5,0,0,0,6,0,NA,0,0,77.8%,NA,NA,NA,0,NA,0,4,0.000,0.0,26,16.7%,0.23,0,NA,NA,NA,NA,NA,0.000,NA,6,NA,NA,@ TEN,13,·,11.12,-9.5
16,4199,Aaron Jones,RB,30.8,MIN,28.0,26,27,11.3,10.3,9.3,1,1,1,61,39,0,0.0,0,0,0,0,0,0,0.00,85,0,0,0,0.00,0.00,2,-5,0,0,0,3,13,8,4.0,2.7,21,0,5,93,0,40,85,4.05,63.9%,4,1.90,0.190,5,0.380,5,24,0.208,5.0,NA,13.0%,NA,0,NA,NA,NA,NA,NA,NA,NA,93,NA,NA,@ NYG,3,·,11.35,0.0
16,8167,Christian Watson,WR,26.4,GB,85.0,85,89,3.7,2.7,1.7,1,1,1,72,45,0,0.0,0,0,0,0,0,0,0.00,0,0,0,0,0.00,0.00,2,14,0,2,0,6,3,17,8.5,2.8,0,0,0,17,0,NA,0,0,62.5%,NA,NA,NA,0,NA,2,6,0.333,2.0,22,25.0%,0.77,0,NA,NA,NA,NA,NA,0.091,NA,17,NA,NA,@ CHI,4,OUT,7.64,-3.9
16,4981,Calvin Ridley,WR,30.8,TEN,999.0,999,999,0,0,0,1,0,0,0,0,0,0.0,0,0,0,0,0,0,0.00,0,0,0,0,0.00,0.00,0,0,0,0,0,0,0,0,0.0,0.0,0,0,0,0,0,NA,0,0,NA,NA,NA,NA,0,NA,0,0,NA,NA,NA,NA,NA,0,NA,NA,NA,NA,NA,NA,NA,0,NA,NA,vs KC,19,IR,IR,IR
16,11597,Theo Johnson,TE,24.6,NYG,999.0,999,999,0,0,0,1,1,1,56,54,0,0.0,0,0,0,0,0,0,0.00,0,0,0,0,0.00,0.00,0,0,1,0,0,2,0,0,0.0,0.0,0,0,0,0,0,NA,0,0,96.4%,NA,NA,NA,0,NA,0,2,0.000,0.0,NA,NA,NA,0,NA,NA,NA,NA,NA,NA,NA,0,NA,NA,vs MIN,19,·,9.01,-9.0
16,12487,Terrance Ferguson,TE,22.6,LAR,14.0,14,11,12.3,10.8,9.3,1,1,1,92,70,0,0.0,0,0,0,0,0,0,0.00,0,0,0,0,0.00,0.00,3,27,0,1,1,4,6,33,11.0,8.3,0,0,0,33,0,NA,0,0,76.1%,NA,NA,NA,0,NA,2,4,0.500,2.0,36,8.2%,0.92,0,NA,NA,NA,NA,NA,0.028,NA,33,NA,NA,@ SEA,11,·,4.3,8.0
16,12493,Oronde Gadsden,TE,22.3,LAC,53.0,53,53,1.7,1.2,0.7,1,1,0,64,38,0,0.0,0,0,0,0,0,0,0.00,0,0,0,0,0.00,0.00,1,4,0,0,0,1,3,7,7.0,7.0,0,0,0,7,0,NA,0,0,59.4%,NA,NA,NA,0,NA,0,1,0.000,0.0,21,3.4%,0.33,0,NA,NA,NA,NA,NA,0.000,NA,7,NA,NA,@ DAL,17,·,10.91,-9.2
16,12503,Isaiah Bond,WR,21.5,CLE,101.0,95,83,2,2,2,1,1,0,66,32,0,0.0,0,0,0,0,0,0,0.00,-1,0,0,0,0.00,0.00,0,0,0,0,0,0,21,21,0.0,0.0,1,0,0,20,0,NA,-1,-1,48.5%,NA,NA,NA,0,NA,0,1,0.000,0.0,20,0.0%,1.05,0,NA,NA,NA,NA,NA,0.000,NA,20,NA,NA,vs BUF,20,·,7.74,-5.7
16,12471,DJ Giddens,RB,22.1,IND,0.0,0,0,0,0,0,0,0,0,0,0,0,0.0,0,0,0,0,0,0,0.00,0,0,0,0,0.00,0.00,0,0,0,0,0,0,0,0,0.0,0.0,0,0,0,0,0,NA,0,0,NA,NA,NA,NA,0,NA,0,0,NA,NA,NA,NA,NA,0,NA,NA,NA,NA,NA,NA,NA,0,NA,NA,vs SF,27,OUT,0.22,-0.2
16,12547,Kyle Williams,WR,22.9,NE,27.0,24,20,12.6,11.6,10.6,1,1,0,74,28,0,0.0,0,0,0,0,0,0,0.00,0,0,0,0,0.00,0.00,2,43,0,0,1,3,3,46,23.0,15.3,0,0,0,46,0,NA,0,0,37.8%,NA,NA,NA,0,NA,1,3,0.333,1.0,15,6.8%,3.07,0,NA,NA,NA,NA,NA,0.000,NA,46,NA,NA,@ BAL,12,·,0.86,11.7
16,11600,Ja'Tavion Sanders,TE,22.5,CAR,16.0,16,16,8.9,7.9,6.9,1,1,0,54,31,0,0.0,0,0,0,0,0,0,0.00,0,0,0,0,0.00,0.00,2,6,0,0,1,2,3,9,4.5,4.5,0,0,0,9,0,NA,0,0,57.4%,NA,NA,NA,0,NA,1,2,0.500,1.0,20,6.3%,0.45,0,NA,NA,NA,NA,NA,0.000,NA,9,NA,NA,vs TB,5,·,6.57,2.3
16,5848,Marquise Brown,WR,28.3,KC,72.0,74,80,5.2,3.7,2.2,1,1,0,45,24,0,0.0,0,0,0,0,0,0,0.00,0,0,0,0,0.00,0.00,3,1,0,1,0,3,21,22,7.3,7.3,0,0,0,22,0,NA,0,0,53.3%,NA,NA,NA,0,NA,1,3,0.333,1.0,18,12.5%,1.22,0,NA,NA,NA,NA,NA,0.056,NA,22,NA,NA,@ TEN,6,OUT,5.13,0.1
16,1373,Geno Smith,QB,35.0,LV,19.0,19,19,15.04,15.04,15.04,1,1,1,54,54,0,69.6,103,23,16,6,7,1,107.30,201,3,2,201,8.74,12.56,0,0,0,0,0,0,0,0,0.0,0.0,0,0,0,0,0,NA,0,0,100.0%,NA,NA,NA,0,NA,8,23,NA,NA,NA,NA,NA,8,34.8%,2.95,13.0%,30.8%,8.50,NA,26,201,+9.6%,-0.03,@ HOU,32,OUT,16.53,-1.5
16,8154,Brian Robinson,RB,26.5,SF,63.0,59,59,2,2,2,1,1,0,66,10,0,0.0,0,0,0,0,0,0,0.00,20,0,0,0,0.00,0.00,0,0,0,0,0,1,0,0,0.0,0.0,5,0,1,20,0,16,20,4,15.2%,0,3.20,0.000,1,0.320,1,6,0.167,1.0,NA,2.9%,NA,0,NA,NA,NA,NA,NA,NA,NA,20,NA,NA,@ IND,23,·,2.56,-0.6
16,8188,Tyquan Thornton,WR,25.1,KC,0.0,0,0,0,0,0,0,0,0,0,0,0,0.0,0,0,0,0,0,0,0.00,0,0,0,0,0.00,0.00,0,0,0,0,0,0,0,0,0.0,0.0,0,0,0,0,0,NA,0,0,NA,NA,NA,NA,0,NA,0,0,NA,NA,NA,NA,NA,0,NA,NA,NA,NA,NA,NA,NA,0,NA,NA,@ TEN,6,Q,2.41,-2.4
16,8111,Cade Otton,TE,26.4,TB,40.0,41,44,3.5,2.5,1.5,1,1,1,64,60,0,0.0,0,0,0,0,0,0,0.00,0,0,0,0,0.00,0.00,2,8,0,1,0,2,7,15,7.5,7.5,0,0,0,15,0,NA,0,0,93.8%,NA,NA,NA,0,NA,1,2,0.500,1.0,20,7.7%,0.75,0,NA,NA,NA,NA,NA,0.050,NA,15,NA,NA,@ CAR,14,OUT,5.24,-1.7
16,12455,Brashard Smith,RB,22.5,KC,65.0,70,72,1.4,0.9,0.4,1,1,0,45,8,0,0.0,0,0,0,0,0,0,0.00,0,0,0,0,0.00,0.00,1,-2,0,0,0,1,6,4,4.0,4.0,0,0,0,4,0,0,0,0,17.8%,0,0.00,NA,0,NA,0,1,0.000,0.0,NA,4.2%,NA,0,NA,NA,NA,NA,NA,NA,NA,4,NA,NA,@ TEN,11,·,2.63,-1.2
16,9502,Tank Dell,WR,25.9,HOU,999.0,999,999,0,0,0,1,0,0,0,0,0,0.0,0,0,0,0,0,0,0.00,0,0,0,0,0.00,0.00,0,0,0,0,0,0,0,0,0.0,0.0,0,0,0,0,0,NA,0,0,NA,NA,NA,NA,0,NA,0,0,NA,NA,NA,NA,NA,0,NA,NA,NA,NA,NA,NA,NA,0,NA,NA,vs LV,7,PUP,PUP,PUP
16,7527,Mac Jones,QB,27.1,SF,40.0,40,40,-0.3,-0.3,-0.3,1,1,0,66,3,0,0.0,0,0,0,0,0,0,0.00,-3,0,0,0,0.00,0.00,0,0,0,0,0,0,0,0,0.0,0.0,3,0,0,-3,0,NA,-3,-1,4.5%,NA,NA,NA,0,NA,0,3,NA,NA,NA,NA,NA,0,NA,NA,NA,NA,NA,NA,NA,-3,NA,NA,@ IND,20,·,·,·
16,8142,Alec Pierce,WR,25.4,IND,5.0,4,3,24.6,22.6,20.6,1,1,1,60,58,0,0.0,0,0,0,0,0,0,0.00,0,0,0,0,0.00,0.00,4,70,0,2,2,4,16,86,21.5,21.5,0,0,0,86,0,NA,0,0,96.7%,NA,NA,NA,0,NA,4,4,1.000,4.0,37,11.1%,2.32,0,NA,NA,NA,NA,NA,0.054,NA,86,NA,NA,vs SF,29,·,9.76,14.8
16,11625,Adonai Mitchell,WR,23.0,NYJ,55.0,53,50,7.3,5.8,4.3,1,1,0,66,57,0,0.0,0,0,0,0,0,0,0.00,0,0,0,0,0.00,0.00,3,32,0,1,0,6,11,43,14.3,7.2,0,0,0,43,0,NA,0,0,86.4%,NA,NA,NA,0,NA,1,6,0.167,1.0,38,17.1%,1.13,0,NA,NA,NA,NA,NA,0.026,NA,43,NA,NA,@ NO,22,·,9.75,-2.5
16,9486,Dontayvion Wicks,WR,24.3,GB,88.0,92,95,3.2,2.2,1.2,1,1,0,72,30,0,0.0,0,0,0,0,0,0,0.00,0,0,0,0,0.00,0.00,2,9,0,1,0,2,3,12,6.0,6.0,0,0,0,12,0,NA,0,0,41.7%,NA,NA,NA,0,NA,1,2,0.500,1.0,11,8.3%,1.09,0,NA,NA,NA,NA,NA,0.091,NA,12,NA,NA,@ CHI,4,Q,6.53,-3.3
16,12492,Pat Bryant,WR,22.8,DEN,42.0,47,52,9.2,6.7,4.2,1,1,0,66,42,0,0.0,0,0,0,0,0,0,0.00,0,0,0,0,0.00,0.00,5,25,1,2,0,8,17,42,8.4,5.3,0,0,0,42,0,NA,0,0,63.6%,NA,NA,NA,0,NA,2,8,0.250,2.0,31,17.0%,1.35,0,NA,NA,NA,NA,NA,0.065,NA,42,NA,NA,vs JAX,15,OUT,9.04,0.2
16,4066,Evan Engram,TE,31.1,DEN,26.0,22,20,5.6,4.6,3.6,1,1,1,66,29,0,0.0,0,0,0,0,0,0,0.00,0,0,0,0,0.00,0.00,2,24,1,1,0,4,12,36,18.0,9.0,0,0,0,36,0,NA,0,0,43.9%,NA,NA,NA,0,NA,1,4,0.250,1.0,23,8.5%,1.57,0,NA,NA,NA,NA,NA,0.043,NA,36,NA,NA,vs JAX,8,·,6.92,-1.3
16,11603,AJ Barner,TE,23.4,SEA,9.0,6,5,15,13,11,1,1,1,68,64,0,0.0,0,0,0,0,0,0,0.00,1,0,0,0,0.00,0.00,4,37,1,1,1,6,12,49,12.3,8.2,1,0,1,50,0,NA,1,1,94.1%,NA,NA,NA,1,NA,3,7,0.429,3.0,31,17.6%,1.58,0,NA,NA,NA,NA,NA,0.032,NA,50,NA,NA,vs LAR,21,·,9.04,6.0
16,7567,Kenneth Gainwell,RB,26.5,PIT,8.0,9,10,23.8,21.3,18.8,1,1,0,74,40,0,0.0,0,0,0,0,0,0,0.00,50,0,0,0,0.00,0.00,5,46,0,1,1,7,32,78,15.6,11.1,9,1,3,128,0,32,50,5.56,54.1%,3,3.60,0.333,3,0.693,5,16,0.313,5.0,NA,17.1%,NA,0,NA,NA,NA,NA,NA,NA,NA,128,NA,NA,@ DET,30,·,12.39,11.4
16,96,Aaron Rodgers,QB,41.8,PIT,18.0,18,18,15.54,15.54,15.54,1,1,1,74,74,0,65.9,145,41,27,13,14,0,92.10,275,2,1,266,6.49,9.85,0,0,0,0,0,0,0,0,0.0,0.0,2,0,0,9,0,NA,9,4.5,100.0%,NA,NA,NA,0,NA,14,43,NA,NA,NA,NA,NA,14,34.1%,2.46,9.8%,22.2%,7.70,NA,45,275,+3.8%,+0.04,@ DET,5,·,20.26,-4.7
16,11626,Xavier Legette,WR,24.7,CAR,97.0,98,98,2.2,1.7,1.2,1,1,1,54,35,0,0.0,0,0,0,0,0,0,0.00,0,0,0,0,0.00,0.00,1,5,0,1,0,3,7,12,12.0,4.0,0,0,0,12,0,NA,0,0,64.8%,NA,NA,NA,0,NA,1,3,0.333,1.0,27,9.4%,0.44,0,NA,NA,NA,NA,NA,0.037,NA,12,NA,NA,vs TB,16,·,6.06,-3.9
16,4039,Cooper Kupp,WR,32.3,SEA,59.0,57,60,6.9,5.4,3.9,1,1,1,68,63,1,0.0,0,0,0,0,0,0,0.00,0,0,0,0,0.00,0.00,3,26,0,1,0,4,13,39,13.0,9.8,0,0,0,39,0,NA,0,0,92.6%,NA,NA,NA,0,NA,1,4,0.250,1.0,34,11.8%,1.15,0,NA,NA,NA,NA,NA,0.029,NA,39,NA,NA,vs LAR,10,·,8.31,-1.4
16,11610,Malik Washington,WR,24.7,MIA,34.0,28,25,10.2,9.7,9.2,1,1,0,59,31,0,0.0,0,0,0,0,0,0,0.00,9,0,0,0,0.00,0.00,1,5,0,1,0,1,18,23,23.0,23.0,1,0,0,32,1,NA,9,9,52.5%,NA,NA,NA,1,NA,2,2,1.000,2.0,20,3.3%,1.15,0,NA,NA,NA,NA,NA,0.050,NA,32,NA,NA,vs CIN,28,·,9.17,1.0
16,11583,Jonathon Brooks,RB,22.2,CAR,999.0,999,999,0,0,0,1,0,0,0,0,0,0.0,0,0,0,0,0,0,0.00,0,0,0,0,0.00,0.00,0,0,0,0,0,0,0,0,0.0,0.0,0,0,0,0,0,NA,0,0,NA,NA,NA,NA,0,NA,0,0,NA,NA,NA,NA,NA,0,NA,NA,NA,NA,NA,NA,NA,0,NA,NA,vs TB,10,PUP,PUP,PUP
16,8210,Chigoziem Okonkwo,TE,26.0,TEN,5.0,4,6,16.4,13.4,10.4,1,1,1,73,33,0,0.0,0,0,0,0,0,0,0.00,0,0,0,0,0.00,0.00,6,5,1,2,1,8,39,44,7.3,5.5,0,0,0,44,0,NA,0,0,45.2%,NA,NA,NA,0,NA,3,8,0.375,3.0,18,28.6%,2.44,0,NA,NA,NA,NA,NA,0.111,NA,44,NA,NA,vs KC,28,·,5.43,11.0
16,12524,Shedeur Sanders,QB,23.6,CLE,22.0,22,22,13.18,13.18,13.18,1,1,1,66,65,0,69.0,15,29,20,7,9,2,64.90,206,2,1,157,5.41,7.85,0,0,0,0,0,0,0,0,0.0,0.0,4,0,2,49,0,NA,49,12.25,98.5%,NA,NA,NA,2,NA,10,33,NA,NA,NA,NA,NA,8,27.6%,NA,NA,NA,NA,NA,NA,206,NA,NA,vs BUF,27,·,16.85,-3.7
16,8125,Calvin Austin III,WR,26.5,PIT,105.0,105,106,1.8,1.3,0.8,1,1,0,74,12,0,0.0,0,0,0,0,0,0,0.00,0,0,0,0,0.00,0.00,1,8,0,1,0,1,0,8,8.0,8.0,0,0,0,8,0,NA,0,0,16.2%,NA,NA,NA,0,NA,1,1,1.000,1.0,10,2.4%,0.80,0,NA,NA,NA,NA,NA,0.100,NA,8,NA,NA,@ DET,2,·,6.02,-4.2
16,1339,Zach Ertz,TE,34.9,WAS,999.0,999,999,0,0,0,1,0,0,0,0,0,0.0,0,0,0,0,0,0,0.00,0,0,0,0,0.00,0.00,0,0,0,0,0,0,0,0,0.0,0.0,0,0,0,0,0,NA,0,0,NA,NA,NA,NA,0,NA,0,0,NA,NA,NA,NA,NA,0,NA,NA,NA,NA,NA,NA,NA,0,NA,NA,vs PHI,30,IR,IR,IR
16,11575,Ray Davis,RB,25.9,BUF,50.0,51,52,5.4,4.4,3.4,1,1,0,50,8,0,0.0,0,0,0,0,0,0,0.00,14,0,0,0,0.00,0.00,2,4,0,1,0,2,16,20,10.0,10.0,3,0,1,34,0,14,14,4.67,16.0%,1,4.50,0.333,1,0.783,2,5,0.400,2.0,NA,10.5%,NA,0,NA,NA,NA,NA,NA,NA,NA,34,NA,NA,@ CLE,19,·,1.85,3.6
16,9501,Demario Douglas,WR,24.8,NE,110.0,110,111,1.6,1.1,0.6,1,1,0,74,13,0,0.0,0,0,0,0,0,0,0.00,0,0,0,0,0.00,0.00,1,-4,0,0,0,2,10,6,6.0,3.0,0,0,0,6,0,NA,0,0,17.6%,NA,NA,NA,0,NA,0,2,0.000,0.0,12,4.5%,0.50,0,NA,NA,NA,NA,NA,0.000,NA,6,NA,NA,@ BAL,12,·,4.68,-3.1
16,7600,Pat Freiermuth,TE,26.9,PIT,23.0,30,36,6,4,2,1,1,1,74,32,0,0.0,0,0,0,0,0,0,0.00,0,0,0,0,0.00,0.00,4,5,0,1,0,4,15,20,5.0,5.0,0,0,0,20,0,NA,0,0,43.2%,NA,NA,NA,0,NA,1,4,0.250,1.0,22,9.8%,0.91,0,NA,NA,NA,NA,NA,0.045,NA,20,NA,NA,@ DET,15,·,6.41,-0.4
16,9482,Michael Mayer,TE,24.2,LV,52.0,52,50,2,1.5,1,1,1,1,54,36,1,0.0,0,0,0,0,0,0,0.00,0,0,0,0,0.00,0.00,1,3,0,1,0,3,7,10,10.0,3.3,0,0,0,10,0,NA,0,0,66.7%,NA,NA,NA,0,NA,1,3,0.333,1.0,15,13.0%,0.67,0,NA,NA,NA,NA,NA,0.067,NA,10,NA,NA,@ HOU,25,·,4.77,-2.8
16,6826,Cole Kmet,TE,26.6,CHI,41.0,42,45,3.4,2.4,1.4,1,1,1,64,49,0,0.0,0,0,0,0,0,0,0.00,0,0,0,0,0.00,0.00,2,4,0,1,0,3,10,14,7.0,4.7,0,0,0,14,0,NA,0,0,76.6%,NA,NA,NA,0,NA,1,3,0.333,1.0,28,8.8%,0.50,0,NA,NA,NA,NA,NA,0.036,NA,14,NA,NA,vs GB,22,Q,4.12,-0.7
16,12531,Trevor Etienne,RB,21.2,CAR,999.0,999,999,0,0,0,1,1,0,54,1,0,0.0,0,0,0,0,0,0,0.00,0,0,0,0,0.00,0.00,0,0,0,0,0,0,0,0,0.0,0.0,0,0,0,0,0,NA,0,0,1.9%,NA,NA,NA,0,NA,0,0,NA,0.0,NA,NA,NA,0,NA,NA,NA,NA,NA,NA,NA,0,NA,NA,vs TB,10,·,0.66,-0.7
16,9229,Anthony Richardson,QB,23.4,IND,999.0,999,999,0,0,0,1,0,0,0,0,0,0.0,0,0,0,0,0,0,0.00,0,0,0,0,0.00,0.00,0,0,0,0,0,0,0,0,0.0,0.0,0,0,0,0,0,NA,0,0,NA,NA,NA,NA,0,NA,0,0,NA,NA,NA,NA,NA,0,NA,NA,NA,NA,NA,NA,NA,0,NA,NA,vs SF,26,IR,IR,IR
16,11650,Luke McCaffrey,WR,24.5,WAS,999.0,999,999,0,0,0,1,0,0,0,0,0,0.0,0,0,0,0,0,0,0.00,0,0,0,0,0.00,0.00,0,0,0,0,0,0,0,0,0.0,0.0,0,0,0,0,0,NA,0,0,NA,NA,NA,NA,0,NA,0,0,NA,NA,NA,NA,NA,0,NA,NA,NA,NA,NA,NA,NA,0,NA,NA,vs PHI,26,IR,IR,IR
16,9487,Parker Washington,WR,23.5,JAX,3.0,3,4,26.5,23.5,20.5,1,1,0,70,39,0,0.0,0,0,0,0,0,0,0.00,0,0,0,0,0.00,0.00,6,54,2,4,1,10,91,145,24.2,14.5,0,0,0,145,0,NA,0,0,55.7%,NA,NA,NA,0,NA,5,10,0.500,5.0,30,27.8%,4.83,0,NA,NA,NA,NA,NA,0.133,NA,145,NA,NA,@ DEN,27,·,8.73,17.8
16,12505,Jalen Royals,WR,22.6,KC,999.0,999,999,0,0,0,1,1,0,45,3,0,0.0,0,0,0,0,0,0,0.00,0,0,0,0,0.00,0.00,0,0,0,0,0,0,0,0,0.0,0.0,0,0,0,0,0,NA,0,0,6.7%,NA,NA,NA,0,NA,0,0,NA,0.0,NA,NA,NA,0,NA,NA,NA,NA,NA,NA,NA,0,NA,NA,@ TEN,6,·,0.06,-0.1
16,4018,Joe Mixon,RB,29.2,HOU,999.0,999,999,0,0,0,1,0,0,0,0,0,0.0,0,0,0,0,0,0,0.00,0,0,0,0,0.00,0.00,0,0,0,0,0,0,0,0,0.0,0.0,0,0,0,0,0,NA,0,0,NA,NA,NA,NA,0,NA,0,0,NA,NA,NA,NA,NA,0,NA,NA,NA,NA,NA,NA,NA,0,NA,NA,vs LV,7,PUP,PUP,PUP
16,12641,Jaylin Lane,WR,23.4,WAS,999.0,999,999,0,0,0,1,1,1,54,1,0,0.0,0,0,0,0,0,0,0.00,0,0,0,0,0.00,0.00,0,0,0,0,0,0,0,0,0.0,0.0,0,0,0,0,0,NA,0,0,1.9%,NA,NA,NA,0,NA,0,0,NA,0.0,NA,NA,NA,0,NA,NA,NA,NA,NA,NA,NA,0,NA,NA,vs PHI,26,·,2.83,-2.8
16,9511,Keaton Mitchell,RB,23.7,BAL,68.0,66,62,1.3,1.3,1.3,1,1,0,55,19,0,0.0,0,0,0,0,0,0,0.00,13,0,0,0,0.00,0.00,0,0,0,0,0,0,0,0,0.0,0.0,9,1,1,13,0,21,13,1.44,34.5%,4,2.30,0.444,1,0.674,1,9,0.111,1.0,NA,0.0%,NA,0,NA,NA,NA,NA,NA,NA,NA,13,NA,NA,vs NE,29,·,4.9,-3.6
16,4950,Christian Kirk,WR,28.9,HOU,60.0,60,61,6.7,5.2,3.7,1,1,0,65,40,0,0.0,0,0,0,0,0,0,0.00,0,0,0,0,0.00,0.00,3,17,0,2,0,5,20,37,12.3,7.4,0,0,0,37,0,NA,0,0,61.5%,NA,NA,NA,0,NA,2,5,0.400,2.0,22,14.3%,1.68,0,NA,NA,NA,NA,NA,0.091,NA,37,NA,NA,vs LV,7,·,4.82,1.9
16,4137,James Conner,RB,30.4,ARI,999.0,999,999,0,0,0,1,0,0,0,0,0,0.0,0,0,0,0,0,0,0.00,0,0,0,0,0.00,0.00,0,0,0,0,0,0,0,0,0.0,0.0,0,0,0,0,0,NA,0,0,NA,NA,NA,NA,0,NA,0,0,NA,NA,NA,NA,NA,0,NA,NA,NA,NA,NA,NA,NA,0,NA,NA,vs ATL,15,IR,IR,IR
16,4988,Nick Chubb,RB,29.8,HOU,52.0,50,49,5.2,4.7,4.2,1,1,1,65,21,0,0.0,0,0,0,0,0,0,0.00,33,0,0,0,0.00,0.00,1,4,0,0,0,1,5,9,9.0,9.0,6,1,1,42,0,40,33,5.5,32.3%,4,6.70,0.667,1,1.337,1,7,0.143,1.0,NA,2.9%,NA,0,NA,NA,NA,NA,NA,NA,NA,42,NA,NA,vs LV,7,OUT,3.18,2.0
16,9506,Sean Tucker,RB,23.9,TB,46.0,44,40,6.3,6.3,6.3,1,1,0,64,5,0,0.0,0,0,0,0,0,0,0.00,3,0,0,0,0.00,0.00,0,0,0,0,0,0,0,0,0.0,0.0,4,0,0,3,1,7,3,0.75,7.8%,1,1.70,0.250,1,0.420,1,4,0.250,1.0,NA,0.0%,NA,0,NA,NA,NA,NA,NA,NA,NA,3,NA,NA,@ CAR,9,·,4.17,2.1
16,4144,Jonnu Smith,TE,30.1,PIT,46.0,39,27,2.8,2.8,2.8,1,1,1,74,28,0,0.0,0,0,0,0,0,0,0.00,28,0,0,0,0.00,0.00,0,0,0,0,0,1,0,0,0.0,0.0,2,0,1,28,0,NA,28,14,37.8%,NA,NA,NA,1,NA,1,3,0.333,1.0,16,2.4%,0.00,0,NA,NA,NA,NA,NA,0.000,NA,28,NA,NA,@ DET,15,·,4.94,-2.1
16,7607,Michael Carter,RB,26.4,ARI,45.0,43,38,6.5,6.5,6.5,1,1,1,57,30,0,0.0,0,0,0,0,0,0,0.00,65,0,0,0,0.00,0.00,0,0,0,0,0,2,0,0,0.0,0.0,11,0,2,65,0,46,65,5.91,52.6%,3,4.20,0.273,2,0.693,2,13,0.154,2.0,NA,6.5%,NA,0,NA,NA,NA,NA,NA,NA,NA,65,NA,NA,vs ATL,15,·,9.37,-2.9
16,11647,Kimani Vidal,RB,24.1,LAC,70.0,68,66,1.1,1.1,1.1,1,1,1,64,21,0,0.0,0,0,0,0,0,0,0.00,11,0,0,0,0.00,0.00,0,0,0,0,0,0,0,0,0.0,0.0,5,1,1,11,0,NA,11,2.2,32.8%,NA,NA,NA,1,NA,1,5,0.200,1.0,NA,NA,NA,0,NA,NA,NA,NA,NA,NA,NA,11,NA,NA,@ DAL,8,·,9.29,-8.2
16,5001,Dalton Schultz,TE,29.2,HOU,11.0,11,9,14.5,12,9.5,1,1,0,65,46,0,0.0,0,0,0,0,0,0,0.00,0,0,0,0,0.00,0.00,5,27,0,1,1,5,8,35,7.0,7.0,0,0,0,35,0,NA,0,0,70.8%,NA,NA,NA,0,NA,2,5,0.400,2.0,26,14.3%,1.35,0,NA,NA,NA,NA,NA,0.038,NA,35,NA,NA,vs LV,29,·,8.38,6.1
16,11571,Isaiah Davis,RB,23.6,NYJ,31.0,35,41,10,8,6,1,1,0,66,24,0,0.0,0,0,0,0,0,0,0.00,8,0,0,0,0.00,0.00,4,-11,0,2,0,4,63,52,13.0,13.0,3,0,0,60,0,6,8,2.67,36.4%,2,1.90,0.667,0,0.857,2,7,0.286,2.0,NA,11.4%,NA,0,NA,NA,NA,NA,NA,NA,NA,60,NA,NA,@ NO,14,·,5.54,4.5
16,12476,Devin Neal,RB,22.1,NO,999.0,999,999,0,0,0,1,0,0,0,0,0,0.0,0,0,0,0,0,0,0.00,0,0,0,0,0.00,0.00,0,0,0,0,0,0,0,0,0.0,0.0,0,0,0,0,0,NA,0,0,NA,NA,NA,NA,0,NA,0,0,NA,NA,NA,NA,NA,0,NA,NA,NA,NA,NA,NA,NA,0,NA,NA,vs NYJ,2,OUT,OUT,OUT
16,11643,Jaylen Wright,RB,22.5,MIA,24.0,22,22,12.3,11.8,11.3,1,1,0,59,18,0,0.0,0,0,0,0,0,0,0.00,35,0,0,0,0.00,0.00,1,-5,1,1,0,2,23,18,18.0,9.0,9,0,2,53,1,31,35,3.89,30.5%,2,3.40,0.222,3,0.562,4,11,0.364,4.0,NA,6.7%,NA,0,NA,NA,NA,NA,NA,NA,NA,53,NA,NA,vs CIN,1,·,3.45,8.9
16,11596,Ben Sinnott,TE,23.3,WAS,56.0,56,56,1.5,1,0.5,1,1,0,54,37,0,0.0,0,0,0,0,0,0,0.00,0,0,0,0,0.00,0.00,1,1,0,0,0,2,4,5,5.0,2.5,0,0,0,5,0,NA,0,0,68.5%,NA,NA,NA,0,NA,0,2,0.000,0.0,15,8.7%,0.33,0,NA,NA,NA,NA,NA,0.000,NA,5,NA,NA,vs PHI,30,·,4.79,-3.3
16,12545,Tyler Shough,QB,26.0,NO,16.0,16,16,17.12,17.12,17.12,1,1,1,78,76,0,65.3,135,49,32,15,17,0,89.50,316,3,1,308,6.29,9.63,0,0,0,0,0,0,0,0,0.0,0.0,2,0,0,8,0,NA,8,4,97.4%,NA,NA,NA,0,NA,16,51,NA,NA,NA,NA,NA,16,32.7%,2.52,8.2%,16.7%,7.50,NA,54,316,-5.2%,+0.04,vs NYJ,10,·,18.4,-1.3
16,9225,Tank Bigsby,RB,24.1,PHI,33.0,29,25,9.7,9.7,9.7,1,1,0,70,8,0,0.0,0,0,0,0,0,0,0.00,37,0,0,0,0.00,0.00,0,0,0,0,0,0,0,0,0.0,0.0,4,2,1,37,1,14,37,9.25,11.4%,0,3.60,0.000,2,0.360,2,4,0.500,2.0,NA,0.0%,NA,0,NA,NA,NA,NA,NA,NA,NA,37,NA,NA,@ WAS,6,Q,2.57,7.1
16,11577,Will Shipley,RB,23.1,PHI,81.0,81,81,-0.7,-1.2,-1.7,1,1,0,70,8,1,0.0,0,0,0,0,0,0,0.00,0,0,0,0,0.00,0.00,1,-5,0,0,0,1,8,3,3.0,3.0,0,0,0,3,0,NA,0,0,11.4%,NA,NA,NA,0,NA,0,1,0.000,0.0,NA,NA,NA,0,NA,NA,NA,NA,NA,NA,NA,3,NA,NA,@ WAS,6,·,1.7,-2.4
16,4454,Kendrick Bourne,WR,30.2,SF,68.0,71,72,5.7,4.2,2.7,1,1,1,66,46,0,0.0,0,0,0,0,0,0,0.00,0,0,0,0,0.00,0.00,3,23,1,2,0,5,4,27,9.0,5.4,0,0,0,27,0,NA,0,0,69.7%,NA,NA,NA,0,NA,2,5,0.400,2.0,29,14.7%,0.93,0,NA,NA,NA,NA,NA,0.069,NA,27,NA,NA,@ IND,5,·,1.27,4.4
16,12485,Tez Johnson,WR,23.4,TB,116.0,117,118,0.9,0.4,-0.1,1,1,0,64,16,0,0.0,0,0,0,0,0,0,0.00,0,0,0,0,0.00,0.00,1,-3,0,0,0,1,2,-1,-1.0,-1.0,0,0,0,-1,0,NA,0,0,25.0%,NA,NA,NA,0,NA,0,1,0.000,0.0,5,3.8%,-0.20,0,NA,NA,NA,NA,NA,0.000,NA,-1,NA,NA,@ CAR,23,·,0.94,0.0
16,7670,Joshua Palmer,WR,26.0,BUF,114.0,115,116,1.2,0.7,0.2,1,1,1,50,35,0,0.0,0,0,0,0,0,0,0.00,0,0,0,0,0.00,0.00,1,-4,0,0,0,1,6,2,2.0,2.0,0,0,0,2,0,NA,0,0,70.0%,NA,NA,NA,0,NA,0,1,0.000,0.0,17,5.3%,0.12,0,NA,NA,NA,NA,NA,0.000,NA,2,NA,NA,@ CLE,24,·,3.92,-2.7
16,7587,Dyami Brown,WR,25.9,JAX,999.0,999,999,0,0,0,1,1,0,70,6,0,0.0,0,0,0,0,0,0,0.00,0,0,0,0,0.00,0.00,0,0,0,0,0,0,0,0,0.0,0.0,0,0,0,0,0,NA,0,0,8.6%,NA,NA,NA,0,NA,0,0,NA,0.0,1,0.0%,0.00,0,NA,NA,NA,NA,NA,0.000,NA,0,NA,NA,@ DEN,27,·,0.51,-0.5
16,11581,MarShawn Lloyd,RB,24.7,GB,999.0,999,999,0,0,0,1,0,0,0,0,0,0.0,0,0,0,0,0,0,0.00,0,0,0,0,0.00,0.00,0,0,0,0,0,0,0,0,0.0,0.0,0,0,0,0,0,NA,0,0,NA,NA,NA,NA,0,NA,0,0,NA,NA,NA,NA,NA,0,NA,NA,NA,NA,NA,NA,NA,0,NA,NA,@ CHI,20,IR,IR,IR
16,10219,Chris Rodriguez,RB,25.0,WAS,20.0,20,18,13.9,13.4,12.9,1,1,1,54,28,0,0.0,0,0,0,0,0,0,0.00,63,0,0,0,0.00,0.00,1,0,0,0,0,1,6,6,6.0,6.0,15,5,4,69,1,68,63,4.2,51.9%,8,4.50,0.533,5,0.983,5,16,0.313,5.0,NA,4.3%,NA,0,NA,NA,NA,NA,NA,NA,NA,69,NA,NA,vs PHI,12,OUT,8.47,5.4
16,12543,Tahj Brooks,RB,23.4,CIN,74.0,72,70,0.7,0.7,0.7,1,1,0,61,6,0,0.0,0,0,0,0,0,0,0.00,7,0,0,0,0.00,0.00,0,0,0,0,0,0,0,0,0.0,0.0,4,0,0,7,0,NA,7,1.75,9.8%,NA,NA,NA,0,NA,0,4,0.000,0.0,NA,NA,NA,0,NA,NA,NA,NA,NA,NA,NA,7,NA,NA,@ MIA,17,·,0.68,0.0
16,11569,Jarquez Hunter,RB,22.8,LAR,0.0,0,0,0,0,0,0,0,0,0,0,0,0.0,0,0,0,0,0,0,0.00,0,0,0,0,0.00,0.00,0,0,0,0,0,0,0,0,0.0,0.0,0,0,0,0,0,NA,0,0,NA,NA,NA,NA,0,NA,0,0,NA,NA,NA,NA,NA,0,NA,NA,NA,NA,NA,NA,NA,0,NA,NA,@ SEA,16,OUT,0.02,0.0
16,10232,Michael Wilson,WR,25.6,ARI,25.0,22,17,13.2,12.2,11.2,1,1,1,57,49,0,0.0,0,0,0,0,0,0,0.00,0,0,0,0,0.00,0.00,2,48,0,1,1,3,4,52,26.0,17.3,0,0,0,52,0,NA,0,0,86.0%,NA,NA,NA,0,NA,2,3,0.667,2.0,26,9.7%,2.00,0,NA,NA,NA,NA,NA,0.038,NA,52,NA,NA,vs ATL,8,·,14.67,-1.5
16,5995,Justice Hill,RB,27.9,BAL,999.0,999,999,0,0,0,1,0,0,0,0,0,0.0,0,0,0,0,0,0,0.00,0,0,0,0,0.00,0.00,0,0,0,0,0,0,0,0,0.0,0.0,0,0,0,0,0,NA,0,0,NA,NA,NA,NA,0,NA,0,0,NA,NA,NA,NA,NA,0,NA,NA,NA,NA,NA,NA,NA,0,NA,NA,vs NE,29,IR,IR,IR
16,8180,Jalen Nailor,WR,26.6,MIN,999.0,999,999,0,0,0,1,1,1,61,38,0,0.0,0,0,0,0,0,0,0.00,0,0,0,0,0.00,0.00,0,0,1,0,0,2,0,0,0.0,0.0,0,0,0,0,0,NA,0,0,62.3%,NA,NA,NA,0,NA,0,2,0.000,0.0,24,8.7%,0.00,0,NA,NA,NA,NA,NA,0.000,NA,0,NA,NA,@ NYG,3,·,5.97,-6.0
16,8698,Jake Tonges,TE,26.2,SF,48.0,46,41,2.7,2.2,1.7,1,1,0,66,16,0,0.0,0,0,0,0,0,0,0.00,0,0,0,0,0.00,0.00,1,7,0,1,0,2,0,7,7.0,3.5,0,0,0,7,0,NA,0,0,24.2%,NA,NA,NA,0,NA,1,2,0.500,1.0,6,5.9%,1.17,0,NA,NA,NA,NA,NA,0.167,NA,7,NA,NA,@ IND,10,·,0.36,2.3
16,8123,Hassan Haskins,RB,25.8,LAC,67.0,64,61,1.4,1.4,1.4,1,1,0,64,6,0,0.0,0,0,0,0,0,0,0.00,14,0,0,0,0.00,0.00,0,0,0,0,0,0,0,0,0.0,0.0,4,0,1,14,0,7,14,3.5,9.4%,0,1.70,0.000,1,0.170,1,4,0.250,1.0,NA,0.0%,NA,0,NA,NA,NA,NA,NA,NA,NA,14,NA,NA,@ DAL,8,·,0.66,0.7
16,4098,Kareem Hunt,RB,30.1,KC,77.0,77,75,0.2,0.2,0.2,1,1,0,45,11,0,0.0,0,0,0,0,0,0,0.00,2,0,0,0,0.00,0.00,0,0,0,0,0,0,0,0,0.0,0.0,3,0,1,2,0,NA,2,0.67,24.4%,NA,NA,NA,1,NA,1,3,0.333,1.0,NA,NA,NA,0,NA,NA,NA,NA,NA,NA,NA,2,NA,NA,@ TEN,11,·,9.28,-9.1
16,11630,Roman Wilson,WR,24.3,PIT,0.0,0,0,0,0,0,0,0,0,0,0,0,0.0,0,0,0,0,0,0,0.00,0,0,0,0,0.00,0.00,0,0,0,0,0,0,0,0,0.0,0.0,0,0,0,0,0,NA,0,0,NA,NA,NA,NA,0,NA,0,0,NA,NA,NA,NA,NA,0,NA,NA,NA,NA,NA,NA,NA,0,NA,NA,@ DET,2,OUT,0.06,-0.1
16,12540,Chimere Dike,WR,23.8,TEN,26.0,25,23,13,11.5,10,1,1,1,73,43,0,0.0,0,0,0,0,0,0,0.00,0,0,0,0,0.00,0.00,3,38,1,2,1,5,2,40,13.3,8.0,0,0,0,40,0,NA,0,0,58.9%,NA,NA,NA,0,NA,3,5,0.600,3.0,23,17.9%,1.74,0,NA,NA,NA,NA,NA,0.087,NA,40,NA,NA,vs KC,19,·,8.68,4.3
16,8117,Jalen Tolbert,WR,26.6,DAL,0.0,0,0,0,0,0,0,0,0,0,0,0,0.0,0,0,0,0,0,0,0.00,0,0,0,0,0.00,0.00,0,0,0,0,0,0,0,0,0.0,0.0,0,0,0,0,0,NA,0,0,NA,NA,NA,NA,0,NA,0,0,NA,NA,NA,NA,NA,0,NA,NA,NA,NA,NA,NA,NA,0,NA,NA,vs LAC,32,OUT,1.32,-1.3
16,12523,Jimmy Horn,WR,23.0,CAR,94.0,90,75,2.5,2.5,2.5,1,1,0,54,12,0,0.0,0,0,0,0,0,0,0.00,25,0,0,0,0.00,0.00,0,0,0,0,0,0,0,0,0.0,0.0,1,0,1,25,0,NA,25,25,22.2%,NA,NA,NA,1,NA,1,1,1.000,1.0,7,0.0%,0.00,0,NA,NA,NA,NA,NA,0.000,NA,25,NA,NA,vs TB,16,·,2.67,-0.2
16,12670,KeAndre Lambert-Smith,WR,24.0,LAC,100.0,101,101,2,1.5,1,1,1,0,64,14,0,0.0,0,0,0,0,0,0,0.00,0,0,0,0,0.00,0.00,1,4,0,1,0,1,6,10,10.0,10.0,0,0,0,10,0,NA,0,0,21.9%,NA,NA,NA,0,NA,1,1,1.000,1.0,6,3.4%,1.67,0,NA,NA,NA,NA,NA,0.167,NA,10,NA,NA,@ DAL,1,·,0.91,1.1
16,12502,Gunnar Helm,TE,23.1,TEN,44.0,48,51,2.9,1.9,0.9,1,1,1,73,52,0,0.0,0,0,0,0,0,0,0.00,0,0,0,0,0.00,0.00,2,2,0,0,0,3,7,9,4.5,3.0,0,0,0,9,0,NA,0,0,71.2%,NA,NA,NA,0,NA,0,3,0.000,0.0,12,10.7%,0.75,0,NA,NA,NA,NA,NA,0.000,NA,9,NA,NA,vs KC,28,Q,6.79,-3.9
16,11651,Isaac Guerendo,RB,25.2,SF,0.0,0,0,0,0,0,0,0,0,0,0,0,0.0,0,0,0,0,0,0,0.00,0,0,0,0,0.00,0.00,0,0,0,0,0,0,0,0,0.0,0.0,0,0,0,0,0,NA,0,0,NA,NA,NA,NA,0,NA,0,0,NA,NA,NA,NA,NA,0,NA,NA,NA,NA,NA,NA,NA,0,NA,NA,@ IND,23,·,0.32,-0.3
16,3321,Tyreek Hill,WR,31.6,MIA,999.0,999,999,0,0,0,1,0,0,0,0,0,0.0,0,0,0,0,0,0,0.00,0,0,0,0,0.00,0.00,0,0,0,0,0,0,0,0,0.0,0.0,0,0,0,0,0,NA,0,0,NA,NA,NA,NA,0,NA,0,0,NA,NA,NA,NA,NA,0,NA,NA,NA,NA,NA,NA,NA,0,NA,NA,vs CIN,28,IR,IR,IR
16,11557,Joe Milton,QB,25.6,DAL,41.0,41,41,-0.86,-0.86,-0.86,1,1,0,58,5,1,100.0,4,2,2,1,0,0,89.60,18,0,0,11,5.50,5.50,0,0,0,0,0,0,0,0,0.0,0.0,1,0,0,7,0,NA,7,7,8.6%,NA,NA,NA,0,NA,1,3,NA,NA,NA,NA,NA,1,50.0%,2.05,0.0%,33.3%,4.00,NA,3,18,+14.1%,-1.53,vs LAC,31,·,·,·
16,7828,Noah Gray,TE,26.4,KC,999.0,999,999,0,0,0,1,1,1,45,23,0,0.0,0,0,0,0,0,0,0.00,0,0,0,0,0.00,0.00,0,0,0,0,0,0,0,0,0.0,0.0,0,0,0,0,0,NA,0,0,51.1%,NA,NA,NA,0,NA,0,0,NA,0.0,NA,NA,NA,0,NA,NA,NA,NA,NA,NA,NA,0,NA,NA,@ TEN,13,·,2.45,-2.5
16,6149,Darius Slayton,WR,28.7,NYG,104.0,104,105,1.8,1.3,0.8,1,1,0,56,44,0,0.0,0,0,0,0,0,0,0.00,0,0,0,0,0.00,0.00,1,4,1,1,0,2,4,8,8.0,4.0,0,0,0,8,0,NA,0,0,78.6%,NA,NA,NA,0,NA,1,2,0.500,1.0,17,15.4%,0.47,0,NA,NA,NA,NA,NA,0.059,NA,8,NA,NA,vs MIN,31,·,8.57,-6.8
16,10218,Xavier Hutchinson,WR,25.3,HOU,111.0,112,113,1.4,0.9,0.4,1,1,0,65,32,0,0.0,0,0,0,0,0,0,0.00,0,0,0,0,0.00,0.00,1,4,0,0,0,2,0,4,4.0,2.0,0,0,0,4,0,NA,0,0,49.2%,NA,NA,NA,0,NA,0,2,0.000,0.0,14,5.7%,0.29,0,NA,NA,NA,NA,NA,0.000,NA,4,NA,NA,vs LV,7,·,2.9,-1.5
16,9481,Luke Musgrave,TE,25.1,GB,20.0,20,19,6.8,5.3,3.8,1,1,0,72,55,0,0.0,0,0,0,0,0,0,0.00,0,0,0,0,0.00,0.00,3,29,0,2,0,3,9,38,12.7,12.7,0,0,0,38,0,NA,0,0,76.4%,NA,NA,NA,0,NA,2,3,0.667,2.0,24,12.5%,1.58,0,NA,NA,NA,NA,NA,0.083,NA,38,NA,NA,@ CHI,16,·,4.9,1.9
16,5857,Noah Fant,TE,27.8,CIN,0.0,0,0,0,0,0,0,0,0,0,0,0,0.0,0,0,0,0,0,0,0.00,0,0,0,0,0.00,0.00,0,0,0,0,0,0,0,0,0.0,0.0,0,0,0,0,0,NA,0,0,NA,NA,NA,NA,0,NA,0,0,NA,NA,NA,NA,NA,0,NA,NA,NA,NA,NA,NA,NA,0,NA,NA,@ MIA,2,Q,3.52,-3.5
16,5906,Dawson Knox,TE,28.9,BUF,51.0,51,49,2,1.5,1,1,1,1,50,34,0,0.0,0,0,0,0,0,0,0.00,0,0,0,0,0.00,0.00,1,3,1,1,0,2,7,10,10.0,5.0,0,0,0,10,0,NA,0,0,68.0%,NA,NA,NA,0,NA,1,2,0.500,1.0,12,10.5%,0.83,0,NA,NA,NA,NA,NA,0.083,NA,10,NA,NA,@ CLE,18,·,5.6,-3.6
16,12482,Savion Williams,WR,23.8,GB,115.0,111,102,0.9,0.9,0.9,1,1,0,72,3,0,0.0,0,0,0,0,0,0,0.00,9,0,0,0,0.00,0.00,0,0,0,0,0,0,0,0,0.0,0.0,2,0,0,9,0,NA,9,4.5,4.2%,NA,NA,NA,0,NA,0,2,0.000,0.0,0,0.0%,NA,0,NA,NA,NA,NA,NA,NA,NA,9,NA,NA,@ CHI,4,OUT,0.63,0.3
16,7528,Najee Harris,RB,27.6,LAC,999.0,999,999,0,0,0,1,0,0,0,0,0,0.0,0,0,0,0,0,0,0.00,0,0,0,0,0.00,0.00,0,0,0,0,0,0,0,0,0.0,0.0,0,0,0,0,0,NA,0,0,NA,NA,NA,NA,0,NA,0,0,NA,NA,NA,NA,NA,0,NA,NA,NA,NA,NA,NA,NA,0,NA,NA,@ DAL,8,IR,IR,IR
16,12544,LeQuint Allen,RB,21.2,JAX,71.0,69,67,1,1,1,1,1,0,70,21,0,0.0,0,0,0,0,0,0,0.00,10,0,0,0,0.00,0.00,0,0,0,0,0,0,0,0,0.0,0.0,4,0,0,10,0,NA,10,2.5,30.0%,NA,NA,NA,0,NA,0,4,0.000,0.0,NA,NA,NA,0,NA,NA,NA,NA,NA,NA,NA,10,NA,NA,@ DEN,28,·,5.67,-4.7
16,8143,Jerome Ford,RB,26.0,CLE,999.0,999,999,0,0,0,1,0,0,0,0,0,0.0,0,0,0,0,0,0,0.00,0,0,0,0,0.00,0.00,0,0,0,0,0,0,0,0,0.0,0.0,0,0,0,0,0,NA,0,0,NA,NA,NA,NA,0,NA,0,0,NA,NA,NA,NA,NA,0,NA,NA,NA,NA,NA,NA,NA,0,NA,NA,vs BUF,4,IR,IR,IR
16,12467,Jordan James,RB,21.5,SF,999.0,999,999,0,0,0,1,1,0,66,3,0,0.0,0,0,0,0,0,0,0.00,0,0,0,0,0.00,0.00,0,0,0,0,0,0,0,0,0.0,0.0,0,0,0,0,0,NA,0,0,4.5%,NA,NA,NA,0,NA,0,0,NA,0.0,NA,NA,NA,0,NA,NA,NA,NA,NA,NA,NA,0,NA,NA,@ IND,23,OUT,0.09,-0.1
16,11623,Jordan Whittington,WR,25.0,LAR,91.0,91,84,2.9,2.4,1.9,1,1,0,92,15,0,0.0,0,0,0,0,0,0,0.00,0,0,0,0,0.00,0.00,1,11,0,1,0,1,8,19,19.0,19.0,0,0,0,19,0,NA,0,0,16.3%,NA,NA,NA,0,NA,1,1,1.000,1.0,4,2.0%,4.75,0,NA,NA,NA,NA,NA,0.250,NA,19,NA,NA,@ SEA,14,Q,2.26,0.6
16,3161,Carson Wentz,QB,32.7,MIN,999.0,999,999,0,0,0,1,0,0,0,0,0,0.0,0,0,0,0,0,0,0.00,0,0,0,0,0.00,0.00,0,0,0,0,0,0,0,0,0.0,0.0,0,0,0,0,0,NA,0,0,NA,NA,NA,NA,0,NA,0,0,NA,NA,NA,NA,NA,0,NA,NA,NA,NA,NA,NA,NA,0,NA,NA,@ NYG,4,IR,IR,IR
16,19,Joe Flacco,QB,40.7,CIN,38.0,38,38,0.16,0.16,0.16,1,1,0,61,6,0,100.0,4,1,1,0,0,0,83.30,4,0,0,4,4.00,4.00,0,0,0,0,0,0,0,0,0.0,0.0,0,0,0,0,0,NA,0,0,9.8%,NA,NA,NA,0,NA,0,1,NA,NA,NA,NA,NA,0,0.0%,1.81,0.0%,0.0%,5.00,NA,1,4,+21.0%,-1.26,@ MIA,12,·,·,·
16,7562,Tutu Atwell,WR,26.0,LAR,999.0,999,999,0,0,0,1,1,0,92,8,0,0.0,0,0,0,0,0,0,0.00,0,0,0,0,0.00,0.00,0,0,0,0,0,0,0,0,0.0,0.0,0,0,0,0,0,NA,0,0,8.7%,NA,NA,NA,0,NA,0,0,NA,0.0,7,0.0%,0.00,0,NA,NA,NA,NA,NA,0.000,NA,0,NA,NA,@ SEA,14,·,2.2,-2.2
16,10235,Roschon Johnson,RB,24.6,CHI,999.0,999,999,0,0,0,1,0,0,0,0,0,0.0,0,0,0,0,0,0,0.00,0,0,0,0,0.00,0.00,0,0,0,0,0,0,0,0,0.0,0.0,0,0,0,0,0,NA,0,0,NA,NA,NA,NA,0,NA,0,0,NA,NA,NA,NA,NA,0,NA,NA,NA,NA,NA,NA,NA,0,NA,NA,vs GB,25,IR,IR,IR
16,10226,Andrei Iosivas,WR,26.0,CIN,89.0,87,81,3.1,2.6,2.1,1,1,0,61,31,0,0.0,0,0,0,0,0,0,0.00,0,0,0,0,0.00,0.00,1,13,0,1,0,1,8,21,21.0,21.0,0,0,0,21,0,NA,0,0,50.8%,NA,NA,NA,0,NA,1,1,1.000,1.0,16,3.0%,1.31,0,NA,NA,NA,NA,NA,0.063,NA,21,NA,NA,@ MIA,25,·,5.74,-2.6
16,12511,Will Howard,QB,24.0,PIT,0.0,0,0,0,0,0,0,0,0,0,0,0,0.0,0,0,0,0,0,0,0.00,0,0,0,0,0.00,0.00,0,0,0,0,0,0,0,0,0.0,0.0,0,0,0,0,0,NA,0,0,NA,NA,NA,NA,0,NA,0,0,NA,NA,NA,NA,NA,0,NA,NA,NA,NA,NA,NA,NA,0,NA,NA,@ DET,5,OUT,OUT,OUT
16,8917,KaVontae Turpin,WR,29.2,DAL,76.0,75,71,4.7,3.7,2.7,1,1,0,58,18,0,0.0,0,0,0,0,0,0,0.00,13,0,0,0,0.00,0.00,2,6,0,0,0,4,8,14,7.0,3.5,2,0,0,27,0,NA,13,6.5,31.0%,NA,NA,NA,0,NA,0,6,0.000,0.0,10,12.5%,1.40,0,NA,NA,NA,NA,NA,0.000,NA,27,NA,NA,vs LAC,32,·,3.98,0.7
16,11783,Ryan Flournoy,WR,25.9,DAL,37.0,35,31,9.8,8.8,7.8,1,1,1,58,23,0,0.0,0,0,0,0,0,0,0.00,0,0,0,0,0.00,0.00,2,14,0,1,1,2,4,18,9.0,9.0,0,0,0,18,0,NA,0,0,39.7%,NA,NA,NA,0,NA,2,2,1.000,2.0,13,6.3%,1.38,0,NA,NA,NA,NA,NA,0.077,NA,18,NA,NA,vs LAC,32,·,3.25,6.6
16,11435,Emanuel Wilson,RB,26.4,GB,40.0,33,30,8.2,8.2,8.2,1,1,0,72,33,0,0.0,0,0,0,0,0,0,0.00,82,0,0,0,0.00,0.00,0,0,0,0,0,0,0,0,0.0,0.0,14,0,5,82,0,56,82,5.86,45.8%,3,4.00,0.214,5,0.614,5,14,0.357,5.0,NA,0.0%,NA,0,NA,NA,NA,NA,NA,NA,NA,82,NA,NA,@ CHI,20,·,5,3.2
16,8119,Jahan Dotson,WR,25.5,PHI,80.0,81,94,4.3,2.8,1.3,1,1,1,70,46,0,0.0,0,0,0,0,0,0,0.00,0,0,0,0,0.00,0.00,3,13,0,1,0,3,0,13,4.3,4.3,0,0,0,13,0,NA,0,0,65.7%,NA,NA,NA,0,NA,1,3,0.333,1.0,30,10.0%,0.43,0,NA,NA,NA,NA,NA,0.033,NA,13,NA,NA,@ WAS,9,·,3.83,0.5
16,7694,Tommy Tremble,TE,25.3,CAR,55.0,55,55,1.6,1.1,0.6,1,1,1,54,23,0,0.0,0,0,0,0,0,0,0.00,0,0,0,0,0.00,0.00,1,0,0,0,0,1,6,6,6.0,6.0,0,0,0,6,0,NA,0,0,42.6%,NA,NA,NA,0,NA,0,1,0.000,0.0,13,3.1%,0.46,0,NA,NA,NA,NA,NA,0.000,NA,6,NA,NA,vs TB,5,·,3.2,-1.6
16,9497,Jalin Hyatt,WR,24.0,NYG,0.0,0,0,0,0,0,0,0,0,0,0,0,0.0,0,0,0,0,0,0,0.00,0,0,0,0,0.00,0.00,0,0,0,0,0,0,0,0,0.0,0.0,0,0,0,0,0,NA,0,0,NA,NA,NA,NA,0,NA,0,0,NA,NA,NA,NA,NA,0,NA,NA,NA,NA,NA,NA,NA,0,NA,NA,vs MIN,31,·,0.84,-0.8
16,12500,Quinn Ewers,QB,22.4,MIA,26.0,26,26,8.9,8.9,8.9,1,1,1,59,59,0,66.7,119,30,20,14,10,2,66.00,265,0,0,260,8.67,13.00,0,0,0,0,0,0,0,0,0.0,0.0,2,0,0,5,0,NA,5,2.5,100.0%,NA,NA,NA,0,NA,14,32,NA,NA,NA,NA,NA,14,46.7%,2.85,3.3%,19.4%,7.70,NA,31,265,+2.0%,-0.03,vs CIN,2,OUT,OUT,OUT
16,11629,Devontez Walker,WR,24.3,BAL,999.0,999,999,0,0,0,1,1,0,55,6,0,0.0,0,0,0,0,0,0,0.00,0,0,0,0,0.00,0.00,0,0,0,0,0,0,0,0,0.0,0.0,0,0,0,0,0,NA,0,0,10.9%,NA,NA,NA,0,NA,0,0,NA,0.0,NA,NA,NA,0,NA,NA,NA,NA,NA,NA,NA,0,NA,NA,vs NE,18,·,1.81,-1.8
16,9479,Darnell Washington,TE,24.1,PIT,34.0,37,42,4.6,3.1,1.6,1,1,1,74,50,1,0.0,0,0,0,0,0,0,0.00,0,0,0,0,0.00,0.00,3,15,1,2,0,4,21,36,12.0,9.0,0,0,0,36,0,NA,0,0,67.6%,NA,NA,NA,0,NA,2,4,0.500,2.0,20,9.8%,1.80,0,NA,NA,NA,NA,NA,0.100,NA,36,NA,NA,@ DET,15,·,7.5,-2.9
16,11199,Emari Demercado,RB,26.7,ARI,57.0,57,56,3,3,3,1,1,0,57,18,0,0.0,0,0,0,0,0,0,0.00,30,0,0,0,0.00,0.00,0,0,0,0,0,1,0,0,0.0,0.0,5,0,1,30,0,15,30,6,31.6%,1,3.00,0.200,1,0.500,1,6,0.167,1.0,NA,3.2%,NA,0,NA,NA,NA,NA,NA,NA,NA,30,NA,NA,vs ATL,15,·,6.6,-3.6
16,4040,JuJu Smith-Schuster,WR,28.8,KC,96.0,97,97,2.2,1.7,1.2,1,1,1,45,41,0,0.0,0,0,0,0,0,0,0.00,0,0,0,0,0.00,0.00,1,5,0,1,0,4,7,12,12.0,3.0,0,0,0,12,0,NA,0,0,91.1%,NA,NA,NA,0,NA,1,4,0.250,1.0,29,16.7%,0.41,0,NA,NA,NA,NA,NA,0.034,NA,12,NA,NA,@ TEN,6,·,4.01,-1.8
16,1426,DeAndre Hopkins,WR,33.3,BAL,49.0,51,54,8.1,6.1,4.1,1,1,0,55,20,0,0.0,0,0,0,0,0,0,0.00,0,0,0,0,0.00,0.00,4,36,0,3,0,5,5,41,10.3,8.2,0,0,0,41,0,NA,0,0,36.4%,NA,NA,NA,0,NA,3,5,0.600,3.0,10,25.0%,4.10,0,NA,NA,NA,NA,NA,0.300,NA,41,NA,NA,vs NE,18,·,4.09,4.0
16,6111,Jake Browning,QB,29.5,CIN,0.0,0,0,0,0,0,0,0,0,0,0,0,0.0,0,0,0,0,0,0,0.00,0,0,0,0,0.00,0.00,0,0,0,0,0,0,0,0,0.0,0.0,0,0,0,0,0,NA,0,0,NA,NA,NA,NA,0,NA,0,0,NA,NA,NA,NA,NA,0,NA,NA,NA,NA,NA,NA,NA,0,NA,NA,@ MIA,12,OUT,OUT,OUT
16,12542,Efton Chism,WR,23.9,NE,0.0,0,0,0,0,0,0,0,0,0,0,0,0.0,0,0,0,0,0,0,0.00,0,0,0,0,0.00,0.00,0,0,0,0,0,0,0,0,0.0,0.0,0,0,0,0,0,NA,0,0,NA,NA,NA,NA,0,NA,0,0,NA,NA,NA,NA,NA,0,NA,NA,NA,NA,NA,NA,NA,0,NA,NA,@ BAL,12,OUT,0.22,-0.2
16,6271,Olamide Zaccheaus,WR,28.2,CHI,69.0,68,64,5.3,4.3,3.3,1,1,0,64,55,0,0.0,0,0,0,0,0,0,0.00,0,0,0,0,0.00,0.00,2,17,1,1,0,5,16,33,16.5,6.6,0,0,0,33,0,NA,0,0,85.9%,NA,NA,NA,0,NA,1,5,0.200,1.0,33,14.7%,1.00,0,NA,NA,NA,NA,NA,0.030,NA,33,NA,NA,vs GB,13,·,2.71,2.6
16,4219,Jeremy McNichols,RB,29.8,WAS,51.0,52,54,5.2,4.2,3.2,1,1,0,54,15,0,0.0,0,0,0,0,0,0,0.00,3,0,0,0,0.00,0.00,2,-7,0,1,0,3,16,9,4.5,3.0,1,0,0,12,0,3,3,3,27.8%,1,2.80,1.000,0,1.280,1,4,0.250,1.0,NA,13.0%,NA,0,NA,NA,NA,NA,NA,NA,NA,12,NA,NA,vs PHI,12,·,4.56,0.6
16,2307,Marcus Mariota,QB,31.9,WAS,32.0,32,32,3.7,3.7,3.7,1,1,1,54,32,0,50.0,59,14,7,5,7,0,72.00,94,1,0,95,6.79,13.57,0,0,0,0,0,0,0,0,0.0,0.0,1,0,0,-1,0,NA,-1,-1,59.3%,NA,NA,NA,0,NA,5,15,NA,NA,NA,NA,NA,5,35.7%,3.57,21.4%,26.7%,11.10,NA,15,94,+2.8%,-0.26,vs PHI,25,·,20.73,-17.0
16,12496,Tai Felton,WR,22.5,MIN,109.0,109,110,1.6,1.1,0.6,1,1,0,61,7,0,0.0,0,0,0,0,0,0,0.00,0,0,0,0,0.00,0.00,1,6,0,1,0,1,0,6,6.0,6.0,0,0,0,6,0,NA,0,0,11.5%,NA,NA,NA,0,NA,1,1,1.000,1.0,4,4.3%,1.50,0,NA,NA,NA,NA,NA,0.250,NA,6,NA,NA,@ NYG,3,·,1.27,0.3
16,7596,Elijah Moore,WR,25.5,BUF,999.0,999,999,0,0,0,1,0,0,0,0,0,0.0,0,0,0,0,0,0,0.00,0,0,0,0,0.00,0.00,0,0,0,0,0,0,0,0,0.0,0.0,0,0,0,0,0,NA,0,0,NA,NA,NA,NA,0,NA,0,0,NA,NA,NA,NA,NA,0,NA,NA,NA,NA,NA,NA,NA,0,NA,NA,@ CLE,24,·,·,·
16,11619,Ja'Lynn Polk,WR,23.5,NO,999.0,999,999,0,0,0,1,0,0,0,0,0,0.0,0,0,0,0,0,0,0.00,0,0,0,0,0.00,0.00,0,0,0,0,0,0,0,0,0.0,0.0,0,0,0,0,0,NA,0,0,NA,NA,NA,NA,0,NA,0,0,NA,NA,NA,NA,NA,0,NA,NA,NA,NA,NA,NA,NA,0,NA,NA,vs NYJ,21,IR,IR,IR
16,9492,Trey Palmer,WR,24.5,NO,999.0,999,999,0,0,0,1,0,0,0,0,0,0.0,0,0,0,0,0,0,0.00,0,0,0,0,0.00,0.00,0,0,0,0,0,0,0,0,0.0,0.0,0,0,0,0,0,NA,0,0,NA,NA,NA,NA,0,NA,0,0,NA,NA,NA,NA,NA,0,NA,NA,NA,NA,NA,NA,NA,0,NA,NA,vs NYJ,21,IR,IR,IR
16,8161,Malik Willis,QB,26.3,GB,21.0,21,21,13.24,13.24,13.24,1,1,0,72,46,1,81.8,81,11,9,5,2,0,142.80,165,2,1,121,11.00,13.44,0,0,0,0,0,0,0,0,0.0,0.0,10,0,3,44,0,NA,44,4.4,63.9%,NA,NA,NA,3,NA,9,21,NA,NA,NA,NA,NA,6,54.5%,2.37,9.1%,41.2%,9.00,NA,17,165,+13.8%,+0.61,@ CHI,9,·,·,·
16,11640,Jermaine Burton,WR,24.2,CIN,0.0,0,0,0,0,0,0,0,0,0,0,0,0.0,0,0,0,0,0,0,0.00,0,0,0,0,0.00,0.00,0,0,0,0,0,0,0,0,0.0,0.0,0,0,0,0,0,NA,0,0,NA,NA,NA,NA,0,NA,0,0,NA,NA,NA,NA,NA,0,NA,NA,NA,NA,NA,NA,NA,0,NA,NA,@ MIA,25,·,·,·
16,3200,Sterling Shepard,WR,32.6,TB,0.0,0,0,0,0,0,0,0,0,0,0,0,0.0,0,0,0,0,0,0,0.00,0,0,0,0,0.00,0.00,0,0,0,0,0,0,0,0,0.0,0.0,0,0,0,0,0,NA,0,0,NA,NA,NA,NA,0,NA,0,0,NA,NA,NA,NA,NA,0,NA,NA,NA,NA,NA,NA,NA,0,NA,NA,@ CAR,23,·,0.06,-0.1
16,6039,Ty Johnson,RB,28.0,BUF,42.0,37,32,7.6,7.6,7.6,1,1,0,50,16,0,0.0,0,0,0,0,0,0,0.00,16,0,0,0,0.00,0.00,0,0,0,0,0,0,0,0,0.0,0.0,3,0,1,16,1,9,16,5.33,32.0%,0,3.10,0.000,2,0.310,2,3,0.667,2.0,NA,0.0%,NA,0,NA,NA,NA,NA,NA,NA,NA,16,NA,NA,@ CLE,19,·,6.37,1.2
16,11821,Tahj Washington,WR,24.4,MIA,0.0,0,0,0,0,0,0,0,0,0,0,0,0.0,0,0,0,0,0,0,0.00,0,0,0,0,0.00,0.00,0,0,0,0,0,0,0,0,0.0,0.0,0,0,0,0,0,NA,0,0,NA,NA,NA,NA,0,NA,0,0,NA,NA,NA,NA,NA,0,NA,NA,NA,NA,NA,NA,NA,0,NA,NA,vs CIN,28,OUT,0.29,-0.3
16,12462,Damien Martinez,RB,21.6,FA,0.0,0,0,0,0,0,0,0,0,0,0,0,0.0,0,0,0,0,0,0,0.00,0,0,0,0,0.00,0.00,0,0,0,0,0,0,0,0,0.0,0.0,0,0,0,0,0,NA,0,0,NA,NA,NA,NA,0,NA,0,0,NA,NA,NA,NA,NA,0,NA,NA,NA,NA,NA,NA,NA,0,NA,NA,NA,,·,·,·
16,2306,Jameis Winston,QB,31.7,NYG,999.0,999,999,0,0,0,1,0,0,56,0,0,0.0,0,0,0,0,0,0,0.00,0,0,0,0,0.00,0.00,0,0,0,0,0,0,0,0,0.0,0.0,0,0,0,0,0,NA,0,0,0.0%,NA,NA,NA,0,NA,0,0,NA,NA,NA,NA,NA,0,NA,NA,NA,NA,NA,NA,NA,0,NA,NA,vs MIN,30,·,·,·
16,12520,Xavier Restrepo,WR,23.5,TEN,999.0,999,999,0,0,0,1,0,0,0,0,0,0.0,0,0,0,0,0,0,0.00,0,0,0,0,0.00,0.00,0,0,0,0,0,0,0,0,0.0,0.0,0,0,0,0,0,NA,0,0,NA,NA,NA,NA,0,NA,0,0,NA,NA,NA,NA,NA,0,NA,NA,NA,NA,NA,NA,NA,0,NA,NA,vs KC,19,Q,Q,Q
16,11599,Cade Stover,TE,25.3,HOU,47.0,49,52,2.7,1.7,0.7,1,1,1,65,33,0,0.0,0,0,0,0,0,0,0.00,0,0,0,0,0.00,0.00,2,3,0,1,0,3,4,7,3.5,2.3,0,0,0,7,0,NA,0,0,50.8%,NA,NA,NA,0,NA,1,3,0.333,1.0,10,8.6%,0.70,0,NA,NA,NA,NA,NA,0.100,NA,7,NA,NA,vs LV,29,·,1.89,0.8
16,2505,Darren Waller,TE,33.0,MIA,19.0,19,18,7,5.5,4,1,1,1,59,29,0,0.0,0,0,0,0,0,0,0.00,0,0,0,0,0.00,0.00,3,36,0,3,0,5,4,40,13.3,8.0,0,0,0,40,0,NA,0,0,49.2%,NA,NA,NA,0,NA,3,5,0.600,3.0,18,16.7%,2.22,0,NA,NA,NA,NA,NA,0.167,NA,40,NA,NA,vs CIN,1,·,10.06,-3.1
16,11616,Jacob Cowing,WR,24.6,SF,999.0,999,999,0,0,0,1,0,0,0,0,0,0.0,0,0,0,0,0,0,0.00,0,0,0,0,0.00,0.00,0,0,0,0,0,0,0,0,0.0,0.0,0,0,0,0,0,NA,0,0,NA,NA,NA,NA,0,NA,0,0,NA,NA,NA,NA,NA,0,NA,NA,NA,NA,NA,NA,NA,0,NA,NA,@ IND,5,IR,IR,IR
16,4993,Mike Gesicki,TE,30.0,CIN,13.0,13,10,12.5,11,9.5,1,1,0,61,29,0,0.0,0,0,0,0,0,0,0.00,0,0,0,0,0.00,0.00,3,27,0,1,1,4,8,35,11.7,8.8,0,0,0,35,0,NA,0,0,47.5%,NA,NA,NA,0,NA,2,4,0.500,2.0,25,12.1%,1.40,0,NA,NA,NA,NA,NA,0.040,NA,35,NA,NA,@ MIA,2,·,6.3,6.2
16,12516,Kalel Mullings,RB,23.0,TEN,999.0,999,999,0,0,0,1,1,0,73,5,0,0.0,0,0,0,0,0,0,0.00,0,0,0,0,0.00,0.00,0,0,0,0,0,0,0,0,0.0,0.0,1,0,0,0,0,NA,0,0,6.8%,NA,NA,NA,0,NA,0,1,0.000,0.0,NA,NA,NA,0,NA,NA,NA,NA,NA,NA,NA,0,NA,NA,vs KC,26,·,·,·
16,8207,Tyler Goodson,RB,24.9,IND,73.0,71,69,0.9,0.9,0.9,1,1,0,60,5,0,0.0,0,0,0,0,0,0,0.00,9,0,0,0,0.00,0.00,0,0,0,0,0,0,0,0,0.0,0.0,3,0,0,9,0,NA,9,3,8.3%,NA,NA,NA,0,NA,0,3,0.000,0.0,NA,NA,NA,0,NA,NA,NA,NA,NA,NA,NA,9,NA,NA,vs SF,27,·,0.42,0.5
16,8147,John Metchie,WR,25.2,NYJ,112.0,113,114,1.4,0.9,0.4,1,1,1,66,57,0,0.0,0,0,0,0,0,0,0.00,0,0,0,0,0.00,0.00,1,4,1,0,0,5,0,4,4.0,0.8,0,0,0,4,0,NA,0,0,86.4%,NA,NA,NA,0,NA,0,5,0.000,0.0,36,14.3%,0.11,0,NA,NA,NA,NA,NA,0.000,NA,4,NA,NA,@ NO,22,·,9.29,-7.9
16,12472,Raheim Sanders,RB,23.3,CLE,48.0,48,45,5.6,5.1,4.6,1,1,0,66,20,0,0.0,0,0,0,0,0,0,0.00,42,0,0,0,0.00,0.00,1,3,0,0,0,1,1,4,4.0,4.0,11,0,4,46,0,45,42,3.82,30.3%,3,4.10,0.273,4,0.683,4,12,0.333,4.0,NA,3.3%,NA,0,NA,NA,NA,NA,NA,NA,NA,46,NA,NA,vs BUF,4,·,0.03,5.6
16,3271,Tyler Higbee,TE,32.7,LAR,999.0,999,999,0,0,0,1,0,0,0,0,0,0.0,0,0,0,0,0,0,0.00,0,0,0,0,0.00,0.00,0,0,0,0,0,0,0,0,0.0,0.0,0,0,0,0,0,NA,0,0,NA,NA,NA,NA,0,NA,0,0,NA,NA,NA,NA,NA,0,NA,NA,NA,NA,NA,NA,NA,0,NA,NA,@ SEA,11,IR,IR,IR
16,5970,Greg Dortch,WR,27.3,ARI,999.0,999,999,0,0,0,1,0,0,0,0,0,0.0,0,0,0,0,0,0,0.00,0,0,0,0,0.00,0.00,0,0,0,0,0,0,0,0,0.0,0.0,0,0,0,0,0,NA,0,0,NA,NA,NA,NA,0,NA,0,0,NA,NA,NA,NA,NA,0,NA,NA,NA,NA,NA,NA,NA,0,NA,NA,vs ATL,8,IR,IR,IR
16,5955,Hunter Renfrow,WR,29.8,CAR,0.0,0,0,0,0,0,0,0,0,0,0,0,0.0,0,0,0,0,0,0,0.00,0,0,0,0,0.00,0.00,0,0,0,0,0,0,0,0,0.0,0.0,0,0,0,0,0,NA,0,0,NA,NA,NA,NA,0,NA,0,0,NA,NA,NA,NA,NA,0,NA,NA,NA,NA,NA,NA,NA,0,NA,NA,vs TB,16,OUT,0.17,-0.2
16,8129,Dameon Pierce,RB,25.6,HOU,0.0,0,0,0,0,0,0,0,0,0,0,0,0.0,0,0,0,0,0,0,0.00,0,0,0,0,0.00,0.00,0,0,0,0,0,0,0,0,0.0,0.0,0,0,0,0,0,NA,0,0,NA,NA,NA,NA,0,NA,0,0,NA,NA,NA,NA,NA,0,NA,NA,NA,NA,NA,NA,NA,0,NA,NA,vs LV,7,·,·,·
16,11439,Jaleel McLaughlin,RB,25.0,DEN,55.0,55,50,3.7,3.7,3.7,1,1,0,66,10,0,0.0,0,0,0,0,0,0,0.00,37,0,0,0,0.00,0.00,0,0,0,0,0,0,0,0,0.0,0.0,5,0,1,37,0,24,37,7.4,15.2%,1,4.80,0.200,1,0.680,1,5,0.200,1.0,NA,0.0%,NA,0,NA,NA,NA,NA,NA,NA,NA,37,NA,NA,vs JAX,31,·,7.64,-3.9
16,12634,Jordan Watkins,WR,23.6,SF,999.0,999,999,0,0,0,1,1,0,66,8,0,0.0,0,0,0,0,0,0,0.00,0,0,0,0,0.00,0.00,0,0,0,0,0,0,0,0,0.0,0.0,0,0,0,0,0,NA,0,0,12.1%,NA,NA,NA,0,NA,0,0,NA,0.0,NA,NA,NA,0,NA,NA,NA,NA,NA,NA,NA,0,NA,NA,@ IND,5,OUT,0.24,-0.2
16,10871,Luke Schoonmaker,TE,27.0,DAL,999.0,999,999,0,0,0,1,1,0,58,15,0,0.0,0,0,0,0,0,0,0.00,0,0,0,0,0.00,0.00,0,0,0,0,0,0,0,0,0.0,0.0,0,0,0,0,0,NA,0,0,25.9%,NA,NA,NA,0,NA,0,0,NA,0.0,NA,NA,NA,0,NA,NA,NA,NA,NA,NA,NA,0,NA,NA,vs LAC,24,·,1.18,-1.2
16,11834,Devaughn Vele,WR,27.8,NO,999.0,999,999,0,0,0,1,0,0,0,0,0,0.0,0,0,0,0,0,0,0.00,0,0,0,0,0.00,0.00,0,0,0,0,0,0,0,0,0.0,0.0,0,0,0,0,0,NA,0,0,NA,NA,NA,NA,0,NA,0,0,NA,NA,NA,NA,NA,0,NA,NA,NA,NA,NA,NA,NA,0,NA,NA,vs NYJ,21,Q,Q,Q
16,6151,Miles Sanders,RB,28.4,DAL,999.0,999,999,0,0,0,1,0,0,0,0,0,0.0,0,0,0,0,0,0,0.00,0,0,0,0,0.00,0.00,0,0,0,0,0,0,0,0,0.0,0.0,0,0,0,0,0,NA,0,0,NA,NA,NA,NA,0,NA,0,0,NA,NA,NA,NA,NA,0,NA,NA,NA,NA,NA,NA,NA,0,NA,NA,vs LAC,21,IR,IR,IR
16,10231,Elijah Higgins,TE,24.9,ARI,6.0,8,14,16.1,12.6,9.1,1,1,1,57,36,0,0.0,0,0,0,0,0,0,0.00,0,0,0,0,0.00,0.00,7,27,0,4,0,8,64,91,13.0,11.4,0,0,0,91,0,NA,0,0,63.2%,NA,NA,NA,0,NA,4,8,0.500,4.0,26,25.8%,3.50,0,NA,NA,NA,NA,NA,0.154,NA,91,NA,NA,vs ATL,31,·,2.52,13.6
16,12738,Phil Mafah,RB,22.9,DAL,999.0,999,999,0,0,0,1,0,0,0,0,0,0.0,0,0,0,0,0,0,0.00,0,0,0,0,0.00,0.00,0,0,0,0,0,0,0,0,0.0,0.0,0,0,0,0,0,NA,0,0,NA,NA,NA,NA,0,NA,0,0,NA,NA,NA,NA,NA,0,NA,NA,NA,NA,NA,NA,NA,0,NA,NA,vs LAC,21,IR,IR,IR
16,11579,Audric Estime,RB,22.1,PHI,44.0,47,51,6.6,5.1,3.6,1,1,1,78,45,0,0.0,0,0,0,0,0,0,0.00,19,0,0,0,0.00,0.00,3,-5,0,1,0,4,22,17,5.7,4.3,5,0,2,36,0,10,19,3.8,57.7%,3,1.90,0.600,2,0.790,3,9,0.333,3.0,NA,8.0%,NA,0,NA,NA,NA,NA,NA,NA,NA,36,NA,NA,@ WAS,6,·,5.79,0.8
16,6865,Colby Parkinson,TE,26.7,LAR,37.0,36,34,4.1,3.1,2.1,1,1,1,92,79,0,0.0,0,0,0,0,0,0,0.00,0,0,0,0,0.00,0.00,2,1,1,0,0,4,20,21,10.5,5.3,0,0,0,21,0,NA,0,0,85.9%,NA,NA,NA,0,NA,0,4,0.000,0.0,35,8.2%,0.60,0,NA,NA,NA,NA,NA,0.000,NA,21,NA,NA,@ SEA,11,·,9.1,-5.0
16,12515,Donovan Edwards,RB,22.6,WAS,999.0,999,999,0,0,0,1,0,0,0,0,0,0.0,0,0,0,0,0,0,0.00,0,0,0,0,0.00,0.00,0,0,0,0,0,0,0,0,0.0,0.0,0,0,0,0,0,NA,0,0,NA,NA,NA,NA,0,NA,0,0,NA,NA,NA,NA,NA,0,NA,NA,NA,NA,NA,NA,NA,0,NA,NA,vs PHI,12,·,·,·
16,8208,Tyler Badie,RB,25.6,DEN,69.0,73,74,1.2,0.7,0.2,1,1,0,66,15,0,0.0,0,0,0,0,0,0,0.00,0,0,0,0,0.00,0.00,1,-3,0,0,0,3,5,2,2.0,0.7,0,0,0,2,0,NA,0,0,22.7%,NA,NA,NA,0,NA,0,3,0.000,0.0,NA,NA,NA,0,NA,NA,NA,NA,NA,NA,NA,2,NA,NA,vs JAX,31,·,5.13,-3.9
16,8225,Daniel Bellinger,TE,25.0,NYG,999.0,999,999,0,0,0,1,1,1,56,24,0,0.0,0,0,0,0,0,0,0.00,0,0,0,0,0.00,0.00,0,0,0,0,0,0,0,0,0.0,0.0,0,0,0,0,0,NA,0,0,42.9%,NA,NA,NA,0,NA,0,0,NA,0.0,NA,NA,NA,0,NA,NA,NA,NA,NA,NA,NA,0,NA,NA,vs MIN,19,·,3.94,-3.9
16,12539,Arian Smith,WR,24.0,NYJ,999.0,999,999,0,0,0,1,1,0,66,7,0,0.0,0,0,0,0,0,0,0.00,0,0,0,0,0.00,0.00,0,0,0,0,0,1,0,0,0.0,0.0,0,0,0,0,0,NA,0,0,10.6%,NA,NA,NA,0,NA,0,1,0.000,0.0,NA,NA,NA,0,NA,NA,NA,NA,NA,NA,NA,0,NA,NA,@ NO,22,·,1.39,-1.4
16,4234,Noah Brown,WR,29.7,WAS,999.0,999,999,0,0,0,1,0,0,0,0,0,0.0,0,0,0,0,0,0,0.00,0,0,0,0,0.00,0.00,0,0,0,0,0,0,0,0,0.0,0.0,0,0,0,0,0,NA,0,0,NA,NA,NA,NA,0,NA,0,0,NA,NA,NA,NA,NA,0,NA,NA,NA,NA,NA,NA,NA,0,NA,NA,vs PHI,26,IR,IR,IR
16,11370,Chris Brooks,RB,25.7,GB,75.0,74,71,0.4,0.4,0.4,1,1,0,72,15,0,0.0,0,0,0,0,0,0,0.00,4,0,0,0,0.00,0.00,0,0,0,0,0,0,0,0,0.0,0.0,1,0,0,4,0,NA,4,4,20.8%,NA,NA,NA,0,NA,0,1,0.000,0.0,NA,NA,NA,0,NA,NA,NA,NA,NA,NA,NA,4,NA,NA,@ CHI,20,Q,2.85,-2.5
16,6130,Devin Singletary,RB,28.1,NYG,49.0,49,46,5.6,5.1,4.6,1,1,0,56,21,0,0.0,0,0,0,0,0,0,0.00,47,0,0,0,0.00,0.00,1,-5,0,0,0,1,4,-1,-1.0,-1.0,11,0,3,46,0,31,47,4.27,37.5%,1,2.80,0.091,3,0.371,3,12,0.250,3.0,NA,7.7%,NA,0,NA,NA,NA,NA,NA,NA,NA,46,NA,NA,vs MIN,18,·,5.77,-0.2
16,6943,Gabriel Davis,WR,26.5,BUF,0.0,0,0,0,0,0,0,0,0,0,0,0,0.0,0,0,0,0,0,0,0.00,0,0,0,0,0.00,0.00,0,0,0,0,0,0,0,0,0.0,0.0,0,0,0,0,0,NA,0,0,NA,NA,NA,NA,0,NA,0,0,NA,NA,NA,NA,NA,0,NA,NA,NA,NA,NA,NA,NA,0,NA,NA,@ CLE,24,OUT,4.5,-4.5
16,6945,Antonio Gibson,RB,27.3,NE,999.0,999,999,0,0,0,1,0,0,0,0,0,0.0,0,0,0,0,0,0,0.00,0,0,0,0,0.00,0.00,0,0,0,0,0,0,0,0,0.0,0.0,0,0,0,0,0,NA,0,0,NA,NA,NA,NA,0,NA,0,0,NA,NA,NA,NA,NA,0,NA,NA,NA,NA,NA,NA,NA,0,NA,NA,@ BAL,13,IR,IR,IR
16,4082,Curtis Samuel,WR,29.1,BUF,999.0,999,999,0,0,0,1,0,0,0,0,0,0.0,0,0,0,0,0,0,0.00,0,0,0,0,0.00,0.00,0,0,0,0,0,0,0,0,0.0,0.0,0,0,0,0,0,NA,0,0,NA,NA,NA,NA,0,NA,0,0,NA,NA,NA,NA,NA,0,NA,NA,NA,NA,NA,NA,NA,0,NA,NA,@ CLE,24,IR,IR,IR
16,7496,Nick Westbrook-Ikhine,WR,28.5,MIA,0.0,0,0,0,0,0,0,0,0,0,0,0,0.0,0,0,0,0,0,0,0.00,0,0,0,0,0.00,0.00,0,0,0,0,0,0,0,0,0.0,0.0,0,0,0,0,0,NA,0,0,NA,NA,NA,NA,0,NA,0,0,NA,NA,NA,NA,NA,0,NA,NA,NA,NA,NA,NA,NA,0,NA,NA,vs CIN,28,·,5.28,-5.3
16,5096,Ray-Ray McCloud,WR,29.0,ATL,0.0,0,0,0,0,0,0,0,0,0,0,0,0.0,0,0,0,0,0,0,0.00,0,0,0,0,0.00,0.00,0,0,0,0,0,0,0,0,0.0,0.0,0,0,0,0,0,NA,0,0,NA,NA,NA,NA,0,NA,0,0,NA,NA,NA,NA,NA,0,NA,NA,NA,NA,NA,NA,NA,0,NA,NA,@ ARI,17,·,·,·
16,5010,Will Dissly,TE,29.2,LAC,25.0,27,28,5.8,4.3,2.8,1,1,0,64,14,0,0.0,0,0,0,0,0,0,0.00,0,0,0,0,0.00,0.00,3,15,0,2,0,3,13,28,9.3,9.3,0,0,0,28,0,NA,0,0,21.9%,NA,NA,NA,0,NA,2,3,0.667,2.0,9,10.3%,3.11,0,NA,NA,NA,NA,NA,0.222,NA,28,NA,NA,@ DAL,17,·,0.9,4.9
16,8139,Zamir White,RB,26.0,LV,0.0,0,0,0,0,0,0,0,0,0,0,0,0.0,0,0,0,0,0,0,0.00,0,0,0,0,0.00,0.00,0,0,0,0,0,0,0,0,0.0,0.0,0,0,0,0,0,NA,0,0,NA,NA,NA,NA,0,NA,0,0,NA,NA,NA,NA,NA,0,NA,NA,NA,NA,NA,NA,NA,0,NA,NA,@ HOU,24,OUT,0.03,0.0
16,1166,Kirk Cousins,QB,37.1,ATL,12.0,12,12,18.58,18.58,18.58,1,1,1,77,77,1,60.0,60,35,21,9,14,1,82.70,194,1,2,197,5.63,9.38,0,0,0,0,0,0,0,0,0.0,0.0,5,0,1,-3,1,NA,-3,-0.6,100.0%,NA,NA,NA,2,NA,13,40,NA,NA,NA,NA,NA,11,31.4%,2.73,2.9%,47.2%,5.30,NA,36,194,-6.1%,+0.21,@ ARI,18,·,17.96,0.6
16,11633,Jamari Thrash,WR,24.8,CLE,0.0,0,0,0,0,0,0,0,0,0,0,0,0.0,0,0,0,0,0,0,0.00,0,0,0,0,0.00,0.00,0,0,0,0,0,0,0,0,0.0,0.0,0,0,0,0,0,NA,0,0,NA,NA,NA,NA,0,NA,0,0,NA,NA,NA,NA,NA,0,NA,NA,NA,NA,NA,NA,NA,0,NA,NA,vs BUF,20,·,0.75,-0.8
16,8122,Zonovan Knight,RB,24.5,ARI,999.0,999,999,0,0,0,1,0,0,0,0,0,0.0,0,0,0,0,0,0,0.00,0,0,0,0,0.00,0.00,0,0,0,0,0,0,0,0,0.0,0.0,0,0,0,0,0,NA,0,0,NA,NA,NA,NA,0,NA,0,0,NA,NA,NA,NA,NA,0,NA,NA,NA,NA,NA,NA,NA,0,NA,NA,vs ATL,15,IR,IR,IR
16,7538,Zach Wilson,QB,26.2,MIA,999.0,999,999,0,0,0,1,0,0,59,0,0,0.0,0,0,0,0,0,0,0.00,0,0,0,0,0.00,0.00,0,0,0,0,0,0,0,0,0.0,0.0,0,0,0,0,0,NA,0,0,0.0%,NA,NA,NA,0,NA,0,0,NA,NA,NA,NA,NA,0,NA,NA,NA,NA,NA,NA,NA,0,NA,NA,vs CIN,2,·,·,·
16,11592,Erick All,TE,25.0,CIN,999.0,999,999,0,0,0,1,0,0,0,0,0,0.0,0,0,0,0,0,0,0.00,0,0,0,0,0.00,0.00,0,0,0,0,0,0,0,0,0.0,0.0,0,0,0,0,0,NA,0,0,NA,NA,NA,NA,0,NA,0,0,NA,NA,NA,NA,NA,0,NA,NA,NA,NA,NA,NA,NA,0,NA,NA,@ MIA,2,PUP,PUP,PUP
16,10225,Jonathan Mingo,WR,24.4,DAL,999.0,999,999,0,0,0,1,1,0,58,21,0,0.0,0,0,0,0,0,0,0.00,0,0,0,0,0.00,0.00,0,0,0,0,0,1,0,0,0.0,0.0,0,0,0,0,0,NA,0,0,36.2%,NA,NA,NA,0,NA,0,1,0.000,0.0,11,3.1%,0.00,0,NA,NA,NA,NA,NA,0.000,NA,0,NA,NA,vs LAC,32,·,0.26,-0.3
16,1689,Adam Thielen,WR,35.1,MIN,44.0,43,45,8.9,6.9,4.9,1,1,0,74,32,0,0.0,0,0,0,0,0,0,0.00,0,0,0,0,0.00,0.00,4,36,0,3,0,4,13,49,12.3,12.3,0,0,0,49,0,NA,0,0,43.2%,NA,NA,NA,0,NA,3,4,0.750,3.0,18,9.8%,2.72,0,NA,NA,NA,NA,NA,0.167,NA,49,NA,NA,@ NYG,3,·,3.22,5.7
16,11299,Zavier Scott,RB,26.2,MIN,59.0,60,63,2.2,1.7,1.2,1,1,0,61,8,0,0.0,0,0,0,0,0,0,0.00,4,0,0,0,0.00,0.00,1,-5,0,1,0,1,13,8,8.0,8.0,2,0,1,12,0,4,4,2,13.1%,0,1.80,0.000,1,0.180,2,3,0.667,2.0,NA,4.3%,NA,0,NA,NA,NA,NA,NA,NA,NA,12,NA,NA,@ NYG,3,·,0.51,1.7
16,11256,Tyson Bagent,QB,25.3,CHI,999.0,999,999,0,0,0,1,0,0,64,0,0,0.0,0,0,0,0,0,0,0.00,0,0,0,0,0.00,0.00,0,0,0,0,0,0,0,0,0.0,0.0,0,0,0,0,0,NA,0,0,0.0%,NA,NA,NA,0,NA,0,0,NA,NA,NA,NA,NA,0,NA,NA,NA,NA,NA,NA,NA,0,NA,NA,vs GB,22,OUT,OUT,OUT
16,7601,Rondale Moore,WR,25.3,MIN,999.0,999,999,0,0,0,1,0,0,0,0,0,0.0,0,0,0,0,0,0,0.00,0,0,0,0,0.00,0.00,0,0,0,0,0,0,0,0,0.0,0.0,0,0,0,0,0,NA,0,0,NA,NA,NA,NA,0,NA,0,0,NA,NA,NA,NA,NA,0,NA,NA,NA,NA,NA,NA,NA,0,NA,NA,@ NYG,3,IR,IR,IR
16,11645,Javon Baker,WR,23.6,PHI,999.0,999,999,0,0,0,1,0,0,0,0,0,0.0,0,0,0,0,0,0,0.00,0,0,0,0,0.00,0.00,0,0,0,0,0,0,0,0,0.0,0.0,0,0,0,0,0,NA,0,0,NA,NA,NA,NA,0,NA,0,0,NA,NA,NA,NA,NA,0,NA,NA,NA,NA,NA,NA,NA,0,NA,NA,@ WAS,9,·,·,·
16,8230,Ty Chandler,RB,27.4,MIN,999.0,999,999,0,0,0,1,0,0,0,0,0,0.0,0,0,0,0,0,0,0.00,0,0,0,0,0.00,0.00,0,0,0,0,0,0,0,0,0.0,0.0,0,0,0,0,0,NA,0,0,NA,NA,NA,NA,0,NA,0,0,NA,NA,NA,NA,NA,0,NA,NA,NA,NA,NA,NA,NA,0,NA,NA,@ NYG,3,IR,IR,IR
16,3286,Demarcus Robinson,WR,31.0,SF,33.0,32,29,10.3,9.3,8.3,1,1,0,66,29,0,0.0,0,0,0,0,0,0,0.00,0,0,0,0,0.00,0.00,2,23,0,0,1,2,0,23,11.5,11.5,0,0,0,23,0,NA,0,0,43.9%,NA,NA,NA,0,NA,1,2,0.500,1.0,20,5.9%,1.15,0,NA,NA,NA,NA,NA,0.000,NA,23,NA,NA,@ IND,5,·,2.72,7.6
16,8160,Kenny Pickett,QB,27.3,LV,999.0,999,999,0,0,0,1,0,0,54,0,0,0.0,0,0,0,0,0,0,0.00,0,0,0,0,0.00,0.00,0,0,0,0,0,0,0,0,0.0,0.0,0,0,0,0,0,NA,0,0,0.0%,NA,NA,NA,0,NA,0,0,NA,NA,NA,NA,NA,0,NA,NA,NA,NA,NA,NA,NA,0,NA,NA,@ HOU,32,·,·,·
16,5133,Tyler Conklin,TE,30.2,LAC,0.0,0,0,0,0,0,0,0,0,0,0,0,0.0,0,0,0,0,0,0,0.00,0,0,0,0,0.00,0.00,0,0,0,0,0,0,0,0,0.0,0.0,0,0,0,0,0,NA,0,0,NA,NA,NA,NA,0,NA,0,0,NA,NA,NA,NA,NA,0,NA,NA,NA,NA,NA,NA,NA,0,NA,NA,@ DAL,17,·,0.46,-0.5
16,7561,Elijah Mitchell,RB,27.4,KC,0.0,0,0,0,0,0,0,0,0,0,0,0,0.0,0,0,0,0,0,0,0.00,0,0,0,0,0.00,0.00,0,0,0,0,0,0,0,0,0.0,0.0,0,0,0,0,0,NA,0,0,NA,NA,NA,NA,0,NA,0,0,NA,NA,NA,NA,NA,0,NA,NA,NA,NA,NA,NA,NA,0,NA,NA,@ TEN,11,OUT,OUT,OUT
16,12470,Riley Leonard,QB,23.0,IND,999.0,999,999,0,0,0,1,1,0,60,4,0,0.0,0,1,0,0,1,0,39.60,0,0,0,0,0.00,0.00,0,0,0,0,0,0,0,0,0.0,0.0,0,0,0,0,0,NA,0,0,6.7%,NA,NA,NA,0,NA,0,1,NA,NA,NA,NA,NA,0,0.0%,2.36,0.0%,100.0%,2.10,NA,1,0,-81.7%,-0.48,vs SF,26,·,·,·
16,7595,Tylan Wallace,WR,26.4,BAL,0.0,0,0,0,0,0,0,0,0,0,0,0,0.0,0,0,0,0,0,0,0.00,0,0,0,0,0.00,0.00,0,0,0,0,0,0,0,0,0.0,0.0,0,0,0,0,0,NA,0,0,NA,NA,NA,NA,0,NA,0,0,NA,NA,NA,NA,NA,0,NA,NA,NA,NA,NA,NA,NA,0,NA,NA,vs NE,18,·,1.71,-1.7
16,11570,Rasheen Ali,RB,24.6,BAL,61.0,67,76,2.2,1.2,0.2,1,1,0,55,12,0,0.0,0,0,0,0,0,0,0.00,0,0,0,0,0.00,0.00,2,-13,0,0,0,2,15,2,1.0,1.0,0,0,0,2,0,0,0,0,21.8%,0,0.00,NA,0,NA,0,2,0.000,0.0,NA,10.0%,NA,0,NA,NA,NA,NA,NA,NA,NA,2,NA,NA,vs NE,29,·,2.63,-0.4
16,10214,Davis Allen,TE,24.6,LAR,28.0,25,21,5.4,4.4,3.4,1,1,1,92,60,0,0.0,0,0,0,0,0,0,0.00,0,0,0,0,0.00,0.00,2,15,2,1,0,5,19,34,17.0,6.8,0,0,0,34,0,NA,0,0,65.2%,NA,NA,NA,0,NA,1,5,0.200,1.0,22,10.2%,1.55,0,NA,NA,NA,NA,NA,0.045,NA,34,NA,NA,@ SEA,11,·,3.08,2.3
16,10867,Jake Bobo,WR,27.2,SEA,0.0,0,0,0,0,0,0,0,0,0,0,0,0.0,0,0,0,0,0,0,0.00,0,0,0,0,0.00,0.00,0,0,0,0,0,0,0,0,0.0,0.0,0,0,0,0,0,NA,0,0,NA,NA,NA,NA,0,NA,0,0,NA,NA,NA,NA,NA,0,NA,NA,NA,NA,NA,NA,NA,0,NA,NA,vs LAR,10,·,0.4,-0.4
16,8162,Sam Howell,QB,25.0,PHI,0.0,0,0,0,0,0,0,0,0,0,0,0,0.0,0,0,0,0,0,0,0.00,0,0,0,0,0.00,0.00,0,0,0,0,0,0,0,0,0.0,0.0,0,0,0,0,0,NA,0,0,NA,NA,NA,NA,0,NA,0,0,NA,NA,NA,NA,NA,0,NA,NA,NA,NA,NA,NA,NA,0,NA,NA,@ WAS,6,OUT,OUT,OUT
16,6938,Cam Akers,RB,26.3,MIN,999.0,999,999,0,0,0,1,1,0,68,0,0,0.0,0,0,0,0,0,0,0.00,0,0,0,0,0.00,0.00,0,0,0,0,0,0,0,0,0.0,0.0,0,0,0,0,0,NA,0,0,0.0%,NA,NA,NA,0,NA,0,0,NA,0.0,NA,NA,NA,0,NA,NA,NA,NA,NA,NA,NA,0,NA,NA,@ NYG,3,·,·,·
16,11617,Malachi Corley,WR,23.5,CLE,64.0,62,55,6.1,5.1,4.1,1,1,0,66,30,0,0.0,0,0,0,0,0,0,0.00,30,0,0,0,0.00,0.00,2,7,0,2,0,4,4,11,5.5,2.8,3,0,2,41,0,NA,30,10,45.5%,NA,NA,NA,2,NA,4,7,0.571,4.0,14,13.3%,0.79,0,NA,NA,NA,NA,NA,0.143,NA,41,NA,NA,vs BUF,20,·,2.28,3.8
16,1234,Russell Wilson,QB,36.8,NYG,0.0,0,0,0,0,0,0,0,0,0,0,0,0.0,0,0,0,0,0,0,0.00,0,0,0,0,0.00,0.00,0,0,0,0,0,0,0,0,0.0,0.0,0,0,0,0,0,NA,0,0,NA,NA,NA,NA,0,NA,0,0,NA,NA,NA,NA,NA,0,NA,NA,NA,NA,NA,NA,NA,0,NA,NA,vs MIN,30,OUT,OUT,OUT
16,8254,Julius Chestnut,RB,24.9,TEN,78.0,78,77,0.1,0.1,0.1,1,1,0,73,2,0,0.0,0,0,0,0,0,0,0.00,1,0,0,0,0.00,0.00,0,0,0,0,0,0,0,0,0.0,0.0,1,0,1,1,0,NA,1,1,2.7%,NA,NA,NA,1,NA,1,1,1.000,1.0,NA,NA,NA,0,NA,NA,NA,NA,NA,NA,NA,1,NA,NA,vs KC,26,·,0.71,-0.6
16,4080,Zay Jones,WR,30.5,ARI,999.0,999,999,0,0,0,1,0,0,0,0,0,0.0,0,0,0,0,0,0,0.00,0,0,0,0,0.00,0.00,0,0,0,0,0,0,0,0,0.0,0.0,0,0,0,0,0,NA,0,0,NA,NA,NA,NA,0,NA,0,0,NA,NA,NA,NA,NA,0,NA,NA,NA,NA,NA,NA,NA,0,NA,NA,vs ATL,8,IR,IR,IR
16,6960,Tyler Johnson,WR,27.1,NYJ,106.0,106,107,1.7,1.2,0.7,1,1,0,66,9,0,0.0,0,0,0,0,0,0,0.00,0,0,0,0,0.00,0.00,1,3,0,0,0,1,4,7,7.0,7.0,0,0,0,7,0,NA,0,0,13.6%,NA,NA,NA,0,NA,0,1,0.000,0.0,7,2.9%,1.00,0,NA,NA,NA,NA,NA,0.000,NA,7,NA,NA,@ NO,22,OUT,0.55,1.2
16,7568,Brevin Jordan,TE,25.2,HOU,999.0,999,999,0,0,0,1,0,0,0,0,0,0.0,0,0,0,0,0,0,0.00,0,0,0,0,0.00,0.00,0,0,0,0,0,0,0,0,0.0,0.0,0,0,0,0,0,NA,0,0,NA,NA,NA,NA,0,NA,0,0,NA,NA,NA,NA,NA,0,NA,NA,NA,NA,NA,NA,NA,0,NA,NA,vs LV,29,IR,IR,IR
16,6828,AJ Dillon,RB,27.4,PHI,0.0,0,0,0,0,0,0,0,0,0,0,0,0.0,0,0,0,0,0,0,0.00,0,0,0,0,0.00,0.00,0,0,0,0,0,0,0,0,0.0,0.0,0,0,0,0,0,NA,0,0,NA,NA,NA,NA,0,NA,0,0,NA,NA,NA,NA,NA,0,NA,NA,NA,NA,NA,NA,NA,0,NA,NA,@ WAS,6,OUT,0.1,-0.1
16,9230,Tanner McKee,QB,25.4,PHI,39.0,39,39,-0.2,-0.2,-0.2,1,1,0,70,4,0,0.0,0,0,0,0,0,0,0.00,-2,0,0,0,0.00,0.00,0,0,0,0,0,0,0,0,0.0,0.0,2,0,0,-2,0,NA,-2,-1,5.7%,NA,NA,NA,0,NA,0,2,NA,NA,NA,NA,NA,0,NA,NA,NA,NA,NA,NA,NA,-2,NA,NA,@ WAS,6,·,·,·
16,9227,Israel Abanikanda,RB,23.0,FA,999.0,999,999,0,0,0,1,0,0,0,0,0,0.0,0,0,0,0,0,0,0.00,0,0,0,0,0.00,0.00,0,0,0,0,0,0,0,0,0.0,0.0,0,0,0,0,0,NA,0,0,NA,NA,NA,NA,0,NA,0,0,NA,NA,NA,NA,NA,0,NA,NA,NA,NA,NA,NA,NA,0,NA,NA,NA,,·,·,·
16,7610,Trey Lance,QB,25.4,LAC,999.0,999,999,0,0,0,1,0,0,64,0,0,0.0,0,0,0,0,0,0,0.00,0,0,0,0,0.00,0.00,0,0,0,0,0,0,0,0,0.0,0.0,0,0,0,0,0,NA,0,0,0.0%,NA,NA,NA,0,NA,0,0,NA,NA,NA,NA,NA,0,NA,NA,NA,NA,NA,NA,NA,0,NA,NA,@ DAL,1,·,·,·
16,4171,Josh Reynolds,WR,30.6,NYJ,999.0,999,999,0,0,0,1,0,0,0,0,0,0.0,0,0,0,0,0,0,0.00,0,0,0,0,0.00,0.00,0,0,0,0,0,0,0,0,0.0,0.0,0,0,0,0,0,NA,0,0,NA,NA,NA,NA,0,NA,0,0,NA,NA,NA,NA,NA,0,NA,NA,NA,NA,NA,NA,NA,0,NA,NA,@ NO,22,IR,IR,IR
16,8172,Greg Dulcich,TE,25.5,MIA,27.0,29,30,5.6,4.1,2.6,1,1,1,59,17,1,0.0,0,0,0,0,0,0,0.00,0,0,0,0,0.00,0.00,3,16,0,1,0,3,30,46,15.3,15.3,0,0,0,46,0,NA,0,0,28.8%,NA,NA,NA,0,NA,1,3,0.333,1.0,11,10.0%,4.18,0,NA,NA,NA,NA,NA,0.091,NA,46,NA,NA,vs CIN,1,·,1.68,3.9
16,4381,Taysom Hill,TE,35.1,NO,8.0,5,4,15.32,13.32,11.32,1,1,1,78,34,1,100.0,35,1,1,0,0,0,158.30,80,0,1,38,38.00,38.00,4,-14,0,1,0,6,50,36,9.0,6.0,12,0,3,78,0,NA,42,3.5,43.6%,NA,NA,NA,3,NA,5,19,0.263,5.0,NA,NA,NA,1,100.0%,3.15,100.0%,0.0%,33.50,NA,1,116,+32.5%,+6.19,vs NYJ,20,·,3.04,12.3
16,12718,Konata Mumpfield,WR,22.9,LAR,58.0,55,58,7,5.5,4,1,1,0,92,42,0,0.0,0,0,0,0,0,0,0.00,0,0,0,0,0.00,0.00,3,27,1,3,0,8,13,40,13.3,5.0,0,0,0,40,0,NA,0,0,45.7%,NA,NA,NA,0,NA,3,8,0.375,3.0,26,16.3%,1.54,0,NA,NA,NA,NA,NA,0.115,NA,40,NA,NA,@ SEA,14,·,3.63,3.4
16,11994,Kameron Johnson,WR,23.5,TB,999.0,999,999,0,0,0,1,1,0,64,1,0,0.0,0,0,0,0,0,0,0.00,0,0,0,0,0.00,0.00,0,0,0,0,0,0,0,0,0.0,0.0,0,0,0,0,0,NA,0,0,1.6%,NA,NA,NA,0,NA,0,0,NA,0.0,NA,NA,NA,0,NA,NA,NA,NA,NA,NA,NA,0,NA,NA,@ CAR,23,·,0.18,-0.2
16,11595,Jared Wiley,TE,24.9,KC,999.0,999,999,0,0,0,1,1,0,45,2,0,0.0,0,0,0,0,0,0,0.00,0,0,0,0,0.00,0.00,0,0,0,0,0,0,0,0,0.0,0.0,0,0,0,0,0,NA,0,0,4.4%,NA,NA,NA,0,NA,0,0,NA,0.0,NA,NA,NA,0,NA,NA,NA,NA,NA,NA,NA,0,NA,NA,@ TEN,13,OUT,0.38,-0.4
16,11615,Ainias Smith,WR,24.3,CAR,999.0,999,999,0,0,0,1,0,0,0,0,0,0.0,0,0,0,0,0,0,0.00,0,0,0,0,0.00,0.00,0,0,0,0,0,0,0,0,0.0,0.0,0,0,0,0,0,NA,0,0,NA,NA,NA,NA,0,NA,0,0,NA,NA,NA,NA,NA,0,NA,NA,NA,NA,NA,NA,NA,0,NA,NA,vs TB,16,·,·,·
16,9999,Will Levis,QB,26.2,TEN,999.0,999,999,0,0,0,1,0,0,0,0,0,0.0,0,0,0,0,0,0,0.00,0,0,0,0,0.00,0.00,0,0,0,0,0,0,0,0,0.0,0.0,0,0,0,0,0,NA,0,0,NA,NA,NA,NA,0,NA,0,0,NA,NA,NA,NA,NA,0,NA,NA,NA,NA,NA,NA,NA,0,NA,NA,vs KC,21,IR,IR,IR
16,8204,Bo Melton,WR,26.2,GB,999.0,999,999,0,0,0,1,1,0,72,1,0,0.0,0,0,0,0,0,0,0.00,0,0,0,0,0.00,0.00,0,0,0,0,0,0,0,0,0.0,0.0,0,0,0,0,0,NA,0,0,1.4%,NA,NA,NA,0,NA,0,0,NA,0.0,NA,NA,NA,0,NA,NA,NA,NA,NA,NA,NA,0,NA,NA,@ CHI,4,·,0.28,-0.3
16,8168,Skyy Moore,WR,25.0,SF,87.0,84,78,3.3,2.8,2.3,1,1,0,66,7,0,0.0,0,0,0,0,0,0,0.00,0,0,0,0,0.00,0.00,1,21,0,1,0,1,2,23,23.0,23.0,0,0,0,23,0,NA,0,0,10.6%,NA,NA,NA,0,NA,1,1,1.000,1.0,3,2.9%,7.67,0,NA,NA,NA,NA,NA,0.333,NA,23,NA,NA,@ IND,5,·,0.46,2.8
16,5854,Drew Lock,QB,28.9,SEA,999.0,999,999,0,0,0,1,0,0,68,0,0,0.0,0,0,0,0,0,0,0.00,0,0,0,0,0.00,0.00,0,0,0,0,0,0,0,0,0.0,0.0,0,0,0,0,0,NA,0,0,0.0%,NA,NA,NA,0,NA,0,0,NA,NA,NA,NA,NA,0,NA,NA,NA,NA,NA,NA,NA,0,NA,NA,vs LAR,19,·,·,·
16,2374,Tyler Lockett,WR,33.0,LV,108.0,108,109,1.6,1.1,0.6,1,1,0,54,15,0,0.0,0,0,0,0,0,0,0.00,0,0,0,0,0.00,0.00,1,5,0,0,0,2,1,6,6.0,3.0,0,0,0,6,0,NA,0,0,27.8%,NA,NA,NA,0,NA,0,2,0.000,0.0,8,8.7%,0.75,0,NA,NA,NA,NA,NA,0.000,NA,6,NA,NA,@ HOU,19,Q,7.7,-6.1
16,4177,Mack Hollins,WR,32.0,NE,24.0,27,34,13.9,10.4,6.9,1,1,1,74,49,0,0.0,0,0,0,0,0,0,0.00,0,0,0,0,0.00,0.00,7,64,0,3,0,9,5,69,9.9,7.7,0,0,0,69,0,NA,0,0,66.2%,NA,NA,NA,0,NA,3,9,0.333,3.0,36,20.5%,1.92,0,NA,NA,NA,NA,NA,0.083,NA,69,NA,NA,@ BAL,12,·,8.33,5.6
16,11748,Bub Means,WR,24.7,NO,999.0,999,999,0,0,0,1,0,0,0,0,0,0.0,0,0,0,0,0,0,0.00,0,0,0,0,0.00,0.00,0,0,0,0,0,0,0,0,0.0,0.0,0,0,0,0,0,NA,0,0,NA,NA,NA,NA,0,NA,0,0,NA,NA,NA,NA,NA,0,NA,NA,NA,NA,NA,NA,NA,0,NA,NA,vs NYJ,21,IR,IR,IR
16,11573,Frank Gore Jr.,RB,23.5,BUF,999.0,999,999,0,0,0,1,0,0,0,0,0,0.0,0,0,0,0,0,0,0.00,0,0,0,0,0.00,0.00,0,0,0,0,0,0,0,0,0.0,0.0,0,0,0,0,0,NA,0,0,NA,NA,NA,NA,0,NA,0,0,NA,NA,NA,NA,NA,0,NA,NA,NA,NA,NA,NA,NA,0,NA,NA,@ CLE,19,·,·,·
16,7891,Brock Wright,TE,26.8,DET,999.0,999,999,0,0,0,1,0,0,0,0,0,0.0,0,0,0,0,0,0,0.00,0,0,0,0,0.00,0.00,0,0,0,0,0,0,0,0,0.0,0.0,0,0,0,0,0,NA,0,0,NA,NA,NA,NA,0,NA,0,0,NA,NA,NA,NA,NA,0,NA,NA,NA,NA,NA,NA,NA,0,NA,NA,vs PIT,3,IR,IR,IR
16,12699,LaJohntay Wester,WR,23.5,BAL,999.0,999,999,0,0,0,1,1,0,55,2,0,0.0,0,0,0,0,0,0,0.00,0,0,0,0,0.00,0.00,0,0,0,0,0,0,0,0,0.0,0.0,0,0,0,0,0,NA,0,0,3.6%,NA,NA,NA,0,NA,0,0,NA,0.0,NA,NA,NA,0,NA,NA,NA,NA,NA,NA,NA,0,NA,NA,vs NE,18,·,0.05,-0.1
16,6869,Adam Trautman,TE,28.6,DEN,42.0,43,46,3.4,2.4,1.4,1,1,1,66,38,0,0.0,0,0,0,0,0,0,0.00,0,0,0,0,0.00,0.00,2,9,0,0,0,3,5,14,7.0,4.7,0,0,0,14,0,NA,0,0,57.6%,NA,NA,NA,0,NA,0,3,0.000,0.0,15,6.4%,0.93,0,NA,NA,NA,NA,NA,0.000,NA,14,NA,NA,vs JAX,8,·,1.76,1.6
16,10866,Aidan O'Connell,QB,27.1,LV,0.0,0,0,0,0,0,0,0,0,0,0,0,0.0,0,0,0,0,0,0,0.00,0,0,0,0,0.00,0.00,0,0,0,0,0,0,0,0,0.0,0.0,0,0,0,0,0,NA,0,0,NA,NA,NA,NA,0,NA,0,0,NA,NA,NA,NA,NA,0,NA,NA,NA,NA,NA,NA,NA,0,NA,NA,@ HOU,32,·,·,·
16,11895,Mason Tipton,WR,25.0,NO,50.0,52,57,8.1,6.1,4.1,1,1,0,78,39,0,0.0,0,0,0,0,0,0,0.00,12,0,0,0,0.00,0.00,4,10,0,2,0,5,19,29,7.3,5.8,1,1,1,41,0,NA,12,12,50.0%,NA,NA,NA,1,NA,3,6,0.500,3.0,30,10.0%,0.97,0,NA,NA,NA,NA,NA,0.067,NA,41,NA,NA,vs NYJ,21,·,5.56,2.5
16,8177,Grant Calcaterra,TE,26.8,PHI,999.0,999,999,0,0,0,1,1,0,70,21,0,0.0,0,0,0,0,0,0,0.00,0,0,0,0,0.00,0.00,0,0,0,0,0,0,0,0,0.0,0.0,0,0,0,0,0,NA,0,0,30.0%,NA,NA,NA,0,NA,0,0,NA,0.0,NA,NA,NA,0,NA,NA,NA,NA,NA,NA,NA,0,NA,NA,@ WAS,4,·,0.67,-0.7
16,11574,Dylan Laube,RB,25.8,LV,999.0,999,999,0,0,0,1,1,0,54,0,0,0.0,0,0,0,0,0,0,0.00,0,0,0,0,0.00,0.00,0,0,0,0,0,0,0,0,0.0,0.0,0,0,0,0,0,NA,0,0,0.0%,NA,NA,NA,0,NA,0,0,NA,0.0,NA,NA,NA,0,NA,NA,NA,NA,NA,NA,NA,0,NA,NA,@ HOU,24,·,1.58,-1.6
16,11649,Kendall Milton,RB,23.6,CIN,999.0,999,999,0,0,0,1,0,0,0,0,0,0.0,0,0,0,0,0,0,0.00,0,0,0,0,0.00,0.00,0,0,0,0,0,0,0,0,0.0,0.0,0,0,0,0,0,NA,0,0,NA,NA,NA,NA,0,NA,0,0,NA,NA,NA,NA,NA,0,NA,NA,NA,NA,NA,NA,NA,0,NA,NA,@ MIA,17,·,·,·
16,8145,Jeremy Ruckert,TE,25.1,NYJ,43.0,44,47,3.4,2.4,1.4,1,1,1,66,44,0,0.0,0,0,0,0,0,0,0.00,0,0,0,0,0.00,0.00,2,7,0,0,0,3,7,14,7.0,4.7,0,0,0,14,0,NA,0,0,66.7%,NA,NA,NA,0,NA,0,3,0.000,0.0,21,8.6%,0.67,0,NA,NA,NA,NA,NA,0.000,NA,14,NA,NA,@ NO,23,·,2.01,1.4
16,2197,Brandin Cooks,WR,32.0,NO,999.0,999,999,0,0,0,1,1,0,50,12,0,0.0,0,0,0,0,0,0,0.00,0,0,0,0,0.00,0.00,0,0,1,0,0,1,0,0,0.0,0.0,0,0,0,0,0,NA,0,0,24.0%,NA,NA,NA,0,NA,0,1,0.000,0.0,7,5.3%,0.00,0,NA,NA,NA,NA,NA,0.000,NA,0,NA,NA,vs NYJ,21,Q,1.1,-1.1
16,1837,Jimmy Garoppolo,QB,33.9,LAR,999.0,999,999,0,0,0,1,0,0,92,0,0,0.0,0,0,0,0,0,0,0.00,0,0,0,0,0.00,0.00,0,0,0,0,0,0,0,0,0.0,0.0,0,0,0,0,0,NA,0,0,0.0%,NA,NA,NA,0,NA,0,0,NA,NA,NA,NA,NA,0,NA,NA,NA,NA,NA,NA,NA,0,NA,NA,@ SEA,13,·,·,·
16,8135,Treylon Burks,WR,25.5,WAS,73.0,72,67,5,4,3,1,1,1,54,45,0,0.0,0,0,0,0,0,0,0.00,0,0,0,0,0.00,0.00,2,23,0,1,0,5,7,30,15.0,6.0,0,0,0,30,0,NA,0,0,83.3%,NA,NA,NA,0,NA,1,5,0.200,1.0,22,21.7%,1.36,0,NA,NA,NA,NA,NA,0.045,NA,30,NA,NA,vs PHI,26,·,4.05,1.0
16,11636,Johnny Wilson,WR,24.5,PHI,999.0,999,999,0,0,0,1,0,0,0,0,0,0.0,0,0,0,0,0,0,0.00,0,0,0,0,0.00,0.00,0,0,0,0,0,0,0,0,0.0,0.0,0,0,0,0,0,NA,0,0,NA,NA,NA,NA,0,NA,0,0,NA,NA,NA,NA,NA,0,NA,NA,NA,NA,NA,NA,NA,0,NA,NA,@ WAS,9,IR,IR,IR
16,5185,Allen Lazard,WR,29.8,NYJ,0.0,0,0,0,0,0,0,0,0,0,0,0,0.0,0,0,0,0,0,0,0.00,0,0,0,0,0.00,0.00,0,0,0,0,0,0,0,0,0.0,0.0,0,0,0,0,0,NA,0,0,NA,NA,NA,NA,0,NA,0,0,NA,NA,NA,NA,NA,0,NA,NA,NA,NA,NA,NA,NA,0,NA,NA,@ NO,22,·,·,·
16,9505,Deuce Vaughn,RB,23.9,DEN,999.0,999,999,0,0,0,1,0,0,0,0,0,0.0,0,0,0,0,0,0,0.00,0,0,0,0,0.00,0.00,0,0,0,0,0,0,0,0,0.0,0.0,0,0,0,0,0,NA,0,0,NA,NA,NA,NA,0,NA,0,0,NA,NA,NA,NA,NA,0,NA,NA,NA,NA,NA,NA,NA,0,NA,NA,vs JAX,31,·,·,·
16,5973,Josh Oliver,TE,28.5,MIN,38.0,38,39,3.9,2.9,1.9,1,1,0,61,32,0,0.0,0,0,0,0,0,0,0.00,0,0,0,0,0.00,0.00,2,2,0,1,0,3,17,19,9.5,6.3,0,0,0,19,0,NA,0,0,52.5%,NA,NA,NA,0,NA,1,3,0.333,1.0,8,13.0%,2.38,0,NA,NA,NA,NA,NA,0.125,NA,19,NA,NA,@ NYG,26,·,2.42,1.5
16,7593,Trey Sermon,RB,26.7,PIT,999.0,999,999,0,0,0,1,0,0,0,0,0,0.0,0,0,0,0,0,0,0.00,0,0,0,0,0.00,0.00,0,0,0,0,0,0,0,0,0.0,0.0,0,0,0,0,0,NA,0,0,NA,NA,NA,NA,0,NA,0,0,NA,NA,NA,NA,NA,0,NA,NA,NA,NA,NA,NA,NA,0,NA,NA,@ DET,30,·,·,·
16,5938,Lil'Jordan Humphrey,WR,27.4,NYG,102.0,102,103,1.9,1.4,0.9,1,1,1,66,13,0,0.0,0,0,0,0,0,0,0.00,0,0,0,0,0.00,0.00,1,9,0,1,0,2,0,9,9.0,4.5,0,0,0,9,0,NA,0,0,19.7%,NA,NA,NA,0,NA,1,2,0.500,1.0,8,4.3%,1.13,0,NA,NA,NA,NA,NA,0.125,NA,9,NA,NA,vs MIN,31,·,1.1,0.8
16,10216,Kenny McIntosh,RB,25.6,SEA,999.0,999,999,0,0,0,1,0,0,0,0,0,0.0,0,0,0,0,0,0,0.00,0,0,0,0,0.00,0.00,0,0,0,0,0,0,0,0,0.0,0.0,0,0,0,0,0,NA,0,0,NA,NA,NA,NA,0,NA,0,0,NA,NA,NA,NA,NA,0,NA,NA,NA,NA,NA,NA,NA,0,NA,NA,vs LAR,32,IR,IR,IR
16,6853,Van Jefferson,WR,29.2,TEN,78.0,78,76,4.4,3.4,2.4,1,1,0,73,50,0,0.0,0,0,0,0,0,0,0.00,0,0,0,0,0.00,0.00,2,20,0,1,0,2,4,24,12.0,12.0,0,0,0,24,0,NA,0,0,68.5%,NA,NA,NA,0,NA,1,2,0.500,1.0,27,7.1%,0.89,0,NA,NA,NA,NA,NA,0.037,NA,24,NA,NA,vs KC,19,Q,6.49,-2.1
16,10234,Derius Davis,WR,25.0,LAC,0.0,0,0,0,0,0,0,0,0,0,0,0,0.0,0,0,0,0,0,0,0.00,0,0,0,0,0.00,0.00,0,0,0,0,0,0,0,0,0.0,0.0,0,0,0,0,0,NA,0,0,NA,NA,NA,NA,0,NA,0,0,NA,NA,NA,NA,NA,0,NA,NA,NA,NA,NA,NA,NA,0,NA,NA,@ DAL,1,OUT,0.63,-0.6
16,6011,Gardner Minshew,QB,29.4,KC,35.0,35,35,1.4,1.4,1.4,1,1,1,45,14,0,37.5,-5,8,3,1,5,0,45.80,23,0,0,15,1.88,5.00,0,0,0,0,0,0,0,0,0.0,0.0,1,0,0,8,0,NA,8,8,31.1%,NA,NA,NA,0,NA,1,9,NA,NA,NA,NA,NA,1,12.5%,NA,NA,NA,NA,NA,NA,23,NA,NA,@ TEN,7,·,19.05,-17.7
16,12715,Thomas Fidone,TE,23.0,NYG,999.0,999,999,0,0,0,1,0,0,0,0,0,0.0,0,0,0,0,0,0,0.00,0,0,0,0,0.00,0.00,0,0,0,0,0,0,0,0,0.0,0.0,0,0,0,0,0,NA,0,0,NA,NA,NA,NA,0,NA,0,0,NA,NA,NA,NA,NA,0,NA,NA,NA,NA,NA,NA,NA,0,NA,NA,vs MIN,19,IR,IR,IR
16,12494,Kyle McCord,QB,23.0,PHI,999.0,999,999,0,0,0,1,0,0,0,0,0,0.0,0,0,0,0,0,0,0.00,0,0,0,0,0.00,0.00,0,0,0,0,0,0,0,0,0.0,0.0,0,0,0,0,0,NA,0,0,NA,NA,NA,NA,0,NA,0,0,NA,NA,NA,NA,NA,0,NA,NA,NA,NA,NA,NA,NA,0,NA,NA,@ WAS,6,·,·,·
16,7083,Tyler Huntley,QB,27.6,BAL,33.0,33,33,2.8,2.8,2.8,1,1,0,55,29,0,90.0,47,10,9,2,1,0,93.80,67,1,0,65,6.50,7.22,0,0,0,0,0,0,0,0,0.0,0.0,2,0,0,2,0,NA,2,1,52.7%,NA,NA,NA,0,NA,2,12,NA,NA,NA,NA,NA,2,20.0%,2.22,0.0%,16.7%,5.30,NA,12,67,+13.2%,-0.30,vs NE,17,·,·,·
16,4147,Samaje Perine,RB,30.0,CIN,25.0,23,24,12.1,11.1,10.1,1,1,1,61,24,0,0.0,0,0,0,0,0,0,0.00,25,0,0,0,0.00,0.00,2,-8,1,1,0,3,24,16,8.0,5.3,7,0,2,41,1,17,25,3.57,39.3%,0,2.40,0.000,3,0.240,4,10,0.400,4.0,NA,9.1%,NA,0,NA,NA,NA,NA,NA,NA,NA,41,NA,NA,@ MIA,17,Q,8.61,3.5
16,11306,Xavier Gipson,WR,24.6,PHI,999.0,999,999,0,0,0,1,0,0,0,0,0,0.0,0,0,0,0,0,0,0.00,0,0,0,0,0.00,0.00,0,0,0,0,0,0,0,0,0.0,0.0,0,0,0,0,0,NA,0,0,NA,NA,NA,NA,0,NA,0,0,NA,NA,NA,NA,NA,0,NA,NA,NA,NA,NA,NA,NA,0,NA,NA,@ WAS,9,·,·,·
16,5987,Alexander Mattison,RB,27.3,MIA,999.0,999,999,0,0,0,1,0,0,0,0,0,0.0,0,0,0,0,0,0,0.00,0,0,0,0,0.00,0.00,0,0,0,0,0,0,0,0,0.0,0.0,0,0,0,0,0,NA,0,0,NA,NA,NA,NA,0,NA,0,0,NA,NA,NA,NA,NA,0,NA,NA,NA,NA,NA,NA,NA,0,NA,NA,vs CIN,1,IR,IR,IR
16,5985,Foster Moreau,TE,28.4,NO,57.0,57,57,1.5,1,0.5,1,1,1,78,22,0,0.0,0,0,0,0,0,0,0.00,0,0,0,0,0.00,0.00,1,-4,0,0,0,1,9,5,5.0,5.0,0,0,0,5,0,NA,0,0,28.2%,NA,NA,NA,0,NA,0,1,0.000,0.0,12,2.0%,0.42,0,NA,NA,NA,NA,NA,0.000,NA,5,NA,NA,vs NYJ,20,·,2.96,-1.5
16,11210,Malik Heath,WR,25.6,GB,0.0,0,0,0,0,0,0,0,0,0,0,0,0.0,0,0,0,0,0,0,0.00,0,0,0,0,0.00,0.00,0,0,0,0,0,0,0,0,0.0,0.0,0,0,0,0,0,NA,0,0,NA,NA,NA,NA,0,NA,0,0,NA,NA,NA,NA,NA,0,NA,NA,NA,NA,NA,NA,NA,0,NA,NA,@ CHI,4,OUT,0.12,-0.1
16,6920,Isaiah Hodgins,WR,26.9,PIT,999.0,999,999,0,0,0,1,1,0,56,20,0,0.0,0,0,0,0,0,0,0.00,0,0,0,0,0.00,0.00,0,0,0,0,0,0,0,0,0.0,0.0,0,0,0,0,0,NA,0,0,35.7%,NA,NA,NA,0,NA,0,0,NA,0.0,14,0.0%,0.00,0,NA,NA,NA,NA,NA,0.000,NA,0,NA,NA,@ DET,2,·,6.86,-6.9
16,827,Tyrod Taylor,QB,36.2,NYJ,999.0,999,999,0,0,0,1,0,0,66,0,0,0.0,0,0,0,0,0,0,0.00,0,0,0,0,0.00,0.00,0,0,0,0,0,0,0,0,0.0,0.0,0,0,0,0,0,NA,0,0,0.0%,NA,NA,NA,0,NA,0,0,NA,NA,NA,NA,NA,0,NA,NA,NA,NA,NA,NA,NA,0,NA,NA,@ NO,23,OUT,17.37,-17.4
16,4351,Tim Patrick,WR,31.8,JAX,98.0,99,99,2.1,1.6,1.1,1,1,1,70,18,0,0.0,0,0,0,0,0,0,0.00,0,0,0,0,0.00,0.00,1,5,0,1,0,1,6,11,11.0,11.0,0,0,0,11,0,NA,0,0,25.7%,NA,NA,NA,0,NA,1,1,1.000,1.0,9,2.8%,1.22,0,NA,NA,NA,NA,NA,0.111,NA,11,NA,NA,@ DEN,27,·,1.47,0.6
16,5917,Mecole Hardman,WR,27.6,FA,999.0,999,999,0,0,0,1,1,0,50,0,0,0.0,0,0,0,0,0,0,0.00,0,0,0,0,0.00,0.00,0,0,0,0,0,0,0,0,0.0,0.0,0,0,0,0,0,NA,0,0,0.0%,NA,NA,NA,0,NA,0,0,NA,0.0,NA,NA,NA,0,NA,NA,NA,NA,NA,NA,NA,0,NA,NA,NA,,IR,IR,IR
16,6850,Harrison Bryant,TE,27.4,HOU,999.0,999,999,0,0,0,1,1,0,65,6,0,0.0,0,0,0,0,0,0,0.00,0,0,0,0,0.00,0.00,0,0,0,0,0,0,0,0,0.0,0.0,0,0,0,0,0,NA,0,0,9.2%,NA,NA,NA,0,NA,0,0,NA,0.0,4,0.0%,0.00,0,NA,NA,NA,NA,NA,0.000,NA,0,NA,NA,vs LV,29,·,0.16,-0.2
16,8118,David Bell,WR,24.8,CLE,0.0,0,0,0,0,0,0,0,0,0,0,0,0.0,0,0,0,0,0,0,0.00,0,0,0,0,0.00,0.00,0,0,0,0,0,0,0,0,0.0,0.0,0,0,0,0,0,NA,0,0,NA,NA,NA,NA,0,NA,0,0,NA,NA,NA,NA,NA,0,NA,NA,NA,NA,NA,NA,NA,0,NA,NA,vs BUF,20,NA,NA,NA
16,11729,Sione Vaki,RB,24.2,DET,999.0,999,999,0,0,0,1,1,0,74,0,0,0.0,0,0,0,0,0,0,0.00,0,0,0,0,0.00,0.00,0,0,0,0,0,0,0,0,0.0,0.0,0,0,0,0,0,NA,0,0,0.0%,NA,NA,NA,0,NA,0,0,NA,0.0,NA,NA,NA,0,NA,NA,NA,NA,NA,NA,NA,0,NA,NA,vs PIT,22,·,0.7,-0.7
16,5086,Marquez Valdes-Scantling,WR,31.0,SF,107.0,107,108,1.6,1.1,0.6,1,1,0,74,31,0,0.0,0,0,0,0,0,0,0.00,0,0,0,0,0.00,0.00,1,6,0,1,0,3,0,6,6.0,2.0,0,0,0,6,0,NA,0,0,41.9%,NA,NA,NA,0,NA,1,3,0.333,1.0,26,7.3%,0.23,0,NA,NA,NA,NA,NA,0.038,NA,6,NA,NA,@ IND,5,·,2.68,-1.1
16,829,Andy Dalton,QB,37.9,CAR,999.0,999,999,0,0,0,1,0,0,54,0,0,0.0,0,0,0,0,0,0,0.00,0,0,0,0,0.00,0.00,0,0,0,0,0,0,0,0,0.0,0.0,0,0,0,0,0,NA,0,0,0.0%,NA,NA,NA,0,NA,0,0,NA,NA,NA,NA,NA,0,NA,NA,NA,NA,NA,NA,NA,0,NA,NA,vs TB,3,·,·,·
16,3257,Jacoby Brissett,QB,32.8,ARI,23.0,23,23,11.62,11.62,11.62,1,1,1,57,57,0,51.6,114,31,16,8,15,1,69.70,208,2,1,203,6.55,12.69,0,0,0,0,0,0,0,0,0.0,0.0,1,0,1,5,0,NA,5,5,100.0%,NA,NA,NA,1,NA,10,32,NA,NA,NA,NA,NA,9,29.0%,3.05,9.7%,33.3%,8.40,NA,33,208,-4.6%,-0.10,vs ATL,14,·,20.57,-9.0
16,7608,Khalil Herbert,RB,27.4,SEA,999.0,999,999,0,0,0,1,1,0,66,0,0,0.0,0,0,0,0,0,0,0.00,0,0,0,0,0.00,0.00,0,0,0,0,0,0,0,0,0.0,0.0,0,0,0,0,0,NA,0,0,0.0%,NA,NA,NA,0,NA,0,0,NA,0.0,NA,NA,NA,0,NA,NA,NA,NA,NA,NA,NA,0,NA,NA,vs LAR,32,·,0.02,0.0
16,3634,Kalif Raymond,WR,31.1,DET,18.0,16,15,16.2,14.2,12.2,1,1,0,74,19,0,0.0,0,0,0,0,0,0,0.00,0,0,0,0,0.00,0.00,4,16,0,3,1,5,46,62,15.5,12.4,0,0,0,62,0,NA,0,0,25.7%,NA,NA,NA,0,NA,4,5,0.800,4.0,17,9.3%,3.65,0,NA,NA,NA,NA,NA,0.176,NA,62,NA,NA,vs PIT,11,·,3.65,12.6
16,6126,Irv Smith,TE,27.1,HOU,0.0,0,0,0,0,0,0,0,0,0,0,0,0.0,0,0,0,0,0,0,0.00,0,0,0,0,0.00,0.00,0,0,0,0,0,0,0,0,0.0,0.0,0,0,0,0,0,NA,0,0,NA,NA,NA,NA,0,NA,0,0,NA,NA,NA,NA,NA,0,NA,NA,NA,NA,NA,NA,NA,0,NA,NA,vs LV,29,Q,Q,Q
16,10857,Stetson Bennett,QB,27.9,LAR,0.0,0,0,0,0,0,0,0,0,0,0,0,0.0,0,0,0,0,0,0,0.00,0,0,0,0,0.00,0.00,0,0,0,0,0,0,0,0,0.0,0.0,0,0,0,0,0,NA,0,0,NA,NA,NA,NA,0,NA,0,0,NA,NA,NA,NA,NA,0,NA,NA,NA,NA,NA,NA,NA,0,NA,NA,@ SEA,13,OUT,OUT,OUT
16,6144,Trayveon Williams,RB,27.9,FA,34.0,39,43,9.5,7.5,5.5,1,1,0,66,20,0,0.0,0,0,0,0,0,0,0.00,17,0,0,0,0.00,0.00,4,-18,0,2,0,4,56,38,9.5,9.5,3,0,1,55,0,14,17,5.67,30.3%,1,4.50,0.333,1,0.783,3,7,0.429,3.0,NA,13.3%,NA,0,NA,NA,NA,NA,NA,NA,NA,55,NA,NA,NA,,·,1.44,8.1
16,12473,Mitchell Evans,TE,22.5,CAR,30.0,31,33,5.3,3.8,2.3,1,1,1,54,16,0,0.0,0,0,0,0,0,0,0.00,0,0,0,0,0.00,0.00,3,14,0,1,0,3,9,23,7.7,7.7,0,0,0,23,0,NA,0,0,29.6%,NA,NA,NA,0,NA,1,3,0.333,1.0,6,9.4%,3.83,0,NA,NA,NA,NA,NA,0.167,NA,23,NA,NA,vs TB,5,·,1.86,3.4
16,5374,Justin Watson,WR,29.5,HOU,999.0,999,999,0,0,0,1,0,0,0,0,0,0.0,0,0,0,0,0,0,0.00,0,0,0,0,0.00,0.00,0,0,0,0,0,0,0,0,0.0,0.0,0,0,0,0,0,NA,0,0,NA,NA,NA,NA,0,NA,0,0,NA,NA,NA,NA,NA,0,NA,NA,NA,NA,NA,NA,NA,0,NA,NA,vs LV,7,IR,IR,IR
16,10223,Eric Gray,RB,25.9,NYG,999.0,999,999,0,0,0,1,0,0,56,0,0,0.0,0,0,0,0,0,0,0.00,0,0,0,0,0.00,0.00,0,0,0,0,0,0,0,0,0.0,0.0,0,0,0,0,0,NA,0,0,0.0%,NA,NA,NA,0,NA,0,0,NA,NA,NA,NA,NA,0,NA,NA,NA,NA,NA,NA,NA,0,NA,NA,vs MIN,18,·,·,·
16,6012,Travis Homer,RB,27.1,CHI,999.0,999,999,0,0,0,1,1,0,64,0,0,0.0,0,0,0,0,0,0,0.00,0,0,0,0,0.00,0.00,0,0,0,0,0,0,0,0,0.0,0.0,0,0,0,0,0,NA,0,0,0.0%,NA,NA,NA,0,NA,0,0,NA,0.0,NA,NA,NA,0,NA,NA,NA,NA,NA,NA,NA,0,NA,NA,vs GB,25,OUT,0.03,0.0
16,3202,Austin Hooper,TE,30.9,NE,29.0,26,22,5.4,4.4,3.4,1,1,0,74,23,0,0.0,0,0,0,0,0,0,0.00,0,0,0,0,0.00,0.00,2,32,0,1,0,4,2,34,17.0,8.5,0,0,0,34,0,NA,0,0,31.1%,NA,NA,NA,0,NA,1,4,0.250,1.0,13,9.1%,2.62,0,NA,NA,NA,NA,NA,0.077,NA,34,NA,NA,@ BAL,27,·,2.39,3.0
16,4972,Mason Rudolph,QB,30.2,PIT,999.0,999,999,0,0,0,1,0,0,74,0,0,0.0,0,0,0,0,0,0,0.00,0,0,0,0,0.00,0.00,0,0,0,0,0,0,0,0,0.0,0.0,0,0,0,0,0,NA,0,0,0.0%,NA,NA,NA,0,NA,0,0,NA,NA,NA,NA,NA,0,NA,NA,NA,NA,NA,NA,NA,0,NA,NA,@ DET,5,·,·,·
16,9489,Justin Shorter,WR,25.4,LV,999.0,999,999,0,0,0,1,0,0,0,0,0,0.0,0,0,0,0,0,0,0.00,0,0,0,0,0.00,0.00,0,0,0,0,0,0,0,0,0.0,0.0,0,0,0,0,0,NA,0,0,NA,NA,NA,NA,0,NA,0,0,NA,NA,NA,NA,NA,0,NA,NA,NA,NA,NA,NA,NA,0,NA,NA,@ HOU,30,·,·,·
16,8219,Jelani Woods,TE,27.0,NYJ,999.0,999,999,0,0,0,1,1,1,66,13,0,0.0,0,0,0,0,0,0,0.00,0,0,0,0,0.00,0.00,0,0,0,0,0,2,0,0,0.0,0.0,0,0,0,0,0,NA,0,0,19.7%,NA,NA,NA,0,NA,0,2,0.000,0.0,NA,NA,NA,0,NA,NA,NA,NA,NA,NA,NA,0,NA,NA,@ NO,23,·,0.1,-0.1
16,7535,Hunter Long,TE,27.1,JAX,0.0,0,0,0,0,0,0,0,0,0,0,0,0.0,0,0,0,0,0,0,0.00,0,0,0,0,0.00,0.00,0,0,0,0,0,0,0,0,0.0,0.0,0,0,0,0,0,NA,0,0,NA,NA,NA,NA,0,NA,0,0,NA,NA,NA,NA,NA,0,NA,NA,NA,NA,NA,NA,NA,0,NA,NA,@ DEN,12,OUT,1.67,-1.7
16,9495,Rakim Jarrett,WR,24.7,FA,0.0,0,0,0,0,0,0,0,0,0,0,0,0.0,0,0,0,0,0,0,0.00,0,0,0,0,0.00,0.00,0,0,0,0,0,0,0,0,0.0,0.0,0,0,0,0,0,NA,0,0,NA,NA,NA,NA,0,NA,0,0,NA,NA,NA,NA,NA,0,NA,NA,NA,NA,NA,NA,NA,0,NA,NA,NA,,·,·,·
16,12048,George Holani,RB,25.8,SEA,999.0,999,999,0,0,0,1,0,0,0,0,0,0.0,0,0,0,0,0,0,0.00,0,0,0,0,0.00,0.00,0,0,0,0,0,0,0,0,0.0,0.0,0,0,0,0,0,NA,0,0,NA,NA,NA,NA,0,NA,0,0,NA,NA,NA,NA,NA,0,NA,NA,NA,NA,NA,NA,NA,0,NA,NA,vs LAR,32,IR,IR,IR
16,7757,Ben Skowronek,WR,28.2,PIT,999.0,999,999,0,0,0,1,1,0,74,1,0,0.0,0,0,0,0,0,0,0.00,0,0,0,0,0.00,0.00,0,0,0,0,0,0,0,0,0.0,0.0,0,0,0,0,0,NA,0,0,1.4%,NA,NA,NA,0,NA,0,0,NA,0.0,NA,NA,NA,0,NA,NA,NA,NA,NA,NA,NA,0,NA,NA,@ DET,2,·,0.32,-0.3
16,6427,Ashton Dulin,WR,28.4,IND,999.0,999,999,0,0,0,1,0,0,0,0,0,0.0,0,0,0,0,0,0,0.00,0,0,0,0,0.00,0.00,0,0,0,0,0,0,0,0,0.0,0.0,0,0,0,0,0,NA,0,0,NA,NA,NA,NA,0,NA,0,0,NA,NA,NA,NA,NA,0,NA,NA,NA,NA,NA,NA,NA,0,NA,NA,vs SF,29,IR,IR,IR
16,6001,Drew Sample,TE,29.4,CIN,31.0,28,24,5.1,4.1,3.1,1,1,1,61,40,0,0.0,0,0,0,0,0,0,0.00,0,0,0,0,0.00,0.00,2,-3,0,1,0,2,34,31,15.5,15.5,0,0,0,31,0,NA,0,0,65.6%,NA,NA,NA,0,NA,1,2,0.500,1.0,10,6.1%,3.10,0,NA,NA,NA,NA,NA,0.100,NA,31,NA,NA,@ MIA,2,·,1.27,3.8
16,8116,Pierre Strong Jr.,RB,26.8,GB,999.0,999,999,0,0,0,1,0,0,0,0,0,0.0,0,0,0,0,0,0,0.00,0,0,0,0,0.00,0.00,0,0,0,0,0,0,0,0,0.0,0.0,0,0,0,0,0,NA,0,0,NA,NA,NA,NA,0,NA,0,0,NA,NA,NA,NA,NA,0,NA,NA,NA,NA,NA,NA,NA,0,NA,NA,@ CHI,20,OUT,OUT,OUT
16,6847,Devin Duvernay,WR,28.0,CHI,999.0,999,999,0,0,0,1,1,0,64,6,0,0.0,0,0,0,0,0,0,0.00,0,0,0,0,0.00,0.00,0,0,0,0,0,0,0,0,0.0,0.0,0,0,0,0,0,NA,0,0,9.4%,NA,NA,NA,0,NA,0,0,NA,0.0,2,0.0%,0.00,0,NA,NA,NA,NA,NA,0.000,NA,0,NA,NA,vs GB,13,·,0.16,-0.2
16,11716,Tip Reiman,TE,24.0,ARI,999.0,999,999,0,0,0,1,0,0,0,0,0,0.0,0,0,0,0,0,0,0.00,0,0,0,0,0.00,0.00,0,0,0,0,0,0,0,0,0.0,0.0,0,0,0,0,0,NA,0,0,NA,NA,NA,NA,0,NA,0,0,NA,NA,NA,NA,NA,0,NA,NA,NA,NA,NA,NA,NA,0,NA,NA,vs ATL,31,IR,IR,IR
16,7602,Kylen Granson,TE,27.5,PHI,999.0,999,999,0,0,0,1,1,0,70,8,0,0.0,0,0,0,0,0,0,0.00,0,0,0,0,0.00,0.00,0,0,0,0,0,0,0,0,0.0,0.0,0,0,0,0,0,NA,0,0,11.4%,NA,NA,NA,0,NA,0,0,NA,0.0,1,0.0%,0.00,0,NA,NA,NA,NA,NA,0.000,NA,0,NA,NA,@ WAS,4,·,0.35,-0.4
16,2749,Raheem Mostert,RB,33.5,LV,64.0,65,68,1.9,1.4,0.9,1,1,0,54,4,0,0.0,0,0,0,0,0,0,0.00,6,0,0,0,0.00,0.00,1,-1,0,0,0,1,4,3,3.0,3.0,1,1,0,9,0,5,6,6,7.4%,1,4.80,1.000,0,1.480,0,2,0.000,0.0,NA,4.3%,NA,0,NA,NA,NA,NA,NA,NA,NA,9,NA,NA,@ HOU,24,·,2.32,-0.4
16,8127,Charlie Kolar,TE,26.6,BAL,45.0,45,40,2.8,2.3,1.8,1,1,1,55,27,0,0.0,0,0,0,0,0,0,0.00,0,0,0,0,0.00,0.00,1,8,0,1,0,1,10,18,18.0,18.0,0,0,0,18,0,NA,0,0,49.1%,NA,NA,NA,0,NA,1,1,1.000,1.0,6,5.0%,3.00,0,NA,NA,NA,NA,NA,0.167,NA,18,NA,NA,vs NE,9,·,2.31,0.5
16,7585,Davis Mills,QB,26.9,HOU,999.0,999,999,0,0,0,1,0,0,65,0,0,0.0,0,0,0,0,0,0,0.00,0,0,0,0,0.00,0.00,0,0,0,0,0,0,0,0,0.0,0.0,0,0,0,0,0,NA,0,0,0.0%,NA,NA,NA,0,NA,0,0,NA,NA,NA,NA,NA,0,NA,NA,NA,NA,NA,NA,NA,0,NA,NA,vs LV,15,·,·,·
16,6290,Scotty Miller,WR,28.2,PIT,75.0,77,85,4.9,3.4,1.9,1,1,0,74,15,0,0.0,0,0,0,0,0,0,0.00,0,0,0,0,0.00,0.00,3,14,0,2,0,3,5,19,6.3,6.3,0,0,0,19,0,NA,0,0,20.3%,NA,NA,NA,0,NA,2,3,0.667,2.0,14,7.3%,1.36,0,NA,NA,NA,NA,NA,0.143,NA,19,NA,NA,@ DET,2,·,0.06,4.8
16,10228,Charlie Jones,WR,26.9,CIN,0.0,0,0,0,0,0,0,0,0,0,0,0,0.0,0,0,0,0,0,0,0.00,0,0,0,0,0.00,0.00,0,0,0,0,0,0,0,0,0.0,0.0,0,0,0,0,0,NA,0,0,NA,NA,NA,NA,0,NA,0,0,NA,NA,NA,NA,NA,0,NA,NA,NA,NA,NA,NA,NA,0,NA,NA,@ MIA,25,Q,0.21,-0.2
16,6659,Craig Reynolds,RB,29.3,DET,999.0,999,999,0,0,0,1,0,0,0,0,0,0.0,0,0,0,0,0,0,0.00,0,0,0,0,0.00,0.00,0,0,0,0,0,0,0,0,0.0,0.0,0,0,0,0,0,NA,0,0,NA,NA,NA,NA,0,NA,0,0,NA,NA,NA,NA,NA,0,NA,NA,NA,NA,NA,NA,NA,0,NA,NA,vs PIT,22,OUT,OUT,OUT
16,4574,Cooper Rush,QB,31.8,BAL,0.0,0,0,0,0,0,0,0,0,0,0,0,0.0,0,0,0,0,0,0,0.00,0,0,0,0,0.00,0.00,0,0,0,0,0,0,0,0,0.0,0.0,0,0,0,0,0,NA,0,0,NA,NA,NA,NA,0,NA,0,0,NA,NA,NA,NA,NA,0,NA,NA,NA,NA,NA,NA,NA,0,NA,NA,vs NE,17,OUT,OUT,OUT
16,4663,Austin Ekeler,RB,30.4,WAS,999.0,999,999,0,0,0,1,0,0,0,0,0,0.0,0,0,0,0,0,0,0.00,0,0,0,0,0.00,0.00,0,0,0,0,0,0,0,0,0.0,0.0,0,0,0,0,0,NA,0,0,NA,NA,NA,NA,0,NA,0,0,NA,NA,NA,NA,NA,0,NA,NA,NA,NA,NA,NA,NA,0,NA,NA,vs PHI,12,IR,IR,IR
16,8489,Andrew Ogletree,TE,27.2,IND,49.0,50,48,2.1,1.6,1.1,1,1,0,60,5,0,0.0,0,0,0,0,0,0,0.00,0,0,0,0,0.00,0.00,1,4,0,1,0,2,7,11,11.0,5.5,0,0,0,11,0,NA,0,0,8.3%,NA,NA,NA,0,NA,1,2,0.500,1.0,2,5.6%,5.50,0,NA,NA,NA,NA,NA,0.500,NA,11,NA,NA,vs SF,6,·,0.53,1.6
16,8159,Desmond Ridder,QB,26.1,MIN,0.0,0,0,0,0,0,0,0,0,0,0,0,0.0,0,0,0,0,0,0,0.00,0,0,0,0,0.00,0.00,0,0,0,0,0,0,0,0,0.0,0.0,0,0,0,0,0,NA,0,0,NA,NA,NA,NA,0,NA,0,0,NA,NA,NA,NA,NA,0,NA,NA,NA,NA,NA,NA,NA,0,NA,NA,@ NYG,4,·,·,·
16,8253,Deven Thompkins,WR,25.8,ATL,999.0,999,999,0,0,0,1,1,0,77,2,0,0.0,0,0,0,0,0,0,0.00,0,0,0,0,0.00,0.00,0,0,0,0,0,0,0,0,0.0,0.0,0,0,0,0,0,NA,0,0,2.6%,NA,NA,NA,0,NA,0,0,NA,0.0,NA,NA,NA,0,NA,NA,NA,NA,NA,NA,NA,0,NA,NA,@ ARI,17,·,·,·
16,12725,Luke Lachey,TE,24.2,HOU,999.0,999,999,0,0,0,1,0,0,0,0,0,0.0,0,0,0,0,0,0,0.00,0,0,0,0,0.00,0.00,0,0,0,0,0,0,0,0,0.0,0.0,0,0,0,0,0,NA,0,0,NA,NA,NA,NA,0,NA,0,0,NA,NA,NA,NA,NA,0,NA,NA,NA,NA,NA,NA,NA,0,NA,NA,vs LV,29,·,·,·
16,,,,,,,,,,,,,,,,,,,,,,,,,,,,,,,,,,,,,,,,,,,,,,,NA,,,NA,NA,NA,NA,0,NA,0,0,NA,NA,NA,NA,NA,0,NA,NA,NA,NA,NA,NA,NA,0,NA,NA,NA,,·,·,·