SZN,SLPR_ID,PLAYER NAME,POS,AGE,TM,PRK_PPR,PRK_0.5P,PRK_STD,FPT_PPR,FPTS_0.5,FPTS_STD,GM_ACTV,GM_P,GM,TM_SNP,SNP,FUM,CMP PCT,paAY,paATT,CMP,pa1D,INC,INT,paRTG,pa.ruYDS,SAC,paTD,paYDS,paYPA,paYPC,REC,recAY,DRP,rec1D,recTD,TGT,YAC,recYDS,YPR,YPT,CAR,BTKL,ru1D,ru.recYDS,ruTD,YCO,ruYDS,YPC,SNP%,MTF,YCO/A,MTF/A,ruIMP,ELU,IMP,OPP,IMP/OPP,IMP/G,RR,TS%,YPRR,pIMP,pIMP/A,TTT,DP%,PRS%,AYA,1DRR,DB,YDS(t),VS,vsRK,INJ,PROJ,FPOE
2,4881,Lamar Jackson,QB,28.7,BAL,4,4,4,26.3,26.3,26.3,1,1,1,56,53,0,65.5%,159,29,19,6,10,0,128.60,238,3,4,225,7.76,11.84,0,0,0,0,0,0,0,0,0.0,0.0,2,0,0,13,0,NA,13,6.5,94.6%,NA,NA,NA,0,NA,10,31,NA,NA,NA,NA,NA,10,34.5%,2.91,20.7%,44.1%,10.7,NA,34,238,vs CLE,24,OUT,25.5,0.8
2,4984,Josh Allen,QB,29.3,BUF,25,25,25,11.82,11.82,11.82,1,1,1,75,65,0,56.0%,59,25,14,8,11,0,73.40,207,1,0,148,5.92,10.57,0,0,0,0,0,0,0,0,0.0,0.0,6,2,3,59,0,NA,59,9.83,86.7%,NA,NA,NA,3,NA,11,31,NA,NA,NA,NA,NA,8,32.0%,2.94,0.0%,26.7%,5.1,NA,30,207,@ NYJ,6,·,24.1,-12.3
2,7564,Ja'Marr Chase,WR,25.5,CIN,3,3,4,36.5,29.5,22.5,1,1,1,69,66,0,0.0%,0,0,0,0,0,0,0.00,0,0,0,0,0.00,0.00,14,73,0,9,1,16,92,165,11.8,10.3,0,0,0,165,0,NA,0,0,95.7%,NA,NA,NA,0,NA,10,16,0.625,10.0,47,35.6%,3.51,0,NA,NA,NA,NA,NA,0.191,NA,165,vs JAX,24,·,20.2,16.3
2,11566,Jayden Daniels,QB,24.7,WAS,16,16,16,19.7,19.7,19.7,1,1,1,69,69,0,57.1%,93,42,24,8,18,0,85.40,217,4,2,200,4.76,8.33,0,0,0,0,0,0,0,0,0.0,0.0,7,0,0,17,0,NA,17,2.43,100.0%,NA,NA,NA,0,NA,10,49,NA,NA,NA,NA,NA,10,23.8%,2.84,9.5%,39.6%,7.1,NA,53,217,@ GB,27,·,23.9,-4.2
2,9509,Bijan Robinson,RB,23.6,ATL,7,8,6,19.8,18.3,16.8,1,1,1,66,43,0,0.0%,0,0,0,0,0,0,0.00,143,0,0,0,0.00,0.00,3,8,1,0,0,5,17,25,8.3,5.0,22,4,5,168,0,112,143,6.5,65.2%,9,5.10,0.409,5,0.919,5,27,0.185,5.0,NA,23.8%,NA,0,NA,NA,NA,NA,NA,NA,NA,168,@ MIN,15,·,18.9,0.9
2,6794,Justin Jefferson,WR,26.2,MIN,38,38,39,11.1,9.6,8.1,1,1,1,47,47,0,0.0%,0,0,0,0,0,0,0.00,0,0,0,0,0.00,0.00,3,59,0,2,0,6,22,81,27.0,13.5,0,0,0,81,0,NA,0,0,100.0%,NA,NA,NA,0,NA,2,6,0.333,2.0,27,28.6%,3.00,0,NA,NA,NA,NA,NA,0.074,NA,81,vs ATL,30,·,18.4,-7.3
2,11632,Malik Nabers,WR,22.1,NYG,2,2,2,37.7,33.2,28.7,1,1,1,67,66,0,0.0%,0,0,0,0,0,0,0.00,0,0,0,0,0.00,0.00,9,146,1,4,2,13,21,167,18.6,12.9,0,0,0,167,0,NA,0,0,98.5%,NA,NA,NA,0,NA,6,13,0.462,6.0,44,31.7%,3.80,0,NA,NA,NA,NA,NA,0.091,NA,167,@ DAL,1,IR,16.3,21.4
2,9221,Jahmyr Gibbs,RB,23.5,DET,8,9,8,19.4,17.9,16.4,1,1,1,59,33,0,0.0%,0,0,0,0,0,0,0.00,94,0,0,0,0.00,0.00,3,-3,0,1,0,3,13,10,3.3,3.3,12,0,4,104,1,23,94,7.83,55.9%,3,1.90,0.250,5,0.440,6,15,0.400,6.0,NA,10.7%,NA,0,NA,NA,NA,NA,NA,NA,NA,104,vs CHI,7,·,19.9,-0.5
2,6786,CeeDee Lamb,WR,26.4,DAL,10.0,12,23,20.2,15.7,11.2,1,1,1,89,82,0,0.0%,0,0,0,0,0,0,0.00,0,0,0,0,0.00,0.00,9,96,1,4,0,11,16,112,12.4,10.2,0,0,0,112,0,NA,0,0,92.1%,NA,NA,NA,0,NA,4,11,0.364,4.0,52,21.2%,2.15,0,NA,NA,NA,NA,NA,0.077,NA,112,vs NYG,3,OUT,18.8,1.4
2,11604,Brock Bowers,TE,22.8,LV,14.0,16,18,8.8,6.3,3.8,1,1,0,70,54,0,0.0%,0,0,0,0,0,0,0.00,0,0,0,0,0.00,0.00,5,21,0,2,0,8,17,38,7.6,4.8,0,0,0,38,0,NA,0,0,77.1%,NA,NA,NA,0,NA,2,8,0.250,2.0,37,18.6%,1.03,0,NA,NA,NA,NA,NA,0.054,NA,38,vs LAC,26,OUT,14.8,-6.0
2,6904,Jalen Hurts,QB,27.1,PHI,26.0,26,26,11.54,11.54,11.54,1,1,1,60,60,1,68.2%,47,22,15,4,7,0,78.00,116,2,0,101,4.59,6.73,0,0,0,0,0,0,0,0,0.0,0.0,9,0,4,15,1,NA,15,1.67,100.0%,NA,NA,NA,5,NA,9,31,NA,NA,NA,NA,NA,4,18.2%,2.69,18.2%,36.0%,6.6,NA,25,116,@ KC,30,·,23.6,-12.1
2,9493,Puka Nacua,WR,24.3,LAR,6.0,6,6,27.6,23.6,19.6,1,1,1,61,42,0,0.0%,0,0,0,0,0,0,0.00,45,0,0,0,0.00,0.00,8,54,1,4,0,9,37,91,11.4,10.1,1,0,0,136,1,NA,45,45,68.9%,NA,NA,NA,1,NA,5,10,0.500,5.0,28,27.3%,3.25,0,NA,NA,NA,NA,NA,0.143,NA,136,@ TEN,9,·,19.1,8.5
2,6770,Joe Burrow,QB,28.8,CIN,30.0,30,30,7.04,7.04,7.04,1,1,1,69,21,0,53.8%,62,13,7,5,6,0,97.00,76,2,1,76,5.85,10.86,0,0,0,0,0,0,0,0,0.0,0.0,0,0,0,0,0,NA,0,0,30.4%,NA,NA,NA,0,NA,6,13,NA,NA,NA,NA,NA,6,46.2%,2.79,0.0%,33.3%,7.4,NA,15,76,vs JAX,26,IR,23.6,-16.6
2,7547,Amon-Ra St. Brown,WR,25.9,DET,1.0,1,1,39.2,34.7,30.2,1,1,1,59,50,0,0.0%,0,0,0,0,0,0,0.00,7,0,0,0,0.00,0.00,9,67,2,4,3,11,48,115,12.8,10.5,2,0,1,122,0,NA,7,3.5,84.7%,NA,NA,NA,1,NA,8,13,0.615,8.0,27,39.3%,4.26,0,NA,NA,NA,NA,NA,0.148,NA,122,vs CHI,23,·,16.8,22.4
2,12527,Ashton Jeanty,RB,21.8,LV,37.0,38,40,7.4,5.9,4.4,1,1,1,70,39,0,0.0%,0,0,0,0,0,0,0.00,43,0,0,0,0.00,0.00,3,-19,0,0,0,4,20,1,0.3,0.3,11,5,3,44,0,43,43,3.91,55.7%,7,3.90,0.636,3,1.026,3,15,0.200,3.0,NA,9.3%,NA,0,NA,NA,NA,NA,NA,NA,NA,44,vs LAC,25,·,17.9,-10.5
2,11631,Brian Thomas Jr.,WR,22.9,JAX,56.0,62,60,8.9,6.9,4.9,1,1,1,71,67,0,0.0%,0,0,0,0,0,0,0.00,0,0,0,0,0.00,0.00,4,48,2,3,0,12,1,49,12.3,4.1,0,0,0,49,0,NA,0,0,94.4%,NA,NA,NA,0,NA,3,12,0.250,3.0,41,28.6%,1.20,0,NA,NA,NA,NA,NA,0.073,NA,49,@ CIN,11,·,17.0,-8.1
2,6797,Justin Herbert,QB,27.5,LAC,18.0,18,18,18.78,18.78,18.78,1,1,1,58,58,2,70.4%,158,27,19,6,8,0,122.80,273,2,2,242,8.96,12.74,0,0,0,0,0,0,0,0,0.0,0.0,9,0,2,31,0,NA,31,3.44,100.0%,NA,NA,NA,2,NA,10,36,NA,NA,NA,NA,NA,8,29.6%,2.95,7.4%,24.2%,9.3,NA,33,273,@ LV,13,·,20.6,-1.8
2,8112,Drake London,WR,24.2,ATL,75.0,77,79,5.9,4.4,2.9,1,1,1,66,56,1,0.0%,0,0,0,0,0,0,0.00,0,0,0,0,0.00,0.00,3,24,0,2,0,4,25,49,16.3,12.3,0,0,0,49,0,NA,0,0,84.8%,NA,NA,NA,0,NA,2,4,0.500,2.0,24,19.0%,2.04,0,NA,NA,NA,NA,NA,0.083,NA,49,@ MIN,32,·,15.5,-9.6
2,9488,Jaxon Smith-Njigba,WR,23.6,SEA,13.0,19,28,18.3,14.3,10.3,1,1,1,65,42,0,0.0%,0,0,0,0,0,0,0.00,0,0,0,0,0.00,0.00,8,74,0,4,0,10,29,103,12.9,10.3,0,0,0,103,0,NA,0,0,64.6%,NA,NA,NA,0,NA,4,10,0.400,4.0,31,30.3%,3.32,0,NA,NA,NA,NA,NA,0.129,NA,103,@ PIT,22,·,17.6,0.7
2,4866,Saquon Barkley,RB,28.6,PHI,12.0,10,10,17.4,16.4,15.4,1,1,1,60,50,0,0.0%,0,0,0,0,0,0,0.00,88,0,0,0,0.00,0.00,2,-9,0,0,0,2,15,6,3.0,3.0,22,0,2,94,1,46,88,4,83.3%,2,2.10,0.091,3,0.301,3,24,0.125,3.0,NA,9.1%,NA,0,NA,NA,NA,NA,NA,NA,NA,94,@ KC,22,Q,18.6,-1.2
2,8130,Trey McBride,TE,25.8,ARI,5.0,5,8,13.8,10.8,7.8,1,1,1,55,50,0,0.0%,0,0,0,0,0,0,0.00,0,0,0,0,0.00,0.00,6,56,0,4,0,7,22,78,13.0,11.1,0,0,0,78,0,NA,0,0,90.9%,NA,NA,NA,0,NA,4,7,0.571,4.0,25,28.0%,3.12,0,NA,NA,NA,NA,NA,0.160,NA,78,vs CAR,2,·,15.7,-1.9
2,7569,Nico Collins,WR,26.5,HOU,30.0,29,24,14.2,12.7,11.2,1,1,1,49,44,0,0.0%,0,0,0,0,0,0,0.00,0,0,0,0,0.00,0.00,3,46,0,1,1,9,6,52,17.3,5.8,0,0,0,52,0,NA,0,0,89.8%,NA,NA,NA,0,NA,2,9,0.222,2.0,23,37.5%,2.26,0,NA,NA,NA,NA,NA,0.043,NA,52,vs TB,16,·,17.3,-3.1
2,11564,Drake Maye,QB,23.0,NE,3.0,3,3,26.3,26.3,26.3,1,1,1,60,60,0,82.6%,101,23,19,7,4,0,137.30,261,3,2,230,10.00,12.11,0,0,0,0,0,0,0,0,0.0,0.0,10,0,3,31,1,NA,31,3.1,100.0%,NA,NA,NA,4,NA,13,33,NA,NA,NA,NA,NA,9,39.1%,2.57,4.3%,36.7%,6.0,NA,30,261,@ MIA,3,·,18.9,7.4
2,12514,Emeka Egbuka,WR,22.9,TB,32.0,32,33,12.9,10.9,8.9,1,1,1,80,74,0,0.0%,0,0,0,0,0,0,0.00,0,0,0,0,0.00,0.00,4,-9,1,2,1,7,38,29,7.3,4.1,0,0,0,29,0,NA,0,0,92.5%,NA,NA,NA,0,NA,3,7,0.429,3.0,41,18.4%,0.71,0,NA,NA,NA,NA,NA,0.049,NA,29,@ HOU,26,·,13.0,-0.1
2,11635,Ladd McConkey,WR,23.9,LAC,47.0,52,62,9.8,7.3,4.8,1,1,0,58,43,0,0.0%,0,0,0,0,0,0,0.00,0,0,0,0,0.00,0.00,5,32,0,2,0,5,16,48,9.6,9.6,0,0,0,48,0,NA,0,0,74.1%,NA,NA,NA,0,NA,2,5,0.400,2.0,25,18.5%,1.92,0,NA,NA,NA,NA,NA,0.080,NA,48,@ LV,4,·,15.6,-5.8
2,4046,Patrick Mahomes,QB,30.0,KC,6.0,6,6,23.08,23.08,23.08,1,1,1,60,60,0,55.2%,119,29,16,6,13,1,72.10,253,2,1,187,6.45,11.69,0,0,0,0,0,0,0,0,0.0,0.0,7,1,4,66,1,NA,66,9.43,100.0%,NA,NA,NA,5,NA,12,36,NA,NA,NA,NA,NA,7,24.1%,2.59,13.8%,28.9%,9.7,NA,38,253,vs PHI,16,·,21.6,1.5
2,11584,Bucky Irving,RB,23.1,TB,11.0,14,20,18.1,15.1,12.1,1,1,1,80,57,0,0.0%,0,0,0,0,0,0,0.00,71,0,0,0,0.00,0.00,6,-13,0,2,0,6,63,50,8.3,8.3,17,3,2,121,0,58,71,4.18,71.3%,11,3.40,0.647,2,0.987,4,23,0.174,4.0,NA,15.8%,NA,0,NA,NA,NA,NA,NA,NA,NA,121,@ HOU,20,OUT,17.2,0.9
2,9226,De'Von Achane,RB,23.9,MIA,3.0,3,4,26.2,22.2,18.2,1,1,1,57,53,0,0.0%,0,0,0,0,0,0,0.00,30,0,0,0,0.00,0.00,8,-10,0,3,1,10,102,92,11.5,9.2,11,0,0,122,0,18,30,2.73,93.0%,8,1.60,0.727,0,0.887,4,21,0.190,4.0,NA,31.3%,NA,0,NA,NA,NA,NA,NA,NA,NA,122,vs NE,27,·,20.8,5.4
2,6804,Jordan Love,QB,26.9,GB,13.0,13,13,20.88,20.88,20.88,1,1,1,68,68,0,61.3%,162,31,19,12,12,0,113.90,304,2,2,292,9.42,15.37,0,0,0,0,0,0,0,0,0.0,0.0,3,1,1,12,0,NA,12,4,100.0%,NA,NA,NA,1,NA,15,34,NA,NA,NA,NA,NA,14,45.2%,3.14,22.6%,47.1%,14.5,NA,34,304,vs WAS,8,·,19.8,1.1
2,11563,Bo Nix,QB,25.6,DEN,11.0,11,11,21.24,21.24,21.24,1,1,1,58,58,0,73.3%,83,30,22,8,8,1,111.20,226,0,3,206,6.87,9.36,0,0,0,0,0,0,0,0,0.0,0.0,3,0,1,20,0,NA,20,6.67,100.0%,NA,NA,NA,1,NA,12,33,NA,NA,NA,NA,NA,11,36.7%,2.65,6.7%,12.5%,4.9,NA,32,226,@ IND,22,·,20.5,0.7
2,12526,Tetairoa McMillan,WR,22.4,CAR,21.0,27,29,16,13,10,1,1,1,85,72,0,0.0%,0,0,0,0,0,0,0.00,0,0,0,0,0.00,0.00,6,51,1,5,0,10,49,100,16.7,10.0,0,0,0,100,0,NA,0,0,84.7%,NA,NA,NA,0,NA,5,10,0.500,5.0,51,18.2%,1.96,0,NA,NA,NA,NA,NA,0.098,NA,100,@ ARI,14,·,14.6,1.4
2,12507,Omarion Hampton,RB,22.5,LAC,53.0,52,49,3.5,3,2.5,1,1,1,58,36,0,0.0%,0,0,0,0,0,0,0.00,24,0,0,0,0.00,0.00,1,-2,0,0,0,2,3,1,1.0,0.5,8,3,2,25,0,30,24,3,62.1%,4,3.80,0.500,2,0.880,2,10,0.200,2.0,NA,7.4%,NA,0,NA,NA,NA,NA,NA,NA,NA,25,@ LV,10,OUT,14.3,-10.8
2,11628,Marvin Harrison Jr.,WR,23.1,ARI,83.0,81,81,4.7,3.7,2.7,1,1,1,55,51,0,0.0%,0,0,0,0,0,0,0.00,0,0,0,0,0.00,0.00,2,14,1,1,0,5,13,27,13.5,5.4,0,0,0,27,0,NA,0,0,92.7%,NA,NA,NA,0,NA,1,5,0.200,1.0,25,20.0%,1.08,0,NA,NA,NA,NA,NA,0.040,NA,27,vs CAR,29,·,13.8,-9.1
2,6813,Jonathan Taylor,RB,26.6,IND,1.0,1,1,29.5,28.5,27.5,1,1,1,71,66,0,0.0%,0,0,0,0,0,0,0.00,165,0,0,0,0.00,0.00,2,2,0,1,1,2,48,50,25.0,25.0,25,1,4,215,0,153,165,6.6,93.0%,10,6.10,0.400,4,1.010,6,27,0.222,6.0,NA,5.9%,NA,0,NA,NA,NA,NA,NA,NA,NA,215,vs DEN,19,·,18.0,11.5
2,8146,Garrett Wilson,WR,25.2,NYJ,55.0,61,59,9,7,5,1,1,1,47,44,1,0.0%,0,0,0,0,0,0,0.00,0,0,0,0,0.00,0.00,4,42,1,2,0,8,8,50,12.5,6.3,0,0,0,50,0,NA,0,0,93.6%,NA,NA,NA,0,NA,2,8,0.250,2.0,26,36.4%,1.92,0,NA,NA,NA,NA,NA,0.077,NA,50,vs BUF,20,·,15.2,-6.2
2,12518,Tyler Warren,TE,23.3,IND,7.0,7,6,11.9,9.9,7.9,1,1,1,71,66,0,0.0%,0,0,0,0,0,0,0.00,0,0,0,0,0.00,0.00,4,25,0,4,0,7,54,79,19.8,11.3,1,0,0,79,0,NA,0,0,93.0%,NA,NA,NA,0,NA,4,8,0.500,4.0,30,20.6%,2.63,0,NA,NA,NA,NA,NA,0.133,NA,79,vs DEN,24,·,10.6,1.3
2,12529,TreVeyon Henderson,RB,22.9,NE,42.0,42,41,6,5,4,1,1,0,60,19,0,0.0%,0,0,0,0,0,0,0.00,10,0,0,0,0.00,0.00,2,2,0,2,0,2,28,30,15.0,15.0,3,0,1,40,0,14,10,3.33,31.7%,2,4.60,0.667,1,1.127,3,5,0.600,3.0,NA,8.7%,NA,0,NA,NA,NA,NA,NA,NA,NA,40,@ MIA,4,·,12.4,-6.4
2,11560,Caleb Williams,QB,23.8,CHI,20.0,20,20,17.98,17.98,17.98,1,1,1,68,57,0,63.3%,134,30,19,8,11,1,91.90,234,4,2,207,6.90,10.89,0,0,0,0,0,0,0,0,0.0,0.0,5,0,2,27,0,NA,27,5.4,83.8%,NA,NA,NA,2,NA,12,35,NA,NA,NA,NA,NA,10,33.3%,3.16,16.7%,43.2%,9.4,NA,37,234,@ DET,11,·,18.6,-0.6
2,9758,C.J. Stroud,QB,24.0,HOU,23.0,23,23,14.98,14.98,14.98,1,1,1,49,49,0,54.2%,83,24,13,6,11,0,97.00,234,3,1,207,8.63,15.92,0,0,0,0,0,0,0,0,0.0,0.0,4,0,1,27,0,NA,27,6.75,100.0%,NA,NA,NA,1,NA,8,28,NA,NA,NA,NA,NA,7,29.2%,3.15,12.5%,36.7%,8.6,NA,30,234,vs TB,4,·,17.7,-2.7
2,9224,Chase Brown,RB,25.5,CIN,35.0,34,33,8.5,7.5,6.5,1,1,1,69,49,0,0.0%,0,0,0,0,0,0,0.00,47,0,0,0,0.00,0.00,2,8,0,1,0,3,10,18,9.0,6.0,16,0,4,65,0,48,47,2.94,71.0%,3,3.00,0.188,4,0.488,5,19,0.263,5.0,NA,6.7%,NA,0,NA,NA,NA,NA,NA,NA,NA,65,vs JAX,29,·,19.6,-11.1
2,4892,Baker Mayfield,QB,30.4,TB,15.0,15,15,19.9,19.9,19.9,1,1,1,80,80,1,65.8%,86,38,25,10,13,0,98.00,248,4,2,215,5.66,8.60,0,0,0,0,0,0,0,0,0.0,0.0,3,2,3,33,0,NA,33,11,100.0%,NA,NA,NA,3,NA,15,41,NA,NA,NA,NA,NA,12,31.6%,2.43,13.2%,40.0%,7.6,NA,45,248,@ HOU,32,·,21.0,-1.1
2,11620,Rome Odunze,WR,23.3,CHI,4.0,4,3,31.8,28.3,24.8,1,1,1,68,68,0,0.0%,0,0,0,0,0,0,0.00,0,0,0,0,0.00,0.00,7,89,1,4,2,11,39,128,18.3,11.6,0,0,0,128,0,NA,0,0,100.0%,NA,NA,NA,0,NA,6,11,0.545,6.0,37,33.3%,3.46,0,NA,NA,NA,NA,NA,0.108,NA,128,@ DET,6,·,10.9,20.9
2,8138,James Cook,RB,26.0,BUF,2.0,2,2,26.5,26,25.5,1,1,1,75,35,1,0.0%,0,0,0,0,0,0,0.00,132,0,0,0,0.00,0.00,1,-6,0,0,0,1,9,3,3.0,3.0,21,4,4,135,2,107,132,6.29,46.7%,6,5.10,0.286,6,0.796,6,22,0.273,6.0,NA,3.7%,NA,0,NA,NA,NA,NA,NA,NA,NA,135,@ NYJ,9,·,15.9,10.6
2,11559,Michael Penix Jr.,QB,25.4,ATL,32.0,32,32,5.3,5.3,5.3,1,1,1,66,66,0,61.9%,76,21,13,5,8,0,80.50,134,3,0,135,6.43,10.38,0,0,0,0,0,0,0,0,0.0,0.0,1,0,0,-1,0,NA,-1,-1,100.0%,NA,NA,NA,0,NA,5,22,NA,NA,NA,NA,NA,5,23.8%,2.82,0.0%,33.3%,6.7,NA,24,134,@ MIN,28,·,17.9,-12.6
2,5850,Josh Jacobs,RB,27.6,GB,21.0,18,13,14.4,14.4,14.4,1,1,1,68,53,0,0.0%,0,0,0,0,0,0,0.00,84,0,0,0,0.00,0.00,0,0,0,0,0,0,0,0,0.0,0.0,23,1,3,84,1,83,84,3.65,77.9%,7,3.60,0.304,4,0.664,4,23,0.174,4.0,NA,0.0%,NA,0,NA,NA,NA,NA,NA,NA,NA,84,vs WAS,21,·,18.5,-4.1
2,8183,Brock Purdy,QB,25.7,SF,0.0,0,0,0,0,0,0,0,0,0,0,0,0.0%,0,0,0,0,0,0,0.00,0,0,0,0,0.00,0.00,0,0,0,0,0,0,0,0,0.0,0.0,0,0,0,0,0,NA,0,0,NA,NA,NA,NA,0,NA,0,0,NA,NA,NA,NA,NA,0,NA,NA,NA,NA,NA,NA,NA,0,@ NO,5,OUT,OUT,OUT
2,6801,Tee Higgins,WR,26.7,CIN,28.0,26,21,14.6,13.1,11.6,1,1,1,69,60,0,0.0%,0,0,0,0,0,0,0.00,0,0,0,0,0.00,0.00,3,40,0,1,1,8,16,56,18.7,7.0,0,0,0,56,0,NA,0,0,87.0%,NA,NA,NA,0,NA,2,8,0.250,2.0,46,17.8%,1.22,0,NA,NA,NA,NA,NA,0.022,NA,56,vs JAX,24,·,15.3,-0.7
2,8150,Kyren Williams,RB,25.0,LAR,30.0,30,29,10,9,8,1,1,1,61,43,0,0.0%,0,0,0,0,0,0,0.00,66,0,0,0,0.00,0.00,2,7,0,0,0,2,7,14,7.0,7.0,17,0,3,80,0,65,66,3.88,70.5%,5,3.80,0.294,3,0.674,3,19,0.158,3.0,NA,6.1%,NA,0,NA,NA,NA,NA,NA,NA,NA,80,@ TEN,3,·,17.3,-7.3
2,8155,Breece Hall,RB,24.3,NYJ,43.0,43,42,5.8,4.8,3.8,1,1,1,47,30,0,0.0%,0,0,0,0,0,0,0.00,29,0,0,0,0.00,0.00,2,4,0,0,0,3,5,9,4.5,3.0,10,0,2,38,0,28,29,2.9,63.8%,2,2.80,0.200,2,0.480,2,13,0.154,2.0,NA,13.6%,NA,0,NA,NA,NA,NA,NA,NA,NA,38,vs BUF,13,·,14.8,-9.0
2,12530,Travis Hunter,WR,22.3,JAX,78.0,82,88,5.2,3.7,2.2,1,1,0,71,42,0,0.0%,0,0,0,0,0,0,0.00,0,0,0,0,0.00,0.00,3,0,1,1,0,6,22,22,7.3,3.7,0,0,0,22,0,NA,0,0,59.2%,NA,NA,NA,0,NA,1,6,0.167,1.0,26,14.3%,0.85,0,NA,NA,NA,NA,NA,0.038,NA,22,@ CIN,11,·,10.8,-5.6
2,12522,Cam Ward,QB,23.3,TEN,27.0,27,27,9.8,9.8,9.8,1,1,1,66,66,1,57.6%,95,33,19,9,14,0,82.30,183,5,1,175,5.30,9.21,0,0,0,0,0,0,0,0,0.0,0.0,4,0,2,8,0,NA,8,2,100.0%,NA,NA,NA,2,NA,12,37,NA,NA,NA,NA,NA,10,30.3%,2.89,3.0%,41.5%,7.2,NA,41,183,vs LAR,17,·,16.3,-6.5
2,11565,J.J. McCarthy,QB,22.6,MIN,33.0,33,33,4.82,4.82,4.82,1,1,1,47,47,3,52.4%,116,21,11,7,10,2,37.50,183,6,0,158,7.52,14.36,0,0,0,0,0,0,0,0,0.0,0.0,5,0,1,25,0,NA,25,5,100.0%,NA,NA,NA,1,NA,8,26,NA,NA,NA,NA,NA,7,33.3%,3.35,19.0%,53.3%,11.9,NA,30,183,vs ATL,31,OUT,19.7,-14.9
2,4034,Christian McCaffrey,RB,29.3,SF,5.0,5,7,22.7,19.7,16.7,1,1,1,71,55,0,0.0%,0,0,0,0,0,0,0.00,55,0,0,0,0.00,0.00,6,24,1,2,1,7,28,52,8.7,7.4,13,0,4,107,0,46,55,4.23,77.5%,3,3.50,0.231,4,0.581,7,20,0.350,7.0,NA,17.9%,NA,0,NA,NA,NA,NA,NA,NA,NA,107,@ NO,11,·,20.7,2.0
2,3198,Derrick Henry,RB,31.7,BAL,60.0,58,54,2.3,2.3,2.3,1,1,1,56,34,1,0.0%,0,0,0,0,0,0,0.00,23,0,0,0,0.00,0.00,0,0,0,0,0,0,0,0,0.0,0.0,11,0,1,23,0,24,23,2.09,60.7%,2,2.20,0.182,1,0.402,1,11,0.091,1.0,NA,0.0%,NA,0,NA,NA,NA,NA,NA,NA,NA,23,vs CLE,28,·,18.7,-16.4
2,10229,Rashee Rice,WR,25.4,KC,999.0,999,999,0,0,0,1,0,0,0,0,0,0.0%,0,0,0,0,0,0,0.00,0,0,0,0,0.00,0.00,0,0,0,0,0,0,0,0,0.0,0.0,0,0,0,0,0,NA,0,0,NA,NA,NA,NA,0,NA,0,0,NA,NA,NA,NA,NA,0,NA,NA,NA,NA,NA,NA,NA,0,vs PHI,15,SUS,SUS,SUS
2,5859,A.J. Brown,WR,28.2,PHI,67.0,72,82,7.7,5.2,2.7,1,1,1,60,58,0,0.0%,0,0,0,0,0,0,0.00,0,0,0,0,0.00,0.00,5,22,0,1,0,8,5,27,5.4,3.4,0,0,0,27,0,NA,0,0,96.7%,NA,NA,NA,0,NA,1,8,0.125,1.0,24,36.4%,1.13,0,NA,NA,NA,NA,NA,0.042,NA,27,@ KC,31,·,15.5,-7.8
2,9997,Zay Flowers,WR,25.0,BAL,27.0,31,42,14.9,11.4,7.9,1,1,1,56,44,0,0.0%,0,0,0,0,0,0,0.00,4,0,0,0,0.00,0.00,7,51,0,3,0,11,24,75,10.7,6.8,1,0,0,79,0,NA,4,4,78.6%,NA,NA,NA,0,NA,3,12,0.250,3.0,28,37.9%,2.68,0,NA,NA,NA,NA,NA,0.107,NA,79,vs CLE,8,·,13.2,1.7
2,5849,Kyler Murray,QB,28.1,ARI,22.0,22,22,15,15,15,1,1,1,55,54,0,68.0%,107,25,17,9,8,1,92.10,252,1,1,220,8.80,12.94,0,0,0,0,0,0,0,0,0.0,0.0,7,1,1,32,0,NA,32,4.57,98.2%,NA,NA,NA,1,NA,11,32,NA,NA,NA,NA,NA,10,40.0%,2.63,4.0%,31.0%,7.5,NA,29,252,vs CAR,20,Q,20.8,-5.8
2,8148,Jameson Williams,WR,24.5,DET,12.0,10,8,18.8,17.8,16.8,1,1,1,59,52,0,0.0%,0,0,0,0,0,0,0.00,0,0,0,0,0.00,0.00,2,59,0,1,1,4,49,108,54.0,27.0,0,0,0,108,0,NA,0,0,88.1%,NA,NA,NA,0,NA,2,4,0.500,2.0,28,14.3%,3.86,0,NA,NA,NA,NA,NA,0.036,NA,108,vs CHI,23,·,12.3,6.5
2,9484,Tucker Kraft,TE,24.9,GB,1.0,1,1,24.4,21.4,18.4,1,1,1,68,62,0,0.0%,0,0,0,0,0,0,0.00,0,0,0,0,0.00,0.00,6,52,0,4,1,7,72,124,20.7,17.7,0,0,0,124,0,NA,0,0,91.2%,NA,NA,NA,0,NA,5,7,0.714,5.0,26,22.6%,4.77,0,NA,NA,NA,NA,NA,0.154,NA,124,vs WAS,11,·,9.4,15.0
2,10859,Sam LaPorta,TE,24.7,DET,30.0,31,33,5.6,4.1,2.6,1,1,1,59,50,0,0.0%,0,0,0,0,0,0,0.00,0,0,0,0,0.00,0.00,3,9,0,1,0,4,17,26,8.7,6.5,0,0,0,26,0,NA,0,0,84.7%,NA,NA,NA,0,NA,1,4,0.250,1.0,20,14.3%,1.30,0,NA,NA,NA,NA,NA,0.050,NA,26,vs CHI,21,·,11.4,-5.8
2,12512,Quinshon Judkins,RB,21.9,CLE,29.0,32,32,10.1,8.6,7.1,1,1,1,73,20,0,0.0%,0,0,0,0,0,0,0.00,61,0,0,0,0.00,0.00,3,2,0,0,0,3,8,10,3.3,3.3,10,0,3,71,0,56,61,6.1,27.4%,3,5.60,0.300,3,0.860,3,13,0.231,3.0,NA,6.3%,NA,0,NA,NA,NA,NA,NA,NA,NA,71,@ BAL,2,·,5.7,4.4
2,11638,Ricky Pearsall,WR,25.0,SF,52.0,56,56,9.2,7.2,5.2,1,1,1,71,63,0,0.0%,0,0,0,0,0,0,0.00,-4,0,0,0,0.00,0.00,4,56,0,4,0,6,0,56,14.0,9.3,1,2,0,52,0,NA,-4,-4,88.7%,NA,NA,NA,0,NA,4,7,0.571,4.0,38,15.4%,1.47,0,NA,NA,NA,NA,NA,0.105,NA,52,@ NO,19,OUT,12.2,-3.0
2,3294,Dak Prescott,QB,32.1,DAL,5.0,5,5,23.14,23.14,23.14,1,1,1,89,89,1,73.1%,214,52,38,16,14,1,96.70,378,3,2,361,6.94,9.50,0,0,0,0,0,0,0,0,0.0,0.0,3,0,1,17,0,NA,17,5.67,100.0%,NA,NA,NA,1,NA,19,55,NA,NA,NA,NA,NA,18,34.6%,2.66,9.6%,36.8%,6.9,NA,57,378,vs NYG,14,·,20.0,3.1
2,12508,Jaxson Dart,QB,22.3,NYG,40.0,40,40,-0.3,-0.3,-0.3,1,1,0,67,3,0,0.0%,0,0,0,0,0,0,0.00,-3,0,0,0,0.00,0.00,0,0,0,0,0,0,0,0,0.0,0.0,1,0,0,-3,0,NA,-3,-3,4.5%,NA,NA,NA,0,NA,0,1,NA,NA,NA,NA,NA,0,NA,NA,NA,NA,NA,NA,NA,-3,@ DAL,1,Q,DNP,DNP
2,11624,Xavier Worthy,WR,22.4,KC,0.0,0,0,0,0,0,0,0,0,0,0,0,0.0%,0,0,0,0,0,0,0.00,0,0,0,0,0.00,0.00,0,0,0,0,0,0,0,0,0.0,0.0,0,0,0,0,0,NA,0,0,NA,NA,NA,NA,0,NA,0,0,NA,NA,NA,NA,NA,0,NA,NA,NA,NA,NA,NA,NA,0,vs PHI,15,·,DNP,DNP
2,7523,Trevor Lawrence,QB,25.9,JAX,12.0,12,12,21.24,21.24,21.24,1,1,1,71,71,1,57.1%,118,42,24,12,18,2,80.60,275,1,3,271,6.45,11.29,0,0,0,0,0,0,0,0,0.0,0.0,2,0,1,4,0,NA,4,2,100.0%,NA,NA,NA,1,NA,16,44,NA,NA,NA,NA,NA,15,35.7%,2.68,4.8%,22.7%,7.8,NA,44,275,@ CIN,7,·,19.4,1.8
2,7525,DeVonta Smith,WR,26.8,PHI,51.0,55,55,9.3,7.3,5.3,1,1,1,60,45,0,0.0%,0,0,0,0,0,0,0.00,0,0,0,0,0.00,0.00,4,34,0,2,0,6,19,53,13.3,8.8,0,0,0,53,0,NA,0,0,75.0%,NA,NA,NA,0,NA,2,6,0.333,2.0,23,27.3%,2.30,0,NA,NA,NA,NA,NA,0.087,NA,53,@ KC,31,·,12.9,-3.6
2,5846,DK Metcalf,WR,27.8,PIT,40.0,39,41,11,9.5,8,1,1,1,62,56,0,0.0%,0,0,0,0,0,0,0.00,0,0,0,0,0.00,0.00,3,14,1,0,1,6,6,20,6.7,3.3,0,0,0,20,0,NA,0,0,90.3%,NA,NA,NA,0,NA,1,6,0.167,1.0,35,17.1%,0.57,0,NA,NA,NA,NA,NA,0.000,NA,20,vs SEA,17,·,15.2,-4.2
2,8151,Kenneth Walker III,RB,24.9,SEA,9.0,7,5,18.8,18.3,17.8,1,1,1,65,23,0,0.0%,0,0,0,0,0,0,0.00,105,0,0,0,0.00,0.00,1,0,0,0,0,1,13,13,13.0,13.0,13,2,6,118,1,55,105,8.08,35.4%,11,4.20,0.846,7,1.266,7,14,0.500,7.0,NA,3.0%,NA,0,NA,NA,NA,NA,NA,NA,NA,118,@ PIT,23,·,11.4,7.4
2,3163,Jared Goff,QB,30.9,DET,1.0,1,1,33.96,33.96,33.96,1,1,1,59,56,0,82.1%,169,28,23,10,5,0,156.00,340,0,5,334,11.93,14.52,0,0,0,0,0,0,0,0,0.0,0.0,1,0,0,6,0,NA,6,6,94.9%,NA,NA,NA,0,NA,15,29,NA,NA,NA,NA,NA,15,53.6%,3.11,14.3%,20.7%,9.4,NA,29,340,vs CHI,15,·,20.9,13.1
2,7594,Chuba Hubbard,RB,26.3,CAR,10.0,11,15,18.7,16.2,13.7,1,1,1,85,63,0,0.0%,0,0,0,0,0,0,0.00,38,0,0,0,0.00,0.00,5,-2,0,2,1,6,41,39,7.8,6.5,10,0,4,77,0,39,38,3.8,74.1%,4,3.90,0.400,4,0.790,7,16,0.438,7.0,NA,10.9%,NA,0,NA,NA,NA,NA,NA,NA,NA,77,@ ARI,12,OUT,16.2,2.5
2,9756,Jordan Addison,WR,23.6,MIN,999.0,999,999,0,0,0,1,0,0,0,0,0,0.0%,0,0,0,0,0,0,0.00,0,0,0,0,0.00,0.00,0,0,0,0,0,0,0,0,0.0,0.0,0,0,0,0,0,NA,0,0,NA,NA,NA,NA,0,NA,0,0,NA,NA,NA,NA,NA,0,NA,NA,NA,NA,NA,NA,NA,0,vs ATL,30,·,DNP,DNP
2,12501,Matthew Golden,WR,22.1,GB,113.0,107,99,1.5,1.5,1.5,1,1,0,68,40,0,0.0%,0,0,0,0,0,0,0.00,15,0,0,0,0.00,0.00,0,0,0,0,0,2,0,0,0.0,0.0,2,0,0,15,0,NA,15,7.5,58.8%,NA,NA,NA,0,NA,0,4,0.000,0.0,22,6.5%,0.00,0,NA,NA,NA,NA,NA,0.000,NA,15,vs WAS,10,·,6.9,-5.4
2,12489,RJ Harvey,RB,24.6,DEN,54.0,53,52,3.4,2.9,2.4,1,1,0,58,19,0,0.0%,0,0,0,0,0,0,0.00,8,0,0,0,0.00,0.00,1,4,0,1,0,2,12,16,16.0,8.0,5,0,0,24,0,10,8,1.6,32.8%,0,2.00,0.000,0,0.200,1,7,0.143,1.0,NA,6.7%,NA,0,NA,NA,NA,NA,NA,NA,NA,24,@ IND,24,·,7.5,-4.1
2,8137,George Pickens,WR,24.5,DAL,15.0,15,15,17.8,15.3,12.8,1,1,1,89,79,0,0.0%,0,0,0,0,0,0,0.00,0,0,0,0,0.00,0.00,5,46,0,4,1,9,22,68,13.6,7.6,0,0,0,68,0,NA,0,0,88.8%,NA,NA,NA,0,NA,5,9,0.556,5.0,53,17.3%,1.28,0,NA,NA,NA,NA,NA,0.075,NA,68,vs NYG,3,·,14.1,3.7
2,11637,Keon Coleman,WR,22.3,BUF,76.0,79,83,5.6,4.1,2.6,1,1,1,75,38,0,0.0%,0,0,0,0,0,0,0.00,0,0,0,0,0.00,0.00,3,26,0,2,0,3,0,26,8.7,8.7,0,0,0,26,0,NA,0,0,50.7%,NA,NA,NA,0,NA,2,3,0.667,2.0,16,11.1%,1.63,0,NA,NA,NA,NA,NA,0.125,NA,26,@ NYJ,13,·,11.4,-5.8
2,7543,Travis Etienne,RB,26.6,JAX,14.0,12,11,16.9,15.9,14.9,1,1,1,71,47,0,0.0%,0,0,0,0,0,0,0.00,71,0,0,0,0.00,0.00,2,-7,1,0,1,3,25,18,9.0,6.0,14,0,3,89,0,45,71,5.07,66.2%,1,3.20,0.071,3,0.391,4,17,0.235,4.0,NA,7.1%,NA,0,NA,NA,NA,NA,NA,NA,NA,89,@ CIN,1,·,13.0,3.9
2,12517,Colston Loveland,TE,21.4,CHI,999.0,999,999,0,0,0,1,1,1,68,36,0,0.0%,0,0,0,0,0,0,0.00,0,0,0,0,0.00,0.00,0,0,0,0,0,1,0,0,0.0,0.0,0,0,0,0,0,NA,0,0,52.9%,NA,NA,NA,0,NA,0,1,0.000,0.0,NA,NA,NA,0,NA,NA,NA,NA,NA,NA,NA,0,@ DET,18,OUT,4.9,-4.9
2,4217,George Kittle,TE,31.9,SF,999.0,999,999,0,0,0,1,0,0,0,0,0,0.0%,0,0,0,0,0,0,0.00,0,0,0,0,0.00,0.00,0,0,0,0,0,0,0,0,0.0,0.0,0,0,0,0,0,NA,0,0,NA,NA,NA,NA,0,NA,0,0,NA,NA,NA,NA,NA,0,NA,NA,NA,NA,NA,NA,NA,0,@ NO,4,IR,IR,IR
2,7591,Justin Fields,QB,26.5,NYJ,35.0,35,35,3.98,3.98,3.98,1,1,1,47,29,2,27.3%,19,11,3,1,8,0,39.60,76,2,0,27,2.45,9.00,0,0,0,0,0,0,0,0,0.0,0.0,5,0,2,49,0,NA,49,9.8,61.7%,NA,NA,NA,2,NA,3,16,NA,NA,NA,NA,NA,1,9.1%,2.85,9.1%,40.0%,7.6,NA,15,76,vs BUF,19,·,21.3,-17.3
2,5927,Terry McLaurin,WR,30.0,WAS,48.0,54,63,9.8,7.3,4.8,1,1,1,69,63,0,0.0%,0,0,0,0,0,0,0.00,0,0,0,0,0.00,0.00,5,36,0,4,0,9,12,48,9.6,5.3,0,0,0,48,0,NA,0,0,91.3%,NA,NA,NA,0,NA,4,9,0.444,4.0,41,21.4%,1.17,0,NA,NA,NA,NA,NA,0.098,NA,48,@ GB,28,OUT,14.2,-4.4
2,8144,Chris Olave,WR,25.2,NO,36.0,46,54,11.4,8.4,5.4,1,1,1,71,71,0,0.0%,0,0,0,0,0,0,0.00,0,0,0,0,0.00,0.00,6,48,0,4,0,10,6,54,9.0,5.4,0,0,0,54,0,NA,0,0,100.0%,NA,NA,NA,0,NA,4,10,0.400,4.0,37,29.4%,1.46,0,NA,NA,NA,NA,NA,0.108,NA,54,vs SF,18,·,13.4,-2.0
2,5045,Courtland Sutton,WR,29.9,DEN,111.0,112,112,1.6,1.1,0.6,1,1,1,58,45,0,0.0%,0,0,0,0,0,0,0.00,0,0,0,0,0.00,0.00,1,6,0,0,0,4,0,6,6.0,1.5,0,0,0,6,0,NA,0,0,77.6%,NA,NA,NA,0,NA,0,4,0.000,0.0,22,13.3%,0.27,0,NA,NA,NA,NA,NA,0.000,NA,6,@ IND,5,·,14.3,-12.7
2,12533,Jacory Croskey-Merritt,RB,24.4,WAS,64.0,63,61,1.7,1.7,1.7,1,1,0,69,15,0,0.0%,0,0,0,0,0,0,0.00,17,0,0,0,0.00,0.00,0,0,0,0,0,1,0,0,0.0,0.0,4,0,1,17,0,13,17,4.25,21.7%,0,3.20,0.000,1,0.320,1,5,0.200,1.0,NA,2.4%,NA,0,NA,NA,NA,NA,NA,NA,NA,17,@ GB,31,·,8.9,-7.2
2,4983,D.J. Moore,WR,28.4,CHI,49.0,58,65,9.6,7.1,4.6,1,1,1,68,60,0,0.0%,0,0,0,0,0,0,0.00,0,0,0,0,0.00,0.00,5,31,0,2,0,6,15,46,9.2,7.7,0,0,0,46,0,NA,0,0,88.2%,NA,NA,NA,0,NA,2,6,0.333,2.0,35,18.2%,1.31,0,NA,NA,NA,NA,NA,0.057,NA,46,@ DET,6,·,13.6,-4.0
2,7526,Jaylen Waddle,WR,26.8,MIA,14.0,14,14,17.8,15.3,12.8,1,1,1,57,47,0,0.0%,0,0,0,0,0,0,0.00,0,0,0,0,0.00,0.00,5,62,0,2,1,6,6,68,13.6,11.3,0,0,0,68,0,NA,0,0,82.5%,NA,NA,NA,0,NA,3,6,0.500,3.0,33,18.8%,2.06,0,NA,NA,NA,NA,NA,0.061,NA,68,vs NE,7,·,12.8,5.0
2,9228,Bryce Young,QB,24.1,CAR,8.0,8,8,22.32,22.32,22.32,1,1,1,85,85,1,63.6%,178,55,35,16,20,1,90.60,330,3,3,328,5.96,9.37,0,0,0,0,0,0,0,0,0.0,0.0,2,0,0,2,0,NA,2,1,100.0%,NA,NA,NA,0,NA,19,57,NA,NA,NA,NA,NA,19,34.5%,2.71,3.6%,35.6%,7.6,NA,59,330,@ ARI,25,·,18.0,4.3
2,2216,Mike Evans,WR,32.1,TB,43.0,47,53,10.6,8.1,5.6,1,1,1,80,63,0,0.0%,0,0,0,0,0,0,0.00,0,0,0,0,0.00,0.00,5,48,0,3,0,11,8,56,11.2,5.1,0,0,0,56,0,NA,0,0,78.8%,NA,NA,NA,0,NA,3,11,0.273,3.0,39,28.9%,1.44,0,NA,NA,NA,NA,NA,0.077,NA,56,@ HOU,26,OUT,15.4,-4.8
2,4035,Alvin Kamara,RB,30.1,NO,15.0,21,26,16,13,10,1,1,1,71,61,1,0.0%,0,0,0,0,0,0,0.00,99,0,0,0,0.00,0.00,6,-13,0,0,0,6,34,21,3.5,3.5,21,1,4,120,0,67,99,4.71,85.9%,5,3.20,0.238,4,0.558,4,27,0.148,4.0,NA,17.6%,NA,0,NA,NA,NA,NA,NA,NA,NA,120,vs SF,14,·,15.7,0.3
2,9753,Zach Charbonnet,RB,24.7,SEA,70.0,68,66,1,1,1,1,1,0,65,36,0,0.0%,0,0,0,0,0,0,0.00,10,0,0,0,0.00,0.00,0,0,0,0,0,0,0,0,0.0,0.0,15,1,0,10,0,36,10,0.67,55.4%,1,2.40,0.067,0,0.307,0,15,0.000,0.0,NA,0.0%,NA,0,NA,NA,NA,NA,NA,NA,NA,10,@ PIT,23,·,10.9,-9.9
2,12506,Harold Fannin,TE,21.2,CLE,12.0,14,15,9.8,7.3,4.8,1,1,1,73,46,0,0.0%,0,0,0,0,0,0,0.00,0,0,0,0,0.00,0.00,5,27,0,2,0,5,21,48,9.6,9.6,0,0,0,48,0,NA,0,0,63.0%,NA,NA,NA,0,NA,2,5,0.400,2.0,31,10.4%,1.55,0,NA,NA,NA,NA,NA,0.065,NA,48,@ BAL,10,·,9.5,0.3
2,7588,Javonte Williams,RB,25.4,DAL,4.0,4,3,25,22,19,1,1,1,89,64,0,0.0%,0,0,0,0,0,0,0.00,97,0,0,0,0.00,0.00,6,-15,0,1,0,7,48,33,5.5,4.7,18,3,4,130,1,88,97,5.39,71.9%,5,4.90,0.278,5,0.768,6,25,0.240,6.0,NA,13.5%,NA,0,NA,NA,NA,NA,NA,NA,NA,130,vs NYG,6,·,15.0,10.0
2,6783,Jerry Jeudy,WR,26.4,CLE,53.0,60,57,9.1,7.1,5.1,1,1,1,73,64,0,0.0%,0,0,0,0,0,0,0.00,0,0,0,0,0.00,0.00,4,42,1,2,0,8,9,51,12.8,6.4,0,0,0,51,0,NA,0,0,87.7%,NA,NA,NA,0,NA,2,8,0.250,2.0,44,16.7%,1.16,0,NA,NA,NA,NA,NA,0.045,NA,51,@ BAL,2,·,13.5,-4.4
2,5947,Jakobi Meyers,WR,28.8,LV,33.0,37,48,12.8,9.8,6.8,1,1,1,70,65,0,0.0%,0,0,0,0,0,0,0.00,0,0,0,0,0.00,0.00,6,20,0,3,0,12,48,68,11.3,5.7,0,0,0,68,0,NA,0,0,92.9%,NA,NA,NA,0,NA,3,12,0.250,3.0,45,27.9%,1.51,0,NA,NA,NA,NA,NA,0.067,NA,68,vs LAC,25,·,14.4,-1.6
2,6819,Michael Pittman,WR,28.0,IND,64.0,66,68,8,6,4,1,1,1,71,59,0,0.0%,0,0,0,0,0,0,0.00,0,0,0,0,0.00,0.00,4,33,1,3,0,5,7,40,10.0,8.0,0,0,0,40,0,NA,0,0,83.1%,NA,NA,NA,0,NA,3,5,0.600,3.0,30,14.7%,1.33,0,NA,NA,NA,NA,NA,0.100,NA,40,vs DEN,27,·,12.5,-4.5
2,2133,Davante Adams,WR,32.7,LAR,9.0,9,9,22.6,19.6,16.6,1,1,1,61,49,0,0.0%,0,0,0,0,0,0,0.00,0,0,0,0,0.00,0.00,6,75,1,3,1,13,31,106,17.7,8.2,0,0,0,106,0,NA,0,0,80.3%,NA,NA,NA,0,NA,4,13,0.308,4.0,31,39.4%,3.42,0,NA,NA,NA,NA,NA,0.097,NA,106,@ TEN,9,·,14.4,8.2
2,5870,Daniel Jones,QB,28.3,IND,7.0,7,7,22.84,22.84,22.84,1,1,1,71,71,0,67.6%,185,34,23,15,11,0,107.00,318,1,1,316,9.29,13.74,0,0,0,0,0,0,0,0,0.0,0.0,6,0,1,2,1,NA,2,0.33,100.0%,NA,NA,NA,2,NA,18,40,NA,NA,NA,NA,NA,16,47.1%,2.76,14.7%,44.7%,9.8,NA,38,318,vs DEN,29,·,20.1,2.7
2,5844,T.J. Hockenson,TE,28.2,MIN,42.0,43,41,2.2,1.7,1.2,1,1,1,47,34,0,0.0%,0,0,0,0,0,0,0.00,0,0,0,0,0.00,0.00,1,6,0,1,0,3,6,12,12.0,4.0,0,0,0,12,0,NA,0,0,72.3%,NA,NA,NA,0,NA,1,3,0.333,1.0,20,14.3%,0.60,0,NA,NA,NA,NA,NA,0.050,NA,12,vs ATL,32,·,10.3,-8.1
2,7553,Kyle Pitts,TE,24.9,ATL,19.0,20,22,7.7,5.7,3.7,1,1,1,66,53,0,0.0%,0,0,0,0,0,0,0.00,0,0,0,0,0.00,0.00,4,26,0,2,0,5,11,37,9.3,7.4,0,0,0,37,0,NA,0,0,80.3%,NA,NA,NA,0,NA,2,5,0.400,2.0,23,23.8%,1.61,0,NA,NA,NA,NA,NA,0.087,NA,37,@ MIN,14,·,8.1,-0.4
2,11589,Trey Benson,RB,23.2,ARI,36.0,36,39,8.4,6.4,4.4,1,1,0,55,24,0,0.0%,0,0,0,0,0,0,0.00,14,0,0,0,0.00,0.00,4,4,0,1,0,6,26,30,7.5,5.0,3,0,0,44,0,7,14,4.67,43.6%,1,2.20,0.333,0,0.553,1,9,0.111,1.0,NA,24.0%,NA,0,NA,NA,NA,NA,NA,NA,NA,44,vs CAR,16,IR,7.9,0.5
2,8408,Jordan Mason,RB,26.3,MIN,44.0,44,43,5.8,4.8,3.8,1,1,0,47,28,0,0.0%,0,0,0,0,0,0,0.00,30,0,0,0,0.00,0.00,2,-5,0,0,0,3,13,8,4.0,2.7,9,1,2,38,0,32,30,3.33,59.6%,1,3.60,0.111,2,0.471,2,12,0.167,2.0,NA,14.3%,NA,0,NA,NA,NA,NA,NA,NA,NA,38,vs ATL,32,·,12.6,-6.8
2,12490,Bhayshul Tuten,RB,22.6,JAX,17.0,17,16,15.4,14.4,13.4,1,1,0,71,18,0,0.0%,0,0,0,0,0,0,0.00,42,0,0,0,0.00,0.00,2,-11,0,1,1,2,43,32,16.0,16.0,8,0,0,74,0,38,42,5.25,25.4%,5,4.70,0.625,0,1.095,2,10,0.200,2.0,NA,4.8%,NA,0,NA,NA,NA,NA,NA,NA,NA,74,@ CIN,1,·,5.8,9.6
2,12504,Kaleb Johnson,RB,22.1,PIT,74.0,74,73,0.1,0.1,0.1,1,1,0,62,2,0,0.0%,0,0,0,0,0,0,0.00,1,0,0,0,0.00,0.00,0,0,0,0,0,0,0,0,0.0,0.0,1,0,0,1,0,NA,1,1,3.2%,NA,NA,NA,0,NA,0,1,0.000,0.0,NA,NA,NA,0,NA,NA,NA,NA,NA,NA,NA,1,vs SEA,18,·,2.8,-2.7
2,12481,Cam Skattebo,RB,23.6,NYG,22.0,22,22,13.9,12.9,11.9,1,1,0,67,35,0,0.0%,0,0,0,0,0,0,0.00,45,0,0,0,0.00,0.00,2,4,0,0,0,3,10,14,7.0,4.7,11,3,2,59,1,41,45,4.09,52.2%,2,3.70,0.182,3,0.552,3,14,0.214,3.0,NA,7.3%,NA,0,NA,NA,NA,NA,NA,NA,NA,59,@ DAL,5,·,5.0,8.9
2,5872,Deebo Samuel,WR,29.7,WAS,17.0,21,27,17.4,13.9,10.4,1,1,0,69,61,0,0.0%,0,0,0,0,0,0,0.00,0,0,0,0,0.00,0.00,7,-12,0,1,1,8,56,44,6.3,5.5,0,0,0,44,0,NA,0,0,88.4%,NA,NA,NA,0,NA,2,8,0.250,2.0,39,19.0%,1.13,0,NA,NA,NA,NA,NA,0.026,NA,44,@ GB,28,·,13.6,3.8
2,8228,Jaylen Warren,RB,26.9,PIT,13.0,13,17,17.4,15.4,13.4,1,1,1,62,36,0,0.0%,0,0,0,0,0,0,0.00,48,0,0,0,0.00,0.00,4,0,0,2,0,4,86,86,21.5,21.5,14,0,5,134,0,46,48,3.43,58.1%,7,3.30,0.500,5,0.830,7,18,0.389,7.0,NA,11.4%,NA,0,NA,NA,NA,NA,NA,NA,NA,134,vs SEA,18,OUT,12.8,4.6
2,6790,D'Andre Swift,RB,26.7,CHI,23.0,24,24,13.9,12.4,10.9,1,1,1,68,39,1,0.0%,0,0,0,0,0,0,0.00,63,0,0,0,0.00,0.00,3,-5,0,0,0,3,11,6,2.0,2.0,12,0,2,69,1,29,63,5.25,57.4%,2,2.40,0.167,3,0.407,3,15,0.200,3.0,NA,9.1%,NA,0,NA,NA,NA,NA,NA,NA,NA,69,@ DET,26,·,14.1,-0.2
2,4943,Sam Darnold,QB,28.3,SEA,21.0,21,21,17.8,17.8,17.8,1,1,1,65,65,0,66.7%,165,33,22,11,11,2,89.80,295,2,2,295,8.94,13.41,0,0,0,0,0,0,0,0,0.0,0.0,0,0,0,0,0,NA,0,0,100.0%,NA,NA,NA,0,NA,13,33,NA,NA,NA,NA,NA,13,39.4%,2.71,9.1%,40.0%,8.6,NA,35,295,@ PIT,9,·,19.9,-2.1
2,4137,James Conner,RB,30.4,ARI,25.0,25,23,12.2,11.7,11.2,1,1,1,55,30,0,0.0%,0,0,0,0,0,0,0.00,34,0,0,0,0.00,0.00,1,0,0,1,0,1,18,18,18.0,18.0,11,1,2,52,1,30,34,3.09,54.5%,3,2.70,0.273,3,0.543,4,12,0.333,4.0,NA,4.0%,NA,0,NA,NA,NA,NA,NA,NA,NA,52,vs CAR,16,IR,14.9,-2.7
2,12519,Luther Burden,WR,21.8,CHI,114.0,114,114,1.5,1,0.5,1,1,0,68,12,0,0.0%,0,0,0,0,0,0,0.00,0,0,0,0,0.00,0.00,1,1,0,0,0,2,4,5,5.0,2.5,0,0,0,5,0,NA,0,0,17.6%,NA,NA,NA,0,NA,0,2,0.000,0.0,5,6.1%,1.00,0,NA,NA,NA,NA,NA,0.000,NA,5,@ DET,6,·,2.5,-1.0
2,12469,Dylan Sampson,RB,21.0,CLE,26.0,27,30,10.9,9.4,7.9,1,1,0,73,17,0,0.0%,0,0,0,0,0,0,0.00,6,0,0,0,0.00,0.00,3,7,0,1,1,3,6,13,4.3,4.3,4,0,2,19,0,10,6,1.5,23.3%,0,2.40,0.000,2,0.240,4,7,0.571,4.0,NA,6.3%,NA,0,NA,NA,NA,NA,NA,NA,NA,19,@ BAL,2,·,10.2,0.7
2,9500,Josh Downs,WR,24.1,IND,39.0,48,58,11.1,8.1,5.1,1,1,1,71,41,0,0.0%,0,0,0,0,0,0,0.00,0,0,0,0,0.00,0.00,6,40,0,4,0,8,11,51,8.5,6.4,0,0,0,51,0,NA,0,0,57.7%,NA,NA,NA,0,NA,4,8,0.500,4.0,22,23.5%,2.32,0,NA,NA,NA,NA,NA,0.182,NA,51,vs DEN,27,·,8.2,2.9
2,5892,David Montgomery,RB,28.3,DET,24.0,23,21,13.1,12.6,12.1,1,1,0,59,23,0,0.0%,0,0,0,0,0,0,0.00,57,0,0,0,0.00,0.00,1,-7,0,0,0,1,11,4,4.0,4.0,11,0,3,61,1,35,57,5.18,39.0%,1,3.20,0.091,4,0.411,4,12,0.333,4.0,NA,3.6%,NA,0,NA,NA,NA,NA,NA,NA,NA,61,vs CHI,7,·,12.2,0.9
2,12484,Jayden Higgins,WR,22.8,HOU,90.0,87,80,3.8,3.3,2.8,1,1,1,49,21,0,0.0%,0,0,0,0,0,0,0.00,0,0,0,0,0.00,0.00,1,4,0,1,0,1,24,28,28.0,28.0,0,0,0,28,0,NA,0,0,42.9%,NA,NA,NA,0,NA,1,1,1.000,1.0,10,4.2%,2.80,0,NA,NA,NA,NA,NA,0.100,NA,28,vs TB,16,·,4.2,-0.4
2,5967,Tony Pollard,RB,28.4,TEN,33.0,29,27,9.2,9.2,9.2,1,1,1,66,59,0,0.0%,0,0,0,0,0,0,0.00,92,0,0,0,0.00,0.00,0,0,1,0,0,1,0,0,0.0,0.0,20,0,5,92,0,76,92,4.6,89.4%,14,3.80,0.700,5,1.080,5,21,0.238,5.0,NA,3.0%,NA,0,NA,NA,NA,NA,NA,NA,NA,92,vs LAR,30,·,15.9,-6.7
2,6803,Brandon Aiyuk,WR,27.5,SF,999.0,999,999,0,0,0,1,0,0,0,0,0,0.0%,0,0,0,0,0,0,0.00,0,0,0,0,0.00,0.00,0,0,0,0,0,0,0,0,0.0,0.0,0,0,0,0,0,NA,0,0,NA,NA,NA,NA,0,NA,0,0,NA,NA,NA,NA,NA,0,NA,NA,NA,NA,NA,NA,NA,0,@ NO,19,PUP,PUP,PUP
2,3321,Tyreek Hill,WR,31.5,MIA,19.0,20,26,16.9,13.9,10.9,1,1,1,57,48,0,0.0%,0,0,0,0,0,0,0.00,0,0,0,0,0.00,0.00,6,97,0,4,0,7,12,109,18.2,15.6,0,0,0,109,0,NA,0,0,84.2%,NA,NA,NA,0,NA,4,7,0.571,4.0,34,21.9%,3.21,0,NA,NA,NA,NA,NA,0.118,NA,109,vs NE,7,IR,14.8,2.1
2,8134,Khalil Shakir,WR,25.6,BUF,105.0,105,103,2.2,1.7,1.2,1,1,1,75,37,0,0.0%,0,0,0,0,0,0,0.00,0,0,0,0,0.00,0.00,1,4,0,1,0,2,8,12,12.0,6.0,0,0,0,12,0,NA,0,0,49.3%,NA,NA,NA,0,NA,1,2,0.500,1.0,15,7.4%,0.80,0,NA,NA,NA,NA,NA,0.067,NA,12,@ NYJ,13,·,10.0,-7.8
2,9754,Quentin Johnston,WR,24.0,LAC,23.0,18,13,15.9,14.4,12.9,1,1,1,58,44,0,0.0%,0,0,0,0,0,0,0.00,-2,0,0,0,0.00,0.00,3,54,0,0,1,7,17,71,23.7,10.1,1,0,0,69,0,NA,-2,-2,75.9%,NA,NA,NA,0,NA,1,8,0.125,1.0,27,25.9%,2.63,0,NA,NA,NA,NA,NA,0.000,NA,69,@ LV,4,·,9.5,6.4
2,12499,Elic Ayomanor,WR,22.3,TEN,24.0,22,20,15.6,13.6,11.6,1,1,1,66,48,0,0.0%,0,0,0,0,0,0,0.00,0,0,0,0,0.00,0.00,4,47,0,3,1,6,9,56,14.0,9.3,0,0,0,56,0,NA,0,0,72.7%,NA,NA,NA,0,NA,4,6,0.667,4.0,27,18.2%,2.07,0,NA,NA,NA,NA,NA,0.111,NA,56,vs LAR,12,·,8.8,6.8
2,6806,J.K. Dobbins,RB,26.8,DEN,16.0,15,12,15.5,15,14.5,1,1,1,58,26,0,0.0%,0,0,0,0,0,0,0.00,76,0,0,0,0.00,0.00,1,0,0,0,0,2,9,9,9.0,4.5,14,0,4,85,1,42,76,5.43,44.8%,2,3.00,0.143,5,0.443,5,16,0.313,5.0,NA,6.7%,NA,0,NA,NA,NA,NA,NA,NA,NA,85,@ IND,24,·,13.8,1.7
2,10236,Dalton Kincaid,TE,25.9,BUF,17.0,18,20,7.7,5.7,3.7,1,1,0,75,36,0,0.0%,0,0,0,0,0,0,0.00,0,0,0,0,0.00,0.00,4,7,0,1,0,6,30,37,9.3,6.2,0,0,0,37,0,NA,0,0,48.0%,NA,NA,NA,0,NA,1,6,0.167,1.0,20,22.2%,1.85,0,NA,NA,NA,NA,NA,0.050,NA,37,@ NYJ,7,·,7.2,0.5
2,10222,Jayden Reed,WR,25.4,GB,999.0,999,999,0,0,0,1,1,1,68,5,0,0.0%,0,0,0,0,0,0,0.00,0,0,0,0,0.00,0.00,0,0,0,0,0,0,0,0,0.0,0.0,0,0,0,0,0,NA,0,0,7.4%,NA,NA,NA,0,NA,0,0,NA,0.0,2,0.0%,0.00,0,NA,NA,NA,NA,NA,0.000,NA,0,vs WAS,10,IR,10.3,-10.3
2,4981,Calvin Ridley,WR,30.7,TEN,57.0,57,52,8.7,7.2,5.7,1,1,1,66,57,0,0.0%,0,0,0,0,0,0,0.00,0,0,0,0,0.00,0.00,3,31,0,3,0,6,26,57,19.0,9.5,0,0,0,57,0,NA,0,0,86.4%,NA,NA,NA,0,NA,3,6,0.500,3.0,35,18.2%,1.63,0,NA,NA,NA,NA,NA,0.086,NA,57,vs LAR,12,·,13.6,-4.9
2,1373,Geno Smith,QB,34.9,LV,31.0,31,31,6.2,6.2,6.2,1,1,1,70,70,0,55.8%,35,43,24,8,19,3,37.00,200,3,0,180,4.19,7.50,0,0,0,0,0,0,0,0,0.0,0.0,5,1,2,20,0,NA,20,4,100.0%,NA,NA,NA,2,NA,10,48,NA,NA,NA,NA,NA,8,18.6%,3.11,11.6%,33.3%,7.5,NA,48,200,vs LAC,18,·,18.9,-12.7
2,7049,Jauan Jennings,WR,28.2,SF,11.0,11,11,19.9,17.4,14.9,1,1,1,71,62,0,0.0%,0,0,0,0,0,0,0.00,0,0,0,0,0.00,0.00,5,41,0,2,1,10,48,89,17.8,8.9,0,0,0,89,0,NA,0,0,87.3%,NA,NA,NA,0,NA,3,10,0.300,3.0,37,25.6%,2.41,0,NA,NA,NA,NA,NA,0.054,NA,89,@ NO,19,OUT,11.0,8.9
2,10444,Cedric Tillman,WR,25.4,CLE,46.0,42,38,10.2,9.2,8.2,1,1,1,73,69,0,0.0%,0,0,0,0,0,0,0.00,0,0,0,0,0.00,0.00,2,23,0,0,1,7,-1,22,11.0,3.1,0,0,0,22,0,NA,0,0,94.5%,NA,NA,NA,0,NA,1,7,0.143,1.0,47,14.6%,0.47,0,NA,NA,NA,NA,NA,0.000,NA,22,@ BAL,2,IR,9.8,0.4
2,4037,Chris Godwin,WR,29.6,TB,0.0,0,0,0,0,0,0,0,0,0,0,0,0.0%,0,0,0,0,0,0,0.00,0,0,0,0,0.00,0.00,0,0,0,0,0,0,0,0,0.0,0.0,0,0,0,0,0,NA,0,0,NA,NA,NA,NA,0,NA,0,0,NA,NA,NA,NA,NA,0,NA,NA,NA,NA,NA,NA,NA,0,@ HOU,26,·,DNP,DNP
2,12535,Isaac TeSlaa,WR,23.6,DET,89.0,86,78,3.9,3.4,2.9,1,1,0,59,17,0,0.0%,0,0,0,0,0,0,0.00,0,0,0,0,0.00,0.00,1,27,0,1,0,1,2,29,29.0,29.0,0,0,0,29,0,NA,0,0,28.8%,NA,NA,NA,0,NA,1,1,1.000,1.0,11,3.6%,2.64,0,NA,NA,NA,NA,NA,0.091,NA,29,vs CHI,23,·,2.2,1.7
2,11655,Tyrone Tracy,RB,25.8,NYG,34.0,35,36,9.1,7.1,5.1,1,1,0,67,28,0,0.0%,0,0,0,0,0,0,0.00,15,0,0,0,0.00,0.00,4,-1,1,1,0,5,37,36,9.0,7.2,5,1,2,51,0,21,15,3,41.8%,2,4.10,0.400,2,0.810,3,10,0.300,3.0,NA,12.2%,NA,0,NA,NA,NA,NA,NA,NA,NA,51,@ DAL,5,OUT,14.3,-5.2
2,6768,Tua Tagovailoa,QB,27.5,MIA,17.0,17,17,19.6,19.6,19.6,1,1,1,57,57,0,81.3%,170,32,26,13,6,1,115.50,315,5,2,315,9.84,12.12,0,0,0,0,0,0,0,0,0.0,0.0,0,0,0,0,0,NA,0,0,100.0%,NA,NA,NA,0,NA,15,32,NA,NA,NA,NA,NA,15,46.9%,2.56,15.6%,43.2%,7.8,NA,37,315,vs NE,12,·,19.3,0.3
2,8110,Jake Ferguson,TE,26.7,DAL,3.0,4,7,16.8,12.3,7.8,1,1,1,89,65,0,0.0%,0,0,0,0,0,0,0.00,0,0,0,0,0.00,0.00,9,51,1,4,0,12,27,78,8.7,6.5,0,0,0,78,0,NA,0,0,73.0%,NA,NA,NA,0,NA,4,12,0.333,4.0,42,23.1%,1.86,0,NA,NA,NA,NA,NA,0.095,NA,78,vs NYG,23,·,7.9,8.9
2,11576,Braelon Allen,RB,21.6,NYJ,68.0,67,65,1.1,1.1,1.1,1,1,0,47,9,0,0.0%,0,0,0,0,0,0,0.00,11,0,0,0,0.00,0.00,0,0,1,0,0,1,0,0,0.0,0.0,2,0,0,11,0,7,11,5.5,19.1%,0,3.70,0.000,0,0.370,0,3,0.000,0.0,NA,4.5%,NA,0,NA,NA,NA,NA,NA,NA,NA,11,vs BUF,13,IR,4.1,-3.0
2,8131,Isaiah Likely,TE,25.4,BAL,0.0,0,0,0,0,0,0,0,0,0,0,0,0.0%,0,0,0,0,0,0,0.00,0,0,0,0,0.00,0.00,0,0,0,0,0,0,0,0,0.0,0.0,0,0,0,0,0,NA,0,0,NA,NA,NA,NA,0,NA,0,0,NA,NA,NA,NA,NA,0,NA,NA,NA,NA,NA,NA,NA,0,vs CLE,19,·,DNP,DNP
2,4033,David Njoku,TE,29.2,CLE,15.0,17,17,8,6,4,1,1,1,73,60,0,0.0%,0,0,0,0,0,0,0.00,0,0,0,0,0.00,0.00,4,28,0,1,0,5,12,40,10.0,8.0,0,0,0,40,0,NA,0,0,82.2%,NA,NA,NA,0,NA,1,5,0.200,1.0,35,10.4%,1.14,0,NA,NA,NA,NA,NA,0.029,NA,40,@ BAL,10,·,10.4,-2.4
2,8205,Isiah Pacheco,RB,26.5,KC,51.0,50,47,3.9,3.4,2.9,1,1,1,60,35,0,0.0%,0,0,0,0,0,0,0.00,22,0,0,0,0.00,0.00,1,0,0,0,0,2,7,7,7.0,3.5,10,0,1,29,0,20,22,2.2,58.3%,2,2.00,0.200,1,0.400,1,12,0.083,1.0,NA,6.9%,NA,0,NA,NA,NA,NA,NA,NA,NA,29,vs PHI,8,·,9.2,-5.3
2,9480,Brenton Strange,TE,24.7,JAX,37.0,37,39,4.7,3.2,1.7,1,1,1,71,64,0,0.0%,0,0,0,0,0,0,0.00,0,0,0,0,0.00,0.00,3,10,0,1,0,5,7,17,5.7,3.4,0,0,0,17,0,NA,0,0,90.1%,NA,NA,NA,0,NA,1,5,0.200,1.0,37,11.9%,0.46,0,NA,NA,NA,NA,NA,0.027,NA,17,@ CIN,1,OUT,8.5,-3.8
2,421,Matthew Stafford,QB,37.6,LAR,19.0,19,19,18.32,18.32,18.32,1,1,1,61,61,1,69.7%,166,33,23,10,10,1,105.40,292,1,2,298,9.03,12.96,0,0,0,0,0,0,0,0,0.0,0.0,2,0,0,-6,0,NA,-6,-3,100.0%,NA,NA,NA,0,NA,12,35,NA,NA,NA,NA,NA,12,36.4%,2.67,12.1%,35.3%,8.5,NA,34,292,@ TEN,23,·,17.6,0.7
2,12541,Dont'e Thornton,WR,22.8,LV,98.0,97,93,3,2.5,2,1,1,1,70,57,0,0.0%,0,0,0,0,0,0,0.00,0,0,0,0,0.00,0.00,1,4,0,1,0,4,16,20,20.0,5.0,0,0,0,20,0,NA,0,0,81.4%,NA,NA,NA,0,NA,1,4,0.250,1.0,39,9.3%,0.51,0,NA,NA,NA,NA,NA,0.026,NA,20,vs LAC,25,·,6.6,-3.6
2,12510,Jalen Milroe,QB,22.8,SEA,0.0,0,0,0,0,0,0,0,0,0,0,0,0.0%,0,0,0,0,0,0,0.00,0,0,0,0,0.00,0.00,0,0,0,0,0,0,0,0,0.0,0.0,0,0,0,0,0,NA,0,0,NA,NA,NA,NA,0,NA,0,0,NA,NA,NA,NA,NA,0,NA,NA,NA,NA,NA,NA,NA,0,@ PIT,9,·,DNP,DNP
2,9494,Marvin Mims,WR,23.5,DEN,45.0,41,37,10.4,9.4,8.4,1,1,0,58,21,0,0.0%,0,0,0,0,0,0,0.00,0,0,0,0,0.00,0.00,2,18,0,0,1,2,6,24,12.0,12.0,0,0,0,24,0,NA,0,0,36.2%,NA,NA,NA,0,NA,1,2,0.500,1.0,13,6.7%,1.85,0,NA,NA,NA,NA,NA,0.000,NA,24,@ IND,5,·,8.6,1.8
2,8676,Rashid Shaheed,WR,27.0,NO,26.0,25,25,15.2,13.2,11.2,1,1,1,71,50,0,0.0%,0,0,0,0,0,0,0.00,0,0,0,0,0.00,0.00,4,39,0,1,1,5,13,52,13.0,10.4,0,0,0,52,0,NA,0,0,70.4%,NA,NA,NA,0,NA,2,5,0.400,2.0,28,14.7%,1.86,0,NA,NA,NA,NA,NA,0.036,NA,52,vs SF,18,·,11.2,4.0
2,12509,Tre Harris,WR,23.6,LAC,77.0,76,71,5.4,4.4,3.4,1,1,0,58,18,0,0.0%,0,0,0,0,0,0,0.00,0,0,0,0,0.00,0.00,2,25,0,1,0,3,9,34,17.0,11.3,0,0,0,34,0,NA,0,0,31.0%,NA,NA,NA,0,NA,1,3,0.333,1.0,7,11.1%,4.86,0,NA,NA,NA,NA,NA,0.143,NA,34,@ LV,4,·,1.2,4.2
2,12495,Ollie Gordon,RB,21.7,MIA,59.0,62,62,2.3,1.8,1.3,1,1,0,57,7,0,0.0%,0,0,0,0,0,0,0.00,8,0,0,0,0.00,0.00,1,-3,0,0,0,1,8,5,5.0,5.0,1,0,0,13,0,6,8,8,12.3%,1,5.50,1.000,0,1.550,0,2,0.000,0.0,NA,3.1%,NA,0,NA,NA,NA,NA,NA,NA,NA,13,vs NE,27,·,5.4,-3.1
2,4199,Aaron Jones,RB,30.8,MIN,61.0,59,55,2.3,2.3,2.3,1,1,1,47,20,0,0.0%,0,0,0,0,0,0,0.00,23,0,0,0,0.00,0.00,0,0,1,0,0,1,0,0,0.0,0.0,5,0,0,23,0,22,23,4.6,42.6%,1,4.40,0.200,0,0.640,0,6,0.000,0.0,NA,4.8%,NA,0,NA,NA,NA,NA,NA,NA,NA,23,vs ATL,32,IR,11.6,-9.3
2,8121,Romeo Doubs,WR,25.4,GB,35.0,33,34,11.8,10.3,8.8,1,1,1,68,50,0,0.0%,0,0,0,0,0,0,0.00,0,0,0,0,0.00,0.00,3,13,0,1,1,5,15,28,9.3,5.6,0,0,0,28,0,NA,0,0,73.5%,NA,NA,NA,0,NA,2,5,0.400,2.0,25,16.1%,1.12,0,NA,NA,NA,NA,NA,0.040,NA,28,vs WAS,10,·,8.9,2.9
2,12498,Mason Taylor,TE,21.4,NYJ,52.0,52,52,1.5,1,0.5,1,1,1,47,34,0,0.0%,0,0,0,0,0,0,0.00,0,0,0,0,0.00,0.00,1,5,0,0,0,2,0,5,5.0,2.5,0,0,0,5,0,NA,0,0,72.3%,NA,NA,NA,0,NA,0,2,0.000,0.0,18,9.1%,0.28,0,NA,NA,NA,NA,NA,0.000,NA,5,vs BUF,30,·,6.6,-5.1
2,8154,Brian Robinson,RB,26.5,SF,57.0,57,59,2.9,2.4,1.9,1,1,0,71,16,0,0.0%,0,0,0,0,0,0,0.00,20,0,0,0,0.00,0.00,1,-6,0,0,0,1,5,-1,-1.0,-1.0,6,0,0,19,0,15,20,3.33,22.5%,0,2.50,0.000,0,0.250,0,7,0.000,0.0,NA,2.6%,NA,0,NA,NA,NA,NA,NA,NA,NA,19,@ NO,11,·,5.5,-2.6
2,11646,Jalen Coker,WR,23.9,CAR,999.0,999,999,0,0,0,1,0,0,0,0,0,0.0%,0,0,0,0,0,0,0.00,0,0,0,0,0.00,0.00,0,0,0,0,0,0,0,0,0.0,0.0,0,0,0,0,0,NA,0,0,NA,NA,NA,NA,0,NA,0,0,NA,NA,NA,NA,NA,0,NA,NA,NA,NA,NA,NA,NA,0,@ ARI,14,IR,IR,IR
2,2449,Stefon Diggs,WR,31.8,NE,70.0,71,73,7.2,5.2,3.2,1,1,1,60,31,0,0.0%,0,0,0,0,0,0,0.00,0,0,0,0,0.00,0.00,4,19,0,1,0,5,13,32,8.0,6.4,0,0,0,32,0,NA,0,0,51.7%,NA,NA,NA,0,NA,1,5,0.200,1.0,15,21.7%,2.13,0,NA,NA,NA,NA,NA,0.067,NA,32,@ MIA,21,·,11.3,-4.1
2,7090,Darnell Mooney,WR,27.9,ATL,88.0,90,94,4,3,2,1,1,1,66,57,0,0.0%,0,0,0,0,0,0,0.00,0,0,0,0,0.00,0.00,2,15,0,1,0,4,5,20,10.0,5.0,0,0,0,20,0,NA,0,0,86.4%,NA,NA,NA,0,NA,1,4,0.250,1.0,24,19.0%,0.83,0,NA,NA,NA,NA,NA,0.042,NA,20,@ MIN,32,OUT,8.9,-4.9
2,11627,Troy Franklin,WR,22.6,DEN,7.0,8,10,24,20,16,1,1,0,58,48,0,0.0%,0,0,0,0,0,0,0.00,11,0,0,0,0.00,0.00,8,42,0,2,1,9,47,89,11.1,9.9,1,1,1,100,0,NA,11,11,82.8%,NA,NA,NA,1,NA,4,10,0.400,4.0,27,30.0%,3.30,0,NA,NA,NA,NA,NA,0.074,NA,100,@ IND,5,·,6.3,17.7
2,5012,Mark Andrews,TE,30.0,BAL,55.0,55,55,1.4,0.9,0.4,1,1,1,56,45,0,0.0%,0,0,0,0,0,0,0.00,2,0,0,0,0.00,0.00,1,-1,0,0,0,3,3,2,2.0,0.7,1,0,1,4,0,NA,2,2,80.4%,NA,NA,NA,1,NA,1,4,0.250,1.0,24,10.3%,0.08,0,NA,NA,NA,NA,NA,0.000,NA,4,vs CLE,19,·,10.0,-8.6
2,12547,Kyle Williams,WR,22.8,NE,999.0,999,999,0,0,0,1,1,0,60,10,0,0.0%,0,0,0,0,0,0,0.00,0,0,0,0,0.00,0.00,0,0,0,0,0,0,0,0,0.0,0.0,0,0,0,0,0,NA,0,0,16.7%,NA,NA,NA,0,NA,0,0,NA,0.0,NA,NA,NA,0,NA,NA,NA,NA,NA,NA,NA,0,@ MIA,21,·,1.3,-1.3
2,1466,Travis Kelce,TE,36.0,KC,10.0,12,13,10.1,8.1,6.1,1,1,1,60,46,0,0.0%,0,0,0,0,0,0,0.00,0,0,0,0,0.00,0.00,4,24,2,3,0,6,37,61,15.3,10.2,0,0,0,61,0,NA,0,0,76.7%,NA,NA,NA,0,NA,3,6,0.500,3.0,22,20.7%,2.77,0,NA,NA,NA,NA,NA,0.136,NA,61,vs PHI,29,·,12.9,-2.8
2,12497,Tory Horton,WR,22.8,SEA,37.0,34,31,11.2,10.2,9.2,1,1,0,65,26,0,0.0%,0,0,0,0,0,0,0.00,0,0,0,0,0.00,0.00,2,30,0,0,1,4,2,32,16.0,8.0,0,0,0,32,0,NA,0,0,40.0%,NA,NA,NA,0,NA,1,4,0.250,1.0,18,12.1%,1.78,0,NA,NA,NA,NA,NA,0.000,NA,32,@ PIT,22,·,4.3,6.9
2,9504,Kayshon Boutte,WR,23.4,NE,58.0,49,44,8.6,8.1,7.6,1,1,0,60,43,0,0.0%,0,0,0,0,0,0,0.00,0,0,0,0,0.00,0.00,1,16,0,0,1,1,0,16,16.0,16.0,0,0,0,16,0,NA,0,0,71.7%,NA,NA,NA,0,NA,1,1,1.000,1.0,19,4.3%,0.84,0,NA,NA,NA,NA,NA,0.000,NA,16,@ MIA,21,·,8.9,-0.3
2,11618,Jalen McMillan,WR,23.8,TB,999.0,999,999,0,0,0,1,0,0,0,0,0,0.0%,0,0,0,0,0,0,0.00,0,0,0,0,0.00,0.00,0,0,0,0,0,0,0,0,0.0,0.0,0,0,0,0,0,NA,0,0,NA,NA,NA,NA,0,NA,0,0,NA,NA,NA,NA,NA,0,NA,NA,NA,NA,NA,NA,NA,0,@ HOU,26,IR,IR,IR
2,8132,Tyler Allgeier,RB,25.4,ATL,19.0,16,14,15,14.5,14,1,1,0,66,22,0,0.0%,0,0,0,0,0,0,0.00,76,0,0,0,0.00,0.00,1,3,0,0,0,1,1,4,4.0,4.0,16,0,6,80,1,62,76,4.75,33.3%,2,3.90,0.125,7,0.515,7,17,0.412,7.0,NA,4.8%,NA,0,NA,NA,NA,NA,NA,NA,NA,80,@ MIN,15,·,6.2,8.8
2,8126,Wan'Dale Robinson,WR,24.7,NYG,5.0,5,5,28.2,24.2,20.2,1,1,1,67,47,0,0.0%,0,0,0,0,0,0,0.00,0,0,0,0,0.00,0.00,8,111,0,4,1,10,31,142,17.8,14.2,0,0,0,142,0,NA,0,0,70.1%,NA,NA,NA,0,NA,5,10,0.500,5.0,34,24.4%,4.18,0,NA,NA,NA,NA,NA,0.118,NA,142,@ DAL,1,·,10.1,18.1
2,12457,Jaydon Blue,RB,21.7,DAL,0.0,0,0,0,0,0,0,0,0,0,0,0,0.0%,0,0,0,0,0,0,0.00,0,0,0,0,0.00,0.00,0,0,0,0,0,0,0,0,0.0,0.0,0,0,0,0,0,NA,0,0,NA,NA,NA,NA,0,NA,0,0,NA,NA,NA,NA,NA,0,NA,NA,NA,NA,NA,NA,NA,0,vs NYG,6,·,DNP,DNP
2,5848,Marquise Brown,WR,28.3,KC,63.0,68,76,8,5.5,3,1,1,1,60,45,0,0.0%,0,0,0,0,0,0,0.00,0,0,0,0,0.00,0.00,5,22,0,2,0,5,8,30,6.0,6.0,0,0,0,30,0,NA,0,0,75.0%,NA,NA,NA,0,NA,2,5,0.400,2.0,25,17.2%,1.20,0,NA,NA,NA,NA,NA,0.080,NA,30,vs PHI,15,·,12.5,-4.5
2,4066,Evan Engram,TE,31.0,DEN,41.0,42,40,2.2,1.7,1.2,1,1,0,58,25,0,0.0%,0,0,0,0,0,0,0.00,0,0,0,0,0.00,0.00,1,5,0,1,0,2,7,12,12.0,6.0,0,0,0,12,0,NA,0,0,43.1%,NA,NA,NA,0,NA,1,2,0.500,1.0,17,6.7%,0.71,0,NA,NA,NA,NA,NA,0.059,NA,12,@ IND,20,·,8.5,-6.3
2,12521,Elijah Arroyo,TE,22.4,SEA,33.0,32,26,5.1,4.1,3.1,1,1,1,65,26,0,0.0%,0,0,0,0,0,0,0.00,0,0,0,0,0.00,0.00,2,5,0,1,0,3,26,31,15.5,10.3,0,0,0,31,0,NA,0,0,40.0%,NA,NA,NA,0,NA,1,3,0.333,1.0,18,9.1%,1.72,0,NA,NA,NA,NA,NA,0.056,NA,31,@ PIT,16,·,4.4,0.7
2,9508,Tyjae Spears,RB,24.2,TEN,999.0,999,999,0,0,0,1,0,0,0,0,0,0.0%,0,0,0,0,0,0,0.00,0,0,0,0,0.00,0.00,0,0,0,0,0,0,0,0,0.0,0.0,0,0,0,0,0,NA,0,0,NA,NA,NA,NA,0,NA,0,0,NA,NA,NA,NA,NA,0,NA,NA,NA,NA,NA,NA,NA,0,vs LAR,30,·,DNP,DNP
2,12536,Jaylin Noel,WR,23.0,HOU,999.0,999,999,0,0,0,1,1,0,49,15,0,0.0%,0,0,0,0,0,0,0.00,0,0,0,0,0.00,0.00,0,0,0,0,0,0,0,0,0.0,0.0,0,0,0,0,0,NA,0,0,30.6%,NA,NA,NA,0,NA,0,0,NA,0.0,NA,NA,NA,0,NA,NA,NA,NA,NA,NA,NA,0,vs TB,16,·,2.6,-2.6
2,7611,Rhamondre Stevenson,RB,27.6,NE,6.0,6,9,21.2,18.7,16.2,1,1,1,60,39,0,0.0%,0,0,0,0,0,0,0.00,54,0,0,0,0.00,0.00,5,25,0,2,0,5,63,88,17.6,17.6,11,2,2,142,0,29,54,4.91,65.0%,6,2.60,0.545,2,0.805,4,16,0.250,4.0,NA,21.7%,NA,0,NA,NA,NA,NA,NA,NA,NA,142,@ MIA,4,·,7.4,13.8
2,12471,DJ Giddens,RB,22.0,IND,999.0,999,999,0,0,0,1,1,0,71,5,0,0.0%,0,0,0,0,0,0,0.00,0,0,0,0,0.00,0.00,0,0,0,0,0,1,0,0,0.0,0.0,0,0,0,0,0,NA,0,0,7.0%,NA,NA,NA,0,NA,0,1,0.000,0.0,NA,NA,NA,0,NA,NA,NA,NA,NA,NA,NA,0,vs DEN,19,·,2.4,-2.4
2,1479,Keenan Allen,WR,33.4,LAC,18.0,17,18,17.1,14.6,12.1,1,1,0,58,32,0,0.0%,0,0,0,0,0,0,0.00,0,0,0,0,0.00,0.00,5,40,1,2,1,7,21,61,12.2,8.7,0,0,0,61,0,NA,0,0,55.2%,NA,NA,NA,0,NA,3,7,0.429,3.0,22,25.9%,2.77,0,NA,NA,NA,NA,NA,0.091,NA,61,@ LV,4,·,11.6,5.5
2,6111,Jake Browning,QB,29.4,CIN,14.0,14,14,20.74,20.74,20.74,1,1,0,69,48,0,65.6%,124,32,21,9,11,3,69.90,242,1,2,241,7.53,11.48,0,0,0,0,0,0,0,0,0.0,0.0,1,0,0,1,1,NA,1,1,69.6%,NA,NA,NA,1,NA,12,33,NA,NA,NA,NA,NA,11,34.4%,2.42,18.8%,27.3%,8.4,NA,33,242,vs JAX,26,·,DNP,DNP
2,7571,Rashod Bateman,WR,25.8,BAL,94.0,98,101,3.5,2.5,1.5,1,1,0,56,33,0,0.0%,0,0,0,0,0,0,0.00,0,0,0,0,0.00,0.00,2,9,1,1,0,4,6,15,7.5,3.8,0,0,0,15,0,NA,0,0,58.9%,NA,NA,NA,0,NA,1,4,0.250,1.0,24,13.8%,0.63,0,NA,NA,NA,NA,NA,0.042,NA,15,vs CLE,8,·,7.8,-4.3
2,12487,Terrance Ferguson,TE,22.5,LAR,999.0,999,999,0,0,0,1,1,0,61,4,0,0.0%,0,0,0,0,0,0,0.00,0,0,0,0,0.00,0.00,0,0,0,0,0,0,0,0,0.0,0.0,0,0,0,0,0,NA,0,0,6.6%,NA,NA,NA,0,NA,0,0,NA,0.0,NA,NA,NA,0,NA,NA,NA,NA,NA,NA,NA,0,@ TEN,22,·,2.8,-2.8
2,12483,Jack Bech,WR,22.7,LV,999.0,999,999,0,0,0,1,1,0,70,5,0,0.0%,0,0,0,0,0,0,0.00,0,0,0,0,0.00,0.00,0,0,0,0,0,0,0,0,0.0,0.0,0,0,0,0,0,NA,0,0,7.1%,NA,NA,NA,0,NA,0,0,NA,0.0,NA,NA,NA,0,NA,NA,NA,NA,NA,NA,NA,0,vs LAC,25,·,1.7,-1.7
2,4039,Cooper Kupp,WR,32.2,SEA,22.0,30,32,16,12.5,9,1,1,1,65,45,0,0.0%,0,0,0,0,0,0,0.00,0,0,0,0,0.00,0.00,7,48,0,5,0,9,42,90,12.9,10.0,0,0,0,90,0,NA,0,0,69.2%,NA,NA,NA,0,NA,5,9,0.556,5.0,27,27.3%,3.33,0,NA,NA,NA,NA,NA,0.185,NA,90,@ PIT,22,·,10.7,5.3
2,12492,Pat Bryant,WR,22.8,DEN,91.0,91,96,3.8,2.8,1.8,1,1,0,58,14,0,0.0%,0,0,0,0,0,0,0.00,0,0,0,0,0.00,0.00,2,8,0,2,0,3,10,18,9.0,6.0,0,0,0,18,0,NA,0,0,24.1%,NA,NA,NA,0,NA,2,3,0.667,2.0,9,10.0%,2.00,0,NA,NA,NA,NA,NA,0.222,NA,18,@ IND,5,·,1.0,2.8
2,9501,Demario Douglas,WR,24.8,NE,109.0,110,110,1.8,1.3,0.8,1,1,0,60,15,0,0.0%,0,0,0,0,0,0,0.00,0,0,0,0,0.00,0.00,1,5,0,0,0,1,3,8,8.0,8.0,0,0,0,8,0,NA,0,0,25.0%,NA,NA,NA,0,NA,0,1,0.000,0.0,10,4.3%,0.80,0,NA,NA,NA,NA,NA,0.000,NA,8,@ MIA,21,·,8.2,-6.4
2,8136,Rachaad White,RB,26.7,TB,20.0,20,19,14.6,13.6,12.6,1,1,0,80,25,0,0.0%,0,0,0,0,0,0,0.00,65,0,0,0,0.00,0.00,2,-6,0,0,0,2,7,1,0.5,0.5,10,3,3,66,1,41,65,6.5,31.3%,3,4.10,0.300,4,0.710,4,12,0.333,4.0,NA,5.3%,NA,0,NA,NA,NA,NA,NA,NA,NA,66,@ HOU,20,·,6.0,8.6
2,5022,Dallas Goedert,TE,30.7,PHI,0.0,0,0,0,0,0,0,0,0,0,0,0,0.0%,0,0,0,0,0,0,0.00,0,0,0,0,0.00,0.00,0,0,0,0,0,0,0,0,0.0,0.0,0,0,0,0,0,NA,0,0,NA,NA,NA,NA,0,NA,0,0,NA,NA,NA,NA,NA,0,NA,NA,NA,NA,NA,NA,NA,0,@ KC,31,·,DNP,DNP
2,11626,Xavier Legette,WR,24.6,CAR,121.0,121,120,0.8,0.3,-0.2,1,1,1,85,68,0,0.0%,0,0,0,0,0,0,0.00,0,0,0,0,0.00,0.00,1,-3,1,0,0,8,1,-2,-2.0,-0.3,1,0,0,-2,0,NA,0,0,80.0%,NA,NA,NA,0,NA,0,9,0.000,0.0,47,14.5%,-0.04,0,NA,NA,NA,NA,NA,0.000,NA,-2,@ ARI,14,·,9.1,-8.3
2,12534,Kyle Monangai,RB,23.3,CHI,47.0,46,44,4.6,4.1,3.6,1,1,0,68,28,0,0.0%,0,0,0,0,0,0,0.00,28,0,0,0,0.00,0.00,1,4,1,0,0,3,4,8,8.0,2.7,7,0,2,36,0,20,28,4,41.2%,2,2.90,0.286,2,0.576,2,10,0.200,2.0,NA,9.1%,NA,0,NA,NA,NA,NA,NA,NA,NA,36,@ DET,26,·,3.1,1.5
2,11625,Adonai Mitchell,WR,22.9,IND,87.0,89,92,4,3,2,1,1,0,71,7,0,0.0%,0,0,0,0,0,0,0.00,0,0,0,0,0.00,0.00,2,20,0,0,0,4,0,20,10.0,5.0,0,0,0,20,0,NA,0,0,9.9%,NA,NA,NA,0,NA,0,4,0.000,0.0,5,11.8%,4.00,0,NA,NA,NA,NA,NA,0.000,NA,20,vs DEN,27,·,1.4,2.6
2,11562,Spencer Rattler,QB,25.0,NO,10.0,10,10,21.68,21.68,21.68,1,1,1,71,71,1,73.5%,117,34,25,9,9,0,118.10,221,3,3,207,6.09,8.28,0,0,0,0,0,0,0,0,0.0,0.0,4,4,2,14,0,NA,14,3.5,100.0%,NA,NA,NA,2,NA,14,38,NA,NA,NA,NA,NA,12,35.3%,2.67,11.8%,38.5%,7.2,NA,39,221,vs SF,10,·,14.5,7.2
2,12474,Woody Marks,RB,24.7,HOU,40.0,40,37,6.1,5.6,5.1,1,1,0,49,13,0,0.0%,0,0,0,0,0,0,0.00,14,0,0,0,0.00,0.00,1,5,0,1,0,1,32,37,37.0,37.0,3,0,0,51,0,12,14,4.67,26.5%,1,4.00,0.333,0,0.733,1,4,0.250,1.0,NA,4.2%,NA,0,NA,NA,NA,NA,NA,NA,NA,51,vs TB,17,·,3.2,2.9
2,7528,Najee Harris,RB,27.5,LAC,38.0,39,38,6.8,5.8,4.8,1,1,0,58,20,0,0.0%,0,0,0,0,0,0,0.00,28,0,0,0,0.00,0.00,2,5,0,1,0,2,15,20,10.0,10.0,8,0,2,48,0,30,28,3.5,34.5%,2,3.80,0.250,2,0.630,3,10,0.300,3.0,NA,7.4%,NA,0,NA,NA,NA,NA,NA,NA,NA,48,@ LV,10,IR,4.6,2.2
2,11600,Ja'Tavion Sanders,TE,22.5,CAR,6.0,9,14,12.4,8.9,5.4,1,1,1,85,56,0,0.0%,0,0,0,0,0,0,0.00,0,0,0,0,0.00,0.00,7,35,1,3,0,9,19,54,7.7,6.0,0,0,0,54,0,NA,0,0,65.9%,NA,NA,NA,0,NA,3,9,0.333,3.0,38,16.4%,1.42,0,NA,NA,NA,NA,NA,0.079,NA,54,@ ARI,12,OUT,7.9,4.5
2,11586,Blake Corum,RB,24.8,LAR,27.0,26,25,10.4,10.4,10.4,1,1,0,61,18,0,0.0%,0,0,0,0,0,0,0.00,44,0,0,0,0.00,0.00,0,0,0,0,0,0,0,0,0.0,0.0,5,0,3,44,1,24,44,8.8,29.5%,1,4.70,0.200,4,0.670,4,5,0.800,4.0,NA,0.0%,NA,0,NA,NA,NA,NA,NA,NA,NA,44,@ TEN,3,·,2.9,7.5
2,9502,Tank Dell,WR,25.9,HOU,999.0,999,999,0,0,0,1,0,0,0,0,0,0.0%,0,0,0,0,0,0,0.00,0,0,0,0,0.00,0.00,0,0,0,0,0,0,0,0,0.0,0.0,0,0,0,0,0,NA,0,0,NA,NA,NA,NA,0,NA,0,0,NA,NA,NA,NA,NA,0,NA,NA,NA,NA,NA,NA,NA,0,vs TB,16,PUP,PUP,PUP
2,7002,Juwan Johnson,TE,29.0,NO,4.0,3,3,15.9,13.4,10.9,1,1,1,71,68,0,0.0%,0,0,0,0,0,0,0.00,0,0,0,0,0.00,0.00,5,13,2,2,1,9,36,49,9.8,5.4,0,0,0,49,0,NA,0,0,95.8%,NA,NA,NA,0,NA,3,9,0.333,3.0,32,26.5%,1.53,0,NA,NA,NA,NA,NA,0.063,NA,49,vs SF,3,·,9.1,6.8
2,11575,Ray Davis,RB,25.8,BUF,58.0,55,51,2.4,2.4,2.4,1,1,0,75,20,0,0.0%,0,0,0,0,0,0,0.00,24,0,0,0,0.00,0.00,0,0,0,0,0,0,0,0,0.0,0.0,9,0,2,24,0,21,24,2.67,26.7%,0,2.30,0.000,2,0.230,2,9,0.222,2.0,NA,0.0%,NA,0,NA,NA,NA,NA,NA,NA,NA,24,@ NYJ,9,·,4.2,-1.8
2,8111,Cade Otton,TE,26.4,TB,31.0,33,34,5.5,4,2.5,1,1,1,80,73,0,0.0%,0,0,0,0,0,0,0.00,0,0,0,0,0.00,0.00,3,17,1,1,0,4,8,25,8.3,6.3,0,0,0,25,0,NA,0,0,91.3%,NA,NA,NA,0,NA,1,4,0.250,1.0,38,10.5%,0.66,0,NA,NA,NA,NA,NA,0.026,NA,25,@ HOU,28,·,7.1,-1.6
2,9225,Tank Bigsby,RB,24.0,PHI,999.0,999,999,0,0,0,1,1,0,60,0,0,0.0%,0,0,0,0,0,0,0.00,0,0,0,0,0.00,0.00,0,0,0,0,0,0,0,0,0.0,0.0,0,0,0,0,0,NA,0,0,0.0%,NA,NA,NA,0,NA,0,0,NA,0.0,NA,NA,NA,0,NA,NA,NA,NA,NA,NA,NA,0,@ KC,22,·,1.8,-1.8
2,4018,Joe Mixon,RB,29.2,HOU,999.0,999,999,0,0,0,1,0,0,0,0,0,0.0%,0,0,0,0,0,0,0.00,0,0,0,0,0.00,0.00,0,0,0,0,0,0,0,0,0.0,0.0,0,0,0,0,0,NA,0,0,NA,NA,NA,NA,0,NA,0,0,NA,NA,NA,NA,NA,0,NA,NA,NA,NA,NA,NA,NA,0,vs TB,17,PUP,PUP,PUP
2,9229,Anthony Richardson,QB,23.3,IND,999.0,999,999,0,0,0,1,0,0,71,0,0,0.0%,0,0,0,0,0,0,0.00,0,0,0,0,0.00,0.00,0,0,0,0,0,0,0,0,0.0,0.0,0,0,0,0,0,NA,0,0,0.0%,NA,NA,NA,0,NA,0,0,NA,NA,NA,NA,NA,0,NA,NA,NA,NA,NA,NA,NA,0,vs DEN,29,·,DNP,DNP
2,8210,Chigoziem Okonkwo,TE,26.0,TEN,21.0,22,23,7.5,5.5,3.5,1,1,1,66,50,0,0.0%,0,0,0,0,0,0,0.00,0,0,0,0,0.00,0.00,4,12,1,1,0,6,23,35,8.8,5.8,0,0,0,35,0,NA,0,0,75.8%,NA,NA,NA,0,NA,1,6,0.167,1.0,28,18.2%,1.25,0,NA,NA,NA,NA,NA,0.036,NA,35,vs LAR,13,·,8.7,-1.2
2,11583,Jonathon Brooks,RB,22.2,CAR,999.0,999,999,0,0,0,1,0,0,0,0,0,0.0%,0,0,0,0,0,0,0.00,0,0,0,0,0.00,0.00,0,0,0,0,0,0,0,0,0.0,0.0,0,0,0,0,0,NA,0,0,NA,NA,NA,NA,0,NA,0,0,NA,NA,NA,NA,NA,0,NA,NA,NA,NA,NA,NA,NA,0,@ ARI,12,PUP,PUP,PUP
2,8167,Christian Watson,WR,26.4,GB,999.0,999,999,0,0,0,1,0,0,0,0,0,0.0%,0,0,0,0,0,0,0.00,0,0,0,0,0.00,0.00,0,0,0,0,0,0,0,0,0.0,0.0,0,0,0,0,0,NA,0,0,NA,NA,NA,NA,0,NA,0,0,NA,NA,NA,NA,NA,0,NA,NA,NA,NA,NA,NA,NA,0,vs WAS,10,PUP,PUP,PUP
2,12531,Trevor Etienne,RB,21.2,CAR,67.0,69,72,1.2,0.7,0.2,1,1,0,85,2,0,0.0%,0,0,0,0,0,0,0.00,0,0,0,0,0.00,0.00,1,-3,0,0,0,1,5,2,2.0,2.0,0,0,0,2,0,0,0,0,2.4%,1,0.00,NA,0,NA,0,1,0.000,0.0,NA,1.8%,NA,0,NA,NA,NA,NA,NA,NA,NA,2,@ ARI,12,·,2.0,-0.8
2,96,Aaron Rodgers,QB,41.8,PIT,24.0,24,24,12.42,12.42,12.42,1,1,1,62,59,0,54.5%,71,33,18,4,15,2,58.00,206,3,1,203,6.15,11.28,0,0,0,0,0,0,0,0,0.0,0.0,1,0,0,3,0,NA,3,3,95.2%,NA,NA,NA,0,NA,5,34,NA,NA,NA,NA,NA,5,15.2%,2.87,12.1%,37.8%,7.2,NA,37,206,vs SEA,21,·,17.9,-5.5
2,4988,Nick Chubb,RB,29.7,HOU,18.0,19,18,15.2,14.2,13.2,1,1,1,49,26,0,0.0%,0,0,0,0,0,0,0.00,43,0,0,0,0.00,0.00,2,-7,0,1,0,2,36,29,14.5,14.5,12,0,1,72,1,23,43,3.58,53.1%,0,1.90,0.000,2,0.190,3,14,0.214,3.0,NA,8.3%,NA,0,NA,NA,NA,NA,NA,NA,NA,72,vs TB,17,·,11.6,3.6
2,4144,Jonnu Smith,TE,30.1,PIT,25.0,26,32,6.7,4.7,2.7,1,1,1,62,35,0,0.0%,0,0,0,0,0,0,0.00,0,0,0,0,0.00,0.00,4,2,0,0,0,4,25,27,6.8,6.8,0,0,0,27,0,NA,0,0,56.5%,NA,NA,NA,0,NA,0,4,0.000,0.0,22,11.4%,1.23,0,NA,NA,NA,NA,NA,0.000,NA,27,vs SEA,15,·,8.5,-1.8
2,9486,Dontayvion Wicks,WR,24.2,GB,59.0,64,66,8.4,6.4,4.4,1,1,1,68,37,0,0.0%,0,0,0,0,0,0,0.00,0,0,0,0,0.00,0.00,4,44,0,4,0,6,0,44,11.0,7.3,0,0,0,44,0,NA,0,0,54.4%,NA,NA,NA,0,NA,4,6,0.667,4.0,21,19.4%,2.10,0,NA,NA,NA,NA,NA,0.190,NA,44,vs WAS,10,·,4.0,4.4
2,12505,Jalen Royals,WR,22.6,KC,0.0,0,0,0,0,0,0,0,0,0,0,0,0.0%,0,0,0,0,0,0,0.00,0,0,0,0,0.00,0.00,0,0,0,0,0,0,0,0,0.0,0.0,0,0,0,0,0,NA,0,0,NA,NA,NA,NA,0,NA,0,0,NA,NA,NA,NA,NA,0,NA,NA,NA,NA,NA,NA,NA,0,vs PHI,15,·,DNP,DNP
2,7527,Mac Jones,QB,27.0,SF,9.0,9,9,21.76,21.76,21.76,1,1,1,71,71,2,66.7%,144,39,26,12,13,0,113.10,285,3,3,279,7.15,10.73,0,0,0,0,0,0,0,0,0.0,0.0,6,1,1,6,0,NA,6,1,100.0%,NA,NA,NA,1,NA,16,45,NA,NA,NA,NA,NA,15,38.5%,2.81,2.6%,20.9%,6.5,NA,43,285,@ NO,5,·,15.6,6.2
2,1339,Zach Ertz,TE,34.8,WAS,2.0,2,2,18.4,15.4,12.4,1,1,1,69,62,0,0.0%,0,0,0,0,0,0,0.00,0,0,0,0,0.00,0.00,6,41,1,2,1,8,23,64,10.7,8.0,0,0,0,64,0,NA,0,0,89.9%,NA,NA,NA,0,NA,3,8,0.375,3.0,41,19.0%,1.56,0,NA,NA,NA,NA,NA,0.049,NA,64,@ GB,17,·,8.4,10.0
2,8125,Calvin Austin III,WR,26.5,PIT,96.0,94,89,3.2,2.7,2.2,1,1,1,62,57,0,0.0%,0,0,0,0,0,0,0.00,0,0,0,0,0.00,0.00,1,22,0,1,0,4,0,22,22.0,5.5,0,0,0,22,0,NA,0,0,91.9%,NA,NA,NA,0,NA,1,4,0.250,1.0,34,11.4%,0.65,0,NA,NA,NA,NA,NA,0.029,NA,22,vs SEA,17,Q,10.1,-6.9
2,7600,Pat Freiermuth,TE,26.9,PIT,27.0,27,27,6.1,4.6,3.1,1,1,1,62,31,0,0.0%,0,0,0,0,0,0,0.00,0,0,0,0,0.00,0.00,3,26,0,1,0,4,5,31,10.3,7.8,0,0,0,31,0,NA,0,0,50.0%,NA,NA,NA,0,NA,1,4,0.250,1.0,23,11.4%,1.35,0,NA,NA,NA,NA,NA,0.043,NA,31,vs SEA,15,·,6.3,-0.2
2,8142,Alec Pierce,WR,25.4,IND,41.0,44,49,10.8,8.8,6.8,1,1,1,71,64,0,0.0%,0,0,0,0,0,0,0.00,0,0,0,0,0.00,0.00,4,65,0,3,0,5,3,68,17.0,13.6,0,0,0,68,0,NA,0,0,90.1%,NA,NA,NA,0,NA,3,5,0.600,3.0,31,14.7%,2.19,0,NA,NA,NA,NA,NA,0.097,NA,68,vs DEN,27,OUT,6.9,3.9
2,9482,Michael Mayer,TE,24.2,LV,40.0,41,45,2.9,1.9,0.9,1,1,1,70,24,0,0.0%,0,0,0,0,0,0,0.00,0,0,0,0,0.00,0.00,2,7,0,1,0,2,2,9,4.5,4.5,0,0,0,9,0,NA,0,0,34.3%,NA,NA,NA,0,NA,1,2,0.500,1.0,11,4.7%,0.82,0,NA,NA,NA,NA,NA,0.091,NA,9,vs LAC,26,OUT,4.4,-1.5
2,9511,Keaton Mitchell,RB,23.7,BAL,0.0,0,0,0,0,0,0,0,0,0,0,0,0.0%,0,0,0,0,0,0,0.00,0,0,0,0,0.00,0.00,0,0,0,0,0,0,0,0,0.0,0.0,0,0,0,0,0,NA,0,0,NA,NA,NA,NA,0,NA,0,0,NA,NA,NA,NA,NA,0,NA,NA,NA,NA,NA,NA,NA,0,vs CLE,28,·,DNP,DNP
2,10213,Tre Tucker,WR,24.5,LV,79.0,85,95,4.9,3.4,1.9,1,1,1,70,64,0,0.0%,0,0,0,0,0,0,0.00,7,0,0,0,0.00,0.00,3,4,0,0,0,8,8,12,4.0,1.5,1,1,0,19,0,NA,7,7,91.4%,NA,NA,NA,0,NA,0,9,0.000,0.0,42,18.6%,0.29,0,NA,NA,NA,NA,NA,0.000,NA,19,vs LAC,25,·,6.4,-1.5
2,9757,Kendre Miller,RB,23.3,NO,62.0,64,67,2,1.5,1,1,1,0,71,11,0,0.0%,0,0,0,0,0,0,0.00,8,0,0,0,0.00,0.00,1,2,0,0,0,1,0,2,2.0,2.0,5,1,0,10,0,12,8,1.6,15.5%,2,2.40,0.400,0,0.640,0,6,0.000,0.0,NA,2.9%,NA,0,NA,NA,NA,NA,NA,NA,NA,10,vs SF,14,·,4.5,-2.5
2,11643,Jaylen Wright,RB,22.5,MIA,0.0,0,0,0,0,0,0,0,0,0,0,0,0.0%,0,0,0,0,0,0,0.00,0,0,0,0,0.00,0.00,0,0,0,0,0,0,0,0,0.0,0.0,0,0,0,0,0,NA,0,0,NA,NA,NA,NA,0,NA,0,0,NA,NA,NA,NA,NA,0,NA,NA,NA,NA,NA,NA,NA,0,vs NE,27,OUT,OUT,OUT
2,1234,Russell Wilson,QB,36.8,NYG,2.0,2,2,31.3,31.3,31.3,1,1,1,67,64,1,73.2%,313,41,30,12,11,1,123.00,473,3,3,450,10.98,15.00,0,0,0,0,0,0,0,0,0.0,0.0,3,0,1,23,0,NA,23,7.67,95.5%,NA,NA,NA,1,NA,16,44,NA,NA,NA,NA,NA,15,36.6%,2.69,26.8%,33.3%,12.7,NA,45,473,@ DAL,1,·,19.4,11.9
2,12524,Shedeur Sanders,QB,23.6,CLE,0.0,0,0,0,0,0,0,0,0,0,0,0,0.0%,0,0,0,0,0,0,0.00,0,0,0,0,0.00,0.00,0,0,0,0,0,0,0,0,0.0,0.0,0,0,0,0,0,NA,0,0,NA,NA,NA,NA,0,NA,0,0,NA,NA,NA,NA,NA,0,NA,NA,NA,NA,NA,NA,NA,0,@ BAL,2,OUT,OUT,OUT
2,7670,Joshua Palmer,WR,26.0,BUF,71.0,67,64,6.7,5.7,4.7,1,1,0,75,38,0,0.0%,0,0,0,0,0,0,0.00,0,0,0,0,0.00,0.00,2,31,0,2,0,3,16,47,23.5,15.7,0,0,0,47,0,NA,0,0,50.7%,NA,NA,NA,0,NA,2,3,0.667,2.0,18,11.1%,2.61,0,NA,NA,NA,NA,NA,0.111,NA,47,@ NYJ,13,·,8.3,-1.6
2,4950,Christian Kirk,WR,28.8,HOU,0.0,0,0,0,0,0,0,0,0,0,0,0,0.0%,0,0,0,0,0,0,0.00,0,0,0,0,0.00,0.00,0,0,0,0,0,0,0,0,0.0,0.0,0,0,0,0,0,NA,0,0,NA,NA,NA,NA,0,NA,0,0,NA,NA,NA,NA,NA,0,NA,NA,NA,NA,NA,NA,NA,0,vs TB,16,·,DNP,DNP
2,6826,Cole Kmet,TE,26.5,CHI,35.0,34,30,4.9,3.9,2.9,1,1,1,68,61,0,0.0%,0,0,0,0,0,0,0.00,0,0,0,0,0.00,0.00,2,17,0,2,0,2,12,29,14.5,14.5,0,0,0,29,0,NA,0,0,89.7%,NA,NA,NA,0,NA,2,2,1.000,2.0,30,6.1%,0.97,0,NA,NA,NA,NA,NA,0.067,NA,29,@ DET,18,·,7.5,-2.6
2,11597,Theo Johnson,TE,24.6,NYG,22.0,23,24,7.4,5.4,3.4,1,1,1,67,56,0,0.0%,0,0,0,0,0,0,0.00,0,0,0,0,0.00,0.00,4,27,0,2,0,5,7,34,8.5,6.8,0,0,0,34,0,NA,0,0,83.6%,NA,NA,NA,0,NA,2,5,0.400,2.0,32,12.2%,1.06,0,NA,NA,NA,NA,NA,0.063,NA,34,@ DAL,9,·,6.2,1.2
2,11596,Ben Sinnott,TE,23.2,WAS,47.0,47,47,1.7,1.2,0.7,1,1,0,69,3,0,0.0%,0,0,0,0,0,0,0.00,0,0,0,0,0.00,0.00,1,7,0,0,0,1,0,7,7.0,7.0,0,0,0,7,0,NA,0,0,4.3%,NA,NA,NA,0,NA,0,1,0.000,0.0,3,2.4%,2.33,0,NA,NA,NA,NA,NA,0.000,NA,7,@ GB,17,·,0.7,1.0
2,3214,Hunter Henry,TE,30.8,NE,45.0,45,44,1.9,1.4,0.9,1,1,1,60,51,0,0.0%,0,0,0,0,0,0,0.00,0,0,0,0,0.00,0.00,1,2,0,0,0,3,7,9,9.0,3.0,0,0,0,9,0,NA,0,0,85.0%,NA,NA,NA,0,NA,0,3,0.000,0.0,18,13.0%,0.50,0,NA,NA,NA,NA,NA,0.000,NA,9,@ MIA,6,·,9.0,-7.1
2,11577,Will Shipley,RB,23.0,PHI,0.0,0,0,0,0,0,0,0,0,0,0,0,0.0%,0,0,0,0,0,0,0.00,0,0,0,0,0.00,0.00,0,0,0,0,0,0,0,0,0.0,0.0,0,0,0,0,0,NA,0,0,NA,NA,NA,NA,0,NA,0,0,NA,NA,NA,NA,NA,0,NA,NA,NA,NA,NA,NA,NA,0,@ KC,22,·,DNP,DNP
2,11651,Isaac Guerendo,RB,25.2,SF,999.0,999,999,0,0,0,1,1,0,71,0,0,0.0%,0,0,0,0,0,0,0.00,0,0,0,0,0.00,0.00,0,0,0,0,0,0,0,0,0.0,0.0,0,0,0,0,0,NA,0,0,0.0%,NA,NA,NA,0,NA,0,0,NA,0.0,NA,NA,NA,0,NA,NA,NA,NA,NA,NA,NA,0,@ NO,11,·,0.6,-0.6
2,12543,Tahj Brooks,RB,23.3,CIN,999.0,999,999,0,0,0,1,1,0,69,0,0,0.0%,0,0,0,0,0,0,0.00,0,0,0,0,0.00,0.00,0,0,0,0,0,0,0,0,0.0,0.0,0,0,0,0,0,NA,0,0,0.0%,NA,NA,NA,0,NA,0,0,NA,0.0,NA,NA,NA,0,NA,NA,NA,NA,NA,NA,NA,0,vs JAX,29,·,0.6,-0.6
2,11610,Malik Washington,WR,24.7,MIA,50.0,43,35,9.5,9,8.5,1,1,0,57,35,0,0.0%,0,0,0,0,0,0,0.00,23,0,0,0,0.00,0.00,1,-4,0,0,0,2,6,2,2.0,1.0,3,1,1,25,0,NA,23,7.67,61.4%,NA,NA,NA,1,NA,1,5,0.200,1.0,22,6.3%,0.09,0,NA,NA,NA,NA,NA,0.000,NA,25,vs NE,7,·,6.4,3.1
2,12486,Dillon Gabriel,QB,24.7,CLE,34.0,34,34,4.76,4.76,4.76,1,1,0,73,7,0,100.0%,5,3,3,2,0,0,132.60,19,0,1,19,6.33,6.33,0,0,0,0,0,0,0,0,0.0,0.0,0,0,0,0,0,NA,0,0,9.6%,NA,NA,NA,0,NA,3,3,NA,NA,NA,NA,NA,3,100.0%,2.27,0.0%,0.0%,3.4,NA,3,19,@ BAL,2,·,DNP,DNP
2,12545,Tyler Shough,QB,26.0,NO,999.0,999,999,0,0,0,1,0,0,71,0,0,0.0%,0,0,0,0,0,0,0.00,0,0,0,0,0.00,0.00,0,0,0,0,0,0,0,0,0.0,0.0,0,0,0,0,0,NA,0,0,0.0%,NA,NA,NA,0,NA,0,0,NA,NA,NA,NA,NA,0,NA,NA,NA,NA,NA,NA,NA,0,vs SF,10,·,DNP,DNP
2,12455,Brashard Smith,RB,22.4,KC,73.0,73,71,0.2,0.2,0.2,1,1,0,60,5,0,0.0%,0,0,0,0,0,0,0.00,2,0,0,0,0.00,0.00,0,0,0,0,0,1,0,0,0.0,0.0,1,0,0,2,0,NA,2,2,8.3%,NA,NA,NA,0,NA,0,2,0.000,0.0,NA,NA,NA,0,NA,NA,NA,NA,NA,NA,NA,2,vs PHI,8,·,2.3,-2.1
2,11569,Jarquez Hunter,RB,22.7,LAR,999.0,999,999,0,0,0,1,1,0,61,0,0,0.0%,0,0,0,0,0,0,0.00,0,0,0,0,0.00,0.00,0,0,0,0,0,0,0,0,0.0,0.0,0,0,0,0,0,NA,0,0,0.0%,NA,NA,NA,0,NA,0,0,NA,0.0,NA,NA,NA,0,NA,NA,NA,NA,NA,NA,NA,0,@ TEN,3,·,0.7,-0.7
2,12503,Isaiah Bond,WR,21.5,CLE,102.0,100,100,2.5,2,1.5,1,1,0,73,28,0,0.0%,0,0,0,0,0,0,0.00,9,0,0,0,0.00,0.00,1,-6,1,1,0,3,12,6,6.0,2.0,1,0,0,15,0,NA,9,9,38.4%,NA,NA,NA,0,NA,1,4,0.250,1.0,20,6.3%,0.30,0,NA,NA,NA,NA,NA,0.050,NA,15,@ BAL,2,·,1.8,0.7
2,12476,Devin Neal,RB,22.1,NO,999.0,999,999,0,0,0,1,0,0,71,0,0,0.0%,0,0,0,0,0,0,0.00,0,0,0,0,0.00,0.00,0,0,0,0,0,0,0,0,0.0,0.0,0,0,0,0,0,NA,0,0,0.0%,NA,NA,NA,0,NA,0,0,NA,NA,NA,NA,NA,0,NA,NA,NA,NA,NA,NA,NA,0,vs SF,14,OUT,2.6,-2.6
2,12670,KeAndre Lambert-Smith,WR,23.9,LAC,999.0,999,999,0,0,0,1,1,0,58,6,0,0.0%,0,0,0,0,0,0,0.00,0,0,0,0,0.00,0.00,0,0,0,0,0,0,0,0,0.0,0.0,0,0,0,0,0,NA,0,0,10.3%,NA,NA,NA,0,NA,0,0,NA,0.0,NA,NA,NA,0,NA,NA,NA,NA,NA,NA,NA,0,@ LV,4,·,2.0,-2.0
2,8143,Jerome Ford,RB,26.0,CLE,28.0,33,35,10.4,7.9,5.4,1,1,0,73,35,0,0.0%,0,0,0,0,0,0,0.00,31,0,0,0,0.00,0.00,5,-4,1,0,0,6,27,23,4.6,3.8,6,0,1,54,0,25,31,5.17,47.9%,1,4.20,0.167,1,0.587,1,12,0.083,1.0,NA,12.5%,NA,0,NA,NA,NA,NA,NA,NA,NA,54,@ BAL,2,·,6.1,4.3
2,9506,Sean Tucker,RB,23.9,TB,999.0,999,999,0,0,0,1,1,0,80,1,0,0.0%,0,0,0,0,0,0,0.00,0,0,0,0,0.00,0.00,0,0,0,0,0,0,0,0,0.0,0.0,0,0,0,0,0,NA,0,0,1.3%,NA,NA,NA,0,NA,0,0,NA,0.0,NA,NA,NA,0,NA,NA,NA,NA,NA,NA,NA,0,@ HOU,20,·,1.7,-1.7
2,8188,Tyquan Thornton,WR,25.1,KC,31.0,28,19,13.9,12.9,11.9,1,1,1,60,45,0,0.0%,0,0,0,0,0,0,0.00,0,0,0,0,0.00,0.00,2,55,1,0,1,5,4,59,29.5,11.8,0,0,0,59,0,NA,0,0,75.0%,NA,NA,NA,0,NA,1,5,0.200,1.0,25,17.2%,2.36,0,NA,NA,NA,NA,NA,0.000,NA,59,vs PHI,15,·,4.8,9.1
2,7587,Dyami Brown,WR,25.9,JAX,16.0,16,16,17.6,15.1,12.6,1,1,1,71,57,0,0.0%,0,0,0,0,0,0,0.00,9,0,0,0,0.00,0.00,5,45,2,3,1,7,12,57,11.4,8.1,1,0,0,66,0,NA,9,9,80.3%,NA,NA,NA,0,NA,4,8,0.500,4.0,35,16.7%,1.63,0,NA,NA,NA,NA,NA,0.086,NA,66,@ CIN,11,·,6.1,11.5
2,11630,Roman Wilson,WR,24.2,PIT,110.0,111,111,1.7,1.2,0.7,1,1,0,62,22,0,0.0%,0,0,0,0,0,0,0.00,0,0,0,0,0.00,0.00,1,7,0,0,0,2,0,7,7.0,3.5,0,0,0,7,0,NA,0,0,35.5%,NA,NA,NA,0,NA,0,2,0.000,0.0,15,5.7%,0.47,0,NA,NA,NA,NA,NA,0.000,NA,7,vs SEA,17,·,3.2,-1.5
2,12641,Jaylin Lane,WR,23.4,WAS,119.0,119,119,1.2,0.7,0.2,1,1,0,69,36,0,0.0%,0,0,0,0,0,0,0.00,0,0,0,0,0.00,0.00,1,2,0,0,0,4,0,2,2.0,0.5,0,0,0,2,0,NA,0,0,52.2%,NA,NA,NA,0,NA,0,4,0.000,0.0,23,9.5%,0.09,0,NA,NA,NA,NA,NA,0.000,NA,2,@ GB,28,·,2.3,-1.1
2,10232,Michael Wilson,WR,25.6,ARI,61.0,51,46,8.1,7.6,7.1,1,1,1,55,38,0,0.0%,0,0,0,0,0,0,0.00,0,0,0,0,0.00,0.00,1,11,0,0,1,2,0,11,11.0,5.5,0,0,0,11,0,NA,0,0,69.1%,NA,NA,NA,0,NA,1,2,0.500,1.0,22,8.0%,0.50,0,NA,NA,NA,NA,NA,0.000,NA,11,vs CAR,29,·,7.3,0.8
2,8180,Jalen Nailor,WR,26.5,MIN,74.0,74,75,6.1,4.6,3.1,1,1,1,47,47,0,0.0%,0,0,0,0,0,0,0.00,0,0,0,0,0.00,0.00,3,30,0,2,0,5,1,31,10.3,6.2,0,0,0,31,0,NA,0,0,100.0%,NA,NA,NA,0,NA,2,5,0.400,2.0,27,23.8%,1.15,0,NA,NA,NA,NA,NA,0.074,NA,31,vs ATL,30,·,5.8,0.3
2,5001,Dalton Schultz,TE,29.2,HOU,28.0,28,29,5.9,4.4,2.9,1,1,0,49,29,0,0.0%,0,0,0,0,0,0,0.00,0,0,0,0,0.00,0.00,3,14,0,1,0,4,15,29,9.7,7.3,0,0,0,29,0,NA,0,0,59.2%,NA,NA,NA,0,NA,1,4,0.250,1.0,21,16.7%,1.38,0,NA,NA,NA,NA,NA,0.048,NA,29,vs TB,8,·,8.6,-2.7
2,12544,LeQuint Allen,RB,21.1,JAX,66.0,65,63,1.3,1.3,1.3,1,1,0,71,11,0,0.0%,0,0,0,0,0,0,0.00,13,0,0,0,0.00,0.00,0,0,0,0,0,0,0,0,0.0,0.0,2,0,1,13,0,9,13,6.5,15.5%,0,4.30,0.000,1,0.430,1,2,0.500,1.0,NA,0.0%,NA,0,NA,NA,NA,NA,NA,NA,NA,13,@ CIN,1,·,3.8,-2.5
2,7021,Rico Dowdle,RB,27.2,CAR,56.0,56,58,2.9,2.4,1.9,1,1,0,85,25,0,0.0%,0,0,0,0,0,0,0.00,9,0,0,0,0.00,0.00,1,4,0,1,0,1,6,10,10.0,10.0,6,0,0,19,0,15,9,1.5,29.4%,3,2.50,0.500,0,0.750,1,7,0.143,1.0,NA,1.8%,NA,0,NA,NA,NA,NA,NA,NA,NA,19,@ ARI,12,·,5.1,-2.2
2,12467,Jordan James,RB,21.5,SF,0.0,0,0,0,0,0,0,0,0,0,0,0,0.0%,0,0,0,0,0,0,0.00,0,0,0,0,0.00,0.00,0,0,0,0,0,0,0,0,0.0,0.0,0,0,0,0,0,NA,0,0,NA,NA,NA,NA,0,NA,0,0,NA,NA,NA,NA,NA,0,NA,NA,NA,NA,NA,NA,NA,0,@ NO,11,OUT,OUT,OUT
2,12493,Oronde Gadsden,TE,22.2,LAC,0.0,0,0,0,0,0,0,0,0,0,0,0,0.0%,0,0,0,0,0,0,0.00,0,0,0,0,0.00,0.00,0,0,0,0,0,0,0,0,0.0,0.0,0,0,0,0,0,NA,0,0,NA,NA,NA,NA,0,NA,0,0,NA,NA,NA,NA,NA,0,NA,NA,NA,NA,NA,NA,NA,0,@ LV,25,·,DNP,DNP
2,7567,Kenneth Gainwell,RB,26.5,PIT,39.0,41,45,6.6,5.1,3.6,1,1,0,62,26,0,0.0%,0,0,0,0,0,0,0.00,20,0,0,0,0.00,0.00,3,-8,1,1,0,5,24,16,5.3,3.2,5,0,1,36,0,15,20,4,41.9%,2,3.00,0.400,1,0.700,2,10,0.200,2.0,NA,14.3%,NA,0,NA,NA,NA,NA,NA,NA,NA,36,vs SEA,18,·,9.4,-2.8
2,19,Joe Flacco,QB,40.7,CLE,28.0,28,28,9.76,9.76,9.76,1,1,1,73,66,1,55.6%,117,45,25,6,20,1,65.00,207,2,1,199,4.42,7.96,0,0,0,0,0,0,0,0,0.0,0.0,1,0,1,8,0,NA,8,8,90.4%,NA,NA,NA,1,NA,8,46,NA,NA,NA,NA,NA,7,15.6%,2.87,6.7%,41.7%,6.7,NA,48,207,@ BAL,2,·,18.3,-8.5
2,10235,Roschon Johnson,RB,24.6,CHI,999.0,999,999,0,0,0,1,1,0,68,0,0,0.0%,0,0,0,0,0,0,0.00,0,0,0,0,0.00,0.00,0,0,0,0,0,0,0,0,0.0,0.0,0,0,0,0,0,NA,0,0,0.0%,NA,NA,NA,0,NA,0,0,NA,0.0,NA,NA,NA,0,NA,NA,NA,NA,NA,NA,NA,0,@ DET,26,·,2.8,-2.8
2,1426,DeAndre Hopkins,WR,33.3,BAL,29.0,23,17,14.4,13.4,12.4,1,1,0,56,10,0,0.0%,0,0,0,0,0,0,0.00,0,0,0,0,0.00,0.00,2,64,0,1,1,2,0,64,32.0,32.0,0,0,0,64,0,NA,0,0,17.9%,NA,NA,NA,0,NA,2,2,1.000,2.0,7,6.9%,9.14,0,NA,NA,NA,NA,NA,0.143,NA,64,vs CLE,8,·,4.4,10.0
2,11581,MarShawn Lloyd,RB,24.7,GB,999.0,999,999,0,0,0,1,0,0,0,0,0,0.0%,0,0,0,0,0,0,0.00,0,0,0,0,0.00,0.00,0,0,0,0,0,0,0,0,0.0,0.0,0,0,0,0,0,NA,0,0,NA,NA,NA,NA,0,NA,0,0,NA,NA,NA,NA,NA,0,NA,NA,NA,NA,NA,NA,NA,0,vs WAS,21,IR,IR,IR
2,11557,Joe Milton,QB,25.5,DAL,999.0,999,999,0,0,0,1,0,0,89,0,0,0.0%,0,0,0,0,0,0,0.00,0,0,0,0,0.00,0.00,0,0,0,0,0,0,0,0,0.0,0.0,0,0,0,0,0,NA,0,0,0.0%,NA,NA,NA,0,NA,0,0,NA,NA,NA,NA,NA,0,NA,NA,NA,NA,NA,NA,NA,0,vs NYG,14,·,DNP,DNP
2,8119,Jahan Dotson,WR,25.5,PHI,116.0,116,116,1.4,0.9,0.4,1,1,0,60,22,0,0.0%,0,0,0,0,0,0,0.00,0,0,0,0,0.00,0.00,1,-6,0,0,0,1,10,4,4.0,4.0,0,0,0,4,0,NA,0,0,36.7%,NA,NA,NA,0,NA,0,1,0.000,0.0,18,4.5%,0.22,0,NA,NA,NA,NA,NA,0.000,NA,4,@ KC,31,·,4.1,-2.7
2,10219,Chris Rodriguez,RB,25.0,WAS,0.0,0,0,0,0,0,0,0,0,0,0,0,0.0%,0,0,0,0,0,0,0.00,0,0,0,0,0.00,0.00,0,0,0,0,0,0,0,0,0.0,0.0,0,0,0,0,0,NA,0,0,NA,NA,NA,NA,0,NA,0,0,NA,NA,NA,NA,NA,0,NA,NA,NA,NA,NA,NA,NA,0,@ GB,31,·,DNP,DNP
2,9481,Luke Musgrave,TE,25.0,GB,32.0,30,25,5.2,4.2,3.2,1,1,0,68,21,0,0.0%,0,0,0,0,0,0,0.00,0,0,0,0,0.00,0.00,2,25,0,2,0,2,7,32,16.0,16.0,0,0,0,32,0,NA,0,0,30.9%,NA,NA,NA,0,NA,2,2,1.000,2.0,9,6.5%,3.56,0,NA,NA,NA,NA,NA,0.222,NA,32,vs WAS,11,·,2.3,2.9
2,12511,Will Howard,QB,24.0,PIT,999.0,999,999,0,0,0,1,0,0,0,0,0,0.0%,0,0,0,0,0,0,0.00,0,0,0,0,0.00,0.00,0,0,0,0,0,0,0,0,0.0,0.0,0,0,0,0,0,NA,0,0,NA,NA,NA,NA,0,NA,0,0,NA,NA,NA,NA,NA,0,NA,NA,NA,NA,NA,NA,NA,0,vs SEA,21,IR,IR,IR
2,12482,Savion Williams,WR,23.8,GB,103.0,99,86,2.4,2.4,2.4,1,1,0,68,11,0,0.0%,0,0,0,0,0,0,0.00,24,0,0,0,0.00,0.00,0,0,0,0,0,0,0,0,0.0,0.0,2,0,1,24,0,NA,24,12,16.2%,NA,NA,NA,1,NA,1,2,0.500,1.0,4,0.0%,0.00,0,NA,NA,NA,NA,NA,0.000,NA,24,vs WAS,10,·,0.8,1.6
2,10226,Andrei Iosivas,WR,25.9,CIN,104.0,104,102,2.2,1.7,1.2,1,1,1,69,58,0,0.0%,0,0,0,0,0,0,0.00,0,0,0,0,0.00,0.00,1,11,0,1,0,5,1,12,12.0,2.4,0,0,0,12,0,NA,0,0,84.1%,NA,NA,NA,0,NA,1,5,0.200,1.0,39,11.1%,0.31,0,NA,NA,NA,NA,NA,0.026,NA,12,vs JAX,24,·,4.2,-2.0
2,11603,AJ Barner,TE,23.4,SEA,9.0,8,4,10.8,9.8,8.8,1,1,1,65,58,0,0.0%,0,0,0,0,0,0,0.00,2,0,0,0,0.00,0.00,2,8,0,1,1,3,18,26,13.0,8.7,1,0,1,28,0,NA,2,2,89.2%,NA,NA,NA,1,NA,3,4,0.750,3.0,22,9.1%,1.18,0,NA,NA,NA,NA,NA,0.045,NA,28,@ PIT,16,·,6.5,4.3
2,12523,Jimmy Horn,WR,23.0,CAR,0.0,0,0,0,0,0,0,0,0,0,0,0,0.0%,0,0,0,0,0,0,0.00,0,0,0,0,0.00,0.00,0,0,0,0,0,0,0,0,0.0,0.0,0,0,0,0,0,NA,0,0,NA,NA,NA,NA,0,NA,0,0,NA,NA,NA,NA,NA,0,NA,NA,NA,NA,NA,NA,NA,0,@ ARI,14,·,DNP,DNP
2,5857,Noah Fant,TE,27.8,CIN,29.0,29,31,5.8,4.3,2.8,1,1,0,69,17,0,0.0%,0,0,0,0,0,0,0.00,0,0,0,0,0.00,0.00,3,21,0,1,0,4,7,28,9.3,7.0,0,0,0,28,0,NA,0,0,24.6%,NA,NA,NA,0,NA,1,4,0.250,1.0,12,8.9%,2.33,0,NA,NA,NA,NA,NA,0.083,NA,28,vs JAX,27,·,5.0,0.8
2,1689,Adam Thielen,WR,35.1,MIN,84.0,83,84,4.6,3.6,2.6,1,1,1,47,38,0,0.0%,0,0,0,0,0,0,0.00,0,0,0,0,0.00,0.00,2,26,0,2,0,3,0,26,13.0,8.7,0,0,0,26,0,NA,0,0,80.9%,NA,NA,NA,0,NA,2,3,0.667,2.0,24,14.3%,1.08,0,NA,NA,NA,NA,NA,0.083,NA,26,vs ATL,30,·,5.8,-1.2
2,12502,Gunnar Helm,TE,23.0,TEN,39.0,40,43,2.9,1.9,0.9,1,1,0,66,22,0,0.0%,0,0,0,0,0,0,0.00,0,0,0,0,0.00,0.00,2,-1,0,0,0,2,10,9,4.5,4.5,0,0,0,9,0,NA,0,0,33.3%,NA,NA,NA,0,NA,0,2,0.000,0.0,11,6.1%,0.82,0,NA,NA,NA,NA,NA,0.000,NA,9,vs LAR,13,·,3.0,-0.1
2,7828,Noah Gray,TE,26.4,KC,57.0,57,57,1.1,0.6,0.1,1,1,1,60,39,0,0.0%,0,0,0,0,0,0,0.00,0,0,0,0,0.00,0.00,1,-2,0,0,0,5,3,1,1.0,0.2,0,0,0,1,0,NA,0,0,65.0%,NA,NA,NA,0,NA,0,5,0.000,0.0,14,17.2%,0.07,0,NA,NA,NA,NA,NA,0.000,NA,1,vs PHI,29,·,4.6,-3.5
2,9487,Parker Washington,WR,23.5,JAX,34.0,36,43,12.6,10.1,7.6,1,1,0,71,17,0,0.0%,0,0,0,0,0,0,0.00,0,0,0,0,0.00,0.00,5,33,0,3,0,5,43,76,15.2,15.2,0,0,0,76,0,NA,0,0,23.9%,NA,NA,NA,0,NA,3,5,0.600,3.0,11,11.9%,6.91,0,NA,NA,NA,NA,NA,0.273,NA,76,@ CIN,11,·,1.4,11.2
2,5995,Justice Hill,RB,27.8,BAL,46.0,47,50,5.5,4,2.5,1,1,0,56,22,0,0.0%,0,0,0,0,0,0,0.00,7,0,0,0,0.00,0.00,3,-8,0,0,0,3,26,18,6.0,6.0,3,0,0,25,0,8,7,2.33,39.3%,0,2.50,0.000,0,0.250,0,6,0.000,0.0,NA,10.3%,NA,0,NA,NA,NA,NA,NA,NA,NA,25,vs CLE,28,·,5.3,0.2
2,4098,Kareem Hunt,RB,30.1,KC,48.0,48,46,4.4,3.9,3.4,1,1,0,60,24,1,0.0%,0,0,0,0,0,0,0.00,31,0,0,0,0.00,0.00,1,-3,0,0,0,1,6,3,3.0,3.0,8,0,3,34,0,21,31,3.88,40.0%,2,2.60,0.250,3,0.510,3,9,0.333,3.0,NA,3.4%,NA,0,NA,NA,NA,NA,NA,NA,NA,34,vs PHI,8,·,9.1,-4.7
2,11571,Isaiah Davis,RB,23.6,NYJ,65.0,66,68,1.6,1.1,0.6,1,1,0,47,10,0,0.0%,0,0,0,0,0,0,0.00,0,0,0,0,0.00,0.00,1,0,1,1,0,3,6,6,6.0,2.0,0,0,0,6,0,0,0,0,21.3%,0,0.00,NA,0,NA,1,3,0.333,1.0,NA,13.6%,NA,0,NA,NA,NA,NA,NA,NA,NA,6,vs BUF,13,·,2.1,-0.5
2,12542,Efton Chism,WR,23.9,NE,0.0,0,0,0,0,0,0,0,0,0,0,0,0.0%,0,0,0,0,0,0,0.00,0,0,0,0,0.00,0.00,0,0,0,0,0,0,0,0,0.0,0.0,0,0,0,0,0,NA,0,0,NA,NA,NA,NA,0,NA,0,0,NA,NA,NA,NA,NA,0,NA,NA,NA,NA,NA,NA,NA,0,@ MIA,21,OUT,OUT,OUT
2,11623,Jordan Whittington,WR,25.0,LAR,72.0,70,67,6.2,5.2,4.2,1,1,0,61,39,0,0.0%,0,0,0,0,0,0,0.00,0,0,0,0,0.00,0.00,2,29,0,1,0,2,13,42,21.0,21.0,0,0,0,42,0,NA,0,0,63.9%,NA,NA,NA,0,NA,1,2,0.500,1.0,17,6.1%,2.47,0,NA,NA,NA,NA,NA,0.059,NA,42,@ TEN,9,·,1.9,4.3
2,5906,Dawson Knox,TE,28.8,BUF,38.0,38,37,3.9,2.9,1.9,1,1,1,75,41,0,0.0%,0,0,0,0,0,0,0.00,0,0,0,0,0.00,0.00,2,3,1,2,0,5,16,19,9.5,3.8,0,0,0,19,0,NA,0,0,54.7%,NA,NA,NA,0,NA,2,5,0.400,2.0,12,18.5%,1.58,0,NA,NA,NA,NA,NA,0.167,NA,19,@ NYJ,7,·,2.6,1.3
2,8129,Dameon Pierce,RB,25.6,HOU,0.0,0,0,0,0,0,0,0,0,0,0,0,0.0%,0,0,0,0,0,0,0.00,0,0,0,0,0.00,0.00,0,0,0,0,0,0,0,0,0.0,0.0,0,0,0,0,0,NA,0,0,NA,NA,NA,NA,0,NA,0,0,NA,NA,NA,NA,NA,0,NA,NA,NA,NA,NA,NA,NA,0,vs TB,17,·,DNP,DNP
2,7596,Elijah Moore,WR,25.5,BUF,42.0,35,30,10.7,10.2,9.7,1,1,1,75,30,0,0.0%,0,0,0,0,0,0,0.00,6,0,0,0,0.00,0.00,1,12,0,1,0,1,19,31,31.0,31.0,2,2,0,37,1,NA,6,3,40.0%,NA,NA,NA,1,NA,2,3,0.667,2.0,12,3.7%,2.58,0,NA,NA,NA,NA,NA,0.083,NA,37,@ NYJ,13,OUT,1.1,9.6
2,4993,Mike Gesicki,TE,30.0,CIN,36.0,36,38,4.8,3.3,1.8,1,1,1,69,36,0,0.0%,0,0,0,0,0,0,0.00,0,0,0,0,0.00,0.00,3,16,0,1,0,4,2,18,6.0,4.5,0,0,0,18,0,NA,0,0,52.2%,NA,NA,NA,0,NA,1,4,0.250,1.0,31,8.9%,0.58,0,NA,NA,NA,NA,NA,0.032,NA,18,vs JAX,27,·,6.8,-2.0
2,10218,Xavier Hutchinson,WR,25.3,HOU,80.0,80,77,4.9,3.9,2.9,1,1,0,49,28,0,0.0%,0,0,0,0,0,0,0.00,0,0,0,0,0.00,0.00,2,19,0,1,0,3,10,29,14.5,9.7,0,0,0,29,0,NA,0,0,57.1%,NA,NA,NA,0,NA,1,3,0.333,1.0,20,12.5%,1.45,0,NA,NA,NA,NA,NA,0.050,NA,29,vs TB,16,·,2.6,2.3
2,12540,Chimere Dike,WR,23.8,TEN,101.0,103,108,2.8,1.8,0.8,1,1,0,66,28,0,0.0%,0,0,0,0,0,0,0.00,9,0,0,0,0.00,0.00,2,-5,0,0,0,5,4,-1,-0.5,-0.2,2,0,0,8,0,NA,9,4.5,42.4%,NA,NA,NA,0,NA,0,7,0.000,0.0,15,15.2%,-0.07,0,NA,NA,NA,NA,NA,0.000,NA,8,vs LAR,12,·,1.8,1.0
2,11650,Luke McCaffrey,WR,24.4,WAS,81.0,75,69,4.9,4.4,3.9,1,1,0,69,16,0,0.0%,0,0,0,0,0,0,0.00,0,0,0,0,0.00,0.00,1,17,0,1,0,1,2,19,19.0,19.0,0,0,0,19,0,NA,0,0,23.2%,NA,NA,NA,0,NA,1,1,1.000,1.0,11,2.4%,1.73,0,NA,NA,NA,NA,NA,0.091,NA,19,@ GB,28,·,0.6,4.3
2,6149,Darius Slayton,WR,28.7,NYG,62.0,59,51,8.1,7.1,6.1,1,1,1,67,66,0,0.0%,0,0,0,0,0,0,0.00,0,0,0,0,0.00,0.00,2,33,0,1,0,3,28,61,30.5,20.3,0,0,0,61,0,NA,0,0,98.5%,NA,NA,NA,0,NA,1,3,0.333,1.0,44,7.3%,1.39,0,NA,NA,NA,NA,NA,0.023,NA,61,@ DAL,1,Q,6.1,2.0
2,12500,Quinn Ewers,QB,22.3,MIA,0.0,0,0,0,0,0,0,0,0,0,0,0,0.0%,0,0,0,0,0,0,0.00,0,0,0,0,0.00,0.00,0,0,0,0,0,0,0,0,0.0,0.0,0,0,0,0,0,NA,0,0,NA,NA,NA,NA,0,NA,0,0,NA,NA,NA,NA,NA,0,NA,NA,NA,NA,NA,NA,NA,0,vs NE,12,OUT,OUT,OUT
2,12485,Tez Johnson,WR,23.3,TB,0.0,0,0,0,0,0,0,0,0,0,0,0,0.0%,0,0,0,0,0,0,0.00,0,0,0,0,0.00,0.00,0,0,0,0,0,0,0,0,0.0,0.0,0,0,0,0,0,NA,0,0,NA,NA,NA,NA,0,NA,0,0,NA,NA,NA,NA,NA,0,NA,NA,NA,NA,NA,NA,NA,0,@ HOU,26,·,DNP,DNP
2,11640,Jermaine Burton,WR,24.2,CIN,0.0,0,0,0,0,0,0,0,0,0,0,0,0.0%,0,0,0,0,0,0,0.00,0,0,0,0,0.00,0.00,0,0,0,0,0,0,0,0,0.0,0.0,0,0,0,0,0,NA,0,0,NA,NA,NA,NA,0,NA,0,0,NA,NA,NA,NA,NA,0,NA,NA,NA,NA,NA,NA,NA,0,vs JAX,24,OUT,OUT,OUT
2,9497,Jalin Hyatt,WR,24.0,NYG,999.0,999,999,0,0,0,1,0,0,67,0,0,0.0%,0,0,0,0,0,0,0.00,0,0,0,0,0.00,0.00,0,0,0,0,0,0,0,0,0.0,0.0,0,0,0,0,0,NA,0,0,0.0%,NA,NA,NA,0,NA,0,0,NA,NA,NA,NA,NA,0,NA,NA,NA,NA,NA,NA,NA,0,@ DAL,1,·,0.6,-0.6
2,8117,Jalen Tolbert,WR,26.6,DAL,93.0,96,98,3.6,2.6,1.6,1,1,1,89,58,0,0.0%,0,0,0,0,0,0,0.00,0,0,0,0,0.00,0.00,2,16,1,1,0,4,0,16,8.0,4.0,0,0,0,16,0,NA,0,0,65.2%,NA,NA,NA,0,NA,1,4,0.250,1.0,33,7.7%,0.48,0,NA,NA,NA,NA,NA,0.030,NA,16,vs NYG,3,·,3.3,0.3
2,12496,Tai Felton,WR,22.5,MIN,999.0,999,999,0,0,0,1,1,0,47,0,0,0.0%,0,0,0,0,0,0,0.00,0,0,0,0,0.00,0.00,0,0,0,0,0,0,0,0,0.0,0.0,0,0,0,0,0,NA,0,0,0.0%,NA,NA,NA,0,NA,0,0,NA,0.0,NA,NA,NA,0,NA,NA,NA,NA,NA,NA,NA,0,vs ATL,30,·,1.8,-1.8
2,5096,Ray-Ray McCloud,WR,28.9,ATL,999.0,999,999,0,0,0,1,1,0,66,15,0,0.0%,0,0,0,0,0,0,0.00,0,0,0,0,0.00,0.00,0,0,0,0,0,2,0,0,0.0,0.0,0,0,0,0,0,NA,0,0,22.7%,NA,NA,NA,0,NA,0,2,0.000,0.0,6,9.5%,0.00,0,NA,NA,NA,NA,NA,0.000,NA,0,@ MIN,32,·,5.7,-5.7
2,7562,Tutu Atwell,WR,25.9,LAR,999.0,999,999,0,0,0,1,1,1,61,26,0,0.0%,0,0,0,0,0,0,0.00,0,0,0,0,0.00,0.00,0,0,0,0,0,1,0,0,0.0,0.0,0,0,0,0,0,NA,0,0,42.6%,NA,NA,NA,0,NA,0,1,0.000,0.0,18,3.0%,0.00,0,NA,NA,NA,NA,NA,0.000,NA,0,@ TEN,9,·,2.5,-2.5
2,6151,Miles Sanders,RB,28.4,DAL,31.0,31,31,9.9,8.9,7.9,1,1,0,89,20,0,0.0%,0,0,0,0,0,0,0.00,15,0,0,0,0.00,0.00,2,-12,0,0,0,2,16,4,2.0,2.0,5,0,0,19,1,16,15,3,22.5%,2,3.20,0.400,1,0.720,1,7,0.143,1.0,NA,3.8%,NA,0,NA,NA,NA,NA,NA,NA,NA,19,vs NYG,6,OUT,4.0,5.9
2,11834,Devaughn Vele,WR,27.8,NO,69.0,63,50,7.3,6.8,6.3,1,1,1,71,24,0,0.0%,0,0,0,0,0,0,0.00,0,0,0,0,0.00,0.00,1,3,0,0,1,1,0,3,3.0,3.0,0,0,0,3,0,NA,0,0,33.8%,NA,NA,NA,0,NA,1,1,1.000,1.0,9,2.9%,0.33,0,NA,NA,NA,NA,NA,0.000,NA,3,vs SF,18,·,2.1,5.2
2,8147,John Metchie,WR,25.2,PHI,120.0,120,999,1,0.5,0,1,1,0,60,7,0,0.0%,0,0,0,0,0,0,0.00,0,0,0,0,0.00,0.00,1,-3,0,0,0,1,3,0,0.0,0.0,0,0,0,0,0,NA,0,0,11.7%,NA,NA,NA,0,NA,0,1,0.000,0.0,3,4.5%,0.00,0,NA,NA,NA,NA,NA,0.000,NA,0,@ KC,31,·,0.9,0.1
2,3161,Carson Wentz,QB,32.7,MIN,999.0,999,999,0,0,0,1,0,0,47,0,0,0.0%,0,0,0,0,0,0,0.00,0,0,0,0,0.00,0.00,0,0,0,0,0,0,0,0,0.0,0.0,0,0,0,0,0,NA,0,0,0.0%,NA,NA,NA,0,NA,0,0,NA,NA,NA,NA,NA,0,NA,NA,NA,NA,NA,NA,NA,0,vs ATL,31,Q,Q,Q
2,11435,Emanuel Wilson,RB,26.4,GB,999.0,999,999,0,0,0,1,1,0,68,5,0,0.0%,0,0,0,0,0,0,0.00,0,0,0,0,0.00,0.00,0,0,0,0,0,0,0,0,0.0,0.0,0,0,0,0,0,NA,0,0,7.4%,NA,NA,NA,0,NA,0,0,NA,0.0,NA,NA,NA,0,NA,NA,NA,NA,NA,NA,NA,0,vs WAS,21,·,1.5,-1.5
2,5955,Hunter Renfrow,WR,29.7,CAR,8.0,7,7,23.8,20.3,16.8,1,1,0,85,69,0,0.0%,0,0,0,0,0,0,0.00,0,0,0,0,0.00,0.00,7,37,0,2,2,9,11,48,6.9,5.3,0,0,0,48,0,NA,0,0,81.2%,NA,NA,NA,0,NA,4,9,0.444,4.0,51,16.4%,0.94,0,NA,NA,NA,NA,NA,0.039,NA,48,@ ARI,14,·,5.3,18.5
2,12516,Kalel Mullings,RB,23.0,TEN,0.0,0,0,0,0,0,0,0,0,0,0,0,0.0%,0,0,0,0,0,0,0.00,0,0,0,0,0.00,0.00,0,0,0,0,0,0,0,0,0.0,0.0,0,0,0,0,0,NA,0,0,NA,NA,NA,NA,0,NA,0,0,NA,NA,NA,NA,NA,0,NA,NA,NA,NA,NA,NA,NA,0,vs LAR,30,IR,IR,IR
2,6271,Olamide Zaccheaus,WR,28.2,CHI,86.0,88,91,4.1,3.1,2.1,1,1,0,68,30,0,0.0%,0,0,0,0,0,0,0.00,9,0,0,0,0.00,0.00,2,10,0,1,0,5,2,12,6.0,2.4,1,0,0,21,0,NA,9,9,44.1%,NA,NA,NA,0,NA,1,6,0.167,1.0,18,15.2%,0.67,0,NA,NA,NA,NA,NA,0.056,NA,21,@ DET,6,·,4.6,-0.5
2,4040,JuJu Smith-Schuster,WR,28.8,KC,115.0,115,115,1.5,1,0.5,1,1,0,60,42,0,0.0%,0,0,0,0,0,0,0.00,0,0,0,0,0.00,0.00,1,5,1,0,0,3,0,5,5.0,1.7,0,0,0,5,0,NA,0,0,70.0%,NA,NA,NA,0,NA,0,3,0.000,0.0,23,10.3%,0.22,0,NA,NA,NA,NA,NA,0.000,NA,5,vs PHI,15,·,7.9,-6.4
2,12472,Raheim Sanders,RB,23.3,CLE,0.0,0,0,0,0,0,0,0,0,0,0,0,0.0%,0,0,0,0,0,0,0.00,0,0,0,0,0.00,0.00,0,0,0,0,0,0,0,0,0.0,0.0,0,0,0,0,0,NA,0,0,NA,NA,NA,NA,0,NA,0,0,NA,NA,NA,NA,NA,0,NA,NA,NA,NA,NA,NA,NA,0,@ BAL,2,OUT,OUT,OUT
2,9492,Trey Palmer,WR,24.4,NO,0.0,0,0,0,0,0,0,0,0,0,0,0,0.0%,0,0,0,0,0,0,0.00,0,0,0,0,0.00,0.00,0,0,0,0,0,0,0,0,0.0,0.0,0,0,0,0,0,NA,0,0,NA,NA,NA,NA,0,NA,0,0,NA,NA,NA,NA,NA,0,NA,NA,NA,NA,NA,NA,NA,0,vs SF,18,IR,IR,IR
2,12462,Damien Martinez,RB,21.6,SEA,999.0,999,999,0,0,0,1,0,0,0,0,0,0.0%,0,0,0,0,0,0,0.00,0,0,0,0,0.00,0.00,0,0,0,0,0,0,0,0,0.0,0.0,0,0,0,0,0,NA,0,0,NA,NA,NA,NA,0,NA,0,0,NA,NA,NA,NA,NA,0,NA,NA,NA,NA,NA,NA,NA,0,@ PIT,23,·,DNP,DNP
2,11629,Devontez Walker,WR,24.2,BAL,20.0,13,12,16.6,15.6,14.6,1,1,1,56,13,0,0.0%,0,0,0,0,0,0,0.00,0,0,0,0,0.00,0.00,2,26,0,0,2,2,0,26,13.0,13.0,0,0,0,26,0,NA,0,0,23.2%,NA,NA,NA,0,NA,2,2,1.000,2.0,5,6.9%,5.20,0,NA,NA,NA,NA,NA,0.000,NA,26,vs CLE,8,·,0.8,15.8
2,6039,Ty Johnson,RB,28.0,BUF,71.0,70,69,0.6,0.6,0.6,1,1,0,75,19,0,0.0%,0,0,0,0,0,0,0.00,6,0,0,0,0.00,0.00,0,0,0,0,0,1,0,0,0.0,0.0,2,0,0,6,0,NA,6,3,25.3%,NA,NA,NA,0,NA,0,3,0.000,0.0,NA,NA,NA,0,NA,NA,NA,NA,NA,NA,NA,6,@ NYJ,9,·,4.0,-3.4
2,11821,Tahj Washington,WR,24.3,MIA,0.0,0,0,0,0,0,0,0,0,0,0,0,0.0%,0,0,0,0,0,0,0.00,0,0,0,0,0.00,0.00,0,0,0,0,0,0,0,0,0.0,0.0,0,0,0,0,0,NA,0,0,NA,NA,NA,NA,0,NA,0,0,NA,NA,NA,NA,NA,0,NA,NA,NA,NA,NA,NA,NA,0,vs NE,7,·,DNP,DNP
2,8161,Malik Willis,QB,26.3,GB,999.0,999,999,0,0,0,1,0,0,68,0,0,0.0%,0,0,0,0,0,0,0.00,0,0,0,0,0.00,0.00,0,0,0,0,0,0,0,0,0.0,0.0,0,0,0,0,0,NA,0,0,0.0%,NA,NA,NA,0,NA,0,0,NA,NA,NA,NA,NA,0,NA,NA,NA,NA,NA,NA,NA,0,vs WAS,8,·,DNP,DNP
2,11616,Jacob Cowing,WR,24.6,SF,999.0,999,999,0,0,0,1,0,0,0,0,0,0.0%,0,0,0,0,0,0,0.00,0,0,0,0,0.00,0.00,0,0,0,0,0,0,0,0,0.0,0.0,0,0,0,0,0,NA,0,0,NA,NA,NA,NA,0,NA,0,0,NA,NA,NA,NA,NA,0,NA,NA,NA,NA,NA,NA,NA,0,@ NO,19,IR,IR,IR
2,11439,Jaleel McLaughlin,RB,25.0,DEN,0.0,0,0,0,0,0,0,0,0,0,0,0,0.0%,0,0,0,0,0,0,0.00,0,0,0,0,0.00,0.00,0,0,0,0,0,0,0,0,0.0,0.0,0,0,0,0,0,NA,0,0,NA,NA,NA,NA,0,NA,0,0,NA,NA,NA,NA,NA,0,NA,NA,NA,NA,NA,NA,NA,0,@ IND,24,OUT,OUT,OUT
2,8698,Jake Tonges,TE,26.2,SF,23.0,25,28,7.1,5.1,3.1,1,1,0,71,56,0,0.0%,0,0,0,0,0,0,0.00,0,0,0,0,0.00,0.00,4,5,0,2,0,5,26,31,7.8,6.2,0,0,0,31,0,NA,0,0,78.9%,NA,NA,NA,0,NA,2,5,0.400,2.0,28,12.8%,1.11,0,NA,NA,NA,NA,NA,0.071,NA,31,@ NO,4,·,3.0,4.1
2,2306,Jameis Winston,QB,31.7,NYG,0.0,0,0,0,0,0,0,0,0,0,0,0,0.0%,0,0,0,0,0,0,0.00,0,0,0,0,0.00,0.00,0,0,0,0,0,0,0,0,0.0,0.0,0,0,0,0,0,NA,0,0,NA,NA,NA,NA,0,NA,0,0,NA,NA,NA,NA,NA,0,NA,NA,NA,NA,NA,NA,NA,0,@ DAL,1,OUT,OUT,OUT
2,12520,Xavier Restrepo,WR,23.4,TEN,999.0,999,999,0,0,0,1,0,0,0,0,0,0.0%,0,0,0,0,0,0,0.00,0,0,0,0,0.00,0.00,0,0,0,0,0,0,0,0,0.0,0.0,0,0,0,0,0,NA,0,0,NA,NA,NA,NA,0,NA,0,0,NA,NA,NA,NA,NA,0,NA,NA,NA,NA,NA,NA,NA,0,vs LAR,12,·,DNP,DNP
2,11599,Cade Stover,TE,25.3,HOU,999.0,999,999,0,0,0,1,0,0,0,0,0,0.0%,0,0,0,0,0,0,0.00,0,0,0,0,0.00,0.00,0,0,0,0,0,0,0,0,0.0,0.0,0,0,0,0,0,NA,0,0,NA,NA,NA,NA,0,NA,0,0,NA,NA,NA,NA,NA,0,NA,NA,NA,NA,NA,NA,NA,0,vs TB,8,IR,IR,IR
2,11619,Ja'Lynn Polk,WR,23.4,NO,999.0,999,999,0,0,0,1,0,0,0,0,0,0.0%,0,0,0,0,0,0,0.00,0,0,0,0,0.00,0.00,0,0,0,0,0,0,0,0,0.0,0.0,0,0,0,0,0,NA,0,0,NA,NA,NA,NA,0,NA,0,0,NA,NA,NA,NA,NA,0,NA,NA,NA,NA,NA,NA,NA,0,vs SF,18,IR,IR,IR
2,8917,KaVontae Turpin,WR,29.1,DAL,25.0,24,22,15.3,13.3,11.3,1,1,0,89,14,0,0.0%,0,0,0,0,0,0,0.00,6,0,0,0,0.00,0.00,4,31,0,2,1,4,16,47,11.8,11.8,2,0,1,53,0,NA,6,3,15.7%,NA,NA,NA,1,NA,4,6,0.667,4.0,12,7.7%,3.92,0,NA,NA,NA,NA,NA,0.167,NA,53,vs NYG,3,OUT,4.8,10.5
2,9479,Darnell Washington,TE,24.1,PIT,43.0,39,36,2,2,2,1,1,0,62,23,0,0.0%,0,0,0,0,0,0,0.00,0,0,0,0,0.00,0.00,0,0,0,0,0,1,0,0,0.0,0.0,0,0,0,0,0,NA,0,0,37.1%,NA,NA,NA,0,NA,0,1,0.000,0.0,NA,NA,NA,0,NA,NA,NA,NA,NA,NA,NA,0,vs SEA,15,·,0.8,1.2
2,8207,Tyler Goodson,RB,24.8,IND,0.0,0,0,0,0,0,0,0,0,0,0,0,0.0%,0,0,0,0,0,0,0.00,0,0,0,0,0.00,0.00,0,0,0,0,0,0,0,0,0.0,0.0,0,0,0,0,0,NA,0,0,NA,NA,NA,NA,0,NA,0,0,NA,NA,NA,NA,NA,0,NA,NA,NA,NA,NA,NA,NA,0,vs DEN,19,OUT,OUT,OUT
2,12634,Jordan Watkins,WR,23.6,SF,0.0,0,0,0,0,0,0,0,0,0,0,0,0.0%,0,0,0,0,0,0,0.00,0,0,0,0,0.00,0.00,0,0,0,0,0,0,0,0,0.0,0.0,0,0,0,0,0,NA,0,0,NA,NA,NA,NA,0,NA,0,0,NA,NA,NA,NA,NA,0,NA,NA,NA,NA,NA,NA,NA,0,@ NO,19,OUT,OUT,OUT
2,3271,Tyler Higbee,TE,32.7,LAR,18.0,19,21,7.7,5.7,3.7,1,1,1,61,46,0,0.0%,0,0,0,0,0,0,0.00,0,0,0,0,0.00,0.00,4,-4,0,2,0,4,41,37,9.3,9.3,0,0,0,37,0,NA,0,0,75.4%,NA,NA,NA,0,NA,2,4,0.500,2.0,20,12.1%,1.85,0,NA,NA,NA,NA,NA,0.100,NA,37,@ TEN,22,OUT,7.5,0.2
2,12738,Phil Mafah,RB,22.9,DAL,999.0,999,999,0,0,0,1,0,0,0,0,0,0.0%,0,0,0,0,0,0,0.00,0,0,0,0,0.00,0.00,0,0,0,0,0,0,0,0,0.0,0.0,0,0,0,0,0,NA,0,0,NA,NA,NA,NA,0,NA,0,0,NA,NA,NA,NA,NA,0,NA,NA,NA,NA,NA,NA,NA,0,vs NYG,6,IR,IR,IR
2,4234,Noah Brown,WR,29.7,WAS,107.0,108,107,1.9,1.4,0.9,1,1,1,69,27,0,0.0%,0,0,0,0,0,0,0.00,0,0,0,0,0.00,0.00,1,6,0,0,0,4,3,9,9.0,2.3,0,0,0,9,0,NA,0,0,39.1%,NA,NA,NA,0,NA,0,4,0.000,0.0,17,9.5%,0.53,0,NA,NA,NA,NA,NA,0.000,NA,9,@ GB,28,OUT,5.0,-3.1
2,5010,Will Dissly,TE,29.2,LAC,48.0,48,48,1.7,1.2,0.7,1,1,1,58,23,0,0.0%,0,0,0,0,0,0,0.00,0,0,0,0,0.00,0.00,1,4,0,0,0,1,3,7,7.0,7.0,0,0,0,7,0,NA,0,0,39.7%,NA,NA,NA,0,NA,0,1,0.000,0.0,11,3.7%,0.64,0,NA,NA,NA,NA,NA,0.000,NA,7,@ LV,25,OUT,4.9,-3.2
2,7561,Elijah Mitchell,RB,27.4,KC,0.0,0,0,0,0,0,0,0,0,0,0,0,0.0%,0,0,0,0,0,0,0.00,0,0,0,0,0.00,0.00,0,0,0,0,0,0,0,0,0.0,0.0,0,0,0,0,0,NA,0,0,NA,NA,NA,NA,0,NA,0,0,NA,NA,NA,NA,NA,0,NA,NA,NA,NA,NA,NA,NA,0,vs PHI,8,OUT,OUT,OUT
2,5133,Tyler Conklin,TE,30.1,LAC,999.0,999,999,0,0,0,1,1,1,58,29,0,0.0%,0,0,0,0,0,0,0.00,0,0,0,0,0.00,0.00,0,0,0,0,0,0,0,0,0.0,0.0,0,0,0,0,0,NA,0,0,50.0%,NA,NA,NA,0,NA,0,0,NA,0.0,10,0.0%,0.00,0,NA,NA,NA,NA,NA,0.000,NA,0,@ LV,25,·,3.4,-3.4
2,11592,Erick All,TE,25.0,CIN,999.0,999,999,0,0,0,1,0,0,0,0,0,0.0%,0,0,0,0,0,0,0.00,0,0,0,0,0.00,0.00,0,0,0,0,0,0,0,0,0.0,0.0,0,0,0,0,0,NA,0,0,NA,NA,NA,NA,0,NA,0,0,NA,NA,NA,NA,NA,0,NA,NA,NA,NA,NA,NA,NA,0,vs JAX,27,PUP,PUP,PUP
2,4082,Curtis Samuel,WR,29.1,BUF,0.0,0,0,0,0,0,0,0,0,0,0,0,0.0%,0,0,0,0,0,0,0.00,0,0,0,0,0.00,0.00,0,0,0,0,0,0,0,0,0.0,0.0,0,0,0,0,0,NA,0,0,NA,NA,NA,NA,0,NA,0,0,NA,NA,NA,NA,NA,0,NA,NA,NA,NA,NA,NA,NA,0,@ NYJ,13,·,DNP,DNP
2,6945,Antonio Gibson,RB,27.2,NE,32.0,28,28,9.8,9.3,8.8,1,1,0,60,10,0,0.0%,0,0,0,0,0,0,0.00,27,0,0,0,0.00,0.00,1,-4,0,0,0,1,5,1,1.0,1.0,5,0,1,28,0,10,27,5.4,16.7%,2,1.90,0.400,1,0.590,1,6,0.167,1.0,NA,4.3%,NA,0,NA,NA,NA,NA,NA,NA,NA,28,@ MIA,4,OUT,1.9,7.9
2,11579,Audric Estime,RB,22.0,PHI,999.0,999,999,0,0,0,1,0,0,0,0,0,0.0%,0,0,0,0,0,0,0.00,0,0,0,0,0.00,0.00,0,0,0,0,0,0,0,0,0.0,0.0,0,0,0,0,0,NA,0,0,NA,NA,NA,NA,0,NA,0,0,NA,NA,NA,NA,NA,0,NA,NA,NA,NA,NA,NA,NA,0,@ KC,22,·,DNP,DNP
2,6130,Devin Singletary,RB,28.0,NYG,69.0,71,999,1,0.5,0,1,1,1,67,4,0,0.0%,0,0,0,0,0,0,0.00,4,0,0,0,0.00,0.00,1,-7,0,0,0,1,3,-4,-4.0,-4.0,1,0,0,0,0,NA,4,4,6.0%,NA,NA,NA,0,NA,0,2,0.000,0.0,NA,NA,NA,0,NA,NA,NA,NA,NA,NA,NA,0,@ DAL,5,·,3.5,-2.5
2,10871,Luke Schoonmaker,TE,27.0,DAL,999.0,999,999,0,0,0,1,1,0,89,26,0,0.0%,0,0,0,0,0,0,0.00,0,0,0,0,0.00,0.00,0,0,0,0,0,2,0,0,0.0,0.0,0,0,0,0,0,NA,0,0,29.2%,NA,NA,NA,0,NA,0,2,0.000,0.0,NA,NA,NA,0,NA,NA,NA,NA,NA,NA,NA,0,vs NYG,23,·,2.4,-2.4
2,1166,Kirk Cousins,QB,37.1,ATL,999.0,999,999,0,0,0,1,0,0,66,0,0,0.0%,0,0,0,0,0,0,0.00,0,0,0,0,0.00,0.00,0,0,0,0,0,0,0,0,0.0,0.0,0,0,0,0,0,NA,0,0,0.0%,NA,NA,NA,0,NA,0,0,NA,NA,NA,NA,NA,0,NA,NA,NA,NA,NA,NA,NA,0,@ MIN,28,·,DNP,DNP
2,12539,Arian Smith,WR,23.9,NYJ,122.0,122,121,0.8,0.3,-0.2,1,1,0,47,22,0,0.0%,0,0,0,0,0,0,0.00,-10,0,0,0,0.00,0.00,1,4,1,1,0,2,4,8,8.0,4.0,1,0,0,-2,0,NA,-10,-10,46.8%,NA,NA,NA,0,NA,1,3,0.333,1.0,15,9.1%,0.53,0,NA,NA,NA,NA,NA,0.067,NA,-2,vs BUF,20,·,2.4,-1.6
2,5970,Greg Dortch,WR,27.3,ARI,106.0,106,104,2.1,1.6,1.1,1,1,0,55,10,0,0.0%,0,0,0,0,0,0,0.00,0,0,0,0,0.00,0.00,1,11,0,0,0,1,0,11,11.0,11.0,0,0,0,11,0,NA,0,0,18.2%,NA,NA,NA,0,NA,0,1,0.000,0.0,5,4.0%,2.20,0,NA,NA,NA,NA,NA,0.000,NA,11,vs CAR,29,·,2.5,-0.4
2,7496,Nick Westbrook-Ikhine,WR,28.5,MIA,92.0,93,97,3.8,2.8,1.8,1,1,0,57,16,0,0.0%,0,0,0,0,0,0,0.00,0,0,0,0,0.00,0.00,2,12,0,2,0,3,6,18,9.0,6.0,0,0,0,18,0,NA,0,0,28.1%,NA,NA,NA,0,NA,2,3,0.667,2.0,8,9.4%,2.25,0,NA,NA,NA,NA,NA,0.250,NA,18,vs NE,7,·,4.3,-0.5
2,7694,Tommy Tremble,TE,25.3,CAR,34.0,35,35,5,3.5,2,1,1,1,85,35,0,0.0%,0,0,0,0,0,0,0.00,0,0,0,0,0.00,0.00,3,18,0,1,0,3,2,20,6.7,6.7,0,0,0,20,0,NA,0,0,41.2%,NA,NA,NA,0,NA,1,3,0.333,1.0,19,5.5%,1.05,0,NA,NA,NA,NA,NA,0.053,NA,20,@ ARI,12,·,3.0,2.0
2,2374,Tyler Lockett,WR,33.0,TEN,100.0,102,106,2.9,1.9,0.9,1,1,1,66,32,0,0.0%,0,0,0,0,0,0,0.00,0,0,0,0,0.00,0.00,2,2,0,0,0,3,7,9,4.5,3.0,0,0,0,9,0,NA,0,0,48.5%,NA,NA,NA,0,NA,0,3,0.000,0.0,19,9.1%,0.47,0,NA,NA,NA,NA,NA,0.000,NA,9,vs LAR,12,·,5.1,-2.2
2,7538,Zach Wilson,QB,26.1,MIA,999.0,999,999,0,0,0,1,0,0,57,0,0,0.0%,0,0,0,0,0,0,0.00,0,0,0,0,0.00,0.00,0,0,0,0,0,0,0,0,0.0,0.0,0,0,0,0,0,NA,0,0,0.0%,NA,NA,NA,0,NA,0,0,NA,NA,NA,NA,NA,0,NA,NA,NA,NA,NA,NA,NA,0,vs NE,12,·,DNP,DNP
2,6943,Gabriel Davis,WR,26.5,BUF,999.0,999,999,0,0,0,1,0,0,0,0,0,0.0%,0,0,0,0,0,0,0.00,0,0,0,0,0.00,0.00,0,0,0,0,0,0,0,0,0.0,0.0,0,0,0,0,0,NA,0,0,NA,NA,NA,NA,0,NA,0,0,NA,NA,NA,NA,NA,0,NA,NA,NA,NA,NA,NA,NA,0,@ NYJ,13,OUT,OUT,OUT
2,8225,Daniel Bellinger,TE,25.0,NYG,999.0,999,999,0,0,0,1,1,0,67,19,0,0.0%,0,0,0,0,0,0,0.00,0,0,0,0,0.00,0.00,0,0,0,0,0,0,0,0,0.0,0.0,0,0,0,0,0,NA,0,0,28.4%,NA,NA,NA,0,NA,0,0,NA,0.0,8,0.0%,0.00,0,NA,NA,NA,NA,NA,0.000,NA,0,@ DAL,9,·,1.3,-1.3
2,9230,Tanner McKee,QB,25.4,PHI,0.0,0,0,0,0,0,0,0,0,0,0,0,0.0%,0,0,0,0,0,0,0.00,0,0,0,0,0.00,0.00,0,0,0,0,0,0,0,0,0.0,0.0,0,0,0,0,0,NA,0,0,NA,NA,NA,NA,0,NA,0,0,NA,NA,NA,NA,NA,0,NA,NA,NA,NA,NA,NA,NA,0,@ KC,30,·,DNP,DNP
2,4454,Kendrick Bourne,WR,30.1,SF,73.0,73,74,6.2,4.7,3.2,1,1,0,71,35,0,0.0%,0,0,0,0,0,0,0.00,0,0,0,0,0.00,0.00,3,23,0,2,0,3,9,32,10.7,10.7,0,0,0,32,0,NA,0,0,49.3%,NA,NA,NA,0,NA,2,3,0.667,2.0,24,7.7%,1.33,0,NA,NA,NA,NA,NA,0.083,NA,32,@ NO,19,·,2.9,3.3
2,10225,Jonathan Mingo,WR,24.4,DAL,999.0,999,999,0,0,0,1,0,0,0,0,0,0.0%,0,0,0,0,0,0,0.00,0,0,0,0,0.00,0.00,0,0,0,0,0,0,0,0,0.0,0.0,0,0,0,0,0,NA,0,0,NA,NA,NA,NA,0,NA,0,0,NA,NA,NA,NA,NA,0,NA,NA,NA,NA,NA,NA,NA,0,vs NYG,3,IR,IR,IR
2,10231,Elijah Higgins,TE,24.9,ARI,26.0,21,16,6.5,5.5,4.5,1,1,0,55,22,0,0.0%,0,0,0,0,0,0,0.00,0,0,0,0,0.00,0.00,2,11,0,2,0,3,34,45,22.5,15.0,0,0,0,45,0,NA,0,0,40.0%,NA,NA,NA,0,NA,2,3,0.667,2.0,8,12.0%,5.63,0,NA,NA,NA,NA,NA,0.250,NA,45,vs CAR,2,·,2.9,3.6
2,11633,Jamari Thrash,WR,24.7,CLE,112.0,113,113,1.5,1,0.5,1,1,0,73,20,0,0.0%,0,0,0,0,0,0,0.00,0,0,0,0,0.00,0.00,1,3,0,1,0,1,2,5,5.0,5.0,0,0,0,5,0,NA,0,0,27.4%,NA,NA,NA,0,NA,1,1,1.000,1.0,14,2.1%,0.36,0,NA,NA,NA,NA,NA,0.071,NA,5,@ BAL,2,·,1.9,-0.4
2,12470,Riley Leonard,QB,23.0,IND,0.0,0,0,0,0,0,0,0,0,0,0,0,0.0%,0,0,0,0,0,0,0.00,0,0,0,0,0.00,0.00,0,0,0,0,0,0,0,0,0.0,0.0,0,0,0,0,0,NA,0,0,NA,NA,NA,NA,0,NA,0,0,NA,NA,NA,NA,NA,0,NA,NA,NA,NA,NA,NA,NA,0,vs DEN,29,OUT,OUT,OUT
2,8160,Kenny Pickett,QB,27.3,LV,999.0,999,999,0,0,0,1,0,0,70,0,0,0.0%,0,0,0,0,0,0,0.00,0,0,0,0,0.00,0.00,0,0,0,0,0,0,0,0,0.0,0.0,0,0,0,0,0,NA,0,0,0.0%,NA,NA,NA,0,NA,0,0,NA,NA,NA,NA,NA,0,NA,NA,NA,NA,NA,NA,NA,0,vs LAC,18,·,DNP,DNP
2,8162,Sam Howell,QB,25.0,PHI,999.0,999,999,0,0,0,1,0,0,60,0,0,0.0%,0,0,0,0,0,0,0.00,0,0,0,0,0.00,0.00,0,0,0,0,0,0,0,0,0.0,0.0,0,0,0,0,0,NA,0,0,0.0%,NA,NA,NA,0,NA,0,0,NA,NA,NA,NA,NA,0,NA,NA,NA,NA,NA,NA,NA,0,@ KC,30,OUT,OUT,OUT
2,12515,Donovan Edwards,RB,22.6,WAS,999.0,999,999,0,0,0,1,0,0,0,0,0,0.0%,0,0,0,0,0,0,0.00,0,0,0,0,0.00,0.00,0,0,0,0,0,0,0,0,0.0,0.0,0,0,0,0,0,NA,0,0,NA,NA,NA,NA,0,NA,0,0,NA,NA,NA,NA,NA,0,NA,NA,NA,NA,NA,NA,NA,0,@ GB,31,·,DNP,DNP
2,11645,Javon Baker,WR,23.6,PHI,999.0,999,999,0,0,0,1,0,0,0,0,0,0.0%,0,0,0,0,0,0,0.00,0,0,0,0,0.00,0.00,0,0,0,0,0,0,0,0,0.0,0.0,0,0,0,0,0,NA,0,0,NA,NA,NA,NA,0,NA,0,0,NA,NA,NA,NA,NA,0,NA,NA,NA,NA,NA,NA,NA,0,@ KC,31,·,DNP,DNP
2,11570,Rasheen Ali,RB,24.6,BAL,999.0,999,999,0,0,0,1,1,0,56,0,0,0.0%,0,0,0,0,0,0,0.00,0,0,0,0,0.00,0.00,0,0,0,0,0,0,0,0,0.0,0.0,0,0,0,0,0,NA,0,0,0.0%,NA,NA,NA,0,NA,0,0,NA,0.0,NA,NA,NA,0,NA,NA,NA,NA,NA,NA,NA,0,vs CLE,28,·,0.6,-0.6
2,11617,Malachi Corley,WR,23.5,CLE,999.0,999,999,0,0,0,1,0,0,0,0,0,0.0%,0,0,0,0,0,0,0.00,0,0,0,0,0.00,0.00,0,0,0,0,0,0,0,0,0.0,0.0,0,0,0,0,0,NA,0,0,NA,NA,NA,NA,0,NA,0,0,NA,NA,NA,NA,NA,0,NA,NA,NA,NA,NA,NA,NA,0,@ BAL,2,·,4.6,-4.6
2,8208,Tyler Badie,RB,25.6,DEN,50.0,51,56,4.2,3.2,2.2,1,1,0,58,13,0,0.0%,0,0,0,0,0,0,0.00,3,0,0,0,0.00,0.00,2,-10,0,1,0,2,29,19,9.5,9.5,1,0,0,22,0,4,3,3,22.4%,1,3.60,1.000,0,1.360,1,3,0.333,1.0,NA,6.7%,NA,0,NA,NA,NA,NA,NA,NA,NA,22,@ IND,24,·,3.8,0.4
2,12718,Konata Mumpfield,WR,22.9,LAR,999.0,999,999,0,0,0,1,1,0,61,11,0,0.0%,0,0,0,0,0,0,0.00,0,0,0,0,0.00,0.00,0,0,0,0,0,0,0,0,0.0,0.0,0,0,0,0,0,NA,0,0,18.0%,NA,NA,NA,0,NA,0,0,NA,0.0,NA,NA,NA,0,NA,NA,NA,NA,NA,NA,NA,0,@ TEN,9,·,DNP,DNP
2,10867,Jake Bobo,WR,27.1,SEA,999.0,999,999,0,0,0,1,1,0,65,10,0,0.0%,0,0,0,0,0,0,0.00,0,0,0,0,0.00,0.00,0,0,0,0,0,0,0,0,0.0,0.0,0,0,0,0,0,NA,0,0,15.4%,NA,NA,NA,0,NA,0,0,NA,0.0,NA,NA,NA,0,NA,NA,NA,NA,NA,NA,NA,0,@ PIT,22,·,0.6,-0.6
2,6865,Colby Parkinson,TE,26.7,LAR,0.0,0,0,0,0,0,0,0,0,0,0,0,0.0%,0,0,0,0,0,0,0.00,0,0,0,0,0.00,0.00,0,0,0,0,0,0,0,0,0.0,0.0,0,0,0,0,0,NA,0,0,NA,NA,NA,NA,0,NA,0,0,NA,NA,NA,NA,NA,0,NA,NA,NA,NA,NA,NA,NA,0,@ TEN,22,Q,Q,Q
2,7610,Trey Lance,QB,25.4,LAC,999.0,999,999,0,0,0,1,0,0,58,0,0,0.0%,0,0,0,0,0,0,0.00,0,0,0,0,0.00,0.00,0,0,0,0,0,0,0,0,0.0,0.0,0,0,0,0,0,NA,0,0,0.0%,NA,NA,NA,0,NA,0,0,NA,NA,NA,NA,NA,0,NA,NA,NA,NA,NA,NA,NA,0,@ LV,13,·,DNP,DNP
2,8139,Zamir White,RB,26.0,LV,55.0,60,64,3.3,2.3,1.3,1,1,0,70,21,0,0.0%,0,0,0,0,0,0,0.00,-2,0,0,0,0.00,0.00,2,1,0,0,0,3,14,15,7.5,5.0,2,0,0,13,0,3,-2,-1,30.0%,0,1.40,0.000,0,0.140,0,5,0.000,0.0,NA,7.0%,NA,0,NA,NA,NA,NA,NA,NA,NA,13,vs LAC,25,·,2.5,0.8
2,6960,Tyler Johnson,WR,27.1,NYJ,999.0,999,999,0,0,0,1,1,1,47,45,0,0.0%,0,0,0,0,0,0,0.00,0,0,0,0,0.00,0.00,0,0,1,0,0,1,0,0,0.0,0.0,0,0,0,0,0,NA,0,0,95.7%,NA,NA,NA,0,NA,0,1,0.000,0.0,25,4.5%,0.00,0,NA,NA,NA,NA,NA,0.000,NA,0,vs BUF,20,·,5.0,-5.0
2,8230,Ty Chandler,RB,27.4,MIN,999.0,999,999,0,0,0,1,0,0,0,0,0,0.0%,0,0,0,0,0,0,0.00,0,0,0,0,0.00,0.00,0,0,0,0,0,0,0,0,0.0,0.0,0,0,0,0,0,NA,0,0,NA,NA,NA,NA,0,NA,0,0,NA,NA,NA,NA,NA,0,NA,NA,NA,NA,NA,NA,NA,0,vs ATL,32,IR,IR,IR
2,4171,Josh Reynolds,WR,30.6,NYJ,0.0,0,0,0,0,0,0,0,0,0,0,0,0.0%,0,0,0,0,0,0,0.00,0,0,0,0,0.00,0.00,0,0,0,0,0,0,0,0,0.0,0.0,0,0,0,0,0,NA,0,0,NA,NA,NA,NA,0,NA,0,0,NA,NA,NA,NA,NA,0,NA,NA,NA,NA,NA,NA,NA,0,vs BUF,20,·,DNP,DNP
2,6828,AJ Dillon,RB,27.4,PHI,63.0,61,57,1.9,1.9,1.9,1,1,0,60,10,0,0.0%,0,0,0,0,0,0,0.00,19,0,0,0,0.00,0.00,0,0,0,0,0,0,0,0,0.0,0.0,3,0,1,19,0,14,19,6.33,16.7%,1,4.70,0.333,1,0.803,1,3,0.333,1.0,NA,0.0%,NA,0,NA,NA,NA,NA,NA,NA,NA,19,@ KC,22,·,2.3,-0.4
2,3286,Demarcus Robinson,WR,31.0,SF,999.0,999,999,0,0,0,1,0,0,0,0,0,0.0%,0,0,0,0,0,0,0.00,0,0,0,0,0.00,0.00,0,0,0,0,0,0,0,0,0.0,0.0,0,0,0,0,0,NA,0,0,NA,NA,NA,NA,0,NA,0,0,NA,NA,NA,NA,NA,0,NA,NA,NA,NA,NA,NA,NA,0,@ NO,19,·,DNP,DNP
2,11370,Chris Brooks,RB,25.7,GB,45.0,45,48,5.7,4.2,2.7,1,1,0,68,13,0,0.0%,0,0,0,0,0,0,0.00,0,0,0,0,0.00,0.00,3,-9,1,0,0,4,36,27,9.0,6.8,0,0,0,27,0,0,0,0,19.1%,1,0.00,NA,0,NA,0,4,0.000,0.0,NA,12.9%,NA,0,NA,NA,NA,NA,NA,NA,NA,27,vs WAS,21,·,3.4,2.3
2,7601,Rondale Moore,WR,25.3,MIN,999.0,999,999,0,0,0,1,0,0,0,0,0,0.0%,0,0,0,0,0,0,0.00,0,0,0,0,0.00,0.00,0,0,0,0,0,0,0,0,0.0,0.0,0,0,0,0,0,NA,0,0,NA,NA,NA,NA,0,NA,0,0,NA,NA,NA,NA,NA,0,NA,NA,NA,NA,NA,NA,NA,0,vs ATL,30,IR,IR,IR
2,11595,Jared Wiley,TE,24.9,KC,0.0,0,0,0,0,0,0,0,0,0,0,0,0.0%,0,0,0,0,0,0,0.00,0,0,0,0,0.00,0.00,0,0,0,0,0,0,0,0,0.0,0.0,0,0,0,0,0,NA,0,0,NA,NA,NA,NA,0,NA,0,0,NA,NA,NA,NA,NA,0,NA,NA,NA,NA,NA,NA,NA,0,vs PHI,29,OUT,OUT,OUT
2,2197,Brandin Cooks,WR,32.0,NO,85.0,84,85,4.6,3.6,2.6,1,1,0,71,48,0,0.0%,0,0,0,0,0,0,0.00,0,0,0,0,0.00,0.00,2,25,0,2,0,2,1,26,13.0,13.0,0,0,0,26,0,NA,0,0,67.6%,NA,NA,NA,0,NA,2,2,1.000,2.0,30,5.9%,0.87,0,NA,NA,NA,NA,NA,0.067,NA,26,vs SF,18,·,4.3,0.3
2,11256,Tyson Bagent,QB,25.3,CHI,36.0,36,36,1.78,1.78,1.78,1,1,0,68,11,1,66.7%,13,3,2,1,1,0,95.10,34,0,0,27,9.00,13.50,0,0,0,0,0,0,0,0,0.0,0.0,2,0,0,7,0,NA,7,3.5,16.2%,NA,NA,NA,0,NA,1,5,NA,NA,NA,NA,NA,1,33.3%,3.08,33.3%,0.0%,11.2,NA,4,34,@ DET,11,·,DNP,DNP
2,4219,Jeremy McNichols,RB,29.7,WAS,999.0,999,999,0,0,0,1,1,0,69,16,0,0.0%,0,0,0,0,0,0,0.00,0,0,0,0,0.00,0.00,0,0,0,0,0,0,0,0,0.0,0.0,0,0,0,0,0,NA,0,0,23.2%,NA,NA,NA,0,NA,0,0,NA,0.0,NA,NA,NA,0,NA,NA,NA,NA,NA,NA,NA,0,@ GB,31,·,0.9,-0.9
2,8168,Skyy Moore,WR,25.0,SF,999.0,999,999,0,0,0,1,1,0,71,2,0,0.0%,0,0,0,0,0,0,0.00,0,0,0,0,0.00,0.00,0,0,0,0,0,0,0,0,0.0,0.0,0,0,0,0,0,NA,0,0,2.8%,NA,NA,NA,0,NA,0,0,NA,0.0,NA,NA,NA,0,NA,NA,NA,NA,NA,NA,NA,0,@ NO,19,·,0.2,-0.2
2,4080,Zay Jones,WR,30.5,ARI,999.0,999,999,0,0,0,1,1,0,55,28,0,0.0%,0,0,0,0,0,0,0.00,0,0,0,0,0.00,0.00,0,0,0,0,0,0,0,0,0.0,0.0,0,0,0,0,0,NA,0,0,50.9%,NA,NA,NA,0,NA,0,0,NA,0.0,15,0.0%,0.00,0,NA,NA,NA,NA,NA,0.000,NA,0,vs CAR,29,·,1.5,-1.5
2,11199,Emari Demercado,RB,26.6,ARI,999.0,999,999,0,0,0,1,1,0,55,1,0,0.0%,0,0,0,0,0,0,0.00,0,0,0,0,0.00,0.00,0,0,0,0,0,0,0,0,0.0,0.0,0,0,0,0,0,NA,0,0,1.8%,NA,NA,NA,0,NA,0,0,NA,0.0,NA,NA,NA,0,NA,NA,NA,NA,NA,NA,NA,0,vs CAR,16,·,1.4,-1.4
2,7568,Brevin Jordan,TE,25.2,HOU,999.0,999,999,0,0,0,1,0,0,0,0,0,0.0%,0,0,0,0,0,0,0.00,0,0,0,0,0.00,0.00,0,0,0,0,0,0,0,0,0.0,0.0,0,0,0,0,0,NA,0,0,NA,NA,NA,NA,0,NA,0,0,NA,NA,NA,NA,NA,0,NA,NA,NA,NA,NA,NA,NA,0,vs TB,8,IR,IR,IR
2,9227,Israel Abanikanda,RB,23.0,FA,0.0,0,0,0,0,0,0,0,0,0,0,0,0.0%,0,0,0,0,0,0,0.00,0,0,0,0,0.00,0.00,0,0,0,0,0,0,0,0,0.0,0.0,0,0,0,0,0,NA,0,0,NA,NA,NA,NA,0,NA,0,0,NA,NA,NA,NA,NA,0,NA,NA,NA,NA,NA,NA,NA,0,NA,,·,DNP,DNP
2,12715,Thomas Fidone,TE,23.0,NYG,0.0,0,0,0,0,0,0,0,0,0,0,0,0.0%,0,0,0,0,0,0,0.00,0,0,0,0,0.00,0.00,0,0,0,0,0,0,0,0,0.0,0.0,0,0,0,0,0,NA,0,0,NA,NA,NA,NA,0,NA,0,0,NA,NA,NA,NA,NA,0,NA,NA,NA,NA,NA,NA,NA,0,@ DAL,9,·,DNP,DNP
2,8172,Greg Dulcich,TE,25.5,MIA,999.0,999,999,0,0,0,1,0,0,0,0,0,0.0%,0,0,0,0,0,0,0.00,0,0,0,0,0.00,0.00,0,0,0,0,0,0,0,0,0.0,0.0,0,0,0,0,0,NA,0,0,NA,NA,NA,NA,0,NA,0,0,NA,NA,NA,NA,NA,0,NA,NA,NA,NA,NA,NA,NA,0,vs NE,5,·,DNP,DNP
2,10214,Davis Allen,TE,24.6,LAR,16.0,13,11,7.8,7.3,6.8,1,1,0,61,25,0,0.0%,0,0,0,0,0,0,0.00,0,0,0,0,0.00,0.00,1,5,0,0,1,1,3,8,8.0,8.0,0,0,0,8,0,NA,0,0,41.0%,NA,NA,NA,0,NA,1,1,1.000,1.0,4,3.0%,2.00,0,NA,NA,NA,NA,NA,0.000,NA,8,@ TEN,22,·,0.6,7.2
2,2505,Darren Waller,TE,33.0,MIA,0.0,0,0,0,0,0,0,0,0,0,0,0,0.0%,0,0,0,0,0,0,0.00,0,0,0,0,0.00,0.00,0,0,0,0,0,0,0,0,0.0,0.0,0,0,0,0,0,NA,0,0,NA,NA,NA,NA,0,NA,0,0,NA,NA,NA,NA,NA,0,NA,NA,NA,NA,NA,NA,NA,0,vs NE,5,·,DNP,DNP
2,9999,Will Levis,QB,26.2,TEN,999.0,999,999,0,0,0,1,0,0,0,0,0,0.0%,0,0,0,0,0,0,0.00,0,0,0,0,0.00,0.00,0,0,0,0,0,0,0,0,0.0,0.0,0,0,0,0,0,NA,0,0,NA,NA,NA,NA,0,NA,0,0,NA,NA,NA,NA,NA,0,NA,NA,NA,NA,NA,NA,NA,0,vs LAR,17,IR,IR,IR
2,10866,Aidan O'Connell,QB,27.0,LV,999.0,999,999,0,0,0,1,0,0,0,0,0,0.0%,0,0,0,0,0,0,0.00,0,0,0,0,0.00,0.00,0,0,0,0,0,0,0,0,0.0,0.0,0,0,0,0,0,NA,0,0,NA,NA,NA,NA,0,NA,0,0,NA,NA,NA,NA,NA,0,NA,NA,NA,NA,NA,NA,NA,0,vs LAC,18,IR,IR,IR
2,11306,Xavier Gipson,WR,24.5,NYG,0.0,0,0,0,0,0,0,0,0,0,0,0,0.0%,0,0,0,0,0,0,0.00,0,0,0,0,0.00,0.00,0,0,0,0,0,0,0,0,0.0,0.0,0,0,0,0,0,NA,0,0,NA,NA,NA,NA,0,NA,0,0,NA,NA,NA,NA,NA,0,NA,NA,NA,NA,NA,NA,NA,0,@ DAL,1,OUT,OUT,OUT
2,11748,Bub Means,WR,24.7,NO,999.0,999,999,0,0,0,1,0,0,0,0,0,0.0%,0,0,0,0,0,0,0.00,0,0,0,0,0.00,0.00,0,0,0,0,0,0,0,0,0.0,0.0,0,0,0,0,0,NA,0,0,NA,NA,NA,NA,0,NA,0,0,NA,NA,NA,NA,NA,0,NA,NA,NA,NA,NA,NA,NA,0,vs SF,18,IR,IR,IR
2,4177,Mack Hollins,WR,32.0,NE,66.0,53,47,7.8,7.3,6.8,1,1,1,60,39,0,0.0%,0,0,0,0,0,0,0.00,0,0,0,0,0.00,0.00,1,8,0,0,1,2,0,8,8.0,4.0,0,0,0,8,0,NA,0,0,65.0%,NA,NA,NA,0,NA,1,2,0.500,1.0,13,8.7%,0.62,0,NA,NA,NA,NA,NA,0.000,NA,8,@ MIA,21,·,2.6,5.2
2,1837,Jimmy Garoppolo,QB,33.9,LAR,999.0,999,999,0,0,0,1,0,0,61,0,0,0.0%,0,0,0,0,0,0,0.00,0,0,0,0,0.00,0.00,0,0,0,0,0,0,0,0,0.0,0.0,0,0,0,0,0,NA,0,0,0.0%,NA,NA,NA,0,NA,0,0,NA,NA,NA,NA,NA,0,NA,NA,NA,NA,NA,NA,NA,0,@ TEN,23,·,DNP,DNP
2,8254,Julius Chestnut,RB,24.9,TEN,999.0,999,999,0,0,0,1,1,0,66,7,0,0.0%,0,0,0,0,0,0,0.00,0,0,0,0,0.00,0.00,0,0,0,0,0,0,0,0,0.0,0.0,0,0,0,0,0,NA,0,0,10.6%,NA,NA,NA,0,NA,0,0,NA,0.0,NA,NA,NA,0,NA,NA,NA,NA,NA,NA,NA,0,vs LAR,30,·,2.3,-2.3
2,5854,Drew Lock,QB,28.8,SEA,999.0,999,999,0,0,0,1,0,0,65,0,0,0.0%,0,0,0,0,0,0,0.00,0,0,0,0,0.00,0.00,0,0,0,0,0,0,0,0,0.0,0.0,0,0,0,0,0,NA,0,0,0.0%,NA,NA,NA,0,NA,0,0,NA,NA,NA,NA,NA,0,NA,NA,NA,NA,NA,NA,NA,0,@ PIT,9,·,DNP,DNP
2,11615,Ainias Smith,WR,24.3,CAR,999.0,999,999,0,0,0,1,0,0,0,0,0,0.0%,0,0,0,0,0,0,0.00,0,0,0,0,0.00,0.00,0,0,0,0,0,0,0,0,0.0,0.0,0,0,0,0,0,NA,0,0,NA,NA,NA,NA,0,NA,0,0,NA,NA,NA,NA,NA,0,NA,NA,NA,NA,NA,NA,NA,0,@ ARI,14,·,DNP,DNP
2,12699,LaJohntay Wester,WR,23.5,BAL,999.0,999,999,0,0,0,1,1,0,56,3,0,0.0%,0,0,0,0,0,0,0.00,0,0,0,0,0.00,0.00,0,0,0,0,0,0,0,0,0.0,0.0,0,0,0,0,0,NA,0,0,5.4%,NA,NA,NA,0,NA,0,0,NA,0.0,NA,NA,NA,0,NA,NA,NA,NA,NA,NA,NA,0,vs CLE,8,·,DNP,DNP
2,11649,Kendall Milton,RB,23.6,CIN,999.0,999,999,0,0,0,1,0,0,0,0,0,0.0%,0,0,0,0,0,0,0.00,0,0,0,0,0.00,0.00,0,0,0,0,0,0,0,0,0.0,0.0,0,0,0,0,0,NA,0,0,NA,NA,NA,NA,0,NA,0,0,NA,NA,NA,NA,NA,0,NA,NA,NA,NA,NA,NA,NA,0,vs JAX,29,·,DNP,DNP
2,11636,Johnny Wilson,WR,24.4,PHI,999.0,999,999,0,0,0,1,0,0,0,0,0,0.0%,0,0,0,0,0,0,0.00,0,0,0,0,0.00,0.00,0,0,0,0,0,0,0,0,0.0,0.0,0,0,0,0,0,NA,0,0,NA,NA,NA,NA,0,NA,0,0,NA,NA,NA,NA,NA,0,NA,NA,NA,NA,NA,NA,NA,0,@ KC,31,IR,IR,IR
2,8123,Hassan Haskins,RB,25.8,LAC,999.0,999,999,0,0,0,1,1,0,58,1,0,0.0%,0,0,0,0,0,0,0.00,0,0,0,0,0.00,0.00,0,0,0,0,0,0,0,0,0.0,0.0,0,0,0,0,0,NA,0,0,1.7%,NA,NA,NA,0,NA,0,0,NA,0.0,NA,NA,NA,0,NA,NA,NA,NA,NA,NA,NA,0,@ LV,10,·,DNP,DNP
2,11895,Mason Tipton,WR,25.0,NO,999.0,999,999,0,0,0,1,0,0,71,0,0,0.0%,0,0,0,0,0,0,0.00,0,0,0,0,0.00,0.00,0,0,0,0,0,0,0,0,0.0,0.0,0,0,0,0,0,NA,0,0,0.0%,NA,NA,NA,0,NA,0,0,NA,NA,NA,NA,NA,0,NA,NA,NA,NA,NA,NA,NA,0,vs SF,18,·,DNP,DNP
2,4351,Tim Patrick,WR,31.8,JAX,999.0,999,999,0,0,0,1,1,0,71,12,0,0.0%,0,0,0,0,0,0,0.00,0,0,0,0,0.00,0.00,0,0,0,0,0,1,0,0,0.0,0.0,0,0,0,0,0,NA,0,0,16.9%,NA,NA,NA,0,NA,0,1,0.000,0.0,7,2.4%,0.00,0,NA,NA,NA,NA,NA,0.000,NA,0,@ CIN,11,·,0.5,-0.5
2,8145,Jeremy Ruckert,TE,25.1,NYJ,20.0,15,12,7.5,7,6.5,1,1,1,47,17,0,0.0%,0,0,0,0,0,0,0.00,0,0,0,0,0.00,0.00,1,5,0,0,1,1,0,5,5.0,5.0,0,0,0,5,0,NA,0,0,36.2%,NA,NA,NA,0,NA,1,1,1.000,1.0,7,4.5%,0.71,0,NA,NA,NA,NA,NA,0.000,NA,5,vs BUF,30,·,2.8,4.7
2,12494,Kyle McCord,QB,23.0,PHI,999.0,999,999,0,0,0,1,0,0,0,0,0,0.0%,0,0,0,0,0,0,0.00,0,0,0,0,0.00,0.00,0,0,0,0,0,0,0,0,0.0,0.0,0,0,0,0,0,NA,0,0,NA,NA,NA,NA,0,NA,0,0,NA,NA,NA,NA,NA,0,NA,NA,NA,NA,NA,NA,NA,0,@ KC,30,·,DNP,DNP
2,11573,Frank Gore Jr.,RB,23.5,BUF,999.0,999,999,0,0,0,1,0,0,0,0,0,0.0%,0,0,0,0,0,0,0.00,0,0,0,0,0.00,0.00,0,0,0,0,0,0,0,0,0.0,0.0,0,0,0,0,0,NA,0,0,NA,NA,NA,NA,0,NA,0,0,NA,NA,NA,NA,NA,0,NA,NA,NA,NA,NA,NA,NA,0,@ NYJ,9,·,DNP,DNP
2,4147,Samaje Perine,RB,30.0,CIN,999.0,999,999,0,0,0,1,1,0,69,20,0,0.0%,0,0,0,0,0,0,0.00,0,0,0,0,0.00,0.00,0,0,0,0,0,0,0,0,0.0,0.0,0,0,0,0,0,NA,0,0,29.0%,NA,NA,NA,0,NA,0,0,NA,0.0,NA,NA,NA,0,NA,NA,NA,NA,NA,NA,NA,0,vs JAX,29,·,3.7,-3.7
2,8177,Grant Calcaterra,TE,26.8,PHI,50.0,50,50,1.6,1.1,0.6,1,1,1,60,53,0,0.0%,0,0,0,0,0,0,0.00,0,0,0,0,0.00,0.00,1,6,0,0,0,2,0,6,6.0,3.0,0,0,0,6,0,NA,0,0,88.3%,NA,NA,NA,0,NA,0,2,0.000,0.0,20,9.1%,0.30,0,NA,NA,NA,NA,NA,0.000,NA,6,@ KC,31,OUT,4.1,-2.5
2,6011,Gardner Minshew,QB,29.3,KC,999.0,999,999,0,0,0,1,0,0,60,0,0,0.0%,0,0,0,0,0,0,0.00,0,0,0,0,0.00,0.00,0,0,0,0,0,0,0,0,0.0,0.0,0,0,0,0,0,NA,0,0,0.0%,NA,NA,NA,0,NA,0,0,NA,NA,NA,NA,NA,0,NA,NA,NA,NA,NA,NA,NA,0,vs PHI,16,·,DNP,DNP
2,4381,Taysom Hill,TE,35.1,NO,999.0,999,999,0,0,0,1,0,0,0,0,0,0.0%,0,0,0,0,0,0,0.00,0,0,0,0,0.00,0.00,0,0,0,0,0,0,0,0,0.0,0.0,0,0,0,0,0,NA,0,0,NA,NA,NA,NA,0,NA,0,0,NA,NA,NA,NA,NA,0,NA,NA,NA,NA,NA,NA,NA,0,vs SF,3,·,DNP,DNP
2,5987,Alexander Mattison,RB,27.2,MIA,999.0,999,999,0,0,0,1,0,0,0,0,0,0.0%,0,0,0,0,0,0,0.00,0,0,0,0,0.00,0.00,0,0,0,0,0,0,0,0,0.0,0.0,0,0,0,0,0,NA,0,0,NA,NA,NA,NA,0,NA,0,0,NA,NA,NA,NA,NA,0,NA,NA,NA,NA,NA,NA,NA,0,vs NE,27,IR,IR,IR
2,7595,Tylan Wallace,WR,26.3,BAL,44.0,40,36,10.5,9.5,8.5,1,1,1,56,28,0,0.0%,0,0,0,0,0,0,0.00,0,0,0,0,0.00,0.00,2,18,0,1,1,2,7,25,12.5,12.5,0,0,0,25,0,NA,0,0,50.0%,NA,NA,NA,0,NA,2,2,1.000,2.0,15,6.9%,1.67,0,NA,NA,NA,NA,NA,0.067,NA,25,vs CLE,8,·,1.2,9.3
2,7891,Brock Wright,TE,26.8,DET,8.0,6,5,11.8,10.3,8.8,1,1,0,59,31,0,0.0%,0,0,0,0,0,0,0.00,0,0,0,0,0.00,0.00,3,3,0,1,1,3,25,28,9.3,9.3,0,0,0,28,0,NA,0,0,52.5%,NA,NA,NA,0,NA,2,3,0.667,2.0,6,10.7%,4.67,0,NA,NA,NA,NA,NA,0.167,NA,28,vs CHI,21,·,0.9,10.9
2,8204,Bo Melton,WR,26.2,GB,0.0,0,0,0,0,0,0,0,0,0,0,0,0.0%,0,0,0,0,0,0,0.00,0,0,0,0,0.00,0.00,0,0,0,0,0,0,0,0,0.0,0.0,0,0,0,0,0,NA,0,0,NA,NA,NA,NA,0,NA,0,0,NA,NA,NA,NA,NA,0,NA,NA,NA,NA,NA,NA,NA,0,vs WAS,10,·,DNP,DNP
2,11647,Kimani Vidal,RB,24.0,LAC,999.0,999,999,0,0,0,1,0,0,0,0,0,0.0%,0,0,0,0,0,0,0.00,0,0,0,0,0.00,0.00,0,0,0,0,0,0,0,0,0.0,0.0,0,0,0,0,0,NA,0,0,NA,NA,NA,NA,0,NA,0,0,NA,NA,NA,NA,NA,0,NA,NA,NA,NA,NA,NA,NA,0,@ LV,10,·,1.3,-1.3
2,10216,Kenny McIntosh,RB,25.5,SEA,999.0,999,999,0,0,0,1,0,0,0,0,0,0.0%,0,0,0,0,0,0,0.00,0,0,0,0,0.00,0.00,0,0,0,0,0,0,0,0,0.0,0.0,0,0,0,0,0,NA,0,0,NA,NA,NA,NA,0,NA,0,0,NA,NA,NA,NA,NA,0,NA,NA,NA,NA,NA,NA,NA,0,@ PIT,23,IR,IR,IR
2,6853,Van Jefferson,WR,29.1,TEN,99.0,101,105,3,2,1,1,1,0,66,17,0,0.0%,0,0,0,0,0,0,0.00,0,0,0,0,0.00,0.00,2,9,0,2,0,2,1,10,5.0,5.0,0,0,0,10,0,NA,0,0,25.8%,NA,NA,NA,0,NA,2,2,1.000,2.0,10,6.1%,1.00,0,NA,NA,NA,NA,NA,0.200,NA,10,vs LAR,12,·,0.8,2.2
2,5086,Marquez Valdes-Scantling,WR,30.9,SF,999.0,999,999,0,0,0,1,1,0,71,9,0,0.0%,0,0,0,0,0,0,0.00,0,0,0,0,0.00,0.00,0,0,0,0,0,1,0,0,0.0,0.0,0,0,0,0,0,NA,0,0,12.7%,NA,NA,NA,0,NA,0,1,0.000,0.0,4,2.6%,0.00,0,NA,NA,NA,NA,NA,0.000,NA,0,@ NO,19,·,1.3,-1.3
2,5185,Allen Lazard,WR,29.8,NYJ,999.0,999,999,0,0,0,1,1,0,47,22,0,0.0%,0,0,0,0,0,0,0.00,0,0,0,0,0.00,0.00,0,0,0,0,0,0,0,0,0.0,0.0,0,0,0,0,0,NA,0,0,46.8%,NA,NA,NA,0,NA,0,0,NA,0.0,10,0.0%,0.00,0,NA,NA,NA,NA,NA,0.000,NA,0,vs BUF,20,Q,2.5,-2.5
2,10234,Derius Davis,WR,25.0,LAC,999.0,999,999,0,0,0,1,1,0,58,5,0,0.0%,0,0,0,0,0,0,0.00,0,0,0,0,0.00,0.00,0,0,0,0,0,0,0,0,0.0,0.0,0,0,0,0,0,NA,0,0,8.6%,NA,NA,NA,0,NA,0,0,NA,0.0,1,0.0%,0.00,0,NA,NA,NA,NA,NA,0.000,NA,0,@ LV,4,OUT,0.4,-0.4
2,8118,David Bell,WR,24.8,CLE,999.0,999,999,0,0,0,1,0,0,0,0,0,0.0%,0,0,0,0,0,0,0.00,0,0,0,0,0.00,0.00,0,0,0,0,0,0,0,0,0.0,0.0,0,0,0,0,0,NA,0,0,NA,NA,NA,NA,0,NA,0,0,NA,NA,NA,NA,NA,0,NA,NA,NA,NA,NA,NA,NA,0,@ BAL,2,PUP,PUP,PUP
2,7593,Trey Sermon,RB,26.6,PIT,999.0,999,999,0,0,0,1,0,0,0,0,0,0.0%,0,0,0,0,0,0,0.00,0,0,0,0,0.00,0.00,0,0,0,0,0,0,0,0,0.0,0.0,0,0,0,0,0,NA,0,0,NA,NA,NA,NA,0,NA,0,0,NA,NA,NA,NA,NA,0,NA,NA,NA,NA,NA,NA,NA,0,vs SEA,18,·,DNP,DNP
2,2307,Marcus Mariota,QB,31.9,WAS,999.0,999,999,0,0,0,1,0,0,69,0,0,0.0%,0,0,0,0,0,0,0.00,0,0,0,0,0.00,0.00,0,0,0,0,0,0,0,0,0.0,0.0,0,0,0,0,0,NA,0,0,0.0%,NA,NA,NA,0,NA,0,0,NA,NA,NA,NA,NA,0,NA,NA,NA,NA,NA,NA,NA,0,@ GB,27,·,DNP,DNP
2,6850,Harrison Bryant,TE,27.4,HOU,999.0,999,999,0,0,0,1,1,1,49,19,0,0.0%,0,0,0,0,0,0,0.00,0,0,0,0,0.00,0.00,0,0,0,0,0,1,0,0,0.0,0.0,0,0,0,0,0,NA,0,0,38.8%,NA,NA,NA,0,NA,0,1,0.000,0.0,5,4.2%,0.00,0,NA,NA,NA,NA,NA,0.000,NA,0,vs TB,8,·,0.8,-0.8
2,9505,Deuce Vaughn,RB,23.9,DEN,999.0,999,999,0,0,0,1,0,0,0,0,0,0.0%,0,0,0,0,0,0,0.00,0,0,0,0,0.00,0.00,0,0,0,0,0,0,0,0,0.0,0.0,0,0,0,0,0,NA,0,0,NA,NA,NA,NA,0,NA,0,0,NA,NA,NA,NA,NA,0,NA,NA,NA,NA,NA,NA,NA,0,@ IND,24,·,DNP,DNP
2,8135,Treylon Burks,WR,25.5,TEN,999.0,999,999,0,0,0,1,0,0,0,0,0,0.0%,0,0,0,0,0,0,0.00,0,0,0,0,0.00,0.00,0,0,0,0,0,0,0,0,0.0,0.0,0,0,0,0,0,NA,0,0,NA,NA,NA,NA,0,NA,0,0,NA,NA,NA,NA,NA,0,NA,NA,NA,NA,NA,NA,NA,0,vs LAR,12,IR,IR,IR
2,5917,Mecole Hardman,WR,27.5,GB,999.0,999,999,0,0,0,1,0,0,0,0,0,0.0%,0,0,0,0,0,0,0.00,0,0,0,0,0.00,0.00,0,0,0,0,0,0,0,0,0.0,0.0,0,0,0,0,0,NA,0,0,NA,NA,NA,NA,0,NA,0,0,NA,NA,NA,NA,NA,0,NA,NA,NA,NA,NA,NA,NA,0,vs WAS,10,·,DNP,DNP
2,6126,Irv Smith,TE,27.1,HOU,999.0,999,999,0,0,0,1,0,0,0,0,0,0.0%,0,0,0,0,0,0,0.00,0,0,0,0,0.00,0.00,0,0,0,0,0,0,0,0,0.0,0.0,0,0,0,0,0,NA,0,0,NA,NA,NA,NA,0,NA,0,0,NA,NA,NA,NA,NA,0,NA,NA,NA,NA,NA,NA,NA,0,vs TB,8,Q,Q,Q
2,11574,Dylan Laube,RB,25.8,LV,52.0,54,60,3.7,2.7,1.7,1,1,0,70,12,0,0.0%,0,0,0,0,0,0,0.00,0,0,0,0,0.00,0.00,2,-3,0,1,0,2,20,17,8.5,8.5,0,0,0,17,0,0,0,0,17.1%,1,0.00,NA,0,NA,1,2,0.500,1.0,NA,4.7%,NA,0,NA,NA,NA,NA,NA,NA,NA,17,vs LAC,25,·,DNP,DNP
2,5985,Foster Moreau,TE,28.4,NO,999.0,999,999,0,0,0,1,0,0,0,0,0,0.0%,0,0,0,0,0,0,0.00,0,0,0,0,0.00,0.00,0,0,0,0,0,0,0,0,0.0,0.0,0,0,0,0,0,NA,0,0,NA,NA,NA,NA,0,NA,0,0,NA,NA,NA,NA,NA,0,NA,NA,NA,NA,NA,NA,NA,0,vs SF,3,·,DNP,DNP
2,2749,Raheem Mostert,RB,33.4,LV,0.0,0,0,0,0,0,0,0,0,0,0,0,0.0%,0,0,0,0,0,0,0.00,0,0,0,0,0.00,0.00,0,0,0,0,0,0,0,0,0.0,0.0,0,0,0,0,0,NA,0,0,NA,NA,NA,NA,0,NA,0,0,NA,NA,NA,NA,NA,0,NA,NA,NA,NA,NA,NA,NA,0,vs LAC,25,·,DNP,DNP
2,7608,Khalil Herbert,RB,27.4,FA,0.0,0,0,0,0,0,0,0,0,0,0,0,0.0%,0,0,0,0,0,0,0.00,0,0,0,0,0.00,0.00,0,0,0,0,0,0,0,0,0.0,0.0,0,0,0,0,0,NA,0,0,NA,NA,NA,NA,0,NA,0,0,NA,NA,NA,NA,NA,0,NA,NA,NA,NA,NA,NA,NA,0,NA,,·,2.3,-2.3
2,10857,Stetson Bennett,QB,27.9,LAR,0.0,0,0,0,0,0,0,0,0,0,0,0,0.0%,0,0,0,0,0,0,0.00,0,0,0,0,0.00,0.00,0,0,0,0,0,0,0,0,0.0,0.0,0,0,0,0,0,NA,0,0,NA,NA,NA,NA,0,NA,0,0,NA,NA,NA,NA,NA,0,NA,NA,NA,NA,NA,NA,NA,0,@ TEN,23,OUT,OUT,OUT
2,11729,Sione Vaki,RB,24.1,DET,0.0,0,0,0,0,0,0,0,0,0,0,0,0.0%,0,0,0,0,0,0,0.00,0,0,0,0,0.00,0.00,0,0,0,0,0,0,0,0,0.0,0.0,0,0,0,0,0,NA,0,0,NA,NA,NA,NA,0,NA,0,0,NA,NA,NA,NA,NA,0,NA,NA,NA,NA,NA,NA,NA,0,vs CHI,7,OUT,OUT,OUT
2,10223,Eric Gray,RB,25.9,NYG,999.0,999,999,0,0,0,1,0,0,0,0,0,0.0%,0,0,0,0,0,0,0.00,0,0,0,0,0.00,0.00,0,0,0,0,0,0,0,0,0.0,0.0,0,0,0,0,0,NA,0,0,NA,NA,NA,NA,0,NA,0,0,NA,NA,NA,NA,NA,0,NA,NA,NA,NA,NA,NA,NA,0,@ DAL,5,PUP,PUP,PUP
2,8219,Jelani Woods,TE,26.9,NYJ,0.0,0,0,0,0,0,0,0,0,0,0,0,0.0%,0,0,0,0,0,0,0.00,0,0,0,0,0.00,0.00,0,0,0,0,0,0,0,0,0.0,0.0,0,0,0,0,0,NA,0,0,NA,NA,NA,NA,0,NA,0,0,NA,NA,NA,NA,NA,0,NA,NA,NA,NA,NA,NA,NA,0,vs BUF,30,OUT,OUT,OUT
2,4972,Mason Rudolph,QB,30.2,PIT,38.0,38,38,0.48,0.48,0.48,1,1,0,62,3,0,100.0%,-3,2,2,1,0,0,91.70,12,0,0,12,6.00,6.00,0,0,0,0,0,0,0,0,0.0,0.0,0,0,0,0,0,NA,0,0,4.8%,NA,NA,NA,0,NA,1,2,NA,NA,NA,NA,NA,1,50.0%,NA,NA,NA,NA,NA,NA,12,vs SEA,21,·,DNP,DNP
2,6938,Cam Akers,RB,26.2,FA,0.0,0,0,0,0,0,0,0,0,0,0,0,0.0%,0,0,0,0,0,0,0.00,0,0,0,0,0.00,0.00,0,0,0,0,0,0,0,0,0.0,0.0,0,0,0,0,0,NA,0,0,NA,NA,NA,NA,0,NA,0,0,NA,NA,NA,NA,NA,0,NA,NA,NA,NA,NA,NA,NA,0,NA,,·,DNP,DNP
2,7083,Tyler Huntley,QB,27.6,BAL,999.0,999,999,0,0,0,1,0,0,0,0,0,0.0%,0,0,0,0,0,0,0.00,0,0,0,0,0.00,0.00,0,0,0,0,0,0,0,0,0.0,0.0,0,0,0,0,0,NA,0,0,NA,NA,NA,NA,0,NA,0,0,NA,NA,NA,NA,NA,0,NA,NA,NA,NA,NA,NA,NA,0,vs CLE,24,·,DNP,DNP
2,7565,Terrace Marshall,WR,25.3,PHI,999.0,999,999,0,0,0,1,0,0,0,0,0,0.0%,0,0,0,0,0,0,0.00,0,0,0,0,0.00,0.00,0,0,0,0,0,0,0,0,0.0,0.0,0,0,0,0,0,NA,0,0,NA,NA,NA,NA,0,NA,0,0,NA,NA,NA,NA,NA,0,NA,NA,NA,NA,NA,NA,NA,0,@ KC,31,·,DNP,DNP
2,11621,Brenden Rice,WR,23.5,FA,0.0,0,0,0,0,0,0,0,0,0,0,0,0.0%,0,0,0,0,0,0,0.00,0,0,0,0,0.00,0.00,0,0,0,0,0,0,0,0,0.0,0.0,0,0,0,0,0,NA,0,0,NA,NA,NA,NA,0,NA,0,0,NA,NA,NA,NA,NA,0,NA,NA,NA,NA,NA,NA,NA,0,NA,,·,DNP,DNP
2,8116,Pierre Strong Jr.,RB,26.8,GB,999.0,999,999,0,0,0,1,0,0,0,0,0,0.0%,0,0,0,0,0,0,0.00,0,0,0,0,0.00,0.00,0,0,0,0,0,0,0,0,0.0,0.0,0,0,0,0,0,NA,0,0,NA,NA,NA,NA,0,NA,0,0,NA,NA,NA,NA,NA,0,NA,NA,NA,NA,NA,NA,NA,0,vs WAS,21,·,DNP,DNP
2,5973,Josh Oliver,TE,28.5,MIN,999.0,999,999,0,0,0,1,1,0,47,14,0,0.0%,0,0,0,0,0,0,0.00,0,0,0,0,0.00,0.00,0,0,0,0,0,0,0,0,0.0,0.0,0,0,0,0,0,NA,0,0,29.8%,NA,NA,NA,0,NA,0,0,NA,0.0,3,0.0%,0.00,0,NA,NA,NA,NA,NA,0.000,NA,0,vs ATL,32,·,3.0,-3.0
2,7066,K.J. Osborn,WR,28.3,FA,0.0,0,0,0,0,0,0,0,0,0,0,0,0.0%,0,0,0,0,0,0,0.00,0,0,0,0,0.00,0.00,0,0,0,0,0,0,0,0,0.0,0.0,0,0,0,0,0,NA,0,0,NA,NA,NA,NA,0,NA,0,0,NA,NA,NA,NA,NA,0,NA,NA,NA,NA,NA,NA,NA,0,NA,,·,DNP,DNP
2,12478,Nick Nash,WR,25.1,ATL,999.0,999,999,0,0,0,1,0,0,0,0,0,0.0%,0,0,0,0,0,0,0.00,0,0,0,0,0.00,0.00,0,0,0,0,0,0,0,0,0.0,0.0,0,0,0,0,0,NA,0,0,NA,NA,NA,NA,0,NA,0,0,NA,NA,NA,NA,NA,0,NA,NA,NA,NA,NA,NA,NA,0,@ MIN,32,·,DNP,DNP
2,6920,Isaiah Hodgins,WR,26.9,FA,0.0,0,0,0,0,0,0,0,0,0,0,0,0.0%,0,0,0,0,0,0,0.00,0,0,0,0,0.00,0.00,0,0,0,0,0,0,0,0,0.0,0.0,0,0,0,0,0,NA,0,0,NA,NA,NA,NA,0,NA,0,0,NA,NA,NA,NA,NA,0,NA,NA,NA,NA,NA,NA,NA,0,NA,,·,DNP,DNP
2,6144,Trayveon Williams,RB,27.9,FA,0.0,0,0,0,0,0,0,0,0,0,0,0,0.0%,0,0,0,0,0,0,0.00,0,0,0,0,0.00,0.00,0,0,0,0,0,0,0,0,0.0,0.0,0,0,0,0,0,NA,0,0,NA,NA,NA,NA,0,NA,0,0,NA,NA,NA,NA,NA,0,NA,NA,NA,NA,NA,NA,NA,0,NA,,·,DNP,DNP
2,5938,Lil'Jordan Humphrey,WR,27.4,NYG,999.0,999,999,0,0,0,1,0,0,0,0,0,0.0%,0,0,0,0,0,0,0.00,0,0,0,0,0.00,0.00,0,0,0,0,0,0,0,0,0.0,0.0,0,0,0,0,0,NA,0,0,NA,NA,NA,NA,0,NA,0,0,NA,NA,NA,NA,NA,0,NA,NA,NA,NA,NA,NA,NA,0,@ DAL,1,·,DNP,DNP
2,6805,KJ Hamler,WR,26.2,FA,0.0,0,0,0,0,0,0,0,0,0,0,0,0.0%,0,0,0,0,0,0,0.00,0,0,0,0,0.00,0.00,0,0,0,0,0,0,0,0,0.0,0.0,0,0,0,0,0,NA,0,0,NA,NA,NA,NA,0,NA,0,0,NA,NA,NA,NA,NA,0,NA,NA,NA,NA,NA,NA,NA,0,NA,,·,DNP,DNP
2,3200,Sterling Shepard,WR,32.6,TB,68.0,69,72,7.4,5.4,3.4,1,1,1,80,60,0,0.0%,0,0,0,0,0,0,0.00,0,0,0,0,0.00,0.00,4,29,0,2,0,4,5,34,8.5,8.5,0,0,0,34,0,NA,0,0,75.0%,NA,NA,NA,0,NA,2,4,0.500,2.0,37,10.5%,0.92,0,NA,NA,NA,NA,NA,0.054,NA,34,@ HOU,26,·,3.8,3.6
2,8220,Sincere McCormick,RB,25.0,SF,999.0,999,999,0,0,0,1,0,0,0,0,0,0.0%,0,0,0,0,0,0,0.00,0,0,0,0,0.00,0.00,0,0,0,0,0,0,0,0,0.0,0.0,0,0,0,0,0,NA,0,0,NA,NA,NA,NA,0,NA,0,0,NA,NA,NA,NA,NA,0,NA,NA,NA,NA,NA,NA,NA,0,@ NO,11,·,DNP,DNP
2,6869,Adam Trautman,TE,28.6,DEN,11.0,10,10,10,8.5,7,1,1,1,58,36,0,0.0%,0,0,0,0,0,0,0.00,0,0,0,0,0.00,0.00,3,7,0,1,1,3,3,10,3.3,3.3,0,0,0,10,0,NA,0,0,62.1%,NA,NA,NA,0,NA,2,3,0.667,2.0,8,10.0%,1.25,0,NA,NA,NA,NA,NA,0.125,NA,10,@ IND,20,·,2.3,7.7
2,11210,Malik Heath,WR,25.5,GB,82.0,78,70,4.7,4.2,3.7,1,1,0,68,22,0,0.0%,0,0,0,0,0,0,0.00,0,0,0,0,0.00,0.00,1,37,0,1,0,1,0,37,37.0,37.0,0,0,0,37,0,NA,0,0,32.4%,NA,NA,NA,0,NA,1,1,1.000,1.0,7,3.2%,5.29,0,NA,NA,NA,NA,NA,0.143,NA,37,vs WAS,10,·,0.9,3.8
2,5374,Justin Watson,WR,29.4,HOU,118.0,118,118,1.3,0.8,0.3,1,1,0,49,20,0,0.0%,0,0,0,0,0,0,0.00,0,0,0,0,0.00,0.00,1,2,0,0,0,2,1,3,3.0,1.5,0,0,0,3,0,NA,0,0,40.8%,NA,NA,NA,0,NA,0,2,0.000,0.0,13,8.3%,0.23,0,NA,NA,NA,NA,NA,0.000,NA,3,vs TB,16,IR,2.2,-0.9
2,9495,Rakim Jarrett,WR,24.6,PIT,999.0,999,999,0,0,0,1,0,0,0,0,0,0.0%,0,0,0,0,0,0,0.00,0,0,0,0,0.00,0.00,0,0,0,0,0,0,0,0,0.0,0.0,0,0,0,0,0,NA,0,0,NA,NA,NA,NA,0,NA,0,0,NA,NA,NA,NA,NA,0,NA,NA,NA,NA,NA,NA,NA,0,vs SEA,17,·,DNP,DNP
2,9489,Justin Shorter,WR,25.4,LV,999.0,999,999,0,0,0,1,1,0,70,0,0,0.0%,0,0,0,0,0,0,0.00,0,0,0,0,0.00,0.00,0,0,0,0,0,0,0,0,0.0,0.0,0,0,0,0,0,NA,0,0,0.0%,NA,NA,NA,0,NA,0,0,NA,0.0,NA,NA,NA,0,NA,NA,NA,NA,NA,NA,NA,0,vs LAC,25,·,DNP,DNP
2,3202,Austin Hooper,TE,30.9,NE,24.0,24,19,6.8,5.3,3.8,1,1,1,60,37,0,0.0%,0,0,0,0,0,0,0.00,0,0,0,0,0.00,0.00,3,28,0,2,0,3,10,38,12.7,12.7,0,0,0,38,0,NA,0,0,61.7%,NA,NA,NA,0,NA,2,3,0.667,2.0,9,13.0%,4.22,0,NA,NA,NA,NA,NA,0.222,NA,38,@ MIA,6,·,2.2,4.6
2,5937,Diontae Johnson,WR,29.2,FA,0.0,0,0,0,0,0,0,0,0,0,0,0,0.0%,0,0,0,0,0,0,0.00,0,0,0,0,0.00,0.00,0,0,0,0,0,0,0,0,0.0,0.0,0,0,0,0,0,NA,0,0,NA,NA,NA,NA,0,NA,0,0,NA,NA,NA,NA,NA,0,NA,NA,NA,NA,NA,NA,NA,0,NA,,·,DNP,DNP
2,10863,A.T. Perry,WR,25.9,DEN,999.0,999,999,0,0,0,1,0,0,0,0,0,0.0%,0,0,0,0,0,0,0.00,0,0,0,0,0.00,0.00,0,0,0,0,0,0,0,0,0.0,0.0,0,0,0,0,0,NA,0,0,NA,NA,NA,NA,0,NA,0,0,NA,NA,NA,NA,NA,0,NA,NA,NA,NA,NA,NA,NA,0,@ IND,5,·,DNP,DNP
2,9998,Hendon Hooker,QB,27.7,CAR,999.0,999,999,0,0,0,1,0,0,0,0,0,0.0%,0,0,0,0,0,0,0.00,0,0,0,0,0.00,0.00,0,0,0,0,0,0,0,0,0.0,0.0,0,0,0,0,0,NA,0,0,NA,NA,NA,NA,0,NA,0,0,NA,NA,NA,NA,NA,0,NA,NA,NA,NA,NA,NA,NA,0,@ ARI,25,·,DNP,DNP
2,6290,Scotty Miller,WR,28.1,PIT,999.0,999,999,0,0,0,1,1,0,62,9,0,0.0%,0,0,0,0,0,0,0.00,0,0,0,0,0.00,0.00,0,0,0,0,0,0,0,0,0.0,0.0,0,0,0,0,0,NA,0,0,14.5%,NA,NA,NA,0,NA,0,0,NA,0.0,6,0.0%,0.00,0,NA,NA,NA,NA,NA,0.000,NA,0,vs SEA,17,·,DNP,DNP
2,6012,Travis Homer,RB,27.1,CHI,999.0,999,999,0,0,0,1,0,0,0,0,0,0.0%,0,0,0,0,0,0,0.00,0,0,0,0,0.00,0.00,0,0,0,0,0,0,0,0,0.0,0.0,0,0,0,0,0,NA,0,0,NA,NA,NA,NA,0,NA,0,0,NA,NA,NA,NA,NA,0,NA,NA,NA,NA,NA,NA,NA,0,@ DET,26,IR,IR,IR
2,3634,Kalif Raymond,WR,31.1,DET,95.0,92,87,3.3,2.8,2.3,1,1,1,59,32,0,0.0%,0,0,0,0,0,0,0.00,9,0,0,0,0.00,0.00,1,14,0,1,0,1,0,14,14.0,14.0,1,0,0,23,0,NA,9,9,54.2%,NA,NA,NA,0,NA,1,2,0.500,1.0,12,3.6%,1.17,0,NA,NA,NA,NA,NA,0.083,NA,23,vs CHI,23,OUT,3.1,0.2
2,6847,Devin Duvernay,WR,28.0,CHI,999.0,999,999,0,0,0,1,1,0,68,0,0,0.0%,0,0,0,0,0,0,0.00,0,0,0,0,0.00,0.00,0,0,0,0,0,0,0,0,0.0,0.0,0,0,0,0,0,NA,0,0,0.0%,NA,NA,NA,0,NA,0,0,NA,0.0,NA,NA,NA,0,NA,NA,NA,NA,NA,NA,NA,0,@ DET,6,·,0.2,-0.2
2,7607,Michael Carter,RB,26.4,ARI,999.0,999,999,0,0,0,1,0,0,0,0,0,0.0%,0,0,0,0,0,0,0.00,0,0,0,0,0.00,0.00,0,0,0,0,0,0,0,0,0.0,0.0,0,0,0,0,0,NA,0,0,NA,NA,NA,NA,0,NA,0,0,NA,NA,NA,NA,NA,0,NA,NA,NA,NA,NA,NA,NA,0,vs CAR,16,·,1.4,-1.4
2,7535,Hunter Long,TE,27.1,JAX,999.0,999,999,0,0,0,1,1,0,71,1,0,0.0%,0,0,0,0,0,0,0.00,0,0,0,0,0.00,0.00,0,0,0,0,0,0,0,0,0.0,0.0,0,0,0,0,0,NA,0,0,1.4%,NA,NA,NA,0,NA,0,0,NA,0.0,1,0.0%,0.00,0,NA,NA,NA,NA,NA,0.000,NA,0,@ CIN,1,·,0.4,-0.4
2,9490,Tyler Scott,WR,23.9,IND,999.0,999,999,0,0,0,1,0,0,0,0,0,0.0%,0,0,0,0,0,0,0.00,0,0,0,0,0.00,0.00,0,0,0,0,0,0,0,0,0.0,0.0,0,0,0,0,0,NA,0,0,NA,NA,NA,NA,0,NA,0,0,NA,NA,NA,NA,NA,0,NA,NA,NA,NA,NA,NA,NA,0,vs DEN,27,·,DNP,DNP
2,7602,Kylen Granson,TE,27.5,PHI,54.0,54,54,1.5,1,0.5,1,1,1,60,34,0,0.0%,0,0,0,0,0,0,0.00,0,0,0,0,0.00,0.00,1,3,0,1,0,1,2,5,5.0,5.0,0,0,0,5,0,NA,0,0,56.7%,NA,NA,NA,0,NA,1,1,1.000,1.0,4,4.5%,1.25,0,NA,NA,NA,NA,NA,0.250,NA,5,@ KC,31,·,3.5,-2.0
2,10228,Charlie Jones,WR,26.9,CIN,999.0,999,999,0,0,0,1,1,0,69,1,0,0.0%,0,0,0,0,0,0,0.00,0,0,0,0,0.00,0.00,0,0,0,0,0,0,0,0,0.0,0.0,0,0,0,0,0,NA,0,0,1.4%,NA,NA,NA,0,NA,0,0,NA,0.0,NA,NA,NA,0,NA,NA,NA,NA,NA,NA,NA,0,vs JAX,24,·,1.2,-1.2
2,11582,Carson Steele,RB,22.9,KC,999.0,999,999,0,0,0,1,0,0,0,0,0,0.0%,0,0,0,0,0,0,0.00,0,0,0,0,0.00,0.00,0,0,0,0,0,0,0,0,0.0,0.0,0,0,0,0,0,NA,0,0,NA,NA,NA,NA,0,NA,0,0,NA,NA,NA,NA,NA,0,NA,NA,NA,NA,NA,NA,NA,0,vs PHI,8,·,DNP,DNP
2,8127,Charlie Kolar,TE,26.6,BAL,999.0,999,999,0,0,0,1,1,0,56,33,0,0.0%,0,0,0,0,0,0,0.00,0,0,0,0,0.00,0.00,0,0,0,0,0,0,0,0,0.0,0.0,0,0,0,0,0,NA,0,0,58.9%,NA,NA,NA,0,NA,0,0,NA,0.0,13,0.0%,0.00,0,NA,NA,NA,NA,NA,0.000,NA,0,vs CLE,19,·,2.2,-2.2
2,6427,Ashton Dulin,WR,28.3,IND,999.0,999,999,0,0,0,1,1,0,71,10,0,0.0%,0,0,0,0,0,0,0.00,0,0,0,0,0.00,0.00,0,0,0,0,0,0,0,0,0.0,0.0,0,0,0,0,0,NA,0,0,14.1%,NA,NA,NA,0,NA,0,0,NA,0.0,3,0.0%,0.00,0,NA,NA,NA,NA,NA,0.000,NA,0,vs DEN,27,·,0.6,-0.6
2,4017,Deshaun Watson,QB,30.0,CLE,999.0,999,999,0,0,0,1,0,0,0,0,0,0.0%,0,0,0,0,0,0,0.00,0,0,0,0,0.00,0.00,0,0,0,0,0,0,0,0,0.0,0.0,0,0,0,0,0,NA,0,0,NA,NA,NA,NA,0,NA,0,0,NA,NA,NA,NA,NA,0,NA,NA,NA,NA,NA,NA,NA,0,@ BAL,2,PUP,PUP,PUP
2,827,Tyrod Taylor,QB,36.1,NYJ,29.0,29,29,8.34,8.34,8.34,1,1,0,47,18,0,63.6%,41,11,7,3,4,0,106.60,77,2,1,56,5.09,8.00,0,0,0,0,0,0,0,0,0.0,0.0,3,0,1,21,0,NA,21,7,38.3%,NA,NA,NA,1,NA,5,14,NA,NA,NA,NA,NA,4,36.4%,3.04,18.2%,50.0%,7.6,NA,16,77,vs BUF,19,·,DNP,DNP
2,6659,Craig Reynolds,RB,29.2,DET,72.0,72,70,0.4,0.4,0.4,1,1,0,59,3,0,0.0%,0,0,0,0,0,0,0.00,4,0,0,0,0.00,0.00,0,0,0,0,0,0,0,0,0.0,0.0,3,0,0,4,0,NA,4,1.33,5.1%,NA,NA,NA,0,NA,0,3,0.000,0.0,NA,NA,NA,0,NA,NA,NA,NA,NA,NA,NA,4,vs CHI,7,·,0.6,-0.2
2,7585,Davis Mills,QB,26.9,HOU,999.0,999,999,0,0,0,1,0,0,49,0,0,0.0%,0,0,0,0,0,0,0.00,0,0,0,0,0.00,0.00,0,0,0,0,0,0,0,0,0.0,0.0,0,0,0,0,0,NA,0,0,0.0%,NA,NA,NA,0,NA,0,0,NA,NA,NA,NA,NA,0,NA,NA,NA,NA,NA,NA,NA,0,vs TB,4,·,DNP,DNP
2,8583,Stone Smartt,TE,27.0,NYJ,999.0,999,999,0,0,0,1,1,0,47,0,0,0.0%,0,0,0,0,0,0,0.00,0,0,0,0,0.00,0.00,0,0,0,0,0,0,0,0,0.0,0.0,0,0,0,0,0,NA,0,0,0.0%,NA,NA,NA,0,NA,0,0,NA,0.0,NA,NA,NA,0,NA,NA,NA,NA,NA,NA,NA,0,vs BUF,30,OUT,0.7,-0.7
2,11783,Ryan Flournoy,WR,25.9,DAL,999.0,999,999,0,0,0,1,1,0,89,11,0,0.0%,0,0,0,0,0,0,0.00,0,0,0,0,0.00,0.00,0,0,0,0,0,0,0,0,0.0,0.0,0,0,0,0,0,NA,0,0,12.4%,NA,NA,NA,0,NA,0,0,NA,0.0,NA,NA,NA,0,NA,NA,NA,NA,NA,NA,NA,0,vs NYG,3,·,DNP,DNP
2,3976,Mitchell Trubisky,QB,31.1,BUF,37.0,37,37,0.98,0.98,0.98,1,1,0,75,10,0,50.0%,16,2,1,1,1,0,95.80,29,0,0,32,16.00,32.00,0,0,0,0,0,0,0,0,0.0,0.0,3,0,0,-3,0,NA,-3,-1,13.3%,NA,NA,NA,0,NA,1,5,NA,NA,NA,NA,NA,1,50.0%,2.69,0.0%,0.0%,11.2,NA,2,29,@ NYJ,6,·,DNP,DNP
2,11716,Tip Reiman,TE,24.0,ARI,999.0,999,999,0,0,0,0,0,0,55,0,0,0.0%,0,0,0,0,0,0,0.00,0,0,0,0,0.00,0.00,0,0,0,0,0,0,0,0,0.0,0.0,0,0,0,0,0,NA,0,0,0.0%,NA,NA,NA,0,NA,0,0,NA,NA,NA,NA,NA,0,NA,NA,NA,NA,NA,NA,NA,0,vs CAR,2,OUT,OUT,OUT
2,12477,Kurtis Rourke,QB,24.9,SF,999.0,999,999,0,0,0,1,0,0,0,0,0,0.0%,0,0,0,0,0,0,0.00,0,0,0,0,0.00,0.00,0,0,0,0,0,0,0,0,0.0,0.0,0,0,0,0,0,NA,0,0,NA,NA,NA,NA,0,NA,0,0,NA,NA,NA,NA,NA,0,NA,NA,NA,NA,NA,NA,NA,0,@ NO,5,PUP,PUP,PUP
,,,,,,,,,,,,,,,,,,0.0%,,,,,,,,,,,,,,,,,,,,,,,,,,,,,,,,NA,NA,NA,NA,0,NA,0,0,NA,NA,NA,NA,NA,0,NA,NA,NA,NA,NA,NA,NA,0,NA,,·,DNP,DNP