SZN,SLPR_ID,PLAYER NAME,POS,AGE,TM,PRK_PPR,PRK_0.5P,PRK_STD,FPT_PPR,FPTS_0.5,FPTS_STD,GM_ACTV,GM_P,GM,TM_SNP,SNP,FUM,CMP%,paAY,paATT,CMP,pa1D,INC,INT,paRTG,pa.ruYDS,SAC,paTD,paYDS,paYPA,paYPC,REC,recAY,DRP,rec1D,recTD,TGT,YAC,recYDS,YPR,YPT,CAR,BTKL,ru1D,ru.recYDS,ruTD,YCO,ruYDS,YPC,SNP%,MTF,YCO/A,MTF/A,ruIMP,ELU,IMP,OPP,IMP/OPP,IMP/G,RR,TS%,YPRR,pIMP,pIMP/A,TTT,DP%,PRS%,AYA,1DRR,DB,YDS(t),VS,vsRK,INJ,PROJ,FPOE
3,4984,Josh Allen,QB,29.3,BUF,5,5,5,23.02,23.02,23.02,1,1,1,60,60,1,78.6%,53,28,22,9,6,0,134.10,238,2,3,213,7.61,9.68,0,0,0,0,0,0,0,0,0.0,0.0,4,0,0,25,0,NA,25,6.25,100.0%,NA,NA,NA,0,NA,12,32,NA,NA,NA,NA,NA,12,42.9%,2.62,3.6%,9.4%,3.2,NA,32,238,vs MIA,3,·,25.7,-2.7
3,4881,Lamar Jackson,QB,28.7,BAL,3,3,3,27.02,27.02,27.02,1,1,1,57,57,1,77.8%,187,27,21,11,6,0,148.10,323,7,3,288,10.67,13.71,0,0,0,0,0,0,0,0,0.0,0.0,7,0,2,35,0,NA,35,5,100.0%,NA,NA,NA,2,NA,16,34,NA,NA,NA,NA,NA,14,51.9%,3.00,11.1%,40.5%,10.2,NA,37,323,vs DET,11,OUT,25.5,1.5
3,7564,Ja'Marr Chase,WR,25.6,CIN,41,44,53,8.9,6.4,3.9,1,1,1,56,48,1,0.0%,0,0,0,0,0,0,0.00,9,0,0,0,0.00,0.00,5,26,0,1,0,6,24,50,10.0,8.3,1,0,0,59,0,NA,9,9,86.0%,NA,NA,NA,0,NA,1,7,0.143,1.0,27,22.2%,1.85,0,NA,NA,NA,NA,NA,0.037,NA,59,@ MIN,32,·,17.4,-8.5
3,9509,Bijan Robinson,RB,23.6,ATL,13,14,16,16.1,13.6,11.1,1,1,1,66,53,0,0.0%,0,0,0,0,0,0,0.00,72,0,0,0,0.00,0.00,5,1,0,2,0,6,38,39,7.8,6.5,13,0,4,111,0,55,72,5.54,80.0%,5,4.20,0.385,4,0.805,6,19,0.316,6.0,NA,14.0%,NA,0,NA,NA,NA,NA,NA,NA,NA,111,@ CAR,16,·,20.2,-4.1
3,11566,Jayden Daniels,QB,24.8,WAS,0,0,0,0,0,0,0,0,0,0,0,0,0.0%,0,0,0,0,0,0,0.00,0,0,0,0,0.00,0.00,0,0,0,0,0,0,0,0,0.0,0.0,0,0,0,0,0,NA,0,0,0.0%,NA,NA,NA,0,NA,0,0,NA,NA,NA,NA,NA,0,NA,NA,NA,NA,NA,NA,NA,0,vs LV,13,·,DNP,DNP
3,11632,Malik Nabers,WR,22.2,NYG,88,88,91,3.3,2.3,1.3,1,1,1,66,61,0,0.0%,0,0,0,0,0,0,0.00,0,0,0,0,0.00,0.00,2,9,0,0,0,7,4,13,6.5,1.9,0,0,0,13,0,NA,0,0,92.0%,NA,NA,NA,0,NA,0,7,0.000,0.0,32,21.9%,0.41,0,NA,NA,NA,NA,NA,0.000,NA,13,vs KC,31,IR,18.6,-15.3
3,6794,Justin Jefferson,WR,26.3,MIN,30,33,32,12.5,10,7.5,1,1,1,60,48,0,0.0%,0,0,0,0,0,0,0.00,0,0,0,0,0.00,0.00,5,31,0,2,0,7,44,75,15.0,10.7,0,0,0,75,0,NA,0,0,80.0%,NA,NA,NA,0,NA,2,7,0.286,2.0,23,29.2%,3.26,0,NA,NA,NA,NA,NA,0.087,NA,75,vs CIN,11,·,18.0,-5.5
3,9221,Jahmyr Gibbs,RB,23.5,DET,3,3,4,26.9,24.4,21.9,1,1,1,68,47,0,0.0%,0,0,0,0,0,0,0.00,67,0,0,0,0.00,0.00,5,-3,0,0,0,6,35,32,6.4,5.3,22,0,3,99,2,57,67,3.05,69.0%,9,2.60,0.409,5,0.669,5,28,0.179,5.0,NA,21.4%,NA,0,NA,NA,NA,NA,NA,NA,NA,99,@ BAL,2,·,19.2,7.7
3,6786,CeeDee Lamb,WR,26.4,DAL,999.0,999,999,0,0,0,1,1,1,74,7,0,0.0%,0,0,0,0,0,0,0.00,0,0,0,0,0.00,0.00,0,0,0,0,0,0,0,0,0.0,0.0,0,0,0,0,0,NA,0,0,9.0%,NA,NA,NA,0,NA,0,0,NA,0.0,3,0.0%,0.00,0,NA,NA,NA,NA,NA,0.000,NA,0,@ CHI,23,OUT,20.4,-20.4
3,11604,Brock Bowers,TE,22.8,LV,13.0,14,16,9.8,7.8,5.8,1,1,0,66,55,0,0.0%,0,0,0,0,0,0,0.00,0,0,0,0,0.00,0.00,4,17,0,2,0,5,21,38,9.5,7.6,0,0,0,38,0,NA,0,0,83.0%,NA,NA,NA,0,NA,2,5,0.400,2.0,30,17.2%,1.27,0,NA,NA,NA,NA,NA,0.067,NA,38,@ WAS,11,OUT,15.2,-5.4
3,6904,Jalen Hurts,QB,27.1,PHI,2.0,2,2,29.04,29.04,29.04,1,1,1,67,67,1,65.6%,163,32,21,6,11,0,117.40,266,4,3,226,7.06,10.76,0,0,0,0,0,0,0,0,0.0,0.0,9,0,4,40,1,NA,40,4.44,100.0%,NA,NA,NA,5,NA,14,41,NA,NA,NA,NA,NA,9,28.1%,2.91,12.5%,48.6%,8.4,NA,37,266,vs LAR,17,·,24.4,4.6
3,9493,Puka Nacua,WR,24.3,LAR,5.0,8,17,22.8,17.3,11.8,1,1,1,66,60,0,0.0%,0,0,0,0,0,0,0.00,6,0,0,0,0.00,0.00,11,75,0,7,0,15,37,112,10.2,7.5,1,0,0,118,0,NA,6,6,91.0%,NA,NA,NA,0,NA,7,16,0.438,7.0,31,44.1%,3.61,0,NA,NA,NA,NA,NA,0.226,NA,118,@ PHI,15,·,20.0,2.8
3,7547,Amon-Ra St. Brown,WR,25.9,DET,7.0,9,9,20.7,17.2,13.7,1,1,1,68,58,0,0.0%,0,0,0,0,0,0,0.00,0,0,0,0,0.00,0.00,7,64,0,4,1,8,13,77,11.0,9.6,0,0,0,77,0,NA,0,0,85.0%,NA,NA,NA,0,NA,5,8,0.625,5.0,28,28.6%,2.75,0,NA,NA,NA,NA,NA,0.143,NA,77,@ BAL,2,·,18.1,2.6
3,6797,Justin Herbert,QB,27.5,LAC,12.0,12,12,15.6,15.6,15.6,1,1,1,86,86,0,59.6%,165,47,28,16,19,1,76.60,306,5,1,300,6.38,10.71,0,0,0,0,0,0,0,0,0.0,0.0,2,0,1,6,0,NA,6,3,100.0%,NA,NA,NA,1,NA,18,49,NA,NA,NA,NA,NA,17,36.2%,2.96,6.4%,54.7%,8.4,NA,53,306,vs DEN,29,·,21.1,-5.5
3,9488,Jaxon Smith-Njigba,WR,23.6,SEA,8.0,7,5,20.6,18.1,15.6,1,1,1,57,28,0,0.0%,0,0,0,0,0,0,0.00,0,0,0,0,0.00,0.00,5,75,0,3,1,6,21,96,19.2,16.0,0,0,0,96,0,NA,0,0,49.0%,NA,NA,NA,0,NA,4,6,0.667,4.0,16,28.6%,6.00,0,NA,NA,NA,NA,NA,0.188,NA,96,vs NO,19,·,18.5,2.1
3,6770,Joe Burrow,QB,28.8,CIN,999.0,999,999,0,0,0,1,0,0,0,0,0,0.0%,0,0,0,0,0,0,0.00,0,0,0,0,0.00,0.00,0,0,0,0,0,0,0,0,0.0,0.0,0,0,0,0,0,NA,0,0,0.0%,NA,NA,NA,0,NA,0,0,NA,NA,NA,NA,NA,0,NA,NA,NA,NA,NA,NA,NA,0,@ MIN,28,IR,IR,IR
3,12527,Ashton Jeanty,RB,21.8,LV,41.0,35,31,6.3,6.3,6.3,1,1,1,66,40,0,0.0%,0,0,0,0,0,0,0.00,63,0,0,0,0.00,0.00,0,0,0,0,0,0,0,0,0.0,0.0,17,6,3,63,0,34,63,3.71,61.0%,3,2.00,0.176,3,0.376,3,17,0.176,3.0,NA,0.0%,NA,0,NA,NA,NA,NA,NA,NA,NA,63,@ WAS,21,·,15.0,-8.7
3,4866,Saquon Barkley,RB,28.6,PHI,30.0,31,33,9.5,7.5,5.5,1,1,1,67,63,0,0.0%,0,0,0,0,0,0,0.00,46,0,0,0,0.00,0.00,4,0,0,0,0,5,9,9,2.3,1.8,18,0,3,55,0,40,46,2.56,94.0%,3,2.20,0.167,3,0.387,3,23,0.130,3.0,NA,15.6%,NA,0,NA,NA,NA,NA,NA,NA,NA,55,vs LAR,30,Q,19.5,-10.0
3,8130,Trey McBride,TE,25.8,ARI,6.0,6,5,15.3,12.8,10.3,1,1,1,66,58,0,0.0%,0,0,0,0,0,0,0.00,0,0,0,0,0.00,0.00,5,16,0,1,1,8,27,43,8.6,5.4,0,0,0,43,0,NA,0,0,88.0%,NA,NA,NA,0,NA,2,8,0.250,2.0,31,22.9%,1.39,0,NA,NA,NA,NA,NA,0.032,NA,43,@ SF,3,·,16.1,-0.8
3,11631,Brian Thomas Jr.,WR,23.0,JAX,50.0,42,41,7.5,6.5,5.5,1,1,1,70,57,0,0.0%,0,0,0,0,0,0,0.00,0,0,0,0,0.00,0.00,2,23,1,2,0,6,32,55,27.5,9.2,0,0,0,55,0,NA,0,0,81.0%,NA,NA,NA,0,NA,2,6,0.333,2.0,34,15.0%,1.62,0,NA,NA,NA,NA,NA,0.059,NA,55,vs HOU,26,·,15.8,-8.3
3,8112,Drake London,WR,24.2,ATL,35.0,38,43,10.5,8,5.5,1,1,1,66,57,0,0.0%,0,0,0,0,0,0,0.00,0,0,0,0,0.00,0.00,5,41,0,3,0,8,14,55,11.0,6.9,0,0,0,55,0,NA,0,0,86.0%,NA,NA,NA,0,NA,3,8,0.375,3.0,41,18.6%,1.34,0,NA,NA,NA,NA,NA,0.073,NA,55,@ CAR,29,·,15.0,-4.5
3,11564,Drake Maye,QB,23.1,NE,7.0,7,7,20.22,20.22,20.22,1,1,1,74,74,1,75.7%,159,37,28,11,9,1,102.10,313,5,2,268,7.24,9.57,0,0,0,0,0,0,0,0,0.0,0.0,7,1,5,45,0,NA,45,6.43,100.0%,NA,NA,NA,5,NA,18,44,NA,NA,NA,NA,NA,13,35.1%,2.65,2.7%,40.4%,6.2,NA,47,313,vs PIT,9,·,20.1,0.1
3,12514,Emeka Egbuka,WR,22.9,TB,25.0,26,30,14.5,11.5,8.5,1,1,1,72,46,0,0.0%,0,0,0,0,0,0,0.00,0,0,0,0,0.00,0.00,6,64,1,4,0,8,21,85,14.2,10.6,0,0,0,85,0,NA,0,0,64.0%,NA,NA,NA,0,NA,4,8,0.500,4.0,21,27.6%,4.05,0,NA,NA,NA,NA,NA,0.190,NA,85,vs NYJ,13,·,11.2,3.3
3,7569,Nico Collins,WR,26.5,HOU,6.0,5,7,22.4,18.4,14.4,1,1,1,63,54,1,0.0%,0,0,0,0,0,0,0.00,0,0,0,0,0.00,0.00,8,70,0,2,1,11,34,104,13.0,9.5,0,0,0,104,0,NA,0,0,86.0%,NA,NA,NA,0,NA,3,11,0.273,3.0,34,28.9%,3.06,0,NA,NA,NA,NA,NA,0.059,NA,104,@ JAX,24,·,17.4,5.0
3,12526,Tetairoa McMillan,WR,22.5,CAR,47.0,45,44,7.8,6.3,4.8,1,1,1,58,52,0,0.0%,0,0,0,0,0,0,0.00,0,0,0,0,0.00,0.00,3,33,1,3,0,8,15,48,16.0,6.0,0,0,0,48,0,NA,0,0,90.0%,NA,NA,NA,0,NA,3,8,0.375,3.0,24,33.3%,2.00,0,NA,NA,NA,NA,NA,0.125,NA,48,vs ATL,30,·,14.1,-6.3
3,6804,Jordan Love,QB,26.9,GB,26.0,26,26,12.12,12.12,12.12,1,1,1,65,65,0,72.0%,46,25,18,7,7,1,89.30,201,5,1,183,7.32,10.17,0,0,0,0,0,0,0,0,0.0,0.0,4,0,1,18,0,NA,18,4.5,100.0%,NA,NA,NA,1,NA,9,29,NA,NA,NA,NA,NA,8,32.0%,2.56,4.0%,38.7%,1.6,NA,31,201,@ CLE,24,·,19.8,-7.7
3,9226,De'Von Achane,RB,23.9,MIA,12.0,16,23,16.1,12.6,9.1,1,1,1,61,47,0,0.0%,0,0,0,0,0,0,0.00,62,0,0,0,0.00,0.00,7,-30,0,1,0,9,59,29,4.1,3.2,12,1,1,91,0,46,62,5.17,77.0%,3,3.80,0.250,1,0.630,2,21,0.095,2.0,NA,26.5%,NA,0,NA,NA,NA,NA,NA,NA,NA,91,@ BUF,13,·,21.9,-5.8
3,11635,Ladd McConkey,WR,23.9,LAC,46.0,49,51,8.1,6.1,4.1,1,1,1,86,80,0,0.0%,0,0,0,0,0,0,0.00,0,0,0,0,0.00,0.00,4,21,1,3,0,7,20,41,10.3,5.9,0,0,0,41,0,NA,0,0,93.0%,NA,NA,NA,0,NA,3,7,0.429,3.0,52,14.9%,0.79,0,NA,NA,NA,NA,NA,0.058,NA,41,vs DEN,27,·,15.7,-7.6
3,4046,Patrick Mahomes,QB,30.0,KC,20.0,20,20,13.16,13.16,13.16,1,1,1,72,72,2,59.5%,112,37,22,12,15,0,85.90,226,2,1,224,6.05,10.18,0,0,0,0,0,0,0,0,0.0,0.0,5,0,0,2,0,NA,2,0.4,100.0%,NA,NA,NA,0,NA,13,42,NA,NA,NA,NA,NA,13,35.1%,2.59,16.2%,29.3%,8.6,NA,41,226,@ NYG,14,·,22.8,-9.6
3,11584,Bucky Irving,RB,23.1,TB,15.0,17,18,13.9,11.9,9.9,1,1,1,72,53,0,0.0%,0,0,0,0,0,0,0.00,66,0,0,0,0.00,0.00,4,-19,0,1,0,4,52,33,8.3,8.3,25,1,2,99,0,45,66,2.64,74.0%,11,1.80,0.440,2,0.620,3,29,0.103,3.0,NA,13.8%,NA,0,NA,NA,NA,NA,NA,NA,NA,99,vs NYJ,9,OUT,19.2,-5.3
3,6813,Jonathan Taylor,RB,26.7,IND,1.0,1,1,32.8,31.3,29.8,1,1,1,57,45,0,0.0%,0,0,0,0,0,0,0.00,102,0,0,0,0.00,0.00,3,-13,1,0,0,4,29,16,5.3,4.0,17,7,3,118,3,95,102,6,79.0%,7,5.60,0.412,6,0.972,6,21,0.286,6.0,NA,16.0%,NA,0,NA,NA,NA,NA,NA,NA,NA,118,@ TEN,3,·,18.6,14.2
3,11563,Bo Nix,QB,25.6,DEN,19.0,19,19,13.42,13.42,13.42,1,1,1,52,52,0,56.0%,69,25,14,4,11,0,87.60,186,2,1,153,6.12,10.93,0,0,0,0,0,0,0,0,0.0,0.0,8,0,0,33,0,NA,33,4.13,100.0%,NA,NA,NA,0,NA,5,33,NA,NA,NA,NA,NA,5,20.0%,2.75,16.0%,43.8%,10.2,NA,32,186,@ LAC,18,·,20.2,-6.8
3,11620,Rome Odunze,WR,23.3,CHI,20.0,18,15,15.2,13.7,12.2,1,1,1,59,53,0,0.0%,0,0,0,0,0,0,0.00,0,0,0,0,0.00,0.00,3,39,0,2,1,7,23,62,20.7,8.9,0,0,0,62,0,NA,0,0,90.0%,NA,NA,NA,0,NA,3,7,0.429,3.0,26,25.0%,2.38,0,NA,NA,NA,NA,NA,0.077,NA,62,vs DAL,1,·,14.4,0.8
3,12518,Tyler Warren,TE,23.3,IND,23.0,23,22,6.8,5.3,3.8,1,1,1,57,39,0,0.0%,0,0,0,0,0,0,0.00,0,0,0,0,0.00,0.00,3,-2,1,2,0,5,40,38,12.7,7.6,0,0,0,38,0,NA,0,0,68.0%,NA,NA,NA,0,NA,2,5,0.400,2.0,22,20.0%,1.73,0,NA,NA,NA,NA,NA,0.091,NA,38,@ TEN,22,·,11.8,-5.0
3,8138,James Cook,RB,26.0,BUF,8.0,7,7,20.8,19.3,17.8,1,1,1,60,40,0,0.0%,0,0,0,0,0,0,0.00,108,0,0,0,0.00,0.00,3,5,0,0,0,3,5,10,3.3,3.3,19,5,5,118,1,95,108,5.68,67.0%,5,5.00,0.263,6,0.763,6,22,0.273,6.0,NA,10.7%,NA,0,NA,NA,NA,NA,NA,NA,NA,118,vs MIA,4,·,16.3,4.5
3,8146,Garrett Wilson,WR,25.2,NYJ,2.0,4,8,24.4,19.4,14.4,1,1,1,69,69,0,0.0%,0,0,0,0,0,0,0.00,0,0,0,0,0.00,0.00,10,50,0,3,1,13,34,84,8.4,6.5,0,0,0,84,0,NA,0,0,100.0%,NA,NA,NA,0,NA,4,13,0.308,4.0,39,36.1%,2.15,0,NA,NA,NA,NA,NA,0.077,NA,84,@ TB,16,·,16.4,8.0
3,12507,Omarion Hampton,RB,22.5,LAC,4.0,5,5,24.9,21.9,18.9,1,1,1,86,68,1,0.0%,0,0,0,0,0,0,0.00,70,0,0,0,0.00,0.00,6,0,0,3,0,7,59,59,9.8,8.4,19,1,3,129,1,57,70,3.68,79.0%,5,3.00,0.263,4,0.563,7,26,0.269,7.0,NA,14.9%,NA,0,NA,NA,NA,NA,NA,NA,NA,129,vs DEN,19,OUT,11.4,13.5
3,11628,Marvin Harrison Jr.,WR,23.1,ARI,51.0,50,45,7.4,5.9,4.4,1,1,1,66,53,0,0.0%,0,0,0,0,0,0,0.00,0,0,0,0,0.00,0.00,3,37,1,2,0,6,7,44,14.7,7.3,0,0,0,44,0,NA,0,0,80.0%,NA,NA,NA,0,NA,2,6,0.333,2.0,35,17.1%,1.26,0,NA,NA,NA,NA,NA,0.057,NA,44,@ SF,18,·,13.1,-5.7
3,4892,Baker Mayfield,QB,30.4,TB,8.0,8,8,17.72,17.72,17.72,1,1,1,72,72,1,65.5%,94,29,19,11,10,0,101.70,277,1,1,233,8.03,12.26,0,0,0,0,0,0,0,0,0.0,0.0,4,1,2,44,0,NA,44,11,100.0%,NA,NA,NA,2,NA,14,33,NA,NA,NA,NA,NA,12,41.4%,2.44,13.8%,36.4%,8.9,NA,33,277,vs NYJ,6,·,20.7,-3.0
3,11560,Caleb Williams,QB,23.8,CHI,1.0,1,1,29.12,29.12,29.12,1,1,1,59,59,0,67.9%,142,28,19,7,9,0,142.60,310,0,4,298,10.64,15.68,0,0,0,0,0,0,0,0,0.0,0.0,5,0,0,12,0,NA,12,2.4,100.0%,NA,NA,NA,0,NA,11,33,NA,NA,NA,NA,NA,11,39.3%,3.20,10.7%,25.0%,8.5,NA,28,310,vs DAL,1,·,19.5,9.6
3,12529,TreVeyon Henderson,RB,22.9,NE,35.0,36,41,7.7,6.2,4.7,1,1,0,74,34,0,0.0%,0,0,0,0,0,0,0.00,28,0,0,0,0.00,0.00,3,2,0,0,0,3,17,19,6.3,6.3,11,0,2,47,0,28,28,2.55,46.0%,4,2.50,0.364,2,0.614,2,14,0.143,2.0,NA,8.1%,NA,0,NA,NA,NA,NA,NA,NA,NA,47,vs PIT,23,·,9.8,-2.1
3,4034,Christian McCaffrey,RB,29.3,SF,6.0,8,12,24,19,14,1,1,1,65,59,0,0.0%,0,0,0,0,0,0,0.00,52,0,0,0,0.00,0.00,10,21,2,2,0,15,67,88,8.8,5.9,17,5,3,140,0,41,52,3.06,91.0%,8,2.40,0.471,3,0.711,5,32,0.156,5.0,NA,36.6%,NA,0,NA,NA,NA,NA,NA,NA,NA,140,vs ARI,12,·,24.3,-0.3
3,10229,Rashee Rice,WR,25.4,KC,999.0,999,999,0,0,0,1,0,0,0,0,0,0.0%,0,0,0,0,0,0,0.00,0,0,0,0,0.00,0.00,0,0,0,0,0,0,0,0,0.0,0.0,0,0,0,0,0,NA,0,0,0.0%,NA,NA,NA,0,NA,0,0,NA,NA,NA,NA,NA,0,NA,NA,NA,NA,NA,NA,NA,0,@ NYG,3,SUS,SUS,SUS
3,5850,Josh Jacobs,RB,27.6,GB,19.0,23,29,12.4,9.9,7.4,1,1,1,65,43,1,0.0%,0,0,0,0,0,0,0.00,30,0,0,0,0.00,0.00,5,-15,0,2,0,9,59,44,8.8,4.9,16,0,2,74,0,34,30,1.88,66.0%,3,2.10,0.188,2,0.398,4,25,0.160,4.0,NA,36.0%,NA,0,NA,NA,NA,NA,NA,NA,NA,74,@ CLE,28,·,17.4,-5.0
3,9758,C.J. Stroud,QB,24.0,HOU,25.0,25,25,12.36,12.36,12.36,1,1,1,63,63,0,65.8%,113,38,25,7,13,2,66.10,226,2,1,204,5.37,8.16,0,0,0,0,0,0,0,0,0.0,0.0,4,0,1,22,0,NA,22,5.5,100.0%,NA,NA,NA,1,NA,9,42,NA,NA,NA,NA,NA,8,21.1%,2.53,15.8%,32.6%,7.6,NA,43,226,@ JAX,26,·,18.7,-6.3
3,9224,Chase Brown,RB,25.5,CIN,43.0,48,59,6,4,2,1,1,1,56,31,1,0.0%,0,0,0,0,0,0,0.00,3,0,0,0,0.00,0.00,4,1,0,1,0,5,16,17,4.3,3.4,10,0,0,20,0,13,3,0.3,55.0%,0,1.30,0.000,0,0.130,1,15,0.067,1.0,NA,18.5%,NA,0,NA,NA,NA,NA,NA,NA,NA,20,@ MIN,15,·,17.0,-11.0
3,9997,Zay Flowers,WR,25.0,BAL,89.0,89,93,3.3,2.3,1.3,1,1,1,57,49,0,0.0%,0,0,0,0,0,0,0.00,0,0,0,0,0.00,0.00,2,-1,0,1,0,3,14,13,6.5,4.3,0,0,0,13,0,NA,0,0,86.0%,NA,NA,NA,0,NA,1,3,0.333,1.0,33,10.7%,0.39,0,NA,NA,NA,NA,NA,0.030,NA,13,vs DET,6,·,17.4,-14.1
3,8183,Brock Purdy,QB,25.7,SF,0.0,0,0,0,0,0,0,0,0,0,0,0,0.0%,0,0,0,0,0,0,0.00,0,0,0,0,0.00,0.00,0,0,0,0,0,0,0,0,0.0,0.0,0,0,0,0,0,NA,0,0,0.0%,NA,NA,NA,0,NA,0,0,NA,NA,NA,NA,NA,0,NA,NA,NA,NA,NA,NA,NA,0,vs ARI,25,OUT,OUT,OUT
3,8155,Breece Hall,RB,24.3,NYJ,31.0,32,36,9.2,7.2,5.2,1,1,1,69,38,0,0.0%,0,0,0,0,0,0,0.00,21,0,0,0,0.00,0.00,4,5,2,2,0,6,26,31,7.8,5.2,9,0,1,52,0,12,21,2.33,55.0%,2,1.30,0.222,1,0.352,3,15,0.200,3.0,NA,16.7%,NA,0,NA,NA,NA,NA,NA,NA,NA,52,@ TB,17,·,15.2,-6.0
3,12522,Cam Ward,QB,23.3,TEN,21.0,21,21,12.96,12.96,12.96,1,1,1,70,70,0,60.5%,105,38,23,10,15,1,74.30,231,4,1,219,5.76,9.52,0,0,0,0,0,0,0,0,0.0,0.0,3,0,1,12,0,NA,12,4,100.0%,NA,NA,NA,1,NA,12,41,NA,NA,NA,NA,NA,11,28.9%,2.97,2.6%,40.0%,6.2,NA,45,231,vs IND,22,·,18.6,-5.6
3,8150,Kyren Williams,RB,25.1,LAR,9.0,9,8,19.2,18.2,17.2,1,1,1,66,50,0,0.0%,0,0,0,0,0,0,0.00,94,0,0,0,0.00,0.00,2,1,0,1,1,3,17,18,9.0,6.0,20,3,7,112,0,86,94,4.7,76.0%,11,4.30,0.550,7,0.980,9,23,0.391,9.0,NA,8.8%,NA,0,NA,NA,NA,NA,NA,NA,NA,112,@ PHI,8,·,15.9,3.3
3,3198,Derrick Henry,RB,31.7,BAL,25.0,22,21,10.7,10.2,9.7,1,1,1,57,28,1,0.0%,0,1,0,0,1,0,39.60,50,0,0,0,0.00,0.00,1,-2,0,0,0,1,9,7,7.0,7.0,12,0,1,57,1,25,50,4.17,49.0%,2,2.10,0.167,2,0.377,2,14,0.143,2.0,NA,3.6%,NA,0,0.0%,NA,NA,NA,NA,NA,NA,57,vs DET,26,·,16.4,-5.7
3,12512,Quinshon Judkins,RB,21.9,CLE,11.0,11,10,16.5,16,15.5,1,1,1,66,36,0,0.0%,0,0,0,0,0,0,0.00,94,0,0,0,0.00,0.00,1,1,0,0,0,2,0,1,1.0,0.5,18,0,4,95,1,65,94,5.22,55.0%,4,3.60,0.222,5,0.582,5,20,0.250,5.0,NA,5.6%,NA,0,NA,NA,NA,NA,NA,NA,NA,95,vs GB,31,·,10.6,5.9
3,5859,A.J. Brown,WR,28.2,PHI,4.0,3,3,22.9,19.9,16.9,1,1,1,67,62,0,0.0%,0,0,0,0,0,0,0.00,0,0,0,0,0.00,0.00,6,76,0,3,1,10,33,109,18.2,10.9,0,0,0,109,0,NA,0,0,93.0%,NA,NA,NA,0,NA,4,10,0.400,4.0,35,31.3%,3.11,0,NA,NA,NA,NA,NA,0.086,NA,109,vs LAR,12,·,13.9,9.0
3,6801,Tee Higgins,WR,26.7,CIN,99.0,93,89,2.5,2,1.5,1,1,1,56,46,0,0.0%,0,0,0,0,0,0,0.00,0,0,0,0,0.00,0.00,1,12,0,1,0,2,3,15,15.0,7.5,0,0,0,15,0,NA,0,0,82.0%,NA,NA,NA,0,NA,1,2,0.500,1.0,27,7.4%,0.56,0,NA,NA,NA,NA,NA,0.037,NA,15,@ MIN,32,·,12.1,-9.6
3,11559,Michael Penix Jr.,QB,25.4,ATL,31.0,31,31,5.78,5.78,5.78,1,1,1,66,51,0,50.0%,80,36,18,10,18,2,40.50,181,0,0,172,4.78,9.56,0,0,0,0,0,0,0,0,0.0,0.0,2,0,0,9,0,NA,9,4.5,77.0%,NA,NA,NA,0,NA,10,38,NA,NA,NA,NA,NA,10,27.8%,2.83,2.8%,23.7%,8.4,NA,38,181,@ CAR,20,·,18.1,-12.3
3,5849,Kyler Murray,QB,28.1,ARI,16.0,16,16,14.06,14.06,14.06,1,1,1,66,66,0,62.9%,67,35,22,7,13,0,82.90,196,1,1,159,4.54,7.23,0,0,0,0,0,0,0,0,0.0,0.0,6,1,2,37,0,NA,37,6.17,100.0%,NA,NA,NA,2,NA,10,41,NA,NA,NA,NA,NA,8,22.9%,3.07,8.6%,30.0%,5.3,NA,40,196,@ SF,10,Q,20.6,-6.5
3,12530,Travis Hunter,WR,22.4,JAX,90.0,85,80,3.1,2.6,2.1,1,1,0,70,37,0,0.0%,0,0,0,0,0,0,0.00,0,0,0,0,0.00,0.00,1,3,0,1,0,2,18,21,21.0,10.5,0,0,0,21,0,NA,0,0,53.0%,NA,NA,NA,0,NA,1,2,0.500,1.0,26,5.0%,0.81,0,NA,NA,NA,NA,NA,0.038,NA,21,vs HOU,26,·,8.5,-5.4
3,9484,Tucker Kraft,TE,24.9,GB,26.0,26,26,5.9,4.4,2.9,1,1,1,65,57,0,0.0%,0,0,0,0,0,0,0.00,0,0,0,0,0.00,0.00,3,0,1,1,0,4,29,29,9.7,7.3,0,0,0,29,0,NA,0,0,88.0%,NA,NA,NA,0,NA,1,4,0.250,1.0,20,16.0%,1.45,0,NA,NA,NA,NA,NA,0.050,NA,29,@ CLE,19,·,10.7,-4.8
3,8148,Jameson Williams,WR,24.5,DET,59.0,55,48,6.3,5.3,4.3,1,1,1,68,62,0,0.0%,0,0,0,0,0,0,0.00,0,0,0,0,0.00,0.00,2,39,0,2,0,3,4,43,21.5,14.3,0,0,0,43,0,NA,0,0,91.0%,NA,NA,NA,0,NA,2,3,0.667,2.0,26,10.7%,1.65,0,NA,NA,NA,NA,NA,0.077,NA,43,@ BAL,2,·,11.6,-5.3
3,8151,Kenneth Walker III,RB,24.9,SEA,10.0,10,9,18,17.5,17,1,1,1,57,30,0,0.0%,0,0,0,0,0,0,0.00,38,0,0,0,0.00,0.00,1,2,0,1,0,1,10,12,12.0,12.0,16,2,2,50,2,37,38,2.38,53.0%,5,2.30,0.313,4,0.543,5,17,0.294,5.0,NA,4.8%,NA,0,NA,NA,NA,NA,NA,NA,NA,50,vs NO,11,·,18.7,-0.7
3,10859,Sam LaPorta,TE,24.7,DET,22.0,22,24,7.3,5.3,3.3,1,1,1,68,57,0,0.0%,0,0,0,0,0,0,0.00,0,0,0,0,0.00,0.00,4,25,0,3,0,4,8,33,8.3,8.3,0,0,0,33,0,NA,0,0,84.0%,NA,NA,NA,0,NA,3,4,0.750,3.0,22,14.3%,1.50,0,NA,NA,NA,NA,NA,0.136,NA,33,@ BAL,10,·,12.0,-4.7
3,3163,Jared Goff,QB,30.9,DET,23.0,23,23,12.68,12.68,12.68,1,1,1,68,68,1,71.4%,133,28,20,10,8,0,103.60,208,0,1,202,7.21,10.10,0,0,0,0,0,0,0,0,0.0,0.0,4,0,1,6,0,NA,6,1.5,100.0%,NA,NA,NA,1,NA,12,32,NA,NA,NA,NA,NA,11,39.3%,2.93,3.6%,40.0%,7.6,NA,30,208,@ BAL,2,·,20.3,-7.6
3,11565,J.J. McCarthy,QB,22.7,MIN,0.0,0,0,0,0,0,0,0,0,0,0,0,0.0%,0,0,0,0,0,0,0.00,0,0,0,0,0.00,0.00,0,0,0,0,0,0,0,0,0.0,0.0,0,0,0,0,0,NA,0,0,0.0%,NA,NA,NA,0,NA,0,0,NA,NA,NA,NA,NA,0,NA,NA,NA,NA,NA,NA,NA,0,vs CIN,7,OUT,OUT,OUT
3,3294,Dak Prescott,QB,32.2,DAL,17.0,17,17,14.04,14.04,14.04,1,1,1,74,64,0,77.5%,141,40,31,11,9,2,80.30,251,2,1,251,6.28,8.10,0,0,0,0,0,0,0,0,0.0,0.0,0,0,0,0,0,NA,0,0,86.0%,NA,NA,NA,0,NA,12,40,NA,NA,NA,NA,NA,12,30.0%,2.98,5.0%,28.6%,4.9,NA,42,251,@ CHI,15,·,21.3,-7.3
3,11624,Xavier Worthy,WR,22.4,KC,0.0,0,0,0,0,0,0,0,0,0,0,0,0.0%,0,0,0,0,0,0,0.00,0,0,0,0,0.00,0.00,0,0,0,0,0,0,0,0,0.0,0.0,0,0,0,0,0,NA,0,0,0.0%,NA,NA,NA,0,NA,0,0,NA,NA,NA,NA,NA,0,NA,NA,NA,NA,NA,NA,NA,0,@ NYG,3,·,DNP,DNP
3,11638,Ricky Pearsall,WR,25.0,SF,11.0,14,18,19.7,15.7,11.7,1,1,1,65,63,0,0.0%,0,0,0,0,0,0,0.00,0,0,0,0,0.00,0.00,8,107,0,6,0,11,10,117,14.6,10.6,0,0,0,117,0,NA,0,0,97.0%,NA,NA,NA,0,NA,6,11,0.545,6.0,41,26.8%,2.85,0,NA,NA,NA,NA,NA,0.146,NA,117,vs ARI,14,OUT,13.7,6.0
3,12508,Jaxson Dart,QB,22.4,NYG,37.0,37,37,0.3,0.3,0.3,1,1,0,66,3,0,0.0%,0,0,0,0,0,0,0.00,3,0,0,0,0.00,0.00,0,0,0,0,0,0,0,0,0.0,0.0,1,0,0,3,0,NA,3,3,5.0%,NA,NA,NA,0,NA,0,1,NA,NA,NA,NA,NA,0,NA,0.00,0.0%,0.0%,0.0,NA,1,3,vs KC,30,Q,Q,Q
3,7523,Trevor Lawrence,QB,26.0,JAX,28.0,28,28,8.78,8.78,8.78,1,1,1,70,70,0,50.0%,103,40,20,10,20,1,56.50,231,2,0,222,5.55,11.10,0,0,0,0,0,0,0,0,0.0,0.0,2,1,1,9,0,NA,9,4.5,100.0%,NA,NA,NA,1,NA,11,42,NA,NA,NA,NA,NA,10,25.0%,2.57,10.0%,25.6%,7.7,NA,43,231,vs HOU,32,·,19.0,-10.2
3,8137,George Pickens,WR,24.6,DAL,16.0,16,12,17.8,15.3,12.8,1,1,1,74,61,0,0.0%,0,0,0,0,0,0,0.00,0,0,0,0,0.00,0.00,5,44,1,4,1,9,24,68,13.6,7.6,0,0,0,68,0,NA,0,0,82.0%,NA,NA,NA,0,NA,5,9,0.556,5.0,39,20.0%,1.74,0,NA,NA,NA,NA,NA,0.103,NA,68,@ CHI,23,·,11.0,6.8
3,7525,DeVonta Smith,WR,26.8,PHI,9.0,13,16,20,16,12,1,1,1,67,64,0,0.0%,0,0,0,0,0,0,0.00,0,0,0,0,0.00,0.00,8,54,0,2,1,9,6,60,7.5,6.7,0,0,0,60,0,NA,0,0,96.0%,NA,NA,NA,0,NA,3,9,0.333,3.0,36,28.1%,1.67,0,NA,NA,NA,NA,NA,0.056,NA,60,vs LAR,12,·,12.4,7.6
3,9756,Jordan Addison,WR,23.6,MIN,999.0,999,999,0,0,0,1,0,0,0,0,0,0.0%,0,0,0,0,0,0,0.00,0,0,0,0,0.00,0.00,0,0,0,0,0,0,0,0,0.0,0.0,0,0,0,0,0,NA,0,0,0.0%,NA,NA,NA,0,NA,0,0,NA,NA,NA,NA,NA,0,NA,NA,NA,NA,NA,NA,NA,0,vs CIN,11,·,DNP,DNP
3,5846,DK Metcalf,WR,27.8,PIT,32.0,30,27,12.2,10.7,9.2,1,1,1,54,48,0,0.0%,0,0,0,0,0,0,0.00,0,0,0,0,0.00,0.00,3,9,0,1,1,4,23,32,10.7,8.0,0,0,0,32,0,NA,0,0,89.0%,NA,NA,NA,0,NA,2,4,0.500,2.0,22,17.4%,1.45,0,NA,NA,NA,NA,NA,0.045,NA,32,@ NE,7,·,15.6,-3.4
3,7594,Chuba Hubbard,RB,26.3,CAR,29.0,29,28,9.6,8.6,7.6,1,1,1,58,36,0,0.0%,0,0,0,0,0,0,0.00,73,0,0,0,0.00,0.00,2,-6,0,0,0,3,9,3,1.5,1.0,17,0,2,76,0,60,73,4.29,62.0%,5,3.50,0.294,2,0.644,2,20,0.100,2.0,NA,12.5%,NA,0,NA,NA,NA,NA,NA,NA,NA,76,vs ATL,32,OUT,15.9,-6.3
3,12501,Matthew Golden,WR,22.1,GB,37.0,37,38,10.1,8.1,6.1,1,1,1,65,46,0,0.0%,0,0,0,0,0,0,0.00,9,0,0,0,0.00,0.00,4,34,0,1,0,4,18,52,13.0,13.0,3,1,0,61,0,NA,9,3,71.0%,NA,NA,NA,0,NA,1,7,0.143,1.0,26,16.0%,2.00,0,NA,NA,NA,NA,NA,0.038,NA,61,@ CLE,8,·,9.1,1.0
3,7543,Travis Etienne,RB,26.6,JAX,21.0,18,15,11.6,11.6,11.6,1,1,1,70,38,0,0.0%,0,0,0,0,0,0,0.00,56,0,0,0,0.00,0.00,0,0,1,0,0,2,0,0,0.0,0.0,16,0,1,56,1,50,56,3.5,54.0%,6,3.10,0.375,2,0.685,2,18,0.111,2.0,NA,5.0%,NA,0,NA,NA,NA,NA,NA,NA,NA,56,vs HOU,20,·,12.7,-1.1
3,12489,RJ Harvey,RB,24.6,DEN,50.0,51,62,4.6,3.1,1.6,1,1,1,52,15,0,0.0%,0,0,0,0,0,0,0.00,2,0,0,0,0.00,0.00,3,-6,0,0,0,3,20,14,4.7,4.7,2,0,0,16,0,4,2,1,29.0%,1,1.80,0.500,0,0.680,0,5,0.000,0.0,NA,12.0%,NA,0,NA,NA,NA,NA,NA,NA,NA,16,@ LAC,25,·,7.0,-2.4
3,8144,Chris Olave,WR,25.2,NO,19.0,31,40,15.7,10.7,5.7,1,1,1,73,62,0,0.0%,0,0,0,0,0,0,0.00,0,0,0,0,0.00,0.00,10,30,0,4,0,14,27,57,5.7,4.1,0,0,0,57,0,NA,0,0,85.0%,NA,NA,NA,0,NA,4,14,0.286,4.0,40,34.1%,1.43,0,NA,NA,NA,NA,NA,0.100,NA,57,@ SEA,17,·,14.0,1.7
3,11637,Keon Coleman,WR,22.4,BUF,69.0,73,82,5,3.5,2,1,1,1,60,45,0,0.0%,0,0,0,0,0,0,0.00,0,0,0,0,0.00,0.00,3,5,0,1,0,4,15,20,6.7,5.0,0,0,0,20,0,NA,0,0,75.0%,NA,NA,NA,0,NA,1,4,0.250,1.0,25,14.3%,0.80,0,NA,NA,NA,NA,NA,0.040,NA,20,vs MIA,21,·,11.7,-6.7
3,4217,George Kittle,TE,32.0,SF,999.0,999,999,0,0,0,1,0,0,0,0,0,0.0%,0,0,0,0,0,0,0.00,0,0,0,0,0.00,0.00,0,0,0,0,0,0,0,0,0.0,0.0,0,0,0,0,0,NA,0,0,0.0%,NA,NA,NA,0,NA,0,0,NA,NA,NA,NA,NA,0,NA,NA,NA,NA,NA,NA,NA,0,vs ARI,12,IR,IR,IR
3,12517,Colston Loveland,TE,21.4,CHI,35.0,32,25,4.1,3.6,3.1,1,1,1,59,6,0,0.0%,0,0,0,0,0,0,0.00,0,0,0,0,0.00,0.00,1,17,0,1,0,3,14,31,31.0,10.3,0,0,0,31,0,NA,0,0,10.0%,NA,NA,NA,0,NA,1,3,0.333,1.0,5,10.7%,6.20,0,NA,NA,NA,NA,NA,0.200,NA,31,vs DAL,9,OUT,3.1,1.0
3,5927,Terry McLaurin,WR,30.0,WAS,36.0,34,33,10.4,8.9,7.4,1,1,1,58,35,0,0.0%,0,0,0,0,0,0,0.00,0,0,0,0,0.00,0.00,3,52,0,3,0,4,22,74,24.7,18.5,0,0,0,74,0,NA,0,0,60.0%,NA,NA,NA,0,NA,3,4,0.750,3.0,12,19.0%,6.17,0,NA,NA,NA,NA,NA,0.250,NA,74,vs LV,4,OUT,14.9,-4.5
3,7526,Jaylen Waddle,WR,26.8,MIA,21.0,23,23,14.9,12.4,9.9,1,1,1,61,53,0,0.0%,0,0,0,0,0,0,0.00,0,0,0,0,0.00,0.00,5,21,0,3,1,6,18,39,7.8,6.5,0,0,0,39,0,NA,0,0,87.0%,NA,NA,NA,0,NA,4,6,0.667,4.0,30,17.6%,1.30,0,NA,NA,NA,NA,NA,0.100,NA,39,@ BUF,20,·,11.6,3.3
3,12533,Jacory Croskey-Merritt,RB,24.4,WAS,26.0,26,22,10.1,9.6,9.1,1,1,0,58,23,0,0.0%,0,0,0,0,0,0,0.00,26,0,0,0,0.00,0.00,1,-6,0,0,0,1,11,5,5.0,5.0,8,3,1,31,1,25,26,3.25,40.0%,2,3.10,0.250,2,0.560,2,9,0.222,2.0,NA,4.8%,NA,0,NA,NA,NA,NA,NA,NA,NA,31,vs LV,10,·,13.2,-3.1
3,5870,Daniel Jones,QB,28.3,IND,11.0,11,11,15.82,15.82,15.82,1,1,1,57,50,0,72.0%,108,25,18,9,7,0,113.40,255,0,1,228,9.12,12.67,0,0,0,0,0,0,0,0,0.0,0.0,4,1,2,27,0,NA,27,6.75,88.0%,NA,NA,NA,2,NA,12,29,NA,NA,NA,NA,NA,10,40.0%,2.81,8.0%,25.0%,7.2,NA,28,255,@ TEN,23,·,18.4,-2.6
3,7588,Javonte Williams,RB,25.4,DAL,20.0,25,30,12.2,9.7,7.2,1,1,1,74,44,1,0.0%,0,0,0,0,0,0,0.00,76,0,0,0,0.00,0.00,5,-16,0,1,0,5,32,16,3.2,3.2,10,1,4,92,0,61,76,7.6,59.0%,5,6.10,0.500,4,1.110,5,15,0.333,5.0,NA,11.1%,NA,0,NA,NA,NA,NA,NA,NA,NA,92,@ CHI,7,·,16.4,-4.2
3,5045,Courtland Sutton,WR,30.0,DEN,3.0,2,2,23.8,20.8,17.8,1,1,1,52,42,0,0.0%,0,0,0,0,0,0,0.00,0,0,0,0,0.00,0.00,6,84,0,4,1,8,34,118,19.7,14.8,0,0,0,118,0,NA,0,0,81.0%,NA,NA,NA,0,NA,5,8,0.625,5.0,27,32.0%,4.37,0,NA,NA,NA,NA,NA,0.148,NA,118,@ LAC,25,·,12.4,11.4
3,7591,Justin Fields,QB,26.6,NYJ,0.0,0,0,0,0,0,0,0,0,0,0,0,0.0%,0,0,0,0,0,0,0.00,0,0,0,0,0.00,0.00,0,0,0,0,0,0,0,0,0.0,0.0,0,0,0,0,0,NA,0,0,0.0%,NA,NA,NA,0,NA,0,0,NA,NA,NA,NA,NA,0,NA,NA,NA,NA,NA,NA,NA,0,@ TB,4,·,DNP,DNP
3,9228,Bryce Young,QB,24.2,CAR,27.0,27,27,11.64,11.64,11.64,1,1,1,58,57,0,66.7%,45,24,16,7,8,0,78.60,129,1,0,121,5.04,7.56,0,0,0,0,0,0,0,0,0.0,0.0,2,0,1,8,1,NA,8,4,98.0%,NA,NA,NA,2,NA,9,26,NA,NA,NA,NA,NA,7,29.2%,2.66,4.2%,25.9%,5.8,NA,27,129,vs ATL,31,·,18.2,-6.6
3,12506,Harold Fannin,TE,21.2,CLE,30.0,28,30,5.5,4,2.5,1,1,0,66,42,0,0.0%,0,0,0,0,0,0,0.00,0,0,0,0,0.00,0.00,3,3,0,1,0,4,22,25,8.3,6.3,0,0,0,25,0,NA,0,0,64.0%,NA,NA,NA,0,NA,1,4,0.250,1.0,19,11.1%,1.32,0,NA,NA,NA,NA,NA,0.053,NA,25,vs GB,17,·,9.7,-4.2
3,4983,D.J. Moore,WR,28.4,CHI,29.0,29,29,12.8,10.8,8.8,1,1,1,59,53,0,0.0%,0,0,0,0,0,0,0.00,7,0,0,0,0.00,0.00,4,14,0,1,1,5,7,21,5.3,4.2,3,0,0,28,0,NA,7,2.33,90.0%,NA,NA,NA,0,NA,2,8,0.250,2.0,26,17.9%,0.81,0,NA,NA,NA,NA,NA,0.038,NA,28,vs DAL,1,·,12.6,0.2
3,2216,Mike Evans,WR,32.1,TB,28.0,27,26,13.3,11.3,9.3,1,1,1,72,52,0,0.0%,0,0,0,0,0,0,0.00,0,0,0,0,0.00,0.00,4,27,2,2,1,8,6,33,8.3,4.1,0,0,0,33,0,NA,0,0,72.0%,NA,NA,NA,0,NA,3,8,0.375,3.0,24,31.0%,1.38,0,NA,NA,NA,NA,NA,0.083,NA,33,vs NYJ,13,OUT,15.5,-2.2
3,8408,Jordan Mason,RB,26.3,MIN,7.0,4,3,23.6,23.6,23.6,1,1,1,60,36,0,0.0%,0,0,0,0,0,0,0.00,116,0,0,0,0.00,0.00,0,0,0,0,0,0,0,0,0.0,0.0,16,3,5,116,2,64,116,7.25,60.0%,6,4.00,0.375,7,0.775,7,16,0.438,7.0,NA,0.0%,NA,0,NA,NA,NA,NA,NA,NA,NA,116,vs CIN,1,·,16.7,6.9
3,12481,Cam Skattebo,RB,23.6,NYG,5.0,6,6,24.1,21.1,18.1,1,1,0,66,39,0,0.0%,0,0,0,0,0,0,0.00,60,0,0,0,0.00,0.00,6,6,0,4,0,8,55,61,10.2,7.6,10,3,3,121,1,46,60,6,59.0%,7,4.60,0.700,4,1.160,8,18,0.444,8.0,NA,25.0%,NA,0,NA,NA,NA,NA,NA,NA,NA,121,vs KC,22,·,10.2,13.9
3,2133,Davante Adams,WR,32.7,LAR,24.0,21,20,14.6,13.1,11.6,1,1,1,66,57,0,0.0%,0,0,0,0,0,0,0.00,0,0,0,0,0.00,0.00,3,56,0,0,1,8,0,56,18.7,7.0,0,0,0,56,0,NA,0,0,86.0%,NA,NA,NA,0,NA,1,8,0.125,1.0,34,23.5%,1.65,0,NA,NA,NA,NA,NA,0.000,NA,56,@ PHI,15,·,16.3,-1.7
3,4035,Alvin Kamara,RB,30.2,NO,40.0,37,32,6.6,6.1,5.6,1,1,1,73,54,0,0.0%,0,0,0,0,0,0,0.00,42,0,0,0,0.00,0.00,1,-3,0,1,0,2,17,14,14.0,7.0,18,0,3,56,0,32,42,2.33,74.0%,1,1.80,0.056,3,0.236,4,20,0.200,4.0,NA,4.9%,NA,0,NA,NA,NA,NA,NA,NA,NA,56,@ SEA,18,·,13.4,-6.8
3,9753,Zach Charbonnet,RB,24.7,SEA,0.0,0,0,0,0,0,0,0,0,0,0,0,0.0%,0,0,0,0,0,0,0.00,0,0,0,0,0.00,0.00,0,0,0,0,0,0,0,0,0.0,0.0,0,0,0,0,0,NA,0,0,0.0%,NA,NA,NA,0,NA,0,0,NA,NA,NA,NA,NA,0,NA,NA,NA,NA,NA,NA,NA,0,vs NO,11,·,DNP,DNP
3,9754,Quentin Johnston,WR,24.0,LAC,22.0,24,28,14.9,11.9,8.9,1,1,1,86,75,0,0.0%,0,0,0,0,0,0,0.00,0,0,0,0,0.00,0.00,6,45,0,4,0,10,44,89,14.8,8.9,0,0,0,89,0,NA,0,0,87.0%,NA,NA,NA,0,NA,4,10,0.400,4.0,49,19.1%,1.82,0,NA,NA,NA,NA,NA,0.082,NA,89,vs DEN,27,·,10.8,4.1
3,12490,Bhayshul Tuten,RB,22.6,JAX,34.0,30,25,8.1,8.1,8.1,1,1,0,70,12,0,0.0%,0,0,0,0,0,0,0.00,21,0,0,0,0.00,0.00,0,0,0,0,0,1,0,0,0.0,0.0,6,2,1,21,1,21,21,3.5,17.0%,3,3.50,0.500,2,0.850,2,7,0.286,2.0,NA,2.5%,NA,0,NA,NA,NA,NA,NA,NA,NA,21,vs HOU,20,·,7.6,0.5
3,11589,Trey Benson,RB,23.2,ARI,33.0,34,37,8.1,6.6,5.1,1,1,0,66,40,0,0.0%,0,0,0,0,0,0,0.00,42,0,0,0,0.00,0.00,3,-1,0,0,0,4,10,9,3.0,2.3,10,2,2,51,0,42,42,4.2,61.0%,4,4.20,0.400,2,0.820,2,14,0.143,2.0,NA,11.4%,NA,0,NA,NA,NA,NA,NA,NA,NA,51,@ SF,14,IR,8.8,-0.7
3,5947,Jakobi Meyers,WR,28.9,LV,40.0,39,37,9.3,7.8,6.3,1,1,1,66,62,0,0.0%,0,0,0,0,0,0,0.00,0,0,0,0,0.00,0.00,3,39,0,1,0,4,24,63,21.0,15.8,0,0,0,63,0,NA,0,0,94.0%,NA,NA,NA,0,NA,1,4,0.250,1.0,34,13.8%,1.85,0,NA,NA,NA,NA,NA,0.029,NA,63,@ WAS,10,·,14.3,-5.0
3,8228,Jaylen Warren,RB,26.9,PIT,18.0,20,26,13.1,10.6,8.1,1,1,1,54,43,0,0.0%,0,0,0,0,0,0,0.00,47,0,0,0,0.00,0.00,5,-15,1,1,0,6,49,34,6.8,5.7,18,4,5,81,0,47,47,2.61,80.0%,12,2.60,0.667,5,0.927,6,24,0.250,6.0,NA,26.1%,NA,0,NA,NA,NA,NA,NA,NA,NA,81,@ NE,27,OUT,14.5,-1.4
3,6819,Michael Pittman,WR,28.0,IND,13.0,11,10,19.3,16.3,13.3,1,1,1,57,46,0,0.0%,0,0,0,0,0,0,0.00,0,0,0,0,0.00,0.00,6,32,0,3,1,6,41,73,12.2,12.2,0,0,0,73,0,NA,0,0,81.0%,NA,NA,NA,0,NA,4,6,0.667,4.0,23,24.0%,3.17,0,NA,NA,NA,NA,NA,0.130,NA,73,@ TEN,9,·,10.6,8.7
3,6783,Jerry Jeudy,WR,26.4,CLE,94.0,90,84,2.7,2.2,1.7,1,1,1,66,55,0,0.0%,0,0,0,0,0,0,0.00,0,0,0,0,0.00,0.00,1,17,0,1,0,5,0,17,17.0,3.4,0,0,0,17,0,NA,0,0,83.0%,NA,NA,NA,0,NA,1,5,0.200,1.0,33,13.9%,0.52,0,NA,NA,NA,NA,NA,0.030,NA,17,vs GB,28,·,11.9,-9.2
3,10236,Dalton Kincaid,TE,25.9,BUF,4.0,3,3,17.6,15.1,12.6,1,1,1,60,33,0,0.0%,0,0,0,0,0,0,0.00,0,0,0,0,0.00,0.00,5,23,0,3,1,6,43,66,13.2,11.0,0,0,0,66,0,NA,0,0,55.0%,NA,NA,NA,0,NA,4,6,0.667,4.0,18,21.4%,3.67,0,NA,NA,NA,NA,NA,0.167,NA,66,vs MIA,6,·,7.6,10.0
3,12499,Elic Ayomanor,WR,22.3,TEN,27.0,25,24,13.8,11.8,9.8,1,1,1,70,52,0,0.0%,0,0,0,0,0,0,0.00,0,0,0,0,0.00,0.00,4,31,0,2,1,5,7,38,9.5,7.6,0,0,0,38,0,NA,0,0,74.0%,NA,NA,NA,0,NA,3,5,0.600,3.0,32,13.2%,1.19,0,NA,NA,NA,NA,NA,0.063,NA,38,vs IND,5,·,10.7,3.1
3,4943,Sam Darnold,QB,28.3,SEA,10.0,10,10,16.72,16.72,16.72,1,1,1,57,39,0,77.8%,155,18,14,8,4,0,154.20,218,0,2,218,12.11,15.57,0,0,0,0,0,0,0,0,0.0,0.0,0,0,0,0,0,NA,0,0,68.0%,NA,NA,NA,0,NA,10,18,NA,NA,NA,NA,NA,10,55.6%,2.82,11.1%,16.7%,10.5,NA,18,218,vs NO,5,·,19.4,-2.7
3,5872,Deebo Samuel,WR,29.7,WAS,71.0,70,66,4.9,3.9,2.9,1,1,0,58,25,0,0.0%,0,0,0,0,0,0,0.00,18,0,0,0,0.00,0.00,2,-12,1,0,0,3,23,11,5.5,3.7,3,1,0,29,0,NA,18,6,43.0%,NA,NA,NA,0,NA,0,6,0.000,0.0,9,14.3%,1.22,0,NA,NA,NA,NA,NA,0.000,NA,29,vs LV,4,·,15.2,-10.3
3,3321,Tyreek Hill,WR,31.6,MIA,18.0,19,21,15.9,13.4,10.9,1,1,1,61,53,0,0.0%,0,0,0,0,0,0,0.00,0,0,0,0,0.00,0.00,5,36,0,4,1,10,13,49,9.8,4.9,0,0,0,49,0,NA,0,0,87.0%,NA,NA,NA,0,NA,5,10,0.500,5.0,32,29.4%,1.53,0,NA,NA,NA,NA,NA,0.125,NA,49,@ BUF,20,IR,14.8,1.1
3,7553,Kyle Pitts,TE,25.0,ATL,20.0,21,21,7.9,5.9,3.9,1,1,1,66,54,0,0.0%,0,0,0,0,0,0,0.00,0,0,0,0,0.00,0.00,4,14,0,2,0,6,25,39,9.8,6.5,0,0,0,39,0,NA,0,0,82.0%,NA,NA,NA,0,NA,2,6,0.333,2.0,42,14.0%,0.93,0,NA,NA,NA,NA,NA,0.048,NA,39,@ CAR,2,·,9.1,-1.2
3,12519,Luther Burden,WR,21.8,CHI,10.0,6,4,19.8,18.3,16.8,1,1,0,59,17,0,0.0%,0,0,0,0,0,0,0.00,7,0,0,0,0.00,0.00,3,64,0,1,1,3,37,101,33.7,33.7,1,1,1,108,0,NA,7,7,29.0%,NA,NA,NA,1,NA,3,4,0.750,3.0,8,10.7%,12.63,0,NA,NA,NA,NA,NA,0.125,NA,108,vs DAL,1,·,2.5,17.3
3,5892,David Montgomery,RB,28.3,DET,2.0,2,2,29.4,28.9,28.4,1,1,0,68,25,0,0.0%,0,0,0,0,0,0,0.00,151,0,0,0,0.00,0.00,1,4,0,1,0,1,9,13,13.0,13.0,12,0,4,164,2,96,151,12.58,37.0%,8,8.00,0.667,6,1.467,7,13,0.538,7.0,NA,3.6%,NA,0,NA,NA,NA,NA,NA,NA,NA,164,@ BAL,2,·,11.8,17.6
3,5967,Tony Pollard,RB,28.4,TEN,16.0,15,14,13.9,12.9,11.9,1,1,1,70,64,0,0.0%,0,0,0,0,0,0,0.00,45,0,0,0,0.00,0.00,2,3,0,0,0,4,11,14,7.0,3.5,16,0,5,59,1,53,45,2.81,91.0%,2,3.30,0.125,6,0.455,6,20,0.300,6.0,NA,10.5%,NA,0,NA,NA,NA,NA,NA,NA,NA,59,vs IND,24,·,14.9,-1.0
3,6790,D'Andre Swift,RB,26.7,CHI,23.0,27,27,10.8,9.3,7.8,1,1,1,59,36,0,0.0%,0,0,0,0,0,0,0.00,33,0,0,0,0.00,0.00,3,-17,0,1,0,4,62,45,15.0,11.3,13,0,4,78,0,39,33,2.54,61.0%,3,3.00,0.231,4,0.531,5,17,0.294,5.0,NA,14.3%,NA,0,NA,NA,NA,NA,NA,NA,NA,78,vs DAL,5,·,13.7,-2.9
3,9500,Josh Downs,WR,24.1,IND,65.0,62,60,5.4,4.4,3.4,1,1,1,57,29,0,0.0%,0,0,0,0,0,0,0.00,0,0,0,0,0.00,0.00,2,32,0,1,0,3,2,34,17.0,11.3,0,0,0,34,0,NA,0,0,51.0%,NA,NA,NA,0,NA,1,3,0.333,1.0,16,12.0%,2.13,0,NA,NA,NA,NA,NA,0.063,NA,34,@ TEN,9,·,9.8,-4.4
3,5844,T.J. Hockenson,TE,28.2,MIN,5.0,5,4,15.9,13.4,10.9,1,1,1,60,41,0,0.0%,0,0,0,0,0,0,0.00,0,0,0,0,0.00,0.00,5,31,0,3,1,6,18,49,9.8,8.2,0,0,0,49,0,NA,0,0,68.0%,NA,NA,NA,0,NA,4,6,0.667,4.0,19,25.0%,2.58,0,NA,NA,NA,NA,NA,0.158,NA,49,vs CIN,1,·,10.2,5.7
3,12484,Jayden Higgins,WR,22.8,HOU,113.0,114,112,1.5,1,0.5,1,1,0,63,28,0,0.0%,0,0,0,0,0,0,0.00,0,0,0,0,0.00,0.00,1,5,0,1,0,1,0,5,5.0,5.0,0,0,0,5,0,NA,0,0,44.0%,NA,NA,NA,0,NA,1,1,1.000,1.0,14,2.6%,0.36,0,NA,NA,NA,NA,NA,0.071,NA,5,@ JAX,24,·,4.3,-2.8
3,6803,Brandon Aiyuk,WR,27.5,SF,999.0,999,999,0,0,0,1,0,0,0,0,0,0.0%,0,0,0,0,0,0,0.00,0,0,0,0,0.00,0.00,0,0,0,0,0,0,0,0,0.0,0.0,0,0,0,0,0,NA,0,0,0.0%,NA,NA,NA,0,NA,0,0,NA,NA,NA,NA,NA,0,NA,NA,NA,NA,NA,NA,NA,0,vs ARI,14,PUP,PUP,PUP
3,6806,J.K. Dobbins,RB,26.8,DEN,14.0,12,11,15.3,14.8,14.3,1,1,0,52,35,0,0.0%,0,0,0,0,0,0,0.00,83,0,0,0,0.00,0.00,1,-6,0,0,0,2,6,0,0.0,0.0,11,1,2,83,1,80,83,7.55,67.0%,4,7.30,0.364,3,1.094,3,13,0.231,3.0,NA,8.0%,NA,0,NA,NA,NA,NA,NA,NA,NA,83,@ LAC,25,·,13.7,1.6
3,10222,Jayden Reed,WR,25.4,GB,999.0,999,999,0,0,0,1,0,0,0,0,0,0.0%,0,0,0,0,0,0,0.00,0,0,0,0,0.00,0.00,0,0,0,0,0,0,0,0,0.0,0.0,0,0,0,0,0,NA,0,0,0.0%,NA,NA,NA,0,NA,0,0,NA,NA,NA,NA,NA,0,NA,NA,NA,NA,NA,NA,NA,0,@ CLE,8,IR,IR,IR
3,11627,Troy Franklin,WR,22.6,DEN,91.0,94,101,2.8,1.8,0.8,1,1,1,52,41,0,0.0%,0,0,0,0,0,0,0.00,0,0,0,0,0.00,0.00,2,-7,0,0,0,4,15,8,4.0,2.0,0,0,0,8,0,NA,0,0,79.0%,NA,NA,NA,0,NA,0,4,0.000,0.0,25,16.0%,0.32,0,NA,NA,NA,NA,NA,0.000,NA,8,@ LAC,25,·,10.3,-7.5
3,8134,Khalil Shakir,WR,25.6,BUF,26.0,22,22,14.5,12.5,10.5,1,1,1,60,42,0,0.0%,0,0,0,0,0,0,0.00,0,0,0,0,0.00,0.00,4,0,0,1,1,4,45,45,11.3,11.3,0,0,0,45,0,NA,0,0,70.0%,NA,NA,NA,0,NA,2,4,0.500,2.0,24,14.3%,1.88,0,NA,NA,NA,NA,NA,0.042,NA,45,vs MIA,21,·,9.9,4.6
3,4137,James Conner,RB,30.4,ARI,39.0,44,45,6.7,5.2,3.7,1,1,1,66,20,1,0.0%,0,0,0,0,0,0,0.00,22,0,0,0,0.00,0.00,3,-15,0,1,0,4,30,15,5.0,3.8,9,2,3,37,0,15,22,2.44,30.0%,5,1.70,0.556,3,0.726,4,13,0.308,4.0,NA,11.4%,NA,0,NA,NA,NA,NA,NA,NA,NA,37,@ SF,14,IR,13.9,-7.2
3,12469,Dylan Sampson,RB,21.0,CLE,74.0,74,74,0.2,0.2,0.2,1,1,0,66,5,0,0.0%,0,0,0,0,0,0,0.00,2,0,0,0,0.00,0.00,0,0,0,0,0,0,0,0,0.0,0.0,1,0,0,2,0,NA,2,2,8.0%,NA,NA,NA,0,NA,0,1,0.000,0.0,NA,NA,NA,0,NA,NA,NA,NA,NA,NA,NA,2,vs GB,31,·,8.5,-8.3
3,12504,Kaleb Johnson,RB,22.1,PIT,999.0,999,999,0,0,0,1,0,0,54,0,0,0.0%,0,0,0,0,0,0,0.00,0,0,0,0,0.00,0.00,0,0,0,0,0,0,0,0,0.0,0.0,0,0,0,0,0,NA,0,0,0.0%,NA,NA,NA,0,NA,0,0,NA,NA,NA,NA,NA,0,NA,NA,NA,NA,NA,NA,NA,0,@ NE,27,·,1.0,-1.0
3,4037,Chris Godwin,WR,29.6,TB,0.0,0,0,0,0,0,0,0,0,0,0,0,0.0%,0,0,0,0,0,0,0.00,0,0,0,0,0.00,0.00,0,0,0,0,0,0,0,0,0.0,0.0,0,0,0,0,0,NA,0,0,0.0%,NA,NA,NA,0,NA,0,0,NA,NA,NA,NA,NA,0,NA,NA,NA,NA,NA,NA,NA,0,vs NYJ,13,·,DNP,DNP
3,8110,Jake Ferguson,TE,26.7,DAL,3.0,4,7,21.2,14.7,8.2,1,1,0,74,42,0,0.0%,0,0,0,0,0,0,0.00,0,0,0,0,0.00,0.00,13,37,0,2,0,14,45,82,6.3,5.9,0,0,0,82,0,NA,0,0,57.0%,NA,NA,NA,0,NA,2,14,0.143,2.0,28,31.1%,2.93,0,NA,NA,NA,NA,NA,0.071,NA,82,@ CHI,21,·,10.6,10.6
3,8131,Isaiah Likely,TE,25.4,BAL,0.0,0,0,0,0,0,0,0,0,0,0,0,0.0%,0,0,0,0,0,0,0.00,0,0,0,0,0.00,0.00,0,0,0,0,0,0,0,0,0.0,0.0,0,0,0,0,0,NA,0,0,0.0%,NA,NA,NA,0,NA,0,0,NA,NA,NA,NA,NA,0,NA,NA,NA,NA,NA,NA,NA,0,vs DET,18,·,DNP,DNP
3,7049,Jauan Jennings,WR,28.2,SF,0.0,0,0,0,0,0,0,0,0,0,0,0,0.0%,0,0,0,0,0,0,0.00,0,0,0,0,0.00,0.00,0,0,0,0,0,0,0,0,0.0,0.0,0,0,0,0,0,NA,0,0,0.0%,NA,NA,NA,0,NA,0,0,NA,NA,NA,NA,NA,0,NA,NA,NA,NA,NA,NA,NA,0,vs ARI,14,OUT,OUT,OUT
3,12535,Isaac TeSlaa,WR,23.6,DET,999.0,999,999,0,0,0,1,1,1,68,14,0,0.0%,0,0,0,0,0,0,0.00,0,0,0,0,0.00,0.00,0,0,0,0,0,2,0,0,0.0,0.0,0,0,0,0,0,NA,0,0,21.0%,NA,NA,NA,0,NA,0,2,0.000,0.0,NA,NA,NA,0,NA,NA,NA,NA,NA,NA,NA,0,@ BAL,2,·,3.0,-3.0
3,4981,Calvin Ridley,WR,30.8,TEN,82.0,78,69,3.7,3.2,2.7,1,1,1,70,61,0,0.0%,0,0,0,0,0,0,0.00,0,0,0,0,0.00,0.00,1,18,1,1,0,7,9,27,27.0,3.9,0,0,0,27,0,NA,0,0,87.0%,NA,NA,NA,0,NA,1,7,0.143,1.0,36,18.4%,0.75,0,NA,NA,NA,NA,NA,0.028,NA,27,vs IND,5,·,12.5,-8.8
3,8126,Wan'Dale Robinson,WR,24.7,NYG,84.0,81,71,3.6,3.1,2.6,1,1,1,66,51,0,0.0%,0,0,0,0,0,0,0.00,0,0,0,0,0.00,0.00,1,23,0,1,0,4,3,26,26.0,6.5,0,0,0,26,0,NA,0,0,77.0%,NA,NA,NA,0,NA,1,4,0.250,1.0,26,12.5%,1.00,0,NA,NA,NA,NA,NA,0.038,NA,26,vs KC,31,·,13.0,-9.4
3,10444,Cedric Tillman,WR,25.4,CLE,62.0,64,70,5.6,4.1,2.6,1,1,1,66,49,0,0.0%,0,0,0,0,0,0,0.00,0,0,0,0,0.00,0.00,3,23,0,3,0,3,3,26,8.7,8.7,0,0,0,26,0,NA,0,0,74.0%,NA,NA,NA,0,NA,3,3,1.000,3.0,28,8.3%,0.93,0,NA,NA,NA,NA,NA,0.107,NA,26,vs GB,28,IR,9.8,-4.2
3,421,Matthew Stafford,QB,37.6,LAR,14.0,14,14,14.84,14.84,14.84,1,1,1,66,66,0,57.6%,139,33,19,8,14,1,82.40,196,1,2,196,5.94,10.32,0,0,0,0,0,0,0,0,0.0,0.0,0,0,0,0,0,NA,0,0,100.0%,NA,NA,NA,0,NA,10,33,NA,NA,NA,NA,NA,10,30.3%,2.71,9.1%,29.4%,8.1,NA,34,196,@ PHI,16,·,17.8,-3.0
3,6768,Tua Tagovailoa,QB,27.6,MIA,18.0,18,18,13.84,13.84,13.84,1,1,1,61,61,1,64.7%,29,34,22,9,12,1,81.30,156,0,2,146,4.29,6.64,0,0,0,0,0,0,0,0,0.0,0.0,2,0,1,10,0,NA,10,5,100.0%,NA,NA,NA,1,NA,12,36,NA,NA,NA,NA,NA,11,32.4%,2.98,2.9%,34.3%,5.5,NA,35,156,@ BUF,19,·,19.7,-5.9
3,12495,Ollie Gordon,RB,21.7,MIA,27.0,24,19,9.8,9.8,9.8,1,1,0,61,15,0,0.0%,0,0,0,0,0,0,0.00,38,0,0,0,0.00,0.00,0,0,0,0,0,0,0,0,0.0,0.0,9,4,3,38,1,44,38,4.22,25.0%,7,4.90,0.778,4,1.268,4,9,0.444,4.0,NA,0.0%,NA,0,NA,NA,NA,NA,NA,NA,NA,38,@ BUF,13,·,4.0,5.8
3,1373,Geno Smith,QB,35.0,LV,4.0,4,4,26.06,26.06,26.06,1,1,1,66,66,0,65.5%,199,29,19,9,10,0,132.70,294,5,3,289,9.97,15.21,0,0,0,0,0,0,0,0,0.0,0.0,2,0,2,5,0,NA,5,2.5,100.0%,NA,NA,NA,2,NA,14,31,NA,NA,NA,NA,NA,12,41.4%,3.82,10.3%,55.9%,10.4,NA,34,294,@ WAS,8,·,19.7,6.4
3,11576,Braelon Allen,RB,21.7,NYJ,38.0,39,40,6.7,5.7,4.7,1,1,0,69,23,0,0.0%,0,0,0,0,0,0,0.00,30,0,0,0,0.00,0.00,2,8,0,1,0,2,9,17,8.5,8.5,6,0,1,47,0,13,30,5,33.0%,2,2.20,0.333,1,0.553,2,8,0.250,2.0,NA,5.6%,NA,0,NA,NA,NA,NA,NA,NA,NA,47,@ TB,17,IR,5.1,1.6
3,4033,David Njoku,TE,29.2,CLE,16.0,19,19,9,6.5,4,1,1,1,66,50,0,0.0%,0,0,0,0,0,0,0.00,0,0,0,0,0.00,0.00,5,14,0,2,0,7,26,40,8.0,5.7,0,0,0,40,0,NA,0,0,76.0%,NA,NA,NA,0,NA,2,7,0.286,2.0,27,19.4%,1.48,0,NA,NA,NA,NA,NA,0.074,NA,40,vs GB,17,·,9.5,-0.5
3,9480,Brenton Strange,TE,24.7,JAX,7.0,10,15,12.1,9.1,6.1,1,1,1,70,58,0,0.0%,0,0,0,0,0,0,0.00,0,0,0,0,0.00,0.00,6,36,0,3,0,7,25,61,10.2,8.7,0,0,0,61,0,NA,0,0,83.0%,NA,NA,NA,0,NA,3,7,0.429,3.0,29,17.5%,2.10,0,NA,NA,NA,NA,NA,0.103,NA,61,vs HOU,28,OUT,7.3,4.8
3,8676,Rashid Shaheed,WR,27.1,NO,45.0,48,50,8.2,6.2,4.2,1,1,1,73,54,0,0.0%,0,0,0,0,0,0,0.00,0,0,0,0,0.00,0.00,4,35,0,2,0,6,7,42,10.5,7.0,0,0,0,42,0,NA,0,0,74.0%,NA,NA,NA,0,NA,2,6,0.333,2.0,37,14.6%,1.14,0,NA,NA,NA,NA,NA,0.054,NA,42,@ SEA,17,·,10.0,-1.8
3,12541,Dont'e Thornton,WR,22.8,LV,70.0,68,65,4.9,3.9,2.9,1,1,1,66,39,0,0.0%,0,0,0,0,0,0,0.00,0,0,0,0,0.00,0.00,2,22,0,1,0,4,7,29,14.5,7.3,0,0,0,29,0,NA,0,0,59.0%,NA,NA,NA,0,NA,1,4,0.250,1.0,24,13.8%,1.21,0,NA,NA,NA,NA,NA,0.042,NA,29,@ WAS,10,·,7.0,-2.1
3,8121,Romeo Doubs,WR,25.4,GB,76.0,76,75,4.5,3.5,2.5,1,1,1,65,58,0,0.0%,0,0,0,0,0,0,0.00,0,0,0,0,0.00,0.00,2,10,0,2,0,2,15,25,12.5,12.5,0,0,0,25,0,NA,0,0,89.0%,NA,NA,NA,0,NA,2,2,1.000,2.0,29,8.0%,0.86,0,NA,NA,NA,NA,NA,0.069,NA,25,@ CLE,8,·,9.7,-5.2
3,9504,Kayshon Boutte,WR,23.4,NE,72.0,72,67,4.8,3.8,2.8,1,1,0,74,56,0,0.0%,0,0,0,0,0,0,0.00,0,0,0,0,0.00,0.00,2,26,0,1,0,3,2,28,14.0,9.3,0,0,0,28,0,NA,0,0,76.0%,NA,NA,NA,0,NA,1,3,0.333,1.0,31,8.1%,0.90,0,NA,NA,NA,NA,NA,0.032,NA,28,vs PIT,22,·,7.9,-3.1
3,12509,Tre Harris,WR,23.6,LAC,999.0,999,999,0,0,0,1,1,0,86,25,0,0.0%,0,0,0,0,0,0,0.00,0,0,0,0,0.00,0.00,0,0,0,0,0,1,0,0,0.0,0.0,0,0,0,0,0,NA,0,0,29.0%,NA,NA,NA,0,NA,0,1,0.000,0.0,NA,NA,NA,0,NA,NA,NA,NA,NA,NA,NA,0,vs DEN,27,·,1.4,-1.4
3,11655,Tyrone Tracy,RB,25.8,NYG,45.0,45,46,5.6,4.6,3.6,1,1,1,66,11,0,0.0%,0,0,0,0,0,0,0.00,29,0,0,0,0.00,0.00,2,-3,0,0,0,3,10,7,3.5,2.3,7,0,3,36,0,20,29,4.14,17.0%,0,2.90,0.000,3,0.290,3,10,0.300,3.0,NA,9.4%,NA,0,NA,NA,NA,NA,NA,NA,NA,36,vs KC,22,OUT,9.2,-3.6
3,12510,Jalen Milroe,QB,22.8,SEA,38.0,38,38,0.3,0.3,0.3,1,1,0,57,1,0,0.0%,0,0,0,0,0,0,0.00,3,0,0,0,0.00,0.00,0,0,0,0,0,0,0,0,0.0,0.0,1,0,0,3,0,NA,3,3,2.0%,NA,NA,NA,0,NA,0,1,NA,NA,NA,NA,NA,0,NA,0.00,0.0%,0.0%,0.0,NA,0,3,vs NO,5,·,DNP,DNP
3,1479,Keenan Allen,WR,33.4,LAC,12.0,12,13,19.5,16,12.5,1,1,0,86,56,0,0.0%,0,0,0,0,0,0,0.00,0,0,0,0,0.00,0.00,7,59,0,3,1,11,6,65,9.3,5.9,0,0,0,65,0,NA,0,0,65.0%,NA,NA,NA,0,NA,4,11,0.364,4.0,42,23.4%,1.55,0,NA,NA,NA,NA,NA,0.071,NA,65,vs DEN,27,·,12.8,6.7
3,7002,Juwan Johnson,TE,29.0,NO,9.0,13,17,11.1,8.1,5.1,1,1,1,73,66,0,0.0%,0,0,0,0,0,0,0.00,0,0,0,0,0.00,0.00,6,23,1,3,0,8,28,51,8.5,6.4,0,0,0,51,0,NA,0,0,90.0%,NA,NA,NA,0,NA,3,8,0.375,3.0,30,19.5%,1.70,0,NA,NA,NA,NA,NA,0.100,NA,51,@ SEA,15,·,11.0,0.1
3,8205,Isiah Pacheco,RB,26.6,KC,44.0,43,39,5.8,5.3,4.8,1,1,1,72,40,0,0.0%,0,0,0,0,0,0,0.00,45,0,0,0,0.00,0.00,1,-3,0,0,0,1,6,3,3.0,3.0,10,1,2,48,0,38,45,4.5,56.0%,2,3.80,0.200,2,0.580,2,11,0.182,2.0,NA,2.7%,NA,0,NA,NA,NA,NA,NA,NA,NA,48,@ NYG,6,·,9.5,-3.7
3,7611,Rhamondre Stevenson,RB,27.6,NE,51.0,52,63,4.6,3.1,1.6,1,1,1,74,27,2,0.0%,0,0,0,0,0,0,0.00,18,0,0,0,0.00,0.00,3,7,0,1,0,3,31,38,12.7,12.7,4,2,1,56,0,13,18,4.5,36.0%,2,3.30,0.500,1,0.830,2,7,0.286,2.0,NA,8.1%,NA,0,NA,NA,NA,NA,NA,NA,NA,56,vs PIT,23,·,10.8,-6.2
3,12497,Tory Horton,WR,22.8,SEA,14.0,10,6,18.2,16.7,15.2,1,1,0,57,28,0,0.0%,0,0,0,0,0,0,0.00,0,0,0,0,0.00,0.00,3,24,0,0,1,4,8,32,10.7,8.0,0,0,0,32,0,NA,0,0,49.0%,NA,NA,NA,0,NA,1,4,0.250,1.0,16,19.0%,2.00,0,NA,NA,NA,NA,NA,0.000,NA,32,vs NO,19,·,5.3,12.9
3,9494,Marvin Mims,WR,23.5,DEN,118.0,119,118,1.4,0.9,0.4,1,1,1,52,23,0,0.0%,0,0,0,0,0,0,0.00,0,0,0,0,0.00,0.00,1,-2,0,0,0,4,6,4,4.0,1.0,0,0,0,4,0,NA,0,0,44.0%,NA,NA,NA,0,NA,0,4,0.000,0.0,16,16.0%,0.25,0,NA,NA,NA,NA,NA,0.000,NA,4,@ LAC,25,·,7.6,-6.2
3,7090,Darnell Mooney,WR,27.9,ATL,43.0,43,46,8.4,6.4,4.4,1,1,1,66,59,0,0.0%,0,0,0,0,0,0,0.00,0,0,0,0,0.00,0.00,4,35,2,3,0,11,9,44,11.0,4.0,0,0,0,44,0,NA,0,0,89.0%,NA,NA,NA,0,NA,3,11,0.273,3.0,37,25.6%,1.19,0,NA,NA,NA,NA,NA,0.081,NA,44,@ CAR,29,OUT,11.7,-3.3
3,11618,Jalen McMillan,WR,23.8,TB,999.0,999,999,0,0,0,1,0,0,0,0,0,0.0%,0,0,0,0,0,0,0.00,0,0,0,0,0.00,0.00,0,0,0,0,0,0,0,0,0.0,0.0,0,0,0,0,0,NA,0,0,0.0%,NA,NA,NA,0,NA,0,0,NA,NA,NA,NA,NA,0,NA,NA,NA,NA,NA,NA,NA,0,vs NYJ,13,IR,IR,IR
3,12498,Mason Taylor,TE,21.4,NYJ,27.0,29,35,5.8,3.8,1.8,1,1,0,69,51,0,0.0%,0,0,0,0,0,0,0.00,0,0,0,0,0.00,0.00,4,5,1,2,0,6,13,18,4.5,3.0,0,0,0,18,0,NA,0,0,74.0%,NA,NA,NA,0,NA,2,6,0.333,2.0,30,16.7%,0.60,0,NA,NA,NA,NA,NA,0.067,NA,18,@ TB,8,·,4.9,0.9
3,8132,Tyler Allgeier,RB,25.4,ATL,67.0,69,71,1.4,0.9,0.4,1,1,0,66,6,0,0.0%,0,0,0,0,0,0,0.00,4,0,0,0,0.00,0.00,1,0,1,0,0,2,0,0,0.0,0.0,1,0,0,4,0,3,4,4,9.0%,0,2.90,0.000,0,0.290,0,3,0.000,0.0,NA,4.7%,NA,0,NA,NA,NA,NA,NA,NA,NA,4,@ CAR,16,·,7.4,-6.0
3,12547,Kyle Williams,WR,22.8,NE,108.0,107,102,1.8,1.3,0.8,1,1,0,74,9,0,0.0%,0,0,0,0,0,0,0.00,0,0,0,0,0.00,0.00,1,7,0,0,0,1,1,8,8.0,8.0,0,0,0,8,0,NA,0,0,12.0%,NA,NA,NA,0,NA,0,1,0.000,0.0,8,2.7%,1.00,0,NA,NA,NA,NA,NA,0.000,NA,8,vs PIT,22,·,0.8,1.0
3,11646,Jalen Coker,WR,23.9,CAR,999.0,999,999,0,0,0,1,0,0,0,0,0,0.0%,0,0,0,0,0,0,0.00,0,0,0,0,0.00,0.00,0,0,0,0,0,0,0,0,0.0,0.0,0,0,0,0,0,NA,0,0,0.0%,NA,NA,NA,0,NA,0,0,NA,NA,NA,NA,NA,0,NA,NA,NA,NA,NA,NA,NA,0,vs ATL,30,IR,IR,IR
3,9508,Tyjae Spears,RB,24.3,TEN,999.0,999,999,0,0,0,1,0,0,0,0,0,0.0%,0,0,0,0,0,0,0.00,0,0,0,0,0.00,0.00,0,0,0,0,0,0,0,0,0.0,0.0,0,0,0,0,0,NA,0,0,0.0%,NA,NA,NA,0,NA,0,0,NA,NA,NA,NA,NA,0,NA,NA,NA,NA,NA,NA,NA,0,vs IND,24,·,DNP,DNP
3,4199,Aaron Jones,RB,30.8,MIN,999.0,999,999,0,0,0,1,0,0,0,0,0,0.0%,0,0,0,0,0,0,0.00,0,0,0,0,0.00,0.00,0,0,0,0,0,0,0,0,0.0,0.0,0,0,0,0,0,NA,0,0,0.0%,NA,NA,NA,0,NA,0,0,NA,NA,NA,NA,NA,0,NA,NA,NA,NA,NA,NA,NA,0,vs CIN,1,IR,IR,IR
3,12521,Elijah Arroyo,TE,22.5,SEA,999.0,999,999,0,0,0,1,1,0,57,28,0,0.0%,0,0,0,0,0,0,0.00,0,0,0,0,0.00,0.00,0,0,0,0,0,1,0,0,0.0,0.0,0,0,0,0,0,NA,0,0,49.0%,NA,NA,NA,0,NA,0,1,0.000,0.0,NA,NA,NA,0,NA,NA,NA,NA,NA,NA,NA,0,vs NO,4,·,3.4,-3.4
3,1466,Travis Kelce,TE,36.0,KC,25.0,25,29,6.6,4.6,2.6,1,1,1,72,53,0,0.0%,0,0,0,0,0,0,0.00,0,0,0,0,0.00,0.00,4,6,0,2,0,7,20,26,6.5,3.7,0,0,0,26,0,NA,0,0,74.0%,NA,NA,NA,0,NA,2,7,0.286,2.0,31,18.9%,0.84,0,NA,NA,NA,NA,NA,0.065,NA,26,@ NYG,23,·,12.2,-5.6
3,2449,Stefon Diggs,WR,31.8,NE,66.0,71,78,5.3,3.8,2.3,1,1,1,74,39,0,0.0%,0,0,0,0,0,0,0.00,0,0,0,0,0.00,0.00,3,12,0,2,0,3,11,23,7.7,7.7,0,0,0,23,0,NA,0,0,53.0%,NA,NA,NA,0,NA,2,3,0.667,2.0,21,8.1%,1.10,0,NA,NA,NA,NA,NA,0.095,NA,23,vs PIT,22,·,10.7,-5.4
3,5848,Marquise Brown,WR,28.3,KC,44.0,47,49,8.2,6.2,4.2,1,1,1,72,49,0,0.0%,0,0,0,0,0,0,0.00,0,0,0,0,0.00,0.00,4,30,0,2,0,6,12,42,10.5,7.0,0,0,0,42,0,NA,0,0,68.0%,NA,NA,NA,0,NA,2,6,0.333,2.0,32,16.2%,1.31,0,NA,NA,NA,NA,NA,0.063,NA,42,@ NYG,3,·,12.4,-4.2
3,8154,Brian Robinson,RB,26.5,SF,62.0,61,55,2.2,2.2,2.2,1,1,0,65,6,0,0.0%,0,0,0,0,0,0,0.00,22,0,0,0,0.00,0.00,0,0,0,0,0,0,0,0,0.0,0.0,2,1,1,22,0,9,22,11,9.0%,1,4.60,0.500,1,0.960,1,2,0.500,1.0,NA,0.0%,NA,0,NA,NA,NA,NA,NA,NA,NA,22,vs ARI,12,·,5.7,-3.5
3,12536,Jaylin Noel,WR,23.0,HOU,116.0,117,116,1.4,0.9,0.4,1,1,0,63,9,0,0.0%,0,0,0,0,0,0,0.00,0,0,0,0,0.00,0.00,1,-4,0,0,0,1,8,4,4.0,4.0,0,0,0,4,0,NA,0,0,14.0%,NA,NA,NA,0,NA,0,1,0.000,0.0,6,2.6%,0.67,0,NA,NA,NA,NA,NA,0.000,NA,4,@ JAX,24,·,2.5,-1.1
3,12474,Woody Marks,RB,24.7,HOU,49.0,47,47,4.6,4.1,3.6,1,1,0,63,30,0,0.0%,0,0,0,0,0,0,0.00,27,0,0,0,0.00,0.00,1,2,1,0,0,2,7,9,9.0,4.5,6,1,0,36,0,25,27,4.5,48.0%,3,4.10,0.500,0,0.910,0,8,0.000,0.0,NA,5.3%,NA,0,NA,NA,NA,NA,NA,NA,NA,36,@ JAX,29,·,6.4,-1.8
3,12457,Jaydon Blue,RB,21.7,DAL,0.0,0,0,0,0,0,0,0,0,0,0,0,0.0%,0,0,0,0,0,0,0.00,0,0,0,0,0.00,0.00,0,0,0,0,0,0,0,0,0.0,0.0,0,0,0,0,0,NA,0,0,0.0%,NA,NA,NA,0,NA,0,0,NA,NA,NA,NA,NA,0,NA,NA,NA,NA,NA,NA,NA,0,@ CHI,7,·,DNP,DNP
3,12471,DJ Giddens,RB,22.1,IND,72.0,72,72,0.3,0.3,0.3,1,1,0,57,8,0,0.0%,0,0,0,0,0,0,0.00,3,0,0,0,0.00,0.00,0,0,0,0,0,0,0,0,0.0,0.0,1,0,0,3,0,3,3,3,14.0%,0,3.30,0.000,0,0.330,0,1,0.000,0.0,NA,0.0%,NA,0,NA,NA,NA,NA,NA,NA,NA,3,@ TEN,3,·,2.6,-2.3
3,11562,Spencer Rattler,QB,25.0,NO,22.0,22,22,12.72,12.72,12.72,1,1,1,73,70,0,71.8%,116,39,28,11,11,1,83.10,228,2,1,218,5.59,7.79,0,0,0,0,0,0,0,0,0.0,0.0,2,0,1,10,0,NA,10,5,96.0%,NA,NA,NA,1,NA,13,41,NA,NA,NA,NA,NA,12,30.8%,2.72,15.4%,34.9%,8.4,NA,43,228,@ SEA,21,·,16.0,-3.3
3,11586,Blake Corum,RB,24.8,LAR,47.0,42,34,5.3,5.3,5.3,1,1,0,66,16,0,0.0%,0,0,0,0,0,0,0.00,53,0,0,0,0.00,0.00,0,0,0,0,0,0,0,0,0.0,0.0,8,0,4,53,0,31,53,6.63,24.0%,1,3.90,0.125,4,0.515,4,8,0.500,4.0,NA,0.0%,NA,0,NA,NA,NA,NA,NA,NA,NA,53,@ PHI,8,·,3.3,2.0
3,4039,Cooper Kupp,WR,32.3,SEA,68.0,65,63,5.1,4.1,3.1,1,1,1,57,31,0,0.0%,0,0,0,0,0,0,0.00,0,0,0,0,0.00,0.00,2,16,0,1,0,3,15,31,15.5,10.3,0,0,0,31,0,NA,0,0,54.0%,NA,NA,NA,0,NA,1,3,0.333,1.0,16,14.3%,1.94,0,NA,NA,NA,NA,NA,0.063,NA,31,vs NO,19,·,11.6,-6.5
3,6111,Jake Browning,QB,29.4,CIN,29.0,29,29,7.9,7.9,7.9,1,1,1,56,53,0,70.4%,56,27,19,5,8,2,63.80,143,3,1,140,5.19,7.37,0,0,0,0,0,0,0,0,0.0,0.0,1,0,1,3,0,NA,3,3,95.0%,NA,NA,NA,1,NA,7,28,NA,NA,NA,NA,NA,6,22.2%,3.08,7.4%,56.7%,4.6,NA,30,143,@ MIN,28,·,19.0,-11.1
3,5022,Dallas Goedert,TE,30.7,PHI,10.0,7,6,10.3,9.8,9.3,1,1,1,67,61,0,0.0%,0,0,0,0,0,0,0.00,0,0,0,0,0.00,0.00,1,24,0,0,1,2,9,33,33.0,16.5,0,0,0,33,0,NA,0,0,91.0%,NA,NA,NA,0,NA,1,2,0.500,1.0,32,6.3%,1.03,0,NA,NA,NA,NA,NA,0.000,NA,33,vs LAR,13,·,9.9,0.4
3,12534,Kyle Monangai,RB,23.3,CHI,56.0,60,57,3,2.5,2,1,1,0,59,17,0,0.0%,0,0,0,0,0,0,0.00,16,0,0,0,0.00,0.00,1,-2,0,0,0,1,6,4,4.0,4.0,6,0,1,20,0,11,16,2.67,29.0%,4,1.80,0.667,1,0.847,1,7,0.143,1.0,NA,3.6%,NA,0,NA,NA,NA,NA,NA,NA,NA,20,vs DAL,5,·,5.8,-2.8
3,7571,Rashod Bateman,WR,25.8,BAL,17.0,17,14,17.3,14.8,12.3,1,1,1,57,34,0,0.0%,0,0,0,0,0,0,0.00,0,0,0,0,0.00,0.00,5,61,0,4,1,7,2,63,12.6,9.0,0,0,0,63,0,NA,0,0,60.0%,NA,NA,NA,0,NA,5,7,0.714,5.0,24,25.0%,2.63,0,NA,NA,NA,NA,NA,0.167,NA,63,vs DET,6,·,8.2,9.1
3,11600,Ja'Tavion Sanders,TE,22.5,CAR,40.0,40,41,3.1,2.1,1.1,1,1,1,58,34,0,0.0%,0,0,0,0,0,0,0.00,0,0,0,0,0.00,0.00,2,1,0,1,0,2,10,11,5.5,5.5,0,0,0,11,0,NA,0,0,59.0%,NA,NA,NA,0,NA,1,2,0.500,1.0,16,8.3%,0.69,0,NA,NA,NA,NA,NA,0.063,NA,11,vs ATL,32,OUT,8.5,-5.4
3,12487,Terrance Ferguson,TE,22.5,LAR,0.0,0,0,0,0,0,0,0,0,0,0,0,0.0%,0,0,0,0,0,0,0.00,0,0,0,0,0.00,0.00,0,0,0,0,0,0,0,0,0.0,0.0,0,0,0,0,0,NA,0,0,0.0%,NA,NA,NA,0,NA,0,0,NA,NA,NA,NA,NA,0,NA,NA,NA,NA,NA,NA,NA,0,@ PHI,29,·,DNP,DNP
3,12483,Jack Bech,WR,22.8,LV,103.0,102,96,2,1.5,1,1,1,0,66,16,0,0.0%,0,0,0,0,0,0,0.00,0,0,0,0,0.00,0.00,1,10,0,1,0,1,0,10,10.0,10.0,0,0,0,10,0,NA,0,0,24.0%,NA,NA,NA,0,NA,1,1,1.000,1.0,7,3.4%,1.43,0,NA,NA,NA,NA,NA,0.143,NA,10,@ WAS,10,·,1.8,0.2
3,8136,Rachaad White,RB,26.7,TB,61.0,64,64,2.4,1.9,1.4,1,1,0,72,20,0,0.0%,0,0,0,0,0,0,0.00,12,0,0,0,0.00,0.00,1,-7,0,0,0,1,9,2,2.0,2.0,5,0,0,14,0,13,12,2.4,28.0%,2,2.50,0.400,0,0.650,0,6,0.000,0.0,NA,3.4%,NA,0,NA,NA,NA,NA,NA,NA,NA,14,vs NYJ,9,·,8.1,-5.7
3,5012,Mark Andrews,TE,30.0,BAL,2.0,2,1,27.1,24.1,21.1,1,1,1,57,46,0,0.0%,0,0,0,0,0,0,0.00,0,0,0,0,0.00,0.00,6,65,0,2,2,6,26,91,15.2,15.2,0,0,0,91,0,NA,0,0,81.0%,NA,NA,NA,0,NA,4,6,0.667,4.0,25,21.4%,3.64,0,NA,NA,NA,NA,NA,0.080,NA,91,vs DET,18,·,9.8,17.3
3,7528,Najee Harris,RB,27.5,LAC,57.0,54,49,2.8,2.8,2.8,1,1,0,86,11,0,0.0%,0,0,0,0,0,0,0.00,28,0,0,0,0.00,0.00,0,0,0,0,0,0,0,0,0.0,0.0,6,0,1,28,0,22,28,4.67,13.0%,1,3.70,0.167,1,0.537,1,6,0.167,1.0,NA,0.0%,NA,0,NA,NA,NA,NA,NA,NA,NA,28,vs DEN,19,IR,6.2,-3.4
3,9501,Demario Douglas,WR,24.8,NE,96.0,100,109,2.7,1.7,0.7,1,1,0,74,29,0,0.0%,0,0,0,0,0,0,0.00,0,0,0,0,0.00,0.00,2,7,1,0,0,5,0,7,3.5,1.4,0,0,0,7,0,NA,0,0,39.0%,NA,NA,NA,0,NA,0,5,0.000,0.0,20,13.5%,0.35,0,NA,NA,NA,NA,NA,0.000,NA,7,vs PIT,22,·,5.5,-2.8
3,9486,Dontayvion Wicks,WR,24.3,GB,80.0,82,81,4.1,3.1,2.1,1,1,1,65,44,0,0.0%,0,0,0,0,0,0,0.00,0,0,0,0,0.00,0.00,2,12,0,1,0,4,9,21,10.5,5.3,0,0,0,21,0,NA,0,0,68.0%,NA,NA,NA,0,NA,1,4,0.250,1.0,21,16.0%,1.00,0,NA,NA,NA,NA,NA,0.048,NA,21,@ CLE,8,·,7.8,-3.7
3,4066,Evan Engram,TE,31.0,DEN,0.0,0,0,0,0,0,0,0,0,0,0,0,0.0%,0,0,0,0,0,0,0.00,0,0,0,0,0.00,0.00,0,0,0,0,0,0,0,0,0.0,0.0,0,0,0,0,0,NA,0,0,0.0%,NA,NA,NA,0,NA,0,0,NA,NA,NA,NA,NA,0,NA,NA,NA,NA,NA,NA,NA,0,@ LAC,26,·,DNP,DNP
3,8167,Christian Watson,WR,26.4,GB,999.0,999,999,0,0,0,1,0,0,0,0,0,0.0%,0,0,0,0,0,0,0.00,0,0,0,0,0.00,0.00,0,0,0,0,0,0,0,0,0.0,0.0,0,0,0,0,0,NA,0,0,0.0%,NA,NA,NA,0,NA,0,0,NA,NA,NA,NA,NA,0,NA,NA,NA,NA,NA,NA,NA,0,@ CLE,8,PUP,PUP,PUP
3,12492,Pat Bryant,WR,22.8,DEN,999.0,999,999,0,0,0,1,1,0,52,13,0,0.0%,0,0,0,0,0,0,0.00,0,0,0,0,0.00,0.00,0,0,0,0,0,0,0,0,0.0,0.0,0,0,0,0,0,NA,0,0,25.0%,NA,NA,NA,0,NA,0,0,NA,0.0,NA,NA,NA,0,NA,NA,NA,NA,NA,NA,NA,0,@ LAC,25,·,2.9,-2.9
3,9502,Tank Dell,WR,25.9,HOU,999.0,999,999,0,0,0,1,0,0,0,0,0,0.0%,0,0,0,0,0,0,0.00,0,0,0,0,0.00,0.00,0,0,0,0,0,0,0,0,0.0,0.0,0,0,0,0,0,NA,0,0,0.0%,NA,NA,NA,0,NA,0,0,NA,NA,NA,NA,NA,0,NA,NA,NA,NA,NA,NA,NA,0,@ JAX,24,PUP,PUP,PUP
3,1234,Russell Wilson,QB,36.8,NYG,30.0,30,30,7.1,7.1,7.1,1,1,1,66,63,0,56.3%,64,32,18,7,14,2,43.80,187,2,0,160,5.00,8.89,0,0,0,0,0,0,0,0,0.0,0.0,5,0,1,27,0,NA,27,5.4,95.0%,NA,NA,NA,1,NA,8,37,NA,NA,NA,NA,NA,7,21.9%,2.85,18.8%,37.8%,10.0,NA,37,187,vs KC,30,·,18.9,-11.8
3,4988,Nick Chubb,RB,29.7,HOU,37.0,41,43,7,5.5,4,1,1,1,63,33,0,0.0%,0,0,0,0,0,0,0.00,38,0,0,0,0.00,0.00,3,-2,0,0,0,4,4,2,0.7,0.5,9,1,1,40,0,32,38,4.22,52.0%,2,3.60,0.222,1,0.582,1,13,0.077,1.0,NA,10.5%,NA,0,NA,NA,NA,NA,NA,NA,NA,40,@ JAX,29,·,13.1,-6.1
3,11625,Adonai Mitchell,WR,23.0,IND,999.0,999,999,0,0,0,1,1,0,57,24,0,0.0%,0,0,0,0,0,0,0.00,0,0,0,0,0.00,0.00,0,0,0,0,0,2,0,0,0.0,0.0,0,0,0,0,0,NA,0,0,42.0%,NA,NA,NA,0,NA,0,2,0.000,0.0,8,8.0%,0.00,0,NA,NA,NA,NA,NA,0.000,NA,0,@ TEN,9,·,1.9,-1.9
3,1339,Zach Ertz,TE,34.9,WAS,24.0,24,23,6.8,5.3,3.8,1,1,1,58,30,0,0.0%,0,0,0,0,0,0,0.00,0,0,0,0,0.00,0.00,3,33,0,1,0,3,5,38,12.7,12.7,0,0,0,38,0,NA,0,0,52.0%,NA,NA,NA,0,NA,1,3,0.333,1.0,15,14.3%,2.53,0,NA,NA,NA,NA,NA,0.067,NA,38,vs LV,25,·,9.1,-2.3
3,8210,Chigoziem Okonkwo,TE,26.0,TEN,8.0,9,13,11.6,9.1,6.6,1,1,1,70,46,0,0.0%,0,0,0,0,0,0,0.00,0,0,0,0,0.00,0.00,5,23,0,3,0,6,43,66,13.2,11.0,0,0,0,66,0,NA,0,0,66.0%,NA,NA,NA,0,NA,3,6,0.500,3.0,23,15.8%,2.87,0,NA,NA,NA,NA,NA,0.130,NA,66,vs IND,20,·,9.3,2.3
3,8125,Calvin Austin III,WR,26.5,PIT,31.0,28,25,12.4,10.9,9.4,1,1,1,54,39,0,0.0%,0,0,0,0,0,0,0.00,0,0,0,0,0.00,0.00,3,30,0,0,1,5,4,34,11.3,6.8,0,0,0,34,0,NA,0,0,72.0%,NA,NA,NA,0,NA,1,5,0.200,1.0,18,21.7%,1.89,0,NA,NA,NA,NA,NA,0.000,NA,34,@ NE,7,Q,9.6,2.8
3,4018,Joe Mixon,RB,29.2,HOU,999.0,999,999,0,0,0,1,0,0,0,0,0,0.0%,0,0,0,0,0,0,0.00,0,0,0,0,0.00,0.00,0,0,0,0,0,0,0,0,0.0,0.0,0,0,0,0,0,NA,0,0,0.0%,NA,NA,NA,0,NA,0,0,NA,NA,NA,NA,NA,0,NA,NA,NA,NA,NA,NA,NA,0,@ JAX,29,PUP,PUP,PUP
3,8111,Cade Otton,TE,26.4,TB,999.0,999,999,0,0,0,1,1,1,72,66,0,0.0%,0,0,0,0,0,0,0.00,0,0,0,0,0.00,0.00,0,0,0,0,0,0,0,0,0.0,0.0,0,0,0,0,0,NA,0,0,92.0%,NA,NA,NA,0,NA,0,0,NA,0.0,NA,NA,NA,0,NA,NA,NA,NA,NA,NA,NA,0,vs NYJ,7,·,7.6,-7.6
3,96,Aaron Rodgers,QB,41.8,PIT,24.0,24,24,12.66,12.66,12.66,1,1,1,54,54,0,69.6%,32,23,16,3,7,1,96.10,140,0,2,139,6.04,8.69,0,0,0,0,0,0,0,0,0.0,0.0,4,0,0,1,0,NA,1,0.25,100.0%,NA,NA,NA,0,NA,5,27,NA,NA,NA,NA,NA,5,21.7%,2.45,8.7%,16.7%,4.6,NA,24,140,@ NE,12,·,19.4,-6.7
3,9229,Anthony Richardson,QB,23.3,IND,40.0,40,40,-0.1,-0.1,-0.1,1,1,0,57,7,0,0.0%,0,0,0,0,0,0,0.00,-1,0,0,0,0.00,0.00,0,0,0,0,0,0,0,0,0.0,0.0,4,0,1,-1,0,NA,-1,-0.25,12.0%,NA,NA,NA,1,NA,1,4,NA,NA,NA,NA,NA,0,NA,0.00,0.0%,0.0%,0.0,NA,0,-1,@ TEN,23,·,DNP,DNP
3,12531,Trevor Etienne,RB,21.2,CAR,76.0,76,76,-2,-2,-2,1,1,0,58,2,1,0.0%,0,0,0,0,0,0,0.00,0,0,0,0,0.00,0.00,0,0,0,0,0,0,0,0,0.0,0.0,0,0,0,0,0,NA,0,0,3.0%,NA,NA,NA,0,NA,0,0,NA,0.0,NA,NA,NA,0,NA,NA,NA,NA,NA,NA,NA,0,vs ATL,32,·,0.7,-2.7
3,11575,Ray Davis,RB,25.9,BUF,999.0,999,999,0,0,0,1,1,0,60,4,0,0.0%,0,0,0,0,0,0,0.00,0,0,0,0,0.00,0.00,0,0,0,0,0,1,0,0,0.0,0.0,0,0,0,0,0,NA,0,0,7.0%,NA,NA,NA,0,NA,0,1,0.000,0.0,NA,NA,NA,0,NA,NA,NA,NA,NA,NA,NA,0,vs MIA,4,·,4.6,-4.6
3,9225,Tank Bigsby,RB,24.1,PHI,999.0,999,999,0,0,0,1,0,0,67,0,0,0.0%,0,0,0,0,0,0,0.00,0,0,0,0,0.00,0.00,0,0,0,0,0,0,0,0,0.0,0.0,0,0,0,0,0,NA,0,0,0.0%,NA,NA,NA,0,NA,0,0,NA,0.0,NA,NA,NA,0,NA,NA,NA,NA,NA,NA,NA,0,vs LAR,30,·,0.3,-0.3
3,11626,Xavier Legette,WR,24.6,CAR,0.0,0,0,0,0,0,0,0,0,0,0,0,0.0%,0,0,0,0,0,0,0.00,0,0,0,0,0.00,0.00,0,0,0,0,0,0,0,0,0.0,0.0,0,0,0,0,0,NA,0,0,0.0%,NA,NA,NA,0,NA,0,0,NA,NA,NA,NA,NA,0,NA,NA,NA,NA,NA,NA,NA,0,vs ATL,30,·,DNP,DNP
3,8142,Alec Pierce,WR,25.4,IND,34.0,35,36,10.7,8.7,6.7,1,1,1,57,31,0,0.0%,0,0,0,0,0,0,0.00,0,0,0,0,0.00,0.00,4,59,0,3,0,5,8,67,16.8,13.4,0,0,0,67,0,NA,0,0,54.0%,NA,NA,NA,0,NA,3,5,0.600,3.0,17,20.0%,3.94,0,NA,NA,NA,NA,NA,0.176,NA,67,@ TEN,9,OUT,6.4,4.3
3,10213,Tre Tucker,WR,24.5,LV,1.0,1,1,40.9,36.9,32.9,1,1,1,66,62,0,0.0%,0,0,0,0,0,0,0.00,4,0,0,0,0.00,0.00,8,109,0,4,3,9,36,145,18.1,16.1,1,0,0,149,0,NA,4,4,94.0%,NA,NA,NA,0,NA,7,10,0.700,7.0,33,31.0%,4.39,0,NA,NA,NA,NA,NA,0.121,NA,149,@ WAS,10,·,5.0,35.9
3,11583,Jonathon Brooks,RB,22.2,CAR,999.0,999,999,0,0,0,1,0,0,0,0,0,0.0%,0,0,0,0,0,0,0.00,0,0,0,0,0.00,0.00,0,0,0,0,0,0,0,0,0.0,0.0,0,0,0,0,0,NA,0,0,0.0%,NA,NA,NA,0,NA,0,0,NA,NA,NA,NA,NA,0,NA,NA,NA,NA,NA,NA,NA,0,vs ATL,32,PUP,PUP,PUP
3,12505,Jalen Royals,WR,22.6,KC,999.0,999,999,0,0,0,1,0,0,72,0,0,0.0%,0,0,0,0,0,0,0.00,0,0,0,0,0.00,0.00,0,0,0,0,0,0,0,0,0.0,0.0,0,0,0,0,0,NA,0,0,0.0%,NA,NA,NA,0,NA,0,0,NA,NA,NA,NA,NA,0,NA,NA,NA,NA,NA,NA,NA,0,@ NYG,3,·,2.4,-2.4
3,4144,Jonnu Smith,TE,30.1,PIT,31.0,31,32,5.3,3.8,2.3,1,1,0,54,45,1,0.0%,0,0,0,0,0,0,0.00,0,0,0,0,0.00,0.00,3,8,0,1,0,3,15,23,7.7,7.7,0,0,0,23,0,NA,0,0,83.0%,NA,NA,NA,0,NA,1,3,0.333,1.0,20,13.0%,1.15,0,NA,NA,NA,NA,NA,0.050,NA,23,@ NE,5,·,8.6,-3.3
3,7600,Pat Freiermuth,TE,26.9,PIT,52.0,52,52,1.6,1.1,0.6,1,1,0,54,38,0,0.0%,0,0,0,0,0,0,0.00,0,0,0,0,0.00,0.00,1,4,0,0,0,3,2,6,6.0,2.0,0,0,0,6,0,NA,0,0,70.0%,NA,NA,NA,0,NA,0,3,0.000,0.0,14,13.0%,0.43,0,NA,NA,NA,NA,NA,0.000,NA,6,@ NE,5,·,8.3,-6.7
3,7527,Mac Jones,QB,27.0,SF,15.0,15,15,14.26,14.26,14.26,1,1,1,65,65,0,65.9%,183,41,27,13,14,1,83.80,283,1,1,284,6.93,10.52,0,0,0,0,0,0,0,0,0.0,0.0,1,0,0,-1,0,NA,-1,-1,100.0%,NA,NA,NA,0,NA,14,42,NA,NA,NA,NA,NA,14,34.1%,2.74,4.9%,37.2%,7.4,NA,43,283,vs ARI,25,·,16.4,-2.1
3,11610,Malik Washington,WR,24.7,MIA,60.0,60,61,6.2,4.7,3.2,1,1,1,61,33,0,0.0%,0,0,0,0,0,0,0.00,20,0,0,0,0.00,0.00,3,0,0,0,0,5,12,12,4.0,2.4,2,1,2,32,0,NA,20,10,54.0%,NA,NA,NA,2,NA,2,7,0.286,2.0,22,14.7%,0.55,0,NA,NA,NA,NA,NA,0.000,NA,32,@ BUF,20,·,7.1,-0.9
3,9482,Michael Mayer,TE,24.2,LV,999.0,999,999,0,0,0,1,1,1,66,5,0,0.0%,0,0,0,0,0,0,0.00,0,0,0,0,0.00,0.00,0,0,0,0,0,1,0,0,0.0,0.0,0,0,0,0,0,NA,0,0,8.0%,NA,NA,NA,0,NA,0,1,0.000,0.0,NA,NA,NA,0,NA,NA,NA,NA,NA,NA,NA,0,@ WAS,11,OUT,4.6,-4.6
3,12524,Shedeur Sanders,QB,23.6,CLE,0.0,0,0,0,0,0,0,0,0,0,0,0,0.0%,0,0,0,0,0,0,0.00,0,0,0,0,0.00,0.00,0,0,0,0,0,0,0,0,0.0,0.0,0,0,0,0,0,NA,0,0,0.0%,NA,NA,NA,0,NA,0,0,NA,NA,NA,NA,NA,0,NA,NA,NA,NA,NA,NA,NA,0,vs GB,27,OUT,OUT,OUT
3,9757,Kendre Miller,RB,23.3,NO,46.0,46,48,5.6,4.6,3.6,1,1,0,73,20,0,0.0%,0,0,0,0,0,0,0.00,27,0,0,0,0.00,0.00,2,-9,0,0,0,2,18,9,4.5,4.5,7,1,0,36,0,22,27,3.86,27.0%,5,3.20,0.714,0,1.034,0,9,0.000,0.0,NA,4.9%,NA,0,NA,NA,NA,NA,NA,NA,NA,36,@ SEA,18,·,3.0,2.6
3,11597,Theo Johnson,TE,24.6,NYG,44.0,44,42,2,1.5,1,1,1,1,66,57,0,0.0%,0,0,0,0,0,0,0.00,0,0,0,0,0.00,0.00,1,-3,0,1,0,2,13,10,10.0,5.0,0,0,0,10,0,NA,0,0,86.0%,NA,NA,NA,0,NA,1,2,0.500,1.0,24,6.3%,0.42,0,NA,NA,NA,NA,NA,0.042,NA,10,vs KC,31,·,5.7,-3.7
3,3214,Hunter Henry,TE,30.8,NE,1.0,1,2,29,25,21,1,1,1,74,60,0,0.0%,0,0,0,0,0,0,0.00,0,0,0,0,0.00,0.00,8,60,0,4,2,11,30,90,11.3,8.2,0,0,0,90,0,NA,0,0,81.0%,NA,NA,NA,0,NA,6,11,0.545,6.0,33,29.7%,2.73,0,NA,NA,NA,NA,NA,0.121,NA,90,vs PIT,16,·,9.2,19.8
3,4950,Christian Kirk,WR,28.8,HOU,63.0,66,74,5.5,4,2.5,1,1,1,63,42,0,0.0%,0,0,0,0,0,0,0.00,0,0,0,0,0.00,0.00,3,5,1,2,0,8,20,25,8.3,3.1,0,0,0,25,0,NA,0,0,67.0%,NA,NA,NA,0,NA,2,8,0.250,2.0,30,21.1%,0.83,0,NA,NA,NA,NA,NA,0.067,NA,25,@ JAX,24,·,11.4,-5.9
3,11643,Jaylen Wright,RB,22.5,MIA,999.0,999,999,0,0,0,1,0,0,61,0,0,0.0%,0,0,0,0,0,0,0.00,0,0,0,0,0.00,0.00,0,0,0,0,0,0,0,0,0.0,0.0,0,0,0,0,0,NA,0,0,0.0%,NA,NA,NA,0,NA,0,0,NA,NA,NA,NA,NA,0,NA,NA,NA,NA,NA,NA,NA,0,@ BUF,13,OUT,3.4,-3.4
3,7670,Joshua Palmer,WR,26.0,BUF,115.0,116,115,1.5,1,0.5,1,1,0,60,26,0,0.0%,0,0,0,0,0,0,0.00,0,0,0,0,0.00,0.00,1,5,0,0,0,1,0,5,5.0,5.0,0,0,0,5,0,NA,0,0,43.0%,NA,NA,NA,0,NA,0,1,0.000,0.0,14,3.6%,0.36,0,NA,NA,NA,NA,NA,0.000,NA,5,vs MIA,21,·,9.4,-7.9
3,6826,Cole Kmet,TE,26.5,CHI,19.0,16,12,8,7.5,7,1,1,1,59,55,0,0.0%,0,0,0,0,0,0,0.00,0,0,0,0,0.00,0.00,1,10,0,0,1,1,0,10,10.0,10.0,0,0,0,10,0,NA,0,0,93.0%,NA,NA,NA,0,NA,1,1,1.000,1.0,20,3.6%,0.50,0,NA,NA,NA,NA,NA,0.000,NA,10,vs DAL,9,·,8.0,0.0
3,12486,Dillon Gabriel,QB,24.7,CLE,999.0,999,999,0,0,0,1,0,0,66,0,0,0.0%,0,0,0,0,0,0,0.00,0,0,0,0,0.00,0.00,0,0,0,0,0,0,0,0,0.0,0.0,0,0,0,0,0,NA,0,0,0.0%,NA,NA,NA,0,NA,0,0,NA,NA,NA,NA,NA,0,NA,NA,NA,NA,NA,NA,NA,0,vs GB,27,·,DNP,DNP
3,9511,Keaton Mitchell,RB,23.7,BAL,0.0,0,0,0,0,0,0,0,0,0,0,0,0.0%,0,0,0,0,0,0,0.00,0,0,0,0,0.00,0.00,0,0,0,0,0,0,0,0,0.0,0.0,0,0,0,0,0,NA,0,0,0.0%,NA,NA,NA,0,NA,0,0,NA,NA,NA,NA,NA,0,NA,NA,NA,NA,NA,NA,NA,0,vs DET,26,·,DNP,DNP
3,8188,Tyquan Thornton,WR,25.1,KC,15.0,15,11,18.1,15.6,13.1,1,1,1,72,55,0,0.0%,0,0,0,0,0,0,0.00,0,0,0,0,0.00,0.00,5,59,1,3,1,9,12,71,14.2,7.9,0,0,0,71,0,NA,0,0,76.0%,NA,NA,NA,0,NA,4,9,0.444,4.0,31,24.3%,2.29,0,NA,NA,NA,NA,NA,0.097,NA,71,@ NYG,3,·,6.3,11.8
3,12455,Brashard Smith,RB,22.4,KC,68.0,67,65,1.3,1.3,1.3,1,1,0,72,8,0,0.0%,0,0,0,0,0,0,0.00,13,0,0,0,0.00,0.00,0,0,0,0,0,1,0,0,0.0,0.0,2,0,1,13,0,8,13,6.5,11.0%,1,3.80,0.500,1,0.880,1,3,0.333,1.0,NA,2.7%,NA,0,NA,NA,NA,NA,NA,NA,NA,13,@ NYG,6,·,3.0,-1.7
3,11577,Will Shipley,RB,23.1,PHI,0.0,0,0,0,0,0,0,0,0,0,0,0,0.0%,0,0,0,0,0,0,0.00,0,0,0,0,0.00,0.00,0,0,0,0,0,0,0,0,0.0,0.0,0,0,0,0,0,NA,0,0,0.0%,NA,NA,NA,0,NA,0,0,NA,NA,NA,NA,NA,0,NA,NA,NA,NA,NA,NA,NA,0,vs LAR,30,·,DNP,DNP
3,11596,Ben Sinnott,TE,23.3,WAS,999.0,999,999,0,0,0,1,1,1,58,33,0,0.0%,0,0,0,0,0,0,0.00,0,0,0,0,0.00,0.00,0,0,0,0,0,0,0,0,0.0,0.0,0,0,0,0,0,NA,0,0,57.0%,NA,NA,NA,0,NA,0,0,NA,0.0,NA,NA,NA,0,NA,NA,NA,NA,NA,NA,NA,0,vs LV,25,·,0.7,-0.7
3,7587,Dyami Brown,WR,25.9,JAX,95.0,98,107,2.7,1.7,0.7,1,1,1,70,23,0,0.0%,0,0,0,0,0,0,0.00,0,0,0,0,0.00,0.00,2,5,0,1,0,3,2,7,3.5,2.3,0,0,0,7,0,NA,0,0,33.0%,NA,NA,NA,0,NA,1,3,0.333,1.0,15,7.5%,0.47,0,NA,NA,NA,NA,NA,0.067,NA,7,vs HOU,26,·,8.3,-5.6
3,12545,Tyler Shough,QB,26.0,NO,999.0,999,999,0,0,0,1,1,0,73,3,0,0.0%,0,2,0,0,2,0,39.60,0,0,0,0,0.00,0.00,0,0,0,0,0,0,0,0,0.0,0.0,0,0,0,0,0,NA,0,0,4.0%,NA,NA,NA,0,NA,0,2,NA,NA,NA,NA,NA,0,0.0%,2.41,50.0%,50.0%,12.7,NA,2,0,@ SEA,21,·,DNP,DNP
3,12503,Isaiah Bond,WR,21.5,CLE,83.0,84,86,3.6,2.6,1.6,1,1,1,66,43,0,0.0%,0,0,0,0,0,0,0.00,0,0,0,0,0.00,0.00,2,14,0,0,0,4,2,16,8.0,4.0,0,0,0,16,0,NA,0,0,65.0%,NA,NA,NA,0,NA,0,4,0.000,0.0,22,11.1%,0.73,0,NA,NA,NA,NA,NA,0.000,NA,16,vs GB,28,·,2.4,1.2
3,12543,Tahj Brooks,RB,23.4,CIN,66.0,65,61,1.7,1.7,1.7,1,1,0,56,10,0,0.0%,0,0,0,0,0,0,0.00,17,0,0,0,0.00,0.00,0,0,0,0,0,0,0,0,0.0,0.0,5,1,0,17,0,16,17,3.4,18.0%,1,3.20,0.200,0,0.520,0,5,0.000,0.0,NA,0.0%,NA,0,NA,NA,NA,NA,NA,NA,NA,17,@ MIN,15,·,0.4,1.3
3,12476,Devin Neal,RB,22.1,NO,0.0,0,0,0,0,0,0,0,0,0,0,0,0.0%,0,0,0,0,0,0,0.00,0,0,0,0,0.00,0.00,0,0,0,0,0,0,0,0,0.0,0.0,0,0,0,0,0,NA,0,0,0.0%,NA,NA,NA,0,NA,0,0,NA,NA,NA,NA,NA,0,NA,NA,NA,NA,NA,NA,NA,0,@ SEA,18,OUT,OUT,OUT
3,12670,KeAndre Lambert-Smith,WR,23.9,LAC,0.0,0,0,0,0,0,0,0,0,0,0,0,0.0%,0,0,0,0,0,0,0.00,0,0,0,0,0.00,0.00,0,0,0,0,0,0,0,0,0.0,0.0,0,0,0,0,0,NA,0,0,0.0%,NA,NA,NA,0,NA,0,0,NA,NA,NA,NA,NA,0,NA,NA,NA,NA,NA,NA,NA,0,vs DEN,27,·,DNP,DNP
3,11651,Isaac Guerendo,RB,25.2,SF,999.0,999,999,0,0,0,1,0,0,65,0,0,0.0%,0,0,0,0,0,0,0.00,0,0,0,0,0.00,0.00,0,0,0,0,0,0,0,0,0.0,0.0,0,0,0,0,0,NA,0,0,0.0%,NA,NA,NA,0,NA,0,0,NA,0.0,NA,NA,NA,0,NA,NA,NA,NA,NA,NA,NA,0,vs ARI,12,·,0.4,-0.4
3,11569,Jarquez Hunter,RB,22.7,LAR,999.0,999,999,0,0,0,1,0,0,66,0,0,0.0%,0,0,0,0,0,0,0.00,0,0,0,0,0.00,0.00,0,0,0,0,0,0,0,0,0.0,0.0,0,0,0,0,0,NA,0,0,0.0%,NA,NA,NA,0,NA,0,0,NA,0.0,NA,NA,NA,0,NA,NA,NA,NA,NA,NA,NA,0,@ PHI,8,·,0.4,-0.4
3,10232,Michael Wilson,WR,25.6,ARI,112.0,113,111,1.5,1,0.5,1,1,1,66,49,0,0.0%,0,0,0,0,0,0,0.00,0,0,0,0,0.00,0.00,1,4,0,1,0,2,1,5,5.0,2.5,0,0,0,5,0,NA,0,0,74.0%,NA,NA,NA,0,NA,1,2,0.500,1.0,28,5.7%,0.18,0,NA,NA,NA,NA,NA,0.036,NA,5,@ SF,18,·,6.1,-4.6
3,11630,Roman Wilson,WR,24.3,PIT,999.0,999,999,0,0,0,1,1,0,54,9,0,0.0%,0,0,0,0,0,0,0.00,0,0,0,0,0.00,0.00,0,0,0,0,0,0,0,0,0.0,0.0,0,0,0,0,0,NA,0,0,17.0%,NA,NA,NA,0,NA,0,0,NA,0.0,NA,NA,NA,0,NA,NA,NA,NA,NA,NA,NA,0,@ NE,7,·,3.9,-3.9
3,7567,Kenneth Gainwell,RB,26.5,PIT,28.0,28,24,9.6,9.1,8.6,1,1,0,54,14,0,0.0%,0,0,0,0,0,0,0.00,16,0,0,0,0.00,0.00,1,-4,0,0,0,1,14,10,10.0,10.0,4,0,1,26,1,9,16,4,26.0%,0,2.30,0.000,2,0.230,2,5,0.400,2.0,NA,4.3%,NA,0,NA,NA,NA,NA,NA,NA,NA,26,@ NE,27,·,9.9,-0.3
3,9506,Sean Tucker,RB,23.9,TB,999.0,999,999,0,0,0,1,0,0,72,0,0,0.0%,0,0,0,0,0,0,0.00,0,0,0,0,0.00,0.00,0,0,0,0,0,0,0,0,0.0,0.0,0,0,0,0,0,NA,0,0,0.0%,NA,NA,NA,0,NA,0,0,NA,0.0,NA,NA,NA,0,NA,NA,NA,NA,NA,NA,NA,0,vs NYJ,9,·,1.0,-1.0
3,8180,Jalen Nailor,WR,26.6,MIN,57.0,56,56,6.7,5.2,3.7,1,1,1,60,50,0,0.0%,0,0,0,0,0,0,0.00,0,0,0,0,0.00,0.00,3,24,0,2,0,5,13,37,12.3,7.4,0,0,0,37,0,NA,0,0,83.0%,NA,NA,NA,0,NA,2,5,0.400,2.0,25,20.8%,1.48,0,NA,NA,NA,NA,NA,0.080,NA,37,vs CIN,11,·,9.6,-2.9
3,5001,Dalton Schultz,TE,29.2,HOU,17.0,20,20,8.9,6.4,3.9,1,1,1,63,50,0,0.0%,0,0,0,0,0,0,0.00,0,0,0,0,0.00,0.00,5,28,0,2,0,6,11,39,7.8,6.5,0,0,0,39,0,NA,0,0,79.0%,NA,NA,NA,0,NA,2,6,0.333,2.0,29,15.8%,1.34,0,NA,NA,NA,NA,NA,0.069,NA,39,@ JAX,27,·,8.4,0.5
3,12544,LeQuint Allen,RB,21.1,JAX,64.0,66,68,1.9,1.4,0.9,1,1,0,70,21,0,0.0%,0,0,0,0,0,0,0.00,0,0,0,0,0.00,0.00,1,3,0,0,0,1,6,9,9.0,9.0,0,0,0,9,0,0,0,0,30.0%,0,0.00,NA,0,NA,0,1,0.000,0.0,NA,2.5%,NA,0,NA,NA,NA,NA,NA,NA,NA,9,vs HOU,20,·,1.7,0.2
3,8143,Jerome Ford,RB,26.0,CLE,48.0,53,67,5,3,1,1,1,0,66,24,0,0.0%,0,0,0,0,0,0,0.00,0,0,0,0,0.00,0.00,4,-5,0,0,0,4,15,10,2.5,2.5,0,0,0,10,0,0,0,0,36.0%,0,0.00,NA,0,NA,0,4,0.000,0.0,NA,11.1%,NA,0,NA,NA,NA,NA,NA,NA,NA,10,vs GB,31,·,6.6,-1.6
3,12641,Jaylin Lane,WR,23.4,WAS,55.0,46,39,6.8,6.3,5.8,1,1,0,58,14,0,0.0%,0,0,0,0,0,0,0.00,0,0,0,0,0.00,0.00,1,-4,0,0,0,2,2,-2,-2.0,-1.0,0,0,0,-2,0,NA,0,0,24.0%,NA,NA,NA,0,NA,0,2,0.000,0.0,11,9.5%,-0.18,0,NA,NA,NA,NA,NA,0.000,NA,-2,vs LV,4,·,6.3,0.5
3,12493,Oronde Gadsden,TE,22.2,LAC,14.0,17,18,9.6,7.1,4.6,1,1,0,86,22,0,0.0%,0,0,0,0,0,0,0.00,0,0,0,0,0.00,0.00,5,40,0,3,0,7,6,46,9.2,6.6,0,0,0,46,0,NA,0,0,26.0%,NA,NA,NA,0,NA,3,7,0.429,3.0,15,14.9%,3.07,0,NA,NA,NA,NA,NA,0.200,NA,46,vs DEN,24,·,2.0,7.6
3,1426,DeAndre Hopkins,WR,33.3,BAL,100.0,95,92,2.3,1.8,1.3,1,1,0,57,14,0,0.0%,0,0,0,0,0,0,0.00,0,0,0,0,0.00,0.00,1,13,0,1,0,2,0,13,13.0,6.5,0,0,0,13,0,NA,0,0,25.0%,NA,NA,NA,0,NA,1,2,0.500,1.0,7,7.1%,1.86,0,NA,NA,NA,NA,NA,0.143,NA,13,vs DET,6,·,5.4,-3.1
3,7021,Rico Dowdle,RB,27.3,CAR,24.0,21,20,10.8,10.3,9.8,1,1,0,58,23,0,0.0%,0,0,0,0,0,0,0.00,30,0,0,0,0.00,0.00,1,-7,0,1,0,1,15,8,8.0,8.0,10,1,2,38,1,29,30,3,40.0%,2,2.90,0.200,3,0.490,4,11,0.364,4.0,NA,4.2%,NA,0,NA,NA,NA,NA,NA,NA,NA,38,vs ATL,32,·,4.4,6.4
3,11557,Joe Milton,QB,25.6,DAL,35.0,35,35,0.64,0.64,0.64,1,1,0,74,10,0,60.0%,34,5,3,2,2,1,46.70,41,0,0,41,8.20,13.67,0,0,0,0,0,0,0,0,0.0,0.0,0,0,0,0,0,NA,0,0,14.0%,NA,NA,NA,0,NA,2,5,NA,NA,NA,NA,NA,2,40.0%,3.16,20.0%,0.0%,13.9,NA,5,41,@ CHI,15,·,DNP,DNP
3,10219,Chris Rodriguez,RB,25.0,WAS,53.0,49,44,3.9,3.9,3.9,1,1,1,58,22,0,0.0%,0,0,0,0,0,0,0.00,39,0,0,0,0.00,0.00,0,0,0,0,0,0,0,0,0.0,0.0,11,0,1,39,0,19,39,3.55,38.0%,0,1.70,0.000,1,0.170,1,11,0.091,1.0,NA,0.0%,NA,0,NA,NA,NA,NA,NA,NA,NA,39,vs LV,10,·,5.6,-1.7
3,9487,Parker Washington,WR,23.5,JAX,53.0,54,59,7.4,5.4,3.4,1,1,0,70,50,0,0.0%,0,0,0,0,0,0,0.00,0,0,0,0,0.00,0.00,4,22,2,2,0,11,12,34,8.5,3.1,0,0,0,34,0,NA,0,0,71.0%,NA,NA,NA,0,NA,2,11,0.182,2.0,31,27.5%,1.10,0,NA,NA,NA,NA,NA,0.065,NA,34,vs HOU,26,·,4.2,3.2
3,9481,Luke Musgrave,TE,25.0,GB,999.0,999,999,0,0,0,1,1,0,65,13,0,0.0%,0,0,0,0,0,0,0.00,0,0,0,0,0.00,0.00,0,0,0,0,0,0,0,0,0.0,0.0,0,0,0,0,0,NA,0,0,20.0%,NA,NA,NA,0,NA,0,0,NA,0.0,NA,NA,NA,0,NA,NA,NA,NA,NA,NA,NA,0,@ CLE,19,·,5.0,-5.0
3,12467,Jordan James,RB,21.5,SF,999.0,999,999,0,0,0,0,0,0,65,0,0,0.0%,0,0,0,0,0,0,0.00,0,0,0,0,0.00,0.00,0,0,0,0,0,0,0,0,0.0,0.0,0,0,0,0,0,NA,0,0,0.0%,NA,NA,NA,0,NA,0,0,NA,NA,NA,NA,NA,0,NA,NA,NA,NA,NA,NA,NA,0,vs ARI,12,OUT,OUT,OUT
3,11603,AJ Barner,TE,23.4,SEA,38.0,37,31,3.3,2.8,2.3,1,1,1,57,31,0,0.0%,0,0,0,0,0,0,0.00,0,0,0,0,0.00,0.00,1,20,0,1,0,1,3,23,23.0,23.0,0,0,0,23,0,NA,0,0,54.0%,NA,NA,NA,0,NA,1,1,1.000,1.0,9,4.8%,2.56,0,NA,NA,NA,NA,NA,0.111,NA,23,vs NO,4,·,5.3,-2.0
3,11581,MarShawn Lloyd,RB,24.7,GB,999.0,999,999,0,0,0,1,0,0,0,0,0,0.0%,0,0,0,0,0,0,0.00,0,0,0,0,0.00,0.00,0,0,0,0,0,0,0,0,0.0,0.0,0,0,0,0,0,NA,0,0,0.0%,NA,NA,NA,0,NA,0,0,NA,NA,NA,NA,NA,0,NA,NA,NA,NA,NA,NA,NA,0,@ CLE,28,IR,IR,IR
3,12502,Gunnar Helm,TE,23.0,TEN,28.0,27,28,5.7,4.2,2.7,1,1,0,70,27,0,0.0%,0,0,0,0,0,0,0.00,0,0,0,0,0.00,0.00,3,7,0,2,0,3,20,27,9.0,9.0,0,0,0,27,0,NA,0,0,39.0%,NA,NA,NA,0,NA,2,3,0.667,2.0,15,7.9%,1.80,0,NA,NA,NA,NA,NA,0.133,NA,27,vs IND,20,·,2.5,3.2
3,5857,Noah Fant,TE,27.8,CIN,29.0,35,51,5.6,3.1,0.6,1,1,1,56,18,1,0.0%,0,0,0,0,0,0,0.00,0,0,0,0,0.00,0.00,5,13,0,1,0,5,13,26,5.2,5.2,0,0,0,26,0,NA,0,0,32.0%,NA,NA,NA,0,NA,1,5,0.200,1.0,12,18.5%,2.17,0,NA,NA,NA,NA,NA,0.083,NA,26,@ MIN,14,·,5.6,0.0
3,8119,Jahan Dotson,WR,25.5,PHI,111.0,111,108,1.7,1.2,0.7,1,1,0,67,52,0,0.0%,0,0,0,0,0,0,0.00,0,0,0,0,0.00,0.00,1,5,0,0,0,3,2,7,7.0,2.3,0,0,0,7,0,NA,0,0,78.0%,NA,NA,NA,0,NA,0,3,0.000,0.0,31,9.4%,0.23,0,NA,NA,NA,NA,NA,0.000,NA,7,vs LAR,12,·,3.9,-2.2
3,12482,Savion Williams,WR,23.8,GB,120.0,120,120,-0.1,-0.1,-0.1,1,1,0,65,6,0,0.0%,0,0,0,0,0,0,0.00,-1,0,0,0,0.00,0.00,0,0,0,0,0,0,0,0,0.0,0.0,2,1,0,-1,0,NA,-1,-0.5,9.0%,NA,NA,NA,0,NA,0,2,0.000,0.0,NA,NA,NA,0,NA,NA,NA,NA,NA,NA,NA,-1,@ CLE,8,·,1.8,-1.9
3,19,Joe Flacco,QB,40.7,CLE,32.0,32,32,4.68,4.68,4.68,1,1,1,66,66,0,58.3%,74,36,21,7,15,1,55.60,142,2,0,142,3.94,6.76,0,0,0,0,0,0,0,0,0.0,0.0,0,0,0,0,0,NA,0,0,100.0%,NA,NA,NA,0,NA,7,36,NA,NA,NA,NA,NA,7,19.4%,2.81,8.3%,42.1%,7.0,NA,38,142,vs GB,27,·,18.9,-14.2
3,10235,Roschon Johnson,RB,24.6,CHI,999.0,999,999,0,0,0,1,0,0,59,0,0,0.0%,0,0,0,0,0,0,0.00,0,0,0,0,0.00,0.00,0,0,0,0,0,0,0,0,0.0,0.0,0,0,0,0,0,NA,0,0,0.0%,NA,NA,NA,0,NA,0,0,NA,0.0,NA,NA,NA,0,NA,NA,NA,NA,NA,NA,NA,0,vs DAL,5,·,0.8,-0.8
3,12540,Chimere Dike,WR,23.8,TEN,86.0,92,113,3.5,2,0.5,1,1,1,70,29,0,0.0%,0,0,0,0,0,0,0.00,3,0,0,0,0.00,0.00,3,-6,0,0,0,4,8,2,0.7,0.5,2,0,0,5,0,NA,3,1.5,41.0%,NA,NA,NA,0,NA,0,6,0.000,0.0,13,10.5%,0.15,0,NA,NA,NA,NA,NA,0.000,NA,5,vs IND,5,·,2.7,0.8
3,4098,Kareem Hunt,RB,30.1,KC,22.0,19,17,11.4,10.9,10.4,1,1,0,72,32,0,0.0%,0,0,0,0,0,0,0.00,34,0,0,0,0.00,0.00,1,-3,0,1,0,1,13,10,10.0,10.0,10,0,1,44,1,37,34,3.4,44.0%,1,3.70,0.100,2,0.470,3,11,0.273,3.0,NA,2.7%,NA,0,NA,NA,NA,NA,NA,NA,NA,44,@ NYG,6,·,9.4,2.0
3,10226,Andrei Iosivas,WR,25.9,CIN,999.0,999,999,0,0,0,1,1,0,56,35,0,0.0%,0,0,0,0,0,0,0.00,0,0,0,0,0.00,0.00,0,0,0,0,0,0,0,0,0.0,0.0,0,0,0,0,0,NA,0,0,63.0%,NA,NA,NA,0,NA,0,0,NA,0.0,16,0.0%,0.00,0,NA,NA,NA,NA,NA,0.000,NA,0,@ MIN,32,·,4.1,-4.1
3,5906,Dawson Knox,TE,28.8,BUF,999.0,999,999,0,0,0,1,1,1,60,32,0,0.0%,0,0,0,0,0,0,0.00,0,0,0,0,0.00,0.00,0,0,0,0,0,0,0,0,0.0,0.0,0,0,0,0,0,NA,0,0,53.0%,NA,NA,NA,0,NA,0,0,NA,0.0,12,0.0%,0.00,0,NA,NA,NA,NA,NA,0.000,NA,0,vs MIA,6,·,3.9,-3.9
3,12523,Jimmy Horn,WR,23.0,CAR,0.0,0,0,0,0,0,0,0,0,0,0,0,0.0%,0,0,0,0,0,0,0.00,0,0,0,0,0.00,0.00,0,0,0,0,0,0,0,0,0.0,0.0,0,0,0,0,0,NA,0,0,0.0%,NA,NA,NA,0,NA,0,0,NA,NA,NA,NA,NA,0,NA,NA,NA,NA,NA,NA,NA,0,vs ATL,30,·,DNP,DNP
3,7828,Noah Gray,TE,26.4,KC,33.0,33,36,4.7,3.2,1.7,1,1,0,72,49,0,0.0%,0,0,0,0,0,0,0.00,0,0,0,0,0.00,0.00,3,5,0,1,0,6,12,17,5.7,2.8,0,0,0,17,0,NA,0,0,68.0%,NA,NA,NA,0,NA,1,6,0.167,1.0,19,16.2%,0.89,0,NA,NA,NA,NA,NA,0.053,NA,17,@ NYG,23,·,5.7,-1.0
3,10218,Xavier Hutchinson,WR,25.3,HOU,73.0,79,85,4.6,3.1,1.6,1,1,1,63,39,0,0.0%,0,0,0,0,0,0,0.00,0,0,0,0,0.00,0.00,3,9,0,0,0,3,7,16,5.3,5.3,0,0,0,16,0,NA,0,0,62.0%,NA,NA,NA,0,NA,0,3,0.000,0.0,28,7.9%,0.57,0,NA,NA,NA,NA,NA,0.000,NA,16,@ JAX,24,·,3.4,1.2
3,11623,Jordan Whittington,WR,25.0,LAR,87.0,87,90,3.4,2.4,1.4,1,1,1,66,33,0,0.0%,0,0,0,0,0,0,0.00,7,0,0,0,0.00,0.00,2,7,0,0,0,3,0,7,3.5,2.3,2,0,0,14,0,NA,7,3.5,50.0%,NA,NA,NA,0,NA,0,5,0.000,0.0,12,8.8%,0.58,0,NA,NA,NA,NA,NA,0.000,NA,14,@ PHI,15,·,2.2,1.2
3,3161,Carson Wentz,QB,32.7,MIN,13.0,13,13,15.32,15.32,15.32,1,1,1,60,48,0,70.0%,92,20,14,7,6,0,129.80,177,3,2,173,8.65,12.36,0,0,0,0,0,0,0,0,0.0,0.0,2,0,0,4,0,NA,4,2,80.0%,NA,NA,NA,0,NA,9,22,NA,NA,NA,NA,NA,9,45.0%,2.43,5.0%,44.0%,8.9,NA,25,177,vs CIN,7,Q,16.6,-1.3
3,7596,Elijah Moore,WR,25.5,BUF,61.0,58,52,6.1,5.1,4.1,1,1,0,60,14,0,0.0%,0,0,0,0,0,0,0.00,11,0,0,0,0.00,0.00,2,1,0,1,0,3,29,30,15.0,10.0,1,0,1,41,0,NA,11,11,23.0%,NA,NA,NA,1,NA,2,4,0.500,2.0,8,10.7%,3.75,0,NA,NA,NA,NA,NA,0.125,NA,41,vs MIA,21,OUT,1.9,4.2
3,5995,Justice Hill,RB,27.8,BAL,36.0,38,42,7.5,6,4.5,1,1,0,57,29,0,0.0%,0,0,0,0,0,0,0.00,0,0,0,0,0.00,0.00,3,4,0,1,0,4,41,45,15.0,11.3,0,0,0,45,0,0,0,0,51.0%,1,0.00,NA,0,NA,1,4,0.250,1.0,NA,14.3%,NA,0,NA,NA,NA,NA,NA,NA,NA,45,vs DET,26,·,5.7,1.8
3,11571,Isaiah Davis,RB,23.6,NYJ,999.0,999,999,0,0,0,1,1,0,69,9,0,0.0%,0,0,0,0,0,0,0.00,0,0,0,0,0.00,0.00,0,0,0,0,0,0,0,0,0.0,0.0,0,0,0,0,0,NA,0,0,13.0%,NA,NA,NA,0,NA,0,0,NA,0.0,NA,NA,NA,0,NA,NA,NA,NA,NA,NA,NA,0,@ TB,17,·,3.6,-3.6
3,12542,Efton Chism,WR,23.9,NE,0.0,0,0,0,0,0,0,0,0,0,0,0,0.0%,0,0,0,0,0,0,0.00,0,0,0,0,0.00,0.00,0,0,0,0,0,0,0,0,0.0,0.0,0,0,0,0,0,NA,0,0,0.0%,NA,NA,NA,0,NA,0,0,NA,NA,NA,NA,NA,0,NA,NA,NA,NA,NA,NA,NA,0,vs PIT,22,OUT,OUT,OUT
3,5955,Hunter Renfrow,WR,29.8,CAR,98.0,101,110,2.6,1.6,0.6,1,1,0,58,17,0,0.0%,0,0,0,0,0,0,0.00,0,0,0,0,0.00,0.00,2,-1,0,0,0,4,7,6,3.0,1.5,0,0,0,6,0,NA,0,0,29.0%,NA,NA,NA,0,NA,0,4,0.000,0.0,11,16.7%,0.55,0,NA,NA,NA,NA,NA,0.000,NA,6,vs ATL,30,·,9.4,-6.8
3,12511,Will Howard,QB,24.0,PIT,999.0,999,999,0,0,0,1,0,0,0,0,0,0.0%,0,0,0,0,0,0,0.00,0,0,0,0,0.00,0.00,0,0,0,0,0,0,0,0,0.0,0.0,0,0,0,0,0,NA,0,0,0.0%,NA,NA,NA,0,NA,0,0,NA,NA,NA,NA,NA,0,NA,NA,NA,NA,NA,NA,NA,0,@ NE,12,IR,IR,IR
3,8117,Jalen Tolbert,WR,26.6,DAL,52.0,51,47,7.4,5.9,4.4,1,1,0,74,65,0,0.0%,0,0,0,0,0,0,0.00,0,0,0,0,0.00,0.00,3,16,0,3,0,6,8,24,8.0,4.0,0,0,0,24,0,NA,0,0,88.0%,NA,NA,NA,0,NA,3,6,0.500,3.0,42,13.3%,0.57,0,NA,NA,NA,NA,NA,0.071,NA,24,@ CHI,23,·,4.7,2.7
3,11650,Luke McCaffrey,WR,24.5,WAS,23.0,20,19,14.6,13.1,11.6,1,1,0,58,21,0,0.0%,0,0,0,0,0,0,0.00,0,0,0,0,0.00,0.00,3,14,0,0,1,3,42,56,18.7,18.7,0,0,0,56,0,NA,0,0,36.0%,NA,NA,NA,0,NA,1,3,0.333,1.0,11,14.3%,5.09,0,NA,NA,NA,NA,NA,0.000,NA,56,vs LV,4,·,2.9,11.7
3,6149,Darius Slayton,WR,28.7,NYG,54.0,59,64,7,5,3,1,1,0,66,50,0,0.0%,0,0,0,0,0,0,0.00,0,0,0,0,0.00,0.00,4,25,0,1,0,4,5,30,7.5,7.5,0,0,0,30,0,NA,0,0,76.0%,NA,NA,NA,0,NA,1,4,0.250,1.0,26,12.5%,1.15,0,NA,NA,NA,NA,NA,0.038,NA,30,vs KC,31,Q,5.4,1.6
3,6151,Miles Sanders,RB,28.4,DAL,32.0,33,35,8.3,6.8,5.3,1,1,0,74,27,0,0.0%,0,0,0,0,0,0,0.00,41,0,0,0,0.00,0.00,3,10,0,0,0,3,2,12,4.0,4.0,9,1,2,53,0,37,41,4.56,36.0%,2,4.10,0.222,2,0.632,2,12,0.167,2.0,NA,6.7%,NA,0,NA,NA,NA,NA,NA,NA,NA,53,@ CHI,7,OUT,5.4,2.9
3,11629,Devontez Walker,WR,24.3,BAL,78.0,67,58,4.4,3.9,3.4,1,1,0,57,7,0,0.0%,0,0,0,0,0,0,0.00,0,0,0,0,0.00,0.00,1,32,0,1,0,1,2,34,34.0,34.0,0,0,0,34,0,NA,0,0,12.0%,NA,NA,NA,0,NA,1,1,1.000,1.0,6,3.6%,5.67,0,NA,NA,NA,NA,NA,0.167,NA,34,vs DET,6,·,2.5,1.9
3,6271,Olamide Zaccheaus,WR,28.2,CHI,58.0,57,57,6.6,5.1,3.6,1,1,0,59,34,0,0.0%,0,0,0,0,0,0,0.00,12,0,0,0,0.00,0.00,3,17,0,1,0,4,7,24,8.0,6.0,1,0,1,36,0,NA,12,12,58.0%,NA,NA,NA,1,NA,2,5,0.400,2.0,16,14.3%,1.50,0,NA,NA,NA,NA,NA,0.063,NA,36,vs DAL,1,·,6.2,0.4
3,1689,Adam Thielen,WR,35.1,MIN,999.0,999,999,0,0,0,1,1,1,60,45,0,0.0%,0,0,0,0,0,0,0.00,0,0,0,0,0.00,0.00,0,0,1,0,0,2,0,0,0.0,0.0,0,0,0,0,0,NA,0,0,75.0%,NA,NA,NA,0,NA,0,2,0.000,0.0,24,8.3%,0.00,0,NA,NA,NA,NA,NA,0.000,NA,0,vs CIN,11,·,9.0,-9.0
3,4993,Mike Gesicki,TE,30.0,CIN,51.0,51,50,1.6,1.1,0.6,1,1,0,56,17,0,0.0%,0,0,0,0,0,0,0.00,0,0,0,0,0.00,0.00,1,3,0,0,0,3,3,6,6.0,2.0,0,0,0,6,0,NA,0,0,30.0%,NA,NA,NA,0,NA,0,3,0.000,0.0,11,11.1%,0.55,0,NA,NA,NA,NA,NA,0.000,NA,6,@ MIN,14,·,5.8,-4.2
3,8129,Dameon Pierce,RB,25.6,HOU,0.0,0,0,0,0,0,0,0,0,0,0,0,0.0%,0,0,0,0,0,0,0.00,0,0,0,0,0.00,0.00,0,0,0,0,0,0,0,0,0.0,0.0,0,0,0,0,0,NA,0,0,0.0%,NA,NA,NA,0,NA,0,0,NA,NA,NA,NA,NA,0,NA,NA,NA,NA,NA,NA,NA,0,@ JAX,29,·,DNP,DNP
3,12500,Quinn Ewers,QB,22.4,MIA,0.0,0,0,0,0,0,0,0,0,0,0,0,0.0%,0,0,0,0,0,0,0.00,0,0,0,0,0.00,0.00,0,0,0,0,0,0,0,0,0.0,0.0,0,0,0,0,0,NA,0,0,0.0%,NA,NA,NA,0,NA,0,0,NA,NA,NA,NA,NA,0,NA,NA,NA,NA,NA,NA,NA,0,@ BUF,19,OUT,OUT,OUT
3,12496,Tai Felton,WR,22.5,MIN,105.0,104,98,1.9,1.4,0.9,1,1,0,60,12,0,0.0%,0,0,0,0,0,0,0.00,0,0,0,0,0.00,0.00,1,7,0,0,0,1,2,9,9.0,9.0,0,0,0,9,0,NA,0,0,20.0%,NA,NA,NA,0,NA,0,1,0.000,0.0,4,4.2%,2.25,0,NA,NA,NA,NA,NA,0.000,NA,9,vs CIN,11,·,0.6,1.3
3,12485,Tez Johnson,WR,23.4,TB,999.0,999,999,0,0,0,1,1,0,72,21,0,0.0%,0,0,0,0,0,0,0.00,0,0,0,0,0.00,0.00,0,0,0,0,0,1,0,0,0.0,0.0,0,0,0,0,0,NA,0,0,29.0%,NA,NA,NA,0,NA,0,1,0.000,0.0,NA,NA,NA,0,NA,NA,NA,NA,NA,NA,NA,0,vs NYJ,13,·,2.1,-2.1
3,9497,Jalin Hyatt,WR,24.0,NYG,999.0,999,999,0,0,0,1,1,0,66,6,0,0.0%,0,0,0,0,0,0,0.00,0,0,0,0,0.00,0.00,0,0,0,0,0,0,0,0,0.0,0.0,0,0,0,0,0,NA,0,0,9.0%,NA,NA,NA,0,NA,0,0,NA,0.0,4,0.0%,0.00,0,NA,NA,NA,NA,NA,0.000,NA,0,vs KC,31,·,0.1,-0.1
3,4040,JuJu Smith-Schuster,WR,28.8,KC,38.0,41,42,9.5,7.5,5.5,1,1,1,72,50,0,0.0%,0,0,0,0,0,0,0.00,0,0,0,0,0.00,0.00,4,18,0,3,0,4,37,55,13.8,13.8,0,0,0,55,0,NA,0,0,69.0%,NA,NA,NA,0,NA,3,4,0.750,3.0,27,10.8%,2.04,0,NA,NA,NA,NA,NA,0.111,NA,55,@ NYG,3,·,5.7,3.8
3,11834,Devaughn Vele,WR,27.8,NO,0.0,0,0,0,0,0,0,0,0,0,0,0,0.0%,0,0,0,0,0,0,0.00,0,0,0,0,0.00,0.00,0,0,0,0,0,0,0,0,0.0,0.0,0,0,0,0,0,NA,0,0,0.0%,NA,NA,NA,0,NA,0,0,NA,NA,NA,NA,NA,0,NA,NA,NA,NA,NA,NA,NA,0,@ SEA,17,·,DNP,DNP
3,8917,KaVontae Turpin,WR,29.1,DAL,42.0,40,35,8.8,7.8,6.8,1,1,0,74,49,0,0.0%,0,0,0,0,0,0,0.00,4,0,0,0,0.00,0.00,2,58,0,2,0,3,6,64,32.0,21.3,1,0,0,68,0,NA,4,4,66.0%,NA,NA,NA,0,NA,2,4,0.500,2.0,33,6.7%,1.94,0,NA,NA,NA,NA,NA,0.061,NA,68,@ CHI,23,OUT,6.4,2.4
3,5096,Ray-Ray McCloud,WR,28.9,ATL,81.0,83,83,4,3,2,1,1,1,66,46,0,0.0%,0,0,0,0,0,0,0.00,0,0,0,0,0.00,0.00,2,-2,0,1,0,5,22,20,10.0,4.0,0,0,0,20,0,NA,0,0,70.0%,NA,NA,NA,0,NA,1,5,0.200,1.0,28,11.6%,0.71,0,NA,NA,NA,NA,NA,0.036,NA,20,@ CAR,29,·,5.2,-1.2
3,11640,Jermaine Burton,WR,24.2,CIN,0.0,0,0,0,0,0,0,0,0,0,0,0,0.0%,0,0,0,0,0,0,0.00,0,0,0,0,0.00,0.00,0,0,0,0,0,0,0,0,0.0,0.0,0,0,0,0,0,NA,0,0,0.0%,NA,NA,NA,0,NA,0,0,NA,NA,NA,NA,NA,0,NA,NA,NA,NA,NA,NA,NA,0,@ MIN,32,OUT,OUT,OUT
3,12516,Kalel Mullings,RB,23.0,TEN,999.0,999,999,0,0,0,1,0,0,70,0,0,0.0%,0,0,0,0,0,0,0.00,0,0,0,0,0.00,0.00,0,0,0,0,0,0,0,0,0.0,0.0,0,0,0,0,0,NA,0,0,0.0%,NA,NA,NA,0,NA,0,0,NA,0.0,NA,NA,NA,0,NA,NA,NA,NA,NA,NA,NA,0,vs IND,24,IR,1.2,-1.2
3,8161,Malik Willis,QB,26.3,GB,999.0,999,999,0,0,0,1,0,0,65,0,0,0.0%,0,0,0,0,0,0,0.00,0,0,0,0,0.00,0.00,0,0,0,0,0,0,0,0,0.0,0.0,0,0,0,0,0,NA,0,0,0.0%,NA,NA,NA,0,NA,0,0,NA,NA,NA,NA,NA,0,NA,NA,NA,NA,NA,NA,NA,0,@ CLE,24,·,DNP,DNP
3,6039,Ty Johnson,RB,28.0,BUF,55.0,57,56,3.1,2.6,2.1,1,1,0,60,15,0,0.0%,0,0,0,0,0,0,0.00,13,0,0,0,0.00,0.00,1,1,1,1,0,2,7,8,8.0,4.0,3,0,1,21,0,12,13,4.33,25.0%,0,3.90,0.000,1,0.390,2,5,0.400,2.0,NA,7.1%,NA,0,NA,NA,NA,NA,NA,NA,NA,21,vs MIA,4,·,3.9,-0.8
3,8698,Jake Tonges,TE,26.2,SF,36.0,36,34,4.1,3.1,2.1,1,1,1,65,45,0,0.0%,0,0,0,0,0,0,0.00,0,0,0,0,0.00,0.00,2,14,0,2,0,3,7,21,10.5,7.0,0,0,0,21,0,NA,0,0,69.0%,NA,NA,NA,0,NA,2,3,0.667,2.0,29,7.3%,0.72,0,NA,NA,NA,NA,NA,0.069,NA,21,vs ARI,12,·,6.4,-2.3
3,8147,John Metchie,WR,25.2,PHI,110.0,109,105,1.8,1.3,0.8,1,1,0,67,2,0,0.0%,0,0,0,0,0,0,0.00,0,0,0,0,0.00,0.00,1,4,0,1,0,1,4,8,8.0,8.0,0,0,0,8,0,NA,0,0,3.0%,NA,NA,NA,0,NA,1,1,1.000,1.0,1,3.1%,8.00,0,NA,NA,NA,NA,NA,1.000,NA,8,vs LAR,12,·,0.5,1.3
3,6945,Antonio Gibson,RB,27.2,NE,70.0,70,69,0.8,0.8,0.8,1,1,0,74,19,1,0.0%,0,0,0,0,0,0,0.00,28,0,0,0,0.00,0.00,0,0,0,0,0,0,0,0,0.0,0.0,7,1,2,28,0,21,28,4,26.0%,1,3.00,0.143,2,0.443,2,7,0.286,2.0,NA,0.0%,NA,0,NA,NA,NA,NA,NA,NA,NA,28,vs PIT,23,OUT,3.0,-2.2
3,8207,Tyler Goodson,RB,24.9,IND,71.0,71,70,0.6,0.6,0.6,1,1,0,57,4,0,0.0%,0,0,0,0,0,0,0.00,6,0,0,0,0.00,0.00,0,0,0,0,0,0,0,0,0.0,0.0,2,0,0,6,0,5,6,3,7.0%,0,2.30,0.000,0,0.230,0,2,0.000,0.0,NA,0.0%,NA,0,NA,NA,NA,NA,NA,NA,NA,6,@ TEN,3,OUT,0.9,-0.3
3,11435,Emanuel Wilson,RB,26.4,GB,60.0,59,52,2.5,2.5,2.5,1,1,0,65,15,0,0.0%,0,0,0,0,0,0,0.00,25,0,0,0,0.00,0.00,0,0,0,0,0,0,0,0,0.0,0.0,6,1,1,25,0,19,25,4.17,23.0%,2,3.10,0.333,1,0.643,1,6,0.167,1.0,NA,0.0%,NA,0,NA,NA,NA,NA,NA,NA,NA,25,@ CLE,28,·,0.5,2.0
3,7562,Tutu Atwell,WR,26.0,LAR,999.0,999,999,0,0,0,1,1,0,66,25,0,0.0%,0,0,0,0,0,0,0.00,0,0,0,0,0.00,0.00,0,0,0,0,0,1,0,0,0.0,0.0,0,0,0,0,0,NA,0,0,38.0%,NA,NA,NA,0,NA,0,1,0.000,0.0,18,2.9%,0.00,0,NA,NA,NA,NA,NA,0.000,NA,0,@ PHI,15,·,1.6,-1.6
3,11821,Tahj Washington,WR,24.4,MIA,0.0,0,0,0,0,0,0,0,0,0,0,0,0.0%,0,0,0,0,0,0,0.00,0,0,0,0,0.00,0.00,0,0,0,0,0,0,0,0,0.0,0.0,0,0,0,0,0,NA,0,0,0.0%,NA,NA,NA,0,NA,0,0,NA,NA,NA,NA,NA,0,NA,NA,NA,NA,NA,NA,NA,0,@ BUF,20,·,DNP,DNP
3,11619,Ja'Lynn Polk,WR,23.4,NO,999.0,999,999,0,0,0,1,0,0,0,0,0,0.0%,0,0,0,0,0,0,0.00,0,0,0,0,0.00,0.00,0,0,0,0,0,0,0,0,0.0,0.0,0,0,0,0,0,NA,0,0,0.0%,NA,NA,NA,0,NA,0,0,NA,NA,NA,NA,NA,0,NA,NA,NA,NA,NA,NA,NA,0,@ SEA,17,IR,IR,IR
3,12472,Raheim Sanders,RB,23.3,CLE,0.0,0,0,0,0,0,0,0,0,0,0,0,0.0%,0,0,0,0,0,0,0.00,0,0,0,0,0.00,0.00,0,0,0,0,0,0,0,0,0.0,0.0,0,0,0,0,0,NA,0,0,0.0%,NA,NA,NA,0,NA,0,0,NA,NA,NA,NA,NA,0,NA,NA,NA,NA,NA,NA,NA,0,vs GB,31,OUT,OUT,OUT
3,11599,Cade Stover,TE,25.3,HOU,999.0,999,999,0,0,0,1,0,0,0,0,0,0.0%,0,0,0,0,0,0,0.00,0,0,0,0,0.00,0.00,0,0,0,0,0,0,0,0,0.0,0.0,0,0,0,0,0,NA,0,0,0.0%,NA,NA,NA,0,NA,0,0,NA,NA,NA,NA,NA,0,NA,NA,NA,NA,NA,NA,NA,0,@ JAX,27,IR,IR,IR
3,11616,Jacob Cowing,WR,24.6,SF,999.0,999,999,0,0,0,1,0,0,0,0,0,0.0%,0,0,0,0,0,0,0.00,0,0,0,0,0.00,0.00,0,0,0,0,0,0,0,0,0.0,0.0,0,0,0,0,0,NA,0,0,0.0%,NA,NA,NA,0,NA,0,0,NA,NA,NA,NA,NA,0,NA,NA,NA,NA,NA,NA,NA,0,vs ARI,14,IR,IR,IR
3,11439,Jaleel McLaughlin,RB,25.0,DEN,0.0,0,0,0,0,0,0,0,0,0,0,0,0.0%,0,0,0,0,0,0,0.00,0,0,0,0,0.00,0.00,0,0,0,0,0,0,0,0,0.0,0.0,0,0,0,0,0,NA,0,0,0.0%,NA,NA,NA,0,NA,0,0,NA,NA,NA,NA,NA,0,NA,NA,NA,NA,NA,NA,NA,0,@ LAC,25,OUT,OUT,OUT
3,2306,Jameis Winston,QB,31.7,NYG,0.0,0,0,0,0,0,0,0,0,0,0,0,0.0%,0,0,0,0,0,0,0.00,0,0,0,0,0.00,0.00,0,0,0,0,0,0,0,0,0.0,0.0,0,0,0,0,0,NA,0,0,0.0%,NA,NA,NA,0,NA,0,0,NA,NA,NA,NA,NA,0,NA,NA,NA,NA,NA,NA,NA,0,vs KC,30,OUT,OUT,OUT
3,9492,Trey Palmer,WR,24.5,NO,0.0,0,0,0,0,0,0,0,0,0,0,0,0.0%,0,0,0,0,0,0,0.00,0,0,0,0,0.00,0.00,0,0,0,0,0,0,0,0,0.0,0.0,0,0,0,0,0,NA,0,0,0.0%,NA,NA,NA,0,NA,0,0,NA,NA,NA,NA,NA,0,NA,NA,NA,NA,NA,NA,NA,0,@ SEA,17,IR,IR,IR
3,4234,Noah Brown,WR,29.7,WAS,0.0,0,0,0,0,0,0,0,0,0,0,0,0.0%,0,0,0,0,0,0,0.00,0,0,0,0,0.00,0.00,0,0,0,0,0,0,0,0,0.0,0.0,0,0,0,0,0,NA,0,0,0.0%,NA,NA,NA,0,NA,0,0,NA,NA,NA,NA,NA,0,NA,NA,NA,NA,NA,NA,NA,0,vs LV,4,OUT,OUT,OUT
3,9479,Darnell Washington,TE,24.1,PIT,999.0,999,999,0,0,0,1,1,1,54,20,0,0.0%,0,0,0,0,0,0,0.00,0,0,0,0,0.00,0.00,0,0,0,0,0,0,0,0,0.0,0.0,0,0,0,0,0,NA,0,0,37.0%,NA,NA,NA,0,NA,0,0,NA,0.0,NA,NA,NA,0,NA,NA,NA,NA,NA,NA,NA,0,@ NE,5,·,2.6,-2.6
3,4219,Jeremy McNichols,RB,29.7,WAS,17.0,13,13,13.8,13.8,13.8,1,1,0,58,15,0,0.0%,0,0,0,0,0,0,0.00,78,0,0,0,0.00,0.00,0,0,0,0,0,0,0,0,0.0,0.0,4,4,2,78,1,70,78,19.5,26.0%,4,17.60,1.000,3,2.760,3,4,0.750,3.0,NA,0.0%,NA,0,NA,NA,NA,NA,NA,NA,NA,78,vs LV,10,·,7.3,6.5
3,12462,Damien Martinez,RB,21.6,SEA,0.0,0,0,0,0,0,0,0,0,0,0,0,0.0%,0,0,0,0,0,0,0.00,0,0,0,0,0.00,0.00,0,0,0,0,0,0,0,0,0.0,0.0,0,0,0,0,0,NA,0,0,0.0%,NA,NA,NA,0,NA,0,0,NA,NA,NA,NA,NA,0,NA,NA,NA,NA,NA,NA,NA,0,vs NO,11,·,DNP,DNP
3,3271,Tyler Higbee,TE,32.7,LAR,999.0,999,999,0,0,0,1,1,1,66,36,0,0.0%,0,0,0,0,0,0,0.00,0,0,0,0,0.00,0.00,0,0,0,0,0,2,0,0,0.0,0.0,0,0,0,0,0,NA,0,0,55.0%,NA,NA,NA,0,NA,0,2,0.000,0.0,21,5.9%,0.00,0,NA,NA,NA,NA,NA,0.000,NA,0,@ PHI,29,OUT,6.4,-6.4
3,4454,Kendrick Bourne,WR,30.1,SF,48.0,52,54,7.8,5.8,3.8,1,1,1,65,47,0,0.0%,0,0,0,0,0,0,0.00,0,0,0,0,0.00,0.00,4,22,0,2,0,6,16,38,9.5,6.3,0,0,0,38,0,NA,0,0,72.0%,NA,NA,NA,0,NA,2,6,0.333,2.0,33,14.6%,1.15,0,NA,NA,NA,NA,NA,0.061,NA,38,vs ARI,14,·,7.7,0.1
3,12634,Jordan Watkins,WR,23.6,SF,0.0,0,0,0,0,0,0,0,0,0,0,0,0.0%,0,0,0,0,0,0,0.00,0,0,0,0,0.00,0.00,0,0,0,0,0,0,0,0,0.0,0.0,0,0,0,0,0,NA,0,0,0.0%,NA,NA,NA,0,NA,0,0,NA,NA,NA,NA,NA,0,NA,NA,NA,NA,NA,NA,NA,0,vs ARI,14,OUT,OUT,OUT
3,12738,Phil Mafah,RB,22.9,DAL,999.0,999,999,0,0,0,1,0,0,0,0,0,0.0%,0,0,0,0,0,0,0.00,0,0,0,0,0.00,0.00,0,0,0,0,0,0,0,0,0.0,0.0,0,0,0,0,0,NA,0,0,0.0%,NA,NA,NA,0,NA,0,0,NA,NA,NA,NA,NA,0,NA,NA,NA,NA,NA,NA,NA,0,@ CHI,7,IR,IR,IR
3,12520,Xavier Restrepo,WR,23.4,TEN,999.0,999,999,0,0,0,1,0,0,0,0,0,0.0%,0,0,0,0,0,0,0.00,0,0,0,0,0.00,0.00,0,0,0,0,0,0,0,0,0.0,0.0,0,0,0,0,0,NA,0,0,0.0%,NA,NA,NA,0,NA,0,0,NA,NA,NA,NA,NA,0,NA,NA,NA,NA,NA,NA,NA,0,vs IND,5,·,DNP,DNP
3,5010,Will Dissly,TE,29.2,LAC,0.0,0,0,0,0,0,0,0,0,0,0,0,0.0%,0,0,0,0,0,0,0.00,0,0,0,0,0.00,0.00,0,0,0,0,0,0,0,0,0.0,0.0,0,0,0,0,0,NA,0,0,0.0%,NA,NA,NA,0,NA,0,0,NA,NA,NA,NA,NA,0,NA,NA,NA,NA,NA,NA,NA,0,vs DEN,24,OUT,OUT,OUT
3,11592,Erick All,TE,25.0,CIN,999.0,999,999,0,0,0,1,0,0,0,0,0,0.0%,0,0,0,0,0,0,0.00,0,0,0,0,0.00,0.00,0,0,0,0,0,0,0,0,0.0,0.0,0,0,0,0,0,NA,0,0,0.0%,NA,NA,NA,0,NA,0,0,NA,NA,NA,NA,NA,0,NA,NA,NA,NA,NA,NA,NA,0,@ MIN,14,PUP,PUP,PUP
3,7561,Elijah Mitchell,RB,27.4,KC,0.0,0,0,0,0,0,0,0,0,0,0,0,0.0%,0,0,0,0,0,0,0.00,0,0,0,0,0.00,0.00,0,0,0,0,0,0,0,0,0.0,0.0,0,0,0,0,0,NA,0,0,0.0%,NA,NA,NA,0,NA,0,0,NA,NA,NA,NA,NA,0,NA,NA,NA,NA,NA,NA,NA,0,@ NYG,6,OUT,OUT,OUT
3,6943,Gabriel Davis,WR,26.5,BUF,999.0,999,999,0,0,0,1,0,0,0,0,0,0.0%,0,0,0,0,0,0,0.00,0,0,0,0,0.00,0.00,0,0,0,0,0,0,0,0,0.0,0.0,0,0,0,0,0,NA,0,0,0.0%,NA,NA,NA,0,NA,0,0,NA,NA,NA,NA,NA,0,NA,NA,NA,NA,NA,NA,NA,0,vs MIA,21,OUT,OUT,OUT
3,12539,Arian Smith,WR,24.0,NYJ,101.0,110,119,2.2,1.2,0.2,1,1,1,69,54,0,0.0%,0,0,0,0,0,0,0.00,0,0,0,0,0.00,0.00,2,1,0,1,0,2,1,2,1.0,1.0,0,0,0,2,0,NA,0,0,78.0%,NA,NA,NA,0,NA,1,2,0.500,1.0,31,5.6%,0.06,0,NA,NA,NA,NA,NA,0.032,NA,2,@ TB,16,·,2.7,-0.5
3,7694,Tommy Tremble,TE,25.3,CAR,37.0,38,37,3.6,2.6,1.6,1,1,0,58,33,0,0.0%,0,0,0,0,0,0,0.00,0,0,0,0,0.00,0.00,2,4,0,1,0,2,12,16,8.0,8.0,0,0,0,16,0,NA,0,0,57.0%,NA,NA,NA,0,NA,1,2,0.500,1.0,10,8.3%,1.60,0,NA,NA,NA,NA,NA,0.100,NA,16,vs ATL,32,·,2.0,1.6
3,11579,Audric Estime,RB,22.0,PHI,999.0,999,999,0,0,0,1,0,0,0,0,0,0.0%,0,0,0,0,0,0,0.00,0,0,0,0,0.00,0.00,0,0,0,0,0,0,0,0,0.0,0.0,0,0,0,0,0,NA,0,0,0.0%,NA,NA,NA,0,NA,0,0,NA,NA,NA,NA,NA,0,NA,NA,NA,NA,NA,NA,NA,0,vs LAR,30,·,DNP,DNP
3,7496,Nick Westbrook-Ikhine,WR,28.5,MIA,999.0,999,999,0,0,0,1,1,0,61,15,0,0.0%,0,0,0,0,0,0,0.00,0,0,0,0,0.00,0.00,0,0,0,0,0,0,0,0,0.0,0.0,0,0,0,0,0,NA,0,0,25.0%,NA,NA,NA,0,NA,0,0,NA,0.0,5,0.0%,0.00,0,NA,NA,NA,NA,NA,0.000,NA,0,@ BUF,20,·,4.5,-4.5
3,4082,Curtis Samuel,WR,29.1,BUF,0.0,0,0,0,0,0,0,0,0,0,0,0,0.0%,0,0,0,0,0,0,0.00,0,0,0,0,0.00,0.00,0,0,0,0,0,0,0,0,0.0,0.0,0,0,0,0,0,NA,0,0,0.0%,NA,NA,NA,0,NA,0,0,NA,NA,NA,NA,NA,0,NA,NA,NA,NA,NA,NA,NA,0,vs MIA,21,·,DNP,DNP
3,5970,Greg Dortch,WR,27.3,ARI,92.0,96,103,2.8,1.8,0.8,1,1,0,66,16,0,0.0%,0,0,0,0,0,0,0.00,5,0,0,0,0.00,0.00,2,-5,0,0,0,2,8,3,1.5,1.5,1,0,0,8,0,NA,5,5,24.0%,NA,NA,NA,0,NA,0,3,0.000,0.0,11,5.7%,0.27,0,NA,NA,NA,NA,NA,0.000,NA,8,@ SF,18,·,2.0,0.8
3,5133,Tyler Conklin,TE,30.2,LAC,999.0,999,999,0,0,0,1,1,1,86,22,0,0.0%,0,0,0,0,0,0,0.00,0,0,0,0,0.00,0.00,0,0,1,0,0,2,0,0,0.0,0.0,0,0,0,0,0,NA,0,0,26.0%,NA,NA,NA,0,NA,0,2,0.000,0.0,14,4.3%,0.00,0,NA,NA,NA,NA,NA,0.000,NA,0,vs DEN,24,·,4.9,-4.9
3,6130,Devin Singletary,RB,28.0,NYG,69.0,68,66,1.1,1.1,1.1,1,1,0,66,16,0,0.0%,0,0,0,0,0,0,0.00,11,0,0,0,0.00,0.00,0,0,0,0,0,0,0,0,0.0,0.0,4,0,0,11,0,14,11,2.75,24.0%,0,3.60,0.000,0,0.360,0,4,0.000,0.0,NA,0.0%,NA,0,NA,NA,NA,NA,NA,NA,NA,11,vs KC,22,·,2.1,-1.0
3,2307,Marcus Mariota,QB,31.9,WAS,6.0,6,6,20.28,20.28,20.28,1,1,1,58,58,1,71.4%,94,21,15,6,6,0,118.60,247,1,1,207,9.86,13.80,0,0,0,0,0,0,0,0,0.0,0.0,6,0,1,40,1,NA,40,6.67,100.0%,NA,NA,NA,2,NA,9,27,NA,NA,NA,NA,NA,7,33.3%,2.48,4.8%,26.1%,7.2,NA,23,247,vs LV,13,·,19.8,0.5
3,8208,Tyler Badie,RB,25.6,DEN,999.0,999,999,0,0,0,1,1,0,52,2,0,0.0%,0,0,0,0,0,0,0.00,0,0,0,0,0.00,0.00,0,0,0,0,0,0,0,0,0.0,0.0,0,0,0,0,0,NA,0,0,4.0%,NA,NA,NA,0,NA,0,0,NA,0.0,NA,NA,NA,0,NA,NA,NA,NA,NA,NA,NA,0,@ LAC,25,·,4.4,-4.4
3,9230,Tanner McKee,QB,25.4,PHI,0.0,0,0,0,0,0,0,0,0,0,0,0,0.0%,0,0,0,0,0,0,0.00,0,0,0,0,0.00,0.00,0,0,0,0,0,0,0,0,0.0,0.0,0,0,0,0,0,NA,0,0,0.0%,NA,NA,NA,0,NA,0,0,NA,NA,NA,NA,NA,0,NA,NA,NA,NA,NA,NA,NA,0,vs LAR,17,·,DNP,DNP
3,11256,Tyson Bagent,QB,25.3,CHI,999.0,999,999,0,0,0,1,0,0,59,0,0,0.0%,0,0,0,0,0,0,0.00,0,0,0,0,0.00,0.00,0,0,0,0,0,0,0,0,0.0,0.0,0,0,0,0,0,NA,0,0,0.0%,NA,NA,NA,0,NA,0,0,NA,NA,NA,NA,NA,0,NA,NA,NA,NA,NA,NA,NA,0,vs DAL,1,·,DNP,DNP
3,10871,Luke Schoonmaker,TE,27.0,DAL,54.0,54,54,1.5,1,0.5,1,1,1,74,27,0,0.0%,0,0,0,0,0,0,0.00,0,0,0,0,0.00,0.00,1,5,0,0,0,1,0,5,5.0,5.0,0,0,0,5,0,NA,0,0,36.0%,NA,NA,NA,0,NA,0,1,0.000,0.0,11,2.2%,0.45,0,NA,NA,NA,NA,NA,0.000,NA,5,@ CHI,21,·,1.8,-0.3
3,2374,Tyler Lockett,WR,33.0,TEN,49.0,53,55,7.7,5.7,3.7,1,1,0,70,38,0,0.0%,0,0,0,0,0,0,0.00,0,0,0,0,0.00,0.00,4,28,0,2,0,4,9,37,9.3,9.3,0,0,0,37,0,NA,0,0,54.0%,NA,NA,NA,0,NA,2,4,0.500,2.0,27,10.5%,1.37,0,NA,NA,NA,NA,NA,0.074,NA,37,vs IND,5,·,4.6,3.1
3,8139,Zamir White,RB,26.0,LV,54.0,55,53,3.3,2.8,2.3,1,1,0,66,19,0,0.0%,0,0,0,0,0,0,0.00,19,0,0,0,0.00,0.00,1,2,0,0,0,2,2,4,4.0,2.0,5,0,0,23,0,0,19,3.8,29.0%,0,0.00,0.000,0,0.000,0,7,0.000,0.0,NA,6.9%,NA,0,NA,NA,NA,NA,NA,NA,NA,23,@ WAS,21,·,5.0,-1.7
3,10231,Elijah Higgins,TE,24.9,ARI,47.0,47,46,1.7,1.2,0.7,1,1,0,66,10,0,0.0%,0,0,0,0,0,0,0.00,0,0,0,0,0.00,0.00,1,5,0,1,0,1,2,7,7.0,7.0,0,0,0,7,0,NA,0,0,15.0%,NA,NA,NA,0,NA,1,1,1.000,1.0,3,2.9%,2.33,0,NA,NA,NA,NA,NA,0.333,NA,7,@ SF,3,·,2.5,-0.8
3,11633,Jamari Thrash,WR,24.8,CLE,93.0,97,106,2.7,1.7,0.7,1,1,0,66,12,0,0.0%,0,0,0,0,0,0,0.00,0,0,0,0,0.00,0.00,2,7,0,0,0,3,0,7,3.5,2.3,0,0,0,7,0,NA,0,0,18.0%,NA,NA,NA,0,NA,0,3,0.000,0.0,9,8.3%,0.78,0,NA,NA,NA,NA,NA,0.000,NA,7,vs GB,28,·,1.4,1.3
3,12515,Donovan Edwards,RB,22.6,WAS,999.0,999,999,0,0,0,1,0,0,0,0,0,0.0%,0,0,0,0,0,0,0.00,0,0,0,0,0.00,0.00,0,0,0,0,0,0,0,0,0.0,0.0,0,0,0,0,0,NA,0,0,0.0%,NA,NA,NA,0,NA,0,0,NA,NA,NA,NA,NA,0,NA,NA,NA,NA,NA,NA,NA,0,vs LV,10,·,DNP,DNP
3,1166,Kirk Cousins,QB,37.1,ATL,33.0,33,33,1.16,1.16,1.16,1,1,0,66,15,0,71.4%,10,7,5,1,2,0,78.90,29,0,0,29,4.14,5.80,0,0,0,0,0,0,0,0,0.0,0.0,0,0,0,0,0,NA,0,0,23.0%,NA,NA,NA,0,NA,1,7,NA,NA,NA,NA,NA,1,14.3%,2.82,0.0%,28.6%,1.2,NA,7,29,@ CAR,20,·,DNP,DNP
3,8225,Daniel Bellinger,TE,25.0,NYG,53.0,53,53,1.6,1.1,0.6,1,1,0,66,16,0,0.0%,0,0,0,0,0,0,0.00,0,0,0,0,0.00,0.00,1,6,0,0,0,1,0,6,6.0,6.0,0,0,0,6,0,NA,0,0,24.0%,NA,NA,NA,0,NA,0,1,0.000,0.0,7,3.1%,0.86,0,NA,NA,NA,NA,NA,0.000,NA,6,vs KC,31,·,0.9,0.7
3,11370,Chris Brooks,RB,25.7,GB,999.0,999,999,0,0,0,1,1,0,65,8,0,0.0%,0,0,0,0,0,0,0.00,0,0,0,0,0.00,0.00,0,0,0,0,0,0,0,0,0.0,0.0,0,0,0,0,0,NA,0,0,12.0%,NA,NA,NA,0,NA,0,0,NA,0.0,NA,NA,NA,0,NA,NA,NA,NA,NA,NA,NA,0,@ CLE,28,·,3.8,-3.8
3,10225,Jonathan Mingo,WR,24.4,DAL,999.0,999,999,0,0,0,1,0,0,0,0,0,0.0%,0,0,0,0,0,0,0.00,0,0,0,0,0.00,0.00,0,0,0,0,0,0,0,0,0.0,0.0,0,0,0,0,0,NA,0,0,0.0%,NA,NA,NA,0,NA,0,0,NA,NA,NA,NA,NA,0,NA,NA,NA,NA,NA,NA,NA,0,@ CHI,23,IR,IR,IR
3,7538,Zach Wilson,QB,26.1,MIA,999.0,999,999,0,0,0,1,0,0,61,0,0,0.0%,0,0,0,0,0,0,0.00,0,0,0,0,0.00,0.00,0,0,0,0,0,0,0,0,0.0,0.0,0,0,0,0,0,NA,0,0,0.0%,NA,NA,NA,0,NA,0,0,NA,NA,NA,NA,NA,0,NA,NA,NA,NA,NA,NA,NA,0,@ BUF,19,·,DNP,DNP
3,8160,Kenny Pickett,QB,27.3,LV,999.0,999,999,0,0,0,1,0,0,66,0,0,0.0%,0,0,0,0,0,0,0.00,0,0,0,0,0.00,0.00,0,0,0,0,0,0,0,0,0.0,0.0,0,0,0,0,0,NA,0,0,0.0%,NA,NA,NA,0,NA,0,0,NA,NA,NA,NA,NA,0,NA,NA,NA,NA,NA,NA,NA,0,@ WAS,8,·,DNP,DNP
3,6828,AJ Dillon,RB,27.4,PHI,999.0,999,999,0,0,0,1,1,0,67,5,0,0.0%,0,0,0,0,0,0,0.00,0,0,0,0,0.00,0.00,0,0,0,0,0,0,0,0,0.0,0.0,0,0,0,0,0,NA,0,0,7.0%,NA,NA,NA,0,NA,0,0,NA,0.0,NA,NA,NA,0,NA,NA,NA,NA,NA,NA,NA,0,vs LAR,30,·,3.2,-3.2
3,11617,Malachi Corley,WR,23.5,CLE,999.0,999,999,0,0,0,1,0,0,0,0,0,0.0%,0,0,0,0,0,0,0.00,0,0,0,0,0.00,0.00,0,0,0,0,0,0,0,0,0.0,0.0,0,0,0,0,0,NA,0,0,0.0%,NA,NA,NA,0,NA,0,0,NA,NA,NA,NA,NA,0,NA,NA,NA,NA,NA,NA,NA,0,vs GB,28,·,DNP,DNP
3,8230,Ty Chandler,RB,27.4,MIN,999.0,999,999,0,0,0,1,0,0,0,0,0,0.0%,0,0,0,0,0,0,0.00,0,0,0,0,0.00,0.00,0,0,0,0,0,0,0,0,0.0,0.0,0,0,0,0,0,NA,0,0,0.0%,NA,NA,NA,0,NA,0,0,NA,NA,NA,NA,NA,0,NA,NA,NA,NA,NA,NA,NA,0,vs CIN,1,IR,IR,IR
3,7601,Rondale Moore,WR,25.3,MIN,999.0,999,999,0,0,0,1,0,0,0,0,0,0.0%,0,0,0,0,0,0,0.00,0,0,0,0,0.00,0.00,0,0,0,0,0,0,0,0,0.0,0.0,0,0,0,0,0,NA,0,0,0.0%,NA,NA,NA,0,NA,0,0,NA,NA,NA,NA,NA,0,NA,NA,NA,NA,NA,NA,NA,0,vs CIN,11,IR,IR,IR
3,8162,Sam Howell,QB,25.0,PHI,999.0,999,999,0,0,0,1,0,0,67,0,0,0.0%,0,0,0,0,0,0,0.00,0,0,0,0,0.00,0.00,0,0,0,0,0,0,0,0,0.0,0.0,0,0,0,0,0,NA,0,0,0.0%,NA,NA,NA,0,NA,0,0,NA,NA,NA,NA,NA,0,NA,NA,NA,NA,NA,NA,NA,0,vs LAR,17,OUT,OUT,OUT
3,11570,Rasheen Ali,RB,24.6,BAL,999.0,999,999,0,0,0,1,0,0,57,0,0,0.0%,0,0,0,0,0,0,0.00,0,0,0,0,0.00,0.00,0,0,0,0,0,0,0,0,0.0,0.0,0,0,0,0,0,NA,0,0,0.0%,NA,NA,NA,0,NA,0,0,NA,0.0,NA,NA,NA,0,NA,NA,NA,NA,NA,NA,NA,0,vs DET,26,·,0.2,-0.2
3,7610,Trey Lance,QB,25.4,LAC,999.0,999,999,0,0,0,1,0,0,86,0,0,0.0%,0,0,0,0,0,0,0.00,0,0,0,0,0.00,0.00,0,0,0,0,0,0,0,0,0.0,0.0,0,0,0,0,0,NA,0,0,0.0%,NA,NA,NA,0,NA,0,0,NA,NA,NA,NA,NA,0,NA,NA,NA,NA,NA,NA,NA,0,vs DEN,29,·,DNP,DNP
3,10867,Jake Bobo,WR,27.1,SEA,999.0,999,999,0,0,0,1,1,0,57,19,0,0.0%,0,0,0,0,0,0,0.00,0,0,0,0,0.00,0.00,0,0,0,0,0,0,0,0,0.0,0.0,0,0,0,0,0,NA,0,0,33.0%,NA,NA,NA,0,NA,0,0,NA,0.0,3,0.0%,0.00,0,NA,NA,NA,NA,NA,0.000,NA,0,vs NO,19,·,0.6,-0.6
3,6865,Colby Parkinson,TE,26.7,LAR,999.0,999,999,0,0,0,1,1,0,66,21,0,0.0%,0,0,0,0,0,0,0.00,0,0,0,0,0.00,0.00,0,0,0,0,0,0,0,0,0.0,0.0,0,0,0,0,0,NA,0,0,32.0%,NA,NA,NA,0,NA,0,0,NA,0.0,3,0.0%,0.00,0,NA,NA,NA,NA,NA,0.000,NA,0,@ PHI,29,Q,1.1,-1.1
3,3286,Demarcus Robinson,WR,31.0,SF,999.0,999,999,0,0,0,1,0,0,0,0,0,0.0%,0,0,0,0,0,0,0.00,0,0,0,0,0.00,0.00,0,0,0,0,0,0,0,0,0.0,0.0,0,0,0,0,0,NA,0,0,0.0%,NA,NA,NA,0,NA,0,0,NA,NA,NA,NA,NA,0,NA,NA,NA,NA,NA,NA,NA,0,vs ARI,14,·,DNP,DNP
3,12470,Riley Leonard,QB,23.0,IND,0.0,0,0,0,0,0,0,0,0,0,0,0,0.0%,0,0,0,0,0,0,0.00,0,0,0,0,0.00,0.00,0,0,0,0,0,0,0,0,0.0,0.0,0,0,0,0,0,NA,0,0,0.0%,NA,NA,NA,0,NA,0,0,NA,NA,NA,NA,NA,0,NA,NA,NA,NA,NA,NA,NA,0,@ TEN,23,OUT,OUT,OUT
3,6960,Tyler Johnson,WR,27.1,NYJ,67.0,63,62,5.2,4.2,3.2,1,1,1,69,48,0,0.0%,0,0,0,0,0,0,0.00,0,0,0,0,0.00,0.00,2,14,1,2,0,3,18,32,16.0,10.7,0,0,0,32,0,NA,0,0,70.0%,NA,NA,NA,0,NA,2,3,0.667,2.0,28,8.3%,1.14,0,NA,NA,NA,NA,NA,0.071,NA,32,@ TB,16,·,6.2,-1.0
3,7568,Brevin Jordan,TE,25.2,HOU,999.0,999,999,0,0,0,1,0,0,0,0,0,0.0%,0,0,0,0,0,0,0.00,0,0,0,0,0.00,0.00,0,0,0,0,0,0,0,0,0.0,0.0,0,0,0,0,0,NA,0,0,0.0%,NA,NA,NA,0,NA,0,0,NA,NA,NA,NA,NA,0,NA,NA,NA,NA,NA,NA,NA,0,@ JAX,27,IR,IR,IR
3,4171,Josh Reynolds,WR,30.6,NYJ,0.0,0,0,0,0,0,0,0,0,0,0,0,0.0%,0,0,0,0,0,0,0.00,0,0,0,0,0.00,0.00,0,0,0,0,0,0,0,0,0.0,0.0,0,0,0,0,0,NA,0,0,0.0%,NA,NA,NA,0,NA,0,0,NA,NA,NA,NA,NA,0,NA,NA,NA,NA,NA,NA,NA,0,@ TB,16,·,DNP,DNP
3,12718,Konata Mumpfield,WR,22.9,LAR,999.0,999,999,0,0,0,1,1,0,66,7,0,0.0%,0,0,0,0,0,0,0.00,0,0,0,0,0.00,0.00,0,0,0,0,0,0,0,0,0.0,0.0,0,0,0,0,0,NA,0,0,11.0%,NA,NA,NA,0,NA,0,0,NA,0.0,NA,NA,NA,0,NA,NA,NA,NA,NA,NA,NA,0,@ PHI,15,·,DNP,DNP
3,1837,Jimmy Garoppolo,QB,33.9,LAR,999.0,999,999,0,0,0,1,0,0,66,0,0,0.0%,0,0,0,0,0,0,0.00,0,0,0,0,0.00,0.00,0,0,0,0,0,0,0,0,0.0,0.0,0,0,0,0,0,NA,0,0,0.0%,NA,NA,NA,0,NA,0,0,NA,NA,NA,NA,NA,0,NA,NA,NA,NA,NA,NA,NA,0,@ PHI,16,·,DNP,DNP
3,10214,Davis Allen,TE,24.6,LAR,56.0,56,56,1.3,0.8,0.3,1,1,0,66,25,0,0.0%,0,0,0,0,0,0,0.00,0,0,0,0,0.00,0.00,1,0,0,0,0,1,3,3,3.0,3.0,0,0,0,3,0,NA,0,0,38.0%,NA,NA,NA,0,NA,0,1,0.000,0.0,6,2.9%,0.50,0,NA,NA,NA,NA,NA,0.000,NA,3,@ PHI,29,·,1.9,-0.6
3,11645,Javon Baker,WR,23.6,PHI,999.0,999,999,0,0,0,1,0,0,0,0,0,0.0%,0,0,0,0,0,0,0.00,0,0,0,0,0.00,0.00,0,0,0,0,0,0,0,0,0.0,0.0,0,0,0,0,0,NA,0,0,0.0%,NA,NA,NA,0,NA,0,0,NA,NA,NA,NA,NA,0,NA,NA,NA,NA,NA,NA,NA,0,vs LAR,12,·,DNP,DNP
3,2197,Brandin Cooks,WR,32.0,NO,64.0,69,77,5.4,3.9,2.4,1,1,0,73,51,0,0.0%,0,0,0,0,0,0,0.00,0,0,0,0,0.00,0.00,3,23,0,1,0,5,1,24,8.0,4.8,0,0,0,24,0,NA,0,0,70.0%,NA,NA,NA,0,NA,1,5,0.200,1.0,34,12.2%,0.71,0,NA,NA,NA,NA,NA,0.029,NA,24,@ SEA,17,·,4.1,1.3
3,9999,Will Levis,QB,26.2,TEN,999.0,999,999,0,0,0,1,0,0,0,0,0,0.0%,0,0,0,0,0,0,0.00,0,0,0,0,0.00,0.00,0,0,0,0,0,0,0,0,0.0,0.0,0,0,0,0,0,NA,0,0,0.0%,NA,NA,NA,0,NA,0,0,NA,NA,NA,NA,NA,0,NA,NA,NA,NA,NA,NA,NA,0,vs IND,22,IR,IR,IR
3,8172,Greg Dulcich,TE,25.5,MIA,999.0,999,999,0,0,0,1,0,0,0,0,0,0.0%,0,0,0,0,0,0,0.00,0,0,0,0,0.00,0.00,0,0,0,0,0,0,0,0,0.0,0.0,0,0,0,0,0,NA,0,0,0.0%,NA,NA,NA,0,NA,0,0,NA,NA,NA,NA,NA,0,NA,NA,NA,NA,NA,NA,NA,0,@ BUF,30,·,DNP,DNP
3,11199,Emari Demercado,RB,26.7,ARI,999.0,999,999,0,0,0,1,1,0,66,7,0,0.0%,0,0,0,0,0,0,0.00,0,0,0,0,0.00,0.00,0,0,1,0,0,1,0,0,0.0,0.0,2,0,0,0,0,NA,0,0,11.0%,NA,NA,NA,0,NA,0,3,0.000,0.0,NA,NA,NA,0,NA,NA,NA,NA,NA,NA,NA,0,@ SF,14,·,0.4,-0.4
3,9227,Israel Abanikanda,RB,23.0,FA,0.0,0,0,0,0,0,0,0,0,0,0,0,0.0%,0,0,0,0,0,0,0.00,0,0,0,0,0.00,0.00,0,0,0,0,0,0,0,0,0.0,0.0,0,0,0,0,0,NA,0,0,0.0%,NA,NA,NA,0,NA,0,0,NA,NA,NA,NA,NA,0,NA,NA,NA,NA,NA,NA,NA,0,NA,,·,DNP,DNP
3,11748,Bub Means,WR,24.7,NO,999.0,999,999,0,0,0,1,0,0,0,0,0,0.0%,0,0,0,0,0,0,0.00,0,0,0,0,0.00,0.00,0,0,0,0,0,0,0,0,0.0,0.0,0,0,0,0,0,NA,0,0,0.0%,NA,NA,NA,0,NA,0,0,NA,NA,NA,NA,NA,0,NA,NA,NA,NA,NA,NA,NA,0,@ SEA,17,IR,IR,IR
3,8168,Skyy Moore,WR,25.0,SF,104.0,103,97,2,1.5,1,1,1,0,65,34,0,0.0%,0,0,0,0,0,0,0.00,0,0,0,0,0.00,0.00,1,10,0,1,0,1,0,10,10.0,10.0,0,0,0,10,0,NA,0,0,52.0%,NA,NA,NA,0,NA,1,1,1.000,1.0,26,2.4%,0.38,0,NA,NA,NA,NA,NA,0.038,NA,10,vs ARI,14,·,4.2,-2.2
3,4080,Zay Jones,WR,30.5,ARI,75.0,75,73,4.5,3.5,2.5,1,1,0,66,33,0,0.0%,0,0,0,0,0,0,0.00,0,0,0,0,0.00,0.00,2,20,0,1,0,3,5,25,12.5,8.3,0,0,0,25,0,NA,0,0,50.0%,NA,NA,NA,0,NA,1,3,0.333,1.0,20,8.6%,1.25,0,NA,NA,NA,NA,NA,0.050,NA,25,@ SF,18,·,1.0,3.5
3,7595,Tylan Wallace,WR,26.4,BAL,999.0,999,999,0,0,0,1,1,0,57,32,0,0.0%,0,0,0,0,0,0,0.00,0,0,0,0,0.00,0.00,0,0,0,0,0,1,0,0,0.0,0.0,0,0,0,0,0,NA,0,0,56.0%,NA,NA,NA,0,NA,0,1,0.000,0.0,21,3.6%,0.00,0,NA,NA,NA,NA,NA,0.000,NA,0,vs DET,6,·,2.5,-2.5
3,8254,Julius Chestnut,RB,24.9,TEN,59.0,58,51,2.6,2.6,2.6,1,1,0,70,6,0,0.0%,0,0,0,0,0,0,0.00,26,0,0,0,0.00,0.00,0,0,0,0,0,0,0,0,0.0,0.0,2,0,1,26,0,9,26,13,9.0%,0,4.70,0.000,1,0.470,1,2,0.500,1.0,NA,0.0%,NA,0,NA,NA,NA,NA,NA,NA,NA,26,vs IND,24,·,2.9,-0.3
3,4177,Mack Hollins,WR,32.0,NE,56.0,61,68,6.7,4.7,2.7,1,1,1,74,46,0,0.0%,0,0,0,0,0,0,0.00,0,0,0,0,0.00,0.00,4,21,0,1,0,4,6,27,6.8,6.8,0,0,0,27,0,NA,0,0,62.0%,NA,NA,NA,0,NA,1,4,0.250,1.0,22,10.8%,1.23,0,NA,NA,NA,NA,NA,0.045,NA,27,vs PIT,22,·,4.1,2.6
3,7891,Brock Wright,TE,26.8,DET,999.0,999,999,0,0,0,1,1,0,68,38,0,0.0%,0,0,0,0,0,0,0.00,0,0,0,0,0.00,0.00,0,0,0,0,0,0,0,0,0.0,0.0,0,0,0,0,0,NA,0,0,56.0%,NA,NA,NA,0,NA,0,0,NA,0.0,2,0.0%,0.00,0,NA,NA,NA,NA,NA,0.000,NA,0,@ BAL,10,·,2.7,-2.7
3,10866,Aidan O'Connell,QB,27.0,LV,999.0,999,999,0,0,0,1,0,0,0,0,0,0.0%,0,0,0,0,0,0,0.00,0,0,0,0,0.00,0.00,0,0,0,0,0,0,0,0,0.0,0.0,0,0,0,0,0,NA,0,0,0.0%,NA,NA,NA,0,NA,0,0,NA,NA,NA,NA,NA,0,NA,NA,NA,NA,NA,NA,NA,0,@ WAS,8,IR,IR,IR
3,11895,Mason Tipton,WR,25.0,NO,999.0,999,999,0,0,0,1,1,0,73,9,0,0.0%,0,0,0,0,0,0,0.00,0,0,0,0,0.00,0.00,0,0,0,0,0,0,0,0,0.0,0.0,0,0,0,0,0,NA,0,0,12.0%,NA,NA,NA,0,NA,0,0,NA,0.0,NA,NA,NA,0,NA,NA,NA,NA,NA,NA,NA,0,@ SEA,17,·,DNP,DNP
3,11595,Jared Wiley,TE,24.9,KC,0.0,0,0,0,0,0,0,0,0,0,0,0,0.0%,0,0,0,0,0,0,0.00,0,0,0,0,0.00,0.00,0,0,0,0,0,0,0,0,0.0,0.0,0,0,0,0,0,NA,0,0,0.0%,NA,NA,NA,0,NA,0,0,NA,NA,NA,NA,NA,0,NA,NA,NA,NA,NA,NA,NA,0,@ NYG,23,OUT,OUT,OUT
3,11615,Ainias Smith,WR,24.3,CAR,999.0,999,999,0,0,0,1,0,0,0,0,0,0.0%,0,0,0,0,0,0,0.00,0,0,0,0,0.00,0.00,0,0,0,0,0,0,0,0,0.0,0.0,0,0,0,0,0,NA,0,0,0.0%,NA,NA,NA,0,NA,0,0,NA,NA,NA,NA,NA,0,NA,NA,NA,NA,NA,NA,NA,0,vs ATL,30,·,DNP,DNP
3,8123,Hassan Haskins,RB,25.8,LAC,999.0,999,999,0,0,0,1,1,0,86,7,0,0.0%,0,0,0,0,0,0,0.00,0,0,0,0,0.00,0.00,0,0,0,0,0,0,0,0,0.0,0.0,0,0,0,0,0,NA,0,0,8.0%,NA,NA,NA,0,NA,0,0,NA,0.0,NA,NA,NA,0,NA,NA,NA,NA,NA,NA,NA,0,vs DEN,19,·,0.2,-0.2
3,5854,Drew Lock,QB,28.9,SEA,36.0,36,36,0.5,0.5,0.5,1,1,0,57,18,0,66.7%,-1,3,2,1,1,0,78.50,14,0,0,15,5.00,7.50,0,0,0,0,0,0,0,0,0.0,0.0,1,0,0,-1,0,NA,-1,-1,32.0%,NA,NA,NA,0,NA,1,4,NA,NA,NA,NA,NA,1,33.3%,2.81,0.0%,0.0%,1.5,NA,3,14,vs NO,5,·,DNP,DNP
3,11649,Kendall Milton,RB,23.6,CIN,999.0,999,999,0,0,0,1,0,0,0,0,0,0.0%,0,0,0,0,0,0,0.00,0,0,0,0,0.00,0.00,0,0,0,0,0,0,0,0,0.0,0.0,0,0,0,0,0,NA,0,0,0.0%,NA,NA,NA,0,NA,0,0,NA,NA,NA,NA,NA,0,NA,NA,NA,NA,NA,NA,NA,0,@ MIN,15,·,DNP,DNP
3,11636,Johnny Wilson,WR,24.5,PHI,999.0,999,999,0,0,0,1,0,0,0,0,0,0.0%,0,0,0,0,0,0,0.00,0,0,0,0,0.00,0.00,0,0,0,0,0,0,0,0,0.0,0.0,0,0,0,0,0,NA,0,0,0.0%,NA,NA,NA,0,NA,0,0,NA,NA,NA,NA,NA,0,NA,NA,NA,NA,NA,NA,NA,0,vs LAR,12,IR,IR,IR
3,12715,Thomas Fidone,TE,23.0,NYG,0.0,0,0,0,0,0,0,0,0,0,0,0,0.0%,0,0,0,0,0,0,0.00,0,0,0,0,0.00,0.00,0,0,0,0,0,0,0,0,0.0,0.0,0,0,0,0,0,NA,0,0,0.0%,NA,NA,NA,0,NA,0,0,NA,NA,NA,NA,NA,0,NA,NA,NA,NA,NA,NA,NA,0,vs KC,31,·,DNP,DNP
3,11306,Xavier Gipson,WR,24.5,NYG,0.0,0,0,0,0,0,0,0,0,0,0,0,0.0%,0,0,0,0,0,0,0.00,0,0,0,0,0.00,0.00,0,0,0,0,0,0,0,0,0.0,0.0,0,0,0,0,0,NA,0,0,0.0%,NA,NA,NA,0,NA,0,0,NA,NA,NA,NA,NA,0,NA,NA,NA,NA,NA,NA,NA,0,vs KC,31,OUT,OUT,OUT
3,4381,Taysom Hill,TE,35.1,NO,999.0,999,999,0,0,0,1,0,0,0,0,0,0.0%,0,0,0,0,0,0,0.00,0,0,0,0,0.00,0.00,0,0,0,0,0,0,0,0,0.0,0.0,0,0,0,0,0,NA,0,0,0.0%,NA,NA,NA,0,NA,0,0,NA,NA,NA,NA,NA,0,NA,NA,NA,NA,NA,NA,NA,0,@ SEA,15,·,DNP,DNP
3,11299,Zavier Scott,RB,26.2,MIN,42.0,40,38,6,5.5,5,1,1,0,60,17,1,0.0%,0,0,0,0,0,0,0.00,30,0,0,0,0.00,0.00,1,-6,0,1,0,1,26,20,20.0,20.0,8,0,2,50,0,19,30,3.75,28.0%,1,2.40,0.125,2,0.365,3,9,0.333,3.0,NA,4.2%,NA,0,NA,NA,NA,NA,NA,NA,NA,50,vs CIN,1,·,5.3,0.7
3,8177,Grant Calcaterra,TE,26.8,PHI,999.0,999,999,0,0,0,1,1,1,67,13,0,0.0%,0,0,0,0,0,0,0.00,0,0,0,0,0.00,0.00,0,0,0,0,0,0,0,0,0.0,0.0,0,0,0,0,0,NA,0,0,19.0%,NA,NA,NA,0,NA,0,0,NA,0.0,NA,NA,NA,0,NA,NA,NA,NA,NA,NA,NA,0,vs LAR,13,OUT,1.5,-1.5
3,3200,Sterling Shepard,WR,32.6,TB,33.0,32,31,12,10,8,1,1,0,72,44,0,0.0%,0,0,0,0,0,0,0.00,0,0,0,0,0.00,0.00,4,29,0,4,0,5,51,80,20.0,16.0,0,0,0,80,0,NA,0,0,61.0%,NA,NA,NA,0,NA,4,5,0.800,4.0,25,17.2%,3.20,0,NA,NA,NA,NA,NA,0.160,NA,80,vs NYJ,13,·,6.9,5.1
3,11574,Dylan Laube,RB,25.8,LV,73.0,73,73,0.2,0.2,0.2,1,1,0,66,7,0,0.0%,0,0,0,0,0,0,0.00,2,0,0,0,0.00,0.00,0,0,0,0,0,1,0,0,0.0,0.0,3,0,0,2,0,0,2,0.67,11.0%,0,0.00,0.000,0,0.000,0,4,0.000,0.0,NA,3.4%,NA,0,NA,NA,NA,NA,NA,NA,NA,2,@ WAS,21,·,1.3,-1.1
3,8145,Jeremy Ruckert,TE,25.1,NYJ,999.0,999,999,0,0,0,1,1,1,69,28,0,0.0%,0,0,0,0,0,0,0.00,0,0,0,0,0.00,0.00,0,0,0,0,0,0,0,0,0.0,0.0,0,0,0,0,0,NA,0,0,41.0%,NA,NA,NA,0,NA,0,0,NA,0.0,NA,NA,NA,0,NA,NA,NA,NA,NA,NA,NA,0,@ TB,8,·,2.7,-2.7
3,8204,Bo Melton,WR,26.2,GB,999.0,999,999,0,0,0,1,1,0,65,3,0,0.0%,0,0,0,0,0,0,0.00,0,0,0,0,0.00,0.00,0,0,0,0,0,0,0,0,0.0,0.0,0,0,0,0,0,NA,0,0,5.0%,NA,NA,NA,0,NA,0,0,NA,0.0,NA,NA,NA,0,NA,NA,NA,NA,NA,NA,NA,0,@ CLE,8,·,DNP,DNP
3,6011,Gardner Minshew,QB,29.4,KC,999.0,999,999,0,0,0,1,0,0,72,0,0,0.0%,0,0,0,0,0,0,0.00,0,0,0,0,0.00,0.00,0,0,0,0,0,0,0,0,0.0,0.0,0,0,0,0,0,NA,0,0,0.0%,NA,NA,NA,0,NA,0,0,NA,NA,NA,NA,NA,0,NA,NA,NA,NA,NA,NA,NA,0,@ NYG,14,·,DNP,DNP
3,4147,Samaje Perine,RB,30.0,CIN,75.0,75,75,0.1,0.1,0.1,1,1,0,56,15,1,0.0%,0,0,0,0,0,0,0.00,21,0,0,0,0.00,0.00,0,0,0,0,0,0,0,0,0.0,0.0,4,0,2,21,0,NA,21,5.25,27.0%,NA,NA,NA,2,NA,2,4,0.500,2.0,NA,NA,NA,0,NA,NA,NA,NA,NA,NA,NA,21,@ MIN,15,·,4.9,-4.8
3,12699,LaJohntay Wester,WR,23.5,BAL,999.0,999,999,0,0,0,1,0,0,57,0,0,0.0%,0,0,0,0,0,0,0.00,0,0,0,0,0.00,0.00,0,0,0,0,0,0,0,0,0.0,0.0,0,0,0,0,0,NA,0,0,0.0%,NA,NA,NA,0,NA,0,0,NA,0.0,NA,NA,NA,0,NA,NA,NA,NA,NA,NA,NA,0,vs DET,6,·,DNP,DNP
3,2505,Darren Waller,TE,33.0,MIA,0.0,0,0,0,0,0,0,0,0,0,0,0,0.0%,0,0,0,0,0,0,0.00,0,0,0,0,0.00,0.00,0,0,0,0,0,0,0,0,0.0,0.0,0,0,0,0,0,NA,0,0,0.0%,NA,NA,NA,0,NA,0,0,NA,NA,NA,NA,NA,0,NA,NA,NA,NA,NA,NA,NA,0,@ BUF,30,·,DNP,DNP
3,11573,Frank Gore Jr.,RB,23.5,BUF,999.0,999,999,0,0,0,1,0,0,0,0,0,0.0%,0,0,0,0,0,0,0.00,0,0,0,0,0.00,0.00,0,0,0,0,0,0,0,0,0.0,0.0,0,0,0,0,0,NA,0,0,0.0%,NA,NA,NA,0,NA,0,0,NA,NA,NA,NA,NA,0,NA,NA,NA,NA,NA,NA,NA,0,vs MIA,4,·,DNP,DNP
3,10216,Kenny McIntosh,RB,25.6,SEA,999.0,999,999,0,0,0,1,0,0,0,0,0,0.0%,0,0,0,0,0,0,0.00,0,0,0,0,0.00,0.00,0,0,0,0,0,0,0,0,0.0,0.0,0,0,0,0,0,NA,0,0,0.0%,NA,NA,NA,0,NA,0,0,NA,NA,NA,NA,NA,0,NA,NA,NA,NA,NA,NA,NA,0,vs NO,11,IR,IR,IR
3,8118,David Bell,WR,24.8,CLE,999.0,999,999,0,0,0,1,0,0,0,0,0,0.0%,0,0,0,0,0,0,0.00,0,0,0,0,0.00,0.00,0,0,0,0,0,0,0,0,0.0,0.0,0,0,0,0,0,NA,0,0,0.0%,NA,NA,NA,0,NA,0,0,NA,NA,NA,NA,NA,0,NA,NA,NA,NA,NA,NA,NA,0,vs GB,28,PUP,PUP,PUP
3,6938,Cam Akers,RB,26.2,FA,65.0,63,60,1.9,1.9,1.9,1,1,0,60,7,0,0.0%,0,0,0,0,0,0,0.00,19,0,0,0,0.00,0.00,0,0,1,0,0,1,0,0,0.0,0.0,5,0,1,19,0,14,19,3.8,12.0%,0,2.80,0.000,1,0.280,1,6,0.167,1.0,NA,4.2%,NA,0,NA,NA,NA,NA,NA,NA,NA,19,NA,,·,DNP,DNP
3,10234,Derius Davis,WR,25.0,LAC,121.0,121,121,-1.8,-1.8,-1.8,1,1,0,86,7,1,0.0%,0,0,0,0,0,0,0.00,2,0,0,0,0.00,0.00,0,0,0,0,0,0,0,0,0.0,0.0,1,0,0,2,0,NA,2,2,8.0%,NA,NA,NA,0,NA,0,1,0.000,0.0,NA,NA,NA,0,NA,NA,NA,NA,NA,NA,NA,2,vs DEN,27,OUT,2.0,-3.8
3,8135,Treylon Burks,WR,25.5,TEN,999.0,999,999,0,0,0,1,0,0,0,0,0,0.0%,0,0,0,0,0,0,0.00,0,0,0,0,0.00,0.00,0,0,0,0,0,0,0,0,0.0,0.0,0,0,0,0,0,NA,0,0,0.0%,NA,NA,NA,0,NA,0,0,NA,NA,NA,NA,NA,0,NA,NA,NA,NA,NA,NA,NA,0,vs IND,5,IR,IR,IR
3,4351,Tim Patrick,WR,31.8,JAX,97.0,91,87,2.6,2.1,1.6,1,1,0,70,22,0,0.0%,0,0,0,0,0,0,0.00,0,0,0,0,0.00,0.00,1,3,0,1,0,1,13,16,16.0,16.0,0,0,0,16,0,NA,0,0,31.0%,NA,NA,NA,0,NA,1,1,1.000,1.0,13,2.5%,1.23,0,NA,NA,NA,NA,NA,0.077,NA,16,vs HOU,26,·,0.3,2.3
3,7593,Trey Sermon,RB,26.6,PIT,999.0,999,999,0,0,0,1,0,0,54,0,0,0.0%,0,0,0,0,0,0,0.00,0,0,0,0,0.00,0.00,0,0,0,0,0,0,0,0,0.0,0.0,0,0,0,0,0,NA,0,0,0.0%,NA,NA,NA,0,NA,0,0,NA,0.0,NA,NA,NA,0,NA,NA,NA,NA,NA,NA,NA,0,@ NE,27,·,DNP,DNP
3,5987,Alexander Mattison,RB,27.3,MIA,999.0,999,999,0,0,0,1,0,0,0,0,0,0.0%,0,0,0,0,0,0,0.00,0,0,0,0,0.00,0.00,0,0,0,0,0,0,0,0,0.0,0.0,0,0,0,0,0,NA,0,0,0.0%,NA,NA,NA,0,NA,0,0,NA,NA,NA,NA,NA,0,NA,NA,NA,NA,NA,NA,NA,0,@ BUF,13,IR,IR,IR
3,9505,Deuce Vaughn,RB,23.9,DEN,999.0,999,999,0,0,0,1,0,0,0,0,0,0.0%,0,0,0,0,0,0,0.00,0,0,0,0,0.00,0.00,0,0,0,0,0,0,0,0,0.0,0.0,0,0,0,0,0,NA,0,0,0.0%,NA,NA,NA,0,NA,0,0,NA,NA,NA,NA,NA,0,NA,NA,NA,NA,NA,NA,NA,0,@ LAC,25,·,DNP,DNP
3,6869,Adam Trautman,TE,28.6,DEN,999.0,999,999,0,0,0,1,1,0,52,19,0,0.0%,0,0,0,0,0,0,0.00,0,0,0,0,0.00,0.00,0,0,0,0,0,0,0,0,0.0,0.0,0,0,0,0,0,NA,0,0,37.0%,NA,NA,NA,0,NA,0,0,NA,0.0,3,0.0%,0.00,0,NA,NA,NA,NA,NA,0.000,NA,0,@ LAC,26,·,4.5,-4.5
3,5985,Foster Moreau,TE,28.4,NO,999.0,999,999,0,0,0,1,0,0,0,0,0,0.0%,0,0,0,0,0,0,0.00,0,0,0,0,0.00,0.00,0,0,0,0,0,0,0,0,0.0,0.0,0,0,0,0,0,NA,0,0,0.0%,NA,NA,NA,0,NA,0,0,NA,NA,NA,NA,NA,0,NA,NA,NA,NA,NA,NA,NA,0,@ SEA,15,·,DNP,DNP
3,10857,Stetson Bennett,QB,27.9,LAR,0.0,0,0,0,0,0,0,0,0,0,0,0,0.0%,0,0,0,0,0,0,0.00,0,0,0,0,0.00,0.00,0,0,0,0,0,0,0,0,0.0,0.0,0,0,0,0,0,NA,0,0,0.0%,NA,NA,NA,0,NA,0,0,NA,NA,NA,NA,NA,0,NA,NA,NA,NA,NA,NA,NA,0,@ PHI,16,OUT,OUT,OUT
3,12494,Kyle McCord,QB,23.0,PHI,999.0,999,999,0,0,0,1,0,0,0,0,0,0.0%,0,0,0,0,0,0,0.00,0,0,0,0,0.00,0.00,0,0,0,0,0,0,0,0,0.0,0.0,0,0,0,0,0,NA,0,0,0.0%,NA,NA,NA,0,NA,0,0,NA,NA,NA,NA,NA,0,NA,NA,NA,NA,NA,NA,NA,0,vs LAR,17,·,DNP,DNP
3,11729,Sione Vaki,RB,24.2,DET,999.0,999,999,0,0,0,1,0,0,68,0,0,0.0%,0,0,0,0,0,0,0.00,0,0,0,0,0.00,0.00,0,0,0,0,0,0,0,0,0.0,0.0,0,0,0,0,0,NA,0,0,0.0%,NA,NA,NA,0,NA,0,0,NA,0.0,NA,NA,NA,0,NA,NA,NA,NA,NA,NA,NA,0,@ BAL,2,OUT,0.2,-0.2
3,5185,Allen Lazard,WR,29.8,NYJ,39.0,36,34,9.3,8.3,7.3,1,1,0,69,17,0,0.0%,0,0,0,0,0,0,0.00,0,0,0,0,0.00,0.00,2,8,0,0,1,3,5,13,6.5,4.3,0,0,0,13,0,NA,0,0,25.0%,NA,NA,NA,0,NA,1,3,0.333,1.0,11,8.3%,1.18,0,NA,NA,NA,NA,NA,0.000,NA,13,@ TB,16,Q,2.6,6.7
3,6853,Van Jefferson,WR,29.2,TEN,109.0,108,104,1.8,1.3,0.8,1,1,0,70,24,0,0.0%,0,0,0,0,0,0,0.00,0,0,0,0,0.00,0.00,1,1,0,0,0,1,7,8,8.0,8.0,0,0,0,8,0,NA,0,0,34.0%,NA,NA,NA,0,NA,0,1,0.000,0.0,15,2.6%,0.53,0,NA,NA,NA,NA,NA,0.000,NA,8,vs IND,5,·,1.2,0.6
3,7083,Tyler Huntley,QB,27.6,BAL,999.0,999,999,0,0,0,1,0,0,0,0,0,0.0%,0,0,0,0,0,0,0.00,0,0,0,0,0.00,0.00,0,0,0,0,0,0,0,0,0.0,0.0,0,0,0,0,0,NA,0,0,0.0%,NA,NA,NA,0,NA,0,0,NA,NA,NA,NA,NA,0,NA,NA,NA,NA,NA,NA,NA,0,vs DET,11,·,DNP,DNP
3,5086,Marquez Valdes-Scantling,WR,31.0,SF,106.0,105,99,1.9,1.4,0.9,1,1,0,65,17,0,0.0%,0,0,0,0,0,0,0.00,0,0,0,0,0.00,0.00,1,8,0,0,0,1,1,9,9.0,9.0,0,0,0,9,0,NA,0,0,26.0%,NA,NA,NA,0,NA,0,1,0.000,0.0,8,2.4%,1.13,0,NA,NA,NA,NA,NA,0.000,NA,9,vs ARI,14,·,5.7,-3.8
3,6850,Harrison Bryant,TE,27.4,HOU,999.0,999,999,0,0,0,1,1,0,63,17,0,0.0%,0,0,0,0,0,0,0.00,0,0,0,0,0.00,0.00,0,0,0,0,0,0,0,0,0.0,0.0,0,0,0,0,0,NA,0,0,27.0%,NA,NA,NA,0,NA,0,0,NA,0.0,4,0.0%,0.00,0,NA,NA,NA,NA,NA,0.000,NA,0,@ JAX,27,·,0.9,-0.9
3,6126,Irv Smith,TE,27.1,HOU,999.0,999,999,0,0,0,1,0,0,0,0,0,0.0%,0,0,0,0,0,0,0.00,0,0,0,0,0.00,0.00,0,0,0,0,0,0,0,0,0.0,0.0,0,0,0,0,0,NA,0,0,0.0%,NA,NA,NA,0,NA,0,0,NA,NA,NA,NA,NA,0,NA,NA,NA,NA,NA,NA,NA,0,@ JAX,27,Q,Q,Q
3,11210,Malik Heath,WR,25.6,GB,999.0,999,999,0,0,0,1,1,0,65,17,0,0.0%,0,0,0,0,0,0,0.00,0,0,0,0,0.00,0.00,0,0,0,0,0,0,0,0,0.0,0.0,0,0,0,0,0,NA,0,0,26.0%,NA,NA,NA,0,NA,0,0,NA,0.0,4,0.0%,0.00,0,NA,NA,NA,NA,NA,0.000,NA,0,@ CLE,8,·,1.1,-1.1
3,5917,Mecole Hardman,WR,27.5,GB,999.0,999,999,0,0,0,1,0,0,0,0,0,0.0%,0,0,0,0,0,0,0.00,0,0,0,0,0.00,0.00,0,0,0,0,0,0,0,0,0.0,0.0,0,0,0,0,0,NA,0,0,0.0%,NA,NA,NA,0,NA,0,0,NA,NA,NA,NA,NA,0,NA,NA,NA,NA,NA,NA,NA,0,@ CLE,8,·,DNP,DNP
3,5973,Josh Oliver,TE,28.5,MIN,18.0,15,10,8.2,7.7,7.2,1,1,0,60,21,0,0.0%,0,0,0,0,0,0,0.00,0,0,0,0,0.00,0.00,1,6,0,0,1,1,6,12,12.0,12.0,0,0,0,12,0,NA,0,0,35.0%,NA,NA,NA,0,NA,1,1,1.000,1.0,4,4.2%,3.00,0,NA,NA,NA,NA,NA,0.000,NA,12,vs CIN,1,·,2.2,6.0
3,4972,Mason Rudolph,QB,30.2,PIT,999.0,999,999,0,0,0,1,0,0,54,0,0,0.0%,0,0,0,0,0,0,0.00,0,0,0,0,0.00,0.00,0,0,0,0,0,0,0,0,0.0,0.0,0,0,0,0,0,NA,0,0,0.0%,NA,NA,NA,0,NA,0,0,NA,NA,NA,NA,NA,0,NA,NA,NA,NA,NA,NA,NA,0,@ NE,12,·,DNP,DNP
3,11647,Kimani Vidal,RB,24.1,LAC,999.0,999,999,0,0,0,1,0,0,0,0,0,0.0%,0,0,0,0,0,0,0.00,0,0,0,0,0.00,0.00,0,0,0,0,0,0,0,0,0.0,0.0,0,0,0,0,0,NA,0,0,0.0%,NA,NA,NA,0,NA,0,0,NA,NA,NA,NA,NA,0,NA,NA,NA,NA,NA,NA,NA,0,vs DEN,19,·,DNP,DNP
3,10223,Eric Gray,RB,25.9,NYG,999.0,999,999,0,0,0,1,0,0,0,0,0,0.0%,0,0,0,0,0,0,0.00,0,0,0,0,0.00,0.00,0,0,0,0,0,0,0,0,0.0,0.0,0,0,0,0,0,NA,0,0,0.0%,NA,NA,NA,0,NA,0,0,NA,NA,NA,NA,NA,0,NA,NA,NA,NA,NA,NA,NA,0,vs KC,22,PUP,PUP,PUP
3,2749,Raheem Mostert,RB,33.4,LV,0.0,0,0,0,0,0,0,0,0,0,0,0,0.0%,0,0,0,0,0,0,0.00,0,0,0,0,0.00,0.00,0,0,0,0,0,0,0,0,0.0,0.0,0,0,0,0,0,NA,0,0,0.0%,NA,NA,NA,0,NA,0,0,NA,NA,NA,NA,NA,0,NA,NA,NA,NA,NA,NA,NA,0,@ WAS,21,·,DNP,DNP
3,6144,Trayveon Williams,RB,27.9,FA,0.0,0,0,0,0,0,0,0,0,0,0,0,0.0%,0,0,0,0,0,0,0.00,0,0,0,0,0.00,0.00,0,0,0,0,0,0,0,0,0.0,0.0,0,0,0,0,0,NA,0,0,0.0%,NA,NA,NA,0,NA,0,0,NA,NA,NA,NA,NA,0,NA,NA,NA,NA,NA,NA,NA,0,NA,,·,DNP,DNP
3,8219,Jelani Woods,TE,27.0,NYJ,999.0,999,999,0,0,0,1,0,0,69,0,0,0.0%,0,0,0,0,0,0,0.00,0,0,0,0,0.00,0.00,0,0,0,0,0,0,0,0,0.0,0.0,0,0,0,0,0,NA,0,0,0.0%,NA,NA,NA,0,NA,0,0,NA,NA,NA,NA,NA,0,NA,NA,NA,NA,NA,NA,NA,0,@ TB,8,OUT,OUT,OUT
3,5938,Lil'Jordan Humphrey,WR,27.4,NYG,999.0,999,999,0,0,0,1,0,0,0,0,0,0.0%,0,0,0,0,0,0,0.00,0,0,0,0,0.00,0.00,0,0,0,0,0,0,0,0,0.0,0.0,0,0,0,0,0,NA,0,0,0.0%,NA,NA,NA,0,NA,0,0,NA,NA,NA,NA,NA,0,NA,NA,NA,NA,NA,NA,NA,0,vs KC,31,·,DNP,DNP
3,8116,Pierre Strong Jr.,RB,26.8,GB,999.0,999,999,0,0,0,1,0,0,0,0,0,0.0%,0,0,0,0,0,0,0.00,0,0,0,0,0.00,0.00,0,0,0,0,0,0,0,0,0.0,0.0,0,0,0,0,0,NA,0,0,0.0%,NA,NA,NA,0,NA,0,0,NA,NA,NA,NA,NA,0,NA,NA,NA,NA,NA,NA,NA,0,@ CLE,28,·,DNP,DNP
3,5374,Justin Watson,WR,29.5,HOU,999.0,999,999,0,0,0,1,0,0,0,0,0,0.0%,0,0,0,0,0,0,0.00,0,0,0,0,0.00,0.00,0,0,0,0,0,0,0,0,0.0,0.0,0,0,0,0,0,NA,0,0,0.0%,NA,NA,NA,0,NA,0,0,NA,NA,NA,NA,NA,0,NA,NA,NA,NA,NA,NA,NA,0,@ JAX,24,IR,IR,IR
3,6920,Isaiah Hodgins,WR,26.9,FA,999.0,999,999,0,0,0,1,0,0,0,0,0,0.0%,0,0,0,0,0,0,0.00,0,0,0,0,0.00,0.00,0,0,0,0,0,0,0,0,0.0,0.0,0,0,0,0,0,NA,0,0,0.0%,NA,NA,NA,0,NA,0,0,NA,NA,NA,NA,NA,0,NA,NA,NA,NA,NA,NA,NA,0,NA,,·,DNP,DNP
3,7608,Khalil Herbert,RB,27.4,FA,0.0,0,0,0,0,0,0,0,0,0,0,0,0.0%,0,0,0,0,0,0,0.00,0,0,0,0,0.00,0.00,0,0,0,0,0,0,0,0,0.0,0.0,0,0,0,0,0,NA,0,0,0.0%,NA,NA,NA,0,NA,0,0,NA,NA,NA,NA,NA,0,NA,NA,NA,NA,NA,NA,NA,0,NA,,·,DNP,DNP
3,12478,Nick Nash,WR,25.1,ATL,999.0,999,999,0,0,0,1,0,0,0,0,0,0.0%,0,0,0,0,0,0,0.00,0,0,0,0,0.00,0.00,0,0,0,0,0,0,0,0,0.0,0.0,0,0,0,0,0,NA,0,0,0.0%,NA,NA,NA,0,NA,0,0,NA,NA,NA,NA,NA,0,NA,NA,NA,NA,NA,NA,NA,0,@ CAR,29,·,DNP,DNP
3,3202,Austin Hooper,TE,30.9,NE,32.0,30,27,4.8,3.8,2.8,1,1,1,74,48,0,0.0%,0,0,0,0,0,0,0.00,0,0,0,0,0.00,0.00,2,17,0,2,0,3,11,28,14.0,9.3,0,0,0,28,0,NA,0,0,65.0%,NA,NA,NA,0,NA,2,3,0.667,2.0,18,8.1%,1.56,0,NA,NA,NA,NA,NA,0.111,NA,28,vs PIT,16,·,2.7,2.1
3,7066,K.J. Osborn,WR,28.3,FA,0.0,0,0,0,0,0,0,0,0,0,0,0,0.0%,0,0,0,0,0,0,0.00,0,0,0,0,0.00,0.00,0,0,0,0,0,0,0,0,0.0,0.0,0,0,0,0,0,NA,0,0,0.0%,NA,NA,NA,0,NA,0,0,NA,NA,NA,NA,NA,0,NA,NA,NA,NA,NA,NA,NA,0,NA,,·,DNP,DNP
3,11621,Brenden Rice,WR,23.5,FA,0.0,0,0,0,0,0,0,0,0,0,0,0,0.0%,0,0,0,0,0,0,0.00,0,0,0,0,0.00,0.00,0,0,0,0,0,0,0,0,0.0,0.0,0,0,0,0,0,NA,0,0,0.0%,NA,NA,NA,0,NA,0,0,NA,NA,NA,NA,NA,0,NA,NA,NA,NA,NA,NA,NA,0,NA,,·,DNP,DNP
3,7565,Terrace Marshall,WR,25.3,PHI,999.0,999,999,0,0,0,1,0,0,0,0,0,0.0%,0,0,0,0,0,0,0.00,0,0,0,0,0.00,0.00,0,0,0,0,0,0,0,0,0.0,0.0,0,0,0,0,0,NA,0,0,0.0%,NA,NA,NA,0,NA,0,0,NA,NA,NA,NA,NA,0,NA,NA,NA,NA,NA,NA,NA,0,vs LAR,12,·,DNP,DNP
3,827,Tyrod Taylor,QB,36.1,NYJ,9.0,9,9,17.68,17.68,17.68,1,1,1,69,69,1,72.2%,91,36,26,11,10,1,92.00,245,4,2,197,5.47,7.58,0,0,0,0,0,0,0,0,0.0,0.0,8,0,3,48,0,NA,48,6,100.0%,NA,NA,NA,3,NA,16,44,NA,NA,NA,NA,NA,13,36.1%,2.62,2.8%,57.4%,5.3,NA,47,245,@ TB,4,·,17.5,0.2
3,6290,Scotty Miller,WR,28.1,PIT,999.0,999,999,0,0,0,1,1,0,54,4,0,0.0%,0,0,0,0,0,0,0.00,0,0,0,0,0.00,0.00,0,0,0,0,0,0,0,0,0.0,0.0,0,0,0,0,0,NA,0,0,7.0%,NA,NA,NA,0,NA,0,0,NA,0.0,2,0.0%,0.00,0,NA,NA,NA,NA,NA,0.000,NA,0,@ NE,7,·,DNP,DNP
3,9495,Rakim Jarrett,WR,24.7,PIT,0.0,0,0,0,0,0,0,0,0,0,0,0,0.0%,0,0,0,0,0,0,0.00,0,0,0,0,0.00,0.00,0,0,0,0,0,0,0,0,0.0,0.0,0,0,0,0,0,NA,0,0,0.0%,NA,NA,NA,0,NA,0,0,NA,NA,NA,NA,NA,0,NA,NA,NA,NA,NA,NA,NA,0,@ NE,7,·,DNP,DNP
3,9489,Justin Shorter,WR,25.4,LV,999.0,999,999,0,0,0,1,1,0,66,2,0,0.0%,0,0,0,0,0,0,0.00,0,0,0,0,0.00,0.00,0,0,0,0,0,0,0,0,0.0,0.0,0,0,0,0,0,NA,0,0,3.0%,NA,NA,NA,0,NA,0,0,NA,0.0,NA,NA,NA,0,NA,NA,NA,NA,NA,NA,NA,0,@ WAS,10,·,DNP,DNP
3,3634,Kalif Raymond,WR,31.1,DET,117.0,118,117,1.4,0.9,0.4,1,1,0,68,33,0,0.0%,0,0,0,0,0,0,0.00,0,0,0,0,0.00,0.00,1,4,0,0,0,2,0,4,4.0,2.0,0,0,0,4,0,NA,0,0,49.0%,NA,NA,NA,0,NA,0,2,0.000,0.0,14,7.1%,0.29,0,NA,NA,NA,NA,NA,0.000,NA,4,@ BAL,2,OUT,2.8,-1.4
3,6805,KJ Hamler,WR,26.2,FA,0.0,0,0,0,0,0,0,0,0,0,0,0,0.0%,0,0,0,0,0,0,0.00,0,0,0,0,0.00,0.00,0,0,0,0,0,0,0,0,0.0,0.0,0,0,0,0,0,NA,0,0,0.0%,NA,NA,NA,0,NA,0,0,NA,NA,NA,NA,NA,0,NA,NA,NA,NA,NA,NA,NA,0,NA,,·,DNP,DNP
3,6012,Travis Homer,RB,27.1,CHI,999.0,999,999,0,0,0,1,0,0,0,0,0,0.0%,0,0,0,0,0,0,0.00,0,0,0,0,0.00,0.00,0,0,0,0,0,0,0,0,0.0,0.0,0,0,0,0,0,NA,0,0,0.0%,NA,NA,NA,0,NA,0,0,NA,NA,NA,NA,NA,0,NA,NA,NA,NA,NA,NA,NA,0,vs DAL,5,IR,IR,IR
3,6847,Devin Duvernay,WR,28.0,CHI,999.0,999,999,0,0,0,1,0,0,59,0,0,0.0%,0,0,0,0,0,0,0.00,0,0,0,0,0.00,0.00,0,0,0,0,0,0,0,0,0.0,0.0,0,0,0,0,0,NA,0,0,0.0%,NA,NA,NA,0,NA,0,0,NA,0.0,NA,NA,NA,0,NA,NA,NA,NA,NA,NA,NA,0,vs DAL,1,·,0.2,-0.2
3,7602,Kylen Granson,TE,27.5,PHI,999.0,999,999,0,0,0,1,1,0,67,2,0,0.0%,0,0,0,0,0,0,0.00,0,0,0,0,0.00,0.00,0,0,0,0,0,0,0,0,0.0,0.0,0,0,0,0,0,NA,0,0,3.0%,NA,NA,NA,0,NA,0,0,NA,0.0,1,0.0%,0.00,0,NA,NA,NA,NA,NA,0.000,NA,0,vs LAR,13,·,1.4,-1.4
3,8220,Sincere McCormick,RB,25.0,SF,999.0,999,999,0,0,0,1,0,0,0,0,0,0.0%,0,0,0,0,0,0,0.00,0,0,0,0,0.00,0.00,0,0,0,0,0,0,0,0,0.0,0.0,0,0,0,0,0,NA,0,0,0.0%,NA,NA,NA,0,NA,0,0,NA,NA,NA,NA,NA,0,NA,NA,NA,NA,NA,NA,NA,0,vs ARI,12,·,DNP,DNP
3,7757,Ben Skowronek,WR,28.2,PIT,999.0,999,999,0,0,0,1,1,1,54,4,0,0.0%,0,0,0,0,0,0,0.00,0,0,0,0,0.00,0.00,0,0,0,0,0,0,0,0,0.0,0.0,0,0,0,0,0,NA,0,0,7.0%,NA,NA,NA,0,NA,0,0,NA,0.0,NA,NA,NA,0,NA,NA,NA,NA,NA,NA,NA,0,@ NE,7,·,DNP,DNP
3,6659,Craig Reynolds,RB,29.3,DET,0.0,0,0,0,0,0,0,0,0,0,0,0,0.0%,0,0,0,0,0,0,0.00,0,0,0,0,0.00,0.00,0,0,0,0,0,0,0,0,0.0,0.0,0,0,0,0,0,NA,0,0,0.0%,NA,NA,NA,0,NA,0,0,NA,NA,NA,NA,NA,0,NA,NA,NA,NA,NA,NA,NA,0,@ BAL,2,·,DNP,DNP
3,7535,Hunter Long,TE,27.1,JAX,39.0,39,40,3.2,2.2,1.2,1,1,0,70,14,0,0.0%,0,0,0,0,0,0,0.00,0,0,0,0,0.00,0.00,2,6,1,0,0,3,6,12,6.0,4.0,0,0,0,12,0,NA,0,0,20.0%,NA,NA,NA,0,NA,0,3,0.000,0.0,8,7.5%,1.50,0,NA,NA,NA,NA,NA,0.000,NA,12,vs HOU,28,·,0.8,2.4
3,7585,Davis Mills,QB,26.9,HOU,999.0,999,999,0,0,0,1,0,0,63,0,0,0.0%,0,0,0,0,0,0,0.00,0,0,0,0,0.00,0.00,0,0,0,0,0,0,0,0,0.0,0.0,0,0,0,0,0,NA,0,0,0.0%,NA,NA,NA,0,NA,0,0,NA,NA,NA,NA,NA,0,NA,NA,NA,NA,NA,NA,NA,0,@ JAX,26,·,DNP,DNP
3,6427,Ashton Dulin,WR,28.4,IND,999.0,999,999,0,0,0,1,1,0,57,9,0,0.0%,0,0,0,0,0,0,0.00,0,0,0,0,0.00,0.00,0,0,0,0,0,0,0,0,0.0,0.0,0,0,0,0,0,NA,0,0,16.0%,NA,NA,NA,0,NA,0,0,NA,0.0,1,0.0%,0.00,0,NA,NA,NA,NA,NA,0.000,NA,0,@ TEN,9,·,0.5,-0.5
3,8127,Charlie Kolar,TE,26.6,BAL,34.0,34,33,4.2,3.2,2.2,1,1,1,57,29,0,0.0%,0,0,0,0,0,0,0.00,0,0,0,0,0.00,0.00,2,15,0,1,0,3,7,22,11.0,7.3,0,0,0,22,0,NA,0,0,51.0%,NA,NA,NA,0,NA,1,3,0.333,1.0,8,10.7%,2.75,0,NA,NA,NA,NA,NA,0.125,NA,22,vs DET,18,·,2.4,1.8
3,10228,Charlie Jones,WR,26.9,CIN,999.0,999,999,0,0,0,1,1,0,56,3,0,0.0%,0,0,0,0,0,0,0.00,0,0,0,0,0.00,0.00,0,0,0,0,0,0,0,0,0.0,0.0,0,0,0,0,0,NA,0,0,5.0%,NA,NA,NA,0,NA,0,0,NA,0.0,3,0.0%,0.00,0,NA,NA,NA,NA,NA,0.000,NA,0,@ MIN,32,·,0.0,0.0
3,9499,Bryce Ford-Wheaton,WR,25.5,NYG,999.0,999,999,0,0,0,1,0,0,0,0,0,0.0%,0,0,0,0,0,0,0.00,0,0,0,0,0.00,0.00,0,0,0,0,0,0,0,0,0.0,0.0,0,0,0,0,0,NA,0,0,0.0%,NA,NA,NA,0,NA,0,0,NA,NA,NA,NA,NA,0,NA,NA,NA,NA,NA,NA,NA,0,vs KC,31,IR,IR,IR
3,5937,Diontae Johnson,WR,29.2,FA,0.0,0,0,0,0,0,0,0,0,0,0,0,0.0%,0,0,0,0,0,0,0.00,0,0,0,0,0.00,0.00,0,0,0,0,0,0,0,0,0.0,0.0,0,0,0,0,0,NA,0,0,0.0%,NA,NA,NA,0,NA,0,0,NA,NA,NA,NA,NA,0,NA,NA,NA,NA,NA,NA,NA,0,NA,,·,DNP,DNP
3,8583,Stone Smartt,TE,27.0,NYJ,999.0,999,999,0,0,0,1,0,0,69,0,0,0.0%,0,0,0,0,0,0,0.00,0,0,0,0,0.00,0.00,0,0,0,0,0,0,0,0,0.0,0.0,0,0,0,0,0,NA,0,0,0.0%,NA,NA,NA,0,NA,0,0,NA,0.0,NA,NA,NA,0,NA,NA,NA,NA,NA,NA,NA,0,@ TB,8,OUT,1.1,-1.1
3,11716,Tip Reiman,TE,24.0,ARI,41.0,41,45,2.8,1.8,0.8,1,1,1,66,33,0,0.0%,0,0,0,0,0,0,0.00,0,0,0,0,0.00,0.00,2,6,0,0,0,3,2,8,4.0,2.7,0,0,0,8,0,NA,0,0,50.0%,NA,NA,NA,0,NA,0,3,0.000,0.0,9,8.6%,0.89,0,NA,NA,NA,NA,NA,0.000,NA,8,@ SF,3,OUT,1.9,0.9
3,4663,Austin Ekeler,RB,30.4,WAS,999.0,999,999,0,0,0,1,0,0,0,0,0,0.0%,0,0,0,0,0,0,0.00,0,0,0,0,0.00,0.00,0,0,0,0,0,0,0,0,0.0,0.0,0,0,0,0,0,NA,0,0,0.0%,NA,NA,NA,0,NA,0,0,NA,NA,NA,NA,NA,0,NA,NA,NA,NA,NA,NA,NA,0,vs LV,10,IR,IR,IR
3,9490,Tyler Scott,WR,23.9,IND,999.0,999,999,0,0,0,1,0,0,0,0,0,0.0%,0,0,0,0,0,0,0.00,0,0,0,0,0.00,0.00,0,0,0,0,0,0,0,0,0.0,0.0,0,0,0,0,0,NA,0,0,0.0%,NA,NA,NA,0,NA,0,0,NA,NA,NA,NA,NA,0,NA,NA,NA,NA,NA,NA,NA,0,@ TEN,9,·,DNP,DNP
3,3225,Tyler Boyd,WR,30.8,FA,0.0,0,0,0,0,0,0,0,0,0,0,0,0.0%,0,0,0,0,0,0,0.00,0,0,0,0,0.00,0.00,0,0,0,0,0,0,0,0,0.0,0.0,0,0,0,0,0,NA,0,0,0.0%,NA,NA,NA,0,NA,0,0,NA,NA,NA,NA,NA,0,NA,NA,NA,NA,NA,NA,NA,0,NA,,·,DNP,DNP
3,5409,Tanner Hudson,TE,30.9,CIN,0.0,0,0,0,0,0,0,0,0,0,0,0,0.0%,0,0,0,0,0,0,0.00,0,0,0,0,0.00,0.00,0,0,0,0,0,0,0,0,0.0,0.0,0,0,0,0,0,NA,0,0,0.0%,NA,NA,NA,0,NA,0,0,NA,NA,NA,NA,NA,0,NA,NA,NA,NA,NA,NA,NA,0,@ MIN,14,·,DNP,DNP
3,7533,Anthony Schwartz,WR,25.0,FA,0.0,0,0,0,0,0,0,0,0,0,0,0,0.0%,0,0,0,0,0,0,0.00,0,0,0,0,0.00,0.00,0,0,0,0,0,0,0,0,0.0,0.0,0,0,0,0,0,NA,0,0,0.0%,NA,NA,NA,0,NA,0,0,NA,NA,NA,NA,NA,0,NA,NA,NA,NA,NA,NA,NA,0,NA,,Q,Q,Q
3,11292,Tommy DeVito,QB,27.1,NE,0.0,0,0,0,0,0,0,0,0,0,0,0,0.0%,0,0,0,0,0,0,0.00,0,0,0,0,0.00,0.00,0,0,0,0,0,0,0,0,0.0,0.0,0,0,0,0,0,NA,0,0,0.0%,NA,NA,NA,0,NA,0,0,NA,NA,NA,NA,NA,0,NA,NA,NA,NA,NA,NA,NA,0,vs PIT,9,OUT,OUT,OUT
,,,,,,,,,,,,,,,,,,0.0%,,,,,,,,,,,,,,,,,,,,,,,,,,,,,NA,,,0.0%,NA,NA,NA,0,NA,0,0,NA,NA,NA,NA,NA,0,NA,NA,NA,NA,NA,NA,NA,0,NA,,·,DNP,DNP