WK,SLPR_ID,NM,POS,AGE,TM,PRK_PPR,PRK_0.5P,PRK_STD,FPT_PPR,FPTS_0.5,FPTS_STD,GM_ACTV,GM_P,GM,TM_SNP,SNP,FUM,CMP PCT,paAY,paATT,CMP,pa1D,INC,INT,paRTG,pa.ruYDS,SAC,paTD,paYDS,paYPA,paYPC,REC,recAY,DRP,rec1D,recTD,TGT,YAC,recYDS,YPR,YPT,CAR,BTKL,ru1D,ru.recYDS,ruTD,YCO,ruYDS,YPC,SNP%,MTF,YCO/A,MTF/A,ruIMP,ELU,IMP,OPP,IMP/OPP,IMP/G,RR,TS%,YPRR,pIMP,pIMP/A,TTT,DP%,PRS%,AYA,1DRR,DB,YDS(t),VS,vsRK,INJ,PROJ,FPOE
4,4984,Josh Allen,QB,29.4,BUF,7,7,7,25.86,25.86,25.86,1,1,1,59,59,0,72.7%,86,22,16,8,6,1,113.60,254,3,2,209,9.50,13.06,0,0,0,0,0,0,0,0,0.0,0.0,7,0,2,45,1,NA,45,6.43,100.0%,NA,NA,NA,3,NA,13,29,NA,NA,NA,NA,NA,10,45.5%,2.74,18.2%,24.1%,9.6,NA,29,254,vs NO,5,·,25.2,0.7
4,4881,Lamar Jackson,QB,28.7,BAL,27,27,27,11.68,11.68,11.68,1,1,1,54,38,1,70.0%,84,20,14,6,6,1,86.90,195,3,1,147,7.35,10.50,0,0,0,0,0,0,0,0,0.0,0.0,6,1,3,48,0,NA,48,8,70.4%,NA,NA,NA,3,NA,10,26,NA,NA,NA,NA,NA,7,35.0%,2.82,5.0%,48.1%,6.0,NA,27,195,@ KC,30,OUT,23.1,-11.4
4,7564,Ja'Marr Chase,WR,25.6,CIN,53,60,72,7.3,4.8,2.3,1,1,1,48,46,0,0.0%,0,0,0,0,0,0,0.00,0,0,0,0,0.00,0.00,5,10,1,0,0,8,13,23,4.6,2.9,0,0,0,23,0,NA,0,0,95.8%,NA,NA,NA,0,NA,0,8,0.000,0.0,27,32.0%,0.85,0,NA,NA,NA,NA,NA,0.000,NA,23,@ DEN,27,·,15.2,-7.9
4,9509,Bijan Robinson,RB,23.7,ATL,5,5,4,28.1,26.1,24.1,1,1,1,65,45,1,0.0%,0,0,0,0,0,0,0.00,75,0,0,0,0.00,0.00,4,17,0,4,0,5,89,106,26.5,21.2,17,4,4,181,1,75,75,4.41,69.2%,6,4.40,0.353,5,0.793,9,22,0.409,9.0,NA,19.2%,NA,0,NA,NA,NA,NA,NA,NA,NA,181,vs WAS,21,·,19.1,9.0
4,11566,Jayden Daniels,QB,24.8,WAS,0,0,0,0,0,0,0,0,0,0,0,0,0.0%,0,0,0,0,0,0,0.00,0,0,0,0,0.00,0.00,0,0,0,0,0,0,0,0,0.0,0.0,0,0,0,0,0,NA,0,0,NA,NA,NA,NA,0,NA,0,0,NA,NA,NA,NA,NA,0,NA,NA,NA,NA,NA,NA,NA,0,@ ATL,31,·,DNP,DNP
4,9221,Jahmyr Gibbs,RB,23.5,DET,15,15,16,17.7,16.7,15.7,1,1,1,60,37,0,0.0%,0,0,0,0,0,0,0.00,91,0,0,0,0.00,0.00,2,-6,0,0,0,2,12,6,3.0,3.0,15,1,4,97,1,56,91,6.07,61.7%,4,3.70,0.267,5,0.637,5,17,0.294,5.0,NA,7.4%,NA,0,NA,NA,NA,NA,NA,NA,NA,97,vs CLE,28,·,19.2,-1.5
4,11632,Malik Nabers,WR,22.2,NYG,77,77,76,4,3,2,1,1,1,76,25,0,0.0%,0,0,0,0,0,0,0.00,0,0,0,0,0.00,0.00,2,17,0,1,0,3,3,20,10.0,6.7,0,0,0,20,0,NA,0,0,32.9%,NA,NA,NA,0,NA,1,3,0.333,1.0,10,14.3%,2.00,0,NA,NA,NA,NA,NA,0.100,NA,20,vs LAC,25,IR,15.5,-11.5
4,6794,Justin Jefferson,WR,26.3,MIN,8,9,17,22.6,17.6,12.6,1,1,1,76,76,0,0.0%,0,0,0,0,0,0,0.00,0,0,0,0,0.00,0.00,10,94,0,5,0,11,32,126,12.6,11.5,0,0,0,126,0,NA,0,0,100.0%,NA,NA,NA,0,NA,5,11,0.455,5.0,51,23.9%,2.47,0,NA,NA,NA,NA,NA,0.098,NA,126,@ PIT,22,·,14.7,7.9
4,9493,Puka Nacua,WR,24.3,LAR,1.0,1,3,36,29.5,23,1,1,1,75,61,0,0.0%,0,0,0,0,0,0,0.00,0,0,0,0,0.00,0.00,13,117,0,7,1,15,53,170,13.1,11.3,0,0,0,170,0,NA,0,0,81.3%,NA,NA,NA,0,NA,8,15,0.533,8.0,37,36.6%,4.59,0,NA,NA,NA,NA,NA,0.189,NA,170,vs IND,5,·,20.5,15.5
4,7547,Amon-Ra St. Brown,WR,25.9,DET,4.0,4,4,26,22.5,19,1,1,1,60,54,0,0.0%,0,0,0,0,0,0,0.00,0,0,0,0,0.00,0.00,7,36,0,2,2,7,34,70,10.0,10.0,0,0,0,70,0,NA,0,0,90.0%,NA,NA,NA,0,NA,4,7,0.571,4.0,26,25.9%,2.69,0,NA,NA,NA,NA,NA,0.077,NA,70,vs CLE,8,·,17.4,8.6
4,11604,Brock Bowers,TE,22.8,LV,20.0,19,18,9.6,7.1,4.6,1,1,0,52,40,0,0.0%,0,0,0,0,0,0,0.00,0,0,0,0,0.00,0.00,5,4,0,2,0,6,42,46,9.2,7.7,0,0,0,46,0,NA,0,0,76.9%,NA,NA,NA,0,NA,2,6,0.333,2.0,16,28.6%,2.88,0,NA,NA,NA,NA,NA,0.125,NA,46,vs CHI,21,OUT,15.2,-5.6
4,6904,Jalen Hurts,QB,27.1,PHI,14.0,14,14,19.4,19.4,19.4,1,1,1,57,57,1,62.5%,48,24,15,8,9,0,104.50,192,2,2,130,5.42,8.67,0,0,0,0,0,0,0,0,0.0,0.0,9,0,3,62,0,NA,62,6.89,100.0%,NA,NA,NA,3,NA,13,33,NA,NA,NA,NA,NA,10,41.7%,2.35,16.7%,45.2%,6.8,NA,31,192,@ TB,4,·,22.0,-2.6
4,6786,CeeDee Lamb,WR,26.5,DAL,0.0,0,0,0,0,0,0,0,0,0,0,0,0.0%,0,0,0,0,0,0,0.00,0,0,0,0,0.00,0.00,0,0,0,0,0,0,0,0,0.0,0.0,0,0,0,0,0,NA,0,0,NA,NA,NA,NA,0,NA,0,0,NA,NA,NA,NA,NA,0,NA,NA,NA,NA,NA,NA,NA,0,vs GB,28,OUT,OUT,OUT
4,6797,Justin Herbert,QB,27.6,LAC,20.0,20,20,14.52,14.52,14.52,1,1,1,63,63,0,56.1%,122,41,23,7,18,2,57.30,227,2,1,203,4.95,8.83,0,0,0,0,0,0,0,0,0.0,0.0,1,0,1,24,0,NA,24,24,100.0%,NA,NA,NA,1,NA,9,42,NA,NA,NA,NA,NA,8,19.5%,2.63,7.3%,47.7%,6.5,NA,44,227,@ NYG,14,·,20.9,-6.4
4,9488,Jaxon Smith-Njigba,WR,23.6,SEA,25.0,25,25,13,11,9,1,1,1,66,53,0,0.0%,0,0,0,0,0,0,0.00,11,0,0,0,0.00,0.00,4,71,0,4,0,5,8,79,19.8,15.8,3,0,0,90,0,NA,11,3.67,80.3%,NA,NA,NA,0,NA,4,8,0.500,4.0,26,19.2%,3.04,0,NA,NA,NA,NA,NA,0.154,NA,90,@ ARI,14,·,18.0,-5.0
4,12514,Emeka Egbuka,WR,23.0,TB,11.0,8,7,20.1,18.1,16.1,1,1,1,72,64,0,0.0%,0,0,0,0,0,0,0.00,0,0,0,0,0.00,0.00,4,60,0,1,1,10,41,101,25.3,10.1,1,0,0,101,0,NA,0,0,88.9%,NA,NA,NA,0,NA,2,11,0.182,2.0,38,25.0%,2.66,0,NA,NA,NA,NA,NA,0.026,NA,101,vs PHI,15,·,14.4,5.7
4,8130,Trey McBride,TE,25.8,ARI,9.0,15,16,12.2,8.7,5.2,1,1,1,67,64,0,0.0%,0,0,0,0,0,0,0.00,0,0,0,0,0.00,0.00,7,40,0,4,0,11,12,52,7.4,4.7,0,0,0,52,0,NA,0,0,95.5%,NA,NA,NA,0,NA,4,11,0.364,4.0,43,26.8%,1.21,0,NA,NA,NA,NA,NA,0.093,NA,52,vs SEA,15,·,14.9,-2.7
4,12527,Ashton Jeanty,RB,21.8,LV,1.0,1,1,33.5,32.5,31.5,1,1,1,52,44,1,0.0%,0,0,0,0,0,0,0.00,138,0,0,0,0.00,0.00,2,7,0,0,2,2,10,17,8.5,8.5,21,2,5,155,1,141,138,6.57,84.6%,14,6.70,0.667,6,1.337,8,23,0.348,8.0,NA,9.5%,NA,0,NA,NA,NA,NA,NA,NA,NA,155,vs CHI,7,·,13.3,20.2
4,6813,Jonathan Taylor,RB,26.7,IND,21.0,22,29,14.6,12.1,9.6,1,1,1,61,53,0,0.0%,0,0,0,0,0,0,0.00,76,0,0,0,0.00,0.00,5,-16,0,1,0,5,36,20,4.0,4.0,17,5,3,96,0,41,76,4.47,86.9%,11,2.40,0.647,3,0.887,4,22,0.182,4.0,NA,15.2%,NA,0,NA,NA,NA,NA,NA,NA,NA,96,@ LAR,30,·,19.7,-5.1
4,6770,Joe Burrow,QB,28.8,CIN,999.0,999,999,0,0,0,1,0,0,0,0,0,0.0%,0,0,0,0,0,0,0.00,0,0,0,0,0.00,0.00,0,0,0,0,0,0,0,0,0.0,0.0,0,0,0,0,0,NA,0,0,NA,NA,NA,NA,0,NA,0,0,NA,NA,NA,NA,NA,0,NA,NA,NA,NA,NA,NA,NA,0,@ DEN,29,IR,IR,IR
4,11564,Drake Maye,QB,23.1,NE,8.0,8,8,23.22,23.22,23.22,1,1,1,49,43,0,82.4%,93,17,14,6,3,0,155.60,214,1,2,203,11.94,14.50,0,0,0,0,0,0,0,0,0.0,0.0,3,0,0,11,1,NA,11,3.67,87.8%,NA,NA,NA,1,NA,9,20,NA,NA,NA,NA,NA,8,47.1%,3.00,5.9%,23.8%,7.9,NA,21,214,vs CAR,20,·,20.3,2.9
4,4866,Saquon Barkley,RB,28.6,PHI,16.0,17,17,17.4,15.4,13.4,1,1,1,57,48,0,0.0%,0,0,0,0,0,0,0.00,43,0,0,0,0.00,0.00,4,-5,0,2,0,4,36,31,7.8,7.8,19,2,0,74,1,51,43,2.26,84.2%,3,2.70,0.158,1,0.428,3,23,0.130,3.0,NA,16.7%,NA,0,NA,NA,NA,NA,NA,NA,NA,74,@ TB,17,Q,17.6,-0.2
4,11620,Rome Odunze,WR,23.3,CHI,17.0,17,14,16.9,14.9,12.9,1,1,1,68,52,0,0.0%,0,0,0,0,0,0,0.00,0,0,0,0,0.00,0.00,4,42,0,3,1,8,27,69,17.3,8.6,0,0,0,69,0,NA,0,0,76.5%,NA,NA,NA,0,NA,4,8,0.500,4.0,31,21.6%,2.23,0,NA,NA,NA,NA,NA,0.097,NA,69,@ LV,4,·,13.9,3.0
4,8112,Drake London,WR,24.2,ATL,5.0,6,6,25,21,17,1,1,1,65,55,0,0.0%,0,0,0,0,0,0,0.00,0,0,0,0,0.00,0.00,8,95,0,3,1,10,15,110,13.8,11.0,0,0,0,110,0,NA,0,0,84.6%,NA,NA,NA,0,NA,4,10,0.400,4.0,26,38.5%,4.23,0,NA,NA,NA,NA,NA,0.115,NA,110,vs WAS,10,·,13.7,11.3
4,7569,Nico Collins,WR,26.5,HOU,28.0,27,29,11.9,9.9,7.9,1,1,1,71,61,0,0.0%,0,0,0,0,0,0,0.00,0,0,0,0,0.00,0.00,4,45,0,3,0,6,34,79,19.8,13.2,0,0,0,79,0,NA,0,0,85.9%,NA,NA,NA,0,NA,3,6,0.500,3.0,26,21.4%,3.04,0,NA,NA,NA,NA,NA,0.115,NA,79,vs TEN,9,·,15.6,-3.7
4,9226,De'Von Achane,RB,24.0,MIA,17.0,16,13,17.1,16.6,16.1,1,1,1,58,44,1,0.0%,0,0,0,0,0,0,0.00,99,0,0,0,0.00,0.00,1,-1,0,0,0,2,3,2,2.0,1.0,20,5,3,101,1,78,99,4.95,75.9%,6,3.90,0.300,4,0.690,4,22,0.182,4.0,NA,8.0%,NA,0,NA,NA,NA,NA,NA,NA,NA,101,vs NYJ,9,·,20.3,-3.2
4,11560,Caleb Williams,QB,23.9,CHI,24.0,24,24,12.78,12.78,12.78,1,1,1,68,68,2,59.5%,113,37,22,9,15,1,73.30,225,1,1,212,5.73,9.64,0,0,0,0,0,0,0,0,0.0,0.0,8,1,1,13,0,NA,13,1.63,100.0%,NA,NA,NA,1,NA,11,45,NA,NA,NA,NA,NA,10,27.0%,3.30,5.4%,23.8%,6.8,NA,42,225,@ LV,13,·,18.6,-5.8
4,11584,Bucky Irving,RB,23.1,TB,9.0,9,8,25.5,23,20.5,1,1,1,72,44,1,0.0%,0,0,0,0,0,0,0.00,63,0,0,0,0.00,0.00,5,-4,0,2,1,5,106,102,20.4,20.4,15,3,2,165,0,50,63,4.2,61.1%,9,3.30,0.600,2,0.930,5,20,0.250,5.0,NA,12.5%,NA,0,NA,NA,NA,NA,NA,NA,NA,165,vs PHI,8,OUT,18.8,6.7
4,12526,Tetairoa McMillan,WR,22.5,CAR,32.0,36,38,10.2,8.2,6.2,1,1,1,69,65,0,0.0%,0,0,0,0,0,0,0.00,0,0,0,0,0.00,0.00,4,37,0,3,0,8,25,62,15.5,7.8,0,0,0,62,0,NA,0,0,94.2%,NA,NA,NA,0,NA,3,8,0.375,3.0,37,22.2%,1.68,0,NA,NA,NA,NA,NA,0.081,NA,62,@ NE,7,·,14.4,-4.2
4,11631,Brian Thomas Jr.,WR,23.0,JAX,31.0,37,42,10.6,8.1,5.6,1,1,1,68,54,0,0.0%,0,0,0,0,0,0,0.00,7,0,0,0,0.00,0.00,5,41,1,2,0,7,8,49,9.8,7.0,1,0,1,56,0,NA,7,7,79.4%,NA,NA,NA,1,NA,3,8,0.375,3.0,26,22.6%,1.88,0,NA,NA,NA,NA,NA,0.077,NA,56,@ SF,18,·,14.2,-3.6
4,12507,Omarion Hampton,RB,22.5,LAC,7.0,7,7,27.5,25,22.5,1,1,1,63,56,0,0.0%,0,0,0,0,0,0,0.00,128,0,0,0,0.00,0.00,5,-4,0,1,0,5,41,37,7.4,7.4,12,1,4,165,1,90,128,10.67,88.9%,4,7.50,0.333,5,1.083,6,17,0.353,6.0,NA,12.2%,NA,0,NA,NA,NA,NA,NA,NA,NA,165,@ NYG,6,OUT,16.3,11.2
4,4046,Patrick Mahomes,QB,30.0,KC,3.0,3,3,27.3,27.3,27.3,1,1,1,73,67,0,67.6%,112,37,25,11,12,0,124.80,275,1,4,270,7.30,10.80,0,0,0,0,0,0,0,0,0.0,0.0,4,0,0,5,0,NA,5,1.25,91.8%,NA,NA,NA,0,NA,15,41,NA,NA,NA,NA,NA,15,40.5%,2.58,10.8%,22.0%,7.1,NA,41,275,vs BAL,2,·,20.4,6.9
4,8138,James Cook,RB,26.0,BUF,10.0,10,10,22.5,21,19.5,1,1,1,59,43,0,0.0%,0,0,0,0,0,0,0.00,117,0,0,0,0.00,0.00,3,-3,0,1,0,4,21,18,6.0,4.5,22,2,5,135,1,79,117,5.32,72.9%,7,3.60,0.318,6,0.678,7,26,0.269,7.0,NA,18.2%,NA,0,NA,NA,NA,NA,NA,NA,NA,135,vs NO,11,·,17.4,5.1
4,6804,Jordan Love,QB,26.9,GB,6.0,6,6,26.28,26.28,26.28,1,1,1,83,83,1,72.1%,85,43,31,13,12,0,118.10,365,1,3,337,7.84,10.87,0,0,0,0,0,0,0,0,0.0,0.0,3,0,1,28,0,NA,28,9.33,100.0%,NA,NA,NA,1,NA,17,46,NA,NA,NA,NA,NA,16,37.2%,2.76,11.6%,28.3%,5.5,NA,46,365,@ DAL,1,·,20.4,5.9
4,8146,Garrett Wilson,WR,25.2,NYJ,10.0,11,11,20.2,17.2,14.2,1,1,1,63,62,0,0.0%,0,0,0,0,0,0,0.00,0,0,0,0,0.00,0.00,6,58,0,3,1,8,24,82,13.7,10.3,0,0,0,82,0,NA,0,0,98.4%,NA,NA,NA,0,NA,4,8,0.500,4.0,29,29.6%,2.83,0,NA,NA,NA,NA,NA,0.103,NA,82,@ MIA,21,·,14.6,5.6
4,12518,Tyler Warren,TE,23.4,IND,2.0,3,3,18.3,15.8,13.3,1,1,1,61,54,0,0.0%,0,0,0,0,0,0,0.00,3,0,0,0,0.00,0.00,5,53,0,3,0,6,17,70,14.0,11.7,2,0,0,73,1,NA,3,1.5,88.5%,NA,NA,NA,1,NA,4,8,0.500,4.0,32,18.2%,2.19,0,NA,NA,NA,NA,NA,0.094,NA,73,@ LAR,13,·,13.8,4.5
4,11635,Ladd McConkey,WR,23.9,LAC,99.0,99,96,2.1,1.6,1.1,1,1,1,63,58,0,0.0%,0,0,0,0,0,0,0.00,0,0,0,0,0.00,0.00,1,6,2,1,0,6,5,11,11.0,1.8,0,0,0,11,0,NA,0,0,92.1%,NA,NA,NA,0,NA,1,6,0.167,1.0,40,14.6%,0.28,0,NA,NA,NA,NA,NA,0.025,NA,11,@ NYG,3,·,14.4,-12.3
4,11563,Bo Nix,QB,25.6,DEN,5.0,5,5,26.74,26.74,26.74,1,1,1,81,81,0,69.0%,101,42,29,15,13,1,97.90,333,0,2,326,7.76,11.24,0,0,0,0,0,0,0,0,0.0,0.0,6,0,0,7,1,NA,7,1.17,100.0%,NA,NA,NA,1,NA,18,48,NA,NA,NA,NA,NA,17,40.5%,2.77,7.1%,15.9%,6.3,NA,44,333,vs CIN,7,·,20.3,6.4
4,12512,Quinshon Judkins,RB,21.9,CLE,11.0,11,12,21.5,19.5,17.5,1,1,1,67,39,0,0.0%,0,0,0,0,0,0,0.00,82,0,0,0,0.00,0.00,4,-1,0,2,0,4,34,33,8.3,8.3,21,3,6,115,1,78,82,3.9,58.2%,0,3.70,0.000,7,0.370,9,25,0.360,9.0,NA,11.4%,NA,0,NA,NA,NA,NA,NA,NA,NA,115,@ DET,26,·,13.7,7.8
4,4892,Baker Mayfield,QB,30.4,TB,10.0,10,10,19.86,19.86,19.86,1,1,1,72,72,1,55.0%,88,40,22,5,18,1,84.30,302,2,2,289,7.22,13.14,0,0,0,0,0,0,0,0,0.0,0.0,2,1,1,13,0,NA,13,6.5,100.0%,NA,NA,NA,1,NA,8,42,NA,NA,NA,NA,NA,7,17.5%,2.87,15.0%,40.9%,8.4,NA,44,302,vs PHI,16,·,20.6,-0.7
4,10229,Rashee Rice,WR,25.4,KC,999.0,999,999,0,0,0,1,0,0,0,0,0,0.0%,0,0,0,0,0,0,0.00,0,0,0,0,0.00,0.00,0,0,0,0,0,0,0,0,0.0,0.0,0,0,0,0,0,NA,0,0,NA,NA,NA,NA,0,NA,0,0,NA,NA,NA,NA,NA,0,NA,NA,NA,NA,NA,NA,NA,0,vs BAL,2,SUS,SUS,SUS
4,4034,Christian McCaffrey,RB,29.3,SF,8.0,8,9,26.1,23.1,20.1,1,1,1,66,56,1,0.0%,0,0,0,0,0,0,0.00,49,0,0,0,0.00,0.00,6,23,2,3,1,11,69,92,15.3,8.4,17,0,1,141,0,36,49,2.88,84.8%,5,2.10,0.294,1,0.504,5,28,0.179,5.0,NA,28.9%,NA,0,NA,NA,NA,NA,NA,NA,NA,141,vs JAX,29,·,23.4,2.7
4,11628,Marvin Harrison Jr.,WR,23.1,ARI,14.0,14,16,18.6,15.6,12.6,1,1,1,67,67,0,0.0%,0,0,0,0,0,0,0.00,0,0,0,0,0.00,0.00,6,50,1,2,1,10,16,66,11.0,6.6,0,0,0,66,0,NA,0,0,100.0%,NA,NA,NA,0,NA,3,10,0.300,3.0,47,24.4%,1.40,0,NA,NA,NA,NA,NA,0.043,NA,66,vs SEA,17,·,11.2,7.4
4,12529,TreVeyon Henderson,RB,22.9,NE,24.0,25,25,12.6,11.6,10.6,1,1,0,49,15,0,0.0%,0,0,0,0,0,0,0.00,32,0,0,0,0.00,0.00,2,-6,0,0,0,2,20,14,7.0,7.0,7,1,2,46,1,25,32,4.57,30.6%,1,3.50,0.143,3,0.493,3,9,0.333,3.0,NA,11.1%,NA,0,NA,NA,NA,NA,NA,NA,NA,46,vs CAR,16,·,9.7,2.9
4,8150,Kyren Williams,RB,25.1,LAR,34.0,34,34,10.4,8.9,7.4,1,1,1,75,51,1,0.0%,0,0,0,0,0,0,0.00,77,0,0,0,0.00,0.00,3,4,0,1,0,4,13,17,5.7,4.3,13,4,6,94,0,42,77,5.92,68.0%,3,3.20,0.231,6,0.551,7,17,0.412,7.0,NA,9.8%,NA,0,NA,NA,NA,NA,NA,NA,NA,94,vs IND,24,·,15.9,-5.5
4,5850,Josh Jacobs,RB,27.6,GB,2.0,2,2,31.7,29.7,27.7,1,1,1,83,54,0,0.0%,0,0,0,0,0,0,0.00,86,0,0,0,0.00,0.00,4,-5,0,3,0,4,76,71,17.8,17.8,22,0,4,157,2,81,86,3.91,65.1%,6,3.70,0.273,6,0.643,9,26,0.346,9.0,NA,9.3%,NA,0,NA,NA,NA,NA,NA,NA,NA,157,@ DAL,5,·,17.6,14.1
4,8183,Brock Purdy,QB,25.8,SF,13.0,13,13,19.66,19.66,19.66,1,1,1,66,66,1,57.9%,171,38,22,15,16,2,79.80,322,1,2,309,8.13,14.05,0,0,0,0,0,0,0,0,0.0,0.0,2,0,2,13,0,NA,13,6.5,100.0%,NA,NA,NA,2,NA,19,40,NA,NA,NA,NA,NA,17,44.7%,3.04,5.3%,32.5%,7.6,NA,40,322,vs JAX,26,OUT,22.3,-2.6
4,8155,Breece Hall,RB,24.3,NYJ,19.0,19,21,16.1,13.6,11.1,1,1,1,63,40,0,0.0%,0,0,0,0,0,0,0.00,81,0,0,0,0.00,0.00,5,18,0,2,0,6,12,30,6.0,5.0,14,3,3,111,0,55,81,5.79,63.5%,1,3.90,0.071,3,0.461,5,20,0.250,5.0,NA,22.2%,NA,0,NA,NA,NA,NA,NA,NA,NA,111,@ MIA,4,·,13.6,2.5
4,5859,A.J. Brown,WR,28.2,PHI,94.0,98,107,2.7,1.7,0.7,1,1,1,57,55,0,0.0%,0,0,0,0,0,0,0.00,0,0,0,0,0.00,0.00,2,2,0,1,0,9,5,7,3.5,0.8,0,0,0,7,0,NA,0,0,96.5%,NA,NA,NA,0,NA,1,9,0.111,1.0,23,37.5%,0.30,0,NA,NA,NA,NA,NA,0.043,NA,7,@ TB,16,·,14.4,-11.7
4,9997,Zay Flowers,WR,25.0,BAL,23.0,26,31,14.4,10.9,7.4,1,1,1,54,48,0,0.0%,0,0,0,0,0,0,0.00,0,0,0,0,0.00,0.00,7,57,1,4,0,8,17,74,10.6,9.3,0,0,0,74,0,NA,0,0,88.9%,NA,NA,NA,0,NA,4,8,0.500,4.0,33,24.2%,2.24,0,NA,NA,NA,NA,NA,0.121,NA,74,@ KC,31,·,13.2,1.2
4,12522,Cam Ward,QB,23.3,TEN,31.0,31,31,5.52,5.52,5.52,1,1,1,50,50,0,38.5%,67,26,10,5,16,1,35.40,130,2,0,108,4.15,10.80,0,0,0,0,0,0,0,0,0.0,0.0,2,0,1,22,0,NA,22,11,100.0%,NA,NA,NA,1,NA,6,28,NA,NA,NA,NA,NA,5,19.2%,3.10,3.8%,46.7%,8.2,NA,30,130,@ HOU,32,·,16.9,-11.4
4,12508,Jaxson Dart,QB,22.4,NYG,11.0,11,11,19.84,19.84,19.84,1,1,1,76,74,1,65.0%,45,20,13,5,7,0,96.00,165,5,1,111,5.55,8.54,0,0,0,0,0,0,0,0,0.0,0.0,10,0,4,54,1,NA,54,5.4,97.4%,NA,NA,NA,5,NA,11,30,NA,NA,NA,NA,NA,6,30.0%,2.48,10.0%,32.1%,7.1,NA,28,165,vs LAC,18,Q,18.3,1.5
4,11638,Ricky Pearsall,WR,25.0,SF,44.0,44,47,8.6,6.6,4.6,1,1,1,66,37,0,0.0%,0,0,0,0,0,0,0.00,0,0,0,0,0.00,0.00,4,46,0,3,0,5,0,46,11.5,9.2,0,0,0,46,0,NA,0,0,56.1%,NA,NA,NA,0,NA,3,5,0.600,3.0,23,13.2%,2.00,0,NA,NA,NA,NA,NA,0.130,NA,46,vs JAX,24,OUT,13.8,-5.2
4,9484,Tucker Kraft,TE,24.9,GB,15.0,16,15,10.6,8.1,5.6,1,1,1,83,79,0,0.0%,0,0,0,0,0,0,0.00,0,0,0,0,0.00,0.00,5,1,0,3,0,5,55,56,11.2,11.2,0,0,0,56,0,NA,0,0,95.2%,NA,NA,NA,0,NA,3,5,0.600,3.0,31,11.6%,1.81,0,NA,NA,NA,NA,NA,0.097,NA,56,@ DAL,9,·,11.2,-0.6
4,9758,C.J. Stroud,QB,24.0,HOU,15.0,15,15,18.42,18.42,18.42,1,1,1,71,71,0,78.6%,124,28,22,7,6,0,125.10,244,2,2,233,8.32,10.59,0,0,0,0,0,0,0,0,0.0,0.0,4,0,3,11,0,NA,11,2.75,100.0%,NA,NA,NA,3,NA,12,32,NA,NA,NA,NA,NA,9,32.1%,2.62,7.1%,28.1%,6.2,NA,32,244,vs TEN,23,·,16.2,2.2
4,8151,Kenneth Walker III,RB,24.9,SEA,27.0,26,23,12,11.5,11,1,1,1,66,33,0,0.0%,0,0,0,0,0,0,0.00,81,0,0,0,0.00,0.00,1,-3,1,1,0,2,32,29,29.0,14.5,19,2,2,110,0,38,81,4.26,50.0%,5,2.00,0.263,2,0.463,3,21,0.143,3.0,NA,7.7%,NA,0,NA,NA,NA,NA,NA,NA,NA,110,@ ARI,12,·,13.0,-1.0
4,3163,Jared Goff,QB,31.0,DET,22.0,22,22,13.72,13.72,13.72,1,1,1,60,56,0,59.3%,92,27,16,6,11,1,86.70,168,0,2,168,6.22,10.50,0,0,0,0,0,0,0,0,0.0,0.0,0,0,0,0,0,NA,0,0,93.3%,NA,NA,NA,0,NA,8,27,NA,NA,NA,NA,NA,8,29.6%,2.71,18.5%,44.4%,11.9,NA,27,168,vs CLE,24,·,19.7,-6.0
4,8148,Jameson Williams,WR,24.5,DET,64.0,62,57,5.7,4.7,3.7,1,1,1,60,51,0,0.0%,0,0,0,0,0,0,0.00,-3,0,0,0,0.00,0.00,2,20,2,2,0,8,20,40,20.0,5.0,1,0,0,37,0,NA,-3,-3,85.0%,NA,NA,NA,0,NA,2,9,0.222,2.0,27,29.6%,1.48,0,NA,NA,NA,NA,NA,0.074,NA,37,vs CLE,8,·,12.3,-6.6
4,10859,Sam LaPorta,TE,24.7,DET,24.0,24,23,6.9,5.4,3.9,1,1,1,60,56,0,0.0%,0,0,0,0,0,0,0.00,0,0,0,0,0.00,0.00,3,30,0,1,0,4,9,39,13.0,9.8,0,0,0,39,0,NA,0,0,93.3%,NA,NA,NA,0,NA,1,4,0.250,1.0,21,14.8%,1.86,0,NA,NA,NA,NA,NA,0.048,NA,39,vs CLE,19,·,11.8,-4.9
4,3198,Derrick Henry,RB,31.7,BAL,43.0,42,42,7.8,6.8,5.8,1,1,1,54,21,0,0.0%,0,0,0,0,0,0,0.00,42,0,0,0,0.00,0.00,2,1,0,0,0,3,15,16,8.0,5.3,8,0,2,58,0,23,42,5.25,38.9%,0,2.90,0.000,2,0.290,2,11,0.182,2.0,NA,9.1%,NA,0,NA,NA,NA,NA,NA,NA,NA,58,@ KC,22,·,16.0,-8.2
4,5849,Kyler Murray,QB,28.1,ARI,16.0,16,16,18.1,18.1,18.1,1,1,1,67,67,0,65.9%,75,41,27,11,14,2,73.20,241,6,2,200,4.88,7.41,0,0,0,0,0,0,0,0,0.0,0.0,5,0,1,41,0,NA,41,8.2,100.0%,NA,NA,NA,1,NA,14,46,NA,NA,NA,NA,NA,13,31.7%,2.37,7.3%,25.5%,5.5,NA,51,241,vs SEA,21,Q,18.7,-0.6
4,6801,Tee Higgins,WR,26.7,CIN,62.0,61,60,6.2,4.7,3.2,1,1,1,48,40,0,0.0%,0,0,0,0,0,0,0.00,0,0,0,0,0.00,0.00,3,26,0,1,0,6,6,32,10.7,5.3,0,0,0,32,0,NA,0,0,83.3%,NA,NA,NA,0,NA,1,6,0.167,1.0,27,24.0%,1.19,0,NA,NA,NA,NA,NA,0.037,NA,32,@ DEN,27,·,11.2,-5.0
4,8137,George Pickens,WR,24.6,DAL,2.0,2,1,33.4,29.4,25.4,1,1,1,69,62,0,0.0%,0,0,0,0,0,0,0.00,0,0,0,0,0.00,0.00,8,106,1,5,2,11,28,134,16.8,12.2,0,0,0,134,0,NA,0,0,89.9%,NA,NA,NA,0,NA,7,11,0.636,7.0,40,27.5%,3.35,0,NA,NA,NA,NA,NA,0.125,NA,134,vs GB,28,·,14.6,18.8
4,7525,DeVonta Smith,WR,26.9,PHI,70.0,67,63,4.9,3.9,2.9,1,1,1,57,52,0,0.0%,0,0,0,0,0,0,0.00,0,0,0,0,0.00,0.00,2,22,0,2,0,2,7,29,14.5,14.5,0,0,0,29,0,NA,0,0,91.2%,NA,NA,NA,0,NA,2,2,1.000,2.0,25,8.3%,1.16,0,NA,NA,NA,NA,NA,0.080,NA,29,@ TB,16,·,12.8,-7.9
4,11624,Xavier Worthy,WR,22.4,KC,16.0,18,18,17.1,14.6,12.1,1,1,1,73,43,0,0.0%,0,0,0,0,0,0,0.00,38,0,0,0,0.00,0.00,5,49,0,3,0,8,34,83,16.6,10.4,2,0,2,121,0,NA,38,19,58.9%,NA,NA,NA,2,NA,5,10,0.500,5.0,27,21.6%,3.07,0,NA,NA,NA,NA,NA,0.111,NA,121,vs BAL,2,·,11.2,5.9
4,9224,Chase Brown,RB,25.5,CIN,37.0,37,38,10.1,8.6,7.1,1,1,1,48,35,0,0.0%,0,0,0,0,0,0,0.00,40,0,0,0,0.00,0.00,3,-2,0,1,0,3,33,31,10.3,10.3,10,0,2,71,0,26,40,4,72.9%,5,2.60,0.500,2,0.760,3,13,0.231,3.0,NA,12.0%,NA,0,NA,NA,NA,NA,NA,NA,NA,71,@ DEN,19,·,12.4,-2.3
4,12530,Travis Hunter,WR,22.4,JAX,54.0,54,52,7.2,5.7,4.2,1,1,0,68,38,1,0.0%,0,0,0,0,0,0,0.00,0,0,0,0,0.00,0.00,3,37,0,1,0,5,5,42,14.0,8.4,0,0,0,42,0,NA,0,0,55.9%,NA,NA,NA,0,NA,1,5,0.200,1.0,21,16.1%,2.00,0,NA,NA,NA,NA,NA,0.048,NA,42,@ SF,18,·,5.8,1.4
4,12481,Cam Skattebo,RB,23.6,NYG,22.0,23,22,13,12,11,1,1,1,76,57,0,0.0%,0,0,0,0,0,0,0.00,79,0,0,0,0.00,0.00,2,-11,0,0,0,2,22,11,5.5,5.5,25,0,4,90,0,75,79,3.16,75.0%,7,3.00,0.280,4,0.580,4,27,0.148,4.0,NA,9.5%,NA,0,NA,NA,NA,NA,NA,NA,NA,90,vs LAC,25,·,15.9,-2.9
4,11565,J.J. McCarthy,QB,22.7,MIN,0.0,0,0,0,0,0,0,0,0,0,0,0,0.0%,0,0,0,0,0,0,0.00,0,0,0,0,0.00,0.00,0,0,0,0,0,0,0,0,0.0,0.0,0,0,0,0,0,NA,0,0,NA,NA,NA,NA,0,NA,0,0,NA,NA,NA,NA,NA,0,NA,NA,NA,NA,NA,NA,NA,0,@ PIT,9,OUT,OUT,OUT
4,9756,Jordan Addison,WR,23.7,MIN,21.0,20,20,15.4,13.4,11.4,1,1,1,76,73,0,0.0%,0,0,0,0,0,0,0.00,0,0,0,0,0.00,0.00,4,61,1,2,0,8,53,114,28.5,14.3,0,0,0,114,0,NA,0,0,96.1%,NA,NA,NA,0,NA,2,8,0.250,2.0,49,17.4%,2.33,0,NA,NA,NA,NA,NA,0.041,NA,114,@ PIT,22,·,9.9,5.5
4,12501,Matthew Golden,WR,22.2,GB,29.0,32,37,11.3,8.8,6.3,1,1,0,83,49,0,0.0%,0,0,0,0,0,0,0.00,5,0,0,0,0.00,0.00,5,48,0,2,0,6,10,58,11.6,9.7,1,0,1,63,0,NA,5,5,59.0%,NA,NA,NA,1,NA,3,7,0.429,3.0,31,14.0%,1.87,0,NA,NA,NA,NA,NA,0.065,NA,63,@ DAL,1,·,9.4,1.9
4,3294,Dak Prescott,QB,32.2,DAL,1.0,1,1,30.96,30.96,30.96,1,1,1,69,69,0,77.5%,183,40,31,14,9,0,124.90,321,1,3,319,7.97,10.29,0,0,0,0,0,0,0,0,0.0,0.0,1,0,0,2,1,NA,2,2,100.0%,NA,NA,NA,1,NA,18,41,NA,NA,NA,NA,NA,17,42.5%,2.84,15.0%,24.4%,8.6,NA,41,321,vs GB,27,·,19.7,11.3
4,5846,DK Metcalf,WR,27.8,PIT,7.0,5,5,23.6,21.1,18.6,1,1,1,53,42,0,0.0%,0,0,0,0,0,0,0.00,0,0,0,0,0.00,0.00,5,34,0,4,1,5,92,126,25.2,25.2,0,0,0,126,0,NA,0,0,79.2%,NA,NA,NA,0,NA,5,5,1.000,5.0,21,22.7%,6.00,0,NA,NA,NA,NA,NA,0.190,NA,126,vs MIN,32,·,12.8,10.8
4,7594,Chuba Hubbard,RB,26.3,CAR,38.0,38,39,9.9,8.4,6.9,1,1,1,69,35,0,0.0%,0,0,0,0,0,0,0.00,49,0,0,0,0.00,0.00,3,-6,0,1,0,3,26,20,6.7,6.7,10,0,3,69,0,29,49,4.9,50.7%,1,2.90,0.100,3,0.390,4,13,0.308,4.0,NA,8.3%,NA,0,NA,NA,NA,NA,NA,NA,NA,69,@ NE,27,OUT,13.6,-3.7
4,8144,Chris Olave,WR,25.2,NO,35.0,34,34,10,8.5,7,1,1,1,67,57,0,0.0%,0,1,0,0,1,1,0.00,0,0,0,0,0.00,0.00,3,20,2,1,1,6,0,20,6.7,3.3,0,0,0,20,0,NA,0,0,85.1%,NA,NA,NA,0,NA,2,7,0.286,2.0,29,21.4%,0.69,0,0.0%,NA,NA,NA,NA,0.034,NA,20,@ BUF,20,·,14.2,-4.2
4,11559,Michael Penix Jr.,QB,25.4,ATL,12.0,12,12,19.72,19.72,19.72,1,1,1,65,65,0,76.9%,179,26,20,12,6,1,126.00,315,1,2,313,12.04,15.65,0,0,0,0,0,0,0,0,0.0,0.0,4,0,1,2,0,NA,2,0.5,100.0%,NA,NA,NA,1,NA,15,30,NA,NA,NA,NA,NA,14,53.8%,2.62,7.7%,25.0%,10.1,NA,28,315,vs WAS,8,·,17.5,2.2
4,5870,Daniel Jones,QB,28.3,IND,26.0,26,26,12.38,12.38,12.38,1,1,1,61,61,1,72.7%,135,33,24,10,9,2,80.60,261,2,1,262,7.94,10.92,0,0,0,0,0,0,0,0,0.0,0.0,1,0,0,-1,0,NA,-1,-1,100.0%,NA,NA,NA,0,NA,11,34,NA,NA,NA,NA,NA,11,33.3%,2.82,18.2%,48.6%,9.2,NA,35,261,@ LAR,17,·,20.6,-8.2
4,11589,Trey Benson,RB,23.2,ARI,33.0,39,44,10.4,7.9,5.4,1,1,1,67,37,0,0.0%,0,0,0,0,0,0,0.00,35,0,0,0,0.00,0.00,5,-10,0,1,0,5,29,19,3.8,3.8,8,0,1,54,0,18,35,4.38,55.2%,5,2.20,0.625,1,0.845,2,13,0.154,2.0,NA,12.2%,NA,0,NA,NA,NA,NA,NA,NA,NA,54,vs SEA,18,IR,14.1,-3.7
4,7523,Trevor Lawrence,QB,26.0,JAX,28.0,28,28,11.66,11.66,11.66,1,1,1,68,68,0,67.7%,113,31,21,7,10,0,92.70,181,0,1,174,5.61,8.29,0,0,0,0,0,0,0,0,0.0,0.0,7,0,2,7,0,NA,7,1,100.0%,NA,NA,NA,2,NA,10,38,NA,NA,NA,NA,NA,8,25.8%,2.63,6.5%,18.8%,6.4,NA,32,181,@ SF,10,·,18.6,-6.9
4,9754,Quentin Johnston,WR,24.1,LAC,6.0,7,8,23.8,19.8,15.8,1,1,1,63,58,0,0.0%,0,0,0,0,0,0,0.00,0,0,0,0,0.00,0.00,8,82,0,2,1,13,16,98,12.3,7.5,0,0,0,98,0,NA,0,0,92.1%,NA,NA,NA,0,NA,3,13,0.231,3.0,39,31.7%,2.51,0,NA,NA,NA,NA,NA,0.051,NA,98,@ NYG,3,·,12.6,11.2
4,7543,Travis Etienne,RB,26.7,JAX,13.0,12,11,19.5,19,18.5,1,1,1,68,41,0,0.0%,0,0,0,0,0,0,0.00,124,0,0,0,0.00,0.00,1,1,0,0,0,2,0,1,1.0,0.5,19,0,4,125,1,36,124,6.53,60.3%,4,1.90,0.211,5,0.401,5,21,0.238,5.0,NA,6.5%,NA,0,NA,NA,NA,NA,NA,NA,NA,125,@ SF,14,·,12.7,6.8
4,8408,Jordan Mason,RB,26.4,MIN,35.0,36,37,10.2,8.7,7.2,1,1,1,76,47,1,0.0%,0,0,0,0,0,0,0.00,57,0,0,0,0.00,0.00,3,-10,0,1,0,3,25,15,5.0,5.0,16,2,5,72,0,56,57,3.56,61.8%,5,3.50,0.313,5,0.663,6,19,0.316,6.0,NA,6.5%,NA,0,NA,NA,NA,NA,NA,NA,NA,72,@ PIT,23,·,16.1,-5.9
4,12489,RJ Harvey,RB,24.6,DEN,12.0,13,15,19.8,17.8,15.8,1,1,0,81,33,0,0.0%,0,0,0,0,0,0,0.00,58,0,0,0,0.00,0.00,4,1,1,2,1,5,39,40,10.0,8.0,14,0,2,98,0,52,58,4.14,40.7%,5,3.70,0.357,2,0.727,5,19,0.263,5.0,NA,11.9%,NA,0,NA,NA,NA,NA,NA,NA,NA,98,vs CIN,1,·,7.1,12.7
4,4217,George Kittle,TE,32.0,SF,999.0,999,999,0,0,0,1,0,0,0,0,0,0.0%,0,0,0,0,0,0,0.00,0,0,0,0,0.00,0.00,0,0,0,0,0,0,0,0,0.0,0.0,0,0,0,0,0,NA,0,0,NA,NA,NA,NA,0,NA,0,0,NA,NA,NA,NA,NA,0,NA,NA,NA,NA,NA,NA,NA,0,vs JAX,27,IR,IR,IR
4,7526,Jaylen Waddle,WR,26.8,MIA,49.0,47,46,7.8,6.3,4.8,1,1,1,58,52,0,0.0%,0,0,0,0,0,0,0.00,0,0,0,0,0.00,0.00,3,30,0,3,0,6,18,48,16.0,8.0,0,0,0,48,0,NA,0,0,89.7%,NA,NA,NA,0,NA,3,6,0.500,3.0,23,24.0%,2.09,0,NA,NA,NA,NA,NA,0.130,NA,48,vs NYJ,13,·,10.8,-3.0
4,12517,Colston Loveland,TE,21.5,CHI,0.0,0,0,0,0,0,0,0,0,0,0,0,0.0%,0,0,0,0,0,0,0.00,0,0,0,0,0.00,0.00,0,0,0,0,0,0,0,0,0.0,0.0,0,0,0,0,0,NA,0,0,NA,NA,NA,NA,0,NA,0,0,NA,NA,NA,NA,NA,0,NA,NA,NA,NA,NA,NA,NA,0,@ LV,25,OUT,OUT,OUT
4,11637,Keon Coleman,WR,22.4,BUF,50.0,49,48,7.5,6,4.5,1,1,1,59,43,0,0.0%,0,0,0,0,0,0,0.00,0,0,0,0,0.00,0.00,3,44,0,3,0,4,1,45,15.0,11.3,0,0,0,45,0,NA,0,0,72.9%,NA,NA,NA,0,NA,3,4,0.750,3.0,20,18.2%,2.25,0,NA,NA,NA,NA,NA,0.150,NA,45,vs NO,19,·,10.7,-3.2
4,7588,Javonte Williams,RB,25.4,DAL,14.0,14,14,19,17.5,16,1,1,1,69,55,0,0.0%,0,0,0,0,0,0,0.00,85,0,0,0,0.00,0.00,3,-9,0,1,0,3,24,15,5.0,5.0,20,1,4,100,1,70,85,4.25,79.7%,4,3.50,0.200,5,0.550,6,23,0.261,6.0,NA,7.5%,NA,0,NA,NA,NA,NA,NA,NA,NA,100,vs GB,31,·,13.8,5.2
4,5045,Courtland Sutton,WR,30.0,DEN,13.0,13,12,19.1,16.6,14.1,1,1,1,81,69,0,0.0%,0,0,0,0,0,0,0.00,0,0,0,0,0.00,0.00,5,39,0,3,1,6,42,81,16.2,13.5,0,0,0,81,0,NA,0,0,85.2%,NA,NA,NA,0,NA,4,6,0.667,4.0,38,14.3%,2.13,0,NA,NA,NA,NA,NA,0.079,NA,81,vs CIN,11,·,13.3,5.8
4,12506,Harold Fannin,TE,21.2,CLE,31.0,30,30,4.5,3.5,2.5,1,1,1,67,57,0,0.0%,0,0,0,0,0,0,0.00,1,0,0,0,0.00,0.00,2,18,0,1,0,6,6,24,12.0,4.0,1,0,0,25,0,NA,1,1,85.1%,NA,NA,NA,0,NA,1,7,0.143,1.0,27,17.1%,0.89,0,NA,NA,NA,NA,NA,0.037,NA,25,@ DET,18,·,9.6,-5.1
4,12519,Luther Burden,WR,21.8,CHI,107.0,110,113,1.6,0.6,-0.4,1,1,0,68,19,0,0.0%,0,0,0,0,0,0,0.00,0,0,0,0,0.00,0.00,2,-7,0,0,0,2,3,-4,-2.0,-2.0,0,0,0,-4,0,NA,0,0,27.9%,NA,NA,NA,0,NA,0,2,0.000,0.0,10,5.4%,-0.40,0,NA,NA,NA,NA,NA,0.000,NA,-4,@ LV,4,·,5.7,-4.1
4,5927,Terry McLaurin,WR,30.0,WAS,0.0,0,0,0,0,0,0,0,0,0,0,0,0.0%,0,0,0,0,0,0,0.00,0,0,0,0,0.00,0.00,0,0,0,0,0,0,0,0,0.0,0.0,0,0,0,0,0,NA,0,0,NA,NA,NA,NA,0,NA,0,0,NA,NA,NA,NA,NA,0,NA,NA,NA,NA,NA,NA,NA,0,@ ATL,30,OUT,OUT,OUT
4,9228,Bryce Young,QB,24.2,CAR,29.0,29,29,10.3,10.3,10.3,1,1,1,69,56,0,60.0%,55,30,18,6,12,0,84.00,153,1,1,150,5.00,8.33,0,0,0,0,0,0,0,0,0.0,0.0,1,0,1,3,0,NA,3,3,81.2%,NA,NA,NA,1,NA,8,31,NA,NA,NA,NA,NA,7,23.3%,2.91,3.3%,34.4%,5.6,NA,32,153,@ NE,12,·,18.3,-8.0
4,2133,Davante Adams,WR,32.8,LAR,20.0,19,19,15.6,13.6,11.6,1,1,1,75,62,0,0.0%,0,0,0,0,0,0,0.00,0,0,0,0,0.00,0.00,4,49,0,2,1,6,7,56,14.0,9.3,0,0,0,56,0,NA,0,0,82.7%,NA,NA,NA,0,NA,3,6,0.500,3.0,40,14.6%,1.40,0,NA,NA,NA,NA,NA,0.050,NA,56,vs IND,5,·,15.2,0.4
4,5892,David Montgomery,RB,28.3,DET,64.0,62,60,1.2,1.2,1.2,1,1,0,60,20,0,0.0%,0,0,0,0,0,0,0.00,12,0,0,0,0.00,0.00,0,0,0,0,0,1,0,0,0.0,0.0,9,0,0,12,0,21,12,1.33,33.3%,0,2.30,0.000,0,0.230,0,10,0.000,0.0,NA,3.7%,NA,0,NA,NA,NA,NA,NA,NA,NA,12,vs CLE,28,·,12.0,-10.8
4,12533,Jacory Croskey-Merritt,RB,24.5,WAS,44.0,43,43,7.7,6.7,5.7,1,1,0,57,20,0,0.0%,0,0,0,0,0,0,0.00,47,0,0,0,0.00,0.00,2,-1,0,0,0,2,11,10,5.0,5.0,7,0,4,57,0,39,47,6.71,35.1%,3,5.60,0.429,4,0.989,4,9,0.444,4.0,NA,7.4%,NA,0,NA,NA,NA,NA,NA,NA,NA,57,@ ATL,32,·,8.8,-1.1
4,12490,Bhayshul Tuten,RB,22.6,JAX,54.0,54,54,3.2,2.7,2.2,1,1,0,68,16,0,0.0%,0,0,0,0,0,0,0.00,14,0,0,0,0.00,0.00,1,1,0,0,0,1,7,8,8.0,8.0,4,0,0,22,0,15,14,3.5,23.5%,3,3.80,0.750,0,1.130,0,5,0.000,0.0,NA,3.2%,NA,0,NA,NA,NA,NA,NA,NA,NA,22,@ SF,14,·,7.0,-3.8
4,7591,Justin Fields,QB,26.6,NYJ,4.0,4,4,27.14,27.14,27.14,1,1,1,63,63,1,74.1%,140,27,20,11,7,0,111.00,307,2,1,226,8.37,11.30,0,0,0,0,0,0,0,0,0.0,0.0,7,0,2,81,1,NA,81,11.57,100.0%,NA,NA,NA,3,NA,15,34,NA,NA,NA,NA,NA,12,44.4%,3.16,3.7%,48.6%,7.4,NA,35,307,@ MIA,3,·,20.5,6.6
4,4943,Sam Darnold,QB,28.3,SEA,18.0,18,18,16.08,16.08,16.08,1,1,1,66,66,1,69.2%,145,26,18,10,8,0,111.40,266,3,1,242,9.31,13.44,0,0,0,0,0,0,0,0,0.0,0.0,1,0,1,24,0,NA,24,24,100.0%,NA,NA,NA,1,NA,12,27,NA,NA,NA,NA,NA,11,42.3%,2.78,11.5%,33.3%,9.3,NA,30,266,@ ARI,25,·,18.4,-2.3
4,6819,Michael Pittman,WR,28.0,IND,22.0,22,22,15.1,12.6,10.1,1,1,1,61,57,0,0.0%,0,0,0,0,0,0,0.00,0,0,0,0,0.00,0.00,5,28,1,2,1,10,13,41,8.2,4.1,0,0,0,41,0,NA,0,0,93.4%,NA,NA,NA,0,NA,3,10,0.300,3.0,33,30.3%,1.24,0,NA,NA,NA,NA,NA,0.061,NA,41,@ LAR,12,·,12.6,2.5
4,4983,D.J. Moore,WR,28.4,CHI,47.0,53,55,7.8,5.8,3.8,1,1,1,68,52,0,0.0%,0,0,0,0,0,0,0.00,0,0,0,0,0.00,0.00,4,17,0,1,0,5,21,38,9.5,7.6,0,0,0,38,0,NA,0,0,76.5%,NA,NA,NA,0,NA,1,5,0.200,1.0,31,13.5%,1.23,0,NA,NA,NA,NA,NA,0.032,NA,38,@ LV,4,·,11.9,-4.1
4,8228,Jaylen Warren,RB,26.9,PIT,0.0,0,0,0,0,0,0,0,0,0,0,0,0.0%,0,0,0,0,0,0,0.00,0,0,0,0,0.00,0.00,0,0,0,0,0,0,0,0,0.0,0.0,0,0,0,0,0,NA,0,0,NA,NA,NA,NA,0,NA,0,0,NA,NA,NA,NA,NA,0,NA,NA,NA,NA,NA,NA,NA,0,vs MIN,15,OUT,OUT,OUT
4,9753,Zach Charbonnet,RB,24.7,SEA,26.0,27,28,12.4,11.4,10.4,1,1,0,66,31,0,0.0%,0,0,0,0,0,0,0.00,39,0,0,0,0.00,0.00,2,0,0,0,0,2,5,5,2.5,2.5,12,1,2,44,1,31,39,3.25,47.0%,2,2.60,0.167,3,0.427,3,14,0.214,3.0,NA,7.7%,NA,0,NA,NA,NA,NA,NA,NA,NA,44,@ ARI,12,·,10.7,1.7
4,12499,Elic Ayomanor,WR,22.3,TEN,58.0,55,49,6.4,5.4,4.4,1,1,1,50,41,0,0.0%,0,0,0,0,0,0,0.00,0,0,0,0,0.00,0.00,2,38,0,2,0,7,6,44,22.0,6.3,0,0,0,44,0,NA,0,0,82.0%,NA,NA,NA,0,NA,2,7,0.286,2.0,23,26.9%,1.91,0,NA,NA,NA,NA,NA,0.087,NA,44,@ HOU,26,·,9.7,-3.3
4,10236,Dalton Kincaid,TE,25.9,BUF,18.0,12,10,9.8,9.3,8.8,1,1,0,59,22,0,0.0%,0,0,0,0,0,0,0.00,0,0,0,0,0.00,0.00,1,17,0,0,1,2,11,28,28.0,14.0,0,0,0,28,0,NA,0,0,37.3%,NA,NA,NA,0,NA,1,2,0.500,1.0,15,9.1%,1.87,0,NA,NA,NA,NA,NA,0.000,NA,28,vs NO,4,·,9.8,0.0
4,4035,Alvin Kamara,RB,30.2,NO,29.0,31,36,11.2,9.2,7.2,1,1,1,67,49,0,0.0%,0,0,0,0,0,0,0.00,70,0,0,0,0.00,0.00,4,-10,0,0,0,5,12,2,0.5,0.4,15,0,4,72,0,69,70,4.67,73.1%,4,4.60,0.267,4,0.727,4,20,0.200,4.0,NA,17.9%,NA,0,NA,NA,NA,NA,NA,NA,NA,72,@ BUF,13,·,14.3,-3.1
4,8110,Jake Ferguson,TE,26.7,DAL,5.0,5,7,17,13.5,10,1,1,1,69,54,0,0.0%,0,0,0,0,0,0,0.00,0,0,0,0,0.00,0.00,7,16,0,1,1,7,24,40,5.7,5.7,0,0,0,40,0,NA,0,0,78.3%,NA,NA,NA,0,NA,2,7,0.286,2.0,31,17.5%,1.29,0,NA,NA,NA,NA,NA,0.032,NA,40,vs GB,17,·,11.8,5.2
4,5947,Jakobi Meyers,WR,28.9,LV,55.0,58,62,7,5,3,1,1,1,52,51,0,0.0%,0,0,0,0,0,0,0.00,0,0,0,0,0.00,0.00,4,14,0,1,0,7,16,30,7.5,4.3,0,0,0,30,0,NA,0,0,98.1%,NA,NA,NA,0,NA,1,7,0.143,1.0,20,33.3%,1.50,0,NA,NA,NA,NA,NA,0.050,NA,30,vs CHI,23,·,15.0,-8.0
4,6806,J.K. Dobbins,RB,26.8,DEN,28.0,29,26,11.5,11,10.5,1,1,1,81,36,0,0.0%,0,0,0,0,0,0,0.00,101,0,0,0,0.00,0.00,1,-3,0,0,0,1,7,4,4.0,4.0,16,0,6,105,0,37,101,6.31,44.4%,4,2.30,0.250,6,0.480,6,17,0.353,6.0,NA,2.4%,NA,0,NA,NA,NA,NA,NA,NA,NA,105,vs CIN,1,·,14.6,-3.1
4,2216,Mike Evans,WR,32.1,TB,0.0,0,0,0,0,0,0,0,0,0,0,0,0.0%,0,0,0,0,0,0,0.00,0,0,0,0,0.00,0.00,0,0,0,0,0,0,0,0,0.0,0.0,0,0,0,0,0,NA,0,0,NA,NA,NA,NA,0,NA,0,0,NA,NA,NA,NA,NA,0,NA,NA,NA,NA,NA,NA,NA,0,vs PHI,15,OUT,OUT,OUT
4,5872,Deebo Samuel,WR,29.7,WAS,12.0,12,13,20.1,17.1,14.1,1,1,1,57,49,1,0.0%,0,0,0,0,0,0,0.00,9,0,0,0,0.00,0.00,6,69,0,3,1,6,3,72,12.0,12.0,3,0,1,81,0,NA,9,3,86.0%,NA,NA,NA,1,NA,5,9,0.556,5.0,27,22.2%,2.67,0,NA,NA,NA,NA,NA,0.111,NA,81,@ ATL,30,·,12.7,7.4
4,6783,Jerry Jeudy,WR,26.4,CLE,48.0,46,45,7.8,6.3,4.8,1,1,1,67,55,0,0.0%,0,0,0,0,0,0,0.00,0,0,0,0,0.00,0.00,3,39,1,2,0,9,9,48,16.0,5.3,0,0,0,48,0,NA,0,0,82.1%,NA,NA,NA,0,NA,2,9,0.222,2.0,34,25.7%,1.41,0,NA,NA,NA,NA,NA,0.059,NA,48,@ DET,6,·,12.4,-4.6
4,3321,Tyreek Hill,WR,31.6,MIA,27.0,28,35,12.7,9.7,6.7,1,1,1,58,24,0,0.0%,0,0,0,0,0,0,0.00,0,0,0,0,0.00,0.00,6,40,0,5,0,6,27,67,11.2,11.2,0,0,0,67,0,NA,0,0,41.4%,NA,NA,NA,0,NA,5,6,0.833,5.0,12,24.0%,5.58,0,NA,NA,NA,NA,NA,0.417,NA,67,vs NYJ,13,IR,14.1,-1.4
4,5844,T.J. Hockenson,TE,28.2,MIN,22.0,22,24,7.9,5.9,3.9,1,1,1,76,71,0,0.0%,0,0,0,0,0,0,0.00,0,0,0,0,0.00,0.00,4,16,1,1,0,5,23,39,9.8,7.8,0,0,0,39,0,NA,0,0,93.4%,NA,NA,NA,0,NA,1,5,0.200,1.0,40,10.9%,0.98,0,NA,NA,NA,NA,NA,0.025,NA,39,@ PIT,16,·,9.2,-1.3
4,6803,Brandon Aiyuk,WR,27.5,SF,999.0,999,999,0,0,0,1,0,0,0,0,0,0.0%,0,0,0,0,0,0,0.00,0,0,0,0,0.00,0.00,0,0,0,0,0,0,0,0,0.0,0.0,0,0,0,0,0,NA,0,0,NA,NA,NA,NA,0,NA,0,0,NA,NA,NA,NA,NA,0,NA,NA,NA,NA,NA,NA,NA,0,vs JAX,24,PUP,PUP,PUP
4,6790,D'Andre Swift,RB,26.7,CHI,20.0,18,19,16,14,12,1,1,1,68,45,0,0.0%,0,0,0,0,0,0,0.00,38,0,0,0,0.00,0.00,4,8,1,1,0,6,14,22,5.5,3.7,14,0,3,60,1,31,38,2.71,66.2%,5,2.20,0.357,4,0.577,5,20,0.250,5.0,NA,16.2%,NA,0,NA,NA,NA,NA,NA,NA,NA,60,@ LV,10,·,13.2,2.8
4,10222,Jayden Reed,WR,25.4,GB,999.0,999,999,0,0,0,1,0,0,0,0,0,0.0%,0,0,0,0,0,0,0.00,0,0,0,0,0.00,0.00,0,0,0,0,0,0,0,0,0.0,0.0,0,0,0,0,0,NA,0,0,NA,NA,NA,NA,0,NA,0,0,NA,NA,NA,NA,NA,0,NA,NA,NA,NA,NA,NA,NA,0,@ DAL,1,IR,IR,IR
4,8134,Khalil Shakir,WR,25.6,BUF,15.0,15,15,17.9,15.4,12.9,1,1,0,59,31,0,0.0%,0,0,0,0,0,0,0.00,0,0,0,0,0.00,0.00,5,8,0,1,1,5,61,69,13.8,13.8,0,0,0,69,0,NA,0,0,52.5%,NA,NA,NA,0,NA,2,5,0.400,2.0,16,22.7%,4.31,0,NA,NA,NA,NA,NA,0.063,NA,69,vs NO,19,·,11.0,6.9
4,5967,Tony Pollard,RB,28.4,TEN,32.0,33,33,10.6,9.1,7.6,1,1,1,50,43,0,0.0%,0,0,0,0,0,0,0.00,64,0,0,0,0.00,0.00,3,-9,0,0,0,3,21,12,4.0,4.0,14,2,2,76,0,49,64,4.57,86.0%,6,3.50,0.429,2,0.779,2,17,0.118,2.0,NA,11.5%,NA,0,NA,NA,NA,NA,NA,NA,NA,76,@ HOU,20,·,13.7,-3.1
4,9500,Josh Downs,WR,24.1,IND,61.0,64,70,6.4,4.4,2.4,1,1,0,61,38,0,0.0%,0,0,0,0,0,0,0.00,0,0,0,0,0.00,0.00,4,17,0,2,0,5,7,24,6.0,4.8,0,0,0,24,0,NA,0,0,62.3%,NA,NA,NA,0,NA,2,5,0.400,2.0,25,15.2%,0.96,0,NA,NA,NA,NA,NA,0.080,NA,24,@ LAR,12,·,10.3,-3.9
4,7553,Kyle Pitts,TE,25.0,ATL,3.0,4,4,18,15.5,13,1,1,1,65,48,0,0.0%,0,0,0,0,0,0,0.00,0,0,0,0,0.00,0.00,5,42,0,3,1,5,28,70,14.0,14.0,0,0,0,70,0,NA,0,0,73.8%,NA,NA,NA,0,NA,4,5,0.800,4.0,24,19.2%,2.92,0,NA,NA,NA,NA,NA,0.125,NA,70,vs WAS,11,·,8.0,10.0
4,4037,Chris Godwin,WR,29.6,TB,65.0,65,66,5.6,4.1,2.6,1,1,1,72,58,0,0.0%,0,0,0,0,0,0,0.00,0,0,0,0,0.00,0.00,3,22,0,1,0,10,4,26,8.7,2.6,0,0,0,26,0,NA,0,0,80.6%,NA,NA,NA,0,NA,1,10,0.100,1.0,37,25.0%,0.70,0,NA,NA,NA,NA,NA,0.027,NA,26,vs PHI,15,·,9.3,-3.7
4,12497,Tory Horton,WR,22.8,SEA,100.0,100,98,2,1.5,1,1,1,0,66,24,0,0.0%,0,0,0,0,0,0,0.00,0,0,0,0,0.00,0.00,1,5,0,0,0,2,5,10,10.0,5.0,0,0,0,10,0,NA,0,0,36.4%,NA,NA,NA,0,NA,0,2,0.000,0.0,12,7.7%,0.83,0,NA,NA,NA,NA,NA,0.000,NA,10,@ ARI,14,·,7.3,-5.3
4,12495,Ollie Gordon,RB,21.7,MIA,67.0,64,63,1,1,1,1,1,0,58,15,0,0.0%,0,0,0,0,0,0,0.00,10,0,0,0,0.00,0.00,0,0,1,0,0,1,0,0,0.0,0.0,6,1,1,10,0,11,10,1.67,25.9%,1,1.80,0.167,1,0.347,1,7,0.143,1.0,NA,4.0%,NA,0,NA,NA,NA,NA,NA,NA,NA,10,vs NYJ,9,·,5.7,-4.7
4,11627,Troy Franklin,WR,22.6,DEN,36.0,40,43,9.5,7.5,5.5,1,1,1,81,47,0,0.0%,0,0,0,0,0,0,0.00,0,0,0,0,0.00,0.00,4,27,2,4,0,8,28,55,13.8,6.9,0,0,0,55,0,NA,0,0,58.0%,NA,NA,NA,0,NA,4,8,0.500,4.0,34,19.0%,1.62,0,NA,NA,NA,NA,NA,0.118,NA,55,vs CIN,11,·,9.0,0.5
4,12504,Kaleb Johnson,RB,22.1,PIT,56.0,56,55,2.2,2.2,2.2,1,1,0,53,11,0,0.0%,0,0,0,0,0,0,0.00,22,0,0,0,0.00,0.00,0,0,1,0,0,1,0,0,0.0,0.0,6,1,1,22,0,22,22,3.67,20.8%,0,3.70,0.000,1,0.370,1,7,0.143,1.0,NA,4.5%,NA,0,NA,NA,NA,NA,NA,NA,NA,22,vs MIN,15,·,5.7,-3.5
4,12484,Jayden Higgins,WR,22.8,HOU,37.0,31,26,9.4,8.9,8.4,1,1,0,71,31,0,0.0%,0,0,0,0,0,0,0.00,0,0,0,0,0.00,0.00,1,24,0,0,1,1,0,24,24.0,24.0,0,0,0,24,0,NA,0,0,43.7%,NA,NA,NA,0,NA,1,1,1.000,1.0,11,3.6%,2.18,0,NA,NA,NA,NA,NA,0.000,NA,24,vs TEN,9,·,3.2,6.2
4,9480,Brenton Strange,TE,24.8,JAX,16.0,17,20,10.5,7.5,4.5,1,1,1,68,50,0,0.0%,0,0,0,0,0,0,0.00,0,0,0,0,0.00,0.00,6,21,1,2,0,7,24,45,7.5,6.4,0,0,0,45,0,NA,0,0,73.5%,NA,NA,NA,0,NA,2,7,0.286,2.0,23,22.6%,1.96,0,NA,NA,NA,NA,NA,0.087,NA,45,@ SF,3,OUT,7.9,2.6
4,12535,Isaac TeSlaa,WR,23.6,DET,999.0,999,999,0,0,0,1,1,0,60,12,0,0.0%,0,0,0,0,0,0,0.00,0,0,0,0,0.00,0.00,0,0,0,0,0,0,0,0,0.0,0.0,0,0,0,0,0,NA,0,0,20.0%,NA,NA,NA,0,NA,0,0,NA,0.0,NA,NA,NA,0,NA,NA,NA,NA,NA,NA,NA,0,vs CLE,8,·,2.8,-2.8
4,7049,Jauan Jennings,WR,28.2,SF,59.0,56,51,6.4,5.4,4.4,1,1,1,66,48,0,0.0%,0,0,0,0,0,0,0.00,0,0,0,0,0.00,0.00,2,20,0,2,0,4,4,24,12.0,6.0,0,0,0,24,0,NA,0,0,72.7%,NA,NA,NA,0,NA,2,4,0.500,2.0,31,10.5%,0.77,0,NA,NA,NA,NA,NA,0.065,NA,24,vs JAX,24,OUT,12.8,-6.4
4,421,Matthew Stafford,QB,37.6,LAR,2.0,2,2,27.4,27.4,27.4,1,1,1,75,75,0,70.7%,220,41,29,12,12,0,123.50,379,3,3,375,9.15,12.93,0,0,0,0,0,0,0,0,0.0,0.0,4,0,0,4,0,NA,4,1,100.0%,NA,NA,NA,0,NA,15,45,NA,NA,NA,NA,NA,15,36.6%,2.65,9.8%,35.6%,8.2,NA,45,379,vs IND,22,·,18.6,8.8
4,1479,Keenan Allen,WR,33.4,LAC,43.0,48,56,8.7,6.2,3.7,1,1,0,63,49,0,0.0%,0,0,0,0,0,0,0.00,0,0,0,0,0.00,0.00,5,27,0,2,0,7,10,37,7.4,5.3,0,0,0,37,0,NA,0,0,77.8%,NA,NA,NA,0,NA,2,7,0.286,2.0,33,17.1%,1.12,0,NA,NA,NA,NA,NA,0.061,NA,37,@ NYG,3,·,13.5,-4.8
4,8126,Wan'Dale Robinson,WR,24.7,NYG,74.0,80,91,4.4,2.9,1.4,1,1,1,76,74,0,0.0%,0,0,0,0,0,0,0.00,0,0,0,0,0.00,0.00,3,-13,0,0,0,5,27,14,4.7,2.8,0,0,0,14,0,NA,0,0,97.4%,NA,NA,NA,0,NA,0,5,0.000,0.0,27,23.8%,0.52,0,NA,NA,NA,NA,NA,0.000,NA,14,vs LAC,25,·,10.1,-5.7
4,8131,Isaiah Likely,TE,25.4,BAL,999.0,999,999,0,0,0,1,1,1,54,25,0,0.0%,0,0,0,0,0,0,0.00,0,0,0,0,0.00,0.00,0,0,0,0,0,0,0,0,0.0,0.0,0,0,0,0,0,NA,0,0,46.3%,NA,NA,NA,0,NA,0,0,NA,0.0,NA,NA,NA,0,NA,NA,NA,NA,NA,NA,NA,0,@ KC,31,·,5.9,-5.9
4,4033,David Njoku,TE,29.2,CLE,39.0,40,43,3.1,2.1,1.1,1,1,1,67,56,0,0.0%,0,0,0,0,0,0,0.00,0,0,0,0,0.00,0.00,2,2,0,0,0,3,9,11,5.5,3.7,0,0,0,11,0,NA,0,0,83.6%,NA,NA,NA,0,NA,0,3,0.000,0.0,27,8.6%,0.41,0,NA,NA,NA,NA,NA,0.000,NA,11,@ DET,18,·,9.7,-6.6
4,10444,Cedric Tillman,WR,25.4,CLE,106.0,107,108,1.6,1.1,0.6,1,1,1,67,15,0,0.0%,0,0,0,0,0,0,0.00,0,0,0,0,0.00,0.00,1,3,0,1,0,2,3,6,6.0,3.0,0,0,0,6,0,NA,0,0,22.4%,NA,NA,NA,0,NA,1,2,0.500,1.0,10,5.7%,0.60,0,NA,NA,NA,NA,NA,0.100,NA,6,@ DET,6,IR,9.3,-7.7
4,7002,Juwan Johnson,TE,29.0,NO,28.0,28,29,5.8,4.3,2.8,1,1,1,67,60,0,0.0%,0,0,0,0,0,0,0.00,0,0,0,0,0.00,0.00,3,14,0,2,0,3,14,28,9.3,9.3,0,0,0,28,0,NA,0,0,89.6%,NA,NA,NA,0,NA,2,3,0.667,2.0,25,10.7%,1.12,0,NA,NA,NA,NA,NA,0.080,NA,28,@ BUF,30,·,12.0,-6.2
4,11576,Braelon Allen,RB,21.7,NYJ,69.0,68,65,0.6,0.6,0.6,1,1,0,63,6,1,0.0%,0,0,0,0,0,0,0.00,26,0,0,0,0.00,0.00,0,0,0,0,0,0,0,0,0.0,0.0,4,0,2,26,0,NA,26,6.5,9.5%,NA,NA,NA,2,NA,2,4,0.500,2.0,NA,NA,NA,0,NA,NA,NA,NA,NA,NA,NA,26,@ MIA,4,IR,3.8,-3.2
4,1373,Geno Smith,QB,35.0,LV,25.0,25,25,12.78,12.78,12.78,1,1,1,52,52,0,66.7%,25,21,14,4,7,3,73.00,148,0,2,117,5.57,8.36,0,0,0,0,0,0,0,0,0.0,0.0,4,1,1,31,0,NA,31,7.75,100.0%,NA,NA,NA,1,NA,7,25,NA,NA,NA,NA,NA,6,28.6%,2.61,0.0%,26.1%,4.8,NA,23,148,vs CHI,15,·,19.9,-7.1
4,6768,Tua Tagovailoa,QB,27.6,MIA,19.0,19,19,15.68,15.68,15.68,1,1,1,58,58,1,68.0%,87,25,17,10,8,0,114.90,183,0,2,177,7.08,10.41,0,0,0,0,0,0,0,0,0.0,0.0,3,0,0,6,0,NA,6,2,100.0%,NA,NA,NA,0,NA,12,28,NA,NA,NA,NA,NA,12,48.0%,2.74,0.0%,29.6%,5.2,NA,27,183,vs NYJ,6,·,17.3,-1.6
4,9504,Kayshon Boutte,WR,23.4,NE,91.0,88,84,2.8,2.3,1.8,1,1,1,49,34,0,0.0%,0,0,0,0,0,0,0.00,0,0,0,0,0.00,0.00,1,18,0,1,0,3,0,18,18.0,6.0,0,0,0,18,0,NA,0,0,69.4%,NA,NA,NA,0,NA,1,3,0.333,1.0,14,16.7%,1.29,0,NA,NA,NA,NA,NA,0.071,NA,18,vs CAR,29,·,7.6,-4.8
4,12509,Tre Harris,WR,23.6,LAC,999.0,999,999,0,0,0,1,1,0,63,12,0,0.0%,0,0,0,0,0,0,0.00,0,0,0,0,0.00,0.00,0,0,0,0,0,1,0,0,0.0,0.0,0,0,0,0,0,NA,0,0,19.0%,NA,NA,NA,0,NA,0,1,0.000,0.0,NA,NA,NA,0,NA,NA,NA,NA,NA,NA,NA,0,@ NYG,3,·,2.5,-2.5
4,8121,Romeo Doubs,WR,25.5,GB,3.0,3,2,29.8,26.8,23.8,1,1,1,83,75,0,0.0%,0,0,0,0,0,0,0.00,0,0,0,0,0.00,0.00,6,44,0,2,3,8,14,58,9.7,7.3,0,0,0,58,0,NA,0,0,90.4%,NA,NA,NA,0,NA,5,8,0.625,5.0,38,18.6%,1.53,0,NA,NA,NA,NA,NA,0.053,NA,58,@ DAL,1,·,9.1,20.7
4,12469,Dylan Sampson,RB,21.0,CLE,73.0,73,72,-0.2,-0.2,-0.2,1,1,0,67,9,0,0.0%,0,0,0,0,0,0,0.00,-2,0,0,0,0.00,0.00,0,0,0,0,0,1,0,0,0.0,0.0,1,0,0,-2,0,NA,-2,-2,13.4%,NA,NA,NA,0,NA,0,2,0.000,0.0,NA,NA,NA,0,NA,NA,NA,NA,NA,NA,NA,-2,@ DET,26,·,5.6,-5.8
4,11586,Blake Corum,RB,24.8,LAR,52.0,55,59,3.6,2.6,1.6,1,1,0,75,22,0,0.0%,0,0,0,0,0,0,0.00,21,0,0,0,0.00,0.00,2,-7,1,0,0,4,2,-5,-2.5,-1.3,9,1,1,16,0,16,21,2.33,29.3%,0,1.80,0.000,1,0.180,1,13,0.077,1.0,NA,9.8%,NA,0,NA,NA,NA,NA,NA,NA,NA,16,vs IND,24,·,4.1,-0.5
4,12541,Dont'e Thornton,WR,22.8,LV,999.0,999,999,0,0,0,1,1,1,52,31,0,0.0%,0,0,0,0,0,0,0.00,0,0,0,0,0.00,0.00,0,0,1,0,0,2,0,0,0.0,0.0,0,0,0,0,0,NA,0,0,59.6%,NA,NA,NA,0,NA,0,2,0.000,0.0,NA,NA,NA,0,NA,NA,NA,NA,NA,NA,NA,0,vs CHI,23,·,6.5,-6.5
4,8676,Rashid Shaheed,WR,27.1,NO,40.0,42,44,9.2,7.2,5.2,1,1,1,67,47,0,0.0%,0,0,0,0,0,0,0.00,5,0,0,0,0.00,0.00,4,42,0,2,0,5,5,47,11.8,9.4,2,0,0,52,0,NA,5,2.5,70.1%,NA,NA,NA,0,NA,2,7,0.286,2.0,25,17.9%,1.88,0,NA,NA,NA,NA,NA,0.080,NA,52,@ BUF,20,·,10.3,-1.1
4,12510,Jalen Milroe,QB,22.8,SEA,999.0,999,999,0,0,0,1,0,0,66,0,0,0.0%,0,0,0,0,0,0,0.00,0,0,0,0,0.00,0.00,0,0,0,0,0,0,0,0,0.0,0.0,0,0,0,0,0,NA,0,0,0.0%,NA,NA,NA,0,NA,0,0,NA,NA,NA,NA,NA,0,NA,NA,NA,NA,NA,NA,NA,0,@ ARI,25,·,DNP,DNP
4,12474,Woody Marks,RB,24.8,HOU,6.0,6,5,27.9,25.9,23.9,1,1,0,71,40,0,0.0%,0,0,0,0,0,0,0.00,69,0,0,0,0.00,0.00,4,8,0,1,1,5,42,50,12.5,10.0,17,0,4,119,1,27,69,4.06,56.3%,5,1.60,0.294,5,0.454,7,22,0.318,7.0,NA,17.9%,NA,0,NA,NA,NA,NA,NA,NA,NA,119,vs TEN,3,·,7.4,20.5
4,4981,Calvin Ridley,WR,30.8,TEN,69.0,66,61,5,4,3,1,1,1,50,27,0,0.0%,0,0,0,0,0,0,0.00,0,0,0,0,0.00,0.00,2,19,0,2,0,3,11,30,15.0,10.0,0,0,0,30,0,NA,0,0,54.0%,NA,NA,NA,0,NA,2,3,0.667,2.0,12,11.5%,2.50,0,NA,NA,NA,NA,NA,0.167,NA,30,@ HOU,26,·,10.9,-5.9
4,7090,Darnell Mooney,WR,27.9,ATL,95.0,93,89,2.5,2,1.5,1,1,1,65,29,0,0.0%,0,0,0,0,0,0,0.00,0,0,0,0,0.00,0.00,1,13,0,1,0,1,2,15,15.0,15.0,0,0,0,15,0,NA,0,0,44.6%,NA,NA,NA,0,NA,1,1,1.000,1.0,13,3.8%,1.15,0,NA,NA,NA,NA,NA,0.077,NA,15,vs WAS,10,OUT,10.0,-7.5
4,10213,Tre Tucker,WR,24.6,LV,75.0,73,73,4.2,3.2,2.2,1,1,1,52,51,0,0.0%,0,0,0,0,0,0,0.00,9,0,0,0,0.00,0.00,2,-2,0,0,0,2,15,13,6.5,6.5,2,0,0,22,0,NA,9,4.5,98.1%,NA,NA,NA,0,NA,0,4,0.000,0.0,20,9.5%,0.65,0,NA,NA,NA,NA,NA,0.000,NA,22,vs CHI,23,·,10.0,-5.8
4,11655,Tyrone Tracy,RB,25.8,NYG,0.0,0,0,0,0,0,0,0,0,0,0,0,0.0%,0,0,0,0,0,0,0.00,0,0,0,0,0.00,0.00,0,0,0,0,0,0,0,0,0.0,0.0,0,0,0,0,0,NA,0,0,NA,NA,NA,NA,0,NA,0,0,NA,NA,NA,NA,NA,0,NA,NA,NA,NA,NA,NA,NA,0,vs LAC,25,OUT,OUT,OUT
4,8205,Isiah Pacheco,RB,26.6,KC,23.0,24,24,12.8,11.8,10.8,1,1,1,73,27,0,0.0%,0,0,0,0,0,0,0.00,35,0,0,0,0.00,0.00,2,1,1,0,1,3,12,13,6.5,4.3,7,0,2,48,0,20,35,5,37.0%,0,2.90,0.000,2,0.290,3,10,0.300,3.0,NA,8.1%,NA,0,NA,NA,NA,NA,NA,NA,NA,48,vs BAL,2,·,7.4,5.4
4,12521,Elijah Arroyo,TE,22.5,SEA,26.0,25,21,6.4,5.4,4.4,1,1,0,66,36,0,0.0%,0,0,0,0,0,0,0.00,0,0,0,0,0.00,0.00,2,32,0,2,0,4,12,44,22.0,11.0,0,0,0,44,0,NA,0,0,54.5%,NA,NA,NA,0,NA,2,4,0.500,2.0,18,15.4%,2.44,0,NA,NA,NA,NA,NA,0.111,NA,44,@ ARI,12,·,3.4,3.0
4,12498,Mason Taylor,TE,21.4,NYJ,11.0,14,14,11.5,9,6.5,1,1,1,63,51,0,0.0%,0,0,0,0,0,0,0.00,0,0,0,0,0.00,0.00,5,47,1,4,0,7,18,65,13.0,9.3,0,0,0,65,0,NA,0,0,81.0%,NA,NA,NA,0,NA,4,7,0.571,4.0,21,25.9%,3.10,0,NA,NA,NA,NA,NA,0.190,NA,65,@ MIA,6,·,5.9,5.6
4,5012,Mark Andrews,TE,30.1,BAL,17.0,20,27,10,6.5,3,1,1,1,54,30,0,0.0%,0,0,0,0,0,0,0.00,0,0,0,0,0.00,0.00,7,25,0,2,0,8,5,30,4.3,3.8,0,0,0,30,0,NA,0,0,55.6%,NA,NA,NA,0,NA,2,8,0.250,2.0,19,24.2%,1.58,0,NA,NA,NA,NA,NA,0.105,NA,30,@ KC,31,·,8.7,1.3
4,7571,Rashod Bateman,WR,25.8,BAL,83.0,79,69,3.4,2.9,2.4,1,1,1,54,44,0,0.0%,0,0,0,0,0,0,0.00,0,0,0,0,0.00,0.00,1,19,0,1,0,2,5,24,24.0,12.0,0,0,0,24,0,NA,0,0,81.5%,NA,NA,NA,0,NA,1,2,0.500,1.0,31,6.1%,0.77,0,NA,NA,NA,NA,NA,0.032,NA,24,@ KC,31,·,7.0,-3.6
4,11618,Jalen McMillan,WR,23.8,TB,999.0,999,999,0,0,0,1,0,0,0,0,0,0.0%,0,0,0,0,0,0,0.00,0,0,0,0,0.00,0.00,0,0,0,0,0,0,0,0,0.0,0.0,0,0,0,0,0,NA,0,0,NA,NA,NA,NA,0,NA,0,0,NA,NA,NA,NA,NA,0,NA,NA,NA,NA,NA,NA,NA,0,vs PHI,15,IR,IR,IR
4,9508,Tyjae Spears,RB,24.3,TEN,999.0,999,999,0,0,0,1,0,0,0,0,0,0.0%,0,0,0,0,0,0,0.00,0,0,0,0,0.00,0.00,0,0,0,0,0,0,0,0,0.0,0.0,0,0,0,0,0,NA,0,0,NA,NA,NA,NA,0,NA,0,0,NA,NA,NA,NA,NA,0,NA,NA,NA,NA,NA,NA,NA,0,@ HOU,20,·,DNP,DNP
4,11646,Jalen Coker,WR,23.9,CAR,999.0,999,999,0,0,0,1,0,0,0,0,0,0.0%,0,0,0,0,0,0,0.00,0,0,0,0,0.00,0.00,0,0,0,0,0,0,0,0,0.0,0.0,0,0,0,0,0,NA,0,0,NA,NA,NA,NA,0,NA,0,0,NA,NA,NA,NA,NA,0,NA,NA,NA,NA,NA,NA,NA,0,@ NE,7,IR,IR,IR
4,9494,Marvin Mims,WR,23.5,DEN,9.0,10,10,20.5,17.5,14.5,1,1,0,81,32,0,0.0%,0,0,0,0,0,0,0.00,16,0,0,0,0.00,0.00,6,21,0,3,0,6,48,69,11.5,11.5,1,0,0,85,1,NA,16,16,39.5%,NA,NA,NA,1,NA,4,7,0.571,4.0,22,14.3%,3.14,0,NA,NA,NA,NA,NA,0.136,NA,85,vs CIN,11,·,7.2,13.3
4,12536,Jaylin Noel,WR,23.1,HOU,111.0,112,999,1,0.5,0,1,1,0,71,17,0,0.0%,0,0,0,0,0,0,0.00,2,0,0,0,0.00,0.00,1,-9,0,0,0,1,7,-2,-2.0,-2.0,1,0,0,0,0,NA,2,2,23.9%,NA,NA,NA,0,NA,0,2,0.000,0.0,9,3.6%,-0.22,0,NA,NA,NA,NA,NA,0.000,NA,0,vs TEN,9,·,2.8,-1.8
4,8132,Tyler Allgeier,RB,25.4,ATL,31.0,28,20,11.1,11.1,11.1,1,1,0,65,21,0,0.0%,0,0,0,0,0,0,0.00,51,0,0,0,0.00,0.00,0,0,0,0,0,0,0,0,0.0,0.0,16,5,2,51,1,82,51,3.19,32.3%,8,5.10,0.500,3,1.010,3,16,0.188,3.0,NA,0.0%,NA,0,NA,NA,NA,NA,NA,NA,NA,51,vs WAS,21,·,6.8,4.3
4,7611,Rhamondre Stevenson,RB,27.6,NE,48.0,48,47,5.1,4.6,4.1,1,1,1,49,28,0,0.0%,0,0,0,0,0,0,0.00,38,0,0,0,0.00,0.00,1,-5,0,0,0,1,8,3,3.0,3.0,9,1,1,41,0,17,38,4.22,57.1%,1,1.90,0.111,1,0.301,1,10,0.100,1.0,NA,5.6%,NA,0,NA,NA,NA,NA,NA,NA,NA,41,vs CAR,16,·,9.5,-4.4
4,8154,Brian Robinson,RB,26.5,SF,57.0,57,56,2.1,2.1,2.1,1,1,0,66,10,0,0.0%,0,0,0,0,0,0,0.00,21,0,0,0,0.00,0.00,0,0,0,0,0,0,0,0,0.0,0.0,5,0,0,21,0,10,21,4.2,15.2%,0,1.90,0.000,0,0.190,0,5,0.000,0.0,NA,0.0%,NA,0,NA,NA,NA,NA,NA,NA,NA,21,vs JAX,29,·,5.1,-3.0
4,5022,Dallas Goedert,TE,30.7,PHI,1.0,1,1,19.7,17.7,15.7,1,1,1,57,43,0,0.0%,0,0,0,0,0,0,0.00,0,0,0,0,0.00,0.00,4,20,0,1,2,4,17,37,9.3,9.3,0,0,0,37,0,NA,0,0,75.4%,NA,NA,NA,0,NA,3,4,0.750,3.0,19,16.7%,1.95,0,NA,NA,NA,NA,NA,0.053,NA,37,@ TB,8,·,9.4,10.3
4,12534,Kyle Monangai,RB,23.3,CHI,59.0,58,57,1.8,1.8,1.8,1,1,0,68,19,0,0.0%,0,0,0,0,0,0,0.00,18,0,0,0,0.00,0.00,0,0,0,0,0,0,0,0,0.0,0.0,4,1,0,18,0,22,18,4.5,27.9%,2,5.60,0.500,0,1.060,0,4,0.000,0.0,NA,0.0%,NA,0,NA,NA,NA,NA,NA,NA,NA,18,@ LV,10,·,3.9,-2.1
4,12547,Kyle Williams,WR,22.9,NE,115.0,114,112,-0.2,-0.2,-0.2,1,1,0,49,14,0,0.0%,0,0,0,0,0,0,0.00,-2,0,0,0,0.00,0.00,0,0,0,0,0,0,0,0,0.0,0.0,1,0,0,-2,0,NA,-2,-2,28.6%,NA,NA,NA,0,NA,0,1,0.000,0.0,NA,NA,NA,0,NA,NA,NA,NA,NA,NA,NA,-2,vs CAR,29,·,1.6,-1.8
4,11600,Ja'Tavion Sanders,TE,22.5,CAR,0.0,0,0,0,0,0,0,0,0,0,0,0,0.0%,0,0,0,0,0,0,0.00,0,0,0,0,0.00,0.00,0,0,0,0,0,0,0,0,0.0,0.0,0,0,0,0,0,NA,0,0,NA,NA,NA,NA,0,NA,0,0,NA,NA,NA,NA,NA,0,NA,NA,NA,NA,NA,NA,NA,0,@ NE,5,OUT,OUT,OUT
4,4199,Aaron Jones,RB,30.8,MIN,999.0,999,999,0,0,0,1,0,0,0,0,0,0.0%,0,0,0,0,0,0,0.00,0,0,0,0,0.00,0.00,0,0,0,0,0,0,0,0,0.0,0.0,0,0,0,0,0,NA,0,0,NA,NA,NA,NA,0,NA,0,0,NA,NA,NA,NA,NA,0,NA,NA,NA,NA,NA,NA,NA,0,@ PIT,23,IR,IR,IR
4,12471,DJ Giddens,RB,22.1,IND,999.0,999,999,0,0,0,1,1,0,61,4,0,0.0%,0,0,0,0,0,0,0.00,0,0,0,0,0.00,0.00,0,0,0,0,0,0,0,0,0.0,0.0,0,0,0,0,0,NA,0,0,6.6%,NA,NA,NA,0,NA,0,0,NA,0.0,NA,NA,NA,0,NA,NA,NA,NA,NA,NA,NA,0,@ LAR,30,·,1.8,-1.8
4,3214,Hunter Henry,TE,30.8,NE,10.0,8,8,11.9,10.9,9.9,1,1,1,49,37,0,0.0%,0,0,0,0,0,0,0.00,0,0,0,0,0.00,0.00,2,12,0,1,1,2,27,39,19.5,19.5,0,0,0,39,0,NA,0,0,75.5%,NA,NA,NA,0,NA,2,2,1.000,2.0,15,11.1%,2.60,0,NA,NA,NA,NA,NA,0.067,NA,39,vs CAR,2,·,10.1,1.8
4,1466,Travis Kelce,TE,36.0,KC,19.0,18,17,9.8,7.3,4.8,1,1,1,73,48,0,0.0%,0,0,0,0,0,0,0.00,0,0,0,0,0.00,0.00,5,16,0,2,0,5,32,48,9.6,9.6,0,0,0,48,0,NA,0,0,65.8%,NA,NA,NA,0,NA,2,5,0.400,2.0,29,13.5%,1.66,0,NA,NA,NA,NA,NA,0.069,NA,48,vs BAL,10,·,10.2,-0.4
4,8125,Calvin Austin III,WR,26.5,PIT,84.0,87,94,3.3,2.3,1.3,1,1,1,53,27,0,0.0%,0,0,0,0,0,0,0.00,0,0,0,0,0.00,0.00,2,4,0,1,0,2,9,13,6.5,6.5,0,0,0,13,0,NA,0,0,50.9%,NA,NA,NA,0,NA,1,2,0.500,1.0,16,9.1%,0.81,0,NA,NA,NA,NA,NA,0.063,NA,13,vs MIN,32,Q,9.7,-6.4
4,12483,Jack Bech,WR,22.8,LV,999.0,999,999,0,0,0,1,1,0,52,5,0,0.0%,0,0,0,0,0,0,0.00,0,0,0,0,0.00,0.00,0,0,0,0,0,0,0,0,0.0,0.0,0,0,0,0,0,NA,0,0,9.6%,NA,NA,NA,0,NA,0,0,NA,0.0,NA,NA,NA,0,NA,NA,NA,NA,NA,NA,NA,0,vs CHI,23,·,2.9,-2.9
4,5848,Marquise Brown,WR,28.3,KC,26.0,24,23,12.8,11.3,9.8,1,1,0,73,38,0,0.0%,0,0,0,0,0,0,0.00,0,0,0,0,0.00,0.00,3,26,0,1,1,5,12,38,12.7,7.6,0,0,0,38,0,NA,0,0,52.1%,NA,NA,NA,0,NA,2,5,0.400,2.0,24,13.5%,1.58,0,NA,NA,NA,NA,NA,0.042,NA,38,vs BAL,2,·,9.3,3.5
4,11562,Spencer Rattler,QB,25.0,NO,21.0,21,21,13.94,13.94,13.94,1,1,1,67,67,1,66.7%,83,27,18,6,9,0,89.40,175,3,1,126,4.67,7.00,0,0,0,0,0,1,0,0,0.0,0.0,6,0,5,49,0,NA,49,8.17,100.0%,NA,NA,NA,5,NA,12,34,NA,NA,NA,NA,NA,7,25.9%,2.62,0.0%,36.4%,5.6,NA,33,175,@ BUF,19,·,17.1,-3.2
4,12487,Terrance Ferguson,TE,22.6,LAR,0.0,0,0,0,0,0,0,0,0,0,0,0,0.0%,0,0,0,0,0,0,0.00,0,0,0,0,0.00,0.00,0,0,0,0,0,0,0,0,0.0,0.0,0,0,0,0,0,NA,0,0,NA,NA,NA,NA,0,NA,0,0,NA,NA,NA,NA,NA,0,NA,NA,NA,NA,NA,NA,NA,0,vs IND,20,·,DNP,DNP
4,8210,Chigoziem Okonkwo,TE,26.0,TEN,52.0,52,51,1.4,0.9,0.4,1,1,1,50,35,0,0.0%,0,0,0,0,0,0,0.00,0,0,0,0,0.00,0.00,1,4,0,0,0,3,0,4,4.0,1.3,0,0,0,4,0,NA,0,0,70.0%,NA,NA,NA,0,NA,0,3,0.000,0.0,18,11.5%,0.22,0,NA,NA,NA,NA,NA,0.000,NA,4,@ HOU,28,·,8.2,-6.8
4,9486,Dontayvion Wicks,WR,24.3,GB,79.0,81,81,3.9,2.9,1.9,1,1,1,83,64,0,0.0%,0,0,0,0,0,0,0.00,0,0,0,0,0.00,0.00,2,7,1,1,0,4,12,19,9.5,4.8,0,0,0,19,0,NA,0,0,77.1%,NA,NA,NA,0,NA,1,4,0.250,1.0,33,9.3%,0.58,0,NA,NA,NA,NA,NA,0.030,NA,19,@ DAL,1,·,8.2,-4.3
4,12457,Jaydon Blue,RB,21.7,DAL,0.0,0,0,0,0,0,0,0,0,0,0,0,0.0%,0,0,0,0,0,0,0.00,0,0,0,0,0.00,0.00,0,0,0,0,0,0,0,0,0.0,0.0,0,0,0,0,0,NA,0,0,NA,NA,NA,NA,0,NA,0,0,NA,NA,NA,NA,NA,0,NA,NA,NA,NA,NA,NA,NA,0,vs GB,31,·,DNP,DNP
4,8188,Tyquan Thornton,WR,25.1,KC,45.0,39,33,8.1,7.6,7.1,1,1,1,73,25,0,0.0%,0,0,0,0,0,0,0.00,0,0,0,0,0.00,0.00,1,11,0,0,1,2,0,11,11.0,5.5,0,0,0,11,0,NA,0,0,34.2%,NA,NA,NA,0,NA,1,2,0.500,1.0,14,5.4%,0.79,0,NA,NA,NA,NA,NA,0.000,NA,11,vs BAL,2,·,8.3,-0.2
4,8136,Rachaad White,RB,26.7,TB,40.0,44,46,8.6,6.6,4.6,1,1,0,72,30,0,0.0%,0,0,0,0,0,0,0.00,17,0,0,0,0.00,0.00,4,-3,0,1,0,5,32,29,7.3,5.8,6,0,2,46,0,15,17,2.83,41.7%,0,2.50,0.000,2,0.250,3,11,0.273,3.0,NA,12.5%,NA,0,NA,NA,NA,NA,NA,NA,NA,46,vs PHI,8,·,6.1,2.5
4,4039,Cooper Kupp,WR,32.3,SEA,57.0,63,67,6.6,4.6,2.6,1,1,1,66,49,0,0.0%,0,0,0,0,0,0,0.00,0,0,0,0,0.00,0.00,4,5,0,1,0,5,21,26,6.5,5.2,0,0,0,26,0,NA,0,0,74.2%,NA,NA,NA,0,NA,1,5,0.200,1.0,24,19.2%,1.08,0,NA,NA,NA,NA,NA,0.042,NA,26,@ ARI,14,·,10.8,-4.2
4,2449,Stefon Diggs,WR,31.8,NE,18.0,21,21,16.1,13.1,10.1,1,1,1,49,31,0,0.0%,0,0,0,0,0,0,0.00,0,0,0,0,0.00,0.00,6,73,0,3,0,7,28,101,16.8,14.4,0,0,0,101,0,NA,0,0,63.3%,NA,NA,NA,0,NA,3,7,0.429,3.0,16,38.9%,6.31,0,NA,NA,NA,NA,NA,0.188,NA,101,vs CAR,29,·,10.5,5.6
4,8167,Christian Watson,WR,26.4,GB,999.0,999,999,0,0,0,1,0,0,0,0,0,0.0%,0,0,0,0,0,0,0.00,0,0,0,0,0.00,0.00,0,0,0,0,0,0,0,0,0.0,0.0,0,0,0,0,0,NA,0,0,NA,NA,NA,NA,0,NA,0,0,NA,NA,NA,NA,NA,0,NA,NA,NA,NA,NA,NA,NA,0,@ DAL,1,PUP,PUP,PUP
4,8142,Alec Pierce,WR,25.4,IND,0.0,0,0,0,0,0,0,0,0,0,0,0,0.0%,0,0,0,0,0,0,0.00,0,0,0,0,0.00,0.00,0,0,0,0,0,0,0,0,0.0,0.0,0,0,0,0,0,NA,0,0,NA,NA,NA,NA,0,NA,0,0,NA,NA,NA,NA,NA,0,NA,NA,NA,NA,NA,NA,NA,0,@ LAR,12,OUT,OUT,OUT
4,9502,Tank Dell,WR,25.9,HOU,999.0,999,999,0,0,0,1,0,0,0,0,0,0.0%,0,0,0,0,0,0,0.00,0,0,0,0,0.00,0.00,0,0,0,0,0,0,0,0,0.0,0.0,0,0,0,0,0,NA,0,0,NA,NA,NA,NA,0,NA,0,0,NA,NA,NA,NA,NA,0,NA,NA,NA,NA,NA,NA,NA,0,vs TEN,9,PUP,PUP,PUP
4,11583,Jonathon Brooks,RB,22.2,CAR,999.0,999,999,0,0,0,1,0,0,0,0,0,0.0%,0,0,0,0,0,0,0.00,0,0,0,0,0.00,0.00,0,0,0,0,0,0,0,0,0.0,0.0,0,0,0,0,0,NA,0,0,NA,NA,NA,NA,0,NA,0,0,NA,NA,NA,NA,NA,0,NA,NA,NA,NA,NA,NA,NA,0,@ NE,27,PUP,PUP,PUP
4,11625,Adonai Mitchell,WR,23.0,IND,30.0,29,30,10.6,9.1,7.6,1,1,1,61,54,1,0.0%,0,0,0,0,0,0,0.00,0,0,0,0,0.00,0.00,3,49,0,1,0,4,47,96,32.0,24.0,0,0,0,96,0,NA,0,0,88.5%,NA,NA,NA,0,NA,1,4,0.250,1.0,32,12.1%,3.00,0,NA,NA,NA,NA,NA,0.031,NA,96,@ LAR,12,·,5.4,5.2
4,4988,Nick Chubb,RB,29.8,HOU,42.0,41,40,8.2,7.2,6.2,1,1,1,71,30,0,0.0%,0,0,0,0,0,0,0.00,47,0,0,0,0.00,0.00,2,9,0,0,0,2,6,15,7.5,7.5,13,0,2,62,0,23,47,3.62,42.3%,1,1.80,0.077,2,0.257,2,15,0.133,2.0,NA,7.1%,NA,0,NA,NA,NA,NA,NA,NA,NA,62,vs TEN,3,·,11.4,-3.2
4,8111,Cade Otton,TE,26.4,TB,33.0,39,44,3.9,2.4,0.9,1,1,1,72,69,0,0.0%,0,0,0,0,0,0,0.00,0,0,0,0,0.00,0.00,3,4,0,0,0,4,5,9,3.0,2.3,0,0,0,9,0,NA,0,0,95.8%,NA,NA,NA,0,NA,0,4,0.000,0.0,39,10.0%,0.23,0,NA,NA,NA,NA,NA,0.000,NA,9,vs PHI,29,·,6.4,-2.5
4,12492,Pat Bryant,WR,22.8,DEN,999.0,999,999,0,0,0,1,1,0,81,27,0,0.0%,0,0,0,0,0,0,0.00,0,0,0,0,0.00,0.00,0,0,0,0,0,1,0,0,0.0,0.0,0,0,0,0,0,NA,0,0,33.3%,NA,NA,NA,0,NA,0,1,0.000,0.0,NA,NA,NA,0,NA,NA,NA,NA,NA,NA,NA,0,vs CIN,11,·,2.8,-2.8
4,9229,Anthony Richardson,QB,23.4,IND,999.0,999,999,0,0,0,1,0,0,61,0,0,0.0%,0,0,0,0,0,0,0.00,0,0,0,0,0.00,0.00,0,0,0,0,0,0,0,0,0.0,0.0,0,0,0,0,0,NA,0,0,0.0%,NA,NA,NA,0,NA,0,0,NA,NA,NA,NA,NA,0,NA,NA,NA,NA,NA,NA,NA,0,@ LAR,17,·,DNP,DNP
4,1339,Zach Ertz,TE,34.9,WAS,27.0,26,22,6.1,5.1,4.1,1,1,1,57,35,1,0.0%,0,0,0,0,0,0,0.00,0,0,0,0,0.00,0.00,2,15,0,1,0,4,6,21,10.5,5.3,0,0,0,21,0,NA,0,0,61.4%,NA,NA,NA,0,NA,1,4,0.250,1.0,21,14.8%,1.00,0,NA,NA,NA,NA,NA,0.048,NA,21,@ ATL,32,·,10.1,-4.0
4,9501,Demario Douglas,WR,24.8,NE,999.0,999,999,0,0,0,1,1,0,49,8,0,0.0%,0,0,0,0,0,0,0.00,0,0,0,0,0.00,0.00,0,0,0,0,0,0,0,0,0.0,0.0,0,0,0,0,0,NA,0,0,16.3%,NA,NA,NA,0,NA,0,0,NA,0.0,NA,NA,NA,0,NA,NA,NA,NA,NA,NA,NA,0,vs CAR,29,·,4.4,-4.4
4,11575,Ray Davis,RB,25.9,BUF,71.0,71,67,0.3,0.3,0.3,1,1,0,59,5,0,0.0%,0,0,0,0,0,0,0.00,3,0,0,0,0.00,0.00,0,0,0,0,0,0,0,0,0.0,0.0,1,0,0,3,0,NA,3,3,8.5%,NA,NA,NA,0,NA,0,1,0.000,0.0,NA,NA,NA,0,NA,NA,NA,NA,NA,NA,NA,3,vs NO,11,·,6.1,-5.8
4,4018,Joe Mixon,RB,29.2,HOU,999.0,999,999,0,0,0,1,0,0,0,0,0,0.0%,0,0,0,0,0,0,0.00,0,0,0,0,0.00,0.00,0,0,0,0,0,0,0,0,0.0,0.0,0,0,0,0,0,NA,0,0,NA,NA,NA,NA,0,NA,0,0,NA,NA,NA,NA,NA,0,NA,NA,NA,NA,NA,NA,NA,0,vs TEN,3,PUP,PUP,PUP
4,4066,Evan Engram,TE,31.1,DEN,25.0,27,28,6.9,4.9,2.9,1,1,0,81,35,0,0.0%,0,0,0,0,0,0,0.00,0,0,0,0,0.00,0.00,4,7,1,0,0,7,22,29,7.3,4.1,0,0,0,29,0,NA,0,0,43.2%,NA,NA,NA,0,NA,0,7,0.000,0.0,26,16.7%,1.12,0,NA,NA,NA,NA,NA,0.000,NA,29,vs CIN,1,·,6.0,0.9
4,12531,Trevor Etienne,RB,21.2,CAR,53.0,52,49,3.3,3.3,3.3,1,1,0,69,11,0,0.0%,0,0,0,0,0,0,0.00,33,0,0,0,0.00,0.00,0,0,0,0,0,0,0,0,0.0,0.0,7,1,1,33,0,35,33,4.71,15.9%,1,5.00,0.143,1,0.643,1,7,0.143,1.0,NA,0.0%,NA,0,NA,NA,NA,NA,NA,NA,NA,33,@ NE,27,·,1.4,1.9
4,4137,James Conner,RB,30.4,ARI,999.0,999,999,0,0,0,1,0,0,0,0,0,0.0%,0,0,0,0,0,0,0.00,0,0,0,0,0.00,0.00,0,0,0,0,0,0,0,0,0.0,0.0,0,0,0,0,0,NA,0,0,NA,NA,NA,NA,0,NA,0,0,NA,NA,NA,NA,NA,0,NA,NA,NA,NA,NA,NA,NA,0,vs SEA,18,IR,IR,IR
4,9757,Kendre Miller,RB,23.3,NO,25.0,21,18,12.5,12.5,12.5,1,1,0,67,21,0,0.0%,0,0,0,0,0,0,0.00,65,0,0,0,0.00,0.00,0,0,0,0,0,0,0,0,0.0,0.0,11,1,4,65,1,69,65,5.91,31.3%,4,6.30,0.364,5,0.994,5,11,0.455,5.0,NA,0.0%,NA,0,NA,NA,NA,NA,NA,NA,NA,65,@ BUF,13,·,4.8,7.7
4,96,Aaron Rodgers,QB,41.8,PIT,23.0,23,23,12.8,12.8,12.8,1,1,1,53,53,1,81.8%,54,22,18,5,4,0,119.70,208,2,1,200,9.09,11.11,0,0,0,0,0,0,0,0,0.0,0.0,3,0,1,8,0,NA,8,2.67,100.0%,NA,NA,NA,1,NA,7,25,NA,NA,NA,NA,NA,6,27.3%,2.17,0.0%,20.0%,2.6,NA,25,208,vs MIN,28,·,16.9,-4.1
4,4144,Jonnu Smith,TE,30.1,PIT,42.0,46,48,2.6,1.6,0.6,1,1,0,53,13,0,0.0%,0,0,0,0,0,0,0.00,0,0,0,0,0.00,0.00,2,-1,0,0,0,3,7,6,3.0,2.0,0,0,0,6,0,NA,0,0,24.5%,NA,NA,NA,0,NA,0,3,0.000,0.0,8,13.6%,0.75,0,NA,NA,NA,NA,NA,0.000,NA,6,vs MIN,14,·,8.0,-5.4
4,11610,Malik Washington,WR,24.7,MIA,76.0,75,75,4.1,3.1,2.1,1,1,1,58,28,0,0.0%,0,0,0,0,0,0,0.00,8,0,0,0,0.00,0.00,2,0,0,0,0,3,13,13,6.5,4.3,2,0,0,21,0,NA,8,4,48.3%,NA,NA,NA,0,NA,0,5,0.000,0.0,14,12.0%,0.93,0,NA,NA,NA,NA,NA,0.000,NA,21,vs NYJ,13,·,6.5,-2.4
4,7600,Pat Freiermuth,TE,26.9,PIT,999.0,999,999,0,0,0,1,1,0,53,15,0,0.0%,0,0,0,0,0,0,0.00,0,0,0,0,0.00,0.00,0,0,0,0,0,0,0,0,0.0,0.0,0,0,0,0,0,NA,0,0,28.3%,NA,NA,NA,0,NA,0,0,NA,0.0,5,0.0%,0.00,0,NA,NA,NA,NA,NA,0.000,NA,0,vs MIN,14,·,7.6,-7.6
4,6111,Jake Browning,QB,29.5,CIN,32.0,32,32,5.4,5.4,5.4,1,1,1,48,48,0,56.0%,57,25,14,3,11,0,69.60,129,3,0,125,5.00,8.93,0,0,0,0,0,0,0,0,0.0,0.0,3,0,1,4,0,NA,4,1.33,100.0%,NA,NA,NA,1,NA,4,28,NA,NA,NA,NA,NA,3,12.0%,2.66,12.0%,37.9%,7.8,NA,29,129,@ DEN,29,·,17.9,-12.5
4,4950,Christian Kirk,WR,28.9,HOU,68.0,71,79,5,3.5,2,1,1,1,71,43,0,0.0%,0,0,0,0,0,0,0.00,0,0,0,0,0.00,0.00,3,13,0,1,0,4,7,20,6.7,5.0,0,0,0,20,0,NA,0,0,60.6%,NA,NA,NA,0,NA,1,4,0.250,1.0,19,14.3%,1.05,0,NA,NA,NA,NA,NA,0.053,NA,20,vs TEN,9,·,10.1,-5.1
4,6826,Cole Kmet,TE,26.6,CHI,23.0,21,19,7.6,6.1,4.6,1,1,1,68,68,0,0.0%,0,0,0,0,0,0,0.00,0,0,0,0,0.00,0.00,3,25,1,2,0,9,21,46,15.3,5.1,0,0,0,46,0,NA,0,0,100.0%,NA,NA,NA,0,NA,2,9,0.222,2.0,32,24.3%,1.44,0,NA,NA,NA,NA,NA,0.063,NA,46,@ LV,25,·,6.9,0.7
4,11626,Xavier Legette,WR,24.7,CAR,0.0,0,0,0,0,0,0,0,0,0,0,0,0.0%,0,0,0,0,0,0,0.00,0,0,0,0,0.00,0.00,0,0,0,0,0,0,0,0,0.0,0.0,0,0,0,0,0,NA,0,0,NA,NA,NA,NA,0,NA,0,0,NA,NA,NA,NA,NA,0,NA,NA,NA,NA,NA,NA,NA,0,@ NE,7,·,DNP,DNP
4,12505,Jalen Royals,WR,22.6,KC,999.0,999,999,0,0,0,1,1,0,73,14,0,0.0%,0,0,0,0,0,0,0.00,0,0,0,0,0.00,0.00,0,0,0,0,0,0,0,0,0.0,0.0,0,0,0,0,0,NA,0,0,19.2%,NA,NA,NA,0,NA,0,0,NA,0.0,NA,NA,NA,0,NA,NA,NA,NA,NA,NA,NA,0,vs BAL,2,·,1.2,-1.2
4,9225,Tank Bigsby,RB,24.1,PHI,999.0,999,999,0,0,0,1,1,0,57,0,0,0.0%,0,0,0,0,0,0,0.00,0,0,0,0,0.00,0.00,0,0,0,0,0,0,0,0,0.0,0.0,0,0,0,0,0,NA,0,0,0.0%,NA,NA,NA,0,NA,0,0,NA,0.0,NA,NA,NA,0,NA,NA,NA,NA,NA,NA,NA,0,@ TB,17,·,0.4,-0.4
4,12493,Oronde Gadsden,TE,22.3,LAC,36.0,37,38,3.6,2.6,1.6,1,1,0,63,30,0,0.0%,0,0,0,0,0,0,0.00,0,0,0,0,0.00,0.00,2,15,0,1,0,3,1,16,8.0,5.3,0,0,0,16,0,NA,0,0,47.6%,NA,NA,NA,0,NA,1,3,0.333,1.0,20,7.3%,0.80,0,NA,NA,NA,NA,NA,0.050,NA,16,@ NYG,23,·,5.2,-1.6
4,12455,Brashard Smith,RB,22.5,KC,45.0,47,48,6.6,5.1,3.6,1,1,0,73,19,0,0.0%,0,0,0,0,0,0,0.00,9,0,0,0,0.00,0.00,3,-4,1,2,0,4,31,27,9.0,6.8,4,0,0,36,0,8,9,2.25,26.0%,3,2.10,0.750,0,0.960,2,8,0.250,2.0,NA,10.8%,NA,0,NA,NA,NA,NA,NA,NA,NA,36,vs BAL,2,·,2.3,4.3
4,7527,Mac Jones,QB,27.1,SF,999.0,999,999,0,0,0,1,0,0,66,0,0,0.0%,0,0,0,0,0,0,0.00,0,0,0,0,0.00,0.00,0,0,0,0,0,0,0,0,0.0,0.0,0,0,0,0,0,NA,0,0,0.0%,NA,NA,NA,0,NA,0,0,NA,NA,NA,NA,NA,0,NA,NA,NA,NA,NA,NA,NA,0,vs JAX,26,·,DNP,DNP
4,12524,Shedeur Sanders,QB,23.6,CLE,0.0,0,0,0,0,0,0,0,0,0,0,0,0.0%,0,0,0,0,0,0,0.00,0,0,0,0,0.00,0.00,0,0,0,0,0,0,0,0,0.0,0.0,0,0,0,0,0,NA,0,0,NA,NA,NA,NA,0,NA,0,0,NA,NA,NA,NA,NA,0,NA,NA,NA,NA,NA,NA,NA,0,@ DET,11,OUT,OUT,OUT
4,12486,Dillon Gabriel,QB,24.8,CLE,999.0,999,999,0,0,0,1,1,0,67,3,0,0.0%,0,1,0,0,1,0,39.60,0,0,0,0,0.00,0.00,0,0,0,0,0,0,0,0,0.0,0.0,0,0,0,0,0,NA,0,0,4.5%,NA,NA,NA,0,NA,0,1,NA,NA,NA,NA,NA,0,0.0%,NA,NA,NA,NA,NA,NA,0,@ DET,11,·,DNP,DNP
4,11597,Theo Johnson,TE,24.6,NYG,14.0,13,13,10.7,9.2,7.7,1,1,1,76,53,0,0.0%,0,0,0,0,0,0,0.00,0,0,0,0,0.00,0.00,3,8,0,1,1,5,9,17,5.7,3.4,0,0,0,17,0,NA,0,0,69.7%,NA,NA,NA,0,NA,2,5,0.400,2.0,17,23.8%,1.00,0,NA,NA,NA,NA,NA,0.059,NA,17,vs LAC,26,·,5.9,4.8
4,12503,Isaiah Bond,WR,21.5,CLE,42.0,41,41,8.8,7.3,5.8,1,1,0,67,37,0,0.0%,0,0,0,0,0,0,0.00,0,0,0,0,0.00,0.00,3,47,0,2,0,6,11,58,19.3,9.7,0,0,0,58,0,NA,0,0,55.2%,NA,NA,NA,0,NA,2,6,0.333,2.0,27,17.1%,2.15,0,NA,NA,NA,NA,NA,0.074,NA,58,@ DET,6,·,2.4,6.4
4,11577,Will Shipley,RB,23.1,PHI,999.0,999,999,0,0,0,1,1,0,57,3,0,0.0%,0,0,0,0,0,0,0.00,0,0,0,0,0.00,0.00,0,0,0,0,0,1,0,0,0.0,0.0,0,0,0,0,0,NA,0,0,5.3%,NA,NA,NA,0,NA,0,1,0.000,0.0,NA,NA,NA,0,NA,NA,NA,NA,NA,NA,NA,0,@ TB,17,·,1.7,-1.7
4,11643,Jaylen Wright,RB,22.5,MIA,999.0,999,999,0,0,0,1,0,0,58,0,0,0.0%,0,0,0,0,0,0,0.00,0,0,0,0,0.00,0.00,0,0,0,0,0,0,0,0,0.0,0.0,0,0,0,0,0,NA,0,0,0.0%,NA,NA,NA,0,NA,0,0,NA,NA,NA,NA,NA,0,NA,NA,NA,NA,NA,NA,NA,0,vs NYJ,9,OUT,1.0,-1.0
4,7670,Joshua Palmer,WR,26.0,BUF,73.0,72,68,4.5,3.5,2.5,1,1,0,59,15,0,0.0%,0,0,0,0,0,0,0.00,0,0,0,0,0.00,0.00,2,17,0,1,0,3,8,25,12.5,8.3,0,0,0,25,0,NA,0,0,25.4%,NA,NA,NA,0,NA,1,3,0.333,1.0,10,13.6%,2.50,0,NA,NA,NA,NA,NA,0.100,NA,25,vs NO,19,·,7.8,-3.3
4,9482,Michael Mayer,TE,24.2,LV,0.0,0,0,0,0,0,0,0,0,0,0,0,0.0%,0,0,0,0,0,0,0.00,0,0,0,0,0.00,0.00,0,0,0,0,0,0,0,0,0.0,0.0,0,0,0,0,0,NA,0,0,NA,NA,NA,NA,0,NA,0,0,NA,NA,NA,NA,NA,0,NA,NA,NA,NA,NA,NA,NA,0,vs CHI,21,OUT,OUT,OUT
4,9487,Parker Washington,WR,23.5,JAX,63.0,52,40,5.9,5.9,5.9,1,1,1,68,58,0,0.0%,0,0,0,0,0,0,0.00,-1,0,0,0,0.00,0.00,0,0,0,0,0,2,0,0,0.0,0.0,1,0,0,-1,0,NA,-1,-1,85.3%,NA,NA,NA,0,NA,0,3,0.000,0.0,27,6.5%,0.00,0,NA,NA,NA,NA,NA,0.000,NA,-1,@ SF,18,·,7.5,-1.6
4,11596,Ben Sinnott,TE,23.3,WAS,999.0,999,999,0,0,0,1,1,1,57,27,0,0.0%,0,0,0,0,0,0,0.00,0,0,0,0,0.00,0.00,0,0,0,0,0,0,0,0,0.0,0.0,0,0,0,0,0,NA,0,0,47.4%,NA,NA,NA,0,NA,0,0,NA,0.0,NA,NA,NA,0,NA,NA,NA,NA,NA,NA,NA,0,@ ATL,32,·,3.3,-3.3
4,12545,Tyler Shough,QB,26.0,NO,999.0,999,999,0,0,0,1,0,0,67,0,0,0.0%,0,0,0,0,0,0,0.00,0,0,0,0,0.00,0.00,0,0,0,0,0,0,0,0,0.0,0.0,0,0,0,0,0,NA,0,0,0.0%,NA,NA,NA,0,NA,0,0,NA,NA,NA,NA,NA,0,NA,NA,NA,NA,NA,NA,NA,0,@ BUF,19,·,DNP,DNP
4,7567,Kenneth Gainwell,RB,26.5,PIT,3.0,3,3,31.4,28.4,25.4,1,1,1,53,41,0,0.0%,0,0,0,0,0,0,0.00,99,0,0,0,0.00,0.00,6,7,0,0,0,6,28,35,5.8,5.8,19,4,6,134,2,80,99,5.21,77.4%,9,4.20,0.474,8,0.894,8,25,0.320,8.0,NA,27.3%,NA,0,NA,NA,NA,NA,NA,NA,NA,134,vs MIN,15,·,14.1,17.3
4,12543,Tahj Brooks,RB,23.4,CIN,999.0,999,999,0,0,0,1,1,0,48,0,0,0.0%,0,0,0,0,0,0,0.00,0,0,0,0,0.00,0.00,0,0,0,0,0,0,0,0,0.0,0.0,0,0,0,0,0,NA,0,0,0.0%,NA,NA,NA,0,NA,0,0,NA,0.0,NA,NA,NA,0,NA,NA,NA,NA,NA,NA,NA,0,@ DEN,19,·,3.7,-3.7
4,10219,Chris Rodriguez,RB,25.0,WAS,46.0,45,41,5.9,5.9,5.9,1,1,1,57,20,0,0.0%,0,0,0,0,0,0,0.00,59,0,0,0,0.00,0.00,0,0,0,0,0,0,0,0,0.0,0.0,7,2,1,59,0,62,59,8.43,35.1%,1,8.80,0.143,1,1.023,1,7,0.143,1.0,NA,0.0%,NA,0,NA,NA,NA,NA,NA,NA,NA,59,@ ATL,32,·,8.9,-3.0
4,7587,Dyami Brown,WR,25.9,JAX,0.0,0,0,0,0,0,0,0,0,0,0,0,0.0%,0,0,0,0,0,0,0.00,0,0,0,0,0.00,0.00,0,0,0,0,0,0,0,0,0.0,0.0,0,0,0,0,0,NA,0,0,NA,NA,NA,NA,0,NA,0,0,NA,NA,NA,NA,NA,0,NA,NA,NA,NA,NA,NA,NA,0,@ SF,18,·,DNP,DNP
4,9511,Keaton Mitchell,RB,23.7,BAL,0.0,0,0,0,0,0,0,0,0,0,0,0,0.0%,0,0,0,0,0,0,0.00,0,0,0,0,0.00,0.00,0,0,0,0,0,0,0,0,0.0,0.0,0,0,0,0,0,NA,0,0,NA,NA,NA,NA,0,NA,0,0,NA,NA,NA,NA,NA,0,NA,NA,NA,NA,NA,NA,NA,0,@ KC,22,·,DNP,DNP
4,11569,Jarquez Hunter,RB,22.8,LAR,999.0,999,999,0,0,0,1,1,0,75,0,0,0.0%,0,0,0,0,0,0,0.00,0,0,0,0,0.00,0.00,0,0,0,0,0,0,0,0,0.0,0.0,0,0,0,0,0,NA,0,0,0.0%,NA,NA,NA,0,NA,0,0,NA,0.0,NA,NA,NA,0,NA,NA,NA,NA,NA,NA,NA,0,vs IND,24,·,0.5,-0.5
4,5001,Dalton Schultz,TE,29.2,HOU,21.0,23,26,8,5.5,3,1,1,1,71,60,0,0.0%,0,0,0,0,0,0,0.00,0,0,0,0,0.00,0.00,5,23,0,1,0,6,7,30,6.0,5.0,0,0,0,30,0,NA,0,0,84.5%,NA,NA,NA,0,NA,1,6,0.167,1.0,26,21.4%,1.15,0,NA,NA,NA,NA,NA,0.038,NA,30,vs TEN,22,·,7.8,0.2
4,12641,Jaylin Lane,WR,23.4,WAS,80.0,82,82,3.8,2.8,1.8,1,1,0,57,25,2,0.0%,0,0,0,0,0,0,0.00,0,0,0,0,0.00,0.00,2,18,0,1,0,3,0,18,9.0,6.0,0,0,0,18,0,NA,0,0,43.9%,NA,NA,NA,0,NA,1,3,0.333,1.0,11,11.1%,1.64,0,NA,NA,NA,NA,NA,0.091,NA,18,@ ATL,30,·,6.0,-2.2
4,9506,Sean Tucker,RB,23.9,TB,999.0,999,999,0,0,0,1,1,0,72,0,0,0.0%,0,0,0,0,0,0,0.00,0,0,0,0,0.00,0.00,0,0,0,0,0,0,0,0,0.0,0.0,0,0,0,0,0,NA,0,0,0.0%,NA,NA,NA,0,NA,0,0,NA,0.0,NA,NA,NA,0,NA,NA,NA,NA,NA,NA,NA,0,vs PHI,8,·,0.6,-0.6
4,12476,Devin Neal,RB,22.1,NO,0.0,0,0,0,0,0,0,0,0,0,0,0,0.0%,0,0,0,0,0,0,0.00,0,0,0,0,0.00,0.00,0,0,0,0,0,0,0,0,0.0,0.0,0,0,0,0,0,NA,0,0,NA,NA,NA,NA,0,NA,0,0,NA,NA,NA,NA,NA,0,NA,NA,NA,NA,NA,NA,NA,0,@ BUF,13,OUT,OUT,OUT
4,7021,Rico Dowdle,RB,27.3,CAR,51.0,51,50,4,3.5,3,1,1,0,69,27,0,0.0%,0,0,0,0,0,0,0.00,32,0,0,0,0.00,0.00,1,-2,0,0,0,1,0,-2,-2.0,-2.0,9,1,2,30,0,18,32,3.56,39.1%,1,2.00,0.111,2,0.311,2,10,0.200,2.0,NA,2.8%,NA,0,NA,NA,NA,NA,NA,NA,NA,30,@ NE,27,·,7.3,-3.3
4,10232,Michael Wilson,WR,25.6,ARI,72.0,76,88,4.5,3,1.5,1,1,1,67,65,0,0.0%,0,0,0,0,0,0,0.00,0,0,0,0,0.00,0.00,3,8,0,2,0,6,7,15,5.0,2.5,0,0,0,15,0,NA,0,0,97.0%,NA,NA,NA,0,NA,2,6,0.333,2.0,47,14.6%,0.32,0,NA,NA,NA,NA,NA,0.043,NA,15,vs SEA,17,·,5.7,-1.2
4,12670,KeAndre Lambert-Smith,WR,24.0,LAC,999.0,999,999,0,0,0,1,1,0,63,7,0,0.0%,0,0,0,0,0,0,0.00,0,0,0,0,0.00,0.00,0,0,0,0,0,0,0,0,0.0,0.0,0,0,0,0,0,NA,0,0,11.1%,NA,NA,NA,0,NA,0,0,NA,0.0,NA,NA,NA,0,NA,NA,NA,NA,NA,NA,NA,0,@ NYG,3,·,0.6,-0.6
4,11630,Roman Wilson,WR,24.3,PIT,999.0,999,999,0,0,0,1,1,0,53,3,0,0.0%,0,0,0,0,0,0,0.00,0,0,0,0,0.00,0.00,0,0,0,0,0,0,0,0,0.0,0.0,0,0,0,0,0,NA,0,0,5.7%,NA,NA,NA,0,NA,0,0,NA,0.0,NA,NA,NA,0,NA,NA,NA,NA,NA,NA,NA,0,vs MIN,32,·,2.6,-2.6
4,8180,Jalen Nailor,WR,26.6,MIN,39.0,33,27,9.2,8.7,8.2,1,1,0,76,48,0,0.0%,0,0,0,0,0,0,0.00,0,0,0,0,0.00,0.00,1,1,0,0,1,4,1,2,2.0,0.5,0,0,0,2,0,NA,0,0,63.2%,NA,NA,NA,0,NA,1,4,0.250,1.0,28,8.7%,0.07,0,NA,NA,NA,NA,NA,0.000,NA,2,@ PIT,22,·,4.9,4.3
4,11651,Isaac Guerendo,RB,25.2,SF,999.0,999,999,0,0,0,1,1,0,66,0,0,0.0%,0,0,0,0,0,0,0.00,0,0,0,0,0.00,0.00,0,0,0,0,0,0,0,0,0.0,0.0,0,0,0,0,0,NA,0,0,0.0%,NA,NA,NA,0,NA,0,0,NA,0.0,NA,NA,NA,0,NA,NA,NA,NA,NA,NA,NA,0,vs JAX,29,·,0.7,-0.7
4,11557,Joe Milton,QB,25.6,DAL,999.0,999,999,0,0,0,1,0,0,69,0,0,0.0%,0,0,0,0,0,0,0.00,0,0,0,0,0.00,0.00,0,0,0,0,0,0,0,0,0.0,0.0,0,0,0,0,0,NA,0,0,0.0%,NA,NA,NA,0,NA,0,0,NA,NA,NA,NA,NA,0,NA,NA,NA,NA,NA,NA,NA,0,vs GB,27,·,DNP,DNP
4,7528,Najee Harris,RB,27.6,LAC,999.0,999,999,0,0,0,1,0,0,0,0,0,0.0%,0,0,0,0,0,0,0.00,0,0,0,0,0.00,0.00,0,0,0,0,0,0,0,0,0.0,0.0,0,0,0,0,0,NA,0,0,NA,NA,NA,NA,0,NA,0,0,NA,NA,NA,NA,NA,0,NA,NA,NA,NA,NA,NA,NA,0,@ NYG,6,IR,IR,IR
4,11603,AJ Barner,TE,23.4,SEA,8.0,9,9,12.2,10.7,9.2,1,1,1,66,57,0,0.0%,0,0,0,0,0,0,0.00,0,0,0,0,0.00,0.00,3,22,0,1,1,3,10,32,10.7,10.7,0,0,0,32,0,NA,0,0,86.4%,NA,NA,NA,0,NA,2,3,0.667,2.0,18,11.5%,1.78,0,NA,NA,NA,NA,NA,0.056,NA,32,@ ARI,12,·,4.9,7.3
4,1426,DeAndre Hopkins,WR,33.3,BAL,999.0,999,999,0,0,0,1,1,0,54,18,0,0.0%,0,0,0,0,0,0,0.00,0,0,0,0,0.00,0.00,0,0,0,0,0,1,0,0,0.0,0.0,0,0,0,0,0,NA,0,0,33.3%,NA,NA,NA,0,NA,0,1,0.000,0.0,NA,NA,NA,0,NA,NA,NA,NA,NA,NA,NA,0,@ KC,31,·,3.9,-3.9
4,12544,LeQuint Allen,RB,21.2,JAX,60.0,61,64,1.7,1.2,0.7,1,1,0,68,12,0,0.0%,0,0,0,0,0,0,0.00,0,0,0,0,0.00,0.00,1,1,0,0,0,1,6,7,7.0,7.0,0,0,0,7,0,0,0,0,17.6%,0,0.00,NA,0,NA,0,1,0.000,0.0,NA,3.2%,NA,0,NA,NA,NA,NA,NA,NA,NA,7,@ SF,14,·,3.6,-1.9
4,12467,Jordan James,RB,21.5,SF,0.0,0,0,0,0,0,0,0,0,0,0,0,0.0%,0,0,0,0,0,0,0.00,0,0,0,0,0.00,0.00,0,0,0,0,0,0,0,0,0.0,0.0,0,0,0,0,0,NA,0,0,NA,NA,NA,NA,0,NA,0,0,NA,NA,NA,NA,NA,0,NA,NA,NA,NA,NA,NA,NA,0,vs JAX,29,OUT,OUT,OUT
4,9481,Luke Musgrave,TE,25.1,GB,51.0,50,49,1.6,1.1,0.6,1,1,1,83,25,0,0.0%,0,0,0,0,0,0,0.00,0,0,0,0,0.00,0.00,1,6,0,0,0,1,0,6,6.0,6.0,0,0,0,6,0,NA,0,0,30.1%,NA,NA,NA,0,NA,0,1,0.000,0.0,8,2.3%,0.75,0,NA,NA,NA,NA,NA,0.000,NA,6,@ DAL,9,·,2.7,-1.1
4,11581,MarShawn Lloyd,RB,24.7,GB,999.0,999,999,0,0,0,1,0,0,0,0,0,0.0%,0,0,0,0,0,0,0.00,0,0,0,0,0.00,0.00,0,0,0,0,0,0,0,0,0.0,0.0,0,0,0,0,0,NA,0,0,NA,NA,NA,NA,0,NA,0,0,NA,NA,NA,NA,NA,0,NA,NA,NA,NA,NA,NA,NA,0,@ DAL,5,IR,IR,IR
4,11650,Luke McCaffrey,WR,24.5,WAS,33.0,30,28,10.1,9.1,8.1,1,1,0,57,21,0,0.0%,0,0,0,0,0,0,0.00,0,0,0,0,0.00,0.00,2,20,0,0,1,3,1,21,10.5,7.0,0,0,0,21,0,NA,0,0,36.8%,NA,NA,NA,0,NA,1,3,0.333,1.0,11,11.1%,1.91,0,NA,NA,NA,NA,NA,0.000,NA,21,@ ATL,30,·,5.4,4.7
4,8117,Jalen Tolbert,WR,26.6,DAL,34.0,38,39,10.1,8.1,6.1,1,1,1,69,56,0,0.0%,0,0,0,0,0,0,0.00,0,0,0,0,0.00,0.00,4,47,0,2,0,6,14,61,15.3,10.2,0,0,0,61,0,NA,0,0,81.2%,NA,NA,NA,0,NA,2,6,0.333,2.0,34,15.0%,1.79,0,NA,NA,NA,NA,NA,0.059,NA,61,vs GB,28,·,8.9,1.2
4,4098,Kareem Hunt,RB,30.1,KC,47.0,46,45,5.7,5.2,4.7,1,1,0,73,32,0,0.0%,0,0,0,0,0,0,0.00,34,0,0,0,0.00,0.00,1,5,0,1,0,1,8,13,13.0,13.0,13,0,4,47,0,23,34,2.62,43.8%,1,1.80,0.077,4,0.257,5,14,0.357,5.0,NA,2.7%,NA,0,NA,NA,NA,NA,NA,NA,NA,47,vs BAL,2,·,9.1,-3.4
4,7828,Noah Gray,TE,26.4,KC,54.0,54,54,1.1,0.6,0.1,1,1,0,73,41,0,0.0%,0,0,0,0,0,0,0.00,0,0,0,0,0.00,0.00,1,-3,0,0,0,1,4,1,1.0,1.0,0,0,0,1,0,NA,0,0,56.2%,NA,NA,NA,0,NA,0,1,0.000,0.0,13,2.7%,0.08,0,NA,NA,NA,NA,NA,0.000,NA,1,vs BAL,10,·,3.4,-2.3
4,12482,Savion Williams,WR,23.8,GB,66.0,68,71,5.3,3.8,2.3,1,1,0,83,10,0,0.0%,0,0,0,0,0,0,0.00,1,0,0,0,0.00,0.00,3,-6,0,0,0,3,28,22,7.3,7.3,1,0,0,23,0,NA,1,1,12.0%,NA,NA,NA,0,NA,0,4,0.000,0.0,5,7.0%,4.40,0,NA,NA,NA,NA,NA,0.000,NA,23,@ DAL,1,·,2.0,3.3
4,12540,Chimere Dike,WR,23.8,TEN,116.0,116,114,-0.4,-0.4,-0.4,1,1,1,50,20,0,0.0%,0,0,0,0,0,0,0.00,-4,0,0,0,0.00,0.00,0,0,0,0,0,0,0,0,0.0,0.0,1,0,0,-4,0,NA,-4,-4,40.0%,NA,NA,NA,0,NA,0,1,0.000,0.0,NA,NA,NA,0,NA,NA,NA,NA,NA,NA,NA,-4,@ HOU,26,·,3.6,-4.0
4,12502,Gunnar Helm,TE,23.1,TEN,47.0,45,42,2.2,1.7,1.2,1,1,0,50,20,0,0.0%,0,0,0,0,0,0,0.00,0,0,0,0,0.00,0.00,1,10,0,0,0,1,2,12,12.0,12.0,0,0,0,12,0,NA,0,0,40.0%,NA,NA,NA,0,NA,0,1,0.000,0.0,10,3.8%,1.20,0,NA,NA,NA,NA,NA,0.000,NA,12,@ HOU,28,·,2.9,-0.7
4,3161,Carson Wentz,QB,32.7,MIN,9.0,9,9,23.2,23.2,23.2,1,1,1,76,76,1,65.2%,195,46,30,13,16,2,84.50,362,6,2,350,7.61,11.67,0,0,0,0,0,0,0,0,0.0,0.0,2,0,1,12,0,NA,12,6,100.0%,NA,NA,NA,1,NA,16,48,NA,NA,NA,NA,NA,15,32.6%,2.70,10.9%,29.6%,7.4,NA,54,362,@ PIT,9,Q,16.9,6.3
4,8143,Jerome Ford,RB,26.0,CLE,63.0,66,69,1.3,0.8,0.3,1,1,0,67,18,0,0.0%,0,0,0,0,0,0,0.00,-1,0,0,0,0.00,0.00,1,-3,1,0,0,2,7,4,4.0,2.0,1,0,0,3,0,1,-1,-1,26.9%,0,0.80,0.000,0,0.080,0,3,0.000,0.0,NA,5.7%,NA,0,NA,NA,NA,NA,NA,NA,NA,3,@ DET,26,·,5.9,-4.6
4,5857,Noah Fant,TE,27.8,CIN,0.0,0,0,0,0,0,0,0,0,0,0,0,0.0%,0,0,0,0,0,0,0.00,0,0,0,0,0.00,0.00,0,0,0,0,0,0,0,0,0.0,0.0,0,0,0,0,0,NA,0,0,NA,NA,NA,NA,0,NA,0,0,NA,NA,NA,NA,NA,0,NA,NA,NA,NA,NA,NA,NA,0,@ DEN,24,·,DNP,DNP
4,11629,Devontez Walker,WR,24.3,BAL,999.0,999,999,0,0,0,1,1,0,54,4,0,0.0%,0,0,0,0,0,0,0.00,0,0,0,0,0.00,0.00,0,0,0,0,0,0,0,0,0.0,0.0,0,0,0,0,0,NA,0,0,7.4%,NA,NA,NA,0,NA,0,0,NA,0.0,NA,NA,NA,0,NA,NA,NA,NA,NA,NA,NA,0,@ KC,31,·,1.1,-1.1
4,10235,Roschon Johnson,RB,24.6,CHI,999.0,999,999,0,0,0,1,1,0,68,0,0,0.0%,0,0,0,0,0,0,0.00,0,0,0,0,0.00,0.00,0,0,0,0,0,0,0,0,0.0,0.0,0,0,0,0,0,NA,0,0,0.0%,NA,NA,NA,0,NA,0,0,NA,0.0,NA,NA,NA,0,NA,NA,NA,NA,NA,NA,NA,0,@ LV,10,·,0.7,-0.7
4,19,Joe Flacco,QB,40.7,CLE,33.0,33,33,3.26,3.26,3.26,1,1,1,67,64,1,47.1%,105,34,16,8,18,2,39.30,183,3,0,184,5.41,11.50,0,0,0,0,0,0,0,0,0.0,0.0,3,0,0,-1,0,NA,-1,-0.33,95.5%,NA,NA,NA,0,NA,8,37,NA,NA,NA,NA,NA,8,23.5%,2.95,17.6%,51.4%,9.6,NA,37,183,@ DET,11,·,18.5,-15.2
4,5906,Dawson Knox,TE,28.9,BUF,999.0,999,999,0,0,0,1,1,1,59,24,0,0.0%,0,0,0,0,0,0,0.00,0,0,0,0,0.00,0.00,0,0,0,0,0,1,0,0,0.0,0.0,0,0,0,0,0,NA,0,0,40.7%,NA,NA,NA,0,NA,0,1,0.000,0.0,7,4.5%,0.00,0,NA,NA,NA,NA,NA,0.000,NA,0,vs NO,4,·,2.6,-2.6
4,11623,Jordan Whittington,WR,25.0,LAR,105.0,105,106,1.7,1.2,0.7,1,1,1,75,60,0,0.0%,0,0,0,0,0,0,0.00,0,0,0,0,0.00,0.00,1,5,0,0,0,1,2,7,7.0,7.0,0,0,0,7,0,NA,0,0,80.0%,NA,NA,NA,0,NA,0,1,0.000,0.0,30,2.4%,0.23,0,NA,NA,NA,NA,NA,0.000,NA,7,vs IND,5,·,3.1,-1.4
4,12511,Will Howard,QB,24.0,PIT,999.0,999,999,0,0,0,1,0,0,0,0,0,0.0%,0,0,0,0,0,0,0.00,0,0,0,0,0.00,0.00,0,0,0,0,0,0,0,0,0.0,0.0,0,0,0,0,0,NA,0,0,NA,NA,NA,NA,0,NA,0,0,NA,NA,NA,NA,NA,0,NA,NA,NA,NA,NA,NA,NA,0,vs MIN,28,IR,IR,IR
4,5995,Justice Hill,RB,27.9,BAL,4.0,4,6,28.7,26.2,23.7,1,1,0,54,32,0,0.0%,0,0,0,0,0,0,0.00,76,0,0,0,0.00,0.00,5,-15,0,1,1,6,56,41,8.2,6.8,3,1,1,117,1,68,76,25.33,59.3%,6,22.70,2.000,2,4.270,4,9,0.444,4.0,NA,18.2%,NA,0,NA,NA,NA,NA,NA,NA,NA,117,@ KC,22,·,5.4,23.3
4,8917,KaVontae Turpin,WR,29.2,DAL,60.0,59,59,6.4,4.9,3.4,1,1,1,69,42,0,0.0%,0,0,0,0,0,0,0.00,4,0,0,0,0.00,0.00,3,19,0,3,0,4,11,30,10.0,7.5,1,0,0,34,0,NA,4,4,60.9%,NA,NA,NA,0,NA,3,5,0.600,3.0,28,10.0%,1.07,0,NA,NA,NA,NA,NA,0.107,NA,34,vs GB,28,OUT,9.3,-2.9
4,10226,Andrei Iosivas,WR,26.0,CIN,82.0,74,64,3.7,3.2,2.7,1,1,0,48,43,0,0.0%,0,0,0,0,0,0,0.00,5,0,0,0,0.00,0.00,1,14,0,1,0,1,8,22,22.0,22.0,1,0,0,27,0,NA,5,5,89.6%,NA,NA,NA,0,NA,1,2,0.500,1.0,26,4.0%,0.85,0,NA,NA,NA,NA,NA,0.038,NA,27,@ DEN,27,·,5.0,-1.3
4,11571,Isaiah Davis,RB,23.6,NYJ,49.0,49,52,4.7,3.7,2.7,1,1,0,63,21,0,0.0%,0,0,0,0,0,0,0.00,9,0,0,0,0.00,0.00,2,9,0,1,0,2,9,18,9.0,9.0,3,0,1,27,0,7,9,3,33.3%,1,2.30,0.333,1,0.563,2,5,0.400,2.0,NA,7.4%,NA,0,NA,NA,NA,NA,NA,NA,NA,27,@ MIA,4,·,2.4,2.3
4,8119,Jahan Dotson,WR,25.5,PHI,999.0,999,999,0,0,0,1,1,1,57,31,0,0.0%,0,0,0,0,0,0,0.00,0,0,0,0,0.00,0.00,0,0,0,0,0,0,0,0,0.0,0.0,0,0,0,0,0,NA,0,0,54.4%,NA,NA,NA,0,NA,0,0,NA,0.0,NA,NA,NA,0,NA,NA,NA,NA,NA,NA,NA,0,@ TB,16,·,3.3,-3.3
4,12523,Jimmy Horn,WR,23.0,CAR,0.0,0,0,0,0,0,0,0,0,0,0,0,0.0%,0,0,0,0,0,0,0.00,0,0,0,0,0.00,0.00,0,0,0,0,0,0,0,0,0.0,0.0,0,0,0,0,0,NA,0,0,NA,NA,NA,NA,0,NA,0,0,NA,NA,NA,NA,NA,0,NA,NA,NA,NA,NA,NA,NA,0,@ NE,7,·,DNP,DNP
4,7596,Elijah Moore,WR,25.5,BUF,999.0,999,999,0,0,0,1,1,0,59,18,0,0.0%,0,0,0,0,0,0,0.00,0,0,0,0,0.00,0.00,0,0,0,0,0,0,0,0,0.0,0.0,1,0,0,0,0,NA,0,0,30.5%,NA,NA,NA,0,NA,0,1,0.000,0.0,NA,NA,NA,0,NA,NA,NA,NA,NA,NA,NA,0,vs NO,19,OUT,1.0,-1.0
4,10218,Xavier Hutchinson,WR,25.3,HOU,81.0,83,85,3.7,2.7,1.7,1,1,1,71,48,0,0.0%,0,0,0,0,0,0,0.00,0,0,0,0,0.00,0.00,2,11,0,1,0,3,6,17,8.5,5.7,0,0,0,17,0,NA,0,0,67.6%,NA,NA,NA,0,NA,1,3,0.333,1.0,22,10.7%,0.77,0,NA,NA,NA,NA,NA,0.045,NA,17,vs TEN,9,·,3.2,0.5
4,12542,Efton Chism,WR,23.9,NE,0.0,0,0,0,0,0,0,0,0,0,0,0,0.0%,0,0,0,0,0,0,0.00,0,0,0,0,0.00,0.00,0,0,0,0,0,0,0,0,0.0,0.0,0,0,0,0,0,NA,0,0,NA,NA,NA,NA,0,NA,0,0,NA,NA,NA,NA,NA,0,NA,NA,NA,NA,NA,NA,NA,0,vs CAR,29,OUT,OUT,OUT
4,6151,Miles Sanders,RB,28.4,DAL,50.0,50,53,4.5,3.5,2.5,1,1,0,69,7,0,0.0%,0,0,0,0,0,0,0.00,8,0,0,0,0.00,0.00,2,-7,0,0,0,2,24,17,8.5,8.5,2,0,1,25,0,6,8,4,10.1%,2,3.20,1.000,1,1.320,1,4,0.250,1.0,NA,5.0%,NA,0,NA,NA,NA,NA,NA,NA,NA,25,vs GB,31,OUT,5.0,-0.5
4,5955,Hunter Renfrow,WR,29.8,CAR,87.0,92,99,3,2,1,1,1,1,69,34,0,0.0%,0,0,0,0,0,0,0.00,0,0,0,0,0.00,0.00,2,7,0,1,0,2,3,10,5.0,5.0,0,0,0,10,0,NA,0,0,49.3%,NA,NA,NA,0,NA,1,2,0.500,1.0,21,5.6%,0.48,0,NA,NA,NA,NA,NA,0.048,NA,10,@ NE,7,·,8.3,-5.3
4,6271,Olamide Zaccheaus,WR,28.2,CHI,41.0,45,53,9.1,6.6,4.1,1,1,0,68,41,0,0.0%,0,0,0,0,0,0,0.00,0,0,0,0,0.00,0.00,5,28,0,2,0,6,13,41,8.2,6.8,0,0,0,41,0,NA,0,0,60.3%,NA,NA,NA,0,NA,2,6,0.333,2.0,27,16.2%,1.52,0,NA,NA,NA,NA,NA,0.074,NA,41,@ LV,4,·,5.5,3.6
4,12485,Tez Johnson,WR,23.4,TB,98.0,97,93,2.3,1.8,1.3,1,1,1,72,23,0,0.0%,0,0,0,0,0,0,0.00,5,0,0,0,0.00,0.00,1,0,0,0,0,1,8,8,8.0,8.0,1,0,0,13,0,NA,5,5,31.9%,NA,NA,NA,0,NA,0,2,0.000,0.0,12,2.5%,0.67,0,NA,NA,NA,NA,NA,0.000,NA,13,vs PHI,15,·,2.2,0.1
4,6149,Darius Slayton,WR,28.7,NYG,52.0,51,50,7.4,5.9,4.4,1,1,1,76,66,0,0.0%,0,0,0,0,0,0,0.00,0,0,0,0,0.00,0.00,3,29,0,2,0,4,15,44,14.7,11.0,0,0,0,44,0,NA,0,0,86.8%,NA,NA,NA,0,NA,2,4,0.500,2.0,21,19.0%,2.10,0,NA,NA,NA,NA,NA,0.095,NA,44,vs LAC,25,Q,5.8,1.6
4,4040,JuJu Smith-Schuster,WR,28.8,KC,24.0,23,24,13.6,11.6,9.6,1,1,1,73,57,0,0.0%,0,0,0,0,0,0,0.00,0,0,0,0,0.00,0.00,4,11,0,2,1,6,25,36,9.0,6.0,0,0,0,36,0,NA,0,0,78.1%,NA,NA,NA,0,NA,3,6,0.500,3.0,31,16.2%,1.16,0,NA,NA,NA,NA,NA,0.065,NA,36,vs BAL,2,·,3.9,9.7
4,4219,Jeremy McNichols,RB,29.8,WAS,62.0,65,68,1.3,0.8,0.3,1,1,0,57,19,0,0.0%,0,0,0,0,0,0,0.00,3,0,0,0,0.00,0.00,1,-2,0,0,0,2,2,0,0.0,0.0,2,0,0,3,0,4,3,1.5,33.3%,1,1.90,0.500,0,0.690,0,4,0.000,0.0,NA,7.4%,NA,0,NA,NA,NA,NA,NA,NA,NA,3,@ ATL,32,·,8.1,-6.8
4,12500,Quinn Ewers,QB,22.4,MIA,0.0,0,0,0,0,0,0,0,0,0,0,0,0.0%,0,0,0,0,0,0,0.00,0,0,0,0,0.00,0.00,0,0,0,0,0,0,0,0,0.0,0.0,0,0,0,0,0,NA,0,0,NA,NA,NA,NA,0,NA,0,0,NA,NA,NA,NA,NA,0,NA,NA,NA,NA,NA,NA,NA,0,vs NYJ,6,OUT,OUT,OUT
4,12496,Tai Felton,WR,22.5,MIN,999.0,999,999,0,0,0,1,1,0,76,0,0,0.0%,0,0,0,0,0,0,0.00,0,0,0,0,0.00,0.00,0,0,0,0,0,0,0,0,0.0,0.0,0,0,0,0,0,NA,0,0,0.0%,NA,NA,NA,0,NA,0,0,NA,0.0,NA,NA,NA,0,NA,NA,NA,NA,NA,NA,NA,0,@ PIT,22,·,0.4,-0.4
4,2307,Marcus Mariota,QB,31.9,WAS,17.0,17,17,17.24,17.24,17.24,1,1,1,57,57,0,59.3%,133,27,16,6,11,1,84.80,176,2,2,156,5.78,9.75,0,0,0,0,0,0,0,0,0.0,0.0,2,0,1,20,0,NA,20,10,100.0%,NA,NA,NA,1,NA,9,29,NA,NA,NA,NA,NA,8,29.6%,2.85,18.5%,33.3%,12.8,NA,30,176,@ ATL,31,·,19.9,-2.7
4,12516,Kalel Mullings,RB,23.0,TEN,999.0,999,999,0,0,0,1,0,0,0,0,0,0.0%,0,0,0,0,0,0,0.00,0,0,0,0,0.00,0.00,0,0,0,0,0,0,0,0,0.0,0.0,0,0,0,0,0,NA,0,0,NA,NA,NA,NA,0,NA,0,0,NA,NA,NA,NA,NA,0,NA,NA,NA,NA,NA,NA,NA,0,@ HOU,20,IR,IR,IR
4,11821,Tahj Washington,WR,24.4,MIA,0.0,0,0,0,0,0,0,0,0,0,0,0,0.0%,0,0,0,0,0,0,0.00,0,0,0,0,0.00,0.00,0,0,0,0,0,0,0,0,0.0,0.0,0,0,0,0,0,NA,0,0,NA,NA,NA,NA,0,NA,0,0,NA,NA,NA,NA,NA,0,NA,NA,NA,NA,NA,NA,NA,0,vs NYJ,13,·,DNP,DNP
4,4993,Mike Gesicki,TE,30.0,CIN,49.0,48,46,1.8,1.3,0.8,1,1,0,48,27,0,0.0%,0,0,0,0,0,0,0.00,0,0,0,0,0.00,0.00,1,5,0,0,0,1,3,8,8.0,8.0,0,0,0,8,0,NA,0,0,56.3%,NA,NA,NA,0,NA,0,1,0.000,0.0,18,4.0%,0.44,0,NA,NA,NA,NA,NA,0.000,NA,8,@ DEN,24,·,4.6,-2.8
4,9497,Jalin Hyatt,WR,24.0,NYG,999.0,999,999,0,0,0,1,1,0,76,29,0,0.0%,0,0,0,0,0,0,0.00,0,0,0,0,0.00,0.00,0,0,0,0,0,0,0,0,0.0,0.0,0,0,0,0,0,NA,0,0,38.2%,NA,NA,NA,0,NA,0,0,NA,0.0,NA,NA,NA,0,NA,NA,NA,NA,NA,NA,NA,0,vs LAC,25,·,0.6,-0.6
4,11199,Emari Demercado,RB,26.7,ARI,36.0,32,31,10.1,9.1,8.1,1,1,0,67,26,0,0.0%,0,0,0,0,0,0,0.00,8,0,0,0,0.00,0.00,2,-8,0,0,1,2,21,13,6.5,6.5,2,0,0,21,0,5,8,4,38.8%,2,2.30,1.000,0,1.230,1,4,0.250,1.0,NA,4.9%,NA,0,NA,NA,NA,NA,NA,NA,NA,21,vs SEA,18,·,5.5,4.6
4,1689,Adam Thielen,WR,35.1,MIN,85.0,91,97,3.1,2.1,1.1,1,1,1,76,12,0,0.0%,0,0,0,0,0,0,0.00,0,0,0,0,0.00,0.00,2,11,0,2,0,2,0,11,5.5,5.5,0,0,0,11,0,NA,0,0,15.8%,NA,NA,NA,0,NA,2,2,1.000,2.0,11,4.3%,1.00,0,NA,NA,NA,NA,NA,0.182,NA,11,@ PIT,22,·,2.4,0.7
4,11435,Emanuel Wilson,RB,26.4,GB,30.0,30,32,11.1,9.6,8.1,1,1,0,83,25,0,0.0%,0,0,0,0,0,0,0.00,44,0,0,0,0.00,0.00,3,-13,0,2,0,3,50,37,12.3,12.3,8,0,3,81,0,31,44,5.5,30.1%,4,3.90,0.500,3,0.890,5,11,0.455,5.0,NA,7.0%,NA,0,NA,NA,NA,NA,NA,NA,NA,81,@ DAL,5,·,2.5,8.6
4,8161,Malik Willis,QB,26.3,GB,999.0,999,999,0,0,0,1,0,0,83,0,0,0.0%,0,0,0,0,0,0,0.00,0,0,0,0,0.00,0.00,0,0,0,0,0,0,0,0,0.0,0.0,0,0,0,0,0,NA,0,0,0.0%,NA,NA,NA,0,NA,0,0,NA,NA,NA,NA,NA,0,NA,NA,NA,NA,NA,NA,NA,0,@ DAL,1,·,DNP,DNP
4,8207,Tyler Goodson,RB,24.9,IND,68.0,69,999,1,0.5,0,1,1,0,61,4,0,0.0%,0,0,0,0,0,0,0.00,0,0,0,0,0.00,0.00,1,-1,0,0,0,1,1,0,0.0,0.0,0,0,0,0,0,0,0,0,6.6%,0,0.00,NA,0,NA,0,1,0.000,0.0,NA,3.0%,NA,0,NA,NA,NA,NA,NA,NA,NA,0,@ LAR,30,OUT,0.8,0.2
4,11640,Jermaine Burton,WR,24.2,CIN,0.0,0,0,0,0,0,0,0,0,0,0,0,0.0%,0,0,0,0,0,0,0.00,0,0,0,0,0.00,0.00,0,0,0,0,0,0,0,0,0.0,0.0,0,0,0,0,0,NA,0,0,NA,NA,NA,NA,0,NA,0,0,NA,NA,NA,NA,NA,0,NA,NA,NA,NA,NA,NA,NA,0,@ DEN,27,OUT,OUT,OUT
4,6039,Ty Johnson,RB,28.0,BUF,999.0,999,999,0,0,0,1,1,0,59,12,0,0.0%,0,0,0,0,0,0,0.00,0,0,0,0,0.00,0.00,0,0,0,0,0,0,0,0,0.0,0.0,1,0,0,0,0,NA,0,0,20.3%,NA,NA,NA,0,NA,0,1,0.000,0.0,NA,NA,NA,0,NA,NA,NA,NA,NA,NA,NA,0,vs NO,11,·,4.3,-4.3
4,8698,Jake Tonges,TE,26.2,SF,7.0,6,5,14.8,13.3,11.8,1,1,0,66,45,0,0.0%,0,0,0,0,0,0,0.00,0,0,0,0,0.00,0.00,3,29,0,2,1,5,29,58,19.3,11.6,0,0,0,58,0,NA,0,0,68.2%,NA,NA,NA,0,NA,3,5,0.600,3.0,26,13.2%,2.23,0,NA,NA,NA,NA,NA,0.077,NA,58,vs JAX,27,·,4.7,10.1
4,11599,Cade Stover,TE,25.3,HOU,999.0,999,999,0,0,0,1,0,0,0,0,0,0.0%,0,0,0,0,0,0,0.00,0,0,0,0,0.00,0.00,0,0,0,0,0,0,0,0,0.0,0.0,0,0,0,0,0,NA,0,0,NA,NA,NA,NA,0,NA,0,0,NA,NA,NA,NA,NA,0,NA,NA,NA,NA,NA,NA,NA,0,vs TEN,22,IR,IR,IR
4,7562,Tutu Atwell,WR,26.0,LAR,19.0,16,9,15.8,15.3,14.8,1,1,0,75,21,0,0.0%,0,0,0,0,0,0,0.00,0,0,0,0,0.00,0.00,1,28,0,0,1,2,60,88,88.0,44.0,0,0,0,88,0,NA,0,0,28.0%,NA,NA,NA,0,NA,1,2,0.500,1.0,17,4.9%,5.18,0,NA,NA,NA,NA,NA,0.000,NA,88,vs IND,5,·,3.7,12.1
4,11439,Jaleel McLaughlin,RB,25.0,DEN,0.0,0,0,0,0,0,0,0,0,0,0,0,0.0%,0,0,0,0,0,0,0.00,0,0,0,0,0.00,0.00,0,0,0,0,0,0,0,0,0.0,0.0,0,0,0,0,0,NA,0,0,NA,NA,NA,NA,0,NA,0,0,NA,NA,NA,NA,NA,0,NA,NA,NA,NA,NA,NA,NA,0,vs CIN,1,OUT,OUT,OUT
4,11619,Ja'Lynn Polk,WR,23.5,NO,999.0,999,999,0,0,0,1,0,0,0,0,0,0.0%,0,0,0,0,0,0,0.00,0,0,0,0,0.00,0.00,0,0,0,0,0,0,0,0,0.0,0.0,0,0,0,0,0,NA,0,0,NA,NA,NA,NA,0,NA,0,0,NA,NA,NA,NA,NA,0,NA,NA,NA,NA,NA,NA,NA,0,@ BUF,20,IR,IR,IR
4,8129,Dameon Pierce,RB,25.6,HOU,0.0,0,0,0,0,0,0,0,0,0,0,0,0.0%,0,0,0,0,0,0,0.00,0,0,0,0,0.00,0.00,0,0,0,0,0,0,0,0,0.0,0.0,0,0,0,0,0,NA,0,0,NA,NA,NA,NA,0,NA,0,0,NA,NA,NA,NA,NA,0,NA,NA,NA,NA,NA,NA,NA,0,vs TEN,3,·,DNP,DNP
4,9492,Trey Palmer,WR,24.5,NO,0.0,0,0,0,0,0,0,0,0,0,0,0,0.0%,0,0,0,0,0,0,0.00,0,0,0,0,0.00,0.00,0,0,0,0,0,0,0,0,0.0,0.0,0,0,0,0,0,NA,0,0,NA,NA,NA,NA,0,NA,0,0,NA,NA,NA,NA,NA,0,NA,NA,NA,NA,NA,NA,NA,0,@ BUF,20,IR,IR,IR
4,11616,Jacob Cowing,WR,24.6,SF,999.0,999,999,0,0,0,1,0,0,0,0,0,0.0%,0,0,0,0,0,0,0.00,0,0,0,0,0.00,0.00,0,0,0,0,0,0,0,0,0.0,0.0,0,0,0,0,0,NA,0,0,NA,NA,NA,NA,0,NA,0,0,NA,NA,NA,NA,NA,0,NA,NA,NA,NA,NA,NA,NA,0,vs JAX,24,IR,IR,IR
4,11834,Devaughn Vele,WR,27.8,NO,999.0,999,999,0,0,0,1,1,0,67,4,0,0.0%,0,0,0,0,0,0,0.00,0,0,0,0,0.00,0.00,0,0,0,0,0,0,0,0,0.0,0.0,0,0,0,0,0,NA,0,0,6.0%,NA,NA,NA,0,NA,0,0,NA,0.0,NA,NA,NA,0,NA,NA,NA,NA,NA,NA,NA,0,@ BUF,20,·,1.7,-1.7
4,2306,Jameis Winston,QB,31.7,NYG,0.0,0,0,0,0,0,0,0,0,0,0,0,0.0%,0,0,0,0,0,0,0.00,0,0,0,0,0.00,0.00,0,0,0,0,0,0,0,0,0.0,0.0,0,0,0,0,0,NA,0,0,NA,NA,NA,NA,0,NA,0,0,NA,NA,NA,NA,NA,0,NA,NA,NA,NA,NA,NA,NA,0,vs LAC,18,OUT,OUT,OUT
4,12472,Raheim Sanders,RB,23.3,CLE,0.0,0,0,0,0,0,0,0,0,0,0,0,0.0%,0,0,0,0,0,0,0.00,0,0,0,0,0.00,0.00,0,0,0,0,0,0,0,0,0.0,0.0,0,0,0,0,0,NA,0,0,NA,NA,NA,NA,0,NA,0,0,NA,NA,NA,NA,NA,0,NA,NA,NA,NA,NA,NA,NA,0,@ DET,26,OUT,OUT,OUT
4,5096,Ray-Ray McCloud,WR,29.0,ATL,114.0,115,115,0.3,-0.2,-0.7,1,1,0,65,23,0,0.0%,0,0,0,0,0,0,0.00,0,0,0,0,0.00,0.00,1,-7,1,0,0,2,0,-7,-7.0,-3.5,0,0,0,-7,0,NA,0,0,35.4%,NA,NA,NA,0,NA,0,2,0.000,0.0,10,7.7%,-0.70,0,NA,NA,NA,NA,NA,0.000,NA,-7,vs WAS,10,·,4.6,-4.3
4,8147,John Metchie,WR,25.2,PHI,88.0,94,100,3,2,1,1,1,0,57,5,0,0.0%,0,0,0,0,0,0,0.00,0,0,0,0,0.00,0.00,2,5,0,1,0,2,5,10,5.0,5.0,0,0,0,10,0,NA,0,0,8.8%,NA,NA,NA,0,NA,1,2,0.500,1.0,2,8.3%,5.00,0,NA,NA,NA,NA,NA,0.500,NA,10,@ TB,16,·,0.9,2.1
4,12462,Damien Martinez,RB,21.6,SEA,0.0,0,0,0,0,0,0,0,0,0,0,0,0.0%,0,0,0,0,0,0,0.00,0,0,0,0,0.00,0.00,0,0,0,0,0,0,0,0,0.0,0.0,0,0,0,0,0,NA,0,0,NA,NA,NA,NA,0,NA,0,0,NA,NA,NA,NA,NA,0,NA,NA,NA,NA,NA,NA,NA,0,@ ARI,12,·,DNP,DNP
4,9479,Darnell Washington,TE,24.1,PIT,30.0,32,34,5,3.5,2,1,1,1,53,48,0,0.0%,0,0,0,0,0,0,0.00,0,0,0,0,0.00,0.00,3,10,0,0,0,3,10,20,6.7,6.7,0,0,0,20,0,NA,0,0,90.6%,NA,NA,NA,0,NA,0,3,0.000,0.0,16,13.6%,1.25,0,NA,NA,NA,NA,NA,0.000,NA,20,vs MIN,14,·,1.5,3.5
4,4454,Kendrick Bourne,WR,30.2,SF,93.0,90,87,2.7,2.2,1.7,1,1,0,66,44,0,0.0%,0,0,0,0,0,0,0.00,0,0,0,0,0.00,0.00,1,16,3,1,0,4,1,17,17.0,4.3,0,0,0,17,0,NA,0,0,66.7%,NA,NA,NA,0,NA,1,4,0.250,1.0,27,10.5%,0.63,0,NA,NA,NA,NA,NA,0.037,NA,17,vs JAX,24,·,5.1,-2.4
4,6945,Antonio Gibson,RB,27.3,NE,39.0,35,30,8.7,8.7,8.7,1,1,0,49,9,0,0.0%,0,0,0,0,0,0,0.00,27,0,0,0,0.00,0.00,0,0,0,0,0,0,0,0,0.0,0.0,6,1,1,27,1,26,27,4.5,18.4%,1,4.40,0.167,2,0.607,2,6,0.333,2.0,NA,0.0%,NA,0,NA,NA,NA,NA,NA,NA,NA,27,vs CAR,16,OUT,5.9,2.8
4,7694,Tommy Tremble,TE,25.3,CAR,6.0,7,6,15.2,12.7,10.2,1,1,1,69,52,0,0.0%,0,0,0,0,0,0,0.00,0,0,0,0,0.00,0.00,5,17,0,1,1,8,25,42,8.4,5.3,0,0,0,42,0,NA,0,0,75.4%,NA,NA,NA,0,NA,2,8,0.250,2.0,25,22.2%,1.68,0,NA,NA,NA,NA,NA,0.040,NA,42,@ NE,5,·,5.4,9.8
4,12634,Jordan Watkins,WR,23.6,SF,0.0,0,0,0,0,0,0,0,0,0,0,0,0.0%,0,0,0,0,0,0,0.00,0,0,0,0,0.00,0.00,0,0,0,0,0,0,0,0,0.0,0.0,0,0,0,0,0,NA,0,0,NA,NA,NA,NA,0,NA,0,0,NA,NA,NA,NA,NA,0,NA,NA,NA,NA,NA,NA,NA,0,vs JAX,24,OUT,OUT,OUT
4,12520,Xavier Restrepo,WR,23.5,TEN,999.0,999,999,0,0,0,1,0,0,0,0,0,0.0%,0,0,0,0,0,0,0.00,0,0,0,0,0.00,0.00,0,0,0,0,0,0,0,0,0.0,0.0,0,0,0,0,0,NA,0,0,NA,NA,NA,NA,0,NA,0,0,NA,NA,NA,NA,NA,0,NA,NA,NA,NA,NA,NA,NA,0,@ HOU,26,·,DNP,DNP
4,6130,Devin Singletary,RB,28.1,NYG,55.0,53,51,2.8,2.8,2.8,1,1,0,76,19,0,0.0%,0,0,0,0,0,0,0.00,28,0,0,0,0.00,0.00,0,0,0,0,0,0,0,0,0.0,0.0,7,1,2,28,0,17,28,4,25.0%,0,2.40,0.000,2,0.240,2,7,0.286,2.0,NA,0.0%,NA,0,NA,NA,NA,NA,NA,NA,NA,28,vs LAC,25,·,7.0,-4.2
4,3271,Tyler Higbee,TE,32.7,LAR,32.0,31,31,4.5,3.5,2.5,1,1,1,75,41,0,0.0%,0,0,0,0,0,0,0.00,0,0,0,0,0.00,0.00,2,16,0,1,0,5,9,25,12.5,5.0,0,0,0,25,0,NA,0,0,54.7%,NA,NA,NA,0,NA,1,5,0.200,1.0,29,12.2%,0.86,0,NA,NA,NA,NA,NA,0.034,NA,25,vs IND,20,OUT,4.7,-0.2
4,5970,Greg Dortch,WR,27.3,ARI,46.0,50,54,7.9,5.9,3.9,1,1,1,67,43,0,0.0%,0,0,0,0,0,0,0.00,4,0,0,0,0.00,0.00,4,-5,1,2,0,5,40,35,8.8,7.0,1,0,0,39,0,NA,4,4,64.2%,NA,NA,NA,0,NA,2,6,0.333,2.0,32,12.2%,1.09,0,NA,NA,NA,NA,NA,0.063,NA,39,vs SEA,17,·,5.6,2.3
4,6943,Gabriel Davis,WR,26.5,BUF,999.0,999,999,0,0,0,1,0,0,0,0,0,0.0%,0,0,0,0,0,0,0.00,0,0,0,0,0.00,0.00,0,0,0,0,0,0,0,0,0.0,0.0,0,0,0,0,0,NA,0,0,NA,NA,NA,NA,0,NA,0,0,NA,NA,NA,NA,NA,0,NA,NA,NA,NA,NA,NA,NA,0,vs NO,19,OUT,OUT,OUT
4,4234,Noah Brown,WR,29.7,WAS,0.0,0,0,0,0,0,0,0,0,0,0,0,0.0%,0,0,0,0,0,0,0.00,0,0,0,0,0.00,0.00,0,0,0,0,0,0,0,0,0.0,0.0,0,0,0,0,0,NA,0,0,NA,NA,NA,NA,0,NA,0,0,NA,NA,NA,NA,NA,0,NA,NA,NA,NA,NA,NA,NA,0,@ ATL,30,OUT,OUT,OUT
4,1166,Kirk Cousins,QB,37.1,ATL,999.0,999,999,0,0,0,1,0,0,65,0,0,0.0%,0,0,0,0,0,0,0.00,0,0,0,0,0.00,0.00,0,0,0,0,0,0,0,0,0.0,0.0,0,0,0,0,0,NA,0,0,0.0%,NA,NA,NA,0,NA,0,0,NA,NA,NA,NA,NA,0,NA,NA,NA,NA,NA,NA,NA,0,vs WAS,8,·,DNP,DNP
4,12738,Phil Mafah,RB,22.9,DAL,999.0,999,999,0,0,0,1,0,0,0,0,0,0.0%,0,0,0,0,0,0,0.00,0,0,0,0,0.00,0.00,0,0,0,0,0,0,0,0,0.0,0.0,0,0,0,0,0,NA,0,0,NA,NA,NA,NA,0,NA,0,0,NA,NA,NA,NA,NA,0,NA,NA,NA,NA,NA,NA,NA,0,vs GB,31,IR,IR,IR
4,5010,Will Dissly,TE,29.2,LAC,0.0,0,0,0,0,0,0,0,0,0,0,0,0.0%,0,0,0,0,0,0,0.00,0,0,0,0,0.00,0.00,0,0,0,0,0,0,0,0,0.0,0.0,0,0,0,0,0,NA,0,0,NA,NA,NA,NA,0,NA,0,0,NA,NA,NA,NA,NA,0,NA,NA,NA,NA,NA,NA,NA,0,@ NYG,23,OUT,OUT,OUT
4,12539,Arian Smith,WR,24.0,NYJ,999.0,999,999,0,0,0,1,1,0,63,29,0,0.0%,0,0,0,0,0,0,0.00,0,0,0,0,0.00,0.00,0,0,0,0,0,0,0,0,0.0,0.0,0,0,0,0,0,NA,0,0,46.0%,NA,NA,NA,0,NA,0,0,NA,0.0,NA,NA,NA,0,NA,NA,NA,NA,NA,NA,NA,0,@ MIA,21,·,1.0,-1.0
4,12515,Donovan Edwards,RB,22.6,WAS,999.0,999,999,0,0,0,1,0,0,0,0,0,0.0%,0,0,0,0,0,0,0.00,0,0,0,0,0.00,0.00,0,0,0,0,0,0,0,0,0.0,0.0,0,0,0,0,0,NA,0,0,NA,NA,NA,NA,0,NA,0,0,NA,NA,NA,NA,NA,0,NA,NA,NA,NA,NA,NA,NA,0,@ ATL,32,·,DNP,DNP
4,8139,Zamir White,RB,26.0,LV,0.0,0,0,0,0,0,0,0,0,0,0,0,0.0%,0,0,0,0,0,0,0.00,0,0,0,0,0.00,0.00,0,0,0,0,0,0,0,0,0.0,0.0,0,0,0,0,0,NA,0,0,NA,NA,NA,NA,0,NA,0,0,NA,NA,NA,NA,NA,0,NA,NA,NA,NA,NA,NA,NA,0,vs CHI,7,·,DNP,DNP
4,10231,Elijah Higgins,TE,24.9,ARI,999.0,999,999,0,0,0,1,1,0,67,9,0,0.0%,0,0,0,0,0,0,0.00,0,0,0,0,0.00,0.00,0,0,0,0,0,0,0,0,0.0,0.0,0,0,0,0,0,NA,0,0,13.4%,NA,NA,NA,0,NA,0,0,NA,0.0,NA,NA,NA,0,NA,NA,NA,NA,NA,NA,NA,0,vs SEA,15,·,1.8,-1.8
4,8208,Tyler Badie,RB,25.6,DEN,58.0,60,62,2.1,1.6,1.1,1,1,0,81,8,0,0.0%,0,0,0,0,0,0,0.00,0,0,0,0,0.00,0.00,1,4,1,1,0,2,7,11,11.0,5.5,0,0,0,11,0,0,0,0,9.9%,0,0.00,NA,0,NA,1,2,0.500,1.0,NA,4.8%,NA,0,NA,NA,NA,NA,NA,NA,NA,11,vs CIN,1,·,1.5,0.6
4,10871,Luke Schoonmaker,TE,27.0,DAL,41.0,43,45,2.8,1.8,0.8,1,1,0,69,19,0,0.0%,0,0,0,0,0,0,0.00,0,0,0,0,0.00,0.00,2,4,0,0,0,2,4,8,4.0,4.0,0,0,0,8,0,NA,0,0,27.5%,NA,NA,NA,0,NA,0,2,0.000,0.0,9,5.0%,0.89,0,NA,NA,NA,NA,NA,0.000,NA,8,vs GB,17,·,2.9,-0.1
4,3200,Sterling Shepard,WR,32.6,TB,78.0,78,77,4,3,2,1,1,0,72,45,0,0.0%,0,0,0,0,0,0,0.00,6,0,0,0,0.00,0.00,2,9,0,0,0,4,5,14,7.0,3.5,1,0,0,20,0,NA,6,6,62.5%,NA,NA,NA,0,NA,0,5,0.000,0.0,29,10.0%,0.48,0,NA,NA,NA,NA,NA,0.000,NA,20,vs PHI,15,·,8.2,-4.2
4,7496,Nick Westbrook-Ikhine,WR,28.5,MIA,110.0,111,110,1.1,0.6,0.1,1,1,0,58,27,0,0.0%,0,0,0,0,0,0,0.00,0,0,0,0,0.00,0.00,1,-4,0,0,0,1,5,1,1.0,1.0,0,0,0,1,0,NA,0,0,46.6%,NA,NA,NA,0,NA,0,1,0.000,0.0,11,4.0%,0.09,0,NA,NA,NA,NA,NA,0.000,NA,1,vs NYJ,13,·,2.8,-1.7
4,11579,Audric Estime,RB,22.1,PHI,999.0,999,999,0,0,0,1,0,0,0,0,0,0.0%,0,0,0,0,0,0,0.00,0,0,0,0,0.00,0.00,0,0,0,0,0,0,0,0,0.0,0.0,0,0,0,0,0,NA,0,0,NA,NA,NA,NA,0,NA,0,0,NA,NA,NA,NA,NA,0,NA,NA,NA,NA,NA,NA,NA,0,@ TB,17,·,DNP,DNP
4,11370,Chris Brooks,RB,25.7,GB,66.0,67,70,1.1,0.6,0.1,1,1,0,83,5,0,0.0%,0,0,0,0,0,0,0.00,0,0,0,0,0.00,0.00,1,-5,0,0,0,1,6,1,1.0,1.0,0,0,0,1,0,0,0,0,6.0%,1,0.00,NA,0,NA,0,1,0.000,0.0,NA,2.3%,NA,0,NA,NA,NA,NA,NA,NA,NA,1,@ DAL,5,·,2.3,-1.2
4,11256,Tyson Bagent,QB,25.3,CHI,999.0,999,999,0,0,0,1,0,0,68,0,0,0.0%,0,0,0,0,0,0,0.00,0,0,0,0,0.00,0.00,0,0,0,0,0,0,0,0,0.0,0.0,0,0,0,0,0,NA,0,0,0.0%,NA,NA,NA,0,NA,0,0,NA,NA,NA,NA,NA,0,NA,NA,NA,NA,NA,NA,NA,0,@ LV,13,·,DNP,DNP
4,7601,Rondale Moore,WR,25.3,MIN,999.0,999,999,0,0,0,1,0,0,0,0,0,0.0%,0,0,0,0,0,0,0.00,0,0,0,0,0.00,0.00,0,0,0,0,0,0,0,0,0.0,0.0,0,0,0,0,0,NA,0,0,NA,NA,NA,NA,0,NA,0,0,NA,NA,NA,NA,NA,0,NA,NA,NA,NA,NA,NA,NA,0,@ PIT,22,IR,IR,IR
4,7561,Elijah Mitchell,RB,27.4,KC,0.0,0,0,0,0,0,0,0,0,0,0,0,0.0%,0,0,0,0,0,0,0.00,0,0,0,0,0.00,0.00,0,0,0,0,0,0,0,0,0.0,0.0,0,0,0,0,0,NA,0,0,NA,NA,NA,NA,0,NA,0,0,NA,NA,NA,NA,NA,0,NA,NA,NA,NA,NA,NA,NA,0,vs BAL,2,OUT,OUT,OUT
4,11592,Erick All,TE,25.0,CIN,999.0,999,999,0,0,0,1,0,0,0,0,0,0.0%,0,0,0,0,0,0,0.00,0,0,0,0,0.00,0.00,0,0,0,0,0,0,0,0,0.0,0.0,0,0,0,0,0,NA,0,0,NA,NA,NA,NA,0,NA,0,0,NA,NA,NA,NA,NA,0,NA,NA,NA,NA,NA,NA,NA,0,@ DEN,24,PUP,PUP,PUP
4,8123,Hassan Haskins,RB,25.8,LAC,999.0,999,999,0,0,0,1,1,0,63,5,0,0.0%,0,0,0,0,0,0,0.00,0,0,0,0,0.00,0.00,0,0,0,0,0,0,0,0,0.0,0.0,0,0,0,0,0,NA,0,0,7.9%,NA,NA,NA,0,NA,0,0,NA,0.0,NA,NA,NA,0,NA,NA,NA,NA,NA,NA,NA,0,@ NYG,6,·,6.2,-6.2
4,11633,Jamari Thrash,WR,24.8,CLE,999.0,999,999,0,0,0,1,1,0,67,28,0,0.0%,0,0,0,0,0,0,0.00,0,0,0,0,0.00,0.00,0,0,0,0,0,0,0,0,0.0,0.0,0,0,0,0,0,NA,0,0,41.8%,NA,NA,NA,0,NA,0,0,NA,0.0,NA,NA,NA,0,NA,NA,NA,NA,NA,NA,NA,0,@ DET,6,·,2.4,-2.4
4,5133,Tyler Conklin,TE,30.2,LAC,53.0,53,52,1.3,0.8,0.3,1,1,1,63,12,0,0.0%,0,0,0,0,0,0,0.00,0,0,0,0,0.00,0.00,1,-4,0,0,0,1,7,3,3.0,3.0,0,0,0,3,0,NA,0,0,19.0%,NA,NA,NA,0,NA,0,1,0.000,0.0,9,2.4%,0.33,0,NA,NA,NA,NA,NA,0.000,NA,3,@ NYG,23,·,3.0,-1.7
4,4082,Curtis Samuel,WR,29.1,BUF,103.0,103,104,1.9,1.4,0.9,1,1,0,59,20,0,0.0%,0,0,0,0,0,0,0.00,0,0,0,0,0.00,0.00,1,0,0,1,0,2,9,9,9.0,4.5,0,0,0,9,0,NA,0,0,33.9%,NA,NA,NA,0,NA,1,2,0.500,1.0,8,9.1%,1.13,0,NA,NA,NA,NA,NA,0.125,NA,9,vs NO,19,·,1.9,0.0
4,6865,Colby Parkinson,TE,26.7,LAR,34.0,35,36,3.7,2.7,1.7,1,1,0,75,21,0,0.0%,0,0,0,0,0,0,0.00,0,0,0,0,0.00,0.00,2,9,0,1,0,2,8,17,8.5,8.5,0,0,0,17,0,NA,0,0,28.0%,NA,NA,NA,0,NA,1,2,0.500,1.0,7,4.9%,2.43,0,NA,NA,NA,NA,NA,0.143,NA,17,vs IND,20,Q,1.2,2.5
4,11570,Rasheen Ali,RB,24.6,BAL,999.0,999,999,0,0,0,1,1,0,54,1,0,0.0%,0,0,0,0,0,0,0.00,0,0,0,0,0.00,0.00,0,0,0,0,0,0,0,0,0.0,0.0,0,0,0,0,0,NA,0,0,1.9%,NA,NA,NA,0,NA,0,0,NA,0.0,NA,NA,NA,0,NA,NA,NA,NA,NA,NA,NA,0,@ KC,22,·,DNP,DNP
4,7538,Zach Wilson,QB,26.2,MIA,999.0,999,999,0,0,0,1,0,0,58,0,0,0.0%,0,0,0,0,0,0,0.00,0,0,0,0,0.00,0.00,0,0,0,0,0,0,0,0,0.0,0.0,0,0,0,0,0,NA,0,0,0.0%,NA,NA,NA,0,NA,0,0,NA,NA,NA,NA,NA,0,NA,NA,NA,NA,NA,NA,NA,0,vs NYJ,6,·,DNP,DNP
4,11645,Javon Baker,WR,23.6,PHI,999.0,999,999,0,0,0,1,0,0,0,0,0,0.0%,0,0,0,0,0,0,0.00,0,0,0,0,0.00,0.00,0,0,0,0,0,0,0,0,0.0,0.0,0,0,0,0,0,NA,0,0,NA,NA,NA,NA,0,NA,0,0,NA,NA,NA,NA,NA,0,NA,NA,NA,NA,NA,NA,NA,0,@ TB,16,·,DNP,DNP
4,8162,Sam Howell,QB,25.0,PHI,0.0,0,0,0,0,0,0,0,0,0,0,0,0.0%,0,0,0,0,0,0,0.00,0,0,0,0,0.00,0.00,0,0,0,0,0,0,0,0,0.0,0.0,0,0,0,0,0,NA,0,0,NA,NA,NA,NA,0,NA,0,0,NA,NA,NA,NA,NA,0,NA,NA,NA,NA,NA,NA,NA,0,@ TB,4,OUT,OUT,OUT
4,2374,Tyler Lockett,WR,33.0,TEN,999.0,999,999,0,0,0,1,1,0,50,36,0,0.0%,0,0,0,0,0,0,0.00,0,0,0,0,0.00,0.00,0,0,0,0,0,4,0,0,0.0,0.0,0,0,0,0,0,NA,0,0,72.0%,NA,NA,NA,0,NA,0,4,0.000,0.0,NA,NA,NA,0,NA,NA,NA,NA,NA,NA,NA,0,@ HOU,26,·,3.1,-3.1
4,7610,Trey Lance,QB,25.4,LAC,999.0,999,999,0,0,0,1,0,0,63,0,0,0.0%,0,0,0,0,0,0,0.00,0,0,0,0,0.00,0.00,0,0,0,0,0,0,0,0,0.0,0.0,0,0,0,0,0,NA,0,0,0.0%,NA,NA,NA,0,NA,0,0,NA,NA,NA,NA,NA,0,NA,NA,NA,NA,NA,NA,NA,0,@ NYG,14,·,DNP,DNP
4,8225,Daniel Bellinger,TE,25.0,NYG,46.0,44,41,2.3,1.8,1.3,1,1,0,76,24,0,0.0%,0,0,0,0,0,0,0.00,0,0,0,0,0.00,0.00,1,10,0,1,0,1,3,13,13.0,13.0,0,0,0,13,0,NA,0,0,31.6%,NA,NA,NA,0,NA,1,1,1.000,1.0,8,4.8%,1.63,0,NA,NA,NA,NA,NA,0.125,NA,13,vs LAC,26,·,1.4,0.9
4,1234,Russell Wilson,QB,36.8,NYG,35.0,35,35,0.32,0.32,0.32,1,1,0,76,2,1,100.0%,-5,1,1,0,0,0,100.00,8,1,0,8,8.00,8.00,0,0,0,0,0,0,0,0,0.0,0.0,0,0,0,0,0,NA,0,0,2.6%,NA,NA,NA,0,NA,0,1,NA,NA,NA,NA,NA,0,0.0%,1.22,0.0%,50.0%,-3.6,NA,2,8,vs LAC,18,·,DNP,DNP
4,8160,Kenny Pickett,QB,27.3,LV,999.0,999,999,0,0,0,1,0,0,52,0,0,0.0%,0,0,0,0,0,0,0.00,0,0,0,0,0.00,0.00,0,0,0,0,0,0,0,0,0.0,0.0,0,0,0,0,0,NA,0,0,0.0%,NA,NA,NA,0,NA,0,0,NA,NA,NA,NA,NA,0,NA,NA,NA,NA,NA,NA,NA,0,vs CHI,15,·,DNP,DNP
4,8230,Ty Chandler,RB,27.4,MIN,999.0,999,999,0,0,0,1,0,0,0,0,0,0.0%,0,0,0,0,0,0,0.00,0,0,0,0,0.00,0.00,0,0,0,0,0,0,0,0,0.0,0.0,0,0,0,0,0,NA,0,0,NA,NA,NA,NA,0,NA,0,0,NA,NA,NA,NA,NA,0,NA,NA,NA,NA,NA,NA,NA,0,@ PIT,23,IR,IR,IR
4,7595,Tylan Wallace,WR,26.4,BAL,96.0,95,90,2.4,1.9,1.4,1,1,0,54,22,0,0.0%,0,0,0,0,0,0,0.00,0,0,0,0,0.00,0.00,1,11,0,1,0,2,3,14,14.0,7.0,0,0,0,14,0,NA,0,0,40.7%,NA,NA,NA,0,NA,1,2,0.500,1.0,13,6.1%,1.08,0,NA,NA,NA,NA,NA,0.077,NA,14,@ KC,31,·,2.7,-0.3
4,10225,Jonathan Mingo,WR,24.4,DAL,999.0,999,999,0,0,0,1,0,0,0,0,0,0.0%,0,0,0,0,0,0,0.00,0,0,0,0,0.00,0.00,0,0,0,0,0,0,0,0,0.0,0.0,0,0,0,0,0,NA,0,0,NA,NA,NA,NA,0,NA,0,0,NA,NA,NA,NA,NA,0,NA,NA,NA,NA,NA,NA,NA,0,vs GB,28,IR,IR,IR
4,10867,Jake Bobo,WR,27.2,SEA,92.0,89,86,2.7,2.2,1.7,1,1,0,66,10,0,0.0%,0,0,0,0,0,0,0.00,0,0,0,0,0.00,0.00,1,13,0,1,0,1,4,17,17.0,17.0,0,0,0,17,0,NA,0,0,15.2%,NA,NA,NA,0,NA,1,1,1.000,1.0,2,3.8%,8.50,0,NA,NA,NA,NA,NA,0.500,NA,17,@ ARI,14,·,0.6,2.1
4,12470,Riley Leonard,QB,23.0,IND,0.0,0,0,0,0,0,0,0,0,0,0,0,0.0%,0,0,0,0,0,0,0.00,0,0,0,0,0.00,0.00,0,0,0,0,0,0,0,0,0.0,0.0,0,0,0,0,0,NA,0,0,NA,NA,NA,NA,0,NA,0,0,NA,NA,NA,NA,NA,0,NA,NA,NA,NA,NA,NA,NA,0,@ LAR,17,OUT,OUT,OUT
4,6828,AJ Dillon,RB,27.4,PHI,61.0,59,58,1.7,1.7,1.7,1,1,0,57,8,0,0.0%,0,0,0,0,0,0,0.00,17,0,0,0,0.00,0.00,0,0,0,0,0,0,0,0,0.0,0.0,3,0,1,17,0,7,17,5.67,14.0%,0,2.30,0.000,1,0.230,1,3,0.333,1.0,NA,0.0%,NA,0,NA,NA,NA,NA,NA,NA,NA,17,@ TB,17,·,1.3,0.4
4,10214,Davis Allen,TE,24.6,LAR,55.0,55,999,1,0.5,0,1,1,0,75,22,0,0.0%,0,0,0,0,0,0,0.00,0,0,0,0,0.00,0.00,1,-1,0,0,0,1,1,0,0.0,0.0,0,0,0,0,0,NA,0,0,29.3%,NA,NA,NA,0,NA,0,1,0.000,0.0,5,2.4%,0.00,0,NA,NA,NA,NA,NA,0.000,NA,0,vs IND,20,·,2.3,-1.3
4,4080,Zay Jones,WR,30.5,ARI,0.0,0,0,0,0,0,0,0,0,0,0,0,0.0%,0,0,0,0,0,0,0.00,0,0,0,0,0.00,0.00,0,0,0,0,0,0,0,0,0.0,0.0,0,0,0,0,0,NA,0,0,NA,NA,NA,NA,0,NA,0,0,NA,NA,NA,NA,NA,0,NA,NA,NA,NA,NA,NA,NA,0,vs SEA,17,·,DNP,DNP
4,12718,Konata Mumpfield,WR,22.9,LAR,999.0,999,999,0,0,0,1,1,0,75,8,0,0.0%,0,0,0,0,0,0,0.00,0,0,0,0,0.00,0.00,0,0,0,0,0,0,0,0,0.0,0.0,0,0,0,0,0,NA,0,0,10.7%,NA,NA,NA,0,NA,0,0,NA,0.0,NA,NA,NA,0,NA,NA,NA,NA,NA,NA,NA,0,vs IND,5,·,DNP,DNP
4,3286,Demarcus Robinson,WR,31.0,SF,86.0,84,78,3,2.5,2,1,1,0,66,25,0,0.0%,0,0,0,0,0,0,0.00,0,0,0,0,0.00,0.00,1,20,0,1,0,2,0,20,20.0,10.0,0,0,0,20,0,NA,0,0,37.9%,NA,NA,NA,0,NA,1,2,0.500,1.0,12,5.3%,1.67,0,NA,NA,NA,NA,NA,0.083,NA,20,vs JAX,24,·,DNP,DNP
4,11617,Malachi Corley,WR,23.5,CLE,999.0,999,999,0,0,0,1,0,0,0,0,0,0.0%,0,0,0,0,0,0,0.00,0,0,0,0,0.00,0.00,0,0,0,0,0,0,0,0,0.0,0.0,0,0,0,0,0,NA,0,0,NA,NA,NA,NA,0,NA,0,0,NA,NA,NA,NA,NA,0,NA,NA,NA,NA,NA,NA,NA,0,@ DET,6,·,DNP,DNP
4,7568,Brevin Jordan,TE,25.2,HOU,999.0,999,999,0,0,0,1,0,0,0,0,0,0.0%,0,0,0,0,0,0,0.00,0,0,0,0,0.00,0.00,0,0,0,0,0,0,0,0,0.0,0.0,0,0,0,0,0,NA,0,0,NA,NA,NA,NA,0,NA,0,0,NA,NA,NA,NA,NA,0,NA,NA,NA,NA,NA,NA,NA,0,vs TEN,22,IR,IR,IR
4,8172,Greg Dulcich,TE,25.5,MIA,999.0,999,999,0,0,0,1,0,0,0,0,0,0.0%,0,0,0,0,0,0,0.00,0,0,0,0,0.00,0.00,0,0,0,0,0,0,0,0,0.0,0.0,0,0,0,0,0,NA,0,0,NA,NA,NA,NA,0,NA,0,0,NA,NA,NA,NA,NA,0,NA,NA,NA,NA,NA,NA,NA,0,vs NYJ,7,·,DNP,DNP
4,8254,Julius Chestnut,RB,24.9,TEN,999.0,999,999,0,0,0,1,1,0,50,7,0,0.0%,0,0,0,0,0,0,0.00,0,0,0,0,0.00,0.00,0,0,0,0,0,1,0,0,0.0,0.0,1,0,0,0,0,NA,0,0,14.0%,NA,NA,NA,0,NA,0,2,0.000,0.0,NA,NA,NA,0,NA,NA,NA,NA,NA,NA,NA,0,@ HOU,20,·,3.7,-3.7
4,9230,Tanner McKee,QB,25.4,PHI,999.0,999,999,0,0,0,1,0,0,57,0,0,0.0%,0,0,0,0,0,0,0.00,0,0,0,0,0.00,0.00,0,0,0,0,0,0,0,0,0.0,0.0,0,0,0,0,0,NA,0,0,0.0%,NA,NA,NA,0,NA,0,0,NA,NA,NA,NA,NA,0,NA,NA,NA,NA,NA,NA,NA,0,@ TB,4,·,DNP,DNP
4,6960,Tyler Johnson,WR,27.1,NYJ,0.0,0,0,0,0,0,0,0,0,0,0,0,0.0%,0,0,0,0,0,0,0.00,0,0,0,0,0.00,0.00,0,0,0,0,0,0,0,0,0.0,0.0,0,0,0,0,0,NA,0,0,NA,NA,NA,NA,0,NA,0,0,NA,NA,NA,NA,NA,0,NA,NA,NA,NA,NA,NA,NA,0,@ MIA,21,·,DNP,DNP
4,11595,Jared Wiley,TE,24.9,KC,0.0,0,0,0,0,0,0,0,0,0,0,0,0.0%,0,0,0,0,0,0,0.00,0,0,0,0,0.00,0.00,0,0,0,0,0,0,0,0,0.0,0.0,0,0,0,0,0,NA,0,0,NA,NA,NA,NA,0,NA,0,0,NA,NA,NA,NA,NA,0,NA,NA,NA,NA,NA,NA,NA,0,vs BAL,10,OUT,OUT,OUT
4,9227,Israel Abanikanda,RB,23.0,FA,0.0,0,0,0,0,0,0,0,0,0,0,0,0.0%,0,0,0,0,0,0,0.00,0,0,0,0,0.00,0.00,0,0,0,0,0,0,0,0,0.0,0.0,0,0,0,0,0,NA,0,0,NA,NA,NA,NA,0,NA,0,0,NA,NA,NA,NA,NA,0,NA,NA,NA,NA,NA,NA,NA,0,NA,,·,DNP,DNP
4,6938,Cam Akers,RB,26.3,FA,999.0,999,999,0,0,0,1,1,0,76,0,0,0.0%,0,0,0,0,0,0,0.00,0,0,0,0,0.00,0.00,0,0,0,0,0,0,0,0,0.0,0.0,0,0,0,0,0,NA,0,0,0.0%,NA,NA,NA,0,NA,0,0,NA,0.0,NA,NA,NA,0,NA,NA,NA,NA,NA,NA,NA,0,NA,,·,DNP,DNP
4,2197,Brandin Cooks,WR,32.0,NO,67.0,69,74,5.2,3.7,2.2,1,1,1,67,60,0,0.0%,0,0,0,0,0,0,0.00,0,0,0,0,0.00,0.00,3,16,1,1,0,4,6,22,7.3,5.5,0,0,0,22,0,NA,0,0,89.6%,NA,NA,NA,0,NA,1,4,0.250,1.0,30,14.3%,0.73,0,NA,NA,NA,NA,NA,0.033,NA,22,@ BUF,20,·,4.2,1.0
4,7891,Brock Wright,TE,26.8,DET,999.0,999,999,0,0,0,1,1,0,60,24,0,0.0%,0,0,0,0,0,0,0.00,0,0,0,0,0.00,0.00,0,0,0,0,0,0,0,0,0.0,0.0,0,0,0,0,0,NA,0,0,40.0%,NA,NA,NA,0,NA,0,0,NA,0.0,NA,NA,NA,0,NA,NA,NA,NA,NA,NA,NA,0,vs CLE,19,·,0.9,-0.9
4,11748,Bub Means,WR,24.7,NO,999.0,999,999,0,0,0,1,0,0,0,0,0,0.0%,0,0,0,0,0,0,0.00,0,0,0,0,0.00,0.00,0,0,0,0,0,0,0,0,0.0,0.0,0,0,0,0,0,NA,0,0,NA,NA,NA,NA,0,NA,0,0,NA,NA,NA,NA,NA,0,NA,NA,NA,NA,NA,NA,NA,0,@ BUF,20,IR,IR,IR
4,6869,Adam Trautman,TE,28.6,DEN,29.0,29,25,5.2,4.2,3.2,1,1,1,81,42,0,0.0%,0,0,0,0,0,0,0.00,0,0,0,0,0.00,0.00,2,7,0,1,0,3,25,32,16.0,10.7,0,0,0,32,0,NA,0,0,51.9%,NA,NA,NA,0,NA,1,3,0.333,1.0,9,7.1%,3.56,0,NA,NA,NA,NA,NA,0.111,NA,32,vs CIN,1,·,2.2,3.0
4,8204,Bo Melton,WR,26.2,GB,999.0,999,999,0,0,0,1,1,0,83,0,0,0.0%,0,0,0,0,0,0,0.00,0,0,0,0,0.00,0.00,0,0,0,0,0,0,0,0,0.0,0.0,0,0,0,0,0,NA,0,0,0.0%,NA,NA,NA,0,NA,0,0,NA,0.0,NA,NA,NA,0,NA,NA,NA,NA,NA,NA,NA,0,@ DAL,1,·,DNP,DNP
4,1837,Jimmy Garoppolo,QB,33.9,LAR,999.0,999,999,0,0,0,1,0,0,75,0,0,0.0%,0,0,0,0,0,0,0.00,0,0,0,0,0.00,0.00,0,0,0,0,0,0,0,0,0.0,0.0,0,0,0,0,0,NA,0,0,0.0%,NA,NA,NA,0,NA,0,0,NA,NA,NA,NA,NA,0,NA,NA,NA,NA,NA,NA,NA,0,vs IND,22,·,DNP,DNP
4,11615,Ainias Smith,WR,24.3,CAR,999.0,999,999,0,0,0,1,0,0,0,0,0,0.0%,0,0,0,0,0,0,0.00,0,0,0,0,0.00,0.00,0,0,0,0,0,0,0,0,0.0,0.0,0,0,0,0,0,NA,0,0,NA,NA,NA,NA,0,NA,0,0,NA,NA,NA,NA,NA,0,NA,NA,NA,NA,NA,NA,NA,0,@ NE,7,·,DNP,DNP
4,9999,Will Levis,QB,26.2,TEN,999.0,999,999,0,0,0,1,0,0,0,0,0,0.0%,0,0,0,0,0,0,0.00,0,0,0,0,0.00,0.00,0,0,0,0,0,0,0,0,0.0,0.0,0,0,0,0,0,NA,0,0,NA,NA,NA,NA,0,NA,0,0,NA,NA,NA,NA,NA,0,NA,NA,NA,NA,NA,NA,NA,0,@ HOU,32,IR,IR,IR
4,8168,Skyy Moore,WR,25.0,SF,999.0,999,999,0,0,0,1,1,0,66,8,0,0.0%,0,0,0,0,0,0,0.00,0,0,0,0,0.00,0.00,0,0,0,0,0,1,0,0,0.0,0.0,0,0,0,0,0,NA,0,0,12.1%,NA,NA,NA,0,NA,0,1,0.000,0.0,NA,NA,NA,0,NA,NA,NA,NA,NA,NA,NA,0,vs JAX,24,·,0.3,-0.3
4,10866,Aidan O'Connell,QB,27.1,LV,999.0,999,999,0,0,0,1,0,0,0,0,0,0.0%,0,0,0,0,0,0,0.00,0,0,0,0,0.00,0.00,0,0,0,0,0,0,0,0,0.0,0.0,0,0,0,0,0,NA,0,0,NA,NA,NA,NA,0,NA,0,0,NA,NA,NA,NA,NA,0,NA,NA,NA,NA,NA,NA,NA,0,vs CHI,15,IR,IR,IR
4,8145,Jeremy Ruckert,TE,25.1,NYJ,38.0,34,33,3.3,2.8,2.3,1,1,1,63,25,0,0.0%,0,0,0,0,0,0,0.00,0,0,0,0,0.00,0.00,1,3,0,1,0,1,20,23,23.0,23.0,0,0,0,23,0,NA,0,0,39.7%,NA,NA,NA,0,NA,1,1,1.000,1.0,5,3.7%,4.60,0,NA,NA,NA,NA,NA,0.200,NA,23,@ MIA,6,·,1.9,1.4
4,11649,Kendall Milton,RB,23.6,CIN,999.0,999,999,0,0,0,1,0,0,0,0,0,0.0%,0,0,0,0,0,0,0.00,0,0,0,0,0.00,0.00,0,0,0,0,0,0,0,0,0.0,0.0,0,0,0,0,0,NA,0,0,NA,NA,NA,NA,0,NA,0,0,NA,NA,NA,NA,NA,0,NA,NA,NA,NA,NA,NA,NA,0,@ DEN,19,·,DNP,DNP
4,11895,Mason Tipton,WR,25.0,NO,999.0,999,999,0,0,0,1,1,0,67,5,0,0.0%,0,0,0,0,0,0,0.00,0,0,0,0,0.00,0.00,0,0,0,0,0,0,0,0,0.0,0.0,0,0,0,0,0,NA,0,0,7.5%,NA,NA,NA,0,NA,0,0,NA,0.0,NA,NA,NA,0,NA,NA,NA,NA,NA,NA,NA,0,@ BUF,20,·,DNP,DNP
4,11574,Dylan Laube,RB,25.8,LV,999.0,999,999,0,0,0,1,1,0,52,0,0,0.0%,0,0,0,0,0,0,0.00,0,0,0,0,0.00,0.00,0,0,0,0,0,0,0,0,0.0,0.0,0,0,0,0,0,NA,0,0,0.0%,NA,NA,NA,0,NA,0,0,NA,0.0,NA,NA,NA,0,NA,NA,NA,NA,NA,NA,NA,0,vs CHI,7,·,2.0,-2.0
4,8177,Grant Calcaterra,TE,26.8,PHI,43.0,41,39,2.6,2.1,1.6,1,1,0,57,28,0,0.0%,0,0,0,0,0,0,0.00,0,0,0,0,0.00,0.00,1,4,0,1,0,2,12,16,16.0,8.0,0,0,0,16,0,NA,0,0,49.1%,NA,NA,NA,0,NA,1,2,0.500,1.0,8,8.3%,2.00,0,NA,NA,NA,NA,NA,0.125,NA,16,@ TB,8,OUT,1.0,1.6
4,5854,Drew Lock,QB,28.9,SEA,999.0,999,999,0,0,0,1,0,0,66,0,0,0.0%,0,0,0,0,0,0,0.00,0,0,0,0,0.00,0.00,0,0,0,0,0,0,0,0,0.0,0.0,0,0,0,0,0,NA,0,0,0.0%,NA,NA,NA,0,NA,0,0,NA,NA,NA,NA,NA,0,NA,NA,NA,NA,NA,NA,NA,0,@ ARI,25,·,DNP,DNP
4,4171,Josh Reynolds,WR,30.6,NYJ,999.0,999,999,0,0,0,1,1,0,63,42,0,0.0%,0,0,0,0,0,0,0.00,0,0,0,0,0.00,0.00,0,0,0,0,0,2,0,0,0.0,0.0,0,0,0,0,0,NA,0,0,66.7%,NA,NA,NA,0,NA,0,2,0.000,0.0,NA,NA,NA,0,NA,NA,NA,NA,NA,NA,NA,0,@ MIA,21,·,5.0,-5.0
4,11299,Zavier Scott,RB,26.2,MIN,18.0,20,27,16.4,13.4,10.4,1,1,0,76,29,0,0.0%,0,0,0,0,0,0,0.00,1,0,0,0,0.00,0.00,6,22,0,2,1,8,21,43,7.2,5.4,2,1,0,44,0,7,1,0.5,38.2%,1,3.30,0.500,0,0.830,3,10,0.300,3.0,NA,17.4%,NA,0,NA,NA,NA,NA,NA,NA,NA,44,@ PIT,23,·,5.2,11.2
4,4177,Mack Hollins,WR,32.0,NE,51.0,43,36,7.4,6.9,6.4,1,1,0,49,24,0,0.0%,0,0,0,0,0,0,0.00,0,0,0,0,0.00,0.00,1,4,0,0,1,1,0,4,4.0,4.0,0,0,0,4,0,NA,0,0,49.0%,NA,NA,NA,0,NA,1,1,1.000,1.0,8,5.6%,0.50,0,NA,NA,NA,NA,NA,0.000,NA,4,vs CAR,29,·,4.2,3.2
4,12699,LaJohntay Wester,WR,23.5,BAL,999.0,999,999,0,0,0,1,1,0,54,2,0,0.0%,0,0,0,0,0,0,0.00,0,0,0,0,0.00,0.00,0,0,0,0,0,0,0,0,0.0,0.0,0,0,0,0,0,NA,0,0,3.7%,NA,NA,NA,0,NA,0,0,NA,0.0,NA,NA,NA,0,NA,NA,NA,NA,NA,NA,NA,0,@ KC,31,·,DNP,DNP
4,11573,Frank Gore Jr.,RB,23.5,BUF,999.0,999,999,0,0,0,1,0,0,0,0,0,0.0%,0,0,0,0,0,0,0.00,0,0,0,0,0.00,0.00,0,0,0,0,0,0,0,0,0.0,0.0,0,0,0,0,0,NA,0,0,NA,NA,NA,NA,0,NA,0,0,NA,NA,NA,NA,NA,0,NA,NA,NA,NA,NA,NA,NA,0,vs NO,11,·,DNP,DNP
4,10216,Kenny McIntosh,RB,25.6,SEA,999.0,999,999,0,0,0,1,0,0,0,0,0,0.0%,0,0,0,0,0,0,0.00,0,0,0,0,0.00,0.00,0,0,0,0,0,0,0,0,0.0,0.0,0,0,0,0,0,NA,0,0,NA,NA,NA,NA,0,NA,0,0,NA,NA,NA,NA,NA,0,NA,NA,NA,NA,NA,NA,NA,0,@ ARI,12,IR,IR,IR
4,12715,Thomas Fidone,TE,23.0,NYG,0.0,0,0,0,0,0,0,0,0,0,0,0,0.0%,0,0,0,0,0,0,0.00,0,0,0,0,0.00,0.00,0,0,0,0,0,0,0,0,0.0,0.0,0,0,0,0,0,NA,0,0,NA,NA,NA,NA,0,NA,0,0,NA,NA,NA,NA,NA,0,NA,NA,NA,NA,NA,NA,NA,0,vs LAC,26,·,DNP,DNP
4,9505,Deuce Vaughn,RB,23.9,DEN,999.0,999,999,0,0,0,1,0,0,0,0,0,0.0%,0,0,0,0,0,0,0.00,0,0,0,0,0.00,0.00,0,0,0,0,0,0,0,0,0.0,0.0,0,0,0,0,0,NA,0,0,NA,NA,NA,NA,0,NA,0,0,NA,NA,NA,NA,NA,0,NA,NA,NA,NA,NA,NA,NA,0,vs CIN,1,·,DNP,DNP
4,5973,Josh Oliver,TE,28.5,MIN,999.0,999,999,0,0,0,1,1,0,76,21,0,0.0%,0,0,0,0,0,0,0.00,0,0,0,0,0.00,0.00,0,0,0,0,0,1,0,0,0.0,0.0,0,0,0,0,0,NA,0,0,27.6%,NA,NA,NA,0,NA,0,1,0.000,0.0,9,2.2%,0.00,0,NA,NA,NA,NA,NA,0.000,NA,0,@ PIT,16,·,2.1,-2.1
4,10234,Derius Davis,WR,25.0,LAC,0.0,0,0,0,0,0,0,0,0,0,0,0,0.0%,0,0,0,0,0,0,0.00,0,0,0,0,0.00,0.00,0,0,0,0,0,0,0,0,0.0,0.0,0,0,0,0,0,NA,0,0,NA,NA,NA,NA,0,NA,0,0,NA,NA,NA,NA,NA,0,NA,NA,NA,NA,NA,NA,NA,0,@ NYG,3,OUT,OUT,OUT
4,6011,Gardner Minshew,QB,29.4,KC,38.0,38,38,-0.3,-0.3,-0.3,1,1,0,73,6,0,0.0%,0,0,0,0,0,0,0.00,-3,0,0,0,0.00,0.00,0,0,0,0,0,0,0,0,0.0,0.0,2,0,0,-3,0,NA,-3,-1.5,8.2%,NA,NA,NA,0,NA,0,2,NA,NA,NA,NA,NA,0,NA,NA,NA,NA,NA,NA,NA,-3,vs BAL,2,·,DNP,DNP
4,11636,Johnny Wilson,WR,24.5,PHI,999.0,999,999,0,0,0,1,0,0,0,0,0,0.0%,0,0,0,0,0,0,0.00,0,0,0,0,0.00,0.00,0,0,0,0,0,0,0,0,0.0,0.0,0,0,0,0,0,NA,0,0,NA,NA,NA,NA,0,NA,0,0,NA,NA,NA,NA,NA,0,NA,NA,NA,NA,NA,NA,NA,0,@ TB,16,IR,IR,IR
4,5185,Allen Lazard,WR,29.8,NYJ,104.0,104,105,1.8,1.3,0.8,1,1,0,63,27,0,0.0%,0,0,0,0,0,0,0.00,0,0,0,0,0.00,0.00,1,5,0,0,0,1,3,8,8.0,8.0,0,0,0,8,0,NA,0,0,42.9%,NA,NA,NA,0,NA,0,1,0.000,0.0,14,3.7%,0.57,0,NA,NA,NA,NA,NA,0.000,NA,8,@ MIA,21,Q,0.9,0.9
4,7593,Trey Sermon,RB,26.7,PIT,999.0,999,999,0,0,0,1,1,0,53,0,0,0.0%,0,0,0,0,0,0,0.00,0,0,0,0,0.00,0.00,0,0,0,0,0,0,0,0,0.0,0.0,0,0,0,0,0,NA,0,0,0.0%,NA,NA,NA,0,NA,0,0,NA,0.0,NA,NA,NA,0,NA,NA,NA,NA,NA,NA,NA,0,vs MIN,15,·,DNP,DNP
4,4147,Samaje Perine,RB,30.0,CIN,70.0,70,66,0.4,0.4,0.4,1,1,0,48,15,0,0.0%,0,0,0,0,0,0,0.00,4,0,0,0,0.00,0.00,0,0,0,0,0,1,0,0,0.0,0.0,1,0,0,4,0,NA,4,4,31.3%,NA,NA,NA,0,NA,0,2,0.000,0.0,NA,NA,NA,0,NA,NA,NA,NA,NA,NA,NA,4,@ DEN,19,·,4.0,-3.6
4,8135,Treylon Burks,WR,25.5,TEN,999.0,999,999,0,0,0,1,0,0,0,0,0,0.0%,0,0,0,0,0,0,0.00,0,0,0,0,0.00,0.00,0,0,0,0,0,0,0,0,0.0,0.0,0,0,0,0,0,NA,0,0,NA,NA,NA,NA,0,NA,0,0,NA,NA,NA,NA,NA,0,NA,NA,NA,NA,NA,NA,NA,0,@ HOU,26,IR,IR,IR
4,8118,David Bell,WR,24.8,CLE,999.0,999,999,0,0,0,1,0,0,0,0,0,0.0%,0,0,0,0,0,0,0.00,0,0,0,0,0.00,0.00,0,0,0,0,0,0,0,0,0.0,0.0,0,0,0,0,0,NA,0,0,NA,NA,NA,NA,0,NA,0,0,NA,NA,NA,NA,NA,0,NA,NA,NA,NA,NA,NA,NA,0,@ DET,6,PUP,PUP,PUP
4,4381,Taysom Hill,TE,35.1,NO,999.0,999,999,0,0,0,1,0,0,0,0,0,0.0%,0,0,0,0,0,0,0.00,0,0,0,0,0.00,0.00,0,0,0,0,0,0,0,0,0.0,0.0,0,0,0,0,0,NA,0,0,NA,NA,NA,NA,0,NA,0,0,NA,NA,NA,NA,NA,0,NA,NA,NA,NA,NA,NA,NA,0,@ BUF,30,·,DNP,DNP
4,10857,Stetson Bennett,QB,27.9,LAR,0.0,0,0,0,0,0,0,0,0,0,0,0,0.0%,0,0,0,0,0,0,0.00,0,0,0,0,0.00,0.00,0,0,0,0,0,0,0,0,0.0,0.0,0,0,0,0,0,NA,0,0,NA,NA,NA,NA,0,NA,0,0,NA,NA,NA,NA,NA,0,NA,NA,NA,NA,NA,NA,NA,0,vs IND,22,OUT,OUT,OUT
4,12494,Kyle McCord,QB,23.0,PHI,999.0,999,999,0,0,0,1,0,0,0,0,0,0.0%,0,0,0,0,0,0,0.00,0,0,0,0,0.00,0.00,0,0,0,0,0,0,0,0,0.0,0.0,0,0,0,0,0,NA,0,0,NA,NA,NA,NA,0,NA,0,0,NA,NA,NA,NA,NA,0,NA,NA,NA,NA,NA,NA,NA,0,@ TB,4,·,DNP,DNP
4,7083,Tyler Huntley,QB,27.6,BAL,999.0,999,999,0,0,0,1,0,0,0,0,0,0.0%,0,0,0,0,0,0,0.00,0,0,0,0,0.00,0.00,0,0,0,0,0,0,0,0,0.0,0.0,0,0,0,0,0,NA,0,0,NA,NA,NA,NA,0,NA,0,0,NA,NA,NA,NA,NA,0,NA,NA,NA,NA,NA,NA,NA,0,@ KC,30,·,DNP,DNP
4,5987,Alexander Mattison,RB,27.3,MIA,999.0,999,999,0,0,0,1,0,0,0,0,0,0.0%,0,0,0,0,0,0,0.00,0,0,0,0,0.00,0.00,0,0,0,0,0,0,0,0,0.0,0.0,0,0,0,0,0,NA,0,0,NA,NA,NA,NA,0,NA,0,0,NA,NA,NA,NA,NA,0,NA,NA,NA,NA,NA,NA,NA,0,vs NYJ,9,IR,IR,IR
4,5985,Foster Moreau,TE,28.4,NO,999.0,999,999,0,0,0,1,0,0,0,0,0,0.0%,0,0,0,0,0,0,0.00,0,0,0,0,0.00,0.00,0,0,0,0,0,0,0,0,0.0,0.0,0,0,0,0,0,NA,0,0,NA,NA,NA,NA,0,NA,0,0,NA,NA,NA,NA,NA,0,NA,NA,NA,NA,NA,NA,NA,0,@ BUF,30,·,DNP,DNP
4,6853,Van Jefferson,WR,29.2,TEN,108.0,108,109,1.6,1.1,0.6,1,1,0,50,19,0,0.0%,0,0,0,0,0,0,0.00,0,0,0,0,0.00,0.00,1,5,0,1,0,1,1,6,6.0,6.0,0,0,0,6,0,NA,0,0,38.0%,NA,NA,NA,0,NA,1,1,1.000,1.0,11,3.8%,0.55,0,NA,NA,NA,NA,NA,0.091,NA,6,@ HOU,26,·,1.3,0.3
4,2505,Darren Waller,TE,33.0,MIA,4.0,2,2,17.7,16.2,14.7,1,1,0,58,16,0,0.0%,0,0,0,0,0,0,0.00,0,0,0,0,0.00,0.00,3,21,0,1,2,4,6,27,9.0,6.8,0,0,0,27,0,NA,0,0,27.6%,NA,NA,NA,0,NA,3,4,0.750,3.0,10,16.0%,2.70,0,NA,NA,NA,NA,NA,0.100,NA,27,vs NYJ,7,·,3.7,14.0
4,5086,Marquez Valdes-Scantling,WR,31.0,SF,0.0,0,0,0,0,0,0,0,0,0,0,0,0.0%,0,0,0,0,0,0,0.00,0,0,0,0,0.00,0.00,0,0,0,0,0,0,0,0,0.0,0.0,0,0,0,0,0,NA,0,0,NA,NA,NA,NA,0,NA,0,0,NA,NA,NA,NA,NA,0,NA,NA,NA,NA,NA,NA,NA,0,vs JAX,24,·,0.5,-0.5
4,6920,Isaiah Hodgins,WR,26.9,FA,999.0,999,999,0,0,0,1,0,0,0,0,0,0.0%,0,0,0,0,0,0,0.00,0,0,0,0,0.00,0.00,0,0,0,0,0,0,0,0,0.0,0.0,0,0,0,0,0,NA,0,0,NA,NA,NA,NA,0,NA,0,0,NA,NA,NA,NA,NA,0,NA,NA,NA,NA,NA,NA,NA,0,NA,,·,DNP,DNP
4,4351,Tim Patrick,WR,31.8,JAX,113.0,113,111,0.9,0.4,-0.1,1,1,0,68,20,0,0.0%,0,0,0,0,0,0,0.00,0,0,0,0,0.00,0.00,1,-4,0,0,0,1,3,-1,-1.0,-1.0,0,0,0,-1,0,NA,0,0,29.4%,NA,NA,NA,0,NA,0,1,0.000,0.0,6,3.2%,-0.17,0,NA,NA,NA,NA,NA,0.000,NA,-1,@ SF,18,·,0.5,0.4
4,11210,Malik Heath,WR,25.6,GB,102.0,102,102,1.9,1.4,0.9,1,1,0,83,19,0,0.0%,0,0,0,0,0,0,0.00,0,0,0,0,0.00,0.00,1,8,0,0,0,1,1,9,9.0,9.0,0,0,0,9,0,NA,0,0,22.9%,NA,NA,NA,0,NA,0,1,0.000,0.0,10,2.3%,0.90,0,NA,NA,NA,NA,NA,0.000,NA,9,@ DAL,1,·,2.2,-0.3
4,11647,Kimani Vidal,RB,24.1,LAC,999.0,999,999,0,0,0,1,1,0,63,2,0,0.0%,0,0,0,0,0,0,0.00,0,0,0,0,0.00,0.00,0,0,0,0,0,0,0,0,0.0,0.0,0,0,0,0,0,NA,0,0,3.2%,NA,NA,NA,0,NA,0,0,NA,0.0,NA,NA,NA,0,NA,NA,NA,NA,NA,NA,NA,0,@ NYG,6,·,DNP,DNP
4,11729,Sione Vaki,RB,24.2,DET,0.0,0,0,0,0,0,0,0,0,0,0,0,0.0%,0,0,0,0,0,0,0.00,0,0,0,0,0.00,0.00,0,0,0,0,0,0,0,0,0.0,0.0,0,0,0,0,0,NA,0,0,NA,NA,NA,NA,0,NA,0,0,NA,NA,NA,NA,NA,0,NA,NA,NA,NA,NA,NA,NA,0,vs CLE,28,OUT,OUT,OUT
4,6850,Harrison Bryant,TE,27.4,HOU,999.0,999,999,0,0,0,1,1,0,71,10,0,0.0%,0,0,0,0,0,0,0.00,0,0,0,0,0.00,0.00,0,0,0,0,0,0,0,0,0.0,0.0,0,0,0,0,0,NA,0,0,14.1%,NA,NA,NA,0,NA,0,0,NA,0.0,NA,NA,NA,0,NA,NA,NA,NA,NA,NA,NA,0,vs TEN,22,·,DNP,DNP
4,5917,Mecole Hardman,WR,27.6,GB,0.0,0,0,0,0,0,0,0,0,0,0,0,0.0%,0,0,0,0,0,0,0.00,0,0,0,0,0.00,0.00,0,0,0,0,0,0,0,0,0.0,0.0,0,0,0,0,0,NA,0,0,NA,NA,NA,NA,0,NA,0,0,NA,NA,NA,NA,NA,0,NA,NA,NA,NA,NA,NA,NA,0,@ DAL,1,·,DNP,DNP
4,6126,Irv Smith,TE,27.1,HOU,999.0,999,999,0,0,0,1,0,0,0,0,0,0.0%,0,0,0,0,0,0,0.00,0,0,0,0,0.00,0.00,0,0,0,0,0,0,0,0,0.0,0.0,0,0,0,0,0,NA,0,0,NA,NA,NA,NA,0,NA,0,0,NA,NA,NA,NA,NA,0,NA,NA,NA,NA,NA,NA,NA,0,vs TEN,22,Q,Q,Q
4,827,Tyrod Taylor,QB,36.2,NYJ,999.0,999,999,0,0,0,1,0,0,63,0,0,0.0%,0,0,0,0,0,0,0.00,0,0,0,0,0.00,0.00,0,0,0,0,0,0,0,0,0.0,0.0,0,0,0,0,0,NA,0,0,0.0%,NA,NA,NA,0,NA,0,0,NA,NA,NA,NA,NA,0,NA,NA,NA,NA,NA,NA,NA,0,@ MIA,3,·,DNP,DNP
4,10223,Eric Gray,RB,25.9,NYG,999.0,999,999,0,0,0,1,0,0,0,0,0,0.0%,0,0,0,0,0,0,0.00,0,0,0,0,0.00,0.00,0,0,0,0,0,0,0,0,0.0,0.0,0,0,0,0,0,NA,0,0,NA,NA,NA,NA,0,NA,0,0,NA,NA,NA,NA,NA,0,NA,NA,NA,NA,NA,NA,NA,0,vs LAC,25,PUP,PUP,PUP
4,5938,Lil'Jordan Humphrey,WR,27.4,NYG,999.0,999,999,0,0,0,1,0,0,0,0,0,0.0%,0,0,0,0,0,0,0.00,0,0,0,0,0.00,0.00,0,0,0,0,0,0,0,0,0.0,0.0,0,0,0,0,0,NA,0,0,NA,NA,NA,NA,0,NA,0,0,NA,NA,NA,NA,NA,0,NA,NA,NA,NA,NA,NA,NA,0,vs LAC,25,·,DNP,DNP
4,4972,Mason Rudolph,QB,30.2,PIT,999.0,999,999,0,0,0,1,0,0,53,0,0,0.0%,0,0,0,0,0,0,0.00,0,0,0,0,0.00,0.00,0,0,0,0,0,0,0,0,0.0,0.0,0,0,0,0,0,NA,0,0,0.0%,NA,NA,NA,0,NA,0,0,NA,NA,NA,NA,NA,0,NA,NA,NA,NA,NA,NA,NA,0,vs MIN,28,·,DNP,DNP
4,11306,Xavier Gipson,WR,24.6,NYG,0.0,0,0,0,0,0,0,0,0,0,0,0,0.0%,0,0,0,0,0,0,0.00,0,0,0,0,0.00,0.00,0,0,0,0,0,0,0,0,0.0,0.0,0,0,0,0,0,NA,0,0,NA,NA,NA,NA,0,NA,0,0,NA,NA,NA,NA,NA,0,NA,NA,NA,NA,NA,NA,NA,0,vs LAC,25,OUT,OUT,OUT
4,5374,Justin Watson,WR,29.5,HOU,999.0,999,999,0,0,0,1,0,0,0,0,0,0.0%,0,0,0,0,0,0,0.00,0,0,0,0,0.00,0.00,0,0,0,0,0,0,0,0,0.0,0.0,0,0,0,0,0,NA,0,0,NA,NA,NA,NA,0,NA,0,0,NA,NA,NA,NA,NA,0,NA,NA,NA,NA,NA,NA,NA,0,vs TEN,9,IR,IR,IR
4,8219,Jelani Woods,TE,27.0,NYJ,0.0,0,0,0,0,0,0,0,0,0,0,0,0.0%,0,0,0,0,0,0,0.00,0,0,0,0,0.00,0.00,0,0,0,0,0,0,0,0,0.0,0.0,0,0,0,0,0,NA,0,0,NA,NA,NA,NA,0,NA,0,0,NA,NA,NA,NA,NA,0,NA,NA,NA,NA,NA,NA,NA,0,@ MIA,6,OUT,OUT,OUT
4,6144,Trayveon Williams,RB,27.9,FA,0.0,0,0,0,0,0,0,0,0,0,0,0,0.0%,0,0,0,0,0,0,0.00,0,0,0,0,0.00,0.00,0,0,0,0,0,0,0,0,0.0,0.0,0,0,0,0,0,NA,0,0,NA,NA,NA,NA,0,NA,0,0,NA,NA,NA,NA,NA,0,NA,NA,NA,NA,NA,NA,NA,0,NA,,·,DNP,DNP
4,3634,Kalif Raymond,WR,31.1,DET,38.0,35,32,9.3,8.3,7.3,1,1,1,60,33,0,0.0%,0,0,0,0,0,0,0.00,0,0,0,0,0.00,0.00,2,12,0,1,0,3,1,13,6.5,4.3,0,0,0,13,0,NA,0,0,55.0%,NA,NA,NA,0,NA,1,3,0.333,1.0,18,11.1%,0.72,0,NA,NA,NA,NA,NA,0.056,NA,13,vs CLE,8,OUT,3.3,6.0
4,3202,Austin Hooper,TE,30.9,NE,37.0,33,32,3.4,2.9,2.4,1,1,1,49,32,0,0.0%,0,0,0,0,0,0,0.00,0,0,0,0,0.00,0.00,1,-3,0,1,0,1,27,24,24.0,24.0,0,0,0,24,0,NA,0,0,65.3%,NA,NA,NA,0,NA,1,1,1.000,1.0,9,5.6%,2.67,0,NA,NA,NA,NA,NA,0.111,NA,24,vs CAR,2,·,2.2,1.2
4,8116,Pierre Strong Jr.,RB,26.8,GB,999.0,999,999,0,0,0,1,0,0,0,0,0,0.0%,0,0,0,0,0,0,0.00,0,0,0,0,0.00,0.00,0,0,0,0,0,0,0,0,0.0,0.0,0,0,0,0,0,NA,0,0,NA,NA,NA,NA,0,NA,0,0,NA,NA,NA,NA,NA,0,NA,NA,NA,NA,NA,NA,NA,0,@ DAL,5,·,DNP,DNP
4,7608,Khalil Herbert,RB,27.4,FA,999.0,999,999,0,0,0,1,0,0,0,0,0,0.0%,0,0,0,0,0,0,0.00,0,0,0,0,0.00,0.00,0,0,0,0,0,0,0,0,0.0,0.0,0,0,0,0,0,NA,0,0,NA,NA,NA,NA,0,NA,0,0,NA,NA,NA,NA,NA,0,NA,NA,NA,NA,NA,NA,NA,0,NA,,·,DNP,DNP
4,9489,Justin Shorter,WR,25.4,LV,999.0,999,999,0,0,0,1,1,0,52,0,0,0.0%,0,0,0,0,0,0,0.00,0,0,0,0,0.00,0.00,0,0,0,0,0,0,0,0,0.0,0.0,0,0,0,0,0,NA,0,0,0.0%,NA,NA,NA,0,NA,0,0,NA,0.0,NA,NA,NA,0,NA,NA,NA,NA,NA,NA,NA,0,vs CHI,23,·,DNP,DNP
4,6847,Devin Duvernay,WR,28.0,CHI,999.0,999,999,0,0,0,1,1,0,68,0,0,0.0%,0,0,0,0,0,0,0.00,0,0,0,0,0.00,0.00,0,0,0,0,0,0,0,0,0.0,0.0,0,0,0,0,0,NA,0,0,0.0%,NA,NA,NA,0,NA,0,0,NA,0.0,NA,NA,NA,0,NA,NA,NA,NA,NA,NA,NA,0,@ LV,4,·,0.2,-0.2
4,2749,Raheem Mostert,RB,33.5,LV,41.0,40,35,8.3,7.8,7.3,1,1,0,52,8,0,0.0%,0,0,0,0,0,0,0.00,62,0,0,0,0.00,0.00,1,2,0,1,0,1,9,11,11.0,11.0,4,0,3,73,0,46,62,15.5,15.4%,2,11.60,0.500,3,1.660,4,5,0.800,4.0,NA,4.8%,NA,0,NA,NA,NA,NA,NA,NA,NA,73,vs CHI,7,·,DNP,DNP
4,6290,Scotty Miller,WR,28.2,PIT,999.0,999,999,0,0,0,1,1,0,53,13,0,0.0%,0,0,0,0,0,0,0.00,0,0,0,0,0.00,0.00,0,0,0,0,0,1,0,0,0.0,0.0,0,0,0,0,0,NA,0,0,24.5%,NA,NA,NA,0,NA,0,1,0.000,0.0,NA,NA,NA,0,NA,NA,NA,NA,NA,NA,NA,0,vs MIN,32,·,DNP,DNP
4,6012,Travis Homer,RB,27.1,CHI,999.0,999,999,0,0,0,1,0,0,0,0,0,0.0%,0,0,0,0,0,0,0.00,0,0,0,0,0.00,0.00,0,0,0,0,0,0,0,0,0.0,0.0,0,0,0,0,0,NA,0,0,NA,NA,NA,NA,0,NA,0,0,NA,NA,NA,NA,NA,0,NA,NA,NA,NA,NA,NA,NA,0,@ LV,10,IR,IR,IR
4,7757,Ben Skowronek,WR,28.2,PIT,999.0,999,999,0,0,0,1,1,0,53,18,0,0.0%,0,0,0,0,0,0,0.00,0,0,0,0,0.00,0.00,0,0,0,0,0,1,0,0,0.0,0.0,0,0,0,0,0,NA,0,0,34.0%,NA,NA,NA,0,NA,0,1,0.000,0.0,NA,NA,NA,0,NA,NA,NA,NA,NA,NA,NA,0,vs MIN,32,·,DNP,DNP
4,9495,Rakim Jarrett,WR,24.7,PIT,0.0,0,0,0,0,0,0,0,0,0,0,0,0.0%,0,0,0,0,0,0,0.00,0,0,0,0,0.00,0.00,0,0,0,0,0,0,0,0,0.0,0.0,0,0,0,0,0,NA,0,0,NA,NA,NA,NA,0,NA,0,0,NA,NA,NA,NA,NA,0,NA,NA,NA,NA,NA,NA,NA,0,vs MIN,32,·,DNP,DNP
4,7602,Kylen Granson,TE,27.5,PHI,999.0,999,999,0,0,0,1,1,0,57,4,0,0.0%,0,0,0,0,0,0,0.00,0,0,0,0,0.00,0.00,0,0,0,0,0,0,0,0,0.0,0.0,0,0,0,0,0,NA,0,0,7.0%,NA,NA,NA,0,NA,0,0,NA,0.0,1,0.0%,0.00,0,NA,NA,NA,NA,NA,0.000,NA,0,@ TB,8,·,0.5,-0.5
4,7565,Terrace Marshall,WR,25.3,PHI,999.0,999,999,0,0,0,1,0,0,0,0,0,0.0%,0,0,0,0,0,0,0.00,0,0,0,0,0.00,0.00,0,0,0,0,0,0,0,0,0.0,0.0,0,0,0,0,0,NA,0,0,NA,NA,NA,NA,0,NA,0,0,NA,NA,NA,NA,NA,0,NA,NA,NA,NA,NA,NA,NA,0,@ TB,16,·,DNP,DNP
4,7585,Davis Mills,QB,26.9,HOU,999.0,999,999,0,0,0,1,0,0,71,0,0,0.0%,0,0,0,0,0,0,0.00,0,0,0,0,0.00,0.00,0,0,0,0,0,0,0,0,0.0,0.0,0,0,0,0,0,NA,0,0,0.0%,NA,NA,NA,0,NA,0,0,NA,NA,NA,NA,NA,0,NA,NA,NA,NA,NA,NA,NA,0,vs TEN,23,·,DNP,DNP
4,7066,K.J. Osborn,WR,28.3,FA,0.0,0,0,0,0,0,0,0,0,0,0,0,0.0%,0,0,0,0,0,0,0.00,0,0,0,0,0.00,0.00,0,0,0,0,0,0,0,0,0.0,0.0,0,0,0,0,0,NA,0,0,NA,NA,NA,NA,0,NA,0,0,NA,NA,NA,NA,NA,0,NA,NA,NA,NA,NA,NA,NA,0,NA,,·,DNP,DNP
4,12478,Nick Nash,WR,25.2,ATL,999.0,999,999,0,0,0,1,0,0,0,0,0,0.0%,0,0,0,0,0,0,0.00,0,0,0,0,0.00,0.00,0,0,0,0,0,0,0,0,0.0,0.0,0,0,0,0,0,NA,0,0,NA,NA,NA,NA,0,NA,0,0,NA,NA,NA,NA,NA,0,NA,NA,NA,NA,NA,NA,NA,0,vs WAS,10,·,DNP,DNP
4,8127,Charlie Kolar,TE,26.6,BAL,999.0,999,999,0,0,0,1,1,0,54,14,0,0.0%,0,0,0,0,0,0,0.00,0,0,0,0,0.00,0.00,0,0,0,0,0,0,0,0,0.0,0.0,0,0,0,0,0,NA,0,0,25.9%,NA,NA,NA,0,NA,0,0,NA,0.0,NA,NA,NA,0,NA,NA,NA,NA,NA,NA,NA,0,@ KC,31,·,0.8,-0.8
4,10228,Charlie Jones,WR,26.9,CIN,999.0,999,999,0,0,0,1,1,0,48,0,0,0.0%,0,0,0,0,0,0,0.00,0,0,0,0,0.00,0.00,0,0,0,0,0,0,0,0,0.0,0.0,0,0,0,0,0,NA,0,0,0.0%,NA,NA,NA,0,NA,0,0,NA,0.0,NA,NA,NA,0,NA,NA,NA,NA,NA,NA,NA,0,@ DEN,27,·,0.4,-0.4
4,6659,Craig Reynolds,RB,29.3,DET,999.0,999,999,0,0,0,1,1,0,60,0,0,0.0%,0,0,0,0,0,0,0.00,0,0,0,0,0.00,0.00,0,0,0,0,0,0,0,0,0.0,0.0,0,0,0,0,0,NA,0,0,0.0%,NA,NA,NA,0,NA,0,0,NA,0.0,NA,NA,NA,0,NA,NA,NA,NA,NA,NA,NA,0,vs CLE,28,·,0.6,-0.6
4,7535,Hunter Long,TE,27.1,JAX,13.0,11,12,11.3,9.8,8.3,1,1,0,68,22,0,0.0%,0,0,0,0,0,0,0.00,0,0,0,0,0.00,0.00,3,15,0,2,1,3,8,23,7.7,7.7,0,0,0,23,0,NA,0,0,32.4%,NA,NA,NA,0,NA,3,3,1.000,3.0,6,9.7%,3.83,0,NA,NA,NA,NA,NA,0.333,NA,23,@ SF,3,·,0.4,10.9
4,6427,Ashton Dulin,WR,28.4,IND,90.0,86,83,2.8,2.3,1.8,1,1,1,61,12,0,0.0%,0,0,0,0,0,0,0.00,7,0,0,0,0.00,0.00,1,5,0,1,0,1,6,11,11.0,11.0,1,0,0,18,0,NA,7,7,19.7%,NA,NA,NA,0,NA,1,2,0.500,1.0,6,3.0%,1.83,0,NA,NA,NA,NA,NA,0.167,NA,18,@ LAR,12,·,1.1,1.7
4,11716,Tip Reiman,TE,24.0,ARI,999.0,999,999,0,0,0,1,1,0,67,6,0,0.0%,0,0,0,0,0,0,0.00,0,0,0,0,0.00,0.00,0,0,0,0,0,0,0,0,0.0,0.0,0,0,0,0,0,NA,0,0,9.0%,NA,NA,NA,0,NA,0,0,NA,0.0,NA,NA,NA,0,NA,NA,NA,NA,NA,NA,NA,0,vs SEA,15,OUT,1.6,-1.6
4,6805,KJ Hamler,WR,26.2,FA,0.0,0,0,0,0,0,0,0,0,0,0,0,0.0%,0,0,0,0,0,0,0.00,0,0,0,0,0.00,0.00,0,0,0,0,0,0,0,0,0.0,0.0,0,0,0,0,0,NA,0,0,NA,NA,NA,NA,0,NA,0,0,NA,NA,NA,NA,NA,0,NA,NA,NA,NA,NA,NA,NA,0,NA,,·,DNP,DNP
4,11621,Brenden Rice,WR,23.5,FA,0.0,0,0,0,0,0,0,0,0,0,0,0,0.0%,0,0,0,0,0,0,0.00,0,0,0,0,0.00,0.00,0,0,0,0,0,0,0,0,0.0,0.0,0,0,0,0,0,NA,0,0,NA,NA,NA,NA,0,NA,0,0,NA,NA,NA,NA,NA,0,NA,NA,NA,NA,NA,NA,NA,0,NA,,·,DNP,DNP
4,9499,Bryce Ford-Wheaton,WR,25.6,NYG,999.0,999,999,0,0,0,1,0,0,0,0,0,0.0%,0,0,0,0,0,0,0.00,0,0,0,0,0.00,0.00,0,0,0,0,0,0,0,0,0.0,0.0,0,0,0,0,0,NA,0,0,NA,NA,NA,NA,0,NA,0,0,NA,NA,NA,NA,NA,0,NA,NA,NA,NA,NA,NA,NA,0,vs LAC,25,IR,IR,IR
4,5000,Chase Edmonds,RB,29.5,FA,999.0,999,999,0,0,0,1,0,0,0,0,0,0.0%,0,0,0,0,0,0,0.00,0,0,0,0,0.00,0.00,0,0,0,0,0,0,0,0,0.0,0.0,0,0,0,0,0,NA,0,0,NA,NA,NA,NA,0,NA,0,0,NA,NA,NA,NA,NA,0,NA,NA,NA,NA,NA,NA,NA,0,NA,,·,DNP,DNP
4,5409,Tanner Hudson,TE,30.9,CIN,999.0,999,999,0,0,0,1,1,0,48,1,0,0.0%,0,0,0,0,0,0,0.00,0,0,0,0,0.00,0.00,0,0,0,0,0,0,0,0,0.0,0.0,0,0,0,0,0,NA,0,0,2.1%,NA,NA,NA,0,NA,0,0,NA,0.0,NA,NA,NA,0,NA,NA,NA,NA,NA,NA,NA,0,@ DEN,24,·,DNP,DNP
4,4663,Austin Ekeler,RB,30.4,WAS,999.0,999,999,0,0,0,1,0,0,0,0,0,0.0%,0,0,0,0,0,0,0.00,0,0,0,0,0.00,0.00,0,0,0,0,0,0,0,0,0.0,0.0,0,0,0,0,0,NA,0,0,NA,NA,NA,NA,0,NA,0,0,NA,NA,NA,NA,NA,0,NA,NA,NA,NA,NA,NA,NA,0,@ ATL,32,IR,IR,IR
4,8220,Sincere McCormick,RB,25.0,SF,999.0,999,999,0,0,0,1,0,0,0,0,0,0.0%,0,0,0,0,0,0,0.00,0,0,0,0,0.00,0.00,0,0,0,0,0,0,0,0,0.0,0.0,0,0,0,0,0,NA,0,0,NA,NA,NA,NA,0,NA,0,0,NA,NA,NA,NA,NA,0,NA,NA,NA,NA,NA,NA,NA,0,vs JAX,29,·,DNP,DNP
4,8249,Lucas Krull,TE,27.2,DEN,0.0,0,0,0,0,0,0,0,0,0,0,0,0.0%,0,0,0,0,0,0,0.00,0,0,0,0,0.00,0.00,0,0,0,0,0,0,0,0,0.0,0.0,0,0,0,0,0,NA,0,0,NA,NA,NA,NA,0,NA,0,0,NA,NA,NA,NA,NA,0,NA,NA,NA,NA,NA,NA,NA,0,vs CIN,1,IR,IR,IR
4,6001,Drew Sample,TE,29.4,CIN,999.0,999,999,0,0,0,1,1,1,48,22,0,0.0%,0,0,0,0,0,0,0.00,0,0,0,0,0.00,0.00,0,0,0,0,0,0,0,0,0.0,0.0,0,0,0,0,0,NA,0,0,45.8%,NA,NA,NA,0,NA,0,0,NA,0.0,4,0.0%,0.00,0,NA,NA,NA,NA,NA,0.000,NA,0,@ DEN,24,·,1.4,-1.4
4,4111,D'Onta Foreman,RB,29.4,FA,0.0,0,0,0,0,0,0,0,0,0,0,0,0.0%,0,0,0,0,0,0,0.00,0,0,0,0,0.00,0.00,0,0,0,0,0,0,0,0,0.0,0.0,0,0,0,0,0,NA,0,0,NA,NA,NA,NA,0,NA,0,0,NA,NA,NA,NA,NA,0,NA,NA,NA,NA,NA,NA,NA,0,NA,,·,DNP,DNP
4,11582,Carson Steele,RB,22.9,KC,999.0,999,999,0,0,0,1,0,0,0,0,0,0.0%,0,0,0,0,0,0,0.00,0,0,0,0,0.00,0.00,0,0,0,0,0,0,0,0,0.0,0.0,0,0,0,0,0,NA,0,0,NA,NA,NA,NA,0,NA,0,0,NA,NA,NA,NA,NA,0,NA,NA,NA,NA,NA,NA,NA,0,vs BAL,2,·,DNP,DNP
4,8583,Stone Smartt,TE,27.0,NYJ,999.0,999,999,0,0,0,1,1,0,63,1,0,0.0%,0,0,0,0,0,0,0.00,0,0,0,0,0.00,0.00,0,0,0,0,0,0,0,0,0.0,0.0,0,0,0,0,0,NA,0,0,1.6%,NA,NA,NA,0,NA,0,0,NA,0.0,NA,NA,NA,0,NA,NA,NA,NA,NA,NA,NA,0,@ MIA,6,OUT,1.0,-1.0
,,,,,,,,,,,,,,,,,,0.0%,,,,,,,,,,,,,,,,,,,,,,,,,,,,,NA,,,NA,NA,NA,NA,0,NA,0,0,NA,NA,NA,NA,NA,0,NA,NA,NA,NA,NA,NA,NA,0,NA,,·,DNP,DNP