WK,SLPR_ID,NM,POS,AGE,TM,PRK_PPR,PRK_0.5P,PRK_STD,FPT_PPR,FPTS_0.5,FPTS_STD,GM_ACTV,GM_P,GM,TM_SNP,SNP,FUM,CMP PCT,paAY,paATT,CMP,pa1D,INC,INT,paRTG,pa.ruYDS,SAC,paTD,paYDS,paYPA,paYPC,REC,recAY,DRP,rec1D,recTD,TGT,YAC,recYDS,YPR,YPT,CAR,BTKL,ru1D,ru.recYDS,ruTD,YCO,ruYDS,YPC,SNP%,MTF,YCO/A,MTF/A,ruIMP,ELU,IMP,OPP,IMP/OPP,IMP/G,RR,TS%,YPRR,pIMP,pIMP/A,TTT,DP%,PRS%,AYA,1DRR,DB,YDS(t),VS,vsRK,INJ,PROJ,FPOE
5,4984,Josh Allen,QB,29.4,BUF,12,12,12,20.42,20.42,20.42,1,1,1,68,68,1,71.0%,154,31,22,14,9,1,103.30,306,1,2,253,8.16,11.50,0,0,0,0,0,0,0,0,0.0,0.0,9,1,3,53,0,NA,53,5.89,100.0%,NA,NA,NA,3,NA,19,40,NA,NA,NA,NA,NA,16,51.6%,3.27,9.7%,25.6%,8.6,NA,39,306,vs NE,12,·,25.3,-4.9
5,4881,Lamar Jackson,QB,28.7,BAL,0,0,0,0,0,0,0,0,0,0,0,0,0.0%,0,0,0,0,0,0,0.00,0,0,0,0,0.00,0.00,0,0,0,0,0,0,0,0,0.0,0.0,0,0,0,0,0,NA,0,0,NA,NA,NA,NA,0,NA,0,0,NA,NA,NA,NA,NA,0,NA,NA,NA,NA,NA,NA,NA,0,vs HOU,32,OUT,OUT,OUT
5,7564,Ja'Marr Chase,WR,25.6,CIN,2,2,2,29,26,23,1,1,1,62,57,0,0.0%,0,0,0,0,0,0,0.00,0,0,0,0,0.00,0.00,6,76,0,2,2,10,34,110,18.3,11.0,0,0,0,110,0,NA,0,0,91.9%,NA,NA,NA,0,NA,4,10,0.400,4.0,39,25.0%,2.82,0,NA,NA,NA,NA,NA,0.051,NA,110,vs DET,6,·,16.0,13.0
5,9509,Bijan Robinson,RB,23.7,ATL,0,0,0,0,0,0,0,0,0,0,0,0,0.0%,0,0,0,0,0,0,0.00,0,0,0,0,0.00,0.00,0,0,0,0,0,0,0,0,0.0,0.0,0,0,0,0,0,NA,0,0,NA,NA,NA,NA,0,NA,0,0,NA,NA,NA,NA,NA,0,NA,NA,NA,NA,NA,NA,NA,0,BYE,BYE,BYE,BYE,BYE
5,11566,Jayden Daniels,QB,24.8,WAS,17,17,17,17.14,17.14,17.14,1,1,1,59,59,0,57.7%,121,26,15,8,11,0,100.00,270,1,1,231,8.88,15.40,0,0,0,0,0,0,0,0,0.0,0.0,8,1,2,39,0,NA,39,4.88,100.0%,NA,NA,NA,2,NA,11,34,NA,NA,NA,NA,NA,9,34.6%,2.92,15.4%,34.4%,10.1,NA,32,270,@ LAC,18,·,21.6,-4.5
5,9221,Jahmyr Gibbs,RB,23.5,DET,13,12,11,16.7,15.7,14.7,1,1,1,62,32,0,0.0%,0,0,0,0,0,0,0.00,54,0,0,0,0.00,0.00,2,-1,0,1,1,2,34,33,16.5,16.5,12,1,3,87,0,29,54,4.5,51.6%,1,2.40,0.083,3,0.323,5,14,0.357,5.0,NA,8.3%,NA,0,NA,NA,NA,NA,NA,NA,NA,87,@ CIN,1,·,19.4,-2.7
5,11632,Malik Nabers,WR,22.2,NYG,999,999,999,0,0,0,1,0,0,0,0,0,0.0%,0,0,0,0,0,0,0.00,0,0,0,0,0.00,0.00,0,0,0,0,0,0,0,0,0.0,0.0,0,0,0,0,0,NA,0,0,NA,NA,NA,NA,0,NA,0,0,NA,NA,NA,NA,NA,0,NA,NA,NA,NA,NA,NA,NA,0,@ NO,19,IR,IR,IR
5,6794,Justin Jefferson,WR,26.3,MIN,11,11,14,19.3,15.8,12.3,1,1,1,65,65,0,0.0%,0,0,0,0,0,0,0.00,0,0,0,0,0.00,0.00,7,83,0,6,0,11,40,123,17.6,11.2,0,0,0,123,0,NA,0,0,100.0%,NA,NA,NA,0,NA,6,11,0.545,6.0,38,31.4%,3.24,0,NA,NA,NA,NA,NA,0.158,NA,123,@ CLE,8,·,14.9,4.4
5,9493,Puka Nacua,WR,24.3,LAR,5.0,7,8,24.5,19.5,14.5,1,1,1,68,63,0,0.0%,0,0,0,0,0,0,0.00,0,0,0,0,0.00,0.00,10,41,0,4,1,12,44,85,8.5,7.1,0,0,0,85,0,NA,0,0,92.6%,NA,NA,NA,0,NA,5,12,0.417,5.0,43,25.5%,1.98,0,NA,NA,NA,NA,NA,0.093,NA,85,vs SF,18,·,20.8,3.7
5,7547,Amon-Ra St. Brown,WR,25.9,DET,15.0,16,19,18,14,10,1,1,1,62,50,0,0.0%,0,0,0,0,0,0,0.00,0,0,0,0,0.00,0.00,8,41,0,5,0,9,59,100,12.5,11.1,0,0,0,100,0,NA,0,0,80.6%,NA,NA,NA,0,NA,5,9,0.556,5.0,25,37.5%,4.00,0,NA,NA,NA,NA,NA,0.200,NA,100,@ CIN,11,·,17.6,0.4
5,11604,Brock Bowers,TE,22.8,LV,0.0,0,0,0,0,0,0,0,0,0,0,0,0.0%,0,0,0,0,0,0,0.00,0,0,0,0,0.00,0.00,0,0,0,0,0,0,0,0,0.0,0.0,0,0,0,0,0,NA,0,0,NA,NA,NA,NA,0,NA,0,0,NA,NA,NA,NA,NA,0,NA,NA,NA,NA,NA,NA,NA,0,@ IND,20,OUT,OUT,OUT
5,6904,Jalen Hurts,QB,27.1,PHI,14.0,14,14,19.5,19.5,19.5,1,1,1,61,61,0,60.5%,163,38,23,9,15,0,100.80,283,6,2,280,7.37,12.17,0,0,0,0,0,0,0,0,0.0,0.0,2,1,0,3,0,NA,3,1.5,100.0%,NA,NA,NA,0,NA,11,40,NA,NA,NA,NA,NA,11,28.9%,3.09,23.7%,33.3%,10.8,NA,45,283,vs DEN,29,·,21.4,-1.9
5,6786,CeeDee Lamb,WR,26.5,DAL,0.0,0,0,0,0,0,0,0,0,0,0,0,0.0%,0,0,0,0,0,0,0.00,0,0,0,0,0.00,0.00,0,0,0,0,0,0,0,0,0.0,0.0,0,0,0,0,0,NA,0,0,NA,NA,NA,NA,0,NA,0,0,NA,NA,NA,NA,NA,0,NA,NA,NA,NA,NA,NA,NA,0,@ NYJ,13,OUT,OUT,OUT
5,6797,Justin Herbert,QB,27.6,LAC,21.0,20,20,15.64,15.64,15.64,1,1,1,67,61,0,75.9%,68,29,22,8,7,1,86.30,226,4,1,166,5.72,7.55,0,0,0,0,0,0,0,0,0.0,0.0,4,0,3,60,0,NA,60,15,91.0%,NA,NA,NA,3,NA,12,33,NA,NA,NA,NA,NA,9,31.0%,2.68,6.9%,34.3%,4.5,NA,35,226,vs WAS,8,·,21.7,-6.1
5,9488,Jaxon Smith-Njigba,WR,23.6,SEA,3.0,3,3,27.2,23.2,19.2,1,1,1,61,55,0,0.0%,0,0,0,0,0,0,0.00,0,0,0,0,0.00,0.00,8,96,0,5,1,9,36,132,16.5,14.7,0,0,0,132,0,NA,0,0,90.2%,NA,NA,NA,0,NA,6,9,0.667,6.0,31,26.5%,4.26,0,NA,NA,NA,NA,NA,0.161,NA,132,vs TB,16,·,17.8,9.4
5,12514,Emeka Egbuka,WR,23.0,TB,1.0,1,1,31.3,27.8,24.3,1,1,1,61,52,0,0.0%,0,0,0,0,0,0,0.00,0,0,0,0,0.00,0.00,7,131,0,5,1,7,32,163,23.3,23.3,0,0,0,163,0,NA,0,0,85.2%,NA,NA,NA,0,NA,6,7,0.857,6.0,31,21.2%,5.26,0,NA,NA,NA,NA,NA,0.161,NA,163,@ SEA,17,·,14.9,16.4
5,8130,Trey McBride,TE,25.8,ARI,20.0,23,23,9.1,6.6,4.1,1,1,1,67,61,0,0.0%,0,0,0,0,0,0,0.00,0,0,0,0,0.00,0.00,5,13,0,2,0,7,28,41,8.2,5.9,0,0,0,41,0,NA,0,0,91.0%,NA,NA,NA,0,NA,2,7,0.286,2.0,30,21.9%,1.37,0,NA,NA,NA,NA,NA,0.067,NA,41,vs TEN,22,·,15.0,-5.9
5,12527,Ashton Jeanty,RB,21.8,LV,15.0,17,19,15.9,13.4,10.9,1,1,1,68,37,0,0.0%,0,0,0,0,0,0,0.00,67,0,0,0,0.00,0.00,5,2,0,1,0,7,40,42,8.4,6.0,14,0,3,109,0,39,67,4.79,54.4%,3,2.80,0.214,3,0.494,4,21,0.190,4.0,NA,19.4%,NA,0,NA,NA,NA,NA,NA,NA,NA,109,@ IND,24,·,15.9,0.0
5,6813,Jonathan Taylor,RB,26.7,IND,2.0,2,2,31.6,30.1,28.6,1,1,1,66,49,0,0.0%,0,0,0,0,0,0,0.00,66,0,0,0,0.00,0.00,3,6,1,0,0,4,14,20,6.7,5.0,17,0,3,86,3,34,66,3.88,74.2%,2,2.00,0.118,6,0.318,6,21,0.286,6.0,NA,12.5%,NA,0,NA,NA,NA,NA,NA,NA,NA,86,vs LV,10,·,19.4,12.2
5,6770,Joe Burrow,QB,28.8,CIN,999.0,999,999,0,0,0,1,0,0,0,0,0,0.0%,0,0,0,0,0,0,0.00,0,0,0,0,0.00,0.00,0,0,0,0,0,0,0,0,0.0,0.0,0,0,0,0,0,NA,0,0,NA,NA,NA,NA,0,NA,0,0,NA,NA,NA,NA,NA,0,NA,NA,NA,NA,NA,NA,NA,0,vs DET,11,IR,IR,IR
5,11564,Drake Maye,QB,23.1,NE,25.0,25,25,12.12,12.12,12.12,1,1,1,60,60,0,73.3%,173,30,22,13,8,0,101.10,285,4,0,273,9.10,12.41,0,0,0,0,0,0,0,0,0.0,0.0,3,0,1,12,0,NA,12,4,100.0%,NA,NA,NA,1,NA,14,33,NA,NA,NA,NA,NA,13,43.3%,3.17,10.0%,38.9%,7.8,NA,36,285,@ BUF,19,·,21.2,-9.1
5,4866,Saquon Barkley,RB,28.6,PHI,11.0,10,10,17.8,16.3,14.8,1,1,1,61,44,0,0.0%,0,0,0,0,0,0,0.00,30,0,0,0,0.00,0.00,3,31,0,0,1,3,27,58,19.3,19.3,6,0,1,88,0,23,30,5,72.1%,4,3.90,0.667,1,1.057,2,9,0.222,2.0,NA,7.9%,NA,0,NA,NA,NA,NA,NA,NA,NA,88,vs DEN,19,Q,16.5,1.3
5,11620,Rome Odunze,WR,23.3,CHI,0.0,0,0,0,0,0,0,0,0,0,0,0,0.0%,0,0,0,0,0,0,0.00,0,0,0,0,0.00,0.00,0,0,0,0,0,0,0,0,0.0,0.0,0,0,0,0,0,NA,0,0,NA,NA,NA,NA,0,NA,0,0,NA,NA,NA,NA,NA,0,NA,NA,NA,NA,NA,NA,NA,0,BYE,BYE,BYE,BYE,BYE
5,8112,Drake London,WR,24.2,ATL,0.0,0,0,0,0,0,0,0,0,0,0,0,0.0%,0,0,0,0,0,0,0.00,0,0,0,0,0.00,0.00,0,0,0,0,0,0,0,0,0.0,0.0,0,0,0,0,0,NA,0,0,NA,NA,NA,NA,0,NA,0,0,NA,NA,NA,NA,NA,0,NA,NA,NA,NA,NA,NA,NA,0,BYE,BYE,BYE,BYE,BYE
5,7569,Nico Collins,WR,26.5,HOU,18.0,17,15,16,14,12,1,1,1,70,40,0,0.0%,0,0,0,0,0,0,0.00,8,0,0,0,0.00,0.00,4,36,0,1,1,5,16,52,13.0,10.4,1,0,0,60,0,NA,8,8,57.1%,NA,NA,NA,0,NA,2,6,0.333,2.0,24,16.1%,2.17,0,NA,NA,NA,NA,NA,0.042,NA,60,@ BAL,2,·,15.4,0.6
5,9226,De'Von Achane,RB,24.0,MIA,14.0,16,21,16.6,13.6,10.6,1,1,1,55,48,0,0.0%,0,0,0,0,0,0,0.00,16,0,0,0,0.00,0.00,6,14,1,1,1,7,16,30,5.0,4.3,10,0,2,46,0,0,16,1.6,87.3%,2,0.00,0.200,2,0.200,4,17,0.235,4.0,NA,19.4%,NA,0,NA,NA,NA,NA,NA,NA,NA,46,@ CAR,16,·,22.2,-5.6
5,11560,Caleb Williams,QB,23.9,CHI,0.0,0,0,0,0,0,0,0,0,0,0,0,0.0%,0,0,0,0,0,0,0.00,0,0,0,0,0.00,0.00,0,0,0,0,0,0,0,0,0.0,0.0,0,0,0,0,0,NA,0,0,NA,NA,NA,NA,0,NA,0,0,NA,NA,NA,NA,NA,0,NA,NA,NA,NA,NA,NA,NA,0,BYE,BYE,BYE,BYE,BYE
5,11584,Bucky Irving,RB,23.1,TB,0.0,0,0,0,0,0,0,0,0,0,0,0,0.0%,0,0,0,0,0,0,0.00,0,0,0,0,0.00,0.00,0,0,0,0,0,0,0,0,0.0,0.0,0,0,0,0,0,NA,0,0,NA,NA,NA,NA,0,NA,0,0,NA,NA,NA,NA,NA,0,NA,NA,NA,NA,NA,NA,NA,0,@ SEA,18,OUT,OUT,OUT
5,12526,Tetairoa McMillan,WR,22.5,CAR,25.0,28,35,13.3,10.3,7.3,1,1,1,70,63,0,0.0%,0,0,0,0,0,0,0.00,0,0,0,0,0.00,0.00,6,62,0,4,0,8,11,73,12.2,9.1,0,0,0,73,0,NA,0,0,90.0%,NA,NA,NA,0,NA,4,8,0.500,4.0,31,26.7%,2.35,0,NA,NA,NA,NA,NA,0.129,NA,73,vs MIA,21,·,14.9,-1.6
5,11631,Brian Thomas Jr.,WR,23.0,JAX,30.0,30,31,12,10,8,1,1,1,58,54,0,0.0%,0,0,0,0,0,0,0.00,0,0,0,0,0.00,0.00,4,58,0,3,0,6,22,80,20.0,13.3,0,0,0,80,0,NA,0,0,93.1%,NA,NA,NA,0,NA,3,6,0.500,3.0,28,24.0%,2.86,0,NA,NA,NA,NA,NA,0.107,NA,80,vs KC,31,·,14.2,-2.2
5,12507,Omarion Hampton,RB,22.5,LAC,21.0,24,27,13,10,7,1,1,1,67,39,0,0.0%,0,0,0,0,0,0,0.00,44,0,0,0,0.00,0.00,6,-18,0,1,0,6,44,26,4.3,4.3,12,3,2,70,0,50,44,3.67,58.2%,10,4.20,0.833,2,1.253,3,18,0.167,3.0,NA,18.2%,NA,0,NA,NA,NA,NA,NA,NA,NA,70,vs WAS,21,OUT,18.5,-5.5
5,4046,Patrick Mahomes,QB,30.0,KC,4.0,4,4,27.72,27.72,27.72,1,1,1,64,64,0,70.7%,167,41,29,14,12,1,91.30,378,0,1,318,7.76,10.97,0,0,0,0,0,0,0,0,0.0,0.0,6,1,3,60,1,NA,60,10,100.0%,NA,NA,NA,4,NA,19,47,NA,NA,NA,NA,NA,15,36.6%,2.88,14.6%,23.9%,9.4,NA,46,378,@ JAX,26,·,22.5,5.2
5,8138,James Cook,RB,26.0,BUF,42.0,38,35,4.9,4.9,4.9,1,1,1,68,49,0,0.0%,0,0,0,0,0,0,0.00,49,0,0,0,0.00,0.00,0,0,1,0,0,1,0,0,0.0,0.0,15,0,2,49,0,36,49,3.27,72.1%,4,2.40,0.267,2,0.507,2,16,0.125,2.0,NA,3.2%,NA,0,NA,NA,NA,NA,NA,NA,NA,49,vs NE,27,·,18.5,-13.6
5,6804,Jordan Love,QB,26.9,GB,0.0,0,0,0,0,0,0,0,0,0,0,0,0.0%,0,0,0,0,0,0,0.00,0,0,0,0,0.00,0.00,0,0,0,0,0,0,0,0,0.0,0.0,0,0,0,0,0,NA,0,0,NA,NA,NA,NA,0,NA,0,0,NA,NA,NA,NA,NA,0,NA,NA,NA,NA,NA,NA,NA,0,BYE,BYE,BYE,BYE,BYE
5,8146,Garrett Wilson,WR,25.2,NYJ,12.0,10,12,19.1,16.1,13.1,1,1,1,82,77,0,0.0%,0,0,0,0,0,0,0.00,0,0,0,0,0.00,0.00,6,53,1,3,1,10,18,71,11.8,7.1,0,0,0,71,0,NA,0,0,93.9%,NA,NA,NA,0,NA,4,10,0.400,4.0,47,21.7%,1.51,0,NA,NA,NA,NA,NA,0.064,NA,71,vs DAL,1,·,15.5,3.6
5,12518,Tyler Warren,TE,23.4,IND,11.0,11,9,14.4,12.4,10.4,1,1,1,66,47,0,0.0%,0,1,0,0,1,0,39.60,0,0,0,0,0.00,0.00,4,33,0,1,1,4,11,44,11.0,11.0,0,0,0,44,0,NA,0,0,71.2%,NA,NA,NA,0,NA,2,5,0.400,2.0,24,12.5%,1.83,0,0.0%,NA,NA,NA,NA,0.042,NA,44,vs LV,25,·,12.8,1.6
5,11635,Ladd McConkey,WR,23.9,LAC,20.0,21,20,14.9,12.4,9.9,1,1,0,67,53,0,0.0%,0,0,0,0,0,0,0.00,0,0,0,0,0.00,0.00,5,32,0,2,1,7,7,39,7.8,5.6,0,0,0,39,0,NA,0,0,79.1%,NA,NA,NA,0,NA,3,7,0.429,3.0,30,21.2%,1.30,0,NA,NA,NA,NA,NA,0.067,NA,39,vs WAS,10,·,12.7,2.2
5,11563,Bo Nix,QB,25.6,DEN,15.0,15,15,17.88,17.88,17.88,1,1,1,74,74,0,61.5%,120,39,24,11,15,0,87.80,264,2,1,242,6.21,10.08,0,0,0,0,0,0,0,0,0.0,0.0,3,0,1,22,0,NA,22,7.33,100.0%,NA,NA,NA,1,NA,13,42,NA,NA,NA,NA,NA,12,30.8%,2.68,12.8%,27.9%,8.9,NA,43,264,@ PHI,16,·,18.9,-1.0
5,12512,Quinshon Judkins,RB,21.9,CLE,20.0,18,15,13.8,13.3,12.8,1,1,1,70,39,0,0.0%,0,0,0,0,0,0,0.00,110,0,0,0,0.00,0.00,1,2,0,1,0,2,16,18,18.0,9.0,23,0,5,128,0,113,110,4.78,55.7%,4,4.90,0.174,5,0.664,6,25,0.240,6.0,NA,6.1%,NA,0,NA,NA,NA,NA,NA,NA,NA,128,vs MIN,15,·,14.9,-1.1
5,4892,Baker Mayfield,QB,30.4,TB,6.0,6,6,26.66,26.66,26.66,1,1,1,61,61,0,87.9%,177,33,29,15,4,0,134.70,394,1,2,379,11.48,13.07,0,0,0,0,0,0,0,0,0.0,0.0,5,0,1,15,0,NA,15,3,100.0%,NA,NA,NA,1,NA,18,38,NA,NA,NA,NA,NA,17,51.5%,2.95,9.1%,34.2%,7.2,NA,38,394,@ SEA,21,·,20.4,6.3
5,10229,Rashee Rice,WR,25.4,KC,999.0,999,999,0,0,0,1,0,0,0,0,0,0.0%,0,0,0,0,0,0,0.00,0,0,0,0,0.00,0.00,0,0,0,0,0,0,0,0,0.0,0.0,0,0,0,0,0,NA,0,0,NA,NA,NA,NA,0,NA,0,0,NA,NA,NA,NA,NA,0,NA,NA,NA,NA,NA,NA,NA,0,@ JAX,24,SUS,SUS,SUS
5,4034,Christian McCaffrey,RB,29.3,SF,4.0,6,6,27.9,23.9,19.9,1,1,1,86,76,0,0.0%,0,0,0,0,0,0,0.00,57,0,0,0,0.00,0.00,8,2,0,4,1,9,80,82,10.3,9.1,22,0,2,139,0,59,57,2.59,88.4%,12,2.70,0.545,2,0.815,7,31,0.226,7.0,NA,18.4%,NA,0,NA,NA,NA,NA,NA,NA,NA,139,@ LAR,30,·,24.9,3.0
5,11628,Marvin Harrison Jr.,WR,23.1,ARI,22.0,23,24,13.8,11.8,9.8,1,1,1,67,52,0,0.0%,0,0,0,0,0,0,0.00,0,0,0,0,0.00,0.00,4,88,0,4,0,5,10,98,24.5,19.6,0,0,0,98,0,NA,0,0,77.6%,NA,NA,NA,0,NA,4,5,0.800,4.0,31,15.6%,3.16,0,NA,NA,NA,NA,NA,0.129,NA,98,vs TEN,9,·,11.8,2.0
5,12529,TreVeyon Henderson,RB,22.9,NE,43.0,43,44,4.7,3.7,2.7,1,1,0,60,30,0,0.0%,0,0,0,0,0,0,0.00,24,0,0,0,0.00,0.00,2,-2,0,0,0,3,5,3,1.5,1.0,6,0,1,27,0,25,24,4,50.0%,1,4.10,0.167,1,0.577,1,9,0.111,1.0,NA,10.0%,NA,0,NA,NA,NA,NA,NA,NA,NA,27,@ BUF,13,·,9.5,-4.8
5,8150,Kyren Williams,RB,25.1,LAR,3.0,3,5,31.1,27.1,23.1,1,1,1,68,62,1,0.0%,0,0,0,0,0,0,0.00,65,0,0,0,0.00,0.00,8,30,1,1,2,10,36,66,8.3,6.6,14,0,4,131,0,49,65,4.64,91.2%,2,3.50,0.143,4,0.493,7,24,0.292,7.0,NA,21.3%,NA,0,NA,NA,NA,NA,NA,NA,NA,131,vs SF,14,·,13.9,17.2
5,5850,Josh Jacobs,RB,27.6,GB,0.0,0,0,0,0,0,0,0,0,0,0,0,0.0%,0,0,0,0,0,0,0.00,0,0,0,0,0.00,0.00,0,0,0,0,0,0,0,0,0.0,0.0,0,0,0,0,0,NA,0,0,NA,NA,NA,NA,0,NA,0,0,NA,NA,NA,NA,NA,0,NA,NA,NA,NA,NA,NA,NA,0,BYE,BYE,BYE,BYE,BYE
5,8183,Brock Purdy,QB,25.8,SF,0.0,0,0,0,0,0,0,0,0,0,0,0,0.0%,0,0,0,0,0,0,0.00,0,0,0,0,0.00,0.00,0,0,0,0,0,0,0,0,0.0,0.0,0,0,0,0,0,NA,0,0,NA,NA,NA,NA,0,NA,0,0,NA,NA,NA,NA,NA,0,NA,NA,NA,NA,NA,NA,NA,0,@ LAR,17,OUT,OUT,OUT
5,8155,Breece Hall,RB,24.3,NYJ,12.0,13,13,17.5,15.5,13.5,1,1,1,82,51,1,0.0%,0,0,0,0,0,0,0.00,113,0,0,0,0.00,0.00,4,17,0,1,0,5,25,42,10.5,8.4,14,1,6,155,0,39,113,8.07,62.2%,5,2.80,0.357,6,0.637,7,19,0.368,7.0,NA,10.9%,NA,0,NA,NA,NA,NA,NA,NA,NA,155,vs DAL,5,·,15.8,1.7
5,5859,A.J. Brown,WR,28.2,PHI,48.0,52,56,9.3,6.8,4.3,1,1,1,61,57,0,0.0%,0,0,0,0,0,0,0.00,0,0,0,0,0.00,0.00,5,29,0,3,0,8,14,43,8.6,5.4,0,0,0,43,0,NA,0,0,93.4%,NA,NA,NA,0,NA,3,8,0.375,3.0,42,21.1%,1.02,0,NA,NA,NA,NA,NA,0.071,NA,43,vs DEN,27,·,13.5,-4.2
5,9997,Zay Flowers,WR,25.0,BAL,29.0,33,38,12.2,9.7,7.2,1,1,1,43,36,0,0.0%,0,0,0,0,0,0,0.00,0,0,0,0,0.00,0.00,5,42,0,1,0,5,30,72,14.4,14.4,0,0,0,72,0,NA,0,0,83.7%,NA,NA,NA,0,NA,1,5,0.200,1.0,21,25.0%,3.43,0,NA,NA,NA,NA,NA,0.048,NA,72,vs HOU,26,·,14.5,-2.3
5,12522,Cam Ward,QB,23.3,TEN,26.0,26,26,9,9,9,1,1,1,67,67,0,53.8%,184,39,21,12,18,1,64.60,259,2,0,265,6.79,12.62,0,0,0,0,0,0,0,0,0.0,0.0,5,1,0,-6,0,NA,-6,-1.2,100.0%,NA,NA,NA,0,NA,12,44,NA,NA,NA,NA,NA,12,30.8%,2.93,15.4%,23.8%,10.9,NA,42,259,@ ARI,25,·,14.8,-5.8
5,12508,Jaxson Dart,QB,22.4,NYG,16.0,16,16,17.58,17.58,17.58,1,1,1,73,73,1,65.0%,64,40,26,8,14,2,73.10,257,1,2,202,5.05,7.77,0,0,0,0,0,0,0,0,0.0,0.0,7,0,4,55,0,NA,55,7.86,100.0%,NA,NA,NA,4,NA,14,47,NA,NA,NA,NA,NA,10,25.0%,2.93,15.0%,34.8%,8.5,NA,46,257,@ NO,5,Q,19.7,-2.1
5,11638,Ricky Pearsall,WR,25.0,SF,0.0,0,0,0,0,0,0,0,0,0,0,0,0.0%,0,0,0,0,0,0,0.00,0,0,0,0,0.00,0.00,0,0,0,0,0,0,0,0,0.0,0.0,0,0,0,0,0,NA,0,0,NA,NA,NA,NA,0,NA,0,0,NA,NA,NA,NA,NA,0,NA,NA,NA,NA,NA,NA,NA,0,@ LAR,12,OUT,OUT,OUT
5,9484,Tucker Kraft,TE,24.9,GB,0.0,0,0,0,0,0,0,0,0,0,0,0,0.0%,0,0,0,0,0,0,0.00,0,0,0,0,0.00,0.00,0,0,0,0,0,0,0,0,0.0,0.0,0,0,0,0,0,NA,0,0,NA,NA,NA,NA,0,NA,0,0,NA,NA,NA,NA,NA,0,NA,NA,NA,NA,NA,NA,NA,0,BYE,BYE,BYE,BYE,BYE
5,9758,C.J. Stroud,QB,24.0,HOU,1.0,1,1,28.76,28.76,28.76,1,1,1,70,56,0,85.2%,167,27,23,9,4,0,143.90,274,2,4,244,9.04,10.61,0,0,0,0,0,0,0,0,0.0,0.0,1,0,1,30,0,NA,30,30,80.0%,NA,NA,NA,1,NA,14,28,NA,NA,NA,NA,NA,13,48.1%,2.67,7.4%,30.0%,7.5,NA,30,274,@ BAL,2,·,15.4,13.4
5,8151,Kenneth Walker III,RB,24.9,SEA,26.0,26,24,9.6,9.1,8.6,1,1,1,61,27,0,0.0%,0,0,0,0,0,0,0.00,86,0,0,0,0.00,0.00,1,0,0,0,0,1,0,0,0.0,0.0,10,1,3,86,0,19,86,8.6,44.3%,2,1.90,0.200,3,0.390,3,11,0.273,3.0,NA,2.9%,NA,0,NA,NA,NA,NA,NA,NA,NA,86,vs TB,17,·,12.0,-2.4
5,3163,Jared Goff,QB,31.0,DET,13.0,13,13,20.12,20.12,20.12,1,1,1,62,62,1,82.6%,86,23,19,11,4,0,153.00,256,4,3,258,11.22,13.58,0,0,0,0,0,0,0,0,0.0,0.0,2,0,0,-2,0,NA,-2,-1,100.0%,NA,NA,NA,0,NA,14,25,NA,NA,NA,NA,NA,14,60.9%,2.60,4.3%,29.6%,4.8,NA,27,256,@ CIN,7,·,20.0,0.1
5,8148,Jameson Williams,WR,24.5,DET,89.0,89,88,2,1.5,1,1,1,1,62,51,0,0.0%,0,0,0,0,0,0,0.00,1,0,0,0,0.00,0.00,1,7,0,1,0,1,2,9,9.0,9.0,1,0,0,10,0,NA,1,1,82.3%,NA,NA,NA,0,NA,1,2,0.500,1.0,24,4.2%,0.38,0,NA,NA,NA,NA,NA,0.042,NA,10,@ CIN,11,·,12.3,-10.3
5,10859,Sam LaPorta,TE,24.7,DET,4.0,4,4,20.2,17.7,15.2,1,1,1,62,58,0,0.0%,0,0,0,0,0,0,0.00,0,0,0,0,0.00,0.00,5,23,0,3,1,6,69,92,18.4,15.3,0,0,0,92,0,NA,0,0,93.5%,NA,NA,NA,0,NA,4,6,0.667,4.0,21,25.0%,4.38,0,NA,NA,NA,NA,NA,0.143,NA,92,@ CIN,1,·,11.7,8.5
5,3198,Derrick Henry,RB,31.7,BAL,29.0,25,23,9.3,9.3,9.3,1,1,1,43,28,0,0.0%,0,0,0,0,0,0,0.00,33,0,0,0,0.00,0.00,0,0,0,0,0,1,0,0,0.0,0.0,15,0,2,33,1,38,33,2.2,65.1%,0,2.50,0.000,3,0.250,3,16,0.188,3.0,NA,5.0%,NA,0,NA,NA,NA,NA,NA,NA,NA,33,vs HOU,20,·,18.1,-8.8
5,5849,Kyler Murray,QB,28.1,ARI,22.0,22,21,15.3,15.3,15.3,1,1,1,67,65,1,74.2%,105,31,23,8,8,0,93.50,245,3,0,220,7.10,9.57,0,0,0,0,0,0,0,0,0.0,0.0,4,0,2,25,1,NA,25,6.25,97.0%,NA,NA,NA,3,NA,11,35,NA,NA,NA,NA,NA,8,25.8%,2.89,9.7%,38.9%,7.1,NA,36,245,vs TEN,23,Q,20.5,-5.2
5,6801,Tee Higgins,WR,26.7,CIN,35.0,32,30,11.2,9.7,8.2,1,1,1,62,60,0,0.0%,0,0,0,0,0,0,0.00,0,0,0,0,0.00,0.00,3,22,0,2,1,7,0,22,7.3,3.1,0,0,0,22,0,NA,0,0,96.8%,NA,NA,NA,0,NA,3,7,0.429,3.0,41,17.5%,0.54,0,NA,NA,NA,NA,NA,0.049,NA,22,vs DET,6,·,10.9,0.3
5,8137,George Pickens,WR,24.6,DAL,24.0,19,16,13.7,12.7,11.7,1,1,1,60,47,0,0.0%,0,0,0,0,0,0,0.00,0,0,0,0,0.00,0.00,2,49,0,1,1,4,8,57,28.5,14.3,0,0,0,57,0,NA,0,0,78.3%,NA,NA,NA,0,NA,2,4,0.500,2.0,28,13.8%,2.04,0,NA,NA,NA,NA,NA,0.036,NA,57,@ NYJ,13,·,16.1,-2.4
5,7525,DeVonta Smith,WR,26.9,PHI,10.0,14,17,19.4,15.4,11.4,1,1,1,61,60,0,0.0%,0,0,0,0,0,0,0.00,0,0,0,0,0.00,0.00,8,74,0,3,0,10,40,114,14.3,11.4,0,0,0,114,0,NA,0,0,98.4%,NA,NA,NA,0,NA,3,10,0.300,3.0,44,26.3%,2.59,0,NA,NA,NA,NA,NA,0.068,NA,114,vs DEN,27,·,11.8,7.6
5,11624,Xavier Worthy,WR,22.4,KC,37.0,45,50,11.1,8.1,5.1,1,1,1,64,49,0,0.0%,0,0,0,0,0,0,0.00,9,0,0,0,0.00,0.00,6,35,0,1,0,9,7,42,7.0,4.7,1,0,0,51,0,NA,9,9,76.6%,NA,NA,NA,0,NA,1,10,0.100,1.0,33,22.0%,1.27,0,NA,NA,NA,NA,NA,0.030,NA,51,@ JAX,24,·,13.2,-2.1
5,9224,Chase Brown,RB,25.5,CIN,24.0,28,37,11.8,8.3,4.8,1,1,1,62,33,1,0.0%,0,0,0,0,0,0,0.00,27,0,0,0,0.00,0.00,7,-3,0,0,0,8,24,21,3.0,2.6,8,0,0,48,0,18,27,3.38,53.2%,0,2.30,0.000,0,0.230,0,16,0.000,0.0,NA,20.0%,NA,0,NA,NA,NA,NA,NA,NA,NA,48,vs DET,26,·,15.0,-3.2
5,12530,Travis Hunter,WR,22.4,JAX,47.0,48,40,9.4,7.9,6.4,1,1,1,58,39,0,0.0%,0,0,0,0,0,0,0.00,0,0,0,0,0.00,0.00,3,48,0,2,0,3,16,64,21.3,21.3,0,0,0,64,0,NA,0,0,67.2%,NA,NA,NA,0,NA,2,3,0.667,2.0,20,12.0%,3.20,0,NA,NA,NA,NA,NA,0.100,NA,64,vs KC,31,·,7.3,2.1
5,12481,Cam Skattebo,RB,23.6,NYG,19.0,21,25,14.4,11.4,8.4,1,1,1,73,50,1,0.0%,0,0,0,0,0,0,0.00,59,0,0,0,0.00,0.00,6,-6,0,3,0,7,51,45,7.5,6.4,15,0,4,104,0,51,59,3.93,68.5%,5,3.40,0.333,4,0.673,7,22,0.318,7.0,NA,17.5%,NA,0,NA,NA,NA,NA,NA,NA,NA,104,@ NO,11,·,17.2,-2.8
5,11565,J.J. McCarthy,QB,22.7,MIN,0.0,0,0,0,0,0,0,0,0,0,0,0,0.0%,0,0,0,0,0,0,0.00,0,0,0,0,0.00,0.00,0,0,0,0,0,0,0,0,0.0,0.0,0,0,0,0,0,NA,0,0,NA,NA,NA,NA,0,NA,0,0,NA,NA,NA,NA,NA,0,NA,NA,NA,NA,NA,NA,NA,0,@ CLE,24,OUT,OUT,OUT
5,9756,Jordan Addison,WR,23.7,MIN,19.0,20,18,15.1,12.6,10.1,1,1,0,65,49,0,0.0%,0,0,0,0,0,0,0.00,0,0,0,0,0.00,0.00,5,30,0,2,1,6,11,41,8.2,6.8,0,0,0,41,0,NA,0,0,75.4%,NA,NA,NA,0,NA,3,6,0.500,3.0,28,17.1%,1.46,0,NA,NA,NA,NA,NA,0.071,NA,41,@ CLE,8,·,9.7,5.4
5,12501,Matthew Golden,WR,22.2,GB,0.0,0,0,0,0,0,0,0,0,0,0,0,0.0%,0,0,0,0,0,0,0.00,0,0,0,0,0.00,0.00,0,0,0,0,0,0,0,0,0.0,0.0,0,0,0,0,0,NA,0,0,NA,NA,NA,NA,0,NA,0,0,NA,NA,NA,NA,NA,0,NA,NA,NA,NA,NA,NA,NA,0,BYE,BYE,BYE,BYE,BYE
5,3294,Dak Prescott,QB,32.2,DAL,3.0,3,3,28.28,28.28,28.28,1,1,1,60,60,0,62.1%,111,29,18,8,11,0,127.40,265,1,4,237,8.17,13.17,0,0,0,0,0,0,0,0,0.0,0.0,7,0,2,28,0,NA,28,4,100.0%,NA,NA,NA,2,NA,14,36,NA,NA,NA,NA,NA,12,41.4%,2.72,13.8%,36.4%,8.1,NA,33,265,@ NYJ,6,·,20.5,7.8
5,5846,DK Metcalf,WR,27.8,PIT,0.0,0,0,0,0,0,0,0,0,0,0,0,0.0%,0,0,0,0,0,0,0.00,0,0,0,0,0.00,0.00,0,0,0,0,0,0,0,0,0.0,0.0,0,0,0,0,0,NA,0,0,NA,NA,NA,NA,0,NA,0,0,NA,NA,NA,NA,NA,0,NA,NA,NA,NA,NA,NA,NA,0,BYE,BYE,BYE,BYE,BYE
5,7594,Chuba Hubbard,RB,26.3,CAR,0.0,0,0,0,0,0,0,0,0,0,0,0,0.0%,0,0,0,0,0,0,0.00,0,0,0,0,0.00,0.00,0,0,0,0,0,0,0,0,0.0,0.0,0,0,0,0,0,NA,0,0,NA,NA,NA,NA,0,NA,0,0,NA,NA,NA,NA,NA,0,NA,NA,NA,NA,NA,NA,NA,0,vs MIA,4,OUT,OUT,OUT
5,8144,Chris Olave,WR,25.2,NO,28.0,35,45,12.9,9.4,5.9,1,1,1,66,48,0,0.0%,0,0,0,0,0,0,0.00,0,0,0,0,0.00,0.00,7,44,0,3,0,11,15,59,8.4,5.4,0,0,0,59,0,NA,0,0,72.7%,NA,NA,NA,0,NA,3,11,0.273,3.0,30,34.4%,1.97,0,NA,NA,NA,NA,NA,0.100,NA,59,vs NYG,3,·,13.2,-0.3
5,11559,Michael Penix Jr.,QB,25.4,ATL,0.0,0,0,0,0,0,0,0,0,0,0,0,0.0%,0,0,0,0,0,0,0.00,0,0,0,0,0.00,0.00,0,0,0,0,0,0,0,0,0.0,0.0,0,0,0,0,0,NA,0,0,NA,NA,NA,NA,0,NA,0,0,NA,NA,NA,NA,NA,0,NA,NA,NA,NA,NA,NA,NA,0,BYE,BYE,BYE,BYE,BYE
5,5870,Daniel Jones,QB,28.3,IND,18.0,18,18,16.68,16.68,16.68,1,1,1,66,59,1,69.0%,147,29,20,9,9,0,113.00,214,0,2,212,7.31,10.60,0,0,0,0,0,0,0,0,0.0,0.0,1,0,1,2,0,NA,2,2,89.4%,NA,NA,NA,1,NA,12,30,NA,NA,NA,NA,NA,11,37.9%,2.55,6.9%,27.6%,8.2,NA,29,214,vs LV,13,·,19.7,-3.0
5,11589,Trey Benson,RB,23.2,ARI,999.0,999,999,0,0,0,1,0,0,0,0,0,0.0%,0,0,0,0,0,0,0.00,0,0,0,0,0.00,0.00,0,0,0,0,0,0,0,0,0.0,0.0,0,0,0,0,0,NA,0,0,NA,NA,NA,NA,0,NA,0,0,NA,NA,NA,NA,NA,0,NA,NA,NA,NA,NA,NA,NA,0,vs TEN,3,IR,IR,IR
5,7523,Trevor Lawrence,QB,26.0,JAX,5.0,5,5,27.24,27.24,27.24,1,1,1,58,58,1,72.0%,120,25,18,7,7,1,95.60,275,3,1,221,8.84,12.28,0,0,0,0,0,0,0,0,0.0,0.0,10,1,4,54,2,NA,54,5.4,100.0%,NA,NA,NA,6,NA,14,35,NA,NA,NA,NA,NA,8,32.0%,2.75,8.0%,33.3%,8.1,NA,36,275,vs KC,30,·,18.7,8.5
5,9754,Quentin Johnston,WR,24.1,LAC,61.0,63,68,6.9,4.9,2.9,1,1,0,67,55,1,0.0%,0,0,0,0,0,0,0.00,9,0,0,0,0.00,0.00,4,25,0,2,0,4,15,40,10.0,10.0,1,0,0,49,0,NA,9,9,82.1%,NA,NA,NA,0,NA,2,5,0.400,2.0,31,12.1%,1.29,0,NA,NA,NA,NA,NA,0.065,NA,49,vs WAS,10,·,13.8,-6.9
5,7543,Travis Etienne,RB,26.7,JAX,30.0,30,31,8.8,7.3,5.8,1,1,1,58,34,0,0.0%,0,0,0,0,0,0,0.00,49,0,0,0,0.00,0.00,3,-2,0,0,0,4,11,9,3.0,2.3,12,0,2,58,0,42,49,4.08,58.6%,2,3.50,0.167,2,0.517,2,16,0.125,2.0,NA,16.0%,NA,0,NA,NA,NA,NA,NA,NA,NA,58,vs KC,22,·,12.8,-4.0
5,8408,Jordan Mason,RB,26.4,MIN,22.0,23,22,12.6,11.1,9.6,1,1,1,65,43,1,0.0%,0,0,0,0,0,0,0.00,52,0,0,0,0.00,0.00,3,-17,0,0,0,4,21,4,1.3,1.0,13,0,2,56,1,47,52,4,66.2%,3,3.60,0.231,3,0.591,3,17,0.176,3.0,NA,11.4%,NA,0,NA,NA,NA,NA,NA,NA,NA,56,@ CLE,28,·,15.4,-2.8
5,12489,RJ Harvey,RB,24.6,DEN,37.0,41,41,6,4.5,3,1,1,0,74,15,0,0.0%,0,0,0,0,0,0,0.00,12,0,0,0,0.00,0.00,3,6,0,0,0,3,12,18,6.0,6.0,4,0,1,30,0,9,12,3,20.3%,0,2.30,0.000,1,0.230,1,7,0.143,1.0,NA,7.7%,NA,0,NA,NA,NA,NA,NA,NA,NA,30,@ PHI,8,·,9.7,-3.7
5,4217,George Kittle,TE,32.0,SF,999.0,999,999,0,0,0,1,0,0,0,0,0,0.0%,0,0,0,0,0,0,0.00,0,0,0,0,0.00,0.00,0,0,0,0,0,0,0,0,0.0,0.0,0,0,0,0,0,NA,0,0,NA,NA,NA,NA,0,NA,0,0,NA,NA,NA,NA,NA,0,NA,NA,NA,NA,NA,NA,NA,0,@ LAR,13,IR,IR,IR
5,7526,Jaylen Waddle,WR,26.8,MIA,8.0,4,5,23,20,17,1,1,1,55,49,0,0.0%,0,0,0,0,0,0,0.00,0,0,0,0,0.00,0.00,6,92,1,5,1,9,18,110,18.3,12.2,0,0,0,110,0,NA,0,0,89.1%,NA,NA,NA,0,NA,6,9,0.667,6.0,33,25.0%,3.33,0,NA,NA,NA,NA,NA,0.152,NA,110,@ CAR,29,·,13.7,9.3
5,12517,Colston Loveland,TE,21.5,CHI,0.0,0,0,0,0,0,0,0,0,0,0,0,0.0%,0,0,0,0,0,0,0.00,0,0,0,0,0.00,0.00,0,0,0,0,0,0,0,0,0.0,0.0,0,0,0,0,0,NA,0,0,NA,NA,NA,NA,0,NA,0,0,NA,NA,NA,NA,NA,0,NA,NA,NA,NA,NA,NA,NA,0,BYE,BYE,BYE,BYE,BYE
5,11637,Keon Coleman,WR,22.4,BUF,43.0,42,42,10.3,8.3,6.3,1,1,0,68,42,1,0.0%,0,0,0,0,0,0,0.00,0,0,0,0,0.00,0.00,4,21,0,2,1,7,2,23,5.8,3.3,0,0,0,23,0,NA,0,0,61.8%,NA,NA,NA,0,NA,3,7,0.429,3.0,22,22.6%,1.05,0,NA,NA,NA,NA,NA,0.091,NA,23,vs NE,7,·,10.4,-0.1
5,7588,Javonte Williams,RB,25.4,DAL,6.0,4,3,26.9,26.4,25.9,1,1,1,60,46,0,0.0%,0,0,0,0,0,0,0.00,135,0,0,0,0.00,0.00,1,0,0,0,1,2,4,4,4.0,2.0,16,1,5,139,1,93,135,8.44,76.7%,7,5.80,0.438,6,1.018,7,18,0.389,7.0,NA,6.9%,NA,0,NA,NA,NA,NA,NA,NA,NA,139,@ NYJ,9,·,16.0,10.9
5,5045,Courtland Sutton,WR,30.0,DEN,16.0,18,22,17.9,13.9,9.9,1,1,1,74,70,0,0.0%,0,0,0,0,0,0,0.00,0,0,0,0,0.00,0.00,8,65,1,5,0,10,34,99,12.4,9.9,0,0,0,99,0,NA,0,0,94.6%,NA,NA,NA,0,NA,5,10,0.500,5.0,41,25.6%,2.41,0,NA,NA,NA,NA,NA,0.122,NA,99,@ PHI,15,·,12.0,5.9
5,12506,Harold Fannin,TE,21.2,CLE,15.0,16,16,11.3,9.3,7.3,1,1,1,70,55,0,0.0%,0,0,0,0,0,0,0.00,0,0,0,0,0.00,0.00,4,5,0,1,1,4,8,13,3.3,3.3,0,0,0,13,0,NA,0,0,78.6%,NA,NA,NA,0,NA,2,4,0.500,2.0,18,12.1%,0.72,0,NA,NA,NA,NA,NA,0.056,NA,13,vs MIN,14,·,9.3,2.0
5,12519,Luther Burden,WR,21.8,CHI,0.0,0,0,0,0,0,0,0,0,0,0,0,0.0%,0,0,0,0,0,0,0.00,0,0,0,0,0.00,0.00,0,0,0,0,0,0,0,0,0.0,0.0,0,0,0,0,0,NA,0,0,NA,NA,NA,NA,0,NA,0,0,NA,NA,NA,NA,NA,0,NA,NA,NA,NA,NA,NA,NA,0,BYE,BYE,BYE,BYE,BYE
5,5927,Terry McLaurin,WR,30.0,WAS,0.0,0,0,0,0,0,0,0,0,0,0,0,0.0%,0,0,0,0,0,0,0.00,0,0,0,0,0.00,0.00,0,0,0,0,0,0,0,0,0.0,0.0,0,0,0,0,0,NA,0,0,NA,NA,NA,NA,0,NA,0,0,NA,NA,NA,NA,NA,0,NA,NA,NA,NA,NA,NA,NA,0,@ LAC,25,OUT,OUT,OUT
5,9228,Bryce Young,QB,24.2,CAR,24.0,24,24,13.02,13.02,13.02,1,1,1,70,70,1,63.3%,125,30,19,10,11,1,90.70,199,3,2,198,6.60,10.42,0,0,0,0,0,0,0,0,0.0,0.0,3,0,0,1,0,NA,1,0.33,100.0%,NA,NA,NA,0,NA,12,33,NA,NA,NA,NA,NA,12,40.0%,2.77,16.7%,41.2%,9.2,NA,34,199,vs MIA,3,·,18.0,-5.0
5,2133,Davante Adams,WR,32.8,LAR,23.0,25,27,13.8,11.3,8.8,1,1,1,68,58,0,0.0%,0,0,0,0,0,0,0.00,0,0,0,0,0.00,0.00,5,69,1,3,0,11,19,88,17.6,8.0,0,0,0,88,0,NA,0,0,85.3%,NA,NA,NA,0,NA,3,11,0.273,3.0,40,23.4%,2.20,0,NA,NA,NA,NA,NA,0.075,NA,88,vs SF,18,·,14.1,-0.3
5,5892,David Montgomery,RB,28.3,DET,10.0,9,9,18.22,17.72,17.22,1,1,0,62,33,0,100.0%,3,1,1,0,0,0,118.80,68,0,1,3,3.00,3.00,1,3,0,1,0,1,3,6,6.0,6.0,18,2,3,71,1,34,65,3.61,53.2%,3,1.90,0.167,4,0.357,6,20,0.300,6.0,NA,4.2%,NA,1,100.0%,NA,NA,NA,NA,NA,NA,74,@ CIN,1,·,11.7,6.5
5,12533,Jacory Croskey-Merritt,RB,24.5,WAS,5.0,5,4,27,26,25,1,1,1,59,28,1,0.0%,0,0,0,0,0,0,0.00,111,0,0,0,0.00,0.00,2,2,0,2,0,2,37,39,19.5,19.5,14,3,4,150,2,81,111,7.93,47.5%,6,5.80,0.429,6,1.009,8,16,0.500,8.0,NA,7.7%,NA,0,NA,NA,NA,NA,NA,NA,NA,150,@ LAC,25,·,8.7,18.3
5,12490,Bhayshul Tuten,RB,22.6,JAX,57.0,57,62,2.1,1.6,1.1,1,1,0,58,12,0,0.0%,0,0,0,0,0,0,0.00,6,0,0,0,0.00,0.00,1,-5,0,0,0,1,10,5,5.0,5.0,4,0,1,11,0,9,6,1.5,20.7%,1,2.20,0.250,1,0.470,1,5,0.200,1.0,NA,4.0%,NA,0,NA,NA,NA,NA,NA,NA,NA,11,vs KC,22,·,6.0,-3.9
5,7591,Justin Fields,QB,26.6,NYJ,7.0,7,7,25.92,25.92,25.92,1,1,1,82,82,0,69.6%,176,46,32,12,14,0,100.20,309,5,2,283,6.15,8.84,0,0,0,0,0,0,0,0,0.0,0.0,7,0,3,26,0,NA,26,3.71,100.0%,NA,NA,NA,3,NA,17,53,NA,NA,NA,NA,NA,14,30.4%,2.90,4.3%,50.0%,6.6,NA,54,309,vs DAL,1,·,22.5,3.4
5,4943,Sam Darnold,QB,28.3,SEA,2.0,2,2,28.64,28.64,28.64,1,1,1,61,61,0,82.4%,237,34,28,14,6,1,135.40,341,0,4,341,10.03,12.18,0,0,0,0,0,0,0,0,0.0,0.0,0,0,0,0,0,NA,0,0,100.0%,NA,NA,NA,0,NA,18,34,NA,NA,NA,NA,NA,18,52.9%,2.88,8.8%,41.2%,8.5,NA,34,341,vs TB,4,·,18.2,10.4
5,6819,Michael Pittman,WR,28.0,IND,21.0,22,23,14.9,12.4,9.9,1,1,1,66,54,0,0.0%,0,0,0,0,0,0,0.00,0,0,0,0,0.00,0.00,5,27,1,2,1,6,12,39,7.8,6.5,0,0,0,39,0,NA,0,0,81.8%,NA,NA,NA,0,NA,3,6,0.500,3.0,27,18.8%,1.44,0,NA,NA,NA,NA,NA,0.074,NA,39,vs LV,4,·,13.1,1.8
5,4983,D.J. Moore,WR,28.4,CHI,0.0,0,0,0,0,0,0,0,0,0,0,0,0.0%,0,0,0,0,0,0,0.00,0,0,0,0,0.00,0.00,0,0,0,0,0,0,0,0,0.0,0.0,0,0,0,0,0,NA,0,0,NA,NA,NA,NA,0,NA,0,0,NA,NA,NA,NA,NA,0,NA,NA,NA,NA,NA,NA,NA,0,BYE,BYE,BYE,BYE,BYE
5,8228,Jaylen Warren,RB,26.9,PIT,0.0,0,0,0,0,0,0,0,0,0,0,0,0.0%,0,0,0,0,0,0,0.00,0,0,0,0,0.00,0.00,0,0,0,0,0,0,0,0,0.0,0.0,0,0,0,0,0,NA,0,0,NA,NA,NA,NA,0,NA,0,0,NA,NA,NA,NA,NA,0,NA,NA,NA,NA,NA,NA,NA,0,BYE,BYE,BYE,BYE,BYE
5,9753,Zach Charbonnet,RB,24.7,SEA,25.0,22,20,11.8,11.3,10.8,1,1,0,61,34,0,0.0%,0,0,0,0,0,0,0.00,36,0,0,0,0.00,0.00,1,4,0,0,0,2,8,12,12.0,6.0,9,2,2,48,1,28,36,4,55.7%,2,3.10,0.222,3,0.532,3,11,0.273,3.0,NA,5.9%,NA,0,NA,NA,NA,NA,NA,NA,NA,48,vs TB,17,·,10.2,1.6
5,12499,Elic Ayomanor,WR,22.3,TEN,74.0,73,74,3.8,2.8,1.8,1,1,0,67,48,0,0.0%,0,0,0,0,0,0,0.00,0,0,0,0,0.00,0.00,2,17,0,2,0,4,1,18,9.0,4.5,0,0,0,18,0,NA,0,0,71.6%,NA,NA,NA,0,NA,2,4,0.500,2.0,35,10.3%,0.51,0,NA,NA,NA,NA,NA,0.057,NA,18,@ ARI,14,·,10.4,-6.6
5,10236,Dalton Kincaid,TE,25.9,BUF,10.0,8,8,16.8,13.8,10.8,1,1,1,68,37,0,0.0%,0,0,0,0,0,0,0.00,0,0,0,0,0.00,0.00,6,75,0,5,0,6,33,108,18.0,18.0,0,0,0,108,0,NA,0,0,54.4%,NA,NA,NA,0,NA,5,6,0.833,5.0,21,19.4%,5.14,0,NA,NA,NA,NA,NA,0.238,NA,108,vs NE,5,·,9.5,7.3
5,4035,Alvin Kamara,RB,30.2,NO,27.0,29,33,9.5,7.5,5.5,1,1,1,66,37,0,0.0%,0,0,0,0,0,0,0.00,27,0,0,0,0.00,0.00,4,14,2,2,0,6,14,28,7.0,4.7,8,1,0,55,0,25,27,3.38,56.1%,4,3.10,0.500,0,0.810,2,14,0.143,2.0,NA,18.8%,NA,0,NA,NA,NA,NA,NA,NA,NA,55,vs NYG,6,·,14.5,-5.0
5,8110,Jake Ferguson,TE,26.7,DAL,2.0,2,2,23.9,20.4,16.9,1,1,1,60,33,0,0.0%,0,0,0,0,0,0,0.00,0,0,0,0,0.00,0.00,7,-1,0,1,2,9,50,49,7.0,5.4,0,0,0,49,0,NA,0,0,55.0%,NA,NA,NA,0,NA,3,9,0.333,3.0,19,31.0%,2.58,0,NA,NA,NA,NA,NA,0.053,NA,49,@ NYJ,7,·,11.7,12.2
5,5947,Jakobi Meyers,WR,28.9,LV,58.0,62,64,7.2,5.2,3.2,1,1,1,68,60,0,0.0%,0,0,0,0,0,0,0.00,0,0,0,0,0.00,0.00,4,25,0,2,0,6,7,32,8.0,5.3,0,0,0,32,0,NA,0,0,88.2%,NA,NA,NA,0,NA,2,6,0.333,2.0,37,16.7%,0.86,0,NA,NA,NA,NA,NA,0.054,NA,32,@ IND,5,·,15.9,-8.7
5,6806,J.K. Dobbins,RB,26.8,DEN,16.0,14,12,15.4,14.9,14.4,1,1,1,74,39,0,0.0%,0,0,0,0,0,0,0.00,79,0,0,0,0.00,0.00,1,-3,0,0,0,1,8,5,5.0,5.0,20,2,4,84,1,72,79,3.95,52.7%,4,3.60,0.200,5,0.560,5,21,0.238,5.0,NA,2.6%,NA,0,NA,NA,NA,NA,NA,NA,NA,84,@ PHI,8,·,12.1,3.3
5,2216,Mike Evans,WR,32.1,TB,0.0,0,0,0,0,0,0,0,0,0,0,0,0.0%,0,0,0,0,0,0,0.00,0,0,0,0,0.00,0.00,0,0,0,0,0,0,0,0,0.0,0.0,0,0,0,0,0,NA,0,0,NA,NA,NA,NA,0,NA,0,0,NA,NA,NA,NA,NA,0,NA,NA,NA,NA,NA,NA,NA,0,@ SEA,17,OUT,OUT,OUT
5,5872,Deebo Samuel,WR,29.7,WAS,7.0,6,6,23.6,19.6,15.6,1,1,1,59,46,0,0.0%,0,0,0,0,0,0,0.00,0,0,0,0,0.00,0.00,8,53,0,3,1,11,43,96,12.0,8.7,0,0,0,96,0,NA,0,0,78.0%,NA,NA,NA,0,NA,4,11,0.364,4.0,24,42.3%,4.00,0,NA,NA,NA,NA,NA,0.125,NA,96,@ LAC,25,·,14.8,8.8
5,6783,Jerry Jeudy,WR,26.4,CLE,79.0,80,81,3.5,2.5,1.5,1,1,1,70,63,0,0.0%,0,0,0,0,0,0,0.00,0,0,0,0,0.00,0.00,2,12,1,1,0,5,3,15,7.5,3.0,0,0,0,15,0,NA,0,0,90.0%,NA,NA,NA,0,NA,1,5,0.200,1.0,34,15.2%,0.44,0,NA,NA,NA,NA,NA,0.029,NA,15,vs MIN,32,·,11.4,-7.9
5,3321,Tyreek Hill,WR,31.6,MIA,999.0,999,999,0,0,0,1,0,0,0,0,0,0.0%,0,0,0,0,0,0,0.00,0,0,0,0,0.00,0.00,0,0,0,0,0,0,0,0,0.0,0.0,0,0,0,0,0,NA,0,0,NA,NA,NA,NA,0,NA,0,0,NA,NA,NA,NA,NA,0,NA,NA,NA,NA,NA,NA,NA,0,@ CAR,29,IR,IR,IR
5,5844,T.J. Hockenson,TE,28.2,MIN,18.0,21,24,9.8,6.8,3.8,1,1,1,65,55,0,0.0%,0,0,0,0,0,0,0.00,0,0,0,0,0.00,0.00,6,12,0,2,0,6,26,38,6.3,6.3,0,0,0,38,0,NA,0,0,84.6%,NA,NA,NA,0,NA,2,6,0.333,2.0,28,17.1%,1.36,0,NA,NA,NA,NA,NA,0.071,NA,38,@ CLE,19,·,8.7,1.1
5,6803,Brandon Aiyuk,WR,27.5,SF,999.0,999,999,0,0,0,1,0,0,0,0,0,0.0%,0,0,0,0,0,0,0.00,0,0,0,0,0.00,0.00,0,0,0,0,0,0,0,0,0.0,0.0,0,0,0,0,0,NA,0,0,NA,NA,NA,NA,0,NA,0,0,NA,NA,NA,NA,NA,0,NA,NA,NA,NA,NA,NA,NA,0,@ LAR,12,PUP,PUP,PUP
5,6790,D'Andre Swift,RB,26.7,CHI,0.0,0,0,0,0,0,0,0,0,0,0,0,0.0%,0,0,0,0,0,0,0.00,0,0,0,0,0.00,0.00,0,0,0,0,0,0,0,0,0.0,0.0,0,0,0,0,0,NA,0,0,NA,NA,NA,NA,0,NA,0,0,NA,NA,NA,NA,NA,0,NA,NA,NA,NA,NA,NA,NA,0,BYE,BYE,BYE,BYE,BYE
5,10222,Jayden Reed,WR,25.4,GB,0.0,0,0,0,0,0,0,0,0,0,0,0,0.0%,0,0,0,0,0,0,0.00,0,0,0,0,0.00,0.00,0,0,0,0,0,0,0,0,0.0,0.0,0,0,0,0,0,NA,0,0,NA,NA,NA,NA,0,NA,0,0,NA,NA,NA,NA,NA,0,NA,NA,NA,NA,NA,NA,NA,0,BYE,BYE,BYE,BYE,BYE
5,8134,Khalil Shakir,WR,25.6,BUF,39.0,46,52,11,8,5,1,1,1,68,43,0,0.0%,0,0,0,0,0,0,0.00,5,0,0,0,0.00,0.00,6,-4,1,3,0,9,49,45,7.5,5.0,1,0,0,50,0,NA,5,5,63.2%,NA,NA,NA,0,NA,3,10,0.300,3.0,24,29.0%,1.88,0,NA,NA,NA,NA,NA,0.125,NA,50,vs NE,7,·,10.8,0.2
5,5967,Tony Pollard,RB,28.4,TEN,17.0,19,18,14.8,13.3,11.8,1,1,1,67,49,1,0.0%,0,0,0,0,0,0,0.00,67,0,0,0,0.00,0.00,3,2,0,0,0,3,9,11,3.7,3.7,14,2,3,78,1,52,67,4.79,73.1%,7,3.70,0.500,4,0.870,4,17,0.235,4.0,NA,7.7%,NA,0,NA,NA,NA,NA,NA,NA,NA,78,@ ARI,12,·,11.6,3.2
5,9500,Josh Downs,WR,24.1,IND,34.0,41,49,11.4,8.4,5.4,1,1,1,66,33,0,0.0%,0,0,0,0,0,0,0.00,0,0,0,0,0.00,0.00,6,31,0,4,0,8,23,54,9.0,6.8,0,0,0,54,0,NA,0,0,50.0%,NA,NA,NA,0,NA,4,8,0.500,4.0,23,25.0%,2.35,0,NA,NA,NA,NA,NA,0.174,NA,54,vs LV,4,·,9.3,2.1
5,7553,Kyle Pitts,TE,25.0,ATL,0.0,0,0,0,0,0,0,0,0,0,0,0,0.0%,0,0,0,0,0,0,0.00,0,0,0,0,0.00,0.00,0,0,0,0,0,0,0,0,0.0,0.0,0,0,0,0,0,NA,0,0,NA,NA,NA,NA,0,NA,0,0,NA,NA,NA,NA,NA,0,NA,NA,NA,NA,NA,NA,NA,0,BYE,BYE,BYE,BYE,BYE
5,4037,Chris Godwin,WR,29.6,TB,65.0,68,70,5.6,4.1,2.6,1,1,1,61,47,0,0.0%,0,0,0,0,0,0,0.00,0,0,0,0,0.00,0.00,3,8,0,2,0,4,18,26,8.7,6.5,0,0,0,26,0,NA,0,0,77.0%,NA,NA,NA,0,NA,2,4,0.500,2.0,26,12.1%,1.00,0,NA,NA,NA,NA,NA,0.077,NA,26,@ SEA,17,·,11.5,-5.9
5,12497,Tory Horton,WR,22.8,SEA,27.0,24,21,12.9,11.4,9.9,1,1,1,61,30,0,0.0%,0,0,0,0,0,0,0.00,0,0,0,0,0.00,0.00,3,27,0,1,1,4,12,39,13.0,9.8,0,0,0,39,0,NA,0,0,49.2%,NA,NA,NA,0,NA,2,4,0.500,2.0,17,11.8%,2.29,0,NA,NA,NA,NA,NA,0.059,NA,39,vs TB,16,·,6.6,6.3
5,12495,Ollie Gordon,RB,21.7,MIA,72.0,72,72,-0.2,-0.2,-0.2,1,1,0,55,14,0,0.0%,0,0,0,0,0,0,0.00,-2,0,0,0,0.00,0.00,0,0,0,0,0,0,0,0,0.0,0.0,3,0,0,-2,0,NA,-2,-0.67,25.5%,NA,NA,NA,0,NA,0,3,0.000,0.0,NA,NA,NA,0,NA,NA,NA,NA,NA,NA,NA,-2,@ CAR,16,·,6.2,-6.4
5,11627,Troy Franklin,WR,22.6,DEN,51.0,50,47,8.5,7,5.5,1,1,1,74,44,0,0.0%,0,0,0,0,0,0,0.00,0,0,0,0,0.00,0.00,3,27,0,2,0,5,8,35,11.7,7.0,0,0,0,35,0,NA,0,0,59.5%,NA,NA,NA,0,NA,2,5,0.400,2.0,32,12.8%,1.09,0,NA,NA,NA,NA,NA,0.063,NA,35,@ PHI,15,·,10.7,-2.2
5,12504,Kaleb Johnson,RB,22.1,PIT,0.0,0,0,0,0,0,0,0,0,0,0,0,0.0%,0,0,0,0,0,0,0.00,0,0,0,0,0.00,0.00,0,0,0,0,0,0,0,0,0.0,0.0,0,0,0,0,0,NA,0,0,NA,NA,NA,NA,0,NA,0,0,NA,NA,NA,NA,NA,0,NA,NA,NA,NA,NA,NA,NA,0,BYE,BYE,BYE,BYE,BYE
5,12484,Jayden Higgins,WR,22.8,HOU,57.0,61,63,7.2,5.2,3.2,1,1,1,70,39,0,0.0%,0,0,0,0,0,0,0.00,0,0,0,0,0.00,0.00,4,25,0,1,0,4,7,32,8.0,8.0,0,0,0,32,0,NA,0,0,55.7%,NA,NA,NA,0,NA,1,4,0.250,1.0,16,12.9%,2.00,0,NA,NA,NA,NA,NA,0.063,NA,32,@ BAL,2,·,4.3,2.9
5,9480,Brenton Strange,TE,24.8,JAX,39.0,36,33,3.2,2.7,2.2,1,1,1,58,22,0,0.0%,0,0,0,0,0,0,0.00,0,0,0,0,0.00,0.00,1,-2,0,1,0,1,24,22,22.0,22.0,0,0,0,22,0,NA,0,0,37.9%,NA,NA,NA,0,NA,1,1,1.000,1.0,8,4.0%,2.75,0,NA,NA,NA,NA,NA,0.125,NA,22,vs KC,31,OUT,9.1,-5.9
5,12535,Isaac TeSlaa,WR,23.6,DET,52.0,49,36,8.2,7.7,7.2,1,1,0,62,21,0,0.0%,0,0,0,0,0,0,0.00,0,0,0,0,0.00,0.00,1,12,0,0,1,1,0,12,12.0,12.0,0,0,0,12,0,NA,0,0,33.9%,NA,NA,NA,0,NA,1,1,1.000,1.0,15,4.2%,0.80,0,NA,NA,NA,NA,NA,0.000,NA,12,@ CIN,11,·,2.8,5.4
5,7049,Jauan Jennings,WR,28.2,SF,0.0,0,0,0,0,0,0,0,0,0,0,0,0.0%,0,0,0,0,0,0,0.00,0,0,0,0,0.00,0.00,0,0,0,0,0,0,0,0,0.0,0.0,0,0,0,0,0,NA,0,0,NA,NA,NA,NA,0,NA,0,0,NA,NA,NA,NA,NA,0,NA,NA,NA,NA,NA,NA,NA,0,@ LAR,12,OUT,OUT,OUT
5,421,Matthew Stafford,QB,37.6,LAR,8.0,8,8,25.56,25.56,25.56,1,1,1,68,68,1,63.8%,268,47,30,15,17,0,111.00,389,1,3,389,8.28,12.97,0,0,0,0,0,0,0,0,0.0,0.0,1,0,0,0,0,NA,0,0,100.0%,NA,NA,NA,0,NA,18,48,NA,NA,NA,NA,NA,18,38.3%,2.75,17.0%,20.8%,10.6,NA,48,389,vs SF,10,·,17.6,8.0
5,1479,Keenan Allen,WR,33.4,LAC,40.0,43,46,10.8,8.3,5.8,1,1,0,67,39,0,0.0%,0,0,0,0,0,0,0.00,0,0,0,0,0.00,0.00,5,27,1,3,0,9,31,58,11.6,6.4,0,0,0,58,0,NA,0,0,58.2%,NA,NA,NA,0,NA,3,9,0.333,3.0,24,27.3%,2.42,0,NA,NA,NA,NA,NA,0.125,NA,58,vs WAS,10,·,12.8,-2.0
5,8126,Wan'Dale Robinson,WR,24.7,NYG,53.0,56,65,8.2,5.7,3.2,1,1,1,73,69,0,0.0%,0,0,0,0,0,0,0.00,2,0,0,0,0.00,0.00,5,9,1,0,0,7,21,30,6.0,4.3,1,0,1,32,0,NA,2,2,94.5%,NA,NA,NA,1,NA,1,8,0.125,1.0,38,17.5%,0.79,0,NA,NA,NA,NA,NA,0.000,NA,32,@ NO,19,·,12.9,-4.7
5,8131,Isaiah Likely,TE,25.4,BAL,43.0,43,42,2.2,1.7,1.2,1,1,0,43,23,0,0.0%,0,0,0,0,0,0,0.00,0,0,0,0,0.00,0.00,1,11,0,1,0,1,1,12,12.0,12.0,0,0,0,12,0,NA,0,0,53.5%,NA,NA,NA,0,NA,1,1,1.000,1.0,11,5.0%,1.09,0,NA,NA,NA,NA,NA,0.091,NA,12,vs HOU,28,·,5.7,-3.5
5,4033,David Njoku,TE,29.2,CLE,7.0,6,6,18.7,15.7,12.7,1,1,1,70,67,0,0.0%,0,0,0,0,0,0,0.00,0,0,0,0,0.00,0.00,6,32,0,1,1,9,35,67,11.2,7.4,0,0,0,67,0,NA,0,0,95.7%,NA,NA,NA,0,NA,2,9,0.222,2.0,26,27.3%,2.58,0,NA,NA,NA,NA,NA,0.038,NA,67,vs MIN,14,·,8.8,9.9
5,10444,Cedric Tillman,WR,25.4,CLE,999.0,999,999,0,0,0,1,0,0,0,0,0,0.0%,0,0,0,0,0,0,0.00,0,0,0,0,0.00,0.00,0,0,0,0,0,0,0,0,0.0,0.0,0,0,0,0,0,NA,0,0,NA,NA,NA,NA,0,NA,0,0,NA,NA,NA,NA,NA,0,NA,NA,NA,NA,NA,NA,NA,0,vs MIN,32,IR,IR,IR
5,7002,Juwan Johnson,TE,29.0,NO,35.0,35,37,3.7,2.7,1.7,1,1,1,66,56,0,0.0%,0,0,0,0,0,0,0.00,0,0,0,0,0.00,0.00,2,15,1,1,0,4,2,17,8.5,4.3,0,0,0,17,0,NA,0,0,84.8%,NA,NA,NA,0,NA,1,4,0.250,1.0,27,12.5%,0.63,0,NA,NA,NA,NA,NA,0.037,NA,17,vs NYG,23,·,11.3,-7.6
5,11576,Braelon Allen,RB,21.7,NYJ,999.0,999,999,0,0,0,1,0,0,0,0,0,0.0%,0,0,0,0,0,0,0.00,0,0,0,0,0.00,0.00,0,0,0,0,0,0,0,0,0.0,0.0,0,0,0,0,0,NA,0,0,NA,NA,NA,NA,0,NA,0,0,NA,NA,NA,NA,NA,0,NA,NA,NA,NA,NA,NA,NA,0,vs DAL,5,IR,IR,IR
5,1373,Geno Smith,QB,35.0,LV,27.0,27,27,7.92,7.92,7.92,1,1,1,68,68,0,69.4%,107,36,25,12,11,2,63.20,236,4,0,228,6.33,9.12,0,0,0,0,0,0,0,0,0.0,0.0,3,0,2,8,0,NA,8,2.67,100.0%,NA,NA,NA,2,NA,14,39,NA,NA,NA,NA,NA,12,33.3%,2.49,13.9%,36.6%,7.7,NA,41,236,@ IND,22,·,18.3,-10.4
5,6768,Tua Tagovailoa,QB,27.6,MIA,9.0,9,9,22.74,22.74,22.74,1,1,1,55,55,0,75.0%,180,36,27,10,9,0,122.00,261,3,3,256,7.11,9.48,0,0,0,0,0,0,0,0,0.0,0.0,1,0,0,5,0,NA,5,5,100.0%,NA,NA,NA,0,NA,13,37,NA,NA,NA,NA,NA,13,36.1%,2.54,13.9%,30.0%,8.6,NA,40,261,@ CAR,20,·,19.0,3.7
5,9504,Kayshon Boutte,WR,23.4,NE,56.0,55,57,7.3,5.8,4.3,1,1,1,60,37,0,0.0%,0,0,0,0,0,0,0.00,0,0,0,0,0.00,0.00,3,39,0,3,0,3,4,43,14.3,14.3,0,0,0,43,0,NA,0,0,61.7%,NA,NA,NA,0,NA,3,3,1.000,3.0,20,10.0%,2.15,0,NA,NA,NA,NA,NA,0.150,NA,43,@ BUF,20,·,7.4,-0.1
5,12509,Tre Harris,WR,23.6,LAC,999.0,999,999,0,0,0,1,1,1,67,25,0,0.0%,0,0,0,0,0,0,0.00,0,0,0,0,0.00,0.00,0,0,0,0,0,0,0,0,0.0,0.0,0,0,0,0,0,NA,0,0,37.3%,NA,NA,NA,0,NA,0,0,NA,0.0,13,0.0%,0.00,0,NA,NA,NA,NA,NA,0.000,NA,0,vs WAS,10,·,2.7,-2.7
5,8121,Romeo Doubs,WR,25.5,GB,0.0,0,0,0,0,0,0,0,0,0,0,0,0.0%,0,0,0,0,0,0,0.00,0,0,0,0,0.00,0.00,0,0,0,0,0,0,0,0,0.0,0.0,0,0,0,0,0,NA,0,0,NA,NA,NA,NA,0,NA,0,0,NA,NA,NA,NA,NA,0,NA,NA,NA,NA,NA,NA,NA,0,BYE,BYE,BYE,BYE,BYE
5,12469,Dylan Sampson,RB,21.0,CLE,63.0,68,68,1.2,0.7,0.2,1,1,0,70,7,0,0.0%,0,0,0,0,0,0,0.00,-4,0,0,0,0.00,0.00,1,0,0,0,0,2,6,6,6.0,3.0,1,0,0,2,0,0,-4,-4,10.0%,0,0.30,0.000,0,0.030,0,3,0.000,0.0,NA,6.1%,NA,0,NA,NA,NA,NA,NA,NA,NA,2,vs MIN,15,·,2.9,-1.7
5,11586,Blake Corum,RB,24.8,LAR,62.0,61,57,1.3,1.3,1.3,1,1,0,68,6,0,0.0%,0,0,0,0,0,0,0.00,13,0,0,0,0.00,0.00,0,0,1,0,0,2,0,0,0.0,0.0,1,0,1,13,0,7,13,13,8.8%,0,7.10,0.000,1,0.710,1,3,0.333,1.0,NA,4.3%,NA,0,NA,NA,NA,NA,NA,NA,NA,13,vs SF,14,·,5.4,-4.1
5,12541,Dont'e Thornton,WR,22.8,LV,999.0,999,999,0,0,0,1,1,1,68,32,0,0.0%,0,0,0,0,0,0,0.00,0,0,0,0,0.00,0.00,0,0,0,0,0,2,0,0,0.0,0.0,0,0,0,0,0,NA,0,0,47.1%,NA,NA,NA,0,NA,0,2,0.000,0.0,22,5.6%,0.00,0,NA,NA,NA,NA,NA,0.000,NA,0,@ IND,5,·,7.3,-7.3
5,8676,Rashid Shaheed,WR,27.1,NO,9.0,8,4,21.4,19.4,17.4,1,1,1,66,44,0,0.0%,0,0,0,0,0,0,0.00,0,0,0,0,0.00,0.00,4,65,0,2,1,5,49,114,28.5,22.8,0,0,0,114,0,NA,0,0,66.7%,NA,NA,NA,0,NA,3,5,0.600,3.0,29,15.6%,3.93,0,NA,NA,NA,NA,NA,0.069,NA,114,vs NYG,3,·,10.4,11.0
5,12510,Jalen Milroe,QB,22.8,SEA,33.0,33,33,-2,-2,-2,1,1,0,61,1,1,0.0%,0,0,0,0,0,0,0.00,0,0,0,0,0.00,0.00,0,0,0,0,0,0,0,0,0.0,0.0,1,0,0,0,0,NA,0,0,1.6%,NA,NA,NA,0,NA,0,1,NA,NA,NA,NA,NA,0,NA,0.00,0.0%,0.0%,0.0,NA,0,0,vs TB,4,·,DNP,DNP
5,12474,Woody Marks,RB,24.8,HOU,52.0,48,46,2.4,2.4,2.4,1,1,0,70,27,0,0.0%,0,0,0,0,0,0,0.00,24,0,0,0,0.00,0.00,0,0,0,0,0,1,0,0,0.0,0.0,7,1,1,24,0,25,24,3.43,38.6%,3,3.50,0.429,1,0.779,1,8,0.125,1.0,NA,3.2%,NA,0,NA,NA,NA,NA,NA,NA,NA,24,@ BAL,2,·,10.6,-8.2
5,4981,Calvin Ridley,WR,30.8,TEN,14.0,12,11,18.1,15.6,13.1,1,1,0,67,44,0,0.0%,0,0,0,0,0,0,0.00,0,0,0,0,0.00,0.00,5,114,0,4,0,10,17,131,26.2,13.1,0,0,0,131,0,NA,0,0,65.7%,NA,NA,NA,0,NA,4,10,0.400,4.0,33,25.6%,3.97,0,NA,NA,NA,NA,NA,0.121,NA,131,@ ARI,14,·,10.6,7.5
5,7090,Darnell Mooney,WR,27.9,ATL,0.0,0,0,0,0,0,0,0,0,0,0,0,0.0%,0,0,0,0,0,0,0.00,0,0,0,0,0.00,0.00,0,0,0,0,0,0,0,0,0.0,0.0,0,0,0,0,0,NA,0,0,NA,NA,NA,NA,0,NA,0,0,NA,NA,NA,NA,NA,0,NA,NA,NA,NA,NA,NA,NA,0,BYE,BYE,BYE,BYE,BYE
5,10213,Tre Tucker,WR,24.6,LV,36.0,36,39,11.1,9.1,7.1,1,1,1,68,60,0,0.0%,0,0,0,0,0,0,0.00,9,0,0,0,0.00,0.00,4,47,0,2,0,6,15,62,15.5,10.3,1,0,0,71,0,NA,9,9,88.2%,NA,NA,NA,0,NA,2,7,0.286,2.0,36,16.7%,1.72,0,NA,NA,NA,NA,NA,0.056,NA,71,@ IND,5,·,11.1,0.0
5,11655,Tyrone Tracy,RB,25.8,NYG,0.0,0,0,0,0,0,0,0,0,0,0,0,0.0%,0,0,0,0,0,0,0.00,0,0,0,0,0.00,0.00,0,0,0,0,0,0,0,0,0.0,0.0,0,0,0,0,0,NA,0,0,NA,NA,NA,NA,0,NA,0,0,NA,NA,NA,NA,NA,0,NA,NA,NA,NA,NA,NA,NA,0,@ NO,11,OUT,OUT,OUT
5,8205,Isiah Pacheco,RB,26.6,KC,31.0,31,32,8.6,7.1,5.6,1,1,1,64,40,0,0.0%,0,0,0,0,0,0,0.00,36,0,0,0,0.00,0.00,3,-8,0,2,0,3,28,20,6.7,6.7,7,0,4,56,0,27,36,5.14,62.5%,4,3.90,0.571,4,0.961,6,10,0.600,6.0,NA,7.3%,NA,0,NA,NA,NA,NA,NA,NA,NA,56,@ JAX,29,·,8.8,-0.2
5,12521,Elijah Arroyo,TE,22.5,SEA,46.0,46,46,2,1.5,1,1,1,0,61,26,0,0.0%,0,0,0,0,0,0,0.00,0,0,0,0,0.00,0.00,1,6,0,1,0,1,4,10,10.0,10.0,0,0,0,10,0,NA,0,0,42.6%,NA,NA,NA,0,NA,1,1,1.000,1.0,16,2.9%,0.63,0,NA,NA,NA,NA,NA,0.063,NA,10,vs TB,8,·,3.3,-1.3
5,12498,Mason Taylor,TE,21.4,NYJ,8.0,10,13,17.7,13.2,8.7,1,1,1,82,69,0,0.0%,0,0,0,0,0,0,0.00,0,0,0,0,0.00,0.00,9,45,0,5,0,12,22,67,7.4,5.6,0,0,0,67,0,NA,0,0,84.1%,NA,NA,NA,0,NA,5,12,0.417,5.0,43,26.1%,1.56,0,NA,NA,NA,NA,NA,0.116,NA,67,vs DAL,9,·,7.1,10.6
5,5012,Mark Andrews,TE,30.1,BAL,33.0,33,32,4.2,3.2,2.2,1,1,0,43,25,0,0.0%,0,0,0,0,0,0,0.00,0,0,0,0,0.00,0.00,2,17,1,2,0,3,5,22,11.0,7.3,0,0,0,22,0,NA,0,0,58.1%,NA,NA,NA,0,NA,2,3,0.667,2.0,14,15.0%,1.57,0,NA,NA,NA,NA,NA,0.143,NA,22,vs HOU,28,·,8.5,-4.3
5,7571,Rashod Bateman,WR,25.8,BAL,999.0,999,999,0,0,0,1,1,1,43,35,0,0.0%,0,0,0,0,0,0,0.00,0,0,0,0,0.00,0.00,0,0,0,0,0,3,0,0,0.0,0.0,0,0,0,0,0,NA,0,0,81.4%,NA,NA,NA,0,NA,0,3,0.000,0.0,17,15.0%,0.00,0,NA,NA,NA,NA,NA,0.000,NA,0,vs HOU,26,·,7.4,-7.4
5,11618,Jalen McMillan,WR,23.8,TB,999.0,999,999,0,0,0,1,0,0,0,0,0,0.0%,0,0,0,0,0,0,0.00,0,0,0,0,0.00,0.00,0,0,0,0,0,0,0,0,0.0,0.0,0,0,0,0,0,NA,0,0,NA,NA,NA,NA,0,NA,0,0,NA,NA,NA,NA,NA,0,NA,NA,NA,NA,NA,NA,NA,0,@ SEA,17,IR,IR,IR
5,9508,Tyjae Spears,RB,24.3,TEN,61.0,60,56,1.4,1.4,1.4,1,1,0,67,17,0,0.0%,0,0,0,0,0,0,0.00,14,0,0,0,0.00,0.00,0,0,0,0,0,0,0,0,0.0,0.0,4,0,1,14,0,10,14,3.5,25.4%,0,2.40,0.000,1,0.240,1,4,0.250,1.0,NA,0.0%,NA,0,NA,NA,NA,NA,NA,NA,NA,14,@ ARI,12,·,6.9,-5.5
5,11646,Jalen Coker,WR,23.9,CAR,999.0,999,999,0,0,0,1,0,0,0,0,0,0.0%,0,0,0,0,0,0,0.00,0,0,0,0,0.00,0.00,0,0,0,0,0,0,0,0,0.0,0.0,0,0,0,0,0,NA,0,0,NA,NA,NA,NA,0,NA,0,0,NA,NA,NA,NA,NA,0,NA,NA,NA,NA,NA,NA,NA,0,vs MIA,21,IR,IR,IR
5,9494,Marvin Mims,WR,23.5,DEN,73.0,72,73,3.9,2.9,1.9,1,1,0,74,27,0,0.0%,0,0,0,0,0,0,0.00,9,0,0,0,0.00,0.00,2,7,0,0,0,5,3,10,5.0,2.0,1,0,0,19,0,NA,9,9,36.5%,NA,NA,NA,0,NA,0,6,0.000,0.0,19,12.8%,0.53,0,NA,NA,NA,NA,NA,0.000,NA,19,@ PHI,15,·,7.7,-3.8
5,12536,Jaylin Noel,WR,23.1,HOU,45.0,38,33,9.8,8.8,7.8,1,1,0,70,21,0,0.0%,0,0,0,0,0,0,0.00,5,0,0,0,0.00,0.00,2,3,1,0,1,3,10,13,6.5,4.3,1,0,0,18,0,NA,5,5,30.0%,NA,NA,NA,0,NA,1,4,0.250,1.0,11,9.7%,1.18,0,NA,NA,NA,NA,NA,0.000,NA,18,@ BAL,2,·,2.7,7.1
5,8132,Tyler Allgeier,RB,25.4,ATL,0.0,0,0,0,0,0,0,0,0,0,0,0,0.0%,0,0,0,0,0,0,0.00,0,0,0,0,0.00,0.00,0,0,0,0,0,0,0,0,0.0,0.0,0,0,0,0,0,NA,0,0,NA,NA,NA,NA,0,NA,0,0,NA,NA,NA,NA,NA,0,NA,NA,NA,NA,NA,NA,NA,0,BYE,BYE,BYE,BYE,BYE
5,7611,Rhamondre Stevenson,RB,27.6,NE,18.0,15,16,14.7,13.7,12.7,1,1,1,60,31,1,0.0%,0,0,0,0,0,0,0.00,14,0,0,0,0.00,0.00,2,8,0,0,0,2,5,13,6.5,6.5,7,0,0,27,2,11,14,2,51.7%,1,1.50,0.143,2,0.293,2,9,0.222,2.0,NA,6.7%,NA,0,NA,NA,NA,NA,NA,NA,NA,27,@ BUF,13,·,9.1,5.6
5,8154,Brian Robinson,RB,26.5,SF,65.0,63,61,1.2,1.2,1.2,1,1,0,86,12,0,0.0%,0,0,0,0,0,0,0.00,12,0,0,0,0.00,0.00,0,0,0,0,0,0,0,0,0.0,0.0,5,1,2,12,0,17,12,2.4,14.0%,1,3.40,0.200,2,0.540,2,5,0.400,2.0,NA,0.0%,NA,0,NA,NA,NA,NA,NA,NA,NA,12,@ LAR,30,·,4.4,-3.2
5,5022,Dallas Goedert,TE,30.7,PHI,17.0,15,15,10.9,9.4,7.9,1,1,1,61,48,0,0.0%,0,0,0,0,0,0,0.00,0,0,0,0,0.00,0.00,3,6,0,1,1,9,13,19,6.3,2.1,0,0,0,19,0,NA,0,0,78.7%,NA,NA,NA,0,NA,2,9,0.222,2.0,31,23.7%,0.61,0,NA,NA,NA,NA,NA,0.032,NA,19,vs DEN,24,·,9.0,1.9
5,12534,Kyle Monangai,RB,23.3,CHI,0.0,0,0,0,0,0,0,0,0,0,0,0,0.0%,0,0,0,0,0,0,0.00,0,0,0,0,0.00,0.00,0,0,0,0,0,0,0,0,0.0,0.0,0,0,0,0,0,NA,0,0,NA,NA,NA,NA,0,NA,0,0,NA,NA,NA,NA,NA,0,NA,NA,NA,NA,NA,NA,NA,0,BYE,BYE,BYE,BYE,BYE
5,12547,Kyle Williams,WR,22.9,NE,999.0,999,999,0,0,0,1,1,0,60,10,0,0.0%,0,0,0,0,0,0,0.00,0,0,0,0,0.00,0.00,0,0,0,0,0,0,0,0,0.0,0.0,0,0,0,0,0,NA,0,0,16.7%,NA,NA,NA,0,NA,0,0,NA,0.0,7,0.0%,0.00,0,NA,NA,NA,NA,NA,0.000,NA,0,@ BUF,20,·,1.6,-1.6
5,11600,Ja'Tavion Sanders,TE,22.5,CAR,0.0,0,0,0,0,0,0,0,0,0,0,0,0.0%,0,0,0,0,0,0,0.00,0,0,0,0,0.00,0.00,0,0,0,0,0,0,0,0,0.0,0.0,0,0,0,0,0,NA,0,0,NA,NA,NA,NA,0,NA,0,0,NA,NA,NA,NA,NA,0,NA,NA,NA,NA,NA,NA,NA,0,vs MIA,6,OUT,OUT,OUT
5,4199,Aaron Jones,RB,30.8,MIN,999.0,999,999,0,0,0,1,0,0,0,0,0,0.0%,0,0,0,0,0,0,0.00,0,0,0,0,0.00,0.00,0,0,0,0,0,0,0,0,0.0,0.0,0,0,0,0,0,NA,0,0,NA,NA,NA,NA,0,NA,0,0,NA,NA,NA,NA,NA,0,NA,NA,NA,NA,NA,NA,NA,0,@ CLE,28,IR,IR,IR
5,12471,DJ Giddens,RB,22.1,IND,54.0,50,48,2.2,2.2,2.2,1,1,0,66,9,0,0.0%,0,0,0,0,0,0,0.00,22,0,0,0,0.00,0.00,0,0,0,0,0,1,0,0,0.0,0.0,5,0,1,22,0,19,22,4.4,13.6%,0,3.80,0.000,1,0.380,1,6,0.167,1.0,NA,3.1%,NA,0,NA,NA,NA,NA,NA,NA,NA,22,vs LV,10,·,2.4,-0.2
5,3214,Hunter Henry,TE,30.8,NE,27.0,25,22,6.6,5.6,4.6,1,1,1,60,52,0,0.0%,0,0,0,0,0,0,0.00,0,0,0,0,0.00,0.00,2,45,1,2,0,4,1,46,23.0,11.5,0,0,0,46,0,NA,0,0,86.7%,NA,NA,NA,0,NA,2,4,0.500,2.0,25,13.3%,1.84,0,NA,NA,NA,NA,NA,0.080,NA,46,@ BUF,30,·,10.1,-3.5
5,1466,Travis Kelce,TE,36.0,KC,5.0,7,7,19.1,15.6,12.1,1,1,1,64,51,0,0.0%,0,0,0,0,0,0,0.00,0,0,0,0,0.00,0.00,7,32,0,3,1,8,29,61,8.7,7.6,0,0,0,61,0,NA,0,0,79.7%,NA,NA,NA,0,NA,4,8,0.500,4.0,30,19.5%,2.03,0,NA,NA,NA,NA,NA,0.100,NA,61,@ JAX,27,·,10.1,9.0
5,8125,Calvin Austin III,WR,26.5,PIT,0.0,0,0,0,0,0,0,0,0,0,0,0,0.0%,0,0,0,0,0,0,0.00,0,0,0,0,0.00,0.00,0,0,0,0,0,0,0,0,0.0,0.0,0,0,0,0,0,NA,0,0,NA,NA,NA,NA,0,NA,0,0,NA,NA,NA,NA,NA,0,NA,NA,NA,NA,NA,NA,NA,0,BYE,BYE,BYE,BYE,BYE
5,12483,Jack Bech,WR,22.8,LV,64.0,66,69,5.7,4.2,2.7,1,1,0,68,36,0,0.0%,0,0,0,0,0,0,0.00,0,0,0,0,0.00,0.00,3,21,0,3,0,5,6,27,9.0,5.4,0,0,0,27,0,NA,0,0,52.9%,NA,NA,NA,0,NA,3,5,0.600,3.0,19,13.9%,1.42,0,NA,NA,NA,NA,NA,0.158,NA,27,@ IND,5,·,5.6,0.1
5,5848,Marquise Brown,WR,28.3,KC,50.0,51,54,8.8,6.8,4.8,1,1,1,64,33,0,0.0%,0,0,0,0,0,0,0.00,0,0,0,0,0.00,0.00,4,29,0,3,0,8,19,48,12.0,6.0,0,0,0,48,0,NA,0,0,51.6%,NA,NA,NA,0,NA,3,8,0.375,3.0,24,19.5%,2.00,0,NA,NA,NA,NA,NA,0.125,NA,48,@ JAX,24,·,9.3,-0.5
5,11562,Spencer Rattler,QB,25.0,NO,19.0,21,22,16.1,15.6,15.1,1,1,1,66,62,0,67.7%,129,31,21,8,10,0,99.50,246,0,1,225,7.26,10.71,1,0,0,0,0,1,0,0,0.0,0.0,6,0,3,21,0,NA,21,3.5,93.9%,NA,NA,NA,3,NA,12,38,NA,NA,NA,NA,NA,9,29.0%,2.62,3.2%,53.1%,6.7,NA,32,246,vs NYG,14,·,17.5,-1.4
5,12487,Terrance Ferguson,TE,22.6,LAR,40.0,37,34,3.1,2.6,2.1,1,1,0,68,4,0,0.0%,0,0,0,0,0,0,0.00,0,0,0,0,0.00,0.00,1,18,0,1,0,1,3,21,21.0,21.0,0,0,0,21,0,NA,0,0,5.9%,NA,NA,NA,0,NA,1,1,1.000,1.0,3,2.1%,7.00,0,NA,NA,NA,NA,NA,0.333,NA,21,vs SF,3,·,1.8,1.3
5,8210,Chigoziem Okonkwo,TE,26.0,TEN,22.0,22,21,8.8,6.8,4.8,1,1,0,67,42,0,0.0%,0,0,0,0,0,0,0.00,0,0,0,0,0.00,0.00,4,14,0,3,0,5,34,48,12.0,9.6,0,0,0,48,0,NA,0,0,62.7%,NA,NA,NA,0,NA,3,5,0.600,3.0,25,12.8%,1.92,0,NA,NA,NA,NA,NA,0.120,NA,48,@ ARI,12,·,7.4,1.4
5,9486,Dontayvion Wicks,WR,24.3,GB,0.0,0,0,0,0,0,0,0,0,0,0,0,0.0%,0,0,0,0,0,0,0.00,0,0,0,0,0.00,0.00,0,0,0,0,0,0,0,0,0.0,0.0,0,0,0,0,0,NA,0,0,NA,NA,NA,NA,0,NA,0,0,NA,NA,NA,NA,NA,0,NA,NA,NA,NA,NA,NA,NA,0,BYE,BYE,BYE,BYE,BYE
5,12457,Jaydon Blue,RB,21.7,DAL,68.0,67,65,0.7,0.7,0.7,1,1,0,60,11,0,0.0%,0,0,0,0,0,0,0.00,7,0,0,0,0.00,0.00,0,0,0,0,0,0,0,0,0.0,0.0,4,1,0,7,0,NA,7,1.75,18.3%,NA,NA,NA,0,NA,0,4,0.000,0.0,NA,NA,NA,0,NA,NA,NA,NA,NA,NA,NA,7,@ NYJ,9,·,1.9,-1.2
5,8188,Tyquan Thornton,WR,25.1,KC,31.0,27,26,12,10.5,9,1,1,0,64,29,0,0.0%,0,0,0,0,0,0,0.00,0,0,0,0,0.00,0.00,3,76,0,3,0,5,14,90,30.0,18.0,0,0,0,90,0,NA,0,0,45.3%,NA,NA,NA,0,NA,3,5,0.600,3.0,21,12.2%,4.29,0,NA,NA,NA,NA,NA,0.143,NA,90,@ JAX,24,·,3.5,8.5
5,8136,Rachaad White,RB,26.7,TB,7.0,7,7,23.1,21.1,19.1,1,1,1,61,49,0,0.0%,0,0,0,0,0,0,0.00,41,0,0,0,0.00,0.00,4,-18,0,2,0,4,48,30,7.5,7.5,14,2,3,71,2,24,41,2.93,80.3%,2,1.70,0.143,5,0.313,7,18,0.389,7.0,NA,12.1%,NA,0,NA,NA,NA,NA,NA,NA,NA,71,@ SEA,18,·,16.3,6.8
5,4039,Cooper Kupp,WR,32.3,SEA,33.0,37,44,11.9,8.9,5.9,1,1,1,61,54,0,0.0%,0,0,0,0,0,0,0.00,0,0,0,0,0.00,0.00,6,39,0,4,0,9,20,59,9.8,6.6,0,0,0,59,0,NA,0,0,88.5%,NA,NA,NA,0,NA,4,9,0.444,4.0,32,26.5%,1.84,0,NA,NA,NA,NA,NA,0.125,NA,59,vs TB,16,·,11.0,0.9
5,2449,Stefon Diggs,WR,31.8,NE,4.0,5,7,24.6,19.6,14.6,1,1,1,60,30,0,0.0%,0,0,0,0,0,0,0.00,0,0,0,0,0.00,0.00,10,84,1,8,0,12,62,146,14.6,12.2,0,0,0,146,0,NA,0,0,50.0%,NA,NA,NA,0,NA,8,12,0.667,8.0,22,40.0%,6.64,0,NA,NA,NA,NA,NA,0.364,NA,146,@ BUF,20,·,10.9,13.7
5,8167,Christian Watson,WR,26.4,GB,0.0,0,0,0,0,0,0,0,0,0,0,0,0.0%,0,0,0,0,0,0,0.00,0,0,0,0,0.00,0.00,0,0,0,0,0,0,0,0,0.0,0.0,0,0,0,0,0,NA,0,0,NA,NA,NA,NA,0,NA,0,0,NA,NA,NA,NA,NA,0,NA,NA,NA,NA,NA,NA,NA,0,BYE,BYE,BYE,BYE,BYE
5,8142,Alec Pierce,WR,25.4,IND,0.0,0,0,0,0,0,0,0,0,0,0,0,0.0%,0,0,0,0,0,0,0.00,0,0,0,0,0.00,0.00,0,0,0,0,0,0,0,0,0.0,0.0,0,0,0,0,0,NA,0,0,NA,NA,NA,NA,0,NA,0,0,NA,NA,NA,NA,NA,0,NA,NA,NA,NA,NA,NA,NA,0,vs LV,4,OUT,OUT,OUT
5,9502,Tank Dell,WR,25.9,HOU,999.0,999,999,0,0,0,1,0,0,0,0,0,0.0%,0,0,0,0,0,0,0.00,0,0,0,0,0.00,0.00,0,0,0,0,0,0,0,0,0.0,0.0,0,0,0,0,0,NA,0,0,NA,NA,NA,NA,0,NA,0,0,NA,NA,NA,NA,NA,0,NA,NA,NA,NA,NA,NA,NA,0,@ BAL,2,PUP,PUP,PUP
5,11583,Jonathon Brooks,RB,22.2,CAR,999.0,999,999,0,0,0,1,0,0,0,0,0,0.0%,0,0,0,0,0,0,0.00,0,0,0,0,0.00,0.00,0,0,0,0,0,0,0,0,0.0,0.0,0,0,0,0,0,NA,0,0,NA,NA,NA,NA,0,NA,0,0,NA,NA,NA,NA,NA,0,NA,NA,NA,NA,NA,NA,NA,0,vs MIA,4,PUP,PUP,PUP
5,11625,Adonai Mitchell,WR,23.0,IND,999.0,999,999,0,0,0,1,1,0,66,6,0,0.0%,0,0,0,0,0,0,0.00,0,0,0,0,0.00,0.00,0,0,0,0,0,1,0,0,0.0,0.0,0,0,0,0,0,NA,0,0,9.1%,NA,NA,NA,0,NA,0,1,0.000,0.0,2,3.1%,0.00,0,NA,NA,NA,NA,NA,0.000,NA,0,vs LV,4,·,3.5,-3.5
5,4988,Nick Chubb,RB,29.8,HOU,23.0,20,17,12.1,12.1,12.1,1,1,1,70,24,0,0.0%,0,0,0,0,0,0,0.00,61,0,0,0,0.00,0.00,0,0,1,0,0,1,0,0,0.0,0.0,11,2,2,61,1,63,61,5.55,34.3%,3,5.70,0.273,3,0.843,3,12,0.250,3.0,NA,3.2%,NA,0,NA,NA,NA,NA,NA,NA,NA,61,@ BAL,2,·,8.2,3.9
5,8111,Cade Otton,TE,26.4,TB,13.0,14,14,12.1,10.1,8.1,1,1,1,61,56,0,0.0%,0,0,0,0,0,0,0.00,0,0,0,0,0.00,0.00,4,25,0,4,0,5,56,81,20.3,16.2,0,0,0,81,0,NA,0,0,91.8%,NA,NA,NA,0,NA,4,5,0.800,4.0,26,15.2%,3.12,0,NA,NA,NA,NA,NA,0.154,NA,81,@ SEA,15,·,5.4,6.7
5,12492,Pat Bryant,WR,22.8,DEN,999.0,999,999,0,0,0,1,1,1,74,40,0,0.0%,0,0,0,0,0,0,0.00,0,0,0,0,0.00,0.00,0,0,0,0,0,0,0,0,0.0,0.0,0,0,0,0,0,NA,0,0,54.1%,NA,NA,NA,0,NA,0,0,NA,0.0,22,0.0%,0.00,0,NA,NA,NA,NA,NA,0.000,NA,0,@ PHI,15,·,0.7,-0.7
5,9229,Anthony Richardson,QB,23.4,IND,30.0,30,30,2.26,1.76,1.26,1,1,0,66,7,0,50.0%,2,2,1,1,1,0,62.50,9,0,0,9,4.50,9.00,1,2,0,1,0,1,7,9,9.0,9.0,0,0,0,9,0,NA,0,0,10.6%,NA,NA,NA,0,NA,2,3,NA,NA,NA,NA,NA,1,50.0%,2.31,0.0%,0.0%,5.7,NA,2,18,vs LV,13,·,DNP,DNP
5,1339,Zach Ertz,TE,34.9,WAS,999.0,999,999,0,0,0,1,1,1,59,31,0,0.0%,0,0,0,0,0,0,0.00,0,0,0,0,0.00,0.00,0,0,1,0,0,1,0,0,0.0,0.0,0,0,0,0,0,NA,0,0,52.5%,NA,NA,NA,0,NA,0,1,0.000,0.0,18,3.8%,0.00,0,NA,NA,NA,NA,NA,0.000,NA,0,@ LAC,26,·,8.7,-8.7
5,9501,Demario Douglas,WR,24.8,NE,77.0,77,77,3.7,2.7,1.7,1,1,0,60,17,0,0.0%,0,0,0,0,0,0,0.00,0,0,0,0,0.00,0.00,2,5,0,0,0,3,12,17,8.5,5.7,0,0,0,17,0,NA,0,0,28.3%,NA,NA,NA,0,NA,0,3,0.000,0.0,14,10.0%,1.21,0,NA,NA,NA,NA,NA,0.000,NA,17,@ BUF,20,·,4.3,-0.6
5,11575,Ray Davis,RB,25.9,BUF,70.0,70,69,0.1,0.1,0.1,1,1,0,68,6,0,0.0%,0,0,0,0,0,0,0.00,1,0,0,0,0.00,0.00,0,0,0,0,0,0,0,0,0.0,0.0,2,0,0,1,0,NA,1,0.5,8.8%,NA,NA,NA,0,NA,0,2,0.000,0.0,NA,NA,NA,0,NA,NA,NA,NA,NA,NA,NA,1,vs NE,27,·,3.1,-3.0
5,4018,Joe Mixon,RB,29.2,HOU,999.0,999,999,0,0,0,1,0,0,0,0,0,0.0%,0,0,0,0,0,0,0.00,0,0,0,0,0.00,0.00,0,0,0,0,0,0,0,0,0.0,0.0,0,0,0,0,0,NA,0,0,NA,NA,NA,NA,0,NA,0,0,NA,NA,NA,NA,NA,0,NA,NA,NA,NA,NA,NA,NA,0,@ BAL,2,PUP,PUP,PUP
5,4066,Evan Engram,TE,31.1,DEN,12.0,12,12,13.3,11.3,9.3,1,1,0,74,30,0,0.0%,0,0,0,0,0,0,0.00,0,0,0,0,0.00,0.00,4,15,0,1,1,6,18,33,8.3,5.5,0,0,0,33,0,NA,0,0,40.5%,NA,NA,NA,0,NA,2,6,0.333,2.0,22,15.4%,1.50,0,NA,NA,NA,NA,NA,0.045,NA,33,@ PHI,29,·,6.1,7.2
5,12531,Trevor Etienne,RB,21.2,CAR,44.0,44,42,3.9,3.4,2.9,1,1,0,70,14,0,0.0%,0,0,0,0,0,0,0.00,22,0,0,0,0.00,0.00,1,4,0,1,0,1,3,7,7.0,7.0,4,0,1,29,0,18,22,5.5,20.0%,2,4.50,0.500,1,0.950,2,5,0.400,2.0,NA,3.3%,NA,0,NA,NA,NA,NA,NA,NA,NA,29,vs MIA,4,·,6.3,-2.4
5,4137,James Conner,RB,30.4,ARI,999.0,999,999,0,0,0,1,0,0,0,0,0,0.0%,0,0,0,0,0,0,0.00,0,0,0,0,0.00,0.00,0,0,0,0,0,0,0,0,0.0,0.0,0,0,0,0,0,NA,0,0,NA,NA,NA,NA,0,NA,0,0,NA,NA,NA,NA,NA,0,NA,NA,NA,NA,NA,NA,NA,0,vs TEN,3,IR,IR,IR
5,9757,Kendre Miller,RB,23.3,NO,38.0,35,36,5.9,5.4,4.9,1,1,0,66,26,0,0.0%,0,0,0,0,0,0,0.00,41,0,0,0,0.00,0.00,1,-1,0,0,0,1,9,8,8.0,8.0,10,2,1,49,0,44,41,4.1,39.4%,4,4.40,0.400,1,0.840,1,11,0.091,1.0,NA,3.1%,NA,0,NA,NA,NA,NA,NA,NA,NA,49,vs NYG,6,·,5.3,0.6
5,96,Aaron Rodgers,QB,41.8,PIT,0.0,0,0,0,0,0,0,0,0,0,0,0,0.0%,0,0,0,0,0,0,0.00,0,0,0,0,0.00,0.00,0,0,0,0,0,0,0,0,0.0,0.0,0,0,0,0,0,NA,0,0,NA,NA,NA,NA,0,NA,0,0,NA,NA,NA,NA,NA,0,NA,NA,NA,NA,NA,NA,NA,0,BYE,BYE,BYE,BYE,BYE
5,4144,Jonnu Smith,TE,30.1,PIT,0.0,0,0,0,0,0,0,0,0,0,0,0,0.0%,0,0,0,0,0,0,0.00,0,0,0,0,0.00,0.00,0,0,0,0,0,0,0,0,0.0,0.0,0,0,0,0,0,NA,0,0,NA,NA,NA,NA,0,NA,0,0,NA,NA,NA,NA,NA,0,NA,NA,NA,NA,NA,NA,NA,0,BYE,BYE,BYE,BYE,BYE
5,11610,Malik Washington,WR,24.7,MIA,72.0,85,999,4,2,0,1,1,1,55,32,0,0.0%,0,0,0,0,0,0,0.00,0,0,0,0,0.00,0.00,4,-9,0,0,0,5,9,0,0.0,0.0,0,0,0,0,0,NA,0,0,58.2%,NA,NA,NA,0,NA,0,5,0.000,0.0,24,13.9%,0.00,0,NA,NA,NA,NA,NA,0.000,NA,0,@ CAR,29,·,9.4,-5.4
5,7600,Pat Freiermuth,TE,26.9,PIT,0.0,0,0,0,0,0,0,0,0,0,0,0,0.0%,0,0,0,0,0,0,0.00,0,0,0,0,0.00,0.00,0,0,0,0,0,0,0,0,0.0,0.0,0,0,0,0,0,NA,0,0,NA,NA,NA,NA,0,NA,0,0,NA,NA,NA,NA,NA,0,NA,NA,NA,NA,NA,NA,NA,0,BYE,BYE,BYE,BYE,BYE
5,6111,Jake Browning,QB,29.5,CIN,11.0,11,11,22.14,22.14,22.14,1,1,1,62,62,1,65.0%,158,40,26,9,14,3,76.10,282,2,3,251,6.28,9.65,0,0,0,0,0,0,0,0,0.0,0.0,4,1,2,31,0,NA,31,7.75,100.0%,NA,NA,NA,2,NA,14,44,NA,NA,NA,NA,NA,12,30.0%,2.92,12.5%,40.0%,8.7,NA,45,282,vs DET,11,·,17.9,4.2
5,4950,Christian Kirk,WR,28.9,HOU,42.0,40,41,10.4,8.4,6.4,1,1,0,70,34,0,0.0%,0,0,0,0,0,0,0.00,0,0,0,0,0.00,0.00,4,45,0,2,0,4,19,64,16.0,16.0,0,0,0,64,0,NA,0,0,48.6%,NA,NA,NA,0,NA,2,4,0.500,2.0,18,12.9%,3.56,0,NA,NA,NA,NA,NA,0.111,NA,64,@ BAL,2,·,9.1,1.3
5,6826,Cole Kmet,TE,26.6,CHI,0.0,0,0,0,0,0,0,0,0,0,0,0,0.0%,0,0,0,0,0,0,0.00,0,0,0,0,0.00,0.00,0,0,0,0,0,0,0,0,0.0,0.0,0,0,0,0,0,NA,0,0,NA,NA,NA,NA,0,NA,0,0,NA,NA,NA,NA,NA,0,NA,NA,NA,NA,NA,NA,NA,0,BYE,BYE,BYE,BYE,BYE
5,11626,Xavier Legette,WR,24.7,CAR,38.0,29,25,11.1,10.1,9.1,1,1,1,70,55,0,0.0%,0,0,0,0,0,0,0.00,0,0,0,0,0.00,0.00,2,27,0,1,1,3,4,31,15.5,10.3,0,0,0,31,0,NA,0,0,78.6%,NA,NA,NA,0,NA,2,3,0.667,2.0,27,10.0%,1.15,0,NA,NA,NA,NA,NA,0.037,NA,31,vs MIA,21,·,6.4,4.7
5,12505,Jalen Royals,WR,22.6,KC,999.0,999,999,0,0,0,1,1,0,64,4,0,0.0%,0,0,0,0,0,0,0.00,0,0,0,0,0.00,0.00,0,0,0,0,0,0,0,0,0.0,0.0,0,0,0,0,0,NA,0,0,6.3%,NA,NA,NA,0,NA,0,0,NA,0.0,NA,NA,NA,0,NA,NA,NA,NA,NA,NA,NA,0,@ JAX,24,·,3.6,-3.6
5,9225,Tank Bigsby,RB,24.1,PHI,999.0,999,999,0,0,0,1,1,0,61,0,0,0.0%,0,0,0,0,0,0,0.00,0,0,0,0,0.00,0.00,0,0,0,0,0,0,0,0,0.0,0.0,0,0,0,0,0,NA,0,0,0.0%,NA,NA,NA,0,NA,0,0,NA,0.0,NA,NA,NA,0,NA,NA,NA,NA,NA,NA,NA,0,vs DEN,19,·,0.4,-0.4
5,12493,Oronde Gadsden,TE,22.3,LAC,42.0,42,41,2.4,1.9,1.4,1,1,1,67,36,0,0.0%,0,0,0,0,0,0,0.00,0,0,0,0,0.00,0.00,1,6,0,1,0,1,8,14,14.0,14.0,0,0,0,14,0,NA,0,0,53.7%,NA,NA,NA,0,NA,1,1,1.000,1.0,23,3.0%,0.61,0,NA,NA,NA,NA,NA,0.043,NA,14,vs WAS,11,·,5.1,-2.7
5,12455,Brashard Smith,RB,22.5,KC,33.0,37,39,6.6,5.1,3.6,1,1,0,64,6,0,0.0%,0,0,0,0,0,0,0.00,4,0,0,0,0.00,0.00,3,-6,0,1,0,3,38,32,10.7,10.7,1,0,0,36,0,2,4,4,9.4%,3,1.90,3.000,0,3.190,1,4,0.250,1.0,NA,7.3%,NA,0,NA,NA,NA,NA,NA,NA,NA,36,@ JAX,29,·,2.4,4.2
5,7527,Mac Jones,QB,27.1,SF,10.0,10,10,22.18,22.18,22.18,1,1,1,86,86,0,67.3%,163,49,33,17,16,0,100.90,347,1,2,342,6.98,10.36,0,0,0,0,0,0,0,0,0.0,0.0,4,0,2,5,0,NA,5,1.25,100.0%,NA,NA,NA,2,NA,21,53,NA,NA,NA,NA,NA,19,38.8%,2.56,2.0%,24.0%,5.8,NA,50,347,@ LAR,17,·,16.6,5.6
5,12524,Shedeur Sanders,QB,23.6,CLE,0.0,0,0,0,0,0,0,0,0,0,0,0,0.0%,0,0,0,0,0,0,0.00,0,0,0,0,0.00,0.00,0,0,0,0,0,0,0,0,0.0,0.0,0,0,0,0,0,NA,0,0,NA,NA,NA,NA,0,NA,0,0,NA,NA,NA,NA,NA,0,NA,NA,NA,NA,NA,NA,NA,0,vs MIN,28,OUT,OUT,OUT
5,12486,Dillon Gabriel,QB,24.8,CLE,20.0,19,19,16.1,16.1,16.1,1,1,1,70,70,0,57.6%,89,33,19,7,14,0,94.30,195,2,2,190,5.76,10.00,0,0,0,0,0,0,0,0,0.0,0.0,2,0,0,5,0,NA,5,2.5,100.0%,NA,NA,NA,0,NA,9,35,NA,NA,NA,NA,NA,9,27.3%,2.54,0.0%,30.6%,5.8,NA,36,195,vs MIN,28,·,18.5,-2.4
5,11597,Theo Johnson,TE,24.6,NYG,3.0,3,3,21.3,18.3,15.3,1,1,1,73,60,0,0.0%,0,0,0,0,0,0,0.00,0,0,0,0,0.00,0.00,6,23,0,1,2,7,10,33,5.5,4.7,0,0,0,33,0,NA,0,0,82.2%,NA,NA,NA,0,NA,3,7,0.429,3.0,31,17.5%,1.06,0,NA,NA,NA,NA,NA,0.032,NA,33,@ NO,4,·,6.4,14.9
5,12503,Isaiah Bond,WR,21.5,CLE,69.0,70,67,4.9,3.9,2.9,1,1,0,70,40,0,0.0%,0,0,0,0,0,0,0.00,0,0,0,0,0.00,0.00,2,28,0,1,0,7,1,29,14.5,4.1,0,0,0,29,0,NA,0,0,57.1%,NA,NA,NA,0,NA,1,7,0.143,1.0,29,21.2%,1.00,0,NA,NA,NA,NA,NA,0.034,NA,29,vs MIN,32,·,8.3,-3.4
5,11577,Will Shipley,RB,23.1,PHI,60.0,65,66,1.4,0.9,0.4,1,1,0,61,8,0,0.0%,0,0,0,0,0,0,0.00,0,0,0,0,0.00,0.00,1,-4,0,0,0,2,8,4,4.0,2.0,1,0,0,4,0,3,0,0,13.1%,0,3.00,0.000,0,0.300,0,3,0.000,0.0,NA,5.3%,NA,0,NA,NA,NA,NA,NA,NA,NA,4,vs DEN,19,·,2.4,-1.0
5,11643,Jaylen Wright,RB,22.5,MIA,0.0,0,0,0,0,0,0,0,0,0,0,0,0.0%,0,0,0,0,0,0,0.00,0,0,0,0,0.00,0.00,0,0,0,0,0,0,0,0,0.0,0.0,0,0,0,0,0,NA,0,0,NA,NA,NA,NA,0,NA,0,0,NA,NA,NA,NA,NA,0,NA,NA,NA,NA,NA,NA,NA,0,@ CAR,16,OUT,OUT,OUT
5,7670,Joshua Palmer,WR,26.0,BUF,66.0,64,60,5.6,4.6,3.6,1,1,1,68,35,0,0.0%,0,0,0,0,0,0,0.00,0,0,0,0,0.00,0.00,2,36,0,2,0,2,0,36,18.0,18.0,0,0,0,36,0,NA,0,0,51.5%,NA,NA,NA,0,NA,2,2,1.000,2.0,17,6.5%,2.12,0,NA,NA,NA,NA,NA,0.118,NA,36,vs NE,7,·,6.5,-0.9
5,9482,Michael Mayer,TE,24.2,LV,0.0,0,0,0,0,0,0,0,0,0,0,0,0.0%,0,0,0,0,0,0,0.00,0,0,0,0,0.00,0.00,0,0,0,0,0,0,0,0,0.0,0.0,0,0,0,0,0,NA,0,0,NA,NA,NA,NA,0,NA,0,0,NA,NA,NA,NA,NA,0,NA,NA,NA,NA,NA,NA,NA,0,@ IND,20,OUT,OUT,OUT
5,9487,Parker Washington,WR,23.5,JAX,46.0,39,34,9.6,8.6,7.6,1,1,0,58,15,0,0.0%,0,0,0,0,0,0,0.00,0,0,0,0,0.00,0.00,2,6,0,0,1,3,10,16,8.0,5.3,0,0,0,16,0,NA,0,0,25.9%,NA,NA,NA,0,NA,1,3,0.333,1.0,6,12.0%,2.67,0,NA,NA,NA,NA,NA,0.000,NA,16,vs KC,31,·,5.2,4.4
5,11596,Ben Sinnott,TE,23.3,WAS,999.0,999,999,0,0,0,1,1,0,59,19,0,0.0%,0,0,0,0,0,0,0.00,0,0,0,0,0.00,0.00,0,0,0,0,0,0,0,0,0.0,0.0,0,0,0,0,0,NA,0,0,32.2%,NA,NA,NA,0,NA,0,0,NA,0.0,NA,NA,NA,0,NA,NA,NA,NA,NA,NA,NA,0,@ LAC,26,·,0.7,-0.7
5,12545,Tyler Shough,QB,26.0,NO,999.0,999,999,0,0,0,1,0,0,66,0,0,0.0%,0,0,0,0,0,0,0.00,0,0,0,0,0.00,0.00,0,0,0,0,0,0,0,0,0.0,0.0,0,0,0,0,0,NA,0,0,0.0%,NA,NA,NA,0,NA,0,0,NA,NA,NA,NA,NA,0,NA,NA,NA,NA,NA,NA,NA,0,vs NYG,14,·,DNP,DNP
5,7567,Kenneth Gainwell,RB,26.5,PIT,0.0,0,0,0,0,0,0,0,0,0,0,0,0.0%,0,0,0,0,0,0,0.00,0,0,0,0,0.00,0.00,0,0,0,0,0,0,0,0,0.0,0.0,0,0,0,0,0,NA,0,0,NA,NA,NA,NA,0,NA,0,0,NA,NA,NA,NA,NA,0,NA,NA,NA,NA,NA,NA,NA,0,BYE,BYE,BYE,BYE,BYE
5,12543,Tahj Brooks,RB,23.4,CIN,999.0,999,999,0,0,0,1,1,0,62,0,0,0.0%,0,0,0,0,0,0,0.00,0,0,0,0,0.00,0.00,0,0,0,0,0,0,0,0,0.0,0.0,0,0,0,0,0,NA,0,0,0.0%,NA,NA,NA,0,NA,0,0,NA,0.0,NA,NA,NA,0,NA,NA,NA,NA,NA,NA,NA,0,vs DET,26,·,1.1,-1.1
5,10219,Chris Rodriguez,RB,25.0,WAS,67.0,66,64,0.7,0.7,0.7,1,1,0,59,15,0,0.0%,0,0,0,0,0,0,0.00,7,0,0,0,0.00,0.00,0,0,0,0,0,0,0,0,0.0,0.0,5,0,1,7,0,13,7,1.4,25.4%,1,2.50,0.200,1,0.450,1,5,0.200,1.0,NA,0.0%,NA,0,NA,NA,NA,NA,NA,NA,NA,7,@ LAC,25,·,7.3,-6.6
5,7587,Dyami Brown,WR,25.9,JAX,80.0,81,82,3.5,2.5,1.5,1,1,1,58,38,0,0.0%,0,0,0,0,0,0,0.00,0,0,0,0,0.00,0.00,2,9,0,1,0,4,6,15,7.5,3.8,0,0,0,15,0,NA,0,0,65.5%,NA,NA,NA,0,NA,1,4,0.250,1.0,20,16.0%,0.75,0,NA,NA,NA,NA,NA,0.050,NA,15,vs KC,31,·,6.1,-2.6
5,9511,Keaton Mitchell,RB,23.7,BAL,53.0,55,58,2.3,1.8,1.3,1,1,0,43,4,0,0.0%,0,0,0,0,0,0,0.00,8,0,0,0,0.00,0.00,1,-5,0,0,0,1,10,5,5.0,5.0,3,0,1,13,0,7,8,2.67,9.3%,2,2.40,0.667,1,0.907,1,4,0.250,1.0,NA,5.0%,NA,0,NA,NA,NA,NA,NA,NA,NA,13,vs HOU,20,·,DNP,DNP
5,11569,Jarquez Hunter,RB,22.8,LAR,999.0,999,999,0,0,0,1,1,0,68,0,0,0.0%,0,0,0,0,0,0,0.00,0,0,0,0,0.00,0.00,0,0,0,0,0,0,0,0,0.0,0.0,0,0,0,0,0,NA,0,0,0.0%,NA,NA,NA,0,NA,0,0,NA,0.0,NA,NA,NA,0,NA,NA,NA,NA,NA,NA,NA,0,vs SF,14,·,0.1,-0.1
5,5001,Dalton Schultz,TE,29.2,HOU,16.0,17,19,11,8.5,6,1,1,0,70,41,0,0.0%,0,0,0,0,0,0,0.00,0,0,0,0,0.00,0.00,5,36,0,4,0,6,24,60,12.0,10.0,0,0,0,60,0,NA,0,0,58.6%,NA,NA,NA,0,NA,4,6,0.667,4.0,19,19.4%,3.16,0,NA,NA,NA,NA,NA,0.211,NA,60,@ BAL,10,·,7.9,3.1
5,12641,Jaylin Lane,WR,23.4,WAS,86.0,84,79,2.6,2.1,1.6,1,1,1,59,20,0,0.0%,0,0,0,0,0,0,0.00,0,0,0,0,0.00,0.00,1,16,0,1,0,2,0,16,16.0,8.0,0,0,0,16,0,NA,0,0,33.9%,NA,NA,NA,0,NA,1,2,0.500,1.0,14,7.7%,1.14,0,NA,NA,NA,NA,NA,0.071,NA,16,@ LAC,25,·,5.4,-2.8
5,9506,Sean Tucker,RB,23.9,TB,48.0,59,70,2.9,1.4,-0.1,1,1,0,61,13,0,0.0%,0,0,0,0,0,0,0.00,3,0,0,0,0.00,0.00,3,-12,0,0,0,3,8,-4,-1.3,-1.3,3,1,0,-1,0,5,3,1,21.3%,2,1.50,0.667,0,0.817,0,6,0.000,0.0,NA,9.1%,NA,0,NA,NA,NA,NA,NA,NA,NA,-1,@ SEA,18,·,5.9,-3.0
5,12476,Devin Neal,RB,22.1,NO,0.0,0,0,0,0,0,0,0,0,0,0,0,0.0%,0,0,0,0,0,0,0.00,0,0,0,0,0.00,0.00,0,0,0,0,0,0,0,0,0.0,0.0,0,0,0,0,0,NA,0,0,NA,NA,NA,NA,0,NA,0,0,NA,NA,NA,NA,NA,0,NA,NA,NA,NA,NA,NA,NA,0,vs NYG,6,OUT,OUT,OUT
5,7021,Rico Dowdle,RB,27.3,CAR,1.0,1,1,32.4,30.9,29.4,1,1,1,70,47,0,0.0%,0,0,0,0,0,0,0.00,206,0,0,0,0.00,0.00,3,-2,0,1,0,4,30,28,9.3,7.0,23,3,6,234,1,92,206,8.96,67.1%,5,4.00,0.217,7,0.617,8,27,0.296,8.0,NA,13.3%,NA,0,NA,NA,NA,NA,NA,NA,NA,234,vs MIA,4,·,14.3,18.1
5,10232,Michael Wilson,WR,25.6,ARI,78.0,78,78,3.6,2.6,1.6,1,1,0,67,47,0,0.0%,0,0,0,0,0,0,0.00,0,0,0,0,0.00,0.00,2,8,0,1,0,4,8,16,8.0,4.0,0,0,0,16,0,NA,0,0,70.1%,NA,NA,NA,0,NA,1,4,0.250,1.0,26,12.5%,0.62,0,NA,NA,NA,NA,NA,0.038,NA,16,vs TEN,9,·,5.8,-2.2
5,12670,KeAndre Lambert-Smith,WR,24.0,LAC,999.0,999,999,0,0,0,1,1,0,67,8,0,0.0%,0,0,0,0,0,0,0.00,0,0,0,0,0.00,0.00,0,0,0,0,0,0,0,0,0.0,0.0,0,0,0,0,0,NA,0,0,11.9%,NA,NA,NA,0,NA,0,0,NA,0.0,5,0.0%,0.00,0,NA,NA,NA,NA,NA,0.000,NA,0,vs WAS,10,·,0.3,-0.3
5,11630,Roman Wilson,WR,24.3,PIT,0.0,0,0,0,0,0,0,0,0,0,0,0,0.0%,0,0,0,0,0,0,0.00,0,0,0,0,0.00,0.00,0,0,0,0,0,0,0,0,0.0,0.0,0,0,0,0,0,NA,0,0,NA,NA,NA,NA,0,NA,0,0,NA,NA,NA,NA,NA,0,NA,NA,NA,NA,NA,NA,NA,0,BYE,BYE,BYE,BYE,BYE
5,8180,Jalen Nailor,WR,26.6,MIN,59.0,57,58,7.2,5.7,4.2,1,1,1,65,42,0,0.0%,0,0,0,0,0,0,0.00,15,0,0,0,0.00,0.00,3,15,0,2,0,4,12,27,9.0,6.8,1,0,1,42,0,NA,15,15,64.6%,NA,NA,NA,1,NA,3,5,0.600,3.0,27,11.4%,1.00,0,NA,NA,NA,NA,NA,0.074,NA,42,@ CLE,8,·,3.2,4.0
5,11651,Isaac Guerendo,RB,25.2,SF,999.0,999,999,0,0,0,1,1,0,86,0,0,0.0%,0,0,0,0,0,0,0.00,0,0,0,0,0.00,0.00,0,0,0,0,0,0,0,0,0.0,0.0,0,0,0,0,0,NA,0,0,0.0%,NA,NA,NA,0,NA,0,0,NA,0.0,NA,NA,NA,0,NA,NA,NA,NA,NA,NA,NA,0,@ LAR,30,·,DNP,DNP
5,11557,Joe Milton,QB,25.6,DAL,999.0,999,999,0,0,0,1,0,0,60,0,0,0.0%,0,0,0,0,0,0,0.00,0,0,0,0,0.00,0.00,0,0,0,0,0,0,0,0,0.0,0.0,0,0,0,0,0,NA,0,0,0.0%,NA,NA,NA,0,NA,0,0,NA,NA,NA,NA,NA,0,NA,NA,NA,NA,NA,NA,NA,0,@ NYJ,6,·,DNP,DNP
5,7528,Najee Harris,RB,27.6,LAC,999.0,999,999,0,0,0,1,0,0,0,0,0,0.0%,0,0,0,0,0,0,0.00,0,0,0,0,0.00,0.00,0,0,0,0,0,0,0,0,0.0,0.0,0,0,0,0,0,NA,0,0,NA,NA,NA,NA,0,NA,0,0,NA,NA,NA,NA,NA,0,NA,NA,NA,NA,NA,NA,NA,0,vs WAS,21,IR,IR,IR
5,11603,AJ Barner,TE,23.4,SEA,1.0,1,1,24.3,20.8,17.3,1,1,1,61,49,0,0.0%,0,0,0,0,0,0,0.00,0,0,0,0,0.00,0.00,7,29,0,2,2,7,24,53,7.6,7.6,0,0,0,53,0,NA,0,0,80.3%,NA,NA,NA,0,NA,4,7,0.571,4.0,21,20.6%,2.52,0,NA,NA,NA,NA,NA,0.095,NA,53,vs TB,8,·,5.2,19.1
5,1426,DeAndre Hopkins,WR,33.3,BAL,62.0,58,55,6.6,5.6,4.6,1,1,0,43,11,0,0.0%,0,0,0,0,0,0,0.00,0,0,0,0,0.00,0.00,2,23,0,2,0,2,23,46,23.0,23.0,0,0,0,46,0,NA,0,0,25.6%,NA,NA,NA,0,NA,2,2,1.000,2.0,7,10.0%,6.57,0,NA,NA,NA,NA,NA,0.286,NA,46,vs HOU,26,·,3.6,3.0
5,12544,LeQuint Allen,RB,21.2,JAX,999.0,999,999,0,0,0,1,1,0,58,13,0,0.0%,0,0,0,0,0,0,0.00,0,0,0,0,0.00,0.00,0,0,0,0,0,0,0,0,0.0,0.0,0,0,0,0,0,NA,0,0,22.4%,NA,NA,NA,0,NA,0,0,NA,0.0,NA,NA,NA,0,NA,NA,NA,NA,NA,NA,NA,0,vs KC,22,·,1.7,-1.7
5,12467,Jordan James,RB,21.5,SF,0.0,0,0,0,0,0,0,0,0,0,0,0,0.0%,0,0,0,0,0,0,0.00,0,0,0,0,0.00,0.00,0,0,0,0,0,0,0,0,0.0,0.0,0,0,0,0,0,NA,0,0,NA,NA,NA,NA,0,NA,0,0,NA,NA,NA,NA,NA,0,NA,NA,NA,NA,NA,NA,NA,0,@ LAR,30,OUT,OUT,OUT
5,9481,Luke Musgrave,TE,25.1,GB,0.0,0,0,0,0,0,0,0,0,0,0,0,0.0%,0,0,0,0,0,0,0.00,0,0,0,0,0.00,0.00,0,0,0,0,0,0,0,0,0.0,0.0,0,0,0,0,0,NA,0,0,NA,NA,NA,NA,0,NA,0,0,NA,NA,NA,NA,NA,0,NA,NA,NA,NA,NA,NA,NA,0,BYE,BYE,BYE,BYE,BYE
5,11581,MarShawn Lloyd,RB,24.7,GB,0.0,0,0,0,0,0,0,0,0,0,0,0,0.0%,0,0,0,0,0,0,0.00,0,0,0,0,0.00,0.00,0,0,0,0,0,0,0,0,0.0,0.0,0,0,0,0,0,NA,0,0,NA,NA,NA,NA,0,NA,0,0,NA,NA,NA,NA,NA,0,NA,NA,NA,NA,NA,NA,NA,0,BYE,BYE,BYE,BYE,BYE
5,11650,Luke McCaffrey,WR,24.5,WAS,63.0,59,51,6,5.5,5,1,1,0,59,23,0,0.0%,0,0,0,0,0,0,0.00,0,0,0,0,0.00,0.00,1,50,0,1,0,2,0,50,50.0,25.0,0,0,0,50,0,NA,0,0,39.0%,NA,NA,NA,0,NA,1,2,0.500,1.0,11,7.7%,4.55,0,NA,NA,NA,NA,NA,0.091,NA,50,@ LAC,25,·,5.5,0.5
5,8117,Jalen Tolbert,WR,26.6,DAL,999.0,999,999,0,0,0,1,1,1,60,46,0,0.0%,0,0,0,0,0,0,0.00,0,0,0,0,0.00,0.00,0,0,0,0,0,1,0,0,0.0,0.0,0,0,0,0,0,NA,0,0,76.7%,NA,NA,NA,0,NA,0,1,0.000,0.0,27,3.4%,0.00,0,NA,NA,NA,NA,NA,0.000,NA,0,@ NYJ,13,·,8.8,-8.8
5,4098,Kareem Hunt,RB,30.1,KC,8.0,8,8,18.7,18.2,17.7,1,1,0,64,21,0,0.0%,0,0,0,0,0,0,0.00,49,0,0,0,0.00,0.00,1,2,0,0,0,1,6,8,8.0,8.0,7,0,1,57,2,48,49,7,32.8%,5,6.80,0.714,3,1.394,3,8,0.375,3.0,NA,2.4%,NA,0,NA,NA,NA,NA,NA,NA,NA,57,@ JAX,29,·,8.8,9.9
5,7828,Noah Gray,TE,26.4,KC,999.0,999,999,0,0,0,1,1,0,64,36,0,0.0%,0,0,0,0,0,0,0.00,0,0,0,0,0.00,0.00,0,0,0,0,0,0,0,0,0.0,0.0,0,0,0,0,0,NA,0,0,56.3%,NA,NA,NA,0,NA,0,0,NA,0.0,20,0.0%,0.00,0,NA,NA,NA,NA,NA,0.000,NA,0,@ JAX,27,·,3.4,-3.4
5,12482,Savion Williams,WR,23.8,GB,0.0,0,0,0,0,0,0,0,0,0,0,0,0.0%,0,0,0,0,0,0,0.00,0,0,0,0,0.00,0.00,0,0,0,0,0,0,0,0,0.0,0.0,0,0,0,0,0,NA,0,0,NA,NA,NA,NA,0,NA,0,0,NA,NA,NA,NA,NA,0,NA,NA,NA,NA,NA,NA,NA,0,BYE,BYE,BYE,BYE,BYE
5,12540,Chimere Dike,WR,23.8,TEN,75.0,75,75,3.7,2.7,1.7,1,1,1,67,33,0,0.0%,0,0,0,0,0,0,0.00,0,0,0,0,0.00,0.00,2,2,0,1,0,5,15,17,8.5,3.4,0,0,0,17,0,NA,0,0,49.3%,NA,NA,NA,0,NA,1,5,0.200,1.0,17,12.8%,1.00,0,NA,NA,NA,NA,NA,0.059,NA,17,@ ARI,14,·,3.7,0.0
5,12502,Gunnar Helm,TE,23.1,TEN,25.0,26,26,7.4,5.4,3.4,1,1,1,67,44,0,0.0%,0,0,0,0,0,0,0.00,0,0,0,0,0.00,0.00,4,30,1,2,0,5,4,34,8.5,6.8,0,0,0,34,0,NA,0,0,65.7%,NA,NA,NA,0,NA,2,5,0.400,2.0,22,12.8%,1.55,0,NA,NA,NA,NA,NA,0.091,NA,34,@ ARI,12,·,2.9,4.5
5,3161,Carson Wentz,QB,32.7,MIN,23.0,23,23,14.74,14.74,14.74,1,1,1,65,64,0,73.5%,122,34,25,12,9,0,102.10,249,3,1,236,6.94,9.44,0,0,0,0,0,0,0,0,0.0,0.0,3,0,0,13,0,NA,13,4.33,98.5%,NA,NA,NA,0,NA,13,37,NA,NA,NA,NA,NA,13,38.2%,2.43,8.8%,25.0%,5.8,NA,40,249,@ CLE,24,Q,17.3,-2.6
5,8143,Jerome Ford,RB,26.0,CLE,39.0,40,38,5.8,4.8,3.8,1,1,0,70,26,0,0.0%,0,0,0,0,0,0,0.00,18,0,0,0,0.00,0.00,2,-7,0,1,0,2,27,20,10.0,10.0,5,0,2,38,0,20,18,3.6,37.1%,2,3.90,0.400,2,0.790,3,7,0.429,3.0,NA,6.1%,NA,0,NA,NA,NA,NA,NA,NA,NA,38,vs MIN,15,·,4.6,1.2
5,5857,Noah Fant,TE,27.8,CIN,999.0,999,999,0,0,0,1,1,0,62,15,0,0.0%,0,0,0,0,0,0,0.00,0,0,0,0,0.00,0.00,0,0,0,0,0,0,0,0,0.0,0.0,0,0,0,0,0,NA,0,0,24.2%,NA,NA,NA,0,NA,0,0,NA,0.0,9,0.0%,0.00,0,NA,NA,NA,NA,NA,0.000,NA,0,vs DET,18,·,4.6,-4.6
5,11629,Devontez Walker,WR,24.3,BAL,999.0,999,999,0,0,0,1,1,0,43,0,0,0.0%,0,0,0,0,0,0,0.00,0,0,0,0,0.00,0.00,0,0,0,0,0,0,0,0,0.0,0.0,0,0,0,0,0,NA,0,0,0.0%,NA,NA,NA,0,NA,0,0,NA,0.0,NA,NA,NA,0,NA,NA,NA,NA,NA,NA,NA,0,vs HOU,26,·,1.1,-1.1
5,10235,Roschon Johnson,RB,24.6,CHI,0.0,0,0,0,0,0,0,0,0,0,0,0,0.0%,0,0,0,0,0,0,0.00,0,0,0,0,0.00,0.00,0,0,0,0,0,0,0,0,0.0,0.0,0,0,0,0,0,NA,0,0,NA,NA,NA,NA,0,NA,0,0,NA,NA,NA,NA,NA,0,NA,NA,NA,NA,NA,NA,NA,0,BYE,BYE,BYE,BYE,BYE
5,19,Joe Flacco,QB,40.7,CLE,999.0,999,999,0,0,0,1,0,0,70,0,0,0.0%,0,0,0,0,0,0,0.00,0,0,0,0,0.00,0.00,0,0,0,0,0,0,0,0,0.0,0.0,0,0,0,0,0,NA,0,0,0.0%,NA,NA,NA,0,NA,0,0,NA,NA,NA,NA,NA,0,NA,NA,NA,NA,NA,NA,NA,0,vs MIN,28,·,DNP,DNP
5,5906,Dawson Knox,TE,28.9,BUF,38.0,40,40,3.5,2.5,1.5,1,1,0,68,38,0,0.0%,0,0,0,0,0,0,0.00,0,0,0,0,0.00,0.00,2,7,0,1,0,2,8,15,7.5,7.5,0,0,0,15,0,NA,0,0,55.9%,NA,NA,NA,0,NA,1,2,0.500,1.0,12,6.5%,1.25,0,NA,NA,NA,NA,NA,0.083,NA,15,vs NE,5,·,3.2,0.3
5,11623,Jordan Whittington,WR,25.0,LAR,67.0,65,62,5.3,4.3,3.3,1,1,0,68,27,0,0.0%,0,0,0,0,0,0,0.00,0,0,0,0,0.00,0.00,2,21,1,2,0,3,12,33,16.5,11.0,0,0,0,33,0,NA,0,0,39.7%,NA,NA,NA,0,NA,2,3,0.667,2.0,15,6.4%,2.20,0,NA,NA,NA,NA,NA,0.133,NA,33,vs SF,18,·,3.6,1.7
5,12511,Will Howard,QB,24.0,PIT,0.0,0,0,0,0,0,0,0,0,0,0,0,0.0%,0,0,0,0,0,0,0.00,0,0,0,0,0.00,0.00,0,0,0,0,0,0,0,0,0.0,0.0,0,0,0,0,0,NA,0,0,NA,NA,NA,NA,0,NA,0,0,NA,NA,NA,NA,NA,0,NA,NA,NA,NA,NA,NA,NA,0,BYE,BYE,BYE,BYE,BYE
5,5995,Justice Hill,RB,27.9,BAL,56.0,56,59,2.2,1.7,1.2,1,1,0,43,13,0,0.0%,0,0,0,0,0,0,0.00,3,0,0,0,0.00,0.00,1,-5,0,0,0,2,14,9,9.0,4.5,1,0,0,12,0,6,3,3,30.2%,3,5.80,3.000,0,3.580,0,3,0.000,0.0,NA,10.0%,NA,0,NA,NA,NA,NA,NA,NA,NA,12,vs HOU,20,·,6.9,-4.7
5,8917,KaVontae Turpin,WR,29.2,DAL,0.0,0,0,0,0,0,0,0,0,0,0,0,0.0%,0,0,0,0,0,0,0.00,0,0,0,0,0.00,0.00,0,0,0,0,0,0,0,0,0.0,0.0,0,0,0,0,0,NA,0,0,NA,NA,NA,NA,0,NA,0,0,NA,NA,NA,NA,NA,0,NA,NA,NA,NA,NA,NA,NA,0,@ NYJ,13,OUT,OUT,OUT
5,10226,Andrei Iosivas,WR,26.0,CIN,26.0,26,29,13.2,10.7,8.2,1,1,1,62,54,0,0.0%,0,0,0,0,0,0,0.00,0,0,0,0,0.00,0.00,5,56,0,4,0,7,26,82,16.4,11.7,0,0,0,82,0,NA,0,0,87.1%,NA,NA,NA,0,NA,4,7,0.571,4.0,36,17.5%,2.28,0,NA,NA,NA,NA,NA,0.111,NA,82,vs DET,6,·,4.9,8.3
5,11571,Isaiah Davis,RB,23.6,NYJ,35.0,39,40,6.3,4.8,3.3,1,1,0,82,33,0,0.0%,0,0,0,0,0,0,0.00,5,0,0,0,0.00,0.00,3,10,0,1,0,4,18,28,9.3,7.0,1,0,0,33,0,4,5,5,40.2%,1,4.20,1.000,0,1.420,1,5,0.200,1.0,NA,8.7%,NA,0,NA,NA,NA,NA,NA,NA,NA,33,vs DAL,5,·,6.1,0.2
5,8119,Jahan Dotson,WR,25.5,PHI,81.0,71,71,3.4,2.9,2.4,1,1,1,61,44,0,0.0%,0,0,0,0,0,0,0.00,0,0,0,0,0.00,0.00,1,21,0,1,0,3,3,24,24.0,8.0,0,0,0,24,0,NA,0,0,72.1%,NA,NA,NA,0,NA,1,3,0.333,1.0,34,7.9%,0.71,0,NA,NA,NA,NA,NA,0.029,NA,24,vs DEN,27,·,3.1,0.3
5,12523,Jimmy Horn,WR,23.0,CAR,68.0,67,66,5.1,4.1,3.1,1,1,0,70,19,0,0.0%,0,0,0,0,0,0,0.00,10,0,0,0,0.00,0.00,2,15,0,1,0,3,6,21,10.5,7.0,2,0,0,31,0,NA,10,5,27.1%,NA,NA,NA,0,NA,1,5,0.200,1.0,9,10.0%,2.33,0,NA,NA,NA,NA,NA,0.111,NA,31,vs MIA,21,·,1.1,4.0
5,7596,Elijah Moore,WR,25.5,BUF,0.0,0,0,0,0,0,0,0,0,0,0,0,0.0%,0,0,0,0,0,0,0.00,0,0,0,0,0.00,0.00,0,0,0,0,0,0,0,0,0.0,0.0,0,0,0,0,0,NA,0,0,NA,NA,NA,NA,0,NA,0,0,NA,NA,NA,NA,NA,0,NA,NA,NA,NA,NA,NA,NA,0,vs NE,7,OUT,OUT,OUT
5,10218,Xavier Hutchinson,WR,25.3,HOU,17.0,15,10,16.8,15.3,13.8,1,1,0,70,47,0,0.0%,0,0,0,0,0,0,0.00,0,0,0,0,0.00,0.00,3,17,0,0,2,3,1,18,6.0,6.0,0,0,0,18,0,NA,0,0,67.1%,NA,NA,NA,0,NA,2,3,0.667,2.0,24,9.7%,0.75,0,NA,NA,NA,NA,NA,0.000,NA,18,@ BAL,2,·,3.5,13.3
5,12542,Efton Chism,WR,23.9,NE,0.0,0,0,0,0,0,0,0,0,0,0,0,0.0%,0,0,0,0,0,0,0.00,0,0,0,0,0.00,0.00,0,0,0,0,0,0,0,0,0.0,0.0,0,0,0,0,0,NA,0,0,NA,NA,NA,NA,0,NA,0,0,NA,NA,NA,NA,NA,0,NA,NA,NA,NA,NA,NA,NA,0,@ BUF,20,OUT,OUT,OUT
5,6151,Miles Sanders,RB,28.4,DAL,0.0,0,0,0,0,0,0,0,0,0,0,0,0.0%,0,0,0,0,0,0,0.00,0,0,0,0,0.00,0.00,0,0,0,0,0,0,0,0,0.0,0.0,0,0,0,0,0,NA,0,0,NA,NA,NA,NA,0,NA,0,0,NA,NA,NA,NA,NA,0,NA,NA,NA,NA,NA,NA,NA,0,@ NYJ,9,OUT,OUT,OUT
5,5955,Hunter Renfrow,WR,29.8,CAR,95.0,95,95,1.7,1.2,0.7,1,1,1,70,30,0,0.0%,0,0,0,0,0,0,0.00,0,0,0,0,0.00,0.00,1,5,0,0,0,3,2,7,7.0,2.3,0,0,0,7,0,NA,0,0,42.9%,NA,NA,NA,0,NA,0,3,0.000,0.0,20,10.0%,0.35,0,NA,NA,NA,NA,NA,0.000,NA,7,vs MIA,21,·,8.5,-6.8
5,6271,Olamide Zaccheaus,WR,28.2,CHI,0.0,0,0,0,0,0,0,0,0,0,0,0,0.0%,0,0,0,0,0,0,0.00,0,0,0,0,0.00,0.00,0,0,0,0,0,0,0,0,0.0,0.0,0,0,0,0,0,NA,0,0,NA,NA,NA,NA,0,NA,0,0,NA,NA,NA,NA,NA,0,NA,NA,NA,NA,NA,NA,NA,0,BYE,BYE,BYE,BYE,BYE
5,12485,Tez Johnson,WR,23.4,TB,44.0,47,43,9.9,7.9,5.9,1,1,0,61,22,0,0.0%,0,0,0,0,0,0,0.00,0,0,0,0,0.00,0.00,4,28,0,2,0,4,31,59,14.8,14.8,0,0,0,59,0,NA,0,0,36.1%,NA,NA,NA,0,NA,2,4,0.500,2.0,19,12.1%,3.11,0,NA,NA,NA,NA,NA,0.105,NA,59,@ SEA,17,·,3.4,6.5
5,6149,Darius Slayton,WR,28.7,NYG,71.0,79,87,4.1,2.6,1.1,1,1,1,73,55,1,0.0%,0,0,0,0,0,0,0.00,0,0,0,0,0.00,0.00,3,7,1,1,0,6,24,31,10.3,5.2,0,0,0,31,0,NA,0,0,75.3%,NA,NA,NA,0,NA,1,6,0.167,1.0,27,15.0%,1.15,0,NA,NA,NA,NA,NA,0.037,NA,31,@ NO,19,Q,9.2,-5.1
5,4040,JuJu Smith-Schuster,WR,28.8,KC,76.0,76,76,3.7,2.7,1.7,1,1,1,64,42,0,0.0%,0,0,0,0,0,0,0.00,0,0,0,0,0.00,0.00,2,7,0,1,0,3,10,17,8.5,5.7,0,0,0,17,0,NA,0,0,65.6%,NA,NA,NA,0,NA,1,3,0.333,1.0,24,7.3%,0.71,0,NA,NA,NA,NA,NA,0.042,NA,17,@ JAX,24,·,6.7,-3.0
5,4219,Jeremy McNichols,RB,29.8,WAS,49.0,49,52,2.8,2.3,1.8,1,1,0,59,15,0,0.0%,0,0,0,0,0,0,0.00,6,0,0,0,0.00,0.00,1,-6,0,1,0,2,18,12,12.0,6.0,1,0,0,18,0,3,6,6,25.4%,1,2.70,1.000,0,1.270,1,3,0.333,1.0,NA,7.7%,NA,0,NA,NA,NA,NA,NA,NA,NA,18,@ LAC,25,·,6.7,-3.9
5,12500,Quinn Ewers,QB,22.4,MIA,0.0,0,0,0,0,0,0,0,0,0,0,0,0.0%,0,0,0,0,0,0,0.00,0,0,0,0,0.00,0.00,0,0,0,0,0,0,0,0,0.0,0.0,0,0,0,0,0,NA,0,0,NA,NA,NA,NA,0,NA,0,0,NA,NA,NA,NA,NA,0,NA,NA,NA,NA,NA,NA,NA,0,@ CAR,20,OUT,OUT,OUT
5,12496,Tai Felton,WR,22.5,MIN,999.0,999,999,0,0,0,1,1,0,65,0,0,0.0%,0,0,0,0,0,0,0.00,0,0,0,0,0.00,0.00,0,0,0,0,0,0,0,0,0.0,0.0,0,0,0,0,0,NA,0,0,0.0%,NA,NA,NA,0,NA,0,0,NA,0.0,NA,NA,NA,0,NA,NA,NA,NA,NA,NA,NA,0,@ CLE,8,·,0.4,-0.4
5,2307,Marcus Mariota,QB,31.9,WAS,999.0,999,999,0,0,0,1,0,0,59,0,0,0.0%,0,0,0,0,0,0,0.00,0,0,0,0,0.00,0.00,0,0,0,0,0,0,0,0,0.0,0.0,0,0,0,0,0,NA,0,0,0.0%,NA,NA,NA,0,NA,0,0,NA,NA,NA,NA,NA,0,NA,NA,NA,NA,NA,NA,NA,0,@ LAC,18,·,DNP,DNP
5,12516,Kalel Mullings,RB,23.0,TEN,999.0,999,999,0,0,0,1,0,0,0,0,0,0.0%,0,0,0,0,0,0,0.00,0,0,0,0,0.00,0.00,0,0,0,0,0,0,0,0,0.0,0.0,0,0,0,0,0,NA,0,0,NA,NA,NA,NA,0,NA,0,0,NA,NA,NA,NA,NA,0,NA,NA,NA,NA,NA,NA,NA,0,@ ARI,12,IR,IR,IR
5,11821,Tahj Washington,WR,24.4,MIA,999.0,999,999,0,0,0,1,1,0,55,3,0,0.0%,0,0,0,0,0,0,0.00,0,0,0,0,0.00,0.00,0,0,0,0,0,0,0,0,0.0,0.0,0,0,0,0,0,NA,0,0,5.5%,NA,NA,NA,0,NA,0,0,NA,0.0,3,0.0%,0.00,0,NA,NA,NA,NA,NA,0.000,NA,0,@ CAR,29,·,DNP,DNP
5,4993,Mike Gesicki,TE,30.0,CIN,37.0,39,39,3.5,2.5,1.5,1,1,0,62,31,0,0.0%,0,0,0,0,0,0,0.00,0,0,0,0,0.00,0.00,2,12,0,1,0,5,3,15,7.5,3.0,0,0,0,15,0,NA,0,0,50.0%,NA,NA,NA,0,NA,1,5,0.200,1.0,18,12.5%,0.83,0,NA,NA,NA,NA,NA,0.056,NA,15,vs DET,18,·,4.5,-1.0
5,9497,Jalin Hyatt,WR,24.0,NYG,999.0,999,999,0,0,0,1,1,0,73,34,0,0.0%,0,0,0,0,0,0,0.00,0,0,0,0,0.00,0.00,0,0,0,0,0,3,0,0,0.0,0.0,0,0,0,0,0,NA,0,0,46.6%,NA,NA,NA,0,NA,0,3,0.000,0.0,21,7.5%,0.00,0,NA,NA,NA,NA,NA,0.000,NA,0,@ NO,19,·,5.6,-5.6
5,11199,Emari Demercado,RB,26.7,ARI,36.0,34,29,6.1,6.1,6.1,1,1,0,67,19,1,0.0%,0,0,0,0,0,0,0.00,81,0,0,0,0.00,0.00,0,0,0,0,0,0,0,0,0.0,0.0,3,1,0,81,0,3,81,27,28.4%,3,1.00,1.000,0,1.100,0,3,0.000,0.0,NA,0.0%,NA,0,NA,NA,NA,NA,NA,NA,NA,81,vs TEN,3,·,10.2,-4.1
5,1689,Adam Thielen,WR,35.1,MIN,999.0,999,999,0,0,0,1,1,0,65,14,0,0.0%,0,0,0,0,0,0,0.00,0,0,0,0,0.00,0.00,0,0,0,0,0,0,0,0,0.0,0.0,0,0,0,0,0,NA,0,0,21.5%,NA,NA,NA,0,NA,0,0,NA,0.0,10,0.0%,0.00,0,NA,NA,NA,NA,NA,0.000,NA,0,@ CLE,8,·,3.2,-3.2
5,11435,Emanuel Wilson,RB,26.4,GB,0.0,0,0,0,0,0,0,0,0,0,0,0,0.0%,0,0,0,0,0,0,0.00,0,0,0,0,0.00,0.00,0,0,0,0,0,0,0,0,0.0,0.0,0,0,0,0,0,NA,0,0,NA,NA,NA,NA,0,NA,0,0,NA,NA,NA,NA,NA,0,NA,NA,NA,NA,NA,NA,NA,0,BYE,BYE,BYE,BYE,BYE
5,8161,Malik Willis,QB,26.3,GB,0.0,0,0,0,0,0,0,0,0,0,0,0,0.0%,0,0,0,0,0,0,0.00,0,0,0,0,0.00,0.00,0,0,0,0,0,0,0,0,0.0,0.0,0,0,0,0,0,NA,0,0,NA,NA,NA,NA,0,NA,0,0,NA,NA,NA,NA,NA,0,NA,NA,NA,NA,NA,NA,NA,0,BYE,BYE,BYE,BYE,BYE
5,8207,Tyler Goodson,RB,24.9,IND,0.0,0,0,0,0,0,0,0,0,0,0,0,0.0%,0,0,0,0,0,0,0.00,0,0,0,0,0.00,0.00,0,0,0,0,0,0,0,0,0.0,0.0,0,0,0,0,0,NA,0,0,NA,NA,NA,NA,0,NA,0,0,NA,NA,NA,NA,NA,0,NA,NA,NA,NA,NA,NA,NA,0,vs LV,10,OUT,OUT,OUT
5,11640,Jermaine Burton,WR,24.2,CIN,0.0,0,0,0,0,0,0,0,0,0,0,0,0.0%,0,0,0,0,0,0,0.00,0,0,0,0,0.00,0.00,0,0,0,0,0,0,0,0,0.0,0.0,0,0,0,0,0,NA,0,0,NA,NA,NA,NA,0,NA,0,0,NA,NA,NA,NA,NA,0,NA,NA,NA,NA,NA,NA,NA,0,vs DET,6,OUT,OUT,OUT
5,6039,Ty Johnson,RB,28.0,BUF,66.0,64,63,1,1,1,1,1,0,68,12,0,0.0%,0,0,0,0,0,0,0.00,10,0,0,0,0.00,0.00,0,0,0,0,0,0,0,0,0.0,0.0,2,0,0,10,0,9,10,5,17.6%,1,4.40,0.500,0,0.940,0,2,0.000,0.0,NA,0.0%,NA,0,NA,NA,NA,NA,NA,NA,NA,10,vs NE,27,·,4.2,-3.2
5,8698,Jake Tonges,TE,26.2,SF,9.0,9,10,17.1,13.6,10.1,1,1,0,86,63,0,0.0%,0,0,0,0,0,0,0.00,0,0,0,0,0.00,0.00,7,16,0,2,1,11,25,41,5.9,3.7,0,0,0,41,0,NA,0,0,73.3%,NA,NA,NA,0,NA,3,11,0.273,3.0,37,22.4%,1.11,0,NA,NA,NA,NA,NA,0.054,NA,41,@ LAR,13,·,7.1,10.0
5,11599,Cade Stover,TE,25.3,HOU,999.0,999,999,0,0,0,1,0,0,0,0,0,0.0%,0,0,0,0,0,0,0.00,0,0,0,0,0.00,0.00,0,0,0,0,0,0,0,0,0.0,0.0,0,0,0,0,0,NA,0,0,NA,NA,NA,NA,0,NA,0,0,NA,NA,NA,NA,NA,0,NA,NA,NA,NA,NA,NA,NA,0,@ BAL,10,IR,IR,IR
5,7562,Tutu Atwell,WR,26.0,LAR,49.0,44,37,9.2,8.2,7.2,1,1,1,68,45,0,0.0%,0,0,0,0,0,0,0.00,0,0,0,0,0.00,0.00,2,71,0,2,0,4,1,72,36.0,18.0,0,0,0,72,0,NA,0,0,66.2%,NA,NA,NA,0,NA,2,4,0.500,2.0,35,8.5%,2.06,0,NA,NA,NA,NA,NA,0.057,NA,72,vs SF,18,·,2.9,6.3
5,11439,Jaleel McLaughlin,RB,25.0,DEN,0.0,0,0,0,0,0,0,0,0,0,0,0,0.0%,0,0,0,0,0,0,0.00,0,0,0,0,0.00,0.00,0,0,0,0,0,0,0,0,0.0,0.0,0,0,0,0,0,NA,0,0,NA,NA,NA,NA,0,NA,0,0,NA,NA,NA,NA,NA,0,NA,NA,NA,NA,NA,NA,NA,0,@ PHI,8,OUT,OUT,OUT
5,11619,Ja'Lynn Polk,WR,23.5,NO,999.0,999,999,0,0,0,1,0,0,0,0,0,0.0%,0,0,0,0,0,0,0.00,0,0,0,0,0.00,0.00,0,0,0,0,0,0,0,0,0.0,0.0,0,0,0,0,0,NA,0,0,NA,NA,NA,NA,0,NA,0,0,NA,NA,NA,NA,NA,0,NA,NA,NA,NA,NA,NA,NA,0,vs NYG,3,IR,IR,IR
5,8129,Dameon Pierce,RB,25.6,HOU,58.0,52,50,2.1,2.1,2.1,1,1,0,70,16,0,0.0%,0,0,0,0,0,0,0.00,21,0,0,0,0.00,0.00,0,0,0,0,0,0,0,0,0.0,0.0,7,2,1,21,0,23,21,3,22.9%,3,3.30,0.429,1,0.759,1,7,0.143,1.0,NA,0.0%,NA,0,NA,NA,NA,NA,NA,NA,NA,21,@ BAL,2,·,0.2,1.9
5,9492,Trey Palmer,WR,24.5,NO,999.0,999,999,0,0,0,1,0,0,0,0,0,0.0%,0,0,0,0,0,0,0.00,0,0,0,0,0.00,0.00,0,0,0,0,0,0,0,0,0.0,0.0,0,0,0,0,0,NA,0,0,NA,NA,NA,NA,0,NA,0,0,NA,NA,NA,NA,NA,0,NA,NA,NA,NA,NA,NA,NA,0,vs NYG,3,IR,IR,IR
5,11616,Jacob Cowing,WR,24.6,SF,999.0,999,999,0,0,0,1,0,0,0,0,0,0.0%,0,0,0,0,0,0,0.00,0,0,0,0,0.00,0.00,0,0,0,0,0,0,0,0,0.0,0.0,0,0,0,0,0,NA,0,0,NA,NA,NA,NA,0,NA,0,0,NA,NA,NA,NA,NA,0,NA,NA,NA,NA,NA,NA,NA,0,@ LAR,12,IR,IR,IR
5,11834,Devaughn Vele,WR,27.8,NO,82.0,82,84,3.3,2.3,1.3,1,1,0,66,25,0,0.0%,0,0,0,0,0,0,0.00,0,0,0,0,0.00,0.00,2,6,0,1,0,2,7,13,6.5,6.5,0,0,0,13,0,NA,0,0,37.9%,NA,NA,NA,0,NA,1,2,0.500,1.0,11,6.3%,1.18,0,NA,NA,NA,NA,NA,0.091,NA,13,vs NYG,3,·,2.4,0.9
5,2306,Jameis Winston,QB,31.7,NYG,0.0,0,0,0,0,0,0,0,0,0,0,0,0.0%,0,0,0,0,0,0,0.00,0,0,0,0,0.00,0.00,0,0,0,0,0,0,0,0,0.0,0.0,0,0,0,0,0,NA,0,0,NA,NA,NA,NA,0,NA,0,0,NA,NA,NA,NA,NA,0,NA,NA,NA,NA,NA,NA,NA,0,@ NO,5,OUT,OUT,OUT
5,12472,Raheim Sanders,RB,23.3,CLE,0.0,0,0,0,0,0,0,0,0,0,0,0,0.0%,0,0,0,0,0,0,0.00,0,0,0,0,0.00,0.00,0,0,0,0,0,0,0,0,0.0,0.0,0,0,0,0,0,NA,0,0,NA,NA,NA,NA,0,NA,0,0,NA,NA,NA,NA,NA,0,NA,NA,NA,NA,NA,NA,NA,0,vs MIN,15,OUT,OUT,OUT
5,5096,Ray-Ray McCloud,WR,29.0,ATL,0.0,0,0,0,0,0,0,0,0,0,0,0,0.0%,0,0,0,0,0,0,0.00,0,0,0,0,0.00,0.00,0,0,0,0,0,0,0,0,0.0,0.0,0,0,0,0,0,NA,0,0,NA,NA,NA,NA,0,NA,0,0,NA,NA,NA,NA,NA,0,NA,NA,NA,NA,NA,NA,NA,0,BYE,BYE,BYE,BYE,BYE
5,8147,John Metchie,WR,25.2,PHI,999.0,999,999,0,0,0,1,1,0,61,4,0,0.0%,0,0,0,0,0,0,0.00,0,0,0,0,0.00,0.00,0,0,0,0,0,0,0,0,0.0,0.0,0,0,0,0,0,NA,0,0,6.6%,NA,NA,NA,0,NA,0,0,NA,0.0,2,0.0%,0.00,0,NA,NA,NA,NA,NA,0.000,NA,0,vs DEN,27,·,0.8,-0.8
5,12462,Damien Martinez,RB,21.6,SEA,0.0,0,0,0,0,0,0,0,0,0,0,0,0.0%,0,0,0,0,0,0,0.00,0,0,0,0,0.00,0.00,0,0,0,0,0,0,0,0,0.0,0.0,0,0,0,0,0,NA,0,0,NA,NA,NA,NA,0,NA,0,0,NA,NA,NA,NA,NA,0,NA,NA,NA,NA,NA,NA,NA,0,vs TB,17,·,DNP,DNP
5,9479,Darnell Washington,TE,24.1,PIT,0.0,0,0,0,0,0,0,0,0,0,0,0,0.0%,0,0,0,0,0,0,0.00,0,0,0,0,0.00,0.00,0,0,0,0,0,0,0,0,0.0,0.0,0,0,0,0,0,NA,0,0,NA,NA,NA,NA,0,NA,0,0,NA,NA,NA,NA,NA,0,NA,NA,NA,NA,NA,NA,NA,0,BYE,BYE,BYE,BYE,BYE
5,4454,Kendrick Bourne,WR,30.2,SF,6.0,9,9,24.2,19.2,14.2,1,1,1,86,70,0,0.0%,0,0,0,0,0,0,0.00,0,0,0,0,0.00,0.00,10,86,1,8,0,11,56,142,14.2,12.9,0,0,0,142,0,NA,0,0,81.4%,NA,NA,NA,0,NA,8,11,0.727,8.0,40,22.4%,3.55,0,NA,NA,NA,NA,NA,0.200,NA,142,@ LAR,12,·,10.0,14.2
5,6945,Antonio Gibson,RB,27.3,NE,45.0,45,45,3.6,3.1,2.6,1,1,0,60,9,1,0.0%,0,0,0,0,0,0,0.00,21,0,0,0,0.00,0.00,1,-6,0,0,0,1,11,5,5.0,5.0,6,0,1,26,0,15,21,3.5,15.0%,0,2.50,0.000,1,0.250,1,7,0.143,1.0,NA,3.3%,NA,0,NA,NA,NA,NA,NA,NA,NA,26,@ BUF,13,OUT,4.3,-0.7
5,7694,Tommy Tremble,TE,25.3,CAR,51.0,51,51,1.7,1.2,0.7,1,1,1,70,53,0,0.0%,0,0,0,0,0,0,0.00,0,0,0,0,0.00,0.00,1,3,0,0,0,2,4,7,7.0,3.5,0,0,0,7,0,NA,0,0,75.7%,NA,NA,NA,0,NA,0,2,0.000,0.0,20,6.7%,0.35,0,NA,NA,NA,NA,NA,0.000,NA,7,vs MIA,6,·,6.8,-5.1
5,12634,Jordan Watkins,WR,23.6,SF,0.0,0,0,0,0,0,0,0,0,0,0,0,0.0%,0,0,0,0,0,0,0.00,0,0,0,0,0.00,0.00,0,0,0,0,0,0,0,0,0.0,0.0,0,0,0,0,0,NA,0,0,NA,NA,NA,NA,0,NA,0,0,NA,NA,NA,NA,NA,0,NA,NA,NA,NA,NA,NA,NA,0,@ LAR,12,OUT,OUT,OUT
5,12520,Xavier Restrepo,WR,23.5,TEN,999.0,999,999,0,0,0,1,0,0,0,0,0,0.0%,0,0,0,0,0,0,0.00,0,0,0,0,0.00,0.00,0,0,0,0,0,0,0,0,0.0,0.0,0,0,0,0,0,NA,0,0,NA,NA,NA,NA,0,NA,0,0,NA,NA,NA,NA,NA,0,NA,NA,NA,NA,NA,NA,NA,0,@ ARI,14,·,DNP,DNP
5,6130,Devin Singletary,RB,28.1,NYG,46.0,46,47,3.4,2.9,2.4,1,1,0,73,23,0,0.0%,0,0,0,0,0,0,0.00,20,0,0,0,0.00,0.00,1,-2,1,0,0,2,6,4,4.0,2.0,6,0,2,24,0,19,20,3.33,31.5%,2,3.20,0.333,2,0.653,2,8,0.250,2.0,NA,5.0%,NA,0,NA,NA,NA,NA,NA,NA,NA,24,@ NO,11,·,5.3,-1.9
5,3271,Tyler Higbee,TE,32.7,LAR,0.0,0,0,0,0,0,0,0,0,0,0,0,0.0%,0,0,0,0,0,0,0.00,0,0,0,0,0.00,0.00,0,0,0,0,0,0,0,0,0.0,0.0,0,0,0,0,0,NA,0,0,NA,NA,NA,NA,0,NA,0,0,NA,NA,NA,NA,NA,0,NA,NA,NA,NA,NA,NA,NA,0,vs SF,3,OUT,OUT,OUT
5,5970,Greg Dortch,WR,27.3,ARI,84.0,83,85,3.2,2.2,1.2,1,1,0,67,5,0,0.0%,0,0,0,0,0,0,0.00,0,0,0,0,0.00,0.00,2,-6,0,0,0,2,18,12,6.0,6.0,0,0,0,12,0,NA,0,0,7.5%,NA,NA,NA,0,NA,0,2,0.000,0.0,4,6.3%,3.00,0,NA,NA,NA,NA,NA,0.000,NA,12,vs TEN,9,·,3.5,-0.3
5,6943,Gabriel Davis,WR,26.5,BUF,999.0,999,999,0,0,0,1,0,0,0,0,0,0.0%,0,0,0,0,0,0,0.00,0,0,0,0,0.00,0.00,0,0,0,0,0,0,0,0,0.0,0.0,0,0,0,0,0,NA,0,0,NA,NA,NA,NA,0,NA,0,0,NA,NA,NA,NA,NA,0,NA,NA,NA,NA,NA,NA,NA,0,vs NE,7,OUT,OUT,OUT
5,4234,Noah Brown,WR,29.7,WAS,0.0,0,0,0,0,0,0,0,0,0,0,0,0.0%,0,0,0,0,0,0,0.00,0,0,0,0,0.00,0.00,0,0,0,0,0,0,0,0,0.0,0.0,0,0,0,0,0,NA,0,0,NA,NA,NA,NA,0,NA,0,0,NA,NA,NA,NA,NA,0,NA,NA,NA,NA,NA,NA,NA,0,@ LAC,25,OUT,OUT,OUT
5,1166,Kirk Cousins,QB,37.1,ATL,0.0,0,0,0,0,0,0,0,0,0,0,0,0.0%,0,0,0,0,0,0,0.00,0,0,0,0,0.00,0.00,0,0,0,0,0,0,0,0,0.0,0.0,0,0,0,0,0,NA,0,0,NA,NA,NA,NA,0,NA,0,0,NA,NA,NA,NA,NA,0,NA,NA,NA,NA,NA,NA,NA,0,BYE,BYE,BYE,BYE,BYE
5,12738,Phil Mafah,RB,22.9,DAL,999.0,999,999,0,0,0,1,0,0,0,0,0,0.0%,0,0,0,0,0,0,0.00,0,0,0,0,0.00,0.00,0,0,0,0,0,0,0,0,0.0,0.0,0,0,0,0,0,NA,0,0,NA,NA,NA,NA,0,NA,0,0,NA,NA,NA,NA,NA,0,NA,NA,NA,NA,NA,NA,NA,0,@ NYJ,9,IR,IR,IR
5,5010,Will Dissly,TE,29.2,LAC,0.0,0,0,0,0,0,0,0,0,0,0,0,0.0%,0,0,0,0,0,0,0.00,0,0,0,0,0.00,0.00,0,0,0,0,0,0,0,0,0.0,0.0,0,0,0,0,0,NA,0,0,NA,NA,NA,NA,0,NA,0,0,NA,NA,NA,NA,NA,0,NA,NA,NA,NA,NA,NA,NA,0,vs WAS,11,OUT,OUT,OUT
5,12539,Arian Smith,WR,24.0,NYJ,88.0,87,83,2.4,1.9,1.4,1,1,1,82,46,0,0.0%,0,0,0,0,0,0,0.00,0,0,0,0,0.00,0.00,1,4,0,1,0,1,10,14,14.0,14.0,0,0,0,14,0,NA,0,0,56.1%,NA,NA,NA,0,NA,1,1,1.000,1.0,32,2.2%,0.44,0,NA,NA,NA,NA,NA,0.031,NA,14,vs DAL,1,·,1.1,1.3
5,12515,Donovan Edwards,RB,22.6,WAS,999.0,999,999,0,0,0,1,0,0,0,0,0,0.0%,0,0,0,0,0,0,0.00,0,0,0,0,0.00,0.00,0,0,0,0,0,0,0,0,0.0,0.0,0,0,0,0,0,NA,0,0,NA,NA,NA,NA,0,NA,0,0,NA,NA,NA,NA,NA,0,NA,NA,NA,NA,NA,NA,NA,0,@ LAC,25,·,DNP,DNP
5,8139,Zamir White,RB,26.0,LV,999.0,999,999,0,0,0,1,1,0,68,0,0,0.0%,0,0,0,0,0,0,0.00,0,0,0,0,0.00,0.00,0,0,0,0,0,0,0,0,0.0,0.0,0,0,0,0,0,NA,0,0,0.0%,NA,NA,NA,0,NA,0,0,NA,0.0,NA,NA,NA,0,NA,NA,NA,NA,NA,NA,NA,0,@ IND,24,·,0.7,-0.7
5,10231,Elijah Higgins,TE,24.9,ARI,41.0,41,45,3,2,1,1,1,1,67,20,0,0.0%,0,0,0,0,0,0,0.00,0,0,0,0,0.00,0.00,2,-4,0,0,0,2,14,10,5.0,5.0,0,0,0,10,0,NA,0,0,29.9%,NA,NA,NA,0,NA,0,2,0.000,0.0,8,6.3%,1.25,0,NA,NA,NA,NA,NA,0.000,NA,10,vs TEN,22,·,1.3,1.7
5,8208,Tyler Badie,RB,25.6,DEN,50.0,53,53,2.6,2.1,1.6,1,1,0,74,19,0,0.0%,0,0,0,0,0,0,0.00,0,0,0,0,0.00,0.00,1,-6,0,1,0,2,22,16,16.0,8.0,0,0,0,16,0,0,0,0,25.7%,0,0.00,NA,0,NA,1,2,0.500,1.0,NA,5.1%,NA,0,NA,NA,NA,NA,NA,NA,NA,16,@ PHI,8,·,1.7,0.9
5,10871,Luke Schoonmaker,TE,27.0,DAL,53.0,53,54,1.3,0.8,0.3,1,1,0,60,33,0,0.0%,0,0,0,0,0,0,0.00,0,0,0,0,0.00,0.00,1,2,0,0,0,2,1,3,3.0,1.5,0,0,0,3,0,NA,0,0,55.0%,NA,NA,NA,0,NA,0,2,0.000,0.0,11,6.9%,0.27,0,NA,NA,NA,NA,NA,0.000,NA,3,@ NYJ,7,·,2.3,-1.0
5,3200,Sterling Shepard,WR,32.6,TB,32.0,31,32,11.9,9.9,7.9,1,1,0,61,25,0,0.0%,0,0,0,0,0,0,0.00,-5,0,0,0,0.00,0.00,4,15,0,0,1,5,9,24,6.0,4.8,1,0,0,19,0,NA,-5,-5,41.0%,NA,NA,NA,0,NA,1,6,0.167,1.0,15,15.2%,1.60,0,NA,NA,NA,NA,NA,0.000,NA,19,@ SEA,17,·,7.7,4.2
5,7496,Nick Westbrook-Ikhine,WR,28.5,MIA,999.0,999,999,0,0,0,1,1,0,55,39,0,0.0%,0,0,0,0,0,0,0.00,0,0,0,0,0.00,0.00,0,0,0,0,0,0,0,0,0.0,0.0,0,0,0,0,0,NA,0,0,70.9%,NA,NA,NA,0,NA,0,0,NA,0.0,26,0.0%,0.00,0,NA,NA,NA,NA,NA,0.000,NA,0,@ CAR,29,·,5.3,-5.3
5,11579,Audric Estime,RB,22.1,PHI,999.0,999,999,0,0,0,1,0,0,0,0,0,0.0%,0,0,0,0,0,0,0.00,0,0,0,0,0.00,0.00,0,0,0,0,0,0,0,0,0.0,0.0,0,0,0,0,0,NA,0,0,NA,NA,NA,NA,0,NA,0,0,NA,NA,NA,NA,NA,0,NA,NA,NA,NA,NA,NA,NA,0,vs DEN,19,·,DNP,DNP
5,11370,Chris Brooks,RB,25.7,GB,0.0,0,0,0,0,0,0,0,0,0,0,0,0.0%,0,0,0,0,0,0,0.00,0,0,0,0,0.00,0.00,0,0,0,0,0,0,0,0,0.0,0.0,0,0,0,0,0,NA,0,0,NA,NA,NA,NA,0,NA,0,0,NA,NA,NA,NA,NA,0,NA,NA,NA,NA,NA,NA,NA,0,BYE,BYE,BYE,BYE,BYE
5,11256,Tyson Bagent,QB,25.3,CHI,0.0,0,0,0,0,0,0,0,0,0,0,0,0.0%,0,0,0,0,0,0,0.00,0,0,0,0,0.00,0.00,0,0,0,0,0,0,0,0,0.0,0.0,0,0,0,0,0,NA,0,0,NA,NA,NA,NA,0,NA,0,0,NA,NA,NA,NA,NA,0,NA,NA,NA,NA,NA,NA,NA,0,BYE,BYE,BYE,BYE,BYE
5,7601,Rondale Moore,WR,25.3,MIN,999.0,999,999,0,0,0,1,0,0,0,0,0,0.0%,0,0,0,0,0,0,0.00,0,0,0,0,0.00,0.00,0,0,0,0,0,0,0,0,0.0,0.0,0,0,0,0,0,NA,0,0,NA,NA,NA,NA,0,NA,0,0,NA,NA,NA,NA,NA,0,NA,NA,NA,NA,NA,NA,NA,0,@ CLE,8,IR,IR,IR
5,7561,Elijah Mitchell,RB,27.4,KC,0.0,0,0,0,0,0,0,0,0,0,0,0,0.0%,0,0,0,0,0,0,0.00,0,0,0,0,0.00,0.00,0,0,0,0,0,0,0,0,0.0,0.0,0,0,0,0,0,NA,0,0,NA,NA,NA,NA,0,NA,0,0,NA,NA,NA,NA,NA,0,NA,NA,NA,NA,NA,NA,NA,0,@ JAX,29,OUT,OUT,OUT
5,11592,Erick All,TE,25.0,CIN,999.0,999,999,0,0,0,1,0,0,0,0,0,0.0%,0,0,0,0,0,0,0.00,0,0,0,0,0.00,0.00,0,0,0,0,0,0,0,0,0.0,0.0,0,0,0,0,0,NA,0,0,NA,NA,NA,NA,0,NA,0,0,NA,NA,NA,NA,NA,0,NA,NA,NA,NA,NA,NA,NA,0,vs DET,18,PUP,PUP,PUP
5,8123,Hassan Haskins,RB,25.8,LAC,51.0,54,55,2.5,2,1.5,1,1,0,67,14,0,0.0%,0,0,0,0,0,0,0.00,13,0,0,0,0.00,0.00,1,2,0,0,0,1,0,2,2.0,2.0,5,0,0,15,0,14,13,2.6,20.9%,2,2.70,0.400,0,0.670,0,6,0.000,0.0,NA,3.0%,NA,0,NA,NA,NA,NA,NA,NA,NA,15,vs WAS,21,·,3.8,-1.3
5,11633,Jamari Thrash,WR,24.8,CLE,83.0,74,72,3.2,2.7,2.2,1,1,1,70,28,0,0.0%,0,0,0,0,0,0,0.00,0,0,0,0,0.00,0.00,1,17,0,1,0,1,5,22,22.0,22.0,0,0,0,22,0,NA,0,0,40.0%,NA,NA,NA,0,NA,1,1,1.000,1.0,12,3.0%,1.83,0,NA,NA,NA,NA,NA,0.083,NA,22,vs MIN,32,·,4.4,-1.2
5,5133,Tyler Conklin,TE,30.2,LAC,30.0,29,27,5,4,3,1,1,1,67,20,0,0.0%,0,0,0,0,0,0,0.00,0,0,0,0,0.00,0.00,2,11,1,1,0,3,19,30,15.0,10.0,0,0,0,30,0,NA,0,0,29.9%,NA,NA,NA,0,NA,1,3,0.333,1.0,8,9.1%,3.75,0,NA,NA,NA,NA,NA,0.125,NA,30,vs WAS,11,·,1.8,3.2
5,4082,Curtis Samuel,WR,29.1,BUF,41.0,34,28,10.6,9.6,8.6,1,1,0,68,33,0,0.0%,0,0,0,0,0,0,0.00,0,0,0,0,0.00,0.00,2,19,0,1,1,2,7,26,13.0,13.0,0,0,0,26,0,NA,0,0,48.5%,NA,NA,NA,0,NA,2,2,1.000,2.0,17,6.5%,1.53,0,NA,NA,NA,NA,NA,0.059,NA,26,vs NE,7,·,2.5,8.1
5,6865,Colby Parkinson,TE,26.7,LAR,999.0,999,999,0,0,0,1,1,1,68,25,0,0.0%,0,0,0,0,0,0,0.00,0,0,0,0,0.00,0.00,0,0,0,0,0,1,0,0,0.0,0.0,0,0,0,0,0,NA,0,0,36.8%,NA,NA,NA,0,NA,0,1,0.000,0.0,15,2.1%,0.00,0,NA,NA,NA,NA,NA,0.000,NA,0,vs SF,3,Q,2.9,-2.9
5,11570,Rasheen Ali,RB,24.6,BAL,999.0,999,999,0,0,0,1,1,0,43,0,0,0.0%,0,0,0,0,0,0,0.00,0,0,0,0,0.00,0.00,0,0,0,0,0,0,0,0,0.0,0.0,0,0,0,0,0,NA,0,0,0.0%,NA,NA,NA,0,NA,0,0,NA,0.0,NA,NA,NA,0,NA,NA,NA,NA,NA,NA,NA,0,vs HOU,20,·,0.2,-0.2
5,7538,Zach Wilson,QB,26.2,MIA,999.0,999,999,0,0,0,1,0,0,55,0,0,0.0%,0,0,0,0,0,0,0.00,0,0,0,0,0.00,0.00,0,0,0,0,0,0,0,0,0.0,0.0,0,0,0,0,0,NA,0,0,0.0%,NA,NA,NA,0,NA,0,0,NA,NA,NA,NA,NA,0,NA,NA,NA,NA,NA,NA,NA,0,@ CAR,20,·,DNP,DNP
5,11645,Javon Baker,WR,23.6,PHI,999.0,999,999,0,0,0,1,0,0,0,0,0,0.0%,0,0,0,0,0,0,0.00,0,0,0,0,0.00,0.00,0,0,0,0,0,0,0,0,0.0,0.0,0,0,0,0,0,NA,0,0,NA,NA,NA,NA,0,NA,0,0,NA,NA,NA,NA,NA,0,NA,NA,NA,NA,NA,NA,NA,0,vs DEN,27,·,DNP,DNP
5,8162,Sam Howell,QB,25.0,PHI,0.0,0,0,0,0,0,0,0,0,0,0,0,0.0%,0,0,0,0,0,0,0.00,0,0,0,0,0.00,0.00,0,0,0,0,0,0,0,0,0.0,0.0,0,0,0,0,0,NA,0,0,NA,NA,NA,NA,0,NA,0,0,NA,NA,NA,NA,NA,0,NA,NA,NA,NA,NA,NA,NA,0,vs DEN,29,OUT,OUT,OUT
5,2374,Tyler Lockett,WR,33.0,TEN,96.0,97,96,1.6,1.1,0.6,1,1,0,67,17,0,0.0%,0,0,0,0,0,0,0.00,0,0,0,0,0.00,0.00,1,5,1,0,0,4,1,6,6.0,1.5,0,0,0,6,0,NA,0,0,25.4%,NA,NA,NA,0,NA,0,4,0.000,0.0,15,10.3%,0.40,0,NA,NA,NA,NA,NA,0.000,NA,6,@ ARI,14,·,3.1,-1.5
5,7610,Trey Lance,QB,25.4,LAC,29.0,29,29,2.86,2.86,2.86,1,1,0,67,6,0,75.0%,17,4,3,2,1,0,110.40,55,1,0,44,11.00,14.67,0,0,0,0,0,0,0,0,0.0,0.0,1,0,0,11,0,NA,11,11,9.0%,NA,NA,NA,0,NA,2,5,NA,NA,NA,NA,NA,2,50.0%,2.08,0.0%,16.7%,4.8,NA,6,55,vs WAS,8,·,DNP,DNP
5,8225,Daniel Bellinger,TE,25.0,NYG,19.0,19,20,9.2,7.2,5.2,1,1,1,73,38,0,0.0%,0,0,0,0,0,0,0.00,0,0,0,0,0.00,0.00,4,28,0,3,0,4,24,52,13.0,13.0,0,0,0,52,0,NA,0,0,52.1%,NA,NA,NA,0,NA,3,4,0.750,3.0,12,10.0%,4.33,0,NA,NA,NA,NA,NA,0.250,NA,52,@ NO,4,·,1.9,7.3
5,1234,Russell Wilson,QB,36.8,NYG,999.0,999,999,0,0,0,1,0,0,73,0,0,0.0%,0,0,0,0,0,0,0.00,0,0,0,0,0.00,0.00,0,0,0,0,0,0,0,0,0.0,0.0,0,0,0,0,0,NA,0,0,0.0%,NA,NA,NA,0,NA,0,0,NA,NA,NA,NA,NA,0,NA,NA,NA,NA,NA,NA,NA,0,@ NO,5,·,DNP,DNP
5,8160,Kenny Pickett,QB,27.3,LV,999.0,999,999,0,0,0,1,0,0,68,0,0,0.0%,0,0,0,0,0,0,0.00,0,0,0,0,0.00,0.00,0,0,0,0,0,0,0,0,0.0,0.0,0,0,0,0,0,NA,0,0,0.0%,NA,NA,NA,0,NA,0,0,NA,NA,NA,NA,NA,0,NA,NA,NA,NA,NA,NA,NA,0,@ IND,22,·,DNP,DNP
5,8230,Ty Chandler,RB,27.4,MIN,999.0,999,999,0,0,0,1,0,0,0,0,0,0.0%,0,0,0,0,0,0,0.00,0,0,0,0,0.00,0.00,0,0,0,0,0,0,0,0,0.0,0.0,0,0,0,0,0,NA,0,0,NA,NA,NA,NA,0,NA,0,0,NA,NA,NA,NA,NA,0,NA,NA,NA,NA,NA,NA,NA,0,@ CLE,28,IR,IR,IR
5,7595,Tylan Wallace,WR,26.4,BAL,999.0,999,999,0,0,0,1,1,0,43,4,0,0.0%,0,0,0,0,0,0,0.00,0,0,0,0,0.00,0.00,0,0,0,0,0,0,0,0,0.0,0.0,0,0,0,0,0,NA,0,0,9.3%,NA,NA,NA,0,NA,0,0,NA,0.0,1,0.0%,0.00,0,NA,NA,NA,NA,NA,0.000,NA,0,vs HOU,26,·,2.1,-2.1
5,10225,Jonathan Mingo,WR,24.4,DAL,999.0,999,999,0,0,0,1,0,0,0,0,0,0.0%,0,0,0,0,0,0,0.00,0,0,0,0,0.00,0.00,0,0,0,0,0,0,0,0,0.0,0.0,0,0,0,0,0,NA,0,0,NA,NA,NA,NA,0,NA,0,0,NA,NA,NA,NA,NA,0,NA,NA,NA,NA,NA,NA,NA,0,@ NYJ,13,IR,IR,IR
5,10867,Jake Bobo,WR,27.2,SEA,999.0,999,999,0,0,0,1,1,0,61,5,0,0.0%,0,0,0,0,0,0,0.00,0,0,0,0,0.00,0.00,0,0,0,0,0,0,0,0,0.0,0.0,0,0,0,0,0,NA,0,0,8.2%,NA,NA,NA,0,NA,0,0,NA,0.0,2,0.0%,0.00,0,NA,NA,NA,NA,NA,0.000,NA,0,vs TB,16,·,0.6,-0.6
5,12470,Riley Leonard,QB,23.0,IND,0.0,0,0,0,0,0,0,0,0,0,0,0,0.0%,0,0,0,0,0,0,0.00,0,0,0,0,0.00,0.00,0,0,0,0,0,0,0,0,0.0,0.0,0,0,0,0,0,NA,0,0,NA,NA,NA,NA,0,NA,0,0,NA,NA,NA,NA,NA,0,NA,NA,NA,NA,NA,NA,NA,0,vs LV,13,OUT,OUT,OUT
5,6828,AJ Dillon,RB,27.4,PHI,64.0,62,60,1.2,1.2,1.2,1,1,0,61,9,0,0.0%,0,0,0,0,0,0,0.00,12,0,0,0,0.00,0.00,0,0,0,0,0,0,0,0,0.0,0.0,2,1,1,12,0,10,12,6,14.8%,1,5.10,0.500,1,1.010,1,2,0.500,1.0,NA,0.0%,NA,0,NA,NA,NA,NA,NA,NA,NA,12,vs DEN,19,·,0.9,0.3
5,10214,Davis Allen,TE,24.6,LAR,31.0,31,29,4.4,3.4,2.4,1,1,0,68,41,0,0.0%,0,0,0,0,0,0,0.00,0,0,0,0,0.00,0.00,2,18,0,2,0,2,6,24,12.0,12.0,0,0,0,24,0,NA,0,0,60.3%,NA,NA,NA,0,NA,2,2,1.000,2.0,21,4.3%,1.14,0,NA,NA,NA,NA,NA,0.095,NA,24,vs SF,3,·,1.9,2.5
5,4080,Zay Jones,WR,30.5,ARI,85.0,88,93,2.8,1.8,0.8,1,1,0,67,34,0,0.0%,0,0,0,0,0,0,0.00,0,0,0,0,0.00,0.00,2,7,0,0,0,3,1,8,4.0,2.7,0,0,0,8,0,NA,0,0,50.7%,NA,NA,NA,0,NA,0,3,0.000,0.0,23,9.4%,0.35,0,NA,NA,NA,NA,NA,0.000,NA,8,vs TEN,9,·,3.1,-0.3
5,12718,Konata Mumpfield,WR,22.9,LAR,999.0,999,999,0,0,0,1,1,0,68,9,0,0.0%,0,0,0,0,0,0,0.00,0,0,0,0,0.00,0.00,0,0,0,0,0,0,0,0,0.0,0.0,0,0,0,0,0,NA,0,0,13.2%,NA,NA,NA,0,NA,0,0,NA,0.0,5,0.0%,0.00,0,NA,NA,NA,NA,NA,0.000,NA,0,vs SF,18,·,DNP,DNP
5,3286,Demarcus Robinson,WR,31.0,SF,60.0,60,59,6.9,5.4,3.9,1,1,1,86,73,0,0.0%,0,0,0,0,0,0,0.00,0,0,0,0,0.00,0.00,3,33,0,2,0,7,6,39,13.0,5.6,0,0,0,39,0,NA,0,0,84.9%,NA,NA,NA,0,NA,2,7,0.286,2.0,44,14.3%,0.89,0,NA,NA,NA,NA,NA,0.045,NA,39,@ LAR,12,·,7.7,-0.8
5,11617,Malachi Corley,WR,23.5,CLE,99.0,96,86,1.1,1.1,1.1,1,1,0,70,12,0,0.0%,0,0,0,0,0,0,0.00,11,0,0,0,0.00,0.00,0,0,0,0,0,0,0,0,0.0,0.0,1,0,1,11,0,NA,11,11,17.1%,NA,NA,NA,1,NA,1,1,1.000,1.0,2,0.0%,0.00,0,NA,NA,NA,NA,NA,0.000,NA,11,vs MIN,32,·,DNP,DNP
5,7568,Brevin Jordan,TE,25.2,HOU,999.0,999,999,0,0,0,1,0,0,0,0,0,0.0%,0,0,0,0,0,0,0.00,0,0,0,0,0.00,0.00,0,0,0,0,0,0,0,0,0.0,0.0,0,0,0,0,0,NA,0,0,NA,NA,NA,NA,0,NA,0,0,NA,NA,NA,NA,NA,0,NA,NA,NA,NA,NA,NA,NA,0,@ BAL,10,IR,IR,IR
5,8172,Greg Dulcich,TE,25.5,MIA,999.0,999,999,0,0,0,1,0,0,0,0,0,0.0%,0,0,0,0,0,0,0.00,0,0,0,0,0.00,0.00,0,0,0,0,0,0,0,0,0.0,0.0,0,0,0,0,0,NA,0,0,NA,NA,NA,NA,0,NA,0,0,NA,NA,NA,NA,NA,0,NA,NA,NA,NA,NA,NA,NA,0,@ CAR,2,·,DNP,DNP
5,8254,Julius Chestnut,RB,24.9,TEN,69.0,69,67,0.3,0.3,0.3,1,1,0,67,3,0,0.0%,0,0,0,0,0,0,0.00,3,0,0,0,0.00,0.00,0,0,0,0,0,1,0,0,0.0,0.0,1,0,1,3,0,NA,3,3,4.5%,NA,NA,NA,1,NA,1,2,0.500,1.0,NA,NA,NA,0,NA,NA,NA,NA,NA,NA,NA,3,@ ARI,12,·,1.0,-0.7
5,9230,Tanner McKee,QB,25.4,PHI,999.0,999,999,0,0,0,1,0,0,61,0,0,0.0%,0,0,0,0,0,0,0.00,0,0,0,0,0.00,0.00,0,0,0,0,0,0,0,0,0.0,0.0,0,0,0,0,0,NA,0,0,0.0%,NA,NA,NA,0,NA,0,0,NA,NA,NA,NA,NA,0,NA,NA,NA,NA,NA,NA,NA,0,vs DEN,29,·,DNP,DNP
5,6960,Tyler Johnson,WR,27.1,NYJ,999.0,999,999,0,0,0,1,1,0,82,3,0,0.0%,0,0,0,0,0,0,0.00,0,0,0,0,0.00,0.00,0,0,0,0,0,0,0,0,0.0,0.0,0,0,0,0,0,NA,0,0,3.7%,NA,NA,NA,0,NA,0,0,NA,0.0,2,0.0%,0.00,0,NA,NA,NA,NA,NA,0.000,NA,0,vs DAL,1,·,4.6,-4.6
5,11595,Jared Wiley,TE,24.9,KC,0.0,0,0,0,0,0,0,0,0,0,0,0,0.0%,0,0,0,0,0,0,0.00,0,0,0,0,0.00,0.00,0,0,0,0,0,0,0,0,0.0,0.0,0,0,0,0,0,NA,0,0,NA,NA,NA,NA,0,NA,0,0,NA,NA,NA,NA,NA,0,NA,NA,NA,NA,NA,NA,NA,0,@ JAX,27,OUT,OUT,OUT
5,9227,Israel Abanikanda,RB,23.0,FA,0.0,0,0,0,0,0,0,0,0,0,0,0,0.0%,0,0,0,0,0,0,0.00,0,0,0,0,0.00,0.00,0,0,0,0,0,0,0,0,0.0,0.0,0,0,0,0,0,NA,0,0,NA,NA,NA,NA,0,NA,0,0,NA,NA,NA,NA,NA,0,NA,NA,NA,NA,NA,NA,NA,0,NA,,·,DNP,DNP
5,6938,Cam Akers,RB,26.3,FA,40.0,36,34,5.28,5.28,5.28,1,1,0,65,1,0,100.0%,15,1,1,0,0,0,158.30,32,0,1,32,32.00,32.00,0,0,0,0,0,0,0,0,0.0,0.0,0,0,0,0,0,0,0,0,1.5%,0,0.00,NA,0,NA,1,1,1.000,1.0,NA,0.0%,NA,1,100.0%,NA,NA,NA,NA,NA,NA,32,NA,,·,DNP,DNP
5,2197,Brandin Cooks,WR,32.0,NO,97.0,98,97,1.5,1,0.5,1,1,0,66,30,0,0.0%,0,0,0,0,0,0,0.00,0,0,0,0,0.00,0.00,1,5,0,0,0,1,0,5,5.0,5.0,0,0,0,5,0,NA,0,0,45.5%,NA,NA,NA,0,NA,0,1,0.000,0.0,18,3.1%,0.28,0,NA,NA,NA,NA,NA,0.000,NA,5,vs NYG,3,·,4.6,-3.1
5,7891,Brock Wright,TE,26.8,DET,21.0,18,17,8.9,7.9,6.9,1,1,1,62,45,0,0.0%,0,0,0,0,0,0,0.00,0,0,0,0,0.00,0.00,2,4,0,0,1,3,5,9,4.5,3.0,0,0,0,9,0,NA,0,0,72.6%,NA,NA,NA,0,NA,1,3,0.333,1.0,10,12.5%,0.90,0,NA,NA,NA,NA,NA,0.000,NA,9,@ CIN,1,·,0.9,8.0
5,11748,Bub Means,WR,24.7,NO,999.0,999,999,0,0,0,1,0,0,0,0,0,0.0%,0,0,0,0,0,0,0.00,0,0,0,0,0.00,0.00,0,0,0,0,0,0,0,0,0.0,0.0,0,0,0,0,0,NA,0,0,NA,NA,NA,NA,0,NA,0,0,NA,NA,NA,NA,NA,0,NA,NA,NA,NA,NA,NA,NA,0,vs NYG,3,IR,IR,IR
5,6869,Adam Trautman,TE,28.6,DEN,44.0,44,43,2.1,1.6,1.1,1,1,0,74,31,0,0.0%,0,0,0,0,0,0,0.00,0,0,0,0,0.00,0.00,1,3,0,1,0,1,8,11,11.0,11.0,0,0,0,11,0,NA,0,0,41.9%,NA,NA,NA,0,NA,1,1,1.000,1.0,9,2.6%,1.22,0,NA,NA,NA,NA,NA,0.111,NA,11,@ PHI,29,·,2.2,-0.1
5,8204,Bo Melton,WR,26.2,GB,0.0,0,0,0,0,0,0,0,0,0,0,0,0.0%,0,0,0,0,0,0,0.00,0,0,0,0,0.00,0.00,0,0,0,0,0,0,0,0,0.0,0.0,0,0,0,0,0,NA,0,0,NA,NA,NA,NA,0,NA,0,0,NA,NA,NA,NA,NA,0,NA,NA,NA,NA,NA,NA,NA,0,BYE,BYE,BYE,BYE,BYE
5,1837,Jimmy Garoppolo,QB,33.9,LAR,999.0,999,999,0,0,0,1,0,0,68,0,0,0.0%,0,0,0,0,0,0,0.00,0,0,0,0,0.00,0.00,0,0,0,0,0,0,0,0,0.0,0.0,0,0,0,0,0,NA,0,0,0.0%,NA,NA,NA,0,NA,0,0,NA,NA,NA,NA,NA,0,NA,NA,NA,NA,NA,NA,NA,0,vs SF,10,·,DNP,DNP
5,11615,Ainias Smith,WR,24.3,CAR,999.0,999,999,0,0,0,1,0,0,0,0,0,0.0%,0,0,0,0,0,0,0.00,0,0,0,0,0.00,0.00,0,0,0,0,0,0,0,0,0.0,0.0,0,0,0,0,0,NA,0,0,NA,NA,NA,NA,0,NA,0,0,NA,NA,NA,NA,NA,0,NA,NA,NA,NA,NA,NA,NA,0,vs MIA,21,·,DNP,DNP
5,9999,Will Levis,QB,26.2,TEN,999.0,999,999,0,0,0,1,0,0,0,0,0,0.0%,0,0,0,0,0,0,0.00,0,0,0,0,0.00,0.00,0,0,0,0,0,0,0,0,0.0,0.0,0,0,0,0,0,NA,0,0,NA,NA,NA,NA,0,NA,0,0,NA,NA,NA,NA,NA,0,NA,NA,NA,NA,NA,NA,NA,0,@ ARI,25,IR,IR,IR
5,8168,Skyy Moore,WR,25.0,SF,101.0,101,100,0.1,0.1,0.1,1,1,0,86,8,0,0.0%,0,0,0,0,0,0,0.00,1,0,0,0,0.00,0.00,0,0,0,0,0,0,0,0,0.0,0.0,1,0,0,1,0,NA,1,1,9.3%,NA,NA,NA,0,NA,0,1,0.000,0.0,2,0.0%,0.00,0,NA,NA,NA,NA,NA,0.000,NA,1,@ LAR,12,·,4.1,-4.0
5,10866,Aidan O'Connell,QB,27.1,LV,999.0,999,999,0,0,0,1,0,0,0,0,0,0.0%,0,0,0,0,0,0,0.00,0,0,0,0,0.00,0.00,0,0,0,0,0,0,0,0,0.0,0.0,0,0,0,0,0,NA,0,0,NA,NA,NA,NA,0,NA,0,0,NA,NA,NA,NA,NA,0,NA,NA,NA,NA,NA,NA,NA,0,@ IND,22,IR,IR,IR
5,8145,Jeremy Ruckert,TE,25.1,NYJ,26.0,27,28,6.8,4.8,2.8,1,1,1,82,28,0,0.0%,0,0,0,0,0,0,0.00,0,0,0,0,0.00,0.00,4,16,0,0,0,4,12,28,7.0,7.0,0,0,0,28,0,NA,0,0,34.1%,NA,NA,NA,0,NA,0,4,0.000,0.0,13,8.7%,2.15,0,NA,NA,NA,NA,NA,0.000,NA,28,vs DAL,9,·,2.0,4.8
5,11649,Kendall Milton,RB,23.6,CIN,999.0,999,999,0,0,0,1,0,0,0,0,0,0.0%,0,0,0,0,0,0,0.00,0,0,0,0,0.00,0.00,0,0,0,0,0,0,0,0,0.0,0.0,0,0,0,0,0,NA,0,0,NA,NA,NA,NA,0,NA,0,0,NA,NA,NA,NA,NA,0,NA,NA,NA,NA,NA,NA,NA,0,vs DET,26,·,DNP,DNP
5,11895,Mason Tipton,WR,25.0,NO,999.0,999,999,0,0,0,1,1,0,66,9,0,0.0%,0,0,0,0,0,0,0.00,0,0,0,0,0.00,0.00,0,0,0,0,0,0,0,0,0.0,0.0,0,0,0,0,0,NA,0,0,13.6%,NA,NA,NA,0,NA,0,0,NA,0.0,1,0.0%,0.00,0,NA,NA,NA,NA,NA,0.000,NA,0,vs NYG,3,·,DNP,DNP
5,11574,Dylan Laube,RB,25.8,LV,999.0,999,999,0,0,0,1,1,0,68,0,0,0.0%,0,0,0,0,0,0,0.00,0,0,0,0,0.00,0.00,0,0,0,0,0,0,0,0,0.0,0.0,0,0,0,0,0,NA,0,0,0.0%,NA,NA,NA,0,NA,0,0,NA,0.0,NA,NA,NA,0,NA,NA,NA,NA,NA,NA,NA,0,@ IND,24,·,0.7,-0.7
5,8177,Grant Calcaterra,TE,26.8,PHI,34.0,34,36,3.8,2.8,1.8,1,1,0,61,7,0,0.0%,0,0,0,0,0,0,0.00,0,0,0,0,0.00,0.00,2,6,0,1,0,2,12,18,9.0,9.0,0,0,0,18,0,NA,0,0,11.5%,NA,NA,NA,0,NA,1,2,0.500,1.0,5,5.3%,3.60,0,NA,NA,NA,NA,NA,0.200,NA,18,vs DEN,24,OUT,1.4,2.4
5,5854,Drew Lock,QB,28.9,SEA,999.0,999,999,0,0,0,1,0,0,61,0,0,0.0%,0,0,0,0,0,0,0.00,0,0,0,0,0.00,0.00,0,0,0,0,0,0,0,0,0.0,0.0,0,0,0,0,0,NA,0,0,0.0%,NA,NA,NA,0,NA,0,0,NA,NA,NA,NA,NA,0,NA,NA,NA,NA,NA,NA,NA,0,vs TB,4,·,DNP,DNP
5,4171,Josh Reynolds,WR,30.6,NYJ,54.0,54,53,7.9,6.4,4.9,1,1,0,82,61,0,0.0%,0,0,0,0,0,0,0.00,0,0,0,0,0.00,0.00,3,27,0,1,0,4,2,29,9.7,7.3,0,0,0,29,0,NA,0,0,74.4%,NA,NA,NA,0,NA,1,4,0.250,1.0,38,8.7%,0.76,0,NA,NA,NA,NA,NA,0.026,NA,29,vs DAL,1,·,5.3,2.6
5,11299,Zavier Scott,RB,26.2,MIN,71.0,71,71,-0.2,-0.2,-0.2,1,1,0,65,14,1,0.0%,0,0,0,0,0,0,0.00,18,0,0,0,0.00,0.00,0,0,0,0,0,0,0,0,0.0,0.0,5,0,0,18,0,NA,18,3.6,21.5%,NA,NA,NA,0,NA,0,5,0.000,0.0,NA,NA,NA,0,NA,NA,NA,NA,NA,NA,NA,18,@ CLE,28,·,4.8,-5.0
5,4177,Mack Hollins,WR,32.0,NE,999.0,999,999,0,0,0,1,1,1,60,35,0,0.0%,0,0,0,0,0,0,0.00,0,0,0,0,0.00,0.00,0,0,0,0,0,0,0,0,0.0,0.0,0,0,0,0,0,NA,0,0,58.3%,NA,NA,NA,0,NA,0,0,NA,0.0,14,0.0%,0.00,0,NA,NA,NA,NA,NA,0.000,NA,0,@ BUF,20,·,4.2,-4.2
5,12699,LaJohntay Wester,WR,23.5,BAL,999.0,999,999,0,0,0,1,1,0,43,4,0,0.0%,0,0,0,0,0,0,0.00,0,0,0,0,0.00,0.00,0,0,0,0,0,0,0,0,0.0,0.0,0,0,0,0,0,NA,0,0,9.3%,NA,NA,NA,0,NA,0,0,NA,0.0,1,0.0%,0.00,0,NA,NA,NA,NA,NA,0.000,NA,0,vs HOU,26,·,DNP,DNP
5,11573,Frank Gore Jr.,RB,23.5,BUF,999.0,999,999,0,0,0,1,0,0,0,0,0,0.0%,0,0,0,0,0,0,0.00,0,0,0,0,0.00,0.00,0,0,0,0,0,0,0,0,0.0,0.0,0,0,0,0,0,NA,0,0,NA,NA,NA,NA,0,NA,0,0,NA,NA,NA,NA,NA,0,NA,NA,NA,NA,NA,NA,NA,0,vs NE,27,·,DNP,DNP
5,10216,Kenny McIntosh,RB,25.6,SEA,999.0,999,999,0,0,0,1,0,0,0,0,0,0.0%,0,0,0,0,0,0,0.00,0,0,0,0,0.00,0.00,0,0,0,0,0,0,0,0,0.0,0.0,0,0,0,0,0,NA,0,0,NA,NA,NA,NA,0,NA,0,0,NA,NA,NA,NA,NA,0,NA,NA,NA,NA,NA,NA,NA,0,vs TB,17,IR,IR,IR
5,12715,Thomas Fidone,TE,23.0,NYG,999.0,999,999,0,0,0,1,1,0,73,0,0,0.0%,0,0,0,0,0,0,0.00,0,0,0,0,0.00,0.00,0,0,0,0,0,0,0,0,0.0,0.0,0,0,0,0,0,NA,0,0,0.0%,NA,NA,NA,0,NA,0,0,NA,0.0,NA,NA,NA,0,NA,NA,NA,NA,NA,NA,NA,0,@ NO,4,·,DNP,DNP
5,9505,Deuce Vaughn,RB,23.9,DEN,999.0,999,999,0,0,0,1,0,0,0,0,0,0.0%,0,0,0,0,0,0,0.00,0,0,0,0,0.00,0.00,0,0,0,0,0,0,0,0,0.0,0.0,0,0,0,0,0,NA,0,0,NA,NA,NA,NA,0,NA,0,0,NA,NA,NA,NA,NA,0,NA,NA,NA,NA,NA,NA,NA,0,@ PHI,8,·,DNP,DNP
5,5973,Josh Oliver,TE,28.5,MIN,14.0,13,11,11.5,10.5,9.5,1,1,1,65,29,0,0.0%,0,0,0,0,0,0,0.00,0,0,0,0,0.00,0.00,2,14,0,0,1,3,21,35,17.5,11.7,0,0,0,35,0,NA,0,0,44.6%,NA,NA,NA,0,NA,1,3,0.333,1.0,10,8.6%,3.50,0,NA,NA,NA,NA,NA,0.000,NA,35,@ CLE,19,·,2.0,9.5
5,10234,Derius Davis,WR,25.0,LAC,0.0,0,0,0,0,0,0,0,0,0,0,0,0.0%,0,0,0,0,0,0,0.00,0,0,0,0,0.00,0.00,0,0,0,0,0,0,0,0,0.0,0.0,0,0,0,0,0,NA,0,0,NA,NA,NA,NA,0,NA,0,0,NA,NA,NA,NA,NA,0,NA,NA,NA,NA,NA,NA,NA,0,vs WAS,10,OUT,OUT,OUT
5,6011,Gardner Minshew,QB,29.4,KC,999.0,999,999,0,0,0,1,0,0,64,0,0,0.0%,0,0,0,0,0,0,0.00,0,0,0,0,0.00,0.00,0,0,0,0,0,0,0,0,0.0,0.0,0,0,0,0,0,NA,0,0,0.0%,NA,NA,NA,0,NA,0,0,NA,NA,NA,NA,NA,0,NA,NA,NA,NA,NA,NA,NA,0,@ JAX,26,·,DNP,DNP
5,11636,Johnny Wilson,WR,24.5,PHI,999.0,999,999,0,0,0,1,0,0,0,0,0,0.0%,0,0,0,0,0,0,0.00,0,0,0,0,0.00,0.00,0,0,0,0,0,0,0,0,0.0,0.0,0,0,0,0,0,NA,0,0,NA,NA,NA,NA,0,NA,0,0,NA,NA,NA,NA,NA,0,NA,NA,NA,NA,NA,NA,NA,0,vs DEN,27,IR,IR,IR
5,5185,Allen Lazard,WR,29.8,NYJ,98.0,99,98,1.3,0.8,0.3,1,1,0,82,27,0,0.0%,0,0,0,0,0,0,0.00,0,0,0,0,0.00,0.00,1,3,0,0,0,2,0,3,3.0,1.5,0,0,0,3,0,NA,0,0,32.9%,NA,NA,NA,0,NA,0,2,0.000,0.0,16,4.3%,0.19,0,NA,NA,NA,NA,NA,0.000,NA,3,vs DAL,1,Q,1.0,0.3
5,7593,Trey Sermon,RB,26.7,PIT,0.0,0,0,0,0,0,0,0,0,0,0,0,0.0%,0,0,0,0,0,0,0.00,0,0,0,0,0.00,0.00,0,0,0,0,0,0,0,0,0.0,0.0,0,0,0,0,0,NA,0,0,NA,NA,NA,NA,0,NA,0,0,NA,NA,NA,NA,NA,0,NA,NA,NA,NA,NA,NA,NA,0,BYE,BYE,BYE,BYE,BYE
5,4147,Samaje Perine,RB,30.0,CIN,41.0,42,43,4.9,3.9,2.9,1,1,0,62,29,0,0.0%,0,0,0,0,0,0,0.00,27,0,0,0,0.00,0.00,2,-4,0,0,0,2,6,2,1.0,1.0,4,0,2,29,0,6,27,6.75,46.8%,1,1.60,0.250,2,0.410,2,6,0.333,2.0,NA,5.0%,NA,0,NA,NA,NA,NA,NA,NA,NA,29,vs DET,26,·,3.1,1.8
5,8135,Treylon Burks,WR,25.5,TEN,999.0,999,999,0,0,0,1,0,0,0,0,0,0.0%,0,0,0,0,0,0,0.00,0,0,0,0,0.00,0.00,0,0,0,0,0,0,0,0,0.0,0.0,0,0,0,0,0,NA,0,0,NA,NA,NA,NA,0,NA,0,0,NA,NA,NA,NA,NA,0,NA,NA,NA,NA,NA,NA,NA,0,@ ARI,14,IR,IR,IR
5,8118,David Bell,WR,24.8,CLE,999.0,999,999,0,0,0,1,0,0,0,0,0,0.0%,0,0,0,0,0,0,0.00,0,0,0,0,0.00,0.00,0,0,0,0,0,0,0,0,0.0,0.0,0,0,0,0,0,NA,0,0,NA,NA,NA,NA,0,NA,0,0,NA,NA,NA,NA,NA,0,NA,NA,NA,NA,NA,NA,NA,0,vs MIN,32,PUP,PUP,PUP
5,4381,Taysom Hill,TE,35.1,NO,57.0,56,52,0.66,0.66,0.66,1,1,0,66,9,0,100.0%,19,1,1,1,0,0,118.80,18,0,0,19,19.00,19.00,0,0,0,0,0,0,0,0,0.0,0.0,6,0,1,-1,0,NA,-1,-0.17,13.6%,NA,NA,NA,1,NA,2,7,0.286,2.0,NA,NA,NA,1,100.0%,2.65,0.0%,0.0%,17.5,NA,1,18,vs NYG,23,·,2.9,-2.2
5,10857,Stetson Bennett,QB,27.9,LAR,0.0,0,0,0,0,0,0,0,0,0,0,0,0.0%,0,0,0,0,0,0,0.00,0,0,0,0,0.00,0.00,0,0,0,0,0,0,0,0,0.0,0.0,0,0,0,0,0,NA,0,0,NA,NA,NA,NA,0,NA,0,0,NA,NA,NA,NA,NA,0,NA,NA,NA,NA,NA,NA,NA,0,vs SF,10,OUT,OUT,OUT
5,12494,Kyle McCord,QB,23.0,PHI,999.0,999,999,0,0,0,1,0,0,0,0,0,0.0%,0,0,0,0,0,0,0.00,0,0,0,0,0.00,0.00,0,0,0,0,0,0,0,0,0.0,0.0,0,0,0,0,0,NA,0,0,NA,NA,NA,NA,0,NA,0,0,NA,NA,NA,NA,NA,0,NA,NA,NA,NA,NA,NA,NA,0,vs DEN,29,·,DNP,DNP
5,7083,Tyler Huntley,QB,27.6,BAL,999.0,999,999,0,0,0,1,0,0,43,0,0,0.0%,0,0,0,0,0,0,0.00,0,0,0,0,0.00,0.00,0,0,0,0,0,0,0,0,0.0,0.0,0,0,0,0,0,NA,0,0,0.0%,NA,NA,NA,0,NA,0,0,NA,NA,NA,NA,NA,0,NA,NA,NA,NA,NA,NA,NA,0,vs HOU,32,·,DNP,DNP
5,5987,Alexander Mattison,RB,27.3,MIA,999.0,999,999,0,0,0,1,0,0,0,0,0,0.0%,0,0,0,0,0,0,0.00,0,0,0,0,0.00,0.00,0,0,0,0,0,0,0,0,0.0,0.0,0,0,0,0,0,NA,0,0,NA,NA,NA,NA,0,NA,0,0,NA,NA,NA,NA,NA,0,NA,NA,NA,NA,NA,NA,NA,0,@ CAR,16,IR,IR,IR
5,5985,Foster Moreau,TE,28.4,NO,999.0,999,999,0,0,0,1,1,1,66,23,0,0.0%,0,0,0,0,0,0,0.00,0,0,0,0,0.00,0.00,0,0,0,0,0,0,0,0,0.0,0.0,0,0,0,0,0,NA,0,0,34.8%,NA,NA,NA,0,NA,0,0,NA,0.0,4,0.0%,0.00,0,NA,NA,NA,NA,NA,0.000,NA,0,vs NYG,23,·,2.7,-2.7
5,6853,Van Jefferson,WR,29.2,TEN,999.0,999,999,0,0,0,1,1,0,67,12,0,0.0%,0,0,0,0,0,0,0.00,0,0,0,0,0.00,0.00,0,0,0,0,0,0,0,0,0.0,0.0,0,0,0,0,0,NA,0,0,17.9%,NA,NA,NA,0,NA,0,0,NA,0.0,6,0.0%,0.00,0,NA,NA,NA,NA,NA,0.000,NA,0,@ ARI,14,·,1.3,-1.3
5,2505,Darren Waller,TE,33.0,MIA,6.0,5,5,18.8,16.3,13.8,1,1,0,55,32,0,0.0%,0,0,0,0,0,0,0.00,0,0,0,0,0.00,0.00,5,58,0,4,1,5,20,78,15.6,15.6,0,0,0,78,0,NA,0,0,58.2%,NA,NA,NA,0,NA,5,5,1.000,5.0,26,13.9%,3.00,0,NA,NA,NA,NA,NA,0.154,NA,78,@ CAR,2,·,7.4,11.4
5,5086,Marquez Valdes-Scantling,WR,31.0,SF,91.0,91,90,1.9,1.4,0.9,1,1,0,86,46,0,0.0%,0,0,0,0,0,0,0.00,0,0,0,0,0.00,0.00,1,9,0,0,0,3,0,9,9.0,3.0,0,0,0,9,0,NA,0,0,53.5%,NA,NA,NA,0,NA,0,3,0.000,0.0,26,6.1%,0.35,0,NA,NA,NA,NA,NA,0.000,NA,9,@ LAR,12,·,2.8,-0.9
5,6920,Isaiah Hodgins,WR,26.9,FA,0.0,0,0,0,0,0,0,0,0,0,0,0,0.0%,0,0,0,0,0,0,0.00,0,0,0,0,0.00,0.00,0,0,0,0,0,0,0,0,0.0,0.0,0,0,0,0,0,NA,0,0,NA,NA,NA,NA,0,NA,0,0,NA,NA,NA,NA,NA,0,NA,NA,NA,NA,NA,NA,NA,0,NA,,·,DNP,DNP
5,4351,Tim Patrick,WR,31.8,JAX,999.0,999,999,0,0,0,1,1,0,58,5,0,0.0%,0,0,0,0,0,0,0.00,0,0,0,0,0.00,0.00,0,0,1,0,0,1,0,0,0.0,0.0,0,0,0,0,0,NA,0,0,8.6%,NA,NA,NA,0,NA,0,1,0.000,0.0,1,4.0%,0.00,0,NA,NA,NA,NA,NA,0.000,NA,0,vs KC,31,·,0.5,-0.5
5,11210,Malik Heath,WR,25.6,GB,0.0,0,0,0,0,0,0,0,0,0,0,0,0.0%,0,0,0,0,0,0,0.00,0,0,0,0,0.00,0.00,0,0,0,0,0,0,0,0,0.0,0.0,0,0,0,0,0,NA,0,0,NA,NA,NA,NA,0,NA,0,0,NA,NA,NA,NA,NA,0,NA,NA,NA,NA,NA,NA,NA,0,BYE,BYE,BYE,BYE,BYE
5,11647,Kimani Vidal,RB,24.1,LAC,47.0,47,51,2.9,2.4,1.9,1,1,0,67,14,0,0.0%,0,0,0,0,0,0,0.00,18,0,0,0,0.00,0.00,1,0,0,0,0,1,1,1,1.0,1.0,4,0,1,19,0,14,18,4.5,20.9%,1,3.50,0.250,1,0.600,1,5,0.200,1.0,NA,3.0%,NA,0,NA,NA,NA,NA,NA,NA,NA,19,vs WAS,21,·,DNP,DNP
5,11729,Sione Vaki,RB,24.2,DET,0.0,0,0,0,0,0,0,0,0,0,0,0,0.0%,0,0,0,0,0,0,0.00,0,0,0,0,0.00,0.00,0,0,0,0,0,0,0,0,0.0,0.0,0,0,0,0,0,NA,0,0,NA,NA,NA,NA,0,NA,0,0,NA,NA,NA,NA,NA,0,NA,NA,NA,NA,NA,NA,NA,0,@ CIN,1,OUT,OUT,OUT
5,6850,Harrison Bryant,TE,27.4,HOU,52.0,52,53,1.5,1,0.5,1,1,1,70,19,0,0.0%,0,0,0,0,0,0,0.00,0,0,0,0,0.00,0.00,1,5,0,1,0,2,0,5,5.0,2.5,0,0,0,5,0,NA,0,0,27.1%,NA,NA,NA,0,NA,1,2,0.500,1.0,5,6.5%,1.00,0,NA,NA,NA,NA,NA,0.200,NA,5,@ BAL,10,·,DNP,DNP
5,5917,Mecole Hardman,WR,27.6,GB,0.0,0,0,0,0,0,0,0,0,0,0,0,0.0%,0,0,0,0,0,0,0.00,0,0,0,0,0.00,0.00,0,0,0,0,0,0,0,0,0.0,0.0,0,0,0,0,0,NA,0,0,NA,NA,NA,NA,0,NA,0,0,NA,NA,NA,NA,NA,0,NA,NA,NA,NA,NA,NA,NA,0,BYE,BYE,BYE,BYE,BYE
5,6126,Irv Smith,TE,27.1,HOU,0.0,0,0,0,0,0,0,0,0,0,0,0,0.0%,0,0,0,0,0,0,0.00,0,0,0,0,0.00,0.00,0,0,0,0,0,0,0,0,0.0,0.0,0,0,0,0,0,NA,0,0,NA,NA,NA,NA,0,NA,0,0,NA,NA,NA,NA,NA,0,NA,NA,NA,NA,NA,NA,NA,0,@ BAL,10,Q,Q,Q
5,827,Tyrod Taylor,QB,36.2,NYJ,999.0,999,999,0,0,0,1,0,0,82,0,0,0.0%,0,0,0,0,0,0,0.00,0,0,0,0,0.00,0.00,0,0,0,0,0,0,0,0,0.0,0.0,0,0,0,0,0,NA,0,0,0.0%,NA,NA,NA,0,NA,0,0,NA,NA,NA,NA,NA,0,NA,NA,NA,NA,NA,NA,NA,0,vs DAL,1,·,DNP,DNP
5,10223,Eric Gray,RB,25.9,NYG,999.0,999,999,0,0,0,1,0,0,0,0,0,0.0%,0,0,0,0,0,0,0.00,0,0,0,0,0.00,0.00,0,0,0,0,0,0,0,0,0.0,0.0,0,0,0,0,0,NA,0,0,NA,NA,NA,NA,0,NA,0,0,NA,NA,NA,NA,NA,0,NA,NA,NA,NA,NA,NA,NA,0,@ NO,11,PUP,PUP,PUP
5,5938,Lil'Jordan Humphrey,WR,27.4,NYG,999.0,999,999,0,0,0,1,0,0,0,0,0,0.0%,0,0,0,0,0,0,0.00,0,0,0,0,0.00,0.00,0,0,0,0,0,0,0,0,0.0,0.0,0,0,0,0,0,NA,0,0,NA,NA,NA,NA,0,NA,0,0,NA,NA,NA,NA,NA,0,NA,NA,NA,NA,NA,NA,NA,0,@ NO,19,·,DNP,DNP
5,4972,Mason Rudolph,QB,30.2,PIT,0.0,0,0,0,0,0,0,0,0,0,0,0,0.0%,0,0,0,0,0,0,0.00,0,0,0,0,0.00,0.00,0,0,0,0,0,0,0,0,0.0,0.0,0,0,0,0,0,NA,0,0,NA,NA,NA,NA,0,NA,0,0,NA,NA,NA,NA,NA,0,NA,NA,NA,NA,NA,NA,NA,0,BYE,BYE,BYE,BYE,BYE
5,11306,Xavier Gipson,WR,24.6,NYG,0.0,0,0,0,0,0,0,0,0,0,0,0,0.0%,0,0,0,0,0,0,0.00,0,0,0,0,0.00,0.00,0,0,0,0,0,0,0,0,0.0,0.0,0,0,0,0,0,NA,0,0,NA,NA,NA,NA,0,NA,0,0,NA,NA,NA,NA,NA,0,NA,NA,NA,NA,NA,NA,NA,0,@ NO,19,OUT,OUT,OUT
5,5374,Justin Watson,WR,29.5,HOU,999.0,999,999,0,0,0,1,0,0,0,0,0,0.0%,0,0,0,0,0,0,0.00,0,0,0,0,0.00,0.00,0,0,0,0,0,0,0,0,0.0,0.0,0,0,0,0,0,NA,0,0,NA,NA,NA,NA,0,NA,0,0,NA,NA,NA,NA,NA,0,NA,NA,NA,NA,NA,NA,NA,0,@ BAL,2,IR,IR,IR
5,8219,Jelani Woods,TE,27.0,NYJ,0.0,0,0,0,0,0,0,0,0,0,0,0,0.0%,0,0,0,0,0,0,0.00,0,0,0,0,0.00,0.00,0,0,0,0,0,0,0,0,0.0,0.0,0,0,0,0,0,NA,0,0,NA,NA,NA,NA,0,NA,0,0,NA,NA,NA,NA,NA,0,NA,NA,NA,NA,NA,NA,NA,0,vs DAL,9,OUT,OUT,OUT
5,6144,Trayveon Williams,RB,27.9,FA,0.0,0,0,0,0,0,0,0,0,0,0,0,0.0%,0,0,0,0,0,0,0.00,0,0,0,0,0.00,0.00,0,0,0,0,0,0,0,0,0.0,0.0,0,0,0,0,0,NA,0,0,NA,NA,NA,NA,0,NA,0,0,NA,NA,NA,NA,NA,0,NA,NA,NA,NA,NA,NA,NA,0,NA,,·,DNP,DNP
5,3634,Kalif Raymond,WR,31.1,DET,999.0,999,999,0,0,0,1,1,0,62,2,0,0.0%,0,0,0,0,0,0,0.00,0,0,0,0,0.00,0.00,0,0,0,0,0,0,0,0,0.0,0.0,0,0,0,0,0,NA,0,0,3.2%,NA,NA,NA,0,NA,0,0,NA,0.0,NA,NA,NA,0,NA,NA,NA,NA,NA,NA,NA,0,@ CIN,11,OUT,3.3,-3.3
5,3202,Austin Hooper,TE,30.9,NE,999.0,999,999,0,0,0,1,1,0,60,34,0,0.0%,0,0,0,0,0,0,0.00,0,0,0,0,0.00,0.00,0,0,0,0,0,0,0,0,0.0,0.0,0,0,0,0,0,NA,0,0,56.7%,NA,NA,NA,0,NA,0,0,NA,0.0,13,0.0%,0.00,0,NA,NA,NA,NA,NA,0.000,NA,0,@ BUF,30,·,2.2,-2.2
5,8116,Pierre Strong Jr.,RB,26.8,GB,0.0,0,0,0,0,0,0,0,0,0,0,0,0.0%,0,0,0,0,0,0,0.00,0,0,0,0,0.00,0.00,0,0,0,0,0,0,0,0,0.0,0.0,0,0,0,0,0,NA,0,0,NA,NA,NA,NA,0,NA,0,0,NA,NA,NA,NA,NA,0,NA,NA,NA,NA,NA,NA,NA,0,BYE,BYE,BYE,BYE,BYE
5,7608,Khalil Herbert,RB,27.4,FA,999.0,999,999,0,0,0,1,1,0,82,0,0,0.0%,0,0,0,0,0,0,0.00,0,0,0,0,0.00,0.00,0,0,0,0,0,0,0,0,0.0,0.0,0,0,0,0,0,NA,0,0,0.0%,NA,NA,NA,0,NA,0,0,NA,0.0,NA,NA,NA,0,NA,NA,NA,NA,NA,NA,NA,0,NA,,·,DNP,DNP
5,9489,Justin Shorter,WR,25.4,LV,999.0,999,999,0,0,0,1,1,0,68,0,0,0.0%,0,0,0,0,0,0,0.00,0,0,0,0,0.00,0.00,0,0,0,0,0,0,0,0,0.0,0.0,0,0,0,0,0,NA,0,0,0.0%,NA,NA,NA,0,NA,0,0,NA,0.0,NA,NA,NA,0,NA,NA,NA,NA,NA,NA,NA,0,@ IND,5,·,DNP,DNP
5,6847,Devin Duvernay,WR,28.0,CHI,0.0,0,0,0,0,0,0,0,0,0,0,0,0.0%,0,0,0,0,0,0,0.00,0,0,0,0,0.00,0.00,0,0,0,0,0,0,0,0,0.0,0.0,0,0,0,0,0,NA,0,0,NA,NA,NA,NA,0,NA,0,0,NA,NA,NA,NA,NA,0,NA,NA,NA,NA,NA,NA,NA,0,BYE,BYE,BYE,BYE,BYE
5,2749,Raheem Mostert,RB,33.5,LV,55.0,51,49,2.2,2.2,2.2,1,1,0,68,32,0,0.0%,0,0,0,0,0,0,0.00,22,0,0,0,0.00,0.00,0,0,0,0,0,0,0,0,0.0,0.0,7,0,1,22,0,17,22,3.14,47.1%,0,2.40,0.000,1,0.240,1,7,0.143,1.0,NA,0.0%,NA,0,NA,NA,NA,NA,NA,NA,NA,22,@ IND,24,·,4.7,-2.5
5,6290,Scotty Miller,WR,28.2,PIT,0.0,0,0,0,0,0,0,0,0,0,0,0,0.0%,0,0,0,0,0,0,0.00,0,0,0,0,0.00,0.00,0,0,0,0,0,0,0,0,0.0,0.0,0,0,0,0,0,NA,0,0,NA,NA,NA,NA,0,NA,0,0,NA,NA,NA,NA,NA,0,NA,NA,NA,NA,NA,NA,NA,0,BYE,BYE,BYE,BYE,BYE
5,6012,Travis Homer,RB,27.1,CHI,0.0,0,0,0,0,0,0,0,0,0,0,0,0.0%,0,0,0,0,0,0,0.00,0,0,0,0,0.00,0.00,0,0,0,0,0,0,0,0,0.0,0.0,0,0,0,0,0,NA,0,0,NA,NA,NA,NA,0,NA,0,0,NA,NA,NA,NA,NA,0,NA,NA,NA,NA,NA,NA,NA,0,BYE,BYE,BYE,BYE,BYE
5,7757,Ben Skowronek,WR,28.2,PIT,0.0,0,0,0,0,0,0,0,0,0,0,0,0.0%,0,0,0,0,0,0,0.00,0,0,0,0,0.00,0.00,0,0,0,0,0,0,0,0,0.0,0.0,0,0,0,0,0,NA,0,0,NA,NA,NA,NA,0,NA,0,0,NA,NA,NA,NA,NA,0,NA,NA,NA,NA,NA,NA,NA,0,BYE,BYE,BYE,BYE,BYE
5,9495,Rakim Jarrett,WR,24.7,PIT,0.0,0,0,0,0,0,0,0,0,0,0,0,0.0%,0,0,0,0,0,0,0.00,0,0,0,0,0.00,0.00,0,0,0,0,0,0,0,0,0.0,0.0,0,0,0,0,0,NA,0,0,NA,NA,NA,NA,0,NA,0,0,NA,NA,NA,NA,NA,0,NA,NA,NA,NA,NA,NA,NA,0,BYE,BYE,BYE,BYE,BYE
5,7602,Kylen Granson,TE,27.5,PHI,999.0,999,999,0,0,0,1,1,0,61,22,0,0.0%,0,0,0,0,0,0,0.00,0,0,0,0,0.00,0.00,0,0,0,0,0,0,0,0,0.0,0.0,0,0,0,0,0,NA,0,0,36.1%,NA,NA,NA,0,NA,0,0,NA,0.0,13,0.0%,0.00,0,NA,NA,NA,NA,NA,0.000,NA,0,vs DEN,24,·,0.5,-0.5
5,7565,Terrace Marshall,WR,25.3,PHI,999.0,999,999,0,0,0,1,0,0,0,0,0,0.0%,0,0,0,0,0,0,0.00,0,0,0,0,0.00,0.00,0,0,0,0,0,0,0,0,0.0,0.0,0,0,0,0,0,NA,0,0,NA,NA,NA,NA,0,NA,0,0,NA,NA,NA,NA,NA,0,NA,NA,NA,NA,NA,NA,NA,0,vs DEN,27,·,DNP,DNP
5,7585,Davis Mills,QB,26.9,HOU,31.0,31,31,1.22,1.22,1.22,1,1,0,70,14,0,50.0%,23,4,2,2,2,0,67.70,26,0,0,23,5.75,11.50,0,0,0,0,0,0,0,0,0.0,0.0,3,0,0,3,0,NA,3,1,20.0%,NA,NA,NA,0,NA,2,7,NA,NA,NA,NA,NA,2,50.0%,2.45,0.0%,20.0%,11.9,NA,5,26,@ BAL,2,·,DNP,DNP
5,7066,K.J. Osborn,WR,28.3,FA,0.0,0,0,0,0,0,0,0,0,0,0,0,0.0%,0,0,0,0,0,0,0.00,0,0,0,0,0.00,0.00,0,0,0,0,0,0,0,0,0.0,0.0,0,0,0,0,0,NA,0,0,NA,NA,NA,NA,0,NA,0,0,NA,NA,NA,NA,NA,0,NA,NA,NA,NA,NA,NA,NA,0,NA,,·,DNP,DNP
5,12478,Nick Nash,WR,25.2,ATL,0.0,0,0,0,0,0,0,0,0,0,0,0,0.0%,0,0,0,0,0,0,0.00,0,0,0,0,0.00,0.00,0,0,0,0,0,0,0,0,0.0,0.0,0,0,0,0,0,NA,0,0,NA,NA,NA,NA,0,NA,0,0,NA,NA,NA,NA,NA,0,NA,NA,NA,NA,NA,NA,NA,0,BYE,BYE,BYE,BYE,BYE
5,8127,Charlie Kolar,TE,26.6,BAL,47.0,47,47,2,1.5,1,1,1,1,43,20,0,0.0%,0,0,0,0,0,0,0.00,0,0,0,0,0.00,0.00,1,10,0,1,0,1,0,10,10.0,10.0,0,0,0,10,0,NA,0,0,46.5%,NA,NA,NA,0,NA,1,1,1.000,1.0,6,5.0%,1.67,0,NA,NA,NA,NA,NA,0.167,NA,10,vs HOU,28,·,1.1,0.9
5,10228,Charlie Jones,WR,26.9,CIN,999.0,999,999,0,0,0,1,1,0,62,0,0,0.0%,0,0,0,0,0,0,0.00,0,0,0,0,0.00,0.00,0,0,0,0,0,0,0,0,0.0,0.0,0,0,0,0,0,NA,0,0,0.0%,NA,NA,NA,0,NA,0,0,NA,0.0,NA,NA,NA,0,NA,NA,NA,NA,NA,NA,NA,0,vs DET,6,·,0.4,-0.4
5,6659,Craig Reynolds,RB,29.3,DET,999.0,999,999,0,0,0,1,1,0,62,0,0,0.0%,0,0,0,0,0,0,0.00,0,0,0,0,0.00,0.00,0,0,0,0,0,0,0,0,0.0,0.0,0,0,0,0,0,NA,0,0,0.0%,NA,NA,NA,0,NA,0,0,NA,0.0,NA,NA,NA,0,NA,NA,NA,NA,NA,NA,NA,0,@ CIN,1,·,0.6,-0.6
5,7535,Hunter Long,TE,27.1,JAX,54.0,54,55,1.3,0.8,0.3,1,1,0,58,35,0,0.0%,0,0,0,0,0,0,0.00,0,0,0,0,0.00,0.00,1,3,0,0,0,1,0,3,3.0,3.0,0,0,0,3,0,NA,0,0,60.3%,NA,NA,NA,0,NA,0,1,0.000,0.0,17,4.0%,0.18,0,NA,NA,NA,NA,NA,0.000,NA,3,vs KC,31,·,0.4,0.9
5,6427,Ashton Dulin,WR,28.4,IND,55.0,53,48,7.5,6.5,5.5,1,1,1,66,47,0,0.0%,0,0,0,0,0,0,0.00,0,0,0,0,0.00,0.00,2,50,0,2,0,5,5,55,27.5,11.0,0,0,0,55,0,NA,0,0,71.2%,NA,NA,NA,0,NA,2,5,0.400,2.0,27,15.6%,2.04,0,NA,NA,NA,NA,NA,0.074,NA,55,vs LV,4,·,3.3,4.2
5,11716,Tip Reiman,TE,24.0,ARI,999.0,999,999,0,0,0,1,1,1,67,25,0,0.0%,0,0,0,0,0,0,0.00,0,0,0,0,0.00,0.00,0,0,0,0,0,1,0,0,0.0,0.0,0,0,0,0,0,NA,0,0,37.3%,NA,NA,NA,0,NA,0,1,0.000,0.0,NA,NA,NA,0,NA,NA,NA,NA,NA,NA,NA,0,vs TEN,22,OUT,1.7,-1.7
5,6805,KJ Hamler,WR,26.2,FA,0.0,0,0,0,0,0,0,0,0,0,0,0,0.0%,0,0,0,0,0,0,0.00,0,0,0,0,0.00,0.00,0,0,0,0,0,0,0,0,0.0,0.0,0,0,0,0,0,NA,0,0,NA,NA,NA,NA,0,NA,0,0,NA,NA,NA,NA,NA,0,NA,NA,NA,NA,NA,NA,NA,0,NA,,·,DNP,DNP
5,11621,Brenden Rice,WR,23.5,FA,0.0,0,0,0,0,0,0,0,0,0,0,0,0.0%,0,0,0,0,0,0,0.00,0,0,0,0,0.00,0.00,0,0,0,0,0,0,0,0,0.0,0.0,0,0,0,0,0,NA,0,0,NA,NA,NA,NA,0,NA,0,0,NA,NA,NA,NA,NA,0,NA,NA,NA,NA,NA,NA,NA,0,NA,,·,DNP,DNP
5,9499,Bryce Ford-Wheaton,WR,25.6,NYG,999.0,999,999,0,0,0,1,0,0,0,0,0,0.0%,0,0,0,0,0,0,0.00,0,0,0,0,0.00,0.00,0,0,0,0,0,0,0,0,0.0,0.0,0,0,0,0,0,NA,0,0,NA,NA,NA,NA,0,NA,0,0,NA,NA,NA,NA,NA,0,NA,NA,NA,NA,NA,NA,NA,0,@ NO,19,IR,IR,IR
5,5000,Chase Edmonds,RB,29.5,FA,999.0,999,999,0,0,0,1,0,0,0,0,0,0.0%,0,0,0,0,0,0,0.00,0,0,0,0,0.00,0.00,0,0,0,0,0,0,0,0,0.0,0.0,0,0,0,0,0,NA,0,0,NA,NA,NA,NA,0,NA,0,0,NA,NA,NA,NA,NA,0,NA,NA,NA,NA,NA,NA,NA,0,NA,,·,DNP,DNP
5,5409,Tanner Hudson,TE,30.9,CIN,999.0,999,999,0,0,0,1,1,0,62,1,0,0.0%,0,0,0,0,0,0,0.00,0,0,0,0,0.00,0.00,0,0,0,0,0,0,0,0,0.0,0.0,0,0,0,0,0,NA,0,0,1.6%,NA,NA,NA,0,NA,0,0,NA,0.0,1,0.0%,0.00,0,NA,NA,NA,NA,NA,0.000,NA,0,vs DET,18,·,DNP,DNP
5,4663,Austin Ekeler,RB,30.4,WAS,999.0,999,999,0,0,0,1,0,0,0,0,0,0.0%,0,0,0,0,0,0,0.00,0,0,0,0,0.00,0.00,0,0,0,0,0,0,0,0,0.0,0.0,0,0,0,0,0,NA,0,0,NA,NA,NA,NA,0,NA,0,0,NA,NA,NA,NA,NA,0,NA,NA,NA,NA,NA,NA,NA,0,@ LAC,25,IR,IR,IR
5,8220,Sincere McCormick,RB,25.0,SF,999.0,999,999,0,0,0,1,0,0,0,0,0,0.0%,0,0,0,0,0,0,0.00,0,0,0,0,0.00,0.00,0,0,0,0,0,0,0,0,0.0,0.0,0,0,0,0,0,NA,0,0,NA,NA,NA,NA,0,NA,0,0,NA,NA,NA,NA,NA,0,NA,NA,NA,NA,NA,NA,NA,0,@ LAR,30,·,DNP,DNP
5,8249,Lucas Krull,TE,27.2,DEN,999.0,999,999,0,0,0,1,0,0,0,0,0,0.0%,0,0,0,0,0,0,0.00,0,0,0,0,0.00,0.00,0,0,0,0,0,0,0,0,0.0,0.0,0,0,0,0,0,NA,0,0,NA,NA,NA,NA,0,NA,0,0,NA,NA,NA,NA,NA,0,NA,NA,NA,NA,NA,NA,NA,0,@ PHI,29,IR,IR,IR
5,6001,Drew Sample,TE,29.4,CIN,56.0,57,57,0.9,0.4,-0.1,1,1,1,62,27,0,0.0%,0,0,0,0,0,0,0.00,0,0,0,0,0.00,0.00,1,-1,0,0,0,1,0,-1,-1.0,-1.0,0,0,0,-1,0,NA,0,0,43.5%,NA,NA,NA,0,NA,0,1,0.000,0.0,12,2.5%,-0.08,0,NA,NA,NA,NA,NA,0.000,NA,-1,vs DET,18,·,1.4,-0.5
5,4111,D'Onta Foreman,RB,29.4,FA,0.0,0,0,0,0,0,0,0,0,0,0,0,0.0%,0,0,0,0,0,0,0.00,0,0,0,0,0.00,0.00,0,0,0,0,0,0,0,0,0.0,0.0,0,0,0,0,0,NA,0,0,NA,NA,NA,NA,0,NA,0,0,NA,NA,NA,NA,NA,0,NA,NA,NA,NA,NA,NA,NA,0,NA,,·,DNP,DNP
5,11582,Carson Steele,RB,22.9,KC,999.0,999,999,0,0,0,1,0,0,0,0,0,0.0%,0,0,0,0,0,0,0.00,0,0,0,0,0.00,0.00,0,0,0,0,0,0,0,0,0.0,0.0,0,0,0,0,0,NA,0,0,NA,NA,NA,NA,0,NA,0,0,NA,NA,NA,NA,NA,0,NA,NA,NA,NA,NA,NA,NA,0,@ JAX,29,·,DNP,DNP
5,8583,Stone Smartt,TE,27.0,NYJ,0.0,0,0,0,0,0,0,0,0,0,0,0,0.0%,0,0,0,0,0,0,0.00,0,0,0,0,0.00,0.00,0,0,0,0,0,0,0,0,0.0,0.0,0,0,0,0,0,NA,0,0,NA,NA,NA,NA,0,NA,0,0,NA,NA,NA,NA,NA,0,NA,NA,NA,NA,NA,NA,NA,0,vs DAL,9,OUT,OUT,OUT
,,,,,,,,,,,,,,,,,,,,,,,,,,,,,,,,,,,,,,,,,,,,,,,NA,,,NA,NA,NA,NA,0,NA,0,0,NA,NA,NA,NA,NA,0,NA,NA,NA,NA,NA,NA,NA,0,NA,,·,DNP,DNP