WK,SLPR_ID,NM,POS,AGE,TM,PRK_PPR,PRK_0.5P,PRK_STD,FPT_PPR,FPTS_0.5,FPTS_STD,GM_ACTV,GM_P,GM,TM_SNP,SNP,FUM,CMP PCT,paAY,paATT,CMP,pa1D,INC,INT,paRTG,pa.ruYDS,SAC,paTD,paYDS,paYPA,paYPC,REC,recAY,DRP,rec1D,recTD,TGT,YAC,recYDS,YPR,YPT,CAR,BTKL,ru1D,ru.recYDS,ruTD,YCO,ruYDS,YPC,SNP%,MTF,YCO/A,MTF/A,ruIMP,ELU,IMP,OPP,IMP/OPP,IMP/G,RR,TS%,YPRR,pIMP,pIMP/A,TTT,DP%,PRS%,AYA,1DRR,DB,YDS(t),VS,vsRK,INJ,PROJ,FPOE
6,4984,Josh Allen,QB,29.4,BUF,17,17,17,17.4,17.4,17.4,1,1,1,57,57,2,57.7%,120,26,15,6,11,2,72.60,222,4,2,180,6.92,12.00,0,0,0,0,0,0,0,0,0.0,0.0,6,0,2,42,0,NA,42,7,100.0%,NA,NA,NA,2,NA,10,32,NA,NA,NA,NA,NA,8,30.8%,2.83,23.1%,44.1%,11.7,NA,34,222,@ ATL,31,·,26.1,-8.7
6,4881,Lamar Jackson,QB,28.7,BAL,0,0,0,0,0,0,0,0,0,0,0,0,0.0%,0,0,0,0,0,0,0.00,0,0,0,0,0.00,0.00,0,0,0,0,0,0,0,0,0.0,0.0,0,0,0,0,0,NA,0,0,NA,NA,NA,NA,0,NA,0,0,NA,NA,NA,NA,NA,0,NA,NA,NA,NA,NA,NA,NA,0,vs LAR,17,OUT,OUT,OUT
6,7564,Ja'Marr Chase,WR,25.6,CIN,5,5,8,25.1,20.1,15.1,1,1,1,65,65,0,0.0%,0,0,0,0,0,0,0.00,-3,0,0,0,0.00,0.00,10,80,0,4,1,12,14,94,9.4,7.8,1,0,0,91,0,NA,-3,-3,100.0%,NA,NA,NA,0,NA,5,13,0.385,5.0,44,26.7%,2.14,0,NA,NA,NA,NA,NA,0.091,NA,91,@ GB,28,·,15.9,9.2
6,9509,Bijan Robinson,RB,23.7,ATL,1,1,2,35.8,32.8,29.8,1,1,1,70,52,0,0.0%,0,0,0,0,0,0,0.00,170,0,0,0,0.00,0.00,6,17,0,2,0,8,51,68,11.3,8.5,19,3,4,238,1,133,170,8.95,74.3%,8,7.00,0.421,5,1.121,7,27,0.259,7.0,NA,25.0%,NA,0,NA,NA,NA,NA,NA,NA,NA,238,vs BUF,13,·,19.4,16.4
6,11566,Jayden Daniels,QB,24.8,WAS,5,5,5,22.64,22.64,22.64,1,1,1,65,65,2,73.1%,141,26,19,8,7,1,119.20,263,3,3,211,8.12,11.11,0,0,0,0,0,0,0,0,0.0,0.0,10,1,2,52,0,NA,52,5.2,100.0%,NA,NA,NA,2,NA,13,36,NA,NA,NA,NA,NA,11,42.3%,2.50,7.7%,36.1%,7.8,NA,36,263,vs CHI,15,·,23.0,-0.4
6,9221,Jahmyr Gibbs,RB,23.5,DET,31,26,22,7.5,7,6.5,1,1,1,54,37,0,0.0%,0,0,0,0,0,0,0.00,65,0,0,0,0.00,0.00,1,-6,0,0,0,2,6,0,0.0,0.0,17,1,3,65,0,51,65,3.82,68.5%,1,3.00,0.059,3,0.359,3,19,0.158,3.0,NA,6.9%,NA,0,NA,NA,NA,NA,NA,NA,NA,65,@ KC,22,·,19.5,-12.0
6,11632,Malik Nabers,WR,22.2,NYG,999,999,999,0,0,0,1,0,0,0,0,0,0.0%,0,0,0,0,0,0,0.00,0,0,0,0,0.00,0.00,0,0,0,0,0,0,0,0,0.0,0.0,0,0,0,0,0,NA,0,0,NA,NA,NA,NA,0,NA,0,0,NA,NA,NA,NA,NA,0,NA,NA,NA,NA,NA,NA,NA,0,vs PHI,15,IR,IR,IR
6,6794,Justin Jefferson,WR,26.3,MIN,0,0,0,0,0,0,0,0,0,0,0,0,0.0%,0,0,0,0,0,0,0.00,0,0,0,0,0.00,0.00,0,0,0,0,0,0,0,0,0.0,0.0,0,0,0,0,0,NA,0,0,NA,NA,NA,NA,0,NA,0,0,NA,NA,NA,NA,NA,0,NA,NA,NA,NA,NA,NA,NA,0,BYE,BYE,BYE,BYE,BYE
6,9493,Puka Nacua,WR,24.3,LAR,68.0,66,58,4.8,3.8,2.8,1,1,1,53,27,0,0.0%,0,0,0,0,0,0,0.00,0,0,0,0,0.00,0.00,2,20,0,2,0,3,8,28,14.0,9.3,0,0,0,28,0,NA,0,0,50.9%,NA,NA,NA,0,NA,2,3,0.667,2.0,15,11.5%,1.87,0,NA,NA,NA,NA,NA,0.133,NA,28,@ BAL,2,Q,22.3,-17.5
6,7547,Amon-Ra St. Brown,WR,25.9,DET,20.0,29,42,13.7,9.2,4.7,1,1,1,54,48,1,0.0%,0,0,0,0,0,0,0.00,2,0,0,0,0.00,0.00,9,35,1,3,0,10,10,45,5.0,4.5,1,0,0,47,0,NA,2,2,88.9%,NA,NA,NA,0,NA,3,11,0.273,3.0,29,34.5%,1.55,0,NA,NA,NA,NA,NA,0.103,NA,47,@ KC,31,·,19.1,-5.4
6,11604,Brock Bowers,TE,22.8,LV,0.0,0,0,0,0,0,0,0,0,0,0,0,0.0%,0,0,0,0,0,0,0.00,0,0,0,0,0.00,0.00,0,0,0,0,0,0,0,0,0.0,0.0,0,0,0,0,0,NA,0,0,NA,NA,NA,NA,0,NA,0,0,NA,NA,NA,NA,NA,0,NA,NA,NA,NA,NA,NA,NA,0,vs TEN,22,OUT,OUT,OUT
6,6904,Jalen Hurts,QB,27.1,PHI,8.0,8,8,21.62,21.62,21.62,1,1,1,57,57,0,72.7%,190,33,24,13,9,1,95.90,296,3,1,283,8.58,11.79,0,0,0,0,0,0,0,0,0.0,0.0,7,0,1,13,1,NA,13,1.86,100.0%,NA,NA,NA,2,NA,16,40,NA,NA,NA,NA,NA,14,42.4%,3.42,12.1%,18.4%,9.2,NA,38,296,@ NYG,14,·,22.7,-1.1
6,6786,CeeDee Lamb,WR,26.5,DAL,0.0,0,0,0,0,0,0,0,0,0,0,0,0.0%,0,0,0,0,0,0,0.00,0,0,0,0,0.00,0.00,0,0,0,0,0,0,0,0,0.0,0.0,0,0,0,0,0,NA,0,0,NA,NA,NA,NA,0,NA,0,0,NA,NA,NA,NA,NA,0,NA,NA,NA,NA,NA,NA,NA,0,@ CAR,29,OUT,OUT,OUT
6,6797,Justin Herbert,QB,27.6,LAC,15.0,15,15,18.76,18.76,18.76,1,1,1,64,64,0,76.3%,104,38,29,10,9,0,112.20,266,1,2,264,6.95,9.10,0,0,0,0,0,0,0,0,0.0,0.0,1,0,1,2,0,NA,2,2,100.0%,NA,NA,NA,1,NA,13,39,NA,NA,NA,NA,NA,12,31.6%,3.01,11.1%,37.8%,5.7,NA,37,266,@ MIA,3,·,21.4,-2.6
6,9488,Jaxon Smith-Njigba,WR,23.6,SEA,3.0,3,2,30.2,26.2,22.2,1,1,1,55,45,0,0.0%,0,0,0,0,0,0,0.00,0,0,0,0,0.00,0.00,8,127,1,5,1,13,35,162,20.3,12.5,0,0,0,162,0,NA,0,0,81.8%,NA,NA,NA,0,NA,6,13,0.462,6.0,27,48.1%,6.00,0,NA,NA,NA,NA,NA,0.185,NA,162,@ JAX,24,·,20.1,10.1
6,12514,Emeka Egbuka,WR,23.0,TB,71.0,69,66,4.4,3.4,2.4,1,1,1,53,28,0,0.0%,0,0,0,0,0,0,0.00,0,0,0,0,0.00,0.00,2,18,1,1,0,4,6,24,12.0,6.0,0,0,0,24,0,NA,0,0,52.8%,NA,NA,NA,0,NA,1,4,0.250,1.0,16,17.4%,1.50,0,NA,NA,NA,NA,NA,0.063,NA,24,vs SF,18,OUT,16.9,-12.5
6,8130,Trey McBride,TE,25.8,ARI,2.0,2,2,21.2,17.2,13.2,1,1,1,73,66,0,0.0%,0,0,0,0,0,0,0.00,0,0,0,0,0.00,0.00,8,48,0,3,1,11,24,72,9.0,6.6,0,0,0,72,0,NA,0,0,90.4%,NA,NA,NA,0,NA,4,11,0.364,4.0,41,25.0%,1.76,0,NA,NA,NA,NA,NA,0.073,NA,72,@ IND,20,·,14.8,6.4
6,12527,Ashton Jeanty,RB,21.8,LV,12.0,12,11,16.6,15.6,14.6,1,1,1,61,48,0,0.0%,0,0,0,0,0,0,0.00,75,0,0,0,0.00,0.00,2,-9,1,0,0,4,20,11,5.5,2.8,23,0,3,86,1,69,75,3.26,78.7%,4,3.00,0.174,4,0.474,4,27,0.148,4.0,NA,17.4%,NA,0,NA,NA,NA,NA,NA,NA,NA,86,vs TEN,3,·,17.4,-0.8
6,6813,Jonathan Taylor,RB,26.7,IND,8.0,7,8,23.7,21.7,19.7,1,1,1,59,54,0,0.0%,0,0,0,0,0,0,0.00,123,0,0,0,0.00,0.00,4,-1,0,1,0,4,15,14,3.5,3.5,21,0,6,137,1,84,123,5.86,91.5%,6,4.00,0.286,7,0.686,8,25,0.320,8.0,NA,13.3%,NA,0,NA,NA,NA,NA,NA,NA,NA,137,vs ARI,12,·,21.0,2.7
6,6770,Joe Burrow,QB,28.8,CIN,999.0,999,999,0,0,0,1,0,0,0,0,0,0.0%,0,0,0,0,0,0,0.00,0,0,0,0,0.00,0.00,0,0,0,0,0,0,0,0,0.0,0.0,0,0,0,0,0,NA,0,0,NA,NA,NA,NA,0,NA,0,0,NA,NA,NA,NA,NA,0,NA,NA,NA,NA,NA,NA,NA,0,@ GB,27,IR,IR,IR
6,11564,Drake Maye,QB,23.1,NE,2.0,2,2,27.24,27.24,27.24,1,1,1,64,64,1,69.2%,175,26,18,9,8,0,140.10,289,1,3,261,10.04,14.50,0,0,0,0,0,0,0,0,0.0,0.0,9,0,3,28,0,NA,28,3.11,100.0%,NA,NA,NA,3,NA,15,35,NA,NA,NA,NA,NA,12,46.2%,3.06,15.4%,58.1%,11.2,NA,31,289,@ NO,5,·,21.5,5.7
6,4866,Saquon Barkley,RB,28.6,PHI,23.0,21,21,8.7,7.7,6.7,1,1,1,57,46,0,0.0%,0,0,0,0,0,0,0.00,58,0,0,0,0.00,0.00,2,-5,0,0,0,3,14,9,4.5,3.0,12,0,3,67,0,43,58,4.83,80.7%,5,3.60,0.417,3,0.777,3,15,0.200,3.0,NA,9.1%,NA,0,NA,NA,NA,NA,NA,NA,NA,67,@ NYG,6,·,17.9,-9.2
6,11620,Rome Odunze,WR,23.3,CHI,63.0,58,51,5.2,4.2,3.2,1,1,1,64,62,0,0.0%,0,0,0,0,0,0,0.00,0,0,0,0,0.00,0.00,2,9,0,2,0,5,23,32,16.0,6.4,0,0,0,32,0,NA,0,0,96.9%,NA,NA,NA,0,NA,2,5,0.400,2.0,29,17.2%,1.10,0,NA,NA,NA,NA,NA,0.069,NA,32,@ WAS,10,·,14.0,-8.8
6,8112,Drake London,WR,24.2,ATL,1.0,2,3,31.8,26.8,21.8,1,1,1,70,68,0,0.0%,0,0,0,0,0,0,0.00,0,0,0,0,0.00,0.00,10,98,0,6,1,16,60,158,15.8,9.9,0,0,0,158,0,NA,0,0,97.1%,NA,NA,NA,0,NA,7,16,0.438,7.0,34,50.0%,4.65,0,NA,NA,NA,NA,NA,0.176,NA,158,vs BUF,20,·,14.4,17.4
6,7569,Nico Collins,WR,26.5,HOU,0.0,0,0,0,0,0,0,0,0,0,0,0,0.0%,0,0,0,0,0,0,0.00,0,0,0,0,0.00,0.00,0,0,0,0,0,0,0,0,0.0,0.0,0,0,0,0,0,NA,0,0,NA,NA,NA,NA,0,NA,0,0,NA,NA,NA,NA,NA,0,NA,NA,NA,NA,NA,NA,NA,0,BYE,BYE,BYE,BYE,BYE
6,9226,De'Von Achane,RB,24.0,MIA,5.0,5,5,31,29,27,1,1,1,59,53,0,0.0%,0,0,0,0,0,0,0.00,128,0,0,0,0.00,0.00,4,-8,1,1,0,6,30,22,5.5,3.7,16,0,4,150,2,83,128,8,89.8%,6,5.20,0.375,6,0.895,7,22,0.318,7.0,NA,18.2%,NA,0,NA,NA,NA,NA,NA,NA,NA,150,vs LAC,25,·,21.3,9.7
6,11560,Caleb Williams,QB,23.9,CHI,10.0,10,10,19.88,19.88,19.88,1,1,1,64,64,0,58.6%,58,29,17,9,12,0,98.60,250,3,1,252,8.69,14.82,0,0,0,0,0,0,0,0,0.0,0.0,4,0,1,-2,1,NA,-2,-0.5,100.0%,NA,NA,NA,2,NA,12,33,NA,NA,NA,NA,NA,10,34.5%,2.65,17.2%,31.4%,8.3,NA,35,250,@ WAS,8,·,18.0,1.9
6,11584,Bucky Irving,RB,23.1,TB,0.0,0,0,0,0,0,0,0,0,0,0,0,0.0%,0,0,0,0,0,0,0.00,0,0,0,0,0.00,0.00,0,0,0,0,0,0,0,0,0.0,0.0,0,0,0,0,0,NA,0,0,NA,NA,NA,NA,0,NA,0,0,NA,NA,NA,NA,NA,0,NA,NA,NA,NA,NA,NA,NA,0,vs SF,14,OUT,OUT,OUT
6,12526,Tetairoa McMillan,WR,22.5,CAR,13.0,12,10,17.9,16.4,14.9,1,1,1,67,62,0,0.0%,0,0,0,0,0,0,0.00,0,0,0,0,0.00,0.00,3,29,1,1,2,5,0,29,9.7,5.8,0,0,0,29,0,NA,0,0,92.5%,NA,NA,NA,0,NA,3,5,0.600,3.0,25,20.0%,1.16,0,NA,NA,NA,NA,NA,0.040,NA,29,vs DAL,1,·,15.3,2.6
6,11631,Brian Thomas Jr.,WR,23.0,JAX,6.0,7,9,23,19,15,1,1,1,76,61,0,0.0%,0,0,0,0,0,0,0.00,0,0,0,0,0.00,0.00,8,70,1,4,1,10,20,90,11.3,9.0,0,0,0,90,0,NA,0,0,80.3%,NA,NA,NA,0,NA,5,10,0.500,5.0,42,23.8%,2.14,0,NA,NA,NA,NA,NA,0.095,NA,90,vs SEA,17,·,13.8,9.2
6,12507,Omarion Hampton,RB,22.5,LAC,999.0,999,999,0,0,0,1,0,0,0,0,0,0.0%,0,0,0,0,0,0,0.00,0,0,0,0,0.00,0.00,0,0,0,0,0,0,0,0,0.0,0.0,0,0,0,0,0,NA,0,0,NA,NA,NA,NA,0,NA,0,0,NA,NA,NA,NA,NA,0,NA,NA,NA,NA,NA,NA,NA,0,@ MIA,4,IR,IR,IR
6,4046,Patrick Mahomes,QB,30.0,KC,1.0,1,1,31.48,31.48,31.48,1,1,1,64,64,1,73.3%,79,30,22,13,8,0,132.20,289,3,3,257,8.57,11.68,0,0,0,0,0,0,0,0,0.0,0.0,10,0,2,32,1,NA,32,3.2,100.0%,NA,NA,NA,3,NA,19,40,NA,NA,NA,NA,NA,16,53.3%,2.63,3.3%,17.9%,4.7,NA,39,289,vs DET,11,·,23.4,8.1
6,8138,James Cook,RB,26.0,BUF,24.0,18,16,8.7,8.7,8.7,1,1,1,57,30,0,0.0%,0,0,0,0,0,0,0.00,87,0,0,0,0.00,0.00,0,0,0,0,0,0,0,0,0.0,0.0,17,1,5,87,0,61,87,5.12,52.6%,4,3.60,0.235,5,0.595,5,17,0.294,5.0,NA,0.0%,NA,0,NA,NA,NA,NA,NA,NA,NA,87,@ ATL,32,·,17.2,-8.5
6,6804,Jordan Love,QB,26.9,GB,19.0,19,19,15.96,15.96,15.96,1,1,1,61,61,0,73.1%,154,26,19,10,7,1,101.30,285,1,1,259,9.96,13.63,0,0,0,0,0,0,0,0,0.0,0.0,7,0,3,26,0,NA,26,3.71,100.0%,NA,NA,NA,3,NA,14,33,NA,NA,NA,NA,NA,11,42.3%,2.90,11.5%,25.0%,8.6,NA,32,285,vs CIN,7,·,19.7,-3.7
6,8146,Garrett Wilson,WR,25.2,NYJ,72.0,78,84,4.3,2.8,1.3,1,1,1,57,48,0,0.0%,0,0,0,0,0,0,0.00,0,0,0,0,0.00,0.00,3,10,1,0,0,8,3,13,4.3,1.6,0,0,0,13,0,NA,0,0,84.2%,NA,NA,NA,0,NA,0,8,0.000,0.0,21,47.1%,0.62,0,NA,NA,NA,NA,NA,0.000,NA,13,vs DEN,27,Q,15.0,-10.7
6,12518,Tyler Warren,TE,23.4,IND,3.0,3,3,18.3,15.3,12.3,1,1,0,59,52,0,0.0%,0,0,0,0,0,0,0.00,0,0,0,0,0.00,0.00,6,23,1,3,1,9,40,63,10.5,7.0,0,0,0,63,0,NA,0,0,88.1%,NA,NA,NA,0,NA,4,9,0.444,4.0,25,30.0%,2.52,0,NA,NA,NA,NA,NA,0.120,NA,63,vs ARI,12,·,12.3,6.0
6,11635,Ladd McConkey,WR,23.9,LAC,7.0,6,6,23,19.5,16,1,1,1,64,45,0,0.0%,0,0,0,0,0,0,0.00,0,0,0,0,0.00,0.00,7,54,1,3,1,9,46,100,14.3,11.1,0,0,0,100,0,NA,0,0,70.3%,NA,NA,NA,0,NA,4,9,0.444,4.0,31,22.2%,3.23,0,NA,NA,NA,NA,NA,0.097,NA,100,@ MIA,21,·,15.2,7.8
6,11563,Bo Nix,QB,25.6,DEN,21.0,21,21,13.36,13.36,13.36,1,1,1,60,60,0,63.3%,62,30,19,8,11,0,90.10,198,1,1,174,5.80,9.16,0,0,0,0,0,0,0,0,0.0,0.0,5,0,1,24,0,NA,24,4.8,100.0%,NA,NA,NA,1,NA,10,35,NA,NA,NA,NA,NA,9,30.0%,2.62,3.3%,24.2%,5.5,NA,33,198,@ NYJ,6,·,19.3,-5.9
6,12512,Quinshon Judkins,RB,21.9,CLE,50.0,48,37,3.6,3.6,3.6,1,1,1,82,33,0,0.0%,0,0,0,0,0,0,0.00,36,0,0,0,0.00,0.00,0,0,0,0,0,1,0,0,0.0,0.0,12,1,4,36,0,34,36,3,40.2%,2,2.80,0.167,4,0.447,4,13,0.308,4.0,NA,1.9%,NA,0,NA,NA,NA,NA,NA,NA,NA,36,@ PIT,23,·,15.3,-11.7
6,4892,Baker Mayfield,QB,30.4,TB,11.0,11,11,19.64,19.64,19.64,1,1,1,53,53,1,73.9%,150,23,17,7,6,0,139.00,270,1,2,256,11.13,15.06,0,0,0,0,0,0,0,0,0.0,0.0,3,3,1,14,0,NA,14,4.67,100.0%,NA,NA,NA,1,NA,10,26,NA,NA,NA,NA,NA,9,39.1%,2.68,8.7%,20.0%,9.3,NA,25,270,vs SF,10,·,22.1,-2.5
6,10229,Rashee Rice,WR,25.4,KC,999.0,999,999,0,0,0,1,0,0,0,0,0,0.0%,0,0,0,0,0,0,0.00,0,0,0,0,0.00,0.00,0,0,0,0,0,0,0,0,0.0,0.0,0,0,0,0,0,NA,0,0,NA,NA,NA,NA,0,NA,0,0,NA,NA,NA,NA,NA,0,NA,NA,NA,NA,NA,NA,NA,0,vs DET,6,SUS,SUS,SUS
6,4034,Christian McCaffrey,RB,29.3,SF,7.0,9,9,24.1,20.6,17.1,1,1,1,69,64,0,0.0%,0,0,0,0,0,0,0.00,54,0,0,0,0.00,0.00,7,17,1,1,0,8,40,57,8.1,7.1,17,0,3,111,1,53,54,3.18,92.8%,6,3.10,0.353,4,0.663,5,25,0.200,5.0,NA,20.5%,NA,0,NA,NA,NA,NA,NA,NA,NA,111,@ TB,17,·,22.3,1.8
6,11628,Marvin Harrison Jr.,WR,23.1,ARI,64.0,59,52,5.2,4.2,3.2,1,1,1,73,17,0,0.0%,0,0,0,0,0,0,0.00,0,0,0,0,0.00,0.00,2,25,0,1,0,2,7,32,16.0,16.0,0,0,0,32,0,NA,0,0,23.3%,NA,NA,NA,0,NA,1,2,0.500,1.0,11,4.5%,2.91,0,NA,NA,NA,NA,NA,0.091,NA,32,@ IND,5,OUT,12.8,-7.6
6,12529,TreVeyon Henderson,RB,22.9,NE,44.0,42,38,4.6,4.1,3.6,1,1,0,64,19,0,0.0%,0,0,0,0,0,0,0.00,27,0,0,0,0.00,0.00,1,-3,1,0,0,2,12,9,9.0,4.5,9,1,1,36,0,23,27,3,29.7%,3,2.50,0.333,1,0.583,1,11,0.091,1.0,NA,7.7%,NA,0,NA,NA,NA,NA,NA,NA,NA,36,@ NO,11,·,11.3,-6.7
6,8150,Kyren Williams,RB,25.1,LAR,11.0,11,10,16.7,15.7,14.7,1,1,1,53,40,0,0.0%,0,0,0,0,0,0,0.00,50,0,0,0,0.00,0.00,2,34,0,1,0,2,3,37,18.5,18.5,13,0,2,87,1,40,50,3.85,75.5%,3,3.10,0.231,3,0.541,4,15,0.267,4.0,NA,7.7%,NA,0,NA,NA,NA,NA,NA,NA,NA,87,@ BAL,2,·,14.7,2.0
6,5850,Josh Jacobs,RB,27.6,GB,3.0,4,4,32,29.5,27,1,1,1,61,48,0,0.0%,0,0,0,0,0,0,0.00,93,0,0,0,0.00,0.00,5,5,0,1,0,5,52,57,11.4,11.4,18,2,5,150,2,52,93,5.17,78.7%,8,2.90,0.444,7,0.734,8,23,0.348,8.0,NA,19.2%,NA,0,NA,NA,NA,NA,NA,NA,NA,150,vs CIN,1,·,17.5,14.5
6,8183,Brock Purdy,QB,25.8,SF,0.0,0,0,0,0,0,0,0,0,0,0,0,0.0%,0,0,0,0,0,0,0.00,0,0,0,0,0.00,0.00,0,0,0,0,0,0,0,0,0.0,0.0,0,0,0,0,0,NA,0,0,NA,NA,NA,NA,0,NA,0,0,NA,NA,NA,NA,NA,0,NA,NA,NA,NA,NA,NA,NA,0,@ TB,4,OUT,OUT,OUT
6,8155,Breece Hall,RB,24.3,NYJ,36.0,31,26,5.9,5.9,5.9,1,1,1,57,42,0,0.0%,0,0,0,0,0,0,0.00,59,0,0,0,0.00,0.00,0,0,0,0,0,0,0,0,0.0,0.0,22,2,5,59,0,73,59,2.68,73.7%,1,3.30,0.045,5,0.375,5,22,0.227,5.0,NA,0.0%,NA,0,NA,NA,NA,NA,NA,NA,NA,59,vs DEN,19,·,13.8,-7.9
6,5859,A.J. Brown,WR,28.2,PHI,19.0,23,26,14,11,8,1,1,1,57,55,0,0.0%,0,0,0,0,0,0,0.00,0,0,0,0,0.00,0.00,6,68,0,3,0,9,12,80,13.3,8.9,0,0,0,80,0,NA,0,0,96.5%,NA,NA,NA,0,NA,3,9,0.333,3.0,35,27.3%,2.29,0,NA,NA,NA,NA,NA,0.086,NA,80,@ NYG,3,·,14.1,-0.1
6,9997,Zay Flowers,WR,25.0,BAL,39.0,47,64,8.6,5.6,2.6,1,1,1,78,71,1,0.0%,0,0,0,0,0,0,0.00,0,0,0,0,0.00,0.00,6,16,0,2,0,10,30,46,7.7,4.6,0,0,0,46,0,NA,0,0,91.0%,NA,NA,NA,0,NA,2,10,0.200,2.0,35,29.4%,1.31,0,NA,NA,NA,NA,NA,0.057,NA,46,vs LAR,12,·,14.7,-6.1
6,12522,Cam Ward,QB,23.3,TEN,28.0,28,28,7.88,7.88,7.88,1,1,1,61,61,2,68.4%,106,38,26,10,12,1,81.30,222,6,1,222,5.84,8.54,0,0,0,0,0,0,0,0,0.0,0.0,0,0,0,0,0,NA,0,0,100.0%,NA,NA,NA,0,NA,11,38,NA,NA,NA,NA,NA,11,28.9%,2.94,7.9%,36.4%,8.3,NA,44,222,@ LV,13,·,14.0,-6.1
6,12508,Jaxson Dart,QB,22.4,NYG,3.0,3,3,23.6,23.6,23.6,1,1,1,66,67,0,68.0%,119,25,17,7,8,0,104.60,253,2,1,195,7.80,11.47,0,0,0,0,0,0,0,0,0.0,0.0,13,0,4,58,1,NA,58,4.46,101.5%,NA,NA,NA,5,NA,13,38,NA,NA,NA,NA,NA,8,32.0%,2.51,8.0%,27.3%,9.0,NA,33,253,vs PHI,16,Q,17.2,6.4
6,11638,Ricky Pearsall,WR,25.0,SF,0.0,0,0,0,0,0,0,0,0,0,0,0,0.0%,0,0,0,0,0,0,0.00,0,0,0,0,0.00,0.00,0,0,0,0,0,0,0,0,0.0,0.0,0,0,0,0,0,NA,0,0,NA,NA,NA,NA,0,NA,0,0,NA,NA,NA,NA,NA,0,NA,NA,NA,NA,NA,NA,NA,0,@ TB,16,OUT,OUT,OUT
6,9484,Tucker Kraft,TE,24.9,GB,11.0,9,7,12.3,11.3,10.3,1,1,1,61,56,0,0.0%,0,0,0,0,0,0,0.00,0,0,0,0,0.00,0.00,2,24,0,1,1,2,19,43,21.5,21.5,0,0,0,43,0,NA,0,0,91.8%,NA,NA,NA,0,NA,2,2,1.000,2.0,19,7.7%,2.26,0,NA,NA,NA,NA,NA,0.053,NA,43,vs CIN,1,·,11.9,0.4
6,9758,C.J. Stroud,QB,24.0,HOU,0.0,0,0,0,0,0,0,0,0,0,0,0,0.0%,0,0,0,0,0,0,0.00,0,0,0,0,0.00,0.00,0,0,0,0,0,0,0,0,0.0,0.0,0,0,0,0,0,NA,0,0,NA,NA,NA,NA,0,NA,0,0,NA,NA,NA,NA,NA,0,NA,NA,NA,NA,NA,NA,NA,0,BYE,BYE,BYE,BYE,BYE
6,8151,Kenneth Walker III,RB,24.9,SEA,42.0,40,35,4.7,4.2,3.7,1,1,1,55,19,0,0.0%,0,0,0,0,0,0,0.00,34,0,0,0,0.00,0.00,1,3,0,0,0,1,0,3,3.0,3.0,10,0,1,37,0,14,34,3.4,34.5%,1,1.40,0.100,1,0.240,1,11,0.091,1.0,NA,3.7%,NA,0,NA,NA,NA,NA,NA,NA,NA,37,@ JAX,29,·,12.9,-8.2
6,3163,Jared Goff,QB,31.0,DET,18.0,18,18,16.82,16.82,16.82,1,1,1,54,54,0,79.3%,74,29,23,11,6,0,118.80,210,1,2,203,7.00,8.83,0,0,0,0,0,0,0,0,0.0,0.0,1,0,1,7,0,NA,7,7,100.0%,NA,NA,NA,1,NA,14,30,NA,NA,NA,NA,NA,13,44.8%,2.60,0.0%,29.0%,3.9,NA,31,210,@ KC,30,·,19.7,-2.9
6,8148,Jameson Williams,WR,24.5,DET,12.0,13,14,18.6,15.6,12.6,1,1,0,54,46,0,0.0%,0,0,0,0,0,0,0.00,0,0,0,0,0.00,0.00,6,22,0,4,1,7,44,66,11.0,9.4,0,0,0,66,0,NA,0,0,85.2%,NA,NA,NA,0,NA,5,7,0.714,5.0,26,24.1%,2.54,0,NA,NA,NA,NA,NA,0.154,NA,66,@ KC,31,·,10.4,8.2
6,10859,Sam LaPorta,TE,24.7,DET,4.0,4,4,16.5,14,11.5,1,1,1,54,52,0,0.0%,0,0,0,0,0,0,0.00,0,0,0,0,0.00,0.00,5,28,0,2,1,6,27,55,11.0,9.2,0,0,0,55,0,NA,0,0,96.3%,NA,NA,NA,0,NA,3,6,0.500,3.0,27,20.7%,2.04,0,NA,NA,NA,NA,NA,0.074,NA,55,@ KC,31,·,12.1,4.4
6,3198,Derrick Henry,RB,31.7,BAL,13.0,13,13,14,13.5,13,1,1,1,78,38,0,0.0%,0,0,0,0,0,0,0.00,122,0,0,0,0.00,0.00,1,0,0,0,0,2,8,8,8.0,4.0,24,2,7,130,0,98,122,5.08,48.7%,5,4.10,0.208,7,0.618,7,26,0.269,7.0,NA,5.9%,NA,0,NA,NA,NA,NA,NA,NA,NA,130,vs LAR,30,·,15.2,-1.2
6,5849,Kyler Murray,QB,28.1,ARI,0.0,0,0,0,0,0,0,0,0,0,0,0,0.0%,0,0,0,0,0,0,0.00,0,0,0,0,0.00,0.00,0,0,0,0,0,0,0,0,0.0,0.0,0,0,0,0,0,NA,0,0,NA,NA,NA,NA,0,NA,0,0,NA,NA,NA,NA,NA,0,NA,NA,NA,NA,NA,NA,NA,0,@ IND,22,OUT,OUT,OUT
6,6801,Tee Higgins,WR,26.7,CIN,28.0,31,31,11.2,8.7,6.2,1,1,1,65,52,0,0.0%,0,0,0,0,0,0,0.00,0,0,0,0,0.00,0.00,5,40,0,5,0,8,22,62,12.4,7.8,0,0,0,62,0,NA,0,0,80.0%,NA,NA,NA,0,NA,5,8,0.625,5.0,37,17.8%,1.68,0,NA,NA,NA,NA,NA,0.135,NA,62,@ GB,28,·,11.0,0.2
6,8137,George Pickens,WR,24.6,DAL,2.0,1,1,31.8,27.3,22.8,1,1,1,55,46,0,0.0%,0,0,0,0,0,0,0.00,0,0,0,0,0.00,0.00,9,81,0,6,1,11,87,168,18.7,15.3,0,0,0,168,0,NA,0,0,83.6%,NA,NA,NA,0,NA,7,11,0.636,7.0,31,32.4%,5.42,0,NA,NA,NA,NA,NA,0.194,NA,168,@ CAR,29,·,17.0,14.8
6,7525,DeVonta Smith,WR,26.9,PHI,37.0,38,39,8.9,6.9,4.9,1,1,1,57,55,0,0.0%,0,0,0,0,0,0,0.00,0,0,0,0,0.00,0.00,4,18,0,4,0,5,31,49,12.3,9.8,0,0,0,49,0,NA,0,0,96.5%,NA,NA,NA,0,NA,4,5,0.800,4.0,35,15.2%,1.40,0,NA,NA,NA,NA,NA,0.114,NA,49,@ NYG,3,·,13.2,-4.3
6,11624,Xavier Worthy,WR,22.4,KC,29.0,26,24,10.6,9.6,8.6,1,1,1,64,47,0,0.0%,0,0,0,0,0,0,0.00,6,0,0,0,0.00,0.00,2,6,0,1,1,4,14,20,10.0,5.0,1,0,0,26,0,NA,6,6,73.4%,NA,NA,NA,0,NA,2,5,0.400,2.0,24,13.3%,0.83,0,NA,NA,NA,NA,NA,0.042,NA,26,vs DET,6,·,14.7,-4.1
6,9224,Chase Brown,RB,25.5,CIN,22.0,20,20,8.9,7.9,6.9,1,1,1,65,35,0,0.0%,0,0,0,0,0,0,0.00,42,0,0,0,0.00,0.00,2,-3,0,0,0,2,10,7,3.5,3.5,9,0,1,49,0,33,42,4.67,53.8%,1,3.70,0.111,1,0.481,1,11,0.091,1.0,NA,4.4%,NA,0,NA,NA,NA,NA,NA,NA,NA,49,@ GB,31,·,11.8,-2.9
6,12530,Travis Hunter,WR,22.4,JAX,58.0,68,80,5.5,3.5,1.5,1,1,1,76,59,0,0.0%,0,0,0,0,0,0,0.00,0,0,0,0,0.00,0.00,4,-5,0,2,0,7,20,15,3.8,2.1,0,0,0,15,0,NA,0,0,77.6%,NA,NA,NA,0,NA,2,7,0.286,2.0,43,16.7%,0.35,0,NA,NA,NA,NA,NA,0.047,NA,15,vs SEA,17,·,9.0,-3.5
6,12481,Cam Skattebo,RB,23.6,NYG,4.0,3,3,31,30,29,1,1,1,66,49,0,0.0%,0,0,0,0,0,0,0.00,98,0,0,0,0.00,0.00,2,0,0,1,0,2,12,12,6.0,6.0,19,0,6,110,3,80,98,5.16,74.2%,5,4.20,0.263,9,0.683,10,21,0.476,10.0,NA,7.7%,NA,0,NA,NA,NA,NA,NA,NA,NA,110,vs PHI,8,·,12.3,18.7
6,11565,J.J. McCarthy,QB,22.7,MIN,0.0,0,0,0,0,0,0,0,0,0,0,0,0.0%,0,0,0,0,0,0,0.00,0,0,0,0,0.00,0.00,0,0,0,0,0,0,0,0,0.0,0.0,0,0,0,0,0,NA,0,0,NA,NA,NA,NA,0,NA,0,0,NA,NA,NA,NA,NA,0,NA,NA,NA,NA,NA,NA,NA,0,BYE,BYE,BYE,BYE,BYE
6,9756,Jordan Addison,WR,23.7,MIN,0.0,0,0,0,0,0,0,0,0,0,0,0,0.0%,0,0,0,0,0,0,0.00,0,0,0,0,0.00,0.00,0,0,0,0,0,0,0,0,0.0,0.0,0,0,0,0,0,NA,0,0,NA,NA,NA,NA,0,NA,0,0,NA,NA,NA,NA,NA,0,NA,NA,NA,NA,NA,NA,NA,0,BYE,BYE,BYE,BYE,BYE
6,12501,Matthew Golden,WR,22.2,GB,22.0,20,18,13.2,11.7,10.2,1,1,0,61,42,0,0.0%,0,0,0,0,0,0,0.00,16,0,0,0,0.00,0.00,3,68,0,3,0,5,18,86,28.7,17.2,2,0,2,102,0,NA,16,8,68.9%,NA,NA,NA,2,NA,5,7,0.714,5.0,18,19.2%,4.78,0,NA,NA,NA,NA,NA,0.167,NA,102,vs CIN,11,·,8.9,4.3
6,3294,Dak Prescott,QB,32.2,DAL,6.0,6,6,22.34,22.34,22.34,1,1,1,55,55,1,73.5%,125,34,25,9,9,0,124.80,260,0,3,261,7.68,10.44,0,0,0,0,0,0,0,0,0.0,0.0,2,0,0,-1,0,NA,-1,-0.5,100.0%,NA,NA,NA,0,NA,12,36,NA,NA,NA,NA,NA,12,35.3%,3.01,2.9%,17.6%,5.8,NA,34,260,@ CAR,20,·,23.3,-1.0
6,5846,DK Metcalf,WR,27.8,PIT,10.0,9,7,19.5,17.5,15.5,1,1,1,59,49,0,0.0%,0,0,0,0,0,0,0.00,0,0,0,0,0.00,0.00,4,61,1,3,1,9,34,95,23.8,10.6,0,0,0,95,0,NA,0,0,83.1%,NA,NA,NA,0,NA,4,9,0.444,4.0,27,30.0%,3.52,0,NA,NA,NA,NA,NA,0.111,NA,95,vs CLE,8,·,13.4,6.1
6,7594,Chuba Hubbard,RB,26.3,CAR,0.0,0,0,0,0,0,0,0,0,0,0,0,0.0%,0,0,0,0,0,0,0.00,0,0,0,0,0.00,0.00,0,0,0,0,0,0,0,0,0.0,0.0,0,0,0,0,0,NA,0,0,NA,NA,NA,NA,0,NA,0,0,NA,NA,NA,NA,NA,0,NA,NA,NA,NA,NA,NA,NA,0,vs DAL,5,OUT,OUT,OUT
6,8144,Chris Olave,WR,25.2,NO,18.0,18,22,15.8,12.8,9.8,1,1,1,56,49,0,0.0%,0,0,0,0,0,0,0.00,0,0,0,0,0.00,0.00,6,69,1,3,0,10,29,98,16.3,9.8,0,0,0,98,0,NA,0,0,87.5%,NA,NA,NA,0,NA,3,10,0.300,3.0,27,38.5%,3.63,0,NA,NA,NA,NA,NA,0.111,NA,98,vs NE,7,·,12.8,3.0
6,11559,Michael Penix Jr.,QB,25.4,ATL,20.0,20,20,14.6,14.6,14.6,1,1,1,70,70,0,62.5%,110,32,20,9,12,0,97.10,256,2,1,250,7.81,12.50,0,0,0,0,0,0,0,0,0.0,0.0,2,0,0,6,0,NA,6,3,100.0%,NA,NA,NA,0,NA,10,34,NA,NA,NA,NA,NA,10,31.3%,2.57,6.3%,25.7%,7.6,NA,35,256,vs BUF,19,·,17.9,-3.3
6,5870,Daniel Jones,QB,28.3,IND,4.0,4,4,23.48,23.48,23.48,1,1,1,59,59,0,73.3%,97,30,22,11,8,1,101.00,232,1,2,212,7.07,9.64,0,0,0,0,0,0,0,0,0.0,0.0,5,0,2,20,1,NA,20,4,100.0%,NA,NA,NA,3,NA,16,35,NA,NA,NA,NA,NA,13,43.3%,2.91,3.3%,33.3%,7.0,NA,33,232,vs ARI,25,·,19.3,4.2
6,11589,Trey Benson,RB,23.2,ARI,999.0,999,999,0,0,0,1,0,0,0,0,0,0.0%,0,0,0,0,0,0,0.00,0,0,0,0,0.00,0.00,0,0,0,0,0,0,0,0,0.0,0.0,0,0,0,0,0,NA,0,0,NA,NA,NA,NA,0,NA,0,0,NA,NA,NA,NA,NA,0,NA,NA,NA,NA,NA,NA,NA,0,@ IND,24,IR,IR,IR
6,7523,Trevor Lawrence,QB,26.0,JAX,13.0,13,13,19.22,19.22,19.22,1,1,1,76,76,0,64.3%,131,42,27,11,15,0,97.10,267,7,2,258,6.14,9.56,0,0,0,0,0,0,0,0,0.0,0.0,3,0,1,9,0,NA,9,3,100.0%,NA,NA,NA,1,NA,14,45,NA,NA,NA,NA,NA,13,31.0%,3.10,11.9%,50.0%,7.1,NA,50,267,vs SEA,21,·,19.2,0.0
6,9754,Quentin Johnston,WR,24.1,LAC,0.0,0,0,0,0,0,0,0,0,0,0,0,0.0%,0,0,0,0,0,0,0.00,0,0,0,0,0.00,0.00,0,0,0,0,0,0,0,0,0.0,0.0,0,0,0,0,0,NA,0,0,NA,NA,NA,NA,0,NA,0,0,NA,NA,NA,NA,NA,0,NA,NA,NA,NA,NA,NA,NA,0,@ MIA,21,OUT,OUT,OUT
6,7543,Travis Etienne,RB,26.7,JAX,19.0,22,27,9.5,7.5,5.5,1,1,1,76,47,0,0.0%,0,0,0,0,0,0,0.00,27,0,0,0,0.00,0.00,4,-9,0,1,0,5,37,28,7.0,5.6,12,0,1,55,0,24,27,2.25,61.8%,1,2.00,0.083,1,0.283,2,17,0.118,2.0,NA,11.9%,NA,0,NA,NA,NA,NA,NA,NA,NA,55,vs SEA,18,·,11.6,-2.1
6,8408,Jordan Mason,RB,26.4,MIN,0.0,0,0,0,0,0,0,0,0,0,0,0,0.0%,0,0,0,0,0,0,0.00,0,0,0,0,0.00,0.00,0,0,0,0,0,0,0,0,0.0,0.0,0,0,0,0,0,NA,0,0,NA,NA,NA,NA,0,NA,0,0,NA,NA,NA,NA,NA,0,NA,NA,NA,NA,NA,NA,NA,0,BYE,BYE,BYE,BYE,BYE
6,12489,RJ Harvey,RB,24.6,DEN,33.0,38,47,6.5,4.5,2.5,1,1,0,60,17,0,0.0%,0,0,0,0,0,0,0.00,4,0,0,0,0.00,0.00,4,-13,0,0,0,4,34,21,5.3,5.3,2,0,0,25,0,4,4,2,28.3%,0,1.90,0.000,0,0.190,0,6,0.000,0.0,NA,13.3%,NA,0,NA,NA,NA,NA,NA,NA,NA,25,@ NYJ,9,·,7.9,-1.4
6,4217,George Kittle,TE,32.0,SF,999.0,999,999,0,0,0,1,0,0,0,0,0,0.0%,0,0,0,0,0,0,0.00,0,0,0,0,0.00,0.00,0,0,0,0,0,0,0,0,0.0,0.0,0,0,0,0,0,NA,0,0,NA,NA,NA,NA,0,NA,0,0,NA,NA,NA,NA,NA,0,NA,NA,NA,NA,NA,NA,NA,0,@ TB,8,IR,IR,IR
6,7526,Jaylen Waddle,WR,26.8,MIA,17.0,17,21,15.82,12.82,9.82,1,1,1,59,48,0,100.0%,-5,1,1,0,0,0,100.00,8,0,0,8,8.00,8.00,6,89,1,4,0,8,6,95,15.8,11.9,0,0,0,95,0,NA,0,0,81.4%,NA,NA,NA,0,NA,4,9,0.444,4.0,27,24.2%,3.52,0,0.0%,NA,NA,NA,NA,0.148,NA,103,vs LAC,25,·,14.4,1.4
6,12517,Colston Loveland,TE,21.5,CHI,41.0,41,43,3.1,2.1,1.1,1,1,0,64,27,0,0.0%,0,0,0,0,0,0,0.00,0,0,0,0,0.00,0.00,2,11,0,1,0,3,0,11,5.5,3.7,0,0,0,11,0,NA,0,0,42.2%,NA,NA,NA,0,NA,1,3,0.333,1.0,15,10.3%,0.73,0,NA,NA,NA,NA,NA,0.067,NA,11,@ WAS,11,Q,3.6,-0.5
6,11637,Keon Coleman,WR,22.4,BUF,76.0,79,87,4.1,2.6,1.1,1,1,0,57,49,0,0.0%,0,0,0,0,0,0,0.00,0,0,0,0,0.00,0.00,3,13,0,1,0,6,-2,11,3.7,1.8,0,0,0,11,0,NA,0,0,86.0%,NA,NA,NA,0,NA,1,6,0.167,1.0,25,23.1%,0.44,0,NA,NA,NA,NA,NA,0.040,NA,11,@ ATL,30,·,10.8,-6.7
6,7588,Javonte Williams,RB,25.4,DAL,26.0,30,42,8.4,5.9,3.4,1,1,1,55,47,0,0.0%,0,0,0,0,0,0,0.00,29,0,0,0,0.00,0.00,5,-1,0,0,0,8,6,5,1.0,0.6,13,0,1,34,0,33,29,2.23,85.5%,2,2.50,0.154,1,0.404,1,21,0.048,1.0,NA,23.5%,NA,0,NA,NA,NA,NA,NA,NA,NA,34,@ CAR,16,·,17.6,-9.2
6,5045,Courtland Sutton,WR,30.0,DEN,88.0,84,77,2.7,2.2,1.7,1,1,1,60,48,0,0.0%,0,0,0,0,0,0,0.00,0,0,0,0,0.00,0.00,1,15,0,1,0,3,2,17,17.0,5.7,0,0,0,17,0,NA,0,0,80.0%,NA,NA,NA,0,NA,1,3,0.333,1.0,29,10.0%,0.59,0,NA,NA,NA,NA,NA,0.034,NA,17,@ NYJ,13,·,14.3,-11.6
6,12506,Harold Fannin,TE,21.2,CLE,7.0,8,11,15.1,11.6,8.1,1,1,1,82,66,0,0.0%,0,0,0,0,0,0,0.00,0,0,0,0,0.00,0.00,7,37,1,3,0,10,44,81,11.6,8.1,0,0,0,81,0,NA,0,0,80.5%,NA,NA,NA,0,NA,3,10,0.300,3.0,43,19.2%,1.88,0,NA,NA,NA,NA,NA,0.070,NA,81,@ PIT,16,·,8.2,6.9
6,12519,Luther Burden,WR,21.8,CHI,36.0,36,37,9.1,7.1,5.1,1,1,0,64,15,0,0.0%,0,0,0,0,0,0,0.00,0,0,0,0,0.00,0.00,4,15,0,1,0,4,36,51,12.8,12.8,0,0,0,51,0,NA,0,0,23.4%,NA,NA,NA,0,NA,1,4,0.250,1.0,13,13.8%,3.92,0,NA,NA,NA,NA,NA,0.077,NA,51,@ WAS,10,·,6.0,3.1
6,5927,Terry McLaurin,WR,30.0,WAS,0.0,0,0,0,0,0,0,0,0,0,0,0,0.0%,0,0,0,0,0,0,0.00,0,0,0,0,0.00,0.00,0,0,0,0,0,0,0,0,0.0,0.0,0,0,0,0,0,NA,0,0,NA,NA,NA,NA,0,NA,0,0,NA,NA,NA,NA,NA,0,NA,NA,NA,NA,NA,NA,NA,0,vs CHI,23,OUT,OUT,OUT
6,9228,Bryce Young,QB,24.2,CAR,12.0,12,12,19.46,19.46,19.46,1,1,1,67,67,0,68.0%,95,25,17,8,8,1,114.80,204,1,3,199,7.96,11.71,0,0,0,0,0,0,0,0,0.0,0.0,3,0,0,5,0,NA,5,1.67,100.0%,NA,NA,NA,0,NA,11,28,NA,NA,NA,NA,NA,11,44.0%,2.95,12.0%,44.4%,7.0,NA,27,204,vs DAL,1,·,20.2,-0.7
6,2133,Davante Adams,WR,32.8,LAR,43.0,43,47,7.9,5.9,3.9,1,1,1,53,42,0,0.0%,0,0,0,0,0,0,0.00,0,0,0,0,0.00,0.00,4,34,1,3,0,9,5,39,9.8,4.3,0,0,0,39,0,NA,0,0,79.2%,NA,NA,NA,0,NA,3,9,0.333,3.0,27,34.6%,1.44,0,NA,NA,NA,NA,NA,0.111,NA,39,@ BAL,2,·,13.9,-6.0
6,5892,David Montgomery,RB,28.3,DET,29.0,25,25,8.1,7.1,6.1,1,1,0,54,17,0,0.0%,0,0,0,0,0,0,0.00,24,0,0,0,0.00,0.00,2,-3,0,2,0,2,40,37,18.5,18.5,4,0,1,61,0,19,24,6,31.5%,2,4.70,0.500,1,0.970,3,6,0.500,3.0,NA,6.9%,NA,0,NA,NA,NA,NA,NA,NA,NA,61,@ KC,22,·,11.9,-3.8
6,12533,Jacory Croskey-Merritt,RB,24.5,WAS,37.0,35,30,5.8,5.3,4.8,1,1,1,65,43,1,0.0%,0,0,0,0,0,0,0.00,61,0,0,0,0.00,0.00,1,5,0,0,0,1,2,7,7.0,7.0,17,1,4,68,0,46,61,3.59,66.2%,3,2.70,0.176,4,0.446,4,18,0.222,4.0,NA,3.8%,NA,0,NA,NA,NA,NA,NA,NA,NA,68,vs CHI,7,·,12.2,-6.4
6,12490,Bhayshul Tuten,RB,22.6,JAX,41.0,45,46,4.8,3.8,2.8,1,1,0,76,11,0,0.0%,0,0,0,0,0,0,0.00,14,0,0,0,0.00,0.00,2,2,0,0,0,3,12,14,7.0,4.7,2,0,0,28,0,4,14,7,14.5%,0,2.20,0.000,0,0.220,0,5,0.000,0.0,NA,7.1%,NA,0,NA,NA,NA,NA,NA,NA,NA,28,vs SEA,18,·,6.7,-1.9
6,7591,Justin Fields,QB,26.6,NYJ,30.0,30,30,4.9,4.9,4.9,1,1,1,57,57,0,52.9%,32,17,9,2,8,0,58.70,76,9,0,45,2.65,5.00,0,0,0,0,0,0,0,0,0.0,0.0,7,0,1,31,0,NA,31,4.43,100.0%,NA,NA,NA,1,NA,3,24,NA,NA,NA,NA,NA,2,11.8%,2.49,5.9%,55.2%,5.3,NA,29,76,vs DEN,29,·,19.5,-14.6
6,4943,Sam Darnold,QB,28.3,SEA,9.0,9,9,20,20,20,1,1,1,55,55,0,59.3%,200,27,16,8,11,0,121.70,297,1,2,295,10.93,18.44,0,0,0,0,0,0,0,0,0.0,0.0,4,0,1,2,0,NA,2,0.5,100.0%,NA,NA,NA,1,NA,11,31,NA,NA,NA,NA,NA,10,37.0%,2.81,18.5%,17.2%,13.3,NA,29,297,@ JAX,26,·,19.8,0.2
6,6819,Michael Pittman,WR,28.0,IND,78.0,76,74,4,3,2,1,1,1,59,50,0,0.0%,0,0,0,0,0,0,0.00,0,0,0,0,0.00,0.00,2,9,1,2,0,3,11,20,10.0,6.7,0,0,0,20,0,NA,0,0,84.7%,NA,NA,NA,0,NA,2,3,0.667,2.0,24,10.0%,0.83,0,NA,NA,NA,NA,NA,0.083,NA,20,vs ARI,14,·,12.0,-8.0
6,4983,D.J. Moore,WR,28.4,CHI,41.0,40,36,8.2,6.7,5.2,1,1,1,64,60,0,0.0%,0,0,0,0,0,0,0.00,10,0,0,0,0.00,0.00,3,18,0,2,0,5,24,42,14.0,8.4,2,1,0,52,0,NA,10,5,93.8%,NA,NA,NA,0,NA,2,7,0.286,2.0,29,17.2%,1.45,0,NA,NA,NA,NA,NA,0.069,NA,52,@ WAS,10,·,11.8,-3.6
6,8228,Jaylen Warren,RB,26.9,PIT,28.0,24,24,8.3,7.3,6.3,1,1,1,59,31,0,0.0%,0,0,0,0,0,0,0.00,52,0,0,0,0.00,0.00,2,9,0,1,0,2,2,11,5.5,5.5,11,3,3,63,0,44,52,4.73,52.5%,4,4.00,0.364,3,0.764,4,13,0.308,4.0,NA,6.7%,NA,0,NA,NA,NA,NA,NA,NA,NA,63,vs CLE,28,·,11.9,-3.6
6,9753,Zach Charbonnet,RB,24.7,SEA,43.0,41,36,4.7,4.2,3.7,1,1,0,55,33,0,0.0%,0,0,0,0,0,0,0.00,24,0,0,0,0.00,0.00,1,3,0,1,0,1,10,13,13.0,13.0,12,1,0,37,0,31,24,2,60.0%,4,2.60,0.333,0,0.593,1,13,0.077,1.0,NA,3.7%,NA,0,NA,NA,NA,NA,NA,NA,NA,37,@ JAX,29,·,11.0,-6.3
6,12499,Elic Ayomanor,WR,22.3,TEN,57.0,60,61,5.7,4.2,2.7,1,1,1,61,57,0,0.0%,0,0,0,0,0,0,0.00,0,0,0,0,0.00,0.00,3,20,0,2,0,5,7,27,9.0,5.4,0,0,0,27,0,NA,0,0,93.4%,NA,NA,NA,0,NA,2,5,0.400,2.0,40,13.2%,0.68,0,NA,NA,NA,NA,NA,0.050,NA,27,@ LV,4,·,9.3,-3.6
6,10236,Dalton Kincaid,TE,25.9,BUF,0.0,0,0,0,0,0,0,0,0,0,0,0,0.0%,0,0,0,0,0,0,0.00,0,0,0,0,0.00,0.00,0,0,0,0,0,0,0,0,0.0,0.0,0,0,0,0,0,NA,0,0,NA,NA,NA,NA,0,NA,0,0,NA,NA,NA,NA,NA,0,NA,NA,NA,NA,NA,NA,NA,0,@ ATL,32,Q,9.9,-9.9
6,4035,Alvin Kamara,RB,30.2,NO,14.0,16,19,12.6,10.1,7.6,1,1,1,56,35,0,0.0%,0,0,0,0,0,0,0.00,31,0,0,0,0.00,0.00,5,10,0,1,0,5,35,45,9.0,9.0,10,1,1,76,0,27,31,3.1,62.5%,3,2.70,0.300,1,0.570,2,15,0.133,2.0,NA,19.2%,NA,0,NA,NA,NA,NA,NA,NA,NA,76,vs NE,27,·,11.1,1.5
6,8110,Jake Ferguson,TE,26.7,DAL,10.0,11,9,12.3,10.8,9.3,1,1,0,55,37,0,0.0%,0,0,0,0,0,0,0.00,0,0,0,0,0.00,0.00,3,30,0,1,1,3,3,33,11.0,11.0,0,0,0,33,0,NA,0,0,67.3%,NA,NA,NA,0,NA,2,3,0.667,2.0,25,8.8%,1.32,0,NA,NA,NA,NA,NA,0.040,NA,33,@ CAR,2,·,14.5,-2.2
6,5947,Jakobi Meyers,WR,28.9,LV,44.0,44,48,7.9,5.9,3.9,1,1,1,61,55,0,0.0%,0,0,0,0,0,0,0.00,0,0,0,0,0.00,0.00,4,34,0,2,0,4,5,39,9.8,9.8,0,0,0,39,0,NA,0,0,90.2%,NA,NA,NA,0,NA,2,4,0.500,2.0,23,17.4%,1.70,0,NA,NA,NA,NA,NA,0.087,NA,39,vs TEN,9,·,12.5,-4.6
6,6806,J.K. Dobbins,RB,26.8,DEN,48.0,43,34,4,4,4,1,1,1,60,30,0,0.0%,0,0,0,0,0,0,0.00,40,0,0,0,0.00,0.00,0,0,1,0,0,1,0,0,0.0,0.0,14,0,2,40,0,34,40,2.86,50.0%,2,2.40,0.143,2,0.383,2,15,0.133,2.0,NA,3.3%,NA,0,NA,NA,NA,NA,NA,NA,NA,40,@ NYJ,9,·,12.7,-8.7
6,2216,Mike Evans,WR,32.1,TB,0.0,0,0,0,0,0,0,0,0,0,0,0,0.0%,0,0,0,0,0,0,0.00,0,0,0,0,0.00,0.00,0,0,0,0,0,0,0,0,0.0,0.0,0,0,0,0,0,NA,0,0,NA,NA,NA,NA,0,NA,0,0,NA,NA,NA,NA,NA,0,NA,NA,NA,NA,NA,NA,NA,0,vs SF,18,OUT,OUT,OUT
6,5872,Deebo Samuel,WR,29.7,WAS,61.0,70,82,5.4,3.4,1.4,1,1,0,65,47,0,0.0%,0,0,0,0,0,0,0.00,-1,0,0,0,0.00,0.00,4,5,0,1,0,5,10,15,3.8,3.0,1,0,0,14,0,NA,-1,-1,72.3%,NA,NA,NA,0,NA,1,6,0.167,1.0,26,19.2%,0.58,0,NA,NA,NA,NA,NA,0.038,NA,14,vs CHI,23,Q,14.2,-8.8
6,6783,Jerry Jeudy,WR,26.4,CLE,35.0,39,46,9.3,6.8,4.3,1,1,1,82,73,0,0.0%,0,0,0,0,0,0,0.00,0,0,0,0,0.00,0.00,5,29,3,4,0,13,14,43,8.6,3.3,0,0,0,43,0,NA,0,0,89.0%,NA,NA,NA,0,NA,4,13,0.308,4.0,52,25.0%,0.83,0,NA,NA,NA,NA,NA,0.077,NA,43,@ PIT,22,·,11.2,-1.9
6,3321,Tyreek Hill,WR,31.6,MIA,999.0,999,999,0,0,0,1,0,0,0,0,0,0.0%,0,0,0,0,0,0,0.00,0,0,0,0,0.00,0.00,0,0,0,0,0,0,0,0,0.0,0.0,0,0,0,0,0,NA,0,0,NA,NA,NA,NA,0,NA,0,0,NA,NA,NA,NA,NA,0,NA,NA,NA,NA,NA,NA,NA,0,vs LAC,25,IR,IR,IR
6,5844,T.J. Hockenson,TE,28.2,MIN,0.0,0,0,0,0,0,0,0,0,0,0,0,0.0%,0,0,0,0,0,0,0.00,0,0,0,0,0.00,0.00,0,0,0,0,0,0,0,0,0.0,0.0,0,0,0,0,0,NA,0,0,NA,NA,NA,NA,0,NA,0,0,NA,NA,NA,NA,NA,0,NA,NA,NA,NA,NA,NA,NA,0,BYE,BYE,BYE,BYE,BYE
6,6803,Brandon Aiyuk,WR,27.5,SF,999.0,999,999,0,0,0,1,0,0,0,0,0,0.0%,0,0,0,0,0,0,0.00,0,0,0,0,0.00,0.00,0,0,0,0,0,0,0,0,0.0,0.0,0,0,0,0,0,NA,0,0,NA,NA,NA,NA,0,NA,0,0,NA,NA,NA,NA,NA,0,NA,NA,NA,NA,NA,NA,NA,0,@ TB,16,PUP,PUP,PUP
6,6790,D'Andre Swift,RB,26.7,CHI,6.0,6,6,25.5,24.5,23.5,1,1,1,64,36,0,0.0%,0,0,0,0,0,0,0.00,108,0,0,0,0.00,0.00,2,-1,0,1,1,3,68,67,33.5,22.3,14,1,6,175,0,53,108,7.71,56.3%,5,3.80,0.357,6,0.737,8,17,0.471,8.0,NA,10.3%,NA,0,NA,NA,NA,NA,NA,NA,NA,175,@ WAS,21,·,12.2,13.3
6,10222,Jayden Reed,WR,25.4,GB,999.0,999,999,0,0,0,1,0,0,0,0,0,0.0%,0,0,0,0,0,0,0.00,0,0,0,0,0.00,0.00,0,0,0,0,0,0,0,0,0.0,0.0,0,0,0,0,0,NA,0,0,NA,NA,NA,NA,0,NA,0,0,NA,NA,NA,NA,NA,0,NA,NA,NA,NA,NA,NA,NA,0,vs CIN,11,IR,IR,IR
6,8134,Khalil Shakir,WR,25.6,BUF,54.0,51,50,6.3,4.8,3.3,1,1,0,57,34,0,0.0%,0,0,0,0,0,0,0.00,0,0,0,0,0.00,0.00,3,17,0,1,0,5,16,33,11.0,6.6,0,0,0,33,0,NA,0,0,59.6%,NA,NA,NA,0,NA,1,5,0.200,1.0,23,19.2%,1.43,0,NA,NA,NA,NA,NA,0.043,NA,33,@ ATL,30,·,11.0,-4.7
6,5967,Tony Pollard,RB,28.4,TEN,32.0,32,31,6.7,5.7,4.7,1,1,1,61,26,0,0.0%,0,0,0,0,0,0,0.00,34,0,0,0,0.00,0.00,2,6,0,1,0,2,7,13,6.5,6.5,10,1,1,47,0,34,34,3.4,42.6%,3,3.40,0.300,1,0.640,2,12,0.167,2.0,NA,5.3%,NA,0,NA,NA,NA,NA,NA,NA,NA,47,@ LV,10,·,10.6,-3.9
6,9500,Josh Downs,WR,24.1,IND,15.0,16,19,16.2,13.2,10.2,1,1,1,59,30,0,0.0%,0,0,0,0,0,0,0.00,0,0,0,0,0.00,0.00,6,31,0,2,1,7,11,42,7.0,6.0,0,0,0,42,0,NA,0,0,50.8%,NA,NA,NA,0,NA,3,7,0.429,3.0,20,23.3%,2.10,0,NA,NA,NA,NA,NA,0.100,NA,42,vs ARI,14,·,8.8,7.4
6,7553,Kyle Pitts,TE,25.0,ATL,34.0,36,39,4.8,3.3,1.8,1,1,1,70,65,0,0.0%,0,0,0,0,0,0,0.00,0,0,0,0,0.00,0.00,3,3,0,1,0,4,15,18,6.0,4.5,0,0,0,18,0,NA,0,0,92.9%,NA,NA,NA,0,NA,1,4,0.250,1.0,32,12.5%,0.56,0,NA,NA,NA,NA,NA,0.031,NA,18,vs BUF,30,·,8.6,-3.8
6,4037,Chris Godwin,WR,29.6,TB,0.0,0,0,0,0,0,0,0,0,0,0,0,0.0%,0,0,0,0,0,0,0.00,0,0,0,0,0.00,0.00,0,0,0,0,0,0,0,0,0.0,0.0,0,0,0,0,0,NA,0,0,NA,NA,NA,NA,0,NA,0,0,NA,NA,NA,NA,NA,0,NA,NA,NA,NA,NA,NA,NA,0,vs SF,18,OUT,OUT,OUT
6,12497,Tory Horton,WR,22.8,SEA,999.0,999,999,0,0,0,1,1,1,55,25,0,0.0%,0,0,0,0,0,0,0.00,0,0,0,0,0.00,0.00,0,0,0,0,0,1,0,0,0.0,0.0,0,0,0,0,0,NA,0,0,45.5%,NA,NA,NA,0,NA,0,1,0.000,0.0,NA,NA,NA,0,NA,NA,NA,NA,NA,NA,NA,0,@ JAX,24,·,6.0,-6.0
6,12495,Ollie Gordon,RB,21.7,MIA,62.0,63,64,1.2,0.7,0.2,1,1,0,59,14,0,0.0%,0,0,0,0,0,0,0.00,1,0,0,0,0.00,0.00,1,-3,0,0,0,1,4,1,1.0,1.0,2,0,1,2,0,2,1,0.5,23.7%,0,0.90,0.000,1,0.090,1,3,0.333,1.0,NA,3.0%,NA,0,NA,NA,NA,NA,NA,NA,NA,2,vs LAC,25,·,4.8,-3.6
6,11627,Troy Franklin,WR,22.6,DEN,83.0,90,98,3.1,1.6,0.1,1,1,0,60,35,1,0.0%,0,0,0,0,0,0,0.00,2,0,0,0,0.00,0.00,3,6,0,0,0,4,13,19,6.3,4.8,1,0,0,21,0,NA,2,2,58.3%,NA,NA,NA,0,NA,0,5,0.000,0.0,21,13.3%,0.90,0,NA,NA,NA,NA,NA,0.000,NA,21,@ NYJ,13,·,7.7,-4.6
6,12504,Kaleb Johnson,RB,22.1,PIT,61.0,58,56,1.5,1.5,1.5,1,1,0,59,11,0,0.0%,0,0,0,0,0,0,0.00,15,0,0,0,0.00,0.00,0,0,0,0,0,0,0,0,0.0,0.0,6,0,1,15,0,23,15,2.5,18.6%,3,3.90,0.500,1,0.890,1,6,0.167,1.0,NA,0.0%,NA,0,NA,NA,NA,NA,NA,NA,NA,15,vs CLE,28,·,1.6,-0.1
6,12484,Jayden Higgins,WR,22.8,HOU,0.0,0,0,0,0,0,0,0,0,0,0,0,0.0%,0,0,0,0,0,0,0.00,0,0,0,0,0.00,0.00,0,0,0,0,0,0,0,0,0.0,0.0,0,0,0,0,0,NA,0,0,NA,NA,NA,NA,0,NA,0,0,NA,NA,NA,NA,NA,0,NA,NA,NA,NA,NA,NA,NA,0,BYE,BYE,BYE,BYE,BYE
6,9480,Brenton Strange,TE,24.8,JAX,999.0,999,999,0,0,0,1,0,0,0,0,0,0.0%,0,0,0,0,0,0,0.00,0,0,0,0,0.00,0.00,0,0,0,0,0,0,0,0,0.0,0.0,0,0,0,0,0,NA,0,0,NA,NA,NA,NA,0,NA,0,0,NA,NA,NA,NA,NA,0,NA,NA,NA,NA,NA,NA,NA,0,vs SEA,15,IR,IR,IR
6,12535,Isaac TeSlaa,WR,23.6,DET,999.0,999,999,0,0,0,1,1,0,54,25,0,0.0%,0,0,0,0,0,0,0.00,0,0,0,0,0.00,0.00,0,0,0,0,0,0,0,0,0.0,0.0,0,0,0,0,0,NA,0,0,46.3%,NA,NA,NA,0,NA,0,0,NA,0.0,NA,NA,NA,0,NA,NA,NA,NA,NA,NA,NA,0,@ KC,31,·,5.2,-5.2
6,7049,Jauan Jennings,WR,28.2,SF,95.0,95,94,1.7,1.2,0.7,1,1,1,69,53,0,0.0%,0,0,0,0,0,0,0.00,0,0,0,0,0.00,0.00,1,5,0,1,0,3,2,7,7.0,2.3,0,0,0,7,0,NA,0,0,76.8%,NA,NA,NA,0,NA,1,3,0.333,1.0,35,7.7%,0.20,0,NA,NA,NA,NA,NA,0.029,NA,7,@ TB,16,Q,12.5,-10.8
6,421,Matthew Stafford,QB,37.6,LAR,26.0,26,26,9.34,9.34,9.34,1,1,1,53,53,2,65.4%,118,26,17,9,9,0,98.40,182,2,1,181,6.96,10.65,0,0,0,0,0,0,0,0,0.0,0.0,4,0,0,1,0,NA,1,0.25,100.0%,NA,NA,NA,0,NA,10,30,NA,NA,NA,NA,NA,10,38.5%,2.89,3.8%,13.8%,8.6,NA,29,182,@ BAL,2,·,18.5,-9.2
6,1479,Keenan Allen,WR,33.4,LAC,50.0,54,63,6.7,4.7,2.7,1,1,0,64,36,1,0.0%,0,0,0,0,0,0,0.00,0,0,0,0,0.00,0.00,4,18,1,2,0,7,9,27,6.8,3.9,0,0,0,27,0,NA,0,0,56.3%,NA,NA,NA,0,NA,2,7,0.286,2.0,27,19.4%,1.00,0,NA,NA,NA,NA,NA,0.074,NA,27,@ MIA,21,·,13.7,-7.0
6,8126,Wan'Dale Robinson,WR,24.7,NYG,9.0,10,11,20.4,17.4,14.4,1,1,1,66,67,0,0.0%,0,0,0,0,0,0,0.00,0,0,0,0,0.00,0.00,6,36,0,2,1,7,48,84,14.0,12.0,0,0,0,84,0,NA,0,0,101.5%,NA,NA,NA,0,NA,3,7,0.429,3.0,27,26.9%,3.11,0,NA,NA,NA,NA,NA,0.074,NA,84,vs PHI,15,·,11.5,8.9
6,8131,Isaiah Likely,TE,25.4,BAL,43.0,45,51,2.6,1.6,0.6,1,1,1,78,63,1,0.0%,0,0,0,0,0,0,0.00,0,0,0,0,0.00,0.00,2,8,0,0,0,2,-2,6,3.0,3.0,0,0,0,6,0,NA,0,0,80.8%,NA,NA,NA,0,NA,0,2,0.000,0.0,32,5.9%,0.19,0,NA,NA,NA,NA,NA,0.000,NA,6,vs LAR,13,·,7.1,-4.5
6,4033,David Njoku,TE,29.2,CLE,30.0,31,29,5.8,4.3,2.8,1,1,1,82,36,0,0.0%,0,0,0,0,0,0,0.00,0,0,0,0,0.00,0.00,3,19,1,1,0,6,9,28,9.3,4.7,0,0,0,28,0,NA,0,0,43.9%,NA,NA,NA,0,NA,1,6,0.167,1.0,22,11.5%,1.27,0,NA,NA,NA,NA,NA,0.045,NA,28,@ PIT,16,Q,9.1,-3.3
6,10444,Cedric Tillman,WR,25.4,CLE,999.0,999,999,0,0,0,1,0,0,0,0,0,0.0%,0,0,0,0,0,0,0.00,0,0,0,0,0.00,0.00,0,0,0,0,0,0,0,0,0.0,0.0,0,0,0,0,0,NA,0,0,NA,NA,NA,NA,0,NA,0,0,NA,NA,NA,NA,NA,0,NA,NA,NA,NA,NA,NA,NA,0,@ PIT,22,IR,IR,IR
6,7002,Juwan Johnson,TE,29.0,NO,53.0,58,58,1.5,0.5,-0.5,1,1,1,56,40,1,0.0%,0,0,0,0,0,0,0.00,0,0,0,0,0.00,0.00,2,4,0,0,0,2,11,15,7.5,7.5,0,0,0,15,0,NA,0,0,71.4%,NA,NA,NA,0,NA,0,2,0.000,0.0,24,7.7%,0.63,0,NA,NA,NA,NA,NA,0.000,NA,15,vs NE,5,·,8.8,-7.3
6,11576,Braelon Allen,RB,21.7,NYJ,999.0,999,999,0,0,0,1,0,0,0,0,0,0.0%,0,0,0,0,0,0,0.00,0,0,0,0,0.00,0.00,0,0,0,0,0,0,0,0,0.0,0.0,0,0,0,0,0,NA,0,0,NA,NA,NA,NA,0,NA,0,0,NA,NA,NA,NA,NA,0,NA,NA,NA,NA,NA,NA,NA,0,vs DEN,19,IR,IR,IR
6,1373,Geno Smith,QB,35.0,LV,24.0,24,24,9.66,9.66,9.66,1,1,1,61,61,0,73.9%,52,23,17,8,6,1,91.60,171,2,1,174,7.57,10.24,0,0,0,0,0,0,0,0,0.0,0.0,4,0,0,-3,0,NA,-3,-0.75,100.0%,NA,NA,NA,0,NA,9,27,NA,NA,NA,NA,NA,9,39.1%,2.77,0.0%,32.0%,2.7,NA,25,171,vs TEN,23,·,19.2,-9.5
6,6768,Tua Tagovailoa,QB,27.6,MIA,25.0,25,25,9.6,9.6,9.6,1,1,1,59,59,0,65.6%,114,32,21,9,11,3,54.80,209,2,1,205,6.41,9.76,0,0,0,0,0,0,0,0,0.0,0.0,1,0,0,4,0,NA,4,4,100.0%,NA,NA,NA,0,NA,10,33,NA,NA,NA,NA,NA,10,31.3%,2.72,6.3%,25.7%,6.6,NA,35,209,vs LAC,18,·,18.1,-8.5
6,9504,Kayshon Boutte,WR,23.4,NE,4.0,4,4,26.3,23.8,21.3,1,1,1,64,43,0,0.0%,0,0,0,0,0,0,0.00,0,0,0,0,0.00,0.00,5,82,0,3,2,5,11,93,18.6,18.6,0,0,0,93,0,NA,0,0,67.2%,NA,NA,NA,0,NA,5,5,1.000,5.0,21,19.2%,4.43,0,NA,NA,NA,NA,NA,0.143,NA,93,@ NO,19,·,6.9,19.4
6,12509,Tre Harris,WR,23.6,LAC,48.0,53,62,6.7,4.7,2.7,1,1,1,64,53,0,0.0%,0,0,0,0,0,0,0.00,0,0,0,0,0.00,0.00,4,8,0,1,0,5,19,27,6.8,5.4,0,0,0,27,0,NA,0,0,82.8%,NA,NA,NA,0,NA,1,5,0.200,1.0,32,13.9%,0.84,0,NA,NA,NA,NA,NA,0.031,NA,27,@ MIA,21,·,7.2,-0.5
6,8121,Romeo Doubs,WR,25.5,GB,30.0,33,35,10.5,8,5.5,1,1,1,61,52,0,0.0%,0,0,0,0,0,0,0.00,0,0,0,0,0.00,0.00,5,45,0,4,0,9,10,55,11.0,6.1,0,0,0,55,0,NA,0,0,85.2%,NA,NA,NA,0,NA,4,9,0.444,4.0,24,34.6%,2.29,0,NA,NA,NA,NA,NA,0.167,NA,55,vs CIN,11,·,10.4,0.1
6,12469,Dylan Sampson,RB,21.0,CLE,45.0,49,48,4.4,3.4,2.4,1,1,0,82,15,0,0.0%,0,0,0,0,0,0,0.00,12,0,0,0,0.00,0.00,2,0,0,1,0,2,12,12,6.0,6.0,3,0,0,24,0,9,12,4,18.3%,0,3.10,0.000,0,0.310,1,5,0.200,1.0,NA,3.8%,NA,0,NA,NA,NA,NA,NA,NA,NA,24,@ PIT,23,·,2.1,2.3
6,11586,Blake Corum,RB,24.8,LAR,54.0,51,49,2.3,2.3,2.3,1,1,0,53,12,0,0.0%,0,0,0,0,0,0,0.00,23,0,0,0,0.00,0.00,0,0,0,0,0,0,0,0,0.0,0.0,5,1,1,23,0,12,23,4.6,22.6%,1,2.40,0.200,1,0.440,1,5,0.200,1.0,NA,0.0%,NA,0,NA,NA,NA,NA,NA,NA,NA,23,@ BAL,2,Q,4.2,-1.9
6,12541,Dont'e Thornton,WR,22.8,LV,999.0,999,999,0,0,0,1,1,0,61,2,0,0.0%,0,0,0,0,0,0,0.00,0,0,0,0,0.00,0.00,0,0,0,0,0,0,0,0,0.0,0.0,0,0,0,0,0,NA,0,0,3.3%,NA,NA,NA,0,NA,0,0,NA,0.0,NA,NA,NA,0,NA,NA,NA,NA,NA,NA,NA,0,vs TEN,9,·,4.9,-4.9
6,8676,Rashid Shaheed,WR,27.1,NO,47.0,52,57,6.8,4.8,2.8,1,1,1,56,34,0,0.0%,0,0,0,0,0,0,0.00,0,0,0,0,0.00,0.00,4,18,0,1,0,6,10,28,7.0,4.7,0,0,0,28,0,NA,0,0,60.7%,NA,NA,NA,0,NA,1,6,0.167,1.0,21,23.1%,1.33,0,NA,NA,NA,NA,NA,0.048,NA,28,vs NE,7,·,10.8,-4.0
6,12510,Jalen Milroe,QB,22.8,SEA,0.0,0,0,0,0,0,0,0,0,0,0,0,0.0%,0,0,0,0,0,0,0.00,0,0,0,0,0.00,0.00,0,0,0,0,0,0,0,0,0.0,0.0,0,0,0,0,0,NA,0,0,NA,NA,NA,NA,0,NA,0,0,NA,NA,NA,NA,NA,0,NA,NA,NA,NA,NA,NA,NA,0,@ JAX,26,OUT,OUT,OUT
6,12474,Woody Marks,RB,24.8,HOU,0.0,0,0,0,0,0,0,0,0,0,0,0,0.0%,0,0,0,0,0,0,0.00,0,0,0,0,0.00,0.00,0,0,0,0,0,0,0,0,0.0,0.0,0,0,0,0,0,NA,0,0,NA,NA,NA,NA,0,NA,0,0,NA,NA,NA,NA,NA,0,NA,NA,NA,NA,NA,NA,NA,0,BYE,BYE,BYE,BYE,BYE
6,4981,Calvin Ridley,WR,30.8,TEN,87.0,83,76,2.8,2.3,1.8,1,1,1,61,6,0,0.0%,0,0,0,0,0,0,0.00,0,0,0,0,0.00,0.00,1,14,0,1,0,1,4,18,18.0,18.0,0,0,0,18,0,NA,0,0,9.8%,NA,NA,NA,0,NA,1,1,1.000,1.0,4,2.6%,4.50,0,NA,NA,NA,NA,NA,0.250,NA,18,@ LV,4,OUT,10.3,-7.5
6,7090,Darnell Mooney,WR,27.9,ATL,0.0,0,0,0,0,0,0,0,0,0,0,0,0.0%,0,0,0,0,0,0,0.00,0,0,0,0,0.00,0.00,0,0,0,0,0,0,0,0,0.0,0.0,0,0,0,0,0,NA,0,0,NA,NA,NA,NA,0,NA,0,0,NA,NA,NA,NA,NA,0,NA,NA,NA,NA,NA,NA,NA,0,vs BUF,20,OUT,OUT,OUT
6,10213,Tre Tucker,WR,24.6,LV,24.0,27,29,12,9.5,7,1,1,1,61,56,0,0.0%,0,0,0,0,0,0,0.00,0,0,0,0,0.00,0.00,5,13,0,4,0,5,57,70,14.0,14.0,0,0,0,70,0,NA,0,0,91.8%,NA,NA,NA,0,NA,4,5,0.800,4.0,24,21.7%,2.92,0,NA,NA,NA,NA,NA,0.167,NA,70,vs TEN,9,·,9.1,2.9
6,11655,Tyrone Tracy,RB,25.8,NYG,66.0,66,62,0.6,0.6,0.6,1,1,0,66,21,0,0.0%,0,0,0,0,0,0,0.00,6,0,0,0,0.00,0.00,0,0,0,0,0,0,0,0,0.0,0.0,4,0,0,6,0,8,6,1.5,31.8%,1,1.90,0.250,0,0.440,0,4,0.000,0.0,NA,0.0%,NA,0,NA,NA,NA,NA,NA,NA,NA,6,vs PHI,8,·,5.6,-5.0
6,8205,Isiah Pacheco,RB,26.6,KC,35.0,33,28,6.1,5.6,5.1,1,1,1,64,49,0,0.0%,0,0,0,0,0,0,0.00,51,0,0,0,0.00,0.00,1,-5,1,0,0,3,5,0,0.0,0.0,12,0,3,51,0,36,51,4.25,76.6%,2,3.00,0.167,3,0.467,3,15,0.200,3.0,NA,10.0%,NA,0,NA,NA,NA,NA,NA,NA,NA,51,vs DET,26,·,7.3,-1.2
6,12521,Elijah Arroyo,TE,22.5,SEA,51.0,51,50,1.6,1.1,0.6,1,1,0,55,25,0,0.0%,0,0,0,0,0,0,0.00,0,0,0,0,0.00,0.00,1,4,1,0,0,2,2,6,6.0,3.0,0,0,0,6,0,NA,0,0,45.5%,NA,NA,NA,0,NA,0,2,0.000,0.0,15,7.4%,0.40,0,NA,NA,NA,NA,NA,0.000,NA,6,@ JAX,27,·,3.3,-1.7
6,12498,Mason Taylor,TE,21.4,NYJ,56.0,55,55,1.2,0.7,0.2,1,1,1,57,55,0,0.0%,0,0,0,0,0,0,0.00,0,0,0,0,0.00,0.00,1,2,0,0,0,1,0,2,2.0,2.0,0,0,0,2,0,NA,0,0,96.5%,NA,NA,NA,0,NA,0,1,0.000,0.0,22,5.9%,0.09,0,NA,NA,NA,NA,NA,0.000,NA,2,vs DEN,24,·,8.0,-6.8
6,5012,Mark Andrews,TE,30.1,BAL,27.0,29,34,6.6,4.6,2.6,1,1,1,78,61,0,0.0%,0,0,0,0,0,0,0.00,2,0,0,0,0.00,0.00,4,24,0,2,0,6,0,24,6.0,4.0,3,0,1,26,0,NA,2,0.67,78.2%,NA,NA,NA,1,NA,3,9,0.333,3.0,27,17.6%,0.89,0,NA,NA,NA,NA,NA,0.074,NA,26,vs LAR,13,·,9.4,-2.8
6,7571,Rashod Bateman,WR,25.8,BAL,91.0,91,90,1.8,1.3,0.8,1,1,1,78,44,0,0.0%,0,0,0,0,0,0,0.00,0,0,0,0,0.00,0.00,1,3,0,0,0,1,5,8,8.0,8.0,0,0,0,8,0,NA,0,0,56.4%,NA,NA,NA,0,NA,0,1,0.000,0.0,22,5.9%,0.36,0,NA,NA,NA,NA,NA,0.000,NA,8,vs LAR,12,·,10.0,-8.2
6,11618,Jalen McMillan,WR,23.8,TB,999.0,999,999,0,0,0,1,0,0,0,0,0,0.0%,0,0,0,0,0,0,0.00,0,0,0,0,0.00,0.00,0,0,0,0,0,0,0,0,0.0,0.0,0,0,0,0,0,NA,0,0,NA,NA,NA,NA,0,NA,0,0,NA,NA,NA,NA,NA,0,NA,NA,NA,NA,NA,NA,NA,0,vs SF,18,IR,IR,IR
6,9508,Tyjae Spears,RB,24.3,TEN,21.0,27,29,9,7,5,1,1,0,61,36,0,0.0%,0,0,0,0,0,0,0.00,31,0,0,0,0.00,0.00,4,-13,0,0,0,4,32,19,4.8,4.8,5,1,2,50,0,20,31,6.2,59.0%,5,4.00,1.000,2,1.400,2,9,0.222,2.0,NA,10.5%,NA,0,NA,NA,NA,NA,NA,NA,NA,50,@ LV,10,·,6.9,2.1
6,11646,Jalen Coker,WR,23.9,CAR,999.0,999,999,0,0,0,1,0,0,0,0,0,0.0%,0,0,0,0,0,0,0.00,0,0,0,0,0.00,0.00,0,0,0,0,0,0,0,0,0.0,0.0,0,0,0,0,0,NA,0,0,NA,NA,NA,NA,0,NA,0,0,NA,NA,NA,NA,NA,0,NA,NA,NA,NA,NA,NA,NA,0,vs DAL,1,IR,IR,IR
6,9494,Marvin Mims,WR,23.5,DEN,69.0,67,59,4.8,3.8,2.8,1,1,0,60,21,1,0.0%,0,0,0,0,0,0,0.00,-2,0,0,0,0.00,0.00,2,-2,0,1,0,3,32,30,15.0,10.0,1,0,0,28,0,NA,-2,-2,35.0%,NA,NA,NA,0,NA,1,4,0.250,1.0,12,10.0%,2.50,0,NA,NA,NA,NA,NA,0.083,NA,28,@ NYJ,13,·,7.1,-2.3
6,12536,Jaylin Noel,WR,23.1,HOU,0.0,0,0,0,0,0,0,0,0,0,0,0,0.0%,0,0,0,0,0,0,0.00,0,0,0,0,0.00,0.00,0,0,0,0,0,0,0,0,0.0,0.0,0,0,0,0,0,NA,0,0,NA,NA,NA,NA,0,NA,0,0,NA,NA,NA,NA,NA,0,NA,NA,NA,NA,NA,NA,NA,0,BYE,BYE,BYE,BYE,BYE
6,8132,Tyler Allgeier,RB,25.4,ATL,16.0,15,15,10.8,10.3,9.8,1,1,0,70,22,0,0.0%,0,0,0,0,0,0,0.00,32,0,0,0,0.00,0.00,1,-8,0,0,0,1,14,6,6.0,6.0,10,1,2,38,1,42,32,3.2,31.4%,3,4.20,0.300,3,0.720,3,11,0.273,3.0,NA,3.1%,NA,0,NA,NA,NA,NA,NA,NA,NA,38,vs BUF,13,·,6.7,4.1
6,7611,Rhamondre Stevenson,RB,27.6,NE,57.0,55,52,1.8,1.8,1.8,1,1,1,64,46,0,0.0%,0,0,0,0,0,0,0.00,18,0,0,0,0.00,0.00,0,0,0,0,0,1,0,0,0.0,0.0,13,0,1,18,0,22,18,1.38,71.9%,1,1.70,0.077,1,0.247,1,14,0.071,1.0,NA,3.8%,NA,0,NA,NA,NA,NA,NA,NA,NA,18,@ NO,11,·,10.9,-9.1
6,8154,Brian Robinson,RB,26.5,SF,49.0,52,59,3.8,2.3,0.8,1,1,0,69,5,0,0.0%,0,0,0,0,0,0,0.00,0,0,0,0,0.00,0.00,3,2,0,0,0,3,6,8,2.7,2.7,0,0,0,8,0,0,0,0,7.2%,0,0.00,NA,0,NA,0,3,0.000,0.0,NA,7.7%,NA,0,NA,NA,NA,NA,NA,NA,NA,8,@ TB,17,·,3.9,-0.1
6,5022,Dallas Goedert,TE,30.7,PHI,1.0,1,1,26,21.5,17,1,1,1,57,51,0,0.0%,0,0,0,0,0,0,0.00,0,0,0,0,0.00,0.00,9,88,0,5,1,11,22,110,12.2,10.0,0,0,0,110,0,NA,0,0,89.5%,NA,NA,NA,0,NA,6,11,0.545,6.0,30,33.3%,3.67,0,NA,NA,NA,NA,NA,0.167,NA,110,@ NYG,23,·,9.4,16.6
6,12534,Kyle Monangai,RB,23.3,CHI,38.0,37,32,5.4,4.9,4.4,1,1,0,64,22,0,0.0%,0,0,0,0,0,0,0.00,19,0,0,0,0.00,0.00,1,-4,0,1,0,1,29,25,25.0,25.0,5,1,0,44,0,14,19,3.8,34.4%,1,2.70,0.200,0,0.470,1,6,0.167,1.0,NA,3.4%,NA,0,NA,NA,NA,NA,NA,NA,NA,44,@ WAS,21,·,4.0,1.4
6,12547,Kyle Williams,WR,22.9,NE,999.0,999,999,0,0,0,1,1,0,64,14,0,0.0%,0,0,0,0,0,0,0.00,0,0,0,0,0.00,0.00,0,0,0,0,0,2,0,0,0.0,0.0,0,0,0,0,0,NA,0,0,21.9%,NA,NA,NA,0,NA,0,2,0.000,0.0,NA,NA,NA,0,NA,NA,NA,NA,NA,NA,NA,0,@ NO,19,·,2.8,-2.8
6,11600,Ja'Tavion Sanders,TE,22.5,CAR,0.0,0,0,0,0,0,0,0,0,0,0,0,0.0%,0,0,0,0,0,0,0.00,0,0,0,0,0.00,0.00,0,0,0,0,0,0,0,0,0.0,0.0,0,0,0,0,0,NA,0,0,NA,NA,NA,NA,0,NA,0,0,NA,NA,NA,NA,NA,0,NA,NA,NA,NA,NA,NA,NA,0,vs DAL,9,OUT,OUT,OUT
6,4199,Aaron Jones,RB,30.8,MIN,0.0,0,0,0,0,0,0,0,0,0,0,0,0.0%,0,0,0,0,0,0,0.00,0,0,0,0,0.00,0.00,0,0,0,0,0,0,0,0,0.0,0.0,0,0,0,0,0,NA,0,0,NA,NA,NA,NA,0,NA,0,0,NA,NA,NA,NA,NA,0,NA,NA,NA,NA,NA,NA,NA,0,BYE,BYE,BYE,BYE,BYE
6,12471,DJ Giddens,RB,22.1,IND,999.0,999,999,0,0,0,1,1,0,59,2,0,0.0%,0,0,0,0,0,0,0.00,0,0,0,0,0.00,0.00,0,0,0,0,0,0,0,0,0.0,0.0,0,0,0,0,0,NA,0,0,3.4%,NA,NA,NA,0,NA,0,0,NA,0.0,NA,NA,NA,0,NA,NA,NA,NA,NA,NA,NA,0,vs ARI,12,·,1.5,-1.5
6,3214,Hunter Henry,TE,30.8,NE,32.0,33,32,5.7,4.2,2.7,1,1,1,64,53,0,0.0%,0,0,0,0,0,0,0.00,0,0,0,0,0.00,0.00,3,13,0,1,0,3,14,27,9.0,9.0,0,0,0,27,0,NA,0,0,82.8%,NA,NA,NA,0,NA,1,3,0.333,1.0,18,11.5%,1.50,0,NA,NA,NA,NA,NA,0.056,NA,27,@ NO,4,·,10.0,-4.3
6,1466,Travis Kelce,TE,36.0,KC,9.0,10,13,13.8,10.8,7.8,1,1,1,64,45,0,0.0%,0,0,0,0,0,0,0.00,0,0,0,0,0.00,0.00,6,46,1,6,0,7,32,78,13.0,11.1,0,0,0,78,0,NA,0,0,70.3%,NA,NA,NA,0,NA,6,7,0.857,6.0,24,23.3%,3.25,0,NA,NA,NA,NA,NA,0.250,NA,78,vs DET,18,·,10.5,3.3
6,8125,Calvin Austin III,WR,26.5,PIT,0.0,0,0,0,0,0,0,0,0,0,0,0,0.0%,0,0,0,0,0,0,0.00,0,0,0,0,0.00,0.00,0,0,0,0,0,0,0,0,0.0,0.0,0,0,0,0,0,NA,0,0,NA,NA,NA,NA,0,NA,0,0,NA,NA,NA,NA,NA,0,NA,NA,NA,NA,NA,NA,NA,0,vs CLE,8,OUT,OUT,OUT
6,12483,Jack Bech,WR,22.8,LV,999.0,999,999,0,0,0,1,1,1,61,46,0,0.0%,0,0,0,0,0,0,0.00,0,0,0,0,0.00,0.00,0,0,0,0,0,1,0,0,0.0,0.0,0,0,0,0,0,NA,0,0,75.4%,NA,NA,NA,0,NA,0,1,0.000,0.0,NA,NA,NA,0,NA,NA,NA,NA,NA,NA,NA,0,vs TEN,9,·,3.8,-3.8
6,5848,Marquise Brown,WR,28.3,KC,8.0,8,5,20.5,18.5,16.5,1,1,0,64,33,0,0.0%,0,0,0,0,0,0,0.00,0,0,0,0,0.00,0.00,4,31,0,2,2,4,14,45,11.3,11.3,0,0,0,45,0,NA,0,0,51.6%,NA,NA,NA,0,NA,4,4,1.000,4.0,21,13.3%,2.14,0,NA,NA,NA,NA,NA,0.095,NA,45,vs DET,6,·,7.8,12.7
6,11562,Spencer Rattler,QB,25.0,NO,23.0,23,23,11.08,11.08,11.08,1,1,1,56,55,0,76.9%,128,26,20,7,6,0,102.60,247,2,0,227,8.73,11.35,0,0,0,0,0,0,0,0,0.0,0.0,4,0,3,20,0,NA,20,5,98.2%,NA,NA,NA,3,NA,10,30,NA,NA,NA,NA,NA,7,26.9%,2.63,11.5%,46.7%,8.2,NA,30,247,vs NE,12,·,17.8,-6.7
6,12487,Terrance Ferguson,TE,22.6,LAR,999.0,999,999,0,0,0,1,1,0,53,17,0,0.0%,0,0,0,0,0,0,0.00,0,0,0,0,0.00,0.00,0,0,0,0,0,0,0,0,0.0,0.0,1,0,0,0,0,NA,0,0,32.1%,NA,NA,NA,0,NA,0,1,0.000,0.0,NA,NA,NA,0,NA,NA,NA,NA,NA,NA,NA,0,@ BAL,10,·,1.8,-1.8
6,8210,Chigoziem Okonkwo,TE,26.0,TEN,15.0,22,25,10.6,7.6,4.6,1,1,0,61,35,0,0.0%,0,0,0,0,0,0,0.00,0,0,0,0,0.00,0.00,6,7,0,2,0,6,39,46,7.7,7.7,0,0,0,46,0,NA,0,0,57.4%,NA,NA,NA,0,NA,2,6,0.333,2.0,28,15.8%,1.64,0,NA,NA,NA,NA,NA,0.071,NA,46,@ LV,25,·,6.2,4.4
6,9486,Dontayvion Wicks,WR,24.3,GB,80.0,81,81,3.5,2.5,1.5,1,1,1,61,21,0,0.0%,0,0,0,0,0,0,0.00,0,0,0,0,0.00,0.00,2,11,0,1,0,2,4,15,7.5,7.5,0,0,0,15,0,NA,0,0,34.4%,NA,NA,NA,0,NA,1,2,0.500,1.0,10,7.7%,1.50,0,NA,NA,NA,NA,NA,0.100,NA,15,vs CIN,11,Q,7.0,-3.5
6,12457,Jaydon Blue,RB,21.7,DAL,999.0,999,999,0,0,0,1,1,0,55,5,0,0.0%,0,0,0,0,0,0,0.00,0,0,0,0,0.00,0.00,0,0,0,0,0,0,0,0,0.0,0.0,3,0,0,0,0,NA,0,0,9.1%,NA,NA,NA,0,NA,0,3,0.000,0.0,NA,NA,NA,0,NA,NA,NA,NA,NA,NA,NA,0,@ CAR,16,·,4.5,-4.5
6,8188,Tyquan Thornton,WR,25.1,KC,999.0,999,999,0,0,0,1,1,0,64,17,0,0.0%,0,0,0,0,0,0,0.00,0,0,0,0,0.00,0.00,0,0,0,0,0,0,0,0,0.0,0.0,0,0,0,0,0,NA,0,0,26.6%,NA,NA,NA,0,NA,0,0,NA,0.0,NA,NA,NA,0,NA,NA,NA,NA,NA,NA,NA,0,vs DET,6,·,5.5,-5.5
6,8136,Rachaad White,RB,26.7,TB,10.0,10,12,17.6,16.1,14.6,1,1,1,53,41,0,0.0%,0,0,0,0,0,0,0.00,65,0,0,0,0.00,0.00,3,-4,0,1,0,3,25,21,7.0,7.0,17,1,5,86,1,61,65,3.82,77.4%,5,3.60,0.294,6,0.654,7,20,0.350,7.0,NA,13.0%,NA,0,NA,NA,NA,NA,NA,NA,NA,86,vs SF,14,·,17.9,-0.3
6,4039,Cooper Kupp,WR,32.3,SEA,25.0,22,20,12,11,10,1,1,1,55,39,0,0.0%,0,0,0,0,0,0,0.00,0,0,0,0,0.00,0.00,2,23,0,1,1,3,17,40,20.0,13.3,0,0,0,40,0,NA,0,0,70.9%,NA,NA,NA,0,NA,2,3,0.667,2.0,23,11.1%,1.74,0,NA,NA,NA,NA,NA,0.043,NA,40,@ JAX,24,·,10.9,1.1
6,2449,Stefon Diggs,WR,31.8,NE,55.0,56,54,5.8,4.3,2.8,1,1,1,64,38,0,0.0%,0,0,0,0,0,0,0.00,0,0,0,0,0.00,0.00,3,14,0,2,0,3,14,28,9.3,9.3,0,0,0,28,0,NA,0,0,59.4%,NA,NA,NA,0,NA,2,3,0.667,2.0,19,11.5%,1.47,0,NA,NA,NA,NA,NA,0.105,NA,28,@ NO,19,·,14.0,-8.2
6,8167,Christian Watson,WR,26.4,GB,999.0,999,999,0,0,0,1,0,0,0,0,0,0.0%,0,0,0,0,0,0,0.00,0,0,0,0,0.00,0.00,0,0,0,0,0,0,0,0,0.0,0.0,0,0,0,0,0,NA,0,0,NA,NA,NA,NA,0,NA,0,0,NA,NA,NA,NA,NA,0,NA,NA,NA,NA,NA,NA,NA,0,vs CIN,11,PUP,PUP,PUP
6,8142,Alec Pierce,WR,25.4,IND,46.0,45,40,6.8,5.8,4.8,1,1,0,59,48,0,0.0%,0,0,0,0,0,0,0.00,0,0,0,0,0.00,0.00,2,32,0,2,0,4,16,48,24.0,12.0,0,0,0,48,0,NA,0,0,81.4%,NA,NA,NA,0,NA,2,4,0.500,2.0,26,13.3%,1.85,0,NA,NA,NA,NA,NA,0.077,NA,48,vs ARI,14,·,7.2,-0.4
6,9502,Tank Dell,WR,25.9,HOU,0.0,0,0,0,0,0,0,0,0,0,0,0,0.0%,0,0,0,0,0,0,0.00,0,0,0,0,0.00,0.00,0,0,0,0,0,0,0,0,0.0,0.0,0,0,0,0,0,NA,0,0,NA,NA,NA,NA,0,NA,0,0,NA,NA,NA,NA,NA,0,NA,NA,NA,NA,NA,NA,NA,0,BYE,BYE,BYE,BYE,BYE
6,11583,Jonathon Brooks,RB,22.2,CAR,999.0,999,999,0,0,0,1,0,0,0,0,0,0.0%,0,0,0,0,0,0,0.00,0,0,0,0,0.00,0.00,0,0,0,0,0,0,0,0,0.0,0.0,0,0,0,0,0,NA,0,0,NA,NA,NA,NA,0,NA,0,0,NA,NA,NA,NA,NA,0,NA,NA,NA,NA,NA,NA,NA,0,vs DAL,5,PUP,PUP,PUP
6,11625,Adonai Mitchell,WR,23.0,IND,0.0,0,0,0,0,0,0,0,0,0,0,0,0.0%,0,0,0,0,0,0,0.00,0,0,0,0,0.00,0.00,0,0,0,0,0,0,0,0,0.0,0.0,0,0,0,0,0,NA,0,0,NA,NA,NA,NA,0,NA,0,0,NA,NA,NA,NA,NA,0,NA,NA,NA,NA,NA,NA,NA,0,vs ARI,14,OUT,OUT,OUT
6,4988,Nick Chubb,RB,29.8,HOU,0.0,0,0,0,0,0,0,0,0,0,0,0,0.0%,0,0,0,0,0,0,0.00,0,0,0,0,0.00,0.00,0,0,0,0,0,0,0,0,0.0,0.0,0,0,0,0,0,NA,0,0,NA,NA,NA,NA,0,NA,0,0,NA,NA,NA,NA,NA,0,NA,NA,NA,NA,NA,NA,NA,0,BYE,BYE,BYE,BYE,BYE
6,8111,Cade Otton,TE,26.4,TB,18.0,21,22,10.1,7.6,5.1,1,1,1,53,53,0,0.0%,0,0,0,0,0,0,0.00,0,0,0,0,0.00,0.00,5,20,0,2,0,6,31,51,10.2,8.5,0,0,0,51,0,NA,0,0,100.0%,NA,NA,NA,0,NA,2,6,0.333,2.0,22,26.1%,2.32,0,NA,NA,NA,NA,NA,0.091,NA,51,vs SF,3,·,7.1,3.0
6,12492,Pat Bryant,WR,22.8,DEN,73.0,71,69,4.2,3.2,2.2,1,1,0,60,35,0,0.0%,0,0,0,0,0,0,0.00,0,0,0,0,0.00,0.00,2,10,0,2,0,2,12,22,11.0,11.0,0,0,0,22,0,NA,0,0,58.3%,NA,NA,NA,0,NA,2,2,1.000,2.0,18,6.7%,1.22,0,NA,NA,NA,NA,NA,0.111,NA,22,@ NYJ,13,·,2.2,2.0
6,9229,Anthony Richardson,QB,23.4,IND,0.0,0,0,0,0,0,0,0,0,0,0,0,0.0%,0,0,0,0,0,0,0.00,0,0,0,0,0.00,0.00,0,0,0,0,0,0,0,0,0.0,0.0,0,0,0,0,0,NA,0,0,NA,NA,NA,NA,0,NA,0,0,NA,NA,NA,NA,NA,0,NA,NA,NA,NA,NA,NA,NA,0,vs ARI,25,OUT,OUT,OUT
6,1339,Zach Ertz,TE,34.9,WAS,5.0,6,6,16.3,13.3,10.3,1,1,1,65,39,0,0.0%,0,0,0,0,0,0,0.00,0,0,0,0,0.00,0.00,6,32,0,2,1,6,11,43,7.2,7.2,0,0,0,43,0,NA,0,0,60.0%,NA,NA,NA,0,NA,3,6,0.500,3.0,26,23.1%,1.65,0,NA,NA,NA,NA,NA,0.077,NA,43,vs CHI,21,·,9.3,7.0
6,9501,Demario Douglas,WR,24.8,NE,16.0,14,13,16.1,14.6,13.1,1,1,0,64,16,0,0.0%,0,0,0,0,0,0,0.00,0,0,0,0,0.00,0.00,3,37,0,1,1,4,34,71,23.7,17.8,0,0,0,71,0,NA,0,0,25.0%,NA,NA,NA,0,NA,2,4,0.500,2.0,11,15.4%,6.45,0,NA,NA,NA,NA,NA,0.091,NA,71,@ NO,19,·,3.1,13.0
6,11575,Ray Davis,RB,25.9,BUF,17.0,17,18,9.9,8.9,7.9,1,1,0,57,2,0,0.0%,0,0,0,0,0,0,0.00,0,0,0,0,0.00,0.00,2,2,0,1,1,2,17,19,9.5,9.5,0,0,0,19,0,0,0,0,3.5%,0,0.00,NA,0,NA,2,2,1.000,2.0,NA,7.7%,NA,0,NA,NA,NA,NA,NA,NA,NA,19,@ ATL,32,·,6.1,3.8
6,4018,Joe Mixon,RB,29.2,HOU,0.0,0,0,0,0,0,0,0,0,0,0,0,0.0%,0,0,0,0,0,0,0.00,0,0,0,0,0.00,0.00,0,0,0,0,0,0,0,0,0.0,0.0,0,0,0,0,0,NA,0,0,NA,NA,NA,NA,0,NA,0,0,NA,NA,NA,NA,NA,0,NA,NA,NA,NA,NA,NA,NA,0,BYE,BYE,BYE,BYE,BYE
6,4066,Evan Engram,TE,31.1,DEN,19.0,23,23,9.9,7.4,4.9,1,1,0,60,28,0,0.0%,0,0,0,0,0,0,0.00,7,0,0,0,0.00,0.00,5,29,0,4,0,6,13,42,8.4,7.0,1,0,0,49,0,NA,7,7,46.7%,NA,NA,NA,0,NA,4,7,0.571,4.0,14,20.0%,3.00,0,NA,NA,NA,NA,NA,0.286,NA,49,@ NYJ,7,·,7.2,2.7
6,12531,Trevor Etienne,RB,21.2,CAR,59.0,56,53,1.7,1.7,1.7,1,1,0,67,8,0,0.0%,0,0,0,0,0,0,0.00,17,0,0,0,0.00,0.00,0,0,0,0,0,0,0,0,0.0,0.0,3,0,3,17,0,10,17,5.67,11.9%,0,3.40,0.000,3,0.340,3,3,1.000,3.0,NA,0.0%,NA,0,NA,NA,NA,NA,NA,NA,NA,17,vs DAL,5,·,5.4,-3.7
6,4137,James Conner,RB,30.4,ARI,999.0,999,999,0,0,0,1,0,0,0,0,0,0.0%,0,0,0,0,0,0,0.00,0,0,0,0,0.00,0.00,0,0,0,0,0,0,0,0,0.0,0.0,0,0,0,0,0,NA,0,0,NA,NA,NA,NA,0,NA,0,0,NA,NA,NA,NA,NA,0,NA,NA,NA,NA,NA,NA,NA,0,@ IND,24,IR,IR,IR
6,9757,Kendre Miller,RB,23.3,NO,47.0,46,44,4.2,3.7,3.2,1,1,0,56,22,0,0.0%,0,0,0,0,0,0,0.00,21,0,0,0,0.00,0.00,1,3,0,1,0,1,8,11,11.0,11.0,8,1,2,32,0,18,21,2.63,39.3%,3,2.20,0.375,2,0.595,3,9,0.333,3.0,NA,3.8%,NA,0,NA,NA,NA,NA,NA,NA,NA,32,vs NE,27,·,7.6,-3.4
6,96,Aaron Rodgers,QB,41.8,PIT,16.0,16,16,17.5,17.5,17.5,1,1,1,59,56,0,70.0%,103,30,21,9,9,0,115.30,236,0,2,235,7.83,11.19,0,0,0,0,0,0,0,0,0.0,0.0,1,0,0,1,0,NA,1,1,94.9%,NA,NA,NA,0,NA,11,31,NA,NA,NA,NA,NA,11,36.7%,2.73,13.3%,32.3%,7.5,NA,31,236,vs CLE,24,·,17.3,0.2
6,4144,Jonnu Smith,TE,30.1,PIT,31.0,32,30,5.8,4.3,2.8,1,1,1,59,41,0,0.0%,0,0,0,0,0,0,0.00,10,0,0,0,0.00,0.00,3,2,0,1,0,4,16,18,6.0,4.5,1,2,1,28,0,NA,10,10,69.5%,NA,NA,NA,1,NA,2,5,0.400,2.0,19,13.3%,0.95,0,NA,NA,NA,NA,NA,0.053,NA,28,vs CLE,19,·,8.2,-2.4
6,11610,Malik Washington,WR,24.7,MIA,52.0,55,67,6.3,4.3,2.3,1,1,0,59,26,0,0.0%,0,0,0,0,0,0,0.00,1,0,0,0,0.00,0.00,4,4,0,2,0,5,18,22,5.5,4.4,1,0,0,23,0,NA,1,1,44.1%,NA,NA,NA,0,NA,2,6,0.333,2.0,17,15.2%,1.29,0,NA,NA,NA,NA,NA,0.118,NA,23,vs LAC,25,·,6.3,0.0
6,7600,Pat Freiermuth,TE,26.9,PIT,45.0,44,44,2.1,1.6,1.1,1,1,0,59,21,0,0.0%,0,0,0,0,0,0,0.00,0,0,0,0,0.00,0.00,1,4,0,0,0,1,7,11,11.0,11.0,0,0,0,11,0,NA,0,0,35.6%,NA,NA,NA,0,NA,0,1,0.000,0.0,13,3.3%,0.85,0,NA,NA,NA,NA,NA,0.000,NA,11,vs CLE,19,·,5.6,-3.5
6,6111,Jake Browning,QB,29.5,CIN,999.0,999,999,0,0,0,1,0,0,65,0,0,0.0%,0,0,0,0,0,0,0.00,0,0,0,0,0.00,0.00,0,0,0,0,0,0,0,0,0.0,0.0,0,0,0,0,0,NA,0,0,0.0%,NA,NA,NA,0,NA,0,0,NA,NA,NA,NA,NA,0,NA,NA,NA,NA,NA,NA,NA,0,@ GB,27,·,·,·
6,4950,Christian Kirk,WR,28.9,HOU,0.0,0,0,0,0,0,0,0,0,0,0,0,0.0%,0,0,0,0,0,0,0.00,0,0,0,0,0.00,0.00,0,0,0,0,0,0,0,0,0.0,0.0,0,0,0,0,0,NA,0,0,NA,NA,NA,NA,0,NA,0,0,NA,NA,NA,NA,NA,0,NA,NA,NA,NA,NA,NA,NA,0,BYE,BYE,BYE,BYE,BYE
6,6826,Cole Kmet,TE,26.6,CHI,58.0,57,999,1,0.5,0,1,1,1,64,33,0,0.0%,0,0,0,0,0,0,0.00,0,0,0,0,0.00,0.00,1,-5,0,0,0,2,5,0,0.0,0.0,0,0,0,0,0,NA,0,0,51.6%,NA,NA,NA,0,NA,0,2,0.000,0.0,11,6.9%,0.00,0,NA,NA,NA,NA,NA,0.000,NA,0,@ WAS,11,·,7.0,-6.0
6,11626,Xavier Legette,WR,24.7,CAR,82.0,86,86,3.1,2.1,1.1,1,1,1,67,49,1,0.0%,0,0,0,0,0,0,0.00,0,0,0,0,0.00,0.00,2,-2,0,1,0,2,13,11,5.5,5.5,0,0,0,11,0,NA,0,0,73.1%,NA,NA,NA,0,NA,1,2,0.500,1.0,24,8.0%,0.46,0,NA,NA,NA,NA,NA,0.042,NA,11,vs DAL,1,·,7.3,-4.2
6,12505,Jalen Royals,WR,22.6,KC,999.0,999,999,0,0,0,1,1,0,64,1,0,0.0%,0,0,0,0,0,0,0.00,0,0,0,0,0.00,0.00,0,0,0,0,0,0,0,0,0.0,0.0,0,0,0,0,0,NA,0,0,1.6%,NA,NA,NA,0,NA,0,0,NA,0.0,NA,NA,NA,0,NA,NA,NA,NA,NA,NA,NA,0,vs DET,6,·,0.1,-0.1
6,9225,Tank Bigsby,RB,24.1,PHI,999.0,999,999,0,0,0,1,1,0,57,0,0,0.0%,0,0,0,0,0,0,0.00,0,0,0,0,0.00,0.00,0,0,0,0,0,0,0,0,0.0,0.0,0,0,0,0,0,NA,0,0,0.0%,NA,NA,NA,0,NA,0,0,NA,0.0,NA,NA,NA,0,NA,NA,NA,NA,NA,NA,NA,0,@ NYG,6,·,·,·
6,12493,Oronde Gadsden,TE,22.3,LAC,12.0,17,24,11.8,8.3,4.8,1,1,1,64,48,1,0.0%,0,0,0,0,0,0,0.00,0,0,0,0,0.00,0.00,7,32,0,3,0,8,36,68,9.7,8.5,0,0,0,68,0,NA,0,0,75.0%,NA,NA,NA,0,NA,3,8,0.375,3.0,26,19.4%,2.62,0,NA,NA,NA,NA,NA,0.115,NA,68,@ MIA,6,·,5.0,6.8
6,12455,Brashard Smith,RB,22.5,KC,40.0,47,51,5.1,3.6,2.1,1,1,0,64,6,0,0.0%,0,0,0,0,0,0,0.00,0,0,0,0,0.00,0.00,3,-10,0,0,0,4,31,21,7.0,5.3,0,0,0,21,0,0,0,0,9.4%,1,0.00,NA,0,NA,0,4,0.000,0.0,NA,13.3%,NA,0,NA,NA,NA,NA,NA,NA,NA,21,vs DET,26,·,4.2,0.9
6,7527,Mac Jones,QB,27.1,SF,22.0,22,22,13.18,13.18,13.18,1,1,1,69,69,1,69.2%,182,39,27,10,12,2,75.50,360,6,0,347,8.90,12.85,0,0,0,0,0,0,0,0,0.0,0.0,5,0,2,13,0,NA,13,2.6,100.0%,NA,NA,NA,2,NA,12,44,NA,NA,NA,NA,NA,10,25.6%,2.69,10.3%,32.6%,8.1,NA,46,360,@ TB,4,·,17.8,-4.6
6,12524,Shedeur Sanders,QB,23.6,CLE,999.0,999,999,0,0,0,1,0,0,82,0,0,0.0%,0,0,0,0,0,0,0.00,0,0,0,0,0.00,0.00,0,0,0,0,0,0,0,0,0.0,0.0,0,0,0,0,0,NA,0,0,0.0%,NA,NA,NA,0,NA,0,0,NA,NA,NA,NA,NA,0,NA,NA,NA,NA,NA,NA,NA,0,@ PIT,9,·,·,·
6,12486,Dillon Gabriel,QB,24.8,CLE,27.0,27,27,8.84,8.84,8.84,1,1,1,82,82,0,55.8%,116,52,29,10,23,0,66.30,221,6,0,221,4.25,7.62,0,0,0,0,0,0,0,0,0.0,0.0,0,0,0,0,0,NA,0,0,100.0%,NA,NA,NA,0,NA,10,52,NA,NA,NA,NA,NA,10,19.2%,2.61,3.8%,41.4%,5.8,NA,58,221,@ PIT,9,·,18.2,-9.4
6,11597,Theo Johnson,TE,24.6,NYG,35.0,34,31,4.7,3.7,2.7,1,1,1,66,62,0,0.0%,0,0,0,0,0,0,0.00,0,0,0,0,0.00,0.00,2,15,1,1,0,4,12,27,13.5,6.8,0,0,0,27,0,NA,0,0,93.9%,NA,NA,NA,0,NA,1,4,0.250,1.0,23,15.4%,1.17,0,NA,NA,NA,NA,NA,0.043,NA,27,vs PHI,29,·,7.6,-2.9
6,12503,Isaiah Bond,WR,21.5,CLE,85.0,87,88,2.9,1.9,0.9,1,1,0,82,71,0,0.0%,0,0,0,0,0,0,0.00,0,0,0,0,0.00,0.00,2,7,1,1,0,5,2,9,4.5,1.8,0,0,0,9,0,NA,0,0,86.6%,NA,NA,NA,0,NA,1,5,0.200,1.0,52,9.6%,0.17,0,NA,NA,NA,NA,NA,0.019,NA,9,@ PIT,22,·,7.9,-5.0
6,11577,Will Shipley,RB,23.1,PHI,999.0,999,999,0,0,0,1,1,0,57,3,0,0.0%,0,0,0,0,0,0,0.00,0,0,0,0,0.00,0.00,0,0,0,0,0,0,0,0,0.0,0.0,0,0,0,0,0,NA,0,0,5.3%,NA,NA,NA,0,NA,0,0,NA,0.0,NA,NA,NA,0,NA,NA,NA,NA,NA,NA,NA,0,@ NYG,6,·,2.4,-2.4
6,11643,Jaylen Wright,RB,22.5,MIA,0.0,0,0,0,0,0,0,0,0,0,0,0,0.0%,0,0,0,0,0,0,0.00,0,0,0,0,0.00,0.00,0,0,0,0,0,0,0,0,0.0,0.0,0,0,0,0,0,NA,0,0,NA,NA,NA,NA,0,NA,0,0,NA,NA,NA,NA,NA,0,NA,NA,NA,NA,NA,NA,NA,0,vs LAC,25,OUT,OUT,OUT
6,7670,Joshua Palmer,WR,26.0,BUF,42.0,37,32,8,7,6,1,1,1,57,6,0,0.0%,0,0,0,0,0,0,0.00,0,0,0,0,0.00,0.00,2,55,0,2,0,2,5,60,30.0,30.0,0,0,0,60,0,NA,0,0,10.5%,NA,NA,NA,0,NA,2,2,1.000,2.0,5,7.7%,12.00,0,NA,NA,NA,NA,NA,0.400,NA,60,@ ATL,30,·,6.0,2.0
6,9482,Michael Mayer,TE,24.2,LV,6.0,5,5,16,13.5,11,1,1,1,61,56,0,0.0%,0,0,0,0,0,0,0.00,0,0,0,0,0.00,0.00,5,11,0,2,1,7,39,50,10.0,7.1,0,0,0,50,0,NA,0,0,91.8%,NA,NA,NA,0,NA,3,7,0.429,3.0,21,30.4%,2.38,0,NA,NA,NA,NA,NA,0.095,NA,50,vs TEN,22,·,7.1,8.9
6,9487,Parker Washington,WR,23.5,JAX,65.0,62,53,4.9,3.9,2.9,1,1,0,76,25,1,0.0%,0,0,0,0,0,0,0.00,0,0,0,0,0.00,0.00,2,22,0,2,0,4,7,29,14.5,7.3,0,0,0,29,0,NA,0,0,32.9%,NA,NA,NA,0,NA,2,4,0.500,2.0,18,9.5%,1.61,0,NA,NA,NA,NA,NA,0.111,NA,29,vs SEA,17,·,5.4,-0.5
6,11596,Ben Sinnott,TE,23.3,WAS,999.0,999,999,0,0,0,1,1,0,65,17,0,0.0%,0,0,0,0,0,0,0.00,0,0,0,0,0.00,0.00,0,0,0,0,0,0,0,0,0.0,0.0,0,0,0,0,0,NA,0,0,26.2%,NA,NA,NA,0,NA,0,0,NA,0.0,NA,NA,NA,0,NA,NA,NA,NA,NA,NA,NA,0,vs CHI,21,·,0.7,-0.7
6,12545,Tyler Shough,QB,26.0,NO,999.0,999,999,0,0,0,1,0,0,56,0,0,0.0%,0,0,0,0,0,0,0.00,0,0,0,0,0.00,0.00,0,0,0,0,0,0,0,0,0.0,0.0,0,0,0,0,0,NA,0,0,0.0%,NA,NA,NA,0,NA,0,0,NA,NA,NA,NA,NA,0,NA,NA,NA,NA,NA,NA,NA,0,vs NE,12,·,·,·
6,7567,Kenneth Gainwell,RB,26.5,PIT,18.0,29,39,9.6,6.6,3.6,1,1,0,59,20,0,0.0%,0,0,0,0,0,0,0.00,22,0,0,0,0.00,0.00,6,-11,0,0,0,6,25,14,2.3,2.3,6,0,2,36,0,19,22,3.67,33.9%,1,3.10,0.167,2,0.477,2,12,0.167,2.0,NA,20.0%,NA,0,NA,NA,NA,NA,NA,NA,NA,36,vs CLE,28,·,9.2,0.4
6,12543,Tahj Brooks,RB,23.4,CIN,999.0,999,999,0,0,0,1,1,0,65,0,0,0.0%,0,0,0,0,0,0,0.00,0,0,0,0,0.00,0.00,0,0,0,0,0,0,0,0,0.0,0.0,0,0,0,0,0,NA,0,0,0.0%,NA,NA,NA,0,NA,0,0,NA,0.0,NA,NA,NA,0,NA,NA,NA,NA,NA,NA,NA,0,@ GB,31,·,2.7,-2.7
6,10219,Chris Rodriguez,RB,25.0,WAS,999.0,999,999,0,0,0,1,1,0,65,1,0,0.0%,0,0,0,0,0,0,0.00,0,0,0,0,0.00,0.00,0,0,0,0,0,0,0,0,0.0,0.0,0,0,0,0,0,NA,0,0,1.5%,NA,NA,NA,0,NA,0,0,NA,0.0,NA,NA,NA,0,NA,NA,NA,NA,NA,NA,NA,0,vs CHI,7,Q,6.3,-6.3
6,7587,Dyami Brown,WR,25.9,JAX,79.0,77,75,4,3,2,1,1,1,76,49,0,0.0%,0,0,0,0,0,0,0.00,7,0,0,0,0.00,0.00,2,13,0,0,0,5,0,13,6.5,2.6,1,0,1,20,0,NA,7,7,64.5%,NA,NA,NA,1,NA,1,6,0.167,1.0,32,11.9%,0.41,0,NA,NA,NA,NA,NA,0.000,NA,20,vs SEA,17,·,6.2,-2.2
6,9511,Keaton Mitchell,RB,23.7,BAL,999.0,999,999,0,0,0,1,1,0,78,2,0,0.0%,0,0,0,0,0,0,0.00,0,0,0,0,0.00,0.00,0,0,0,0,0,0,0,0,0.0,0.0,0,0,0,0,0,NA,0,0,2.6%,NA,NA,NA,0,NA,0,0,NA,0.0,NA,NA,NA,0,NA,NA,NA,NA,NA,NA,NA,0,vs LAR,30,·,3.7,-3.7
6,11569,Jarquez Hunter,RB,22.8,LAR,999.0,999,999,0,0,0,1,1,0,53,0,0,0.0%,0,0,0,0,0,0,0.00,0,0,0,0,0.00,0.00,0,0,0,0,0,0,0,0,0.0,0.0,0,0,0,0,0,NA,0,0,0.0%,NA,NA,NA,0,NA,0,0,NA,0.0,NA,NA,NA,0,NA,NA,NA,NA,NA,NA,NA,0,@ BAL,2,·,0.5,-0.5
6,5001,Dalton Schultz,TE,29.2,HOU,0.0,0,0,0,0,0,0,0,0,0,0,0,0.0%,0,0,0,0,0,0,0.00,0,0,0,0,0.00,0.00,0,0,0,0,0,0,0,0,0.0,0.0,0,0,0,0,0,NA,0,0,NA,NA,NA,NA,0,NA,0,0,NA,NA,NA,NA,NA,0,NA,NA,NA,NA,NA,NA,NA,0,BYE,BYE,BYE,BYE,BYE
6,12641,Jaylin Lane,WR,23.4,WAS,60.0,49,44,5.4,4.9,4.4,1,1,0,65,27,0,0.0%,0,0,0,0,0,0,0.00,7,0,0,0,0.00,0.00,1,27,0,1,0,2,10,37,37.0,18.5,1,0,0,44,0,NA,7,7,41.5%,NA,NA,NA,0,NA,1,3,0.333,1.0,11,7.7%,3.36,0,NA,NA,NA,NA,NA,0.091,NA,44,vs CHI,23,·,1.6,3.8
6,9506,Sean Tucker,RB,23.9,TB,25.0,19,17,8.5,8.5,8.5,1,1,0,53,12,0,0.0%,0,0,0,0,0,0,0.00,25,0,0,0,0.00,0.00,0,0,0,0,0,0,0,0,0.0,0.0,6,0,1,25,1,13,25,4.17,22.6%,0,2.20,0.000,2,0.220,2,6,0.333,2.0,NA,0.0%,NA,0,NA,NA,NA,NA,NA,NA,NA,25,vs SF,14,·,7.6,0.9
6,12476,Devin Neal,RB,22.1,NO,999.0,999,999,0,0,0,1,1,0,56,0,0,0.0%,0,0,0,0,0,0,0.00,0,0,0,0,0.00,0.00,0,0,0,0,0,0,0,0,0.0,0.0,0,0,0,0,0,NA,0,0,0.0%,NA,NA,NA,0,NA,0,0,NA,0.0,NA,NA,NA,0,NA,NA,NA,NA,NA,NA,NA,0,vs NE,27,·,1.2,-1.2
6,7021,Rico Dowdle,RB,27.3,CAR,2.0,2,1,33.9,31.9,29.9,1,1,1,67,59,1,0.0%,0,0,0,0,0,0,0.00,183,0,0,0,0.00,0.00,4,20,0,2,1,5,36,56,14.0,11.2,30,1,10,239,0,126,183,6.1,88.1%,9,4.20,0.300,10,0.720,13,35,0.371,13.0,NA,20.0%,NA,0,NA,NA,NA,NA,NA,NA,NA,239,vs DAL,5,·,16.2,17.7
6,10232,Michael Wilson,WR,25.6,ARI,40.0,41,43,8.4,6.4,4.4,1,1,1,73,55,0,0.0%,0,0,0,0,0,0,0.00,0,0,0,0,0.00,0.00,4,35,0,2,0,5,9,44,11.0,8.8,0,0,0,44,0,NA,0,0,75.3%,NA,NA,NA,0,NA,2,5,0.400,2.0,37,11.4%,1.19,0,NA,NA,NA,NA,NA,0.054,NA,44,@ IND,5,Q,6.0,2.4
6,12670,KeAndre Lambert-Smith,WR,24.0,LAC,97.0,97,99,1.1,0.6,0.1,1,1,1,64,18,0,0.0%,0,0,0,0,0,0,0.00,0,0,0,0,0.00,0.00,1,-2,0,0,0,2,3,1,1.0,0.5,0,0,0,1,0,NA,0,0,28.1%,NA,NA,NA,0,NA,0,2,0.000,0.0,8,5.6%,0.13,0,NA,NA,NA,NA,NA,0.000,NA,1,@ MIA,21,·,4.7,-3.6
6,11630,Roman Wilson,WR,24.3,PIT,90.0,89,85,2.2,1.7,1.2,1,1,0,59,15,0,0.0%,0,0,0,0,0,0,0.00,0,0,0,0,0.00,0.00,1,5,0,1,0,1,7,12,12.0,12.0,0,0,0,12,0,NA,0,0,25.4%,NA,NA,NA,0,NA,1,1,1.000,1.0,8,3.3%,1.50,0,NA,NA,NA,NA,NA,0.125,NA,12,vs CLE,8,·,4.1,-1.9
6,8180,Jalen Nailor,WR,26.6,MIN,0.0,0,0,0,0,0,0,0,0,0,0,0,0.0%,0,0,0,0,0,0,0.00,0,0,0,0,0.00,0.00,0,0,0,0,0,0,0,0,0.0,0.0,0,0,0,0,0,NA,0,0,NA,NA,NA,NA,0,NA,0,0,NA,NA,NA,NA,NA,0,NA,NA,NA,NA,NA,NA,NA,0,BYE,BYE,BYE,BYE,BYE
6,11651,Isaac Guerendo,RB,25.2,SF,999.0,999,999,0,0,0,1,1,0,69,0,0,0.0%,0,0,0,0,0,0,0.00,0,0,0,0,0.00,0.00,0,0,0,0,0,0,0,0,0.0,0.0,0,0,0,0,0,NA,0,0,0.0%,NA,NA,NA,0,NA,0,0,NA,0.0,NA,NA,NA,0,NA,NA,NA,NA,NA,NA,NA,0,@ TB,17,·,·,·
6,11557,Joe Milton,QB,25.6,DAL,999.0,999,999,0,0,0,1,0,0,55,0,0,0.0%,0,0,0,0,0,0,0.00,0,0,0,0,0.00,0.00,0,0,0,0,0,0,0,0,0.0,0.0,0,0,0,0,0,NA,0,0,0.0%,NA,NA,NA,0,NA,0,0,NA,NA,NA,NA,NA,0,NA,NA,NA,NA,NA,NA,NA,0,@ CAR,20,·,·,·
6,7528,Najee Harris,RB,27.6,LAC,999.0,999,999,0,0,0,1,0,0,0,0,0,0.0%,0,0,0,0,0,0,0.00,0,0,0,0,0.00,0.00,0,0,0,0,0,0,0,0,0.0,0.0,0,0,0,0,0,NA,0,0,NA,NA,NA,NA,0,NA,0,0,NA,NA,NA,NA,NA,0,NA,NA,NA,NA,NA,NA,NA,0,@ MIA,4,IR,IR,IR
6,11603,AJ Barner,TE,23.4,SEA,17.0,15,16,10.1,8.6,7.1,1,1,1,55,43,0,0.0%,0,0,0,0,0,0,0.00,0,0,0,0,0.00,0.00,3,40,0,1,0,3,31,71,23.7,23.7,0,0,0,71,0,NA,0,0,78.2%,NA,NA,NA,0,NA,1,3,0.333,1.0,18,11.1%,3.94,0,NA,NA,NA,NA,NA,0.056,NA,71,@ JAX,27,·,7.7,2.4
6,1426,DeAndre Hopkins,WR,33.3,BAL,77.0,75,73,4,3,2,1,1,0,78,26,0,0.0%,0,0,0,0,0,0,0.00,0,0,0,0,0.00,0.00,2,16,0,2,0,4,4,20,10.0,5.0,0,0,0,20,0,NA,0,0,33.3%,NA,NA,NA,0,NA,2,4,0.500,2.0,16,11.8%,1.25,0,NA,NA,NA,NA,NA,0.125,NA,20,vs LAR,12,·,5.2,-1.2
6,12544,LeQuint Allen,RB,21.2,JAX,55.0,57,57,2.2,1.7,1.2,1,1,0,76,18,0,0.0%,0,0,0,0,0,0,0.00,2,0,0,0,0.00,0.00,1,4,0,0,0,2,6,10,10.0,5.0,1,0,0,12,0,2,2,2,23.7%,0,2.30,0.000,0,0.230,0,3,0.000,0.0,NA,4.8%,NA,0,NA,NA,NA,NA,NA,NA,NA,12,vs SEA,18,·,3.7,-1.5
6,12467,Jordan James,RB,21.5,SF,0.0,0,0,0,0,0,0,0,0,0,0,0,0.0%,0,0,0,0,0,0,0.00,0,0,0,0,0.00,0.00,0,0,0,0,0,0,0,0,0.0,0.0,0,0,0,0,0,NA,0,0,NA,NA,NA,NA,0,NA,0,0,NA,NA,NA,NA,NA,0,NA,NA,NA,NA,NA,NA,NA,0,@ TB,17,OUT,OUT,OUT
6,9481,Luke Musgrave,TE,25.1,GB,50.0,50,49,1.7,1.2,0.7,1,1,1,61,21,0,0.0%,0,0,0,0,0,0,0.00,0,0,0,0,0.00,0.00,1,6,0,0,0,2,1,7,7.0,3.5,0,0,0,7,0,NA,0,0,34.4%,NA,NA,NA,0,NA,0,2,0.000,0.0,10,7.7%,0.70,0,NA,NA,NA,NA,NA,0.000,NA,7,vs CIN,1,·,1.9,-0.2
6,11581,MarShawn Lloyd,RB,24.7,GB,999.0,999,999,0,0,0,1,0,0,0,0,0,0.0%,0,0,0,0,0,0,0.00,0,0,0,0,0.00,0.00,0,0,0,0,0,0,0,0,0.0,0.0,0,0,0,0,0,NA,0,0,NA,NA,NA,NA,0,NA,0,0,NA,NA,NA,NA,NA,0,NA,NA,NA,NA,NA,NA,NA,0,vs CIN,1,IR,IR,IR
6,11650,Luke McCaffrey,WR,24.5,WAS,31.0,25,23,10.3,9.8,9.3,1,1,0,65,25,0,0.0%,0,0,0,0,0,0,0.00,0,0,0,0,0.00,0.00,1,20,0,0,1,1,13,33,33.0,33.0,0,0,0,33,0,NA,0,0,38.5%,NA,NA,NA,0,NA,1,1,1.000,1.0,12,3.8%,2.75,0,NA,NA,NA,NA,NA,0.000,NA,33,vs CHI,23,·,1.5,8.8
6,8117,Jalen Tolbert,WR,26.6,DAL,92.0,92,91,1.8,1.3,0.8,1,1,1,55,50,0,0.0%,0,0,0,0,0,0,0.00,0,0,0,0,0.00,0.00,1,3,0,0,0,1,5,8,8.0,8.0,0,0,0,8,0,NA,0,0,90.9%,NA,NA,NA,0,NA,0,1,0.000,0.0,33,2.9%,0.24,0,NA,NA,NA,NA,NA,0.000,NA,8,@ CAR,29,·,8.4,-6.6
6,4098,Kareem Hunt,RB,30.1,KC,46.0,44,41,4.4,3.9,3.4,1,1,0,64,19,0,0.0%,0,0,0,0,0,0,0.00,23,0,0,0,0.00,0.00,1,-4,0,1,0,1,15,11,11.0,11.0,6,1,2,34,0,21,23,3.83,29.7%,3,3.50,0.500,2,0.850,3,7,0.429,3.0,NA,3.3%,NA,0,NA,NA,NA,NA,NA,NA,NA,34,vs DET,26,·,7.2,-2.8
6,7828,Noah Gray,TE,26.4,KC,36.0,35,35,4.5,3.5,2.5,1,1,1,64,48,0,0.0%,0,0,0,0,0,0,0.00,0,0,0,0,0.00,0.00,2,7,0,1,0,2,18,25,12.5,12.5,0,0,0,25,0,NA,0,0,75.0%,NA,NA,NA,0,NA,1,2,0.500,1.0,18,6.7%,1.39,0,NA,NA,NA,NA,NA,0.056,NA,25,vs DET,18,·,2.9,1.6
6,12482,Savion Williams,WR,23.8,GB,99.0,99,96,0.3,0.3,0.3,1,1,0,61,7,0,0.0%,0,0,0,0,0,0,0.00,3,0,0,0,0.00,0.00,0,0,0,0,0,0,0,0,0.0,0.0,1,0,0,3,0,NA,3,3,11.5%,NA,NA,NA,0,NA,0,1,0.000,0.0,4,0.0%,0.00,0,NA,NA,NA,NA,NA,0.000,NA,3,vs CIN,11,·,1.7,-1.4
6,12540,Chimere Dike,WR,23.8,TEN,86.0,88,89,2.8,1.8,0.8,1,1,0,61,34,0,0.0%,0,0,0,0,0,0,0.00,0,0,0,0,0.00,0.00,2,-5,0,0,0,3,13,8,4.0,2.7,0,0,0,8,0,NA,0,0,55.7%,NA,NA,NA,0,NA,0,3,0.000,0.0,28,7.9%,0.29,0,NA,NA,NA,NA,NA,0.000,NA,8,@ LV,4,·,3.3,-0.5
6,12502,Gunnar Helm,TE,23.1,TEN,39.0,40,41,3.5,2.5,1.5,1,1,1,61,29,0,0.0%,0,0,0,0,0,0,0.00,0,0,0,0,0.00,0.00,2,8,0,0,0,3,7,15,7.5,5.0,0,0,0,15,0,NA,0,0,47.5%,NA,NA,NA,0,NA,0,3,0.000,0.0,15,7.9%,1.00,0,NA,NA,NA,NA,NA,0.000,NA,15,@ LV,25,·,3.5,0.0
6,3161,Carson Wentz,QB,32.7,MIN,0.0,0,0,0,0,0,0,0,0,0,0,0,0.0%,0,0,0,0,0,0,0.00,0,0,0,0,0.00,0.00,0,0,0,0,0,0,0,0,0.0,0.0,0,0,0,0,0,NA,0,0,NA,NA,NA,NA,0,NA,0,0,NA,NA,NA,NA,NA,0,NA,NA,NA,NA,NA,NA,NA,0,BYE,BYE,BYE,BYE,BYE
6,8143,Jerome Ford,RB,26.0,CLE,30.0,34,45,8,5.5,3,1,1,0,82,33,0,0.0%,0,0,0,0,0,0,0.00,17,0,0,0,0.00,0.00,5,-4,0,0,0,6,17,13,2.6,2.2,2,8,2,30,0,15,17,8.5,40.2%,2,7.30,1.000,2,1.730,2,8,0.250,2.0,NA,11.5%,NA,0,NA,NA,NA,NA,NA,NA,NA,30,@ PIT,23,·,4.9,3.1
6,5857,Noah Fant,TE,27.8,CIN,26.0,27,33,6.7,4.7,2.7,1,1,0,65,32,0,0.0%,0,0,0,0,0,0,0.00,0,0,0,0,0.00,0.00,4,11,0,0,0,4,16,27,6.8,6.8,0,0,0,27,0,NA,0,0,49.2%,NA,NA,NA,0,NA,0,4,0.000,0.0,17,8.9%,1.59,0,NA,NA,NA,NA,NA,0.000,NA,27,@ GB,17,·,4.6,2.1
6,11629,Devontez Walker,WR,24.3,BAL,0.0,0,0,0,0,0,0,0,0,0,0,0,0.0%,0,0,0,0,0,0,0.00,0,0,0,0,0.00,0.00,0,0,0,0,0,0,0,0,0.0,0.0,0,0,0,0,0,NA,0,0,NA,NA,NA,NA,0,NA,0,0,NA,NA,NA,NA,NA,0,NA,NA,NA,NA,NA,NA,NA,0,vs LAR,12,OUT,OUT,OUT
6,10235,Roschon Johnson,RB,24.6,CHI,65.0,64,61,0.6,0.6,0.6,1,1,0,64,3,0,0.0%,0,0,0,0,0,0,0.00,6,0,0,0,0.00,0.00,0,0,0,0,0,0,0,0,0.0,0.0,1,0,0,6,0,5,6,6,4.7%,0,5.10,0.000,0,0.510,0,1,0.000,0.0,NA,0.0%,NA,0,NA,NA,NA,NA,NA,NA,NA,6,@ WAS,21,·,0.7,-0.1
6,19,Joe Flacco,QB,40.7,CIN,14.0,14,14,18.76,18.76,18.76,1,1,1,65,65,0,64.4%,126,45,29,10,16,0,90.90,219,1,2,219,4.87,7.55,0,0,0,0,0,0,0,0,0.0,0.0,0,0,0,0,0,NA,0,0,100.0%,NA,NA,NA,0,NA,12,45,NA,NA,NA,NA,NA,12,26.7%,2.63,4.4%,26.1%,6.0,NA,46,219,@ GB,9,·,14.8,4.0
6,5906,Dawson Knox,TE,28.9,BUF,22.0,16,12,8.9,8.4,7.9,1,1,1,57,46,0,0.0%,0,0,0,0,0,0,0.00,0,0,0,0,0.00,0.00,1,19,0,0,1,2,0,19,19.0,9.5,0,0,0,19,0,NA,0,0,80.7%,NA,NA,NA,0,NA,1,2,0.500,1.0,24,7.7%,0.79,0,NA,NA,NA,NA,NA,0.000,NA,19,@ ATL,32,·,3.3,5.6
6,11623,Jordan Whittington,WR,25.0,LAR,62.0,63,68,5.3,3.8,2.3,1,1,1,53,49,0,0.0%,0,0,0,0,0,0,0.00,0,0,0,0,0.00,0.00,3,3,1,1,0,4,20,23,7.7,5.8,0,0,0,23,0,NA,0,0,92.5%,NA,NA,NA,0,NA,1,4,0.250,1.0,23,15.4%,1.00,0,NA,NA,NA,NA,NA,0.043,NA,23,@ BAL,2,·,2.8,2.5
6,12511,Will Howard,QB,24.0,PIT,999.0,999,999,0,0,0,1,0,0,0,0,0,0.0%,0,0,0,0,0,0,0.00,0,0,0,0,0.00,0.00,0,0,0,0,0,0,0,0,0.0,0.0,0,0,0,0,0,NA,0,0,NA,NA,NA,NA,0,NA,0,0,NA,NA,NA,NA,NA,0,NA,NA,NA,NA,NA,NA,NA,0,vs CLE,24,IR,IR,IR
6,5995,Justice Hill,RB,27.9,BAL,20.0,28,33,9.4,6.9,4.4,1,1,0,78,35,0,0.0%,0,0,0,0,0,0,0.00,16,0,0,0,0.00,0.00,5,10,0,0,0,6,18,28,5.6,4.7,6,0,1,44,0,22,16,2.67,44.9%,2,3.60,0.333,1,0.693,1,12,0.083,1.0,NA,17.6%,NA,0,NA,NA,NA,NA,NA,NA,NA,44,vs LAR,30,·,6.1,3.3
6,8917,KaVontae Turpin,WR,29.2,DAL,0.0,0,0,0,0,0,0,0,0,0,0,0,0.0%,0,0,0,0,0,0,0.00,0,0,0,0,0.00,0.00,0,0,0,0,0,0,0,0,0.0,0.0,0,0,0,0,0,NA,0,0,NA,NA,NA,NA,0,NA,0,0,NA,NA,NA,NA,NA,0,NA,NA,NA,NA,NA,NA,NA,0,@ CAR,29,OUT,OUT,OUT
6,10226,Andrei Iosivas,WR,26.0,CIN,96.0,96,95,1.5,1,0.5,1,1,1,65,61,0,0.0%,0,0,0,0,0,0,0.00,0,0,0,0,0.00,0.00,1,4,3,0,0,4,1,5,5.0,1.3,0,0,0,5,0,NA,0,0,93.8%,NA,NA,NA,0,NA,0,4,0.000,0.0,41,8.9%,0.12,0,NA,NA,NA,NA,NA,0.000,NA,5,@ GB,28,·,5.0,-3.5
6,11571,Isaiah Davis,RB,23.6,NYJ,63.0,65,67,1.1,0.6,0.1,1,1,0,57,15,0,0.0%,0,0,0,0,0,0,0.00,2,0,0,0,0.00,0.00,1,-1,0,0,0,1,0,-1,-1.0,-1.0,2,0,0,1,0,4,2,1,26.3%,0,2.10,0.000,0,0.210,0,3,0.000,0.0,NA,5.9%,NA,0,NA,NA,NA,NA,NA,NA,NA,1,vs DEN,19,·,4.2,-3.1
6,8119,Jahan Dotson,WR,25.5,PHI,89.0,85,78,2.7,2.2,1.7,1,1,1,57,43,0,0.0%,0,0,0,0,0,0,0.00,0,0,0,0,0.00,0.00,1,12,0,1,0,2,5,17,17.0,8.5,0,0,0,17,0,NA,0,0,75.4%,NA,NA,NA,0,NA,1,2,0.500,1.0,31,6.1%,0.55,0,NA,NA,NA,NA,NA,0.032,NA,17,@ NYG,3,·,3.1,-0.4
6,12523,Jimmy Horn,WR,23.0,CAR,49.0,46,41,6.7,5.7,4.7,1,1,0,67,14,0,0.0%,0,0,0,0,0,0,0.00,11,0,0,0,0.00,0.00,2,23,0,1,0,2,13,36,18.0,18.0,1,0,1,47,0,NA,11,11,20.9%,NA,NA,NA,1,NA,2,3,0.667,2.0,5,8.0%,7.20,0,NA,NA,NA,NA,NA,0.200,NA,47,vs DAL,1,·,4.9,1.8
6,7596,Elijah Moore,WR,25.5,BUF,999.0,999,999,0,0,0,1,1,0,57,14,0,0.0%,0,0,0,0,0,0,0.00,0,0,0,0,0.00,0.00,0,0,0,0,0,2,0,0,0.0,0.0,0,0,0,0,0,NA,0,0,24.6%,NA,NA,NA,0,NA,0,2,0.000,0.0,NA,NA,NA,0,NA,NA,NA,NA,NA,NA,NA,0,@ ATL,30,·,2.2,-2.2
6,10218,Xavier Hutchinson,WR,25.3,HOU,0.0,0,0,0,0,0,0,0,0,0,0,0,0.0%,0,0,0,0,0,0,0.00,0,0,0,0,0.00,0.00,0,0,0,0,0,0,0,0,0.0,0.0,0,0,0,0,0,NA,0,0,NA,NA,NA,NA,0,NA,0,0,NA,NA,NA,NA,NA,0,NA,NA,NA,NA,NA,NA,NA,0,BYE,BYE,BYE,BYE,BYE
6,12542,Efton Chism,WR,23.9,NE,999.0,999,999,0,0,0,1,1,0,64,2,0,0.0%,0,0,0,0,0,0,0.00,0,0,0,0,0.00,0.00,0,0,0,0,0,0,0,0,0.0,0.0,0,0,0,0,0,NA,0,0,3.1%,NA,NA,NA,0,NA,0,0,NA,0.0,NA,NA,NA,0,NA,NA,NA,NA,NA,NA,NA,0,@ NO,19,·,0.6,-0.6
6,6151,Miles Sanders,RB,28.4,DAL,999.0,999,999,0,0,0,1,0,0,0,0,0,0.0%,0,0,0,0,0,0,0.00,0,0,0,0,0.00,0.00,0,0,0,0,0,0,0,0,0.0,0.0,0,0,0,0,0,NA,0,0,NA,NA,NA,NA,0,NA,0,0,NA,NA,NA,NA,NA,0,NA,NA,NA,NA,NA,NA,NA,0,@ CAR,16,IR,IR,IR
6,5955,Hunter Renfrow,WR,29.8,CAR,94.0,94,93,1.7,1.2,0.7,1,1,0,67,18,0,0.0%,0,0,0,0,0,0,0.00,0,0,0,0,0.00,0.00,1,6,0,1,0,2,1,7,7.0,3.5,0,0,0,7,0,NA,0,0,26.9%,NA,NA,NA,0,NA,1,2,0.500,1.0,10,8.0%,0.70,0,NA,NA,NA,NA,NA,0.100,NA,7,vs DAL,1,·,6.3,-4.6
6,6271,Olamide Zaccheaus,WR,28.2,CHI,67.0,65,56,4.8,3.8,2.8,1,1,1,64,54,0,0.0%,0,0,0,0,0,0,0.00,4,0,0,0,0.00,0.00,2,15,2,1,0,6,9,24,12.0,4.0,1,0,0,28,0,NA,4,4,84.4%,NA,NA,NA,0,NA,1,7,0.143,1.0,24,20.7%,1.00,0,NA,NA,NA,NA,NA,0.042,NA,28,@ WAS,10,·,3.8,1.0
6,12485,Tez Johnson,WR,23.4,TB,26.0,21,17,11.5,11,10.5,1,1,1,53,38,0,0.0%,0,0,0,0,0,0,0.00,0,0,0,0,0.00,0.00,1,45,0,0,1,3,0,45,45.0,15.0,0,0,0,45,0,NA,0,0,71.7%,NA,NA,NA,0,NA,1,3,0.333,1.0,20,13.0%,2.25,0,NA,NA,NA,NA,NA,0.000,NA,45,vs SF,18,·,7.5,4.0
6,6149,Darius Slayton,WR,28.7,NYG,0.0,0,0,0,0,0,0,0,0,0,0,0,0.0%,0,0,0,0,0,0,0.00,0,0,0,0,0.00,0.00,0,0,0,0,0,0,0,0,0.0,0.0,0,0,0,0,0,NA,0,0,NA,NA,NA,NA,0,NA,0,0,NA,NA,NA,NA,NA,0,NA,NA,NA,NA,NA,NA,NA,0,vs PHI,15,OUT,OUT,OUT
6,4040,JuJu Smith-Schuster,WR,28.8,KC,38.0,35,33,8.7,7.2,5.7,1,1,1,64,40,0,0.0%,0,0,0,0,0,0,0.00,0,0,0,0,0.00,0.00,3,8,0,2,0,3,49,57,19.0,19.0,0,0,0,57,0,NA,0,0,62.5%,NA,NA,NA,0,NA,2,3,0.667,2.0,19,10.0%,3.00,0,NA,NA,NA,NA,NA,0.105,NA,57,vs DET,6,·,6.3,2.4
6,4219,Jeremy McNichols,RB,29.8,WAS,34.0,36,40,6.5,5,3.5,1,1,0,65,21,0,0.0%,0,0,0,0,0,0,0.00,5,0,0,0,0.00,0.00,3,6,1,2,0,4,24,30,10.0,7.5,2,0,1,35,0,2,5,2.5,32.3%,0,1.10,0.000,1,0.110,3,6,0.500,3.0,NA,15.4%,NA,0,NA,NA,NA,NA,NA,NA,NA,35,vs CHI,7,·,6.6,-0.1
6,12500,Quinn Ewers,QB,22.4,MIA,0.0,0,0,0,0,0,0,0,0,0,0,0,0.0%,0,0,0,0,0,0,0.00,0,0,0,0,0.00,0.00,0,0,0,0,0,0,0,0,0.0,0.0,0,0,0,0,0,NA,0,0,NA,NA,NA,NA,0,NA,0,0,NA,NA,NA,NA,NA,0,NA,NA,NA,NA,NA,NA,NA,0,vs LAC,18,OUT,OUT,OUT
6,12496,Tai Felton,WR,22.5,MIN,0.0,0,0,0,0,0,0,0,0,0,0,0,0.0%,0,0,0,0,0,0,0.00,0,0,0,0,0.00,0.00,0,0,0,0,0,0,0,0,0.0,0.0,0,0,0,0,0,NA,0,0,NA,NA,NA,NA,0,NA,0,0,NA,NA,NA,NA,NA,0,NA,NA,NA,NA,NA,NA,NA,0,BYE,BYE,BYE,BYE,BYE
6,2307,Marcus Mariota,QB,31.9,WAS,999.0,999,999,0,0,0,1,0,0,65,0,0,0.0%,0,0,0,0,0,0,0.00,0,0,0,0,0.00,0.00,0,0,0,0,0,0,0,0,0.0,0.0,0,0,0,0,0,NA,0,0,0.0%,NA,NA,NA,0,NA,0,0,NA,NA,NA,NA,NA,0,NA,NA,NA,NA,NA,NA,NA,0,vs CHI,15,·,·,·
6,12516,Kalel Mullings,RB,23.0,TEN,999.0,999,999,0,0,0,1,0,0,0,0,0,0.0%,0,0,0,0,0,0,0.00,0,0,0,0,0.00,0.00,0,0,0,0,0,0,0,0,0.0,0.0,0,0,0,0,0,NA,0,0,NA,NA,NA,NA,0,NA,0,0,NA,NA,NA,NA,NA,0,NA,NA,NA,NA,NA,NA,NA,0,@ LV,10,IR,IR,IR
6,11821,Tahj Washington,WR,24.4,MIA,999.0,999,999,0,0,0,1,0,0,59,0,0,0.0%,0,0,0,0,0,0,0.00,0,0,0,0,0.00,0.00,0,0,0,0,0,0,0,0,0.0,0.0,0,0,0,0,0,NA,0,0,0.0%,NA,NA,NA,0,NA,0,0,NA,NA,NA,NA,NA,0,NA,NA,NA,NA,NA,NA,NA,0,vs LAC,25,·,·,·
6,4993,Mike Gesicki,TE,30.0,CIN,999.0,999,999,0,0,0,1,1,0,65,2,0,0.0%,0,0,0,0,0,0,0.00,0,0,0,0,0.00,0.00,0,0,0,0,0,0,0,0,0.0,0.0,0,0,0,0,0,NA,0,0,3.1%,NA,NA,NA,0,NA,0,0,NA,0.0,1,0.0%,0.00,0,NA,NA,NA,NA,NA,0.000,NA,0,@ GB,17,OUT,4.3,-4.3
6,9497,Jalin Hyatt,WR,24.0,NYG,70.0,74,79,4.7,3.2,1.7,1,1,0,66,29,0,0.0%,0,0,0,0,0,0,0.00,0,0,0,0,0.00,0.00,3,15,0,1,0,5,2,17,5.7,3.4,0,0,0,17,0,NA,0,0,43.9%,NA,NA,NA,0,NA,1,5,0.200,1.0,16,19.2%,1.06,0,NA,NA,NA,NA,NA,0.063,NA,17,vs PHI,15,·,3.4,1.3
6,11199,Emari Demercado,RB,26.7,ARI,67.0,67,65,0.1,0.1,0.1,1,1,0,73,3,0,0.0%,0,0,0,0,0,0,0.00,1,0,0,0,0.00,0.00,0,0,0,0,0,1,0,0,0.0,0.0,1,0,0,1,0,NA,1,1,4.1%,NA,NA,NA,0,NA,0,2,0.000,0.0,NA,NA,NA,0,NA,NA,NA,NA,NA,NA,NA,1,@ IND,24,Q,6.6,-6.5
6,1689,Adam Thielen,WR,35.1,MIN,0.0,0,0,0,0,0,0,0,0,0,0,0,0.0%,0,0,0,0,0,0,0.00,0,0,0,0,0.00,0.00,0,0,0,0,0,0,0,0,0.0,0.0,0,0,0,0,0,NA,0,0,NA,NA,NA,NA,0,NA,0,0,NA,NA,NA,NA,NA,0,NA,NA,NA,NA,NA,NA,NA,0,BYE,BYE,BYE,BYE,BYE
6,11435,Emanuel Wilson,RB,26.4,GB,58.0,59,60,1.7,1.2,0.7,1,1,0,61,11,0,0.0%,0,0,0,0,0,0,0.00,11,0,0,0,0.00,0.00,1,-5,0,0,0,1,1,-4,-4.0,-4.0,3,0,0,7,0,9,11,3.67,18.0%,0,3.00,0.000,0,0.300,0,4,0.000,0.0,NA,3.8%,NA,0,NA,NA,NA,NA,NA,NA,NA,7,vs CIN,1,·,3.1,-1.4
6,8161,Malik Willis,QB,26.3,GB,999.0,999,999,0,0,0,1,0,0,61,0,0,0.0%,0,0,0,0,0,0,0.00,0,0,0,0,0.00,0.00,0,0,0,0,0,0,0,0,0.0,0.0,0,0,0,0,0,NA,0,0,0.0%,NA,NA,NA,0,NA,0,0,NA,NA,NA,NA,NA,0,NA,NA,NA,NA,NA,NA,NA,0,vs CIN,7,·,·,·
6,8207,Tyler Goodson,RB,24.9,IND,0.0,0,0,0,0,0,0,0,0,0,0,0,0.0%,0,0,0,0,0,0,0.00,0,0,0,0,0.00,0.00,0,0,0,0,0,0,0,0,0.0,0.0,0,0,0,0,0,NA,0,0,NA,NA,NA,NA,0,NA,0,0,NA,NA,NA,NA,NA,0,NA,NA,NA,NA,NA,NA,NA,0,vs ARI,12,OUT,OUT,OUT
6,11640,Jermaine Burton,WR,24.2,CIN,0.0,0,0,0,0,0,0,0,0,0,0,0,0.0%,0,0,0,0,0,0,0.00,0,0,0,0,0.00,0.00,0,0,0,0,0,0,0,0,0.0,0.0,0,0,0,0,0,NA,0,0,NA,NA,NA,NA,0,NA,0,0,NA,NA,NA,NA,NA,0,NA,NA,NA,NA,NA,NA,NA,0,@ GB,28,OUT,OUT,OUT
6,6039,Ty Johnson,RB,28.0,BUF,53.0,54,55,2.6,2.1,1.6,1,1,0,57,24,0,0.0%,0,0,0,0,0,0,0.00,5,0,0,0,0.00,0.00,1,7,0,0,0,2,4,11,11.0,5.5,1,0,0,16,0,3,5,5,42.1%,0,2.60,0.000,0,0.260,0,3,0.000,0.0,NA,7.7%,NA,0,NA,NA,NA,NA,NA,NA,NA,16,@ ATL,32,·,4.4,-1.8
6,8698,Jake Tonges,TE,26.2,SF,13.0,14,21,11.8,8.8,5.8,1,1,0,69,57,0,0.0%,0,0,0,0,0,0,0.00,0,0,0,0,0.00,0.00,6,22,0,1,0,7,36,58,9.7,8.3,0,0,0,58,0,NA,0,0,82.6%,NA,NA,NA,0,NA,1,7,0.143,1.0,35,17.9%,1.66,0,NA,NA,NA,NA,NA,0.029,NA,58,@ TB,8,·,8.0,3.8
6,11599,Cade Stover,TE,25.3,HOU,0.0,0,0,0,0,0,0,0,0,0,0,0,0.0%,0,0,0,0,0,0,0.00,0,0,0,0,0.00,0.00,0,0,0,0,0,0,0,0,0.0,0.0,0,0,0,0,0,NA,0,0,NA,NA,NA,NA,0,NA,0,0,NA,NA,NA,NA,NA,0,NA,NA,NA,NA,NA,NA,NA,0,BYE,BYE,BYE,BYE,BYE
6,7562,Tutu Atwell,WR,26.0,LAR,0.0,0,0,0,0,0,0,0,0,0,0,0,0.0%,0,0,0,0,0,0,0.00,0,0,0,0,0.00,0.00,0,0,0,0,0,0,0,0,0.0,0.0,0,0,0,0,0,NA,0,0,NA,NA,NA,NA,0,NA,0,0,NA,NA,NA,NA,NA,0,NA,NA,NA,NA,NA,NA,NA,0,@ BAL,2,OUT,OUT,OUT
6,11439,Jaleel McLaughlin,RB,25.0,DEN,999.0,999,999,0,0,0,1,1,0,60,6,0,0.0%,0,0,0,0,0,0,0.00,0,0,0,0,0.00,0.00,0,0,1,0,0,1,0,0,0.0,0.0,1,0,0,0,0,NA,0,0,10.0%,NA,NA,NA,0,NA,0,2,0.000,0.0,NA,NA,NA,0,NA,NA,NA,NA,NA,NA,NA,0,@ NYJ,9,·,2.4,-2.4
6,11619,Ja'Lynn Polk,WR,23.5,NO,999.0,999,999,0,0,0,1,0,0,0,0,0,0.0%,0,0,0,0,0,0,0.00,0,0,0,0,0.00,0.00,0,0,0,0,0,0,0,0,0.0,0.0,0,0,0,0,0,NA,0,0,NA,NA,NA,NA,0,NA,0,0,NA,NA,NA,NA,NA,0,NA,NA,NA,NA,NA,NA,NA,0,vs NE,7,IR,IR,IR
6,8129,Dameon Pierce,RB,25.6,HOU,0.0,0,0,0,0,0,0,0,0,0,0,0,0.0%,0,0,0,0,0,0,0.00,0,0,0,0,0.00,0.00,0,0,0,0,0,0,0,0,0.0,0.0,0,0,0,0,0,NA,0,0,NA,NA,NA,NA,0,NA,0,0,NA,NA,NA,NA,NA,0,NA,NA,NA,NA,NA,NA,NA,0,BYE,BYE,BYE,BYE,BYE
6,9492,Trey Palmer,WR,24.5,NO,999.0,999,999,0,0,0,1,0,0,0,0,0,0.0%,0,0,0,0,0,0,0.00,0,0,0,0,0.00,0.00,0,0,0,0,0,0,0,0,0.0,0.0,0,0,0,0,0,NA,0,0,NA,NA,NA,NA,0,NA,0,0,NA,NA,NA,NA,NA,0,NA,NA,NA,NA,NA,NA,NA,0,vs NE,7,IR,IR,IR
6,11616,Jacob Cowing,WR,24.6,SF,999.0,999,999,0,0,0,1,0,0,0,0,0,0.0%,0,0,0,0,0,0,0.00,0,0,0,0,0.00,0.00,0,0,0,0,0,0,0,0,0.0,0.0,0,0,0,0,0,NA,0,0,NA,NA,NA,NA,0,NA,0,0,NA,NA,NA,NA,NA,0,NA,NA,NA,NA,NA,NA,NA,0,@ TB,16,IR,IR,IR
6,11834,Devaughn Vele,WR,27.8,NO,999.0,999,999,0,0,0,1,1,1,56,18,0,0.0%,0,0,0,0,0,0,0.00,0,0,0,0,0.00,0.00,0,0,0,0,0,0,0,0,0.0,0.0,0,0,0,0,0,NA,0,0,32.1%,NA,NA,NA,0,NA,0,0,NA,0.0,NA,NA,NA,0,NA,NA,NA,NA,NA,NA,NA,0,vs NE,7,·,2.2,-2.2
6,2306,Jameis Winston,QB,31.7,NYG,0.0,0,0,0,0,0,0,0,0,0,0,0,0.0%,0,0,0,0,0,0,0.00,0,0,0,0,0.00,0.00,0,0,0,0,0,0,0,0,0.0,0.0,0,0,0,0,0,NA,0,0,NA,NA,NA,NA,0,NA,0,0,NA,NA,NA,NA,NA,0,NA,NA,NA,NA,NA,NA,NA,0,vs PHI,16,OUT,OUT,OUT
6,12472,Raheim Sanders,RB,23.3,CLE,0.0,0,0,0,0,0,0,0,0,0,0,0,0.0%,0,0,0,0,0,0,0.00,0,0,0,0,0.00,0.00,0,0,0,0,0,0,0,0,0.0,0.0,0,0,0,0,0,NA,0,0,NA,NA,NA,NA,0,NA,0,0,NA,NA,NA,NA,NA,0,NA,NA,NA,NA,NA,NA,NA,0,@ PIT,23,OUT,OUT,OUT
6,5096,Ray-Ray McCloud,WR,29.0,ATL,0.0,0,0,0,0,0,0,0,0,0,0,0,0.0%,0,0,0,0,0,0,0.00,0,0,0,0,0.00,0.00,0,0,0,0,0,0,0,0,0.0,0.0,0,0,0,0,0,NA,0,0,NA,NA,NA,NA,0,NA,0,0,NA,NA,NA,NA,NA,0,NA,NA,NA,NA,NA,NA,NA,0,vs BUF,20,·,4.9,-4.9
6,8147,John Metchie,WR,25.2,PHI,999.0,999,999,0,0,0,1,1,0,57,3,0,0.0%,0,0,0,0,0,0,0.00,0,0,0,0,0.00,0.00,0,0,0,0,0,0,0,0,0.0,0.0,0,0,0,0,0,NA,0,0,5.3%,NA,NA,NA,0,NA,0,0,NA,0.0,NA,NA,NA,0,NA,NA,NA,NA,NA,NA,NA,0,@ NYG,3,·,0.9,-0.9
6,12462,Damien Martinez,RB,21.6,SEA,0.0,0,0,0,0,0,0,0,0,0,0,0,0.0%,0,0,0,0,0,0,0.00,0,0,0,0,0.00,0.00,0,0,0,0,0,0,0,0,0.0,0.0,0,0,0,0,0,NA,0,0,NA,NA,NA,NA,0,NA,0,0,NA,NA,NA,NA,NA,0,NA,NA,NA,NA,NA,NA,NA,0,@ JAX,29,·,·,·
6,9479,Darnell Washington,TE,24.1,PIT,21.0,20,18,9.2,7.7,6.2,1,1,1,59,47,1,0.0%,0,0,0,0,0,0,0.00,0,0,0,0,0.00,0.00,3,21,1,3,0,5,41,62,20.7,12.4,0,0,0,62,0,NA,0,0,79.7%,NA,NA,NA,0,NA,3,5,0.600,3.0,19,16.7%,3.26,0,NA,NA,NA,NA,NA,0.158,NA,62,vs CLE,19,·,2.4,6.8
6,4454,Kendrick Bourne,WR,30.2,SF,11.0,11,12,19.2,16.7,14.2,1,1,1,69,55,0,0.0%,0,0,0,0,0,0,0.00,0,0,0,0,0.00,0.00,5,81,0,4,0,9,61,142,28.4,15.8,0,0,0,142,0,NA,0,0,79.7%,NA,NA,NA,0,NA,4,9,0.444,4.0,39,23.1%,3.64,0,NA,NA,NA,NA,NA,0.103,NA,142,@ TB,16,·,11.3,7.9
6,6945,Antonio Gibson,RB,27.3,NE,999.0,999,999,0,0,0,1,0,0,0,0,0,0.0%,0,0,0,0,0,0,0.00,0,0,0,0,0.00,0.00,0,0,0,0,0,0,0,0,0.0,0.0,0,0,0,0,0,NA,0,0,NA,NA,NA,NA,0,NA,0,0,NA,NA,NA,NA,NA,0,NA,NA,NA,NA,NA,NA,NA,0,@ NO,11,IR,IR,IR
6,7694,Tommy Tremble,TE,25.3,CAR,24.0,26,26,7.9,5.9,3.9,1,1,1,67,49,0,0.0%,0,0,0,0,0,0,0.00,0,0,0,0,0.00,0.00,4,7,0,1,0,4,32,39,9.8,9.8,0,0,0,39,0,NA,0,0,73.1%,NA,NA,NA,0,NA,1,4,0.250,1.0,19,16.0%,2.05,0,NA,NA,NA,NA,NA,0.053,NA,39,vs DAL,9,·,5.5,2.4
6,12634,Jordan Watkins,WR,23.6,SF,0.0,0,0,0,0,0,0,0,0,0,0,0,0.0%,0,0,0,0,0,0,0.00,0,0,0,0,0.00,0.00,0,0,0,0,0,0,0,0,0.0,0.0,0,0,0,0,0,NA,0,0,NA,NA,NA,NA,0,NA,0,0,NA,NA,NA,NA,NA,0,NA,NA,NA,NA,NA,NA,NA,0,@ TB,16,OUT,OUT,OUT
6,12520,Xavier Restrepo,WR,23.5,TEN,999.0,999,999,0,0,0,1,0,0,0,0,0,0.0%,0,0,0,0,0,0,0.00,0,0,0,0,0.00,0.00,0,0,0,0,0,0,0,0,0.0,0.0,0,0,0,0,0,NA,0,0,NA,NA,NA,NA,0,NA,0,0,NA,NA,NA,NA,NA,0,NA,NA,NA,NA,NA,NA,NA,0,@ LV,4,·,·,·
6,6130,Devin Singletary,RB,28.1,NYG,64.0,61,58,1,1,1,1,1,0,66,4,0,0.0%,0,0,0,0,0,0,0.00,10,0,0,0,0.00,0.00,0,0,0,0,0,0,0,0,0.0,0.0,3,0,0,10,0,13,10,3.33,6.1%,2,4.20,0.667,0,1.087,0,3,0.000,0.0,NA,0.0%,NA,0,NA,NA,NA,NA,NA,NA,NA,10,vs PHI,8,·,1.3,-0.3
6,3271,Tyler Higbee,TE,32.7,LAR,8.0,7,8,14,12,10,1,1,1,53,35,0,0.0%,0,0,0,0,0,0,0.00,0,0,0,0,0.00,0.00,4,25,0,1,1,4,15,40,10.0,10.0,0,0,0,40,0,NA,0,0,66.0%,NA,NA,NA,0,NA,2,4,0.500,2.0,13,15.4%,3.08,0,NA,NA,NA,NA,NA,0.077,NA,40,@ BAL,10,·,3.9,10.1
6,5970,Greg Dortch,WR,27.3,ARI,32.0,32,30,9.9,8.4,6.9,1,1,1,73,32,0,0.0%,0,0,0,0,0,0,0.00,0,0,0,0,0.00,0.00,3,2,0,0,1,3,7,9,3.0,3.0,0,0,0,9,0,NA,0,0,43.8%,NA,NA,NA,0,NA,1,3,0.333,1.0,21,6.8%,0.43,0,NA,NA,NA,NA,NA,0.000,NA,9,@ IND,5,·,3.4,6.5
6,6943,Gabriel Davis,WR,26.5,BUF,999.0,999,999,0,0,0,1,0,0,0,0,0,0.0%,0,0,0,0,0,0,0.00,0,0,0,0,0.00,0.00,0,0,0,0,0,0,0,0,0.0,0.0,0,0,0,0,0,NA,0,0,NA,NA,NA,NA,0,NA,0,0,NA,NA,NA,NA,NA,0,NA,NA,NA,NA,NA,NA,NA,0,@ ATL,30,OUT,OUT,OUT
6,4234,Noah Brown,WR,29.7,WAS,0.0,0,0,0,0,0,0,0,0,0,0,0,0.0%,0,0,0,0,0,0,0.00,0,0,0,0,0.00,0.00,0,0,0,0,0,0,0,0,0.0,0.0,0,0,0,0,0,NA,0,0,NA,NA,NA,NA,0,NA,0,0,NA,NA,NA,NA,NA,0,NA,NA,NA,NA,NA,NA,NA,0,vs CHI,23,OUT,OUT,OUT
6,1166,Kirk Cousins,QB,37.1,ATL,999.0,999,999,0,0,0,1,0,0,70,0,0,0.0%,0,0,0,0,0,0,0.00,0,0,0,0,0.00,0.00,0,0,0,0,0,0,0,0,0.0,0.0,0,0,0,0,0,NA,0,0,0.0%,NA,NA,NA,0,NA,0,0,NA,NA,NA,NA,NA,0,NA,NA,NA,NA,NA,NA,NA,0,vs BUF,19,·,·,·
6,12738,Phil Mafah,RB,22.9,DAL,999.0,999,999,0,0,0,1,0,0,0,0,0,0.0%,0,0,0,0,0,0,0.00,0,0,0,0,0.00,0.00,0,0,0,0,0,0,0,0,0.0,0.0,0,0,0,0,0,NA,0,0,NA,NA,NA,NA,0,NA,0,0,NA,NA,NA,NA,NA,0,NA,NA,NA,NA,NA,NA,NA,0,@ CAR,16,IR,IR,IR
6,5010,Will Dissly,TE,29.2,LAC,38.0,38,38,3.8,2.8,1.8,1,1,0,64,26,0,0.0%,0,0,0,0,0,0,0.00,0,0,0,0,0.00,0.00,2,0,0,1,0,2,18,18,9.0,9.0,0,0,0,18,0,NA,0,0,40.6%,NA,NA,NA,0,NA,1,2,0.500,1.0,8,5.6%,2.25,0,NA,NA,NA,NA,NA,0.125,NA,18,@ MIA,6,·,2.6,1.2
6,12539,Arian Smith,WR,24.0,NYJ,999.0,999,999,0,0,0,1,1,0,57,34,0,0.0%,0,0,0,0,0,0,0.00,0,0,0,0,0.00,0.00,0,0,0,0,0,1,0,0,0.0,0.0,0,0,0,0,0,NA,0,0,59.6%,NA,NA,NA,0,NA,0,1,0.000,0.0,NA,NA,NA,0,NA,NA,NA,NA,NA,NA,NA,0,vs DEN,27,·,3.2,-3.2
6,12515,Donovan Edwards,RB,22.6,WAS,999.0,999,999,0,0,0,1,0,0,0,0,0,0.0%,0,0,0,0,0,0,0.00,0,0,0,0,0.00,0.00,0,0,0,0,0,0,0,0,0.0,0.0,0,0,0,0,0,NA,0,0,NA,NA,NA,NA,0,NA,0,0,NA,NA,NA,NA,NA,0,NA,NA,NA,NA,NA,NA,NA,0,vs CHI,7,·,·,·
6,8139,Zamir White,RB,26.0,LV,0.0,0,0,0,0,0,0,0,0,0,0,0,0.0%,0,0,0,0,0,0,0.00,0,0,0,0,0.00,0.00,0,0,0,0,0,0,0,0,0.0,0.0,0,0,0,0,0,NA,0,0,NA,NA,NA,NA,0,NA,0,0,NA,NA,NA,NA,NA,0,NA,NA,NA,NA,NA,NA,NA,0,vs TEN,3,OUT,OUT,OUT
6,10231,Elijah Higgins,TE,24.9,ARI,33.0,30,27,5.4,4.4,3.4,1,1,0,73,33,0,0.0%,0,0,0,0,0,0,0.00,0,0,0,0,0.00,0.00,2,15,0,2,0,2,19,34,17.0,17.0,0,0,0,34,0,NA,0,0,45.2%,NA,NA,NA,0,NA,2,2,1.000,2.0,17,4.5%,2.00,0,NA,NA,NA,NA,NA,0.118,NA,34,@ IND,20,·,3.3,2.1
6,8208,Tyler Badie,RB,25.6,DEN,0.0,0,0,0,0,0,0,0,0,0,0,0,0.0%,0,0,0,0,0,0,0.00,0,0,0,0,0.00,0.00,0,0,0,0,0,0,0,0,0.0,0.0,0,0,0,0,0,NA,0,0,NA,NA,NA,NA,0,NA,0,0,NA,NA,NA,NA,NA,0,NA,NA,NA,NA,NA,NA,NA,0,@ NYJ,9,OUT,OUT,OUT
6,10871,Luke Schoonmaker,TE,27.0,DAL,47.0,47,46,1.8,1.3,0.8,1,1,1,55,20,0,0.0%,0,0,0,0,0,0,0.00,0,0,0,0,0.00,0.00,1,4,0,0,0,2,4,8,8.0,4.0,0,0,0,8,0,NA,0,0,36.4%,NA,NA,NA,0,NA,0,2,0.000,0.0,8,5.9%,1.00,0,NA,NA,NA,NA,NA,0.000,NA,8,@ CAR,2,·,4.0,-2.2
6,3200,Sterling Shepard,WR,32.6,TB,45.0,42,38,7.1,6.1,5.1,1,1,0,53,26,0,0.0%,0,0,0,0,0,0,0.00,0,0,0,0,0.00,0.00,2,27,0,1,0,3,24,51,25.5,17.0,0,0,0,51,0,NA,0,0,49.1%,NA,NA,NA,0,NA,1,3,0.333,1.0,19,13.0%,2.68,0,NA,NA,NA,NA,NA,0.053,NA,51,vs SF,18,·,8.4,-1.3
6,7496,Nick Westbrook-Ikhine,WR,28.5,MIA,999.0,999,999,0,0,0,1,1,1,59,37,0,0.0%,0,0,0,0,0,0,0.00,0,0,0,0,0.00,0.00,0,0,0,0,0,1,0,0,0.0,0.0,0,0,0,0,0,NA,0,0,62.7%,NA,NA,NA,0,NA,0,1,0.000,0.0,NA,NA,NA,0,NA,NA,NA,NA,NA,NA,NA,0,vs LAC,25,·,4.6,-4.6
6,11579,Audric Estime,RB,22.1,PHI,999.0,999,999,0,0,0,1,0,0,0,0,0,0.0%,0,0,0,0,0,0,0.00,0,0,0,0,0.00,0.00,0,0,0,0,0,0,0,0,0.0,0.0,0,0,0,0,0,NA,0,0,NA,NA,NA,NA,0,NA,0,0,NA,NA,NA,NA,NA,0,NA,NA,NA,NA,NA,NA,NA,0,@ NYG,6,·,·,·
6,11370,Chris Brooks,RB,25.7,GB,68.0,68,66,0.1,0.1,0.1,1,1,0,61,5,0,0.0%,0,0,0,0,0,0,0.00,1,0,0,0,0.00,0.00,0,0,0,0,0,0,0,0,0.0,0.0,1,0,0,1,0,NA,1,1,8.2%,NA,NA,NA,0,NA,0,1,0.000,0.0,NA,NA,NA,0,NA,NA,NA,NA,NA,NA,NA,1,vs CIN,1,·,3.2,-3.1
6,11256,Tyson Bagent,QB,25.3,CHI,999.0,999,999,0,0,0,1,0,0,64,0,0,0.0%,0,0,0,0,0,0,0.00,0,0,0,0,0.00,0.00,0,0,0,0,0,0,0,0,0.0,0.0,0,0,0,0,0,NA,0,0,0.0%,NA,NA,NA,0,NA,0,0,NA,NA,NA,NA,NA,0,NA,NA,NA,NA,NA,NA,NA,0,@ WAS,8,·,·,·
6,7601,Rondale Moore,WR,25.3,MIN,0.0,0,0,0,0,0,0,0,0,0,0,0,0.0%,0,0,0,0,0,0,0.00,0,0,0,0,0.00,0.00,0,0,0,0,0,0,0,0,0.0,0.0,0,0,0,0,0,NA,0,0,NA,NA,NA,NA,0,NA,0,0,NA,NA,NA,NA,NA,0,NA,NA,NA,NA,NA,NA,NA,0,BYE,BYE,BYE,BYE,BYE
6,7561,Elijah Mitchell,RB,27.4,KC,0.0,0,0,0,0,0,0,0,0,0,0,0,0.0%,0,0,0,0,0,0,0.00,0,0,0,0,0.00,0.00,0,0,0,0,0,0,0,0,0.0,0.0,0,0,0,0,0,NA,0,0,NA,NA,NA,NA,0,NA,0,0,NA,NA,NA,NA,NA,0,NA,NA,NA,NA,NA,NA,NA,0,vs DET,26,OUT,OUT,OUT
6,11592,Erick All,TE,25.0,CIN,999.0,999,999,0,0,0,1,0,0,0,0,0,0.0%,0,0,0,0,0,0,0.00,0,0,0,0,0.00,0.00,0,0,0,0,0,0,0,0,0.0,0.0,0,0,0,0,0,NA,0,0,NA,NA,NA,NA,0,NA,0,0,NA,NA,NA,NA,NA,0,NA,NA,NA,NA,NA,NA,NA,0,@ GB,17,PUP,PUP,PUP
6,8123,Hassan Haskins,RB,25.8,LAC,51.0,50,50,3.3,2.8,2.3,1,1,0,64,20,0,0.0%,0,0,0,0,0,0,0.00,14,0,0,0,0.00,0.00,1,2,0,0,0,1,7,9,9.0,9.0,6,0,2,23,0,7,14,2.33,31.3%,2,1.10,0.333,2,0.443,2,7,0.286,2.0,NA,2.8%,NA,0,NA,NA,NA,NA,NA,NA,NA,23,@ MIA,4,·,9.1,-5.8
6,11633,Jamari Thrash,WR,24.8,CLE,81.0,82,83,3.3,2.3,1.3,1,1,0,82,37,0,0.0%,0,0,0,0,0,0,0.00,0,0,0,0,0.00,0.00,2,12,0,0,0,3,1,13,6.5,4.3,0,0,0,13,0,NA,0,0,45.1%,NA,NA,NA,0,NA,0,3,0.000,0.0,24,5.8%,0.54,0,NA,NA,NA,NA,NA,0.000,NA,13,@ PIT,22,·,3.1,0.2
6,5133,Tyler Conklin,TE,30.2,LAC,999.0,999,999,0,0,0,1,1,0,64,3,0,0.0%,0,0,0,0,0,0,0.00,0,0,0,0,0.00,0.00,0,0,0,0,0,0,0,0,0.0,0.0,0,0,0,0,0,NA,0,0,4.7%,NA,NA,NA,0,NA,0,0,NA,0.0,NA,NA,NA,0,NA,NA,NA,NA,NA,NA,NA,0,@ MIA,6,·,1.8,-1.8
6,4082,Curtis Samuel,WR,29.1,BUF,0.0,0,0,0,0,0,0,0,0,0,0,0,0.0%,0,0,0,0,0,0,0.00,0,0,0,0,0.00,0.00,0,0,0,0,0,0,0,0,0.0,0.0,0,0,0,0,0,NA,0,0,NA,NA,NA,NA,0,NA,0,0,NA,NA,NA,NA,NA,0,NA,NA,NA,NA,NA,NA,NA,0,@ ATL,30,Q,3.1,-3.1
6,6865,Colby Parkinson,TE,26.7,LAR,0.0,0,0,0,0,0,0,0,0,0,0,0,0.0%,0,0,0,0,0,0,0.00,0,0,0,0,0.00,0.00,0,0,0,0,0,0,0,0,0.0,0.0,0,0,0,0,0,NA,0,0,NA,NA,NA,NA,0,NA,0,0,NA,NA,NA,NA,NA,0,NA,NA,NA,NA,NA,NA,NA,0,@ BAL,10,OUT,OUT,OUT
6,11570,Rasheen Ali,RB,24.6,BAL,999.0,999,999,0,0,0,1,1,0,78,3,0,0.0%,0,0,0,0,0,0,0.00,0,0,0,0,0.00,0.00,0,0,0,0,0,0,0,0,0.0,0.0,0,0,0,0,0,NA,0,0,3.8%,NA,NA,NA,0,NA,0,0,NA,0.0,NA,NA,NA,0,NA,NA,NA,NA,NA,NA,NA,0,vs LAR,30,·,·,·
6,7538,Zach Wilson,QB,26.2,MIA,999.0,999,999,0,0,0,1,0,0,59,0,0,0.0%,0,0,0,0,0,0,0.00,0,0,0,0,0.00,0.00,0,0,0,0,0,0,0,0,0.0,0.0,0,0,0,0,0,NA,0,0,0.0%,NA,NA,NA,0,NA,0,0,NA,NA,NA,NA,NA,0,NA,NA,NA,NA,NA,NA,NA,0,vs LAC,18,·,·,·
6,11645,Javon Baker,WR,23.6,PHI,999.0,999,999,0,0,0,1,0,0,0,0,0,0.0%,0,0,0,0,0,0,0.00,0,0,0,0,0.00,0.00,0,0,0,0,0,0,0,0,0.0,0.0,0,0,0,0,0,NA,0,0,NA,NA,NA,NA,0,NA,0,0,NA,NA,NA,NA,NA,0,NA,NA,NA,NA,NA,NA,NA,0,@ NYG,3,·,·,·
6,8162,Sam Howell,QB,25.0,PHI,0.0,0,0,0,0,0,0,0,0,0,0,0,0.0%,0,0,0,0,0,0,0.00,0,0,0,0,0.00,0.00,0,0,0,0,0,0,0,0,0.0,0.0,0,0,0,0,0,NA,0,0,NA,NA,NA,NA,0,NA,0,0,NA,NA,NA,NA,NA,0,NA,NA,NA,NA,NA,NA,NA,0,@ NYG,14,OUT,OUT,OUT
6,2374,Tyler Lockett,WR,33.0,TEN,98.0,98,999,1,0.5,0,1,1,0,61,20,0,0.0%,0,0,0,0,0,0,0.00,0,0,0,0,0.00,0.00,1,-1,0,0,0,3,1,0,0.0,0.0,0,0,0,0,0,NA,0,0,32.8%,NA,NA,NA,0,NA,0,3,0.000,0.0,16,7.9%,0.00,0,NA,NA,NA,NA,NA,0.000,NA,0,@ LV,4,·,2.9,-1.9
6,7610,Trey Lance,QB,25.4,LAC,999.0,999,999,0,0,0,1,0,0,64,0,0,0.0%,0,0,0,0,0,0,0.00,0,0,0,0,0.00,0.00,0,0,0,0,0,0,0,0,0.0,0.0,0,0,0,0,0,NA,0,0,0.0%,NA,NA,NA,0,NA,0,0,NA,NA,NA,NA,NA,0,NA,NA,NA,NA,NA,NA,NA,0,@ MIA,3,·,·,·
6,8225,Daniel Bellinger,TE,25.0,NYG,999.0,999,999,0,0,0,1,1,1,66,39,0,0.0%,0,0,0,0,0,0,0.00,0,0,0,0,0.00,0.00,0,0,0,0,0,0,0,0,0.0,0.0,0,0,0,0,0,NA,0,0,59.1%,NA,NA,NA,0,NA,0,0,NA,0.0,NA,NA,NA,0,NA,NA,NA,NA,NA,NA,NA,0,vs PHI,29,·,4.2,-4.2
6,1234,Russell Wilson,QB,36.8,NYG,999.0,999,999,0,0,0,1,1,0,66,2,0,0.0%,0,1,0,0,1,0,39.60,0,0,0,0,0.00,0.00,0,0,0,0,0,0,0,0,0.0,0.0,0,0,0,0,0,NA,0,0,3.0%,NA,NA,NA,0,NA,0,1,NA,NA,NA,NA,NA,0,0.0%,1.84,0.0%,0.0%,13.4,NA,1,0,vs PHI,16,·,·,·
6,8160,Kenny Pickett,QB,27.3,LV,999.0,999,999,0,0,0,1,0,0,61,0,0,0.0%,0,0,0,0,0,0,0.00,0,0,0,0,0.00,0.00,0,0,0,0,0,0,0,0,0.0,0.0,0,0,0,0,0,NA,0,0,0.0%,NA,NA,NA,0,NA,0,0,NA,NA,NA,NA,NA,0,NA,NA,NA,NA,NA,NA,NA,0,vs TEN,23,·,·,·
6,8230,Ty Chandler,RB,27.4,MIN,0.0,0,0,0,0,0,0,0,0,0,0,0,0.0%,0,0,0,0,0,0,0.00,0,0,0,0,0.00,0.00,0,0,0,0,0,0,0,0,0.0,0.0,0,0,0,0,0,NA,0,0,NA,NA,NA,NA,0,NA,0,0,NA,NA,NA,NA,NA,0,NA,NA,NA,NA,NA,NA,NA,0,BYE,BYE,BYE,BYE,BYE
6,7595,Tylan Wallace,WR,26.4,BAL,999.0,999,999,0,0,0,1,1,0,78,7,0,0.0%,0,0,0,0,0,0,0.00,0,0,0,0,0.00,0.00,0,0,0,0,0,0,0,0,0.0,0.0,0,0,0,0,0,NA,0,0,9.0%,NA,NA,NA,0,NA,0,0,NA,0.0,NA,NA,NA,0,NA,NA,NA,NA,NA,NA,NA,0,vs LAR,12,·,3.3,-3.3
6,10225,Jonathan Mingo,WR,24.4,DAL,999.0,999,999,0,0,0,1,0,0,0,0,0,0.0%,0,0,0,0,0,0,0.00,0,0,0,0,0.00,0.00,0,0,0,0,0,0,0,0,0.0,0.0,0,0,0,0,0,NA,0,0,NA,NA,NA,NA,0,NA,0,0,NA,NA,NA,NA,NA,0,NA,NA,NA,NA,NA,NA,NA,0,@ CAR,29,IR,IR,IR
6,10867,Jake Bobo,WR,27.2,SEA,999.0,999,999,0,0,0,1,1,0,55,12,0,0.0%,0,0,0,0,0,0,0.00,0,0,0,0,0.00,0.00,0,0,0,0,0,0,0,0,0.0,0.0,0,0,0,0,0,NA,0,0,21.8%,NA,NA,NA,0,NA,0,0,NA,0.0,NA,NA,NA,0,NA,NA,NA,NA,NA,NA,NA,0,@ JAX,24,·,0.6,-0.6
6,12470,Riley Leonard,QB,23.0,IND,999.0,999,999,0,0,0,1,0,0,59,0,0,0.0%,0,0,0,0,0,0,0.00,0,0,0,0,0.00,0.00,0,0,0,0,0,0,0,0,0.0,0.0,0,0,0,0,0,NA,0,0,0.0%,NA,NA,NA,0,NA,0,0,NA,NA,NA,NA,NA,0,NA,NA,NA,NA,NA,NA,NA,0,vs ARI,25,·,·,·
6,6828,AJ Dillon,RB,27.4,PHI,56.0,62,999,2,1,0,1,1,0,57,8,1,0.0%,0,0,0,0,0,0,0.00,2,0,0,0,0.00,0.00,2,9,0,0,0,2,9,18,9.0,9.0,1,0,0,20,0,3,2,2,14.0%,0,2.50,0.000,0,0.250,0,3,0.000,0.0,NA,6.1%,NA,0,NA,NA,NA,NA,NA,NA,NA,20,@ NYG,6,·,2.2,-0.2
6,10214,Davis Allen,TE,24.6,LAR,49.0,49,48,1.7,1.2,0.7,1,1,0,53,21,0,0.0%,0,0,0,0,0,0,0.00,0,0,0,0,0.00,0.00,1,2,0,0,0,2,5,7,7.0,3.5,0,0,0,7,0,NA,0,0,39.6%,NA,NA,NA,0,NA,0,2,0.000,0.0,6,7.7%,1.17,0,NA,NA,NA,NA,NA,0.000,NA,7,@ BAL,10,·,2.3,-0.6
6,4080,Zay Jones,WR,30.5,ARI,23.0,24,27,12.9,10.4,7.9,1,1,0,73,58,0,0.0%,0,0,0,0,0,0,0.00,0,0,0,0,0.00,0.00,5,62,0,4,0,8,17,79,15.8,9.9,0,0,0,79,0,NA,0,0,79.5%,NA,NA,NA,0,NA,4,8,0.500,4.0,40,18.2%,1.98,0,NA,NA,NA,NA,NA,0.100,NA,79,@ IND,5,·,3.1,9.8
6,12718,Konata Mumpfield,WR,22.9,LAR,93.0,93,92,1.7,1.2,0.7,1,1,0,53,9,0,0.0%,0,0,0,0,0,0,0.00,0,0,0,0,0.00,0.00,1,0,0,1,0,2,7,7,7.0,3.5,0,0,0,7,0,NA,0,0,17.0%,NA,NA,NA,0,NA,1,2,0.500,1.0,7,7.7%,1.00,0,NA,NA,NA,NA,NA,0.143,NA,7,@ BAL,2,·,·,·
6,3286,Demarcus Robinson,WR,31.0,SF,51.0,48,45,6.4,5.4,4.4,1,1,0,69,13,0,0.0%,0,0,0,0,0,0,0.00,0,0,0,0,0.00,0.00,2,30,1,2,0,3,14,44,22.0,14.7,0,0,0,44,0,NA,0,0,18.8%,NA,NA,NA,0,NA,2,3,0.667,2.0,10,7.7%,4.40,0,NA,NA,NA,NA,NA,0.200,NA,44,@ TB,16,·,5.6,0.8
6,11617,Malachi Corley,WR,23.5,CLE,999.0,999,999,0,0,0,1,1,0,82,2,0,0.0%,0,0,0,0,0,0,0.00,0,0,0,0,0.00,0.00,0,0,0,0,0,0,0,0,0.0,0.0,0,0,0,0,0,NA,0,0,2.4%,NA,NA,NA,0,NA,0,0,NA,0.0,NA,NA,NA,0,NA,NA,NA,NA,NA,NA,NA,0,@ PIT,22,·,0.9,-0.9
6,7568,Brevin Jordan,TE,25.2,HOU,0.0,0,0,0,0,0,0,0,0,0,0,0,0.0%,0,0,0,0,0,0,0.00,0,0,0,0,0.00,0.00,0,0,0,0,0,0,0,0,0.0,0.0,0,0,0,0,0,NA,0,0,NA,NA,NA,NA,0,NA,0,0,NA,NA,NA,NA,NA,0,NA,NA,NA,NA,NA,NA,NA,0,BYE,BYE,BYE,BYE,BYE
6,8172,Greg Dulcich,TE,25.5,MIA,999.0,999,999,0,0,0,1,0,0,0,0,0,0.0%,0,0,0,0,0,0,0.00,0,0,0,0,0.00,0.00,0,0,0,0,0,0,0,0,0.0,0.0,0,0,0,0,0,NA,0,0,NA,NA,NA,NA,0,NA,0,0,NA,NA,NA,NA,NA,0,NA,NA,NA,NA,NA,NA,NA,0,vs LAC,26,·,·,·
6,8254,Julius Chestnut,RB,24.9,TEN,999.0,999,999,0,0,0,1,1,0,61,1,0,0.0%,0,0,0,0,0,0,0.00,0,0,0,0,0.00,0.00,0,0,0,0,0,0,0,0,0.0,0.0,0,0,0,0,0,NA,0,0,1.6%,NA,NA,NA,0,NA,0,0,NA,0.0,NA,NA,NA,0,NA,NA,NA,NA,NA,NA,NA,0,@ LV,10,·,0.7,-0.7
6,9230,Tanner McKee,QB,25.4,PHI,999.0,999,999,0,0,0,1,0,0,57,0,0,0.0%,0,0,0,0,0,0,0.00,0,0,0,0,0.00,0.00,0,0,0,0,0,0,0,0,0.0,0.0,0,0,0,0,0,NA,0,0,0.0%,NA,NA,NA,0,NA,0,0,NA,NA,NA,NA,NA,0,NA,NA,NA,NA,NA,NA,NA,0,@ NYG,14,·,·,·
6,6960,Tyler Johnson,WR,27.1,NYJ,999.0,999,999,0,0,0,1,1,0,57,11,0,0.0%,0,0,0,0,0,0,0.00,0,0,0,0,0.00,0.00,0,0,0,0,0,1,0,0,0.0,0.0,0,0,0,0,0,NA,0,0,19.3%,NA,NA,NA,0,NA,0,1,0.000,0.0,NA,NA,NA,0,NA,NA,NA,NA,NA,NA,NA,0,vs DEN,27,·,1.5,-1.5
6,11595,Jared Wiley,TE,24.9,KC,0.0,0,0,0,0,0,0,0,0,0,0,0,0.0%,0,0,0,0,0,0,0.00,0,0,0,0,0.00,0.00,0,0,0,0,0,0,0,0,0.0,0.0,0,0,0,0,0,NA,0,0,NA,NA,NA,NA,0,NA,0,0,NA,NA,NA,NA,NA,0,NA,NA,NA,NA,NA,NA,NA,0,vs DET,18,OUT,OUT,OUT
6,9227,Israel Abanikanda,RB,23.0,FA,0.0,0,0,0,0,0,0,0,0,0,0,0,0.0%,0,0,0,0,0,0,0.00,0,0,0,0,0.00,0.00,0,0,0,0,0,0,0,0,0.0,0.0,0,0,0,0,0,NA,0,0,NA,NA,NA,NA,0,NA,0,0,NA,NA,NA,NA,NA,0,NA,NA,NA,NA,NA,NA,NA,0,NA,,·,·,·
6,6938,Cam Akers,RB,26.3,FA,0.0,0,0,0,0,0,0,0,0,0,0,0,0.0%,0,0,0,0,0,0,0.00,0,0,0,0,0.00,0.00,0,0,0,0,0,0,0,0,0.0,0.0,0,0,0,0,0,NA,0,0,NA,NA,NA,NA,0,NA,0,0,NA,NA,NA,NA,NA,0,NA,NA,NA,NA,NA,NA,NA,0,NA,,·,·,·
6,2197,Brandin Cooks,WR,32.0,NO,84.0,80,72,3.1,2.6,2.1,1,1,0,56,36,0,0.0%,0,0,0,0,0,0,0.00,0,0,0,0,0.00,0.00,1,21,0,1,0,1,0,21,21.0,21.0,0,0,0,21,0,NA,0,0,64.3%,NA,NA,NA,0,NA,1,1,1.000,1.0,18,3.8%,1.17,0,NA,NA,NA,NA,NA,0.056,NA,21,vs NE,7,·,4.5,-1.4
6,7891,Brock Wright,TE,26.8,DET,999.0,999,999,0,0,0,1,1,1,54,31,0,0.0%,0,0,0,0,0,0,0.00,0,0,0,0,0.00,0.00,0,0,0,0,0,0,0,0,0.0,0.0,0,0,0,0,0,NA,0,0,57.4%,NA,NA,NA,0,NA,0,0,NA,0.0,NA,NA,NA,0,NA,NA,NA,NA,NA,NA,NA,0,@ KC,31,·,1.0,-1.0
6,11748,Bub Means,WR,24.7,NO,999.0,999,999,0,0,0,1,0,0,0,0,0,0.0%,0,0,0,0,0,0,0.00,0,0,0,0,0.00,0.00,0,0,0,0,0,0,0,0,0.0,0.0,0,0,0,0,0,NA,0,0,NA,NA,NA,NA,0,NA,0,0,NA,NA,NA,NA,NA,0,NA,NA,NA,NA,NA,NA,NA,0,vs NE,7,IR,IR,IR
6,6869,Adam Trautman,TE,28.6,DEN,999.0,999,999,0,0,0,1,1,1,60,23,0,0.0%,0,0,0,0,0,0,0.00,0,0,0,0,0.00,0.00,0,0,0,0,0,0,0,0,0.0,0.0,0,0,0,0,0,NA,0,0,38.3%,NA,NA,NA,0,NA,0,0,NA,0.0,6,0.0%,0.00,0,NA,NA,NA,NA,NA,0.000,NA,0,@ NYJ,7,·,2.2,-2.2
6,8204,Bo Melton,WR,26.2,GB,100.0,100,97,0.3,0.3,0.3,1,1,0,61,1,0,0.0%,0,0,0,0,0,0,0.00,3,0,0,0,0.00,0.00,0,0,0,0,0,0,0,0,0.0,0.0,1,0,0,3,0,NA,3,3,1.6%,NA,NA,NA,0,NA,0,1,0.000,0.0,NA,NA,NA,0,NA,NA,NA,NA,NA,NA,NA,3,vs CIN,11,·,·,·
6,1837,Jimmy Garoppolo,QB,33.9,LAR,999.0,999,999,0,0,0,1,0,0,53,0,0,0.0%,0,0,0,0,0,0,0.00,0,0,0,0,0.00,0.00,0,0,0,0,0,0,0,0,0.0,0.0,0,0,0,0,0,NA,0,0,0.0%,NA,NA,NA,0,NA,0,0,NA,NA,NA,NA,NA,0,NA,NA,NA,NA,NA,NA,NA,0,@ BAL,2,·,·,·
6,11615,Ainias Smith,WR,24.3,CAR,999.0,999,999,0,0,0,1,0,0,0,0,0,0.0%,0,0,0,0,0,0,0.00,0,0,0,0,0.00,0.00,0,0,0,0,0,0,0,0,0.0,0.0,0,0,0,0,0,NA,0,0,NA,NA,NA,NA,0,NA,0,0,NA,NA,NA,NA,NA,0,NA,NA,NA,NA,NA,NA,NA,0,vs DAL,1,·,·,·
6,9999,Will Levis,QB,26.2,TEN,999.0,999,999,0,0,0,1,0,0,0,0,0,0.0%,0,0,0,0,0,0,0.00,0,0,0,0,0.00,0.00,0,0,0,0,0,0,0,0,0.0,0.0,0,0,0,0,0,NA,0,0,NA,NA,NA,NA,0,NA,0,0,NA,NA,NA,NA,NA,0,NA,NA,NA,NA,NA,NA,NA,0,@ LV,13,IR,IR,IR
6,8168,Skyy Moore,WR,25.0,SF,999.0,999,999,0,0,0,1,1,0,69,3,0,0.0%,0,0,0,0,0,0,0.00,0,0,0,0,0.00,0.00,0,0,0,0,0,0,0,0,0.0,0.0,0,0,0,0,0,NA,0,0,4.3%,NA,NA,NA,0,NA,0,0,NA,0.0,NA,NA,NA,0,NA,NA,NA,NA,NA,NA,NA,0,@ TB,16,·,0.3,-0.3
6,10866,Aidan O'Connell,QB,27.1,LV,999.0,999,999,0,0,0,1,0,0,0,0,0,0.0%,0,0,0,0,0,0,0.00,0,0,0,0,0.00,0.00,0,0,0,0,0,0,0,0,0.0,0.0,0,0,0,0,0,NA,0,0,NA,NA,NA,NA,0,NA,0,0,NA,NA,NA,NA,NA,0,NA,NA,NA,NA,NA,NA,NA,0,vs TEN,23,IR,IR,IR
6,8145,Jeremy Ruckert,TE,25.1,NYJ,999.0,999,999,0,0,0,1,1,1,57,22,0,0.0%,0,0,0,0,0,0,0.00,0,0,0,0,0.00,0.00,0,0,0,0,0,0,0,0,0.0,0.0,0,0,0,0,0,NA,0,0,38.6%,NA,NA,NA,0,NA,0,0,NA,0.0,NA,NA,NA,0,NA,NA,NA,NA,NA,NA,NA,0,vs DEN,24,·,1.5,-1.5
6,11649,Kendall Milton,RB,23.6,CIN,999.0,999,999,0,0,0,1,0,0,0,0,0,0.0%,0,0,0,0,0,0,0.00,0,0,0,0,0.00,0.00,0,0,0,0,0,0,0,0,0.0,0.0,0,0,0,0,0,NA,0,0,NA,NA,NA,NA,0,NA,0,0,NA,NA,NA,NA,NA,0,NA,NA,NA,NA,NA,NA,NA,0,@ GB,31,·,·,·
6,11895,Mason Tipton,WR,25.0,NO,999.0,999,999,0,0,0,1,1,0,56,2,0,0.0%,0,0,0,0,0,0,0.00,0,0,0,0,0.00,0.00,0,0,0,0,0,0,0,0,0.0,0.0,0,0,0,0,0,NA,0,0,3.6%,NA,NA,NA,0,NA,0,0,NA,0.0,NA,NA,NA,0,NA,NA,NA,NA,NA,NA,NA,0,vs NE,7,·,·,·
6,11574,Dylan Laube,RB,25.8,LV,999.0,999,999,0,0,0,1,1,0,61,0,0,0.0%,0,0,0,0,0,0,0.00,0,0,0,0,0.00,0.00,0,0,0,0,0,0,0,0,0.0,0.0,0,0,0,0,0,NA,0,0,0.0%,NA,NA,NA,0,NA,0,0,NA,0.0,NA,NA,NA,0,NA,NA,NA,NA,NA,NA,NA,0,vs TEN,3,Q,0.3,-0.3
6,8177,Grant Calcaterra,TE,26.8,PHI,0.0,0,0,0,0,0,0,0,0,0,0,0,0.0%,0,0,0,0,0,0,0.00,0,0,0,0,0.00,0.00,0,0,0,0,0,0,0,0,0.0,0.0,0,0,0,0,0,NA,0,0,NA,NA,NA,NA,0,NA,0,0,NA,NA,NA,NA,NA,0,NA,NA,NA,NA,NA,NA,NA,0,@ NYG,23,OUT,OUT,OUT
6,5854,Drew Lock,QB,28.9,SEA,999.0,999,999,0,0,0,1,0,0,55,0,0,0.0%,0,0,0,0,0,0,0.00,0,0,0,0,0.00,0.00,0,0,0,0,0,0,0,0,0.0,0.0,0,0,0,0,0,NA,0,0,0.0%,NA,NA,NA,0,NA,0,0,NA,NA,NA,NA,NA,0,NA,NA,NA,NA,NA,NA,NA,0,@ JAX,26,·,·,·
6,4171,Josh Reynolds,WR,30.6,NYJ,59.0,61,65,5.5,4,2.5,1,1,1,57,50,0,0.0%,0,0,0,0,0,0,0.00,0,0,0,0,0.00,0.00,3,19,0,2,0,3,6,25,8.3,8.3,0,0,0,25,0,NA,0,0,87.7%,NA,NA,NA,0,NA,2,3,0.667,2.0,24,17.6%,1.04,0,NA,NA,NA,NA,NA,0.083,NA,25,vs DEN,27,·,4.1,1.4
6,11299,Zavier Scott,RB,26.2,MIN,0.0,0,0,0,0,0,0,0,0,0,0,0,0.0%,0,0,0,0,0,0,0.00,0,0,0,0,0.00,0.00,0,0,0,0,0,0,0,0,0.0,0.0,0,0,0,0,0,NA,0,0,NA,NA,NA,NA,0,NA,0,0,NA,NA,NA,NA,NA,0,NA,NA,NA,NA,NA,NA,NA,0,BYE,BYE,BYE,BYE,BYE
6,4177,Mack Hollins,WR,32.0,NE,66.0,64,55,4.8,3.8,2.8,1,1,0,64,35,0,0.0%,0,0,0,0,0,0,0.00,0,0,0,0,0.00,0.00,2,28,0,2,0,3,0,28,14.0,9.3,0,0,0,28,0,NA,0,0,54.7%,NA,NA,NA,0,NA,2,3,0.667,2.0,14,11.5%,2.00,0,NA,NA,NA,NA,NA,0.143,NA,28,@ NO,19,·,4.3,0.5
6,12699,LaJohntay Wester,WR,23.5,BAL,999.0,999,999,0,0,0,1,1,0,78,2,0,0.0%,0,0,0,0,0,0,0.00,0,0,0,0,0.00,0.00,0,0,0,0,0,0,0,0,0.0,0.0,0,0,0,0,0,NA,0,0,2.6%,NA,NA,NA,0,NA,0,0,NA,0.0,NA,NA,NA,0,NA,NA,NA,NA,NA,NA,NA,0,vs LAR,12,·,·,·
6,11573,Frank Gore Jr.,RB,23.5,BUF,999.0,999,999,0,0,0,1,0,0,0,0,0,0.0%,0,0,0,0,0,0,0.00,0,0,0,0,0.00,0.00,0,0,0,0,0,0,0,0,0.0,0.0,0,0,0,0,0,NA,0,0,NA,NA,NA,NA,0,NA,0,0,NA,NA,NA,NA,NA,0,NA,NA,NA,NA,NA,NA,NA,0,@ ATL,32,·,·,·
6,10216,Kenny McIntosh,RB,25.6,SEA,999.0,999,999,0,0,0,1,0,0,0,0,0,0.0%,0,0,0,0,0,0,0.00,0,0,0,0,0.00,0.00,0,0,0,0,0,0,0,0,0.0,0.0,0,0,0,0,0,NA,0,0,NA,NA,NA,NA,0,NA,0,0,NA,NA,NA,NA,NA,0,NA,NA,NA,NA,NA,NA,NA,0,@ JAX,29,IR,IR,IR
6,12715,Thomas Fidone,TE,23.0,NYG,999.0,999,999,0,0,0,1,1,0,66,0,0,0.0%,0,0,0,0,0,0,0.00,0,0,0,0,0.00,0.00,0,0,0,0,0,0,0,0,0.0,0.0,0,0,0,0,0,NA,0,0,0.0%,NA,NA,NA,0,NA,0,0,NA,0.0,NA,NA,NA,0,NA,NA,NA,NA,NA,NA,NA,0,vs PHI,29,·,·,·
6,9505,Deuce Vaughn,RB,23.9,DEN,999.0,999,999,0,0,0,1,0,0,0,0,0,0.0%,0,0,0,0,0,0,0.00,0,0,0,0,0.00,0.00,0,0,0,0,0,0,0,0,0.0,0.0,0,0,0,0,0,NA,0,0,NA,NA,NA,NA,0,NA,0,0,NA,NA,NA,NA,NA,0,NA,NA,NA,NA,NA,NA,NA,0,@ NYJ,9,·,·,·
6,5973,Josh Oliver,TE,28.5,MIN,0.0,0,0,0,0,0,0,0,0,0,0,0,0.0%,0,0,0,0,0,0,0.00,0,0,0,0,0.00,0.00,0,0,0,0,0,0,0,0,0.0,0.0,0,0,0,0,0,NA,0,0,NA,NA,NA,NA,0,NA,0,0,NA,NA,NA,NA,NA,0,NA,NA,NA,NA,NA,NA,NA,0,BYE,BYE,BYE,BYE,BYE
6,10234,Derius Davis,WR,25.0,LAC,0.0,0,0,0,0,0,0,0,0,0,0,0,0.0%,0,0,0,0,0,0,0.00,0,0,0,0,0.00,0.00,0,0,0,0,0,0,0,0,0.0,0.0,0,0,0,0,0,NA,0,0,NA,NA,NA,NA,0,NA,0,0,NA,NA,NA,NA,NA,0,NA,NA,NA,NA,NA,NA,NA,0,@ MIA,21,OUT,OUT,OUT
6,6011,Gardner Minshew,QB,29.4,KC,999.0,999,999,0,0,0,1,0,0,64,0,0,0.0%,0,0,0,0,0,0,0.00,0,0,0,0,0.00,0.00,0,0,0,0,0,0,0,0,0.0,0.0,0,0,0,0,0,NA,0,0,0.0%,NA,NA,NA,0,NA,0,0,NA,NA,NA,NA,NA,0,NA,NA,NA,NA,NA,NA,NA,0,vs DET,11,·,·,·
6,11636,Johnny Wilson,WR,24.5,PHI,999.0,999,999,0,0,0,1,0,0,0,0,0,0.0%,0,0,0,0,0,0,0.00,0,0,0,0,0.00,0.00,0,0,0,0,0,0,0,0,0.0,0.0,0,0,0,0,0,NA,0,0,NA,NA,NA,NA,0,NA,0,0,NA,NA,NA,NA,NA,0,NA,NA,NA,NA,NA,NA,NA,0,@ NYG,3,IR,IR,IR
6,5185,Allen Lazard,WR,29.8,NYJ,0.0,0,0,0,0,0,0,0,0,0,0,0,0.0%,0,0,0,0,0,0,0.00,0,0,0,0,0.00,0.00,0,0,0,0,0,0,0,0,0.0,0.0,0,0,0,0,0,NA,0,0,NA,NA,NA,NA,0,NA,0,0,NA,NA,NA,NA,NA,0,NA,NA,NA,NA,NA,NA,NA,0,vs DEN,27,OUT,OUT,OUT
6,7593,Trey Sermon,RB,26.7,PIT,999.0,999,999,0,0,0,1,0,0,0,0,0,0.0%,0,0,0,0,0,0,0.00,0,0,0,0,0.00,0.00,0,0,0,0,0,0,0,0,0.0,0.0,0,0,0,0,0,NA,0,0,NA,NA,NA,NA,0,NA,0,0,NA,NA,NA,NA,NA,0,NA,NA,NA,NA,NA,NA,NA,0,vs CLE,28,·,·,·
6,4147,Samaje Perine,RB,30.0,CIN,39.0,39,43,5.2,4.2,3.2,1,1,0,65,30,0,0.0%,0,0,0,0,0,0,0.00,16,0,0,0,0.00,0.00,2,-4,0,1,0,3,20,16,8.0,5.3,6,0,4,32,0,10,16,2.67,46.2%,2,1.60,0.333,4,0.493,5,9,0.556,5.0,NA,6.7%,NA,0,NA,NA,NA,NA,NA,NA,NA,32,@ GB,31,·,4.5,0.7
6,8135,Treylon Burks,WR,25.5,TEN,0.0,0,0,0,0,0,0,0,0,0,0,0,0.0%,0,0,0,0,0,0,0.00,0,0,0,0,0.00,0.00,0,0,0,0,0,0,0,0,0.0,0.0,0,0,0,0,0,NA,0,0,NA,NA,NA,NA,0,NA,0,0,NA,NA,NA,NA,NA,0,NA,NA,NA,NA,NA,NA,NA,0,@ LV,4,Q,Q,Q
6,8118,David Bell,WR,24.8,CLE,999.0,999,999,0,0,0,1,0,0,0,0,0,0.0%,0,0,0,0,0,0,0.00,0,0,0,0,0.00,0.00,0,0,0,0,0,0,0,0,0.0,0.0,0,0,0,0,0,NA,0,0,NA,NA,NA,NA,0,NA,0,0,NA,NA,NA,NA,NA,0,NA,NA,NA,NA,NA,NA,NA,0,@ PIT,22,PUP,PUP,PUP
6,4381,Taysom Hill,TE,35.1,NO,29.0,25,20,6.1,6.1,6.1,1,1,0,56,12,0,0.0%,0,0,0,0,0,0,0.00,1,0,0,0,0.00,0.00,0,0,0,0,0,0,0,0,0.0,0.0,1,0,0,1,1,NA,1,1,21.4%,NA,NA,NA,1,NA,1,1,1.000,1.0,NA,NA,NA,0,NA,0.00,0.0%,0.0%,0.0,NA,0,1,vs NE,5,·,3.7,2.4
6,10857,Stetson Bennett,QB,27.9,LAR,0.0,0,0,0,0,0,0,0,0,0,0,0,0.0%,0,0,0,0,0,0,0.00,0,0,0,0,0.00,0.00,0,0,0,0,0,0,0,0,0.0,0.0,0,0,0,0,0,NA,0,0,NA,NA,NA,NA,0,NA,0,0,NA,NA,NA,NA,NA,0,NA,NA,NA,NA,NA,NA,NA,0,@ BAL,2,OUT,OUT,OUT
6,12494,Kyle McCord,QB,23.0,PHI,999.0,999,999,0,0,0,1,0,0,0,0,0,0.0%,0,0,0,0,0,0,0.00,0,0,0,0,0.00,0.00,0,0,0,0,0,0,0,0,0.0,0.0,0,0,0,0,0,NA,0,0,NA,NA,NA,NA,0,NA,0,0,NA,NA,NA,NA,NA,0,NA,NA,NA,NA,NA,NA,NA,0,@ NYG,14,·,·,·
6,7083,Tyler Huntley,QB,27.6,BAL,29.0,29,29,6.62,6.62,6.62,1,1,0,78,25,0,66.7%,33,15,10,3,5,0,76.50,107,4,0,68,4.53,6.80,0,0,0,0,0,0,0,0,0.0,0.0,3,1,2,39,0,NA,39,13,32.1%,NA,NA,NA,2,NA,5,18,NA,NA,NA,NA,NA,3,20.0%,2.86,13.3%,47.6%,5.9,NA,21,107,vs LAR,17,·,·,·
6,5987,Alexander Mattison,RB,27.3,MIA,999.0,999,999,0,0,0,1,0,0,0,0,0,0.0%,0,0,0,0,0,0,0.00,0,0,0,0,0.00,0.00,0,0,0,0,0,0,0,0,0.0,0.0,0,0,0,0,0,NA,0,0,NA,NA,NA,NA,0,NA,0,0,NA,NA,NA,NA,NA,0,NA,NA,NA,NA,NA,NA,NA,0,vs LAC,25,IR,IR,IR
6,5985,Foster Moreau,TE,28.4,NO,46.0,46,45,1.9,1.4,0.9,1,1,0,56,20,0,0.0%,0,0,0,0,0,0,0.00,0,0,0,0,0.00,0.00,1,3,0,0,0,1,6,9,9.0,9.0,0,0,0,9,0,NA,0,0,35.7%,NA,NA,NA,0,NA,0,1,0.000,0.0,5,3.8%,1.80,0,NA,NA,NA,NA,NA,0.000,NA,9,vs NE,5,·,1.5,0.4
6,6853,Van Jefferson,WR,29.2,TEN,27.0,28,28,11.5,9.5,7.5,1,1,0,61,45,0,0.0%,0,0,0,0,0,0,0.00,0,0,0,0,0.00,0.00,4,69,0,4,0,6,6,75,18.8,12.5,0,0,0,75,0,NA,0,0,73.8%,NA,NA,NA,0,NA,4,6,0.667,4.0,33,15.8%,2.27,0,NA,NA,NA,NA,NA,0.121,NA,75,@ LV,4,·,1.3,10.2
6,2505,Darren Waller,TE,33.0,MIA,20.0,18,14,9.2,8.2,7.2,1,1,0,59,41,0,0.0%,0,0,0,0,0,0,0.00,0,0,0,0,0.00,0.00,2,11,0,0,1,3,1,12,6.0,4.0,0,0,0,12,0,NA,0,0,69.5%,NA,NA,NA,0,NA,1,3,0.333,1.0,29,9.1%,0.41,0,NA,NA,NA,NA,NA,0.000,NA,12,vs LAC,26,·,9.9,-0.7
6,5086,Marquez Valdes-Scantling,WR,31.0,SF,75.0,73,71,4.2,3.2,2.2,1,1,0,69,42,0,0.0%,0,0,0,0,0,0,0.00,0,0,0,0,0.00,0.00,2,19,0,1,0,3,3,22,11.0,7.3,0,0,0,22,0,NA,0,0,60.9%,NA,NA,NA,0,NA,1,3,0.333,1.0,31,7.7%,0.71,0,NA,NA,NA,NA,NA,0.032,NA,22,@ TB,16,·,2.6,1.6
6,6920,Isaiah Hodgins,WR,26.9,FA,999.0,999,999,0,0,0,1,0,0,0,0,0,0.0%,0,0,0,0,0,0,0.00,0,0,0,0,0.00,0.00,0,0,0,0,0,0,0,0,0.0,0.0,0,0,0,0,0,NA,0,0,NA,NA,NA,NA,0,NA,0,0,NA,NA,NA,NA,NA,0,NA,NA,NA,NA,NA,NA,NA,0,NA,,·,·,·
6,4351,Tim Patrick,WR,31.8,JAX,33.0,30,25,9.6,9.1,8.6,1,1,0,76,14,0,0.0%,0,0,0,0,0,0,0.00,0,0,0,0,0.00,0.00,1,16,0,0,1,1,10,26,26.0,26.0,0,0,0,26,0,NA,0,0,18.4%,NA,NA,NA,0,NA,1,1,1.000,1.0,7,2.4%,3.71,0,NA,NA,NA,NA,NA,0.000,NA,26,vs SEA,17,·,0.5,9.1
6,11210,Malik Heath,WR,25.6,GB,999.0,999,999,0,0,0,1,1,0,61,28,0,0.0%,0,0,0,0,0,0,0.00,0,0,0,0,0.00,0.00,0,0,0,0,0,0,0,0,0.0,0.0,0,0,0,0,0,NA,0,0,45.9%,NA,NA,NA,0,NA,0,0,NA,0.0,NA,NA,NA,0,NA,NA,NA,NA,NA,NA,NA,0,vs CIN,11,·,2.2,-2.2
6,11647,Kimani Vidal,RB,24.1,LAC,9.0,8,7,22.8,21.3,19.8,1,1,1,64,43,0,0.0%,0,0,0,0,0,0,0.00,124,0,0,0,0.00,0.00,3,-8,1,0,1,4,22,14,4.7,3.5,18,1,4,138,0,63,124,6.89,67.2%,1,3.50,0.056,4,0.406,5,22,0.227,5.0,NA,11.1%,NA,0,NA,NA,NA,NA,NA,NA,NA,138,@ MIA,4,·,8.3,14.5
6,11729,Sione Vaki,RB,24.2,DET,0.0,0,0,0,0,0,0,0,0,0,0,0,0.0%,0,0,0,0,0,0,0.00,0,0,0,0,0.00,0.00,0,0,0,0,0,0,0,0,0.0,0.0,0,0,0,0,0,NA,0,0,NA,NA,NA,NA,0,NA,0,0,NA,NA,NA,NA,NA,0,NA,NA,NA,NA,NA,NA,NA,0,@ KC,22,OUT,OUT,OUT
6,6850,Harrison Bryant,TE,27.4,HOU,0.0,0,0,0,0,0,0,0,0,0,0,0,0.0%,0,0,0,0,0,0,0.00,0,0,0,0,0.00,0.00,0,0,0,0,0,0,0,0,0.0,0.0,0,0,0,0,0,NA,0,0,NA,NA,NA,NA,0,NA,0,0,NA,NA,NA,NA,NA,0,NA,NA,NA,NA,NA,NA,NA,0,BYE,BYE,BYE,BYE,BYE
6,5917,Mecole Hardman,WR,27.6,GB,0.0,0,0,0,0,0,0,0,0,0,0,0,0.0%,0,0,0,0,0,0,0.00,0,0,0,0,0.00,0.00,0,0,0,0,0,0,0,0,0.0,0.0,0,0,0,0,0,NA,0,0,NA,NA,NA,NA,0,NA,0,0,NA,NA,NA,NA,NA,0,NA,NA,NA,NA,NA,NA,NA,0,vs CIN,11,·,·,·
6,6126,Irv Smith,TE,27.1,HOU,0.0,0,0,0,0,0,0,0,0,0,0,0,0.0%,0,0,0,0,0,0,0.00,0,0,0,0,0.00,0.00,0,0,0,0,0,0,0,0,0.0,0.0,0,0,0,0,0,NA,0,0,NA,NA,NA,NA,0,NA,0,0,NA,NA,NA,NA,NA,0,NA,NA,NA,NA,NA,NA,NA,0,BYE,BYE,BYE,BYE,BYE
6,827,Tyrod Taylor,QB,36.2,NYJ,999.0,999,999,0,0,0,1,0,0,57,0,0,0.0%,0,0,0,0,0,0,0.00,0,0,0,0,0.00,0.00,0,0,0,0,0,0,0,0,0.0,0.0,0,0,0,0,0,NA,0,0,0.0%,NA,NA,NA,0,NA,0,0,NA,NA,NA,NA,NA,0,NA,NA,NA,NA,NA,NA,NA,0,vs DEN,29,·,·,·
6,10223,Eric Gray,RB,25.9,NYG,999.0,999,999,0,0,0,1,0,0,0,0,0,0.0%,0,0,0,0,0,0,0.00,0,0,0,0,0.00,0.00,0,0,0,0,0,0,0,0,0.0,0.0,0,0,0,0,0,NA,0,0,NA,NA,NA,NA,0,NA,0,0,NA,NA,NA,NA,NA,0,NA,NA,NA,NA,NA,NA,NA,0,vs PHI,8,PUP,PUP,PUP
6,5938,Lil'Jordan Humphrey,WR,27.4,NYG,34.0,34,34,9.5,7.5,5.5,1,1,1,66,53,0,0.0%,0,0,0,0,0,0,0.00,0,0,0,0,0.00,0.00,4,53,0,2,0,8,2,55,13.8,6.9,0,0,0,55,0,NA,0,0,80.3%,NA,NA,NA,0,NA,2,8,0.250,2.0,26,30.8%,2.12,0,NA,NA,NA,NA,NA,0.077,NA,55,vs PHI,15,·,3.1,6.4
6,4972,Mason Rudolph,QB,30.2,PIT,999.0,999,999,0,0,0,1,1,0,59,3,0,0.0%,0,0,0,0,0,0,0.00,0,0,0,0,0.00,0.00,0,0,0,0,0,0,0,0,0.0,0.0,3,0,0,0,0,NA,0,0,5.1%,NA,NA,NA,0,NA,0,3,NA,NA,NA,NA,NA,0,NA,0.00,0.0%,0.0%,0.0,NA,0,0,vs CLE,24,·,·,·
6,11306,Xavier Gipson,WR,24.6,NYG,0.0,0,0,0,0,0,0,0,0,0,0,0,0.0%,0,0,0,0,0,0,0.00,0,0,0,0,0.00,0.00,0,0,0,0,0,0,0,0,0.0,0.0,0,0,0,0,0,NA,0,0,NA,NA,NA,NA,0,NA,0,0,NA,NA,NA,NA,NA,0,NA,NA,NA,NA,NA,NA,NA,0,vs PHI,15,OUT,OUT,OUT
6,5374,Justin Watson,WR,29.5,HOU,0.0,0,0,0,0,0,0,0,0,0,0,0,0.0%,0,0,0,0,0,0,0.00,0,0,0,0,0.00,0.00,0,0,0,0,0,0,0,0,0.0,0.0,0,0,0,0,0,NA,0,0,NA,NA,NA,NA,0,NA,0,0,NA,NA,NA,NA,NA,0,NA,NA,NA,NA,NA,NA,NA,0,BYE,BYE,BYE,BYE,BYE
6,8219,Jelani Woods,TE,27.0,NYJ,0.0,0,0,0,0,0,0,0,0,0,0,0,0.0%,0,0,0,0,0,0,0.00,0,0,0,0,0.00,0.00,0,0,0,0,0,0,0,0,0.0,0.0,0,0,0,0,0,NA,0,0,NA,NA,NA,NA,0,NA,0,0,NA,NA,NA,NA,NA,0,NA,NA,NA,NA,NA,NA,NA,0,vs DEN,24,OUT,OUT,OUT
6,6144,Trayveon Williams,RB,27.9,FA,0.0,0,0,0,0,0,0,0,0,0,0,0,0.0%,0,0,0,0,0,0,0.00,0,0,0,0,0.00,0.00,0,0,0,0,0,0,0,0,0.0,0.0,0,0,0,0,0,NA,0,0,NA,NA,NA,NA,0,NA,0,0,NA,NA,NA,NA,NA,0,NA,NA,NA,NA,NA,NA,NA,0,NA,,·,·,·
6,3634,Kalif Raymond,WR,31.1,DET,999.0,999,999,0,0,0,1,1,0,54,2,0,0.0%,0,0,0,0,0,0,0.00,0,0,0,0,0.00,0.00,0,0,0,0,0,0,0,0,0.0,0.0,0,0,0,0,0,NA,0,0,3.7%,NA,NA,NA,0,NA,0,0,NA,0.0,2,0.0%,0.00,0,NA,NA,NA,NA,NA,0.000,NA,0,@ KC,31,·,2.3,-2.3
6,3202,Austin Hooper,TE,30.9,NE,52.0,52,52,1.5,1,0.5,1,1,1,64,41,0,0.0%,0,0,0,0,0,0,0.00,0,0,0,0,0.00,0.00,1,4,0,0,0,1,1,5,5.0,5.0,0,0,0,5,0,NA,0,0,64.1%,NA,NA,NA,0,NA,0,1,0.000,0.0,13,3.8%,0.38,0,NA,NA,NA,NA,NA,0.000,NA,5,@ NO,4,·,2.3,-0.8
6,8116,Pierre Strong Jr.,RB,26.8,GB,999.0,999,999,0,0,0,1,0,0,0,0,0,0.0%,0,0,0,0,0,0,0.00,0,0,0,0,0.00,0.00,0,0,0,0,0,0,0,0,0.0,0.0,0,0,0,0,0,NA,0,0,NA,NA,NA,NA,0,NA,0,0,NA,NA,NA,NA,NA,0,NA,NA,NA,NA,NA,NA,NA,0,vs CIN,1,·,·,·
6,7608,Khalil Herbert,RB,27.4,FA,0.0,0,0,0,0,0,0,0,0,0,0,0,0.0%,0,0,0,0,0,0,0.00,0,0,0,0,0.00,0.00,0,0,0,0,0,0,0,0,0.0,0.0,0,0,0,0,0,NA,0,0,NA,NA,NA,NA,0,NA,0,0,NA,NA,NA,NA,NA,0,NA,NA,NA,NA,NA,NA,NA,0,NA,,OUT,OUT,OUT
6,9489,Justin Shorter,WR,25.4,LV,999.0,999,999,0,0,0,1,1,0,61,2,0,0.0%,0,0,0,0,0,0,0.00,0,0,0,0,0.00,0.00,0,0,0,0,0,0,0,0,0.0,0.0,0,0,0,0,0,NA,0,0,3.3%,NA,NA,NA,0,NA,0,0,NA,0.0,NA,NA,NA,0,NA,NA,NA,NA,NA,NA,NA,0,vs TEN,9,·,·,·
6,6847,Devin Duvernay,WR,28.0,CHI,999.0,999,999,0,0,0,1,1,0,64,0,0,0.0%,0,0,0,0,0,0,0.00,0,0,0,0,0.00,0.00,0,0,0,0,0,0,0,0,0.0,0.0,0,0,0,0,0,NA,0,0,0.0%,NA,NA,NA,0,NA,0,0,NA,0.0,NA,NA,NA,0,NA,NA,NA,NA,NA,NA,NA,0,@ WAS,10,·,0.2,-0.2
6,2749,Raheem Mostert,RB,33.5,LV,69.0,69,68,-0.4,-0.4,-0.4,1,1,0,61,13,0,0.0%,0,0,0,0,0,0,0.00,-4,0,0,0,0.00,0.00,0,0,0,0,0,0,0,0,0.0,0.0,5,0,0,-4,0,NA,-4,-0.8,21.3%,NA,NA,NA,0,NA,0,5,0.000,0.0,NA,NA,NA,0,NA,NA,NA,NA,NA,NA,NA,-4,vs TEN,3,·,5.5,-5.9
6,6290,Scotty Miller,WR,28.2,PIT,999.0,999,999,0,0,0,1,1,0,59,26,0,0.0%,0,0,0,0,0,0,0.00,0,0,0,0,0.00,0.00,0,0,0,0,0,0,0,0,0.0,0.0,0,0,0,0,0,NA,0,0,44.1%,NA,NA,NA,0,NA,0,0,NA,0.0,15,0.0%,0.00,0,NA,NA,NA,NA,NA,0.000,NA,0,vs CLE,8,·,3.0,-3.0
6,6012,Travis Homer,RB,27.1,CHI,999.0,999,999,0,0,0,1,0,0,0,0,0,0.0%,0,0,0,0,0,0,0.00,0,0,0,0,0.00,0.00,0,0,0,0,0,0,0,0,0.0,0.0,0,0,0,0,0,NA,0,0,NA,NA,NA,NA,0,NA,0,0,NA,NA,NA,NA,NA,0,NA,NA,NA,NA,NA,NA,NA,0,@ WAS,21,IR,IR,IR
6,7757,Ben Skowronek,WR,28.2,PIT,999.0,999,999,0,0,0,1,1,0,59,10,0,0.0%,0,0,0,0,0,0,0.00,0,0,0,0,0.00,0.00,0,0,0,0,0,0,0,0,0.0,0.0,0,0,0,0,0,NA,0,0,16.9%,NA,NA,NA,0,NA,0,0,NA,0.0,NA,NA,NA,0,NA,NA,NA,NA,NA,NA,NA,0,vs CLE,8,·,3.1,-3.1
6,9495,Rakim Jarrett,WR,24.7,PIT,0.0,0,0,0,0,0,0,0,0,0,0,0,0.0%,0,0,0,0,0,0,0.00,0,0,0,0,0.00,0.00,0,0,0,0,0,0,0,0,0.0,0.0,0,0,0,0,0,NA,0,0,NA,NA,NA,NA,0,NA,0,0,NA,NA,NA,NA,NA,0,NA,NA,NA,NA,NA,NA,NA,0,vs CLE,8,·,·,·
6,7602,Kylen Granson,TE,27.5,PHI,999.0,999,999,0,0,0,1,1,0,57,13,0,0.0%,0,0,0,0,0,0,0.00,0,0,0,0,0.00,0.00,0,0,0,0,0,0,0,0,0.0,0.0,0,0,0,0,0,NA,0,0,22.8%,NA,NA,NA,0,NA,0,0,NA,0.0,6,0.0%,0.00,0,NA,NA,NA,NA,NA,0.000,NA,0,@ NYG,23,·,0.5,-0.5
6,7565,Terrace Marshall,WR,25.3,PHI,999.0,999,999,0,0,0,1,0,0,0,0,0,0.0%,0,0,0,0,0,0,0.00,0,0,0,0,0.00,0.00,0,0,0,0,0,0,0,0,0.0,0.0,0,0,0,0,0,NA,0,0,NA,NA,NA,NA,0,NA,0,0,NA,NA,NA,NA,NA,0,NA,NA,NA,NA,NA,NA,NA,0,@ NYG,3,·,·,·
6,7585,Davis Mills,QB,26.9,HOU,0.0,0,0,0,0,0,0,0,0,0,0,0,0.0%,0,0,0,0,0,0,0.00,0,0,0,0,0.00,0.00,0,0,0,0,0,0,0,0,0.0,0.0,0,0,0,0,0,NA,0,0,NA,NA,NA,NA,0,NA,0,0,NA,NA,NA,NA,NA,0,NA,NA,NA,NA,NA,NA,NA,0,BYE,BYE,BYE,BYE,BYE
6,7066,K.J. Osborn,WR,28.3,FA,0.0,0,0,0,0,0,0,0,0,0,0,0,0.0%,0,0,0,0,0,0,0.00,0,0,0,0,0.00,0.00,0,0,0,0,0,0,0,0,0.0,0.0,0,0,0,0,0,NA,0,0,NA,NA,NA,NA,0,NA,0,0,NA,NA,NA,NA,NA,0,NA,NA,NA,NA,NA,NA,NA,0,NA,,·,·,·
6,12478,Nick Nash,WR,25.2,ATL,999.0,999,999,0,0,0,1,0,0,0,0,0,0.0%,0,0,0,0,0,0,0.00,0,0,0,0,0.00,0.00,0,0,0,0,0,0,0,0,0.0,0.0,0,0,0,0,0,NA,0,0,NA,NA,NA,NA,0,NA,0,0,NA,NA,NA,NA,NA,0,NA,NA,NA,NA,NA,NA,NA,0,vs BUF,20,·,·,·
6,8127,Charlie Kolar,TE,26.6,BAL,999.0,999,999,0,0,0,1,1,0,78,28,0,0.0%,0,0,0,0,0,0,0.00,0,0,0,0,0.00,0.00,0,0,0,0,0,1,0,0,0.0,0.0,0,0,0,0,0,NA,0,0,35.9%,NA,NA,NA,0,NA,0,1,0.000,0.0,NA,NA,NA,0,NA,NA,NA,NA,NA,NA,NA,0,vs LAR,13,·,2.5,-2.5
6,10228,Charlie Jones,WR,26.9,CIN,999.0,999,999,0,0,0,1,1,0,65,0,0,0.0%,0,0,0,0,0,0,0.00,0,0,0,0,0.00,0.00,0,0,0,0,0,0,0,0,0.0,0.0,0,0,0,0,0,NA,0,0,0.0%,NA,NA,NA,0,NA,0,0,NA,0.0,NA,NA,NA,0,NA,NA,NA,NA,NA,NA,NA,0,@ GB,28,·,0.4,-0.4
6,6659,Craig Reynolds,RB,29.3,DET,999.0,999,999,0,0,0,1,1,0,54,0,0,0.0%,0,0,0,0,0,0,0.00,0,0,0,0,0.00,0.00,0,0,0,0,0,0,0,0,0.0,0.0,0,0,0,0,0,NA,0,0,0.0%,NA,NA,NA,0,NA,0,0,NA,0.0,NA,NA,NA,0,NA,NA,NA,NA,NA,NA,NA,0,@ KC,22,·,0.5,-0.5
6,7535,Hunter Long,TE,27.1,JAX,37.0,37,37,3.9,2.9,1.9,1,1,1,76,61,0,0.0%,0,0,0,0,0,0,0.00,0,0,0,0,0.00,0.00,2,11,1,1,0,3,8,19,9.5,6.3,0,0,0,19,0,NA,0,0,80.3%,NA,NA,NA,0,NA,1,3,0.333,1.0,33,7.1%,0.58,0,NA,NA,NA,NA,NA,0.030,NA,19,vs SEA,15,·,6.2,-2.3
6,6427,Ashton Dulin,WR,28.4,IND,999.0,999,999,0,0,0,1,1,0,59,1,0,0.0%,0,0,0,0,0,0,0.00,0,0,0,0,0.00,0.00,0,0,0,0,0,0,0,0,0.0,0.0,0,0,0,0,0,NA,0,0,1.7%,NA,NA,NA,0,NA,0,0,NA,0.0,1,0.0%,0.00,0,NA,NA,NA,NA,NA,0.000,NA,0,vs ARI,14,·,1.6,-1.6
6,11716,Tip Reiman,TE,24.0,ARI,999.0,999,999,0,0,0,1,0,0,0,0,0,0.0%,0,0,0,0,0,0,0.00,0,0,0,0,0.00,0.00,0,0,0,0,0,0,0,0,0.0,0.0,0,0,0,0,0,NA,0,0,NA,NA,NA,NA,0,NA,0,0,NA,NA,NA,NA,NA,0,NA,NA,NA,NA,NA,NA,NA,0,@ IND,20,IR,IR,IR
6,6805,KJ Hamler,WR,26.2,FA,0.0,0,0,0,0,0,0,0,0,0,0,0,0.0%,0,0,0,0,0,0,0.00,0,0,0,0,0.00,0.00,0,0,0,0,0,0,0,0,0.0,0.0,0,0,0,0,0,NA,0,0,NA,NA,NA,NA,0,NA,0,0,NA,NA,NA,NA,NA,0,NA,NA,NA,NA,NA,NA,NA,0,NA,,·,·,·
6,11621,Brenden Rice,WR,23.5,FA,0.0,0,0,0,0,0,0,0,0,0,0,0,0.0%,0,0,0,0,0,0,0.00,0,0,0,0,0.00,0.00,0,0,0,0,0,0,0,0,0.0,0.0,0,0,0,0,0,NA,0,0,NA,NA,NA,NA,0,NA,0,0,NA,NA,NA,NA,NA,0,NA,NA,NA,NA,NA,NA,NA,0,NA,,·,·,·
6,9499,Bryce Ford-Wheaton,WR,25.6,NYG,999.0,999,999,0,0,0,1,0,0,0,0,0,0.0%,0,0,0,0,0,0,0.00,0,0,0,0,0.00,0.00,0,0,0,0,0,0,0,0,0.0,0.0,0,0,0,0,0,NA,0,0,NA,NA,NA,NA,0,NA,0,0,NA,NA,NA,NA,NA,0,NA,NA,NA,NA,NA,NA,NA,0,vs PHI,15,IR,IR,IR
6,5000,Chase Edmonds,RB,29.5,FA,999.0,999,999,0,0,0,1,0,0,0,0,0,0.0%,0,0,0,0,0,0,0.00,0,0,0,0,0.00,0.00,0,0,0,0,0,0,0,0,0.0,0.0,0,0,0,0,0,NA,0,0,NA,NA,NA,NA,0,NA,0,0,NA,NA,NA,NA,NA,0,NA,NA,NA,NA,NA,NA,NA,0,NA,,·,·,·
6,5409,Tanner Hudson,TE,30.9,CIN,14.0,13,17,11,9,7,1,1,0,65,16,0,0.0%,0,0,0,0,0,0,0.00,0,0,0,0,0.00,0.00,4,2,0,0,1,5,8,10,2.5,2.0,0,0,0,10,0,NA,0,0,24.6%,NA,NA,NA,0,NA,1,5,0.200,1.0,15,11.1%,0.67,0,NA,NA,NA,NA,NA,0.000,NA,10,@ GB,17,·,·,·
6,4663,Austin Ekeler,RB,30.4,WAS,999.0,999,999,0,0,0,1,0,0,0,0,0,0.0%,0,0,0,0,0,0,0.00,0,0,0,0,0.00,0.00,0,0,0,0,0,0,0,0,0.0,0.0,0,0,0,0,0,NA,0,0,NA,NA,NA,NA,0,NA,0,0,NA,NA,NA,NA,NA,0,NA,NA,NA,NA,NA,NA,NA,0,vs CHI,7,IR,IR,IR
6,8220,Sincere McCormick,RB,25.0,SF,999.0,999,999,0,0,0,1,0,0,0,0,0,0.0%,0,0,0,0,0,0,0.00,0,0,0,0,0.00,0.00,0,0,0,0,0,0,0,0,0.0,0.0,0,0,0,0,0,NA,0,0,NA,NA,NA,NA,0,NA,0,0,NA,NA,NA,NA,NA,0,NA,NA,NA,NA,NA,NA,NA,0,@ TB,17,·,·,·
6,8249,Lucas Krull,TE,27.2,DEN,999.0,999,999,0,0,0,1,0,0,0,0,0,0.0%,0,0,0,0,0,0,0.00,0,0,0,0,0.00,0.00,0,0,0,0,0,0,0,0,0.0,0.0,0,0,0,0,0,NA,0,0,NA,NA,NA,NA,0,NA,0,0,NA,NA,NA,NA,NA,0,NA,NA,NA,NA,NA,NA,NA,0,@ NYJ,7,IR,IR,IR
6,6001,Drew Sample,TE,29.4,CIN,59.0,59,57,0.8,0.3,-0.2,1,1,1,65,22,0,0.0%,0,0,0,0,0,0,0.00,0,0,0,0,0.00,0.00,1,-4,0,0,0,2,2,-2,-2.0,-1.0,0,0,0,-2,0,NA,0,0,33.8%,NA,NA,NA,0,NA,0,2,0.000,0.0,10,4.4%,-0.20,0,NA,NA,NA,NA,NA,0.000,NA,-2,@ GB,17,·,1.4,-0.6
6,4111,D'Onta Foreman,RB,29.4,FA,0.0,0,0,0,0,0,0,0,0,0,0,0,0.0%,0,0,0,0,0,0,0.00,0,0,0,0,0.00,0.00,0,0,0,0,0,0,0,0,0.0,0.0,0,0,0,0,0,NA,0,0,NA,NA,NA,NA,0,NA,0,0,NA,NA,NA,NA,NA,0,NA,NA,NA,NA,NA,NA,NA,0,NA,,·,·,·
6,11582,Carson Steele,RB,22.9,KC,999.0,999,999,0,0,0,1,0,0,0,0,0,0.0%,0,0,0,0,0,0,0.00,0,0,0,0,0.00,0.00,0,0,0,0,0,0,0,0,0.0,0.0,0,0,0,0,0,NA,0,0,NA,NA,NA,NA,0,NA,0,0,NA,NA,NA,NA,NA,0,NA,NA,NA,NA,NA,NA,NA,0,vs DET,26,·,·,·
6,8583,Stone Smartt,TE,27.0,NYJ,999.0,999,999,0,0,0,1,1,0,57,0,0,0.0%,0,0,0,0,0,0,0.00,0,0,0,0,0.00,0.00,0,0,0,0,0,0,0,0,0.0,0.0,0,0,0,0,0,NA,0,0,0.0%,NA,NA,NA,0,NA,0,0,NA,0.0,NA,NA,NA,0,NA,NA,NA,NA,NA,NA,NA,0,vs DEN,24,·,0.7,-0.7
,,,,,,,,,,,,,,,,,,0.0%,,,,,,,,,,,,,,,,,,,,,,,,,,,,,NA,,,NA,NA,NA,NA,0,NA,0,0,NA,NA,NA,NA,NA,0,NA,NA,NA,NA,NA,NA,NA,0,NA,,·,·,·