WK,SLPR_ID,NM,POS,AGE,TM,PRK_PPR,PRK_0.5P,PRK_STD,FPT_PPR,FPTS_0.5,FPTS_STD,GM_ACTV,GM_P,GM,TM_SNP,SNP,FUM,CMP PCT,paAY,paATT,CMP,pa1D,INC,INT,paRTG,pa.ruYDS,SAC,paTD,paYDS,paYPA,paYPC,REC,recAY,DRP,rec1D,recTD,TGT,YAC,recYDS,YPR,YPT,CAR,BTKL,ru1D,ru.recYDS,ruTD,YCO,ruYDS,YPC,SNP%,MTF,YCO/A,MTF/A,ruIMP,ELU,IMP,OPP,IMP/OPP,IMP/G,RR,TS%,YPRR,pIMP,pIMP/A,TTT,DP%,PRS%,AYA,1DRR,DB,YDS(t),VS,vsRK,INJ,PROJ,FPOE
7,4984,Josh Allen,QB,29.6,BUF,0,0,0,0,0,0,0,0,0,0,0,0,0.0%,0,0,0,0,0,0,0.00,0,0,0,0,0.00,0.00,0,0,0,0,0,0,0,0,0.0,0.0,0,0,0,0,0,NA,0,0,NA,NA,NA,NA,0,NA,0,0,NA,NA,NA,NA,NA,0,NA,NA,NA,NA,NA,NA,NA,0,BYE,BYE,BYE,NA,NA
7,9488,Jaxon Smith-Njigba,WR,23.8,SEA,7,7,6,26.3,22.3,18.3,1,1,1,72,63,0,0.0%,0,0,0,0,0,0,0.00,0,0,0,0,0.00,0.00,8,93,0,5,1,14,30,123,15.4,8.8,0,0,0,123,0,NA,0,0,87.5%,NA,NA,NA,0,NA,6,14,0.429,6.0,33,43.8%,3.73,0,NA,NA,NA,NA,NA,0.152,NA,123,vs HOU,29,·,NA,NA
7,7564,Ja'Marr Chase,WR,25.8,CIN,1,1,3,38.1,30.1,22.1,1,1,1,76,75,0,0.0%,0,0,0,0,0,0,0.00,0,0,0,0,0.00,0.00,16,72,1,8,1,23,89,161,10.1,7.0,0,0,0,161,0,NA,0,0,98.7%,NA,NA,NA,0,NA,9,23,0.391,9.0,48,48.9%,3.35,0,NA,NA,NA,NA,NA,0.167,NA,161,vs PIT,19,·,NA,NA
7,9221,Jahmyr Gibbs,RB,23.7,DET,2,2,1,36.8,35.3,33.8,1,1,1,68,38,0,0.0%,0,0,0,0,0,0,0.00,136,0,0,0,0.00,0.00,3,-10,0,3,0,3,92,82,27.3,27.3,17,2,3,218,2,49,136,8,55.9%,8,2.90,0.471,5,0.761,8,20,0.400,8.0,NA,10.3%,NA,0,NA,NA,NA,NA,NA,NA,NA,218,vs TB,11,·,NA,NA
7,11564,Drake Maye,QB,23.3,NE,10,10,10,23.08,23.08,23.08,1,1,1,65,55,0,91.3%,162,23,21,10,2,0,135.90,284,4,2,222,9.65,10.57,0,0,0,0,0,0,0,0,0.0,0.0,8,0,3,62,0,NA,62,7.75,84.6%,NA,NA,NA,3,NA,15,31,NA,NA,NA,NA,NA,12,52.2%,2.60,4.3%,37.1%,8.2,NA,35,284,@ TEN,29,·,NA,NA
7,9509,Bijan Robinson,RB,23.8,ATL,5,9,12,21.2,18.2,15.2,1,1,1,65,57,0,0.0%,0,0,0,0,0,0,0.00,40,0,0,0,0.00,0.00,6,-6,0,2,1,8,58,52,8.7,6.5,14,0,1,92,0,43,40,2.86,87.7%,8,3.10,0.571,1,0.881,4,22,0.182,4.0,NA,21.1%,NA,0,NA,NA,NA,NA,NA,NA,NA,92,@ SF,19,·,NA,NA
7,9493,Puka Nacua,WR,24.5,LAR,0,0,0,0,0,0,0,0,0,0,0,0,0.0%,0,0,0,0,0,0,0.00,0,0,0,0,0.00,0.00,0,0,0,0,0,0,0,0,0.0,0.0,0,0,0,0,0,NA,0,0,NA,NA,NA,NA,0,NA,0,0,NA,NA,NA,NA,NA,0,NA,NA,NA,NA,NA,NA,NA,0,@ JAX,8,OUT,NA,NA
7,4881,Lamar Jackson,QB,28.9,BAL,0,0,0,0,0,0,0,0,0,0,0,0,0.0%,0,0,0,0,0,0,0.00,0,0,0,0,0.00,0.00,0,0,0,0,0,0,0,0,0.0,0.0,0,0,0,0,0,NA,0,0,NA,NA,NA,NA,0,NA,0,0,NA,NA,NA,NA,NA,0,NA,NA,NA,NA,NA,NA,NA,0,BYE,BYE,BYE,NA,NA
7,11632,Malik Nabers,WR,22.4,NYG,999.0,999,999,0,0,0,1,0,0,0,0,0,0.0%,0,0,0,0,0,0,0.00,0,0,0,0,0.00,0.00,0,0,0,0,0,0,0,0,0.0,0.0,0,0,0,0,0,NA,0,0,NA,NA,NA,NA,0,NA,0,0,NA,NA,NA,NA,NA,0,NA,NA,NA,NA,NA,NA,NA,0,@ DEN,31,IR,NA,NA
7,11604,Brock Bowers,TE,23.0,LV,0.0,0,0,0,0,0,0,0,0,0,0,0,0.0%,0,0,0,0,0,0,0.00,0,0,0,0,0.00,0.00,0,0,0,0,0,0,0,0,0.0,0.0,0,0,0,0,0,NA,0,0,NA,NA,NA,NA,0,NA,0,0,NA,NA,NA,NA,NA,0,NA,NA,NA,NA,NA,NA,NA,0,@ KC,27,D,NA,NA
7,7547,Amon-Ra St. Brown,WR,26.1,DET,15.0,13,13,20.6,17.6,14.6,1,1,1,68,62,0,0.0%,0,0,0,0,0,0,0.00,0,0,0,0,0.00,0.00,6,40,0,2,1,10,46,86,14.3,8.6,0,0,0,86,0,NA,0,0,91.2%,NA,NA,NA,0,NA,3,10,0.300,3.0,30,34.5%,2.87,0,NA,NA,NA,NA,NA,0.067,NA,86,vs TB,20,·,NA,NA
7,6786,CeeDee Lamb,WR,26.7,DAL,11.0,11,8,22,19.5,17,1,1,1,67,52,0,0.0%,0,0,0,0,0,0,0.00,0,0,0,0,0.00,0.00,5,50,0,2,1,8,60,110,22.0,13.8,0,0,0,110,0,NA,0,0,77.6%,NA,NA,NA,0,NA,3,8,0.375,3.0,31,26.7%,3.55,0,NA,NA,NA,NA,NA,0.065,NA,110,vs WAS,10,·,NA,NA
7,11566,Jayden Daniels,QB,25.0,WAS,13.0,13,13,17.74,17.74,17.74,1,1,1,67,46,1,54.5%,87,22,12,5,10,0,92.20,191,2,1,156,7.09,13.00,0,0,0,0,0,0,0,0,0.0,0.0,8,0,3,35,1,NA,35,4.38,68.7%,NA,NA,NA,4,NA,10,30,NA,NA,NA,NA,NA,6,27.3%,3.12,4.5%,28.6%,8.0,NA,28,191,@ DAL,1,·,NA,NA
7,6794,Justin Jefferson,WR,26.5,MIN,27.0,26,26,12.9,10.4,7.9,1,1,1,69,68,0,0.0%,0,0,0,0,0,0,0.00,0,0,0,0,0.00,0.00,5,21,0,3,0,10,58,79,15.8,7.9,0,0,0,79,0,NA,0,0,98.6%,NA,NA,NA,0,NA,3,10,0.300,3.0,43,23.8%,1.84,0,NA,NA,NA,NA,NA,0.070,NA,79,vs PHI,18,·,NA,NA
7,8130,Trey McBride,TE,26.0,ARI,1.0,3,3,29.4,24.4,19.4,1,1,1,76,66,0,0.0%,0,0,0,0,0,0,0.00,0,0,0,0,0.00,0.00,10,45,1,2,2,13,29,74,7.4,5.7,0,0,0,74,0,NA,0,0,86.8%,NA,NA,NA,0,NA,4,13,0.308,4.0,39,36.1%,1.90,0,NA,NA,NA,NA,NA,0.051,NA,74,vs GB,4,·,NA,NA
7,6813,Jonathan Taylor,RB,26.9,IND,3.0,3,3,34.2,32.7,31.2,1,1,1,60,52,0,0.0%,0,0,0,0,0,0,0.00,94,0,0,0,0.00,0.00,3,-3,0,2,0,3,41,38,12.7,12.7,16,0,5,132,3,51,94,5.88,86.7%,3,3.20,0.188,8,0.508,10,19,0.526,10.0,NA,8.8%,NA,0,NA,NA,NA,NA,NA,NA,NA,132,@ LAC,18,·,NA,NA
7,4046,Patrick Mahomes,QB,30.2,KC,5.0,5,5,26.24,26.24,26.24,1,1,1,81,65,0,74.3%,132,35,26,13,9,0,126.60,314,1,3,286,8.17,11.00,0,0,0,0,0,0,0,0,0.0,0.0,4,0,2,28,0,NA,28,7,80.2%,NA,NA,NA,2,NA,18,39,NA,NA,NA,NA,NA,16,45.7%,2.27,8.6%,10.0%,5.5,NA,40,314,vs LV,24,·,NA,NA
7,9226,De'Von Achane,RB,24.2,MIA,15.0,16,18,12.8,11.3,9.8,1,1,1,58,32,0,0.0%,0,0,0,0,0,0,0.00,82,0,0,0,0.00,0.00,3,-15,0,1,0,5,31,16,5.3,3.2,13,0,2,98,0,78,82,6.31,55.2%,4,6.00,0.308,2,0.908,3,18,0.167,3.0,NA,16.1%,NA,0,NA,NA,NA,NA,NA,NA,NA,98,@ CLE,32,·,NA,NA
7,6770,Joe Burrow,QB,29.0,CIN,999.0,999,999,0,0,0,1,0,0,0,0,0,0.0%,0,0,0,0,0,0,0.00,0,0,0,0,0.00,0.00,0,0,0,0,0,0,0,0,0.0,0.0,0,0,0,0,0,NA,0,0,NA,NA,NA,NA,0,NA,0,0,NA,NA,NA,NA,NA,0,NA,NA,NA,NA,NA,NA,NA,0,vs PIT,7,IR,NA,NA
7,8112,Drake London,WR,24.4,ATL,39.0,46,47,8.2,6.2,4.2,1,1,1,65,64,0,0.0%,0,0,0,0,0,0,0.00,0,0,0,0,0.00,0.00,4,37,0,2,0,10,5,42,10.5,4.2,0,0,0,42,0,NA,0,0,98.5%,NA,NA,NA,0,NA,2,10,0.200,2.0,39,26.3%,1.08,0,NA,NA,NA,NA,NA,0.051,NA,42,@ SF,15,·,NA,NA
7,6904,Jalen Hurts,QB,27.3,PHI,8.0,8,8,24.04,24.04,24.04,1,1,1,50,50,0,82.6%,236,23,19,6,4,0,158.30,316,3,3,326,14.17,17.16,0,0,0,0,0,0,0,0,0.0,0.0,4,0,1,-10,0,NA,-10,-2.5,100.0%,NA,NA,NA,1,NA,10,27,NA,NA,NA,NA,NA,9,39.1%,3.39,21.7%,50.0%,12.1,NA,26,316,@ MIN,30,·,NA,NA
7,6797,Justin Herbert,QB,27.8,LAC,2.0,2,2,29.9,29.9,29.9,1,1,1,76,76,0,67.3%,278,55,37,16,18,2,93.00,451,3,3,420,7.64,11.35,0,0,0,0,0,0,0,0,0.0,0.0,6,0,4,31,0,NA,31,5.17,100.0%,NA,NA,NA,4,NA,23,61,NA,NA,NA,NA,NA,19,34.5%,3.13,16.4%,57.4%,8.9,NA,61,451,vs IND,19,·,NA,NA
7,12514,Emeka Egbuka,WR,23.2,TB,33.0,34,40,9.8,7.8,5.8,1,1,0,69,52,0,0.0%,0,0,0,0,0,0,0.00,0,0,0,0,0.00,0.00,4,38,0,2,0,12,20,58,14.5,4.8,0,0,0,58,0,NA,0,0,75.4%,NA,NA,NA,0,NA,2,12,0.167,2.0,44,24.0%,1.32,0,NA,NA,NA,NA,NA,0.045,NA,58,@ DET,4,·,NA,NA
7,10229,Rashee Rice,WR,25.6,KC,10.0,9,9,23.2,19.7,16.2,1,1,1,81,33,0,0.0%,0,0,0,0,0,0,0.00,0,0,0,0,0.00,0.00,7,11,0,2,2,10,31,42,6.0,4.2,0,0,0,42,0,NA,0,0,40.7%,NA,NA,NA,0,NA,4,10,0.400,4.0,16,28.6%,2.63,0,NA,NA,NA,NA,NA,0.125,NA,42,vs LV,6,·,NA,NA
7,12527,Ashton Jeanty,RB,22.0,LV,43.0,43,42,4.4,3.9,3.4,1,1,1,35,22,0,0.0%,0,0,0,0,0,0,0.00,21,0,0,0,0.00,0.00,1,-5,0,0,0,1,18,13,13.0,13.0,6,0,0,34,0,8,21,3.5,62.9%,0,1.40,0.000,0,0.140,0,7,0.000,0.0,NA,5.6%,NA,0,NA,NA,NA,NA,NA,NA,NA,34,@ KC,20,·,NA,NA
7,12508,Jaxson Dart,QB,22.6,NYG,3.0,3,3,29.42,29.42,29.42,1,1,1,77,77,0,45.5%,136,33,15,9,18,1,93.40,294,4,3,283,8.58,18.87,0,0,0,0,0,0,0,0,0.0,0.0,5,0,1,11,1,NA,11,2.2,100.0%,NA,NA,NA,2,NA,14,38,NA,NA,NA,NA,NA,12,36.4%,2.93,18.2%,54.1%,10.6,NA,37,294,@ DEN,31,·,NA,NA
7,11560,Caleb Williams,QB,24.0,CHI,27.0,27,27,5.68,5.68,5.68,1,1,1,69,69,2,57.7%,83,26,15,10,11,1,61.70,170,1,0,172,6.62,11.47,0,0,0,0,0,0,0,0,0.0,0.0,4,0,0,-2,0,NA,-2,-0.5,100.0%,NA,NA,NA,0,NA,10,30,NA,NA,NA,NA,NA,10,38.5%,3.74,11.5%,39.3%,7.9,NA,28,170,vs NO,5,·,NA,NA
7,12526,Tetairoa McMillan,WR,22.7,CAR,59.0,57,56,6.3,4.8,3.3,1,1,1,71,62,0,0.0%,0,0,0,0,0,0,0.00,0,0,0,0,0.00,0.00,3,16,0,2,0,5,17,33,11.0,6.6,0,0,0,33,0,NA,0,0,87.3%,NA,NA,NA,0,NA,2,5,0.400,2.0,32,15.6%,1.03,0,NA,NA,NA,NA,NA,0.063,NA,33,@ NYJ,24,·,NA,NA
7,8137,George Pickens,WR,24.8,DAL,28.0,28,25,12.2,10.2,8.2,1,1,1,67,56,0,0.0%,0,0,0,0,0,0,0.00,0,0,0,0,0.00,0.00,4,76,0,3,0,6,6,82,20.5,13.7,0,0,0,82,0,NA,0,0,83.6%,NA,NA,NA,0,NA,3,6,0.500,3.0,29,20.0%,2.83,0,NA,NA,NA,NA,NA,0.103,NA,82,vs WAS,10,·,NA,NA
7,12507,Omarion Hampton,RB,22.7,LAC,999.0,999,999,0,0,0,1,0,0,0,0,0,0.0%,0,0,0,0,0,0,0.00,0,0,0,0,0.00,0.00,0,0,0,0,0,0,0,0,0.0,0.0,0,0,0,0,0,NA,0,0,NA,NA,NA,NA,0,NA,0,0,NA,NA,NA,NA,NA,0,NA,NA,NA,NA,NA,NA,NA,0,vs IND,25,IR,NA,NA
7,12518,Tyler Warren,TE,23.5,IND,7.0,6,6,16.9,14.9,12.9,1,1,1,60,55,0,0.0%,0,0,0,0,0,0,0.00,0,0,0,0,0.00,0.00,4,12,0,2,1,5,57,69,17.3,13.8,0,0,0,69,0,NA,0,0,91.7%,NA,NA,NA,0,NA,3,5,0.600,3.0,29,14.7%,2.38,0,NA,NA,NA,NA,NA,0.069,NA,69,@ LAC,26,·,NA,NA
7,12529,TreVeyon Henderson,RB,23.1,NE,69.0,69,65,0.5,0.5,0.5,1,1,0,65,9,0,0.0%,0,0,0,0,0,0,0.00,5,0,0,0,0.00,0.00,0,0,0,0,0,0,0,0,0.0,0.0,2,0,0,5,0,NA,5,2.5,13.8%,NA,NA,NA,0,NA,0,2,0.000,0.0,NA,NA,NA,0,NA,NA,NA,NA,NA,NA,NA,5,@ TEN,3,·,NA,NA
7,11563,Bo Nix,QB,25.8,DEN,1.0,1,1,39.96,39.96,39.96,1,1,1,81,81,1,54.0%,137,50,27,13,23,0,83.70,327,2,2,279,5.58,10.33,0,0,0,0,0,0,0,0,0.0,0.0,5,0,2,48,2,NA,48,9.6,100.0%,NA,NA,NA,4,NA,19,55,NA,NA,NA,NA,NA,15,30.0%,2.67,14.0%,24.5%,8.4,NA,53,327,vs NYG,14,·,NA,NA
7,7569,Nico Collins,WR,26.7,HOU,57.0,59,64,6.7,4.7,2.7,1,1,1,76,39,0,0.0%,0,0,0,0,0,0,0.00,0,0,0,0,0.00,0.00,4,19,1,2,0,10,8,27,6.8,2.7,0,0,0,27,0,NA,0,0,51.3%,NA,NA,NA,0,NA,2,10,0.200,2.0,28,20.4%,0.96,0,NA,NA,NA,NA,NA,0.071,NA,27,@ SEA,17,·,NA,NA
7,12512,Quinshon Judkins,RB,22.1,CLE,4.0,4,4,26.4,26.4,26.4,1,1,1,57,37,0,0.0%,0,0,0,0,0,0,0.00,84,0,0,0,0.00,0.00,0,0,0,0,0,0,0,0,0.0,0.0,25,4,2,84,3,103,84,3.36,64.9%,5,4.10,0.200,5,0.610,5,25,0.200,5.0,NA,0.0%,NA,0,NA,NA,NA,NA,NA,NA,NA,84,vs MIA,4,·,NA,NA
7,8138,James Cook,RB,26.2,BUF,0.0,0,0,0,0,0,0,0,0,0,0,0,0.0%,0,0,0,0,0,0,0.00,0,0,0,0,0.00,0.00,0,0,0,0,0,0,0,0,0.0,0.0,0,0,0,0,0,NA,0,0,NA,NA,NA,NA,0,NA,0,0,NA,NA,NA,NA,NA,0,NA,NA,NA,NA,NA,NA,NA,0,BYE,BYE,BYE,NA,NA
7,11584,Bucky Irving,RB,23.3,TB,0.0,0,0,0,0,0,0,0,0,0,0,0,0.0%,0,0,0,0,0,0,0.00,0,0,0,0,0.00,0.00,0,0,0,0,0,0,0,0,0.0,0.0,0,0,0,0,0,NA,0,0,NA,NA,NA,NA,0,NA,0,0,NA,NA,NA,NA,NA,0,NA,NA,NA,NA,NA,NA,NA,0,@ DET,28,OUT,NA,NA
7,11635,Ladd McConkey,WR,24.1,LAC,20.0,24,32,15.7,11.2,6.7,1,1,1,76,67,0,0.0%,0,0,0,0,0,0,0.00,0,0,0,0,0.00,0.00,9,50,1,3,0,15,17,67,7.4,4.5,0,0,0,67,0,NA,0,0,88.2%,NA,NA,NA,0,NA,3,15,0.200,3.0,54,27.3%,1.24,0,NA,NA,NA,NA,NA,0.056,NA,67,vs IND,5,·,NA,NA
7,8146,Garrett Wilson,WR,25.4,NYJ,0.0,0,0,0,0,0,0,0,0,0,0,0,0.0%,0,0,0,0,0,0,0.00,0,0,0,0,0.00,0.00,0,0,0,0,0,0,0,0,0.0,0.0,0,0,0,0,0,NA,0,0,NA,NA,NA,NA,0,NA,0,0,NA,NA,NA,NA,NA,0,NA,NA,NA,NA,NA,NA,NA,0,vs CAR,28,D,NA,NA
7,4034,Christian McCaffrey,RB,29.5,SF,1.0,1,2,39.1,35.6,32.1,1,1,1,67,50,0,0.0%,0,0,0,0,0,0,0.00,129,0,0,0,0.00,0.00,7,16,0,5,0,8,56,72,10.3,9.0,24,4,7,201,2,91,129,5.38,74.6%,6,3.80,0.250,9,0.630,14,32,0.438,14.0,NA,30.8%,NA,0,NA,NA,NA,NA,NA,NA,NA,201,vs ATL,31,·,NA,NA
7,6804,Jordan Love,QB,27.1,GB,17.0,17,17,13.36,13.36,13.36,1,1,1,56,56,2,65.5%,100,29,19,9,10,0,93.90,201,1,1,179,6.17,9.42,0,0,0,0,0,0,0,0,0.0,0.0,4,0,1,22,0,NA,22,5.5,100.0%,NA,NA,NA,1,NA,11,33,NA,NA,NA,NA,NA,10,34.5%,2.91,6.9%,33.3%,7.2,NA,33,201,@ ARI,22,·,NA,NA
7,11620,Rome Odunze,WR,23.5,CHI,63.0,63,58,5.1,4.1,3.1,1,1,1,69,65,0,0.0%,0,0,0,0,0,0,0.00,0,0,0,0,0.00,0.00,2,12,0,2,0,6,19,31,15.5,5.2,0,0,0,31,0,NA,0,0,94.2%,NA,NA,NA,0,NA,2,6,0.333,2.0,27,23.1%,1.15,0,NA,NA,NA,NA,NA,0.074,NA,31,vs NO,9,·,NA,NA
7,11628,Marvin Harrison Jr.,WR,23.3,ARI,48.0,40,39,7.8,6.8,5.8,1,1,1,76,65,0,0.0%,0,0,0,0,0,0,0.00,0,0,0,0,0.00,0.00,2,53,0,2,0,6,5,58,29.0,9.7,0,0,0,58,0,NA,0,0,85.5%,NA,NA,NA,0,NA,2,6,0.333,2.0,39,16.7%,1.49,0,NA,NA,NA,NA,NA,0.051,NA,58,vs GB,14,·,NA,NA
7,4892,Baker Mayfield,QB,30.6,TB,20.0,20,20,12.12,12.12,12.12,1,1,1,69,68,1,56.0%,121,50,28,10,22,1,66.10,228,4,1,228,4.56,8.14,0,0,0,0,0,0,0,0,0.0,0.0,0,0,0,0,0,NA,0,0,98.6%,NA,NA,NA,0,NA,11,50,NA,NA,NA,NA,NA,11,22.0%,3.15,10.0%,37.0%,9.3,NA,54,228,@ DET,6,·,NA,NA
7,8183,Brock Purdy,QB,26.0,SF,0.0,0,0,0,0,0,0,0,0,0,0,0,0.0%,0,0,0,0,0,0,0.00,0,0,0,0,0.00,0.00,0,0,0,0,0,0,0,0,0.0,0.0,0,0,0,0,0,NA,0,0,NA,NA,NA,NA,0,NA,0,0,NA,NA,NA,NA,NA,0,NA,NA,NA,NA,NA,NA,NA,0,vs ATL,28,OUT,NA,NA
7,8155,Breece Hall,RB,24.5,NYJ,30.0,31,31,7.2,6.2,5.2,1,1,1,61,33,0,0.0%,0,0,0,0,0,0,0.00,38,0,0,0,0.00,0.00,2,13,0,0,0,3,1,14,7.0,4.7,11,0,2,52,0,33,38,3.45,54.1%,5,3.00,0.455,2,0.755,2,14,0.143,2.0,NA,8.8%,NA,0,NA,NA,NA,NA,NA,NA,NA,52,vs CAR,21,·,NA,NA
7,3294,Dak Prescott,QB,32.4,DAL,9.0,9,9,23.26,23.26,23.26,1,1,1,67,67,1,70.0%,129,30,21,8,9,0,130.40,271,1,3,264,8.80,12.57,0,0,0,0,0,0,0,0,0.0,0.0,5,0,1,7,0,NA,7,1.4,100.0%,NA,NA,NA,1,NA,12,35,NA,NA,NA,NA,NA,11,36.7%,2.76,13.3%,27.3%,6.9,NA,33,271,vs WAS,9,·,NA,NA
7,9758,C.J. Stroud,QB,24.2,HOU,15.0,15,15,14.66,14.66,14.66,1,1,1,76,76,0,46.9%,120,49,23,12,26,1,59.00,254,3,1,229,4.67,9.96,0,0,0,0,0,0,0,0,0.0,0.0,2,0,0,25,0,NA,25,12.5,100.0%,NA,NA,NA,0,NA,13,51,NA,NA,NA,NA,NA,13,26.5%,2.92,12.2%,31.5%,8.0,NA,54,254,@ SEA,21,·,NA,NA
7,11631,Brian Thomas Jr.,WR,23.2,JAX,60.0,60,59,6.1,4.6,3.1,1,1,1,77,51,0,0.0%,0,0,0,0,0,0,0.00,0,0,0,0,0.00,0.00,3,27,3,1,0,7,4,31,10.3,4.4,0,0,0,31,0,NA,0,0,66.2%,NA,NA,NA,0,NA,1,7,0.143,1.0,38,14.6%,0.82,0,NA,NA,NA,NA,NA,0.026,NA,31,vs LAR,25,·,NA,NA
7,8144,Chris Olave,WR,25.4,NO,5.0,4,4,26.8,24.3,21.8,1,1,1,56,47,0,0.0%,0,0,0,0,0,0,0.00,0,0,0,0,0.00,0.00,5,87,0,1,2,7,11,98,19.6,14.0,0,0,0,98,0,NA,0,0,83.9%,NA,NA,NA,0,NA,3,7,0.429,3.0,31,21.9%,3.16,0,NA,NA,NA,NA,NA,0.032,NA,98,@ CHI,7,·,NA,NA
7,6801,Tee Higgins,WR,26.9,CIN,13.0,12,11,21.6,18.6,15.6,1,1,1,76,66,0,0.0%,0,0,0,0,0,0,0.00,0,0,0,0,0.00,0.00,6,62,0,2,1,10,34,96,16.0,9.6,0,0,0,96,0,NA,0,0,86.8%,NA,NA,NA,0,NA,3,10,0.300,3.0,43,21.3%,2.23,0,NA,NA,NA,NA,NA,0.047,NA,96,vs PIT,19,·,NA,NA
7,8150,Kyren Williams,RB,25.3,LAR,25.0,25,25,8.5,7.5,6.5,1,1,1,70,42,0,0.0%,0,0,0,0,0,0,0.00,54,0,0,0,0.00,0.00,2,5,0,1,0,3,6,11,5.5,3.7,12,1,3,65,0,44,54,4.5,60.0%,4,3.70,0.333,3,0.703,4,15,0.267,4.0,NA,9.1%,NA,0,NA,NA,NA,NA,NA,NA,NA,65,@ JAX,23,·,NA,NA
7,5850,Josh Jacobs,RB,27.8,GB,9.0,7,6,18.8,18.3,17.8,1,1,1,56,31,0,0.0%,0,0,0,0,0,0,0.00,55,0,0,0,0.00,0.00,1,0,0,0,0,1,3,3,3.0,3.0,13,0,2,58,2,27,55,4.23,55.4%,3,2.10,0.231,4,0.441,4,14,0.286,4.0,NA,3.4%,NA,0,NA,NA,NA,NA,NA,NA,NA,58,@ ARI,9,·,NA,NA
7,9484,Tucker Kraft,TE,25.1,GB,8.0,7,8,16.8,14.3,11.8,1,1,1,56,50,0,0.0%,0,0,0,0,0,0,0.00,0,0,0,0,0.00,0.00,5,26,1,3,1,10,32,58,11.6,5.8,0,0,0,58,0,NA,0,0,89.3%,NA,NA,NA,0,NA,4,10,0.400,4.0,23,34.5%,2.52,0,NA,NA,NA,NA,NA,0.130,NA,58,@ ARI,7,·,NA,NA
7,4866,Saquon Barkley,RB,28.8,PHI,40.0,38,35,5.2,4.7,4.2,1,1,1,50,39,0,0.0%,0,0,0,0,0,0,0.00,44,0,0,0,0.00,0.00,1,-4,0,0,0,1,2,-2,-2.0,-2.0,18,0,2,42,0,47,44,2.44,78.0%,8,2.60,0.444,2,0.704,2,19,0.105,2.0,NA,4.3%,NA,0,NA,NA,NA,NA,NA,NA,NA,42,@ MIN,12,·,NA,NA
7,12530,Travis Hunter,WR,22.6,JAX,9.0,8,10,24.1,20.1,16.1,1,1,1,77,67,0,0.0%,0,0,0,0,0,0,0.00,0,0,0,0,0.00,0.00,8,63,0,4,1,14,38,101,12.6,7.2,1,0,0,101,0,NA,0,0,87.0%,NA,NA,NA,0,NA,5,15,0.333,5.0,49,29.2%,2.06,0,NA,NA,NA,NA,NA,0.082,NA,101,vs LAR,25,·,NA,NA
7,8148,Jameson Williams,WR,24.7,DET,999.0,999,999,0,0,0,1,1,1,68,58,0,0.0%,0,0,0,0,0,0,0.00,0,0,0,0,0.00,0.00,0,0,0,0,0,2,0,0,0.0,0.0,0,0,0,0,0,NA,0,0,85.3%,NA,NA,NA,0,NA,0,2,0.000,0.0,32,6.9%,0.00,0,NA,NA,NA,NA,NA,0.000,NA,0,vs TB,20,·,NA,NA
7,12481,Cam Skattebo,RB,23.8,NYG,11.0,11,10,18.4,16.9,15.4,1,1,1,77,46,0,0.0%,0,0,0,0,0,0,0.00,60,0,0,0,0.00,0.00,3,-7,0,1,1,6,41,34,11.3,5.7,16,0,3,94,0,66,60,3.75,59.7%,8,4.10,0.500,3,0.910,5,22,0.227,5.0,NA,18.2%,NA,0,NA,NA,NA,NA,NA,NA,NA,94,@ DEN,26,·,NA,NA
7,5859,A.J. Brown,WR,28.4,PHI,4.0,3,2,28.1,26.1,24.1,1,1,1,50,46,0,0.0%,0,0,0,0,0,0,0.00,0,0,0,0,0.00,0.00,4,93,0,2,2,6,28,121,30.3,20.2,0,0,0,121,0,NA,0,0,92.0%,NA,NA,NA,0,NA,4,6,0.667,4.0,26,26.1%,4.65,0,NA,NA,NA,NA,NA,0.077,NA,121,@ MIN,32,·,NA,NA
7,7526,Jaylen Waddle,WR,27.0,MIA,88.0,86,83,2.5,2,1.5,1,1,1,58,44,0,0.0%,0,0,0,0,0,0,0.00,0,0,0,0,0.00,0.00,1,15,0,1,0,4,0,15,15.0,3.8,0,0,0,15,0,NA,0,0,75.9%,NA,NA,NA,0,NA,1,4,0.250,1.0,24,12.9%,0.63,0,NA,NA,NA,NA,NA,0.042,NA,15,@ CLE,13,·,NA,NA
7,12517,Colston Loveland,TE,21.7,CHI,28.0,28,29,5.4,3.9,2.4,1,1,1,69,46,0,0.0%,0,0,0,0,0,0,0.00,0,0,0,0,0.00,0.00,3,16,0,2,0,4,8,24,8.0,6.0,0,0,0,24,0,NA,0,0,66.7%,NA,NA,NA,0,NA,2,4,0.500,2.0,16,15.4%,1.50,0,NA,NA,NA,NA,NA,0.125,NA,24,vs NO,11,·,NA,NA
7,7525,DeVonta Smith,WR,27.1,PHI,2.0,2,1,33.3,28.8,24.3,1,1,1,50,44,0,0.0%,0,0,0,0,0,0,0.00,0,0,0,0,0.00,0.00,9,141,0,4,1,11,42,183,20.3,16.6,0,0,0,183,0,NA,0,0,88.0%,NA,NA,NA,0,NA,5,11,0.455,5.0,26,47.8%,7.04,0,NA,NA,NA,NA,NA,0.154,NA,183,@ MIN,32,·,NA,NA
7,4943,Sam Darnold,QB,28.5,SEA,24.0,24,24,9.62,9.62,9.62,1,1,1,72,72,1,54.8%,133,31,17,8,14,1,73.70,214,2,1,213,6.87,12.53,0,0,0,0,0,0,0,0,0.0,0.0,3,0,0,1,0,NA,1,0.33,100.0%,NA,NA,NA,0,NA,9,34,NA,NA,NA,NA,NA,9,29.0%,2.73,6.5%,23.5%,10.3,NA,34,214,vs HOU,32,·,NA,NA
7,12489,RJ Harvey,RB,24.8,DEN,29.0,27,27,7.2,6.7,6.2,1,1,0,81,20,0,0.0%,0,0,0,0,0,0,0.00,0,0,0,0,0.00,0.00,1,1,0,0,1,2,1,2,2.0,1.0,4,0,0,2,0,10,0,0,24.7%,1,2.60,0.250,0,0.510,1,6,0.167,1.0,NA,4.0%,NA,0,NA,NA,NA,NA,NA,NA,NA,2,vs NYG,10,·,NA,NA
7,3163,Jared Goff,QB,31.2,DET,21.0,21,21,11.34,11.34,11.34,1,1,1,68,68,1,69.0%,54,29,20,8,9,1,91.30,248,4,1,241,8.31,12.05,0,0,0,0,0,0,0,0,0.0,0.0,2,0,1,7,0,NA,7,3.5,100.0%,NA,NA,NA,1,NA,10,31,NA,NA,NA,NA,NA,9,31.0%,2.50,6.9%,29.4%,5.7,NA,34,248,vs TB,10,·,NA,NA
7,7523,Trevor Lawrence,QB,26.2,JAX,14.0,14,14,17.64,17.64,17.64,1,1,1,77,77,0,47.9%,214,48,23,12,25,0,74.70,314,7,1,296,6.17,12.87,0,0,0,0,0,0,0,0,0.0,0.0,2,0,1,18,0,NA,18,9,100.0%,NA,NA,NA,1,NA,14,50,NA,NA,NA,NA,NA,13,27.1%,2.87,25.0%,33.3%,11.2,NA,57,314,vs LAR,27,·,NA,NA
7,10859,Sam LaPorta,TE,24.9,DET,32.0,36,38,4.5,3,1.5,1,1,1,68,66,0,0.0%,0,0,0,0,0,0,0.00,0,0,0,0,0.00,0.00,3,10,0,1,0,3,5,15,5.0,5.0,0,0,0,15,0,NA,0,0,97.1%,NA,NA,NA,0,NA,1,3,0.333,1.0,28,10.3%,0.54,0,NA,NA,NA,NA,NA,0.036,NA,15,vs TB,13,·,NA,NA
7,9224,Chase Brown,RB,25.7,CIN,19.0,17,17,12,11,10,1,1,1,76,48,0,0.0%,0,0,0,0,0,0,0.00,108,0,0,0,0.00,0.00,2,-13,0,0,0,4,5,-8,-4.0,-2.0,11,3,4,100,0,100,108,9.82,63.2%,7,9.10,0.636,4,1.546,4,15,0.267,4.0,NA,8.5%,NA,0,NA,NA,NA,NA,NA,NA,NA,100,vs PIT,17,·,NA,NA
7,5870,Daniel Jones,QB,28.5,IND,11.0,11,11,22.22,22.22,22.22,1,1,1,60,60,0,67.6%,146,34,23,12,11,0,113.40,295,1,2,288,8.47,12.52,0,0,0,0,0,0,0,0,0.0,0.0,5,0,0,7,0,NA,7,1.4,100.0%,NA,NA,NA,0,NA,14,39,NA,NA,NA,NA,NA,14,41.2%,2.88,14.7%,44.4%,11.0,NA,36,295,@ LAC,25,·,NA,NA
7,7588,Javonte Williams,RB,25.6,DAL,10.0,8,7,18.8,18.3,17.8,1,1,1,67,46,0,0.0%,0,0,0,0,0,0,0.00,116,0,0,0,0.00,0.00,1,-4,0,0,0,4,6,2,2.0,0.5,19,2,3,118,1,74,116,6.11,68.7%,7,3.90,0.368,4,0.758,4,23,0.174,4.0,NA,13.3%,NA,0,NA,NA,NA,NA,NA,NA,NA,118,vs WAS,13,·,NA,NA
7,12522,Cam Ward,QB,23.5,TEN,22.0,22,22,11.2,11.2,11.2,1,1,1,53,53,1,73.5%,123,34,25,13,9,1,92.20,255,5,1,255,7.50,10.20,0,0,0,0,0,0,0,0,0.0,0.0,0,0,0,0,0,NA,0,0,100.0%,NA,NA,NA,0,NA,14,34,NA,NA,NA,NA,NA,14,41.2%,2.85,2.9%,33.3%,5.6,NA,39,255,vs NE,20,·,NA,NA
7,12493,Oronde Gadsden,TE,22.4,LAC,2.0,1,2,29.4,25.9,22.4,1,1,0,76,60,0,0.0%,0,0,0,0,0,0,0.00,0,0,0,0,0.00,0.00,7,102,1,4,1,9,62,164,23.4,18.2,0,0,0,164,0,NA,0,0,78.9%,NA,NA,NA,0,NA,5,9,0.556,5.0,45,16.4%,3.64,0,NA,NA,NA,NA,NA,0.089,NA,164,vs IND,16,·,NA,NA
7,12506,Harold Fannin,TE,21.4,CLE,24.0,24,24,7.6,5.6,3.6,1,1,1,57,47,0,0.0%,0,0,0,0,0,0,0.00,0,0,0,0,0.00,0.00,4,12,0,2,0,5,24,36,9.0,7.2,0,0,0,36,0,NA,0,0,82.5%,NA,NA,NA,0,NA,2,5,0.400,2.0,17,27.8%,2.12,0,NA,NA,NA,NA,NA,0.118,NA,36,vs MIA,6,·,NA,NA
7,9228,Bryce Young,QB,24.4,CAR,23.0,23,23,10.52,10.52,10.52,1,1,1,71,49,1,60.0%,29,25,15,7,10,0,88.40,148,1,1,138,5.52,9.20,0,0,0,0,0,0,0,0,0.0,0.0,2,0,0,10,0,NA,10,5,69.0%,NA,NA,NA,0,NA,8,27,NA,NA,NA,NA,NA,8,32.0%,3.13,4.0%,53.6%,5.5,NA,28,148,@ NYJ,12,·,NA,NA
7,9997,Zay Flowers,WR,25.2,BAL,0.0,0,0,0,0,0,0,0,0,0,0,0,0.0%,0,0,0,0,0,0,0.00,0,0,0,0,0.00,0.00,0,0,0,0,0,0,0,0,0.0,0.0,0,0,0,0,0,NA,0,0,NA,NA,NA,NA,0,NA,0,0,NA,NA,NA,NA,NA,0,NA,NA,NA,NA,NA,NA,NA,0,BYE,BYE,BYE,NA,NA
7,9756,Jordan Addison,WR,23.9,MIN,12.0,14,16,21.8,17.3,12.8,1,1,1,69,64,0,0.0%,0,0,0,0,0,0,0.00,0,0,0,0,0.00,0.00,9,116,0,6,0,12,12,128,14.2,10.7,0,0,0,128,0,NA,0,0,92.8%,NA,NA,NA,0,NA,6,12,0.500,6.0,43,28.6%,2.98,0,NA,NA,NA,NA,NA,0.140,NA,128,vs PHI,18,·,NA,NA
7,12519,Luther Burden,WR,22.0,CHI,82.0,78,70,3.1,2.6,2.1,1,1,0,69,19,0,0.0%,0,0,0,0,0,0,0.00,-1,0,0,0,0.00,0.00,1,17,0,1,0,2,5,22,22.0,11.0,1,0,0,21,0,NA,-1,-1,27.5%,NA,NA,NA,0,NA,1,3,0.333,1.0,9,7.7%,2.44,0,NA,NA,NA,NA,NA,0.111,NA,21,vs NO,9,·,NA,NA
7,4217,George Kittle,TE,32.2,SF,999.0,999,999,0,0,0,1,1,1,67,54,0,0.0%,0,0,0,0,0,0,0.00,0,0,0,0,0.00,0.00,0,0,0,0,0,2,0,0,0.0,0.0,0,0,0,0,0,NA,0,0,80.6%,NA,NA,NA,0,NA,0,2,0.000,0.0,22,7.7%,0.00,0,NA,NA,NA,NA,NA,0.000,NA,0,vs ATL,32,·,NA,NA
7,8151,Kenneth Walker III,RB,25.1,SEA,33.0,28,24,6.6,6.6,6.6,1,1,1,72,32,0,0.0%,0,0,0,0,0,0,0.00,66,0,0,0,0.00,0.00,0,0,0,0,0,0,0,0,0.0,0.0,17,0,1,66,0,49,66,3.88,44.4%,4,2.90,0.235,1,0.525,1,17,0.059,1.0,NA,0.0%,NA,0,NA,NA,NA,NA,NA,NA,NA,66,vs HOU,24,·,NA,NA
7,2133,Davante Adams,WR,33.0,LAR,6.0,5,5,26.5,24,21.5,1,1,1,70,41,0,0.0%,0,0,0,0,0,0,0.00,0,0,0,0,0.00,0.00,5,35,0,2,3,8,0,35,7.0,4.4,0,0,0,35,0,NA,0,0,58.6%,NA,NA,NA,0,NA,5,8,0.625,5.0,26,24.2%,1.35,0,NA,NA,NA,NA,NA,0.077,NA,35,@ JAX,8,·,NA,NA
7,6819,Michael Pittman,WR,28.2,IND,14.0,15,14,20.8,17.3,13.8,1,1,1,60,52,0,0.0%,0,0,0,0,0,0,0.00,0,0,0,0,0.00,0.00,7,34,0,4,1,9,24,58,8.3,6.4,0,0,0,58,0,NA,0,0,86.7%,NA,NA,NA,0,NA,5,9,0.556,5.0,31,26.5%,1.87,0,NA,NA,NA,NA,NA,0.129,NA,58,@ LAC,30,·,NA,NA
7,7543,Travis Etienne,RB,26.9,JAX,34.0,32,30,6.5,6,5.5,1,1,1,77,42,0,0.0%,0,0,0,0,0,0,0.00,44,0,0,0,0.00,0.00,1,-6,0,1,0,3,17,11,11.0,3.7,8,0,3,55,0,32,44,5.5,54.5%,3,4.00,0.375,3,0.775,4,11,0.364,4.0,NA,6.3%,NA,0,NA,NA,NA,NA,NA,NA,NA,55,vs LAR,30,·,NA,NA
7,8110,Jake Ferguson,TE,26.9,DAL,4.0,4,4,21.9,18.4,14.9,1,1,1,67,44,0,0.0%,0,0,0,0,0,0,0.00,0,0,0,0,0.00,0.00,7,7,0,1,2,7,22,29,4.1,4.1,0,0,0,29,0,NA,0,0,65.7%,NA,NA,NA,0,NA,3,7,0.429,3.0,25,23.3%,1.16,0,NA,NA,NA,NA,NA,0.040,NA,29,vs WAS,21,·,NA,NA
7,12534,Kyle Monangai,RB,23.5,CHI,12.0,12,11,17.4,16.4,15.4,1,1,0,69,31,0,0.0%,0,0,0,0,0,0,0.00,81,0,0,0,0.00,0.00,2,5,0,1,0,3,8,13,6.5,4.3,13,0,5,94,1,43,81,6.23,44.9%,2,3.30,0.154,6,0.484,7,16,0.438,7.0,NA,11.5%,NA,0,NA,NA,NA,NA,NA,NA,NA,94,vs NO,22,·,NA,NA
7,421,Matthew Stafford,QB,37.8,LAR,4.0,4,4,27.38,27.38,27.38,1,1,1,70,67,0,63.6%,117,33,21,9,12,0,117.70,183,0,5,182,5.52,8.67,0,0,0,0,0,0,0,0,0.0,0.0,2,0,0,1,0,NA,1,0.5,95.7%,NA,NA,NA,0,NA,14,35,NA,NA,NA,NA,NA,14,42.4%,2.73,21.2%,32.4%,10.7,NA,34,183,@ JAX,8,·,NA,NA
7,11624,Xavier Worthy,WR,22.6,KC,47.0,44,46,7.8,6.3,4.8,1,1,1,81,48,0,0.0%,0,0,0,0,0,0,0.00,13,0,0,0,0.00,0.00,3,34,0,2,0,4,1,35,11.7,8.8,1,0,1,48,0,NA,13,13,59.3%,NA,NA,NA,1,NA,3,5,0.600,3.0,26,11.4%,1.35,0,NA,NA,NA,NA,NA,0.077,NA,48,vs LV,6,·,NA,NA
7,11638,Ricky Pearsall,WR,25.2,SF,0.0,0,0,0,0,0,0,0,0,0,0,0,0.0%,0,0,0,0,0,0,0.00,0,0,0,0,0.00,0.00,0,0,0,0,0,0,0,0,0.0,0.0,0,0,0,0,0,NA,0,0,NA,NA,NA,NA,0,NA,0,0,NA,NA,NA,NA,NA,0,NA,NA,NA,NA,NA,NA,NA,0,vs ATL,27,OUT,NA,NA
7,5846,DK Metcalf,WR,28.0,PIT,42.0,42,43,8,6.5,5,1,1,1,57,56,0,0.0%,0,0,0,0,0,0,0.00,0,0,0,0,0.00,0.00,3,33,0,1,0,5,17,50,16.7,10.0,0,0,0,50,0,NA,0,0,98.2%,NA,NA,NA,0,NA,1,5,0.200,1.0,34,14.7%,1.47,0,NA,NA,NA,NA,NA,0.029,NA,50,@ CIN,12,·,NA,NA
7,3198,Derrick Henry,RB,31.9,BAL,0.0,0,0,0,0,0,0,0,0,0,0,0,0.0%,0,0,0,0,0,0,0.00,0,0,0,0,0.00,0.00,0,0,0,0,0,0,0,0,0.0,0.0,0,0,0,0,0,NA,0,0,NA,NA,NA,NA,0,NA,0,0,NA,NA,NA,NA,NA,0,NA,NA,NA,NA,NA,NA,NA,0,BYE,BYE,BYE,NA,NA
7,7021,Rico Dowdle,RB,27.5,CAR,22.0,21,19,10.6,10.1,9.6,1,1,0,71,33,0,0.0%,0,0,0,0,0,0,0.00,79,0,0,0,0.00,0.00,1,-1,0,1,0,2,18,17,17.0,8.5,17,1,4,96,0,58,79,4.65,46.5%,3,3.40,0.176,4,0.516,5,19,0.263,5.0,NA,6.3%,NA,0,NA,NA,NA,NA,NA,NA,NA,96,@ NYJ,16,·,NA,NA
7,12484,Jayden Higgins,WR,23.0,HOU,999.0,999,999,0,0,0,1,1,1,76,48,0,0.0%,0,0,0,0,0,0,0.00,0,0,0,0,0.00,0.00,0,0,0,0,0,3,0,0,0.0,0.0,0,0,0,0,0,NA,0,0,63.2%,NA,NA,NA,0,NA,0,3,0.000,0.0,32,6.1%,0.00,0,NA,NA,NA,NA,NA,0.000,NA,0,@ SEA,17,·,NA,NA
7,11559,Michael Penix Jr.,QB,25.6,ATL,19.0,19,19,12.24,12.24,12.24,1,1,1,65,65,1,55.3%,150,38,21,12,17,0,83.30,247,2,1,241,6.34,11.48,0,0,0,0,0,0,0,0,0.0,0.0,2,0,0,6,0,NA,6,3,100.0%,NA,NA,NA,0,NA,13,40,NA,NA,NA,NA,NA,13,34.2%,2.84,15.8%,26.2%,9.9,NA,42,247,@ SF,13,·,NA,NA
7,12474,Woody Marks,RB,24.9,HOU,16.0,18,20,12.5,11,9.5,1,1,0,76,48,0,0.0%,0,0,0,0,0,0,0.00,15,0,0,0,0.00,0.00,3,1,0,0,1,5,19,20,6.7,4.0,10,0,1,35,0,25,15,1.5,63.2%,4,2.50,0.400,1,0.650,2,15,0.133,2.0,NA,10.2%,NA,0,NA,NA,NA,NA,NA,NA,NA,35,@ SEA,14,·,NA,NA
7,11589,Trey Benson,RB,23.4,ARI,999.0,999,999,0,0,0,1,0,0,0,0,0,0.0%,0,0,0,0,0,0,0.00,0,0,0,0,0.00,0.00,0,0,0,0,0,0,0,0,0.0,0.0,0,0,0,0,0,NA,0,0,NA,NA,NA,NA,0,NA,0,0,NA,NA,NA,NA,NA,0,NA,NA,NA,NA,NA,NA,NA,0,vs GB,29,IR,NA,NA
7,11627,Troy Franklin,WR,22.8,DEN,26.0,23,20,12.9,11.4,9.9,1,1,0,81,50,0,0.0%,0,0,0,0,0,0,0.00,0,0,0,0,0.00,0.00,3,18,0,1,1,10,1,19,6.3,1.9,0,0,0,19,0,NA,0,0,61.7%,NA,NA,NA,0,NA,2,10,0.200,2.0,38,20.0%,0.50,0,NA,NA,NA,NA,NA,0.026,NA,19,vs NYG,3,·,NA,NA
7,12501,Matthew Golden,WR,22.4,GB,49.0,51,52,7.7,5.7,3.7,1,1,1,56,41,0,0.0%,0,0,0,0,0,0,0.00,0,0,0,0,0.00,0.00,4,14,0,3,0,4,23,37,9.3,9.3,0,0,0,37,0,NA,0,0,73.2%,NA,NA,NA,0,NA,3,4,0.750,3.0,25,13.8%,1.48,0,NA,NA,NA,NA,NA,0.120,NA,37,@ ARI,21,·,NA,NA
7,8126,Wan'Dale Robinson,WR,24.9,NYG,21.0,20,23,15.5,12.5,9.5,1,1,1,77,70,0,0.0%,0,0,0,0,0,0,0.00,0,0,0,0,0.00,0.00,6,56,0,5,0,12,39,95,15.8,7.9,0,0,0,95,0,NA,0,0,90.9%,NA,NA,NA,0,NA,5,12,0.417,5.0,34,36.4%,2.79,0,NA,NA,NA,NA,NA,0.147,NA,95,@ DEN,31,·,NA,NA
7,8228,Jaylen Warren,RB,27.1,PIT,7.0,10,9,19.8,17.8,15.8,1,1,1,57,37,0,0.0%,0,0,0,0,0,0,0.00,127,0,0,0,0.00,0.00,4,0,0,2,0,5,31,31,7.8,6.2,16,5,6,158,0,107,127,7.94,64.9%,9,6.70,0.563,6,1.233,8,21,0.381,8.0,NA,14.7%,NA,0,NA,NA,NA,NA,NA,NA,NA,158,@ CIN,1,·,NA,NA
7,9754,Quentin Johnston,WR,24.2,LAC,30.0,29,24,11,10,9,1,1,1,76,68,0,0.0%,0,0,0,0,0,0,0.00,0,0,0,0,0.00,0.00,2,28,2,0,1,6,2,30,15.0,5.0,0,0,0,30,0,NA,0,0,89.5%,NA,NA,NA,0,NA,1,6,0.167,1.0,53,10.9%,0.57,0,NA,NA,NA,NA,NA,0.000,NA,30,vs IND,5,·,NA,NA
7,12490,Bhayshul Tuten,RB,22.8,JAX,55.0,50,48,2.2,2.2,2.2,1,1,0,77,22,0,0.0%,0,0,0,0,0,0,0.00,22,0,0,0,0.00,0.00,0,0,0,0,0,0,0,0,0.0,0.0,5,0,0,22,0,13,22,4.4,28.6%,0,2.50,0.000,0,0.250,0,5,0.000,0.0,NA,0.0%,NA,0,NA,NA,NA,NA,NA,NA,NA,22,vs LAR,30,·,NA,NA
7,10236,Dalton Kincaid,TE,26.1,BUF,0.0,0,0,0,0,0,0,0,0,0,0,0,0.0%,0,0,0,0,0,0,0.00,0,0,0,0,0.00,0.00,0,0,0,0,0,0,0,0,0.0,0.0,0,0,0,0,0,NA,0,0,NA,NA,NA,NA,0,NA,0,0,NA,NA,NA,NA,NA,0,NA,NA,NA,NA,NA,NA,NA,0,BYE,BYE,BYE,NA,NA
7,6790,D'Andre Swift,RB,26.9,CHI,6.0,5,5,20.8,20.3,19.8,1,1,1,69,37,0,0.0%,0,0,0,0,0,0,0.00,124,0,0,0,0.00,0.00,1,-9,0,1,0,1,23,14,14.0,14.0,19,0,5,138,1,80,124,6.53,53.6%,3,4.20,0.158,6,0.578,7,20,0.350,7.0,NA,3.8%,NA,0,NA,NA,NA,NA,NA,NA,NA,138,vs NO,22,-,NA,NA
7,8167,Christian Watson,WR,26.6,GB,999.0,999,999,0,0,0,1,0,0,0,0,0,0.0%,0,0,0,0,0,0,0.00,0,0,0,0,0.00,0.00,0,0,0,0,0,0,0,0,0.0,0.0,0,0,0,0,0,NA,0,0,NA,NA,NA,NA,0,NA,0,0,NA,NA,NA,NA,NA,0,NA,NA,NA,NA,NA,NA,NA,0,@ ARI,21,PUP,NA,NA
7,9753,Zach Charbonnet,RB,24.9,SEA,8.0,6,8,19.5,18.5,17.5,1,1,0,72,37,0,0.0%,0,0,0,0,0,0,0.00,49,0,0,0,0.00,0.00,2,-3,0,0,0,2,9,6,3.0,3.0,12,1,2,55,2,55,49,4.08,51.4%,4,4.60,0.333,4,0.793,4,14,0.286,4.0,NA,6.3%,NA,0,NA,NA,NA,NA,NA,NA,NA,55,vs HOU,24,·,NA,NA
7,5849,Kyler Murray,QB,28.3,ARI,0.0,0,0,0,0,0,0,0,0,0,0,0,0.0%,0,0,0,0,0,0,0.00,0,0,0,0,0.00,0.00,0,0,0,0,0,0,0,0,0.0,0.0,0,0,0,0,0,NA,0,0,NA,NA,NA,NA,0,NA,0,0,NA,NA,NA,NA,NA,0,NA,NA,NA,NA,NA,NA,NA,0,vs GB,17,OUT,NA,NA
7,8142,Alec Pierce,WR,25.6,IND,22.0,22,21,14.8,12.3,9.8,1,1,1,60,52,0,0.0%,0,0,0,0,0,0,0.00,0,0,0,0,0.00,0.00,5,90,0,4,0,10,8,98,19.6,9.8,0,0,0,98,0,NA,0,0,86.7%,NA,NA,NA,0,NA,4,10,0.400,4.0,32,29.4%,3.06,0,NA,NA,NA,NA,NA,0.125,NA,98,@ LAC,30,·,NA,NA
7,11565,J.J. McCarthy,QB,22.9,MIN,0.0,0,0,0,0,0,0,0,0,0,0,0,0.0%,0,0,0,0,0,0,0.00,0,0,0,0,0.00,0.00,0,0,0,0,0,0,0,0,0.0,0.0,0,0,0,0,0,NA,0,0,NA,NA,NA,NA,0,NA,0,0,NA,NA,NA,NA,NA,0,NA,NA,NA,NA,NA,NA,NA,0,vs PHI,15,OUT,NA,NA
7,10222,Jayden Reed,WR,25.6,GB,999.0,999,999,0,0,0,1,0,0,0,0,0,0.0%,0,0,0,0,0,0,0.00,0,0,0,0,0.00,0.00,0,0,0,0,0,0,0,0,0.0,0.0,0,0,0,0,0,NA,0,0,NA,NA,NA,NA,0,NA,0,0,NA,NA,NA,NA,NA,0,NA,NA,NA,NA,NA,NA,NA,0,@ ARI,21,IR,NA,NA
7,8134,Khalil Shakir,WR,25.8,BUF,0.0,0,0,0,0,0,0,0,0,0,0,0,0.0%,0,0,0,0,0,0,0.00,0,0,0,0,0.00,0.00,0,0,0,0,0,0,0,0,0.0,0.0,0,0,0,0,0,NA,0,0,NA,NA,NA,NA,0,NA,0,0,NA,NA,NA,NA,NA,0,NA,NA,NA,NA,NA,NA,NA,0,BYE,BYE,BYE,NA,NA
7,5927,Terry McLaurin,WR,30.2,WAS,0.0,0,0,0,0,0,0,0,0,0,0,0,0.0%,0,0,0,0,0,0,0.00,0,0,0,0,0.00,0.00,0,0,0,0,0,0,0,0,0.0,0.0,0,0,0,0,0,NA,0,0,NA,NA,NA,NA,0,NA,0,0,NA,NA,NA,NA,NA,0,NA,NA,NA,NA,NA,NA,NA,0,@ DAL,1,OUT,NA,NA
7,7553,Kyle Pitts,TE,25.2,ATL,12.0,15,18,13.2,9.7,6.2,1,1,1,65,53,0,0.0%,0,0,0,0,0,0,0.00,0,0,0,0,0.00,0.00,7,45,0,4,0,10,17,62,8.9,6.2,0,0,0,62,0,NA,0,0,81.5%,NA,NA,NA,0,NA,4,10,0.400,4.0,36,26.3%,1.72,0,NA,NA,NA,NA,NA,0.111,NA,62,@ SF,8,·,NA,NA
7,5045,Courtland Sutton,WR,30.2,DEN,17.0,18,19,16.7,13.7,10.7,1,1,1,81,76,0,0.0%,0,0,0,0,0,0,0.00,0,0,0,0,0.00,0.00,6,67,1,4,0,10,20,87,14.5,8.7,0,0,0,87,0,NA,0,0,93.8%,NA,NA,NA,0,NA,4,10,0.400,4.0,48,20.0%,1.81,0,NA,NA,NA,NA,NA,0.083,NA,87,vs NYG,3,·,NA,NA
7,9480,Brenton Strange,TE,25.0,JAX,999.0,999,999,0,0,0,1,0,0,0,0,0,0.0%,0,0,0,0,0,0,0.00,0,0,0,0,0.00,0.00,0,0,0,0,0,0,0,0,0.0,0.0,0,0,0,0,0,NA,0,0,NA,NA,NA,NA,0,NA,0,0,NA,NA,NA,NA,NA,0,NA,NA,NA,NA,NA,NA,NA,0,vs LAR,19,IR,NA,NA
7,9504,Kayshon Boutte,WR,23.6,NE,24.0,21,18,13.5,12.5,11.5,1,1,1,65,46,0,0.0%,0,0,0,0,0,0,0.00,0,0,0,0,0.00,0.00,2,54,0,1,1,2,1,55,27.5,27.5,0,0,0,55,0,NA,0,0,70.8%,NA,NA,NA,0,NA,2,2,1.000,2.0,21,8.3%,2.62,0,NA,NA,NA,NA,NA,0.048,NA,55,@ TEN,16,·,NA,NA
7,9500,Josh Downs,WR,24.3,IND,0.0,0,0,0,0,0,0,0,0,0,0,0,0.0%,0,0,0,0,0,0,0.00,0,0,0,0,0.00,0.00,0,0,0,0,0,0,0,0,0.0,0.0,0,0,0,0,0,NA,0,0,NA,NA,NA,NA,0,NA,0,0,NA,NA,NA,NA,NA,0,NA,NA,NA,NA,NA,NA,NA,0,@ LAC,30,OUT,NA,NA
7,4983,D.J. Moore,WR,28.6,CHI,40.0,41,42,8.2,6.7,5.2,1,1,1,69,60,0,0.0%,0,0,0,0,0,0,0.00,9,0,0,0,0.00,0.00,3,22,0,2,0,5,21,43,14.3,8.6,1,0,0,52,0,NA,9,9,87.0%,NA,NA,NA,0,NA,2,6,0.333,2.0,25,19.2%,1.72,0,NA,NA,NA,NA,NA,0.080,NA,52,vs NO,9,·,NA,NA
7,12498,Mason Taylor,TE,21.6,NYJ,27.0,26,26,6.1,4.6,3.1,1,1,1,61,57,0,0.0%,0,0,0,0,0,0,0.00,0,0,0,0,0.00,0.00,3,16,1,2,0,5,15,31,10.3,6.2,0,0,0,31,0,NA,0,0,93.4%,NA,NA,NA,0,NA,2,5,0.400,2.0,34,14.7%,0.91,0,NA,NA,NA,NA,NA,0.059,NA,31,vs CAR,2,·,NA,NA
7,5892,David Montgomery,RB,28.5,DET,37.0,36,37,5.9,4.9,3.9,1,1,0,68,30,0,0.0%,0,0,0,0,0,0,0.00,21,0,0,0,0.00,0.00,2,-2,0,1,0,3,20,18,9.0,6.0,13,0,0,39,0,27,21,1.62,44.1%,2,2.10,0.154,0,0.364,1,16,0.063,1.0,NA,10.3%,NA,0,NA,NA,NA,NA,NA,NA,NA,39,vs TB,11,·,NA,NA
7,8121,Romeo Doubs,WR,25.6,GB,25.0,27,29,13.2,10.2,7.2,1,1,1,56,50,0,0.0%,0,0,0,0,0,0,0.00,0,0,0,0,0.00,0.00,6,63,0,3,0,8,9,72,12.0,9.0,0,0,0,72,0,NA,0,0,89.3%,NA,NA,NA,0,NA,3,8,0.375,3.0,26,27.6%,2.77,0,NA,NA,NA,NA,NA,0.115,NA,72,@ ARI,21,·,NA,NA
7,6768,Tua Tagovailoa,QB,27.8,MIA,34.0,34,34,1.6,1.6,1.6,1,1,1,58,46,3,52.2%,42,23,12,5,11,3,24.10,106,2,0,100,4.35,8.33,0,0,0,0,0,0,0,0,0.0,0.0,3,0,0,6,0,NA,6,2,79.3%,NA,NA,NA,0,NA,5,26,NA,NA,NA,NA,NA,5,21.7%,2.50,4.3%,30.8%,5.5,NA,26,106,@ CLE,26,·,NA,NA
7,11586,Blake Corum,RB,25.0,LAR,39.0,37,34,5.3,4.8,4.3,1,1,0,70,24,0,0.0%,0,0,0,0,0,0,0.00,37,0,0,0,0.00,0.00,1,3,0,0,0,1,3,6,6.0,6.0,12,0,1,43,0,31,37,3.08,34.3%,2,2.60,0.167,1,0.427,1,13,0.077,1.0,NA,3.0%,NA,0,NA,NA,NA,NA,NA,NA,NA,43,@ JAX,23,·,NA,NA
7,8132,Tyler Allgeier,RB,25.6,ATL,62.0,57,53,1.6,1.6,1.6,1,1,0,65,15,0,0.0%,0,0,0,0,0,0,0.00,16,0,0,0,0.00,0.00,0,0,0,0,0,0,0,0,0.0,0.0,4,0,2,16,0,15,16,4,23.1%,0,3.80,0.000,2,0.380,2,4,0.500,2.0,NA,0.0%,NA,0,NA,NA,NA,NA,NA,NA,NA,16,@ SF,19,·,NA,NA
7,12499,Elic Ayomanor,WR,22.5,TEN,64.0,65,62,4.9,3.9,2.9,1,1,1,53,51,0,0.0%,0,0,0,0,0,0,0.00,0,0,0,0,0.00,0.00,2,13,1,1,0,5,16,29,14.5,5.8,0,0,0,29,0,NA,0,0,96.2%,NA,NA,NA,0,NA,1,5,0.200,1.0,38,14.7%,0.76,0,NA,NA,NA,NA,NA,0.026,NA,29,vs NE,11,·,NA,NA
7,6803,Brandon Aiyuk,WR,27.7,SF,999.0,999,999,0,0,0,1,0,0,0,0,0,0.0%,0,0,0,0,0,0,0.00,0,0,0,0,0.00,0.00,0,0,0,0,0,0,0,0,0.0,0.0,0,0,0,0,0,NA,0,0,NA,NA,NA,NA,0,NA,0,0,NA,NA,NA,NA,NA,0,NA,NA,NA,NA,NA,NA,NA,0,vs ATL,27,PUP,NA,NA
7,7594,Chuba Hubbard,RB,26.5,CAR,28.0,29,29,7.5,6.5,5.5,1,1,1,71,38,0,0.0%,0,0,0,0,0,0,0.00,31,0,0,0,0.00,0.00,2,-10,0,1,0,3,34,24,12.0,8.0,14,0,3,55,0,31,31,2.21,53.5%,0,2.20,0.000,3,0.220,4,17,0.235,4.0,NA,9.4%,NA,0,NA,NA,NA,NA,NA,NA,NA,55,@ NYJ,16,·,NA,NA
7,5947,Jakobi Meyers,WR,29.1,LV,0.0,0,0,0,0,0,0,0,0,0,0,0,0.0%,0,0,0,0,0,0,0.00,0,0,0,0,0.00,0.00,0,0,0,0,0,0,0,0,0.0,0.0,0,0,0,0,0,NA,0,0,NA,NA,NA,NA,0,NA,0,0,NA,NA,NA,NA,NA,0,NA,NA,NA,NA,NA,NA,NA,0,@ KC,26,OUT,NA,NA
7,2449,Stefon Diggs,WR,32.0,NE,23.0,25,30,13.9,10.4,6.9,1,1,1,65,35,0,0.0%,0,0,0,0,0,0,0.00,0,0,0,0,0.00,0.00,7,49,0,3,0,7,20,69,9.9,9.9,0,0,0,69,0,NA,0,0,53.8%,NA,NA,NA,0,NA,3,7,0.429,3.0,20,29.2%,3.45,0,NA,NA,NA,NA,NA,0.150,NA,69,@ TEN,16,·,NA,NA
7,10232,Michael Wilson,WR,25.8,ARI,56.0,53,50,7,5.5,4,1,1,1,76,62,0,0.0%,0,0,0,0,0,0,0.00,0,0,0,0,0.00,0.00,3,31,0,2,0,4,9,40,13.3,10.0,0,0,0,40,0,NA,0,0,81.6%,NA,NA,NA,0,NA,2,4,0.500,2.0,34,11.1%,1.18,0,NA,NA,NA,NA,NA,0.059,NA,40,vs GB,14,·,NA,NA
7,11597,Theo Johnson,TE,24.8,NYG,9.0,9,7,15.6,14.1,12.6,1,1,1,77,68,0,0.0%,0,0,0,0,0,0,0.00,0,0,0,0,0.00,0.00,3,23,1,1,1,7,43,66,22.0,9.4,0,0,0,66,0,NA,0,0,88.3%,NA,NA,NA,0,NA,2,7,0.286,2.0,35,21.2%,1.89,0,NA,NA,NA,NA,NA,0.029,NA,66,@ DEN,28,·,NA,NA
7,12540,Chimere Dike,WR,24.0,TEN,16.0,16,15,16.9,14.9,12.9,1,1,0,53,30,0,0.0%,0,0,0,0,0,0,0.00,-1,0,0,0,0.00,0.00,4,57,0,2,1,4,13,70,17.5,17.5,1,0,0,69,0,NA,-1,-1,56.6%,NA,NA,NA,0,NA,3,5,0.600,3.0,25,11.8%,2.80,0,NA,NA,NA,NA,NA,0.080,NA,69,vs NE,11,·,NA,NA
7,12497,Tory Horton,WR,23.0,SEA,999.0,999,999,0,0,0,1,1,0,72,28,0,0.0%,0,0,0,0,0,0,0.00,0,0,0,0,0.00,0.00,0,0,0,0,0,3,0,0,0.0,0.0,0,0,0,0,0,NA,0,0,38.9%,NA,NA,NA,0,NA,0,3,0.000,0.0,17,9.4%,0.00,0,NA,NA,NA,NA,NA,0.000,NA,0,vs HOU,29,·,NA,NA
7,12485,Tez Johnson,WR,23.6,TB,19.0,17,17,15.8,13.8,11.8,1,1,0,69,47,0,0.0%,0,0,0,0,0,0,0.00,0,0,0,0,0.00,0.00,4,26,1,2,1,9,32,58,14.5,6.4,0,0,0,58,0,NA,0,0,68.1%,NA,NA,NA,0,NA,3,9,0.333,3.0,40,18.0%,1.45,0,NA,NA,NA,NA,NA,0.050,NA,58,@ DET,4,·,NA,NA
7,7049,Jauan Jennings,WR,28.4,SF,54.0,55,60,7.1,5.1,3.1,1,1,1,67,57,0,0.0%,0,0,0,0,0,0,0.00,0,0,0,0,0.00,0.00,4,21,1,2,0,7,10,31,7.8,4.4,0,0,0,31,0,NA,0,0,85.1%,NA,NA,NA,0,NA,2,7,0.286,2.0,25,26.9%,1.24,0,NA,NA,NA,NA,NA,0.080,NA,31,vs ATL,27,·,NA,NA
7,9508,Tyjae Spears,RB,24.5,TEN,32.0,34,36,7,5.5,4,1,1,0,53,23,0,0.0%,0,0,0,0,0,0,0.00,22,0,0,0,0.00,0.00,3,0,0,0,0,4,18,18,6.0,4.5,5,0,1,40,0,16,22,4.4,43.4%,1,3.10,0.200,1,0.510,1,9,0.111,1.0,NA,11.8%,NA,0,NA,NA,NA,NA,NA,NA,NA,40,vs NE,27,·,NA,NA
7,12524,Shedeur Sanders,QB,23.8,CLE,999.0,999,999,0,0,0,1,0,0,57,0,0,0.0%,0,0,0,0,0,0,0.00,0,0,0,0,0.00,0.00,0,0,0,0,0,0,0,0,0.0,0.0,0,0,0,0,0,NA,0,0,0.0%,NA,NA,NA,0,NA,0,0,NA,NA,NA,NA,NA,0,NA,NA,NA,NA,NA,NA,NA,0,vs MIA,2,·,NA,NA
7,5872,Deebo Samuel,WR,29.9,WAS,0.0,0,0,0,0,0,0,0,0,0,0,0,0.0%,0,0,0,0,0,0,0.00,0,0,0,0,0.00,0.00,0,0,0,0,0,0,0,0,0.0,0.0,0,0,0,0,0,NA,0,0,NA,NA,NA,NA,0,NA,0,0,NA,NA,NA,NA,NA,0,NA,NA,NA,NA,NA,NA,NA,0,@ DAL,1,OUT,NA,NA
7,12545,Tyler Shough,QB,26.2,NO,999.0,999,999,0,0,0,1,0,0,56,0,0,0.0%,0,0,0,0,0,0,0.00,0,0,0,0,0.00,0.00,0,0,0,0,0,0,0,0,0.0,0.0,0,0,0,0,0,NA,0,0,0.0%,NA,NA,NA,0,NA,0,0,NA,NA,NA,NA,NA,0,NA,NA,NA,NA,NA,NA,NA,0,@ CHI,4,·,NA,NA
7,8131,Isaiah Likely,TE,25.6,BAL,0.0,0,0,0,0,0,0,0,0,0,0,0,0.0%,0,0,0,0,0,0,0.00,0,0,0,0,0.00,0.00,0,0,0,0,0,0,0,0,0.0,0.0,0,0,0,0,0,NA,0,0,NA,NA,NA,NA,0,NA,0,0,NA,NA,NA,NA,NA,0,NA,NA,NA,NA,NA,NA,NA,0,BYE,BYE,BYE,NA,NA
7,9487,Parker Washington,WR,23.7,JAX,31.0,33,35,10.2,8.2,6.2,1,1,1,77,68,0,0.0%,0,0,0,0,0,0,0.00,10,0,0,0,0.00,0.00,4,48,1,2,0,10,4,52,13.0,5.2,3,0,1,62,0,NA,10,3.33,88.3%,NA,NA,NA,1,NA,3,13,0.231,3.0,49,20.8%,1.06,0,NA,NA,NA,NA,NA,0.041,NA,62,vs LAR,25,·,NA,NA
7,12495,Ollie Gordon,RB,21.9,MIA,54.0,56,56,2.3,1.8,1.3,1,1,0,58,18,0,0.0%,0,0,0,0,0,0,0.00,11,0,0,0,0.00,0.00,1,1,0,0,0,2,1,2,2.0,1.0,5,0,1,13,0,14,11,2.2,31.0%,0,2.80,0.000,1,0.280,1,7,0.143,1.0,NA,6.5%,NA,0,NA,NA,NA,NA,NA,NA,NA,13,@ CLE,32,·,NA,NA
7,11647,Kimani Vidal,RB,24.3,LAC,27.0,33,40,7.5,5.5,3.5,1,1,1,76,49,0,0.0%,0,0,0,0,0,0,0.00,20,0,0,0,0.00,0.00,4,-2,0,1,0,5,17,15,3.8,3.0,9,0,0,35,0,19,20,2.22,64.5%,3,2.10,0.333,0,0.543,1,14,0.071,1.0,NA,9.1%,NA,0,NA,NA,NA,NA,NA,NA,NA,35,vs IND,25,·,NA,NA
7,12469,Dylan Sampson,RB,21.2,CLE,51.0,51,52,2.7,2.2,1.7,1,1,0,57,9,0,0.0%,0,0,0,0,0,0,0.00,8,0,0,0,0.00,0.00,1,-5,0,0,0,1,14,9,9.0,9.0,3,0,0,17,0,7,8,2.67,15.8%,0,2.30,0.000,0,0.230,0,4,0.000,0.0,NA,5.6%,NA,0,NA,NA,NA,NA,NA,NA,NA,17,vs MIA,4,·,NA,NA
7,11576,Braelon Allen,RB,21.9,NYJ,999.0,999,999,0,0,0,1,0,0,0,0,0,0.0%,0,0,0,0,0,0,0.00,0,0,0,0,0.00,0.00,0,0,0,0,0,0,0,0,0.0,0.0,0,0,0,0,0,NA,0,0,NA,NA,NA,NA,0,NA,0,0,NA,NA,NA,NA,NA,0,NA,NA,NA,NA,NA,NA,NA,0,vs CAR,21,IR,NA,NA
7,12536,Jaylin Noel,WR,23.3,HOU,29.0,30,27,11.7,9.7,7.7,1,1,1,76,33,0,0.0%,0,0,0,0,0,0,0.00,0,0,0,0,0.00,0.00,4,65,0,3,0,7,12,77,19.3,11.0,0,0,0,77,0,NA,0,0,43.4%,NA,NA,NA,0,NA,3,7,0.429,3.0,25,14.3%,3.08,0,NA,NA,NA,NA,NA,0.120,NA,77,@ SEA,17,·,NA,NA
7,11625,Adonai Mitchell,WR,23.2,IND,96.0,96,94,1.8,1.3,0.8,1,1,0,60,5,0,0.0%,0,0,0,0,0,0,0.00,0,0,0,0,0.00,0.00,1,4,0,0,0,1,4,8,8.0,8.0,0,0,0,8,0,NA,0,0,8.3%,NA,NA,NA,0,NA,0,1,0.000,0.0,5,2.9%,1.60,0,NA,NA,NA,NA,NA,0.000,NA,8,@ LAC,30,·,NA,NA
7,12504,Kaleb Johnson,RB,22.3,PIT,999.0,999,999,0,0,0,1,0,0,57,0,0,0.0%,0,0,0,0,0,0,0.00,0,0,0,0,0.00,0.00,0,0,0,0,0,0,0,0,0.0,0.0,0,0,0,0,0,NA,0,0,0.0%,NA,NA,NA,0,NA,0,0,NA,NA,NA,NA,NA,0,NA,NA,NA,NA,NA,NA,NA,0,@ CIN,1,·,NA,NA
7,4037,Chris Godwin,WR,29.8,TB,0.0,0,0,0,0,0,0,0,0,0,0,0,0.0%,0,0,0,0,0,0,0.00,0,0,0,0,0.00,0.00,0,0,0,0,0,0,0,0,0.0,0.0,0,0,0,0,0,NA,0,0,NA,NA,NA,NA,0,NA,0,0,NA,NA,NA,NA,NA,0,NA,NA,NA,NA,NA,NA,NA,0,@ DET,4,OUT,NA,NA
7,12547,Kyle Williams,WR,23.1,NE,999.0,999,999,0,0,0,1,1,0,65,12,0,0.0%,0,0,0,0,0,0,0.00,0,0,0,0,0.00,0.00,0,0,0,0,0,1,0,0,0.0,0.0,0,0,0,0,0,NA,0,0,18.5%,NA,NA,NA,0,NA,0,1,0.000,0.0,5,4.2%,0.00,0,NA,NA,NA,NA,NA,0.000,NA,0,@ TEN,16,·,NA,NA
7,5844,T.J. Hockenson,TE,28.4,MIN,16.0,19,21,10.3,7.3,4.3,1,1,1,69,57,0,0.0%,0,0,0,0,0,0,0.00,0,0,0,0,0.00,0.00,6,21,0,1,0,9,22,43,7.2,4.8,0,0,0,43,0,NA,0,0,82.6%,NA,NA,NA,0,NA,1,9,0.111,1.0,36,21.4%,1.19,0,NA,NA,NA,NA,NA,0.028,NA,43,vs PHI,30,·,NA,NA
7,6806,J.K. Dobbins,RB,27.0,DEN,24.0,23,22,9,8.5,8,1,1,1,81,40,0,0.0%,0,0,0,0,0,0,0.00,81,0,0,0,0.00,0.00,1,-5,0,0,0,1,4,-1,-1.0,-1.0,14,1,3,80,0,50,81,5.79,49.4%,3,3.60,0.214,3,0.574,3,15,0.200,3.0,NA,2.0%,NA,0,NA,NA,NA,NA,NA,NA,NA,80,vs NYG,10,·,NA,NA
7,6783,Jerry Jeudy,WR,26.6,CLE,74.0,76,77,3.7,2.7,1.7,1,1,1,57,39,0,0.0%,0,0,0,0,0,0,0.00,0,0,0,0,0.00,0.00,2,7,0,1,0,4,10,17,8.5,4.3,0,0,0,17,0,NA,0,0,68.4%,NA,NA,NA,0,NA,1,4,0.250,1.0,17,22.2%,1.00,0,NA,NA,NA,NA,NA,0.059,NA,17,vs MIA,23,·,NA,NA
7,8676,Rashid Shaheed,WR,27.3,NO,43.0,49,49,8,6,4,1,1,1,56,43,0,0.0%,0,0,0,0,0,0,0.00,0,0,0,0,0.00,0.00,4,26,0,3,0,9,14,40,10.0,4.4,0,0,0,40,0,NA,0,0,76.8%,NA,NA,NA,0,NA,3,9,0.333,3.0,31,28.1%,1.29,0,NA,NA,NA,NA,NA,0.097,NA,40,@ CHI,7,·,NA,NA
7,2216,Mike Evans,WR,32.3,TB,999.0,999,999,0,0,0,1,1,1,69,14,0,0.0%,0,0,0,0,0,0,0.00,0,0,0,0,0.00,0.00,0,0,0,0,0,4,0,0,0.0,0.0,0,0,0,0,0,NA,0,0,20.3%,NA,NA,NA,0,NA,0,4,0.000,0.0,11,8.0%,0.00,0,NA,NA,NA,NA,NA,0.000,NA,0,@ DET,4,·,NA,NA
7,12535,Isaac TeSlaa,WR,23.8,DET,999.0,999,999,0,0,0,1,1,0,68,9,0,0.0%,0,0,0,0,0,0,0.00,0,0,0,0,0.00,0.00,0,0,0,0,0,1,0,0,0.0,0.0,0,0,0,0,0,NA,0,0,13.2%,NA,NA,NA,0,NA,0,1,0.000,0.0,6,3.4%,0.00,0,NA,NA,NA,NA,NA,0.000,NA,0,vs TB,20,·,NA,NA
7,9506,Sean Tucker,RB,24.1,TB,63.0,64,64,1.6,1.1,0.6,1,1,0,69,7,0,0.0%,0,0,0,0,0,0,0.00,4,0,0,0,0.00,0.00,1,-6,0,0,0,1,8,2,2.0,2.0,1,0,0,6,0,4,4,4,10.1%,0,3.90,0.000,0,0.390,0,2,0.000,0.0,NA,2.0%,NA,0,NA,NA,NA,NA,NA,NA,NA,6,@ DET,28,·,NA,NA
7,7527,Mac Jones,QB,27.2,SF,25.0,25,25,6.18,6.18,6.18,1,1,1,67,67,0,65.4%,52,26,17,10,9,1,64.90,163,1,0,152,5.85,8.94,0,0,0,0,0,0,0,0,0.0,0.0,5,0,2,11,0,NA,11,2.2,100.0%,NA,NA,NA,2,NA,12,31,NA,NA,NA,NA,NA,10,38.5%,2.72,3.8%,25.0%,4.6,NA,28,163,vs ATL,28,·,NA,NA
7,12492,Pat Bryant,WR,23.0,DEN,97.0,97,95,1.6,1.1,0.6,1,1,1,81,41,0,0.0%,0,0,0,0,0,0,0.00,0,0,0,0,0.00,0.00,1,5,1,0,0,4,1,6,6.0,1.5,0,0,0,6,0,NA,0,0,50.6%,NA,NA,NA,0,NA,0,4,0.000,0.0,21,8.0%,0.29,0,NA,NA,NA,NA,NA,0.000,NA,6,vs NYG,3,·,NA,NA
7,10213,Tre Tucker,WR,24.8,LV,38.0,50,57,8.3,5.8,3.3,1,1,1,35,31,0,0.0%,0,0,0,0,0,0,0.00,0,0,0,0,0.00,0.00,5,-1,1,2,0,6,34,33,6.6,5.5,0,0,0,33,0,NA,0,0,88.6%,NA,NA,NA,0,NA,2,6,0.333,2.0,17,33.3%,1.94,0,NA,NA,NA,NA,NA,0.118,NA,33,@ KC,26,·,NA,NA
7,12476,Devin Neal,RB,22.3,NO,71.0,71,71,0.1,0.1,0.1,1,1,0,56,7,0,0.0%,0,0,0,0,0,0,0.00,1,0,0,0,0.00,0.00,0,0,0,0,0,0,0,0,0.0,0.0,1,0,0,1,0,NA,1,1,12.5%,NA,NA,NA,0,NA,0,1,0.000,0.0,NA,NA,NA,0,NA,NA,NA,NA,NA,NA,NA,1,@ CHI,6,·,NA,NA
7,11603,AJ Barner,TE,23.6,SEA,44.0,44,43,1.9,1.4,0.9,1,1,1,72,62,0,0.0%,0,0,0,0,0,0,0.00,2,0,0,0,0.00,0.00,1,4,0,0,0,3,3,7,7.0,2.3,1,0,1,9,0,NA,2,2,86.1%,NA,NA,NA,1,NA,1,4,0.250,1.0,22,9.4%,0.32,0,NA,NA,NA,NA,NA,0.000,NA,9,vs HOU,29,·,NA,NA
7,5012,Mark Andrews,TE,30.2,BAL,0.0,0,0,0,0,0,0,0,0,0,0,0,0.0%,0,0,0,0,0,0,0.00,0,0,0,0,0.00,0.00,0,0,0,0,0,0,0,0,0.0,0.0,0,0,0,0,0,NA,0,0,NA,NA,NA,NA,0,NA,0,0,NA,NA,NA,NA,NA,0,NA,NA,NA,NA,NA,NA,NA,0,BYE,BYE,BYE,NA,NA
7,11637,Keon Coleman,WR,22.6,BUF,0.0,0,0,0,0,0,0,0,0,0,0,0,0.0%,0,0,0,0,0,0,0.00,0,0,0,0,0.00,0.00,0,0,0,0,0,0,0,0,0.0,0.0,0,0,0,0,0,NA,0,0,NA,NA,NA,NA,0,NA,0,0,NA,NA,NA,NA,NA,0,NA,NA,NA,NA,NA,NA,NA,0,BYE,BYE,BYE,NA,NA
7,11618,Jalen McMillan,WR,24.0,TB,999.0,999,999,0,0,0,1,0,0,0,0,0,0.0%,0,0,0,0,0,0,0.00,0,0,0,0,0.00,0.00,0,0,0,0,0,0,0,0,0.0,0.0,0,0,0,0,0,NA,0,0,NA,NA,NA,NA,0,NA,0,0,NA,NA,NA,NA,NA,0,NA,NA,NA,NA,NA,NA,NA,0,@ DET,4,IR,NA,NA
7,12487,Terrance Ferguson,TE,22.8,LAR,17.0,16,12,10.1,9.6,9.1,1,1,0,70,34,0,0.0%,0,0,0,0,0,0,0.00,0,0,0,0,0.00,0.00,1,31,0,0,1,3,0,31,31.0,10.3,0,0,0,31,0,NA,0,0,48.6%,NA,NA,NA,0,NA,1,3,0.333,1.0,12,9.1%,2.58,0,NA,NA,NA,NA,NA,0.000,NA,31,@ JAX,23,·,NA,NA
7,11655,Tyrone Tracy,RB,26.0,NYG,21.0,19,16,10.6,10.6,10.6,1,1,0,77,28,0,0.0%,0,0,0,0,0,0,0.00,46,0,0,0,0.00,0.00,0,0,0,0,0,0,0,0,0.0,0.0,9,0,1,46,1,21,46,5.11,36.4%,3,2.30,0.333,2,0.563,2,9,0.222,2.0,NA,0.0%,NA,0,NA,NA,NA,NA,NA,NA,NA,46,@ DEN,26,·,NA,NA
7,12509,Tre Harris,WR,23.8,LAC,70.0,67,67,4.3,3.3,2.3,1,1,1,76,33,0,0.0%,0,0,0,0,0,0,0.00,0,0,0,0,0.00,0.00,2,18,0,2,0,2,5,23,11.5,11.5,0,0,0,23,0,NA,0,0,43.4%,NA,NA,NA,0,NA,2,2,1.000,2.0,20,3.6%,1.15,0,NA,NA,NA,NA,NA,0.100,NA,23,vs IND,5,·,NA,NA
7,12533,Jacory Croskey-Merritt,RB,24.6,WAS,44.0,44,43,4.2,3.7,3.2,1,1,1,67,33,0,0.0%,0,0,0,0,0,0,0.00,33,0,0,0,0.00,0.00,1,-7,0,0,0,2,6,-1,-1.0,-0.5,13,0,1,32,0,39,33,2.54,49.3%,3,3.00,0.231,1,0.531,1,15,0.067,1.0,NA,6.3%,NA,0,NA,NA,NA,NA,NA,NA,NA,32,@ DAL,5,·,NA,NA
7,11646,Jalen Coker,WR,24.1,CAR,999.0,999,999,0,0,0,1,1,0,71,26,0,0.0%,0,0,0,0,0,0,0.00,0,0,0,0,0.00,0.00,0,0,0,0,0,2,0,0,0.0,0.0,0,0,0,0,0,NA,0,0,36.6%,NA,NA,NA,0,NA,0,2,0.000,0.0,16,6.3%,0.00,0,NA,NA,NA,NA,NA,0.000,NA,0,@ NYJ,24,·,NA,NA
7,5022,Dallas Goedert,TE,30.9,PHI,31.0,32,35,4.8,3.3,1.8,1,1,1,50,49,0,0.0%,0,0,0,0,0,0,0.00,0,0,0,0,0.00,0.00,3,13,0,0,0,3,5,18,6.0,6.0,0,0,0,18,0,NA,0,0,98.0%,NA,NA,NA,0,NA,0,3,0.000,0.0,24,13.0%,0.75,0,NA,NA,NA,NA,NA,0.000,NA,18,@ MIN,14,·,NA,NA
7,8408,Jordan Mason,RB,26.5,MIN,20.0,15,14,11.7,11.7,11.7,1,1,1,69,53,0,0.0%,0,0,0,0,0,0,0.00,57,0,0,0,0.00,0.00,0,0,0,0,0,0,0,0,0.0,0.0,15,1,4,57,1,47,57,3.8,76.8%,5,3.10,0.333,5,0.643,5,15,0.333,5.0,NA,0.0%,NA,0,NA,NA,NA,NA,NA,NA,NA,57,vs PHI,8,·,NA,NA
7,1466,Travis Kelce,TE,36.2,KC,21.0,20,19,8.4,6.9,5.4,1,1,1,81,50,0,0.0%,0,0,0,0,0,0,0.00,0,0,0,0,0.00,0.00,3,22,0,1,0,3,32,54,18.0,18.0,0,0,0,54,0,NA,0,0,61.7%,NA,NA,NA,0,NA,1,3,0.333,1.0,26,8.6%,2.08,0,NA,NA,NA,NA,NA,0.038,NA,54,vs LV,25,·,NA,NA
7,12521,Elijah Arroyo,TE,22.7,SEA,26.0,27,32,6.2,4.2,2.2,1,1,0,72,27,1,0.0%,0,0,0,0,0,0,0.00,0,0,0,0,0.00,0.00,4,20,0,2,0,5,22,42,10.5,8.4,0,0,0,42,0,NA,0,0,37.5%,NA,NA,NA,0,NA,2,5,0.400,2.0,13,15.6%,3.23,0,NA,NA,NA,NA,NA,0.154,NA,42,vs HOU,29,·,NA,NA
7,7567,Kenneth Gainwell,RB,26.7,PIT,48.0,49,54,3.5,2.5,1.5,1,1,0,57,22,0,0.0%,0,0,0,0,0,0,0.00,14,0,0,0,0.00,0.00,2,0,0,0,0,2,1,1,0.5,0.5,3,0,1,15,0,14,14,4.67,38.6%,2,4.70,0.667,1,1.137,1,5,0.200,1.0,NA,5.9%,NA,0,NA,NA,NA,NA,NA,NA,NA,15,@ CIN,1,·,NA,NA
7,8111,Cade Otton,TE,26.6,TB,11.0,14,16,13.5,10,6.5,1,1,1,69,67,0,0.0%,0,0,0,0,0,0,0.00,0,0,0,0,0.00,0.00,7,41,0,4,0,9,24,65,9.3,7.2,0,0,0,65,0,NA,0,0,97.1%,NA,NA,NA,0,NA,4,9,0.444,4.0,44,18.0%,1.48,0,NA,NA,NA,NA,NA,0.091,NA,65,@ DET,18,·,NA,NA
7,3214,Hunter Henry,TE,31.0,NE,25.0,25,25,7.3,5.3,3.3,1,1,1,65,44,0,0.0%,0,0,0,0,0,0,0.00,0,0,0,0,0.00,0.00,4,18,0,3,0,5,15,33,8.3,6.6,0,0,0,33,0,NA,0,0,67.7%,NA,NA,NA,0,NA,3,5,0.600,3.0,25,20.8%,1.32,0,NA,NA,NA,NA,NA,0.120,NA,33,@ TEN,24,·,NA,NA
7,4033,David Njoku,TE,29.4,CLE,0.0,0,0,0,0,0,0,0,0,0,0,0,0.0%,0,0,0,0,0,0,0.00,0,0,0,0,0.00,0.00,0,0,0,0,0,0,0,0,0.0,0.0,0,0,0,0,0,NA,0,0,NA,NA,NA,NA,0,NA,0,0,NA,NA,NA,NA,NA,0,NA,NA,NA,NA,NA,NA,NA,0,vs MIA,6,OUT,NA,NA
7,7611,Rhamondre Stevenson,RB,27.8,NE,13.0,13,13,16.8,15.8,14.8,1,1,1,65,49,0,0.0%,0,0,0,0,0,0,0.00,88,0,0,0,0.00,0.00,2,-3,0,0,0,2,3,0,0.0,0.0,18,4,4,88,1,56,88,4.89,75.4%,5,3.10,0.278,5,0.588,5,20,0.250,5.0,NA,8.3%,NA,0,NA,NA,NA,NA,NA,NA,NA,88,@ TEN,3,·,NA,NA
7,11626,Xavier Legette,WR,24.8,CAR,8.0,10,12,24.2,19.7,15.2,1,1,1,71,57,0,0.0%,0,0,0,0,0,0,0.00,0,0,0,0,0.00,0.00,9,78,0,3,1,11,14,92,10.2,8.4,0,0,0,92,0,NA,0,0,80.3%,NA,NA,NA,0,NA,4,11,0.364,4.0,31,34.4%,2.97,0,NA,NA,NA,NA,NA,0.097,NA,92,@ NYJ,24,·,NA,NA
7,8136,Rachaad White,RB,26.9,TB,26.0,30,33,8.4,6.4,4.4,1,1,1,69,62,0,0.0%,0,0,0,0,0,0,0.00,38,0,0,0,0.00,0.00,4,-12,0,0,0,6,18,6,1.5,1.0,10,1,2,44,0,24,38,3.8,89.9%,1,2.40,0.100,2,0.340,2,16,0.125,2.0,NA,12.0%,NA,0,NA,NA,NA,NA,NA,NA,NA,44,@ DET,28,·,NA,NA
7,9225,Tank Bigsby,RB,24.3,PHI,57.0,60,60,2,1.5,1,1,1,0,50,4,0,0.0%,0,0,0,0,0,0,0.00,11,0,0,0,0.00,0.00,1,-7,0,0,0,1,6,-1,-1.0,-1.0,1,0,1,10,0,5,11,11,8.0%,1,5.00,1.000,1,1.500,1,2,0.500,1.0,NA,4.3%,NA,0,NA,NA,NA,NA,NA,NA,NA,10,@ MIN,12,·,NA,NA
7,3257,Jacoby Brissett,QB,33.0,ARI,12.0,12,12,19.76,19.76,19.76,1,1,1,76,76,1,69.4%,180,36,25,11,11,0,110.80,305,6,2,279,7.75,11.16,0,0,0,0,0,0,0,0,0.0,0.0,6,1,2,26,0,NA,26,4.33,100.0%,NA,NA,NA,2,NA,15,42,NA,NA,NA,NA,NA,13,36.1%,2.91,16.7%,56.5%,8.6,NA,46,305,vs GB,NA,NA,NA,NA
7,12510,Jalen Milroe,QB,23.0,SEA,0.0,0,0,0,0,0,0,0,0,0,0,0,0.0%,0,0,0,0,0,0,0.00,0,0,0,0,0.00,0.00,0,0,0,0,0,0,0,0,0.0,0.0,0,0,0,0,0,NA,0,0,NA,NA,NA,NA,0,NA,0,0,NA,NA,NA,NA,NA,0,NA,NA,NA,NA,NA,NA,NA,0,vs HOU,32,·,NA,NA
7,5967,Tony Pollard,RB,28.6,TEN,18.0,22,28,12.1,9.1,6.1,1,1,1,53,30,0,0.0%,0,0,0,0,0,0,0.00,18,0,0,0,0.00,0.00,6,8,0,3,0,6,35,43,7.2,7.2,6,0,0,61,0,12,18,3,56.6%,1,2.00,0.167,0,0.367,3,12,0.250,3.0,NA,17.6%,NA,0,NA,NA,NA,NA,NA,NA,NA,61,vs NE,27,·,NA,NA
7,9486,Dontayvion Wicks,WR,24.5,GB,98.0,98,96,1.5,1,0.5,1,1,0,56,15,0,0.0%,0,0,0,0,0,0,0.00,0,0,0,0,0.00,0.00,1,3,0,0,0,2,2,5,5.0,2.5,0,0,0,5,0,NA,0,0,26.8%,NA,NA,NA,0,NA,0,2,0.000,0.0,9,6.9%,0.56,0,NA,NA,NA,NA,NA,0.000,NA,5,@ ARI,21,·,NA,NA
7,12455,Brashard Smith,RB,22.7,KC,14.0,20,21,13.1,10.6,8.1,1,1,0,81,28,0,0.0%,0,0,0,0,0,0,0.00,39,0,0,0,0.00,0.00,5,-16,0,2,0,5,58,42,8.4,8.4,14,0,1,81,0,38,39,2.79,34.6%,7,2.70,0.500,1,0.770,3,19,0.158,3.0,NA,14.3%,NA,0,NA,NA,NA,NA,NA,NA,NA,81,vs LV,15,·,NA,NA
7,9494,Marvin Mims,WR,23.7,DEN,18.0,19,22,15.8,12.8,9.8,1,1,1,81,43,0,0.0%,0,0,0,0,0,0,0.00,13,0,0,0,0.00,0.00,6,54,0,3,0,7,31,85,14.2,12.1,1,1,1,98,0,NA,13,13,53.1%,NA,NA,NA,1,NA,4,8,0.500,4.0,31,14.0%,2.74,0,NA,NA,NA,NA,NA,0.097,NA,98,vs NYG,3,·,NA,NA
7,9511,Keaton Mitchell,RB,23.9,BAL,0.0,0,0,0,0,0,0,0,0,0,0,0,0.0%,0,0,0,0,0,0,0.00,0,0,0,0,0.00,0.00,0,0,0,0,0,0,0,0,0.0,0.0,0,0,0,0,0,NA,0,0,NA,NA,NA,NA,0,NA,0,0,NA,NA,NA,NA,NA,0,NA,NA,NA,NA,NA,NA,NA,0,BYE,BYE,BYE,NA,NA
7,4035,Alvin Kamara,RB,30.4,NO,36.0,40,46,5.9,4.4,2.9,1,1,1,56,47,0,0.0%,0,0,0,0,0,0,0.00,28,0,0,0,0.00,0.00,3,1,0,0,0,3,0,1,0.3,0.3,11,0,1,29,0,22,28,2.55,83.9%,1,2.00,0.091,1,0.291,1,14,0.071,1.0,NA,9.4%,NA,0,NA,NA,NA,NA,NA,NA,NA,29,@ CHI,6,·,NA,NA
7,4199,Aaron Jones,RB,31.0,MIN,999.0,999,999,0,0,0,1,0,0,0,0,0,0.0%,0,0,0,0,0,0,0.00,0,0,0,0,0.00,0.00,0,0,0,0,0,0,0,0,0.0,0.0,0,0,0,0,0,NA,0,0,NA,NA,NA,NA,0,NA,0,0,NA,NA,NA,NA,NA,0,NA,NA,NA,NA,NA,NA,NA,0,vs PHI,8,IR,NA,NA
7,8205,Isiah Pacheco,RB,26.8,KC,17.0,14,15,12.4,11.9,11.4,1,1,1,81,45,0,0.0%,0,0,0,0,0,0,0.00,57,0,0,0,0.00,0.00,1,-6,1,0,0,2,3,-3,-3.0,-1.5,15,0,4,54,1,53,57,3.8,55.6%,5,3.50,0.333,5,0.683,5,17,0.294,5.0,NA,5.7%,NA,0,NA,NA,NA,NA,NA,NA,NA,54,vs LV,15,·,NA,NA
7,7002,Juwan Johnson,TE,29.2,NO,13.0,12,14,12.9,10.4,7.9,1,1,1,56,40,0,0.0%,0,0,0,0,0,0,0.00,0,0,0,0,0.00,0.00,5,38,1,3,0,7,41,79,15.8,11.3,0,0,0,79,0,NA,0,0,71.4%,NA,NA,NA,0,NA,3,7,0.429,3.0,29,21.9%,2.72,0,NA,NA,NA,NA,NA,0.103,NA,79,@ CHI,17,·,NA,NA
7,8154,Brian Robinson,RB,26.7,SF,47.0,45,39,3.6,3.6,3.6,1,1,0,67,17,0,0.0%,0,0,0,0,0,0,0.00,36,0,0,0,0.00,0.00,0,0,0,0,0,0,0,0,0.0,0.0,9,2,1,36,0,42,36,4,25.4%,2,4.70,0.222,1,0.692,1,9,0.111,1.0,NA,0.0%,NA,0,NA,NA,NA,NA,NA,NA,NA,36,vs ATL,31,·,NA,NA
7,9502,Tank Dell,WR,26.1,HOU,999.0,999,999,0,0,0,1,0,0,0,0,0,0.0%,0,0,0,0,0,0,0.00,0,0,0,0,0.00,0.00,0,0,0,0,0,0,0,0,0.0,0.0,0,0,0,0,0,NA,0,0,NA,NA,NA,NA,0,NA,0,0,NA,NA,NA,NA,NA,0,NA,NA,NA,NA,NA,NA,NA,0,@ SEA,17,PUP,NA,NA
7,9501,Demario Douglas,WR,25.0,NE,66.0,68,74,4.7,3.2,1.7,1,1,0,65,15,0,0.0%,0,0,0,0,0,0,0.00,0,0,0,0,0.00,0.00,3,14,0,2,0,3,3,17,5.7,5.7,0,0,0,17,0,NA,0,0,23.1%,NA,NA,NA,0,NA,2,3,0.667,2.0,11,12.5%,1.55,0,NA,NA,NA,NA,NA,0.182,NA,17,@ TEN,16,·,NA,NA
7,11435,Emanuel Wilson,RB,26.6,GB,52.0,52,55,2.5,2,1.5,1,1,0,56,19,0,0.0%,0,0,0,0,0,0,0.00,17,0,0,0,0.00,0.00,1,-7,0,0,0,1,5,-2,-2.0,-2.0,6,0,0,15,0,25,17,2.83,33.9%,0,4.10,0.000,0,0.410,0,7,0.000,0.0,NA,3.4%,NA,0,NA,NA,NA,NA,NA,NA,NA,15,@ ARI,9,·,NA,NA
7,11583,Jonathon Brooks,RB,22.4,CAR,999.0,999,999,0,0,0,1,0,0,0,0,0,0.0%,0,0,0,0,0,0,0.00,0,0,0,0,0.00,0.00,0,0,0,0,0,0,0,0,0.0,0.0,0,0,0,0,0,NA,0,0,NA,NA,NA,NA,0,NA,0,0,NA,NA,NA,NA,NA,0,NA,NA,NA,NA,NA,NA,NA,0,@ NYJ,16,PUP,NA,NA
7,11610,Malik Washington,WR,24.9,MIA,44.0,54,61,8,5.5,3,1,1,0,58,37,0,0.0%,0,0,0,0,0,0,0.00,0,0,0,0,0.00,0.00,5,17,1,1,0,8,13,30,6.0,3.8,0,0,0,30,0,NA,0,0,63.8%,NA,NA,NA,0,NA,1,8,0.125,1.0,28,25.8%,1.07,0,NA,NA,NA,NA,NA,0.036,NA,30,@ CLE,13,·,NA,NA
7,10444,Cedric Tillman,WR,25.6,CLE,999.0,999,999,0,0,0,1,0,0,0,0,0,0.0%,0,0,0,0,0,0,0.00,0,0,0,0,0.00,0.00,0,0,0,0,0,0,0,0,0.0,0.0,0,0,0,0,0,NA,0,0,NA,NA,NA,NA,0,NA,0,0,NA,NA,NA,NA,NA,0,NA,NA,NA,NA,NA,NA,NA,0,vs MIA,23,IR,NA,NA
7,12503,Isaiah Bond,WR,21.7,CLE,999.0,999,999,0,0,0,1,1,0,57,25,0,0.0%,0,0,0,0,0,0,0.00,0,0,0,0,0.00,0.00,0,0,0,0,0,0,0,0,0.0,0.0,0,0,0,0,0,NA,0,0,43.9%,NA,NA,NA,0,NA,0,0,NA,0.0,NA,NA,NA,0,NA,NA,NA,NA,NA,NA,NA,0,vs MIA,23,·,NA,NA
7,7591,Justin Fields,QB,26.8,NYJ,30.0,30,30,4.04,4.04,4.04,1,1,1,61,28,0,50.0%,15,12,6,2,6,0,59.70,68,3,0,46,3.83,7.67,0,0,0,0,0,0,0,0,0.0,0.0,4,1,1,22,0,NA,22,5.5,45.9%,NA,NA,NA,1,NA,3,16,NA,NA,NA,NA,NA,2,16.7%,2.67,8.3%,43.8%,6.8,NA,16,68,vs CAR,18,·,NA,NA
7,9229,Anthony Richardson,QB,23.6,IND,999.0,999,999,0,0,0,1,0,0,0,0,0,0.0%,0,0,0,0,0,0,0.00,0,0,0,0,0.00,0.00,0,0,0,0,0,0,0,0,0.0,0.0,0,0,0,0,0,NA,0,0,NA,NA,NA,NA,0,NA,0,0,NA,NA,NA,NA,NA,0,NA,NA,NA,NA,NA,NA,NA,0,@ LAC,25,IR,NA,NA
7,11571,Isaiah Davis,RB,23.8,NYJ,41.0,41,44,5.2,4.2,3.2,1,1,0,61,29,0,0.0%,0,0,0,0,0,0,0.00,10,0,0,0,0.00,0.00,2,6,0,2,0,4,16,22,11.0,5.5,2,0,0,32,0,6,10,5,47.5%,0,3.20,0.000,0,0.320,2,6,0.333,2.0,NA,11.8%,NA,0,NA,NA,NA,NA,NA,NA,NA,32,vs CAR,21,·,NA,NA
7,12483,Jack Bech,WR,23.0,LV,79.0,82,88,3.3,2.3,1.3,1,1,0,35,22,0,0.0%,0,0,0,0,0,0,0.00,0,0,0,0,0.00,0.00,2,8,0,0,0,2,5,13,6.5,6.5,0,0,0,13,0,NA,0,0,62.9%,NA,NA,NA,0,NA,0,2,0.000,0.0,15,11.1%,0.87,0,NA,NA,NA,NA,NA,0.000,NA,13,@ KC,26,·,NA,NA
7,5001,Dalton Schultz,TE,29.4,HOU,5.0,8,10,18.8,14.3,9.8,1,1,1,76,57,0,0.0%,0,0,0,0,0,0,0.00,0,0,0,0,0.00,0.00,9,35,0,6,0,10,63,98,10.9,9.8,0,0,0,98,0,NA,0,0,75.0%,NA,NA,NA,0,NA,6,10,0.600,6.0,35,20.4%,2.80,0,NA,NA,NA,NA,NA,0.171,NA,98,@ SEA,20,·,NA,NA
7,10219,Chris Rodriguez,RB,25.2,WAS,31.0,26,23,7.2,7.2,7.2,1,1,0,67,9,0,0.0%,0,0,0,0,0,0,0.00,12,0,0,0,0.00,0.00,0,0,0,0,0,0,0,0,0.0,0.0,3,0,0,12,1,11,12,4,13.4%,0,3.60,0.000,1,0.360,1,3,0.333,1.0,NA,0.0%,NA,0,NA,NA,NA,NA,NA,NA,NA,12,@ DAL,5,·,NA,NA
7,9757,Kendre Miller,RB,23.5,NO,68.0,67,61,0.7,0.7,0.7,1,1,0,56,2,0,0.0%,0,0,0,0,0,0,0.00,7,0,0,0,0.00,0.00,0,0,0,0,0,0,0,0,0.0,0.0,1,0,0,7,0,NA,7,7,3.6%,NA,NA,NA,0,NA,0,1,0.000,0.0,NA,NA,NA,0,NA,NA,NA,NA,NA,NA,NA,7,@ CHI,6,·,NA,NA
7,12502,Gunnar Helm,TE,23.2,TEN,23.0,23,23,7.6,5.6,3.6,1,1,1,53,28,0,0.0%,0,0,0,0,0,0,0.00,0,0,0,0,0.00,0.00,4,22,0,3,0,5,14,36,9.0,7.2,0,0,0,36,0,NA,0,0,52.8%,NA,NA,NA,0,NA,3,5,0.600,3.0,14,14.7%,2.57,0,NA,NA,NA,NA,NA,0.214,NA,36,vs NE,9,·,NA,NA
7,7090,Darnell Mooney,WR,28.1,ATL,32.0,32,31,9.8,8.3,6.8,1,1,1,65,54,0,0.0%,0,0,0,0,0,0,0.00,0,0,0,0,0.00,0.00,3,57,1,3,0,5,11,68,22.7,13.6,0,0,0,68,0,NA,0,0,83.1%,NA,NA,NA,0,NA,3,5,0.600,3.0,34,13.2%,2.00,0,NA,NA,NA,NA,NA,0.088,NA,68,@ SF,15,·,NA,NA
7,11600,Ja'Tavion Sanders,TE,22.7,CAR,999.0,999,999,0,0,0,1,1,0,71,26,0,0.0%,0,0,0,0,0,0,0.00,0,0,0,0,0.00,0.00,0,0,0,0,0,2,0,0,0.0,0.0,0,0,0,0,0,NA,0,0,36.6%,NA,NA,NA,0,NA,0,2,0.000,0.0,NA,NA,NA,0,NA,NA,NA,NA,NA,NA,NA,0,@ NYJ,5,·,NA,NA
7,8147,John Metchie,WR,25.4,PHI,999.0,999,999,0,0,0,1,0,0,50,0,0,0.0%,0,0,0,0,0,0,0.00,0,0,0,0,0.00,0.00,0,0,0,0,0,0,0,0,0.0,0.0,0,0,0,0,0,NA,0,0,0.0%,NA,NA,NA,0,NA,0,0,NA,NA,NA,NA,NA,0,NA,NA,NA,NA,NA,NA,NA,0,@ MIN,32,·,NA,NA
7,3321,Tyreek Hill,WR,31.8,MIA,999.0,999,999,0,0,0,1,0,0,0,0,0,0.0%,0,0,0,0,0,0,0.00,0,0,0,0,0.00,0.00,0,0,0,0,0,0,0,0,0.0,0.0,0,0,0,0,0,NA,0,0,NA,NA,NA,NA,0,NA,0,0,NA,NA,NA,NA,NA,0,NA,NA,NA,NA,NA,NA,NA,0,@ CLE,13,IR,NA,NA
7,1479,Keenan Allen,WR,33.6,LAC,3.0,6,7,28.9,23.4,17.9,1,1,0,76,49,0,0.0%,0,0,0,0,0,0,0.00,0,0,0,0,0.00,0.00,11,89,1,6,1,14,30,119,10.8,8.5,0,0,0,119,0,NA,0,0,64.5%,NA,NA,NA,0,NA,7,14,0.500,7.0,44,25.5%,2.70,0,NA,NA,NA,NA,NA,0.136,NA,119,vs IND,5,·,NA,NA
7,7571,Rashod Bateman,WR,26.0,BAL,0.0,0,0,0,0,0,0,0,0,0,0,0,0.0%,0,0,0,0,0,0,0.00,0,0,0,0,0.00,0.00,0,0,0,0,0,0,0,0,0.0,0.0,0,0,0,0,0,NA,0,0,NA,NA,NA,NA,0,NA,0,0,NA,NA,NA,NA,NA,0,NA,NA,NA,NA,NA,NA,NA,0,BYE,BYE,BYE,NA,NA
7,11643,Jaylen Wright,RB,22.7,MIA,999.0,999,999,0,0,0,1,1,0,58,9,0,0.0%,0,0,0,0,0,0,0.00,0,0,0,0,0.00,0.00,0,0,0,0,0,0,0,0,0.0,0.0,0,0,0,0,0,NA,0,0,15.5%,NA,NA,NA,0,NA,0,0,NA,0.0,NA,NA,NA,0,NA,NA,NA,NA,NA,NA,NA,0,@ CLE,32,·,NA,NA
7,9482,Michael Mayer,TE,24.4,LV,41.0,41,40,2,1.5,1,1,1,1,35,33,0,0.0%,0,0,0,0,0,0,0.00,0,0,0,0,0.00,0.00,1,5,0,0,0,2,5,10,10.0,5.0,0,0,0,10,0,NA,0,0,94.3%,NA,NA,NA,0,NA,0,2,0.000,0.0,14,11.1%,0.71,0,NA,NA,NA,NA,NA,0.000,NA,10,@ KC,27,·,NA,NA
7,8122,Bam Knight,RB,24.7,ARI,23.0,24,26,9.4,7.9,6.4,1,1,1,76,34,0,0.0%,0,0,0,0,0,0,0.00,57,0,0,0,0.00,0.00,3,2,1,1,0,4,5,7,2.3,1.8,14,0,2,64,0,32,57,4.07,44.7%,0,2.30,0.000,2,0.230,3,18,0.167,3.0,NA,11.1%,NA,0,NA,NA,NA,NA,NA,NA,NA,64,vs GB,NA,NA,NA,NA
7,6826,Cole Kmet,TE,26.8,CHI,39.0,38,37,2.6,2.1,1.6,1,1,1,69,28,0,0.0%,0,0,0,0,0,0,0.00,0,0,0,0,0.00,0.00,1,16,0,1,0,1,0,16,16.0,16.0,0,0,0,16,0,NA,0,0,40.6%,NA,NA,NA,0,NA,1,1,1.000,1.0,8,3.8%,2.00,0,NA,NA,NA,NA,NA,0.125,NA,16,vs NO,11,·,NA,NA
7,12541,Dont'e Thornton,WR,23.0,LV,999.0,999,999,0,0,0,1,1,1,35,30,0,0.0%,0,0,0,0,0,0,0.00,0,0,0,0,0.00,0.00,0,0,1,0,0,3,0,0,0.0,0.0,0,0,0,0,0,NA,0,0,85.7%,NA,NA,NA,0,NA,0,3,0.000,0.0,16,16.7%,0.00,0,NA,NA,NA,NA,NA,0.000,NA,0,@ KC,26,·,NA,NA
7,12531,Trevor Etienne,RB,21.4,CAR,999.0,999,999,0,0,0,1,1,0,71,4,0,0.0%,0,0,0,0,0,0,0.00,0,0,0,0,0.00,0.00,0,0,0,0,0,0,0,0,0.0,0.0,0,0,0,0,0,NA,0,0,5.6%,NA,NA,NA,0,NA,0,0,NA,0.0,NA,NA,NA,0,NA,NA,NA,NA,NA,NA,NA,0,@ NYJ,16,·,NA,NA
7,12457,Jaydon Blue,RB,21.9,DAL,42.0,42,41,4.4,3.9,3.4,1,1,0,67,15,0,0.0%,0,0,0,0,0,0,0.00,29,0,0,0,0.00,0.00,1,-5,0,0,0,1,10,5,5.0,5.0,7,0,2,34,0,15,29,4.14,22.4%,1,2.10,0.143,2,0.353,2,8,0.250,2.0,NA,3.3%,NA,0,NA,NA,NA,NA,NA,NA,NA,34,vs WAS,13,·,NA,NA
7,7600,Pat Freiermuth,TE,27.1,PIT,3.0,2,1,28.1,25.6,23.1,1,1,1,57,37,0,0.0%,0,0,0,0,0,0,0.00,0,0,0,0,0.00,0.00,5,51,0,1,2,6,60,111,22.2,18.5,0,0,0,111,0,NA,0,0,64.9%,NA,NA,NA,0,NA,3,6,0.500,3.0,26,17.6%,4.27,0,NA,NA,NA,NA,NA,0.038,NA,111,@ CIN,1,·,NA,NA
7,4098,Kareem Hunt,RB,30.3,KC,59.0,55,51,1.8,1.8,1.8,1,1,0,81,15,0,0.0%,0,0,0,0,0,0,0.00,18,0,0,0,0.00,0.00,0,0,0,0,0,0,0,0,0.0,0.0,4,0,3,18,0,8,18,4.5,18.5%,0,2.00,0.000,3,0.200,3,4,0.750,3.0,NA,0.0%,NA,0,NA,NA,NA,NA,NA,NA,NA,18,vs LV,15,·,NA,NA
7,12471,DJ Giddens,RB,22.3,IND,999.0,999,999,0,0,0,1,1,0,60,3,0,0.0%,0,0,0,0,0,0,0.00,0,0,0,0,0.00,0.00,0,0,0,0,0,0,0,0,0.0,0.0,0,0,0,0,0,NA,0,0,5.0%,NA,NA,NA,0,NA,0,0,NA,0.0,NA,NA,NA,0,NA,NA,NA,NA,NA,NA,NA,0,@ LAC,18,·,NA,NA
7,10226,Andrei Iosivas,WR,26.2,CIN,45.0,43,45,7.9,6.4,4.9,1,1,1,76,53,0,0.0%,0,0,0,0,0,0,0.00,0,0,0,0,0.00,0.00,3,40,0,1,0,4,9,49,16.3,12.3,0,0,0,49,0,NA,0,0,69.7%,NA,NA,NA,0,NA,1,4,0.250,1.0,35,8.5%,1.40,0,NA,NA,NA,NA,NA,0.029,NA,49,vs PIT,19,·,NA,NA
7,5848,Marquise Brown,WR,28.5,KC,34.0,31,28,9.4,8.4,7.4,1,1,0,81,27,1,0.0%,0,0,0,0,0,0,0.00,0,0,0,0,0.00,0.00,2,13,0,1,1,4,1,14,7.0,3.5,0,0,0,14,0,NA,0,0,33.3%,NA,NA,NA,0,NA,2,4,0.500,2.0,17,11.4%,0.82,0,NA,NA,NA,NA,NA,0.059,NA,14,vs LV,6,·,NA,NA
7,10218,Xavier Hutchinson,WR,25.5,HOU,93.0,92,89,2.3,1.8,1.3,1,1,0,76,59,0,0.0%,0,0,0,0,0,0,0.00,0,0,0,0,0.00,0.00,1,11,0,1,0,4,2,13,13.0,3.3,0,0,0,13,0,NA,0,0,77.6%,NA,NA,NA,0,NA,1,4,0.250,1.0,40,8.2%,0.33,0,NA,NA,NA,NA,NA,0.025,NA,13,@ SEA,17,·,NA,NA
7,8210,Chigoziem Okonkwo,TE,26.2,TEN,999.0,999,999,0,0,0,1,1,1,53,32,0,0.0%,0,0,0,0,0,0,0.00,0,0,0,0,0.00,0.00,0,0,0,0,0,2,0,0,0.0,0.0,0,0,0,0,0,NA,0,0,60.4%,NA,NA,NA,0,NA,0,2,0.000,0.0,NA,NA,NA,0,NA,NA,NA,NA,NA,NA,NA,0,vs NE,9,·,NA,NA
7,9479,Darnell Washington,TE,24.3,PIT,18.0,18,17,9.2,7.7,6.2,1,1,1,57,36,0,0.0%,0,0,0,0,0,0,0.00,0,0,0,0,0.00,0.00,3,0,0,1,1,5,2,2,0.7,0.4,0,0,0,2,0,NA,0,0,63.2%,NA,NA,NA,0,NA,2,5,0.400,2.0,13,14.7%,0.15,0,NA,NA,NA,NA,NA,0.077,NA,2,@ CIN,1,·,NA,NA
7,11650,Luke McCaffrey,WR,24.7,WAS,999.0,999,999,0,0,0,1,1,0,67,36,0,0.0%,0,0,0,0,0,0,0.00,0,0,0,0,0.00,0.00,0,0,0,0,0,2,0,0,0.0,0.0,0,0,0,0,0,NA,0,0,53.7%,NA,NA,NA,0,NA,0,2,0.000,0.0,18,6.3%,0.00,0,NA,NA,NA,NA,NA,0.000,NA,0,@ DAL,1,·,NA,NA
7,6149,Darius Slayton,WR,28.9,NYG,0.0,0,0,0,0,0,0,0,0,0,0,0,0.0%,0,0,0,0,0,0,0.00,0,0,0,0,0.00,0.00,0,0,0,0,0,0,0,0,0.0,0.0,0,0,0,0,0,NA,0,0,NA,NA,NA,NA,0,NA,0,0,NA,NA,NA,NA,NA,0,NA,NA,NA,NA,NA,NA,NA,0,@ DEN,31,OUT,NA,NA
7,12486,Dillon Gabriel,QB,24.9,CLE,26.0,26,26,5.84,5.84,5.84,1,1,1,57,54,0,72.2%,30,18,13,6,5,0,89.10,128,2,0,116,6.44,8.92,0,0,0,0,0,0,0,0,0.0,0.0,4,0,0,12,0,NA,12,3,94.7%,NA,NA,NA,0,NA,6,22,NA,NA,NA,NA,NA,6,33.3%,2.72,5.6%,34.8%,4.3,NA,23,128,vs MIA,2,·,NA,NA
7,12641,Jaylin Lane,WR,23.6,WAS,35.0,36,36,9,7.5,6,1,1,1,67,46,0,0.0%,0,0,0,0,0,0,0.00,0,0,0,0,0.00,0.00,3,55,1,2,0,6,5,60,20.0,10.0,0,0,0,60,0,NA,0,0,68.7%,NA,NA,NA,0,NA,2,6,0.333,2.0,28,18.8%,2.14,0,NA,NA,NA,NA,NA,0.071,NA,60,@ DAL,1,·,NA,NA
7,11575,Ray Davis,RB,26.1,BUF,0.0,0,0,0,0,0,0,0,0,0,0,0,0.0%,0,0,0,0,0,0,0.00,0,0,0,0,0.00,0.00,0,0,0,0,0,0,0,0,0.0,0.0,0,0,0,0,0,NA,0,0,NA,NA,NA,NA,0,NA,0,0,NA,NA,NA,NA,NA,0,NA,NA,NA,NA,NA,NA,NA,0,BYE,BYE,BYE,NA,NA
7,4137,James Conner,RB,30.6,ARI,999.0,999,999,0,0,0,1,0,0,0,0,0,0.0%,0,0,0,0,0,0,0.00,0,0,0,0,0.00,0.00,0,0,0,0,0,0,0,0,0.0,0.0,0,0,0,0,0,NA,0,0,NA,NA,NA,NA,0,NA,0,0,NA,NA,NA,NA,NA,0,NA,NA,NA,NA,NA,NA,NA,0,vs GB,29,IR,NA,NA
7,9481,Luke Musgrave,TE,25.3,GB,999.0,999,999,0,0,0,1,1,1,56,24,0,0.0%,0,0,0,0,0,0,0.00,0,0,0,0,0.00,0.00,0,0,0,0,0,0,0,0,0.0,0.0,0,0,0,0,0,NA,0,0,42.9%,NA,NA,NA,0,NA,0,0,NA,0.0,NA,NA,NA,0,NA,NA,NA,NA,NA,NA,NA,0,@ ARI,7,·,NA,NA
7,4066,Evan Engram,TE,31.3,DEN,19.0,21,22,9.2,6.7,4.2,1,1,1,81,45,0,0.0%,0,0,0,0,0,0,0.00,0,0,0,0,0.00,0.00,5,2,2,2,0,8,40,42,8.4,5.3,0,0,0,42,0,NA,0,0,55.6%,NA,NA,NA,0,NA,2,8,0.250,2.0,37,16.0%,1.14,0,NA,NA,NA,NA,NA,0.054,NA,42,vs NYG,22,·,NA,NA
7,11630,Roman Wilson,WR,24.5,PIT,72.0,73,72,3.7,2.7,1.7,1,1,0,57,33,0,0.0%,0,0,0,0,0,0,0.00,0,0,0,0,0.00,0.00,2,0,0,1,0,2,17,17,8.5,8.5,0,0,0,17,0,NA,0,0,57.9%,NA,NA,NA,0,NA,1,2,0.500,1.0,19,5.9%,0.89,0,NA,NA,NA,NA,NA,0.053,NA,17,@ CIN,12,·,NA,NA
7,8180,Jalen Nailor,WR,26.8,MIN,62.0,58,53,5.7,4.7,3.7,1,1,1,69,41,0,0.0%,0,0,0,0,0,0,0.00,0,0,0,0,0.00,0.00,2,31,0,2,0,4,6,37,18.5,9.3,0,0,0,37,0,NA,0,0,59.4%,NA,NA,NA,0,NA,2,4,0.500,2.0,26,9.5%,1.42,0,NA,NA,NA,NA,NA,0.077,NA,37,vs PHI,18,·,NA,NA
7,11596,Ben Sinnott,TE,23.5,WAS,999.0,999,999,0,0,0,1,1,0,67,20,0,0.0%,0,0,0,0,0,0,0.00,0,0,0,0,0.00,0.00,0,0,0,0,0,0,0,0,0.0,0.0,0,0,0,0,0,NA,0,0,29.9%,NA,NA,NA,0,NA,0,0,NA,0.0,NA,NA,NA,0,NA,NA,NA,NA,NA,NA,NA,0,@ DAL,15,·,NA,NA
7,4950,Christian Kirk,WR,29.0,HOU,0.0,0,0,0,0,0,0,0,0,0,0,0,0.0%,0,0,0,0,0,0,0.00,0,0,0,0,0.00,0.00,0,0,0,0,0,0,0,0,0.0,0.0,0,0,0,0,0,NA,0,0,NA,NA,NA,NA,0,NA,0,0,NA,NA,NA,NA,NA,0,NA,NA,NA,NA,NA,NA,NA,0,@ SEA,17,OUT,NA,NA
7,8125,Calvin Austin III,WR,26.7,PIT,0.0,0,0,0,0,0,0,0,0,0,0,0,0.0%,0,0,0,0,0,0,0.00,0,0,0,0,0.00,0.00,0,0,0,0,0,0,0,0,0.0,0.0,0,0,0,0,0,NA,0,0,NA,NA,NA,NA,0,NA,0,0,NA,NA,NA,NA,NA,0,NA,NA,NA,NA,NA,NA,NA,0,@ CIN,12,OUT,NA,NA
7,8188,Tyquan Thornton,WR,25.3,KC,65.0,61,51,4.9,4.4,3.9,1,1,0,81,27,0,0.0%,0,0,0,0,0,0,0.00,0,0,0,0,0.00,0.00,1,36,1,1,0,2,3,39,39.0,19.5,0,0,0,39,0,NA,0,0,33.3%,NA,NA,NA,0,NA,1,2,0.500,1.0,11,5.7%,3.55,0,NA,NA,NA,NA,NA,0.091,NA,39,vs LV,6,·,NA,NA
7,1373,Geno Smith,QB,35.2,LV,31.0,31,31,2.78,2.78,2.78,1,1,1,35,30,1,62.5%,1,16,10,2,6,0,71.60,68,1,0,67,4.19,6.70,0,0,0,0,0,0,0,0,0.0,0.0,2,0,0,1,0,NA,1,0.5,85.7%,NA,NA,NA,0,NA,2,18,NA,NA,NA,NA,NA,2,12.5%,2.47,6.3%,22.2%,3.6,NA,18,68,@ KC,16,·,NA,NA
7,12505,Jalen Royals,WR,22.8,KC,999.0,999,999,0,0,0,1,1,0,81,16,0,0.0%,0,0,0,0,0,0,0.00,0,0,0,0,0.00,0.00,0,0,0,0,0,0,0,0,0.0,0.0,0,0,0,0,0,NA,0,0,19.8%,NA,NA,NA,0,NA,0,0,NA,0.0,NA,NA,NA,0,NA,NA,NA,NA,NA,NA,NA,0,vs LV,6,·,NA,NA
7,6130,Devin Singletary,RB,28.3,NYG,70.0,70,69,0.2,0.2,0.2,1,1,0,77,3,0,0.0%,0,0,0,0,0,0,0.00,2,0,0,0,0.00,0.00,0,0,0,0,0,0,0,0,0.0,0.0,2,0,0,2,0,NA,2,1,3.9%,NA,NA,NA,0,NA,0,2,0.000,0.0,NA,NA,NA,0,NA,NA,NA,NA,NA,NA,NA,2,@ DEN,26,·,NA,NA
7,12543,Tahj Brooks,RB,23.6,CIN,999.0,999,999,0,0,0,1,1,0,76,0,0,0.0%,0,0,0,0,0,0,0.00,0,0,0,0,0.00,0.00,0,0,0,0,0,0,0,0,0.0,0.0,0,0,0,0,0,NA,0,0,0.0%,NA,NA,NA,0,NA,0,0,NA,0.0,NA,NA,NA,0,NA,NA,NA,NA,NA,NA,NA,0,vs PIT,17,·,NA,NA
7,96,Aaron Rodgers,QB,42.0,PIT,7.0,7,7,24.56,24.56,24.56,1,1,1,57,57,0,67.6%,106,34,23,8,11,2,103.70,255,0,4,249,7.32,10.83,0,0,0,0,0,0,0,0,0.0,0.0,1,0,0,6,0,NA,6,6,100.0%,NA,NA,NA,0,NA,12,35,NA,NA,NA,NA,NA,12,35.3%,2.91,14.7%,17.1%,8.7,NA,35,255,@ CIN,11,·,NA,NA
7,7528,Najee Harris,RB,27.8,LAC,999.0,999,999,0,0,0,1,0,0,0,0,0,0.0%,0,0,0,0,0,0,0.00,0,0,0,0,0.00,0.00,0,0,0,0,0,0,0,0,0.0,0.0,0,0,0,0,0,NA,0,0,NA,NA,NA,NA,0,NA,0,0,NA,NA,NA,NA,NA,0,NA,NA,NA,NA,NA,NA,NA,0,vs IND,25,IR,NA,NA
7,11562,Spencer Rattler,QB,25.2,NO,16.0,16,16,13.52,13.52,13.52,1,1,1,56,56,1,62.5%,164,32,20,7,12,3,66.30,245,4,2,233,7.28,11.65,0,0,0,0,0,0,0,0,0.0,0.0,2,0,1,12,0,NA,12,6,100.0%,NA,NA,NA,1,NA,10,34,NA,NA,NA,NA,NA,9,28.1%,2.84,21.9%,45.9%,11.8,NA,37,245,@ CHI,4,·,NA,NA
7,11569,Jarquez Hunter,RB,22.9,LAR,0.0,0,0,0,0,0,0,0,0,0,0,0,0.0%,0,0,0,0,0,0,0.00,0,0,0,0,0.00,0.00,0,0,0,0,0,0,0,0,0.0,0.0,0,0,0,0,0,NA,0,0,NA,NA,NA,NA,0,NA,0,0,NA,NA,NA,NA,NA,0,NA,NA,NA,NA,NA,NA,NA,0,@ JAX,23,·,NA,NA
7,2306,Jameis Winston,QB,31.9,NYG,0.0,0,0,0,0,0,0,0,0,0,0,0,0.0%,0,0,0,0,0,0,0.00,0,0,0,0,0.00,0.00,0,0,0,0,0,0,0,0,0.0,0.0,0,0,0,0,0,NA,0,0,NA,NA,NA,NA,0,NA,0,0,NA,NA,NA,NA,NA,0,NA,NA,NA,NA,NA,NA,NA,0,@ DEN,31,·,NA,NA
7,11557,Joe Milton,QB,25.8,DAL,999.0,999,999,0,0,0,1,0,0,67,0,0,0.0%,0,0,0,0,0,0,0.00,0,0,0,0,0.00,0.00,0,0,0,0,0,0,0,0,0.0,0.0,0,0,0,0,0,NA,0,0,0.0%,NA,NA,NA,0,NA,0,0,NA,NA,NA,NA,NA,0,NA,NA,NA,NA,NA,NA,NA,0,vs WAS,9,·,NA,NA
7,11577,Will Shipley,RB,23.3,PHI,60.0,61,62,1.7,1.2,0.7,1,1,0,50,8,0,0.0%,0,0,0,0,0,0,0.00,0,0,0,0,0.00,0.00,1,0,0,0,0,1,7,7,7.0,7.0,0,0,0,7,0,0,0,0,16.0%,0,0.00,NA,0,NA,0,1,0.000,0.0,NA,4.3%,NA,0,NA,NA,NA,NA,NA,NA,NA,7,@ MIN,12,·,NA,NA
7,11199,Emari Demercado,RB,26.9,ARI,0.0,0,0,0,0,0,0,0,0,0,0,0,0.0%,0,0,0,0,0,0,0.00,0,0,0,0,0.00,0.00,0,0,0,0,0,0,0,0,0.0,0.0,0,0,0,0,0,NA,0,0,NA,NA,NA,NA,0,NA,0,0,NA,NA,NA,NA,NA,0,NA,NA,NA,NA,NA,NA,NA,0,vs GB,29,OUT,NA,NA
7,1339,Zach Ertz,TE,35.1,WAS,14.0,11,11,12.7,11.2,9.7,1,1,1,67,45,0,0.0%,0,0,0,0,0,0,0.00,0,0,0,0,0.00,0.00,3,24,2,1,1,7,13,37,12.3,5.3,0,0,0,37,0,NA,0,0,67.2%,NA,NA,NA,0,NA,2,7,0.286,2.0,29,21.9%,1.28,0,NA,NA,NA,NA,NA,0.034,NA,37,@ DAL,15,·,NA,NA
7,2307,Marcus Mariota,QB,32.1,WAS,28.0,28,28,4.92,4.92,4.92,1,1,0,67,21,0,40.0%,44,10,4,2,6,1,22.10,97,2,0,63,6.30,15.75,0,0,0,0,0,0,0,0,0.0,0.0,2,0,1,34,0,NA,34,17,31.3%,NA,NA,NA,1,NA,3,12,NA,NA,NA,NA,NA,2,20.0%,3.52,20.0%,50.0%,12.9,NA,12,97,@ DAL,1,·,NA,NA
7,11581,MarShawn Lloyd,RB,24.9,GB,999.0,999,999,0,0,0,1,0,0,0,0,0,0.0%,0,0,0,0,0,0,0.00,0,0,0,0,0.00,0.00,0,0,0,0,0,0,0,0,0.0,0.0,0,0,0,0,0,NA,0,0,NA,NA,NA,NA,0,NA,0,0,NA,NA,NA,NA,NA,0,NA,NA,NA,NA,NA,NA,NA,0,@ ARI,9,IR,NA,NA
7,7828,Noah Gray,TE,26.6,KC,35.0,33,27,3.8,3.3,2.8,1,1,1,81,48,0,0.0%,0,0,0,0,0,0,0.00,0,0,0,0,0.00,0.00,1,13,0,1,0,1,15,28,28.0,28.0,0,0,0,28,0,NA,0,0,59.3%,NA,NA,NA,0,NA,1,1,1.000,1.0,11,2.9%,2.55,0,NA,NA,NA,NA,NA,0.091,NA,28,vs LV,25,·,NA,NA
7,7585,Davis Mills,QB,27.1,HOU,999.0,999,999,0,0,0,1,0,0,76,0,0,0.0%,0,0,0,0,0,0,0.00,0,0,0,0,0.00,0.00,0,0,0,0,0,0,0,0,0.0,0.0,0,0,0,0,0,NA,0,0,0.0%,NA,NA,NA,0,NA,0,0,NA,NA,NA,NA,NA,0,NA,NA,NA,NA,NA,NA,NA,0,@ SEA,21,·,NA,NA
7,12482,Savion Williams,WR,24.0,GB,999.0,999,999,0,0,0,1,1,0,56,4,0,0.0%,0,0,0,0,0,0,0.00,0,0,0,0,0.00,0.00,0,0,0,0,0,0,0,0,0.0,0.0,0,0,0,0,0,NA,0,0,7.1%,NA,NA,NA,0,NA,0,0,NA,0.0,2,0.0%,0.00,0,NA,NA,NA,NA,NA,0.000,NA,0,@ ARI,21,·,NA,NA
7,12523,Jimmy Horn,WR,23.2,CAR,91.0,88,85,2.5,2,1.5,1,1,0,71,15,0,0.0%,0,0,0,0,0,0,0.00,7,0,0,0,0.00,0.00,1,-2,0,0,0,2,10,8,8.0,4.0,1,0,0,15,0,NA,7,7,21.1%,NA,NA,NA,0,NA,0,3,0.000,0.0,7,6.3%,1.14,0,NA,NA,NA,NA,NA,0.000,NA,15,@ NYJ,24,·,NA,NA
7,5970,Greg Dortch,WR,27.5,ARI,89.0,94,97,2.5,1.5,0.5,1,1,0,76,7,0,0.0%,0,0,0,0,0,0,0.00,0,0,0,0,0.00,0.00,2,-6,0,0,0,2,11,5,2.5,2.5,0,0,0,5,0,NA,0,0,9.2%,NA,NA,NA,0,NA,0,2,0.000,0.0,6,5.6%,0.83,0,NA,NA,NA,NA,NA,0.000,NA,5,vs GB,14,·,NA,NA
7,4144,Jonnu Smith,TE,30.3,PIT,15.0,13,13,11.8,10.3,8.8,1,1,1,57,40,0,0.0%,0,0,0,0,0,0,0.00,0,0,0,0,0.00,0.00,3,23,0,2,1,6,5,28,9.3,4.7,0,0,0,28,0,NA,0,0,70.2%,NA,NA,NA,0,NA,3,6,0.500,3.0,27,17.6%,1.04,0,NA,NA,NA,NA,NA,0.074,NA,28,@ CIN,1,·,NA,NA
7,4981,Calvin Ridley,WR,31.0,TEN,0.0,0,0,0,0,0,0,0,0,0,0,0,0.0%,0,0,0,0,0,0,0.00,0,0,0,0,0.00,0.00,0,0,0,0,0,0,0,0,0.0,0.0,0,0,0,0,0,NA,0,0,NA,NA,NA,NA,0,NA,0,0,NA,NA,NA,NA,NA,0,NA,NA,NA,NA,NA,NA,NA,0,vs NE,11,OUT,NA,NA
7,12544,LeQuint Allen,RB,21.3,JAX,64.0,65,67,1.4,0.9,0.4,1,1,0,77,16,0,0.0%,0,0,0,0,0,0,0.00,0,0,0,0,0.00,0.00,1,1,0,0,0,1,3,4,4.0,4.0,0,0,0,4,0,0,0,0,20.8%,0,0.00,NA,0,NA,0,1,0.000,0.0,NA,2.1%,NA,0,NA,NA,NA,NA,NA,NA,NA,4,vs LAR,30,·,NA,NA
7,4039,Cooper Kupp,WR,32.5,SEA,81.0,77,69,3.2,2.7,2.2,1,1,1,72,54,0,0.0%,0,1,0,0,1,1,0.00,0,0,0,0,0.00,0.00,1,18,0,1,0,1,14,32,32.0,32.0,0,0,0,32,0,NA,0,0,75.0%,NA,NA,NA,0,NA,1,2,0.500,1.0,29,3.1%,1.10,0,0.0%,NA,NA,NA,NA,0.034,NA,32,vs HOU,29,·,NA,NA
7,4018,Joe Mixon,RB,29.4,HOU,999.0,999,999,0,0,0,1,0,0,0,0,0,0.0%,0,0,0,0,0,0,0.00,0,0,0,0,0.00,0.00,0,0,0,0,0,0,0,0,0.0,0.0,0,0,0,0,0,NA,0,0,NA,NA,NA,NA,0,NA,0,0,NA,NA,NA,NA,NA,0,NA,NA,NA,NA,NA,NA,NA,0,@ SEA,14,PUP,NA,NA
7,12511,Will Howard,QB,24.2,PIT,999.0,999,999,0,0,0,1,0,0,0,0,0,0.0%,0,0,0,0,0,0,0.00,0,0,0,0,0.00,0.00,0,0,0,0,0,0,0,0,0.0,0.0,0,0,0,0,0,NA,0,0,NA,NA,NA,NA,0,NA,0,0,NA,NA,NA,NA,NA,0,NA,NA,NA,NA,NA,NA,NA,0,@ CIN,11,IR,NA,NA
7,5857,Noah Fant,TE,28.0,CIN,10.0,10,9,14.4,12.4,10.4,1,1,0,76,52,0,0.0%,0,0,0,0,0,0,0.00,0,0,0,0,0.00,0.00,4,13,0,2,1,4,31,44,11.0,11.0,0,0,0,44,0,NA,0,0,68.4%,NA,NA,NA,0,NA,3,4,0.750,3.0,35,8.5%,1.26,0,NA,NA,NA,NA,NA,0.057,NA,44,vs PIT,3,·,NA,NA
7,6865,Colby Parkinson,TE,26.9,LAR,22.0,22,20,7.7,6.2,4.7,1,1,1,70,33,0,0.0%,0,0,0,0,0,0,0.00,0,0,0,0,0.00,0.00,3,20,0,2,0,3,27,47,15.7,15.7,0,0,0,47,0,NA,0,0,47.1%,NA,NA,NA,0,NA,2,3,0.667,2.0,9,9.1%,5.22,0,NA,NA,NA,NA,NA,0.222,NA,47,@ JAX,23,·,NA,NA
7,5906,Dawson Knox,TE,29.1,BUF,0.0,0,0,0,0,0,0,0,0,0,0,0,0.0%,0,0,0,0,0,0,0.00,0,0,0,0,0.00,0.00,0,0,0,0,0,0,0,0,0.0,0.0,0,0,0,0,0,NA,0,0,NA,NA,NA,NA,0,NA,0,0,NA,NA,NA,NA,NA,0,NA,NA,NA,NA,NA,NA,NA,0,BYE,BYE,BYE,NA,NA
7,7607,Michael Carter,RB,26.6,ARI,38.0,39,38,5.6,4.6,3.6,1,1,0,76,28,0,0.0%,0,0,0,0,0,0,0.00,11,0,0,0,0.00,0.00,2,5,0,2,0,2,20,25,12.5,12.5,7,0,1,36,0,14,11,1.57,36.8%,1,2.00,0.143,1,0.343,3,9,0.333,3.0,NA,5.6%,NA,0,NA,NA,NA,NA,NA,NA,NA,36,vs GB,NA,NA,NA,NA
7,11651,Isaac Guerendo,RB,25.4,SF,999.0,999,999,0,0,0,1,1,0,67,0,0,0.0%,0,0,0,0,0,0,0.00,0,0,0,0,0.00,0.00,0,0,0,0,0,0,0,0,0.0,0.0,0,0,0,0,0,NA,0,0,0.0%,NA,NA,NA,0,NA,0,0,NA,0.0,NA,NA,NA,0,NA,NA,NA,NA,NA,NA,NA,0,vs ATL,31,·,NA,NA
7,11623,Jordan Whittington,WR,25.2,LAR,84.0,90,93,2.9,1.9,0.9,1,1,1,70,42,0,0.0%,0,0,0,0,0,0,0.00,0,0,0,0,0.00,0.00,2,-2,0,1,0,4,11,9,4.5,2.3,0,0,0,9,0,NA,0,0,60.0%,NA,NA,NA,0,NA,1,4,0.250,1.0,21,12.1%,0.43,0,NA,NA,NA,NA,NA,0.048,NA,9,@ JAX,8,·,NA,NA
7,7670,Joshua Palmer,WR,26.2,BUF,0.0,0,0,0,0,0,0,0,0,0,0,0,0.0%,0,0,0,0,0,0,0.00,0,0,0,0,0.00,0.00,0,0,0,0,0,0,0,0,0.0,0.0,0,0,0,0,0,NA,0,0,NA,NA,NA,NA,0,NA,0,0,NA,NA,NA,NA,NA,0,NA,NA,NA,NA,NA,NA,NA,0,BYE,BYE,BYE,NA,NA
7,11834,Devaughn Vele,WR,28.0,NO,999.0,999,999,0,0,0,1,1,0,56,15,0,0.0%,0,0,0,0,0,0,0.00,0,0,0,0,0.00,0.00,0,0,0,0,0,0,0,0,0.0,0.0,0,0,0,0,0,NA,0,0,26.8%,NA,NA,NA,0,NA,0,0,NA,0.0,8,0.0%,0.00,0,NA,NA,NA,NA,NA,0.000,NA,0,@ CHI,7,·,NA,NA
7,8698,Jake Tonges,TE,26.4,SF,999.0,999,999,0,0,0,1,1,0,67,8,0,0.0%,0,0,0,0,0,0,0.00,0,0,0,0,0.00,0.00,0,0,0,0,0,0,0,0,0.0,0.0,0,0,0,0,0,NA,0,0,11.9%,NA,NA,NA,0,NA,0,0,NA,0.0,NA,NA,NA,0,NA,NA,NA,NA,NA,NA,NA,0,vs ATL,32,·,NA,NA
7,8119,Jahan Dotson,WR,25.7,PHI,999.0,999,999,0,0,0,1,1,0,50,24,0,0.0%,0,0,0,0,0,0,0.00,0,0,0,0,0.00,0.00,0,0,0,0,0,0,0,0,0.0,0.0,0,0,0,0,0,NA,0,0,48.0%,NA,NA,NA,0,NA,0,0,NA,0.0,16,0.0%,0.00,0,NA,NA,NA,NA,NA,0.000,NA,0,@ MIN,32,·,NA,NA
7,12500,Quinn Ewers,QB,22.6,MIA,33.0,33,33,2.12,2.12,2.12,1,1,0,58,12,2,62.5%,38,8,5,2,3,0,81.80,53,2,0,53,6.63,10.60,0,0,0,0,0,0,0,0,0.0,0.0,1,0,0,0,0,NA,0,0,20.7%,NA,NA,NA,0,NA,2,9,NA,NA,NA,NA,NA,2,25.0%,2.06,12.5%,50.0%,8.8,NA,10,53,@ CLE,26,·,NA,NA
7,8161,Malik Willis,QB,26.5,GB,999.0,999,999,0,0,0,1,0,0,56,0,0,0.0%,0,0,0,0,0,0,0.00,0,0,0,0,0.00,0.00,0,0,0,0,0,0,0,0,0.0,0.0,0,0,0,0,0,NA,0,0,0.0%,NA,NA,NA,0,NA,0,0,NA,NA,NA,NA,NA,0,NA,NA,NA,NA,NA,NA,NA,0,@ ARI,22,·,NA,NA
7,6039,Ty Johnson,RB,28.2,BUF,0.0,0,0,0,0,0,0,0,0,0,0,0,0.0%,0,0,0,0,0,0,0.00,0,0,0,0,0.00,0.00,0,0,0,0,0,0,0,0,0.0,0.0,0,0,0,0,0,NA,0,0,NA,NA,NA,NA,0,NA,0,0,NA,NA,NA,NA,NA,0,NA,NA,NA,NA,NA,NA,NA,0,BYE,BYE,BYE,NA,NA
7,4454,Kendrick Bourne,WR,30.3,SF,77.0,81,86,3.4,2.4,1.4,1,1,1,67,52,0,0.0%,0,0,0,0,0,0,0.00,0,0,0,0,0.00,0.00,2,14,0,1,0,2,0,14,7.0,7.0,0,0,0,14,0,NA,0,0,77.6%,NA,NA,NA,0,NA,1,2,0.500,1.0,23,7.7%,0.61,0,NA,NA,NA,NA,NA,0.043,NA,14,vs ATL,27,·,NA,NA
7,11439,Jaleel McLaughlin,RB,25.2,DEN,0.0,0,0,0,0,0,0,0,0,0,0,0,0.0%,0,0,0,0,0,0,0.00,0,0,0,0,0.00,0.00,0,0,0,0,0,0,0,0,0.0,0.0,0,0,0,0,0,NA,0,0,NA,NA,NA,NA,0,NA,0,0,NA,NA,NA,NA,NA,0,NA,NA,NA,NA,NA,NA,NA,0,vs NYG,10,·,NA,NA
7,12670,KeAndre Lambert-Smith,WR,24.1,LAC,0.0,0,0,0,0,0,0,0,0,0,0,0,0.0%,0,0,0,0,0,0,0.00,0,0,0,0,0.00,0.00,0,0,0,0,0,0,0,0,0.0,0.0,0,0,0,0,0,NA,0,0,NA,NA,NA,NA,0,NA,0,0,NA,NA,NA,NA,NA,0,NA,NA,NA,NA,NA,NA,NA,0,vs IND,5,·,NA,NA
7,12467,Jordan James,RB,21.7,SF,0.0,0,0,0,0,0,0,0,0,0,0,0,0.0%,0,0,0,0,0,0,0.00,0,0,0,0,0.00,0.00,0,0,0,0,0,0,0,0,0.0,0.0,0,0,0,0,0,NA,0,0,NA,NA,NA,NA,0,NA,0,0,NA,NA,NA,NA,NA,0,NA,NA,NA,NA,NA,NA,NA,0,vs ATL,31,·,NA,NA
7,7587,Dyami Brown,WR,26.1,JAX,55.0,48,44,7,6,5,1,1,0,77,23,0,0.0%,0,0,0,0,0,0,0.00,0,0,0,0,0.00,0.00,2,51,0,2,0,4,-1,50,25.0,12.5,0,0,0,50,0,NA,0,0,29.9%,NA,NA,NA,0,NA,2,4,0.500,2.0,18,8.3%,2.78,0,NA,NA,NA,NA,NA,0.111,NA,50,vs LAR,25,·,NA,NA
7,19,Joe Flacco,QB,40.9,CLE,6.0,6,6,25.98,25.98,25.98,1,1,1,76,76,0,66.0%,174,47,31,13,16,0,108.60,345,2,3,342,7.28,11.03,0,0,0,0,0,0,0,0,0.0,0.0,5,0,2,3,0,NA,3,0.6,100.0%,NA,NA,NA,2,NA,18,52,NA,NA,NA,NA,NA,16,34.0%,2.44,2.1%,24.5%,6.9,NA,49,345,vs MIA,7,·,NA,NA
7,11377,Tyrell Shavers,WR,26.3,BUF,0.0,0,0,0,0,0,0,0,0,0,0,0,0.0%,0,0,0,0,0,0,0.00,0,0,0,0,0.00,0.00,0,0,0,0,0,0,0,0,0.0,0.0,0,0,0,0,0,NA,0,0,NA,NA,NA,NA,0,NA,0,0,NA,NA,NA,NA,NA,0,NA,NA,NA,NA,NA,NA,NA,0,BYE,NA,NA,NA,NA
7,7694,Tommy Tremble,TE,25.5,CAR,53.0,53,999,1,0.5,0,1,1,1,71,47,0,0.0%,0,0,0,0,0,0,0.00,0,0,0,0,0.00,0.00,1,0,0,0,0,1,0,0,0.0,0.0,0,0,0,0,0,NA,0,0,66.2%,NA,NA,NA,0,NA,0,1,0.000,0.0,14,3.1%,0.00,0,NA,NA,NA,NA,NA,0.000,NA,0,@ NYJ,5,·,NA,NA
7,11783,Ryan Flournoy,WR,26.1,DAL,999.0,999,999,0,0,0,1,1,0,67,19,0,0.0%,0,0,0,0,0,0,0.00,0,0,0,0,0.00,0.00,0,0,0,0,0,0,0,0,0.0,0.0,0,0,0,0,0,NA,0,0,28.4%,NA,NA,NA,0,NA,0,0,NA,0.0,4,0.0%,0.00,0,NA,NA,NA,NA,NA,0.000,NA,0,vs WAS,NA,NA,NA,NA
7,12520,Xavier Restrepo,WR,23.6,TEN,999.0,999,999,0,0,0,1,0,0,0,0,0,0.0%,0,0,0,0,0,0,0.00,0,0,0,0,0.00,0.00,0,0,0,0,0,0,0,0,0.0,0.0,0,0,0,0,0,NA,0,0,NA,NA,NA,NA,0,NA,0,0,NA,NA,NA,NA,NA,0,NA,NA,NA,NA,NA,NA,NA,0,vs NE,11,·,NA,NA
7,8143,Jerome Ford,RB,26.2,CLE,50.0,53,59,3,2,1,1,1,0,57,13,0,0.0%,0,0,0,0,0,0,0.00,0,0,0,0,0.00,0.00,2,-1,0,1,0,2,11,10,5.0,5.0,1,0,0,10,0,1,0,0,22.8%,0,0.70,0.000,0,0.070,1,3,0.333,1.0,NA,11.1%,NA,0,NA,NA,NA,NA,NA,NA,NA,10,vs MIA,4,·,NA,NA
7,8172,Greg Dulcich,TE,25.7,MIA,999.0,999,999,0,0,0,1,0,0,0,0,0,0.0%,0,0,0,0,0,0,0.00,0,0,0,0,0.00,0.00,0,0,0,0,0,0,0,0,0.0,0.0,0,0,0,0,0,NA,0,0,NA,NA,NA,NA,0,NA,0,0,NA,NA,NA,NA,NA,0,NA,NA,NA,NA,NA,NA,NA,0,@ CLE,12,·,NA,NA
7,8225,Daniel Bellinger,TE,25.2,NYG,6.0,5,5,17.8,16.3,14.8,1,1,1,77,52,0,0.0%,0,0,0,0,0,0,0.00,0,0,0,0,0.00,0.00,3,64,1,2,1,4,24,88,29.3,22.0,0,0,0,88,0,NA,0,0,67.5%,NA,NA,NA,0,NA,3,4,0.750,3.0,18,12.1%,4.89,0,NA,NA,NA,NA,NA,0.111,NA,88,@ DEN,28,·,NA,NA
7,11994,Kameron Johnson,WR,23.7,TB,999.0,999,999,0,0,0,1,1,0,69,15,0,0.0%,0,0,0,0,0,0,0.00,0,0,0,0,0.00,0.00,0,0,0,0,0,1,0,0,0.0,0.0,0,0,0,0,0,NA,0,0,21.7%,NA,NA,NA,0,NA,0,1,0.000,0.0,9,2.0%,0.00,0,NA,NA,NA,NA,NA,0.000,NA,0,@ DET,NA,NA,NA,NA
7,8135,Treylon Burks,WR,25.7,TEN,999.0,999,999,0,0,0,1,0,0,0,0,0,0.0%,0,0,0,0,0,0,0.00,0,0,0,0,0.00,0.00,0,0,0,0,0,0,0,0,0.0,0.0,0,0,0,0,0,NA,0,0,NA,NA,NA,NA,0,NA,0,0,NA,NA,NA,NA,NA,0,NA,NA,NA,NA,NA,NA,NA,0,vs NE,11,·,NA,NA
7,8117,Jalen Tolbert,WR,26.8,DAL,87.0,85,80,2.6,2.1,1.6,1,1,0,67,33,0,0.0%,0,0,0,0,0,0,0.00,0,0,0,0,0.00,0.00,1,16,0,1,0,2,0,16,16.0,8.0,0,0,0,16,0,NA,0,0,49.3%,NA,NA,NA,0,NA,1,2,0.500,1.0,11,6.7%,1.45,0,NA,NA,NA,NA,NA,0.091,NA,16,vs WAS,10,·,NA,NA
7,5995,Justice Hill,RB,28.1,BAL,0.0,0,0,0,0,0,0,0,0,0,0,0,0.0%,0,0,0,0,0,0,0.00,0,0,0,0,0.00,0.00,0,0,0,0,0,0,0,0,0.0,0.0,0,0,0,0,0,NA,0,0,NA,NA,NA,NA,0,NA,0,0,NA,NA,NA,NA,NA,0,NA,NA,NA,NA,NA,NA,NA,0,BYE,BYE,BYE,NA,NA
7,4988,Nick Chubb,RB,30.0,HOU,56.0,58,58,2.1,1.6,1.1,1,1,1,76,19,0,0.0%,0,0,0,0,0,0,0.00,16,0,0,0,0.00,0.00,1,-4,1,0,0,3,-1,-5,-5.0,-1.7,5,0,0,11,0,14,16,3.2,25.0%,1,2.70,0.200,0,0.470,0,8,0.000,0.0,NA,6.1%,NA,0,NA,NA,NA,NA,NA,NA,NA,11,@ SEA,14,·,NA,NA
7,6271,Olamide Zaccheaus,WR,28.4,CHI,83.0,89,92,2.9,1.9,0.9,1,1,0,69,36,0,0.0%,0,0,0,0,0,0,0.00,0,0,0,0,0.00,0.00,2,4,0,0,0,3,5,9,4.5,3.0,1,0,0,9,0,NA,0,0,52.2%,NA,NA,NA,0,NA,0,4,0.000,0.0,17,11.5%,0.53,0,NA,NA,NA,NA,NA,0.000,NA,9,vs NO,9,·,NA,NA
7,11579,Audric Estime,RB,22.2,PHI,0.0,0,0,0,0,0,0,0,0,0,0,0,0.0%,0,0,0,0,0,0,0.00,0,0,0,0,0.00,0.00,0,0,0,0,0,0,0,0,0.0,0.0,0,0,0,0,0,NA,0,0,NA,NA,NA,NA,0,NA,0,0,NA,NA,NA,NA,NA,0,NA,NA,NA,NA,NA,NA,NA,0,@ MIN,12,·,NA,NA
7,9497,Jalin Hyatt,WR,24.2,NYG,999.0,999,999,0,0,0,1,1,0,77,25,0,0.0%,0,0,0,0,0,0,0.00,0,0,0,0,0.00,0.00,0,0,0,0,0,1,0,0,0.0,0.0,0,0,0,0,0,NA,0,0,32.5%,NA,NA,NA,0,NA,0,1,0.000,0.0,14,3.0%,0.00,0,NA,NA,NA,NA,NA,0.000,NA,0,@ DEN,31,·,NA,NA
7,7562,Tutu Atwell,WR,26.2,LAR,999.0,999,999,0,0,0,1,1,1,70,10,0,0.0%,0,0,0,0,0,0,0.00,0,0,0,0,0.00,0.00,0,0,0,0,0,0,0,0,0.0,0.0,0,0,0,0,0,NA,0,0,14.3%,NA,NA,NA,0,NA,0,0,NA,0.0,7,0.0%,0.00,0,NA,NA,NA,NA,NA,0.000,NA,0,@ JAX,8,·,NA,NA
7,10235,Roschon Johnson,RB,24.8,CHI,67.0,62,57,1.1,1.1,1.1,1,1,0,69,1,0,0.0%,0,0,0,0,0,0,0.00,11,0,0,0,0.00,0.00,0,0,0,0,0,0,0,0,0.0,0.0,1,0,1,11,0,11,11,11,1.4%,0,10.60,0.000,1,1.060,1,1,1.000,1.0,NA,0.0%,NA,0,NA,NA,NA,NA,NA,NA,NA,11,vs NO,22,·,NA,NA
7,11629,Devontez Walker,WR,24.5,BAL,0.0,0,0,0,0,0,0,0,0,0,0,0,0.0%,0,0,0,0,0,0,0.00,0,0,0,0,0.00,0.00,0,0,0,0,0,0,0,0,0.0,0.0,0,0,0,0,0,NA,0,0,NA,NA,NA,NA,0,NA,0,0,NA,NA,NA,NA,NA,0,NA,NA,NA,NA,NA,NA,NA,0,BYE,BYE,BYE,NA,NA
7,11599,Cade Stover,TE,25.5,HOU,999.0,999,999,0,0,0,1,0,0,0,0,0,0.0%,0,0,0,0,0,0,0.00,0,0,0,0,0.00,0.00,0,0,0,0,0,0,0,0,0.0,0.0,0,0,0,0,0,NA,0,0,NA,NA,NA,NA,0,NA,0,0,NA,NA,NA,NA,NA,0,NA,NA,NA,NA,NA,NA,NA,0,@ SEA,20,IR,NA,NA
7,8917,KaVontae Turpin,WR,29.4,DAL,85.0,83,73,2.7,2.2,1.7,1,1,1,67,20,0,0.0%,0,0,0,0,0,0,0.00,0,0,0,0,0.00,0.00,1,-4,0,1,0,1,21,17,17.0,17.0,0,0,0,17,0,NA,0,0,29.9%,NA,NA,NA,0,NA,1,1,1.000,1.0,12,3.3%,1.42,0,NA,NA,NA,NA,NA,0.083,NA,17,vs WAS,10,·,NA,NA
7,6943,Gabriel Davis,WR,26.7,BUF,0.0,0,0,0,0,0,0,0,0,0,0,0,0.0%,0,0,0,0,0,0,0.00,0,0,0,0,0.00,0.00,0,0,0,0,0,0,0,0,0.0,0.0,0,0,0,0,0,NA,0,0,NA,NA,NA,NA,0,NA,0,0,NA,NA,NA,NA,NA,0,NA,NA,NA,NA,NA,NA,NA,0,BYE,BYE,BYE,NA,NA
7,4993,Mike Gesicki,TE,30.2,CIN,999.0,999,999,0,0,0,1,0,0,0,0,0,0.0%,0,0,0,0,0,0,0.00,0,0,0,0,0.00,0.00,0,0,0,0,0,0,0,0,0.0,0.0,0,0,0,0,0,NA,0,0,NA,NA,NA,NA,0,NA,0,0,NA,NA,NA,NA,NA,0,NA,NA,NA,NA,NA,NA,NA,0,vs PIT,3,IR,NA,NA
7,2505,Darren Waller,TE,33.2,MIA,999.0,999,999,0,0,0,1,1,1,58,16,0,0.0%,0,0,0,0,0,0,0.00,0,0,0,0,0.00,0.00,0,0,0,0,0,0,0,0,0.0,0.0,0,0,0,0,0,NA,0,0,27.6%,NA,NA,NA,0,NA,0,0,NA,0.0,7,0.0%,0.00,0,NA,NA,NA,NA,NA,0.000,NA,0,@ CLE,12,·,NA,NA
7,11619,Ja'Lynn Polk,WR,23.7,NO,999.0,999,999,0,0,0,1,0,0,0,0,0,0.0%,0,0,0,0,0,0,0.00,0,0,0,0,0.00,0.00,0,0,0,0,0,0,0,0,0.0,0.0,0,0,0,0,0,NA,0,0,NA,NA,NA,NA,0,NA,0,0,NA,NA,NA,NA,NA,0,NA,NA,NA,NA,NA,NA,NA,0,@ CHI,7,IR,NA,NA
7,4177,Mack Hollins,WR,32.2,NE,53.0,45,41,7.3,6.3,5.3,1,1,1,65,43,0,0.0%,0,0,0,0,0,0,0.00,4,0,0,0,0.00,0.00,2,32,0,2,0,2,17,49,24.5,24.5,1,0,0,53,0,NA,4,4,66.2%,NA,NA,NA,0,NA,2,3,0.667,2.0,14,8.3%,3.50,0,NA,NA,NA,NA,NA,0.143,NA,53,@ TEN,16,·,NA,NA
7,12496,Tai Felton,WR,22.7,MIN,999.0,999,999,0,0,0,1,1,0,69,0,0,0.0%,0,0,0,0,0,0,0.00,0,0,0,0,0.00,0.00,0,0,0,0,0,0,0,0,0.0,0.0,0,0,0,0,0,NA,0,0,0.0%,NA,NA,NA,0,NA,0,0,NA,0.0,NA,NA,NA,0,NA,NA,NA,NA,NA,NA,NA,0,vs PHI,18,·,NA,NA
7,7891,Brock Wright,TE,27.0,DET,29.0,29,31,5.3,3.8,2.3,1,1,1,68,37,0,0.0%,0,0,0,0,0,0,0.00,0,0,0,0,0.00,0.00,3,11,0,1,0,3,12,23,7.7,7.7,0,0,0,23,0,NA,0,0,54.4%,NA,NA,NA,0,NA,1,3,0.333,1.0,9,10.3%,2.56,0,NA,NA,NA,NA,NA,0.111,NA,23,vs TB,13,·,NA,NA
7,8207,Tyler Goodson,RB,25.1,IND,0.0,0,0,0,0,0,0,0,0,0,0,0,0.0%,0,0,0,0,0,0,0.00,0,0,0,0,0.00,0.00,0,0,0,0,0,0,0,0,0.0,0.0,0,0,0,0,0,NA,0,0,NA,NA,NA,NA,0,NA,0,0,NA,NA,NA,NA,NA,0,NA,NA,NA,NA,NA,NA,NA,0,@ LAC,18,OUT,NA,NA
7,11617,Malachi Corley,WR,23.7,CLE,73.0,75,76,3.7,2.7,1.7,1,1,0,57,13,0,0.0%,0,0,0,0,0,0,0.00,0,0,0,0,0.00,0.00,2,2,0,1,0,2,15,17,8.5,8.5,0,0,0,17,0,NA,0,0,22.8%,NA,NA,NA,0,NA,1,2,0.500,1.0,5,11.1%,3.40,0,NA,NA,NA,NA,NA,0.200,NA,17,vs MIA,23,·,NA,NA
7,1166,Kirk Cousins,QB,37.3,ATL,999.0,999,999,0,0,0,1,0,0,65,0,0,0.0%,0,0,0,0,0,0,0.00,0,0,0,0,0.00,0.00,0,0,0,0,0,0,0,0,0.0,0.0,0,0,0,0,0,NA,0,0,0.0%,NA,NA,NA,0,NA,0,0,NA,NA,NA,NA,NA,0,NA,NA,NA,NA,NA,NA,NA,0,@ SF,13,·,NA,NA
7,9492,Trey Palmer,WR,24.7,NO,999.0,999,999,0,0,0,1,0,0,0,0,0,0.0%,0,0,0,0,0,0,0.00,0,0,0,0,0.00,0.00,0,0,0,0,0,0,0,0,0.0,0.0,0,0,0,0,0,NA,0,0,NA,NA,NA,NA,0,NA,0,0,NA,NA,NA,NA,NA,0,NA,NA,NA,NA,NA,NA,NA,0,@ CHI,7,IR,NA,NA
7,12516,Kalel Mullings,RB,23.2,TEN,999.0,999,999,0,0,0,1,0,0,0,0,0,0.0%,0,0,0,0,0,0,0.00,0,0,0,0,0.00,0.00,0,0,0,0,0,0,0,0,0.0,0.0,0,0,0,0,0,NA,0,0,NA,NA,NA,NA,0,NA,0,0,NA,NA,NA,NA,NA,0,NA,NA,NA,NA,NA,NA,NA,0,vs NE,27,IR,NA,NA
7,11821,Tahj Washington,WR,24.6,MIA,0.0,0,0,0,0,0,0,0,0,0,0,0,0.0%,0,0,0,0,0,0,0.00,0,0,0,0,0.00,0.00,0,0,0,0,0,0,0,0,0.0,0.0,0,0,0,0,0,NA,0,0,NA,NA,NA,NA,0,NA,0,0,NA,NA,NA,NA,NA,0,NA,NA,NA,NA,NA,NA,NA,0,@ CLE,13,·,NA,NA
7,8208,Tyler Badie,RB,25.8,DEN,45.0,48,49,3.9,2.9,1.9,1,1,0,81,21,0,0.0%,0,0,0,0,0,0,0.00,0,0,0,0,0.00,0.00,2,-12,0,2,0,2,31,19,9.5,9.5,0,0,0,19,0,0,0,0,25.9%,1,0.00,NA,0,NA,2,2,1.000,2.0,NA,4.0%,NA,0,NA,NA,NA,NA,NA,NA,NA,19,vs NYG,10,·,NA,NA
7,8160,Kenny Pickett,QB,27.5,LV,39.0,39,39,-1.68,-1.68,-1.68,1,1,0,35,5,1,100.0%,1,2,2,0,0,0,83.30,8,0,0,8,4.00,4.00,0,0,0,0,0,0,0,0,0.0,0.0,1,0,0,0,0,NA,0,0,14.3%,NA,NA,NA,0,NA,0,3,NA,NA,NA,NA,NA,0,0.0%,2.99,0.0%,0.0%,0.2,NA,2,8,@ KC,16,·,NA,NA
7,12412,Terrell Jennings,RB,24.8,NE,58.0,54,50,1.8,1.8,1.8,1,1,0,65,9,0,0.0%,0,0,0,0,0,0,0.00,18,0,0,0,0.00,0.00,0,0,0,0,0,0,0,0,0.0,0.0,5,0,1,18,0,16,18,3.6,13.8%,1,3.10,0.200,1,0.510,1,5,0.200,1.0,NA,0.0%,NA,0,NA,NA,NA,NA,NA,NA,NA,18,@ TEN,NA,NA,NA,NA
7,827,Tyrod Taylor,QB,36.4,NYJ,29.0,29,29,4.14,4.14,4.14,1,1,0,61,33,0,45.5%,93,22,10,6,12,2,25.90,137,3,0,126,5.73,12.60,0,0,0,0,0,0,0,0,0.0,0.0,3,0,0,11,0,NA,11,3.67,54.1%,NA,NA,NA,0,NA,6,25,NA,NA,NA,NA,NA,6,27.3%,3.17,31.8%,32.1%,14.9,NA,28,137,vs CAR,18,·,NA,NA
7,3271,Tyler Higbee,TE,32.9,LAR,30.0,31,34,4.9,3.4,1.9,1,1,0,70,26,0,0.0%,0,0,0,0,0,0,0.00,0,0,0,0,0.00,0.00,3,12,2,2,0,6,7,19,6.3,3.2,0,0,0,19,0,NA,0,0,37.1%,NA,NA,NA,0,NA,2,6,0.333,2.0,8,18.2%,2.38,0,NA,NA,NA,NA,NA,0.250,NA,19,@ JAX,23,·,NA,NA
7,12542,Efton Chism,WR,24.1,NE,999.0,999,999,0,0,0,1,1,0,65,10,0,0.0%,0,0,0,0,0,0,0.00,0,0,0,0,0.00,0.00,0,0,0,0,0,0,0,0,0.0,0.0,0,0,0,0,0,NA,0,0,15.4%,NA,NA,NA,0,NA,0,0,NA,0.0,NA,NA,NA,0,NA,NA,NA,NA,NA,NA,NA,0,@ TEN,16,·,NA,NA
7,11640,Jermaine Burton,WR,24.4,CIN,0.0,0,0,0,0,0,0,0,0,0,0,0,0.0%,0,0,0,0,0,0,0.00,0,0,0,0,0.00,0.00,0,0,0,0,0,0,0,0,0.0,0.0,0,0,0,0,0,NA,0,0,NA,NA,NA,NA,0,NA,0,0,NA,NA,NA,NA,NA,0,NA,NA,NA,NA,NA,NA,NA,0,vs PIT,19,OUT,NA,NA
7,4219,Jeremy McNichols,RB,30.0,WAS,35.0,35,32,6.5,5.5,4.5,1,1,0,67,24,0,0.0%,0,0,0,0,0,0,0.00,22,0,0,0,0.00,0.00,2,-5,0,1,0,3,28,23,11.5,7.7,2,2,1,45,0,20,22,11,35.8%,3,10.10,1.500,1,2.510,2,5,0.400,2.0,NA,9.4%,NA,0,NA,NA,NA,NA,NA,NA,NA,45,@ DAL,5,·,NA,NA
7,12462,Damien Martinez,RB,21.8,FA,0.0,0,0,0,0,0,0,0,0,0,0,0,0.0%,0,0,0,0,0,0,0.00,0,0,0,0,0.00,0.00,0,0,0,0,0,0,0,0,0.0,0.0,0,0,0,0,0,NA,0,0,NA,NA,NA,NA,0,NA,0,0,NA,NA,NA,NA,NA,0,NA,NA,NA,NA,NA,NA,NA,0,NA,24,·,NA,NA
7,12539,Arian Smith,WR,24.2,NYJ,102.0,102,999,1,0.5,0,1,1,1,61,56,0,0.0%,0,0,0,0,0,0,0.00,0,0,0,0,0.00,0.00,1,-3,0,0,0,3,3,0,0.0,0.0,0,0,0,0,0,NA,0,0,91.8%,NA,NA,NA,0,NA,0,3,0.000,0.0,37,8.8%,0.00,0,NA,NA,NA,NA,NA,0.000,NA,0,vs CAR,28,·,NA,NA
7,12470,Riley Leonard,QB,23.2,IND,999.0,999,999,0,0,0,1,0,0,60,0,0,0.0%,0,0,0,0,0,0,0.00,0,0,0,0,0.00,0.00,0,0,0,0,0,0,0,0,0.0,0.0,0,0,0,0,0,NA,0,0,0.0%,NA,NA,NA,0,NA,0,0,NA,NA,NA,NA,NA,0,NA,NA,NA,NA,NA,NA,NA,0,@ LAC,25,·,NA,NA
7,12738,Phil Mafah,RB,23.1,DAL,999.0,999,999,0,0,0,1,0,0,0,0,0,0.0%,0,0,0,0,0,0,0.00,0,0,0,0,0.00,0.00,0,0,0,0,0,0,0,0,0.0,0.0,0,0,0,0,0,NA,0,0,NA,NA,NA,NA,0,NA,0,0,NA,NA,NA,NA,NA,0,NA,NA,NA,NA,NA,NA,NA,0,vs WAS,13,IR,NA,NA
7,10871,Luke Schoonmaker,TE,27.2,DAL,999.0,999,999,0,0,0,1,1,0,67,22,0,0.0%,0,0,0,0,0,0,0.00,0,0,0,0,0.00,0.00,0,0,0,0,0,0,0,0,0.0,0.0,0,0,0,0,0,NA,0,0,32.8%,NA,NA,NA,0,NA,0,0,NA,0.0,NA,NA,NA,0,NA,NA,NA,NA,NA,NA,NA,0,vs WAS,21,·,NA,NA
7,7610,Trey Lance,QB,25.6,LAC,999.0,999,999,0,0,0,1,0,0,76,0,0,0.0%,0,0,0,0,0,0,0.00,0,0,0,0,0.00,0.00,0,0,0,0,0,0,0,0,0.0,0.0,0,0,0,0,0,NA,0,0,0.0%,NA,NA,NA,0,NA,0,0,NA,NA,NA,NA,NA,0,NA,NA,NA,NA,NA,NA,NA,0,vs IND,19,·,NA,NA
7,6920,Isaiah Hodgins,WR,27.1,PIT,999.0,999,999,0,0,0,1,0,0,0,0,0,0.0%,0,0,0,0,0,0,0.00,0,0,0,0,0.00,0.00,0,0,0,0,0,0,0,0,0.0,0.0,0,0,0,0,0,NA,0,0,NA,NA,NA,NA,0,NA,0,0,NA,NA,NA,NA,NA,0,NA,NA,NA,NA,NA,NA,NA,0,@ CIN,,·,NA,NA
7,10214,Davis Allen,TE,24.8,LAR,48.0,48,48,1.4,0.9,0.4,1,1,0,70,36,0,0.0%,0,0,0,0,0,0,0.00,0,0,0,0,0.00,0.00,1,0,0,1,0,1,4,4,4.0,4.0,0,0,0,4,0,NA,0,0,51.4%,NA,NA,NA,0,NA,1,1,1.000,1.0,8,3.0%,0.50,0,NA,NA,NA,NA,NA,0.125,NA,4,@ JAX,23,·,NA,NA
7,10231,Elijah Higgins,TE,25.1,ARI,51.0,51,51,1.3,0.8,0.3,1,1,1,76,32,0,0.0%,0,0,0,0,0,0,0.00,0,0,0,0,0.00,0.00,1,-6,0,0,0,1,9,3,3.0,3.0,0,0,0,3,0,NA,0,0,42.1%,NA,NA,NA,0,NA,0,1,0.000,0.0,15,2.8%,0.20,0,NA,NA,NA,NA,NA,0.000,NA,3,vs GB,4,·,NA,NA
7,11616,Jacob Cowing,WR,24.8,SF,999.0,999,999,0,0,0,1,0,0,0,0,0,0.0%,0,0,0,0,0,0,0.00,0,0,0,0,0.00,0.00,0,0,0,0,0,0,0,0,0.0,0.0,0,0,0,0,0,NA,0,0,NA,NA,NA,NA,0,NA,0,0,NA,NA,NA,NA,NA,0,NA,NA,NA,NA,NA,NA,NA,0,vs ATL,27,IR,NA,NA
7,11370,Chris Brooks,RB,25.9,GB,999.0,999,999,0,0,0,1,1,0,56,7,0,0.0%,0,0,0,0,0,0,0.00,0,0,0,0,0.00,0.00,0,0,0,0,0,1,0,0,0.0,0.0,0,0,0,0,0,NA,0,0,12.5%,NA,NA,NA,0,NA,0,1,0.000,0.0,NA,NA,NA,0,NA,NA,NA,NA,NA,NA,NA,0,@ ARI,9,·,NA,NA
7,11592,Erick All,TE,25.2,CIN,999.0,999,999,0,0,0,1,0,0,0,0,0,0.0%,0,0,0,0,0,0,0.00,0,0,0,0,0.00,0.00,0,0,0,0,0,0,0,0,0.0,0.0,0,0,0,0,0,NA,0,0,NA,NA,NA,NA,0,NA,0,0,NA,NA,NA,NA,NA,0,NA,NA,NA,NA,NA,NA,NA,0,vs PIT,3,PUP,NA,NA
7,11256,Tyson Bagent,QB,25.5,CHI,999.0,999,999,0,0,0,1,0,0,69,0,0,0.0%,0,0,0,0,0,0,0.00,0,0,0,0,0.00,0.00,0,0,0,0,0,0,0,0,0.0,0.0,0,0,0,0,0,NA,0,0,0.0%,NA,NA,NA,0,NA,0,0,NA,NA,NA,NA,NA,0,NA,NA,NA,NA,NA,NA,NA,0,vs NO,5,·,NA,NA
7,12473,Mitchell Evans,TE,22.7,CAR,33.0,30,30,4.4,3.4,2.4,1,1,1,71,31,0,0.0%,0,0,0,0,0,0,0.00,0,0,0,0,0.00,0.00,2,4,0,2,0,3,20,24,12.0,8.0,0,0,0,24,0,NA,0,0,43.7%,NA,NA,NA,0,NA,2,3,0.667,2.0,13,9.4%,1.85,0,NA,NA,NA,NA,NA,0.154,NA,24,@ NYJ,NA,NA,NA,NA
7,8129,Dameon Pierce,RB,25.8,HOU,0.0,0,0,0,0,0,0,0,0,0,0,0,0.0%,0,0,0,0,0,0,0.00,0,0,0,0,0.00,0.00,0,0,0,0,0,0,0,0,0.0,0.0,0,0,0,0,0,NA,0,0,NA,NA,NA,NA,0,NA,0,0,NA,NA,NA,NA,NA,0,NA,NA,NA,NA,NA,NA,NA,0,@ SEA,14,·,NA,NA
7,12515,Donovan Edwards,RB,22.8,WAS,999.0,999,999,0,0,0,1,0,0,0,0,0,0.0%,0,0,0,0,0,0,0.00,0,0,0,0,0.00,0.00,0,0,0,0,0,0,0,0,0.0,0.0,0,0,0,0,0,NA,0,0,NA,NA,NA,NA,0,NA,0,0,NA,NA,NA,NA,NA,0,NA,NA,NA,NA,NA,NA,NA,0,@ DAL,5,·,NA,NA
7,11570,Rasheen Ali,RB,24.8,BAL,0.0,0,0,0,0,0,0,0,0,0,0,0,0.0%,0,0,0,0,0,0,0.00,0,0,0,0,0.00,0.00,0,0,0,0,0,0,0,0,0.0,0.0,0,0,0,0,0,NA,0,0,NA,NA,NA,NA,0,NA,0,0,NA,NA,NA,NA,NA,0,NA,NA,NA,NA,NA,NA,NA,0,BYE,BYE,BYE,NA,NA
7,8123,Hassan Haskins,RB,26.0,LAC,53.0,59,66,2.5,1.5,0.5,1,1,0,76,25,0,0.0%,0,0,0,0,0,0,0.00,3,0,0,0,0.00,0.00,2,-7,0,0,0,2,9,2,1.0,1.0,1,0,0,5,0,2,3,3,32.9%,2,2.40,2.000,0,2.240,0,3,0.000,0.0,NA,3.6%,NA,0,NA,NA,NA,NA,NA,NA,NA,5,vs IND,25,·,NA,NA
7,12634,Jordan Watkins,WR,23.8,SF,0.0,0,0,0,0,0,0,0,0,0,0,0,0.0%,0,0,0,0,0,0,0.00,0,0,0,0,0.00,0.00,0,0,0,0,0,0,0,0,0.0,0.0,0,0,0,0,0,NA,0,0,NA,NA,NA,NA,0,NA,0,0,NA,NA,NA,NA,NA,0,NA,NA,NA,NA,NA,NA,NA,0,vs ATL,27,·,NA,NA
7,3200,Sterling Shepard,WR,32.8,TB,52.0,64,98,7.5,4,0.5,1,1,0,69,44,1,0.0%,0,0,0,0,0,0,0.00,0,0,0,0,0.00,0.00,7,20,0,2,0,7,5,25,3.6,3.6,0,0,0,25,0,NA,0,0,63.8%,NA,NA,NA,0,NA,2,7,0.286,2.0,38,14.0%,0.66,0,NA,NA,NA,NA,NA,0.053,NA,25,@ DET,4,·,NA,NA
7,7596,Elijah Moore,WR,25.7,BUF,0.0,0,0,0,0,0,0,0,0,0,0,0,0.0%,0,0,0,0,0,0,0.00,0,0,0,0,0.00,0.00,0,0,0,0,0,0,0,0,0.0,0.0,0,0,0,0,0,NA,0,0,NA,NA,NA,NA,0,NA,0,0,NA,NA,NA,NA,NA,0,NA,NA,NA,NA,NA,NA,NA,0,BYE,BYE,BYE,NA,NA
7,10225,Jonathan Mingo,WR,24.6,DAL,999.0,999,999,0,0,0,1,0,0,0,0,0,0.0%,0,0,0,0,0,0,0.00,0,0,0,0,0.00,0.00,0,0,0,0,0,0,0,0,0.0,0.0,0,0,0,0,0,NA,0,0,NA,NA,NA,NA,0,NA,0,0,NA,NA,NA,NA,NA,0,NA,NA,NA,NA,NA,NA,NA,0,vs WAS,10,IR,NA,NA
7,7083,Tyler Huntley,QB,27.8,BAL,0.0,0,0,0,0,0,0,0,0,0,0,0,0.0%,0,0,0,0,0,0,0.00,0,0,0,0,0.00,0.00,0,0,0,0,0,0,0,0,0.0,0.0,0,0,0,0,0,NA,0,0,NA,NA,NA,NA,0,NA,0,0,NA,NA,NA,NA,NA,0,NA,NA,NA,NA,NA,NA,NA,0,BYE,BYE,BYE,NA,NA
7,12718,Konata Mumpfield,WR,23.1,LAR,51.0,38,34,7.5,7,6.5,1,1,0,70,28,0,0.0%,0,0,0,0,0,0,0.00,0,0,0,0,0.00,0.00,1,5,0,0,1,1,0,5,5.0,5.0,0,0,0,5,0,NA,0,0,40.0%,NA,NA,NA,0,NA,1,1,1.000,1.0,8,3.0%,0.63,0,NA,NA,NA,NA,NA,0.000,NA,5,@ JAX,8,·,NA,NA
7,12472,Raheim Sanders,RB,23.5,CLE,0.0,0,0,0,0,0,0,0,0,0,0,0,0.0%,0,0,0,0,0,0,0.00,0,0,0,0,0.00,0.00,0,0,0,0,0,0,0,0,0.0,0.0,0,0,0,0,0,NA,0,0,NA,NA,NA,NA,0,NA,0,0,NA,NA,NA,NA,NA,0,NA,NA,NA,NA,NA,NA,NA,0,vs MIA,4,·,NA,NA
7,4040,JuJu Smith-Schuster,WR,29.0,KC,58.0,56,55,6.5,5,3.5,1,1,0,81,29,0,0.0%,0,0,0,0,0,0,0.00,0,0,0,0,0.00,0.00,3,25,0,3,0,3,10,35,11.7,11.7,0,0,0,35,0,NA,0,0,35.8%,NA,NA,NA,0,NA,3,3,1.000,3.0,18,8.6%,1.94,0,NA,NA,NA,NA,NA,0.167,NA,35,vs LV,6,·,NA,NA
7,6960,Tyler Johnson,WR,27.3,NYJ,36.0,37,37,9,7.5,6,1,1,0,61,15,0,0.0%,0,0,0,0,0,0,0.00,0,0,0,0,0.00,0.00,3,47,0,2,0,3,13,60,20.0,20.0,0,0,0,60,0,NA,0,0,24.6%,NA,NA,NA,0,NA,2,3,0.667,2.0,11,8.8%,5.45,0,NA,NA,NA,NA,NA,0.182,NA,60,vs CAR,28,·,NA,NA
7,4147,Samaje Perine,RB,30.2,CIN,49.0,47,45,3.1,3.1,3.1,1,1,0,76,28,0,0.0%,0,0,0,0,0,0,0.00,31,0,0,0,0.00,0.00,0,0,0,0,0,0,0,0,0.0,0.0,7,0,2,31,0,24,31,4.43,36.8%,2,3.40,0.286,2,0.626,2,7,0.286,2.0,NA,0.0%,NA,0,NA,NA,NA,NA,NA,NA,NA,31,vs PIT,17,·,NA,NA
7,11645,Javon Baker,WR,23.8,PHI,0.0,0,0,0,0,0,0,0,0,0,0,0,0.0%,0,0,0,0,0,0,0.00,0,0,0,0,0.00,0.00,0,0,0,0,0,0,0,0,0.0,0.0,0,0,0,0,0,NA,0,0,NA,NA,NA,NA,0,NA,0,0,NA,NA,NA,NA,NA,0,NA,NA,NA,NA,NA,NA,NA,0,@ MIN,32,·,NA,NA
7,11299,Zavier Scott,RB,26.4,MIN,61.0,63,63,1.6,1.1,0.6,1,1,0,69,9,0,0.0%,0,0,0,0,0,0,0.00,4,0,0,0,0.00,0.00,1,0,0,0,0,1,2,2,2.0,2.0,4,0,0,6,0,6,4,1,13.0%,0,1.40,0.000,0,0.140,0,5,0.000,0.0,NA,2.4%,NA,0,NA,NA,NA,NA,NA,NA,NA,6,vs PHI,8,·,NA,NA
7,4082,Curtis Samuel,WR,29.3,BUF,0.0,0,0,0,0,0,0,0,0,0,0,0,0.0%,0,0,0,0,0,0,0.00,0,0,0,0,0.00,0.00,0,0,0,0,0,0,0,0,0.0,0.0,0,0,0,0,0,NA,0,0,NA,NA,NA,NA,0,NA,0,0,NA,NA,NA,NA,NA,0,NA,NA,NA,NA,NA,NA,NA,0,BYE,BYE,BYE,NA,NA
7,8204,Bo Melton,WR,26.2,GB,999.0,999,999,0,0,0,1,1,0,56,0,0,0.0%,0,0,0,0,0,0,0.00,0,0,0,0,0.00,0.00,0,0,0,0,0,0,0,0,0.0,0.0,0,0,0,0,0,NA,0,0,0.0%,NA,NA,NA,0,NA,0,0,NA,0.0,NA,NA,NA,0,NA,NA,NA,NA,NA,NA,NA,0,@ ARI,21,·,NA,NA
7,11633,Jamari Thrash,WR,25.0,CLE,78.0,71,66,3.3,2.8,2.3,1,1,0,57,24,0,0.0%,0,0,0,0,0,0,0.00,0,0,0,0,0.00,0.00,1,12,0,1,0,2,11,23,23.0,11.5,0,0,0,23,0,NA,0,0,42.1%,NA,NA,NA,0,NA,1,2,0.500,1.0,9,11.1%,2.56,0,NA,NA,NA,NA,NA,0.111,NA,23,vs MIA,23,·,NA,NA
7,7496,Nick Westbrook-Ikhine,WR,28.7,MIA,68.0,70,81,4.6,3.1,1.6,1,1,0,58,44,0,0.0%,0,0,0,0,0,0,0.00,0,0,0,0,0.00,0.00,3,12,0,1,0,4,4,16,5.3,4.0,0,0,0,16,0,NA,0,0,75.9%,NA,NA,NA,0,NA,1,4,0.250,1.0,30,12.9%,0.53,0,NA,NA,NA,NA,NA,0.033,NA,16,@ CLE,13,·,NA,NA
7,8162,Sam Howell,QB,25.2,PHI,0.0,0,0,0,0,0,0,0,0,0,0,0,0.0%,0,0,0,0,0,0,0.00,0,0,0,0,0.00,0.00,0,0,0,0,0,0,0,0,0.0,0.0,0,0,0,0,0,NA,0,0,NA,NA,NA,NA,0,NA,0,0,NA,NA,NA,NA,NA,0,NA,NA,NA,NA,NA,NA,NA,0,@ MIN,30,·,NA,NA
7,7538,Zach Wilson,QB,26.4,MIA,0.0,0,0,0,0,0,0,0,0,0,0,0,0.0%,0,0,0,0,0,0,0.00,0,0,0,0,0.00,0.00,0,0,0,0,0,0,0,0,0.0,0.0,0,0,0,0,0,NA,0,0,NA,NA,NA,NA,0,NA,0,0,NA,NA,NA,NA,NA,0,NA,NA,NA,NA,NA,NA,NA,0,@ CLE,26,·,NA,NA
7,9999,Will Levis,QB,26.4,TEN,999.0,999,999,0,0,0,1,0,0,0,0,0,0.0%,0,0,0,0,0,0,0.00,0,0,0,0,0.00,0.00,0,0,0,0,0,0,0,0,0.0,0.0,0,0,0,0,0,NA,0,0,NA,NA,NA,NA,0,NA,0,0,NA,NA,NA,NA,NA,0,NA,NA,NA,NA,NA,NA,NA,0,vs NE,20,IR,NA,NA
7,4972,Mason Rudolph,QB,30.4,PIT,999.0,999,999,0,0,0,1,0,0,57,0,0,0.0%,0,0,0,0,0,0,0.00,0,0,0,0,0.00,0.00,0,0,0,0,0,0,0,0,0.0,0.0,0,0,0,0,0,NA,0,0,0.0%,NA,NA,NA,0,NA,0,0,NA,NA,NA,NA,NA,0,NA,NA,NA,NA,NA,NA,NA,0,@ CIN,11,·,NA,NA
7,10866,Aidan O'Connell,QB,27.3,LV,999.0,999,999,0,0,0,1,0,0,0,0,0,0.0%,0,0,0,0,0,0,0.00,0,0,0,0,0.00,0.00,0,0,0,0,0,0,0,0,0.0,0.0,0,0,0,0,0,NA,0,0,NA,NA,NA,NA,0,NA,0,0,NA,NA,NA,NA,NA,0,NA,NA,NA,NA,NA,NA,NA,0,@ KC,16,IR,NA,NA
7,7601,Rondale Moore,WR,25.5,MIN,999.0,999,999,0,0,0,1,0,0,0,0,0,0.0%,0,0,0,0,0,0,0.00,0,0,0,0,0.00,0.00,0,0,0,0,0,0,0,0,0.0,0.0,0,0,0,0,0,NA,0,0,NA,NA,NA,NA,0,NA,0,0,NA,NA,NA,NA,NA,0,NA,NA,NA,NA,NA,NA,NA,0,vs PHI,18,IR,NA,NA
7,5938,Lil'Jordan Humphrey,WR,27.6,NYG,999.0,999,999,0,0,0,1,1,1,77,74,0,0.0%,0,0,0,0,0,0,0.00,0,0,0,0,0.00,0.00,0,0,0,0,0,2,0,0,0.0,0.0,0,0,0,0,0,NA,0,0,96.1%,NA,NA,NA,0,NA,0,2,0.000,0.0,35,6.1%,0.00,0,NA,NA,NA,NA,NA,0.000,NA,0,@ DEN,31,·,NA,NA
7,1426,DeAndre Hopkins,WR,33.5,BAL,0.0,0,0,0,0,0,0,0,0,0,0,0,0.0%,0,0,0,0,0,0,0.00,0,0,0,0,0.00,0.00,0,0,0,0,0,0,0,0,0.0,0.0,0,0,0,0,0,NA,0,0,NA,NA,NA,NA,0,NA,0,0,NA,NA,NA,NA,NA,0,NA,NA,NA,NA,NA,NA,NA,0,BYE,BYE,BYE,NA,NA
7,7568,Brevin Jordan,TE,25.4,HOU,999.0,999,999,0,0,0,1,0,0,0,0,0,0.0%,0,0,0,0,0,0,0.00,0,0,0,0,0.00,0.00,0,0,0,0,0,0,0,0,0.0,0.0,0,0,0,0,0,NA,0,0,NA,NA,NA,NA,0,NA,0,0,NA,NA,NA,NA,NA,0,NA,NA,NA,NA,NA,NA,NA,0,@ SEA,,·,·,·
7,4080,Zay Jones,WR,30.7,ARI,37.0,35,33,8.7,7.7,6.7,1,1,0,76,41,0,0.0%,0,0,0,0,0,0,0.00,0,0,0,0,0.00,0.00,2,56,0,2,0,2,11,67,33.5,33.5,0,0,0,67,0,NA,0,0,53.9%,NA,NA,NA,0,NA,2,2,1.000,2.0,22,5.6%,3.05,0,NA,NA,NA,NA,NA,0.091,NA,67,vs GB,,·,0.5,8.2
7,6945,Antonio Gibson,RB,27.5,NE,999.0,999,999,0,0,0,1,0,0,0,0,0,0.0%,0,0,0,0,0,0,0.00,0,0,0,0,0.00,0.00,0,0,0,0,0,0,0,0,0.0,0.0,0,0,0,0,0,NA,0,0,NA,NA,NA,NA,0,NA,0,0,NA,NA,NA,NA,NA,0,NA,NA,NA,NA,NA,NA,NA,0,@ TEN,7,·,4.6,-4.6
7,9230,Tanner McKee,QB,25.6,PHI,999.0,999,999,0,0,0,1,0,0,50,0,0,0.0%,0,0,0,0,0,0,0.00,0,0,0,0,0.00,0.00,0,0,0,0,0,0,0,0,0.0,0.0,0,0,0,0,0,NA,0,0,0.0%,NA,NA,NA,0,NA,0,0,NA,NA,NA,NA,NA,0,NA,NA,NA,NA,NA,NA,NA,0,@ MIN,13,·,1.0,-1.0
7,11895,Mason Tipton,WR,25.2,NO,999.0,999,999,0,0,0,1,1,0,56,6,0,0.0%,0,0,0,0,0,0,0.00,0,0,0,0,0.00,0.00,0,0,0,0,0,1,0,0,0.0,0.0,0,0,0,0,0,NA,0,0,10.7%,NA,NA,NA,0,NA,0,1,0.000,0.0,4,3.1%,0.00,0,NA,NA,NA,NA,NA,0.000,NA,0,@ CHI,7,IR,IR,IR
7,6151,Miles Sanders,RB,28.6,DAL,999.0,999,999,0,0,0,1,0,0,0,0,0,0.0%,0,0,0,0,0,0,0.00,0,0,0,0,0.00,0.00,0,0,0,0,0,0,0,0,0.0,0.0,0,0,0,0,0,NA,0,0,NA,NA,NA,NA,0,NA,0,0,NA,NA,NA,NA,NA,0,NA,NA,NA,NA,NA,NA,NA,0,vs WAS,22,·,1.7,-1.7
7,7561,Elijah Mitchell,RB,27.6,KC,0.0,0,0,0,0,0,0,0,0,0,0,0,0.0%,0,0,0,0,0,0,0.00,0,0,0,0,0.00,0.00,0,0,0,0,0,0,0,0,0.0,0.0,0,0,0,0,0,NA,0,0,NA,NA,NA,NA,0,NA,0,0,NA,NA,NA,NA,NA,0,NA,NA,NA,NA,NA,NA,NA,0,vs LV,21,·,·,·
7,11615,Ainias Smith,WR,24.5,CAR,999.0,999,999,0,0,0,1,0,0,0,0,0,0.0%,0,0,0,0,0,0,0.00,0,0,0,0,0.00,0.00,0,0,0,0,0,0,0,0,0.0,0.0,0,0,0,0,0,NA,0,0,NA,NA,NA,NA,0,NA,0,0,NA,NA,NA,NA,NA,0,NA,NA,NA,NA,NA,NA,NA,0,@ NYJ,8,·,·,·
7,4234,Noah Brown,WR,29.9,WAS,999.0,999,999,0,0,0,1,0,0,0,0,0,0.0%,0,0,0,0,0,0,0.00,0,0,0,0,0.00,0.00,0,0,0,0,0,0,0,0,0.0,0.0,0,0,0,0,0,NA,0,0,NA,NA,NA,NA,0,NA,0,0,NA,NA,NA,NA,NA,0,NA,NA,NA,NA,NA,NA,NA,0,@ DAL,24,·,·,·
7,7595,Tylan Wallace,WR,26.6,BAL,0.0,0,0,0,0,0,0,0,0,0,0,0,0.0%,0,0,0,0,0,0,0.00,0,0,0,0,0.00,0.00,0,0,0,0,0,0,0,0,0.0,0.0,0,0,0,0,0,NA,0,0,NA,NA,NA,NA,0,NA,0,0,NA,NA,NA,NA,NA,0,NA,NA,NA,NA,NA,NA,NA,0,BYE,20,IR,IR,IR
7,8168,Skyy Moore,WR,25.2,SF,90.0,87,84,2.5,2,1.5,1,1,0,67,3,0,0.0%,0,0,0,0,0,0,0.00,0,0,0,0,0.00,0.00,1,-3,0,1,0,1,18,15,15.0,15.0,0,0,0,15,0,NA,0,0,4.5%,NA,NA,NA,0,NA,1,1,1.000,1.0,3,3.8%,5.00,0,NA,NA,NA,NA,NA,0.333,NA,15,vs ATL,27,·,1.0,1.5
7,2374,Tyler Lockett,WR,33.2,TEN,71.0,72,71,3.8,2.8,1.8,1,1,0,0,0,0,0.0%,0,0,0,0,0,0,0.00,0,0,0,0,0.00,0.00,2,8,0,1,0,2,10,18,9.0,9.0,0,0,0,18,0,NA,0,0,NA,NA,NA,NA,0,NA,1,2,0.500,1.0,9,5.9%,2.00,0,NA,NA,NA,NA,NA,0.111,NA,18,vs NE,16,IR,IR,IR
7,4381,Taysom Hill,TE,35.3,NO,38.0,39,44,2.8,1.8,0.8,1,1,0,56,9,0,0.0%,0,0,0,0,0,0,0.00,-4,0,0,0,0.00,0.00,2,9,0,0,0,2,3,12,6.0,6.0,2,0,1,8,0,NA,-4,-2,16.1%,NA,NA,NA,1,NA,1,4,0.250,1.0,NA,NA,NA,0,NA,0.00,0.0%,0.0%,0.0,NA,0,8,@ CHI,2,·,2.5,0.3
7,8230,Ty Chandler,RB,27.6,MIN,999.0,999,999,0,0,0,1,0,0,0,0,0,0.0%,0,0,0,0,0,0,0.00,0,0,0,0,0.00,0.00,0,0,0,0,0,0,0,0,0.0,0.0,0,0,0,0,0,NA,0,0,NA,NA,NA,NA,0,NA,0,0,NA,NA,NA,NA,NA,0,NA,NA,NA,NA,NA,NA,NA,0,vs PHI,17,·,·,·
7,9227,Israel Abanikanda,RB,23.2,FA,0.0,0,0,0,0,0,0,0,0,0,0,0,0.0%,0,0,0,0,0,0,0.00,0,0,0,0,0.00,0.00,0,0,0,0,0,0,0,0,0.0,0.0,0,0,0,0,0,NA,0,0,NA,NA,NA,NA,0,NA,0,0,NA,NA,NA,NA,NA,0,NA,NA,NA,NA,NA,NA,NA,0,NA,7,·,·,·
7,11636,Johnny Wilson,WR,24.7,PHI,999.0,999,999,0,0,0,1,0,0,0,0,0,0.0%,0,0,0,0,0,0,0.00,0,0,0,0,0.00,0.00,0,0,0,0,0,0,0,0,0.0,0.0,0,0,0,0,0,NA,0,0,NA,NA,NA,NA,0,NA,0,0,NA,NA,NA,NA,NA,0,NA,NA,NA,NA,NA,NA,NA,0,@ MIN,20,·,0.1,-0.1
7,3286,Demarcus Robinson,WR,31.2,SF,999.0,999,999,0,0,0,1,1,0,67,23,0,0.0%,0,0,0,0,0,0,0.00,0,0,0,0,0.00,0.00,0,0,0,0,0,1,0,0,0.0,0.0,0,0,0,0,0,NA,0,0,34.3%,NA,NA,NA,0,NA,0,1,0.000,0.0,12,3.8%,0.00,0,NA,NA,NA,NA,NA,0.000,NA,0,vs ATL,14,OUT,OUT,OUT
7,9505,Deuce Vaughn,RB,24.1,DEN,999.0,999,999,0,0,0,1,0,0,0,0,0,0.0%,0,0,0,0,0,0,0.00,0,0,0,0,0.00,0.00,0,0,0,0,0,0,0,0,0.0,0.0,0,0,0,0,0,NA,0,0,NA,NA,NA,NA,0,NA,0,0,NA,NA,NA,NA,NA,0,NA,NA,NA,NA,NA,NA,NA,0,vs NYG,32,·,·,·
7,11306,Xavier Gipson,WR,24.8,PHI,999.0,999,999,0,0,0,1,1,0,50,0,0,0.0%,0,0,0,0,0,0,0.00,0,0,0,0,0.00,0.00,0,0,0,0,0,0,0,0,0.0,0.0,0,0,0,0,0,NA,0,0,0.0%,NA,NA,NA,0,NA,0,0,NA,0.0,NA,NA,NA,0,NA,NA,NA,NA,NA,NA,NA,0,@ MIN,28,·,7.8,-7.8
7,8139,Zamir White,RB,26.2,LV,0.0,0,0,0,0,0,0,0,0,0,0,0,0.0%,0,0,0,0,0,0,0.00,0,0,0,0,0.00,0.00,0,0,0,0,0,0,0,0,0.0,0.0,0,0,0,0,0,NA,0,0,NA,NA,NA,NA,0,NA,0,0,NA,NA,NA,NA,NA,0,NA,NA,NA,NA,NA,NA,NA,0,@ KC,8,·,5.9,-5.9
7,11748,Bub Means,WR,24.9,NO,999.0,999,999,0,0,0,1,0,0,0,0,0,0.0%,0,0,0,0,0,0,0.00,0,0,0,0,0.00,0.00,0,0,0,0,0,0,0,0,0.0,0.0,0,0,0,0,0,NA,0,0,NA,NA,NA,NA,0,NA,0,0,NA,NA,NA,NA,NA,0,NA,NA,NA,NA,NA,NA,NA,0,@ CHI,16,·,4.0,-4.0
7,10867,Jake Bobo,WR,27.3,SEA,101.0,101,101,1.3,0.8,0.3,1,1,0,72,16,0,0.0%,0,0,0,0,0,0,0.00,0,0,0,0,0.00,0.00,1,1,0,0,0,1,2,3,3.0,3.0,0,0,0,3,0,NA,0,0,22.2%,NA,NA,NA,0,NA,0,1,0.000,0.0,6,3.1%,0.50,0,NA,NA,NA,NA,NA,0.000,NA,3,vs HOU,BYE,BYE,BYE,BYE
7,5010,Will Dissly,TE,29.4,LAC,999.0,999,999,0,0,0,1,1,0,76,3,0,0.0%,0,0,0,0,0,0,0.00,0,0,0,0,0.00,0.00,0,0,1,0,0,1,0,0,0.0,0.0,0,0,0,0,0,NA,0,0,3.9%,NA,NA,NA,0,NA,0,1,0.000,0.0,2,1.8%,0.00,0,NA,NA,NA,NA,NA,0.000,NA,0,vs IND,BYE,BYE,BYE,BYE
7,11649,Kendall Milton,RB,23.8,CIN,999.0,999,999,0,0,0,1,0,0,0,0,0,0.0%,0,0,0,0,0,0,0.00,0,0,0,0,0.00,0.00,0,0,0,0,0,0,0,0,0.0,0.0,0,0,0,0,0,NA,0,0,NA,NA,NA,NA,0,NA,0,0,NA,NA,NA,NA,NA,0,NA,NA,NA,NA,NA,NA,NA,0,vs PIT,24,IR,IR,IR
7,11595,Jared Wiley,TE,25.1,KC,0.0,0,0,0,0,0,0,0,0,0,0,0,0.0%,0,0,0,0,0,0,0.00,0,0,0,0,0.00,0.00,0,0,0,0,0,0,0,0,0.0,0.0,0,0,0,0,0,NA,0,0,NA,NA,NA,NA,0,NA,0,0,NA,NA,NA,NA,NA,0,NA,NA,NA,NA,NA,NA,NA,0,vs LV,28,·,·,·
7,8145,Jeremy Ruckert,TE,25.3,NYJ,999.0,999,999,0,0,0,1,1,0,61,17,0,0.0%,0,0,0,0,0,0,0.00,0,0,0,0,0.00,0.00,0,0,0,0,0,1,0,0,0.0,0.0,0,0,0,0,0,NA,0,0,27.9%,NA,NA,NA,0,NA,0,1,0.000,0.0,8,2.9%,0.00,0,NA,NA,NA,NA,NA,0.000,NA,0,vs CAR,10,·,·,·
7,5854,Drew Lock,QB,29.1,SEA,999.0,999,999,0,0,0,1,0,0,72,0,0,0.0%,0,0,0,0,0,0,0.00,0,0,0,0,0.00,0.00,0,0,0,0,0,0,0,0,0.0,0.0,0,0,0,0,0,NA,0,0,0.0%,NA,NA,NA,0,NA,0,0,NA,NA,NA,NA,NA,0,NA,NA,NA,NA,NA,NA,NA,0,vs HOU,30,·,1.8,-1.8
7,11573,Frank Gore Jr.,RB,23.7,BUF,0.0,0,0,0,0,0,0,0,0,0,0,0,0.0%,0,0,0,0,0,0,0.00,0,0,0,0,0.00,0.00,0,0,0,0,0,0,0,0,0.0,0.0,0,0,0,0,0,NA,0,0,NA,NA,NA,NA,0,NA,0,0,NA,NA,NA,NA,NA,0,NA,NA,NA,NA,NA,NA,NA,0,BYE,5,Q,0.5,-0.5
7,8254,Julius Chestnut,RB,25.1,TEN,999.0,999,999,0,0,0,1,1,0,53,0,0,0.0%,0,0,0,0,0,0,0.00,0,0,0,0,0.00,0.00,0,0,0,0,0,0,0,0,0.0,0.0,0,0,0,0,0,NA,0,0,0.0%,NA,NA,NA,0,NA,0,0,NA,0.0,NA,NA,NA,0,NA,NA,NA,NA,NA,NA,NA,0,vs NE,24,·,·,·
7,6828,AJ Dillon,RB,27.6,PHI,0.0,0,0,0,0,0,0,0,0,0,0,0,0.0%,0,0,0,0,0,0,0.00,0,0,0,0,0.00,0.00,0,0,0,0,0,0,0,0,0.0,0.0,0,0,0,0,0,NA,0,0,NA,NA,NA,NA,0,NA,0,0,NA,NA,NA,NA,NA,0,NA,NA,NA,NA,NA,NA,NA,0,@ MIN,32,IR,IR,IR
7,11210,Malik Heath,WR,25.8,GB,999.0,999,999,0,0,0,1,1,0,56,23,0,0.0%,0,0,0,0,0,0,0.00,0,0,0,0,0.00,0.00,0,0,0,0,0,0,0,0,0.0,0.0,0,0,0,0,0,NA,0,0,41.1%,NA,NA,NA,0,NA,0,0,NA,0.0,11,0.0%,0.00,0,NA,NA,NA,NA,NA,0.000,NA,0,@ ARI,28,·,5.8,-5.8
7,6938,Cam Akers,RB,26.5,MIN,999.0,999,999,0,0,0,1,0,0,0,0,0,0.0%,0,0,0,0,0,0,0.00,0,0,0,0,0.00,0.00,0,0,0,0,0,0,0,0,0.0,0.0,0,0,0,0,0,NA,0,0,NA,NA,NA,NA,0,NA,0,0,NA,NA,NA,NA,NA,0,NA,NA,NA,NA,NA,NA,NA,0,vs PHI,1,·,·,·
7,6011,Gardner Minshew,QB,29.6,KC,38.0,38,38,-0.3,-0.3,-0.3,1,1,0,81,16,0,0.0%,0,0,0,0,0,0,0.00,-3,0,0,0,0.00,0.00,0,0,0,0,0,0,0,0,0.0,0.0,3,0,0,-3,0,NA,-3,-1,19.8%,NA,NA,NA,0,NA,0,3,NA,NA,NA,NA,NA,0,NA,0.00,0.0%,0.0%,0.0,NA,0,-3,vs LV,17,·,4.5,-4.8
7,8127,Charlie Kolar,TE,26.8,BAL,0.0,0,0,0,0,0,0,0,0,0,0,0,0.0%,0,0,0,0,0,0,0.00,0,0,0,0,0.00,0.00,0,0,0,0,0,0,0,0,0.0,0.0,0,0,0,0,0,NA,0,0,NA,NA,NA,NA,0,NA,0,0,NA,NA,NA,NA,NA,0,NA,NA,NA,NA,NA,NA,NA,0,BYE,11,·,·,·
7,12048,George Holani,RB,26.0,SEA,999.0,999,999,0,0,0,1,1,0,72,0,0,0.0%,0,0,0,0,0,0,0.00,0,0,0,0,0.00,0.00,0,0,0,0,0,0,0,0,0.0,0.0,0,0,0,0,0,NA,0,0,0.0%,NA,NA,NA,0,NA,0,0,NA,0.0,NA,NA,NA,0,NA,NA,NA,NA,NA,NA,NA,0,vs HOU,23,NA,NA,NA
7,5133,Tyler Conklin,TE,30.4,LAC,999.0,999,999,0,0,0,1,1,0,76,0,0,0.0%,0,0,0,0,0,0,0.00,0,0,0,0,0.00,0.00,0,0,0,0,0,0,0,0,0.0,0.0,0,0,0,0,0,NA,0,0,0.0%,NA,NA,NA,0,NA,0,0,NA,0.0,NA,NA,NA,0,NA,NA,NA,NA,NA,NA,NA,0,vs IND,17,·,4.1,-4.1
7,7535,Hunter Long,TE,27.3,JAX,37.0,37,36,3.6,2.6,1.6,1,1,1,77,46,1,0.0%,0,0,0,0,0,0,0.00,0,0,0,0,0.00,0.00,2,8,0,0,0,3,8,16,8.0,5.3,0,0,0,16,0,NA,0,0,59.7%,NA,NA,NA,0,NA,0,3,0.000,0.0,35,6.3%,0.46,0,NA,NA,NA,NA,NA,0.000,NA,16,vs LAR,8,·,·,·
7,9490,Tyler Scott,WR,24.2,FA,999.0,999,999,0,0,0,1,0,0,0,0,0,0.0%,0,0,0,0,0,0,0.00,0,0,0,0,0.00,0.00,0,0,0,0,0,0,0,0,0.0,0.0,0,0,0,0,0,NA,0,0,NA,NA,NA,NA,0,NA,0,0,NA,NA,NA,NA,NA,0,NA,NA,NA,NA,NA,NA,NA,0,NA,30,·,·,·
7,7608,Khalil Herbert,RB,27.6,SEA,999.0,999,999,0,0,0,1,0,0,61,0,0,0.0%,0,0,0,0,0,0,0.00,0,0,0,0,0.00,0.00,0,0,0,0,0,0,0,0,0.0,0.0,0,0,0,0,0,NA,0,0,0.0%,NA,NA,NA,0,NA,0,0,NA,NA,NA,NA,NA,0,NA,NA,NA,NA,NA,NA,NA,0,vs HOU,BYE,BYE,BYE,BYE
7,6111,Jake Browning,QB,29.7,CIN,999.0,999,999,0,0,0,1,0,0,76,0,0,0.0%,0,0,0,0,0,0,0.00,0,0,0,0,0.00,0.00,0,0,0,0,0,0,0,0,0.0,0.0,0,0,0,0,0,NA,0,0,0.0%,NA,NA,NA,0,NA,0,0,NA,NA,NA,NA,NA,0,NA,NA,NA,NA,NA,NA,NA,0,vs PIT,32,IR,IR,IR
7,6869,Adam Trautman,TE,28.8,DEN,999.0,999,999,0,0,0,1,1,0,81,25,0,0.0%,0,0,0,0,0,0,0.00,0,0,0,0,0.00,0.00,0,0,0,0,0,0,0,0,0.0,0.0,0,0,0,0,0,NA,0,0,30.9%,NA,NA,NA,0,NA,0,0,NA,0.0,8,0.0%,0.00,0,NA,NA,NA,NA,NA,0.000,NA,0,vs NYG,17,·,1.5,-1.5
7,6853,Van Jefferson,WR,29.4,TEN,41.0,47,48,8.1,6.1,4.1,1,1,1,53,45,0,0.0%,0,0,0,0,0,0,0.00,0,0,0,0,0.00,0.00,4,15,0,3,0,4,26,41,10.3,10.3,0,0,0,41,0,NA,0,0,84.9%,NA,NA,NA,0,NA,3,4,0.750,3.0,32,11.8%,1.28,0,NA,NA,NA,NA,NA,0.094,NA,41,vs NE,11,·,5.6,2.5
7,8177,Grant Calcaterra,TE,27.0,PHI,0.0,0,0,0,0,0,0,0,0,0,0,0,0.0%,0,0,0,0,0,0,0.00,0,0,0,0,0.00,0.00,0,0,0,0,0,0,0,0,0.0,0.0,0,0,0,0,0,NA,0,0,NA,NA,NA,NA,0,NA,0,0,NA,NA,NA,NA,NA,0,NA,NA,NA,NA,NA,NA,NA,0,@ MIN,12,·,9.5,-9.5
7,5096,Ray-Ray McCloud,WR,29.2,ATL,0.0,0,0,0,0,0,0,0,0,0,0,0,0.0%,0,0,0,0,0,0,0.00,0,0,0,0,0.00,0.00,0,0,0,0,0,0,0,0,0.0,0.0,0,0,0,0,0,NA,0,0,NA,NA,NA,NA,0,NA,0,0,NA,NA,NA,NA,NA,0,NA,NA,NA,NA,NA,NA,NA,0,@ SF,27,Q,Q,Q
7,12699,LaJohntay Wester,WR,23.7,BAL,0.0,0,0,0,0,0,0,0,0,0,0,0,0.0%,0,0,0,0,0,0,0.00,0,0,0,0,0.00,0.00,0,0,0,0,0,0,0,0,0.0,0.0,0,0,0,0,0,NA,0,0,NA,NA,NA,NA,0,NA,0,0,NA,NA,NA,NA,NA,0,NA,NA,NA,NA,NA,NA,NA,0,BYE,,·,·,·
7,10216,Kenny McIntosh,RB,25.8,SEA,999.0,999,999,0,0,0,1,0,0,0,0,0,0.0%,0,0,0,0,0,0,0.00,0,0,0,0,0.00,0.00,0,0,0,0,0,0,0,0,0.0,0.0,0,0,0,0,0,NA,0,0,NA,NA,NA,NA,0,NA,0,0,NA,NA,NA,NA,NA,0,NA,NA,NA,NA,NA,NA,NA,0,vs HOU,25,·,0.5,-0.5
7,3161,Carson Wentz,QB,32.9,MIN,18.0,18,18,13.32,13.32,13.32,1,1,1,69,69,1,61.9%,204,42,26,13,16,2,64.90,341,2,0,313,7.45,12.04,0,0,0,0,0,0,0,0,0.0,0.0,4,1,2,28,0,NA,28,7,100.0%,NA,NA,NA,2,NA,15,46,NA,NA,NA,NA,NA,13,31.0%,2.96,16.7%,32.6%,10.5,NA,46,341,vs PHI,21,·,3.0,10.3
7,5973,Josh Oliver,TE,28.7,MIN,43.0,43,42,1.9,1.4,0.9,1,1,0,69,32,0,0.0%,0,0,0,0,0,0,0.00,0,0,0,0,0.00,0.00,1,3,0,0,0,1,6,9,9.0,9.0,0,0,0,9,0,NA,0,0,46.4%,NA,NA,NA,0,NA,0,1,0.000,0.0,8,2.4%,1.13,0,NA,NA,NA,NA,NA,0.000,NA,9,vs PHI,25,·,12.5,-10.6
7,11574,Dylan Laube,RB,26.0,LV,65.0,66,68,1.4,0.9,0.4,1,1,0,35,5,0,0.0%,0,0,0,0,0,0,0.00,3,0,0,0,0.00,0.00,1,-3,0,0,0,1,4,1,1.0,1.0,2,0,0,4,0,5,3,1.5,14.3%,1,2.40,0.500,0,0.740,0,3,0.000,0.0,NA,5.6%,NA,0,NA,NA,NA,NA,NA,NA,NA,4,@ KC,11,OUT,OUT,OUT
7,12775,Max Brosmer,QB,24.7,MIN,999.0,999,999,0,0,0,1,0,0,69,0,0,0.0%,0,0,0,0,0,0,0.00,0,0,0,0,0.00,0.00,0,0,0,0,0,0,0,0,0.0,0.0,0,0,0,0,0,NA,0,0,0.0%,NA,NA,NA,0,NA,0,0,NA,NA,NA,NA,NA,0,NA,NA,NA,NA,NA,NA,NA,0,vs PHI,20,·,1.4,-1.4
7,5917,Mecole Hardman,WR,27.7,FA,0.0,0,0,0,0,0,0,0,0,0,0,0,0.0%,0,0,0,0,0,0,0.00,0,0,0,0,0.00,0.00,0,0,0,0,0,0,0,0,0.0,0.0,0,0,0,0,0,NA,0,0,NA,NA,NA,NA,0,NA,0,0,NA,NA,NA,NA,NA,0,NA,NA,NA,NA,NA,NA,NA,0,NA,21,·,·,·
7,10234,Derius Davis,WR,25.2,LAC,999.0,999,999,0,0,0,1,1,0,76,2,0,0.0%,0,0,0,0,0,0,0.00,0,0,0,0,0.00,0.00,0,0,0,0,0,0,0,0,0.0,0.0,0,0,0,0,0,NA,0,0,2.6%,NA,NA,NA,0,NA,0,0,NA,0.0,2,0.0%,0.00,0,NA,NA,NA,NA,NA,0.000,NA,0,vs IND,20,Q,Q,Q
7,4171,Josh Reynolds,WR,30.8,NYJ,61.0,62,63,5.9,4.4,2.9,1,1,1,61,58,0,0.0%,0,0,0,0,0,0,0.00,0,0,0,0,0.00,0.00,3,25,0,1,0,9,4,29,9.7,3.2,0,0,0,29,0,NA,0,0,95.1%,NA,NA,NA,0,NA,1,9,0.111,1.0,37,26.5%,0.78,0,NA,NA,NA,NA,NA,0.027,NA,29,vs CAR,18,·,·,·
7,4351,Tim Patrick,WR,32.0,JAX,80.0,74,68,3.2,2.7,2.2,1,1,0,77,15,0,0.0%,0,0,0,0,0,0,0.00,0,0,0,0,0.00,0.00,1,18,0,1,0,1,4,22,22.0,22.0,0,0,0,22,0,NA,0,0,19.5%,NA,NA,NA,0,NA,1,1,1.000,1.0,7,2.1%,3.14,0,NA,NA,NA,NA,NA,0.143,NA,22,vs LAR,26,PUP,PUP,PUP
7,6850,Harrison Bryant,TE,27.6,HOU,999.0,999,999,0,0,0,1,1,0,76,19,0,0.0%,0,0,0,0,0,0,0.00,0,0,0,0,0.00,0.00,0,0,0,0,0,0,0,0,0.0,0.0,0,0,0,0,0,NA,0,0,25.0%,NA,NA,NA,0,NA,0,0,NA,0.0,11,0.0%,0.00,0,NA,NA,NA,NA,NA,0.000,NA,0,@ SEA,31,·,7.5,-7.5
7,11621,Brenden Rice,WR,23.7,FA,0.0,0,0,0,0,0,0,0,0,0,0,0,0.0%,0,0,0,0,0,0,0.00,0,0,0,0,0.00,0.00,0,0,0,0,0,0,0,0,0.0,0.0,0,0,0,0,0,NA,0,0,NA,NA,NA,NA,0,NA,0,0,NA,NA,NA,NA,NA,0,NA,NA,NA,NA,NA,NA,NA,0,NA,11,·,·,·
7,11729,Sione Vaki,RB,24.4,DET,0.0,0,0,0,0,0,0,0,0,0,0,0,0.0%,0,0,0,0,0,0,0.00,0,0,0,0,0.00,0.00,0,0,0,0,0,0,0,0,0.0,0.0,0,0,0,0,0,NA,0,0,NA,NA,NA,NA,0,NA,0,0,NA,NA,NA,NA,NA,0,NA,NA,NA,NA,NA,NA,NA,0,vs TB,31,·,0.1,-0.1
7,5985,Foster Moreau,TE,28.6,NO,999.0,999,999,0,0,0,1,1,0,56,13,0,0.0%,0,0,0,0,0,0,0.00,0,0,0,0,0.00,0.00,0,0,0,0,0,0,0,0,0.0,0.0,0,0,0,0,0,NA,0,0,23.2%,NA,NA,NA,0,NA,0,0,NA,0.0,4,0.0%,0.00,0,NA,NA,NA,NA,NA,0.000,NA,0,@ CHI,17,IR,IR,IR
7,3634,Kalif Raymond,WR,31.3,DET,67.0,69,78,4.7,3.2,1.7,1,1,0,68,30,0,0.0%,0,0,0,0,0,0,0.00,0,0,0,0,0.00,0.00,3,5,0,0,0,3,12,17,5.7,5.7,0,0,0,17,0,NA,0,0,44.1%,NA,NA,NA,0,NA,0,3,0.000,0.0,17,10.3%,1.00,0,NA,NA,NA,NA,NA,0.000,NA,17,vs TB,2,·,0.1,4.6
7,5987,Alexander Mattison,RB,27.5,MIA,999.0,999,999,0,0,0,1,0,0,0,0,0,0.0%,0,0,0,0,0,0,0.00,0,0,0,0,0.00,0.00,0,0,0,0,0,0,0,0,0.0,0.0,0,0,0,0,0,NA,0,0,NA,NA,NA,NA,0,NA,0,0,NA,NA,NA,NA,NA,0,NA,NA,NA,NA,NA,NA,NA,0,@ CLE,,·,·,·
7,12494,Kyle McCord,QB,23.2,PHI,999.0,999,999,0,0,0,1,0,0,0,0,0,0.0%,0,0,0,0,0,0,0.00,0,0,0,0,0.00,0.00,0,0,0,0,0,0,0,0,0.0,0.0,0,0,0,0,0,NA,0,0,NA,NA,NA,NA,0,NA,0,0,NA,NA,NA,NA,NA,0,NA,NA,NA,NA,NA,NA,NA,0,@ MIN,20,·,1.9,-1.9
7,5955,Hunter Renfrow,WR,30.0,CAR,0.0,0,0,0,0,0,0,0,0,0,0,0,0.0%,0,0,0,0,0,0,0.00,0,0,0,0,0.00,0.00,0,0,0,0,0,0,0,0,0.0,0.0,0,0,0,0,0,NA,0,0,NA,NA,NA,NA,0,NA,0,0,NA,NA,NA,NA,NA,0,NA,NA,NA,NA,NA,NA,NA,0,@ NYJ,24,·,2.5,-2.5
7,8118,David Bell,WR,25.0,CLE,0.0,0,0,0,0,0,0,0,0,0,0,0,0.0%,0,0,0,0,0,0,0.00,0,0,0,0,0.00,0.00,0,0,0,0,0,0,0,0,0.0,0.0,0,0,0,0,0,NA,0,0,NA,NA,NA,NA,0,NA,0,0,NA,NA,NA,NA,NA,0,NA,NA,NA,NA,NA,NA,NA,0,vs MIA,9,·,·,·
7,7593,Trey Sermon,RB,26.8,PIT,999.0,999,999,0,0,0,1,0,0,0,0,0,0.0%,0,0,0,0,0,0,0.00,0,0,0,0,0.00,0.00,0,0,0,0,0,0,0,0,0.0,0.0,0,0,0,0,0,NA,0,0,NA,NA,NA,NA,0,NA,0,0,NA,NA,NA,NA,NA,0,NA,NA,NA,NA,NA,NA,NA,0,@ CIN,,·,0.2,-0.2
7,12715,Thomas Fidone,TE,23.2,NYG,999.0,999,999,0,0,0,1,1,0,77,3,0,0.0%,0,0,0,0,0,0,0.00,0,0,0,0,0.00,0.00,0,0,0,0,0,0,0,0,0.0,0.0,0,0,0,0,0,NA,0,0,3.9%,NA,NA,NA,0,NA,0,0,NA,0.0,NA,NA,NA,0,NA,NA,NA,NA,NA,NA,NA,0,@ DEN,26,·,·,·
7,6144,Trayveon Williams,RB,28.1,FA,0.0,0,0,0,0,0,0,0,0,0,0,0,0.0%,0,0,0,0,0,0,0.00,0,0,0,0,0.00,0.00,0,0,0,0,0,0,0,0,0.0,0.0,0,0,0,0,0,NA,0,0,NA,NA,NA,NA,0,NA,0,0,NA,NA,NA,NA,NA,0,NA,NA,NA,NA,NA,NA,NA,0,NA,9,·,0.1,-0.1
7,2197,Brandin Cooks,WR,32.2,NO,100.0,100,100,1.3,0.8,0.3,1,1,1,56,39,0,0.0%,0,0,0,0,0,0,0.00,0,0,0,0,0.00,0.00,1,3,0,0,0,1,0,3,3.0,3.0,0,0,0,3,0,NA,0,0,69.6%,NA,NA,NA,0,NA,0,1,0.000,0.0,24,3.1%,0.13,0,NA,NA,NA,NA,NA,0.000,NA,3,@ CHI,20,·,4.2,-2.9
7,6847,Devin Duvernay,WR,28.2,CHI,999.0,999,999,0,0,0,1,1,0,69,0,0,0.0%,0,0,0,0,0,0,0.00,0,0,0,0,0.00,0.00,0,0,0,0,0,0,0,0,0.0,0.0,0,0,0,0,0,NA,0,0,0.0%,NA,NA,NA,0,NA,0,0,NA,0.0,NA,NA,NA,0,NA,NA,NA,NA,NA,NA,NA,0,vs NO,12,·,3.7,-3.7
7,7757,Ben Skowronek,WR,28.4,PIT,999.0,999,999,0,0,0,1,1,0,57,6,0,0.0%,0,0,0,0,0,0,0.00,0,0,0,0,0.00,0.00,0,0,0,0,0,0,0,0,0.0,0.0,0,0,0,0,0,NA,0,0,10.5%,NA,NA,NA,0,NA,0,0,NA,0.0,1,0.0%,0.00,0,NA,NA,NA,NA,NA,0.000,NA,0,@ CIN,22,Q,Q,Q
7,11605,Jaheim Bell,TE,24.5,FA,999.0,999,999,0,0,0,1,0,0,0,0,0,0.0%,0,0,0,0,0,0,0.00,0,0,0,0,0.00,0.00,0,0,0,0,0,0,0,0,0.0,0.0,0,0,0,0,0,NA,0,0,NA,NA,NA,NA,0,NA,0,0,NA,NA,NA,NA,NA,0,NA,NA,NA,NA,NA,NA,NA,0,NA,12,·,1.9,-1.9
7,3202,Austin Hooper,TE,31.1,NE,20.0,17,15,9.1,8.1,7.1,1,1,0,65,33,0,0.0%,0,0,0,0,0,0,0.00,0,0,0,0,0.00,0.00,2,10,0,0,1,2,1,11,5.5,5.5,0,0,0,11,0,NA,0,0,50.8%,NA,NA,NA,0,NA,1,2,0.500,1.0,7,8.3%,1.57,0,NA,NA,NA,NA,NA,0.000,NA,11,@ TEN,12,·,·,·
7,10223,Eric Gray,RB,26.1,NYG,999.0,999,999,0,0,0,1,0,0,0,0,0,0.0%,0,0,0,0,0,0,0.00,0,0,0,0,0.00,0.00,0,0,0,0,0,0,0,0,0.0,0.0,0,0,0,0,0,NA,0,0,NA,NA,NA,NA,0,NA,0,0,NA,NA,NA,NA,NA,0,NA,NA,NA,NA,NA,NA,NA,0,@ DEN,14,·,0.4,-0.4
7,6798,Jalen Reagor,WR,26.9,FA,0.0,0,0,0,0,0,0,0,0,0,0,0,0.0%,0,0,0,0,0,0,0.00,0,0,0,0,0.00,0.00,0,0,0,0,0,0,0,0,0.0,0.0,0,0,0,0,0,NA,0,0,NA,NA,NA,NA,0,NA,0,0,NA,NA,NA,NA,NA,0,NA,NA,NA,NA,NA,NA,NA,0,NA,32,·,·,·
7,6012,Travis Homer,RB,27.3,CHI,999.0,999,999,0,0,0,1,1,0,69,0,0,0.0%,0,0,0,0,0,0,0.00,0,0,0,0,0.00,0.00,0,0,0,0,0,0,0,0,0.0,0.0,0,0,0,0,0,NA,0,0,0.0%,NA,NA,NA,0,NA,0,0,NA,0.0,NA,NA,NA,0,NA,NA,NA,NA,NA,NA,NA,0,vs NO,21,·,·,·
7,5185,Allen Lazard,WR,30.0,NYJ,75.0,79,79,3.6,2.6,1.6,1,1,1,61,34,0,0.0%,0,0,0,0,0,0,0.00,0,0,0,0,0.00,0.00,2,4,1,1,0,3,12,16,8.0,5.3,0,0,0,16,0,NA,0,0,55.7%,NA,NA,NA,0,NA,1,3,0.333,1.0,22,8.8%,0.73,0,NA,NA,NA,NA,NA,0.045,NA,16,vs CAR,,·,·,·
7,6427,Ashton Dulin,WR,28.6,IND,0.0,0,0,0,0,0,0,0,0,0,0,0,0.0%,0,0,0,0,0,0,0.00,0,0,0,0,0.00,0.00,0,0,0,0,0,0,0,0,0.0,0.0,0,0,0,0,0,NA,0,0,NA,NA,NA,NA,0,NA,0,0,NA,NA,NA,NA,NA,0,NA,NA,NA,NA,NA,NA,NA,0,@ LAC,15,·,·,·
7,6001,Drew Sample,TE,29.6,CIN,999.0,999,999,0,0,0,1,1,1,76,39,0,0.0%,0,0,0,0,0,0,0.00,0,0,0,0,0.00,0.00,0,0,0,0,0,0,0,0,0.0,0.0,0,0,0,0,0,NA,0,0,51.3%,NA,NA,NA,0,NA,0,0,NA,0.0,16,0.0%,0.00,0,NA,NA,NA,NA,NA,0.000,NA,0,vs PIT,BYE,BYE,BYE,BYE
7,8219,Jelani Woods,TE,27.2,NYJ,0.0,0,0,0,0,0,0,0,0,0,0,0,0.0%,0,0,0,0,0,0,0.00,0,0,0,0,0.00,0.00,0,0,0,0,0,0,0,0,0.0,0.0,0,0,0,0,0,NA,0,0,NA,NA,NA,NA,0,NA,0,0,NA,NA,NA,NA,NA,0,NA,NA,NA,NA,NA,NA,NA,0,vs CAR,19,·,0.4,-0.4
7,10857,Stetson Bennett,QB,28.1,LAR,0.0,0,0,0,0,0,0,0,0,0,0,0,0.0%,0,0,0,0,0,0,0.00,0,0,0,0,0.00,0.00,0,0,0,0,0,0,0,0,0.0,0.0,0,0,0,0,0,NA,0,0,NA,NA,NA,NA,0,NA,0,0,NA,NA,NA,NA,NA,0,NA,NA,NA,NA,NA,NA,NA,0,@ JAX,11,·,0.5,-0.5
7,9495,Rakim Jarrett,WR,24.9,FA,0.0,0,0,0,0,0,0,0,0,0,0,0,0.0%,0,0,0,0,0,0,0.00,0,0,0,0,0.00,0.00,0,0,0,0,0,0,0,0,0.0,0.0,0,0,0,0,0,NA,0,0,NA,NA,NA,NA,0,NA,0,0,NA,NA,NA,NA,NA,0,NA,NA,NA,NA,NA,NA,NA,0,NA,19,·,5.4,-5.4
7,8220,Sincere McCormick,RB,25.2,SF,999.0,999,999,0,0,0,1,0,0,0,0,0,0.0%,0,0,0,0,0,0,0.00,0,0,0,0,0.00,0.00,0,0,0,0,0,0,0,0,0.0,0.0,0,0,0,0,0,NA,0,0,NA,NA,NA,NA,0,NA,0,0,NA,NA,NA,NA,NA,0,NA,NA,NA,NA,NA,NA,NA,0,vs ATL,30,OUT,OUT,OUT
7,11716,Tip Reiman,TE,24.2,ARI,999.0,999,999,0,0,0,1,0,0,0,0,0,0.0%,0,0,0,0,0,0,0.00,0,0,0,0,0.00,0.00,0,0,0,0,0,0,0,0,0.0,0.0,0,0,0,0,0,NA,0,0,NA,NA,NA,NA,0,NA,0,0,NA,NA,NA,NA,NA,0,NA,NA,NA,NA,NA,NA,NA,0,vs GB,4,IR,IR,IR
7,1837,Jimmy Garoppolo,QB,34.1,LAR,37.0,37,37,-0.3,-0.3,-0.3,1,1,0,70,3,0,0.0%,0,0,0,0,0,0,0.00,-3,0,0,0,0.00,0.00,0,0,0,0,0,0,0,0,0.0,0.0,3,0,0,-3,0,NA,-3,-1,4.3%,NA,NA,NA,0,NA,0,3,NA,NA,NA,NA,NA,0,NA,0.00,0.0%,0.0%,0.0,NA,0,-3,@ JAX,,·,·,·
7,8116,Pierre Strong Jr.,RB,27.0,GB,0.0,0,0,0,0,0,0,0,0,0,0,0,0.0%,0,0,0,0,0,0,0.00,0,0,0,0,0.00,0.00,0,0,0,0,0,0,0,0,0.0,0.0,0,0,0,0,0,NA,0,0,NA,NA,NA,NA,0,NA,0,0,NA,NA,NA,NA,NA,0,NA,NA,NA,NA,NA,NA,NA,0,@ ARI,,·,·,·
7,9998,Hendon Hooker,QB,27.9,CAR,999.0,999,999,0,0,0,1,0,0,0,0,0,0.0%,0,0,0,0,0,0,0.00,0,0,0,0,0.00,0.00,0,0,0,0,0,0,0,0,0.0,0.0,0,0,0,0,0,NA,0,0,NA,NA,NA,NA,0,NA,0,0,NA,NA,NA,NA,NA,0,NA,NA,NA,NA,NA,NA,NA,0,@ NYJ,31,IR,IR,IR
7,8253,Deven Thompkins,WR,26.0,ATL,999.0,999,999,0,0,0,1,0,0,0,0,0,0.0%,0,0,0,0,0,0,0.00,0,0,0,0,0.00,0.00,0,0,0,0,0,0,0,0,0.0,0.0,0,0,0,0,0,NA,0,0,NA,NA,NA,NA,0,NA,0,0,NA,NA,NA,NA,NA,0,NA,NA,NA,NA,NA,NA,NA,0,@ SF,,·,·,·
7,9489,Justin Shorter,WR,25.6,LV,999.0,999,999,0,0,0,1,1,0,35,1,0,0.0%,0,0,0,0,0,0,0.00,0,0,0,0,0.00,0.00,0,0,0,0,0,0,0,0,0.0,0.0,0,0,0,0,0,NA,0,0,2.9%,NA,NA,NA,0,NA,0,0,NA,0.0,NA,NA,NA,0,NA,NA,NA,NA,NA,NA,NA,0,@ KC,3,OUT,OUT,OUT
7,5086,Marquez Valdes-Scantling,WR,31.2,SF,999.0,999,999,0,0,0,1,0,0,0,0,0,0.0%,0,0,0,0,0,0,0.00,0,0,0,0,0.00,0.00,0,0,0,0,0,0,0,0,0.0,0.0,0,0,0,0,0,NA,0,0,NA,NA,NA,NA,0,NA,0,0,NA,NA,NA,NA,NA,0,NA,NA,NA,NA,NA,NA,NA,0,vs ATL,5,IR,IR,IR
7,7602,Kylen Granson,TE,27.7,PHI,999.0,999,999,0,0,0,1,1,1,50,17,0,0.0%,0,0,0,0,0,0,0.00,0,0,0,0,0.00,0.00,0,0,0,0,0,0,0,0,0.0,0.0,0,0,0,0,0,NA,0,0,34.0%,NA,NA,NA,0,NA,0,0,NA,0.0,5,0.0%,0.00,0,NA,NA,NA,NA,NA,0.000,NA,0,@ MIN,31,·,·,·
7,10221,Ronnie Bell,WR,25.9,DET,999.0,999,999,0,0,0,1,0,0,0,0,0,0.0%,0,0,0,0,0,0,0.00,0,0,0,0,0.00,0.00,0,0,0,0,0,0,0,0,0.0,0.0,0,0,0,0,0,NA,0,0,NA,NA,NA,NA,0,NA,0,0,NA,NA,NA,NA,NA,0,NA,NA,NA,NA,NA,NA,NA,0,vs TB,22,IR,IR,IR
7,1234,Russell Wilson,QB,37.0,NYG,999.0,999,999,0,0,0,1,0,0,77,0,0,0.0%,0,0,0,0,0,0,0.00,0,0,0,0,0.00,0.00,0,0,0,0,0,0,0,0,0.0,0.0,0,0,0,0,0,NA,0,0,0.0%,NA,NA,NA,0,NA,0,0,NA,NA,NA,NA,NA,0,NA,NA,NA,NA,NA,NA,NA,0,@ DEN,3,·,3.6,-3.6
7,4663,Austin Ekeler,RB,30.6,WAS,999.0,999,999,0,0,0,1,0,0,0,0,0,0.0%,0,0,0,0,0,0,0.00,0,0,0,0,0.00,0.00,0,0,0,0,0,0,0,0,0.0,0.0,0,0,0,0,0,NA,0,0,NA,NA,NA,NA,0,NA,0,0,NA,NA,NA,NA,NA,0,NA,NA,NA,NA,NA,NA,NA,0,@ DAL,,·,·,·
7,5113,Cedrick Wilson,WR,30.0,NO,0.0,0,0,0,0,0,0,0,0,0,0,0,0.0%,0,0,0,0,0,0,0.00,0,0,0,0,0.00,0.00,0,0,0,0,0,0,0,0,0.0,0.0,0,0,0,0,0,NA,0,0,NA,NA,NA,NA,0,NA,0,0,NA,NA,NA,NA,NA,0,NA,NA,NA,NA,NA,NA,NA,0,@ CHI,15,·,·,·
7,6659,Craig Reynolds,RB,29.5,DET,999.0,999,999,0,0,0,1,1,0,68,0,0,0.0%,0,0,0,0,0,0,0.00,0,0,0,0,0.00,0.00,0,0,0,0,0,0,0,0,0.0,0.0,0,0,0,0,0,NA,0,0,0.0%,NA,NA,NA,0,NA,0,0,NA,0.0,NA,NA,NA,0,NA,NA,NA,NA,NA,NA,NA,0,vs TB,2,·,1.2,-1.2
,,,,,,,,,,,,,,,,,,,,,,,,,,,,,,,,,,,,,,,,,,,,,,,,,,NA,NA,NA,NA,0,NA,0,0,NA,NA,NA,NA,NA,0,NA,NA,NA,NA,NA,NA,NA,0,NA,,·,·,·