WK,SLPR_ID,NM,POS,AGE,TM,PRK_PPR,PRK_0.5P,PRK_STD,FPT_PPR,FPTS_0.5,FPTS_STD,GM_ACTV,GM_P,GM,TM_SNP,SNP,FUM,CMP PCT,paAY,paATT,CMP,pa1D,INC,INT,paRTG,pa.ruYDS,SAC,paTD,paYDS,paYPA,paYPC,REC,recAY,DRP,rec1D,recTD,TGT,YAC,recYDS,YPR,YPT,CAR,BTKL,ru1D,ru.recYDS,ruTD,YCO,ruYDS,YPC,SNP%,MTF,YCO/A,MTF/A,ruIMP,ELU,IMP,OPP,IMP/OPP,IMP/G,RR,TS%,YPRR,pIMP,pIMP/A,TTT,DP%,PRS%,AYA,1DRR,DB,YDS(t),VS,vsRK,INJ,PROJ,FPOE
9,4984,Josh Allen,QB,29.4,BUF,3,3,3,28.82,28.82,28.82,1,1,1,66,66,0,88.5,104,26,23,12,3,0,123.20,292,3,1,273,10.50,11.87,0,0,0,0,0,0,0,0,0.0,0.0,6,0,2,19,2,NA,19,3.17,100.0%,NA,NA,NA,4,NA,17,32,NA,NA,NA,NA,NA,13,50.0%,2.64,11.5%,26.7%,4.60,NA,30,292,vs KC,28,·,24.7,4.1
9,9509,Bijan Robinson,RB,23.7,ATL,7,12,20,17.6,13.6,9.6,1,1,1,56,54,0,0.0,0,0,0,0,0,0,0.00,46,0,0,0,0.00,0.00,8,16,0,3,0,10,34,50,6.3,5.0,12,1,2,96,0,35,46,3.83,96.4%,1,2.90,0.083,2,0.373,5,22,0.227,5.0,NA,27.0%,NA,0,NA,NA,NA,NA,NA,NA,NA,96,@ NE,28,·,19.1,-1.5
9,7564,Ja'Marr Chase,WR,25.6,CIN,16,17,18,17.1,14.1,11.1,1,1,1,68,67,0,0.0,0,0,0,0,0,0,0.00,0,0,0,0,0.00,0.00,6,63,0,6,0,8,48,111,18.5,13.9,0,0,0,111,0,NA,0,0,98.5%,NA,NA,NA,0,NA,6,8,0.750,6.0,50,17.0%,2.22,0,NA,NA,NA,NA,NA,0.120,NA,111,vs CHI,11,·,20.8,-3.7
9,9493,Puka Nacua,WR,24.3,LAR,5,5,7,22.8,19.3,15.8,1,1,1,80,39,0,0.0,0,0,0,0,0,0,0.00,3,0,0,0,0.00,0.00,7,72,0,1,1,8,23,95,13.6,11.9,1,0,1,98,0,NA,3,3,48.8%,NA,NA,NA,1,NA,3,9,0.333,3.0,22,25.0%,4.32,0,NA,NA,NA,NA,NA,0.045,NA,98,vs NO,22,Q,21.1,1.7
9,4881,Lamar Jackson,QB,28.7,BAL,9,9,9,25.56,25.56,25.56,1,1,1,56,56,0,78.3,113,23,18,7,5,0,143.20,218,2,4,204,8.87,11.33,0,0,0,0,0,0,0,0,0.0,0.0,5,0,1,14,0,NA,14,2.8,100.0%,NA,NA,NA,1,NA,12,28,NA,NA,NA,NA,NA,11,47.8%,3.04,17.4%,37.0%,8.90,NA,27,218,@ MIA,3,·,24.4,1.2
9,11566,Jayden Daniels,QB,24.8,WAS,19,19,19,16.22,16.22,16.22,1,1,1,65,57,0,72.7,82,22,16,8,6,1,72.70,204,4,0,153,6.95,9.56,0,0,0,0,0,0,0,0,0.0,0.0,10,2,1,51,1,NA,51,5.1,87.7%,NA,NA,NA,2,NA,10,32,NA,NA,NA,NA,NA,8,36.4%,2.78,4.5%,50.0%,5.80,NA,34,204,vs SEA,21,Q,20.8,-4.6
9,9221,Jahmyr Gibbs,RB,23.5,DET,36,40,43,5.8,4.3,2.8,1,1,1,64,42,0,0.0,0,0,0,0,0,0,0.00,25,0,0,0,0.00,0.00,3,-12,0,0,0,3,15,3,1.0,1.0,9,0,0,28,0,20,25,2.78,65.6%,1,2.20,0.111,0,0.331,0,12,0.000,0.0,NA,8.1%,NA,0,NA,NA,NA,NA,NA,NA,NA,28,vs MIN,21,·,20.4,-14.6
9,6794,Justin Jefferson,WR,26.3,MIN,18,18,19,16.7,13.7,10.7,1,1,1,62,59,0,0.0,0,0,0,0,0,0,0.00,0,0,0,0,0.00,0.00,6,35,0,2,1,9,12,47,7.8,5.2,0,0,0,47,0,NA,0,0,95.2%,NA,NA,NA,0,NA,3,9,0.333,3.0,29,36.0%,1.62,0,NA,NA,NA,NA,NA,0.069,NA,47,@ DET,7,·,16.1,0.6
9,9488,Jaxon Smith-Njigba,WR,23.6,SEA,7.0,9,10,22,18,14,1,1,1,51,34,0,0.0,0,0,0,0,0,0,0.00,11,0,0,0,0.00,0.00,8,82,0,5,0,9,47,129,16.1,14.3,1,0,1,140,0,NA,11,11,66.7%,NA,NA,NA,1,NA,6,10,0.600,6.0,23,37.5%,5.61,0,NA,NA,NA,NA,NA,0.217,NA,140,@ WAS,9,·,22.5,-0.5
9,7547,Amon-Ra St. Brown,WR,25.9,DET,11.0,16,22,18.7,14.2,9.7,1,1,1,64,61,0,0.0,0,0,0,0,0,0,0.00,0,0,0,0,0.00,0.00,9,75,1,2,0,13,22,97,10.8,7.5,0,0,0,97,0,NA,0,0,95.3%,NA,NA,NA,0,NA,2,13,0.154,2.0,41,35.1%,2.37,0,NA,NA,NA,NA,NA,0.049,NA,97,vs MIN,25,·,19.7,-1.0
9,6786,CeeDee Lamb,WR,26.5,DAL,22.0,25,27,15.5,12,8.5,1,1,1,67,59,0,0.0,0,0,0,0,0,0,0.00,0,0,0,0,0.00,0.00,7,55,0,3,0,12,30,85,12.1,7.1,0,0,0,85,0,NA,0,0,88.1%,NA,NA,NA,0,NA,3,12,0.250,3.0,41,30.8%,2.07,0,NA,NA,NA,NA,NA,0.073,NA,85,vs ARI,23,·,20.3,-4.8
9,11632,Malik Nabers,WR,22.2,NYG,999.0,999,999,0,0,0,1,0,0,0,0,0,0.0,0,0,0,0,0,0,0.00,0,0,0,0,0.00,0.00,0,0,0,0,0,0,0,0,0.0,0.0,0,0,0,0,0,NA,0,0,NA,NA,NA,NA,0,NA,0,0,NA,NA,NA,NA,NA,0,NA,NA,NA,NA,NA,NA,NA,0,vs SF,17,IR,IR,IR
9,11564,Drake Maye,QB,23.1,NE,16.0,16,16,17.36,17.36,17.36,1,1,1,68,68,2,65.5,148,29,19,12,10,1,102.50,279,6,2,259,8.93,13.63,0,0,0,0,0,0,0,0,0.0,0.0,8,0,2,20,0,NA,20,2.5,100.0%,NA,NA,NA,2,NA,16,37,NA,NA,NA,NA,NA,14,48.3%,2.96,17.2%,42.5%,9.70,NA,40,279,vs ATL,29,·,23.5,-6.1
9,12514,Emeka Egbuka,WR,23.0,TB,0.0,0,0,0,0,0,0,0,0,0,0,0,0.0,0,0,0,0,0,0,0.00,0,0,0,0,0.00,0.00,0,0,0,0,0,0,0,0,0.0,0.0,0,0,0,0,0,NA,0,0,NA,NA,NA,NA,0,NA,0,0,NA,NA,NA,NA,NA,0,NA,NA,NA,NA,NA,NA,NA,0,BYE,BYE,BYE,BYE,BYE
9,11604,Brock Bowers,TE,22.8,LV,1.0,1,1,43.3,37.3,31.3,1,1,1,64,52,0,0.0,0,0,0,0,0,0,0.00,6,0,0,0,0.00,0.00,12,69,0,4,3,13,58,127,10.6,9.8,1,0,0,133,0,NA,6,6,81.3%,NA,NA,NA,0,NA,7,14,0.500,7.0,34,33.3%,3.74,0,NA,NA,NA,NA,NA,0.118,NA,133,vs JAX,14,·,13.6,29.7
9,6904,Jalen Hurts,QB,27.1,PHI,0.0,0,0,0,0,0,0,0,0,0,0,0,0.0,0,0,0,0,0,0,0.00,0,0,0,0,0.00,0.00,0,0,0,0,0,0,0,0,0.0,0.0,0,0,0,0,0,NA,0,0,NA,NA,NA,NA,0,NA,0,0,NA,NA,NA,NA,NA,0,NA,NA,NA,NA,NA,NA,NA,0,BYE,BYE,BYE,BYE,BYE
9,12527,Ashton Jeanty,RB,21.8,LV,5.0,5,6,19.9,17.4,14.9,1,1,1,64,58,0,0.0,0,0,0,0,0,0,0.00,42,0,0,0,0.00,0.00,5,-19,0,2,1,5,66,47,9.4,9.4,13,1,3,89,0,39,42,3.23,90.6%,9,3.00,0.692,3,0.992,6,18,0.333,6.0,NA,12.8%,NA,0,NA,NA,NA,NA,NA,NA,NA,89,vs JAX,25,·,16.4,3.5
9,6797,Justin Herbert,QB,27.6,LAC,4.0,4,4,28.7,28.7,28.7,1,1,1,65,65,0,65.5,146,29,19,10,10,1,101.20,307,6,2,250,8.62,13.16,0,0,0,0,0,0,0,0,0.0,0.0,9,0,5,57,1,NA,57,6.33,100.0%,NA,NA,NA,6,NA,18,38,NA,NA,NA,NA,NA,12,41.4%,2.95,17.2%,42.5%,10.60,NA,40,307,@ TEN,22,·,22.1,6.6
9,6813,Jonathan Taylor,RB,26.7,IND,29.0,30,32,7.7,6.7,5.7,1,1,1,78,62,0,0.0,0,0,0,0,0,0,0.00,45,0,0,0,0.00,0.00,2,5,0,0,0,2,7,12,6.0,6.0,14,3,3,57,0,53,45,3.21,79.5%,7,3.80,0.500,3,0.880,3,16,0.188,3.0,NA,4.0%,NA,0,NA,NA,NA,NA,NA,NA,NA,57,@ PIT,20,·,22.4,-14.7
9,8112,Drake London,WR,24.2,ATL,1.0,1,1,38.8,34.3,29.8,1,1,1,56,55,0,0.0,0,0,0,0,0,0,0.00,0,0,0,0,0.00,0.00,9,103,0,5,3,14,15,118,13.1,8.4,0,0,0,118,0,NA,0,0,98.2%,NA,NA,NA,0,NA,8,14,0.571,8.0,38,37.8%,3.11,0,NA,NA,NA,NA,NA,0.132,NA,118,@ NE,19,·,15.3,23.5
9,4046,Patrick Mahomes,QB,30.0,KC,22.0,22,22,11.5,11.5,11.5,1,1,1,60,60,0,44.1,186,34,15,10,19,1,57.20,255,3,0,250,7.35,16.67,0,0,0,0,0,0,0,0,0.0,0.0,1,0,0,5,0,NA,5,5,100.0%,NA,NA,NA,0,NA,10,35,NA,NA,NA,NA,NA,10,29.4%,3.37,23.5%,52.6%,14.40,NA,38,255,@ BUF,31,·,25.1,-13.6
9,6770,Joe Burrow,QB,28.8,CIN,999.0,999,999,0,0,0,1,0,0,0,0,0,0.0,0,0,0,0,0,0,0.00,0,0,0,0,0.00,0.00,0,0,0,0,0,0,0,0,0.0,0.0,0,0,0,0,0,NA,0,0,NA,NA,NA,NA,0,NA,0,0,NA,NA,NA,NA,NA,0,NA,NA,NA,NA,NA,NA,NA,0,vs CHI,9,IR,IR,IR
9,9226,De'Von Achane,RB,24.0,MIA,10.0,11,16,16.6,13.6,10.6,1,1,1,64,58,0,0.0,0,0,0,0,0,0,0.00,67,0,0,0,0.00,0.00,6,-7,1,1,0,10,46,39,6.5,3.9,14,3,4,106,0,66,67,4.79,90.6%,8,4.70,0.571,4,1.041,5,24,0.208,5.0,NA,25.0%,NA,0,NA,NA,NA,NA,NA,NA,NA,106,vs BAL,2,·,19.2,-2.6
9,8130,Trey McBride,TE,25.8,ARI,6.0,6,6,16.5,14,11.5,1,1,1,67,59,0,0.0,0,0,0,0,0,0,0.00,0,0,0,0,0.00,0.00,5,40,0,2,1,9,15,55,11.0,6.1,0,0,0,55,0,NA,0,0,88.1%,NA,NA,NA,0,NA,3,9,0.333,3.0,32,29.0%,1.72,0,NA,NA,NA,NA,NA,0.063,NA,55,@ DAL,19,·,18.1,-1.6
9,12507,Omarion Hampton,RB,22.5,LAC,999.0,999,999,0,0,0,1,0,0,0,0,0,0.0,0,0,0,0,0,0,0.00,0,0,0,0,0.00,0.00,0,0,0,0,0,0,0,0,0.0,0.0,0,0,0,0,0,NA,0,0,NA,NA,NA,NA,0,NA,0,0,NA,NA,NA,NA,NA,0,NA,NA,NA,NA,NA,NA,NA,0,@ TEN,3,IR,IR,IR
9,11620,Rome Odunze,WR,23.3,CHI,999.0,999,999,0,0,0,1,1,1,80,80,0,0.0,0,0,0,0,0,0,0.00,0,0,0,0,0.00,0.00,0,0,0,0,0,3,0,0,0.0,0.0,0,0,0,0,0,NA,0,0,100.0%,NA,NA,NA,0,NA,0,3,0.000,0.0,39,8.1%,0.00,0,NA,NA,NA,NA,NA,0.000,NA,0,@ CIN,20,·,14.1,-14.1
9,12526,Tetairoa McMillan,WR,22.5,CAR,45.0,49,47,8.6,6.6,4.6,1,1,1,58,49,0,0.0,0,0,0,0,0,0,0.00,0,0,0,0,0.00,0.00,4,45,0,3,0,6,1,46,11.5,7.7,0,0,0,46,0,NA,0,0,84.5%,NA,NA,NA,0,NA,3,6,0.500,3.0,21,30.0%,2.19,0,NA,NA,NA,NA,NA,0.143,NA,46,@ GB,13,·,13.3,-4.7
9,11560,Caleb Williams,QB,23.9,CHI,1.0,1,1,38.7,37.7,36.7,1,1,1,80,80,0,58.8,115,34,20,12,14,0,114.80,333,2,3,280,8.24,14.00,2,-3,0,1,1,2,25,22,11.0,11.0,5,0,2,75,0,NA,53,10.6,100.0%,NA,NA,NA,2,NA,19,41,NA,NA,NA,NA,NA,15,44.1%,3.77,11.8%,43.9%,8.50,NA,41,355,@ CIN,8,·,19.6,19.1
9,12518,Tyler Warren,TE,23.4,IND,26.0,29,34,7.6,5.1,2.6,1,1,0,78,66,0,0.0,0,0,0,0,0,0,0.00,0,0,0,0,0.00,0.00,5,13,0,1,0,7,13,26,5.2,3.7,0,0,0,26,0,NA,0,0,84.6%,NA,NA,NA,0,NA,1,7,0.143,1.0,45,14.0%,0.58,0,NA,NA,NA,NA,NA,0.022,NA,26,@ PIT,2,·,14.1,-6.5
9,12512,Quinshon Judkins,RB,21.9,CLE,0.0,0,0,0,0,0,0,0,0,0,0,0,0.0,0,0,0,0,0,0,0.00,0,0,0,0,0.00,0.00,0,0,0,0,0,0,0,0,0.0,0.0,0,0,0,0,0,NA,0,0,NA,NA,NA,NA,0,NA,0,0,NA,NA,NA,NA,NA,0,NA,NA,NA,NA,NA,NA,NA,0,BYE,BYE,BYE,BYE,BYE
9,11584,Bucky Irving,RB,23.1,TB,0.0,0,0,0,0,0,0,0,0,0,0,0,0.0,0,0,0,0,0,0,0.00,0,0,0,0,0.00,0.00,0,0,0,0,0,0,0,0,0.0,0.0,0,0,0,0,0,NA,0,0,NA,NA,NA,NA,0,NA,0,0,NA,NA,NA,NA,NA,0,NA,NA,NA,NA,NA,NA,NA,0,BYE,BYE,BYE,BYE,BYE
9,11631,Brian Thomas Jr.,WR,23.0,JAX,46.0,45,46,8.5,7,5.5,1,1,1,80,52,0,0.0,0,0,0,0,0,0,0.00,0,0,0,0,0.00,0.00,3,30,0,2,0,5,25,55,18.3,11.0,0,0,0,55,0,NA,0,0,65.0%,NA,NA,NA,0,NA,2,5,0.400,2.0,27,14.7%,2.04,0,NA,NA,NA,NA,NA,0.074,NA,55,@ LV,3,Q,13.9,-5.4
9,8138,James Cook,RB,26.0,BUF,13.0,13,9,13.5,13,12.5,1,1,1,66,50,0,0.0,0,0,0,0,0,0,0.00,114,0,0,0,0.00,0.00,1,2,0,1,0,1,9,11,11.0,11.0,27,1,4,125,0,59,114,4.22,75.8%,5,2.20,0.185,4,0.405,5,28,0.179,5.0,NA,3.8%,NA,0,NA,NA,NA,NA,NA,NA,NA,125,vs KC,27,·,17.3,-3.8
9,4892,Baker Mayfield,QB,30.4,TB,0.0,0,0,0,0,0,0,0,0,0,0,0,0.0,0,0,0,0,0,0,0.00,0,0,0,0,0.00,0.00,0,0,0,0,0,0,0,0,0.0,0.0,0,0,0,0,0,NA,0,0,NA,NA,NA,NA,0,NA,0,0,NA,NA,NA,NA,NA,0,NA,NA,NA,NA,NA,NA,NA,0,BYE,BYE,BYE,BYE,BYE
9,7569,Nico Collins,WR,26.5,HOU,24.0,28,31,14.5,11,7.5,1,1,1,73,58,0,0.0,0,0,0,0,0,0,0.00,0,0,0,0,0.00,0.00,7,62,0,5,0,11,13,75,10.7,6.8,0,0,0,75,0,NA,0,0,79.5%,NA,NA,NA,0,NA,5,11,0.455,5.0,41,27.5%,1.83,0,NA,NA,NA,NA,NA,0.122,NA,75,vs DEN,32,·,15.7,-1.2
9,8146,Garrett Wilson,WR,25.2,NYJ,0.0,0,0,0,0,0,0,0,0,0,0,0,0.0,0,0,0,0,0,0,0.00,0,0,0,0,0.00,0.00,0,0,0,0,0,0,0,0,0.0,0.0,0,0,0,0,0,NA,0,0,NA,NA,NA,NA,0,NA,0,0,NA,NA,NA,NA,NA,0,NA,NA,NA,NA,NA,NA,NA,0,BYE,BYE,BYE,BYE,BYE
9,6804,Jordan Love,QB,26.9,GB,24.0,24,24,10.02,10.02,10.02,1,1,1,65,65,0,70.3,172,37,26,13,11,1,80.10,274,1,0,273,7.38,10.50,0,0,0,0,0,0,0,0,0.0,0.0,1,0,0,1,0,NA,1,1,100.0%,NA,NA,NA,0,NA,13,38,NA,NA,NA,NA,NA,13,35.1%,2.98,13.5%,31.6%,8.80,NA,38,274,vs CAR,19,·,20.0,-10.0
9,10229,Rashee Rice,WR,25.4,KC,12.0,10,9,18.6,16.6,14.6,1,1,1,60,49,0,0.0,0,0,0,0,0,0,0.00,6,0,0,0,0.00,0.00,4,54,0,4,0,7,26,80,20.0,11.4,2,0,1,86,1,NA,6,3,81.7%,NA,NA,NA,2,NA,6,9,0.667,6.0,31,20.6%,2.58,0,NA,NA,NA,NA,NA,0.129,NA,86,@ BUF,24,·,18.8,-0.2
9,4866,Saquon Barkley,RB,28.6,PHI,0.0,0,0,0,0,0,0,0,0,0,0,0,0.0,0,0,0,0,0,0,0.00,0,0,0,0,0.00,0.00,0,0,0,0,0,0,0,0,0.0,0.0,0,0,0,0,0,NA,0,0,NA,NA,NA,NA,0,NA,0,0,NA,NA,NA,NA,NA,0,NA,NA,NA,NA,NA,NA,NA,0,BYE,BYE,BYE,BYE,BYE
9,11563,Bo Nix,QB,25.6,DEN,14.0,14,14,19.52,19.52,19.52,1,1,1,63,63,0,48.7,81,37,18,7,19,1,68.90,209,1,2,173,4.68,9.61,0,0,0,0,0,0,0,0,0.0,0.0,3,0,1,36,0,NA,36,12,100.0%,NA,NA,NA,1,NA,10,40,NA,NA,NA,NA,NA,9,24.3%,2.86,27.0%,38.5%,12.00,NA,39,209,@ HOU,32,·,20.3,-0.8
9,12508,Jaxson Dart,QB,22.4,NYG,7.0,7,7,27.24,27.24,27.24,1,1,1,57,57,0,72.7,107,33,24,5,9,0,107.00,247,2,2,191,5.79,7.96,0,0,0,0,0,0,0,0,0.0,0.0,8,0,4,56,1,NA,56,7,100.0%,NA,NA,NA,5,NA,12,41,NA,NA,NA,NA,NA,7,21.2%,2.62,6.1%,22.5%,5.90,NA,40,247,vs SF,13,·,21.1,6.1
9,11635,Ladd McConkey,WR,23.9,LAC,37.0,41,45,9.6,7.6,5.6,1,1,1,65,45,0,0.0,0,0,0,0,0,0,0.00,0,0,0,0,0.00,0.00,4,19,0,2,0,7,37,56,14.0,8.0,0,0,0,56,0,NA,0,0,69.2%,NA,NA,NA,0,NA,2,7,0.286,2.0,30,24.1%,1.87,0,NA,NA,NA,NA,NA,0.067,NA,56,@ TEN,10,·,14.6,-5.0
9,4034,Christian McCaffrey,RB,29.3,SF,1.0,1,1,34.3,31.8,29.3,1,1,1,66,57,0,0.0,0,0,0,0,0,0,0.00,106,0,0,0,0.00,0.00,5,12,0,2,1,6,55,67,13.4,11.2,28,0,4,173,1,81,106,3.79,86.4%,10,2.90,0.357,5,0.647,8,34,0.235,8.0,NA,25.0%,NA,0,NA,NA,NA,NA,NA,NA,NA,173,@ NYG,7,·,24.8,9.5
9,8137,George Pickens,WR,24.6,DAL,27.0,29,30,13.9,10.9,7.9,1,1,1,67,61,2,0.0,0,0,0,0,0,0,0.00,0,0,0,0,0.00,0.00,6,53,0,6,0,9,26,79,13.2,8.8,0,0,0,79,0,NA,0,0,91.0%,NA,NA,NA,0,NA,6,9,0.667,6.0,41,23.1%,1.93,0,NA,NA,NA,NA,NA,0.146,NA,79,vs ARI,23,·,14.5,-0.6
9,11628,Marvin Harrison Jr.,WR,23.1,ARI,6.0,6,8,22.6,19.1,15.6,1,1,1,67,48,0,0.0,0,0,0,0,0,0,0.00,0,0,0,0,0.00,0.00,7,71,0,5,1,10,25,96,13.7,9.6,0,0,0,96,0,NA,0,0,71.6%,NA,NA,NA,0,NA,6,10,0.600,6.0,30,32.3%,3.20,0,NA,NA,NA,NA,NA,0.167,NA,96,@ DAL,1,·,14.2,8.4
9,5850,Josh Jacobs,RB,27.6,GB,4.0,4,5,20,18,16,1,1,1,65,38,0,0.0,0,0,0,0,0,0,0.00,87,0,0,0,0.00,0.00,4,-2,0,0,0,5,15,13,3.3,2.6,17,3,5,100,1,66,87,5.12,58.5%,8,3.90,0.471,6,0.861,6,22,0.273,6.0,NA,13.5%,NA,0,NA,NA,NA,NA,NA,NA,NA,100,vs CAR,19,·,18.7,1.3
9,8150,Kyren Williams,RB,25.1,LAR,8.0,6,4,17.4,17.4,17.4,1,1,1,80,55,0,0.0,0,0,0,0,0,0,0.00,114,0,0,0,0.00,0.00,0,0,0,0,0,0,0,0,0.0,0.0,25,3,8,114,1,98,114,4.56,68.8%,6,3.90,0.240,9,0.630,9,25,0.360,9.0,NA,0.0%,NA,0,NA,NA,NA,NA,NA,NA,NA,114,vs NO,14,·,17.7,-0.3
9,12481,Cam Skattebo,RB,23.6,NYG,999.0,999,999,0,0,0,1,0,0,0,0,0,0.0,0,0,0,0,0,0,0.00,0,0,0,0,0.00,0.00,0,0,0,0,0,0,0,0,0.0,0.0,0,0,0,0,0,NA,0,0,NA,NA,NA,NA,0,NA,0,0,NA,NA,NA,NA,NA,0,NA,NA,NA,NA,NA,NA,NA,0,vs SF,23,IR,IR,IR
9,8155,Breece Hall,RB,24.3,NYJ,0.0,0,0,0,0,0,0,0,0,0,0,0,0.0,0,0,0,0,0,0,0.00,0,0,0,0,0.00,0.00,0,0,0,0,0,0,0,0,0.0,0.0,0,0,0,0,0,NA,0,0,NA,NA,NA,NA,0,NA,0,0,NA,NA,NA,NA,NA,0,NA,NA,NA,NA,NA,NA,NA,0,BYE,BYE,BYE,BYE,BYE
9,9758,C.J. Stroud,QB,24.0,HOU,28.0,28,28,4.36,4.36,4.36,1,1,1,73,23,0,60.0,41,10,6,4,4,0,85.00,91,2,0,79,7.90,13.17,0,0,0,0,0,0,0,0,0.0,0.0,2,0,1,12,0,NA,12,6,31.5%,NA,NA,NA,1,NA,5,12,NA,NA,NA,NA,NA,4,40.0%,2.69,20.0%,35.7%,8.50,NA,14,91,vs DEN,30,OUT,17.1,-12.7
9,8183,Brock Purdy,QB,25.8,SF,0.0,0,0,0,0,0,0,0,0,0,0,0,0.0,0,0,0,0,0,0,0.00,0,0,0,0,0.00,0.00,0,0,0,0,0,0,0,0,0.0,0.0,0,0,0,0,0,NA,0,0,NA,NA,NA,NA,0,NA,0,0,NA,NA,NA,NA,NA,0,NA,NA,NA,NA,NA,NA,NA,0,@ NYG,5,OUT,OUT,OUT
9,3294,Dak Prescott,QB,32.2,DAL,18.0,18,18,16.4,16.4,16.4,1,1,1,67,67,0,61.5,159,39,24,13,15,1,77.90,284,5,1,250,6.41,10.42,0,0,0,0,0,0,0,0,0.0,0.0,4,1,1,34,0,NA,34,8.5,100.0%,NA,NA,NA,1,NA,15,43,NA,NA,NA,NA,NA,14,35.9%,2.90,12.8%,31.3%,10.90,NA,48,284,vs ARI,23,·,22.7,-6.3
9,5859,A.J. Brown,WR,28.2,PHI,0.0,0,0,0,0,0,0,0,0,0,0,0,0.0,0,0,0,0,0,0,0.00,0,0,0,0,0.00,0.00,0,0,0,0,0,0,0,0,0.0,0.0,0,0,0,0,0,NA,0,0,NA,NA,NA,NA,0,NA,0,0,NA,NA,NA,NA,NA,0,NA,NA,NA,NA,NA,NA,NA,0,BYE,BYE,BYE,BYE,BYE
9,12529,TreVeyon Henderson,RB,22.9,NE,15.0,20,22,12.7,10.7,8.7,1,1,1,68,51,0,0.0,0,0,0,0,0,0,0.00,55,0,0,0,0.00,0.00,4,-2,1,2,0,6,34,32,8.0,5.3,14,0,2,87,0,52,55,3.93,75.0%,6,3.70,0.429,2,0.799,4,20,0.200,4.0,NA,20.7%,NA,0,NA,NA,NA,NA,NA,NA,NA,87,vs ATL,11,·,13.0,-0.3
9,11624,Xavier Worthy,WR,22.4,KC,59.0,58,58,6,4.5,3,1,1,1,60,50,0,0.0,0,0,0,0,0,0,0.00,7,0,0,0,0.00,0.00,3,20,0,1,0,7,3,23,7.7,3.3,1,1,0,30,0,NA,7,7,83.3%,NA,NA,NA,0,NA,1,8,0.125,1.0,32,20.6%,0.72,0,NA,NA,NA,NA,NA,0.031,NA,30,@ BUF,24,·,12.0,-6.0
9,10859,Sam LaPorta,TE,24.7,DET,4.0,4,4,21.7,18.7,15.7,1,1,1,64,64,0,0.0,0,0,0,0,0,0,0.00,0,0,0,0,0.00,0.00,6,40,0,3,1,8,57,97,16.2,12.1,0,0,0,97,0,NA,0,0,100.0%,NA,NA,NA,0,NA,4,8,0.500,4.0,39,21.6%,2.49,0,NA,NA,NA,NA,NA,0.077,NA,97,vs MIN,15,·,12.3,9.4
9,9484,Tucker Kraft,TE,24.9,GB,37.0,38,39,4,3,2,1,1,1,65,32,0,0.0,0,0,0,0,0,0,0.00,0,0,0,0,0.00,0.00,2,12,0,1,0,3,8,20,10.0,6.7,0,0,0,20,0,NA,0,0,49.2%,NA,NA,NA,0,NA,1,3,0.333,1.0,18,8.1%,1.11,0,NA,NA,NA,NA,NA,0.056,NA,20,vs CAR,10,OUT,14.1,-10.1
9,3163,Jared Goff,QB,31.0,DET,15.0,15,15,19.36,19.36,19.36,1,1,1,64,64,0,67.6,143,37,25,9,12,0,108.40,284,5,2,284,7.68,11.36,0,0,0,0,0,0,0,0,0.0,0.0,0,0,0,0,0,NA,0,0,100.0%,NA,NA,NA,0,NA,11,37,NA,NA,NA,NA,NA,11,29.7%,2.44,5.4%,47.6%,6.90,NA,42,284,vs MIN,20,·,20.6,-1.2
9,9756,Jordan Addison,WR,23.7,MIN,47.0,43,38,8.4,7.4,6.4,1,1,1,62,57,0,0.0,0,0,0,0,0,0,0.00,16,0,0,0,0.00,0.00,2,48,0,2,0,4,0,48,24.0,12.0,1,0,1,64,0,NA,16,16,91.9%,NA,NA,NA,1,NA,3,5,0.600,3.0,28,16.0%,1.71,0,NA,NA,NA,NA,NA,0.071,NA,64,@ DET,7,·,11.7,-3.3
9,12530,Travis Hunter,WR,22.4,JAX,999.0,999,999,0,0,0,1,0,0,0,0,0,0.0,0,0,0,0,0,0,0.00,0,0,0,0,0.00,0.00,0,0,0,0,0,0,0,0,0.0,0.0,0,0,0,0,0,NA,0,0,NA,NA,NA,NA,0,NA,0,0,NA,NA,NA,NA,NA,0,NA,NA,NA,NA,NA,NA,NA,0,@ LV,3,IR,IR,IR
9,5870,Daniel Jones,QB,28.3,IND,17.0,17,17,17.08,17.08,17.08,1,1,1,78,78,3,62.0,254,50,31,16,19,3,63.90,346,5,1,342,6.84,11.03,0,0,0,0,0,0,0,0,0.0,0.0,3,0,1,4,1,NA,4,1.33,100.0%,NA,NA,NA,2,NA,19,53,NA,NA,NA,NA,NA,17,34.0%,2.65,2.0%,32.1%,8.50,NA,56,346,@ PIT,4,·,20.3,-3.2
9,7526,Jaylen Waddle,WR,26.8,MIA,25.0,27,29,14.2,11.2,8.2,1,1,1,64,51,0,0.0,0,0,0,0,0,0,0.00,0,0,0,0,0.00,0.00,6,66,0,4,0,9,16,82,13.7,9.1,0,0,0,82,0,NA,0,0,79.7%,NA,NA,NA,0,NA,4,9,0.444,4.0,34,22.5%,2.41,0,NA,NA,NA,NA,NA,0.118,NA,82,vs BAL,2,·,15.4,-1.2
9,6801,Tee Higgins,WR,26.7,CIN,2.0,2,2,33.1,29.6,26.1,1,1,1,68,56,0,0.0,0,0,0,0,0,0,0.00,0,0,0,0,0.00,0.00,7,96,0,4,2,9,25,121,17.3,13.4,0,0,0,121,0,NA,0,0,82.4%,NA,NA,NA,0,NA,6,9,0.667,6.0,42,19.1%,2.88,0,NA,NA,NA,NA,NA,0.095,NA,121,vs CHI,11,·,13.2,19.9
9,9754,Quentin Johnston,WR,24.1,LAC,23.0,19,17,15.3,13.3,11.3,1,1,1,65,44,0,0.0,0,0,0,0,0,0,0.00,0,0,0,0,0.00,0.00,4,42,0,1,1,5,11,53,13.3,10.6,0,0,0,53,0,NA,0,0,67.7%,NA,NA,NA,0,NA,2,5,0.400,2.0,29,17.2%,1.83,0,NA,NA,NA,NA,NA,0.034,NA,53,@ TEN,10,·,11.3,4.0
9,7525,DeVonta Smith,WR,26.9,PHI,0.0,0,0,0,0,0,0,0,0,0,0,0,0.0,0,0,0,0,0,0,0.00,0,0,0,0,0.00,0.00,0,0,0,0,0,0,0,0,0.0,0.0,0,0,0,0,0,NA,0,0,NA,NA,NA,NA,0,NA,0,0,NA,NA,NA,NA,NA,0,NA,NA,NA,NA,NA,NA,NA,0,BYE,BYE,BYE,BYE,BYE
9,5846,DK Metcalf,WR,27.8,PIT,78.0,82,90,2.6,1.6,0.6,1,1,1,62,51,0,0.0,0,0,0,0,0,0,0.00,0,0,0,0,0.00,0.00,2,0,1,0,0,4,6,6,3.0,1.5,0,0,0,6,0,NA,0,0,82.3%,NA,NA,NA,0,NA,0,4,0.000,0.0,33,11.4%,0.18,0,NA,NA,NA,NA,NA,0.000,NA,6,vs IND,4,·,14.3,-11.7
9,9997,Zay Flowers,WR,25.0,BAL,32.0,33,37,11.4,8.9,6.4,1,1,1,56,46,0,0.0,0,0,0,0,0,0,0.00,0,0,0,0,0.00,0.00,5,36,0,2,0,5,28,64,12.8,12.8,0,0,0,64,0,NA,0,0,82.1%,NA,NA,NA,0,NA,2,5,0.400,2.0,24,21.7%,2.67,0,NA,NA,NA,NA,NA,0.083,NA,64,@ MIA,26,·,15.3,-3.9
9,12522,Cam Ward,QB,23.3,TEN,26.0,26,26,6.4,6.4,6.4,1,1,1,47,47,2,57.1,60,21,12,7,9,0,78.50,151,4,0,145,6.90,12.08,0,0,0,0,0,0,0,0,0.0,0.0,2,0,0,6,0,NA,6,3,100.0%,NA,NA,NA,0,NA,7,23,NA,NA,NA,NA,NA,7,33.3%,3.09,14.3%,42.3%,8.60,NA,26,151,vs LAC,24,·,14.9,-8.5
9,11638,Ricky Pearsall,WR,25.0,SF,999.0,999,999,0,0,0,0,0,0,66,0,0,0.0,0,0,0,0,0,0,0.00,0,0,0,0,0.00,0.00,0,0,0,0,0,0,0,0,0.0,0.0,0,0,0,0,0,NA,0,0,0.0%,NA,NA,NA,0,NA,0,0,NA,NA,NA,NA,NA,0,NA,NA,NA,NA,NA,NA,NA,0,@ NYG,5,OUT,OUT,OUT
9,8144,Chris Olave,WR,25.2,NO,44.0,44,43,8.7,7.2,5.7,1,1,1,41,36,0,0.0,0,0,0,0,0,0,0.00,0,0,0,0,0.00,0.00,3,49,0,2,0,4,8,57,19.0,14.3,0,0,0,57,0,NA,0,0,87.8%,NA,NA,NA,0,NA,2,4,0.500,2.0,23,16.0%,2.48,0,NA,NA,NA,NA,NA,0.087,NA,57,@ LAR,15,·,14.8,-6.1
9,11559,Michael Penix Jr.,QB,25.4,ATL,11.0,11,11,22.74,22.74,22.74,1,1,1,56,56,1,59.5,168,37,22,10,15,0,103.50,240,1,3,221,5.97,10.05,0,0,0,0,0,0,0,0,0.0,0.0,2,0,1,19,0,NA,19,9.5,100.0%,NA,NA,NA,1,NA,14,39,NA,NA,NA,NA,NA,13,35.1%,2.87,16.2%,35.0%,9.60,NA,40,240,@ NE,25,·,17.2,5.5
9,8151,Kenneth Walker III,RB,24.9,SEA,27.0,28,29,8.1,7.1,6.1,1,1,1,51,29,0,0.0,0,0,0,0,0,0,0.00,42,0,0,0,0.00,0.00,2,2,0,1,0,2,17,19,9.5,9.5,11,1,2,61,0,37,42,3.82,56.9%,3,3.40,0.273,2,0.613,3,13,0.231,3.0,NA,8.3%,NA,0,NA,NA,NA,NA,NA,NA,NA,61,@ WAS,15,·,11.4,-3.3
9,12501,Matthew Golden,WR,22.2,GB,75.0,80,81,2.9,1.9,0.9,1,1,0,65,24,0,0.0,0,0,0,0,0,0,0.00,0,0,0,0,0.00,0.00,2,0,0,0,0,3,9,9,4.5,3.0,0,0,0,9,0,NA,0,0,36.9%,NA,NA,NA,0,NA,0,3,0.000,0.0,15,8.1%,0.60,0,NA,NA,NA,NA,NA,0.000,NA,9,vs CAR,31,OUT,7.3,-4.4
9,5849,Kyler Murray,QB,28.1,ARI,0.0,0,0,0,0,0,0,0,0,0,0,0,0.0,0,0,0,0,0,0,0.00,0,0,0,0,0.00,0.00,0,0,0,0,0,0,0,0,0.0,0.0,0,0,0,0,0,NA,0,0,NA,NA,NA,NA,0,NA,0,0,NA,NA,NA,NA,NA,0,NA,NA,NA,NA,NA,NA,NA,0,@ DAL,1,Q,Q,Q
9,11565,J.J. McCarthy,QB,22.7,MIN,13.0,13,13,19.92,19.92,19.92,1,1,1,62,62,1,56.0,110,25,14,6,11,1,82.60,155,5,2,143,5.72,10.21,0,0,0,0,0,0,0,0,0.0,0.0,9,0,0,12,1,NA,12,1.33,100.0%,NA,NA,NA,1,NA,9,34,NA,NA,NA,NA,NA,8,32.0%,3.07,16.0%,58.1%,10.40,NA,31,155,@ DET,11,·,18.6,1.3
9,7588,Javonte Williams,RB,25.4,DAL,31.0,29,27,7.3,6.8,6.3,1,1,1,67,58,1,0.0,0,0,0,0,0,0,0.00,83,0,0,0,0.00,0.00,1,2,0,0,0,1,-2,0,0.0,0.0,15,3,6,83,0,83,83,5.53,86.6%,7,5.50,0.467,6,1.017,6,16,0.375,6.0,NA,2.6%,NA,0,NA,NA,NA,NA,NA,NA,NA,83,vs ARI,13,·,18.3,-11.0
9,7523,Trevor Lawrence,QB,26.0,JAX,12.0,12,12,22.2,22.2,22.2,1,1,1,80,80,0,67.7,130,34,23,9,11,1,73.20,244,1,0,220,6.47,9.57,0,0,0,0,0,0,0,0,0.0,0.0,9,0,2,24,2,NA,24,2.67,100.0%,NA,NA,NA,4,NA,13,43,NA,NA,NA,NA,NA,9,26.5%,2.85,8.8%,23.1%,8.50,NA,39,244,@ LV,17,·,19.1,3.1
9,8148,Jameson Williams,WR,24.5,DET,19.0,14,12,16.6,14.6,12.6,1,1,1,64,58,0,0.0,0,0,0,0,0,0,0.00,0,0,0,0,0.00,0.00,4,44,1,2,1,6,22,66,16.5,11.0,0,0,0,66,0,NA,0,0,90.6%,NA,NA,NA,0,NA,3,6,0.500,3.0,39,16.2%,1.69,0,NA,NA,NA,NA,NA,0.051,NA,66,vs MIN,25,·,11.3,5.3
9,4943,Sam Darnold,QB,28.3,SEA,5.0,5,5,28.2,28.2,28.2,1,1,1,51,48,0,87.5,185,24,21,9,3,1,141.00,330,0,4,330,13.75,15.71,0,0,0,0,0,0,0,0,0.0,0.0,0,0,0,0,0,NA,0,0,94.1%,NA,NA,NA,0,NA,13,24,NA,NA,NA,NA,NA,13,54.2%,2.84,8.3%,12.5%,8.40,NA,24,330,@ WAS,7,·,20.3,7.9
9,12533,Jacory Croskey-Merritt,RB,24.5,WAS,39.0,38,37,5.1,4.6,4.1,1,1,1,65,30,0,0.0,0,0,0,0,0,0,0.00,38,0,0,0,0.00,0.00,1,2,0,0,0,1,1,3,3.0,3.0,12,0,0,41,0,48,38,3.17,46.2%,5,4.00,0.417,0,0.817,0,13,0.000,0.0,NA,4.5%,NA,0,NA,NA,NA,NA,NA,NA,NA,41,vs SEA,17,·,12.0,-6.9
9,12489,RJ Harvey,RB,24.6,DEN,11.0,9,11,16.6,14.1,11.6,1,1,0,63,20,0,0.0,0,0,0,0,0,0,0.00,5,0,0,0,0.00,0.00,5,7,0,1,1,5,44,51,10.2,10.2,2,0,0,56,0,3,5,2.5,31.7%,4,1.50,2.000,0,2.150,2,7,0.286,2.0,NA,13.5%,NA,0,NA,NA,NA,NA,NA,NA,NA,56,@ HOU,24,·,6.7,9.9
9,7543,Travis Etienne,RB,26.7,JAX,12.0,10,13,16.5,14,11.5,1,1,1,80,46,1,0.0,0,0,0,0,0,0,0.00,84,0,0,0,0.00,0.00,5,-2,0,1,0,5,33,31,6.2,6.2,22,1,6,115,0,99,84,3.82,57.5%,11,4.50,0.500,6,0.950,7,27,0.259,7.0,NA,14.7%,NA,0,NA,NA,NA,NA,NA,NA,NA,115,@ LV,16,·,12.4,4.1
9,3198,Derrick Henry,RB,31.7,BAL,14.0,14,10,13.1,12.6,12.1,1,1,1,56,36,0,0.0,0,0,0,0,0,0,0.00,119,0,0,0,0.00,0.00,1,1,0,0,0,1,1,2,2.0,2.0,19,0,3,121,0,118,119,6.26,64.3%,2,6.20,0.105,3,0.725,3,20,0.150,3.0,NA,4.3%,NA,0,NA,NA,NA,NA,NA,NA,NA,121,@ MIA,4,·,18.0,-4.9
9,9224,Chase Brown,RB,25.5,CIN,6.0,8,15,19.2,15.2,11.2,1,1,1,68,65,0,0.0,0,0,0,0,0,0,0.00,37,0,0,0,0.00,0.00,8,5,2,4,0,14,70,75,9.4,5.4,11,0,3,112,0,33,37,3.36,95.6%,6,3.00,0.545,3,0.845,7,25,0.280,7.0,NA,29.8%,NA,0,NA,NA,NA,NA,NA,NA,NA,112,vs CHI,10,·,13.1,6.1
9,8110,Jake Ferguson,TE,26.7,DAL,24.0,26,31,8,5.5,3,1,1,1,67,60,1,0.0,0,0,0,0,0,0,0.00,0,0,0,0,0.00,0.00,5,25,1,2,0,7,25,50,10.0,7.1,0,0,0,50,0,NA,0,0,89.6%,NA,NA,NA,0,NA,2,7,0.286,2.0,37,17.9%,1.35,0,NA,NA,NA,NA,NA,0.054,NA,50,vs ARI,7,·,11.6,-3.6
9,5045,Courtland Sutton,WR,30.0,DEN,36.0,30,26,10,9.5,9,1,1,1,63,58,0,0.0,0,0,0,0,0,0,0.00,0,0,0,0,0.00,0.00,1,27,1,0,1,6,3,30,30.0,5.0,0,0,0,30,0,NA,0,0,92.1%,NA,NA,NA,0,NA,1,6,0.167,1.0,34,16.2%,0.88,0,NA,NA,NA,NA,NA,0.000,NA,30,@ HOU,30,·,12.9,-2.9
9,12506,Harold Fannin,TE,21.2,CLE,0.0,0,0,0,0,0,0,0,0,0,0,0,0.0,0,0,0,0,0,0,0.00,0,0,0,0,0.00,0.00,0,0,0,0,0,0,0,0,0.0,0.0,0,0,0,0,0,NA,0,0,NA,NA,NA,NA,0,NA,0,0,NA,NA,NA,NA,NA,0,NA,NA,NA,NA,NA,NA,NA,0,BYE,BYE,BYE,BYE,BYE
9,4217,George Kittle,TE,32.0,SF,28.0,30,33,6.9,4.9,2.9,1,1,1,66,57,0,0.0,0,0,0,0,0,0,0.00,-3,0,0,0,0.00,0.00,4,21,0,2,0,4,11,32,8.0,8.0,1,0,0,29,0,NA,-3,-3,86.4%,NA,NA,NA,0,NA,2,5,0.400,2.0,17,16.7%,1.88,0,NA,NA,NA,NA,NA,0.118,NA,29,@ NYG,17,·,14.5,-7.6
9,2133,Davante Adams,WR,32.8,LAR,3.0,4,4,23,20.5,18,1,1,1,80,48,0,0.0,0,0,0,0,0,0,0.00,0,0,0,0,0.00,0.00,5,52,0,3,2,7,8,60,12.0,8.6,0,0,0,60,0,NA,0,0,60.0%,NA,NA,NA,0,NA,5,7,0.714,5.0,27,21.9%,2.22,0,NA,NA,NA,NA,NA,0.111,NA,60,vs NO,22,·,14.7,8.3
9,12517,Colston Loveland,TE,21.5,CHI,2.0,2,2,29.8,26.8,23.8,1,1,1,80,65,0,0.0,0,0,0,0,0,0,0.00,0,0,0,0,0.00,0.00,6,61,0,2,2,7,57,118,19.7,16.9,0,0,0,118,0,NA,0,0,81.3%,NA,NA,NA,0,NA,4,7,0.571,4.0,30,18.9%,3.93,0,NA,NA,NA,NA,NA,0.067,NA,118,@ CIN,1,·,6.7,23.1
9,12519,Luther Burden,WR,21.8,CHI,0.0,0,0,0,0,0,0,0,0,0,0,0,0.0,0,0,0,0,0,0,0.00,0,0,0,0,0.00,0.00,0,0,0,0,0,0,0,0,0.0,0.0,0,0,0,0,0,NA,0,0,NA,NA,NA,NA,0,NA,0,0,NA,NA,NA,NA,NA,0,NA,NA,NA,NA,NA,NA,NA,0,@ CIN,20,OUT,OUT,OUT
9,9228,Bryce Young,QB,24.2,CAR,29.0,29,29,3.98,3.98,3.98,1,1,1,58,58,1,55.0,79,20,11,6,9,1,48.30,111,1,0,102,5.10,9.27,0,0,0,0,0,0,0,0,0.0,0.0,2,1,2,9,0,NA,9,4.5,100.0%,NA,NA,NA,2,NA,8,22,NA,NA,NA,NA,NA,6,30.0%,2.80,5.0%,39.1%,6.60,NA,23,111,@ GB,14,·,16.6,-12.6
9,8408,Jordan Mason,RB,26.4,MIN,40.0,41,39,4.7,4.2,3.7,1,1,0,62,37,0,0.0,0,0,0,0,0,0,0.00,36,0,0,0,0.00,0.00,1,0,0,0,0,1,1,1,1.0,1.0,10,0,1,37,0,24,36,3.6,59.7%,4,2.40,0.400,1,0.640,1,11,0.091,1.0,NA,4.0%,NA,0,NA,NA,NA,NA,NA,NA,NA,37,@ DET,29,·,8.4,-3.7
9,6819,Michael Pittman,WR,28.0,IND,9.0,11,16,20.5,16,11.5,1,1,1,78,69,0,0.0,0,0,0,0,0,0,0.00,0,0,0,0,0.00,0.00,9,95,0,6,0,12,20,115,12.8,9.6,0,0,0,115,0,NA,0,0,88.5%,NA,NA,NA,0,NA,6,12,0.500,6.0,50,24.0%,2.30,0,NA,NA,NA,NA,NA,0.120,NA,115,@ PIT,6,·,14.3,6.2
9,8228,Jaylen Warren,RB,26.9,PIT,9.0,7,7,16.9,15.9,14.9,1,1,1,62,35,0,0.0,0,0,0,0,0,0,0.00,31,0,0,0,0.00,0.00,2,-7,0,0,0,2,5,-2,-1.0,-1.0,16,0,1,29,2,37,31,1.94,56.5%,2,2.30,0.125,3,0.355,3,18,0.167,3.0,NA,5.7%,NA,0,NA,NA,NA,NA,NA,NA,NA,29,vs IND,26,·,15.1,1.8
9,10236,Dalton Kincaid,TE,25.9,BUF,3.0,3,3,22.1,19.1,16.1,1,1,0,66,23,0,0.0,0,0,0,0,0,0,0.00,0,0,0,0,0.00,0.00,6,48,0,3,1,6,53,101,16.8,16.8,0,0,0,101,0,NA,0,0,34.8%,NA,NA,NA,0,NA,4,6,0.667,4.0,16,23.1%,6.31,0,NA,NA,NA,NA,NA,0.188,NA,101,vs KC,29,·,10.8,11.3
9,5892,David Montgomery,RB,28.3,DET,21.0,21,21,11,10,9,1,1,0,64,24,1,0.0,0,0,0,0,0,0,0.00,40,0,0,0,0.00,0.00,2,-6,0,1,0,4,16,10,5.0,2.5,11,0,2,50,1,29,40,3.64,37.5%,4,2.60,0.364,3,0.624,4,15,0.267,4.0,NA,10.8%,NA,0,NA,NA,NA,NA,NA,NA,NA,50,vs MIN,21,·,11.4,-0.4
9,11589,Trey Benson,RB,23.2,ARI,999.0,999,999,0,0,0,1,0,0,0,0,0,0.0,0,0,0,0,0,0,0.00,0,0,0,0,0.00,0.00,0,0,0,0,0,0,0,0,0.0,0.0,0,0,0,0,0,NA,0,0,NA,NA,NA,NA,0,NA,0,0,NA,NA,NA,NA,NA,0,NA,NA,NA,NA,NA,NA,NA,0,@ DAL,5,IR,IR,IR
9,9753,Zach Charbonnet,RB,24.7,SEA,38.0,37,35,5.6,5.1,4.6,1,1,0,51,18,0,0.0,0,0,0,0,0,0,0.00,25,0,0,0,0.00,0.00,1,5,0,1,0,1,16,21,21.0,21.0,8,0,1,46,0,22,25,3.13,35.3%,3,2.70,0.375,1,0.645,2,9,0.222,2.0,NA,4.2%,NA,0,NA,NA,NA,NA,NA,NA,NA,46,@ WAS,15,·,11.1,-5.5
9,7553,Kyle Pitts,TE,25.0,ATL,25.0,25,26,7.8,5.8,3.8,1,1,1,56,53,0,0.0,0,0,0,0,0,0,0.00,0,0,0,0,0.00,0.00,4,34,0,1,0,7,4,38,9.5,5.4,0,0,0,38,0,NA,0,0,94.6%,NA,NA,NA,0,NA,1,7,0.143,1.0,36,18.9%,1.06,0,NA,NA,NA,NA,NA,0.028,NA,38,@ NE,6,·,10.4,-2.6
9,7594,Chuba Hubbard,RB,26.3,CAR,56.0,51,48,1.7,1.7,1.7,1,1,0,58,13,0,0.0,0,0,0,0,0,0,0.00,17,0,0,0,0.00,0.00,0,0,1,0,0,1,0,0,0.0,0.0,5,0,1,17,0,13,17,3.4,22.4%,0,2.50,0.000,1,0.250,1,6,0.167,1.0,NA,5.0%,NA,0,NA,NA,NA,NA,NA,NA,NA,17,@ GB,30,·,7.1,-5.4
9,5927,Terry McLaurin,WR,30.0,WAS,0.0,0,0,0,0,0,0,0,0,0,0,0,0.0,0,0,0,0,0,0,0.00,0,0,0,0,0.00,0.00,0,0,0,0,0,0,0,0,0.0,0.0,0,0,0,0,0,NA,0,0,NA,NA,NA,NA,0,NA,0,0,NA,NA,NA,NA,NA,0,NA,NA,NA,NA,NA,NA,NA,0,vs SEA,12,OUT,OUT,OUT
9,6806,J.K. Dobbins,RB,26.8,DEN,33.0,31,30,6.9,6.4,5.9,1,1,1,63,29,0,0.0,0,0,0,0,0,0,0.00,61,0,0,0,0.00,0.00,1,-2,0,0,0,1,0,-2,-2.0,-2.0,15,1,3,59,0,30,61,4.07,46.0%,3,2.00,0.200,3,0.400,3,16,0.188,3.0,NA,2.7%,NA,0,NA,NA,NA,NA,NA,NA,NA,59,@ HOU,24,·,12.3,-5.4
9,7021,Rico Dowdle,RB,27.3,CAR,2.0,2,2,28.1,27.1,26.1,1,1,1,58,42,0,0.0,0,0,0,0,0,0,0.00,130,0,0,0,0.00,0.00,2,0,1,1,0,3,11,11,5.5,3.7,25,3,5,141,2,85,130,5.2,72.4%,3,3.40,0.120,7,0.460,8,28,0.286,8.0,NA,15.0%,NA,0,NA,NA,NA,NA,NA,NA,NA,141,@ GB,30,·,10.5,17.6
9,11637,Keon Coleman,WR,22.4,BUF,67.0,67,71,3.7,2.7,1.7,1,1,1,66,45,0,0.0,0,0,0,0,0,0,0.00,0,0,0,0,0.00,0.00,2,10,0,1,0,2,7,17,8.5,8.5,0,0,0,17,0,NA,0,0,68.2%,NA,NA,NA,0,NA,1,2,0.500,1.0,21,7.7%,0.81,0,NA,NA,NA,NA,NA,0.048,NA,17,vs KC,29,·,9.3,-5.6
9,6790,D'Andre Swift,RB,26.7,CHI,0.0,0,0,0,0,0,0,0,0,0,0,0,0.0,0,0,0,0,0,0,0.00,0,0,0,0,0.00,0.00,0,0,0,0,0,0,0,0,0.0,0.0,0,0,0,0,0,NA,0,0,NA,NA,NA,NA,0,NA,0,0,NA,NA,NA,NA,NA,0,NA,NA,NA,NA,NA,NA,NA,0,@ CIN,1,OUT,OUT,OUT
9,4983,D.J. Moore,WR,28.4,CHI,4.0,3,3,22.98,20.98,18.98,1,1,1,80,68,0,100.0,2,1,1,0,0,0,118.80,19,0,1,2,2.00,2.00,4,41,0,4,0,6,31,72,18.0,12.0,1,1,0,89,1,NA,17,17,85.0%,NA,NA,NA,1,NA,6,8,0.750,6.0,32,16.2%,2.25,1,100.0%,NA,NA,NA,NA,0.125,NA,91,@ CIN,20,·,11.0,12.0
9,12474,Woody Marks,RB,24.8,HOU,47.0,45,44,2.7,2.7,2.7,1,1,0,73,35,0,0.0,0,0,0,0,0,0,0.00,27,0,0,0,0.00,0.00,0,0,1,0,0,3,0,0,0.0,0.0,10,1,0,27,0,26,27,2.7,47.9%,3,2.60,0.300,0,0.560,0,13,0.000,0.0,NA,7.5%,NA,0,NA,NA,NA,NA,NA,NA,NA,27,vs DEN,22,·,10.8,-8.1
9,5872,Deebo Samuel,WR,29.7,WAS,38.0,47,50,9.4,6.9,4.4,1,1,1,65,44,0,0.0,0,0,0,0,0,0,0.00,3,0,0,0,0.00,0.00,5,3,0,1,0,6,38,41,8.2,6.8,1,0,0,44,0,NA,3,3,67.7%,NA,NA,NA,0,NA,1,7,0.143,1.0,19,27.3%,2.16,0,NA,NA,NA,NA,NA,0.053,NA,44,vs SEA,12,·,14.0,-4.6
9,12499,Elic Ayomanor,WR,22.3,TEN,50.0,51,48,7.6,6.1,4.6,1,1,1,47,30,0,0.0,0,0,0,0,0,0,0.00,0,0,0,0,0.00,0.00,3,28,1,3,0,6,18,46,15.3,7.7,0,0,0,46,0,NA,0,0,63.8%,NA,NA,NA,0,NA,3,6,0.500,3.0,17,28.6%,2.71,0,NA,NA,NA,NA,NA,0.176,NA,46,vs LAC,27,·,8.8,-1.2
9,7591,Justin Fields,QB,26.6,NYJ,0.0,0,0,0,0,0,0,0,0,0,0,0,0.0,0,0,0,0,0,0,0.00,0,0,0,0,0.00,0.00,0,0,0,0,0,0,0,0,0.0,0.0,0,0,0,0,0,NA,0,0,NA,NA,NA,NA,0,NA,0,0,NA,NA,NA,NA,NA,0,NA,NA,NA,NA,NA,NA,NA,0,BYE,BYE,BYE,BYE,BYE
9,12490,Bhayshul Tuten,RB,22.6,JAX,24.0,23,23,9.6,9.1,8.6,1,1,0,80,20,0,0.0,0,0,0,0,0,0,0.00,29,0,0,0,0.00,0.00,1,-6,0,0,0,1,3,-3,-3.0,-3.0,9,0,3,26,1,37,29,3.22,25.0%,2,4.10,0.222,4,0.632,4,10,0.400,4.0,NA,2.9%,NA,0,NA,NA,NA,NA,NA,NA,NA,26,@ LV,16,·,6.6,3.0
9,9500,Josh Downs,WR,24.1,IND,21.0,21,23,15.7,12.7,9.7,1,1,0,78,52,1,0.0,0,0,0,0,0,0,0.00,0,0,0,0,0.00,0.00,6,42,0,4,1,9,15,57,9.5,6.3,0,0,0,57,0,NA,0,0,66.7%,NA,NA,NA,0,NA,5,9,0.556,5.0,39,18.0%,1.46,0,NA,NA,NA,NA,NA,0.103,NA,57,@ PIT,6,·,9.7,6.0
9,2216,Mike Evans,WR,32.1,TB,0.0,0,0,0,0,0,0,0,0,0,0,0,0.0,0,0,0,0,0,0,0.00,0,0,0,0,0.00,0.00,0,0,0,0,0,0,0,0,0.0,0.0,0,0,0,0,0,NA,0,0,NA,NA,NA,NA,0,NA,0,0,NA,NA,NA,NA,NA,0,NA,NA,NA,NA,NA,NA,NA,0,BYE,BYE,BYE,BYE,BYE
9,4035,Alvin Kamara,RB,30.2,NO,60.0,65,66,0.7,0.2,-0.3,1,1,1,41,24,1,0.0,0,0,0,0,0,0,0.00,14,0,0,0,0.00,0.00,1,-6,0,0,0,3,9,3,3.0,1.0,6,2,0,17,0,23,14,2.33,58.5%,3,3.90,0.500,0,0.890,0,9,0.000,0.0,NA,12.0%,NA,0,NA,NA,NA,NA,NA,NA,NA,17,@ LAR,31,·,10.8,-10.1
9,421,Matthew Stafford,QB,37.6,LAR,8.0,8,8,26.84,26.84,26.84,1,1,1,80,80,0,75.0,176,32,24,10,8,0,140.80,277,2,4,281,8.78,11.71,0,0,0,0,0,0,0,0,0.0,0.0,4,0,0,-4,0,NA,-4,-1,100.0%,NA,NA,NA,0,NA,14,36,NA,NA,NA,NA,NA,14,43.8%,2.76,12.5%,23.5%,10.10,NA,34,277,vs NO,16,·,18.9,7.9
9,12484,Jayden Higgins,WR,22.8,HOU,92.0,92,93,1.4,0.9,0.4,1,1,0,73,35,0,0.0,0,0,0,0,0,0,0.00,0,0,0,0,0.00,0.00,1,4,0,0,0,1,0,4,4.0,4.0,0,0,0,4,0,NA,0,0,47.9%,NA,NA,NA,0,NA,0,1,0.000,0.0,17,2.5%,0.24,0,NA,NA,NA,NA,NA,0.000,NA,4,vs DEN,32,·,3.9,-2.5
9,8134,Khalil Shakir,WR,25.6,BUF,33.0,40,52,11.3,7.8,4.3,1,1,1,66,40,0,0.0,0,0,0,0,0,0,0.00,0,0,0,0,0.00,0.00,7,-11,0,3,0,8,54,43,6.1,5.4,0,0,0,43,0,NA,0,0,60.6%,NA,NA,NA,0,NA,3,8,0.375,3.0,22,30.8%,1.95,0,NA,NA,NA,NA,NA,0.136,NA,43,vs KC,29,·,13.6,-2.3
9,6803,Brandon Aiyuk,WR,27.5,SF,999.0,999,999,0,0,0,1,0,0,0,0,0,0.0,0,0,0,0,0,0,0.00,0,0,0,0,0.00,0.00,0,0,0,0,0,0,0,0,0.0,0.0,0,0,0,0,0,NA,0,0,NA,NA,NA,NA,0,NA,0,0,NA,NA,NA,NA,NA,0,NA,NA,NA,NA,NA,NA,NA,0,@ NYG,5,PUP,PUP,PUP
9,12498,Mason Taylor,TE,21.4,NYJ,0.0,0,0,0,0,0,0,0,0,0,0,0,0.0,0,0,0,0,0,0,0.00,0,0,0,0,0.00,0.00,0,0,0,0,0,0,0,0,0.0,0.0,0,0,0,0,0,NA,0,0,NA,NA,NA,NA,0,NA,0,0,NA,NA,NA,NA,NA,0,NA,NA,NA,NA,NA,NA,NA,0,BYE,BYE,BYE,BYE,BYE
9,10222,Jayden Reed,WR,25.4,GB,999.0,999,999,0,0,0,1,0,0,0,0,0,0.0,0,0,0,0,0,0,0.00,0,0,0,0,0.00,0.00,0,0,0,0,0,0,0,0,0.0,0.0,0,0,0,0,0,NA,0,0,NA,NA,NA,NA,0,NA,0,0,NA,NA,NA,NA,NA,0,NA,NA,NA,NA,NA,NA,NA,0,vs CAR,31,IR,IR,IR
9,5844,T.J. Hockenson,TE,28.2,MIN,20.0,18,17,9.1,8.1,7.1,1,1,1,62,48,0,0.0,0,0,0,0,0,0,0.00,0,0,0,0,0.00,0.00,2,11,1,0,1,3,0,11,5.5,3.7,0,0,0,11,0,NA,0,0,77.4%,NA,NA,NA,0,NA,1,3,0.333,1.0,23,12.0%,0.48,0,NA,NA,NA,NA,NA,0.000,NA,11,@ DET,18,·,8.8,0.3
9,6783,Jerry Jeudy,WR,26.4,CLE,0.0,0,0,0,0,0,0,0,0,0,0,0,0.0,0,0,0,0,0,0,0.00,0,0,0,0,0.00,0.00,0,0,0,0,0,0,0,0,0.0,0.0,0,0,0,0,0,NA,0,0,NA,NA,NA,NA,0,NA,0,0,NA,NA,NA,NA,NA,0,NA,NA,NA,NA,NA,NA,NA,0,BYE,BYE,BYE,BYE,BYE
9,8126,Wan'Dale Robinson,WR,24.7,NYG,28.0,32,49,13.6,9.1,4.6,1,1,1,57,57,0,0.0,0,0,0,0,0,0,0.00,0,0,0,0,0.00,0.00,9,33,0,1,0,11,13,46,5.1,4.2,0,0,0,46,0,NA,0,0,100.0%,NA,NA,NA,0,NA,1,11,0.091,1.0,35,33.3%,1.31,0,NA,NA,NA,NA,NA,0.029,NA,46,vs SF,17,·,13.7,-0.1
9,8121,Romeo Doubs,WR,25.5,GB,20.0,22,24,16.1,12.6,9.1,1,1,1,65,60,0,0.0,0,0,0,0,0,0,0.00,0,0,0,0,0.00,0.00,7,79,0,5,0,10,12,91,13.0,9.1,0,0,0,91,0,NA,0,0,92.3%,NA,NA,NA,0,NA,5,10,0.500,5.0,35,27.0%,2.60,0,NA,NA,NA,NA,NA,0.143,NA,91,vs CAR,31,·,10.6,5.5
9,5947,Jakobi Meyers,WR,28.9,LV,55.0,61,63,6.3,4.3,2.3,1,1,0,64,57,0,0.0,0,0,0,0,0,0,0.00,0,0,0,0,0.00,0.00,4,11,0,1,0,6,12,23,5.8,3.8,0,0,0,23,0,NA,0,0,89.1%,NA,NA,NA,0,NA,1,6,0.167,1.0,39,15.4%,0.59,0,NA,NA,NA,NA,NA,0.026,NA,23,vs JAX,8,·,11.5,-5.2
9,12504,Kaleb Johnson,RB,22.1,PIT,51.0,50,51,2.3,1.8,1.3,1,1,0,62,5,0,0.0,0,0,0,0,0,0,0.00,4,0,0,0,0.00,0.00,1,-5,0,0,0,1,14,9,9.0,9.0,1,0,0,13,0,4,4,4,8.1%,0,3.60,0.000,0,0.360,0,2,0.000,0.0,NA,2.9%,NA,0,NA,NA,NA,NA,NA,NA,NA,13,vs IND,26,·,0.8,1.5
9,12497,Tory Horton,WR,22.8,SEA,8.0,7,5,20.8,18.8,16.8,1,1,1,51,37,0,0.0,0,0,0,0,0,0,0.00,0,0,0,0,0.00,0.00,4,42,0,1,2,4,6,48,12.0,12.0,0,0,0,48,0,NA,0,0,72.5%,NA,NA,NA,0,NA,3,4,0.750,3.0,20,16.7%,2.40,0,NA,NA,NA,NA,NA,0.050,NA,48,@ WAS,9,·,9.3,11.5
9,11627,Troy Franklin,WR,22.6,DEN,48.0,50,51,8.3,6.3,4.3,1,1,1,63,50,0,0.0,0,0,0,0,0,0,0.00,-4,0,0,0,0.00,0.00,4,23,0,1,0,10,4,27,6.8,2.7,2,0,1,23,0,NA,-4,-2,79.4%,NA,NA,NA,1,NA,2,12,0.167,2.0,34,27.0%,0.79,0,NA,NA,NA,NA,NA,0.029,NA,23,@ HOU,30,·,9.9,-1.6
9,8676,Rashid Shaheed,WR,27.1,NO,31.0,31,35,11.8,9.3,6.8,1,1,1,41,34,0,0.0,0,0,0,0,0,0,0.00,0,0,0,0,0.00,0.00,5,56,0,3,0,9,12,68,13.6,7.6,0,0,0,68,0,NA,0,0,82.9%,NA,NA,NA,0,NA,3,9,0.333,3.0,22,36.0%,3.09,0,NA,NA,NA,NA,NA,0.136,NA,68,@ LAR,15,·,11.1,0.7
9,4037,Chris Godwin,WR,29.6,TB,0.0,0,0,0,0,0,0,0,0,0,0,0,0.0,0,0,0,0,0,0,0.00,0,0,0,0,0.00,0.00,0,0,0,0,0,0,0,0,0.0,0.0,0,0,0,0,0,NA,0,0,NA,NA,NA,NA,0,NA,0,0,NA,NA,NA,NA,NA,0,NA,NA,NA,NA,NA,NA,NA,0,BYE,BYE,BYE,BYE,BYE
9,12495,Ollie Gordon,RB,21.7,MIA,54.0,55,54,1.9,1.4,0.9,1,1,1,64,13,0,0.0,0,0,0,0,0,0,0.00,6,0,0,0,0.00,0.00,1,-4,0,0,0,1,7,3,3.0,3.0,2,0,0,9,0,8,6,3,20.3%,1,4.20,0.500,0,0.920,0,3,0.000,0.0,NA,2.5%,NA,0,NA,NA,NA,NA,NA,NA,NA,9,vs BAL,2,Q,4.7,-2.8
9,5967,Tony Pollard,RB,28.4,TEN,28.0,27,26,7.8,7.3,6.8,1,1,1,47,29,0,0.0,0,0,0,0,0,0,0.00,56,0,0,0,0.00,0.00,1,6,0,1,0,2,6,12,12.0,6.0,10,2,3,68,0,35,56,5.6,61.7%,3,3.50,0.300,3,0.650,4,12,0.333,4.0,NA,9.5%,NA,0,NA,NA,NA,NA,NA,NA,NA,68,vs LAC,18,·,8.7,-0.9
9,12535,Isaac TeSlaa,WR,23.6,DET,999.0,999,999,0,0,0,1,1,0,64,3,0,0.0,0,0,0,0,0,0,0.00,0,0,0,0,0.00,0.00,0,0,0,0,0,0,0,0,0.0,0.0,0,0,0,0,0,NA,0,0,4.7%,NA,NA,NA,0,NA,0,0,NA,0.0,2,0.0%,0.00,0,NA,NA,NA,NA,NA,0.000,NA,0,vs MIN,25,·,5.6,-5.6
9,9504,Kayshon Boutte,WR,23.4,NE,999.0,999,999,0,0,0,1,1,1,68,18,0,0.0,0,0,0,0,0,0,0.00,0,0,0,0,0.00,0.00,0,0,0,0,0,1,0,0,0.0,0.0,0,0,0,0,0,NA,0,0,26.5%,NA,NA,NA,0,NA,0,1,0.000,0.0,11,3.4%,0.00,0,NA,NA,NA,NA,NA,0.000,NA,0,vs ATL,28,OUT,10.2,-10.2
9,6768,Tua Tagovailoa,QB,27.6,MIA,25.0,25,25,9.54,9.54,9.54,1,1,1,64,64,0,62.5,120,40,25,12,15,1,70.90,262,2,0,261,6.53,10.44,0,0,0,0,0,0,0,0,0.0,0.0,1,0,0,1,0,NA,1,1,100.0%,NA,NA,NA,0,NA,12,41,NA,NA,NA,NA,NA,12,30.0%,2.26,2.5%,14.0%,6.50,NA,43,262,vs BAL,2,·,17.9,-8.4
9,9480,Brenton Strange,TE,24.8,JAX,999.0,999,999,0,0,0,1,0,0,0,0,0,0.0,0,0,0,0,0,0,0.00,0,0,0,0,0.00,0.00,0,0,0,0,0,0,0,0,0.0,0.0,0,0,0,0,0,NA,0,0,NA,NA,NA,NA,0,NA,0,0,NA,NA,NA,NA,NA,0,NA,NA,NA,NA,NA,NA,NA,0,@ LV,26,IR,IR,IR
9,4033,David Njoku,TE,29.2,CLE,0.0,0,0,0,0,0,0,0,0,0,0,0,0.0,0,0,0,0,0,0,0.00,0,0,0,0,0.00,0.00,0,0,0,0,0,0,0,0,0.0,0.0,0,0,0,0,0,NA,0,0,NA,NA,NA,NA,0,NA,0,0,NA,NA,NA,NA,NA,0,NA,NA,NA,NA,NA,NA,NA,0,BYE,BYE,BYE,BYE,BYE
9,8131,Isaiah Likely,TE,25.4,BAL,21.0,19,19,9,7.5,6,1,1,0,56,33,0,0.0,0,0,0,0,0,0,0.00,0,0,0,0,0.00,0.00,3,32,0,3,0,4,28,60,20.0,15.0,0,0,0,60,0,NA,0,0,58.9%,NA,NA,NA,0,NA,3,4,0.750,3.0,13,17.4%,4.62,0,NA,NA,NA,NA,NA,0.231,NA,60,@ MIA,3,·,5.7,3.3
9,10213,Tre Tucker,WR,24.6,LV,53.0,54,55,6.8,5.3,3.8,1,1,1,64,62,0,0.0,0,0,0,0,0,0,0.00,0,0,0,0,0.00,0.00,3,19,1,2,0,4,19,38,12.7,9.5,0,0,0,38,0,NA,0,0,96.9%,NA,NA,NA,0,NA,2,4,0.500,2.0,41,10.3%,0.93,0,NA,NA,NA,NA,NA,0.049,NA,38,vs JAX,8,·,9.5,-2.7
9,1479,Keenan Allen,WR,33.4,LAC,56.0,55,54,6.1,5.1,4.1,1,1,1,65,24,0,0.0,0,0,0,0,0,0,0.00,0,0,0,0,0.00,0.00,2,26,0,2,0,5,15,41,20.5,8.2,0,0,0,41,0,NA,0,0,36.9%,NA,NA,NA,0,NA,2,5,0.400,2.0,19,17.2%,2.16,0,NA,NA,NA,NA,NA,0.105,NA,41,@ TEN,10,·,13.6,-7.5
9,7049,Jauan Jennings,WR,28.2,SF,26.0,24,20,14.1,12.1,10.1,1,1,1,66,52,0,0.0,0,0,0,0,0,0,0.00,0,0,0,0,0.00,0.00,4,24,0,1,1,5,17,41,10.3,8.2,0,0,0,41,0,NA,0,0,78.8%,NA,NA,NA,0,NA,2,5,0.400,2.0,21,20.8%,1.95,0,NA,NA,NA,NA,NA,0.048,NA,41,@ NYG,5,·,11.4,2.7
9,5022,Dallas Goedert,TE,30.7,PHI,0.0,0,0,0,0,0,0,0,0,0,0,0,0.0,0,0,0,0,0,0,0.00,0,0,0,0,0.00,0.00,0,0,0,0,0,0,0,0,0.0,0.0,0,0,0,0,0,NA,0,0,NA,NA,NA,NA,0,NA,0,0,NA,NA,NA,NA,NA,0,NA,NA,NA,NA,NA,NA,NA,0,BYE,BYE,BYE,BYE,BYE
9,8132,Tyler Allgeier,RB,25.4,ATL,62.0,61,59,0.6,0.6,0.6,1,1,0,56,17,0,0.0,0,0,0,0,0,0,0.00,6,0,0,0,0.00,0.00,0,0,0,0,0,0,0,0,0.0,0.0,2,0,0,6,0,5,6,3,30.4%,0,2.40,0.000,0,0.240,0,2,0.000,0.0,NA,0.0%,NA,0,NA,NA,NA,NA,NA,NA,NA,6,@ NE,28,·,6.6,-6.0
9,8136,Rachaad White,RB,26.7,TB,0.0,0,0,0,0,0,0,0,0,0,0,0,0.0,0,0,0,0,0,0,0.00,0,0,0,0,0.00,0.00,0,0,0,0,0,0,0,0,0.0,0.0,0,0,0,0,0,NA,0,0,NA,NA,NA,NA,0,NA,0,0,NA,NA,NA,NA,NA,0,NA,NA,NA,NA,NA,NA,NA,0,BYE,BYE,BYE,BYE,BYE
9,2449,Stefon Diggs,WR,31.8,NE,30.0,26,21,12.8,11.3,9.8,1,1,1,68,41,0,0.0,0,0,0,0,0,0,0.00,0,0,0,0,0.00,0.00,3,30,0,1,1,4,8,38,12.7,9.5,0,0,0,38,0,NA,0,0,60.3%,NA,NA,NA,0,NA,2,4,0.500,2.0,24,13.8%,1.58,0,NA,NA,NA,NA,NA,0.042,NA,38,vs ATL,28,·,14.8,-2.0
9,11576,Braelon Allen,RB,21.7,NYJ,0.0,0,0,0,0,0,0,0,0,0,0,0,0.0,0,0,0,0,0,0,0.00,0,0,0,0,0.00,0.00,0,0,0,0,0,0,0,0,0.0,0.0,0,0,0,0,0,NA,0,0,NA,NA,NA,NA,0,NA,0,0,NA,NA,NA,NA,NA,0,NA,NA,NA,NA,NA,NA,NA,0,BYE,BYE,BYE,BYE,BYE
9,9508,Tyjae Spears,RB,24.3,TEN,25.0,26,28,9.2,7.7,6.2,1,1,0,47,21,0,0.0,0,0,0,0,0,0,0.00,26,0,0,0,0.00,0.00,3,1,0,1,0,3,35,36,12.0,12.0,7,2,0,62,0,32,26,3.71,44.7%,3,4.50,0.429,0,0.879,1,10,0.100,1.0,NA,14.3%,NA,0,NA,NA,NA,NA,NA,NA,NA,62,vs LAC,18,·,9.2,0.0
9,9494,Marvin Mims,WR,23.5,DEN,999.0,999,999,0,0,0,0,0,0,63,0,0,0.0,0,0,0,0,0,0,0.00,0,0,0,0,0.00,0.00,0,0,0,0,0,0,0,0,0.0,0.0,0,0,0,0,0,NA,0,0,0.0%,NA,NA,NA,0,NA,0,0,NA,NA,NA,NA,NA,0,NA,NA,NA,NA,NA,NA,NA,0,@ HOU,30,OUT,OUT,OUT
9,9757,Kendre Miller,RB,23.3,NO,999.0,999,999,0,0,0,1,0,0,0,0,0,0.0,0,0,0,0,0,0,0.00,0,0,0,0,0.00,0.00,0,0,0,0,0,0,0,0,0.0,0.0,0,0,0,0,0,NA,0,0,NA,NA,NA,NA,0,NA,0,0,NA,NA,NA,NA,NA,0,NA,NA,NA,NA,NA,NA,NA,0,@ LAR,31,IR,IR,IR
9,12509,Tre Harris,WR,23.6,LAC,65.0,66,70,3.8,2.8,1.8,1,1,0,65,30,0,0.0,0,0,0,0,0,0,0.00,0,0,0,0,0.00,0.00,2,12,0,2,0,2,6,18,9.0,9.0,0,0,0,18,0,NA,0,0,46.2%,NA,NA,NA,0,NA,2,2,1.000,2.0,14,6.9%,1.29,0,NA,NA,NA,NA,NA,0.143,NA,18,@ TEN,10,·,2.9,0.9
9,12521,Elijah Arroyo,TE,22.5,SEA,14.0,13,8,10.9,9.9,8.9,1,1,1,51,22,0,0.0,0,0,0,0,0,0,0.00,0,0,0,0,0.00,0.00,2,23,0,0,1,2,6,29,14.5,14.5,0,0,0,29,0,NA,0,0,43.1%,NA,NA,NA,0,NA,1,2,0.500,1.0,11,8.3%,2.64,0,NA,NA,NA,NA,NA,0.000,NA,29,@ WAS,8,·,5.5,5.4
9,12469,Dylan Sampson,RB,21.0,CLE,0.0,0,0,0,0,0,0,0,0,0,0,0,0.0,0,0,0,0,0,0,0.00,0,0,0,0,0.00,0.00,0,0,0,0,0,0,0,0,0.0,0.0,0,0,0,0,0,NA,0,0,NA,NA,NA,NA,0,NA,0,0,NA,NA,NA,NA,NA,0,NA,NA,NA,NA,NA,NA,NA,0,BYE,BYE,BYE,BYE,BYE
9,11562,Spencer Rattler,QB,25.0,NO,999.0,999,999,0,0,0,1,0,0,41,0,0,0.0,0,0,0,0,0,0,0.00,0,0,0,0,0.00,0.00,0,0,0,0,0,0,0,0,0.0,0.0,0,0,0,0,0,NA,0,0,0.0%,NA,NA,NA,0,NA,0,0,NA,NA,NA,NA,NA,0,NA,NA,NA,NA,NA,NA,NA,0,@ LAR,27,·,·,·
9,11586,Blake Corum,RB,24.8,LAR,37.0,33,31,5.8,5.8,5.8,1,1,0,80,22,0,0.0,0,0,0,0,0,0,0.00,58,0,0,0,0.00,0.00,0,0,0,0,0,0,0,0,0.0,0.0,13,2,3,58,0,38,58,4.46,27.5%,4,2.90,0.308,3,0.598,3,13,0.231,3.0,NA,0.0%,NA,0,NA,NA,NA,NA,NA,NA,NA,58,vs NO,14,·,5.1,0.7
9,11618,Jalen McMillan,WR,23.8,TB,0.0,0,0,0,0,0,0,0,0,0,0,0,0.0,0,0,0,0,0,0,0.00,0,0,0,0,0.00,0.00,0,0,0,0,0,0,0,0,0.0,0.0,0,0,0,0,0,NA,0,0,NA,NA,NA,NA,0,NA,0,0,NA,NA,NA,NA,NA,0,NA,NA,NA,NA,NA,NA,NA,0,BYE,BYE,BYE,BYE,BYE
9,7611,Rhamondre Stevenson,RB,27.6,NE,0.0,0,0,0,0,0,0,0,0,0,0,0,0.0,0,0,0,0,0,0,0.00,0,0,0,0,0.00,0.00,0,0,0,0,0,0,0,0,0.0,0.0,0,0,0,0,0,NA,0,0,NA,NA,NA,NA,0,NA,0,0,NA,NA,NA,NA,NA,0,NA,NA,NA,NA,NA,NA,NA,0,vs ATL,11,OUT,OUT,OUT
9,12510,Jalen Milroe,QB,22.8,SEA,0.0,0,0,0,0,0,0,0,0,0,0,0,0.0,0,0,0,0,0,0,0.00,0,0,0,0,0.00,0.00,0,0,0,0,0,0,0,0,0.0,0.0,0,0,0,0,0,NA,0,0,NA,NA,NA,NA,0,NA,0,0,NA,NA,NA,NA,NA,0,NA,NA,NA,NA,NA,NA,NA,0,@ WAS,7,OUT,OUT,OUT
9,8205,Isiah Pacheco,RB,26.6,KC,0.0,0,0,0,0,0,0,0,0,0,0,0,0.0,0,0,0,0,0,0,0.00,0,0,0,0,0.00,0.00,0,0,0,0,0,0,0,0,0.0,0.0,0,0,0,0,0,NA,0,0,NA,NA,NA,NA,0,NA,0,0,NA,NA,NA,NA,NA,0,NA,NA,NA,NA,NA,NA,NA,0,@ BUF,6,OUT,OUT,OUT
9,10444,Cedric Tillman,WR,25.4,CLE,0.0,0,0,0,0,0,0,0,0,0,0,0,0.0,0,0,0,0,0,0,0.00,0,0,0,0,0.00,0.00,0,0,0,0,0,0,0,0,0.0,0.0,0,0,0,0,0,NA,0,0,NA,NA,NA,NA,0,NA,0,0,NA,NA,NA,NA,NA,0,NA,NA,NA,NA,NA,NA,NA,0,BYE,BYE,BYE,BYE,BYE
9,11646,Jalen Coker,WR,23.9,CAR,84.0,84,80,1.9,1.4,0.9,1,1,1,58,38,0,0.0,0,0,0,0,0,0,0.00,0,0,0,0,0.00,0.00,1,9,0,1,0,1,0,9,9.0,9.0,0,0,0,9,0,NA,0,0,65.5%,NA,NA,NA,0,NA,1,1,1.000,1.0,16,5.0%,0.56,0,NA,NA,NA,NA,NA,0.063,NA,9,@ GB,13,·,7.5,-5.6
9,12536,Jaylin Noel,WR,23.1,HOU,98.0,97,95,-0.3,-0.3,-0.3,1,1,0,73,11,0,0.0,0,0,0,0,0,0,0.00,-3,0,0,0,0.00,0.00,0,0,0,0,0,0,0,0,0.0,0.0,1,0,0,-3,0,NA,-3,-3,15.1%,NA,NA,NA,0,NA,0,1,0.000,0.0,4,0.0%,0.00,0,NA,NA,NA,NA,NA,0.000,NA,-3,vs DEN,32,·,4.4,-4.7
9,12541,Dont'e Thornton,WR,22.8,LV,0.0,0,0,0,0,0,0,0,0,0,0,0,0.0,0,0,0,0,0,0,0.00,0,0,0,0,0.00,0.00,0,0,0,0,0,0,0,0,0.0,0.0,0,0,0,0,0,NA,0,0,NA,NA,NA,NA,0,NA,0,0,NA,NA,NA,NA,NA,0,NA,NA,NA,NA,NA,NA,NA,0,vs JAX,8,OUT,OUT,OUT
9,3214,Hunter Henry,TE,30.8,NE,19.0,21,21,9.1,7.1,5.1,1,1,1,68,51,0,0.0,0,0,0,0,0,0,0.00,0,0,0,0,0.00,0.00,4,24,1,4,0,6,27,51,12.8,8.5,0,0,0,51,0,NA,0,0,75.0%,NA,NA,NA,0,NA,4,6,0.667,4.0,29,20.7%,1.76,0,NA,NA,NA,NA,NA,0.138,NA,51,vs ATL,32,·,10.8,-1.7
9,12534,Kyle Monangai,RB,23.3,CHI,3.0,3,3,22.8,21.3,19.8,1,1,1,80,59,0,0.0,0,0,0,0,0,0,0.00,176,0,0,0,0.00,0.00,3,-8,1,2,0,5,30,22,7.3,4.4,26,1,6,198,0,122,176,6.77,73.8%,7,4.70,0.269,6,0.739,8,31,0.258,8.0,NA,13.5%,NA,0,NA,NA,NA,NA,NA,NA,NA,198,@ CIN,1,·,15.3,7.5
9,12486,Dillon Gabriel,QB,24.8,CLE,0.0,0,0,0,0,0,0,0,0,0,0,0,0.0,0,0,0,0,0,0,0.00,0,0,0,0,0.00,0.00,0,0,0,0,0,0,0,0,0.0,0.0,0,0,0,0,0,NA,0,0,NA,NA,NA,NA,0,NA,0,0,NA,NA,NA,NA,NA,0,NA,NA,NA,NA,NA,NA,NA,0,BYE,BYE,BYE,BYE,BYE
9,7090,Darnell Mooney,WR,27.9,ATL,81.0,78,75,2.5,2,1.5,1,1,1,56,56,0,0.0,0,0,0,0,0,0,0.00,0,0,0,0,0.00,0.00,1,15,0,1,0,2,0,15,15.0,7.5,0,0,0,15,0,NA,0,0,100.0%,NA,NA,NA,0,NA,1,2,0.500,1.0,38,5.4%,0.39,0,NA,NA,NA,NA,NA,0.026,NA,15,@ NE,19,·,9.8,-7.3
9,5012,Mark Andrews,TE,30.1,BAL,5.0,5,5,16.6,15.6,14.6,1,1,0,56,28,0,0.0,0,0,0,0,0,0,0.00,4,0,0,0,0.00,0.00,2,17,0,0,2,3,5,22,11.0,7.3,2,0,2,26,0,NA,4,2,50.0%,NA,NA,NA,2,NA,4,5,0.800,4.0,16,13.0%,1.38,0,NA,NA,NA,NA,NA,0.000,NA,26,@ MIA,3,·,9.5,7.1
9,12483,Jack Bech,WR,22.8,LV,999.0,999,999,0,0,0,1,1,0,64,0,0,0.0,0,0,0,0,0,0,0.00,0,0,0,0,0.00,0.00,0,0,0,0,0,0,0,0,0.0,0.0,0,0,0,0,0,NA,0,0,0.0%,NA,NA,NA,0,NA,0,0,NA,0.0,NA,NA,NA,0,NA,NA,NA,NA,NA,NA,NA,0,vs JAX,8,·,4.0,-4.0
9,7571,Rashod Bateman,WR,25.8,BAL,40.0,36,32,9.3,8.3,7.3,1,1,1,56,40,0,0.0,0,0,0,0,0,0,0.00,0,0,0,0,0.00,0.00,2,13,0,0,1,4,0,13,6.5,3.3,0,0,0,13,0,NA,0,0,71.4%,NA,NA,NA,0,NA,1,4,0.250,1.0,24,17.4%,0.54,0,NA,NA,NA,NA,NA,0.000,NA,13,@ MIA,26,·,8.4,0.9
9,11655,Tyrone Tracy,RB,25.8,NYG,34.0,36,38,6.7,5.2,3.7,1,1,1,57,25,0,0.0,0,0,0,0,0,0,0.00,18,0,0,0,0.00,0.00,3,-6,1,2,0,4,25,19,6.3,4.8,5,0,1,37,0,15,18,3.6,43.9%,1,3.00,0.200,1,0.500,3,9,0.333,3.0,NA,12.1%,NA,0,NA,NA,NA,NA,NA,NA,NA,37,vs SF,23,·,13.3,-6.6
9,7002,Juwan Johnson,TE,29.0,NO,9.0,8,7,12.1,10.6,9.1,1,1,0,41,29,0,0.0,0,0,0,0,0,0,0.00,0,0,0,0,0.00,0.00,3,21,0,1,1,4,10,31,10.3,7.8,0,0,0,31,0,NA,0,0,70.7%,NA,NA,NA,0,NA,2,4,0.500,2.0,19,16.0%,1.63,0,NA,NA,NA,NA,NA,0.053,NA,31,@ LAR,22,·,9.1,3.0
9,12457,Jaydon Blue,RB,21.7,DAL,0.0,0,0,0,0,0,0,0,0,0,0,0,0.0,0,0,0,0,0,0,0.00,0,0,0,0,0.00,0.00,0,0,0,0,0,0,0,0,0.0,0.0,0,0,0,0,0,NA,0,0,NA,NA,NA,NA,0,NA,0,0,NA,NA,NA,NA,NA,0,NA,NA,NA,NA,NA,NA,NA,0,vs ARI,13,·,4.4,-4.4
9,1466,Travis Kelce,TE,36.0,KC,8.0,9,12,12.6,10.6,8.6,1,1,1,60,55,0,0.0,0,0,0,0,0,0,0.00,0,0,0,0,0.00,0.00,4,52,0,3,0,5,14,66,16.5,13.2,0,0,0,66,0,NA,0,0,91.7%,NA,NA,NA,0,NA,3,5,0.600,3.0,35,14.7%,1.89,0,NA,NA,NA,NA,NA,0.086,NA,66,@ BUF,31,·,12.1,0.5
9,4199,Aaron Jones,RB,30.8,MIN,18.0,19,18,11.8,10.8,9.8,1,1,1,62,26,0,0.0,0,0,0,0,0,0,0.00,78,0,0,0,0.00,0.00,2,0,0,1,0,2,20,20,10.0,10.0,9,0,4,98,0,38,78,8.67,41.9%,0,4.20,0.000,4,0.420,5,11,0.455,5.0,NA,8.0%,NA,0,NA,NA,NA,NA,NA,NA,NA,98,@ DET,29,Q,9.5,2.3
9,8167,Christian Watson,WR,26.4,GB,49.0,48,42,7.8,6.8,5.8,1,1,1,65,43,0,0.0,0,0,0,0,0,0,0.00,0,0,0,0,0.00,0.00,2,57,0,1,0,4,1,58,29.0,14.5,0,0,0,58,0,NA,0,0,66.2%,NA,NA,NA,0,NA,1,4,0.250,1.0,30,10.8%,1.93,0,NA,NA,NA,NA,NA,0.033,NA,58,vs CAR,31,·,8.4,-0.6
9,4981,Calvin Ridley,WR,30.8,TEN,0.0,0,0,0,0,0,0,0,0,0,0,0,0.0,0,0,0,0,0,0,0.00,0,0,0,0,0.00,0.00,0,0,0,0,0,0,0,0,0.0,0.0,0,0,0,0,0,NA,0,0,NA,NA,NA,NA,0,NA,0,0,NA,NA,NA,NA,NA,0,NA,NA,NA,NA,NA,NA,NA,0,vs LAC,27,OUT,OUT,OUT
9,11597,Theo Johnson,TE,24.6,NYG,12.0,11,11,11.7,10.2,8.7,1,1,1,57,49,0,0.0,0,0,0,0,0,0,0.00,0,0,0,0,0.00,0.00,3,10,1,0,1,6,17,27,9.0,4.5,0,0,0,27,0,NA,0,0,86.0%,NA,NA,NA,0,NA,1,6,0.167,1.0,25,18.2%,1.08,0,NA,NA,NA,NA,NA,0.000,NA,27,vs SF,9,·,9.1,2.6
9,12487,Terrance Ferguson,TE,22.6,LAR,27.0,23,20,7.4,6.4,5.4,1,1,0,80,24,0,0.0,0,0,0,0,0,0,0.00,0,0,0,0,0.00,0.00,2,35,0,2,0,3,19,54,27.0,18.0,0,0,0,54,0,NA,0,0,30.0%,NA,NA,NA,0,NA,2,3,0.667,2.0,10,9.4%,5.40,0,NA,NA,NA,NA,NA,0.200,NA,54,vs NO,21,·,1.8,5.6
9,12493,Oronde Gadsden,TE,22.3,LAC,10.0,16,18,11.8,9.3,6.8,1,1,1,65,52,0,0.0,0,0,0,0,0,0,0.00,0,0,0,0,0.00,0.00,5,47,0,2,0,5,21,68,13.6,13.6,0,0,0,68,0,NA,0,0,80.0%,NA,NA,NA,0,NA,2,5,0.400,2.0,31,17.2%,2.19,0,NA,NA,NA,NA,NA,0.065,NA,68,@ TEN,25,·,12.5,-0.7
9,12503,Isaiah Bond,WR,21.5,CLE,0.0,0,0,0,0,0,0,0,0,0,0,0,0.0,0,0,0,0,0,0,0.00,0,0,0,0,0.00,0.00,0,0,0,0,0,0,0,0,0.0,0.0,0,0,0,0,0,NA,0,0,NA,NA,NA,NA,0,NA,0,0,NA,NA,NA,NA,NA,0,NA,NA,NA,NA,NA,NA,NA,0,BYE,BYE,BYE,BYE,BYE
9,12471,DJ Giddens,RB,22.1,IND,0.0,0,0,0,0,0,0,0,0,0,0,0,0.0,0,0,0,0,0,0,0.00,0,0,0,0,0.00,0.00,0,0,0,0,0,0,0,0,0.0,0.0,0,0,0,0,0,NA,0,0,NA,NA,NA,NA,0,NA,0,0,NA,NA,NA,NA,NA,0,NA,NA,NA,NA,NA,NA,NA,0,@ PIT,20,OUT,OUT,OUT
9,12547,Kyle Williams,WR,22.9,NE,999.0,999,999,0,0,0,1,1,0,68,31,0,0.0,0,0,0,0,0,0,0.00,0,0,0,0,0.00,0.00,0,0,0,0,0,1,0,0,0.0,0.0,0,0,0,0,0,NA,0,0,45.6%,NA,NA,NA,0,NA,0,1,0.000,0.0,16,3.4%,0.00,0,NA,NA,NA,NA,NA,0.000,NA,0,vs ATL,28,·,2.0,-2.0
9,11600,Ja'Tavion Sanders,TE,22.5,CAR,52.0,52,52,1.5,1,0.5,1,1,0,58,29,0,0.0,0,0,0,0,0,0,0.00,0,0,0,0,0.00,0.00,1,5,0,0,0,1,0,5,5.0,5.0,0,0,0,5,0,NA,0,0,50.0%,NA,NA,NA,0,NA,0,1,0.000,0.0,7,5.0%,0.71,0,NA,NA,NA,NA,NA,0.000,NA,5,@ GB,4,·,6.0,-4.5
9,5848,Marquise Brown,WR,28.3,KC,41.0,37,33,9.3,8.3,7.3,1,1,0,60,26,0,0.0,0,0,0,0,0,0,0.00,0,0,0,0,0.00,0.00,2,64,1,2,0,4,9,73,36.5,18.3,0,0,0,73,0,NA,0,0,43.3%,NA,NA,NA,0,NA,2,4,0.500,2.0,18,11.8%,4.06,0,NA,NA,NA,NA,NA,0.111,NA,73,@ BUF,24,·,5.6,3.7
9,1373,Geno Smith,QB,35.0,LV,6.0,6,6,27.26,27.26,27.26,1,1,1,64,64,0,74.4,88,39,29,13,10,1,117.90,293,2,4,284,7.28,9.79,0,0,0,0,0,0,0,0,0.0,0.0,5,0,2,9,0,NA,9,1.8,100.0%,NA,NA,NA,2,NA,19,44,NA,NA,NA,NA,NA,17,43.6%,2.62,2.6%,30.2%,4.40,NA,43,293,vs JAX,6,·,19.1,8.2
9,8154,Brian Robinson,RB,26.5,SF,20.0,17,14,11.3,11.3,11.3,1,1,0,66,9,0,0.0,0,0,0,0,0,0,0.00,53,0,0,0,0.00,0.00,0,0,0,0,0,0,0,0,0.0,0.0,5,1,3,53,1,43,53,10.6,13.6%,4,8.60,0.800,4,1.660,4,5,0.800,4.0,NA,0.0%,NA,0,NA,NA,NA,NA,NA,NA,NA,53,@ NYG,7,·,3.3,8.0
9,8188,Tyquan Thornton,WR,25.1,KC,999.0,999,999,0,0,0,1,1,0,60,14,0,0.0,0,0,0,0,0,0,0.00,0,0,0,0,0.00,0.00,0,0,0,0,0,1,0,0,0.0,0.0,0,0,0,0,0,NA,0,0,23.3%,NA,NA,NA,0,NA,0,1,0.000,0.0,13,2.9%,0.00,0,NA,NA,NA,NA,NA,0.000,NA,0,@ BUF,24,·,1.5,-1.5
9,8111,Cade Otton,TE,26.4,TB,0.0,0,0,0,0,0,0,0,0,0,0,0,0.0,0,0,0,0,0,0,0.00,0,0,0,0,0.00,0.00,0,0,0,0,0,0,0,0,0.0,0.0,0,0,0,0,0,NA,0,0,NA,NA,NA,NA,0,NA,0,0,NA,NA,NA,NA,NA,0,NA,NA,NA,NA,NA,NA,NA,0,BYE,BYE,BYE,BYE,BYE
9,12455,Brashard Smith,RB,22.5,KC,61.0,60,57,0.7,0.7,0.7,1,1,0,60,12,0,0.0,0,0,0,0,0,0,0.00,7,0,0,0,0.00,0.00,0,0,0,0,0,1,0,0,0.0,0.0,3,0,0,7,0,5,7,2.33,20.0%,0,1.60,0.000,0,0.160,0,4,0.000,0.0,NA,2.9%,NA,0,NA,NA,NA,NA,NA,NA,NA,7,@ BUF,6,·,6.9,-6.2
9,9502,Tank Dell,WR,25.9,HOU,999.0,999,999,0,0,0,1,0,0,0,0,0,0.0,0,0,0,0,0,0,0.00,0,0,0,0,0.00,0.00,0,0,0,0,0,0,0,0,0.0,0.0,0,0,0,0,0,NA,0,0,NA,NA,NA,NA,0,NA,0,0,NA,NA,NA,NA,NA,0,NA,NA,NA,NA,NA,NA,NA,0,vs DEN,32,PUP,PUP,PUP
9,7527,Mac Jones,QB,27.1,SF,20.0,20,20,15.8,15.8,15.8,1,1,1,66,65,1,79.2,123,24,19,11,5,0,135.20,239,2,2,235,9.79,12.37,0,0,0,0,0,0,0,0,0.0,0.0,4,0,1,4,0,NA,4,1,98.5%,NA,NA,NA,1,NA,14,28,NA,NA,NA,NA,NA,13,54.2%,2.36,0.0%,25.0%,5.80,NA,28,239,@ NYG,5,·,16.1,-0.3
9,8142,Alec Pierce,WR,25.4,IND,15.0,15,15,17.5,14.5,11.5,1,1,1,78,71,0,0.0,0,0,0,0,0,0,0.00,0,0,0,0,0.00,0.00,6,91,0,5,0,13,24,115,19.2,8.9,0,0,0,115,0,NA,0,0,91.0%,NA,NA,NA,0,NA,5,13,0.385,5.0,49,26.0%,2.35,0,NA,NA,NA,NA,NA,0.102,NA,115,@ PIT,6,·,8.5,9.0
9,11625,Adonai Mitchell,WR,23.0,IND,89.0,89,89,1.7,1.2,0.7,1,1,0,78,4,0,0.0,0,0,0,0,0,0,0.00,0,0,0,0,0.00,0.00,1,7,0,0,0,1,0,7,7.0,7.0,0,0,0,7,0,NA,0,0,5.1%,NA,NA,NA,0,NA,0,1,0.000,0.0,3,2.0%,2.33,0,NA,NA,NA,NA,NA,0.000,NA,7,@ PIT,6,·,0.5,1.2
9,9486,Dontayvion Wicks,WR,24.3,GB,0.0,0,0,0,0,0,0,0,0,0,0,0,0.0,0,0,0,0,0,0,0.00,0,0,0,0,0.00,0.00,0,0,0,0,0,0,0,0,0.0,0.0,0,0,0,0,0,NA,0,0,NA,NA,NA,NA,0,NA,0,0,NA,NA,NA,NA,NA,0,NA,NA,NA,NA,NA,NA,NA,0,vs CAR,31,OUT,OUT,OUT
9,12492,Pat Bryant,WR,22.8,DEN,63.0,65,68,4,3,2,1,1,1,63,36,0,0.0,0,0,0,0,0,0,0.00,0,0,0,0,0.00,0.00,2,18,0,2,0,3,2,20,10.0,6.7,0,0,0,20,0,NA,0,0,57.1%,NA,NA,NA,0,NA,2,3,0.667,2.0,23,8.1%,0.87,0,NA,NA,NA,NA,NA,0.087,NA,20,@ HOU,30,·,6.5,-2.5
9,4066,Evan Engram,TE,31.1,DEN,999.0,999,999,0,0,0,1,1,0,63,32,0,0.0,0,0,0,0,0,0,0.00,0,0,0,0,0.00,0.00,0,0,2,0,0,3,0,0,0.0,0.0,0,0,0,0,0,NA,0,0,50.8%,NA,NA,NA,0,NA,0,3,0.000,0.0,26,8.1%,0.00,0,NA,NA,NA,NA,NA,0.000,NA,0,@ HOU,28,·,9.4,-9.4
9,11603,AJ Barner,TE,23.4,SEA,13.0,12,13,11.5,10,8.5,1,1,1,51,43,1,0.0,0,0,0,0,0,0,0.00,1,0,0,0,0.00,0.00,3,13,0,1,0,4,11,24,8.0,6.0,1,0,0,25,1,NA,1,1,84.3%,NA,NA,NA,1,NA,2,5,0.400,2.0,16,16.7%,1.50,0,NA,NA,NA,NA,NA,0.063,NA,25,@ WAS,8,·,8.4,3.1
9,7567,Kenneth Gainwell,RB,26.5,PIT,30.0,35,40,7.4,5.4,3.4,1,1,0,62,23,0,0.0,0,0,0,0,0,0,0.00,-1,0,0,0,0.00,0.00,4,-5,0,2,0,5,40,35,8.8,7.0,3,0,1,34,0,4,-1,-0.33,37.1%,2,1.30,0.667,1,0.797,3,8,0.375,3.0,NA,14.3%,NA,0,NA,NA,NA,NA,NA,NA,NA,34,vs IND,26,·,8.1,-0.7
9,96,Aaron Rodgers,QB,41.8,PIT,21.0,21,21,12.12,12.12,12.12,1,1,1,62,62,0,71.4,55,35,25,9,10,0,95.30,203,3,1,203,5.80,8.12,0,0,0,0,0,0,0,0,0.0,0.0,2,0,0,0,0,NA,0,0,100.0%,NA,NA,NA,0,NA,10,37,NA,NA,NA,NA,NA,10,28.6%,2.14,2.9%,10.3%,2.70,NA,39,203,vs IND,12,·,19.2,-7.1
9,11626,Xavier Legette,WR,24.7,CAR,72.0,68,65,3.2,2.7,2.2,1,1,1,58,32,0,0.0,0,0,0,0,0,0,0.00,0,0,0,0,0.00,0.00,1,15,0,1,0,3,7,22,22.0,7.3,0,0,0,22,0,NA,0,0,55.2%,NA,NA,NA,0,NA,1,3,0.333,1.0,15,15.0%,1.47,0,NA,NA,NA,NA,NA,0.067,NA,22,@ GB,13,Q,7.5,-4.3
9,4039,Cooper Kupp,WR,32.3,SEA,0.0,0,0,0,0,0,0,0,0,0,0,0,0.0,0,0,0,0,0,0,0.00,0,0,0,0,0.00,0.00,0,0,0,0,0,0,0,0,0.0,0.0,0,0,0,0,0,NA,0,0,NA,NA,NA,NA,0,NA,0,0,NA,NA,NA,NA,NA,0,NA,NA,NA,NA,NA,NA,NA,0,@ WAS,9,OUT,OUT,OUT
9,11610,Malik Washington,WR,24.7,MIA,52.0,53,53,7.1,5.6,4.1,1,1,0,64,45,1,0.0,0,0,0,0,0,0,0.00,13,0,0,0,0.00,0.00,3,13,0,2,0,3,35,48,16.0,16.0,3,0,0,61,0,NA,13,4.33,70.3%,NA,NA,NA,0,NA,2,6,0.333,2.0,30,7.5%,1.60,0,NA,NA,NA,NA,NA,0.067,NA,61,vs BAL,2,·,9.2,-2.1
9,11583,Jonathon Brooks,RB,22.2,CAR,999.0,999,999,0,0,0,1,0,0,0,0,0,0.0,0,0,0,0,0,0,0.00,0,0,0,0,0.00,0.00,0,0,0,0,0,0,0,0,0.0,0.0,0,0,0,0,0,NA,0,0,NA,NA,NA,NA,0,NA,0,0,NA,NA,NA,NA,NA,0,NA,NA,NA,NA,NA,NA,NA,0,@ GB,30,PUP,PUP,PUP
9,8210,Chigoziem Okonkwo,TE,26.0,TEN,40.0,44,48,3,2,1,1,1,1,47,32,0,0.0,0,0,0,0,0,0,0.00,0,0,0,0,0.00,0.00,2,2,0,0,0,2,8,10,5.0,5.0,0,0,0,10,0,NA,0,0,68.1%,NA,NA,NA,0,NA,0,2,0.000,0.0,16,9.5%,0.63,0,NA,NA,NA,NA,NA,0.000,NA,10,vs LAC,27,·,6.8,-3.8
9,12524,Shedeur Sanders,QB,23.6,CLE,0.0,0,0,0,0,0,0,0,0,0,0,0,0.0,0,0,0,0,0,0,0.00,0,0,0,0,0.00,0.00,0,0,0,0,0,0,0,0,0.0,0.0,0,0,0,0,0,NA,0,0,NA,NA,NA,NA,0,NA,0,0,NA,NA,NA,NA,NA,0,NA,NA,NA,NA,NA,NA,NA,0,BYE,BYE,BYE,BYE,BYE
9,8125,Calvin Austin III,WR,26.5,PIT,35.0,39,44,10.6,8.1,5.6,1,1,1,62,35,0,0.0,0,0,0,0,0,0,0.00,0,0,0,0,0.00,0.00,5,18,0,2,0,6,38,56,11.2,9.3,0,0,0,56,0,NA,0,0,56.5%,NA,NA,NA,0,NA,2,6,0.333,2.0,25,17.1%,2.24,0,NA,NA,NA,NA,NA,0.080,NA,56,vs IND,4,·,9.3,1.3
9,1339,Zach Ertz,TE,34.9,WAS,22.0,22,23,8.6,6.6,4.6,1,1,1,65,41,0,0.0,0,0,0,0,0,0,0.00,0,0,0,0,0.00,0.00,4,42,0,2,0,4,4,46,11.5,11.5,0,0,0,46,0,NA,0,0,63.1%,NA,NA,NA,0,NA,2,4,0.500,2.0,20,18.2%,2.30,0,NA,NA,NA,NA,NA,0.100,NA,46,vs SEA,23,·,9.6,-1.0
9,11575,Ray Davis,RB,25.9,BUF,999.0,999,999,0,0,0,1,1,0,66,3,0,0.0,0,0,0,0,0,0,0.00,0,0,0,0,0.00,0.00,0,0,0,0,0,0,0,0,0.0,0.0,0,0,0,0,0,NA,0,0,4.5%,NA,NA,NA,0,NA,0,0,NA,0.0,NA,NA,NA,0,NA,NA,NA,NA,NA,NA,NA,0,vs KC,27,·,3.1,-3.1
9,9501,Demario Douglas,WR,24.8,NE,10.0,8,6,20,18,16,1,1,0,68,16,0,0.0,0,0,0,0,0,0,0.00,0,0,0,0,0.00,0.00,4,70,0,3,1,6,30,100,25.0,16.7,0,0,0,100,0,NA,0,0,23.5%,NA,NA,NA,0,NA,4,6,0.667,4.0,13,20.7%,7.69,0,NA,NA,NA,NA,NA,0.231,NA,100,vs ATL,28,·,4.7,15.3
9,7600,Pat Freiermuth,TE,26.9,PIT,11.0,10,10,11.7,10.2,8.7,1,1,0,62,29,0,0.0,0,0,0,0,0,0,0.00,0,0,0,0,0.00,0.00,3,20,0,1,1,4,7,27,9.0,6.8,0,0,0,27,0,NA,0,0,46.8%,NA,NA,NA,0,NA,2,4,0.500,2.0,19,11.4%,1.42,0,NA,NA,NA,NA,NA,0.053,NA,27,vs IND,5,·,6.5,5.2
9,9482,Michael Mayer,TE,24.2,LV,33.0,33,35,5.6,4.1,2.6,1,1,1,64,53,0,0.0,0,0,0,0,0,0,0.00,0,0,0,0,0.00,0.00,3,9,1,3,0,7,17,26,8.7,3.7,0,0,0,26,0,NA,0,0,82.8%,NA,NA,NA,0,NA,3,7,0.429,3.0,27,17.9%,0.96,0,NA,NA,NA,NA,NA,0.111,NA,26,vs JAX,14,·,3.3,2.3
9,6826,Cole Kmet,TE,26.6,CHI,48.0,48,46,2,1.5,1,1,1,1,80,21,0,0.0,0,1,0,0,1,0,39.60,0,0,0,0,0.00,0.00,1,6,0,1,0,2,4,10,10.0,5.0,0,0,0,10,0,NA,0,0,26.3%,NA,NA,NA,0,NA,1,3,0.333,1.0,4,5.4%,2.50,0,0.0%,NA,NA,NA,NA,0.250,NA,10,@ CIN,1,OUT,4.0,-2.0
9,12531,Trevor Etienne,RB,21.2,CAR,999.0,999,999,0,0,0,1,1,0,58,2,0,0.0,0,0,0,0,0,0,0.00,0,0,0,0,0.00,0.00,0,0,0,0,0,0,0,0,0.0,0.0,0,0,0,0,0,NA,0,0,3.4%,NA,NA,NA,0,NA,0,0,NA,0.0,NA,NA,NA,0,NA,NA,NA,NA,NA,NA,NA,0,@ GB,30,·,0.8,-0.8
9,9229,Anthony Richardson,QB,23.4,IND,999.0,999,999,0,0,0,1,0,0,0,0,0,0.0,0,0,0,0,0,0,0.00,0,0,0,0,0.00,0.00,0,0,0,0,0,0,0,0,0.0,0.0,0,0,0,0,0,NA,0,0,NA,NA,NA,NA,0,NA,0,0,NA,NA,NA,NA,NA,0,NA,NA,NA,NA,NA,NA,NA,0,@ PIT,4,IR,IR,IR
9,11650,Luke McCaffrey,WR,24.5,WAS,999.0,999,999,0,0,0,1,1,0,65,0,0,0.0,0,0,0,0,0,0,0.00,0,0,0,0,0.00,0.00,0,0,0,0,0,0,0,0,0.0,0.0,0,0,0,0,0,NA,0,0,0.0%,NA,NA,NA,0,NA,0,0,NA,0.0,NA,NA,NA,0,NA,NA,NA,NA,NA,NA,NA,0,vs SEA,12,OUT,6.6,-6.6
9,9487,Parker Washington,WR,23.5,JAX,17.0,20,25,17,13,9,1,1,0,80,70,0,0.0,0,0,0,0,0,0,0.00,0,0,0,0,0.00,0.00,8,80,1,4,0,9,10,90,11.3,10.0,0,0,0,90,0,NA,0,0,87.5%,NA,NA,NA,0,NA,4,9,0.444,4.0,30,26.5%,3.00,0,NA,NA,NA,NA,NA,0.133,NA,90,@ LV,3,·,9.4,7.6
9,12505,Jalen Royals,WR,22.6,KC,0.0,0,0,0,0,0,0,0,0,0,0,0,0.0,0,0,0,0,0,0,0.00,0,0,0,0,0.00,0.00,0,0,0,0,0,0,0,0,0.0,0.0,0,0,0,0,0,NA,0,0,NA,NA,NA,NA,0,NA,0,0,NA,NA,NA,NA,NA,0,NA,NA,NA,NA,NA,NA,NA,0,@ BUF,24,OUT,OUT,OUT
9,4018,Joe Mixon,RB,29.2,HOU,999.0,999,999,0,0,0,1,0,0,0,0,0,0.0,0,0,0,0,0,0,0.00,0,0,0,0,0.00,0.00,0,0,0,0,0,0,0,0,0.0,0.0,0,0,0,0,0,NA,0,0,NA,NA,NA,NA,0,NA,0,0,NA,NA,NA,NA,NA,0,NA,NA,NA,NA,NA,NA,NA,0,vs DEN,22,PUP,PUP,PUP
9,12641,Jaylin Lane,WR,23.4,WAS,64.0,73,83,3.9,2.4,0.9,1,1,1,65,41,1,0.0,0,0,0,0,0,0,0.00,0,0,0,0,0.00,0.00,3,17,0,2,0,5,12,29,9.7,5.8,0,0,0,29,0,NA,0,0,63.1%,NA,NA,NA,0,NA,2,5,0.400,2.0,18,22.7%,1.61,0,NA,NA,NA,NA,NA,0.111,NA,29,vs SEA,12,·,5.6,-1.7
9,9511,Keaton Mitchell,RB,23.7,BAL,46.0,47,46,2.8,2.3,1.8,1,1,0,56,10,0,0.0,0,0,0,0,0,0,0.00,11,0,0,0,0.00,0.00,1,0,0,0,0,1,7,7,7.0,7.0,4,0,1,18,0,14,11,2.75,17.9%,0,3.60,0.000,1,0.360,1,5,0.200,1.0,NA,4.3%,NA,0,NA,NA,NA,NA,NA,NA,NA,18,@ MIA,4,·,3.0,-0.2
9,4950,Christian Kirk,WR,28.9,HOU,54.0,56,62,6.6,4.6,2.6,1,1,0,73,41,0,0.0,0,0,0,0,0,0,0.00,0,0,0,0,0.00,0.00,4,25,0,2,0,8,1,26,6.5,3.3,0,0,0,26,0,NA,0,0,56.2%,NA,NA,NA,0,NA,2,8,0.250,2.0,33,20.0%,0.79,0,NA,NA,NA,NA,NA,0.061,NA,26,vs DEN,32,·,7.3,-0.7
9,4137,James Conner,RB,30.4,ARI,999.0,999,999,0,0,0,1,0,0,0,0,0,0.0,0,0,0,0,0,0,0.00,0,0,0,0,0.00,0.00,0,0,0,0,0,0,0,0,0.0,0.0,0,0,0,0,0,NA,0,0,NA,NA,NA,NA,0,NA,0,0,NA,NA,NA,NA,NA,0,NA,NA,NA,NA,NA,NA,NA,0,@ DAL,5,IR,IR,IR
9,4988,Nick Chubb,RB,29.8,HOU,44.0,43,41,3.4,3.4,3.4,1,1,1,73,26,0,0.0,0,0,0,0,0,0,0.00,34,0,0,0,0.00,0.00,0,0,0,0,0,0,0,0,0.0,0.0,11,0,1,34,0,30,34,3.09,35.6%,3,2.70,0.273,1,0.543,1,11,0.091,1.0,NA,0.0%,NA,0,NA,NA,NA,NA,NA,NA,NA,34,vs DEN,22,·,6.9,-3.5
9,9506,Sean Tucker,RB,23.9,TB,0.0,0,0,0,0,0,0,0,0,0,0,0,0.0,0,0,0,0,0,0,0.00,0,0,0,0,0.00,0.00,0,0,0,0,0,0,0,0,0.0,0.0,0,0,0,0,0,NA,0,0,NA,NA,NA,NA,0,NA,0,0,NA,NA,NA,NA,NA,0,NA,NA,NA,NA,NA,NA,NA,0,BYE,BYE,BYE,BYE,BYE
9,4144,Jonnu Smith,TE,30.1,PIT,34.0,34,37,5.5,4,2.5,1,1,1,62,25,0,0.0,0,0,0,0,0,0,0.00,0,0,0,0,0.00,0.00,3,3,1,1,0,5,22,25,8.3,5.0,0,0,0,25,0,NA,0,0,40.3%,NA,NA,NA,0,NA,1,5,0.200,1.0,16,14.3%,1.56,0,NA,NA,NA,NA,NA,0.063,NA,25,vs IND,5,·,9.2,-3.7
9,7607,Michael Carter,RB,26.4,ARI,999.0,999,999,0,0,0,1,0,0,67,0,0,0.0,0,0,0,0,0,0,0.00,0,0,0,0,0.00,0.00,0,0,0,0,0,0,0,0,0.0,0.0,0,0,0,0,0,NA,0,0,0.0%,NA,NA,NA,0,NA,0,0,NA,NA,NA,NA,NA,0,NA,NA,NA,NA,NA,NA,NA,0,@ DAL,5,·,8.1,-8.1
9,11647,Kimani Vidal,RB,24.1,LAC,45.0,44,42,3,3,3,1,1,1,65,47,1,0.0,0,0,0,0,0,0,0.00,30,0,0,0,0.00,0.00,0,0,0,0,0,1,0,0,0.0,0.0,12,1,1,30,0,28,30,2.5,72.3%,2,2.30,0.167,1,0.397,1,13,0.077,1.0,NA,3.4%,NA,0,NA,NA,NA,NA,NA,NA,NA,30,@ TEN,3,·,16.5,-13.5
9,5001,Dalton Schultz,TE,29.2,HOU,7.0,7,15,13.7,10.7,7.7,1,1,0,73,58,0,0.0,0,0,0,0,0,0,0.00,0,0,0,0,0.00,0.00,6,30,1,3,0,8,47,77,12.8,9.6,0,0,0,77,0,NA,0,0,79.5%,NA,NA,NA,0,NA,3,8,0.375,3.0,35,20.0%,2.20,0,NA,NA,NA,NA,NA,0.086,NA,77,vs DEN,24,·,8.5,5.2
9,11571,Isaiah Davis,RB,23.6,NYJ,0.0,0,0,0,0,0,0,0,0,0,0,0,0.0,0,0,0,0,0,0,0.00,0,0,0,0,0.00,0.00,0,0,0,0,0,0,0,0,0.0,0.0,0,0,0,0,0,NA,0,0,NA,NA,NA,NA,0,NA,0,0,NA,NA,NA,NA,NA,0,NA,NA,NA,NA,NA,NA,NA,0,BYE,BYE,BYE,BYE,BYE
9,12476,Devin Neal,RB,22.1,NO,52.0,52,52,2.2,1.7,1.2,1,1,0,41,16,0,0.0,0,0,0,0,0,0,0.00,11,0,0,0,0.00,0.00,1,-1,0,0,0,1,2,1,1.0,1.0,3,0,0,12,0,9,11,3.67,39.0%,0,2.90,0.000,0,0.290,0,4,0.000,0.0,NA,4.0%,NA,0,NA,NA,NA,NA,NA,NA,NA,12,@ LAR,31,·,5.8,-3.6
9,11643,Jaylen Wright,RB,22.5,MIA,999.0,999,999,0,0,0,0,0,0,64,0,0,0.0,0,0,0,0,0,0,0.00,0,0,0,0,0.00,0.00,0,0,0,0,0,0,0,0,0.0,0.0,0,0,0,0,0,NA,0,0,0.0%,NA,NA,NA,0,NA,0,0,NA,NA,NA,NA,NA,0,NA,NA,NA,NA,NA,NA,NA,0,vs BAL,2,OUT,OUT,OUT
9,11596,Ben Sinnott,TE,23.3,WAS,999.0,999,999,0,0,0,1,1,0,65,17,0,0.0,0,0,0,0,0,0,0.00,0,0,0,0,0.00,0.00,0,0,0,0,0,0,0,0,0.0,0.0,0,0,0,0,0,NA,0,0,26.2%,NA,NA,NA,0,NA,0,0,NA,0.0,NA,NA,NA,0,NA,NA,NA,NA,NA,NA,NA,0,vs SEA,23,·,0.8,-0.8
9,12545,Tyler Shough,QB,26.0,NO,23.0,23,23,10.24,10.24,10.24,1,1,1,41,37,0,62.5,129,24,15,7,9,1,81.30,178,1,1,176,7.33,11.73,0,0,0,0,0,0,0,0,0.0,0.0,1,0,0,2,0,NA,2,2,90.2%,NA,NA,NA,0,NA,8,25,NA,NA,NA,NA,NA,8,33.3%,2.79,12.5%,28.0%,9.50,NA,25,178,@ LAR,27,·,15.9,-5.7
9,9225,Tank Bigsby,RB,24.1,PHI,0.0,0,0,0,0,0,0,0,0,0,0,0,0.0,0,0,0,0,0,0,0.00,0,0,0,0,0.00,0.00,0,0,0,0,0,0,0,0,0.0,0.0,0,0,0,0,0,NA,0,0,NA,NA,NA,NA,0,NA,0,0,NA,NA,NA,NA,NA,0,NA,NA,NA,NA,NA,NA,NA,0,BYE,BYE,BYE,BYE,BYE
9,11577,Will Shipley,RB,23.1,PHI,0.0,0,0,0,0,0,0,0,0,0,0,0,0.0,0,0,0,0,0,0,0.00,0,0,0,0,0.00,0.00,0,0,0,0,0,0,0,0,0.0,0.0,0,0,0,0,0,NA,0,0,NA,NA,NA,NA,0,NA,0,0,NA,NA,NA,NA,NA,0,NA,NA,NA,NA,NA,NA,NA,0,BYE,BYE,BYE,BYE,BYE
9,4454,Kendrick Bourne,WR,30.2,SF,61.0,59,56,5.4,4.4,3.4,1,1,1,66,48,0,0.0,0,0,0,0,0,0,0.00,0,0,0,0,0.00,0.00,2,30,0,2,0,2,4,34,17.0,17.0,0,0,0,34,0,NA,0,0,72.7%,NA,NA,NA,0,NA,2,2,1.000,2.0,21,8.3%,1.62,0,NA,NA,NA,NA,NA,0.095,NA,34,@ NYG,5,·,9.5,-4.1
9,12485,Tez Johnson,WR,23.4,TB,0.0,0,0,0,0,0,0,0,0,0,0,0,0.0,0,0,0,0,0,0,0.00,0,0,0,0,0.00,0.00,0,0,0,0,0,0,0,0,0.0,0.0,0,0,0,0,0,NA,0,0,NA,NA,NA,NA,0,NA,0,0,NA,NA,NA,NA,NA,0,NA,NA,NA,NA,NA,NA,NA,0,BYE,BYE,BYE,BYE,BYE
9,7670,Joshua Palmer,WR,26.0,BUF,0.0,0,0,0,0,0,0,0,0,0,0,0,0.0,0,0,0,0,0,0,0.00,0,0,0,0,0.00,0.00,0,0,0,0,0,0,0,0,0.0,0.0,0,0,0,0,0,NA,0,0,NA,NA,NA,NA,0,NA,0,0,NA,NA,NA,NA,NA,0,NA,NA,NA,NA,NA,NA,NA,0,vs KC,29,OUT,OUT,OUT
9,7587,Dyami Brown,WR,25.9,JAX,60.0,60,59,5.9,4.4,2.9,1,1,1,80,48,0,0.0,0,0,0,0,0,0,0.00,4,0,0,0,0.00,0.00,3,18,2,1,0,7,7,25,8.3,3.6,1,0,0,29,0,NA,4,4,60.0%,NA,NA,NA,0,NA,1,8,0.125,1.0,23,20.6%,1.09,0,NA,NA,NA,NA,NA,0.043,NA,29,@ LV,3,OUT,8.0,-2.1
9,11581,MarShawn Lloyd,RB,24.7,GB,999.0,999,999,0,0,0,1,0,0,0,0,0,0.0,0,0,0,0,0,0,0.00,0,0,0,0,0.00,0.00,0,0,0,0,0,0,0,0,0.0,0.0,0,0,0,0,0,NA,0,0,NA,NA,NA,NA,0,NA,0,0,NA,NA,NA,NA,NA,0,NA,NA,NA,NA,NA,NA,NA,0,vs CAR,19,IR,IR,IR
9,10219,Chris Rodriguez,RB,25.0,WAS,16.0,15,8,12.5,12.5,12.5,1,1,0,65,22,0,0.0,0,0,0,0,0,0,0.00,65,0,0,0,0.00,0.00,0,0,0,0,0,0,0,0,0.0,0.0,12,1,6,65,1,48,65,5.42,33.8%,2,4.00,0.167,7,0.567,7,12,0.583,7.0,NA,0.0%,NA,0,NA,NA,NA,NA,NA,NA,NA,65,vs SEA,17,·,1.4,11.1
9,12543,Tahj Brooks,RB,23.4,CIN,66.0,66,65,0.1,0.1,0.1,1,1,0,68,3,0,0.0,0,0,0,0,0,0,0.00,1,0,0,0,0.00,0.00,0,0,0,0,0,0,0,0,0.0,0.0,1,0,0,1,0,1,1,1,4.4%,0,1.40,0.000,0,0.140,0,1,0.000,0.0,NA,0.0%,NA,0,NA,NA,NA,NA,NA,NA,NA,1,vs CHI,10,·,1.3,-1.2
9,11569,Jarquez Hunter,RB,22.8,LAR,0.0,0,0,0,0,0,0,0,0,0,0,0,0.0,0,0,0,0,0,0,0.00,0,0,0,0,0.00,0.00,0,0,0,0,0,0,0,0,0.0,0.0,0,0,0,0,0,NA,0,0,NA,NA,NA,NA,0,NA,0,0,NA,NA,NA,NA,NA,0,NA,NA,NA,NA,NA,NA,NA,0,vs NO,14,OUT,OUT,OUT
9,10232,Michael Wilson,WR,25.6,ARI,43.0,42,40,9.1,7.6,6.1,1,1,0,67,48,0,0.0,0,0,0,0,0,0,0.00,0,0,0,0,0.00,0.00,3,21,0,2,0,4,40,61,20.3,15.3,0,0,0,61,0,NA,0,0,71.6%,NA,NA,NA,0,NA,2,4,0.500,2.0,27,12.9%,2.26,0,NA,NA,NA,NA,NA,0.074,NA,61,@ DAL,1,·,7.2,1.9
9,5995,Justice Hill,RB,27.9,BAL,43.0,46,49,3.5,2.5,1.5,1,1,0,56,11,0,0.0,0,0,0,0,0,0,0.00,2,0,0,0,0.00,0.00,2,-4,0,1,0,2,17,13,6.5,6.5,1,0,0,15,0,2,2,2,19.6%,0,2.40,0.000,0,0.240,1,3,0.333,1.0,NA,8.7%,NA,0,NA,NA,NA,NA,NA,NA,NA,15,@ MIA,4,·,6.7,-3.2
9,8180,Jalen Nailor,WR,26.6,MIN,79.0,76,73,2.6,2.1,1.6,1,1,0,62,33,0,0.0,0,0,0,0,0,0,0.00,0,0,0,0,0.00,0.00,1,16,0,1,0,4,0,16,16.0,4.0,0,0,0,16,0,NA,0,0,53.2%,NA,NA,NA,0,NA,1,4,0.250,1.0,19,16.0%,0.84,0,NA,NA,NA,NA,NA,0.053,NA,16,@ DET,7,·,4.4,-1.8
9,8698,Jake Tonges,TE,26.2,SF,999.0,999,999,0,0,0,1,1,0,66,4,0,0.0,0,0,0,0,0,0,0.00,0,0,0,0,0.00,0.00,0,0,0,0,0,0,0,0,0.0,0.0,0,0,0,0,0,NA,0,0,6.1%,NA,NA,NA,0,NA,0,0,NA,0.0,1,0.0%,0.00,0,NA,NA,NA,NA,NA,0.000,NA,0,@ NYG,17,·,1.2,-1.2
9,8123,Hassan Haskins,RB,25.8,LAC,999.0,999,999,0,0,0,1,0,0,0,0,0,0.0,0,0,0,0,0,0,0.00,0,0,0,0,0.00,0.00,0,0,0,0,0,0,0,0,0.0,0.0,0,0,0,0,0,NA,0,0,NA,NA,NA,NA,0,NA,0,0,NA,NA,NA,NA,NA,0,NA,NA,NA,NA,NA,NA,NA,0,@ TEN,3,IR,IR,IR
9,4098,Kareem Hunt,RB,30.1,KC,17.0,16,12,12.5,12,11.5,1,1,1,60,47,0,0.0,0,0,0,0,0,0,0.00,49,0,0,0,0.00,0.00,1,-3,0,0,0,2,9,6,6.0,3.0,11,0,2,55,1,30,49,4.45,78.3%,3,2.70,0.273,3,0.543,3,13,0.231,3.0,NA,5.9%,NA,0,NA,NA,NA,NA,NA,NA,NA,55,@ BUF,6,·,11.7,0.8
9,11630,Roman Wilson,WR,24.3,PIT,99.0,99,99,-0.6,-1.1,-1.6,1,1,0,62,29,1,0.0,0,0,0,0,0,0,0.00,0,0,0,0,0.00,0.00,1,-1,0,0,0,2,5,4,4.0,2.0,0,0,0,4,0,NA,0,0,46.8%,NA,NA,NA,0,NA,0,2,0.000,0.0,18,5.7%,0.22,0,NA,NA,NA,NA,NA,0.000,NA,4,vs IND,4,·,5.1,-5.7
9,12540,Chimere Dike,WR,23.8,TEN,51.0,46,36,7.5,7,6.5,1,1,1,47,41,0,0.0,0,0,0,0,0,0,0.00,0,0,0,0,0.00,0.00,1,-4,0,0,0,3,9,5,5.0,1.7,0,0,0,5,0,NA,0,0,87.2%,NA,NA,NA,0,NA,0,3,0.000,0.0,23,14.3%,0.22,0,NA,NA,NA,NA,NA,0.000,NA,5,vs LAC,27,·,9.3,-1.8
9,8117,Jalen Tolbert,WR,26.6,DAL,999.0,999,999,0,0,0,1,1,0,67,7,0,0.0,0,0,0,0,0,0,0.00,0,0,0,0,0.00,0.00,0,0,0,0,0,0,0,0,0.0,0.0,0,0,0,0,0,NA,0,0,10.4%,NA,NA,NA,0,NA,0,0,NA,0.0,4,0.0%,0.00,0,NA,NA,NA,NA,NA,0.000,NA,0,vs ARI,23,·,2.7,-2.7
9,12523,Jimmy Horn,WR,23.0,CAR,85.0,85,85,1.8,1.3,0.8,1,1,0,58,14,0,0.0,0,0,0,0,0,0,0.00,7,0,0,0,0.00,0.00,1,0,0,0,0,2,1,1,1.0,0.5,1,0,1,8,0,NA,7,7,24.1%,NA,NA,NA,1,NA,1,3,0.333,1.0,6,10.0%,0.17,0,NA,NA,NA,NA,NA,0.000,NA,8,@ GB,13,·,2.5,-0.7
9,12670,KeAndre Lambert-Smith,WR,24.0,LAC,999.0,999,999,0,0,0,1,1,0,65,5,0,0.0,0,0,0,0,0,0,0.00,0,0,0,0,0.00,0.00,0,0,0,0,0,1,0,0,0.0,0.0,0,0,0,0,0,NA,0,0,7.7%,NA,NA,NA,0,NA,0,1,0.000,0.0,2,3.4%,0.00,0,NA,NA,NA,NA,NA,0.000,NA,0,@ TEN,10,·,0.2,-0.2
9,12502,Gunnar Helm,TE,23.1,TEN,44.0,42,42,2.5,2,1.5,1,1,0,47,21,0,0.0,0,0,0,0,0,0,0.00,0,0,0,0,0.00,0.00,1,13,0,1,0,1,2,15,15.0,15.0,0,0,0,15,0,NA,0,0,44.7%,NA,NA,NA,0,NA,1,1,1.000,1.0,7,4.8%,2.14,0,NA,NA,NA,NA,NA,0.143,NA,15,vs LAC,27,·,4.8,-2.3
9,11651,Isaac Guerendo,RB,25.2,SF,999.0,999,999,0,0,0,1,1,0,66,0,0,0.0,0,0,0,0,0,0,0.00,0,0,0,0,0.00,0.00,0,0,0,0,0,0,0,0,0.0,0.0,0,0,0,0,0,NA,0,0,0.0%,NA,NA,NA,0,NA,0,0,NA,0.0,NA,NA,NA,0,NA,NA,NA,NA,NA,NA,NA,0,@ NYG,7,·,0.3,-0.3
9,3321,Tyreek Hill,WR,31.6,MIA,999.0,999,999,0,0,0,1,0,0,0,0,0,0.0,0,0,0,0,0,0,0.00,0,0,0,0,0.00,0.00,0,0,0,0,0,0,0,0,0.0,0.0,0,0,0,0,0,NA,0,0,NA,NA,NA,NA,0,NA,0,0,NA,NA,NA,NA,NA,0,NA,NA,NA,NA,NA,NA,NA,0,vs BAL,2,IR,IR,IR
9,11557,Joe Milton,QB,25.6,DAL,999.0,999,999,0,0,0,1,0,0,67,0,0,0.0,0,0,0,0,0,0,0.00,0,0,0,0,0.00,0.00,0,0,0,0,0,0,0,0,0.0,0.0,0,0,0,0,0,NA,0,0,0.0%,NA,NA,NA,0,NA,0,0,NA,NA,NA,NA,NA,0,NA,NA,NA,NA,NA,NA,NA,0,vs ARI,23,·,·,·
9,7828,Noah Gray,TE,26.4,KC,999.0,999,999,0,0,0,1,1,1,60,22,0,0.0,0,0,0,0,0,0,0.00,0,0,0,0,0.00,0.00,0,0,0,0,0,1,0,0,0.0,0.0,0,0,0,0,0,NA,0,0,36.7%,NA,NA,NA,0,NA,0,1,0.000,0.0,7,2.9%,0.00,0,NA,NA,NA,NA,NA,0.000,NA,0,@ BUF,31,·,3.0,-3.0
9,6149,Darius Slayton,WR,28.7,NYG,34.0,35,39,11.2,8.7,6.2,1,1,1,57,51,0,0.0,0,0,0,0,0,0,0.00,0,0,0,0,0.00,0.00,5,44,0,2,0,7,18,62,12.4,8.9,0,0,0,62,0,NA,0,0,89.5%,NA,NA,NA,0,NA,2,7,0.286,2.0,33,21.2%,1.88,0,NA,NA,NA,NA,NA,0.061,NA,62,vs SF,17,·,9.4,1.8
9,10218,Xavier Hutchinson,WR,25.3,HOU,58.0,57,57,6,4.5,3,1,1,1,73,46,0,0.0,0,0,0,0,0,0,0.00,0,0,0,0,0.00,0.00,3,25,0,1,0,5,5,30,10.0,6.0,0,0,0,30,0,NA,0,0,63.0%,NA,NA,NA,0,NA,1,5,0.200,1.0,30,12.5%,1.00,0,NA,NA,NA,NA,NA,0.033,NA,30,vs DEN,32,·,3.1,2.9
9,9481,Luke Musgrave,TE,25.1,GB,30.0,31,28,6.4,4.9,3.4,1,1,1,65,30,0,0.0,0,0,0,0,0,0,0.00,0,0,0,0,0.00,0.00,3,23,0,2,0,3,11,34,11.3,11.3,0,0,0,34,0,NA,0,0,46.2%,NA,NA,NA,0,NA,2,3,0.667,2.0,17,8.1%,2.00,0,NA,NA,NA,NA,NA,0.118,NA,34,vs CAR,10,·,2.5,3.9
9,5857,Noah Fant,TE,27.8,CIN,15.0,14,9,10.8,9.8,8.8,1,1,1,68,31,0,0.0,0,0,0,0,0,0,0.00,0,0,0,0,0.00,0.00,2,26,0,0,1,3,2,28,14.0,9.3,0,0,0,28,0,NA,0,0,45.6%,NA,NA,NA,0,NA,1,3,0.333,1.0,20,6.4%,1.40,0,NA,NA,NA,NA,NA,0.000,NA,28,vs CHI,12,·,8.9,1.9
9,5906,Dawson Knox,TE,28.9,BUF,38.0,35,29,4,3.5,3,1,1,1,66,32,0,0.0,0,0,0,0,0,0,0.00,0,0,0,0,0.00,0.00,1,23,0,1,0,1,7,30,30.0,30.0,0,0,0,30,0,NA,0,0,48.5%,NA,NA,NA,0,NA,1,1,1.000,1.0,8,3.8%,3.75,0,NA,NA,NA,NA,NA,0.125,NA,30,vs KC,29,·,5.3,-1.3
9,12482,Savion Williams,WR,23.8,GB,94.0,95,97,1.2,0.2,-0.8,1,1,0,65,19,1,0.0,0,0,0,0,0,0,0.00,0,0,0,0,0.00,0.00,2,3,0,1,0,2,9,12,6.0,6.0,1,0,0,12,0,NA,0,0,29.2%,NA,NA,NA,0,NA,1,3,0.333,1.0,9,5.4%,1.33,0,NA,NA,NA,NA,NA,0.111,NA,12,vs CAR,31,·,0.8,0.4
9,7528,Najee Harris,RB,27.6,LAC,999.0,999,999,0,0,0,1,0,0,0,0,0,0.0,0,0,0,0,0,0,0.00,0,0,0,0,0.00,0.00,0,0,0,0,0,0,0,0,0.0,0.0,0,0,0,0,0,NA,0,0,NA,NA,NA,NA,0,NA,0,0,NA,NA,NA,NA,NA,0,NA,NA,NA,NA,NA,NA,NA,0,@ TEN,3,IR,IR,IR
9,12544,LeQuint Allen,RB,21.2,JAX,53.0,54,53,2.1,1.6,1.1,1,1,0,80,22,0,0.0,0,0,0,0,0,0,0.00,10,0,0,0,0.00,0.00,1,1,0,0,0,1,0,1,1.0,1.0,1,0,1,11,0,2,10,10,27.5%,0,1.80,0.000,1,0.180,1,2,0.500,1.0,NA,2.9%,NA,0,NA,NA,NA,NA,NA,NA,NA,11,@ LV,16,·,3.1,-1.0
9,8143,Jerome Ford,RB,26.0,CLE,0.0,0,0,0,0,0,0,0,0,0,0,0,0.0,0,0,0,0,0,0,0.00,0,0,0,0,0.00,0.00,0,0,0,0,0,0,0,0,0.0,0.0,0,0,0,0,0,NA,0,0,NA,NA,NA,NA,0,NA,0,0,NA,NA,NA,NA,NA,0,NA,NA,NA,NA,NA,NA,NA,0,BYE,BYE,BYE,BYE,BYE
9,12467,Jordan James,RB,21.5,SF,0.0,0,0,0,0,0,0,0,0,0,0,0,0.0,0,0,0,0,0,0,0.00,0,0,0,0,0.00,0.00,0,0,0,0,0,0,0,0,0.0,0.0,0,0,0,0,0,NA,0,0,NA,NA,NA,NA,0,NA,0,0,NA,NA,NA,NA,NA,0,NA,NA,NA,NA,NA,NA,NA,0,@ NYG,7,OUT,OUT,OUT
9,11623,Jordan Whittington,WR,25.0,LAR,999.0,999,999,0,0,0,1,1,1,80,35,0,0.0,0,0,0,0,0,0,0.00,0,0,0,0,0.00,0.00,0,0,0,0,0,0,0,0,0.0,0.0,0,0,0,0,0,NA,0,0,43.8%,NA,NA,NA,0,NA,0,0,NA,0.0,19,0.0%,0.00,0,NA,NA,NA,NA,NA,0.000,NA,0,vs NO,22,·,4.5,-4.5
9,3161,Carson Wentz,QB,32.7,MIN,999.0,999,999,0,0,0,1,0,0,0,0,0,0.0,0,0,0,0,0,0,0.00,0,0,0,0,0.00,0.00,0,0,0,0,0,0,0,0,0.0,0.0,0,0,0,0,0,NA,0,0,NA,NA,NA,NA,0,NA,0,0,NA,NA,NA,NA,NA,0,NA,NA,NA,NA,NA,NA,NA,0,@ DET,11,IR,IR,IR
9,19,Joe Flacco,QB,40.7,CIN,2.0,2,2,32.7,32.7,32.7,1,1,1,68,68,1,66.0,287,47,31,18,16,2,109.40,469,3,4,470,10.00,15.16,0,0,0,0,0,0,0,0,0.0,0.0,1,0,0,-1,0,NA,-1,-1,100.0%,NA,NA,NA,0,NA,22,48,NA,NA,NA,NA,NA,22,46.8%,2.69,14.9%,38.0%,9.30,NA,50,469,vs CHI,9,·,18.7,14.0
9,7562,Tutu Atwell,WR,26.0,LAR,999.0,999,999,0,0,0,1,0,0,0,0,0,0.0,0,0,0,0,0,0,0.00,0,0,0,0,0.00,0.00,0,0,0,0,0,0,0,0,0.0,0.0,0,0,0,0,0,NA,0,0,NA,NA,NA,NA,0,NA,0,0,NA,NA,NA,NA,NA,0,NA,NA,NA,NA,NA,NA,NA,0,vs NO,22,IR,IR,IR
9,10235,Roschon Johnson,RB,24.6,CHI,0.0,0,0,0,0,0,0,0,0,0,0,0,0.0,0,0,0,0,0,0,0.00,0,0,0,0,0.00,0.00,0,0,0,0,0,0,0,0,0.0,0.0,0,0,0,0,0,NA,0,0,NA,NA,NA,NA,0,NA,0,0,NA,NA,NA,NA,NA,0,NA,NA,NA,NA,NA,NA,NA,0,@ CIN,1,OUT,OUT,OUT
9,10226,Andrei Iosivas,WR,26.0,CIN,13.0,12,11,18,15.5,13,1,1,0,68,57,0,0.0,0,0,0,0,0,0,0.00,4,0,0,0,0.00,0.00,5,47,1,2,1,7,19,66,13.2,9.4,1,0,0,70,0,NA,4,4,83.8%,NA,NA,NA,0,NA,3,8,0.375,3.0,45,14.9%,1.47,0,NA,NA,NA,NA,NA,0.044,NA,70,vs CHI,11,·,5.4,12.6
9,12511,Will Howard,QB,24.0,PIT,999.0,999,999,0,0,0,1,0,0,0,0,0,0.0,0,0,0,0,0,0,0.00,0,0,0,0,0.00,0.00,0,0,0,0,0,0,0,0,0.0,0.0,0,0,0,0,0,NA,0,0,NA,NA,NA,NA,0,NA,0,0,NA,NA,NA,NA,NA,0,NA,NA,NA,NA,NA,NA,NA,0,vs IND,12,IR,IR,IR
9,8917,KaVontae Turpin,WR,29.2,DAL,70.0,74,77,3.3,2.3,1.3,1,1,0,67,13,0,0.0,0,0,0,0,0,0,0.00,3,0,0,0,0.00,0.00,2,10,1,0,0,3,0,10,5.0,3.3,1,0,0,13,0,NA,3,3,19.4%,NA,NA,NA,0,NA,0,4,0.000,0.0,10,7.7%,1.00,0,NA,NA,NA,NA,NA,0.000,NA,13,vs ARI,23,·,5.5,-2.2
9,11783,Ryan Flournoy,WR,25.9,DAL,42.0,38,34,9.2,8.2,7.2,1,1,0,67,45,0,0.0,0,0,0,0,0,0,0.00,0,0,0,0,0.00,0.00,2,12,0,1,1,2,0,12,6.0,6.0,0,0,0,12,0,NA,0,0,67.2%,NA,NA,NA,0,NA,2,2,1.000,2.0,27,5.1%,0.44,0,NA,NA,NA,NA,NA,0.037,NA,12,vs ARI,23,·,1.3,7.9
9,11435,Emanuel Wilson,RB,26.4,GB,48.0,48,47,2.7,2.2,1.7,1,1,0,65,21,0,0.0,0,0,0,0,0,0,0.00,16,0,0,0,0.00,0.00,1,-6,1,0,0,2,7,1,1.0,0.5,6,0,1,17,0,11,16,2.67,32.3%,0,1.80,0.000,1,0.180,1,8,0.125,1.0,NA,5.4%,NA,0,NA,NA,NA,NA,NA,NA,NA,17,vs CAR,19,·,7.5,-4.8
9,8119,Jahan Dotson,WR,25.5,PHI,0.0,0,0,0,0,0,0,0,0,0,0,0,0.0,0,0,0,0,0,0,0.00,0,0,0,0,0.00,0.00,0,0,0,0,0,0,0,0,0.0,0.0,0,0,0,0,0,NA,0,0,NA,NA,NA,NA,0,NA,0,0,NA,NA,NA,NA,NA,0,NA,NA,NA,NA,NA,NA,NA,0,BYE,BYE,BYE,BYE,BYE
9,7694,Tommy Tremble,TE,25.3,CAR,999.0,999,999,0,0,0,1,1,1,58,32,0,0.0,0,0,0,0,0,0,0.00,0,0,0,0,0.00,0.00,0,0,0,0,0,1,0,0,0.0,0.0,0,0,0,0,0,NA,0,0,55.2%,NA,NA,NA,0,NA,0,1,0.000,0.0,7,5.0%,0.00,0,NA,NA,NA,NA,NA,0.000,NA,0,@ GB,4,·,3.1,-3.1
9,9497,Jalin Hyatt,WR,24.0,NYG,999.0,999,999,0,0,0,1,1,0,57,0,0,0.0,0,0,0,0,0,0,0.00,0,0,0,0,0.00,0.00,0,0,0,0,0,0,0,0,0.0,0.0,0,0,0,0,0,NA,0,0,0.0%,NA,NA,NA,0,NA,0,0,NA,0.0,NA,NA,NA,0,NA,NA,NA,NA,NA,NA,NA,0,vs SF,17,·,1.4,-1.4
9,12500,Quinn Ewers,QB,22.4,MIA,0.0,0,0,0,0,0,0,0,0,0,0,0,0.0,0,0,0,0,0,0,0.00,0,0,0,0,0.00,0.00,0,0,0,0,0,0,0,0,0.0,0.0,0,0,0,0,0,NA,0,0,NA,NA,NA,NA,0,NA,0,0,NA,NA,NA,NA,NA,0,NA,NA,NA,NA,NA,NA,NA,0,vs BAL,2,OUT,OUT,OUT
9,11629,Devontez Walker,WR,24.3,BAL,0.0,0,0,0,0,0,0,0,0,0,0,0,0.0,0,0,0,0,0,0,0.00,0,0,0,0,0.00,0.00,0,0,0,0,0,0,0,0,0.0,0.0,0,0,0,0,0,NA,0,0,NA,NA,NA,NA,0,NA,0,0,NA,NA,NA,NA,NA,0,NA,NA,NA,NA,NA,NA,NA,0,@ MIA,26,OUT,OUT,OUT
9,9479,Darnell Washington,TE,24.1,PIT,23.0,24,24,8.3,6.3,4.3,1,1,1,62,41,0,0.0,0,0,0,0,0,0,0.00,0,0,0,0,0.00,0.00,4,32,1,3,0,6,11,43,10.8,7.2,0,0,0,43,0,NA,0,0,66.1%,NA,NA,NA,0,NA,3,6,0.500,3.0,13,17.1%,3.31,0,NA,NA,NA,NA,NA,0.231,NA,43,vs IND,5,·,4.5,3.8
9,11199,Emari Demercado,RB,26.7,ARI,26.0,25,25,8.8,8.3,7.8,1,1,0,67,27,0,0.0,0,0,0,0,0,0,0.00,79,0,0,0,0.00,0.00,1,-1,0,0,0,1,0,-1,-1.0,-1.0,14,0,4,78,0,57,79,5.64,40.3%,4,4.10,0.286,4,0.696,4,15,0.267,4.0,NA,3.2%,NA,0,NA,NA,NA,NA,NA,NA,NA,78,@ DAL,5,·,4.2,4.6
9,4040,JuJu Smith-Schuster,WR,28.8,KC,93.0,94,94,1.2,0.7,0.2,1,1,0,60,17,0,0.0,0,0,0,0,0,0,0.00,0,0,0,0,0.00,0.00,1,-1,0,0,0,1,3,2,2.0,2.0,0,0,0,2,0,NA,0,0,28.3%,NA,NA,NA,0,NA,0,1,0.000,0.0,8,2.9%,0.25,0,NA,NA,NA,NA,NA,0.000,NA,2,@ BUF,24,·,4.5,-3.3
9,1426,DeAndre Hopkins,WR,33.3,BAL,999.0,999,999,0,0,0,1,1,0,56,18,0,0.0,0,0,0,0,0,0,0.00,0,0,0,0,0.00,0.00,0,0,0,0,0,1,0,0,0.0,0.0,0,0,0,0,0,NA,0,0,32.1%,NA,NA,NA,0,NA,0,1,0.000,0.0,8,4.3%,0.00,0,NA,NA,NA,NA,NA,0.000,NA,0,@ MIA,26,·,4.4,-4.4
9,6111,Jake Browning,QB,29.5,CIN,999.0,999,999,0,0,0,1,0,0,68,0,0,0.0,0,0,0,0,0,0,0.00,0,0,0,0,0.00,0.00,0,0,0,0,0,0,0,0,0.0,0.0,0,0,0,0,0,NA,0,0,0.0%,NA,NA,NA,0,NA,0,0,NA,NA,NA,NA,NA,0,NA,NA,NA,NA,NA,NA,NA,0,vs CHI,9,·,·,·
9,12542,Efton Chism,WR,23.9,NE,999.0,999,999,0,0,0,1,1,0,68,4,0,0.0,0,0,0,0,0,0,0.00,0,0,0,0,0.00,0.00,0,0,0,0,0,0,0,0,0.0,0.0,0,0,0,0,0,NA,0,0,5.9%,NA,NA,NA,0,NA,0,0,NA,0.0,NA,NA,NA,0,NA,NA,NA,NA,NA,NA,NA,0,vs ATL,28,·,0.6,-0.6
9,6271,Olamide Zaccheaus,WR,28.2,CHI,14.0,13,14,17.8,14.8,11.8,1,1,0,80,51,0,0.0,0,0,0,0,0,0,0.00,0,0,0,0,0.00,0.00,6,15,0,3,1,8,43,58,9.7,7.3,0,0,0,58,0,NA,0,0,63.8%,NA,NA,NA,0,NA,4,8,0.500,4.0,27,21.6%,2.15,0,NA,NA,NA,NA,NA,0.111,NA,58,@ CIN,20,·,8.0,9.8
9,4219,Jeremy McNichols,RB,29.8,WAS,999.0,999,999,0,0,0,1,1,0,65,17,0,0.0,0,0,0,0,0,0,0.00,0,0,0,0,0.00,0.00,0,0,0,0,0,0,0,0,0.0,0.0,1,0,0,0,0,1,0,0,26.2%,0,1.10,0.000,0,0.110,0,1,0.000,0.0,NA,0.0%,NA,0,NA,NA,NA,NA,NA,NA,NA,0,vs SEA,17,·,5.9,-5.9
9,2307,Marcus Mariota,QB,31.9,WAS,999.0,999,999,0,0,0,1,1,0,65,8,0,0.0,0,0,0,0,0,0,0.00,0,0,0,0,0.00,0.00,0,0,0,0,0,0,0,0,0.0,0.0,0,0,0,0,0,NA,0,0,12.3%,NA,NA,NA,0,NA,0,0,NA,NA,NA,NA,NA,0,NA,NA,NA,NA,NA,NA,NA,0,vs SEA,21,·,·,·
9,12496,Tai Felton,WR,22.5,MIN,999.0,999,999,0,0,0,1,1,0,62,0,0,0.0,0,0,0,0,0,0,0.00,0,0,0,0,0.00,0.00,0,0,0,0,0,0,0,0,0.0,0.0,0,0,0,0,0,NA,0,0,0.0%,NA,NA,NA,0,NA,0,0,NA,0.0,NA,NA,NA,0,NA,NA,NA,NA,NA,NA,NA,0,@ DET,7,·,0.1,-0.1
9,7596,Elijah Moore,WR,25.5,BUF,66.0,62,60,3.8,3.3,2.8,1,1,0,66,17,0,0.0,0,0,0,0,0,0,0.00,0,0,0,0,0.00,0.00,1,25,0,1,0,1,3,28,28.0,28.0,0,0,0,28,0,NA,0,0,25.8%,NA,NA,NA,0,NA,1,1,1.000,1.0,11,3.8%,2.55,0,NA,NA,NA,NA,NA,0.091,NA,28,vs KC,29,·,3.3,0.5
9,11619,Ja'Lynn Polk,WR,23.5,NO,999.0,999,999,0,0,0,1,0,0,0,0,0,0.0,0,0,0,0,0,0,0.00,0,0,0,0,0.00,0.00,0,0,0,0,0,0,0,0,0.0,0.0,0,0,0,0,0,NA,0,0,NA,NA,NA,NA,0,NA,0,0,NA,NA,NA,NA,NA,0,NA,NA,NA,NA,NA,NA,NA,0,@ LAR,15,IR,IR,IR
9,9492,Trey Palmer,WR,24.5,NO,999.0,999,999,0,0,0,1,0,0,0,0,0,0.0,0,0,0,0,0,0,0.00,0,0,0,0,0.00,0.00,0,0,0,0,0,0,0,0,0.0,0.0,0,0,0,0,0,NA,0,0,NA,NA,NA,NA,0,NA,0,0,NA,NA,NA,NA,NA,0,NA,NA,NA,NA,NA,NA,NA,0,@ LAR,15,IR,IR,IR
9,8161,Malik Willis,QB,26.3,GB,999.0,999,999,0,0,0,1,0,0,65,0,0,0.0,0,0,0,0,0,0,0.00,0,0,0,0,0.00,0.00,0,0,0,0,0,0,0,0,0.0,0.0,0,0,0,0,0,NA,0,0,0.0%,NA,NA,NA,0,NA,0,0,NA,NA,NA,NA,NA,0,NA,NA,NA,NA,NA,NA,NA,0,vs CAR,19,·,·,·
9,11640,Jermaine Burton,WR,24.2,CIN,0.0,0,0,0,0,0,0,0,0,0,0,0,0.0,0,0,0,0,0,0,0.00,0,0,0,0,0.00,0.00,0,0,0,0,0,0,0,0,0.0,0.0,0,0,0,0,0,NA,0,0,NA,NA,NA,NA,0,NA,0,0,NA,NA,NA,NA,NA,0,NA,NA,NA,NA,NA,NA,NA,0,vs CHI,11,OUT,OUT,OUT
9,3200,Sterling Shepard,WR,32.6,TB,0.0,0,0,0,0,0,0,0,0,0,0,0,0.0,0,0,0,0,0,0,0.00,0,0,0,0,0.00,0.00,0,0,0,0,0,0,0,0,0.0,0.0,0,0,0,0,0,NA,0,0,NA,NA,NA,NA,0,NA,0,0,NA,NA,NA,NA,NA,0,NA,NA,NA,NA,NA,NA,NA,0,BYE,BYE,BYE,BYE,BYE
9,6039,Ty Johnson,RB,28.0,BUF,22.0,24,24,10,9,8,1,1,0,66,13,0,0.0,0,0,0,0,0,0,0.00,8,0,0,0,0.00,0.00,2,-7,0,1,0,2,19,12,6.0,6.0,2,0,0,20,1,5,8,4,19.7%,0,2.40,0.000,1,0.240,2,4,0.500,2.0,NA,7.7%,NA,0,NA,NA,NA,NA,NA,NA,NA,20,vs KC,27,·,5.2,4.8
9,11821,Tahj Washington,WR,24.4,MIA,97.0,98,98,0.1,-0.4,-0.9,1,1,1,64,9,1,0.0,0,0,0,0,0,0,0.00,0,0,0,0,0.00,0.00,1,5,0,0,0,2,6,11,11.0,5.5,0,0,0,11,0,NA,0,0,14.1%,NA,NA,NA,0,NA,0,2,0.000,0.0,8,5.0%,1.38,0,NA,NA,NA,NA,NA,0.000,NA,11,vs BAL,2,·,·,·
9,12462,Damien Martinez,RB,21.6,FA,0.0,0,0,0,0,0,0,0,0,0,0,0,0.0,0,0,0,0,0,0,0.00,0,0,0,0,0.00,0.00,0,0,0,0,0,0,0,0,0.0,0.0,0,0,0,0,0,NA,0,0,NA,NA,NA,NA,0,NA,0,0,NA,NA,NA,NA,NA,0,NA,NA,NA,NA,NA,NA,NA,0,NA,,·,·,·
9,2306,Jameis Winston,QB,31.7,NYG,0.0,0,0,0,0,0,0,0,0,0,0,0,0.0,0,0,0,0,0,0,0.00,0,0,0,0,0.00,0.00,0,0,0,0,0,0,0,0,0.0,0.0,0,0,0,0,0,NA,0,0,NA,NA,NA,NA,0,NA,0,0,NA,NA,NA,NA,NA,0,NA,NA,NA,NA,NA,NA,NA,0,vs SF,13,OUT,OUT,OUT
9,12520,Xavier Restrepo,WR,23.5,TEN,999.0,999,999,0,0,0,1,0,0,0,0,0,0.0,0,0,0,0,0,0,0.00,0,0,0,0,0.00,0.00,0,0,0,0,0,0,0,0,0.0,0.0,0,0,0,0,0,NA,0,0,NA,NA,NA,NA,0,NA,0,0,NA,NA,NA,NA,NA,0,NA,NA,NA,NA,NA,NA,NA,0,vs LAC,27,·,·,·
9,11599,Cade Stover,TE,25.3,HOU,999.0,999,999,0,0,0,1,0,0,0,0,0,0.0,0,0,0,0,0,0,0.00,0,0,0,0,0.00,0.00,0,0,0,0,0,0,0,0,0.0,0.0,0,0,0,0,0,NA,0,0,NA,NA,NA,NA,0,NA,0,0,NA,NA,NA,NA,NA,0,NA,NA,NA,NA,NA,NA,NA,0,vs DEN,24,IR,IR,IR
9,2505,Darren Waller,TE,33.0,MIA,999.0,999,999,0,0,0,1,0,0,0,0,0,0.0,0,0,0,0,0,0,0.00,0,0,0,0,0.00,0.00,0,0,0,0,0,0,0,0,0.0,0.0,0,0,0,0,0,NA,0,0,NA,NA,NA,NA,0,NA,0,0,NA,NA,NA,NA,NA,0,NA,NA,NA,NA,NA,NA,NA,0,vs BAL,11,IR,IR,IR
9,11616,Jacob Cowing,WR,24.6,SF,999.0,999,999,0,0,0,1,0,0,0,0,0,0.0,0,0,0,0,0,0,0.00,0,0,0,0,0.00,0.00,0,0,0,0,0,0,0,0,0.0,0.0,0,0,0,0,0,NA,0,0,NA,NA,NA,NA,0,NA,0,0,NA,NA,NA,NA,NA,0,NA,NA,NA,NA,NA,NA,NA,0,@ NYG,5,IR,IR,IR
9,4993,Mike Gesicki,TE,30.0,CIN,999.0,999,999,0,0,0,1,0,0,0,0,0,0.0,0,0,0,0,0,0,0.00,0,0,0,0,0.00,0.00,0,0,0,0,0,0,0,0,0.0,0.0,0,0,0,0,0,NA,0,0,NA,NA,NA,NA,0,NA,0,0,NA,NA,NA,NA,NA,0,NA,NA,NA,NA,NA,NA,NA,0,vs CHI,12,IR,IR,IR
9,12516,Kalel Mullings,RB,23.0,TEN,999.0,999,999,0,0,0,1,0,0,0,0,0,0.0,0,0,0,0,0,0,0.00,0,0,0,0,0.00,0.00,0,0,0,0,0,0,0,0,0.0,0.0,0,0,0,0,0,NA,0,0,NA,NA,NA,NA,0,NA,0,0,NA,NA,NA,NA,NA,0,NA,NA,NA,NA,NA,NA,NA,0,vs LAC,18,IR,IR,IR
9,8207,Tyler Goodson,RB,24.9,IND,55.0,56,56,1.8,1.3,0.8,1,1,0,78,11,0,0.0,0,0,0,0,0,0,0.00,0,0,0,0,0.00,0.00,1,-1,0,0,0,2,9,8,8.0,4.0,0,0,0,8,0,0,0,0,14.1%,0,0.00,NA,0,NA,0,2,0.000,0.0,NA,4.0%,NA,0,NA,NA,NA,NA,NA,NA,NA,8,@ PIT,20,·,0.3,1.5
9,8147,John Metchie,WR,25.2,PHI,0.0,0,0,0,0,0,0,0,0,0,0,0,0.0,0,0,0,0,0,0,0.00,0,0,0,0,0.00,0.00,0,0,0,0,0,0,0,0,0.0,0.0,0,0,0,0,0,NA,0,0,NA,NA,NA,NA,0,NA,0,0,NA,NA,NA,NA,NA,0,NA,NA,NA,NA,NA,NA,NA,0,BYE,BYE,BYE,BYE,BYE
9,12472,Raheim Sanders,RB,23.3,CLE,0.0,0,0,0,0,0,0,0,0,0,0,0,0.0,0,0,0,0,0,0,0.00,0,0,0,0,0.00,0.00,0,0,0,0,0,0,0,0,0.0,0.0,0,0,0,0,0,NA,0,0,NA,NA,NA,NA,0,NA,0,0,NA,NA,NA,NA,NA,0,NA,NA,NA,NA,NA,NA,NA,0,BYE,BYE,BYE,BYE,BYE
9,3271,Tyler Higbee,TE,32.7,LAR,17.0,17,16,10.3,8.8,7.3,1,1,1,80,42,0,0.0,0,0,0,0,0,0,0.00,0,0,0,0,0.00,0.00,3,2,0,1,1,4,11,13,4.3,3.3,0,0,0,13,0,NA,0,0,52.5%,NA,NA,NA,0,NA,2,4,0.500,2.0,18,12.5%,0.72,0,NA,NA,NA,NA,NA,0.056,NA,13,vs NO,21,·,4.0,6.3
9,5970,Greg Dortch,WR,27.3,ARI,95.0,93,84,0.9,0.9,0.9,1,1,0,67,14,0,0.0,0,0,0,0,0,0,0.00,9,0,0,0,0.00,0.00,0,0,0,0,0,0,0,0,0.0,0.0,1,0,0,9,0,NA,9,9,20.9%,NA,NA,NA,0,NA,0,1,0.000,0.0,11,0.0%,0.00,0,NA,NA,NA,NA,NA,0.000,NA,9,@ DAL,1,·,2.8,-1.9
9,5955,Hunter Renfrow,WR,29.8,CAR,0.0,0,0,0,0,0,0,0,0,0,0,0,0.0,0,0,0,0,0,0,0.00,0,0,0,0,0.00,0.00,0,0,0,0,0,0,0,0,0.0,0.0,0,0,0,0,0,NA,0,0,NA,NA,NA,NA,0,NA,0,0,NA,NA,NA,NA,NA,0,NA,NA,NA,NA,NA,NA,NA,0,@ GB,13,OUT,OUT,OUT
9,8129,Dameon Pierce,RB,25.6,HOU,0.0,0,0,0,0,0,0,0,0,0,0,0,0.0,0,0,0,0,0,0,0.00,0,0,0,0,0.00,0.00,0,0,0,0,0,0,0,0,0.0,0.0,0,0,0,0,0,NA,0,0,NA,NA,NA,NA,0,NA,0,0,NA,NA,NA,NA,NA,0,NA,NA,NA,NA,NA,NA,NA,0,vs DEN,22,OUT,OUT,OUT
9,11439,Jaleel McLaughlin,RB,25.0,DEN,0.0,0,0,0,0,0,0,0,0,0,0,0,0.0,0,0,0,0,0,0,0.00,0,0,0,0,0.00,0.00,0,0,0,0,0,0,0,0,0.0,0.0,0,0,0,0,0,NA,0,0,NA,NA,NA,NA,0,NA,0,0,NA,NA,NA,NA,NA,0,NA,NA,NA,NA,NA,NA,NA,0,@ HOU,24,OUT,OUT,OUT
9,12634,Jordan Watkins,WR,23.6,SF,77.0,72,69,2.9,2.4,1.9,1,1,0,66,8,0,0.0,0,0,0,0,0,0,0.00,0,0,0,0,0.00,0.00,1,19,0,1,0,1,0,19,19.0,19.0,0,0,0,19,0,NA,0,0,12.1%,NA,NA,NA,0,NA,1,1,1.000,1.0,5,4.2%,3.80,0,NA,NA,NA,NA,NA,0.200,NA,19,@ NYG,5,·,2.4,0.5
9,10871,Luke Schoonmaker,TE,27.0,DAL,45.0,45,43,2.4,1.9,1.4,1,1,0,67,13,0,0.0,0,0,0,0,0,0,0.00,0,0,0,0,0.00,0.00,1,4,1,1,0,2,10,14,14.0,7.0,0,0,0,14,0,NA,0,0,19.4%,NA,NA,NA,0,NA,1,2,0.500,1.0,5,5.1%,2.80,0,NA,NA,NA,NA,NA,0.200,NA,14,vs ARI,7,·,1.3,1.1
9,11834,Devaughn Vele,WR,27.8,NO,999.0,999,999,0,0,0,1,1,0,41,12,0,0.0,0,0,0,0,0,0,0.00,0,0,0,0,0.00,0.00,0,0,0,0,0,0,0,0,0.0,0.0,0,0,0,0,0,NA,0,0,29.3%,NA,NA,NA,0,NA,0,0,NA,0.0,6,0.0%,0.00,0,NA,NA,NA,NA,NA,0.000,NA,0,@ LAR,15,·,1.8,-1.8
9,6151,Miles Sanders,RB,28.4,DAL,999.0,999,999,0,0,0,1,0,0,0,0,0,0.0,0,0,0,0,0,0,0.00,0,0,0,0,0.00,0.00,0,0,0,0,0,0,0,0,0.0,0.0,0,0,0,0,0,NA,0,0,NA,NA,NA,NA,0,NA,0,0,NA,NA,NA,NA,NA,0,NA,NA,NA,NA,NA,NA,NA,0,vs ARI,13,IR,IR,IR
9,10231,Elijah Higgins,TE,24.9,ARI,32.0,32,32,6,4.5,3,1,1,1,67,27,0,0.0,0,0,0,0,0,0,0.00,0,0,0,0,0.00,0.00,3,6,0,1,0,3,24,30,10.0,10.0,0,0,0,30,0,NA,0,0,40.3%,NA,NA,NA,0,NA,1,3,0.333,1.0,9,9.7%,3.33,0,NA,NA,NA,NA,NA,0.111,NA,30,@ DAL,19,·,4.0,2.0
9,12738,Phil Mafah,RB,22.9,DAL,999.0,999,999,0,0,0,1,0,0,0,0,0,0.0,0,0,0,0,0,0,0.00,0,0,0,0,0.00,0.00,0,0,0,0,0,0,0,0,0.0,0.0,0,0,0,0,0,NA,0,0,NA,NA,NA,NA,0,NA,0,0,NA,NA,NA,NA,NA,0,NA,NA,NA,NA,NA,NA,NA,0,vs ARI,13,IR,IR,IR
9,11579,Audric Estime,RB,22.1,PHI,999.0,999,999,0,0,0,1,0,0,0,0,0,0.0,0,0,0,0,0,0,0.00,0,0,0,0,0.00,0.00,0,0,0,0,0,0,0,0,0.0,0.0,0,0,0,0,0,NA,0,0,NA,NA,NA,NA,0,NA,0,0,NA,NA,NA,NA,NA,0,NA,NA,NA,NA,NA,NA,NA,0,BYE,BYE,BYE,BYE,BYE
9,6865,Colby Parkinson,TE,26.7,LAR,39.0,43,47,3,2,1,1,1,0,80,45,0,0.0,0,0,0,0,0,0,0.00,0,0,0,0,0.00,0.00,2,1,0,0,0,2,9,10,5.0,5.0,0,0,0,10,0,NA,0,0,56.3%,NA,NA,NA,0,NA,0,2,0.000,0.0,5,6.3%,2.00,0,NA,NA,NA,NA,NA,0.000,NA,10,vs NO,21,·,1.2,1.8
9,12515,Donovan Edwards,RB,22.6,WAS,999.0,999,999,0,0,0,1,0,0,0,0,0,0.0,0,0,0,0,0,0,0.00,0,0,0,0,0.00,0.00,0,0,0,0,0,0,0,0,0.0,0.0,0,0,0,0,0,NA,0,0,NA,NA,NA,NA,0,NA,0,0,NA,NA,NA,NA,NA,0,NA,NA,NA,NA,NA,NA,NA,0,vs SEA,17,·,·,·
9,8208,Tyler Badie,RB,25.6,DEN,49.0,53,58,2.6,1.6,0.6,1,1,0,63,14,0,0.0,0,0,0,0,0,0,0.00,0,0,0,0,0.00,0.00,2,-4,1,1,0,3,10,6,3.0,2.0,0,0,0,6,0,0,0,0,22.2%,2,0.00,NA,0,NA,1,3,0.333,1.0,NA,8.1%,NA,0,NA,NA,NA,NA,NA,NA,NA,6,@ HOU,24,·,2.2,0.4
9,8225,Daniel Bellinger,TE,25.0,NYG,0.0,0,0,0,0,0,0,0,0,0,0,0,0.0,0,0,0,0,0,0,0.00,0,0,0,0,0.00,0.00,0,0,0,0,0,0,0,0,0.0,0.0,0,0,0,0,0,NA,0,0,NA,NA,NA,NA,0,NA,0,0,NA,NA,NA,NA,NA,0,NA,NA,NA,NA,NA,NA,NA,0,vs SF,9,OUT,OUT,OUT
9,12539,Arian Smith,WR,24.0,NYJ,0.0,0,0,0,0,0,0,0,0,0,0,0,0.0,0,0,0,0,0,0,0.00,0,0,0,0,0.00,0.00,0,0,0,0,0,0,0,0,0.0,0.0,0,0,0,0,0,NA,0,0,NA,NA,NA,NA,0,NA,0,0,NA,NA,NA,NA,NA,0,NA,NA,NA,NA,NA,NA,NA,0,BYE,BYE,BYE,BYE,BYE
9,4234,Noah Brown,WR,29.7,WAS,999.0,999,999,0,0,0,1,0,0,0,0,0,0.0,0,0,0,0,0,0,0.00,0,0,0,0,0.00,0.00,0,0,0,0,0,0,0,0,0.0,0.0,0,0,0,0,0,NA,0,0,NA,NA,NA,NA,0,NA,0,0,NA,NA,NA,NA,NA,0,NA,NA,NA,NA,NA,NA,NA,0,vs SEA,12,IR,IR,IR
9,11370,Chris Brooks,RB,25.7,GB,42.0,42,45,4.4,3.4,2.4,1,1,0,65,11,0,0.0,0,0,0,0,0,0,0.00,0,0,0,0,0.00,0.00,2,1,0,2,0,2,23,24,12.0,12.0,0,0,0,24,0,0,0,0,16.9%,0,0.00,NA,0,NA,2,2,1.000,2.0,NA,5.4%,NA,0,NA,NA,NA,NA,NA,NA,NA,24,vs CAR,19,·,1.4,3.0
9,6130,Devin Singletary,RB,28.1,NYG,32.0,32,33,7.1,6.1,5.1,1,1,0,57,32,0,0.0,0,0,0,0,0,0,0.00,43,0,0,0,0.00,0.00,2,3,0,0,0,2,5,8,4.0,4.0,8,0,4,51,0,38,43,5.38,56.1%,3,4.80,0.375,4,0.855,4,10,0.400,4.0,NA,6.1%,NA,0,NA,NA,NA,NA,NA,NA,NA,51,vs SF,23,·,5.4,1.7
9,6943,Gabriel Davis,WR,26.5,BUF,999.0,999,999,0,0,0,1,0,0,0,0,0,0.0,0,0,0,0,0,0,0.00,0,0,0,0,0.00,0.00,0,0,0,0,0,0,0,0,0.0,0.0,0,0,0,0,0,NA,0,0,NA,NA,NA,NA,0,NA,0,0,NA,NA,NA,NA,NA,0,NA,NA,NA,NA,NA,NA,NA,0,vs KC,29,·,·,·
9,6945,Antonio Gibson,RB,27.3,NE,999.0,999,999,0,0,0,1,0,0,0,0,0,0.0,0,0,0,0,0,0,0.00,0,0,0,0,0.00,0.00,0,0,0,0,0,0,0,0,0.0,0.0,0,0,0,0,0,NA,0,0,NA,NA,NA,NA,0,NA,0,0,NA,NA,NA,NA,NA,0,NA,NA,NA,NA,NA,NA,NA,0,vs ATL,11,IR,IR,IR
9,4082,Curtis Samuel,WR,29.1,BUF,90.0,90,91,1.6,1.1,0.6,1,1,0,66,27,0,0.0,0,0,0,0,0,0,0.00,0,0,0,0,0.00,0.00,1,2,0,0,0,1,4,6,6.0,6.0,0,0,0,6,0,NA,0,0,40.9%,NA,NA,NA,0,NA,0,1,0.000,0.0,16,3.8%,0.38,0,NA,NA,NA,NA,NA,0.000,NA,6,vs KC,29,·,4.1,-2.5
9,7496,Nick Westbrook-Ikhine,WR,28.5,MIA,62.0,63,64,4.2,3.2,2.2,1,1,0,64,43,0,0.0,0,0,0,0,0,0,0.00,0,0,0,0,0.00,0.00,2,13,1,2,0,4,9,22,11.0,5.5,0,0,0,22,0,NA,0,0,67.2%,NA,NA,NA,0,NA,2,4,0.500,2.0,30,10.0%,0.73,0,NA,NA,NA,NA,NA,0.067,NA,22,vs BAL,2,·,6.1,-1.9
9,5096,Ray-Ray McCloud,WR,29.0,ATL,91.0,91,92,1.5,1,0.5,1,1,1,57,52,0,0.0,0,0,0,0,0,0,0.00,0,0,0,0,0.00,0.00,1,0,0,0,0,1,5,5,5.0,5.0,0,0,0,5,0,NA,0,0,91.2%,NA,NA,NA,0,NA,0,1,0.000,0.0,32,3.0%,0.16,0,NA,NA,NA,NA,NA,0.000,NA,5,@ NE,19,·,4.9,-3.4
9,5010,Will Dissly,TE,29.2,LAC,0.0,0,0,0,0,0,0,0,0,0,0,0,0.0,0,0,0,0,0,0,0.00,0,0,0,0,0.00,0.00,0,0,0,0,0,0,0,0,0.0,0.0,0,0,0,0,0,NA,0,0,NA,NA,NA,NA,0,NA,0,0,NA,NA,NA,NA,NA,0,NA,NA,NA,NA,NA,NA,NA,0,@ TEN,25,OUT,OUT,OUT
9,8139,Zamir White,RB,26.0,LV,0.0,0,0,0,0,0,0,0,0,0,0,0,0.0,0,0,0,0,0,0,0.00,0,0,0,0,0.00,0.00,0,0,0,0,0,0,0,0,0.0,0.0,0,0,0,0,0,NA,0,0,NA,NA,NA,NA,0,NA,0,0,NA,NA,NA,NA,NA,0,NA,NA,NA,NA,NA,NA,NA,0,vs JAX,25,OUT,OUT,OUT
9,1166,Kirk Cousins,QB,37.1,ATL,999.0,999,999,0,0,0,1,0,0,56,0,0,0.0,0,0,0,0,0,0,0.00,0,0,0,0,0.00,0.00,0,0,0,0,0,0,0,0,0.0,0.0,0,0,0,0,0,NA,0,0,0.0%,NA,NA,NA,0,NA,0,0,NA,NA,NA,NA,NA,0,NA,NA,NA,NA,NA,NA,NA,0,@ NE,25,·,·,·
9,11633,Jamari Thrash,WR,24.8,CLE,0.0,0,0,0,0,0,0,0,0,0,0,0,0.0,0,0,0,0,0,0,0.00,0,0,0,0,0.00,0.00,0,0,0,0,0,0,0,0,0.0,0.0,0,0,0,0,0,NA,0,0,NA,NA,NA,NA,0,NA,0,0,NA,NA,NA,NA,NA,0,NA,NA,NA,NA,NA,NA,NA,0,BYE,BYE,BYE,BYE,BYE
9,8122,Zonovan Knight,RB,24.5,ARI,35.0,34,34,6.7,5.7,4.7,1,1,1,67,38,0,0.0,0,0,0,0,0,0,0.00,27,0,0,0,0.00,0.00,2,-3,0,2,0,2,23,20,10.0,10.0,9,1,3,47,0,28,27,3,56.7%,2,3.10,0.222,3,0.532,5,11,0.455,5.0,NA,6.5%,NA,0,NA,NA,NA,NA,NA,NA,NA,47,@ DAL,5,·,10.8,-4.1
9,7538,Zach Wilson,QB,26.2,MIA,999.0,999,999,0,0,0,1,0,0,64,0,0,0.0,0,0,0,0,0,0,0.00,0,0,0,0,0.00,0.00,0,0,0,0,0,0,0,0,0.0,0.0,0,0,0,0,0,NA,0,0,0.0%,NA,NA,NA,0,NA,0,0,NA,NA,NA,NA,NA,0,NA,NA,NA,NA,NA,NA,NA,0,vs BAL,2,·,·,·
9,11592,Erick All,TE,25.0,CIN,999.0,999,999,0,0,0,1,0,0,0,0,0,0.0,0,0,0,0,0,0,0.00,0,0,0,0,0.00,0.00,0,0,0,0,0,0,0,0,0.0,0.0,0,0,0,0,0,NA,0,0,NA,NA,NA,NA,0,NA,0,0,NA,NA,NA,NA,NA,0,NA,NA,NA,NA,NA,NA,NA,0,vs CHI,12,PUP,PUP,PUP
9,10225,Jonathan Mingo,WR,24.4,DAL,0.0,0,0,0,0,0,0,0,0,0,0,0,0.0,0,0,0,0,0,0,0.00,0,0,0,0,0.00,0.00,0,0,0,0,0,0,0,0,0.0,0.0,0,0,0,0,0,NA,0,0,NA,NA,NA,NA,0,NA,0,0,NA,NA,NA,NA,NA,0,NA,NA,NA,NA,NA,NA,NA,0,vs ARI,23,·,0.2,-0.2
9,1689,Adam Thielen,WR,35.1,MIN,999.0,999,999,0,0,0,1,1,0,62,4,0,0.0,0,0,0,0,0,0,0.00,0,0,0,0,0.00,0.00,0,0,0,0,0,0,0,0,0.0,0.0,0,0,0,0,0,NA,0,0,6.5%,NA,NA,NA,0,NA,0,0,NA,0.0,3,0.0%,0.00,0,NA,NA,NA,NA,NA,0.000,NA,0,@ DET,7,·,1.6,-1.6
9,11299,Zavier Scott,RB,26.2,MIN,999.0,999,999,0,0,0,1,1,0,62,0,0,0.0,0,0,0,0,0,0,0.00,0,0,0,0,0.00,0.00,0,0,0,0,0,0,0,0,0.0,0.0,0,0,0,0,0,NA,0,0,0.0%,NA,NA,NA,0,NA,0,0,NA,0.0,NA,NA,NA,0,NA,NA,NA,NA,NA,NA,NA,0,@ DET,29,·,·,·
9,11256,Tyson Bagent,QB,25.3,CHI,30.0,30,30,0.8,0.8,0.8,1,1,0,80,1,0,100.0,-5,1,1,1,0,0,118.80,20,0,0,20,20.00,20.00,0,0,0,0,0,0,0,0,0.0,0.0,0,0,0,0,0,NA,0,0,1.3%,NA,NA,NA,0,NA,1,1,NA,NA,NA,NA,NA,1,100.0%,3.90,0.0%,0.0%,-5.80,NA,1,20,@ CIN,8,·,·,·
9,7601,Rondale Moore,WR,25.3,MIN,999.0,999,999,0,0,0,1,0,0,0,0,0,0.0,0,0,0,0,0,0,0.00,0,0,0,0,0.00,0.00,0,0,0,0,0,0,0,0,0.0,0.0,0,0,0,0,0,NA,0,0,NA,NA,NA,NA,0,NA,0,0,NA,NA,NA,NA,NA,0,NA,NA,NA,NA,NA,NA,NA,0,@ DET,7,IR,IR,IR
9,11645,Javon Baker,WR,23.6,PHI,0.0,0,0,0,0,0,0,0,0,0,0,0,0.0,0,0,0,0,0,0,0.00,0,0,0,0,0.00,0.00,0,0,0,0,0,0,0,0,0.0,0.0,0,0,0,0,0,NA,0,0,NA,NA,NA,NA,0,NA,0,0,NA,NA,NA,NA,NA,0,NA,NA,NA,NA,NA,NA,NA,0,BYE,BYE,BYE,BYE,BYE
9,8230,Ty Chandler,RB,27.4,MIN,999.0,999,999,0,0,0,1,0,0,0,0,0,0.0,0,0,0,0,0,0,0.00,0,0,0,0,0.00,0.00,0,0,0,0,0,0,0,0,0.0,0.0,0,0,0,0,0,NA,0,0,NA,NA,NA,NA,0,NA,0,0,NA,NA,NA,NA,NA,0,NA,NA,NA,NA,NA,NA,NA,0,@ DET,29,IR,IR,IR
9,3286,Demarcus Robinson,WR,31.0,SF,999.0,999,999,0,0,0,1,1,0,66,22,0,0.0,0,0,0,0,0,0,0.00,0,0,0,0,0.00,0.00,0,0,0,0,0,1,0,0,0.0,0.0,0,0,0,0,0,NA,0,0,33.3%,NA,NA,NA,0,NA,0,1,0.000,0.0,12,4.2%,0.00,0,NA,NA,NA,NA,NA,0.000,NA,0,@ NYG,5,·,4.1,-4.1
9,8160,Kenny Pickett,QB,27.3,LV,999.0,999,999,0,0,0,1,0,0,64,0,0,0.0,0,0,0,0,0,0,0.00,0,0,0,0,0.00,0.00,0,0,0,0,0,0,0,0,0.0,0.0,0,0,0,0,0,NA,0,0,0.0%,NA,NA,NA,0,NA,0,0,NA,NA,NA,NA,NA,0,NA,NA,NA,NA,NA,NA,NA,0,vs JAX,6,·,·,·
9,5133,Tyler Conklin,TE,30.2,LAC,999.0,999,999,0,0,0,1,1,0,65,0,0,0.0,0,0,0,0,0,0,0.00,0,0,0,0,0.00,0.00,0,0,0,0,0,0,0,0,0.0,0.0,0,0,0,0,0,NA,0,0,0.0%,NA,NA,NA,0,NA,0,0,NA,0.0,NA,NA,NA,0,NA,NA,NA,NA,NA,NA,NA,0,@ TEN,25,·,0.6,-0.6
9,7561,Elijah Mitchell,RB,27.4,KC,0.0,0,0,0,0,0,0,0,0,0,0,0,0.0,0,0,0,0,0,0,0.00,0,0,0,0,0.00,0.00,0,0,0,0,0,0,0,0,0.0,0.0,0,0,0,0,0,NA,0,0,NA,NA,NA,NA,0,NA,0,0,NA,NA,NA,NA,NA,0,NA,NA,NA,NA,NA,NA,NA,0,@ BUF,6,OUT,OUT,OUT
9,12470,Riley Leonard,QB,23.0,IND,999.0,999,999,0,0,0,1,0,0,78,0,0,0.0,0,0,0,0,0,0,0.00,0,0,0,0,0.00,0.00,0,0,0,0,0,0,0,0,0.0,0.0,0,0,0,0,0,NA,0,0,0.0%,NA,NA,NA,0,NA,0,0,NA,NA,NA,NA,NA,0,NA,NA,NA,NA,NA,NA,NA,0,@ PIT,4,·,·,·
9,7595,Tylan Wallace,WR,26.4,BAL,999.0,999,999,0,0,0,1,1,0,56,9,0,0.0,0,0,0,0,0,0,0.00,0,0,0,0,0.00,0.00,0,0,0,0,0,0,0,0,0.0,0.0,0,0,0,0,0,NA,0,0,16.1%,NA,NA,NA,0,NA,0,0,NA,0.0,NA,NA,NA,0,NA,NA,NA,NA,NA,NA,NA,0,@ MIA,26,·,2.6,-2.6
9,11570,Rasheen Ali,RB,24.6,BAL,999.0,999,999,0,0,0,1,1,0,56,0,0,0.0,0,0,0,0,0,0,0.00,0,0,0,0,0.00,0.00,0,0,0,0,0,0,0,0,0.0,0.0,0,0,0,0,0,NA,0,0,0.0%,NA,NA,NA,0,NA,0,0,NA,0.0,NA,NA,NA,0,NA,NA,NA,NA,NA,NA,NA,0,@ MIA,4,·,·,·
9,10214,Davis Allen,TE,24.6,LAR,29.0,28,27,6.7,5.2,3.7,1,1,0,80,47,0,0.0,0,0,0,0,0,0,0.00,0,0,0,0,0.00,0.00,3,5,0,2,0,4,32,37,12.3,9.3,0,0,0,37,0,NA,0,0,58.8%,NA,NA,NA,0,NA,2,4,0.500,2.0,7,12.5%,5.29,0,NA,NA,NA,NA,NA,0.286,NA,37,vs NO,21,·,1.7,5.0
9,10867,Jake Bobo,WR,27.2,SEA,0.0,0,0,0,0,0,0,0,0,0,0,0,0.0,0,0,0,0,0,0,0.00,0,0,0,0,0.00,0.00,0,0,0,0,0,0,0,0,0.0,0.0,0,0,0,0,0,NA,0,0,NA,NA,NA,NA,0,NA,0,0,NA,NA,NA,NA,NA,0,NA,NA,NA,NA,NA,NA,NA,0,@ WAS,9,OUT,OUT,OUT
9,8162,Sam Howell,QB,25.0,PHI,0.0,0,0,0,0,0,0,0,0,0,0,0,0.0,0,0,0,0,0,0,0.00,0,0,0,0,0.00,0.00,0,0,0,0,0,0,0,0,0.0,0.0,0,0,0,0,0,NA,0,0,NA,NA,NA,NA,0,NA,0,0,NA,NA,NA,NA,NA,0,NA,NA,NA,NA,NA,NA,NA,0,BYE,BYE,BYE,BYE,BYE
9,6938,Cam Akers,RB,26.3,MIN,999.0,999,999,0,0,0,1,0,0,0,0,0,0.0,0,0,0,0,0,0,0.00,0,0,0,0,0.00,0.00,0,0,0,0,0,0,0,0,0.0,0.0,0,0,0,0,0,NA,0,0,NA,NA,NA,NA,0,NA,0,0,NA,NA,NA,NA,NA,0,NA,NA,NA,NA,NA,NA,NA,0,@ DET,29,·,·,·
9,11617,Malachi Corley,WR,23.5,CLE,0.0,0,0,0,0,0,0,0,0,0,0,0,0.0,0,0,0,0,0,0,0.00,0,0,0,0,0.00,0.00,0,0,0,0,0,0,0,0,0.0,0.0,0,0,0,0,0,NA,0,0,NA,NA,NA,NA,0,NA,0,0,NA,NA,NA,NA,NA,0,NA,NA,NA,NA,NA,NA,NA,0,BYE,BYE,BYE,BYE,BYE
9,1234,Russell Wilson,QB,36.8,NYG,999.0,999,999,0,0,0,1,0,0,57,0,0,0.0,0,0,0,0,0,0,0.00,0,0,0,0,0.00,0.00,0,0,0,0,0,0,0,0,0.0,0.0,0,0,0,0,0,NA,0,0,0.0%,NA,NA,NA,0,NA,0,0,NA,NA,NA,NA,NA,0,NA,NA,NA,NA,NA,NA,NA,0,vs SF,13,·,·,·
9,8254,Julius Chestnut,RB,24.9,TEN,999.0,999,999,0,0,0,1,1,0,47,0,0,0.0,0,0,0,0,0,0,0.00,0,0,0,0,0.00,0.00,0,0,0,0,0,0,0,0,0.0,0.0,0,0,0,0,0,NA,0,0,0.0%,NA,NA,NA,0,NA,0,0,NA,0.0,NA,NA,NA,0,NA,NA,NA,NA,NA,NA,NA,0,vs LAC,18,·,1.2,-1.2
9,4080,Zay Jones,WR,30.5,ARI,999.0,999,999,0,0,0,1,1,0,67,35,0,0.0,0,0,0,0,0,0,0.00,0,0,0,0,0.00,0.00,0,0,0,0,0,0,0,0,0.0,0.0,0,0,0,0,0,NA,0,0,52.2%,NA,NA,NA,0,NA,0,0,NA,0.0,18,0.0%,0.00,0,NA,NA,NA,NA,NA,0.000,NA,0,@ DAL,1,·,6.7,-6.7
9,6960,Tyler Johnson,WR,27.1,NYJ,0.0,0,0,0,0,0,0,0,0,0,0,0,0.0,0,0,0,0,0,0,0.00,0,0,0,0,0.00,0.00,0,0,0,0,0,0,0,0,0.0,0.0,0,0,0,0,0,NA,0,0,NA,NA,NA,NA,0,NA,0,0,NA,NA,NA,NA,NA,0,NA,NA,NA,NA,NA,NA,NA,0,BYE,BYE,BYE,BYE,BYE
9,7568,Brevin Jordan,TE,25.2,HOU,999.0,999,999,0,0,0,1,0,0,0,0,0,0.0,0,0,0,0,0,0,0.00,0,0,0,0,0.00,0.00,0,0,0,0,0,0,0,0,0.0,0.0,0,0,0,0,0,NA,0,0,NA,NA,NA,NA,0,NA,0,0,NA,NA,NA,NA,NA,0,NA,NA,NA,NA,NA,NA,NA,0,vs DEN,24,IR,IR,IR
9,6828,AJ Dillon,RB,27.4,PHI,0.0,0,0,0,0,0,0,0,0,0,0,0,0.0,0,0,0,0,0,0,0.00,0,0,0,0,0.00,0.00,0,0,0,0,0,0,0,0,0.0,0.0,0,0,0,0,0,NA,0,0,NA,NA,NA,NA,0,NA,0,0,NA,NA,NA,NA,NA,0,NA,NA,NA,NA,NA,NA,NA,0,BYE,BYE,BYE,BYE,BYE
9,9230,Tanner McKee,QB,25.4,PHI,0.0,0,0,0,0,0,0,0,0,0,0,0,0.0,0,0,0,0,0,0,0.00,0,0,0,0,0.00,0.00,0,0,0,0,0,0,0,0,0.0,0.0,0,0,0,0,0,NA,0,0,NA,NA,NA,NA,0,NA,0,0,NA,NA,NA,NA,NA,0,NA,NA,NA,NA,NA,NA,NA,0,BYE,BYE,BYE,BYE,BYE
9,9227,Israel Abanikanda,RB,23.0,FA,0.0,0,0,0,0,0,0,0,0,0,0,0,0.0,0,0,0,0,0,0,0.00,0,0,0,0,0.00,0.00,0,0,0,0,0,0,0,0,0.0,0.0,0,0,0,0,0,NA,0,0,NA,NA,NA,NA,0,NA,0,0,NA,NA,NA,NA,NA,0,NA,NA,NA,NA,NA,NA,NA,0,NA,,·,·,·
9,7610,Trey Lance,QB,25.4,LAC,999.0,999,999,0,0,0,1,0,0,65,0,0,0.0,0,0,0,0,0,0,0.00,0,0,0,0,0.00,0.00,0,0,0,0,0,0,0,0,0.0,0.0,0,0,0,0,0,NA,0,0,0.0%,NA,NA,NA,0,NA,0,0,NA,NA,NA,NA,NA,0,NA,NA,NA,NA,NA,NA,NA,0,@ TEN,22,·,·,·
9,4171,Josh Reynolds,WR,30.6,NYJ,0.0,0,0,0,0,0,0,0,0,0,0,0,0.0,0,0,0,0,0,0,0.00,0,0,0,0,0.00,0.00,0,0,0,0,0,0,0,0,0.0,0.0,0,0,0,0,0,NA,0,0,NA,NA,NA,NA,0,NA,0,0,NA,NA,NA,NA,NA,0,NA,NA,NA,NA,NA,NA,NA,0,BYE,BYE,BYE,BYE,BYE
9,8172,Greg Dulcich,TE,25.5,MIA,18.0,20,22,9.9,7.4,4.9,1,1,0,64,23,0,0.0,0,0,0,0,0,0,0.00,0,0,0,0,0.00,0.00,5,30,0,2,0,5,19,49,9.8,9.8,0,0,0,49,0,NA,0,0,35.9%,NA,NA,NA,0,NA,2,5,0.400,2.0,19,12.5%,2.58,0,NA,NA,NA,NA,NA,0.105,NA,49,vs BAL,11,·,1.0,8.9
9,4381,Taysom Hill,TE,35.1,NO,42.0,39,30,3,3,3,1,1,1,41,9,0,0.0,0,1,0,0,1,0,39.60,30,0,0,0,0.00,0.00,0,0,0,0,0,0,0,0,0.0,0.0,4,1,1,30,0,NA,30,7.5,22.0%,NA,NA,NA,1,NA,1,5,0.200,1.0,NA,NA,NA,0,0.0%,1.29,0.0%,0.0%,-1.80,NA,1,30,@ LAR,22,·,4.2,-1.2
9,12718,Konata Mumpfield,WR,22.9,LAR,999.0,999,999,0,0,0,1,1,0,80,30,0,0.0,0,0,0,0,0,0,0.00,0,0,0,0,0.00,0.00,0,0,0,0,0,0,0,0,0.0,0.0,0,0,0,0,0,NA,0,0,37.5%,NA,NA,NA,0,NA,0,0,NA,0.0,5,0.0%,0.00,0,NA,NA,NA,NA,NA,0.000,NA,0,vs NO,22,·,·,·
9,11994,Kameron Johnson,WR,23.5,TB,0.0,0,0,0,0,0,0,0,0,0,0,0,0.0,0,0,0,0,0,0,0.00,0,0,0,0,0.00,0.00,0,0,0,0,0,0,0,0,0.0,0.0,0,0,0,0,0,NA,0,0,NA,NA,NA,NA,0,NA,0,0,NA,NA,NA,NA,NA,0,NA,NA,NA,NA,NA,NA,NA,0,BYE,BYE,BYE,BYE,BYE
9,11595,Jared Wiley,TE,24.9,KC,0.0,0,0,0,0,0,0,0,0,0,0,0,0.0,0,0,0,0,0,0,0.00,0,0,0,0,0.00,0.00,0,0,0,0,0,0,0,0,0.0,0.0,0,0,0,0,0,NA,0,0,NA,NA,NA,NA,0,NA,0,0,NA,NA,NA,NA,NA,0,NA,NA,NA,NA,NA,NA,NA,0,@ BUF,31,OUT,OUT,OUT
9,11615,Ainias Smith,WR,24.3,CAR,999.0,999,999,0,0,0,1,0,0,0,0,0,0.0,0,0,0,0,0,0,0.00,0,0,0,0,0.00,0.00,0,0,0,0,0,0,0,0,0.0,0.0,0,0,0,0,0,NA,0,0,NA,NA,NA,NA,0,NA,0,0,NA,NA,NA,NA,NA,0,NA,NA,NA,NA,NA,NA,NA,0,@ GB,13,·,·,·
9,9999,Will Levis,QB,26.2,TEN,999.0,999,999,0,0,0,1,0,0,0,0,0,0.0,0,0,0,0,0,0,0.00,0,0,0,0,0.00,0.00,0,0,0,0,0,0,0,0,0.0,0.0,0,0,0,0,0,NA,0,0,NA,NA,NA,NA,0,NA,0,0,NA,NA,NA,NA,NA,0,NA,NA,NA,NA,NA,NA,NA,0,vs LAC,24,IR,IR,IR
9,8204,Bo Melton,WR,26.2,GB,999.0,999,999,0,0,0,1,1,0,65,2,0,0.0,0,0,0,0,0,0,0.00,0,0,0,0,0.00,0.00,0,0,0,0,0,0,0,0,0.0,0.0,0,0,0,0,0,NA,0,0,3.1%,NA,NA,NA,0,NA,0,0,NA,0.0,NA,NA,NA,0,NA,NA,NA,NA,NA,NA,NA,0,vs CAR,31,·,·,·
9,8168,Skyy Moore,WR,25.0,SF,73.0,70,66,3.1,2.6,2.1,1,1,0,66,8,0,0.0,0,0,0,0,0,0,0.00,0,0,0,0,0.00,0.00,1,12,0,1,0,1,9,21,21.0,21.0,0,0,0,21,0,NA,0,0,12.1%,NA,NA,NA,0,NA,1,1,1.000,1.0,4,4.2%,5.25,0,NA,NA,NA,NA,NA,0.250,NA,21,@ NYG,5,·,2.3,0.8
9,5854,Drew Lock,QB,28.9,SEA,999.0,999,999,0,0,0,1,1,0,51,3,0,0.0,0,0,0,0,0,0,0.00,0,0,0,0,0.00,0.00,0,0,0,0,0,0,0,0,0.0,0.0,0,0,0,0,0,NA,0,0,5.9%,NA,NA,NA,0,NA,0,0,NA,NA,NA,NA,NA,0,NA,NA,NA,NA,NA,NA,NA,0,@ WAS,7,·,·,·
9,2374,Tyler Lockett,WR,33.0,LV,999.0,999,999,0,0,0,1,1,0,64,19,0,0.0,0,0,0,0,0,0,0.00,0,0,0,0,0.00,0.00,0,0,0,0,0,1,0,0,0.0,0.0,0,0,0,0,0,NA,0,0,29.7%,NA,NA,NA,0,NA,0,1,0.000,0.0,12,2.6%,0.00,0,NA,NA,NA,NA,NA,0.000,NA,0,vs JAX,8,·,2.0,-2.0
9,4177,Mack Hollins,WR,32.0,NE,76.0,81,82,2.9,1.9,0.9,1,1,1,68,43,0,0.0,0,0,0,0,0,0,0.00,0,0,0,0,0.00,0.00,2,8,0,1,0,2,1,9,4.5,4.5,0,0,0,9,0,NA,0,0,63.2%,NA,NA,NA,0,NA,1,2,0.500,1.0,17,6.9%,0.53,0,NA,NA,NA,NA,NA,0.059,NA,9,vs ATL,28,·,7.3,-4.4
9,11748,Bub Means,WR,24.7,NO,999.0,999,999,0,0,0,1,0,0,0,0,0,0.0,0,0,0,0,0,0,0.00,0,0,0,0,0.00,0.00,0,0,0,0,0,0,0,0,0.0,0.0,0,0,0,0,0,NA,0,0,NA,NA,NA,NA,0,NA,0,0,NA,NA,NA,NA,NA,0,NA,NA,NA,NA,NA,NA,NA,0,@ LAR,15,IR,IR,IR
9,11573,Frank Gore Jr.,RB,23.5,BUF,999.0,999,999,0,0,0,1,0,0,0,0,0,0.0,0,0,0,0,0,0,0.00,0,0,0,0,0.00,0.00,0,0,0,0,0,0,0,0,0.0,0.0,0,0,0,0,0,NA,0,0,NA,NA,NA,NA,0,NA,0,0,NA,NA,NA,NA,NA,0,NA,NA,NA,NA,NA,NA,NA,0,vs KC,27,·,·,·
9,7891,Brock Wright,TE,26.8,DET,47.0,47,45,2.1,1.6,1.1,1,1,1,64,35,0,0.0,0,0,0,0,0,0,0.00,0,0,0,0,0.00,0.00,1,2,0,1,0,1,9,11,11.0,11.0,0,0,0,11,0,NA,0,0,54.7%,NA,NA,NA,0,NA,1,1,1.000,1.0,15,2.7%,0.73,0,NA,NA,NA,NA,NA,0.067,NA,11,vs MIN,15,·,1.0,1.1
9,12699,LaJohntay Wester,WR,23.5,BAL,999.0,999,999,0,0,0,1,1,0,56,2,0,0.0,0,0,0,0,0,0,0.00,0,0,0,0,0.00,0.00,0,0,0,0,0,0,0,0,0.0,0.0,0,0,0,0,0,NA,0,0,3.6%,NA,NA,NA,0,NA,0,0,NA,0.0,NA,NA,NA,0,NA,NA,NA,NA,NA,NA,NA,0,@ MIA,26,·,0.1,-0.1
9,6869,Adam Trautman,TE,28.6,DEN,35.0,36,36,4.5,3.5,2.5,1,1,1,63,46,0,0.0,0,0,0,0,0,0,0.00,0,0,0,0,0.00,0.00,2,7,0,1,0,2,18,25,12.5,12.5,0,0,0,25,0,NA,0,0,73.0%,NA,NA,NA,0,NA,1,2,0.500,1.0,18,5.4%,1.39,0,NA,NA,NA,NA,NA,0.056,NA,25,@ HOU,28,·,3.0,1.5
9,10866,Aidan O'Connell,QB,27.1,LV,999.0,999,999,0,0,0,1,0,0,0,0,0,0.0,0,0,0,0,0,0,0.00,0,0,0,0,0.00,0.00,0,0,0,0,0,0,0,0,0.0,0.0,0,0,0,0,0,NA,0,0,NA,NA,NA,NA,0,NA,0,0,NA,NA,NA,NA,NA,0,NA,NA,NA,NA,NA,NA,NA,0,vs JAX,6,IR,IR,IR
9,11895,Mason Tipton,WR,25.0,NO,999.0,999,999,0,0,0,1,1,0,41,2,0,0.0,0,0,0,0,0,0,0.00,0,0,0,0,0.00,0.00,0,0,0,0,0,0,0,0,0.0,0.0,0,0,0,0,0,NA,0,0,4.9%,NA,NA,NA,0,NA,0,0,NA,0.0,2,0.0%,0.00,0,NA,NA,NA,NA,NA,0.000,NA,0,@ LAR,15,·,·,·
9,8177,Grant Calcaterra,TE,26.8,PHI,0.0,0,0,0,0,0,0,0,0,0,0,0,0.0,0,0,0,0,0,0,0.00,0,0,0,0,0.00,0.00,0,0,0,0,0,0,0,0,0.0,0.0,0,0,0,0,0,NA,0,0,NA,NA,NA,NA,0,NA,0,0,NA,NA,NA,NA,NA,0,NA,NA,NA,NA,NA,NA,NA,0,BYE,BYE,BYE,BYE,BYE
9,11574,Dylan Laube,RB,25.8,LV,999.0,999,999,0,0,0,1,1,0,64,0,0,0.0,0,0,0,0,0,0,0.00,0,0,0,0,0.00,0.00,0,0,0,0,0,0,0,0,0.0,0.0,0,0,0,0,0,NA,0,0,0.0%,NA,NA,NA,0,NA,0,0,NA,0.0,NA,NA,NA,0,NA,NA,NA,NA,NA,NA,NA,0,vs JAX,25,·,0.1,-0.1
9,11649,Kendall Milton,RB,23.6,CIN,999.0,999,999,0,0,0,1,0,0,0,0,0,0.0,0,0,0,0,0,0,0.00,0,0,0,0,0.00,0.00,0,0,0,0,0,0,0,0,0.0,0.0,0,0,0,0,0,NA,0,0,NA,NA,NA,NA,0,NA,0,0,NA,NA,NA,NA,NA,0,NA,NA,NA,NA,NA,NA,NA,0,vs CHI,10,·,·,·
9,8145,Jeremy Ruckert,TE,25.1,NYJ,0.0,0,0,0,0,0,0,0,0,0,0,0,0.0,0,0,0,0,0,0,0.00,0,0,0,0,0.00,0.00,0,0,0,0,0,0,0,0,0.0,0.0,0,0,0,0,0,NA,0,0,NA,NA,NA,NA,0,NA,0,0,NA,NA,NA,NA,NA,0,NA,NA,NA,NA,NA,NA,NA,0,BYE,BYE,BYE,BYE,BYE
9,2197,Brandin Cooks,WR,32.0,NO,69.0,69,72,3.6,2.6,1.6,1,1,0,41,23,0,0.0,0,0,0,0,0,0,0.00,0,0,0,0,0.00,0.00,2,10,0,1,0,3,6,16,8.0,5.3,0,0,0,16,0,NA,0,0,56.1%,NA,NA,NA,0,NA,1,3,0.333,1.0,16,12.0%,1.00,0,NA,NA,NA,NA,NA,0.063,NA,16,@ LAR,15,·,3.8,-0.2
9,1837,Jimmy Garoppolo,QB,33.9,LAR,999.0,999,999,0,0,0,1,0,0,80,0,0,0.0,0,0,0,0,0,0,0.00,0,0,0,0,0.00,0.00,0,0,0,0,0,0,0,0,0.0,0.0,0,0,0,0,0,NA,0,0,0.0%,NA,NA,NA,0,NA,0,0,NA,NA,NA,NA,NA,0,NA,NA,NA,NA,NA,NA,NA,0,vs NO,16,·,·,·
9,8135,Treylon Burks,WR,25.5,WAS,82.0,79,76,2.4,1.9,1.4,1,1,0,65,33,0,0.0,0,0,0,0,0,0,0.00,0,0,0,0,0.00,0.00,1,14,0,1,0,1,0,14,14.0,14.0,0,0,0,14,0,NA,0,0,50.8%,NA,NA,NA,0,NA,1,1,1.000,1.0,10,4.5%,1.40,0,NA,NA,NA,NA,NA,0.100,NA,14,vs SEA,27,·,0.5,1.9
9,11636,Johnny Wilson,WR,24.5,PHI,0.0,0,0,0,0,0,0,0,0,0,0,0,0.0,0,0,0,0,0,0,0.00,0,0,0,0,0.00,0.00,0,0,0,0,0,0,0,0,0.0,0.0,0,0,0,0,0,NA,0,0,NA,NA,NA,NA,0,NA,0,0,NA,NA,NA,NA,NA,0,NA,NA,NA,NA,NA,NA,NA,0,BYE,BYE,BYE,BYE,BYE
9,5185,Allen Lazard,WR,29.8,NYJ,0.0,0,0,0,0,0,0,0,0,0,0,0,0.0,0,0,0,0,0,0,0.00,0,0,0,0,0.00,0.00,0,0,0,0,0,0,0,0,0.0,0.0,0,0,0,0,0,NA,0,0,NA,NA,NA,NA,0,NA,0,0,NA,NA,NA,NA,NA,0,NA,NA,NA,NA,NA,NA,NA,0,BYE,BYE,BYE,BYE,BYE
9,9505,Deuce Vaughn,RB,23.9,DEN,999.0,999,999,0,0,0,1,0,0,0,0,0,0.0,0,0,0,0,0,0,0.00,0,0,0,0,0.00,0.00,0,0,0,0,0,0,0,0,0.0,0.0,0,0,0,0,0,NA,0,0,NA,NA,NA,NA,0,NA,0,0,NA,NA,NA,NA,NA,0,NA,NA,NA,NA,NA,NA,NA,0,@ HOU,24,·,·,·
9,5973,Josh Oliver,TE,28.5,MIN,0.0,0,0,0,0,0,0,0,0,0,0,0,0.0,0,0,0,0,0,0,0.00,0,0,0,0,0.00,0.00,0,0,0,0,0,0,0,0,0.0,0.0,0,0,0,0,0,NA,0,0,NA,NA,NA,NA,0,NA,0,0,NA,NA,NA,NA,NA,0,NA,NA,NA,NA,NA,NA,NA,0,@ DET,18,OUT,OUT,OUT
9,7593,Trey Sermon,RB,26.7,PIT,999.0,999,999,0,0,0,1,1,0,62,1,0,0.0,0,0,0,0,0,0,0.00,0,0,0,0,0.00,0.00,0,0,0,0,0,0,0,0,0.0,0.0,0,0,0,0,0,NA,0,0,1.6%,NA,NA,NA,0,NA,0,0,NA,0.0,NA,NA,NA,0,NA,NA,NA,NA,NA,NA,NA,0,vs IND,26,·,0.1,-0.1
9,5938,Lil'Jordan Humphrey,WR,27.4,NYG,999.0,999,999,0,0,0,1,0,0,0,0,0,0.0,0,0,0,0,0,0,0.00,0,0,0,0,0.00,0.00,0,0,0,0,0,0,0,0,0.0,0.0,0,0,0,0,0,NA,0,0,NA,NA,NA,NA,0,NA,0,0,NA,NA,NA,NA,NA,0,NA,NA,NA,NA,NA,NA,NA,0,vs SF,17,·,·,·
9,10216,Kenny McIntosh,RB,25.6,SEA,999.0,999,999,0,0,0,1,0,0,0,0,0,0.0,0,0,0,0,0,0,0.00,0,0,0,0,0.00,0.00,0,0,0,0,0,0,0,0,0.0,0.0,0,0,0,0,0,NA,0,0,NA,NA,NA,NA,0,NA,0,0,NA,NA,NA,NA,NA,0,NA,NA,NA,NA,NA,NA,NA,0,@ WAS,15,IR,IR,IR
9,6853,Van Jefferson,WR,29.2,TEN,74.0,71,67,3.1,2.6,2.1,1,1,1,47,39,0,0.0,0,0,0,0,0,0,0.00,0,0,0,0,0.00,0.00,1,14,0,1,0,4,7,21,21.0,5.3,0,0,0,21,0,NA,0,0,83.0%,NA,NA,NA,0,NA,1,4,0.250,1.0,22,19.0%,0.95,0,NA,NA,NA,NA,NA,0.045,NA,21,vs LAC,27,·,5.8,-2.7
9,10234,Derius Davis,WR,25.0,LAC,999.0,999,999,0,0,0,1,1,0,65,1,0,0.0,0,0,0,0,0,0,0.00,0,0,0,0,0.00,0.00,0,0,0,0,0,0,0,0,0.0,0.0,0,0,0,0,0,NA,0,0,1.5%,NA,NA,NA,0,NA,0,0,NA,0.0,NA,NA,NA,0,NA,NA,NA,NA,NA,NA,NA,0,@ TEN,10,·,0.4,-0.4
9,6011,Gardner Minshew,QB,29.4,KC,999.0,999,999,0,0,0,1,0,0,60,0,0,0.0,0,0,0,0,0,0,0.00,0,0,0,0,0.00,0.00,0,0,0,0,0,0,0,0,0.0,0.0,0,0,0,0,0,NA,0,0,0.0%,NA,NA,NA,0,NA,0,0,NA,NA,NA,NA,NA,0,NA,NA,NA,NA,NA,NA,NA,0,@ BUF,31,·,·,·
9,12715,Thomas Fidone,TE,23.0,NYG,999.0,999,999,0,0,0,1,1,0,57,11,0,0.0,0,0,0,0,0,0,0.00,0,0,0,0,0.00,0.00,0,0,0,0,0,0,0,0,0.0,0.0,0,0,0,0,0,NA,0,0,19.3%,NA,NA,NA,0,NA,0,0,NA,0.0,NA,NA,NA,0,NA,NA,NA,NA,NA,NA,NA,0,vs SF,9,·,·,·
9,12494,Kyle McCord,QB,23.0,PHI,0.0,0,0,0,0,0,0,0,0,0,0,0,0.0,0,0,0,0,0,0,0.00,0,0,0,0,0.00,0.00,0,0,0,0,0,0,0,0,0.0,0.0,0,0,0,0,0,NA,0,0,NA,NA,NA,NA,0,NA,0,0,NA,NA,NA,NA,NA,0,NA,NA,NA,NA,NA,NA,NA,0,BYE,BYE,BYE,BYE,BYE
9,7083,Tyler Huntley,QB,27.6,BAL,999.0,999,999,0,0,0,1,0,0,56,0,0,0.0,0,0,0,0,0,0,0.00,0,0,0,0,0.00,0.00,0,0,0,0,0,0,0,0,0.0,0.0,0,0,0,0,0,NA,0,0,0.0%,NA,NA,NA,0,NA,0,0,NA,NA,NA,NA,NA,0,NA,NA,NA,NA,NA,NA,NA,0,@ MIA,3,·,·,·
9,4147,Samaje Perine,RB,30.0,CIN,63.0,62,60,0.5,0.5,0.5,1,1,0,68,1,0,0.0,0,0,0,0,0,0,0.00,5,0,0,0,0.00,0.00,0,0,0,0,0,0,0,0,0.0,0.0,1,0,0,5,0,3,5,5,1.5%,0,2.50,0.000,0,0.250,0,1,0.000,0.0,NA,0.0%,NA,0,NA,NA,NA,NA,NA,NA,NA,5,vs CHI,10,OUT,8.8,-8.3
9,11306,Xavier Gipson,WR,24.6,PHI,0.0,0,0,0,0,0,0,0,0,0,0,0,0.0,0,0,0,0,0,0,0.00,0,0,0,0,0.00,0.00,0,0,0,0,0,0,0,0,0.0,0.0,0,0,0,0,0,NA,0,0,NA,NA,NA,NA,0,NA,0,0,NA,NA,NA,NA,NA,0,NA,NA,NA,NA,NA,NA,NA,0,BYE,BYE,BYE,BYE,BYE
9,5987,Alexander Mattison,RB,27.3,MIA,999.0,999,999,0,0,0,1,0,0,0,0,0,0.0,0,0,0,0,0,0,0.00,0,0,0,0,0.00,0.00,0,0,0,0,0,0,0,0,0.0,0.0,0,0,0,0,0,NA,0,0,NA,NA,NA,NA,0,NA,0,0,NA,NA,NA,NA,NA,0,NA,NA,NA,NA,NA,NA,NA,0,vs BAL,2,IR,IR,IR
9,5985,Foster Moreau,TE,28.4,NO,999.0,999,999,0,0,0,1,1,1,41,15,0,0.0,0,0,0,0,0,0,0.00,0,0,0,0,0.00,0.00,0,0,0,0,0,0,0,0,0.0,0.0,0,0,0,0,0,NA,0,0,36.6%,NA,NA,NA,0,NA,0,0,NA,0.0,3,0.0%,0.00,0,NA,NA,NA,NA,NA,0.000,NA,0,@ LAR,22,·,0.6,-0.6
9,11210,Malik Heath,WR,25.6,GB,83.0,83,79,2.1,1.6,1.1,1,1,0,65,27,0,0.0,0,0,0,0,0,0,0.00,0,0,0,0,0.00,0.00,1,5,0,1,0,1,6,11,11.0,11.0,0,0,0,11,0,NA,0,0,41.5%,NA,NA,NA,0,NA,1,1,1.000,1.0,15,2.7%,0.73,0,NA,NA,NA,NA,NA,0.067,NA,11,vs CAR,31,·,3.2,-1.1
9,6920,Isaiah Hodgins,WR,26.9,PIT,999.0,999,999,0,0,0,1,0,0,0,0,0,0.0,0,0,0,0,0,0,0.00,0,0,0,0,0.00,0.00,0,0,0,0,0,0,0,0,0.0,0.0,0,0,0,0,0,NA,0,0,NA,NA,NA,NA,0,NA,0,0,NA,NA,NA,NA,NA,0,NA,NA,NA,NA,NA,NA,NA,0,vs IND,4,·,·,·
9,827,Tyrod Taylor,QB,36.2,NYJ,0.0,0,0,0,0,0,0,0,0,0,0,0,0.0,0,0,0,0,0,0,0.00,0,0,0,0,0.00,0.00,0,0,0,0,0,0,0,0,0.0,0.0,0,0,0,0,0,NA,0,0,NA,NA,NA,NA,0,NA,0,0,NA,NA,NA,NA,NA,0,NA,NA,NA,NA,NA,NA,NA,0,BYE,BYE,BYE,BYE,BYE
9,4351,Tim Patrick,WR,31.8,JAX,0.0,0,0,0,0,0,0,0,0,0,0,0,0.0,0,0,0,0,0,0,0.00,0,0,0,0,0.00,0.00,0,0,0,0,0,0,0,0,0.0,0.0,0,0,0,0,0,NA,0,0,NA,NA,NA,NA,0,NA,0,0,NA,NA,NA,NA,NA,0,NA,NA,NA,NA,NA,NA,NA,0,@ LV,3,OUT,OUT,OUT
9,5917,Mecole Hardman,WR,27.6,FA,0.0,0,0,0,0,0,0,0,0,0,0,0,0.0,0,0,0,0,0,0,0.00,0,0,0,0,0.00,0.00,0,0,0,0,0,0,0,0,0.0,0.0,0,0,0,0,0,NA,0,0,NA,NA,NA,NA,0,NA,0,0,NA,NA,NA,NA,NA,0,NA,NA,NA,NA,NA,NA,NA,0,NA,,·,·,·
9,6850,Harrison Bryant,TE,27.4,HOU,53.0,53,54,1.2,0.7,0.2,1,1,0,73,20,0,0.0,0,0,0,0,0,0,0.00,0,0,0,0,0.00,0.00,1,2,0,0,0,2,0,2,2.0,1.0,0,0,0,2,0,NA,0,0,27.4%,NA,NA,NA,0,NA,0,2,0.000,0.0,5,5.0%,0.40,0,NA,NA,NA,NA,NA,0.000,NA,2,vs DEN,24,·,1.1,0.1
9,8118,David Bell,WR,24.8,CLE,0.0,0,0,0,0,0,0,0,0,0,0,0,0.0,0,0,0,0,0,0,0.00,0,0,0,0,0.00,0.00,0,0,0,0,0,0,0,0,0.0,0.0,0,0,0,0,0,NA,0,0,NA,NA,NA,NA,0,NA,0,0,NA,NA,NA,NA,NA,0,NA,NA,NA,NA,NA,NA,NA,0,BYE,BYE,BYE,BYE,BYE
9,11729,Sione Vaki,RB,24.2,DET,999.0,999,999,0,0,0,1,1,0,64,0,0,0.0,0,0,0,0,0,0,0.00,0,0,0,0,0.00,0.00,0,0,0,0,0,0,0,0,0.0,0.0,0,0,0,0,0,NA,0,0,0.0%,NA,NA,NA,0,NA,0,0,NA,0.0,NA,NA,NA,0,NA,NA,NA,NA,NA,NA,NA,0,vs MIN,21,·,0.1,-0.1
9,5086,Marquez Valdes-Scantling,WR,31.0,SF,0.0,0,0,0,0,0,0,0,0,0,0,0,0.0,0,0,0,0,0,0,0.00,0,0,0,0,0.00,0.00,0,0,0,0,0,0,0,0,0.0,0.0,0,0,0,0,0,NA,0,0,NA,NA,NA,NA,0,NA,0,0,NA,NA,NA,NA,NA,0,NA,NA,NA,NA,NA,NA,NA,0,@ NYG,5,·,·,·
9,829,Andy Dalton,QB,37.9,CAR,999.0,999,999,0,0,0,1,0,0,58,0,0,0.0,0,0,0,0,0,0,0.00,0,0,0,0,0.00,0.00,0,0,0,0,0,0,0,0,0.0,0.0,0,0,0,0,0,NA,0,0,0.0%,NA,NA,NA,0,NA,0,0,NA,NA,NA,NA,NA,0,NA,NA,NA,NA,NA,NA,NA,0,@ GB,14,·,·,·
9,3257,Jacoby Brissett,QB,32.8,ARI,10.0,10,10,24.84,24.84,24.84,1,1,1,67,67,1,67.7,134,31,21,12,10,0,115.10,265,5,2,261,8.42,12.43,0,0,0,0,0,0,0,0,0.0,0.0,5,0,0,4,1,NA,4,0.8,100.0%,NA,NA,NA,1,NA,15,36,NA,NA,NA,NA,NA,14,45.2%,3.13,0.0%,37.8%,8.70,NA,37,265,@ DAL,1,·,17.9,6.9
9,7608,Khalil Herbert,RB,27.4,SEA,0.0,0,0,0,0,0,0,0,0,0,0,0,0.0,0,0,0,0,0,0,0.00,0,0,0,0,0.00,0.00,0,0,0,0,0,0,0,0,0.0,0.0,0,0,0,0,0,NA,0,0,NA,NA,NA,NA,0,NA,0,0,NA,NA,NA,NA,NA,0,NA,NA,NA,NA,NA,NA,NA,0,@ WAS,15,·,·,·
9,3634,Kalif Raymond,WR,31.1,DET,999.0,999,999,0,0,0,1,1,0,64,29,0,0.0,0,0,0,0,0,0,0.00,0,0,0,0,0.00,0.00,0,0,0,0,0,1,0,0,0.0,0.0,0,0,0,0,0,NA,0,0,45.3%,NA,NA,NA,0,NA,0,1,0.000,0.0,23,2.7%,0.00,0,NA,NA,NA,NA,NA,0.000,NA,0,vs MIN,25,·,1.9,-1.9
9,6126,Irv Smith,TE,27.1,HOU,0.0,0,0,0,0,0,0,0,0,0,0,0,0.0,0,0,0,0,0,0,0.00,0,0,0,0,0.00,0.00,0,0,0,0,0,0,0,0,0.0,0.0,0,0,0,0,0,NA,0,0,NA,NA,NA,NA,0,NA,0,0,NA,NA,NA,NA,NA,0,NA,NA,NA,NA,NA,NA,NA,0,vs DEN,24,Q,Q,Q
9,10857,Stetson Bennett,QB,27.9,LAR,999.0,999,999,0,0,0,0,0,0,80,0,0,0.0,0,0,0,0,0,0,0.00,0,0,0,0,0.00,0.00,0,0,0,0,0,0,0,0,0.0,0.0,0,0,0,0,0,NA,0,0,0.0%,NA,NA,NA,0,NA,0,0,NA,NA,NA,NA,NA,0,NA,NA,NA,NA,NA,NA,NA,0,vs NO,16,OUT,OUT,OUT
9,6144,Trayveon Williams,RB,27.9,FA,999.0,999,999,0,0,0,1,0,0,0,0,0,0.0,0,0,0,0,0,0,0.00,0,0,0,0,0.00,0.00,0,0,0,0,0,0,0,0,0.0,0.0,0,0,0,0,0,NA,0,0,NA,NA,NA,NA,0,NA,0,0,NA,NA,NA,NA,NA,0,NA,NA,NA,NA,NA,NA,NA,0,NA,,·,0.7,-0.7
9,12473,Mitchell Evans,TE,22.5,CAR,999.0,999,999,0,0,0,1,1,0,58,24,0,0.0,0,0,0,0,0,0,0.00,0,0,0,0,0.00,0.00,0,0,0,0,0,0,0,0,0.0,0.0,0,0,0,0,0,NA,0,0,41.4%,NA,NA,NA,0,NA,0,0,NA,0.0,NA,NA,NA,0,NA,NA,NA,NA,NA,NA,NA,0,@ GB,4,·,1.8,-1.8
9,5374,Justin Watson,WR,29.5,HOU,999.0,999,999,0,0,0,1,0,0,0,0,0,0.0,0,0,0,0,0,0,0.00,0,0,0,0,0.00,0.00,0,0,0,0,0,0,0,0,0.0,0.0,0,0,0,0,0,NA,0,0,NA,NA,NA,NA,0,NA,0,0,NA,NA,NA,NA,NA,0,NA,NA,NA,NA,NA,NA,NA,0,vs DEN,32,IR,IR,IR
9,10223,Eric Gray,RB,25.9,NYG,999.0,999,999,0,0,0,1,0,0,0,0,0,0.0,0,0,0,0,0,0,0.00,0,0,0,0,0.00,0.00,0,0,0,0,0,0,0,0,0.0,0.0,0,0,0,0,0,NA,0,0,NA,NA,NA,NA,0,NA,0,0,NA,NA,NA,NA,NA,0,NA,NA,NA,NA,NA,NA,NA,0,vs SF,23,PUP,PUP,PUP
9,6012,Travis Homer,RB,27.1,CHI,999.0,999,999,0,0,0,1,1,0,80,5,0,0.0,0,0,0,0,0,0,0.00,0,0,0,0,0.00,0.00,0,0,0,0,0,0,0,0,0.0,0.0,0,0,0,0,0,NA,0,0,6.3%,NA,NA,NA,0,NA,0,0,NA,0.0,NA,NA,NA,0,NA,NA,NA,NA,NA,NA,NA,0,@ CIN,1,·,5.0,-5.0
9,3202,Austin Hooper,TE,30.9,NE,41.0,40,40,3,2.5,2,1,1,0,68,36,0,0.0,0,0,0,0,0,0,0.00,0,0,0,0,0.00,0.00,1,16,0,1,0,1,4,20,20.0,20.0,0,0,0,20,0,NA,0,0,52.9%,NA,NA,NA,0,NA,1,1,1.000,1.0,14,3.4%,1.43,0,NA,NA,NA,NA,NA,0.071,NA,20,vs ATL,32,·,3.6,-0.6
9,4972,Mason Rudolph,QB,30.2,PIT,999.0,999,999,0,0,0,1,0,0,62,0,0,0.0,0,0,0,0,0,0,0.00,0,0,0,0,0.00,0.00,0,0,0,0,0,0,0,0,0.0,0.0,0,0,0,0,0,NA,0,0,0.0%,NA,NA,NA,0,NA,0,0,NA,NA,NA,NA,NA,0,NA,NA,NA,NA,NA,NA,NA,0,vs IND,12,·,·,·
9,9489,Justin Shorter,WR,25.4,LV,999.0,999,999,0,0,0,1,0,0,0,0,0,0.0,0,0,0,0,0,0,0.00,0,0,0,0,0.00,0.00,0,0,0,0,0,0,0,0,0.0,0.0,0,0,0,0,0,NA,0,0,NA,NA,NA,NA,0,NA,0,0,NA,NA,NA,NA,NA,0,NA,NA,NA,NA,NA,NA,NA,0,vs JAX,8,·,·,·
9,8219,Jelani Woods,TE,27.0,NYJ,0.0,0,0,0,0,0,0,0,0,0,0,0,0.0,0,0,0,0,0,0,0.00,0,0,0,0,0.00,0.00,0,0,0,0,0,0,0,0,0.0,0.0,0,0,0,0,0,NA,0,0,NA,NA,NA,NA,0,NA,0,0,NA,NA,NA,NA,NA,0,NA,NA,NA,NA,NA,NA,NA,0,BYE,BYE,BYE,BYE,BYE
9,7535,Hunter Long,TE,27.1,JAX,51.0,51,51,1.6,1.1,0.6,1,1,1,80,53,0,0.0,0,0,0,0,0,0,0.00,0,0,0,0,0.00,0.00,1,5,2,0,0,3,1,6,6.0,2.0,0,0,0,6,0,NA,0,0,66.3%,NA,NA,NA,0,NA,0,3,0.000,0.0,14,8.8%,0.43,0,NA,NA,NA,NA,NA,0.000,NA,6,@ LV,26,Q,6.1,-4.5
9,9495,Rakim Jarrett,WR,24.7,FA,0.0,0,0,0,0,0,0,0,0,0,0,0,0.0,0,0,0,0,0,0,0.00,0,0,0,0,0.00,0.00,0,0,0,0,0,0,0,0,0.0,0.0,0,0,0,0,0,NA,0,0,NA,NA,NA,NA,0,NA,0,0,NA,NA,NA,NA,NA,0,NA,NA,NA,NA,NA,NA,NA,0,NA,,·,·,·
9,12048,George Holani,RB,25.8,SEA,59.0,58,55,0.9,0.9,0.9,1,1,0,51,3,0,0.0,0,0,0,0,0,0,0.00,9,0,0,0,0.00,0.00,0,0,0,0,0,0,0,0,0.0,0.0,3,0,0,9,0,5,9,3,5.9%,1,1.60,0.333,0,0.493,0,3,0.000,0.0,NA,0.0%,NA,0,NA,NA,NA,NA,NA,NA,NA,9,@ WAS,15,·,0.8,0.1
9,7757,Ben Skowronek,WR,28.2,PIT,999.0,999,999,0,0,0,1,1,0,62,22,0,0.0,0,0,0,0,0,0,0.00,0,0,0,0,0.00,0.00,0,0,0,0,0,0,0,0,0.0,0.0,0,0,0,0,0,NA,0,0,35.5%,NA,NA,NA,0,NA,0,0,NA,0.0,9,0.0%,0.00,0,NA,NA,NA,NA,NA,0.000,NA,0,vs IND,4,·,0.3,-0.3
9,6427,Ashton Dulin,WR,28.4,IND,999.0,999,999,0,0,0,1,1,0,78,6,0,0.0,0,0,0,0,0,0,0.00,0,0,0,0,0.00,0.00,0,0,0,0,0,0,0,0,0.0,0.0,0,0,0,0,0,NA,0,0,7.7%,NA,NA,NA,0,NA,0,0,NA,0.0,3,0.0%,0.00,0,NA,NA,NA,NA,NA,0.000,NA,0,@ PIT,6,·,0.6,-0.6
9,6001,Drew Sample,TE,29.4,CIN,999.0,999,999,0,0,0,1,1,1,68,31,0,0.0,0,0,0,0,0,0,0.00,0,0,0,0,0.00,0.00,0,0,0,0,0,0,0,0,0.0,0.0,0,0,0,0,0,NA,0,0,45.6%,NA,NA,NA,0,NA,0,0,NA,0.0,10,0.0%,0.00,0,NA,NA,NA,NA,NA,0.000,NA,0,vs CHI,12,·,3.6,-3.6
9,8116,Pierre Strong Jr.,RB,26.8,GB,999.0,999,999,0,0,0,1,0,0,0,0,0,0.0,0,0,0,0,0,0,0.00,0,0,0,0,0.00,0.00,0,0,0,0,0,0,0,0,0.0,0.0,0,0,0,0,0,NA,0,0,NA,NA,NA,NA,0,NA,0,0,NA,NA,NA,NA,NA,0,NA,NA,NA,NA,NA,NA,NA,0,vs CAR,19,·,·,·
9,6847,Devin Duvernay,WR,28.0,CHI,999.0,999,999,0,0,0,1,1,0,80,2,0,0.0,0,0,0,0,0,0,0.00,0,0,0,0,0.00,0.00,0,0,0,0,0,0,0,0,0.0,0.0,0,0,0,0,0,NA,0,0,2.5%,NA,NA,NA,0,NA,0,0,NA,0.0,2,0.0%,0.00,0,NA,NA,NA,NA,NA,0.000,NA,0,@ CIN,20,·,1.6,-1.6
9,11716,Tip Reiman,TE,24.0,ARI,999.0,999,999,0,0,0,1,0,0,0,0,0,0.0,0,0,0,0,0,0,0.00,0,0,0,0,0.00,0.00,0,0,0,0,0,0,0,0,0.0,0.0,0,0,0,0,0,NA,0,0,NA,NA,NA,NA,0,NA,0,0,NA,NA,NA,NA,NA,0,NA,NA,NA,NA,NA,NA,NA,0,@ DAL,19,IR,IR,IR
9,7602,Kylen Granson,TE,27.5,PHI,0.0,0,0,0,0,0,0,0,0,0,0,0,0.0,0,0,0,0,0,0,0.00,0,0,0,0,0.00,0.00,0,0,0,0,0,0,0,0,0.0,0.0,0,0,0,0,0,NA,0,0,NA,NA,NA,NA,0,NA,0,0,NA,NA,NA,NA,NA,0,NA,NA,NA,NA,NA,NA,NA,0,BYE,BYE,BYE,BYE,BYE
9,2749,Raheem Mostert,RB,33.5,LV,50.0,49,50,2.4,1.9,1.4,1,1,0,64,6,0,0.0,0,0,0,0,0,0,0.00,0,0,0,0,0.00,0.00,1,-3,0,1,0,1,17,14,14.0,14.0,0,0,0,14,0,0,0,0,9.4%,0,0.00,NA,0,NA,1,1,1.000,1.0,NA,2.6%,NA,0,NA,NA,NA,NA,NA,NA,NA,14,vs JAX,25,·,3.8,-1.4
9,8127,Charlie Kolar,TE,26.6,BAL,16.0,15,14,10.3,9.3,8.3,1,1,1,56,26,0,0.0,0,0,0,0,0,0,0.00,0,0,0,0,0.00,0.00,2,18,0,1,1,2,5,23,11.5,11.5,0,0,0,23,0,NA,0,0,46.4%,NA,NA,NA,0,NA,2,2,1.000,2.0,4,8.7%,5.75,0,NA,NA,NA,NA,NA,0.250,NA,23,@ MIA,3,·,1.3,9.0
9,7585,Davis Mills,QB,26.9,HOU,27.0,27,27,6.18,6.18,6.18,1,1,0,73,50,0,56.7,106,30,17,7,13,0,68.30,144,2,0,137,4.57,8.06,0,0,0,0,0,0,0,0,0.0,0.0,2,0,0,7,0,NA,7,3.5,68.5%,NA,NA,NA,0,NA,7,32,NA,NA,NA,NA,NA,7,23.3%,2.61,10.0%,24.2%,8.30,NA,33,144,vs DEN,30,·,·,·
9,6290,Scotty Miller,WR,28.2,PIT,0.0,0,0,0,0,0,0,0,0,0,0,0,0.0,0,0,0,0,0,0,0.00,0,0,0,0,0.00,0.00,0,0,0,0,0,0,0,0,0.0,0.0,0,0,0,0,0,NA,0,0,NA,NA,NA,NA,0,NA,0,0,NA,NA,NA,NA,NA,0,NA,NA,NA,NA,NA,NA,NA,0,vs IND,4,OUT,OUT,OUT
9,10228,Charlie Jones,WR,26.9,CIN,57.0,52,41,6,6,6,1,1,0,68,0,0,0.0,0,0,0,0,0,0,0.00,0,0,0,0,0.00,0.00,0,0,0,0,0,0,0,0,0.0,0.0,0,0,0,0,0,NA,0,0,0.0%,NA,NA,NA,0,NA,0,0,NA,0.0,0,0.0%,NA,0,NA,NA,NA,NA,NA,NA,NA,0,vs CHI,11,·,0.2,5.8
9,6659,Craig Reynolds,RB,29.3,DET,0.0,0,0,0,0,0,0,0,0,0,0,0,0.0,0,0,0,0,0,0,0.00,0,0,0,0,0.00,0.00,0,0,0,0,0,0,0,0,0.0,0.0,0,0,0,0,0,NA,0,0,NA,NA,NA,NA,0,NA,0,0,NA,NA,NA,NA,NA,0,NA,NA,NA,NA,NA,NA,NA,0,vs MIN,21,OUT,OUT,OUT
9,4574,Cooper Rush,QB,31.8,BAL,0.0,0,0,0,0,0,0,0,0,0,0,0,0.0,0,0,0,0,0,0,0.00,0,0,0,0,0.00,0.00,0,0,0,0,0,0,0,0,0.0,0.0,0,0,0,0,0,NA,0,0,NA,NA,NA,NA,0,NA,0,0,NA,NA,NA,NA,NA,0,NA,NA,NA,NA,NA,NA,NA,0,@ MIA,3,OUT,OUT,OUT
9,4663,Austin Ekeler,RB,30.4,WAS,999.0,999,999,0,0,0,1,0,0,0,0,0,0.0,0,0,0,0,0,0,0.00,0,0,0,0,0.00,0.00,0,0,0,0,0,0,0,0,0.0,0.0,0,0,0,0,0,NA,0,0,NA,NA,NA,NA,0,NA,0,0,NA,NA,NA,NA,NA,0,NA,NA,NA,NA,NA,NA,NA,0,vs SEA,17,IR,IR,IR
9,8489,Andrew Ogletree,TE,27.2,IND,999.0,999,999,0,0,0,1,1,1,78,14,0,0.0,0,0,0,0,0,0,0.00,0,0,0,0,0.00,0.00,0,0,0,0,0,0,0,0,0.0,0.0,0,0,0,0,0,NA,0,0,17.9%,NA,NA,NA,0,NA,0,0,NA,0.0,4,0.0%,0.00,0,NA,NA,NA,NA,NA,0.000,NA,0,@ PIT,2,·,1.1,-1.1
9,8159,Desmond Ridder,QB,26.1,MIN,0.0,0,0,0,0,0,0,0,0,0,0,0,0.0,0,0,0,0,0,0,0.00,0,0,0,0,0.00,0.00,0,0,0,0,0,0,0,0,0.0,0.0,0,0,0,0,0,NA,0,0,NA,NA,NA,NA,0,NA,0,0,NA,NA,NA,NA,NA,0,NA,NA,NA,NA,NA,NA,NA,0,@ DET,11,·,·,·
9,8253,Deven Thompkins,WR,25.8,ATL,999.0,999,999,0,0,0,1,0,0,0,0,0,0.0,0,0,0,0,0,0,0.00,0,0,0,0,0.00,0.00,0,0,0,0,0,0,0,0,0.0,0.0,0,0,0,0,0,NA,0,0,NA,NA,NA,NA,0,NA,0,0,NA,NA,NA,NA,NA,0,NA,NA,NA,NA,NA,NA,NA,0,@ NE,19,·,·,·
9,12725,Luke Lachey,TE,24.2,HOU,999.0,999,999,0,0,0,1,0,0,0,0,0,0.0,0,0,0,0,0,0,0.00,0,0,0,0,0.00,0.00,0,0,0,0,0,0,0,0,0.0,0.0,0,0,0,0,0,NA,0,0,NA,NA,NA,NA,0,NA,0,0,NA,NA,NA,NA,NA,0,NA,NA,NA,NA,NA,NA,NA,0,vs DEN,24,·,·,·
,,,,,,,,,,,,,,,,,,,,,,,,,,,,,,,,,,,,,,,,,,,,,,,NA,,,NA,NA,NA,NA,0,NA,0,0,NA,NA,NA,NA,NA,0,NA,NA,NA,NA,NA,NA,NA,0,NA,,·,·,·