SLPR_ID,SZN,PLAYER,POS,TM,G,FPTS,FPTS RK,FPTS POS RK,PPG,PPG RK,PPG POS RK,Age,CMP%,CMP,paATT,paYDS,paTD,INT,paYPG,CAR,ruYDS,YPC,ruTD,ruYPG,TGT,REC,recYDS,YPR,recTD,recYPG,ttlYDS,ttlTD
5859,2025,A.J. Brown,WR,PHI,15,220.3,48,WR · 11,14.69,54,WR · 12,-,-,0,0,0,0,0,-,0,0,0,0,-,121,78,1003,12.9,7,66.9,1003,7
5859,2024,A.J. Brown,WR,PHI,13,216.9,61,WR · 20,16.68,39,WR · 13,27,-,0,0,0,0,0,-,0,0,-,0,-,97,67,1079,16.1,7,83.0,1079,7
5859,2023,A.J. Brown,WR,PHI,17,289.6,15,WR · 5,17.04,31,WR · 8,26,-,0,0,0,0,0,-,0,0,-,0,-,158,106,1456,13.74,7,85.6,1456,7
5859,2022,A.J. Brown,WR,PHI,17,299.6,19,WR · 6,17.62,29,WR · 8,25,-,0,0,0,0,0,-,0,0,-,0,-,145,88,1496,17,11,88.0,1496,11
5859,2021,A.J. Brown,WR,TEN,13,180.9,85,WR · 32,13.92,83,WR · 31,24,0.0%,0,2,0,0,0,-,2,10,5,0,0.8,105,63,869,13.79,5,66.8,879,5
5859,2020,A.J. Brown,WR,TEN,14,247.5,41,WR · 12,17.68,34,WR · 6,23,-,0,0,0,0,0,-,0,0,-,0,-,106,70,1075,15.36,11,76.8,1075,12
5859,2019,A.J. Brown,WR,TEN,16,217.1,63,WR · 21,13.57,89,WR · 31,22,-,0,0,0,0,0,-,3,60,20,1,3.8,84,52,1051,20.21,8,65.7,1111,9
830,2022,A.J. Green,WR,ARI,13,61.6,243,WR · 103,4.74,296,WR · 114,34,-,0,0,0,0,0,-,0,0,-,0,-,47,24,236,9.83,2,18.2,236,2
830,2021,A.J. Green,WR,ARI,16,156.8,111,WR · 41,9.80,158,WR · 57,33,-,0,0,0,0,0,-,0,0,-,0,-,92,54,848,15.7,3,53.0,848,3
830,2020,A.J. Green,WR,CIN,16,111.3,166,WR · 68,6.96,230,WR · 92,32,-,0,0,0,0,0,-,0,0,-,0,-,104,47,523,11.13,2,32.7,523,2
830,2019,A.J. Green,WR,-,1,0.0,496,WR · 189,0.00,495,WR · 188,-,-,-,-,-,-,-,-,-,-,-,-,-,-,-,-,-,-,-,0,-
830,2018,A.J. Green,WR,CIN,9,149.4,111,WR · 44,16.60,48,WR · 15,30,-,0,0,0,0,0,-,0,0,-,0,-,77,46,694,15.09,6,77.1,694,6
830,2017,A.J. Green,WR,-,16,226.8,37,WR · 10,14.18,51,WR · 12,-,-,-,-,-,-,-,-,-,-,-,-,-,-,-,-,-,-,-,0,-
830,2016,A.J. Green,WR,-,10,186.4,86,WR · 34,18.64,15,WR · 4,-,-,-,-,-,-,-,-,-,-,-,-,-,-,-,-,-,-,-,0,-
10863,2023,A.T. Perry,WR,NO,10,60.6,240,WR · 97,6.06,219,WR · 79,24,-,0,0,0,0,0,-,0,0,-,0,-,18,12,246,20.5,4,24.6,246,4
4199,2025,Aaron Jones Sr.,RB,MIN,12,118.7,148,RB · 41,9.89,144,RB · 36,-,-,0,0,0,0,0,-,132,548,4.15,2,45.7,41,28,199,7.1,1,16.6,747,3
4199,2024,Aaron Jones Sr.,RB,MIN,17,241.6,43,RB · 14,14.21,75,RB · 20,30,-,0,0,0,0,0,-,255,1138,4.46,5,66.9,62,51,408,8,2,24.0,1546,7
4199,2023,Aaron Jones Sr.,RB,GB,11,134.9,130,RB · 37,12.26,104,RB · 26,29,-,0,0,0,0,0,-,142,656,4.62,2,59.6,43,30,233,7.77,1,21.2,889,3
4199,2022,Aaron Jones Sr.,RB,GB,17,248.6,32,RB · 9,14.62,60,RB · 12,28,-,0,0,0,0,0,-,213,1121,5.26,2,65.9,72,59,395,6.69,5,23.2,1516,7
4199,2021,Aaron Jones Sr.,RB,GB,15,229.0,53,RB · 11,15.27,53,RB · 13,27,-,0,0,0,0,0,-,171,799,4.67,4,53.3,65,52,391,7.52,6,26.1,1190,10
4199,2020,Aaron Jones Sr.,RB,GB,14,258.9,32,RB · 5,18.49,24,RB · 6,26,-,0,0,0,0,0,-,201,1104,5.49,9,78.9,63,47,355,7.55,2,25.4,1459,11
4199,2019,Aaron Jones Sr.,RB,GB,16,314.8,8,RB · 2,19.68,13,RB · 3,25,-,0,0,0,0,0,-,236,1084,4.59,16,67.8,68,49,474,9.67,3,29.6,1558,19
4199,2018,Aaron Jones Sr.,RB,GB,12,171.4,88,RB · 24,14.28,69,RB · 17,24,-,0,0,0,0,0,-,133,728,5.47,8,60.7,35,26,206,7.92,1,17.2,934,9
4199,2017,Aaron Jones Sr.,RB,-,12,80.0,198,RB · 61,6.67,211,RB · 64,-,-,-,-,-,-,-,-,-,-,-,-,-,-,-,-,-,-,-,0,-
96,2025,Aaron Rodgers,QB,PIT,16,234.1,39,QB · 18,14.63,59,QB · 28,-,65.7%,327,498,3322,24,7,207.6,21,61,2.9,1,3.8,1,1,-9,-9,0,-0.6,3374,1
96,2024,Aaron Rodgers,QB,NYJ,17,267.6,29,QB · 15,15.74,54,QB · 21,41,63.0%,368,584,3897,28,11,229.2,22,107,4.86,0,6.3,0,0,0,-,0,-,4004,0
96,2023,Aaron Rodgers,QB,NYJ,1,0.0,537,QB · 76,0.00,537,QB · 76,40,0.0%,0,1,0,0,0,-,0,0,-,0,-,0,0,0,-,0,-,0,0
96,2022,Aaron Rodgers,QB,GB,17,251.2,29,QB · 13,14.78,58,QB · 29,39,64.6%,350,542,3695,26,12,217.4,34,94,2.76,1,5.5,0,0,0,-,0,-,3789,1
96,2021,Aaron Rodgers,QB,GB,16,337.3,11,QB · 6,21.08,14,QB · 8,38,68.9%,366,531,4115,37,4,257.2,33,101,3.06,3,6.3,1,1,-4,-4,0,-0.3,4212,3
96,2020,Aaron Rodgers,QB,GB,16,388.3,3,QB · 3,24.27,9,QB · 6,37,70.7%,372,526,4299,48,5,268.7,38,149,3.92,3,9.3,1,1,-6,-6,0,-0.4,4442,3
96,2019,Aaron Rodgers,QB,GB,16,282.1,17,QB · 10,17.63,28,QB · 14,36,62.0%,353,569,4002,26,4,250.1,46,183,3.98,1,11.4,0,0,0,-,0,-,4185,1
96,2018,Aaron Rodgers,QB,GB,16,312.5,17,QB · 6,19.53,23,QB · 9,35,62.3%,372,597,4442,25,2,277.6,43,269,6.26,2,16.8,0,0,0,-,0,-,4711,2
96,2017,Aaron Rodgers,QB,-,7,129.5,131,QB · 29,18.50,12,QB · 6,-,-,-,-,-,-,-,-,-,-,-,-,-,-,-,-,-,-,-,0,-
96,2016,Aaron Rodgers,QB,-,16,380.0,2,QB · 1,23.75,3,QB · 1,-,-,-,-,-,-,-,-,-,-,-,-,-,-,-,-,-,-,-,0,-
8809,2024,Aaron Shampklin,RB,PIT,3,1.7,511,RB · 133,0.57,495,RB · 130,25,-,0,0,0,0,0,-,6,17,2.83,0,5.7,0,0,0,-,0,-,17,0
2822,2021,Adam Humphries,WR,WAS,17,79.3,218,WR · 93,4.66,310,WR · 123,28,-,0,0,0,0,0,-,0,0,-,0,-,62,41,383,9.34,0,22.5,383,0
2822,2020,Adam Humphries,WR,TEN,7,57.8,261,WR · 108,8.26,199,WR · 78,27,-,0,0,0,0,0,-,0,0,-,0,-,35,23,228,9.91,2,32.6,228,2
2822,2019,Adam Humphries,WR,TEN,12,86.5,192,WR · 80,7.21,189,WR · 74,26,-,0,0,0,0,0,-,1,1,1,0,0.1,47,37,374,10.11,2,31.2,375,2
2822,2018,Adam Humphries,WR,TB,16,188.7,71,WR · 24,11.79,106,WR · 33,25,-,0,0,0,0,0,-,2,11,5.5,0,0.7,105,76,816,10.74,5,51.0,827,5
2822,2017,Adam Humphries,WR,-,16,128.7,132,WR · 51,8.04,173,WR · 62,-,-,-,-,-,-,-,-,-,-,-,-,-,-,-,-,-,-,-,0,-
2822,2016,Adam Humphries,WR,-,15,133.0,140,WR · 58,8.87,182,WR · 72,-,-,-,-,-,-,-,-,-,-,-,-,-,-,-,-,-,-,-,0,-
8025,2024,Adam Prentice,RB,NO,17,0.0,544,RB · 141,0.00,544,RB · 141,27,-,0,0,0,0,0,-,0,0,-,0,-,4,0,0,-,0,-,0,0
8025,2023,Adam Prentice,RB,NO,11,2.4,506,RB · 134,0.22,528,RB · 141,26,-,0,0,0,0,0,-,2,12,6,0,1.1,3,2,12,6,0,1.1,24,0
8025,2022,Adam Prentice,RB,NO,6,4.8,502,RB · 141,0.80,533,RB · 144,25,-,0,0,0,0,0,-,4,9,2.25,0,1.5,3,3,9,3,0,1.5,18,0
8025,2021,Adam Prentice,RB,NO,5,5.1,502,RB · 139,1.02,515,RB · 146,24,-,0,0,0,0,0,-,3,5,1.67,0,1.0,3,3,16,5.33,0,3.2,21,0
4085,2021,Adam Shaheen,TE,MIA,9,23.0,372,TE · 67,2.56,428,TE · 78,27,-,0,0,0,0,0,-,0,0,-,0,-,16,12,110,9.17,0,12.2,110,0
4085,2020,Adam Shaheen,TE,MIA,16,45.0,292,TE · 50,2.81,360,TE · 57,26,-,0,0,0,0,0,-,0,0,-,0,-,22,12,150,12.5,3,9.4,150,3
4085,2019,Adam Shaheen,TE,CHI,8,16.4,365,TE · 75,2.05,359,TE · 70,25,-,0,0,0,0,0,-,0,0,-,0,-,13,9,74,8.22,0,9.3,74,0
4085,2018,Adam Shaheen,TE,CHI,6,17.8,380,TE · 77,2.97,346,TE · 60,24,-,0,0,0,0,0,-,0,0,-,0,-,6,5,48,9.6,1,8.0,48,1
4085,2017,Adam Shaheen,TE,-,13,42.7,286,TE · 49,3.28,317,TE · 51,-,-,-,-,-,-,-,-,-,-,-,-,-,-,-,-,-,-,-,0,-
1689,2024,Adam Thielen,WR,CAR,10,139.5,126,WR · 52,13.95,82,WR · 30,34,-,0,0,0,0,0,-,0,0,-,0,-,62,48,615,12.81,5,61.5,615,5
1689,2023,Adam Thielen,WR,CAR,17,231.0,49,WR · 17,13.59,79,WR · 26,33,-,0,0,0,0,0,-,1,6,6,0,0.4,137,103,1014,9.84,4,59.6,1020,4
1689,2022,Adam Thielen,WR,MIN,17,180.0,79,WR · 30,10.59,126,WR · 46,32,-,0,0,0,0,0,-,1,4,4,0,0.2,107,70,716,10.23,6,42.1,720,6
1689,2021,Adam Thielen,WR,MIN,13,199.8,72,WR · 28,15.37,51,WR · 16,31,-,0,0,0,0,0,-,1,2,2,0,0.2,95,67,726,10.84,10,55.8,728,10
1689,2020,Adam Thielen,WR,MIN,15,254.0,34,WR · 10,16.93,43,WR · 11,30,-,0,0,0,0,0,-,3,15,5,0,1.0,108,74,925,12.5,14,61.7,940,14
1689,2019,Adam Thielen,WR,MIN,10,114.4,149,WR · 64,11.44,115,WR · 44,29,-,0,0,0,0,0,-,4,6,1.5,1,0.6,48,30,418,13.93,6,41.8,424,7
1689,2018,Adam Thielen,WR,MIN,16,307.3,19,WR · 7,19.21,25,WR · 7,28,-,0,0,0,0,0,-,5,30,6,0,1.9,153,113,1373,12.15,9,85.8,1403,9
1689,2017,Adam Thielen,WR,-,16,239.7,28,WR · 8,14.98,42,WR · 11,-,-,-,-,-,-,-,-,-,-,-,-,-,-,-,-,-,-,-,0,-
1689,2016,Adam Thielen,WR,-,16,195.2,73,WR · 29,12.20,102,WR · 38,-,-,-,-,-,-,-,-,-,-,-,-,-,-,-,-,-,-,-,0,-
6869,2025,Adam Trautman,TE,DEN,17,45.5,285,TE · 55,2.68,334,TE · 59,-,-,0,0,0,0,0,-,0,0,0,0,-,23,20,195,9.8,1,11.5,195,1
6869,2024,Adam Trautman,TE,DEN,17,43.8,285,TE · 49,2.58,344,TE · 55,27,-,0,0,0,0,0,-,0,0,-,0,-,22,13,188,14.46,2,11.1,188,2
6869,2023,Adam Trautman,TE,DEN,17,60.4,241,TE · 39,3.55,302,TE · 44,26,-,0,0,0,0,0,-,0,0,-,0,-,35,22,204,9.27,3,12.0,204,3
6869,2022,Adam Trautman,TE,NO,13,44.7,289,TE · 49,3.44,357,TE · 62,25,-,0,0,0,0,0,-,0,0,-,0,-,22,18,207,11.5,1,15.9,207,1
6869,2021,Adam Trautman,TE,NO,11,63.3,256,TE · 39,5.75,269,TE · 33,24,-,0,0,0,0,0,-,0,0,-,0,-,43,27,263,9.74,2,23.9,263,2
6869,2020,Adam Trautman,TE,NO,15,38.1,311,TE · 58,2.54,376,TE · 63,23,-,0,0,0,0,0,-,0,0,-,0,-,16,15,171,11.4,1,11.4,171,1
11625,2025,Adonai Mitchell,WR,2TM,16,87.9,197,WR · 73,5.49,240,WR · 89,-,-,0,0,0,0,0,-,1,-4,-4,0,-0.3,74,33,453,13.7,2,28.3,449,2
11625,2024,Adonai Mitchell,WR,IND,17,53.8,265,WR · 112,3.16,316,WR · 128,22,100.0%,1,1,24,0,0,1.4,4,6,1.5,0,0.4,55,23,312,13.57,0,18.4,342,0
7093,2020,Adrian Killins Jr.,RB,PHI,1,0.0,560,RB · 158,0.00,560,RB · 158,22,-,0,0,0,0,0,-,1,-12,-12,0,-12.0,1,1,2,2,0,2.0,-10,0
184,2021,Adrian Peterson,RB,2TM,4,26.6,361,RB · 101,6.65,242,RB · 65,36,-,0,0,0,0,0,-,38,98,2.58,2,24.5,4,4,8,2,0,2.0,106,2
184,2020,Adrian Peterson,RB,DET,16,124.5,153,RB · 39,7.78,207,RB · 54,35,-,0,0,0,0,0,-,156,604,3.87,7,37.8,18,12,101,8.42,0,6.3,705,7
184,2019,Adrian Peterson,RB,WAS,16,147.0,115,RB · 32,9.19,155,RB · 41,34,-,0,0,0,0,0,-,211,898,4.26,5,56.1,23,17,142,8.35,0,8.9,1040,5
184,2018,Adrian Peterson,RB,WAS,16,189.0,70,RB · 19,11.81,105,RB · 29,33,-,0,0,0,0,0,-,251,1042,4.15,7,65.1,26,20,208,10.4,1,13.0,1250,8
184,2017,Adrian Peterson,RB,-,10,78.9,202,RB · 62,7.89,176,RB · 51,-,-,-,-,-,-,-,-,-,-,-,-,-,-,-,-,-,-,-,0,-
184,2016,Adrian Peterson,RB,-,3,9.0,429,RB · 125,3.00,337,RB · 96,-,-,-,-,-,-,-,-,-,-,-,-,-,-,-,-,-,-,-,0,-
10866,2025,Aidan O'Connell,QB,LV,1,4.8,390,QB · 56,4.78,257,QB · 50,-,45.5%,10,22,102,0,0,102.0,1,7,7,0,7.0,0,0,0,0,0,-,109,0
10866,2024,Aidan O'Connell,QB,LV,9,97.5,192,QB · 38,10.83,129,QB · 43,26,63.4%,154,243,1612,8,4,179.1,21,30,1.43,1,3.3,0,0,0,-,0,-,1642,1
10866,2023,Aidan O'Connell,QB,LV,11,132.8,134,QB · 28,12.07,107,QB · 35,25,62.1%,213,343,2218,12,7,201.6,17,11,0.65,1,1.0,0,0,0,-,0,-,2229,1
11615,2025,Ainias Smith,WR,CAR,0,0.0,415,WR · 168,-,-,-,-,-,0,0,0,0,0,-,0,0,0,0,-,0,0,0,0,0,-,0,0
11615,2024,Ainias Smith,WR,PHI,7,17.7,373,WR · 147,2.53,348,WR · 137,23,-,0,0,0,0,0,-,2,6,3,0,0.9,9,7,41,5.86,1,5.9,47,1
11603,2025,AJ Barner,TE,SEA,17,147.3,110,TE · 14,8.66,165,TE · 21,-,-,0,0,0,0,0,-,10,14,1.4,1,0.8,68,52,519,10,6,30.5,533,7
11603,2024,AJ Barner,TE,SEA,17,78.5,220,TE · 35,4.62,265,TE · 38,22,-,0,0,0,0,0,-,0,0,-,0,-,38,30,245,8.17,4,14.4,245,4
6828,2025,AJ Dillon,RB,PHI,7,9.1,377,RB · 97,1.30,370,RB · 95,-,-,0,0,0,0,0,-,12,60,5,0,8.6,3,3,21,7,0,3.0,81,0
6828,2023,AJ Dillon,RB,GB,15,117.6,149,RB · 42,7.84,182,RB · 47,25,-,0,0,0,0,0,-,178,613,3.44,2,40.9,28,22,223,10.14,0,14.9,836,2
6828,2022,AJ Dillon,RB,GB,17,167.6,95,RB · 26,9.86,145,RB · 38,24,-,0,0,0,0,0,-,186,770,4.14,7,45.3,43,28,206,7.36,0,12.1,976,7
6828,2021,AJ Dillon,RB,GB,17,185.6,82,RB · 23,10.92,134,RB · 35,23,-,0,0,0,0,0,-,187,803,4.29,5,47.2,37,34,313,9.21,2,18.4,1116,7
6828,2020,AJ Dillon,RB,GB,11,40.3,307,RB · 81,3.66,326,RB · 89,22,-,0,0,0,0,0,-,46,242,5.26,2,22.0,2,2,21,10.5,0,1.9,263,2
1895,2023,AJ McCarron,QB,CIN,2,0.8,534,QB · 74,0.40,515,QB · 75,33,80.0%,4,5,19,0,0,9.5,0,0,-,0,-,0,0,0,-,0,-,19,0
1895,2020,AJ McCarron,QB,HOU,2,0.8,553,QB · 76,0.40,528,QB · 76,30,100.0%,1,1,20,0,0,10.0,0,0,-,0,-,0,0,0,-,0,-,20,0
1895,2019,AJ McCarron,QB,HOU,3,17.9,359,QB · 49,5.97,222,QB · 46,29,56.8%,21,37,225,0,1,75.0,5,39,7.8,1,13.0,0,0,0,-,0,-,264,1
1895,2018,AJ McCarron,QB,OAK,2,0.1,542,QB · 66,0.05,542,QB · 66,28,33.3%,1,3,8,0,0,4.0,3,-2,-0.67,0,-1.0,0,0,0,-,0,-,6,0
1895,2017,AJ McCarron,QB,-,3,2.7,496,QB · 60,0.90,451,QB · 61,-,-,-,-,-,-,-,-,-,-,-,-,-,-,-,-,-,-,-,0,-
1895,2016,AJ McCarron,QB,-,1,0.0,540,QB · 66,0.00,540,QB · 66,-,-,-,-,-,-,-,-,-,-,-,-,-,-,-,-,-,-,-,0,-
6843,2023,Albert Okwuegbunam Jr.,TE,PHI,4,0.0,537,TE · 114,0.00,537,TE · 114,25,-,0,0,0,0,0,-,0,0,-,0,-,1,0,0,-,0,-,0,0
6843,2022,Albert Okwuegbunam Jr.,TE,DEN,6,25.5,358,TE · 70,4.25,313,TE · 52,24,-,0,0,0,0,0,-,0,0,-,0,-,18,10,95,9.5,1,15.8,95,1
6843,2021,Albert Okwuegbunam Jr.,TE,DEN,14,76.0,228,TE · 30,5.43,277,TE · 35,23,-,0,0,0,0,0,-,0,0,-,0,-,40,33,330,10,2,23.6,330,2
6843,2020,Albert Okwuegbunam Jr.,TE,DEN,4,29.1,346,TE · 67,7.28,221,TE · 27,22,-,0,0,0,0,0,-,0,0,-,0,-,15,11,121,11,1,30.3,121,1
2025,2022,Albert Wilson,WR,-,3,0.0,571,WR · 218,0.00,571,WR · 218,-,-,-,-,-,-,-,-,-,-,-,-,-,-,-,-,-,-,-,0,-
2025,2021,Albert Wilson,WR,MIA,10,48.0,302,WR · 123,4.80,302,WR · 120,29,0.0%,0,1,0,0,0,-,4,17,4.25,0,1.7,39,25,213,8.52,0,21.3,230,0
2025,2019,Albert Wilson,WR,MIA,13,89.4,189,WR · 79,6.88,199,WR · 76,27,50.0%,1,2,20,0,0,1.5,5,45,9,0,3.5,62,43,351,8.16,1,27.0,416,1
2025,2018,Albert Wilson,WR,MIA,7,96.8,181,WR · 78,13.83,74,WR · 25,26,100.0%,1,1,52,1,0,7.4,8,16,2,0,2.3,35,26,391,15.04,4,55.9,459,4
2025,2017,Albert Wilson,WR,-,13,116.0,150,WR · 59,8.92,154,WR · 56,-,-,-,-,-,-,-,-,-,-,-,-,-,-,-,-,-,-,-,0,-
2025,2016,Albert Wilson,WR,-,16,81.9,208,WR · 90,5.12,264,WR · 105,-,-,-,-,-,-,-,-,-,-,-,-,-,-,-,-,-,-,-,0,-
6109,2024,Alec Ingold,RB,MIA,15,26.3,345,RB · 95,1.75,385,RB · 107,28,-,0,0,0,0,0,-,10,17,1.7,1,1.1,12,11,96,8.73,0,6.4,113,1
6109,2023,Alec Ingold,RB,MIA,16,24.9,359,RB · 86,1.56,422,RB · 111,27,-,0,0,0,0,0,-,2,0,0,0,-,16,13,119,9.15,0,7.4,119,0
6109,2022,Alec Ingold,RB,MIA,12,38.3,313,RB · 84,3.19,376,RB · 103,26,-,0,0,0,0,0,-,6,8,1.33,1,0.7,23,15,105,7,1,8.8,113,2
6109,2021,Alec Ingold,RB,LV,7,24.6,366,RB · 103,3.51,374,RB · 105,25,-,0,0,0,0,0,-,2,1,0.5,0,0.1,12,10,85,8.5,1,12.1,86,1
6109,2020,Alec Ingold,RB,LV,16,29.4,342,RB · 92,1.84,423,RB · 114,24,-,0,0,0,0,0,-,3,4,1.33,0,0.3,17,12,110,9.17,1,6.9,114,1
6109,2019,Alec Ingold,RB,OAK,16,18.1,357,RB · 97,1.13,401,RB · 103,23,-,0,0,0,0,0,-,10,17,1.7,0,1.1,6,6,44,7.33,1,2.8,61,1
8142,2025,Alec Pierce,WR,IND,15,183.3,82,WR · 28,12.22,93,WR · 28,-,-,0,0,0,0,0,-,0,0,0,0,-,84,47,1003,21.3,6,66.9,1003,6
8142,2024,Alec Pierce,WR,IND,16,161.4,106,WR · 43,10.09,144,WR · 53,24,-,0,0,0,0,0,-,0,0,-,0,-,69,37,824,22.27,7,51.5,824,7
8142,2023,Alec Pierce,WR,IND,17,95.4,182,WR · 73,5.61,232,WR · 87,23,-,0,0,0,0,0,-,0,0,-,0,-,65,32,514,16.06,2,30.2,514,2
8142,2022,Alec Pierce,WR,IND,16,112.3,157,WR · 63,7.02,221,WR · 83,22,-,0,0,0,0,0,-,0,0,-,0,-,78,41,593,14.46,2,37.1,593,2
4226,2023,Alex Armah Jr.,RB,WAS,7,4.3,483,RB · 124,0.61,494,RB · 132,29,-,0,0,0,0,0,-,0,0,-,0,-,3,3,13,4.33,0,1.9,13,0
4226,2021,Alex Armah Jr.,RB,2TM,10,9.2,456,RB · 126,0.92,524,RB · 147,27,-,0,0,0,0,0,-,5,21,4.2,0,2.1,1,1,1,1,1,0.1,22,1
4226,2020,Alex Armah Jr.,RB,CAR,16,7.7,469,RB · 134,0.48,525,RB · 145,26,-,0,0,0,0,0,-,6,9,1.5,0,0.6,9,5,18,3.6,0,1.1,27,0
4226,2019,Alex Armah Jr.,RB,CAR,16,9.7,399,RB · 107,0.61,439,RB · 114,25,-,0,0,0,0,0,-,6,11,1.83,1,0.7,2,2,6,3,0,0.4,17,1
4226,2018,Alex Armah Jr.,RB,CAR,16,15.0,395,RB · 104,0.94,457,RB · 124,24,-,0,0,0,0,0,-,9,15,1.67,2,0.9,1,1,5,5,0,0.3,20,2
4226,2017,Alex Armah Jr.,RB,-,9,0.0,529,RB · 157,0.00,529,RB · 157,-,-,-,-,-,-,-,-,-,-,-,-,-,-,-,-,-,-,-,0,-
6386,2024,Alex Bachman,WR,LV,5,6.1,460,WR · 183,1.22,428,WR · 171,28,-,0,0,0,0,0,-,0,0,-,0,-,3,3,31,10.33,0,6.2,31,0
6386,2022,Alex Bachman,WR,-,1,0.0,571,WR · 218,0.00,571,WR · 218,-,-,-,-,-,-,-,-,-,-,-,-,-,-,-,-,-,-,-,0,-
6386,2021,Alex Bachman,WR,NYG,2,-0.3,663,WR · 260,-0.15,663,WR · 260,25,-,0,0,0,0,0,-,1,-3,-3,0,-1.5,0,0,0,-,0,-,-3,0
6386,2020,Alex Bachman,WR,NYG,1,0.0,560,WR · 208,0.00,560,WR · 208,24,-,0,0,0,0,0,-,0,0,-,0,-,0,0,0,-,0,-,0,0
3824,2019,Alex Ellis,TE,PHI,3,0.0,496,TE · 111,0.00,495,TE · 111,26,-,0,0,0,0,0,-,0,0,-,0,-,0,0,0,-,0,-,0,0
3824,2018,Alex Ellis,TE,KC,2,0.0,543,TE · 118,0.00,543,TE · 118,25,-,0,0,0,0,0,-,0,0,-,0,-,0,0,0,-,0,-,0,0
3824,2016,Alex Ellis,TE,-,6,4.1,476,TE · 101,0.68,476,TE · 96,-,-,-,-,-,-,-,-,-,-,-,-,-,-,-,-,-,-,-,0,-
3433,2024,Alex Erickson,WR,NE,3,0.0,544,WR · 215,0.00,544,WR · 215,32,-,0,0,0,0,0,-,0,0,-,0,-,0,0,0,-,0,-,0,0
3433,2023,Alex Erickson,WR,LAC,8,45.2,279,WR · 117,5.65,227,WR · 83,31,-,0,0,0,0,0,-,0,0,-,0,-,29,16,232,14.5,1,29.0,232,1
3433,2022,Alex Erickson,WR,WAS,2,0.0,571,WR · 218,0.00,571,WR · 218,30,-,0,0,0,0,0,-,0,0,-,0,-,0,0,0,-,0,-,0,0
3433,2021,Alex Erickson,WR,CAR,17,8.5,464,WR · 183,0.50,553,WR · 215,29,-,0,0,0,0,0,-,0,0,-,0,-,4,3,55,18.33,0,3.2,55,0
3433,2020,Alex Erickson,WR,CIN,16,22.6,371,WR · 155,1.41,445,WR · 178,28,0.0%,0,1,0,0,0,-,5,7,1.4,0,0.4,17,12,139,11.58,0,8.7,146,0
3433,2019,Alex Erickson,WR,CIN,16,96.2,175,WR · 73,6.01,219,WR · 89,27,100.0%,1,1,26,0,0,1.6,5,33,6.6,0,2.1,78,43,529,12.3,0,33.1,588,0
3433,2018,Alex Erickson,WR,CIN,16,36.9,320,WR · 133,2.31,374,WR · 150,26,-,0,0,0,0,0,-,3,22,7.33,0,1.4,29,20,167,8.35,0,10.4,189,0
3433,2017,Alex Erickson,WR,-,16,35.6,304,WR · 122,2.23,363,WR · 141,-,-,-,-,-,-,-,-,-,-,-,-,-,-,-,-,-,-,-,0,-
3433,2016,Alex Erickson,WR,-,16,13.1,404,WR · 162,0.82,461,WR · 175,-,-,-,-,-,-,-,-,-,-,-,-,-,-,-,-,-,-,-,0,-
268,2020,Alex Smith,QB,WAS,8,79.6,219,QB · 36,9.95,152,QB · 46,36,66.7%,168,252,1582,6,8,197.8,10,3,0.3,0,0.4,0,0,0,-,0,-,1585,0
268,2019,Alex Smith,QB,-,1,0.0,496,QB · 63,0.00,495,QB · 63,-,-,-,-,-,-,-,-,-,-,-,-,-,-,-,-,-,-,-,0,-
268,2018,Alex Smith,QB,WAS,10,137.9,122,QB · 31,13.79,77,QB · 28,34,62.5%,205,328,2180,10,5,218.0,41,168,4.1,1,16.8,0,0,0,-,0,-,2348,1
268,2017,Alex Smith,QB,-,15,295.1,10,QB · 4,19.67,9,QB · 4,-,-,-,-,-,-,-,-,-,-,-,-,-,-,-,-,-,-,-,0,-
268,2016,Alex Smith,QB,-,15,224.9,47,QB · 21,14.99,44,QB · 22,-,-,-,-,-,-,-,-,-,-,-,-,-,-,-,-,-,-,-,0,-
1262,2018,Alex Tanney,QB,-,1,0.0,543,QB · 67,0.00,543,QB · 67,-,-,-,-,-,-,-,-,-,-,-,-,-,-,-,-,-,-,-,0,-
6381,2019,Alexander Hollins,WR,MIN,5,6.6,421,WR · 165,1.32,391,WR · 156,23,-,0,0,0,0,0,-,0,0,-,0,-,4,2,46,23,0,9.2,46,0
5987,2025,Alexander Mattison,RB,MIA,0,0.0,415,RB · 113,-,-,-,-,-,0,0,0,0,0,-,0,0,0,0,-,0,0,0,0,0,-,0,0
5987,2024,Alexander Mattison,RB,LV,14,137.4,128,RB · 32,9.81,150,RB · 34,26,-,0,0,0,0,0,-,132,420,3.18,4,30.0,48,36,294,8.17,1,21.0,714,5
5987,2023,Alexander Mattison,RB,MIN,16,133.2,132,RB · 38,8.33,173,RB · 43,25,-,0,0,0,0,0,-,180,700,3.89,0,43.8,44,30,192,6.4,3,12.0,892,3
5987,2022,Alexander Mattison,RB,MIN,17,88.4,193,RB · 51,5.20,272,RB · 70,24,-,0,0,0,0,0,-,74,283,3.82,5,16.6,18,15,91,6.07,1,5.4,374,6
5987,2021,Alexander Mattison,RB,MIN,16,125.9,147,RB · 39,7.87,207,RB · 56,23,-,0,0,0,0,0,-,134,491,3.66,3,30.7,39,32,228,7.13,1,14.3,719,4
5987,2020,Alexander Mattison,RB,MIN,13,86.9,202,RB · 53,6.68,236,RB · 63,22,-,0,0,0,0,0,-,96,434,4.52,2,33.4,15,13,125,9.62,1,9.6,559,3
5987,2019,Alexander Mattison,RB,MIN,13,68.4,221,RB · 58,5.26,242,RB · 59,21,-,0,0,0,0,0,-,100,462,4.62,1,35.5,12,10,82,8.2,0,6.3,544,1
1170,2018,Alfred Morris,RB,SF,12,68.1,232,RB · 68,5.68,248,RB · 73,30,-,0,0,0,0,0,-,111,428,3.86,2,35.7,13,8,73,9.13,0,6.1,501,2
1170,2017,Alfred Morris,RB,-,14,72.2,216,RB · 67,5.16,264,RB · 82,-,-,-,-,-,-,-,-,-,-,-,-,-,-,-,-,-,-,-,0,-
1170,2016,Alfred Morris,RB,-,14,40.4,279,RB · 77,2.89,350,RB · 99,-,-,-,-,-,-,-,-,-,-,-,-,-,-,-,-,-,-,-,0,-
1984,2021,Allen Hurns,WR,-,4,0.0,582,WR · 225,0.00,582,WR · 225,-,-,-,-,-,-,-,-,-,-,-,-,-,-,-,-,-,-,-,0,-
1984,2019,Allen Hurns,WR,MIA,14,83.6,199,WR · 81,5.97,221,WR · 90,28,-,0,0,0,0,0,-,0,0,-,0,-,47,32,416,13,2,29.7,416,2
1984,2018,Allen Hurns,WR,DAL,16,61.5,247,WR · 103,3.84,316,WR · 131,27,-,0,0,0,0,0,-,0,0,-,0,-,35,20,295,14.75,2,18.4,295,2
1984,2017,Allen Hurns,WR,-,10,99.4,168,WR · 67,9.94,128,WR · 47,-,-,-,-,-,-,-,-,-,-,-,-,-,-,-,-,-,-,-,0,-
1984,2016,Allen Hurns,WR,-,11,100.7,178,WR · 77,9.15,169,WR · 68,-,-,-,-,-,-,-,-,-,-,-,-,-,-,-,-,-,-,-,0,-
5185,2025,Allen Lazard,WR,NYJ,10,23.0,334,WR · 139,2.30,340,WR · 137,-,-,0,0,0,0,0,-,0,0,0,0,-,18,10,70,7,1,7.0,70,1
5185,2024,Allen Lazard,WR,NYJ,12,126.0,141,WR · 59,10.50,134,WR · 47,29,0.0%,0,1,0,0,0,-,0,0,-,0,-,60,37,530,14.32,6,44.2,530,6
5185,2023,Allen Lazard,WR,NYJ,14,60.1,244,WR · 99,4.29,266,WR · 99,28,-,0,0,0,0,0,-,0,0,-,0,-,49,23,311,13.52,1,22.2,311,1
5185,2022,Allen Lazard,WR,GB,15,174.8,87,WR · 35,11.65,106,WR · 36,27,-,0,0,0,0,0,-,2,0,0,0,-,100,60,788,13.13,6,52.5,788,6
5185,2021,Allen Lazard,WR,GB,14,142.5,126,WR · 47,10.18,150,WR · 51,26,-,0,0,0,0,0,-,3,32,10.67,0,2.3,60,40,513,12.83,8,36.6,545,8
5185,2020,Allen Lazard,WR,GB,10,97.8,184,WR · 79,9.78,156,WR · 60,25,-,0,0,0,0,0,-,2,17,8.5,0,1.7,46,33,451,13.67,3,45.1,468,3
5185,2019,Allen Lazard,WR,GB,16,102.8,163,WR · 67,6.43,210,WR · 83,24,-,0,0,0,0,0,-,1,21,21,0,1.3,52,35,477,13.63,3,29.8,498,3
5185,2018,Allen Lazard,WR,GB,1,1.7,513,WR · 199,1.70,402,WR · 166,23,-,0,0,0,0,0,-,0,0,-,0,-,1,1,7,7,0,7.0,7,0
1992,2024,Allen Robinson II,WR,DET,12,6.0,461,WR · 184,0.50,499,WR · 200,31,-,0,0,0,0,0,-,0,0,-,0,-,7,3,30,10,0,2.5,30,0
1992,2023,Allen Robinson II,WR,PIT,17,62.0,235,WR · 95,3.65,294,WR · 114,30,-,0,0,0,0,0,-,0,0,-,0,-,49,34,280,8.24,0,16.5,280,0
1992,2022,Allen Robinson II,WR,LAR,10,84.9,204,WR · 84,8.49,181,WR · 64,29,-,0,0,0,0,0,-,0,0,-,0,-,52,33,339,10.27,3,33.9,339,3
1992,2021,Allen Robinson II,WR,CHI,12,87.0,199,WR · 81,7.25,221,WR · 87,28,-,0,0,0,0,0,-,0,0,-,0,-,66,38,410,10.79,1,34.2,410,1
1992,2020,Allen Robinson II,WR,CHI,16,262.9,31,WR · 9,16.43,51,WR · 13,27,-,0,0,0,0,0,-,1,-1,-1,0,-0.1,151,102,1250,12.25,6,78.1,1249,6
1992,2019,Allen Robinson II,WR,CHI,16,254.9,31,WR · 8,15.93,45,WR · 11,26,-,0,0,0,0,0,-,1,2,2,0,0.1,154,98,1147,11.7,7,71.7,1149,7
1992,2018,Allen Robinson II,WR,CHI,13,153.3,104,WR · 40,11.79,107,WR · 34,25,-,0,0,0,0,0,-,1,9,9,0,0.7,94,55,754,13.71,4,58.0,763,4
1992,2017,Allen Robinson II,WR,-,1,2.7,496,WR · 188,2.70,341,WR · 130,-,-,-,-,-,-,-,-,-,-,-,-,-,-,-,-,-,-,-,0,-
1992,2016,Allen Robinson II,WR,-,16,199.3,66,WR · 24,12.46,91,WR · 32,-,-,-,-,-,-,-,-,-,-,-,-,-,-,-,-,-,-,-,0,-
1149,2020,Alshon Jeffery,WR,PHI,7,23.5,364,WR · 153,3.36,339,WR · 132,30,-,0,0,0,0,0,-,0,0,-,0,-,13,6,115,19.17,1,16.4,115,1
1149,2019,Alshon Jeffery,WR,PHI,10,122.2,139,WR · 59,12.22,106,WR · 39,29,-,0,0,0,0,0,-,1,2,2,1,0.2,73,43,490,11.4,4,49.0,492,5
1149,2018,Alshon Jeffery,WR,PHI,13,185.3,73,WR · 26,14.25,70,WR · 23,28,-,0,0,0,0,0,-,0,0,-,0,-,92,65,843,12.97,6,64.8,843,6
1149,2017,Alshon Jeffery,WR,-,16,195.9,60,WR · 20,12.24,79,WR · 25,-,-,-,-,-,-,-,-,-,-,-,-,-,-,-,-,-,-,-,0,-
1149,2016,Alshon Jeffery,WR,-,12,146.1,124,WR · 55,12.18,103,WR · 39,-,-,-,-,-,-,-,-,-,-,-,-,-,-,-,-,-,-,-,0,-
4035,2025,Alvin Kamara,RB,NO,11,100.7,171,RB · 46,9.15,155,RB · 39,-,-,0,0,0,0,0,-,131,471,3.6,1,42.8,39,33,186,5.6,0,16.9,657,1
4035,2024,Alvin Kamara,RB,NO,14,265.3,31,RB · 9,18.95,16,RB · 5,29,-,0,0,0,0,0,-,228,950,4.17,6,67.9,89,68,543,7.99,2,38.8,1493,8
4035,2023,Alvin Kamara,RB,NO,13,233.0,46,RB · 11,17.92,22,RB · 3,28,-,0,0,0,0,0,-,180,694,3.86,5,53.4,86,75,466,6.21,1,35.8,1160,6
4035,2022,Alvin Kamara,RB,NO,15,211.7,57,RB · 16,14.11,64,RB · 14,27,-,0,0,0,0,0,-,223,897,4.02,2,59.8,77,57,490,8.6,2,32.7,1387,4
4035,2021,Alvin Kamara,RB,NO,13,234.7,48,RB · 8,18.05,23,RB · 6,26,-,0,0,0,0,0,-,240,898,3.74,4,69.1,67,47,439,9.34,5,33.8,1337,9
4035,2020,Alvin Kamara,RB,NO,15,377.8,5,RB · 1,25.19,7,RB · 2,25,-,0,0,0,0,0,-,187,932,4.98,16,62.1,107,83,756,9.11,5,50.4,1688,21
4035,2019,Alvin Kamara,RB,NO,14,248.5,37,RB · 9,17.75,25,RB · 8,24,100.0%,1,1,13,0,0,0.9,171,797,4.66,5,56.9,97,81,533,6.58,1,38.1,1343,6
4035,2018,Alvin Kamara,RB,NO,15,354.2,6,RB · 4,23.61,5,RB · 4,23,-,0,0,0,0,0,-,194,883,4.55,14,58.9,105,81,709,8.75,4,47.3,1592,18
4035,2017,Alvin Kamara,RB,-,16,314.4,4,RB · 3,19.65,10,RB · 4,-,-,-,-,-,-,-,-,-,-,-,-,-,-,-,-,-,-,-,0,-
4139,2017,Amara Darboh,WR,-,16,15.1,388,WR · 151,0.94,446,WR · 172,-,-,-,-,-,-,-,-,-,-,-,-,-,-,-,-,-,-,-,0,-
2309,2024,Amari Cooper,WR,2TM,14,122.7,151,WR · 64,8.76,170,WR · 62,30,-,0,0,0,0,0,-,0,0,-,0,-,85,44,547,12.43,4,39.1,547,4
2309,2023,Amari Cooper,WR,CLE,15,227.0,53,WR · 20,15.13,58,WR · 18,29,-,0,0,0,0,0,-,0,0,-,0,-,128,72,1250,17.36,5,83.3,1250,5
2309,2022,Amari Cooper,WR,CLE,17,247.0,33,WR · 10,14.53,61,WR · 19,28,0.0%,0,1,0,0,1,-,0,0,-,0,-,132,78,1160,14.87,9,68.2,1160,9
2309,2021,Amari Cooper,WR,DAL,15,202.5,70,WR · 27,13.50,90,WR · 32,27,-,0,0,0,0,0,-,0,0,-,0,-,104,68,865,12.72,8,57.7,865,8
2309,2020,Amari Cooper,WR,DAL,16,236.8,44,WR · 15,14.80,70,WR · 21,26,-,0,0,0,0,0,-,6,14,2.33,0,0.9,130,92,1114,12.11,5,69.6,1128,5
2309,2019,Amari Cooper,WR,DAL,16,246.5,39,WR · 10,15.41,56,WR · 15,25,-,0,0,0,0,0,-,1,6,6,0,0.4,119,79,1189,15.05,8,74.3,1195,8
2309,2018,Amari Cooper,WR,2TM,15,215.5,54,WR · 19,14.37,68,WR · 22,24,-,0,0,0,0,0,-,2,20,10,0,1.3,107,75,1005,13.4,7,67.0,1025,7
2309,2017,Amari Cooper,WR,-,14,158.4,93,WR · 36,11.31,98,WR · 34,-,-,-,-,-,-,-,-,-,-,-,-,-,-,-,-,-,-,-,0,-
2309,2016,Amari Cooper,WR,-,16,232.3,42,WR · 13,14.52,54,WR · 15,-,-,-,-,-,-,-,-,-,-,-,-,-,-,-,-,-,-,-,0,-
7540,2023,Amari Rodgers,WR,IND,2,0.0,537,WR · 205,0.00,537,WR · 205,24,-,0,0,0,0,0,-,0,0,-,0,-,2,0,0,-,0,-,0,0
7540,2022,Amari Rodgers,WR,2TM,15,39.1,309,WR · 125,2.61,417,WR · 157,23,-,0,0,0,0,0,-,2,7,3.5,0,0.5,25,16,204,12.75,1,13.6,211,1
7540,2021,Amari Rodgers,WR,GB,16,9.6,454,WR · 180,0.60,544,WR · 211,22,-,0,0,0,0,0,-,1,11,11,0,0.7,8,4,45,11.25,0,2.8,56,0
2359,2024,Ameer Abdullah,RB,LV,16,125.2,142,RB · 38,7.83,189,RB · 47,31,-,0,0,0,0,0,-,66,311,4.71,2,19.4,47,40,261,6.53,3,16.3,572,5
2359,2023,Ameer Abdullah,RB,LV,17,41.0,290,RB · 74,2.41,366,RB · 94,30,-,0,0,0,0,0,-,15,89,5.93,0,5.2,24,19,131,6.89,0,7.7,220,0
2359,2022,Ameer Abdullah,RB,LV,16,54.1,262,RB · 69,3.38,365,RB · 98,29,-,0,0,0,0,0,-,4,20,5,0,1.3,32,25,211,8.44,1,13.2,231,1
2359,2021,Ameer Abdullah,RB,2TM,17,89.5,196,RB · 58,5.26,287,RB · 80,28,-,0,0,0,0,0,-,51,166,3.25,0,9.8,53,38,289,7.61,1,17.0,455,1
2359,2020,Ameer Abdullah,RB,MIN,16,30.0,336,RB · 90,1.88,420,RB · 113,27,-,0,0,0,0,0,-,8,42,5.25,0,2.6,9,8,58,7.25,2,3.6,100,2
2359,2019,Ameer Abdullah,RB,MIN,16,39.3,284,RB · 79,2.46,336,RB · 88,26,-,0,0,0,0,0,-,23,115,5,0,7.2,21,15,88,5.87,1,5.5,203,1
2359,2018,Ameer Abdullah,RB,2TM,10,3.9,481,RB · 134,0.39,503,RB · 142,25,-,0,0,0,0,0,-,1,1,1,0,0.1,4,3,28,9.33,0,2.8,29,0
2359,2017,Ameer Abdullah,RB,-,14,124.4,139,RB · 40,8.89,156,RB · 45,-,-,-,-,-,-,-,-,-,-,-,-,-,-,-,-,-,-,-,0,-
2359,2016,Ameer Abdullah,RB,-,2,26.8,342,RB · 97,13.40,71,RB · 20,-,-,-,-,-,-,-,-,-,-,-,-,-,-,-,-,-,-,-,0,-
7547,2025,Amon-Ra St. Brown,WR,DET,17,324.0,12,WR · 3,19.06,19,WR · 5,-,-,0,0,0,0,0,-,3,9,3,0,0.5,172,117,1401,12,11,82.4,1410,11
7547,2024,Amon-Ra St. Brown,WR,DET,17,316.2,16,WR · 3,18.60,20,WR · 4,25,100.0%,1,1,7,1,0,0.4,2,6,3,0,0.4,141,115,1263,10.98,12,74.3,1276,12
7547,2023,Amon-Ra St. Brown,WR,DET,16,330.9,8,WR · 3,20.68,11,WR · 4,24,-,0,0,0,0,0,-,4,24,6,0,1.5,164,119,1515,12.73,10,94.7,1539,10
7547,2022,Amon-Ra St. Brown,WR,DET,16,267.6,26,WR · 7,16.73,34,WR · 11,23,-,0,0,0,0,0,-,9,95,10.56,0,5.9,146,106,1161,10.95,6,72.6,1256,6
7547,2021,Amon-Ra St. Brown,WR,DET,16,227.3,55,WR · 21,14.21,74,WR · 27,22,-,0,0,0,0,0,-,7,61,8.71,1,3.8,119,90,912,10.13,5,57.0,973,6
7233,2023,Andre Baccellia,WR,ARI,5,0.0,537,WR · 205,0.00,537,WR · 205,26,-,0,0,0,0,0,-,0,0,-,0,-,0,0,0,-,0,-,0,0
7233,2022,Andre Baccellia,WR,ARI,5,11.5,434,WR · 165,2.30,435,WR · 164,25,-,0,0,0,0,0,-,0,0,-,0,-,10,7,45,6.43,0,9.0,45,0
4669,2019,Andre Patton,WR,LAC,13,11.6,394,WR · 153,0.89,414,WR · 166,25,-,0,0,0,0,0,-,0,0,-,0,-,17,6,56,9.33,0,4.3,56,0
627,2022,Andre Roberts,WR,CAR,3,0.0,571,WR · 218,0.00,571,WR · 218,34,-,0,0,0,0,0,-,0,0,-,0,-,0,0,0,-,0,-,0,0
627,2021,Andre Roberts,WR,2TM,16,8.4,465,WR · 184,0.53,551,WR · 213,33,-,0,0,0,0,0,-,3,19,6.33,0,1.2,2,1,35,35,0,2.2,54,1
627,2020,Andre Roberts,WR,BUF,15,3.1,507,WR · 196,0.21,545,WR · 205,32,-,0,0,0,0,0,-,1,-3,-3,0,-0.2,5,4,34,8.5,0,2.3,31,0
627,2019,Andre Roberts,WR,BUF,13,5.7,431,WR · 171,0.44,454,WR · 179,31,-,0,0,0,0,0,-,1,7,7,0,0.5,7,3,20,6.67,0,1.5,27,0
627,2018,Andre Roberts,WR,NYJ,16,23.9,357,WR · 151,1.49,415,WR · 168,30,-,0,0,0,0,0,-,2,20,10,0,1.3,17,10,79,7.9,1,4.9,99,3
627,2017,Andre Roberts,WR,-,16,0.2,525,WR · 198,0.01,527,WR · 198,-,-,-,-,-,-,-,-,-,-,-,-,-,-,-,-,-,-,-,0,-
627,2016,Andre Roberts,WR,-,16,36.8,293,WR · 124,2.30,374,WR · 147,-,-,-,-,-,-,-,-,-,-,-,-,-,-,-,-,-,-,-,0,-
10226,2025,Andrei Iosivas,WR,CIN,17,89.9,190,WR · 70,5.29,245,WR · 93,-,-,0,0,0,0,0,-,3,14,4.67,0,0.8,58,33,435,13.2,2,25.6,449,2
10226,2024,Andrei Iosivas,WR,CIN,17,119.9,158,WR · 68,7.05,210,WR · 83,25,-,0,0,0,0,0,-,0,0,-,0,-,61,36,479,13.31,6,28.2,479,6
10226,2023,Andrei Iosivas,WR,CIN,14,50.6,264,WR · 111,3.61,299,WR · 117,24,-,0,0,0,0,0,-,0,0,-,0,-,25,15,116,7.73,4,8.3,116,4
6323,2024,Andrew Beck,TE,2TM,4,0.0,544,TE · 115,0.00,544,TE · 115,28,-,0,0,0,0,0,-,0,0,-,0,-,2,0,0,-,0,-,0,0
6323,2023,Andrew Beck,TE,HOU,15,38.8,302,TE · 54,2.59,355,TE · 64,27,-,0,0,0,0,0,-,5,3,0.6,1,0.2,13,11,55,5,2,3.7,58,4
6323,2022,Andrew Beck,TE,DEN,9,11.9,429,TE · 88,1.32,491,TE · 99,26,-,0,0,0,0,0,-,2,0,0,0,-,11,5,69,13.8,0,7.7,69,0
6323,2021,Andrew Beck,TE,DEN,1,0.0,582,TE · 121,0.00,582,TE · 121,25,-,0,0,0,0,0,-,0,0,-,0,-,0,0,0,-,0,-,0,0
6323,2020,Andrew Beck,TE,DEN,10,0.0,560,TE · 118,0.00,560,TE · 118,24,-,0,0,0,0,0,-,0,0,-,0,-,0,0,0,-,0,-,0,0
6323,2019,Andrew Beck,TE,DEN,16,24.5,333,TE · 62,1.53,385,TE · 78,23,100.0%,1,1,6,0,0,0.4,1,3,3,0,0.2,12,9,90,10,1,5.6,99,1
829,2024,Andy Dalton,QB,CAR,6,65.0,237,QB · 42,10.83,129,QB · 43,37,66.3%,106,160,989,7,6,164.8,11,34,3.09,0,5.7,0,0,0,-,0,-,1023,0
829,2023,Andy Dalton,QB,CAR,2,23.6,364,QB · 56,11.80,112,QB · 37,36,58.6%,34,58,361,2,0,180.5,3,12,4,0,6.0,0,0,0,-,0,-,373,0
829,2022,Andy Dalton,QB,NO,14,183.2,75,QB · 22,13.09,82,QB · 34,35,66.7%,252,378,2871,18,9,205.1,30,54,1.8,0,3.9,0,0,0,-,0,-,2925,0
829,2021,Andy Dalton,QB,CHI,8,93.2,189,QB · 33,11.65,116,QB · 41,34,63.1%,149,236,1515,8,9,189.4,16,76,4.75,0,9.5,0,0,0,-,0,-,1591,0
829,2020,Andy Dalton,QB,DAL,11,144.9,124,QB · 30,13.17,96,QB · 33,33,64.9%,216,333,2170,14,8,197.3,28,114,4.07,0,10.4,1,1,-3,-3,0,-0.3,2281,0
829,2019,Andy Dalton,QB,CIN,13,217.7,62,QB · 25,16.75,35,QB · 19,32,59.5%,314,528,3494,16,14,268.8,32,73,2.28,4,5.6,1,1,-4,-4,0,-0.3,3563,4
829,2018,Andy Dalton,QB,CIN,11,174.5,83,QB · 25,15.86,54,QB · 23,31,61.9%,226,365,2566,21,11,233.3,16,99,6.19,0,9.0,0,0,0,-,0,-,2665,0
829,2017,Andy Dalton,QB,-,16,210.7,45,QB · 17,13.17,65,QB · 26,-,-,-,-,-,-,-,-,-,-,-,-,-,-,-,-,-,-,-,0,-
829,2016,Andy Dalton,QB,-,16,260.6,23,QB · 12,16.29,32,QB · 17,-,-,-,-,-,-,-,-,-,-,-,-,-,-,-,-,-,-,-,0,-
5915,2023,Andy Isabella,WR,BUF,2,0.0,537,WR · 205,0.00,537,WR · 205,27,-,0,0,0,0,0,-,0,0,-,0,-,0,0,0,-,0,-,0,0
5915,2022,Andy Isabella,WR,2TM,4,4.2,512,WR · 191,1.05,509,WR · 195,26,-,0,0,0,0,0,-,1,1,1,0,0.3,5,2,21,10.5,0,5.3,22,0
5915,2021,Andy Isabella,WR,ARI,3,2.3,543,WR · 214,0.77,534,WR · 208,25,-,0,0,0,0,0,-,0,0,-,0,-,1,1,13,13,0,4.3,13,0
5915,2020,Andy Isabella,WR,ARI,13,54.8,270,WR · 112,4.22,305,WR · 123,24,-,0,0,0,0,0,-,1,-6,-6,0,-0.5,35,21,224,10.67,2,17.2,218,2
5915,2019,Andy Isabella,WR,ARI,15,35.4,299,WR · 124,2.36,343,WR · 137,23,-,0,0,0,0,0,-,4,15,3.75,0,1.0,13,9,189,21,1,12.6,204,1
3332,2021,Andy Janovich,RB,CLE,6,11.9,438,RB · 123,1.98,458,RB · 129,28,-,0,0,0,0,0,-,2,0,0,1,-,4,3,9,3,0,1.5,9,1
3332,2020,Andy Janovich,RB,CLE,14,3.7,501,RB · 140,0.26,538,RB · 151,27,-,0,0,0,0,0,-,2,4,2,0,0.3,5,2,13,6.5,0,0.9,17,0
3332,2019,Andy Janovich,RB,DEN,8,15.3,374,RB · 99,1.91,366,RB · 93,26,-,0,0,0,0,0,-,1,1,1,1,0.1,5,5,42,8.4,0,5.3,43,1
3332,2018,Andy Janovich,RB,DEN,16,25.7,349,RB · 91,1.61,407,RB · 105,25,-,0,0,0,0,0,-,2,5,2.5,0,0.3,10,8,112,14,1,7.0,117,1
3332,2017,Andy Janovich,RB,-,16,14.7,391,RB · 111,0.92,448,RB · 126,-,-,-,-,-,-,-,-,-,-,-,-,-,-,-,-,-,-,-,0,-
3332,2016,Andy Janovich,RB,-,11,18.7,371,RB · 104,1.70,402,RB · 118,-,-,-,-,-,-,-,-,-,-,-,-,-,-,-,-,-,-,-,0,-
8241,2022,Anthony Brown Jr.,QB,BAL,2,7.6,475,QB · 71,3.80,334,QB · 63,24,44.9%,22,49,302,0,2,151.0,3,-5,-1.67,0,-2.5,0,0,0,-,0,-,297,0
4435,2024,Anthony Firkser,TE,2TM,6,0.0,544,TE · 115,0.00,544,TE · 115,29,-,0,0,0,0,0,-,0,0,-,0,-,0,0,0,-,0,-,0,0
4435,2023,Anthony Firkser,TE,DET,1,0.0,537,TE · 114,0.00,537,TE · 114,28,-,0,0,0,0,0,-,0,0,-,0,-,0,0,0,-,0,-,0,0
4435,2022,Anthony Firkser,TE,ATL,8,19.0,394,TE · 81,2.38,428,TE · 80,27,-,0,0,0,0,0,-,0,0,-,0,-,13,9,100,11.11,0,12.5,100,0
4435,2021,Anthony Firkser,TE,TEN,15,73.1,235,TE · 32,4.87,299,TE · 40,26,-,0,0,0,0,0,-,0,0,-,0,-,43,34,291,8.56,2,19.4,291,3
4435,2020,Anthony Firkser,TE,TEN,16,83.7,211,TE · 26,5.23,269,TE · 37,25,-,0,0,0,0,0,-,0,0,-,0,-,53,39,387,9.92,1,24.2,387,1
4435,2019,Anthony Firkser,TE,TEN,15,40.4,278,TE · 47,2.69,325,TE · 56,24,-,0,0,0,0,0,-,0,0,-,0,-,24,14,204,14.57,1,13.6,204,1
4435,2018,Anthony Firkser,TE,TEN,12,47.5,280,TE · 42,3.96,310,TE · 46,23,-,0,0,0,0,0,-,0,0,-,0,-,20,19,225,11.84,1,18.8,225,1
11762,2024,Anthony Gould,WR,IND,8,3.3,482,WR · 194,0.41,510,WR · 204,23,-,0,0,0,0,0,-,0,0,-,0,-,1,1,23,23,0,2.9,23,0
5929,2017,Anthony Johnson,WR,-,4,0.0,529,WR · 200,0.00,529,WR · 200,-,-,-,-,-,-,-,-,-,-,-,-,-,-,-,-,-,-,-,0,-
5929,2016,Anthony Johnson,WR,-,11,0.0,540,WR · 193,0.00,540,WR · 193,-,-,-,-,-,-,-,-,-,-,-,-,-,-,-,-,-,-,-,0,-
6878,2023,Anthony McFarland Jr.,RB,PIT,3,3.1,496,RB · 130,1.03,457,RB · 122,25,-,0,0,0,0,0,-,0,0,-,0,-,2,2,11,5.5,0,3.7,11,0
6878,2022,Anthony McFarland Jr.,RB,PIT,1,6.1,485,RB · 134,6.10,248,RB · 65,24,-,0,0,0,0,0,-,6,30,5,0,30.0,2,2,11,5.5,0,11.0,41,0
6878,2021,Anthony McFarland Jr.,RB,PIT,3,2.4,541,RB · 152,0.80,531,RB · 149,23,-,0,0,0,0,0,-,3,3,1,0,1.0,1,1,11,11,0,3.7,14,0
6878,2020,Anthony McFarland Jr.,RB,PIT,11,22.7,369,RB · 97,2.06,405,RB · 111,22,-,0,0,0,0,0,-,33,113,3.42,0,10.3,9,6,54,9,0,4.9,167,0
5013,2024,Anthony Miller,WR,BAL,2,2.6,498,WR · 199,1.30,424,WR · 167,30,-,0,0,0,0,0,-,0,0,-,0,-,1,1,16,16,0,8.0,16,0
5013,2021,Anthony Miller,WR,2TM,3,14.5,420,WR · 165,4.83,300,WR · 118,27,-,0,0,0,0,0,-,0,0,-,0,-,12,6,25,4.17,1,8.3,25,1
5013,2020,Anthony Miller,WR,CHI,16,108.7,168,WR · 69,6.79,233,WR · 94,26,-,0,0,0,0,0,-,2,12,6,0,0.8,76,49,485,9.9,2,30.3,497,2
5013,2019,Anthony Miller,WR,CHI,16,127.5,135,WR · 56,7.97,175,WR · 70,25,-,0,0,0,0,0,-,1,-1,-1,0,-0.1,85,52,656,12.62,2,41.0,655,2
5013,2018,Anthony Miller,WR,CHI,15,120.2,147,WR · 60,8.01,189,WR · 74,24,100.0%,1,1,8,0,0,0.5,6,26,4.33,0,1.7,54,33,423,12.82,7,28.2,457,7
9229,2025,Anthony Richardson,QB,IND,2,2.2,403,QB · 58,1.08,378,QB · 56,-,50.0%,1,2,9,0,0,4.5,4,-1,-0.25,0,-0.5,1,1,9,9,0,4.5,17,0
9229,2024,Anthony Richardson,QB,IND,11,175.4,97,QB · 25,15.95,48,QB · 20,22,47.7%,126,264,1814,8,12,164.9,86,499,5.8,6,45.4,1,1,-1,-1,0,-0.1,2312,6
9229,2023,Anthony Richardson,QB,IND,4,73.7,212,QB · 40,18.43,19,QB · 12,21,59.5%,50,84,577,3,1,144.3,25,136,5.44,4,34.0,0,0,0,-,0,-,713,4
7533,2022,Anthony Schwartz,WR,CLE,7,18.8,398,WR · 153,2.69,413,WR · 155,22,-,0,0,0,0,0,-,4,57,14.25,1,8.1,10,4,51,12.75,0,7.3,108,1
7533,2021,Anthony Schwartz,WR,CLE,13,33.4,340,WR · 137,2.57,425,WR · 168,21,-,0,0,0,0,0,-,6,39,6.5,0,3.0,23,10,135,13.5,1,10.4,174,1
973,2020,Anthony Sherman,RB,KC,12,8.3,463,RB · 130,0.69,498,RB · 136,32,-,0,0,0,0,0,-,3,8,2.67,0,0.7,2,1,5,5,1,0.4,13,1
973,2019,Anthony Sherman,RB,KC,16,5.1,437,RB · 116,0.32,467,RB · 125,31,-,0,0,0,0,0,-,4,9,2.25,0,0.6,3,2,22,11,0,1.4,31,0
973,2018,Anthony Sherman,RB,KC,16,23.8,358,RB · 92,1.49,416,RB · 108,30,-,0,0,0,0,0,-,1,2,2,0,0.1,9,8,96,12,1,6.0,98,1
973,2017,Anthony Sherman,RB,-,16,20.7,353,RB · 99,1.29,414,RB · 116,-,-,-,-,-,-,-,-,-,-,-,-,-,-,-,-,-,-,-,0,-
973,2016,Anthony Sherman,RB,-,16,5.1,467,RB · 138,0.32,507,RB · 149,-,-,-,-,-,-,-,-,-,-,-,-,-,-,-,-,-,-,-,0,-
11053,2023,Antoine Green,WR,DET,7,1.2,528,WR · 202,0.17,530,WR · 202,24,-,0,0,0,0,0,-,0,0,-,0,-,2,1,2,2,0,0.3,2,0
6165,2021,Antoine Wesley,WR,ARI,8,57.8,268,WR · 113,7.23,222,WR · 88,24,-,0,0,0,0,0,-,0,0,-,0,-,32,19,208,10.95,3,26.0,208,3
536,2021,Antonio Brown,WR,TB,7,121.1,153,WR · 59,17.30,31,WR · 9,33,-,0,0,0,0,0,-,1,6,6,0,0.9,62,42,545,12.98,4,77.9,551,4
536,2020,Antonio Brown,WR,TB,8,117.1,158,WR · 65,14.64,72,WR · 23,32,-,0,0,0,0,0,-,2,-2,-1,0,-0.3,62,45,483,10.73,4,60.4,481,4
536,2019,Antonio Brown,WR,NE,1,16.1,366,WR · 143,16.10,41,WR · 9,31,-,0,0,0,0,0,-,1,5,5,0,5.0,8,4,56,14,1,56.0,61,1
536,2018,Antonio Brown,WR,PIT,15,323.7,15,WR · 5,21.58,10,WR · 2,30,0.0%,0,1,0,0,0,-,0,0,-,0,-,168,104,1297,12.47,15,86.5,1297,15
536,2017,Antonio Brown,WR,-,14,310.3,5,WR · 1,22.16,4,WR · 1,-,-,-,-,-,-,-,-,-,-,-,-,-,-,-,-,-,-,-,0,-
536,2016,Antonio Brown,WR,-,15,307.3,8,WR · 1,20.49,9,WR · 1,-,-,-,-,-,-,-,-,-,-,-,-,-,-,-,-,-,-,-,0,-
5310,2020,Antonio Callaway,WR,MIA,5,4.0,498,WR · 192,0.80,490,WR · 192,23,-,0,0,0,0,0,-,0,0,-,0,-,4,2,20,10,0,4.0,20,0
5310,2019,Antonio Callaway,WR,CLE,5,16.9,364,WR · 142,3.38,306,WR · 123,22,-,0,0,0,0,0,-,0,0,-,0,-,15,8,89,11.13,0,17.8,89,0
5310,2018,Antonio Callaway,WR,CLE,16,132.3,133,WR · 55,8.27,182,WR · 72,21,-,0,0,0,0,0,-,2,7,3.5,0,0.4,79,43,586,13.63,5,36.6,593,5
6906,2021,Antonio Gandy-Golden,WR,WAS,1,0.0,582,WR · 225,0.00,582,WR · 225,23,-,0,0,0,0,0,-,0,0,-,0,-,0,0,0,-,0,-,0,0
6906,2020,Antonio Gandy-Golden,WR,WAS,6,3.5,504,WR · 194,0.58,509,WR · 198,22,-,0,0,0,0,0,-,1,22,22,0,3.7,7,1,3,3,0,0.5,25,0
6945,2025,Antonio Gibson,RB,NE,5,23.2,332,RB · 82,4.64,259,RB · 71,-,-,0,0,0,0,0,-,25,106,4.24,1,21.2,3,2,6,3,0,1.2,112,1
6945,2024,Antonio Gibson,RB,NE,17,103.4,185,RB · 44,6.08,226,RB · 52,26,-,0,0,0,0,0,-,120,538,4.48,1,31.6,29,23,206,8.96,0,12.1,744,1
6945,2023,Antonio Gibson,RB,WAS,16,127.4,137,RB · 39,7.96,179,RB · 45,25,-,0,0,0,0,0,-,65,265,4.08,1,16.6,59,48,389,8.1,2,24.3,654,3
6945,2022,Antonio Gibson,RB,WAS,15,165.9,100,RB · 28,11.06,117,RB · 28,24,-,0,0,0,0,0,-,149,546,3.66,3,36.4,58,46,353,7.67,2,23.5,899,5
6945,2021,Antonio Gibson,RB,WAS,16,229.1,52,RB · 10,14.32,70,RB · 17,23,-,0,0,0,0,0,-,258,1037,4.02,7,64.8,52,42,294,7,3,18.4,1331,10
6945,2020,Antonio Gibson,RB,WAS,14,202.2,64,RB · 13,14.44,75,RB · 19,22,-,0,0,0,0,0,-,170,795,4.68,11,56.8,44,36,247,6.86,0,17.6,1042,11
7203,2020,Antonio Williams,RB,BUF,1,21.3,379,RB · 100,21.30,18,RB · 4,23,-,0,0,0,0,0,-,12,63,5.25,2,63.0,1,1,20,20,0,20.0,83,2
4468,2021,Antony Auclair,TE,HOU,4,15.7,413,TE · 80,3.93,355,TE · 58,28,-,0,0,0,0,0,-,0,0,-,0,-,5,5,47,9.4,1,11.8,47,1
4468,2020,Antony Auclair,TE,TB,8,0.0,560,TE · 118,0.00,560,TE · 118,27,-,0,0,0,0,0,-,0,0,-,0,-,1,0,0,-,0,-,0,0
4468,2019,Antony Auclair,TE,TB,8,2.1,463,TE · 101,0.26,474,TE · 104,26,-,0,0,0,0,0,-,0,0,-,0,-,3,1,11,11,0,1.4,11,0
4468,2018,Antony Auclair,TE,TB,16,11.8,416,TE · 90,0.74,477,TE · 103,25,-,0,0,0,0,0,-,0,0,-,0,-,8,7,48,6.86,0,3.0,48,0
4468,2017,Antony Auclair,TE,-,8,4.5,480,TE · 100,0.56,479,TE · 99,-,-,-,-,-,-,-,-,-,-,-,-,-,-,-,-,-,-,-,0,-
12539,2025,Arian Smith,WR,NYJ,16,13.5,362,WR · 153,0.84,389,WR · 159,-,-,0,0,0,0,0,-,4,13,3.25,0,0.8,16,7,52,7.4,0,3.3,65,0
8665,2022,Armani Rogers,TE,WAS,9,14.0,417,TE · 86,1.56,478,TE · 95,25,-,0,0,0,0,0,-,2,26,13,0,2.9,6,5,64,12.8,0,7.1,90,0
7227,2021,Artavis Pierce,RB,CHI,1,0.0,582,RB · 165,0.00,582,RB · 165,25,-,0,0,0,0,0,-,0,0,-,0,-,0,0,0,-,0,-,0,0
7227,2020,Artavis Pierce,RB,CHI,5,9.4,453,RB · 127,1.88,419,RB · 112,24,-,0,0,0,0,0,-,6,34,5.67,1,6.8,0,0,0,-,0,-,34,1
6427,2025,Ashton Dulin,WR,IND,12,20.0,343,WR · 143,1.67,358,WR · 145,-,-,0,0,0,0,0,-,3,44,14.67,0,3.7,10,5,106,21.2,0,8.8,150,0
6427,2024,Ashton Dulin,WR,IND,15,19.2,364,WR · 142,1.28,426,WR · 169,27,-,0,0,0,0,0,-,5,45,9,0,3.0,8,2,67,33.5,1,4.5,112,1
6427,2022,Ashton Dulin,WR,IND,10,42.5,296,WR · 122,4.25,313,WR · 119,25,-,0,0,0,0,0,-,2,8,4,0,0.8,22,15,207,13.8,1,20.7,215,1
6427,2021,Ashton Dulin,WR,IND,16,45.5,305,WR · 125,2.84,404,WR · 157,24,-,0,0,0,0,0,-,3,32,10.67,0,2.0,22,13,173,13.31,2,10.8,205,3
6427,2020,Ashton Dulin,WR,IND,13,9.4,453,WR · 178,0.72,495,WR · 194,23,-,0,0,0,0,0,-,2,11,5.5,0,0.8,6,3,53,17.67,0,4.1,64,0
6427,2019,Ashton Dulin,WR,IND,13,3.7,452,WR · 179,0.28,471,WR · 185,22,-,0,0,0,0,0,-,0,0,-,0,-,2,2,17,8.5,0,1.3,17,0
12527,2025,Ashton Jeanty,RB,LV,17,245.1,32,RB · 11,14.42,61,RB · 17,-,-,0,0,0,0,0,-,266,975,3.67,5,57.4,73,55,346,6.3,5,20.4,1321,10
5130,2021,Auden Tate,WR,CIN,4,12.9,430,WR · 169,3.23,392,WR · 152,24,-,0,0,0,0,0,-,0,0,-,0,-,4,3,39,13,1,9.8,39,1
5130,2020,Auden Tate,WR,CIN,9,29.0,347,WR · 143,3.22,346,WR · 136,23,-,0,0,0,0,0,-,0,0,-,0,-,22,14,150,10.71,0,16.7,150,0
5130,2019,Auden Tate,WR,CIN,13,101.5,165,WR · 68,7.81,178,WR · 71,22,-,0,0,0,0,0,-,0,0,-,0,-,80,40,575,14.38,1,44.2,575,1
5130,2018,Auden Tate,WR,CIN,7,7.5,446,WR · 174,1.07,444,WR · 176,21,-,0,0,0,0,0,-,0,0,-,0,-,12,4,35,8.75,0,5.0,35,0
11579,2025,Audric Estime,RB,NO,6,48.1,281,RB · 70,8.02,181,RB · 50,-,-,0,0,0,0,0,-,46,198,4.3,1,33.0,13,12,103,8.6,0,17.2,301,1
11579,2024,Audric Estime,RB,DEN,13,48.7,273,RB · 68,3.75,291,RB · 73,21,-,0,0,0,0,0,-,76,310,4.08,2,23.8,5,5,27,5.4,0,2.1,337,2
8215,2022,Austin Allen,TE,-,2,0.0,571,TE · 116,0.00,571,TE · 116,-,-,-,-,-,-,-,-,-,-,-,-,-,-,-,-,-,-,-,0,-
4416,2018,Austin Carr,WR,NO,14,30.7,336,WR · 139,2.19,380,WR · 154,25,-,0,0,0,0,0,-,0,0,-,0,-,14,9,97,10.78,2,6.9,97,2
4416,2017,Austin Carr,WR,-,1,0.0,529,WR · 200,0.00,529,WR · 200,-,-,-,-,-,-,-,-,-,-,-,-,-,-,-,-,-,-,-,0,-
4663,2025,Austin Ekeler,RB,WAS,0,13.1,364,RB · 90,-,-,-,-,-,0,0,0,0,0,-,14,43,3.07,0,-,7,5,38,7.6,0,-,81,0
4663,2024,Austin Ekeler,RB,WAS,12,132.3,132,RB · 34,11.03,123,RB · 31,29,-,0,0,0,0,0,-,77,367,4.77,4,30.6,41,35,366,10.46,0,30.5,733,4
4663,2023,Austin Ekeler,RB,LAC,14,185.4,89,RB · 26,13.24,87,RB · 21,28,-,0,0,0,0,0,-,179,628,3.51,5,44.9,74,51,436,8.55,1,31.1,1064,6
4663,2022,Austin Ekeler,RB,LAC,17,372.7,4,RB · 1,21.92,5,RB · 1,27,-,0,0,0,0,0,-,204,915,4.49,13,53.8,127,107,722,6.75,5,42.5,1637,18
4663,2021,Austin Ekeler,RB,LAC,16,343.8,9,RB · 2,21.49,10,RB · 3,26,-,0,0,0,0,0,-,206,911,4.42,12,56.9,94,70,647,9.24,8,40.4,1558,20
4663,2020,Austin Ekeler,RB,LAC,10,165.3,98,RB · 26,16.53,50,RB · 12,25,-,0,0,0,0,0,-,116,530,4.57,1,53.0,65,54,403,7.46,2,40.3,933,3
4663,2019,Austin Ekeler,RB,LAC,16,309.0,10,RB · 4,19.31,16,RB · 6,24,-,0,0,0,0,0,-,132,557,4.22,3,34.8,108,92,993,10.79,8,62.1,1550,11
4663,2018,Austin Ekeler,RB,LAC,14,168.8,89,RB · 25,12.06,102,RB · 27,23,-,0,0,0,0,0,-,106,554,5.23,3,39.6,53,39,404,10.36,3,28.9,958,6
4663,2017,Austin Ekeler,RB,-,16,106.9,157,RB · 45,6.68,209,RB · 63,-,-,-,-,-,-,-,-,-,-,-,-,-,-,-,-,-,-,-,0,-
3202,2025,Austin Hooper,TE,NE,16,59.3,251,TE · 47,3.71,297,TE · 49,-,-,0,0,0,0,0,-,0,0,0,0,-,26,21,263,12.5,2,16.4,263,2
3202,2024,Austin Hooper,TE,NE,17,108.6,172,TE · 24,6.39,223,TE · 32,30,-,0,0,0,0,0,-,0,0,-,0,-,59,45,476,10.58,3,28.0,476,3
3202,2023,Austin Hooper,TE,LV,16,48.4,271,TE · 48,3.03,324,TE · 53,29,-,0,0,0,0,0,-,0,0,-,0,-,31,25,234,9.36,0,14.6,234,0
3202,2022,Austin Hooper,TE,TEN,17,97.4,180,TE · 24,5.73,258,TE · 38,28,-,0,0,0,0,0,-,0,0,-,0,-,60,41,444,10.83,2,26.1,444,2
3202,2021,Austin Hooper,TE,CLE,15,92.5,192,TE · 25,6.17,258,TE · 32,27,-,0,0,0,0,0,-,0,0,-,0,-,61,38,345,9.08,3,23.0,345,3
3202,2020,Austin Hooper,TE,CLE,13,113.5,163,TE · 22,8.73,181,TE · 22,26,-,0,0,0,0,0,-,0,0,-,0,-,70,46,435,9.46,4,33.5,435,4
3202,2019,Austin Hooper,TE,ATL,13,191.7,82,TE · 6,14.75,67,TE · 3,25,-,0,0,0,0,0,-,0,0,-,0,-,97,75,787,10.49,6,60.5,787,6
3202,2018,Austin Hooper,TE,ATL,16,163.0,94,TE · 6,10.19,137,TE · 8,24,-,0,0,0,0,0,-,0,0,-,0,-,88,71,660,9.3,4,41.3,660,4
3202,2017,Austin Hooper,TE,-,16,119.6,145,TE · 17,7.48,188,TE · 20,-,-,-,-,-,-,-,-,-,-,-,-,-,-,-,-,-,-,-,0,-
3202,2016,Austin Hooper,TE,-,14,64.1,237,TE · 38,4.58,275,TE · 41,-,-,-,-,-,-,-,-,-,-,-,-,-,-,-,-,-,-,-,0,-
6873,2020,Austin Mack,WR,NYG,11,16.1,407,WR · 162,1.46,442,WR · 176,23,-,0,0,0,0,0,-,0,0,-,0,-,11,7,91,13,0,8.3,91,0
11931,2024,Austin Reed,QB,-,1,0.0,544,QB · 76,0.00,544,QB · 76,-,-,-,-,-,-,-,-,-,-,-,-,-,-,-,-,-,-,-,0,-
7746,2024,Austin Trammell,WR,JAX,1,4.0,477,WR · 192,4.00,279,WR · 114,26,-,0,0,0,0,0,-,0,0,-,0,-,3,2,40,20,0,40.0,40,0
7746,2023,Austin Trammell,WR,LAR,15,4.9,477,WR · 189,0.33,517,WR · 199,25,-,0,0,0,0,0,-,0,0,-,0,-,7,4,29,7.25,0,1.9,29,0
7746,2022,Austin Trammell,WR,LAR,2,3.3,523,WR · 199,1.65,468,WR · 176,24,-,0,0,0,0,0,-,0,0,-,0,-,4,2,13,6.5,0,6.5,13,0
6553,2023,Austin Walter,RB,-,1,0.0,537,RB · 145,0.00,537,RB · 145,-,-,-,-,-,-,-,-,-,-,-,-,-,-,-,-,-,-,-,0,-
6553,2021,Austin Walter,RB,NYJ,4,19.0,395,RB · 111,4.75,306,RB · 89,25,-,0,0,0,0,0,-,26,101,3.88,1,25.3,3,2,9,4.5,0,2.3,110,1
6553,2020,Austin Walter,RB,SF,4,4.0,498,RB · 139,1.00,478,RB · 131,24,-,0,0,0,0,0,-,1,3,3,0,0.8,1,1,27,27,0,6.8,30,0
6553,2019,Austin Walter,RB,NYG,1,0.0,496,RB · 136,0.00,495,RB · 136,23,-,0,0,0,0,0,-,0,0,-,0,-,0,0,0,-,0,-,0,0
7809,2024,Avery Williams,RB,ATL,17,0.0,544,RB · 141,0.00,544,RB · 141,26,-,0,0,0,0,0,-,0,0,-,0,-,0,0,0,-,0,-,0,0
7809,2022,Avery Williams,RB,ATL,16,31.5,332,RB · 88,1.97,452,RB · 122,24,-,0,0,0,0,0,-,22,109,4.95,1,6.8,14,13,61,4.69,0,3.8,170,1
7951,2021,B.J. Emmons,RB,-,1,0.0,582,RB · 165,0.00,582,RB · 165,-,-,-,-,-,-,-,-,-,-,-,-,-,-,-,-,-,-,-,0,-
8157,2024,Bailey Zappe,QB,CLE,1,9.0,436,QB · 62,9.00,164,QB · 51,25,51.6%,16,31,170,1,2,170.0,2,2,1,0,2.0,0,0,0,-,0,-,172,0
8157,2023,Bailey Zappe,QB,NE,10,78.2,205,QB · 38,7.82,183,QB · 52,24,59.9%,127,212,1272,6,9,127.2,17,83,4.88,1,8.3,0,0,0,-,0,-,1355,1
8157,2022,Bailey Zappe,QB,NE,4,42.6,295,QB · 44,10.65,122,QB · 44,23,70.7%,65,92,781,5,3,195.3,10,0,0,0,-,1,1,-6,-6,0,-1.5,775,0
4892,2025,Baker Mayfield,QB,TB,17,282.9,24,QB · 12,16.64,35,QB · 19,-,63.2%,343,543,3693,26,11,217.2,55,382,6.95,1,22.5,0,0,0,0,0,-,4075,1
4892,2024,Baker Mayfield,QB,TB,17,381.8,4,QB · 3,22.46,4,QB · 3,29,71.4%,407,570,4500,41,16,264.7,60,378,6.3,3,22.2,0,0,0,-,0,-,4878,3
4892,2023,Baker Mayfield,QB,TB,17,284.1,18,QB · 10,16.71,37,QB · 21,28,64.3%,364,566,4044,28,10,237.9,62,163,2.63,1,9.6,0,0,0,-,0,-,4207,1
4892,2022,Baker Mayfield,QB,2TM,12,129.4,134,QB · 29,10.78,121,QB · 43,27,60.0%,201,335,2163,10,8,180.3,31,89,2.87,1,7.4,0,0,0,-,0,-,2252,1
4892,2021,Baker Mayfield,QB,CLE,14,193.9,78,QB · 25,13.85,84,QB · 30,26,60.5%,253,418,3010,17,13,215.0,37,134,3.62,1,9.6,0,0,11,-,0,0.8,3155,1
4892,2020,Baker Mayfield,QB,CLE,16,256.6,33,QB · 17,16.04,56,QB · 27,25,62.8%,305,486,3563,26,8,222.7,54,165,3.06,1,10.3,1,1,6,6,0,0.4,3734,1
4892,2019,Baker Mayfield,QB,CLE,16,250.2,36,QB · 19,15.64,50,QB · 25,24,59.4%,317,534,3827,22,21,239.2,28,141,5.04,3,8.8,0,0,0,-,0,-,3968,3
4892,2018,Baker Mayfield,QB,CLE,14,240.0,42,QB · 16,17.14,44,QB · 20,23,63.8%,310,486,3725,27,14,266.1,39,131,3.36,0,9.4,1,0,0,-,0,-,3856,0
12256,2024,Baylor Cupp,TE,KC,1,0.0,544,TE · 115,0.00,544,TE · 115,24,-,0,0,0,0,0,-,0,0,-,0,-,1,0,0,-,0,-,0,0
3465,2018,Ben Braunecker,TE,CHI,15,7.2,450,TE · 102,0.48,493,TE · 108,24,-,0,0,0,0,0,-,0,0,-,0,-,5,3,42,14,0,2.8,42,0
3465,2017,Ben Braunecker,TE,-,8,0.0,529,TE · 108,0.00,529,TE · 108,-,-,-,-,-,-,-,-,-,-,-,-,-,-,-,-,-,-,-,0,-
3465,2016,Ben Braunecker,TE,-,13,8.1,438,TE · 89,0.62,481,TE · 100,-,-,-,-,-,-,-,-,-,-,-,-,-,-,-,-,-,-,-,0,-
7143,2020,Ben DiNucci,QB,DAL,3,7.0,476,QB · 64,2.33,384,QB · 64,24,53.5%,23,43,219,0,0,73.0,6,22,3.67,0,7.3,0,0,0,-,0,-,241,0
7288,2022,Ben Ellefson,TE,MIN,2,5.6,491,TE · 102,2.80,405,TE · 73,26,-,0,0,0,0,0,-,0,0,-,0,-,3,3,26,8.67,0,13.0,26,0
7288,2021,Ben Ellefson,TE,MIN,3,0.0,582,TE · 121,0.00,582,TE · 121,25,-,0,0,0,0,0,-,0,0,-,0,-,1,0,0,-,0,-,0,0
7288,2020,Ben Ellefson,TE,JAX,7,4.0,498,TE · 104,0.57,516,TE · 102,24,-,0,0,0,0,0,-,0,0,-,0,-,4,1,10,10,0,1.4,10,0
2528,2018,Ben Koyack,TE,JAX,7,0.0,543,TE · 118,0.00,543,TE · 118,25,-,0,0,0,0,0,-,0,0,-,0,-,0,0,0,-,0,-,0,0
2528,2017,Ben Koyack,TE,-,16,10.8,420,TE · 86,0.68,465,TE · 93,-,-,-,-,-,-,-,-,-,-,-,-,-,-,-,-,-,-,-,0,-
2528,2016,Ben Koyack,TE,-,14,41.1,278,TE · 47,2.94,342,TE · 56,-,-,-,-,-,-,-,-,-,-,-,-,-,-,-,-,-,-,-,0,-
7808,2023,Ben Mason,RB,BAL,1,0.0,537,RB · 145,0.00,537,RB · 145,24,-,0,0,0,0,0,-,0,0,-,0,-,0,0,0,-,0,-,0,0
7808,2022,Ben Mason,RB,-,1,0.0,571,RB · 160,0.00,571,RB · 160,-,-,-,-,-,-,-,-,-,-,-,-,-,-,-,-,-,-,-,0,-
138,2021,Ben Roethlisberger,QB,PIT,16,228.1,54,QB · 21,14.26,72,QB · 27,39,64.5%,390,605,3740,22,10,233.8,20,5,0.25,1,0.3,0,0,0,-,0,-,3745,1
138,2020,Ben Roethlisberger,QB,PIT,15,277.2,24,QB · 14,18.48,25,QB · 14,38,65.6%,399,608,3803,33,10,253.5,25,11,0.44,0,0.7,0,0,0,-,0,-,3814,0
138,2019,Ben Roethlisberger,QB,PIT,2,13.7,383,QB · 51,6.85,200,QB · 45,37,56.5%,35,62,351,0,1,175.5,1,7,7,0,3.5,0,0,0,-,0,-,358,0
138,2018,Ben Roethlisberger,QB,PIT,16,342.0,7,QB · 3,21.38,12,QB · 3,36,67.0%,452,675,5129,34,16,320.6,31,98,3.16,3,6.1,1,1,-1,-1,0,-0.1,5226,3
138,2017,Ben Roethlisberger,QB,-,15,260.6,22,QB · 11,17.37,20,QB · 8,-,-,-,-,-,-,-,-,-,-,-,-,-,-,-,-,-,-,-,0,-
138,2016,Ben Roethlisberger,QB,-,14,252.3,32,QB · 18,18.02,20,QB · 8,-,-,-,-,-,-,-,-,-,-,-,-,-,-,-,-,-,-,-,0,-
11082,2024,Ben Sims,TE,GB,17,8.2,439,TE · 92,0.48,505,TE · 101,24,-,0,0,0,0,0,-,0,0,-,0,-,5,4,42,10.5,0,2.5,42,0
11082,2023,Ben Sims,TE,GB,14,12.1,426,TE · 85,0.86,476,TE · 92,23,-,0,0,0,0,0,-,0,0,-,0,-,6,4,21,5.25,1,1.5,21,1
11596,2025,Ben Sinnott,TE,WAS,16,28.4,322,TE · 63,1.78,356,TE · 65,-,-,0,0,0,0,0,-,0,0,0,0,-,13,11,114,10.4,1,7.1,114,1
11596,2024,Ben Sinnott,TE,WAS,17,13.8,402,TE · 80,0.81,469,TE · 89,22,-,0,0,0,0,0,-,0,0,-,0,-,5,5,28,5.6,1,1.6,28,1
7757,2025,Ben Skowronek,WR,PIT,14,17.9,346,WR · 145,1.28,371,WR · 153,-,-,0,0,0,0,0,-,0,0,0,0,-,6,4,69,17.3,1,4.9,69,1
7757,2024,Ben Skowronek,WR,PIT,10,11.9,415,WR · 165,1.19,432,WR · 173,27,-,0,0,0,0,0,-,0,0,-,0,-,5,5,69,13.8,0,6.9,69,0
7757,2023,Ben Skowronek,WR,LAR,16,21.5,376,WR · 155,1.34,438,WR · 174,26,-,0,0,0,0,0,-,2,9,4.5,0,0.6,12,8,66,8.25,1,4.1,75,1
7757,2022,Ben Skowronek,WR,LAR,14,84.3,208,WR · 86,6.02,251,WR · 96,25,-,0,0,0,0,0,-,1,17,17,1,1.2,61,39,376,9.64,0,26.9,393,1
7757,2021,Ben Skowronek,WR,LAR,12,24.3,367,WR · 149,2.03,454,WR · 178,24,-,0,0,0,0,0,-,0,0,-,0,-,20,11,133,12.09,0,11.1,133,0
663,2019,Benjamin Watson,TE,-,10,34.3,304,TE · 52,3.43,302,TE · 52,-,-,-,-,-,-,-,-,-,-,-,-,-,-,-,-,-,-,-,0,-
663,2018,Benjamin Watson,TE,-,16,87.0,194,TE · 21,5.44,257,TE · 29,-,-,-,-,-,-,-,-,-,-,-,-,-,-,-,-,-,-,-,0,-
663,2017,Benjamin Watson,TE,-,16,137.2,118,TE · 11,8.58,162,TE · 14,-,-,-,-,-,-,-,-,-,-,-,-,-,-,-,-,-,-,-,0,-
2003,2020,Bennie Fowler III,WR,NO,5,3.1,507,WR · 196,0.62,504,WR · 196,29,-,0,0,0,0,0,-,0,0,-,0,-,6,2,11,5.5,0,2.2,11,0
2003,2019,Bennie Fowler III,WR,NYG,8,46.3,266,WR · 107,5.79,226,WR · 92,28,-,0,0,0,0,0,-,1,20,20,0,2.5,36,23,193,8.39,0,24.1,213,0
2003,2018,Bennie Fowler III,WR,NYG,10,41.9,298,WR · 125,4.19,300,WR · 125,27,-,0,0,0,0,0,-,0,0,-,0,-,27,16,199,12.44,1,19.9,199,1
2003,2017,Bennie Fowler III,WR,-,16,82.0,196,WR · 77,5.13,265,WR · 98,-,-,-,-,-,-,-,-,-,-,-,-,-,-,-,-,-,-,-,0,-
2003,2016,Bennie Fowler III,WR,-,13,37.5,288,WR · 122,2.88,351,WR · 139,-,-,-,-,-,-,-,-,-,-,-,-,-,-,-,-,-,-,-,0,-
6156,2022,Benny Snell Jr.,RB,PIT,9,18.7,399,RB · 107,2.08,443,RB · 118,24,-,0,0,0,0,0,-,20,90,4.5,1,10.0,2,2,17,8.5,0,1.9,107,1
6156,2021,Benny Snell Jr.,RB,PIT,16,13.1,428,RB · 120,0.82,528,RB · 148,23,-,0,0,0,0,0,-,36,98,2.72,0,6.1,4,2,13,6.5,0,0.8,111,0
6156,2020,Benny Snell Jr.,RB,PIT,16,74.9,226,RB · 60,4.68,287,RB · 78,22,-,0,0,0,0,0,-,111,368,3.32,4,23.0,14,10,61,6.1,0,3.8,429,4
6156,2019,Benny Snell Jr.,RB,PIT,13,57.9,244,RB · 66,4.45,268,RB · 71,21,-,0,0,0,0,0,-,108,426,3.94,2,32.8,4,3,23,7.67,0,1.8,449,2
12490,2025,Bhayshul Tuten,RB,JAX,15,88.6,194,RB · 53,5.91,226,RB · 61,-,-,0,0,0,0,0,-,83,307,3.7,5,20.5,14,10,79,7.9,2,5.3,386,7
9509,2025,Bijan Robinson,RB,ATL,17,370.8,4,RB · 2,21.81,5,RB · 2,-,-,0,0,0,0,0,-,287,1478,5.15,7,86.9,103,79,820,10.4,4,48.2,2298,11
9509,2024,Bijan Robinson,RB,ATL,17,341.7,9,RB · 3,20.10,11,RB · 3,22,-,0,0,0,0,0,-,304,1456,4.79,14,85.6,72,61,431,7.07,1,25.4,1887,15
9509,2023,Bijan Robinson,RB,ATL,17,246.3,39,RB · 9,14.49,67,RB · 17,21,-,0,0,0,0,0,-,214,976,4.56,4,57.4,86,58,487,8.4,4,28.6,1463,8
818,2018,Bilal Powell,RB,NYJ,7,60.3,253,RB · 75,8.61,172,RB · 47,30,-,0,0,0,0,0,-,80,343,4.29,0,49.0,18,11,110,10,1,15.7,453,1
818,2017,Bilal Powell,RB,-,15,145.2,106,RB · 29,9.68,135,RB · 35,-,-,-,-,-,-,-,-,-,-,-,-,-,-,-,-,-,-,-,0,-
818,2016,Bilal Powell,RB,-,16,197.0,71,RB · 16,12.31,96,RB · 25,-,-,-,-,-,-,-,-,-,-,-,-,-,-,-,-,-,-,-,0,-
6939,2022,Binjimen Victor,WR,BAL,1,0.0,571,WR · 218,0.00,571,WR · 218,25,-,0,0,0,0,0,-,0,0,-,0,-,0,0,0,-,0,-,0,0
6088,2020,Bisi Johnson,WR,-,16,34.9,321,WR · 133,2.18,394,WR · 155,-,-,-,-,-,-,-,-,-,-,-,-,-,-,-,-,-,-,-,0,-
6088,2019,Bisi Johnson,WR,-,16,79.0,208,WR · 84,4.94,251,WR · 100,-,-,-,-,-,-,-,-,-,-,-,-,-,-,-,-,-,-,-,0,-
862,2023,Blaine Gabbert,QB,KC,2,8.9,447,QB · 66,4.45,261,QB · 58,34,51.4%,18,35,185,0,3,92.5,7,45,6.43,0,22.5,0,0,0,-,0,-,230,0
862,2022,Blaine Gabbert,QB,TB,1,5.2,497,QB · 73,5.20,272,QB · 60,33,75.0%,6,8,29,1,0,29.0,0,0,-,0,-,0,0,0,-,0,-,29,0
862,2021,Blaine Gabbert,QB,TB,6,2.0,545,QB · 66,0.33,564,QB · 70,32,63.6%,7,11,67,0,0,11.2,9,-7,-0.78,0,-1.2,0,0,0,-,0,-,60,0
862,2020,Blaine Gabbert,QB,TB,4,15.3,414,QB · 54,3.83,323,QB · 57,31,56.3%,9,16,143,2,0,35.8,9,16,1.78,0,4.0,0,0,0,-,0,-,159,0
862,2018,Blaine Gabbert,QB,TEN,8,33.0,331,QB · 44,4.13,302,QB · 50,29,60.4%,61,101,626,4,4,78.3,6,0,0,0,-,0,0,0,-,0,-,626,0
862,2017,Blaine Gabbert,QB,-,5,61.6,238,QB · 38,12.32,75,QB · 30,-,-,-,-,-,-,-,-,-,-,-,-,-,-,-,-,-,-,-,0,-
862,2016,Blaine Gabbert,QB,-,6,73.7,222,QB · 33,12.28,99,QB · 31,-,-,-,-,-,-,-,-,-,-,-,-,-,-,-,-,-,-,-,0,-
2422,2023,Blake Bell,TE,KC,14,11.6,428,TE · 86,0.83,479,TE · 94,32,-,0,0,0,0,0,-,0,0,-,0,-,9,5,26,5.2,1,1.9,26,1
2422,2022,Blake Bell,TE,KC,2,10.0,450,TE · 92,5.00,285,TE · 41,31,-,0,0,0,0,0,-,0,0,-,0,-,2,2,20,10,1,10.0,20,1
2422,2021,Blake Bell,TE,KC,12,18.7,397,TE · 76,1.56,485,TE · 98,30,-,0,0,0,0,0,-,4,10,2.5,0,0.8,13,9,87,9.67,0,7.3,97,0
2422,2020,Blake Bell,TE,DAL,16,22.2,373,TE · 73,1.39,447,TE · 81,29,-,0,0,0,0,0,-,1,2,2,0,0.1,15,11,110,10,0,6.9,112,0
2422,2019,Blake Bell,TE,KC,15,14.7,378,TE · 81,0.98,408,TE · 86,28,-,0,0,0,0,0,-,0,0,-,0,-,15,8,67,8.38,0,4.5,67,0
2422,2018,Blake Bell,TE,JAX,10,14.7,397,TE · 84,1.47,420,TE · 84,27,-,0,0,0,0,0,-,0,0,-,0,-,11,8,67,8.38,0,6.7,67,0
2422,2017,Blake Bell,TE,-,13,6.9,457,TE · 95,0.53,482,TE · 100,-,-,-,-,-,-,-,-,-,-,-,-,-,-,-,-,-,-,-,0,-
2422,2016,Blake Bell,TE,-,13,12.5,409,TE · 82,0.96,446,TE · 88,-,-,-,-,-,-,-,-,-,-,-,-,-,-,-,-,-,-,-,0,-
1979,2019,Blake Bortles,QB,LAR,4,-0.8,573,QB · 78,-0.20,573,QB · 78,27,50.0%,1,2,3,0,0,0.8,2,-9,-4.5,0,-2.3,0,0,0,-,0,-,-6,0
1979,2018,Blake Bortles,QB,JAX,13,173.2,85,QB · 26,13.32,81,QB · 31,26,60.3%,243,403,2718,13,11,209.1,58,365,6.29,1,28.1,0,0,0,-,0,-,3083,1
1979,2017,Blake Bortles,QB,-,16,249.7,27,QB · 13,15.61,38,QB · 17,-,-,-,-,-,-,-,-,-,-,-,-,-,-,-,-,-,-,-,0,-
1979,2016,Blake Bortles,QB,-,16,271.1,19,QB · 8,16.94,29,QB · 14,-,-,-,-,-,-,-,-,-,-,-,-,-,-,-,-,-,-,-,0,-
11586,2025,Blake Corum,RB,LAR,17,122.2,145,RB · 40,7.19,197,RB · 52,-,-,0,0,0,0,0,-,145,746,5.14,6,43.9,14,8,36,4.5,0,2.1,782,6
11586,2024,Blake Corum,RB,LAR,15,33.5,312,RB · 80,2.23,357,RB · 97,24,-,0,0,0,0,0,-,58,207,3.57,0,13.8,8,7,58,8.29,0,3.9,265,0
4571,2021,Blake Jarwin,TE,DAL,8,32.6,345,TE · 64,4.08,342,TE · 52,27,-,0,0,0,0,0,-,0,0,-,0,-,17,11,96,8.73,2,12.0,96,2
4571,2020,Blake Jarwin,TE,DAL,1,2.2,529,TE · 108,2.20,393,TE · 69,26,-,0,0,0,0,0,-,0,0,-,0,-,1,1,12,12,0,12.0,12,0
4571,2019,Blake Jarwin,TE,DAL,16,85.5,194,TE · 29,5.34,239,TE · 37,25,-,0,0,0,0,0,-,0,0,-,0,-,41,31,365,11.77,3,22.8,365,3
4571,2018,Blake Jarwin,TE,DAL,16,75.7,216,TE · 26,4.73,282,TE · 39,24,-,0,0,0,0,0,-,0,0,-,0,-,36,27,307,11.37,3,19.2,307,3
4571,2017,Blake Jarwin,TE,-,1,0.0,529,TE · 108,0.00,529,TE · 108,-,-,-,-,-,-,-,-,-,-,-,-,-,-,-,-,-,-,-,0,-
11568,2024,Blake Watson,RB,DEN,3,3.3,482,RB · 123,1.10,437,RB · 119,25,-,0,0,0,0,0,-,4,10,2.5,0,3.3,2,1,13,13,0,4.3,23,0
11201,2024,Blake Whiteheart,TE,CLE,11,17.1,377,TE · 72,1.55,405,TE · 71,24,-,0,0,0,0,0,-,0,0,-,0,-,9,6,51,8.5,1,4.6,51,1
11201,2023,Blake Whiteheart,TE,ARI,1,0.0,537,TE · 114,0.00,537,TE · 114,23,-,0,0,0,0,0,-,0,0,-,0,-,0,0,0,-,0,-,0,0
8204,2025,Bo Melton,WR,GB,13,24.2,329,WR · 136,1.86,355,WR · 144,-,-,0,0,0,0,0,-,5,35,7,0,2.7,13,4,107,26.8,1,8.2,142,1
8204,2024,Bo Melton,WR,GB,17,22.5,354,WR · 139,1.32,421,WR · 165,25,-,0,0,0,0,0,-,8,54,6.75,0,3.2,17,8,91,11.38,0,5.4,145,0
8204,2023,Bo Melton,WR,GB,5,45.9,278,WR · 116,9.18,159,WR · 55,24,-,0,0,0,0,0,-,3,21,7,0,4.2,24,16,218,13.63,1,43.6,239,1
11563,2025,Bo Nix,QB,DEN,17,315.8,16,QB · 7,18.58,24,QB · 12,-,63.4%,388,612,3931,25,11,231.2,83,356,4.29,5,20.9,1,0,0,0,0,-,4287,5
11563,2024,Bo Nix,QB,DEN,17,329.2,12,QB · 7,19.36,14,QB · 9,24,66.3%,376,567,3775,29,12,222.1,92,430,4.67,4,25.3,1,1,2,2,1,0.1,4207,5
5112,2020,Bo Scarbrough,RB,SEA,1,3.1,507,RB · 142,3.10,352,RB · 98,26,-,0,0,0,0,0,-,6,31,5.17,0,31.0,0,0,0,-,0,-,31,0
5112,2019,Bo Scarbrough,RB,DET,6,43.2,271,RB · 77,7.20,190,RB · 53,25,-,0,0,0,0,0,-,89,377,4.24,1,62.8,4,1,5,5,0,0.8,382,1
4480,2018,Bobo Wilson,WR,TB,5,9.2,433,WR · 170,1.84,396,WR · 163,23,-,0,0,0,0,0,-,0,0,-,0,-,5,4,52,13,0,10.4,52,0
4480,2017,Bobo Wilson,WR,-,3,9.6,428,WR · 165,3.20,321,WR · 118,-,-,-,-,-,-,-,-,-,-,-,-,-,-,-,-,-,-,-,0,-
5122,2023,Boston Scott,RB,PHI,12,15.8,401,RB · 99,1.32,439,RB · 117,28,-,0,0,0,0,0,-,20,86,4.3,0,7.2,6,4,52,13,0,4.3,138,0
5122,2022,Boston Scott,RB,PHI,15,46.2,285,RB · 76,3.08,384,RB · 105,27,-,0,0,0,0,0,-,54,217,4.02,3,14.5,6,5,15,3,0,1.0,232,3
5122,2021,Boston Scott,RB,PHI,11,98.6,184,RB · 56,8.96,177,RB · 48,26,-,0,0,0,0,0,-,87,373,4.29,7,33.9,16,13,83,6.38,0,7.5,456,7
5122,2020,Boston Scott,RB,PHI,16,95.6,190,RB · 48,5.98,250,RB · 65,25,-,0,0,0,0,0,-,80,374,4.68,1,23.4,36,25,212,8.48,1,13.3,586,2
5122,2019,Boston Scott,RB,PHI,11,96.9,174,RB · 48,8.81,162,RB · 44,24,-,0,0,0,0,0,-,61,245,4.02,5,22.3,26,24,204,8.5,0,18.5,449,5
5122,2018,Boston Scott,RB,PHI,2,0.0,543,RB · 155,0.00,543,RB · 155,23,-,0,0,0,0,0,-,0,0,-,0,-,0,0,0,-,0,-,0,0
11280,2024,Brady Russell,TE,SEA,11,0.0,544,TE · 115,0.00,544,TE · 115,26,-,0,0,0,0,0,-,0,0,-,0,-,0,0,0,-,0,-,0,0
11280,2023,Brady Russell,TE,SEA,10,0.0,537,TE · 114,0.00,537,TE · 114,25,-,0,0,0,0,0,-,0,0,-,0,-,0,0,0,-,0,-,0,0
11576,2025,Braelon Allen,RB,NYJ,4,15.3,354,RB · 88,3.83,290,RB · 81,-,-,0,0,0,0,0,-,18,76,4.22,1,19.0,3,2,17,8.5,0,4.3,93,1
11576,2024,Braelon Allen,RB,NYJ,17,85.2,210,RB · 51,5.01,253,RB · 62,20,-,0,0,0,0,0,-,92,334,3.63,2,19.6,27,19,148,7.79,1,8.7,482,3
2197,2025,Brandin Cooks,WR,2TM,15,51.9,269,WR · 106,3.46,309,WR · 121,-,-,0,0,0,0,0,-,0,0,0,0,-,36,24,279,11.6,0,18.6,279,0
2197,2024,Brandin Cooks,WR,DAL,10,69.6,229,WR · 96,6.96,214,WR · 86,31,-,0,0,0,0,0,-,3,-3,-1,0,-0.3,54,26,259,9.96,3,25.9,256,3
2197,2023,Brandin Cooks,WR,DAL,16,173.2,99,WR · 38,10.83,125,WR · 45,30,-,0,0,0,0,0,-,5,35,7,0,2.2,81,54,657,12.17,8,41.1,692,8
2197,2022,Brandin Cooks,WR,HOU,13,145.6,119,WR · 49,11.20,114,WR · 40,29,-,0,0,0,0,0,-,2,7,3.5,0,0.5,93,57,699,12.26,3,53.8,706,3
2197,2021,Brandin Cooks,WR,HOU,16,231.8,51,WR · 20,14.49,66,WR · 24,28,-,0,0,0,0,0,-,2,21,10.5,0,1.3,134,90,1037,11.52,6,64.8,1058,6
2197,2020,Brandin Cooks,WR,HOU,15,232.0,46,WR · 17,15.47,62,WR · 17,27,-,0,0,0,0,0,-,0,0,-,0,-,119,81,1150,14.2,6,76.7,1150,6
2197,2019,Brandin Cooks,WR,LAR,14,117.5,146,WR · 62,8.39,172,WR · 68,26,-,0,0,0,0,0,-,6,52,8.67,0,3.7,72,42,583,13.88,2,41.6,635,2
2197,2018,Brandin Cooks,WR,LAR,16,243.2,41,WR · 13,15.20,60,WR · 20,25,-,0,0,0,0,0,-,10,68,6.8,1,4.3,117,80,1204,15.05,5,75.3,1272,6
2197,2017,Brandin Cooks,WR,-,16,221.2,43,WR · 15,13.83,57,WR · 17,-,-,-,-,-,-,-,-,-,-,-,-,-,-,-,-,-,-,-,0,-
2197,2016,Brandin Cooks,WR,-,16,246.3,35,WR · 10,15.39,39,WR · 11,-,-,-,-,-,-,-,-,-,-,-,-,-,-,-,-,-,-,-,0,-
6803,2025,Brandon Aiyuk,WR,SF,0,0.0,415,WR · 168,-,-,-,-,-,0,0,0,0,0,-,0,0,0,0,-,0,0,0,0,0,-,0,0
6803,2024,Brandon Aiyuk,WR,SF,7,62.4,247,WR · 105,8.91,167,WR · 60,26,-,0,0,0,0,0,-,0,0,-,0,-,47,25,374,14.96,0,53.4,374,0
6803,2023,Brandon Aiyuk,WR,SF,16,249.2,36,WR · 14,15.58,54,WR · 17,25,-,0,0,0,0,0,-,0,0,-,0,-,105,75,1342,17.89,7,83.9,1342,7
6803,2022,Brandon Aiyuk,WR,SF,17,227.8,44,WR · 15,13.40,75,WR · 25,24,-,0,0,0,0,0,-,2,23,11.5,0,1.4,114,78,1015,13.01,8,59.7,1038,8
6803,2021,Brandon Aiyuk,WR,SF,17,170.3,94,WR · 35,10.02,152,WR · 53,23,-,0,0,0,0,0,-,5,17,3.4,0,1.0,84,56,826,14.75,5,48.6,843,5
6803,2020,Brandon Aiyuk,WR,SF,12,184.5,81,WR · 35,15.38,64,WR · 18,22,-,0,0,0,0,0,-,6,77,12.83,2,6.4,96,60,748,12.47,5,62.3,825,7
3357,2024,Brandon Allen,QB,SF,3,8.4,438,QB · 63,2.80,328,QB · 60,32,56.7%,17,30,199,1,2,66.3,3,4,1.33,0,1.3,0,0,0,-,0,-,203,0
3357,2022,Brandon Allen,QB,CIN,1,0.8,562,QB · 77,0.80,531,QB · 77,30,100.0%,3,3,22,0,0,22.0,3,-1,-0.33,0,-1.0,0,0,0,-,0,-,21,0
3357,2021,Brandon Allen,QB,CIN,5,13.9,424,QB · 56,2.78,409,QB · 61,29,50.0%,17,34,149,2,0,29.8,7,-1,-0.14,0,-0.2,0,0,0,-,0,-,148,0
3357,2020,Brandon Allen,QB,CIN,5,53.7,274,QB · 41,10.74,140,QB · 44,28,63.4%,90,142,925,5,4,185.0,13,27,2.08,0,5.4,1,0,0,-,0,-,952,0
3357,2019,Brandon Allen,QB,DEN,3,34.5,302,QB · 42,11.50,113,QB · 35,27,46.4%,39,84,515,3,2,171.7,10,39,3.9,0,13.0,0,0,0,-,0,-,554,0
3357,2018,Brandon Allen,QB,-,1,0.0,543,QB · 67,0.00,543,QB · 67,-,-,-,-,-,-,-,-,-,-,-,-,-,-,-,-,-,-,-,0,-
1034,2023,Brandon Bolden,RB,LV,5,11.1,433,RB · 111,2.22,380,RB · 98,33,-,0,0,0,0,0,-,4,31,7.75,1,6.2,0,0,0,-,0,-,31,1
1034,2022,Brandon Bolden,RB,LV,12,28.8,347,RB · 93,2.40,425,RB · 114,32,-,0,0,0,0,0,-,17,66,3.88,0,5.5,9,9,57,6.33,1,4.8,123,1
1034,2021,Brandon Bolden,RB,NE,16,124.1,149,RB · 40,7.76,214,RB · 59,31,-,0,0,0,0,0,-,44,226,5.14,1,14.1,49,41,405,9.88,2,25.3,631,3
1034,2019,Brandon Bolden,RB,NE,15,50.9,254,RB · 71,3.39,304,RB · 81,29,-,0,0,0,0,0,-,15,68,4.53,3,4.5,11,9,111,12.33,1,7.4,179,4
1034,2018,Brandon Bolden,RB,MIA,16,29.4,339,RB · 90,1.84,397,RB · 103,28,-,0,0,0,0,0,-,8,91,11.38,2,5.7,3,3,13,4.33,1,0.8,104,3
1034,2017,Brandon Bolden,RB,-,16,8.4,442,RB · 128,0.53,484,RB · 135,-,-,-,-,-,-,-,-,-,-,-,-,-,-,-,-,-,-,-,0,-
1034,2016,Brandon Bolden,RB,-,14,3.9,478,RB · 141,0.28,513,RB · 151,-,-,-,-,-,-,-,-,-,-,-,-,-,-,-,-,-,-,-,0,-
6279,2020,Brandon Dillon,TE,MIN,3,1.6,540,TE · 112,0.53,519,TE · 103,23,-,0,0,0,0,0,-,0,0,-,0,-,1,1,6,6,0,2.0,6,0
6279,2019,Brandon Dillon,TE,MIN,1,0.0,496,TE · 111,0.00,495,TE · 111,22,-,0,0,0,0,0,-,0,0,-,0,-,0,0,0,-,0,-,0,0
8756,2024,Brandon Johnson,WR,PIT,3,1.9,506,WR · 204,0.63,489,WR · 196,26,-,0,0,0,0,0,-,0,0,-,0,-,1,1,9,9,0,3.0,9,0
8756,2023,Brandon Johnson,WR,DEN,13,73.4,213,WR · 86,5.65,228,WR · 84,25,-,0,0,0,0,0,-,0,0,-,0,-,30,19,284,14.95,4,21.8,284,4
8756,2022,Brandon Johnson,WR,DEN,5,14.2,415,WR · 157,2.84,401,WR · 152,24,-,0,0,0,0,0,-,0,0,-,0,-,14,6,42,7,1,8.4,42,1
5695,2024,Brandon Powell,WR,MIN,17,14.1,400,WR · 159,0.83,468,WR · 190,29,-,0,0,0,0,0,-,0,0,-,0,-,10,7,71,10.14,0,4.2,71,0
5695,2023,Brandon Powell,WR,MIN,17,67.1,230,WR · 92,3.95,280,WR · 106,28,-,0,0,0,0,0,-,5,17,3.4,0,1.0,44,29,324,11.17,1,19.1,341,1
5695,2022,Brandon Powell,WR,LAR,17,47.6,282,WR · 118,2.80,404,WR · 153,27,-,0,0,0,0,0,-,17,80,4.71,0,4.7,32,24,156,6.5,0,9.2,236,0
5695,2021,Brandon Powell,WR,LAR,6,6.0,492,WR · 193,1.00,517,WR · 201,26,-,0,0,0,0,0,-,0,0,-,0,-,0,0,0,-,0,-,0,1
5695,2020,Brandon Powell,WR,ATL,15,29.6,340,WR · 141,1.97,412,WR · 162,25,-,0,0,0,0,0,-,2,7,3.5,0,0.5,18,12,69,5.75,2,4.6,76,2
5695,2018,Brandon Powell,WR,DET,6,24.3,353,WR · 148,4.05,308,WR · 129,23,-,0,0,0,0,0,-,1,4,4,0,0.7,17,11,129,11.73,0,21.5,133,0
7865,2024,Brandon Smith,WR,NYJ,1,0.0,544,WR · 215,0.00,544,WR · 215,26,-,0,0,0,0,0,-,0,0,-,0,-,0,0,0,-,0,-,0,0
7865,2021,Brandon Smith,WR,-,1,0.0,582,WR · 225,0.00,582,WR · 225,-,-,-,-,-,-,-,-,-,-,-,-,-,-,-,-,-,-,-,0,-
1696,2017,Brandon Williams,TE,-,14,25.1,344,TE · 70,1.79,386,TE · 73,-,-,-,-,-,-,-,-,-,-,-,-,-,-,-,-,-,-,-,0,-
1696,2016,Brandon Williams,TE,-,16,5.6,464,TE · 95,0.35,502,TE · 104,-,-,-,-,-,-,-,-,-,-,-,-,-,-,-,-,-,-,-,0,-
4878,2022,Brandon Zylstra,WR,DET,2,0.0,571,WR · 218,0.00,571,WR · 218,29,-,0,0,0,0,0,-,0,0,-,0,-,0,0,0,-,0,-,0,0
4878,2021,Brandon Zylstra,WR,CAR,12,49.0,297,WR · 121,4.08,341,WR · 138,28,0.0%,0,1,0,0,0,-,0,0,-,0,-,25,18,250,13.89,1,20.8,250,1
4878,2020,Brandon Zylstra,WR,CAR,16,6.6,479,WR · 185,0.41,527,WR · 201,27,-,0,0,0,0,0,-,1,1,1,0,0.1,4,3,35,11.67,0,2.2,36,1
4878,2019,Brandon Zylstra,WR,CAR,8,18.6,356,WR · 140,2.33,346,WR · 138,26,-,0,0,0,0,0,-,0,0,-,0,-,12,8,106,13.25,0,13.3,106,0
4878,2018,Brandon Zylstra,WR,MIN,16,3.3,490,WR · 187,0.21,524,WR · 198,25,-,0,0,0,0,0,-,0,0,-,0,-,2,1,23,23,0,1.4,23,0
12455,2025,Brashard Smith,RB,KC,17,63.3,243,RB · 62,3.72,296,RB · 83,-,-,0,0,0,0,0,-,44,151,3.43,0,8.9,35,25,172,6.9,1,10.1,323,1
5121,2024,Braxton Berrios,WR,MIA,8,0.0,544,WR · 215,0.00,544,WR · 215,29,-,0,0,0,0,0,-,0,0,-,0,-,4,0,0,-,0,-,0,0
5121,2023,Braxton Berrios,WR,MIA,16,57.9,251,WR · 104,3.62,298,WR · 116,28,-,0,0,0,0,0,-,1,11,11,0,0.7,33,27,238,8.81,1,14.9,249,1
5121,2022,Braxton Berrios,WR,NYJ,17,57.7,255,WR · 108,3.39,364,WR · 140,27,100.0%,1,1,2,1,0,0.1,9,91,10.11,2,5.4,32,18,145,8.06,0,8.5,238,2
5121,2021,Braxton Berrios,WR,NYJ,16,121.1,153,WR · 59,7.57,217,WR · 84,26,-,0,0,0,0,0,-,7,40,5.71,2,2.5,65,46,431,9.37,2,26.9,471,5
5121,2020,Braxton Berrios,WR,NYJ,16,97.3,185,WR · 80,6.08,246,WR · 103,25,-,0,0,0,0,0,-,3,29,9.67,0,1.8,55,37,394,10.65,3,24.6,423,3
5121,2019,Braxton Berrios,WR,NYJ,16,15.5,371,WR · 144,0.97,409,WR · 162,24,-,0,0,0,0,0,-,0,0,-,0,-,13,6,115,19.17,0,7.2,115,0
10224,2024,Brayden Willis,TE,SF,9,0.0,544,TE · 115,0.00,544,TE · 115,25,-,0,0,0,0,0,-,0,0,-,0,-,2,0,0,-,0,-,0,0
10224,2023,Brayden Willis,TE,SF,6,0.0,537,TE · 114,0.00,537,TE · 114,24,-,0,0,0,0,0,-,0,0,-,0,-,0,0,0,-,0,-,0,0
8178,2022,Braylon Sanders,WR,MIA,2,1.7,542,WR · 207,0.85,523,WR · 202,23,-,0,0,0,0,0,-,0,0,-,0,-,3,2,17,8.5,0,8.5,17,0
8155,2025,Breece Hall,RB,NYJ,16,207.7,59,RB · 19,12.98,77,RB · 22,-,100.0%,1,1,4,1,0,0.3,243,1065,4.38,4,66.6,48,36,350,9.7,1,21.9,1419,5
8155,2024,Breece Hall,RB,NYJ,16,240.9,46,RB · 16,15.06,64,RB · 17,23,-,0,0,0,0,0,-,209,876,4.19,5,54.8,76,57,483,8.47,3,30.2,1359,8
8155,2023,Breece Hall,RB,NYJ,17,290.5,14,RB · 2,17.09,30,RB · 6,22,-,0,0,0,0,0,-,223,994,4.46,5,58.5,95,76,591,7.78,4,34.8,1585,9
8155,2022,Breece Hall,RB,NYJ,7,115.1,152,RB · 42,16.44,37,RB · 7,21,-,0,0,0,0,0,-,80,463,5.79,4,66.1,31,19,218,11.47,1,31.1,681,5
12374,2024,Brenden Bates,TE,2TM,6,0.0,544,TE · 115,0.00,544,TE · 115,25,-,0,0,0,0,0,-,0,0,-,0,-,1,0,0,-,0,-,0,0
11621,2025,Brenden Rice,WR,LV,0,0.0,415,WR · 168,-,-,-,-,-,0,0,0,0,0,-,0,0,0,0,-,0,0,0,0,0,-,0,0
11621,2024,Brenden Rice,WR,LAC,1,0.0,544,WR · 215,0.00,544,WR · 215,22,-,0,0,0,0,0,-,0,0,-,0,-,0,0,0,-,0,-,0,0
9480,2025,Brenton Strange,TE,JAX,12,118.0,149,TE · 23,9.83,147,TE · 18,-,-,0,0,0,0,0,-,0,0,0,0,-,60,46,540,11.7,3,45.0,540,3
9480,2024,Brenton Strange,TE,JAX,17,91.1,203,TE · 31,5.36,249,TE · 35,24,-,0,0,0,0,0,-,0,0,-,0,-,53,40,411,10.28,2,24.2,411,2
9480,2023,Brenton Strange,TE,JAX,12,14.5,411,TE · 80,1.21,444,TE · 81,23,-,0,0,0,0,0,-,0,0,-,0,-,9,5,35,7,1,2.9,35,1
2331,2022,Breshad Perriman,WR,TB,8,23.3,365,WR · 144,2.91,396,WR · 151,29,-,0,0,0,0,0,-,2,-7,-3.5,0,-0.9,19,9,110,12.22,1,13.8,103,1
2331,2021,Breshad Perriman,WR,TB,5,33.4,340,WR · 137,6.68,241,WR · 96,28,-,0,0,0,0,0,-,1,-3,-3,0,-0.6,18,11,167,15.18,1,33.4,164,1
2331,2020,Breshad Perriman,WR,NYJ,12,99.1,181,WR · 77,8.26,198,WR · 77,27,-,0,0,0,0,0,-,1,6,6,0,0.5,60,30,505,16.83,3,42.1,511,3
2331,2019,Breshad Perriman,WR,TB,14,138.1,128,WR · 51,9.86,142,WR · 58,26,-,0,0,0,0,0,-,2,16,8,0,1.1,69,36,645,17.92,6,46.1,661,6
2331,2018,Breshad Perriman,WR,CLE,10,62.2,244,WR · 101,6.22,231,WR · 95,25,-,0,0,0,0,0,-,4,2,0.5,0,0.2,25,16,340,21.25,2,34.0,342,2
2331,2017,Breshad Perriman,WR,-,11,17.7,368,WR · 143,1.61,401,WR · 158,-,-,-,-,-,-,-,-,-,-,-,-,-,-,-,-,-,-,-,0,-
2331,2016,Breshad Perriman,WR,-,16,101.1,177,WR · 76,6.32,231,WR · 90,-,-,-,-,-,-,-,-,-,-,-,-,-,-,-,-,-,-,-,0,-
2450,2019,Brett Hundley,QB,ARI,3,6.1,426,QB · 53,2.03,362,QB · 55,26,45.5%,5,11,49,0,0,16.3,7,41,5.86,0,13.7,0,0,0,-,0,-,90,0
2450,2017,Brett Hundley,QB,-,11,124.6,138,QB · 31,11.33,95,QB · 35,-,-,-,-,-,-,-,-,-,-,-,-,-,-,-,-,-,-,-,0,-
2450,2016,Brett Hundley,QB,-,4,-1.5,614,QB · 72,-0.38,615,QB · 71,-,-,-,-,-,-,-,-,-,-,-,-,-,-,-,-,-,-,-,0,-
6037,2023,Brett Rypien,QB,LAR,2,5.8,470,QB · 68,2.90,333,QB · 64,27,47.4%,18,38,172,0,1,86.0,3,19,6.33,0,9.5,0,0,0,-,0,-,191,0
6037,2022,Brett Rypien,QB,DEN,4,22.0,374,QB · 53,5.50,266,QB · 59,26,60.2%,53,88,483,2,4,120.8,6,7,1.17,0,1.8,0,0,0,-,0,-,490,0
6037,2021,Brett Rypien,QB,DEN,1,0.0,582,QB · 74,0.00,582,QB · 74,25,0.0%,0,2,0,0,0,-,0,0,-,0,-,0,0,0,-,0,-,0,0
6037,2020,Brett Rypien,QB,DEN,3,15.3,414,QB · 54,5.10,273,QB · 51,24,67.5%,27,40,295,2,4,98.3,5,-5,-1,0,-1.7,0,0,0,-,0,-,290,0
7568,2025,Brevin Jordan,TE,HOU,0,0.0,415,TE · 75,-,-,-,-,-,0,0,0,0,0,-,0,0,0,0,-,0,0,0,0,0,-,0,0
7568,2024,Brevin Jordan,TE,HOU,2,2.7,495,TE · 105,1.35,419,TE · 76,24,-,0,0,0,0,0,-,0,0,-,0,-,3,2,7,3.5,0,3.5,7,0
7568,2023,Brevin Jordan,TE,HOU,13,50.9,263,TE · 44,3.92,282,TE · 41,23,-,0,0,0,0,0,-,0,0,-,0,-,21,17,219,12.88,2,16.8,219,2
7568,2022,Brevin Jordan,TE,HOU,9,26.8,352,TE · 68,2.98,392,TE · 71,22,-,0,0,0,0,0,-,0,0,-,0,-,28,14,128,9.14,0,14.2,128,0
7568,2021,Brevin Jordan,TE,HOU,8,55.8,273,TE · 44,6.98,230,TE · 27,21,-,0,0,0,0,0,-,0,0,-,0,-,28,20,178,8.9,3,22.3,178,3
11593,2024,Brevyn Spann-Ford,TE,DAL,17,17.8,372,TE · 70,1.05,445,TE · 80,25,-,0,0,0,0,0,-,0,0,-,0,-,14,9,88,9.78,0,5.2,88,0
4187,2021,Brian Hill,RB,SF,1,0.0,582,RB · 165,0.00,582,RB · 165,26,-,0,0,0,0,0,-,0,0,-,0,-,0,0,0,-,0,-,0,0
4187,2020,Brian Hill,RB,ATL,16,95.4,191,RB · 49,5.96,251,RB · 66,25,-,0,0,0,0,0,-,100,465,4.65,1,29.1,30,25,199,7.96,0,12.4,664,1
4187,2019,Brian Hill,RB,ATL,12,67.2,226,RB · 62,5.60,232,RB · 58,24,-,0,0,0,0,0,-,78,323,4.14,2,26.9,14,10,69,6.9,1,5.8,392,3
4187,2018,Brian Hill,RB,ATL,10,15.6,389,RB · 101,1.56,411,RB · 107,23,-,0,0,0,0,0,-,20,157,7.85,0,15.7,2,1,9,9,0,0.9,166,0
4187,2017,Brian Hill,RB,-,7,9.3,432,RB · 125,1.33,410,RB · 114,-,-,-,-,-,-,-,-,-,-,-,-,-,-,-,-,-,-,-,0,-
345,2023,Brian Hoyer,QB,LV,2,6.9,460,QB · 67,3.45,307,QB · 62,38,54.8%,23,42,231,0,2,115.5,3,-3,-1,0,-1.5,0,0,0,-,0,-,228,0
345,2022,Brian Hoyer,QB,NE,1,1.5,550,QB · 74,1.50,481,QB · 74,37,83.3%,5,6,37,0,0,37.0,0,0,-,0,-,0,0,0,-,0,-,37,0
345,2021,Brian Hoyer,QB,NE,5,12.3,437,QB · 59,2.46,432,QB · 62,36,81.8%,9,11,227,1,0,45.4,11,-8,-0.73,0,-1.6,0,0,0,-,0,-,219,0
345,2020,Brian Hoyer,QB,NE,1,3.0,510,QB · 66,3.00,355,QB · 61,35,62.5%,15,24,130,0,1,130.0,1,8,8,0,8.0,0,0,0,-,0,-,138,0
345,2019,Brian Hoyer,QB,IND,5,25.1,332,QB · 46,5.02,248,QB · 48,34,53.8%,35,65,372,4,4,74.4,8,2,0.25,0,0.4,0,0,0,-,0,-,374,0
345,2018,Brian Hoyer,QB,NE,5,-0.5,638,QB · 75,-0.10,636,QB · 73,33,50.0%,1,2,7,0,0,1.4,11,-8,-0.73,0,-1.6,0,0,0,-,0,-,-1,0
345,2017,Brian Hoyer,QB,-,11,64.0,234,QB · 37,5.82,235,QB · 51,-,-,-,-,-,-,-,-,-,-,-,-,-,-,-,-,-,-,-,0,-
345,2016,Brian Hoyer,QB,-,6,79.7,211,QB · 31,13.28,77,QB · 30,-,-,-,-,-,-,-,-,-,-,-,-,-,-,-,-,-,-,-,0,-
8154,2025,Brian Robinson Jr.,RB,SF,17,62.5,246,RB · 63,3.68,300,RB · 84,-,-,0,0,0,0,0,-,92,400,4.35,2,23.5,12,8,25,3.1,0,1.5,425,2
8154,2024,Brian Robinson Jr.,RB,WAS,14,159.8,107,RB · 29,11.41,120,RB · 30,25,-,0,0,0,0,0,-,187,799,4.27,8,57.1,25,20,159,7.95,0,11.4,958,8
8154,2023,Brian Robinson Jr.,RB,WAS,15,198.1,82,RB · 21,13.21,88,RB · 22,24,-,0,0,0,0,0,-,178,733,4.12,5,48.9,43,36,368,10.22,4,24.5,1101,9
8154,2022,Brian Robinson Jr.,RB,WAS,12,112.7,156,RB · 43,9.39,158,RB · 42,23,-,0,0,0,0,0,-,205,797,3.89,2,66.4,12,9,60,6.67,1,5.0,857,3
11631,2025,Brian Thomas Jr.,WR,JAX,14,138.8,118,WR · 42,9.91,143,WR · 48,-,-,0,0,0,0,0,-,3,21,7,1,1.5,91,48,707,14.7,2,50.5,728,3
11631,2024,Brian Thomas Jr.,WR,JAX,17,284.0,22,WR · 4,16.71,38,WR · 12,22,-,0,0,0,0,0,-,6,48,8,0,2.8,133,87,1282,14.74,10,75.4,1330,10
6895,2018,Brice Butler,WR,2TM,8,18.0,379,WR · 158,2.25,377,WR · 152,28,-,0,0,0,0,0,-,0,0,-,0,-,10,6,60,10,1,7.5,60,1
6895,2017,Brice Butler,WR,-,13,64.7,232,WR · 92,4.98,271,WR · 100,-,-,-,-,-,-,-,-,-,-,-,-,-,-,-,-,-,-,-,0,-
6895,2016,Brice Butler,WR,-,16,55.9,250,WR · 106,3.49,317,WR · 126,-,-,-,-,-,-,-,-,-,-,-,-,-,-,-,-,-,-,-,0,-
7903,2021,Briley Moore,TE,-,2,0.0,582,TE · 121,0.00,582,TE · 121,-,-,-,-,-,-,-,-,-,-,-,-,-,-,-,-,-,-,-,0,-
8414,2024,Britain Covey,WR,PHI,5,10.4,427,WR · 170,2.08,367,WR · 145,27,-,0,0,0,0,0,-,0,0,-,0,-,8,7,34,4.86,0,6.8,34,0
8414,2023,Britain Covey,WR,PHI,16,8.2,451,WR · 179,0.51,505,WR · 196,26,-,0,0,0,0,0,-,0,0,-,0,-,6,4,42,10.5,0,2.6,42,0
8414,2022,Britain Covey,WR,PHI,17,0.0,571,WR · 218,0.00,571,WR · 218,25,-,0,0,0,0,0,-,0,0,-,0,-,0,0,0,-,0,-,0,0
12171,2024,British Brooks,RB,HOU,3,0.2,541,RB · 139,0.07,541,RB · 139,25,-,0,0,0,0,0,-,1,2,2,0,0.7,0,0,0,-,0,-,2,0
8423,2023,Brittain Brown,RB,-,1,0.0,537,RB · 145,0.00,537,RB · 145,-,-,-,-,-,-,-,-,-,-,-,-,-,-,-,-,-,-,-,0,-
8423,2022,Brittain Brown,RB,LV,1,0.0,571,RB · 160,0.00,571,RB · 160,25,-,0,0,0,0,0,-,0,0,-,0,-,0,0,0,-,0,-,0,0
11604,2025,Brock Bowers,TE,LV,12,176.2,91,TE · 11,14.68,55,TE · 2,-,-,0,0,0,0,0,-,2,2,1,0,0.2,86,64,680,10.6,7,56.7,682,7
11604,2024,Brock Bowers,TE,LV,17,262.7,33,TE · 1,15.45,58,TE · 3,22,-,0,0,0,0,0,-,5,13,2.6,0,0.8,153,112,1194,10.66,5,70.2,1207,5
8183,2025,Brock Purdy,QB,SF,9,187.4,76,QB · 24,20.82,12,QB · 5,-,69.4%,197,284,2167,20,10,240.8,33,147,4.45,3,16.3,0,0,0,0,0,-,2314,3
8183,2024,Brock Purdy,QB,SF,15,278.9,25,QB · 14,18.59,21,QB · 12,25,65.9%,300,455,3864,20,12,257.6,66,323,4.89,5,21.5,0,0,0,-,0,-,4187,5
8183,2023,Brock Purdy,QB,SF,16,306.6,10,QB · 6,19.16,15,QB · 8,24,69.4%,308,444,4280,31,11,267.5,39,144,3.69,2,9.0,0,0,0,-,0,-,4424,2
8183,2022,Brock Purdy,QB,SF,9,110.3,160,QB · 33,12.26,96,QB · 38,23,67.1%,114,170,1374,13,4,152.7,22,13,0.59,1,1.4,0,0,0,-,0,-,1387,1
7891,2025,Brock Wright,TE,DET,11,36.8,298,TE · 59,3.35,316,TE · 54,-,-,0,0,0,0,0,-,0,0,0,0,-,22,14,108,7.7,2,9.8,108,2
7891,2024,Brock Wright,TE,DET,17,35.0,306,TE · 55,2.06,369,TE · 62,26,-,0,0,0,0,0,-,0,0,-,0,-,16,13,100,7.69,2,5.9,100,2
7891,2023,Brock Wright,TE,DET,11,28.1,345,TE · 67,2.55,358,TE · 65,25,-,0,0,0,0,0,-,0,0,-,0,-,14,13,91,7,1,8.3,91,1
7891,2022,Brock Wright,TE,DET,14,63.6,239,TE · 38,4.54,300,TE · 46,24,-,0,0,0,0,0,-,0,0,-,0,-,24,18,216,12,4,15.4,216,4
7891,2021,Brock Wright,TE,DET,8,35.7,330,TE · 61,4.46,320,TE · 44,23,-,0,0,0,0,0,-,0,0,-,0,-,17,12,117,9.75,2,14.6,117,2
3239,2018,Bronson Kaufusi,TE,-,3,0.0,543,TE · 118,0.00,543,TE · 118,-,-,-,-,-,-,-,-,-,-,-,-,-,-,-,-,-,-,-,0,-
3239,2017,Bronson Kaufusi,TE,-,3,0.0,529,TE · 108,0.00,529,TE · 108,-,-,-,-,-,-,-,-,-,-,-,-,-,-,-,-,-,-,-,0,-
982,2020,Bruce Miller,TE,JAX,8,1.2,549,TE · 116,0.15,550,TE · 113,33,-,0,0,0,0,0,-,0,0,-,0,-,2,1,2,2,0,0.3,2,0
6870,2022,Bryan Edwards,WR,ATL,4,4.5,507,WR · 187,1.13,504,WR · 191,24,-,0,0,0,0,0,-,0,0,-,0,-,5,3,15,5,0,3.8,15,0
6870,2021,Bryan Edwards,WR,LV,16,109.1,168,WR · 65,6.82,239,WR · 95,23,-,0,0,0,0,0,-,1,0,0,0,-,59,34,571,16.79,3,35.7,571,3
6870,2020,Bryan Edwards,WR,LV,12,36.3,319,WR · 132,3.03,354,WR · 140,22,-,0,0,0,0,0,-,0,0,-,0,-,15,11,193,17.55,1,16.1,193,1
8246,2023,Bryant Koback,RB,-,1,0.0,537,RB · 145,0.00,537,RB · 145,-,-,-,-,-,-,-,-,-,-,-,-,-,-,-,-,-,-,-,0,-
8246,2022,Bryant Koback,RB,-,2,0.0,571,RB · 160,0.00,571,RB · 160,-,-,-,-,-,-,-,-,-,-,-,-,-,-,-,-,-,-,-,0,-
9499,2024,Bryce Ford-Wheaton,WR,NYG,6,0.0,544,WR · 215,0.00,544,WR · 215,24,-,0,0,0,0,0,-,0,0,-,0,-,0,0,0,-,0,-,0,0
5889,2019,Bryce Love,RB,-,1,0.0,496,RB · 136,0.00,495,RB · 136,-,-,-,-,-,-,-,-,-,-,-,-,-,-,-,-,-,-,-,0,-
11959,2024,Bryce Oliver,WR,TEN,10,15.5,384,WR · 150,1.55,406,WR · 158,24,-,0,0,0,0,0,-,0,0,-,0,-,9,6,95,15.83,0,9.5,95,0
7335,2022,Bryce Perkins,QB,LAR,5,17.4,406,QB · 60,3.48,352,QB · 64,26,55.9%,19,34,161,1,2,32.2,19,90,4.74,0,18.0,0,0,0,-,0,-,251,0
9228,2025,Bryce Young,QB,CAR,16,229.0,41,QB · 19,14.32,63,QB · 29,-,63.6%,304,478,3011,23,11,188.2,54,216,4,2,13.5,0,0,0,0,0,-,3227,2
9228,2024,Bryce Young,QB,CAR,14,204.0,70,QB · 20,14.57,70,QB · 27,23,60.9%,234,384,2403,15,9,171.6,43,249,5.79,6,17.8,0,0,0,-,0,-,2652,6
9228,2023,Bryce Young,QB,CAR,16,166.4,102,QB · 23,10.40,135,QB · 44,22,59.8%,315,527,2877,11,10,179.8,39,253,6.49,0,15.8,0,0,0,-,0,-,3130,0
6926,2023,Brycen Hopkins,TE,LAR,14,12.8,421,TE · 84,0.91,471,TE · 89,26,-,0,0,0,0,0,-,0,0,-,0,-,7,5,78,15.6,0,5.6,78,0
6926,2022,Brycen Hopkins,TE,LAR,7,17.9,403,TE · 83,2.56,418,TE · 77,25,-,0,0,0,0,0,-,0,0,-,0,-,11,7,109,15.57,0,15.6,109,0
6926,2021,Brycen Hopkins,TE,LAR,1,1.9,551,TE · 113,1.90,464,TE · 90,24,-,0,0,0,0,0,-,0,0,-,0,-,1,1,9,9,0,9.0,9,0
6926,2020,Brycen Hopkins,TE,LAR,4,0.0,560,TE · 118,0.00,560,TE · 118,23,-,0,0,0,0,0,-,0,0,-,0,-,0,0,0,-,0,-,0,0
11157,2024,Brycen Tremayne,WR,WAS,2,0.8,532,WR · 214,0.40,511,WR · 205,25,-,0,0,0,0,0,-,0,0,-,0,-,1,1,-2,-2,0,-1.0,-2,0
11748,2025,Bub Means,WR,NO,0,0.0,415,WR · 168,-,-,-,-,-,0,0,0,0,0,-,0,0,0,0,-,0,0,0,0,0,-,0,0
11748,2024,Bub Means,WR,NO,7,26.8,340,WR · 135,3.83,287,WR · 117,23,-,0,0,0,0,0,-,0,0,-,0,-,15,9,118,13.11,1,16.9,118,1
11584,2025,Bucky Irving,RB,TB,10,138.5,119,RB · 34,13.85,69,RB · 19,-,-,0,0,0,0,0,-,173,588,3.4,1,58.8,35,30,277,9.2,3,27.7,865,4
11584,2024,Bucky Irving,RB,TB,17,244.4,42,RB · 13,14.38,73,RB · 19,22,-,0,0,0,0,0,-,207,1122,5.42,8,66.0,52,47,392,8.34,0,23.1,1514,8
5271,2021,Buddy Howell,RB,LAR,5,1.1,566,RB · 159,0.22,571,RB · 160,25,-,0,0,0,0,0,-,5,11,2.2,0,2.2,0,0,0,-,0,-,11,0
5271,2020,Buddy Howell,RB,HOU,14,7.7,469,RB · 134,0.55,518,RB · 142,24,-,0,0,0,0,0,-,16,64,4,0,4.6,2,1,3,3,0,0.2,67,0
5271,2019,Buddy Howell,RB,HOU,16,1.0,484,RB · 129,0.06,494,RB · 135,23,-,0,0,0,0,0,-,5,10,2,0,0.6,0,0,0,-,0,-,10,0
5271,2018,Buddy Howell,RB,HOU,15,0.0,543,RB · 155,0.00,543,RB · 155,22,-,0,0,0,0,0,-,0,0,-,0,-,0,0,0,-,0,-,0,0
5199,2023,Byron Pringle,WR,WAS,15,28.1,345,WR · 145,1.87,408,WR · 160,30,-,0,0,0,0,0,-,0,0,-,0,-,22,14,161,11.5,0,10.7,161,0
5199,2022,Byron Pringle,WR,CHI,10,35.5,323,WR · 128,3.55,347,WR · 131,29,-,0,0,0,0,0,-,0,0,-,0,-,16,10,135,13.5,2,13.5,135,2
5199,2021,Byron Pringle,WR,KC,16,126.8,145,WR · 57,7.93,205,WR · 80,28,-,0,0,0,0,0,-,0,0,-,0,-,60,42,568,13.52,5,35.5,568,5
5199,2020,Byron Pringle,WR,KC,12,41.0,303,WR · 126,3.42,335,WR · 131,27,-,0,0,0,0,0,-,0,0,-,0,-,17,13,160,12.31,1,13.3,160,2
5199,2019,Byron Pringle,WR,KC,16,35.0,300,WR · 125,2.19,354,WR · 141,26,-,0,0,0,0,0,-,0,0,-,0,-,16,12,170,14.17,1,10.6,170,1
1451,2018,C.J. Anderson,RB,2TM,11,67.4,234,RB · 69,6.13,235,RB · 69,27,-,0,0,0,0,0,-,67,403,6.01,2,36.6,9,5,41,8.2,1,3.7,444,3
1451,2017,C.J. Anderson,RB,-,16,175.1,73,RB · 18,10.94,109,RB · 28,-,-,-,-,-,-,-,-,-,-,-,-,-,-,-,-,-,-,-,0,-
1451,2016,C.J. Anderson,RB,-,7,102.5,174,RB · 46,14.64,51,RB · 14,-,-,-,-,-,-,-,-,-,-,-,-,-,-,-,-,-,-,-,0,-
4127,2024,C.J. Beathard,QB,-,1,0.0,544,QB · 76,0.00,544,QB · 76,-,-,-,-,-,-,-,-,-,-,-,-,-,-,-,-,-,-,-,0,-
4127,2023,C.J. Beathard,QB,JAX,8,21.5,376,QB · 58,2.69,347,QB · 65,30,75.5%,40,53,349,1,0,43.6,8,35,4.38,0,4.4,0,0,0,-,0,-,384,0
4127,2022,C.J. Beathard,QB,JAX,4,0.0,571,QB · 80,0.00,571,QB · 80,29,63.6%,7,11,35,0,1,8.8,4,-4,-1,0,-1.0,0,0,0,-,0,-,31,0
4127,2021,C.J. Beathard,QB,JAX,2,1.5,558,QB · 68,0.75,535,QB · 67,28,100.0%,2,2,33,0,0,16.5,1,2,2,0,1.0,0,0,0,-,0,-,35,0
4127,2020,C.J. Beathard,QB,SF,6,52.3,280,QB · 42,8.72,182,QB · 47,27,63.5%,66,104,787,6,0,131.2,6,28,4.67,0,4.7,0,0,0,-,0,-,815,0
4127,2019,C.J. Beathard,QB,-,1,0.0,496,QB · 63,0.00,495,QB · 63,-,-,-,-,-,-,-,-,-,-,-,-,-,-,-,-,-,-,-,0,-
4127,2018,C.J. Beathard,QB,SF,6,75.0,219,QB · 37,12.50,93,QB · 37,25,60.4%,102,169,1252,8,7,208.7,19,69,3.63,1,11.5,0,0,0,-,0,-,1321,1
4127,2017,C.J. Beathard,QB,-,7,88.8,186,QB · 33,12.69,71,QB · 28,-,-,-,-,-,-,-,-,-,-,-,-,-,-,-,-,-,-,-,0,-
4344,2022,C.J. Board,WR,TEN,4,1.6,548,WR · 210,0.40,555,WR · 211,29,-,0,0,0,0,0,-,0,0,-,0,-,1,1,6,6,0,1.5,6,0
4344,2021,C.J. Board,WR,NYG,6,9.7,452,WR · 179,1.62,479,WR · 185,28,-,0,0,0,0,0,-,1,6,6,0,1.0,6,4,51,12.75,0,8.5,57,0
4344,2020,C.J. Board,WR,NYG,14,21.4,378,WR · 157,1.53,438,WR · 173,27,-,0,0,0,0,0,-,1,3,3,0,0.2,16,11,101,9.18,0,7.2,104,0
4344,2019,C.J. Board,WR,JAX,4,5.1,437,WR · 174,1.28,394,WR · 158,26,-,0,0,0,0,0,-,0,0,-,0,-,4,2,31,15.5,0,7.8,31,0
3832,2024,C.J. Ham,RB,MIN,17,13.5,407,RB · 105,0.79,471,RB · 124,31,-,0,0,0,0,0,-,2,10,5,1,0.6,6,5,35,7,0,2.1,45,1
3832,2023,C.J. Ham,RB,MIN,16,10.2,440,RB · 114,0.64,493,RB · 131,30,-,0,0,0,0,0,-,1,7,7,0,0.4,9,7,25,3.57,0,1.6,32,0
3832,2022,C.J. Ham,RB,MIN,11,31.3,334,RB · 89,2.85,400,RB · 107,29,-,0,0,0,0,0,-,4,7,1.75,2,0.6,12,10,86,8.6,0,7.8,93,2
3832,2021,C.J. Ham,RB,MIN,15,32.9,342,RB · 95,2.19,442,RB · 123,28,-,0,0,0,0,0,-,7,34,4.86,0,2.3,18,17,125,7.35,0,8.3,159,0
3832,2020,C.J. Ham,RB,MIN,15,25.5,356,RB · 95,1.70,431,RB · 115,27,-,0,0,0,0,0,-,5,18,3.6,0,1.2,13,8,97,12.13,1,6.5,115,1
3832,2019,C.J. Ham,RB,MIN,16,37.6,292,RB · 81,2.35,344,RB · 89,26,-,0,0,0,0,0,-,7,17,2.43,0,1.1,26,17,149,8.76,1,9.3,166,1
3832,2018,C.J. Ham,RB,MIN,15,20.3,371,RB · 96,1.35,427,RB · 112,25,-,0,0,0,0,0,-,6,8,1.33,0,0.5,15,11,85,7.73,0,5.7,93,0
3832,2017,C.J. Ham,RB,-,16,21.1,351,RB · 98,1.32,411,RB · 115,-,-,-,-,-,-,-,-,-,-,-,-,-,-,-,-,-,-,-,0,-
3204,2020,C.J. Prosise,RB,HOU,10,12.7,429,RB · 122,1.27,455,RB · 123,26,-,0,0,0,0,0,-,10,19,1.9,0,1.9,5,5,18,3.6,1,1.8,37,1
3204,2019,C.J. Prosise,RB,SEA,9,28.8,324,RB · 91,3.20,311,RB · 82,25,-,0,0,0,0,0,-,23,72,3.13,1,8.0,12,10,76,7.6,0,8.4,148,1
3204,2018,C.J. Prosise,RB,SEA,5,4.9,471,RB · 128,0.98,450,RB · 122,24,-,0,0,0,0,0,-,1,-3,-3,0,-0.6,3,3,22,7.33,0,4.4,19,0
3204,2017,C.J. Prosise,RB,-,5,17.0,375,RB · 106,3.40,311,RB · 95,-,-,-,-,-,-,-,-,-,-,-,-,-,-,-,-,-,-,-,0,-
3204,2016,C.J. Prosise,RB,-,6,61.0,240,RB · 67,10.17,144,RB · 37,-,-,-,-,-,-,-,-,-,-,-,-,-,-,-,-,-,-,-,0,-
8068,2021,C.J. Saunders,WR,CAR,1,3.1,533,WR · 210,3.10,395,WR · 155,25,-,0,0,0,0,0,-,0,0,-,0,-,2,2,11,5.5,0,11.0,11,0
9758,2025,C.J. Stroud,QB,HOU,14,216.5,53,QB · 21,15.47,45,QB · 23,-,64.5%,273,423,3041,19,8,217.2,48,209,4.35,1,14.9,0,0,0,0,0,-,3250,1
9758,2024,C.J. Stroud,QB,HOU,17,232.4,54,QB · 18,13.67,85,QB · 32,23,63.2%,336,532,3727,20,12,219.2,52,233,4.48,0,13.7,1,0,0,-,0,-,3960,0
9758,2023,C.J. Stroud,QB,HOU,15,281.0,21,QB · 11,18.73,17,QB · 10,22,63.9%,319,499,4108,23,5,273.9,39,167,4.28,3,11.1,1,1,0,0,0,-,4275,3
2460,2024,C.J. Uzomah,TE,PHI,7,0.0,544,TE · 115,0.00,544,TE · 115,31,-,0,0,0,0,0,-,0,0,-,0,-,0,0,0,-,0,-,0,0
2460,2023,C.J. Uzomah,TE,NYJ,10,19.8,385,TE · 77,1.98,398,TE · 71,30,-,0,0,0,0,0,-,0,0,-,0,-,12,8,58,7.25,1,5.8,58,1
2460,2022,C.J. Uzomah,TE,NYJ,14,56.2,258,TE · 42,4.01,325,TE · 56,29,-,0,0,0,0,0,-,0,0,-,0,-,27,21,232,11.05,2,16.6,232,2
2460,2021,C.J. Uzomah,TE,CIN,16,128.3,141,TE · 19,8.02,202,TE · 22,28,-,0,0,0,0,0,-,0,0,-,0,-,63,49,493,10.06,5,30.8,493,5
2460,2020,C.J. Uzomah,TE,CIN,2,22.7,369,TE · 72,11.35,126,TE · 5,27,-,0,0,0,0,0,-,0,0,-,0,-,11,8,87,10.88,1,43.5,87,1
2460,2019,C.J. Uzomah,TE,CIN,16,63.2,233,TE · 41,3.95,289,TE · 47,26,-,0,0,0,0,0,-,0,0,-,0,-,40,27,242,8.96,2,15.1,242,2
2460,2018,C.J. Uzomah,TE,CIN,16,104.9,167,TE · 18,6.56,221,TE · 23,25,-,0,0,0,0,0,-,0,0,-,0,-,64,43,439,10.21,3,27.4,439,3
2460,2017,C.J. Uzomah,TE,-,14,25.2,343,TE · 69,1.80,381,TE · 71,-,-,-,-,-,-,-,-,-,-,-,-,-,-,-,-,-,-,-,0,-
2460,2016,C.J. Uzomah,TE,-,10,54.4,253,TE · 40,5.44,257,TE · 37,-,-,-,-,-,-,-,-,-,-,-,-,-,-,-,-,-,-,-,0,-
7956,2022,Cade Johnson,WR,SEA,2,4.1,514,WR · 192,2.05,444,WR · 168,24,-,0,0,0,0,0,-,0,0,-,0,-,4,2,21,10.5,0,10.5,21,0
8111,2025,Cade Otton,TE,TB,16,122.2,145,TE · 22,7.64,185,TE · 25,-,-,0,0,0,0,0,-,0,0,0,0,-,81,59,572,9.7,1,35.8,572,1
8111,2024,Cade Otton,TE,TB,14,140.6,123,TE · 14,10.04,146,TE · 12,25,-,0,0,0,0,0,-,1,-4,-4,0,-0.3,87,59,600,10.17,4,42.9,596,4
8111,2023,Cade Otton,TE,TB,17,116.5,150,TE · 20,6.85,201,TE · 25,24,-,0,0,0,0,0,-,0,0,-,0,-,67,47,455,9.68,4,26.8,455,4
8111,2022,Cade Otton,TE,TB,16,93.1,185,TE · 26,5.82,254,TE · 35,23,-,0,0,0,0,0,-,0,0,-,0,-,65,42,391,9.31,2,24.4,391,2
11599,2025,Cade Stover,TE,HOU,9,19.9,344,TE · 67,2.21,346,TE · 63,-,-,0,0,0,0,0,-,4,3,0.75,0,0.3,16,12,76,6.3,0,8.4,79,0
11599,2024,Cade Stover,TE,HOU,15,34.3,310,TE · 58,2.29,356,TE · 58,24,-,0,0,0,0,0,-,0,0,-,0,-,22,15,133,8.87,1,8.9,133,1
7741,2022,Caleb Huntley,RB,ATL,12,44.9,288,RB · 77,3.74,337,RB · 88,24,-,0,0,0,0,0,-,76,366,4.82,1,30.5,2,2,3,1.5,0,0.3,369,1
11560,2025,Caleb Williams,QB,CHI,17,325.2,11,QB · 5,19.13,17,QB · 8,-,58.1%,330,568,3942,27,7,231.9,77,383,4.97,3,22.5,2,2,22,11,1,1.3,4347,4
11560,2024,Caleb Williams,QB,CHI,17,260.5,34,QB · 16,15.32,60,QB · 24,23,62.5%,351,562,3541,20,6,208.3,81,489,6.04,0,28.8,0,0,0,-,0,-,4030,0
6142,2020,Caleb Wilson,TE,PHI,5,0.0,560,TE · 118,0.00,560,TE · 118,24,-,0,0,0,0,0,-,0,0,-,0,-,0,0,0,-,0,-,0,0
8125,2025,Calvin Austin III,WR,PIT,14,86.2,201,WR · 74,6.16,220,WR · 79,-,-,0,0,0,0,0,-,0,0,0,0,-,55,31,372,12,3,26.6,372,3
8125,2024,Calvin Austin III,WR,PIT,17,118.8,159,WR · 69,6.99,213,WR · 85,25,-,0,0,0,0,0,-,0,0,-,0,-,58,36,548,15.22,4,32.2,548,5
8125,2023,Calvin Austin III,WR,PIT,17,52.7,260,WR · 109,3.10,319,WR · 127,24,-,0,0,0,0,0,-,11,57,5.18,1,3.4,30,17,180,10.59,1,10.6,237,2
4981,2025,Calvin Ridley,WR,TEN,7,47.3,282,WR · 114,6.76,206,WR · 74,-,-,0,0,0,0,0,-,0,0,0,0,-,36,17,303,17.8,0,43.3,303,0
4981,2024,Calvin Ridley,WR,TEN,17,199.2,74,WR · 28,11.72,115,WR · 41,30,-,0,0,0,0,0,-,8,55,6.88,1,3.2,120,64,1017,15.89,4,59.8,1072,5
4981,2023,Calvin Ridley,WR,JAX,17,229.9,51,WR · 18,13.52,84,WR · 28,29,-,0,0,0,0,0,-,9,23,2.56,0,1.4,136,76,1016,13.37,8,59.8,1039,8
4981,2021,Calvin Ridley,WR,ATL,5,71.1,238,WR · 102,14.22,73,WR · 26,27,-,0,0,0,0,0,-,0,0,-,0,-,52,31,281,9.06,2,56.2,281,2
4981,2020,Calvin Ridley,WR,ATL,15,281.5,21,WR · 5,18.77,23,WR · 4,26,-,0,0,0,0,0,-,5,1,0.2,0,0.1,143,90,1374,15.27,9,91.6,1375,9
4981,2019,Calvin Ridley,WR,ATL,13,197.0,78,WR · 27,15.15,61,WR · 19,25,-,0,0,0,0,0,-,2,34,17,0,2.6,93,63,866,13.75,7,66.6,900,7
4981,2018,Calvin Ridley,WR,ATL,16,206.8,60,WR · 22,12.93,87,WR · 28,24,-,0,0,0,0,0,-,6,27,4.5,0,1.7,92,64,821,12.83,10,51.3,848,10
6938,2025,Cam Akers,RB,2TM,3,7.2,382,RB · 100,2.39,338,RB · 89,-,100.0%,1,1,32,1,0,10.7,5,19,3.8,0,6.3,1,0,0,0,0,-,51,0
6938,2024,Cam Akers,RB,2TM,16,93.2,199,RB · 49,5.83,235,RB · 58,25,-,0,0,0,0,0,-,104,444,4.27,2,27.8,18,14,68,4.86,3,4.3,512,5
6938,2023,Cam Akers,RB,2TM,7,46.7,275,RB · 66,6.67,207,RB · 52,24,-,0,0,0,0,0,-,60,167,2.78,2,23.9,12,11,70,6.36,0,10.0,237,2
6938,2022,Cam Akers,RB,LAR,15,141.3,123,RB · 35,9.42,156,RB · 40,23,-,0,0,0,0,0,-,188,786,4.18,7,52.4,18,13,117,9,0,7.8,903,7
6938,2021,Cam Akers,RB,LAR,2,4.3,515,RB · 144,2.15,444,RB · 124,22,-,0,0,0,0,0,-,5,3,0.6,0,1.5,3,3,10,3.33,0,5.0,13,0
6938,2020,Cam Akers,RB,LAR,12,101.8,174,RB · 44,8.48,193,RB · 47,21,-,0,0,0,0,0,-,145,625,4.31,2,52.1,14,11,123,11.18,1,10.3,748,3
12062,2024,Cam Grandy,TE,CIN,8,7.8,443,TE · 93,0.98,449,TE · 81,24,-,0,0,0,0,0,-,0,0,-,0,-,5,5,28,5.6,0,3.5,28,0
954,2021,Cam Newton,QB,CAR,8,91.4,194,QB · 35,11.43,125,QB · 43,32,54.8%,69,126,684,4,5,85.5,47,230,4.89,5,28.8,0,0,0,-,0,-,914,5
954,2020,Cam Newton,QB,NE,15,271.0,27,QB · 15,18.07,28,QB · 17,31,65.8%,242,368,2657,8,10,177.1,137,592,4.32,12,39.5,2,2,35,17.5,1,2.3,3284,13
954,2019,Cam Newton,QB,CAR,2,17.7,360,QB · 50,8.85,160,QB · 42,30,56.2%,50,89,572,0,1,286.0,5,-2,-0.4,0,-1.0,0,0,0,-,0,-,570,0
954,2018,Cam Newton,QB,CAR,14,282.6,28,QB · 13,20.19,21,QB · 8,29,67.9%,320,471,3395,24,13,242.5,101,488,4.83,4,34.9,0,0,0,-,0,-,3883,4
954,2017,Cam Newton,QB,-,16,299.5,7,QB · 2,18.72,11,QB · 5,-,-,-,-,-,-,-,-,-,-,-,-,-,-,-,-,-,-,-,0,-
954,2016,Cam Newton,QB,-,15,254.3,30,QB · 17,16.95,28,QB · 13,-,-,-,-,-,-,-,-,-,-,-,-,-,-,-,-,-,-,-,0,-
5432,2022,Cam Sims,WR,WAS,13,16.9,409,WR · 154,1.30,495,WR · 186,26,-,0,0,0,0,0,-,0,0,-,0,-,18,8,89,11.13,0,6.8,89,0
5432,2021,Cam Sims,WR,WAS,12,48.8,298,WR · 122,4.07,344,WR · 139,25,-,0,0,0,0,0,-,1,7,7,0,0.6,23,15,211,14.07,2,17.6,218,2
5432,2020,Cam Sims,WR,WAS,16,86.2,205,WR · 92,5.39,261,WR · 107,24,-,0,0,0,0,0,-,1,5,5,0,0.3,48,32,477,14.91,1,29.8,482,1
5432,2019,Cam Sims,WR,WAS,8,4.7,442,WR · 177,0.59,441,WR · 175,23,-,0,0,0,0,0,-,0,0,-,0,-,3,2,27,13.5,0,3.4,27,0
5432,2018,Cam Sims,WR,WAS,1,0.0,543,WR · 206,0.00,543,WR · 206,22,-,0,0,0,0,0,-,0,0,-,0,-,0,0,0,-,0,-,0,0
12481,2025,Cam Skattebo,RB,NYG,8,127.7,136,RB · 37,15.96,40,RB · 9,-,-,0,0,0,0,0,-,101,410,4.06,5,51.3,32,24,207,8.6,2,25.9,617,7
12522,2025,Cam Ward,QB,TEN,17,193.7,69,QB · 22,11.39,115,QB · 41,-,59.8%,323,540,3169,15,7,186.4,39,159,4.08,2,9.4,0,0,0,0,0,-,3328,2
5289,2021,Cameron Batson,WR,TEN,4,11.0,442,WR · 174,2.75,413,WR · 161,26,-,0,0,0,0,0,-,2,15,7.5,0,3.8,5,2,15,7.5,1,3.8,30,1
5289,2020,Cameron Batson,WR,TEN,12,30.0,336,WR · 139,2.50,378,WR · 148,25,-,0,0,0,0,0,-,4,20,5,0,1.7,13,12,100,8.33,1,8.3,120,1
5289,2018,Cameron Batson,WR,TEN,11,16.3,387,WR · 159,1.48,417,WR · 169,23,-,0,0,0,0,0,-,1,1,1,0,0.1,11,8,82,10.25,0,7.5,83,0
2214,2022,Cameron Brate,TE,TB,9,37.4,316,TE · 56,4.16,317,TE · 53,31,-,0,0,0,0,0,-,0,0,-,0,-,38,20,174,8.7,0,19.3,174,0
2214,2021,Cameron Brate,TE,TB,16,78.5,223,TE · 29,4.91,298,TE · 39,30,-,0,0,0,0,0,-,0,0,-,0,-,57,30,245,8.17,4,15.3,245,4
2214,2020,Cameron Brate,TE,TB,16,68.2,238,TE · 37,4.26,302,TE · 44,29,-,0,0,0,0,0,-,0,0,-,0,-,34,28,282,10.07,2,17.6,282,2
2214,2019,Cameron Brate,TE,TB,16,91.1,183,TE · 25,5.69,228,TE · 34,28,-,0,0,0,0,0,-,0,0,-,0,-,55,36,311,8.64,4,19.4,311,4
2214,2018,Cameron Brate,TE,TB,16,92.9,184,TE · 19,5.81,243,TE · 26,27,-,0,0,0,0,0,-,0,0,-,0,-,49,30,289,9.63,6,18.1,289,6
2214,2017,Cameron Brate,TE,-,16,143.1,110,TE · 10,8.94,152,TE · 13,-,-,-,-,-,-,-,-,-,-,-,-,-,-,-,-,-,-,-,0,-
2214,2016,Cameron Brate,TE,-,15,171.0,100,TE · 7,11.40,115,TE · 11,-,-,-,-,-,-,-,-,-,-,-,-,-,-,-,-,-,-,-,0,-
2257,2021,Carlos Hyde,RB,JAX,12,45.8,304,RB · 84,3.82,360,RB · 100,31,-,0,0,0,0,0,-,72,253,3.51,1,21.1,21,12,65,5.42,0,5.4,318,1
2257,2020,Carlos Hyde,RB,SEA,10,84.9,207,RB · 55,8.49,192,RB · 46,30,-,0,0,0,0,0,-,81,356,4.4,4,35.6,20,16,93,5.81,0,9.3,449,4
2257,2019,Carlos Hyde,RB,HOU,16,153.2,110,RB · 29,9.58,148,RB · 39,29,-,0,0,0,0,0,-,245,1070,4.37,6,66.9,16,10,42,4.2,0,2.6,1112,6
2257,2018,Carlos Hyde,RB,2TM,14,98.4,176,RB · 49,7.03,211,RB · 62,28,-,0,0,0,0,0,-,172,571,3.32,5,40.8,16,10,33,3.3,0,2.4,604,5
2257,2017,Carlos Hyde,RB,-,16,233.8,31,RB · 8,14.61,46,RB · 12,-,-,-,-,-,-,-,-,-,-,-,-,-,-,-,-,-,-,-,0,-
2257,2016,Carlos Hyde,RB,-,13,192.1,76,RB · 18,14.78,49,RB · 12,-,-,-,-,-,-,-,-,-,-,-,-,-,-,-,-,-,-,-,0,-
11582,2024,Carson Steele,RB,KC,16,23.9,350,RB · 97,1.49,409,RB · 113,22,-,0,0,0,0,0,-,56,183,3.27,0,11.4,11,7,26,3.71,0,1.6,209,0
3161,2025,Carson Wentz,QB,MIN,5,75.3,215,QB · 39,15.07,51,QB · 25,-,65.1%,110,169,1216,6,5,243.2,11,57,5.18,0,11.4,0,0,0,0,0,-,1273,0
3161,2024,Carson Wentz,QB,KC,3,4.7,471,QB · 65,1.57,403,QB · 65,32,63.2%,12,19,118,0,0,39.3,3,0,0,0,-,0,0,0,-,0,-,118,0
3161,2023,Carson Wentz,QB,LAR,2,27.1,349,QB · 51,13.55,81,QB · 32,31,70.8%,17,24,163,2,1,81.5,17,56,3.29,1,28.0,0,0,0,-,0,-,219,1
3161,2022,Carson Wentz,QB,WAS,8,121.8,142,QB · 31,15.23,48,QB · 24,30,62.3%,172,276,1755,11,9,219.4,22,86,3.91,1,10.8,0,0,0,-,0,-,1841,1
3161,2021,Carson Wentz,QB,IND,17,265.0,27,QB · 14,15.59,47,QB · 20,29,62.4%,322,516,3563,27,7,209.6,57,215,3.77,1,12.6,0,0,0,-,0,-,3778,1
3161,2020,Carson Wentz,QB,PHI,12,213.4,57,QB · 22,17.78,33,QB · 20,28,57.4%,251,437,2620,16,15,218.3,52,276,5.31,5,23.0,0,0,0,-,0,-,2896,5
3161,2019,Carson Wentz,QB,PHI,16,282.9,16,QB · 9,17.68,27,QB · 13,27,63.9%,388,607,4039,27,7,252.4,62,243,3.92,1,15.2,0,0,0,-,0,-,4282,1
3161,2018,Carson Wentz,QB,PHI,11,193.4,69,QB · 23,17.58,38,QB · 18,26,69.6%,279,401,3074,21,7,279.5,34,93,2.74,0,8.5,1,1,4,4,0,0.4,3171,0
3161,2017,Carson Wentz,QB,-,13,281.7,12,QB · 5,21.67,6,QB · 3,-,-,-,-,-,-,-,-,-,-,-,-,-,-,-,-,-,-,-,0,-
3161,2016,Carson Wentz,QB,-,16,214.0,55,QB · 24,13.38,73,QB · 28,-,-,-,-,-,-,-,-,-,-,-,-,-,-,-,-,-,-,-,0,-
1737,2023,Case Keenum,QB,HOU,2,12.7,423,QB · 64,6.35,213,QB · 54,35,64.2%,34,53,291,1,3,145.5,2,1,0.5,0,0.5,0,0,0,-,0,-,292,0
1737,2022,Case Keenum,QB,BUF,2,0.3,568,QB · 79,0.15,566,QB · 79,34,28.6%,2,7,8,0,0,4.0,5,0,0,0,-,0,0,0,-,0,-,8,0
1737,2021,Case Keenum,QB,CLE,5,29.7,352,QB · 48,5.94,265,QB · 54,33,65.3%,47,72,462,3,1,92.4,12,22,1.83,0,4.4,0,0,0,-,0,-,484,0
1737,2020,Case Keenum,QB,CLE,2,1.8,538,QB · 73,0.90,483,QB · 73,32,50.0%,5,10,46,0,0,23.0,0,0,-,0,-,0,0,0,-,0,-,46,0
1737,2019,Case Keenum,QB,WAS,10,108.5,158,QB · 31,10.85,122,QB · 37,31,64.8%,160,247,1707,11,5,170.7,9,12,1.33,1,1.2,0,0,0,-,0,-,1719,1
1737,2018,Case Keenum,QB,DEN,16,215.0,55,QB · 19,13.44,80,QB · 30,30,62.3%,365,586,3890,18,15,243.1,26,93,3.58,2,5.8,0,0,0,-,0,-,3983,2
1737,2017,Case Keenum,QB,-,15,238.1,30,QB · 14,15.87,35,QB · 15,-,-,-,-,-,-,-,-,-,-,-,-,-,-,-,-,-,-,-,0,-
1737,2016,Case Keenum,QB,-,10,111.0,164,QB · 30,11.10,121,QB · 33,-,-,-,-,-,-,-,-,-,-,-,-,-,-,-,-,-,-,-,0,-
11806,2024,Casey Washington,WR,ATL,2,2.4,500,WR · 201,1.20,431,WR · 172,23,-,0,0,0,0,0,-,0,0,-,0,-,2,1,14,14,0,7.0,14,0
10444,2025,Cedric Tillman,WR,CLE,13,60.0,248,WR · 98,4.62,261,WR · 99,-,-,0,0,0,0,0,-,0,0,0,0,-,39,21,270,12.9,2,20.8,270,2
10444,2024,Cedric Tillman,WR,CLE,11,80.4,216,WR · 90,7.31,203,WR · 78,24,-,0,0,0,0,0,-,1,-5,-5,0,-0.5,49,29,339,11.69,3,30.8,334,3
10444,2023,Cedric Tillman,WR,CLE,12,44.2,281,WR · 118,3.68,291,WR · 111,23,-,0,0,0,0,0,-,1,8,8,0,0.7,44,21,224,10.67,0,18.7,232,0
5113,2025,Cedrick Wilson Jr.,WR,MIA,0,9.4,376,WR · 156,-,-,-,-,-,0,0,0,0,0,-,0,0,0,0,-,9,5,44,8.8,0,-,44,0
5113,2024,Cedrick Wilson Jr.,WR,NO,15,49.6,270,WR · 115,3.31,311,WR · 127,29,100.0%,1,1,21,1,0,1.4,0,0,-,0,-,27,20,211,10.55,1,14.1,232,1
5113,2023,Cedrick Wilson Jr.,WR,MIA,14,69.6,227,WR · 90,4.97,250,WR · 94,28,-,0,0,0,0,0,-,0,0,-,0,-,38,22,296,13.45,3,21.1,296,3
5113,2022,Cedrick Wilson Jr.,WR,MIA,13,26.4,354,WR · 140,2.03,447,WR · 169,27,-,0,0,0,0,0,-,1,8,8,0,0.6,18,12,136,11.33,0,10.5,144,0
5113,2021,Cedrick Wilson Jr.,WR,DAL,14,147.8,118,WR · 45,10.56,143,WR · 49,26,100.0%,3,3,88,0,0,6.3,2,11,5.5,0,0.8,61,45,602,13.38,6,43.0,701,6
5113,2020,Cedrick Wilson Jr.,WR,DAL,16,51.6,282,WR · 116,3.23,345,WR · 135,25,100.0%,2,2,23,1,0,1.4,3,-12,-4,0,-0.8,28,17,189,11.12,2,11.8,200,2
5113,2019,Cedrick Wilson Jr.,WR,DAL,6,9.6,400,WR · 157,1.60,379,WR · 151,24,-,0,0,0,0,0,-,0,0,-,0,-,8,5,46,9.2,0,7.7,46,0
6786,2025,CeeDee Lamb,WR,DAL,14,200.9,66,WR · 22,14.35,62,WR · 13,-,-,0,0,0,0,0,-,1,2,2,0,0.1,117,75,1077,14.4,3,76.9,1079,3
6786,2024,CeeDee Lamb,WR,DAL,15,263.4,32,WR · 8,17.56,27,WR · 7,25,-,0,0,0,0,0,-,14,70,5,0,4.7,152,101,1194,11.82,6,79.6,1264,6
6786,2023,CeeDee Lamb,WR,DAL,17,403.2,2,WR · 1,23.72,3,WR · 1,24,-,0,0,0,0,0,-,14,113,8.07,2,6.6,181,135,1749,12.96,12,102.9,1862,14
6786,2022,CeeDee Lamb,WR,DAL,17,301.6,18,WR · 5,17.74,28,WR · 7,23,-,0,0,0,0,0,-,10,47,4.7,0,2.8,156,107,1359,12.7,9,79.9,1406,9
6786,2021,CeeDee Lamb,WR,DAL,16,232.8,50,WR · 19,14.55,65,WR · 23,22,-,0,0,0,0,0,-,9,76,8.44,0,4.8,120,79,1102,13.95,6,68.9,1178,6
6786,2020,CeeDee Lamb,WR,DAL,16,217.7,54,WR · 22,13.61,89,WR · 33,21,-,0,0,0,0,0,-,10,82,8.2,1,5.1,111,74,935,12.64,5,58.4,1017,7
11081,2023,Cephus Johnson III,WR,-,3,0.0,537,WR · 205,0.00,537,WR · 205,-,-,-,-,-,-,-,-,-,-,-,-,-,-,-,-,-,-,-,0,-
4362,2017,Cethan Carter,RB,-,16,0.0,529,RB · 157,0.00,529,RB · 157,-,-,-,-,-,-,-,-,-,-,-,-,-,-,-,-,-,-,-,0,-
4362,2021,Cethan Carter,TE,MIA,8,3.6,524,TE · 107,0.45,557,TE · 116,26,-,0,0,0,0,0,-,0,0,-,0,-,2,2,16,8,0,2.0,16,0
4362,2020,Cethan Carter,TE,CIN,15,10.3,444,TE · 87,0.69,499,TE · 95,25,-,0,0,0,0,0,-,0,0,-,0,-,7,5,53,10.6,0,3.5,53,0
4362,2019,Cethan Carter,TE,CIN,15,9.3,404,TE · 86,0.62,437,TE · 94,24,-,0,0,0,0,0,-,0,0,-,0,-,3,2,13,6.5,1,0.9,13,1
4362,2017,Cethan Carter,TE,-,16,0.0,529,TE · 108,0.00,529,TE · 108,-,-,-,-,-,-,-,-,-,-,-,-,-,-,-,-,-,-,-,0,-
5570,2020,Chad Beebe,WR,MIN,14,50.1,284,WR · 117,3.58,330,WR · 130,26,-,0,0,0,0,0,-,0,0,-,0,-,30,20,201,10.05,2,14.4,201,2
5570,2019,Chad Beebe,WR,MIN,3,9.0,406,WR · 159,3.00,319,WR · 129,25,-,0,0,0,0,0,-,0,0,-,0,-,2,2,70,35,0,23.3,70,0
5570,2018,Chad Beebe,WR,MIN,3,7.9,443,WR · 173,2.63,361,WR · 146,24,-,0,0,0,0,0,-,0,0,-,0,-,4,4,39,9.75,0,13.0,39,0
4175,2020,Chad Hansen,WR,HOU,5,46.6,288,WR · 120,9.32,166,WR · 66,25,-,0,0,0,0,0,-,0,0,-,0,-,24,17,236,13.88,1,47.2,236,1
4175,2017,Chad Hansen,WR,-,15,18.4,362,WR · 139,1.23,420,WR · 163,-,-,-,-,-,-,-,-,-,-,-,-,-,-,-,-,-,-,-,0,-
89,2022,Chad Henne,QB,KC,3,-0.5,641,QB · 87,-0.17,640,QB · 86,37,0.0%,0,2,0,0,0,-,5,-5,-1,0,-1.7,0,0,0,-,0,-,-5,0
89,2021,Chad Henne,QB,KC,4,3.3,530,QB · 65,0.83,527,QB · 66,36,68.8%,11,16,82,0,0,20.5,8,0,0,0,-,0,0,0,-,0,-,82,0
89,2020,Chad Henne,QB,KC,3,23.7,362,QB · 47,7.90,204,QB · 48,35,73.7%,28,38,248,2,0,82.7,7,-2,-0.29,1,-0.7,0,0,0,-,0,-,246,1
89,2019,Chad Henne,QB,-,1,0.0,496,QB · 63,0.00,495,QB · 63,-,-,-,-,-,-,-,-,-,-,-,-,-,-,-,-,-,-,-,0,-
89,2018,Chad Henne,QB,KC,1,1.5,523,QB · 61,1.50,414,QB · 58,33,66.7%,2,3,29,0,0,29.0,1,3,3,0,3.0,0,0,0,-,0,-,32,0
89,2017,Chad Henne,QB,-,2,-0.5,625,QB · 72,-0.25,626,QB · 73,-,-,-,-,-,-,-,-,-,-,-,-,-,-,-,-,-,-,-,0,-
89,2016,Chad Henne,QB,-,1,-0.2,610,QB · 69,-0.20,613,QB · 69,-,-,-,-,-,-,-,-,-,-,-,-,-,-,-,-,-,-,-,0,-
4051,2019,Chad Kelly,QB,-,1,0.0,496,QB · 63,0.00,495,QB · 63,-,-,-,-,-,-,-,-,-,-,-,-,-,-,-,-,-,-,-,0,-
4051,2018,Chad Kelly,QB,DEN,1,-0.1,635,QB · 73,-0.10,636,QB · 73,24,-,0,0,0,0,0,-,1,-1,-1,0,-1.0,0,0,0,-,0,-,-1,0
4128,2019,Chad Williams,WR,IND,1,0.0,496,WR · 189,0.00,495,WR · 188,25,-,0,0,0,0,0,-,0,0,-,0,-,1,0,0,-,0,-,0,0
4128,2018,Chad Williams,WR,ARI,10,41.0,300,WR · 126,4.10,303,WR · 127,24,-,0,0,0,0,0,-,1,9,9,0,0.9,46,17,171,10.06,1,17.1,180,1
4128,2017,Chad Williams,WR,-,6,9.4,430,WR · 166,1.57,402,WR · 159,-,-,-,-,-,-,-,-,-,-,-,-,-,-,-,-,-,-,-,0,-
6298,2020,Chandler Cox,RB,MIA,8,2.9,511,RB · 143,0.36,531,RB · 148,24,-,0,0,0,0,0,-,0,0,-,0,-,2,2,9,4.5,0,1.1,9,0
6298,2019,Chandler Cox,RB,MIA,13,0.0,496,RB · 136,0.00,495,RB · 136,23,-,0,0,0,0,0,-,0,0,-,0,-,0,0,0,-,0,-,0,0
801,2018,Charles Clay,TE,BUF,13,37.4,316,TE · 55,2.88,350,TE · 62,29,-,0,0,0,0,0,-,0,0,-,0,-,36,21,184,8.76,0,14.2,184,0
801,2017,Charles Clay,TE,-,13,116.8,148,TE · 18,8.98,150,TE · 12,-,-,-,-,-,-,-,-,-,-,-,-,-,-,-,-,-,-,-,0,-
801,2016,Charles Clay,TE,-,15,136.2,137,TE · 16,9.08,176,TE · 19,-,-,-,-,-,-,-,-,-,-,-,-,-,-,-,-,-,-,-,0,-
6591,2019,Charles Jones,TE,JAX,4,1.5,472,TE · 106,0.38,461,TE · 101,23,-,0,0,0,0,0,-,0,0,-,0,-,1,1,5,5,0,1.3,5,0
10228,2024,Charlie Jones,WR,CIN,8,5.5,466,WR · 187,0.69,484,WR · 194,26,-,0,0,0,0,0,-,0,0,-,0,-,1,1,5,5,0,0.6,5,1
10228,2023,Charlie Jones,WR,CIN,11,20.7,380,WR · 157,1.88,407,WR · 159,25,-,0,0,0,0,0,-,2,13,6.5,0,1.2,9,7,64,9.14,0,5.8,77,1
8127,2025,Charlie Kolar,TE,BAL,17,36.2,300,TE · 60,2.13,349,TE · 64,-,-,0,0,0,0,0,-,0,0,0,0,-,15,10,142,14.2,2,8.4,142,2
8127,2024,Charlie Kolar,TE,BAL,13,28.3,336,TE · 63,2.18,360,TE · 59,25,-,0,0,0,0,0,-,1,2,2,0,0.2,11,9,131,14.56,1,10.1,133,1
8127,2023,Charlie Kolar,TE,BAL,13,21.7,374,TE · 76,1.67,415,TE · 76,24,-,0,0,0,0,0,-,0,0,-,0,-,9,7,87,12.43,1,6.7,87,1
8127,2022,Charlie Kolar,TE,BAL,1,8.9,462,TE · 94,8.90,170,TE · 16,23,-,0,0,0,0,0,-,0,0,-,0,-,6,4,49,12.25,0,49.0,49,0
7075,2024,Charlie Woerner,TE,ATL,16,11.6,419,TE · 85,0.73,477,TE · 92,27,-,0,0,0,0,0,-,0,0,-,0,-,12,7,46,6.57,0,2.9,46,0
7075,2023,Charlie Woerner,TE,SF,15,6.2,466,TE · 95,0.41,514,TE · 105,26,-,0,0,0,0,0,-,0,0,-,0,-,3,3,32,10.67,0,2.1,32,0
7075,2022,Charlie Woerner,TE,SF,5,0.0,571,TE · 116,0.00,571,TE · 116,25,-,0,0,0,0,0,-,0,0,-,0,-,2,0,0,-,0,-,0,0
7075,2021,Charlie Woerner,TE,SF,8,10.2,446,TE · 89,1.28,503,TE · 103,24,-,0,0,0,0,0,-,0,0,-,0,-,6,5,52,10.4,0,6.5,52,0
7075,2020,Charlie Woerner,TE,SF,14,6.6,479,TE · 96,0.47,526,TE · 106,23,-,0,0,0,0,0,-,0,0,-,0,-,4,3,36,12,0,2.6,36,0
9224,2025,Chase Brown,RB,CIN,17,282.6,25,RB · 7,16.62,36,RB · 7,-,-,0,0,0,0,0,-,232,1019,4.39,6,59.9,88,69,437,6.3,5,25.7,1456,11
9224,2024,Chase Brown,RB,CIN,16,255.0,35,RB · 10,15.94,49,RB · 14,24,-,0,0,0,0,0,-,229,990,4.32,7,61.9,65,54,360,6.67,4,22.5,1350,11
9224,2023,Chase Brown,RB,CIN,12,53.5,257,RB · 63,4.46,260,RB · 71,23,-,0,0,0,0,0,-,44,179,4.07,0,14.9,15,14,156,11.14,1,13.0,335,1
6886,2023,Chase Claypool,WR,2TM,11,21.7,374,WR · 154,1.97,400,WR · 155,25,-,0,0,0,0,0,-,0,0,-,0,-,21,8,77,9.63,1,7.0,77,1
6886,2022,Chase Claypool,WR,2TM,15,105.0,166,WR · 67,7.00,223,WR · 84,24,100.0%,1,1,1,1,0,0.1,9,59,6.56,0,3.9,79,46,451,9.8,1,30.1,511,1
6886,2021,Chase Claypool,WR,PIT,15,166.6,98,WR · 37,11.11,128,WR · 43,23,-,0,0,0,0,0,-,14,96,6.86,0,6.4,105,59,860,14.58,2,57.3,956,2
6886,2020,Chase Claypool,WR,PIT,16,214.9,56,WR · 23,13.43,93,WR · 35,22,-,0,0,0,0,0,-,10,16,1.6,2,1.0,109,62,873,14.08,9,54.6,889,11
11554,2023,Chase Cota,WR,-,1,0.0,537,WR · 205,0.00,537,WR · 205,-,-,-,-,-,-,-,-,-,-,-,-,-,-,-,-,-,-,-,0,-
490,2022,Chase Daniel,QB,LAC,3,8.5,465,QB · 70,2.83,402,QB · 71,36,66.7%,8,12,52,1,0,17.3,1,4,4,0,1.3,0,0,0,-,0,-,56,0
490,2021,Chase Daniel,QB,LAC,1,-0.2,662,QB · 78,-0.20,666,QB · 80,35,-,0,0,0,0,0,-,2,-2,-1,0,-2.0,0,0,0,-,0,-,-2,0
490,2020,Chase Daniel,QB,DET,4,14.2,419,QB · 56,3.55,332,QB · 58,34,67.4%,29,43,264,1,2,66.0,2,16,8,0,4.0,0,0,0,-,0,-,280,0
490,2019,Chase Daniel,QB,CHI,5,28.0,326,QB · 44,5.60,233,QB · 47,33,70.3%,45,64,435,3,2,87.0,6,6,1,0,1.2,0,0,0,-,0,-,441,0
490,2018,Chase Daniel,QB,CHI,5,30.7,336,QB · 45,6.14,234,QB · 46,32,69.7%,53,76,515,3,2,103.0,13,3,0.23,0,0.6,1,1,8,8,0,1.6,526,0
490,2017,Chase Daniel,QB,-,1,-0.2,622,QB · 71,-0.20,624,QB · 72,-,-,-,-,-,-,-,-,-,-,-,-,-,-,-,-,-,-,-,0,-
490,2016,Chase Daniel,QB,-,1,0.6,534,QB · 64,0.60,483,QB · 62,-,-,-,-,-,-,-,-,-,-,-,-,-,-,-,-,-,-,-,0,-
5000,2023,Chase Edmonds,RB,TB,13,39.7,297,RB · 76,3.05,322,RB · 81,27,-,0,0,0,0,0,-,49,176,3.59,0,13.5,17,14,81,5.79,0,6.2,257,0
5000,2022,Chase Edmonds,RB,2TM,13,74.2,224,RB · 59,5.71,259,RB · 68,26,-,0,0,0,0,0,-,68,245,3.6,2,18.8,24,16,157,9.81,1,12.1,402,3
5000,2021,Chase Edmonds,RB,ARI,12,143.3,125,RB · 34,11.94,112,RB · 28,25,-,0,0,0,0,0,-,116,592,5.1,2,49.3,53,43,311,7.23,0,25.9,903,2
5000,2020,Chase Edmonds,RB,ARI,16,168.0,95,RB · 25,10.50,144,RB · 35,24,-,0,0,0,0,0,-,97,448,4.62,1,28.0,67,53,402,7.58,4,25.1,850,5
5000,2019,Chase Edmonds,RB,ARI,13,82.8,202,RB · 54,6.37,212,RB · 54,23,-,0,0,0,0,0,-,60,303,5.05,4,23.3,21,12,105,8.75,1,8.1,408,5
5000,2018,Chase Edmonds,RB,ARI,16,63.1,241,RB · 71,3.94,311,RB · 85,22,-,0,0,0,0,0,-,60,208,3.47,2,13.0,23,20,103,5.15,0,6.4,311,2
3582,2022,Chester Rogers,WR,CLE,3,-2.0,643,WR · 248,-0.67,643,WR · 248,28,-,0,0,0,0,0,-,0,0,-,0,-,0,0,0,-,0,-,0,0
3582,2021,Chester Rogers,WR,TEN,16,65.0,252,WR · 109,4.06,345,WR · 140,27,-,0,0,0,0,0,-,1,9,9,0,0.6,43,30,301,10.03,1,18.8,310,1
3582,2019,Chester Rogers,WR,IND,12,45.7,269,WR · 110,3.81,295,WR · 118,25,-,0,0,0,0,0,-,1,18,18,0,1.5,28,16,179,11.19,2,14.9,197,2
3582,2018,Chester Rogers,WR,IND,16,117.1,152,WR · 62,7.32,201,WR · 80,24,-,0,0,0,0,0,-,1,-4,-4,0,-0.3,72,53,485,9.15,2,30.3,481,2
3582,2017,Chester Rogers,WR,-,11,58.2,248,WR · 98,5.29,260,WR · 97,-,-,-,-,-,-,-,-,-,-,-,-,-,-,-,-,-,-,-,0,-
3582,2016,Chester Rogers,WR,-,14,46.3,268,WR · 111,3.31,324,WR · 129,-,-,-,-,-,-,-,-,-,-,-,-,-,-,-,-,-,-,-,0,-
8210,2025,Chig Okonkwo,TE,TEN,17,124.0,142,TE · 21,7.29,192,TE · 27,-,-,0,0,0,0,0,-,0,0,0,0,-,79,56,560,10,2,32.9,560,2
8210,2024,Chig Okonkwo,TE,TEN,17,113.6,164,TE · 21,6.68,219,TE · 30,25,-,0,0,0,0,0,-,1,17,17,0,1.0,70,52,479,9.21,2,28.2,496,2
8210,2023,Chig Okonkwo,TE,TEN,17,113.4,154,TE · 21,6.67,208,TE · 28,24,-,0,0,0,0,0,-,2,6,3,0,0.4,77,54,528,9.78,1,31.1,534,1
8210,2022,Chig Okonkwo,TE,TEN,16,97.2,181,TE · 25,6.08,250,TE · 33,23,-,0,0,0,0,0,-,3,2,0.67,0,0.1,46,32,450,14.06,3,28.1,452,3
12540,2025,Chimere Dike,WR,TEN,17,126.1,138,WR · 50,7.42,190,WR · 67,-,-,0,0,0,0,0,-,11,18,1.64,0,1.1,74,48,423,8.8,4,24.9,441,4
7521,2024,Chris Blair,WR,ATL,3,2.7,495,WR · 198,0.90,459,WR · 186,27,-,0,0,0,0,0,-,0,0,-,0,-,2,1,17,17,0,5.7,17,0
7521,2023,Chris Blair,WR,ATL,1,0.0,537,WR · 205,0.00,537,WR · 205,26,-,0,0,0,0,0,-,0,0,-,0,-,0,0,0,-,0,-,0,0
11370,2025,Chris Brooks,RB,GB,17,32.7,308,RB · 77,1.92,353,RB · 92,-,-,0,0,0,0,0,-,27,106,3.93,0,6.2,17,13,91,7,0,5.4,197,0
11370,2024,Chris Brooks,RB,GB,13,42.2,288,RB · 74,3.25,315,RB · 82,24,-,0,0,0,0,0,-,36,183,5.08,1,14.1,13,11,69,6.27,0,5.3,252,1
11370,2023,Chris Brooks,RB,MIA,4,10.6,436,RB · 112,2.65,351,RB · 91,23,-,0,0,0,0,0,-,19,106,5.58,0,26.5,0,0,0,-,0,-,106,0
4273,2021,Chris Carson,RB,SEA,4,48.1,301,RB · 83,12.03,111,RB · 27,27,-,0,0,0,0,0,-,54,232,4.3,3,58.0,6,6,29,4.83,0,7.3,261,3
4273,2020,Chris Carson,RB,SEA,12,187.8,78,RB · 19,15.65,59,RB · 14,26,-,0,0,0,0,0,-,141,681,4.83,5,56.8,46,37,287,7.76,4,23.9,968,9
4273,2019,Chris Carson,RB,SEA,15,232.6,48,RB · 12,15.51,54,RB · 12,25,-,0,0,0,0,0,-,278,1230,4.42,7,82.0,47,37,266,7.19,2,17.7,1496,9
4273,2018,Chris Carson,RB,SEA,14,201.4,62,RB · 15,14.39,67,RB · 16,24,-,0,0,0,0,0,-,247,1151,4.66,9,82.2,24,20,163,8.15,0,11.6,1314,9
4273,2017,Chris Carson,RB,-,4,39.7,297,RB · 86,9.93,129,RB · 33,-,-,-,-,-,-,-,-,-,-,-,-,-,-,-,-,-,-,-,0,-
11963,2024,Chris Collier,RB,2TM,6,1.8,510,RB · 132,0.30,522,RB · 136,24,-,0,0,0,0,0,-,5,12,2.4,0,2.0,2,1,-4,-4,0,-0.7,8,0
2381,2024,Chris Conley,WR,SF,15,13.6,405,WR · 161,0.91,458,WR · 185,32,-,0,0,0,0,0,-,0,0,-,0,-,12,6,76,12.67,0,5.1,76,0
2381,2023,Chris Conley,WR,SF,7,9.9,442,WR · 175,1.41,434,WR · 171,31,-,0,0,0,0,0,-,0,0,-,0,-,6,3,69,23,0,9.9,69,0
2381,2022,Chris Conley,WR,2TM,4,8.6,464,WR · 175,2.15,441,WR · 166,30,-,0,0,0,0,0,-,0,0,-,0,-,7,4,46,11.5,0,11.5,46,0
2381,2021,Chris Conley,WR,HOU,14,64.6,254,WR · 111,4.61,314,WR · 125,29,-,0,0,0,0,0,-,1,3,3,0,0.2,37,22,323,14.68,2,23.1,326,2
2381,2020,Chris Conley,WR,JAX,15,97.1,186,WR · 81,6.47,238,WR · 97,28,-,0,0,0,0,0,-,0,0,-,0,-,63,40,471,11.78,2,31.4,471,2
2381,2019,Chris Conley,WR,JAX,16,156.5,107,WR · 43,9.78,144,WR · 59,27,-,0,0,0,0,0,-,0,0,-,0,-,90,47,775,16.49,5,48.4,775,5
2381,2018,Chris Conley,WR,KC,16,91.4,186,WR · 79,5.71,247,WR · 103,26,-,0,0,0,0,0,-,0,0,-,0,-,52,32,334,10.44,5,20.9,334,5
2381,2017,Chris Conley,WR,-,5,28.5,328,WR · 127,5.70,241,WR · 89,-,-,-,-,-,-,-,-,-,-,-,-,-,-,-,-,-,-,-,0,-
2381,2016,Chris Conley,WR,-,16,97.0,183,WR · 80,6.06,238,WR · 92,-,-,-,-,-,-,-,-,-,-,-,-,-,-,-,-,-,-,-,0,-
7794,2023,Chris Evans,RB,CIN,7,2.1,512,RB · 137,0.30,519,RB · 139,26,-,0,0,0,0,0,-,2,12,6,0,1.7,1,1,-1,-1,0,-0.1,11,0
7794,2022,Chris Evans,RB,CIN,10,12.8,424,RB · 114,1.28,496,RB · 135,25,-,0,0,0,0,0,-,0,0,-,0,-,4,3,38,12.67,1,3.8,38,1
7794,2021,Chris Evans,RB,CIN,9,49.8,294,RB · 81,5.53,276,RB · 78,24,-,0,0,0,0,0,-,17,77,4.53,0,8.6,17,15,151,10.07,2,16.8,228,2
4037,2025,Chris Godwin,WR,TB,9,83.0,206,WR · 78,9.22,154,WR · 53,-,-,0,0,0,0,0,-,0,0,0,0,-,51,33,360,10.9,2,40.0,360,2
4037,2024,Chris Godwin,WR,TB,8,137.8,127,WR · 53,17.23,32,WR · 10,28,-,0,0,0,0,0,-,1,2,2,0,0.3,62,50,576,11.52,5,72.0,578,5
4037,2023,Chris Godwin,WR,TB,17,209.2,68,WR · 28,12.31,102,WR · 36,27,0.0%,0,1,0,0,0,-,4,38,9.5,1,2.2,130,83,1024,12.34,2,60.2,1062,3
4037,2022,Chris Godwin,WR,TB,15,222.8,51,WR · 19,14.85,56,WR · 17,26,-,0,0,0,0,0,-,3,5,1.67,0,0.3,142,104,1023,9.84,3,68.2,1028,3
4037,2021,Chris Godwin,WR,TB,14,242.4,40,WR · 15,17.31,30,WR · 8,25,-,0,0,0,0,0,-,4,21,5.25,1,1.5,127,98,1103,11.26,5,78.8,1124,6
4037,2020,Chris Godwin,WR,TB,12,191.0,73,WR · 31,15.92,57,WR · 15,24,-,0,0,0,0,0,-,0,0,-,0,-,84,65,840,12.92,7,70.0,840,7
4037,2019,Chris Godwin,WR,TB,14,276.1,19,WR · 2,19.72,12,WR · 2,23,-,0,0,0,0,0,-,1,8,8,0,0.6,121,86,1333,15.5,9,95.2,1341,9
4037,2018,Chris Godwin,WR,TB,16,185.2,74,WR · 27,11.58,110,WR · 36,22,-,0,0,0,0,0,-,0,0,-,0,-,95,59,842,14.27,7,52.6,842,7
4037,2017,Chris Godwin,WR,-,16,92.5,176,WR · 71,5.78,236,WR · 86,-,-,-,-,-,-,-,-,-,-,-,-,-,-,-,-,-,-,-,0,-
5009,2021,Chris Herndon IV,TE,MIN,6,14.0,423,TE · 83,2.33,436,TE · 81,25,-,0,0,0,0,0,-,0,0,-,0,-,7,4,40,10,1,6.7,40,1
5009,2020,Chris Herndon IV,TE,NYJ,16,73.7,230,TE · 34,4.61,290,TE · 42,24,-,0,0,0,0,0,-,0,0,-,0,-,45,31,287,9.26,3,17.9,287,3
5009,2019,Chris Herndon IV,TE,NYJ,2,1.7,467,TE · 104,0.85,418,TE · 90,23,-,0,0,0,0,0,-,0,0,-,0,-,2,1,7,7,0,3.5,7,0
5009,2018,Chris Herndon IV,TE,NYJ,16,113.2,158,TE · 16,7.08,209,TE · 21,22,-,0,0,0,0,0,-,0,0,-,0,-,56,39,502,12.87,4,31.4,502,4
1329,2021,Chris Hogan,WR,NO,5,14.1,422,WR · 167,2.82,406,WR · 159,34,-,0,0,0,0,0,-,0,0,-,0,-,8,4,41,10.25,1,8.2,41,1
1329,2020,Chris Hogan,WR,NYJ,5,25.8,355,WR · 148,5.16,271,WR · 111,33,-,0,0,0,0,0,-,0,0,-,0,-,26,14,118,8.43,0,23.6,118,0
1329,2019,Chris Hogan,WR,CAR,7,14.7,378,WR · 147,2.10,355,WR · 142,32,-,0,0,0,0,0,-,0,0,-,0,-,15,8,67,8.38,0,9.6,67,0
1329,2018,Chris Hogan,WR,NE,16,106.2,166,WR · 70,6.64,218,WR · 88,31,-,0,0,0,0,0,-,0,0,-,0,-,55,35,532,15.2,3,33.3,532,3
1329,2017,Chris Hogan,WR,-,9,109.6,154,WR · 63,12.18,81,WR · 27,-,-,-,-,-,-,-,-,-,-,-,-,-,-,-,-,-,-,-,0,-
1329,2016,Chris Hogan,WR,-,15,128.9,146,WR · 60,8.59,187,WR · 74,-,-,-,-,-,-,-,-,-,-,-,-,-,-,-,-,-,-,-,0,-
5661,2019,Chris Lacy,WR,DET,7,9.0,406,WR · 159,1.29,393,WR · 157,23,-,0,0,0,0,0,-,0,0,-,0,-,10,3,60,20,0,8.6,60,0
5661,2018,Chris Lacy,WR,DET,1,0.0,543,WR · 206,0.00,543,WR · 206,22,-,0,0,0,0,0,-,0,0,-,0,-,1,0,0,-,0,-,0,0
3048,2024,Chris Manhertz,TE,NYG,17,12.0,414,TE · 84,0.71,481,TE · 94,32,-,0,0,0,0,0,-,0,0,-,0,-,4,3,30,10,1,1.8,30,1
3048,2023,Chris Manhertz,TE,DEN,15,3.6,491,TE · 102,0.24,524,TE · 109,31,-,0,0,0,0,0,-,0,0,-,0,-,4,2,16,8,0,1.1,16,0
3048,2022,Chris Manhertz,TE,JAX,8,10.2,446,TE · 91,1.28,497,TE · 101,30,-,0,0,0,0,0,-,0,0,-,0,-,8,6,42,7,0,5.3,42,0
3048,2021,Chris Manhertz,TE,JAX,10,19.1,392,TE · 74,1.91,462,TE · 88,29,-,0,0,0,0,0,-,0,0,-,0,-,9,6,71,11.83,1,7.1,71,1
3048,2020,Chris Manhertz,TE,CAR,16,11.2,438,TE · 84,0.70,496,TE · 94,28,-,0,0,0,0,0,-,0,0,-,0,-,8,6,52,8.67,0,3.3,52,0
3048,2019,Chris Manhertz,TE,CAR,15,2.1,463,TE · 101,0.14,485,TE · 107,27,-,0,0,0,0,0,-,0,0,-,0,-,1,1,11,11,0,0.7,11,0
3048,2018,Chris Manhertz,TE,CAR,16,13.2,403,TE · 86,0.83,466,TE · 97,26,-,0,0,0,0,0,-,0,0,-,0,-,5,2,52,26,1,3.3,52,1
3048,2017,Chris Manhertz,TE,-,16,3.7,485,TE · 102,0.23,515,TE · 106,-,-,-,-,-,-,-,-,-,-,-,-,-,-,-,-,-,-,-,0,-
3048,2016,Chris Manhertz,TE,-,7,2.0,504,TE · 109,0.29,510,TE · 107,-,-,-,-,-,-,-,-,-,-,-,-,-,-,-,-,-,-,-,0,-
3269,2024,Chris Moore,WR,2TM,5,0.0,544,WR · 215,0.00,544,WR · 215,31,-,0,0,0,0,0,-,0,0,-,0,-,0,0,0,-,0,-,0,0
3269,2023,Chris Moore,WR,TEN,17,68.3,228,WR · 91,4.02,278,WR · 104,30,-,0,0,0,0,0,-,2,39,19.5,0,2.3,35,22,424,19.27,0,24.9,463,0
3269,2022,Chris Moore,WR,HOU,15,115.1,152,WR · 60,7.67,204,WR · 73,29,-,0,0,0,0,0,-,3,3,1,0,0.2,74,48,548,11.42,2,36.5,551,2
3269,2021,Chris Moore,WR,HOU,10,55.7,274,WR · 116,5.57,274,WR · 110,28,-,0,0,0,0,0,-,0,0,-,0,-,22,21,227,10.81,2,22.7,227,2
3269,2020,Chris Moore,WR,BAL,3,0.0,560,WR · 208,0.00,560,WR · 208,27,-,0,0,0,0,0,-,0,0,-,0,-,0,0,0,-,0,-,0,0
3269,2019,Chris Moore,WR,BAL,14,5.1,437,WR · 174,0.36,463,WR · 182,26,-,0,0,0,0,0,-,1,0,0,0,-,5,3,21,7,0,1.5,21,0
3269,2018,Chris Moore,WR,BAL,16,46.3,282,WR · 119,2.89,349,WR · 141,25,-,0,0,0,0,0,-,5,17,3.4,0,1.1,25,19,196,10.32,1,12.3,213,1
3269,2017,Chris Moore,WR,-,13,59.9,243,WR · 97,4.61,282,WR · 103,-,-,-,-,-,-,-,-,-,-,-,-,-,-,-,-,-,-,-,0,-
3269,2016,Chris Moore,WR,-,15,13.5,399,WR · 160,0.90,450,WR · 170,-,-,-,-,-,-,-,-,-,-,-,-,-,-,-,-,-,-,-,0,-
6529,2022,Chris Myarick,TE,NYG,10,19.5,389,TE · 79,1.95,453,TE · 89,27,-,0,0,0,0,0,-,0,0,-,0,-,8,7,65,9.29,1,6.5,65,1
6529,2021,Chris Myarick,TE,NYG,5,10.7,443,TE · 87,2.14,447,TE · 85,26,-,0,0,0,0,0,-,0,0,-,0,-,6,3,17,5.67,1,3.4,17,1
6529,2020,Chris Myarick,TE,MIA,3,0.0,560,TE · 118,0.00,560,TE · 118,25,-,0,0,0,0,0,-,0,0,-,0,-,0,0,0,-,0,-,0,0
8413,2024,Chris Oladokun,QB,KC,1,0.5,537,QB · 73,0.50,499,QB · 70,27,-,0,0,0,0,0,-,1,5,5,0,5.0,0,0,0,-,0,-,5,0
8413,2023,Chris Oladokun,QB,-,2,0.0,537,QB · 76,0.00,537,QB · 76,-,-,-,-,-,-,-,-,-,-,-,-,-,-,-,-,-,-,-,0,-
8144,2025,Chris Olave,WR,NO,16,269.0,27,WR · 6,16.81,33,WR · 9,-,0.0%,0,1,0,0,1,-,1,-3,-3,0,-0.2,156,100,1163,11.6,9,72.7,1160,9
8144,2024,Chris Olave,WR,NO,8,76.7,224,WR · 94,9.59,152,WR · 55,24,-,0,0,0,0,0,-,1,7,7,0,0.9,44,32,400,12.5,1,50.0,407,1
8144,2023,Chris Olave,WR,NO,16,231.3,48,WR · 16,14.46,68,WR · 20,23,-,0,0,0,0,0,-,0,0,-,0,-,138,87,1123,12.91,5,70.2,1123,5
8144,2022,Chris Olave,WR,NO,15,198.2,67,WR · 25,13.21,79,WR · 27,22,-,0,0,0,0,0,-,0,0,-,0,-,119,72,1042,14.47,4,69.5,1042,4
8634,2023,Chris Pierce Jr.,TE,-,1,0.0,537,TE · 114,0.00,537,TE · 114,-,-,-,-,-,-,-,-,-,-,-,-,-,-,-,-,-,-,-,0,-
8634,2022,Chris Pierce Jr.,TE,-,1,0.0,571,TE · 116,0.00,571,TE · 116,-,-,-,-,-,-,-,-,-,-,-,-,-,-,-,-,-,-,-,0,-
10219,2025,Chris Rodriguez Jr.,RB,WAS,13,92.0,186,RB · 51,7.08,200,RB · 53,-,-,0,0,0,0,0,-,112,500,4.46,6,38.5,4,3,30,10,0,2.3,530,6
10219,2024,Chris Rodriguez Jr.,RB,WAS,8,31.5,325,RB · 84,3.94,283,RB · 70,24,-,0,0,0,0,0,-,35,173,4.94,2,21.6,1,1,12,12,0,1.5,185,2
10219,2023,Chris Rodriguez Jr.,RB,WAS,10,37.9,306,RB · 78,3.79,286,RB · 77,23,-,0,0,0,0,0,-,51,247,4.84,2,24.7,2,2,12,6,0,1.2,259,2
7175,2020,Chris Rowland,WR,ATL,2,0.0,560,WR · 208,0.00,560,WR · 208,23,-,0,0,0,0,0,-,0,0,-,0,-,0,0,0,-,0,-,0,0
6778,2022,Chris Streveler,QB,NYJ,1,9.0,460,QB · 69,9.00,166,QB · 50,27,66.7%,10,15,90,0,0,90.0,9,54,6,0,54.0,0,0,0,-,0,-,144,0
6778,2021,Chris Streveler,QB,ARI,2,2.0,545,QB · 66,1.00,517,QB · 65,26,66.7%,6,9,36,0,0,18.0,3,6,2,0,3.0,0,0,0,-,0,-,42,0
6778,2020,Chris Streveler,QB,ARI,5,8.7,460,QB · 63,1.74,430,QB · 69,25,68.8%,11,16,105,1,1,21.0,4,15,3.75,0,3.0,0,0,0,-,0,-,120,0
1502,2020,Chris Thompson,RB,JAX,8,42.6,298,RB · 79,5.33,265,RB · 71,30,-,0,0,0,0,0,-,7,20,2.86,0,2.5,23,20,146,7.3,1,18.3,166,1
1502,2019,Chris Thompson,RB,WAS,11,93.6,180,RB · 49,8.51,168,RB · 45,29,-,0,0,0,0,0,-,37,138,3.73,0,12.5,58,42,378,9,0,34.4,516,0
1502,2018,Chris Thompson,RB,WAS,10,91.6,185,RB · 54,9.16,158,RB · 43,28,-,0,0,0,0,0,-,43,178,4.14,0,17.8,55,41,268,6.54,1,26.8,446,1
1502,2017,Chris Thompson,RB,-,10,151.4,100,RB · 28,15.14,41,RB · 11,-,-,-,-,-,-,-,-,-,-,-,-,-,-,-,-,-,-,-,0,-
1502,2016,Chris Thompson,RB,-,16,147.5,120,RB · 28,9.22,166,RB · 43,-,-,-,-,-,-,-,-,-,-,-,-,-,-,-,-,-,-,-,0,-
1502,2017,Chris Thompson,WR,-,13,13.4,404,WR · 157,1.03,437,WR · 169,-,-,-,-,-,-,-,-,-,-,-,-,-,-,-,-,-,-,-,0,-
5241,2021,Christian Blake,WR,ATL,10,6.5,481,WR · 191,0.65,542,WR · 210,25,-,0,0,0,0,0,-,0,0,-,0,-,9,4,25,6.25,0,2.5,25,0
5241,2020,Christian Blake,WR,ATL,16,27.1,352,WR · 147,1.69,433,WR · 170,24,-,0,0,0,0,0,-,0,0,-,0,-,18,13,141,10.85,0,8.8,141,0
5241,2019,Christian Blake,WR,ATL,9,20.1,350,WR · 139,2.23,349,WR · 139,23,-,0,0,0,0,0,-,0,0,-,0,-,24,11,91,8.27,0,10.1,91,0
4950,2025,Christian Kirk,WR,HOU,13,57.9,255,WR · 100,4.45,266,WR · 102,-,-,0,0,0,0,0,-,0,0,0,0,-,52,28,239,8.5,1,18.4,239,1
4950,2024,Christian Kirk,WR,JAX,8,70.9,227,WR · 95,8.86,169,WR · 61,28,-,0,0,0,0,0,-,0,0,-,0,-,47,27,379,14.04,1,47.4,379,1
4950,2023,Christian Kirk,WR,JAX,12,150.3,118,WR · 47,12.53,98,WR · 34,27,50.0%,1,2,-1,0,0,-0.1,1,6,6,0,0.5,85,57,787,13.81,3,65.6,792,3
4950,2022,Christian Kirk,WR,JAX,17,241.9,36,WR · 12,14.23,62,WR · 20,26,0.0%,0,1,0,0,0,-,5,11,2.2,0,0.6,133,84,1108,13.19,8,65.2,1119,8
4950,2021,Christian Kirk,WR,ARI,17,207.6,67,WR · 26,12.21,103,WR · 37,25,100.0%,1,1,33,0,0,1.9,1,11,11,0,0.6,103,77,982,12.75,5,57.8,1026,5
4950,2020,Christian Kirk,WR,ARI,14,146.4,120,WR · 51,10.46,145,WR · 55,24,-,0,0,0,0,0,-,2,3,1.5,0,0.2,79,48,621,12.94,6,44.4,624,6
4950,2019,Christian Kirk,WR,ARI,13,168.2,96,WR · 38,12.94,92,WR · 32,23,-,0,0,0,0,0,-,10,93,9.3,0,7.2,108,68,709,10.43,3,54.5,802,3
4950,2018,Christian Kirk,WR,ARI,12,123.5,142,WR · 58,10.29,136,WR · 53,22,-,0,0,0,0,0,-,3,35,11.67,0,2.9,68,43,590,13.72,3,49.2,625,3
4034,2025,Christian McCaffrey,RB,SF,17,416.6,1,RB · 1,24.51,2,RB · 1,-,0.0%,0,1,0,0,0,-,311,1202,3.86,10,70.7,129,102,924,9.1,7,54.4,2126,17
4034,2024,Christian McCaffrey,RB,SF,4,47.8,275,RB · 69,11.95,110,RB · 27,28,-,0,0,0,0,0,-,50,202,4.04,0,50.5,19,15,146,9.73,0,36.5,348,0
4034,2023,Christian McCaffrey,RB,SF,16,391.3,3,RB · 1,24.46,1,RB · 1,27,-,0,0,0,0,0,-,272,1459,5.36,14,91.2,83,67,564,8.42,7,35.3,2023,21
4034,2022,Christian McCaffrey,RB,2TM,17,356.4,7,RB · 2,20.96,8,RB · 2,26,100.0%,1,1,34,1,0,2.0,244,1139,4.67,8,67.0,108,85,741,8.72,5,43.6,1914,13
4034,2021,Christian McCaffrey,RB,CAR,7,127.5,143,RB · 38,18.21,22,RB · 5,25,-,0,0,0,0,0,-,99,442,4.46,1,63.1,41,37,343,9.27,1,49.0,785,2
4034,2020,Christian McCaffrey,RB,CAR,3,90.4,196,RB · 52,30.13,1,RB · 1,24,-,0,0,0,0,0,-,59,225,3.81,5,75.0,19,17,149,8.76,1,49.7,374,6
4034,2019,Christian McCaffrey,RB,CAR,16,471.2,1,RB · 1,29.45,1,RB · 1,23,0.0%,0,2,0,0,0,-,287,1387,4.83,15,86.7,142,116,1005,8.66,4,62.8,2392,19
4034,2018,Christian McCaffrey,RB,CAR,16,385.5,3,RB · 2,24.09,4,RB · 3,22,100.0%,1,1,50,1,0,3.1,219,1098,5.01,7,68.6,124,107,867,8.1,6,54.2,2015,13
4034,2017,Christian McCaffrey,RB,-,16,228.6,34,RB · 10,14.29,49,RB · 14,-,-,-,-,-,-,-,-,-,-,-,-,-,-,-,-,-,-,-,0,-
8167,2025,Christian Watson,WR,GB,10,132.4,127,WR · 46,13.24,75,WR · 20,-,-,0,0,0,0,0,-,1,3,3,0,0.3,55,35,611,17.5,6,61.1,614,6
8167,2024,Christian Watson,WR,GB,15,105.3,178,WR · 76,7.02,212,WR · 84,25,-,0,0,0,0,0,-,4,23,5.75,0,1.5,53,29,620,21.38,2,41.3,643,2
8167,2023,Christian Watson,WR,GB,9,101.3,172,WR · 68,11.26,120,WR · 43,24,-,0,0,0,0,0,-,4,11,2.75,0,1.2,53,28,422,15.07,5,46.9,433,5
8167,2022,Christian Watson,WR,GB,14,164.1,101,WR · 41,11.72,104,WR · 34,23,-,0,0,0,0,0,-,7,80,11.43,2,5.7,66,41,611,14.9,7,43.6,691,9
7594,2025,Chuba Hubbard,RB,CAR,15,125.4,140,RB · 38,8.36,175,RB · 47,-,-,0,0,0,0,0,-,134,511,3.81,1,34.1,39,30,223,7.4,3,14.9,734,4
7594,2024,Chuba Hubbard,RB,CAR,15,241.6,43,RB · 14,16.11,47,RB · 13,25,-,0,0,0,0,0,-,250,1195,4.78,10,79.7,54,43,171,3.98,1,11.4,1366,11
7594,2023,Chuba Hubbard,RB,CAR,17,182.5,90,RB · 27,10.74,128,RB · 36,24,-,0,0,0,0,0,-,238,902,3.79,5,53.1,44,39,233,5.97,0,13.7,1135,5
7594,2022,Chuba Hubbard,RB,CAR,14,87.7,199,RB · 53,6.26,245,RB · 63,23,-,0,0,0,0,0,-,95,466,4.91,2,33.3,17,14,171,12.21,0,12.2,637,2
7594,2021,Chuba Hubbard,RB,CAR,16,137.6,132,RB · 36,8.60,185,RB · 51,22,-,0,0,0,0,0,-,172,612,3.56,5,38.3,37,25,174,6.96,1,10.9,786,6
10217,2024,Clayton Tune,QB,ARI,6,-2.1,643,QB · 88,-0.35,644,QB · 88,25,100.0%,2,2,8,0,0,1.3,7,-4,-0.57,0,-0.7,0,0,0,-,0,-,4,0
10217,2023,Clayton Tune,QB,ARI,8,9.5,445,QB · 65,1.19,447,QB · 69,24,57.1%,12,21,62,0,2,7.8,8,30,3.75,1,3.8,0,0,0,-,0,-,92,1
2373,2018,Clive Walford,TE,NYJ,1,0.0,543,TE · 118,0.00,543,TE · 118,27,-,0,0,0,0,0,-,0,0,-,0,-,0,0,0,-,0,-,0,0
2373,2017,Clive Walford,TE,-,13,17.0,375,TE · 78,1.31,412,TE · 80,-,-,-,-,-,-,-,-,-,-,-,-,-,-,-,-,-,-,-,0,-
2373,2016,Clive Walford,TE,-,15,86.9,201,TE · 31,5.79,246,TE · 34,-,-,-,-,-,-,-,-,-,-,-,-,-,-,-,-,-,-,-,0,-
6820,2024,Clyde Edwards-Helaire,RB,NO,2,10.0,429,RB · 110,5.00,255,RB · 63,25,-,0,0,0,0,0,-,13,46,3.54,0,23.0,5,3,24,8,0,12.0,70,0
6820,2023,Clyde Edwards-Helaire,RB,KC,15,70.1,224,RB · 58,4.67,256,RB · 70,24,-,0,0,0,0,0,-,70,223,3.19,1,14.9,22,17,188,11.06,1,12.5,411,2
6820,2022,Clyde Edwards-Helaire,RB,KC,10,98.3,176,RB · 46,9.83,146,RB · 39,23,-,0,0,0,0,0,-,71,302,4.25,3,30.2,23,17,151,8.88,3,15.1,453,6
6820,2021,Clyde Edwards-Helaire,RB,KC,10,116.5,160,RB · 46,11.65,116,RB · 30,22,-,0,0,0,0,0,-,119,517,4.34,4,51.7,23,19,129,6.79,2,12.9,646,6
6820,2020,Clyde Edwards-Helaire,RB,KC,13,176.0,88,RB · 22,13.54,92,RB · 23,21,-,0,0,0,0,0,-,181,803,4.44,4,61.8,54,36,297,8.25,1,22.8,1100,5
5269,2021,Codey McElroy,TE,TB,2,0.0,582,TE · 121,0.00,582,TE · 121,29,-,0,0,0,0,0,-,0,0,-,0,-,1,0,0,-,0,-,0,0
5269,2019,Codey McElroy,TE,TB,1,4.0,451,TE · 97,4.00,286,TE · 46,27,-,0,0,0,0,0,-,0,0,-,0,-,1,1,30,30,0,30.0,30,0
3355,2019,Cody Core,WR,NYG,16,5.8,429,WR · 169,0.36,464,WR · 183,25,-,0,0,0,0,0,-,0,0,-,0,-,5,3,28,9.33,0,1.8,28,0
3355,2018,Cody Core,WR,CIN,14,37.0,318,WR · 132,2.64,360,WR · 145,24,-,0,0,0,0,0,-,0,0,-,0,-,28,13,160,12.31,1,11.4,160,1
3355,2017,Cody Core,WR,-,13,0.0,529,WR · 200,0.00,529,WR · 200,-,-,-,-,-,-,-,-,-,-,-,-,-,-,-,-,-,-,-,0,-
3355,2016,Cody Core,WR,-,8,37.0,292,WR · 123,4.63,273,WR · 110,-,-,-,-,-,-,-,-,-,-,-,-,-,-,-,-,-,-,-,0,-
4420,2022,Cody Hollister,WR,TEN,6,8.4,466,WR · 176,1.40,487,WR · 184,29,-,0,0,0,0,0,-,0,0,-,0,-,5,3,54,18,0,9.0,54,0
4420,2021,Cody Hollister,WR,TEN,3,7.3,478,WR · 188,2.43,433,WR · 171,28,-,0,0,0,0,0,-,0,0,-,0,-,7,4,33,8.25,0,11.0,33,0
4420,2020,Cody Hollister,WR,TEN,2,2.2,529,WR · 204,1.10,471,WR · 187,27,-,0,0,0,0,0,-,0,0,-,0,-,1,1,12,12,0,6.0,12,0
4420,2019,Cody Hollister,WR,TEN,5,3.3,455,WR · 182,0.66,434,WR · 172,26,-,0,0,0,0,0,-,0,0,-,0,-,2,2,13,6.5,0,2.6,13,0
3205,2018,Cody Kessler,QB,JAX,6,38.6,311,QB · 42,6.43,225,QB · 45,25,64.9%,85,131,709,2,2,118.2,19,123,6.47,0,20.5,0,0,0,-,0,-,832,0
3205,2017,Cody Kessler,QB,-,3,2.9,495,QB · 59,0.97,443,QB · 60,-,-,-,-,-,-,-,-,-,-,-,-,-,-,-,-,-,-,-,0,-
3205,2016,Cody Kessler,QB,-,9,76.9,214,QB · 32,8.54,191,QB · 42,-,-,-,-,-,-,-,-,-,-,-,-,-,-,-,-,-,-,-,0,-
2004,2018,Cody Latimer,WR,NYG,6,36.0,322,WR · 135,6.00,241,WR · 99,26,-,0,0,0,0,0,-,0,0,-,0,-,16,11,190,17.27,1,31.7,190,1
2004,2017,Cody Latimer,WR,-,11,61.7,237,WR · 94,5.61,248,WR · 92,-,-,-,-,-,-,-,-,-,-,-,-,-,-,-,-,-,-,-,0,-
2004,2016,Cody Latimer,WR,-,12,15.6,387,WR · 153,1.30,428,WR · 162,-,-,-,-,-,-,-,-,-,-,-,-,-,-,-,-,-,-,-,0,-
11644,2024,Cody Schrader,RB,LAR,1,1.9,506,RB · 130,1.90,376,RB · 103,25,-,0,0,0,0,0,-,1,3,3,0,3.0,1,1,6,6,0,6.0,9,0
6171,2024,Cody Thompson,WR,TB,1,0.0,544,WR · 215,0.00,544,WR · 215,28,-,0,0,0,0,0,-,0,0,-,0,-,0,0,0,-,0,-,0,0
6171,2023,Cody Thompson,WR,SEA,3,2.0,515,WR · 199,0.67,490,WR · 192,27,-,0,0,0,0,0,-,0,0,-,0,-,1,1,10,10,0,3.3,10,0
6171,2022,Cody Thompson,WR,-,1,0.0,571,WR · 218,0.00,571,WR · 218,-,-,-,-,-,-,-,-,-,-,-,-,-,-,-,-,-,-,-,0,-
6171,2021,Cody Thompson,WR,SEA,2,0.0,582,WR · 225,0.00,582,WR · 225,25,-,0,0,0,0,0,-,0,0,-,0,-,0,0,0,-,0,-,0,0
7039,2024,Cody White,WR,SEA,4,6.4,456,WR · 181,1.60,399,WR · 156,26,-,0,0,0,0,0,-,0,0,-,0,-,3,2,44,22,0,11.0,44,0
7039,2022,Cody White,WR,PIT,1,1.2,558,WR · 215,1.20,500,WR · 189,24,-,0,0,0,0,0,-,0,0,-,0,-,1,1,2,2,0,2.0,2,0
7039,2021,Cody White,WR,PIT,6,8.3,466,WR · 185,1.38,497,WR · 192,23,-,0,0,0,0,0,-,0,0,-,0,-,6,5,33,6.6,0,5.5,33,0
6865,2025,Colby Parkinson,TE,LAR,15,129.8,130,TE · 17,8.65,166,TE · 22,-,-,0,0,0,0,0,-,0,0,0,0,-,56,43,408,9.5,8,27.2,408,8
6865,2024,Colby Parkinson,TE,LAR,17,65.4,235,TE · 39,3.85,285,TE · 42,25,-,0,0,0,0,0,-,0,0,-,0,-,49,30,294,9.8,1,17.3,294,1
6865,2023,Colby Parkinson,TE,SEA,17,61.7,236,TE · 38,3.63,295,TE · 43,24,-,0,0,0,0,0,-,0,0,-,0,-,34,25,247,9.88,2,14.5,247,2
6865,2022,Colby Parkinson,TE,SEA,14,69.2,233,TE · 37,4.94,289,TE · 42,23,-,0,0,0,0,0,-,0,0,-,0,-,34,25,322,12.88,2,23.0,322,2
6865,2021,Colby Parkinson,TE,SEA,6,8.3,466,TE · 91,1.38,497,TE · 102,22,-,0,0,0,0,0,-,0,0,-,0,-,8,5,33,6.6,0,5.5,33,0
6865,2020,Colby Parkinson,TE,SEA,6,3.6,503,TE · 105,0.60,505,TE · 98,21,-,0,0,0,0,0,-,0,0,-,0,-,2,2,16,8,0,2.7,16,0
1144,2022,Cole Beasley,WR,2TM,5,9.5,454,WR · 171,1.90,457,WR · 171,33,-,0,0,0,0,0,-,0,0,-,0,-,7,6,35,5.83,0,7.0,35,0
1144,2021,Cole Beasley,WR,BUF,16,159.3,108,WR · 39,9.96,153,WR · 54,32,0.0%,0,1,0,0,0,-,0,0,-,0,-,112,82,693,8.45,1,43.3,693,1
1144,2020,Cole Beasley,WR,BUF,15,207.5,62,WR · 27,13.83,84,WR · 31,31,100.0%,1,1,20,1,0,1.3,0,0,-,0,-,107,82,967,11.79,4,64.5,987,4
1144,2019,Cole Beasley,WR,BUF,15,184.8,88,WR · 34,12.32,102,WR · 37,30,-,0,0,0,0,0,-,0,0,-,0,-,106,67,778,11.61,6,51.9,778,6
1144,2018,Cole Beasley,WR,DAL,16,150.2,110,WR · 43,9.39,153,WR · 57,29,0.0%,0,1,0,0,0,-,0,0,-,0,-,87,65,672,10.34,3,42.0,672,3
1144,2017,Cole Beasley,WR,-,15,91.4,180,WR · 72,6.09,227,WR · 82,-,-,-,-,-,-,-,-,-,-,-,-,-,-,-,-,-,-,-,0,-
1144,2016,Cole Beasley,WR,-,16,189.0,84,WR · 33,11.81,109,WR · 42,-,-,-,-,-,-,-,-,-,-,-,-,-,-,-,-,-,-,-,0,-
8840,2023,Cole Fotheringham,TE,LV,2,1.6,519,TE · 108,0.80,481,TE · 95,26,-,0,0,0,0,0,-,0,0,-,0,-,1,1,6,6,0,3.0,6,0
6826,2025,Cole Kmet,TE,CHI,16,78.7,211,TE · 36,4.92,254,TE · 41,-,0.0%,0,1,0,0,0,-,0,0,0,0,-,48,30,347,11.6,2,21.7,347,2
6826,2024,Cole Kmet,TE,CHI,17,120.4,156,TE · 19,7.08,209,TE · 28,25,-,0,0,0,0,0,-,0,0,-,0,-,55,47,474,10.09,4,27.9,474,4
6826,2023,Cole Kmet,TE,CHI,17,181.1,92,TE · 8,10.65,130,TE · 9,24,-,0,0,0,0,0,-,3,2,0.67,0,0.1,90,73,719,9.85,6,42.3,721,6
6826,2022,Cole Kmet,TE,CHI,17,147.3,116,TE · 8,8.66,177,TE · 17,23,-,0,0,0,0,0,-,2,9,4.5,0,0.5,69,50,544,10.88,7,32.0,553,7
6826,2021,Cole Kmet,TE,CHI,17,121.2,152,TE · 21,7.13,226,TE · 26,22,-,0,0,0,0,0,-,1,0,0,0,-,93,60,612,10.2,0,36.0,612,0
6826,2020,Cole Kmet,TE,CHI,16,62.0,252,TE · 42,3.88,321,TE · 51,21,-,0,0,0,0,0,-,1,-3,-3,0,-0.2,44,28,243,8.68,2,15.2,240,2
8214,2023,Cole Turner,TE,WAS,12,23.0,367,TE · 74,1.92,403,TE · 73,23,-,0,0,0,0,0,-,0,0,-,0,-,15,11,120,10.91,0,10.0,120,0
8214,2022,Cole Turner,TE,WAS,7,4.3,511,TE · 106,0.61,542,TE · 110,22,-,0,0,0,0,0,-,0,0,-,0,-,9,2,23,11.5,0,3.3,23,0
4647,2021,Colin Thompson,TE,CAR,3,0.0,582,TE · 121,0.00,582,TE · 121,28,-,0,0,0,0,0,-,0,0,-,0,-,1,0,0,-,0,-,0,0
4647,2020,Colin Thompson,TE,CAR,15,7.7,469,TE · 92,0.51,522,TE · 104,27,-,0,0,0,0,0,-,0,0,-,0,-,2,1,7,7,1,0.5,7,1
6857,2024,Collin Johnson,WR,CHI,9,1.6,516,WR · 207,0.18,530,WR · 212,27,-,0,0,0,0,0,-,0,0,-,0,-,2,1,6,6,0,0.7,6,0
6857,2023,Collin Johnson,WR,CHI,3,2.1,512,WR · 198,0.70,487,WR · 191,26,-,0,0,0,0,0,-,0,0,-,0,-,1,1,11,11,0,3.7,11,0
6857,2021,Collin Johnson,WR,NYG,8,21.5,378,WR · 151,2.69,417,WR · 164,24,-,0,0,0,0,0,-,0,0,-,0,-,21,11,105,9.55,0,13.1,105,0
6857,2020,Collin Johnson,WR,JAX,14,59.2,258,WR · 106,4.23,304,WR · 122,23,-,0,0,0,0,0,-,0,0,-,0,-,31,18,272,15.11,2,19.4,272,2
11942,2024,Colson Yankoff,TE,WAS,4,0.0,544,TE · 115,0.00,544,TE · 115,24,-,0,0,0,0,0,-,0,0,-,0,-,0,0,0,-,0,-,0,0
12517,2025,Colston Loveland,TE,CHI,16,165.1,101,TE · 12,10.32,141,TE · 16,-,-,0,0,0,0,0,-,1,-2,-2,0,-0.1,82,58,713,12.3,6,44.6,711,6
533,2022,Colt McCoy,QB,ARI,4,35.8,320,QB · 50,8.95,167,QB · 51,36,68.2%,90,132,780,1,3,195.0,14,36,2.57,0,9.0,0,0,0,-,0,-,816,0
533,2021,Colt McCoy,QB,ARI,8,42.3,311,QB · 44,5.29,283,QB · 55,35,74.7%,74,99,740,3,1,92.5,22,37,1.68,0,4.6,0,0,0,-,0,-,777,0
533,2020,Colt McCoy,QB,NYG,4,19.2,390,QB · 51,4.80,283,QB · 52,34,60.6%,40,66,375,1,1,93.8,9,12,1.33,0,3.0,0,0,0,-,0,-,387,0
533,2019,Colt McCoy,QB,WAS,2,5.3,435,QB · 55,2.65,330,QB · 52,33,66.7%,18,27,122,0,1,61.0,2,14,7,0,7.0,0,0,0,-,0,-,136,0
533,2018,Colt McCoy,QB,WAS,3,27.2,344,QB · 46,9.07,162,QB · 43,32,63.0%,34,54,372,3,3,124.0,10,63,6.3,0,21.0,0,0,0,-,0,-,435,0
533,2017,Colt McCoy,QB,-,1,0.0,529,QB · 67,0.00,529,QB · 67,-,-,-,-,-,-,-,-,-,-,-,-,-,-,-,-,-,-,-,0,-
11046,2023,Colton Dowell,WR,TEN,9,1.3,523,WR · 201,0.14,533,WR · 203,24,-,0,0,0,0,0,-,0,0,-,0,-,2,1,3,3,0,0.3,3,0
8181,2024,Connor Heyward,TE,PIT,17,16.0,380,TE · 73,0.94,454,TE · 83,25,-,0,0,0,0,0,-,0,0,-,0,-,8,6,40,6.67,1,2.4,40,1
8181,2023,Connor Heyward,TE,PIT,17,39.7,297,TE · 53,2.34,370,TE · 66,24,0.0%,0,1,0,0,0,-,1,0,0,0,-,34,23,167,7.26,0,9.8,167,0
8181,2022,Connor Heyward,TE,PIT,15,35.8,320,TE · 59,2.39,427,TE · 79,23,-,0,0,0,0,0,-,2,27,13.5,0,1.8,17,12,151,12.58,1,10.1,178,1
4039,2025,Cooper Kupp,WR,SEA,16,117.3,151,WR · 53,7.33,191,WR · 68,-,0.0%,0,1,0,0,1,-,0,0,0,0,-,70,47,593,12.6,2,37.1,593,2
4039,2024,Cooper Kupp,WR,LAR,12,175.0,98,WR · 38,14.58,69,WR · 22,31,-,0,0,0,0,0,-,2,10,5,0,0.8,100,67,710,10.6,6,59.2,720,6
4039,2023,Cooper Kupp,WR,LAR,12,164.4,104,WR · 40,13.70,75,WR · 24,30,-,0,0,0,0,0,-,1,-3,-3,0,-0.3,95,59,737,12.49,5,61.4,734,5
4039,2022,Cooper Kupp,WR,LAR,9,201.4,63,WR · 23,22.38,4,WR · 1,29,0.0%,0,1,0,0,0,-,9,52,5.78,1,5.8,98,75,812,10.83,6,90.2,864,7
4039,2021,Cooper Kupp,WR,LAR,17,439.5,1,WR · 1,25.85,1,WR · 1,28,0.0%,0,1,0,0,0,-,4,18,4.5,0,1.1,191,145,1947,13.43,16,114.5,1965,16
4039,2020,Cooper Kupp,WR,LAR,15,208.7,60,WR · 26,13.91,83,WR · 30,27,-,0,0,0,0,0,-,4,33,8.25,0,2.2,124,92,974,10.59,3,64.9,1007,3
4039,2019,Cooper Kupp,WR,LAR,16,270.5,22,WR · 4,16.91,33,WR · 7,26,0.0%,0,1,0,0,0,-,2,4,2,0,0.3,134,94,1161,12.35,10,72.6,1165,10
4039,2018,Cooper Kupp,WR,LAR,8,135.1,128,WR · 51,16.89,47,WR · 14,25,-,0,0,0,0,0,-,4,25,6.25,0,3.1,55,40,566,14.15,6,70.8,591,6
4039,2017,Cooper Kupp,WR,-,15,176.9,69,WR · 25,11.79,83,WR · 28,-,-,-,-,-,-,-,-,-,-,-,-,-,-,-,-,-,-,-,0,-
4574,2024,Cooper Rush,QB,DAL,12,114.6,163,QB · 33,9.55,155,QB · 49,31,60.7%,187,308,1844,12,5,153.7,26,18,0.69,0,1.5,0,0,0,-,0,-,1862,0
4574,2023,Cooper Rush,QB,DAL,8,4.3,483,QB · 69,0.54,499,QB · 73,30,75.0%,18,24,144,0,1,18.0,12,-5,-0.42,0,-0.6,0,0,0,-,0,-,139,0
4574,2022,Cooper Rush,QB,DAL,8,59.6,250,QB · 39,7.45,210,QB · 55,29,58.0%,94,162,1051,5,3,131.4,9,6,0.67,0,0.8,0,0,0,-,0,-,1057,0
4574,2021,Cooper Rush,QB,DAL,4,25.1,364,QB · 49,6.28,253,QB · 53,28,63.8%,30,47,422,3,1,105.5,9,-8,-0.89,0,-2.0,0,0,0,-,0,-,414,0
4574,2019,Cooper Rush,QB,DAL,2,0.0,496,QB · 63,0.00,495,QB · 63,26,-,0,0,0,0,0,-,0,0,-,0,-,0,0,0,-,0,-,0,0
4574,2018,Cooper Rush,QB,DAL,1,0.0,543,QB · 67,0.00,543,QB · 67,25,-,0,0,0,0,0,-,0,0,-,0,-,0,0,0,-,0,-,0,0
4574,2017,Cooper Rush,QB,-,2,1.4,509,QB · 62,0.70,464,QB · 62,-,-,-,-,-,-,-,-,-,-,-,-,-,-,-,-,-,-,-,0,-
1535,2024,Cordarrelle Patterson,RB,PIT,13,37.5,294,RB · 75,2.88,326,RB · 88,33,-,0,0,0,0,0,-,32,135,4.22,0,10.4,14,12,80,6.67,1,6.2,215,1
1535,2023,Cordarrelle Patterson,RB,ATL,13,36.9,310,RB · 79,2.84,336,RB · 84,32,-,0,0,0,0,0,-,50,181,3.62,0,13.9,12,9,38,4.22,1,2.9,219,1
1535,2022,Cordarrelle Patterson,RB,ATL,13,154.7,109,RB · 31,11.90,100,RB · 25,31,-,0,0,0,0,0,-,144,695,4.83,8,53.5,31,21,122,5.81,0,9.4,817,9
1535,2021,Cordarrelle Patterson,RB,ATL,16,234.6,49,RB · 9,14.66,64,RB · 16,30,0.0%,0,1,0,0,0,-,153,618,4.04,6,38.6,69,52,548,10.54,5,34.3,1166,11
1535,2020,Cordarrelle Patterson,RB,CHI,16,69.4,235,RB · 63,4.34,300,RB · 82,29,-,0,0,0,0,0,-,64,232,3.63,1,14.5,25,21,132,6.29,0,8.3,364,2
1535,2019,Cordarrelle Patterson,RB,CHI,16,35.6,297,RB · 83,2.23,350,RB · 91,28,-,0,0,0,0,0,-,17,103,6.06,0,6.4,17,11,83,7.55,0,5.2,186,1
1535,2018,Cordarrelle Patterson,RB,NE,15,0.0,543,RB · 155,0.00,543,RB · 155,27,-,0,0,0,0,0,-,42,228,5.43,1,15.2,28,21,247,11.76,3,16.5,475,5
1535,2017,Cordarrelle Patterson,RB,-,16,0.0,529,RB · 157,0.00,529,RB · 157,-,-,-,-,-,-,-,-,-,-,-,-,-,-,-,-,-,-,-,0,-
1535,2016,Cordarrelle Patterson,RB,-,16,0.0,540,RB · 170,0.00,540,RB · 170,-,-,-,-,-,-,-,-,-,-,-,-,-,-,-,-,-,-,-,0,-
4651,2023,Corey Clement,RB,ARI,2,0.0,537,RB · 145,0.00,537,RB · 145,29,-,0,0,0,0,0,-,0,0,-,0,-,0,0,0,-,0,-,0,0
4651,2022,Corey Clement,RB,ARI,5,21.9,376,RB · 102,4.38,308,RB · 82,28,-,0,0,0,0,0,-,15,55,3.67,1,11.0,7,5,54,10.8,0,10.8,109,1
4651,2021,Corey Clement,RB,DAL,11,28.9,353,RB · 98,2.63,421,RB · 117,27,-,0,0,0,0,0,-,33,140,4.24,0,12.7,7,6,29,4.83,1,2.6,169,1
4651,2020,Corey Clement,RB,PHI,15,21.0,382,RB · 102,1.40,446,RB · 118,26,-,0,0,0,0,0,-,21,75,3.57,1,5.0,6,5,25,5,0,1.7,100,1
4651,2019,Corey Clement,RB,PHI,4,-4.0,577,RB · 150,-1.00,575,RB · 150,25,-,0,0,0,0,0,-,0,0,-,0,-,0,0,0,-,0,-,0,0
4651,2018,Corey Clement,RB,PHI,11,81.1,208,RB · 62,7.37,197,RB · 55,24,-,0,0,0,0,0,-,68,259,3.81,2,23.5,25,22,192,8.73,0,17.5,451,2
4651,2017,Corey Clement,RB,-,16,92.4,177,RB · 50,5.78,237,RB · 72,-,-,-,-,-,-,-,-,-,-,-,-,-,-,-,-,-,-,-,0,-
3177,2019,Corey Coleman,WR,-,1,0.0,496,WR · 189,0.00,495,WR · 188,-,-,-,-,-,-,-,-,-,-,-,-,-,-,-,-,-,-,-,0,-
3177,2018,Corey Coleman,WR,NYG,8,12.6,409,WR · 163,1.58,410,WR · 167,24,-,0,0,0,0,0,-,1,5,5,0,0.6,8,5,71,14.2,0,8.9,76,0
3177,2017,Corey Coleman,WR,-,9,65.5,228,WR · 90,7.28,194,WR · 70,-,-,-,-,-,-,-,-,-,-,-,-,-,-,-,-,-,-,-,0,-
3177,2016,Corey Coleman,WR,-,10,93.3,191,WR · 82,9.33,164,WR · 65,-,-,-,-,-,-,-,-,-,-,-,-,-,-,-,-,-,-,-,0,-
4036,2022,Corey Davis,WR,NYJ,13,97.6,179,WR · 76,7.51,207,WR · 75,27,-,0,0,0,0,0,-,0,0,-,0,-,64,32,536,16.75,2,41.2,536,2
4036,2021,Corey Davis,WR,NYJ,9,105.2,174,WR · 69,11.69,115,WR · 39,26,-,0,0,0,0,0,-,0,0,-,0,-,59,34,492,14.47,4,54.7,492,4
4036,2020,Corey Davis,WR,TEN,14,191.4,71,WR · 30,13.67,87,WR · 32,25,-,0,0,0,0,0,-,0,0,-,0,-,92,65,984,15.14,5,70.3,984,5
4036,2019,Corey Davis,WR,TEN,15,115.1,148,WR · 63,7.67,180,WR · 72,24,-,0,0,0,0,0,-,0,0,-,0,-,69,43,601,13.98,2,40.1,601,2
4036,2018,Corey Davis,WR,TEN,16,183.6,75,WR · 28,11.48,114,WR · 39,23,-,0,0,0,0,0,-,6,55,9.17,0,3.4,112,65,891,13.71,4,55.7,946,4
4036,2017,Corey Davis,WR,-,11,69.5,220,WR · 86,6.32,222,WR · 81,-,-,-,-,-,-,-,-,-,-,-,-,-,-,-,-,-,-,-,0,-
5045,2025,Courtland Sutton,WR,DEN,17,219.7,50,WR · 13,12.92,80,WR · 23,-,-,0,0,0,0,0,-,0,0,0,0,-,124,74,1017,13.7,7,59.8,1017,7
5045,2024,Courtland Sutton,WR,DEN,17,240.3,51,WR · 15,14.14,79,WR · 27,29,100.0%,2,2,30,1,0,1.8,0,0,-,0,-,135,81,1081,13.35,8,63.6,1111,8
5045,2023,Courtland Sutton,WR,DEN,16,190.2,86,WR · 35,11.89,110,WR · 40,28,-,0,0,0,0,0,-,0,0,-,0,-,90,59,772,13.08,10,48.3,772,10
5045,2022,Courtland Sutton,WR,DEN,15,159.4,103,WR · 43,10.63,124,WR · 45,27,-,0,0,0,0,0,-,1,5,5,0,0.3,109,64,829,12.95,2,55.3,834,2
5045,2021,Courtland Sutton,WR,DEN,17,150.2,116,WR · 44,8.84,180,WR · 65,26,100.0%,1,1,16,0,0,0.9,0,0,-,0,-,98,58,776,13.38,2,45.6,792,2
5045,2020,Courtland Sutton,WR,DEN,1,9.6,450,WR · 177,9.60,158,WR · 62,25,-,0,0,0,0,0,-,0,0,-,0,-,6,3,66,22,0,66.0,66,0
5045,2019,Courtland Sutton,WR,DEN,16,222.4,58,WR · 19,13.90,81,WR · 28,24,100.0%,1,1,38,0,0,2.4,3,17,5.67,0,1.1,124,72,1112,15.44,6,69.5,1167,6
5045,2018,Courtland Sutton,WR,DEN,16,136.3,127,WR · 50,8.52,174,WR · 65,23,-,0,0,0,0,0,-,1,-1,-1,0,-0.1,84,42,704,16.76,4,44.0,703,4
6659,2025,Craig Reynolds,RB,DET,2,0.4,411,RB · 110,0.20,404,RB · 108,-,-,0,0,0,0,0,-,3,4,1.33,0,2.0,0,0,0,0,0,-,4,0
6659,2024,Craig Reynolds,RB,DET,14,20.9,361,RB · 100,1.49,410,RB · 114,28,-,0,0,0,0,0,-,31,139,4.48,0,9.9,5,3,40,13.33,0,2.9,179,0
6659,2023,Craig Reynolds,RB,DET,15,29.6,339,RB · 85,1.97,399,RB · 107,27,-,0,0,0,0,0,-,41,179,4.37,1,11.9,5,5,47,9.4,0,3.1,226,1
6659,2022,Craig Reynolds,RB,DET,7,30.8,336,RB · 90,4.40,305,RB · 81,26,-,0,0,0,0,0,-,23,102,4.43,0,14.6,10,9,116,12.89,0,16.6,218,0
6659,2021,Craig Reynolds,RB,DET,5,35.2,332,RB · 93,7.04,228,RB · 62,25,-,0,0,0,0,0,-,55,230,4.18,0,46.0,8,7,52,7.43,0,10.4,282,0
6659,2020,Craig Reynolds,RB,JAX,2,1.7,539,RB · 150,0.85,486,RB · 135,24,-,0,0,0,0,0,-,1,4,4,0,2.0,1,1,3,3,0,1.5,7,0
6659,2019,Craig Reynolds,RB,WAS,3,0.0,496,RB · 136,0.00,495,RB · 136,23,-,0,0,0,0,0,-,0,0,-,0,-,0,0,0,-,0,-,0,0
6293,2022,Cullen Gillaspia,RB,-,4,0.0,571,RB · 160,0.00,571,RB · 160,-,-,-,-,-,-,-,-,-,-,-,-,-,-,-,-,-,-,-,0,-
6293,2021,Cullen Gillaspia,RB,NYG,4,0.0,582,RB · 165,0.00,582,RB · 165,26,-,0,0,0,0,0,-,0,0,-,0,-,0,0,0,-,0,-,0,0
6293,2020,Cullen Gillaspia,RB,HOU,7,1.6,540,RB · 151,0.23,542,RB · 152,25,-,0,0,0,0,0,-,0,0,-,0,-,1,1,6,6,0,0.9,6,0
6293,2019,Cullen Gillaspia,RB,HOU,16,0.0,496,RB · 136,0.00,495,RB · 136,24,-,0,0,0,0,0,-,0,0,-,0,-,0,0,0,-,0,-,0,0
4082,2025,Curtis Samuel,WR,BUF,6,21.1,336,WR · 140,3.52,308,WR · 120,-,-,0,0,0,0,0,-,0,0,0,0,-,9,7,81,11.6,1,13.5,81,1
4082,2024,Curtis Samuel,WR,BUF,14,63.7,242,WR · 102,4.55,267,WR · 107,28,-,0,0,0,0,0,-,5,14,2.8,0,1.0,46,31,253,8.16,1,18.1,267,1
4082,2023,Curtis Samuel,WR,WAS,16,157.2,106,WR · 42,9.83,144,WR · 48,27,-,0,0,0,0,0,-,7,39,5.57,1,2.4,91,62,613,9.89,4,38.3,652,5
4082,2022,Curtis Samuel,WR,WAS,17,176.3,85,WR · 33,10.37,134,WR · 49,26,-,0,0,0,0,0,-,38,187,4.92,1,11.0,92,64,656,10.25,4,38.6,843,5
4082,2021,Curtis Samuel,WR,WAS,5,9.8,450,WR · 178,1.96,460,WR · 182,25,-,0,0,0,0,0,-,4,11,2.75,0,2.2,9,6,27,4.5,0,5.4,38,0
4082,2020,Curtis Samuel,WR,CAR,15,212.1,58,WR · 24,14.14,79,WR · 27,24,-,0,0,0,0,0,-,41,200,4.88,2,13.3,97,77,851,11.05,3,56.7,1051,5
4082,2019,Curtis Samuel,WR,CAR,16,171.7,92,WR · 36,10.73,124,WR · 48,23,-,0,0,0,0,0,-,19,130,6.84,1,8.1,105,54,627,11.61,6,39.2,757,7
4082,2018,Curtis Samuel,WR,CAR,13,136.8,125,WR · 49,10.52,128,WR · 46,22,-,0,0,0,0,0,-,8,84,10.5,2,6.5,65,39,494,12.67,5,38.0,578,7
4082,2017,Curtis Samuel,WR,-,9,32.9,314,WR · 125,3.66,308,WR · 114,-,-,-,-,-,-,-,-,-,-,-,-,-,-,-,-,-,-,-,0,-
4050,2021,Cyril Grayson Jr.,WR,TB,3,44.6,308,WR · 127,14.87,60,WR · 21,28,-,0,0,0,0,0,-,1,14,14,0,4.7,12,10,212,21.2,2,70.7,226,2
4050,2020,Cyril Grayson Jr.,WR,TB,3,0.0,560,WR · 208,0.00,560,WR · 208,27,-,0,0,0,0,0,-,0,0,-,0,-,3,0,0,-,0,-,0,0
4050,2019,Cyril Grayson Jr.,WR,TB,2,1.3,479,WR · 188,0.65,435,WR · 173,26,-,0,0,0,0,0,-,0,0,-,0,-,1,1,3,3,0,1.5,3,0
6790,2025,D'Andre Swift,RB,CHI,16,228.6,42,RB · 15,14.29,65,RB · 18,-,-,0,0,0,0,0,-,223,1087,4.87,9,67.9,48,34,299,8.8,1,18.7,1386,10
6790,2024,D'Andre Swift,RB,CHI,17,214.5,62,RB · 19,12.62,97,RB · 21,25,-,0,0,0,0,0,-,253,959,3.79,6,56.4,52,42,386,9.19,0,22.7,1345,6
6790,2023,D'Andre Swift,RB,PHI,16,199.3,80,RB · 20,12.46,100,RB · 24,24,-,0,0,0,0,0,-,229,1049,4.58,5,65.6,49,39,214,5.49,1,13.4,1263,6
6790,2022,D'Andre Swift,RB,DET,14,191.1,71,RB · 21,13.65,68,RB · 16,23,-,0,0,0,0,0,-,99,542,5.47,5,38.7,70,48,389,8.1,3,27.8,931,8
6790,2021,D'Andre Swift,RB,DET,13,208.9,65,RB · 15,16.07,41,RB · 10,22,0.0%,0,1,0,0,0,-,151,617,4.09,5,47.5,78,62,452,7.29,2,34.8,1069,7
6790,2020,D'Andre Swift,RB,DET,13,189.8,75,RB · 18,14.60,74,RB · 18,21,-,0,0,0,0,0,-,114,521,4.57,8,40.1,57,46,357,7.76,2,27.5,878,10
6694,2024,D'Ernest Johnson,RB,JAX,13,35.9,300,RB · 77,2.76,332,RB · 91,28,-,0,0,0,0,0,-,32,143,4.47,0,11.0,19,12,96,8,0,7.4,239,0
6694,2023,D'Ernest Johnson,RB,JAX,17,34.8,320,RB · 80,2.05,392,RB · 103,27,-,0,0,0,0,0,-,41,108,2.63,0,6.4,12,10,140,14,0,8.2,248,0
6694,2022,D'Ernest Johnson,RB,CLE,10,5.4,494,RB · 138,0.54,548,RB · 151,26,-,0,0,0,0,0,-,4,17,4.25,0,1.7,3,3,7,2.33,0,0.7,24,0
6694,2021,D'Ernest Johnson,RB,CLE,13,104.1,177,RB · 53,8.01,203,RB · 55,25,-,0,0,0,0,0,-,100,534,5.34,3,41.1,25,19,137,7.21,0,10.5,671,3
6694,2020,D'Ernest Johnson,RB,CLE,16,21.0,382,RB · 102,1.31,451,RB · 121,24,-,0,0,0,0,0,-,33,166,5.03,0,10.4,4,3,14,4.67,0,0.9,180,0
6694,2019,D'Ernest Johnson,RB,CLE,16,15.2,375,RB · 100,0.95,410,RB · 106,23,-,0,0,0,0,0,-,4,21,5.25,0,1.3,7,6,71,11.83,0,4.4,92,0
4111,2024,D'Onta Foreman,RB,CLE,11,32.6,319,RB · 83,2.96,323,RB · 86,28,-,0,0,0,0,0,-,71,232,3.27,0,21.1,8,6,54,9,0,4.9,286,0
4111,2023,D'Onta Foreman,RB,CHI,9,91.2,185,RB · 51,10.13,139,RB · 38,27,-,0,0,0,0,0,-,109,425,3.9,4,47.2,16,11,77,7,1,8.6,502,5
4111,2022,D'Onta Foreman,RB,CAR,16,131.0,132,RB · 38,8.19,189,RB · 50,26,-,0,0,0,0,0,-,203,914,4.5,5,57.1,9,5,26,5.2,0,1.6,940,5
4111,2021,D'Onta Foreman,RB,TEN,9,93.9,187,RB · 57,10.43,144,RB · 38,25,-,0,0,0,0,0,-,133,566,4.26,3,62.9,11,9,123,13.67,0,13.7,689,3
4111,2020,D'Onta Foreman,RB,TEN,6,17.0,401,RB · 112,2.83,358,RB · 99,24,-,0,0,0,0,0,-,22,95,4.32,0,15.8,1,1,5,5,1,0.8,100,1
4111,2018,D'Onta Foreman,RB,HOU,1,10.7,425,RB · 113,10.70,126,RB · 36,22,-,0,0,0,0,0,-,7,-1,-0.14,0,-1.0,2,2,28,14,1,28.0,27,1
4111,2017,D'Onta Foreman,RB,-,10,57.0,252,RB · 75,5.70,241,RB · 73,-,-,-,-,-,-,-,-,-,-,-,-,-,-,-,-,-,-,-,0,-
3488,2020,D.J. Foster,RB,ARI,10,1.9,536,RB · 149,0.19,546,RB · 153,27,-,0,0,0,0,0,-,2,2,1,0,0.2,1,1,7,7,0,0.7,9,0
3488,2019,D.J. Foster,RB,ARI,6,0.0,496,RB · 136,0.00,495,RB · 136,26,-,0,0,0,0,0,-,0,0,-,0,-,0,0,0,-,0,-,0,0
3488,2017,D.J. Foster,RB,-,7,32.2,315,RB · 88,4.60,283,RB · 86,-,-,-,-,-,-,-,-,-,-,-,-,-,-,-,-,-,-,-,0,-
3488,2016,D.J. Foster,RB,-,3,3.6,484,RB · 144,1.20,433,RB · 125,-,-,-,-,-,-,-,-,-,-,-,-,-,-,-,-,-,-,-,0,-
6453,2023,D.J. Montgomery,WR,IND,7,14.6,409,WR · 167,2.09,388,WR · 150,27,-,0,0,0,0,0,-,0,0,-,0,-,8,3,56,18.67,1,8.0,56,1
6453,2021,D.J. Montgomery,WR,NYJ,2,6.6,480,WR · 190,3.30,389,WR · 151,25,-,0,0,0,0,0,-,0,0,-,0,-,6,3,36,12,0,18.0,36,0
11989,2024,D.J. Williams,RB,TB,1,0.0,544,RB · 141,0.00,544,RB · 141,24,-,0,0,0,0,0,-,0,0,-,0,-,0,0,0,-,0,-,0,0
5166,2018,Da'Mari Scott,WR,BUF,3,0.0,543,WR · 206,0.00,543,WR · 206,23,-,0,0,0,0,0,-,0,0,-,0,-,0,0,0,-,0,-,0,0
4998,2020,DaeSean Hamilton,WR,DEN,16,62.3,251,WR · 103,3.89,318,WR · 126,25,-,0,0,0,0,0,-,0,0,-,0,-,44,23,293,12.74,2,18.3,293,2
4998,2019,DaeSean Hamilton,WR,DEN,16,63.7,231,WR · 92,3.98,287,WR · 115,24,-,0,0,0,0,0,-,0,0,-,0,-,52,28,297,10.61,1,18.6,297,1
4998,2018,DaeSean Hamilton,WR,DEN,14,66.3,237,WR · 98,4.74,281,WR · 115,23,-,0,0,0,0,0,-,0,0,-,0,-,45,30,243,8.1,2,17.4,243,2
3294,2025,Dak Prescott,QB,DAL,17,323.8,13,QB · 6,19.05,20,QB · 10,-,67.3%,404,600,4552,30,10,267.8,53,177,3.34,2,10.4,0,0,0,0,0,-,4729,2
3294,2024,Dak Prescott,QB,DAL,8,124.5,144,QB · 31,15.56,57,QB · 23,31,64.7%,185,286,1978,11,8,247.3,13,54,4.15,1,6.8,0,0,0,-,0,-,2032,1
3294,2023,Dak Prescott,QB,DAL,17,351.8,6,QB · 3,20.69,10,QB · 5,30,69.5%,410,590,4516,36,9,265.6,55,242,4.4,2,14.2,0,0,0,-,0,-,4758,2
3294,2022,Dak Prescott,QB,DAL,12,213.6,56,QB · 18,17.80,26,QB · 15,29,66.2%,261,394,2860,23,15,238.3,45,182,4.04,1,15.2,0,0,0,-,0,-,3042,1
3294,2021,Dak Prescott,QB,DAL,16,330.6,12,QB · 7,20.66,15,QB · 9,28,68.8%,410,596,4449,37,10,278.1,48,146,3.04,1,9.1,0,0,0,-,0,-,4595,1
3294,2020,Dak Prescott,QB,DAL,5,139.6,134,QB · 32,27.92,2,QB · 1,27,68.0%,151,222,1856,9,4,371.2,18,93,5.17,3,18.6,1,1,11,11,1,2.2,1960,4
3294,2019,Dak Prescott,QB,DAL,16,348.8,4,QB · 2,21.80,5,QB · 3,26,65.1%,388,596,4902,30,11,306.4,52,277,5.33,3,17.3,0,0,0,-,0,-,5179,3
3294,2018,Dak Prescott,QB,DAL,16,285.8,24,QB · 10,17.86,31,QB · 13,25,67.7%,356,526,3885,22,8,242.8,75,305,4.07,6,19.1,1,0,0,-,0,-,4190,6
3294,2017,Dak Prescott,QB,-,16,260.7,21,QB · 10,16.29,29,QB · 14,-,-,-,-,-,-,-,-,-,-,-,-,-,-,-,-,-,-,-,0,-
3294,2016,Dak Prescott,QB,-,16,287.1,15,QB · 6,17.94,21,QB · 9,-,-,-,-,-,-,-,-,-,-,-,-,-,-,-,-,-,-,-,0,-
5022,2025,Dallas Goedert,TE,PHI,15,185.1,80,TE · 7,12.34,91,TE · 6,-,-,0,0,0,0,0,-,0,0,0,0,-,82,60,591,9.9,11,39.4,591,11
5022,2024,Dallas Goedert,TE,PHI,10,103.6,184,TE · 27,10.36,139,TE · 11,29,-,0,0,0,0,0,-,0,0,-,0,-,52,42,496,11.81,2,49.6,496,2
5022,2023,Dallas Goedert,TE,PHI,14,136.3,128,TE · 14,9.74,145,TE · 12,28,-,0,0,0,0,0,-,1,1,1,0,0.1,83,59,592,10.03,3,42.3,593,3
5022,2022,Dallas Goedert,TE,PHI,12,141.2,124,TE · 12,11.77,102,TE · 5,27,-,0,0,0,0,0,-,0,0,-,0,-,69,55,702,12.76,3,58.5,702,3
5022,2021,Dallas Goedert,TE,PHI,15,165.0,99,TE · 8,11.00,132,TE · 8,26,-,0,0,0,0,0,-,0,0,-,0,-,76,56,830,14.82,4,55.3,830,4
5022,2020,Dallas Goedert,TE,PHI,11,116.4,160,TE · 21,10.58,143,TE · 10,25,-,0,0,0,0,0,-,0,0,-,0,-,65,46,524,11.39,3,47.6,524,3
5022,2019,Dallas Goedert,TE,PHI,15,144.7,119,TE · 10,9.65,146,TE · 12,24,-,0,0,0,0,0,-,0,0,-,0,-,87,58,607,10.47,5,40.5,607,5
5022,2018,Dallas Goedert,TE,PHI,16,90.4,187,TE · 20,5.65,249,TE · 27,23,-,0,0,0,0,0,-,0,0,-,0,-,44,33,334,10.12,4,20.9,334,4
11606,2024,Dallin Holker,TE,NO,12,5.1,469,TE · 97,0.43,508,TE · 102,24,-,0,0,0,0,0,-,0,0,-,0,-,4,3,21,7,0,1.8,21,0
7082,2023,Dalton Keene,TE,HOU,2,0.0,537,TE · 114,0.00,537,TE · 114,24,-,0,0,0,0,0,-,0,0,-,0,-,0,0,0,-,0,-,0,0
7082,2020,Dalton Keene,TE,NE,6,4.6,492,TE · 101,0.77,493,TE · 92,21,-,0,0,0,0,0,-,0,0,-,0,-,5,3,16,5.33,0,2.7,16,0
10236,2025,Dalton Kincaid,TE,BUF,12,126.1,138,TE · 20,10.51,135,TE · 14,-,-,0,0,0,0,0,-,0,0,0,0,-,49,39,571,14.6,5,47.6,571,5
10236,2024,Dalton Kincaid,TE,BUF,13,100.8,189,TE · 30,7.75,192,TE · 20,25,-,0,0,0,0,0,-,0,0,-,0,-,75,44,448,10.18,2,34.5,448,2
10236,2023,Dalton Kincaid,TE,BUF,16,150.3,118,TE · 11,9.39,155,TE · 14,24,-,0,0,0,0,0,-,0,0,-,0,-,91,73,673,9.22,2,42.1,673,2
5001,2025,Dalton Schultz,TE,HOU,17,177.7,89,TE · 10,10.45,136,TE · 15,-,-,0,0,0,0,0,-,0,0,0,0,-,106,82,777,9.5,3,45.7,777,3
5001,2024,Dalton Schultz,TE,HOU,17,118.2,160,TE · 20,6.95,215,TE · 29,28,-,0,0,0,0,0,-,0,0,-,0,-,85,53,532,10.04,2,31.3,532,2
5001,2023,Dalton Schultz,TE,HOU,15,150.5,117,TE · 10,10.03,140,TE · 11,27,-,0,0,0,0,0,-,0,0,-,0,-,88,59,635,10.76,5,42.3,635,5
5001,2022,Dalton Schultz,TE,DAL,15,142.7,120,TE · 10,9.51,152,TE · 10,26,-,0,0,0,0,0,-,0,0,-,0,-,89,57,577,10.12,5,38.5,577,5
5001,2021,Dalton Schultz,TE,DAL,17,208.8,66,TE · 3,12.28,102,TE · 5,25,-,0,0,0,0,0,-,0,0,-,0,-,104,78,808,10.36,8,47.5,808,8
5001,2020,Dalton Schultz,TE,DAL,16,146.5,119,TE · 12,9.16,169,TE · 19,24,-,0,0,0,0,0,-,0,0,-,0,-,89,63,615,9.76,4,38.4,615,4
5001,2019,Dalton Schultz,TE,DAL,16,1.6,469,TE · 105,0.10,489,TE · 110,23,-,0,0,0,0,0,-,0,0,-,0,-,2,1,6,6,0,0.4,6,0
5001,2018,Dalton Schultz,TE,DAL,11,23.6,359,TE · 69,2.15,382,TE · 73,22,-,0,0,0,0,0,-,0,0,-,0,-,17,12,116,9.67,0,10.5,116,0
4029,2024,Dalvin Cook,RB,DAL,2,4.0,477,RB · 122,2.00,373,RB · 101,29,-,0,0,0,0,0,-,8,20,2.5,0,10.0,1,1,10,10,0,5.0,30,0
4029,2023,Dalvin Cook,RB,2TM,15,40.2,292,RB · 75,2.68,349,RB · 90,28,-,0,0,0,0,0,-,67,214,3.19,0,14.3,20,15,78,5.2,0,5.2,292,0
4029,2022,Dalvin Cook,RB,MIN,17,237.8,39,RB · 11,13.99,66,RB · 15,27,-,0,0,0,0,0,-,264,1173,4.44,8,69.0,56,39,295,7.56,2,17.4,1468,10
4029,2021,Dalvin Cook,RB,MIN,13,206.3,68,RB · 16,15.87,44,RB · 11,26,-,0,0,0,0,0,-,249,1159,4.65,6,89.2,49,34,224,6.59,0,17.2,1383,6
4029,2020,Dalvin Cook,RB,MIN,14,337.8,13,RB · 2,24.13,10,RB · 3,25,-,0,0,0,0,0,-,312,1557,4.99,16,111.2,54,44,361,8.2,1,25.8,1918,17
4029,2019,Dalvin Cook,RB,MIN,14,292.4,14,RB · 6,20.89,8,RB · 2,24,-,0,0,0,0,0,-,250,1135,4.54,13,81.1,63,53,519,9.79,0,37.1,1654,13
4029,2018,Dalvin Cook,RB,MIN,11,152.0,105,RB · 30,13.82,75,RB · 19,23,-,0,0,0,0,0,-,133,615,4.62,2,55.9,49,40,305,7.63,2,27.7,920,4
4029,2017,Dalvin Cook,RB,-,4,65.4,229,RB · 72,16.35,27,RB · 10,-,-,-,-,-,-,-,-,-,-,-,-,-,-,-,-,-,-,-,0,-
5619,2018,Dalyn Dawkins,RB,TEN,2,0.0,543,RB · 155,0.00,543,RB · 155,24,-,0,0,0,0,0,-,0,0,-,0,-,0,0,0,-,0,-,0,0
6334,2022,Damarea Crockett,RB,-,1,1.9,537,RB · 149,1.90,457,RB · 124,-,-,-,-,-,-,-,-,-,-,-,-,-,-,-,-,-,-,-,0,-
6334,2021,Damarea Crockett,RB,DEN,1,0.7,574,RB · 162,0.70,537,RB · 152,24,-,0,0,0,0,0,-,3,7,2.33,0,7.0,0,0,0,-,0,-,7,0
8129,2025,Dameon Pierce,RB,2TM,3,3.6,397,RB · 106,1.20,373,RB · 96,-,-,0,0,0,0,0,-,14,36,2.57,0,12.0,1,0,0,0,0,-,36,0
8129,2024,Dameon Pierce,RB,HOU,11,43.5,286,RB · 73,3.95,282,RB · 69,24,-,0,0,0,0,0,-,40,293,7.33,2,26.6,4,2,2,1,0,0.2,295,2
8129,2023,Dameon Pierce,RB,HOU,14,82.7,199,RB · 55,5.91,221,RB · 57,23,-,0,0,0,0,0,-,145,416,2.87,2,29.7,17,13,101,7.77,0,7.2,517,3
8129,2022,Dameon Pierce,RB,HOU,13,166.4,99,RB · 27,12.80,88,RB · 20,22,-,0,0,0,0,0,-,220,939,4.27,4,72.2,39,30,165,5.5,1,12.7,1104,5
5890,2023,Damien Harris,RB,BUF,7,19.0,390,RB · 93,2.71,343,RB · 89,26,-,0,0,0,0,0,-,23,94,4.09,1,13.4,2,2,16,8,0,2.3,110,1
5890,2022,Damien Harris,RB,NE,11,90.9,187,RB · 48,8.26,188,RB · 49,25,-,0,0,0,0,0,-,106,462,4.36,3,42.0,23,17,97,5.71,0,8.8,559,3
5890,2021,Damien Harris,RB,NE,15,210.1,63,RB · 14,14.01,79,RB · 18,24,-,0,0,0,0,0,-,202,929,4.6,15,61.9,21,18,132,7.33,0,8.8,1061,15
5890,2020,Damien Harris,RB,NE,10,91.3,195,RB · 51,9.13,170,RB · 38,23,-,0,0,0,0,0,-,137,691,5.04,2,69.1,7,5,52,10.4,0,5.2,743,2
5890,2019,Damien Harris,RB,NE,2,1.2,480,RB · 126,0.60,440,RB · 115,22,-,0,0,0,0,0,-,4,12,3,0,6.0,0,0,0,-,0,-,12,0
12462,2025,Damien Martinez,RB,SEA,0,0.0,415,RB · 113,-,-,-,-,-,0,0,0,0,0,-,0,0,0,0,-,0,0,0,0,0,-,0,0
1833,2023,Damien Williams,RB,ARI,3,7.5,457,RB · 117,2.50,362,RB · 93,31,-,0,0,0,0,0,-,11,43,3.91,0,14.3,2,2,12,6,0,4.0,55,0
1833,2022,Damien Williams,RB,ATL,1,0.2,569,RB · 158,0.20,564,RB · 156,30,-,0,0,0,0,0,-,2,2,1,0,2.0,0,0,0,-,0,-,2,0
1833,2021,Damien Williams,RB,CHI,12,60.7,261,RB · 70,5.06,294,RB · 84,29,-,0,0,0,0,0,-,40,164,4.1,2,13.7,23,16,103,6.44,1,8.6,267,3
1833,2019,Damien Williams,RB,KC,11,141.1,124,RB · 37,12.83,93,RB · 23,27,-,0,0,0,0,0,-,111,498,4.49,5,45.3,37,30,213,7.1,2,19.4,711,7
1833,2018,Damien Williams,RB,KC,16,98.6,175,RB · 48,6.16,233,RB · 68,26,-,0,0,0,0,0,-,50,256,5.12,4,16.0,24,23,160,6.96,2,10.0,416,6
1833,2017,Damien Williams,RB,-,11,59.6,244,RB · 73,5.42,255,RB · 77,-,-,-,-,-,-,-,-,-,-,-,-,-,-,-,-,-,-,-,0,-
1833,2016,Damien Williams,RB,-,15,93.4,190,RB · 52,6.23,234,RB · 69,-,-,-,-,-,-,-,-,-,-,-,-,-,-,-,-,-,-,-,0,-
2673,2023,Damiere Byrd,WR,ATL,1,0.0,537,WR · 205,0.00,537,WR · 205,30,-,0,0,0,0,0,-,0,0,-,0,-,2,0,0,-,0,-,0,0
2673,2022,Damiere Byrd,WR,ATL,12,51.8,272,WR · 114,4.32,312,WR · 118,29,-,0,0,0,0,0,-,0,0,-,0,-,23,13,268,20.62,2,22.3,268,2
2673,2021,Damiere Byrd,WR,CHI,11,64.9,253,WR · 110,5.90,268,WR · 108,28,-,0,0,0,0,0,-,0,0,-,0,-,38,26,329,12.65,1,29.9,329,1
2673,2020,Damiere Byrd,WR,NE,16,114.9,162,WR · 67,7.18,226,WR · 90,27,-,0,0,0,0,0,-,2,15,7.5,0,0.9,77,47,604,12.85,1,37.8,619,1
2673,2019,Damiere Byrd,WR,ARI,11,71.9,218,WR · 88,6.54,207,WR · 80,26,-,0,0,0,0,0,-,0,0,-,0,-,46,32,359,11.22,1,32.6,359,1
2673,2018,Damiere Byrd,WR,CAR,8,1.8,510,WR · 196,0.23,522,WR · 197,25,-,0,0,0,0,0,-,0,0,-,0,-,2,1,8,8,0,1.0,8,0
2673,2017,Damiere Byrd,WR,-,8,33.7,311,WR · 123,4.21,293,WR · 107,-,-,-,-,-,-,-,-,-,-,-,-,-,-,-,-,-,-,-,0,-
2673,2016,Damiere Byrd,WR,-,1,2.6,496,WR · 185,2.60,365,WR · 143,-,-,-,-,-,-,-,-,-,-,-,-,-,-,-,-,-,-,-,0,-
5080,2021,Damion Ratley,WR,-,1,0.0,582,WR · 225,0.00,582,WR · 225,-,-,-,-,-,-,-,-,-,-,-,-,-,-,-,-,-,-,-,0,-
5080,2020,Damion Ratley,WR,NYG,5,10.3,444,WR · 174,2.06,407,WR · 160,25,-,0,0,0,0,0,-,0,0,-,0,-,10,4,63,15.75,0,12.6,63,0
5080,2019,Damion Ratley,WR,CLE,13,38.0,290,WR · 121,2.92,321,WR · 130,24,-,0,0,0,0,0,-,0,0,-,0,-,24,12,200,16.67,1,15.4,200,1
5080,2018,Damion Ratley,WR,CLE,13,27.4,343,WR · 144,2.11,384,WR · 156,23,-,0,0,0,0,0,-,0,0,-,0,-,20,13,144,11.08,0,11.1,144,0
6549,2019,Damion Willis,WR,CIN,10,17.2,362,WR · 141,1.72,375,WR · 148,22,-,0,0,0,0,0,-,0,0,-,0,-,16,9,82,9.11,0,8.2,82,0
4741,2022,Dan Arnold,TE,JAX,11,22.5,371,TE · 76,2.05,445,TE · 86,27,-,0,0,0,0,0,-,0,0,-,0,-,13,9,135,15,0,12.3,135,0
4741,2021,Dan Arnold,TE,2TM,11,75.8,230,TE · 31,6.89,235,TE · 28,26,-,0,0,0,0,0,-,0,0,-,0,-,52,35,408,11.66,0,37.1,408,0
4741,2020,Dan Arnold,TE,ARI,16,96.8,188,TE · 24,6.05,248,TE · 31,25,-,0,0,0,0,0,-,0,0,-,0,-,45,31,438,14.13,4,27.4,438,4
4741,2019,Dan Arnold,TE,2TM,6,32.7,309,TE · 54,5.45,236,TE · 36,24,-,0,0,0,0,0,-,0,0,-,0,-,14,8,127,15.88,2,21.2,127,2
4741,2018,Dan Arnold,TE,NO,10,33.0,331,TE · 62,3.30,330,TE · 54,23,-,0,0,0,0,0,-,0,0,-,0,-,19,12,150,12.5,1,15.0,150,1
7357,2024,Dan Chisena,WR,CAR,6,6.7,454,WR · 179,1.12,435,WR · 174,27,-,0,0,0,0,0,-,0,0,-,0,-,4,3,37,12.33,0,6.2,37,0
7357,2023,Dan Chisena,WR,2TM,2,0.0,537,WR · 205,0.00,537,WR · 205,26,-,0,0,0,0,0,-,0,0,-,0,-,0,0,0,-,0,-,0,0
7357,2022,Dan Chisena,WR,MIN,2,0.0,571,WR · 218,0.00,571,WR · 218,25,-,0,0,0,0,0,-,0,0,-,0,-,0,0,0,-,0,-,0,0
7357,2021,Dan Chisena,WR,MIN,2,0.0,582,WR · 225,0.00,582,WR · 225,24,-,0,0,0,0,0,-,0,0,-,0,-,0,0,0,-,0,-,0,0
7357,2020,Dan Chisena,WR,MIN,14,0.0,560,WR · 208,0.00,560,WR · 208,23,-,0,0,0,0,0,-,0,0,-,0,-,0,0,0,-,0,-,0,0
8225,2025,Daniel Bellinger,TE,NYG,16,59.6,250,TE · 46,3.73,295,TE · 48,-,-,0,0,0,0,0,-,0,0,0,0,-,26,19,286,15.1,2,17.9,286,2
8225,2024,Daniel Bellinger,TE,NYG,17,26.5,344,TE · 66,1.56,404,TE · 70,24,-,0,0,0,0,0,-,0,0,-,0,-,17,14,125,8.93,0,7.4,125,0
8225,2023,Daniel Bellinger,TE,NYG,17,50.5,265,TE · 45,2.97,328,TE · 55,23,-,0,0,0,0,0,-,0,0,-,0,-,28,25,255,10.2,0,15.0,255,0
8225,2022,Daniel Bellinger,TE,NYG,11,75.0,223,TE · 34,6.82,228,TE · 27,22,-,0,0,0,0,0,-,1,2,2,1,0.2,35,30,268,8.93,2,24.4,270,3
2751,2021,Daniel Brown,TE,NYJ,3,4.9,505,TE · 104,1.63,477,TE · 95,29,-,0,0,0,0,0,-,0,0,-,0,-,2,2,29,14.5,0,9.7,29,0
2751,2020,Daniel Brown,TE,NYJ,16,5.1,489,TE · 100,0.32,535,TE · 108,28,-,0,0,0,0,0,-,0,0,-,0,-,2,2,31,15.5,0,1.9,31,0
2751,2019,Daniel Brown,TE,NYJ,16,20.2,349,TE · 70,1.26,395,TE · 82,27,-,0,0,0,0,0,-,0,0,-,0,-,11,7,72,10.29,1,4.5,72,1
2751,2018,Daniel Brown,TE,CHI,14,0.0,543,TE · 118,0.00,543,TE · 118,26,-,0,0,0,0,0,-,0,0,-,0,-,0,0,0,-,0,-,0,0
2751,2017,Daniel Brown,TE,-,14,25.9,339,TE · 67,1.85,379,TE · 70,-,-,-,-,-,-,-,-,-,-,-,-,-,-,-,-,-,-,-,0,-
2751,2016,Daniel Brown,TE,-,8,34.4,311,TE · 54,4.30,285,TE · 44,-,-,-,-,-,-,-,-,-,-,-,-,-,-,-,-,-,-,-,0,-
6089,2021,Daniel Helm,TE,LV,3,0.9,571,TE · 120,0.30,566,TE · 118,26,-,0,0,0,0,0,-,0,0,-,0,-,2,1,-1,-1,0,-0.3,-1,0
6089,2020,Daniel Helm,TE,SF,5,0.0,560,TE · 118,0.00,560,TE · 118,25,-,0,0,0,0,0,-,0,0,-,0,-,0,0,0,-,0,-,0,0
5870,2025,Daniel Jones,QB,IND,13,234.4,38,QB · 17,18.03,25,QB · 13,-,68.0%,261,384,3101,19,8,238.5,45,164,3.64,5,12.6,0,0,0,0,0,-,3265,5
5870,2024,Daniel Jones,QB,NYG,10,142.3,121,QB · 29,14.23,74,QB · 29,27,63.3%,216,341,2070,8,7,207.0,67,265,3.96,2,26.5,0,0,0,-,0,-,2335,2
5870,2023,Daniel Jones,QB,NYG,6,63.0,233,QB · 44,10.50,132,QB · 42,26,67.5%,108,160,909,2,6,151.5,40,206,5.15,1,34.3,0,0,0,-,0,-,1115,1
5870,2022,Daniel Jones,QB,NYG,16,294.0,20,QB · 9,18.38,23,QB · 12,25,67.2%,317,472,3205,15,5,200.3,120,708,5.9,7,44.3,0,0,0,-,0,-,3913,7
5870,2021,Daniel Jones,QB,NYG,11,174.5,90,QB · 27,15.86,45,QB · 19,24,64.3%,232,361,2428,10,7,220.7,62,298,4.81,2,27.1,1,1,16,16,0,1.5,2742,2
5870,2020,Daniel Jones,QB,NYG,14,190.0,74,QB · 24,13.57,90,QB · 32,23,62.5%,280,448,2943,11,10,210.2,65,423,6.51,1,30.2,0,0,0,-,0,-,3366,1
5870,2019,Daniel Jones,QB,NYG,13,227.0,52,QB · 23,17.46,29,QB · 15,22,61.9%,284,459,3027,24,12,232.8,45,279,6.2,2,21.5,0,0,0,-,0,-,3306,2
491,2021,Danny Amendola,WR,HOU,8,68.8,244,WR · 105,8.60,185,WR · 69,36,0.0%,0,1,0,0,0,-,0,0,-,0,-,38,24,248,10.33,3,31.0,248,3
491,2020,Danny Amendola,WR,DET,14,106.4,171,WR · 71,7.60,213,WR · 84,35,-,0,0,0,0,0,-,1,2,2,0,0.1,69,46,602,13.09,0,43.0,604,0
491,2019,Danny Amendola,WR,DET,15,140.6,125,WR · 49,9.37,151,WR · 61,34,100.0%,1,1,19,1,0,1.3,0,0,-,0,-,97,62,678,10.94,1,45.2,697,1
491,2018,Danny Amendola,WR,MIA,15,127.4,139,WR · 57,8.49,176,WR · 67,33,100.0%,1,1,28,1,0,1.9,1,-2,-2,0,-0.1,79,59,575,9.75,1,38.3,601,1
491,2017,Danny Amendola,WR,-,15,138.9,114,WR · 43,9.26,144,WR · 54,-,-,-,-,-,-,-,-,-,-,-,-,-,-,-,-,-,-,-,0,-
491,2016,Danny Amendola,WR,-,12,69.3,229,WR · 96,5.78,247,WR · 96,-,-,-,-,-,-,-,-,-,-,-,-,-,-,-,-,-,-,-,0,-
8176,2022,Danny Gray,WR,SF,7,2.9,527,WR · 202,0.41,554,WR · 210,23,-,0,0,0,0,0,-,1,9,9,0,1.3,7,1,10,10,0,1.4,19,0
11654,2024,Dante Miller,RB,NYG,2,0.0,544,RB · 141,0.00,544,RB · 141,25,-,0,0,0,0,0,-,0,0,-,0,-,0,0,0,-,0,-,0,0
4992,2024,Dante Pettis,WR,NO,8,32.0,323,WR · 131,4.00,279,WR · 114,29,-,0,0,0,0,0,-,0,0,-,0,-,28,12,120,10,1,15.0,120,1
4992,2022,Dante Pettis,WR,CHI,17,65.2,235,WR · 99,3.84,331,WR · 125,27,-,0,0,0,0,0,-,2,37,18.5,0,2.2,41,19,245,12.89,3,14.4,282,3
4992,2021,Dante Pettis,WR,NYG,3,25.3,363,WR · 147,8.43,191,WR · 73,26,100.0%,1,1,16,0,0,5.3,0,0,-,0,-,16,10,87,8.7,1,29.0,103,1
4992,2020,Dante Pettis,WR,2TM,7,15.6,411,WR · 163,2.23,391,WR · 153,25,-,0,0,0,0,0,-,0,0,-,0,-,6,4,76,19,1,10.9,76,1
4992,2019,Dante Pettis,WR,SF,11,34.5,302,WR · 127,3.14,314,WR · 126,24,100.0%,1,1,16,0,0,1.5,0,0,-,0,-,24,11,109,9.91,2,9.9,125,2
4992,2018,Dante Pettis,WR,SF,12,103.5,168,WR · 71,8.63,171,WR · 63,23,-,0,0,0,0,0,-,1,-2,-2,0,-0.2,45,27,467,17.3,5,38.9,465,5
4718,2024,Dare Ogunbowale,RB,HOU,17,56.0,260,RB · 65,3.29,312,RB · 79,30,-,0,0,0,0,0,-,30,112,3.73,0,6.6,28,19,198,10.42,1,11.6,310,1
4718,2023,Dare Ogunbowale,RB,HOU,10,10.3,439,RB · 113,1.03,460,RB · 124,29,-,0,0,0,0,0,-,8,35,4.38,0,3.5,7,2,18,9,0,1.8,53,0
4718,2022,Dare Ogunbowale,RB,HOU,15,48.7,280,RB · 74,3.25,372,RB · 101,28,-,0,0,0,0,0,-,42,123,2.93,1,8.2,26,20,104,5.2,0,6.9,227,1
4718,2021,Dare Ogunbowale,RB,JAX,13,50.1,290,RB · 79,3.85,357,RB · 99,27,-,0,0,0,0,0,-,43,137,3.19,1,10.5,21,13,114,8.77,1,8.8,251,2
4718,2020,Dare Ogunbowale,RB,JAX,14,29.9,338,RB · 91,2.14,399,RB · 109,26,-,0,0,0,0,0,-,32,145,4.53,0,10.4,20,10,54,5.4,0,3.9,199,0
4718,2019,Dare Ogunbowale,RB,TB,16,75.3,213,RB · 56,4.71,259,RB · 65,25,-,0,0,0,0,0,-,11,17,1.55,2,1.1,46,35,286,8.17,0,17.9,303,2
4718,2018,Dare Ogunbowale,RB,TB,2,0.0,543,RB · 155,0.00,543,RB · 155,24,-,0,0,0,0,0,-,0,0,-,0,-,0,0,0,-,0,-,0,0
4718,2017,Dare Ogunbowale,RB,-,2,0.0,529,RB · 157,0.00,529,RB · 157,-,-,-,-,-,-,-,-,-,-,-,-,-,-,-,-,-,-,-,0,-
8527,2024,Dareke Young,WR,SEA,12,0.0,544,WR · 215,0.00,544,WR · 215,25,-,0,0,0,0,0,-,0,0,-,0,-,1,0,0,-,0,-,0,0
8527,2023,Dareke Young,WR,SEA,5,0.0,537,WR · 205,0.00,537,WR · 205,24,-,0,0,0,0,0,-,0,0,-,0,-,0,0,0,-,0,-,0,0
8527,2022,Dareke Young,WR,SEA,7,4.4,509,WR · 189,0.63,541,WR · 207,23,-,0,0,0,0,0,-,0,0,-,0,-,2,2,24,12,0,3.4,24,0
7316,2021,Darius Bradwell,RB,LAC,2,0.0,582,RB · 165,0.00,582,RB · 165,24,-,0,0,0,0,0,-,0,0,-,0,-,1,0,0,-,0,-,0,0
7316,2020,Darius Bradwell,RB,LAC,2,0.0,560,RB · 158,0.00,560,RB · 158,23,-,0,0,0,0,0,-,0,0,-,0,-,0,0,0,-,0,-,0,0
3371,2018,Darius Jackson,RB,2TM,4,1.6,519,RB · 144,0.40,500,RB · 139,25,-,0,0,0,0,0,-,6,16,2.67,0,4.0,1,0,0,-,0,-,16,0
2602,2018,Darius Jennings,WR,TEN,16,22.1,365,WR · 153,1.38,426,WR · 171,26,100.0%,1,1,21,0,0,1.3,1,2,2,0,0.1,15,11,101,9.18,0,6.3,124,1
6149,2025,Darius Slayton,WR,NYG,14,98.8,176,WR · 63,7.06,201,WR · 71,-,-,0,0,0,0,0,-,0,0,0,0,-,63,37,538,14.5,1,38.4,538,1
6149,2024,Darius Slayton,WR,NYG,16,110.0,171,WR · 73,6.88,216,WR · 87,27,-,0,0,0,0,0,-,2,17,8.5,0,1.1,71,39,573,14.69,2,35.8,590,2
6149,2023,Darius Slayton,WR,NYG,17,151.0,116,WR · 46,8.88,164,WR · 57,26,-,0,0,0,0,0,-,0,0,-,0,-,79,50,770,15.4,4,45.3,770,4
6149,2022,Darius Slayton,WR,NYG,13,128.4,135,WR · 52,9.88,144,WR · 51,25,-,0,0,0,0,0,-,0,0,-,0,-,71,46,724,15.74,2,55.7,724,2
6149,2021,Darius Slayton,WR,NYG,13,68.6,246,WR · 106,5.28,286,WR · 114,24,-,0,0,0,0,0,-,1,-13,-13,0,-1.0,58,26,339,13.04,2,26.1,326,2
6149,2020,Darius Slayton,WR,NYG,16,141.0,130,WR · 54,8.81,179,WR · 71,23,-,0,0,0,0,0,-,2,-1,-0.5,0,-0.1,96,50,751,15.02,3,46.9,750,3
6149,2019,Darius Slayton,WR,NYG,14,170.0,95,WR · 37,12.14,108,WR · 41,22,-,0,0,0,0,0,-,0,0,-,0,-,84,48,740,15.42,8,52.9,740,8
7090,2025,Darnell Mooney,WR,ATL,15,82.3,207,WR · 79,5.49,241,WR · 90,-,-,0,0,0,0,0,-,0,0,0,0,-,72,32,443,13.8,1,29.5,443,1
7090,2024,Darnell Mooney,WR,ATL,16,193.2,79,WR · 31,12.08,106,WR · 38,27,0.0%,0,1,0,0,0,-,0,0,-,0,-,106,64,992,15.5,5,62.0,992,5
7090,2023,Darnell Mooney,WR,CHI,14,78.9,203,WR · 83,5.64,230,WR · 85,26,-,0,0,0,0,0,-,2,5,2.5,0,0.4,61,31,414,13.35,1,29.6,419,1
7090,2022,Darnell Mooney,WR,CHI,11,101.5,173,WR · 72,9.23,160,WR · 56,25,-,0,0,0,0,0,-,1,2,2,0,0.2,61,40,493,12.33,2,44.8,495,2
7090,2021,Darnell Mooney,WR,CHI,17,219.7,58,WR · 23,12.92,93,WR · 33,24,-,0,0,0,0,0,-,6,32,5.33,1,1.9,140,81,1055,13.02,4,62.1,1087,5
7090,2020,Darnell Mooney,WR,CHI,16,152.1,115,WR · 50,9.51,159,WR · 63,23,-,0,0,0,0,0,-,4,20,5,0,1.3,98,61,631,10.34,4,39.4,651,4
9479,2025,Darnell Washington,TE,PIT,16,73.4,221,TE · 39,4.59,262,TE · 42,-,-,0,0,0,0,0,-,0,0,0,0,-,43,31,364,11.7,1,22.8,364,1
9479,2024,Darnell Washington,TE,PIT,17,45.0,283,TE · 48,2.65,339,TE · 53,23,-,0,0,0,0,0,-,0,0,-,0,-,25,19,200,10.53,1,11.8,200,1
9479,2023,Darnell Washington,TE,PIT,15,13.1,418,TE · 82,0.87,475,TE · 91,22,-,0,0,0,0,0,-,0,0,-,0,-,10,7,61,8.71,0,4.1,61,0
5549,2022,Darrel Williams,RB,ARI,5,21.1,379,RB · 103,4.22,315,RB · 83,27,-,0,0,0,0,0,-,21,102,4.86,1,20.4,8,4,9,2.25,0,1.8,111,1
5549,2021,Darrel Williams,RB,KC,17,196.0,75,RB · 19,11.53,122,RB · 33,26,-,0,0,0,0,0,-,144,558,3.88,6,32.8,57,47,452,9.62,2,26.6,1010,8
5549,2020,Darrel Williams,RB,KC,16,54.5,271,RB · 74,3.41,336,RB · 94,25,-,0,0,0,0,0,-,39,169,4.33,1,10.6,26,18,116,6.44,0,7.3,285,1
5549,2019,Darrel Williams,RB,KC,12,67.8,225,RB · 61,5.65,229,RB · 57,24,-,0,0,0,0,0,-,41,141,3.44,3,11.8,19,15,167,11.13,1,13.9,308,4
5549,2018,Darrel Williams,RB,KC,6,16.1,388,RB · 100,2.68,357,RB · 96,23,-,0,0,0,0,0,-,13,44,3.38,0,7.3,3,3,27,9,1,4.5,71,1
4323,2023,Darrell Daniels,TE,DET,2,0.0,537,TE · 114,0.00,537,TE · 114,29,-,0,0,0,0,0,-,0,0,-,0,-,0,0,0,-,0,-,0,0
4323,2021,Darrell Daniels,TE,ARI,10,1.0,568,TE · 118,0.10,578,TE · 120,27,-,0,0,0,0,0,-,0,0,-,0,-,4,1,0,0,0,-,0,0
4323,2020,Darrell Daniels,TE,ARI,12,23.2,367,TE · 71,1.93,417,TE · 77,26,-,0,0,0,0,0,-,0,0,-,0,-,11,8,92,11.5,1,7.7,92,1
4323,2019,Darrell Daniels,TE,ARI,11,1.4,475,TE · 108,0.13,487,TE · 109,25,-,0,0,0,0,0,-,0,0,-,0,-,3,1,4,4,0,0.4,4,0
4323,2018,Darrell Daniels,TE,2TM,11,0.0,543,TE · 118,0.00,543,TE · 118,24,-,0,0,0,0,0,-,0,0,-,0,-,2,0,0,-,0,-,0,0
4323,2017,Darrell Daniels,TE,-,12,5.6,467,TE · 97,0.47,489,TE · 101,-,-,-,-,-,-,-,-,-,-,-,-,-,-,-,-,-,-,-,0,-
5916,2023,Darrell Henderson Jr.,RB,LAR,4,43.5,282,RB · 69,10.88,124,RB · 35,26,-,0,0,0,0,0,-,46,112,2.43,2,28.0,14,10,103,10.3,0,25.8,215,2
5916,2022,Darrell Henderson Jr.,RB,LAR,10,73.5,226,RB · 60,7.35,211,RB · 56,25,-,0,0,0,0,0,-,70,283,4.04,3,28.3,22,17,102,6,0,10.2,385,3
5916,2021,Darrell Henderson Jr.,RB,LAR,12,163.4,104,RB · 27,13.62,89,RB · 22,24,-,0,0,0,0,0,-,149,688,4.62,5,57.3,40,29,176,6.07,3,14.7,864,8
5916,2020,Darrell Henderson Jr.,RB,LAR,15,130.3,143,RB · 35,8.69,183,RB · 43,23,-,0,0,0,0,0,-,138,624,4.52,5,41.6,24,16,159,9.94,1,10.6,783,6
5916,2019,Darrell Henderson Jr.,RB,LAR,13,22.4,342,RB · 94,1.72,374,RB · 96,22,-,0,0,0,0,0,-,39,147,3.77,0,11.3,6,4,37,9.25,0,2.8,184,0
1592,2021,Darren Fells,TE,2TM,3,8.3,466,TE · 91,2.77,411,TE · 75,35,-,0,0,0,0,0,-,0,0,-,0,-,5,4,43,10.75,0,14.3,43,0
1592,2020,Darren Fells,TE,HOU,16,76.2,223,TE · 33,4.76,285,TE · 41,34,-,0,0,0,0,0,-,0,0,-,0,-,28,21,312,14.86,4,19.5,312,4
1592,2019,Darren Fells,TE,HOU,16,110.1,155,TE · 17,6.88,198,TE · 26,33,-,0,0,0,0,0,-,0,0,-,0,-,48,34,341,10.03,7,21.3,341,7
1592,2018,Darren Fells,TE,CLE,16,40.7,302,TE · 50,2.54,365,TE · 68,32,-,0,0,0,0,0,-,0,0,-,0,-,12,11,117,10.64,3,7.3,117,3
1592,2017,Darren Fells,TE,-,16,52.7,259,TE · 42,3.29,316,TE · 50,-,-,-,-,-,-,-,-,-,-,-,-,-,-,-,-,-,-,-,0,-
1592,2016,Darren Fells,TE,-,14,35.4,304,TE · 51,2.53,367,TE · 62,-,-,-,-,-,-,-,-,-,-,-,-,-,-,-,-,-,-,-,0,-
246,2018,Darren Sproles,RB,PHI,6,61.0,249,RB · 74,10.17,138,RB · 38,35,-,0,0,0,0,0,-,29,120,4.14,1,20.0,23,15,160,10.67,2,26.7,280,3
246,2017,Darren Sproles,RB,-,3,18.4,362,RB · 102,6.13,226,RB · 69,-,-,-,-,-,-,-,-,-,-,-,-,-,-,-,-,-,-,-,0,-
246,2016,Darren Sproles,RB,-,15,162.5,109,RB · 24,10.83,124,RB · 31,-,-,-,-,-,-,-,-,-,-,-,-,-,-,-,-,-,-,-,0,-
2505,2025,Darren Waller,TE,MIA,9,88.7,193,TE · 33,9.86,145,TE · 17,-,-,0,0,0,0,0,-,1,4,4,0,0.4,34,24,283,11.8,6,31.4,287,6
2505,2023,Darren Waller,TE,NYG,12,113.2,155,TE · 22,9.43,154,TE · 13,31,-,0,0,0,0,0,-,0,0,-,0,-,74,52,552,10.62,1,46.0,552,1
2505,2022,Darren Waller,TE,LV,9,84.8,205,TE · 31,9.42,155,TE · 12,30,-,0,0,0,0,0,-,0,0,-,0,-,43,28,388,13.86,3,43.1,388,3
2505,2021,Darren Waller,TE,LV,11,133.5,135,TE · 17,12.14,106,TE · 6,29,-,0,0,0,0,0,-,0,0,-,0,-,93,55,665,12.09,2,60.5,665,2
2505,2020,Darren Waller,TE,LV,16,278.6,23,TE · 2,17.41,38,TE · 2,28,-,0,0,0,0,0,-,0,0,-,0,-,145,107,1196,11.18,9,74.8,1196,9
2505,2019,Darren Waller,TE,OAK,16,221.0,59,TE · 3,13.81,85,TE · 6,27,-,0,0,0,0,0,-,2,5,2.5,0,0.3,117,90,1145,12.72,3,71.6,1150,3
2505,2018,Darren Waller,TE,OAK,4,15.6,389,TE · 81,3.90,313,TE · 47,26,-,0,0,0,0,0,-,1,21,21,0,5.3,6,6,75,12.5,0,18.8,96,0
2505,2016,Darren Waller,TE,-,12,30.5,322,TE · 58,2.54,366,TE · 61,-,-,-,-,-,-,-,-,-,-,-,-,-,-,-,-,-,-,-,0,-
6519,2020,Darrius Shepherd,WR,GB,8,7.6,472,WR · 182,0.95,479,WR · 188,25,-,0,0,0,0,0,-,0,0,-,0,-,8,5,46,9.2,0,5.8,46,0
6519,2019,Darrius Shepherd,WR,GB,6,-0.9,574,WR · 219,-0.15,570,WR · 218,24,-,0,0,0,0,0,-,0,0,-,0,-,2,1,1,1,0,0.2,1,0
7064,2024,Darrynton Evans,RB,CHI,2,0.3,540,RB · 138,0.15,532,RB · 137,26,-,0,0,0,0,0,-,3,3,1,0,1.5,0,0,0,-,0,-,3,0
7064,2023,Darrynton Evans,RB,2TM,6,30.0,337,RB · 83,5.00,249,RB · 67,25,-,0,0,0,0,0,-,32,121,3.78,1,20.2,12,7,49,7,0,8.2,170,1
7064,2022,Darrynton Evans,RB,CHI,3,10.7,442,RB · 117,3.57,345,RB · 93,24,-,0,0,0,0,0,-,14,64,4.57,0,21.3,1,1,33,33,0,11.0,97,0
7064,2021,Darrynton Evans,RB,TEN,2,3.8,522,RB · 147,1.90,464,RB · 130,23,-,0,0,0,0,0,-,2,7,3.5,0,3.5,2,2,11,5.5,0,5.5,18,0
7064,2020,Darrynton Evans,RB,TEN,5,16.1,407,RB · 116,3.22,348,RB · 97,22,-,0,0,0,0,0,-,14,54,3.86,0,10.8,4,2,27,13.5,1,5.4,81,1
5722,2019,Darvin Kidsy,WR,WAS,4,0.0,496,WR · 189,0.00,495,WR · 188,24,-,0,0,0,0,0,-,0,0,-,0,-,0,0,0,-,0,-,0,0
5722,2018,Darvin Kidsy,WR,WAS,2,1.8,510,WR · 196,0.90,460,WR · 181,23,-,0,0,0,0,0,-,0,0,-,0,-,2,1,8,8,0,4.0,8,0
6178,2021,Darwin Thompson,RB,-,2,0.0,582,RB · 165,0.00,582,RB · 165,-,-,-,-,-,-,-,-,-,-,-,-,-,-,-,-,-,-,-,0,-
6178,2020,Darwin Thompson,RB,KC,13,33.2,324,RB · 86,2.55,375,RB · 104,23,-,0,0,0,0,0,-,27,97,3.59,1,7.5,11,7,65,9.29,1,5.0,162,2
6178,2019,Darwin Thompson,RB,KC,12,32.1,312,RB · 85,2.68,327,RB · 87,22,-,0,0,0,0,0,-,37,128,3.46,1,10.7,10,9,43,4.78,0,3.6,171,1
5102,2021,Daurice Fountain,WR,KC,1,0.0,582,WR · 225,0.00,582,WR · 225,26,-,0,0,0,0,0,-,0,0,-,0,-,0,0,0,-,0,-,0,0
5102,2020,Daurice Fountain,WR,IND,5,4.3,496,WR · 191,0.86,484,WR · 189,25,-,0,0,0,0,0,-,0,0,-,0,-,3,2,23,11.5,0,4.6,23,0
5102,2019,Daurice Fountain,WR,-,1,0.0,496,WR · 189,0.00,495,WR · 188,-,-,-,-,-,-,-,-,-,-,-,-,-,-,-,-,-,-,-,0,-
5102,2018,Daurice Fountain,WR,IND,1,0.0,543,WR · 206,0.00,543,WR · 206,23,-,0,0,0,0,0,-,0,0,-,0,-,0,0,0,-,0,-,0,0
2133,2025,Davante Adams,WR,LAR,14,222.9,44,WR · 9,15.92,42,WR · 10,-,-,0,0,0,0,0,-,0,0,0,0,-,114,60,789,13.2,14,56.4,789,14
2133,2024,Davante Adams,WR,2TM,14,241.3,45,WR · 11,17.24,31,WR · 9,32,-,0,0,0,0,0,-,0,0,-,0,-,141,85,1063,12.51,8,75.9,1063,8
2133,2023,Davante Adams,WR,LV,17,265.4,29,WR · 10,15.61,53,WR · 16,31,-,0,0,0,0,0,-,0,0,-,0,-,175,103,1144,11.11,8,67.3,1144,8
2133,2022,Davante Adams,WR,LV,17,335.5,9,WR · 3,19.74,13,WR · 4,30,-,0,0,0,0,0,-,3,-1,-0.33,0,-0.1,180,100,1516,15.16,14,89.2,1515,14
2133,2021,Davante Adams,WR,GB,16,344.3,8,WR · 2,21.52,9,WR · 2,29,-,0,0,0,0,0,-,0,0,-,0,-,169,123,1553,12.63,11,97.1,1553,11
2133,2020,Davante Adams,WR,GB,14,358.4,8,WR · 1,25.60,4,WR · 1,28,-,0,0,0,0,0,-,0,0,-,0,-,149,115,1374,11.95,18,98.1,1374,18
2133,2019,Davante Adams,WR,GB,12,212.7,68,WR · 22,17.73,26,WR · 6,27,-,0,0,0,0,0,-,0,0,-,0,-,127,83,997,12.01,5,83.1,997,5
2133,2018,Davante Adams,WR,GB,15,329.6,10,WR · 2,21.97,8,WR · 1,26,-,0,0,0,0,0,-,0,0,-,0,-,169,111,1386,12.49,13,92.4,1386,13
2133,2017,Davante Adams,WR,-,14,222.5,42,WR · 14,15.89,34,WR · 9,-,-,-,-,-,-,-,-,-,-,-,-,-,-,-,-,-,-,-,0,-
2133,2016,Davante Adams,WR,-,16,246.7,34,WR · 9,15.42,38,WR · 10,-,-,-,-,-,-,-,-,-,-,-,-,-,-,-,-,-,-,-,0,-
8118,2025,David Bell,WR,CLE,0,0.0,415,WR · 168,-,-,-,-,-,0,0,0,0,0,-,0,0,0,0,-,0,0,0,0,0,-,0,0
8118,2024,David Bell,WR,CLE,1,5.7,465,WR · 186,5.70,242,WR · 98,24,-,0,0,0,0,0,-,0,0,-,0,-,3,3,27,9,0,27.0,27,0
8118,2023,David Bell,WR,CLE,13,48.7,269,WR · 113,3.75,288,WR · 109,23,-,0,0,0,0,0,-,0,0,-,0,-,23,14,167,11.93,3,12.8,167,3
8118,2022,David Bell,WR,CLE,15,45.4,287,WR · 120,3.03,388,WR · 148,22,-,0,0,0,0,0,-,0,0,-,0,-,35,24,214,8.92,0,14.3,214,0
6450,2022,David Blough,QB,ARI,2,20.6,382,QB · 55,10.30,136,QB · 46,27,65.5%,38,58,402,2,2,201.0,4,5,1.25,0,2.5,0,0,0,-,0,-,407,0
6450,2021,David Blough,QB,DET,1,0.6,576,QB · 71,0.60,544,QB · 69,26,-,0,0,0,0,0,-,1,6,6,0,6.0,0,0,0,-,0,-,6,0
6450,2020,David Blough,QB,DET,1,2.8,516,QB · 68,2.80,362,QB · 62,25,60.0%,6,10,49,0,1,49.0,1,18,18,0,18.0,0,0,0,-,0,-,67,0
6450,2019,David Blough,QB,DET,5,61.4,237,QB · 38,12.28,105,QB · 33,24,54.0%,94,174,984,4,6,196.8,8,31,3.88,0,6.2,1,1,19,19,1,3.8,1034,1
2106,2017,David Fales,QB,-,2,19.4,359,QB · 48,9.70,134,QB · 42,-,-,-,-,-,-,-,-,-,-,-,-,-,-,-,-,-,-,-,0,-
2106,2016,David Fales,QB,-,1,0.9,530,QB · 63,0.90,450,QB · 61,-,-,-,-,-,-,-,-,-,-,-,-,-,-,-,-,-,-,-,0,-
1794,2018,David Fluellen,RB,TEN,7,1.6,519,RB · 144,0.23,521,RB · 148,26,-,0,0,0,0,0,-,4,16,4,0,2.3,0,0,0,-,0,-,16,0
1794,2017,David Fluellen,RB,-,16,2.1,503,RB · 147,0.13,521,RB · 152,-,-,-,-,-,-,-,-,-,-,-,-,-,-,-,-,-,-,-,0,-
2391,2022,David Johnson,RB,NO,4,9.1,459,RB · 126,2.28,436,RB · 116,31,-,0,0,0,0,0,-,12,24,2,0,6.0,4,4,47,11.75,0,11.8,71,0
2391,2021,David Johnson,RB,HOU,13,81.3,214,RB · 61,6.25,255,RB · 70,30,-,0,0,0,0,0,-,67,228,3.4,0,17.5,42,32,225,7.03,1,17.3,453,1
2391,2020,David Johnson,RB,HOU,12,179.5,84,RB · 21,14.96,67,RB · 16,29,-,0,0,0,0,0,-,147,691,4.7,6,57.6,46,33,314,9.52,2,26.2,1005,8
2391,2019,David Johnson,RB,ARI,13,141.5,123,RB · 36,10.88,121,RB · 29,28,-,0,0,0,0,0,-,94,345,3.67,2,26.5,47,36,370,10.28,4,28.5,715,6
2391,2018,David Johnson,RB,ARI,16,246.6,39,RB · 9,15.41,57,RB · 11,27,-,0,0,0,0,0,-,258,940,3.64,7,58.8,76,50,446,8.92,3,27.9,1386,10
2391,2017,David Johnson,RB,-,1,13.0,406,RB · 114,13.00,67,RB · 17,-,-,-,-,-,-,-,-,-,-,-,-,-,-,-,-,-,-,-,0,-
2391,2016,David Johnson,RB,-,16,407.8,1,RB · 1,25.49,2,RB · 2,-,-,-,-,-,-,-,-,-,-,-,-,-,-,-,-,-,-,-,0,-
2391,2016,David Johnson,TE,-,16,17.0,376,TE · 76,1.06,442,TE · 87,-,-,-,-,-,-,-,-,-,-,-,-,-,-,-,-,-,-,-,0,-
12357,2024,David Martin-Robinson,TE,TEN,5,1.6,516,TE · 109,0.32,520,TE · 106,25,-,0,0,0,0,0,-,0,0,-,0,-,2,1,6,6,0,1.2,6,0
5892,2025,David Montgomery,RB,DET,17,166.9,98,RB · 27,9.82,148,RB · 37,-,50.0%,1,2,3,1,0,0.2,158,716,4.53,8,42.1,29,24,192,8,0,11.3,911,8
5892,2024,David Montgomery,RB,DET,14,221.7,58,RB · 18,15.84,51,RB · 16,27,100.0%,1,1,3,1,0,0.2,185,775,4.19,12,55.4,38,36,341,9.47,0,24.4,1119,12
5892,2023,David Montgomery,RB,DET,14,207.2,70,RB · 17,14.80,62,RB · 15,26,-,0,0,0,0,0,-,219,1015,4.63,13,72.5,24,16,117,7.31,0,8.4,1132,13
5892,2022,David Montgomery,RB,CHI,16,177.7,82,RB · 24,11.11,116,RB · 27,25,-,0,0,0,0,0,-,201,801,3.99,5,50.1,40,34,316,9.29,1,19.8,1117,6
5892,2021,David Montgomery,RB,CHI,14,196.0,75,RB · 19,14.00,80,RB · 19,24,0.0%,0,1,0,0,1,-,225,849,3.77,7,60.6,51,42,301,7.17,0,21.5,1150,7
5892,2020,David Montgomery,RB,CHI,15,264.8,30,RB · 4,17.65,35,RB · 8,23,-,0,0,0,0,0,-,247,1070,4.33,8,71.3,68,54,438,8.11,2,29.2,1508,10
5892,2019,David Montgomery,RB,CHI,16,170.4,94,RB · 23,10.65,126,RB · 30,22,-,0,0,0,0,0,-,242,889,3.67,6,55.6,35,25,185,7.4,1,11.6,1074,7
4274,2024,David Moore,WR,CAR,17,85.1,211,WR · 88,5.01,254,WR · 102,29,-,0,0,0,0,0,-,1,0,0,0,-,57,32,351,10.97,3,20.6,351,3
4274,2023,David Moore,WR,TB,7,20.4,381,WR · 158,2.91,332,WR · 131,28,-,0,0,0,0,0,-,0,0,-,0,-,7,5,94,18.8,1,13.4,94,1
4274,2021,David Moore,WR,2TM,2,0.0,582,WR · 225,0.00,582,WR · 225,26,-,0,0,0,0,0,-,0,0,-,0,-,2,0,0,-,0,-,0,0
4274,2020,David Moore,WR,SEA,16,118.8,157,WR · 64,7.43,217,WR · 85,25,-,0,0,0,0,0,-,8,61,7.63,0,3.8,47,35,417,11.91,6,26.1,478,6
4274,2019,David Moore,WR,SEA,15,59.6,240,WR · 97,3.97,288,WR · 116,24,-,0,0,0,0,0,-,3,25,8.33,0,1.7,34,17,301,17.71,2,20.1,326,2
4274,2018,David Moore,WR,SEA,16,101.0,171,WR · 72,6.31,227,WR · 92,23,-,0,0,0,0,0,-,1,5,5,0,0.3,53,26,445,17.12,5,27.8,450,5
4274,2017,David Moore,WR,-,1,0.0,529,WR · 200,0.00,529,WR · 200,-,-,-,-,-,-,-,-,-,-,-,-,-,-,-,-,-,-,-,0,-
4033,2025,David Njoku,TE,CLE,12,86.3,200,TE · 34,7.19,196,TE · 28,-,-,0,0,0,0,0,-,0,0,0,0,-,48,33,293,8.9,4,24.4,293,4
4033,2024,David Njoku,TE,CLE,11,148.5,115,TE · 11,13.50,86,TE · 4,28,-,0,0,0,0,0,-,0,0,-,0,-,97,64,505,7.89,5,45.9,505,5
4033,2023,David Njoku,TE,CLE,16,201.2,78,TE · 6,12.58,96,TE · 7,27,-,0,0,0,0,0,-,0,0,-,0,-,123,81,882,10.89,6,55.1,882,6
4033,2022,David Njoku,TE,CLE,14,142.0,122,TE · 11,10.14,140,TE · 8,26,-,0,0,0,0,0,-,2,-8,-4,0,-0.6,80,58,628,10.83,4,44.9,620,4
4033,2021,David Njoku,TE,CLE,15,107.6,171,TE · 23,7.17,224,TE · 25,25,-,0,0,0,0,0,-,1,1,1,0,0.1,53,36,475,13.19,4,31.7,476,4
4033,2020,David Njoku,TE,CLE,13,52.3,280,TE · 48,4.02,314,TE · 49,24,-,0,0,0,0,0,-,0,0,-,0,-,29,19,213,11.21,2,16.4,213,2
4033,2019,David Njoku,TE,CLE,4,15.1,376,TE · 80,3.78,296,TE · 49,23,-,0,0,0,0,0,-,0,0,-,0,-,10,5,41,8.2,1,10.3,41,1
4033,2018,David Njoku,TE,CLE,16,143.9,113,TE · 9,8.99,164,TE · 16,22,-,0,0,0,0,0,-,0,0,-,0,-,88,56,639,11.41,4,39.9,639,4
4033,2017,David Njoku,TE,-,16,94.7,173,TE · 24,5.92,232,TE · 28,-,-,-,-,-,-,-,-,-,-,-,-,-,-,-,-,-,-,-,0,-
6154,2023,David Sills,WR,DEN,3,0.0,537,WR · 205,0.00,537,WR · 205,27,-,0,0,0,0,0,-,0,0,-,0,-,0,0,0,-,0,-,0,0
6154,2022,David Sills,WR,NYG,7,21.6,377,WR · 146,3.09,383,WR · 146,26,-,0,0,0,0,0,-,0,0,-,0,-,17,11,106,9.64,0,15.1,106,0
6154,2021,David Sills,WR,NYG,4,3.7,523,WR · 206,0.93,523,WR · 204,25,-,0,0,0,0,0,-,0,0,-,0,-,6,2,17,8.5,0,4.3,17,0
5235,2023,David Wells,TE,TB,2,1.0,532,TE · 113,0.50,506,TE · 102,28,-,0,0,0,0,0,-,0,0,-,0,-,2,2,-10,-5,0,-5.0,-10,0
6380,2021,Davion Davis,WR,HOU,2,2.7,540,WR · 212,1.35,501,WR · 194,25,-,0,0,0,0,0,-,0,0,-,0,-,3,1,17,17,0,8.5,17,0
6380,2019,Davion Davis,WR,MIN,2,0.0,496,WR · 189,0.00,495,WR · 188,23,-,0,0,0,0,0,-,0,0,-,0,-,0,0,0,-,0,-,0,0
10214,2025,Davis Allen,TE,LAR,17,62.8,244,TE · 43,3.69,298,TE · 50,-,-,0,0,0,0,0,-,0,0,0,0,-,33,24,208,8.7,3,12.2,208,3
10214,2024,Davis Allen,TE,LAR,14,9.9,430,TE · 90,0.71,480,TE · 93,23,-,0,0,0,0,0,-,0,0,-,0,-,13,6,39,6.5,0,2.8,39,0
10214,2023,Davis Allen,TE,LAR,13,25.5,357,TE · 70,1.96,401,TE · 72,22,-,0,0,0,0,0,-,0,0,-,0,-,11,10,95,9.5,1,7.3,95,1
8560,2022,Davis Cheek,QB,-,1,0.0,571,QB · 80,0.00,571,QB · 80,-,-,-,-,-,-,-,-,-,-,-,-,-,-,-,-,-,-,-,0,-
7585,2025,Davis Mills,QB,HOU,6,69.6,230,QB · 41,11.60,108,QB · 39,-,57.2%,91,159,915,5,1,152.5,13,60,4.62,1,10.0,0,0,0,0,0,-,975,1
7585,2024,Davis Mills,QB,HOU,4,9.6,433,QB · 61,2.40,352,QB · 62,26,55.6%,20,36,212,0,0,53.0,3,11,3.67,0,2.8,0,0,0,-,0,-,223,0
7585,2023,Davis Mills,QB,HOU,6,17.8,393,QB · 59,2.97,329,QB · 63,25,46.2%,18,39,173,2,0,28.8,2,9,4.5,0,1.5,0,0,0,-,0,-,182,0
7585,2022,Davis Mills,QB,HOU,15,196.5,69,QB · 21,13.10,81,QB · 33,24,61.0%,292,479,3118,17,15,207.9,32,108,3.38,2,7.2,0,0,0,-,0,-,3226,2
7585,2021,Davis Mills,QB,HOU,13,167.0,97,QB · 29,12.85,94,QB · 35,23,66.8%,263,394,2664,16,10,204.9,18,44,2.44,0,3.4,0,0,0,-,0,-,2708,0
4061,2022,Davis Webb,QB,NYG,1,20.8,381,QB · 54,20.80,9,QB · 5,27,57.5%,23,40,168,1,0,168.0,6,41,6.83,1,41.0,0,0,0,-,0,-,209,1
4061,2021,Davis Webb,QB,BUF,1,-0.3,663,QB · 79,-0.30,668,QB · 81,26,-,0,0,0,0,0,-,2,-3,-1.5,0,-3.0,0,0,0,-,0,-,-3,0
5906,2025,Dawson Knox,TE,BUF,17,103.7,168,TE · 28,6.10,221,TE · 34,-,-,0,0,0,0,0,-,0,0,0,0,-,49,36,417,11.6,4,24.5,417,4
5906,2024,Dawson Knox,TE,BUF,16,59.1,252,TE · 42,3.69,294,TE · 43,28,-,0,0,0,0,0,-,0,0,-,0,-,33,22,311,14.14,1,19.4,311,1
5906,2023,Dawson Knox,TE,BUF,12,54.6,254,TE · 41,4.55,258,TE · 36,27,-,0,0,0,0,0,-,0,0,-,0,-,36,22,186,8.45,2,15.5,186,2
5906,2022,Dawson Knox,TE,BUF,15,135.7,127,TE · 14,9.05,165,TE · 15,26,-,0,0,0,0,0,-,0,0,-,0,-,65,48,517,10.77,6,34.5,517,6
5906,2021,Dawson Knox,TE,BUF,15,164.1,103,TE · 11,10.94,133,TE · 9,25,-,0,0,0,0,0,-,0,4,-,0,0.3,71,49,587,11.98,9,39.1,591,9
5906,2020,Dawson Knox,TE,BUF,12,66.8,240,TE · 38,5.57,256,TE · 33,24,-,0,0,0,0,0,-,0,0,-,0,-,44,24,288,12,3,24.0,288,3
5906,2019,Dawson Knox,TE,BUF,15,79.7,206,TE · 33,5.31,240,TE · 38,23,-,0,0,0,0,0,-,1,9,9,0,0.6,50,28,388,13.86,2,25.9,397,2
7751,2023,Dax Milne,WR,-,1,0.0,537,WR · 205,0.00,537,WR · 205,-,-,-,-,-,-,-,-,-,-,-,-,-,-,-,-,-,-,-,0,-
7751,2022,Dax Milne,WR,WAS,15,15.7,411,WR · 155,1.05,510,WR · 196,23,-,0,0,0,0,0,-,0,0,-,0,-,7,6,37,6.17,1,2.5,37,1
7751,2021,Dax Milne,WR,WAS,9,15.4,416,WR · 164,1.71,473,WR · 183,22,-,0,0,0,0,0,-,1,1,1,0,0.1,14,9,83,9.22,0,9.2,84,0
8928,2022,Daylen Baldwin,WR,CLE,1,4.5,507,WR · 187,4.50,301,WR · 115,23,-,0,0,0,0,0,-,0,0,-,0,-,2,2,25,12.5,0,25.0,25,0
7586,2021,Dazz Newsome,WR,CHI,3,4.3,515,WR · 204,1.43,493,WR · 191,22,-,0,0,0,0,0,-,0,0,-,0,-,5,2,23,11.5,0,7.7,23,0
2023,2018,De'Anthony Thomas,WR,KC,5,12.5,411,WR · 164,2.50,368,WR · 148,25,-,0,0,0,0,0,-,1,6,6,0,1.2,5,3,29,9.67,1,5.8,35,1
2023,2017,De'Anthony Thomas,WR,-,16,40.7,294,WR · 119,2.54,356,WR · 138,-,-,-,-,-,-,-,-,-,-,-,-,-,-,-,-,-,-,-,0,-
2023,2016,De'Anthony Thomas,WR,-,12,13.4,400,WR · 161,1.12,438,WR · 165,-,-,-,-,-,-,-,-,-,-,-,-,-,-,-,-,-,-,-,0,-
5464,2018,De'Lance Turner,RB,BAL,4,4.1,476,RB · 130,1.03,447,RB · 121,23,-,0,0,0,0,0,-,1,4,4,0,1.0,2,2,17,8.5,0,4.3,21,0
9226,2025,De'Von Achane,RB,MIA,16,322.8,14,RB · 5,20.18,14,RB · 5,-,-,0,0,0,0,0,-,238,1350,5.67,8,84.4,85,67,488,7.3,4,30.5,1838,12
9226,2024,De'Von Achane,RB,MIA,17,299.9,18,RB · 5,17.64,26,RB · 6,23,-,0,0,0,0,0,-,203,907,4.47,6,53.4,87,78,592,7.59,6,34.8,1499,12
9226,2023,De'Von Achane,RB,MIA,11,190.7,85,RB · 24,17.34,28,RB · 5,22,-,0,0,0,0,0,-,103,800,7.77,8,72.7,37,27,197,7.3,3,17.9,997,11
2750,2024,DeAndre Carter,WR,CHI,13,14.2,397,WR · 157,1.09,439,WR · 175,31,-,0,0,0,0,0,-,0,0,-,0,-,14,9,72,8,0,5.5,72,0
2750,2023,DeAndre Carter,WR,LV,17,9.7,444,WR · 176,0.57,497,WR · 194,30,-,0,0,0,0,0,-,3,18,6,0,1.1,7,4,39,9.75,0,2.3,57,0
2750,2022,DeAndre Carter,WR,LAC,17,112.3,157,WR · 63,6.61,232,WR · 89,29,-,0,0,0,0,0,-,2,-15,-7.5,0,-0.9,65,46,538,11.7,3,31.6,523,3
2750,2021,DeAndre Carter,WR,WAS,17,86.5,203,WR · 83,5.09,292,WR · 116,28,-,0,0,0,0,0,-,10,89,8.9,0,5.2,44,24,296,12.33,3,17.4,385,4
2750,2020,DeAndre Carter,WR,2TM,13,-0.2,641,WR · 239,-0.02,641,WR · 239,27,-,0,0,0,0,0,-,0,0,-,0,-,2,1,8,8,0,0.6,8,0
2750,2019,DeAndre Carter,WR,HOU,16,25.2,331,WR · 133,1.58,381,WR · 152,26,-,0,0,0,0,0,-,0,0,-,0,-,14,11,162,14.73,0,10.1,162,0
2750,2018,DeAndre Carter,WR,2TM,14,42.3,296,WR · 124,3.02,345,WR · 140,25,-,0,0,0,0,0,-,1,7,7,0,0.5,25,22,216,9.82,0,15.4,223,0
1426,2025,DeAndre Hopkins,WR,BAL,17,67.0,234,WR · 93,3.94,286,WR · 112,-,-,0,0,0,0,0,-,0,0,0,0,-,39,22,330,15,2,19.4,330,2
1426,2024,DeAndre Hopkins,WR,2TM,16,147.0,117,WR · 48,9.19,160,WR · 57,32,-,0,0,0,0,0,-,0,0,-,0,-,80,56,610,10.89,5,38.1,610,5
1426,2023,DeAndre Hopkins,WR,TEN,17,223.6,55,WR · 22,13.15,89,WR · 30,31,0.0%,0,1,0,0,0,-,2,9,4.5,0,0.5,137,75,1057,14.09,7,62.2,1066,7
1426,2022,DeAndre Hopkins,WR,ARI,9,151.7,113,WR · 47,16.86,33,WR · 10,30,-,0,0,0,0,0,-,0,0,-,0,-,96,64,717,11.2,3,79.7,717,3
1426,2021,DeAndre Hopkins,WR,ARI,10,147.2,119,WR · 46,14.72,62,WR · 22,29,-,0,0,0,0,0,-,0,0,-,0,-,64,42,572,13.62,8,57.2,572,8
1426,2020,DeAndre Hopkins,WR,ARI,16,287.8,20,WR · 4,17.99,29,WR · 5,28,-,0,0,0,0,0,-,1,1,1,0,0.1,160,115,1407,12.23,6,87.9,1408,6
1426,2019,DeAndre Hopkins,WR,HOU,15,269.5,23,WR · 5,17.97,23,WR · 4,27,50.0%,1,2,6,1,1,0.4,2,18,9,0,1.2,150,104,1165,11.2,7,77.7,1189,7
1426,2018,DeAndre Hopkins,WR,HOU,16,333.5,8,WR · 1,20.84,14,WR · 3,26,0.0%,0,1,0,0,0,-,1,-7,-7,0,-0.4,163,115,1572,13.67,11,98.3,1565,11
1426,2017,DeAndre Hopkins,WR,-,15,309.8,6,WR · 2,20.65,7,WR · 2,-,-,-,-,-,-,-,-,-,-,-,-,-,-,-,-,-,-,-,0,-
1426,2016,DeAndre Hopkins,WR,-,16,197.4,69,WR · 26,12.34,94,WR · 34,-,-,-,-,-,-,-,-,-,-,-,-,-,-,-,-,-,-,-,0,-
3300,2020,DeAndre Washington,RB,2TM,4,17.1,400,RB · 111,4.28,301,RB · 83,27,-,0,0,0,0,0,-,31,91,2.94,0,22.8,10,5,30,6,0,7.5,121,0
3300,2019,DeAndre Washington,RB,OAK,16,121.9,140,RB · 39,7.62,181,RB · 48,26,-,0,0,0,0,0,-,108,387,3.58,3,24.2,41,36,292,8.11,0,18.3,679,3
3300,2018,DeAndre Washington,RB,OAK,10,11.4,419,RB · 111,1.14,440,RB · 117,25,-,0,0,0,0,0,-,30,115,3.83,0,11.5,1,1,9,9,0,0.9,124,0
3300,2017,DeAndre Washington,RB,-,15,85.0,193,RB · 58,5.67,244,RB · 74,-,-,-,-,-,-,-,-,-,-,-,-,-,-,-,-,-,-,-,0,-
3300,2016,DeAndre Washington,RB,-,14,85.2,204,RB · 56,6.09,237,RB · 71,-,-,-,-,-,-,-,-,-,-,-,-,-,-,-,-,-,-,-,0,-
2801,2019,DeAndrew White,WR,CAR,10,9.1,405,WR · 158,0.91,412,WR · 164,28,-,0,0,0,0,0,-,0,0,-,0,-,9,4,51,12.75,0,5.1,51,0
2801,2017,DeAndrew White,WR,-,2,3.4,489,WR · 183,1.70,393,WR · 154,-,-,-,-,-,-,-,-,-,-,-,-,-,-,-,-,-,-,-,0,-
4146,2021,Dede Westbrook,WR,MIN,15,16.8,406,WR · 161,1.12,509,WR · 197,28,-,0,0,0,0,0,-,0,0,-,0,-,15,10,68,6.8,0,4.5,68,0
4146,2020,Dede Westbrook,WR,JAX,2,-0.6,644,WR · 240,-0.30,644,WR · 241,27,-,0,0,0,0,0,-,0,0,-,0,-,1,1,4,4,0,2.0,4,0
4146,2019,Dede Westbrook,WR,JAX,15,156.7,106,WR · 42,10.45,129,WR · 50,26,-,0,0,0,0,0,-,5,27,5.4,0,1.8,101,66,660,10,3,44.0,687,3
4146,2018,Dede Westbrook,WR,JAX,16,173.5,84,WR · 33,10.84,123,WR · 45,25,0.0%,0,1,0,0,0,-,9,98,10.89,0,6.1,101,66,717,10.86,5,44.8,815,6
4146,2017,Dede Westbrook,WR,-,7,66.9,227,WR · 89,9.56,140,WR · 51,-,-,-,-,-,-,-,-,-,-,-,-,-,-,-,-,-,-,-,0,-
7612,2024,Dee Eskridge,WR,MIA,6,7.4,448,WR · 175,1.23,427,WR · 170,27,-,0,0,0,0,0,-,0,0,-,0,-,3,3,44,14.67,0,7.3,44,0
7612,2023,Dee Eskridge,WR,SEA,4,0.5,536,WR · 204,0.13,534,WR · 204,26,-,0,0,0,0,0,-,2,5,2.5,0,1.3,1,0,0,-,0,-,5,0
7612,2022,Dee Eskridge,WR,SEA,9,13.8,418,WR · 158,1.53,480,WR · 181,25,-,0,0,0,0,0,-,2,10,5,0,1.1,13,7,58,8.29,0,6.4,68,0
7612,2021,Dee Eskridge,WR,SEA,8,28.3,356,WR · 145,3.54,372,WR · 144,24,-,0,0,0,0,0,-,4,59,14.75,0,7.4,20,10,64,6.4,1,8.0,123,1
5872,2025,Deebo Samuel Sr.,WR,WAS,16,188.2,74,WR · 25,11.76,106,WR · 34,-,-,0,0,0,0,0,-,17,75,4.41,1,4.7,99,72,727,10.1,5,45.4,802,6
5872,2024,Deebo Samuel Sr.,WR,SF,15,153.6,111,WR · 44,10.24,142,WR · 51,28,-,0,0,0,0,0,-,42,136,3.24,1,9.1,81,51,670,13.14,3,44.7,806,4
5872,2023,Deebo Samuel Sr.,WR,SF,15,243.7,40,WR · 15,16.25,42,WR · 13,27,0.0%,0,1,0,0,0,-,37,225,6.08,5,15.0,89,60,892,14.87,7,59.5,1117,12
5872,2022,Deebo Samuel Sr.,WR,SF,13,168.4,92,WR · 38,12.95,84,WR · 29,26,-,0,0,0,0,0,-,42,232,5.52,3,17.8,94,56,632,11.29,2,48.6,864,5
5872,2021,Deebo Samuel Sr.,WR,SF,16,339.0,10,WR · 3,21.19,12,WR · 3,25,50.0%,1,2,24,1,0,1.5,59,365,6.19,8,22.8,121,77,1405,18.25,6,87.8,1794,14
5872,2020,Deebo Samuel Sr.,WR,SF,7,80.7,217,WR · 95,11.53,121,WR · 46,24,-,0,0,0,0,0,-,8,26,3.25,0,3.7,44,33,391,11.85,1,55.9,417,1
5872,2019,Deebo Samuel Sr.,WR,SF,15,189.1,85,WR · 31,12.61,94,WR · 33,23,-,0,0,0,0,0,-,14,159,11.36,3,10.6,81,57,802,14.07,3,53.5,961,6
6931,2024,DeeJay Dallas,RB,ARI,16,21.0,360,RB · 99,1.31,422,RB · 115,26,-,0,0,0,0,0,-,9,49,5.44,0,3.1,3,3,11,3.67,1,0.7,60,2
6931,2023,DeeJay Dallas,RB,SEA,17,8.2,451,RB · 116,0.48,507,RB · 135,25,-,0,0,0,0,0,-,10,36,3.6,0,2.1,9,6,26,4.33,0,1.5,62,0
6931,2022,DeeJay Dallas,RB,SEA,15,47.2,283,RB · 75,3.15,380,RB · 104,24,0.0%,0,1,0,0,1,-,35,186,5.31,0,12.4,19,17,126,7.41,0,8.4,312,0
6931,2021,DeeJay Dallas,RB,SEA,17,60.1,263,RB · 71,3.54,373,RB · 104,23,-,0,0,0,0,0,-,33,138,4.18,2,8.1,23,21,133,6.33,0,7.8,271,2
6931,2020,DeeJay Dallas,RB,SEA,12,56.9,266,RB · 72,4.74,286,RB · 77,22,-,0,0,0,0,0,-,34,108,3.18,2,9.0,20,17,111,6.53,1,9.3,219,3
284,2018,Delanie Walker,TE,TEN,1,9.2,433,TE · 96,9.20,155,TE · 14,34,-,0,0,0,0,0,-,0,0,-,0,-,7,4,52,13,0,52.0,52,0
284,2017,Delanie Walker,TE,-,16,174.5,75,TE · 4,10.91,111,TE · 6,-,-,-,-,-,-,-,-,-,-,-,-,-,-,-,-,-,-,-,0,-
284,2016,Delanie Walker,TE,-,15,188.1,85,TE · 5,12.54,90,TE · 6,-,-,-,-,-,-,-,-,-,-,-,-,-,-,-,-,-,-,-,0,-
3286,2025,Demarcus Robinson,WR,SF,14,58.2,253,WR · 99,4.16,278,WR · 108,-,-,0,0,0,0,0,-,1,6,6,0,0.4,35,22,276,12.6,1,19.7,282,1
3286,2024,Demarcus Robinson,WR,LAR,17,123.5,149,WR · 63,7.26,204,WR · 79,30,-,0,0,0,0,0,-,0,0,-,0,-,64,31,505,16.29,7,29.7,505,7
3286,2023,Demarcus Robinson,WR,LAR,9,87.4,193,WR · 79,9.71,147,WR · 50,29,-,0,0,0,0,0,-,1,23,23,0,2.6,39,26,371,14.27,4,41.2,394,4
3286,2022,Demarcus Robinson,WR,BAL,16,103.8,170,WR · 69,6.49,237,WR · 90,28,-,0,0,0,0,0,-,0,0,-,0,-,75,48,458,9.54,2,28.6,458,2
3286,2021,Demarcus Robinson,WR,KC,15,69.4,242,WR · 104,4.63,313,WR · 124,27,-,0,0,0,0,0,-,0,0,-,0,-,41,25,264,10.56,3,17.6,264,3
3286,2020,Demarcus Robinson,WR,KC,15,107.6,169,WR · 70,7.17,227,WR · 91,26,-,0,0,0,0,0,-,0,0,-,0,-,59,45,466,10.36,3,31.1,466,3
3286,2019,Demarcus Robinson,WR,KC,16,100.9,168,WR · 69,6.31,213,WR · 84,25,-,0,0,0,0,0,-,0,0,-,0,-,55,32,449,14.03,4,28.1,449,4
3286,2018,Demarcus Robinson,WR,KC,16,74.8,220,WR · 90,4.68,285,WR · 116,24,-,0,0,0,0,0,-,0,0,-,0,-,33,22,288,13.09,4,18.0,288,4
3286,2017,Demarcus Robinson,WR,-,16,42.2,288,WR · 116,2.64,345,WR · 133,-,-,-,-,-,-,-,-,-,-,-,-,-,-,-,-,-,-,-,0,-
3286,2016,Demarcus Robinson,WR,-,16,0.0,540,WR · 193,0.00,540,WR · 193,-,-,-,-,-,-,-,-,-,-,-,-,-,-,-,-,-,-,-,0,-
9501,2025,DeMario Douglas,WR,NE,17,95.8,178,WR · 65,5.64,237,WR · 87,-,-,0,0,0,0,0,-,7,21,3,0,1.2,46,31,447,14.4,3,26.3,468,3
9501,2024,DeMario Douglas,WR,NE,17,147.7,116,WR · 47,8.69,171,WR · 63,24,-,0,0,0,0,0,-,3,16,5.33,0,0.9,87,66,621,9.41,3,36.5,637,3
9501,2023,DeMario Douglas,WR,NE,14,107.2,164,WR · 64,7.66,187,WR · 70,23,-,0,0,0,0,0,-,8,41,5.13,0,2.9,79,49,561,11.45,0,40.1,602,0
7609,2022,Demetric Felton Jr.,RB,CLE,6,2.4,534,RB · 146,0.40,557,RB · 153,24,-,0,0,0,0,0,-,1,-4,-4,0,-0.7,4,2,8,4,0,1.3,4,0
7609,2021,Demetric Felton Jr.,RB,CLE,15,50.5,287,RB · 78,3.37,387,RB · 110,23,-,0,0,0,0,0,-,7,24,3.43,0,1.6,21,18,181,10.06,2,12.1,205,2
1619,2021,Demetrius Harris,TE,ARI,10,4.0,519,TE · 106,0.40,560,TE · 117,30,-,0,0,0,0,0,-,0,0,-,0,-,6,3,10,3.33,0,1.0,10,0
1619,2020,Demetrius Harris,TE,CHI,15,11.5,437,TE · 83,0.77,492,TE · 91,29,-,0,0,0,0,0,-,0,0,-,0,-,14,7,45,6.43,0,3.0,45,0
1619,2019,Demetrius Harris,TE,CLE,15,49.9,258,TE · 44,3.33,307,TE · 53,28,-,0,0,0,0,0,-,0,0,-,0,-,27,15,149,9.93,3,9.9,149,3
1619,2018,Demetrius Harris,TE,KC,15,46.4,281,TE · 43,3.09,341,TE · 58,27,-,0,0,0,0,0,-,0,0,-,0,-,25,12,164,13.67,3,10.9,164,3
1619,2017,Demetrius Harris,TE,-,16,46.4,273,TE · 46,2.90,331,TE · 53,-,-,-,-,-,-,-,-,-,-,-,-,-,-,-,-,-,-,-,0,-
1619,2016,Demetrius Harris,TE,-,16,37.3,289,TE · 49,2.33,373,TE · 63,-,-,-,-,-,-,-,-,-,-,-,-,-,-,-,-,-,-,-,0,-
7279,2020,DeMichael Harris,WR,IND,7,22.5,372,WR · 156,3.21,349,WR · 138,22,-,0,0,0,0,0,-,6,46,7.67,0,6.6,10,10,79,7.9,0,11.3,125,0
8801,2022,Dennis Houston,WR,DAL,2,3.6,520,WR · 196,1.80,461,WR · 172,23,-,0,0,0,0,0,-,0,0,-,0,-,6,2,16,8,0,8.0,16,0
6849,2022,Denzel Mims,WR,NYJ,9,29.6,343,WR · 138,3.29,370,WR · 142,25,-,0,0,0,0,0,-,0,0,-,0,-,25,11,186,16.91,0,20.7,186,0
6849,2021,Denzel Mims,WR,NYJ,10,21.3,380,WR · 152,2.13,451,WR · 177,24,-,0,0,0,0,0,-,0,0,-,0,-,23,8,133,16.63,0,13.3,133,0
6849,2020,Denzel Mims,WR,NYJ,9,60.7,256,WR · 104,6.74,235,WR · 95,23,-,0,0,0,0,0,-,0,0,-,0,-,44,23,357,15.52,0,39.7,357,0
5101,2020,Deon Cain,WR,PIT,2,0.0,560,WR · 208,0.00,560,WR · 208,24,-,0,0,0,0,0,-,0,0,-,0,-,0,0,0,-,0,-,0,0
5101,2019,Deon Cain,WR,2TM,13,21.4,345,WR · 137,1.65,378,WR · 150,23,-,0,0,0,0,0,-,0,0,-,0,-,20,9,124,13.78,0,9.5,124,0
7551,2023,Deon Jackson,RB,3TM,2,4.0,487,RB · 126,2.00,395,RB · 104,24,-,0,0,0,0,0,-,14,16,1.14,0,8.0,6,5,14,2.8,0,7.0,30,0
7551,2022,Deon Jackson,RB,IND,12,84.5,206,RB · 55,7.04,218,RB · 58,23,-,0,0,0,0,0,-,68,236,3.47,1,19.7,34,30,209,6.97,1,17.4,445,2
7551,2021,Deon Jackson,RB,IND,5,9.1,458,RB · 128,1.82,468,RB · 131,22,-,0,0,0,0,0,-,13,31,2.38,1,6.2,0,0,0,-,0,-,31,1
5277,2021,Deon Yelder,TE,TB,2,1.0,568,TE · 118,0.50,553,TE · 115,26,-,0,0,0,0,0,-,0,0,-,0,-,1,1,0,0,0,-,0,0
5277,2020,Deon Yelder,TE,KC,14,10.6,442,TE · 85,0.76,494,TE · 93,25,-,0,0,0,0,0,-,0,0,-,0,-,11,7,36,5.14,0,2.6,36,0
5277,2019,Deon Yelder,TE,KC,10,8.0,411,TE · 87,0.80,422,TE · 93,24,-,0,0,0,0,0,-,0,0,-,0,-,4,3,50,16.67,0,5.0,50,0
5277,2018,Deon Yelder,TE,KC,3,0.0,543,TE · 118,0.00,543,TE · 118,23,-,0,0,0,0,0,-,0,0,-,0,-,0,0,0,-,0,-,0,0
5290,2020,Deontay Burnett,WR,PHI,2,4.9,491,WR · 190,2.45,379,WR · 149,23,-,0,0,0,0,0,-,0,0,-,0,-,4,3,19,6.33,0,9.5,19,0
5290,2019,Deontay Burnett,WR,PHI,2,6.8,419,WR · 164,3.40,303,WR · 121,22,-,0,0,0,0,0,-,0,0,-,0,-,4,2,48,24,0,24.0,48,0
5290,2018,Deontay Burnett,WR,NYJ,5,24.3,353,WR · 148,4.86,278,WR · 112,21,-,0,0,0,0,0,-,0,0,-,0,-,15,10,143,14.3,0,28.6,143,0
6234,2024,Deonte Harty,WR,BAL,5,0.0,544,WR · 215,0.00,544,WR · 215,27,-,0,0,0,0,0,-,0,0,-,0,-,0,0,0,-,0,-,0,0
6234,2023,Deonte Harty,WR,BUF,16,40.0,295,WR · 122,2.50,362,WR · 140,26,-,0,0,0,0,0,-,4,0,0,0,-,21,15,150,10,1,9.4,150,2
6234,2022,Deonte Harty,WR,NO,4,1.3,555,WR · 212,0.33,561,WR · 214,25,-,0,0,0,0,0,-,0,0,-,0,-,2,2,13,6.5,0,3.3,13,0
6234,2021,Deonte Harty,WR,NO,13,113.1,163,WR · 62,8.70,182,WR · 67,24,-,0,0,0,0,0,-,5,41,8.2,0,3.2,59,36,570,15.83,3,43.8,611,3
6234,2020,Deonte Harty,WR,NO,9,47.7,286,WR · 118,5.30,266,WR · 109,23,-,0,0,0,0,0,-,6,51,8.5,0,5.7,25,20,186,9.3,1,20.7,237,1
6234,2019,Deonte Harty,WR,NO,14,15.5,371,WR · 144,1.11,403,WR · 161,22,-,0,0,0,0,0,-,4,31,7.75,0,2.2,6,6,24,4,0,1.7,55,1
2028,2024,Derek Carr,QB,NO,10,155.9,109,QB · 26,15.59,56,QB · 22,33,67.7%,189,279,2145,15,5,214.5,17,71,4.18,1,7.1,0,0,0,-,0,-,2216,1
2028,2023,Derek Carr,QB,NO,17,249.1,37,QB · 16,14.65,63,QB · 29,32,68.4%,375,548,3878,25,8,228.1,32,40,1.25,0,2.4,0,0,0,-,0,-,3918,0
2028,2022,Derek Carr,QB,LV,15,233.1,42,QB · 17,15.54,44,QB · 22,31,60.8%,305,502,3522,24,14,234.8,24,102,4.25,0,6.8,0,0,0,-,0,-,3624,0
2028,2021,Derek Carr,QB,LV,17,271.0,26,QB · 13,15.94,43,QB · 18,30,68.4%,428,626,4804,23,14,282.6,40,108,2.7,0,6.4,0,0,0,-,0,-,4912,0
2028,2020,Derek Carr,QB,LV,16,281.1,22,QB · 13,17.57,36,QB · 21,29,67.3%,348,517,4103,27,9,256.4,39,140,3.59,3,8.8,0,0,0,-,0,-,4243,3
2028,2019,Derek Carr,QB,OAK,16,252.4,34,QB · 17,15.78,48,QB · 24,28,70.4%,361,513,4054,21,8,253.4,27,82,3.04,2,5.1,0,0,0,-,0,-,4136,2
2028,2018,Derek Carr,QB,OAK,16,216.8,53,QB · 18,13.55,79,QB · 29,27,68.9%,381,553,4049,19,10,253.1,24,47,1.96,1,2.9,1,1,-9,-9,0,-0.6,4087,1
2028,2017,Derek Carr,QB,-,15,206.3,47,QB · 19,13.75,58,QB · 24,-,-,-,-,-,-,-,-,-,-,-,-,-,-,-,-,-,-,-,0,-
2028,2016,Derek Carr,QB,-,15,268.7,22,QB · 11,17.91,22,QB · 10,-,-,-,-,-,-,-,-,-,-,-,-,-,-,-,-,-,-,-,0,-
1718,2021,Derek Carrier,TE,LV,2,3.3,530,TE · 108,1.65,476,TE · 94,31,-,0,0,0,0,0,-,0,0,-,0,-,2,2,13,6.5,0,6.5,13,0
1718,2020,Derek Carrier,TE,LV,16,2.4,522,TE · 107,0.15,550,TE · 113,30,-,0,0,0,0,0,-,0,0,-,0,-,1,1,14,14,0,0.9,14,0
1718,2019,Derek Carrier,TE,OAK,16,32.5,310,TE · 55,2.03,363,TE · 72,29,-,0,0,0,0,0,-,1,27,27,0,1.7,19,13,108,8.31,1,6.8,135,1
1718,2018,Derek Carrier,TE,OAK,16,19.7,374,TE · 74,1.23,436,TE · 88,28,-,0,0,0,0,0,-,0,0,-,0,-,12,7,67,9.57,1,4.2,67,1
1718,2017,Derek Carrier,TE,-,14,15.1,388,TE · 80,1.08,430,TE · 85,-,-,-,-,-,-,-,-,-,-,-,-,-,-,-,-,-,-,-,0,-
1718,2016,Derek Carrier,TE,-,8,3.0,492,TE · 105,0.38,496,TE · 103,-,-,-,-,-,-,-,-,-,-,-,-,-,-,-,-,-,-,-,0,-
3354,2022,Derek Watt,RB,PIT,12,20.2,385,RB · 104,1.68,465,RB · 128,30,-,0,0,0,0,0,-,9,21,2.33,1,1.8,5,5,11,2.2,1,0.9,32,2
3354,2021,Derek Watt,RB,PIT,11,4.6,510,RB · 143,0.42,559,RB · 157,29,-,0,0,0,0,0,-,1,1,1,0,0.1,3,3,15,5,0,1.4,16,0
3354,2020,Derek Watt,RB,PIT,12,0.0,560,RB · 158,0.00,560,RB · 158,28,-,0,0,0,0,0,-,0,0,-,0,-,0,0,0,-,0,-,0,0
3354,2019,Derek Watt,RB,LAC,16,13.2,387,RB · 103,0.83,420,RB · 107,27,-,0,0,0,0,0,-,7,10,1.43,1,0.6,5,3,32,10.67,0,2.0,42,1
3354,2018,Derek Watt,RB,LAC,16,2.3,503,RB · 141,0.14,535,RB · 154,26,-,0,0,0,0,0,-,4,11,2.75,0,0.7,1,1,2,2,0,0.1,13,0
3354,2017,Derek Watt,RB,-,16,7.9,446,RB · 130,0.49,487,RB · 138,-,-,-,-,-,-,-,-,-,-,-,-,-,-,-,-,-,-,-,0,-
3354,2016,Derek Watt,RB,-,16,12.7,408,RB · 116,0.79,465,RB · 135,-,-,-,-,-,-,-,-,-,-,-,-,-,-,-,-,-,-,-,0,-
10234,2025,Derius Davis,WR,LAC,10,1.5,405,WR · 167,0.15,408,WR · 165,-,-,0,0,0,0,0,-,2,5,2.5,0,0.5,3,2,10,5,0,1.0,15,0
10234,2024,Derius Davis,WR,LAC,15,40.1,290,WR · 119,2.67,336,WR · 133,24,-,0,0,0,0,0,-,12,39,3.25,0,2.6,17,13,112,8.62,2,7.5,151,2
10234,2023,Derius Davis,WR,LAC,17,35.7,315,WR · 131,2.10,386,WR · 149,23,-,0,0,0,0,0,-,14,101,7.21,0,5.9,17,15,66,4.4,0,3.9,167,1
6753,2023,Derrick Gore,RB,WAS,5,2.6,504,RB · 133,0.52,502,RB · 134,29,-,0,0,0,0,0,-,3,26,8.67,0,5.2,0,0,0,-,0,-,26,0
6753,2021,Derrick Gore,RB,KC,8,56.1,271,RB · 74,7.01,229,RB · 63,27,-,0,0,0,0,0,-,51,256,5.02,2,32.0,9,8,105,13.13,0,13.1,361,2
3198,2025,Derrick Henry,RB,BAL,17,279.5,26,RB · 8,16.44,37,RB · 8,-,0.0%,0,1,0,0,0,-,307,1595,5.2,16,93.8,21,15,150,10,0,8.8,1745,16
3198,2024,Derrick Henry,RB,BAL,17,336.4,11,RB · 4,19.79,13,RB · 4,30,-,0,0,0,0,0,-,325,1921,5.91,16,113.0,22,19,193,10.16,2,11.4,2114,18
3198,2023,Derrick Henry,RB,TEN,17,246.7,38,RB · 8,14.51,66,RB · 16,29,66.7%,2,3,14,2,0,0.8,280,1167,4.17,12,68.6,36,28,214,7.64,0,12.6,1395,12
3198,2022,Derrick Henry,RB,TEN,16,302.8,17,RB · 4,18.93,16,RB · 4,28,100.0%,2,2,4,1,0,0.3,349,1538,4.41,13,96.1,41,33,398,12.06,0,24.9,1940,13
3198,2021,Derrick Henry,RB,TEN,8,193.3,79,RB · 22,24.16,3,RB · 1,27,100.0%,1,1,5,1,0,0.6,219,937,4.28,10,117.1,20,18,154,8.56,0,19.3,1096,10
3198,2020,Derrick Henry,RB,TEN,16,333.1,14,RB · 3,20.82,20,RB · 5,26,-,0,0,0,0,0,-,378,2027,5.36,17,126.7,31,19,114,6,0,7.1,2141,17
3198,2019,Derrick Henry,RB,TEN,15,294.6,13,RB · 5,19.64,14,RB · 4,25,-,0,0,0,0,0,-,303,1540,5.08,16,102.7,24,18,206,11.44,2,13.7,1746,18
3198,2018,Derrick Henry,RB,TEN,16,200.6,63,RB · 16,12.54,92,RB · 22,24,66.7%,2,3,14,0,0,0.9,215,1059,4.93,12,66.2,18,15,99,6.6,0,6.2,1172,12
3198,2017,Derrick Henry,RB,-,16,135.0,122,RB · 37,8.44,166,RB · 48,-,-,-,-,-,-,-,-,-,-,-,-,-,-,-,-,-,-,-,0,-
3198,2016,Derrick Henry,RB,-,15,105.7,169,RB · 45,7.05,216,RB · 62,-,-,-,-,-,-,-,-,-,-,-,-,-,-,-,-,-,-,-,0,-
5539,2018,Derrick Willies,WR,CLE,5,9.1,436,WR · 171,1.82,398,WR · 164,24,-,0,0,0,0,0,-,0,0,-,0,-,5,3,61,20.33,0,12.2,61,0
4949,2019,Derrius Guice,RB,WAS,5,57.4,245,RB · 67,11.48,114,RB · 26,22,-,0,0,0,0,0,-,42,245,5.83,2,49.0,9,7,79,11.29,1,15.8,324,3
147,2022,DeSean Jackson,WR,BAL,7,24.3,362,WR · 143,3.47,353,WR · 133,36,-,0,0,0,0,0,-,0,0,-,0,-,17,9,153,17,0,21.9,153,0
147,2021,DeSean Jackson,WR,2TM,14,75.8,230,WR · 99,5.41,279,WR · 111,35,-,0,0,0,0,0,-,1,4,4,0,0.3,34,20,454,22.7,2,32.4,458,2
147,2020,DeSean Jackson,WR,PHI,5,44.8,293,WR · 123,8.96,176,WR · 68,34,-,0,0,0,0,0,-,1,12,12,0,2.4,26,14,236,16.86,1,47.2,248,1
147,2019,DeSean Jackson,WR,PHI,3,36.9,293,WR · 123,12.30,104,WR · 38,33,-,0,0,0,0,0,-,0,0,-,0,-,10,9,159,17.67,2,53.0,159,2
147,2018,DeSean Jackson,WR,TB,12,151.3,108,WR · 42,12.61,90,WR · 30,32,-,0,0,0,0,0,-,6,29,4.83,1,2.4,74,41,774,18.88,4,64.5,803,5
147,2017,DeSean Jackson,WR,-,14,138.6,115,WR · 44,9.90,130,WR · 48,-,-,-,-,-,-,-,-,-,-,-,-,-,-,-,-,-,-,-,0,-
147,2016,DeSean Jackson,WR,-,15,180.5,92,WR · 38,12.03,105,WR · 40,-,-,-,-,-,-,-,-,-,-,-,-,-,-,-,-,-,-,-,0,-
4017,2024,Deshaun Watson,QB,CLE,7,79.7,219,QB · 40,11.39,121,QB · 40,29,63.4%,137,216,1148,5,3,164.0,31,148,4.77,1,21.1,0,0,0,-,0,-,1296,1
4017,2023,Deshaun Watson,QB,CLE,6,90.8,186,QB · 35,15.13,58,QB · 27,28,61.4%,105,171,1115,7,4,185.8,26,142,5.46,1,23.7,0,0,0,-,0,-,1257,1
4017,2022,Deshaun Watson,QB,CLE,6,90.6,188,QB · 35,15.10,51,QB · 27,27,58.2%,99,170,1102,7,5,183.7,36,175,4.86,1,29.2,0,0,0,-,0,-,1277,1
4017,2020,Deshaun Watson,QB,HOU,16,376.3,6,QB · 5,23.52,11,QB · 7,25,70.2%,382,544,4823,33,7,301.4,90,444,4.93,3,27.8,0,0,0,-,0,-,5267,3
4017,2019,Deshaun Watson,QB,HOU,15,333.0,7,QB · 5,22.20,4,QB · 2,24,67.3%,333,495,3852,26,12,256.8,82,413,5.04,7,27.5,1,1,6,6,1,0.4,4271,8
4017,2018,Deshaun Watson,QB,HOU,16,331.9,9,QB · 4,20.74,15,QB · 4,23,68.3%,345,505,4165,26,9,260.3,99,551,5.57,5,34.4,0,0,0,-,0,-,4716,5
4017,2017,Deshaun Watson,QB,-,7,168.8,84,QB · 26,24.11,2,QB · 1,-,-,-,-,-,-,-,-,-,-,-,-,-,-,-,-,-,-,-,0,-
4026,2018,DeShone Kizer,QB,GB,3,5.4,468,QB · 56,1.80,399,QB · 56,22,47.6%,20,42,187,0,2,62.3,5,39,7.8,0,13.0,0,0,0,-,0,-,226,0
4026,2017,DeShone Kizer,QB,-,15,175.9,71,QB · 25,11.73,84,QB · 32,-,-,-,-,-,-,-,-,-,-,-,-,-,-,-,-,-,-,-,0,-
8159,2024,Desmond Ridder,QB,LV,5,23.9,350,QB · 51,4.78,261,QB · 56,25,61.2%,52,85,458,2,2,91.6,9,36,4,0,7.2,0,0,0,-,0,-,494,0
8159,2023,Desmond Ridder,QB,ATL,15,189.1,87,QB · 22,12.61,95,QB · 34,24,64.2%,249,388,2836,12,12,189.1,53,193,3.64,5,12.9,1,1,-6,-6,0,-0.4,3023,5
8159,2022,Desmond Ridder,QB,ATL,4,38.7,311,QB · 48,9.68,150,QB · 48,23,63.5%,73,115,708,2,0,177.0,16,64,4,0,16.0,0,0,0,-,0,-,772,0
9505,2025,Deuce Vaughn,RB,DEN,0,0.0,415,RB · 113,-,-,-,-,-,0,0,0,0,0,-,0,0,0,0,-,0,0,0,0,0,-,0,0
9505,2024,Deuce Vaughn,RB,DAL,6,11.8,418,RB · 107,1.97,374,RB · 102,23,-,0,0,0,0,0,-,17,70,4.12,0,11.7,5,3,18,6,0,3.0,88,0
9505,2023,Deuce Vaughn,RB,DAL,7,15.0,403,RB · 100,2.14,382,RB · 99,22,-,0,0,0,0,0,-,23,40,1.74,0,5.7,7,7,40,5.71,0,5.7,80,0
2319,2023,DeVante Parker,WR,NE,13,72.4,218,WR · 87,5.57,234,WR · 88,30,-,0,0,0,0,0,-,0,0,-,0,-,55,33,394,11.94,0,30.3,394,0
2319,2022,DeVante Parker,WR,NE,13,102.9,171,WR · 70,7.92,195,WR · 69,29,-,0,0,0,0,0,-,0,0,-,0,-,47,31,539,17.39,3,41.5,539,3
2319,2021,DeVante Parker,WR,MIA,10,103.5,179,WR · 70,10.35,147,WR · 50,28,-,0,0,0,0,0,-,0,0,-,0,-,73,40,515,12.88,2,51.5,515,2
2319,2020,DeVante Parker,WR,MIA,14,166.3,96,WR · 40,11.88,113,WR · 42,27,-,0,0,0,0,0,-,0,0,-,0,-,103,63,793,12.59,4,56.6,793,4
2319,2019,DeVante Parker,WR,MIA,16,246.2,40,WR · 11,15.39,57,WR · 16,26,-,0,0,0,0,0,-,0,0,-,0,-,128,72,1202,16.69,9,75.1,1202,9
2319,2018,DeVante Parker,WR,MIA,11,60.9,250,WR · 104,5.54,252,WR · 106,25,-,0,0,0,0,0,-,0,0,-,0,-,47,24,309,12.88,1,28.1,309,1
2319,2017,DeVante Parker,WR,-,13,130.0,129,WR · 50,10.00,127,WR · 46,-,-,-,-,-,-,-,-,-,-,-,-,-,-,-,-,-,-,-,0,-
2319,2016,DeVante Parker,WR,-,15,154.4,114,WR · 50,10.29,141,WR · 56,-,-,-,-,-,-,-,-,-,-,-,-,-,-,-,-,-,-,-,0,-
11834,2025,Devaughn Vele,WR,NO,13,66.3,236,WR · 95,5.10,248,WR · 95,-,-,0,0,0,0,0,-,0,0,0,0,-,39,25,293,11.7,2,22.5,293,2
11834,2024,Devaughn Vele,WR,DEN,13,106.5,174,WR · 75,8.19,183,WR · 70,27,-,0,0,0,0,0,-,0,0,-,0,-,55,41,475,11.59,3,36.5,475,3
8253,2025,Deven Thompkins,WR,ATL,4,6.2,386,WR · 159,1.55,365,WR · 149,-,-,0,0,0,0,0,-,1,5,5,0,1.3,3,3,27,9,0,6.8,32,0
8253,2024,Deven Thompkins,WR,CAR,7,6.7,454,WR · 179,0.96,451,WR · 181,25,-,0,0,0,0,0,-,2,7,3.5,0,1.0,4,4,20,5,0,2.9,27,0
8253,2023,Deven Thompkins,WR,TB,17,34.9,319,WR · 134,2.05,391,WR · 153,24,-,0,0,0,0,0,-,8,56,7,0,3.3,25,17,83,4.88,1,4.9,139,1
8253,2022,Deven Thompkins,WR,TB,5,10.8,441,WR · 168,2.16,440,WR · 165,23,-,0,0,0,0,0,-,2,26,13,0,5.2,10,5,32,6.4,0,6.4,58,0
6956,2022,Devin Asiasi,TE,CIN,5,2.5,532,TE · 110,0.50,550,TE · 113,25,-,0,0,0,0,0,-,0,0,-,0,-,4,2,5,2.5,0,1.0,5,0
6956,2020,Devin Asiasi,TE,NE,8,11.9,435,TE · 82,1.49,441,TE · 80,23,-,0,0,0,0,0,-,0,0,-,0,-,7,2,39,19.5,1,4.9,39,1
11820,2024,Devin Culp,TE,TB,5,13.8,402,TE · 80,2.76,333,TE · 51,24,-,0,0,0,0,0,-,0,0,-,0,-,6,5,88,17.6,0,17.6,88,0
6847,2025,Devin Duvernay,WR,CHI,6,4.6,392,WR · 162,0.77,392,WR · 161,-,-,0,0,0,0,0,-,0,0,0,0,-,5,2,26,13,0,4.3,26,0
6847,2024,Devin Duvernay,WR,JAX,13,19.2,364,WR · 142,1.48,413,WR · 162,27,-,0,0,0,0,0,-,4,3,0.75,0,0.2,16,11,79,7.18,0,6.1,82,0
6847,2023,Devin Duvernay,WR,BAL,13,7.3,458,WR · 182,0.56,498,WR · 195,26,-,0,0,0,0,0,-,4,15,3.75,0,1.2,9,4,18,4.5,0,1.4,33,0
6847,2022,Devin Duvernay,WR,BAL,14,116.1,149,WR · 58,8.29,186,WR · 66,25,-,0,0,0,0,0,-,12,84,7,1,6.0,49,37,407,11,3,29.1,491,5
6847,2021,Devin Duvernay,WR,BAL,16,77.2,226,WR · 97,4.83,301,WR · 119,24,-,0,0,0,0,0,-,7,50,7.14,0,3.1,47,33,272,8.24,2,17.0,322,3
6847,2020,Devin Duvernay,WR,BAL,16,53.1,277,WR · 115,3.32,340,WR · 133,23,-,0,0,0,0,0,-,4,70,17.5,0,4.4,26,20,201,10.05,0,12.6,271,1
2346,2018,Devin Funchess,TE,CAR,14,0.0,543,TE · 118,0.00,543,TE · 118,24,-,0,0,0,0,0,-,0,0,-,0,-,79,44,549,12.48,4,39.2,549,4
2346,2017,Devin Funchess,TE,-,16,0.0,529,TE · 108,0.00,529,TE · 108,-,-,-,-,-,-,-,-,-,-,-,-,-,-,-,-,-,-,-,0,-
2346,2016,Devin Funchess,TE,-,15,0.0,540,TE · 114,0.00,540,TE · 114,-,-,-,-,-,-,-,-,-,-,-,-,-,-,-,-,-,-,-,0,-
2346,2019,Devin Funchess,WR,IND,1,6.2,424,WR · 167,6.20,216,WR · 86,25,-,0,0,0,0,0,-,0,0,-,0,-,5,3,32,10.67,0,32.0,32,0
2346,2018,Devin Funchess,WR,CAR,14,122.9,144,WR · 59,8.78,170,WR · 62,24,-,0,0,0,0,0,-,0,0,-,0,-,79,44,549,12.48,4,39.2,549,4
2346,2017,Devin Funchess,WR,-,16,195.0,61,WR · 21,12.19,80,WR · 26,-,-,-,-,-,-,-,-,-,-,-,-,-,-,-,-,-,-,-,0,-
2346,2016,Devin Funchess,WR,-,15,86.1,202,WR · 87,5.74,249,WR · 98,-,-,-,-,-,-,-,-,-,-,-,-,-,-,-,-,-,-,-,0,-
12476,2025,Devin Neal,RB,NO,9,60.0,248,RB · 64,6.67,210,RB · 57,-,-,0,0,0,0,0,-,57,206,3.61,2,22.9,19,17,104,6.1,0,11.6,310,2
6130,2025,Devin Singletary,RB,NYG,17,108.8,164,RB · 45,6.40,215,RB · 59,-,-,0,0,0,0,0,-,119,437,3.67,5,25.7,19,18,151,8.4,0,8.9,588,5
6130,2024,Devin Singletary,RB,NYG,16,96.6,195,RB · 46,6.04,230,RB · 54,27,-,0,0,0,0,0,-,113,437,3.87,4,27.3,24,21,119,5.67,0,7.4,556,4
6130,2023,Devin Singletary,RB,HOU,17,167.3,101,RB · 32,9.84,143,RB · 40,26,100.0%,1,1,6,1,0,0.4,216,898,4.16,4,52.8,38,30,193,6.43,0,11.4,1097,4
6130,2022,Devin Singletary,RB,BUF,17,178.2,81,RB · 23,10.48,131,RB · 32,25,-,0,0,0,0,0,-,177,819,4.63,5,48.2,52,38,280,7.37,1,16.5,1099,6
6130,2021,Devin Singletary,RB,BUF,17,197.8,74,RB · 18,11.64,119,RB · 31,24,-,0,0,0,0,0,-,188,870,4.63,7,51.2,50,40,228,5.7,1,13.4,1098,8
6130,2020,Devin Singletary,RB,BUF,16,143.6,125,RB · 30,8.98,174,RB · 42,23,-,0,0,0,0,0,-,156,687,4.4,2,42.9,50,38,269,7.08,0,16.8,956,2
6130,2019,Devin Singletary,RB,BUF,12,147.9,114,RB · 31,12.33,101,RB · 25,22,-,0,0,0,0,0,-,151,775,5.13,2,64.6,41,29,194,6.69,2,16.2,969,4
2342,2021,Devin Smith,WR,JAX,1,0.0,582,WR · 225,0.00,582,WR · 225,29,-,0,0,0,0,0,-,0,0,-,0,-,1,0,0,-,0,-,0,0
2342,2019,Devin Smith,WR,DAL,4,22.3,344,WR · 136,5.58,234,WR · 94,27,-,0,0,0,0,0,-,0,0,-,0,-,9,5,113,22.6,1,28.3,113,1
2342,2016,Devin Smith,WR,-,4,3.0,492,WR · 183,0.75,469,WR · 179,-,-,-,-,-,-,-,-,-,-,-,-,-,-,-,-,-,-,-,0,-
6068,2023,Devine Ozigbo,RB,DET,2,2.3,507,RB · 135,1.15,450,RB · 119,27,-,0,0,0,0,0,-,3,5,1.67,0,2.5,1,1,8,8,0,4.0,13,0
6068,2022,Devine Ozigbo,RB,DEN,3,1.7,542,RB · 151,0.57,544,RB · 148,26,-,0,0,0,0,0,-,3,4,1.33,0,1.3,1,1,3,3,0,1.0,7,0
6068,2021,Devine Ozigbo,RB,2TM,2,1.4,561,RB · 156,0.70,537,RB · 152,25,-,0,0,0,0,0,-,1,-3,-3,0,-1.5,1,1,7,7,0,3.5,4,0
6068,2020,Devine Ozigbo,RB,JAX,8,13.3,425,RB · 120,1.66,434,RB · 116,24,-,0,0,0,0,0,-,1,1,1,0,0.1,9,9,42,4.67,0,5.3,43,0
6068,2019,Devine Ozigbo,RB,JAX,10,8.0,411,RB · 111,0.80,422,RB · 108,23,-,0,0,0,0,0,-,9,27,3,0,2.7,5,3,23,7.67,0,2.3,50,0
6595,2019,Devlin Hodges,QB,PIT,8,59.3,241,QB · 39,7.41,186,QB · 43,23,62.5%,100,160,1063,5,8,132.9,21,68,3.24,0,8.5,0,0,0,-,0,-,1131,0
8411,2023,Devon Allen,WR,PHI,1,0.0,537,WR · 205,0.00,537,WR · 205,29,-,0,0,0,0,0,-,0,0,-,0,-,0,0,0,-,0,-,0,0
2168,2021,Devonta Freeman,RB,BAL,16,146.6,121,RB · 31,9.16,171,RB · 45,29,-,0,0,0,0,0,-,133,576,4.33,5,36.0,42,34,190,5.59,1,11.9,766,6
2168,2020,Devonta Freeman,RB,NYG,5,36.0,320,RB · 85,7.20,225,RB · 59,28,-,0,0,0,0,0,-,54,172,3.19,1,34.4,10,7,58,8.29,0,11.6,230,1
2168,2019,Devonta Freeman,RB,ATL,14,197.6,77,RB · 19,14.11,78,RB · 18,27,-,0,0,0,0,0,-,184,656,3.57,2,46.9,70,59,410,6.95,4,29.3,1066,6
2168,2018,Devonta Freeman,RB,ATL,2,14.1,398,RB · 106,7.05,210,RB · 61,26,-,0,0,0,0,0,-,14,68,4.86,0,34.0,7,5,23,4.6,0,11.5,91,0
2168,2017,Devonta Freeman,RB,-,14,200.2,55,RB · 13,14.30,48,RB · 13,-,-,-,-,-,-,-,-,-,-,-,-,-,-,-,-,-,-,-,0,-
2168,2016,Devonta Freeman,RB,-,16,284.1,16,RB · 6,17.76,23,RB · 7,-,-,-,-,-,-,-,-,-,-,-,-,-,-,-,-,-,-,-,0,-
7525,2025,DeVonta Smith,WR,PHI,17,201.8,64,WR · 20,11.87,103,WR · 32,-,-,0,0,0,0,0,-,0,0,0,0,-,113,77,1008,13.1,4,59.3,1008,4
7525,2024,DeVonta Smith,WR,PHI,13,199.4,73,WR · 27,15.34,59,WR · 17,26,-,0,0,0,0,0,-,1,1,1,0,0.1,89,68,833,12.25,8,64.1,834,8
7525,2023,DeVonta Smith,WR,PHI,16,227.6,52,WR · 19,14.23,69,WR · 21,25,-,0,0,0,0,0,-,0,0,-,0,-,112,81,1066,13.16,7,66.6,1066,7
7525,2022,DeVonta Smith,WR,PHI,17,254.6,28,WR · 9,14.98,53,WR · 15,24,-,0,0,0,0,0,-,0,0,-,0,-,136,95,1196,12.59,7,70.4,1196,7
7525,2021,DeVonta Smith,WR,PHI,17,185.6,82,WR · 30,10.92,134,WR · 46,23,-,0,0,0,0,0,-,0,0,-,0,-,104,64,916,14.31,5,53.9,916,5
3209,2021,Devontae Booker,RB,NYG,16,144.1,124,RB · 33,9.01,175,RB · 47,29,-,0,0,0,0,0,-,145,593,4.09,2,37.1,45,40,268,6.7,1,16.8,861,3
3209,2020,Devontae Booker,RB,LV,16,85.7,206,RB · 54,5.36,264,RB · 70,28,-,0,0,0,0,0,-,93,423,4.55,3,26.4,21,17,84,4.94,0,5.3,507,3
3209,2019,Devontae Booker,RB,DEN,16,12.6,389,RB · 104,0.79,425,RB · 110,27,-,0,0,0,0,0,-,2,9,4.5,0,0.6,9,6,57,9.5,0,3.6,66,0
3209,2018,Devontae Booker,RB,DEN,16,87.8,191,RB · 57,5.49,254,RB · 74,26,-,0,0,0,0,0,-,34,183,5.38,1,11.4,51,38,275,7.24,0,17.2,458,1
3209,2017,Devontae Booker,RB,-,13,91.4,180,RB · 53,7.03,199,RB · 58,-,-,-,-,-,-,-,-,-,-,-,-,-,-,-,-,-,-,-,0,-
3209,2016,Devontae Booker,RB,-,16,142.7,129,RB · 32,8.92,181,RB · 48,-,-,-,-,-,-,-,-,-,-,-,-,-,-,-,-,-,-,-,0,-
11629,2025,Devontez Walker,WR,BAL,10,37.6,296,WR · 120,3.76,293,WR · 115,-,-,0,0,0,0,0,-,0,0,0,0,-,8,6,136,22.7,3,13.6,136,3
11629,2024,Devontez Walker,WR,BAL,7,9.1,435,WR · 172,1.30,424,WR · 167,23,-,0,0,0,0,0,-,0,0,-,0,-,3,1,21,21,1,3.0,21,1
6153,2020,Dexter Williams,RB,GB,3,0.8,553,RB · 155,0.27,537,RB · 150,23,-,0,0,0,0,0,-,2,8,4,0,2.7,0,0,0,-,0,-,8,0
6153,2019,Dexter Williams,RB,GB,4,1.1,482,RB · 128,0.28,472,RB · 126,22,-,0,0,0,0,0,-,5,11,2.2,0,2.8,0,0,0,-,0,-,11,0
574,2017,Dez Bryant,WR,-,16,186.4,66,WR · 24,11.65,86,WR · 30,-,-,-,-,-,-,-,-,-,-,-,-,-,-,-,-,-,-,-,0,-
574,2016,Dez Bryant,WR,-,13,180.0,93,WR · 39,13.85,63,WR · 20,-,-,-,-,-,-,-,-,-,-,-,-,-,-,-,-,-,-,-,0,-
7729,2024,Dez Fitzpatrick,WR,LAC,1,0.0,544,WR · 215,0.00,544,WR · 215,27,-,0,0,0,0,0,-,0,0,-,0,-,0,0,0,-,0,-,0,0
7729,2021,Dez Fitzpatrick,WR,TEN,3,15.9,412,WR · 163,5.30,282,WR · 113,24,-,0,0,0,0,0,-,0,0,-,0,-,8,5,49,9.8,1,16.3,49,1
6985,2022,Dezmon Patmon,WR,IND,1,4.4,509,WR · 189,4.40,305,WR · 116,24,-,0,0,0,0,0,-,0,0,-,0,-,6,2,24,12,0,24.0,24,0
6985,2021,Dezmon Patmon,WR,IND,4,10.1,448,WR · 177,2.53,431,WR · 170,23,-,0,0,0,0,0,-,0,0,-,0,-,4,2,21,10.5,1,5.3,21,1
6985,2020,Dezmon Patmon,WR,IND,1,0.0,560,WR · 208,0.00,560,WR · 208,22,-,0,0,0,0,0,-,0,0,-,0,-,0,0,0,-,0,-,0,0
12486,2025,Dillon Gabriel,QB,CLE,10,72.1,223,QB · 40,7.21,195,QB · 48,-,59.5%,110,185,937,7,2,93.7,14,86,6.14,0,8.6,0,0,0,0,0,-,1023,0
7996,2021,Dillon Stoner,WR,LV,2,0.0,582,WR · 225,0.00,582,WR · 225,23,-,0,0,0,0,0,-,0,0,-,0,-,0,0,0,-,0,-,0,0
788,2020,Dion Lewis,RB,NYG,16,57.2,265,RB · 71,3.58,331,RB · 91,30,-,0,0,0,0,0,-,29,115,3.97,2,7.2,30,19,127,6.68,1,7.9,242,3
788,2019,Dion Lewis,RB,TEN,16,66.4,228,RB · 63,4.15,282,RB · 77,29,-,0,0,0,0,0,-,54,209,3.87,0,13.1,32,25,164,6.56,1,10.3,373,1
788,2018,Dion Lewis,RB,TEN,16,160.7,97,RB · 28,10.04,142,RB · 40,28,-,0,0,0,0,0,-,155,517,3.34,1,32.3,67,59,400,6.78,1,25.0,917,2
788,2017,Dion Lewis,RB,-,16,197.0,59,RB · 15,12.31,77,RB · 20,-,-,-,-,-,-,-,-,-,-,-,-,-,-,-,-,-,-,-,0,-
788,2016,Dion Lewis,RB,-,7,54.7,251,RB · 71,7.81,204,RB · 58,-,-,-,-,-,-,-,-,-,-,-,-,-,-,-,-,-,-,-,0,-
5937,2024,Diontae Johnson,WR,3TM,12,89.1,207,WR · 86,7.43,200,WR · 77,28,-,0,0,0,0,0,-,2,6,3,0,0.5,67,33,375,11.36,3,31.3,381,3
5937,2023,Diontae Johnson,WR,PIT,13,152.7,113,WR · 45,11.75,114,WR · 41,27,-,0,0,0,0,0,-,0,0,-,0,-,87,51,717,14.06,5,55.2,717,5
5937,2022,Diontae Johnson,WR,PIT,17,180.7,77,WR · 28,10.63,123,WR · 44,26,-,0,0,0,0,0,-,7,25,3.57,0,1.5,147,86,882,10.26,0,51.9,907,0
5937,2021,Diontae Johnson,WR,PIT,16,274.4,25,WR · 8,17.15,34,WR · 10,25,-,0,0,0,0,0,-,5,53,10.6,0,3.3,169,107,1161,10.85,8,72.6,1214,8
5937,2020,Diontae Johnson,WR,PIT,15,221.8,52,WR · 21,14.79,71,WR · 22,24,-,0,0,0,0,0,-,3,15,5,0,1.0,144,88,923,10.49,7,61.5,938,7
5937,2019,Diontae Johnson,WR,PIT,16,163.1,101,WR · 39,10.19,137,WR · 54,23,-,0,0,0,0,0,-,4,41,10.25,0,2.6,92,59,680,11.53,5,42.5,721,6
5828,2021,Diontae Spencer,WR,DEN,15,-3.3,672,WR · 263,-0.22,667,WR · 261,29,-,0,0,0,0,0,-,0,0,-,0,-,4,1,-3,-3,0,-0.2,-3,0
5828,2020,Diontae Spencer,WR,DEN,11,13.5,423,WR · 167,1.23,461,WR · 185,28,-,0,0,0,0,0,-,3,19,6.33,0,1.7,6,3,26,8.67,0,2.4,45,1
5828,2019,Diontae Spencer,WR,DEN,16,7.7,414,WR · 163,0.48,450,WR · 178,27,-,0,0,0,0,0,-,3,6,2,0,0.4,8,6,31,5.17,0,1.9,37,0
4951,2024,DJ Chark Jr.,WR,LAC,7,13.1,411,WR · 164,1.87,380,WR · 150,28,-,0,0,0,0,0,-,0,0,-,0,-,10,4,31,7.75,1,4.4,31,1
4951,2023,DJ Chark Jr.,WR,CAR,15,115.5,151,WR · 59,7.70,185,WR · 68,27,-,0,0,0,0,0,-,0,0,-,0,-,66,35,525,15,5,35.0,525,5
4951,2022,DJ Chark Jr.,WR,DET,11,98.2,177,WR · 75,8.93,168,WR · 59,26,-,0,0,0,0,0,-,0,0,-,0,-,52,30,502,16.73,3,45.6,502,3
4951,2021,DJ Chark Jr.,WR,JAX,3,34.4,337,WR · 135,11.47,124,WR · 42,25,-,0,0,0,0,0,-,0,0,-,0,-,22,7,154,22,2,51.3,154,2
4951,2020,DJ Chark Jr.,WR,JAX,13,153.6,114,WR · 49,11.82,115,WR · 43,24,-,0,0,0,0,0,-,0,0,-,0,-,93,53,706,13.32,5,54.3,706,5
4951,2019,DJ Chark Jr.,WR,JAX,15,225.8,53,WR · 17,15.05,63,WR · 20,23,-,0,0,0,0,0,-,2,20,10,0,1.3,118,73,1008,13.81,8,67.2,1028,8
4951,2018,DJ Chark Jr.,WR,JAX,11,29.4,339,WR · 141,2.67,359,WR · 144,22,-,0,0,0,0,0,-,0,0,-,0,-,32,14,174,12.43,0,15.8,174,0
12471,2025,DJ Giddens,RB,IND,9,9.6,374,RB · 95,1.07,379,RB · 98,-,-,0,0,0,0,0,-,26,96,3.69,0,10.7,2,0,0,0,0,-,96,0
4983,2025,DJ Moore,WR,CHI,17,170.2,96,WR · 35,10.01,142,WR · 47,-,100.0%,1,1,2,1,0,0.1,15,79,5.27,1,4.6,85,50,682,13.6,6,40.1,763,7
4983,2024,DJ Moore,WR,CHI,17,238.1,52,WR · 16,14.01,81,WR · 29,27,0.0%,0,1,0,0,0,-,14,75,5.36,0,4.4,140,98,966,9.86,6,56.8,1041,6
4983,2023,DJ Moore,WR,CHI,17,286.5,16,WR · 6,16.85,33,WR · 9,26,-,0,0,0,0,0,-,4,21,5.25,1,1.2,136,96,1364,14.21,8,80.2,1385,9
4983,2022,DJ Moore,WR,CAR,17,199.1,66,WR · 24,11.71,105,WR · 35,25,-,0,0,0,0,0,-,10,53,5.3,0,3.1,118,63,888,14.1,7,52.2,941,7
4983,2021,DJ Moore,WR,CAR,17,237.5,46,WR · 18,13.97,82,WR · 30,24,-,0,0,0,0,0,-,8,48,6,0,2.8,163,93,1157,12.44,4,68.1,1205,4
4983,2020,DJ Moore,WR,CAR,15,211.5,59,WR · 25,14.10,80,WR · 28,23,0.0%,0,1,0,0,0,-,2,22,11,0,1.5,118,66,1193,18.08,4,79.5,1215,4
4983,2019,DJ Moore,WR,CAR,15,230.5,49,WR · 16,15.37,58,WR · 17,22,-,0,0,0,0,0,-,6,40,6.67,0,2.7,135,87,1175,13.51,4,78.3,1215,4
4983,2018,DJ Moore,WR,CAR,16,157.0,99,WR · 36,9.81,144,WR · 54,21,-,0,0,0,0,0,-,13,172,13.23,0,10.8,82,55,788,14.33,2,49.3,960,2
7989,2024,DJ Turner,WR,LV,13,47.1,276,WR · 117,3.62,296,WR · 122,27,-,0,0,0,0,0,-,5,33,6.6,1,2.5,29,16,158,9.88,1,12.2,191,2
7989,2023,DJ Turner,WR,LV,7,0.0,537,WR · 205,0.00,537,WR · 205,26,-,0,0,0,0,0,-,0,0,-,0,-,0,0,0,-,0,-,0,0
7989,2022,DJ Turner,WR,LV,6,2.6,530,WR · 204,0.43,552,WR · 209,25,-,0,0,0,0,0,-,4,26,6.5,0,4.3,1,0,0,-,0,-,26,0
5846,2025,DK Metcalf,WR,PIT,15,187.2,77,WR · 26,12.48,86,WR · 24,-,-,0,0,0,0,0,-,2,12,6,1,0.8,99,59,850,14.4,6,56.7,862,7
5846,2024,DK Metcalf,WR,SEA,15,191.2,82,WR · 32,12.75,95,WR · 34,27,-,0,0,0,0,0,-,0,0,-,0,-,108,66,992,15.03,5,66.1,992,5
5846,2023,DK Metcalf,WR,SEA,16,225.4,54,WR · 21,14.09,71,WR · 23,26,-,0,0,0,0,0,-,0,0,-,0,-,119,66,1114,16.88,8,69.6,1114,8
5846,2022,DK Metcalf,WR,SEA,17,226.8,46,WR · 16,13.34,77,WR · 26,25,-,0,0,0,0,0,-,0,0,-,0,-,141,90,1048,11.64,6,61.6,1048,6
5846,2021,DK Metcalf,WR,SEA,17,244.3,39,WR · 14,14.37,69,WR · 25,24,-,0,0,0,0,0,-,1,6,6,0,0.4,129,75,967,12.89,12,56.9,973,12
5846,2020,DK Metcalf,WR,SEA,16,271.3,26,WR · 7,16.96,42,WR · 10,23,-,0,0,0,0,0,-,0,0,-,0,-,129,83,1303,15.7,10,81.4,1303,10
5846,2019,DK Metcalf,WR,SEA,16,187.1,87,WR · 33,11.69,112,WR · 43,22,-,0,0,0,0,0,-,2,11,5.5,0,0.7,100,58,900,15.52,7,56.3,911,7
7502,2021,Dominique Dafney,TE,GB,6,5.4,499,TE · 103,0.90,525,TE · 109,24,-,0,0,0,0,0,-,0,0,-,0,-,4,2,34,17,0,5.7,34,0
7502,2020,Dominique Dafney,TE,GB,5,10.6,442,TE · 85,2.12,400,TE · 70,23,-,0,0,0,0,0,-,0,0,-,0,-,2,2,26,13,1,5.2,26,1
6074,2023,Donald Parham Jr.,TE,LAC,14,79.5,202,TE · 28,5.68,225,TE · 31,26,-,0,0,0,0,0,-,0,0,-,0,-,41,27,285,10.56,4,20.4,285,4
6074,2022,Donald Parham Jr.,TE,LAC,6,29.0,344,TE · 65,4.83,291,TE · 43,25,-,0,0,0,0,0,-,0,0,-,0,-,12,10,130,13,1,21.7,130,1
6074,2021,Donald Parham Jr.,TE,LAC,14,59.0,267,TE · 43,4.21,333,TE · 49,24,-,0,0,0,0,0,-,0,0,-,0,-,27,20,190,9.5,3,13.6,190,3
6074,2020,Donald Parham Jr.,TE,LAC,13,43.9,296,TE · 52,3.38,337,TE · 54,23,-,0,0,0,0,0,-,0,0,-,0,-,20,10,159,15.9,3,12.2,159,3
12515,2025,Donovan Edwards,RB,MIA,0,0.0,415,RB · 113,-,-,-,-,-,0,0,0,0,0,-,0,0,0,0,-,0,0,0,0,0,-,0,0
6824,2023,Donovan Peoples-Jones,WR,2TM,15,28.5,340,WR · 142,1.90,405,WR · 158,24,-,0,0,0,0,0,-,0,0,-,0,-,25,13,155,11.92,0,10.3,155,0
6824,2022,Donovan Peoples-Jones,WR,CLE,17,167.1,97,WR · 39,9.83,147,WR · 52,23,-,0,0,0,0,0,-,1,2,2,0,0.1,96,61,839,13.75,3,49.4,841,4
6824,2021,Donovan Peoples-Jones,WR,CLE,14,109.7,166,WR · 63,7.84,209,WR · 82,22,-,0,0,0,0,0,-,0,0,-,0,-,58,34,597,17.56,3,42.6,597,3
6824,2020,Donovan Peoples-Jones,WR,CLE,12,58.4,260,WR · 107,4.87,280,WR · 114,21,-,0,0,0,0,0,-,0,0,-,0,-,20,14,304,21.71,2,25.3,304,2
12541,2025,Dont'e Thornton,WR,LV,15,23.5,331,WR · 137,1.57,364,WR · 148,-,-,0,0,0,0,0,-,0,0,0,0,-,30,10,135,13.5,0,9.0,135,0
9486,2025,Dontayvion Wicks,WR,GB,14,75.8,214,WR · 83,5.41,243,WR · 91,-,-,0,0,0,0,0,-,1,6,6,0,0.4,46,30,332,11.1,2,23.7,338,2
9486,2024,Dontayvion Wicks,WR,GB,17,110.5,169,WR · 72,6.50,222,WR · 89,23,-,0,0,0,0,0,-,0,0,-,0,-,76,39,415,10.64,5,24.4,415,5
9486,2023,Dontayvion Wicks,WR,GB,15,119.8,146,WR · 58,7.99,178,WR · 66,22,100.0%,1,1,14,0,0,0.9,1,1,1,0,0.1,58,39,581,14.9,4,38.7,596,4
1971,2020,Donte Moncrief,WR,NE,6,2.9,511,WR · 198,0.48,524,WR · 200,27,-,0,0,0,0,0,-,1,4,4,0,0.7,2,1,15,15,0,2.5,19,0
1971,2019,Donte Moncrief,WR,2TM,8,5.8,429,WR · 169,0.73,429,WR · 168,26,-,0,0,0,0,0,-,0,0,-,0,-,15,4,18,4.5,0,2.3,18,0
1971,2018,Donte Moncrief,WR,JAX,16,130.8,137,WR · 56,8.18,185,WR · 73,25,-,0,0,0,0,0,-,0,0,-,0,-,89,48,668,13.92,3,41.8,668,3
1971,2017,Donte Moncrief,WR,-,12,77.1,206,WR · 80,6.43,215,WR · 77,-,-,-,-,-,-,-,-,-,-,-,-,-,-,-,-,-,-,-,0,-
1971,2016,Donte Moncrief,WR,-,9,102.6,173,WR · 74,11.40,116,WR · 47,-,-,-,-,-,-,-,-,-,-,-,-,-,-,-,-,-,-,-,0,-
5536,2022,Dontrell Hilliard,RB,TEN,12,77.2,220,RB · 58,6.43,239,RB · 61,27,-,0,0,0,0,0,-,22,145,6.59,0,12.1,26,21,177,8.43,4,14.8,322,4
5536,2021,Dontrell Hilliard,RB,TEN,8,72.7,236,RB · 66,9.09,174,RB · 46,26,-,0,0,0,0,0,-,56,350,6.25,2,43.8,26,19,87,4.58,0,10.9,437,2
5536,2020,Dontrell Hilliard,RB,2TM,7,6.0,483,RB · 136,0.86,485,RB · 134,25,-,0,0,0,0,0,-,9,48,5.33,0,6.9,1,1,2,2,0,0.3,50,0
5536,2019,Dontrell Hilliard,RB,CLE,14,38.1,287,RB · 80,2.72,323,RB · 86,24,-,0,0,0,0,0,-,13,49,3.77,2,3.5,15,12,92,7.67,0,6.6,141,2
5536,2018,Dontrell Hilliard,RB,CLE,11,17.5,382,RB · 98,1.59,409,RB · 106,23,0.0%,0,1,0,0,1,-,0,0,-,0,-,10,9,105,11.67,0,9.5,105,0
2291,2020,Dontrelle Inman,WR,WAS,10,46.3,289,WR · 121,4.63,289,WR · 117,31,-,0,0,0,0,0,-,0,0,-,0,-,28,18,163,9.06,2,16.3,163,2
2291,2019,Dontrelle Inman,WR,2TM,7,30.1,318,WR · 130,4.30,272,WR · 108,30,-,0,0,0,0,0,-,0,0,-,0,-,21,12,181,15.08,0,25.9,181,0
2291,2018,Dontrelle Inman,WR,IND,9,76.4,214,WR · 89,8.49,177,WR · 68,29,-,0,0,0,0,0,-,0,0,-,0,-,39,28,304,10.86,3,33.8,304,3
2291,2017,Dontrelle Inman,WR,-,12,65.3,230,WR · 91,5.44,254,WR · 96,-,-,-,-,-,-,-,-,-,-,-,-,-,-,-,-,-,-,-,0,-
2291,2016,Dontrelle Inman,WR,-,16,163.0,108,WR · 47,10.19,143,WR · 57,-,-,-,-,-,-,-,-,-,-,-,-,-,-,-,-,-,-,-,0,-
10862,2024,Dorian Thompson-Robinson,QB,CLE,7,21.8,358,QB · 52,3.11,320,QB · 59,25,51.7%,61,118,440,0,6,62.9,21,122,5.81,0,17.4,0,0,0,-,0,-,562,0
10862,2023,Dorian Thompson-Robinson,QB,CLE,7,26.1,352,QB · 52,3.73,290,QB · 61,24,53.6%,60,112,440,1,4,62.9,14,65,4.64,0,9.3,0,0,0,-,0,-,505,0
8112,2025,Drake London,WR,ATL,12,201.9,63,WR · 19,16.83,32,WR · 8,-,-,0,0,0,0,0,-,0,0,0,0,-,112,68,919,13.5,7,76.6,919,7
8112,2024,Drake London,WR,ATL,17,280.8,24,WR · 5,16.52,42,WR · 14,23,-,0,0,0,0,0,-,1,-3,-3,0,-0.2,158,100,1271,12.71,9,74.8,1268,9
8112,2023,Drake London,WR,ATL,16,174.4,97,WR · 36,10.90,123,WR · 44,22,100.0%,1,1,22,0,0,1.4,0,0,-,0,-,110,69,905,13.12,2,56.6,927,2
8112,2022,Drake London,WR,ATL,17,178.6,80,WR · 31,10.51,129,WR · 48,21,-,0,0,0,0,0,-,0,0,-,0,-,117,72,866,12.03,4,50.9,866,4
11564,2025,Drake Maye,QB,NE,17,360.0,7,QB · 2,21.17,9,QB · 3,-,72.0%,354,492,4394,31,8,258.5,103,450,4.37,4,26.5,1,1,2,2,0,0.1,4846,4
11564,2024,Drake Maye,QB,NE,14,187.1,86,QB · 23,13.36,87,QB · 33,22,66.6%,225,338,2276,15,10,162.6,54,421,7.8,2,30.1,0,0,0,-,0,-,2697,2
289,2020,Drew Brees,QB,NO,12,215.5,55,QB · 21,17.96,30,QB · 18,41,70.5%,275,390,2942,24,6,245.2,18,-2,-0.11,2,-0.2,0,0,0,-,0,-,2940,2
289,2019,Drew Brees,QB,NO,11,228.8,51,QB · 22,20.80,11,QB · 8,40,74.3%,281,378,2979,27,4,270.8,9,-4,-0.44,1,-0.4,0,0,0,-,0,-,2975,1
289,2018,Drew Brees,QB,NO,15,304.8,20,QB · 8,20.32,20,QB · 7,39,74.4%,364,489,3992,32,5,266.1,31,22,0.71,4,1.5,1,1,1,1,0,0.1,4015,4
289,2017,Drew Brees,QB,-,16,262.4,19,QB · 9,16.40,26,QB · 13,-,-,-,-,-,-,-,-,-,-,-,-,-,-,-,-,-,-,-,0,-
289,2016,Drew Brees,QB,-,16,332.3,4,QB · 3,20.77,7,QB · 4,-,-,-,-,-,-,-,-,-,-,-,-,-,-,-,-,-,-,-,0,-
5854,2025,Drew Lock,QB,SEA,5,0.1,414,QB · 61,0.02,409,QB · 60,-,66.7%,2,3,15,0,0,3.0,6,-5,-0.83,0,-1.0,0,0,0,0,0,-,10,0
5854,2024,Drew Lock,QB,NYG,7,85.1,211,QB · 39,12.16,105,QB · 37,28,59.1%,107,181,1071,6,5,153.0,18,133,7.39,2,19.0,0,0,0,-,0,-,1204,2
5854,2023,Drew Lock,QB,SEA,4,32.1,331,QB · 48,8.03,177,QB · 51,27,63.2%,48,76,543,3,3,135.8,5,14,2.8,0,3.5,0,0,0,-,0,-,557,0
5854,2021,Drew Lock,QB,DEN,6,53.9,276,QB · 41,8.98,176,QB · 48,25,60.4%,67,111,787,2,2,131.2,10,53,5.3,2,8.8,1,1,1,1,0,0.2,841,2
5854,2020,Drew Lock,QB,DEN,13,196.3,66,QB · 23,15.10,66,QB · 29,24,57.3%,254,443,2933,16,15,225.6,44,160,3.64,3,12.3,0,0,0,-,0,-,3093,3
5854,2019,Drew Lock,QB,DEN,5,71.0,220,QB · 36,14.20,74,QB · 29,23,64.1%,100,156,1020,7,3,204.0,18,72,4,0,14.4,0,0,0,-,0,-,1092,0
8489,2024,Drew Ogletree,TE,IND,17,25.9,349,TE · 67,1.52,407,TE · 72,26,-,0,0,0,0,0,-,0,0,-,0,-,14,9,109,12.11,1,6.4,109,1
8489,2023,Drew Ogletree,TE,IND,12,35.7,315,TE · 59,2.98,327,TE · 54,25,-,0,0,0,0,0,-,0,0,-,0,-,21,9,147,16.33,2,12.3,147,2
6001,2025,Drew Sample,TE,CIN,14,31.9,312,TE · 62,2.28,343,TE · 62,-,-,0,0,0,0,0,-,1,3,3,0,0.2,20,15,106,7.1,1,7.6,109,1
6001,2024,Drew Sample,TE,CIN,17,36.5,298,TE · 53,2.15,363,TE · 61,28,-,0,0,0,0,0,-,1,-4,-4,0,-0.2,22,20,109,5.45,1,6.4,105,1
6001,2023,Drew Sample,TE,CIN,17,50.3,266,TE · 46,2.96,330,TE · 56,27,-,0,0,0,0,0,-,0,0,-,0,-,27,22,163,7.41,2,9.6,163,2
6001,2022,Drew Sample,TE,CIN,2,1.8,539,TE · 111,0.90,516,TE · 105,26,-,0,0,0,0,0,-,0,0,-,0,-,2,2,-2,-1,0,-1.0,-2,0
6001,2021,Drew Sample,TE,CIN,10,19.1,392,TE · 74,1.91,462,TE · 88,25,-,0,0,0,0,0,-,0,0,-,0,-,15,11,81,7.36,0,8.1,81,0
6001,2020,Drew Sample,TE,CIN,16,78.9,221,TE · 31,4.93,277,TE · 39,24,-,0,0,0,0,0,-,0,0,-,0,-,53,40,349,8.73,1,21.8,349,1
6001,2019,Drew Sample,TE,CIN,9,8.0,411,TE · 87,0.89,415,TE · 87,23,-,0,0,0,0,0,-,0,0,-,0,-,6,5,30,6,0,3.3,30,0
181,2017,Drew Stanton,QB,-,5,50.4,264,QB · 40,10.08,123,QB · 41,-,-,-,-,-,-,-,-,-,-,-,-,-,-,-,-,-,-,-,0,-
181,2016,Drew Stanton,QB,-,5,9.4,425,QB · 51,1.88,393,QB · 57,-,-,-,-,-,-,-,-,-,-,-,-,-,-,-,-,-,-,-,0,-
2382,2022,Duke Johnson Jr.,RB,BUF,1,0.4,566,RB · 157,0.40,555,RB · 152,29,-,0,0,0,0,0,-,2,4,2,0,4.0,0,0,0,-,0,-,4,0
2382,2021,Duke Johnson Jr.,RB,MIA,5,59.1,265,RB · 72,11.82,114,RB · 29,28,-,0,0,0,0,0,-,71,330,4.65,3,66.0,5,4,41,10.25,0,8.2,371,3
2382,2020,Duke Johnson Jr.,RB,HOU,11,84.4,208,RB · 56,7.67,211,RB · 56,27,-,0,0,0,0,0,-,77,235,3.05,1,21.4,35,28,249,8.89,1,22.6,484,2
2382,2019,Duke Johnson Jr.,RB,HOU,16,154.0,109,RB · 28,9.63,147,RB · 38,26,-,0,0,0,0,0,-,83,410,4.94,2,25.6,62,44,410,9.32,3,25.6,820,5
2382,2018,Duke Johnson Jr.,RB,CLE,16,132.0,134,RB · 37,8.25,183,RB · 49,25,-,0,0,0,0,0,-,40,201,5.03,0,12.6,62,47,429,9.13,3,26.8,630,3
2382,2017,Duke Johnson Jr.,RB,-,16,216.1,44,RB · 11,13.51,63,RB · 16,-,-,-,-,-,-,-,-,-,-,-,-,-,-,-,-,-,-,-,0,-
2382,2016,Duke Johnson Jr.,RB,-,16,144.2,127,RB · 31,9.01,179,RB · 47,-,-,-,-,-,-,-,-,-,-,-,-,-,-,-,-,-,-,-,0,-
3846,2020,Duke Williams,WR,BUF,1,0.0,560,WR · 208,0.00,560,WR · 208,28,-,0,0,0,0,0,-,0,0,-,0,-,0,0,0,-,0,-,0,0
3846,2019,Duke Williams,WR,BUF,4,34.6,301,WR · 126,8.65,164,WR · 64,27,-,0,0,0,0,0,-,0,0,-,0,-,19,12,166,13.83,1,41.5,166,1
3846,2016,Duke Williams,WR,-,10,0.0,540,WR · 193,0.00,540,WR · 193,-,-,-,-,-,-,-,-,-,-,-,-,-,-,-,-,-,-,-,0,-
5008,2024,Durham Smythe,TE,MIA,17,14.3,396,TE · 79,0.84,466,TE · 87,29,-,0,0,0,0,0,-,0,0,-,0,-,17,9,53,5.89,0,3.1,53,0
5008,2023,Durham Smythe,TE,MIA,16,71.6,220,TE · 34,4.48,259,TE · 37,28,-,0,0,0,0,0,-,0,0,-,0,-,43,35,366,10.46,0,22.9,366,0
5008,2022,Durham Smythe,TE,MIA,13,40.0,306,TE · 53,3.08,386,TE · 68,27,-,0,0,0,0,0,-,2,1,0.5,1,0.1,20,15,129,8.6,1,9.9,130,2
5008,2021,Durham Smythe,TE,MIA,16,70.0,240,TE · 33,4.38,327,TE · 46,26,-,0,0,0,0,0,-,2,3,1.5,0,0.2,41,34,357,10.5,0,22.3,360,0
5008,2020,Durham Smythe,TE,MIA,15,58.8,259,TE · 45,3.92,317,TE · 50,25,-,0,0,0,0,0,-,0,0,-,0,-,29,26,208,8,2,13.9,208,2
5008,2019,Durham Smythe,TE,MIA,16,13.5,385,TE · 83,0.84,419,TE · 91,24,-,0,0,0,0,0,-,0,0,-,0,-,14,7,65,9.29,0,4.1,65,0
5008,2018,Durham Smythe,TE,MIA,15,11.0,422,TE · 92,0.73,478,TE · 104,23,-,0,0,0,0,0,-,0,0,-,0,-,11,6,50,8.33,0,3.3,50,0
902,2020,Dwayne Harris,WR,CHI,3,-2.0,647,WR · 242,-0.67,647,WR · 242,33,-,0,0,0,0,0,-,0,0,-,0,-,0,0,0,-,0,-,0,0
902,2019,Dwayne Harris,WR,OAK,3,1.7,467,WR · 185,0.57,443,WR · 176,32,-,0,0,0,0,0,-,0,0,-,0,-,1,1,7,7,0,2.3,7,0
902,2018,Dwayne Harris,WR,OAK,15,11.2,421,WR · 167,0.75,476,WR · 186,31,-,0,0,0,0,0,-,2,12,6,0,0.8,6,6,40,6.67,0,2.7,52,1
902,2017,Dwayne Harris,WR,-,5,0.0,529,WR · 200,0.00,529,WR · 200,-,-,-,-,-,-,-,-,-,-,-,-,-,-,-,-,-,-,-,0,-
902,2016,Dwayne Harris,WR,-,16,6.3,457,WR · 174,0.39,495,WR · 185,-,-,-,-,-,-,-,-,-,-,-,-,-,-,-,-,-,-,-,0,-
3391,2023,Dwayne Washington,RB,DEN,4,0.0,537,RB · 145,0.00,537,RB · 145,29,-,0,0,0,0,0,-,0,0,-,0,-,0,0,0,-,0,-,0,0
3391,2022,Dwayne Washington,RB,NO,7,5.5,492,RB · 137,0.79,534,RB · 145,28,-,0,0,0,0,0,-,11,38,3.45,0,5.4,1,1,7,7,0,1.0,45,0
3391,2021,Dwayne Washington,RB,NO,8,4.8,506,RB · 142,0.60,544,RB · 155,27,-,0,0,0,0,0,-,4,16,4,0,2.0,2,2,12,6,0,1.5,28,0
3391,2020,Dwayne Washington,RB,NO,11,1.5,543,RB · 152,0.14,553,RB · 155,26,-,0,0,0,0,0,-,8,15,1.88,0,1.4,0,0,0,-,0,-,15,0
3391,2019,Dwayne Washington,RB,NO,16,7.6,415,RB · 112,0.48,451,RB · 118,25,-,0,0,0,0,0,-,8,60,7.5,0,3.8,1,1,6,6,0,0.4,66,0
3391,2018,Dwayne Washington,RB,NO,13,15.4,392,RB · 103,1.18,437,RB · 116,24,-,0,0,0,0,0,-,27,154,5.7,0,11.8,0,0,0,-,0,-,154,0
3391,2017,Dwayne Washington,RB,-,5,7.8,447,RB · 131,1.56,403,RB · 112,-,-,-,-,-,-,-,-,-,-,-,-,-,-,-,-,-,-,-,0,-
3391,2016,Dwayne Washington,RB,-,12,48.7,263,RB · 72,4.06,294,RB · 81,-,-,-,-,-,-,-,-,-,-,-,-,-,-,-,-,-,-,-,0,-
7587,2025,Dyami Brown,WR,JAX,14,49.7,274,WR · 110,3.55,306,WR · 118,-,-,0,0,0,0,0,-,6,30,5,0,2.1,37,20,227,11.4,1,16.2,257,1
7587,2024,Dyami Brown,WR,WAS,16,67.4,232,WR · 97,4.21,273,WR · 111,25,0.0%,0,1,0,0,0,-,3,26,8.67,0,1.6,40,30,308,10.27,1,19.3,334,1
7587,2023,Dyami Brown,WR,WAS,17,35.0,318,WR · 133,2.06,390,WR · 152,24,100.0%,1,1,4,0,0,0.2,1,0,0,0,-,23,12,168,14,1,9.9,172,1
7587,2022,Dyami Brown,WR,WAS,9,32.8,329,WR · 133,3.64,341,WR · 129,23,-,0,0,0,0,0,-,1,15,15,0,1.7,14,5,143,28.6,2,15.9,158,2
7587,2021,Dyami Brown,WR,WAS,10,28.1,359,WR · 146,2.81,407,WR · 160,22,-,0,0,0,0,0,-,1,-4,-4,0,-0.4,25,12,165,13.75,0,16.5,161,0
11474,2023,Dylan Drummond,WR,DET,1,0.0,537,WR · 205,0.00,537,WR · 205,23,-,0,0,0,0,0,-,0,0,-,0,-,0,0,0,-,0,-,0,0
11574,2025,Dylan Laube,RB,LV,5,3.7,396,RB · 105,0.74,393,RB · 104,-,-,0,0,0,0,0,-,7,9,1.29,0,1.8,4,3,18,6,0,3.6,27,0
11574,2024,Dylan Laube,RB,LV,6,-2.0,641,RB · 158,-0.33,643,RB · 158,25,-,0,0,0,0,0,-,1,0,0,0,-,0,0,0,-,0,-,0,0
12469,2025,Dylan Sampson,RB,CLE,15,87.6,198,RB · 55,5.84,230,RB · 64,-,-,0,0,0,0,0,-,65,175,2.69,0,11.7,40,33,271,8.2,2,18.1,446,2
11304,2024,E.J. Jenkins,TE,PHI,8,7.7,445,TE · 95,0.96,450,TE · 82,26,-,0,0,0,0,0,-,0,0,-,0,-,2,1,7,7,1,0.9,7,1
7337,2023,Easop Winston Jr.,WR,SEA,1,0.0,537,WR · 205,0.00,537,WR · 205,27,-,0,0,0,0,0,-,0,0,-,0,-,0,0,0,-,0,-,0,0
7337,2021,Easop Winston Jr.,WR,NO,3,1.5,558,WR · 220,0.50,553,WR · 215,25,-,0,0,0,0,0,-,0,0,-,0,-,1,1,5,5,0,1.7,5,0
6185,2023,Easton Stick,QB,LAC,5,68.1,229,QB · 43,13.62,78,QB · 31,28,63.8%,111,174,1129,3,1,225.8,27,144,5.33,1,28.8,0,0,0,-,0,-,1273,1
6185,2020,Easton Stick,QB,LAC,1,0.0,560,QB · 79,0.00,560,QB · 79,25,100.0%,1,1,4,0,0,4.0,1,-2,-2,0,-2.0,0,0,0,-,0,-,2,0
12542,2025,Efton Chism,WR,NE,8,16.5,352,WR · 147,2.06,351,WR · 142,-,-,0,0,0,0,0,-,0,0,0,0,-,3,3,75,25,1,9.4,75,1
12499,2025,Elic Ayomanor,WR,TEN,16,116.5,155,WR · 55,7.28,193,WR · 69,-,-,0,0,0,0,0,-,0,0,0,0,-,89,41,515,12.6,4,32.2,515,4
12521,2025,Elijah Arroyo,TE,SEA,13,36.9,297,TE · 58,2.84,331,TE · 57,-,-,0,0,0,0,0,-,0,0,0,0,-,26,15,179,11.9,1,13.8,179,1
11139,2024,Elijah Cooks,WR,JAX,3,0.0,544,WR · 215,0.00,544,WR · 215,26,-,0,0,0,0,0,-,0,0,-,0,-,0,0,0,-,0,-,0,0
11139,2023,Elijah Cooks,WR,JAX,9,6.8,461,WR · 183,0.76,486,WR · 190,25,-,0,0,0,0,0,-,0,0,-,0,-,4,3,38,12.67,0,4.2,38,0
11114,2023,Elijah Dotson,RB,LAC,1,3.9,489,RB · 128,3.90,283,RB · 76,24,-,0,0,0,0,0,-,4,6,1.5,0,6.0,2,2,13,6.5,0,13.0,19,0
10231,2025,Elijah Higgins,TE,ARI,17,58.1,254,TE · 48,3.42,313,TE · 53,-,-,0,0,0,0,0,-,0,0,0,0,-,37,30,301,10,0,17.7,301,0
10231,2024,Elijah Higgins,TE,ARI,17,49.2,271,TE · 45,2.89,325,TE · 49,24,-,0,0,0,0,0,-,0,0,-,0,-,24,20,172,8.6,2,10.1,172,2
10231,2023,Elijah Higgins,TE,ARI,11,36.3,312,TE · 58,3.30,312,TE · 47,23,-,0,0,0,0,0,-,0,0,-,0,-,19,14,163,11.64,1,14.8,163,1
5919,2020,Elijah Holyfield,RB,-,1,0.0,560,RB · 158,0.00,560,RB · 158,-,-,-,-,-,-,-,-,-,-,-,-,-,-,-,-,-,-,-,0,-
4263,2021,Elijah McGuire,RB,-,3,0.0,582,RB · 165,0.00,582,RB · 165,-,-,-,-,-,-,-,-,-,-,-,-,-,-,-,-,-,-,-,0,-
4263,2018,Elijah McGuire,RB,NYJ,8,85.9,199,RB · 59,10.74,125,RB · 35,24,-,0,0,0,0,0,-,92,276,3,3,34.5,31,19,193,10.16,1,24.1,469,4
4263,2017,Elijah McGuire,RB,-,16,76.2,208,RB · 63,4.76,280,RB · 85,-,-,-,-,-,-,-,-,-,-,-,-,-,-,-,-,-,-,-,0,-
7561,2025,Elijah Mitchell,RB,KC,1,0.0,415,RB · 113,0.00,410,RB · 111,-,-,0,0,0,0,0,-,0,0,0,0,-,1,0,0,0,0,-,0,0
7561,2023,Elijah Mitchell,RB,SF,11,47.5,272,RB · 64,4.32,265,RB · 72,25,-,0,0,0,0,0,-,75,281,3.75,2,25.5,8,6,14,2.33,0,1.3,295,2
7561,2022,Elijah Mitchell,RB,SF,5,43.6,290,RB · 78,8.72,174,RB · 45,24,-,0,0,0,0,0,-,45,279,6.2,2,55.8,4,3,7,2.33,0,1.4,286,2
7561,2021,Elijah Mitchell,RB,SF,12,165.0,99,RB · 26,13.75,87,RB · 20,23,-,0,0,0,0,0,-,207,963,4.65,5,80.3,20,19,137,7.21,1,11.4,1100,6
7596,2025,Elijah Moore,WR,BUF,9,28.6,321,WR · 132,3.18,323,WR · 128,-,-,0,0,0,0,0,-,6,24,4,1,2.7,17,9,112,12.4,0,12.4,136,1
7596,2024,Elijah Moore,WR,CLE,17,120.9,155,WR · 67,7.11,208,WR · 82,24,-,0,0,0,0,0,-,1,1,1,0,0.1,102,61,538,8.82,1,31.6,539,1
7596,2023,Elijah Moore,WR,CLE,17,132.1,135,WR · 54,7.77,184,WR · 67,23,-,0,0,0,0,0,-,9,11,1.22,0,0.6,104,59,640,10.85,2,37.6,651,2
7596,2022,Elijah Moore,WR,NYJ,16,88.1,195,WR · 81,5.51,265,WR · 101,22,-,0,0,0,0,0,-,5,5,1,0,0.3,65,37,446,12.05,1,27.9,451,1
7596,2021,Elijah Moore,WR,NYJ,11,138.2,130,WR · 50,12.56,96,WR · 34,21,-,0,0,0,0,0,-,5,54,10.8,1,4.9,77,43,538,12.51,5,48.9,592,6
3803,2021,Elijhaa Penny,RB,NYG,13,35.9,328,RB · 91,2.76,412,RB · 116,28,-,0,0,0,0,0,-,24,99,4.13,1,7.6,13,9,30,3.33,1,2.3,129,2
3803,2020,Elijhaa Penny,RB,NYG,14,5.5,485,RB · 137,0.39,530,RB · 147,27,-,0,0,0,0,0,-,6,15,2.5,0,1.1,3,2,20,10,0,1.4,35,0
3803,2019,Elijhaa Penny,RB,NYG,16,6.8,419,RB · 113,0.43,457,RB · 120,26,-,0,0,0,0,0,-,15,39,2.6,0,2.4,4,2,9,4.5,0,0.6,48,0
3803,2018,Elijhaa Penny,RB,NYG,14,15.5,391,RB · 102,1.11,441,RB · 118,25,-,0,0,0,0,0,-,7,25,3.57,0,1.8,9,8,50,6.25,0,3.6,75,0
3803,2017,Elijhaa Penny,RB,-,16,32.2,315,RB · 88,2.01,372,RB · 106,-,-,-,-,-,-,-,-,-,-,-,-,-,-,-,-,-,-,-,0,-
11435,2025,Emanuel Wilson,RB,GB,17,94.5,180,RB · 49,5.56,239,RB · 65,-,-,0,0,0,0,0,-,125,496,3.97,3,29.2,17,15,99,6.6,0,5.8,595,3
11435,2024,Emanuel Wilson,RB,GB,17,96.0,196,RB · 47,5.65,244,RB · 59,25,-,0,0,0,0,0,-,103,502,4.87,4,29.5,14,11,48,4.36,1,2.8,550,5
11435,2023,Emanuel Wilson,RB,GB,7,14.8,407,RB · 102,2.11,384,RB · 100,24,-,0,0,0,0,0,-,14,85,6.07,0,12.1,5,4,23,5.75,0,3.3,108,0
11199,2025,Emari Demercado,RB,ARI,12,58.3,252,RB · 65,4.86,255,RB · 68,-,-,0,0,0,0,0,-,44,312,7.09,0,26.0,20,13,101,7.8,1,8.4,413,1
11199,2024,Emari Demercado,RB,ARI,13,54.7,263,RB · 66,4.21,274,RB · 66,25,-,0,0,0,0,0,-,24,223,9.29,1,17.2,20,16,104,6.5,0,8.0,327,1
11199,2023,Emari Demercado,RB,ARI,13,73.3,215,RB · 57,5.64,229,RB · 59,24,-,0,0,0,0,0,-,58,284,4.9,2,21.8,30,21,119,5.67,0,9.2,403,2
12514,2025,Emeka Egbuka,WR,TB,17,195.7,67,WR · 23,11.51,113,WR · 37,-,-,0,0,0,0,0,-,2,9,4.5,0,0.5,127,63,938,14.9,6,55.2,947,6
8238,2022,Emeka Emezie,WR,-,1,0.0,571,WR · 218,0.00,571,WR · 218,-,-,-,-,-,-,-,-,-,-,-,-,-,-,-,-,-,-,-,0,-
538,2021,Emmanuel Sanders,WR,BUF,14,131.7,139,WR · 54,9.41,167,WR · 59,34,-,0,0,0,0,0,-,2,31,15.5,0,2.2,72,42,626,14.9,4,44.7,657,4
538,2020,Emmanuel Sanders,WR,NO,14,164.8,99,WR · 41,11.77,116,WR · 44,33,-,0,0,0,0,0,-,1,12,12,0,0.9,82,61,726,11.9,5,51.9,738,5
538,2019,Emmanuel Sanders,WR,2TM,17,190.3,84,WR · 30,11.19,119,WR · 46,32,100.0%,1,1,35,1,0,2.1,0,0,-,0,-,97,66,869,13.17,5,51.1,904,5
538,2018,Emmanuel Sanders,WR,DEN,12,198.2,64,WR · 23,16.52,50,WR · 17,31,100.0%,1,1,28,1,0,2.3,4,53,13.25,1,4.4,98,71,868,12.23,4,72.3,949,5
538,2017,Emmanuel Sanders,WR,-,12,114.5,151,WR · 60,9.54,141,WR · 52,-,-,-,-,-,-,-,-,-,-,-,-,-,-,-,-,-,-,-,0,-
538,2016,Emmanuel Sanders,WR,-,16,212.6,57,WR · 20,13.29,76,WR · 24,-,-,-,-,-,-,-,-,-,-,-,-,-,-,-,-,-,-,-,0,-
11961,2024,Emory Jones,QB,-,1,0.0,544,QB · 76,0.00,544,QB · 76,-,-,-,-,-,-,-,-,-,-,-,-,-,-,-,-,-,-,-,0,-
6951,2022,Eno Benjamin,RB,3TM,13,89.6,190,RB · 49,6.89,226,RB · 59,23,-,0,0,0,0,0,-,77,313,4.06,2,24.1,34,25,193,7.72,0,14.8,506,2
6951,2021,Eno Benjamin,RB,ARI,8,28.0,360,RB · 100,3.50,376,RB · 107,22,-,0,0,0,0,0,-,34,118,3.47,1,14.8,7,6,42,7,0,5.3,160,1
5323,2024,Equanimeous St. Brown,WR,NO,3,0.0,544,WR · 215,0.00,544,WR · 215,28,-,0,0,0,0,0,-,0,0,-,0,-,0,0,0,-,0,-,0,0
5323,2023,Equanimeous St. Brown,WR,CHI,7,11.2,432,WR · 172,1.60,419,WR · 165,27,-,0,0,0,0,0,-,0,0,-,0,-,6,5,62,12.4,0,8.9,62,0
5323,2022,Equanimeous St. Brown,WR,CHI,16,64.7,237,WR · 100,4.04,324,WR · 123,26,-,0,0,0,0,0,-,6,54,9,0,3.4,38,21,323,15.38,1,20.2,377,1
5323,2021,Equanimeous St. Brown,WR,GB,12,20.2,385,WR · 154,1.68,475,WR · 184,25,-,0,0,0,0,0,-,3,14,4.67,0,1.2,17,9,98,10.89,0,8.2,112,0
5323,2020,Equanimeous St. Brown,WR,GB,12,25.4,358,WR · 150,2.12,401,WR · 158,24,-,0,0,0,0,0,-,1,7,7,0,0.6,13,7,117,16.71,1,9.8,124,1
5323,2019,Equanimeous St. Brown,WR,-,1,0.0,496,WR · 189,0.00,495,WR · 188,-,-,-,-,-,-,-,-,-,-,-,-,-,-,-,-,-,-,-,0,-
5323,2018,Equanimeous St. Brown,WR,GB,12,54.3,268,WR · 113,4.53,289,WR · 119,22,-,0,0,0,0,0,-,1,5,5,0,0.4,36,21,328,15.62,0,27.3,333,0
2118,2021,Eric Ebron,TE,PIT,8,32.5,346,TE · 65,4.06,345,TE · 54,28,-,0,0,0,0,0,-,1,1,1,1,0.1,18,12,84,7,1,10.5,85,2
2118,2020,Eric Ebron,TE,PIT,15,141.8,129,TE · 15,9.45,160,TE · 14,27,-,0,0,0,0,0,-,0,0,-,0,-,91,56,558,9.96,5,37.2,558,5
2118,2019,Eric Ebron,TE,IND,11,86.5,192,TE · 28,7.86,177,TE · 19,26,-,0,0,0,0,0,-,0,0,-,0,-,52,31,375,12.1,3,34.1,375,3
2118,2018,Eric Ebron,TE,IND,16,222.2,50,TE · 4,13.89,73,TE · 4,25,0.0%,0,1,0,0,0,-,3,-8,-2.67,1,-0.5,110,66,750,11.36,13,46.9,742,14
2118,2017,Eric Ebron,TE,-,16,132.4,128,TE · 13,8.28,171,TE · 16,-,-,-,-,-,-,-,-,-,-,-,-,-,-,-,-,-,-,-,0,-
2118,2016,Eric Ebron,TE,-,13,144.2,127,TE · 14,11.09,122,TE · 12,-,-,-,-,-,-,-,-,-,-,-,-,-,-,-,-,-,-,-,0,-
10223,2025,Eric Gray,RB,NYG,1,0.0,415,RB · 113,0.00,410,RB · 111,-,-,0,0,0,0,0,-,0,0,0,0,-,0,0,0,0,0,-,0,0
10223,2024,Eric Gray,RB,NYG,16,17.3,375,RB · 102,1.08,440,RB · 120,25,-,0,0,0,0,0,-,14,31,2.21,0,1.9,11,10,82,8.2,0,5.1,113,0
10223,2023,Eric Gray,RB,NYG,14,13.0,419,RB · 106,0.93,469,RB · 126,24,-,0,0,0,0,0,-,17,48,2.82,0,3.4,7,6,22,3.67,0,1.6,70,0
4189,2024,Eric Saubert,TE,SF,17,26.7,341,TE · 64,1.57,402,TE · 69,30,-,0,0,0,0,0,-,0,0,-,0,-,14,11,97,8.82,1,5.7,97,1
4189,2023,Eric Saubert,TE,2TM,8,4.2,486,TE · 101,0.53,500,TE · 100,29,-,0,0,0,0,0,-,0,0,-,0,-,3,3,12,4,0,1.5,12,0
4189,2022,Eric Saubert,TE,DEN,14,35.8,320,TE · 59,2.56,418,TE · 77,28,-,0,0,0,0,0,-,0,0,-,0,-,24,15,148,9.87,1,10.6,148,1
4189,2021,Eric Saubert,TE,DEN,10,18.7,397,TE · 76,1.87,466,TE · 91,27,-,0,0,0,0,0,-,0,0,-,0,-,12,8,47,5.88,1,4.7,47,1
4189,2020,Eric Saubert,TE,JAX,8,4.6,492,TE · 101,0.58,514,TE · 101,26,-,0,0,0,0,0,-,0,0,-,0,-,4,3,16,5.33,0,2.0,16,0
4189,2019,Eric Saubert,TE,CHI,2,4.1,448,TE · 96,2.05,359,TE · 70,25,-,0,0,0,0,0,-,0,0,-,0,-,3,2,21,10.5,0,10.5,21,0
4189,2018,Eric Saubert,TE,ATL,16,9.8,432,TE · 95,0.61,485,TE · 106,24,-,0,0,0,0,0,-,0,0,-,0,-,9,5,48,9.6,0,3.0,48,0
4189,2017,Eric Saubert,TE,-,14,0.0,529,TE · 108,0.00,529,TE · 108,-,-,-,-,-,-,-,-,-,-,-,-,-,-,-,-,-,-,-,0,-
2755,2024,Eric Tomlinson,TE,LAC,9,2.9,493,TE · 104,0.32,519,TE · 105,32,-,0,0,0,0,0,-,0,0,-,0,-,4,2,9,4.5,0,1.0,9,0
2755,2022,Eric Tomlinson,TE,DEN,9,28.9,346,TE · 66,3.21,374,TE · 66,30,-,0,0,0,0,0,-,0,0,-,0,-,13,9,79,8.78,2,8.8,79,2
2755,2021,Eric Tomlinson,TE,BAL,7,1.7,555,TE · 116,0.24,570,TE · 119,29,-,0,0,0,0,0,-,0,0,-,0,-,1,1,7,7,0,1.0,7,0
2755,2020,Eric Tomlinson,TE,2TM,7,0.0,560,TE · 118,0.00,560,TE · 118,28,-,0,0,0,0,0,-,0,0,-,0,-,1,0,0,-,0,-,0,0
2755,2019,Eric Tomlinson,TE,3TM,8,1.1,482,TE · 110,0.14,486,TE · 108,27,-,0,0,0,0,0,-,0,0,-,0,-,1,1,1,1,0,0.1,1,0
2755,2018,Eric Tomlinson,TE,NYJ,15,15.2,393,TE · 82,1.01,449,TE · 92,26,-,0,0,0,0,0,-,0,0,-,0,-,14,8,72,9,0,4.8,72,0
2755,2017,Eric Tomlinson,TE,-,14,26.1,337,TE · 66,1.86,377,TE · 68,-,-,-,-,-,-,-,-,-,-,-,-,-,-,-,-,-,-,-,0,-
2755,2016,Eric Tomlinson,TE,-,7,0.0,540,TE · 114,0.00,540,TE · 114,-,-,-,-,-,-,-,-,-,-,-,-,-,-,-,-,-,-,-,0,-
11592,2025,Erick All Jr.,TE,CIN,0,0.0,415,TE · 75,-,-,-,-,-,0,0,0,0,0,-,0,0,0,0,-,0,0,0,0,0,-,0,0
11592,2024,Erick All Jr.,TE,CIN,9,35.8,301,TE · 54,3.98,281,TE · 41,24,-,0,0,0,0,0,-,0,0,-,0,-,22,20,158,7.9,0,17.6,158,0
8114,2024,Erik Ezukanma,WR,MIA,2,0.0,544,WR · 215,0.00,544,WR · 215,24,-,0,0,0,0,0,-,0,0,-,0,-,2,0,0,-,0,-,0,0
8114,2023,Erik Ezukanma,WR,MIA,2,2.2,508,WR · 197,1.10,452,WR · 183,23,-,0,0,0,0,0,-,5,22,4.4,0,11.0,1,0,0,-,0,-,22,0
8114,2022,Erik Ezukanma,WR,MIA,1,1.3,555,WR · 212,1.30,492,WR · 185,22,-,0,0,0,0,0,-,0,0,-,0,-,1,1,3,3,0,3.0,3,0
8831,2023,Ethan Fernea,WR,IND,1,0.0,537,WR · 205,0.00,537,WR · 205,25,-,0,0,0,0,0,-,0,0,-,0,-,0,0,0,-,0,-,0,0
5196,2021,Ethan Wolf,TE,NO,1,2.8,538,TE · 111,2.80,408,TE · 73,26,-,0,0,0,0,0,-,0,0,-,0,-,2,2,8,4,0,8.0,8,0
4605,2020,Evan Baylis,TE,ARI,5,0.0,560,TE · 118,0.00,560,TE · 118,27,-,0,0,0,0,0,-,0,0,-,0,-,0,0,0,-,0,-,0,0
4605,2019,Evan Baylis,TE,GB,5,0.0,496,TE · 111,0.00,495,TE · 111,26,-,0,0,0,0,0,-,0,0,-,0,-,0,0,0,-,0,-,0,0
4605,2017,Evan Baylis,TE,-,1,0.0,529,TE · 108,0.00,529,TE · 108,-,-,-,-,-,-,-,-,-,-,-,-,-,-,-,-,-,-,-,0,-
4066,2025,Evan Engram,TE,DEN,16,102.8,169,TE · 29,6.43,212,TE · 32,-,-,0,0,0,0,0,-,1,7,7,0,0.4,76,50,461,9.2,1,28.8,468,1
4066,2024,Evan Engram,TE,JAX,9,89.5,206,TE · 33,9.94,148,TE · 13,30,-,0,0,0,0,0,-,0,0,-,0,-,64,47,365,7.77,1,40.6,365,1
4066,2023,Evan Engram,TE,JAX,17,230.3,50,TE · 2,13.55,82,TE · 4,29,-,0,0,0,0,0,-,0,0,-,0,-,143,114,963,8.45,4,56.6,963,4
4066,2022,Evan Engram,TE,JAX,17,176.9,83,TE · 5,10.41,133,TE · 7,28,-,0,0,0,0,0,-,2,13,6.5,0,0.8,98,73,766,10.49,4,45.1,779,4
4066,2021,Evan Engram,TE,NYG,15,102.5,182,TE · 24,6.83,237,TE · 29,27,-,0,0,0,0,0,-,1,-3,-3,0,-0.2,73,46,408,8.87,3,27.2,405,3
4066,2020,Evan Engram,TE,NYG,16,141.0,130,TE · 16,8.81,179,TE · 21,26,-,0,0,0,0,0,-,6,26,4.33,1,1.6,109,63,654,10.38,1,40.9,680,2
4066,2019,Evan Engram,TE,NYG,8,109.4,157,TE · 18,13.68,87,TE · 7,25,-,0,0,0,0,0,-,3,7,2.33,0,0.9,68,44,467,10.61,3,58.4,474,3
4066,2018,Evan Engram,TE,NYG,11,126.3,141,TE · 13,11.48,113,TE · 7,24,-,0,0,0,0,0,-,3,36,12,0,3.3,64,45,577,12.82,3,52.5,613,3
4066,2017,Evan Engram,TE,-,15,173.6,77,TE · 5,11.57,88,TE · 4,-,-,-,-,-,-,-,-,-,-,-,-,-,-,-,-,-,-,-,0,-
9220,2024,Evan Hull,RB,IND,1,0.0,544,RB · 141,0.00,544,RB · 141,24,-,0,0,0,0,0,-,0,0,-,0,-,0,0,0,-,0,-,0,0
9220,2023,Evan Hull,RB,IND,1,1.7,518,RB · 140,1.70,412,RB · 108,23,-,0,0,0,0,0,-,1,1,1,0,1.0,1,1,6,6,0,6.0,7,0
3164,2024,Ezekiel Elliott,RB,DAL,15,57.5,254,RB · 63,3.83,286,RB · 71,29,-,0,0,0,0,0,-,74,226,3.05,3,15.1,15,12,69,5.75,0,4.6,295,3
3164,2023,Ezekiel Elliott,RB,NE,17,174.5,96,RB · 30,10.26,136,RB · 37,28,-,0,0,0,0,0,-,184,642,3.49,3,37.8,65,51,313,6.14,2,18.4,955,5
3164,2022,Ezekiel Elliott,RB,DAL,15,185.8,73,RB · 22,12.39,94,RB · 22,27,-,0,0,0,0,0,-,231,876,3.79,12,58.4,23,17,92,5.41,0,6.1,968,12
3164,2021,Ezekiel Elliott,RB,DAL,17,252.1,35,RB · 7,14.83,61,RB · 15,26,100.0%,1,1,4,0,0,0.2,237,1002,4.23,10,58.9,65,47,287,6.11,2,16.9,1293,12
3164,2020,Ezekiel Elliott,RB,DAL,15,223.7,51,RB · 9,14.91,69,RB · 17,25,-,0,0,0,0,0,-,244,979,4.01,6,65.3,71,52,338,6.5,2,22.5,1317,8
3164,2019,Ezekiel Elliott,RB,DAL,16,311.7,9,RB · 3,19.48,15,RB · 5,24,-,0,0,0,0,0,-,301,1357,4.51,12,84.8,71,54,420,7.78,2,26.3,1777,14
3164,2018,Ezekiel Elliott,RB,DAL,15,329.1,11,RB · 5,21.94,9,RB · 6,23,-,0,0,0,0,0,-,304,1434,4.72,6,95.6,95,77,567,7.36,3,37.8,2001,9
3164,2017,Ezekiel Elliott,RB,-,10,203.2,51,RB · 12,20.32,8,RB · 3,-,-,-,-,-,-,-,-,-,-,-,-,-,-,-,-,-,-,-,0,-
3164,2016,Ezekiel Elliott,RB,-,15,325.4,5,RB · 2,21.69,5,RB · 3,-,-,-,-,-,-,-,-,-,-,-,-,-,-,-,-,-,-,-,0,-
7483,2021,Farrod Green,TE,-,1,0.0,582,TE · 121,0.00,582,TE · 121,-,-,-,-,-,-,-,-,-,-,-,-,-,-,-,-,-,-,-,0,-
7483,2020,Farrod Green,TE,IND,1,0.0,560,TE · 118,0.00,560,TE · 118,23,-,0,0,0,0,0,-,0,0,-,0,-,0,0,0,-,0,-,0,0
7531,2024,Feleipe Franks,QB,CAR,15,2.2,501,QB · 68,0.15,533,QB · 73,27,-,0,0,0,0,0,-,0,0,-,0,-,3,1,12,12,0,0.8,12,0
7531,2022,Feleipe Franks,QB,ATL,5,0.0,571,QB · 80,0.00,571,QB · 80,25,-,0,0,0,0,0,-,1,0,0,0,-,2,0,0,-,0,-,0,0
7531,2021,Feleipe Franks,QB,ATL,6,-0.4,665,QB · 80,-0.07,660,QB · 77,24,0.0%,0,1,0,0,1,-,3,6,2,0,1.0,0,0,0,-,0,-,6,0
5985,2025,Foster Moreau,TE,NO,11,12.9,365,TE · 69,1.17,375,TE · 70,-,-,0,0,0,0,0,-,0,0,0,0,-,10,7,59,8.4,0,5.4,59,0
5985,2024,Foster Moreau,TE,NO,17,103.3,186,TE · 28,6.08,227,TE · 33,27,-,0,0,0,0,0,-,0,0,-,0,-,43,32,413,12.91,5,24.3,413,5
5985,2023,Foster Moreau,TE,NO,14,46.3,276,TE · 49,3.31,311,TE · 46,26,-,0,0,0,0,0,-,0,0,-,0,-,25,21,193,9.19,1,13.8,193,1
5985,2022,Foster Moreau,TE,LV,14,85.2,203,TE · 30,6.09,249,TE · 32,25,-,0,0,0,0,0,-,0,2,-,0,0.1,54,33,420,12.73,2,30.0,422,2
5985,2021,Foster Moreau,TE,LV,15,85.3,206,TE · 26,5.69,271,TE · 34,24,-,0,0,0,0,0,-,0,0,-,0,-,44,30,373,12.43,3,24.9,373,3
5985,2020,Foster Moreau,TE,LV,16,33.0,325,TE · 61,2.06,406,TE · 71,23,-,0,0,0,0,0,-,0,0,-,0,-,9,7,140,20,2,8.8,140,2
5985,2019,Foster Moreau,TE,OAK,13,68.4,221,TE · 39,5.26,242,TE · 39,22,-,0,0,0,0,0,-,0,0,-,0,-,25,21,174,8.29,5,13.4,174,5
7530,2022,Frank Darby,WR,ATL,1,2.5,532,WR · 205,2.50,422,WR · 160,25,-,0,0,0,0,0,-,0,0,-,0,-,1,1,15,15,0,15.0,15,0
7530,2021,Frank Darby,WR,ATL,4,2.4,541,WR · 213,0.60,544,WR · 211,24,-,0,0,0,0,0,-,0,0,-,0,-,4,1,14,14,0,3.5,14,0
232,2018,Frank Gore,RB,MIA,14,102.6,169,RB · 46,7.33,199,RB · 57,35,-,0,0,0,0,0,-,156,722,4.63,0,51.6,16,12,124,10.33,1,8.9,846,1
232,2017,Frank Gore,RB,-,16,173.6,77,RB · 19,10.85,112,RB · 29,-,-,-,-,-,-,-,-,-,-,-,-,-,-,-,-,-,-,-,0,-
232,2016,Frank Gore,RB,-,16,214.2,54,RB · 12,13.39,72,RB · 21,-,-,-,-,-,-,-,-,-,-,-,-,-,-,-,-,-,-,-,0,-
11573,2025,Frank Gore Jr.,RB,BUF,0,0.0,415,RB · 113,-,-,-,-,-,0,0,0,0,0,-,0,0,0,0,-,0,0,0,0,0,-,0,0
4752,2020,Fred Brown,WR,DEN,1,0.0,560,WR · 208,0.00,560,WR · 208,27,-,0,0,0,0,0,-,0,0,-,0,-,0,0,0,-,0,-,0,0
4752,2019,Fred Brown,WR,DEN,13,4.1,448,WR · 178,0.32,468,WR · 184,26,-,0,0,0,0,0,-,0,0,-,0,-,3,2,21,10.5,0,1.6,21,0
7135,2022,Freddie Swain,WR,2TM,3,11.4,437,WR · 166,3.80,333,WR · 126,24,-,0,0,0,0,0,-,0,0,-,0,-,6,4,74,18.5,0,24.7,74,0
7135,2021,Freddie Swain,WR,SEA,17,86.5,203,WR · 83,5.09,292,WR · 116,23,-,0,0,0,0,0,-,5,32,6.4,0,1.9,40,25,343,13.72,4,20.2,375,4
7135,2020,Freddie Swain,WR,SEA,16,40.9,304,WR · 127,2.56,374,WR · 147,22,-,0,0,0,0,0,-,0,0,-,0,-,21,13,159,12.23,2,9.9,159,2
6943,2025,Gabe Davis,WR,BUF,6,30.9,316,WR · 127,5.15,247,WR · 94,-,-,0,0,0,0,0,-,0,0,0,0,-,18,12,129,10.8,1,21.5,129,1
6943,2024,Gabe Davis,WR,JAX,10,53.9,264,WR · 111,5.39,248,WR · 100,25,-,0,0,0,0,0,-,0,0,-,0,-,42,20,239,11.95,2,23.9,239,2
6943,2023,Gabe Davis,WR,BUF,17,161.4,105,WR · 41,9.49,153,WR · 53,24,-,0,0,0,0,0,-,1,-2,-2,0,-0.1,81,45,746,16.58,7,43.9,744,7
6943,2022,Gabe Davis,WR,BUF,15,171.6,89,WR · 36,11.44,111,WR · 39,23,-,0,0,0,0,0,-,0,0,-,0,-,93,48,836,17.42,7,55.7,836,7
6943,2021,Gabe Davis,WR,BUF,15,125.9,147,WR · 58,8.39,192,WR · 74,22,-,0,0,0,0,0,-,0,0,-,0,-,63,35,549,15.69,6,36.6,549,6
6943,2020,Gabe Davis,WR,BUF,16,136.9,136,WR · 56,8.56,187,WR · 74,21,-,0,0,0,0,0,-,1,0,0,0,-,62,35,599,17.11,7,37.4,599,7
7318,2021,Gabe Nabers,RB,LAC,7,5.5,498,RB · 137,0.79,533,RB · 150,24,-,0,0,0,0,0,-,3,8,2.67,0,1.1,3,3,17,5.67,0,2.4,25,0
7318,2020,Gabe Nabers,RB,LAC,16,20.2,386,RB · 105,1.26,456,RB · 124,23,-,0,0,0,0,0,-,2,7,3.5,0,0.4,7,5,25,5,2,1.6,32,2
6011,2025,Gardner Minshew II,QB,KC,4,0.7,410,QB · 60,0.17,407,QB · 59,-,46.2%,6,13,37,0,1,9.3,6,2,0.33,0,0.5,0,0,0,0,0,-,39,0
6011,2024,Gardner Minshew II,QB,LV,10,106.3,175,QB · 34,10.63,133,QB · 45,28,66.3%,203,306,2013,9,10,201.3,19,58,3.05,0,5.8,0,0,0,-,0,-,2071,0
6011,2023,Gardner Minshew II,QB,IND,16,205.2,72,QB · 21,12.83,93,QB · 33,27,62.2%,305,490,3305,15,9,206.6,34,100,2.94,3,6.3,0,0,0,-,0,-,3405,3
6011,2022,Gardner Minshew II,QB,PHI,5,39.8,307,QB · 47,7.96,193,QB · 54,26,57.9%,44,76,663,3,3,132.6,7,3,0.43,1,0.6,0,0,0,-,0,-,666,1
6011,2021,Gardner Minshew II,QB,PHI,3,34.7,334,QB · 46,11.57,121,QB · 42,25,68.3%,41,60,439,4,1,146.3,9,21,2.33,0,7.0,0,0,0,-,0,-,460,0
6011,2020,Gardner Minshew II,QB,JAX,9,165.7,97,QB · 26,18.41,26,QB · 15,24,66.1%,216,327,2259,16,5,251.0,29,153,5.28,1,17.0,1,1,0,0,0,-,2412,1
6011,2019,Gardner Minshew II,QB,JAX,14,235.2,44,QB · 20,16.80,34,QB · 18,23,60.6%,285,470,3271,21,6,233.6,67,344,5.13,0,24.6,0,0,0,-,0,-,3615,0
1223,2018,Garrett Celek,TE,SF,15,26.0,346,TE · 65,1.73,401,TE · 77,30,-,0,0,0,0,0,-,0,0,-,0,-,8,5,90,18,2,6.0,90,2
1223,2017,Garrett Celek,TE,-,16,78.6,203,TE · 29,4.91,274,TE · 40,-,-,-,-,-,-,-,-,-,-,-,-,-,-,-,-,-,-,-,0,-
1223,2016,Garrett Celek,TE,-,16,80.0,210,TE · 33,5.00,266,TE · 39,-,-,-,-,-,-,-,-,-,-,-,-,-,-,-,-,-,-,-,0,-
5756,2018,Garrett Dickerson,TE,NYG,4,0.0,543,TE · 118,0.00,543,TE · 118,23,-,0,0,0,0,0,-,0,0,-,0,-,0,0,0,-,0,-,0,0
2229,2021,Garrett Gilbert,QB,WAS,1,7.8,472,QB · 63,7.80,210,QB · 49,30,64.5%,20,31,194,0,0,194.0,0,0,-,0,-,0,0,0,-,0,-,194,0
2229,2020,Garrett Gilbert,QB,DAL,2,15.5,412,QB · 53,7.75,209,QB · 49,29,55.3%,21,38,243,1,1,121.5,3,28,9.33,0,14.0,0,0,0,-,0,-,271,0
2229,2019,Garrett Gilbert,QB,CLE,6,-0.3,569,QB · 75,-0.05,568,QB · 75,28,0.0%,0,3,0,0,0,-,3,-3,-1,0,-0.5,0,0,0,-,0,-,-3,0
2229,2018,Garrett Gilbert,QB,CAR,1,1.6,519,QB · 60,1.60,408,QB · 57,27,66.7%,2,3,40,0,0,40.0,0,0,-,0,-,0,0,0,-,0,-,40,0
3894,2021,Garrett Griffin,TE,NO,5,7.9,470,TE · 93,1.58,480,TE · 96,27,-,0,0,0,0,0,-,0,0,-,0,-,4,4,39,9.75,0,7.8,39,0
3894,2020,Garrett Griffin,TE,NO,4,0.0,560,TE · 118,0.00,560,TE · 118,26,-,0,0,0,0,0,-,0,0,-,0,-,0,0,0,-,0,-,0,0
3894,2017,Garrett Griffin,TE,-,3,1.4,509,TE · 106,0.47,489,TE · 101,-,-,-,-,-,-,-,-,-,-,-,-,-,-,-,-,-,-,-,0,-
8146,2025,Garrett Wilson,WR,NYJ,7,99.5,174,WR · 62,14.21,67,WR · 16,-,-,0,0,0,0,0,-,0,0,0,0,-,59,36,395,11,4,56.4,395,4
8146,2024,Garrett Wilson,WR,NYJ,17,251.9,38,WR · 10,14.82,67,WR · 21,24,-,0,0,0,0,0,-,2,5,2.5,0,0.3,154,101,1104,10.93,7,64.9,1109,7
8146,2023,Garrett Wilson,WR,NYJ,17,213.2,64,WR · 26,12.54,97,WR · 33,23,0.0%,0,1,0,0,0,-,4,0,0,0,-,168,95,1042,10.97,3,61.3,1042,3
8146,2022,Garrett Wilson,WR,NYJ,17,215.7,54,WR · 21,12.69,91,WR · 31,22,0.0%,0,1,0,0,0,-,4,4,1,0,0.2,147,83,1103,13.29,4,64.9,1107,4
7529,2024,Gary Brightwell,RB,CLE,1,0.0,544,RB · 141,0.00,544,RB · 141,25,-,0,0,0,0,0,-,0,0,-,0,-,0,0,0,-,0,-,0,0
7529,2023,Gary Brightwell,RB,NYG,4,11.6,428,RB · 109,2.90,333,RB · 83,24,-,0,0,0,0,0,-,9,19,2.11,0,4.8,7,5,47,9.4,0,11.8,66,0
7529,2022,Gary Brightwell,RB,NYG,15,29.0,344,RB · 92,1.93,454,RB · 123,23,-,0,0,0,0,0,-,31,141,4.55,1,9.4,8,5,39,7.8,0,2.6,180,1
7529,2021,Gary Brightwell,RB,NYG,7,2.0,545,RB · 153,0.29,568,RB · 159,22,-,0,0,0,0,0,-,1,4,4,0,0.6,1,1,6,6,0,0.9,10,0
4489,2018,Gehrig Dieter,WR,KC,4,3.2,494,WR · 188,0.80,468,WR · 183,25,-,0,0,0,0,0,-,0,0,-,0,-,3,1,22,22,0,5.5,22,0
1373,2025,Geno Smith,QB,LV,15,190.9,72,QB · 23,12.73,83,QB · 33,-,67.4%,302,448,3025,19,17,201.7,41,109,2.66,0,7.3,0,0,0,0,0,-,3134,0
1373,2024,Geno Smith,QB,SEA,17,281.0,23,QB · 13,16.53,41,QB · 17,34,70.4%,407,578,4320,21,15,254.1,53,272,5.13,2,16.0,0,0,0,-,0,-,4592,2
1373,2023,Geno Smith,QB,SEA,15,236.3,45,QB · 19,15.75,49,QB · 25,33,64.7%,323,499,3624,20,9,241.6,37,155,4.19,1,10.3,1,1,-2,-2,0,-0.1,3777,1
1373,2022,Geno Smith,QB,SEA,17,314.9,13,QB · 5,18.52,21,QB · 10,32,69.8%,399,572,4282,30,11,251.9,68,366,5.38,1,21.5,0,0,0,-,0,-,4648,1
1373,2021,Geno Smith,QB,SEA,4,55.3,275,QB · 40,13.83,85,QB · 31,31,68.4%,65,95,702,5,1,175.5,9,42,4.67,1,10.5,0,0,0,-,0,-,744,1
1373,2020,Geno Smith,QB,SEA,1,1.1,551,QB · 75,1.10,471,QB · 72,30,80.0%,4,5,33,0,0,33.0,2,-2,-1,0,-2.0,0,0,0,-,0,-,31,0
1373,2019,Geno Smith,QB,-,1,0.0,496,QB · 63,0.00,495,QB · 63,-,-,-,-,-,-,-,-,-,-,-,-,-,-,-,-,-,-,-,0,-
1373,2018,Geno Smith,QB,LAC,5,-1.5,642,QB · 77,-0.30,642,QB · 77,28,25.0%,1,4,8,0,0,1.6,8,2,0.25,0,0.4,0,0,0,-,0,-,10,0
1373,2017,Geno Smith,QB,-,2,9.7,427,QB · 54,4.85,275,QB · 52,-,-,-,-,-,-,-,-,-,-,-,-,-,-,-,-,-,-,-,0,-
1373,2016,Geno Smith,QB,-,2,7.9,440,QB · 55,3.95,297,QB · 52,-,-,-,-,-,-,-,-,-,-,-,-,-,-,-,-,-,-,-,0,-
2545,2024,Geoff Swaim,TE,CLE,8,1.7,511,TE · 106,0.21,528,TE · 111,31,-,0,0,0,0,0,-,0,0,-,0,-,1,1,7,7,0,0.9,7,0
2545,2023,Geoff Swaim,TE,ARI,12,19.4,387,TE · 78,1.62,417,TE · 78,30,-,0,0,0,0,0,-,0,0,-,0,-,11,10,94,9.4,0,7.8,94,0
2545,2022,Geoff Swaim,TE,TEN,12,23.8,363,TE · 72,1.98,450,TE · 88,29,-,0,0,0,0,0,-,0,0,-,0,-,16,12,58,4.83,1,4.8,58,1
2545,2021,Geoff Swaim,TE,TEN,16,70.0,240,TE · 33,4.38,327,TE · 46,28,-,0,0,0,0,0,-,0,0,-,0,-,40,31,210,6.77,3,13.1,210,3
2545,2020,Geoff Swaim,TE,TEN,10,23.3,365,TE · 70,2.33,386,TE · 68,27,-,0,0,0,0,0,-,0,0,-,0,-,12,9,83,9.22,1,8.3,83,1
2545,2019,Geoff Swaim,TE,JAX,6,19.5,352,TE · 71,3.25,309,TE · 54,26,-,0,0,0,0,0,-,0,0,-,0,-,17,13,65,5,0,10.8,65,0
2545,2018,Geoff Swaim,TE,DAL,9,56.2,263,TE · 37,6.24,230,TE · 25,25,-,0,0,0,0,0,-,0,0,-,0,-,32,26,242,9.31,1,26.9,242,1
2545,2017,Geoff Swaim,TE,-,15,4.5,480,TE · 100,0.30,505,TE · 105,-,-,-,-,-,-,-,-,-,-,-,-,-,-,-,-,-,-,-,0,-
2545,2016,Geoff Swaim,TE,-,9,12.9,407,TE · 81,1.43,420,TE · 79,-,-,-,-,-,-,-,-,-,-,-,-,-,-,-,-,-,-,-,0,-
12048,2025,George Holani,RB,SEA,3,20.8,337,RB · 83,6.93,202,RB · 54,-,-,0,0,0,0,0,-,22,73,3.32,1,24.3,2,2,15,7.5,0,5.0,88,1
12048,2024,George Holani,RB,SEA,3,1.9,506,RB · 130,0.63,489,RB · 128,25,-,0,0,0,0,0,-,3,10,3.33,0,3.3,1,1,-1,-1,0,-0.3,9,0
4217,2025,George Kittle,TE,SF,11,161.5,104,TE · 13,14.68,56,TE · 3,-,-,0,0,0,0,0,-,1,-3,-3,0,-0.3,69,57,628,11,7,57.1,625,7
4217,2024,George Kittle,TE,SF,15,236.6,53,TE · 3,15.77,52,TE · 1,31,-,0,0,0,0,0,-,0,0,-,0,-,94,78,1106,14.18,8,73.7,1106,8
4217,2023,George Kittle,TE,SF,16,203.2,73,TE · 5,12.70,94,TE · 6,30,-,0,0,0,0,0,-,1,2,2,0,0.1,90,65,1020,15.69,6,63.8,1022,6
4217,2022,George Kittle,TE,SF,15,200.5,64,TE · 3,13.37,76,TE · 2,29,-,0,0,0,0,0,-,0,0,-,0,-,86,60,765,12.75,11,51.0,765,11
4217,2021,George Kittle,TE,SF,14,198.0,73,TE · 4,14.14,77,TE · 4,28,-,0,0,0,0,0,-,3,20,6.67,0,1.4,94,71,910,12.82,6,65.0,930,6
4217,2020,George Kittle,TE,SF,8,125.1,152,TE · 20,15.64,60,TE · 3,27,-,0,0,0,0,0,-,2,17,8.5,0,2.1,63,48,634,13.21,2,79.3,651,2
4217,2019,George Kittle,TE,SF,14,222.5,57,TE · 2,15.89,47,TE · 2,26,-,0,0,0,0,0,-,5,22,4.4,0,1.6,107,85,1053,12.39,5,75.2,1075,5
4217,2018,George Kittle,TE,SF,16,258.7,38,TE · 3,16.17,52,TE · 3,25,-,0,0,0,0,0,-,1,10,10,0,0.6,136,88,1377,15.65,5,86.1,1387,5
4217,2017,George Kittle,TE,-,15,106.5,158,TE · 19,7.10,197,TE · 22,-,-,-,-,-,-,-,-,-,-,-,-,-,-,-,-,-,-,-,0,-
8137,2025,George Pickens,WR,DAL,17,291.9,23,WR · 5,17.17,30,WR · 7,-,-,0,0,0,0,0,-,0,0,0,0,-,137,93,1429,15.4,9,84.1,1429,9
8137,2024,George Pickens,WR,PIT,14,164.4,104,WR · 42,11.74,113,WR · 40,23,-,0,0,0,0,0,-,2,-6,-3,0,-0.4,103,59,900,15.25,3,64.3,894,3
8137,2023,George Pickens,WR,PIT,17,208.8,69,WR · 29,12.28,103,WR · 37,22,-,0,0,0,0,0,-,3,18,6,0,1.1,106,63,1140,18.1,5,67.1,1158,5
8137,2022,George Pickens,WR,PIT,17,166.5,98,WR · 40,9.79,148,WR · 53,21,-,0,0,0,0,0,-,3,24,8,1,1.4,84,52,801,15.4,4,47.1,825,5
4089,2024,Gerald Everett,TE,CHI,17,11.6,419,TE · 85,0.68,485,TE · 96,30,-,0,0,0,0,0,-,0,0,-,0,-,13,8,36,4.5,0,2.1,36,0
4089,2023,Gerald Everett,TE,LAC,15,111.1,159,TE · 23,7.41,191,TE · 20,29,-,0,0,0,0,0,-,3,10,3.33,0,0.7,70,51,411,8.06,3,27.4,421,3
4089,2022,Gerald Everett,TE,LAC,15,139.5,125,TE · 13,9.30,159,TE · 13,28,-,0,0,0,0,0,-,1,0,0,0,-,87,58,555,9.57,4,37.0,555,4
4089,2021,Gerald Everett,TE,SEA,15,117.8,157,TE · 22,7.85,208,TE · 23,27,-,0,0,0,0,0,-,3,20,6.67,0,1.3,63,48,478,9.96,4,31.9,498,4
4089,2020,Gerald Everett,TE,LAR,16,92.9,194,TE · 25,5.81,254,TE · 32,26,-,0,0,0,0,0,-,1,2,2,1,0.1,62,41,417,10.17,1,26.1,419,2
4089,2019,Gerald Everett,TE,LAR,13,89.8,187,TE · 26,6.91,197,TE · 25,25,-,0,0,0,0,0,-,1,0,0,0,-,60,37,408,11.03,2,31.4,408,2
4089,2018,Gerald Everett,TE,LAR,16,86.6,196,TE · 22,5.41,258,TE · 30,24,-,0,0,0,0,0,-,2,16,8,0,1.0,50,33,320,9.7,3,20.0,336,3
4089,2017,Gerald Everett,TE,-,16,51.7,261,TE · 43,3.23,319,TE · 52,-,-,-,-,-,-,-,-,-,-,-,-,-,-,-,-,-,-,-,0,-
2487,2018,Geremy Davis,WR,LAC,14,0.0,543,WR · 206,0.00,543,WR · 206,26,-,0,0,0,0,0,-,0,0,-,0,-,1,0,0,-,0,-,0,0
2487,2017,Geremy Davis,WR,-,2,0.0,529,WR · 200,0.00,529,WR · 200,-,-,-,-,-,-,-,-,-,-,-,-,-,-,-,-,-,-,-,0,-
2487,2016,Geremy Davis,WR,-,3,0.0,540,WR · 193,0.00,540,WR · 193,-,-,-,-,-,-,-,-,-,-,-,-,-,-,-,-,-,-,-,0,-
3503,2021,Geronimo Allison,WR,DET,1,0.0,582,WR · 225,0.00,582,WR · 225,27,-,0,0,0,0,0,-,0,0,-,0,-,2,0,0,-,0,-,0,0
3503,2019,Geronimo Allison,WR,GB,16,75.4,212,WR · 86,4.71,258,WR · 103,25,-,0,0,0,0,0,-,1,7,7,0,0.4,55,34,287,8.44,2,17.9,294,2
3503,2018,Geronimo Allison,WR,GB,5,62.3,243,WR · 100,12.46,94,WR · 31,24,-,0,0,0,0,0,-,0,0,-,0,-,30,20,303,15.15,2,60.6,303,2
3503,2017,Geronimo Allison,WR,-,15,46.3,274,WR · 108,3.09,326,WR · 122,-,-,-,-,-,-,-,-,-,-,-,-,-,-,-,-,-,-,-,0,-
3503,2016,Geronimo Allison,WR,-,10,44.2,270,WR · 113,4.42,282,WR · 112,-,-,-,-,-,-,-,-,-,-,-,-,-,-,-,-,-,-,-,0,-
7539,2021,Gerrid Doaks,RB,-,4,0.0,582,RB · 165,0.00,582,RB · 165,-,-,-,-,-,-,-,-,-,-,-,-,-,-,-,-,-,-,-,0,-
1386,2022,Giovani Bernard,RB,TB,4,4.7,506,RB · 142,1.18,501,RB · 136,31,-,0,0,0,0,0,-,8,28,3.5,0,7.0,2,2,-1,-0.5,0,-0.3,27,0
1386,2021,Giovani Bernard,RB,TB,10,59.1,265,RB · 72,5.91,266,RB · 74,30,-,0,0,0,0,0,-,8,58,7.25,0,5.8,29,23,123,5.35,3,12.3,181,3
1386,2020,Giovani Bernard,RB,CIN,16,158.1,109,RB · 29,9.88,154,RB · 37,29,-,0,0,0,0,0,-,124,416,3.35,3,26.0,59,47,355,7.55,3,22.2,771,6
1386,2019,Giovani Bernard,RB,CIN,16,68.4,221,RB · 58,4.28,273,RB · 73,28,-,0,0,0,0,0,-,53,170,3.21,0,10.6,43,30,234,7.8,0,14.6,404,0
1386,2018,Giovani Bernard,RB,CIN,12,95.9,182,RB · 52,7.99,190,RB · 52,27,-,0,0,0,0,0,-,56,211,3.77,3,17.6,48,35,218,6.23,0,18.2,429,3
1386,2017,Giovani Bernard,RB,-,16,151.7,99,RB · 27,9.48,142,RB · 39,-,-,-,-,-,-,-,-,-,-,-,-,-,-,-,-,-,-,-,0,-
1386,2016,Giovani Bernard,RB,-,10,122.3,153,RB · 41,12.23,101,RB · 26,-,-,-,-,-,-,-,-,-,-,-,-,-,-,-,-,-,-,-,0,-
7216,2023,Giovanni Ricci,TE,CAR,5,1.2,528,TE · 112,0.24,525,TE · 110,27,-,0,0,0,0,0,-,0,0,-,0,-,1,1,2,2,0,0.4,2,0
7216,2022,Giovanni Ricci,TE,CAR,11,18.0,402,TE · 82,1.64,471,TE · 92,26,-,0,0,0,0,0,-,0,0,-,0,-,9,8,100,12.5,0,9.1,100,0
7216,2021,Giovanni Ricci,TE,CAR,9,0.0,582,TE · 121,0.00,582,TE · 121,25,-,0,0,0,0,0,-,0,0,-,0,-,2,0,0,-,0,-,0,0
5220,2023,Godwin Igwebuike,RB,2TM,8,0.0,537,RB · 145,0.00,537,RB · 145,29,-,0,0,0,0,0,-,0,0,-,0,-,0,0,0,-,0,-,0,0
5220,2022,Godwin Igwebuike,RB,SEA,5,1.7,542,RB · 151,0.34,560,RB · 154,28,-,0,0,0,0,0,-,3,4,1.33,0,0.8,1,1,3,3,0,0.6,7,0
5220,2021,Godwin Igwebuike,RB,DET,10,18.0,401,RB · 113,1.80,470,RB · 132,27,-,0,0,0,0,0,-,18,118,6.56,1,11.8,10,7,60,8.57,0,6.0,178,1
5220,2018,Godwin Igwebuike,RB,-,6,0.0,543,RB · 155,0.00,543,RB · 155,-,-,-,-,-,-,-,-,-,-,-,-,-,-,-,-,-,-,-,0,-
642,2020,Golden Tate,WR,NYG,12,86.5,204,WR · 91,7.21,224,WR · 89,32,50.0%,1,2,18,0,0,1.5,0,0,-,0,-,52,35,388,11.09,2,32.3,406,2
642,2019,Golden Tate,WR,NYG,11,152.2,112,WR · 45,13.84,82,WR · 29,31,-,0,0,0,0,0,-,1,16,16,0,1.5,85,49,676,13.8,6,61.5,692,6
642,2018,Golden Tate,WR,2TM,15,182.9,76,WR · 29,12.19,98,WR · 32,30,-,0,0,0,0,0,-,4,34,8.5,0,2.3,113,74,795,10.74,4,53.0,829,4
642,2017,Golden Tate,WR,-,16,224.5,39,WR · 12,14.03,54,WR · 15,-,-,-,-,-,-,-,-,-,-,-,-,-,-,-,-,-,-,-,0,-
642,2016,Golden Tate,WR,-,16,223.1,49,WR · 17,13.94,61,WR · 19,-,-,-,-,-,-,-,-,-,-,-,-,-,-,-,-,-,-,-,0,-
8177,2025,Grant Calcaterra,TE,PHI,15,22.6,335,TE · 65,1.51,366,TE · 68,-,-,0,0,0,0,0,-,0,0,0,0,-,13,9,76,8.4,1,5.1,76,1
8177,2024,Grant Calcaterra,TE,PHI,17,59.8,251,TE · 41,3.52,300,TE · 45,26,-,0,0,0,0,0,-,0,0,-,0,-,30,24,298,12.42,1,17.5,298,1
8177,2023,Grant Calcaterra,TE,PHI,10,7.9,454,TE · 92,0.79,484,TE · 96,25,-,0,0,0,0,0,-,0,0,-,0,-,4,4,39,9.75,0,3.9,39,0
8177,2022,Grant Calcaterra,TE,PHI,6,13.1,423,TE · 87,2.18,439,TE · 85,24,-,0,0,0,0,0,-,0,0,-,0,-,9,5,81,16.2,0,13.5,81,0
11024,2024,Grant DuBose,WR,MIA,3,3.1,488,WR · 196,1.03,446,WR · 179,23,-,0,0,0,0,0,-,0,0,-,0,-,4,2,11,5.5,0,3.7,11,0
5970,2025,Greg Dortch,WR,ARI,12,75.1,216,WR · 84,6.26,218,WR · 77,-,-,0,0,0,0,0,-,7,15,2.14,1,1.3,33,29,206,7.1,3,17.2,221,4
5970,2024,Greg Dortch,WR,ARI,17,90.3,205,WR · 85,5.31,251,WR · 101,26,-,0,0,0,0,0,-,5,31,6.2,0,1.8,50,37,342,9.24,3,20.1,373,3
5970,2023,Greg Dortch,WR,ARI,16,64.5,232,WR · 93,4.03,276,WR · 103,25,-,0,0,0,0,0,-,1,5,5,0,0.3,41,24,280,11.67,2,17.5,285,2
5970,2022,Greg Dortch,WR,ARI,16,113.1,155,WR · 62,7.07,217,WR · 80,24,-,0,0,0,0,0,-,7,44,6.29,0,2.8,64,52,467,8.98,2,29.2,511,2
5970,2021,Greg Dortch,WR,ARI,5,6.9,479,WR · 189,1.38,499,WR · 193,23,-,0,0,0,0,0,-,1,24,24,0,4.8,3,3,15,5,0,3.0,39,0
5970,2019,Greg Dortch,WR,CAR,2,-2.0,575,WR · 220,-1.00,575,WR · 220,21,-,0,0,0,0,0,-,0,0,-,0,-,0,0,0,-,0,-,0,0
8172,2025,Greg Dulcich,TE,MIA,10,62.8,244,TE · 43,6.28,217,TE · 33,-,-,0,0,0,0,0,-,1,-7,-7,0,-0.7,33,26,335,12.9,1,33.5,328,1
8172,2024,Greg Dulcich,TE,2TM,9,7.8,443,TE · 93,0.87,463,TE · 85,24,-,0,0,0,0,0,-,0,0,-,0,-,12,5,28,5.6,0,3.1,28,0
8172,2023,Greg Dulcich,TE,DEN,2,5.5,473,TE · 97,2.75,341,TE · 59,23,-,0,0,0,0,0,-,0,0,-,0,-,4,3,25,8.33,0,12.5,25,0
8172,2022,Greg Dulcich,TE,DEN,10,86.1,202,TE · 29,8.61,179,TE · 18,22,-,0,0,0,0,0,-,0,0,-,0,-,55,33,411,12.45,2,41.1,411,2
6744,2021,Greg Ward,WR,PHI,10,34.6,335,WR · 134,3.46,381,WR · 147,26,50.0%,1,2,2,0,0,0.2,0,0,-,0,-,11,7,95,13.57,3,9.5,97,3
6744,2020,Greg Ward,WR,PHI,16,133.1,140,WR · 58,8.32,197,WR · 76,25,100.0%,1,1,15,0,0,0.9,2,-4,-2,0,-0.3,79,53,419,7.91,6,26.2,430,6
6744,2019,Greg Ward,WR,PHI,7,59.9,239,WR · 96,8.56,165,WR · 65,24,-,0,0,0,0,0,-,1,5,5,0,0.7,40,28,254,9.07,1,36.3,259,1
12502,2025,Gunnar Helm,TE,TEN,16,91.7,187,TE · 31,5.73,235,TE · 36,-,-,0,0,0,0,0,-,0,0,0,0,-,55,44,357,8.1,2,22.3,357,2
6699,2023,Gunner Olszewski,WR,2TM,12,3.0,503,WR · 195,0.25,522,WR · 201,27,-,0,0,0,0,0,-,0,0,-,0,-,1,1,0,0,0,-,0,1
6699,2022,Gunner Olszewski,WR,PIT,15,12.2,427,WR · 161,0.81,530,WR · 204,26,-,0,0,0,0,0,-,8,39,4.88,0,2.6,7,5,53,10.6,0,3.5,92,0
6699,2021,Gunner Olszewski,WR,NE,16,6.0,492,WR · 193,0.38,561,WR · 218,25,-,0,0,0,0,0,-,1,9,9,0,0.6,3,2,31,15.5,0,1.9,40,0
6699,2020,Gunner Olszewski,WR,NE,13,25.5,356,WR · 149,1.96,414,WR · 163,24,-,0,0,0,0,0,-,5,23,4.6,0,1.8,5,5,62,12.4,1,4.8,85,2
6699,2019,Gunner Olszewski,WR,NE,8,3.4,453,WR · 180,0.43,457,WR · 181,23,-,0,0,0,0,0,-,0,0,-,0,-,4,2,34,17,0,4.3,34,0
5248,2024,Gus Edwards,RB,LAC,11,64.1,240,RB · 58,5.83,234,RB · 57,29,-,0,0,0,0,0,-,101,365,3.61,4,33.2,5,3,6,2,0,0.5,371,4
5248,2023,Gus Edwards,RB,BAL,17,187.0,88,RB · 25,11.00,122,RB · 34,28,-,0,0,0,0,0,-,198,810,4.09,13,47.6,13,12,180,15,0,10.6,990,13
5248,2022,Gus Edwards,RB,BAL,9,59.3,251,RB · 66,6.59,233,RB · 60,27,-,0,0,0,0,0,-,87,433,4.98,3,48.1,2,0,0,-,0,-,433,3
5248,2020,Gus Edwards,RB,BAL,16,128.2,146,RB · 36,8.01,201,RB · 51,25,-,0,0,0,0,0,-,144,723,5.02,6,45.2,13,9,129,14.33,0,8.1,852,6
5248,2019,Gus Edwards,RB,BAL,16,92.6,181,RB · 50,5.79,226,RB · 56,24,-,0,0,0,0,0,-,133,711,5.35,2,44.4,7,7,45,6.43,0,2.8,756,2
5248,2018,Gus Edwards,RB,BAL,11,89.8,188,RB · 55,8.16,186,RB · 51,23,-,0,0,0,0,0,-,137,718,5.24,2,65.3,2,2,20,10,0,1.8,738,2
5886,2020,Hakeem Butler,WR,PHI,2,0.0,560,WR · 208,0.00,560,WR · 208,24,-,0,0,0,0,0,-,0,0,-,0,-,1,0,0,-,0,-,0,0
6439,2020,Hale Hentges,TE,MIN,1,0.0,560,TE · 118,0.00,560,TE · 118,24,-,0,0,0,0,0,-,0,0,-,0,-,0,0,0,-,0,-,0,0
6439,2019,Hale Hentges,TE,WAS,11,24.3,334,TE · 63,2.21,352,TE · 68,23,-,0,0,0,0,0,-,0,0,-,0,-,14,8,103,12.88,1,9.4,103,1
12506,2025,Harold Fannin,TE,CLE,16,186.4,78,TE · 6,11.65,107,TE · 8,-,-,0,0,0,0,0,-,7,13,1.86,1,0.8,107,72,731,10.2,6,45.7,744,7
6850,2025,Harrison Bryant,TE,HOU,12,2.7,400,TE · 73,0.23,403,TE · 74,-,-,0,0,0,0,0,-,0,0,0,0,-,6,2,7,3.5,0,0.6,7,0
6850,2024,Harrison Bryant,TE,LV,13,17.6,374,TE · 71,1.35,418,TE · 75,26,-,0,0,0,0,0,-,0,0,-,0,-,12,9,86,9.56,0,6.6,86,0
6850,2023,Harrison Bryant,TE,CLE,17,37.9,306,TE · 56,2.23,378,TE · 68,25,-,0,0,0,0,0,-,5,8,1.6,0,0.5,20,13,81,6.23,3,4.8,89,3
6850,2022,Harrison Bryant,TE,CLE,14,61.7,242,TE · 39,4.41,304,TE · 48,24,-,0,0,0,0,0,-,1,8,8,0,0.6,42,31,239,7.71,1,17.1,247,1
6850,2021,Harrison Bryant,TE,CLE,15,62.3,258,TE · 40,4.15,335,TE · 51,23,-,0,0,0,0,0,-,0,0,-,0,-,28,21,233,11.1,3,15.5,233,3
6850,2020,Harrison Bryant,TE,CLE,15,61.8,253,TE · 43,4.12,308,TE · 47,22,-,0,0,0,0,0,-,0,0,-,0,-,38,24,238,9.92,3,15.9,238,3
8123,2025,Hassan Haskins,RB,LAC,10,10.0,372,RB · 94,1.00,382,RB · 99,-,-,0,0,0,0,0,-,17,47,2.76,0,4.7,4,4,13,3.3,0,1.3,60,0
8123,2024,Hassan Haskins,RB,LAC,15,32.8,314,RB · 81,2.19,358,RB · 98,25,-,0,0,0,0,0,-,34,89,2.62,2,5.9,3,3,49,16.33,1,3.3,138,3
8123,2022,Hassan Haskins,RB,TEN,14,26.0,356,RB · 97,1.86,460,RB · 126,23,-,0,0,0,0,0,-,25,93,3.72,0,6.6,12,11,57,5.18,0,4.1,150,0
4973,2024,Hayden Hurst,TE,LAC,9,15.3,385,TE · 76,1.70,389,TE · 66,31,-,0,0,0,0,0,-,0,0,-,0,-,13,8,73,9.13,0,8.1,73,0
4973,2023,Hayden Hurst,TE,CAR,10,42.4,287,TE · 50,4.24,268,TE · 38,30,-,0,0,0,0,0,-,0,0,-,0,-,32,18,184,10.22,1,18.4,184,1
4973,2022,Hayden Hurst,TE,CIN,14,109.9,162,TE · 21,7.85,199,TE · 20,29,-,0,0,0,0,0,-,0,0,-,0,-,68,52,414,7.96,2,29.6,414,2
4973,2021,Hayden Hurst,TE,ATL,12,64.1,255,TE · 38,5.34,281,TE · 37,28,-,0,0,0,0,0,-,0,0,-,0,-,31,26,221,8.5,3,18.4,221,3
4973,2020,Hayden Hurst,TE,ATL,16,149.1,118,TE · 11,9.32,167,TE · 18,27,-,0,0,0,0,0,-,0,0,-,0,-,88,56,571,10.2,6,35.7,571,6
4973,2019,Hayden Hurst,TE,BAL,16,76.9,210,TE · 35,4.81,255,TE · 41,26,-,0,0,0,0,0,-,0,0,-,0,-,39,30,349,11.63,2,21.8,349,2
4973,2018,Hayden Hurst,TE,BAL,12,35.3,324,TE · 59,2.94,348,TE · 61,25,-,0,0,0,0,0,-,1,0,0,0,-,23,13,163,12.54,1,13.6,163,1
9998,2025,Hendon Hooker,QB,NYJ,0,0.0,415,QB · 62,-,-,-,-,-,0,0,0,0,0,-,0,0,0,0,-,0,0,0,0,0,-,0,0
9998,2024,Hendon Hooker,QB,DET,3,2.7,495,QB · 67,0.90,459,QB · 67,26,66.7%,6,9,62,0,0,20.7,5,2,0.4,0,0.7,0,0,0,-,0,-,64,0
11209,2023,Henry Pearson,RB,GB,2,0.0,537,RB · 145,0.00,537,RB · 145,24,-,0,0,0,0,0,-,0,0,-,0,-,0,0,0,-,0,-,0,0
6789,2021,Henry Ruggs III,WR,LV,7,84.5,208,WR · 86,12.07,109,WR · 38,22,-,0,0,0,0,0,-,3,16,5.33,0,2.3,36,24,469,19.54,2,67.0,485,2
6789,2020,Henry Ruggs III,WR,LV,13,84.1,209,WR · 93,6.47,239,WR · 98,21,-,0,0,0,0,0,-,9,49,5.44,0,3.8,43,26,452,17.38,2,34.8,501,2
6846,2020,Hunter Bryant,TE,DET,5,5.4,488,TE · 99,1.08,477,TE · 88,22,-,0,0,0,0,0,-,0,0,-,0,-,3,1,44,44,0,8.8,44,0
3214,2025,Hunter Henry,TE,NE,17,178.8,87,TE · 9,10.52,134,TE · 13,-,-,0,0,0,0,0,-,0,0,0,0,-,87,60,768,12.8,7,45.2,768,7
3214,2024,Hunter Henry,TE,NE,16,145.4,118,TE · 12,9.09,162,TE · 16,30,-,0,0,0,0,0,-,0,0,-,0,-,97,66,674,10.21,2,42.1,674,2
3214,2023,Hunter Henry,TE,NE,14,119.9,145,TE · 19,8.56,172,TE · 16,29,-,0,0,0,0,0,-,0,0,-,0,-,61,42,419,9.98,6,29.9,419,6
3214,2022,Hunter Henry,TE,NE,16,103.9,168,TE · 22,6.49,236,TE · 30,28,-,0,0,0,0,0,-,0,0,-,0,-,59,41,509,12.41,2,31.8,509,2
3214,2021,Hunter Henry,TE,NE,16,164.3,102,TE · 10,10.27,148,TE · 14,27,-,0,0,0,0,0,-,0,0,-,0,-,75,50,603,12.06,9,37.7,603,9
3214,2020,Hunter Henry,TE,LAC,14,145.3,122,TE · 13,10.38,146,TE · 11,26,-,0,0,0,0,0,-,0,0,-,0,-,93,60,613,10.22,4,43.8,613,4
3214,2019,Hunter Henry,TE,LAC,12,150.2,113,TE · 9,12.52,96,TE · 8,25,-,0,0,0,0,0,-,0,0,-,0,-,76,55,652,11.85,5,54.3,652,5
3214,2017,Hunter Henry,TE,-,14,126.9,133,TE · 14,9.06,148,TE · 11,-,-,-,-,-,-,-,-,-,-,-,-,-,-,-,-,-,-,-,0,-
3214,2016,Hunter Henry,TE,-,15,129.8,145,TE · 19,8.65,186,TE · 22,-,-,-,-,-,-,-,-,-,-,-,-,-,-,-,-,-,-,-,0,-
7938,2023,Hunter Kampmoyer,TE,LAC,1,0.0,537,TE · 114,0.00,537,TE · 114,25,-,0,0,0,0,0,-,0,0,-,0,-,0,0,0,-,0,-,0,0
7535,2025,Hunter Long,TE,JAX,9,32.5,309,TE · 61,3.61,304,TE · 52,-,-,0,0,0,0,0,-,0,0,0,0,-,17,12,85,7.1,2,9.4,85,2
7535,2024,Hunter Long,TE,LAR,17,13.0,412,TE · 82,0.76,473,TE · 90,26,-,0,0,0,0,0,-,0,0,-,0,-,9,7,60,8.57,0,3.5,60,0
7535,2023,Hunter Long,TE,LAR,3,0.0,537,TE · 114,0.00,537,TE · 114,25,-,0,0,0,0,0,-,0,0,-,0,-,0,0,0,-,0,-,0,0
7535,2022,Hunter Long,TE,MIA,3,0.0,571,TE · 116,0.00,571,TE · 116,24,-,0,0,0,0,0,-,0,0,-,0,-,0,0,0,-,0,-,0,0
7535,2021,Hunter Long,TE,MIA,3,1.8,553,TE · 115,0.60,544,TE · 112,23,-,0,0,0,0,0,-,0,0,-,0,-,3,1,8,8,0,2.7,8,0
11510,2024,Hunter Luepke,RB,DAL,16,26.9,339,RB · 93,1.68,393,RB · 110,24,-,0,0,0,0,0,-,12,38,3.17,0,2.4,16,12,111,9.25,0,6.9,149,0
11510,2023,Hunter Luepke,RB,DAL,16,12.7,423,RB · 107,0.79,482,RB · 130,23,-,0,0,0,0,0,-,6,19,3.17,1,1.2,4,3,18,6,0,1.1,37,1
5955,2025,Hunter Renfrow,WR,CAR,6,35.9,302,WR · 122,5.98,223,WR · 80,-,-,0,0,0,0,0,-,0,0,0,0,-,26,15,89,5.9,2,14.8,89,2
5955,2023,Hunter Renfrow,WR,LV,16,48.5,270,WR · 114,3.03,323,WR · 128,28,-,0,0,0,0,0,-,0,0,-,0,-,37,25,255,10.2,0,15.9,255,0
5955,2022,Hunter Renfrow,WR,LV,10,79.0,216,WR · 92,7.90,196,WR · 70,27,-,0,0,0,0,0,-,0,0,-,0,-,50,36,330,9.17,2,33.0,330,2
5955,2021,Hunter Renfrow,WR,LV,17,259.1,30,WR · 10,15.24,55,WR · 19,26,-,0,0,0,0,0,-,3,3,1,0,0.2,128,103,1038,10.08,9,61.1,1041,9
5955,2020,Hunter Renfrow,WR,LV,16,131.6,142,WR · 59,8.23,200,WR · 79,25,-,0,0,0,0,0,-,0,0,-,0,-,77,56,656,11.71,2,41.0,656,2
5955,2019,Hunter Renfrow,WR,OAK,13,133.5,133,WR · 54,10.27,134,WR · 52,24,-,0,0,0,0,0,-,0,0,-,0,-,71,49,605,12.35,4,46.5,605,4
7589,2021,Ian Book,QB,NO,1,4.0,519,QB · 64,4.00,350,QB · 58,23,60.0%,12,20,135,0,2,135.0,3,6,2,0,6.0,0,0,0,-,0,-,141,0
4995,2024,Ian Thomas,TE,CAR,5,3.7,480,TE · 101,0.74,476,TE · 91,28,-,0,0,0,0,0,-,0,0,-,0,-,6,3,7,2.33,0,1.4,7,0
4995,2023,Ian Thomas,TE,CAR,11,10.6,436,TE · 88,0.96,466,TE · 85,27,-,0,0,0,0,0,-,0,0,-,0,-,9,5,56,11.2,0,5.1,56,0
4995,2022,Ian Thomas,TE,CAR,14,40.7,305,TE · 52,2.91,398,TE · 72,26,-,0,0,0,0,0,-,0,0,-,0,-,30,21,197,9.38,0,14.1,197,0
4995,2021,Ian Thomas,TE,CAR,14,36.8,325,TE · 60,2.63,419,TE · 77,25,-,0,0,0,0,0,-,0,0,-,0,-,30,18,188,10.44,0,13.4,188,0
4995,2020,Ian Thomas,TE,CAR,16,40.5,306,TE · 55,2.53,377,TE · 64,24,-,0,0,0,0,0,-,0,0,-,0,-,31,20,145,7.25,1,9.1,145,1
4995,2019,Ian Thomas,TE,CAR,16,35.6,297,TE · 51,2.23,350,TE · 67,23,-,0,0,0,0,0,-,0,0,-,0,-,30,16,136,8.5,1,8.5,136,1
4995,2018,Ian Thomas,TE,CAR,16,81.3,207,TE · 24,5.08,270,TE · 34,22,-,0,0,0,0,0,-,0,0,-,0,-,49,36,333,9.25,2,20.8,333,2
7559,2024,Ihmir Smith-Marsette,WR,NYG,15,6.0,461,WR · 184,0.40,511,WR · 205,25,-,0,0,0,0,0,-,0,0,-,0,-,0,0,0,-,0,-,0,1
7559,2023,Ihmir Smith-Marsette,WR,CAR,17,32.5,326,WR · 137,1.91,404,WR · 157,24,-,0,0,0,0,0,-,8,74,9.25,1,4.4,10,8,51,6.38,0,3.0,125,2
7559,2022,Ihmir Smith-Marsette,WR,2TM,4,0.4,566,WR · 217,0.10,568,WR · 217,23,-,0,0,0,0,0,-,1,-1,-1,0,-0.3,4,1,15,15,0,3.8,14,0
7559,2021,Ihmir Smith-Marsette,WR,MIN,6,28.6,354,WR · 143,4.77,304,WR · 122,22,-,0,0,0,0,0,-,0,0,-,0,-,6,5,116,23.2,2,19.3,116,2
6126,2024,Irv Smith Jr.,TE,HOU,5,0.0,544,TE · 115,0.00,544,TE · 115,26,-,0,0,0,0,0,-,0,0,-,0,-,0,0,0,-,0,-,0,0
6126,2023,Irv Smith Jr.,TE,CIN,12,33.5,323,TE · 62,2.79,339,TE · 58,25,-,0,0,0,0,0,-,0,0,-,0,-,26,18,115,6.39,1,9.6,115,1
6126,2022,Irv Smith Jr.,TE,MIN,8,55.2,260,TE · 43,6.90,225,TE · 26,24,-,0,0,0,0,0,-,0,0,-,0,-,36,25,182,7.28,2,22.8,182,2
6126,2020,Irv Smith Jr.,TE,MIN,13,98.5,183,TE · 23,7.58,214,TE · 25,22,-,0,0,0,0,0,-,0,0,-,0,-,43,30,365,12.17,5,28.1,365,5
6126,2019,Irv Smith Jr.,TE,MIN,16,79.1,207,TE · 34,4.94,250,TE · 40,21,-,0,0,0,0,0,-,0,0,-,0,-,47,36,311,8.64,2,19.4,311,2
8861,2024,Irvin Charles,WR,NYJ,11,0.0,544,WR · 215,0.00,544,WR · 215,27,-,0,0,0,0,0,-,0,0,-,0,-,1,0,0,-,0,-,0,0
8861,2023,Irvin Charles,WR,NYJ,11,0.0,537,WR · 205,0.00,537,WR · 205,26,-,0,0,0,0,0,-,0,0,-,0,-,1,0,0,-,0,-,0,0
11651,2025,Isaac Guerendo,RB,SF,0,1.0,408,RB · 108,-,-,-,-,-,0,0,0,0,0,-,0,0,0,0,-,0,0,0,0,0,-,0,0
11651,2024,Isaac Guerendo,RB,SF,16,94.2,197,RB · 48,5.89,233,RB · 56,24,-,0,0,0,0,0,-,84,420,5,4,26.3,16,15,152,10.13,0,9.5,572,4
5957,2020,Isaac Nauta,TE,DET,7,1.3,546,TE · 115,0.19,547,TE · 112,23,-,0,0,0,0,0,-,0,0,-,0,-,2,1,3,3,0,0.4,3,0
5957,2019,Isaac Nauta,TE,DET,6,3.3,455,TE · 98,0.55,445,TE · 96,22,-,0,0,0,0,0,-,0,0,-,0,-,3,2,13,6.5,0,2.2,13,0
12535,2025,Isaac TeSlaa,WR,DET,17,75.9,213,WR · 82,4.46,265,WR · 101,-,-,0,0,0,0,0,-,0,0,0,0,-,27,16,239,14.9,6,14.1,239,6
12503,2025,Isaiah Bond,WR,CLE,16,54.7,261,WR · 103,3.42,312,WR · 123,-,-,0,0,0,0,0,-,5,29,5.8,0,1.8,44,18,338,18.8,0,21.1,367,0
7085,2021,Isaiah Coulter,WR,CHI,1,0.0,582,WR · 225,0.00,582,WR · 225,23,-,0,0,0,0,0,-,0,0,-,0,-,1,0,0,-,0,-,0,0
7085,2020,Isaiah Coulter,WR,HOU,1,0.0,560,WR · 208,0.00,560,WR · 208,22,-,0,0,0,0,0,-,0,0,-,0,-,0,0,0,-,0,-,0,0
11571,2025,Isaiah Davis,RB,NYJ,16,71.2,225,RB · 59,4.45,268,RB · 73,-,-,0,0,0,0,0,-,43,236,5.49,1,14.8,28,21,186,8.9,0,11.6,422,1
11571,2024,Isaiah Davis,RB,NYJ,14,45.9,280,RB · 71,3.28,313,RB · 80,22,-,0,0,0,0,0,-,30,174,5.8,1,12.4,12,9,75,8.33,1,5.4,249,2
4252,2021,Isaiah Ford,WR,MIA,9,40.1,317,WR · 129,4.46,321,WR · 129,25,-,0,0,0,0,0,-,0,0,-,0,-,17,12,161,13.42,2,17.9,161,2
4252,2020,Isaiah Ford,WR,MIA,10,55.6,268,WR · 111,5.56,257,WR · 106,24,-,0,0,0,0,0,-,0,0,-,0,-,44,28,276,9.86,0,27.6,276,0
4252,2019,Isaiah Ford,WR,MIA,9,48.5,262,WR · 105,5.39,238,WR · 97,23,-,0,0,0,0,0,-,1,11,11,0,1.2,35,23,244,10.61,0,27.1,255,0
4252,2018,Isaiah Ford,WR,MIA,1,0.0,543,WR · 206,0.00,543,WR · 206,22,-,0,0,0,0,0,-,0,0,-,0,-,1,0,0,-,0,-,0,0
6920,2025,Isaiah Hodgins,WR,NYG,7,27.5,323,WR · 133,3.93,287,WR · 113,-,-,0,0,0,0,0,-,0,0,0,0,-,19,10,115,11.5,1,16.4,115,1
6920,2024,Isaiah Hodgins,WR,NYG,3,3.2,485,WR · 195,1.07,441,WR · 176,26,-,0,0,0,0,0,-,0,0,-,0,-,2,2,12,6,0,4.0,12,0
6920,2023,Isaiah Hodgins,WR,NYG,17,60.0,245,WR · 100,3.53,304,WR · 120,25,-,0,0,0,0,0,-,0,0,-,0,-,33,21,230,10.95,3,13.5,230,3
6920,2022,Isaiah Hodgins,WR,2TM,9,100.2,175,WR · 74,11.13,115,WR · 41,24,-,0,0,0,0,0,-,0,0,-,0,-,48,37,392,10.59,4,43.6,392,4
8131,2025,Isaiah Likely,TE,BAL,14,61.7,247,TE · 45,4.41,269,TE · 43,-,-,0,0,0,0,0,-,0,0,0,0,-,36,27,307,11.4,1,21.9,307,1
8131,2024,Isaiah Likely,TE,BAL,16,123.7,148,TE · 16,7.73,193,TE · 21,24,-,0,0,0,0,0,-,0,0,-,0,-,58,42,477,11.36,6,29.8,477,6
8131,2023,Isaiah Likely,TE,BAL,17,101.1,173,TE · 25,5.95,220,TE · 30,23,-,0,0,0,0,0,-,0,0,-,0,-,40,30,411,13.7,5,24.2,411,5
8131,2022,Isaiah Likely,TE,BAL,14,91.3,186,TE · 27,6.52,235,TE · 29,22,-,0,0,0,0,0,-,0,0,-,0,-,60,36,373,10.36,3,26.6,373,3
4197,2023,Isaiah McKenzie,WR,IND,13,16.6,396,WR · 163,1.28,442,WR · 176,28,-,0,0,0,0,0,-,3,14,4.67,0,1.1,14,11,82,7.45,0,6.3,96,0
4197,2022,Isaiah McKenzie,WR,BUF,16,119.8,143,WR · 55,7.49,208,WR · 76,27,-,0,0,0,0,0,-,9,55,6.11,1,3.4,65,42,423,10.07,4,26.4,478,5
4197,2021,Isaiah McKenzie,WR,BUF,15,52.5,280,WR · 117,3.50,376,WR · 145,26,-,0,0,0,0,0,-,9,47,5.22,1,3.1,26,20,178,8.9,1,11.9,225,2
4197,2020,Isaiah McKenzie,WR,BUF,16,99.6,178,WR · 75,6.23,244,WR · 101,25,100.0%,1,1,12,1,0,0.8,10,9,0.9,0,0.6,34,30,282,9.4,5,17.6,303,6
4197,2019,Isaiah McKenzie,WR,BUF,15,63.3,232,WR · 93,4.22,278,WR · 111,24,-,0,0,0,0,0,-,8,49,6.13,0,3.3,39,27,254,9.41,1,16.9,303,1
4197,2018,Isaiah McKenzie,WR,2TM,8,52.5,271,WR · 115,6.56,220,WR · 90,23,-,0,0,0,0,0,-,10,66,6.6,2,8.3,30,18,179,9.94,0,22.4,245,2
4197,2017,Isaiah McKenzie,WR,-,11,3.3,491,WR · 184,0.30,505,WR · 192,-,-,-,-,-,-,-,-,-,-,-,-,-,-,-,-,-,-,-,0,-
8153,2023,Isaiah Spiller,RB,LAC,9,19.0,390,RB · 93,2.11,385,RB · 101,22,-,0,0,0,0,0,-,37,96,2.59,0,10.7,6,6,34,5.67,0,3.8,130,0
8153,2022,Isaiah Spiller,RB,LAC,5,8.4,466,RB · 127,1.68,466,RB · 129,21,-,0,0,0,0,0,-,18,41,2.28,0,8.2,3,3,13,4.33,0,2.6,54,0
11608,2024,Isaiah Williams,WR,2TM,8,2.6,498,WR · 199,0.33,517,WR · 208,23,-,0,0,0,0,0,-,0,0,-,0,-,3,2,6,3,0,0.8,6,0
11232,2023,Isaiah Winstead,WR,-,3,0.0,537,WR · 205,0.00,537,WR · 205,-,-,-,-,-,-,-,-,-,-,-,-,-,-,-,-,-,-,-,0,-
7407,2020,Isaiah Wright,WR,WAS,14,46.3,289,WR · 121,3.31,341,WR · 134,23,0.0%,0,1,0,0,0,-,3,16,5.33,0,1.1,35,27,197,7.3,0,14.1,213,0
7458,2020,Isaiah Zuber,WR,NE,4,7.0,476,WR · 183,1.75,429,WR · 168,23,-,0,0,0,0,0,-,2,21,10.5,0,5.3,2,2,29,14.5,0,7.3,50,0
8205,2025,Isiah Pacheco,RB,KC,13,87.3,199,RB · 56,6.72,207,RB · 55,-,-,0,0,0,0,0,-,118,462,3.92,1,35.5,26,19,101,5.3,1,7.8,563,2
8205,2024,Isiah Pacheco,RB,KC,7,56.9,256,RB · 64,8.13,184,RB · 44,25,-,0,0,0,0,0,-,83,310,3.73,1,44.3,16,12,79,6.58,0,11.3,389,1
8205,2023,Isiah Pacheco,RB,KC,14,213.9,63,RB · 15,15.28,57,RB · 14,24,-,0,0,0,0,0,-,205,935,4.56,7,66.8,49,44,244,5.55,2,17.4,1179,9
8205,2022,Isiah Pacheco,RB,KC,17,135.0,128,RB · 37,7.94,194,RB · 53,23,-,0,0,0,0,0,-,170,830,4.88,5,48.8,14,13,130,10,0,7.6,960,5
9227,2025,Israel Abanikanda,RB,DAL,0,0.0,415,RB · 113,-,-,-,-,-,0,0,0,0,0,-,0,0,0,0,-,0,0,0,0,0,-,0,0
9227,2023,Israel Abanikanda,RB,NYJ,7,16.3,398,RB · 97,2.33,371,RB · 96,21,-,0,0,0,0,0,-,22,70,3.18,0,10.0,11,7,43,6.14,0,6.1,113,0
5004,2021,Ito Smith,RB,DAL,1,6.4,484,RB · 134,6.40,245,RB · 67,26,-,0,0,0,0,0,-,1,4,4,1,4.0,0,0,0,-,0,-,4,1
5004,2020,Ito Smith,RB,ATL,14,57.3,263,RB · 70,4.09,311,RB · 85,25,-,0,0,0,0,0,-,63,268,4.25,1,19.1,26,17,75,4.41,0,5.4,343,1
5004,2019,Ito Smith,RB,ATL,7,36.3,295,RB · 82,5.19,246,RB · 61,24,-,0,0,0,0,0,-,22,106,4.82,1,15.1,14,11,87,7.91,0,12.4,193,1
5004,2018,Ito Smith,RB,ATL,14,97.7,177,RB · 50,6.98,212,RB · 63,23,-,0,0,0,0,0,-,90,315,3.5,4,22.5,32,27,152,5.63,0,10.9,467,4
3664,2022,J.D. McKissic,RB,WAS,9,55.8,259,RB · 68,6.20,246,RB · 64,29,-,0,0,0,0,0,-,22,95,4.32,0,10.6,40,27,173,6.41,0,19.2,268,0
3664,2021,J.D. McKissic,RB,WAS,11,127.9,142,RB · 37,11.63,120,RB · 32,28,-,0,0,0,0,0,-,48,212,4.42,2,19.3,53,43,397,9.23,2,36.1,609,4
3664,2020,J.D. McKissic,RB,WAS,16,191.4,71,RB · 17,11.96,112,RB · 30,27,-,0,0,0,0,0,-,85,365,4.29,1,22.8,110,80,589,7.36,2,36.8,954,3
3664,2019,J.D. McKissic,RB,DET,16,83.8,197,RB · 53,5.24,244,RB · 60,26,-,0,0,0,0,0,-,38,205,5.39,0,12.8,42,34,233,6.85,1,14.6,438,1
3664,2018,J.D. McKissic,RB,SEA,5,0.8,536,RB · 151,0.16,531,RB · 152,25,-,0,0,0,0,0,-,3,8,2.67,0,1.6,1,0,0,-,0,-,8,0
3664,2017,J.D. McKissic,RB,-,13,97.3,171,RB · 49,7.48,187,RB · 54,-,-,-,-,-,-,-,-,-,-,-,-,-,-,-,-,-,-,-,0,-
3664,2016,J.D. McKissic,RB,-,1,3.8,479,RB · 142,3.80,303,RB · 83,-,-,-,-,-,-,-,-,-,-,-,-,-,-,-,-,-,-,-,0,-
5863,2021,J.J. Arcega-Whiteside,WR,PHI,7,5.6,495,WR · 196,0.80,531,WR · 207,25,-,0,0,0,0,0,-,0,0,-,0,-,5,2,36,18,0,5.1,36,0
5863,2020,J.J. Arcega-Whiteside,WR,PHI,8,14.5,418,WR · 165,1.81,427,WR · 167,24,-,0,0,0,0,0,-,0,0,-,0,-,8,4,85,21.25,0,10.6,85,1
5863,2019,J.J. Arcega-Whiteside,WR,PHI,16,32.9,308,WR · 129,2.06,358,WR · 144,23,-,0,0,0,0,0,-,0,0,-,0,-,22,10,169,16.9,1,10.6,169,1
12913,2018,J.J. Jones,WR,2TM,4,-0.7,640,WR · 241,-0.18,641,WR · 242,26,-,0,0,0,0,0,-,1,0,0,0,-,1,1,3,3,0,0.8,3,0
7339,2021,J.J. Koski,WR,LAR,3,-2.0,670,WR · 261,-0.67,672,WR · 263,25,-,0,0,0,0,0,-,0,0,-,0,-,0,0,0,-,0,-,0,0
11565,2025,J.J. McCarthy,QB,MIN,10,137.4,121,QB · 30,13.74,70,QB · 30,-,57.6%,140,243,1632,11,12,163.2,37,181,4.89,4,18.1,0,0,0,0,0,-,1813,4
2462,2019,J.J. Nelson,WR,OAK,2,13.6,384,WR · 149,6.80,202,WR · 78,27,-,0,0,0,0,0,-,0,0,-,0,-,5,4,36,9,1,18.0,36,1
2462,2018,J.J. Nelson,WR,ARI,14,13.4,402,WR · 161,0.96,453,WR · 178,26,-,0,0,0,0,0,-,4,0,0,0,-,19,7,64,9.14,0,4.6,64,0
2462,2017,J.J. Nelson,WR,-,16,93.5,175,WR · 70,5.84,233,WR · 85,-,-,-,-,-,-,-,-,-,-,-,-,-,-,-,-,-,-,-,0,-
2462,2016,J.J. Nelson,WR,-,15,139.1,132,WR · 57,9.27,165,WR · 66,-,-,-,-,-,-,-,-,-,-,-,-,-,-,-,-,-,-,-,0,-
6973,2024,J.J. Taylor,RB,HOU,4,6.4,456,RB · 116,1.60,399,RB · 112,26,-,0,0,0,0,0,-,10,44,4.4,0,11.0,3,2,0,0,0,-,44,0
6973,2022,J.J. Taylor,RB,NE,1,2.7,528,RB · 145,2.70,412,RB · 111,24,-,0,0,0,0,0,-,10,9,0.9,0,9.0,1,1,8,8,0,8.0,17,0
6973,2021,J.J. Taylor,RB,NE,5,18.5,399,RB · 112,3.70,366,RB · 102,23,-,0,0,0,0,0,-,19,37,1.95,2,7.4,4,4,8,2,0,1.6,45,2
6973,2020,J.J. Taylor,RB,NE,6,12.4,431,RB · 124,2.07,404,RB · 110,22,-,0,0,0,0,0,-,23,110,4.78,0,18.3,2,1,4,4,0,0.7,114,0
6806,2025,J.K. Dobbins,RB,DEN,10,115.9,156,RB · 43,11.59,109,RB · 28,-,-,0,0,0,0,0,-,153,772,5.05,4,77.2,14,11,37,3.4,0,3.7,809,4
6806,2024,J.K. Dobbins,RB,LAC,13,191.8,81,RB · 24,14.75,68,RB · 18,26,-,0,0,0,0,0,-,195,905,4.64,9,69.6,38,32,153,4.78,0,11.8,1058,9
6806,2023,J.K. Dobbins,RB,BAL,1,11.7,427,RB · 108,11.70,115,RB · 29,25,-,0,0,0,0,0,-,8,22,2.75,1,22.0,3,2,15,7.5,0,15.0,37,1
6806,2022,J.K. Dobbins,RB,BAL,8,81.2,215,RB · 57,10.15,139,RB · 35,24,-,0,0,0,0,0,-,92,520,5.65,2,65.0,8,7,42,6,1,5.3,562,3
6806,2021,J.K. Dobbins,RB,-,1,0.0,582,RB · 165,0.00,582,RB · 165,-,-,-,-,-,-,-,-,-,-,-,-,-,-,-,-,-,-,-,0,-
6806,2020,J.K. Dobbins,RB,BAL,15,168.5,94,RB · 24,11.23,128,RB · 33,22,-,0,0,0,0,0,-,134,805,6.01,9,53.7,24,18,120,6.67,0,8.0,925,9
3695,2023,J.P. Holtz,TE,NO,1,0.0,537,TE · 114,0.00,537,TE · 114,30,-,0,0,0,0,0,-,0,0,-,0,-,0,0,0,-,0,-,0,0
3695,2022,J.P. Holtz,TE,NO,1,0.0,571,TE · 116,0.00,571,TE · 116,29,-,0,0,0,0,0,-,0,0,-,0,-,0,0,0,-,0,-,0,0
3695,2021,J.P. Holtz,TE,CHI,5,0.0,582,TE · 121,0.00,582,TE · 121,28,-,0,0,0,0,0,-,0,0,-,0,-,0,0,0,-,0,-,0,0
3695,2020,J.P. Holtz,TE,CHI,16,0.0,560,TE · 118,0.00,560,TE · 118,27,-,0,0,0,0,0,-,0,0,-,0,-,1,0,0,-,0,-,0,0
3695,2019,J.P. Holtz,TE,2TM,15,16.1,366,TE · 76,1.07,406,TE · 85,26,-,0,0,0,0,0,-,0,0,-,0,-,8,7,91,13,0,6.1,91,0
11619,2025,Ja'Lynn Polk,WR,NO,0,0.0,415,WR · 168,-,-,-,-,-,0,0,0,0,0,-,0,0,0,0,-,0,0,0,0,0,-,0,0
11619,2024,Ja'Lynn Polk,WR,NE,15,32.7,316,WR · 128,2.18,359,WR · 141,22,-,0,0,0,0,0,-,1,0,0,0,-,33,12,87,7.25,2,5.8,87,2
7244,2021,Ja'Marcus Bradley,WR,CLE,4,10.4,445,WR · 175,2.60,422,WR · 167,25,-,0,0,0,0,0,-,0,0,-,0,-,4,4,64,16,0,16.0,64,0
7244,2020,Ja'Marcus Bradley,WR,CLE,3,11.0,439,WR · 172,3.67,325,WR · 128,24,-,0,0,0,0,0,-,0,0,-,0,-,11,5,60,12,0,20.0,60,0
7564,2025,Ja'Marr Chase,WR,CIN,16,313.6,17,WR · 4,19.60,16,WR · 4,-,-,0,0,0,0,0,-,3,14,4.67,0,0.9,185,125,1412,11.3,8,88.3,1426,8
7564,2024,Ja'Marr Chase,WR,CIN,17,403.0,2,WR · 1,23.71,2,WR · 1,24,-,0,0,0,0,0,-,3,32,10.67,0,1.9,175,127,1708,13.45,17,100.5,1740,17
7564,2023,Ja'Marr Chase,WR,CIN,16,262.7,31,WR · 11,16.42,40,WR · 12,23,100.0%,1,1,-7,0,0,-0.4,3,-6,-2,0,-0.4,145,100,1216,12.16,7,76.0,1203,7
7564,2022,Ja'Marr Chase,WR,CIN,13,242.4,35,WR · 11,18.65,19,WR · 6,22,-,0,0,0,0,0,-,5,8,1.6,0,0.6,134,87,1046,12.02,9,80.5,1054,9
7564,2021,Ja'Marr Chase,WR,CIN,17,304.6,18,WR · 5,17.92,25,WR · 6,21,-,0,0,0,0,0,-,7,21,3,0,1.2,128,81,1455,17.96,13,85.6,1476,13
11600,2025,Ja'Tavion Sanders,TE,CAR,13,54.0,263,TE · 50,4.15,279,TE · 44,-,-,0,0,0,0,0,-,0,0,0,0,-,34,29,190,6.6,1,14.6,190,1
11600,2024,Ja'Tavion Sanders,TE,CAR,16,73.2,225,TE · 36,4.58,266,TE · 39,21,-,0,0,0,0,0,-,0,0,-,0,-,43,33,342,10.36,1,21.4,342,1
12356,2024,Jabari Small,RB,-,1,0.0,544,RB · 141,0.00,544,RB · 141,-,-,-,-,-,-,-,-,-,-,-,-,-,-,-,-,-,-,-,0,-
6139,2020,Jace Sternberger,TE,GB,12,29.4,342,TE · 65,2.45,380,TE · 65,24,-,0,0,0,0,0,-,0,0,-,0,-,15,12,114,9.5,1,9.5,114,1
6139,2019,Jace Sternberger,TE,GB,6,0.0,496,TE · 111,0.00,495,TE · 111,23,-,0,0,0,0,0,-,0,0,-,0,-,1,0,0,-,0,-,0,0
12483,2025,Jack Bech,WR,LV,15,42.4,289,WR · 117,2.83,332,WR · 134,-,-,0,0,0,0,0,-,0,0,0,0,-,29,20,224,11.2,0,14.9,224,0
1706,2021,Jack Doyle,TE,IND,15,79.2,219,TE · 28,5.28,284,TE · 38,31,-,0,0,0,0,0,-,0,0,-,0,-,43,29,302,10.41,3,20.1,302,3
1706,2020,Jack Doyle,TE,IND,14,64.1,249,TE · 41,4.58,292,TE · 43,30,-,0,0,0,0,0,-,0,0,-,0,-,33,23,251,10.91,3,17.9,251,3
1706,2019,Jack Doyle,TE,IND,16,111.8,152,TE · 15,6.99,195,TE · 23,29,-,0,0,0,0,0,-,0,0,-,0,-,72,43,448,10.42,4,28.0,448,4
1706,2018,Jack Doyle,TE,IND,6,60.5,252,TE · 35,10.08,140,TE · 10,28,-,0,0,0,0,0,-,0,0,-,0,-,33,26,245,9.42,2,40.8,245,2
1706,2017,Jack Doyle,TE,-,15,169.0,83,TE · 7,11.27,99,TE · 5,-,-,-,-,-,-,-,-,-,-,-,-,-,-,-,-,-,-,-,0,-
1706,2016,Jack Doyle,TE,-,16,145.4,125,TE · 13,9.09,175,TE · 18,-,-,-,-,-,-,-,-,-,-,-,-,-,-,-,-,-,-,-,0,-
7946,2024,Jack Stoll,TE,2TM,9,3.0,492,TE · 103,0.33,516,TE · 104,26,-,0,0,0,0,0,-,0,0,-,0,-,3,2,10,5,0,1.1,10,0
7946,2023,Jack Stoll,TE,PHI,15,8.8,448,TE · 90,0.59,495,TE · 98,25,-,0,0,0,0,0,-,0,0,-,0,-,8,5,38,7.6,0,2.5,38,0
7946,2022,Jack Stoll,TE,PHI,10,23.3,365,TE · 74,2.33,432,TE · 82,24,-,0,0,0,0,0,-,0,0,-,0,-,14,11,123,11.18,0,12.3,123,0
7946,2021,Jack Stoll,TE,PHI,6,6.2,488,TE · 99,1.03,514,TE · 105,23,-,0,0,0,0,0,-,0,0,-,0,-,5,4,22,5.5,0,3.7,22,0
12045,2024,Jack Westover,TE,NE,2,0.0,544,TE · 115,0.00,544,TE · 115,25,-,0,0,0,0,0,-,0,0,-,0,-,0,0,0,-,0,-,0,0
11616,2025,Jacob Cowing,WR,SF,0,0.0,415,WR · 168,-,-,-,-,-,0,0,0,0,0,-,0,0,0,0,-,0,0,0,0,0,-,0,0
11616,2024,Jacob Cowing,WR,SF,15,10.7,424,WR · 168,0.71,478,WR · 193,23,-,0,0,0,0,0,-,1,7,7,0,0.5,6,4,80,20,0,5.3,87,0
6823,2023,Jacob Eason,QB,-,2,0.0,537,QB · 76,0.00,537,QB · 76,-,-,-,-,-,-,-,-,-,-,-,-,-,-,-,-,-,-,-,0,-
6823,2022,Jacob Eason,QB,CAR,1,1.4,553,QB · 75,1.40,488,QB · 75,25,60.0%,3,5,59,0,1,59.0,0,0,-,0,-,0,0,0,-,0,-,59,0
6823,2021,Jacob Eason,QB,IND,1,0.0,582,QB · 74,0.00,582,QB · 74,24,40.0%,2,5,25,0,1,25.0,0,0,-,0,-,0,0,0,-,0,-,25,0
7703,2022,Jacob Harris,TE,LAR,3,1.6,548,TE · 114,0.53,549,TE · 112,25,-,0,0,0,0,0,-,0,0,-,0,-,1,1,6,6,0,2.0,6,0
7703,2021,Jacob Harris,TE,LAR,1,0.0,582,TE · 121,0.00,582,TE · 121,24,-,0,0,0,0,0,-,0,0,-,0,-,0,0,0,-,0,-,0,0
4421,2021,Jacob Hollister,TE,JAX,7,20.5,383,TE · 71,2.93,401,TE · 72,28,-,0,0,0,0,0,-,0,0,-,0,-,14,9,55,6.11,1,7.9,55,1
4421,2020,Jacob Hollister,TE,SEA,16,65.9,242,TE · 39,4.12,309,TE · 48,27,-,0,0,0,0,0,-,0,0,-,0,-,40,25,209,8.36,3,13.1,209,3
4421,2019,Jacob Hollister,TE,SEA,11,93.9,179,TE · 24,8.54,167,TE · 15,26,-,0,0,0,0,0,-,0,0,-,0,-,59,41,349,8.51,3,31.7,349,3
4421,2018,Jacob Hollister,TE,NE,8,9.2,433,TE · 96,1.15,438,TE · 89,25,-,0,0,0,0,0,-,0,0,-,0,-,5,4,52,13,0,6.5,52,0
4421,2017,Jacob Hollister,TE,-,15,8.7,434,TE · 89,0.58,476,TE · 96,-,-,-,-,-,-,-,-,-,-,-,-,-,-,-,-,-,-,-,0,-
11900,2024,Jacob Kibodi,RB,CLE,1,4.9,470,RB · 120,4.90,257,RB · 64,26,-,0,0,0,0,0,-,5,24,4.8,0,24.0,3,1,15,15,0,15.0,39,0
3257,2025,Jacoby Brissett,QB,ARI,12,235.4,37,QB · 16,19.62,15,QB · 7,-,64.9%,315,485,3366,23,8,280.5,38,168,4.42,1,14.0,0,0,0,0,0,-,3534,1
3257,2024,Jacoby Brissett,QB,NE,8,46.2,279,QB · 46,5.78,238,QB · 53,32,59.0%,95,161,826,2,1,103.3,15,62,4.13,0,7.8,0,0,0,-,0,-,888,0
3257,2023,Jacoby Brissett,QB,WAS,3,22.9,368,QB · 57,7.63,188,QB · 53,31,78.3%,18,23,224,3,0,74.7,3,19,6.33,0,6.3,0,0,0,-,0,-,243,0
3257,2022,Jacoby Brissett,QB,CLE,14,174.6,88,QB · 24,12.47,93,QB · 37,30,64.0%,236,369,2608,12,6,186.3,49,243,4.96,2,17.4,0,0,0,-,0,-,2851,2
3257,2021,Jacoby Brissett,QB,MIA,11,76.3,227,QB · 38,6.94,233,QB · 51,29,62.7%,141,225,1283,5,4,116.6,19,70,3.68,1,6.4,0,0,0,-,0,-,1353,1
3257,2020,Jacoby Brissett,QB,IND,11,20.6,385,QB · 49,1.87,421,QB · 68,28,25.0%,2,8,17,0,0,1.5,17,19,1.12,3,1.7,0,0,0,-,0,-,36,3
3257,2019,Jacoby Brissett,QB,IND,15,223.7,55,QB · 24,14.91,65,QB · 28,27,60.9%,272,447,2942,18,6,196.1,56,228,4.07,4,15.2,1,1,2,2,0,0.1,3172,4
3257,2018,Jacoby Brissett,QB,IND,4,-0.6,639,QB · 76,-0.15,639,QB · 76,26,50.0%,2,4,2,0,0,0.5,7,-7,-1,0,-1.8,0,0,0,-,0,-,-5,0
3257,2017,Jacoby Brissett,QB,-,16,206.0,48,QB · 20,12.88,69,QB · 27,-,-,-,-,-,-,-,-,-,-,-,-,-,-,-,-,-,-,-,0,-
3257,2016,Jacoby Brissett,QB,-,3,28.3,334,QB · 44,9.43,159,QB · 38,-,-,-,-,-,-,-,-,-,-,-,-,-,-,-,-,-,-,-,0,-
12533,2025,Jacory Croskey-Merritt,RB,WAS,17,140.3,116,RB · 33,8.25,176,RB · 48,-,-,0,0,0,0,0,-,175,805,4.6,8,47.4,13,9,68,7.6,0,4.0,873,8
6108,2021,Jacques Patrick,RB,SF,1,1.2,564,RB · 158,1.20,505,RB · 143,24,-,0,0,0,0,0,-,2,12,6,0,12.0,0,0,0,-,0,-,12,0
5754,2020,Jaeden Graham,TE,ATL,16,5.5,485,TE · 98,0.34,532,TE · 107,25,-,0,0,0,0,0,-,0,0,-,0,-,5,3,25,8.33,0,1.6,25,0
5754,2019,Jaeden Graham,TE,ATL,16,29.9,319,TE · 58,1.87,368,TE · 74,24,-,0,0,0,0,0,-,0,0,-,0,-,10,9,149,16.56,1,9.3,149,1
7713,2024,Jaelon Darden,WR,2TM,11,1.6,516,WR · 207,0.15,534,WR · 213,25,-,0,0,0,0,0,-,0,0,-,0,-,1,1,6,6,0,0.5,6,0
7713,2023,Jaelon Darden,WR,CLE,1,0.0,537,WR · 205,0.00,537,WR · 205,24,-,0,0,0,0,0,-,0,0,-,0,-,0,0,0,-,0,-,0,0
7713,2022,Jaelon Darden,WR,2TM,14,4.8,502,WR · 185,0.34,559,WR · 213,23,-,0,0,0,0,0,-,1,2,2,0,0.1,2,2,26,13,0,1.9,28,0
7713,2021,Jaelon Darden,WR,TB,9,11.4,440,WR · 173,1.27,504,WR · 195,22,-,0,0,0,0,0,-,1,11,11,0,1.2,12,6,43,7.17,0,4.8,54,0
8119,2025,Jahan Dotson,WR,PHI,17,50.2,273,WR · 109,2.95,328,WR · 132,-,-,0,0,0,0,0,-,0,0,0,0,-,36,18,262,14.6,1,15.4,262,1
8119,2024,Jahan Dotson,WR,PHI,17,41.9,289,WR · 118,2.46,350,WR · 138,24,-,0,0,0,0,0,-,1,13,13,0,0.8,33,19,216,11.37,0,12.7,229,0
8119,2023,Jahan Dotson,WR,WAS,17,124.8,140,WR · 56,7.34,193,WR · 72,23,-,0,0,0,0,0,-,0,0,-,0,-,83,49,518,10.57,4,30.5,518,4
8119,2022,Jahan Dotson,WR,WAS,12,130.6,133,WR · 51,10.88,120,WR · 43,22,-,0,0,0,0,0,-,2,-7,-3.5,0,-0.6,61,35,523,14.94,7,43.6,516,7
11605,2025,Jaheim Bell,TE,PHI,0,0.0,415,TE · 75,-,-,-,-,-,0,0,0,0,0,-,0,0,0,0,-,0,0,0,0,0,-,0,0
11605,2024,Jaheim Bell,TE,NE,13,4.0,477,TE · 100,0.31,521,TE · 107,23,-,0,0,0,0,0,-,0,0,-,0,-,3,2,20,10,0,1.5,20,0
9221,2025,Jahmyr Gibbs,RB,DET,17,366.9,5,RB · 3,21.58,6,RB · 3,-,-,0,0,0,0,0,-,243,1223,5.03,13,71.9,94,77,616,8,5,36.2,1839,18
9221,2024,Jahmyr Gibbs,RB,DET,17,362.9,7,RB · 1,21.35,8,RB · 2,22,-,0,0,0,0,0,-,250,1412,5.65,16,83.1,63,52,517,9.94,4,30.4,1929,20
9221,2023,Jahmyr Gibbs,RB,DET,15,242.1,41,RB · 10,16.14,44,RB · 8,21,-,0,0,0,0,0,-,182,945,5.19,10,63.0,71,52,316,6.08,1,21.1,1261,11
7358,2020,Jake Bargas,TE,MIN,1,0.0,560,TE · 118,0.00,560,TE · 118,24,-,0,0,0,0,0,-,0,0,-,0,-,0,0,0,-,0,-,0,0
10867,2025,Jake Bobo,WR,SEA,11,4.0,394,WR · 164,0.36,399,WR · 163,-,-,0,0,0,0,0,-,0,0,0,0,-,2,2,20,10,0,1.8,20,0
10867,2024,Jake Bobo,WR,SEA,17,29.7,328,WR · 133,1.75,386,WR · 152,26,-,0,0,0,0,0,-,0,0,-,0,-,17,13,107,8.23,1,6.3,107,1
10867,2023,Jake Bobo,WR,SEA,16,56.9,252,WR · 105,3.56,301,WR · 118,25,-,0,0,0,0,0,-,1,3,3,1,0.2,25,19,196,10.32,2,12.3,199,3
6111,2025,Jake Browning,QB,CIN,5,56.7,257,QB · 43,11.35,117,QB · 42,-,64.8%,81,125,771,6,8,154.2,9,39,4.33,1,7.8,0,0,0,0,0,-,810,1
6111,2024,Jake Browning,QB,CIN,3,-0.2,638,QB · 85,-0.07,639,QB · 86,28,-,0,0,0,0,0,-,2,-2,-1,0,-0.7,0,0,0,-,0,-,-2,0
6111,2023,Jake Browning,QB,CIN,9,151.4,114,QB · 26,16.82,34,QB · 19,27,70.4%,171,243,1936,12,7,215.1,27,127,4.7,3,14.1,1,1,-7,-7,0,-0.8,2056,3
4151,2020,Jake Butt,TE,DEN,5,2.5,521,TE · 106,0.50,523,TE · 105,25,-,0,0,0,0,0,-,0,0,-,0,-,4,2,5,2.5,0,1.0,5,0
4151,2019,Jake Butt,TE,-,1,0.0,496,TE · 111,0.00,495,TE · 111,-,-,-,-,-,-,-,-,-,-,-,-,-,-,-,-,-,-,-,0,-
4151,2018,Jake Butt,TE,DEN,3,16.5,385,TE · 79,5.50,253,TE · 28,23,-,0,0,0,0,0,-,0,0,-,0,-,13,8,85,10.63,0,28.3,85,0
8110,2025,Jake Ferguson,TE,DAL,17,188.1,75,TE · 5,11.06,123,TE · 11,-,-,0,0,0,0,0,-,1,1,1,0,0.1,102,82,600,7.3,8,35.3,601,8
8110,2024,Jake Ferguson,TE,DAL,14,104.4,180,TE · 25,7.46,198,TE · 24,25,-,0,0,0,0,0,-,0,0,-,0,-,86,59,494,8.37,0,35.3,494,0
8110,2023,Jake Ferguson,TE,DAL,17,177.1,95,TE · 9,10.42,134,TE · 10,24,-,0,0,0,0,0,-,0,0,-,0,-,102,71,761,10.72,5,44.8,761,5
8110,2022,Jake Ferguson,TE,DAL,11,48.4,281,TE · 48,4.40,307,TE · 49,23,-,0,0,0,0,0,-,0,0,-,0,-,22,19,174,9.16,2,15.8,174,2
6822,2021,Jake Fromm,QB,NYG,3,13.9,424,QB · 56,4.63,312,QB · 56,23,45.0%,27,60,210,1,3,70.0,8,65,8.13,0,21.7,0,0,0,-,0,-,275,0
7771,2023,Jake Funk,RB,IND,1,3.2,494,RB · 129,3.20,315,RB · 80,25,-,0,0,0,0,0,-,2,10,5,0,10.0,1,1,12,12,0,12.0,22,0
7771,2022,Jake Funk,RB,2TM,1,0.0,571,RB · 160,0.00,571,RB · 160,24,-,0,0,0,0,0,-,0,0,-,0,-,0,0,0,-,0,-,0,0
7771,2021,Jake Funk,RB,LAR,5,0.5,577,RB · 163,0.10,578,RB · 163,23,-,0,0,0,0,0,-,2,5,2.5,0,1.0,0,0,0,-,0,-,5,0
10215,2024,Jake Haener,QB,NO,8,14.2,397,QB · 58,1.78,384,QB · 63,25,46.2%,18,39,226,1,1,28.3,11,22,2,0,2.8,0,0,0,-,0,-,248,0
8061,2021,Jake Hausmann,TE,-,1,0.0,582,TE · 121,0.00,582,TE · 121,-,-,-,-,-,-,-,-,-,-,-,-,-,-,-,-,-,-,-,0,-
2821,2022,Jake Kumerow,WR,BUF,5,10.4,443,WR · 169,2.08,442,WR · 167,30,-,0,0,0,0,0,-,0,0,-,0,-,7,4,64,16,0,12.8,64,0
2821,2021,Jake Kumerow,WR,BUF,7,4.8,506,WR · 198,0.69,541,WR · 209,29,-,0,0,0,0,0,-,0,0,-,0,-,6,2,28,14,0,4.0,28,0
2821,2020,Jake Kumerow,WR,BUF,6,9.2,457,WR · 179,1.53,437,WR · 172,28,-,0,0,0,0,0,-,0,0,-,0,-,1,1,22,22,1,3.7,22,1
2821,2019,Jake Kumerow,WR,GB,14,39.9,280,WR · 115,2.85,322,WR · 131,27,-,0,0,0,0,0,-,0,0,-,0,-,21,12,219,18.25,1,15.6,219,1
2821,2018,Jake Kumerow,WR,GB,5,24.3,353,WR · 148,4.86,278,WR · 112,26,-,0,0,0,0,0,-,0,0,-,0,-,11,8,103,12.88,1,20.6,103,1
7084,2024,Jake Luton,QB,-,1,0.0,544,QB · 76,0.00,544,QB · 76,-,-,-,-,-,-,-,-,-,-,-,-,-,-,-,-,-,-,-,0,-
7084,2020,Jake Luton,QB,JAX,3,34.3,322,QB · 44,11.43,125,QB · 42,24,54.5%,60,110,624,2,6,208.0,1,13,13,1,4.3,0,0,0,-,0,-,637,1
3347,2017,Jake Rudock,QB,-,3,-1.0,627,QB · 73,-0.33,628,QB · 74,-,-,-,-,-,-,-,-,-,-,-,-,-,-,-,-,-,-,-,0,-
8698,2025,Jake Tonges,TE,SF,16,94.3,181,TE · 30,5.89,228,TE · 35,-,-,0,0,0,0,0,-,0,0,0,0,-,46,34,293,8.6,5,18.3,293,5
8698,2024,Jake Tonges,TE,SF,11,0.0,544,TE · 115,0.00,544,TE · 115,25,-,0,0,0,0,0,-,0,0,-,0,-,0,0,0,-,0,-,0,0
8698,2022,Jake Tonges,TE,CHI,1,0.0,571,TE · 116,0.00,571,TE · 116,23,-,0,0,0,0,0,-,0,0,-,0,-,1,0,0,-,0,-,0,0
3342,2021,Jakeem Grant Sr.,WR,2TM,15,39.5,318,WR · 130,2.63,418,WR · 165,29,-,0,0,0,0,0,-,5,33,6.6,0,2.2,17,11,132,12,2,8.8,165,3
3342,2020,Jakeem Grant Sr.,WR,MIA,14,87.3,199,WR · 87,6.24,243,WR · 100,28,-,0,0,0,0,0,-,3,20,6.67,0,1.4,54,36,373,10.36,1,26.6,393,2
3342,2019,Jakeem Grant Sr.,WR,MIA,10,45.9,268,WR · 109,4.59,263,WR · 105,27,-,0,0,0,0,0,-,4,5,1.25,1,0.5,33,19,164,8.63,0,16.4,169,2
3342,2018,Jakeem Grant Sr.,WR,MIA,10,60.3,253,WR · 106,6.03,240,WR · 98,26,-,0,0,0,0,0,-,1,5,5,0,0.5,34,21,268,12.76,2,26.8,273,4
3342,2017,Jakeem Grant Sr.,WR,-,16,44.5,282,WR · 113,2.78,338,WR · 128,-,-,-,-,-,-,-,-,-,-,-,-,-,-,-,-,-,-,-,0,-
3342,2016,Jakeem Grant Sr.,WR,-,16,-1.9,617,WR · 217,-0.12,611,WR · 217,-,-,-,-,-,-,-,-,-,-,-,-,-,-,-,-,-,-,-,0,-
6202,2024,Jakob Johnson,RB,NYG,3,0.0,544,RB · 141,0.00,544,RB · 141,30,-,0,0,0,0,0,-,0,0,-,0,-,0,0,0,-,0,-,0,0
6202,2023,Jakob Johnson,RB,LV,11,2.2,508,RB · 136,0.20,529,RB · 142,29,-,0,0,0,0,0,-,0,0,-,0,-,2,1,12,12,0,1.1,12,0
6202,2022,Jakob Johnson,RB,LV,11,6.0,486,RB · 135,0.55,547,RB · 150,28,-,0,0,0,0,0,-,0,0,-,0,-,6,5,10,2,0,0.9,10,0
6202,2021,Jakob Johnson,RB,NE,7,8.3,466,RB · 131,1.19,507,RB · 144,27,-,0,0,0,0,0,-,0,0,-,0,-,5,4,43,10.75,0,6.1,43,0
6202,2020,Jakob Johnson,RB,NE,16,17.5,397,RB · 108,1.09,475,RB · 129,26,-,0,0,0,0,0,-,0,0,-,0,-,9,8,35,4.38,1,2.2,35,1
6202,2019,Jakob Johnson,RB,NE,4,1.5,472,RB · 124,0.38,461,RB · 123,25,-,0,0,0,0,0,-,0,0,-,0,-,2,1,5,5,0,1.3,5,0
5947,2025,Jakobi Meyers,WR,2TM,16,175.8,92,WR · 32,10.99,124,WR · 40,-,-,0,0,0,0,0,-,5,13,2.6,0,0.8,110,75,835,11.1,3,52.2,848,3
5947,2024,Jakobi Meyers,WR,LV,15,218.0,60,WR · 19,14.53,71,WR · 23,28,-,0,0,0,0,0,-,2,23,11.5,0,1.5,129,87,1027,11.8,4,68.5,1050,4
5947,2023,Jakobi Meyers,WR,LV,16,218.6,61,WR · 24,13.66,77,WR · 25,27,66.7%,2,3,12,1,0,0.8,4,24,6,2,1.5,106,71,807,11.37,8,50.4,843,10
5947,2022,Jakobi Meyers,WR,NE,14,180.3,78,WR · 29,12.88,87,WR · 30,26,-,0,0,0,0,0,-,2,-11,-5.5,0,-0.8,96,67,804,12,6,57.4,793,6
5947,2021,Jakobi Meyers,WR,NE,16,186.3,81,WR · 29,11.64,118,WR · 40,25,100.0%,2,2,45,0,0,2.8,1,9,9,0,0.6,126,83,866,10.43,2,54.1,920,2
5947,2020,Jakobi Meyers,WR,NE,14,142.5,127,WR · 53,10.18,148,WR · 57,24,100.0%,2,2,43,2,0,3.1,2,9,4.5,0,0.6,81,59,729,12.36,0,52.1,781,0
5947,2019,Jakobi Meyers,WR,NE,15,61.9,235,WR · 94,4.13,283,WR · 113,23,-,0,0,0,0,0,-,0,0,-,0,-,41,26,359,13.81,0,23.9,359,0
11439,2025,Jaleel McLaughlin,RB,DEN,8,31.4,314,RB · 78,3.93,288,RB · 79,-,-,0,0,0,0,0,-,37,187,5.05,1,23.4,6,4,27,6.8,0,3.4,214,1
11439,2024,Jaleel McLaughlin,RB,DEN,16,97.2,193,RB · 45,6.08,228,RB · 53,24,-,0,0,0,0,0,-,113,496,4.39,1,31.0,27,24,76,3.17,2,4.8,572,3
11439,2023,Jaleel McLaughlin,RB,DEN,17,106.0,167,RB · 46,6.24,215,RB · 55,23,-,0,0,0,0,0,-,76,410,5.39,1,24.1,36,31,160,5.16,2,9.4,570,3
5005,2020,Jaleel Scott,WR,NYJ,1,2.6,517,WR · 200,2.60,370,WR · 146,25,-,0,0,0,0,0,-,0,0,-,0,-,1,1,16,16,0,16.0,16,0
5005,2019,Jaleel Scott,WR,BAL,3,1.6,469,WR · 186,0.53,447,WR · 177,24,-,0,0,0,0,0,-,0,0,-,0,-,3,1,6,6,0,2.0,6,0
11034,2024,Jalen Brooks,WR,DAL,14,35.7,303,WR · 124,2.55,347,WR · 136,24,-,0,0,0,0,0,-,0,0,-,0,-,30,12,177,14.75,1,12.6,177,1
11034,2023,Jalen Brooks,WR,DAL,6,12.4,425,WR · 170,2.07,389,WR · 151,23,-,0,0,0,0,0,-,0,0,-,0,-,6,6,64,10.67,0,10.7,64,0
7789,2022,Jalen Camp,WR,HOU,1,1.7,542,WR · 207,1.70,464,WR · 174,24,-,0,0,0,0,0,-,0,0,-,0,-,1,1,7,7,0,7.0,7,0
7789,2021,Jalen Camp,WR,HOU,1,0.0,582,WR · 225,0.00,582,WR · 225,23,-,0,0,0,0,0,-,0,0,-,0,-,0,0,0,-,0,-,0,0
11646,2025,Jalen Coker,WR,CAR,11,90.4,189,WR · 69,8.22,177,WR · 60,-,-,0,0,0,0,0,-,0,0,0,0,-,43,33,394,11.9,3,35.8,394,3
11646,2024,Jalen Coker,WR,CAR,11,92.6,200,WR · 83,8.42,178,WR · 67,23,100.0%,1,1,19,0,0,1.7,0,0,-,0,-,46,32,478,14.94,2,43.5,497,2
11506,2024,Jalen Cropper,WR,-,1,0.0,544,WR · 215,0.00,544,WR · 215,-,-,-,-,-,-,-,-,-,-,-,-,-,-,-,-,-,-,-,0,-
6421,2024,Jalen Guyton,WR,-,1,0.0,544,WR · 215,0.00,544,WR · 215,-,-,-,-,-,-,-,-,-,-,-,-,-,-,-,-,-,-,-,0,-
6421,2023,Jalen Guyton,WR,LAC,8,24.9,359,WR · 150,3.11,318,WR · 126,26,-,0,0,0,0,0,-,0,0,-,0,-,21,10,89,8.9,1,11.1,89,1
6421,2022,Jalen Guyton,WR,LAC,2,8.4,466,WR · 176,4.20,316,WR · 120,25,-,0,0,0,0,0,-,0,0,-,0,-,4,2,64,32,0,32.0,64,0
6421,2021,Jalen Guyton,WR,LAC,16,97.2,185,WR · 73,6.08,262,WR · 104,24,-,0,0,0,0,0,-,7,34,4.86,0,2.1,48,31,448,14.45,3,28.0,482,3
6421,2020,Jalen Guyton,WR,LAC,16,97.1,186,WR · 81,6.07,247,WR · 104,23,-,0,0,0,0,0,-,2,0,0,0,-,55,28,511,18.25,3,31.9,511,3
6421,2019,Jalen Guyton,WR,LAC,3,0.0,496,WR · 189,0.00,495,WR · 188,22,-,0,0,0,0,0,-,0,0,-,0,-,2,0,0,-,0,-,0,0
6904,2025,Jalen Hurts,QB,PHI,16,305.1,18,QB · 8,19.07,18,QB · 9,-,64.8%,294,454,3224,25,6,201.5,105,421,4.01,8,26.3,0,0,0,0,0,-,3645,8
6904,2024,Jalen Hurts,QB,PHI,15,320.1,13,QB · 8,21.34,9,QB · 6,26,68.7%,248,361,2903,18,5,193.5,150,630,4.2,14,42.0,0,0,0,-,0,-,3533,14
6904,2023,Jalen Hurts,QB,PHI,17,371.8,5,QB · 2,21.87,5,QB · 2,25,65.4%,352,538,3858,23,15,226.9,157,605,3.85,15,35.6,0,0,0,-,0,-,4463,15
6904,2022,Jalen Hurts,QB,PHI,15,384.0,3,QB · 3,25.60,1,QB · 1,24,66.5%,306,460,3701,22,6,246.7,165,760,4.61,13,50.7,0,0,0,-,0,-,4461,13
6904,2021,Jalen Hurts,QB,PHI,15,321.2,15,QB · 9,21.41,11,QB · 6,23,61.3%,265,432,3144,16,9,209.6,139,784,5.64,10,52.3,1,0,0,-,0,-,3928,10
6904,2020,Jalen Hurts,QB,PHI,15,113.1,164,QB · 34,7.54,216,QB · 50,22,52.0%,77,148,1061,6,4,70.7,63,354,5.62,3,23.6,1,1,3,3,0,0.2,1418,3
11618,2025,Jalen McMillan,WR,TB,4,29.9,318,WR · 129,7.48,189,WR · 66,-,-,0,0,0,0,0,-,1,1,1,0,0.3,15,12,178,14.8,0,44.5,179,0
11618,2024,Jalen McMillan,WR,TB,13,135.4,130,WR · 55,10.42,136,WR · 48,23,-,0,0,0,0,0,-,4,43,10.75,0,3.3,58,37,461,12.46,8,35.5,504,8
12510,2025,Jalen Milroe,QB,SEA,3,-1.6,462,QB · 69,-0.53,420,QB · 62,-,-,0,0,0,0,0,-,3,4,1.33,0,1.3,0,0,0,0,0,-,4,0
8180,2025,Jalen Nailor,WR,MIN,17,100.7,171,WR · 61,5.92,225,WR · 82,-,-,0,0,0,0,0,-,2,13,6.5,0,0.8,53,29,444,15.3,4,26.1,457,4
8180,2024,Jalen Nailor,WR,MIN,17,103.0,188,WR · 78,6.06,229,WR · 91,25,-,0,0,0,0,0,-,3,-4,-1.33,0,-0.2,42,28,414,14.79,6,24.4,410,6
8180,2023,Jalen Nailor,WR,MIN,5,5.9,468,WR · 185,1.18,448,WR · 180,24,-,0,0,0,0,0,-,0,0,-,0,-,6,3,29,9.67,0,5.8,29,0
8180,2022,Jalen Nailor,WR,MIN,8,32.9,328,WR · 132,4.11,320,WR · 121,23,-,0,0,0,0,0,-,0,0,-,0,-,13,9,179,19.89,1,22.4,179,1
6798,2025,Jalen Reagor,WR,LAC,0,0.0,415,WR · 168,-,-,-,-,-,0,0,0,0,0,-,0,0,0,0,-,0,0,0,0,0,-,0,0
6798,2024,Jalen Reagor,WR,LAC,8,14.7,390,WR · 153,1.84,382,WR · 151,25,-,0,0,0,0,0,-,3,-3,-1,0,-0.4,12,7,100,14.29,0,12.5,97,0
6798,2023,Jalen Reagor,WR,NE,11,28.5,340,WR · 142,2.59,354,WR · 135,24,-,0,0,0,0,0,-,1,17,17,0,1.5,23,7,138,19.71,0,12.5,155,1
6798,2022,Jalen Reagor,WR,MIN,17,26.9,351,WR · 139,1.58,475,WR · 178,23,-,0,0,0,0,0,-,4,25,6.25,0,1.5,13,8,104,13,1,6.1,129,1
6798,2021,Jalen Reagor,WR,PHI,17,78.1,224,WR · 95,4.59,316,WR · 126,22,-,0,0,0,0,0,-,10,32,3.2,0,1.9,57,33,299,9.06,2,17.6,331,2
6798,2020,Jalen Reagor,WR,PHI,11,87.2,200,WR · 88,7.93,203,WR · 81,21,-,0,0,0,0,0,-,4,26,6.5,0,2.4,54,31,396,12.77,1,36.0,422,2
3868,2021,Jalen Richard,RB,LV,9,23.2,371,RB · 104,2.58,424,RB · 119,28,-,0,0,0,0,0,-,9,40,4.44,0,4.4,14,12,72,6,0,8.0,112,0
3868,2020,Jalen Richard,RB,LV,13,51.1,283,RB · 77,3.93,316,RB · 87,27,-,0,0,0,0,0,-,22,123,5.59,1,9.5,23,19,138,7.26,0,10.6,261,1
3868,2019,Jalen Richard,RB,OAK,16,82.8,202,RB · 54,5.18,247,RB · 62,26,-,0,0,0,0,0,-,39,145,3.72,0,9.1,43,36,323,8.97,0,20.2,468,0
3868,2018,Jalen Richard,RB,OAK,16,156.6,102,RB · 29,9.79,145,RB · 41,25,-,0,0,0,0,0,-,55,259,4.71,1,16.2,81,68,607,8.93,0,37.9,866,1
3868,2017,Jalen Richard,RB,-,16,86.1,191,RB · 56,5.38,256,RB · 78,-,-,-,-,-,-,-,-,-,-,-,-,-,-,-,-,-,-,-,0,-
3868,2016,Jalen Richard,RB,-,16,115.5,158,RB · 42,7.22,211,RB · 61,-,-,-,-,-,-,-,-,-,-,-,-,-,-,-,-,-,-,-,0,-
12505,2025,Jalen Royals,WR,KC,7,2.4,402,WR · 166,0.34,402,WR · 164,-,-,0,0,0,0,0,-,0,0,0,0,-,3,2,4,2,0,0.6,4,0
8117,2025,Jalen Tolbert,WR,DAL,13,46.3,284,WR · 115,3.56,305,WR · 117,-,-,0,0,0,0,0,-,0,0,0,0,-,34,18,203,11.3,1,15.6,203,1
8117,2024,Jalen Tolbert,WR,DAL,17,152.0,113,WR · 45,8.94,166,WR · 59,25,-,0,0,0,0,0,-,0,0,-,0,-,79,49,610,12.45,7,35.9,610,7
8117,2023,Jalen Tolbert,WR,DAL,16,58.8,248,WR · 102,3.68,292,WR · 112,24,-,0,0,0,0,0,-,0,0,-,0,-,36,22,268,12.18,2,16.8,268,2
8117,2022,Jalen Tolbert,WR,DAL,3,3.2,524,WR · 200,1.07,508,WR · 194,23,-,0,0,0,0,0,-,0,0,-,0,-,3,2,12,6,0,4.0,12,0
8416,2024,Jalen Virgil,WR,BUF,7,0.0,544,WR · 215,0.00,544,WR · 215,26,-,0,0,0,0,0,-,0,0,-,0,-,0,0,0,-,0,-,0,0
8416,2023,Jalen Virgil,WR,-,1,0.0,537,WR · 205,0.00,537,WR · 205,-,-,-,-,-,-,-,-,-,-,-,-,-,-,-,-,-,-,-,0,-
8416,2022,Jalen Virgil,WR,DEN,7,13.5,420,WR · 159,1.93,455,WR · 170,24,-,0,0,0,0,0,-,0,0,-,0,-,5,2,75,37.5,1,10.7,75,1
9497,2025,Jalin Hyatt,WR,NYG,7,8.5,380,WR · 157,1.21,372,WR · 154,-,-,0,0,0,0,0,-,0,0,0,0,-,14,5,35,7,0,5.0,35,0
9497,2024,Jalin Hyatt,WR,NYG,16,14.2,397,WR · 157,0.89,462,WR · 188,23,-,0,0,0,0,0,-,0,0,-,0,-,19,8,62,7.75,0,3.9,62,0
9497,2023,Jalin Hyatt,WR,NYG,16,60.3,243,WR · 98,3.77,287,WR · 108,22,-,0,0,0,0,0,-,0,0,-,0,-,40,23,373,16.22,0,23.3,373,0
4149,2024,Jamaal Williams,RB,NO,14,37.1,295,RB · 76,2.65,338,RB · 93,29,-,0,0,0,0,0,-,48,164,3.42,1,11.7,11,9,57,6.33,0,4.1,221,1
4149,2023,Jamaal Williams,RB,NO,13,60.8,239,RB · 61,4.68,255,RB · 69,28,-,0,0,0,0,0,-,106,306,2.89,1,23.5,20,18,62,3.44,0,4.8,368,1
4149,2022,Jamaal Williams,RB,DET,17,225.9,47,RB · 13,13.29,78,RB · 18,27,-,0,0,0,0,0,-,262,1066,4.07,17,62.7,16,12,73,6.08,0,4.3,1139,17
4149,2021,Jamaal Williams,RB,DET,13,119.8,156,RB · 43,9.22,170,RB · 44,26,-,0,0,0,0,0,-,153,601,3.93,3,46.2,28,26,157,6.04,0,12.1,758,3
4149,2020,Jamaal Williams,RB,GB,14,127.1,150,RB · 37,9.08,173,RB · 41,25,-,0,0,0,0,0,-,119,505,4.24,2,36.1,35,31,236,7.61,1,16.9,741,3
4149,2019,Jamaal Williams,RB,GB,14,145.9,117,RB · 33,10.42,130,RB · 32,24,-,0,0,0,0,0,-,107,460,4.3,1,32.9,45,39,253,6.49,5,18.1,713,6
4149,2018,Jamaal Williams,RB,GB,16,114.3,157,RB · 44,7.14,206,RB · 59,23,-,0,0,0,0,0,-,121,464,3.83,3,29.0,41,27,210,7.78,0,13.1,674,3
4149,2017,Jamaal Williams,RB,-,16,142.8,111,RB · 32,8.93,153,RB · 43,-,-,-,-,-,-,-,-,-,-,-,-,-,-,-,-,-,-,-,0,-
4198,2023,Jamal Agnew,WR,JAX,11,40.3,291,WR · 121,3.66,293,WR · 113,28,-,0,0,0,0,0,-,4,-2,-0.5,0,-0.2,21,14,225,16.07,1,20.5,223,1
4198,2022,Jamal Agnew,WR,JAX,15,72.3,228,WR · 96,4.82,292,WR · 112,27,-,0,0,0,0,0,-,12,86,7.17,0,5.7,30,23,187,8.13,3,12.5,273,3
4198,2021,Jamal Agnew,WR,JAX,12,76.0,228,WR · 98,6.33,248,WR · 100,26,-,0,0,0,0,0,-,7,111,15.86,1,9.3,39,24,229,9.54,1,19.1,340,3
4198,2020,Jamal Agnew,WR,DET,14,29.2,344,WR · 142,2.09,403,WR · 159,25,0.0%,0,1,0,0,0,-,6,33,5.5,0,2.4,20,13,89,6.85,0,6.4,122,1
4198,2019,Jamal Agnew,WR,-,13,11.7,393,WR · 152,0.90,413,WR · 165,-,-,-,-,-,-,-,-,-,-,-,-,-,-,-,-,-,-,-,0,-
4198,2018,Jamal Agnew,WR,-,6,1.7,513,WR · 199,0.28,512,WR · 194,-,-,-,-,-,-,-,-,-,-,-,-,-,-,-,-,-,-,-,0,-
4198,2017,Jamal Agnew,WR,-,13,4.7,479,WR · 180,0.36,497,WR · 190,-,-,-,-,-,-,-,-,-,-,-,-,-,-,-,-,-,-,-,0,-
11633,2025,Jamari Thrash,WR,CLE,9,20.7,338,WR · 141,2.30,340,WR · 137,-,-,0,0,0,0,0,-,0,0,0,0,-,15,10,107,10.7,0,11.9,107,0
11633,2024,Jamari Thrash,WR,CLE,9,5.2,467,WR · 188,0.58,493,WR · 198,24,-,0,0,0,0,0,-,0,0,-,0,-,7,3,22,7.33,0,2.4,22,0
2306,2025,Jameis Winston,QB,NYG,3,45.3,287,QB · 46,15.09,48,QB · 24,-,56.1%,37,66,567,2,2,189.0,7,23,3.29,1,7.7,1,1,33,33,1,11.0,623,2
2306,2024,Jameis Winston,QB,CLE,12,143.1,120,QB · 28,11.93,111,QB · 39,30,61.1%,181,296,2121,13,12,176.8,25,83,3.32,1,6.9,0,0,0,-,0,-,2204,1
2306,2023,Jameis Winston,QB,NO,7,15.0,403,QB · 61,2.14,382,QB · 67,29,53.2%,25,47,264,2,3,37.7,5,-6,-1.2,0,-0.9,0,0,0,-,0,-,258,0
2306,2022,Jameis Winston,QB,NO,3,48.9,279,QB · 42,16.30,39,QB · 19,28,63.5%,73,115,858,4,5,286.0,5,16,3.2,0,5.3,0,0,0,-,0,-,874,0
2306,2021,Jameis Winston,QB,NO,7,120.4,155,QB · 32,17.20,32,QB · 14,27,59.0%,95,161,1170,14,3,167.1,32,166,5.19,1,23.7,0,0,0,-,0,-,1336,1
2306,2020,Jameis Winston,QB,NO,4,2.4,522,QB · 69,0.60,505,QB · 75,26,63.6%,7,11,75,0,0,18.8,8,-6,-0.75,0,-1.5,0,0,0,-,0,-,69,0
2306,2019,Jameis Winston,QB,TB,16,335.4,5,QB · 3,20.96,7,QB · 5,25,60.7%,380,626,5109,33,30,319.3,59,250,4.24,1,15.6,0,0,0,-,0,-,5359,1
2306,2018,Jameis Winston,QB,TB,11,195.8,65,QB · 22,17.80,33,QB · 15,24,64.6%,244,378,2992,19,14,272.0,49,281,5.73,1,25.5,0,0,0,-,0,-,3273,1
2306,2017,Jameis Winston,QB,-,13,201.8,54,QB · 22,15.52,40,QB · 18,-,-,-,-,-,-,-,-,-,-,-,-,-,-,-,-,-,-,-,0,-
2306,2016,Jameis Winston,QB,-,16,256.2,28,QB · 16,16.01,36,QB · 20,-,-,-,-,-,-,-,-,-,-,-,-,-,-,-,-,-,-,-,0,-
4137,2025,James Conner,RB,ARI,3,33.3,306,RB · 75,11.10,121,RB · 31,-,-,0,0,0,0,0,-,32,95,2.97,1,31.7,9,8,38,4.8,1,12.7,133,2
4137,2024,James Conner,RB,ARI,16,253.8,36,RB · 11,15.86,50,RB · 15,29,-,0,0,0,0,0,-,236,1094,4.64,8,68.4,55,47,414,8.81,1,25.9,1508,9
4137,2023,James Conner,RB,ARI,13,201.5,77,RB · 18,15.50,55,RB · 13,28,-,0,0,0,0,0,-,208,1040,5,7,80.0,33,27,165,6.11,2,12.7,1205,9
4137,2022,James Conner,RB,ARI,13,200.2,65,RB · 19,15.40,45,RB · 10,27,-,0,0,0,0,0,-,183,782,4.27,7,60.2,58,46,300,6.52,1,23.1,1082,8
4137,2021,James Conner,RB,ARI,15,257.7,32,RB · 5,17.18,33,RB · 9,26,-,0,0,0,0,0,-,202,752,3.72,15,50.1,39,37,375,10.14,3,25.0,1127,18
4137,2020,James Conner,RB,PIT,13,164.6,100,RB · 27,12.66,102,RB · 27,25,-,0,0,0,0,0,-,169,721,4.27,6,55.5,43,35,215,6.14,0,16.5,936,6
4137,2019,James Conner,RB,PIT,10,145.5,118,RB · 34,14.55,71,RB · 16,24,-,0,0,0,0,0,-,116,464,4,4,46.4,38,34,251,7.38,3,25.1,715,7
4137,2018,James Conner,RB,PIT,13,279.7,31,RB · 6,21.52,11,RB · 7,23,-,0,0,0,0,0,-,215,973,4.53,12,74.8,71,55,497,9.04,1,38.2,1470,13
4137,2017,James Conner,RB,-,14,14.4,395,RB · 113,1.03,438,RB · 124,-,-,-,-,-,-,-,-,-,-,-,-,-,-,-,-,-,-,-,0,-
8138,2025,James Cook,RB,BUF,17,302.2,20,RB · 6,17.78,27,RB · 6,-,-,0,0,0,0,0,-,309,1621,5.25,12,95.4,40,33,291,8.8,2,17.1,1912,14
8138,2024,James Cook,RB,BUF,16,266.7,30,RB · 8,16.67,40,RB · 11,25,-,0,0,0,0,0,-,207,1009,4.87,16,63.1,38,32,258,8.06,2,16.1,1267,18
8138,2023,James Cook,RB,BUF,17,232.7,47,RB · 12,13.69,76,RB · 19,24,-,0,0,0,0,0,-,237,1122,4.73,2,66.0,54,44,445,10.11,4,26.2,1567,6
8138,2022,James Cook,RB,BUF,17,107.5,163,RB · 44,6.32,243,RB · 62,23,-,0,0,0,0,0,-,89,507,5.7,2,29.8,32,21,180,8.57,1,10.6,687,3
1303,2019,James Develin,RB,NE,2,0.3,493,RB · 135,0.15,484,RB · 131,31,-,0,0,0,0,0,-,2,3,1.5,0,1.5,0,0,0,-,0,-,3,0
1303,2018,James Develin,RB,NE,16,42.9,295,RB · 84,2.68,358,RB · 97,30,-,0,0,0,0,0,-,6,8,1.33,4,0.5,17,12,61,5.08,0,3.8,69,4
1303,2017,James Develin,RB,-,16,9.8,426,RB · 122,0.61,472,RB · 133,-,-,-,-,-,-,-,-,-,-,-,-,-,-,-,-,-,-,-,0,-
1303,2016,James Develin,RB,-,16,4.8,469,RB · 139,0.30,509,RB · 150,-,-,-,-,-,-,-,-,-,-,-,-,-,-,-,-,-,-,-,0,-
2119,2019,James Franklin,QB,-,1,0.0,496,QB · 63,0.00,495,QB · 63,-,-,-,-,-,-,-,-,-,-,-,-,-,-,-,-,-,-,-,0,-
5322,2018,James Looney,TE,-,3,0.0,543,TE · 118,0.00,543,TE · 118,-,-,-,-,-,-,-,-,-,-,-,-,-,-,-,-,-,-,-,0,-
8170,2024,James Mitchell,TE,DET,1,0.0,544,TE · 115,0.00,544,TE · 115,25,-,0,0,0,0,0,-,0,0,-,0,-,0,0,0,-,0,-,0,0
8170,2023,James Mitchell,TE,DET,11,4.8,479,TE · 99,0.44,511,TE · 104,24,-,0,0,0,0,0,-,0,0,-,0,-,2,2,28,14,0,2.5,28,0
8170,2022,James Mitchell,TE,DET,8,28.3,349,TE · 67,3.54,348,TE · 60,23,-,0,0,0,0,0,-,0,0,-,0,-,11,11,113,10.27,1,14.1,113,1
2476,2021,James O'Shaughnessy,TE,JAX,7,50.4,288,TE · 50,7.20,223,TE · 24,29,-,0,0,0,0,0,-,0,0,-,0,-,34,24,244,10.17,0,34.9,244,0
2476,2020,James O'Shaughnessy,TE,JAX,15,54.2,272,TE · 46,3.61,328,TE · 53,28,-,0,0,0,0,0,-,0,0,-,0,-,38,28,262,9.36,0,17.5,262,0
2476,2019,James O'Shaughnessy,TE,JAX,5,41.3,275,TE · 45,8.26,174,TE · 18,27,-,0,0,0,0,0,-,0,0,-,0,-,20,14,153,10.93,2,30.6,153,2
2476,2018,James O'Shaughnessy,TE,JAX,14,45.4,287,TE · 45,3.24,335,TE · 57,26,-,0,0,0,0,0,-,0,0,-,0,-,38,24,214,8.92,0,15.3,214,0
2476,2017,James O'Shaughnessy,TE,-,16,34.9,306,TE · 56,2.18,364,TE · 63,-,-,-,-,-,-,-,-,-,-,-,-,-,-,-,-,-,-,-,0,-
2476,2016,James O'Shaughnessy,TE,-,16,1.9,505,TE · 110,0.12,529,TE · 112,-,-,-,-,-,-,-,-,-,-,-,-,-,-,-,-,-,-,-,0,-
6957,2024,James Proche II,WR,CLE,9,3.1,488,WR · 196,0.34,514,WR · 207,28,-,0,0,0,0,0,-,0,0,-,0,-,3,3,21,7,0,2.3,21,0
6957,2023,James Proche II,WR,CLE,10,-2.0,635,WR · 243,-0.20,632,WR · 244,27,-,0,0,0,0,0,-,0,0,-,0,-,5,0,0,-,0,-,0,0
6957,2022,James Proche II,WR,BAL,12,13.2,422,WR · 160,1.10,506,WR · 193,26,0.0%,0,1,0,0,1,-,0,0,-,0,-,17,8,62,7.75,0,5.2,62,0
6957,2021,James Proche II,WR,BAL,7,36.2,327,WR · 132,5.17,289,WR · 115,25,-,0,0,0,0,0,-,0,0,-,0,-,20,16,202,12.63,0,28.9,202,0
6957,2020,James Proche II,WR,BAL,14,2.4,522,WR · 201,0.17,548,WR · 206,24,-,0,0,0,0,0,-,0,0,-,0,-,3,1,14,14,0,1.0,14,0
6955,2023,James Robinson,RB,GB,1,1.0,532,RB · 144,1.00,462,RB · 125,25,-,0,0,0,0,0,-,1,2,2,0,2.0,1,1,-2,-2,0,-2.0,0,0
6955,2022,James Robinson,RB,2TM,11,88.6,192,RB · 50,8.05,191,RB · 52,24,-,0,0,0,0,0,-,110,425,3.86,3,38.6,14,11,51,4.64,2,4.6,476,5
6955,2021,James Robinson,RB,JAX,14,173.9,91,RB · 24,12.42,100,RB · 23,23,-,0,0,0,0,0,-,164,767,4.68,8,54.8,46,31,222,7.16,0,15.9,989,8
6955,2020,James Robinson,RB,JAX,14,250.4,39,RB · 7,17.89,31,RB · 7,22,-,0,0,0,0,0,-,240,1070,4.46,7,76.4,60,49,344,7.02,3,24.6,1414,10
5024,2022,James Washington,WR,DAL,1,0.0,571,WR · 218,0.00,571,WR · 218,26,-,0,0,0,0,0,-,0,0,-,0,-,1,0,0,-,0,-,0,0
5024,2021,James Washington,WR,PIT,15,65.8,250,WR · 108,4.39,326,WR · 131,25,-,0,0,0,0,0,-,2,13,6.5,0,0.9,44,24,285,11.88,2,19.0,298,2
5024,2020,James Washington,WR,PIT,16,99.2,180,WR · 76,6.20,245,WR · 102,24,-,0,0,0,0,0,-,0,0,-,0,-,56,30,392,13.07,5,24.5,392,5
5024,2019,James Washington,WR,PIT,15,133.5,133,WR · 54,8.90,157,WR · 63,23,-,0,0,0,0,0,-,0,0,-,0,-,80,44,735,16.7,3,49.0,735,3
5024,2018,James Washington,WR,PIT,14,43.7,292,WR · 123,3.12,340,WR · 139,22,-,0,0,0,0,0,-,0,0,-,0,-,38,16,217,13.56,1,15.5,217,1
1848,2021,James White,RB,NE,3,31.2,348,RB · 96,10.40,145,RB · 39,29,-,0,0,0,0,0,-,10,38,3.8,1,12.7,14,12,94,7.83,0,31.3,132,1
1848,2020,James White,RB,NE,14,116.6,159,RB · 41,8.33,196,RB · 50,28,-,0,0,0,0,0,-,35,121,3.46,2,8.6,62,49,375,7.65,1,26.8,496,3
1848,2019,James White,RB,NE,15,200.2,74,RB · 17,13.35,90,RB · 21,27,100.0%,1,1,35,0,0,2.3,67,263,3.93,1,17.5,95,72,645,8.96,5,43.0,943,6
1848,2018,James White,RB,NE,16,276.6,32,RB · 7,17.29,42,RB · 10,26,-,0,0,0,0,0,-,94,425,4.52,5,26.6,123,87,751,8.63,7,46.9,1176,12
1848,2017,James White,RB,-,14,134.0,124,RB · 38,9.57,139,RB · 38,-,-,-,-,-,-,-,-,-,-,-,-,-,-,-,-,-,-,-,0,-
1848,2016,James White,RB,-,16,161.7,111,RB · 26,10.11,145,RB · 38,-,-,-,-,-,-,-,-,-,-,-,-,-,-,-,-,-,-,-,0,-
8148,2025,Jameson Williams,WR,DET,17,219.9,49,WR · 12,12.94,79,WR · 22,-,-,0,0,0,0,0,-,6,12,2,0,0.7,102,65,1117,17.2,7,65.7,1129,7
8148,2024,Jameson Williams,WR,DET,15,212.2,64,WR · 22,14.15,78,WR · 26,23,-,0,0,0,0,0,-,11,61,5.55,1,4.1,91,58,1001,17.26,7,66.7,1062,8
8148,2023,Jameson Williams,WR,DET,12,80.3,200,WR · 82,6.69,205,WR · 75,22,-,0,0,0,0,0,-,3,29,9.67,1,2.4,42,24,354,14.75,2,29.5,383,3
8148,2022,Jameson Williams,WR,DET,6,15.1,412,WR · 156,2.52,420,WR · 158,21,-,0,0,0,0,0,-,1,40,40,0,6.7,9,1,41,41,1,6.8,81,1
2410,2024,Jamison Crowder,WR,WAS,6,26.2,346,WR · 136,4.37,270,WR · 108,31,-,0,0,0,0,0,-,0,0,-,0,-,13,9,72,8,2,12.0,72,2
2410,2023,Jamison Crowder,WR,WAS,16,35.9,313,WR · 129,2.24,375,WR · 146,30,-,0,0,0,0,0,-,0,0,-,0,-,20,16,159,9.94,1,9.9,159,1
2410,2022,Jamison Crowder,WR,BUF,4,12.0,428,WR · 162,3.00,389,WR · 149,29,-,0,0,0,0,0,-,0,0,-,0,-,13,6,60,10,0,15.0,60,0
2410,2021,Jamison Crowder,WR,NYJ,12,109.7,166,WR · 63,9.14,173,WR · 63,28,-,0,0,0,0,0,-,0,0,-,0,-,71,51,447,8.76,2,37.3,447,2
2410,2020,Jamison Crowder,WR,NYJ,12,172.0,91,WR · 39,14.33,76,WR · 25,27,100.0%,1,1,43,1,0,3.6,1,14,14,0,1.2,89,59,699,11.85,6,58.3,756,6
2410,2019,Jamison Crowder,WR,NYJ,16,197.7,75,WR · 26,12.36,99,WR · 36,26,-,0,0,0,0,0,-,1,4,4,0,0.3,122,78,833,10.68,6,52.1,837,6
2410,2018,Jamison Crowder,WR,WAS,9,82.8,204,WR · 86,9.20,155,WR · 58,25,-,0,0,0,0,0,-,4,30,7.5,0,3.3,49,29,388,13.38,2,43.1,418,2
2410,2017,Jamison Crowder,WR,-,15,160.3,90,WR · 33,10.69,114,WR · 40,-,-,-,-,-,-,-,-,-,-,-,-,-,-,-,-,-,-,-,0,-
2410,2016,Jamison Crowder,WR,-,16,191.5,78,WR · 31,11.97,106,WR · 41,-,-,-,-,-,-,-,-,-,-,-,-,-,-,-,-,-,-,-,0,-
1308,2018,Jamize Olawale,RB,DAL,16,3.3,490,RB · 138,0.21,524,RB · 149,29,-,0,0,0,0,0,-,0,0,-,0,-,4,2,13,6.5,0,0.8,13,0
1308,2017,Jamize Olawale,RB,-,12,19.6,358,RB · 101,1.63,397,RB · 111,-,-,-,-,-,-,-,-,-,-,-,-,-,-,-,-,-,-,-,0,-
1308,2016,Jamize Olawale,RB,-,16,57.4,245,RB · 69,3.59,310,RB · 86,-,-,-,-,-,-,-,-,-,-,-,-,-,-,-,-,-,-,-,0,-
6996,2024,JaMycal Hasty,RB,NE,14,28.8,332,RB · 90,2.06,370,RB · 100,28,-,0,0,0,0,0,-,20,69,3.45,0,4.9,12,10,59,5.9,1,4.2,128,1
6996,2023,JaMycal Hasty,RB,2TM,2,0.0,537,RB · 145,0.00,537,RB · 145,27,-,0,0,0,0,0,-,0,0,-,0,-,2,0,0,-,0,-,0,0
6996,2022,JaMycal Hasty,RB,JAX,14,70.5,230,RB · 62,5.04,282,RB · 73,26,-,0,0,0,0,0,-,46,194,4.22,2,13.9,26,20,126,6.3,1,9.0,320,3
6996,2021,JaMycal Hasty,RB,SF,11,49.5,295,RB · 82,4.50,318,RB · 92,25,-,0,0,0,0,0,-,16,68,4.25,1,6.2,29,23,157,6.83,0,14.3,225,1
6996,2020,JaMycal Hasty,RB,SF,8,31.1,332,RB · 88,3.89,319,RB · 88,24,-,0,0,0,0,0,-,39,148,3.79,1,18.5,8,7,33,4.71,0,4.1,181,1
7863,2021,JaQuan Hardy,RB,DAL,2,8.9,460,RB · 129,4.45,322,RB · 93,24,-,0,0,0,0,0,-,4,29,7.25,1,14.5,0,0,0,-,0,-,29,1
367,2021,Jared Cook,TE,LAC,16,132.4,137,TE · 18,8.28,194,TE · 19,34,-,0,0,0,0,0,-,0,0,-,0,-,83,48,564,11.75,4,35.3,564,4
367,2020,Jared Cook,TE,NO,15,127.4,149,TE · 19,8.49,191,TE · 24,33,-,0,0,0,0,0,-,0,0,-,0,-,60,37,504,13.62,7,33.6,504,7
367,2019,Jared Cook,TE,NO,14,167.5,97,TE · 7,11.96,109,TE · 10,32,-,0,0,0,0,0,-,0,0,-,0,-,65,43,705,16.4,9,50.4,705,9
367,2018,Jared Cook,TE,OAK,16,193.6,67,TE · 5,12.10,100,TE · 5,31,-,0,0,0,0,0,-,0,0,-,0,-,101,68,896,13.18,6,56.0,896,6
367,2017,Jared Cook,TE,-,16,132.8,125,TE · 12,8.30,169,TE · 15,-,-,-,-,-,-,-,-,-,-,-,-,-,-,-,-,-,-,-,0,-
367,2016,Jared Cook,TE,-,10,71.7,227,TE · 36,7.17,214,TE · 28,-,-,-,-,-,-,-,-,-,-,-,-,-,-,-,-,-,-,-,0,-
3163,2025,Jared Goff,QB,DET,17,305.1,18,QB · 8,17.94,26,QB · 14,-,68.0%,393,578,4564,34,8,268.5,19,45,2.37,0,2.6,0,0,0,0,0,-,4609,0
3163,2024,Jared Goff,QB,DET,17,336.5,10,QB · 6,19.79,12,QB · 8,30,72.4%,390,539,4629,37,12,272.3,35,56,1.6,0,3.3,1,1,7,7,1,0.4,4692,1
3163,2023,Jared Goff,QB,DET,17,303.1,11,QB · 7,17.83,24,QB · 15,29,67.3%,407,605,4575,30,12,269.1,32,21,0.66,2,1.2,0,0,0,-,0,-,4596,2
3163,2022,Jared Goff,QB,DET,17,291.3,21,QB · 10,17.14,30,QB · 16,28,65.1%,382,587,4438,29,7,261.1,29,73,2.52,0,4.3,1,1,5,5,0,0.3,4516,0
3163,2021,Jared Goff,QB,DET,14,202.5,70,QB · 24,14.46,67,QB · 25,27,67.2%,332,494,3245,19,8,231.8,17,87,5.12,0,6.2,0,0,0,-,0,-,3332,0
3163,2020,Jared Goff,QB,LAR,15,253.0,35,QB · 18,16.87,45,QB · 23,26,67.0%,370,552,3952,20,13,263.5,51,99,1.94,4,6.6,0,0,0,-,0,-,4051,4
3163,2019,Jared Goff,QB,LAR,16,263.5,24,QB · 13,16.47,37,QB · 21,25,62.9%,394,626,4638,22,16,289.9,33,40,1.21,2,2.5,0,0,0,-,0,-,4678,2
3163,2018,Jared Goff,QB,LAR,16,310.3,18,QB · 7,19.39,24,QB · 10,24,64.9%,364,561,4688,32,12,293.0,43,108,2.51,2,6.8,0,0,0,-,0,-,4796,2
3163,2017,Jared Goff,QB,-,15,255.3,25,QB · 12,17.02,23,QB · 11,-,-,-,-,-,-,-,-,-,-,-,-,-,-,-,-,-,-,-,0,-
3163,2016,Jared Goff,QB,-,7,53.2,255,QB · 37,7.60,209,QB · 43,-,-,-,-,-,-,-,-,-,-,-,-,-,-,-,-,-,-,-,0,-
6834,2022,Jared Pinkney,TE,LAR,2,0.0,571,TE · 116,0.00,571,TE · 116,25,-,0,0,0,0,0,-,0,0,-,0,-,0,0,0,-,0,-,0,0
6834,2021,Jared Pinkney,TE,DET,1,0.0,582,TE · 121,0.00,582,TE · 121,24,-,0,0,0,0,0,-,0,0,-,0,-,0,0,0,-,0,-,0,0
11056,2024,Jared Wayne,WR,HOU,3,0.0,544,WR · 215,0.00,544,WR · 215,24,-,0,0,0,0,0,-,0,0,-,0,-,0,0,0,-,0,-,0,0
11595,2025,Jared Wiley,TE,KC,4,1.4,406,TE · 74,0.35,400,TE · 73,-,-,0,0,0,0,0,-,0,0,0,0,-,1,1,4,4,0,1.0,4,0
11595,2024,Jared Wiley,TE,KC,7,1.7,511,TE · 106,0.24,524,TE · 109,24,-,0,0,0,0,0,-,0,0,-,0,-,1,1,7,7,0,1.0,7,0
9231,2024,Jaren Hall,QB,-,1,0.0,544,QB · 76,0.00,544,QB · 76,-,-,-,-,-,-,-,-,-,-,-,-,-,-,-,-,-,-,-,0,-
9231,2023,Jaren Hall,QB,MIN,3,3.1,496,QB · 70,1.03,457,QB · 70,25,65.0%,13,20,168,0,1,56.0,6,14,2.33,0,4.7,0,0,0,-,0,-,182,0
7537,2022,Jaret Patterson,RB,WAS,2,7.8,472,RB · 130,3.90,326,RB · 85,23,-,0,0,0,0,0,-,17,78,4.59,0,39.0,1,0,0,-,0,-,78,0
7537,2021,Jaret Patterson,RB,WAS,14,55.9,272,RB · 75,3.99,351,RB · 97,22,-,0,0,0,0,0,-,68,266,3.91,2,19.0,11,10,73,7.3,0,5.2,339,2
1215,2018,Jarius Wright,WR,CAR,16,97.6,179,WR · 77,6.10,237,WR · 97,29,-,0,0,0,0,0,-,2,39,19.5,0,2.4,59,43,447,10.4,1,27.9,486,1
1215,2017,Jarius Wright,WR,-,16,49.8,268,WR · 105,3.11,324,WR · 120,-,-,-,-,-,-,-,-,-,-,-,-,-,-,-,-,-,-,-,0,-
1215,2016,Jarius Wright,WR,-,8,23.7,349,WR · 141,2.96,341,WR · 135,-,-,-,-,-,-,-,-,-,-,-,-,-,-,-,-,-,-,-,0,-
1684,2018,Jaron Brown,WR,SEA,16,60.6,251,WR · 105,3.79,317,WR · 132,28,-,0,0,0,0,0,-,0,0,-,0,-,19,14,166,11.86,5,10.4,166,5
1684,2017,Jaron Brown,WR,-,16,102.7,163,WR · 65,6.42,216,WR · 78,-,-,-,-,-,-,-,-,-,-,-,-,-,-,-,-,-,-,-,0,-
1684,2016,Jaron Brown,WR,-,7,35.7,302,WR · 128,5.10,265,WR · 106,-,-,-,-,-,-,-,-,-,-,-,-,-,-,-,-,-,-,-,0,-
11569,2025,Jarquez Hunter,RB,LAR,0,0.0,415,RB · 113,-,-,-,-,-,0,0,0,0,0,-,0,0,0,0,-,0,0,0,0,0,-,0,0
6136,2024,Jarrett Stidham,QB,DEN,3,0.5,537,QB · 73,0.17,531,QB · 72,28,-,0,0,0,0,0,-,4,5,1.25,0,1.7,0,0,0,-,0,-,5,0
6136,2023,Jarrett Stidham,QB,DEN,3,27.6,347,QB · 50,9.20,158,QB · 49,27,60.6%,40,66,496,2,1,165.3,9,8,0.89,0,2.7,0,0,0,-,0,-,504,0
6136,2022,Jarrett Stidham,QB,LV,3,45.6,286,QB · 43,15.20,49,QB · 25,26,63.9%,53,83,656,4,3,218.7,14,84,6,0,28.0,0,0,0,-,0,-,740,0
6136,2020,Jarrett Stidham,QB,NE,5,15.9,409,QB · 52,3.18,350,QB · 60,24,50.0%,22,44,256,2,3,51.2,7,7,1,0,1.4,0,0,0,-,0,-,263,0
6136,2019,Jarrett Stidham,QB,NE,3,-0.6,572,QB · 77,-0.20,572,QB · 77,23,50.0%,2,4,14,0,1,4.7,2,-2,-1,0,-0.7,0,0,0,-,0,-,12,0
1825,2022,Jarvis Landry,WR,NO,9,60.2,248,WR · 105,6.69,230,WR · 88,30,-,0,0,0,0,0,-,0,0,-,0,-,39,25,272,10.88,1,30.2,272,1
1825,2021,Jarvis Landry,WR,CLE,12,133.0,136,WR · 52,11.08,130,WR · 45,29,-,0,0,0,0,0,-,6,40,6.67,2,3.3,87,52,570,10.96,2,47.5,610,4
1825,2020,Jarvis Landry,WR,CLE,15,188.0,77,WR · 33,12.53,103,WR · 38,28,100.0%,4,4,74,1,0,4.9,4,10,2.5,1,0.7,101,72,840,11.67,3,56.0,924,4
1825,2019,Jarvis Landry,WR,CLE,16,237.4,43,WR · 12,14.84,66,WR · 22,27,-,0,0,0,0,0,-,1,10,10,0,0.6,138,83,1174,14.14,6,73.4,1184,6
1825,2018,Jarvis Landry,WR,CLE,16,217.1,52,WR · 18,13.57,78,WR · 27,26,50.0%,1,2,63,0,0,3.9,3,60,20,1,3.8,149,81,976,12.05,4,61.0,1099,5
1825,2017,Jarvis Landry,WR,-,16,260.0,23,WR · 5,16.25,30,WR · 6,-,-,-,-,-,-,-,-,-,-,-,-,-,-,-,-,-,-,-,0,-
1825,2016,Jarvis Landry,WR,-,16,231.3,43,WR · 14,14.46,55,WR · 16,-,-,-,-,-,-,-,-,-,-,-,-,-,-,-,-,-,-,-,0,-
11590,2024,Jase McClellan,RB,ATL,3,3.2,485,RB · 125,1.07,441,RB · 121,22,-,0,0,0,0,0,-,13,32,2.46,0,10.7,0,0,0,-,0,-,32,0
8194,2023,Jashaun Corbin,RB,NYG,3,4.3,483,RB · 124,1.43,433,RB · 116,23,-,0,0,0,0,0,-,1,1,1,0,0.3,3,3,12,4,0,4.0,13,0
8194,2022,Jashaun Corbin,RB,-,2,0.0,571,RB · 160,0.00,571,RB · 160,-,-,-,-,-,-,-,-,-,-,-,-,-,-,-,-,-,-,-,0,-
11311,2023,Jason Brownlee,WR,NYJ,7,16.6,396,WR · 163,2.37,369,WR · 143,24,-,0,0,0,0,0,-,0,0,-,0,-,8,5,56,11.2,1,8.0,56,1
5565,2018,Jason Cabinda,RB,-,10,0.0,543,RB · 155,0.00,543,RB · 155,-,-,-,-,-,-,-,-,-,-,-,-,-,-,-,-,-,-,-,0,-
4536,2020,Jason Croom,TE,PHI,4,7.3,473,TE · 93,1.83,426,TE · 78,26,-,0,0,0,0,0,-,0,0,-,0,-,1,1,3,3,1,0.8,3,1
4536,2019,Jason Croom,TE,-,1,0.0,496,TE · 111,0.00,495,TE · 111,-,-,-,-,-,-,-,-,-,-,-,-,-,-,-,-,-,-,-,0,-
4536,2018,Jason Croom,TE,BUF,15,49.9,275,TE · 41,3.33,329,TE · 53,24,-,0,0,0,0,0,-,0,0,-,0,-,35,22,259,11.77,1,17.3,259,2
7107,2021,Jason Huntley,RB,PHI,1,5.1,502,RB · 139,5.10,291,RB · 83,23,-,0,0,0,0,0,-,13,51,3.92,0,51.0,1,0,0,-,0,-,51,0
7107,2020,Jason Huntley,RB,PHI,5,2.9,511,RB · 143,0.58,511,RB · 138,22,-,0,0,0,0,0,-,5,19,3.8,0,3.8,2,1,0,0,0,-,19,0
6247,2022,Jason Moore Jr.,WR,LAC,1,1.5,550,WR · 211,1.50,481,WR · 182,27,-,0,0,0,0,0,-,0,0,-,0,-,2,1,5,5,0,5.0,5,0
6247,2021,Jason Moore Jr.,WR,LAC,1,8.6,462,WR · 181,8.60,185,WR · 69,26,-,0,0,0,0,0,-,0,0,-,0,-,4,3,56,18.67,0,56.0,56,0
6247,2020,Jason Moore Jr.,WR,LAC,2,0.0,560,WR · 208,0.00,560,WR · 208,25,-,0,0,0,0,0,-,0,0,-,0,-,0,0,0,-,0,-,0,0
6247,2019,Jason Moore Jr.,WR,LAC,10,6.3,423,WR · 166,0.63,436,WR · 174,24,-,0,0,0,0,0,-,0,0,-,0,-,5,2,43,21.5,0,4.3,43,0
3774,2017,Jason Vander Laan,TE,-,4,0.0,529,TE · 108,0.00,529,TE · 108,-,-,-,-,-,-,-,-,-,-,-,-,-,-,-,-,-,-,-,0,-
23,2020,Jason Witten,TE,LV,16,31.9,330,TE · 62,1.99,410,TE · 72,38,-,0,0,0,0,0,-,0,0,-,0,-,17,13,69,5.31,2,4.3,69,2
23,2019,Jason Witten,TE,DAL,16,139.9,126,TE · 11,8.74,163,TE · 14,37,-,0,0,0,0,0,-,0,0,-,0,-,83,63,529,8.4,4,33.1,529,4
23,2017,Jason Witten,TE,-,16,147.0,104,TE · 9,9.19,145,TE · 10,-,-,-,-,-,-,-,-,-,-,-,-,-,-,-,-,-,-,-,0,-
23,2016,Jason Witten,TE,-,16,152.3,115,TE · 11,9.52,154,TE · 16,-,-,-,-,-,-,-,-,-,-,-,-,-,-,-,-,-,-,-,0,-
7049,2025,Jauan Jennings,WR,SF,15,173.3,94,WR · 33,11.55,111,WR · 35,-,-,0,0,0,0,0,-,0,0,0,0,-,90,55,643,11.7,9,42.9,643,9
7049,2024,Jauan Jennings,WR,SF,15,210.5,66,WR · 24,14.03,80,WR · 28,27,-,0,0,0,0,0,-,0,0,-,0,-,113,77,975,12.66,6,65.0,975,6
7049,2023,Jauan Jennings,WR,SF,13,51.5,262,WR · 110,3.96,279,WR · 105,26,-,0,0,0,0,0,-,0,0,-,0,-,33,19,265,13.95,1,20.4,265,1
7049,2022,Jauan Jennings,WR,SF,16,82.6,212,WR · 90,5.16,277,WR · 107,25,-,0,0,0,0,0,-,0,0,-,0,-,56,35,416,11.89,1,26.0,416,1
7049,2021,Jauan Jennings,WR,SF,13,82.2,213,WR · 90,6.32,249,WR · 101,24,-,0,0,0,0,0,-,0,0,-,0,-,38,24,282,11.75,5,21.7,282,5
11645,2025,Javon Baker,WR,PHI,0,0.0,415,WR · 168,-,-,-,-,-,0,0,0,0,0,-,0,0,0,0,-,0,0,0,0,0,-,0,0
11645,2024,Javon Baker,WR,NE,10,2.2,501,WR · 202,0.22,526,WR · 209,22,-,0,0,0,0,0,-,0,0,-,0,-,4,1,12,12,0,1.2,12,0
6966,2020,Javon Leake,RB,WAS,1,0.0,560,RB · 158,0.00,560,RB · 158,22,-,0,0,0,0,0,-,0,0,-,0,-,0,0,0,-,0,-,0,0
5111,2020,Javon Wims,WR,CHI,13,17.0,401,WR · 160,1.31,452,WR · 179,26,-,0,0,0,0,0,-,1,2,2,0,0.2,12,6,48,8,1,3.7,50,1
5111,2019,Javon Wims,WR,CHI,16,42.6,273,WR · 113,2.66,329,WR · 134,25,-,0,0,0,0,0,-,0,0,-,0,-,39,18,186,10.33,1,11.6,186,1
5111,2018,Javon Wims,WR,CHI,4,7.2,450,WR · 176,1.80,399,WR · 165,24,-,0,0,0,0,0,-,0,0,-,0,-,5,4,32,8,0,8.0,32,0
7588,2025,Javonte Williams,RB,DAL,16,242.8,34,RB · 12,15.18,47,RB · 13,-,-,0,0,0,0,0,-,252,1201,4.77,11,75.1,51,35,137,3.9,2,8.6,1338,13
7588,2024,Javonte Williams,RB,DEN,17,157.9,108,RB · 30,9.29,159,RB · 38,24,-,0,0,0,0,0,-,139,513,3.69,4,30.2,70,52,346,6.65,0,20.4,859,4
7588,2023,Javonte Williams,RB,DEN,16,179.2,94,RB · 29,11.20,121,RB · 33,23,-,0,0,0,0,0,-,217,774,3.57,3,48.4,58,47,228,4.85,2,14.3,1002,5
7588,2022,Javonte Williams,RB,DEN,4,42.0,299,RB · 82,10.50,130,RB · 31,22,-,0,0,0,0,0,-,47,204,4.34,0,51.0,22,16,76,4.75,0,19.0,280,0
7588,2021,Javonte Williams,RB,DEN,17,204.9,69,RB · 17,12.05,110,RB · 26,21,-,0,0,0,0,0,-,203,903,4.45,4,53.1,53,43,316,7.35,3,18.6,1219,7
2430,2018,Javorius Allen,RB,BAL,14,93.6,183,RB · 53,6.69,217,RB · 64,27,-,0,0,0,0,0,-,41,110,2.68,3,7.9,43,35,196,5.6,2,14.0,306,5
2430,2017,Javorius Allen,RB,-,16,166.1,87,RB · 23,10.38,120,RB · 30,-,-,-,-,-,-,-,-,-,-,-,-,-,-,-,-,-,-,-,0,-
2430,2016,Javorius Allen,RB,-,8,7.9,440,RB · 129,0.99,445,RB · 131,-,-,-,-,-,-,-,-,-,-,-,-,-,-,-,-,-,-,-,0,-
9488,2025,Jaxon Smith-Njigba,WR,SEA,17,359.9,8,WR · 2,21.17,10,WR · 3,-,-,0,0,0,0,0,-,7,36,5.14,0,2.1,163,119,1793,15.1,10,105.5,1829,10
9488,2024,Jaxon Smith-Njigba,WR,SEA,17,253.0,37,WR · 9,14.88,66,WR · 20,22,100.0%,1,1,35,0,0,2.1,5,26,5.2,0,1.5,137,100,1130,11.3,6,66.5,1191,6
9488,2023,Jaxon Smith-Njigba,WR,SEA,17,149.8,120,WR · 48,8.81,167,WR · 60,21,-,0,0,0,0,0,-,0,0,-,0,-,93,63,628,9.97,4,36.9,628,4
12508,2025,Jaxson Dart,QB,NYG,14,246.6,31,QB · 14,17.61,28,QB · 15,-,63.7%,216,339,2272,15,5,162.3,86,487,5.66,9,34.8,0,0,0,0,0,-,2759,9
2452,2019,Jay Ajayi,RB,PHI,4,3.0,458,RB · 121,0.75,426,RB · 111,26,-,0,0,0,0,0,-,10,30,3,0,7.5,1,0,0,-,0,-,30,0
2452,2018,Jay Ajayi,RB,PHI,4,43.4,294,RB · 83,10.85,122,RB · 33,25,-,0,0,0,0,0,-,45,184,4.09,3,46.0,6,5,20,4,0,5.0,204,3
2452,2017,Jay Ajayi,RB,-,14,135.1,121,RB · 36,9.65,137,RB · 36,-,-,-,-,-,-,-,-,-,-,-,-,-,-,-,-,-,-,-,0,-
2452,2016,Jay Ajayi,RB,-,15,215.3,53,RB · 11,14.35,57,RB · 16,-,-,-,-,-,-,-,-,-,-,-,-,-,-,-,-,-,-,-,0,-
11566,2025,Jayden Daniels,QB,WAS,7,117.3,152,QB · 34,16.75,34,QB · 18,-,60.6%,114,188,1262,8,3,180.3,58,278,4.79,2,39.7,0,0,0,0,0,-,1540,2
11566,2024,Jayden Daniels,QB,WAS,17,364.8,6,QB · 5,21.46,7,QB · 5,24,69.0%,331,480,3568,25,9,209.9,148,891,6.02,6,52.4,0,0,0,-,0,-,4459,6
12484,2025,Jayden Higgins,WR,HOU,17,129.5,131,WR · 47,7.62,186,WR · 64,-,-,0,0,0,0,0,-,0,0,0,0,-,68,41,525,12.8,6,30.9,525,6
10222,2025,Jayden Reed,WR,GB,7,48.5,278,WR · 113,6.93,203,WR · 72,-,-,0,0,0,0,0,-,3,28,9.33,0,4.0,22,19,207,10.9,1,29.6,235,1
10222,2024,Jayden Reed,WR,GB,17,197.0,76,WR · 29,11.59,117,WR · 43,24,-,0,0,0,0,0,-,20,163,8.15,1,9.6,75,55,857,15.58,6,50.4,1020,7
10222,2023,Jayden Reed,WR,GB,16,217.2,62,WR · 25,13.58,80,WR · 27,23,-,0,0,0,0,0,-,11,119,10.82,2,7.4,94,64,793,12.39,8,49.6,912,10
12457,2025,Jaydon Blue,RB,DAL,5,20.4,340,RB · 84,4.08,281,RB · 78,-,-,0,0,0,0,0,-,38,129,3.39,1,25.8,1,1,5,5,0,1.0,134,1
3852,2021,Jaydon Mickens,WR,2TM,12,3.0,536,WR · 211,0.25,569,WR · 221,27,-,0,0,0,0,0,-,0,0,-,0,-,3,2,10,5,0,0.8,10,0
3852,2020,Jaydon Mickens,WR,TB,10,12.8,428,WR · 168,1.28,454,WR · 180,26,-,0,0,0,0,0,-,0,0,-,0,-,10,7,58,8.29,0,5.8,58,0
3852,2019,Jaydon Mickens,WR,TB,1,0.0,496,WR · 189,0.00,495,WR · 188,25,-,0,0,0,0,0,-,0,0,-,0,-,0,0,0,-,0,-,0,0
3852,2018,Jaydon Mickens,WR,JAX,6,0.0,543,WR · 206,0.00,543,WR · 206,24,-,0,0,0,0,0,-,0,0,-,0,-,0,0,0,-,0,-,0,0
3852,2017,Jaydon Mickens,WR,-,10,21.7,349,WR · 134,2.17,365,WR · 142,-,-,-,-,-,-,-,-,-,-,-,-,-,-,-,-,-,-,-,0,-
11874,2024,Jaylen Johnson,WR,LAC,1,0.0,544,WR · 215,0.00,544,WR · 215,24,-,0,0,0,0,0,-,0,0,-,0,-,0,0,0,-,0,-,0,0
5107,2021,Jaylen Samuels,RB,HOU,3,5.3,501,RB · 138,1.77,471,RB · 133,25,-,0,0,0,0,0,-,5,9,1.8,0,3.0,4,3,14,4.67,0,4.7,23,0
5107,2020,Jaylen Samuels,RB,PIT,14,16.4,404,RB · 114,1.17,464,RB · 125,24,-,0,0,0,0,0,-,9,28,3.11,0,2.0,14,9,46,5.11,0,3.3,74,0
5107,2019,Jaylen Samuels,RB,PIT,14,105.4,160,RB · 44,7.53,184,RB · 50,23,80.0%,4,5,35,0,1,2.5,66,175,2.65,1,12.5,57,47,305,6.49,1,21.8,515,2
5107,2018,Jaylen Samuels,RB,PIT,14,89.5,189,RB · 56,6.39,226,RB · 66,22,-,0,0,0,0,0,-,56,256,4.57,0,18.3,29,26,199,7.65,3,14.2,455,3
7526,2025,Jaylen Waddle,WR,MIA,16,194.1,68,WR · 24,12.13,96,WR · 30,-,100.0%,1,1,8,0,0,0.5,2,28,14,0,1.8,100,64,910,14.2,6,56.9,946,6
7526,2024,Jaylen Waddle,WR,MIA,16,149.6,114,WR · 46,9.35,158,WR · 56,26,-,0,0,0,0,0,-,4,12,3,0,0.8,83,58,744,12.83,2,46.5,756,2
7526,2023,Jaylen Waddle,WR,MIA,14,198.6,81,WR · 34,14.19,70,WR · 22,25,-,0,0,0,0,0,-,3,12,4,0,0.9,104,72,1014,14.08,4,72.4,1026,4
7526,2022,Jaylen Waddle,WR,MIA,17,259.2,27,WR · 8,15.25,47,WR · 13,24,-,0,0,0,0,0,-,3,26,8.67,0,1.5,117,75,1356,18.08,8,79.8,1382,8
7526,2021,Jaylen Waddle,WR,MIA,16,245.8,38,WR · 13,15.36,52,WR · 17,23,-,0,0,0,0,0,-,2,3,1.5,1,0.2,140,104,1015,9.76,6,63.4,1018,7
8228,2025,Jaylen Warren,RB,PIT,16,217.1,52,RB · 17,13.57,73,RB · 20,-,-,0,0,0,0,0,-,211,958,4.54,6,59.9,45,40,333,8.3,2,20.8,1291,8
8228,2024,Jaylen Warren,RB,PIT,15,124.1,146,RB · 39,8.27,180,RB · 43,26,-,0,0,0,0,0,-,120,511,4.26,1,34.1,47,38,310,8.16,0,20.7,821,1
8228,2023,Jaylen Warren,RB,PIT,17,196.4,83,RB · 22,11.55,116,RB · 30,25,-,0,0,0,0,0,-,149,784,5.26,4,46.1,74,61,370,6.07,0,21.8,1154,4
8228,2022,Jaylen Warren,RB,PIT,16,93.3,184,RB · 47,5.83,253,RB · 66,24,-,0,0,0,0,0,-,77,379,4.92,1,23.7,33,28,214,7.64,0,13.4,593,1
11643,2025,Jaylen Wright,RB,MIA,10,48.2,279,RB · 69,4.82,256,RB · 69,-,-,0,0,0,0,0,-,70,288,4.11,2,28.8,9,5,44,8.8,0,4.4,332,2
11643,2024,Jaylen Wright,RB,MIA,15,26.7,341,RB · 94,1.78,383,RB · 106,21,-,0,0,0,0,0,-,68,249,3.66,0,16.6,6,3,8,2.67,0,0.5,257,0
12641,2025,Jaylin Lane,WR,WAS,15,49.2,275,WR · 111,3.28,318,WR · 125,-,-,0,0,0,0,0,-,1,7,7,0,0.5,32,16,225,14.1,0,15.0,232,0
12536,2025,Jaylin Noel,WR,HOU,17,68.4,232,WR · 91,4.02,282,WR · 110,-,-,0,0,0,0,0,-,6,12,2,0,0.7,35,26,292,11.2,2,17.2,304,2
5275,2020,Jeff Badet,WR,WAS,3,0.0,560,WR · 208,0.00,560,WR · 208,26,-,0,0,0,0,0,-,0,0,-,0,-,1,0,0,-,0,-,0,0
3362,2024,Jeff Driskel,QB,WAS,2,0.0,544,QB · 76,0.00,544,QB · 76,31,-,0,0,0,0,0,-,0,0,-,0,-,0,0,0,-,0,-,0,0
3362,2023,Jeff Driskel,QB,CLE,1,15.9,400,QB · 60,15.90,47,QB · 24,30,50.0%,13,26,166,2,2,166.0,7,33,4.71,0,33.0,0,0,0,-,0,-,199,0
3362,2022,Jeff Driskel,QB,HOU,7,17.2,407,QB · 61,2.46,424,QB · 73,29,70.0%,14,20,108,1,0,15.4,20,75,3.75,0,10.7,1,1,4,4,0,0.6,187,0
3362,2020,Jeff Driskel,QB,DEN,3,32.1,329,QB · 45,10.70,141,QB · 45,27,54.7%,35,64,432,3,2,144.0,6,28,4.67,0,9.3,0,0,0,-,0,-,460,0
3362,2019,Jeff Driskel,QB,DET,4,62.1,234,QB · 37,15.53,53,QB · 27,26,59.0%,62,105,685,4,4,171.3,22,151,6.86,1,37.8,1,1,6,6,0,1.5,842,1
3362,2018,Jeff Driskel,QB,CIN,9,85.1,200,QB · 35,9.46,151,QB · 42,25,59.7%,105,176,1003,6,2,111.4,25,130,5.2,2,14.4,0,0,0,-,0,-,1133,2
2397,2018,Jeff Heuerman,TE,DEN,11,71.1,227,TE · 31,6.46,224,TE · 24,26,-,0,0,0,0,0,-,0,0,-,0,-,48,31,281,9.06,2,25.5,281,2
2397,2017,Jeff Heuerman,TE,-,14,35.2,305,TE · 55,2.51,357,TE · 60,-,-,-,-,-,-,-,-,-,-,-,-,-,-,-,-,-,-,-,0,-
2397,2016,Jeff Heuerman,TE,-,12,23.1,352,TE · 67,1.93,390,TE · 70,-,-,-,-,-,-,-,-,-,-,-,-,-,-,-,-,-,-,-,0,-
6557,2022,Jeff Smith,WR,NYJ,7,21.4,378,WR · 147,3.06,387,WR · 147,25,-,0,0,0,0,0,-,0,0,-,0,-,11,8,134,16.75,0,19.1,134,0
6557,2021,Jeff Smith,WR,NYJ,9,19.2,390,WR · 156,2.13,449,WR · 176,24,-,0,0,0,0,0,-,1,-1,-1,0,-0.1,17,8,113,14.13,0,12.6,112,0
6557,2020,Jeff Smith,WR,NYJ,12,33.7,323,WR · 134,2.81,361,WR · 143,23,-,0,0,0,0,0,-,0,0,-,0,-,37,17,167,9.82,0,13.9,167,0
6557,2019,Jeff Smith,WR,NYJ,1,2.2,461,WR · 183,2.20,353,WR · 140,22,-,0,0,0,0,0,-,0,0,-,0,-,2,1,12,12,0,12.0,12,0
5284,2024,Jeff Wilson Jr.,RB,MIA,9,10.6,426,RB · 109,1.18,434,RB · 118,29,-,0,0,0,0,0,-,16,57,3.56,0,6.3,3,3,19,6.33,0,2.1,76,0
5284,2023,Jeff Wilson Jr.,RB,MIA,10,41.3,288,RB · 73,4.13,273,RB · 74,28,-,0,0,0,0,0,-,41,188,4.59,0,18.8,17,14,85,6.07,0,8.5,273,0
5284,2022,Jeff Wilson Jr.,RB,2TM,16,158.5,106,RB · 30,9.91,142,RB · 37,27,-,0,0,0,0,0,-,176,860,4.89,5,53.8,37,22,185,8.41,1,11.6,1045,6
5284,2021,Jeff Wilson Jr.,RB,SF,9,51.5,282,RB · 76,5.72,270,RB · 75,26,-,0,0,0,0,0,-,79,294,3.72,2,32.7,8,7,31,4.43,0,3.4,325,2
5284,2020,Jeff Wilson Jr.,RB,SF,12,142.3,128,RB · 31,11.86,114,RB · 31,25,-,0,0,0,0,0,-,126,600,4.76,7,50.0,28,13,133,10.23,3,11.1,733,10
5284,2019,Jeff Wilson Jr.,RB,SF,11,46.9,265,RB · 76,4.26,275,RB · 74,24,-,0,0,0,0,0,-,27,105,3.89,4,9.5,5,3,34,11.33,1,3.1,139,5
5284,2018,Jeff Wilson Jr.,RB,SF,6,44.4,290,RB · 82,7.40,196,RB · 54,23,-,0,0,0,0,0,-,66,266,4.03,0,44.3,15,12,98,8.17,0,16.3,364,0
4169,2018,Jehu Chesson,WR,WAS,12,1.3,529,WR · 204,0.11,539,WR · 203,25,-,0,0,0,0,0,-,1,-4,-4,0,-0.3,2,1,7,7,0,0.6,3,0
4169,2017,Jehu Chesson,WR,-,12,3.8,484,WR · 181,0.32,502,WR · 191,-,-,-,-,-,-,-,-,-,-,-,-,-,-,-,-,-,-,-,0,-
8219,2025,Jelani Woods,TE,NYJ,4,3.4,399,TE · 72,0.85,387,TE · 71,-,-,0,0,0,0,0,-,0,0,0,0,-,3,1,4,4,0,1.0,4,0
8219,2022,Jelani Woods,TE,IND,12,74.2,224,TE · 35,6.18,247,TE · 31,24,-,0,0,0,0,0,-,0,0,-,0,-,40,25,312,12.48,3,26.0,312,3
3340,2019,Jerell Adams,TE,HOU,1,0.0,496,TE · 111,0.00,495,TE · 111,27,-,0,0,0,0,0,-,0,0,-,0,-,0,0,0,-,0,-,0,0
3340,2017,Jerell Adams,TE,-,16,17.2,371,TE · 76,1.08,431,TE · 86,-,-,-,-,-,-,-,-,-,-,-,-,-,-,-,-,-,-,-,0,-
3340,2016,Jerell Adams,TE,-,13,34.2,313,TE · 56,2.63,361,TE · 60,-,-,-,-,-,-,-,-,-,-,-,-,-,-,-,-,-,-,-,0,-
6246,2020,Jeremy Cox,RB,DEN,7,0.0,560,RB · 158,0.00,560,RB · 158,24,-,0,0,0,0,0,-,0,0,-,0,-,0,0,0,-,0,-,0,0
4219,2025,Jeremy McNichols,RB,WAS,17,72.7,222,RB · 58,4.28,275,RB · 76,-,-,0,0,0,0,0,-,44,221,5.02,1,13.0,31,25,196,7.8,0,11.5,417,1
4219,2024,Jeremy McNichols,RB,WAS,17,63.8,241,RB · 59,3.75,290,RB · 72,29,-,0,0,0,0,0,-,55,261,4.75,4,15.4,12,9,27,3,0,1.6,288,4
4219,2023,Jeremy McNichols,RB,SF,2,0.0,537,RB · 145,0.00,537,RB · 145,28,-,0,0,0,0,0,-,0,0,-,0,-,0,0,0,-,0,-,0,0
4219,2021,Jeremy McNichols,RB,TEN,13,73.6,234,RB · 65,5.66,272,RB · 76,26,-,0,0,0,0,0,-,41,156,3.8,0,12.0,38,28,240,8.57,1,18.5,396,1
4219,2020,Jeremy McNichols,RB,TEN,16,43.9,296,RB · 78,2.74,367,RB · 101,25,-,0,0,0,0,0,-,47,204,4.34,1,12.8,17,12,55,4.58,0,3.4,259,1
4219,2019,Jeremy McNichols,RB,JAX,1,0.0,496,RB · 136,0.00,495,RB · 136,24,-,0,0,0,0,0,-,0,0,-,0,-,0,0,0,-,0,-,0,0
4219,2018,Jeremy McNichols,RB,IND,1,0.4,539,RB · 153,0.40,500,RB · 139,23,-,0,0,0,0,0,-,2,4,2,0,4.0,0,0,0,-,0,-,4,0
4219,2017,Jeremy McNichols,RB,-,2,0.0,529,RB · 157,0.00,529,RB · 157,-,-,-,-,-,-,-,-,-,-,-,-,-,-,-,-,-,-,-,0,-
8145,2025,Jeremy Ruckert,TE,NYJ,17,46.9,283,TE · 54,2.76,333,TE · 58,-,-,0,0,0,0,0,-,0,0,0,0,-,29,23,179,7.8,1,10.5,179,1
8145,2024,Jeremy Ruckert,TE,NYJ,17,28.5,334,TE · 62,1.68,394,TE · 67,24,-,0,0,0,0,0,-,0,0,-,0,-,28,18,105,5.83,0,6.2,105,0
8145,2023,Jeremy Ruckert,TE,NYJ,12,31.1,332,TE · 64,2.59,353,TE · 63,23,-,0,0,0,0,0,-,0,0,-,0,-,22,16,151,9.44,0,12.6,151,0
8145,2022,Jeremy Ruckert,TE,NYJ,2,1.8,539,TE · 111,0.90,516,TE · 105,22,-,0,0,0,0,0,-,0,0,-,0,-,2,1,8,8,0,4.0,8,0
4221,2021,Jeremy Sprinkle,TE,DAL,6,6.1,489,TE · 100,1.02,516,TE · 106,27,-,0,0,0,0,0,-,0,0,-,0,-,3,3,31,10.33,0,5.2,31,0
4221,2020,Jeremy Sprinkle,TE,WAS,16,1.6,540,TE · 112,0.10,556,TE · 117,26,-,0,0,0,0,0,-,0,0,-,0,-,3,1,6,6,0,0.4,6,0
4221,2019,Jeremy Sprinkle,TE,WAS,16,56.1,247,TE · 43,3.51,299,TE · 50,25,-,0,0,0,0,0,-,0,0,-,0,-,40,26,241,9.27,1,15.1,241,1
4221,2018,Jeremy Sprinkle,TE,WAS,16,15.1,394,TE · 83,0.94,456,TE · 95,24,-,0,0,0,0,0,-,0,0,-,0,-,9,5,41,8.2,1,2.6,41,1
4221,2017,Jeremy Sprinkle,TE,-,11,9.3,432,TE · 88,0.85,456,TE · 92,-,-,-,-,-,-,-,-,-,-,-,-,-,-,-,-,-,-,-,0,-
2161,2023,Jerick McKinnon,RB,KC,12,84.4,197,RB · 53,7.03,199,RB · 49,31,100.0%,1,1,4,1,0,0.3,21,60,2.86,1,5.0,32,25,192,7.68,4,16.0,256,5
2161,2022,Jerick McKinnon,RB,KC,17,196.3,70,RB · 20,11.55,109,RB · 26,30,-,0,0,0,0,0,-,72,291,4.04,1,17.1,71,56,512,9.14,9,30.1,803,10
2161,2021,Jerick McKinnon,RB,KC,9,35.9,328,RB · 91,3.99,352,RB · 98,29,-,0,0,0,0,0,-,12,62,5.17,0,6.9,20,13,107,8.23,1,11.9,169,1
2161,2020,Jerick McKinnon,RB,SF,16,126.2,151,RB · 38,7.89,205,RB · 52,28,-,0,0,0,0,0,-,81,319,3.94,5,19.9,46,33,253,7.67,1,15.8,572,6
2161,2017,Jerick McKinnon,RB,-,16,178.1,68,RB · 17,11.13,105,RB · 26,-,-,-,-,-,-,-,-,-,-,-,-,-,-,-,-,-,-,-,0,-
2161,2016,Jerick McKinnon,RB,-,15,148.4,117,RB · 27,9.89,148,RB · 39,-,-,-,-,-,-,-,-,-,-,-,-,-,-,-,-,-,-,-,0,-
11640,2025,Jermaine Burton,WR,CIN,0,0.0,415,WR · 168,-,-,-,-,-,0,0,0,0,0,-,0,0,0,0,-,0,0,0,0,0,-,0,0
11640,2024,Jermaine Burton,WR,CIN,14,14.7,390,WR · 153,1.05,443,WR · 177,23,-,0,0,0,0,0,-,0,0,-,0,-,14,4,107,26.75,0,7.6,107,0
11897,2024,Jermaine Jackson,WR,NO,4,-0.1,637,WR · 253,-0.03,637,WR · 253,24,-,0,0,0,0,0,-,1,-1,-1,0,-0.3,0,0,0,-,0,-,-1,0
1290,2018,Jermaine Kearse,WR,NYJ,14,80.1,209,WR · 88,5.72,246,WR · 102,28,-,0,0,0,0,0,-,0,0,-,0,-,76,37,371,10.03,1,26.5,371,1
1290,2017,Jermaine Kearse,WR,-,16,176.0,70,WR · 26,11.00,106,WR · 37,-,-,-,-,-,-,-,-,-,-,-,-,-,-,-,-,-,-,-,0,-
1290,2016,Jermaine Kearse,WR,-,16,98.0,182,WR · 79,6.13,235,WR · 91,-,-,-,-,-,-,-,-,-,-,-,-,-,-,-,-,-,-,-,0,-
7599,2024,Jermar Jefferson,RB,DET,2,4.2,475,RB · 121,2.10,366,RB · 99,24,-,0,0,0,0,0,-,6,22,3.67,0,11.0,1,1,10,10,0,5.0,32,0
7599,2022,Jermar Jefferson,RB,-,1,0.0,571,RB · 160,0.00,571,RB · 160,-,-,-,-,-,-,-,-,-,-,-,-,-,-,-,-,-,-,-,0,-
7599,2021,Jermar Jefferson,RB,DET,5,25.7,362,RB · 102,5.14,290,RB · 82,21,-,0,0,0,0,0,-,15,74,4.93,2,14.8,5,4,23,5.75,0,4.6,97,2
2304,2018,Jerome Cunningham,TE,DET,3,0.0,543,TE · 118,0.00,543,TE · 118,27,-,0,0,0,0,0,-,0,0,-,0,-,1,0,0,-,0,-,0,0
8143,2025,Jerome Ford,RB,CLE,13,43.6,288,RB · 71,3.35,315,RB · 86,-,-,0,0,0,0,0,-,24,73,3.04,0,5.6,32,26,103,4,0,7.9,176,0
8143,2024,Jerome Ford,RB,CLE,14,134.0,131,RB · 33,9.57,154,RB · 36,25,-,0,0,0,0,0,-,104,565,5.43,3,40.4,43,37,225,6.08,0,16.1,790,3
8143,2023,Jerome Ford,RB,CLE,17,211.2,66,RB · 16,12.42,101,RB · 25,24,-,0,0,0,0,0,-,204,813,3.99,4,47.8,63,44,319,7.25,5,18.8,1132,9
8143,2022,Jerome Ford,RB,CLE,13,1.2,558,RB · 154,0.09,570,RB · 159,23,-,0,0,0,0,0,-,8,12,1.5,0,0.9,0,0,0,-,0,-,12,0
6783,2025,Jerry Jeudy,WR,CLE,17,120.7,147,WR · 52,7.10,199,WR · 70,-,-,0,0,0,0,0,-,1,5,5,0,0.3,106,50,602,12,2,35.4,607,2
6783,2024,Jerry Jeudy,WR,CLE,17,240.9,46,WR · 12,14.17,76,WR · 24,25,-,0,0,0,0,0,-,0,0,-,0,-,145,90,1229,13.66,4,72.3,1229,4
6783,2023,Jerry Jeudy,WR,DEN,16,141.8,124,WR · 50,8.86,166,WR · 59,24,-,0,0,0,0,0,-,0,0,-,0,-,87,54,758,14.04,2,47.4,758,2
6783,2022,Jerry Jeudy,WR,DEN,15,204.2,61,WR · 22,13.61,69,WR · 21,23,-,0,0,0,0,0,-,4,40,10,0,2.7,100,67,972,14.51,6,64.8,1012,6
6783,2021,Jerry Jeudy,WR,DEN,10,85.0,207,WR · 85,8.50,190,WR · 72,22,-,0,0,0,0,0,-,2,3,1.5,0,0.3,56,38,467,12.29,0,46.7,470,0
6783,2020,Jerry Jeudy,WR,DEN,16,157.6,110,WR · 45,9.85,155,WR · 59,21,-,0,0,0,0,0,-,0,0,-,0,-,113,52,856,16.46,3,53.5,856,3
6075,2023,Jesper Horsted,TE,LV,5,1.4,522,TE · 110,0.28,520,TE · 107,26,-,0,0,0,0,0,-,0,0,-,0,-,1,1,4,4,0,0.8,4,0
6075,2022,Jesper Horsted,TE,LV,5,4.9,501,TE · 104,0.98,514,TE · 104,25,-,0,0,0,0,0,-,0,0,-,0,-,4,3,19,6.33,0,3.8,19,0
6075,2021,Jesper Horsted,TE,CHI,4,16.1,410,TE · 79,4.03,348,TE · 56,24,-,0,0,0,0,0,-,0,0,-,0,-,3,2,21,10.5,2,5.3,21,2
6075,2019,Jesper Horsted,TE,CHI,6,20.7,347,TE · 69,3.45,301,TE · 51,22,-,0,0,0,0,0,-,0,0,-,0,-,10,8,87,10.88,1,14.5,87,1
2463,2021,Jesse James,TE,CHI,5,19.2,390,TE · 73,3.84,359,TE · 61,27,-,0,0,0,0,0,-,0,0,-,0,-,8,7,62,8.86,1,12.4,62,1
2463,2020,Jesse James,TE,DET,16,38.9,309,TE · 56,2.43,381,TE · 66,26,-,0,0,0,0,0,-,0,0,-,0,-,22,14,129,9.21,2,8.1,129,2
2463,2019,Jesse James,TE,DET,16,30.2,317,TE · 57,1.89,367,TE · 73,25,-,0,0,0,0,0,-,0,0,-,0,-,27,16,142,8.88,0,8.9,142,0
2463,2018,Jesse James,TE,PIT,16,84.3,202,TE · 23,5.27,262,TE · 32,24,-,0,0,0,0,0,-,0,0,-,0,-,39,30,423,14.1,2,26.4,423,2
2463,2017,Jesse James,TE,-,16,98.2,169,TE · 22,6.14,225,TE · 26,-,-,-,-,-,-,-,-,-,-,-,-,-,-,-,-,-,-,-,0,-
2463,2016,Jesse James,TE,-,16,90.8,193,TE · 28,5.68,251,TE · 35,-,-,-,-,-,-,-,-,-,-,-,-,-,-,-,-,-,-,-,0,-
11808,2024,Jha'Quan Jackson,WR,TEN,12,-2.7,645,WR · 256,-0.23,642,WR · 255,24,-,0,0,0,0,0,-,1,-5,-5,0,-0.4,3,1,8,8,0,0.7,3,0
1837,2025,Jimmy Garoppolo,QB,LAR,3,-1.0,460,QB · 68,-0.33,418,QB · 61,-,-,0,0,0,0,0,-,9,-10,-1.11,0,-3.3,0,0,0,0,0,-,-10,0
1837,2024,Jimmy Garoppolo,QB,LAR,1,20.9,361,QB · 53,20.90,10,QB · 7,33,65.9%,27,41,334,2,1,334.0,2,5,2.5,0,5.0,0,0,0,-,0,-,339,0
1837,2023,Jimmy Garoppolo,QB,LV,7,73.1,216,QB · 41,10.44,133,QB · 43,32,65.1%,110,169,1205,7,9,172.1,20,39,1.95,0,5.6,0,0,0,-,0,-,1244,0
1837,2022,Jimmy Garoppolo,QB,SF,11,168.8,91,QB · 25,15.35,46,QB · 23,31,67.2%,207,308,2437,16,4,221.5,23,33,1.43,2,3.0,0,0,0,-,0,-,2470,2
1837,2021,Jimmy Garoppolo,QB,SF,15,239.5,42,QB · 17,15.97,42,QB · 17,30,68.3%,301,441,3810,20,12,254.0,38,51,1.34,3,3.4,0,0,0,-,0,-,3861,3
1837,2020,Jimmy Garoppolo,QB,SF,6,69.3,236,QB · 38,11.55,120,QB · 40,29,67.1%,94,140,1096,7,5,182.7,10,25,2.5,0,4.2,0,0,0,-,0,-,1121,0
1837,2019,Jimmy Garoppolo,QB,SF,16,260.3,26,QB · 14,16.27,39,QB · 22,28,69.1%,329,476,3978,27,13,248.6,46,62,1.35,1,3.9,0,0,0,-,0,-,4040,1
1837,2018,Jimmy Garoppolo,QB,SF,3,47.9,279,QB · 40,15.97,53,QB · 22,27,59.6%,53,89,718,5,3,239.3,8,33,4.13,0,11.0,0,0,0,-,0,-,751,0
1837,2017,Jimmy Garoppolo,QB,-,6,87.9,187,QB · 34,14.65,44,QB · 20,-,-,-,-,-,-,-,-,-,-,-,-,-,-,-,-,-,-,-,0,-
1837,2016,Jimmy Garoppolo,QB,-,6,36.0,297,QB · 40,6.00,240,QB · 44,-,-,-,-,-,-,-,-,-,-,-,-,-,-,-,-,-,-,-,0,-
616,2023,Jimmy Graham,TE,NO,11,33.9,322,TE · 61,3.08,320,TE · 51,37,-,0,0,0,0,0,-,0,0,-,0,-,7,6,39,6.5,4,3.5,39,4
616,2021,Jimmy Graham,TE,CHI,11,50.7,286,TE · 49,4.61,315,TE · 43,35,-,0,0,0,0,0,-,0,0,-,0,-,23,14,167,11.93,3,15.2,167,3
616,2020,Jimmy Graham,TE,CHI,16,143.6,125,TE · 14,8.98,174,TE · 20,34,-,0,0,0,0,0,-,0,0,-,0,-,76,50,456,9.12,8,28.5,456,8
616,2019,Jimmy Graham,TE,GB,16,100.7,170,TE · 22,6.29,215,TE · 31,33,-,0,0,0,0,0,-,0,0,-,0,-,60,38,447,11.76,3,27.9,447,3
616,2018,Jimmy Graham,TE,GB,16,130.6,138,TE · 12,8.16,187,TE · 20,32,-,0,0,0,0,0,-,0,0,-,0,-,89,55,636,11.56,2,39.8,636,2
616,2017,Jimmy Graham,TE,-,16,171.0,81,TE · 6,10.69,113,TE · 7,-,-,-,-,-,-,-,-,-,-,-,-,-,-,-,-,-,-,-,0,-
616,2016,Jimmy Graham,TE,-,16,189.3,83,TE · 4,11.83,108,TE · 10,-,-,-,-,-,-,-,-,-,-,-,-,-,-,-,-,-,-,-,0,-
12523,2025,Jimmy Horn,WR,CAR,13,28.7,320,WR · 131,2.21,347,WR · 140,-,-,0,0,0,0,0,-,8,69,8.63,0,5.3,15,11,108,9.8,0,8.3,177,0
6665,2024,Jody Fortson Jr.,TE,KC,3,1.5,520,TE · 110,0.50,499,TE · 99,29,-,0,0,0,0,0,-,0,0,-,0,-,3,1,5,5,0,1.7,5,0
6665,2022,Jody Fortson Jr.,TE,KC,10,29.8,342,TE · 64,2.98,391,TE · 70,27,-,0,0,0,0,0,-,0,0,-,0,-,13,9,108,12,2,10.8,108,2
6665,2021,Jody Fortson Jr.,TE,KC,4,21.7,376,TE · 68,5.43,278,TE · 36,26,-,0,0,0,0,0,-,0,0,-,0,-,5,5,47,9.4,2,11.8,47,2
6770,2025,Joe Burrow,QB,CIN,8,139.5,117,QB · 29,17.43,29,QB · 16,-,66.8%,173,259,1809,17,5,226.1,14,41,2.93,0,5.1,0,0,0,0,0,-,1850,0
6770,2024,Joe Burrow,QB,CIN,17,381.8,4,QB · 3,22.46,4,QB · 3,28,70.6%,460,652,4918,43,9,289.3,42,201,4.79,2,11.8,0,0,0,-,0,-,5119,2
6770,2023,Joe Burrow,QB,CIN,10,153.2,112,QB · 25,15.32,56,QB · 26,27,66.8%,244,365,2309,15,6,230.9,31,88,2.84,0,8.8,0,0,0,-,0,-,2397,0
6770,2022,Joe Burrow,QB,CIN,17,369.0,5,QB · 4,21.71,6,QB · 4,26,68.3%,414,606,4475,35,12,263.2,75,257,3.43,5,15.1,0,0,0,-,0,-,4732,5
6770,2021,Joe Burrow,QB,CIN,16,328.2,14,QB · 8,20.51,16,QB · 10,25,70.4%,366,520,4611,34,14,288.2,40,118,2.95,2,7.4,0,0,0,-,0,-,4729,2
6770,2020,Joe Burrow,QB,CIN,10,178.7,85,QB · 25,17.87,32,QB · 19,24,65.3%,264,404,2688,13,5,268.8,37,142,3.84,3,14.2,0,0,0,-,0,-,2830,3
19,2025,Joe Flacco,QB,2TM,13,156.7,106,QB · 27,12.05,99,QB · 36,-,60.3%,251,416,2479,15,10,190.7,21,35,1.67,1,2.7,0,0,0,0,0,-,2514,1
19,2024,Joe Flacco,QB,IND,8,106.0,177,QB · 35,13.25,89,QB · 34,39,65.3%,162,248,1761,12,7,220.1,9,26,2.89,0,3.3,0,0,0,-,0,-,1787,0
19,2023,Joe Flacco,QB,CLE,5,108.8,161,QB · 32,21.76,6,QB · 3,38,60.3%,123,204,1616,13,8,323.2,9,2,0.22,0,0.4,0,0,0,-,0,-,1618,0
19,2022,Joe Flacco,QB,NYJ,5,51.3,275,QB · 41,10.26,138,QB · 47,37,57.6%,110,191,1051,5,3,210.2,3,6,2,0,1.2,0,0,-3,-,0,-0.6,1054,0
19,2021,Joe Flacco,QB,NYJ,2,23.8,369,QB · 51,11.90,113,QB · 40,36,64.3%,27,42,338,3,0,169.0,2,3,1.5,0,1.5,0,0,0,-,0,-,341,0
19,2020,Joe Flacco,QB,NYJ,5,57.8,261,QB · 40,11.56,119,QB · 39,35,55.2%,74,134,864,6,3,172.8,6,22,3.67,0,4.4,0,0,0,-,0,-,886,0
19,2019,Joe Flacco,QB,DEN,8,89.9,186,QB · 33,11.24,118,QB · 36,34,65.3%,171,262,1822,6,5,227.8,12,20,1.67,0,2.5,0,0,0,-,0,-,1842,0
19,2018,Joe Flacco,QB,BAL,9,137.0,124,QB · 32,15.22,59,QB · 26,33,61.2%,232,379,2465,12,6,273.9,19,45,2.37,0,5.0,0,0,0,-,0,-,2510,0
19,2017,Joe Flacco,QB,-,16,184.9,67,QB · 24,11.56,89,QB · 33,-,-,-,-,-,-,-,-,-,-,-,-,-,-,-,-,-,-,-,0,-
19,2016,Joe Flacco,QB,-,16,242.5,38,QB · 20,15.16,42,QB · 21,-,-,-,-,-,-,-,-,-,-,-,-,-,-,-,-,-,-,-,0,-
11557,2025,Joe Milton III,QB,DAL,4,12.3,366,QB · 53,3.08,326,QB · 54,-,62.5%,15,24,183,1,2,45.8,5,50,10,0,12.5,0,0,0,0,0,-,233,0
11557,2024,Joe Milton III,QB,NE,1,19.2,364,QB · 55,19.20,15,QB · 10,24,75.9%,22,29,241,1,0,241.0,10,16,1.6,1,16.0,0,0,0,-,0,-,257,1
4018,2025,Joe Mixon,RB,HOU,0,0.0,415,RB · 113,-,-,-,-,-,0,0,0,0,0,-,0,0,0,0,-,0,0,0,0,0,-,0,0
4018,2024,Joe Mixon,RB,HOU,14,240.5,49,RB · 17,17.18,33,RB · 9,28,0.0%,0,1,0,0,0,-,245,1016,4.15,11,72.6,52,36,309,8.58,1,22.1,1325,12
4018,2023,Joe Mixon,RB,CIN,17,267.0,28,RB · 6,15.71,50,RB · 11,27,-,0,0,0,0,0,-,257,1034,4.02,9,60.8,64,52,376,7.23,3,22.1,1410,12
4018,2022,Joe Mixon,RB,CIN,15,240.7,37,RB · 10,16.05,40,RB · 8,26,-,0,0,0,0,0,-,210,814,3.88,7,54.3,75,60,441,7.35,2,29.4,1255,9
4018,2021,Joe Mixon,RB,CIN,16,287.9,22,RB · 4,17.99,24,RB · 7,25,-,0,0,0,0,0,-,292,1205,4.13,13,75.3,48,42,314,7.48,3,19.6,1519,16
4018,2020,Joe Mixon,RB,CIN,6,99.6,178,RB · 47,16.60,48,RB · 11,24,-,0,0,0,0,0,-,119,428,3.6,3,71.3,26,21,138,6.57,1,23.0,566,4
4018,2019,Joe Mixon,RB,CIN,16,225.4,54,RB · 13,14.09,79,RB · 19,23,-,0,0,0,0,0,-,278,1137,4.09,5,71.1,45,35,287,8.2,3,17.9,1424,8
4018,2018,Joe Mixon,RB,CIN,14,243.4,40,RB · 10,17.39,40,RB · 9,22,-,0,0,0,0,0,-,237,1168,4.93,8,83.4,55,43,296,6.88,1,21.1,1464,9
4018,2017,Joe Mixon,RB,-,14,141.3,113,RB · 34,10.09,122,RB · 31,-,-,-,-,-,-,-,-,-,-,-,-,-,-,-,-,-,-,-,0,-
6913,2020,Joe Reed,WR,LAC,11,8.9,459,WR · 180,0.81,489,WR · 191,22,-,0,0,0,0,0,-,5,29,5.8,1,2.6,1,0,0,-,0,-,29,1
606,2020,Joe Webb III,QB,NYG,2,0.0,560,QB · 79,0.00,560,QB · 79,34,-,0,0,0,0,0,-,0,0,-,0,-,0,0,0,-,0,-,0,0
606,2019,Joe Webb III,QB,-,1,0.0,496,QB · 63,0.00,495,QB · 63,-,-,-,-,-,-,-,-,-,-,-,-,-,-,-,-,-,-,-,0,-
606,2018,Joe Webb III,QB,HOU,16,3.3,490,QB · 58,0.21,524,QB · 63,32,-,0,0,0,0,0,-,0,0,-,0,-,3,2,13,6.5,0,0.8,13,0
606,2017,Joe Webb III,QB,-,16,4.8,477,QB · 58,0.30,505,QB · 65,-,-,-,-,-,-,-,-,-,-,-,-,-,-,-,-,-,-,-,0,-
606,2016,Joe Webb III,QB,-,14,1.3,522,QB · 62,0.09,535,QB · 65,-,-,-,-,-,-,-,-,-,-,-,-,-,-,-,-,-,-,-,0,-
4042,2018,Joe Williams,RB,-,3,0.0,543,RB · 155,0.00,543,RB · 155,-,-,-,-,-,-,-,-,-,-,-,-,-,-,-,-,-,-,-,0,-
7716,2024,John Bates,TE,WAS,17,14.4,394,TE · 78,0.85,464,TE · 86,27,-,0,0,0,0,0,-,0,0,-,0,-,13,8,84,10.5,0,4.9,84,0
7716,2023,John Bates,TE,WAS,17,34.1,321,TE · 60,2.01,394,TE · 70,26,-,0,0,0,0,0,-,0,0,-,0,-,28,19,151,7.95,0,8.9,151,0
7716,2022,John Bates,TE,WAS,10,30.8,336,TE · 62,3.08,384,TE · 67,25,-,0,0,0,0,0,-,0,0,-,0,-,22,14,108,7.71,1,10.8,108,1
7716,2021,John Bates,TE,WAS,13,50.9,285,TE · 48,3.92,356,TE · 59,24,-,0,0,0,0,0,-,0,0,-,0,-,25,20,249,12.45,1,19.2,249,1
2238,2022,John Brown,WR,BUF,2,11.2,438,WR · 167,5.60,260,WR · 97,32,-,0,0,0,0,0,-,0,0,-,0,-,2,1,42,42,1,21.0,42,1
2238,2021,John Brown,WR,3TM,3,0.0,582,WR · 225,0.00,582,WR · 225,31,-,0,0,0,0,0,-,0,0,-,0,-,3,0,0,-,0,-,0,0
2238,2020,John Brown,WR,BUF,9,96.8,188,WR · 83,10.76,137,WR · 53,30,-,0,0,0,0,0,-,0,0,-,0,-,52,33,458,13.88,3,50.9,458,3
2238,2019,John Brown,WR,BUF,15,219.8,60,WR · 20,14.65,70,WR · 24,29,100.0%,1,1,28,1,0,1.9,2,7,3.5,0,0.5,115,72,1060,14.72,6,70.7,1095,6
2238,2018,John Brown,WR,BAL,16,143.9,113,WR · 45,8.99,164,WR · 60,28,-,0,0,0,0,0,-,3,4,1.33,0,0.3,97,42,715,17.02,5,44.7,719,5
2238,2017,John Brown,WR,-,10,69.9,218,WR · 85,6.99,200,WR · 72,-,-,-,-,-,-,-,-,-,-,-,-,-,-,-,-,-,-,-,0,-
2238,2016,John Brown,WR,-,15,103.7,172,WR · 73,6.91,218,WR · 84,-,-,-,-,-,-,-,-,-,-,-,-,-,-,-,-,-,-,-,0,-
8500,2024,John FitzPatrick,TE,GB,9,1.2,526,TE · 113,0.13,536,TE · 112,24,-,0,0,0,0,0,-,0,0,-,0,-,1,1,2,2,0,0.2,2,0
8500,2023,John FitzPatrick,TE,ATL,5,2.2,508,TE · 105,0.44,510,TE · 103,23,-,0,0,0,0,0,-,0,0,-,0,-,1,1,12,12,0,2.4,12,0
7086,2021,John Hightower,WR,PHI,1,0.0,582,WR · 225,0.00,582,WR · 225,25,-,0,0,0,0,0,-,0,0,-,0,-,0,0,0,-,0,-,0,0
7086,2020,John Hightower,WR,PHI,13,28.8,349,WR · 145,2.22,392,WR · 154,24,-,0,0,0,0,0,-,1,1,1,0,0.1,29,10,167,16.7,0,12.8,168,0
5076,2024,John Kelly Jr.,RB,BAL,1,0.0,544,RB · 141,0.00,544,RB · 141,28,-,0,0,0,0,0,-,0,0,-,0,-,0,0,0,-,0,-,0,0
5076,2021,John Kelly Jr.,RB,CLE,1,1.3,563,RB · 157,1.30,502,RB · 142,25,-,0,0,0,0,0,-,2,13,6.5,0,13.0,0,0,0,-,0,-,13,0
5076,2019,John Kelly Jr.,RB,LAR,5,0.9,485,RB · 130,0.18,481,RB · 130,23,-,0,0,0,0,0,-,3,9,3,0,1.8,0,0,0,-,0,-,9,0
5076,2018,John Kelly Jr.,RB,LAR,4,12.1,414,RB · 109,3.03,343,RB · 94,22,-,0,0,0,0,0,-,27,74,2.74,0,18.5,3,2,27,13.5,0,6.8,101,0
6231,2020,John Lovett,QB,-,8,0.6,556,QB · 78,0.08,559,QB · 78,-,-,-,-,-,-,-,-,-,-,-,-,-,-,-,-,-,-,-,0,-
8568,2022,John Lovett,RB,-,1,0.0,571,RB · 160,0.00,571,RB · 160,-,-,-,-,-,-,-,-,-,-,-,-,-,-,-,-,-,-,-,0,-
8147,2025,John Metchie III,WR,2TM,16,71.9,224,WR · 87,4.49,263,WR · 100,-,-,0,0,0,0,0,-,3,-5,-1.67,0,-0.3,48,33,274,8.3,2,17.1,269,2
8147,2024,John Metchie III,WR,HOU,13,55.4,261,WR · 109,4.26,272,WR · 110,24,-,0,0,0,0,0,-,0,0,-,0,-,37,24,254,10.58,1,19.5,254,1
8147,2023,John Metchie III,WR,HOU,16,32.2,329,WR · 138,2.01,393,WR · 154,23,-,0,0,0,0,0,-,1,4,4,0,0.3,30,16,158,9.88,0,9.9,162,0
4038,2024,John Ross,WR,PHI,1,1.6,516,WR · 207,1.60,399,WR · 156,29,-,0,0,0,0,0,-,0,0,-,0,-,2,1,6,6,0,6.0,6,0
4038,2021,John Ross,WR,NYG,9,41.0,315,WR · 128,4.56,317,WR · 127,26,-,0,0,0,0,0,-,1,16,16,0,1.8,20,11,224,20.36,1,24.9,240,1
4038,2020,John Ross,WR,CIN,3,3.7,501,WR · 193,1.23,458,WR · 182,25,-,0,0,0,0,0,-,0,0,-,0,-,7,2,17,8.5,0,5.7,17,0
4038,2019,John Ross,WR,CIN,8,95.0,177,WR · 75,11.88,110,WR · 42,24,-,0,0,0,0,0,-,3,4,1.33,0,0.5,56,28,506,18.07,3,63.3,510,3
4038,2018,John Ross,WR,CIN,13,84.9,201,WR · 85,6.53,222,WR · 91,23,-,0,0,0,0,0,-,4,9,2.25,0,0.7,58,21,210,10,7,16.2,219,7
4038,2017,John Ross,WR,-,3,-0.8,626,WR · 229,-0.27,627,WR · 229,-,-,-,-,-,-,-,-,-,-,-,-,-,-,-,-,-,-,-,0,-
11467,2024,John Samuel Shenker,TE,LV,7,1.7,511,TE · 106,0.24,524,TE · 109,26,-,0,0,0,0,0,-,0,0,-,0,-,1,1,7,7,0,1.0,7,0
6168,2019,John Ursua,WR,SEA,3,2.1,463,WR · 184,0.70,432,WR · 171,25,-,0,0,0,0,0,-,0,0,-,0,-,1,1,11,11,0,3.7,11,0
5806,2022,John Wolford,QB,LAR,2,17.8,405,QB · 59,8.90,170,QB · 52,27,61.3%,38,62,390,1,3,195.0,8,32,4,0,16.0,0,0,0,-,0,-,422,0
5806,2021,John Wolford,QB,LAR,2,-0.9,667,QB · 82,-0.45,671,QB · 83,26,25.0%,1,4,5,0,1,2.5,2,-1,-0.5,0,-0.5,0,0,0,-,0,-,4,0
5806,2020,John Wolford,QB,LAR,1,13.8,421,QB · 57,13.80,85,QB · 31,25,57.9%,22,38,231,0,1,231.0,6,56,9.33,0,56.0,0,0,0,-,0,-,287,0
3476,2018,Johnny Holton,WR,OAK,1,0.0,543,WR · 206,0.00,543,WR · 206,28,-,0,0,0,0,0,-,0,0,-,0,-,1,0,0,-,0,-,0,0
3476,2017,Johnny Holton,WR,-,16,44.8,279,WR · 111,2.80,334,WR · 125,-,-,-,-,-,-,-,-,-,-,-,-,-,-,-,-,-,-,-,0,-
3476,2016,Johnny Holton,WR,-,15,7.7,443,WR · 169,0.51,492,WR · 183,-,-,-,-,-,-,-,-,-,-,-,-,-,-,-,-,-,-,-,0,-
8185,2023,Johnny Johnson III,WR,HOU,1,0.0,537,WR · 205,0.00,537,WR · 205,24,-,0,0,0,0,0,-,0,0,-,0,-,0,0,0,-,0,-,0,0
4314,2024,Johnny Mundt,TE,MIN,17,45.2,282,TE · 47,2.66,337,TE · 52,30,-,0,0,0,0,0,-,0,0,-,0,-,27,19,142,7.47,2,8.4,142,2
4314,2023,Johnny Mundt,TE,MIN,14,40.2,292,TE · 51,2.87,335,TE · 57,29,-,0,0,0,0,0,-,0,0,-,0,-,23,17,172,10.12,1,12.3,172,1
4314,2022,Johnny Mundt,TE,MIN,13,39.0,310,TE · 55,3.00,389,TE · 69,28,-,0,0,0,0,0,-,0,0,-,0,-,21,19,140,7.37,1,10.8,140,1
4314,2021,Johnny Mundt,TE,LAR,3,1.9,551,TE · 113,0.63,543,TE · 111,27,-,0,0,0,0,0,-,0,0,-,0,-,1,1,9,9,0,3.0,9,0
4314,2020,Johnny Mundt,TE,LAR,16,9.3,455,TE · 90,0.58,510,TE · 100,26,-,0,0,0,0,0,-,0,0,-,0,-,4,4,53,13.25,0,3.3,53,0
4314,2019,Johnny Mundt,TE,LAR,14,6.6,421,TE · 92,0.47,452,TE · 99,25,-,0,0,0,0,0,-,0,0,-,0,-,7,4,26,6.5,0,1.9,26,0
4314,2018,Johnny Mundt,TE,LAR,10,1.5,523,TE · 116,0.15,532,TE · 117,24,-,0,0,0,0,0,-,0,0,-,0,-,1,1,5,5,0,0.5,5,0
4314,2017,Johnny Mundt,TE,-,2,0.0,529,TE · 108,0.00,529,TE · 108,-,-,-,-,-,-,-,-,-,-,-,-,-,-,-,-,-,-,-,0,-
5569,2021,Johnny Stanton IV,RB,CLE,3,9.2,456,RB · 126,3.07,397,RB · 113,27,-,0,0,0,0,0,-,3,5,1.67,0,1.7,2,2,7,3.5,1,2.3,12,1
5569,2020,Johnny Stanton IV,RB,CLE,1,0.0,560,RB · 158,0.00,560,RB · 158,26,-,0,0,0,0,0,-,0,0,-,0,-,0,0,0,-,0,-,0,0
11636,2025,Johnny Wilson,WR,PHI,0,0.0,415,WR · 168,-,-,-,-,-,0,0,0,0,0,-,0,0,0,0,-,0,0,0,0,0,-,0,0
11636,2024,Johnny Wilson,WR,PHI,16,14.8,389,WR · 152,0.93,455,WR · 183,23,-,0,0,0,0,0,-,0,0,-,0,-,15,5,38,7.6,1,2.4,38,1
4330,2021,JoJo Natson,WR,CLE,3,0.0,582,WR · 225,0.00,582,WR · 225,27,-,0,0,0,0,0,-,0,0,-,0,-,0,0,0,-,0,-,0,0
4330,2020,JoJo Natson,WR,CLE,3,0.3,558,WR · 207,0.10,557,WR · 207,26,-,0,0,0,0,0,-,1,3,3,0,1.0,0,0,0,-,0,-,3,0
4330,2019,JoJo Natson,WR,LAR,12,0.0,496,WR · 189,0.00,495,WR · 188,25,-,0,0,0,0,0,-,0,0,-,0,-,0,0,0,-,0,-,0,0
4330,2018,JoJo Natson,WR,LAR,13,-2.0,643,WR · 243,-0.15,640,WR · 241,24,-,0,0,0,0,0,-,0,0,-,0,-,0,0,0,-,0,-,0,0
4330,2017,JoJo Natson,WR,-,7,5.3,471,WR · 179,0.76,461,WR · 179,-,-,-,-,-,-,-,-,-,-,-,-,-,-,-,-,-,-,-,0,-
10225,2025,Jonathan Mingo,WR,DAL,6,3.5,398,WR · 165,0.58,395,WR · 162,-,-,0,0,0,0,0,-,0,0,0,0,-,5,1,25,25,0,4.2,25,0
10225,2024,Jonathan Mingo,WR,2TM,17,32.2,320,WR · 129,1.89,377,WR · 149,23,-,0,0,0,0,0,-,2,5,2.5,0,0.3,42,17,167,9.82,0,9.8,172,0
10225,2023,Jonathan Mingo,WR,CAR,15,84.8,196,WR · 81,5.65,226,WR · 82,22,-,0,0,0,0,0,-,0,0,-,0,-,85,43,418,9.72,0,27.9,418,0
6813,2025,Jonathan Taylor,RB,IND,17,362.3,6,RB · 4,21.31,7,RB · 4,-,-,0,0,0,0,0,-,323,1585,4.91,18,93.2,55,46,378,8.2,2,22.2,1963,20
6813,2024,Jonathan Taylor,RB,IND,14,244.7,41,RB · 12,17.48,29,RB · 7,25,-,0,0,0,0,0,-,303,1431,4.72,11,102.2,31,18,136,7.56,1,9.7,1567,12
6813,2023,Jonathan Taylor,RB,IND,10,156.4,108,RB · 33,15.64,51,RB · 12,24,-,0,0,0,0,0,-,169,741,4.38,7,74.1,23,19,153,8.05,1,15.3,894,8
6813,2022,Jonathan Taylor,RB,IND,12,146.4,117,RB · 33,12.20,98,RB · 23,23,-,0,0,0,0,0,-,192,861,4.48,4,71.8,40,28,143,5.11,0,11.9,1004,4
6813,2021,Jonathan Taylor,RB,IND,17,373.1,6,RB · 1,21.95,8,RB · 2,22,-,0,0,0,0,0,-,332,1811,5.45,18,106.5,51,40,360,9,2,21.2,2171,20
6813,2020,Jonathan Taylor,RB,IND,15,252.8,36,RB · 6,16.85,46,RB · 10,21,-,0,0,0,0,0,-,232,1169,5.04,11,77.9,39,36,299,8.31,1,19.9,1468,12
7087,2024,Jonathan Ward,RB,PIT,4,2.2,501,RB · 128,0.55,496,RB · 131,27,-,0,0,0,0,0,-,5,22,4.4,0,5.5,0,0,0,-,0,-,22,0
7087,2023,Jonathan Ward,RB,TEN,5,1.1,531,RB · 143,0.22,527,RB · 140,26,-,0,0,0,0,0,-,3,11,3.67,0,2.2,0,0,0,-,0,-,11,0
7087,2022,Jonathan Ward,RB,2TM,4,5.2,497,RB · 140,1.30,492,RB · 134,25,-,0,0,0,0,0,-,5,25,5,0,6.3,3,2,7,3.5,0,1.8,32,0
7087,2021,Jonathan Ward,RB,ARI,9,9.7,452,RB · 125,1.08,512,RB · 145,24,-,0,0,0,0,0,-,9,33,3.67,0,3.7,4,3,34,11.33,0,3.8,67,0
7087,2020,Jonathan Ward,RB,ARI,14,8.1,465,RB · 131,0.58,513,RB · 139,23,-,0,0,0,0,0,-,0,0,-,0,-,1,1,11,11,1,0.8,11,1
3312,2023,Jonathan Williams,RB,WAS,1,-0.2,630,RB · 163,-0.20,632,RB · 163,29,-,0,0,0,0,0,-,1,-2,-2,0,-2.0,1,0,0,-,0,-,-2,0
3312,2022,Jonathan Williams,RB,WAS,9,26.2,355,RB · 96,2.91,397,RB · 106,28,-,0,0,0,0,0,-,37,152,4.11,0,16.9,10,7,40,5.71,0,4.4,192,0
3312,2021,Jonathan Williams,RB,WAS,5,20.7,381,RB · 108,4.14,336,RB · 96,27,-,0,0,0,0,0,-,17,79,4.65,1,15.8,6,4,28,7,0,5.6,107,1
3312,2020,Jonathan Williams,RB,DET,5,4.6,492,RB · 138,0.92,482,RB · 133,26,-,0,0,0,0,0,-,1,5,5,0,1.0,4,4,21,5.25,0,4.2,26,0
3312,2019,Jonathan Williams,RB,IND,9,40.4,278,RB · 78,4.49,265,RB · 68,25,-,0,0,0,0,0,-,49,235,4.8,1,26.1,5,5,59,11.8,0,6.6,294,1
3312,2018,Jonathan Williams,RB,NO,3,1.1,532,RB · 149,0.37,505,RB · 143,24,-,0,0,0,0,0,-,3,0,0,0,-,1,1,1,1,0,0.3,1,0
3312,2016,Jonathan Williams,RB,-,11,12.4,410,RB · 117,1.13,437,RB · 127,-,-,-,-,-,-,-,-,-,-,-,-,-,-,-,-,-,-,-,0,-
11583,2025,Jonathon Brooks,RB,CAR,0,0.0,415,RB · 113,-,-,-,-,-,0,0,0,0,0,-,0,0,0,0,-,0,0,0,0,0,-,0,0
11583,2024,Jonathon Brooks,RB,CAR,3,7.5,446,RB · 114,2.50,349,RB · 95,21,-,0,0,0,0,0,-,9,22,2.44,0,7.3,3,3,23,7.67,0,7.7,45,0
4144,2025,Jonnu Smith,TE,PIT,17,85.2,202,TE · 35,5.01,250,TE · 39,-,-,0,0,0,0,0,-,9,70,7.78,1,4.1,54,38,222,5.8,2,13.1,292,3
4144,2024,Jonnu Smith,TE,MIA,17,222.3,56,TE · 4,13.08,92,TE · 5,29,-,0,0,0,0,0,-,2,-1,-0.5,0,-0.1,111,88,884,10.05,8,52.0,883,8
4144,2023,Jonnu Smith,TE,ATL,17,124.2,141,TE · 17,7.31,194,TE · 22,28,0.0%,0,1,0,0,0,-,1,0,0,0,-,70,50,582,11.64,3,34.2,582,3
4144,2022,Jonnu Smith,TE,NE,12,52.0,271,TE · 47,4.33,310,TE · 50,27,-,0,0,0,0,0,-,1,5,5,0,0.4,38,27,245,9.07,0,20.4,250,0
4144,2021,Jonnu Smith,TE,NE,16,67.4,247,TE · 36,4.21,334,TE · 50,26,-,0,0,0,0,0,-,9,40,4.44,0,2.5,45,28,294,10.5,1,18.4,334,1
4144,2020,Jonnu Smith,TE,TEN,15,140.2,133,TE · 17,9.35,164,TE · 16,25,-,0,0,0,0,0,-,2,4,2,1,0.3,65,41,448,10.93,8,29.9,452,9
4144,2019,Jonnu Smith,TE,TEN,16,104.7,161,TE · 20,6.54,206,TE · 29,24,-,0,0,0,0,0,-,4,78,19.5,0,4.9,44,35,439,12.54,3,27.4,517,3
4144,2018,Jonnu Smith,TE,TEN,13,63.8,240,TE · 34,4.91,277,TE · 38,23,-,0,0,0,0,0,-,0,0,-,0,-,30,20,258,12.9,3,19.8,258,3
4144,2017,Jonnu Smith,TE,-,16,45.7,275,TE · 47,2.86,333,TE · 54,-,-,-,-,-,-,-,-,-,-,-,-,-,-,-,-,-,-,-,0,-
9756,2025,Jordan Addison,WR,MIN,14,135.1,125,WR · 45,9.65,150,WR · 50,-,-,0,0,0,0,0,-,2,81,40.5,1,5.8,79,42,610,14.5,3,43.6,691,4
9756,2024,Jordan Addison,WR,MIN,15,212.5,63,WR · 21,14.17,77,WR · 25,22,-,0,0,0,0,0,-,3,20,6.67,1,1.3,99,63,875,13.89,9,58.3,895,10
9756,2023,Jordan Addison,WR,MIN,17,221.3,58,WR · 23,13.02,91,WR · 31,21,-,0,0,0,0,0,-,1,2,2,0,0.1,108,70,911,13.01,10,53.6,913,10
5032,2024,Jordan Akins,TE,CLE,17,91.0,204,TE · 32,5.35,250,TE · 36,32,-,0,0,0,0,0,-,0,0,-,0,-,58,40,390,9.75,2,22.9,390,2
5032,2023,Jordan Akins,TE,CLE,16,28.2,344,TE · 66,1.76,410,TE · 75,31,-,0,0,0,0,0,-,0,0,-,0,-,23,15,132,8.8,0,8.3,132,0
5032,2022,Jordan Akins,TE,HOU,15,116.5,146,TE · 18,7.77,201,TE · 21,30,-,0,0,0,0,0,-,0,0,-,0,-,54,37,495,13.38,5,33.0,495,5
5032,2021,Jordan Akins,TE,HOU,12,41.7,313,TE · 55,3.48,380,TE · 67,29,-,0,0,0,0,0,-,1,3,3,0,0.3,33,24,214,8.92,0,17.8,217,0
5032,2020,Jordan Akins,TE,HOU,13,83.7,211,TE · 26,6.44,240,TE · 29,28,-,0,0,0,0,0,-,1,4,4,0,0.3,49,37,403,10.89,1,31.0,407,1
5032,2019,Jordan Akins,TE,HOU,16,89.8,187,TE · 26,5.61,231,TE · 35,27,-,0,0,0,0,0,-,0,0,-,0,-,55,36,418,11.61,2,26.1,418,2
5032,2018,Jordan Akins,TE,HOU,16,39.5,306,TE · 53,2.47,370,TE · 71,26,-,0,0,0,0,0,-,0,0,-,0,-,25,17,225,13.24,0,14.1,225,0
5253,2019,Jordan Franks,TE,-,1,0.0,496,TE · 111,0.00,495,TE · 111,-,-,-,-,-,-,-,-,-,-,-,-,-,-,-,-,-,-,-,0,-
5253,2018,Jordan Franks,TE,CIN,6,5.7,466,TE · 105,0.95,454,TE · 94,22,-,0,0,0,0,0,-,0,0,-,0,-,3,2,37,18.5,0,6.2,37,0
3306,2022,Jordan Howard,RB,NO,1,0.1,570,RB · 159,0.10,568,RB · 158,28,-,0,0,0,0,0,-,1,1,1,0,1.0,0,0,0,-,0,-,1,0
3306,2021,Jordan Howard,RB,PHI,7,62.5,257,RB · 68,8.93,179,RB · 49,27,-,0,0,0,0,0,-,86,406,4.72,3,58.0,5,2,19,9.5,0,2.7,425,3
3306,2020,Jordan Howard,RB,2TM,7,30.7,334,RB · 89,4.39,298,RB · 81,26,-,0,0,0,0,0,-,35,60,1.71,4,8.6,1,1,-3,-3,0,-0.4,57,4
3306,2019,Jordan Howard,RB,PHI,10,111.4,153,RB · 43,11.14,120,RB · 28,25,-,0,0,0,0,0,-,119,525,4.41,6,52.5,14,10,69,6.9,1,6.9,594,7
3306,2018,Jordan Howard,RB,CHI,16,180.0,80,RB · 20,11.25,118,RB · 31,24,-,0,0,0,0,0,-,250,935,3.74,9,58.4,26,20,145,7.25,0,9.1,1080,9
3306,2017,Jordan Howard,RB,-,16,199.7,57,RB · 14,12.48,74,RB · 19,-,-,-,-,-,-,-,-,-,-,-,-,-,-,-,-,-,-,-,0,-
3306,2016,Jordan Howard,RB,-,15,230.1,45,RB · 10,15.34,40,RB · 9,-,-,-,-,-,-,-,-,-,-,-,-,-,-,-,-,-,-,-,0,-
12467,2025,Jordan James,RB,SF,1,0.0,415,RB · 113,0.00,410,RB · 111,-,-,0,0,0,0,0,-,0,0,0,0,-,0,0,0,0,0,-,0,0
4153,2018,Jordan Leggett,TE,NYJ,15,31.4,334,TE · 64,2.09,388,TE · 75,23,-,0,0,0,0,0,-,0,0,-,0,-,24,14,114,8.14,1,7.6,114,1
6804,2025,Jordan Love,QB,GB,15,241.1,35,QB · 15,16.08,39,QB · 21,-,66.3%,291,439,3381,23,6,225.4,47,199,4.23,0,13.3,0,0,0,0,0,-,3580,0
6804,2024,Jordan Love,QB,GB,15,244.9,40,QB · 17,16.33,44,QB · 18,26,63.1%,268,425,3389,25,11,225.9,25,83,3.32,1,5.5,0,0,0,-,0,-,3472,1
6804,2023,Jordan Love,QB,GB,17,330.1,9,QB · 5,19.42,13,QB · 6,25,64.2%,372,579,4159,32,11,244.6,50,247,4.94,4,14.5,0,0,0,-,0,-,4406,4
6804,2022,Jordan Love,QB,GB,4,11.7,432,QB · 66,2.93,395,QB · 69,24,66.7%,14,21,195,1,0,48.8,1,-1,-1,0,-0.3,0,0,0,-,0,-,194,0
6804,2021,Jordan Love,QB,GB,6,24.1,368,QB · 50,4.02,349,QB · 57,23,58.1%,36,62,411,2,3,68.5,12,27,2.25,0,4.5,0,0,0,-,0,-,438,0
8408,2025,Jordan Mason,RB,MIN,16,128.9,132,RB · 36,8.06,179,RB · 49,-,-,0,0,0,0,0,-,159,758,4.77,6,47.4,16,14,51,3.6,0,3.2,809,6
8408,2024,Jordan Mason,RB,SF,12,115.0,162,RB · 41,9.58,153,RB · 35,25,-,0,0,0,0,0,-,153,789,5.16,3,65.8,14,11,91,8.27,0,7.6,880,3
8408,2023,Jordan Mason,RB,SF,16,44.7,280,RB · 68,2.79,338,RB · 86,24,-,0,0,0,0,0,-,40,206,5.15,3,12.9,4,3,31,10.33,0,1.9,237,3
8408,2022,Jordan Mason,RB,SF,12,31.8,331,RB · 87,2.65,414,RB · 112,23,-,0,0,0,0,0,-,43,258,6,1,21.5,0,0,0,-,0,-,258,1
1800,2024,Jordan Matthews,TE,CAR,3,0.0,544,TE · 115,0.00,544,TE · 115,32,-,0,0,0,0,0,-,0,0,-,0,-,1,0,0,-,0,-,0,0
1800,2020,Jordan Matthews,TE,SF,2,0.0,560,TE · 118,0.00,560,TE · 118,28,-,0,0,0,0,0,-,0,0,-,0,-,0,0,0,-,0,-,0,0
1800,2019,Jordan Matthews,TE,2TM,3,7.3,416,TE · 89,2.43,338,TE · 62,27,-,0,0,0,0,0,-,0,0,-,0,-,12,4,33,8.25,0,11.0,33,0
1800,2018,Jordan Matthews,TE,PHI,14,0.0,543,TE · 118,0.00,543,TE · 118,26,-,0,0,0,0,0,-,0,0,-,0,-,28,20,300,15,2,21.4,300,2
1800,2017,Jordan Matthews,TE,-,10,0.0,529,TE · 108,0.00,529,TE · 108,-,-,-,-,-,-,-,-,-,-,-,-,-,-,-,-,-,-,-,0,-
1800,2016,Jordan Matthews,TE,-,14,0.0,540,TE · 114,0.00,540,TE · 114,-,-,-,-,-,-,-,-,-,-,-,-,-,-,-,-,-,-,-,0,-
1800,2018,Jordan Matthews,WR,PHI,14,62.0,245,WR · 102,4.43,292,WR · 121,26,-,0,0,0,0,0,-,0,0,-,0,-,28,20,300,15,2,21.4,300,2
1800,2017,Jordan Matthews,WR,-,10,57.2,251,WR · 101,5.72,239,WR · 87,-,-,-,-,-,-,-,-,-,-,-,-,-,-,-,-,-,-,-,0,-
1800,2016,Jordan Matthews,WR,-,14,171.4,99,WR · 44,12.24,100,WR · 37,-,-,-,-,-,-,-,-,-,-,-,-,-,-,-,-,-,-,-,0,-
11378,2024,Jordan Mims,RB,NO,9,26.1,347,RB · 96,2.90,324,RB · 87,25,-,0,0,0,0,0,-,20,70,3.5,0,7.8,18,12,71,5.92,0,7.9,141,0
11378,2023,Jordan Mims,RB,NO,3,0.0,537,RB · 145,0.00,537,RB · 145,24,-,0,0,0,0,0,-,0,0,-,0,-,2,0,0,-,0,-,0,0
1500,2020,Jordan Reed,TE,SF,10,73.1,231,TE · 35,7.31,220,TE · 26,30,-,0,0,0,0,0,-,0,0,-,0,-,46,26,231,8.88,4,23.1,231,4
1500,2019,Jordan Reed,TE,-,1,0.0,496,TE · 111,0.00,495,TE · 111,-,-,-,-,-,-,-,-,-,-,-,-,-,-,-,-,-,-,-,0,-
1500,2018,Jordan Reed,TE,WAS,13,119.8,149,TE · 15,9.22,154,TE · 13,28,-,0,0,0,0,0,-,0,0,-,0,-,84,54,558,10.33,2,42.9,558,2
1500,2017,Jordan Reed,TE,-,6,60.1,241,TE · 36,10.02,126,TE · 8,-,-,-,-,-,-,-,-,-,-,-,-,-,-,-,-,-,-,-,0,-
1500,2016,Jordan Reed,TE,-,12,168.6,105,TE · 9,14.05,59,TE · 1,-,-,-,-,-,-,-,-,-,-,-,-,-,-,-,-,-,-,-,0,-
6167,2019,Jordan Scarlett,RB,CAR,9,0.9,485,RB · 130,0.10,489,RB · 133,23,-,0,0,0,0,0,-,4,9,2.25,0,1.0,0,0,0,-,0,-,9,0
5117,2023,Jordan Thomas,TE,-,1,0.0,537,TE · 114,0.00,537,TE · 114,-,-,-,-,-,-,-,-,-,-,-,-,-,-,-,-,-,-,-,0,-
5117,2020,Jordan Thomas,TE,2TM,6,7.3,473,TE · 93,1.22,462,TE · 83,24,-,0,0,0,0,0,-,0,0,-,0,-,2,1,3,3,1,0.5,3,1
5117,2019,Jordan Thomas,TE,HOU,6,1.8,466,TE · 103,0.30,469,TE · 103,23,-,0,0,0,0,0,-,0,0,-,0,-,3,1,8,8,0,1.3,8,0
5117,2018,Jordan Thomas,TE,HOU,16,65.5,238,TE · 32,4.09,305,TE · 44,22,-,0,0,0,0,0,-,0,0,-,0,-,27,20,215,10.75,4,13.4,215,4
11567,2024,Jordan Travis,QB,-,1,0.0,544,QB · 76,0.00,544,QB · 76,-,-,-,-,-,-,-,-,-,-,-,-,-,-,-,-,-,-,-,0,-
5293,2021,Jordan Veasy,WR,HOU,2,0.0,582,WR · 225,0.00,582,WR · 225,26,-,0,0,0,0,0,-,0,0,-,0,-,0,0,0,-,0,-,0,0
12634,2025,Jordan Watkins,WR,SF,4,4.6,392,WR · 162,1.15,377,WR · 155,-,-,0,0,0,0,0,-,0,0,0,0,-,3,2,26,13,0,6.5,26,0
11623,2025,Jordan Whittington,WR,LAR,16,36.3,299,WR · 121,2.27,344,WR · 139,-,-,0,0,0,0,0,-,3,12,4,0,0.8,25,18,171,9.5,0,10.7,183,0
11623,2024,Jordan Whittington,WR,LAR,15,52.5,268,WR · 114,3.50,302,WR · 124,24,-,0,0,0,0,0,-,2,12,6,0,0.8,28,22,293,13.32,0,19.5,305,0
5100,2022,Jordan Wilkins,RB,IND,4,14.7,414,RB · 112,3.68,339,RB · 89,28,-,0,0,0,0,0,-,13,58,4.46,0,14.5,8,6,29,4.83,0,7.3,87,0
5100,2021,Jordan Wilkins,RB,2TM,2,0.0,582,RB · 165,0.00,582,RB · 165,27,-,0,0,0,0,0,-,0,0,-,0,-,0,0,0,-,0,-,0,0
5100,2020,Jordan Wilkins,RB,IND,15,61.3,254,RB · 69,4.09,312,RB · 86,26,-,0,0,0,0,0,-,84,308,3.67,1,20.5,16,12,105,8.75,0,7.0,413,1
5100,2019,Jordan Wilkins,RB,IND,14,54.0,249,RB · 68,3.86,292,RB · 78,25,-,0,0,0,0,0,-,51,307,6.02,2,21.9,11,7,43,6.14,0,3.1,350,2
5100,2018,Jordan Wilkins,RB,IND,16,60.1,257,RB · 76,3.76,319,RB · 88,24,-,0,0,0,0,0,-,60,336,5.6,1,21.0,17,16,85,5.31,0,5.3,421,1
5136,2020,Josh Adams,RB,NYJ,8,36.6,316,RB · 83,4.58,293,RB · 79,24,-,0,0,0,0,0,-,29,157,5.41,2,19.6,8,6,29,4.83,0,3.6,186,2
5136,2019,Josh Adams,RB,NYJ,3,1.2,480,RB · 126,0.40,460,RB · 122,23,-,0,0,0,0,0,-,8,12,1.5,0,4.0,0,0,0,-,0,-,12,0
5136,2018,Josh Adams,RB,PHI,16,81.9,205,RB · 61,5.12,268,RB · 79,22,-,0,0,0,0,0,-,120,511,4.26,3,31.9,13,7,58,8.29,0,3.6,569,3
8931,2022,Josh Ali,WR,ATL,1,0.0,571,WR · 218,0.00,571,WR · 218,23,-,0,0,0,0,0,-,0,0,-,0,-,1,0,0,-,0,-,0,0
4984,2025,Josh Allen,QB,BUF,17,374.6,3,QB · 1,22.04,4,QB · 1,-,69.3%,319,460,3668,25,10,215.8,112,579,5.17,14,34.1,0,0,0,0,0,-,4247,14
4984,2024,Josh Allen,QB,BUF,17,385.0,3,QB · 2,22.65,3,QB · 2,28,63.6%,307,483,3731,28,6,219.5,102,531,5.21,12,31.2,0,0,7,-,1,0.4,4269,13
4984,2023,Josh Allen,QB,BUF,17,410.6,1,QB · 1,24.15,2,QB · 1,27,66.5%,385,579,4306,29,18,253.3,111,524,4.72,15,30.8,0,0,0,-,0,-,4830,15
4984,2022,Josh Allen,QB,BUF,17,412.2,2,QB · 2,24.25,3,QB · 3,26,63.3%,359,567,4283,35,14,251.9,124,762,6.15,7,44.8,0,0,0,-,0,-,5045,7
4984,2021,Josh Allen,QB,BUF,17,417.6,2,QB · 1,24.56,2,QB · 1,25,63.3%,409,646,4407,36,15,259.2,122,763,6.25,6,44.9,0,0,0,-,0,-,5170,6
4984,2020,Josh Allen,QB,BUF,16,406.1,1,QB · 1,25.38,5,QB · 3,24,69.2%,396,572,4544,37,10,284.0,102,421,4.13,8,26.3,1,1,12,12,1,0.8,4977,9
4984,2019,Josh Allen,QB,BUF,16,297.6,11,QB · 6,18.60,20,QB · 11,23,58.8%,271,461,3089,20,9,193.1,109,510,4.68,9,31.9,0,0,0,-,0,-,3599,9
4984,2018,Josh Allen,QB,BUF,12,208.1,57,QB · 21,17.34,41,QB · 19,22,52.8%,169,320,2074,10,12,172.8,89,631,7.09,8,52.6,1,0,0,-,0,-,2705,8
1312,2018,Josh Bellamy,WR,CHI,16,33.7,327,WR · 136,2.11,385,WR · 157,29,-,0,0,0,0,0,-,0,0,-,0,-,25,14,117,8.36,1,7.3,117,1
1312,2017,Josh Bellamy,WR,-,15,68.2,223,WR · 88,4.55,287,WR · 106,-,-,-,-,-,-,-,-,-,-,-,-,-,-,-,-,-,-,-,0,-
1312,2016,Josh Bellamy,WR,-,16,56.9,246,WR · 103,3.56,312,WR · 124,-,-,-,-,-,-,-,-,-,-,-,-,-,-,-,-,-,-,-,0,-
3178,2019,Josh Doctson,WR,MIN,1,0.0,496,WR · 189,0.00,495,WR · 188,27,-,0,0,0,0,0,-,0,0,-,0,-,0,0,0,-,0,-,0,0
3178,2018,Josh Doctson,WR,WAS,15,109.2,161,WR · 67,7.28,202,WR · 81,26,-,0,0,0,0,0,-,0,0,-,0,-,78,44,532,12.09,2,35.5,532,2
3178,2017,Josh Doctson,WR,-,16,119.8,144,WR · 56,7.49,186,WR · 68,-,-,-,-,-,-,-,-,-,-,-,-,-,-,-,-,-,-,-,0,-
3178,2016,Josh Doctson,WR,-,2,8.6,436,WR · 168,4.30,285,WR · 113,-,-,-,-,-,-,-,-,-,-,-,-,-,-,-,-,-,-,-,0,-
9500,2025,Josh Downs,WR,IND,16,136.4,122,WR · 44,8.53,172,WR · 59,-,-,0,0,0,0,0,-,2,-2,-1,0,-0.1,88,58,566,9.8,4,35.4,564,4
9500,2024,Josh Downs,WR,IND,14,183.5,89,WR · 35,13.11,90,WR · 32,23,-,0,0,0,0,0,-,1,12,12,0,0.9,107,72,803,11.15,5,57.4,815,5
9500,2023,Josh Downs,WR,IND,17,157.1,107,WR · 43,9.24,157,WR · 54,22,-,0,0,0,0,0,-,0,0,-,0,-,98,68,771,11.34,2,45.4,771,2
3453,2019,Josh Ferguson,RB,WAS,2,0.9,485,RB · 130,0.45,453,RB · 119,26,-,0,0,0,0,0,-,3,9,3,0,4.5,0,0,0,-,0,-,9,0
3453,2017,Josh Ferguson,RB,-,10,5.1,473,RB · 139,0.51,486,RB · 137,-,-,-,-,-,-,-,-,-,-,-,-,-,-,-,-,-,-,-,0,-
3453,2016,Josh Ferguson,RB,-,16,35.6,303,RB · 85,2.23,379,RB · 109,-,-,-,-,-,-,-,-,-,-,-,-,-,-,-,-,-,-,-,0,-
1244,2022,Josh Gordon,WR,TEN,1,0.0,571,WR · 218,0.00,571,WR · 218,31,-,0,0,0,0,0,-,0,0,-,0,-,1,0,0,-,0,-,0,0
1244,2021,Josh Gordon,WR,KC,9,14.2,421,WR · 166,1.58,481,WR · 186,30,-,0,0,0,0,0,-,0,0,-,0,-,14,5,32,6.4,1,3.6,32,1
1244,2019,Josh Gordon,WR,2TM,11,74.7,216,WR · 87,6.79,203,WR · 79,28,0.0%,0,1,0,0,1,-,1,1,1,0,0.1,47,27,426,15.78,1,38.7,427,1
1244,2018,Josh Gordon,WR,2TM,12,138.7,121,WR · 47,11.56,111,WR · 37,27,-,0,0,0,0,0,-,0,0,-,0,-,71,41,737,17.98,4,61.4,737,4
1244,2017,Josh Gordon,WR,-,5,57.5,250,WR · 100,11.50,90,WR · 32,-,-,-,-,-,-,-,-,-,-,-,-,-,-,-,-,-,-,-,0,-
7287,2021,Josh Hammond,WR,JAX,1,0.0,582,WR · 225,0.00,582,WR · 225,23,-,0,0,0,0,0,-,0,0,-,0,-,0,0,0,-,0,-,0,0
1777,2020,Josh Hill,TE,NO,14,18.6,391,TE · 77,1.33,450,TE · 82,30,-,0,0,0,0,0,-,0,0,-,0,-,10,8,46,5.75,1,3.3,46,1
1777,2019,Josh Hill,TE,NO,16,65.6,229,TE · 40,4.10,284,TE · 45,29,-,0,0,0,0,0,-,0,0,-,0,-,35,25,226,9.04,3,14.1,226,3
1777,2018,Josh Hill,TE,NO,16,40.5,304,TE · 51,2.53,366,TE · 69,28,-,0,0,0,0,0,-,0,0,-,0,-,24,16,185,11.56,1,11.6,185,1
1777,2017,Josh Hill,TE,-,16,29.7,324,TE · 62,1.86,378,TE · 69,-,-,-,-,-,-,-,-,-,-,-,-,-,-,-,-,-,-,-,0,-
1777,2016,Josh Hill,TE,-,9,35.9,299,TE · 50,3.99,296,TE · 46,-,-,-,-,-,-,-,-,-,-,-,-,-,-,-,-,-,-,-,0,-
5850,2025,Josh Jacobs,RB,GB,15,237.1,36,RB · 13,15.81,43,RB · 10,-,-,0,0,0,0,0,-,234,929,3.97,13,61.9,44,36,282,7.8,1,18.8,1211,14
5850,2024,Josh Jacobs,RB,GB,17,293.1,20,RB · 6,17.24,30,RB · 8,26,-,0,0,0,0,0,-,301,1329,4.42,15,78.2,43,36,342,9.5,1,20.1,1671,16
5850,2023,Josh Jacobs,RB,LV,13,181.1,92,RB · 28,13.93,74,RB · 18,25,-,0,0,0,0,0,-,233,805,3.45,6,61.9,54,37,296,8,0,22.8,1101,6
5850,2022,Josh Jacobs,RB,LV,17,328.3,10,RB · 3,19.31,14,RB · 3,24,-,0,0,0,0,0,-,340,1653,4.86,12,97.2,64,53,400,7.55,0,23.5,2053,12
5850,2021,Josh Jacobs,RB,LV,15,226.0,57,RB · 12,15.07,57,RB · 14,23,-,0,0,0,0,0,-,217,872,4.02,9,58.1,64,54,348,6.44,0,23.2,1220,9
5850,2020,Josh Jacobs,RB,LV,15,231.3,47,RB · 8,15.42,63,RB · 15,22,-,0,0,0,0,0,-,273,1065,3.9,12,71.0,45,33,238,7.21,0,15.9,1303,12
5850,2019,Josh Jacobs,RB,OAK,13,191.6,83,RB · 20,14.74,68,RB · 15,21,-,0,0,0,0,0,-,242,1150,4.75,7,88.5,27,20,166,8.3,0,12.8,1316,7
260,2024,Josh Johnson,QB,BAL,6,0.8,532,QB · 71,0.13,536,QB · 74,38,66.7%,2,3,17,0,0,2.8,4,1,0.25,0,0.2,0,0,0,-,0,-,18,0
260,2022,Josh Johnson,QB,SF,1,0.7,564,QB · 78,0.70,536,QB · 78,36,50.0%,1,2,10,0,0,10.0,2,3,1.5,0,3.0,0,0,0,-,0,-,13,0
260,2021,Josh Johnson,QB,2TM,4,48.3,300,QB · 43,12.08,108,QB · 39,35,67.1%,57,85,638,5,2,159.5,9,28,3.11,0,7.0,0,0,0,-,0,-,666,0
260,2018,Josh Johnson,QB,WAS,4,49.5,277,QB · 39,12.38,95,QB · 38,32,57.1%,52,91,590,3,4,147.5,23,120,5.22,1,30.0,0,0,0,-,0,-,710,1
260,2016,Josh Johnson,QB,-,8,0.0,540,QB · 66,0.00,540,QB · 66,-,-,-,-,-,-,-,-,-,-,-,-,-,-,-,-,-,-,-,0,-
8051,2021,Josh Johnson,RB,SEA,1,0.0,582,RB · 165,0.00,582,RB · 165,24,-,0,0,0,0,0,-,0,0,-,0,-,0,0,0,-,0,-,0,0
4160,2020,Josh Malone,WR,NYJ,4,6.8,478,WR · 184,1.70,431,WR · 169,24,-,0,0,0,0,0,-,1,12,12,0,3.0,6,4,16,4,0,4.0,28,0
4160,2019,Josh Malone,WR,NYJ,3,0.0,496,WR · 189,0.00,495,WR · 188,23,-,0,0,0,0,0,-,0,0,-,0,-,0,0,0,-,0,-,0,0
4160,2018,Josh Malone,WR,CIN,9,2.2,504,WR · 191,0.24,518,WR · 196,22,-,0,0,0,0,0,-,0,0,-,0,-,5,1,12,12,0,1.3,12,0
4160,2017,Josh Malone,WR,-,11,18.5,361,WR · 138,1.68,395,WR · 155,-,-,-,-,-,-,-,-,-,-,-,-,-,-,-,-,-,-,-,0,-
208,2019,Josh McCown,QB,PHI,3,0.8,488,QB · 58,0.27,473,QB · 59,40,60.0%,3,5,24,0,0,8.0,2,-2,-1,0,-0.7,0,0,0,-,0,-,22,0
208,2018,Josh McCown,QB,NYJ,4,20.7,369,QB · 48,5.18,266,QB · 48,39,54.5%,60,110,539,1,4,134.8,5,32,6.4,0,8.0,0,0,0,-,0,-,571,0
208,2017,Josh McCown,QB,-,13,205.6,50,QB · 21,15.82,36,QB · 16,-,-,-,-,-,-,-,-,-,-,-,-,-,-,-,-,-,-,-,0,-
208,2016,Josh McCown,QB,-,5,52.1,258,QB · 38,10.42,136,QB · 34,-,-,-,-,-,-,-,-,-,-,-,-,-,-,-,-,-,-,-,0,-
5973,2025,Josh Oliver,TE,MIN,15,55.0,260,TE · 49,3.67,301,TE · 51,-,-,0,0,0,0,0,-,0,0,0,0,-,19,15,160,10.7,4,10.7,160,4
5973,2024,Josh Oliver,TE,MIN,15,65.8,234,TE · 38,4.39,269,TE · 40,27,-,0,0,0,0,0,-,0,0,-,0,-,28,22,258,11.73,3,17.2,258,3
5973,2023,Josh Oliver,TE,MIN,17,53.3,258,TE · 42,3.14,317,TE · 50,26,-,0,0,0,0,0,-,0,0,-,0,-,28,22,213,9.68,2,12.5,213,2
5973,2022,Josh Oliver,TE,BAL,12,40.9,304,TE · 51,3.41,360,TE · 63,25,-,0,0,0,0,0,-,0,0,-,0,-,25,14,149,10.64,2,12.4,149,2
5973,2021,Josh Oliver,TE,BAL,11,15.6,414,TE · 81,1.42,494,TE · 100,24,-,0,0,0,0,0,-,0,0,-,0,-,15,9,66,7.33,0,6.0,66,0
5973,2019,Josh Oliver,TE,JAX,4,4.5,445,TE · 95,1.13,402,TE · 83,22,-,0,0,0,0,0,-,0,0,-,0,-,6,3,15,5,0,3.8,15,0
7733,2023,Josh Pederson,TE,JAX,2,0.0,537,TE · 114,0.00,537,TE · 114,26,-,0,0,0,0,0,-,0,0,-,0,-,0,0,0,-,0,-,0,0
4171,2025,Josh Reynolds,WR,NYJ,5,23.1,333,WR · 138,4.62,260,WR · 98,-,-,0,0,0,0,0,-,0,0,0,0,-,21,11,101,9.2,0,20.2,101,0
4171,2024,Josh Reynolds,WR,2TM,9,38.4,292,WR · 120,4.27,271,WR · 109,29,-,0,0,0,0,0,-,0,0,-,0,-,24,13,194,14.92,1,21.6,194,1
4171,2023,Josh Reynolds,WR,DET,16,128.8,136,WR · 55,8.05,176,WR · 65,28,-,0,0,0,0,0,-,0,0,-,0,-,64,40,608,15.2,5,38.0,608,5
4171,2022,Josh Reynolds,WR,DET,12,103.9,168,WR · 68,8.66,178,WR · 62,27,-,0,0,0,0,0,-,0,0,-,0,-,59,38,479,12.61,3,39.9,479,3
4171,2021,Josh Reynolds,WR,2TM,11,80.6,215,WR · 91,7.33,220,WR · 86,26,-,0,0,0,0,0,-,0,0,-,0,-,49,29,396,13.66,2,36.0,396,2
4171,2020,Josh Reynolds,WR,LAR,16,124.3,154,WR · 62,7.77,208,WR · 82,25,-,0,0,0,0,0,-,1,5,5,0,0.3,81,52,618,11.88,2,38.6,623,2
4171,2019,Josh Reynolds,WR,LAR,16,61.9,235,WR · 94,3.87,291,WR · 117,24,-,0,0,0,0,0,-,5,23,4.6,0,1.4,43,21,326,15.52,1,20.4,349,1
4171,2018,Josh Reynolds,WR,LAR,16,100.0,173,WR · 74,6.25,228,WR · 93,23,-,0,0,0,0,0,-,2,8,4,0,0.5,53,29,402,13.86,5,25.1,410,5
4171,2017,Josh Reynolds,WR,-,16,27.4,332,WR · 129,1.71,392,WR · 153,-,-,-,-,-,-,-,-,-,-,-,-,-,-,-,-,-,-,-,0,-
4863,2021,Josh Rosen,QB,ATL,3,-1.2,668,QB · 83,-0.40,669,QB · 82,24,18.2%,2,11,19,0,2,6.3,0,0,-,0,-,0,0,0,-,0,-,19,0
4863,2019,Josh Rosen,QB,MIA,6,23.0,339,QB · 47,3.83,294,QB · 50,22,53.2%,58,109,567,1,5,94.5,3,13,4.33,0,2.2,0,0,0,-,0,-,580,0
4863,2018,Josh Rosen,QB,ARI,14,113.0,159,QB · 34,8.07,188,QB · 44,21,55.2%,217,393,2278,11,14,162.7,23,138,6,0,9.9,0,0,0,-,0,-,2416,0
10212,2024,Josh Whyle,TE,TEN,17,60.8,249,TE · 40,3.58,298,TE · 44,25,-,0,0,0,0,0,-,0,0,-,0,-,37,28,248,8.86,1,14.6,248,1
10212,2023,Josh Whyle,TE,TEN,9,24.4,362,TE · 72,2.71,344,TE · 60,24,-,0,0,0,0,0,-,0,0,-,0,-,15,9,94,10.44,1,10.4,94,1
12114,2024,Joshua Cephus,WR,JAX,1,0.0,544,WR · 215,0.00,544,WR · 215,23,-,0,0,0,0,0,-,0,0,-,0,-,0,0,0,-,0,-,0,0
4179,2024,Joshua Dobbs,QB,SF,3,32.8,314,QB · 48,10.93,127,QB · 42,29,68.1%,32,47,361,2,2,120.3,9,24,2.67,2,8.0,0,0,0,-,0,-,385,2
4179,2023,Joshua Dobbs,QB,2TM,13,210.7,67,QB · 20,16.21,43,QB · 23,28,62.8%,262,417,2464,13,10,189.5,77,421,5.47,6,32.4,0,0,0,-,0,-,2885,6
4179,2022,Joshua Dobbs,QB,TEN,2,22.8,368,QB · 51,11.40,112,QB · 41,27,58.8%,40,68,411,2,2,205.5,8,44,5.5,0,22.0,0,0,0,-,0,-,455,0
4179,2020,Joshua Dobbs,QB,PIT,1,2.1,533,QB · 71,2.10,402,QB · 65,25,80.0%,4,5,2,0,0,2.0,2,20,10,0,20.0,0,0,0,-,0,-,22,0
4179,2019,Joshua Dobbs,QB,-,1,0.0,496,QB · 63,0.00,495,QB · 63,-,-,-,-,-,-,-,-,-,-,-,-,-,-,-,-,-,-,-,0,-
4179,2018,Joshua Dobbs,QB,PIT,5,0.9,534,QB · 63,0.18,529,QB · 64,23,50.0%,6,12,43,0,1,8.6,4,11,2.75,0,2.2,0,0,0,-,0,-,54,0
7045,2024,Joshua Kelley,RB,TEN,2,0.2,541,RB · 139,0.10,539,RB · 138,27,-,0,0,0,0,0,-,1,2,2,0,1.0,0,0,0,-,0,-,2,0
7045,2023,Joshua Kelley,RB,LAC,17,61.7,236,RB · 60,3.63,295,RB · 78,26,-,0,0,0,0,0,-,107,405,3.79,2,23.8,12,8,32,4,0,1.9,437,2
7045,2022,Joshua Kelley,RB,LAC,12,64.8,236,RB · 63,5.40,268,RB · 69,25,-,0,0,0,0,0,-,69,287,4.16,2,23.9,25,14,101,7.21,0,8.4,388,2
7045,2021,Joshua Kelley,RB,LAC,8,17.0,405,RB · 116,2.13,453,RB · 127,24,-,0,0,0,0,0,-,33,102,3.09,0,12.8,6,5,38,7.6,0,4.8,140,0
7045,2020,Joshua Kelley,RB,LAC,14,81.2,216,RB · 58,5.80,255,RB · 68,23,-,0,0,0,0,0,-,111,354,3.19,2,25.3,23,23,148,6.43,0,10.6,502,2
7670,2025,Joshua Palmer,WR,BUF,12,52.3,267,WR · 105,4.36,272,WR · 105,-,-,0,0,0,0,0,-,0,0,0,0,-,37,22,303,13.8,0,25.3,303,0
7670,2024,Joshua Palmer,WR,LAC,15,107.4,173,WR · 74,7.16,206,WR · 80,25,-,0,0,0,0,0,-,0,0,-,0,-,65,39,584,14.97,1,38.9,584,1
7670,2023,Joshua Palmer,WR,LAC,11,106.7,165,WR · 65,9.70,148,WR · 51,24,-,0,0,0,0,0,-,1,6,6,0,0.5,61,38,581,15.29,2,52.8,587,2
7670,2022,Joshua Palmer,WR,LAC,16,169.3,90,WR · 37,10.58,127,WR · 47,23,-,0,0,0,0,0,-,1,4,4,0,0.3,107,72,769,10.68,3,48.1,773,3
7670,2021,Joshua Palmer,WR,LAC,15,92.9,191,WR · 76,6.19,257,WR · 103,22,-,0,0,0,0,0,-,1,6,6,0,0.4,49,33,353,10.7,4,23.5,359,4
3668,2019,Joshua Perkins,TE,PHI,5,23.7,336,TE · 64,4.74,256,TE · 42,26,-,0,0,0,0,0,-,0,0,-,0,-,13,9,87,9.67,1,17.4,87,1
3668,2018,Joshua Perkins,TE,PHI,9,11.7,417,TE · 91,1.30,431,TE · 86,25,-,0,0,0,0,0,-,0,0,-,0,-,11,5,67,13.4,0,7.4,67,0
3668,2016,Joshua Perkins,TE,-,8,13.2,403,TE · 79,1.65,408,TE · 76,-,-,-,-,-,-,-,-,-,-,-,-,-,-,-,-,-,-,-,0,-
7050,2024,Josiah Deguara,TE,JAX,13,4.4,474,TE · 99,0.34,515,TE · 103,27,-,0,0,0,0,0,-,0,0,-,0,-,3,3,14,4.67,0,1.1,14,0
7050,2023,Josiah Deguara,TE,GB,15,14.5,411,TE · 80,0.97,465,TE · 84,26,-,0,0,0,0,0,-,0,0,-,0,-,8,8,65,8.13,0,4.3,65,0
7050,2022,Josiah Deguara,TE,GB,9,24.4,361,TE · 71,2.71,411,TE · 75,25,-,0,0,0,0,0,-,0,0,-,0,-,15,13,114,8.77,0,12.7,114,0
7050,2021,Josiah Deguara,TE,GB,14,61.5,260,TE · 41,4.39,325,TE · 45,24,-,0,0,0,0,0,-,0,0,-,0,-,33,25,245,9.8,2,17.5,245,2
7050,2020,Josiah Deguara,TE,GB,2,2.2,529,TE · 108,1.10,471,TE · 87,23,-,0,0,0,0,0,-,0,0,-,0,-,2,1,12,12,0,6.0,12,0
4040,2025,JuJu Smith-Schuster,WR,KC,17,73.5,220,WR · 86,4.32,274,WR · 106,-,-,0,0,0,0,0,-,0,0,0,0,-,45,33,345,10.5,1,20.3,345,1
4040,2024,JuJu Smith-Schuster,WR,KC,14,53.1,267,WR · 113,3.79,288,WR · 118,28,-,0,0,0,0,0,-,0,0,-,0,-,26,18,231,12.83,2,16.5,231,2
4040,2023,JuJu Smith-Schuster,WR,NE,11,61.0,238,WR · 96,5.55,236,WR · 90,27,-,0,0,0,0,0,-,0,0,-,0,-,47,29,260,8.97,1,23.6,260,1
4040,2022,JuJu Smith-Schuster,WR,KC,16,185.3,74,WR · 27,11.58,107,WR · 37,26,-,0,0,0,0,0,-,0,0,-,0,-,101,78,933,11.96,3,58.3,933,3
4040,2021,JuJu Smith-Schuster,WR,PIT,5,34.8,333,WR · 133,6.96,231,WR · 91,25,-,0,0,0,0,0,-,3,9,3,1,1.8,28,15,129,8.6,0,25.8,138,1
4040,2020,JuJu Smith-Schuster,WR,PIT,16,234.1,45,WR · 16,14.63,73,WR · 24,24,-,0,0,0,0,0,-,0,0,-,0,-,128,97,831,8.57,9,51.9,831,9
4040,2019,JuJu Smith-Schuster,WR,PIT,12,113.2,151,WR · 65,9.43,150,WR · 60,23,-,0,0,0,0,0,-,0,0,-,0,-,70,42,552,13.14,3,46.0,552,3
4040,2018,JuJu Smith-Schuster,WR,PIT,16,296.9,22,WR · 8,18.56,29,WR · 9,22,-,0,0,0,0,0,-,1,13,13,0,0.8,166,111,1426,12.85,7,89.1,1439,7
4040,2017,JuJu Smith-Schuster,WR,-,14,191.7,63,WR · 22,13.69,59,WR · 18,-,-,-,-,-,-,-,-,-,-,-,-,-,-,-,-,-,-,-,0,-
344,2020,Julian Edelman,WR,NE,6,56.2,267,WR · 110,9.37,162,WR · 64,34,100.0%,2,2,38,0,0,6.3,2,22,11,0,3.7,39,21,315,15,0,52.5,375,0
344,2019,Julian Edelman,WR,NE,16,256.3,28,WR · 7,16.02,42,WR · 10,33,100.0%,2,2,47,1,0,2.9,8,27,3.38,0,1.7,153,100,1117,11.17,6,69.8,1191,6
344,2018,Julian Edelman,WR,NE,12,207.4,58,WR · 20,17.28,43,WR · 12,32,100.0%,2,2,43,0,0,3.6,9,107,11.89,0,8.9,108,74,850,11.49,6,70.8,1000,6
344,2016,Julian Edelman,WR,-,16,230.3,44,WR · 15,14.39,56,WR · 17,-,-,-,-,-,-,-,-,-,-,-,-,-,-,-,-,-,-,-,0,-
11371,2024,Julian Hill,TE,MIA,16,22.0,357,TE · 68,1.38,416,TE · 74,24,-,0,0,0,0,0,-,0,0,-,0,-,19,12,100,8.33,0,6.3,100,0
11371,2023,Julian Hill,TE,MIA,15,8.8,448,TE · 90,0.59,495,TE · 98,23,-,0,0,0,0,0,-,0,0,-,0,-,9,6,48,8,0,3.2,48,0
947,2023,Julio Jones,WR,PHI,11,36.4,311,WR · 128,3.31,310,WR · 124,34,-,0,0,0,0,0,-,0,0,-,0,-,19,11,74,6.73,3,6.7,74,3
947,2022,Julio Jones,WR,TB,10,70.4,231,WR · 97,7.04,219,WR · 81,33,-,0,0,0,0,0,-,5,45,9,0,4.5,43,24,299,12.46,2,29.9,344,2
947,2021,Julio Jones,WR,TEN,10,80.4,216,WR · 92,8.04,201,WR · 78,32,-,0,0,0,0,0,-,0,0,-,0,-,48,31,434,14,1,43.4,434,1
947,2020,Julio Jones,WR,ATL,9,146.1,121,WR · 52,16.23,53,WR · 14,31,-,0,0,0,0,0,-,0,0,-,0,-,68,51,771,15.12,3,85.7,771,3
947,2019,Julio Jones,WR,ATL,15,274.1,20,WR · 3,18.27,22,WR · 3,30,-,0,0,0,0,0,-,2,-3,-1.5,0,-0.2,157,99,1394,14.08,6,92.9,1391,6
947,2018,Julio Jones,WR,ATL,16,325.9,14,WR · 4,20.37,19,WR · 5,29,-,0,0,0,0,0,-,2,12,6,0,0.8,170,113,1677,14.84,8,104.8,1689,8
947,2017,Julio Jones,WR,-,16,251.9,26,WR · 7,15.74,37,WR · 10,-,-,-,-,-,-,-,-,-,-,-,-,-,-,-,-,-,-,-,0,-
947,2016,Julio Jones,WR,-,14,259.9,24,WR · 6,18.56,16,WR · 5,-,-,-,-,-,-,-,-,-,-,-,-,-,-,-,-,-,-,-,0,-
8254,2025,Julius Chestnut,RB,TEN,10,4.0,394,RB · 104,0.40,397,RB · 106,-,-,0,0,0,0,0,-,11,40,3.64,0,4.0,2,0,0,0,0,-,40,0
8254,2024,Julius Chestnut,RB,TEN,14,13.3,410,RB · 106,0.95,452,RB · 123,24,-,0,0,0,0,0,-,22,102,4.64,0,7.3,3,2,11,5.5,0,0.8,113,0
8254,2023,Julius Chestnut,RB,TEN,1,0.0,537,RB · 145,0.00,537,RB · 145,23,-,0,0,0,0,0,-,0,0,-,0,-,0,0,0,-,0,-,0,0
8254,2022,Julius Chestnut,RB,TEN,6,8.3,469,RB · 128,1.38,489,RB · 133,22,-,0,0,0,0,0,-,9,12,1.33,0,2.0,3,3,41,13.67,0,6.8,53,0
5995,2025,Justice Hill,RB,BAL,10,65.2,237,RB · 60,6.52,211,RB · 58,-,-,0,0,0,0,0,-,18,93,5.17,2,9.3,27,21,169,8.1,1,16.9,262,3
5995,2024,Justice Hill,RB,BAL,15,127.1,140,RB · 37,8.47,177,RB · 42,27,-,0,0,0,0,0,-,47,228,4.85,1,15.2,51,42,383,9.12,3,25.5,611,4
5995,2023,Justice Hill,RB,BAL,16,109.3,160,RB · 44,6.83,203,RB · 50,26,-,0,0,0,0,0,-,84,387,4.61,3,24.2,39,28,206,7.36,1,12.9,593,4
5995,2022,Justice Hill,RB,BAL,15,42.0,299,RB · 82,2.80,405,RB · 109,25,-,0,0,0,0,0,-,49,262,5.35,0,17.5,12,12,58,4.83,0,3.9,320,0
5995,2020,Justice Hill,RB,BAL,12,13.0,427,RB · 121,1.08,476,RB · 130,23,-,0,0,0,0,0,-,12,60,5,0,5.0,5,5,20,4,0,1.7,80,0
5995,2019,Justice Hill,RB,BAL,16,49.5,259,RB · 74,3.09,316,RB · 85,22,-,0,0,0,0,0,-,58,225,3.88,2,14.1,15,8,70,8.75,0,4.4,295,2
7591,2025,Justin Fields,QB,NYJ,9,143.7,114,QB · 28,15.96,41,QB · 22,-,62.7%,128,204,1259,7,1,139.9,71,383,5.39,4,42.6,1,0,0,0,0,-,1642,4
7591,2024,Justin Fields,QB,PIT,10,120.1,157,QB · 32,12.01,108,QB · 38,25,65.8%,106,161,1106,5,1,110.6,62,289,4.66,5,28.9,0,0,0,-,0,-,1395,5
7591,2023,Justin Fields,QB,CHI,13,239.2,44,QB · 18,18.40,20,QB · 13,24,61.4%,227,370,2562,16,9,197.1,124,657,5.3,4,50.5,0,0,0,-,0,-,3219,4
7591,2022,Justin Fields,QB,CHI,15,307.0,14,QB · 6,20.47,10,QB · 6,23,60.4%,192,318,2242,17,11,149.5,160,1143,7.14,8,76.2,0,0,0,-,0,-,3385,8
7591,2021,Justin Fields,QB,CHI,12,136.8,134,QB · 31,11.40,126,QB · 44,22,58.9%,159,270,1870,7,10,155.8,72,420,5.83,2,35.0,0,0,0,-,0,-,2290,2
2412,2019,Justin Hardy,WR,ATL,16,38.5,286,WR · 118,2.41,339,WR · 135,28,-,0,0,0,0,0,-,0,0,-,0,-,26,19,195,10.26,0,12.2,195,0
2412,2018,Justin Hardy,WR,ATL,16,39.3,309,WR · 130,2.46,371,WR · 149,27,-,0,0,0,0,0,-,0,0,-,0,-,22,14,133,9.5,2,8.3,133,2
2412,2017,Justin Hardy,WR,-,16,60.1,241,WR · 96,3.76,304,WR · 111,-,-,-,-,-,-,-,-,-,-,-,-,-,-,-,-,-,-,-,0,-
2412,2016,Justin Hardy,WR,-,16,65.3,234,WR · 98,4.08,292,WR · 116,-,-,-,-,-,-,-,-,-,-,-,-,-,-,-,-,-,-,-,0,-
6797,2025,Justin Herbert,QB,LAC,16,299.9,21,QB · 10,18.74,22,QB · 11,-,66.4%,340,512,3727,26,13,232.9,83,498,6,2,31.1,0,0,0,0,0,-,4225,2
6797,2024,Justin Herbert,QB,LAC,17,288.4,21,QB · 12,16.96,37,QB · 16,26,65.9%,332,504,3870,23,3,227.6,69,306,4.43,2,18.0,0,0,0,-,0,-,4176,2
6797,2023,Justin Herbert,QB,LAC,13,241.2,42,QB · 17,18.55,18,QB · 11,25,65.1%,297,456,3134,20,7,241.1,52,228,4.38,3,17.5,1,1,10,10,0,0.8,3372,3
6797,2022,Justin Herbert,QB,LAC,17,291.3,21,QB · 10,17.14,30,QB · 16,24,68.2%,477,699,4739,25,10,278.8,54,147,2.72,0,8.6,2,2,-10,-5,0,-0.6,4876,0
6797,2021,Justin Herbert,QB,LAC,17,395.8,3,QB · 2,23.28,4,QB · 2,23,65.9%,443,672,5014,38,15,294.9,63,302,4.79,3,17.8,0,0,0,-,0,-,5316,3
6797,2020,Justin Herbert,QB,LAC,15,342.8,11,QB · 9,22.85,13,QB · 9,22,66.6%,396,595,4336,31,10,289.1,55,234,4.25,5,15.6,0,0,0,-,0,-,4570,5
5131,2022,Justin Jackson,RB,DET,15,51.1,276,RB · 72,3.41,361,RB · 97,26,-,0,0,0,0,0,-,42,170,4.05,1,11.3,19,12,101,8.42,1,6.7,271,2
5131,2021,Justin Jackson,RB,LAC,14,86.2,205,RB · 59,6.16,259,RB · 71,25,-,0,0,0,0,0,-,68,364,5.35,2,26.0,25,22,178,8.09,0,12.7,542,2
5131,2020,Justin Jackson,RB,LAC,9,65.3,247,RB · 67,7.26,222,RB · 58,24,-,0,0,0,0,0,-,59,270,4.58,0,30.0,24,19,173,9.11,0,19.2,443,0
5131,2019,Justin Jackson,RB,LAC,7,31.2,315,RB · 87,4.46,267,RB · 70,23,-,0,0,0,0,0,-,29,200,6.9,0,28.6,11,9,22,2.44,0,3.1,222,0
5131,2018,Justin Jackson,RB,LAC,13,61.1,248,RB · 73,4.70,284,RB · 81,22,-,0,0,0,0,0,-,50,206,4.12,2,15.8,19,15,135,9,0,10.4,341,2
6794,2025,Justin Jefferson,WR,MIN,17,201.5,65,WR · 21,11.85,105,WR · 33,-,-,0,0,0,0,0,-,2,7,3.5,0,0.4,141,84,1048,12.5,2,61.6,1055,2
6794,2024,Justin Jefferson,WR,MIN,17,317.5,15,WR · 2,18.68,19,WR · 3,25,100.0%,1,1,22,0,0,1.3,1,3,3,0,0.2,154,103,1533,14.88,10,90.2,1558,10
6794,2023,Justin Jefferson,WR,MIN,10,202.2,76,WR · 33,20.22,12,WR · 5,24,0.0%,0,1,0,0,0,-,1,-12,-12,0,-1.2,100,68,1074,15.79,5,107.4,1062,5
6794,2022,Justin Jefferson,WR,MIN,17,368.7,6,WR · 1,21.69,7,WR · 2,23,100.0%,2,2,34,0,0,2.0,4,24,6,1,1.4,184,128,1809,14.13,8,106.4,1867,9
6794,2021,Justin Jefferson,WR,MIN,17,330.4,13,WR · 4,19.44,19,WR · 5,22,50.0%,2,4,35,0,0,2.1,6,14,2.33,0,0.8,167,108,1616,14.96,10,95.1,1665,10
6794,2020,Justin Jefferson,WR,MIN,16,274.2,25,WR · 6,17.14,41,WR · 9,21,-,0,0,0,0,0,-,1,2,2,0,0.1,125,88,1400,15.91,7,87.5,1402,7
9489,2025,Justin Shorter,WR,LV,3,0.0,415,WR · 168,0.00,410,WR · 166,-,-,0,0,0,0,0,-,0,0,0,0,-,0,0,0,0,0,-,0,0
9489,2024,Justin Shorter,WR,LV,7,0.0,544,WR · 215,0.00,544,WR · 215,24,-,0,0,0,0,0,-,0,0,-,0,-,0,0,0,-,0,-,0,0
5374,2024,Justin Watson,WR,KC,17,62.9,246,WR · 104,3.70,293,WR · 121,28,-,0,0,0,0,0,-,0,0,-,0,-,32,22,289,13.14,2,17.0,289,2
5374,2023,Justin Watson,WR,KC,16,89.0,190,WR · 77,5.56,235,WR · 89,27,-,0,0,0,0,0,-,0,0,-,0,-,53,27,460,17.04,3,28.8,460,3
5374,2022,Justin Watson,WR,KC,17,58.5,253,WR · 106,3.44,356,WR · 135,26,-,0,0,0,0,0,-,0,0,-,0,-,34,15,315,21,2,18.5,315,2
5374,2020,Justin Watson,WR,TB,11,16.4,404,WR · 161,1.49,440,WR · 175,24,-,0,0,0,0,0,-,0,0,-,0,-,11,7,94,13.43,0,8.5,94,0
5374,2019,Justin Watson,WR,TB,16,42.9,272,WR · 112,2.68,326,WR · 133,23,-,0,0,0,0,0,-,0,0,-,0,-,26,15,159,10.6,2,9.9,159,2
5374,2018,Justin Watson,WR,TB,12,1.5,523,WR · 202,0.13,536,WR · 200,22,-,0,0,0,0,0,-,0,0,-,0,-,3,1,5,5,0,0.4,5,0
8140,2024,Justyn Ross,WR,KC,2,0.0,544,WR · 215,0.00,544,WR · 215,25,-,0,0,0,0,0,-,0,0,-,0,-,1,0,0,-,0,-,0,0
8140,2023,Justyn Ross,WR,KC,8,11.3,431,WR · 171,1.41,435,WR · 172,24,-,0,0,0,0,0,-,0,0,-,0,-,11,6,53,8.83,0,6.6,53,0
8140,2022,Justyn Ross,WR,-,2,0.0,571,WR · 218,0.00,571,WR · 218,-,-,-,-,-,-,-,-,-,-,-,-,-,-,-,-,-,-,-,0,-
7002,2025,Juwan Johnson,TE,NO,17,179.9,86,TE · 8,10.58,133,TE · 12,-,-,0,0,0,0,0,-,0,0,0,0,-,102,77,889,11.6,3,52.3,889,3
7002,2024,Juwan Johnson,TE,NO,17,122.8,150,TE · 17,7.22,205,TE · 27,28,-,0,0,0,0,0,-,0,0,-,0,-,66,50,548,10.96,3,32.2,548,3
7002,2023,Juwan Johnson,TE,NO,13,97.8,176,TE · 26,7.52,189,TE · 19,27,-,0,0,0,0,0,-,0,0,-,0,-,59,37,368,9.95,4,28.3,368,4
7002,2022,Juwan Johnson,TE,NO,16,134.8,129,TE · 15,8.43,183,TE · 19,26,-,0,0,0,0,0,-,0,0,-,0,-,65,42,508,12.1,7,31.8,508,7
7002,2021,Juwan Johnson,TE,NO,13,52.9,279,TE · 47,4.07,343,TE · 53,25,-,0,0,0,0,0,-,0,0,-,0,-,22,13,159,12.23,4,12.2,159,4
7002,2020,Juwan Johnson,TE,NO,7,7.9,466,TE · 91,1.13,469,TE · 86,24,-,0,0,0,0,0,-,0,0,-,0,-,10,4,39,9.75,0,5.6,39,0
6223,2023,Juwann Winfree,WR,IND,3,0.0,537,WR · 205,0.00,537,WR · 205,27,-,0,0,0,0,0,-,0,0,-,0,-,1,0,0,-,0,-,0,0
6223,2022,Juwann Winfree,WR,GB,3,2.7,528,WR · 203,0.90,516,WR · 199,26,-,0,0,0,0,0,-,0,0,-,0,-,4,1,17,17,0,5.7,17,0
6223,2021,Juwann Winfree,WR,GB,5,11.8,439,WR · 172,2.36,435,WR · 172,25,-,0,0,0,0,0,-,0,0,-,0,-,13,8,58,7.25,0,11.6,58,0
6223,2020,Juwann Winfree,WR,GB,2,0.0,560,WR · 208,0.00,560,WR · 208,24,-,0,0,0,0,0,-,0,0,-,0,-,0,0,0,-,0,-,0,0
6223,2019,Juwann Winfree,WR,DEN,3,0.0,496,WR · 189,0.00,495,WR · 188,23,-,0,0,0,0,0,-,0,0,-,0,-,0,0,0,-,0,-,0,0
7066,2024,K.J. Osborn,WR,2TM,8,18.7,367,WR · 144,2.34,354,WR · 140,27,-,0,0,0,0,0,-,0,0,-,0,-,18,7,57,8.14,1,7.1,57,1
7066,2023,K.J. Osborn,WR,MIN,16,120.0,144,WR · 57,7.50,190,WR · 71,26,-,0,0,0,0,0,-,0,0,-,0,-,75,48,540,11.25,3,33.8,540,3
7066,2022,K.J. Osborn,WR,MIN,17,155.6,108,WR · 45,9.15,161,WR · 57,25,-,0,0,0,0,0,-,3,6,2,0,0.4,90,60,650,10.83,5,38.2,656,5
7066,2021,K.J. Osborn,WR,MIN,17,158.5,110,WR · 40,9.32,168,WR · 60,24,-,0,0,0,0,0,-,1,10,10,0,0.6,82,50,655,13.1,7,38.5,665,7
7066,2020,K.J. Osborn,WR,MIN,9,0.0,560,WR · 208,0.00,560,WR · 208,23,-,0,0,0,0,0,-,0,0,-,0,-,0,0,0,-,0,-,0,0
5283,2016,Ka'Raun White,WR,-,4,0.0,540,WR · 193,0.00,540,WR · 193,-,-,-,-,-,-,-,-,-,-,-,-,-,-,-,-,-,-,-,0,-
7606,2024,Kadarius Toney,WR,CLE,3,-2.4,644,WR · 255,-0.80,646,WR · 257,25,-,0,0,0,0,0,-,2,-4,-2,0,-1.3,1,0,0,-,0,-,-4,0
7606,2023,Kadarius Toney,WR,KC,13,53.0,259,WR · 108,4.08,275,WR · 102,24,0.0%,0,1,0,0,0,-,11,31,2.82,0,2.4,38,27,169,6.26,1,13.0,200,1
7606,2022,Kadarius Toney,WR,2TM,9,57.3,256,WR · 109,6.37,242,WR · 94,23,-,0,0,0,0,0,-,7,82,11.71,1,9.1,20,16,171,10.69,2,19.0,253,3
7606,2021,Kadarius Toney,WR,NYG,9,82.4,211,WR · 88,9.16,172,WR · 62,22,33.3%,1,3,19,0,0,2.1,3,6,2,0,0.7,57,39,420,10.77,0,46.7,445,0
8755,2024,Kaden Davis,WR,CLE,1,0.0,544,WR · 215,0.00,544,WR · 215,26,-,0,0,0,0,0,-,0,0,-,0,-,0,0,0,-,0,-,0,0
6146,2021,Kaden Smith,TE,NYG,4,6.3,487,TE · 98,1.58,482,TE · 97,24,-,0,0,0,0,0,-,0,0,-,0,-,3,3,33,11,0,8.3,33,0
6146,2020,Kaden Smith,TE,NYG,15,29.2,344,TE · 66,1.95,416,TE · 76,23,-,0,0,0,0,0,-,0,0,-,0,-,21,18,112,6.22,0,7.5,112,0
6146,2019,Kaden Smith,TE,NYG,9,75.8,211,TE · 36,8.42,171,TE · 17,22,-,0,0,0,0,0,-,0,0,-,0,-,42,31,268,8.65,3,29.8,268,3
6164,2020,Kahale Warring,TE,HOU,7,6.5,481,TE · 97,0.93,481,TE · 89,23,-,0,0,0,0,0,-,0,0,-,0,-,7,3,35,11.67,0,5.0,35,0
12504,2025,Kaleb Johnson,RB,PIT,10,8.8,378,RB · 98,0.88,385,RB · 101,-,-,0,0,0,0,0,-,28,69,2.46,0,6.9,2,1,9,9,0,0.9,78,0
12516,2025,Kalel Mullings,RB,TEN,4,0.7,409,RB · 109,0.18,406,RB · 110,-,-,0,0,0,0,0,-,3,7,2.33,0,1.8,0,0,0,0,0,-,7,0
4994,2021,Kalen Ballage,RB,PIT,9,6.4,484,RB · 134,0.71,536,RB · 151,26,-,0,0,0,0,0,-,12,36,3,0,4.0,7,2,8,4,0,0.9,44,0
4994,2020,Kalen Ballage,RB,2TM,11,93.9,193,RB · 50,8.54,190,RB · 45,25,-,0,0,0,0,0,-,91,303,3.33,3,27.5,37,29,166,5.72,0,15.1,469,3
4994,2019,Kalen Ballage,RB,MIA,12,51.8,251,RB · 69,4.32,270,RB · 72,24,-,0,0,0,0,0,-,74,135,1.82,3,11.3,24,14,63,4.5,0,5.3,198,3
4994,2018,Kalen Ballage,RB,MIA,12,37.7,314,RB · 88,3.14,338,RB · 92,23,-,0,0,0,0,0,-,36,191,5.31,1,15.9,11,9,56,6.22,0,4.7,247,1
3634,2025,Kalif Raymond,WR,DET,15,66.8,235,WR · 94,4.45,267,WR · 103,-,-,0,0,0,0,0,-,2,19,9.5,0,1.3,30,24,289,12,1,19.3,308,1
3634,2024,Kalif Raymond,WR,DET,12,56.5,258,WR · 108,4.71,262,WR · 105,30,-,0,0,0,0,0,-,2,0,0,0,-,22,17,215,12.65,2,17.9,215,3
3634,2023,Kalif Raymond,WR,DET,17,97.4,177,WR · 70,5.73,222,WR · 80,29,-,0,0,0,0,0,-,7,75,10.71,0,4.4,44,35,489,13.97,1,28.8,564,1
3634,2022,Kalif Raymond,WR,DET,17,116.2,148,WR · 57,6.84,227,WR · 86,28,-,0,0,0,0,0,-,7,36,5.14,0,2.1,64,47,616,13.11,0,36.2,652,1
3634,2021,Kalif Raymond,WR,DET,16,132.4,137,WR · 53,8.28,194,WR · 76,27,-,0,0,0,0,0,-,4,28,7,0,1.8,71,48,576,12,4,36.0,604,4
3634,2020,Kalif Raymond,WR,TEN,15,27.4,351,WR · 146,1.83,425,WR · 166,26,-,0,0,0,0,0,-,1,-3,-3,0,-0.2,15,9,187,20.78,0,12.5,184,0
3634,2019,Kalif Raymond,WR,TEN,8,29.5,322,WR · 131,3.69,298,WR · 119,25,-,0,0,0,0,0,-,1,-5,-5,0,-0.6,12,9,170,18.89,1,21.3,165,1
3634,2017,Kalif Raymond,WR,-,8,0.1,527,WR · 199,0.01,527,WR · 198,-,-,-,-,-,-,-,-,-,-,-,-,-,-,-,-,-,-,-,0,-
3634,2016,Kalif Raymond,WR,-,4,-2.0,618,WR · 218,-0.50,618,WR · 219,-,-,-,-,-,-,-,-,-,-,-,-,-,-,-,-,-,-,-,0,-
11994,2025,Kameron Johnson,WR,TB,9,17.7,347,WR · 146,1.97,352,WR · 143,-,-,0,0,0,0,0,-,2,13,6.5,0,1.4,7,4,64,16,1,7.1,77,1
11994,2024,Kameron Johnson,WR,TB,5,1.1,528,WR · 212,0.22,526,WR · 209,22,-,0,0,0,0,0,-,2,11,5.5,0,2.2,1,0,0,-,0,-,11,0
4098,2025,Kareem Hunt,RB,KC,17,145.4,113,RB · 31,8.55,170,RB · 45,-,-,0,0,0,0,0,-,163,611,3.75,8,35.9,25,18,143,7.9,1,8.4,754,9
4098,2024,Kareem Hunt,RB,KC,13,155.4,110,RB · 31,11.95,109,RB · 26,29,-,0,0,0,0,0,-,200,728,3.64,7,56.0,32,23,176,7.65,0,13.5,904,7
4098,2023,Kareem Hunt,RB,CLE,15,118.5,147,RB · 41,7.90,181,RB · 46,28,-,0,0,0,0,0,-,135,411,3.04,9,27.4,21,15,84,5.6,0,5.6,495,9
4098,2022,Kareem Hunt,RB,CLE,17,126.8,136,RB · 39,7.46,209,RB · 55,27,-,0,0,0,0,0,-,123,468,3.8,3,27.5,44,35,210,6,1,12.4,678,4
4098,2021,Kareem Hunt,RB,CLE,8,110.0,165,RB · 49,13.75,87,RB · 20,26,-,0,0,0,0,0,-,78,386,4.95,5,48.3,27,22,174,7.91,0,21.8,560,5
4098,2020,Kareem Hunt,RB,CLE,16,218.5,53,RB · 10,13.66,88,RB · 22,25,-,0,0,0,0,0,-,198,841,4.25,6,52.6,51,38,304,8,5,19.0,1145,11
4098,2019,Kareem Hunt,RB,CLE,9,101.4,166,RB · 46,11.27,117,RB · 27,24,-,0,0,0,0,0,-,43,179,4.16,2,19.9,44,37,285,7.7,1,31.7,464,3
4098,2018,Kareem Hunt,RB,KC,11,230.2,47,RB · 12,20.93,13,RB · 8,23,-,0,0,0,0,0,-,181,824,4.55,7,74.9,35,26,378,14.54,7,34.4,1202,14
4098,2017,Kareem Hunt,RB,-,16,295.2,9,RB · 4,18.45,15,RB · 5,-,-,-,-,-,-,-,-,-,-,-,-,-,-,-,-,-,-,-,0,-
8917,2025,KaVontae Turpin,WR,DAL,15,84.5,205,WR · 77,5.63,238,WR · 88,-,-,0,0,0,0,0,-,17,89,5.24,0,5.9,38,26,396,15.2,2,26.4,485,2
8917,2024,KaVontae Turpin,WR,DAL,17,104.2,181,WR · 77,6.13,225,WR · 90,28,-,0,0,0,0,0,-,16,92,5.75,0,5.4,52,31,420,13.55,2,24.7,512,4
8917,2023,KaVontae Turpin,WR,DAL,16,59.7,246,WR · 101,3.73,289,WR · 110,27,-,0,0,0,0,0,-,11,110,10,1,6.9,18,12,127,10.58,3,7.9,237,4
8917,2022,KaVontae Turpin,WR,DAL,17,-0.4,639,WR · 247,-0.02,639,WR · 247,26,-,0,0,0,0,0,-,3,17,5.67,0,1.0,2,1,9,9,0,0.5,26,0
7752,2021,Kawaan Baker,WR,NO,1,0.0,582,WR · 225,0.00,582,WR · 225,23,-,0,0,0,0,0,-,0,0,-,0,-,0,0,0,-,0,-,0,0
9504,2025,Kayshon Boutte,WR,NE,14,124.1,141,WR · 51,8.86,160,WR · 55,-,-,0,0,0,0,0,-,0,0,0,0,-,46,33,551,16.7,6,39.4,551,6
9504,2024,Kayshon Boutte,WR,NE,15,123.9,147,WR · 62,8.26,182,WR · 69,22,-,0,0,0,0,0,-,0,0,-,0,-,68,43,589,13.7,3,39.3,589,3
9504,2023,Kayshon Boutte,WR,NE,5,3.9,489,WR · 192,0.78,485,WR · 189,21,-,0,0,0,0,0,-,0,0,-,0,-,7,2,19,9.5,0,3.8,19,0
11070,2024,Kazmeir Allen,WR,-,1,0.0,544,WR · 215,0.00,544,WR · 215,-,-,-,-,-,-,-,-,-,-,-,-,-,-,-,-,-,-,-,0,-
6885,2024,Ke'Shawn Vaughn,RB,SF,1,0.4,539,RB · 137,0.40,511,RB · 135,27,-,0,0,0,0,0,-,2,4,2,0,4.0,0,0,0,-,0,-,4,0
6885,2023,Ke'Shawn Vaughn,RB,TB,5,6.4,464,RB · 119,1.28,441,RB · 118,26,-,0,0,0,0,0,-,24,42,1.75,0,8.4,5,2,2,1,0,0.4,44,0
6885,2022,Ke'Shawn Vaughn,RB,TB,9,10.2,446,RB · 120,1.13,503,RB · 137,25,-,0,0,0,0,0,-,17,53,3.12,0,5.9,4,3,19,6.33,0,2.1,72,0
6885,2021,Ke'Shawn Vaughn,RB,TB,6,36.6,326,RB · 90,6.10,260,RB · 72,24,-,0,0,0,0,0,-,36,180,5,2,30.0,8,4,26,6.5,0,4.3,206,2
6885,2020,Ke'Shawn Vaughn,RB,TB,10,23.3,365,RB · 96,2.33,386,RB · 105,23,-,0,0,0,0,0,-,26,109,4.19,0,10.9,10,5,34,6.8,1,3.4,143,1
12670,2025,KeAndre Lambert-Smith,WR,LAC,10,16.1,353,WR · 148,1.61,360,WR · 146,-,-,0,0,0,0,0,-,0,0,0,0,-,12,5,51,10.2,1,5.1,51,1
8221,2024,Keaontay Ingram,RB,KC,1,0.0,544,RB · 141,0.00,544,RB · 141,25,-,0,0,0,0,0,-,0,0,-,0,-,0,0,0,-,0,-,0,0
8221,2023,Keaontay Ingram,RB,ARI,7,14.0,413,RB · 103,2.00,395,RB · 104,24,-,0,0,0,0,0,-,35,74,2.11,0,10.6,4,4,26,6.5,0,3.7,100,0
8221,2022,Keaontay Ingram,RB,ARI,11,18.1,401,RB · 109,1.65,469,RB · 130,23,-,0,0,0,0,0,-,27,60,2.22,1,5.5,5,4,21,5.25,0,1.9,81,1
11099,2023,Kearis Jackson,WR,TEN,2,0.0,537,WR · 205,0.00,537,WR · 205,24,-,0,0,0,0,0,-,0,0,-,0,-,0,0,0,-,0,-,0,0
9511,2025,Keaton Mitchell,RB,BAL,13,55.4,258,RB · 66,4.26,276,RB · 77,-,-,0,0,0,0,0,-,59,341,5.78,1,26.2,12,9,63,7,0,4.8,404,1
9511,2024,Keaton Mitchell,RB,BAL,4,6.8,452,RB · 115,1.70,391,RB · 109,22,-,0,0,0,0,0,-,15,30,2,0,7.5,1,1,28,28,0,7.0,58,0
9511,2023,Keaton Mitchell,RB,BAL,7,69.9,226,RB · 59,9.99,141,RB · 39,21,-,0,0,0,0,0,-,47,396,8.43,2,56.6,11,9,93,10.33,0,13.3,489,2
4622,2022,Keelan Cole Sr.,WR,LV,12,30.1,341,WR · 137,2.51,421,WR · 159,29,-,0,0,0,0,0,-,0,0,-,0,-,21,10,141,14.1,1,11.8,141,1
4622,2021,Keelan Cole Sr.,WR,NYJ,14,78.9,221,WR · 94,5.64,273,WR · 109,28,0.0%,0,1,0,0,0,-,0,0,-,0,-,51,28,449,16.04,1,32.1,449,1
4622,2020,Keelan Cole Sr.,WR,JAX,16,155.4,112,WR · 47,9.71,157,WR · 61,27,-,0,0,0,0,0,-,1,2,2,0,0.1,88,55,642,11.67,5,40.1,644,6
4622,2019,Keelan Cole Sr.,WR,JAX,16,78.7,209,WR · 85,4.92,252,WR · 101,26,-,0,0,0,0,0,-,1,6,6,0,0.4,35,24,361,15.04,3,22.6,367,3
4622,2018,Keelan Cole Sr.,WR,JAX,16,89.1,190,WR · 80,5.57,251,WR · 105,25,-,0,0,0,0,0,-,0,0,-,0,-,70,38,491,12.92,1,30.7,491,1
4622,2017,Keelan Cole Sr.,WR,-,16,132.8,125,WR · 48,8.30,169,WR · 61,-,-,-,-,-,-,-,-,-,-,-,-,-,-,-,-,-,-,-,0,-
6032,2023,Keelan Doss,WR,LAC,4,9.3,446,WR · 177,2.33,372,WR · 144,27,-,0,0,0,0,0,-,0,0,-,0,-,13,6,33,5.5,0,8.3,33,0
6032,2020,Keelan Doss,WR,LV,1,0.0,560,WR · 208,0.00,560,WR · 208,24,-,0,0,0,0,0,-,0,0,-,0,-,0,0,0,-,0,-,0,0
6032,2019,Keelan Doss,WR,OAK,8,24.3,334,WR · 134,3.04,317,WR · 127,23,-,0,0,0,0,0,-,0,0,-,0,-,14,11,133,12.09,0,16.6,133,0
1479,2025,Keenan Allen,WR,LAC,17,182.7,83,WR · 29,10.75,128,WR · 41,-,-,0,0,0,0,0,-,0,0,0,0,-,122,81,777,9.6,4,45.7,777,4
1479,2024,Keenan Allen,WR,CHI,15,185.4,88,WR · 34,12.36,101,WR · 35,32,0.0%,0,1,0,0,1,-,0,0,-,0,-,121,70,744,10.63,7,49.6,744,7
1479,2023,Keenan Allen,WR,LAC,13,278.9,22,WR · 8,21.45,7,WR · 3,31,50.0%,1,2,49,1,0,3.8,2,6,3,0,0.5,150,108,1243,11.51,7,95.6,1298,7
1479,2022,Keenan Allen,WR,LAC,10,164.0,102,WR · 42,16.40,38,WR · 12,30,-,0,0,0,0,0,-,1,8,8,0,0.8,89,66,752,11.39,4,75.2,760,4
1479,2021,Keenan Allen,WR,LAC,16,257.8,31,WR · 11,16.11,40,WR · 13,29,0.0%,0,1,0,0,0,-,0,0,-,0,-,157,106,1138,10.74,6,71.1,1138,6
1479,2020,Keenan Allen,WR,LAC,14,245.1,42,WR · 13,17.51,37,WR · 7,28,0.0%,0,1,0,0,0,-,1,-1,-1,0,-0.1,147,100,992,9.92,8,70.9,991,8
1479,2019,Keenan Allen,WR,LAC,16,261.5,25,WR · 6,16.34,38,WR · 8,27,-,0,0,0,0,0,-,3,16,5.33,0,1.0,149,104,1199,11.53,6,74.9,1215,6
1479,2018,Keenan Allen,WR,LAC,16,260.1,37,WR · 12,16.26,51,WR · 18,26,-,0,0,0,0,0,-,9,75,8.33,0,4.7,136,97,1196,12.33,6,74.8,1271,6
1479,2017,Keenan Allen,WR,-,16,278.2,13,WR · 3,17.39,18,WR · 4,-,-,-,-,-,-,-,-,-,-,-,-,-,-,-,-,-,-,-,0,-
1479,2016,Keenan Allen,WR,-,1,12.3,411,WR · 163,12.30,97,WR · 36,-,-,-,-,-,-,-,-,-,-,-,-,-,-,-,-,-,-,-,0,-
5962,2020,KeeSean Johnson,WR,ARI,8,32.3,327,WR · 135,4.04,313,WR · 124,24,-,0,0,0,0,0,-,0,0,-,0,-,23,15,173,11.53,0,21.6,173,0
5962,2019,KeeSean Johnson,WR,ARI,10,46.0,267,WR · 108,4.60,262,WR · 104,23,-,0,0,0,0,0,-,1,3,3,0,0.3,42,21,187,8.9,1,18.7,190,1
11773,2024,Keilan Robinson,RB,JAX,3,0.0,544,RB · 141,0.00,544,RB · 141,24,-,0,0,0,0,0,-,0,0,-,0,-,0,0,0,-,0,-,0,0
5134,2023,Keith Kirkwood,WR,NO,12,14.7,408,WR · 166,1.23,443,WR · 177,29,-,0,0,0,0,0,-,0,0,-,0,-,9,5,37,7.4,1,3.1,37,1
5134,2022,Keith Kirkwood,WR,NO,3,3.8,518,WR · 195,1.27,498,WR · 187,28,-,0,0,0,0,0,-,0,0,-,0,-,4,2,18,9,0,6.0,18,0
5134,2021,Keith Kirkwood,WR,CAR,3,4.7,509,WR · 200,1.57,483,WR · 187,27,-,0,0,0,0,0,-,0,0,-,0,-,7,3,17,5.67,0,5.7,17,0
5134,2020,Keith Kirkwood,WR,CAR,1,2.3,527,WR · 202,2.30,389,WR · 151,26,-,0,0,0,0,0,-,0,0,-,0,-,2,1,13,13,0,13.0,13,0
5134,2019,Keith Kirkwood,WR,NO,1,0.0,496,WR · 189,0.00,495,WR · 188,25,-,0,0,0,0,0,-,0,0,-,0,-,0,0,0,-,0,-,0,0
5134,2018,Keith Kirkwood,WR,NO,8,45.9,285,WR · 121,5.74,244,WR · 100,24,-,0,0,0,0,0,-,0,0,-,0,-,21,13,209,16.08,2,26.1,209,2
2073,2023,Keith Smith,RB,ATL,12,6.3,465,RB · 120,0.53,500,RB · 133,31,-,0,0,0,0,0,-,0,0,-,0,-,3,3,33,11,0,2.8,33,0
2073,2022,Keith Smith,RB,ATL,10,2.0,535,RB · 147,0.20,564,RB · 156,30,-,0,0,0,0,0,-,1,2,2,0,0.2,2,1,8,8,0,0.8,10,0
2073,2021,Keith Smith,RB,ATL,13,17.7,403,RB · 114,1.36,500,RB · 141,29,-,0,0,0,0,0,-,9,31,3.44,0,2.4,10,9,56,6.22,0,4.3,87,0
2073,2020,Keith Smith,RB,ATL,16,17.6,395,RB · 107,1.10,471,RB · 128,28,-,0,0,0,0,0,-,4,7,1.75,0,0.4,15,11,59,5.36,0,3.7,66,0
2073,2019,Keith Smith,RB,ATL,16,3.1,457,RB · 120,0.19,480,RB · 129,27,-,0,0,0,0,0,-,5,8,1.6,0,0.5,3,1,13,13,0,0.8,21,0
2073,2018,Keith Smith,RB,OAK,16,7.3,449,RB · 120,0.46,494,RB · 137,26,-,0,0,0,0,0,-,1,0,0,0,-,6,5,23,4.6,0,1.4,23,0
2073,2017,Keith Smith,RB,-,16,7.6,449,RB · 132,0.48,488,RB · 139,-,-,-,-,-,-,-,-,-,-,-,-,-,-,-,-,-,-,-,0,-
2073,2016,Keith Smith,RB,-,16,5.5,465,RB · 137,0.34,503,RB · 148,-,-,-,-,-,-,-,-,-,-,-,-,-,-,-,-,-,-,-,0,-
5007,2022,Keke Coutee,WR,IND,7,1.0,560,WR · 216,0.14,567,WR · 216,25,-,0,0,0,0,0,-,0,0,-,0,-,1,1,20,20,0,2.9,20,0
5007,2021,Keke Coutee,WR,IND,1,1.5,558,WR · 220,1.50,489,WR · 189,24,-,0,0,0,0,0,-,0,0,-,0,-,1,1,5,5,0,5.0,5,0
5007,2020,Keke Coutee,WR,HOU,8,87.0,201,WR · 89,10.88,134,WR · 51,23,-,0,0,0,0,0,-,0,0,-,0,-,40,33,400,12.12,3,50.0,400,3
5007,2019,Keke Coutee,WR,HOU,10,52.8,250,WR · 100,5.28,241,WR · 98,22,-,0,0,0,0,0,-,2,14,7,1,1.4,36,22,254,11.55,0,25.4,268,1
5007,2018,Keke Coutee,WR,HOU,6,62.7,242,WR · 99,10.45,130,WR · 48,21,-,0,0,0,0,0,-,3,0,0,0,-,41,28,287,10.25,1,47.8,287,1
7581,2021,Kellen Mond,QB,MIN,2,0.2,580,QB · 72,0.10,578,QB · 73,22,66.7%,2,3,5,0,0,2.5,0,0,-,0,-,0,0,0,-,0,-,5,0
5884,2019,Kelvin Harmon,WR,WAS,16,66.9,227,WR · 90,4.18,281,WR · 112,23,100.0%,1,1,11,0,0,0.7,0,0,-,0,-,44,30,365,12.17,0,22.8,376,0
6081,2022,Kendall Blanton,TE,LAR,2,5.5,492,TE · 103,2.75,407,TE · 74,27,-,0,0,0,0,0,-,0,0,-,0,-,2,2,35,17.5,0,17.5,35,0
6081,2021,Kendall Blanton,TE,LAR,4,7.7,474,TE · 94,1.93,461,TE · 87,26,-,0,0,0,0,0,-,0,0,-,0,-,7,4,37,9.25,0,9.3,37,0
6081,2019,Kendall Blanton,TE,LAR,1,0.0,496,TE · 111,0.00,495,TE · 111,24,-,0,0,0,0,0,-,0,0,-,0,-,0,0,0,-,0,-,0,0
7210,2022,Kendall Hinton,WR,DEN,11,56.4,257,WR · 110,5.13,279,WR · 109,25,-,0,0,0,0,0,-,2,13,6.5,0,1.2,33,24,311,12.96,0,28.3,324,0
7210,2021,Kendall Hinton,WR,DEN,11,38.5,321,WR · 131,3.50,376,WR · 145,24,100.0%,1,1,1,0,0,0.1,0,0,-,0,-,23,15,175,11.67,1,15.9,176,1
7210,2020,Kendall Hinton,WR,DEN,1,-0.8,645,WR · 241,-0.80,648,WR · 243,23,11.1%,1,9,13,0,2,13.0,2,7,3.5,0,7.0,0,0,0,-,0,-,20,0
11649,2025,Kendall Milton,RB,CIN,1,0.2,413,RB · 112,0.20,404,RB · 108,-,-,0,0,0,0,0,-,2,2,1,0,2.0,0,0,0,0,0,-,2,0
11649,2024,Kendall Milton,RB,CIN,2,0.0,544,RB · 141,0.00,544,RB · 141,22,-,0,0,0,0,0,-,0,0,-,0,-,0,0,0,-,0,-,0,0
9757,2025,Kendre Miller,RB,NO,7,33.3,306,RB · 75,4.76,258,RB · 70,-,-,0,0,0,0,0,-,47,193,4.11,1,27.6,5,5,30,6,0,4.3,223,1
9757,2024,Kendre Miller,RB,NO,7,29.1,331,RB · 89,4.16,276,RB · 67,22,-,0,0,0,0,0,-,39,148,3.79,1,21.1,8,5,33,6.6,0,4.7,181,1
9757,2023,Kendre Miller,RB,NO,8,43.3,283,RB · 70,5.41,240,RB · 61,21,-,0,0,0,0,0,-,41,156,3.8,1,19.5,11,10,117,11.7,0,14.6,273,1
8783,2024,Kendric Pryor,WR,CIN,2,1.9,506,WR · 204,0.95,453,WR · 182,26,-,0,0,0,0,0,-,0,0,-,0,-,1,1,9,9,0,4.5,9,0
4454,2025,Kendrick Bourne,WR,SF,16,92.1,185,WR · 68,5.76,234,WR · 86,-,-,0,0,0,0,0,-,0,0,0,0,-,53,37,551,14.9,0,34.4,551,0
4454,2024,Kendrick Bourne,WR,NE,12,65.1,236,WR · 99,5.43,246,WR · 99,29,0.0%,0,1,0,0,0,-,1,6,6,0,0.5,38,28,305,10.89,1,25.4,311,1
4454,2023,Kendrick Bourne,WR,NE,8,100.0,175,WR · 69,12.50,99,WR · 35,28,-,0,0,0,0,0,-,1,4,4,0,0.5,55,37,406,10.97,4,50.8,410,4
4454,2022,Kendrick Bourne,WR,NE,16,88.3,194,WR · 80,5.52,264,WR · 100,27,-,0,0,0,0,0,-,6,39,6.5,0,2.4,48,35,434,12.4,1,27.1,473,1
4454,2021,Kendrick Bourne,WR,NE,17,180.5,87,WR · 33,10.62,139,WR · 47,26,100.0%,1,1,25,1,0,1.5,12,125,10.42,0,7.4,70,55,800,14.55,5,47.1,950,5
4454,2020,Kendrick Bourne,WR,SF,15,129.7,144,WR · 60,8.65,184,WR · 72,25,-,0,0,0,0,0,-,0,0,-,0,-,74,49,667,13.61,2,44.5,667,2
4454,2019,Kendrick Bourne,WR,SF,16,97.8,173,WR · 72,6.11,218,WR · 88,24,-,0,0,0,0,0,-,0,0,-,0,-,44,30,358,11.93,5,22.4,358,5
4454,2018,Kendrick Bourne,WR,SF,16,114.7,156,WR · 65,7.17,204,WR · 82,23,-,0,0,0,0,0,-,0,0,-,0,-,66,42,487,11.6,4,30.4,487,4
4454,2017,Kendrick Bourne,WR,-,11,41.7,291,WR · 117,3.79,302,WR · 110,-,-,-,-,-,-,-,-,-,-,-,-,-,-,-,-,-,-,-,0,-
7720,2024,Kene Nwangwu,RB,NYJ,2,6.0,461,RB · 118,3.00,321,RB · 85,26,-,0,0,0,0,0,-,0,0,-,0,-,0,0,0,-,0,-,0,1
7720,2023,Kene Nwangwu,RB,MIN,8,1.3,523,RB · 141,0.16,531,RB · 143,25,-,0,0,0,0,0,-,5,13,2.6,0,1.6,0,0,0,-,0,-,13,0
7720,2022,Kene Nwangwu,RB,MIN,14,11.5,434,RB · 115,0.82,528,RB · 142,24,-,0,0,0,0,0,-,9,14,1.56,0,1.0,2,2,21,10.5,0,1.5,35,1
7720,2021,Kene Nwangwu,RB,MIN,9,23.0,372,RB · 105,2.56,428,RB · 121,23,-,0,0,0,0,0,-,13,61,4.69,0,6.8,5,4,9,2.25,0,1.0,70,2
1546,2022,Kenjon Barner,RB,-,1,0.0,571,RB · 160,0.00,571,RB · 160,-,-,-,-,-,-,-,-,-,-,-,-,-,-,-,-,-,-,-,0,-
1546,2021,Kenjon Barner,RB,TB,3,0.0,582,RB · 165,0.00,582,RB · 165,32,-,0,0,0,0,0,-,4,0,0,0,-,0,0,0,-,0,-,0,0
1546,2020,Kenjon Barner,RB,TB,6,0.0,560,RB · 158,0.00,560,RB · 158,31,-,0,0,0,0,0,-,0,0,-,0,-,1,0,0,-,0,-,0,0
1546,2019,Kenjon Barner,RB,ATL,14,15.1,376,RB · 101,1.08,405,RB · 104,30,100.0%,1,1,3,0,0,0.2,4,28,7,0,2.0,8,6,22,3.67,0,1.6,53,1
1546,2018,Kenjon Barner,RB,2TM,9,8.4,439,RB · 117,0.93,458,RB · 125,29,-,0,0,0,0,0,-,19,71,3.74,0,7.9,1,1,3,3,0,0.3,74,0
1546,2017,Kenjon Barner,RB,-,13,22.3,348,RB · 96,1.72,391,RB · 110,-,-,-,-,-,-,-,-,-,-,-,-,-,-,-,-,-,-,-,0,-
1546,2016,Kenjon Barner,RB,-,13,34.1,314,RB · 89,2.62,363,RB · 106,-,-,-,-,-,-,-,-,-,-,-,-,-,-,-,-,-,-,-,0,-
3208,2018,Kenneth Dixon,RB,BAL,6,54.4,267,RB · 78,9.07,162,RB · 46,24,-,0,0,0,0,0,-,60,333,5.55,2,55.5,7,6,51,8.5,0,8.5,384,2
3208,2016,Kenneth Dixon,RB,-,12,102.4,175,RB · 47,8.53,192,RB · 53,-,-,-,-,-,-,-,-,-,-,-,-,-,-,-,-,-,-,-,0,-
7567,2025,Kenneth Gainwell,RB,PIT,17,222.3,45,RB · 16,13.08,76,RB · 21,-,-,0,0,0,0,0,-,114,537,4.71,5,31.6,85,73,486,6.7,3,28.6,1023,8
7567,2024,Kenneth Gainwell,RB,PHI,17,60.6,250,RB · 61,3.56,299,RB · 76,25,-,0,0,0,0,0,-,75,290,3.87,1,17.1,22,16,116,7.25,0,6.8,406,1
7567,2023,Kenneth Gainwell,RB,PHI,16,97.4,177,RB · 49,6.09,218,RB · 56,24,100.0%,1,1,17,0,0,1.1,84,364,4.33,2,22.8,37,30,183,6.1,0,11.4,564,2
7567,2022,Kenneth Gainwell,RB,PHI,17,87.9,197,RB · 52,5.17,274,RB · 71,23,-,0,0,0,0,0,-,53,240,4.53,4,14.1,29,23,169,7.35,0,9.9,409,4
7567,2021,Kenneth Gainwell,RB,PHI,16,123.4,150,RB · 41,7.71,215,RB · 60,22,-,0,0,0,0,0,-,68,291,4.28,5,18.2,50,33,253,7.67,1,15.8,544,6
8151,2025,Kenneth Walker III,RB,SEA,17,191.9,71,RB · 22,11.29,120,RB · 30,-,-,0,0,0,0,0,-,221,1027,4.65,5,60.4,36,31,282,9.1,0,16.6,1309,5
8151,2024,Kenneth Walker III,RB,SEA,11,181.2,93,RB · 27,16.47,43,RB · 12,24,-,0,0,0,0,0,-,153,573,3.75,7,52.1,53,46,299,6.5,1,27.2,872,8
8151,2023,Kenneth Walker III,RB,SEA,15,199.4,79,RB · 19,13.29,85,RB · 20,23,-,0,0,0,0,0,-,219,905,4.13,8,60.3,37,29,259,8.93,1,17.3,1164,9
8151,2022,Kenneth Walker III,RB,SEA,15,202.5,62,RB · 18,13.50,73,RB · 17,22,-,0,0,0,0,0,-,228,1050,4.61,9,70.0,35,27,165,6.11,0,11.0,1215,9
4131,2022,Kenny Golladay,WR,NYG,6,20.1,386,WR · 148,3.35,366,WR · 141,29,-,0,0,0,0,0,-,0,0,-,0,-,17,6,81,13.5,1,13.5,81,1
4131,2021,Kenny Golladay,WR,NYG,14,89.1,197,WR · 79,6.36,247,WR · 99,28,-,0,0,0,0,0,-,0,0,-,0,-,76,37,521,14.08,0,37.2,521,0
4131,2020,Kenny Golladay,WR,DET,5,65.8,243,WR · 101,13.16,97,WR · 36,27,-,0,0,0,0,0,-,0,0,-,0,-,32,20,338,16.9,2,67.6,338,2
4131,2019,Kenny Golladay,WR,DET,16,248.0,38,WR · 9,15.50,55,WR · 14,26,-,0,0,0,0,0,-,0,0,-,0,-,116,65,1190,18.31,11,74.4,1190,11
4131,2018,Kenny Golladay,WR,DET,15,207.1,59,WR · 21,13.81,76,WR · 26,25,-,0,0,0,0,0,-,1,8,8,0,0.5,119,70,1063,15.19,5,70.9,1071,5
4131,2017,Kenny Golladay,WR,-,11,94.6,174,WR · 69,8.60,161,WR · 59,-,-,-,-,-,-,-,-,-,-,-,-,-,-,-,-,-,-,-,0,-
10216,2025,Kenny McIntosh,RB,SEA,0,0.0,415,RB · 113,-,-,-,-,-,0,0,0,0,0,-,0,0,0,0,-,0,0,0,0,0,-,0,0
10216,2024,Kenny McIntosh,RB,SEA,12,22.4,355,RB · 98,1.87,381,RB · 105,24,-,0,0,0,0,0,-,31,172,5.55,0,14.3,4,3,22,7.33,0,1.8,194,0
8160,2025,Kenny Pickett,QB,LV,6,9.7,373,QB · 54,1.62,359,QB · 55,-,62.2%,28,45,188,1,2,31.3,5,22,4.4,0,3.7,0,0,0,0,0,-,210,0
8160,2024,Kenny Pickett,QB,PHI,5,26.1,347,QB · 50,5.22,252,QB · 54,26,59.5%,25,42,291,2,1,58.2,9,15,1.67,1,3.0,0,0,0,-,0,-,306,1
8160,2023,Kenny Pickett,QB,PIT,12,114.2,153,QB · 31,9.52,152,QB · 48,25,62.0%,201,324,2070,6,4,172.5,42,54,1.29,1,4.5,0,0,0,-,0,-,2124,1
8160,2022,Kenny Pickett,QB,PIT,13,158.9,105,QB · 28,12.22,97,QB · 39,24,63.0%,245,389,2404,7,9,184.9,55,237,4.31,3,18.2,0,0,0,-,0,-,2641,3
1555,2021,Kenny Stills,WR,NO,7,18.9,396,WR · 158,2.70,416,WR · 163,29,-,0,0,0,0,0,-,1,1,1,0,0.1,23,6,68,11.33,1,9.7,69,1
1555,2020,Kenny Stills,WR,HOU,10,31.4,331,WR · 137,3.14,351,WR · 139,28,-,0,0,0,0,0,-,0,0,-,0,-,19,11,144,13.09,1,14.4,144,1
1555,2019,Kenny Stills,WR,HOU,13,120.1,141,WR · 60,9.24,154,WR · 62,27,-,0,0,0,0,0,-,0,0,-,0,-,55,40,561,14.03,4,43.2,561,4
1555,2018,Kenny Stills,WR,MIA,15,134.4,129,WR · 52,8.96,166,WR · 61,26,100.0%,1,1,3,1,0,0.2,0,0,-,0,-,64,37,553,14.95,6,36.9,556,6
1555,2017,Kenny Stills,WR,-,16,174.7,74,WR · 28,10.92,110,WR · 39,-,-,-,-,-,-,-,-,-,-,-,-,-,-,-,-,-,-,-,0,-
1555,2016,Kenny Stills,WR,-,16,168.6,105,WR · 46,10.54,134,WR · 52,-,-,-,-,-,-,-,-,-,-,-,-,-,-,-,-,-,-,-,0,-
7597,2024,Kenny Yeboah,TE,NYJ,9,15.7,382,TE · 75,1.74,387,TE · 65,26,-,0,0,0,0,0,-,0,0,-,0,-,8,5,47,9.4,1,5.2,47,1
7597,2023,Kenny Yeboah,TE,NYJ,5,4.8,479,TE · 99,0.96,468,TE · 87,25,-,0,0,0,0,0,-,0,0,-,0,-,4,2,28,14,0,5.6,28,0
7597,2022,Kenny Yeboah,TE,NYJ,3,0.0,571,TE · 116,0.00,571,TE · 116,24,-,0,0,0,0,0,-,0,0,-,0,-,0,0,0,-,0,-,0,0
7597,2021,Kenny Yeboah,TE,NYJ,3,5.6,495,TE · 102,1.87,467,TE · 92,23,-,0,0,0,0,0,-,0,0,-,0,-,3,2,36,18,0,12.0,36,0
3242,2023,Kenyan Drake,RB,2TM,3,3.1,496,RB · 130,1.03,457,RB · 122,29,-,0,0,0,0,0,-,2,0,0,0,-,3,2,31,15.5,0,10.3,31,0
3242,2022,Kenyan Drake,RB,BAL,12,104.1,167,RB · 45,8.68,176,RB · 47,28,-,0,0,0,0,0,-,109,482,4.42,4,40.2,26,17,89,5.24,1,7.4,571,5
3242,2021,Kenyan Drake,RB,LV,12,102.5,182,RB · 55,8.54,188,RB · 52,27,-,0,0,0,0,0,-,63,254,4.03,2,21.2,40,30,291,9.7,1,24.3,545,3
3242,2020,Kenyan Drake,RB,ARI,15,192.2,70,RB · 16,12.81,101,RB · 26,26,-,0,0,0,0,0,-,239,955,4,10,63.7,31,25,137,5.48,0,9.1,1092,10
3242,2019,Kenyan Drake,RB,2TM,14,214.2,66,RB · 16,15.30,59,RB · 13,25,-,0,0,0,0,0,-,170,817,4.81,8,58.4,68,50,345,6.9,0,24.6,1162,8
3242,2018,Kenyan Drake,RB,MIA,16,206.2,61,RB · 14,12.89,88,RB · 21,24,-,0,0,0,0,0,-,120,535,4.46,4,33.4,73,53,477,9,5,29.8,1012,9
3242,2017,Kenyan Drake,RB,-,16,142.3,112,RB · 33,8.89,155,RB · 44,-,-,-,-,-,-,-,-,-,-,-,-,-,-,-,-,-,-,-,0,-
3242,2016,Kenyan Drake,RB,-,16,43.5,272,RB · 75,2.72,356,RB · 102,-,-,-,-,-,-,-,-,-,-,-,-,-,-,-,-,-,-,-,0,-
11637,2025,Keon Coleman,WR,BUF,13,102.4,170,WR · 60,7.88,182,WR · 62,-,-,0,0,0,0,0,-,0,0,0,0,-,59,38,404,10.6,4,31.1,404,4
11637,2024,Keon Coleman,WR,BUF,13,111.5,168,WR · 71,8.58,174,WR · 64,21,-,0,0,0,0,0,-,1,9,9,0,0.7,57,29,556,19.17,4,42.8,565,4
4445,2018,Keon Hatcher,WR,OAK,3,1.8,510,WR · 196,0.60,486,WR · 189,24,-,0,0,0,0,0,-,0,0,-,0,-,2,1,8,8,0,2.7,8,0
6175,2019,Kerrith Whyte Jr.,RB,PIT,6,14.1,381,RB · 102,2.35,344,RB · 89,23,-,0,0,0,0,0,-,24,122,5.08,0,20.3,1,1,9,9,0,1.5,131,0
5068,2020,Kerryon Johnson,RB,DET,16,71.8,232,RB · 62,4.49,296,RB · 80,23,-,0,0,0,0,0,-,52,181,3.48,2,11.3,26,19,187,9.84,1,11.7,368,3
5068,2019,Kerryon Johnson,RB,DET,8,85.0,195,RB · 52,10.63,127,RB · 31,22,-,0,0,0,0,0,-,113,403,3.57,3,50.4,15,10,127,12.7,1,15.9,530,4
5068,2018,Kerryon Johnson,RB,DET,10,139.4,119,RB · 34,13.94,71,RB · 18,21,-,0,0,0,0,0,-,118,641,5.43,3,64.1,39,32,213,6.66,1,21.3,854,4
8200,2024,Kevin Austin Jr.,WR,NO,8,27.0,338,WR · 134,3.38,306,WR · 125,24,-,0,0,0,0,0,-,1,9,9,0,1.1,22,11,151,13.73,0,18.9,160,0
8174,2023,Kevin Harris,RB,NE,4,21.3,379,RB · 89,5.33,243,RB · 64,23,-,0,0,0,0,0,-,16,65,4.06,1,16.3,3,3,58,19.33,0,14.5,123,1
8174,2022,Kevin Harris,RB,NE,5,11.2,438,RB · 116,2.24,438,RB · 117,22,-,0,0,0,0,0,-,18,52,2.89,1,10.4,0,0,0,-,0,-,52,1
3318,2017,Kevin Hogan,QB,-,4,33.8,309,QB · 43,8.45,165,QB · 44,-,-,-,-,-,-,-,-,-,-,-,-,-,-,-,-,-,-,-,0,-
3318,2016,Kevin Hogan,QB,-,4,16.7,379,QB · 47,4.18,290,QB · 51,-,-,-,-,-,-,-,-,-,-,-,-,-,-,-,-,-,-,-,0,-
5171,2023,Kevin Rader,TE,TEN,13,1.6,519,TE · 108,0.12,535,TE · 113,28,-,0,0,0,0,0,-,0,0,-,0,-,3,1,6,6,0,0.5,6,0
5171,2022,Kevin Rader,TE,TEN,6,0.0,571,TE · 116,0.00,571,TE · 116,27,-,0,0,0,0,0,-,0,0,-,0,-,0,0,0,-,0,-,0,0
5171,2021,Kevin Rader,TE,PIT,3,2.8,538,TE · 111,0.93,522,TE · 108,26,-,0,0,0,0,0,-,0,0,-,0,-,3,2,8,4,0,2.7,8,0
5171,2020,Kevin Rader,TE,PIT,1,0.0,560,TE · 118,0.00,560,TE · 118,25,-,0,0,0,0,0,-,0,0,-,0,-,1,0,0,-,0,-,0,0
2312,2022,Kevin White,WR,NO,6,9.4,455,WR · 172,1.57,476,WR · 179,30,-,0,0,0,0,0,-,0,0,-,0,-,5,2,74,37,0,12.3,74,0
2312,2021,Kevin White,WR,NO,4,4.8,506,WR · 198,1.20,505,WR · 196,29,-,0,0,0,0,0,-,0,0,-,0,-,5,1,38,38,0,9.5,38,0
2312,2020,Kevin White,WR,SF,3,0.0,560,WR · 208,0.00,560,WR · 208,28,-,0,0,0,0,0,-,0,0,-,0,-,0,0,0,-,0,-,0,0
2312,2018,Kevin White,WR,CHI,9,13.2,403,WR · 162,1.47,421,WR · 170,26,-,0,0,0,0,0,-,0,0,-,0,-,8,4,92,23,0,10.2,92,0
2312,2017,Kevin White,WR,-,1,2.6,498,WR · 189,2.60,348,WR · 135,-,-,-,-,-,-,-,-,-,-,-,-,-,-,-,-,-,-,-,0,-
2312,2016,Kevin White,WR,-,4,38.6,283,WR · 118,9.65,152,WR · 62,-,-,-,-,-,-,-,-,-,-,-,-,-,-,-,-,-,-,-,0,-
5773,2024,KhaDarel Hodge,WR,ATL,16,32.1,322,WR · 130,2.01,372,WR · 148,29,-,0,0,0,0,0,-,0,0,-,0,-,12,7,131,18.71,1,8.2,131,2
5773,2023,KhaDarel Hodge,WR,ATL,16,37.2,309,WR · 127,2.33,372,WR · 144,28,-,0,0,0,0,0,-,1,0,0,0,-,23,14,232,16.57,0,14.5,232,0
5773,2022,KhaDarel Hodge,WR,ATL,13,41.2,302,WR · 124,3.17,378,WR · 143,27,-,0,0,0,0,0,-,0,0,-,0,-,20,13,202,15.54,1,15.5,202,1
5773,2021,KhaDarel Hodge,WR,DET,12,30.7,349,WR · 142,2.56,427,WR · 169,26,-,0,0,0,0,0,-,0,0,-,0,-,27,13,157,12.08,0,13.1,157,0
5773,2020,KhaDarel Hodge,WR,CLE,9,29.0,347,WR · 143,3.22,346,WR · 136,25,-,0,0,0,0,0,-,0,0,-,0,-,17,11,180,16.36,0,20.0,180,0
5773,2019,KhaDarel Hodge,WR,CLE,16,11.6,394,WR · 153,0.73,429,WR · 168,24,-,0,0,0,0,0,-,0,0,-,0,-,10,4,76,19,0,4.8,76,0
5773,2018,KhaDarel Hodge,WR,LAR,14,3.7,484,WR · 185,0.26,514,WR · 195,23,-,0,0,0,0,0,-,0,0,-,0,-,3,2,17,8.5,0,1.2,17,0
7608,2025,Khalil Herbert,RB,NYJ,3,6.6,384,RB · 101,2.20,348,RB · 91,-,-,0,0,0,0,0,-,16,52,3.25,0,17.3,4,1,4,4,0,1.3,56,0
7608,2024,Khalil Herbert,RB,2TM,13,31.5,325,RB · 84,2.42,351,RB · 96,26,-,0,0,0,0,0,-,36,130,3.61,1,10.0,11,10,25,2.5,0,1.9,155,1
7608,2023,Khalil Herbert,RB,CHI,12,112.5,157,RB · 43,9.38,156,RB · 41,25,-,0,0,0,0,0,-,132,611,4.63,2,50.9,31,20,134,6.7,1,11.2,745,3
7608,2022,Khalil Herbert,RB,CHI,13,117.8,144,RB · 41,9.06,164,RB · 43,24,-,0,0,0,0,0,-,129,731,5.67,4,56.2,12,9,57,6.33,1,4.4,788,5
7608,2021,Khalil Herbert,RB,CHI,16,78.9,221,RB · 63,4.93,296,RB · 86,23,-,0,0,0,0,0,-,103,433,4.2,2,27.1,16,14,96,6.86,0,6.0,529,2
8134,2025,Khalil Shakir,WR,BUF,16,166.4,99,WR · 36,10.40,138,WR · 45,-,-,0,0,0,0,0,-,1,5,5,0,0.3,95,72,719,10,4,44.9,724,4
8134,2024,Khalil Shakir,WR,BUF,15,182.5,91,WR · 37,12.17,104,WR · 37,24,-,0,0,0,0,0,-,2,4,2,0,0.3,100,76,821,10.8,4,54.7,825,4
8134,2023,Khalil Shakir,WR,BUF,16,113.1,156,WR · 61,7.07,198,WR · 73,23,-,0,0,0,0,0,-,1,10,10,0,0.6,45,39,611,15.67,2,38.2,621,2
8134,2022,Khalil Shakir,WR,BUF,10,34.1,326,WR · 130,3.41,359,WR · 137,22,-,0,0,0,0,0,-,0,0,-,0,-,20,10,161,16.1,1,16.1,161,1
6379,2024,Khari Blasingame,RB,2TM,4,0.0,544,RB · 141,0.00,544,RB · 141,28,-,0,0,0,0,0,-,0,0,-,0,-,0,0,0,-,0,-,0,0
6379,2023,Khari Blasingame,RB,CHI,13,5.8,470,RB · 121,0.45,509,RB · 137,27,-,0,0,0,0,0,-,8,26,3.25,0,2.0,6,3,2,0.67,0,0.2,28,0
6379,2022,Khari Blasingame,RB,CHI,5,0.0,571,RB · 160,0.00,571,RB · 160,26,-,0,0,0,0,0,-,0,0,-,0,-,1,0,0,-,0,-,0,0
6379,2021,Khari Blasingame,RB,TEN,5,1.0,568,RB · 161,0.20,573,RB · 162,25,-,0,0,0,0,0,-,3,6,2,0,1.2,2,2,4,2,0,0.8,10,0
6379,2020,Khari Blasingame,RB,TEN,15,7.9,466,RB · 132,0.53,520,RB · 143,24,-,0,0,0,0,0,-,0,0,-,0,-,5,4,39,9.75,0,2.6,39,0
6379,2019,Khari Blasingame,RB,TEN,6,9.4,401,RB · 108,1.57,382,RB · 98,23,-,0,0,0,0,0,-,0,0,-,0,-,5,4,54,13.5,0,9.0,54,0
11647,2025,Kimani Vidal,RB,LAC,13,117.9,150,RB · 42,9.07,157,RB · 40,-,-,0,0,0,0,0,-,155,643,4.15,3,49.5,22,16,136,8.5,1,10.5,779,4
11647,2024,Kimani Vidal,RB,LAC,10,32.7,316,RB · 82,3.27,314,RB · 81,23,-,0,0,0,0,0,-,43,155,3.6,0,15.5,9,5,62,12.4,1,6.2,217,1
1166,2025,Kirk Cousins,QB,ATL,10,108.5,165,QB · 35,10.85,127,QB · 43,-,61.7%,166,269,1721,10,5,172.1,14,7,0.5,1,0.7,0,0,0,0,0,-,1728,1
1166,2024,Kirk Cousins,QB,ATL,14,192.3,80,QB · 21,13.74,84,QB · 31,36,66.9%,303,453,3508,18,16,250.6,23,0,0,0,-,0,0,0,-,0,-,3508,0
1166,2023,Kirk Cousins,QB,MIN,8,154.7,110,QB · 24,19.34,14,QB · 7,35,69.5%,216,311,2331,18,5,291.4,14,25,1.79,0,3.1,0,0,0,-,0,-,2356,0
1166,2022,Kirk Cousins,QB,MIN,17,305.6,15,QB · 7,17.98,24,QB · 13,34,65.9%,424,643,4547,29,14,267.5,31,97,3.13,2,5.7,0,0,0,-,0,-,4644,2
1166,2021,Kirk Cousins,QB,MIN,16,307.3,17,QB · 11,19.21,20,QB · 12,33,66.3%,372,561,4221,33,7,263.8,29,115,3.97,1,7.2,0,0,0,-,0,-,4336,1
1166,2020,Kirk Cousins,QB,MIN,16,319.2,17,QB · 11,19.95,22,QB · 13,32,67.6%,349,516,4265,35,13,266.6,32,156,4.88,1,9.8,0,0,0,-,0,-,4421,1
1166,2019,Kirk Cousins,QB,MIN,15,250.4,35,QB · 18,16.69,36,QB · 20,31,69.1%,307,444,3603,26,6,240.2,31,63,2.03,1,4.2,1,0,0,-,0,-,3666,1
1166,2018,Kirk Cousins,QB,MIN,16,283.1,27,QB · 12,17.69,36,QB · 16,30,70.1%,425,606,4298,30,10,268.6,44,123,2.8,1,7.7,1,1,-1,-1,0,-0.1,4420,1
1166,2017,Kirk Cousins,QB,-,16,277.6,15,QB · 6,17.35,21,QB · 9,-,-,-,-,-,-,-,-,-,-,-,-,-,-,-,-,-,-,-,0,-
1166,2016,Kirk Cousins,QB,-,16,300.3,11,QB · 5,18.77,14,QB · 6,-,-,-,-,-,-,-,-,-,-,-,-,-,-,-,-,-,-,-,0,-
7351,2023,Kirk Merritt,WR,NO,1,0.0,537,WR · 205,0.00,537,WR · 205,26,-,0,0,0,0,0,-,0,0,-,0,-,0,0,0,-,0,-,0,0
7351,2022,Kirk Merritt,WR,NO,1,0.0,571,WR · 218,0.00,571,WR · 218,25,-,0,0,0,0,0,-,0,0,-,0,-,0,0,0,-,0,-,0,0
7351,2021,Kirk Merritt,WR,MIA,1,2.3,543,WR · 214,2.30,439,WR · 174,24,-,0,0,0,0,0,-,0,0,-,0,-,3,1,13,13,0,13.0,13,0
7351,2020,Kirk Merritt,WR,MIA,1,0.0,560,WR · 208,0.00,560,WR · 208,23,-,0,0,0,0,0,-,0,0,-,0,-,0,0,0,-,0,-,0,0
6805,2024,KJ Hamler,WR,-,1,0.0,544,WR · 215,0.00,544,WR · 215,-,-,-,-,-,-,-,-,-,-,-,-,-,-,-,-,-,-,-,0,-
6805,2022,KJ Hamler,WR,DEN,7,25.8,357,WR · 141,3.69,338,WR · 128,23,-,0,0,0,0,0,-,2,23,11.5,0,3.3,14,7,165,23.57,0,23.6,188,0
6805,2021,KJ Hamler,WR,DEN,3,12.4,436,WR · 171,4.13,338,WR · 135,22,-,0,0,0,0,0,-,0,0,-,0,-,10,5,74,14.8,0,24.7,74,0
6805,2020,KJ Hamler,WR,DEN,13,90.1,197,WR · 85,6.93,231,WR · 93,21,-,0,0,0,0,0,-,9,40,4.44,0,3.1,56,30,381,12.7,3,29.3,421,3
6866,2021,KJ Hill Jr.,WR,-,6,6.0,492,WR · 193,1.00,517,WR · 201,-,-,-,-,-,-,-,-,-,-,-,-,-,-,-,-,-,-,-,0,-
6866,2020,KJ Hill Jr.,WR,-,15,12.3,432,WR · 169,0.82,488,WR · 190,-,-,-,-,-,-,-,-,-,-,-,-,-,-,-,-,-,-,-,0,-
8484,2024,Ko Kieft,TE,TB,17,0.0,544,TE · 115,0.00,544,TE · 115,26,-,0,0,0,0,0,-,0,0,-,0,-,0,0,0,-,0,-,0,0
8484,2023,Ko Kieft,TE,TB,14,7.2,459,TE · 94,0.51,504,TE · 101,25,-,0,0,0,0,0,-,0,0,-,0,-,5,1,2,2,1,0.1,2,1
8484,2022,Ko Kieft,TE,TB,14,21.0,380,TE · 77,1.50,481,TE · 96,24,-,0,0,0,0,0,-,0,0,-,0,-,10,7,80,11.43,1,5.7,80,1
12718,2025,Konata Mumpfield,WR,LAR,17,25.2,328,WR · 135,1.48,367,WR · 150,-,-,0,0,0,0,0,-,0,0,0,0,-,23,10,92,9.2,1,5.4,92,1
4526,2019,Krishawn Hogan,WR,NO,8,1.4,475,WR · 187,0.18,482,WR · 187,24,-,0,0,0,0,0,-,0,0,-,0,-,1,1,4,4,0,0.5,4,0
4526,2017,Krishawn Hogan,WR,-,2,0.0,529,WR · 200,0.00,529,WR · 200,-,-,-,-,-,-,-,-,-,-,-,-,-,-,-,-,-,-,-,0,-
7438,2024,Kristian Wilkerson,WR,LV,2,9.8,431,WR · 171,4.90,257,WR · 103,27,-,0,0,0,0,0,-,0,0,-,0,-,3,2,18,9,1,9.0,18,1
7438,2021,Kristian Wilkerson,WR,NE,1,20.2,385,WR · 154,20.20,18,WR · 4,24,-,0,0,0,0,0,-,0,0,-,0,-,8,4,42,10.5,2,42.0,42,2
7438,2020,Kristian Wilkerson,WR,NE,1,0.0,560,WR · 208,0.00,560,WR · 208,23,-,0,0,0,0,0,-,0,0,-,0,-,0,0,0,-,0,-,0,0
5142,2021,Kurt Benkert,QB,GB,1,-0.1,660,QB · 77,-0.10,661,QB · 78,26,-,0,0,0,0,0,-,2,-1,-0.5,0,-1.0,0,0,0,-,0,-,-1,0
8435,2023,Kwamie Lassiter II,WR,CIN,1,1.2,528,WR · 202,1.20,446,WR · 179,25,-,0,0,0,0,0,-,0,0,-,0,-,1,1,2,2,0,2.0,2,0
5127,2024,Kyle Allen,QB,PIT,1,0.8,532,QB · 71,0.80,470,QB · 68,28,100.0%,1,1,19,0,0,19.0,0,0,-,0,-,0,0,0,-,0,-,19,0
5127,2023,Kyle Allen,QB,BUF,7,-1.3,634,QB · 87,-0.19,631,QB · 84,27,-,0,0,0,0,0,-,13,-13,-1,0,-1.9,0,0,0,-,0,-,-13,0
5127,2022,Kyle Allen,QB,HOU,3,19.9,388,QB · 57,6.63,231,QB · 57,26,59.0%,46,78,416,2,4,138.7,6,13,2.17,0,4.3,0,0,0,-,0,-,429,0
5127,2021,Kyle Allen,QB,WAS,2,7.9,470,QB · 62,3.95,354,QB · 59,25,63.2%,12,19,120,1,0,60.0,2,11,5.5,0,5.5,0,0,0,-,0,-,131,0
5127,2020,Kyle Allen,QB,WAS,4,46.0,291,QB · 43,11.50,122,QB · 41,24,69.0%,60,87,610,4,1,152.5,7,26,3.71,1,6.5,0,0,0,-,0,-,636,1
5127,2019,Kyle Allen,QB,CAR,14,193.5,80,QB · 28,13.82,83,QB · 31,23,62.0%,303,489,3322,17,16,237.3,32,106,3.31,2,7.6,0,0,0,-,0,-,3428,2
5127,2018,Kyle Allen,QB,CAR,2,26.5,345,QB · 47,13.25,83,QB · 33,22,64.5%,20,31,266,2,0,133.0,5,19,3.8,1,9.5,0,0,0,-,0,-,285,1
1379,2024,Kyle Juszczyk,RB,SF,17,57.6,253,RB · 62,3.39,305,RB · 77,33,-,0,0,0,0,0,-,5,26,5.2,1,1.5,31,19,200,10.53,2,11.8,226,3
1379,2023,Kyle Juszczyk,RB,SF,16,38.5,304,RB · 77,2.41,367,RB · 95,32,-,0,0,0,0,0,-,5,6,1.2,0,0.4,17,14,119,8.5,2,7.4,125,2
1379,2022,Kyle Juszczyk,RB,SF,13,53.6,264,RB · 70,4.12,318,RB · 84,31,-,0,0,0,0,0,-,7,26,3.71,1,2.0,23,19,200,10.53,1,15.4,226,2
1379,2021,Kyle Juszczyk,RB,SF,15,73.8,233,RB · 64,4.92,297,RB · 87,30,-,0,0,0,0,0,-,8,22,2.75,1,1.5,38,30,296,9.87,1,19.7,318,2
1379,2020,Kyle Juszczyk,RB,SF,16,81.6,215,RB · 57,5.10,274,RB · 74,29,-,0,0,0,0,0,-,17,64,3.76,2,4.0,29,19,202,10.63,4,12.6,266,6
1379,2019,Kyle Juszczyk,RB,SF,12,50.6,256,RB · 72,4.22,279,RB · 76,28,-,0,0,0,0,0,-,3,7,2.33,0,0.6,24,20,239,11.95,1,19.9,246,1
1379,2018,Kyle Juszczyk,RB,SF,16,67.4,234,RB · 69,4.21,299,RB · 83,27,-,0,0,0,0,0,-,8,30,3.75,0,1.9,41,30,324,10.8,1,20.3,354,1
1379,2017,Kyle Juszczyk,RB,-,14,69.6,219,RB · 68,4.97,273,RB · 83,-,-,-,-,-,-,-,-,-,-,-,-,-,-,-,-,-,-,-,0,-
1379,2016,Kyle Juszczyk,RB,-,16,73.8,221,RB · 61,4.61,274,RB · 76,-,-,-,-,-,-,-,-,-,-,-,-,-,-,-,-,-,-,-,0,-
4996,2018,Kyle Lauletta,QB,NYG,2,-2.2,646,QB · 78,-1.10,645,QB · 78,23,0.0%,0,5,0,0,1,-,1,-2,-2,0,-1.0,0,0,0,-,0,-,-2,0
12494,2025,Kyle McCord,QB,PHI,0,0.0,415,QB · 62,-,-,-,-,-,0,0,0,0,0,-,0,0,0,0,-,0,0,0,0,0,-,0,0
12534,2025,Kyle Monangai,RB,CHI,17,146.7,111,RB · 30,8.63,167,RB · 43,-,-,0,0,0,0,0,-,169,783,4.63,5,46.1,30,18,164,9.1,0,9.6,947,5
8171,2023,Kyle Philips,WR,TEN,9,31.1,332,WR · 139,3.46,305,WR · 121,24,-,0,0,0,0,0,-,0,0,-,0,-,22,15,181,12.07,0,20.1,181,0
8171,2022,Kyle Philips,WR,TEN,4,11.8,430,WR · 163,2.95,393,WR · 150,23,-,0,0,0,0,0,-,0,0,-,0,-,13,8,78,9.75,0,19.5,78,0
7553,2025,Kyle Pitts,TE,ATL,17,210.8,57,TE · 2,12.40,88,TE · 5,-,-,0,0,0,0,0,-,0,0,0,0,-,118,88,928,10.6,5,54.6,928,5
7553,2024,Kyle Pitts,TE,ATL,17,131.2,135,TE · 15,7.72,194,TE · 22,24,-,0,0,0,0,0,-,0,0,-,0,-,74,47,602,12.81,4,35.4,602,4
7553,2023,Kyle Pitts,TE,ATL,17,137.3,127,TE · 13,8.08,175,TE · 17,23,-,0,0,0,0,0,-,1,-4,-4,0,-0.2,90,53,667,12.58,3,39.2,663,3
7553,2022,Kyle Pitts,TE,ATL,10,75.6,221,TE · 33,7.56,205,TE · 24,22,-,0,0,0,0,0,-,0,0,-,0,-,59,28,356,12.71,2,35.6,356,2
7553,2021,Kyle Pitts,TE,ATL,17,176.6,89,TE · 6,10.39,146,TE · 13,21,-,0,0,0,0,0,-,0,0,-,0,-,110,68,1026,15.09,1,60.4,1026,1
943,2022,Kyle Rudolph,TE,TB,5,11.8,430,TE · 89,2.36,431,TE · 81,33,-,0,0,0,0,0,-,0,0,-,0,-,5,3,28,9.33,1,5.6,28,1
943,2021,Kyle Rudolph,TE,NYG,15,59.7,264,TE · 42,3.98,353,TE · 57,32,-,0,0,0,0,0,-,0,0,-,0,-,39,26,257,9.88,1,17.1,257,1
943,2020,Kyle Rudolph,TE,MIN,12,65.4,246,TE · 40,5.45,259,TE · 35,31,-,0,0,0,0,0,-,0,0,-,0,-,37,28,334,11.93,1,27.8,334,1
943,2019,Kyle Rudolph,TE,MIN,16,113.7,150,TE · 14,7.11,192,TE · 21,30,-,0,0,0,0,0,-,0,0,-,0,-,48,39,367,9.41,6,22.9,367,6
943,2018,Kyle Rudolph,TE,MIN,16,151.4,107,TE · 7,9.46,150,TE · 12,29,-,0,0,0,0,0,-,0,0,-,0,-,82,64,634,9.91,4,39.6,634,4
943,2017,Kyle Rudolph,TE,-,16,158.2,94,TE · 8,9.89,131,TE · 9,-,-,-,-,-,-,-,-,-,-,-,-,-,-,-,-,-,-,-,0,-
943,2016,Kyle Rudolph,TE,-,16,209.0,59,TE · 2,13.06,83,TE · 4,-,-,-,-,-,-,-,-,-,-,-,-,-,-,-,-,-,-,-,0,-
4588,2018,Kyle Sloter,QB,-,1,0.0,543,QB · 67,0.00,543,QB · 67,-,-,-,-,-,-,-,-,-,-,-,-,-,-,-,-,-,-,-,0,-
7605,2024,Kyle Trask,QB,TB,4,-0.2,638,QB · 85,-0.05,638,QB · 85,26,100.0%,1,1,5,0,0,1.3,5,-4,-0.8,0,-1.0,0,0,0,-,0,-,1,0
7605,2023,Kyle Trask,QB,TB,2,-0.1,629,QB · 83,-0.05,629,QB · 83,25,0.0%,0,1,0,0,0,-,1,-1,-1,0,-0.5,0,0,0,-,0,-,-1,0
7605,2022,Kyle Trask,QB,TB,1,0.9,561,QB · 76,0.90,516,QB · 76,24,33.3%,3,9,23,0,0,23.0,0,0,-,0,-,0,0,0,-,0,-,23,0
12547,2025,Kyle Williams,WR,NE,17,49.2,275,WR · 111,2.89,329,WR · 133,-,-,0,0,0,0,0,-,2,3,1.5,0,0.2,21,10,209,20.9,3,12.3,212,3
12547,2016,Kyle Williams,WR,-,1,0.0,540,WR · 193,0.00,540,WR · 193,-,-,-,-,-,-,-,-,-,-,-,-,-,-,-,-,-,-,-,0,-
7602,2025,Kylen Granson,TE,PHI,17,11.0,369,TE · 70,0.65,394,TE · 72,-,-,0,0,0,0,0,-,0,0,0,0,-,9,7,40,5.7,0,2.4,40,0
7602,2024,Kylen Granson,TE,IND,17,32.2,320,TE · 61,1.89,377,TE · 64,26,-,0,0,0,0,0,-,0,0,-,0,-,31,14,182,13,0,10.7,182,0
7602,2023,Kylen Granson,TE,IND,15,73.0,217,TE · 33,4.87,253,TE · 34,25,-,0,0,0,0,0,-,1,2,2,0,0.1,50,30,368,12.27,1,24.5,370,1
7602,2022,Kylen Granson,TE,IND,13,61.2,246,TE · 41,4.71,297,TE · 44,24,-,0,0,0,0,0,-,1,0,0,0,-,40,31,302,9.74,0,23.2,302,0
7602,2021,Kylen Granson,TE,IND,10,21.6,377,TE · 69,2.16,443,TE · 83,23,-,0,0,0,0,0,-,0,0,-,0,-,15,11,106,9.64,0,10.6,106,0
5849,2025,Kyler Murray,QB,ARI,5,80.8,210,QB · 38,16.16,38,QB · 20,-,68.3%,110,161,962,6,3,192.4,29,173,5.97,1,34.6,0,0,0,0,0,-,1135,1
5849,2024,Kyler Murray,QB,ARI,17,308.2,17,QB · 10,18.13,25,QB · 14,27,68.8%,372,541,3851,21,11,226.5,78,572,7.33,5,33.6,0,0,0,-,0,-,4423,5
5849,2023,Kyler Murray,QB,ARI,8,151.4,114,QB · 26,18.93,16,QB · 9,26,65.7%,176,268,1799,10,5,224.9,44,244,5.55,3,30.5,0,0,0,-,0,-,2043,3
5849,2022,Kyler Murray,QB,ARI,11,207.5,58,QB · 19,18.86,18,QB · 9,25,66.4%,259,390,2368,14,7,215.3,67,418,6.24,3,38.0,0,0,0,-,0,-,2786,3
5849,2021,Kyler Murray,QB,ARI,14,310.5,16,QB · 10,22.18,6,QB · 4,24,69.2%,333,481,3787,24,10,270.5,88,423,4.81,5,30.2,0,0,7,-,0,0.5,4217,5
5849,2020,Kyler Murray,QB,ARI,16,390.7,2,QB · 2,24.42,8,QB · 5,23,67.2%,375,558,3971,26,12,248.2,133,819,6.16,11,51.2,0,0,0,-,0,-,4790,11
5849,2019,Kyler Murray,QB,ARI,16,297.3,12,QB · 7,18.58,21,QB · 12,22,64.4%,349,542,3722,20,12,232.6,93,544,5.85,4,34.0,0,0,0,-,0,-,4266,4
7572,2022,Kylin Hill,RB,GB,1,0.7,564,RB · 156,0.70,536,RB · 146,24,-,0,0,0,0,0,-,1,7,7,0,7.0,0,0,0,-,0,-,7,0
7572,2021,Kylin Hill,RB,GB,8,3.9,521,RB · 146,0.49,556,RB · 156,23,-,0,0,0,0,0,-,10,24,2.4,0,3.0,2,1,5,5,0,0.6,29,0
8150,2025,Kyren Williams,RB,LAR,17,263.3,28,RB · 9,15.49,44,RB · 11,-,-,0,0,0,0,0,-,259,1252,4.83,10,73.6,50,36,281,7.8,3,16.5,1533,13
8150,2024,Kyren Williams,RB,LAR,16,272.1,27,RB · 7,17.01,36,RB · 10,24,-,0,0,0,0,0,-,316,1299,4.11,14,81.2,40,34,182,5.35,2,11.4,1481,16
8150,2023,Kyren Williams,RB,LAR,12,255.0,33,RB · 7,21.25,8,RB · 2,23,-,0,0,0,0,0,-,228,1144,5.02,12,95.3,48,32,206,6.44,3,17.2,1350,15
8150,2022,Kyren Williams,RB,LAR,8,30.5,339,RB · 91,3.81,332,RB · 86,22,-,0,0,0,0,0,-,35,139,3.97,0,17.4,12,9,76,8.44,0,9.5,215,0
6908,2024,La'Mical Perine,RB,-,1,0.0,544,RB · 141,0.00,544,RB · 141,-,-,-,-,-,-,-,-,-,-,-,-,-,-,-,-,-,-,-,0,-
6908,2023,La'Mical Perine,RB,KC,5,14.0,413,RB · 103,2.80,337,RB · 85,25,-,0,0,0,0,0,-,22,77,3.5,0,15.4,5,3,33,11,0,6.6,110,0
6908,2022,La'Mical Perine,RB,-,1,0.0,571,RB · 160,0.00,571,RB · 160,-,-,-,-,-,-,-,-,-,-,-,-,-,-,-,-,-,-,-,0,-
6908,2021,La'Mical Perine,RB,NYJ,2,3.1,533,RB · 150,1.55,486,RB · 137,23,-,0,0,0,0,0,-,8,31,3.88,0,15.5,0,0,0,-,0,-,31,0
6908,2020,La'Mical Perine,RB,NYJ,10,52.5,279,RB · 76,5.25,268,RB · 72,22,-,0,0,0,0,0,-,64,232,3.63,2,23.2,15,11,63,5.73,0,6.3,295,2
11635,2025,Ladd McConkey,WR,LAC,16,180.9,85,WR · 30,11.31,119,WR · 39,-,-,0,0,0,0,0,-,0,0,0,0,-,106,66,789,12,6,49.3,789,6
11635,2024,Ladd McConkey,WR,LAC,16,240.9,46,WR · 12,15.06,64,WR · 19,23,-,0,0,0,0,0,-,0,0,-,0,-,112,82,1149,14.01,7,71.8,1149,7
12699,2025,LaJohntay Wester,WR,BAL,14,-2.0,463,WR · 186,-0.14,417,WR · 167,-,-,0,0,0,0,0,-,0,0,0,0,-,0,0,0,0,0,-,0,0
4881,2025,Lamar Jackson,QB,BAL,13,221.9,46,QB · 20,17.07,31,QB · 17,-,63.6%,192,302,2549,21,7,196.1,67,349,5.21,2,26.8,0,0,0,0,0,-,2898,2
4881,2024,Lamar Jackson,QB,BAL,17,434.4,1,QB · 1,25.55,1,QB · 1,27,66.7%,316,474,4172,41,4,245.4,139,915,6.58,4,53.8,0,0,0,-,0,-,5087,4
4881,2023,Lamar Jackson,QB,BAL,16,338.2,7,QB · 4,21.14,9,QB · 4,26,67.2%,307,457,3678,24,7,229.9,148,821,5.55,5,51.3,0,0,0,-,0,-,4499,5
4881,2022,Lamar Jackson,QB,BAL,12,243.1,34,QB · 14,20.26,11,QB · 7,25,62.3%,203,326,2242,17,7,186.8,112,764,6.82,3,63.7,0,0,0,-,0,-,3006,3
4881,2021,Lamar Jackson,QB,BAL,12,253.0,34,QB · 15,21.08,13,QB · 7,24,64.4%,246,382,2882,16,13,240.2,133,767,5.77,2,63.9,0,0,0,-,0,-,3649,2
4881,2020,Lamar Jackson,QB,BAL,15,341.8,12,QB · 10,22.79,14,QB · 10,23,64.4%,242,376,2757,26,9,183.8,159,1005,6.32,7,67.0,0,0,0,-,0,-,3762,7
4881,2019,Lamar Jackson,QB,BAL,15,421.7,2,QB · 1,28.11,2,QB · 1,22,66.1%,265,401,3127,36,6,208.5,176,1206,6.85,7,80.4,0,0,0,-,0,-,4333,7
4881,2018,Lamar Jackson,QB,BAL,16,157.6,98,QB · 29,9.85,143,QB · 40,21,58.2%,99,170,1201,6,3,75.1,147,695,4.73,5,43.4,2,0,0,-,0,-,1896,5
1048,2020,Lamar Miller,RB,CHI,1,2.6,517,RB · 145,2.60,370,RB · 103,29,-,0,0,0,0,0,-,0,0,-,0,-,2,2,6,3,0,6.0,6,0
1048,2019,Lamar Miller,RB,-,1,0.0,496,RB · 136,0.00,495,RB · 136,-,-,-,-,-,-,-,-,-,-,-,-,-,-,-,-,-,-,-,0,-
1048,2018,Lamar Miller,RB,HOU,14,172.6,87,RB · 23,12.33,97,RB · 24,27,-,0,0,0,0,0,-,210,973,4.63,5,69.5,35,25,163,6.52,1,11.6,1136,6
1048,2017,Lamar Miller,RB,-,16,193.5,62,RB · 16,12.09,82,RB · 21,-,-,-,-,-,-,-,-,-,-,-,-,-,-,-,-,-,-,-,0,-
1048,2016,Lamar Miller,RB,-,14,191.1,80,RB · 19,13.65,67,RB · 18,-,-,-,-,-,-,-,-,-,-,-,-,-,-,-,-,-,-,-,0,-
964,2018,Lance Kendricks,TE,GB,16,42.0,297,TE · 49,2.63,362,TE · 67,30,-,0,0,0,0,0,-,0,0,-,0,-,25,19,170,8.95,1,10.6,170,1
964,2017,Lance Kendricks,TE,-,16,44.3,283,TE · 48,2.77,339,TE · 56,-,-,-,-,-,-,-,-,-,-,-,-,-,-,-,-,-,-,-,0,-
964,2016,Lance Kendricks,TE,-,16,109.9,165,TE · 23,6.87,219,TE · 30,-,-,-,-,-,-,-,-,-,-,-,-,-,-,-,-,-,-,-,0,-
4750,2019,Lance Lenoir Jr.,WR,-,1,0.0,496,WR · 189,0.00,495,WR · 188,-,-,-,-,-,-,-,-,-,-,-,-,-,-,-,-,-,-,-,0,-
4750,2018,Lance Lenoir Jr.,WR,DAL,7,0.0,543,WR · 206,0.00,543,WR · 206,23,-,0,0,0,0,0,-,0,0,-,0,-,0,0,0,-,0,-,0,0
4750,2017,Lance Lenoir Jr.,WR,-,1,0.0,529,WR · 200,0.00,529,WR · 200,-,-,-,-,-,-,-,-,-,-,-,-,-,-,-,-,-,-,-,0,-
8745,2022,Lance McCutcheon,WR,LAR,4,0.0,571,WR · 218,0.00,571,WR · 218,23,-,0,0,0,0,0,-,0,0,-,0,-,5,0,0,-,0,-,0,0
7915,2021,Landen Akers,WR,LAR,1,0.0,582,WR · 225,0.00,582,WR · 225,24,-,0,0,0,0,0,-,0,0,-,0,-,0,0,0,-,0,-,0,0
3155,2024,Laquon Treadwell,WR,IND,1,0.0,544,WR · 215,0.00,544,WR · 215,29,-,0,0,0,0,0,-,0,0,-,0,-,0,0,0,-,0,-,0,0
3155,2023,Laquon Treadwell,WR,BAL,4,2.6,504,WR · 196,0.65,491,WR · 193,28,-,0,0,0,0,0,-,0,0,-,0,-,3,1,16,16,0,4.0,16,0
3155,2022,Laquon Treadwell,WR,SEA,3,10.2,446,WR · 170,3.40,362,WR · 138,27,-,0,0,0,0,0,-,0,0,-,0,-,10,6,42,7,0,14.0,42,0
3155,2021,Laquon Treadwell,WR,JAX,12,82.4,211,WR · 88,6.87,236,WR · 93,26,-,0,0,0,0,0,-,0,0,-,0,-,51,33,434,13.15,1,36.2,434,1
3155,2020,Laquon Treadwell,WR,ATL,5,22.9,368,WR · 154,4.58,291,WR · 118,25,-,0,0,0,0,0,-,0,0,-,0,-,7,6,49,8.17,2,9.8,49,2
3155,2019,Laquon Treadwell,WR,MIN,14,33.4,307,WR · 128,2.39,340,WR · 136,24,-,0,0,0,0,0,-,0,0,-,0,-,16,9,184,20.44,1,13.1,184,1
3155,2018,Laquon Treadwell,WR,MIN,15,71.2,225,WR · 92,4.75,280,WR · 114,23,-,0,0,0,0,0,-,0,0,-,0,-,53,35,302,8.63,1,20.1,302,1
3155,2017,Laquon Treadwell,WR,-,16,40.0,296,WR · 120,2.50,358,WR · 139,-,-,-,-,-,-,-,-,-,-,-,-,-,-,-,-,-,-,-,0,-
3155,2016,Laquon Treadwell,WR,-,9,2.5,497,WR · 186,0.28,514,WR · 191,-,-,-,-,-,-,-,-,-,-,-,-,-,-,-,-,-,-,-,0,-
223,2019,Larry Fitzgerald,WR,ARI,-,177.4,91,WR · 35,-,-,-,36,-,0,0,0,0,0,-,0,0,-,0,-,109,75,804,10.72,4,-,804,4
223,2018,Larry Fitzgerald,WR,ARI,16,185.7,72,WR · 25,11.61,109,WR · 35,35,100.0%,1,1,32,1,0,2.0,0,0,-,0,-,112,69,734,10.64,6,45.9,766,6
223,2017,Larry Fitzgerald,WR,-,16,261.4,20,WR · 4,16.34,28,WR · 5,-,-,-,-,-,-,-,-,-,-,-,-,-,-,-,-,-,-,-,0,-
223,2016,Larry Fitzgerald,WR,-,16,243.8,36,WR · 11,15.24,41,WR · 12,-,-,-,-,-,-,-,-,-,-,-,-,-,-,-,-,-,-,-,0,-
7574,2022,Larry Rountree III,RB,LAC,3,5.3,496,RB · 139,1.77,463,RB · 127,23,-,0,0,0,0,0,-,13,19,1.46,0,6.3,2,2,14,7,0,4.7,33,0
7574,2021,Larry Rountree III,RB,LAC,10,15.6,414,RB · 117,1.56,484,RB · 136,22,-,0,0,0,0,0,-,36,87,2.42,1,8.7,2,1,-1,-1,0,-0.1,86,1
1476,2023,Latavius Murray,RB,BUF,16,82.9,198,RB · 54,5.18,245,RB · 66,33,-,0,0,0,0,0,-,79,300,3.8,4,18.8,22,17,119,7,0,7.4,419,4
1476,2022,Latavius Murray,RB,2TM,14,154.2,110,RB · 32,11.01,118,RB · 29,32,-,0,0,0,0,0,-,171,760,4.44,6,54.3,35,27,132,4.89,0,9.4,892,6
1476,2021,Latavius Murray,RB,BAL,14,103.6,178,RB · 54,7.40,219,RB · 61,31,-,0,0,0,0,0,-,119,501,4.21,6,35.8,13,10,75,7.5,0,5.4,576,6
1476,2020,Latavius Murray,RB,NO,15,136.2,139,RB · 33,9.08,172,RB · 40,30,-,0,0,0,0,0,-,146,656,4.49,4,43.7,26,23,176,7.65,1,11.7,832,5
1476,2019,Latavius Murray,RB,NO,16,157.2,105,RB · 27,9.83,143,RB · 36,29,-,0,0,0,0,0,-,146,637,4.36,5,39.8,43,34,235,6.91,1,14.7,872,6
1476,2018,Latavius Murray,RB,MIN,16,131.9,135,RB · 38,8.24,184,RB · 50,28,-,0,0,0,0,0,-,140,578,4.13,6,36.1,26,22,141,6.41,0,8.8,719,6
1476,2017,Latavius Murray,RB,-,16,157.5,96,RB · 25,9.84,132,RB · 34,-,-,-,-,-,-,-,-,-,-,-,-,-,-,-,-,-,-,-,0,-
1476,2016,Latavius Murray,RB,-,14,208.2,60,RB · 13,14.87,46,RB · 11,-,-,-,-,-,-,-,-,-,-,-,-,-,-,-,-,-,-,-,0,-
6814,2024,Laviska Shenault Jr.,WR,2TM,12,10.7,424,WR · 168,0.89,461,WR · 187,26,-,0,0,0,0,0,-,1,1,1,0,0.1,5,5,36,7.2,0,3.0,37,1
6814,2023,Laviska Shenault Jr.,WR,CAR,8,21.5,376,WR · 155,2.69,347,WR · 133,25,-,0,0,0,0,0,-,12,55,4.58,0,6.9,10,10,60,6,0,7.5,115,0
6814,2022,Laviska Shenault Jr.,WR,CAR,13,72.7,227,WR · 95,5.59,262,WR · 98,24,-,0,0,0,0,0,-,9,65,7.22,1,5.0,32,27,272,10.07,1,20.9,337,2
6814,2021,Laviska Shenault Jr.,WR,JAX,16,127.0,144,WR · 56,7.94,204,WR · 79,23,-,0,0,0,0,0,-,11,41,3.73,0,2.6,100,63,619,9.83,0,38.7,660,0
6814,2020,Laviska Shenault Jr.,WR,JAX,14,157.1,111,WR · 46,11.22,129,WR · 49,22,-,0,0,0,0,0,-,18,91,5.06,0,6.5,79,58,600,10.34,5,42.9,691,5
7106,2023,Lawrence Cager,WR,NYG,8,13.6,416,WR · 169,1.70,412,WR · 163,26,-,0,0,0,0,0,-,0,0,-,0,-,5,4,36,9,1,4.5,36,1
7106,2022,Lawrence Cager,WR,2TM,6,30.8,336,WR · 136,5.13,278,WR · 108,25,-,0,0,0,0,0,-,0,0,-,0,-,19,13,118,9.08,1,19.7,118,1
7106,2020,Lawrence Cager,WR,NYJ,2,5.5,485,WR · 188,2.75,364,WR · 144,23,-,0,0,0,0,0,-,0,0,-,0,-,6,2,35,17.5,0,17.5,35,0
1408,2021,Le'Veon Bell,RB,2TM,8,38.1,323,RB · 89,4.76,305,RB · 88,29,-,0,0,0,0,0,-,39,101,2.59,2,12.6,7,5,30,6,1,3.8,131,3
1408,2020,Le'Veon Bell,RB,2TM,11,74.6,228,RB · 61,6.78,234,RB · 62,28,-,0,0,0,0,0,-,82,328,4,2,29.8,20,16,138,8.63,0,12.5,466,2
1408,2019,Le'Veon Bell,RB,NYJ,15,215.0,65,RB · 15,14.33,73,RB · 17,27,-,0,0,0,0,0,-,245,789,3.22,3,52.6,78,66,461,6.98,1,30.7,1250,4
1408,2017,Le'Veon Bell,RB,-,15,341.6,3,RB · 2,22.77,3,RB · 2,-,-,-,-,-,-,-,-,-,-,-,-,-,-,-,-,-,-,-,0,-
1408,2016,Le'Veon Bell,RB,-,12,317.4,6,RB · 3,26.45,1,RB · 1,-,-,-,-,-,-,-,-,-,-,-,-,-,-,-,-,-,-,-,0,-
812,2021,Lee Smith,TE,ATL,10,21.5,378,TE · 70,2.15,444,TE · 84,34,-,0,0,0,0,0,-,0,0,-,0,-,11,9,65,7.22,1,6.5,65,1
812,2020,Lee Smith,TE,BUF,10,19.5,388,TE · 76,1.95,415,TE · 75,33,-,0,0,0,0,0,-,0,0,-,0,-,6,4,35,8.75,2,3.5,35,2
812,2019,Lee Smith,TE,BUF,16,13.1,388,TE · 85,0.82,421,TE · 92,32,-,0,0,0,0,0,-,0,0,-,0,-,5,4,31,7.75,1,1.9,31,1
812,2018,Lee Smith,TE,OAK,16,35.3,324,TE · 59,2.21,379,TE · 72,31,-,0,0,0,0,0,-,0,0,-,0,-,11,10,73,7.3,3,4.6,73,3
812,2017,Lee Smith,TE,-,16,15.6,384,TE · 79,0.98,441,TE · 87,-,-,-,-,-,-,-,-,-,-,-,-,-,-,-,-,-,-,-,0,-
812,2016,Lee Smith,TE,-,4,8.9,431,TE · 86,2.23,379,TE · 65,-,-,-,-,-,-,-,-,-,-,-,-,-,-,-,-,-,-,-,0,-
3969,2023,Leonard Fournette,RB,BUF,2,4.0,487,RB · 126,2.00,395,RB · 104,28,-,0,0,0,0,0,-,12,40,3.33,0,20.0,0,0,0,-,0,-,40,0
3969,2022,Leonard Fournette,RB,TB,16,227.1,45,RB · 12,14.19,63,RB · 13,27,0.0%,0,1,0,0,1,-,189,668,3.53,3,41.8,83,73,523,7.16,3,32.7,1191,6
3969,2021,Leonard Fournette,RB,TB,14,255.6,33,RB · 6,18.26,21,RB · 4,26,0.0%,0,1,0,0,0,-,180,812,4.51,8,58.0,84,69,454,6.58,2,32.4,1266,10
3969,2020,Leonard Fournette,RB,TB,13,132.0,141,RB · 34,10.15,149,RB · 36,25,-,0,0,0,0,0,-,97,367,3.78,6,28.2,47,36,233,6.47,0,17.9,600,6
3969,2019,Leonard Fournette,RB,JAX,15,259.4,27,RB · 7,17.29,30,RB · 9,24,-,0,0,0,0,0,-,265,1152,4.35,3,76.8,100,76,522,6.87,0,34.8,1674,3
3969,2018,Leonard Fournette,RB,JAX,8,120.4,146,RB · 40,15.05,62,RB · 12,23,-,0,0,0,0,0,-,133,439,3.3,5,54.9,26,22,185,8.41,1,23.1,624,6
3969,2017,Leonard Fournette,RB,-,13,230.2,33,RB · 9,17.71,17,RB · 7,-,-,-,-,-,-,-,-,-,-,-,-,-,-,-,-,-,-,-,0,-
12544,2025,LeQuint Allen,RB,JAX,17,26.8,325,RB · 79,1.58,362,RB · 94,-,-,0,0,0,0,0,-,23,94,4.09,0,5.5,11,10,54,5.4,0,3.2,148,0
8660,2024,Leroy Watson,TE,-,4,0.0,544,TE · 115,0.00,544,TE · 115,-,-,-,-,-,-,-,-,-,-,-,-,-,-,-,-,-,-,-,0,-
8660,2023,Leroy Watson,TE,-,4,0.0,537,TE · 114,0.00,537,TE · 114,-,-,-,-,-,-,-,-,-,-,-,-,-,-,-,-,-,-,-,0,-
676,2020,LeSean McCoy,RB,TB,10,28.2,350,RB · 93,2.82,359,RB · 100,32,-,0,0,0,0,0,-,10,31,3.1,0,3.1,19,15,101,6.73,0,10.1,132,0
676,2019,LeSean McCoy,RB,KC,13,118.6,143,RB · 40,9.12,156,RB · 42,31,-,0,0,0,0,0,-,101,465,4.6,4,35.8,34,28,181,6.46,1,13.9,646,5
676,2018,LeSean McCoy,RB,BUF,14,127.2,140,RB · 39,9.09,161,RB · 45,30,-,0,0,0,0,0,-,161,514,3.19,3,36.7,46,34,238,7,0,17.0,752,3
676,2017,LeSean McCoy,RB,-,16,263.6,18,RB · 7,16.48,25,RB · 9,-,-,-,-,-,-,-,-,-,-,-,-,-,-,-,-,-,-,-,0,-
676,2016,LeSean McCoy,RB,-,15,298.3,12,RB · 4,19.89,10,RB · 4,-,-,-,-,-,-,-,-,-,-,-,-,-,-,-,-,-,-,-,0,-
6959,2021,LeVante Bellamy,RB,-,1,0.0,582,RB · 165,0.00,582,RB · 165,-,-,-,-,-,-,-,-,-,-,-,-,-,-,-,-,-,-,-,0,-
6959,2020,LeVante Bellamy,RB,DEN,5,2.6,517,RB · 145,0.52,521,RB · 144,24,-,0,0,0,0,0,-,4,11,2.75,0,2.2,1,1,5,5,0,1.0,16,0
1642,2020,Levine Toilolo,TE,NYG,16,9.6,450,TE · 89,0.60,505,TE · 98,29,-,0,0,0,0,0,-,0,0,-,0,-,6,5,46,9.2,0,2.9,46,0
1642,2019,Levine Toilolo,TE,SF,13,3.0,458,TE · 99,0.23,477,TE · 106,28,-,0,0,0,0,0,-,0,0,-,0,-,2,2,10,5,0,0.8,10,0
1642,2018,Levine Toilolo,TE,DET,16,53.3,269,TE · 40,3.33,328,TE · 52,27,-,0,0,0,0,0,-,0,0,-,0,-,24,21,263,12.52,1,16.4,263,1
1642,2017,Levine Toilolo,TE,-,15,30.2,322,TE · 60,2.01,370,TE · 65,-,-,-,-,-,-,-,-,-,-,-,-,-,-,-,-,-,-,-,0,-
1642,2016,Levine Toilolo,TE,-,16,51.4,260,TE · 43,3.21,329,TE · 51,-,-,-,-,-,-,-,-,-,-,-,-,-,-,-,-,-,-,-,0,-
5938,2025,Lil'Jordan Humphrey,WR,2TM,10,34.6,305,WR · 123,3.46,309,WR · 121,-,-,0,0,0,0,0,-,0,0,0,0,-,25,13,156,12,1,15.6,156,1
5938,2024,Lil'Jordan Humphrey,WR,DEN,17,64.3,239,WR · 101,3.78,289,WR · 119,26,-,0,0,0,0,0,-,0,0,-,0,-,45,31,293,9.45,1,17.2,293,1
5938,2023,Lil'Jordan Humphrey,WR,DEN,16,47.2,273,WR · 115,2.95,331,WR · 130,25,-,0,0,0,0,0,-,0,0,-,0,-,19,13,162,12.46,3,10.1,162,3
5938,2022,Lil'Jordan Humphrey,WR,NE,4,4.0,516,WR · 194,1.00,512,WR · 197,24,-,0,0,0,0,0,-,0,0,-,0,-,4,2,20,10,0,5.0,20,0
5938,2021,Lil'Jordan Humphrey,WR,NO,8,49.9,292,WR · 119,6.24,256,WR · 102,23,-,0,0,0,0,0,-,0,0,-,0,-,18,13,249,19.15,2,31.1,249,2
5938,2020,Lil'Jordan Humphrey,WR,NO,3,13.6,422,WR · 166,4.53,294,WR · 119,22,-,0,0,0,0,0,-,0,0,-,0,-,5,3,46,15.33,1,15.3,46,1
5938,2019,Lil'Jordan Humphrey,WR,NO,5,0.0,496,WR · 189,0.00,495,WR · 188,21,-,0,0,0,0,0,-,0,0,-,0,-,1,0,0,-,0,-,0,0
587,2018,Logan Paulsen,TE,ATL,15,24.1,356,TE · 68,1.61,406,TE · 80,31,-,0,0,0,0,0,-,0,0,-,0,-,9,9,91,10.11,1,6.1,91,1
587,2017,Logan Paulsen,TE,-,14,0.0,529,TE · 108,0.00,529,TE · 108,-,-,-,-,-,-,-,-,-,-,-,-,-,-,-,-,-,-,-,0,-
587,2016,Logan Paulsen,TE,-,16,4.5,472,TE · 98,0.28,511,TE · 108,-,-,-,-,-,-,-,-,-,-,-,-,-,-,-,-,-,-,-,0,-
2251,2023,Logan Thomas,TE,WAS,16,126.8,139,TE · 16,7.93,180,TE · 18,32,-,0,0,0,0,0,-,1,2,2,0,0.1,78,55,496,9.02,4,31.0,498,4
2251,2022,Logan Thomas,TE,WAS,13,77.3,219,TE · 32,5.95,252,TE · 34,31,-,0,0,0,0,0,-,0,0,-,0,-,61,39,323,8.28,1,24.8,323,1
2251,2021,Logan Thomas,TE,WAS,5,53.6,277,TE · 45,10.72,137,TE · 10,30,-,0,0,0,0,0,-,0,0,-,0,-,25,18,196,10.89,3,39.2,196,3
2251,2020,Logan Thomas,TE,WAS,16,176.6,86,TE · 3,11.04,130,TE · 6,29,100.0%,1,1,28,0,0,1.8,3,5,1.67,0,0.3,110,72,670,9.31,6,41.9,703,6
2251,2019,Logan Thomas,TE,DET,16,39.3,284,TE · 48,2.46,336,TE · 61,28,-,0,0,0,0,0,-,0,0,-,0,-,28,16,173,10.81,1,10.8,173,1
2251,2018,Logan Thomas,TE,BUF,12,20.3,371,TE · 73,1.69,404,TE · 78,27,100.0%,1,1,15,0,0,1.3,0,0,-,0,-,17,12,77,6.42,0,6.4,92,0
2251,2017,Logan Thomas,TE,-,12,19.7,357,TE · 73,1.64,396,TE · 75,-,-,-,-,-,-,-,-,-,-,-,-,-,-,-,-,-,-,-,0,-
5128,2023,Logan Woodside,QB,ATL,1,0.7,535,QB · 75,0.70,488,QB · 71,28,75.0%,3,4,27,0,1,27.0,1,6,6,0,6.0,0,0,0,-,0,-,33,0
5128,2022,Logan Woodside,QB,ATL,1,0.0,571,QB · 80,0.00,571,QB · 80,27,-,0,0,0,0,0,-,0,0,-,0,-,0,0,0,-,0,-,0,0
5128,2021,Logan Woodside,QB,TEN,4,-0.6,666,QB · 81,-0.15,663,QB · 79,26,-,0,0,0,0,0,-,6,-6,-1,0,-1.5,0,0,0,-,0,-,-6,0
5128,2020,Logan Woodside,QB,TEN,6,1.3,546,QB · 74,0.22,543,QB · 77,25,33.3%,1,3,7,0,0,1.2,7,10,1.43,0,1.7,0,0,0,-,0,-,17,0
8249,2024,Lucas Krull,TE,DEN,13,34.2,311,TE · 59,2.63,342,TE · 54,26,-,0,0,0,0,0,-,0,0,-,0,-,23,19,152,8,0,11.7,152,0
8249,2023,Lucas Krull,TE,DEN,7,23.5,365,TE · 73,3.36,308,TE · 45,25,-,0,0,0,0,0,-,0,0,-,0,-,14,8,95,11.88,1,13.6,95,1
11520,2023,Lucky Jackson,WR,MIN,3,0.0,537,WR · 205,0.00,537,WR · 205,26,-,0,0,0,0,0,-,0,0,-,0,-,0,0,0,-,0,-,0,0
7842,2024,Luke Farrell,TE,JAX,17,18.7,367,TE · 69,1.10,437,TE · 79,27,-,0,0,0,0,0,-,0,0,-,0,-,17,12,67,5.58,0,3.9,67,0
7842,2023,Luke Farrell,TE,JAX,15,28.5,340,TE · 65,1.90,405,TE · 74,26,-,0,0,0,0,0,-,0,0,-,0,-,15,13,155,11.92,0,10.3,155,0
7842,2022,Luke Farrell,TE,JAX,4,8.0,470,TE · 95,2.00,449,TE · 87,25,-,0,0,0,0,0,-,0,0,-,0,-,4,4,40,10,0,10.0,40,0
7842,2021,Luke Farrell,TE,JAX,9,12.6,434,TE · 85,1.40,496,TE · 101,24,-,0,0,0,0,0,-,0,0,-,0,-,11,7,56,8,0,6.2,56,0
11650,2025,Luke McCaffrey,WR,WAS,8,51.3,271,WR · 108,6.41,213,WR · 75,-,-,0,0,0,0,0,-,0,0,0,0,-,15,11,203,18.5,3,25.4,203,3
11650,2024,Luke McCaffrey,WR,WAS,17,34.8,307,WR · 126,2.05,371,WR · 147,23,-,0,0,0,0,0,-,0,0,-,0,-,24,18,168,9.33,0,9.9,168,0
9481,2025,Luke Musgrave,TE,GB,17,49.2,275,TE · 52,2.89,329,TE · 56,-,-,0,0,0,0,0,-,0,0,0,0,-,31,24,252,10.5,0,14.8,252,0
9481,2024,Luke Musgrave,TE,GB,7,11.5,421,TE · 87,1.64,397,TE · 68,24,-,0,0,0,0,0,-,0,0,-,0,-,10,7,45,6.43,0,6.4,45,0
9481,2023,Luke Musgrave,TE,GB,11,75.2,209,TE · 31,6.84,202,TE · 26,23,-,0,0,0,0,0,-,0,0,-,0,-,46,34,352,10.35,1,32.0,352,1
10871,2025,Luke Schoonmaker,TE,DAL,17,27.2,324,TE · 64,1.60,361,TE · 67,-,-,0,0,0,0,0,-,0,0,0,0,-,23,14,132,9.4,0,7.8,132,0
10871,2024,Luke Schoonmaker,TE,DAL,17,57.1,255,TE · 43,3.36,307,TE · 47,26,-,0,0,0,0,0,-,0,0,-,0,-,36,27,241,8.93,1,14.2,241,1
10871,2023,Luke Schoonmaker,TE,DAL,16,26.5,351,TE · 68,1.66,416,TE · 77,25,-,0,0,0,0,0,-,0,0,-,0,-,15,8,65,8.13,2,4.1,65,2
963,2021,Luke Stocker,TE,MIN,6,3.2,532,TE · 109,0.53,550,TE · 114,33,-,0,0,0,0,0,-,0,0,-,0,-,2,2,12,6,0,2.0,12,0
963,2020,Luke Stocker,TE,ATL,16,13.3,425,TE · 81,0.83,487,TE · 90,32,-,0,0,0,0,0,-,0,0,-,0,-,11,7,63,9,0,3.9,63,0
963,2019,Luke Stocker,TE,ATL,15,13.3,386,TE · 84,0.89,416,TE · 88,31,-,0,0,0,0,0,-,0,0,-,0,-,14,8,53,6.63,0,3.5,53,0
963,2018,Luke Stocker,TE,TEN,16,43.5,293,TE · 48,2.72,355,TE · 66,30,-,0,0,0,0,0,-,1,0,0,0,-,21,15,165,11,2,10.3,165,2
963,2017,Luke Stocker,TE,-,12,13.0,406,TE · 85,1.08,428,TE · 84,-,-,-,-,-,-,-,-,-,-,-,-,-,-,-,-,-,-,-,0,-
963,2016,Luke Stocker,TE,-,12,7.3,448,TE · 91,0.61,482,TE · 101,-,-,-,-,-,-,-,-,-,-,-,-,-,-,-,-,-,-,-,0,-
1603,2020,Luke Willson,TE,2TM,8,2.2,529,TE · 108,0.28,536,TE · 109,30,-,0,0,0,0,0,-,0,0,-,0,-,3,1,12,12,0,1.5,12,0
1603,2019,Luke Willson,TE,SEA,9,15.9,369,TE · 78,1.77,372,TE · 76,29,-,0,0,0,0,0,-,0,0,-,0,-,10,8,79,9.88,0,8.8,79,0
1603,2018,Luke Willson,TE,DET,14,21.7,367,TE · 72,1.55,412,TE · 81,28,-,0,0,0,0,0,-,0,0,-,0,-,19,13,87,6.69,0,6.2,87,0
1603,2017,Luke Willson,TE,-,16,54.3,258,TE · 41,3.39,312,TE · 48,-,-,-,-,-,-,-,-,-,-,-,-,-,-,-,-,-,-,-,0,-
1603,2016,Luke Willson,TE,-,11,39.9,281,TE · 48,3.63,308,TE · 48,-,-,-,-,-,-,-,-,-,-,-,-,-,-,-,-,-,-,-,0,-
12519,2025,Luther Burden,WR,CHI,15,127.9,133,WR · 48,8.53,171,WR · 58,-,-,0,0,0,0,0,-,6,37,6.17,0,2.5,60,47,652,13.9,2,43.5,689,2
6909,2023,Lynn Bowden Jr.,WR,NO,14,22.5,371,WR · 152,1.61,418,WR · 164,26,-,0,0,0,0,0,-,5,32,6.4,0,2.3,16,11,83,7.55,0,5.9,115,0
6909,2020,Lynn Bowden Jr.,WR,MIA,10,53.6,275,WR · 113,5.36,262,WR · 108,23,50.0%,1,2,32,0,0,3.2,9,32,3.56,0,3.2,37,28,211,7.54,0,21.1,275,0
7527,2025,Mac Jones,QB,SF,11,136.0,123,QB · 31,12.37,90,QB · 35,-,69.6%,201,289,2151,13,6,195.5,36,60,1.67,0,5.5,0,0,0,0,0,-,2211,0
7527,2024,Mac Jones,QB,JAX,10,104.1,182,QB · 37,10.41,137,QB · 46,26,65.3%,171,262,1672,8,8,167.2,28,92,3.29,1,9.2,0,0,0,-,0,-,1764,1
7527,2023,Mac Jones,QB,NE,11,118.4,148,QB · 30,10.76,126,QB · 39,25,64.9%,224,345,2120,10,12,192.7,26,96,3.69,0,8.7,0,0,0,-,0,-,2216,0
7527,2022,Mac Jones,QB,NE,14,181.1,76,QB · 23,12.94,85,QB · 35,24,65.2%,288,442,2997,14,11,214.1,47,102,2.17,1,7.3,0,0,0,-,0,-,3099,1
7527,2021,Mac Jones,QB,NE,17,237.9,44,QB · 18,13.99,81,QB · 29,23,67.6%,352,521,3801,22,13,223.6,44,129,2.93,0,7.6,0,0,0,-,0,-,3930,0
4177,2025,Mack Hollins,WR,NE,15,113.4,160,WR · 58,7.56,187,WR · 65,-,-,0,0,0,0,0,-,1,4,4,0,0.3,65,46,550,12,2,36.7,554,2
4177,2024,Mack Hollins,WR,BUF,17,98.8,191,WR · 80,5.81,237,WR · 94,31,-,0,0,0,0,0,-,0,0,-,0,-,50,31,378,12.19,5,22.2,378,5
4177,2023,Mack Hollins,WR,ATL,13,43.1,284,WR · 119,3.32,309,WR · 123,30,-,0,0,0,0,0,-,0,0,-,0,-,30,18,251,13.94,0,19.3,251,0
4177,2022,Mack Hollins,WR,LV,17,154.2,110,WR · 46,9.07,163,WR · 58,29,100.0%,1,1,4,0,0,0.2,4,40,10,0,2.4,94,57,690,12.11,4,40.6,734,4
4177,2021,Mack Hollins,WR,MIA,16,60.3,262,WR · 112,3.77,362,WR · 141,28,-,0,0,0,0,0,-,0,0,-,0,-,28,14,223,15.93,4,13.9,223,4
4177,2020,Mack Hollins,WR,MIA,16,37.6,312,WR · 130,2.35,383,WR · 150,27,-,0,0,0,0,0,-,0,0,-,0,-,25,16,176,11,1,11.0,176,1
4177,2019,Mack Hollins,WR,2TM,16,22.5,341,WR · 135,1.41,389,WR · 155,26,-,0,0,0,0,0,-,0,0,-,0,-,23,10,125,12.5,0,7.8,125,0
4177,2017,Mack Hollins,WR,-,16,44.6,280,WR · 112,2.79,336,WR · 127,-,-,-,-,-,-,-,-,-,-,-,-,-,-,-,-,-,-,-,0,-
11617,2025,Malachi Corley,WR,CLE,13,31.6,313,WR · 125,2.43,335,WR · 135,-,-,0,0,0,0,0,-,13,127,9.77,0,9.8,14,11,79,7.2,0,6.1,206,0
11617,2024,Malachi Corley,WR,NYJ,7,5.2,467,WR · 188,0.74,475,WR · 192,22,-,0,0,0,0,0,-,2,26,13,0,3.7,6,3,16,5.33,0,2.3,42,0
2588,2022,Malcolm Brown,RB,LAR,7,22.8,368,RB · 99,3.26,371,RB · 100,29,-,0,0,0,0,0,-,18,81,4.5,1,11.6,6,5,37,7.4,0,5.3,118,1
2588,2021,Malcolm Brown,RB,MIA,6,22.5,374,RB · 106,3.75,363,RB · 101,28,-,0,0,0,0,0,-,33,125,3.79,1,20.8,5,3,10,3.33,0,1.7,135,1
2588,2020,Malcolm Brown,RB,LAR,16,109.1,167,RB · 42,6.82,232,RB · 61,27,-,0,0,0,0,0,-,101,419,4.15,5,26.2,33,23,162,7.04,0,10.1,581,5
2588,2019,Malcolm Brown,RB,LAR,14,59.1,242,RB · 65,4.22,277,RB · 75,26,-,0,0,0,0,0,-,69,255,3.7,5,18.2,6,2,16,8,0,1.1,271,5
2588,2018,Malcolm Brown,RB,LAR,12,39.4,308,RB · 85,3.28,332,RB · 90,25,-,0,0,0,0,0,-,43,212,4.93,0,17.7,7,5,52,10.4,1,4.3,264,1
2588,2017,Malcolm Brown,RB,-,11,44.9,278,RB · 81,4.08,296,RB · 92,-,-,-,-,-,-,-,-,-,-,-,-,-,-,-,-,-,-,-,0,-
2588,2016,Malcolm Brown,RB,-,17,9.5,424,RB · 123,0.56,490,RB · 144,-,-,-,-,-,-,-,-,-,-,-,-,-,-,-,-,-,-,-,0,-
2496,2016,Malcolm Johnson,RB,-,7,7.6,444,RB · 130,1.09,439,RB · 128,-,-,-,-,-,-,-,-,-,-,-,-,-,-,-,-,-,-,-,0,-
7109,2020,Malcolm Perry,WR,MIA,9,24.7,360,WR · 151,2.74,366,WR · 145,23,-,0,0,0,0,0,-,3,5,1.67,0,0.6,13,9,92,10.22,1,10.2,97,1
10860,2023,Malik Cunningham,QB,2TM,2,0.0,537,QB · 76,0.00,537,QB · 76,25,-,0,0,0,0,0,-,0,0,-,0,-,0,0,0,-,0,-,0,0
8800,2023,Malik Davis,RB,DAL,2,0.0,537,RB · 145,0.00,537,RB · 145,25,-,0,0,0,0,0,-,0,0,-,0,-,0,0,0,-,0,-,0,0
8800,2022,Malik Davis,RB,DAL,6,34.4,324,RB · 86,5.73,257,RB · 67,24,-,0,0,0,0,0,-,38,161,4.24,1,26.8,7,6,63,10.5,0,10.5,224,1
11210,2025,Malik Heath,WR,GB,11,14.6,358,WR · 150,1.33,368,WR · 151,-,-,0,0,0,0,0,-,0,0,0,0,-,7,6,86,14.3,0,7.8,86,0
11210,2024,Malik Heath,WR,GB,12,31.7,324,WR · 132,2.64,340,WR · 134,24,-,0,0,0,0,0,-,0,0,-,0,-,13,10,97,9.7,2,8.1,97,2
11210,2023,Malik Heath,WR,GB,13,33.5,323,WR · 135,2.58,356,WR · 136,23,-,0,0,0,0,0,-,0,0,-,0,-,24,15,125,8.33,1,9.6,125,1
11632,2025,Malik Nabers,WR,NYG,4,57.1,256,WR · 101,14.28,66,WR · 15,-,-,0,0,0,0,0,-,0,0,0,0,-,35,18,271,15.1,2,67.8,271,2
11632,2024,Malik Nabers,WR,NYG,15,273.6,26,WR · 6,18.24,24,WR · 6,21,0.0%,0,1,0,0,0,-,5,2,0.4,0,0.1,170,109,1204,11.05,7,80.3,1206,7
6239,2023,Malik Taylor,WR,NYJ,3,3.3,493,WR · 194,1.10,453,WR · 184,28,-,0,0,0,0,0,-,0,0,-,0,-,4,2,13,6.5,0,4.3,13,0
6239,2021,Malik Taylor,WR,GB,7,1.4,561,WR · 222,0.20,575,WR · 222,26,-,0,0,0,0,0,-,0,0,-,0,-,3,2,14,7,0,2.0,14,0
6239,2020,Malik Taylor,WR,GB,15,18.5,394,WR · 159,1.23,458,WR · 182,25,-,0,0,0,0,0,-,1,9,9,0,0.6,6,5,66,13.2,1,4.4,75,1
5781,2022,Malik Turner,WR,SF,2,0.0,571,WR · 218,0.00,571,WR · 218,26,-,0,0,0,0,0,-,0,0,-,0,-,0,0,0,-,0,-,0,0
5781,2021,Malik Turner,WR,DAL,7,44.9,307,WR · 126,6.41,244,WR · 97,25,-,0,0,0,0,0,-,0,0,-,0,-,16,12,149,12.42,3,21.3,149,3
5781,2020,Malik Turner,WR,DAL,6,0.0,560,WR · 208,0.00,560,WR · 208,24,-,0,0,0,0,0,-,0,0,-,0,-,0,0,0,-,0,-,0,0
5781,2019,Malik Turner,WR,SEA,15,45.5,270,WR · 111,3.03,318,WR · 128,23,-,0,0,0,0,0,-,0,0,-,0,-,22,15,245,16.33,1,16.3,245,1
5781,2018,Malik Turner,WR,SEA,6,4.0,479,WR · 183,0.67,481,WR · 188,22,-,0,0,0,0,0,-,0,0,-,0,-,3,2,20,10,0,3.3,20,0
11610,2025,Malik Washington,WR,MIA,17,116.7,154,WR · 54,6.86,204,WR · 73,-,-,0,0,0,0,0,-,17,110,6.47,1,6.5,65,46,317,6.9,3,18.6,427,4
11610,2024,Malik Washington,WR,MIA,14,54.8,262,WR · 110,3.91,284,WR · 116,23,-,0,0,0,0,0,-,5,25,5,1,1.8,36,26,223,8.58,0,15.9,248,1
8161,2025,Malik Willis,QB,GB,4,51.2,272,QB · 45,12.80,81,QB · 32,-,85.7%,30,35,422,3,0,105.5,22,123,5.59,2,30.8,0,0,0,0,0,-,545,2
8161,2024,Malik Willis,QB,GB,7,51.8,269,QB · 44,7.40,201,QB · 52,25,74.1%,40,54,550,3,0,78.6,20,138,6.9,1,19.7,0,0,0,-,0,-,688,1
8161,2023,Malik Willis,QB,TEN,2,3.1,496,QB · 70,1.55,424,QB · 68,24,80.0%,4,5,74,0,0,37.0,5,21,4.2,0,10.5,0,0,0,-,0,-,95,0
8161,2022,Malik Willis,QB,TEN,7,22.3,372,QB · 52,3.19,377,QB · 66,23,50.8%,31,61,276,0,3,39.4,27,123,4.56,1,17.6,0,0,0,-,0,-,399,1
111,2024,Marcedes Lewis,TE,CHI,17,1.2,526,TE · 113,0.07,540,TE · 114,40,-,0,0,0,0,0,-,0,0,-,0,-,2,1,2,2,0,0.1,2,0
111,2023,Marcedes Lewis,TE,CHI,14,12.9,420,TE · 83,0.92,470,TE · 88,39,-,0,0,0,0,0,-,0,0,-,0,-,5,4,29,7.25,1,2.1,29,1
111,2022,Marcedes Lewis,TE,GB,6,26.6,353,TE · 69,4.43,303,TE · 47,38,-,0,0,0,0,0,-,0,0,-,0,-,7,6,66,11,2,11.0,66,2
111,2021,Marcedes Lewis,TE,GB,13,44.4,309,TE · 54,3.42,385,TE · 68,37,-,0,0,0,0,0,-,0,0,-,0,-,28,23,214,9.3,0,16.5,214,0
111,2020,Marcedes Lewis,TE,GB,15,38.7,310,TE · 57,2.58,372,TE · 61,36,-,0,0,0,0,0,-,0,0,-,0,-,17,10,107,10.7,3,7.1,107,3
111,2019,Marcedes Lewis,TE,GB,16,36.6,294,TE · 49,2.29,347,TE · 65,35,-,0,0,0,0,0,-,0,0,-,0,-,19,15,156,10.4,1,9.8,156,1
111,2018,Marcedes Lewis,TE,GB,16,6.9,456,TE · 103,0.43,496,TE · 110,34,-,0,0,0,0,0,-,0,0,-,0,-,4,3,39,13,0,2.4,39,0
111,2017,Marcedes Lewis,TE,-,16,87.8,188,TE · 25,5.49,252,TE · 31,-,-,-,-,-,-,-,-,-,-,-,-,-,-,-,-,-,-,-,0,-
111,2016,Marcedes Lewis,TE,-,10,42.9,275,TE · 46,4.29,287,TE · 45,-,-,-,-,-,-,-,-,-,-,-,-,-,-,-,-,-,-,-,0,-
4942,2019,Marcell Ateman,WR,OAK,12,14.6,380,WR · 148,1.22,396,WR · 159,25,-,0,0,0,0,0,-,0,0,-,0,-,10,5,116,23.2,0,9.7,116,0
4942,2018,Marcell Ateman,WR,OAK,7,36.4,321,WR · 134,5.20,263,WR · 108,24,-,0,0,0,0,0,-,0,0,-,0,-,31,15,154,10.27,1,22.0,154,1
5233,2020,Marcus Baugh,TE,WAS,8,1.2,549,TE · 116,0.15,550,TE · 113,26,-,0,0,0,0,0,-,0,0,-,0,-,1,1,2,2,0,0.3,2,0
3445,2022,Marcus Johnson,WR,NYG,8,18.9,396,WR · 151,2.36,429,WR · 162,28,-,0,0,0,0,0,-,0,0,-,0,-,22,9,99,11,0,12.4,99,0
3445,2021,Marcus Johnson,WR,TEN,7,24.8,365,WR · 148,3.54,370,WR · 143,27,-,0,0,0,0,0,-,2,-2,-1,0,-0.3,19,9,160,17.78,0,22.9,158,0
3445,2020,Marcus Johnson,WR,IND,11,39.5,308,WR · 129,3.59,329,WR · 129,26,-,0,0,0,0,0,-,0,0,-,0,-,28,14,255,18.21,0,23.2,255,0
3445,2019,Marcus Johnson,WR,IND,9,56.7,246,WR · 98,6.30,214,WR · 85,25,-,0,0,0,0,0,-,0,0,-,0,-,33,17,277,16.29,2,30.8,277,2
3445,2018,Marcus Johnson,WR,IND,5,22.0,366,WR · 154,4.40,293,WR · 122,24,-,0,0,0,0,0,-,1,-2,-2,0,-0.4,8,6,102,17,1,20.4,100,1
3445,2017,Marcus Johnson,WR,-,10,7.5,451,WR · 170,0.75,462,WR · 180,-,-,-,-,-,-,-,-,-,-,-,-,-,-,-,-,-,-,-,0,-
4491,2022,Marcus Kemp,WR,KC,2,0.0,571,WR · 218,0.00,571,WR · 218,27,-,0,0,0,0,0,-,0,0,-,0,-,0,0,0,-,0,-,0,0
4491,2021,Marcus Kemp,WR,KC,12,4.4,513,WR · 202,0.37,562,WR · 219,26,-,0,0,0,0,0,-,0,0,-,0,-,5,2,24,12,0,2.0,24,0
4491,2020,Marcus Kemp,WR,2TM,10,2.1,533,WR · 205,0.21,544,WR · 204,25,-,0,0,0,0,0,-,0,0,-,0,-,1,1,11,11,0,1.1,11,0
4491,2019,Marcus Kemp,WR,-,1,0.0,496,WR · 189,0.00,495,WR · 188,-,-,-,-,-,-,-,-,-,-,-,-,-,-,-,-,-,-,-,0,-
4491,2018,Marcus Kemp,WR,KC,16,1.7,513,WR · 199,0.11,540,WR · 204,23,-,0,0,0,0,0,-,0,0,-,0,-,2,1,7,7,0,0.4,7,0
4491,2017,Marcus Kemp,WR,-,1,0.0,529,WR · 200,0.00,529,WR · 200,-,-,-,-,-,-,-,-,-,-,-,-,-,-,-,-,-,-,-,0,-
2307,2025,Marcus Mariota,QB,WAS,11,132.5,126,QB · 32,12.05,100,QB · 37,-,61.2%,139,227,1695,10,7,154.1,50,297,5.94,1,27.0,0,0,0,0,0,-,1992,1
2307,2024,Marcus Mariota,QB,WAS,3,45.8,281,QB · 47,15.27,61,QB · 25,31,77.3%,34,44,364,4,0,121.3,18,92,5.11,1,30.7,0,0,0,-,0,-,456,1
2307,2023,Marcus Mariota,QB,PHI,3,12.8,421,QB · 63,4.27,267,QB · 59,30,65.2%,15,23,164,1,1,54.7,8,52,6.5,0,17.3,0,0,0,-,0,-,216,0
2307,2022,Marcus Mariota,QB,ATL,13,205.6,59,QB · 20,15.82,41,QB · 20,29,61.3%,184,300,2219,15,9,170.7,85,438,5.15,4,33.7,0,0,0,-,0,-,2657,4
2307,2021,Marcus Mariota,QB,LV,7,14.9,418,QB · 55,2.13,452,QB · 63,28,50.0%,1,2,4,0,0,0.6,13,87,6.69,1,12.4,0,0,0,-,0,-,91,1
2307,2020,Marcus Mariota,QB,LV,1,26.8,353,QB · 46,26.80,3,QB · 2,27,60.7%,17,28,226,1,1,226.0,9,88,9.78,1,88.0,0,0,0,-,0,-,314,1
2307,2019,Marcus Mariota,QB,TEN,7,87.0,191,QB · 34,12.43,98,QB · 32,26,59.4%,95,160,1203,7,2,171.9,24,129,5.38,0,18.4,0,0,0,-,0,-,1332,0
2307,2018,Marcus Mariota,QB,TEN,14,176.0,82,QB · 24,12.57,91,QB · 36,25,68.9%,228,331,2528,11,8,180.6,64,357,5.58,2,25.5,1,1,21,21,0,1.5,2906,2
2307,2017,Marcus Mariota,QB,-,15,210.4,46,QB · 18,14.03,55,QB · 23,-,-,-,-,-,-,-,-,-,-,-,-,-,-,-,-,-,-,-,0,-
2307,2016,Marcus Mariota,QB,-,15,259.9,24,QB · 13,17.33,25,QB · 12,-,-,-,-,-,-,-,-,-,-,-,-,-,-,-,-,-,-,-,0,-
5012,2025,Mark Andrews,TE,BAL,17,131.0,129,TE · 16,7.71,184,TE · 24,-,-,0,0,0,0,0,-,10,48,4.8,1,2.8,70,48,422,8.8,5,24.8,470,6
5012,2024,Mark Andrews,TE,BAL,17,188.8,83,TE · 6,11.11,122,TE · 8,29,-,0,0,0,0,0,-,4,5,1.25,0,0.3,69,55,673,12.24,11,39.6,678,11
5012,2023,Mark Andrews,TE,BAL,10,135.4,129,TE · 15,13.54,83,TE · 5,28,-,0,0,0,0,0,-,1,0,0,0,-,61,45,544,12.09,6,54.4,544,6
5012,2022,Mark Andrews,TE,BAL,15,190.5,72,TE · 4,12.70,90,TE · 3,27,-,0,0,0,0,0,-,3,8,2.67,0,0.5,113,73,847,11.6,5,56.5,855,5
5012,2021,Mark Andrews,TE,BAL,17,301.1,19,TE · 1,17.71,27,TE · 1,26,-,0,0,0,0,0,-,1,0,0,0,-,153,107,1361,12.72,9,80.1,1361,9
5012,2020,Mark Andrews,TE,BAL,14,170.1,93,TE · 6,12.15,108,TE · 4,25,-,0,0,0,0,0,-,0,0,-,0,-,88,58,701,12.09,7,50.1,701,7
5012,2019,Mark Andrews,TE,BAL,15,207.2,71,TE · 5,13.81,84,TE · 5,24,-,0,0,0,0,0,-,0,0,-,0,-,98,64,852,13.31,10,56.8,852,10
5012,2018,Mark Andrews,TE,BAL,16,107.2,163,TE · 17,6.70,216,TE · 22,23,-,0,0,0,0,0,-,0,0,-,0,-,50,34,552,16.24,3,34.5,552,3
956,2022,Mark Ingram II,RB,NO,10,50.1,278,RB · 73,5.01,284,RB · 74,33,-,0,0,0,0,0,-,62,233,3.76,1,23.3,18,16,68,4.25,0,6.8,301,1
956,2021,Mark Ingram II,RB,2TM,14,108.6,170,RB · 50,7.76,213,RB · 58,32,-,0,0,0,0,0,-,160,554,3.46,2,39.6,35,27,162,6,0,11.6,716,2
956,2020,Mark Ingram II,RB,BAL,11,52.9,278,RB · 75,4.81,282,RB · 76,31,-,0,0,0,0,0,-,72,299,4.15,2,27.2,8,6,50,8.33,0,4.5,349,2
956,2019,Mark Ingram II,RB,BAL,15,242.5,42,RB · 11,16.17,40,RB · 10,30,-,0,0,0,0,0,-,202,1018,5.04,10,67.9,29,26,247,9.5,5,16.5,1265,15
956,2018,Mark Ingram II,RB,NO,12,142.5,116,RB · 32,11.88,104,RB · 28,29,-,0,0,0,0,0,-,138,645,4.67,6,53.8,27,21,170,8.1,1,14.2,815,7
956,2017,Mark Ingram II,RB,-,16,278.0,14,RB · 6,17.38,19,RB · 8,-,-,-,-,-,-,-,-,-,-,-,-,-,-,-,-,-,-,-,0,-
956,2016,Mark Ingram II,RB,-,16,242.2,39,RB · 8,15.14,43,RB · 10,-,-,-,-,-,-,-,-,-,-,-,-,-,-,-,-,-,-,-,0,-
4997,2018,Mark Walton,RB,CIN,14,12.5,411,RB · 108,0.89,462,RB · 127,21,-,0,0,0,0,0,-,14,34,2.43,0,2.4,8,5,41,8.2,0,2.9,75,0
3568,2022,Marken Michel,WR,-,1,0.0,571,WR · 218,0.00,571,WR · 218,-,-,-,-,-,-,-,-,-,-,-,-,-,-,-,-,-,-,-,0,-
3568,2020,Marken Michel,WR,CAR,2,0.0,560,WR · 208,0.00,560,WR · 208,27,-,0,0,0,0,0,-,0,0,-,0,-,0,0,0,-,0,-,0,0
4152,2023,Marlon Mack,RB,-,2,0.0,537,RB · 145,0.00,537,RB · 145,-,-,-,-,-,-,-,-,-,-,-,-,-,-,-,-,-,-,-,0,-
4152,2022,Marlon Mack,RB,2TM,8,38.3,313,RB · 84,4.79,294,RB · 78,26,-,0,0,0,0,0,-,16,84,5.25,1,10.5,10,8,99,12.38,1,12.4,183,2
4152,2021,Marlon Mack,RB,IND,6,12.9,430,RB · 121,2.15,444,RB · 124,25,-,0,0,0,0,0,-,28,101,3.61,0,16.8,5,2,8,4,0,1.3,109,0
4152,2020,Marlon Mack,RB,IND,1,8.6,461,RB · 128,8.60,185,RB · 44,24,-,0,0,0,0,0,-,4,26,6.5,0,26.0,3,3,30,10,0,30.0,56,0
4152,2019,Marlon Mack,RB,IND,14,181.3,89,RB · 21,12.95,91,RB · 22,23,-,0,0,0,0,0,-,247,1091,4.42,8,77.9,17,14,82,5.86,0,5.9,1173,8
4152,2018,Marlon Mack,RB,IND,12,178.1,81,RB · 21,14.84,65,RB · 14,22,-,0,0,0,0,0,-,195,908,4.66,9,75.7,26,17,103,6.06,1,8.6,1011,10
4152,2017,Marlon Mack,RB,-,14,103.3,162,RB · 48,7.38,191,RB · 55,-,-,-,-,-,-,-,-,-,-,-,-,-,-,-,-,-,-,-,0,-
1987,2017,Marqise Lee,WR,-,14,147.9,103,WR · 40,10.56,117,WR · 43,-,-,-,-,-,-,-,-,-,-,-,-,-,-,-,-,-,-,-,0,-
1987,2016,Marqise Lee,WR,-,16,172.4,97,WR · 42,10.78,125,WR · 49,-,-,-,-,-,-,-,-,-,-,-,-,-,-,-,-,-,-,-,0,-
6989,2024,Marquez Callaway,WR,TB,2,0.0,544,WR · 215,0.00,544,WR · 215,26,-,0,0,0,0,0,-,0,0,-,0,-,0,0,0,-,0,-,0,0
6989,2023,Marquez Callaway,WR,NO,3,0.0,537,WR · 205,0.00,537,WR · 205,25,-,0,0,0,0,0,-,0,0,-,0,-,0,0,0,-,0,-,0,0
6989,2022,Marquez Callaway,WR,NO,10,37.8,315,WR · 126,3.78,336,WR · 127,24,-,0,0,0,0,0,-,0,0,-,0,-,32,16,158,9.88,1,15.8,158,1
6989,2021,Marquez Callaway,WR,NO,17,151.8,114,WR · 43,8.93,178,WR · 64,23,-,0,0,0,0,0,-,0,0,-,0,-,84,46,698,15.17,6,41.1,698,6
6989,2020,Marquez Callaway,WR,NO,11,42.3,299,WR · 125,3.85,322,WR · 127,22,-,0,0,0,0,0,-,0,0,-,0,-,27,21,213,10.14,0,19.4,213,0
7556,2021,Marquez Stevenson,WR,BUF,5,0.0,582,WR · 225,0.00,582,WR · 225,23,-,0,0,0,0,0,-,0,0,-,0,-,0,0,0,-,0,-,0,0
5086,2025,Marquez Valdes-Scantling,WR,2TM,10,32.0,310,WR · 124,3.20,321,WR · 127,-,-,0,0,0,0,0,-,0,0,0,0,-,29,14,120,8.6,1,12.0,120,1
5086,2024,Marquez Valdes-Scantling,WR,2TM,14,84.5,213,WR · 89,6.04,231,WR · 92,30,-,0,0,0,0,0,-,1,4,4,0,0.3,44,19,411,21.63,4,29.4,415,4
5086,2023,Marquez Valdes-Scantling,WR,KC,16,56.5,253,WR · 106,3.53,303,WR · 119,29,-,0,0,0,0,0,-,0,0,-,0,-,42,21,315,15,1,19.7,315,1
5086,2022,Marquez Valdes-Scantling,WR,KC,17,122.4,140,WR · 54,7.20,215,WR · 78,28,-,0,0,0,0,0,-,1,-3,-3,0,-0.2,81,42,687,16.36,2,40.4,684,2
5086,2021,Marquez Valdes-Scantling,WR,GB,11,87.0,199,WR · 81,7.91,206,WR · 81,27,-,0,0,0,0,0,-,0,0,-,0,-,55,26,430,16.54,3,39.1,430,3
5086,2020,Marquez Valdes-Scantling,WR,GB,16,137.3,135,WR · 55,8.58,186,WR · 73,26,-,0,0,0,0,0,-,4,13,3.25,0,0.8,63,33,690,20.91,6,43.1,703,6
5086,2019,Marquez Valdes-Scantling,WR,GB,16,83.3,201,WR · 82,5.21,245,WR · 99,25,-,0,0,0,0,0,-,2,9,4.5,0,0.6,56,26,452,17.38,2,28.3,461,2
5086,2018,Marquez Valdes-Scantling,WR,GB,16,111.0,160,WR · 66,6.94,213,WR · 85,24,-,0,0,0,0,0,-,2,29,14.5,0,1.8,73,38,581,15.29,2,36.3,610,2
5848,2025,Marquise Brown,WR,KC,16,137.7,120,WR · 43,8.61,168,WR · 57,-,-,0,0,0,0,0,-,0,0,0,0,-,74,49,587,12,5,36.7,587,5
5848,2024,Marquise Brown,WR,KC,2,18.1,371,WR · 146,9.05,163,WR · 58,27,-,0,0,0,0,0,-,0,0,-,0,-,15,9,91,10.11,0,45.5,91,0
5848,2023,Marquise Brown,WR,ARI,14,134.7,131,WR · 52,9.62,151,WR · 52,26,-,0,0,0,0,0,-,2,23,11.5,0,1.6,101,51,574,11.25,4,41.0,597,4
5848,2022,Marquise Brown,WR,ARI,12,156.0,107,WR · 44,13.00,83,WR · 28,25,-,0,0,0,0,0,-,1,1,1,0,0.1,107,67,709,10.58,3,59.1,710,3
5848,2021,Marquise Brown,WR,BAL,16,226.3,56,WR · 22,14.14,76,WR · 28,24,-,0,0,0,0,0,-,1,5,5,0,0.3,146,91,1008,11.08,6,63.0,1013,6
5848,2020,Marquise Brown,WR,BAL,16,183.0,82,WR · 36,11.44,124,WR · 47,23,-,0,0,0,0,0,-,1,1,1,0,0.1,100,58,769,13.26,8,48.1,770,8
5848,2019,Marquise Brown,WR,BAL,14,146.4,116,WR · 46,10.46,128,WR · 49,22,-,0,0,0,0,0,-,0,0,-,0,-,71,46,584,12.7,7,41.7,584,7
1346,2023,Marquise Goodwin,WR,CLE,12,14.0,413,WR · 168,1.17,449,WR · 181,33,-,0,0,0,0,0,-,4,33,8.25,0,2.8,13,4,67,16.75,0,5.6,100,0
1346,2022,Marquise Goodwin,WR,SEA,13,90.2,189,WR · 79,6.94,224,WR · 85,32,-,0,0,0,0,0,-,2,5,2.5,0,0.4,42,27,387,14.33,4,29.8,392,4
1346,2021,Marquise Goodwin,WR,CHI,14,57.2,270,WR · 115,4.09,340,WR · 137,31,-,0,0,0,0,0,-,2,-1,-0.5,0,-0.1,40,20,313,15.65,1,22.4,312,1
1346,2019,Marquise Goodwin,WR,SF,9,38.1,287,WR · 119,4.23,276,WR · 110,29,-,0,0,0,0,0,-,1,15,15,0,1.7,21,12,186,15.5,1,20.7,201,1
1346,2018,Marquise Goodwin,WR,SF,11,87.4,193,WR · 82,7.95,191,WR · 75,28,-,0,0,0,0,0,-,4,9,2.25,0,0.8,43,23,395,17.17,4,35.9,404,4
1346,2017,Marquise Goodwin,WR,-,16,168.6,85,WR · 31,10.54,118,WR · 44,-,-,-,-,-,-,-,-,-,-,-,-,-,-,-,-,-,-,-,0,-
1346,2016,Marquise Goodwin,WR,-,15,90.1,195,WR · 83,6.01,239,WR · 93,-,-,-,-,-,-,-,-,-,-,-,-,-,-,-,-,-,-,-,0,-
11581,2025,MarShawn Lloyd,RB,GB,0,0.0,415,RB · 113,-,-,-,-,-,0,0,0,0,0,-,0,0,0,0,-,0,0,0,0,0,-,0,0
11581,2024,MarShawn Lloyd,RB,GB,1,2.8,494,RB · 127,2.80,329,RB · 89,23,-,0,0,0,0,0,-,6,15,2.5,0,15.0,1,1,3,3,0,3.0,18,0
745,2019,Marshawn Lynch,RB,SEA,2,9.4,401,RB · 108,4.70,260,RB · 66,33,-,0,0,0,0,0,-,12,34,2.83,1,17.0,0,0,0,-,0,-,34,1
745,2018,Marshawn Lynch,RB,OAK,6,79.0,211,RB · 63,13.17,84,RB · 20,32,-,0,0,0,0,0,-,90,376,4.18,3,62.7,20,15,84,5.6,0,14.0,460,3
745,2017,Marshawn Lynch,RB,-,15,164.2,88,RB · 24,10.95,108,RB · 27,-,-,-,-,-,-,-,-,-,-,-,-,-,-,-,-,-,-,-,0,-
1916,2019,Martavis Bryant,WR,-,1,0.0,496,WR · 189,0.00,495,WR · 188,-,-,-,-,-,-,-,-,-,-,-,-,-,-,-,-,-,-,-,0,-
1916,2018,Martavis Bryant,WR,OAK,8,45.9,285,WR · 121,5.74,244,WR · 100,27,-,0,0,0,0,0,-,3,23,7.67,0,2.9,27,19,266,14,0,33.3,289,0
1916,2017,Martavis Bryant,WR,-,15,132.5,127,WR · 49,8.83,157,WR · 57,-,-,-,-,-,-,-,-,-,-,-,-,-,-,-,-,-,-,-,0,-
3895,2021,Marvin Hall,WR,ATL,1,2.0,545,WR · 216,2.00,455,WR · 179,28,-,0,0,0,0,0,-,0,0,-,0,-,1,1,10,10,0,10.0,10,0
3895,2020,Marvin Hall,WR,2TM,12,60.3,257,WR · 105,5.03,276,WR · 113,27,-,0,0,0,0,0,-,1,1,1,0,0.1,32,18,302,16.78,2,25.2,303,2
3895,2019,Marvin Hall,WR,DET,9,39.8,281,WR · 116,4.42,269,WR · 106,26,-,0,0,0,0,0,-,1,7,7,0,0.8,11,7,261,37.29,1,29.0,268,1
3895,2018,Marvin Hall,WR,ATL,16,30.9,335,WR · 138,1.93,394,WR · 162,25,-,0,0,0,0,0,-,2,0,0,0,-,19,10,149,14.9,1,9.3,149,1
3895,2017,Marvin Hall,WR,-,8,14.0,400,WR · 154,1.75,389,WR · 152,-,-,-,-,-,-,-,-,-,-,-,-,-,-,-,-,-,-,-,0,-
11628,2025,Marvin Harrison Jr.,WR,ARI,12,127.8,134,WR · 49,10.65,131,WR · 42,-,-,0,0,0,0,0,-,0,0,0,0,-,73,41,608,14.8,4,50.7,608,4
11628,2024,Marvin Harrison Jr.,WR,ARI,17,196.5,77,WR · 30,11.56,118,WR · 44,22,-,0,0,0,0,0,-,0,0,-,0,-,116,62,885,14.27,8,52.1,885,8
1067,2023,Marvin Jones Jr.,WR,DET,5,6.5,463,WR · 184,1.30,440,WR · 175,33,-,0,0,0,0,0,-,0,0,-,0,-,10,5,35,7,0,7.0,35,0
1067,2022,Marvin Jones Jr.,WR,JAX,16,116.9,145,WR · 56,7.31,213,WR · 77,32,-,0,0,0,0,0,-,0,0,-,0,-,81,46,529,11.5,3,33.1,529,3
1067,2021,Marvin Jones Jr.,WR,JAX,17,180.2,88,WR · 34,10.60,141,WR · 48,31,-,0,0,0,0,0,-,0,0,-,0,-,120,73,832,11.4,4,48.9,832,4
1067,2020,Marvin Jones Jr.,WR,DET,16,227.8,48,WR · 18,14.24,77,WR · 26,30,-,0,0,0,0,0,-,0,0,-,0,-,115,76,978,12.87,9,61.1,978,9
1067,2019,Marvin Jones Jr.,WR,DET,13,193.9,79,WR · 28,14.92,64,WR · 21,29,-,0,0,0,0,0,-,2,0,0,0,-,91,62,779,12.56,9,59.9,779,9
1067,2018,Marvin Jones Jr.,WR,DET,9,115.8,154,WR · 63,12.87,89,WR · 29,28,-,0,0,0,0,0,-,0,0,-,0,-,62,35,508,14.51,5,56.4,508,5
1067,2017,Marvin Jones Jr.,WR,-,16,225.1,38,WR · 11,14.07,53,WR · 14,-,-,-,-,-,-,-,-,-,-,-,-,-,-,-,-,-,-,-,0,-
1067,2016,Marvin Jones Jr.,WR,-,15,172.3,98,WR · 43,11.49,113,WR · 45,-,-,-,-,-,-,-,-,-,-,-,-,-,-,-,-,-,-,-,0,-
9494,2025,Marvin Mims Jr.,WR,DEN,15,93.0,182,WR · 66,6.20,219,WR · 78,-,-,0,0,0,0,0,-,12,78,6.5,1,5.2,51,37,322,8.7,1,21.5,400,2
9494,2024,Marvin Mims Jr.,WR,DEN,17,129.5,137,WR · 57,7.62,196,WR · 75,22,-,0,0,0,0,0,-,13,42,3.23,0,2.5,52,39,503,12.9,6,29.6,545,6
9494,2023,Marvin Mims Jr.,WR,DEN,16,70.7,222,WR · 89,4.42,262,WR · 96,21,-,0,0,0,0,0,-,9,30,3.33,0,1.9,33,22,377,17.14,1,23.6,407,2
7436,2024,Mason Kinsey,WR,TEN,6,3.7,480,WR · 193,0.62,492,WR · 197,26,-,0,0,0,0,0,-,0,0,-,0,-,2,2,17,8.5,0,2.8,17,0
7436,2023,Mason Kinsey,WR,TEN,6,1.6,519,WR · 200,0.27,521,WR · 200,25,-,0,0,0,0,0,-,0,0,-,0,-,1,1,6,6,0,1.0,6,0
7436,2022,Mason Kinsey,WR,TEN,2,1.3,555,WR · 212,0.65,539,WR · 206,24,-,0,0,0,0,0,-,0,0,-,0,-,1,1,3,3,0,1.5,3,0
7436,2021,Mason Kinsey,WR,TEN,1,0.0,582,WR · 225,0.00,582,WR · 225,23,-,0,0,0,0,0,-,0,0,-,0,-,0,0,0,-,0,-,0,0
4972,2025,Mason Rudolph,QB,PIT,5,17.0,351,QB · 50,3.40,314,QB · 53,-,73.1%,38,52,310,2,2,62.0,7,6,0.86,0,1.2,0,0,0,0,0,-,316,0
4972,2024,Mason Rudolph,QB,TEN,8,104.8,179,QB · 36,13.10,91,QB · 35,29,64.0%,146,228,1530,9,9,191.3,25,106,4.24,1,13.3,0,0,0,-,0,-,1636,1
4972,2023,Mason Rudolph,QB,PIT,4,39.6,299,QB · 47,9.90,142,QB · 45,28,74.3%,55,74,719,3,0,179.8,10,8,0.8,0,2.0,0,0,0,-,0,-,727,0
4972,2021,Mason Rudolph,QB,PIT,2,19.4,388,QB · 52,9.70,164,QB · 47,26,60.3%,35,58,277,1,1,138.5,5,53,10.6,0,26.5,0,0,0,-,0,-,330,0
4972,2020,Mason Rudolph,QB,PIT,5,19.4,389,QB · 50,3.88,320,QB · 56,25,58.1%,25,43,324,2,1,64.8,7,-6,-0.86,0,-1.2,0,0,0,-,0,-,318,0
4972,2019,Mason Rudolph,QB,PIT,10,117.8,145,QB · 30,11.78,111,QB · 34,24,62.2%,176,283,1765,13,9,176.5,21,42,2,0,4.2,0,0,0,-,0,-,1807,0
4229,2022,Mason Schreck,TE,HOU,2,2.6,530,TE · 109,1.30,492,TE · 100,29,-,0,0,0,0,0,-,0,0,-,0,-,2,2,6,3,0,3.0,6,0
4229,2020,Mason Schreck,TE,CIN,14,0.0,560,TE · 118,0.00,560,TE · 118,27,-,0,0,0,0,0,-,0,0,-,0,-,1,0,0,-,0,-,0,0
4229,2019,Mason Schreck,TE,CIN,3,0.0,496,TE · 111,0.00,495,TE · 111,26,-,0,0,0,0,0,-,0,0,-,0,-,0,0,0,-,0,-,0,0
4229,2018,Mason Schreck,TE,CIN,6,0.0,543,TE · 118,0.00,543,TE · 118,25,-,0,0,0,0,0,-,0,0,-,0,-,0,0,0,-,0,-,0,0
12498,2025,Mason Taylor,TE,NYJ,13,88.9,192,TE · 32,6.84,205,TE · 30,-,-,0,0,0,0,0,-,0,0,0,0,-,65,44,369,8.4,1,28.4,369,1
11895,2025,Mason Tipton,WR,NO,13,20.4,340,WR · 142,1.57,363,WR · 147,-,-,0,0,0,0,0,-,4,18,4.5,0,1.4,17,11,76,6.9,0,5.8,94,0
11895,2024,Mason Tipton,WR,NO,11,23.9,350,WR · 137,2.17,361,WR · 142,24,-,0,0,0,0,0,-,0,0,-,0,-,26,14,99,7.07,0,9.0,99,0
1338,2023,Matt Barkley,QB,JAX,1,-0.3,632,QB · 85,-0.30,636,QB · 87,33,-,0,0,0,0,0,-,3,-3,-1,0,-3.0,0,0,0,-,0,-,-3,0
1338,2022,Matt Barkley,QB,-,1,0.0,571,QB · 80,0.00,571,QB · 80,-,-,-,-,-,-,-,-,-,-,-,-,-,-,-,-,-,-,-,0,-
1338,2020,Matt Barkley,QB,BUF,5,10.3,444,QB · 60,2.06,407,QB · 66,30,52.4%,11,21,197,1,1,39.4,6,-6,-1,0,-1.2,0,0,0,-,0,-,191,0
1338,2019,Matt Barkley,QB,BUF,3,9.0,406,QB · 52,3.00,319,QB · 51,29,52.9%,27,51,359,0,3,119.7,2,-4,-2,0,-1.3,0,0,0,-,0,-,355,0
1338,2018,Matt Barkley,QB,BUF,1,17.1,384,QB · 49,17.10,45,QB · 21,28,60.0%,15,25,232,2,0,232.0,3,-2,-0.67,0,-2.0,0,0,0,-,0,-,230,0
1338,2016,Matt Barkley,QB,-,7,71.8,226,QB · 34,10.26,142,QB · 35,-,-,-,-,-,-,-,-,-,-,-,-,-,-,-,-,-,-,-,0,-
4455,2023,Matt Breida,RB,NYG,17,46.9,274,RB · 65,2.76,340,RB · 87,28,-,0,0,0,0,0,-,55,151,2.75,1,8.9,21,17,88,5.18,0,5.2,239,1
4455,2022,Matt Breida,RB,NYG,17,59.8,249,RB · 65,3.52,350,RB · 95,27,-,0,0,0,0,0,-,54,220,4.07,1,12.9,25,20,118,5.9,0,6.9,338,1
4455,2021,Matt Breida,RB,BUF,7,42.7,310,RB · 86,6.10,260,RB · 72,26,-,0,0,0,0,0,-,26,125,4.81,1,17.9,9,7,72,10.29,2,10.3,197,3
4455,2020,Matt Breida,RB,MIA,12,42.0,301,RB · 80,3.50,333,RB · 92,25,-,0,0,0,0,0,-,59,254,4.31,0,21.2,10,9,96,10.67,0,8.0,350,0
4455,2019,Matt Breida,RB,SF,13,103.3,162,RB · 45,7.95,176,RB · 46,24,-,0,0,0,0,0,-,123,623,5.07,1,47.9,22,19,120,6.32,1,9.2,743,2
4455,2018,Matt Breida,RB,SF,14,162.5,95,RB · 26,11.61,108,RB · 30,23,-,0,0,0,0,0,-,153,814,5.32,3,58.1,31,27,261,9.67,2,18.6,1075,5
4455,2017,Matt Breida,RB,-,16,103.5,161,RB · 47,6.47,214,RB · 65,-,-,-,-,-,-,-,-,-,-,-,-,-,-,-,-,-,-,-,0,-
7992,2023,Matt Bushman,TE,KC,1,0.0,537,TE · 114,0.00,537,TE · 114,28,-,0,0,0,0,0,-,0,0,-,0,-,0,0,0,-,0,-,0,0
7352,2021,Matt Cole,WR,CAR,1,0.0,582,WR · 225,0.00,582,WR · 225,25,-,0,0,0,0,0,-,0,0,-,0,-,0,0,0,-,0,-,0,0
7352,2020,Matt Cole,WR,SF,1,0.0,560,WR · 208,0.00,560,WR · 208,24,-,0,0,0,0,0,-,0,0,-,0,-,0,0,0,-,0,-,0,0
8164,2022,Matt Corral,QB,-,2,0.0,571,QB · 80,0.00,571,QB · 80,-,-,-,-,-,-,-,-,-,-,-,-,-,-,-,-,-,-,-,0,-
2944,2019,Matt LaCosse,TE,NE,12,32.1,312,TE · 56,2.68,327,TE · 57,27,-,0,0,0,0,0,-,0,0,-,0,-,19,13,131,10.08,1,10.9,131,1
2944,2018,Matt LaCosse,TE,DEN,15,55.0,265,TE · 38,3.67,320,TE · 49,26,-,0,0,0,0,0,-,0,0,-,0,-,37,24,250,10.42,1,16.7,250,1
2944,2017,Matt LaCosse,TE,-,5,0.0,529,TE · 108,0.00,529,TE · 108,-,-,-,-,-,-,-,-,-,-,-,-,-,-,-,-,-,-,-,0,-
3036,2018,Matt Lengel,TE,CIN,11,10.7,425,TE · 93,0.97,452,TE · 93,28,-,0,0,0,0,0,-,0,0,-,0,-,8,3,17,5.67,1,1.5,17,1
3036,2017,Matt Lengel,TE,-,1,0.0,529,TE · 108,0.00,529,TE · 108,-,-,-,-,-,-,-,-,-,-,-,-,-,-,-,-,-,-,-,0,-
3036,2016,Matt Lengel,TE,-,6,10.2,421,TE · 84,1.70,402,TE · 75,-,-,-,-,-,-,-,-,-,-,-,-,-,-,-,-,-,-,-,0,-
233,2019,Matt Moore,QB,KC,6,42.3,274,QB · 40,7.05,194,QB · 44,35,64.8%,59,91,659,4,0,109.8,5,-1,-0.2,0,-0.2,0,0,0,-,0,-,658,0
233,2017,Matt Moore,QB,-,4,41.3,292,QB · 41,10.33,121,QB · 40,-,-,-,-,-,-,-,-,-,-,-,-,-,-,-,-,-,-,-,0,-
233,2016,Matt Moore,QB,-,4,54.7,251,QB · 36,13.68,66,QB · 27,-,-,-,-,-,-,-,-,-,-,-,-,-,-,-,-,-,-,-,0,-
24,2022,Matt Ryan,QB,IND,12,168.3,93,QB · 26,14.03,65,QB · 30,37,67.0%,309,461,3057,14,13,254.8,27,70,2.59,1,5.8,0,0,0,-,0,-,3127,1
24,2021,Matt Ryan,QB,ATL,17,234.9,47,QB · 20,13.82,86,QB · 32,36,67.0%,375,560,3968,20,12,233.4,40,82,2.05,1,4.8,0,0,0,-,0,-,4050,1
24,2020,Matt Ryan,QB,ATL,16,293.4,19,QB · 12,18.34,27,QB · 16,35,65.0%,407,626,4581,26,11,286.3,29,92,3.17,2,5.8,0,0,0,-,0,-,4673,2
24,2019,Matt Ryan,QB,ATL,15,281.3,18,QB · 11,18.75,19,QB · 10,34,66.2%,408,616,4466,26,14,297.7,34,147,4.32,1,9.8,0,0,0,-,0,-,4613,1
24,2018,Matt Ryan,QB,ATL,16,355.0,5,QB · 2,22.19,7,QB · 2,33,69.4%,422,608,4924,35,7,307.8,33,125,3.79,3,7.8,1,1,5,5,1,0.3,5054,4
24,2017,Matt Ryan,QB,-,16,228.1,35,QB · 15,14.26,50,QB · 22,-,-,-,-,-,-,-,-,-,-,-,-,-,-,-,-,-,-,-,0,-
24,2016,Matt Ryan,QB,-,16,347.5,3,QB · 2,21.72,4,QB · 2,-,-,-,-,-,-,-,-,-,-,-,-,-,-,-,-,-,-,-,0,-
178,2020,Matt Schaub,QB,ATL,1,-0.4,642,QB · 82,-0.40,645,QB · 83,39,-,0,0,0,0,0,-,3,-4,-1.33,0,-4.0,0,0,0,-,0,-,-4,0
178,2019,Matt Schaub,QB,ATL,7,33.9,305,QB · 43,4.84,253,QB · 49,38,74.6%,50,67,580,3,1,82.9,3,-3,-1,0,-0.4,0,0,0,-,0,-,577,0
178,2018,Matt Schaub,QB,ATL,3,1.1,532,QB · 62,0.37,505,QB · 61,37,71.4%,5,7,20,0,0,6.7,1,0,0,0,-,1,1,-7,-7,0,-2.3,13,0
178,2016,Matt Schaub,QB,-,4,0.4,537,QB · 65,0.10,531,QB · 64,-,-,-,-,-,-,-,-,-,-,-,-,-,-,-,-,-,-,-,0,-
6233,2023,Matt Sokol,TE,NE,4,0.0,537,TE · 114,0.00,537,TE · 114,28,-,0,0,0,0,0,-,0,0,-,0,-,0,0,0,-,0,-,0,0
6233,2020,Matt Sokol,TE,LAC,2,0.0,560,TE · 118,0.00,560,TE · 118,25,-,0,0,0,0,0,-,0,0,-,0,-,0,0,0,-,0,-,0,0
12501,2025,Matthew Golden,WR,GB,14,70.0,228,WR · 88,5.00,251,WR · 96,-,-,0,0,0,0,0,-,10,49,4.9,0,3.5,44,29,361,12.5,0,25.8,410,0
312,2023,Matthew Slater,WR,NE,6,0.0,537,WR · 205,0.00,537,WR · 205,38,-,0,0,0,0,0,-,0,0,-,0,-,0,0,0,-,0,-,0,0
312,2022,Matthew Slater,WR,NE,8,0.0,571,WR · 218,0.00,571,WR · 218,37,-,0,0,0,0,0,-,0,0,-,0,-,0,0,0,-,0,-,0,0
312,2021,Matthew Slater,WR,NE,10,0.0,582,WR · 225,0.00,582,WR · 225,36,-,0,0,0,0,0,-,0,0,-,0,-,0,0,0,-,0,-,0,0
312,2020,Matthew Slater,WR,NE,15,0.0,560,WR · 208,0.00,560,WR · 208,35,-,0,0,0,0,0,-,0,0,-,0,-,0,0,0,-,0,-,0,0
312,2019,Matthew Slater,WR,NE,16,0.0,496,WR · 189,0.00,495,WR · 188,34,-,0,0,0,0,0,-,0,0,-,0,-,0,0,0,-,0,-,0,0
312,2018,Matthew Slater,WR,NE,16,0.0,543,WR · 206,0.00,543,WR · 206,33,-,0,0,0,0,0,-,0,0,-,0,-,0,0,0,-,0,-,0,0
312,2017,Matthew Slater,WR,-,9,0.0,529,WR · 200,0.00,529,WR · 200,-,-,-,-,-,-,-,-,-,-,-,-,-,-,-,-,-,-,-,0,-
312,2016,Matthew Slater,WR,-,13,-1.5,614,WR · 216,-0.12,610,WR · 216,-,-,-,-,-,-,-,-,-,-,-,-,-,-,-,-,-,-,-,0,-
421,2025,Matthew Stafford,QB,LAR,17,358.4,9,QB · 3,21.08,11,QB · 4,-,65.0%,388,597,4707,46,8,276.9,29,1,0.03,0,0.1,0,0,0,0,0,-,4708,0
421,2024,Matthew Stafford,QB,LAR,16,222.6,55,QB · 19,13.91,83,QB · 30,36,65.8%,340,517,3762,20,8,235.1,30,41,1.37,0,2.6,0,0,0,-,0,-,3803,0
421,2023,Matthew Stafford,QB,LAR,15,254.1,34,QB · 15,16.94,32,QB · 18,35,62.6%,326,521,3965,24,11,264.3,21,65,3.1,0,4.3,0,0,0,-,0,-,4030,0
421,2022,Matthew Stafford,QB,LAR,9,116.4,147,QB · 32,12.93,86,QB · 36,34,68.0%,206,303,2087,10,8,231.9,13,9,0.69,1,1.0,0,0,0,-,0,-,2096,1
421,2021,Matthew Stafford,QB,LAR,17,346.7,7,QB · 5,20.39,17,QB · 11,33,67.2%,404,601,4886,41,17,287.4,32,43,1.34,0,2.5,0,0,0,-,0,-,4929,0
421,2020,Matthew Stafford,QB,DET,16,270.6,28,QB · 16,16.91,44,QB · 22,32,64.2%,339,528,4084,26,10,255.3,29,112,3.86,0,7.0,1,0,0,-,0,-,4196,0
421,2019,Matthew Stafford,QB,DET,8,171.6,93,QB · 29,21.45,6,QB · 4,31,64.3%,187,291,2499,19,5,312.4,20,66,3.3,0,8.3,0,0,0,-,0,-,2565,0
421,2018,Matthew Stafford,QB,DET,16,212.1,56,QB · 20,13.26,82,QB · 32,30,66.1%,367,555,3777,21,11,236.1,25,71,2.84,0,4.4,0,0,0,-,0,-,3848,0
421,2017,Matthew Stafford,QB,-,16,273.8,16,QB · 7,17.11,22,QB · 10,-,-,-,-,-,-,-,-,-,-,-,-,-,-,-,-,-,-,-,0,-
421,2016,Matthew Stafford,QB,-,16,279.7,17,QB · 7,17.48,24,QB · 11,-,-,-,-,-,-,-,-,-,-,-,-,-,-,-,-,-,-,-,0,-
8921,2024,Maurice Alexander,WR,DET,2,0.0,544,WR · 215,0.00,544,WR · 215,27,-,0,0,0,0,0,-,0,0,-,0,-,0,0,0,-,0,-,0,0
8921,2022,Maurice Alexander,WR,DET,3,1.7,542,WR · 207,0.57,544,WR · 208,25,-,0,0,0,0,0,-,0,0,-,0,-,1,1,7,7,0,2.3,7,0
7234,2021,Maurice Ffrench,WR,LAC,2,0.3,578,WR · 224,0.15,576,WR · 223,23,-,0,0,0,0,0,-,1,3,3,0,1.5,0,0,0,-,0,-,3,0
12775,2025,Max Brosmer,QB,MIN,0,8.2,381,QB · 55,-,-,-,-,66.2%,47,71,328,0,4,-,7,11,1.57,0,-,0,0,0,0,0,-,339,0
10233,2023,Max Duggan,QB,-,1,0.0,537,QB · 76,0.00,537,QB · 76,-,-,-,-,-,-,-,-,-,-,-,-,-,-,-,-,-,-,-,0,-
2360,2022,Maxx Williams,TE,ARI,3,4.8,502,TE · 105,1.60,474,TE · 94,28,-,0,0,0,0,0,-,0,0,-,0,-,3,3,18,6,0,6.0,18,0
2360,2021,Maxx Williams,TE,ARI,5,41.3,314,TE · 56,8.26,196,TE · 20,27,-,0,0,0,0,0,-,0,0,-,0,-,17,16,193,12.06,1,38.6,193,1
2360,2020,Maxx Williams,TE,ARI,9,24.2,361,TE · 69,2.69,368,TE · 60,26,-,0,0,0,0,0,-,0,0,-,0,-,10,8,102,12.75,1,11.3,102,1
2360,2019,Maxx Williams,TE,ARI,16,41.2,276,TE · 46,2.58,332,TE · 58,25,-,0,0,0,0,0,-,0,0,-,0,-,19,15,202,13.47,1,12.6,202,1
2360,2018,Maxx Williams,TE,BAL,13,37.1,317,TE · 56,2.85,353,TE · 64,24,-,0,0,0,0,0,-,3,8,2.67,0,0.6,17,16,143,8.94,1,11.0,151,1
2360,2017,Maxx Williams,TE,-,11,28.2,330,TE · 64,2.56,355,TE · 59,-,-,-,-,-,-,-,-,-,-,-,-,-,-,-,-,-,-,-,0,-
2360,2016,Maxx Williams,TE,-,4,0.0,540,TE · 114,0.00,540,TE · 114,-,-,-,-,-,-,-,-,-,-,-,-,-,-,-,-,-,-,-,0,-
5917,2025,Mecole Hardman Jr.,WR,BUF,1,-2.0,463,WR · 186,-2.00,421,WR · 169,-,-,0,0,0,0,0,-,0,0,0,0,-,1,0,0,0,0,-,0,0
5917,2024,Mecole Hardman Jr.,WR,KC,12,33.2,313,WR · 127,2.77,331,WR · 131,26,-,0,0,0,0,0,-,5,62,12.4,1,5.2,14,12,90,7.5,0,7.5,152,1
5917,2023,Mecole Hardman Jr.,WR,2TM,8,25.7,354,WR · 148,3.21,314,WR · 125,25,-,0,0,0,0,0,-,1,3,3,0,0.4,24,15,124,8.27,0,15.5,127,0
5917,2022,Mecole Hardman Jr.,WR,KC,8,93.8,183,WR · 78,11.73,103,WR · 33,24,-,0,0,0,0,0,-,4,31,7.75,2,3.9,34,25,297,11.88,4,37.1,328,6
5917,2021,Mecole Hardman Jr.,WR,KC,17,140.9,127,WR · 48,8.29,193,WR · 75,23,-,0,0,0,0,0,-,8,46,5.75,0,2.7,83,59,693,11.75,2,40.8,739,2
5917,2020,Mecole Hardman Jr.,WR,KC,16,128.1,148,WR · 61,8.01,202,WR · 80,22,-,0,0,0,0,0,-,4,31,7.75,0,1.9,62,41,560,13.66,4,35.0,591,5
5917,2019,Mecole Hardman Jr.,WR,KC,16,119.5,142,WR · 61,7.47,185,WR · 73,21,-,0,0,0,0,0,-,4,17,4.25,0,1.1,41,26,538,20.69,6,33.6,555,7
8085,2021,Mekhi Sargent,RB,3TM,5,1.1,566,RB · 159,0.22,571,RB · 160,24,-,0,0,0,0,0,-,5,11,2.2,0,2.2,1,0,0,-,0,-,11,0
2320,2023,Melvin Gordon III,RB,BAL,4,19.7,386,RB · 92,4.93,252,RB · 68,30,-,0,0,0,0,0,-,26,81,3.12,1,20.3,3,3,46,15.33,0,11.5,127,1
2320,2022,Melvin Gordon III,RB,DEN,10,87.1,200,RB · 54,8.71,175,RB · 46,29,-,0,0,0,0,0,-,90,318,3.53,2,31.8,32,25,223,8.92,0,22.3,541,2
2320,2021,Melvin Gordon III,RB,DEN,16,195.2,77,RB · 21,12.20,104,RB · 24,28,-,0,0,0,0,0,-,203,918,4.52,8,57.4,38,28,213,7.61,2,13.3,1131,10
2320,2020,Melvin Gordon III,RB,DEN,15,198.4,65,RB · 14,13.23,95,RB · 25,27,-,0,0,0,0,0,-,215,986,4.59,9,65.7,44,32,158,4.94,1,10.5,1144,10
2320,2019,Melvin Gordon III,RB,LAC,12,180.8,90,RB · 22,15.07,62,RB · 14,26,-,0,0,0,0,0,-,162,612,3.78,8,51.0,55,42,296,7.05,1,24.7,908,9
2320,2018,Melvin Gordon III,RB,LAC,12,275.5,33,RB · 8,22.96,6,RB · 5,25,-,0,0,0,0,0,-,175,885,5.06,10,73.8,66,50,490,9.8,4,40.8,1375,14
2320,2017,Melvin Gordon III,RB,-,16,288.1,11,RB · 5,18.01,16,RB · 6,-,-,-,-,-,-,-,-,-,-,-,-,-,-,-,-,-,-,-,0,-
2320,2016,Melvin Gordon III,RB,-,13,250.6,33,RB · 7,19.28,11,RB · 5,-,-,-,-,-,-,-,-,-,-,-,-,-,-,-,-,-,-,-,0,-
8076,2023,Michael Bandy,WR,DEN,1,0.0,537,WR · 205,0.00,537,WR · 205,26,-,0,0,0,0,0,-,0,0,-,0,-,0,0,0,-,0,-,0,0
8076,2022,Michael Bandy,WR,LAC,8,18.9,396,WR · 151,2.36,429,WR · 162,25,-,0,0,0,0,0,-,0,0,-,0,-,21,10,89,8.9,0,11.1,89,0
8076,2021,Michael Bandy,WR,LAC,2,0.0,582,WR · 225,0.00,582,WR · 225,24,-,0,0,0,0,0,-,0,0,-,0,-,0,0,0,-,0,-,0,0
2471,2024,Michael Burton,RB,DEN,17,29.3,329,RB · 87,1.72,388,RB · 108,32,-,0,0,0,0,0,-,7,8,1.14,1,0.5,10,10,65,6.5,1,3.8,73,2
2471,2023,Michael Burton,RB,DEN,16,6.7,462,RB · 118,0.42,513,RB · 138,31,-,0,0,0,0,0,-,7,9,1.29,0,0.6,3,3,8,2.67,0,0.5,17,0
2471,2022,Michael Burton,RB,KC,12,3.8,518,RB · 144,0.32,562,RB · 155,30,-,0,0,0,0,0,-,5,7,1.4,0,0.6,3,2,11,5.5,0,0.9,18,0
2471,2021,Michael Burton,RB,KC,10,14.7,419,RB · 118,1.47,491,RB · 139,29,-,0,0,0,0,0,-,8,26,3.25,1,2.6,3,3,31,10.33,0,3.1,57,1
2471,2020,Michael Burton,RB,NO,15,8.6,461,RB · 128,0.57,515,RB · 140,28,-,0,0,0,0,0,-,7,18,2.57,0,1.2,4,4,28,7,0,1.9,46,0
2471,2019,Michael Burton,RB,WAS,11,0.0,496,RB · 136,0.00,495,RB · 136,27,-,0,0,0,0,0,-,0,0,-,0,-,1,0,0,-,0,-,0,0
2471,2018,Michael Burton,RB,CHI,8,1.6,519,RB · 144,0.20,527,RB · 150,26,-,0,0,0,0,0,-,0,0,-,0,-,1,1,6,6,0,0.8,6,0
2471,2017,Michael Burton,RB,-,16,3.7,485,RB · 145,0.23,515,RB · 150,-,-,-,-,-,-,-,-,-,-,-,-,-,-,-,-,-,-,-,0,-
2471,2016,Michael Burton,RB,-,15,0.0,540,RB · 170,0.00,540,RB · 170,-,-,-,-,-,-,-,-,-,-,-,-,-,-,-,-,-,-,-,0,-
7607,2025,Michael Carter,RB,ARI,11,99.0,175,RB · 48,9.00,159,RB · 41,-,-,0,0,0,0,0,-,92,333,3.62,1,30.3,45,33,267,8.1,0,24.3,600,1
7607,2024,Michael Carter,RB,ARI,4,35.8,301,RB · 78,8.95,165,RB · 40,25,-,0,0,0,0,0,-,35,131,3.74,1,32.8,11,11,57,5.18,0,14.3,188,1
7607,2023,Michael Carter,RB,2TM,15,58.8,248,RB · 62,3.92,281,RB · 75,24,-,0,0,0,0,0,-,30,187,6.23,0,12.5,31,24,101,4.21,1,6.7,288,1
7607,2022,Michael Carter,RB,NYJ,16,126.0,137,RB · 40,7.88,198,RB · 54,23,-,0,0,0,0,0,-,114,402,3.53,3,25.1,54,41,288,7.02,0,18.0,690,3
7607,2021,Michael Carter,RB,NYJ,14,154.4,113,RB · 29,11.03,131,RB · 34,22,-,0,0,0,0,0,-,147,639,4.35,4,45.6,55,36,325,9.03,0,23.2,964,4
455,2019,Michael Crabtree,WR,ARI,3,6.2,424,WR · 167,2.07,357,WR · 143,32,-,0,0,0,0,0,-,0,0,-,0,-,5,4,22,5.5,0,7.3,22,0
455,2018,Michael Crabtree,WR,BAL,16,132.7,132,WR · 54,8.29,181,WR · 71,31,-,0,0,0,0,0,-,0,0,-,0,-,100,54,607,11.24,3,37.9,607,3
455,2017,Michael Crabtree,WR,-,14,171.8,79,WR · 30,12.27,78,WR · 24,-,-,-,-,-,-,-,-,-,-,-,-,-,-,-,-,-,-,-,0,-
455,2016,Michael Crabtree,WR,-,16,239.3,40,WR · 12,14.96,45,WR · 13,-,-,-,-,-,-,-,-,-,-,-,-,-,-,-,-,-,-,-,0,-
5038,2023,Michael Gallup,WR,DAL,17,87.8,191,WR · 78,5.16,246,WR · 92,27,-,0,0,0,0,0,-,0,0,-,0,-,57,34,418,12.29,2,24.6,418,2
5038,2022,Michael Gallup,WR,DAL,14,105.4,165,WR · 66,7.53,206,WR · 74,26,-,0,0,0,0,0,-,0,0,-,0,-,74,39,424,10.87,4,30.3,424,4
5038,2021,Michael Gallup,WR,DAL,9,91.5,193,WR · 77,10.17,151,WR · 52,25,-,0,0,0,0,0,-,0,0,-,0,-,62,35,445,12.71,2,49.4,445,2
5038,2020,Michael Gallup,WR,DAL,16,173.3,90,WR · 38,10.83,135,WR · 52,24,-,0,0,0,0,0,-,0,0,-,0,-,105,59,843,14.29,5,52.7,843,5
5038,2019,Michael Gallup,WR,DAL,14,212.7,68,WR · 22,15.19,60,WR · 18,23,-,0,0,0,0,0,-,0,0,-,0,-,113,66,1107,16.77,6,79.1,1107,6
5038,2018,Michael Gallup,WR,DAL,16,97.7,177,WR · 76,6.11,236,WR · 96,22,-,0,0,0,0,0,-,0,0,-,0,-,68,33,507,15.36,2,31.7,507,2
9482,2025,Michael Mayer,TE,LV,13,73.8,219,TE · 38,5.68,236,TE · 37,-,-,0,0,0,0,0,-,0,0,0,0,-,50,35,328,9.4,1,25.2,328,1
9482,2024,Michael Mayer,TE,LV,11,36.6,297,TE · 52,3.33,309,TE · 48,23,-,0,0,0,0,0,-,0,0,-,0,-,32,21,156,7.43,0,14.2,156,0
9482,2023,Michael Mayer,TE,LV,13,71.4,221,TE · 35,5.49,238,TE · 33,22,-,0,0,0,0,0,-,0,0,-,0,-,40,27,304,11.26,2,23.4,304,2
11559,2025,Michael Penix Jr.,QB,ATL,9,123.3,143,QB · 33,13.70,71,QB · 31,-,60.1%,166,276,1982,9,3,220.2,21,70,3.33,1,7.8,0,0,0,0,0,-,2052,1
11559,2024,Michael Penix Jr.,QB,ATL,5,47.1,276,QB · 45,9.42,157,QB · 50,24,58.1%,61,105,775,3,3,155.0,7,11,1.57,1,2.2,0,0,0,-,0,-,786,1
6819,2025,Michael Pittman Jr.,WR,IND,17,202.4,62,WR · 18,11.91,101,WR · 31,-,-,0,0,0,0,0,-,0,0,0,0,-,111,80,784,9.8,7,46.1,784,7
6819,2024,Michael Pittman Jr.,WR,IND,16,165.8,103,WR · 41,10.36,138,WR · 49,27,-,0,0,0,0,0,-,0,0,-,0,-,111,69,808,11.71,3,50.5,808,3
6819,2023,Michael Pittman Jr.,WR,IND,16,250.2,35,WR · 13,15.64,52,WR · 15,26,-,0,0,0,0,0,-,0,0,-,0,-,156,109,1152,10.57,4,72.0,1152,4
6819,2022,Michael Pittman Jr.,WR,IND,16,216.5,53,WR · 20,13.53,72,WR · 23,25,-,0,0,0,0,0,-,3,30,10,0,1.9,141,99,925,9.34,4,57.8,955,4
6819,2021,Michael Pittman Jr.,WR,IND,17,238.6,43,WR · 17,14.04,78,WR · 29,24,-,0,0,0,0,0,-,5,44,8.8,0,2.6,129,88,1082,12.3,6,63.6,1126,6
6819,2020,Michael Pittman Jr.,WR,IND,13,98.9,182,WR · 78,7.61,212,WR · 83,23,-,0,0,0,0,0,-,3,26,8.67,0,2.0,61,40,503,12.58,1,38.7,529,1
7944,2023,Michael Strachan,WR,-,4,5.5,473,WR · 188,1.38,437,WR · 173,-,-,-,-,-,-,-,-,-,-,-,-,-,-,-,-,-,-,-,0,-
7944,2022,Michael Strachan,WR,-,6,8.9,462,WR · 174,1.48,486,WR · 183,-,-,-,-,-,-,-,-,-,-,-,-,-,-,-,-,-,-,-,0,-
7944,2021,Michael Strachan,WR,-,2,4.6,510,WR · 201,2.30,439,WR · 174,-,-,-,-,-,-,-,-,-,-,-,-,-,-,-,-,-,-,-,0,-
3199,2023,Michael Thomas,WR,NO,10,89.8,188,WR · 75,8.98,162,WR · 56,30,-,0,0,0,0,0,-,0,0,-,0,-,64,39,448,11.49,1,44.8,448,1
3199,2022,Michael Thomas,WR,NO,3,51.1,276,WR · 117,17.03,32,WR · 9,29,-,0,0,0,0,0,-,0,0,-,0,-,22,16,171,10.69,3,57.0,171,3
3199,2020,Michael Thomas,WR,NO,7,83.9,210,WR · 94,11.99,111,WR · 41,27,-,0,0,0,0,0,-,1,1,1,0,0.1,55,40,438,10.95,0,62.6,439,0
3199,2019,Michael Thomas,WR,NO,16,374.6,3,WR · 1,23.41,3,WR · 1,26,-,0,0,0,0,0,-,1,-9,-9,0,-0.6,185,149,1725,11.58,9,107.8,1716,9
3199,2018,Michael Thomas,WR,NO,16,315.5,16,WR · 6,19.72,22,WR · 6,25,-,0,0,0,0,0,-,0,0,-,0,-,147,125,1405,11.24,9,87.8,1405,9
3199,2017,Michael Thomas,WR,-,16,258.5,24,WR · 6,16.16,32,WR · 7,-,-,-,-,-,-,-,-,-,-,-,-,-,-,-,-,-,-,-,0,-
3199,2016,Michael Thomas,WR,-,15,255.7,29,WR · 7,17.05,27,WR · 8,-,-,-,-,-,-,-,-,-,-,-,-,-,-,-,-,-,-,-,0,-
6363,2019,Michael Walker,WR,JAX,7,-0.5,571,WR · 218,-0.07,569,WR · 217,23,-,0,0,0,0,0,-,0,0,-,0,-,3,2,15,7.5,0,2.1,15,0
6992,2020,Michael Warren II,RB,WAS,1,0.0,560,RB · 158,0.00,560,RB · 158,22,-,0,0,0,0,0,-,0,0,-,0,-,0,0,0,-,0,-,0,0
10232,2025,Michael Wilson,WR,ARI,17,220.6,47,WR · 10,12.98,78,WR · 21,-,-,0,0,0,0,0,-,0,0,0,0,-,126,78,1006,12.9,7,59.2,1006,7
10232,2024,Michael Wilson,WR,ARI,16,124.5,144,WR · 61,7.78,191,WR · 74,24,-,0,0,0,0,0,-,1,7,7,0,0.4,71,47,548,11.66,4,34.3,555,4
10232,2023,Michael Wilson,WR,ARI,13,114.5,152,WR · 60,8.81,168,WR · 61,23,-,0,0,0,0,0,-,0,0,-,0,-,58,38,565,14.87,3,43.5,565,3
8202,2024,Michael Woods II,WR,CLE,5,13.5,407,WR · 163,2.70,335,WR · 132,24,-,0,0,0,0,0,-,0,0,-,0,-,17,7,65,9.29,0,13.0,65,0
8202,2022,Michael Woods II,WR,CLE,8,9.0,460,WR · 173,1.13,504,WR · 191,22,-,0,0,0,0,0,-,1,-5,-5,0,-0.6,10,5,45,9,0,5.6,40,0
5209,2024,Mike Boone,RB,CAR,5,5.9,464,RB · 119,1.18,433,RB · 117,29,-,0,0,0,0,0,-,13,51,3.92,0,10.2,3,1,-2,-2,0,-0.4,49,0
5209,2023,Mike Boone,RB,-,9,13.3,417,RB · 105,1.48,429,RB · 115,-,-,-,-,-,-,-,-,-,-,-,-,-,-,-,-,-,-,-,0,-
5209,2022,Mike Boone,RB,DEN,8,28.8,347,RB · 93,3.60,343,RB · 91,27,-,0,0,0,0,0,-,24,102,4.25,0,12.8,15,9,96,10.67,0,12.0,198,0
5209,2021,Mike Boone,RB,DEN,3,7.7,474,RB · 132,2.57,426,RB · 120,26,-,0,0,0,0,0,-,4,35,8.75,0,11.7,2,2,22,11,0,7.3,57,0
5209,2020,Mike Boone,RB,MIN,16,14.9,416,RB · 119,0.93,480,RB · 132,25,-,0,0,0,0,0,-,11,59,5.36,1,3.7,2,2,10,5,0,0.6,69,1
5209,2019,Mike Boone,RB,MIN,16,50.0,257,RB · 73,3.13,315,RB · 84,24,-,0,0,0,0,0,-,49,273,5.57,3,17.1,4,3,17,5.67,0,1.1,290,3
5209,2018,Mike Boone,RB,MIN,8,6.8,457,RB · 123,0.85,463,RB · 128,23,-,0,0,0,0,0,-,11,47,4.27,0,5.9,3,2,1,0.5,0,0.1,48,0
2431,2022,Mike Davis,RB,BAL,5,4.2,512,RB · 143,0.84,525,RB · 140,29,-,0,0,0,0,0,-,8,18,2.25,0,3.6,2,2,4,2,0,0.8,22,0
2431,2021,Mike Davis,RB,ATL,17,138.2,130,RB · 35,8.13,199,RB · 53,28,-,0,0,0,0,0,-,138,503,3.64,3,29.6,58,44,259,5.89,1,15.2,762,4
2431,2020,Mike Davis,RB,CAR,15,206.5,63,RB · 12,13.77,86,RB · 21,27,-,0,0,0,0,0,-,165,642,3.89,6,42.8,70,59,373,6.32,2,24.9,1015,8
2431,2019,Mike Davis,RB,2TM,12,11.9,392,RB · 105,0.99,407,RB · 105,26,-,0,0,0,0,0,-,13,27,2.08,0,2.3,8,7,22,3.14,0,1.8,49,0
2431,2018,Mike Davis,RB,SEA,15,136.8,125,RB · 36,9.12,159,RB · 44,25,-,0,0,0,0,0,-,112,514,4.59,4,34.3,42,34,214,6.29,1,14.3,728,5
2431,2017,Mike Davis,RB,-,6,52.1,260,RB · 77,8.68,159,RB · 47,-,-,-,-,-,-,-,-,-,-,-,-,-,-,-,-,-,-,-,0,-
2431,2016,Mike Davis,RB,-,8,14.5,391,RB · 111,1.81,398,RB · 116,-,-,-,-,-,-,-,-,-,-,-,-,-,-,-,-,-,-,-,0,-
2216,2025,Mike Evans,WR,TB,8,84.8,203,WR · 75,10.60,132,WR · 43,-,-,0,0,0,0,0,-,0,0,0,0,-,61,30,368,12.3,3,46.0,368,3
2216,2024,Mike Evans,WR,TB,14,240.4,50,WR · 14,17.17,34,WR · 11,31,-,0,0,0,0,0,-,0,0,-,0,-,110,74,1004,13.57,11,71.7,1004,11
2216,2023,Mike Evans,WR,TB,17,282.5,19,WR · 7,16.62,38,WR · 11,30,-,0,0,0,0,0,-,0,0,-,0,-,136,79,1255,15.89,13,73.8,1255,13
2216,2022,Mike Evans,WR,TB,15,225.4,48,WR · 17,15.03,52,WR · 14,29,-,0,0,0,0,0,-,0,0,-,0,-,127,77,1124,14.6,6,74.9,1124,6
2216,2021,Mike Evans,WR,TB,16,262.5,29,WR · 9,16.41,39,WR · 12,28,-,0,0,0,0,0,-,1,10,10,0,0.6,114,74,1035,13.99,14,64.7,1045,14
2216,2020,Mike Evans,WR,TB,16,248.6,40,WR · 11,15.54,61,WR · 16,27,-,0,0,0,0,0,-,0,0,-,0,-,109,70,1006,14.37,13,62.9,1006,13
2216,2019,Mike Evans,WR,TB,13,232.7,47,WR · 15,17.90,24,WR · 5,26,-,0,0,0,0,0,-,0,0,-,0,-,118,67,1157,17.27,8,89.0,1157,8
2216,2018,Mike Evans,WR,TB,16,284.4,26,WR · 9,17.78,34,WR · 10,25,-,0,0,0,0,0,-,0,0,-,0,-,138,86,1524,17.72,8,95.3,1524,9
2216,2017,Mike Evans,WR,-,15,203.1,52,WR · 17,13.54,62,WR · 20,-,-,-,-,-,-,-,-,-,-,-,-,-,-,-,-,-,-,-,0,-
2216,2016,Mike Evans,WR,-,16,304.1,10,WR · 3,19.01,13,WR · 3,-,-,-,-,-,-,-,-,-,-,-,-,-,-,-,-,-,-,-,0,-
4993,2025,Mike Gesicki,TE,CIN,13,70.7,227,TE · 41,5.44,242,TE · 38,-,-,0,0,0,0,0,-,0,0,0,0,-,42,28,307,11,2,23.6,307,2
4993,2024,Mike Gesicki,TE,CIN,17,141.5,122,TE · 13,8.32,179,TE · 19,29,-,0,0,0,0,0,-,0,0,-,0,-,83,65,665,10.23,2,39.1,665,2
4993,2023,Mike Gesicki,TE,NE,17,65.4,231,TE · 37,3.85,284,TE · 42,28,-,0,0,0,0,0,-,0,0,-,0,-,45,29,244,8.41,2,14.4,244,2
4993,2022,Mike Gesicki,TE,MIA,17,98.2,177,TE · 23,5.78,256,TE · 37,27,-,0,0,0,0,0,-,0,0,-,0,-,52,32,362,11.31,5,21.3,362,5
4993,2021,Mike Gesicki,TE,MIA,17,165.0,99,TE · 8,9.71,163,TE · 17,26,0.0%,0,1,0,0,0,-,0,0,-,0,-,112,73,780,10.68,2,45.9,780,2
4993,2020,Mike Gesicki,TE,MIA,15,159.3,107,TE · 7,10.62,142,TE · 9,25,-,0,0,0,0,0,-,0,0,-,0,-,85,53,703,13.26,6,46.9,703,6
4993,2019,Mike Gesicki,TE,MIA,16,136.0,129,TE · 12,8.50,169,TE · 16,24,-,0,0,0,0,0,-,0,0,-,0,-,89,51,570,11.18,5,35.6,570,5
4993,2018,Mike Gesicki,TE,MIA,16,40.2,305,TE · 52,2.51,367,TE · 70,23,-,0,0,0,0,0,-,0,0,-,0,-,32,22,202,9.18,0,12.6,202,0
1559,2021,Mike Glennon,QB,NYG,6,40.9,316,QB · 45,6.82,240,QB · 52,32,53.9%,90,167,790,4,10,131.7,7,33,4.71,1,5.5,0,0,0,-,0,-,823,1
1559,2020,Mike Glennon,QB,JAX,5,65.6,245,QB · 39,13.12,98,QB · 34,31,62.0%,111,179,1072,7,5,214.4,6,17,2.83,0,3.4,0,0,0,-,0,-,1089,0
1559,2019,Mike Glennon,QB,OAK,3,4.2,447,QB · 57,1.40,390,QB · 56,30,60.0%,6,10,56,1,0,18.7,2,0,0,0,-,0,0,0,-,0,-,56,0
1559,2018,Mike Glennon,QB,ARI,2,10.9,423,QB · 53,5.45,256,QB · 47,29,71.4%,15,21,174,1,0,87.0,0,0,-,0,-,0,0,0,-,0,-,174,0
1559,2017,Mike Glennon,QB,-,4,33.6,312,QB · 45,8.40,167,QB · 45,-,-,-,-,-,-,-,-,-,-,-,-,-,-,-,-,-,-,-,0,-
1559,2016,Mike Glennon,QB,-,2,9.0,429,QB · 53,4.50,278,QB · 49,-,-,-,-,-,-,-,-,-,-,-,-,-,-,-,-,-,-,-,0,-
3652,2022,Mike Thomas,WR,CIN,5,7.8,472,WR · 178,1.56,477,WR · 180,28,-,0,0,0,0,0,-,0,0,-,0,-,10,2,38,19,0,7.6,38,0
3652,2021,Mike Thomas,WR,CIN,7,10.2,446,WR · 176,1.46,492,WR · 190,27,-,0,0,0,0,0,-,0,0,-,0,-,11,5,52,10.4,0,7.4,52,0
3652,2020,Mike Thomas,WR,CIN,14,30.3,335,WR · 138,2.16,397,WR · 157,26,-,0,0,0,0,0,-,1,1,1,0,0.1,21,13,132,10.15,1,9.4,133,1
3652,2019,Mike Thomas,WR,LAR,16,3.4,453,WR · 180,0.21,479,WR · 186,25,-,0,0,0,0,0,-,0,0,-,0,-,5,2,14,7,0,0.9,14,0
3652,2018,Mike Thomas,WR,LAR,1,0.0,543,WR · 206,0.00,543,WR · 206,24,-,0,0,0,0,0,-,0,0,-,0,-,0,0,0,-,0,-,0,0
3652,2017,Mike Thomas,WR,-,8,14.3,396,WR · 153,1.79,387,WR · 150,-,-,-,-,-,-,-,-,-,-,-,-,-,-,-,-,-,-,-,0,-
3652,2016,Mike Thomas,WR,-,15,4.7,470,WR · 176,0.31,508,WR · 190,-,-,-,-,-,-,-,-,-,-,-,-,-,-,-,-,-,-,-,0,-
5089,2024,Mike White,QB,BUF,1,1.1,528,QB · 70,1.10,436,QB · 66,29,27.3%,3,11,28,0,0,28.0,0,0,-,0,-,0,0,0,-,0,-,28,0
5089,2023,Mike White,QB,MIA,6,3.1,496,QB · 70,0.52,503,QB · 74,28,83.3%,5,6,74,1,1,12.3,8,-9,-1.13,0,-1.5,0,0,0,-,0,-,65,0
5089,2022,Mike White,QB,NYJ,4,60.6,247,QB · 38,15.15,50,QB · 26,27,58.9%,103,175,1192,3,4,298.0,6,9,1.5,1,2.3,0,0,0,-,0,-,1201,1
5089,2021,Mike White,QB,NYJ,4,52.0,281,QB · 42,13.00,91,QB · 33,26,66.7%,88,132,953,5,8,238.3,5,-1,-0.2,0,-0.3,0,0,0,-,0,-,952,0
5089,2020,Mike White,QB,-,1,0.0,560,QB · 79,0.00,560,QB · 79,-,-,-,-,-,-,-,-,-,-,-,-,-,-,-,-,-,-,-,0,-
4068,2024,Mike Williams,WR,2TM,18,56.8,257,WR · 107,3.16,318,WR · 129,30,-,0,0,0,0,0,-,0,0,-,0,-,34,21,298,14.19,1,16.6,298,1
4068,2023,Mike Williams,WR,LAC,3,50.2,267,WR · 112,16.73,35,WR · 10,29,-,0,0,0,0,0,-,1,3,3,0,1.0,26,19,249,13.11,1,83.0,252,1
4068,2022,Mike Williams,WR,LAC,13,176.5,84,WR · 32,13.58,70,WR · 22,28,-,0,0,0,0,0,-,0,0,-,0,-,93,63,895,14.21,4,68.8,895,4
4068,2021,Mike Williams,WR,LAC,16,246.6,37,WR · 12,15.41,49,WR · 15,27,-,0,0,0,0,0,-,0,0,-,0,-,129,76,1146,15.08,9,71.6,1146,9
4068,2020,Mike Williams,WR,LAC,15,153.7,113,WR · 48,10.25,147,WR · 56,26,-,0,0,0,0,0,-,1,1,1,0,0.1,85,48,756,15.75,5,50.4,757,5
4068,2019,Mike Williams,WR,LAC,15,161.3,103,WR · 41,10.75,123,WR · 47,25,-,0,0,0,0,0,-,1,2,2,0,0.1,90,49,1001,20.43,2,66.7,1003,2
4068,2018,Mike Williams,WR,LAC,16,180.2,79,WR · 32,11.26,117,WR · 42,24,-,0,0,0,0,0,-,7,28,4,1,1.8,66,43,664,15.44,10,41.5,692,11
4068,2017,Mike Williams,WR,-,10,20.5,355,WR · 136,2.05,368,WR · 144,-,-,-,-,-,-,-,-,-,-,-,-,-,-,-,-,-,-,-,0,-
5965,2023,Miles Boykin,WR,PIT,14,4.7,482,WR · 191,0.34,516,WR · 198,27,-,0,0,0,0,0,-,0,0,-,0,-,4,3,17,5.67,0,1.2,17,0
5965,2022,Miles Boykin,WR,PIT,10,3.1,525,WR · 201,0.31,563,WR · 215,26,-,0,0,0,0,0,-,0,0,-,0,-,3,2,11,5.5,0,1.1,11,0
5965,2021,Miles Boykin,WR,BAL,2,1.6,557,WR · 219,0.80,530,WR · 206,25,-,0,0,0,0,0,-,0,0,-,0,-,1,1,6,6,0,3.0,6,0
5965,2020,Miles Boykin,WR,BAL,16,69.6,234,WR · 99,4.35,299,WR · 121,24,-,0,0,0,0,0,-,0,0,-,0,-,33,19,266,14,4,16.6,266,4
5965,2019,Miles Boykin,WR,BAL,16,50.8,255,WR · 102,3.18,313,WR · 125,23,-,0,0,0,0,0,-,0,0,-,0,-,22,13,198,15.23,3,12.4,198,3
6151,2025,Miles Sanders,RB,DAL,4,26.7,326,RB · 80,6.68,209,RB · 56,-,-,0,0,0,0,0,-,20,117,5.85,1,29.3,8,8,30,3.8,0,7.5,147,1
6151,2024,Miles Sanders,RB,CAR,11,77.3,223,RB · 55,7.03,211,RB · 48,27,-,0,0,0,0,0,-,55,205,3.73,2,18.6,30,24,148,6.17,1,13.5,353,3
6151,2023,Miles Sanders,RB,CAR,16,87.6,192,RB · 52,5.48,239,RB · 60,26,-,0,0,0,0,0,-,129,432,3.35,1,27.0,41,27,154,5.7,0,9.6,586,1
6151,2022,Miles Sanders,RB,PHI,17,216.7,52,RB · 15,12.75,89,RB · 21,25,-,0,0,0,0,0,-,259,1269,4.9,11,74.6,26,20,78,3.9,0,4.6,1347,11
6151,2021,Miles Sanders,RB,PHI,12,117.2,158,RB · 44,9.77,162,RB · 42,24,-,0,0,0,0,0,-,137,754,5.5,0,62.8,34,26,158,6.08,0,13.2,912,0
6151,2020,Miles Sanders,RB,PHI,12,170.4,92,RB · 23,14.20,78,RB · 20,23,-,0,0,0,0,0,-,164,867,5.29,6,72.3,52,28,197,7.04,0,16.4,1064,6
6151,2019,Miles Sanders,RB,PHI,16,218.7,61,RB · 14,13.67,88,RB · 20,22,-,0,0,0,0,0,-,179,818,4.57,3,51.1,63,50,509,10.18,3,31.8,1327,6
7854,2022,Miller Forristall,TE,CLE,1,0.0,571,TE · 116,0.00,571,TE · 116,24,-,0,0,0,0,0,-,0,0,-,0,-,1,0,0,-,0,-,0,0
7854,2021,Miller Forristall,TE,CLE,1,0.0,582,TE · 121,0.00,582,TE · 121,23,-,0,0,0,0,0,-,0,0,-,0,-,0,0,0,-,0,-,0,0
12473,2025,Mitchell Evans,TE,CAR,12,48.2,279,TE · 53,4.02,283,TE · 45,-,-,0,0,0,0,0,-,1,1,1,0,0.1,25,19,171,9,2,14.3,172,2
3976,2024,Mitchell Trubisky,QB,BUF,9,15.3,385,QB · 56,1.70,389,QB · 64,30,73.1%,19,26,179,2,0,19.9,17,1,0.06,0,0.1,0,0,0,-,0,-,180,0
3976,2023,Mitchell Trubisky,QB,PIT,5,53.7,255,QB · 46,10.74,127,QB · 40,29,62.6%,67,107,632,4,5,126.4,16,54,3.38,2,10.8,0,0,0,-,0,-,686,2
3976,2022,Mitchell Trubisky,QB,PIT,7,78.9,217,QB · 37,11.27,113,QB · 42,28,65.0%,117,180,1252,4,5,178.9,19,38,2,2,5.4,0,0,0,-,0,-,1290,2
3976,2021,Mitchell Trubisky,QB,BUF,5,9.1,458,QB · 61,1.82,468,QB · 64,27,75.0%,6,8,43,0,1,8.6,13,24,1.85,1,4.8,0,0,0,-,0,-,67,1
3976,2020,Mitchell Trubisky,QB,CHI,10,161.7,104,QB · 27,16.17,54,QB · 25,26,67.0%,199,297,2055,16,8,205.5,33,195,5.91,1,19.5,0,0,0,-,0,-,2250,1
3976,2019,Mitchell Trubisky,QB,CHI,15,212.8,67,QB · 26,14.19,75,QB · 30,25,63.2%,326,516,3138,17,10,209.2,48,193,4.02,2,12.9,0,0,0,-,0,-,3331,2
3976,2018,Mitchell Trubisky,QB,CHI,14,262.9,36,QB · 15,18.78,27,QB · 11,24,66.6%,289,434,3223,24,12,230.2,68,421,6.19,3,30.1,0,0,0,-,0,-,3644,3
3976,2017,Mitchell Trubisky,QB,-,12,134.6,123,QB · 28,11.22,102,QB · 38,-,-,-,-,-,-,-,-,-,-,-,-,-,-,-,-,-,-,-,0,-
6894,2024,Mitchell Wilcox,TE,NE,1,0.0,544,TE · 115,0.00,544,TE · 115,28,-,0,0,0,0,0,-,0,0,-,0,-,0,0,0,-,0,-,0,0
6894,2023,Mitchell Wilcox,TE,CIN,16,14.6,409,TE · 79,0.91,472,TE · 90,27,-,0,0,0,0,0,-,0,0,-,0,-,12,9,56,6.22,0,3.5,56,0
6894,2022,Mitchell Wilcox,TE,CIN,9,36.9,317,TE · 57,4.10,323,TE · 55,26,-,0,0,0,0,0,-,0,0,-,0,-,18,17,139,8.18,1,15.4,139,1
6894,2021,Mitchell Wilcox,TE,CIN,4,4.6,510,TE · 105,1.15,508,TE · 104,25,-,0,0,0,0,0,-,0,0,-,0,-,5,3,16,5.33,0,4.0,16,0
4054,2024,Mo Alie-Cox,TE,IND,17,32.7,316,TE · 60,1.92,375,TE · 63,31,-,0,0,0,0,0,-,0,0,-,0,-,22,12,147,12.25,1,8.6,147,1
4054,2023,Mo Alie-Cox,TE,IND,16,49.1,268,TE · 47,3.07,321,TE · 52,30,-,0,0,0,0,0,-,0,0,-,0,-,22,13,161,12.38,3,10.1,161,3
4054,2022,Mo Alie-Cox,TE,IND,14,53.9,263,TE · 45,3.85,330,TE · 59,29,-,0,0,0,0,0,-,0,0,-,0,-,28,19,189,9.95,3,13.5,189,3
4054,2021,Mo Alie-Cox,TE,IND,17,79.6,217,TE · 27,4.68,308,TE · 41,28,-,0,0,0,0,0,-,0,0,-,0,-,45,24,316,13.17,4,18.6,316,4
4054,2020,Mo Alie-Cox,TE,IND,15,80.4,218,TE · 30,5.36,262,TE · 36,27,-,0,0,0,0,0,-,0,0,-,0,-,39,31,394,12.71,2,26.3,394,2
4054,2019,Mo Alie-Cox,TE,IND,16,17.3,361,TE · 74,1.08,404,TE · 84,26,-,0,0,0,0,0,-,0,0,-,0,-,11,8,93,11.63,0,5.8,93,0
4054,2018,Mo Alie-Cox,TE,IND,9,32.3,333,TE · 63,3.59,321,TE · 50,25,-,0,0,0,0,0,-,0,0,-,0,-,13,7,133,19,2,14.8,133,2
10651,2023,Mohamed Ibrahim,RB,DET,1,0.0,537,RB · 145,0.00,537,RB · 145,25,-,0,0,0,0,0,-,0,0,-,0,-,0,0,0,-,0,-,0,0
1071,2021,Mohamed Sanu Sr.,WR,SF,8,32.7,344,WR · 140,4.09,339,WR · 136,32,-,0,0,0,0,0,-,0,0,-,0,-,24,15,177,11.8,0,22.1,177,0
1071,2020,Mohamed Sanu Sr.,WR,2TM,10,44.0,295,WR · 124,4.40,297,WR · 120,31,-,0,0,0,0,0,-,1,3,3,0,0.3,24,17,187,11,1,18.7,190,1
1071,2019,Mohamed Sanu Sr.,WR,2TM,15,124.1,137,WR · 58,8.27,173,WR · 69,30,-,0,0,0,0,0,-,3,11,3.67,0,0.7,89,59,520,8.81,2,34.7,531,2
1071,2018,Mohamed Sanu Sr.,WR,ATL,16,182.4,78,WR · 31,11.40,116,WR · 41,29,50.0%,1,2,5,1,0,0.3,7,44,6.29,0,2.8,94,66,838,12.7,4,52.4,887,4
1071,2017,Mohamed Sanu Sr.,WR,-,15,174.3,76,WR · 29,11.62,87,WR · 31,-,-,-,-,-,-,-,-,-,-,-,-,-,-,-,-,-,-,-,0,-
1071,2016,Mohamed Sanu Sr.,WR,-,15,148.8,116,WR · 51,9.92,147,WR · 59,-,-,-,-,-,-,-,-,-,-,-,-,-,-,-,-,-,-,-,0,-
8475,2024,Montrell Washington,WR,KC,1,0.0,544,WR · 215,0.00,544,WR · 215,25,-,0,0,0,0,0,-,0,0,-,0,-,0,0,0,-,0,-,0,0
8475,2023,Montrell Washington,WR,KC,5,0.0,537,WR · 205,0.00,537,WR · 205,24,-,0,0,0,0,0,-,0,0,-,0,-,0,0,0,-,0,-,0,0
8475,2022,Montrell Washington,WR,DEN,15,5.2,497,WR · 183,0.35,558,WR · 212,23,-,0,0,0,0,0,-,5,30,6,0,2.0,9,4,2,0.5,0,0.1,32,0
2446,2024,MyCole Pruitt,TE,PIT,12,16.0,380,TE · 73,1.33,420,TE · 77,32,-,0,0,0,0,0,-,0,0,-,0,-,10,6,40,6.67,1,3.3,40,1
2446,2023,MyCole Pruitt,TE,ATL,17,26.0,353,TE · 69,1.53,427,TE · 79,31,-,0,0,0,0,0,-,0,0,-,0,-,12,9,110,12.22,1,6.5,110,1
2446,2022,MyCole Pruitt,TE,ATL,10,55.0,261,TE · 44,5.50,266,TE · 39,30,-,0,0,0,0,0,-,0,0,-,0,-,21,16,150,9.38,4,15.0,150,4
2446,2021,MyCole Pruitt,TE,TEN,13,48.5,299,TE · 53,3.73,365,TE · 64,29,-,0,0,0,0,0,-,0,0,-,0,-,18,14,145,10.36,3,11.2,145,3
2446,2020,MyCole Pruitt,TE,TEN,11,21.9,376,TE · 75,1.99,411,TE · 73,28,-,0,0,0,0,0,-,0,0,-,0,-,8,5,49,9.8,2,4.5,49,3
2446,2019,MyCole Pruitt,TE,TEN,16,21.0,346,TE · 68,1.31,392,TE · 81,27,-,0,0,0,0,0,-,0,0,-,0,-,8,6,90,15,1,5.6,90,1
2446,2018,MyCole Pruitt,TE,TEN,15,25.2,350,TE · 67,1.68,405,TE · 79,26,-,0,0,0,0,0,-,0,0,-,0,-,11,9,102,11.33,1,6.8,102,1
2446,2017,MyCole Pruitt,TE,-,1,0.0,529,TE · 108,0.00,529,TE · 108,-,-,-,-,-,-,-,-,-,-,-,-,-,-,-,-,-,-,-,0,-
2446,2016,MyCole Pruitt,TE,-,4,3.3,486,TE · 103,0.83,460,TE · 91,-,-,-,-,-,-,-,-,-,-,-,-,-,-,-,-,-,-,-,0,-
5980,2024,Myles Gaskin,RB,MIN,4,2.0,505,RB · 129,0.50,499,RB · 133,27,-,0,0,0,0,0,-,3,-1,-0.33,0,-0.3,1,1,11,11,0,2.8,10,0
5980,2022,Myles Gaskin,RB,MIA,2,9.4,455,RB · 124,4.70,298,RB · 80,25,-,0,0,0,0,0,-,10,26,2.6,0,13.0,6,4,28,7,0,14.0,54,0
5980,2021,Myles Gaskin,RB,MIA,17,173.6,92,RB · 25,10.21,149,RB · 40,24,-,0,0,0,0,0,-,173,612,3.54,3,36.0,63,49,234,4.78,4,13.8,846,7
5980,2020,Myles Gaskin,RB,MIA,10,164.2,101,RB · 28,16.42,52,RB · 13,23,-,0,0,0,0,0,-,142,584,4.11,3,58.4,47,41,388,9.46,2,38.8,972,5
5980,2019,Myles Gaskin,RB,MIA,7,31.4,314,RB · 86,4.49,266,RB · 69,22,-,0,0,0,0,0,-,36,133,3.69,1,19.0,12,7,51,7.29,0,7.3,184,1
5878,2023,N'Keal Harry,WR,MIN,8,0.0,537,WR · 205,0.00,537,WR · 205,26,-,0,0,0,0,0,-,0,0,-,0,-,0,0,0,-,0,-,0,0
5878,2022,N'Keal Harry,WR,CHI,6,24.6,360,WR · 142,4.10,321,WR · 122,25,-,0,0,0,0,0,-,0,0,-,0,-,9,7,116,16.57,1,19.3,116,1
5878,2021,N'Keal Harry,WR,NE,10,28.4,355,WR · 144,2.84,405,WR · 158,24,-,0,0,0,0,0,-,0,0,-,0,-,22,12,184,15.33,0,18.4,184,0
5878,2020,N'Keal Harry,WR,NE,14,73.9,229,WR · 98,5.28,267,WR · 110,23,-,0,0,0,0,0,-,2,0,0,0,-,57,33,309,9.36,2,22.1,309,2
5878,2019,N'Keal Harry,WR,NE,7,39.4,283,WR · 117,5.63,230,WR · 93,22,-,0,0,0,0,0,-,5,49,9.8,0,7.0,24,12,105,8.75,2,15.0,154,2
7528,2025,Najee Harris,RB,LAC,3,11.6,368,RB · 92,3.87,289,RB · 80,-,-,0,0,0,0,0,-,15,61,4.07,0,20.3,3,3,25,8.3,0,8.3,86,0
7528,2024,Najee Harris,RB,PIT,17,204.6,69,RB · 20,12.04,107,RB · 25,26,-,0,0,0,0,0,-,263,1043,3.97,6,61.4,48,36,283,7.86,0,16.6,1326,6
7528,2023,Najee Harris,RB,PIT,17,195.5,84,RB · 23,11.50,118,RB · 32,25,-,0,0,0,0,0,-,255,1035,4.06,8,60.9,38,29,170,5.86,0,10.0,1205,8
7528,2022,Najee Harris,RB,PIT,17,223.5,49,RB · 14,13.15,80,RB · 19,24,100.0%,1,1,4,0,0,0.2,272,1034,3.8,7,60.8,53,41,229,5.59,3,13.5,1267,10
7528,2021,Najee Harris,RB,PIT,17,300.7,20,RB · 3,17.69,28,RB · 8,23,-,0,0,0,0,0,-,307,1200,3.91,7,70.6,94,74,467,6.31,3,27.5,1667,10
11433,2024,Nate Adkins,TE,DEN,17,43.5,286,TE · 50,2.56,345,TE · 56,25,-,0,0,0,0,0,-,0,0,-,0,-,15,14,115,8.21,3,6.8,115,3
11433,2023,Nate Adkins,TE,DEN,9,6.2,466,TE · 95,0.69,489,TE · 97,24,-,0,0,0,0,0,-,0,0,-,0,-,5,4,22,5.5,0,2.4,22,0
6535,2020,Nate Becker,TE,BUF,1,0.0,560,TE · 118,0.00,560,TE · 118,24,-,0,0,0,0,0,-,0,0,-,0,-,0,0,0,-,0,-,0,0
8058,2021,Nate McCrary,RB,BAL,1,-0.1,660,RB · 188,-0.10,661,RB · 188,22,-,0,0,0,0,0,-,1,-1,-1,0,-1.0,0,0,0,-,0,-,-1,0
3343,2022,Nate Sudfeld,QB,DET,2,-0.4,639,QB · 86,-0.20,641,QB · 87,29,-,0,0,0,0,0,-,5,-4,-0.8,0,-2.0,0,0,0,-,0,-,-4,0
3343,2020,Nate Sudfeld,QB,PHI,1,-0.5,643,QB · 83,-0.50,646,QB · 84,27,41.7%,5,12,32,0,1,32.0,2,12,6,0,12.0,0,0,0,-,0,-,44,0
3343,2019,Nate Sudfeld,QB,-,1,0.0,496,QB · 63,0.00,495,QB · 63,-,-,-,-,-,-,-,-,-,-,-,-,-,-,-,-,-,-,-,0,-
3343,2018,Nate Sudfeld,QB,PHI,2,4.7,473,QB · 57,2.35,372,QB · 53,25,50.0%,1,2,22,1,0,11.0,2,-2,-1,0,-1.0,0,0,0,-,0,-,20,0
3343,2017,Nate Sudfeld,QB,-,1,7.6,449,QB · 56,7.60,184,QB · 46,-,-,-,-,-,-,-,-,-,-,-,-,-,-,-,-,-,-,-,0,-
7466,2021,Nathan Cottrell,RB,JAX,3,0.3,578,RB · 164,0.10,581,RB · 164,25,-,0,0,0,0,0,-,1,3,3,0,1.0,0,0,0,-,0,-,3,0
7466,2020,Nathan Cottrell,RB,JAX,8,0.0,560,RB · 158,0.00,560,RB · 158,24,-,0,0,0,0,0,-,0,0,-,0,-,0,0,0,-,0,-,0,0
4183,2023,Nathan Peterman,QB,CHI,2,-0.4,633,QB · 86,-0.20,632,QB · 85,29,-,0,0,0,0,0,-,2,-4,-2,0,-2.0,0,0,0,-,0,-,-4,0
4183,2022,Nathan Peterman,QB,CHI,3,9.3,458,QB · 68,3.10,381,QB · 67,28,56.0%,14,25,139,1,1,46.3,2,7,3.5,0,2.3,0,0,0,-,0,-,146,0
4183,2021,Nathan Peterman,QB,LV,1,0.2,580,QB · 72,0.20,573,QB · 72,27,-,0,0,0,0,0,-,2,2,1,0,2.0,0,0,0,-,0,-,2,0
4183,2020,Nathan Peterman,QB,LV,1,1.9,536,QB · 72,1.90,418,QB · 67,26,60.0%,3,5,25,0,0,25.0,1,9,9,0,9.0,0,0,0,-,0,-,34,0
4183,2018,Nathan Peterman,QB,BUF,4,12.8,406,QB · 51,3.20,336,QB · 52,24,54.3%,44,81,296,1,7,74.0,10,50,5,1,12.5,0,0,0,-,0,-,346,1
4183,2017,Nathan Peterman,QB,-,4,10.4,423,QB · 51,2.60,348,QB · 56,-,-,-,-,-,-,-,-,-,-,-,-,-,-,-,-,-,-,-,0,-
2325,2024,Nelson Agholor,WR,BAL,14,49.1,272,WR · 116,3.51,301,WR · 123,31,-,0,0,0,0,0,-,0,0,-,0,-,29,14,231,16.5,2,16.5,231,2
2325,2023,Nelson Agholor,WR,BAL,17,97.1,179,WR · 71,5.71,224,WR · 81,30,-,0,0,0,0,0,-,0,0,-,0,-,45,35,381,10.89,4,22.4,381,4
2325,2022,Nelson Agholor,WR,NE,15,75.2,222,WR · 94,5.01,283,WR · 110,29,-,0,0,0,0,0,-,0,0,-,0,-,53,31,362,11.68,2,24.1,362,2
2325,2021,Nelson Agholor,WR,NE,15,103.4,181,WR · 72,6.89,234,WR · 92,28,-,0,0,0,0,0,-,3,11,3.67,0,0.7,64,37,473,12.78,3,31.5,484,3
2325,2020,Nelson Agholor,WR,LV,16,185.6,80,WR · 34,11.60,118,WR · 45,27,-,0,0,0,0,0,-,0,0,-,0,-,82,48,896,18.67,8,56.0,896,8
2325,2019,Nelson Agholor,WR,PHI,11,94.0,178,WR · 76,8.55,166,WR · 66,26,-,0,0,0,0,0,-,2,7,3.5,0,0.6,69,39,363,9.31,3,33.0,370,3
2325,2018,Nelson Agholor,WR,PHI,16,165.4,92,WR · 34,10.34,134,WR · 51,25,100.0%,1,1,15,0,0,0.9,3,32,10.67,0,2.0,97,64,736,11.5,4,46.0,783,4
2325,2017,Nelson Agholor,WR,-,16,187.5,64,WR · 23,11.72,85,WR · 29,-,-,-,-,-,-,-,-,-,-,-,-,-,-,-,-,-,-,-,0,-
2325,2016,Nelson Agholor,WR,-,15,87.9,198,WR · 85,5.86,243,WR · 94,-,-,-,-,-,-,-,-,-,-,-,-,-,-,-,-,-,-,-,0,-
5116,2023,Nick Bawden,RB,NYJ,13,11.5,430,RB · 110,0.88,473,RB · 127,27,-,0,0,0,0,0,-,2,4,2,1,0.3,3,3,21,7,0,1.6,25,1
5116,2021,Nick Bawden,RB,NYJ,1,3.0,536,RB · 151,3.00,399,RB · 114,25,-,0,0,0,0,0,-,0,0,-,0,-,1,1,20,20,0,20.0,20,0
5116,2019,Nick Bawden,RB,DET,10,5.7,431,RB · 115,0.57,442,RB · 116,23,-,0,0,0,0,0,-,0,0,-,0,-,6,4,17,4.25,0,1.7,17,0
2474,2022,Nick Boyle,TE,BAL,3,0.0,571,TE · 116,0.00,571,TE · 116,29,-,0,0,0,0,0,-,0,0,-,0,-,0,0,0,-,0,-,0,0
2474,2021,Nick Boyle,TE,BAL,2,1.2,564,TE · 117,0.60,544,TE · 112,28,-,0,0,0,0,0,-,0,0,-,0,-,2,1,2,2,0,1.0,2,0
2474,2020,Nick Boyle,TE,BAL,9,37.3,314,TE · 60,4.14,307,TE · 46,27,-,0,0,0,0,0,-,0,0,-,0,-,17,14,113,8.07,2,12.6,113,2
2474,2019,Nick Boyle,TE,BAL,16,75.1,215,TE · 37,4.69,261,TE · 43,26,-,0,0,0,0,0,-,0,0,-,0,-,43,31,321,10.35,2,20.1,321,2
2474,2018,Nick Boyle,TE,BAL,16,44.3,291,TE · 47,2.77,354,TE · 65,25,-,0,0,0,0,0,-,0,0,-,0,-,37,23,213,9.26,0,13.3,213,0
2474,2017,Nick Boyle,TE,-,15,50.3,265,TE · 44,3.35,313,TE · 49,-,-,-,-,-,-,-,-,-,-,-,-,-,-,-,-,-,-,-,0,-
2474,2016,Nick Boyle,TE,-,6,10.4,417,TE · 83,1.73,401,TE · 74,-,-,-,-,-,-,-,-,-,-,-,-,-,-,-,-,-,-,-,0,-
4988,2025,Nick Chubb,RB,HOU,15,88.3,196,RB · 54,5.89,229,RB · 63,-,-,0,0,0,0,0,-,122,506,4.15,3,33.7,20,13,67,5.2,0,4.5,573,3
4988,2024,Nick Chubb,RB,CLE,8,63.3,245,RB · 60,7.91,187,RB · 46,29,-,0,0,0,0,0,-,102,332,3.25,3,41.5,11,5,31,6.2,1,3.9,363,4
4988,2023,Nick Chubb,RB,CLE,2,23.1,366,RB · 87,11.55,117,RB · 31,28,-,0,0,0,0,0,-,28,170,6.07,0,85.0,4,4,21,5.25,0,10.5,191,0
4988,2022,Nick Chubb,RB,CLE,17,281.4,24,RB · 6,16.55,35,RB · 6,27,-,0,0,0,0,0,-,302,1525,5.05,12,89.7,37,27,239,8.85,1,14.1,1764,13
4988,2021,Nick Chubb,RB,CLE,14,215.3,61,RB · 13,15.38,50,RB · 12,26,-,0,0,0,0,0,-,228,1259,5.52,8,89.9,25,20,174,8.7,1,12.4,1433,9
4988,2020,Nick Chubb,RB,CLE,12,207.7,61,RB · 11,17.31,39,RB · 9,25,-,0,0,0,0,0,-,190,1067,5.62,12,88.9,18,16,150,9.38,0,12.5,1217,12
4988,2019,Nick Chubb,RB,CLE,16,255.2,30,RB · 8,15.95,44,RB · 11,24,-,0,0,0,0,0,-,298,1494,5.01,8,93.4,49,36,278,7.72,0,17.4,1772,8
4988,2018,Nick Chubb,RB,CLE,16,194.5,66,RB · 17,12.16,99,RB · 25,23,-,0,0,0,0,0,-,192,996,5.19,8,62.3,29,20,149,7.45,2,9.3,1145,10
1029,2022,Nick Foles,QB,IND,2,5.8,488,QB · 72,2.90,399,QB · 70,33,59.5%,25,42,224,0,4,112.0,2,8,4,0,4.0,0,0,0,-,0,-,232,0
1029,2021,Nick Foles,QB,CHI,1,16.8,406,QB · 53,16.80,35,QB · 15,32,68.6%,24,35,250,1,0,250.0,4,8,2,0,8.0,0,0,0,-,0,-,258,0
1029,2020,Nick Foles,QB,CHI,9,112.2,165,QB · 35,12.47,104,QB · 36,31,64.7%,202,312,1852,10,8,205.8,16,1,0.06,1,0.1,0,0,0,-,0,-,1853,1
1029,2019,Nick Foles,QB,JAX,4,39.7,282,QB · 41,9.93,140,QB · 38,30,65.8%,77,117,736,3,2,184.0,4,23,5.75,0,5.8,0,0,0,-,0,-,759,0
1029,2018,Nick Foles,QB,PHI,5,76.2,215,QB · 36,15.24,58,QB · 25,29,72.3%,141,195,1413,7,4,282.6,9,17,1.89,0,3.4,1,1,10,10,0,2.0,1440,0
1029,2017,Nick Foles,QB,-,7,33.8,309,QB · 43,4.83,276,QB · 53,-,-,-,-,-,-,-,-,-,-,-,-,-,-,-,-,-,-,-,0,-
1029,2016,Nick Foles,QB,-,3,28.0,339,QB · 45,9.33,163,QB · 41,-,-,-,-,-,-,-,-,-,-,-,-,-,-,-,-,-,-,-,0,-
5465,2020,Nick Keizer,TE,KC,16,10.3,444,TE · 87,0.64,503,TE · 97,25,-,0,0,0,0,0,-,0,0,-,0,-,9,6,63,10.5,0,3.9,63,0
4464,2024,Nick Mullens,QB,MIN,4,1.3,525,QB · 69,0.33,517,QB · 71,29,100.0%,2,2,38,0,0,9.5,3,-2,-0.67,0,-0.5,0,0,0,-,0,-,36,0
4464,2023,Nick Mullens,QB,MIN,5,74.7,210,QB · 39,14.94,61,QB · 28,28,67.6%,100,148,1306,7,8,261.2,10,25,2.5,0,5.0,0,0,0,-,0,-,1331,0
4464,2022,Nick Mullens,QB,MIN,4,12.8,424,QB · 64,3.20,375,QB · 65,27,84.0%,21,25,224,1,1,56.0,4,8,2,0,2.0,0,0,0,-,0,-,232,0
4464,2021,Nick Mullens,QB,CLE,1,9.9,449,QB · 60,9.90,155,QB · 46,26,66.7%,20,30,147,1,0,147.0,0,0,-,0,-,0,0,0,-,0,-,147,0
4464,2020,Nick Mullens,QB,SF,10,128.3,145,QB · 33,12.83,100,QB · 35,25,64.7%,211,326,2437,12,12,243.7,9,8,0.89,0,0.8,0,0,0,-,0,-,2445,0
4464,2019,Nick Mullens,QB,SF,2,-0.3,569,QB · 75,-0.15,570,QB · 76,24,-,0,0,0,0,0,-,3,-3,-1,0,-1.5,0,0,0,-,0,-,-3,0
4464,2018,Nick Mullens,QB,SF,8,123.5,142,QB · 33,15.44,56,QB · 24,23,64.2%,176,274,2277,13,10,284.6,18,-16,-0.89,0,-2.0,0,0,0,-,0,-,2261,0
8523,2024,Nick Muse,TE,MIN,4,0.0,544,TE · 115,0.00,544,TE · 115,26,-,0,0,0,0,0,-,0,0,-,0,-,0,0,0,-,0,-,0,0
8523,2023,Nick Muse,TE,MIN,1,3.2,494,TE · 103,3.20,315,TE · 49,25,-,0,0,0,0,0,-,0,0,-,0,-,1,1,22,22,0,22.0,22,0
2495,2019,Nick O'Leary,TE,2TM,12,29.9,319,TE · 58,2.49,334,TE · 59,27,-,0,0,0,0,0,-,0,0,-,0,-,18,13,109,8.38,1,9.1,109,1
2495,2018,Nick O'Leary,TE,MIA,12,22.6,362,TE · 71,1.88,395,TE · 76,26,-,0,0,0,0,0,-,0,0,-,0,-,10,8,86,10.75,1,7.2,86,1
2495,2017,Nick O'Leary,TE,-,15,64.2,233,TE · 33,4.28,291,TE · 44,-,-,-,-,-,-,-,-,-,-,-,-,-,-,-,-,-,-,-,0,-
2495,2016,Nick O'Leary,TE,-,16,22.4,358,TE · 69,1.40,421,TE · 80,-,-,-,-,-,-,-,-,-,-,-,-,-,-,-,-,-,-,-,0,-
7941,2021,Nick Ralston,RB,DAL,1,0.0,582,RB · 165,0.00,582,RB · 165,25,-,0,0,0,0,0,-,0,0,-,0,-,0,0,0,-,0,-,0,0
3258,2024,Nick Vannett,TE,TEN,17,48.5,274,TE · 46,2.85,327,TE · 50,31,-,0,0,0,0,0,-,0,0,-,0,-,20,17,135,7.94,3,7.9,135,3
3258,2023,Nick Vannett,TE,LAC,8,1.3,523,TE · 111,0.16,531,TE · 112,30,-,0,0,0,0,0,-,0,0,-,0,-,1,1,3,3,0,0.4,3,0
3258,2022,Nick Vannett,TE,2TM,7,11.5,434,TE · 90,1.64,470,TE · 91,29,-,0,0,0,0,0,-,0,0,-,0,-,9,6,55,9.17,0,7.9,55,0
3258,2021,Nick Vannett,TE,NO,7,28.3,356,TE · 66,4.04,347,TE · 55,28,-,0,0,0,0,0,-,0,0,-,0,-,15,9,133,14.78,1,19.0,133,1
3258,2020,Nick Vannett,TE,DEN,15,29.5,341,TE · 64,1.97,413,TE · 74,27,-,0,0,0,0,0,-,0,0,-,0,-,21,14,95,6.79,1,6.3,95,1
3258,2019,Nick Vannett,TE,2TM,16,33.6,306,TE · 53,2.10,355,TE · 69,26,-,0,0,0,0,0,-,0,0,-,0,-,22,17,166,9.76,0,10.4,166,0
3258,2018,Nick Vannett,TE,SEA,15,73.9,223,TE · 30,4.93,276,TE · 37,25,-,0,0,0,0,0,-,0,0,-,0,-,43,29,269,9.28,3,17.9,269,3
3258,2017,Nick Vannett,TE,-,15,30.4,321,TE · 59,2.03,369,TE · 64,-,-,-,-,-,-,-,-,-,-,-,-,-,-,-,-,-,-,-,0,-
3258,2016,Nick Vannett,TE,-,9,6.2,459,TE · 94,0.69,475,TE · 95,-,-,-,-,-,-,-,-,-,-,-,-,-,-,-,-,-,-,-,0,-
7496,2025,Nick Westbrook-Ikhine,WR,MIA,15,19.9,344,WR · 144,1.33,369,WR · 152,-,-,0,0,0,0,0,-,0,0,0,0,-,20,11,89,8.1,0,5.9,89,0
7496,2024,Nick Westbrook-Ikhine,WR,TEN,17,135.7,129,WR · 54,7.98,186,WR · 71,27,-,0,0,0,0,0,-,0,0,-,0,-,60,32,497,15.53,9,29.2,497,9
7496,2023,Nick Westbrook-Ikhine,WR,TEN,13,85.0,195,WR · 80,6.54,210,WR · 76,26,-,0,0,0,0,0,-,0,0,-,0,-,45,28,370,13.21,3,28.5,370,3
7496,2022,Nick Westbrook-Ikhine,WR,TEN,16,82.7,211,WR · 89,5.17,275,WR · 105,25,-,0,0,0,0,0,-,0,0,-,0,-,50,25,397,15.88,3,24.8,397,3
7496,2021,Nick Westbrook-Ikhine,WR,TEN,15,107.6,171,WR · 67,7.17,224,WR · 89,24,-,0,0,0,0,0,-,0,0,-,0,-,57,38,476,12.53,4,31.7,476,4
7496,2020,Nick Westbrook-Ikhine,WR,TEN,14,8.3,463,WR · 181,0.59,508,WR · 197,23,-,0,0,0,0,0,-,0,0,-,0,-,8,3,33,11,0,2.4,33,0
1604,2018,Nick Williams,WR,2TM,4,0.0,543,WR · 206,0.00,543,WR · 206,28,-,0,0,0,0,0,-,0,0,-,0,-,5,2,17,8.5,0,4.3,17,0
1604,2017,Nick Williams,WR,-,1,0.0,529,WR · 200,0.00,529,WR · 200,-,-,-,-,-,-,-,-,-,-,-,-,-,-,-,-,-,-,-,0,-
1604,2016,Nick Williams,WR,-,2,0.0,540,WR · 193,0.00,540,WR · 193,-,-,-,-,-,-,-,-,-,-,-,-,-,-,-,-,-,-,-,0,-
7569,2025,Nico Collins,WR,HOU,15,226.2,43,WR · 8,15.08,49,WR · 11,-,-,0,0,0,0,0,-,2,15,7.5,1,1.0,120,71,1117,15.7,6,74.5,1132,7
7569,2024,Nico Collins,WR,HOU,12,210.6,65,WR · 23,17.55,28,WR · 8,25,-,0,0,0,0,0,-,0,0,-,0,-,99,68,1006,14.79,7,83.8,1006,7
7569,2023,Nico Collins,WR,HOU,15,260.4,32,WR · 12,17.36,27,WR · 7,24,-,0,0,0,0,0,-,1,7,7,0,0.5,109,80,1297,16.21,8,86.5,1304,8
7569,2022,Nico Collins,WR,HOU,10,97.1,182,WR · 77,9.71,149,WR · 54,23,-,0,0,0,0,0,-,0,0,-,0,-,66,37,481,13,2,48.1,481,2
7569,2021,Nico Collins,WR,HOU,14,83.6,209,WR · 87,5.97,264,WR · 106,22,-,0,0,0,0,0,-,0,0,-,0,-,60,33,446,13.52,1,31.9,446,1
11320,2024,Nikko Remigio,WR,KC,5,6.8,452,WR · 178,1.36,417,WR · 164,25,-,0,0,0,0,0,-,0,0,-,0,-,6,2,48,24,0,9.6,48,0
8107,2022,Nikola Kalinic,TE,IND,1,0.0,571,TE · 116,0.00,571,TE · 116,25,-,0,0,0,0,0,-,0,0,-,0,-,0,0,0,-,0,-,0,0
4234,2025,Noah Brown,WR,WAS,4,13.3,363,WR · 154,3.33,317,WR · 124,-,-,0,0,0,0,0,-,0,0,0,0,-,10,5,83,16.6,0,20.8,83,0
4234,2024,Noah Brown,WR,WAS,11,86.3,209,WR · 87,7.85,188,WR · 72,28,-,0,0,0,0,0,-,0,0,-,0,-,56,35,453,12.94,1,41.2,453,1
4234,2023,Noah Brown,WR,HOU,10,101.6,171,WR · 67,10.16,138,WR · 47,27,-,0,0,0,0,0,-,1,-1,-1,0,-0.1,55,33,567,17.18,2,56.7,566,2
4234,2022,Noah Brown,WR,DAL,16,114.5,154,WR · 61,7.16,216,WR · 79,26,-,0,0,0,0,0,-,0,0,-,0,-,74,43,555,12.91,3,34.7,555,3
4234,2021,Noah Brown,WR,DAL,10,34.4,337,WR · 135,3.44,382,WR · 148,25,-,0,0,0,0,0,-,0,0,-,0,-,25,16,184,11.5,0,18.4,184,0
4234,2020,Noah Brown,WR,DAL,16,29.8,339,WR · 140,1.86,422,WR · 164,24,-,0,0,0,0,0,-,1,4,4,0,0.3,24,14,154,11,0,9.6,158,0
4234,2019,Noah Brown,WR,-,1,0.0,496,WR · 189,0.00,495,WR · 188,-,-,-,-,-,-,-,-,-,-,-,-,-,-,-,-,-,-,-,0,-
4234,2018,Noah Brown,WR,DAL,8,10.4,428,WR · 168,1.30,430,WR · 172,22,-,0,0,0,0,0,-,0,0,-,0,-,8,5,54,10.8,0,6.8,54,0
4234,2017,Noah Brown,WR,-,13,7.3,453,WR · 172,0.56,480,WR · 184,-,-,-,-,-,-,-,-,-,-,-,-,-,-,-,-,-,-,-,0,-
5857,2025,Noah Fant,TE,CIN,15,74.8,217,TE · 37,4.99,252,TE · 40,-,-,0,0,0,0,0,-,0,0,0,0,-,41,34,288,8.5,3,19.2,288,3
5857,2024,Noah Fant,TE,SEA,14,104.0,183,TE · 26,7.43,199,TE · 25,27,-,0,0,0,0,0,-,0,0,-,0,-,64,48,500,10.42,1,35.7,500,1
5857,2023,Noah Fant,TE,SEA,16,73.4,213,TE · 32,4.59,257,TE · 35,26,-,0,0,0,0,0,-,0,0,-,0,-,43,32,414,12.94,0,25.9,414,0
5857,2022,Noah Fant,TE,SEA,17,122.6,139,TE · 17,7.21,214,TE · 25,25,-,0,0,0,0,0,-,0,0,-,0,-,63,50,486,9.72,4,28.6,486,4
5857,2021,Noah Fant,TE,DEN,16,159.0,109,TE · 12,9.94,154,TE · 15,24,-,0,0,0,0,0,-,0,0,-,0,-,90,68,670,9.85,4,41.9,670,4
5857,2020,Noah Fant,TE,DEN,15,149.3,116,TE · 9,9.95,151,TE · 12,23,-,0,0,0,0,0,-,0,0,-,0,-,93,62,673,10.85,3,44.9,673,3
5857,2019,Noah Fant,TE,DEN,16,111.0,154,TE · 16,6.94,196,TE · 24,22,-,0,0,0,0,0,-,3,-12,-4,0,-0.8,66,40,562,14.05,3,35.1,550,3
7828,2025,Noah Gray,TE,KC,16,38.8,293,TE · 57,2.43,336,TE · 60,-,-,0,0,0,0,0,-,0,0,0,0,-,37,21,178,8.5,0,11.1,178,0
7828,2024,Noah Gray,TE,KC,17,113.3,166,TE · 22,6.66,220,TE · 31,25,-,0,0,0,0,0,-,1,-4,-4,0,-0.2,49,40,437,10.93,5,25.7,433,5
7828,2023,Noah Gray,TE,KC,17,70.6,223,TE · 36,4.15,272,TE · 39,24,-,0,0,0,0,0,-,1,1,1,0,0.1,41,28,305,10.89,2,17.9,306,2
7828,2022,Noah Gray,TE,KC,17,70.0,232,TE · 36,4.12,319,TE · 54,23,-,0,0,0,0,0,-,1,1,1,1,0.1,34,28,299,10.68,1,17.6,300,2
7828,2021,Noah Gray,TE,KC,7,16.6,409,TE · 78,2.37,434,TE · 80,22,-,0,0,0,0,0,-,0,0,-,0,-,10,7,36,5.14,1,5.1,36,1
7404,2023,Noah Togiai,TE,PHI,1,0.0,537,TE · 114,0.00,537,TE · 114,26,-,0,0,0,0,0,-,0,0,-,0,-,0,0,0,-,0,-,0,0
7404,2022,Noah Togiai,TE,PHI,1,0.0,571,TE · 116,0.00,571,TE · 116,25,-,0,0,0,0,0,-,0,0,-,0,-,1,0,0,-,0,-,0,0
7404,2021,Noah Togiai,TE,PHI,1,0.0,582,TE · 121,0.00,582,TE · 121,24,-,0,0,0,0,0,-,0,0,-,0,-,0,0,0,-,0,-,0,0
7404,2020,Noah Togiai,TE,IND,4,0.0,560,TE · 118,0.00,560,TE · 118,23,-,0,0,0,0,0,-,0,0,-,0,-,1,0,0,-,0,-,0,0
6387,2022,Nsimba Webster,WR,CHI,1,3.4,522,WR · 198,3.40,362,WR · 138,26,-,0,0,0,0,0,-,0,0,-,0,-,3,2,14,7,0,14.0,14,0
6387,2021,Nsimba Webster,WR,CHI,6,0.0,582,WR · 225,0.00,582,WR · 225,25,-,0,0,0,0,0,-,0,0,-,0,-,0,0,0,-,0,-,0,0
6387,2020,Nsimba Webster,WR,LAR,16,-2.0,647,WR · 242,-0.13,643,WR · 240,24,-,0,0,0,0,0,-,0,0,-,0,-,0,0,0,-,0,-,0,0
6387,2019,Nsimba Webster,WR,LAR,5,0.0,496,WR · 189,0.00,495,WR · 188,23,-,0,0,0,0,0,-,0,0,-,0,-,0,0,0,-,0,-,0,0
5347,2024,Nyheim Hines,RB,-,2,0.0,544,RB · 141,0.00,544,RB · 141,-,-,-,-,-,-,-,-,-,-,-,-,-,-,-,-,-,-,-,0,-
5347,2022,Nyheim Hines,RB,2TM,16,81.4,214,RB · 56,5.09,281,RB · 72,26,-,0,0,0,0,0,-,24,33,1.38,1,2.1,37,30,241,8.03,1,15.1,274,4
5347,2021,Nyheim Hines,RB,IND,17,112.6,164,RB · 48,6.62,243,RB · 66,25,-,0,0,0,0,0,-,56,276,4.93,2,16.2,57,40,310,7.75,1,18.2,586,3
5347,2020,Nyheim Hines,RB,IND,16,193.2,68,RB · 15,12.08,110,RB · 29,24,-,0,0,0,0,0,-,89,380,4.27,3,23.8,76,63,482,7.65,4,30.1,862,7
5347,2019,Nyheim Hines,RB,IND,16,117.9,144,RB · 41,7.37,187,RB · 51,23,-,0,0,0,0,0,-,52,199,3.83,2,12.4,58,44,320,7.27,0,20.0,519,4
5347,2018,Nyheim Hines,RB,IND,16,160.9,96,RB · 27,10.06,141,RB · 39,22,-,0,0,0,0,0,-,85,314,3.69,2,19.6,81,63,425,6.75,2,26.6,739,4
4055,2022,O.J. Howard,TE,HOU,11,36.5,318,TE · 58,3.32,367,TE · 64,28,-,0,0,0,0,0,-,0,0,-,0,-,23,10,145,14.5,2,13.2,145,2
4055,2021,O.J. Howard,TE,TB,11,33.5,339,TE · 63,3.05,398,TE · 70,27,-,0,0,0,0,0,-,0,0,-,0,-,21,14,135,9.64,1,12.3,135,1
4055,2020,O.J. Howard,TE,TB,4,37.6,312,TE · 59,9.40,161,TE · 15,26,-,0,0,0,0,0,-,0,0,-,0,-,19,11,146,13.27,2,36.5,146,2
4055,2019,O.J. Howard,TE,TB,14,83.9,196,TE · 30,5.99,220,TE · 32,25,-,0,0,0,0,0,-,0,0,-,0,-,53,34,459,13.5,1,32.8,459,1
4055,2018,O.J. Howard,TE,TB,10,120.5,145,TE · 14,12.05,103,TE · 6,24,-,0,0,0,0,0,-,0,0,-,0,-,48,34,565,16.62,5,56.5,565,5
4055,2017,O.J. Howard,TE,-,14,101.2,167,TE · 21,7.23,196,TE · 21,-,-,-,-,-,-,-,-,-,-,-,-,-,-,-,-,-,-,-,0,-
2078,2024,Odell Beckham Jr.,WR,MIA,9,14.5,393,WR · 155,1.61,398,WR · 155,32,-,0,0,0,0,0,-,0,0,-,0,-,18,9,55,6.11,0,6.1,55,0
2078,2023,Odell Beckham Jr.,WR,BAL,14,107.5,163,WR · 63,7.68,186,WR · 69,31,-,0,0,0,0,0,-,0,0,-,0,-,64,35,565,16.14,3,40.4,565,3
2078,2021,Odell Beckham Jr.,WR,2TM,14,129.1,140,WR · 55,9.22,169,WR · 61,29,-,0,0,0,0,0,-,2,14,7,0,1.0,82,44,537,12.2,5,38.4,551,5
2078,2020,Odell Beckham Jr.,WR,CLE,7,86.8,203,WR · 90,12.40,106,WR · 39,28,100.0%,1,1,18,0,0,2.6,3,72,24,1,10.3,43,23,319,13.87,3,45.6,409,4
2078,2019,Odell Beckham Jr.,WR,CLE,16,201.3,73,WR · 25,12.58,95,WR · 34,27,50.0%,1,2,20,0,0,1.3,3,10,3.33,0,0.6,133,74,1035,13.99,4,64.7,1065,4
2078,2018,Odell Beckham Jr.,WR,NYG,12,230.4,46,WR · 15,19.20,26,WR · 8,26,100.0%,2,2,106,2,0,8.8,5,19,3.8,0,1.6,124,77,1052,13.66,6,87.7,1177,6
2078,2017,Odell Beckham Jr.,WR,-,4,74.0,211,WR · 82,18.50,12,WR · 3,-,-,-,-,-,-,-,-,-,-,-,-,-,-,-,-,-,-,-,0,-
2078,2016,Odell Beckham Jr.,WR,-,16,296.6,13,WR · 4,18.54,17,WR · 6,-,-,-,-,-,-,-,-,-,-,-,-,-,-,-,-,-,-,-,0,-
6271,2025,Olamide Zaccheaus,WR,CHI,16,84.8,203,WR · 75,5.30,244,WR · 92,-,-,0,0,0,0,0,-,4,25,6.25,0,1.6,65,39,313,8,2,19.6,338,2
6271,2024,Olamide Zaccheaus,WR,WAS,17,112.4,167,WR · 70,6.61,221,WR · 88,27,-,0,0,0,0,0,-,1,8,8,0,0.5,64,45,506,11.24,3,29.8,514,3
6271,2023,Olamide Zaccheaus,WR,PHI,15,38.4,305,WR · 126,2.56,357,WR · 137,26,-,0,0,0,0,0,-,0,0,-,0,-,20,10,164,16.4,2,10.9,164,2
6271,2022,Olamide Zaccheaus,WR,ATL,17,110.0,161,WR · 65,6.47,238,WR · 91,25,-,0,0,0,0,0,-,2,7,3.5,0,0.4,61,40,533,13.33,3,31.4,540,3
6271,2021,Olamide Zaccheaus,WR,ATL,15,89.8,195,WR · 78,5.99,263,WR · 105,24,-,0,0,0,0,0,-,1,2,2,0,0.1,53,31,406,13.1,3,27.1,408,3
6271,2020,Olamide Zaccheaus,WR,ATL,11,53.4,276,WR · 114,4.85,281,WR · 115,23,-,0,0,0,0,0,-,1,0,0,0,-,32,20,274,13.7,1,24.9,274,1
6271,2019,Olamide Zaccheaus,WR,ATL,10,20.5,348,WR · 138,2.05,359,WR · 145,22,-,0,0,0,0,0,-,0,0,-,0,-,5,3,115,38.33,1,11.5,115,2
12495,2025,Ollie Gordon,RB,MIA,17,54.1,262,RB · 67,3.18,322,RB · 87,-,-,0,0,0,0,0,-,70,199,2.84,3,11.7,9,7,32,4.6,1,1.9,231,4
12507,2025,Omarion Hampton,RB,LAC,9,135.7,124,RB · 35,15.08,50,RB · 14,-,-,0,0,0,0,0,-,124,545,4.4,4,60.6,35,32,192,6,1,21.3,737,5
12493,2025,Oronde Gadsden,TE,LAC,15,131.4,128,TE · 15,8.76,163,TE · 20,-,-,0,0,0,0,0,-,0,0,0,0,-,69,49,664,13.6,3,44.3,664,3
7860,2021,Osirus Mitchell,WR,-,1,0.0,582,WR · 225,0.00,582,WR · 225,-,-,-,-,-,-,-,-,-,-,-,-,-,-,-,-,-,-,-,0,-
4335,2023,P.J. Walker,QB,CLE,6,25.0,358,QB · 54,4.17,271,QB · 60,28,48.6%,54,111,674,1,5,112.3,13,30,2.31,0,5.0,0,0,0,-,0,-,704,0
4335,2022,P.J. Walker,QB,CAR,6,42.1,298,QB · 45,7.02,222,QB · 56,27,59.4%,63,106,731,3,3,121.8,6,39,6.5,0,6.5,0,0,0,-,0,-,770,0
4335,2021,P.J. Walker,QB,CAR,5,16.8,406,QB · 53,3.36,388,QB · 60,26,54.5%,36,66,362,1,3,72.4,7,13,1.86,0,2.6,0,0,0,-,0,-,375,0
4335,2020,P.J. Walker,QB,CAR,4,13.5,423,QB · 58,3.38,338,QB · 59,25,57.1%,32,56,368,1,5,92.0,5,-2,-0.4,0,-0.5,1,0,0,-,0,-,366,0
6662,2024,Parker Hesse,TE,DET,7,0.0,544,TE · 115,0.00,544,TE · 115,29,-,0,0,0,0,0,-,0,0,-,0,-,0,0,0,-,0,-,0,0
6662,2023,Parker Hesse,TE,ATL,3,0.0,537,TE · 114,0.00,537,TE · 114,28,-,0,0,0,0,0,-,0,0,-,0,-,0,0,0,-,0,-,0,0
6662,2022,Parker Hesse,TE,ATL,12,17.9,403,TE · 83,1.49,485,TE · 97,27,-,0,0,0,0,0,-,0,0,-,0,-,11,9,89,9.89,0,7.4,89,0
6662,2021,Parker Hesse,TE,ATL,4,9.3,455,TE · 90,2.33,437,TE · 82,26,-,0,0,0,0,0,-,0,0,-,0,-,6,5,43,8.6,0,10.8,43,0
9487,2025,Parker Washington,WR,JAX,16,184.7,81,WR · 27,11.54,112,WR · 36,-,-,0,0,0,0,0,-,7,0,0,0,-,95,58,847,14.6,5,52.9,847,5
9487,2024,Parker Washington,WR,JAX,17,97.0,194,WR · 81,5.71,241,WR · 97,22,-,0,0,0,0,0,-,0,0,-,0,-,51,32,390,12.19,3,22.9,390,4
9487,2023,Parker Washington,WR,JAX,9,39.2,300,WR · 124,4.36,264,WR · 98,21,-,0,0,0,0,0,-,0,0,-,0,-,21,16,132,8.25,2,14.7,132,2
5880,2024,Parris Campbell,WR,PHI,5,15.0,387,WR · 151,3.00,321,WR · 130,27,-,0,0,0,0,0,-,0,0,-,0,-,8,6,30,5,1,6.0,30,1
5880,2023,Parris Campbell,WR,NYG,12,30.4,336,WR · 141,2.53,359,WR · 138,26,-,0,0,0,0,0,-,0,0,-,0,-,27,20,104,5.2,0,8.7,104,0
5880,2022,Parris Campbell,WR,IND,17,149.1,114,WR · 48,8.77,173,WR · 61,25,-,0,0,0,0,0,-,5,58,11.6,0,3.4,91,63,623,9.89,3,36.6,681,3
5880,2021,Parris Campbell,WR,IND,6,32.2,347,WR · 141,5.37,280,WR · 112,24,-,0,0,0,0,0,-,0,0,-,0,-,20,10,162,16.2,1,27.0,162,1
5880,2020,Parris Campbell,WR,IND,2,14.7,417,WR · 164,7.35,219,WR · 87,23,-,0,0,0,0,0,-,2,16,8,0,8.0,9,6,71,11.83,0,35.5,87,0
5880,2019,Parris Campbell,WR,IND,7,38.1,287,WR · 119,5.44,237,WR · 96,22,-,0,0,0,0,0,-,4,34,8.5,0,4.9,24,18,127,7.06,1,18.1,161,1
12492,2025,Pat Bryant,WR,DEN,15,74.8,217,WR · 85,4.99,252,WR · 97,-,-,0,0,0,0,0,-,0,0,0,0,-,49,31,378,12.2,1,25.2,378,1
7600,2025,Pat Freiermuth,TE,PIT,17,113.6,159,TE · 25,6.68,208,TE · 31,-,-,0,0,0,0,0,-,0,0,0,0,-,54,41,486,11.9,4,28.6,486,4
7600,2024,Pat Freiermuth,TE,PIT,17,168.3,102,TE · 9,9.90,149,TE · 14,26,-,0,0,0,0,0,-,0,0,-,0,-,78,65,653,10.05,7,38.4,653,7
7600,2023,Pat Freiermuth,TE,PIT,12,76.8,207,TE · 30,6.40,211,TE · 29,25,-,0,0,0,0,0,-,0,0,-,0,-,47,32,308,9.63,2,25.7,308,2
7600,2022,Pat Freiermuth,TE,PIT,15,148.2,115,TE · 7,9.88,143,TE · 9,24,-,0,0,0,0,0,-,0,0,-,0,-,98,63,732,11.62,2,48.8,732,2
7600,2021,Pat Freiermuth,TE,PIT,16,151.7,115,TE · 13,9.48,166,TE · 18,23,-,0,0,0,0,0,-,0,0,-,0,-,79,60,497,8.28,7,31.1,497,7
1305,2019,Patrick DiMarco,RB,BUF,16,9.8,398,RB · 106,0.61,438,RB · 113,30,-,0,0,0,0,0,-,3,7,2.33,0,0.4,7,5,41,8.2,0,2.6,48,0
1305,2018,Patrick DiMarco,RB,BUF,16,10.1,429,RB · 114,0.63,483,RB · 130,29,-,0,0,0,0,0,-,1,9,9,0,0.6,4,3,62,20.67,0,3.9,71,0
1305,2017,Patrick DiMarco,RB,-,16,9.6,428,RB · 123,0.60,473,RB · 134,-,-,-,-,-,-,-,-,-,-,-,-,-,-,-,-,-,-,-,0,-
1305,2016,Patrick DiMarco,RB,-,16,18.2,372,RB · 105,1.14,435,RB · 126,-,-,-,-,-,-,-,-,-,-,-,-,-,-,-,-,-,-,-,0,-
6311,2023,Patrick Laird,RB,-,2,0.0,537,RB · 145,0.00,537,RB · 145,-,-,-,-,-,-,-,-,-,-,-,-,-,-,-,-,-,-,-,0,-
6311,2021,Patrick Laird,RB,MIA,3,5.1,502,RB · 139,1.70,474,RB · 134,26,-,0,0,0,0,0,-,1,4,4,0,1.3,3,3,17,5.67,0,5.7,21,0
6311,2020,Patrick Laird,RB,MIA,16,22.0,374,RB · 98,1.38,449,RB · 120,25,-,0,0,0,0,0,-,13,72,5.54,0,4.5,12,10,68,6.8,0,4.3,140,0
6311,2019,Patrick Laird,RB,MIA,15,68.2,224,RB · 60,4.55,264,RB · 67,24,-,0,0,0,0,0,-,62,168,2.71,1,11.2,30,23,204,8.87,0,13.6,372,1
4046,2025,Patrick Mahomes II,QB,KC,14,296.7,22,QB · 11,21.19,8,QB · 2,-,62.7%,315,502,3587,22,11,256.2,64,422,6.59,5,30.1,1,1,-10,-10,0,-0.7,3999,5
4046,2024,Patrick Mahomes II,QB,KC,16,294.0,19,QB · 11,18.38,23,QB · 13,29,67.5%,392,581,3928,26,11,245.5,58,307,5.29,2,19.2,1,1,2,2,0,0.1,4237,2
4046,2023,Patrick Mahomes II,QB,KC,16,294.2,13,QB · 8,18.39,21,QB · 14,28,67.2%,401,597,4183,27,14,261.4,75,389,5.19,0,24.3,0,0,0,-,0,-,4572,0
4046,2022,Patrick Mahomes II,QB,KC,17,429.4,1,QB · 1,25.26,2,QB · 2,27,67.1%,435,648,5250,41,12,308.8,61,358,5.87,4,21.1,1,1,6,6,0,0.4,5614,4
4046,2021,Patrick Mahomes II,QB,KC,17,374.2,5,QB · 4,22.01,7,QB · 5,26,66.3%,436,658,4839,37,13,284.6,66,381,5.77,2,22.4,0,0,0,-,0,-,5220,2
4046,2020,Patrick Mahomes II,QB,KC,15,380.4,4,QB · 4,25.36,6,QB · 4,25,66.3%,390,588,4740,38,6,316.0,62,308,4.97,2,20.5,2,0,0,-,0,-,5048,2
4046,2019,Patrick Mahomes II,QB,KC,14,292.0,15,QB · 8,20.86,9,QB · 6,24,65.9%,319,484,4031,26,5,287.9,43,218,5.07,2,15.6,0,0,0,-,0,-,4249,2
4046,2018,Patrick Mahomes II,QB,KC,16,417.0,1,QB · 1,26.06,2,QB · 1,23,66.0%,383,580,5097,50,12,318.6,60,272,4.53,2,17.0,0,0,0,-,0,-,5369,2
4046,2017,Patrick Mahomes II,QB,-,1,10.4,423,QB · 51,10.40,119,QB · 39,-,-,-,-,-,-,-,-,-,-,-,-,-,-,-,-,-,-,-,0,-
4353,2024,Patrick Ricard,RB,BAL,17,17.2,376,RB · 103,1.01,448,RB · 122,30,-,0,0,0,0,0,-,0,0,-,0,-,5,3,22,7.33,1,1.3,22,2
4353,2023,Patrick Ricard,RB,BAL,15,16.2,399,RB · 98,1.08,454,RB · 120,29,-,0,0,0,0,0,-,0,0,-,0,-,7,5,52,10.4,1,3.5,52,1
4353,2022,Patrick Ricard,RB,BAL,13,20.0,387,RB · 105,1.54,479,RB · 131,28,-,0,0,0,0,0,-,7,16,2.29,0,1.2,13,11,74,6.73,0,5.7,90,0
4353,2021,Patrick Ricard,RB,BAL,8,20.7,381,RB · 108,2.59,423,RB · 118,27,-,0,0,0,0,0,-,2,4,2,0,0.5,13,8,63,7.88,1,7.9,67,1
4353,2020,Patrick Ricard,RB,BAL,15,17.4,399,RB · 110,1.16,466,RB · 126,26,-,0,0,0,0,0,-,1,-1,-1,0,-0.1,12,9,45,5,1,3.0,44,1
4353,2019,Patrick Ricard,RB,BAL,16,18.7,355,RB · 96,1.17,399,RB · 101,25,-,0,0,0,0,0,-,0,0,-,0,-,11,8,47,5.88,1,2.9,47,1
4353,2018,Patrick Ricard,RB,BAL,10,0.0,543,RB · 155,0.00,543,RB · 155,24,-,0,0,0,0,0,-,0,0,-,0,-,0,0,0,-,0,-,0,0
4353,2017,Patrick Ricard,RB,-,16,17.2,371,RB · 104,1.08,431,RB · 121,-,-,-,-,-,-,-,-,-,-,-,-,-,-,-,-,-,-,-,0,-
6963,2024,Patrick Taylor Jr.,RB,SF,9,29.8,327,RB · 86,3.31,310,RB · 78,26,-,0,0,0,0,0,-,39,183,4.69,1,20.3,11,3,25,8.33,0,2.8,208,1
6963,2023,Patrick Taylor Jr.,RB,GB,11,30.0,337,RB · 83,2.73,342,RB · 88,25,-,0,0,0,0,0,-,32,141,4.41,0,12.8,17,11,49,4.45,0,4.5,190,0
6963,2022,Patrick Taylor Jr.,RB,GB,7,5.8,488,RB · 136,0.83,526,RB · 141,24,-,0,0,0,0,0,-,10,31,3.1,0,4.4,1,1,17,17,0,2.4,48,0
6963,2021,Patrick Taylor Jr.,RB,GB,5,17.2,404,RB · 115,3.44,382,RB · 109,23,-,0,0,0,0,0,-,23,89,3.87,1,17.8,2,2,3,1.5,0,0.6,92,1
3211,2019,Paul Perkins,RB,DET,4,4.8,440,RB · 117,1.20,397,RB · 100,25,-,0,0,0,0,0,-,12,29,2.42,0,7.3,1,1,9,9,0,2.3,38,0
3211,2017,Paul Perkins,RB,-,11,21.6,350,RB · 97,1.96,374,RB · 107,-,-,-,-,-,-,-,-,-,-,-,-,-,-,-,-,-,-,-,0,-
3211,2016,Paul Perkins,RB,-,14,76.8,215,RB · 57,5.49,255,RB · 72,-,-,-,-,-,-,-,-,-,-,-,-,-,-,-,-,-,-,-,0,-
2279,2019,Paul Richardson Jr.,WR,WAS,10,64.5,230,WR · 91,6.45,209,WR · 82,27,-,0,0,0,0,0,-,1,0,0,0,-,42,28,245,8.75,2,24.5,245,2
2279,2018,Paul Richardson Jr.,WR,WAS,7,59.1,260,WR · 110,8.44,178,WR · 69,26,-,0,0,0,0,0,-,2,9,4.5,0,1.3,35,20,262,13.1,2,37.4,271,2
2279,2017,Paul Richardson Jr.,WR,-,16,150.3,102,WR · 39,9.39,143,WR · 53,-,-,-,-,-,-,-,-,-,-,-,-,-,-,-,-,-,-,-,0,-
2279,2016,Paul Richardson Jr.,WR,-,15,56.3,249,WR · 105,3.75,304,WR · 121,-,-,-,-,-,-,-,-,-,-,-,-,-,-,-,-,-,-,-,0,-
3170,2017,Paxton Lynch,QB,-,2,14.8,390,QB · 49,7.40,189,QB · 47,-,-,-,-,-,-,-,-,-,-,-,-,-,-,-,-,-,-,-,0,-
3170,2016,Paxton Lynch,QB,-,3,28.4,332,QB · 43,9.47,156,QB · 37,-,-,-,-,-,-,-,-,-,-,-,-,-,-,-,-,-,-,-,0,-
10227,2024,Payne Durham,TE,TB,16,34.5,309,TE · 57,2.16,362,TE · 60,24,-,0,0,0,0,0,-,0,0,-,0,-,14,11,115,10.45,2,7.2,115,2
10227,2023,Payne Durham,TE,TB,13,10.8,435,TE · 87,0.83,478,TE · 93,23,-,0,0,0,0,0,-,0,0,-,0,-,7,5,58,11.6,0,4.5,58,0
5902,2022,Penny Hart,WR,SEA,3,5.0,500,WR · 184,1.67,467,WR · 175,26,-,0,0,0,0,0,-,0,0,-,0,-,4,3,20,6.67,0,6.7,20,0
5902,2021,Penny Hart,WR,SEA,12,12.9,430,WR · 169,1.08,513,WR · 200,25,-,0,0,0,0,0,-,0,0,-,0,-,12,7,59,8.43,0,4.9,59,0
5902,2020,Penny Hart,WR,SEA,13,3.2,506,WR · 195,0.25,541,WR · 203,24,-,0,0,0,0,0,-,1,19,19,0,1.5,1,1,3,3,0,0.2,22,0
3594,2021,Peyton Barber,RB,LV,10,49.9,292,RB · 80,4.99,295,RB · 85,27,-,0,0,0,0,0,-,55,212,3.85,2,21.2,13,10,67,6.7,0,6.7,279,2
3594,2020,Peyton Barber,RB,WAS,16,55.0,269,RB · 73,3.44,334,RB · 93,26,-,0,0,0,0,0,-,94,258,2.74,4,16.1,7,4,12,3,0,0.8,270,4
3594,2019,Peyton Barber,RB,TB,16,116.5,147,RB · 42,7.28,188,RB · 52,25,-,0,0,0,0,0,-,154,470,3.05,6,29.4,24,16,115,7.19,1,7.2,585,7
3594,2018,Peyton Barber,RB,TB,16,150.3,109,RB · 31,9.39,152,RB · 42,24,-,0,0,0,0,0,-,234,871,3.72,5,54.4,29,20,92,4.6,1,5.8,963,6
3594,2017,Peyton Barber,RB,-,16,85.7,192,RB · 57,5.36,257,RB · 79,-,-,-,-,-,-,-,-,-,-,-,-,-,-,-,-,-,-,-,0,-
3594,2016,Peyton Barber,RB,-,15,36.1,295,RB · 82,2.41,369,RB · 107,-,-,-,-,-,-,-,-,-,-,-,-,-,-,-,-,-,-,-,0,-
8197,2024,Peyton Hendershot,TE,KC,7,10.1,428,TE · 89,1.44,415,TE · 73,25,-,0,0,0,0,0,-,0,0,-,0,-,5,5,51,10.2,0,7.3,51,0
8197,2023,Peyton Hendershot,TE,DAL,8,7.8,456,TE · 93,0.98,464,TE · 83,24,-,0,0,0,0,0,-,1,0,0,0,-,7,4,38,9.5,0,4.8,38,0
8197,2022,Peyton Hendershot,TE,DAL,12,39.5,308,TE · 54,3.29,369,TE · 65,23,-,0,0,0,0,0,-,1,2,2,1,0.2,16,11,103,9.36,2,8.6,105,3
4443,2024,Pharaoh Brown,TE,SEA,15,12.5,413,TE · 83,0.83,467,TE · 88,30,-,0,0,0,0,0,-,0,0,-,0,-,12,8,65,8.13,0,4.3,65,0
4443,2023,Pharaoh Brown,TE,NE,14,37.8,308,TE · 57,2.70,346,TE · 61,29,-,0,0,0,0,0,-,0,0,-,0,-,15,13,208,16,1,14.9,208,1
4443,2022,Pharaoh Brown,TE,2TM,9,23.7,364,TE · 73,2.63,415,TE · 76,28,-,0,0,0,0,0,-,0,0,-,0,-,20,12,117,9.75,0,13.0,117,0
4443,2021,Pharaoh Brown,TE,HOU,13,38.1,323,TE · 59,2.93,400,TE · 71,27,-,0,0,0,0,0,-,0,0,-,0,-,34,23,171,7.43,0,13.2,171,0
4443,2020,Pharaoh Brown,TE,HOU,13,42.3,299,TE · 53,3.25,344,TE · 55,26,-,0,0,0,0,0,-,0,0,-,0,-,16,14,163,11.64,2,12.5,163,2
4443,2019,Pharaoh Brown,TE,CLE,9,4.7,442,TE · 93,0.52,448,TE · 97,25,-,0,0,0,0,0,-,0,0,-,0,-,3,2,27,13.5,0,3.0,27,0
4443,2017,Pharaoh Brown,TE,-,2,0.0,529,TE · 108,0.00,529,TE · 108,-,-,-,-,-,-,-,-,-,-,-,-,-,-,-,-,-,-,-,0,-
3278,2022,Pharoh Cooper,WR,ARI,5,4.1,514,WR · 192,0.82,529,WR · 203,27,-,0,0,0,0,0,-,4,15,3.75,0,3.0,2,2,6,3,0,1.2,21,0
3278,2021,Pharoh Cooper,WR,NYG,8,7.6,476,WR · 187,0.95,520,WR · 203,26,-,0,0,0,0,0,-,1,3,3,0,0.4,11,4,33,8.25,0,4.1,36,0
3278,2020,Pharoh Cooper,WR,CAR,16,12.3,432,WR · 169,0.77,491,WR · 193,25,-,0,0,0,0,0,-,0,0,-,0,-,8,5,73,14.6,0,4.6,73,0
3278,2019,Pharoh Cooper,WR,2TM,13,55.5,248,WR · 99,4.27,274,WR · 109,24,-,0,0,0,0,0,-,1,2,2,0,0.2,33,25,243,9.72,1,18.7,245,1
3278,2018,Pharoh Cooper,WR,2TM,7,0.0,543,WR · 206,0.00,543,WR · 206,23,-,0,0,0,0,0,-,0,0,-,0,-,1,0,0,-,0,-,0,0
3278,2017,Pharoh Cooper,WR,-,16,18.0,365,WR · 141,1.13,426,WR · 166,-,-,-,-,-,-,-,-,-,-,-,-,-,-,-,-,-,-,-,0,-
3278,2016,Pharoh Cooper,WR,-,10,22.6,356,WR · 143,2.26,377,WR · 149,-,-,-,-,-,-,-,-,-,-,-,-,-,-,-,-,-,-,-,0,-
12738,2025,Phil Mafah,RB,DAL,1,10.9,370,RB · 93,10.90,126,RB · 33,-,-,0,0,0,0,0,-,5,18,3.6,1,18.0,2,2,11,5.5,0,11.0,29,1
331,2020,Philip Rivers,QB,IND,16,251.0,38,QB · 20,15.69,58,QB · 28,39,68.0%,369,543,4169,24,11,260.6,18,-8,-0.44,0,-0.5,0,0,0,-,0,-,4161,0
331,2019,Philip Rivers,QB,LAC,16,255.5,29,QB · 15,15.97,43,QB · 23,38,66.0%,390,591,4615,23,20,288.4,12,29,2.42,0,1.8,0,0,0,-,0,-,4644,0
331,2018,Philip Rivers,QB,LAC,16,284.9,25,QB · 11,17.81,32,QB · 14,37,68.3%,347,508,4308,32,12,269.3,18,7,0.39,0,0.4,0,0,0,-,0,-,4315,0
331,2017,Philip Rivers,QB,-,16,270.5,17,QB · 8,16.91,24,QB · 12,-,-,-,-,-,-,-,-,-,-,-,-,-,-,-,-,-,-,-,0,-
331,2016,Philip Rivers,QB,-,16,258.8,26,QB · 14,16.18,35,QB · 19,-,-,-,-,-,-,-,-,-,-,-,-,-,-,-,-,-,-,-,0,-
2334,2023,Phillip Dorsett II,WR,DEN,2,0.0,537,WR · 205,0.00,537,WR · 205,30,-,0,0,0,0,0,-,0,0,-,0,-,3,0,0,-,0,-,0,0
2334,2022,Phillip Dorsett II,WR,HOU,15,51.7,273,WR · 115,3.45,355,WR · 134,29,0.0%,0,1,0,0,0,-,0,0,-,0,-,40,20,257,12.85,1,17.1,257,1
2334,2021,Phillip Dorsett II,WR,3TM,5,18.0,401,WR · 160,3.60,367,WR · 142,28,-,0,0,0,0,0,-,1,0,0,0,-,14,7,110,15.71,0,22.0,110,0
2334,2019,Phillip Dorsett II,WR,NE,14,100.8,169,WR · 70,7.20,190,WR · 75,26,-,0,0,0,0,0,-,3,21,7,0,1.5,54,29,397,13.69,5,28.4,418,5
2334,2018,Phillip Dorsett II,WR,NE,16,81.9,205,WR · 87,5.12,268,WR · 109,25,-,0,0,0,0,0,-,4,29,7.25,0,1.8,42,32,290,9.06,3,18.1,319,3
2334,2017,Phillip Dorsett II,WR,-,15,32.1,317,WR · 126,2.14,366,WR · 143,-,-,-,-,-,-,-,-,-,-,-,-,-,-,-,-,-,-,-,0,-
2334,2016,Phillip Dorsett II,WR,-,15,98.8,180,WR · 78,6.59,226,WR · 87,-,-,-,-,-,-,-,-,-,-,-,-,-,-,-,-,-,-,-,0,-
5170,2022,Phillip Lindsay,RB,IND,3,14.8,413,RB · 111,4.93,290,RB · 77,28,-,0,0,0,0,0,-,15,49,3.27,0,16.3,8,6,19,3.17,0,6.3,68,0
5170,2021,Phillip Lindsay,RB,2TM,14,45.4,306,RB · 85,3.24,391,RB · 112,27,-,0,0,0,0,0,-,88,249,2.83,1,17.8,5,4,45,11.25,1,3.2,294,2
5170,2020,Phillip Lindsay,RB,DEN,11,66.0,241,RB · 65,6.00,249,RB · 64,26,-,0,0,0,0,0,-,118,502,4.25,1,45.6,14,7,28,4,0,2.5,530,1
5170,2019,Phillip Lindsay,RB,DEN,16,197.7,75,RB · 18,12.36,99,RB · 24,25,-,0,0,0,0,0,-,224,1011,4.51,7,63.2,48,35,196,5.6,0,12.3,1207,7
5170,2018,Phillip Lindsay,RB,DEN,15,222.8,48,RB · 13,14.85,64,RB · 13,24,-,0,0,0,0,0,-,192,1037,5.4,9,69.1,47,35,241,6.89,1,16.1,1278,10
8116,2025,Pierre Strong Jr.,RB,GB,0,0.0,415,RB · 113,-,-,-,-,-,0,0,0,0,0,-,0,0,0,0,-,0,0,0,0,0,-,0,0
8116,2024,Pierre Strong Jr.,RB,CLE,13,35.2,304,RB · 79,2.71,334,RB · 92,26,-,0,0,0,0,0,-,26,108,4.15,0,8.3,22,14,104,7.43,0,8.0,212,0
8116,2023,Pierre Strong Jr.,RB,CLE,17,42.8,286,RB · 72,2.52,360,RB · 92,25,-,0,0,0,0,0,-,63,291,4.62,1,17.1,8,5,47,9.4,0,2.8,338,1
8116,2022,Pierre Strong Jr.,RB,NE,10,27.2,350,RB · 95,2.72,408,RB · 110,24,-,0,0,0,0,0,-,10,100,10,1,10.0,7,7,42,6,0,4.2,142,1
7560,2021,Pooka Williams Jr.,RB,CIN,1,0.0,582,RB · 165,0.00,582,RB · 165,22,-,0,0,0,0,0,-,0,0,-,0,-,0,0,0,-,0,-,0,0
6148,2021,Preston Williams,WR,MIA,6,13.8,426,WR · 168,2.30,438,WR · 173,24,-,0,0,0,0,0,-,1,7,7,0,1.2,16,6,71,11.83,0,11.8,78,0
6148,2020,Preston Williams,WR,MIA,8,74.8,227,WR · 97,9.35,163,WR · 65,23,-,0,0,0,0,0,-,0,0,-,0,-,35,18,288,16,4,36.0,288,4
6148,2019,Preston Williams,WR,MIA,8,90.8,184,WR · 77,11.35,116,WR · 45,22,-,0,0,0,0,0,-,0,0,-,0,-,60,32,428,13.38,3,53.5,428,3
11508,2024,Princeton Fant,TE,DAL,5,0.0,544,TE · 115,0.00,544,TE · 115,25,-,0,0,0,0,0,-,0,0,-,0,-,0,0,0,-,0,-,0,0
9493,2025,Puka Nacua,WR,LAR,16,375.0,2,WR · 1,23.44,3,WR · 2,-,-,0,0,0,0,0,-,10,105,10.5,1,6.6,166,129,1715,13.3,10,107.2,1820,11
9493,2024,Puka Nacua,WR,LAR,11,206.6,68,WR · 26,18.78,18,WR · 2,23,-,0,0,0,0,0,-,11,46,4.18,1,4.2,106,79,990,12.53,3,90.0,1036,4
9493,2023,Puka Nacua,WR,LAR,17,298.5,12,WR · 4,17.56,26,WR · 6,22,-,0,0,0,0,0,-,12,89,7.42,0,5.2,160,105,1486,14.15,6,87.4,1575,6
6002,2022,Qadree Ollison,RB,DAL,3,0.0,571,RB · 160,0.00,571,RB · 160,26,-,0,0,0,0,0,-,0,0,-,0,-,0,0,0,-,0,-,0,0
6002,2021,Qadree Ollison,RB,ATL,6,19.7,387,RB · 110,3.28,390,RB · 111,25,-,0,0,0,0,0,-,21,105,5,1,17.5,6,4,12,3,0,2.0,117,1
6002,2020,Qadree Ollison,RB,ATL,3,0.3,558,RB · 157,0.10,557,RB · 157,24,-,0,0,0,0,0,-,1,3,3,0,1.0,0,0,0,-,0,-,3,0
6002,2019,Qadree Ollison,RB,ATL,8,30.7,316,RB · 88,3.84,293,RB · 79,23,-,0,0,0,0,0,-,22,50,2.27,4,6.3,2,1,7,7,0,0.9,57,4
9754,2025,Quentin Johnston,WR,LAC,14,171.2,95,WR · 34,12.23,92,WR · 27,-,-,0,0,0,0,0,-,2,7,3.5,0,0.5,85,51,735,14.4,8,52.5,742,8
9754,2024,Quentin Johnston,WR,LAC,15,174.7,99,WR · 39,11.65,116,WR · 42,23,-,0,0,0,0,0,-,3,6,2,0,0.4,91,55,711,12.93,8,47.4,717,8
9754,2023,Quentin Johnston,WR,LAC,17,94.0,183,WR · 74,5.53,237,WR · 91,22,-,0,0,0,0,0,-,3,9,3,0,0.5,67,38,431,11.34,2,25.4,440,2
6927,2023,Quez Watkins,WR,PHI,8,35.2,317,WR · 132,4.40,263,WR · 97,25,-,0,0,0,0,0,-,0,0,-,0,-,21,15,142,9.47,1,17.8,142,1
6927,2022,Quez Watkins,WR,PHI,17,84.5,206,WR · 85,4.97,287,WR · 111,24,-,0,0,0,0,0,-,3,1,0.33,0,0.1,51,33,354,10.73,3,20.8,355,3
6927,2021,Quez Watkins,WR,PHI,17,116.0,161,WR · 61,6.82,238,WR · 94,23,-,0,0,0,0,0,-,1,3,3,0,0.2,62,43,647,15.05,1,38.1,650,1
6927,2020,Quez Watkins,WR,PHI,6,23.6,363,WR · 152,3.93,315,WR · 125,22,-,0,0,0,0,0,-,0,0,-,0,-,13,7,106,15.14,1,17.7,106,1
1854,2018,Quincy Enunwa,WR,NYJ,11,86.9,195,WR · 83,7.90,192,WR · 76,26,-,0,0,0,0,0,-,1,0,0,0,-,68,38,449,11.82,1,40.8,449,1
1854,2016,Quincy Enunwa,WR,-,16,168.9,102,WR · 45,10.56,132,WR · 51,-,-,-,-,-,-,-,-,-,-,-,-,-,-,-,-,-,-,-,0,-
12500,2025,Quinn Ewers,QB,MIA,4,36.2,301,QB · 48,9.05,158,QB · 45,-,66.3%,55,83,622,3,3,155.5,8,19,2.38,0,4.8,1,1,-6,-6,0,-1.5,635,0
12512,2025,Quinshon Judkins,RB,CLE,14,169.8,97,RB · 26,12.13,98,RB · 27,-,-,0,0,0,0,0,-,230,827,3.6,7,59.1,36,26,171,6.6,0,12.2,998,7
6895,2022,Quintez Cephus,WR,DET,3,3.5,521,WR · 197,1.17,502,WR · 190,24,-,0,0,0,0,0,-,0,0,-,0,-,3,2,15,7.5,0,5.0,15,0
6895,2021,Quintez Cephus,WR,DET,5,49.4,296,WR · 120,9.88,157,WR · 56,23,-,0,0,0,0,0,-,0,0,-,0,-,22,15,204,13.6,2,40.8,204,2
6895,2020,Quintez Cephus,WR,DET,13,66.9,239,WR · 100,5.15,272,WR · 112,22,-,0,0,0,0,0,-,0,0,-,0,-,35,20,349,17.45,2,26.8,349,2
7536,2024,Quintin Morris,TE,BUF,16,14.6,392,TE · 77,0.91,457,TE · 84,25,-,0,0,0,0,0,-,0,0,-,0,-,8,5,36,7.2,1,2.3,36,1
7536,2023,Quintin Morris,TE,BUF,11,10.6,436,TE · 88,0.96,466,TE · 85,24,-,0,0,0,0,0,-,0,0,-,0,-,3,2,26,13,1,2.4,26,1
7536,2022,Quintin Morris,TE,BUF,9,20.4,384,TE · 78,2.27,437,TE · 84,23,-,0,0,0,0,0,-,0,0,-,0,-,11,8,84,10.5,1,9.3,84,1
7793,2022,Racey McMath,WR,TEN,4,6.4,483,WR · 180,1.60,473,WR · 177,23,-,0,0,0,0,0,-,1,4,4,0,1.0,8,2,40,20,0,10.0,44,0
7793,2021,Racey McMath,WR,TEN,6,0.8,573,WR · 223,0.13,577,WR · 224,22,-,0,0,0,0,0,-,0,0,-,0,-,6,2,8,4,0,1.3,8,0
8136,2025,Rachaad White,RB,TB,17,143.0,115,RB · 32,8.41,174,RB · 46,-,-,0,0,0,0,0,-,132,572,4.33,4,33.6,45,40,218,5.5,0,12.8,790,4
8136,2024,Rachaad White,RB,TB,16,199.6,72,RB · 22,12.48,99,RB · 23,25,-,0,0,0,0,0,-,144,613,4.26,3,38.3,57,51,393,7.71,6,24.6,1006,9
8136,2023,Rachaad White,RB,TB,17,267.9,26,RB · 4,15.76,48,RB · 10,24,-,0,0,0,0,0,-,272,990,3.64,6,58.2,70,64,549,8.58,3,32.3,1539,9
8136,2022,Rachaad White,RB,TB,17,139.1,126,RB · 36,8.18,190,RB · 51,23,-,0,0,0,0,0,-,129,481,3.73,1,28.3,58,50,290,5.8,2,17.1,771,3
8255,2024,Raheem Blackshear,RB,CAR,16,8.0,441,RB · 113,0.50,499,RB · 133,25,-,0,0,0,0,0,-,15,80,5.33,0,5.0,0,0,0,-,0,-,80,0
8255,2023,Raheem Blackshear,RB,CAR,11,17.1,394,RB · 96,1.55,423,RB · 112,24,-,0,0,0,0,0,-,14,46,3.29,0,4.2,7,6,45,7.5,0,4.1,91,0
8255,2022,Raheem Blackshear,RB,CAR,13,43.0,293,RB · 80,3.31,368,RB · 99,23,-,0,0,0,0,0,-,23,77,3.35,3,5.9,12,10,93,9.3,0,7.2,170,3
2749,2024,Raheem Mostert,RB,MIA,13,70.9,227,RB · 56,5.45,245,RB · 60,32,-,0,0,0,0,0,-,85,278,3.27,2,21.4,23,19,161,8.47,0,12.4,439,2
2749,2023,Raheem Mostert,RB,MIA,15,267.7,27,RB · 5,17.85,23,RB · 4,31,-,0,0,0,0,0,-,209,1012,4.84,18,67.5,32,25,175,7,3,11.7,1187,21
2749,2022,Raheem Mostert,RB,MIA,16,168.3,93,RB · 25,10.52,128,RB · 30,30,-,0,0,0,0,0,-,181,891,4.92,3,55.7,42,31,202,6.52,2,12.6,1093,5
2749,2021,Raheem Mostert,RB,SF,1,2.0,545,RB · 153,2.00,455,RB · 128,29,-,0,0,0,0,0,-,2,20,10,0,20.0,0,0,0,-,0,-,20,0
2749,2020,Raheem Mostert,RB,SF,8,99.7,177,RB · 46,12.46,105,RB · 28,28,-,0,0,0,0,0,-,104,521,5.01,2,65.1,19,16,156,9.75,1,19.5,677,3
2749,2019,Raheem Mostert,RB,SF,16,165.2,99,RB · 25,10.33,133,RB · 34,27,-,0,0,0,0,0,-,137,772,5.64,8,48.3,22,14,180,12.86,2,11.3,952,10
2749,2018,Raheem Mostert,RB,SF,9,38.6,311,RB · 86,4.29,297,RB · 82,26,-,0,0,0,0,0,-,34,261,7.68,1,29.0,7,6,25,4.17,0,2.8,286,1
2749,2017,Raheem Mostert,RB,-,11,1.0,520,RB · 153,0.09,524,RB · 154,-,-,-,-,-,-,-,-,-,-,-,-,-,-,-,-,-,-,-,0,-
2749,2016,Raheem Mostert,RB,-,3,0.6,534,RB · 166,0.20,523,RB · 159,-,-,-,-,-,-,-,-,-,-,-,-,-,-,-,-,-,-,-,0,-
12472,2025,Raheim Sanders,RB,CLE,4,20.3,342,RB · 85,5.08,249,RB · 67,-,-,0,0,0,0,0,-,27,92,3.41,1,23.0,4,3,21,7,0,5.3,113,1
9495,2025,Rakim Jarrett,WR,PIT,0,0.0,415,WR · 168,-,-,-,-,-,0,0,0,0,0,-,0,0,0,0,-,0,0,0,0,0,-,0,0
9495,2024,Rakim Jarrett,WR,TB,10,21.4,359,WR · 141,2.14,364,WR · 143,23,-,0,0,0,0,0,-,0,0,-,0,-,11,9,124,13.78,0,12.4,124,0
9495,2023,Rakim Jarrett,WR,TB,9,10.0,441,WR · 174,1.11,451,WR · 182,22,-,0,0,0,0,0,-,1,0,0,0,-,9,4,60,15,0,6.7,60,0
8732,2022,Raleigh Webb,WR,2TM,3,0.0,571,WR · 218,0.00,571,WR · 218,25,-,0,0,0,0,0,-,0,0,-,0,-,0,0,0,-,0,-,0,0
11885,2024,Ramel Keyton,WR,LV,8,1.7,511,WR · 206,0.21,528,WR · 211,24,-,0,0,0,0,0,-,0,0,-,0,-,3,1,7,7,0,0.9,7,0
928,2023,Randall Cobb,WR,NYJ,11,16.9,395,WR · 162,1.54,426,WR · 167,33,-,0,0,0,0,0,-,0,0,-,0,-,17,5,39,7.8,1,3.5,39,1
928,2022,Randall Cobb,WR,GB,13,81.7,213,WR · 91,6.28,244,WR · 95,32,-,0,0,0,0,0,-,0,0,-,0,-,50,34,417,12.26,1,32.1,417,1
928,2021,Randall Cobb,WR,GB,11,93.6,188,WR · 75,8.51,189,WR · 71,31,-,0,0,0,0,0,-,1,1,1,0,0.1,39,28,375,13.39,5,34.1,376,5
928,2020,Randall Cobb,WR,HOU,10,100.1,176,WR · 74,10.01,150,WR · 58,30,0.0%,0,1,0,0,0,-,0,0,-,0,-,48,38,441,11.61,3,44.1,441,3
928,2019,Randall Cobb,WR,DAL,15,154.9,108,WR · 44,10.33,132,WR · 51,29,0.0%,0,1,0,0,0,-,3,11,3.67,0,0.7,83,55,828,15.05,3,55.2,839,3
928,2018,Randall Cobb,WR,GB,9,86.3,198,WR · 84,9.59,148,WR · 55,28,-,0,0,0,0,0,-,0,0,-,0,-,61,38,383,10.08,2,42.6,383,2
928,2017,Randall Cobb,WR,-,15,159.4,92,WR · 35,10.63,116,WR · 42,-,-,-,-,-,-,-,-,-,-,-,-,-,-,-,-,-,-,-,0,-
928,2016,Randall Cobb,WR,-,13,148.3,118,WR · 52,11.41,114,WR · 46,-,-,-,-,-,-,-,-,-,-,-,-,-,-,-,-,-,-,-,0,-
4985,2023,Rashaad Penny,RB,PHI,3,4.8,479,RB · 123,1.60,419,RB · 110,27,-,0,0,0,0,0,-,11,33,3,0,11.0,1,1,5,5,0,1.7,38,0
4985,2022,Rashaad Penny,RB,SEA,5,52.2,269,RB · 71,10.44,132,RB · 33,26,-,0,0,0,0,0,-,57,346,6.07,2,69.2,5,4,16,4,0,3.2,362,2
4985,2021,Rashaad Penny,RB,SEA,10,121.7,151,RB · 42,12.17,105,RB · 25,25,-,0,0,0,0,0,-,119,749,6.29,6,74.9,8,6,48,8,0,4.8,797,6
4985,2020,Rashaad Penny,RB,SEA,3,3.4,505,RB · 141,1.13,468,RB · 127,24,-,0,0,0,0,0,-,11,34,3.09,0,11.3,0,0,0,-,0,-,34,0
4985,2019,Rashaad Penny,RB,SEA,10,75.3,213,RB · 56,7.53,183,RB · 49,23,-,0,0,0,0,0,-,65,370,5.69,3,37.0,11,8,83,10.38,1,8.3,453,4
4985,2018,Rashaad Penny,RB,SEA,14,70.4,228,RB · 67,5.03,271,RB · 80,22,-,0,0,0,0,0,-,85,419,4.93,2,29.9,12,9,75,8.33,0,5.4,494,2
3328,2022,Rashard Higgins,WR,CAR,1,0.0,571,WR · 218,0.00,571,WR · 218,28,-,0,0,0,0,0,-,0,0,-,0,-,0,0,0,-,0,-,0,0
3328,2021,Rashard Higgins,WR,CLE,12,57.5,269,WR · 114,4.79,303,WR · 121,27,-,0,0,0,0,0,-,0,0,-,0,-,47,24,275,11.46,1,22.9,275,1
3328,2020,Rashard Higgins,WR,CLE,13,120.9,155,WR · 63,9.30,168,WR · 67,26,-,0,0,0,0,0,-,0,0,-,0,-,52,37,599,16.19,4,46.1,599,4
3328,2019,Rashard Higgins,WR,CLE,10,15.5,371,WR · 144,1.55,384,WR · 153,25,-,0,0,0,0,0,-,0,0,-,0,-,11,4,55,13.75,1,5.5,55,1
3328,2018,Rashard Higgins,WR,CLE,13,118.2,150,WR · 61,9.09,160,WR · 59,24,-,0,0,0,0,0,-,0,0,-,0,-,53,39,572,14.67,4,44.0,572,4
3328,2017,Rashard Higgins,WR,-,15,68.6,222,WR · 87,4.57,286,WR · 105,-,-,-,-,-,-,-,-,-,-,-,-,-,-,-,-,-,-,-,0,-
3328,2016,Rashard Higgins,WR,-,16,13.7,397,WR · 158,0.86,456,WR · 172,-,-,-,-,-,-,-,-,-,-,-,-,-,-,-,-,-,-,-,0,-
10229,2025,Rashee Rice,WR,KC,8,150.1,109,WR · 40,18.76,21,WR · 6,-,-,0,0,0,0,0,-,5,20,4,1,2.5,78,53,571,10.8,5,71.4,591,6
10229,2024,Rashee Rice,WR,KC,4,64.9,238,WR · 100,16.23,45,WR · 15,24,-,0,0,0,0,0,-,1,1,1,0,0.3,29,24,288,12,2,72.0,289,2
10229,2023,Rashee Rice,WR,KC,16,212.5,65,WR · 27,13.28,86,WR · 29,23,-,0,0,0,0,0,-,1,-3,-3,0,-0.2,102,79,938,11.87,7,58.6,935,7
11570,2025,Rasheen Ali,RB,BAL,10,24.2,329,RB · 81,2.42,337,RB · 88,-,-,0,0,0,0,0,-,7,24,3.43,0,2.4,11,9,68,7.6,1,6.8,92,1
11570,2024,Rasheen Ali,RB,BAL,5,3.1,488,RB · 126,0.62,491,RB · 129,23,-,0,0,0,0,0,-,10,31,3.1,0,6.2,2,0,0,-,0,-,31,0
8676,2025,Rashid Shaheed,WR,2TM,18,156.6,107,WR · 39,8.70,164,WR · 56,-,-,0,0,0,0,0,-,9,69,7.67,0,3.8,92,59,687,11.6,2,38.2,756,2
8676,2024,Rashid Shaheed,WR,NO,6,79.8,218,WR · 92,13.30,88,WR · 31,26,-,0,0,0,0,0,-,6,29,4.83,0,4.8,41,20,349,17.45,3,58.2,378,4
8676,2023,Rashid Shaheed,WR,NO,16,155.6,109,WR · 44,9.73,146,WR · 49,25,-,0,0,0,0,0,-,7,37,5.29,0,2.3,75,46,719,15.63,5,44.9,756,6
8676,2022,Rashid Shaheed,WR,NO,12,100.5,174,WR · 73,8.38,185,WR · 65,24,-,0,0,0,0,0,-,4,57,14.25,1,4.8,34,28,488,17.43,2,40.7,545,3
7571,2025,Rashod Bateman,WR,BAL,13,55.4,258,WR · 102,4.26,276,WR · 107,-,-,0,0,0,0,0,-,0,0,0,0,-,38,19,224,11.8,2,17.2,224,2
7571,2024,Rashod Bateman,WR,BAL,17,174.6,100,WR · 40,10.27,141,WR · 50,25,-,0,0,0,0,0,-,0,0,-,0,-,72,45,756,16.8,9,44.5,756,9
7571,2023,Rashod Bateman,WR,BAL,16,76.5,208,WR · 85,4.78,254,WR · 95,24,-,0,0,0,0,0,-,1,18,18,0,1.1,56,32,367,11.47,1,22.9,385,1
7571,2022,Rashod Bateman,WR,BAL,6,53.5,265,WR · 111,8.92,169,WR · 60,23,-,0,0,0,0,0,-,0,0,-,0,-,28,15,285,19,2,47.5,285,2
7571,2021,Rashod Bateman,WR,BAL,12,103.5,179,WR · 70,8.63,183,WR · 68,22,-,0,0,0,0,0,-,0,0,-,0,-,68,46,515,11.2,1,42.9,515,1
11575,2025,Ray Davis,RB,BUF,17,64.1,240,RB · 61,3.77,292,RB · 82,-,-,0,0,0,0,0,-,58,275,4.74,0,16.2,13,10,86,8.6,2,5.1,361,2
11575,2024,Ray Davis,RB,BUF,17,116.1,161,RB · 40,6.83,217,RB · 49,25,-,0,0,0,0,0,-,113,442,3.91,3,26.0,19,17,189,11.12,3,11.1,631,6
5096,2025,Ray-Ray McCloud III,WR,2TM,6,13.9,361,WR · 152,2.32,339,WR · 136,-,-,0,0,0,0,0,-,0,0,0,0,-,15,7,69,9.9,0,11.5,69,0
5096,2024,Ray-Ray McCloud III,WR,ATL,17,140.5,124,WR · 50,8.26,181,WR · 68,28,-,0,0,0,0,0,-,10,79,7.9,0,4.6,87,62,686,11.06,1,40.4,765,1
5096,2023,Ray-Ray McCloud III,WR,SF,12,28.5,340,WR · 142,2.38,368,WR · 142,27,-,0,0,0,0,0,-,3,30,10,0,2.5,15,12,135,11.25,0,11.3,165,0
5096,2022,Ray-Ray McCloud III,WR,SF,17,58.1,254,WR · 107,3.42,358,WR · 136,26,-,0,0,0,0,0,-,4,78,19.5,1,4.6,25,14,243,17.36,1,14.3,321,2
5096,2021,Ray-Ray McCloud III,WR,PIT,16,66.2,249,WR · 107,4.14,337,WR · 134,25,-,0,0,0,0,0,-,2,15,7.5,0,0.9,66,39,277,7.1,0,17.3,292,0
5096,2020,Ray-Ray McCloud III,WR,PIT,16,32.2,328,WR · 136,2.01,409,WR · 161,24,-,0,0,0,0,0,-,4,65,16.25,0,4.1,22,20,77,3.85,0,4.8,142,0
5096,2019,Ray-Ray McCloud III,WR,CAR,6,-2.0,575,WR · 220,-0.33,574,WR · 219,23,-,0,0,0,0,0,-,0,0,-,0,-,0,0,0,-,0,-,0,0
5096,2018,Ray-Ray McCloud III,WR,BUF,10,7.0,455,WR · 177,0.70,480,WR · 187,22,-,0,0,0,0,0,-,2,4,2,0,0.4,6,5,36,7.2,0,3.6,40,0
6988,2020,Raymond Calais,RB,LAR,4,0.0,560,RB · 158,0.00,560,RB · 158,22,-,0,0,0,0,0,-,0,0,-,0,-,0,0,0,-,0,-,0,0
6763,2020,Reggie Begelton,WR,GB,1,0.0,560,WR · 208,0.00,560,WR · 208,27,-,0,0,0,0,0,-,0,0,-,0,-,0,0,0,-,0,-,0,0
5162,2022,Reggie Bonnafon,RB,WAS,1,0.8,562,RB · 155,0.80,531,RB · 143,26,-,0,0,0,0,0,-,3,8,2.67,0,8.0,0,0,0,-,0,-,8,0
5162,2021,Reggie Bonnafon,RB,CAR,1,3.6,524,RB · 148,3.60,367,RB · 103,25,-,0,0,0,0,0,-,1,4,4,0,4.0,2,2,12,6,0,12.0,16,0
5162,2020,Reggie Bonnafon,RB,CAR,2,16.7,403,RB · 113,8.35,195,RB · 49,24,-,0,0,0,0,0,-,12,69,5.75,0,34.5,2,2,18,9,1,9.0,87,1
5162,2019,Reggie Bonnafon,RB,CAR,16,29.3,323,RB · 90,1.83,369,RB · 94,23,-,0,0,0,0,0,-,16,116,7.25,1,7.3,9,6,57,9.5,0,3.6,173,1
7204,2024,Reggie Gilliam,RB,BUF,14,0.7,535,RB · 135,0.05,543,RB · 140,27,-,0,0,0,0,0,-,3,7,2.33,0,0.5,0,0,0,-,0,-,7,0
7204,2023,Reggie Gilliam,RB,BUF,14,1.3,523,RB · 141,0.09,536,RB · 144,26,-,0,0,0,0,0,-,0,0,-,0,-,1,1,3,3,0,0.2,3,0
7204,2022,Reggie Gilliam,RB,BUF,8,22.6,370,RB · 100,2.83,403,RB · 108,25,-,0,0,0,0,0,-,0,0,-,0,-,10,8,69,8.63,1,8.6,69,1
7204,2021,Reggie Gilliam,RB,BUF,8,5.6,495,RB · 136,0.70,537,RB · 152,24,-,0,0,0,0,0,-,3,3,1,0,0.4,5,3,23,7.67,0,2.9,26,0
7204,2020,Reggie Gilliam,RB,BUF,14,9.6,450,RB · 126,0.69,500,RB · 137,23,-,0,0,0,0,0,-,0,0,-,0,-,2,2,16,8,1,1.1,16,1
1387,2022,Rex Burkhead,RB,HOU,15,71.4,229,RB · 61,4.76,295,RB · 79,32,0.0%,0,1,0,0,0,-,26,80,3.08,0,5.3,51,37,204,5.51,1,13.6,284,2
1387,2021,Rex Burkhead,RB,HOU,15,104.3,176,RB · 52,6.95,232,RB · 64,31,0.0%,0,1,0,0,0,-,122,427,3.5,3,28.5,32,25,186,7.44,0,12.4,613,3
1387,2020,Rex Burkhead,RB,NE,10,107.6,169,RB · 43,10.76,136,RB · 34,30,-,0,0,0,0,0,-,67,274,4.09,3,27.4,33,25,192,7.68,3,19.2,466,6
1387,2019,Rex Burkhead,RB,NE,13,101.1,167,RB · 47,7.78,179,RB · 47,29,-,0,0,0,0,0,-,65,302,4.65,3,23.2,38,27,279,10.33,0,21.5,581,3
1387,2018,Rex Burkhead,RB,NE,8,49.7,276,RB · 79,6.21,232,RB · 67,28,-,0,0,0,0,0,-,57,186,3.26,0,23.3,20,14,131,9.36,1,16.4,317,1
1387,2017,Rex Burkhead,RB,-,10,129.8,130,RB · 39,12.98,68,RB · 18,-,-,-,-,-,-,-,-,-,-,-,-,-,-,-,-,-,-,-,0,-
1387,2016,Rex Burkhead,RB,-,16,75.9,216,RB · 58,4.74,271,RB · 75,-,-,-,-,-,-,-,-,-,-,-,-,-,-,-,-,-,-,-,0,-
7611,2025,Rhamondre Stevenson,RB,NE,14,178.8,87,RB · 25,12.77,82,RB · 23,-,-,0,0,0,0,0,-,130,603,4.64,7,43.1,37,32,345,10.8,2,24.6,948,9
7611,2024,Rhamondre Stevenson,RB,NE,15,175.9,96,RB · 28,11.73,114,RB · 28,26,-,0,0,0,0,0,-,207,801,3.87,7,53.4,41,33,168,5.09,1,11.2,969,8
7611,2023,Rhamondre Stevenson,RB,NE,12,145.7,122,RB · 35,12.14,105,RB · 27,25,-,0,0,0,0,0,-,156,619,3.97,4,51.6,51,38,238,6.26,0,19.8,857,4
7611,2022,Rhamondre Stevenson,RB,NE,17,249.1,30,RB · 7,14.65,59,RB · 11,24,-,0,0,0,0,0,-,210,1040,4.95,5,61.2,88,69,421,6.1,1,24.8,1461,6
7611,2021,Rhamondre Stevenson,RB,NE,12,114.9,162,RB · 47,9.58,165,RB · 43,23,-,0,0,0,0,0,-,133,606,4.56,5,50.5,18,14,123,8.79,0,10.3,729,5
1211,2018,Rhett Ellison,TE,NYG,14,60.2,255,TE · 36,4.30,296,TE · 43,30,-,0,0,0,0,0,-,0,0,-,0,-,34,25,272,10.88,1,19.4,272,1
1211,2017,Rhett Ellison,TE,-,16,59.5,245,TE · 37,3.72,307,TE · 47,-,-,-,-,-,-,-,-,-,-,-,-,-,-,-,-,-,-,-,0,-
1211,2016,Rhett Ellison,TE,-,15,20.8,362,TE · 72,1.39,423,TE · 82,-,-,-,-,-,-,-,-,-,-,-,-,-,-,-,-,-,-,-,0,-
2146,2022,Richard Rodgers,TE,LAC,3,1.4,553,TE · 115,0.47,551,TE · 114,30,-,0,0,0,0,0,-,0,0,-,0,-,4,1,4,4,0,1.3,4,0
2146,2021,Richard Rodgers,TE,PHI,1,3.1,533,TE · 110,3.10,395,TE · 69,29,-,0,0,0,0,0,-,0,0,-,0,-,2,2,11,5.5,0,11.0,11,0
2146,2020,Richard Rodgers,TE,PHI,14,70.5,233,TE · 36,5.04,275,TE · 38,28,-,0,0,0,0,0,-,0,0,-,0,-,31,24,345,14.38,2,24.6,345,2
2146,2019,Richard Rodgers,TE,PHI,2,0.0,496,TE · 111,0.00,495,TE · 111,27,-,0,0,0,0,0,-,0,0,-,0,-,0,0,0,-,0,-,0,0
2146,2018,Richard Rodgers,TE,PHI,7,1.7,513,TE · 115,0.24,519,TE · 115,26,-,0,0,0,0,0,-,0,0,-,0,-,1,1,7,7,0,1.0,7,0
2146,2017,Richard Rodgers,TE,-,15,34.0,307,TE · 57,2.27,362,TE · 62,-,-,-,-,-,-,-,-,-,-,-,-,-,-,-,-,-,-,-,0,-
2146,2016,Richard Rodgers,TE,-,16,69.1,230,TE · 37,4.32,283,TE · 42,-,-,-,-,-,-,-,-,-,-,-,-,-,-,-,-,-,-,-,0,-
5137,2023,Richie James Jr.,WR,KC,9,19.4,387,WR · 160,2.16,381,WR · 148,28,-,0,0,0,0,0,-,0,0,-,0,-,14,10,114,11.4,0,12.7,114,0
5137,2022,Richie James Jr.,WR,NYG,16,132.5,130,WR · 50,8.28,187,WR · 67,27,-,0,0,0,0,0,-,2,6,3,0,0.4,70,57,569,9.98,4,35.6,575,4
5137,2020,Richie James Jr.,WR,SF,11,64.4,248,WR · 102,5.85,252,WR · 105,25,-,0,0,0,0,0,-,0,0,-,0,-,35,23,394,17.13,1,35.8,394,1
5137,2019,Richie James Jr.,WR,SF,16,26.4,329,WR · 132,1.65,377,WR · 149,24,-,0,0,0,0,0,-,2,-1,-0.5,0,-0.1,10,6,165,27.5,1,10.3,164,1
5137,2018,Richie James Jr.,WR,SF,13,26.0,346,WR · 145,2.00,390,WR · 159,23,-,0,0,0,0,0,-,0,0,-,0,-,14,9,130,14.44,1,10.0,130,2
4350,2018,Ricky Ortiz,RB,ATL,12,4.1,476,RB · 130,0.34,509,RB · 144,24,-,0,0,0,0,0,-,0,0,-,0,-,4,3,11,3.67,0,0.9,11,0
11638,2025,Ricky Pearsall,WR,SF,9,88.6,194,WR · 72,9.84,146,WR · 49,-,-,0,0,0,0,0,-,2,-2,-1,0,-0.2,53,36,528,14.7,0,58.7,526,0
11638,2024,Ricky Pearsall,WR,SF,11,93.5,198,WR · 82,8.50,176,WR · 66,24,0.0%,0,1,0,0,0,-,3,45,15,0,4.1,46,31,400,12.9,3,36.4,445,3
4531,2021,Ricky Seals-Jones,TE,WAS,11,69.1,243,TE · 35,6.28,252,TE · 31,26,-,0,0,0,0,0,-,0,0,-,0,-,49,30,271,9.03,2,24.6,271,2
4531,2020,Ricky Seals-Jones,TE,KC,2,0.0,560,TE · 118,0.00,560,TE · 118,25,-,0,0,0,0,0,-,0,0,-,0,-,1,0,0,-,0,-,0,0
4531,2019,Ricky Seals-Jones,TE,CLE,14,58.9,243,TE · 42,4.21,280,TE · 44,24,-,0,0,0,0,0,-,0,0,-,0,-,22,14,229,16.36,4,16.4,229,4
4531,2018,Ricky Seals-Jones,TE,ARI,15,74.3,222,TE · 29,4.95,274,TE · 36,23,-,0,0,0,0,0,-,0,0,-,0,-,69,34,343,10.09,1,22.9,343,1
4531,2017,Ricky Seals-Jones,TE,-,10,50.1,266,TE · 45,5.01,269,TE · 37,-,-,-,-,-,-,-,-,-,-,-,-,-,-,-,-,-,-,-,0,-
7021,2025,Rico Dowdle,RB,CAR,17,216.3,54,RB · 18,12.72,84,RB · 24,-,-,0,0,0,0,0,-,236,1076,4.56,6,63.3,50,39,297,7.6,1,17.5,1373,7
7021,2024,Rico Dowdle,RB,DAL,16,197.8,75,RB · 23,12.36,100,RB · 24,26,-,0,0,0,0,0,-,235,1079,4.59,2,67.4,49,39,249,6.38,3,15.6,1328,5
7021,2023,Rico Dowdle,RB,DAL,16,91.5,184,RB · 50,5.72,223,RB · 58,25,-,0,0,0,0,0,-,89,361,4.06,2,22.6,22,17,144,8.47,2,9.0,505,4
7021,2022,Rico Dowdle,RB,DAL,2,0.0,571,RB · 160,0.00,571,RB · 160,24,-,0,0,0,0,0,-,0,0,-,0,-,0,0,0,-,0,-,0,0
7021,2020,Rico Dowdle,RB,DAL,15,2.4,522,RB · 148,0.16,549,RB · 154,22,-,0,0,0,0,0,-,7,24,3.43,0,1.6,0,0,0,-,0,-,24,0
5197,2018,Rico Gafford,WR,-,1,0.0,543,WR · 206,0.00,543,WR · 206,-,-,-,-,-,-,-,-,-,-,-,-,-,-,-,-,-,-,-,0,-
12470,2025,Riley Leonard,QB,IND,5,32.0,310,QB · 49,6.40,214,QB · 49,-,58.2%,39,67,415,2,3,83.0,6,27,4.5,2,5.4,0,0,-3,0,0,-0.6,439,2
4854,2024,River Cracraft,WR,MIA,8,13.6,405,WR · 161,1.70,391,WR · 153,30,-,0,0,0,0,0,-,0,0,-,0,-,9,7,66,9.43,0,8.3,66,0
4854,2023,River Cracraft,WR,MIA,10,27.1,349,WR · 147,2.71,345,WR · 132,29,-,0,0,0,0,0,-,0,0,-,0,-,12,9,121,13.44,1,12.1,121,1
4854,2022,River Cracraft,WR,MIA,8,31.2,335,WR · 135,3.90,326,WR · 124,28,-,0,0,0,0,0,-,0,0,-,0,-,14,9,102,11.33,2,12.8,102,2
4854,2021,River Cracraft,WR,SF,3,0.0,582,WR · 225,0.00,582,WR · 225,27,-,0,0,0,0,0,-,0,0,-,0,-,0,0,0,-,0,-,0,0
4854,2020,River Cracraft,WR,SF,9,10.1,448,WR · 175,1.12,470,WR · 186,26,-,0,0,0,0,0,-,0,0,-,0,-,9,6,41,6.83,0,4.6,41,0
4854,2019,River Cracraft,WR,DEN,2,0.0,496,WR · 189,0.00,495,WR · 188,25,-,0,0,0,0,0,-,0,0,-,0,-,0,0,0,-,0,-,0,0
4854,2018,River Cracraft,WR,DEN,8,3.4,486,WR · 186,0.43,497,WR · 190,24,-,0,0,0,0,0,-,0,0,-,0,-,2,1,44,44,0,5.5,44,0
12489,2025,RJ Harvey,RB,DEN,17,206.6,60,RB · 20,12.15,95,RB · 25,-,0.0%,0,1,0,0,0,-,146,540,3.7,7,31.8,58,47,356,7.6,5,20.9,896,12
515,2021,Rob Gronkowski,TE,TB,12,171.2,93,TE · 7,14.27,71,TE · 3,32,-,0,0,0,0,0,-,0,0,-,0,-,89,55,802,14.58,6,66.8,802,6
515,2020,Rob Gronkowski,TE,TB,16,149.3,116,TE · 9,9.33,165,TE · 17,31,-,0,0,0,0,0,-,0,0,-,0,-,77,45,623,13.84,7,38.9,623,7
515,2019,Rob Gronkowski,TE,-,1,0.0,496,TE · 111,0.00,495,TE · 111,-,-,-,-,-,-,-,-,-,-,-,-,-,-,-,-,-,-,-,0,-
515,2018,Rob Gronkowski,TE,NE,13,131.2,136,TE · 11,10.09,139,TE · 9,29,-,0,0,0,0,0,-,0,0,-,0,-,72,47,682,14.51,3,52.5,682,3
515,2017,Rob Gronkowski,TE,-,14,227.4,36,TE · 2,16.24,31,TE · 1,-,-,-,-,-,-,-,-,-,-,-,-,-,-,-,-,-,-,-,0,-
515,2016,Rob Gronkowski,TE,-,8,97.0,183,TE · 26,12.13,104,TE · 8,-,-,-,-,-,-,-,-,-,-,-,-,-,-,-,-,-,-,-,0,-
3423,2024,Robbie Chosen,WR,MIA,2,1.5,520,WR · 210,0.75,474,WR · 191,31,-,0,0,0,0,0,-,0,0,-,0,-,4,1,5,5,0,2.5,5,0
3423,2023,Robbie Chosen,WR,MIA,9,22.6,370,WR · 151,2.51,361,WR · 139,30,-,0,0,0,0,0,-,0,0,-,0,-,6,4,126,31.5,1,14.0,126,1
3423,2022,Robbie Chosen,WR,2TM,12,52.2,269,WR · 113,4.35,309,WR · 117,29,-,0,0,0,0,0,-,0,0,-,0,-,44,20,282,14.1,1,23.5,282,1
3423,2021,Robbie Chosen,WR,CAR,17,138.5,128,WR · 49,8.15,197,WR · 77,28,-,0,0,0,0,0,-,3,36,12,0,2.1,110,53,519,9.79,5,30.5,555,5
3423,2020,Robbie Chosen,WR,CAR,16,224.1,49,WR · 19,14.01,82,WR · 29,27,-,0,0,0,0,0,-,4,15,3.75,0,0.9,136,95,1096,11.54,3,68.5,1111,3
3423,2019,Robbie Chosen,WR,NYJ,16,162.3,102,WR · 40,10.14,138,WR · 55,26,-,0,0,0,0,0,-,1,4,4,0,0.3,96,52,779,14.98,5,48.7,783,5
3423,2018,Robbie Chosen,WR,NYJ,14,156.4,103,WR · 39,11.17,119,WR · 43,25,-,0,0,0,0,0,-,2,-8,-4,0,-0.6,94,50,752,15.04,6,53.7,744,6
3423,2017,Robbie Chosen,WR,-,16,200.0,56,WR · 18,12.50,72,WR · 23,-,-,-,-,-,-,-,-,-,-,-,-,-,-,-,-,-,-,-,0,-
3423,2016,Robbie Chosen,WR,-,16,114.9,160,WR · 69,7.18,213,WR · 82,-,-,-,-,-,-,-,-,-,-,-,-,-,-,-,-,-,-,-,0,-
4285,2017,Robert Davis,WR,-,1,0.0,529,WR · 200,0.00,529,WR · 200,-,-,-,-,-,-,-,-,-,-,-,-,-,-,-,-,-,-,-,0,-
5250,2020,Robert Foster,WR,WAS,4,5.7,484,WR · 187,1.43,444,WR · 177,26,-,0,0,0,0,0,-,0,0,-,0,-,6,2,37,18.5,0,9.3,37,0
5250,2019,Robert Foster,WR,BUF,13,12.3,390,WR · 150,0.95,411,WR · 163,25,-,0,0,0,0,0,-,2,29,14.5,0,2.2,18,3,64,21.33,0,4.9,93,0
5250,2018,Robert Foster,WR,BUF,13,99.1,174,WR · 75,7.62,193,WR · 77,24,-,0,0,0,0,0,-,0,0,-,0,-,44,27,541,20.04,3,41.6,541,3
1169,2020,Robert Griffin III,QB,BAL,4,4.6,492,QB · 65,1.15,467,QB · 71,30,57.1%,8,14,42,0,2,10.5,12,69,5.75,0,17.3,0,0,0,-,0,-,111,0
1169,2019,Robert Griffin III,QB,BAL,7,18.0,358,QB · 48,2.57,333,QB · 54,29,60.5%,23,38,225,1,2,32.1,20,70,3.5,0,10.0,0,0,0,-,0,-,295,0
1169,2018,Robert Griffin III,QB,BAL,3,0.8,536,QB · 64,0.27,513,QB · 62,28,33.3%,2,6,21,0,0,7.0,0,0,-,0,-,0,0,0,-,0,-,21,0
1169,2016,Robert Griffin III,QB,-,5,66.5,233,QB · 35,13.30,75,QB · 29,-,-,-,-,-,-,-,-,-,-,-,-,-,-,-,-,-,-,-,0,-
4602,2024,Robert Tonyan,TE,MIN,5,0.0,544,TE · 115,0.00,544,TE · 115,30,-,0,0,0,0,0,-,0,0,-,0,-,0,0,0,-,0,-,0,0
4602,2023,Robert Tonyan,TE,CHI,16,22.2,372,TE · 75,1.39,436,TE · 80,29,-,0,0,0,0,0,-,0,0,-,0,-,17,11,112,10.18,0,7.0,112,0
4602,2022,Robert Tonyan,TE,GB,17,112.0,159,TE · 20,6.59,234,TE · 28,28,-,0,0,0,0,0,-,0,0,-,0,-,67,53,470,8.87,2,27.6,470,2
4602,2021,Robert Tonyan,TE,GB,8,50.4,288,TE · 50,6.30,250,TE · 30,27,-,0,0,0,0,0,-,0,0,-,0,-,29,18,204,11.33,2,25.5,204,2
4602,2020,Robert Tonyan,TE,GB,16,176.6,86,TE · 3,11.04,130,TE · 6,26,-,0,0,0,0,0,-,0,0,-,0,-,59,52,586,11.27,11,36.6,586,11
4602,2019,Robert Tonyan,TE,GB,11,26.0,330,TE · 61,2.36,342,TE · 64,25,-,0,0,0,0,0,-,0,0,-,0,-,15,10,100,10,1,9.1,100,1
4602,2018,Robert Tonyan,TE,GB,16,17.7,381,TE · 78,1.11,442,TE · 90,24,-,0,0,0,0,0,-,0,0,-,0,-,6,4,77,19.25,1,4.8,77,1
1232,2018,Robert Turbin,RB,IND,2,0.3,540,RB · 154,0.15,532,RB · 153,29,-,0,0,0,0,0,-,4,10,2.5,0,5.0,2,1,3,3,0,1.5,13,0
1232,2017,Robert Turbin,RB,-,6,25.9,339,RB · 95,4.32,289,RB · 88,-,-,-,-,-,-,-,-,-,-,-,-,-,-,-,-,-,-,-,0,-
1232,2016,Robert Turbin,RB,-,15,108.3,168,RB · 44,7.22,210,RB · 60,-,-,-,-,-,-,-,-,-,-,-,-,-,-,-,-,-,-,-,0,-
1352,2024,Robert Woods,WR,HOU,15,38.3,293,WR · 121,2.55,346,WR · 135,32,-,0,0,0,0,0,-,0,0,-,0,-,30,20,203,10.15,0,13.5,203,0
1352,2023,Robert Woods,WR,HOU,14,89.3,189,WR · 76,6.38,212,WR · 77,31,-,0,0,0,0,0,-,1,7,7,0,0.5,75,40,426,10.65,1,30.4,433,1
1352,2022,Robert Woods,WR,TEN,17,115.7,150,WR · 59,6.81,229,WR · 87,30,-,0,0,0,0,0,-,0,0,-,0,-,91,53,527,9.94,2,31.0,527,2
1352,2021,Robert Woods,WR,LAR,9,137.2,133,WR · 51,15.24,54,WR · 18,29,-,0,0,0,0,0,-,8,46,5.75,1,5.1,69,45,556,12.36,4,61.8,602,5
1352,2020,Robert Woods,WR,LAR,16,245.1,42,WR · 13,15.32,65,WR · 19,28,-,0,0,0,0,0,-,24,155,6.46,2,9.7,129,90,936,10.4,6,58.5,1091,8
1352,2019,Robert Woods,WR,LAR,15,232.9,46,WR · 14,15.53,52,WR · 13,27,-,0,0,0,0,0,-,17,115,6.76,1,7.7,139,90,1134,12.6,2,75.6,1249,3
1352,2018,Robert Woods,WR,LAR,16,265.6,35,WR · 11,16.60,48,WR · 15,26,-,0,0,0,0,0,-,19,157,8.26,1,9.8,130,86,1219,14.17,6,76.2,1376,7
1352,2017,Robert Woods,WR,-,12,163.3,89,WR · 32,13.61,60,WR · 19,-,-,-,-,-,-,-,-,-,-,-,-,-,-,-,-,-,-,-,0,-
1352,2016,Robert Woods,WR,-,13,118.9,156,WR · 66,9.15,170,WR · 69,-,-,-,-,-,-,-,-,-,-,-,-,-,-,-,-,-,-,-,0,-
4208,2021,Rodney Adams,WR,CHI,1,0.0,582,WR · 225,0.00,582,WR · 225,27,-,0,0,0,0,0,-,0,0,-,0,-,1,0,0,-,0,-,0,0
7101,2021,Rodney Smith,RB,-,1,9.8,450,RB · 124,9.80,158,RB · 41,-,-,-,-,-,-,-,-,-,-,-,-,-,-,-,-,-,-,-,0,-
7101,2020,Rodney Smith,RB,-,7,36.5,318,RB · 84,5.21,270,RB · 73,-,-,-,-,-,-,-,-,-,-,-,-,-,-,-,-,-,-,-,0,-
8757,2024,Rodney Williams,TE,PIT,3,0.0,544,TE · 115,0.00,544,TE · 115,26,-,0,0,0,0,0,-,0,0,-,0,-,0,0,0,-,0,-,0,0
8757,2023,Rodney Williams,TE,PIT,13,0.0,537,TE · 114,0.00,537,TE · 114,25,-,0,0,0,0,0,-,0,0,-,0,-,2,0,0,-,0,-,0,0
11630,2025,Roman Wilson,WR,PIT,13,38.6,294,WR · 118,2.97,327,WR · 131,-,-,0,0,0,0,0,-,0,0,0,0,-,21,12,166,13.8,2,12.8,166,2
11630,2024,Roman Wilson,WR,PIT,1,0.0,544,WR · 215,0.00,544,WR · 215,23,-,0,0,0,0,0,-,0,0,-,0,-,0,0,0,-,0,-,0,0
11620,2025,Rome Odunze,WR,CHI,12,146.1,112,WR · 41,12.18,94,WR · 29,-,-,0,0,0,0,0,-,0,0,0,0,-,90,44,661,15,6,55.1,661,6
11620,2024,Rome Odunze,WR,CHI,17,144.9,119,WR · 49,8.52,175,WR · 65,22,-,0,0,0,0,0,-,3,15,5,0,0.9,101,54,734,13.59,3,43.2,749,3
8121,2025,Romeo Doubs,WR,GB,16,165.4,100,WR · 37,10.34,139,WR · 46,-,-,0,0,0,0,0,-,0,0,0,0,-,85,55,724,13.2,6,45.3,724,6
8121,2024,Romeo Doubs,WR,GB,13,132.1,133,WR · 56,10.16,143,WR · 52,24,-,0,0,0,0,0,-,0,0,-,0,-,72,46,601,13.07,4,46.2,601,4
8121,2023,Romeo Doubs,WR,GB,17,174.4,97,WR · 36,10.26,137,WR · 46,23,-,0,0,0,0,0,-,0,0,-,0,-,96,59,674,11.42,8,39.6,674,8
8121,2022,Romeo Doubs,WR,GB,13,101.6,172,WR · 71,7.82,200,WR · 72,22,-,0,0,0,0,0,-,1,11,11,0,0.8,67,42,425,10.12,3,32.7,436,3
5052,2022,Ronald Jones II,RB,-,5,16.2,410,RB · 110,3.24,373,RB · 102,-,-,-,-,-,-,-,-,-,-,-,-,-,-,-,-,-,-,-,0,-
5052,2021,Ronald Jones II,RB,-,15,79.2,219,RB · 62,5.28,284,RB · 79,-,-,-,-,-,-,-,-,-,-,-,-,-,-,-,-,-,-,-,0,-
5052,2020,Ronald Jones II,RB,-,14,186.3,79,RB · 20,13.31,94,RB · 24,-,-,-,-,-,-,-,-,-,-,-,-,-,-,-,-,-,-,-,0,-
5052,2019,Ronald Jones II,RB,-,16,166.3,98,RB · 24,10.39,131,RB · 33,-,-,-,-,-,-,-,-,-,-,-,-,-,-,-,-,-,-,-,0,-
5052,2018,Ronald Jones II,RB,-,9,20.7,369,RB · 95,2.30,375,RB · 100,-,-,-,-,-,-,-,-,-,-,-,-,-,-,-,-,-,-,-,0,-
7601,2025,Rondale Moore,WR,MIN,0,0.0,415,WR · 168,-,-,-,-,-,0,0,0,0,0,-,0,0,0,0,-,0,0,0,0,0,-,0,0
7601,2023,Rondale Moore,WR,ARI,17,105.0,169,WR · 66,6.18,217,WR · 78,23,-,0,0,0,0,0,-,28,178,6.36,1,10.5,62,40,352,8.8,1,20.7,530,2
7601,2022,Rondale Moore,WR,ARI,8,87.9,197,WR · 83,10.99,119,WR · 42,22,-,0,0,0,0,0,-,6,-5,-0.83,0,-0.6,56,41,414,10.1,1,51.8,409,1
7601,2021,Rondale Moore,WR,ARI,14,109.1,168,WR · 65,7.79,212,WR · 83,21,-,0,0,0,0,0,-,18,76,4.22,0,5.4,64,54,435,8.06,1,31.1,511,1
10221,2025,Ronnie Bell,WR,NO,0,10.3,371,WR · 155,-,-,-,-,-,0,0,0,0,0,-,0,0,0,0,-,4,2,23,11.5,1,-,23,1
10221,2024,Ronnie Bell,WR,SF,8,4.2,475,WR · 191,0.53,498,WR · 199,24,-,0,0,0,0,0,-,0,0,-,0,-,6,2,22,11,0,2.8,22,0
10221,2023,Ronnie Bell,WR,SF,16,30.8,335,WR · 140,1.93,402,WR · 156,23,-,0,0,0,0,0,-,0,0,-,0,-,13,6,68,11.33,3,4.3,68,3
8195,2024,Ronnie Rivers,RB,LAR,7,18.3,369,RB · 101,2.61,343,RB · 94,25,-,0,0,0,0,0,-,22,99,4.5,0,14.1,6,5,34,6.8,0,4.9,133,0
8195,2023,Ronnie Rivers,RB,LAR,9,20.1,384,RB · 91,2.23,377,RB · 97,24,-,0,0,0,0,0,-,32,129,4.03,0,14.3,5,5,22,4.4,0,2.4,151,0
8195,2022,Ronnie Rivers,RB,LAR,2,10.0,450,RB · 122,5.00,285,RB · 75,23,-,0,0,0,0,0,-,9,21,2.33,0,10.5,5,5,29,5.8,0,14.5,50,0
2174,2019,Roosevelt Nix,RB,PIT,3,2.4,460,RB · 122,0.80,424,RB · 109,27,-,0,0,0,0,0,-,0,0,-,0,-,3,2,4,2,0,1.3,4,0
2174,2018,Roosevelt Nix,RB,PIT,16,8.2,441,RB · 118,0.51,490,RB · 135,26,-,0,0,0,0,0,-,1,4,4,0,0.3,6,4,38,9.5,0,2.4,42,0
2174,2017,Roosevelt Nix,RB,-,16,14.6,392,RB · 112,0.91,450,RB · 127,-,-,-,-,-,-,-,-,-,-,-,-,-,-,-,-,-,-,-,0,-
2174,2016,Roosevelt Nix,RB,-,10,2.5,497,RB · 148,0.25,515,RB · 152,-,-,-,-,-,-,-,-,-,-,-,-,-,-,-,-,-,-,-,0,-
10235,2025,Roschon Johnson,RB,CHI,2,1.7,404,RB · 107,0.85,387,RB · 102,-,-,0,0,0,0,0,-,2,17,8.5,0,8.5,0,0,0,0,0,-,17,0
10235,2024,Roschon Johnson,RB,CHI,13,77.4,222,RB · 54,5.95,232,RB · 55,23,-,0,0,0,0,0,-,55,150,2.73,6,11.5,20,16,104,6.5,0,8.0,254,6
10235,2023,Roschon Johnson,RB,CHI,15,102.1,170,RB · 47,6.81,204,RB · 51,22,-,0,0,0,0,0,-,81,352,4.35,2,23.5,40,34,209,6.15,0,13.9,561,2
5285,2024,Ross Dwelley,TE,ATL,14,1.5,520,TE · 110,0.11,538,TE · 113,29,-,0,0,0,0,0,-,0,0,-,0,-,1,1,5,5,0,0.4,5,0
5285,2023,Ross Dwelley,TE,SF,9,2.2,508,TE · 105,0.24,523,TE · 108,28,-,0,0,0,0,0,-,0,0,-,0,-,2,1,12,12,0,1.3,12,0
5285,2022,Ross Dwelley,TE,SF,5,19.5,389,TE · 79,3.90,326,TE · 57,27,-,0,0,0,0,0,-,0,0,-,0,-,5,3,105,35,1,21.0,105,1
5285,2021,Ross Dwelley,TE,SF,4,15.1,417,TE · 82,3.78,361,TE · 62,26,-,0,0,0,0,0,-,0,0,-,0,-,5,4,51,12.75,1,12.8,51,1
5285,2020,Ross Dwelley,TE,SF,16,49.5,285,TE · 49,3.09,353,TE · 56,25,-,0,0,0,0,0,-,0,0,-,0,-,24,19,245,12.89,1,15.3,245,1
5285,2019,Ross Dwelley,TE,SF,16,36.1,296,TE · 50,2.26,348,TE · 66,24,-,0,0,0,0,0,-,0,0,-,0,-,22,15,91,6.07,2,5.7,91,2
5285,2018,Ross Dwelley,TE,SF,11,3.4,486,TE · 108,0.31,511,TE · 113,23,-,0,0,0,0,0,-,0,0,-,0,-,2,2,14,7,0,1.3,14,0
3041,2020,Ross Travis,TE,-,1,0.0,560,TE · 118,0.00,560,TE · 118,-,-,-,-,-,-,-,-,-,-,-,-,-,-,-,-,-,-,-,0,-
3041,2019,Ross Travis,TE,-,3,7.1,417,TE · 90,2.37,341,TE · 63,-,-,-,-,-,-,-,-,-,-,-,-,-,-,-,-,-,-,-,0,-
3041,2017,Ross Travis,TE,-,15,14.6,392,TE · 81,0.97,442,TE · 88,-,-,-,-,-,-,-,-,-,-,-,-,-,-,-,-,-,-,-,0,-
3041,2016,Ross Travis,TE,-,6,4.5,472,TE · 98,0.75,469,TE · 94,-,-,-,-,-,-,-,-,-,-,-,-,-,-,-,-,-,-,-,0,-
5046,2023,Royce Freeman,RB,LAR,11,46.2,277,RB · 67,4.20,269,RB · 73,27,-,0,0,0,0,0,-,77,319,4.14,2,29.0,2,1,13,13,0,1.2,332,2
5046,2022,Royce Freeman,RB,HOU,5,19.0,394,RB · 106,3.80,334,RB · 87,26,-,0,0,0,0,0,-,41,117,2.85,0,23.4,8,6,33,5.5,0,6.6,150,0
5046,2021,Royce Freeman,RB,2TM,12,34.6,335,RB · 94,2.88,403,RB · 115,25,-,0,0,0,0,0,-,56,169,3.02,0,14.1,16,10,77,7.7,0,6.4,246,0
5046,2020,Royce Freeman,RB,DEN,16,37.1,315,RB · 82,2.32,388,RB · 106,24,-,0,0,0,0,0,-,35,170,4.86,0,10.6,13,12,81,6.75,0,5.1,251,0
5046,2019,Royce Freeman,RB,DEN,16,142.2,121,RB · 35,8.89,159,RB · 43,23,-,0,0,0,0,0,-,132,496,3.76,3,31.0,50,43,256,5.95,1,16.0,752,4
5046,2018,Royce Freeman,RB,DEN,14,101.3,170,RB · 47,7.24,203,RB · 58,22,-,0,0,0,0,0,-,130,521,4.01,5,37.2,20,14,72,5.14,0,5.1,593,5
5110,2022,Russell Gage,WR,TB,13,123.6,138,WR · 53,9.51,153,WR · 55,26,-,0,0,0,0,0,-,0,0,-,0,-,70,51,426,8.35,5,32.8,426,5
5110,2021,Russell Gage,WR,ATL,13,163.0,105,WR · 38,12.54,98,WR · 36,25,-,0,0,0,0,0,-,0,0,-,0,-,94,66,770,11.67,4,59.2,770,4
5110,2020,Russell Gage,WR,ATL,16,181.1,83,WR · 37,11.32,127,WR · 48,24,50.0%,1,2,39,1,0,2.4,2,9,4.5,0,0.6,109,72,786,10.92,4,49.1,834,4
5110,2019,Russell Gage,WR,ATL,16,98.8,171,WR · 71,6.18,217,WR · 87,23,-,0,0,0,0,0,-,4,12,3,0,0.8,74,49,446,9.1,1,27.9,458,1
5110,2018,Russell Gage,WR,ATL,15,12.3,413,WR · 165,0.82,467,WR · 182,22,-,0,0,0,0,0,-,0,0,-,0,-,10,6,63,10.5,0,4.2,63,0
1333,2018,Russell Shepard,WR,NYG,12,40.8,301,WR · 127,3.40,325,WR · 135,28,-,0,0,0,0,0,-,0,0,-,0,-,19,10,188,18.8,2,15.7,188,2
1333,2017,Russell Shepard,WR,-,15,45.1,277,WR · 110,3.01,329,WR · 124,-,-,-,-,-,-,-,-,-,-,-,-,-,-,-,-,-,-,-,0,-
1333,2016,Russell Shepard,WR,-,14,70.0,228,WR · 95,5.00,266,WR · 107,-,-,-,-,-,-,-,-,-,-,-,-,-,-,-,-,-,-,-,0,-
1234,2025,Russell Wilson,QB,NYG,6,52.8,266,QB · 44,8.81,162,QB · 46,-,58.0%,69,119,831,3,3,138.5,18,106,5.89,0,17.7,0,0,0,0,0,-,937,0
1234,2024,Russell Wilson,QB,PIT,11,177.8,94,QB · 24,16.16,46,QB · 19,36,63.7%,214,336,2482,16,5,225.6,43,155,3.6,2,14.1,0,0,0,-,0,-,2637,2
1234,2023,Russell Wilson,QB,DEN,15,264.9,30,QB · 14,17.66,25,QB · 16,35,66.4%,297,447,3070,26,8,204.7,80,341,4.26,3,22.7,0,0,0,-,0,-,3411,3
1234,2022,Russell Wilson,QB,DEN,15,236.8,41,QB · 16,15.79,42,QB · 21,34,60.5%,292,483,3524,16,11,234.9,55,277,5.04,3,18.5,1,1,1,1,0,0.1,3802,3
1234,2021,Russell Wilson,QB,SEA,14,248.8,36,QB · 16,17.77,26,QB · 13,33,64.8%,259,400,3113,25,6,222.4,43,183,4.26,2,13.1,0,0,0,-,0,-,3296,2
1234,2020,Russell Wilson,QB,SEA,16,372.8,7,QB · 6,23.30,12,QB · 8,32,68.8%,384,558,4212,40,13,263.3,83,513,6.18,2,32.1,0,0,0,-,0,-,4725,2
1234,2019,Russell Wilson,QB,SEA,16,333.6,6,QB · 4,20.85,10,QB · 7,31,66.1%,341,516,4110,31,5,256.9,75,342,4.56,3,21.4,0,0,0,-,0,-,4452,3
1234,2018,Russell Wilson,QB,SEA,16,299.4,21,QB · 9,18.71,28,QB · 12,30,65.6%,280,427,3448,35,7,215.5,67,376,5.61,0,23.5,1,1,-11,-11,0,-0.7,3813,0
1234,2017,Russell Wilson,QB,-,16,347.8,2,QB · 1,21.74,5,QB · 2,-,-,-,-,-,-,-,-,-,-,-,-,-,-,-,-,-,-,-,0,-
1234,2016,Russell Wilson,QB,-,16,270.1,21,QB · 10,16.88,30,QB · 15,-,-,-,-,-,-,-,-,-,-,-,-,-,-,-,-,-,-,-,0,-
6036,2017,Ryan Davis,WR,-,16,0.0,529,WR · 200,0.00,529,WR · 200,-,-,-,-,-,-,-,-,-,-,-,-,-,-,-,-,-,-,-,0,-
6036,2016,Ryan Davis,WR,-,9,0.0,540,WR · 193,0.00,540,WR · 193,-,-,-,-,-,-,-,-,-,-,-,-,-,-,-,-,-,-,-,0,-
5885,2020,Ryan Finley,QB,CIN,5,21.2,380,QB · 48,4.24,303,QB · 55,26,53.1%,17,32,164,1,2,32.8,11,66,6,1,13.2,0,0,0,-,0,-,230,1
5885,2019,Ryan Finley,QB,CIN,3,26.7,328,QB · 45,8.90,157,QB · 41,25,47.1%,41,87,474,2,2,158.0,10,77,7.7,0,25.7,0,0,0,-,0,-,551,0
333,2021,Ryan Fitzpatrick,QB,WAS,1,0.7,574,QB · 70,0.70,537,QB · 68,39,50.0%,3,6,13,0,0,13.0,1,2,2,0,2.0,0,0,0,-,0,-,15,0
333,2020,Ryan Fitzpatrick,QB,MIA,10,161.7,104,QB · 27,16.17,54,QB · 25,38,68.5%,183,267,2091,13,8,209.1,30,151,5.03,2,15.1,1,1,0,0,0,-,2242,2
333,2019,Ryan Fitzpatrick,QB,MIA,15,254.5,32,QB · 16,16.97,32,QB · 17,37,62.0%,311,502,3529,20,13,235.3,54,243,4.5,4,16.2,0,0,0,-,0,-,3772,4
333,2018,Ryan Fitzpatrick,QB,TB,8,165.8,91,QB · 28,20.73,16,QB · 5,36,66.7%,164,246,2366,17,12,295.8,36,152,4.22,2,19.0,0,0,0,-,0,-,2518,2
333,2017,Ryan Fitzpatrick,QB,-,6,73.9,212,QB · 35,12.32,76,QB · 31,-,-,-,-,-,-,-,-,-,-,-,-,-,-,-,-,-,-,-,0,-
333,2016,Ryan Fitzpatrick,QB,-,14,133.4,139,QB · 29,9.53,153,QB · 36,-,-,-,-,-,-,-,-,-,-,-,-,-,-,-,-,-,-,-,0,-
11783,2025,Ryan Flournoy,WR,DAL,12,114.0,158,WR · 57,9.50,152,WR · 52,-,-,0,0,0,0,0,-,4,25,6.25,0,2.1,56,40,475,11.9,4,39.6,500,4
11783,2024,Ryan Flournoy,WR,DAL,11,18.2,370,WR · 145,1.65,395,WR · 154,25,-,0,0,0,0,0,-,0,0,-,0,-,14,10,102,10.2,0,9.3,102,0
2093,2019,Ryan Grant,WR,OAK,2,5.4,434,WR · 173,2.70,324,WR · 132,29,-,0,0,0,0,0,-,0,0,-,0,-,9,4,14,3.5,0,7.0,14,0
2093,2018,Ryan Grant,WR,IND,14,74.4,221,WR · 91,5.31,261,WR · 107,28,-,0,0,0,0,0,-,0,0,-,0,-,52,35,334,9.54,1,23.9,334,1
2093,2017,Ryan Grant,WR,-,16,126.3,135,WR · 53,7.89,175,WR · 64,-,-,-,-,-,-,-,-,-,-,-,-,-,-,-,-,-,-,-,0,-
2093,2016,Ryan Grant,WR,-,16,16.6,380,WR · 150,1.04,443,WR · 166,-,-,-,-,-,-,-,-,-,-,-,-,-,-,-,-,-,-,-,0,-
1550,2019,Ryan Griffin,QB,TB,2,0.6,491,QB · 59,0.30,469,QB · 58,30,50.0%,2,4,18,0,0,9.0,4,-1,-0.25,0,-0.5,0,0,0,-,0,-,17,0
1425,2022,Ryan Griffin,TE,CHI,10,6.6,479,TE · 97,0.66,538,TE · 109,32,-,0,0,0,0,0,-,0,0,-,0,-,8,4,26,6.5,0,2.6,26,0
1425,2021,Ryan Griffin,TE,NYJ,14,65.1,251,TE · 37,4.65,311,TE · 42,31,-,0,0,0,0,0,-,0,0,-,0,-,42,27,261,9.67,2,18.6,261,2
1425,2020,Ryan Griffin,TE,NYJ,15,17.6,395,TE · 79,1.17,463,TE · 84,30,-,0,0,0,0,0,-,0,0,-,0,-,12,9,86,9.56,0,5.7,86,0
1425,2019,Ryan Griffin,TE,NYJ,13,98.0,172,TE · 23,7.54,182,TE · 20,29,-,0,0,0,0,0,-,0,0,-,0,-,41,34,320,9.41,5,24.6,320,5
1425,2018,Ryan Griffin,TE,HOU,14,54.5,266,TE · 39,3.89,314,TE · 48,28,-,0,0,0,0,0,-,0,0,-,0,-,43,24,305,12.71,0,21.8,305,0
1425,2017,Ryan Griffin,TE,-,7,36.8,303,TE · 54,5.26,261,TE · 34,-,-,-,-,-,-,-,-,-,-,-,-,-,-,-,-,-,-,-,0,-
1425,2016,Ryan Griffin,TE,-,16,104.2,171,TE · 24,6.51,229,TE · 32,-,-,-,-,-,-,-,-,-,-,-,-,-,-,-,-,-,-,-,0,-
5094,2020,Ryan Izzo,TE,NE,12,30.9,333,TE · 63,2.58,373,TE · 62,25,-,0,0,0,0,0,-,0,0,-,0,-,20,13,199,15.31,0,16.6,199,0
5094,2019,Ryan Izzo,TE,NE,6,23.4,338,TE · 65,3.90,290,TE · 48,24,-,0,0,0,0,0,-,0,0,-,0,-,9,6,114,19,1,19.0,114,1
11421,2024,Ryan Miller,WR,TB,11,36.8,296,WR · 122,3.35,308,WR · 126,24,-,0,0,0,0,0,-,0,0,-,0,-,20,12,128,10.67,2,11.6,128,2
11421,2023,Ryan Miller,WR,TB,1,0.0,537,WR · 205,0.00,537,WR · 205,23,-,0,0,0,0,0,-,0,0,-,0,-,0,0,0,-,0,-,0,0
5163,2021,Ryan Nall,RB,CHI,5,1.8,553,RB · 155,0.36,563,RB · 158,26,-,0,0,0,0,0,-,1,4,4,0,0.8,1,1,4,4,0,0.8,8,0
5163,2020,Ryan Nall,RB,CHI,15,20.7,384,RB · 104,1.38,448,RB · 119,25,-,0,0,0,0,0,-,3,0,0,0,-,9,8,67,8.38,1,4.5,67,1
5163,2019,Ryan Nall,RB,CHI,8,0.8,488,RB · 133,0.10,489,RB · 133,24,-,0,0,0,0,0,-,2,8,4,0,1.0,0,0,0,-,0,-,8,0
4162,2021,Ryan Switzer,WR,-,1,0.0,582,WR · 225,0.00,582,WR · 225,-,-,-,-,-,-,-,-,-,-,-,-,-,-,-,-,-,-,-,0,-
4162,2019,Ryan Switzer,WR,PIT,9,10.7,396,WR · 155,1.19,398,WR · 160,25,-,0,0,0,0,0,-,0,0,-,0,-,11,8,27,3.38,0,3.0,27,0
4162,2018,Ryan Switzer,WR,PIT,16,69.4,230,WR · 95,4.34,295,WR · 124,24,-,0,0,0,0,0,-,6,21,3.5,0,1.3,44,36,253,7.03,1,15.8,274,1
4162,2017,Ryan Switzer,WR,-,16,8.6,435,WR · 167,0.54,481,WR · 185,-,-,-,-,-,-,-,-,-,-,-,-,-,-,-,-,-,-,-,0,-
1049,2023,Ryan Tannehill,QB,TEN,9,87.0,194,QB · 37,9.67,149,QB · 46,35,64.8%,149,230,1616,4,7,179.6,17,74,4.35,1,8.2,1,0,0,-,0,-,1690,1
1049,2022,Ryan Tannehill,QB,TEN,12,167.2,96,QB · 27,13.93,67,QB · 31,34,65.2%,212,325,2536,13,6,211.3,34,98,2.88,2,8.2,0,0,0,-,0,-,2634,2
1049,2021,Ryan Tannehill,QB,TEN,17,282.4,24,QB · 12,16.61,37,QB · 16,33,67.2%,357,531,3734,21,14,219.6,55,270,4.91,7,15.9,0,0,0,-,0,-,4004,7
1049,2020,Ryan Tannehill,QB,TEN,16,351.4,9,QB · 7,21.96,15,QB · 11,32,65.5%,315,481,3819,33,7,238.7,43,266,6.19,7,16.6,1,1,0,0,0,-,4085,7
1049,2019,Ryan Tannehill,QB,TEN,12,230.2,50,QB · 21,19.18,17,QB · 9,31,70.3%,201,286,2742,22,6,228.5,43,185,4.3,4,15.4,0,0,0,-,0,-,2927,4
1049,2018,Ryan Tannehill,QB,MIA,11,143.0,115,QB · 30,13.00,85,QB · 34,30,64.2%,176,274,1979,17,9,179.9,32,145,4.53,0,13.2,1,1,3,3,1,0.3,2127,1
1049,2016,Ryan Tannehill,QB,-,13,190.3,82,QB · 27,14.64,52,QB · 24,-,-,-,-,-,-,-,-,-,-,-,-,-,-,-,-,-,-,-,0,-
6007,2021,Ryquell Armstead,RB,JAX,2,12.6,434,RB · 122,6.30,250,RB · 68,25,-,0,0,0,0,0,-,15,80,5.33,0,40.0,4,3,16,5.33,0,8.0,96,0
6007,2019,Ryquell Armstead,RB,JAX,16,51.2,253,RB · 70,3.20,311,RB · 82,23,-,0,0,0,0,0,-,35,108,3.09,0,6.8,24,14,144,10.29,2,9.0,252,2
6918,2023,Salvon Ahmed,RB,MIA,8,42.9,285,RB · 71,5.36,242,RB · 63,25,-,0,0,0,0,0,-,22,61,2.77,1,7.6,23,16,88,5.5,1,11.0,149,2
6918,2022,Salvon Ahmed,RB,MIA,7,14.2,415,RB · 113,2.03,448,RB · 120,24,-,0,0,0,0,0,-,12,64,5.33,1,9.1,1,1,8,8,0,1.1,72,1
6918,2021,Salvon Ahmed,RB,MIA,11,38.6,320,RB · 88,3.51,375,RB · 106,23,-,0,0,0,0,0,-,54,149,2.76,0,13.5,19,12,117,9.75,0,10.6,266,0
6918,2020,Salvon Ahmed,RB,MIA,6,69.0,237,RB · 64,11.50,122,RB · 32,22,-,0,0,0,0,0,-,75,319,4.25,3,53.2,14,11,61,5.55,0,10.2,380,3
4943,2025,Sam Darnold,QB,SEA,17,249.4,30,QB · 13,14.67,57,QB · 27,-,67.7%,323,477,4048,25,14,238.1,35,95,2.71,0,5.6,0,0,0,0,0,-,4143,0
4943,2024,Sam Darnold,QB,MIN,17,320.0,14,QB · 9,18.82,17,QB · 11,27,66.2%,361,545,4319,35,12,254.1,67,212,3.16,1,12.5,0,0,0,-,0,-,4531,1
4943,2023,Sam Darnold,QB,SF,10,24.4,362,QB · 55,2.44,364,QB · 66,26,60.9%,28,46,297,2,1,29.7,21,15,0.71,1,1.5,0,0,0,-,0,-,312,1
4943,2022,Sam Darnold,QB,CAR,6,89.3,191,QB · 36,14.88,54,QB · 28,25,58.6%,82,140,1143,7,3,190.5,26,106,4.08,2,17.7,0,0,0,-,0,-,1249,2
4943,2021,Sam Darnold,QB,CAR,12,170.3,94,QB · 28,14.19,75,QB · 28,24,59.9%,243,406,2527,9,13,210.6,48,222,4.63,5,18.5,0,0,0,-,0,-,2749,5
4943,2020,Sam Darnold,QB,NYJ,12,145.0,123,QB · 29,12.08,109,QB · 37,23,59.6%,217,364,2208,9,11,184.0,37,217,5.86,2,18.1,0,0,0,-,0,-,2425,2
4943,2019,Sam Darnold,QB,NYJ,13,202.2,72,QB · 27,15.55,51,QB · 26,22,61.9%,273,441,3024,19,13,232.6,33,62,1.88,2,4.8,0,0,0,-,0,-,3086,2
4943,2018,Sam Darnold,QB,NYJ,13,168.4,90,QB · 27,12.95,86,QB · 35,21,57.7%,239,414,2865,17,15,220.4,44,138,3.14,1,10.6,0,0,0,-,0,-,3003,1
7583,2023,Sam Ehlinger,QB,IND,1,0.0,537,QB · 76,0.00,537,QB · 76,25,-,0,0,0,0,0,-,0,0,-,0,-,0,0,0,-,0,-,0,0
7583,2022,Sam Ehlinger,QB,IND,4,38.6,312,QB · 49,9.65,151,QB · 49,24,63.4%,64,101,573,3,3,143.3,17,87,5.12,0,21.8,0,0,0,-,0,-,660,0
7583,2021,Sam Ehlinger,QB,IND,3,0.9,571,QB · 69,0.30,566,QB · 71,23,-,0,0,0,0,0,-,3,9,3,0,3.0,0,0,0,-,0,-,9,0
11558,2024,Sam Hartman,QB,-,2,0.0,544,QB · 76,0.00,544,QB · 76,-,-,-,-,-,-,-,-,-,-,-,-,-,-,-,-,-,-,-,0,-
8162,2025,Sam Howell,QB,PHI,0,0.0,415,QB · 62,-,-,-,-,-,0,0,0,0,0,-,0,0,0,0,-,0,0,0,0,0,-,0,0
8162,2024,Sam Howell,QB,SEA,3,0.2,541,QB · 75,0.07,541,QB · 75,24,35.7%,5,14,24,0,1,8.0,1,2,2,0,0.7,0,0,0,-,0,-,26,0
8162,2023,Sam Howell,QB,WAS,17,278.5,23,QB · 12,16.38,41,QB · 22,23,63.4%,388,612,3946,21,21,232.1,48,263,5.48,5,15.5,1,1,4,4,0,0.2,4213,5
8162,2022,Sam Howell,QB,WAS,1,19.3,391,QB · 58,19.30,15,QB · 8,22,57.9%,11,19,169,1,1,169.0,5,35,7,1,35.0,0,0,0,-,0,-,204,1
10859,2025,Sam LaPorta,TE,DET,9,106.9,166,TE · 27,11.88,102,TE · 7,-,-,0,0,0,0,0,-,0,0,0,0,-,49,40,489,12.2,3,54.3,489,3
10859,2024,Sam LaPorta,TE,DET,16,174.6,100,TE · 8,10.91,128,TE · 9,23,-,0,0,0,0,0,-,0,0,-,0,-,83,60,726,12.1,7,45.4,726,7
10859,2023,Sam LaPorta,TE,DET,17,239.3,43,TE · 1,14.08,72,TE · 3,22,-,0,0,0,0,0,-,1,4,4,0,0.2,120,86,889,10.34,10,52.3,893,10
4147,2025,Samaje Perine,RB,CIN,15,77.9,212,RB · 57,5.19,246,RB · 66,-,-,0,0,0,0,0,-,84,382,4.55,3,25.5,21,17,87,5.1,0,5.8,469,3
4147,2024,Samaje Perine,RB,KC,17,81.4,215,RB · 53,4.79,260,RB · 65,29,-,0,0,0,0,0,-,20,92,4.6,1,5.4,35,28,322,11.5,1,18.9,414,2
4147,2023,Samaje Perine,RB,DEN,17,121.3,143,RB · 40,7.14,197,RB · 48,28,-,0,0,0,0,0,-,53,238,4.49,1,14.0,56,50,455,9.1,0,26.8,693,1
4147,2022,Samaje Perine,RB,CIN,16,142.1,121,RB · 34,8.88,172,RB · 44,27,-,0,0,0,0,0,-,95,394,4.15,2,24.6,51,38,287,7.55,4,17.9,681,6
4147,2021,Samaje Perine,RB,CIN,15,83.2,210,RB · 60,5.55,275,RB · 77,26,-,0,0,0,0,0,-,55,246,4.47,1,16.4,31,27,196,7.26,1,13.1,442,2
4147,2020,Samaje Perine,RB,CIN,16,65.7,244,RB · 66,4.11,310,RB · 84,25,-,0,0,0,0,0,-,63,301,4.78,3,18.8,12,11,66,6,0,4.1,367,3
4147,2019,Samaje Perine,RB,2TM,7,1.6,469,RB · 123,0.23,478,RB · 128,24,-,0,0,0,0,0,-,5,16,3.2,0,2.3,0,0,0,-,0,-,16,0
4147,2018,Samaje Perine,RB,WAS,5,6.7,459,RB · 124,1.34,428,RB · 113,23,-,0,0,0,0,0,-,8,32,4,0,6.4,4,3,5,1.67,0,1.0,37,0
4147,2017,Samaje Perine,RB,-,16,108.5,155,RB · 43,6.78,207,RB · 61,-,-,-,-,-,-,-,-,-,-,-,-,-,-,-,-,-,-,-,0,-
7622,2021,Sammis Reyes,TE,WAS,3,0.0,582,TE · 121,0.00,582,TE · 121,26,-,0,0,0,0,0,-,0,0,-,0,-,0,0,0,-,0,-,0,0
1817,2022,Sammy Watkins,WR,2TM,9,46.5,284,WR · 119,5.17,276,WR · 106,29,-,0,0,0,0,0,-,0,0,-,0,-,27,16,325,20.31,0,36.1,325,0
1817,2021,Sammy Watkins,WR,BAL,11,70.4,239,WR · 103,6.40,245,WR · 98,28,-,0,0,0,0,0,-,0,0,-,0,-,49,27,394,14.59,1,35.8,394,1
1817,2020,Sammy Watkins,WR,KC,10,88.4,198,WR · 86,8.84,178,WR · 70,27,0.0%,0,1,0,0,1,-,1,3,3,0,0.3,55,37,421,11.38,2,42.1,424,2
1817,2019,Sammy Watkins,WR,KC,14,138.5,127,WR · 50,9.89,141,WR · 57,26,-,0,0,0,0,0,-,2,12,6,0,0.9,90,52,673,12.94,3,48.1,685,3
1817,2018,Sammy Watkins,WR,KC,10,115.1,155,WR · 64,11.51,112,WR · 38,25,-,0,0,0,0,0,-,5,52,10.4,0,5.2,55,40,519,12.98,3,51.9,571,3
1817,2017,Sammy Watkins,WR,-,15,146.3,105,WR · 41,9.75,133,WR · 49,-,-,-,-,-,-,-,-,-,-,-,-,-,-,-,-,-,-,-,0,-
1817,2016,Sammy Watkins,WR,-,8,83.0,206,WR · 89,10.38,138,WR · 54,-,-,-,-,-,-,-,-,-,-,-,-,-,-,-,-,-,-,-,0,-
8235,2023,Samori Toure,WR,GB,11,15.8,401,WR · 165,1.44,432,WR · 170,25,-,0,0,0,0,0,-,0,0,-,0,-,18,8,78,9.75,0,7.1,78,0
8235,2022,Samori Toure,WR,GB,4,19.2,392,WR · 149,4.80,293,WR · 113,24,-,0,0,0,0,0,-,0,0,-,0,-,10,5,82,16.4,1,20.5,82,1
7412,2022,Sandro Platzgummer,RB,-,1,0.0,571,RB · 160,0.00,571,RB · 160,-,-,-,-,-,-,-,-,-,-,-,-,-,-,-,-,-,-,-,0,-
7412,2021,Sandro Platzgummer,RB,-,3,0.0,582,RB · 165,0.00,582,RB · 165,-,-,-,-,-,-,-,-,-,-,-,-,-,-,-,-,-,-,-,0,-
4866,2025,Saquon Barkley,RB,PHI,16,232.3,40,RB · 14,14.52,60,RB · 16,-,-,0,0,0,0,0,-,280,1140,4.07,7,71.3,50,37,273,7.4,2,17.1,1413,9
4866,2024,Saquon Barkley,RB,PHI,16,355.3,8,RB · 2,22.21,6,RB · 1,27,-,0,0,0,0,0,-,345,2005,5.81,13,125.3,43,33,278,8.42,2,17.4,2283,15
4866,2023,Saquon Barkley,RB,NYG,14,223.2,56,RB · 13,15.94,46,RB · 9,26,-,0,0,0,0,0,-,247,962,3.89,6,68.7,60,41,280,6.83,4,20.0,1242,10
4866,2022,Saquon Barkley,RB,NYG,16,284.0,23,RB · 5,17.75,27,RB · 5,25,-,0,0,0,0,0,-,295,1312,4.45,10,82.0,76,57,338,5.93,0,21.1,1650,10
4866,2021,Saquon Barkley,RB,NYG,14,148.6,117,RB · 30,10.61,140,RB · 37,24,-,0,0,0,0,0,-,162,593,3.66,2,42.4,57,41,263,6.41,2,18.8,856,4
4866,2020,Saquon Barkley,RB,NYG,2,15.4,413,RB · 118,7.70,210,RB · 55,23,-,0,0,0,0,0,-,19,34,1.79,0,17.0,9,6,60,10,0,30.0,94,0
4866,2019,Saquon Barkley,RB,NYG,13,244.1,41,RB · 10,18.78,18,RB · 7,22,-,0,0,0,0,0,-,217,1003,4.62,6,77.2,73,52,438,8.42,2,33.7,1441,8
4866,2018,Saquon Barkley,RB,NYG,16,385.8,2,RB · 1,24.11,3,RB · 2,21,-,0,0,0,0,0,-,261,1307,5.01,11,81.7,121,91,721,7.92,4,45.1,2028,15
11104,2023,SaRodorick Thompson Jr.,RB,SEA,2,0.0,537,RB · 145,0.00,537,RB · 145,24,-,0,0,0,0,0,-,0,0,-,0,-,0,0,0,-,0,-,0,0
12482,2025,Savion Williams,WR,GB,12,25.5,327,WR · 134,2.13,350,WR · 141,-,-,0,0,0,0,0,-,11,37,3.36,0,3.1,10,10,78,7.8,1,6.5,115,1
2040,2018,Scott Simonson,TE,NYG,16,23.6,359,TE · 69,1.48,419,TE · 83,26,-,0,0,0,0,0,-,0,0,-,0,-,14,9,86,9.56,1,5.4,86,1
2040,2016,Scott Simonson,TE,-,5,0.0,540,TE · 114,0.00,540,TE · 114,-,-,-,-,-,-,-,-,-,-,-,-,-,-,-,-,-,-,-,0,-
7005,2021,Scottie Phillips,RB,HOU,3,4.2,518,RB · 145,1.40,495,RB · 140,24,-,0,0,0,0,0,-,6,13,2.17,0,4.3,3,2,9,4.5,0,3.0,22,0
7005,2020,Scottie Phillips,RB,HOU,8,2.6,517,RB · 145,0.33,534,RB · 149,23,-,0,0,0,0,0,-,2,9,4.5,0,1.1,1,1,7,7,0,0.9,16,0
6290,2024,Scotty Miller,WR,PIT,13,11.9,415,WR · 165,0.92,456,WR · 184,27,-,0,0,0,0,0,-,0,0,-,0,-,9,5,69,13.8,0,5.3,69,0
6290,2023,Scotty Miller,WR,ATL,15,39.1,301,WR · 125,2.61,352,WR · 134,26,-,0,0,0,0,0,-,0,0,-,0,-,16,11,161,14.64,2,10.7,161,2
6290,2022,Scotty Miller,WR,TB,12,42.3,297,WR · 123,3.53,349,WR · 132,25,-,0,0,0,0,0,-,1,8,8,0,0.7,40,23,185,8.04,0,15.4,193,0
6290,2021,Scotty Miller,WR,TB,6,19.1,392,WR · 157,3.18,394,WR · 154,24,-,0,0,0,0,0,-,2,43,21.5,1,7.2,9,5,38,7.6,0,6.3,81,1
6290,2020,Scotty Miller,WR,TB,16,102.5,173,WR · 73,6.41,242,WR · 99,23,-,0,0,0,0,0,-,3,14,4.67,0,0.9,53,33,501,15.18,3,31.3,515,3
6290,2019,Scotty Miller,WR,TB,10,40.6,277,WR · 114,4.06,285,WR · 114,22,-,0,0,0,0,0,-,2,16,8,0,1.6,26,13,200,15.38,1,20.0,216,1
10983,2023,Sean Clifford,QB,GB,2,1.3,523,QB · 73,0.65,491,QB · 72,25,100.0%,1,1,37,0,0,18.5,3,-2,-0.67,0,-1.0,0,0,0,-,0,-,35,0
4660,2020,Sean Culkin,TE,BAL,1,0.0,560,TE · 118,0.00,560,TE · 118,27,-,0,0,0,0,0,-,0,0,-,0,-,0,0,0,-,0,-,0,0
4660,2019,Sean Culkin,TE,LAC,4,2.2,461,TE · 100,0.55,444,TE · 95,26,-,0,0,0,0,0,-,0,0,-,0,-,2,1,12,12,0,3.0,12,0
4660,2018,Sean Culkin,TE,LAC,13,3.4,486,TE · 108,0.26,515,TE · 114,25,-,0,0,0,0,0,-,0,0,-,0,-,1,1,24,24,0,1.8,24,0
4660,2017,Sean Culkin,TE,-,1,0.0,529,TE · 108,0.00,529,TE · 108,-,-,-,-,-,-,-,-,-,-,-,-,-,-,-,-,-,-,-,0,-
2394,2021,Sean Mannion,QB,MIN,1,13.0,429,QB · 58,13.00,91,QB · 33,29,61.1%,22,36,189,1,0,189.0,2,14,7,0,14.0,0,0,0,-,0,-,203,0
2394,2019,Sean Mannion,QB,MIN,3,0.5,492,QB · 60,0.17,483,QB · 60,27,57.1%,12,21,126,0,2,42.0,6,-5,-0.83,0,-1.7,0,0,0,-,0,-,121,0
2394,2018,Sean Mannion,QB,LAR,3,0.0,543,QB · 67,0.00,543,QB · 67,26,66.7%,2,3,23,0,0,7.7,7,-9,-1.29,0,-3.0,0,0,0,-,0,-,14,0
2394,2017,Sean Mannion,QB,-,5,5.3,471,QB · 57,1.06,435,QB · 59,-,-,-,-,-,-,-,-,-,-,-,-,-,-,-,-,-,-,-,0,-
2394,2016,Sean Mannion,QB,-,1,-1.3,613,QB · 71,-1.30,619,QB · 73,-,-,-,-,-,-,-,-,-,-,-,-,-,-,-,-,-,-,-,0,-
6964,2023,Sean McKeon,TE,DAL,9,0.0,537,TE · 114,0.00,537,TE · 114,26,-,0,0,0,0,0,-,0,0,-,0,-,2,0,0,-,0,-,0,0
6964,2022,Sean McKeon,TE,DAL,3,3.1,525,TE · 108,1.03,511,TE · 103,25,-,0,0,0,0,0,-,0,0,-,0,-,3,2,11,5.5,0,3.7,11,0
6964,2021,Sean McKeon,TE,DAL,5,12.7,433,TE · 84,2.54,430,TE · 79,24,-,0,0,0,0,0,-,0,0,-,0,-,6,4,27,6.75,1,5.4,27,1
6964,2020,Sean McKeon,TE,DAL,14,0.0,560,TE · 118,0.00,560,TE · 118,23,-,0,0,0,0,0,-,0,0,-,0,-,0,0,0,-,0,-,0,0
9506,2025,Sean Tucker,RB,TB,15,91.4,188,RB · 52,6.09,222,RB · 60,-,-,0,0,0,0,0,-,86,320,3.72,7,21.3,11,8,34,4.3,1,2.3,354,8
9506,2024,Sean Tucker,RB,TB,17,68.7,230,RB · 57,4.04,278,RB · 68,23,-,0,0,0,0,0,-,50,308,6.16,2,18.1,12,9,109,12.11,1,6.4,417,3
9506,2023,Sean Tucker,RB,TB,5,5.2,476,RB · 122,1.04,456,RB · 121,22,-,0,0,0,0,0,-,15,23,1.53,0,4.6,2,2,9,4.5,0,1.8,32,0
2114,2020,Senorise Perry,RB,TEN,7,0.9,552,RB · 154,0.13,554,RB · 156,29,-,0,0,0,0,0,-,2,9,4.5,0,1.3,0,0,0,-,0,-,9,0
2114,2019,Senorise Perry,RB,BUF,11,1.4,475,RB · 125,0.13,487,RB · 132,28,-,0,0,0,0,0,-,3,3,1,0,0.3,1,1,1,1,0,0.1,4,0
2114,2018,Senorise Perry,RB,MIA,16,0.0,543,RB · 155,0.00,543,RB · 155,27,-,0,0,0,0,0,-,0,0,-,0,-,0,0,0,-,0,-,0,0
2114,2017,Senorise Perry,RB,-,16,4.3,482,RB · 143,0.27,512,RB · 148,-,-,-,-,-,-,-,-,-,-,-,-,-,-,-,-,-,-,-,0,-
3296,2018,Seth DeValve,TE,CLE,13,18.4,378,TE · 76,1.42,424,TE · 85,25,-,0,0,0,0,0,-,0,0,-,0,-,7,5,74,14.8,1,5.7,74,1
3296,2017,Seth DeValve,TE,-,16,76.5,207,TE · 31,4.78,279,TE · 41,-,-,-,-,-,-,-,-,-,-,-,-,-,-,-,-,-,-,-,0,-
3296,2016,Seth DeValve,TE,-,12,34.7,309,TE · 53,2.89,349,TE · 58,-,-,-,-,-,-,-,-,-,-,-,-,-,-,-,-,-,-,-,0,-
2039,2018,Seth Roberts,WR,OAK,15,106.9,164,WR · 68,7.13,208,WR · 84,27,-,0,0,0,0,0,-,3,5,1.67,0,0.3,64,45,494,10.98,2,32.9,499,2
2039,2017,Seth Roberts,WR,-,15,90.5,183,WR · 74,6.03,229,WR · 83,-,-,-,-,-,-,-,-,-,-,-,-,-,-,-,-,-,-,-,0,-
2039,2016,Seth Roberts,WR,-,16,111.7,163,WR · 70,6.98,217,WR · 83,-,-,-,-,-,-,-,-,-,-,-,-,-,-,-,-,-,-,-,0,-
7534,2024,Seth Williams,WR,-,2,0.0,544,WR · 215,0.00,544,WR · 215,-,-,-,-,-,-,-,-,-,-,-,-,-,-,-,-,-,-,-,0,-
7534,2021,Seth Williams,WR,DEN,1,4.4,513,WR · 202,4.40,324,WR · 130,21,-,0,0,0,0,0,-,0,0,-,0,-,1,1,34,34,0,34.0,34,0
7055,2021,Sewo Olonilua,RB,-,1,0.0,582,RB · 165,0.00,582,RB · 165,-,-,-,-,-,-,-,-,-,-,-,-,-,-,-,-,-,-,-,0,-
7055,2020,Sewo Olonilua,RB,DAL,2,0.0,560,RB · 158,0.00,560,RB · 158,23,-,0,0,0,0,0,-,0,0,-,0,-,0,0,0,-,0,-,0,0
8041,2024,Shane Zylstra,TE,DET,12,3.2,485,TE · 102,0.27,523,TE · 108,28,-,0,0,0,0,0,-,0,0,-,0,-,1,1,22,22,0,1.8,22,0
8041,2022,Shane Zylstra,TE,DET,9,41.0,303,TE · 50,4.56,299,TE · 45,26,-,0,0,0,0,0,-,0,0,-,0,-,15,11,60,5.45,4,6.7,60,4
8041,2021,Shane Zylstra,TE,DET,3,6.4,484,TE · 97,2.13,449,TE · 86,25,-,0,0,0,0,0,-,0,0,-,0,-,7,3,34,11.33,0,11.3,34,0
5395,2018,Shaun Wilson,RB,TB,5,6.4,463,RB · 126,1.28,432,RB · 115,23,-,0,0,0,0,0,-,6,29,4.83,0,5.8,5,3,5,1.67,0,1.0,34,0
12524,2025,Shedeur Sanders,QB,CLE,8,94.9,179,QB · 37,11.86,104,QB · 38,-,56.6%,120,212,1400,7,10,175.0,21,169,8.05,1,21.1,0,0,0,0,0,-,1569,1
11257,2023,Shedrick Jackson,WR,CIN,2,0.0,537,WR · 205,0.00,537,WR · 205,24,-,0,0,0,0,0,-,0,0,-,0,-,1,0,0,-,0,-,0,0
4214,2018,Shelton Gibson,WR,PHI,15,5.8,464,WR · 179,0.39,504,WR · 191,24,-,0,0,0,0,0,-,0,0,-,0,-,3,1,48,48,0,3.2,48,0
4214,2017,Shelton Gibson,WR,-,5,3.1,494,WR · 187,0.62,471,WR · 182,-,-,-,-,-,-,-,-,-,-,-,-,-,-,-,-,-,-,-,0,-
7603,2022,Shi Smith,WR,CAR,17,61.6,243,WR · 103,3.62,342,WR · 130,24,-,0,0,0,0,0,-,0,0,-,0,-,41,22,296,13.45,2,17.4,296,2
7603,2021,Shi Smith,WR,CAR,5,16.1,410,WR · 162,3.22,393,WR · 153,23,-,0,0,0,0,0,-,1,-3,-3,0,-0.6,11,6,104,17.33,0,20.8,101,0
7812,2024,Simi Fehoko,WR,LAC,8,16.6,378,WR · 148,2.08,368,WR · 146,27,-,0,0,0,0,0,-,0,0,-,0,-,16,6,106,17.67,0,13.3,106,0
7812,2023,Simi Fehoko,WR,LAC,5,7.9,454,WR · 181,1.58,421,WR · 166,26,-,0,0,0,0,0,-,0,0,-,0,-,2,1,9,9,1,1.8,9,1
7812,2022,Simi Fehoko,WR,DAL,3,5.4,494,WR · 182,1.80,461,WR · 172,25,-,0,0,0,0,0,-,0,0,-,0,-,4,3,24,8,0,8.0,24,0
8220,2025,Sincere McCormick,RB,SF,0,0.0,415,RB · 113,-,-,-,-,-,0,0,0,0,0,-,0,0,0,0,-,0,0,0,0,0,-,0,0
8220,2024,Sincere McCormick,RB,LV,4,27.2,337,RB · 92,6.80,218,RB · 50,24,-,0,0,0,0,0,-,39,183,4.69,0,45.8,7,6,29,4.83,0,7.3,212,0
11729,2025,Sione Vaki,RB,DET,1,0.4,411,RB · 110,0.40,397,RB · 106,-,-,0,0,0,0,0,-,1,4,4,0,4.0,0,0,0,0,0,-,4,0
11729,2024,Sione Vaki,RB,DET,12,8.1,440,RB · 112,0.68,486,RB · 127,23,-,0,0,0,0,0,-,6,14,2.33,0,1.2,3,3,37,12.33,0,3.1,51,0
8206,2024,Skylar Thompson,QB,MIA,3,7.9,442,QB · 64,2.63,341,QB · 61,27,63.6%,21,33,187,0,0,62.3,1,4,4,0,1.3,0,0,0,-,0,-,191,0
8206,2023,Skylar Thompson,QB,-,1,0.0,537,QB · 76,0.00,537,QB · 76,-,-,-,-,-,-,-,-,-,-,-,-,-,-,-,-,-,-,-,0,-
8206,2022,Skylar Thompson,QB,MIA,7,20.5,383,QB · 56,2.93,394,QB · 68,25,57.1%,60,105,534,1,3,76.3,14,21,1.5,0,3.0,0,0,0,-,0,-,555,0
8168,2025,Skyy Moore,WR,SF,14,14.8,356,WR · 149,1.06,380,WR · 156,-,-,0,0,0,0,0,-,2,11,5.5,0,0.8,7,5,87,17.4,0,6.2,98,0
8168,2024,Skyy Moore,WR,KC,6,0.0,544,WR · 215,0.00,544,WR · 215,24,-,0,0,0,0,0,-,0,0,-,0,-,3,0,0,-,0,-,0,0
8168,2023,Skyy Moore,WR,KC,14,53.7,255,WR · 107,3.84,285,WR · 107,23,-,0,0,0,0,0,-,3,23,7.67,0,1.6,38,21,244,11.62,1,17.4,267,1
8168,2022,Skyy Moore,WR,KC,16,43.4,291,WR · 121,2.71,410,WR · 154,22,-,0,0,0,0,0,-,3,24,8,0,1.5,33,22,250,11.36,0,15.6,274,0
8179,2022,Snoop Conner,RB,JAX,5,10.2,446,RB · 120,2.04,446,RB · 119,23,-,0,0,0,0,0,-,12,42,3.5,1,8.4,0,0,0,-,0,-,42,1
4962,2022,Sony Michel,RB,LAC,10,24.9,359,RB · 98,2.49,423,RB · 113,27,-,0,0,0,0,0,-,36,106,2.94,0,10.6,13,9,53,5.89,0,5.3,159,0
4962,2021,Sony Michel,RB,LAR,17,146.3,122,RB · 32,8.61,184,RB · 50,26,-,0,0,0,0,0,-,208,845,4.06,4,49.7,33,21,128,6.1,1,7.5,973,5
4962,2020,Sony Michel,RB,NE,9,75.3,224,RB · 59,8.37,194,RB · 48,25,-,0,0,0,0,0,-,79,449,5.68,1,49.9,9,7,114,16.29,1,12.7,563,2
4962,2019,Sony Michel,RB,NE,16,152.6,111,RB · 30,9.54,149,RB · 40,24,-,0,0,0,0,0,-,247,912,3.69,7,57.0,20,12,94,7.83,0,5.9,1006,7
4962,2018,Sony Michel,RB,NE,13,139.1,120,RB · 35,10.70,126,RB · 36,23,-,0,0,0,0,0,-,209,931,4.45,6,71.6,11,7,50,7.14,0,3.8,981,6
7867,2022,Spencer Brown,RB,CAR,2,7.3,476,RB · 131,3.65,340,RB · 90,24,-,0,0,0,0,0,-,9,43,4.78,0,21.5,4,2,10,5,0,5.0,53,0
7867,2021,Spencer Brown,RB,CAR,1,0.0,582,RB · 165,0.00,582,RB · 165,23,-,0,0,0,0,0,-,0,0,-,0,-,0,0,0,-,0,-,0,0
11562,2025,Spencer Rattler,QB,NO,9,104.1,167,QB · 36,11.57,110,QB · 40,-,67.7%,174,257,1586,8,5,176.2,31,167,5.39,0,18.6,2,1,0,0,0,-,1753,0
11562,2024,Spencer Rattler,QB,NO,7,72.3,226,QB · 41,10.33,140,QB · 47,24,57.0%,130,228,1317,4,5,188.1,18,146,8.11,0,20.9,0,0,0,-,0,-,1463,0
1601,2018,Spencer Ware,RB,KC,13,79.0,211,RB · 63,6.08,239,RB · 71,27,-,0,0,0,0,0,-,51,246,4.82,2,18.9,23,20,224,11.2,0,17.2,470,2
1601,2016,Spencer Ware,RB,-,14,193.8,74,RB · 17,13.84,64,RB · 17,-,-,-,-,-,-,-,-,-,-,-,-,-,-,-,-,-,-,-,0,-
8419,2022,Stanley Berryhill III,WR,DET,1,0.0,571,WR · 218,0.00,571,WR · 218,24,-,0,0,0,0,0,-,0,0,-,0,-,0,0,0,-,0,-,0,0
6069,2023,Stanley Morgan Jr.,WR,CIN,2,0.0,537,WR · 205,0.00,537,WR · 205,27,-,0,0,0,0,0,-,0,0,-,0,-,0,0,0,-,0,-,0,0
6069,2022,Stanley Morgan Jr.,WR,CIN,9,0.0,571,WR · 218,0.00,571,WR · 218,26,-,0,0,0,0,0,-,0,0,-,0,-,1,0,0,-,0,-,0,0
6069,2021,Stanley Morgan Jr.,WR,CIN,11,3.4,528,WR · 208,0.31,565,WR · 220,25,-,0,0,0,0,0,-,1,3,3,0,0.3,4,2,11,5.5,0,1.0,14,0
6069,2020,Stanley Morgan Jr.,WR,CIN,6,0.0,560,WR · 208,0.00,560,WR · 208,24,-,0,0,0,0,0,-,0,0,-,0,-,0,0,0,-,0,-,0,0
6069,2019,Stanley Morgan Jr.,WR,CIN,11,4.8,440,WR · 176,0.44,455,WR · 180,23,-,0,0,0,0,0,-,0,0,-,0,-,10,3,18,6,0,1.6,18,0
2449,2025,Stefon Diggs,WR,NE,17,210.3,58,WR · 17,12.37,89,WR · 26,-,-,0,0,0,0,0,-,0,0,0,0,-,102,85,1013,11.9,4,59.6,1013,4
2449,2024,Stefon Diggs,WR,HOU,8,121.9,152,WR · 65,15.24,62,WR · 18,31,100.0%,1,1,13,0,0,1.6,3,8,2.67,1,1.0,64,47,496,10.55,3,62.0,517,4
2449,2023,Stefon Diggs,WR,BUF,17,273.8,25,WR · 9,16.11,45,WR · 14,30,-,0,0,0,0,0,-,1,5,5,0,0.3,160,107,1183,11.06,8,69.6,1188,8
2449,2022,Stefon Diggs,WR,BUF,17,321.2,11,WR · 4,18.89,17,WR · 5,29,-,0,0,0,0,0,-,1,-3,-3,0,-0.2,154,108,1429,13.23,11,84.1,1426,11
2449,2021,Stefon Diggs,WR,BUF,17,285.5,23,WR · 7,16.79,36,WR · 11,28,-,0,0,0,0,0,-,0,0,-,0,-,164,103,1225,11.89,10,72.1,1225,10
2449,2020,Stefon Diggs,WR,BUF,16,328.6,16,WR · 3,20.54,21,WR · 3,27,-,0,0,0,0,0,-,1,1,1,0,0.1,166,127,1535,12.09,8,95.9,1536,8
2449,2019,Stefon Diggs,WR,MIN,15,212.1,70,WR · 24,14.14,77,WR · 26,26,0.0%,0,1,0,0,0,-,5,61,12.2,0,4.1,94,63,1130,17.94,6,75.3,1191,6
2449,2018,Stefon Diggs,WR,MIN,15,266.3,34,WR · 10,17.75,35,WR · 11,25,-,0,0,0,0,0,-,10,62,6.2,0,4.1,149,102,1021,10.01,9,68.1,1083,9
2449,2017,Stefon Diggs,WR,-,14,198.2,58,WR · 19,14.16,52,WR · 13,-,-,-,-,-,-,-,-,-,-,-,-,-,-,-,-,-,-,-,0,-
2449,2016,Stefon Diggs,WR,-,13,193.3,75,WR · 30,14.87,47,WR · 14,-,-,-,-,-,-,-,-,-,-,-,-,-,-,-,-,-,-,-,0,-
3496,2023,Stephen Anderson,TE,LAC,3,0.0,537,TE · 114,0.00,537,TE · 114,30,-,0,0,0,0,0,-,0,0,-,0,-,0,0,0,-,0,-,0,0
3496,2022,Stephen Anderson,TE,ARI,9,3.9,517,TE · 107,0.43,552,TE · 115,29,-,0,0,0,0,0,-,0,0,-,0,-,7,3,9,3,0,1.0,9,0
3496,2021,Stephen Anderson,TE,LAC,14,38.5,321,TE · 58,2.75,413,TE · 76,28,-,0,0,0,0,0,-,0,0,-,0,-,19,16,165,10.31,1,11.8,165,1
3496,2020,Stephen Anderson,TE,LAC,16,18.6,391,TE · 77,1.16,465,TE · 85,27,-,0,0,0,0,0,-,0,0,-,0,-,11,8,106,13.25,0,6.6,106,0
3496,2019,Stephen Anderson,TE,LAC,1,0.0,496,TE · 111,0.00,495,TE · 111,26,-,0,0,0,0,0,-,0,0,-,0,-,0,0,0,-,0,-,0,0
3496,2017,Stephen Anderson,TE,-,15,65.2,231,TE · 32,4.35,288,TE · 42,-,-,-,-,-,-,-,-,-,-,-,-,-,-,-,-,-,-,-,0,-
3496,2016,Stephen Anderson,TE,-,13,26.3,343,TE · 64,2.02,387,TE · 67,-,-,-,-,-,-,-,-,-,-,-,-,-,-,-,-,-,-,-,0,-
6451,2020,Stephen Carlson,TE,CLE,16,4.1,497,TE · 103,0.26,539,TE · 110,24,-,0,0,0,0,0,-,0,0,-,0,-,2,1,11,11,0,0.7,11,0
6451,2019,Stephen Carlson,TE,CLE,9,16.1,366,TE · 76,1.79,371,TE · 75,23,-,0,0,0,0,0,-,0,0,-,0,-,7,5,51,10.2,1,5.7,51,1
6970,2024,Stephen Sullivan,TE,CAR,1,0.0,544,TE · 115,0.00,544,TE · 115,28,-,0,0,0,0,0,-,0,0,-,0,-,1,0,0,-,0,-,0,0
6970,2023,Stephen Sullivan,TE,CAR,11,24.5,361,TE · 71,2.23,379,TE · 69,27,-,0,0,0,0,0,-,0,0,-,0,-,24,12,125,10.42,0,11.4,125,0
6970,2022,Stephen Sullivan,TE,CAR,8,6.6,479,TE · 97,0.83,527,TE · 108,26,-,0,0,0,0,0,-,0,0,-,0,-,6,2,46,23,0,5.8,46,0
6970,2021,Stephen Sullivan,TE,CAR,1,0.0,582,TE · 121,0.00,582,TE · 121,25,-,0,0,0,0,0,-,0,0,-,0,-,1,0,0,-,0,-,0,0
6970,2020,Stephen Sullivan,TE,SEA,1,0.0,560,TE · 118,0.00,560,TE · 118,24,-,0,0,0,0,0,-,0,0,-,0,-,0,0,0,-,0,-,0,0
3200,2025,Sterling Shepard,WR,TB,13,82.0,208,WR · 80,6.31,216,WR · 76,-,-,0,0,0,0,0,-,4,19,4.75,0,1.5,53,39,371,9.5,1,28.5,390,1
3200,2024,Sterling Shepard,WR,TB,14,80.3,217,WR · 91,5.74,240,WR · 96,31,-,0,0,0,0,0,-,8,69,8.63,0,4.9,51,32,334,10.44,1,23.9,403,1
3200,2023,Sterling Shepard,WR,NYG,14,20.3,382,WR · 159,1.45,431,WR · 169,30,-,0,0,0,0,0,-,1,6,6,0,0.4,22,10,57,5.7,1,4.1,63,1
3200,2022,Sterling Shepard,WR,NYG,3,34.4,324,WR · 129,11.47,110,WR · 38,29,-,0,0,0,0,0,-,0,0,-,0,-,24,13,154,11.85,1,51.3,154,1
3200,2021,Sterling Shepard,WR,NYG,7,77.7,225,WR · 96,11.10,129,WR · 44,28,-,0,0,0,0,0,-,1,-9,-9,0,-1.3,53,36,366,10.17,1,52.3,357,1
3200,2020,Sterling Shepard,WR,NYG,12,162.5,103,WR · 43,13.54,91,WR · 34,27,-,0,0,0,0,0,-,6,49,8.17,1,4.1,90,66,656,9.94,3,54.7,705,4
3200,2019,Sterling Shepard,WR,NYG,10,141.8,122,WR · 48,14.18,76,WR · 25,26,-,0,0,0,0,0,-,6,72,12,0,7.2,83,57,576,10.11,3,57.6,648,3
3200,2018,Sterling Shepard,WR,NYG,16,182.5,77,WR · 30,11.41,115,WR · 40,25,-,0,0,0,0,0,-,3,33,11,0,2.1,107,66,872,13.21,4,54.5,905,4
3200,2017,Sterling Shepard,WR,-,11,144.5,107,WR · 42,13.14,66,WR · 21,-,-,-,-,-,-,-,-,-,-,-,-,-,-,-,-,-,-,-,0,-
3200,2016,Sterling Shepard,WR,-,16,184.4,88,WR · 36,11.53,112,WR · 44,-,-,-,-,-,-,-,-,-,-,-,-,-,-,-,-,-,-,-,0,-
10857,2025,Stetson Bennett,QB,LAR,0,0.0,415,QB · 62,-,-,-,-,-,0,0,0,0,0,-,0,0,0,0,-,0,0,0,0,0,-,0,0
5132,2020,Steven Mitchell Jr.,WR,HOU,6,11.0,439,WR · 172,1.83,424,WR · 165,26,-,0,0,0,0,0,-,0,0,-,0,-,8,5,60,12,0,10.0,60,0
5132,2019,Steven Mitchell Jr.,WR,HOU,4,5.7,431,WR · 171,1.43,388,WR · 154,25,-,0,0,0,0,0,-,0,0,-,0,-,6,2,37,18.5,0,9.3,37,0
5132,2018,Steven Mitchell Jr.,WR,HOU,1,0.0,543,WR · 206,0.00,543,WR · 206,24,-,0,0,0,0,0,-,0,0,-,0,-,0,0,0,-,0,-,0,0
6402,2024,Steven Sims Jr.,WR,2TM,9,-2.0,641,WR · 254,-0.22,641,WR · 254,27,-,0,0,0,0,0,-,1,0,0,0,-,0,0,0,-,0,-,0,0
6402,2023,Steven Sims Jr.,WR,HOU,3,5.6,472,WR · 187,1.87,409,WR · 161,26,-,0,0,0,0,0,-,1,1,1,0,0.3,3,3,25,8.33,0,8.3,26,0
6402,2022,Steven Sims Jr.,WR,PIT,12,31.4,333,WR · 134,2.62,416,WR · 156,25,-,0,0,0,0,0,-,13,70,5.38,0,5.8,23,14,104,7.43,0,8.7,174,0
6402,2020,Steven Sims Jr.,WR,WAS,12,57.3,263,WR · 109,4.78,284,WR · 116,23,-,0,0,0,0,0,-,1,18,18,0,1.5,37,27,265,9.81,1,22.1,283,1
6402,2019,Steven Sims Jr.,WR,WAS,16,109.5,156,WR · 66,6.84,201,WR · 77,22,0.0%,0,1,0,0,0,-,9,85,9.44,1,5.3,56,34,310,9.12,4,19.4,395,6
8583,2024,Stone Smartt,TE,LAC,15,34.8,307,TE · 56,2.32,355,TE · 57,26,-,0,0,0,0,0,-,0,0,-,0,-,19,16,208,13,0,13.9,208,0
8583,2023,Stone Smartt,TE,LAC,14,32.5,326,TE · 63,2.32,374,TE · 67,25,-,0,0,0,0,0,-,0,0,-,0,-,21,11,155,14.09,1,11.1,155,1
8583,2022,Stone Smartt,TE,LAC,3,5.7,490,TE · 101,1.90,456,TE · 90,24,-,0,0,0,0,0,-,0,0,-,0,-,5,4,17,4.25,0,5.7,17,0
5844,2025,T.J. Hockenson,TE,MIN,15,112.8,161,TE · 26,7.52,188,TE · 26,-,-,0,0,0,0,0,-,1,0,0,0,-,66,51,438,8.6,3,29.2,438,3
5844,2024,T.J. Hockenson,TE,MIN,10,86.5,208,TE · 34,8.65,173,TE · 18,27,-,0,0,0,0,0,-,0,0,-,0,-,62,41,455,11.1,0,45.5,455,0
5844,2023,T.J. Hockenson,TE,MIN,15,219.0,60,TE · 4,14.60,65,TE · 2,26,-,0,0,0,0,0,-,0,0,-,0,-,127,95,960,10.11,5,64.0,960,5
5844,2022,T.J. Hockenson,TE,2TM,17,215.4,55,TE · 2,12.67,92,TE · 4,25,-,0,0,0,0,0,-,0,0,-,0,-,129,86,914,10.63,6,53.8,914,6
5844,2021,T.J. Hockenson,TE,DET,12,145.3,123,TE · 15,12.11,107,TE · 7,24,-,0,0,0,0,0,-,0,0,-,0,-,84,61,583,9.56,4,48.6,583,4
5844,2020,T.J. Hockenson,TE,DET,16,175.3,89,TE · 5,10.96,132,TE · 8,23,-,0,0,0,0,0,-,1,0,0,0,-,101,67,723,10.79,6,45.2,723,6
5844,2019,T.J. Hockenson,TE,DET,12,80.7,205,TE · 32,6.73,204,TE · 27,22,-,0,0,0,0,0,-,0,0,-,0,-,59,32,367,11.47,2,30.6,367,2
2121,2018,T.J. Jones,WR,DET,15,50.0,273,WR · 117,3.33,327,WR · 137,26,-,0,0,0,0,0,-,0,0,-,0,-,26,19,190,10,2,12.7,190,2
2121,2017,T.J. Jones,WR,-,14,77.9,204,WR · 79,5.56,249,WR · 93,-,-,-,-,-,-,-,-,-,-,-,-,-,-,-,-,-,-,-,0,-
2121,2016,T.J. Jones,WR,-,3,14.3,392,WR · 155,4.77,269,WR · 108,-,-,-,-,-,-,-,-,-,-,-,-,-,-,-,-,-,-,-,0,-
4186,2019,T.J. Logan,RB,TB,12,4.3,446,RB · 118,0.36,465,RB · 124,25,-,0,0,0,0,0,-,3,10,3.33,0,0.8,3,2,13,6.5,0,1.1,23,0
4186,2018,T.J. Logan,RB,ARI,10,10.9,423,RB · 112,1.09,443,RB · 119,24,-,0,0,0,0,0,-,2,2,1,0,0.2,7,7,37,5.29,0,3.7,39,0
2341,2020,T.J. Yeldon,RB,BUF,3,16.2,406,RB · 115,5.40,260,RB · 69,27,-,0,0,0,0,0,-,10,70,7,0,23.3,4,1,22,22,1,7.3,92,1
2341,2019,T.J. Yeldon,RB,BUF,6,29.7,321,RB · 89,4.95,249,RB · 63,26,-,0,0,0,0,0,-,17,63,3.71,0,10.5,15,13,124,9.54,0,20.7,187,0
2341,2018,T.J. Yeldon,RB,JAX,14,173.1,86,RB · 22,12.36,96,RB · 23,25,-,0,0,0,0,0,-,104,414,3.98,1,29.6,78,55,487,8.85,4,34.8,901,5
2341,2017,T.J. Yeldon,RB,-,10,87.7,189,RB · 54,8.77,158,RB · 46,-,-,-,-,-,-,-,-,-,-,-,-,-,-,-,-,-,-,-,0,-
2341,2016,T.J. Yeldon,RB,-,15,137.7,134,RB · 35,9.18,167,RB · 44,-,-,-,-,-,-,-,-,-,-,-,-,-,-,-,-,-,-,-,0,-
1110,2022,T.Y. Hilton,WR,DAL,3,19.1,393,WR · 150,6.37,241,WR · 93,33,-,0,0,0,0,0,-,0,0,-,0,-,10,7,121,17.29,0,40.3,121,0
1110,2021,T.Y. Hilton,WR,IND,10,74.1,232,WR · 100,7.41,218,WR · 85,32,-,0,0,0,0,0,-,0,0,-,0,-,37,23,331,14.39,3,33.1,331,3
1110,2020,T.Y. Hilton,WR,IND,15,164.2,101,WR · 42,10.95,133,WR · 50,31,-,0,0,0,0,0,-,0,0,-,0,-,93,56,762,13.61,5,50.8,762,5
1110,2019,T.Y. Hilton,WR,IND,10,125.1,136,WR · 57,12.51,97,WR · 35,30,-,0,0,0,0,0,-,0,0,-,0,-,68,45,501,11.13,5,50.1,501,5
1110,2018,T.Y. Hilton,WR,IND,14,239.0,44,WR · 14,17.07,46,WR · 13,29,-,0,0,0,0,0,-,0,0,-,0,-,120,76,1270,16.71,6,90.7,1270,6
1110,2017,T.Y. Hilton,WR,-,16,175.6,72,WR · 27,10.98,107,WR · 38,-,-,-,-,-,-,-,-,-,-,-,-,-,-,-,-,-,-,-,0,-
1110,2016,T.Y. Hilton,WR,-,16,273.8,18,WR · 5,17.11,26,WR · 7,-,-,-,-,-,-,-,-,-,-,-,-,-,-,-,-,-,-,-,0,-
12543,2025,Tahj Brooks,RB,CIN,7,6.4,385,RB · 102,0.91,384,RB · 100,-,-,0,0,0,0,0,-,16,45,2.81,0,6.4,2,1,9,9,0,1.3,54,0
11821,2025,Tahj Washington,WR,MIA,6,4.7,391,WR · 161,0.78,391,WR · 160,-,-,0,0,0,0,0,-,0,0,0,0,-,5,3,37,12.3,0,6.2,37,0
12496,2025,Tai Felton,WR,MIN,6,5.5,387,WR · 160,0.92,383,WR · 158,-,-,0,0,0,0,0,-,0,0,0,0,-,3,3,25,8.3,0,4.2,25,0
886,2022,Taiwan Jones,RB,BUF,7,-2.0,643,RB · 176,-0.29,642,RB · 176,34,-,0,0,0,0,0,-,0,0,-,0,-,0,0,0,-,0,-,0,0
886,2021,Taiwan Jones,RB,BUF,7,0.0,582,RB · 165,0.00,582,RB · 165,33,-,0,0,0,0,0,-,0,0,-,0,-,0,0,0,-,0,-,0,0
886,2020,Taiwan Jones,RB,BUF,13,0.0,560,RB · 158,0.00,560,RB · 158,32,-,0,0,0,0,0,-,0,0,-,0,-,2,0,0,-,0,-,0,0
886,2019,Taiwan Jones,RB,HOU,11,5.9,428,RB · 114,0.54,446,RB · 117,31,-,0,0,0,0,0,-,9,40,4.44,0,3.6,1,1,9,9,0,0.8,49,0
886,2018,Taiwan Jones,RB,BUF,6,0.0,543,RB · 155,0.00,543,RB · 155,30,-,0,0,0,0,0,-,0,0,-,0,-,2,0,0,-,0,-,0,0
886,2017,Taiwan Jones,RB,-,8,2.1,503,RB · 147,0.26,513,RB · 149,-,-,-,-,-,-,-,-,-,-,-,-,-,-,-,-,-,-,-,0,-
886,2016,Taiwan Jones,RB,-,13,7.5,445,RB · 131,0.58,488,RB · 143,-,-,-,-,-,-,-,-,-,-,-,-,-,-,-,-,-,-,-,0,-
886,2016,Taiwan Jones,RB,-,3,0.0,540,RB · 170,0.00,540,RB · 170,-,-,-,-,-,-,-,-,-,-,-,-,-,-,-,-,-,-,-,0,-
3297,2021,Tajae Sharpe,WR,ATL,14,48.0,302,WR · 123,3.43,384,WR · 149,27,-,0,0,0,0,0,-,0,0,-,0,-,37,25,230,9.2,0,16.4,230,0
3297,2020,Tajae Sharpe,WR,MIN,4,0.0,560,WR · 208,0.00,560,WR · 208,26,-,0,0,0,0,0,-,0,0,-,0,-,3,0,0,-,0,-,0,0
3297,2019,Tajae Sharpe,WR,TEN,15,81.9,204,WR · 83,5.46,235,WR · 95,25,-,0,0,0,0,0,-,0,0,-,0,-,35,25,329,13.16,4,21.9,329,4
3297,2018,Tajae Sharpe,WR,TEN,16,71.2,225,WR · 92,4.45,291,WR · 120,24,-,0,0,0,0,0,-,1,16,16,0,1.0,47,26,316,12.15,2,19.8,332,2
3297,2016,Tajae Sharpe,WR,-,16,105.3,170,WR · 72,6.58,227,WR · 88,-,-,-,-,-,-,-,-,-,-,-,-,-,-,-,-,-,-,-,0,-
9225,2025,Tank Bigsby,RB,2TM,12,53.8,264,RB · 68,4.48,264,RB · 72,-,-,0,0,0,0,0,-,63,356,5.65,2,29.7,4,3,32,10.7,0,2.7,388,2
9225,2024,Tank Bigsby,RB,JAX,16,129.0,139,RB · 36,8.06,185,RB · 45,23,-,0,0,0,0,0,-,168,766,4.56,7,47.9,12,7,54,7.71,0,3.4,820,7
9225,2023,Tank Bigsby,RB,JAX,15,22.8,369,RB · 88,1.52,428,RB · 114,22,-,0,0,0,0,0,-,50,132,2.64,2,8.8,4,1,6,6,0,0.4,138,2
9502,2025,Tank Dell,WR,HOU,0,0.0,415,WR · 168,-,-,-,-,-,0,0,0,0,0,-,0,0,0,0,-,0,0,0,0,0,-,0,0
9502,2024,Tank Dell,WR,HOU,14,140.0,125,WR · 51,10.00,147,WR · 54,25,-,0,0,0,0,0,-,9,43,4.78,0,3.1,81,51,667,13.08,3,47.6,710,3
9502,2023,Tank Dell,WR,HOU,11,165.0,103,WR · 39,15.00,60,WR · 19,24,-,0,0,0,0,0,-,11,51,4.64,0,4.6,75,47,709,15.09,7,64.5,760,7
8849,2024,Tanner Conner,TE,MIA,7,4.6,472,TE · 98,0.66,487,TE · 97,26,-,0,0,0,0,0,-,0,0,-,0,-,4,3,16,5.33,0,2.3,16,0
8849,2023,Tanner Conner,TE,MIA,3,0.0,537,TE · 114,0.00,537,TE · 114,25,-,0,0,0,0,0,-,0,0,-,0,-,0,0,0,-,0,-,0,0
8849,2022,Tanner Conner,TE,MIA,2,0.0,571,TE · 116,0.00,571,TE · 116,24,-,0,0,0,0,0,-,0,0,-,0,-,3,0,0,-,0,-,0,0
4551,2022,Tanner Gentry,WR,BUF,1,0.0,571,WR · 218,0.00,571,WR · 218,28,-,0,0,0,0,0,-,0,0,-,0,-,1,0,0,-,0,-,0,0
4551,2017,Tanner Gentry,WR,-,4,6.5,461,WR · 174,1.63,399,WR · 156,-,-,-,-,-,-,-,-,-,-,-,-,-,-,-,-,-,-,-,0,-
5409,2024,Tanner Hudson,TE,CIN,11,38.5,291,TE · 51,3.50,302,TE · 46,30,-,0,0,0,0,0,-,1,1,1,0,0.1,23,19,154,8.11,1,14.0,155,1
5409,2023,Tanner Hudson,TE,CIN,12,80.2,201,TE · 27,6.68,206,TE · 27,29,-,0,0,0,0,0,-,0,0,-,0,-,50,39,352,9.03,1,29.3,352,1
5409,2022,Tanner Hudson,TE,NYG,6,23.2,367,TE · 75,3.87,329,TE · 58,28,-,0,0,0,0,0,-,0,0,-,0,-,15,10,132,13.2,0,22.0,132,0
5409,2020,Tanner Hudson,TE,TB,11,7.1,475,TE · 95,0.65,502,TE · 96,26,-,0,0,0,0,0,-,0,0,-,0,-,7,3,41,13.67,0,3.7,41,0
5409,2019,Tanner Hudson,TE,TB,9,4.6,444,TE · 94,0.51,449,TE · 98,25,-,0,0,0,0,0,-,0,0,-,0,-,5,2,26,13,0,2.9,26,0
9230,2025,Tanner McKee,QB,PHI,4,14.8,357,QB · 51,3.69,299,QB · 51,-,55.8%,24,43,274,1,1,68.5,8,8,1,0,2.0,0,0,0,0,0,-,282,0
9230,2024,Tanner McKee,QB,PHI,2,28.8,332,QB · 49,14.40,72,QB · 28,24,66.7%,30,45,323,4,0,161.5,5,-1,-0.2,0,-0.5,0,0,0,-,0,-,322,0
11598,2024,Tanner McLachlan,TE,CIN,2,0.0,544,TE · 115,0.00,544,TE · 115,25,-,0,0,0,0,0,-,0,0,-,0,-,0,0,0,-,0,-,0,0
4349,2018,Taquan Mizzell,RB,CHI,9,23.4,361,RB · 93,2.60,363,RB · 98,25,-,0,0,0,0,0,-,9,16,1.78,0,1.8,10,8,78,9.75,1,8.7,94,1
4349,2017,Taquan Mizzell,RB,-,3,0.0,529,RB · 157,0.00,529,RB · 157,-,-,-,-,-,-,-,-,-,-,-,-,-,-,-,-,-,-,-,0,-
8005,2021,Tarik Black,WR,NYJ,1,2.0,545,WR · 216,2.00,455,WR · 179,23,-,0,0,0,0,0,-,0,0,-,0,-,2,1,10,10,0,10.0,10,0
4157,2021,Tarik Cohen,RB,-,1,0.0,582,RB · 165,0.00,582,RB · 165,-,-,-,-,-,-,-,-,-,-,-,-,-,-,-,-,-,-,-,0,-
4157,2020,Tarik Cohen,RB,CHI,3,17.5,397,RB · 108,5.83,253,RB · 67,25,-,0,0,0,0,0,-,14,74,5.29,0,24.7,9,6,41,6.83,0,13.7,115,0
4157,2019,Tarik Cohen,RB,CHI,16,163.9,100,RB · 26,10.24,135,RB · 35,24,-,0,0,0,0,0,-,64,213,3.33,0,13.3,104,79,456,5.77,3,28.5,669,3
4157,2018,Tarik Cohen,RB,CHI,16,233.9,45,RB · 11,14.62,66,RB · 15,23,100.0%,1,1,1,1,0,0.1,99,444,4.48,3,27.8,91,71,725,10.21,5,45.3,1170,8
4157,2017,Tarik Cohen,RB,-,16,144.1,108,RB · 30,9.01,149,RB · 41,-,-,-,-,-,-,-,-,-,-,-,-,-,-,-,-,-,-,-,0,-
1567,2021,Tavon Austin,WR,JAX,12,51.4,284,WR · 118,4.28,332,WR · 133,31,-,0,0,0,0,0,-,3,21,7,0,1.8,37,24,213,8.88,1,17.8,234,1
1567,2020,Tavon Austin,WR,GB,4,5.0,490,WR · 189,1.25,457,WR · 181,30,-,0,0,0,0,0,-,0,0,-,0,-,5,5,20,4,0,5.0,20,0
1567,2019,Tavon Austin,WR,DAL,14,47.4,264,WR · 106,3.39,305,WR · 122,29,-,0,0,0,0,0,-,6,47,7.83,1,3.4,24,13,177,13.62,1,12.6,224,2
1567,2018,Tavon Austin,WR,DAL,7,39.5,306,WR · 129,5.64,250,WR · 104,28,-,0,0,0,0,0,-,6,55,9.17,0,7.9,13,8,140,17.5,2,20.0,195,2
1567,2017,Tavon Austin,WR,-,16,42.7,286,WR · 115,2.67,344,WR · 132,-,-,-,-,-,-,-,-,-,-,-,-,-,-,-,-,-,-,-,0,-
1567,2016,Tavon Austin,WR,-,15,146.8,121,WR · 53,9.79,149,WR · 60,-,-,-,-,-,-,-,-,-,-,-,-,-,-,-,-,-,-,-,0,-
8250,2024,Tay Martin,WR,TEN,1,11.9,415,WR · 165,11.90,112,WR · 39,27,-,0,0,0,0,0,-,0,0,-,0,-,2,1,49,49,1,49.0,49,1
8250,2023,Tay Martin,WR,SF,1,0.0,537,WR · 205,0.00,537,WR · 205,26,-,0,0,0,0,0,-,0,0,-,0,-,0,0,0,-,0,-,0,0
8250,2022,Tay Martin,WR,SF,1,0.0,571,WR · 218,0.00,571,WR · 218,25,-,0,0,0,0,0,-,0,0,-,0,-,0,0,0,-,0,-,0,0
1903,2019,Taylor Gabriel,WR,CHI,9,90.3,185,WR · 78,10.03,139,WR · 56,28,-,0,0,0,0,0,-,3,20,6.67,0,2.2,48,29,353,12.17,4,39.2,373,4
1903,2018,Taylor Gabriel,WR,CHI,16,151.9,106,WR · 41,9.49,149,WR · 56,27,-,0,0,0,0,0,-,9,61,6.78,0,3.8,93,67,688,10.27,2,43.0,749,2
1903,2017,Taylor Gabriel,WR,-,16,81.7,197,WR · 78,5.11,266,WR · 99,-,-,-,-,-,-,-,-,-,-,-,-,-,-,-,-,-,-,-,0,-
1903,2016,Taylor Gabriel,WR,-,13,140.0,131,WR · 56,10.77,126,WR · 50,-,-,-,-,-,-,-,-,-,-,-,-,-,-,-,-,-,-,-,0,-
2711,2024,Taylor Heinicke,QB,LAC,4,3.1,488,QB · 66,0.78,472,QB · 69,31,60.0%,3,5,28,0,0,7.0,2,20,10,0,5.0,0,0,0,-,0,-,48,0
2711,2023,Taylor Heinicke,QB,ATL,5,70.0,225,QB · 42,14.00,73,QB · 30,30,54.4%,74,136,890,5,4,178.0,15,124,8.27,1,24.8,0,0,0,-,0,-,1014,1
2711,2022,Taylor Heinicke,QB,WAS,9,122.0,141,QB · 30,13.56,71,QB · 32,29,62.2%,161,259,1859,12,6,206.6,28,96,3.43,1,10.7,0,0,0,-,0,-,1955,1
2711,2021,Taylor Heinicke,QB,WAS,16,237.9,44,QB · 18,14.87,59,QB · 23,28,65.0%,321,494,3419,20,15,213.7,60,313,5.22,1,19.6,1,1,-2,-2,0,-0.1,3730,1
2711,2020,Taylor Heinicke,QB,WAS,1,11.7,436,QB · 59,11.70,117,QB · 38,27,63.2%,12,19,137,1,0,137.0,3,22,7.33,0,22.0,0,0,0,-,0,-,159,0
2711,2019,Taylor Heinicke,QB,-,1,0.0,496,QB · 63,0.00,495,QB · 63,-,-,-,-,-,-,-,-,-,-,-,-,-,-,-,-,-,-,-,0,-
2711,2018,Taylor Heinicke,QB,CAR,6,13.9,400,QB · 50,2.32,373,QB · 54,25,61.4%,35,57,320,1,3,53.3,5,31,6.2,0,5.2,0,0,0,-,0,-,351,0
2711,2017,Taylor Heinicke,QB,-,1,0.6,522,QB · 64,0.60,473,QB · 63,-,-,-,-,-,-,-,-,-,-,-,-,-,-,-,-,-,-,-,0,-
4381,2018,Taysom Hill,QB,NO,16,33.6,329,QB · 43,2.10,387,QB · 55,28,42.9%,3,7,64,0,1,4.0,37,196,5.3,2,12.3,7,3,4,1.33,0,0.3,264,2
4381,2017,Taysom Hill,QB,-,5,0.0,529,QB · 67,0.00,529,QB · 67,-,-,-,-,-,-,-,-,-,-,-,-,-,-,-,-,-,-,-,0,-
4381,2025,Taysom Hill,TE,NO,13,41.8,290,TE · 56,3.21,320,TE · 55,-,33.3%,2,6,57,1,0,4.4,52,114,2.19,1,8.8,16,11,91,8.3,0,7.0,262,1
4381,2024,Taysom Hill,TE,NO,8,103.3,186,TE · 28,12.91,93,TE · 6,34,50.0%,2,4,21,0,1,2.6,39,278,7.13,6,34.8,31,23,187,8.13,0,23.4,486,6
4381,2023,Taysom Hill,TE,NO,16,143.5,123,TE · 12,8.97,163,TE · 15,33,54.5%,6,11,83,1,0,5.2,81,401,4.95,4,25.1,40,33,291,8.82,2,18.2,775,6
4381,2022,Taysom Hill,TE,NO,16,145.8,118,TE · 9,9.11,162,TE · 14,32,68.4%,13,19,240,2,0,15.0,96,575,5.99,7,35.9,13,9,77,8.56,2,4.8,892,9
4381,2021,Taysom Hill,TE,NO,12,126.7,146,TE · 20,10.56,142,TE · 12,31,58.2%,78,134,978,4,5,81.5,70,374,5.34,5,31.2,6,4,52,13,0,4.3,1404,5
4381,2020,Taysom Hill,TE,NO,16,158.6,108,TE · 8,9.91,153,TE · 13,30,72.7%,88,121,928,4,2,58.0,87,457,5.25,8,28.6,12,8,98,12.25,1,6.1,1483,9
4381,2019,Taysom Hill,TE,NO,16,102.2,164,TE · 21,6.39,211,TE · 30,29,50.0%,3,6,55,0,0,3.4,27,156,5.78,1,9.8,22,19,234,12.32,6,14.6,445,7
4381,2018,Taysom Hill,TE,NO,16,0.0,543,TE · 118,0.00,543,TE · 118,28,42.9%,3,7,64,0,1,4.0,37,196,5.3,2,12.3,7,3,4,1.33,0,0.3,264,2
4381,2017,Taysom Hill,TE,-,5,0.0,529,TE · 108,0.00,529,TE · 108,-,-,-,-,-,-,-,-,-,-,-,-,-,-,-,-,-,-,-,0,-
4125,2020,Taywan Taylor,WR,CLE,3,0.0,560,WR · 208,0.00,560,WR · 208,25,-,0,0,0,0,0,-,0,0,-,0,-,1,0,0,-,0,-,0,0
4125,2019,Taywan Taylor,WR,CLE,4,0.0,496,WR · 189,0.00,495,WR · 188,24,-,0,0,0,0,0,-,0,0,-,0,-,1,0,0,-,0,-,0,0
4125,2018,Taywan Taylor,WR,TEN,13,87.6,192,WR · 81,6.74,214,WR · 86,23,-,0,0,0,0,0,-,0,0,-,0,-,56,37,466,12.59,1,35.8,466,1
4125,2017,Taywan Taylor,WR,-,16,49.4,269,WR · 106,3.09,325,WR · 121,-,-,-,-,-,-,-,-,-,-,-,-,-,-,-,-,-,-,-,0,-
8227,2024,Teagan Quitoriano,TE,HOU,7,0.0,544,TE · 115,0.00,544,TE · 115,24,-,0,0,0,0,0,-,0,0,-,0,-,0,0,0,-,0,-,0,0
8227,2023,Teagan Quitoriano,TE,HOU,5,5.3,475,TE · 98,1.06,455,TE · 82,23,-,0,0,0,0,0,-,0,0,-,0,-,3,2,33,16.5,0,6.6,33,0
8227,2022,Teagan Quitoriano,TE,HOU,7,30.3,340,TE · 63,4.33,311,TE · 51,22,-,0,0,0,0,0,-,0,0,-,0,-,14,7,113,16.14,2,16.1,113,2
695,2018,Ted Ginn Jr.,WR,NO,5,52.5,271,WR · 115,10.50,129,WR · 47,33,-,0,0,0,0,0,-,3,26,8.67,0,5.2,30,17,209,12.29,2,41.8,235,2
695,2017,Ted Ginn Jr.,WR,-,15,159.6,91,WR · 34,10.64,115,WR · 41,-,-,-,-,-,-,-,-,-,-,-,-,-,-,-,-,-,-,-,0,-
695,2016,Ted Ginn Jr.,WR,-,16,159.0,112,WR · 48,9.94,146,WR · 58,-,-,-,-,-,-,-,-,-,-,-,-,-,-,-,-,-,-,-,0,-
2152,2023,Teddy Bridgewater,QB,DET,1,-0.2,630,QB · 84,-0.20,632,QB · 85,31,-,0,0,0,0,0,-,2,-2,-1,0,-2.0,0,0,0,-,0,-,-2,0
2152,2022,Teddy Bridgewater,QB,MIA,5,42.0,299,QB · 46,8.40,184,QB · 53,30,62.0%,49,79,683,4,4,136.6,3,27,9,0,5.4,0,0,0,-,0,-,710,0
2152,2021,Teddy Bridgewater,QB,DEN,14,209.7,64,QB · 23,14.98,58,QB · 22,29,66.9%,285,426,3052,18,7,218.0,30,106,3.53,2,7.6,0,0,0,-,0,-,3158,2
2152,2020,Teddy Bridgewater,QB,CAR,15,252.2,37,QB · 19,16.81,47,QB · 24,28,69.1%,340,492,3733,15,11,248.9,53,279,5.26,5,18.6,0,0,0,-,0,-,4012,5
2152,2019,Teddy Bridgewater,QB,NO,10,92.5,182,QB · 32,9.25,153,QB · 40,27,67.9%,133,196,1384,9,2,138.4,28,31,1.11,0,3.1,0,0,0,-,0,-,1415,0
2152,2018,Teddy Bridgewater,QB,NO,5,7.2,450,QB · 54,1.44,422,QB · 59,26,60.9%,14,23,118,1,1,23.6,11,5,0.45,0,1.0,0,0,0,-,0,-,123,0
2152,2017,Teddy Bridgewater,QB,-,1,-2.3,630,QB · 76,-2.30,630,QB · 76,-,-,-,-,-,-,-,-,-,-,-,-,-,-,-,-,-,-,-,0,-
6801,2025,Tee Higgins,WR,CIN,15,211.6,55,WR · 15,14.11,68,WR · 17,-,-,0,0,0,0,0,-,0,0,0,0,-,98,59,846,14.3,11,56.4,846,11
6801,2024,Tee Higgins,WR,CIN,12,222.1,57,WR · 17,18.51,22,WR · 5,25,-,0,0,0,0,0,-,0,0,-,0,-,109,73,911,12.48,10,75.9,911,10
6801,2023,Tee Higgins,WR,CIN,12,137.6,125,WR · 51,11.47,119,WR · 42,24,-,0,0,0,0,0,-,0,0,-,0,-,76,42,656,15.62,5,54.7,656,5
6801,2022,Tee Higgins,WR,CIN,15,223.2,50,WR · 18,14.88,55,WR · 16,23,-,0,0,0,0,0,-,0,0,-,0,-,109,74,1029,13.91,7,68.6,1029,7
6801,2021,Tee Higgins,WR,CIN,14,219.1,59,WR · 24,15.65,46,WR · 14,22,-,0,0,0,0,0,-,0,0,-,0,-,110,74,1091,14.74,6,77.9,1091,6
6801,2020,Tee Higgins,WR,CIN,16,194.6,67,WR · 28,12.16,107,WR · 40,21,-,0,0,0,0,0,-,5,28,5.6,0,1.8,108,67,908,13.55,6,56.8,936,6
3333,2020,Temarrick Hemingway,TE,WAS,8,2.0,535,TE · 111,0.25,540,TE · 111,27,-,0,0,0,0,0,-,0,0,-,0,-,2,1,10,10,0,1.3,10,0
3333,2018,Temarrick Hemingway,TE,DEN,5,0.0,543,TE · 118,0.00,543,TE · 118,25,-,0,0,0,0,0,-,0,0,-,0,-,0,0,0,-,0,-,0,0
3333,2016,Temarrick Hemingway,TE,-,8,0.0,540,TE · 114,0.00,540,TE · 114,-,-,-,-,-,-,-,-,-,-,-,-,-,-,-,-,-,-,-,0,-
7565,2024,Terrace Marshall Jr.,WR,LV,7,7.1,449,WR · 176,1.01,447,WR · 180,24,-,0,0,0,0,0,-,0,0,-,0,-,6,3,41,13.67,0,5.9,41,0
7565,2023,Terrace Marshall Jr.,WR,CAR,8,32.9,325,WR · 136,4.11,274,WR · 101,23,-,0,0,0,0,0,-,0,0,-,0,-,33,19,139,7.32,0,17.4,139,0
7565,2022,Terrace Marshall Jr.,WR,CAR,13,83.0,210,WR · 88,6.38,240,WR · 92,22,-,0,0,0,0,0,-,0,0,-,0,-,47,28,490,17.5,1,37.7,490,1
7565,2021,Terrace Marshall Jr.,WR,CAR,12,32.8,343,WR · 139,2.73,415,WR · 162,21,-,0,0,0,0,0,-,0,0,-,0,-,30,17,138,8.12,0,11.5,138,0
12487,2025,Terrance Ferguson,TE,LAR,13,52.1,268,TE · 51,4.01,284,TE · 46,-,-,0,0,0,0,0,-,1,0,0,0,-,25,11,231,21,3,17.8,231,3
11115,2023,Terrell Bynum,WR,LAC,1,0.0,537,WR · 205,0.00,537,WR · 205,25,-,0,0,0,0,0,-,0,0,-,0,-,0,0,0,-,0,-,0,0
12412,2025,Terrell Jennings,RB,NE,1,15.2,355,RB · 89,15.20,46,RB · 12,-,-,0,0,0,0,0,-,23,73,3.17,1,73.0,1,1,9,9,0,9.0,82,1
12412,2024,Terrell Jennings,RB,NE,2,3.3,482,RB · 123,1.65,396,RB · 111,23,-,0,0,0,0,0,-,13,33,2.54,0,16.5,1,0,0,-,0,-,33,0
5977,2020,Terry Godwin,WR,JAX,3,6.5,481,WR · 186,2.17,396,WR · 156,24,-,0,0,0,0,0,-,1,3,3,0,1.0,6,3,32,10.67,0,10.7,35,0
5927,2025,Terry McLaurin,WR,WAS,10,114.2,157,WR · 56,11.42,114,WR · 38,-,-,0,0,0,0,0,-,0,0,0,0,-,60,38,582,15.3,3,58.2,582,3
5927,2024,Terry McLaurin,WR,WAS,17,267.8,28,WR · 7,15.75,53,WR · 16,29,-,0,0,0,0,0,-,2,2,1,0,0.1,117,82,1096,13.37,13,64.5,1098,13
5927,2023,Terry McLaurin,WR,WAS,17,203.2,73,WR · 31,11.95,108,WR · 38,28,-,0,0,0,0,0,-,0,0,-,0,-,132,79,1002,12.68,4,58.9,1002,5
5927,2022,Terry McLaurin,WR,WAS,17,229.0,43,WR · 14,13.47,74,WR · 24,27,-,0,0,0,0,0,-,7,29,4.14,0,1.7,120,77,1191,15.47,5,70.1,1220,5
5927,2021,Terry McLaurin,WR,WAS,17,213.5,62,WR · 25,12.56,97,WR · 35,26,-,0,0,0,0,0,-,1,12,12,0,0.7,130,77,1053,13.68,5,61.9,1065,5
5927,2020,Terry McLaurin,WR,WAS,15,223.8,50,WR · 20,14.92,68,WR · 20,25,-,0,0,0,0,0,-,2,30,15,0,2.0,134,87,1118,12.85,4,74.5,1148,4
5927,2019,Terry McLaurin,WR,WAS,14,191.9,81,WR · 29,13.71,86,WR · 30,24,-,0,0,0,0,0,-,0,0,-,0,-,93,58,919,15.84,7,65.6,919,7
12526,2025,Tetairoa McMillan,WR,CAR,17,211.4,56,WR · 16,12.44,87,WR · 25,-,-,0,0,0,0,0,-,0,0,0,0,-,122,70,1014,14.5,7,59.6,1014,7
2378,2022,Tevin Coleman,RB,SF,3,22.0,374,RB · 101,7.33,212,RB · 57,29,-,0,0,0,0,0,-,12,26,2.17,1,8.7,3,3,44,14.67,1,14.7,70,2
2378,2021,Tevin Coleman,RB,NYJ,11,51.5,282,RB · 76,4.68,309,RB · 91,28,-,0,0,0,0,0,-,84,356,4.24,0,32.4,16,11,49,4.45,0,4.5,405,0
2378,2020,Tevin Coleman,RB,SF,8,12.7,429,RB · 122,1.59,435,RB · 117,27,-,0,0,0,0,0,-,28,53,1.89,0,6.6,5,4,34,8.5,0,4.3,87,0
2378,2019,Tevin Coleman,RB,SF,14,135.4,130,RB · 38,9.67,145,RB · 37,26,-,0,0,0,0,0,-,137,544,3.97,6,38.9,30,21,180,8.57,1,12.9,724,7
2378,2018,Tevin Coleman,RB,ATL,16,193.6,67,RB · 18,12.10,100,RB · 26,25,-,0,0,0,0,0,-,167,800,4.79,4,50.0,44,32,276,8.63,5,17.3,1076,9
2378,2017,Tevin Coleman,RB,-,15,167.7,86,RB · 22,11.18,103,RB · 25,-,-,-,-,-,-,-,-,-,-,-,-,-,-,-,-,-,-,-,0,-
2378,2016,Tevin Coleman,RB,-,13,191.1,80,RB · 19,14.70,50,RB · 13,-,-,-,-,-,-,-,-,-,-,-,-,-,-,-,-,-,-,-,0,-
3730,2019,Tevin Jones,WR,PIT,5,10.1,397,WR · 156,2.02,364,WR · 146,27,-,0,0,0,0,0,-,0,0,-,0,-,10,4,61,15.25,0,12.2,61,0
12485,2025,Tez Johnson,WR,TB,16,92.4,184,WR · 67,5.78,231,WR · 83,-,-,0,0,0,0,0,-,7,22,3.14,0,1.4,44,28,322,11.5,5,20.1,344,5
11597,2025,Theo Johnson,TE,NYG,15,127.8,134,TE · 18,8.52,173,TE · 23,-,-,0,0,0,0,0,-,0,0,0,0,-,74,45,528,11.7,5,35.2,528,5
11597,2024,Theo Johnson,TE,NYG,12,68.1,231,TE · 37,5.68,243,TE · 34,23,-,0,0,0,0,0,-,0,0,-,0,-,43,29,331,11.41,1,27.6,331,1
1517,2020,Theo Riddick,RB,LV,5,10.7,441,RB · 125,2.14,398,RB · 108,29,-,0,0,0,0,0,-,6,14,2.33,0,2.8,6,5,43,8.6,0,8.6,57,0
1517,2018,Theo Riddick,RB,DET,14,116.5,153,RB · 43,8.32,180,RB · 48,27,-,0,0,0,0,0,-,40,171,4.28,0,12.2,74,61,384,6.3,0,27.4,555,0
1517,2017,Theo Riddick,RB,-,16,154.0,98,RB · 26,9.63,138,RB · 37,-,-,-,-,-,-,-,-,-,-,-,-,-,-,-,-,-,-,-,0,-
1517,2016,Theo Riddick,RB,-,10,161.8,110,RB · 25,16.18,34,RB · 8,-,-,-,-,-,-,-,-,-,-,-,-,-,-,-,-,-,-,-,0,-
12715,2025,Thomas Fidone,TE,NYG,2,0.0,415,TE · 75,0.00,410,TE · 75,-,-,0,0,0,0,0,-,0,0,0,0,-,0,0,0,0,0,-,0,0
8924,2024,Thomas Odukoya,TE,TEN,1,0.0,544,TE · 115,0.00,544,TE · 115,27,-,0,0,0,0,0,-,0,0,-,0,-,0,0,0,-,0,-,0,0
5257,2024,Tim Boyle,QB,2TM,3,14.9,388,QB · 57,4.97,256,QB · 55,30,54.0%,27,50,276,1,1,92.0,3,9,3,0,3.0,0,0,0,-,0,-,285,0
5257,2023,Tim Boyle,QB,NYJ,3,14.9,405,QB · 62,4.97,251,QB · 57,29,62.3%,48,77,360,1,4,120.0,4,5,1.25,0,1.7,0,0,0,-,0,-,365,0
5257,2022,Tim Boyle,QB,CHI,1,-0.9,642,QB · 88,-0.90,644,QB · 88,28,25.0%,2,8,33,0,2,33.0,2,-2,-1,0,-2.0,0,0,0,-,0,-,31,0
5257,2021,Tim Boyle,QB,DET,4,30.3,350,QB · 47,7.58,216,QB · 50,27,64.9%,61,94,526,3,6,131.5,2,13,6.5,0,3.3,0,0,0,-,0,-,539,0
5257,2020,Tim Boyle,QB,GB,8,-0.9,646,QB · 84,-0.11,642,QB · 82,26,-,0,0,0,0,0,-,13,-9,-0.69,0,-1.1,0,0,0,-,0,-,-9,0
5257,2019,Tim Boyle,QB,GB,3,-0.1,568,QB · 74,-0.03,567,QB · 74,25,75.0%,3,4,15,0,0,5.0,5,-7,-1.4,0,-2.3,0,0,0,-,0,-,8,0
8013,2024,Tim Jones,WR,JAX,16,7.1,449,WR · 176,0.44,507,WR · 202,26,-,0,0,0,0,0,-,0,0,-,0,-,5,3,41,13.67,0,2.6,41,0
8013,2023,Tim Jones,WR,JAX,16,19.3,389,WR · 161,1.21,445,WR · 178,25,-,0,0,0,0,0,-,0,0,-,0,-,18,11,83,7.55,0,5.2,83,0
8013,2022,Tim Jones,WR,JAX,7,6.0,486,WR · 181,0.86,522,WR · 201,24,-,0,0,0,0,0,-,0,0,-,0,-,4,3,30,10,0,4.3,30,0
4351,2025,Tim Patrick,WR,JAX,16,51.7,270,WR · 107,3.23,319,WR · 126,-,-,0,0,0,0,0,-,0,0,0,0,-,24,15,187,12.5,3,11.7,187,3
4351,2024,Tim Patrick,WR,DET,16,92.4,201,WR · 84,5.78,238,WR · 95,31,-,0,0,0,0,0,-,0,0,-,0,-,44,33,394,11.94,3,24.6,394,3
4351,2021,Tim Patrick,WR,DEN,16,156.4,112,WR · 42,9.78,161,WR · 58,28,-,0,0,0,0,0,-,0,0,-,0,-,85,53,734,13.85,5,45.9,734,5
4351,2020,Tim Patrick,WR,DEN,15,161.2,106,WR · 44,10.75,138,WR · 54,27,-,0,0,0,0,0,-,0,0,-,0,-,79,51,742,14.55,6,49.5,742,6
4351,2019,Tim Patrick,WR,DEN,8,37.8,291,WR · 122,4.73,257,WR · 102,26,-,0,0,0,0,0,-,0,0,-,0,-,31,16,218,13.63,0,27.3,218,0
4351,2018,Tim Patrick,WR,DEN,16,60.2,255,WR · 107,3.76,318,WR · 133,25,-,0,0,0,0,0,-,3,17,5.67,0,1.1,41,23,315,13.7,1,19.7,332,1
11716,2025,Tip Reiman,TE,ARI,4,4.8,389,TE · 71,1.20,373,TE · 69,-,-,0,0,0,0,0,-,0,0,0,0,-,5,3,18,6,0,4.5,18,0
11716,2024,Tip Reiman,TE,ARI,17,9.7,432,TE · 91,0.57,494,TE · 98,23,-,0,0,0,0,0,-,0,0,-,0,-,7,6,37,6.17,0,2.2,37,0
2315,2018,Todd Gurley II,RB,LAR,14,372.1,4,RB · 3,26.58,1,RB · 1,24,-,0,0,0,0,0,-,256,1251,4.89,17,89.4,81,59,580,9.83,4,41.4,1831,21
2315,2017,Todd Gurley II,RB,-,15,383.3,1,RB · 1,25.55,1,RB · 1,-,-,-,-,-,-,-,-,-,-,-,-,-,-,-,-,-,-,-,0,-
2315,2016,Todd Gurley II,RB,-,16,198.2,68,RB · 15,12.39,93,RB · 24,-,-,-,-,-,-,-,-,-,-,-,-,-,-,-,-,-,-,-,0,-
167,2022,Tom Brady,QB,TB,17,280.7,25,QB · 12,16.51,36,QB · 18,45,66.8%,490,733,4694,25,9,276.1,29,-1,-0.03,1,-0.1,1,0,0,-,0,-,4693,1
167,2021,Tom Brady,QB,TB,17,386.7,4,QB · 3,22.75,5,QB · 3,44,67.5%,485,719,5316,43,12,312.7,28,81,2.89,2,4.8,0,0,0,-,0,-,5397,2
167,2020,Tom Brady,QB,TB,16,349.9,10,QB · 8,21.87,17,QB · 12,43,65.7%,401,610,4633,40,12,289.6,30,6,0.2,3,0.4,0,0,0,-,0,-,4639,3
167,2019,Tom Brady,QB,NE,16,271.7,21,QB · 12,16.98,31,QB · 16,42,60.8%,373,613,4057,24,8,253.6,26,34,1.31,3,2.1,0,0,0,-,0,-,4091,3
167,2018,Tom Brady,QB,NE,16,281.4,29,QB · 14,17.59,37,QB · 17,41,65.8%,375,570,4355,29,11,272.2,23,35,1.52,2,2.2,1,1,6,6,0,0.4,4396,2
167,2017,Tom Brady,QB,-,16,295.9,8,QB · 3,18.49,14,QB · 7,-,-,-,-,-,-,-,-,-,-,-,-,-,-,-,-,-,-,-,0,-
167,2016,Tom Brady,QB,-,12,258.4,27,QB · 15,21.53,6,QB · 3,-,-,-,-,-,-,-,-,-,-,-,-,-,-,-,-,-,-,-,0,-
6588,2024,Tom Kennedy,WR,DET,4,0.0,544,WR · 215,0.00,544,WR · 215,28,-,0,0,0,0,0,-,0,0,-,0,-,1,0,0,-,0,-,0,0
6588,2022,Tom Kennedy,WR,DET,7,22.1,373,WR · 145,3.16,379,WR · 144,26,-,0,0,0,0,0,-,0,0,-,0,-,15,8,141,17.63,0,20.1,141,0
6588,2021,Tom Kennedy,WR,DET,7,18.4,400,WR · 159,2.63,419,WR · 166,25,100.0%,1,1,75,1,0,10.7,0,0,-,0,-,10,6,54,9,0,7.7,129,0
6588,2019,Tom Kennedy,WR,DET,1,0.0,496,WR · 189,0.00,495,WR · 188,23,-,0,0,0,0,0,-,0,0,-,0,-,0,0,0,-,0,-,0,0
11292,2024,Tommy DeVito,QB,NYG,3,13.5,407,QB · 60,4.50,268,QB · 57,26,70.5%,31,44,257,0,0,85.7,8,32,4,0,10.7,0,0,0,-,0,-,289,0
11292,2023,Tommy DeVito,QB,NYG,10,96.5,180,QB · 34,9.65,150,QB · 47,25,64.0%,114,178,1101,8,3,110.1,36,195,5.42,1,19.5,0,0,0,-,0,-,1296,1
7439,2021,Tommy Hudson,TE,TEN,4,6.1,489,TE · 100,1.53,487,TE · 99,24,-,0,0,0,0,0,-,0,0,-,0,-,6,3,31,10.33,0,7.8,31,0
7149,2020,Tommy Stevens,QB,CAR,1,2.4,522,QB · 69,2.40,382,QB · 63,24,-,0,0,0,0,0,-,4,24,6,0,24.0,0,0,0,-,0,-,24,0
6137,2022,Tommy Sweeney,TE,BUF,2,1.7,542,TE · 113,0.85,523,TE · 107,27,-,0,0,0,0,0,-,0,0,-,0,-,1,1,7,7,0,3.5,7,0
6137,2021,Tommy Sweeney,TE,BUF,7,19.4,388,TE · 72,2.77,410,TE · 74,26,-,0,0,0,0,0,-,0,0,-,0,-,12,9,44,4.89,1,6.3,44,1
6137,2019,Tommy Sweeney,TE,BUF,6,19.4,353,TE · 72,3.23,310,TE · 55,24,-,0,0,0,0,0,-,0,0,-,0,-,13,8,114,14.25,0,19.0,114,0
7694,2025,Tommy Tremble,TE,CAR,17,63.9,241,TE · 42,3.76,294,TE · 47,-,-,0,0,0,0,0,-,0,0,0,0,-,37,27,249,9.2,2,14.6,249,2
7694,2024,Tommy Tremble,TE,CAR,12,56.4,259,TE · 44,4.70,263,TE · 37,24,-,0,0,0,0,0,-,0,0,-,0,-,32,23,234,10.17,2,19.5,234,2
7694,2023,Tommy Tremble,TE,CAR,15,60.4,241,TE · 39,4.03,277,TE · 40,23,-,0,0,0,0,0,-,0,0,-,0,-,32,23,194,8.43,3,12.9,194,3
7694,2022,Tommy Tremble,TE,CAR,15,52.4,268,TE · 46,3.49,351,TE · 61,22,-,0,0,0,0,0,-,0,0,-,0,-,32,19,174,9.16,3,11.6,174,3
7694,2021,Tommy Tremble,TE,CAR,15,53.1,278,TE · 46,3.54,371,TE · 66,21,-,0,0,0,0,0,-,3,11,3.67,1,0.7,35,20,180,9,1,12.0,191,2
3614,2021,Tommylee Lewis,WR,MIA,2,1.7,555,WR · 218,0.85,526,WR · 205,29,-,0,0,0,0,0,-,0,0,-,0,-,2,1,7,7,0,3.5,7,0
3614,2020,Tommylee Lewis,WR,NO,5,2.9,511,WR · 198,0.58,511,WR · 199,28,-,0,0,0,0,0,-,2,14,7,0,2.8,3,1,5,5,0,1.0,19,0
3614,2018,Tommylee Lewis,WR,NO,7,14.0,399,WR · 160,2.00,390,WR · 159,26,-,0,0,0,0,0,-,2,10,5,0,1.4,3,3,60,20,1,8.6,70,1
3614,2017,Tommylee Lewis,WR,-,15,27.0,334,WR · 131,1.80,381,WR · 148,-,-,-,-,-,-,-,-,-,-,-,-,-,-,-,-,-,-,-,0,-
3614,2016,Tommylee Lewis,WR,-,12,15.7,385,WR · 152,1.31,426,WR · 161,-,-,-,-,-,-,-,-,-,-,-,-,-,-,-,-,-,-,-,0,-
6585,2020,Tony Brooks-James,RB,ATL,1,0.4,557,RB · 156,0.40,528,RB · 146,26,-,0,0,0,0,0,-,3,4,1.33,0,4.0,0,0,0,-,0,-,4,0
6585,2019,Tony Brooks-James,RB,PIT,3,0.7,490,RB · 134,0.23,476,RB · 127,25,-,0,0,0,0,0,-,8,7,0.88,0,2.3,0,0,0,-,0,-,7,0
6984,2024,Tony Jones Jr.,RB,ARI,1,11.5,421,RB · 108,11.50,119,RB · 29,27,-,0,0,0,0,0,-,4,55,13.75,1,55.0,0,0,0,-,0,-,55,1
6984,2023,Tony Jones Jr.,RB,2TM,6,32.2,329,RB · 82,5.37,241,RB · 62,26,-,0,0,0,0,0,-,26,95,3.65,2,15.8,10,7,37,5.29,0,6.2,132,2
6984,2022,Tony Jones Jr.,RB,2TM,3,10.4,443,RB · 118,3.47,354,RB · 96,25,-,0,0,0,0,0,-,10,24,2.4,0,8.0,8,5,30,6,0,10.0,54,0
6984,2021,Tony Jones Jr.,RB,NO,10,22.1,375,RB · 107,2.21,441,RB · 122,24,-,0,0,0,0,0,-,54,142,2.63,0,14.2,8,5,29,5.8,0,2.9,171,0
6984,2020,Tony Jones Jr.,RB,NO,1,1.3,546,RB · 153,1.30,453,RB · 122,23,-,0,0,0,0,0,-,3,13,4.33,0,13.0,0,0,0,-,0,-,13,0
5967,2025,Tony Pollard,RB,TEN,17,185.8,79,RB · 23,10.93,125,RB · 32,-,-,0,0,0,0,0,-,242,1082,4.47,5,63.6,41,33,206,6.2,0,12.1,1288,5
5967,2024,Tony Pollard,RB,TEN,16,200.7,71,RB · 21,12.54,98,RB · 22,27,-,0,0,0,0,0,-,260,1079,4.15,5,67.4,57,41,238,5.8,0,14.9,1317,5
5967,2023,Tony Pollard,RB,DAL,17,222.6,57,RB · 14,13.09,90,RB · 23,26,-,0,0,0,0,0,-,252,1005,3.99,6,59.1,67,55,311,5.65,0,18.3,1316,6
5967,2022,Tony Pollard,RB,DAL,16,248.8,31,RB · 8,15.55,43,RB · 9,25,-,0,0,0,0,0,-,193,1007,5.22,9,62.9,55,39,371,9.51,3,23.2,1378,12
5967,2021,Tony Pollard,RB,DAL,15,162.6,107,RB · 28,10.84,136,RB · 36,24,-,0,0,0,0,0,-,130,719,5.53,2,47.9,46,39,337,8.64,0,22.5,1056,3
5967,2020,Tony Pollard,RB,DAL,16,120.8,156,RB · 40,7.55,215,RB · 57,23,-,0,0,0,0,0,-,101,435,4.31,4,27.2,40,28,193,6.89,1,12.1,628,5
5967,2019,Tony Pollard,RB,DAL,15,89.2,190,RB · 51,5.95,224,RB · 55,22,-,0,0,0,0,0,-,86,455,5.29,2,30.3,20,15,107,7.13,1,7.1,562,3
7852,2021,Tory Carter,RB,TEN,5,0.0,582,RB · 165,0.00,582,RB · 165,22,-,0,0,0,0,0,-,0,0,-,0,-,0,0,0,-,0,-,0,0
12497,2025,Tory Horton,WR,SEA,8,65.1,238,WR · 96,8.14,178,WR · 61,-,-,0,0,0,0,0,-,0,0,0,0,-,22,13,161,12.4,5,20.1,161,5
3688,2018,Tra Carson,RB,2TM,6,0.0,543,RB · 155,0.00,543,RB · 155,26,-,0,0,0,0,0,-,0,0,-,0,-,0,0,0,-,0,-,0,0
5974,2022,Trace McSorley,QB,ARI,5,13.6,419,QB · 62,2.72,408,QB · 72,27,54.2%,45,83,412,0,5,82.4,15,61,4.07,0,12.2,0,0,0,-,0,-,473,0
5974,2021,Trace McSorley,QB,-,1,0.0,582,QB · 74,0.00,582,QB · 74,-,-,-,-,-,-,-,-,-,-,-,-,-,-,-,-,-,-,-,0,-
5974,2020,Trace McSorley,QB,BAL,2,9.3,455,QB · 61,4.65,288,QB · 53,25,30.0%,3,10,90,1,0,45.0,5,17,3.4,0,8.5,0,0,0,-,0,-,107,0
5974,2019,Trace McSorley,QB,BAL,1,0.1,494,QB · 61,0.10,489,QB · 61,24,-,0,0,0,0,0,-,1,1,1,0,1.0,0,0,0,-,0,-,1,0
1077,2021,Travis Benjamin,WR,SF,5,-2.0,670,WR · 261,-0.40,670,WR · 262,32,-,0,0,0,0,0,-,0,0,-,0,-,5,0,0,-,0,-,0,0
1077,2019,Travis Benjamin,WR,LAC,5,9.0,406,WR · 159,1.80,370,WR · 147,30,-,0,0,0,0,0,-,0,0,-,0,-,16,6,30,5,0,6.0,30,0
1077,2018,Travis Benjamin,WR,LAC,12,40.7,302,WR · 128,3.39,326,WR · 136,29,-,0,0,0,0,0,-,7,41,5.86,0,3.4,24,12,186,15.5,1,15.5,227,1
1077,2017,Travis Benjamin,WR,-,16,124.3,141,WR · 55,7.77,181,WR · 66,-,-,-,-,-,-,-,-,-,-,-,-,-,-,-,-,-,-,-,0,-
1077,2016,Travis Benjamin,WR,-,14,132.4,143,WR · 59,9.46,157,WR · 63,-,-,-,-,-,-,-,-,-,-,-,-,-,-,-,-,-,-,-,0,-
7543,2025,Travis Etienne Jr.,RB,JAX,17,253.9,29,RB · 10,14.94,52,RB · 15,-,-,0,0,0,0,0,-,260,1107,4.26,7,65.1,52,36,292,8.1,6,17.2,1399,13
7543,2024,Travis Etienne Jr.,RB,JAX,15,130.2,136,RB · 35,8.68,172,RB · 41,25,-,0,0,0,0,0,-,150,558,3.72,2,37.2,52,39,254,6.51,0,16.9,812,2
7543,2023,Travis Etienne Jr.,RB,JAX,17,282.4,20,RB · 3,16.61,39,RB · 7,24,-,0,0,0,0,0,-,267,1008,3.78,11,59.3,73,58,476,8.21,1,28.0,1484,12
7543,2022,Travis Etienne Jr.,RB,JAX,17,205.1,60,RB · 17,12.06,99,RB · 24,23,-,0,0,0,0,0,-,220,1125,5.11,5,66.2,45,35,316,9.03,0,18.6,1441,5
6059,2020,Travis Fulgham,WR,PHI,13,115.9,161,WR · 66,8.92,177,WR · 69,25,-,0,0,0,0,0,-,0,0,-,0,-,67,38,539,14.18,4,41.5,539,4
6059,2019,Travis Fulgham,WR,DET,3,0.0,496,WR · 189,0.00,495,WR · 188,24,-,0,0,0,0,0,-,0,0,-,0,-,3,0,0,-,0,-,0,0
6012,2025,Travis Homer,RB,CHI,2,-0.2,459,RB · 130,-0.10,416,RB · 115,-,-,0,0,0,0,0,-,1,-2,-2,0,-1.0,0,0,0,0,0,-,-2,0
6012,2024,Travis Homer,RB,CHI,9,6.4,456,RB · 116,0.71,479,RB · 125,26,-,0,0,0,0,0,-,6,23,3.83,0,2.6,3,3,11,3.67,0,1.2,34,0
6012,2023,Travis Homer,RB,CHI,9,0.0,537,RB · 145,0.00,537,RB · 145,25,-,0,0,0,0,0,-,0,0,-,0,-,1,0,0,-,0,-,0,0
6012,2022,Travis Homer,RB,SEA,12,43.1,292,RB · 79,3.59,344,RB · 92,24,-,0,0,0,0,0,-,19,74,3.89,0,6.2,18,16,157,9.81,1,13.1,231,1
6012,2021,Travis Homer,RB,SEA,14,61.8,259,RB · 69,4.41,323,RB · 94,23,-,0,0,0,0,0,-,21,177,8.43,1,12.6,20,16,161,10.06,0,11.5,338,2
6012,2020,Travis Homer,RB,SEA,9,32.8,326,RB · 87,3.64,327,RB · 90,22,-,0,0,0,0,0,-,25,88,3.52,0,9.8,10,9,90,10,1,10.0,178,1
6012,2019,Travis Homer,RB,SEA,16,28.0,326,RB · 92,1.75,373,RB · 95,21,-,0,0,0,0,0,-,18,114,6.33,0,7.1,13,11,56,5.09,0,3.5,170,0
12530,2025,Travis Hunter,WR,JAX,7,63.8,242,WR · 97,9.11,156,WR · 54,-,-,0,0,0,0,0,-,1,0,0,0,-,45,28,298,10.6,1,42.6,298,1
1466,2025,Travis Kelce,TE,KC,17,193.2,70,TE · 3,11.36,116,TE · 9,-,-,0,0,0,0,0,-,1,1,1,0,0.1,108,76,851,11.2,5,50.1,852,5
1466,2024,Travis Kelce,TE,KC,16,195.4,78,TE · 5,12.21,103,TE · 7,35,-,0,0,0,0,0,-,1,1,1,0,0.1,133,97,823,8.48,3,51.4,824,3
1466,2023,Travis Kelce,TE,KC,15,219.4,59,TE · 3,14.63,64,TE · 1,34,-,0,0,0,0,0,-,0,0,-,0,-,121,93,984,10.58,5,65.6,984,5
1466,2022,Travis Kelce,TE,KC,17,316.3,12,TE · 1,18.61,20,TE · 1,33,-,0,0,0,0,0,-,2,5,2.5,0,0.3,152,110,1338,12.16,12,78.7,1343,12
1466,2021,Travis Kelce,TE,KC,16,262.8,28,TE · 2,16.43,38,TE · 2,32,-,0,0,0,0,0,-,2,3,1.5,1,0.2,134,92,1125,12.23,9,70.3,1128,10
1466,2020,Travis Kelce,TE,KC,15,312.8,18,TE · 1,20.85,19,TE · 1,31,50.0%,1,2,4,0,0,0.3,0,0,-,0,-,145,105,1416,13.49,11,94.4,1420,11
1466,2019,Travis Kelce,TE,KC,16,254.3,33,TE · 1,15.89,46,TE · 1,30,-,0,0,0,0,0,-,1,4,4,1,0.3,136,97,1229,12.67,5,76.8,1233,6
1466,2018,Travis Kelce,TE,KC,16,294.6,23,TE · 1,18.41,30,TE · 1,29,-,0,0,0,0,0,-,0,0,-,0,-,150,103,1336,12.97,10,83.5,1336,10
1466,2017,Travis Kelce,TE,-,15,233.5,32,TE · 1,15.57,39,TE · 2,-,-,-,-,-,-,-,-,-,-,-,-,-,-,-,-,-,-,-,0,-
1466,2016,Travis Kelce,TE,-,16,223.0,50,TE · 1,13.94,62,TE · 2,-,-,-,-,-,-,-,-,-,-,-,-,-,-,-,-,-,-,-,0,-
11381,2024,Travis Vokolek,TE,ARI,1,0.0,544,TE · 115,0.00,544,TE · 115,26,-,0,0,0,0,0,-,0,0,-,0,-,0,0,0,-,0,-,0,0
11381,2023,Travis Vokolek,TE,ARI,2,0.0,537,TE · 114,0.00,537,TE · 114,25,-,0,0,0,0,0,-,0,0,-,0,-,0,0,0,-,0,-,0,0
6144,2025,Trayveon Williams,RB,2TM,5,17.1,350,RB · 87,3.42,311,RB · 85,-,-,0,0,0,0,0,-,10,36,3.6,0,7.2,9,8,55,6.9,0,11.0,91,0
6144,2024,Trayveon Williams,RB,CIN,8,0.0,544,RB · 141,0.00,544,RB · 141,27,-,0,0,0,0,0,-,0,0,-,0,-,0,0,0,-,0,-,0,0
6144,2023,Trayveon Williams,RB,CIN,17,14.9,405,RB · 101,0.88,474,RB · 128,26,-,0,0,0,0,0,-,15,69,4.6,0,4.1,9,7,10,1.43,0,0.6,79,0
6144,2022,Trayveon Williams,RB,CIN,9,8.0,470,RB · 129,0.89,521,RB · 139,25,-,0,0,0,0,0,-,6,30,5,0,3.3,3,2,30,15,0,3.3,60,0
6144,2021,Trayveon Williams,RB,CIN,4,6.5,481,RB · 133,1.63,478,RB · 135,24,-,0,0,0,0,0,-,15,51,3.4,0,12.8,2,1,4,4,0,1.0,55,0
6144,2020,Trayveon Williams,RB,CIN,10,21.7,377,RB · 99,2.17,395,RB · 107,23,-,0,0,0,0,0,-,26,157,6.04,0,15.7,5,5,30,6,0,3.0,187,0
6144,2019,Trayveon Williams,RB,CIN,11,0.0,496,RB · 136,0.00,495,RB · 136,22,-,0,0,0,0,0,-,0,0,-,0,-,0,0,0,-,0,-,0,0
12509,2025,Tre Harris,WR,LAC,17,69.4,231,WR · 90,4.08,280,WR · 109,-,-,0,0,0,0,0,-,2,10,5,0,0.6,43,30,324,10.8,1,19.1,334,1
10213,2025,Tre Tucker,WR,LV,17,161.7,103,WR · 38,9.51,151,WR · 51,-,-,0,0,0,0,0,-,11,51,4.64,0,3.0,92,57,696,12.2,5,40.9,747,5
10213,2024,Tre Tucker,WR,LV,17,129.3,138,WR · 58,7.61,197,WR · 76,23,-,0,0,0,0,0,-,9,44,4.89,1,2.6,81,47,539,11.47,3,31.7,583,4
10213,2023,Tre Tucker,WR,LV,14,71.8,219,WR · 88,5.13,247,WR · 93,22,-,0,0,0,0,0,-,10,77,7.7,0,5.5,34,19,331,17.42,2,23.6,408,2
7554,2023,Tre' McKitty,TE,LAC,3,0.0,537,TE · 114,0.00,537,TE · 114,24,-,0,0,0,0,0,-,0,0,-,0,-,0,0,0,-,0,-,0,0
7554,2022,Tre' McKitty,TE,LAC,13,17.2,407,TE · 85,1.32,490,TE · 98,23,-,0,0,0,0,0,-,0,0,-,0,-,18,10,72,7.2,0,5.5,72,0
7554,2021,Tre' McKitty,TE,LAC,6,10.5,444,TE · 88,1.75,472,TE · 93,22,-,0,0,0,0,0,-,0,0,-,0,-,8,6,45,7.5,0,7.5,45,0
5026,2023,Tre'Quan Smith,WR,DEN,2,0.0,537,WR · 205,0.00,537,WR · 205,27,-,0,0,0,0,0,-,0,0,-,0,-,0,0,0,-,0,-,0,0
5026,2022,Tre'Quan Smith,WR,NO,10,52.8,267,WR · 112,5.28,269,WR · 102,26,-,0,0,0,0,0,-,0,0,-,0,-,27,19,278,14.63,1,27.8,278,1
5026,2021,Tre'Quan Smith,WR,NO,10,87.7,198,WR · 80,8.77,181,WR · 66,25,-,0,0,0,0,0,-,0,0,-,0,-,50,32,377,11.78,3,37.7,377,3
5026,2020,Tre'Quan Smith,WR,NO,14,103.1,172,WR · 72,7.36,218,WR · 86,24,-,0,0,0,0,0,-,1,3,3,0,0.2,50,34,448,13.18,4,32.0,451,4
5026,2019,Tre'Quan Smith,WR,NO,11,71.4,219,WR · 89,6.49,208,WR · 81,23,-,0,0,0,0,0,-,0,0,-,0,-,25,18,234,13,5,21.3,234,5
5026,2018,Tre'Quan Smith,WR,NO,15,100.7,172,WR · 73,6.71,215,WR · 87,22,-,0,0,0,0,0,-,0,0,-,0,-,44,28,427,15.25,5,28.5,427,5
5154,2024,Trent Sherfield Sr.,WR,MIN,17,22.3,356,WR · 140,1.31,423,WR · 166,28,-,0,0,0,0,0,-,0,0,-,0,-,9,8,83,10.38,1,4.9,83,1
5154,2023,Trent Sherfield Sr.,WR,BUF,15,25.6,355,WR · 149,1.71,411,WR · 162,27,-,0,0,0,0,0,-,0,0,-,0,-,22,11,86,7.82,1,5.7,86,1
5154,2022,Trent Sherfield Sr.,WR,MIA,16,83.7,209,WR · 87,5.23,271,WR · 104,26,-,0,0,0,0,0,-,0,0,-,0,-,51,30,417,13.9,2,26.1,417,2
5154,2021,Trent Sherfield Sr.,WR,SF,12,23.7,370,WR · 150,1.98,459,WR · 181,25,-,0,0,0,0,0,-,0,0,-,0,-,20,9,87,9.67,1,7.3,87,1
5154,2020,Trent Sherfield Sr.,WR,ARI,15,10.0,449,WR · 176,0.67,501,WR · 195,24,-,0,0,0,0,0,-,0,0,-,0,-,7,5,50,10,0,3.3,50,0
5154,2019,Trent Sherfield Sr.,WR,ARI,16,12.0,391,WR · 151,0.75,426,WR · 167,23,-,0,0,0,0,0,-,0,0,-,0,-,13,4,80,20,0,5.0,80,0
5154,2018,Trent Sherfield Sr.,WR,ARI,13,46.0,283,WR · 120,3.54,322,WR · 134,22,-,0,0,0,0,0,-,0,0,-,0,-,28,19,210,11.05,1,16.2,210,1
4218,2024,Trent Taylor,WR,SF,2,2.1,504,WR · 203,1.05,443,WR · 177,30,-,0,0,0,0,0,-,0,0,-,0,-,1,1,11,11,0,5.5,11,0
4218,2023,Trent Taylor,WR,CHI,16,-2.2,636,WR · 244,-0.14,630,WR · 243,29,-,0,0,0,0,0,-,1,-2,-2,0,-0.1,2,0,0,-,0,-,-2,0
4218,2022,Trent Taylor,WR,CIN,16,11.7,432,WR · 164,0.73,535,WR · 205,28,-,0,0,0,0,0,-,4,15,3.75,0,0.9,10,6,62,10.33,0,3.9,77,0
4218,2021,Trent Taylor,WR,CIN,4,6.1,489,WR · 192,1.53,487,WR · 188,27,-,0,0,0,0,0,-,0,0,-,0,-,3,2,41,20.5,0,10.3,41,0
4218,2020,Trent Taylor,WR,SF,12,18.6,391,WR · 158,1.55,436,WR · 171,26,-,0,0,0,0,0,-,0,0,-,0,-,21,10,86,8.6,0,7.2,86,0
4218,2018,Trent Taylor,WR,SF,14,55.5,264,WR · 112,3.96,309,WR · 130,24,-,0,0,0,0,0,-,0,0,-,0,-,41,26,215,8.27,1,15.4,215,1
4218,2017,Trent Taylor,WR,-,15,96.0,172,WR · 68,6.40,217,WR · 79,-,-,-,-,-,-,-,-,-,-,-,-,-,-,-,-,-,-,-,0,-
5123,2022,Trenton Cannon,RB,TEN,2,0.0,571,RB · 160,0.00,571,RB · 160,28,-,0,0,0,0,0,-,0,0,-,0,-,0,0,0,-,0,-,0,0
5123,2021,Trenton Cannon,RB,2TM,10,-1.6,669,RB · 189,-0.16,665,RB · 189,27,-,0,0,0,0,0,-,3,4,1.33,0,0.4,0,0,0,-,0,-,4,0
5123,2020,Trenton Cannon,RB,CAR,14,7.9,466,RB · 132,0.56,517,RB · 141,26,-,0,0,0,0,0,-,10,33,3.3,0,2.4,3,3,16,5.33,0,1.1,49,0
5123,2019,Trenton Cannon,RB,NYJ,4,0.0,496,RB · 136,0.00,495,RB · 136,25,-,0,0,0,0,0,-,0,0,-,0,-,0,0,0,-,0,-,0,0
5123,2018,Trenton Cannon,RB,NYJ,16,48.7,278,RB · 80,3.04,342,RB · 93,24,-,0,0,0,0,0,-,38,113,2.97,1,7.1,25,17,144,8.47,0,9.0,257,1
6598,2024,Trenton Irwin,WR,CIN,7,4.5,473,WR · 190,0.64,488,WR · 195,29,-,0,0,0,0,0,-,0,0,-,0,-,10,3,15,5,0,2.1,15,0
6598,2023,Trenton Irwin,WR,CIN,15,62.6,234,WR · 94,4.17,270,WR · 100,28,-,0,0,0,0,0,-,0,0,-,0,-,32,25,316,12.64,1,21.1,316,1
6598,2022,Trenton Irwin,WR,CIN,9,63.2,240,WR · 101,7.02,220,WR · 82,27,-,0,0,0,0,0,-,1,11,11,0,1.2,23,15,231,15.4,4,25.7,242,4
6598,2021,Trenton Irwin,WR,CIN,5,5.4,499,WR · 197,1.08,511,WR · 199,26,-,0,0,0,0,0,-,0,0,-,0,-,5,2,34,17,0,6.8,34,0
6598,2020,Trenton Irwin,WR,CIN,1,1.5,543,WR · 206,1.50,439,WR · 174,25,-,0,0,0,0,0,-,0,0,-,0,-,2,1,5,5,0,5.0,5,0
6598,2019,Trenton Irwin,WR,CIN,1,0.0,496,WR · 189,0.00,495,WR · 188,24,-,0,0,0,0,0,-,0,0,-,0,-,0,0,0,-,0,-,0,0
8189,2022,Trestan Ebner,RB,CHI,11,6.2,484,RB · 133,0.56,546,RB · 149,23,-,0,0,0,0,0,-,24,54,2.25,0,4.9,8,2,8,4,0,0.7,62,0
12529,2025,TreVeyon Henderson,RB,NE,17,206.2,61,RB · 21,12.13,97,RB · 26,-,-,0,0,0,0,0,-,180,911,5.06,9,53.6,42,35,221,6.3,1,13.0,1132,10
6181,2023,Trevon Wesco,TE,TEN,13,3.1,496,TE · 104,0.24,526,TE · 111,28,-,0,0,0,0,0,-,0,0,-,0,-,3,1,21,21,0,1.6,21,0
6181,2022,Trevon Wesco,TE,CHI,6,6.6,479,TE · 97,1.10,506,TE · 102,27,-,0,0,0,0,0,-,0,0,-,0,-,4,2,26,13,0,4.3,26,0
6181,2021,Trevon Wesco,TE,NYJ,8,6.5,481,TE · 96,0.81,529,TE · 110,26,-,0,0,0,0,0,-,0,0,-,0,-,5,3,35,11.67,0,4.4,35,0
6181,2020,Trevon Wesco,TE,NYJ,12,1.5,543,TE · 114,0.13,555,TE · 116,25,-,0,0,0,0,0,-,1,0,0,0,-,2,1,5,5,0,0.4,5,0
6181,2019,Trevon Wesco,TE,NYJ,16,6.9,418,TE · 91,0.43,456,TE · 100,24,-,0,0,0,0,0,-,1,2,2,0,0.1,3,2,47,23.5,0,2.9,49,0
3319,2018,Trevor Davis,WR,GB,2,0.0,543,WR · 206,0.00,543,WR · 206,25,-,0,0,0,0,0,-,0,0,-,0,-,0,0,0,-,0,-,0,0
3319,2017,Trevor Davis,WR,-,16,13.3,405,WR · 158,0.83,457,WR · 176,-,-,-,-,-,-,-,-,-,-,-,-,-,-,-,-,-,-,-,0,-
3319,2016,Trevor Davis,WR,-,11,9.4,425,WR · 167,0.85,457,WR · 173,-,-,-,-,-,-,-,-,-,-,-,-,-,-,-,-,-,-,-,0,-
12531,2025,Trevor Etienne,RB,CAR,14,11.7,367,RB · 91,0.84,390,RB · 103,-,-,0,0,0,0,0,-,20,94,4.7,0,6.7,3,3,13,4.3,0,0.9,107,0
7523,2025,Trevor Lawrence,QB,JAX,17,350.2,10,QB · 4,20.60,13,QB · 6,-,60.9%,341,560,4007,29,12,235.7,82,359,4.38,9,21.1,0,0,0,0,0,-,4366,9
7523,2024,Trevor Lawrence,QB,JAX,10,152.2,112,QB · 27,15.22,63,QB · 26,25,60.6%,172,284,2045,11,7,204.5,26,119,4.58,3,11.9,0,0,-5,-,0,-0.5,2159,3
7523,2023,Trevor Lawrence,QB,JAX,16,276.5,24,QB · 13,17.28,29,QB · 17,24,65.6%,370,564,4016,21,14,251.0,70,339,4.84,4,21.2,0,0,0,-,0,-,4355,4
7523,2022,Trevor Lawrence,QB,JAX,17,303.6,16,QB · 8,17.86,25,QB · 14,23,66.3%,387,584,4113,25,8,241.9,62,291,4.69,5,17.1,0,0,0,-,0,-,4404,5
7523,2021,Trevor Lawrence,QB,JAX,17,216.0,60,QB · 22,12.71,95,QB · 36,22,59.6%,359,602,3641,12,17,214.2,73,334,4.58,2,19.6,0,0,0,-,0,-,3975,2
2549,2024,Trevor Siemian,QB,-,1,0.0,544,QB · 76,0.00,544,QB · 76,-,-,-,-,-,-,-,-,-,-,-,-,-,-,-,-,-,-,-,0,-
2549,2023,Trevor Siemian,QB,NYJ,5,31.0,334,QB · 49,6.20,216,QB · 55,32,56.2%,86,153,724,2,4,144.8,11,40,3.64,0,8.0,0,0,0,-,0,-,764,0
2549,2022,Trevor Siemian,QB,CHI,2,11.2,438,QB · 67,5.60,260,QB · 58,31,57.7%,15,26,184,1,1,92.0,4,8,2,0,4.0,0,0,0,-,0,-,192,0
2549,2021,Trevor Siemian,QB,NO,6,93.2,189,QB · 33,15.53,48,QB · 21,30,57.4%,108,188,1154,11,3,192.3,9,20,2.22,1,3.3,0,0,0,-,0,-,1174,1
2549,2019,Trevor Siemian,QB,NYJ,1,0.1,494,QB · 61,0.10,489,QB · 61,28,50.0%,3,6,3,0,0,3.0,0,0,-,0,-,0,0,0,-,0,-,3,0
2549,2017,Trevor Siemian,QB,-,11,126.2,136,QB · 30,11.47,91,QB · 34,-,-,-,-,-,-,-,-,-,-,-,-,-,-,-,-,-,-,-,0,-
2549,2016,Trevor Siemian,QB,-,14,191.6,77,QB · 26,13.69,65,QB · 26,-,-,-,-,-,-,-,-,-,-,-,-,-,-,-,-,-,-,-,0,-
11589,2025,Trey Benson,RB,ARI,4,35.4,303,RB · 73,8.85,161,RB · 42,-,-,0,0,0,0,0,-,29,160,5.52,0,40.0,16,13,64,4.9,0,16.0,224,0
11589,2024,Trey Benson,RB,ARI,13,47.0,278,RB · 70,3.62,297,RB · 75,22,-,0,0,0,0,0,-,63,291,4.62,1,22.4,6,6,59,9.83,0,4.5,350,1
1793,2020,Trey Burton,TE,IND,13,83.3,213,TE · 28,6.41,241,TE · 30,29,-,0,0,0,0,0,-,2,3,1.5,2,0.2,47,28,250,8.93,3,19.2,253,5
1793,2019,Trey Burton,TE,CHI,9,22.4,342,TE · 67,2.49,335,TE · 60,28,-,0,0,0,0,0,-,0,0,-,0,-,24,14,84,6,0,9.3,84,0
1793,2018,Trey Burton,TE,CHI,16,147.1,112,TE · 8,9.19,157,TE · 15,27,-,0,0,0,0,0,-,1,2,2,0,0.1,76,54,569,10.54,6,35.6,571,6
1793,2017,Trey Burton,TE,-,15,79.8,199,TE · 26,5.32,259,TE · 33,-,-,-,-,-,-,-,-,-,-,-,-,-,-,-,-,-,-,-,0,-
1793,2016,Trey Burton,TE,-,16,75.7,217,TE · 34,4.73,272,TE · 40,-,-,-,-,-,-,-,-,-,-,-,-,-,-,-,-,-,-,-,0,-
4696,2021,Trey Edmunds,RB,PIT,1,0.0,582,RB · 165,0.00,582,RB · 165,27,-,0,0,0,0,0,-,0,0,-,0,-,0,0,0,-,0,-,0,0
4696,2020,Trey Edmunds,RB,PIT,4,0.0,560,RB · 158,0.00,560,RB · 158,26,-,0,0,0,0,0,-,0,0,-,0,-,0,0,0,-,0,-,0,0
4696,2019,Trey Edmunds,RB,PIT,12,20.0,351,RB · 95,1.67,376,RB · 97,25,-,0,0,0,0,0,-,22,92,4.18,0,7.7,7,6,48,8,0,4.0,140,0
4696,2018,Trey Edmunds,RB,PIT,4,0.0,543,RB · 155,0.00,543,RB · 155,24,-,0,0,0,0,0,-,0,0,-,0,-,0,0,0,-,0,-,0,0
4696,2017,Trey Edmunds,RB,-,16,10.8,420,RB · 121,0.68,465,RB · 130,-,-,-,-,-,-,-,-,-,-,-,-,-,-,-,-,-,-,-,0,-
7610,2025,Trey Lance,QB,LAC,4,14.5,359,QB · 52,3.64,302,QB · 52,-,47.4%,27,57,226,0,1,56.5,17,85,5,0,21.3,0,0,0,0,0,-,311,0
7610,2024,Trey Lance,QB,DAL,4,13.7,404,QB · 59,3.43,304,QB · 58,24,61.0%,25,41,266,0,1,66.5,11,41,3.73,0,10.3,0,0,0,-,0,-,307,0
7610,2022,Trey Lance,QB,SF,3,13.5,420,QB · 63,4.50,301,QB · 61,22,48.4%,15,31,194,0,1,64.7,16,67,4.19,0,22.3,0,0,0,-,0,-,261,0
7610,2021,Trey Lance,QB,SF,6,66.9,248,QB · 39,11.15,127,QB · 45,21,57.7%,41,71,603,5,2,100.5,38,168,4.42,1,28.0,0,0,0,-,0,-,771,1
8130,2025,Trey McBride,TE,ARI,17,315.9,15,TE · 1,18.58,23,TE · 1,-,-,0,0,0,0,0,-,0,0,0,0,-,169,126,1239,9.8,11,72.9,1239,11
8130,2024,Trey McBride,TE,ARI,16,249.8,39,TE · 2,15.61,55,TE · 2,25,-,0,0,0,0,0,-,1,2,2,1,0.1,147,111,1146,10.32,2,71.6,1148,4
8130,2023,Trey McBride,TE,ARI,17,181.5,91,TE · 7,10.68,129,TE · 8,24,-,0,0,0,0,0,-,0,0,-,0,-,106,81,825,10.19,3,48.5,825,3
8130,2022,Trey McBride,TE,ARI,12,61.5,245,TE · 40,5.13,280,TE · 40,23,-,0,0,0,0,0,-,0,0,-,0,-,39,29,265,9.14,1,22.1,265,1
9492,2025,Trey Palmer,WR,NO,0,0.0,415,WR · 168,-,-,-,-,-,0,0,0,0,0,-,0,0,0,0,-,0,0,0,0,0,-,0,0
9492,2024,Trey Palmer,WR,TB,15,35.2,304,WR · 125,2.35,353,WR · 139,23,-,0,0,0,0,0,-,0,0,-,0,-,22,12,172,14.33,1,11.5,172,1
9492,2023,Trey Palmer,WR,TB,17,95.7,181,WR · 72,5.63,231,WR · 86,22,-,0,0,0,0,0,-,3,22,7.33,0,1.3,68,39,385,9.87,3,22.6,407,3
5139,2020,Trey Quinn,WR,JAX,1,0.0,560,WR · 208,0.00,560,WR · 208,25,-,0,0,0,0,0,-,0,0,-,0,-,0,0,0,-,0,-,0,0
5139,2019,Trey Quinn,WR,WAS,12,51.8,251,WR · 101,4.32,270,WR · 107,24,-,0,0,0,0,0,-,0,0,-,0,-,47,26,198,7.62,1,16.5,198,1
5139,2018,Trey Quinn,WR,WAS,3,22.5,363,WR · 152,7.50,194,WR · 78,23,-,0,0,0,0,0,-,1,0,0,0,-,10,9,75,8.33,1,25.0,75,1
7993,2021,Trey Ragas,RB,LV,1,3.5,527,RB · 149,3.50,376,RB · 107,25,-,0,0,0,0,0,-,1,9,9,0,9.0,2,2,6,3,0,6.0,15,0
7593,2025,Trey Sermon,RB,PIT,1,0.0,415,RB · 113,0.00,410,RB · 111,-,-,0,0,0,0,0,-,0,0,0,0,-,0,0,0,0,0,-,0,0
7593,2024,Trey Sermon,RB,IND,17,53.8,265,RB · 67,3.16,316,RB · 83,25,-,0,0,0,0,0,-,56,159,2.84,2,9.4,19,16,99,6.19,0,5.8,258,2
7593,2023,Trey Sermon,RB,IND,12,20.3,382,RB · 90,1.69,414,RB · 109,24,-,0,0,0,0,0,-,35,160,4.57,0,13.3,6,3,13,4.33,0,1.1,173,0
7593,2022,Trey Sermon,RB,PHI,1,1.9,537,RB · 149,1.90,457,RB · 124,23,-,0,0,0,0,0,-,2,19,9.5,0,19.0,0,0,0,-,0,-,19,0
7593,2021,Trey Sermon,RB,SF,6,28.3,356,RB · 99,4.72,307,RB · 90,22,-,0,0,0,0,0,-,41,167,4.07,1,27.8,4,3,26,8.67,0,4.3,193,1
8135,2025,Treylon Burks,WR,WAS,8,29.0,319,WR · 130,3.63,303,WR · 116,-,-,0,0,0,0,0,-,0,0,0,0,-,22,10,130,13,1,16.3,130,1
8135,2024,Treylon Burks,WR,TEN,5,7.5,446,WR · 174,1.50,408,WR · 159,24,-,0,0,0,0,0,-,2,1,0.5,0,0.2,8,4,34,8.5,0,6.8,35,0
8135,2023,Treylon Burks,WR,TEN,11,39.9,296,WR · 123,3.63,297,WR · 115,23,-,0,0,0,0,0,-,5,18,3.6,0,1.6,30,16,221,13.81,0,20.1,239,0
8135,2022,Treylon Burks,WR,TEN,11,88.1,195,WR · 81,8.01,192,WR · 68,22,-,0,0,0,0,0,-,4,47,11.75,0,4.3,54,33,444,13.45,1,40.4,491,2
6395,2022,Trinity Benson,WR,DET,1,0.0,571,WR · 218,0.00,571,WR · 218,25,-,0,0,0,0,0,-,0,0,-,0,-,0,0,0,-,0,-,0,0
6395,2021,Trinity Benson,WR,DET,7,20.3,384,WR · 153,2.90,402,WR · 156,24,-,0,0,0,0,0,-,0,0,-,0,-,22,10,103,10.3,0,14.7,103,0
7009,2024,Trishton Jackson,WR,MIN,2,0.0,544,WR · 215,0.00,544,WR · 215,26,-,0,0,0,0,0,-,0,0,-,0,-,0,0,0,-,0,-,0,0
7009,2023,Trishton Jackson,WR,MIN,5,4.9,477,WR · 189,0.98,463,WR · 186,25,-,0,0,0,0,0,-,0,0,-,0,-,4,2,9,4.5,0,1.8,9,0
11627,2025,Troy Franklin,WR,DEN,17,177.1,90,WR · 31,10.42,137,WR · 44,-,-,0,0,0,0,0,-,5,12,2.4,0,0.7,104,65,709,10.9,6,41.7,721,6
11627,2024,Troy Franklin,WR,DEN,16,67.1,233,WR · 98,4.19,275,WR · 112,21,-,0,0,0,0,0,-,2,8,4,0,0.5,53,28,263,9.39,2,16.4,271,2
5092,2020,Troy Fumagalli,TE,DEN,8,22.0,374,TE · 74,2.75,364,TE · 59,25,-,0,0,0,0,0,-,0,0,-,0,-,15,8,80,10,1,10.0,80,1
5092,2019,Troy Fumagalli,TE,DEN,11,15.8,370,TE · 79,1.44,387,TE · 80,24,-,0,0,0,0,0,-,0,0,-,0,-,9,6,38,6.33,1,3.5,38,1
8820,2024,Troy Hairston II,RB,HOU,2,0.0,544,RB · 141,0.00,544,RB · 141,26,-,0,0,0,0,0,-,0,0,-,0,-,0,0,0,-,0,-,0,0
3934,2020,Troymaine Pope,RB,LAC,6,19.8,387,RB · 106,3.30,342,RB · 95,27,-,0,0,0,0,0,-,15,76,5.07,0,12.7,10,8,42,5.25,0,7.0,118,0
3934,2019,Troymaine Pope,RB,LAC,14,9.4,401,RB · 108,0.67,433,RB · 112,26,-,0,0,0,0,0,-,10,20,2,0,1.4,3,2,14,7,1,1.0,34,1
3934,2016,Troymaine Pope,RB,-,4,5.9,462,RB · 135,1.48,416,RB · 122,-,-,-,-,-,-,-,-,-,-,-,-,-,-,-,-,-,-,-,0,-
6768,2025,Tua Tagovailoa,QB,MIA,14,175.7,93,QB · 25,12.55,85,QB · 34,-,67.7%,260,384,2660,20,15,190.0,20,43,2.15,0,3.1,0,0,0,0,0,-,2703,0
6768,2024,Tua Tagovailoa,QB,MIA,11,188.6,84,QB · 22,17.15,35,QB · 15,26,72.9%,291,399,2867,19,7,260.6,17,49,2.88,0,4.5,0,0,0,-,0,-,2916,0
6768,2023,Tua Tagovailoa,QB,MIA,17,284.4,17,QB · 9,16.73,36,QB · 20,25,69.3%,388,560,4624,29,14,272.0,35,74,2.11,0,4.4,0,0,0,-,0,-,4698,0
6768,2022,Tua Tagovailoa,QB,MIA,13,238.9,38,QB · 15,18.38,22,QB · 11,24,64.8%,259,400,3548,25,8,272.9,23,70,3.04,0,5.4,0,0,0,-,0,-,3618,0
6768,2021,Tua Tagovailoa,QB,MIA,13,190.9,80,QB · 26,14.68,63,QB · 24,23,67.8%,263,388,2653,16,10,204.1,42,128,3.05,3,9.8,0,0,0,-,0,-,2781,3
6768,2020,Tua Tagovailoa,QB,MIA,10,140.5,132,QB · 31,14.05,81,QB · 30,22,64.1%,186,290,1814,11,5,181.4,36,109,3.03,3,10.9,0,0,0,-,0,-,1923,3
8885,2024,Tucker Fisk,TE,LAC,9,10.9,423,TE · 88,1.21,429,TE · 78,25,-,0,0,0,0,0,-,0,0,-,0,-,8,7,39,5.57,0,4.3,39,0
8885,2023,Tucker Fisk,TE,ATL,6,1.9,516,TE · 107,0.32,518,TE · 106,24,-,0,0,0,0,0,-,0,0,-,0,-,1,1,9,9,0,1.5,9,0
9484,2025,Tucker Kraft,TE,GB,8,117.2,153,TE · 24,14.65,58,TE · 4,-,-,0,0,0,0,0,-,1,3,3,0,0.4,44,32,489,15.3,6,61.1,492,6
9484,2024,Tucker Kraft,TE,GB,17,163.3,105,TE · 10,9.61,151,TE · 15,24,-,0,0,0,0,0,-,3,6,2,0,0.4,70,50,707,14.14,7,41.6,713,7
9484,2023,Tucker Kraft,TE,GB,14,78.5,204,TE · 29,5.61,233,TE · 32,23,-,0,0,0,0,0,-,0,0,-,0,-,40,31,355,11.45,2,25.4,355,2
7562,2025,Tutu Atwell,WR,LAR,10,31.2,315,WR · 126,3.12,325,WR · 130,-,-,0,0,0,0,0,-,0,0,0,0,-,15,6,192,32,1,19.2,192,1
7562,2024,Tutu Atwell,WR,LAR,17,98.9,190,WR · 79,5.82,236,WR · 93,25,0.0%,0,1,0,0,0,-,2,7,3.5,0,0.4,62,42,562,13.38,0,33.1,569,0
7562,2023,Tutu Atwell,WR,LAR,16,112.4,158,WR · 62,7.03,200,WR · 74,24,-,0,0,0,0,0,-,5,31,6.2,0,1.9,67,39,483,12.38,3,30.2,514,3
7562,2022,Tutu Atwell,WR,LAR,12,63.2,240,WR · 101,5.27,270,WR · 103,23,-,0,0,0,0,0,-,9,34,3.78,1,2.8,35,18,298,16.56,1,24.8,332,2
7562,2021,Tutu Atwell,WR,LAR,6,0.0,582,WR · 225,0.00,582,WR · 225,22,-,0,0,0,0,0,-,0,0,-,0,-,0,0,0,-,0,-,0,0
8230,2025,Ty Chandler,RB,MIN,2,8.8,378,RB · 98,4.40,270,RB · 74,-,-,0,0,0,0,0,-,17,47,2.76,0,23.5,4,3,11,3.7,0,5.5,58,0
8230,2024,Ty Chandler,RB,MIN,15,28.4,335,RB · 91,1.89,379,RB · 104,26,-,0,0,0,0,0,-,56,182,3.25,0,12.1,6,6,42,7,0,2.8,224,0
8230,2023,Ty Chandler,RB,MIN,16,101.0,174,RB · 48,6.31,214,RB · 54,25,-,0,0,0,0,0,-,102,461,4.52,3,28.8,25,21,159,7.57,0,9.9,620,3
8230,2022,Ty Chandler,RB,MIN,2,2.0,535,RB · 147,1.00,512,RB · 138,24,-,0,0,0,0,0,-,6,20,3.33,0,10.0,0,0,0,-,0,-,20,0
6039,2025,Ty Johnson,RB,BUF,17,100.3,173,RB · 47,5.90,227,RB · 62,-,-,0,0,0,0,0,-,50,200,4,3,11.8,33,24,263,11,2,15.5,463,5
6039,2024,Ty Johnson,RB,BUF,17,91.7,202,RB · 50,5.39,247,RB · 61,27,-,0,0,0,0,0,-,41,213,5.2,1,12.5,25,18,284,15.78,3,16.7,497,4
6039,2023,Ty Johnson,RB,BUF,9,32.4,328,RB · 81,3.60,300,RB · 79,26,-,0,0,0,0,0,-,30,132,4.4,0,14.7,7,7,62,8.86,1,6.9,194,1
6039,2022,Ty Johnson,RB,NYJ,12,42.8,294,RB · 81,3.57,345,RB · 93,25,-,0,0,0,0,0,-,30,160,5.33,1,13.3,24,12,88,7.33,0,7.3,248,1
6039,2021,Ty Johnson,RB,NYJ,15,117.0,159,RB · 45,7.80,210,RB · 57,24,-,0,0,0,0,0,-,61,238,3.9,2,15.9,55,34,372,10.94,2,24.8,610,4
6039,2020,Ty Johnson,RB,2TM,13,63.3,250,RB · 68,4.87,279,RB · 75,23,-,0,0,0,0,0,-,54,254,4.7,1,19.5,21,16,99,6.19,1,7.6,353,2
6039,2019,Ty Johnson,RB,DET,16,60.2,238,RB · 64,3.76,297,RB · 80,22,-,0,0,0,0,0,-,63,273,4.33,0,17.1,31,24,109,4.54,0,6.8,382,0
2399,2023,Ty Montgomery II,RB,NE,12,9.9,442,RB · 115,0.83,480,RB · 129,30,-,0,0,0,0,0,-,3,9,3,0,0.8,12,5,40,8,0,3.3,49,0
2399,2022,Ty Montgomery II,RB,NE,1,10.3,445,RB · 119,10.30,136,RB · 34,29,-,0,0,0,0,0,-,2,-2,-1,0,-2.0,4,3,15,5,1,15.0,13,1
2399,2021,Ty Montgomery II,RB,NO,14,29.9,351,RB · 97,2.14,448,RB · 126,28,-,0,0,0,0,0,-,15,44,2.93,0,3.1,26,16,95,5.94,0,6.8,139,0
2399,2020,Ty Montgomery II,RB,NO,6,15.8,410,RB · 117,2.63,369,RB · 102,27,-,0,0,0,0,0,-,19,101,5.32,0,16.8,6,3,27,9,0,4.5,128,0
2399,2019,Ty Montgomery II,RB,NYJ,16,32.3,311,RB · 84,2.02,365,RB · 92,26,-,0,0,0,0,0,-,32,103,3.22,0,6.4,17,13,90,6.92,0,5.6,193,0
2399,2018,Ty Montgomery II,RB,2TM,13,71.3,224,RB · 66,5.48,255,RB · 75,25,-,0,0,0,0,0,-,41,188,4.59,1,14.5,40,25,235,9.4,0,18.1,423,1
2399,2017,Ty Montgomery II,RB,-,8,91.6,179,RB · 52,11.45,92,RB · 22,-,-,-,-,-,-,-,-,-,-,-,-,-,-,-,-,-,-,-,0,-
2399,2016,Ty Montgomery II,RB,-,15,140.5,130,RB · 33,9.37,161,RB · 42,-,-,-,-,-,-,-,-,-,-,-,-,-,-,-,-,-,-,-,0,-
2399,2018,Ty Montgomery II,WR,2TM,13,0.0,543,WR · 206,0.00,543,WR · 206,25,-,0,0,0,0,0,-,41,188,4.59,1,14.5,40,25,235,9.4,0,18.1,423,1
2399,2017,Ty Montgomery II,WR,-,8,0.0,529,WR · 200,0.00,529,WR · 200,-,-,-,-,-,-,-,-,-,-,-,-,-,-,-,-,-,-,-,0,-
2399,2016,Ty Montgomery II,WR,-,15,0.0,540,WR · 193,0.00,540,WR · 193,-,-,-,-,-,-,-,-,-,-,-,-,-,-,-,-,-,-,-,0,-
7098,2022,Ty'Son Williams,RB,ARI,1,1.5,550,RB · 153,1.50,481,RB · 132,26,-,0,0,0,0,0,-,0,0,-,0,-,1,1,5,5,0,5.0,5,0
7098,2021,Ty'Son Williams,RB,BAL,8,41.9,312,RB · 87,5.24,288,RB · 81,25,-,0,0,0,0,0,-,35,185,5.29,1,23.1,12,9,84,9.33,0,10.5,269,1
9508,2025,Tyjae Spears,RB,TEN,13,111.7,162,RB · 44,8.59,169,RB · 44,-,-,0,0,0,0,0,-,72,283,3.93,2,21.8,50,45,264,5.9,0,20.3,547,2
9508,2024,Tyjae Spears,RB,TEN,12,113.6,164,RB · 42,9.47,156,RB · 37,23,-,0,0,0,0,0,-,84,312,3.71,4,26.0,35,30,224,7.47,1,18.7,536,5
9508,2023,Tyjae Spears,RB,TEN,17,153.8,111,RB · 34,9.05,160,RB · 42,22,-,0,0,0,0,0,-,100,453,4.53,2,26.6,70,52,385,7.4,1,22.6,838,3
7595,2025,Tylan Wallace,WR,BAL,14,14.5,360,WR · 151,1.04,381,WR · 157,-,-,0,0,0,0,0,-,0,0,0,0,-,8,4,45,11.3,1,3.2,45,1
7595,2024,Tylan Wallace,WR,BAL,17,36.3,299,WR · 123,2.14,365,WR · 144,25,-,0,0,0,0,0,-,0,0,-,0,-,12,11,193,17.55,1,11.4,193,1
7595,2023,Tylan Wallace,WR,BAL,8,8.1,453,WR · 180,1.01,461,WR · 185,24,-,0,0,0,0,0,-,0,0,-,0,-,2,1,11,11,0,1.4,11,1
7595,2022,Tylan Wallace,WR,BAL,6,7.3,476,WR · 179,1.22,499,WR · 188,23,-,0,0,0,0,0,-,0,0,-,0,-,7,4,33,8.25,0,5.5,33,0
7595,2021,Tylan Wallace,WR,BAL,10,4.3,515,WR · 204,0.43,558,WR · 217,22,-,0,0,0,0,0,-,0,0,-,0,-,6,2,23,11.5,0,2.3,23,0
8132,2025,Tyler Allgeier,RB,ATL,17,123.0,144,RB · 39,7.24,194,RB · 51,-,-,0,0,0,0,0,-,143,514,3.59,8,30.2,16,14,96,6.9,0,5.6,610,8
8132,2024,Tyler Allgeier,RB,ATL,17,106.2,176,RB · 43,6.25,224,RB · 51,24,-,0,0,0,0,0,-,137,644,4.7,3,37.9,13,13,88,6.77,0,5.2,732,3
8132,2023,Tyler Allgeier,RB,ATL,17,137.6,125,RB · 36,8.09,174,RB · 44,23,-,0,0,0,0,0,-,186,683,3.67,4,40.2,23,18,193,10.72,1,11.4,876,5
8132,2022,Tyler Allgeier,RB,ATL,16,159.4,103,RB · 29,9.96,141,RB · 36,22,-,0,0,0,0,0,-,210,1035,4.93,3,64.7,17,16,139,8.69,1,8.7,1174,4
8208,2025,Tyler Badie,RB,DEN,16,35.4,303,RB · 73,2.21,345,RB · 90,-,-,0,0,0,0,0,-,8,23,2.88,0,1.4,31,19,141,7.4,0,8.8,164,0
8208,2024,Tyler Badie,RB,DEN,3,9.4,434,RB · 111,3.13,319,RB · 84,24,-,0,0,0,0,0,-,11,86,7.82,0,28.7,3,3,-2,-0.67,0,-0.7,84,0
8208,2022,Tyler Badie,RB,DEN,1,9.4,455,RB · 124,9.40,157,RB · 41,22,-,0,0,0,0,0,-,1,0,0,0,-,1,1,24,24,1,24.0,24,1
3225,2024,Tyler Boyd,WR,TEN,16,78.3,221,WR · 93,4.89,259,WR · 104,30,0.0%,0,1,0,0,0,-,1,3,3,0,0.2,57,39,390,10,0,24.4,393,0
3225,2023,Tyler Boyd,WR,CIN,17,145.8,121,WR · 49,8.58,171,WR · 64,29,0.0%,0,1,0,0,1,-,2,11,5.5,0,0.6,98,67,667,9.96,2,39.2,678,2
3225,2022,Tyler Boyd,WR,CIN,17,175.5,86,WR · 34,10.32,135,WR · 50,28,100.0%,1,1,23,0,0,1.4,0,0,-,0,-,82,58,762,13.14,5,44.8,785,5
3225,2021,Tyler Boyd,WR,CIN,16,183.8,84,WR · 31,11.49,123,WR · 41,27,100.0%,1,1,46,0,0,2.9,2,22,11,0,1.4,94,67,828,12.36,5,51.8,896,5
3225,2020,Tyler Boyd,WR,CIN,15,192.6,69,WR · 29,12.84,99,WR · 37,26,50.0%,1,2,16,0,0,1.1,5,49,9.8,0,3.3,110,79,841,10.65,4,56.1,906,4
3225,2019,Tyler Boyd,WR,CIN,16,222.9,56,WR · 18,13.93,80,WR · 27,25,-,0,0,0,0,0,-,4,23,5.75,0,1.4,148,90,1046,11.62,5,65.4,1069,5
3225,2018,Tyler Boyd,WR,CIN,14,221.1,51,WR · 17,15.79,55,WR · 19,24,0.0%,0,1,0,0,0,-,2,3,1.5,0,0.2,108,76,1028,13.53,7,73.4,1031,7
3225,2017,Tyler Boyd,WR,-,10,56.5,255,WR · 103,5.65,245,WR · 91,-,-,-,-,-,-,-,-,-,-,-,-,-,-,-,-,-,-,-,0,-
3225,2016,Tyler Boyd,WR,-,16,124.1,151,WR · 63,7.76,205,WR · 79,-,-,-,-,-,-,-,-,-,-,-,-,-,-,-,-,-,-,-,0,-
1612,2020,Tyler Bray,QB,CHI,1,0.7,555,QB · 77,0.70,496,QB · 74,29,20.0%,1,5,18,0,0,18.0,0,0,-,0,-,0,0,0,-,0,-,18,0
1612,2018,Tyler Bray,QB,-,1,0.0,543,QB · 67,0.00,543,QB · 67,-,-,-,-,-,-,-,-,-,-,-,-,-,-,-,-,-,-,-,0,-
1612,2017,Tyler Bray,QB,-,1,-2.0,629,QB · 75,-2.00,629,QB · 75,-,-,-,-,-,-,-,-,-,-,-,-,-,-,-,-,-,-,-,0,-
5133,2025,Tyler Conklin,TE,LAC,10,17.3,349,TE · 68,1.73,357,TE · 66,-,-,0,0,0,0,0,-,1,2,2,0,0.2,10,7,101,14.4,0,10.1,103,0
5133,2024,Tyler Conklin,TE,NYJ,16,121.9,152,TE · 18,7.62,195,TE · 23,29,-,0,0,0,0,0,-,1,0,0,0,-,72,51,449,8.8,4,28.1,449,4
5133,2023,Tyler Conklin,TE,NYJ,17,123.1,142,TE · 18,7.24,195,TE · 23,28,-,0,0,0,0,0,-,1,0,0,0,-,87,61,621,10.18,0,36.5,621,0
5133,2022,Tyler Conklin,TE,NYJ,17,131.5,131,TE · 16,7.74,202,TE · 22,27,-,0,0,0,0,0,-,2,3,1.5,0,0.2,87,58,552,9.52,3,32.5,555,3
5133,2021,Tyler Conklin,TE,MIN,17,138.3,129,TE · 16,8.14,198,TE · 21,26,-,0,0,0,0,0,-,0,0,-,0,-,87,61,593,9.72,3,34.9,593,3
5133,2020,Tyler Conklin,TE,MIN,16,44.4,294,TE · 51,2.78,363,TE · 58,25,-,0,0,0,0,0,-,0,0,-,0,-,26,19,194,10.21,1,12.1,194,1
5133,2019,Tyler Conklin,TE,MIN,16,13.8,382,TE · 82,0.86,417,TE · 89,24,-,0,0,0,0,0,-,0,0,-,0,-,10,8,58,7.25,0,3.6,58,0
5133,2018,Tyler Conklin,TE,MIN,16,12.7,407,TE · 87,0.79,472,TE · 99,23,-,0,0,0,0,0,-,0,0,-,0,-,7,5,77,15.4,0,4.8,77,0
7131,2022,Tyler Davis,TE,GB,11,6.6,479,TE · 97,0.60,543,TE · 111,25,-,0,0,0,0,0,-,0,0,-,0,-,7,4,26,6.5,0,2.4,26,0
7131,2021,Tyler Davis,TE,GB,8,7.5,477,TE · 95,0.94,521,TE · 107,24,-,0,0,0,0,0,-,0,0,-,0,-,5,4,35,8.75,0,4.4,35,0
7131,2020,Tyler Davis,TE,JAX,8,0.0,560,TE · 118,0.00,560,TE · 118,23,-,0,0,0,0,0,-,0,0,-,0,-,2,0,0,-,0,-,0,0
1388,2020,Tyler Eifert,TE,JAX,15,82.9,214,TE · 29,5.53,258,TE · 34,30,-,0,0,0,0,0,-,0,0,-,0,-,60,36,349,9.69,2,23.3,349,2
1388,2019,Tyler Eifert,TE,CIN,16,106.6,159,TE · 19,6.66,205,TE · 28,29,-,0,0,0,0,0,-,0,0,-,0,-,63,43,436,10.14,3,27.3,436,3
1388,2018,Tyler Eifert,TE,CIN,4,38.9,310,TE · 54,9.73,146,TE · 11,28,-,0,0,0,0,0,-,0,0,-,0,-,19,15,179,11.93,1,44.8,179,1
1388,2017,Tyler Eifert,TE,-,2,8.6,435,TE · 90,4.30,290,TE · 43,-,-,-,-,-,-,-,-,-,-,-,-,-,-,-,-,-,-,-,0,-
1388,2016,Tyler Eifert,TE,-,8,98.4,181,TE · 25,12.30,97,TE · 7,-,-,-,-,-,-,-,-,-,-,-,-,-,-,-,-,-,-,-,0,-
3280,2020,Tyler Ervin,RB,GB,8,26.1,354,RB · 94,3.26,343,RB · 96,27,-,0,0,0,0,0,-,13,67,5.15,0,8.4,15,11,84,7.64,0,10.5,151,0
3280,2019,Tyler Ervin,RB,2TM,10,4.1,448,RB · 119,0.41,459,RB · 121,26,-,0,0,0,0,0,-,1,10,10,0,1.0,4,2,11,5.5,0,1.1,21,0
3280,2018,Tyler Ervin,RB,HOU,9,6.5,461,RB · 125,0.72,479,RB · 129,25,-,0,0,0,0,0,-,0,0,-,0,-,3,3,35,11.67,0,3.9,35,0
3280,2017,Tyler Ervin,RB,-,4,13.0,406,RB · 114,3.25,318,RB · 96,-,-,-,-,-,-,-,-,-,-,-,-,-,-,-,-,-,-,-,0,-
3280,2016,Tyler Ervin,RB,-,12,1.1,527,RB · 161,0.09,536,RB · 166,-,-,-,-,-,-,-,-,-,-,-,-,-,-,-,-,-,-,-,0,-
8207,2025,Tyler Goodson,RB,IND,9,5.2,388,RB · 103,0.58,396,RB · 105,-,-,0,0,0,0,0,-,9,24,2.67,0,2.7,3,2,8,4,0,0.9,32,0
8207,2024,Tyler Goodson,RB,IND,16,44.4,284,RB · 72,2.78,330,RB · 90,24,-,0,0,0,0,0,-,32,153,4.78,1,9.6,15,11,61,5.55,1,3.8,214,2
8207,2023,Tyler Goodson,RB,IND,6,18.1,392,RB · 95,3.02,326,RB · 82,23,-,0,0,0,0,0,-,13,87,6.69,0,14.5,9,6,34,5.67,0,5.7,121,0
3271,2025,Tyler Higbee,TE,LAR,10,71.1,226,TE · 40,7.11,198,TE · 29,-,-,0,0,0,0,0,-,0,0,0,0,-,36,25,281,11.2,3,28.1,281,3
3271,2024,Tyler Higbee,TE,LAR,3,26.6,343,TE · 65,8.87,168,TE · 17,31,-,0,0,0,0,0,-,0,0,-,0,-,12,8,66,8.25,2,22.0,66,2
3271,2023,Tyler Higbee,TE,LAR,15,108.5,162,TE · 24,7.23,196,TE · 24,30,-,0,0,0,0,0,-,0,0,-,0,-,70,47,495,10.53,2,33.0,495,2
3271,2022,Tyler Higbee,TE,LAR,16,152.0,112,TE · 6,9.50,154,TE · 11,29,-,0,0,0,0,0,-,0,0,-,0,-,108,72,620,8.61,3,38.8,620,3
3271,2021,Tyler Higbee,TE,LAR,15,147.0,120,TE · 14,9.80,158,TE · 16,28,-,0,0,0,0,0,-,0,0,-,0,-,85,61,560,9.18,5,37.3,560,5
3271,2020,Tyler Higbee,TE,LAR,15,128.2,146,TE · 18,8.55,189,TE · 23,27,-,0,0,0,0,0,-,1,1,1,0,0.1,60,44,521,11.84,5,34.7,522,5
3271,2019,Tyler Higbee,TE,LAR,15,160.4,104,TE · 8,10.69,125,TE · 11,26,-,0,0,0,0,0,-,0,0,-,0,-,89,69,734,10.64,3,48.9,734,3
3271,2018,Tyler Higbee,TE,LAR,16,65.2,239,TE · 33,4.08,306,TE · 45,25,-,0,0,0,0,0,-,0,0,-,0,-,34,24,292,12.17,2,18.3,292,2
3271,2017,Tyler Higbee,TE,-,16,60.5,239,TE · 35,3.78,303,TE · 46,-,-,-,-,-,-,-,-,-,-,-,-,-,-,-,-,-,-,-,0,-
3271,2016,Tyler Higbee,TE,-,16,25.5,347,TE · 65,1.59,411,TE · 77,-,-,-,-,-,-,-,-,-,-,-,-,-,-,-,-,-,-,-,0,-
7083,2025,Tyler Huntley,QB,BAL,5,40.1,291,QB · 47,8.03,180,QB · 47,-,77.6%,52,67,426,2,0,85.2,24,151,6.29,0,30.2,0,0,0,0,0,-,577,0
7083,2024,Tyler Huntley,QB,MIA,5,63.7,242,QB · 43,12.74,96,QB · 36,26,64.7%,86,133,829,3,3,165.8,26,135,5.19,2,27.0,0,0,0,-,0,-,964,2
7083,2023,Tyler Huntley,QB,BAL,5,25.6,355,QB · 53,5.12,248,QB · 56,25,56.8%,21,37,203,3,0,40.6,15,55,3.67,0,11.0,0,0,0,-,0,-,258,0
7083,2022,Tyler Huntley,QB,BAL,5,53.0,266,QB · 40,10.60,125,QB · 45,24,67.0%,75,112,658,2,3,131.6,43,137,3.19,1,27.4,0,0,0,-,0,-,795,1
7083,2021,Tyler Huntley,QB,BAL,7,86.6,202,QB · 37,12.37,101,QB · 38,23,64.9%,122,188,1081,3,4,154.4,47,294,6.26,2,42.0,0,0,0,-,0,-,1375,2
7083,2020,Tyler Huntley,QB,BAL,2,2.9,511,QB · 67,1.45,443,QB · 70,22,60.0%,3,5,15,0,0,7.5,10,23,2.3,0,11.5,0,0,0,-,0,-,38,0
6960,2025,Tyler Johnson,WR,NYJ,12,37.7,295,WR · 119,3.14,324,WR · 129,-,-,0,0,0,0,0,-,0,0,0,0,-,18,12,197,16.4,1,16.4,197,1
6960,2024,Tyler Johnson,WR,LAR,15,61.1,248,WR · 106,4.07,277,WR · 113,26,-,0,0,0,0,0,-,0,0,-,0,-,41,26,291,11.19,1,19.4,291,1
6960,2023,Tyler Johnson,WR,LAR,1,8.8,448,WR · 178,8.80,169,WR · 62,25,-,0,0,0,0,0,-,0,0,-,0,-,3,2,8,4,1,8.0,8,1
6960,2021,Tyler Johnson,WR,TB,16,72.0,237,WR · 101,4.50,318,WR · 128,23,-,0,0,0,0,0,-,0,0,-,0,-,55,36,360,10,0,22.5,360,0
6960,2020,Tyler Johnson,WR,TB,14,40.9,304,WR · 127,2.92,357,WR · 142,22,-,0,0,0,0,0,-,0,0,-,0,-,17,12,169,14.08,2,12.1,169,2
2390,2023,Tyler Kroft,TE,MIA,4,0.0,537,TE · 114,0.00,537,TE · 114,31,-,0,0,0,0,0,-,0,0,-,0,-,0,0,0,-,0,-,0,0
2390,2022,Tyler Kroft,TE,SF,6,9.7,453,TE · 93,1.62,472,TE · 93,30,-,0,0,0,0,0,-,0,0,-,0,-,5,4,57,14.25,0,9.5,57,0
2390,2021,Tyler Kroft,TE,NYJ,9,39.3,319,TE · 57,4.37,329,TE · 48,29,-,0,0,0,0,0,-,0,0,-,0,-,25,16,173,10.81,1,19.2,173,1
2390,2020,Tyler Kroft,TE,BUF,10,41.9,302,TE · 54,4.19,306,TE · 45,28,-,0,0,0,0,0,-,0,0,-,0,-,16,12,119,9.92,3,11.9,119,3
2390,2019,Tyler Kroft,TE,BUF,12,19.1,354,TE · 73,1.59,380,TE · 77,27,-,0,0,0,0,0,-,0,0,-,0,-,14,6,71,11.83,1,5.9,71,1
2390,2018,Tyler Kroft,TE,CIN,5,7.6,445,TE · 100,1.52,413,TE · 82,26,-,0,0,0,0,0,-,0,0,-,0,-,6,4,36,9,0,7.2,36,0
2390,2017,Tyler Kroft,TE,-,16,124.4,139,TE · 15,7.78,180,TE · 18,-,-,-,-,-,-,-,-,-,-,-,-,-,-,-,-,-,-,-,0,-
2390,2016,Tyler Kroft,TE,-,14,19.2,367,TE · 74,1.37,424,TE · 83,-,-,-,-,-,-,-,-,-,-,-,-,-,-,-,-,-,-,-,0,-
2374,2025,Tyler Lockett,WR,2TM,17,67.1,233,WR · 92,3.95,285,WR · 111,-,-,0,0,0,0,0,-,0,0,0,0,-,55,32,291,9.1,1,17.1,291,1
2374,2024,Tyler Lockett,WR,SEA,17,121.0,154,WR · 66,7.12,207,WR · 81,32,-,0,0,0,0,0,-,0,0,-,0,-,74,49,600,12.24,2,35.3,600,2
2374,2023,Tyler Lockett,WR,SEA,17,202.4,75,WR · 32,11.91,109,WR · 39,31,-,0,0,0,0,0,-,0,0,-,0,-,122,79,894,11.32,5,52.6,894,5
2374,2022,Tyler Lockett,WR,SEA,16,237.3,40,WR · 13,14.83,57,WR · 18,30,-,0,0,0,0,0,-,0,0,-,0,-,117,84,1033,12.3,9,64.6,1033,9
2374,2021,Tyler Lockett,WR,SEA,16,241.4,41,WR · 16,15.09,56,WR · 20,29,-,0,0,0,0,0,-,2,9,4.5,0,0.6,107,73,1175,16.1,8,73.4,1184,8
2374,2020,Tyler Lockett,WR,SEA,16,265.4,29,WR · 8,16.59,49,WR · 12,28,-,0,0,0,0,0,-,0,0,-,0,-,132,100,1054,10.54,10,65.9,1054,10
2374,2019,Tyler Lockett,WR,SEA,16,235.2,44,WR · 13,14.70,69,WR · 23,27,-,0,0,0,0,0,-,4,-5,-1.25,0,-0.3,110,82,1057,12.89,8,66.1,1052,8
2374,2018,Tyler Lockett,WR,SEA,16,222.4,49,WR · 16,13.90,72,WR · 24,26,-,0,0,0,0,0,-,13,69,5.31,0,4.3,70,57,965,16.93,10,60.3,1034,10
2374,2017,Tyler Lockett,WR,-,16,118.3,146,WR · 57,7.39,190,WR · 69,-,-,-,-,-,-,-,-,-,-,-,-,-,-,-,-,-,-,-,0,-
2374,2016,Tyler Lockett,WR,-,15,124.1,151,WR · 63,8.27,196,WR · 75,-,-,-,-,-,-,-,-,-,-,-,-,-,-,-,-,-,-,-,0,-
7427,2024,Tyler Mabry,TE,SEA,2,0.0,544,TE · 115,0.00,544,TE · 115,28,-,0,0,0,0,0,-,0,0,-,0,-,0,0,0,-,0,-,0,0
7427,2022,Tyler Mabry,TE,SEA,1,7.7,474,TE · 96,7.70,203,TE · 23,26,-,0,0,0,0,0,-,0,0,-,0,-,1,1,7,7,1,7.0,7,1
9490,2025,Tyler Scott,WR,LAR,0,0.0,415,WR · 168,-,-,-,-,-,0,0,0,0,0,-,0,0,0,0,-,0,0,0,0,0,-,0,0
9490,2024,Tyler Scott,WR,CHI,11,1.5,520,WR · 210,0.14,535,WR · 214,23,-,0,0,0,0,0,-,0,0,-,0,-,1,1,5,5,0,0.5,5,0
9490,2023,Tyler Scott,WR,CHI,16,35.9,313,WR · 129,2.24,375,WR · 146,22,-,0,0,0,0,0,-,7,41,5.86,0,2.6,32,17,168,9.88,0,10.5,209,0
12545,2025,Tyler Shough,QB,NO,11,164.0,102,QB · 26,14.91,53,QB · 26,-,67.6%,221,327,2384,10,6,216.7,45,186,4.13,3,16.9,0,0,0,0,0,-,2570,3
12518,2025,Tyler Warren,TE,IND,17,188.5,73,TE · 4,11.09,122,TE · 10,-,0.0%,0,1,0,0,0,-,6,8,1.33,1,0.5,112,76,817,10.8,4,48.1,825,5
8188,2025,Tyquan Thornton,WR,KC,14,80.8,209,WR · 81,5.77,232,WR · 84,-,-,0,0,0,0,0,-,0,0,0,0,-,37,19,438,23.1,3,31.3,438,3
8188,2024,Tyquan Thornton,WR,NE,6,8.7,437,WR · 173,1.45,414,WR · 163,24,-,0,0,0,0,0,-,0,0,-,0,-,8,4,47,11.75,0,7.8,47,0
8188,2023,Tyquan Thornton,WR,NE,9,27.2,348,WR · 146,3.02,325,WR · 129,23,-,0,0,0,0,0,-,3,51,17,0,5.7,23,13,91,7,0,10.1,142,0
8188,2022,Tyquan Thornton,WR,NE,12,66.3,234,WR · 98,5.53,263,WR · 99,22,-,0,0,0,0,0,-,3,16,5.33,1,1.3,45,22,247,11.23,2,20.6,263,3
6040,2023,Tyree Jackson,TE,NYG,2,0.0,537,TE · 114,0.00,537,TE · 114,26,-,0,0,0,0,0,-,0,0,-,0,-,0,0,0,-,0,-,0,0
6040,2022,Tyree Jackson,TE,PHI,2,0.0,571,TE · 116,0.00,571,TE · 116,25,-,0,0,0,0,0,-,0,0,-,0,-,0,0,0,-,0,-,0,0
6040,2021,Tyree Jackson,TE,PHI,3,11.2,441,TE · 86,3.73,364,TE · 63,24,-,0,0,0,0,0,-,0,0,-,0,-,7,3,22,7.33,1,7.3,22,1
3321,2025,Tyreek Hill,WR,MIA,4,53.5,265,WR · 104,13.38,74,WR · 19,-,-,0,0,0,0,0,-,0,0,0,0,-,29,21,265,12.6,1,66.3,265,1
3321,2024,Tyreek Hill,WR,MIA,17,218.2,59,WR · 18,12.84,94,WR · 33,30,-,0,0,0,0,0,-,8,53,6.63,0,3.1,123,81,959,11.84,6,56.4,1012,6
3321,2023,Tyreek Hill,WR,MIA,16,376.4,4,WR · 2,23.53,4,WR · 2,29,-,0,0,0,0,0,-,6,15,2.5,0,0.9,171,119,1799,15.12,13,112.4,1814,13
3321,2022,Tyreek Hill,WR,MIA,17,341.2,8,WR · 2,20.07,12,WR · 3,28,-,0,0,0,0,0,-,7,32,4.57,1,1.9,170,119,1710,14.37,7,100.6,1742,9
3321,2021,Tyreek Hill,WR,KC,17,296.5,21,WR · 6,17.44,29,WR · 7,27,-,0,0,0,0,0,-,9,96,10.67,0,5.6,159,111,1239,11.16,9,72.9,1335,9
3321,2020,Tyreek Hill,WR,KC,15,328.9,15,WR · 2,21.93,16,WR · 2,26,-,0,0,0,0,0,-,13,123,9.46,2,8.2,135,87,1276,14.67,15,85.1,1399,17
3321,2019,Tyreek Hill,WR,KC,12,188.3,86,WR · 32,15.69,49,WR · 12,25,-,0,0,0,0,0,-,8,23,2.88,0,1.9,89,58,860,14.83,7,71.7,883,7
3321,2018,Tyreek Hill,WR,KC,16,328.0,13,WR · 3,20.50,18,WR · 4,24,-,0,0,0,0,0,-,22,151,6.86,1,9.4,137,87,1479,17,12,92.4,1630,14
3321,2017,Tyreek Hill,WR,-,15,239.2,29,WR · 9,15.95,33,WR · 8,-,-,-,-,-,-,-,-,-,-,-,-,-,-,-,-,-,-,-,0,-
3321,2016,Tyreek Hill,WR,-,16,199.0,67,WR · 25,12.44,92,WR · 33,-,-,-,-,-,-,-,-,-,-,-,-,-,-,-,-,-,-,-,0,-
8749,2024,Tyreik McAllister,RB,LV,2,1.1,528,RB · 134,0.55,496,RB · 131,26,-,0,0,0,0,0,-,2,11,5.5,0,5.5,0,0,0,-,0,-,11,0
11377,2025,Tyrell Shavers,WR,BUF,1,45.5,285,WR · 116,45.50,1,WR · 1,-,-,0,0,0,0,0,-,0,0,0,0,-,23,15,245,16.3,1,245.0,245,1
11377,2024,Tyrell Shavers,WR,BUF,3,13.9,401,WR · 160,4.63,264,WR · 106,25,-,0,0,0,0,0,-,0,0,-,0,-,1,1,69,69,1,23.0,69,1
2583,2021,Tyrell Williams,WR,DET,1,3.4,528,WR · 208,3.40,386,WR · 150,29,-,0,0,0,0,0,-,0,0,-,0,-,3,2,14,7,0,14.0,14,0
2583,2019,Tyrell Williams,WR,OAK,14,143.1,120,WR · 47,10.22,136,WR · 53,27,-,0,0,0,0,0,-,0,0,-,0,-,64,42,651,15.5,6,46.5,651,6
2583,2018,Tyrell Williams,WR,LAC,16,137.8,123,WR · 48,8.61,173,WR · 64,26,-,0,0,0,0,0,-,2,15,7.5,0,0.9,65,41,653,15.93,5,40.8,668,5
2583,2017,Tyrell Williams,WR,-,16,137.8,116,WR · 45,8.61,160,WR · 58,-,-,-,-,-,-,-,-,-,-,-,-,-,-,-,-,-,-,-,0,-
2583,2016,Tyrell Williams,WR,-,16,216.9,52,WR · 18,13.56,68,WR · 21,-,-,-,-,-,-,-,-,-,-,-,-,-,-,-,-,-,-,-,0,-
7032,2022,Tyrie Cleveland,WR,DEN,5,4.8,502,WR · 185,0.96,515,WR · 198,25,-,0,0,0,0,0,-,0,0,-,0,-,7,2,28,14,0,5.6,28,0
7032,2021,Tyrie Cleveland,WR,DEN,4,0.0,582,WR · 225,0.00,582,WR · 225,24,-,0,0,0,0,0,-,0,0,-,0,-,1,0,0,-,0,-,0,0
7032,2020,Tyrie Cleveland,WR,DEN,10,12.3,432,WR · 169,1.23,460,WR · 184,23,-,0,0,0,0,0,-,0,0,-,0,-,9,6,63,10.5,0,6.3,63,0
8211,2024,Tyrion Davis-Price,RB,PHI,1,0.7,535,RB · 135,0.70,482,RB · 126,24,-,0,0,0,0,0,-,3,7,2.33,0,7.0,0,0,0,-,0,-,7,0
8211,2023,Tyrion Davis-Price,RB,SF,1,2.1,512,RB · 137,2.10,386,RB · 102,23,-,0,0,0,0,0,-,6,21,3.5,0,21.0,0,0,0,-,0,-,21,0
8211,2022,Tyrion Davis-Price,RB,SF,5,9.9,452,RB · 123,1.98,451,RB · 121,22,-,0,0,0,0,0,-,34,99,2.91,0,19.8,2,0,0,-,0,-,99,0
827,2025,Tyrod Taylor,QB,NYJ,6,64.5,239,QB · 42,10.74,129,QB · 44,-,59.7%,80,134,779,5,5,129.8,27,143,5.3,1,23.8,0,0,0,0,0,-,922,1
827,2024,Tyrod Taylor,QB,NYJ,2,20.1,363,QB · 54,10.05,145,QB · 48,35,77.3%,17,22,119,3,0,59.5,3,13,4.33,0,6.5,0,0,0,-,0,-,132,0
827,2023,Tyrod Taylor,QB,NYG,10,90.3,187,QB · 36,9.03,161,QB · 50,34,64.4%,116,180,1341,5,3,134.1,38,197,5.18,0,19.7,0,0,0,-,0,-,1538,0
827,2022,Tyrod Taylor,QB,NYG,3,12.3,426,QB · 65,4.10,321,QB · 62,33,75.0%,6,8,58,1,1,19.3,5,70,14,0,23.3,0,0,0,-,0,-,128,0
827,2021,Tyrod Taylor,QB,HOU,6,86.7,201,QB · 36,14.45,68,QB · 26,32,60.7%,91,150,966,5,5,161.0,19,151,7.95,3,25.2,0,0,0,-,0,-,1117,3
827,2020,Tyrod Taylor,QB,LAC,2,9.0,458,QB · 62,4.50,295,QB · 54,31,53.3%,16,30,208,0,0,104.0,6,7,1.17,0,3.5,0,0,0,-,0,-,215,0
827,2019,Tyrod Taylor,QB,LAC,8,6.0,427,QB · 54,0.75,426,QB · 57,30,66.7%,4,6,33,1,0,4.1,10,7,0.7,0,0.9,1,0,0,-,0,-,40,0
827,2018,Tyrod Taylor,QB,CLE,4,41.4,299,QB · 41,10.35,133,QB · 39,29,49.4%,42,85,473,2,2,118.3,16,125,7.81,1,31.3,0,0,0,-,0,-,598,1
827,2017,Tyrod Taylor,QB,-,15,222.6,41,QB · 16,14.84,43,QB · 19,-,-,-,-,-,-,-,-,-,-,-,-,-,-,-,-,-,-,-,0,-
827,2016,Tyrod Taylor,QB,-,15,270.9,20,QB · 9,18.06,19,QB · 7,-,-,-,-,-,-,-,-,-,-,-,-,-,-,-,-,-,-,-,0,-
6063,2022,Tyron Billy-Johnson,WR,-,2,1.8,539,WR · 206,0.90,516,WR · 199,-,-,-,-,-,-,-,-,-,-,-,-,-,-,-,-,-,-,-,0,-
6063,2021,Tyron Billy-Johnson,WR,-,7,3.6,524,WR · 207,0.51,552,WR · 214,-,-,-,-,-,-,-,-,-,-,-,-,-,-,-,-,-,-,-,0,-
6063,2020,Tyron Billy-Johnson,WR,-,12,79.5,220,WR · 96,6.63,237,WR · 96,-,-,-,-,-,-,-,-,-,-,-,-,-,-,-,-,-,-,-,0,-
4678,2019,Tyrone Swoopes,TE,SEA,6,1.5,472,TE · 106,0.25,475,TE · 105,25,-,0,0,0,0,0,-,0,0,-,0,-,1,1,5,5,0,0.8,5,0
4678,2018,Tyrone Swoopes,TE,SEA,1,3.3,490,TE · 110,3.30,330,TE · 54,24,-,0,0,0,0,0,-,0,0,-,0,-,1,1,23,23,0,23.0,23,0
4678,2017,Tyrone Swoopes,TE,-,1,0.0,529,TE · 108,0.00,529,TE · 108,-,-,-,-,-,-,-,-,-,-,-,-,-,-,-,-,-,-,-,0,-
11655,2025,Tyrone Tracy Jr.,RB,NYG,15,160.8,105,RB · 28,10.72,130,RB · 34,-,-,0,0,0,0,0,-,176,740,4.2,2,49.3,48,36,288,8,2,19.2,1028,4
11655,2024,Tyrone Tracy Jr.,RB,NYG,17,182.3,92,RB · 26,10.72,132,RB · 33,25,-,0,0,0,0,0,-,192,839,4.37,5,49.4,53,38,284,7.47,1,16.7,1123,6
11256,2025,Tyson Bagent,QB,CHI,3,2.6,401,QB · 57,0.86,386,QB · 57,-,75.0%,3,4,47,0,0,15.7,2,7,3.5,0,2.3,0,0,0,0,0,-,54,0
11256,2024,Tyson Bagent,QB,CHI,4,-0.3,640,QB · 87,-0.08,640,QB · 87,24,100.0%,2,2,11,0,0,2.8,6,-7,-1.17,0,-1.8,0,0,0,-,0,-,4,0
11256,2023,Tyson Bagent,QB,CHI,5,59.3,247,QB · 45,11.86,111,QB · 36,23,65.7%,94,143,859,3,6,171.8,23,109,4.74,2,21.8,0,0,0,-,0,-,968,2
6853,2025,Van Jefferson,WR,TEN,16,70.0,228,WR · 88,4.38,271,WR · 104,-,-,0,0,0,0,0,-,0,0,0,0,-,52,29,350,12.1,1,21.9,350,1
6853,2024,Van Jefferson,WR,PIT,17,63.6,244,WR · 103,3.74,292,WR · 120,28,-,0,0,0,0,0,-,0,0,-,0,-,40,24,276,11.5,2,16.2,276,2
6853,2023,Van Jefferson,WR,2TM,17,41.3,288,WR · 120,2.43,365,WR · 141,27,-,0,0,0,0,0,-,1,4,4,0,0.2,43,20,209,10.45,0,12.3,213,0
6853,2022,Van Jefferson,WR,LAR,10,78.9,217,WR · 93,7.89,197,WR · 71,26,-,0,0,0,0,0,-,0,0,-,0,-,44,24,369,15.38,3,36.9,369,3
6853,2021,Van Jefferson,WR,LAR,17,168.2,96,WR · 36,9.89,156,WR · 55,25,-,0,0,0,0,0,-,2,20,10,0,1.2,89,50,802,16.04,6,47.2,822,6
6853,2020,Van Jefferson,WR,LAR,16,46.9,287,WR · 119,2.93,356,WR · 141,24,-,0,0,0,0,0,-,1,-1,-1,0,-0.1,31,19,220,11.58,1,13.8,219,1
1587,2020,Vance McDonald,TE,PIT,14,24.9,359,TE · 68,1.78,428,TE · 79,30,-,0,0,0,0,0,-,0,0,-,0,-,20,15,99,6.6,0,7.1,99,0
1587,2019,Vance McDonald,TE,PIT,14,83.5,200,TE · 31,5.96,223,TE · 33,29,-,0,0,0,0,0,-,1,2,2,0,0.1,55,38,273,7.18,3,19.5,275,3
1587,2018,Vance McDonald,TE,PIT,15,133.0,131,TE · 10,8.87,169,TE · 19,28,-,0,0,0,0,0,-,0,0,-,0,-,72,50,610,12.2,4,40.7,610,4
1587,2017,Vance McDonald,TE,-,10,38.8,300,TE · 53,3.88,301,TE · 45,-,-,-,-,-,-,-,-,-,-,-,-,-,-,-,-,-,-,-,0,-
1587,2016,Vance McDonald,TE,-,11,87.1,200,TE · 30,7.92,202,TE · 26,-,-,-,-,-,-,-,-,-,-,-,-,-,-,-,-,-,-,-,0,-
8223,2024,Velus Jones Jr.,WR,2TM,2,0.9,531,WR · 213,0.45,506,WR · 201,27,-,0,0,0,0,0,-,3,11,3.67,0,5.5,1,1,8,8,0,4.0,19,0
8223,2023,Velus Jones Jr.,WR,CHI,14,11.1,433,WR · 173,0.79,483,WR · 188,26,-,0,0,0,0,0,-,8,51,6.38,0,3.6,7,4,20,5,0,1.4,71,0
8223,2022,Velus Jones Jr.,WR,CHI,11,34.0,327,WR · 131,3.09,382,WR · 145,25,-,0,0,0,0,0,-,9,103,11.44,1,9.4,14,7,107,15.29,1,9.7,210,2
6628,2019,Ventell Bryant,WR,DAL,12,8.5,410,WR · 162,0.71,431,WR · 170,23,-,0,0,0,0,0,-,0,0,-,0,-,1,1,15,15,1,1.3,15,1
200,2019,Vernon Davis,TE,WAS,4,28.3,325,TE · 60,7.08,193,TE · 22,35,-,0,0,0,0,0,-,0,0,-,0,-,19,10,123,12.3,1,30.8,123,1
200,2018,Vernon Davis,TE,WAS,14,75.7,216,TE · 26,5.41,259,TE · 31,34,-,0,0,0,0,0,-,0,0,-,0,-,36,25,367,14.68,2,26.2,367,2
200,2017,Vernon Davis,TE,-,16,121.8,142,TE · 16,7.61,183,TE · 19,-,-,-,-,-,-,-,-,-,-,-,-,-,-,-,-,-,-,-,0,-
200,2016,Vernon Davis,TE,-,16,114.3,161,TE · 21,7.14,215,TE · 29,-,-,-,-,-,-,-,-,-,-,-,-,-,-,-,-,-,-,-,0,-
4453,2019,Victor Bolden Jr.,WR,-,1,0.0,496,WR · 189,0.00,495,WR · 188,-,-,-,-,-,-,-,-,-,-,-,-,-,-,-,-,-,-,-,0,-
4453,2018,Victor Bolden Jr.,WR,2TM,6,2.0,506,WR · 193,0.33,510,WR · 193,23,-,0,0,0,0,0,-,0,0,-,0,-,4,1,10,10,0,1.7,10,0
4453,2017,Victor Bolden Jr.,WR,-,9,0.0,529,WR · 200,0.00,529,WR · 200,-,-,-,-,-,-,-,-,-,-,-,-,-,-,-,-,-,-,-,0,-
868,2020,Virgil Green,TE,LAC,6,14.0,420,TE · 80,2.33,384,TE · 67,32,-,0,0,0,0,0,-,0,0,-,0,-,6,3,50,16.67,1,8.3,50,1
868,2019,Virgil Green,TE,LAC,15,22.8,340,TE · 66,1.52,386,TE · 79,31,-,0,0,0,0,0,-,0,0,-,0,-,13,9,78,8.67,1,5.2,78,1
868,2018,Virgil Green,TE,LAC,16,46.0,283,TE · 44,2.88,351,TE · 63,30,-,0,0,0,0,0,-,0,0,-,0,-,27,19,210,11.05,1,13.1,210,1
868,2017,Virgil Green,TE,-,16,39.1,298,TE · 51,2.44,361,TE · 61,-,-,-,-,-,-,-,-,-,-,-,-,-,-,-,-,-,-,-,0,-
868,2016,Virgil Green,TE,-,12,51.7,259,TE · 42,4.31,284,TE · 43,-,-,-,-,-,-,-,-,-,-,-,-,-,-,-,-,-,-,-,0,-
5260,2021,Vyncint Smith,WR,NYJ,1,0.0,582,WR · 225,0.00,582,WR · 225,25,-,0,0,0,0,0,-,0,0,-,0,-,1,0,0,-,0,-,0,0
5260,2020,Vyncint Smith,WR,NYJ,7,2.3,527,WR · 202,0.33,533,WR · 202,24,-,0,0,0,0,0,-,0,0,-,0,-,3,1,13,13,0,1.9,13,0
5260,2019,Vyncint Smith,WR,NYJ,14,48.7,261,WR · 104,3.48,300,WR · 120,23,-,0,0,0,0,0,-,3,52,17.33,1,3.7,31,17,225,13.24,0,16.1,277,1
5260,2018,Vyncint Smith,WR,HOU,7,20.1,373,WR · 156,2.87,352,WR · 142,22,-,0,0,0,0,0,-,0,0,-,0,-,10,5,91,18.2,1,13.0,91,1
8126,2025,Wan'Dale Robinson,WR,NYG,16,217.9,51,WR · 14,13.62,72,WR · 18,-,-,0,0,0,0,0,-,3,5,1.67,0,0.3,140,92,1014,11,4,63.4,1019,4
8126,2024,Wan'Dale Robinson,WR,NYG,17,182.7,90,WR · 36,10.75,131,WR · 46,23,-,0,0,0,0,0,-,3,18,6,0,1.1,140,93,699,7.52,3,41.1,717,3
8126,2023,Wan'Dale Robinson,WR,NYG,15,133.2,132,WR · 53,8.88,165,WR · 58,22,-,0,0,0,0,0,-,9,87,9.67,1,5.8,78,60,525,8.75,1,35.0,612,2
8126,2022,Wan'Dale Robinson,WR,NYG,6,51.6,274,WR · 116,8.60,180,WR · 63,21,-,0,0,0,0,0,-,2,-1,-0.5,0,-0.2,31,23,227,9.87,1,37.8,226,1
4150,2021,Wayne Gallman Jr.,RB,2TM,9,13.5,427,RB · 119,1.50,489,RB · 138,27,-,0,0,0,0,0,-,28,104,3.71,0,11.6,3,1,21,21,0,2.3,125,0
4150,2020,Wayne Gallman Jr.,RB,NYG,15,136.6,138,RB · 32,9.11,171,RB · 39,26,-,0,0,0,0,0,-,147,682,4.64,6,45.5,27,21,114,5.43,0,7.6,796,6
4150,2019,Wayne Gallman Jr.,RB,NYG,10,48.2,263,RB · 75,4.82,254,RB · 64,25,-,0,0,0,0,0,-,29,110,3.79,2,11.0,15,11,102,9.27,1,10.2,212,3
4150,2018,Wayne Gallman Jr.,RB,NYG,15,44.5,289,RB · 81,2.97,346,RB · 95,24,-,0,0,0,0,0,-,51,176,3.45,1,11.7,22,14,89,6.36,0,5.9,265,1
4150,2017,Wayne Gallman Jr.,RB,-,13,104.9,160,RB · 46,8.07,172,RB · 50,-,-,-,-,-,-,-,-,-,-,-,-,-,-,-,-,-,-,-,0,-
3309,2021,Wendell Smallwood,RB,WAS,2,8.7,461,RB · 130,4.35,330,RB · 95,27,-,0,0,0,0,0,-,5,25,5,0,12.5,5,4,22,5.5,0,11.0,47,0
3309,2020,Wendell Smallwood,RB,PIT,1,0.0,560,RB · 158,0.00,560,RB · 158,26,-,0,0,0,0,0,-,0,0,-,0,-,0,0,0,-,0,-,0,0
3309,2019,Wendell Smallwood,RB,WAS,15,23.5,337,RB · 93,1.57,382,RB · 98,25,-,0,0,0,0,0,-,22,81,3.68,0,5.4,13,9,64,7.11,0,4.3,145,0
3309,2018,Wendell Smallwood,RB,PHI,16,117.4,151,RB · 42,7.34,198,RB · 56,24,-,0,0,0,0,0,-,87,364,4.18,3,22.8,35,28,230,8.21,2,14.4,594,5
3309,2017,Wendell Smallwood,RB,-,8,46.7,271,RB · 80,5.84,234,RB · 71,-,-,-,-,-,-,-,-,-,-,-,-,-,-,-,-,-,-,-,0,-
3309,2016,Wendell Smallwood,RB,-,13,46.7,266,RB · 73,3.59,309,RB · 85,-,-,-,-,-,-,-,-,-,-,-,-,-,-,-,-,-,-,-,0,-
5010,2025,Will Dissly,TE,LAC,9,20.7,338,TE · 66,2.30,340,TE · 61,-,-,0,0,0,0,0,-,0,0,0,0,-,16,11,97,8.8,0,10.8,97,0
5010,2024,Will Dissly,TE,LAC,15,110.1,170,TE · 23,7.34,202,TE · 26,28,-,0,0,0,0,0,-,0,0,-,0,-,64,50,481,9.62,2,32.1,481,2
5010,2023,Will Dissly,TE,SEA,15,40.2,292,TE · 51,2.68,349,TE · 62,27,-,0,0,0,0,0,-,0,0,-,0,-,22,17,172,10.12,1,11.5,172,1
5010,2022,Will Dissly,TE,SEA,15,86.9,201,TE · 28,5.79,255,TE · 36,26,-,0,0,0,0,0,-,0,0,-,0,-,38,34,349,10.26,3,23.3,349,3
5010,2021,Will Dissly,TE,SEA,13,50.1,290,TE · 52,3.85,357,TE · 60,25,-,0,0,0,0,0,-,0,0,-,0,-,26,21,231,11,1,17.8,231,1
5010,2020,Will Dissly,TE,SEA,16,61.1,255,TE · 44,3.82,324,TE · 52,24,-,0,0,0,0,0,-,0,0,-,0,-,29,24,251,10.46,2,15.7,251,2
5010,2019,Will Dissly,TE,SEA,6,73.9,217,TE · 38,12.32,103,TE · 9,23,-,0,0,0,0,0,-,1,7,7,0,1.2,27,23,262,11.39,4,43.7,269,4
5010,2018,Will Dissly,TE,SEA,4,35.6,323,TE · 58,8.90,167,TE · 17,22,-,0,0,0,0,0,-,0,0,-,0,-,14,8,156,19.5,2,39.0,156,2
5903,2019,Will Grier,QB,CAR,2,5.3,435,QB · 55,2.65,330,QB · 52,24,53.8%,28,52,228,0,4,114.0,7,22,3.14,0,11.0,0,0,0,-,0,-,250,0
12511,2025,Will Howard,QB,PIT,0,0.0,415,QB · 62,-,-,-,-,-,0,0,0,0,0,-,0,0,0,0,-,0,0,0,0,0,-,0,0
9999,2025,Will Levis,QB,TEN,0,0.0,415,QB · 62,-,-,-,-,-,0,0,0,0,0,-,0,0,0,0,-,0,0,0,0,0,-,0,0
9999,2024,Will Levis,QB,TEN,12,131.9,134,QB · 30,10.99,126,QB · 41,25,63.1%,190,301,2091,13,12,174.3,45,183,4.07,0,15.3,0,0,0,-,0,-,2274,0
9999,2023,Will Levis,QB,TEN,9,106.0,167,QB · 33,11.78,113,QB · 38,24,58.4%,149,255,1808,8,4,200.9,25,57,2.28,1,6.3,0,0,0,-,0,-,1865,1
10220,2024,Will Mallory,TE,IND,10,6.9,451,TE · 96,0.69,483,TE · 95,25,-,0,0,0,0,0,-,0,0,-,0,-,8,4,29,7.25,0,2.9,29,0
10220,2023,Will Mallory,TE,IND,12,38.7,303,TE · 55,3.23,313,TE · 48,24,-,0,0,0,0,0,-,0,0,-,0,-,26,18,207,11.5,0,17.3,207,0
11577,2025,Will Shipley,RB,PHI,15,17.5,348,RB · 86,1.17,376,RB · 97,-,-,0,0,0,0,0,-,14,49,3.5,0,3.3,12,9,56,6.2,0,3.7,105,0
11577,2024,Will Shipley,RB,PHI,13,15.7,382,RB · 104,1.21,430,RB · 116,22,-,0,0,0,0,0,-,30,82,2.73,0,6.3,4,4,35,8.75,0,2.7,117,0
3157,2021,William Fuller V,WR,MIA,2,8.6,462,WR · 181,4.30,331,WR · 132,27,-,0,0,0,0,0,-,0,0,-,0,-,8,4,26,6.5,0,13.0,26,0
3157,2020,William Fuller V,WR,HOU,11,188.9,76,WR · 32,17.17,40,WR · 8,26,-,0,0,0,0,0,-,1,0,0,0,-,75,53,879,16.58,8,79.9,879,8
3157,2019,William Fuller V,WR,HOU,11,134.0,132,WR · 53,12.18,107,WR · 40,25,-,0,0,0,0,0,-,0,0,-,0,-,71,49,670,13.67,3,60.9,670,3
3157,2018,William Fuller V,WR,HOU,7,106.3,165,WR · 69,15.19,61,WR · 21,24,-,0,0,0,0,0,-,0,0,-,0,-,45,32,503,15.72,4,71.9,503,4
3157,2017,William Fuller V,WR,-,10,113.2,152,WR · 61,11.32,96,WR · 33,-,-,-,-,-,-,-,-,-,-,-,-,-,-,-,-,-,-,-,0,-
3157,2016,William Fuller V,WR,-,14,122.2,154,WR · 65,8.73,184,WR · 73,-,-,-,-,-,-,-,-,-,-,-,-,-,-,-,-,-,-,-,0,-
1911,2023,Willie Snead IV,WR,SF,4,3.4,492,WR · 193,0.85,477,WR · 187,31,-,0,0,0,0,0,-,0,0,-,0,-,3,2,14,7,0,3.5,14,0
1911,2021,Willie Snead IV,WR,2TM,7,7.8,472,WR · 186,1.11,510,WR · 198,29,-,0,0,0,0,0,-,0,0,-,0,-,8,4,38,9.5,0,5.4,38,0
1911,2020,Willie Snead IV,WR,BAL,13,94.2,192,WR · 84,7.25,223,WR · 88,28,-,0,0,0,0,0,-,0,0,-,0,-,48,33,432,13.09,3,33.2,432,3
1911,2019,Willie Snead IV,WR,BAL,16,95.1,176,WR · 74,5.94,225,WR · 91,27,-,0,0,0,0,0,-,2,2,1,0,0.1,46,31,339,10.94,5,21.2,341,5
1911,2018,Willie Snead IV,WR,BAL,16,134.4,129,WR · 52,8.40,179,WR · 70,26,-,0,0,0,0,0,-,1,13,13,0,0.8,95,62,651,10.5,1,40.7,664,1
1911,2017,Willie Snead IV,WR,-,11,15.2,386,WR · 149,1.38,408,WR · 161,-,-,-,-,-,-,-,-,-,-,-,-,-,-,-,-,-,-,-,0,-
1911,2016,Willie Snead IV,WR,-,15,191.5,78,WR · 31,12.77,87,WR · 29,-,-,-,-,-,-,-,-,-,-,-,-,-,-,-,-,-,-,-,0,-
12474,2025,Woody Marks,RB,HOU,16,151.1,108,RB · 29,9.44,153,RB · 38,-,-,0,0,0,0,0,-,196,703,3.59,2,43.9,36,24,208,8.7,3,13.0,911,5
11306,2025,Xavier Gipson,WR,2TM,3,-1.4,461,WR · 185,-0.47,419,WR · 168,-,-,0,0,0,0,0,-,0,0,0,0,-,2,2,6,3,0,2.0,6,0
11306,2024,Xavier Gipson,WR,NYJ,17,14.4,394,WR · 156,0.85,464,WR · 189,23,-,0,0,0,0,0,-,1,5,5,0,0.3,10,6,39,6.5,1,2.3,44,1
11306,2023,Xavier Gipson,WR,NYJ,17,58.7,250,WR · 103,3.45,306,WR · 122,22,-,0,0,0,0,0,-,8,68,8.5,1,4.0,38,21,229,10.9,0,13.5,297,2
2082,2018,Xavier Grimble,TE,PIT,16,12.6,409,TE · 88,0.79,473,TE · 100,26,-,0,0,0,0,0,-,0,0,-,0,-,8,6,86,14.33,0,5.4,86,0
2082,2017,Xavier Grimble,TE,-,15,14.2,397,TE · 82,0.95,445,TE · 89,-,-,-,-,-,-,-,-,-,-,-,-,-,-,-,-,-,-,-,0,-
2082,2016,Xavier Grimble,TE,-,13,34.8,307,TE · 52,2.68,359,TE · 59,-,-,-,-,-,-,-,-,-,-,-,-,-,-,-,-,-,-,-,0,-
10218,2025,Xavier Hutchinson,WR,HOU,17,98.0,177,WR · 64,5.76,233,WR · 85,-,-,0,0,0,0,0,-,3,22,7.33,0,1.3,57,35,428,12.2,3,25.2,450,3
10218,2024,Xavier Hutchinson,WR,HOU,16,23.7,353,WR · 138,1.48,412,WR · 161,24,-,0,0,0,0,0,-,0,0,-,0,-,26,12,117,9.75,0,7.3,117,0
10218,2023,Xavier Hutchinson,WR,HOU,15,21.9,373,WR · 153,1.46,430,WR · 168,23,-,0,0,0,0,0,-,5,49,9.8,0,3.3,19,8,90,11.25,0,6.0,139,0
7088,2020,Xavier Jones,RB,LAR,13,0.0,560,RB · 158,0.00,560,RB · 158,23,-,0,0,0,0,0,-,0,0,-,0,-,0,0,0,-,0,-,0,0
11626,2025,Xavier Legette,WR,CAR,15,89.3,191,WR · 71,5.95,224,WR · 81,-,-,0,0,0,0,0,-,1,0,0,0,-,64,35,363,10.4,3,24.2,363,3
11626,2024,Xavier Legette,WR,CAR,16,125.1,143,WR · 60,7.82,190,WR · 73,23,-,0,0,0,0,0,-,6,24,4,0,1.5,84,49,497,10.14,4,31.1,521,4
12520,2025,Xavier Restrepo,WR,TEN,2,7.1,383,WR · 158,3.55,307,WR · 119,-,-,0,0,0,0,0,-,0,0,0,0,-,7,3,41,13.7,0,20.5,41,0
11168,2024,Xavier Smith,WR,LAR,15,6.2,459,WR · 182,0.41,509,WR · 203,27,-,0,0,0,0,0,-,4,36,9,0,2.4,2,2,6,3,0,0.4,42,0
11921,2024,Xavier Weaver,WR,ARI,2,0.0,544,WR · 215,0.00,544,WR · 215,24,-,0,0,0,0,0,-,0,0,-,0,-,2,0,0,-,0,-,0,0
11624,2025,Xavier Worthy,WR,KC,14,109.9,163,WR · 59,7.85,183,WR · 63,-,-,0,0,0,0,0,-,11,87,7.91,0,6.2,73,42,532,12.7,1,38.0,619,1
11624,2024,Xavier Worthy,WR,KC,17,187.2,85,WR · 33,11.01,124,WR · 45,21,-,0,0,0,0,0,-,20,104,5.2,3,6.1,98,59,638,10.81,6,37.5,742,9
9753,2025,Zach Charbonnet,RB,SEA,16,181.4,84,RB · 24,11.34,118,RB · 29,-,-,0,0,0,0,0,-,184,730,3.97,12,45.6,24,20,144,7.2,0,9.0,874,12
9753,2024,Zach Charbonnet,RB,SEA,17,186.9,87,RB · 25,10.99,125,RB · 32,23,-,0,0,0,0,0,-,135,569,4.21,8,33.5,52,42,340,8.1,1,20.0,909,9
9753,2023,Zach Charbonnet,RB,SEA,16,106.1,166,RB · 45,6.63,209,RB · 53,22,-,0,0,0,0,0,-,108,462,4.28,1,28.9,40,33,209,6.33,0,13.1,671,1
7943,2024,Zach Davidson,TE,BUF,3,1.5,520,TE · 110,0.50,499,TE · 99,26,-,0,0,0,0,0,-,0,0,-,0,-,2,1,5,5,0,1.7,5,0
1339,2025,Zach Ertz,TE,WAS,13,126.4,137,TE · 19,9.72,149,TE · 19,-,-,0,0,0,0,0,-,0,0,0,0,-,72,50,504,10.1,4,38.8,504,4
1339,2024,Zach Ertz,TE,WAS,17,177.4,95,TE · 7,10.44,135,TE · 10,34,-,0,0,0,0,0,-,0,0,-,0,-,91,66,654,9.91,7,38.5,654,7
1339,2023,Zach Ertz,TE,ARI,7,51.7,261,TE · 43,7.39,192,TE · 21,33,-,0,0,0,0,0,-,0,0,-,0,-,43,27,187,6.93,1,26.7,187,1
1339,2022,Zach Ertz,TE,ARI,10,115.6,151,TE · 19,11.56,108,TE · 6,32,-,0,0,0,0,0,-,0,0,-,0,-,69,47,406,8.64,4,40.6,406,4
1339,2021,Zach Ertz,TE,2TM,17,180.7,86,TE · 5,10.63,138,TE · 11,31,-,0,0,0,0,0,-,1,4,4,0,0.2,112,74,763,10.31,5,44.9,767,5
1339,2020,Zach Ertz,TE,PHI,11,77.5,222,TE · 32,7.05,228,TE · 28,30,-,0,0,0,0,0,-,0,0,-,0,-,72,36,335,9.31,1,30.5,335,1
1339,2019,Zach Ertz,TE,PHI,15,215.6,64,TE · 4,14.37,72,TE · 4,29,-,0,0,0,0,0,-,0,0,-,0,-,135,88,916,10.41,6,61.1,916,6
1339,2018,Zach Ertz,TE,PHI,16,280.3,30,TE · 2,17.52,39,TE · 2,28,-,0,0,0,0,0,-,0,0,-,0,-,156,116,1163,10.03,8,72.7,1163,8
1339,2017,Zach Ertz,TE,-,14,202.4,53,TE · 3,14.46,47,TE · 3,-,-,-,-,-,-,-,-,-,-,-,-,-,-,-,-,-,-,-,0,-
1339,2016,Zach Ertz,TE,-,14,183.6,90,TE · 6,13.11,80,TE · 3,-,-,-,-,-,-,-,-,-,-,-,-,-,-,-,-,-,-,-,0,-
9222,2023,Zach Evans,RB,LAR,4,1.9,516,RB · 139,0.48,508,RB · 136,22,-,0,0,0,0,0,-,9,19,2.11,0,4.8,0,0,0,-,0,-,19,0
6018,2023,Zach Gentry,TE,LV,1,0.0,537,TE · 114,0.00,537,TE · 114,27,-,0,0,0,0,0,-,0,0,-,0,-,0,0,0,-,0,-,0,0
6018,2022,Zach Gentry,TE,PIT,14,32.2,330,TE · 61,2.30,434,TE · 83,26,-,0,0,0,0,0,-,0,0,-,0,-,23,19,132,6.95,0,9.4,132,0
6018,2021,Zach Gentry,TE,PIT,10,35.7,330,TE · 61,3.57,369,TE · 65,25,-,0,0,0,0,0,-,0,0,-,0,-,25,19,167,8.79,0,16.7,167,0
6018,2020,Zach Gentry,TE,PIT,2,0.0,560,TE · 118,0.00,560,TE · 118,24,-,0,0,0,0,0,-,0,0,-,0,-,0,0,0,-,0,-,0,0
6018,2019,Zach Gentry,TE,PIT,4,1.4,475,TE · 108,0.35,466,TE · 102,23,-,0,0,0,0,0,-,0,0,-,0,-,1,1,4,4,0,1.0,4,0
1693,2018,Zach Line,RB,NO,16,22.5,363,RB · 94,1.41,425,RB · 111,28,-,0,0,0,0,0,-,9,41,4.56,0,2.6,10,5,14,2.8,2,0.9,55,2
1693,2017,Zach Line,RB,-,12,11.6,418,RB · 120,0.97,443,RB · 125,-,-,-,-,-,-,-,-,-,-,-,-,-,-,-,-,-,-,-,0,-
1693,2016,Zach Line,RB,-,15,1.5,513,RB · 151,0.10,531,RB · 164,-,-,-,-,-,-,-,-,-,-,-,-,-,-,-,-,-,-,-,0,-
4319,2024,Zach Pascal,WR,ARI,14,0.0,544,WR · 215,0.00,544,WR · 215,30,-,0,0,0,0,0,-,0,0,-,0,-,0,0,0,-,0,-,0,0
4319,2023,Zach Pascal,WR,ARI,14,5.9,468,WR · 185,0.42,512,WR · 197,29,-,0,0,0,0,0,-,0,0,-,0,-,15,4,19,4.75,0,1.4,19,0
4319,2022,Zach Pascal,WR,PHI,15,36.0,319,WR · 127,2.40,425,WR · 161,28,-,0,0,0,0,0,-,1,0,0,0,-,19,15,150,10,1,10.0,150,1
4319,2021,Zach Pascal,WR,IND,16,94.5,186,WR · 74,5.91,267,WR · 107,27,-,0,0,0,0,0,-,2,21,10.5,0,1.3,69,38,384,10.11,3,24.0,405,3
4319,2020,Zach Pascal,WR,IND,16,136.9,136,WR · 56,8.56,187,WR · 74,26,0.0%,0,1,0,0,0,-,0,0,-,0,-,71,44,629,14.3,5,39.3,629,5
4319,2019,Zach Pascal,WR,IND,16,135.3,131,WR · 52,8.46,170,WR · 67,25,0.0%,0,1,0,0,0,-,2,16,8,0,1.0,72,41,607,14.8,5,37.9,623,5
4319,2018,Zach Pascal,WR,IND,16,66.8,236,WR · 97,4.18,301,WR · 126,24,-,0,0,0,0,0,-,2,10,5,0,0.6,46,27,268,9.93,2,16.8,278,2
7538,2025,Zach Wilson,QB,MIA,4,1.4,407,QB · 59,0.35,401,QB · 58,-,54.5%,6,11,32,0,0,8.0,3,1,0.33,0,0.3,0,0,0,0,0,-,33,0
7538,2023,Zach Wilson,QB,NYJ,12,126.9,138,QB · 29,10.58,131,QB · 41,24,60.1%,221,368,2271,8,7,189.3,36,211,5.86,0,17.6,0,0,0,-,0,-,2482,0
7538,2022,Zach Wilson,QB,NYJ,9,105.9,164,QB · 34,11.77,101,QB · 40,23,54.5%,132,242,1688,6,7,187.6,28,102,3.64,1,11.3,1,1,2,2,1,0.2,1792,2
7538,2021,Zach Wilson,QB,NYJ,13,162.9,106,QB · 30,12.53,99,QB · 37,22,55.6%,213,383,2334,9,11,179.5,29,185,6.38,4,14.2,1,0,0,-,0,-,2519,4
2560,2018,Zach Zenner,RB,DET,8,57.1,262,RB · 77,7.14,207,RB · 60,27,-,0,0,0,0,0,-,55,265,4.82,3,33.1,10,7,56,8,0,7.0,321,3
2560,2017,Zach Zenner,RB,-,8,8.6,435,RB · 126,1.08,431,RB · 121,-,-,-,-,-,-,-,-,-,-,-,-,-,-,-,-,-,-,-,0,-
2560,2016,Zach Zenner,RB,-,14,93.0,192,RB · 53,6.64,225,RB · 65,-,-,-,-,-,-,-,-,-,-,-,-,-,-,-,-,-,-,-,0,-
9483,2024,Zack Kuntz,TE,NYJ,1,0.0,544,TE · 115,0.00,544,TE · 115,25,-,0,0,0,0,0,-,0,0,-,0,-,0,0,0,-,0,-,0,0
9483,2023,Zack Kuntz,TE,NYJ,2,0.0,537,TE · 114,0.00,537,TE · 114,24,-,0,0,0,0,0,-,0,0,-,0,-,0,0,0,-,0,-,0,0
6845,2024,Zack Moss,RB,CIN,9,81.9,214,RB · 52,9.10,161,RB · 39,27,-,0,0,0,0,0,-,74,242,3.27,2,26.9,27,23,187,8.13,1,20.8,429,3
6845,2023,Zack Moss,RB,IND,14,169.6,100,RB · 31,12.11,106,RB · 28,26,-,0,0,0,0,0,-,183,794,4.34,5,56.7,37,27,192,7.11,2,13.7,986,7
6845,2022,Zack Moss,RB,2TM,13,64.5,238,RB · 64,4.96,288,RB · 76,25,-,0,0,0,0,0,-,93,456,4.9,1,35.1,13,11,39,3.55,0,3.0,495,1
6845,2021,Zack Moss,RB,BUF,13,105.2,174,RB · 51,8.09,200,RB · 54,24,-,0,0,0,0,0,-,96,345,3.59,4,26.5,32,23,197,8.57,1,15.2,542,5
6845,2020,Zack Moss,RB,BUF,13,101.6,175,RB · 45,7.82,206,RB · 53,23,-,0,0,0,0,0,-,112,481,4.29,4,37.0,18,14,95,6.79,1,7.3,576,5
8139,2025,Zamir White,RB,LV,5,9.6,374,RB · 95,1.92,354,RB · 93,-,-,0,0,0,0,0,-,12,32,2.67,0,6.4,6,4,24,6,0,4.8,56,0
8139,2024,Zamir White,RB,LV,8,29.3,329,RB · 87,3.66,295,RB · 74,25,-,0,0,0,0,0,-,65,183,2.82,1,22.9,8,6,30,5,0,3.8,213,1
8139,2023,Zamir White,RB,LV,14,73.9,211,RB · 56,5.28,244,RB · 65,24,-,0,0,0,0,0,-,104,451,4.34,1,32.2,19,15,98,6.53,0,7.0,549,1
8139,2022,Zamir White,RB,LV,11,7.0,478,RB · 132,0.64,540,RB · 147,23,-,0,0,0,0,0,-,17,70,4.12,0,6.4,0,0,0,-,0,-,70,0
8428,2022,Zander Horvath,RB,LAC,8,18.6,400,RB · 108,2.33,433,RB · 115,24,-,0,0,0,0,0,-,4,8,2,0,1.0,8,5,8,1.6,2,1.0,16,2
11299,2025,Zavier Scott,RB,MIN,9,39.2,292,RB · 72,4.36,273,RB · 75,-,-,0,0,0,0,0,-,32,114,3.56,0,12.7,16,14,98,7,1,10.9,212,1
9997,2025,Zay Flowers,WR,BAL,17,243.3,33,WR · 7,14.31,64,WR · 14,-,-,0,0,0,0,0,-,10,62,6.2,1,3.6,118,86,1211,14.1,5,71.2,1273,6
9997,2024,Zay Flowers,WR,BAL,17,209.5,67,WR · 25,12.32,102,WR · 36,24,-,0,0,0,0,0,-,9,56,6.22,0,3.3,116,74,1059,14.31,4,62.3,1115,4
9997,2023,Zay Flowers,WR,BAL,16,206.4,71,WR · 30,12.90,92,WR · 32,23,-,0,0,0,0,0,-,8,56,7,1,3.5,108,77,858,11.14,5,53.6,914,6
4080,2025,Zay Jones,WR,ARI,8,30.3,317,WR · 128,3.79,291,WR · 114,-,-,0,0,0,0,0,-,0,0,0,0,-,18,12,183,15.3,0,22.9,183,0
4080,2024,Zay Jones,WR,ARI,11,16.4,379,WR · 149,1.49,411,WR · 160,29,-,0,0,0,0,0,-,0,0,-,0,-,11,8,84,10.5,0,7.6,84,0
4080,2023,Zay Jones,WR,JAX,9,78.1,206,WR · 84,8.68,170,WR · 63,28,-,0,0,0,0,0,-,0,0,-,0,-,64,34,321,9.44,2,35.7,321,2
4080,2022,Zay Jones,WR,JAX,16,198.1,68,WR · 26,12.38,95,WR · 32,27,-,0,0,0,0,0,-,4,18,4.5,0,1.1,121,82,823,10.04,5,51.4,841,5
4080,2021,Zay Jones,WR,LV,15,105.9,173,WR · 68,7.06,227,WR · 90,26,-,0,0,0,0,0,-,2,3,1.5,0,0.2,70,47,546,11.62,1,36.4,549,1
4080,2020,Zay Jones,WR,LV,16,36.6,316,WR · 131,2.29,390,WR · 152,25,100.0%,1,1,29,0,0,1.8,0,0,-,0,-,20,14,154,11,1,9.6,183,1
4080,2019,Zay Jones,WR,2TM,15,48.9,260,WR · 103,3.26,308,WR · 124,24,-,0,0,0,0,0,-,1,3,3,0,0.2,45,27,216,8,0,14.4,219,0
4080,2018,Zay Jones,WR,BUF,16,165.2,93,WR · 35,10.33,135,WR · 52,23,0.0%,0,1,0,0,0,-,1,0,0,0,-,102,56,652,11.64,7,40.8,652,7
4080,2017,Zay Jones,WR,-,15,70.6,217,WR · 84,4.71,281,WR · 102,-,-,-,-,-,-,-,-,-,-,-,-,-,-,-,-,-,-,-,0,-
8122,2025,Zonovan Knight,RB,ARI,9,92.9,183,RB · 50,10.32,140,RB · 35,-,-,0,0,0,0,0,-,82,269,3.28,4,29.9,31,22,160,7.3,1,17.8,429,5
8122,2023,Zonovan Knight,RB,DET,2,3.1,496,RB · 130,1.55,424,RB · 113,22,-,0,0,0,0,0,-,3,13,4.33,0,6.5,1,1,8,8,0,4.0,21,0
8122,2022,Zonovan Knight,RB,NYJ,7,59.0,252,RB · 67,8.43,182,RB · 48,21,-,0,0,0,0,0,-,85,300,3.53,1,42.9,14,13,100,7.69,0,14.3,400,1