SZN,SLPR_ID,NM,POS,AGE,TM,PRK_PPR,PRK_0.5P,PRK_STD,FPT_PPR,FPTS_0.5,FPTS_STD,GM_ACTV,GM_P,GM,TM_SNP,SNP,FUM,CMP PCT,paAY,paATT,CMP,pa1D,INC,INT,paRTG,pa.ruYDS,SAC,paTD,paYDS,paYPA,paYPC,REC,recAY,DRP,rec1D,recTD,TGT,YAC,recYDS,YPR,YPT,CAR,BTKL,ru1D,ru.recYDS,ruTD,YCO,ruYDS,YPC,SNP%,MTF,YCO/A,MTF/A,ruIMP,ELU,IMP,OPP,IMP/OPP,IMP/G,RR,TS%,YPRR,pIMP,pIMP/A,TTT,DP%,PRS%,AYA,1DRR,DB,YDS(t),CPOE,EPA/DB,YPG(t),paYPG,ruYPG,recYPG,RYOE,FPOE,aFPOE,PROJ,CSTY%,CL
2025,4984,Josh Allen,QB,29.6,BUF,1,1,1,374.62,374.62,374.62,17,17,17,1057,1033,7,69.3%,1702,460,319,152,141,10,102.16,4247,40,25,3668,7.97,11.50,0,0,0,0,0,0,0,0,0.0,0.0,112,7,32,579,14,0,579,5.17,97.7%,NA,NA,NA,46,NA,223,572,0.390,13.1,NA,NA,NA,177,38.5%,2.58,9.3%,29.7%,6.3,NA,485,4247,1.5%,+0.10,249.8,215.8,34.1,0.0,NA,0.0,-2.1,410.5,76%,40.4
2025,9488,Jaxon Smith-Njigba,WR,23.8,SEA,2,2,2,359.9,300.4,240.9,17,17,17,1064,829,3,0.0%,0,0,0,0,0,0,0.00,36,0,0,0,0.00,0.00,119,1265,5,69,10,163,528,1793,15.1,11.0,7,1,2,1829,0,0,36,5.14,77.9%,NA,NA,NA,2,NA,81,170,0.476,4.8,478,33.9%,3.75,0,NA,NA,NA,NA,NA,0.144,0,1829,NA,NA,107.6,0.0,2.1,105.5,NA,0.0,0.1,341.6,94%,31.8
2025,7564,Ja'Marr Chase,WR,25.8,CIN,4,4,5,313.6,251.1,188.6,17,16,16,978,919,1,0.0%,0,0,0,0,0,0,0.00,14,0,0,0,0.00,0.00,125,772,4,65,8,185,640,1412,11.3,7.6,3,0,0,1426,0,0,14,4.67,94.0%,NA,NA,NA,0,NA,73,188,0.388,4.6,617,28.9%,2.29,0,NA,NA,NA,NA,NA,0.105,0,1426,NA,NA,89.1,0.0,0.9,88.3,NA,0.0,0.9,298.8,69%,34.5
2025,9221,Jahmyr Gibbs,RB,23.7,DET,3,4,4,366.9,328.4,289.9,17,17,17,1026,685,2,0.0%,0,0,0,0,0,0,0.00,1223,0,0,0,0.00,0.00,77,1,4,23,5,94,615,616,8.0,6.6,243,17,43,1839,13,744,1223,5.03,66.8%,80,3.06,0.329,56,0.635,84,337,0.249,4.9,NA,16.2%,NA,0,NA,NA,NA,NA,NA,NA,0,1839,NA,NA,108.2,0.0,71.9,36.2,296.0,0.0,-1.1,350.8,71%,43.5
2025,11564,Drake Maye,QB,23.3,NE,2,2,2,359.96,359.46,358.96,17,17,17,1035,1005,8,72.0%,2648,492,354,172,138,8,113.48,4844,47,31,4394,8.93,12.41,1,-8,0,0,0,1,10,2,2.0,2.0,103,1,34,452,4,0,450,4.37,97.1%,NA,NA,NA,38,NA,241,596,0.404,14.2,NA,NA,NA,203,41.3%,2.97,9.6%,38.1%,9.1,NA,601,4846,9.1%,+0.25,285.1,258.5,26.5,0.1,NA,0.0,-0.3,373.1,82%,29.0
2025,9509,Bijan Robinson,RB,23.8,ATL,2,3,3,370.8,331.3,291.8,17,17,17,1033,807,4,0.0%,0,0,0,0,0,0,0.00,1478,0,0,0,0.00,0.00,79,-37,4,30,4,103,857,820,10.4,8.0,287,22,56,2298,7,1122,1478,5.15,78.1%,107,3.91,0.373,63,0.764,97,390,0.249,5.7,NA,18.9%,NA,0,NA,NA,NA,NA,NA,NA,0,2298,NA,NA,135.2,0.0,86.9,48.2,402.0,0.0,1.8,347.4,76%,35.3
2025,9493,Puka Nacua,WR,24.5,LAR,1,1,1,375,310.5,246,16,16,15,990,675,1,0.0%,0,0,0,0,0,0,0.00,105,0,0,0,0.00,0.00,129,1049,4,70,10,166,666,1715,13.3,10.3,10,1,4,1820,1,0,105,10.5,68.2%,NA,NA,NA,5,NA,85,176,0.483,5.3,454,27.8%,3.78,0,NA,NA,NA,NA,NA,0.154,0,1820,NA,NA,113.8,0.0,6.6,107.2,NA,0.0,3.2,330.6,94%,39.4
2025,4881,Lamar Jackson,QB,28.9,BAL,20,20,20,221.86,221.86,221.86,13,13,13,704,651,7,63.6%,1485,302,192,88,110,7,103.75,2898,36,21,2549,8.44,13.28,0,0,0,0,0,0,0,0,0.0,0.0,67,7,22,349,2,0,349,5.21,92.5%,NA,NA,NA,24,NA,133,369,0.360,10.2,NA,NA,NA,109,36.1%,3.02,12.9%,36.5%,9.1,NA,372,2898,-2.2%,-0.04,222.9,196.1,26.8,0.0,NA,0.0,-6.0,310.9,54%,27.6
2025,11632,Malik Nabers,WR,22.4,NYG,102,99,97,57.1,48.1,39.1,17,4,4,277,216,0,0.0%,0,0,0,0,0,0,0.00,0,0,0,0,0.00,0.00,18,219,1,9,2,35,52,271,15.1,7.7,0,0,0,271,0,0,0,0,78.0%,NA,NA,NA,0,NA,11,35,0.314,2.8,123,6.7%,2.20,0,NA,NA,NA,NA,NA,0.073,0,271,NA,NA,67.8,0.0,0.0,67.8,NA,0.0,-2.3,66.1,50%,NA
2025,11604,Brock Bowers,TE,23.0,LV,11,9,8,176.2,144.2,112.2,14,12,8,708,605,0,0.0%,0,0,0,0,0,0,0.00,2,0,0,0,0.00,0.00,64,375,4,29,7,86,305,680,10.6,7.9,2,0,0,682,0,0,2,1,85.5%,NA,0.00,NA,0,NA,36,88,0.409,3.0,374,16.7%,1.82,0,NA,NA,NA,NA,NA,0.078,0,682,NA,NA,56.8,0.0,0.2,56.7,NA,0.0,-0.2,181.5,58%,27.0
2025,7547,Amon-Ra St. Brown,WR,26.1,DET,3,3,3,324,265.5,207,17,17,17,1026,870,1,0.0%,0,0,0,0,0,0,0.00,9,0,0,0,0.00,0.00,117,831,10,60,11,172,570,1401,12.0,8.2,3,0,1,1410,0,0,9,3,84.8%,NA,NA,NA,1,NA,72,175,0.411,4.2,561,29.6%,2.50,0,NA,NA,NA,NA,NA,0.107,0,1410,NA,NA,82.9,0.0,0.5,82.4,NA,0.0,-0.2,317.2,76%,36.8
2025,6786,CeeDee Lamb,WR,26.7,DAL,22,20,23,200.9,163.4,125.9,14,14,13,947,707,0,0.0%,0,0,0,0,0,0,0.00,2,0,0,0,0.00,0.00,75,754,8,40,3,117,323,1077,14.4,9.2,1,0,0,1079,0,0,2,2,74.7%,NA,NA,NA,0,NA,43,118,0.364,3.1,437,18.8%,2.46,0,NA,NA,NA,NA,NA,0.092,0,1079,NA,NA,77.1,0.0,0.1,76.9,NA,0.0,-4.1,261.9,64%,22.1
2025,11566,Jayden Daniels,QB,25.0,WAS,34,34,34,117.28,117.28,117.28,7,7,7,447,405,3,60.6%,685,188,114,51,74,3,88.12,1540,18,8,1262,6.71,11.07,0,0,0,0,0,0,0,0,0.0,0.0,58,4,12,278,2,0,278,4.79,90.6%,NA,NA,NA,14,NA,73,246,0.297,10.4,NA,NA,NA,59,31.4%,2.79,8.5%,35.5%,7.6,NA,245,1540,-3.3%,-0.04,220.0,180.3,39.7,0.0,NA,0.0,-5.7,157.0,86%,20.8
2025,6794,Justin Jefferson,WR,26.5,MIN,21,25,30,201.5,159.5,117.5,17,17,17,934,890,0,0.0%,0,0,0,0,0,0,0.00,7,0,0,0,0.00,0.00,84,597,3,45,2,141,451,1048,12.5,7.4,2,0,0,1055,0,0,7,3.5,95.3%,NA,NA,NA,0,NA,47,143,0.329,2.8,531,29.1%,1.97,0,NA,NA,NA,NA,NA,0.085,0,1055,NA,NA,62.1,0.0,0.4,61.6,NA,0.0,-3.5,263.5,53%,20.1
2025,8130,Trey McBride,TE,26.0,ARI,1,1,1,315.9,252.9,189.9,17,17,17,1077,981,0,0.0%,0,0,0,0,0,0,0.00,0,0,0,0,0.00,0.00,126,656,2,52,11,169,583,1239,9.8,7.3,0,0,0,1239,0,0,0,0,91.1%,NA,NA,NA,0,NA,63,169,0.373,3.7,653,26.0%,1.90,0,NA,NA,NA,NA,NA,0.080,0,1239,NA,NA,72.9,0.0,0.0,72.9,NA,0.0,1.9,286.9,82%,31.5
2025,6813,Jonathan Taylor,RB,26.9,IND,4,2,1,362.3,339.3,316.3,17,17,17,1007,849,2,0.0%,0,0,0,0,0,0,0.00,1585,0,0,0,0.00,0.00,46,-56,4,13,2,55,434,378,8.2,6.9,323,26,66,1963,18,1225,1585,4.91,84.3%,100,3.79,0.310,84,0.689,99,378,0.262,5.8,NA,10.1%,NA,0,NA,NA,NA,NA,NA,NA,0,1963,NA,NA,115.5,0.0,93.2,22.2,354.0,0.0,2.1,342.2,76%,40.4
2025,4046,Patrick Mahomes,QB,30.2,KC,11,11,11,296.68,296.18,295.68,17,14,14,961,934,3,62.7%,1693,502,315,151,187,11,89.62,4009,34,22,3587,7.15,11.39,1,-8,0,0,0,1,-2,-10,-10.0,-10.0,64,4,22,412,5,0,422,6.59,97.2%,NA,NA,NA,27,NA,200,567,0.353,14.3,NA,NA,NA,173,34.5%,2.79,11.3%,29.3%,7.9,NA,590,3999,-2.9%,+0.11,285.6,256.2,30.1,-0.7,NA,0.0,-1.6,324.3,64%,29.5
2025,9226,De'Von Achane,RB,24.2,MIA,5,5,7,322.8,289.3,255.8,16,16,16,927,697,1,0.0%,0,0,0,0,0,0,0.00,1350,0,0,0,0.00,0.00,67,-64,5,19,4,85,552,488,7.3,5.7,238,22,48,1838,8,1053,1350,5.67,75.2%,92,4.42,0.387,56,0.829,79,323,0.245,4.9,NA,17.7%,NA,0,NA,NA,NA,NA,NA,NA,0,1838,NA,NA,114.9,0.0,84.4,30.5,365.0,0.0,-1.3,343.5,100%,32.6
2025,6770,Joe Burrow,QB,29.0,CIN,29,29,29,139.46,139.46,139.46,17,8,8,478,411,0,66.8%,985,259,173,83,86,5,100.68,1850,17,17,1809,6.98,10.46,0,0,0,0,0,0,0,0,0.0,0.0,14,0,5,41,0,0,41,2.93,86.0%,NA,NA,NA,5,NA,105,273,0.385,13.1,NA,NA,NA,100,38.6%,2.80,10.4%,31.7%,7.6,NA,284,1850,2.1%,+0.04,231.3,226.1,5.1,0.0,NA,0.0,-3.9,190.4,63%,25.5
2025,8112,Drake London,WR,24.4,ATL,19,17,17,201.9,167.9,133.9,12,12,12,723,650,1,0.0%,0,0,0,0,0,0,0.00,0,0,0,0,0.00,0.00,68,690,1,39,7,112,229,919,13.5,8.2,0,0,0,919,0,0,0,0,89.9%,NA,NA,NA,0,NA,46,112,0.411,3.8,381,20.5%,2.41,0,NA,NA,NA,NA,NA,0.102,0,919,NA,NA,76.6,0.0,0.0,76.6,NA,0.0,1.0,189.8,58%,31.9
2025,6904,Jalen Hurts,QB,27.3,PHI,8,8,8,305.06,305.06,305.06,17,16,16,988,965,8,64.8%,1959,454,294,125,160,6,98.49,3645,32,25,3224,7.10,10.97,0,0,0,0,0,0,0,0,0.0,0.0,105,3,32,421,8,0,421,4.01,97.7%,NA,NA,NA,40,NA,190,559,0.340,11.9,NA,NA,NA,150,33.0%,2.98,13.2%,32.7%,9.0,NA,526,3645,3.1%,+0.01,227.8,201.5,26.3,0.0,NA,0.0,-4.9,372.9,69%,28.4
2025,6797,Justin Herbert,QB,27.8,LAC,10,10,10,299.88,299.88,299.88,16,16,16,1072,1043,7,66.4%,2070,512,340,149,172,13,94.10,4225,54,26,3727,7.28,10.96,0,0,0,0,0,0,0,0,0.0,0.0,83,3,32,498,2,0,498,6,97.3%,NA,NA,NA,34,NA,209,595,0.351,13.1,NA,NA,NA,175,34.2%,2.90,11.2%,43.3%,8.0,NA,617,4225,3.3%,+0.02,264.1,232.9,31.1,0.0,NA,0.0,-2.5,339.2,50%,29.6
2025,12514,Emeka Egbuka,WR,23.2,TB,23,19,18,195.7,164.2,132.7,17,17,13,1134,886,0,0.0%,0,0,0,0,0,0,0.00,9,0,0,0,0.00,0.00,63,603,9,28,6,127,335,938,14.9,7.4,2,0,0,947,0,0,9,4.5,78.1%,NA,NA,NA,0,NA,34,129,0.264,2.0,504,22.8%,1.86,0,NA,NA,NA,NA,NA,0.056,0,947,NA,NA,55.7,0.0,0.5,55.2,NA,0.0,-0.9,205.8,35%,26.1
2025,10229,Rashee Rice,WR,25.6,KC,40,41,41,150.1,123.6,97.1,16,8,8,567,415,2,0.0%,0,0,0,0,0,0,0.00,20,0,0,0,0.00,0.00,53,157,5,23,5,78,414,571,10.8,7.3,5,0,1,591,1,0,20,4,73.2%,NA,NA,NA,2,NA,30,83,0.361,3.8,251,13.4%,2.27,0,NA,NA,NA,NA,NA,0.092,0,591,NA,NA,73.9,0.0,2.5,71.4,NA,0.0,-1.3,154.0,75%,26.3
2025,12527,Ashton Jeanty,RB,22.0,LV,11,13,15,245.1,217.6,190.1,17,17,17,931,711,2,0.0%,0,0,0,0,0,0,0.00,975,0,0,0,0.00,0.00,55,-106,4,8,5,73,452,346,6.3,4.7,266,24,39,1321,5,860,975,3.67,76.4%,88,3.23,0.331,44,0.654,57,339,0.168,3.4,NA,14.2%,NA,0,NA,NA,NA,NA,NA,NA,0,1321,NA,NA,77.7,0.0,57.4,20.4,101.0,0.0,-2.0,267.3,59%,30.0
2025,12508,Jaxson Dart,QB,22.6,NYG,14,14,14,246.58,246.58,246.58,15,14,12,918,699,5,63.7%,1111,339,216,87,123,5,91.71,2759,35,15,2272,6.70,10.52,0,0,0,0,0,0,0,0,0.0,0.0,86,0,29,487,9,0,487,5.66,76.1%,NA,NA,NA,38,NA,140,425,0.329,10.0,NA,NA,NA,102,30.1%,2.73,11.2%,34.5%,8.0,NA,397,2759,-2.0%,-0.01,197.1,162.3,34.8,0.0,NA,0.0,0.0,246.3,71%,27.6
2025,11560,Caleb Williams,QB,24.0,CHI,5,5,6,325.18,324.18,323.18,17,17,17,1099,1088,8,58.1%,2107,568,330,160,238,7,90.13,4325,24,27,3942,6.94,11.95,2,-3,0,1,1,2,25,22,11.0,11.0,77,5,25,405,3,0,383,4.97,99.0%,NA,NA,NA,28,NA,217,647,0.335,12.8,NA,NA,NA,187,32.9%,3.19,10.6%,31.4%,8.4,NA,639,4347,-6.9%,+0.05,255.7,231.9,22.5,1.3,NA,0.0,0.6,312.1,65%,31.0
2025,12526,Tetairoa McMillan,WR,22.7,CAR,16,15,15,211.4,176.4,141.4,17,17,17,1061,925,1,0.0%,0,0,0,0,0,0,0.00,0,0,0,0,0.00,0.00,70,745,7,48,7,122,269,1014,14.5,8.3,0,0,0,1014,0,0,0,0,87.2%,NA,NA,NA,0,NA,55,122,0.451,3.2,528,23.7%,1.92,0,NA,NA,NA,NA,NA,0.091,0,1014,NA,NA,59.6,0.0,0.0,59.6,NA,0.0,-1.5,238.9,35%,23.4
2025,8137,George Pickens,WR,24.8,DAL,5,5,4,291.9,245.4,198.9,17,17,15,1131,943,4,0.0%,0,0,0,0,0,0,0.00,0,0,0,0,0.00,0.00,93,950,4,64,9,137,479,1429,15.4,10.4,0,0,0,1429,0,0,0,0,83.4%,NA,NA,NA,0,NA,73,137,0.533,4.3,588,22.0%,2.43,0,NA,NA,NA,NA,NA,0.109,0,1429,NA,NA,84.1,0.0,0.0,84.1,NA,0.0,1.3,256.0,71%,31.6
2025,12507,Omarion Hampton,RB,22.7,LAC,35,36,38,135.7,119.7,103.7,16,9,6,606,384,1,0.0%,0,0,0,0,0,0,0.00,545,0,0,0,0.00,0.00,32,-53,0,6,1,35,245,192,6.0,5.5,124,15,27,737,4,429,545,4.4,63.4%,42,3.46,0.339,31,0.685,38,159,0.239,4.2,NA,6.2%,NA,0,NA,NA,NA,NA,NA,NA,0,737,NA,NA,81.9,0.0,60.6,21.3,132.0,0.0,1.4,122.8,67%,24.1
2025,12518,Tyler Warren,TE,23.5,IND,4,5,7,188.5,150.5,112.5,17,17,12,1007,846,1,0.0%,0,1,0,0,1,0,39.58,8,0,0,0,0.00,0.00,76,343,2,38,4,112,474,817,10.8,7.3,6,0,2,825,1,0,8,1.33,84.0%,NA,0.00,NA,3,NA,45,119,0.378,2.6,473,20.5%,1.73,0,0.0%,NA,NA,NA,NA,0.080,0,825,NA,NA,48.5,0.0,0.5,48.1,NA,0.0,-0.7,202.0,47%,18.2
2025,12529,TreVeyon Henderson,RB,23.1,NE,21,19,19,206.2,188.7,171.2,17,17,4,1035,477,1,0.0%,0,0,0,0,0,0,0.00,911,0,0,0,0.00,0.00,35,-23,2,6,1,42,244,221,6.3,5.3,180,10,36,1132,9,638,911,5.06,46.1%,54,3.54,0.300,45,0.654,52,222,0.234,3.1,NA,8.4%,NA,0,NA,NA,NA,NA,NA,NA,0,1132,NA,NA,66.6,0.0,53.6,13.0,252.0,0.0,0.0,210.1,35%,30.1
2025,11563,Bo Nix,QB,25.8,DEN,7,7,7,315.84,315.84,315.84,17,17,17,1081,1077,4,63.4%,1838,612,388,171,224,11,87.81,4287,22,25,3931,6.42,10.13,0,0,0,0,0,1,0,0,0.0,0.0,83,0,20,356,5,0,356,4.29,99.6%,NA,NA,NA,25,NA,221,696,0.318,13.0,NA,NA,NA,196,32.0%,2.86,10.9%,27.7%,7.5,NA,669,4287,-2.1%,+0.05,252.2,231.2,20.9,0.0,NA,0.0,-1.7,344.0,59%,31.9
2025,7569,Nico Collins,WR,26.7,HOU,8,9,9,226.2,190.7,155.2,15,15,15,1012,778,1,0.0%,0,0,0,0,0,0,0.00,15,0,0,0,0.00,0.00,71,793,1,42,6,120,324,1117,15.7,9.3,2,0,0,1132,1,0,15,7.5,76.9%,NA,NA,NA,1,NA,49,122,0.402,3.3,456,20.6%,2.45,0,NA,NA,NA,NA,NA,0.092,0,1132,NA,NA,75.5,0.0,1.0,74.5,NA,0.0,-0.6,241.9,60%,23.4
2025,12512,Quinshon Judkins,RB,22.1,CLE,26,26,26,169.8,156.8,143.8,17,14,14,903,452,0,0.0%,0,0,0,0,0,0,0.00,827,0,0,0,0.00,0.00,26,-23,1,7,0,36,194,171,6.6,4.8,230,11,43,998,7,786,827,3.6,50.1%,46,3.42,0.200,50,0.542,57,266,0.214,4.1,NA,6.5%,NA,0,NA,NA,NA,NA,NA,NA,0,998,NA,NA,71.3,0.0,59.1,12.2,190.0,0.0,-1.7,189.1,43%,21.5
2025,8138,James Cook,RB,26.2,BUF,6,6,5,302.2,285.7,269.2,17,17,17,1057,637,6,0.0%,0,0,0,0,0,0,0.00,1621,0,0,0,0.00,0.00,33,19,3,9,2,40,272,291,8.8,7.3,309,21,56,1912,12,1111,1621,5.25,60.3%,78,3.60,0.252,68,0.612,79,349,0.226,4.6,NA,8.1%,NA,0,NA,NA,NA,NA,NA,NA,0,1912,NA,NA,112.5,0.0,95.4,17.1,515.0,0.0,0.5,291.2,65%,30.4
2025,11584,Bucky Irving,RB,23.3,TB,34,33,36,138.5,123.5,108.5,10,10,9,684,421,1,0.0%,0,0,0,0,0,0,0.00,588,0,0,0,0.00,0.00,30,-83,0,8,3,35,360,277,9.2,7.9,173,10,26,865,1,419,588,3.4,61.5%,53,2.42,0.306,27,0.548,38,208,0.183,3.8,NA,6.3%,NA,0,NA,NA,NA,NA,NA,NA,0,865,NA,NA,86.5,0.0,58.8,27.7,-45.0,0.0,-2.6,164.6,60%,19.9
2025,11635,Ladd McConkey,WR,24.1,LAC,30,29,32,180.9,147.9,114.9,17,16,12,1072,838,0,0.0%,0,0,0,0,0,0,0.00,0,0,0,0,0.00,0.00,66,479,6,29,6,106,310,789,12.0,7.4,0,0,0,789,0,0,0,0,78.2%,NA,NA,NA,0,NA,35,106,0.330,2.2,532,18.6%,1.48,0,NA,NA,NA,NA,NA,0.055,0,789,NA,NA,49.3,0.0,0.0,49.3,NA,0.0,-2.8,229.1,50%,21.5
2025,8146,Garrett Wilson,WR,25.4,NYJ,62,62,64,99.5,81.5,63.5,15,7,7,431,383,1,0.0%,0,0,0,0,0,0,0.00,0,0,0,0,0.00,0.00,36,291,3,14,4,59,104,395,11.0,6.7,0,0,0,395,0,0,0,0,88.9%,NA,NA,NA,0,NA,18,59,0.305,2.6,195,11.9%,2.03,0,NA,NA,NA,NA,NA,0.072,0,395,NA,NA,56.4,0.0,0.0,56.4,NA,0.0,-0.9,105.7,57%,22.4
2025,4034,Christian McCaffrey,RB,29.5,SF,1,1,2,416.6,365.6,314.6,17,17,17,1123,932,2,0.0%,0,1,0,0,1,0,39.58,1202,0,0,0,0.00,0.00,102,204,7,41,7,129,720,924,9.1,7.2,311,10,61,2126,10,977,1202,3.86,83.0%,113,3.14,0.363,71,0.678,119,441,0.270,7.0,NA,22.5%,NA,0,0.0%,NA,NA,NA,NA,NA,0,2126,NA,NA,125.1,0.0,70.7,54.4,-14.0,0.0,1.2,394.3,88%,36.2
2025,6804,Jordan Love,QB,27.1,GB,15,15,15,241.14,241.14,241.14,16,15,15,953,894,7,66.3%,1870,439,291,136,148,6,101.18,3580,21,23,3381,7.70,11.62,0,0,0,0,0,0,0,0,0.0,0.0,47,2,14,199,0,0,199,4.23,93.8%,NA,NA,NA,14,NA,173,486,0.356,11.5,NA,NA,NA,159,36.2%,2.89,12.7%,35.8%,8.8,NA,484,3580,3.8%,+0.20,238.7,225.4,13.3,0.0,NA,0.0,-3.6,306.3,40%,26.8
2025,11620,Rome Odunze,WR,23.5,CHI,41,40,36,146.1,124.1,102.1,13,12,12,899,733,0,0.0%,0,0,0,0,0,0,0.00,0,0,0,0,0.00,0.00,44,447,2,31,6,90,214,661,15.0,7.3,0,0,0,661,0,0,0,0,81.5%,NA,NA,NA,0,NA,37,90,0.411,3.1,381,15.7%,1.73,0,NA,NA,NA,NA,NA,0.081,0,661,NA,NA,55.1,0.0,0.0,55.1,NA,0.0,-1.2,164.4,50%,23.6
2025,11628,Marvin Harrison Jr.,WR,23.3,ARI,49,49,48,127.8,107.3,86.8,13,12,10,788,566,0,0.0%,0,0,0,0,0,0,0.00,0,0,0,0,0.00,0.00,41,489,4,26,4,73,119,608,14.8,8.3,0,0,0,608,0,0,0,0,71.8%,NA,NA,NA,0,NA,30,73,0.411,2.5,357,11.2%,1.70,0,NA,NA,NA,NA,NA,0.073,0,608,NA,NA,50.7,0.0,0.0,50.7,NA,0.0,-1.8,149.9,50%,19.8
2025,4892,Baker Mayfield,QB,30.6,TB,12,12,12,282.92,282.92,282.92,17,17,17,1134,1099,11,63.2%,1768,543,343,146,200,11,90.58,4075,36,26,3693,6.80,10.77,0,0,0,0,0,0,0,0,0.0,0.0,55,7,26,382,1,0,382,6.95,96.9%,NA,NA,NA,27,NA,199,598,0.333,11.7,NA,NA,NA,172,31.7%,2.85,9.4%,31.2%,8.1,NA,621,4075,-1.6%,0.00,239.7,217.2,22.5,0.0,NA,0.0,-4.0,362.6,59%,24.1
2025,8183,Brock Purdy,QB,26.0,SF,24,24,24,187.38,187.38,187.38,9,9,9,588,576,3,69.4%,1318,284,197,110,87,10,100.48,2314,11,20,2167,7.63,11.00,0,0,0,0,0,0,0,0,0.0,0.0,33,0,13,147,3,0,147,4.45,98.0%,NA,NA,NA,16,NA,146,317,0.461,16.2,NA,NA,NA,130,45.8%,3.17,8.8%,34.9%,7.9,NA,312,2314,5.1%,+0.13,257.1,240.8,16.3,0.0,NA,0.0,0.2,198.3,78%,32.0
2025,8155,Breece Hall,RB,24.5,NYJ,19,18,18,207.66,189.66,171.66,16,16,16,999,640,2,100.0%,4,1,1,0,0,0,122.92,1069,0,1,4,4.00,4.00,36,29,2,12,1,48,321,350,9.7,7.3,243,12,53,1415,4,743,1065,4.38,64.1%,50,3.06,0.206,57,0.512,71,292,0.243,4.4,NA,9.7%,NA,1,100.0%,NA,NA,NA,NA,NA,0,1419,NA,NA,88.7,0.3,66.6,21.9,243.0,0.0,-1.4,227.2,50%,24.4
2025,3294,Dak Prescott,QB,32.4,DAL,6,6,5,323.78,323.78,323.78,17,17,17,1131,1107,6,67.3%,2529,600,404,190,196,10,99.53,4729,31,30,4552,7.59,11.27,0,0,0,0,0,0,0,0,0.0,0.0,53,3,13,177,2,0,177,3.34,97.9%,NA,NA,NA,15,NA,235,653,0.360,13.8,NA,NA,NA,220,36.7%,2.82,11.0%,32.1%,8.3,NA,658,4729,4.4%,+0.12,278.2,267.8,10.4,0.0,NA,0.0,-3.5,373.2,71%,29.1
2025,9758,C.J. Stroud,QB,24.2,HOU,21,21,21,216.54,216.54,216.54,14,14,14,888,824,2,64.5%,1676,423,273,117,150,8,92.91,3250,23,19,3041,7.19,11.14,0,0,0,0,0,0,0,0,0.0,0.0,48,0,16,209,1,0,209,4.35,92.8%,NA,NA,NA,17,NA,153,471,0.325,10.9,NA,NA,NA,136,32.2%,2.83,9.9%,32.8%,8.0,NA,473,3250,0.8%,+0.07,232.1,217.2,14.9,0.0,NA,0.0,-2.0,245.1,36%,25.0
2025,11631,Brian Thomas Jr.,WR,23.2,JAX,42,43,45,138.8,114.8,90.8,14,14,14,894,706,0,0.0%,0,0,0,0,0,0,0.00,21,0,0,0,0.00,0.00,48,548,10,31,2,91,159,707,14.7,7.8,3,0,1,728,1,0,21,7,79.0%,NA,NA,NA,2,NA,35,94,0.372,2.5,450,16.2%,1.57,0,NA,NA,NA,NA,NA,0.069,0,728,NA,NA,52.0,0.0,1.5,50.5,NA,0.0,-3.4,186.5,21%,17.4
2025,8144,Chris Olave,WR,25.4,NO,6,6,6,269,219,169,16,16,16,1056,887,0,0.0%,0,1,0,0,1,1,0.00,-3,0,0,0,0.00,0.00,100,874,5,44,9,156,289,1163,11.6,7.5,1,0,0,1160,0,0,-3,-3,84.0%,NA,NA,NA,0,NA,53,158,0.335,3.3,558,26.4%,2.08,0,0.0%,NA,NA,NA,NA,0.079,0,1160,NA,NA,72.5,0.0,-0.2,72.7,NA,0.0,2.3,235.5,75%,29.8
2025,6801,Tee Higgins,WR,26.9,CIN,15,12,11,211.6,182.1,152.6,15,15,14,884,710,0,0.0%,0,0,0,0,0,0,0.00,0,0,0,0,0.00,0.00,59,680,2,30,11,98,166,846,14.3,8.6,0,0,0,846,0,0,0,0,80.3%,NA,NA,NA,0,NA,41,98,0.418,2.7,513,15.3%,1.65,0,NA,NA,NA,NA,NA,0.058,0,846,NA,NA,56.4,0.0,0.0,56.4,NA,0.0,1.5,198.9,47%,27.3
2025,8150,Kyren Williams,RB,25.3,LAR,9,9,8,263.3,245.3,227.3,17,17,17,1060,725,2,0.0%,0,0,0,0,0,0,0.00,1252,0,0,0,0.00,0.00,36,126,1,9,3,50,155,281,7.8,5.6,259,21,64,1533,10,948,1252,4.83,68.4%,72,3.66,0.278,74,0.644,86,309,0.278,5.1,NA,8.4%,NA,0,NA,NA,NA,NA,NA,NA,0,1533,NA,NA,90.2,0.0,73.6,16.5,295.0,0.0,0.7,259.6,65%,25.1
2025,5850,Josh Jacobs,RB,27.8,GB,13,12,12,237.1,219.1,201.1,15,15,15,934,554,3,0.0%,0,0,0,0,0,0,0.00,929,0,0,0,0.00,0.00,36,-22,1,7,1,44,304,282,7.8,6.4,234,16,42,1211,13,725,929,3.97,59.3%,64,3.10,0.274,55,0.583,63,278,0.227,4.2,NA,9.0%,NA,0,NA,NA,NA,NA,NA,NA,0,1211,NA,NA,80.7,0.0,61.9,18.8,118.0,0.0,-1.8,277.9,73%,29.0
2025,9484,Tucker Kraft,TE,25.1,GB,24,21,17,117.2,101.2,85.2,17,8,8,510,439,0,0.0%,0,0,0,0,0,0,0.00,3,0,0,0,0.00,0.00,32,145,3,16,6,44,344,489,15.3,11.1,1,0,0,492,0,0,3,3,86.1%,NA,0.00,NA,0,NA,22,45,0.489,2.8,184,9.0%,2.66,0,NA,NA,NA,NA,NA,0.087,0,492,NA,NA,61.5,0.0,0.4,61.1,NA,0.0,3.5,89.4,50%,24.8
2025,4866,Saquon Barkley,RB,28.8,PHI,14,14,13,232.3,213.8,195.3,17,16,16,988,773,1,0.0%,0,0,0,0,0,0,0.00,1140,0,0,0,0.00,0.00,37,-23,2,9,2,50,296,273,7.4,5.5,280,18,41,1413,7,824,1140,4.07,78.2%,61,2.94,0.218,48,0.512,59,330,0.179,3.7,NA,10.1%,NA,0,NA,NA,NA,NA,NA,NA,0,1413,NA,NA,88.3,0.0,71.3,17.1,207.0,0.0,-2.3,271.2,63%,24.3
2025,12530,Travis Hunter,WR,22.6,JAX,97,97,104,63.8,49.8,35.8,17,7,4,486,324,1,0.0%,0,0,0,0,0,0,0.00,0,0,0,0,0.00,0.00,28,158,2,11,1,45,140,298,10.6,6.6,1,0,0,298,0,0,0,0,66.7%,NA,NA,NA,0,NA,12,46,0.261,1.7,209,8.0%,1.43,0,NA,NA,NA,NA,NA,0.053,0,298,NA,NA,42.6,0.0,0.0,42.6,NA,0.0,0.6,59.5,14%,14.3
2025,8148,Jameson Williams,WR,24.7,DET,12,10,10,219.9,187.4,154.9,17,17,15,1026,923,0,0.0%,0,0,0,0,0,0,0.00,12,0,0,0,0.00,0.00,65,676,10,42,7,102,441,1117,17.2,11.0,6,1,0,1129,0,0,12,2,90.0%,NA,NA,NA,0,NA,49,108,0.454,2.9,590,17.5%,1.89,0,NA,NA,NA,NA,NA,0.071,0,1129,NA,NA,66.4,0.0,0.7,65.7,NA,0.0,1.4,211.8,59%,25.7
2025,12481,Cam Skattebo,RB,23.8,NYG,37,39,39,127.7,115.7,103.7,17,8,5,545,295,1,0.0%,0,0,0,0,0,0,0.00,410,0,0,0,0.00,0.00,24,-2,0,9,2,32,209,207,8.6,6.5,101,7,22,617,5,368,410,4.06,54.1%,35,3.65,0.347,27,0.711,38,133,0.286,4.8,NA,6.1%,NA,0,NA,NA,NA,NA,NA,NA,0,617,NA,NA,77.1,0.0,51.3,25.9,93.0,0.0,4.1,94.6,75%,24.5
2025,5859,A.J. Brown,WR,28.4,PHI,11,14,14,220.3,181.3,142.3,16,15,15,931,843,0,0.0%,0,0,0,0,0,0,0.00,0,0,0,0,0.00,0.00,78,735,1,40,7,121,268,1003,12.9,8.3,0,0,0,1003,0,0,0,0,90.5%,NA,NA,NA,0,NA,47,121,0.388,3.1,450,24.3%,2.23,0,NA,NA,NA,NA,NA,0.089,0,1003,NA,NA,66.9,0.0,0.0,66.9,NA,0.0,-0.6,219.7,53%,29.4
2025,7526,Jaylen Waddle,WR,27.0,MIA,24,23,19,194.12,162.12,130.12,16,16,16,927,724,1,100.0%,-5,1,1,0,0,0,100.00,36,0,0,8,8.00,8.00,64,682,5,42,6,100,228,910,14.2,9.1,2,0,1,938,0,0,28,14,78.1%,NA,NA,NA,1,NA,49,103,0.476,3.1,391,20.9%,2.33,0,0.0%,NA,NA,NA,NA,0.107,0,946,NA,NA,59.1,0.5,1.8,56.9,NA,0.0,-1.7,221.8,56%,21.1
2025,12517,Colston Loveland,TE,21.7,CHI,12,12,9,165.1,136.1,107.1,16,16,11,1031,651,0,0.0%,0,0,0,0,0,0,0.00,-2,0,0,0,0.00,0.00,58,463,1,30,6,82,250,713,12.3,8.7,1,0,0,711,0,0,-2,-2,63.1%,NA,0.00,NA,0,NA,36,83,0.434,2.3,345,14.3%,2.07,0,NA,NA,NA,NA,NA,0.087,0,711,NA,NA,44.4,0.0,-0.1,44.6,NA,0.0,2.7,118.1,31%,25.4
2025,7525,DeVonta Smith,WR,27.1,PHI,20,21,25,201.8,163.3,124.8,17,17,16,988,879,0,0.0%,0,0,0,0,0,0,0.00,0,0,0,0,0.00,0.00,77,715,3,40,4,113,293,1008,13.1,8.9,0,0,0,1008,0,0,0,0,89.0%,NA,NA,NA,0,NA,44,113,0.389,2.6,487,22.7%,2.07,0,NA,NA,NA,NA,NA,0.082,0,1008,NA,NA,59.3,0.0,0.0,59.3,NA,0.0,-1.9,232.9,41%,24.2
2025,4943,Sam Darnold,QB,28.5,SEA,13,13,13,249.42,249.42,249.42,17,17,17,1064,1026,11,67.7%,2270,477,323,153,154,14,99.11,4143,27,25,4048,8.49,12.53,0,0,0,0,0,0,0,0,0.0,0.0,35,0,10,95,0,0,95,2.71,96.4%,NA,NA,NA,10,NA,188,512,0.367,11.1,NA,NA,NA,178,37.3%,2.66,8.8%,29.1%,7.9,NA,478,4143,4.3%,+0.06,243.7,238.1,5.6,0.0,NA,0.0,-4.8,327.5,53%,26.7
2025,12489,RJ Harvey,RB,24.8,DEN,20,21,22,206.6,183.1,159.6,17,17,7,1081,448,1,0.0%,0,1,0,0,1,0,39.58,540,0,0,0,0.00,0.00,47,-4,6,13,5,58,360,356,7.6,6.1,146,4,21,896,7,449,540,3.7,41.4%,46,3.07,0.315,28,0.622,46,205,0.224,2.7,NA,9.5%,NA,0,0.0%,NA,NA,NA,NA,NA,0,896,NA,NA,52.7,0.0,31.8,20.9,-4.0,0.0,2.1,171.2,41%,22.7
2025,3163,Jared Goff,QB,31.2,DET,9,9,9,305.06,305.06,305.06,17,17,17,1026,1010,6,68.0%,2140,578,393,189,185,8,105.49,4609,38,34,4564,7.90,11.61,0,0,0,0,0,0,0,0,0.0,0.0,19,0,5,45,0,0,45,2.37,98.4%,NA,NA,NA,5,NA,228,597,0.382,13.4,NA,NA,NA,223,38.6%,2.70,6.6%,34.1%,6.8,NA,622,4609,1.6%,+0.13,271.1,268.5,2.6,0.0,NA,0.0,-2.2,341.7,65%,28.6
2025,7523,Trevor Lawrence,QB,26.2,JAX,4,4,4,350.18,350.18,350.18,17,17,17,1089,1064,5,60.9%,2376,560,341,165,219,12,90.97,4366,41,29,4007,7.16,11.75,0,0,0,0,0,0,0,0,0.0,0.0,82,3,31,359,9,0,359,4.38,97.7%,NA,NA,NA,40,NA,234,642,0.364,13.8,NA,NA,NA,194,34.6%,2.87,12.5%,33.3%,9.0,NA,646,4366,-2.7%,+0.04,256.8,235.7,21.1,0.0,NA,0.0,1.1,332.6,76%,34.2
2025,10859,Sam LaPorta,TE,24.9,DET,27,27,26,106.9,86.9,66.9,17,9,9,572,517,0,0.0%,0,0,0,0,0,0,0.00,0,0,0,0,0.00,0.00,40,215,0,20,3,49,274,489,12.2,10.0,0,0,0,489,0,0,0,0,90.4%,NA,NA,NA,0,NA,23,49,0.469,2.6,242,8.4%,2.02,0,NA,NA,NA,NA,NA,0.083,0,489,NA,NA,54.3,0.0,0.0,54.3,NA,0.0,0.0,107.3,44%,19.5
2025,9224,Chase Brown,RB,25.7,CIN,7,8,10,282.6,248.1,213.6,17,17,17,1043,700,2,0.0%,0,0,0,0,0,0,0.00,1019,0,0,0,0.00,0.00,69,-13,5,13,5,88,450,437,6.3,5.0,232,16,46,1456,6,813,1019,4.39,67.1%,69,3.50,0.297,52,0.648,70,320,0.219,4.1,NA,13.8%,NA,0,NA,NA,NA,NA,NA,NA,0,1456,NA,NA,85.6,0.0,59.9,25.7,185.0,0.0,1.9,254.3,71%,29.2
2025,5870,Daniel Jones,QB,28.5,IND,17,17,17,234.44,234.44,234.44,17,13,13,830,756,9,68.0%,1750,384,261,130,123,8,100.18,3265,22,19,3101,8.08,11.88,0,0,0,0,0,0,0,0,0.0,0.0,45,1,14,164,5,0,164,3.64,91.1%,NA,NA,NA,19,NA,168,429,0.392,12.9,NA,NA,NA,149,38.8%,2.70,8.3%,35.3%,8.2,NA,428,3265,3.4%,+0.12,251.2,238.5,12.6,0.0,NA,0.0,-1.2,252.4,77%,25.4
2025,7588,Javonte Williams,RB,25.6,DAL,12,11,11,242.8,225.3,207.8,17,16,16,1131,769,2,0.0%,0,0,0,0,0,0,0.00,1201,0,0,0,0.00,0.00,35,-69,0,5,2,51,206,137,3.9,2.7,252,25,56,1338,11,972,1201,4.77,68.0%,68,3.86,0.270,67,0.655,74,303,0.244,4.6,NA,8.2%,NA,0,NA,NA,NA,NA,NA,NA,0,1338,NA,NA,83.6,0.0,75.1,8.6,279.0,0.0,-0.6,256.0,69%,24.1
2025,12522,Cam Ward,QB,23.5,TEN,22,22,22,193.66,193.66,193.66,17,17,17,1002,1002,11,59.8%,1623,540,323,138,217,7,80.24,3328,55,15,3169,5.87,9.81,0,0,0,0,0,0,0,0,0.0,0.0,39,3,13,159,2,0,159,4.08,100.0%,NA,NA,NA,15,NA,168,579,0.290,9.9,NA,NA,NA,153,28.3%,3.00,8.1%,37.2%,7.6,NA,618,3328,#N/A,#N/A,195.8,186.4,9.4,0.0,NA,0.0,-4.8,260.4,18%,19.7
2025,12493,Oronde Gadsden,TE,22.4,LAC,15,17,20,131.4,106.9,82.4,15,15,7,949,595,1,0.0%,0,0,0,0,0,0,0.00,0,0,0,0,0.00,0.00,49,443,6,25,3,69,221,664,13.6,9.6,0,0,0,664,0,0,0,0,62.7%,NA,NA,NA,0,NA,28,69,0.406,1.9,365,12.1%,1.82,0,NA,NA,NA,NA,NA,0.068,0,664,NA,NA,44.3,0.0,0.0,44.3,NA,0.0,0.2,128.3,33%,20.1
2025,12506,Harold Fannin,TE,21.4,CLE,6,6,6,186.4,150.4,114.4,16,16,13,1031,786,1,0.0%,0,0,0,0,0,0,0.00,13,0,0,0,0.00,0.00,72,379,4,26,6,107,352,731,10.2,6.8,7,1,1,744,1,0,13,1.86,76.2%,NA,0.00,NA,2,NA,34,114,0.298,2.1,418,19.2%,1.75,0,NA,NA,NA,NA,NA,0.062,0,744,NA,NA,46.5,0.0,0.8,45.7,NA,0.0,2.0,157.0,56%,21.1
2025,9228,Bryce Young,QB,24.4,CAR,19,19,19,229.04,229.04,229.04,16,16,16,1000,964,7,63.6%,1466,478,304,130,174,11,87.78,3227,27,23,3011,6.30,9.90,0,0,0,0,0,0,0,0,0.0,0.0,54,2,14,216,2,0,216,4,96.4%,NA,NA,NA,16,NA,169,532,0.318,10.6,NA,NA,NA,153,32.0%,2.83,7.1%,37.5%,6.9,NA,538,3227,-0.3%,-0.08,201.7,188.2,13.5,0.0,NA,0.0,-3.4,288.2,38%,25.6
2025,9997,Zay Flowers,WR,25.2,BAL,7,7,8,243.3,200.3,157.3,17,17,17,963,828,3,0.0%,0,0,0,0,0,0,0.00,62,0,0,0,0.00,0.00,86,753,7,43,5,118,458,1211,14.1,10.3,10,0,2,1273,1,0,62,6.2,86.0%,NA,NA,NA,3,NA,51,128,0.398,3.0,453,28.0%,2.67,0,NA,NA,NA,NA,NA,0.095,0,1273,NA,NA,74.9,0.0,3.6,71.2,NA,0.0,-0.2,249.2,65%,26.4
2025,9756,Jordan Addison,WR,23.9,MIN,45,44,43,135.1,114.1,93.1,17,14,12,771,652,0,0.0%,0,0,0,0,0,0,0.00,81,0,0,0,0.00,0.00,42,477,6,23,3,79,133,610,14.5,7.7,2,1,1,691,1,0,81,40.5,84.6%,NA,NA,NA,2,NA,28,81,0.346,2.0,425,16.3%,1.44,0,NA,NA,NA,NA,NA,0.054,0,691,NA,NA,49.4,0.0,5.8,43.6,NA,0.0,0.2,142.6,29%,17.4
2025,12519,Luther Burden,WR,22.0,CHI,48,50,49,127.9,104.4,80.9,15,15,5,955,368,0,0.0%,0,0,0,0,0,0,0.00,37,0,0,0,0.00,0.00,47,318,3,25,2,60,334,652,13.9,10.9,6,1,3,689,0,0,37,6.17,38.5%,NA,NA,NA,3,NA,30,66,0.455,2.0,228,10.5%,2.86,0,NA,NA,NA,NA,NA,0.110,0,689,NA,NA,45.9,0.0,2.5,43.5,NA,0.0,1.8,98.8,20%,20.7
2025,4217,George Kittle,TE,32.2,SF,13,13,11,161.5,133,104.5,16,11,11,694,554,0,0.0%,0,0,0,0,0,0,0.00,-3,0,0,0,0.00,0.00,57,376,1,31,7,69,252,628,11.0,9.1,1,0,0,625,0,0,-3,-3,79.8%,NA,0.00,NA,0,NA,38,70,0.543,3.5,271,12.0%,2.32,0,NA,NA,NA,NA,NA,0.114,0,625,NA,NA,56.8,0.0,-0.3,57.1,NA,0.0,-0.3,166.6,64%,24.2
2025,8151,Kenneth Walker III,RB,25.1,SEA,22,22,21,191.9,176.4,160.9,17,17,17,1064,498,1,0.0%,0,0,0,0,0,0,0.00,1027,0,0,0,0.00,0.00,31,-57,2,12,0,36,339,282,9.1,7.8,221,21,41,1309,5,737,1027,4.65,46.8%,76,3.34,0.344,46,0.677,58,257,0.226,3.4,NA,7.5%,NA,0,NA,NA,NA,NA,NA,NA,0,1309,NA,NA,77.0,0.0,60.4,16.6,181.0,0.0,-1.0,208.8,41%,21.4
2025,2133,Davante Adams,WR,33.0,LAR,9,8,7,222.9,192.9,162.9,14,14,14,903,635,0,0.0%,0,0,0,0,0,0,0.00,0,0,0,0,0.00,0.00,60,671,5,37,14,114,118,789,13.2,6.9,0,0,0,789,0,0,0,0,70.3%,NA,NA,NA,0,NA,51,114,0.447,3.6,406,19.1%,1.94,0,NA,NA,NA,NA,NA,0.091,0,789,NA,NA,56.4,0.0,0.0,56.4,NA,0.0,0.3,211.7,64%,24.2
2025,6819,Michael Pittman,WR,28.2,IND,18,22,26,202.4,162.4,122.4,17,17,16,1007,860,0,0.0%,0,0,0,0,0,0,0.00,0,0,0,0,0.00,0.00,80,525,5,40,7,111,259,784,9.8,7.1,0,0,0,784,0,0,0,0,85.4%,NA,NA,NA,0,NA,47,111,0.423,2.8,512,20.3%,1.53,0,NA,NA,NA,NA,NA,0.078,0,784,NA,NA,46.1,0.0,0.0,46.1,NA,0.0,-0.3,207.3,53%,21.6
2025,7543,Travis Etienne,RB,26.9,JAX,10,10,9,253.9,235.9,217.9,17,17,16,1089,657,1,0.0%,0,0,0,0,0,0,0.00,1107,0,0,0,0.00,0.00,36,-47,5,8,6,52,339,292,8.1,5.6,260,8,41,1399,7,848,1107,4.26,60.3%,68,3.26,0.262,48,0.588,62,312,0.199,3.6,NA,9.2%,NA,0,NA,NA,NA,NA,NA,NA,0,1399,NA,NA,82.3,0.0,65.1,17.2,189.0,0.0,1.5,222.7,59%,24.4
2025,8110,Jake Ferguson,TE,26.9,DAL,5,8,10,188.1,147.1,106.1,17,17,10,1131,753,3,0.0%,0,0,0,0,0,0,0.00,1,0,0,0,0.00,0.00,82,293,2,22,8,102,307,600,7.3,5.9,1,0,0,601,0,0,1,1,66.6%,NA,0.00,NA,0,NA,30,103,0.291,1.8,460,16.3%,1.30,0,NA,NA,NA,NA,NA,0.048,0,601,NA,NA,35.4,0.0,0.1,35.3,NA,0.0,0.3,182.7,47%,22.3
2025,12534,Kyle Monangai,RB,23.5,CHI,30,30,29,146.7,137.7,128.7,17,17,1,1099,455,0,0.0%,0,0,0,0,0,0,0.00,783,0,0,0,0.00,0.00,18,2,6,7,0,30,162,164,9.1,5.5,169,5,35,947,5,572,783,4.63,41.4%,33,3.38,0.195,40,0.534,47,199,0.236,2.8,NA,5.2%,NA,0,NA,NA,NA,NA,NA,NA,0,947,NA,NA,55.7,0.0,46.1,9.6,143.0,0.0,1.3,121.8,24%,19.7
2025,421,Matthew Stafford,QB,37.8,LAR,3,3,3,358.38,358.38,358.38,17,17,17,1060,1045,7,65.0%,2856,597,388,190,209,8,109.20,4708,23,46,4707,7.88,12.13,0,0,0,0,0,0,0,0,0.0,0.0,29,0,0,1,0,0,1,0.03,98.6%,NA,NA,NA,0,NA,236,626,0.377,13.9,NA,NA,NA,236,39.5%,2.80,12.2%,27.3%,9.1,NA,627,4708,1.5%,+0.20,276.9,276.9,0.1,0.0,NA,0.0,1.7,328.7,65%,28.6
2025,11624,Xavier Worthy,WR,22.6,KC,59,59,59,109.9,88.9,67.9,14,14,13,917,645,0,0.0%,0,0,0,0,0,0,0.00,87,0,0,0,0.00,0.00,42,339,1,21,1,73,193,532,12.7,7.3,11,1,4,619,0,0,87,7.91,70.3%,NA,NA,NA,4,NA,26,84,0.310,1.9,388,12.5%,1.37,0,NA,NA,NA,NA,NA,0.054,0,619,NA,NA,44.2,0.0,6.2,38.0,NA,0.0,-3.7,159.1,7%,13.2
2025,11638,Ricky Pearsall,WR,25.2,SF,72,76,78,88.6,70.6,52.6,9,9,9,682,480,0,0.0%,0,0,0,0,0,0,0.00,-2,0,0,0,0.00,0.00,36,454,1,28,0,53,74,528,14.7,10.0,2,2,0,526,0,0,-2,-1,70.4%,NA,NA,NA,0,NA,28,55,0.509,3.1,271,9.2%,1.95,0,NA,NA,NA,NA,NA,0.103,0,526,NA,NA,58.4,0.0,-0.2,58.7,NA,0.0,-2.2,117.1,44%,16.7
2025,5846,DK Metcalf,WR,28.0,PIT,26,26,20,187.2,157.7,128.2,17,15,15,890,776,0,0.0%,0,0,0,0,0,0,0.00,12,0,0,0,0.00,0.00,59,436,5,31,6,99,414,850,14.4,8.6,2,0,0,862,1,0,12,6,87.2%,NA,NA,NA,1,NA,38,101,0.376,2.5,455,18.0%,1.87,0,NA,NA,NA,NA,NA,0.068,0,862,NA,NA,57.5,0.0,0.8,56.7,NA,0.0,-1.4,205.0,53%,21.6
2025,3198,Derrick Henry,RB,31.9,BAL,8,7,6,279.5,272,264.5,17,17,17,963,519,4,0.0%,0,1,0,0,1,0,39.58,1595,0,0,0,0.00,0.00,15,15,1,4,0,21,135,150,10.0,7.1,307,11,63,1745,16,1216,1595,5.2,53.9%,65,3.96,0.212,79,0.608,83,329,0.252,4.9,NA,5.0%,NA,0,0.0%,NA,NA,NA,NA,NA,0,1745,NA,NA,102.6,0.0,93.8,8.8,533.0,0.0,-0.7,285.6,59%,32.5
2025,7021,Rico Dowdle,RB,27.5,CAR,18,17,16,216.3,196.8,177.3,17,17,11,1061,591,2,0.0%,0,0,0,0,0,0,0.00,1076,0,0,0,0.00,0.00,39,-53,2,13,1,50,350,297,7.6,5.9,236,14,45,1373,6,753,1076,4.56,55.7%,51,3.19,0.216,51,0.535,65,286,0.227,3.8,NA,9.7%,NA,0,NA,NA,NA,NA,NA,NA,0,1373,NA,NA,80.8,0.0,63.3,17.5,279.0,0.0,1.6,195.8,35%,31.5
2025,12484,Jayden Higgins,WR,23.0,HOU,47,46,47,129.5,109,88.5,17,17,10,1092,616,0,0.0%,0,0,0,0,0,0,0.00,0,0,0,0,0.00,0.00,41,402,2,22,6,68,123,525,12.8,7.7,0,0,0,525,0,0,0,0,56.4%,NA,NA,NA,0,NA,28,68,0.412,1.6,347,11.7%,1.51,0,NA,NA,NA,NA,NA,0.063,0,525,NA,NA,30.9,0.0,0.0,30.9,NA,0.0,0.4,117.8,24%,15.3
2025,11559,Michael Penix Jr.,QB,25.6,ATL,33,33,33,123.28,123.28,123.28,16,9,9,593,553,4,60.1%,1094,276,166,90,110,3,88.47,2052,13,9,1982,7.18,11.94,0,0,0,0,0,0,0,0,0.0,0.0,21,0,4,70,1,0,70,3.33,93.3%,NA,NA,NA,5,NA,104,297,0.350,11.6,NA,NA,NA,99,35.9%,2.79,9.4%,31.9%,8.9,NA,301,2052,-3.2%,-0.04,228.0,220.2,7.8,0.0,NA,0.0,-3.8,157.9,33%,22.2
2025,12474,Woody Marks,RB,24.9,HOU,29,29,31,151.1,139.1,127.1,16,16,8,1027,540,1,0.0%,0,0,0,0,0,0,0.00,703,0,0,0,0.00,0.00,24,-15,2,4,3,36,223,208,8.7,5.8,196,6,37,911,2,545,703,3.59,52.6%,48,2.78,0.245,39,0.523,46,232,0.198,2.9,NA,6.2%,NA,0,NA,NA,NA,NA,NA,NA,0,911,NA,NA,56.9,0.0,43.9,13.0,127.0,0.0,-1.3,179.5,31%,19.9
2025,11589,Trey Benson,RB,23.4,ARI,76,77,78,35.4,28.9,22.4,17,4,1,254,123,0,0.0%,0,0,0,0,0,0,0.00,160,0,0,0,0.00,0.00,13,-9,0,2,0,16,73,64,4.9,4.0,29,2,4,224,0,103,160,5.52,48.4%,14,3.55,0.483,4,0.838,6,45,0.133,1.5,NA,2.5%,NA,0,NA,NA,NA,NA,NA,NA,0,224,NA,NA,56.0,0.0,40.0,16.0,63.0,0.0,-0.4,37.1,0%,NA
2025,11627,Troy Franklin,WR,22.8,DEN,31,33,33,177.1,144.6,112.1,17,17,7,1081,645,1,0.0%,0,0,0,0,0,0,0.00,12,0,0,0,0.00,0.00,65,427,4,26,6,104,282,709,10.9,6.8,5,1,2,721,0,0,12,2.4,59.7%,NA,NA,NA,2,NA,34,109,0.312,2.0,463,17.0%,1.53,0,NA,NA,NA,NA,NA,0.056,0,721,NA,NA,42.4,0.0,0.7,41.7,NA,0.0,2.1,141.2,35%,23.9
2025,12501,Matthew Golden,WR,22.4,GB,89,90,92,70,55.5,41,14,14,5,803,401,0,0.0%,0,0,0,0,0,0,0.00,49,0,0,0,0.00,0.00,29,260,0,16,0,44,101,361,12.5,8.2,10,1,3,410,0,0,49,4.9,49.9%,NA,NA,NA,3,NA,19,54,0.352,1.4,257,9.0%,1.40,0,NA,NA,NA,NA,NA,0.062,0,410,NA,NA,29.3,0.0,3.5,25.8,NA,0.0,-2.3,113.2,7%,11.5
2025,8126,Wan'Dale Robinson,WR,24.9,NYG,14,16,22,217.9,171.9,125.9,17,16,15,1072,973,1,0.0%,0,0,0,0,0,0,0.00,5,0,0,0,0.00,0.00,92,628,4,35,4,140,386,1014,11.0,7.2,3,0,1,1019,0,0,5,1.67,90.8%,NA,NA,NA,1,NA,40,143,0.280,2.5,505,26.6%,2.01,0,NA,NA,NA,NA,NA,0.069,0,1019,NA,NA,63.7,0.0,0.3,63.4,NA,0.0,0.2,197.7,50%,27.0
2025,8228,Jaylen Warren,RB,27.1,PIT,17,16,17,217.1,197.1,177.1,16,16,14,903,461,1,0.0%,0,0,0,0,0,0,0.00,958,0,0,0,0.00,0.00,40,-96,1,11,2,45,429,333,8.3,7.4,211,20,46,1291,6,827,958,4.54,51.1%,85,3.92,0.403,52,0.795,65,256,0.254,4.1,NA,8.2%,NA,0,NA,NA,NA,NA,NA,NA,0,1291,NA,NA,80.7,0.0,59.9,20.8,281.0,0.0,0.1,215.1,63%,22.1
2025,9754,Quentin Johnston,WR,24.2,LAC,34,31,27,171.2,145.7,120.2,15,14,10,942,723,1,0.0%,0,0,0,0,0,0,0.00,7,0,0,0,0.00,0.00,51,514,2,19,8,85,221,735,14.4,8.7,2,0,0,742,0,0,7,3.5,76.8%,NA,NA,NA,0,NA,27,87,0.310,1.9,457,14.8%,1.61,0,NA,NA,NA,NA,NA,0.042,0,742,NA,NA,53.0,0.0,0.5,52.5,NA,0.0,0.8,159.1,50%,23.0
2025,12490,Bhayshul Tuten,RB,22.8,JAX,53,51,48,88.6,83.6,78.6,15,15,0,950,199,2,0.0%,0,0,0,0,0,0,0.00,307,0,0,0,0.00,0.00,10,-1,0,1,2,14,80,79,7.9,5.6,83,5,18,386,5,298,307,3.7,20.9%,28,3.59,0.337,23,0.696,26,97,0.268,1.7,NA,2.5%,NA,0,NA,NA,NA,NA,NA,NA,0,386,NA,NA,25.7,0.0,20.5,5.3,21.0,0.0,0.0,94.7,13%,12.8
2025,10236,Dalton Kincaid,TE,26.1,BUF,20,18,15,126.1,106.6,87.1,12,12,4,728,292,1,0.0%,0,0,0,0,0,0,0.00,0,0,0,0,0.00,0.00,39,312,1,22,5,49,259,571,14.6,11.7,0,0,0,571,0,0,0,0,40.1%,NA,NA,NA,0,NA,27,49,0.551,2.3,181,9.9%,3.15,0,NA,NA,NA,NA,NA,0.122,0,571,NA,NA,47.6,0.0,0.0,47.6,NA,0.0,0.4,120.7,42%,18.8
2025,6790,D'Andre Swift,RB,26.9,CHI,15,15,14,228.6,211.6,194.6,16,16,16,1019,589,2,0.0%,0,0,0,0,0,0,0.00,1087,0,0,0,0.00,0.00,34,-58,3,10,1,48,357,299,8.8,6.2,223,11,54,1386,9,765,1087,4.87,57.8%,46,3.43,0.206,63,0.549,74,271,0.273,4.6,NA,8.4%,NA,0,NA,NA,NA,NA,NA,NA,0,1386,NA,NA,86.6,0.0,67.9,18.7,240.0,0.0,2.8,196.9,56%,23.3
2025,8167,Christian Watson,WR,26.6,GB,46,42,40,132.4,114.9,97.4,17,10,10,619,418,0,0.0%,0,0,0,0,0,0,0.00,3,0,0,0,0.00,0.00,35,493,1,22,6,55,118,611,17.5,11.1,1,0,0,614,0,0,3,3,67.5%,NA,NA,NA,0,NA,28,56,0.500,2.8,232,11.2%,2.63,0,NA,NA,NA,NA,NA,0.095,0,614,NA,NA,61.4,0.0,0.3,61.1,NA,0.0,4.0,92.1,50%,22.6
2025,9753,Zach Charbonnet,RB,24.9,SEA,24,23,20,181.4,171.4,161.4,16,16,0,1007,489,0,0.0%,0,0,0,0,0,0,0.00,730,0,0,0,0.00,0.00,20,21,1,7,0,24,123,144,7.2,6.0,184,14,36,874,12,666,730,3.97,48.6%,56,3.62,0.304,48,0.666,55,208,0.264,3.4,NA,5.0%,NA,0,NA,NA,NA,NA,NA,NA,0,874,NA,NA,54.6,0.0,45.6,9.0,156.0,0.0,1.8,156.3,38%,21.5
2025,5849,Kyler Murray,QB,28.3,ARI,38,38,38,80.78,80.78,80.78,14,5,5,321,318,1,68.3%,417,161,110,44,51,3,88.57,1135,16,6,962,5.98,8.75,0,0,0,0,0,0,0,0,0.0,0.0,29,2,9,173,1,0,173,5.97,99.1%,NA,NA,NA,10,NA,60,190,0.316,12.0,NA,NA,NA,50,31.1%,2.68,7.5%,29.9%,6.0,NA,194,1135,-1.0%,+0.04,227.0,192.4,34.6,0.0,NA,0.0,-4.0,100.7,40%,17.2
2025,8142,Alec Pierce,WR,25.6,IND,28,24,16,183.3,159.8,136.3,15,15,14,880,769,0,0.0%,0,0,0,0,0,0,0.00,0,0,0,0,0.00,0.00,47,829,0,35,6,84,174,1003,21.3,11.9,0,0,0,1003,0,0,0,0,87.4%,NA,NA,NA,0,NA,41,84,0.488,2.7,451,15.4%,2.22,0,NA,NA,NA,NA,NA,0.078,0,1003,NA,NA,66.9,0.0,0.0,66.9,NA,0.0,4.0,135.2,47%,24.1
2025,11565,J.J. McCarthy,QB,22.9,MIN,30,30,30,137.38,137.38,137.38,10,10,10,509,480,6,57.6%,940,243,140,69,103,12,72.59,1813,27,11,1632,6.72,11.66,0,0,0,0,0,0,0,0,0.0,0.0,37,4,8,181,4,0,181,4.89,94.3%,NA,NA,NA,12,NA,92,280,0.329,9.2,NA,NA,NA,80,32.9%,3.02,12.7%,38.9%,9.3,NA,288,1813,-5.2%,-0.18,181.3,163.2,18.1,0.0,NA,0.0,-4.6,193.8,50%,22.7
2025,10222,Jayden Reed,WR,25.6,GB,115,116,118,48.5,39,29.5,17,7,3,354,161,0,0.0%,0,0,0,0,0,0,0.00,28,0,0,0,0.00,0.00,19,122,1,7,1,22,85,207,10.9,9.4,3,1,1,235,0,0,28,9.33,45.5%,NA,NA,NA,1,NA,9,25,0.360,1.3,112,4.5%,1.85,0,NA,NA,NA,NA,NA,0.063,0,235,NA,NA,33.6,0.0,4.0,29.6,NA,0.0,-1.6,59.8,14%,11.1
2025,8134,Khalil Shakir,WR,25.8,BUF,36,38,42,166.4,130.4,94.4,17,16,10,1057,635,1,0.0%,0,0,0,0,0,0,0.00,5,0,0,0,0.00,0.00,72,178,2,24,4,95,541,719,10.0,7.6,1,0,0,724,0,0,5,5,60.1%,NA,NA,NA,0,NA,28,96,0.292,1.8,385,19.2%,1.87,0,NA,NA,NA,NA,NA,0.062,0,724,NA,NA,45.3,0.0,0.3,44.9,NA,0.0,-2.0,193.0,38%,18.6
2025,5927,Terry McLaurin,WR,30.2,WAS,56,54,52,114.2,95.2,76.2,10,10,10,551,385,0,0.0%,0,0,0,0,0,0,0.00,0,0,0,0,0.00,0.00,38,489,1,30,3,60,93,582,15.3,9.7,0,0,0,582,0,0,0,0,69.9%,NA,NA,NA,0,NA,33,60,0.550,3.3,246,12.8%,2.37,0,NA,NA,NA,NA,NA,0.122,0,582,NA,NA,58.2,0.0,0.0,58.2,NA,0.0,-1.7,131.0,30%,17.6
2025,7553,Kyle Pitts,TE,25.2,ATL,2,2,3,210.8,166.8,122.8,17,17,17,1033,903,0,0.0%,0,0,0,0,0,0,0.00,0,0,0,0,0.00,0.00,88,528,2,46,5,118,400,928,10.6,7.9,0,0,0,928,0,0,0,0,87.4%,NA,NA,NA,0,NA,51,118,0.432,3.0,528,21.7%,1.76,0,NA,NA,NA,NA,NA,0.087,0,928,NA,NA,54.6,0.0,0.0,54.6,NA,0.0,2.9,170.7,53%,27.4
2025,5045,Courtland Sutton,WR,30.2,DEN,13,11,12,219.7,182.7,145.7,17,17,16,1081,929,0,0.0%,0,0,0,0,0,0,0.00,0,1,0,0,0.00,0.00,74,795,8,45,7,124,222,1017,13.7,8.2,0,0,0,1017,0,0,0,0,85.9%,NA,NA,NA,0,NA,52,124,0.419,3.1,598,20.2%,1.70,0,NA,NA,NA,NA,NA,0.075,0,1017,NA,NA,59.8,0.0,0.0,59.8,NA,0.0,0.0,219.8,53%,22.9
2025,9480,Brenton Strange,TE,25.0,JAX,23,23,23,118,95,72,17,12,12,723,553,0,0.0%,0,0,0,0,0,0,0.00,0,0,0,0,0.00,0.00,46,293,4,25,3,60,247,540,11.7,9.0,0,0,0,540,0,0,0,0,76.5%,NA,NA,NA,0,NA,28,60,0.467,2.3,299,10.7%,1.81,0,NA,NA,NA,NA,NA,0.084,0,540,NA,NA,45.0,0.0,0.0,45.0,NA,0.0,0.1,110.6,42%,15.5
2025,9504,Kayshon Boutte,WR,23.6,NE,51,47,44,124.1,107.6,91.1,14,14,10,841,573,0,0.0%,0,0,0,0,0,0,0.00,0,0,0,0,0.00,0.00,33,513,1,21,6,46,38,551,16.7,12.0,0,0,0,551,0,0,0,0,68.1%,NA,NA,NA,0,NA,27,46,0.587,1.9,344,9.2%,1.60,0,NA,NA,NA,NA,NA,0.061,0,551,NA,NA,39.4,0.0,0.0,39.4,NA,0.0,0.6,122.0,36%,19.7
2025,9500,Josh Downs,WR,24.3,IND,44,48,50,136.4,107.4,78.4,16,16,11,947,553,1,0.0%,0,0,0,0,0,0,0.00,-2,0,0,0,0.00,0.00,58,422,4,32,4,88,144,566,9.8,6.4,2,0,0,564,0,0,-2,-1,58.4%,NA,NA,NA,0,NA,36,90,0.400,2.3,365,16.1%,1.55,0,NA,NA,NA,NA,NA,0.088,0,564,NA,NA,35.3,0.0,-0.1,35.4,NA,0.0,-0.4,149.3,19%,14.9
2025,4983,D.J. Moore,WR,28.6,CHI,35,32,28,170.18,145.18,120.18,17,17,17,1099,932,1,100.0%,2,1,1,0,0,0,118.75,81,0,1,2,2.00,2.00,50,460,4,26,6,85,222,682,13.6,8.0,15,2,4,761,1,0,79,5.27,84.8%,NA,NA,NA,5,NA,38,101,0.376,2.2,531,14.8%,1.28,1,100.0%,NA,NA,NA,NA,0.049,0,763,NA,NA,44.9,0.1,4.6,40.1,NA,0.0,-2.2,190.4,29%,23.1
2025,12498,Mason Taylor,TE,21.6,NYJ,32,34,37,88.9,66.9,44.9,14,13,11,804,654,0,0.0%,0,0,0,0,0,0,0.00,0,0,0,0,0.00,0.00,44,235,8,22,1,65,134,369,8.4,5.7,0,0,0,369,0,0,0,0,81.3%,NA,NA,NA,0,NA,23,65,0.354,1.8,315,13.2%,1.17,0,NA,NA,NA,NA,NA,0.070,0,369,NA,NA,28.4,0.0,0.0,28.4,NA,0.0,-1.6,114.6,23%,14.5
2025,5892,David Montgomery,RB,28.5,DET,27,27,27,166.92,154.92,142.92,17,17,0,1026,377,2,50.0%,3,2,1,0,1,0,95.83,719,1,1,3,1.50,3.00,24,-7,0,11,0,29,199,192,8.0,6.6,158,3,33,908,8,541,716,4.53,36.7%,44,3.42,0.278,41,0.621,53,189,0.280,3.1,NA,5.0%,NA,1,50.0%,NA,NA,NA,NA,NA,0,911,NA,NA,53.6,0.2,42.1,11.3,197.0,0.0,-0.8,185.2,29%,20.6
2025,8121,Romeo Doubs,WR,25.6,GB,37,36,34,165.4,137.9,110.4,17,16,15,1000,780,1,0.0%,0,0,0,0,0,0,0.00,0,0,0,0,0.00,0.00,55,561,3,35,6,85,163,724,13.2,8.5,0,0,0,724,0,0,0,0,78.0%,NA,NA,NA,0,NA,41,85,0.482,2.6,394,17.4%,1.84,0,NA,NA,NA,NA,NA,0.089,0,724,NA,NA,45.3,0.0,0.0,45.3,NA,0.0,0.9,157.8,31%,21.8
2025,6768,Tua Tagovailoa,QB,27.8,MIA,25,25,25,175.7,175.7,175.7,14,14,14,813,778,8,67.7%,1243,384,260,122,124,15,88.45,2703,30,20,2660,6.93,10.23,0,0,0,0,0,0,0,0,0.0,0.0,20,0,1,43,0,0,43,2.15,95.7%,NA,NA,NA,1,NA,143,404,0.354,10.2,NA,NA,NA,142,37.0%,2.65,7.3%,29.0%,6.7,NA,424,2703,-0.3%,-0.06,193.1,190.0,3.1,0.0,NA,0.0,-6.7,276.5,29%,22.2
2025,11586,Blake Corum,RB,25.0,LAR,40,37,34,122.2,118.2,114.2,17,17,0,1060,307,0,0.0%,0,0,0,0,0,0,0.00,746,0,0,0,0.00,0.00,8,-1,3,2,0,14,37,36,4.5,2.6,145,11,38,782,6,502,746,5.14,29.0%,28,3.46,0.193,44,0.539,46,159,0.289,2.7,NA,2.3%,NA,0,NA,NA,NA,NA,NA,NA,0,782,NA,NA,46.0,0.0,43.9,2.1,186.0,0.0,1.9,95.8,24%,17.8
2025,8132,Tyler Allgeier,RB,25.6,ATL,39,38,35,123,116,109,17,17,2,1033,305,0,0.0%,0,0,0,0,0,0,0.00,514,0,0,0,0.00,0.00,14,-24,1,3,0,16,120,96,6.9,6.0,143,9,28,610,8,483,514,3.59,29.5%,39,3.38,0.273,36,0.610,39,159,0.245,2.3,NA,2.9%,NA,0,NA,NA,NA,NA,NA,NA,0,610,NA,NA,35.9,0.0,30.2,5.6,42.0,0.0,0.3,119.9,18%,15.4
2025,12499,Elic Ayomanor,WR,22.5,TEN,55,52,53,116.5,96,75.5,16,16,14,926,736,0,0.0%,0,0,0,0,0,0,0.00,0,0,0,0,0.00,0.00,41,400,5,26,4,89,115,515,12.6,5.8,0,0,0,515,0,0,0,0,79.5%,NA,NA,NA,0,NA,30,89,0.337,1.9,488,15.6%,1.06,0,NA,NA,NA,NA,NA,0.053,0,515,NA,NA,32.2,0.0,0.0,32.2,NA,0.0,-1.3,137.4,19%,14.4
2025,6803,Brandon Aiyuk,WR,27.7,SF,1155,1154,1153,0,0,0,17,0,0,254,0,0,0.0%,0,0,0,0,0,0,0.00,0,0,0,0,0.00,0.00,0,0,0,0,0,0,0,0,0.0,0.0,0,0,0,0,0,0,0,0,0.0%,NA,NA,NA,0,NA,0,0,NA,NA,0,NA,NA,0,NA,NA,NA,NA,NA,NA,0,0,NA,NA,NA,NA,NA,NA,NA,0.0,0.0,0.0,NA,NA
2025,7594,Chuba Hubbard,RB,26.5,CAR,38,40,42,125.4,110.4,95.4,15,15,6,924,432,1,0.0%,0,0,0,0,0,0,0.00,511,0,0,0,0.00,0.00,30,-68,4,9,3,39,291,223,7.4,5.7,134,0,30,734,1,397,511,3.81,46.8%,26,2.96,0.194,31,0.490,43,173,0.249,2.9,NA,7.6%,NA,0,NA,NA,NA,NA,NA,NA,0,734,NA,NA,48.9,0.0,34.1,14.9,23.0,0.0,-0.8,132.6,20%,19.0
2025,5947,Jakobi Meyers,WR,29.1,LV,32,35,38,175.8,138.3,100.8,16,16,13,967,824,1,0.0%,0,0,0,0,0,0,0.00,13,0,0,0,0.00,0.00,75,553,2,40,3,110,282,835,11.1,7.6,5,0,1,848,0,0,13,2.6,85.2%,NA,NA,NA,1,NA,44,115,0.383,2.8,509,19.5%,1.64,0,NA,NA,NA,NA,NA,0.079,0,848,NA,NA,53.0,0.0,0.8,52.2,NA,0.0,-2.5,211.7,38%,18.0
2025,2449,Stefon Diggs,WR,32.0,NE,17,18,24,210.3,167.8,125.3,17,17,17,1035,560,0,0.0%,0,0,0,0,0,0,0.00,0,0,0,0,0.00,0.00,85,659,3,47,4,102,354,1013,11.9,9.9,0,0,0,1013,0,0,0,0,54.1%,NA,NA,NA,0,NA,51,102,0.500,3.0,380,20.3%,2.67,0,NA,NA,NA,NA,NA,0.124,0,1013,NA,NA,59.6,0.0,0.0,59.6,NA,0.0,0.2,219.4,47%,23.2
2025,10232,Michael Wilson,WR,25.8,ARI,10,13,13,220.6,181.6,142.6,17,17,13,1077,872,0,0.0%,0,0,0,0,0,0,0.00,0,0,0,0,0.00,0.00,78,733,1,44,7,126,273,1006,12.9,8.0,0,0,0,1006,0,0,0,0,81.0%,NA,NA,NA,0,NA,51,126,0.405,3.0,601,19.4%,1.67,0,NA,NA,NA,NA,NA,0.073,0,1006,NA,NA,59.2,0.0,0.0,59.2,NA,0.0,2.9,165.5,41%,30.8
2025,11597,Theo Johnson,TE,24.8,NYG,18,19,19,127.8,105.3,82.8,15,15,15,1008,872,0,0.0%,0,0,0,0,0,0,0.00,0,0,0,0,0.00,0.00,45,341,5,20,5,74,187,528,11.7,7.1,0,0,0,528,0,0,0,0,86.5%,NA,NA,NA,0,NA,25,74,0.338,1.7,384,14.1%,1.38,0,NA,NA,NA,NA,NA,0.052,0,528,NA,NA,35.2,0.0,0.0,35.2,NA,0.0,-0.1,128.0,27%,17.1
2025,12540,Chimere Dike,WR,24.0,TEN,50,51,51,126.1,102.1,78.1,17,17,10,1002,592,2,0.0%,0,0,0,0,0,0,0.00,18,0,0,0,0.00,0.00,48,203,2,16,4,74,220,423,8.8,5.7,11,1,0,441,0,0,18,1.64,59.1%,NA,NA,NA,0,NA,20,85,0.235,1.2,352,13.0%,1.20,0,NA,NA,NA,NA,NA,0.045,0,441,NA,NA,25.9,0.0,1.1,24.9,NA,0.0,0.3,108.1,29%,18.2
2025,12497,Tory Horton,WR,23.0,SEA,96,86,79,65.1,58.6,52.1,15,8,3,479,226,0,0.0%,0,0,0,0,0,0,0.00,0,0,0,0,0.00,0.00,13,128,0,2,5,22,33,161,12.4,7.3,0,0,0,161,0,0,0,0,47.2%,NA,NA,NA,0,NA,7,22,0.318,0.9,100,4.6%,1.61,0,NA,NA,NA,NA,NA,0.020,0,161,NA,NA,20.1,0.0,0.0,20.1,NA,0.0,2.0,49.5,38%,17.3
2025,12485,Tez Johnson,WR,23.6,TB,67,66,62,92.4,78.4,64.4,16,16,8,1054,495,0,0.0%,0,0,0,0,0,0,0.00,22,0,0,0,0.00,0.00,28,212,2,11,5,44,110,322,11.5,7.3,7,0,0,344,0,0,22,3.14,47.0%,NA,NA,NA,0,NA,16,51,0.314,1.0,257,7.9%,1.25,0,NA,NA,NA,NA,NA,0.043,0,344,NA,NA,21.5,0.0,1.4,20.1,NA,0.0,0.4,81.5,19%,16.1
2025,7049,Jauan Jennings,WR,28.4,SF,33,30,29,173.3,145.8,118.3,15,15,15,972,795,1,0.0%,0,0,0,0,0,0,0.00,0,0,0,0,0.00,0.00,55,462,3,27,9,90,181,643,11.7,7.1,0,0,0,643,0,0,0,0,81.8%,NA,NA,NA,0,NA,36,90,0.400,2.4,444,15.7%,1.45,0,NA,NA,NA,NA,NA,0.061,0,643,NA,NA,42.9,0.0,0.0,42.9,NA,0.0,-0.1,171.7,53%,18.9
2025,9508,Tyjae Spears,RB,24.5,TEN,44,46,54,111.7,89.2,66.7,17,13,1,759,349,0,0.0%,0,0,0,0,0,0,0.00,283,0,0,0,0.00,0.00,45,-97,2,10,0,50,361,264,5.9,5.3,72,4,14,547,2,227,283,3.93,46.0%,45,3.15,0.625,16,0.940,26,122,0.213,2.0,NA,8.8%,NA,0,NA,NA,NA,NA,NA,NA,0,547,NA,NA,42.1,0.0,21.8,20.3,-25.0,0.0,0.3,110.6,15%,16.1
2025,12524,Shedeur Sanders,QB,23.8,CLE,37,37,37,94.9,94.9,94.9,11,8,7,625,376,2,56.6%,570,212,120,47,92,10,68.12,1569,23,7,1400,6.60,11.67,0,0,0,0,0,0,0,0,0.0,0.0,21,1,6,169,1,0,169,8.05,60.2%,NA,NA,NA,7,NA,61,233,0.262,7.6,NA,NA,NA,54,25.5%,2.32,8.5%,53.1%,5.4,NA,175,1569,#N/A,#N/A,196.1,175.0,21.1,0.0,NA,0.0,-4.6,122.8,13%,19.7
2025,5872,Deebo Samuel,WR,29.9,WAS,25,28,31,188.2,152.2,116.2,16,16,12,918,664,3,0.0%,0,0,0,0,0,0,0.00,75,0,0,0,0.00,0.00,72,261,6,27,5,99,466,727,10.1,7.3,17,2,3,802,1,0,75,4.41,72.3%,NA,NA,NA,4,NA,36,116,0.310,2.3,397,21.1%,1.83,0,NA,NA,NA,NA,NA,0.068,0,802,NA,NA,50.1,0.0,4.7,45.4,NA,0.0,-1.2,207.1,38%,22.3
2025,12545,Tyler Shough,QB,26.2,NO,26,26,26,163.96,163.96,163.96,17,11,9,1056,537,3,67.6%,1333,327,221,97,106,6,91.33,2570,31,10,2384,7.29,10.79,0,0,0,0,0,0,0,0,0.0,0.0,45,2,8,186,3,0,186,4.13,50.9%,NA,NA,NA,11,NA,118,372,0.317,10.7,NA,NA,NA,107,32.7%,2.68,11.0%,31.3%,8.3,NA,377,2570,0.6%,-0.05,233.6,216.7,16.9,0.0,NA,0.0,0.2,166.7,64%,22.3
2025,8131,Isaiah Likely,TE,25.6,BAL,45,47,50,61.7,48.2,34.7,14,14,7,799,462,2,0.0%,0,0,0,0,0,0,0.00,0,0,0,0,0.00,0.00,27,190,1,10,1,36,117,307,11.4,8.5,0,0,0,307,0,0,0,0,57.8%,NA,NA,NA,0,NA,11,36,0.306,0.8,192,8.5%,1.60,0,NA,NA,NA,NA,NA,0.052,0,307,NA,NA,21.9,0.0,0.0,21.9,NA,0.0,-2.0,91.4,14%,11.3
2025,9487,Parker Washington,WR,23.7,JAX,27,27,21,184.7,155.7,126.7,16,16,7,1025,627,2,0.0%,0,0,0,0,0,0,0.00,0,0,0,0,0.00,0.00,58,582,7,32,5,95,265,847,14.6,8.9,7,0,1,847,0,0,0,0,61.2%,NA,NA,NA,1,NA,38,102,0.373,2.4,387,16.9%,2.19,0,NA,NA,NA,NA,NA,0.083,0,847,NA,NA,52.9,0.0,0.0,52.9,NA,0.0,3.9,118.2,44%,21.7
2025,12495,Ollie Gordon,RB,21.9,MIA,67,68,63,54.1,50.6,47.1,17,17,1,927,203,0,0.0%,0,0,0,0,0,0,0.00,199,0,0,0,0.00,0.00,7,-25,1,0,1,9,57,32,4.6,3.6,70,6,18,231,3,168,199,2.84,21.9%,17,2.40,0.243,21,0.483,22,79,0.278,1.3,NA,1.9%,NA,0,NA,NA,NA,NA,NA,NA,0,231,NA,NA,13.6,0.0,11.7,1.9,-10.0,0.0,-1.7,82.2,6%,11.3
2025,11647,Kimani Vidal,RB,24.3,LAC,42,42,41,117.9,109.9,101.9,16,13,10,800,467,1,0.0%,0,0,0,0,0,0,0.00,643,0,0,0,0.00,0.00,16,-34,2,5,1,22,170,136,8.5,6.2,155,3,29,779,3,457,643,4.15,58.4%,36,2.95,0.232,32,0.527,38,177,0.215,2.9,NA,3.9%,NA,0,NA,NA,NA,NA,NA,NA,0,779,NA,NA,59.9,0.0,49.5,10.5,157.0,0.0,-1.0,129.6,31%,21.1
2025,12469,Dylan Sampson,RB,21.2,CLE,55,56,57,87.6,71.1,54.6,15,15,2,908,223,1,0.0%,0,0,0,0,0,0,0.00,175,0,0,0,0.00,0.00,33,-47,0,6,2,40,318,271,8.2,6.8,65,6,12,446,0,183,175,2.69,24.6%,23,2.81,0.354,12,0.635,20,105,0.190,1.3,NA,7.2%,NA,0,NA,NA,NA,NA,NA,NA,0,446,NA,NA,29.7,0.0,11.7,18.1,-22.0,0.0,-1.5,97.7,13%,14.8
2025,11576,Braelon Allen,RB,21.9,NYJ,95,94,94,15.3,14.3,13.3,17,4,0,243,58,1,0.0%,0,0,0,0,0,0,0.00,76,0,0,0,0.00,0.00,2,8,1,1,0,3,9,17,8.5,5.7,18,0,3,93,1,34,76,4.22,23.9%,2,1.88,0.111,4,0.299,5,21,0.238,1.3,NA,0.6%,NA,0,NA,NA,NA,NA,NA,NA,0,93,NA,NA,23.3,0.0,19.0,4.3,17.0,0.0,-0.9,18.8,0%,NA
2025,12536,Jaylin Noel,WR,23.3,HOU,91,92,89,68.4,55.4,42.4,17,17,3,1092,293,0,0.0%,0,0,0,0,0,0,0.00,12,0,0,0,0.00,0.00,26,193,1,11,2,35,99,292,11.2,8.3,6,0,0,304,0,0,12,2,26.8%,NA,NA,NA,0,NA,13,41,0.317,0.8,167,6.0%,1.75,0,NA,NA,NA,NA,NA,0.066,0,304,NA,NA,17.9,0.0,0.7,17.2,NA,0.0,0.7,58.4,6%,12.5
2025,11625,Adonai Mitchell,WR,23.2,IND,73,73,75,87.9,71.4,54.9,16,16,5,954,473,1,0.0%,0,0,0,0,0,0,0.00,-4,0,0,0,0.00,0.00,33,373,2,13,2,74,80,453,13.7,6.1,1,0,0,449,0,0,-4,-4,49.6%,NA,NA,NA,0,NA,15,75,0.200,0.9,297,15.0%,1.53,0,NA,NA,NA,NA,NA,0.044,0,449,NA,NA,28.1,0.0,-0.3,28.3,NA,0.0,0.1,87.6,13%,17.4
2025,12504,Kaleb Johnson,RB,22.3,PIT,109,104,104,8.8,8.3,7.8,14,10,0,816,51,1,0.0%,0,0,0,0,0,0,0.00,69,0,0,0,0.00,0.00,1,-5,1,0,0,2,14,9,9.0,4.5,28,2,2,78,0,76,69,2.46,6.3%,6,2.71,0.214,2,0.485,2,30,0.067,0.2,NA,0.4%,NA,0,NA,NA,NA,NA,NA,NA,0,78,NA,NA,7.8,0.0,6.9,0.9,-4.0,0.0,-1.5,33.2,0%,2.0
2025,4037,Chris Godwin,WR,29.8,TB,78,79,81,83,66.5,50,9,9,6,605,428,0,0.0%,0,0,0,0,0,0,0.00,0,0,0,0,0.00,0.00,33,154,1,19,2,51,206,360,10.9,7.1,0,0,0,360,0,0,0,0,70.7%,NA,NA,NA,0,NA,21,51,0.412,2.3,249,9.1%,1.45,0,NA,NA,NA,NA,NA,0.076,0,360,NA,NA,40.0,0.0,0.0,40.0,NA,0.0,-0.3,91.7,22%,16.2
2025,12547,Kyle Williams,WR,23.1,NE,113,106,96,49.2,44.2,39.2,17,17,0,1035,309,0,0.0%,0,0,0,0,0,0,0.00,3,0,0,0,0.00,0.00,10,130,1,4,3,21,79,209,20.9,10.0,2,0,0,212,0,0,3,1.5,29.9%,NA,NA,NA,0,NA,7,23,0.304,0.4,146,4.2%,1.43,0,NA,NA,NA,NA,NA,0.027,0,212,NA,NA,12.5,0.0,0.2,12.3,NA,0.0,0.6,38.6,12%,12.4
2025,5844,T.J. Hockenson,TE,28.4,MIN,26,26,29,112.8,87.3,61.8,15,15,15,880,691,0,0.0%,0,0,0,0,0,0,0.00,0,0,0,0,0.00,0.00,51,224,3,19,3,66,214,438,8.6,6.6,1,0,0,438,0,0,0,0,78.5%,NA,0.00,NA,0,NA,22,67,0.328,1.5,376,13.6%,1.16,0,NA,NA,NA,NA,NA,0.051,0,438,NA,NA,29.2,0.0,0.0,29.2,NA,0.0,-1.3,133.4,13%,12.8
2025,6806,J.K. Dobbins,RB,27.0,DEN,43,41,37,115.9,110.4,104.9,17,10,9,669,340,0,0.0%,0,0,0,0,0,0,0.00,772,0,0,0,0.00,0.00,11,-19,1,0,0,14,56,37,3.4,2.6,153,9,33,809,4,538,772,5.05,50.8%,32,3.52,0.209,37,0.561,37,167,0.222,3.7,NA,2.3%,NA,0,NA,NA,NA,NA,NA,NA,0,809,NA,NA,80.9,0.0,77.2,3.7,264.0,0.0,-1.4,130.0,50%,15.4
2025,6783,Jerry Jeudy,WR,26.6,CLE,52,53,56,120.7,95.7,70.7,17,17,16,1031,875,1,0.0%,0,0,0,0,0,0,0.00,5,0,0,0,0.00,0.00,50,436,10,29,2,106,166,602,12.0,5.7,1,0,1,607,0,0,5,5,84.9%,NA,NA,NA,1,NA,32,107,0.299,1.9,568,19.0%,1.06,0,NA,NA,NA,NA,NA,0.051,0,607,NA,NA,35.7,0.0,0.3,35.4,NA,0.0,-3.0,173.5,12%,16.0
2025,8676,Rashid Shaheed,WR,27.3,NO,39,39,39,156.6,127.1,97.6,18,18,13,1162,705,2,0.0%,0,0,0,0,0,0,0.00,69,0,0,0,0.00,0.00,59,510,0,27,2,92,177,687,11.6,7.5,9,0,3,756,0,0,69,7.67,60.7%,NA,NA,NA,3,NA,32,101,0.317,1.8,461,19.1%,1.49,0,NA,NA,NA,NA,NA,0.059,0,756,NA,NA,42.0,0.0,3.8,38.2,NA,0.0,-0.7,176.8,22%,17.8
2025,2216,Mike Evans,WR,32.3,TB,76,77,76,84.8,69.8,54.8,14,8,8,546,357,0,0.0%,0,0,0,0,0,0,0.00,0,0,0,0,0.00,0.00,30,331,2,20,3,61,37,368,12.3,6.0,0,0,0,368,0,0,0,0,65.4%,NA,NA,NA,0,NA,23,61,0.377,2.9,218,11.1%,1.69,0,NA,NA,NA,NA,NA,0.092,0,368,NA,NA,46.0,0.0,0.0,46.0,NA,0.0,-3.9,115.7,50%,15.5
2025,12535,Isaac TeSlaa,WR,23.8,DET,82,78,68,75.9,67.9,59.9,17,17,3,1026,392,0,0.0%,0,0,0,0,0,0,0.00,0,0,0,0,0.00,0.00,16,184,0,8,6,27,55,239,14.9,8.9,0,0,0,239,0,0,0,0,38.2%,NA,NA,NA,0,NA,14,27,0.519,0.8,225,4.6%,1.06,0,NA,NA,NA,NA,NA,0.036,0,239,NA,NA,14.1,0.0,0.0,14.1,NA,0.0,1.0,61.1,12%,13.5
2025,9506,Sean Tucker,RB,24.1,TB,52,48,46,91.4,87.4,83.4,17,14,0,1134,177,2,0.0%,0,0,0,0,0,0,0.00,320,0,0,0,0.00,0.00,8,-15,1,0,1,11,49,34,4.3,3.1,86,5,15,354,7,227,320,3.72,15.6%,15,2.64,0.174,22,0.438,23,97,0.237,1.6,NA,2.0%,NA,0,NA,NA,NA,NA,NA,NA,0,354,NA,NA,25.3,0.0,22.9,2.4,55.0,0.0,0.9,85.9,7%,17.7
2025,7527,Mac Jones,QB,27.2,SF,31,31,31,136.04,136.04,136.04,17,11,8,1123,546,4,69.6%,1194,289,201,94,88,6,97.40,2211,16,13,2151,7.44,10.70,0,0,0,0,0,0,0,0,0.0,0.0,36,1,11,60,0,0,60,1.67,48.6%,NA,NA,NA,11,NA,118,325,0.363,10.7,NA,NA,NA,107,37.0%,2.72,5.5%,29.1%,7.0,NA,313,2211,3.0%,+0.07,201.0,195.5,5.5,0.0,NA,0.0,0.5,132.4,36%,22.7
2025,12492,Pat Bryant,WR,23.0,DEN,85,85,86,74.8,59.3,43.8,15,15,7,941,436,0,0.0%,0,0,0,0,0,0,0.00,0,0,0,0,0.00,0.00,31,231,3,21,1,49,147,378,12.2,7.7,0,0,0,378,0,0,0,0,46.3%,NA,NA,NA,0,NA,22,49,0.449,1.5,274,8.0%,1.38,0,NA,NA,NA,NA,NA,0.077,0,378,NA,NA,25.2,0.0,0.0,25.2,NA,0.0,0.9,55.1,13%,11.5
2025,10213,Tre Tucker,WR,24.8,LV,38,37,35,161.7,133.2,104.7,17,17,17,931,881,0,0.0%,0,0,0,0,0,0,0.00,51,0,0,0,0.00,0.00,57,405,4,27,5,92,291,696,12.2,7.6,11,1,1,747,0,0,51,4.64,94.6%,NA,NA,NA,1,NA,33,103,0.320,1.9,561,17.9%,1.24,0,NA,NA,NA,NA,NA,0.048,0,747,NA,NA,43.9,0.0,3.0,40.9,NA,0.0,0.3,161.1,24%,23.0
2025,12476,Devin Neal,RB,22.3,NO,64,65,68,60,51.5,43,14,9,3,718,268,0,0.0%,0,0,0,0,0,0,0.00,206,0,0,0,0.00,0.00,17,-34,1,4,0,19,138,104,6.1,5.5,57,1,9,310,2,163,206,3.61,37.3%,14,2.87,0.246,11,0.532,15,76,0.197,1.7,NA,3.2%,NA,0,NA,NA,NA,NA,NA,NA,0,310,NA,NA,34.4,0.0,22.9,11.6,-4.0,0.0,-1.2,66.4,11%,12.2
2025,11603,AJ Barner,TE,23.6,SEA,14,14,14,147.3,121.3,95.3,17,17,17,1064,827,2,0.0%,0,0,0,0,0,0,0.00,14,0,0,0,0.00,0.00,52,248,2,20,6,68,271,519,10.0,7.6,10,0,8,533,1,0,14,1.4,77.7%,NA,0.00,NA,9,NA,35,78,0.449,2.1,336,14.1%,1.54,0,NA,NA,NA,NA,NA,0.060,0,533,NA,NA,31.4,0.0,0.8,30.5,NA,0.0,1.2,131.5,35%,18.8
2025,5012,Mark Andrews,TE,30.2,BAL,16,16,18,131,107,83,17,17,11,963,600,1,0.0%,0,0,0,0,0,0,0.00,48,0,0,0,0.00,0.00,48,321,3,19,5,70,101,422,8.8,6.0,10,0,6,470,1,0,48,4.8,62.3%,NA,0.00,NA,7,NA,31,80,0.388,1.8,318,16.6%,1.33,0,NA,NA,NA,NA,NA,0.060,0,470,NA,NA,27.6,0.0,2.8,24.8,NA,0.0,-1.7,165.9,18%,19.8
2025,11637,Keon Coleman,WR,22.6,BUF,60,61,63,102.4,83.4,64.4,13,13,6,809,515,1,0.0%,0,0,0,0,0,0,0.00,0,0,0,0,0.00,0.00,38,316,2,22,4,59,88,404,10.6,6.9,0,0,0,404,0,0,0,0,63.7%,NA,NA,NA,0,NA,26,59,0.441,2.0,288,11.9%,1.40,0,NA,NA,NA,NA,NA,0.076,0,404,NA,NA,31.1,0.0,0.0,31.1,NA,0.0,-1.2,120.4,15%,16.4
2025,11618,Jalen McMillan,WR,24.0,TB,138,139,142,29.9,23.9,17.9,17,4,2,267,138,0,0.0%,0,0,0,0,0,0,0.00,1,0,0,0,0.00,0.00,12,119,1,8,0,15,59,178,14.8,11.9,1,0,0,179,0,0,1,1,51.7%,NA,NA,NA,0,NA,8,16,0.500,2.0,83,2.7%,2.14,0,NA,NA,NA,NA,NA,0.096,0,179,NA,NA,44.8,0.0,0.3,44.5,NA,0.0,2.5,19.7,25%,NA
2025,12487,Terrance Ferguson,TE,22.8,LAR,52,49,40,52.1,46.6,41.1,14,13,3,919,356,0,0.0%,0,0,0,0,0,0,0.00,0,0,0,0,0.00,0.00,11,191,0,6,3,25,40,231,21.0,9.2,1,0,0,231,0,0,0,0,38.7%,NA,0.00,NA,0,NA,9,26,0.346,0.7,122,4.2%,1.89,0,NA,NA,NA,NA,NA,0.049,0,231,NA,NA,17.8,0.0,0.0,17.8,NA,0.0,1.3,38.8,15%,11.9
2025,11655,Tyrone Tracy,RB,26.0,NYG,28,28,32,160.8,142.8,124.8,15,15,11,923,496,1,0.0%,0,0,0,0,0,0,0.00,740,0,0,0,0.00,0.00,36,-26,3,12,2,48,314,288,8.0,6.0,176,5,37,1028,2,513,740,4.2,53.7%,46,2.91,0.261,39,0.553,53,224,0.237,3.5,NA,9.1%,NA,0,NA,NA,NA,NA,NA,NA,0,1028,NA,NA,68.5,0.0,49.3,19.2,124.0,0.0,0.0,155.7,27%,23.5
2025,12509,Tre Harris,WR,23.8,LAC,90,94,95,69.4,54.4,39.4,17,17,10,1072,486,0,0.0%,0,0,0,0,0,0,0.00,10,0,0,0,0.00,0.00,30,185,1,17,1,43,139,324,10.8,7.5,2,0,0,334,0,0,10,5,45.3%,NA,NA,NA,0,NA,18,45,0.400,1.1,261,7.6%,1.24,0,NA,NA,NA,NA,NA,0.065,0,334,NA,NA,19.6,0.0,0.6,19.1,NA,0.0,0.8,56.5,0%,8.7
2025,12533,Jacory Croskey-Merritt,RB,24.6,WAS,33,32,28,140.3,135.8,131.3,17,17,7,985,381,4,0.0%,0,0,0,0,0,0,0.00,805,0,0,0,0.00,0.00,9,-9,0,3,0,13,77,68,7.6,5.2,175,13,33,873,8,659,805,4.6,38.7%,47,3.77,0.269,41,0.645,44,188,0.234,2.6,NA,2.8%,NA,0,NA,NA,NA,NA,NA,NA,0,873,NA,NA,51.4,0.0,47.4,4.0,214.0,0.0,-1.3,163.1,24%,21.7
2025,11646,Jalen Coker,WR,24.1,CAR,69,68,70,90.4,73.9,57.4,17,11,3,648,439,1,0.0%,0,0,0,0,0,0,0.00,0,0,0,0,0.00,0.00,33,292,0,19,3,43,102,394,11.9,9.2,0,0,0,394,0,0,0,0,67.7%,NA,NA,NA,0,NA,22,43,0.512,2.0,277,8.4%,1.42,0,NA,NA,NA,NA,NA,0.069,0,394,NA,NA,35.8,0.0,0.0,35.8,NA,0.0,0.5,87.4,27%,16.0
2025,5022,Dallas Goedert,TE,30.9,PHI,7,4,2,185.1,155.1,125.1,15,15,15,928,787,0,0.0%,0,0,0,0,0,0,0.00,0,0,0,0,0.00,0.00,60,357,4,23,11,82,234,591,9.9,7.2,0,0,0,591,0,0,0,0,84.8%,NA,NA,NA,0,NA,34,82,0.415,2.3,396,16.5%,1.49,0,NA,NA,NA,NA,NA,0.058,0,591,NA,NA,39.4,0.0,0.0,39.4,NA,0.0,2.6,155.5,47%,23.6
2025,8408,Jordan Mason,RB,26.5,MIN,36,35,33,128.9,121.9,114.9,16,16,5,880,386,3,0.0%,0,0,0,0,0,0,0.00,758,0,0,0,0.00,0.00,14,-51,0,1,0,16,102,51,3.6,3.2,159,10,39,809,6,574,758,4.77,43.9%,50,3.61,0.314,45,0.676,46,175,0.263,2.9,NA,3.3%,NA,0,NA,NA,NA,NA,NA,NA,0,809,NA,NA,50.6,0.0,47.4,3.2,257.0,0.0,-2.5,168.8,13%,16.0
2025,1466,Travis Kelce,TE,36.2,KC,3,3,5,193.2,155.2,117.2,17,17,17,1049,851,1,0.0%,0,0,0,0,0,0,0.00,1,0,0,0,0.00,0.00,76,428,7,41,5,108,423,851,11.2,7.9,1,0,0,852,0,0,1,1,81.1%,NA,0.00,NA,0,NA,46,109,0.422,2.7,529,18.5%,1.61,0,NA,NA,NA,NA,NA,0.078,0,852,NA,NA,50.1,0.0,0.1,50.1,NA,0.0,0.5,188.5,47%,21.7
2025,12521,Elijah Arroyo,TE,22.7,SEA,60,61,62,36.9,29.4,21.9,16,13,4,801,316,1,0.0%,0,0,0,0,0,0,0.00,0,0,0,0,0.00,0.00,15,101,1,6,1,26,78,179,11.9,6.9,0,0,0,179,0,0,0,0,39.5%,NA,NA,NA,0,NA,7,26,0.269,0.5,114,5.4%,1.57,0,NA,NA,NA,NA,NA,0.053,0,179,NA,NA,13.8,0.0,0.0,13.8,NA,0.0,-0.9,50.2,0%,7.8
2025,7567,Kenneth Gainwell,RB,26.7,PIT,16,20,24,222.3,185.8,149.3,17,17,2,956,467,2,0.0%,0,0,0,0,0,0,0.00,537,0,0,0,0.00,0.00,73,-42,2,20,3,85,528,486,6.7,5.7,114,14,29,1023,5,406,537,4.71,48.8%,34,3.56,0.298,34,0.654,57,199,0.286,3.4,NA,15.5%,NA,0,NA,NA,NA,NA,NA,NA,0,1023,NA,NA,60.2,0.0,31.6,28.6,181.0,0.0,2.4,176.6,41%,28.2
2025,8111,Cade Otton,TE,26.6,TB,22,25,28,122.2,92.7,63.2,16,16,16,1065,993,0,0.0%,0,0,0,0,0,0,0.00,0,0,0,0,0.00,0.00,59,261,1,24,1,81,311,572,9.7,7.1,0,0,0,572,0,0,0,0,93.2%,NA,NA,NA,0,NA,25,81,0.309,1.6,430,14.5%,1.33,0,NA,NA,NA,NA,NA,0.056,0,572,NA,NA,35.8,0.0,0.0,35.8,NA,0.0,0.1,121.8,25%,17.7
2025,3214,Hunter Henry,TE,31.0,NE,9,7,4,178.8,148.8,118.8,17,17,17,1035,835,0,0.0%,0,0,0,0,0,0,0.00,0,0,0,0,0.00,0.00,60,433,3,35,7,87,335,768,12.8,8.8,0,0,0,768,0,0,0,0,80.7%,NA,NA,NA,0,NA,42,87,0.483,2.5,431,17.3%,1.78,0,NA,NA,NA,NA,NA,0.081,0,768,NA,NA,45.2,0.0,0.0,45.2,NA,0.0,-0.1,166.3,35%,23.0
2025,4033,David Njoku,TE,29.4,CLE,34,32,31,86.3,69.8,53.3,12,12,11,799,514,0,0.0%,0,0,0,0,0,0,0.00,0,0,0,0,0.00,0.00,33,133,1,7,4,48,160,293,8.9,6.1,0,0,0,293,0,0,0,0,64.3%,NA,NA,NA,0,NA,11,48,0.229,0.9,251,8.6%,1.17,0,NA,NA,NA,NA,NA,0.028,0,293,NA,NA,24.4,0.0,0.0,24.4,NA,0.0,-1.6,115.4,17%,14.2
2025,7611,Rhamondre Stevenson,RB,27.8,NE,25,25,25,178.8,162.8,146.8,14,14,13,839,505,3,0.0%,0,0,0,0,0,0,0.00,603,0,0,0,0.00,0.00,32,82,0,9,2,37,263,345,10.8,9.3,130,12,22,948,7,468,603,4.64,60.2%,33,3.60,0.254,29,0.614,40,167,0.240,2.9,NA,7.4%,NA,0,NA,NA,NA,NA,NA,NA,0,948,NA,NA,67.7,0.0,43.1,24.6,229.0,0.0,4.2,130.5,43%,27.9
2025,11626,Xavier Legette,WR,24.8,CAR,71,71,77,89.3,71.8,54.3,15,15,12,934,642,1,0.0%,0,0,0,0,0,0,0.00,0,0,0,0,0.00,0.00,35,288,2,15,3,64,75,363,10.4,5.7,1,0,0,363,0,0,0,0,68.7%,NA,NA,NA,0,NA,18,65,0.277,1.2,385,12.4%,0.94,0,NA,NA,NA,NA,NA,0.039,0,363,NA,NA,24.2,0.0,0.0,24.2,NA,0.0,-1.0,106.2,13%,17.9
2025,8136,Rachaad White,RB,26.9,TB,32,34,40,143,123,103,17,17,8,1134,574,0,0.0%,0,0,0,0,0,0,0.00,572,0,0,0,0.00,0.00,40,-111,0,10,0,45,329,218,5.5,4.8,132,9,33,790,4,425,572,4.33,50.6%,38,3.22,0.288,37,0.610,47,177,0.266,2.8,NA,8.1%,NA,0,NA,NA,NA,NA,NA,NA,0,790,NA,NA,46.5,0.0,33.6,12.8,79.0,0.0,-1.5,171.0,18%,18.4
2025,9225,Tank Bigsby,RB,24.3,PHI,68,63,60,53.8,52.3,50.8,17,11,1,991,101,0,0.0%,0,0,0,0,0,0,0.00,356,0,0,0,0.00,0.00,3,-7,0,1,0,4,39,32,10.7,8.0,63,9,16,388,2,269,356,5.65,10.2%,19,4.26,0.302,18,0.728,19,67,0.284,1.7,NA,0.8%,NA,0,NA,NA,NA,NA,NA,NA,0,388,NA,NA,35.3,0.0,32.4,2.9,136.0,0.0,1.4,34.5,9%,12.6
2025,3257,Jacoby Brissett,QB,33.0,ARI,16,16,16,235.44,235.44,235.44,17,10,12,1077,757,5,64.9%,1809,485,315,142,170,8,94.06,3534,43,23,3366,6.94,10.69,0,0,0,0,0,0,0,0,0.0,0.0,38,2,15,168,1,0,168,4.42,70.3%,NA,NA,NA,16,NA,181,523,0.346,18.1,NA,NA,NA,165,34.0%,2.42,6.4%,40.6%,6.3,NA,456,3534,3.4%,-0.04,353.4,336.6,16.8,0.0,NA,0.0,0.0,191.6,#N/A,#N/A
2025,12510,Jalen Milroe,QB,23.0,SEA,327,327,327,-1.6,-1.6,-1.6,4,0,0,284,3,1,0.0%,0,0,0,0,0,0,0.00,4,0,0,0,0.00,0.00,0,0,0,0,0,0,0,0,0.0,0.0,3,0,0,4,0,0,4,1.33,1.1%,NA,NA,NA,0,NA,0,3,0.000,NA,NA,NA,NA,0,NA,0.00,0.0%,0.0%,0.0,NA,0,4,#N/A,#N/A,NA,NA,NA,NA,NA,0.0,0.0,0.0,NA,NA
2025,5967,Tony Pollard,RB,28.6,TEN,23,24,23,185.8,169.3,152.8,17,17,17,1002,623,4,0.0%,0,0,0,0,0,0,0.00,1082,0,0,0,0.00,0.00,33,4,2,11,0,41,202,206,6.2,5.0,242,16,43,1288,5,838,1082,4.47,62.2%,69,3.46,0.285,48,0.631,59,283,0.208,3.5,NA,7.2%,NA,0,NA,NA,NA,NA,NA,NA,0,1288,NA,NA,75.8,0.0,63.6,12.1,226.0,0.0,0.2,182.5,29%,20.4
2025,9486,Dontayvion Wicks,WR,24.5,GB,83,83,83,75.8,60.8,45.8,14,14,7,871,408,0,0.0%,0,0,0,0,0,0,0.00,6,0,0,0,0.00,0.00,30,265,2,19,2,46,67,332,11.1,7.2,1,0,0,338,0,0,6,6,46.8%,NA,NA,NA,0,NA,21,47,0.447,1.5,222,9.4%,1.50,0,NA,NA,NA,NA,NA,0.086,0,338,NA,NA,24.1,0.0,0.4,23.7,NA,0.0,0.4,71.5,7%,14.7
2025,12455,Brashard Smith,RB,22.7,KC,62,67,70,63.3,50.8,38.3,17,17,1,1049,157,1,0.0%,0,0,0,0,0,0,0.00,151,0,0,0,0.00,0.00,25,-60,1,6,1,35,232,172,6.9,4.9,44,0,5,323,0,102,151,3.43,15.0%,24,2.33,0.545,5,0.778,12,79,0.152,0.7,NA,6.0%,NA,0,NA,NA,NA,NA,NA,NA,0,323,NA,NA,19.0,0.0,8.9,10.1,12.0,0.0,-0.1,62.5,6%,10.1
2025,9494,Marvin Mims,WR,23.7,DEN,66,67,72,93,74.5,56,15,15,4,1020,360,2,0.0%,0,0,0,0,0,0,0.00,78,0,0,0,0.00,0.00,37,91,1,13,1,51,231,322,8.7,6.3,12,1,2,400,1,0,78,6.5,35.3%,NA,NA,NA,3,NA,17,63,0.270,1.1,262,8.3%,1.23,0,NA,NA,NA,NA,NA,0.050,0,400,NA,NA,26.7,0.0,5.2,21.5,NA,0.0,-0.9,106.0,13%,15.6
2025,9511,Keaton Mitchell,RB,23.9,BAL,66,66,64,55.4,50.9,46.4,13,13,0,745,125,1,0.0%,0,0,0,0,0,0,0.00,341,0,0,0,0.00,0.00,9,-22,1,2,0,12,85,63,7.0,5.3,59,2,15,404,1,228,341,5.78,16.8%,13,3.87,0.220,16,0.607,18,71,0.254,1.4,NA,2.8%,NA,0,NA,NA,NA,NA,NA,NA,0,404,NA,NA,31.1,0.0,26.2,4.8,95.0,0.0,0.3,51.0,0%,8.7
2025,4035,Alvin Kamara,RB,30.4,NO,46,50,53,100.7,84.2,67.7,11,11,11,725,457,2,0.0%,0,0,0,0,0,0,0.00,471,0,0,0,0.00,0.00,33,-16,2,7,0,39,202,186,5.6,4.8,131,7,20,657,1,394,471,3.6,63.0%,32,3.00,0.244,21,0.545,28,170,0.165,2.5,NA,6.6%,NA,0,NA,NA,NA,NA,NA,NA,0,657,NA,NA,59.7,0.0,42.8,16.9,-29.0,0.0,-4.4,158.4,36%,14.7
2025,4199,Aaron Jones,RB,31.0,MIN,41,43,44,118.7,104.7,90.7,16,12,12,664,366,2,0.0%,0,0,0,0,0,0,0.00,548,0,0,0,0.00,0.00,28,-28,2,8,1,41,227,199,7.1,4.9,132,5,26,747,2,370,548,4.15,55.1%,26,2.80,0.197,28,0.477,37,173,0.214,3.1,NA,8.5%,NA,0,NA,NA,NA,NA,NA,NA,0,747,NA,NA,62.3,0.0,45.7,16.6,84.0,0.0,-1.4,137.1,25%,15.6
2025,8205,Isiah Pacheco,RB,26.8,KC,56,55,52,87.3,77.8,68.3,13,13,12,823,424,0,0.0%,0,0,0,0,0,0,0.00,462,0,0,0,0.00,0.00,19,-20,3,3,1,26,121,101,5.3,3.9,118,2,26,563,1,355,462,3.92,51.5%,22,3.00,0.186,27,0.487,31,144,0.215,2.4,NA,4.5%,NA,0,NA,NA,NA,NA,NA,NA,0,563,NA,NA,43.3,0.0,35.5,7.8,14.0,0.0,-1.6,108.4,23%,12.9
2025,7002,Juwan Johnson,TE,29.2,NO,8,10,12,179.9,141.4,102.9,17,17,10,1056,799,2,0.0%,0,0,0,0,0,0,0.00,0,0,0,0,0.00,0.00,77,527,6,38,3,102,362,889,11.6,8.7,0,0,0,889,0,0,0,0,75.7%,NA,NA,NA,0,NA,41,102,0.402,2.4,501,17.3%,1.77,0,NA,NA,NA,NA,NA,0.076,0,889,NA,NA,52.3,0.0,0.0,52.3,NA,0.0,0.6,171.1,47%,17.3
2025,8154,Brian Robinson,RB,26.7,SF,63,61,58,62.5,58.5,54.5,17,17,0,1123,190,0,0.0%,0,0,0,0,0,0,0.00,400,0,0,0,0.00,0.00,8,-10,0,1,0,12,35,25,3.1,2.1,92,10,18,425,2,323,400,4.35,16.9%,21,3.51,0.228,20,0.579,21,104,0.202,1.2,NA,2.1%,NA,0,NA,NA,NA,NA,NA,NA,0,425,NA,NA,25.0,0.0,23.5,1.5,39.0,0.0,-0.2,65.0,0%,9.4
2025,9502,Tank Dell,WR,26.1,HOU,1122,1121,1120,0,0,0,17,0,0,0,0,0,0.0%,0,0,0,0,0,0,0.00,0,0,0,0,0.00,0.00,0,0,0,0,0,0,0,0,0.0,0.0,0,0,0,0,0,0,0,0,0,NA,NA,NA,0,NA,0,0,NA,NA,0,NA,NA,0,NA,NA,NA,NA,NA,NA,0,0,NA,NA,NA,NA,NA,NA,NA,0.0,0.0,0.0,NA,NA
2025,9501,Demario Douglas,WR,25.0,NE,65,64,61,95.8,80.3,64.8,17,17,0,1035,273,0,0.0%,0,0,0,0,0,0,0.00,21,0,0,0,0.00,0.00,31,233,2,14,3,46,214,447,14.4,9.7,7,0,2,468,0,0,21,3,26.4%,NA,NA,NA,2,NA,19,53,0.358,1.1,205,9.2%,2.18,0,NA,NA,NA,NA,NA,0.068,0,468,NA,NA,27.5,0.0,1.2,26.3,NA,0.0,0.3,90.7,12%,14.8
2025,11435,Emanuel Wilson,RB,26.6,GB,49,49,47,94.5,87,79.5,17,17,2,1000,298,1,0.0%,0,0,0,0,0,0,0.00,496,0,0,0,0.00,0.00,15,-34,1,5,0,17,133,99,6.6,5.8,125,6,29,595,3,397,496,3.97,29.8%,28,3.17,0.224,32,0.541,37,142,0.261,2.2,NA,3.5%,NA,0,NA,NA,NA,NA,NA,NA,0,595,NA,NA,35.0,0.0,29.2,5.8,35.0,0.0,-0.7,86.6,12%,17.4
2025,11583,Jonathon Brooks,RB,22.4,CAR,604,604,604,0,0,0,17,0,0,0,0,0,0.0%,0,0,0,0,0,0,0.00,0,0,0,0,0.00,0.00,0,0,0,0,0,0,0,0,0.0,0.0,0,0,0,0,0,0,0,0,0,0,NA,NA,0,NA,0,0,NA,NA,NA,NA,NA,0,NA,NA,NA,NA,NA,NA,0,0,NA,NA,NA,NA,NA,NA,#N/A,0.0,0.0,0.0,NA,NA
2025,11610,Malik Washington,WR,24.9,MIA,54,57,57,116.7,93.7,70.7,17,17,6,927,523,1,0.0%,0,0,0,0,0,0,0.00,110,0,0,0,0.00,0.00,46,64,1,13,3,65,253,317,6.9,4.9,17,2,4,427,1,0,110,6.47,56.4%,NA,NA,NA,5,NA,21,82,0.256,1.2,342,13.6%,0.93,0,NA,NA,NA,NA,NA,0.038,0,427,NA,NA,25.1,0.0,6.5,18.6,NA,0.0,-1.0,133.6,6%,11.9
2025,10444,Cedric Tillman,WR,25.6,CLE,98,98,98,60,49.5,39,17,13,10,768,475,0,0.0%,0,0,0,0,0,0,0.00,0,0,0,0,0.00,0.00,21,208,1,11,2,39,62,270,12.9,6.9,0,0,0,270,0,0,0,0,61.8%,NA,NA,NA,0,NA,13,39,0.333,1.0,302,7.0%,0.89,0,NA,NA,NA,NA,NA,0.036,0,270,NA,NA,20.8,0.0,0.0,20.8,NA,0.0,-2.3,93.9,8%,11.5
2025,12503,Isaiah Bond,WR,21.7,CLE,104,103,101,54.7,45.7,36.7,16,16,2,958,466,0,0.0%,0,0,0,0,0,0,0.00,29,0,0,0,0.00,0.00,18,259,3,11,0,44,79,338,18.8,7.7,5,0,1,367,0,0,29,5.8,48.6%,NA,NA,NA,1,NA,12,49,0.245,0.8,323,7.9%,1.05,0,NA,NA,NA,NA,NA,0.034,0,367,NA,NA,22.9,0.0,1.8,21.1,NA,0.0,-1.4,70.2,0%,9.2
2025,7591,Justin Fields,QB,26.8,NYJ,28,28,28,143.66,143.66,143.66,13,9,9,677,501,4,62.7%,676,204,128,51,76,1,89.48,1642,27,7,1259,6.17,9.84,0,0,0,0,0,1,0,0,0.0,0.0,71,3,22,383,4,0,383,5.39,74.0%,NA,NA,NA,26,NA,84,276,0.304,9.3,NA,NA,NA,58,28.4%,2.93,6.9%,46.5%,6.8,NA,260,1642,-1.7%,-0.13,182.4,139.9,42.6,0.0,NA,0.0,-4.4,183.2,56%,27.5
2025,9229,Anthony Richardson,QB,23.6,IND,68,70,71,2.16,1.66,1.16,16,2,0,328,14,0,50.0%,2,2,1,1,1,0,62.50,8,0,0,9,4.50,9.00,1,2,0,1,0,1,7,9,9.0,9.0,4,0,1,8,0,0,-1,-0.25,4.3%,NA,NA,NA,1,NA,3,7,0.429,1.5,NA,NA,NA,1,50.0%,2.31,0.0%,0.0%,5.7,NA,2,17,-31.1%,-0.74,8.5,4.5,-0.5,4.5,NA,0.0,0.0,0.0,NA,NA
2025,11571,Isaiah Davis,RB,23.8,NYJ,59,58,61,71.2,60.7,50.2,17,16,0,999,285,0,0.0%,0,0,0,0,0,0,0.00,236,0,0,0,0.00,0.00,21,5,1,8,0,28,181,186,8.9,6.6,43,2,6,422,1,170,236,5.49,28.5%,11,3.96,0.256,7,0.651,15,71,0.211,0.9,NA,5.7%,NA,0,NA,NA,NA,NA,NA,NA,0,422,NA,NA,26.4,0.0,14.8,11.6,91.0,0.0,-0.3,82.3,13%,13.8
2025,12483,Jack Bech,WR,23.0,LV,120,123,127,42.4,32.4,22.4,16,15,5,872,307,0,0.0%,0,0,0,0,0,0,0.00,0,0,0,0,0.00,0.00,20,156,1,11,0,29,68,224,11.2,7.7,0,0,0,224,0,0,0,0,35.2%,NA,NA,NA,0,NA,11,29,0.379,0.7,164,5.6%,1.37,0,NA,NA,NA,NA,NA,0.067,0,224,NA,NA,14.9,0.0,0.0,14.9,NA,0.0,-1.6,70.1,0%,7.7
2025,5001,Dalton Schultz,TE,29.4,HOU,10,11,13,177.7,136.7,95.7,17,17,6,1092,789,1,0.0%,0,0,0,0,0,0,0.00,0,0,0,0,0.00,0.00,82,419,2,36,3,106,358,777,9.5,7.3,0,0,0,777,0,0,0,0,72.3%,NA,NA,NA,0,NA,39,106,0.368,2.3,463,18.2%,1.68,0,NA,NA,NA,NA,NA,0.078,0,777,NA,NA,45.7,0.0,0.0,45.7,NA,0.0,2.4,146.9,53%,19.6
2025,10219,Chris Rodriguez,RB,25.2,WAS,51,45,45,92,90.5,89,13,12,7,741,226,0,0.0%,0,0,0,0,0,0,0.00,500,0,0,0,0.00,0.00,3,4,0,1,0,4,26,30,10.0,7.5,112,11,26,530,6,442,500,4.46,30.5%,30,3.95,0.268,32,0.663,33,116,0.284,2.8,NA,0.9%,NA,0,NA,NA,NA,NA,NA,NA,0,530,NA,NA,44.2,0.0,41.7,2.5,128.0,0.0,-0.6,100.9,25%,13.9
2025,9757,Kendre Miller,RB,23.5,NO,77,73,72,33.3,30.8,28.3,17,7,0,464,113,0,0.0%,0,0,0,0,0,0,0.00,193,0,0,0,0.00,0.00,5,-5,0,1,0,5,35,30,6.0,6.0,47,7,8,223,1,186,193,4.11,24.4%,22,3.95,0.468,9,0.863,10,52,0.192,1.4,NA,0.8%,NA,0,NA,NA,NA,NA,NA,NA,0,223,NA,NA,31.9,0.0,27.6,4.3,24.0,0.0,-0.4,36.1,14%,8.0
2025,12502,Gunnar Helm,TE,23.2,TEN,31,33,34,91.7,69.7,47.7,16,16,10,1002,533,0,0.0%,0,0,0,0,0,0,0.00,0,0,0,0,0.00,0.00,44,198,2,15,2,55,159,357,8.1,6.5,0,0,0,357,0,0,0,0,53.2%,NA,NA,NA,0,NA,17,55,0.309,1.1,237,9.6%,1.51,0,NA,NA,NA,NA,NA,0.063,0,357,NA,NA,22.3,0.0,0.0,22.3,NA,0.0,0.6,78.2,13%,12.1
2025,7090,Darnell Mooney,WR,28.1,ATL,79,80,80,82.3,66.3,50.3,15,15,15,887,726,2,0.0%,0,0,0,0,0,0,0.00,0,0,0,0,0.00,0.00,32,370,5,24,1,72,73,443,13.8,6.2,0,0,0,443,0,0,0,0,81.8%,NA,NA,NA,0,NA,25,72,0.347,1.7,444,13.2%,1.00,0,NA,NA,NA,NA,NA,0.054,0,443,NA,NA,29.5,0.0,0.0,29.5,NA,0.0,-4.4,138.0,7%,11.5
2025,11600,Ja'Tavion Sanders,TE,22.7,CAR,50,52,58,54,39.5,25,14,12,5,804,393,0,0.0%,0,0,0,0,0,0,0.00,0,0,0,0,0.00,0.00,29,104,1,7,1,34,86,190,6.6,5.6,0,0,0,190,0,0,0,0,48.9%,NA,NA,NA,0,NA,8,34,0.235,0.7,191,6.6%,0.99,0,NA,NA,NA,NA,NA,0.037,0,190,NA,NA,15.8,0.0,0.0,15.8,NA,0.0,-2.0,83.0,8%,9.8
2025,8147,John Metchie,WR,25.4,PHI,87,91,99,71.9,55.4,38.9,17,15,7,956,411,0,0.0%,0,0,0,0,0,0,0.00,-5,0,0,0,0.00,0.00,33,134,3,13,2,48,140,274,8.3,5.7,3,0,0,269,0,0,-5,-1.67,43.0%,NA,NA,NA,0,NA,15,51,0.294,1.0,238,9.7%,1.15,0,NA,NA,NA,NA,NA,0.055,0,269,NA,NA,17.9,0.0,-0.3,18.3,NA,0.0,-1.0,77.5,13%,13.1
2025,3321,Tyreek Hill,WR,31.8,MIA,105,108,108,53.5,43,32.5,17,4,4,224,155,0,0.0%,0,0,0,0,0,0,0.00,0,0,0,0,0.00,0.00,21,208,0,16,1,29,57,265,12.6,9.1,0,0,0,265,0,0,0,0,69.2%,NA,NA,NA,0,NA,17,29,0.586,4.3,99,6.1%,2.68,0,NA,NA,NA,NA,NA,0.162,0,265,NA,NA,66.3,0.0,0.0,66.3,NA,0.0,-1.5,59.5,75%,NA
2025,1479,Keenan Allen,WR,33.6,LAC,29,34,37,182.7,142.2,101.7,17,17,3,1072,592,2,0.0%,0,0,0,0,0,0,0.00,0,0,0,0,0.00,0.00,81,546,6,45,4,122,231,777,9.6,6.4,0,0,0,777,0,0,0,0,55.2%,NA,NA,NA,0,NA,49,122,0.402,2.9,444,21.4%,1.75,0,NA,NA,NA,NA,NA,0.101,0,777,NA,NA,45.7,0.0,0.0,45.7,NA,0.0,-0.8,196.5,24%,22.7
2025,7571,Rashod Bateman,WR,26.0,BAL,103,101,102,55.4,45.9,36.4,13,13,12,798,550,0,0.0%,0,0,0,0,0,0,0.00,0,0,0,0,0.00,0.00,19,185,3,10,2,38,39,224,11.8,5.9,0,0,0,224,0,0,0,0,68.9%,NA,NA,NA,0,NA,12,38,0.316,0.9,300,9.0%,0.75,0,NA,NA,NA,NA,NA,0.033,0,224,NA,NA,17.2,0.0,0.0,17.2,NA,0.0,-3.5,100.8,8%,11.2
2025,11643,Jaylen Wright,RB,22.7,MIA,69,69,67,48.2,45.7,43.2,12,9,1,708,101,2,0.0%,0,0,0,0,0,0,0.00,288,0,0,0,0.00,0.00,5,-16,1,2,0,9,60,44,8.8,4.9,70,4,15,332,2,255,288,4.11,14.3%,18,3.64,0.257,17,0.622,19,79,0.241,2.1,NA,1.9%,NA,0,NA,NA,NA,NA,NA,NA,0,332,NA,NA,36.9,0.0,32.0,4.9,28.0,0.0,1.1,34.7,22%,11.5
2025,9482,Michael Mayer,TE,24.4,LV,38,41,44,73.8,56.3,38.8,13,13,12,713,406,1,0.0%,0,0,0,0,0,0,0.00,0,0,0,0,0.00,0.00,35,132,1,17,1,50,196,328,9.4,6.6,0,0,0,328,0,0,0,0,56.9%,NA,NA,NA,0,NA,18,50,0.360,1.4,206,9.7%,1.59,0,NA,NA,NA,NA,NA,0.083,0,328,NA,NA,25.2,0.0,0.0,25.2,NA,0.0,-0.5,83.3,15%,13.9
2025,8122,Bam Knight,RB,24.7,ARI,50,53,51,92.9,81.9,70.9,15,6,8,831,283,1,0.0%,0,0,0,0,0,0,0.00,269,0,0,0,0.00,0.00,22,9,1,9,1,31,151,160,7.3,5.2,82,5,17,429,4,109,269,3.28,34.1%,18,1.33,0.220,21,0.352,31,113,0.274,5.2,NA,4.8%,NA,0,NA,NA,NA,NA,NA,NA,0,429,NA,NA,71.5,0.0,44.8,26.7,-6.0,0.0,0.0,67.0,#N/A,#N/A
2025,6826,Cole Kmet,TE,26.8,CHI,36,36,33,78.7,63.7,48.7,16,16,15,1036,719,0,0.0%,0,1,0,0,1,0,39.58,0,0,0,0,0.00,0.00,30,198,2,15,2,48,149,347,11.6,7.2,0,0,0,347,0,0,0,0,69.4%,NA,NA,NA,0,NA,17,49,0.347,1.1,318,8.4%,1.09,0,0.0%,NA,NA,NA,NA,0.047,0,347,NA,NA,21.7,0.0,0.0,21.7,NA,0.0,0.1,80.2,6%,10.0
2025,12541,Dont'e Thornton,WR,23.0,LV,148,148,154,23.5,18.5,13.5,15,15,8,817,391,0,0.0%,0,0,0,0,0,0,0.00,0,0,0,0,0.00,0.00,10,97,3,7,0,30,38,135,13.5,4.5,0,0,0,135,0,0,0,0,47.9%,NA,NA,NA,0,NA,7,30,0.233,0.5,213,NA,0.63,0,NA,NA,NA,NA,NA,0.033,0,135,NA,NA,9.0,0.0,0.0,9.0,NA,0.0,-2.8,62.9,0%,4.9
2025,12531,Trevor Etienne,RB,21.4,CAR,98,99,100,11.7,10.2,8.7,17,13,0,1061,63,2,0.0%,0,0,0,0,0,0,0.00,94,0,0,0,0.00,0.00,3,2,0,1,0,3,11,13,4.3,4.3,20,1,6,107,0,77,94,4.7,5.9%,6,3.86,0.300,6,0.686,7,23,0.304,0.5,NA,0.6%,NA,0,NA,NA,NA,NA,NA,NA,0,107,NA,NA,8.2,0.0,7.2,1.0,41.0,0.0,-0.8,24.8,0%,3.0
2025,12457,Jaydon Blue,RB,21.9,DAL,91,89,82,20.4,19.9,19.4,5,5,0,256,45,1,0.0%,0,0,0,0,0,0,0.00,129,0,0,0,0.00,0.00,1,-5,0,0,0,1,10,5,5.0,5.0,38,2,6,134,1,68,129,3.39,17.6%,3,1.78,0.079,7,0.257,7,39,0.179,1.4,NA,0.2%,NA,0,NA,NA,NA,NA,NA,NA,0,134,NA,NA,26.8,0.0,25.8,1.0,2.0,0.0,-1.3,33.1,20%,6.6
2025,7600,Pat Freiermuth,TE,27.1,PIT,25,24,22,113.6,93.1,72.6,17,17,7,956,470,0,0.0%,0,0,0,0,0,0,0.00,0,0,0,0,0.00,0.00,41,231,0,17,4,54,255,486,11.9,9.0,0,0,0,486,0,0,0,0,49.2%,NA,NA,NA,0,NA,21,54,0.389,1.2,315,9.8%,1.54,0,NA,NA,NA,NA,NA,0.054,0,486,NA,NA,28.6,0.0,0.0,28.6,NA,0.0,-0.2,111.8,12%,16.9
2025,4098,Kareem Hunt,RB,30.3,KC,31,31,30,145.4,136.4,127.4,17,17,4,1049,504,2,0.0%,0,0,0,0,0,0,0.00,611,0,0,0,0.00,0.00,18,-10,1,7,1,25,153,143,7.9,5.7,163,7,47,754,8,524,611,3.75,48.0%,41,3.21,0.252,55,0.573,63,188,0.335,3.7,NA,4.3%,NA,0,NA,NA,NA,NA,NA,NA,0,754,NA,NA,44.4,0.0,35.9,8.4,103.0,0.0,-0.6,148.4,29%,18.6
2025,12471,DJ Giddens,RB,22.3,IND,105,103,97,9.6,9.6,9.6,9,8,0,504,50,0,0.0%,0,0,0,0,0,0,0.00,96,0,0,0,0.00,0.00,0,0,0,0,0,2,0,0,0.0,0.0,26,0,5,96,0,78,96,3.69,9.9%,3,3.01,0.115,5,0.417,5,28,0.179,0.6,NA,0.4%,NA,0,NA,NA,NA,NA,NA,NA,0,96,NA,NA,12.0,0.0,12.0,0.0,16.0,0.0,-0.8,19.5,0%,3.1
2025,10226,Andrei Iosivas,WR,26.2,CIN,70,70,71,89.9,73.4,56.9,17,17,9,1043,815,0,0.0%,0,0,0,0,0,0,0.00,14,0,0,0,0.00,0.00,33,332,5,22,2,58,103,435,13.2,7.5,3,0,0,449,0,0,14,4.67,78.1%,NA,NA,NA,0,NA,24,61,0.393,1.4,533,9.1%,0.82,0,NA,NA,NA,NA,NA,0.041,0,449,NA,NA,26.4,0.0,0.8,25.6,NA,0.0,-0.5,97.2,12%,13.9
2025,5848,Marquise Brown,WR,28.5,KC,43,45,46,137.7,113.2,88.7,16,16,6,988,499,1,0.0%,0,0,0,0,0,0,0.00,0,0,0,0,0.00,0.00,49,397,3,24,5,74,190,587,12.0,7.9,0,0,0,587,0,0,0,0,50.5%,NA,NA,NA,0,NA,29,74,0.392,1.8,348,12.7%,1.69,0,NA,NA,NA,NA,NA,0.069,0,587,NA,NA,36.7,0.0,0.0,36.7,NA,0.0,1.3,121.2,19%,17.7
2025,10218,Xavier Hutchinson,WR,25.5,HOU,64,63,65,98,80.5,63,17,17,6,1092,618,0,0.0%,0,0,0,0,0,0,0.00,22,0,0,0,0.00,0.00,35,282,1,16,3,57,146,428,12.2,7.5,3,0,2,450,0,0,22,7.33,56.6%,NA,NA,NA,2,NA,21,60,0.350,1.2,383,9.8%,1.12,0,NA,NA,NA,NA,NA,0.042,0,450,NA,NA,26.5,0.0,1.3,25.2,NA,0.0,2.3,63.4,18%,16.0
2025,8210,Chigoziem Okonkwo,TE,26.2,TEN,21,22,24,124,96,68,17,17,12,1002,623,0,0.0%,0,0,0,0,0,0,0.00,0,0,0,0,0.00,0.00,56,218,4,22,2,79,342,560,10.0,7.1,0,0,0,560,0,0,0,0,62.2%,NA,NA,NA,0,NA,24,79,0.304,1.4,373,13.9%,1.50,0,NA,NA,NA,NA,NA,0.059,0,560,NA,NA,32.9,0.0,0.0,32.9,NA,0.0,0.3,119.3,18%,14.2
2025,9479,Darnell Washington,TE,24.3,PIT,39,38,39,73.4,57.9,42.4,17,16,13,956,546,2,0.0%,0,0,0,0,0,0,0.00,0,0,0,0,0.00,0.00,31,135,4,15,1,43,229,364,11.7,8.5,0,0,0,364,0,0,0,0,57.1%,NA,NA,NA,0,NA,16,43,0.372,1.0,180,7.8%,2.02,0,NA,NA,NA,NA,NA,0.083,0,364,NA,NA,22.8,0.0,0.0,22.8,NA,0.0,0.4,70.9,0%,9.7
2025,11650,Luke McCaffrey,WR,24.7,WAS,109,102,94,51.3,45.8,40.3,17,8,0,563,174,0,0.0%,0,0,0,0,0,0,0.00,0,0,0,0,0.00,0.00,11,134,0,3,3,15,69,203,18.5,13.5,0,0,0,203,0,0,0,0,30.9%,NA,NA,NA,0,NA,6,15,0.400,0.8,74,3.2%,2.74,0,NA,NA,NA,NA,NA,0.041,0,203,NA,NA,25.4,0.0,0.0,25.4,NA,0.0,1.8,34.8,13%,11.7
2025,6149,Darius Slayton,WR,28.9,NYG,63,65,67,98.8,80.3,61.8,14,14,12,857,690,1,0.0%,0,0,0,0,0,0,0.00,0,0,0,0,0.00,0.00,37,340,5,22,1,63,198,538,14.5,8.5,0,0,0,538,0,0,0,0,80.5%,NA,NA,NA,0,NA,23,63,0.365,1.6,408,12.0%,1.32,0,NA,NA,NA,NA,NA,0.054,0,538,NA,NA,38.4,0.0,0.0,38.4,NA,0.0,-1.0,108.2,14%,12.7
2025,12486,Dillon Gabriel,QB,24.9,CLE,40,40,40,72.08,72.08,72.08,15,8,6,928,372,0,59.5%,439,185,110,38,75,2,80.84,1023,19,7,937,5.06,8.52,0,0,0,0,0,0,0,0,0.0,0.0,14,1,4,86,0,0,86,6.14,40.1%,NA,NA,NA,4,NA,49,199,0.246,6.1,NA,NA,NA,45,24.3%,2.71,3.8%,41.6%,5.8,NA,214,1023,#N/A,#N/A,127.9,117.1,10.8,0.0,NA,0.0,-4.9,96.6,25%,16.6
2025,12641,Jaylin Lane,WR,23.6,WAS,112,111,106,49.2,41.2,33.2,17,14,4,941,348,3,0.0%,0,0,0,0,0,0,0.00,7,0,0,0,0.00,0.00,16,186,1,10,0,32,39,225,14.1,7.0,1,0,0,232,0,0,7,7,37.0%,NA,NA,NA,0,NA,10,33,0.303,0.7,187,6.8%,1.20,0,NA,NA,NA,NA,NA,0.053,0,232,NA,NA,16.6,0.0,0.5,16.1,NA,0.0,-0.7,59.9,0%,7.3
2025,11575,Ray Davis,RB,26.1,BUF,61,60,59,64.1,59.1,54.1,17,16,0,1057,120,0,0.0%,0,0,0,0,0,0,0.00,275,0,0,0,0.00,0.00,10,-13,2,5,2,13,99,86,8.6,6.6,58,1,15,361,0,165,275,4.74,11.4%,8,2.85,0.138,15,0.423,22,71,0.310,1.4,NA,2.6%,NA,0,NA,NA,NA,NA,NA,NA,0,361,NA,NA,22.6,0.0,17.2,5.4,56.0,0.0,0.2,55.6,6%,13.8
2025,4137,James Conner,RB,30.6,ARI,78,76,74,33.3,29.3,25.3,17,3,3,187,93,1,0.0%,0,0,0,0,0,0,0.00,95,0,0,0,0.00,0.00,8,-30,0,3,1,9,68,38,4.8,4.2,32,3,6,133,1,85,95,2.97,49.7%,14,2.64,0.438,7,0.702,11,41,0.268,3.7,NA,1.4%,NA,0,NA,NA,NA,NA,NA,NA,0,133,NA,NA,44.3,0.0,31.7,12.7,-3.0,0.0,-3.4,43.6,67%,NA
2025,9481,Luke Musgrave,TE,25.3,GB,53,55,57,49.2,37.2,25.2,17,17,10,1000,426,1,0.0%,0,0,0,0,0,0,0.00,0,0,0,0,0.00,0.00,24,183,1,11,0,31,69,252,10.5,8.1,0,0,0,252,0,0,0,0,42.6%,NA,NA,NA,0,NA,11,31,0.355,0.6,165,6.3%,1.53,0,NA,NA,NA,NA,NA,0.067,0,252,NA,NA,14.8,0.0,0.0,14.8,NA,0.0,-0.9,66.5,0%,7.5
2025,4066,Evan Engram,TE,31.3,DEN,29,29,32,102.8,77.8,52.8,16,16,2,1029,435,0,0.0%,0,0,0,0,0,0,0.00,7,0,0,0,0.00,0.00,50,159,8,18,1,76,302,461,9.2,6.1,1,0,0,468,0,0,7,7,42.3%,NA,0.00,NA,0,NA,19,77,0.247,1.2,350,12.4%,1.32,0,NA,NA,NA,NA,NA,0.051,0,468,NA,NA,29.3,0.0,0.4,28.8,NA,0.0,-1.4,125.5,13%,12.4
2025,11630,Roman Wilson,WR,24.5,PIT,123,122,122,38.6,32.6,26.6,13,13,4,816,253,1,0.0%,0,0,0,0,0,0,0.00,0,0,0,0,0.00,0.00,12,100,0,5,2,21,66,166,13.8,7.9,0,0,0,166,0,0,0,0,31.0%,NA,NA,NA,0,NA,7,21,0.333,0.5,140,3.8%,1.19,0,NA,NA,NA,NA,NA,0.036,0,166,NA,NA,12.8,0.0,0.0,12.8,NA,0.0,-0.5,51.9,8%,10.9
2025,8180,Jalen Nailor,WR,26.8,MIN,61,60,55,100.7,86.2,71.7,17,17,8,934,603,0,0.0%,0,0,0,0,0,0,0.00,13,0,0,0,0.00,0.00,29,332,1,19,4,53,112,444,15.3,8.4,2,0,1,457,0,0,13,6.5,64.6%,NA,NA,NA,1,NA,24,55,0.436,1.4,395,11.0%,1.12,0,NA,NA,NA,NA,NA,0.048,0,457,NA,NA,26.9,0.0,0.8,26.1,NA,0.0,1.0,89.1,12%,17.4
2025,11596,Ben Sinnott,TE,23.5,WAS,68,69,67,28.4,22.9,17.4,16,16,3,918,303,0,0.0%,0,0,0,0,0,0,0.00,0,0,0,0,0.00,0.00,11,51,0,4,1,13,63,114,10.4,8.8,0,0,0,114,0,0,0,0,33.0%,NA,NA,NA,0,NA,5,13,0.385,0.3,66,2.8%,1.73,0,NA,NA,NA,NA,NA,0.061,0,114,NA,NA,7.1,0.0,0.0,7.1,NA,0.0,-0.2,31.5,0%,6.0
2025,4950,Christian Kirk,WR,29.0,HOU,101,107,116,57.9,43.9,29.9,13,13,3,824,394,0,0.0%,0,0,0,0,0,0,0.00,0,0,0,0,0.00,0.00,28,124,2,11,1,52,115,239,8.5,4.6,0,0,0,239,0,0,0,0,47.8%,NA,NA,NA,0,NA,12,52,0.231,0.9,267,8.9%,0.90,0,NA,NA,NA,NA,NA,0.041,0,239,NA,NA,18.4,0.0,0.0,18.4,NA,0.0,-3.7,91.1,8%,11.2
2025,8125,Calvin Austin III,WR,26.7,PIT,74,75,73,86.2,70.7,55.2,14,14,7,774,409,0,0.0%,0,0,0,0,0,0,0.00,0,0,0,0,0.00,0.00,31,244,2,12,3,55,128,372,12.0,6.8,0,0,0,372,0,0,0,0,52.8%,NA,NA,NA,0,NA,15,55,0.273,1.1,298,10.0%,1.25,0,NA,NA,NA,NA,NA,0.040,0,372,NA,NA,26.6,0.0,0.0,26.6,NA,0.0,-2.2,115.5,21%,14.6
2025,8188,Tyquan Thornton,WR,25.3,KC,81,74,66,80.8,71.3,61.8,16,14,4,961,368,0,0.0%,0,0,0,0,0,0,0.00,0,0,0,0,0.00,0.00,19,379,3,12,3,37,59,438,23.1,11.8,0,0,0,438,0,0,0,0,38.3%,NA,NA,NA,0,NA,15,37,0.405,1.1,218,6.3%,2.01,0,NA,NA,NA,NA,NA,0.055,0,438,NA,NA,31.3,0.0,0.0,31.3,NA,0.0,2.2,52.0,21%,14.7
2025,1373,Geno Smith,QB,35.2,LV,23,23,23,190.9,190.9,190.9,15,15,15,889,863,4,67.4%,1312,448,302,129,146,17,84.72,3134,55,19,3025,6.75,10.02,0,0,0,0,0,0,0,0,0.0,0.0,41,2,13,109,0,0,109,2.66,97.1%,NA,NA,NA,13,NA,161,489,0.329,10.7,NA,NA,NA,148,33.0%,2.80,8.7%,37.2%,6.6,NA,521,3134,#N/A,#N/A,208.9,201.7,7.3,0.0,NA,0.0,-6.2,281.3,20%,23.9
2025,12505,Jalen Royals,WR,22.8,KC,214,215,216,2.4,1.4,0.4,9,6,2,503,43,0,0.0%,0,0,0,0,0,0,0.00,0,0,0,0,0.00,0.00,2,0,0,0,0,3,4,4,2.0,1.3,0,0,0,4,0,0,0,0,8.5%,NA,NA,NA,0,NA,0,3,0.000,0.0,30,NA,0.13,0,NA,NA,NA,NA,NA,0.000,0,4,NA,NA,0.7,0.0,0.0,0.7,NA,0.0,-1.1,15.7,0%,0.8
2025,6130,Devin Singletary,RB,28.3,NYG,45,44,43,108.8,99.8,90.8,17,17,1,1072,287,0,0.0%,0,0,0,0,0,0,0.00,437,0,0,0,0.00,0.00,18,-11,1,4,0,19,162,151,8.4,8.0,119,4,22,588,5,316,437,3.67,26.8%,19,2.66,0.160,27,0.425,31,138,0.225,1.8,NA,3.6%,NA,0,NA,NA,NA,NA,NA,NA,0,588,NA,NA,34.6,0.0,25.7,8.9,36.0,0.0,1.0,96.6,18%,18.0
2025,12543,Tahj Brooks,RB,23.6,CIN,114,114,114,6.4,5.9,5.4,16,7,0,960,47,0,0.0%,0,0,0,0,0,0,0.00,45,0,0,0,0.00,0.00,1,-2,0,0,0,2,11,9,9.0,4.5,16,1,1,54,0,29,45,2.81,4.9%,1,1.83,0.063,1,0.245,1,18,0.056,0.1,NA,0.3%,NA,0,NA,NA,NA,NA,NA,NA,0,54,NA,NA,7.7,0.0,6.4,1.3,-12.0,0.0,-1.0,23.3,0%,1.8
2025,96,Aaron Rodgers,QB,42.0,PIT,18,18,18,234.08,233.58,233.08,16,16,15,884,843,4,65.7%,1213,498,327,119,171,7,94.80,3383,29,24,3322,6.67,10.16,1,-9,0,0,0,1,0,-9,-9.0,-9.0,21,0,3,52,1,0,61,2.9,95.4%,NA,NA,NA,4,NA,147,520,0.283,9.2,NA,NA,NA,143,28.7%,2.59,8.2%,21.3%,6.0,NA,539,3374,-1.4%,-0.04,210.9,207.6,3.8,-0.6,NA,0.0,-3.7,311.7,44%,23.9
2025,7528,Najee Harris,RB,27.8,LAC,99,100,101,11.6,10.1,8.6,17,3,0,209,43,0,0.0%,0,0,0,0,0,0,0.00,61,0,0,0,0.00,0.00,3,10,0,1,0,3,15,25,8.3,8.3,15,0,3,86,0,58,61,4.07,20.6%,3,3.89,0.200,3,0.589,4,18,0.222,1.3,NA,0.5%,NA,0,NA,NA,NA,NA,NA,NA,0,86,NA,NA,28.7,0.0,20.3,8.3,5.0,0.0,-1.5,16.2,0%,NA
2025,11562,Spencer Rattler,QB,25.2,NO,36,36,36,104.14,103.64,103.14,16,8,8,1056,490,4,67.7%,944,257,174,66,83,5,86.49,1753,18,8,1586,6.17,9.11,1,0,0,0,0,2,0,0,0.0,0.0,31,4,17,167,0,0,167,5.39,46.4%,NA,NA,NA,17,NA,91,290,0.314,11.4,NA,NA,NA,74,28.8%,2.67,11.3%,39.7%,7.9,NA,290,1753,3.0%,-0.16,219.1,198.3,20.9,0.0,NA,0.0,-3.6,133.0,25%,17.2
2025,11569,Jarquez Hunter,RB,22.9,LAR,608,608,608,0,0,0,5,0,0,323,0,0,0.0%,0,0,0,0,0,0,0.00,0,0,0,0,0.00,0.00,0,0,0,0,0,0,0,0,0.0,0.0,0,0,0,0,0,0,0,0,0.0%,0,NA,NA,0,NA,0,0,NA,NA,NA,NA,NA,0,NA,NA,NA,NA,NA,NA,0,0,NA,NA,NA,NA,NA,NA,#N/A,0.0,-0.4,4.7,NA,NA
2025,2306,Jameis Winston,QB,31.9,NYG,46,46,46,45.28,44.78,44.28,7,3,2,397,156,1,56.1%,357,66,37,23,29,2,82.07,590,3,2,567,8.59,15.32,1,13,0,0,1,1,20,33,33.0,33.0,7,0,2,56,1,0,23,3.29,39.3%,NA,NA,NA,3,NA,29,74,0.392,9.7,NA,NA,NA,25,37.9%,2.97,7.5%,50.0%,9.9,NA,70,623,-1.8%,+0.24,207.7,189.0,7.7,11.0,NA,0.0,-6.0,36.1,33%,NA
2025,11557,Joe Milton,QB,25.8,DAL,57,57,57,12.32,12.32,12.32,17,4,0,1131,24,1,62.5%,105,24,15,8,9,2,65.10,233,0,1,183,7.63,12.20,0,0,0,0,0,0,0,0,0.0,0.0,5,0,1,50,0,0,50,10,2.1%,NA,NA,NA,1,NA,10,29,0.345,2.5,NA,NA,NA,9,37.5%,2.84,12.5%,29.6%,9.6,NA,27,233,-0.5%,-0.28,58.3,45.8,12.5,0.0,NA,0.0,0.0,0.0,0%,NA
2025,11577,Will Shipley,RB,23.3,PHI,93,96,102,17.5,13,8.5,15,15,0,861,90,1,0.0%,0,0,0,0,0,0,0.00,49,0,0,0,0.00,0.00,9,-7,0,2,0,12,63,56,6.2,4.7,14,0,4,105,0,29,49,3.5,10.5%,2,2.09,0.143,4,0.352,6,26,0.231,0.4,NA,2.4%,NA,0,NA,NA,NA,NA,NA,NA,0,105,NA,NA,7.0,0.0,3.3,3.7,-7.0,0.0,-1.2,36.0,0%,3.8
2025,11199,Emari Demercado,RB,26.9,ARI,65,64,65,58.3,51.8,45.3,13,11,0,794,184,1,0.0%,0,0,0,0,0,0,0.00,312,0,0,0,0.00,0.00,13,17,1,2,1,20,84,101,7.8,5.1,44,2,9,413,0,175,312,7.09,23.2%,15,3.97,0.341,9,0.738,12,64,0.188,1.1,NA,3.1%,NA,0,NA,NA,NA,NA,NA,NA,0,413,NA,NA,37.5,0.0,28.4,9.2,134.0,0.0,-1.5,78.2,9%,10.8
2025,1339,Zach Ertz,TE,35.1,WAS,19,20,21,126.4,101.4,76.4,17,13,13,826,551,1,0.0%,0,0,0,0,0,0,0.00,0,0,0,0,0.00,0.00,50,381,5,21,4,72,123,504,10.1,7.0,0,0,0,504,0,0,0,0,66.7%,NA,NA,NA,0,NA,25,72,0.347,1.9,332,15.4%,1.52,0,NA,NA,NA,NA,NA,0.063,0,504,NA,NA,38.8,0.0,0.0,38.8,NA,0.0,0.1,124.8,38%,18.4
2025,2307,Marcus Mariota,QB,32.1,WAS,32,32,32,132.5,132.5,132.5,15,11,8,941,510,6,61.2%,1056,227,139,69,88,7,86.06,1992,16,10,1695,7.47,12.19,0,0,0,0,0,0,0,0,0.0,0.0,50,0,11,297,1,0,297,5.94,54.2%,NA,NA,NA,12,NA,91,277,0.329,8.3,NA,NA,NA,79,34.8%,2.85,15.4%,30.5%,10.2,NA,262,1992,3.3%,-0.05,181.1,154.1,27.0,0.0,NA,0.0,-4.0,161.0,45%,21.1
2025,11581,MarShawn Lloyd,RB,24.9,GB,606,606,606,0,0,0,17,0,0,0,0,0,0.0%,0,0,0,0,0,0,0.00,0,0,0,0,0.00,0.00,0,0,0,0,0,0,0,0,0.0,0.0,0,0,0,0,0,0,0,0,0,0,NA,NA,0,NA,0,0,NA,NA,NA,NA,NA,0,NA,NA,NA,NA,NA,NA,0,0,NA,NA,NA,NA,NA,NA,#N/A,0.0,0.0,0.0,NA,NA
2025,7828,Noah Gray,TE,26.6,KC,59,62,65,38.8,28.3,17.8,16,16,6,983,509,0,0.0%,0,0,0,0,0,0,0.00,0,0,0,0,0.00,0.00,21,71,3,9,0,37,107,178,8.5,4.8,0,0,0,178,0,0,0,0,51.8%,NA,NA,NA,0,NA,9,37,0.243,0.6,202,6.3%,0.88,0,NA,NA,NA,NA,NA,0.045,0,178,NA,NA,11.1,0.0,0.0,11.1,NA,0.0,-1.1,52.0,0%,5.4
2025,7585,Davis Mills,QB,27.1,HOU,41,41,41,69.6,69.6,69.6,17,6,3,1092,268,1,57.2%,646,159,91,43,68,1,81.62,975,8,5,915,5.75,10.05,0,0,0,0,0,0,0,0,0.0,0.0,13,0,1,60,1,0,60,4.62,24.5%,NA,NA,NA,2,NA,50,172,0.291,8.3,NA,NA,NA,48,30.2%,2.56,6.9%,30.3%,8.7,NA,175,975,-2.9%,-0.12,162.5,152.5,10.0,0.0,NA,0.0,7.0,47.2,33%,19.9
2025,12482,Savion Williams,WR,24.0,GB,145,146,146,25.5,20.5,15.5,13,12,0,771,91,1,0.0%,0,0,0,0,0,0,0.00,37,0,0,0,0.00,0.00,10,17,0,2,1,10,61,78,7.8,7.8,11,1,1,115,0,0,37,3.36,11.8%,NA,NA,NA,1,NA,4,21,0.190,0.3,34,NA,2.29,0,NA,NA,NA,NA,NA,0.059,0,115,NA,NA,9.6,0.0,3.1,6.5,NA,0.0,0.6,19.8,0%,5.8
2025,12523,Jimmy Horn,WR,23.2,CAR,140,141,143,28.7,23.2,17.7,13,13,0,785,148,0,0.0%,0,0,0,0,0,0,0.00,69,0,0,0,0.00,0.00,11,37,1,4,0,15,71,108,9.8,7.2,8,0,3,177,0,0,69,8.63,18.9%,NA,NA,NA,3,NA,7,23,0.304,0.5,75,2.9%,1.44,0,NA,NA,NA,NA,NA,0.053,0,177,NA,NA,13.6,0.0,5.3,8.3,NA,0.0,-0.2,31.9,0%,4.9
2025,5970,Greg Dortch,WR,27.5,ARI,84,84,82,75.1,60.6,46.1,17,12,3,835,292,1,0.0%,0,0,0,0,0,0,0.00,15,0,0,0,0.00,0.00,29,12,1,7,3,33,194,206,7.1,6.2,7,0,0,221,1,0,15,2.14,35.0%,NA,NA,NA,1,NA,11,40,0.275,0.9,208,5.1%,0.99,0,NA,NA,NA,NA,NA,0.034,0,221,NA,NA,18.4,0.0,1.3,17.2,NA,0.0,0.7,58.6,17%,15.1
2025,4144,Jonnu Smith,TE,30.3,PIT,35,35,35,85.2,66.2,47.2,17,17,6,956,503,1,0.0%,0,0,0,0,0,0,0.00,70,0,0,0,0.00,0.00,38,43,2,8,2,54,179,222,5.8,4.1,9,3,2,292,1,0,70,7.78,52.6%,NA,0.00,NA,3,NA,13,63,0.206,0.8,289,9.8%,0.77,0,NA,NA,NA,NA,NA,0.028,0,292,NA,NA,17.2,0.0,4.1,13.1,NA,0.0,-2.2,121.3,12%,11.6
2025,4981,Calvin Ridley,WR,31.0,TEN,117,117,114,47.3,38.8,30.3,14,6,6,430,250,0,0.0%,0,0,0,0,0,0,0.00,0,0,0,0,0.00,0.00,17,219,4,13,0,36,84,303,17.8,8.4,0,0,0,303,0,0,0,0,58.1%,NA,NA,NA,0,NA,13,36,0.361,2.2,153,6.3%,1.98,0,NA,NA,NA,NA,NA,0.085,0,303,NA,NA,50.5,0.0,0.0,50.5,NA,0.0,-4.6,79.8,17%,11.2
2025,12544,LeQuint Allen,RB,21.3,JAX,83,86,89,26.8,21.8,16.8,17,17,1,1089,248,0,0.0%,0,0,0,0,0,0,0.00,94,0,0,0,0.00,0.00,10,-7,0,0,0,11,61,54,5.4,4.9,23,2,5,148,0,54,94,4.09,22.8%,4,2.37,0.174,5,0.410,5,34,0.147,0.3,NA,2.0%,NA,0,NA,NA,NA,NA,NA,NA,0,148,NA,NA,8.7,0.0,5.5,3.2,15.0,0.0,-1.5,48.6,0%,3.0
2025,4039,Cooper Kupp,WR,32.5,SEA,53,56,58,117.3,93.8,70.3,16,16,15,1013,768,1,0.0%,0,1,0,0,1,1,0.00,0,0,0,0,0.00,0.00,47,300,3,24,2,70,293,593,12.6,8.5,0,0,0,593,0,0,0,0,75.8%,NA,NA,NA,0,NA,26,71,0.366,1.6,406,14.6%,1.46,0,0.0%,NA,NA,NA,NA,0.059,0,593,NA,NA,37.1,0.0,0.0,37.1,NA,0.0,-2.2,155.5,13%,13.3
2025,4018,Joe Mixon,RB,29.4,HOU,582,582,582,0,0,0,17,0,0,0,0,0,0.0%,0,0,0,0,0,0,0.00,0,0,0,0,0.00,0.00,0,0,0,0,0,0,0,0,0.0,0.0,0,0,0,0,0,0,0,0,0,0,NA,NA,0,NA,0,0,NA,NA,NA,NA,NA,0,NA,NA,NA,NA,NA,NA,0,0,NA,NA,NA,NA,NA,NA,#N/A,0.0,0.0,0.0,NA,NA
2025,12511,Will Howard,QB,24.2,PIT,311,311,311,0,0,0,10,0,0,72,0,0,0.0%,0,0,0,0,0,0,0.00,0,0,0,0,0.00,0.00,0,0,0,0,0,0,0,0,0.0,0.0,0,0,0,0,0,0,0,0,0.0%,NA,NA,NA,0,NA,0,0,NA,NA,NA,NA,NA,0,NA,0.00,0.0%,0.0%,0.0,NA,0,0,#N/A,#N/A,NA,NA,NA,NA,NA,0.0,0.0,0.0,NA,NA
2025,5857,Noah Fant,TE,28.0,CIN,37,39,41,74.8,57.8,40.8,15,15,7,934,364,3,0.0%,0,0,0,0,0,0,0.00,0,0,0,0,0.00,0.00,34,114,1,10,3,41,174,288,8.5,7.0,0,0,0,288,0,0,0,0,39.0%,NA,NA,NA,0,NA,13,41,0.317,0.9,192,6.4%,1.50,0,NA,NA,NA,NA,NA,0.052,0,288,NA,NA,19.2,0.0,0.0,19.2,NA,0.0,-0.4,85.8,13%,12.6
2025,6865,Colby Parkinson,TE,26.9,LAR,17,15,16,129.8,108.3,86.8,15,15,10,946,558,1,0.0%,0,0,0,0,0,0,0.00,0,0,0,0,0.00,0.00,43,137,1,16,8,56,271,408,9.5,7.3,0,0,0,408,0,0,0,0,59.0%,NA,NA,NA,0,NA,24,56,0.429,1.6,227,9.4%,1.80,0,NA,NA,NA,NA,NA,0.070,0,408,NA,NA,27.2,0.0,0.0,27.2,NA,0.0,4.5,58.0,40%,19.4
2025,5906,Dawson Knox,TE,29.1,BUF,28,28,25,103.7,85.7,67.7,17,17,12,1057,649,0,0.0%,0,0,0,0,0,0,0.00,0,0,0,0,0.00,0.00,36,234,2,19,4,49,183,417,11.6,8.5,0,0,0,417,0,0,0,0,61.4%,NA,NA,NA,0,NA,23,49,0.469,1.4,275,9.9%,1.52,0,NA,NA,NA,NA,NA,0.069,0,417,NA,NA,24.5,0.0,0.0,24.5,NA,0.0,1.8,77.5,12%,15.5
2025,7607,Michael Carter,RB,26.6,ARI,48,52,55,99,82.5,66,17,9,5,890,364,0,0.0%,0,0,0,0,0,0,0.00,333,0,0,0,0.00,0.00,33,10,2,12,0,45,257,267,8.1,5.9,92,3,18,600,1,153,333,3.62,40.9%,18,1.66,0.196,19,0.361,31,137,0.226,3.4,NA,6.9%,NA,0,NA,NA,NA,NA,NA,NA,0,600,NA,NA,66.7,0.0,37.0,29.7,-21.0,0.0,0.0,62.0,#N/A,#N/A
2025,11651,Isaac Guerendo,RB,25.4,SF,129,129,128,1,1,1,14,0,0,943,0,0,0.0%,0,0,0,0,0,0,0.00,0,0,0,0,0.00,0.00,0,0,0,0,0,0,0,0,0.0,0.0,0,0,0,0,0,0,0,0,0.0%,0,NA,NA,0,NA,0,0,NA,NA,NA,NA,NA,0,NA,NA,NA,NA,NA,NA,0,0,NA,NA,NA,NA,NA,NA,#N/A,0.0,-0.4,6.4,NA,NA
2025,11623,Jordan Whittington,WR,25.2,LAR,126,131,140,36.3,27.3,18.3,17,17,6,1060,443,0,0.0%,0,0,0,0,0,0,0.00,12,0,0,0,0.00,0.00,18,83,2,7,0,25,88,171,9.5,6.8,3,0,0,183,0,0,12,4,41.8%,NA,NA,NA,0,NA,7,28,0.250,0.4,208,4.2%,0.82,0,NA,NA,NA,NA,NA,0.034,0,183,NA,NA,10.8,0.0,0.7,10.1,NA,0.0,-1.3,55.8,0%,5.6
2025,7670,Joshua Palmer,WR,26.2,BUF,106,109,113,52.3,41.3,30.3,12,12,8,722,330,0,0.0%,0,0,0,0,0,0,0.00,0,0,0,0,0.00,0.00,22,249,0,14,0,37,54,303,13.8,8.2,0,0,0,303,0,0,0,0,45.7%,NA,NA,NA,0,NA,14,37,0.378,1.2,217,7.5%,1.40,0,NA,NA,NA,NA,NA,0.065,0,303,NA,NA,25.3,0.0,0.0,25.3,NA,0.0,-2.6,89.2,0%,8.6
2025,11834,Devaughn Vele,WR,28.0,NO,95,95,90,66.3,53.8,41.3,16,13,7,851,437,0,0.0%,0,0,0,0,0,0,0.00,0,0,0,0,0.00,0.00,25,259,0,17,2,39,34,293,11.7,7.5,0,0,0,293,0,0,0,0,51.4%,NA,NA,NA,0,NA,19,39,0.487,1.5,220,6.6%,1.33,0,NA,NA,NA,NA,NA,0.077,0,293,NA,NA,22.5,0.0,0.0,22.5,NA,0.0,0.3,63.3,8%,14.2
2025,8698,Jake Tonges,TE,26.4,SF,30,30,30,94.3,77.3,60.3,17,17,2,1123,399,0,0.0%,0,0,0,0,0,0,0.00,0,0,0,0,0.00,0.00,34,150,0,16,5,46,143,293,8.6,6.4,0,0,0,293,0,0,0,0,35.5%,NA,NA,NA,0,NA,21,46,0.457,1.2,214,8.0%,1.37,0,NA,NA,NA,NA,NA,0.075,0,293,NA,NA,17.2,0.0,0.0,17.2,NA,0.0,2.7,45.1,24%,17.0
2025,8119,Jahan Dotson,WR,25.7,PHI,110,110,109,50.2,41.2,32.2,17,17,10,988,539,0,0.0%,0,0,0,0,0,0,0.00,0,0,0,0,0.00,0.00,18,212,0,9,1,36,50,262,14.6,7.3,0,0,0,262,0,0,0,0,54.6%,NA,NA,NA,0,NA,10,36,0.278,0.6,369,7.2%,0.71,0,NA,NA,NA,NA,NA,0.024,0,262,NA,NA,15.4,0.0,0.0,15.4,NA,0.0,-0.8,67.6,0%,9.0
2025,12500,Quinn Ewers,QB,22.6,MIA,48,48,49,36.18,35.68,35.18,4,4,3,172,126,3,66.3%,268,83,55,26,28,3,85.52,641,8,3,622,7.49,11.31,1,-6,0,0,0,1,0,-6,-6.0,-6.0,8,0,1,13,0,0,19,2.38,73.3%,NA,NA,NA,1,NA,30,92,0.326,7.5,NA,NA,NA,29,34.9%,2.74,7.2%,35.5%,8.1,NA,93,635,3.3%,-0.14,158.8,155.5,4.8,-1.5,NA,0.0,-4.4,34.0,0%,NA
2025,8161,Malik Willis,QB,26.5,GB,45,45,45,51.18,51.18,51.18,16,4,1,1000,98,2,85.7%,296,35,30,16,5,0,145.48,545,3,3,422,12.06,14.07,0,0,0,0,0,0,0,0,0.0,0.0,22,0,7,123,2,0,123,5.59,9.8%,NA,NA,NA,9,NA,28,57,0.491,7.0,NA,NA,NA,19,54.3%,2.80,22.8%,25.5%,10.0,NA,47,545,13.8%,+0.69,136.3,105.5,30.8,0.0,NA,0.0,0.0,0.0,25%,NA
2025,6039,Ty Johnson,RB,28.2,BUF,47,47,49,100.3,88.3,76.3,17,17,0,1057,310,1,0.0%,0,0,0,0,0,0,0.00,200,0,0,0,0.00,0.00,24,-27,2,9,2,33,290,263,11.0,8.0,50,0,10,463,3,119,200,4,29.3%,16,2.37,0.320,13,0.557,24,83,0.289,1.4,NA,6.7%,NA,0,NA,NA,NA,NA,NA,NA,0,463,NA,NA,27.2,0.0,11.8,15.5,49.0,0.0,0.6,88.2,12%,14.9
2025,4454,Kendrick Bourne,WR,30.3,SF,68,69,74,92.1,73.6,55.1,16,16,8,1047,594,0,0.0%,0,0,0,0,0,0,0.00,0,0,0,0,0.00,0.00,37,386,6,27,0,53,165,551,14.9,10.4,0,0,0,551,0,0,0,0,56.7%,NA,NA,NA,0,NA,27,53,0.509,1.7,346,9.2%,1.59,0,NA,NA,NA,NA,NA,0.078,0,551,NA,NA,34.4,0.0,0.0,34.4,NA,0.0,0.1,93.8,13%,17.1
2025,11439,Jaleel McLaughlin,RB,25.2,DEN,80,75,73,31.4,29.4,27.4,8,8,1,472,72,0,0.0%,0,0,0,0,0,0,0.00,187,0,0,0,0.00,0.00,4,-12,1,2,0,6,39,27,6.8,4.5,37,0,7,214,1,111,187,5.05,15.3%,10,2.99,0.270,8,0.569,10,43,0.233,1.3,NA,1.0%,NA,0,NA,NA,NA,NA,NA,NA,0,214,NA,NA,26.8,0.0,23.4,3.4,21.0,0.0,-0.9,39.1,0%,6.4
2025,12670,KeAndre Lambert-Smith,WR,24.1,LAC,162,163,158,16.1,13.6,11.1,10,10,2,575,100,0,0.0%,0,0,0,0,0,0,0.00,0,0,0,0,0.00,0.00,5,30,0,2,1,12,21,51,10.2,4.3,0,0,0,51,0,0,0,0,17.4%,NA,NA,NA,0,NA,3,12,0.250,0.3,51,NA,1.00,0,NA,NA,NA,NA,NA,0.039,0,51,NA,NA,5.1,0.0,0.0,5.1,NA,0.0,-0.5,22.9,0%,5.0
2025,12467,Jordan James,RB,21.7,SF,595,595,595,0,0,0,3,2,0,245,3,0,0.0%,0,0,0,0,0,0,0.00,0,0,0,0,0.00,0.00,0,0,0,0,0,0,0,0,0.0,0.0,0,0,0,0,0,0,0,0,1.2%,0,NA,NA,0,NA,0,0,NA,0.0,NA,NA,NA,0,NA,NA,NA,NA,NA,NA,0,0,NA,NA,0.0,0.0,0.0,0.0,#N/A,0.0,-0.1,0.6,NA,NA
2025,7587,Dyami Brown,WR,26.1,JAX,111,114,117,49.7,39.7,29.7,15,14,6,958,348,1,0.0%,0,0,0,0,0,0,0.00,30,0,0,0,0.00,0.00,20,196,5,12,1,37,31,227,11.4,6.1,6,0,2,257,0,0,30,5,36.3%,NA,NA,NA,2,NA,15,43,0.349,1.1,190,6.6%,1.19,0,NA,NA,NA,NA,NA,0.063,0,257,NA,NA,18.4,0.0,2.1,16.2,NA,0.0,-0.9,64.9,7%,11.1
2025,19,Joe Flacco,QB,40.9,CLE,27,27,27,156.66,156.66,156.66,17,13,10,1108,689,3,60.3%,1314,416,251,100,165,10,79.20,2514,18,15,2479,5.96,9.88,0,0,0,0,0,0,0,0,0.0,0.0,21,0,8,35,1,0,35,1.67,62.2%,NA,NA,NA,9,NA,124,437,0.284,9.5,NA,NA,NA,115,27.6%,2.73,7.9%,34.9%,7.2,NA,438,2514,#N/A,#N/A,193.4,190.7,2.7,0.0,NA,0.0,-1.7,159.6,31%,27.7
2025,11377,Tyrell Shavers,WR,26.3,BUF,119,118,112,45.5,38,30.5,17,0,9,1057,437,0,0.0%,0,0,0,0,0,0,0.00,0,0,0,0,0.00,0.00,15,177,0,10,1,23,68,245,16.3,10.7,0,0,0,245,0,0,0,0,41.3%,NA,NA,NA,0,NA,11,23,0.478,NA,0,4.6%,NA,0,NA,NA,NA,NA,NA,NA,0,245,NA,NA,NA,NA,NA,NA,NA,0.0,0.0,0.0,#N/A,#N/A
2025,7694,Tommy Tremble,TE,25.5,CAR,42,43,47,63.9,50.4,36.9,17,17,16,1061,636,0,0.0%,0,0,0,0,0,0,0.00,0,0,0,0,0.00,0.00,27,85,2,8,2,37,164,249,9.2,6.7,0,0,0,249,0,0,0,0,59.9%,NA,NA,NA,0,NA,10,37,0.270,0.6,261,7.2%,0.95,0,NA,NA,NA,NA,NA,0.031,0,249,NA,NA,14.6,0.0,0.0,14.6,NA,0.0,0.4,61.6,12%,12.0
2025,11783,Ryan Flournoy,WR,26.1,DAL,57,55,54,114,94,74,16,10,4,1039,431,0,0.0%,0,0,0,0,0,0,0.00,25,0,0,0,0.00,0.00,40,271,1,25,4,56,204,475,11.9,8.5,4,0,2,500,0,0,25,6.25,41.5%,NA,NA,NA,2,NA,31,60,0.517,3.1,184,9.0%,2.58,0,NA,NA,NA,NA,NA,0.136,0,500,NA,NA,50.0,0.0,2.5,47.5,NA,0.0,0.0,36.8,#N/A,#N/A
2025,12520,Xavier Restrepo,WR,23.6,TEN,186,189,186,7.1,5.6,4.1,17,2,0,135,30,0,0.0%,0,0,0,0,0,0,0.00,0,0,0,0,0.00,0.00,3,32,0,3,0,7,9,41,13.7,5.9,0,0,0,41,0,0,0,0,22.2%,NA,NA,NA,0,NA,3,7,0.429,1.5,22,NA,1.86,0,NA,NA,NA,NA,NA,0.136,0,41,NA,NA,20.5,0.0,0.0,20.5,NA,0.0,0.2,2.3,NA,NA
2025,8143,Jerome Ford,RB,26.2,CLE,71,74,85,43.6,30.6,17.6,17,13,0,856,269,0,0.0%,0,0,0,0,0,0,0.00,73,0,0,0,0.00,0.00,26,-51,3,4,0,32,154,103,4.0,3.2,24,9,5,176,0,94,73,3.04,31.4%,8,3.93,0.333,5,0.727,9,56,0.161,0.7,NA,5.7%,NA,0,NA,NA,NA,NA,NA,NA,0,176,NA,NA,13.5,0.0,5.6,7.9,-10.0,0.0,-2.5,78.2,0%,8.1
2025,8172,Greg Dulcich,TE,25.7,MIA,43,45,48,62.8,49.8,36.8,17,10,3,531,216,1,0.0%,0,0,0,0,0,0,0.00,-7,0,0,0,0.00,0.00,26,136,0,13,1,33,199,335,12.9,10.2,1,0,0,328,0,0,-7,-7,40.7%,NA,0.00,NA,0,NA,14,34,0.412,1.4,135,6.9%,2.48,0,NA,NA,NA,NA,NA,0.096,0,328,NA,NA,32.8,0.0,-0.7,33.5,NA,0.0,3.2,30.4,10%,11.0
2025,8225,Daniel Bellinger,TE,25.2,NYG,46,44,42,59.6,50.1,40.6,16,16,10,1015,486,0,0.0%,0,0,0,0,0,0,0.00,0,0,0,0,0.00,0.00,19,154,1,12,2,26,132,286,15.1,11.0,0,0,0,286,0,0,0,0,47.9%,NA,NA,NA,0,NA,14,26,0.538,0.9,183,4.9%,1.56,0,NA,NA,NA,NA,NA,0.066,0,286,NA,NA,17.9,0.0,0.0,17.9,NA,0.0,0.8,52.3,13%,12.9
2025,11994,Kameron Johnson,WR,23.7,TB,160,155,152,17.7,15.7,13.7,17,7,0,1134,105,2,0.0%,0,0,0,0,0,0,0.00,13,0,0,0,0.00,0.00,4,44,1,2,1,7,20,64,16.0,9.1,2,0,1,77,0,0,13,6.5,9.3%,NA,NA,NA,1,NA,4,9,0.444,0.6,12,NA,5.33,0,NA,NA,NA,NA,NA,0.167,0,77,NA,NA,11.0,0.0,1.9,9.1,NA,0.0,0.0,7.8,#N/A,#N/A
2025,8135,Treylon Burks,WR,25.7,TEN,139,138,137,29,24,19,15,8,3,420,245,0,0.0%,0,0,0,0,0,0,0.00,0,1,0,0,0.00,0.00,10,96,0,6,1,22,34,130,13.0,5.9,0,0,0,130,0,0,0,0,58.3%,NA,NA,NA,0,NA,7,22,0.318,0.9,143,4.7%,0.91,0,NA,NA,NA,NA,NA,0.042,0,130,NA,NA,16.3,0.0,0.0,16.3,NA,0.0,-1.6,31.1,0%,5.2
2025,8117,Jalen Tolbert,WR,26.8,DAL,118,119,119,46.3,37.3,28.3,13,13,8,847,443,0,0.0%,0,0,0,0,0,0,0.00,0,0,0,0,0.00,0.00,18,157,1,11,1,34,46,203,11.3,6.0,0,0,0,203,0,0,0,0,52.3%,NA,NA,NA,0,NA,12,34,0.353,0.9,257,5.4%,0.79,0,NA,NA,NA,NA,NA,0.043,0,203,NA,NA,15.6,0.0,0.0,15.6,NA,0.0,-1.0,55.4,8%,10.1
2025,5995,Justice Hill,RB,28.1,BAL,60,62,66,65.2,54.7,44.2,16,10,0,590,219,1,0.0%,0,0,0,0,0,0,0.00,93,0,0,0,0.00,0.00,21,-15,0,5,1,27,184,169,8.1,6.3,18,1,2,262,2,111,93,5.17,37.1%,13,6.18,0.722,4,1.341,10,45,0.222,1.0,NA,6.4%,NA,0,NA,NA,NA,NA,NA,NA,0,262,NA,NA,26.2,0.0,9.3,16.9,31.0,0.0,0.7,62.5,10%,15.5
2025,4988,Nick Chubb,RB,30.0,HOU,54,54,50,88.3,81.8,75.3,15,15,9,1025,326,0,0.0%,0,0,0,0,0,0,0.00,506,0,0,0,0.00,0.00,13,4,2,1,0,20,63,67,5.2,3.4,122,5,17,573,3,394,506,4.15,31.8%,30,3.23,0.246,20,0.569,21,142,0.148,1.4,NA,3.4%,NA,0,NA,NA,NA,NA,NA,NA,0,573,NA,NA,38.2,0.0,33.7,4.5,124.0,0.0,-1.9,117.3,13%,12.2
2025,6271,Olamide Zaccheaus,WR,28.4,CHI,75,81,84,84.8,65.3,45.8,16,16,5,1033,574,0,0.0%,0,0,0,0,0,0,0.00,25,0,0,0,0.00,0.00,39,175,5,13,2,65,138,313,8.0,4.8,4,0,1,338,0,0,25,6.25,55.6%,NA,NA,NA,1,NA,16,69,0.232,1.0,319,11.3%,0.98,0,NA,NA,NA,NA,NA,0.041,0,338,NA,NA,21.1,0.0,1.6,19.6,NA,0.0,-0.6,95.6,6%,12.4
2025,11579,Audric Estime,RB,22.2,PHI,70,70,71,48.1,42.1,36.1,15,6,1,399,124,0,0.0%,0,0,0,0,0,0,0.00,198,0,0,0,0.00,0.00,12,-5,0,3,0,13,108,103,8.6,7.9,46,7,11,301,1,165,198,4.3,31.1%,16,3.58,0.348,12,0.705,15,59,0.254,2.5,NA,NA,NA,0,NA,NA,NA,NA,NA,NA,0,301,NA,NA,50.2,0.0,33.0,17.2,#N/A,0.0,2.0,36.3,33%,13.5
2025,9497,Jalin Hyatt,WR,24.2,NYG,182,184,189,8.5,6,3.5,12,7,0,845,171,0,0.0%,0,0,0,0,0,0,0.00,0,0,0,0,0.00,0.00,5,33,0,2,0,14,2,35,7.0,2.5,0,0,0,35,0,0,0,0,20.2%,NA,NA,NA,0,NA,2,14,0.143,0.3,84,NA,0.42,0,NA,NA,NA,NA,NA,0.024,0,35,NA,NA,5.0,0.0,0.0,5.0,NA,0.0,-1.0,29.0,0%,2.8
2025,7562,Tutu Atwell,WR,26.2,LAR,134,128,124,31.2,28.2,25.2,16,10,4,629,177,0,0.0%,0,0,0,0,0,0,0.00,0,0,0,0,0.00,0.00,6,125,1,3,1,15,67,192,32.0,12.8,0,0,0,192,0,0,0,0,28.1%,NA,NA,NA,0,NA,4,15,0.267,0.4,141,2.5%,1.36,0,NA,NA,NA,NA,NA,0.021,0,192,NA,NA,19.2,0.0,0.0,19.2,NA,0.0,0.0,31.6,10%,9.3
2025,10235,Roschon Johnson,RB,24.8,CHI,126,126,125,1.7,1.7,1.7,14,1,0,471,4,0,0.0%,0,0,0,0,0,0,0.00,17,0,0,0,0.00,0.00,0,0,0,0,0,0,0,0,0.0,0.0,2,0,1,17,0,16,17,8.5,0.8%,0,7.85,0.000,1,0.785,1,2,0.500,1.0,NA,0.0%,NA,0,NA,NA,NA,NA,NA,NA,0,17,NA,NA,17.0,0.0,17.0,0.0,5.0,0.0,-0.6,6.0,NA,NA
2025,11629,Devontez Walker,WR,24.5,BAL,125,120,110,37.6,34.6,31.6,12,10,3,617,126,0,0.0%,0,0,0,0,0,0,0.00,0,0,0,0,0.00,0.00,6,113,1,2,3,8,23,136,22.7,17.0,0,0,0,136,0,0,0,0,20.4%,NA,NA,NA,0,NA,5,8,0.625,0.5,57,1.9%,2.39,0,NA,NA,NA,NA,NA,0.035,0,136,NA,NA,13.6,0.0,0.0,13.6,NA,0.0,1.0,23.5,20%,11.2
2025,11599,Cade Stover,TE,25.5,HOU,78,79,87,19.9,13.9,7.9,17,9,7,535,230,0,0.0%,0,0,0,0,0,0,0.00,3,0,0,0,0.00,0.00,12,24,1,4,0,16,52,76,6.3,4.8,4,0,2,79,0,0,3,0.75,43.0%,NA,0.00,NA,2,NA,6,20,0.300,0.7,43,NA,1.77,0,NA,NA,NA,NA,NA,0.093,0,79,NA,NA,8.8,0.0,0.3,8.4,NA,0.0,0.5,16.8,0%,5.1
2025,8917,KaVontae Turpin,WR,29.4,DAL,77,72,69,84.5,71.5,58.5,15,15,2,1016,371,1,0.0%,0,0,0,0,0,0,0.00,89,0,0,0,0.00,0.00,26,182,4,14,2,38,214,396,15.2,10.4,17,2,3,485,0,0,89,5.24,36.5%,NA,NA,NA,3,NA,19,55,0.345,1.3,236,6.1%,1.68,0,NA,NA,NA,NA,NA,0.059,0,485,NA,NA,32.3,0.0,5.9,26.4,NA,0.0,0.5,78.1,13%,13.2
2025,6943,Gabriel Davis,WR,26.7,BUF,135,135,138,30.9,24.9,18.9,15,6,5,336,168,0,0.0%,0,0,0,0,0,0,0.00,0,0,0,0,0.00,0.00,12,99,0,7,1,18,30,129,10.8,7.2,0,0,0,129,0,0,0,0,50.0%,NA,NA,NA,0,NA,8,18,0.444,1.3,125,3.6%,1.03,0,NA,NA,NA,NA,NA,0.056,0,129,NA,NA,21.5,0.0,0.0,21.5,NA,0.0,-0.1,33.9,17%,8.7
2025,4993,Mike Gesicki,TE,30.2,CIN,41,40,38,70.7,56.7,42.7,17,13,2,774,295,0,0.0%,0,0,0,0,0,0,0.00,0,0,0,0,0.00,0.00,28,244,1,17,2,42,63,307,11.0,7.3,0,0,0,307,0,0,0,0,38.1%,NA,NA,NA,0,NA,19,42,0.452,1.5,239,6.6%,1.28,0,NA,NA,NA,NA,NA,0.071,0,307,NA,NA,23.6,0.0,0.0,23.6,NA,0.0,-0.8,78.6,15%,13.5
2025,2505,Darren Waller,TE,33.2,MIA,33,31,27,88.7,76.7,64.7,14,9,3,519,234,0,0.0%,0,0,0,0,0,0,0.00,4,0,0,0,0.00,0.00,24,210,0,13,6,34,73,283,11.8,8.3,1,0,1,287,0,0,4,4,45.1%,NA,0.00,NA,1,NA,20,35,0.571,2.2,151,7.1%,1.87,0,NA,NA,NA,NA,NA,0.086,0,287,NA,NA,31.9,0.0,0.4,31.4,NA,0.0,1.6,74.3,33%,20.7
2025,11619,Ja'Lynn Polk,WR,23.7,NO,1226,1226,1224,0,0,0,17,0,0,0,0,0,0.0%,0,0,0,0,0,0,0.00,0,0,0,0,0.00,0.00,0,0,0,0,0,0,0,0,0.0,0.0,0,0,0,0,0,0,0,0,0,NA,NA,NA,0,NA,0,0,NA,NA,0,NA,NA,0,NA,NA,NA,NA,NA,NA,0,0,NA,NA,NA,NA,NA,NA,NA,0.0,0.0,0.0,NA,NA
2025,4177,Mack Hollins,WR,32.2,NE,58,58,60,113.4,90.4,67.4,17,15,13,969,659,1,0.0%,0,0,0,0,0,0,0.00,4,0,0,0,0.00,0.00,46,442,0,26,2,65,108,550,12.0,8.5,1,0,0,554,0,0,4,4,68.0%,NA,NA,NA,0,NA,28,66,0.424,1.9,311,12.9%,1.77,0,NA,NA,NA,NA,NA,0.084,0,554,NA,NA,36.9,0.0,0.3,36.7,NA,0.0,1.3,97.5,20%,15.5
2025,12496,Tai Felton,WR,22.7,MIN,194,194,200,5.5,4,2.5,17,5,0,934,37,0,0.0%,0,0,0,0,0,0,0.00,0,0,0,0,0.00,0.00,3,11,0,2,0,3,14,25,8.3,8.3,0,0,0,25,0,0,0,0,4.0%,NA,NA,NA,0,NA,2,3,0.667,0.4,21,NA,1.19,0,NA,NA,NA,NA,NA,0.095,0,25,NA,NA,5.0,0.0,0.0,5.0,NA,0.0,-0.4,12.1,0%,1.8
2025,7891,Brock Wright,TE,27.0,DET,61,60,61,36.8,29.8,22.8,16,11,8,699,401,0,0.0%,0,0,0,0,0,0,0.00,0,0,0,0,0.00,0.00,14,22,0,5,2,22,86,108,7.7,4.9,0,0,0,108,0,0,0,0,57.4%,NA,NA,NA,0,NA,7,22,0.318,0.6,109,3.8%,0.99,0,NA,NA,NA,NA,NA,0.046,0,108,NA,NA,9.8,0.0,0.0,9.8,NA,0.0,0.5,33.0,9%,8.9
2025,8207,Tyler Goodson,RB,25.1,IND,115,116,119,5.2,4.2,3.2,11,7,0,621,32,0,0.0%,0,0,0,0,0,0,0.00,24,0,0,0,0.00,0.00,2,-2,0,0,0,3,10,8,4.0,2.7,9,0,0,32,0,13,24,2.67,5.2%,0,1.41,0.000,0,0.141,0,12,0.000,0.0,NA,0.5%,NA,0,NA,NA,NA,NA,NA,NA,0,32,NA,NA,4.6,0.0,3.4,1.1,-15.0,0.0,-0.1,7.1,0%,1.2
2025,11617,Malachi Corley,WR,23.7,CLE,132,133,132,31.6,26.1,20.6,17,13,5,749,172,0,0.0%,0,0,0,0,0,0,0.00,127,0,0,0,0.00,0.00,11,11,0,5,0,14,68,79,7.2,5.6,13,2,6,206,0,0,127,9.77,23.0%,NA,NA,NA,6,NA,11,27,0.407,0.8,70,2.5%,1.13,0,NA,NA,NA,NA,NA,0.071,0,206,NA,NA,15.8,0.0,9.8,6.1,NA,0.0,-0.1,32.2,0%,5.2
2025,1166,Kirk Cousins,QB,37.3,ATL,35,35,35,108.54,108.54,108.54,17,10,8,1033,480,3,61.7%,738,269,166,76,103,5,84.81,1728,13,10,1721,6.40,10.37,0,0,0,0,0,0,0,0,0.0,0.0,14,0,3,7,1,0,7,0.5,46.5%,NA,NA,NA,4,NA,90,283,0.318,9.0,NA,NA,NA,86,32.0%,2.78,8.6%,39.1%,6.9,NA,284,1728,-1.9%,-0.05,172.8,172.1,0.7,0.0,NA,0.0,-3.8,133.7,20%,20.3
2025,9492,Trey Palmer,WR,24.7,NO,1125,1124,1123,0,0,0,13,0,0,0,0,0,0.0%,0,0,0,0,0,0,0.00,0,0,0,0,0.00,0.00,0,0,0,0,0,0,0,0,0.0,0.0,0,0,0,0,0,0,0,0,0,NA,NA,NA,0,NA,0,0,NA,NA,0,NA,NA,0,NA,NA,NA,NA,NA,NA,0,0,NA,NA,NA,NA,NA,NA,NA,0.0,0.0,0.0,NA,NA
2025,12516,Kalel Mullings,RB,23.2,TEN,131,131,130,0.7,0.7,0.7,16,4,0,528,12,0,0.0%,0,0,0,0,0,0,0.00,7,0,0,0,0.00,0.00,0,0,0,0,0,0,0,0,0.0,0.0,3,0,2,7,0,0,7,2.33,2.3%,0,0.00,0.000,2,0.000,2,3,0.667,0.5,NA,0.0%,NA,0,NA,NA,NA,NA,NA,NA,0,7,NA,NA,1.8,0.0,1.8,0.0,-1.0,0.0,-1.5,2.9,0%,NA
2025,11821,Tahj Washington,WR,24.6,MIA,196,202,208,4.7,3.2,1.7,7,6,1,342,24,1,0.0%,0,0,0,0,0,0,0.00,0,0,0,0,0.00,0.00,3,29,0,1,0,5,8,37,12.3,7.4,0,0,0,37,0,0,0,0,7.0%,NA,NA,NA,0,NA,1,5,0.200,0.2,37,NA,1.00,0,NA,NA,NA,NA,NA,0.027,0,37,NA,NA,6.2,0.0,0.0,6.2,NA,0.0,0.1,4.1,0%,1.6
2025,8208,Tyler Badie,RB,25.8,DEN,75,81,90,35.4,25.9,16.4,16,16,0,1021,183,0,0.0%,0,0,0,0,0,0,0.00,23,0,0,0,0.00,0.00,19,-69,4,9,0,31,210,141,7.4,4.6,8,0,1,164,0,28,23,2.88,17.9%,6,3.44,0.750,1,1.094,10,39,0.256,0.6,NA,5.1%,NA,0,NA,NA,NA,NA,NA,NA,0,164,NA,NA,10.3,0.0,1.4,8.8,0.0,0.0,-0.9,45.7,0%,4.5
2025,8160,Kenny Pickett,QB,27.5,LV,60,60,60,9.72,9.72,9.72,17,6,2,931,68,1,62.2%,126,45,28,7,17,2,60.23,210,8,1,188,4.18,6.71,0,0,0,0,0,0,0,0,0.0,0.0,5,1,3,22,0,0,22,4.4,7.3%,NA,NA,NA,3,NA,11,50,0.220,1.8,NA,NA,NA,8,17.8%,2.76,6.7%,28.1%,6.1,NA,57,210,-2.5%,-0.60,35.0,31.3,3.7,0.0,NA,0.0,-11.8,25.8,0%,3.8
2025,12412,Terrell Jennings,RB,24.8,NE,96,93,93,15.2,14.7,14.2,17,0,0,529,39,0,0.0%,0,0,0,0,0,0,0.00,73,0,0,0,0.00,0.00,1,2,0,0,0,1,7,9,9.0,9.0,23,1,7,82,1,0,73,3.17,7.4%,0,0.00,0.000,8,0.000,8,24,0.333,NA,NA,0.2%,NA,0,NA,NA,NA,NA,NA,NA,0,82,NA,NA,NA,NA,NA,NA,3.0,0.0,0.0,0.0,#N/A,#N/A
2025,827,Tyrod Taylor,QB,36.4,NYJ,42,42,42,64.46,64.46,64.46,13,6,4,798,251,1,59.7%,448,134,80,36,54,5,72.95,922,14,5,779,5.81,9.74,0,0,0,0,0,0,0,0,0.0,0.0,27,1,9,143,1,0,143,5.3,31.5%,NA,NA,NA,10,NA,51,161,0.317,8.5,NA,NA,NA,41,30.6%,3.01,12.7%,42.9%,9.0,NA,170,922,-1.9%,-0.12,153.7,129.8,23.8,0.0,NA,0.0,-8.2,87.3,33%,17.6
2025,3271,Tyler Higbee,TE,32.9,LAR,40,37,36,71.1,58.6,46.1,16,10,8,585,318,0,0.0%,0,0,0,0,0,0,0.00,0,0,0,0,0.00,0.00,25,141,2,14,3,36,140,281,11.2,7.8,0,0,0,281,0,0,0,0,54.4%,NA,NA,NA,0,NA,17,36,0.472,1.7,182,6.0%,1.54,0,NA,NA,NA,NA,NA,0.077,0,281,NA,NA,28.1,0.0,0.0,28.1,NA,0.0,1.8,53.3,20%,14.8
2025,12542,Efton Chism,WR,24.1,NE,161,158,153,16.5,15,13.5,8,8,1,456,66,0,0.0%,0,0,0,0,0,0,0.00,0,0,0,0,0.00,0.00,3,35,0,2,1,3,40,75,25.0,25.0,0,0,0,75,0,0,0,0,14.5%,NA,NA,NA,0,NA,3,3,1.000,0.4,0,NA,NA,0,NA,NA,NA,NA,NA,NA,0,75,NA,NA,9.4,0.0,0.0,9.4,NA,0.0,1.0,7.7,13%,5.5
2025,11640,Jermaine Burton,WR,24.4,CIN,279,278,277,0,0,0,0,0,0,0,0,0,0.0%,0,0,0,0,0,0,0.00,0,0,0,0,0.00,0.00,0,0,0,0,0,0,0,0,0.0,0.0,0,0,0,0,0,0,0,0,0,NA,NA,NA,0,NA,0,0,NA,NA,0,NA,NA,0,NA,NA,NA,NA,NA,NA,0,0,NA,NA,NA,NA,NA,NA,NA,0.0,-0.1,1.1,NA,NA
2025,4219,Jeremy McNichols,RB,30.0,WAS,58,59,62,72.7,60.2,47.7,17,17,1,985,322,1,0.0%,0,0,0,0,0,0,0.00,221,0,0,0,0.00,0.00,25,-26,1,10,0,31,222,196,7.8,6.3,44,6,12,417,1,172,221,5.02,32.7%,18,3.90,0.409,13,0.799,23,75,0.307,1.4,NA,6.6%,NA,0,NA,NA,NA,NA,NA,NA,0,417,NA,NA,24.5,0.0,13.0,11.5,65.0,0.0,-1.5,99.0,6%,10.7
2025,12462,Damien Martinez,RB,21.8,FA,596,596,596,0,0,0,3,0,0,0,0,0,0.0%,0,0,0,0,0,0,0.00,0,0,0,0,0.00,0.00,0,0,0,0,0,0,0,0,0.0,0.0,0,0,0,0,0,0,0,0,0,0,NA,NA,0,NA,0,0,NA,NA,NA,NA,NA,0,NA,NA,NA,NA,NA,NA,0,0,NA,NA,NA,NA,NA,NA,#N/A,0.0,0.0,0.0,NA,NA
2025,12539,Arian Smith,WR,24.2,NYJ,171,174,175,13.5,10,6.5,16,15,5,933,360,0,0.0%,0,0,0,0,0,0,0.00,13,0,0,0,0.00,0.00,7,19,1,4,0,16,33,52,7.4,3.3,4,0,1,65,0,0,13,3.25,38.6%,NA,NA,NA,1,NA,5,20,0.250,0.3,164,NA,0.32,0,NA,NA,NA,NA,NA,0.024,0,65,NA,NA,4.3,0.0,0.9,3.5,NA,0.0,-1.4,37.1,0%,2.6
2025,12470,Riley Leonard,QB,23.2,IND,51,51,51,32,32,32,12,4,1,679,65,2,58.2%,247,67,39,16,28,3,67.69,442,2,2,415,6.19,10.64,0,0,0,0,0,0,-3,-3,0.0,0.0,6,0,2,24,2,0,27,4.5,9.6%,NA,NA,NA,4,NA,22,73,0.301,5.5,NA,NA,NA,18,26.9%,2.83,10.5%,27.8%,8.4,NA,72,439,-3.6%,-0.18,109.8,103.8,6.8,-0.8,NA,0.0,5.5,16.1,25%,NA
2025,12738,Phil Mafah,RB,23.1,DAL,101,101,99,10.9,9.9,8.9,17,1,0,0,0,0,0.0%,0,0,0,0,0,0,0.00,18,0,0,0,0.00,0.00,2,-11,0,1,0,2,22,11,5.5,5.5,5,0,1,29,1,11,18,3.6,0,0,2.10,0.000,2,0.210,3,7,0.429,3.0,NA,0.3%,NA,0,NA,NA,NA,NA,NA,NA,0,29,NA,NA,29.0,0.0,18.0,11.0,6.0,0.0,3.7,7.2,NA,NA
2025,10871,Luke Schoonmaker,TE,27.2,DAL,71,71,74,27.2,20.2,13.2,17,17,7,1131,375,0,0.0%,0,0,0,0,0,0,0.00,0,0,0,0,0.00,0.00,14,50,1,7,0,23,82,132,9.4,5.7,0,0,0,132,0,0,0,0,33.2%,NA,NA,NA,0,NA,7,23,0.304,0.4,104,3.7%,1.27,0,NA,NA,NA,NA,NA,0.067,0,132,NA,NA,7.8,0.0,0.0,7.8,NA,0.0,0.0,29.2,0%,4.0
2025,7610,Trey Lance,QB,25.6,LAC,56,56,56,14.54,14.54,14.54,17,4,1,1072,29,1,47.4%,121,57,27,10,30,1,50.77,311,6,0,226,3.96,8.37,0,0,0,0,0,0,0,0,0.0,0.0,17,0,5,85,0,0,85,5,2.7%,NA,NA,NA,5,NA,15,74,0.203,3.8,NA,NA,NA,10,17.5%,2.65,17.5%,35.2%,9.5,NA,71,311,-8.2%,-0.55,77.8,56.5,21.3,0.0,NA,0.0,-6.4,15.7,0%,NA
2025,6920,Isaiah Hodgins,WR,27.1,PIT,142,144,144,27.5,22.5,17.5,14,7,5,397,291,0,0.0%,0,0,0,0,0,0,0.00,0,0,0,0,0.00,0.00,10,98,0,5,1,19,17,115,11.5,6.1,0,0,0,115,0,0,0,0,73.3%,NA,NA,NA,0,NA,6,19,0.316,0.9,198,NA,0.58,0,NA,NA,NA,NA,NA,0.025,0,115,NA,NA,16.4,0.0,0.0,16.4,NA,0.0,-4.6,51.0,0%,#N/A
2025,10214,Davis Allen,TE,24.8,LAR,44,42,45,62.8,50.8,38.8,17,17,5,1060,532,0,0.0%,0,0,0,0,0,0,0.00,0,0,0,0,0.00,0.00,24,71,3,9,3,33,137,208,8.7,6.3,0,0,0,208,0,0,0,0,50.2%,NA,NA,NA,0,NA,12,33,0.364,0.7,159,5.5%,1.31,0,NA,NA,NA,NA,NA,0.057,0,208,NA,NA,12.2,0.0,0.0,12.2,NA,0.0,0.9,39.2,0%,8.3
2025,10231,Elijah Higgins,TE,25.1,ARI,48,51,54,58.1,43.1,28.1,17,17,10,1077,442,1,0.0%,0,0,0,0,0,0,0.00,0,0,0,0,0.00,0.00,30,92,0,15,0,37,209,301,10.0,8.1,0,0,0,301,0,0,0,0,41.0%,NA,NA,NA,0,NA,15,37,0.405,0.9,232,5.7%,1.30,0,NA,NA,NA,NA,NA,0.065,0,301,NA,NA,17.7,0.0,0.0,17.7,NA,0.0,0.7,50.8,6%,9.5
2025,11616,Jacob Cowing,WR,24.8,SF,1227,1227,1225,0,0,0,17,0,0,0,0,0,0.0%,0,0,0,0,0,0,0.00,0,0,0,0,0.00,0.00,0,0,0,0,0,0,0,0,0.0,0.0,0,0,0,0,0,0,0,0,0,NA,NA,NA,0,NA,0,0,NA,NA,0,NA,NA,0,NA,NA,NA,NA,NA,NA,0,0,NA,NA,NA,NA,NA,NA,NA,0.0,0.0,0.0,NA,NA
2025,11370,Chris Brooks,RB,25.9,GB,79,80,81,32.7,26.2,19.7,17,17,0,1000,180,0,0.0%,0,0,0,0,0,0,0.00,106,0,0,0,0.00,0.00,13,-15,2,3,0,17,106,91,7.0,5.4,27,1,5,197,0,96,106,3.93,18.0%,11,3.56,0.407,5,0.764,8,44,0.182,0.5,NA,3.5%,NA,0,NA,NA,NA,NA,NA,NA,0,197,NA,NA,11.6,0.0,6.2,5.4,21.0,0.0,-1.0,47.2,0%,5.4
2025,11592,Erick All,TE,25.2,CIN,572,572,572,0,0,0,17,0,0,0,0,0,0.0%,0,0,0,0,0,0,0.00,0,0,0,0,0.00,0.00,0,0,0,0,0,0,0,0,0.0,0.0,0,0,0,0,0,0,0,0,0,NA,NA,NA,0,NA,0,0,NA,NA,0,NA,NA,0,NA,NA,NA,NA,NA,NA,0,0,NA,NA,NA,NA,NA,NA,NA,0.0,0.0,0.0,NA,NA
2025,11256,Tyson Bagent,QB,25.5,CHI,67,67,67,2.58,2.58,2.58,16,2,0,1033,14,1,75.0%,8,4,3,2,1,0,113.54,54,0,0,47,11.75,15.67,0,0,0,0,0,0,0,0,0.0,0.0,2,0,0,7,0,0,7,3.5,1.4%,NA,NA,NA,0,NA,2,6,0.333,1.0,NA,NA,NA,2,50.0%,3.29,25.0%,0.0%,7.0,NA,5,54,6.3%,+0.43,27.0,23.5,3.5,0.0,NA,0.0,0.0,0.0,NA,NA
2025,12473,Mitchell Evans,TE,22.7,CAR,54,53,52,48.2,38.7,29.2,17,10,10,1061,393,0,0.0%,0,0,0,0,0,0,0.00,1,0,0,0,0.00,0.00,19,63,1,7,2,25,108,171,9.0,6.8,1,0,1,172,0,0,1,1,37.0%,NA,0.00,NA,1,NA,10,26,0.385,1.0,47,4.9%,3.64,0,NA,NA,NA,NA,NA,0.149,0,172,NA,NA,17.2,0.0,0.1,17.1,NA,0.0,0.0,19.5,#N/A,#N/A
2025,8129,Dameon Pierce,RB,25.8,HOU,122,120,118,3.6,3.6,3.6,9,3,0,288,23,0,0.0%,0,0,0,0,0,0,0.00,36,0,0,0,0.00,0.00,0,0,1,0,0,1,0,0,0.0,0.0,14,2,1,36,0,23,36,2.57,8.0%,3,1.65,0.214,1,0.379,1,15,0.067,0.3,NA,0.2%,NA,0,NA,NA,NA,NA,NA,NA,0,36,NA,NA,12.0,0.0,12.0,0.0,2.0,0.0,-1.2,9.8,0%,NA
2025,12515,Donovan Edwards,RB,22.8,WAS,593,593,593,0,0,0,17,0,0,0,0,0,0.0%,0,0,0,0,0,0,0.00,0,0,0,0,0.00,0.00,0,0,0,0,0,0,0,0,0.0,0.0,0,0,0,0,0,0,0,0,0,0,NA,NA,0,NA,0,0,NA,NA,NA,NA,NA,0,NA,NA,NA,NA,NA,NA,0,0,NA,NA,NA,NA,NA,NA,#N/A,0.0,-2.9,2.9,NA,NA
2025,11570,Rasheen Ali,RB,24.8,BAL,87,91,91,24.2,19.7,15.2,15,8,0,830,111,0,0.0%,0,0,0,0,0,0,0.00,24,0,0,0,0.00,0.00,9,-15,1,1,1,11,83,68,7.6,6.2,7,0,1,92,0,9,24,3.43,13.4%,2,1.29,0.286,1,0.414,3,18,0.167,0.4,NA,2.6%,NA,0,NA,NA,NA,NA,NA,NA,0,92,NA,NA,11.5,0.0,3.0,8.5,-9.0,0.0,0.7,16.3,0%,5.8
2025,8123,Hassan Haskins,RB,26.0,LAC,102,106,109,10,8,6,16,7,0,746,80,0,0.0%,0,0,0,0,0,0,0.00,47,0,0,0,0.00,0.00,4,-3,0,0,0,4,16,13,3.3,3.3,17,0,4,60,0,29,47,2.76,10.7%,6,1.72,0.353,4,0.525,4,21,0.190,0.6,NA,0.7%,NA,0,NA,NA,NA,NA,NA,NA,0,60,NA,NA,8.6,0.0,6.7,1.9,-2.0,0.0,-2.4,34.1,0%,2.8
2025,12634,Jordan Watkins,WR,23.8,SF,198,198,197,4.6,3.6,2.6,5,4,0,359,25,0,0.0%,0,0,0,0,0,0,0.00,0,0,0,0,0.00,0.00,2,25,0,1,0,3,1,26,13.0,8.7,0,0,0,26,0,0,0,0,7.0%,NA,NA,NA,0,NA,1,3,0.333,0.3,12,NA,2.17,0,NA,NA,NA,NA,NA,0.083,0,26,NA,NA,6.5,0.0,0.0,6.5,NA,0.0,-0.2,6.0,0%,NA
2025,3200,Sterling Shepard,WR,32.8,TB,80,82,87,82,62.5,43,14,13,2,936,495,1,0.0%,0,0,0,0,0,0,0.00,19,0,0,0,0.00,0.00,39,222,0,17,1,53,149,371,9.5,7.0,4,0,1,390,0,0,19,4.75,52.9%,NA,NA,NA,1,NA,19,57,0.333,1.5,323,9.5%,1.15,0,NA,NA,NA,NA,NA,0.053,0,390,NA,NA,30.0,0.0,1.5,28.5,NA,0.0,0.0,82.9,8%,11.3
2025,7596,Elijah Moore,WR,25.7,BUF,141,137,136,28.6,24.1,19.6,14,9,2,533,159,0,0.0%,0,0,0,0,0,0,0.00,24,0,0,0,0.00,0.00,9,54,1,4,0,17,58,112,12.4,6.6,6,2,2,136,1,0,24,4,29.8%,NA,NA,NA,3,NA,7,23,0.304,0.8,88,NA,1.27,0,NA,NA,NA,NA,NA,0.045,0,136,NA,NA,15.1,0.0,2.7,12.4,NA,0.0,1.6,18.5,0%,6.9
2025,10225,Jonathan Mingo,WR,24.6,DAL,207,207,201,3.5,3,2.5,14,6,0,450,56,0,0.0%,0,0,0,0,0,0,0.00,0,0,0,0,0.00,0.00,1,21,1,1,0,5,4,25,25.0,5.0,0,0,0,25,0,0,0,0,12.4%,NA,NA,NA,0,NA,1,5,0.200,0.2,41,NA,0.61,0,NA,NA,NA,NA,NA,0.024,0,25,NA,NA,4.2,0.0,0.0,4.2,NA,0.0,0.5,1.5,0%,1.2
2025,7083,Tyler Huntley,QB,27.8,BAL,47,47,47,40.14,40.14,40.14,17,5,2,745,197,0,77.6%,278,67,52,17,15,0,103.11,577,8,2,426,6.36,8.19,0,0,0,0,0,0,0,0,0.0,0.0,24,1,11,151,0,0,151,6.29,26.4%,NA,NA,NA,11,NA,30,91,0.330,6.0,NA,NA,NA,19,28.4%,2.57,6.0%,24.7%,6.4,NA,85,577,5.9%,+0.12,115.4,85.2,30.2,0.0,NA,0.0,-0.6,17.3,20%,12.5
2025,12718,Konata Mumpfield,WR,23.1,LAR,146,147,147,25.2,20.2,15.2,17,17,0,1060,339,0,0.0%,0,0,0,0,0,0,0.00,0,0,0,0,0.00,0.00,10,67,1,6,1,23,25,92,9.2,4.0,0,0,0,92,0,0,0,0,32.0%,NA,NA,NA,0,NA,7,23,0.304,0.4,129,NA,0.71,0,NA,NA,NA,NA,NA,0.047,0,92,NA,NA,5.4,0.0,0.0,5.4,NA,0.0,-1.5,18.8,0%,6.3
2025,12472,Raheim Sanders,RB,23.5,CLE,92,92,87,20.3,18.8,17.3,6,4,1,365,45,0,0.0%,0,0,0,0,0,0,0.00,92,0,0,0,0.00,0.00,3,7,0,0,0,4,14,21,7.0,5.3,27,0,6,113,1,112,92,3.41,12.3%,7,4.13,0.259,7,0.672,7,31,0.226,1.8,NA,0.7%,NA,0,NA,NA,NA,NA,NA,NA,0,113,NA,NA,28.3,0.0,23.0,5.3,14.0,0.0,0.4,17.6,0%,NA
2025,4040,JuJu Smith-Schuster,WR,29.0,KC,86,87,93,73.5,57,40.5,17,17,12,1049,570,0,0.0%,0,0,0,0,0,0,0.00,0,0,0,0,0.00,0.00,33,154,2,18,1,45,191,345,10.5,7.7,0,0,0,345,0,0,0,0,54.3%,NA,NA,NA,0,NA,19,45,0.422,1.1,351,7.7%,0.98,0,NA,NA,NA,NA,NA,0.051,0,345,NA,NA,20.3,0.0,0.0,20.3,NA,0.0,-0.8,89.5,6%,11.2
2025,6960,Tyler Johnson,WR,27.3,NYJ,124,124,123,37.7,31.7,25.7,12,11,5,751,292,0,0.0%,0,0,0,0,0,0,0.00,0,0,0,0,0.00,0.00,12,133,2,7,1,18,64,197,16.4,10.9,0,0,0,197,0,0,0,0,38.9%,NA,NA,NA,0,NA,8,18,0.444,0.7,138,3.6%,1.43,0,NA,NA,NA,NA,NA,0.051,0,197,NA,NA,17.9,0.0,0.0,17.9,NA,0.0,-0.1,41.2,9%,9.9
2025,4147,Samaje Perine,RB,30.2,CIN,57,57,56,77.9,69.4,60.9,15,14,2,912,313,3,0.0%,0,0,0,0,0,0,0.00,382,0,0,0,0.00,0.00,17,-22,1,5,0,21,109,87,5.1,4.1,84,3,29,469,3,275,382,4.55,34.3%,24,3.27,0.286,32,0.613,37,105,0.352,2.6,NA,3.3%,NA,0,NA,NA,NA,NA,NA,NA,0,469,NA,NA,33.5,0.0,27.3,6.2,103.0,0.0,-0.9,91.9,14%,12.5
2025,11645,Javon Baker,WR,23.8,PHI,1223,1223,1221,0,0,0,10,0,0,0,0,0,0.0%,0,0,0,0,0,0,0.00,0,0,0,0,0.00,0.00,0,0,0,0,0,0,0,0,0.0,0.0,0,0,0,0,0,0,0,0,0,NA,NA,NA,0,NA,0,0,NA,NA,0,NA,NA,0,NA,NA,NA,NA,NA,NA,0,0,NA,NA,NA,NA,NA,NA,NA,0.0,0.0,0.0,NA,NA
2025,11299,Zavier Scott,RB,26.4,MIN,73,72,75,39.2,32.2,25.2,16,9,0,878,99,2,0.0%,0,0,0,0,0,0,0.00,114,0,0,0,0.00,0.00,14,-7,0,6,1,16,105,98,7.0,6.1,32,1,6,212,0,71,114,3.56,11.3%,4,2.23,0.125,6,0.348,13,48,0.271,1.4,NA,3.3%,NA,0,NA,NA,NA,NA,NA,NA,0,212,NA,NA,23.6,0.0,12.7,10.9,3.0,0.0,0.0,32.5,11%,#N/A
2025,4082,Curtis Samuel,WR,29.3,BUF,151,151,150,21.1,17.6,14.1,12,6,0,380,151,0,0.0%,0,0,0,0,0,0,0.00,0,0,0,0,0.00,0.00,7,54,0,4,1,9,27,81,11.6,9.0,0,0,0,81,0,0,0,0,39.7%,NA,NA,NA,0,NA,5,9,0.556,0.8,81,NA,1.00,0,NA,NA,NA,NA,NA,0.049,0,81,NA,NA,13.5,0.0,0.0,13.5,NA,0.0,-0.7,26.7,0%,5.9
2025,8204,Bo Melton,WR,26.2,GB,147,145,133,24.2,22.2,20.2,16,9,1,932,83,0,0.0%,0,0,0,0,0,0,0.00,35,0,0,0,0.00,0.00,4,100,1,3,1,13,7,107,26.8,8.2,5,0,2,142,0,0,35,7,8.9%,NA,NA,NA,2,NA,6,18,0.333,0.7,0,NA,NA,0,NA,NA,NA,NA,NA,NA,0,142,NA,NA,15.8,0.0,3.9,11.9,NA,0.0,1.5,8.8,0%,6.9
2025,11633,Jamari Thrash,WR,25.0,CLE,152,156,160,20.7,15.7,10.7,9,9,1,618,216,0,0.0%,0,0,0,0,0,0,0.00,0,0,0,0,0.00,0.00,10,70,0,5,0,15,37,107,10.7,7.1,0,0,0,107,0,0,0,0,35.0%,NA,NA,NA,0,NA,5,15,0.333,0.6,116,NA,0.92,0,NA,NA,NA,NA,NA,0.043,0,107,NA,NA,11.9,0.0,0.0,11.9,NA,0.0,-0.9,31.5,0%,3.9
2025,7496,Nick Westbrook-Ikhine,WR,28.7,MIA,155,160,168,19.9,14.4,8.9,15,15,3,813,380,0,0.0%,0,0,0,0,0,0,0.00,0,0,0,0,0.00,0.00,11,61,3,8,0,20,28,89,8.1,4.5,0,0,0,89,0,0,0,0,46.7%,NA,NA,NA,0,NA,8,20,0.400,0.5,184,NA,0.48,0,NA,NA,NA,NA,NA,0.043,0,89,NA,NA,5.9,0.0,0.0,5.9,NA,0.0,-3.4,78.0,0%,4.2
2025,8162,Sam Howell,QB,25.2,PHI,288,288,288,0,0,0,4,0,0,190,0,0,0.0%,0,0,0,0,0,0,0.00,0,0,0,0,0.00,0.00,0,0,0,0,0,0,0,0,0.0,0.0,0,0,0,0,0,0,0,0,0.0%,NA,NA,NA,0,NA,0,0,NA,NA,NA,NA,NA,0,NA,0.00,0.0%,0.0%,0.0,NA,0,0,#N/A,#N/A,NA,NA,NA,NA,NA,0.0,0.0,0.0,NA,NA
2025,7538,Zach Wilson,QB,26.4,MIA,71,71,70,1.38,1.38,1.38,16,4,0,869,23,0,54.5%,9,11,6,3,5,0,60.04,33,0,0,32,2.91,5.33,0,0,0,0,0,0,0,0,0.0,0.0,3,0,0,1,0,0,1,0.33,2.6%,NA,NA,NA,0,NA,3,14,0.214,0.8,NA,NA,NA,3,27.3%,2.36,0.0%,41.6%,5.7,NA,12,33,-13.3%,-0.56,8.3,8.0,0.3,0.0,NA,0.0,0.0,0.0,0%,NA
2025,9999,Will Levis,QB,26.4,TEN,285,285,285,0,0,0,17,0,0,0,0,0,0.0%,0,0,0,0,0,0,0.00,0,0,0,0,0.00,0.00,0,0,0,0,0,0,0,0,0.0,0.0,0,0,0,0,0,0,0,0,0,NA,NA,NA,0,NA,0,0,NA,NA,NA,NA,NA,0,NA,0.00,0.0%,0.0%,0.0,NA,0,0,#N/A,#N/A,NA,NA,NA,NA,NA,0.0,0.0,0.0,NA,NA
2025,4972,Mason Rudolph,QB,30.4,PIT,54,54,54,17,17,17,17,6,1,956,113,1,73.1%,56,52,38,15,14,2,84.62,316,2,2,310,5.96,8.16,0,0,0,0,0,0,0,0,0.0,0.0,7,0,2,6,0,0,6,0.86,11.8%,NA,NA,NA,2,NA,19,59,0.322,3.2,NA,NA,NA,17,32.7%,2.75,5.8%,20.7%,4.9,NA,53,316,2.9%,-0.04,52.7,51.7,1.0,0.0,NA,0.0,0.0,0.0,0%,6.0
2025,10866,Aidan O'Connell,QB,27.3,LV,63,63,63,4.78,4.78,4.78,12,1,0,42,0,0,45.5%,71,22,10,5,12,0,59.28,109,1,0,102,4.64,10.20,0,0,0,0,0,0,0,0,0.0,0.0,1,0,0,7,0,0,7,7,0.0%,NA,NA,NA,0,NA,5,23,0.217,5.0,NA,NA,NA,5,22.7%,2.61,9.1%,29.2%,7.5,NA,24,109,-14.5%,-0.33,109.0,102.0,7.0,0.0,NA,0.0,0.2,4.6,NA,NA
2025,7601,Rondale Moore,WR,25.5,MIN,1143,1142,1141,0,0,0,17,0,0,0,0,0,0.0%,0,0,0,0,0,0,0.00,0,0,0,0,0.00,0.00,0,0,0,0,0,0,0,0,0.0,0.0,0,0,0,0,0,0,0,0,0,NA,NA,NA,0,NA,0,0,NA,NA,0,NA,NA,0,NA,NA,NA,NA,NA,NA,0,0,NA,NA,NA,NA,NA,NA,NA,0.0,0.0,0.0,NA,NA
2025,5938,Lil'Jordan Humphrey,WR,27.6,NYG,128,129,128,34.6,28.1,21.6,17,10,4,607,313,0,0.0%,0,0,0,0,0,0,0.00,0,0,0,0,0.00,0.00,13,127,1,8,1,25,29,156,12.0,6.2,0,0,0,156,0,0,0,0,51.6%,NA,NA,NA,0,NA,9,25,0.360,0.9,168,4.1%,0.93,0,NA,NA,NA,NA,NA,0.048,0,156,NA,NA,15.6,0.0,0.0,15.6,NA,-17.0,-0.4,32.3,10%,9.0
2025,1426,DeAndre Hopkins,WR,33.5,BAL,93,88,85,67,56,45,17,17,3,963,321,0,0.0%,0,0,0,0,0,0,0.00,0,0,0,0,0.00,0.00,22,265,0,13,2,39,65,330,15.0,8.5,0,0,0,330,0,0,0,0,33.3%,NA,NA,NA,0,NA,15,39,0.385,0.9,178,9.2%,1.85,0,NA,NA,NA,NA,NA,0.073,0,330,NA,NA,19.4,0.0,0.0,19.4,NA,25.5,-0.8,84.7,6%,11.3
2025,7568,Brevin Jordan,TE,25.4,HOU,529,529,528,0,0,0,17,0,0,0,0,0,0.0%,0,0,0,0,0,0,0.00,0,0,0,0,0.00,0.00,0,0,0,0,0,0,0,0,0.0,0.0,0,0,0,0,0,0,0,0,0,NA,NA,NA,0,NA,0,0,NA,NA,0,NA,NA,0,NA,NA,NA,NA,NA,NA,0,0,NA,NA,NA,NA,NA,NA,NA,24.0,0.0,0.0,NA,NA
2025,4080,Zay Jones,WR,30.7,ARI,136,136,139,30.3,24.3,18.3,16,8,0,546,271,0,0.0%,0,0,0,0,0,0,0.00,0,0,0,0,0.00,0.00,12,147,0,7,0,18,36,183,15.3,10.2,0,0,0,183,0,0,0,0,49.6%,NA,NA,NA,0,NA,7,18,0.389,0.9,164,2.8%,1.12,0,NA,NA,NA,NA,NA,0.043,0,183,NA,NA,22.9,0.0,0.0,22.9,NA,9.3,0.5,26.5,13%,8.7
2025,6945,Antonio Gibson,RB,27.5,NE,88,85,79,23.2,22.2,21.2,17,5,0,314,52,2,0.0%,0,0,0,0,0,0,0.00,106,0,0,0,0.00,0.00,2,-10,0,0,0,3,16,6,3.0,2.0,25,2,5,112,1,72,106,4.24,16.6%,4,2.88,0.160,6,0.448,6,28,0.214,1.2,NA,0.6%,NA,0,NA,NA,NA,NA,NA,NA,0,112,NA,NA,22.4,0.0,21.2,1.2,8.0,2.4,1.0,18.3,0%,7.4
2025,9230,Tanner McKee,QB,25.6,PHI,55,55,55,14.76,14.76,14.76,14,4,1,798,25,0,55.8%,174,43,24,15,19,1,73.21,282,3,1,274,6.37,11.42,0,0,0,0,0,0,0,0,0.0,0.0,8,0,1,8,0,0,8,1,3.1%,NA,NA,NA,1,NA,17,51,0.333,4.3,NA,NA,NA,16,37.2%,2.99,9.3%,38.8%,9.9,NA,49,282,0.7%,-0.02,70.5,68.5,2.0,0.0,NA,-0.3,-5.9,18.8,0%,NA
2025,11895,Mason Tipton,WR,25.2,NO,153,159,164,20.4,14.9,9.4,16,13,3,1002,297,1,0.0%,0,0,0,0,0,0,0.00,18,0,0,0,0.00,0.00,11,39,0,4,0,17,37,76,6.9,4.5,4,1,2,94,0,0,18,4.5,29.6%,NA,NA,NA,2,NA,6,21,0.286,0.5,165,NA,0.46,0,NA,NA,NA,NA,NA,0.024,0,94,NA,NA,7.2,0.0,1.4,5.8,NA,16.6,-2.0,30.8,0%,6.4
2025,6151,Miles Sanders,RB,28.6,DAL,84,84,84,26.7,22.7,18.7,16,4,0,293,65,1,0.0%,0,0,0,0,0,0,0.00,117,0,0,0,0.00,0.00,8,-14,0,0,0,8,44,30,3.8,3.8,20,1,4,147,1,107,117,5.85,22.2%,8,5.33,0.400,5,0.933,5,28,0.179,1.3,NA,1.3%,NA,0,NA,NA,NA,NA,NA,NA,0,147,NA,NA,36.8,0.0,29.3,7.5,56.0,-12.1,2.5,16.9,0%,NA
2025,7561,Elijah Mitchell,RB,27.6,KC,572,572,572,0,0,0,3,1,0,70,7,0,0.0%,0,0,0,0,0,0,0.00,0,0,0,0,0.00,0.00,0,0,0,0,0,1,0,0,0.0,0.0,0,0,0,0,0,0,0,0,10.0%,0,NA,NA,0,NA,0,1,0.000,0.0,NA,NA,NA,0,NA,NA,NA,NA,NA,NA,0,0,NA,NA,0.0,0.0,0.0,0.0,#N/A,-9.0,0.0,0.0,NA,NA
2025,11615,Ainias Smith,WR,24.5,CAR,1228,1228,1226,0,0,0,17,0,0,0,0,0,0.0%,0,0,0,0,0,0,0.00,0,0,0,0,0.00,0.00,0,0,0,0,0,0,0,0,0.0,0.0,0,0,0,0,0,0,0,0,0,NA,NA,NA,0,NA,0,0,NA,NA,0,NA,NA,0,NA,NA,NA,NA,NA,NA,0,0,NA,NA,NA,NA,NA,NA,NA,-0.5,0.0,0.0,NA,NA
2025,4234,Noah Brown,WR,29.9,WAS,172,170,170,13.3,10.8,8.3,13,4,4,252,102,0,0.0%,0,0,0,0,0,0,0.00,0,0,0,0,0.00,0.00,5,72,0,3,0,10,11,83,16.6,8.3,0,0,0,83,0,0,0,0,40.5%,NA,NA,NA,0,NA,3,10,0.300,0.8,65,NA,1.28,0,NA,NA,NA,NA,NA,0.046,0,83,NA,NA,20.8,0.0,0.0,20.8,NA,16.2,-0.9,16.9,0%,NA
2025,7595,Tylan Wallace,WR,26.6,BAL,168,164,161,14.5,12.5,10.5,14,14,2,772,184,0,0.0%,0,0,0,0,0,0,0.00,0,0,0,0,0.00,0.00,4,28,0,2,1,8,17,45,11.3,5.6,0,0,0,45,0,0,0,0,23.8%,NA,NA,NA,0,NA,3,8,0.375,0.2,74,NA,0.61,0,NA,NA,NA,NA,NA,0.027,0,45,NA,NA,3.2,0.0,0.0,3.2,NA,-23.1,-1.3,38.0,0%,4.8
2025,8168,Skyy Moore,WR,25.2,SF,166,166,163,14.8,12.3,9.8,17,14,0,1123,110,1,0.0%,0,0,0,0,0,0,0.00,11,0,0,0,0.00,0.00,5,58,0,5,0,7,29,87,17.4,12.4,2,0,1,98,0,0,11,5.5,9.8%,NA,NA,NA,1,NA,6,9,0.667,0.4,61,NA,1.43,0,NA,NA,NA,NA,NA,0.082,0,98,NA,NA,7.0,0.0,0.8,6.2,NA,-24.0,-0.2,18.7,0%,3.1
2025,2374,Tyler Lockett,WR,33.2,TEN,92,96,105,67.1,51.1,35.1,17,16,2,887,452,0,0.0%,0,0,0,0,0,0,0.00,0,0,0,0,0.00,0.00,32,212,1,13,1,55,79,291,9.1,5.3,0,0,0,291,0,0,0,0,51.0%,NA,NA,NA,0,NA,14,55,0.255,0.9,336,10.7%,0.87,0,NA,NA,NA,NA,NA,0.039,0,291,NA,NA,18.2,0.0,0.0,18.2,NA,-18.6,-2.5,92.4,0%,8.9
2025,4381,Taysom Hill,TE,35.3,NO,58,56,51,41.78,36.28,30.78,17,13,5,770,187,3,33.3%,54,6,2,1,4,0,109.03,171,0,1,57,9.50,28.50,11,5,3,2,0,16,86,91,8.3,5.7,52,2,15,205,1,0,114,2.19,24.3%,NA,0.00,NA,16,NA,20,74,0.270,1.5,0,NA,NA,2,33.3%,NA,NA,NA,NA,NA,6,262,NA,NA,20.2,4.4,8.8,7.0,NA,17.2,-1.5,63.7,8%,9.2
2025,8230,Ty Chandler,RB,27.6,MIN,108,110,110,8.8,7.3,5.8,17,2,0,110,13,0,0.0%,0,0,0,0,0,0,0.00,47,0,0,0,0.00,0.00,3,-16,0,1,0,4,27,11,3.7,2.8,17,0,1,58,0,48,47,2.76,11.8%,3,2.81,0.176,1,0.458,2,21,0.095,1.0,NA,0.8%,NA,0,NA,NA,NA,NA,NA,NA,0,58,NA,NA,29.0,0.0,23.5,5.5,-2.0,71.7,-0.4,10.0,NA,NA
2025,9227,Israel Abanikanda,RB,23.2,FA,563,563,563,0,0,0,6,0,0,0,0,0,0.0%,0,0,0,0,0,0,0.00,0,0,0,0,0.00,0.00,0,0,0,0,0,0,0,0,0.0,0.0,0,0,0,0,0,0,0,0,0,0,NA,NA,0,NA,0,0,NA,NA,NA,NA,NA,0,NA,NA,NA,NA,NA,NA,0,0,NA,NA,NA,NA,NA,NA,#N/A,6.6,0.0,0.0,NA,NA
2025,11636,Johnny Wilson,WR,24.7,PHI,1224,1224,1222,0,0,0,17,0,0,0,0,0,0.0%,0,0,0,0,0,0,0.00,0,0,0,0,0.00,0.00,0,0,0,0,0,0,0,0,0.0,0.0,0,0,0,0,0,0,0,0,0,NA,NA,NA,0,NA,0,0,NA,NA,0,NA,NA,0,NA,NA,NA,NA,NA,NA,0,0,NA,NA,NA,NA,NA,NA,NA,4.3,0.0,0.0,NA,NA
2025,3286,Demarcus Robinson,WR,31.2,SF,100,100,103,58.2,47.2,36.2,17,14,2,911,420,0,0.0%,0,0,0,0,0,0,0.00,6,0,0,0,0.00,0.00,22,240,1,14,1,35,36,276,12.6,7.9,1,0,0,282,0,0,6,6,46.1%,NA,NA,NA,0,NA,15,36,0.417,1.1,256,6.1%,1.08,0,NA,NA,NA,NA,NA,0.055,0,282,NA,NA,20.1,0.0,0.4,19.7,NA,-30.6,0.8,46.5,0%,7.9
2025,9505,Deuce Vaughn,RB,24.1,DEN,562,562,562,0,0,0,16,0,0,0,0,0,0.0%,0,0,0,0,0,0,0.00,0,0,0,0,0.00,0.00,0,0,0,0,0,0,0,0,0.0,0.0,0,0,0,0,0,0,0,0,0,0,NA,NA,0,NA,0,0,NA,NA,NA,NA,NA,0,NA,NA,NA,NA,NA,NA,0,0,NA,NA,NA,NA,NA,NA,#N/A,34.0,0.0,0.0,NA,NA
2025,11306,Xavier Gipson,WR,24.8,PHI,1235,1238,1238,-1.4,-2.4,-3.4,10,3,0,305,9,3,0.0%,0,0,0,0,0,0,0.00,0,0,0,0,0.00,0.00,2,-9,0,0,0,2,15,6,3.0,3.0,0,0,0,6,0,0,0,0,3.0%,NA,NA,NA,0,NA,0,2,0.000,0.0,4,NA,1.50,0,NA,NA,NA,NA,NA,0.000,0,6,NA,NA,2.0,0.0,0.0,2.0,NA,-18.6,-0.6,3.9,0%,NA
2025,8139,Zamir White,RB,26.2,LV,104,108,111,9.6,7.6,5.6,6,5,0,326,60,0,0.0%,0,0,0,0,0,0,0.00,32,0,0,0,0.00,0.00,4,0,0,0,0,6,24,24,6.0,4.0,12,0,1,56,0,9,32,2.67,18.4%,2,0.73,0.167,1,0.239,1,18,0.056,0.2,NA,1.2%,NA,0,NA,NA,NA,NA,NA,NA,0,56,NA,NA,11.2,0.0,6.4,4.8,-10.0,0.8,-0.3,13.0,0%,2.9
2025,11748,Bub Means,WR,24.9,NO,1222,1222,1220,0,0,0,17,0,0,0,0,0,0.0%,0,0,0,0,0,0,0.00,0,0,0,0,0.00,0.00,0,0,0,0,0,0,0,0,0.0,0.0,0,0,0,0,0,0,0,0,0,NA,NA,NA,0,NA,0,0,NA,NA,0,NA,NA,0,NA,NA,NA,NA,NA,NA,0,0,NA,NA,NA,NA,NA,NA,NA,22.0,0.0,0.0,NA,NA
2025,10867,Jake Bobo,WR,27.3,SEA,204,206,206,4,3,2,12,11,0,747,117,0,0.0%,0,0,0,0,0,0,0.00,0,0,0,0,0.00,0.00,2,14,0,1,0,2,6,20,10.0,10.0,0,0,0,20,0,0,0,0,15.7%,NA,NA,NA,0,NA,1,2,0.500,0.1,30,NA,0.67,0,NA,NA,NA,NA,NA,0.033,0,20,NA,NA,1.8,0.0,0.0,1.8,NA,16.6,-0.2,6.1,0%,1.3
2025,5010,Will Dissly,TE,29.4,LAC,76,77,81,20.7,15.2,9.7,9,9,2,530,158,0,0.0%,0,0,0,0,0,0,0.00,0,0,0,0,0.00,0.00,11,31,1,5,0,16,66,97,8.8,6.1,0,0,0,97,0,0,0,0,29.8%,NA,NA,NA,0,NA,5,16,0.313,0.6,88,NA,1.10,0,NA,NA,NA,NA,NA,0.057,0,97,NA,NA,10.8,0.0,0.0,10.8,NA,-13.3,-0.3,23.7,0%,4.5
2025,11649,Kendall Milton,RB,23.8,CIN,136,136,136,0.2,0.2,0.2,17,1,0,66,4,0,0.0%,0,0,0,0,0,0,0.00,2,0,0,0,0.00,0.00,0,0,0,0,0,0,0,0,0.0,0.0,2,0,0,2,0,0,2,1,6.1%,0,0.00,0.000,0,0.000,0,2,0.000,0.0,NA,NA,NA,0,NA,NA,NA,NA,NA,NA,0,2,NA,NA,2.0,0.0,2.0,0.0,#N/A,25.6,0.0,0.0,NA,NA
2025,11595,Jared Wiley,TE,25.1,KC,119,120,119,1.4,0.9,0.4,5,4,0,218,16,0,0.0%,0,0,0,0,0,0,0.00,0,0,0,0,0.00,0.00,1,-4,0,1,0,1,8,4,4.0,4.0,0,0,0,4,0,0,0,0,7.3%,NA,NA,NA,0,NA,1,1,1.000,0.3,6,NA,0.67,0,NA,NA,NA,NA,NA,0.167,0,4,NA,NA,1.0,0.0,0.0,1.0,NA,17.8,-0.3,3.8,0%,NA
2025,8145,Jeremy Ruckert,TE,25.3,NYJ,56,58,60,46.9,35.4,23.9,17,17,15,999,465,0,0.0%,0,0,0,0,0,0,0.00,0,0,0,0,0.00,0.00,23,80,1,7,1,29,99,179,7.8,6.2,0,0,0,179,0,0,0,0,46.5%,NA,NA,NA,0,NA,8,29,0.276,0.5,145,5.9%,1.23,0,NA,NA,NA,NA,NA,0.048,0,179,NA,NA,10.5,0.0,0.0,10.5,NA,-21.8,0.3,44.8,0%,6.9
2025,5854,Drew Lock,QB,29.1,SEA,73,73,73,0.1,0.1,0.1,17,5,0,1064,38,2,66.7%,-1,3,2,1,1,0,78.47,10,0,0,15,5.00,7.50,0,0,0,0,0,0,0,0,0.0,0.0,6,0,0,-5,0,0,-5,-0.83,3.6%,NA,NA,NA,0,NA,1,9,0.111,0.2,NA,NA,NA,1,33.3%,2.81,0.0%,0.0%,1.5,NA,3,10,-2.8%,-0.43,2.0,3.0,-1.0,0.0,NA,33.6,0.0,0.0,0%,0.2
2025,11573,Frank Gore Jr.,RB,23.7,BUF,607,607,607,0,0,0,17,0,0,0,0,0,0.0%,0,0,0,0,0,0,0.00,0,0,0,0,0.00,0.00,0,0,0,0,0,0,0,0,0.0,0.0,0,0,0,0,0,0,0,0,0,0,NA,NA,0,NA,0,0,NA,NA,NA,NA,NA,0,NA,NA,NA,NA,NA,NA,0,0,NA,NA,NA,NA,NA,NA,#N/A,2.1,0.0,0.0,NA,NA
2025,8254,Julius Chestnut,RB,25.1,TEN,119,117,116,4,4,4,17,9,0,1002,40,0,0.0%,0,0,0,0,0,0,0.00,40,0,0,0,0.00,0.00,0,0,0,0,0,2,0,0,0.0,0.0,11,0,4,40,0,17,40,3.64,4.0%,0,1.51,0.000,4,0.151,4,13,0.308,0.4,NA,0.4%,NA,0,NA,NA,NA,NA,NA,NA,0,40,NA,NA,4.4,0.0,4.4,0.0,17.0,11.9,-1.0,20.2,0%,1.1
2025,6828,AJ Dillon,RB,27.6,PHI,107,109,108,9.1,7.6,6.1,8,7,0,422,48,1,0.0%,0,0,0,0,0,0,0.00,60,0,0,0,0.00,0.00,3,12,0,0,0,3,9,21,7.0,7.0,12,2,4,81,0,34,60,5,11.4%,2,2.81,0.167,4,0.448,4,15,0.267,0.6,NA,0.6%,NA,0,NA,NA,NA,NA,NA,NA,0,81,NA,NA,11.6,0.0,8.6,3.0,17.0,-15.8,-0.6,17.2,0%,1.9
2025,11210,Malik Heath,WR,25.8,GB,167,167,169,14.6,11.6,8.6,11,11,0,707,212,0,0.0%,0,0,0,0,0,0,0.00,0,0,0,0,0.00,0.00,6,57,1,4,0,7,29,86,14.3,12.3,0,0,0,86,0,0,0,0,30.0%,NA,NA,NA,0,NA,4,7,0.571,0.4,79,NA,1.09,0,NA,NA,NA,NA,NA,0.051,0,86,NA,NA,7.8,0.0,0.0,7.8,NA,-9.6,-0.3,18.4,0%,4.2
2025,6938,Cam Akers,RB,26.5,MIN,111,111,107,7.18,7.18,7.18,12,2,0,404,9,0,100.0%,15,1,1,0,0,0,158.33,51,0,1,32,32.00,32.00,0,0,1,0,0,1,0,0,0.0,0.0,5,0,1,19,0,14,19,3.8,2.2%,0,2.80,0.000,1,0.280,2,7,0.286,1.0,NA,0.2%,NA,1,100.0%,NA,NA,NA,NA,NA,0,51,NA,NA,25.5,16.0,9.5,0.0,2.0,-15.7,-0.5,0.5,NA,NA
2025,6011,Gardner Minshew,QB,29.6,KC,72,72,72,0.68,0.68,0.68,17,4,1,1006,41,0,46.2%,6,13,6,2,7,1,20.99,39,0,0,37,2.85,6.17,0,0,0,0,0,0,0,0,0.0,0.0,6,0,0,2,0,0,2,0.33,4.1%,NA,NA,NA,0,NA,2,19,0.105,0.5,NA,NA,NA,2,15.4%,1.23,0.0%,80.0%,2.9,NA,5,39,-17.5%,-0.60,9.8,9.3,0.5,0.0,NA,3.9,-17.7,19.1,0%,NA
2025,8127,Charlie Kolar,TE,26.8,BAL,62,59,55,36.2,31.2,26.2,17,17,7,963,389,0,0.0%,0,0,0,0,0,0,0.00,0,0,0,0,0.00,0.00,10,90,0,7,2,15,52,142,14.2,9.5,0,0,0,142,0,0,0,0,40.4%,NA,NA,NA,0,NA,9,15,0.600,0.5,64,3.6%,2.22,0,NA,NA,NA,NA,NA,0.109,0,142,NA,NA,8.4,0.0,0.0,8.4,NA,8.8,0.3,34.3,0%,7.5
2025,12048,George Holani,RB,26.0,SEA,90,90,83,20.8,19.8,18.8,17,3,0,673,36,1,0.0%,0,0,0,0,0,0,0.00,73,0,0,0,0.00,0.00,2,-1,0,1,0,2,16,15,7.5,7.5,22,3,4,88,1,34,73,3.32,5.3%,4,1.52,0.182,5,0.334,6,24,0.250,2.0,NA,0.4%,NA,0,NA,NA,NA,NA,NA,NA,0,88,NA,NA,29.3,0.0,24.3,5.0,15.0,-1.8,0.0,3.7,#N/A,#N/A
2025,5133,Tyler Conklin,TE,30.4,LAC,81,80,80,17.3,13.8,10.3,14,10,5,871,146,1,0.0%,0,0,0,0,0,0,0.00,2,0,0,0,0.00,0.00,7,44,2,3,0,10,57,101,14.4,10.1,1,0,1,103,0,0,2,2,16.8%,NA,0.00,NA,1,NA,4,11,0.364,0.4,73,NA,1.38,0,NA,NA,NA,NA,NA,0.041,0,103,NA,NA,10.3,0.0,0.2,10.1,NA,-6.4,-0.8,31.5,0%,4.8
2025,7535,Hunter Long,TE,27.3,JAX,63,63,63,32.5,26.5,20.5,9,8,3,630,258,1,0.0%,0,0,0,0,0,0,0.00,0,0,0,0,0.00,0.00,12,54,4,3,2,17,31,85,7.1,5.0,0,0,0,85,0,0,0,0,41.0%,NA,NA,NA,0,NA,5,17,0.294,0.6,123,3.0%,0.69,0,NA,NA,NA,NA,NA,0.024,0,85,NA,NA,10.6,0.0,0.0,10.6,NA,-6.2,0.5,26.9,13%,7.6
2025,9490,Tyler Scott,WR,24.2,FA,1126,1125,1124,0,0,0,14,0,0,0,0,0,0.0%,0,0,0,0,0,0,0.00,0,0,0,0,0.00,0.00,0,0,0,0,0,0,0,0,0.0,0.0,0,0,0,0,0,0,0,0,0,NA,NA,NA,0,NA,0,0,NA,NA,0,NA,NA,0,NA,NA,NA,NA,NA,NA,0,0,NA,NA,NA,NA,NA,NA,NA,19.0,0.0,0.0,#N/A,#N/A
2025,7608,Khalil Herbert,RB,27.6,SEA,112,112,112,6.6,6.1,5.6,9,3,0,468,18,0,0.0%,0,0,0,0,0,0,0.00,52,0,0,0,0.00,0.00,1,-5,1,0,0,4,9,4,4.0,1.0,16,0,2,56,0,24,52,3.25,3.8%,5,1.50,0.313,2,0.463,2,20,0.100,0.7,NA,0.8%,NA,0,NA,NA,NA,NA,NA,NA,0,56,NA,NA,18.7,0.0,17.3,1.3,-10.0,-24.6,-0.8,13.9,0%,NA
2025,6111,Jake Browning,QB,29.7,CIN,43,43,43,56.74,56.74,56.74,11,4,3,686,212,1,64.8%,404,125,81,27,44,8,71.12,810,9,6,771,6.17,9.52,0,0,0,0,0,0,0,0,0.0,0.0,9,1,4,39,1,0,39,4.33,30.9%,NA,NA,NA,5,NA,38,134,0.284,9.5,NA,NA,NA,33,26.4%,2.79,12.8%,40.6%,7.6,NA,138,810,#N/A,#N/A,202.5,192.8,9.8,0.0,NA,11.1,-6.5,54.8,50%,NA
2025,6869,Adam Trautman,TE,28.8,DEN,57,57,56,45.5,35.5,25.5,17,17,12,1081,617,0,0.0%,0,0,0,0,0,0,0.00,0,0,0,0,0.00,0.00,20,91,1,10,1,23,104,195,9.8,8.5,0,0,0,195,0,0,0,0,57.1%,NA,NA,NA,0,NA,11,23,0.478,0.6,206,3.8%,0.95,0,NA,NA,NA,NA,NA,0.049,0,195,NA,NA,11.5,0.0,0.0,11.5,NA,-0.6,0.4,38.6,0%,7.6
2025,6853,Van Jefferson,WR,29.4,TEN,88,89,91,70,55.5,41,17,16,7,1002,583,0,0.0%,0,0,0,0,0,0,0.00,0,0,0,0,0.00,0.00,29,267,1,16,1,52,83,350,12.1,6.7,0,0,0,350,0,0,0,0,58.2%,NA,NA,NA,0,NA,17,52,0.327,1.1,357,9.1%,0.98,0,NA,NA,NA,NA,NA,0.045,0,350,NA,NA,21.9,0.0,0.0,21.9,NA,-26.0,0.4,69.1,0%,10.3
2025,8177,Grant Calcaterra,TE,27.0,PHI,75,74,72,22.6,18.1,13.6,15,15,6,881,352,0,0.0%,0,0,0,0,0,0,0.00,0,0,0,0,0.00,0.00,9,45,0,3,1,13,31,76,8.4,5.9,0,0,0,76,0,0,0,0,40.0%,NA,NA,NA,0,NA,4,13,0.308,0.3,89,NA,0.85,0,NA,NA,NA,NA,NA,0.034,0,76,NA,NA,5.1,0.0,0.0,5.1,NA,-5.0,-0.4,28.9,0%,5.5
2025,5096,Ray-Ray McCloud,WR,29.2,ATL,169,172,172,13.9,10.4,6.9,10,6,2,403,211,0,0.0%,0,0,0,0,0,0,0.00,0,0,0,0,0.00,0.00,7,23,1,4,0,15,46,69,9.9,4.6,0,0,0,69,0,0,0,0,52.4%,NA,NA,NA,0,NA,4,15,0.267,0.7,125,NA,0.55,0,NA,NA,NA,NA,NA,0.032,0,69,NA,NA,11.5,0.0,0.0,11.5,NA,-0.7,-3.5,42.7,0%,4.5
2025,12699,LaJohntay Wester,WR,23.7,BAL,1238,1237,1237,-2,-2,-2,17,12,0,963,49,2,0.0%,0,0,0,0,0,0,0.00,0,0,0,0,0.00,0.00,0,0,0,0,0,0,0,0,0.0,0.0,0,0,0,0,0,0,0,0,5.1%,NA,NA,NA,0,NA,0,0,NA,0.0,11,NA,0.00,0,NA,NA,NA,NA,NA,0.000,0,0,NA,NA,0.0,0.0,0.0,0.0,NA,-15.8,-0.3,1.3,0%,0.0
2025,10216,Kenny McIntosh,RB,25.8,SEA,615,615,615,0,0,0,17,0,0,0,0,0,0.0%,0,0,0,0,0,0,0.00,0,0,0,0,0.00,0.00,0,0,0,0,0,0,0,0,0.0,0.0,0,0,0,0,0,0,0,0,0,0,NA,NA,0,NA,0,0,NA,NA,NA,NA,NA,0,NA,NA,NA,NA,NA,NA,0,0,NA,NA,NA,NA,NA,NA,#N/A,-10.1,0.0,0.0,NA,NA
2025,3161,Carson Wentz,QB,32.9,MIN,39,39,39,75.34,75.34,75.34,17,5,5,422,300,3,65.1%,654,169,110,52,59,5,85.81,1273,19,6,1216,7.20,11.05,0,0,0,0,0,0,0,0,0.0,0.0,11,1,3,57,0,0,57,5.18,71.1%,NA,NA,NA,3,NA,61,180,0.339,12.2,NA,NA,NA,58,34.3%,2.71,10.1%,33.0%,7.8,NA,197,1273,0.2%,-0.01,254.6,243.2,11.4,0.0,NA,-33.7,-1.9,84.8,20%,17.8
2025,5973,Josh Oliver,TE,28.7,MIN,49,48,43,55,47.5,40,15,15,7,807,369,0,0.0%,0,0,0,0,0,0,0.00,0,0,0,0,0.00,0.00,15,58,0,5,4,19,102,160,10.7,8.4,0,0,0,160,0,0,0,0,45.7%,NA,NA,NA,0,NA,9,19,0.474,0.6,117,3.9%,1.37,0,NA,NA,NA,NA,NA,0.043,0,160,NA,NA,10.7,0.0,0.0,10.7,NA,8.2,1.0,42.1,13%,12.0
2025,11574,Dylan Laube,RB,26.0,LV,121,123,131,3.7,2.2,0.7,17,5,0,931,27,1,0.0%,0,0,0,0,0,0,0.00,9,0,0,0,0.00,0.00,3,-6,0,1,0,4,24,18,6.0,4.5,7,0,0,27,0,5,9,1.29,2.9%,2,0.69,0.286,0,0.354,1,11,0.091,0.2,NA,0.8%,NA,0,NA,NA,NA,NA,NA,NA,0,27,NA,NA,5.4,0.0,1.8,3.6,-17.0,5.3,-0.7,11.2,0%,1.8
2025,12775,Max Brosmer,QB,24.7,MIN,61,61,61,8.22,8.22,8.22,15,0,2,831,154,2,66.2%,79,71,47,18,24,4,53.02,339,14,0,328,4.62,6.98,0,0,0,0,0,0,0,0,0.0,0.0,7,0,1,11,0,0,11,1.57,18.5%,NA,NA,NA,1,NA,19,78,0.244,NA,NA,NA,NA,18,25.4%,0.00,0.0%,0.0%,0.0,NA,0,339,#N/A,#N/A,NA,NA,NA,NA,NA,3.8,0.0,0.0,#N/A,#N/A
2025,5917,Mecole Hardman,WR,27.7,FA,1236,1235,1235,-2,-2,-2,10,1,0,106,4,1,0.0%,0,0,0,0,0,0,0.00,0,0,0,0,0.00,0.00,0,0,0,0,0,1,0,0,0.0,0.0,0,0,0,0,0,0,0,0,3.8%,NA,NA,NA,0,NA,0,1,0.000,0.0,2,NA,0.00,0,NA,NA,NA,NA,NA,0.000,0,0,NA,NA,0.0,0.0,0.0,0.0,NA,17.1,-2.5,0.5,NA,NA
2025,10234,Derius Davis,WR,25.2,LAC,217,218,1234,1.5,0.5,-0.5,11,8,0,685,37,1,0.0%,0,0,0,0,0,0,0.00,5,0,0,0,0.00,0.00,2,2,0,0,0,3,8,10,5.0,3.3,2,0,0,15,0,0,5,2.5,5.4%,NA,NA,NA,0,NA,0,5,0.000,0.0,46,NA,0.22,0,NA,NA,NA,NA,NA,0.000,0,15,NA,NA,1.9,0.0,0.6,1.3,NA,27.8,-0.7,11.0,0%,1.1
2025,4171,Josh Reynolds,WR,30.8,NYJ,149,150,156,23.1,17.6,12.1,15,5,3,327,273,0,0.0%,0,0,0,0,0,0,0.00,0,0,0,0,0.00,0.00,11,87,0,4,0,21,14,101,9.2,4.8,0,0,0,101,0,0,0,0,83.5%,NA,NA,NA,0,NA,4,21,0.190,0.8,122,NA,0.83,0,NA,NA,NA,NA,NA,0.033,0,101,NA,NA,20.2,0.0,0.0,20.2,NA,-19.2,-0.8,27.3,0%,6.4
2025,4351,Tim Patrick,WR,32.0,JAX,108,105,100,51.7,44.2,36.7,16,16,3,1009,314,0,0.0%,0,0,0,0,0,0,0.00,0,0,0,0,0.00,0.00,15,133,2,7,3,24,54,187,12.5,7.8,0,0,0,187,0,0,0,0,31.1%,NA,NA,NA,0,NA,10,24,0.417,0.6,156,4.3%,1.20,0,NA,NA,NA,NA,NA,0.045,0,187,NA,NA,11.7,0.0,0.0,11.7,NA,4.3,2.1,29.8,6%,13.1
2025,6850,Harrison Bryant,TE,27.6,HOU,111,112,114,2.7,1.7,0.7,17,12,4,754,157,0,0.0%,0,0,0,0,0,0,0.00,0,0,0,0,0.00,0.00,2,7,1,1,0,6,0,7,3.5,1.2,0,0,0,7,0,0,0,0,20.8%,NA,NA,NA,0,NA,1,6,0.167,0.1,46,NA,0.15,0,NA,NA,NA,NA,NA,0.022,0,7,NA,NA,0.6,0.0,0.0,0.6,NA,-5.4,-0.9,10.9,0%,0.9
2025,11621,Brenden Rice,WR,23.7,FA,1225,1225,1223,0,0,0,8,0,0,0,0,0,0.0%,0,0,0,0,0,0,0.00,0,0,0,0,0.00,0.00,0,0,0,0,0,0,0,0,0.0,0.0,0,0,0,0,0,0,0,0,0,NA,NA,NA,0,NA,0,0,NA,NA,0,NA,NA,0,NA,NA,NA,NA,NA,NA,0,0,NA,NA,NA,NA,NA,NA,NA,33.1,0.0,0.0,NA,NA
2025,11729,Sione Vaki,RB,24.4,DET,135,135,135,0.4,0.4,0.4,11,1,0,656,1,0,0.0%,0,0,0,0,0,0,0.00,4,0,0,0,0.00,0.00,0,0,0,0,0,0,0,0,0.0,0.0,1,0,0,4,0,1,4,4,0.2%,1,1.10,1.000,0,1.110,0,1,0.000,0.0,NA,NA,NA,0,NA,NA,NA,NA,NA,NA,0,4,NA,NA,4.0,0.0,4.0,0.0,#N/A,-24.4,-0.3,3.0,NA,NA
2025,5985,Foster Moreau,TE,28.6,NO,87,88,89,12.9,9.4,5.9,17,11,9,716,253,0,0.0%,0,0,0,0,0,0,0.00,0,0,0,0,0.00,0.00,7,15,2,2,0,10,44,59,8.4,5.9,0,0,0,59,0,0,0,0,35.3%,NA,NA,NA,0,NA,2,10,0.200,0.2,70,NA,0.84,0,NA,NA,NA,NA,NA,0.029,0,59,NA,NA,5.4,0.0,0.0,5.4,NA,8.7,-0.7,23.2,0%,3.2
2025,3634,Kalif Raymond,WR,31.3,DET,94,93,88,66.8,54.8,42.8,15,15,3,901,344,0,0.0%,0,0,0,0,0,0,0.00,19,0,0,0,0.00,0.00,24,132,0,13,1,30,157,289,12.0,9.6,2,0,1,308,0,0,19,9.5,38.2%,NA,NA,NA,1,NA,15,32,0.469,1.0,213,5.2%,1.36,0,NA,NA,NA,NA,NA,0.061,0,308,NA,NA,20.5,0.0,1.3,19.3,NA,12.9,1.1,47.7,7%,11.8
2025,5987,Alexander Mattison,RB,27.5,MIA,578,578,578,0,0,0,17,0,0,0,0,0,0.0%,0,0,0,0,0,0,0.00,0,0,0,0,0.00,0.00,0,0,0,0,0,0,0,0,0.0,0.0,0,0,0,0,0,0,0,0,0,0,NA,NA,0,NA,0,0,NA,NA,NA,NA,NA,0,NA,NA,NA,NA,NA,NA,0,0,NA,NA,NA,NA,NA,NA,#N/A,12.3,0.0,0.0,NA,NA
2025,12494,Kyle McCord,QB,23.2,PHI,312,312,312,0,0,0,17,0,0,0,0,0,0.0%,0,0,0,0,0,0,0.00,0,0,0,0,0.00,0.00,0,0,0,0,0,0,0,0,0.0,0.0,0,0,0,0,0,0,0,0,0,NA,NA,NA,0,NA,0,0,NA,NA,NA,NA,NA,0,NA,0.00,0.0%,0.0%,0.0,NA,0,0,#N/A,#N/A,NA,NA,NA,NA,NA,-24.8,0.0,0.0,NA,NA
2025,5955,Hunter Renfrow,WR,30.0,CAR,127,127,129,35.9,28.4,20.9,6,6,2,413,210,0,0.0%,0,0,0,0,0,0,0.00,0,0,0,0,0.00,0.00,15,65,0,6,2,26,24,89,5.9,3.4,0,0,0,89,0,0,0,0,50.8%,NA,NA,NA,0,NA,8,26,0.308,1.3,142,5.0%,0.63,0,NA,NA,NA,NA,NA,0.042,0,89,NA,NA,14.8,0.0,0.0,14.8,NA,19.0,-0.9,45.8,17%,10.0
2025,8118,David Bell,WR,25.0,CLE,1138,1137,1136,0,0,0,6,0,0,0,0,0,0.0%,0,0,0,0,0,0,0.00,0,0,0,0,0.00,0.00,0,0,0,0,0,0,0,0,0.0,0.0,0,0,0,0,0,0,0,0,0,NA,NA,NA,0,NA,0,0,NA,NA,0,NA,NA,0,NA,NA,NA,NA,NA,NA,0,0,NA,NA,NA,NA,NA,NA,NA,-18.2,0.0,0.0,NA,NA
2025,7593,Trey Sermon,RB,26.8,PIT,571,571,571,0,0,0,16,0,0,169,1,0,0.0%,0,0,0,0,0,0,0.00,0,0,0,0,0.00,0.00,0,0,0,0,0,0,0,0,0.0,0.0,0,0,0,0,0,0,0,0,0.6%,0,NA,NA,0,NA,0,0,NA,NA,NA,NA,NA,0,NA,NA,NA,NA,NA,NA,0,0,NA,NA,NA,NA,NA,NA,#N/A,-19.4,-0.1,0.1,NA,NA
2025,12715,Thomas Fidone,TE,23.2,NYG,562,562,561,0,0,0,13,2,0,470,14,0,0.0%,0,0,0,0,0,0,0.00,0,0,0,0,0.00,0.00,0,0,0,0,0,0,0,0,0.0,0.0,0,0,0,0,0,0,0,0,3.0%,NA,NA,NA,0,NA,0,0,NA,0.0,0,NA,NA,0,NA,NA,NA,NA,NA,NA,0,0,NA,NA,0.0,0.0,0.0,0.0,NA,-0.4,0.0,0.0,NA,NA
2025,6144,Trayveon Williams,RB,28.1,FA,94,95,98,17.1,13.1,9.1,11,5,0,363,69,0,0.0%,0,0,0,0,0,0,0.00,36,0,0,0,0.00,0.00,8,-28,0,2,0,9,83,55,6.9,6.1,10,0,3,91,0,35,36,3.6,19.0%,2,3.45,0.200,3,0.545,5,19,0.263,1.0,NA,1.6%,NA,0,NA,NA,NA,NA,NA,NA,0,91,NA,NA,18.2,0.0,7.2,11.0,-7.0,-16.6,0.5,12.8,0%,#N/A
2025,2197,Brandin Cooks,WR,32.2,NO,107,113,120,51.9,39.9,27.9,15,15,5,979,537,0,0.0%,0,0,0,0,0,0,0.00,0,0,0,0,0.00,0.00,24,236,3,14,0,36,43,279,11.6,7.8,0,0,0,279,0,0,0,0,54.9%,NA,NA,NA,0,NA,14,36,0.389,0.9,330,7.3%,0.85,0,NA,NA,NA,NA,NA,0.042,0,279,NA,NA,18.6,0.0,0.0,18.6,NA,4.2,-0.4,58.4,7%,8.4
2025,6847,Devin Duvernay,WR,28.2,CHI,197,196,196,4.6,3.6,2.6,17,6,0,1099,40,0,0.0%,0,0,0,0,0,0,0.00,0,0,0,0,0.00,0.00,2,26,0,1,0,5,0,26,13.0,5.2,0,0,0,26,0,0,0,0,3.6%,NA,NA,NA,0,NA,1,5,0.200,0.2,25,NA,1.04,0,NA,NA,NA,NA,NA,0.040,0,26,NA,NA,4.3,0.0,0.0,4.3,NA,14.6,-0.1,7.0,0%,1.5
2025,7757,Ben Skowronek,WR,28.4,PIT,159,154,151,17.9,15.9,13.9,17,13,3,956,151,0,0.0%,0,0,0,0,0,0,0.00,0,0,0,0,0.00,0.00,4,46,0,3,1,6,23,69,17.3,11.5,0,0,0,69,0,0,0,0,15.8%,NA,NA,NA,0,NA,4,6,0.667,0.3,31,NA,2.23,0,NA,NA,NA,NA,NA,0.097,0,69,NA,NA,5.3,0.0,0.0,5.3,NA,-64.6,0.0,10.4,0%,#N/A
2025,11605,Jaheim Bell,TE,24.5,FA,570,570,570,0,0,0,2,0,0,0,0,0,0.0%,0,0,0,0,0,0,0.00,0,0,0,0,0.00,0.00,0,0,0,0,0,0,0,0,0.0,0.0,0,0,0,0,0,0,0,0,0,NA,NA,NA,0,NA,0,0,NA,NA,0,NA,NA,0,NA,NA,NA,NA,NA,NA,0,0,NA,NA,NA,NA,NA,NA,NA,31.6,0.0,0.0,#N/A,#N/A
2025,3202,Austin Hooper,TE,31.1,NE,47,46,46,59.3,48.8,38.3,16,16,6,968,488,0,0.0%,0,0,0,0,0,0,0.00,0,0,0,0,0.00,0.00,21,177,0,11,2,26,86,263,12.5,10.1,0,0,0,263,0,0,0,0,50.4%,NA,NA,NA,0,NA,13,26,0.500,0.8,176,5.2%,1.49,0,NA,NA,NA,NA,NA,0.063,0,263,NA,NA,16.4,0.0,0.0,16.4,NA,14.2,0.9,41.4,0%,8.4
2025,10223,Eric Gray,RB,26.1,NYG,614,614,614,0,0,0,17,2,0,325,3,0,0.0%,0,0,0,0,0,0,0.00,0,0,0,0,0.00,0.00,0,0,0,0,0,0,0,0,0.0,0.0,0,0,0,0,0,0,0,0,0.9%,0,NA,NA,0,NA,0,0,NA,0.0,NA,NA,NA,0,NA,NA,NA,NA,NA,NA,0,0,NA,NA,0.0,0.0,0.0,0.0,#N/A,-57.5,-0.1,0.4,NA,NA
2025,6798,Jalen Reagor,WR,26.9,FA,1156,1155,1154,0,0,0,2,0,0,0,0,0,0.0%,0,0,0,0,0,0,0.00,0,0,0,0,0.00,0.00,0,0,0,0,0,0,0,0,0.0,0.0,0,0,0,0,0,0,0,0,0,NA,NA,NA,0,NA,0,0,NA,NA,0,NA,NA,0,NA,NA,NA,NA,NA,NA,0,0,NA,NA,NA,NA,NA,NA,NA,-11.5,0.0,0.0,#N/A,#N/A
2025,6012,Travis Homer,RB,27.3,CHI,616,616,616,-0.2,-0.2,-0.2,15,2,0,642,6,0,0.0%,0,0,0,0,0,0,0.00,-2,0,0,0,0.00,0.00,0,0,0,0,0,0,0,0,0.0,0.0,1,0,0,-2,0,0,-2,-2,0.9%,0,0.00,0.000,0,0.000,0,1,0.000,0.0,NA,NA,NA,0,NA,NA,NA,NA,NA,NA,0,-2,NA,NA,-1.0,0.0,-1.0,0.0,#N/A,13.2,-0.8,5.2,NA,NA
2025,5185,Allen Lazard,WR,30.0,NYJ,150,149,155,23,18,13,11,10,2,634,235,0,0.0%,0,0,0,0,0,0,0.00,0,0,0,0,0.00,0.00,10,37,1,3,1,18,33,70,7.0,3.9,0,0,0,70,0,0,0,0,37.1%,NA,NA,NA,0,NA,4,18,0.222,0.4,141,NA,0.50,0,NA,NA,NA,NA,NA,0.021,0,70,NA,NA,7.0,0.0,0.0,7.0,NA,11.0,-1.1,34.0,0%,5.0
2025,6427,Ashton Dulin,WR,28.6,IND,154,152,149,20,17.5,15,16,11,2,703,139,0,0.0%,0,0,0,0,0,0,0.00,44,0,0,0,0.00,0.00,5,53,0,4,0,10,53,106,21.2,10.6,3,0,2,150,0,0,44,14.67,19.8%,NA,NA,NA,2,NA,6,13,0.462,0.5,72,NA,1.47,0,NA,NA,NA,NA,NA,0.056,0,150,NA,NA,13.6,0.0,4.0,9.6,NA,-11.0,0.4,10.8,0%,5.4
2025,6001,Drew Sample,TE,29.6,CIN,64,65,68,31.9,24.4,16.9,17,14,12,1043,546,0,0.0%,0,0,0,0,0,0,0.00,3,0,0,0,0.00,0.00,15,-3,0,4,1,20,109,106,7.1,5.3,1,0,0,109,0,0,3,3,52.3%,NA,0.00,NA,0,NA,5,21,0.238,0.4,159,3.1%,0.67,0,NA,NA,NA,NA,NA,0.025,0,109,NA,NA,7.8,0.0,0.2,7.6,NA,-23.3,0.0,23.6,0%,#N/A
2025,8219,Jelani Woods,TE,27.2,NYJ,107,104,101,3.4,2.9,2.4,5,3,1,336,60,0,0.0%,0,0,0,0,0,0,0.00,0,0,0,0,0.00,0.00,1,3,0,0,0,3,1,4,4.0,1.3,0,0,0,4,0,0,0,0,17.9%,NA,NA,NA,0,NA,0,3,0.000,0.0,4,NA,1.00,0,NA,NA,NA,NA,NA,0.000,0,4,NA,NA,1.3,0.0,0.0,1.3,NA,19.3,0.0,1.2,0%,NA
2025,10857,Stetson Bennett,QB,28.1,LAR,319,319,319,0,0,0,1,0,0,80,0,0,0.0%,0,0,0,0,0,0,0.00,0,0,0,0,0.00,0.00,0,0,0,0,0,0,0,0,0.0,0.0,0,0,0,0,0,0,0,0,0.0%,NA,NA,NA,0,NA,0,0,NA,NA,NA,NA,NA,0,NA,0.00,0.0%,0.0%,0.0,NA,0,0,#N/A,#N/A,NA,NA,NA,NA,NA,23.3,0.0,0.0,NA,NA
2025,9495,Rakim Jarrett,WR,24.9,FA,1124,1123,1122,0,0,0,1,0,0,0,0,0,0.0%,0,0,0,0,0,0,0.00,0,0,0,0,0.00,0.00,0,0,0,0,0,0,0,0,0.0,0.0,0,0,0,0,0,0,0,0,0,NA,NA,NA,0,NA,0,0,NA,NA,0,NA,NA,0,NA,NA,NA,NA,NA,NA,0,0,NA,NA,NA,NA,NA,NA,NA,13.8,0.0,0.0,NA,NA
2025,8220,Sincere McCormick,RB,25.2,SF,566,566,566,0,0,0,15,0,0,0,0,0,0.0%,0,0,0,0,0,0,0.00,0,0,0,0,0.00,0.00,0,0,0,0,0,0,0,0,0.0,0.0,0,0,0,0,0,0,0,0,0,0,NA,NA,0,NA,0,0,NA,NA,NA,NA,NA,0,NA,NA,NA,NA,NA,NA,0,0,NA,NA,NA,NA,NA,NA,#N/A,28.4,0.0,0.0,NA,NA
2025,11716,Tip Reiman,TE,24.2,ARI,102,102,105,4.8,3.3,1.8,16,4,3,321,98,0,0.0%,0,0,0,0,0,0,0.00,0,0,0,0,0.00,0.00,3,11,0,1,0,5,7,18,6.0,3.6,0,0,0,18,0,0,0,0,30.5%,NA,NA,NA,0,NA,1,5,0.200,0.3,21,NA,0.86,0,NA,NA,NA,NA,NA,0.048,0,18,NA,NA,4.5,0.0,0.0,4.5,NA,14.9,-0.5,6.7,0%,NA
2025,1837,Jimmy Garoppolo,QB,34.1,LAR,326,326,326,-1,-1,-1,17,3,0,1060,15,0,0.0%,0,0,0,0,0,0,0.00,-10,0,0,0,0.00,0.00,0,0,0,0,0,0,0,0,0.0,0.0,9,0,0,-10,0,0,-10,-1.11,1.4%,NA,NA,NA,0,NA,0,9,0.000,0.0,NA,NA,NA,0,NA,0.00,0.0%,0.0%,0.0,NA,0,-10,#N/A,#N/A,-3.3,0.0,-3.3,0.0,NA,25.1,0.0,0.0,0%,NA
2025,8116,Pierre Strong Jr.,RB,27.0,GB,568,568,568,0,0,0,14,0,0,66,0,0,0.0%,0,0,0,0,0,0,0.00,0,0,0,0,0.00,0.00,0,0,0,0,0,0,0,0,0.0,0.0,0,0,0,0,0,0,0,0,0.0%,0,NA,NA,0,NA,0,0,NA,NA,NA,NA,NA,0,NA,NA,NA,NA,NA,NA,0,0,NA,NA,NA,NA,NA,NA,#N/A,-24.8,0.0,0.0,NA,NA
2025,9998,Hendon Hooker,QB,27.9,CAR,286,286,286,0,0,0,12,0,0,122,0,0,0.0%,0,0,0,0,0,0,0.00,0,0,0,0,0.00,0.00,0,0,0,0,0,0,0,0,0.0,0.0,0,0,0,0,0,0,0,0,0.0%,NA,NA,NA,0,NA,0,0,NA,NA,NA,NA,NA,0,NA,0.00,0.0%,0.0%,0.0,NA,0,0,#N/A,#N/A,NA,NA,NA,NA,NA,0.1,0.0,0.0,#N/A,#N/A
2025,8253,Deven Thompkins,WR,26.0,ATL,189,190,190,6.2,4.7,3.2,14,4,0,404,17,0,0.0%,0,0,0,0,0,0,0.00,5,0,0,0,0.00,0.00,3,7,0,1,0,3,20,27,9.0,9.0,1,0,0,32,0,0,5,5,4.2%,NA,NA,NA,0,NA,1,4,0.250,0.3,8,NA,3.38,0,NA,NA,NA,NA,NA,0.125,0,32,NA,NA,8.0,0.0,1.3,6.8,NA,-14.1,0.0,4.3,#N/A,#N/A
2025,9489,Justin Shorter,WR,25.6,LV,1127,1126,1125,0,0,0,17,2,0,415,5,0,0.0%,0,0,0,0,0,0,0.00,0,0,0,0,0.00,0.00,0,0,0,0,0,0,0,0,0.0,0.0,0,0,0,0,0,0,0,0,1.2%,NA,NA,NA,0,NA,0,0,NA,0.0,0,NA,NA,0,NA,NA,NA,NA,NA,NA,0,0,NA,NA,0.0,0.0,0.0,0.0,NA,-34.7,0.0,0.0,NA,NA
2025,5086,Marquez Valdes-Scantling,WR,31.2,SF,131,134,141,32,25,18,15,10,0,625,276,1,0.0%,0,0,0,0,0,0,0.00,0,0,0,0,0.00,0.00,14,92,0,5,1,29,28,120,8.6,4.1,0,0,0,120,0,0,0,0,44.2%,NA,NA,NA,0,NA,6,29,0.207,0.6,229,5.3%,0.52,0,NA,NA,NA,NA,NA,0.022,0,120,NA,NA,12.0,0.0,0.0,12.0,NA,42.7,0.2,29.7,0%,7.5
2025,7602,Kylen Granson,TE,27.7,PHI,92,92,95,11,7.5,4,17,17,3,988,195,0,0.0%,0,0,0,0,0,0,0.00,0,0,0,0,0.00,0.00,7,27,1,3,0,9,13,40,5.7,4.4,0,0,0,40,0,0,0,0,19.7%,NA,NA,NA,0,NA,3,9,0.333,0.2,86,NA,0.47,0,NA,NA,NA,NA,NA,0.035,0,40,NA,NA,2.4,0.0,0.0,2.4,NA,13.9,-0.2,15.1,0%,3.3
2025,10221,Ronnie Bell,WR,25.9,DET,179,176,171,10.3,9.3,8.3,16,0,0,54,2,0,0.0%,0,0,0,0,0,0,0.00,0,0,0,0,0.00,0.00,2,22,0,0,1,4,1,23,11.5,5.8,0,0,0,23,0,0,0,0,3.7%,NA,NA,NA,0,NA,1,4,0.250,NA,0,NA,NA,0,NA,NA,NA,NA,NA,NA,0,23,NA,NA,NA,NA,NA,NA,NA,-25.0,0.0,0.0,#N/A,#N/A
2025,1234,Russell Wilson,QB,37.0,NYG,44,44,44,52.84,52.84,52.84,12,6,3,829,220,3,5798.0%,455,119,69,29,50,3,77.40,937,10,3,831,6.98,12.04,0,0,0,0,0,0,0,0,0.0,0.0,18,0,6,106,0,0,106,5.89,26.5%,NA,NA,NA,6,NA,38,137,0.277,6.3,NA,NA,NA,32,26.9%,2.73,15.1%,40.4%,9.1,NA,141,937,-3.9%,-0.18,156.2,138.5,17.7,0.0,NA,11.0,-2.3,56.3,17%,16.5
2025,4663,Austin Ekeler,RB,30.6,WAS,97,98,103,13.1,10.6,8.1,17,0,2,139,69,0,0.0%,0,0,0,0,0,0,0.00,43,0,0,0,0.00,0.00,5,-11,0,2,0,7,49,38,7.6,5.4,14,0,3,81,0,0,43,3.07,49.6%,0,0.00,0.000,3,0.000,5,21,0.238,NA,NA,1.5%,NA,0,NA,NA,NA,NA,NA,NA,0,81,NA,NA,NA,NA,NA,NA,-9.0,-1.7,0.0,0.0,NA,NA
2025,5113,Cedrick Wilson,WR,30.0,NO,181,180,183,9.4,6.9,4.4,13,0,5,531,170,0,0.0%,0,0,0,0,0,0,0.00,0,0,0,0,0.00,0.00,5,19,0,3,0,9,25,44,8.8,4.9,0,0,0,44,0,0,0,0,32.0%,NA,NA,NA,0,NA,3,9,0.333,NA,0,NA,NA,0,NA,NA,NA,NA,NA,NA,0,44,NA,NA,NA,NA,NA,NA,NA,36.3,0.0,0.0,#N/A,#N/A
2025,6659,Craig Reynolds,RB,29.5,DET,134,134,134,0.4,0.4,0.4,12,1,0,440,4,0,0.0%,0,0,0,0,0,0,0.00,4,0,0,0,0.00,0.00,0,0,0,0,0,0,0,0,0.0,0.0,3,0,0,4,0,0,4,1.33,0.9%,0,0.00,0.000,0,0.000,0,3,0.000,0.0,NA,NA,NA,0,NA,NA,NA,NA,NA,NA,0,4,NA,NA,4.0,0.0,4.0,0.0,#N/A,-21.6,-0.5,5.1,NA,NA
,,,,,,,,,,,,,,,,,,,,,,,,,,,,,,,,,,,,,,,,,,,,,,,,,,0,NA,NA,NA,0,NA,0,0,NA,NA,,NA,NA,0,NA,,,,,NA,,0,NA,NA,NA,NA,NA,NA,NA,6.4,0.0,0.0,#N/A,#N/A