SZN,SLPR_ID,NM,POS,AGE,TM,PRK_PPR,PRK_0.5P,PRK_STD,FPT_PPR,FPTS_0.5,FPTS_STD,GM_ACTV,GM_P,GM,TM_SNP,SNP,FUM,CMP%,paAY,paATT,CMP,pa1D,INC,INT,paRTG,pa.ruYDS,SAC,paTD,paYDS,paYPA,paYPC,REC,recAY,DRP,rec1D,recTD,TGT,YAC,recYDS,YPR,YPT,CAR,BTKL,ru1D,ru.recYDS,ruTD,YCO,ruYDS,YPC,SNP%,MTF,YCO/A,MTF/A,ruIMP,ELU,IMP,OPP,IMP/OPP,IMP/G,RR,TS%,YPRR,pIMP,pIMP/A,TTT,DP%,PRS%,AYA,1DRR,DB,YDS(t),CPOE,EPA/DB,YPG(t),paYPG,ruYPG,recYPG,RYOE,FPOE(t),FPOE,PROJ,CSTY%,CL
2025,4984,Josh Allen,QB,29.6,BUF,1,PLACEHOLDER,PLACEHOLDER,1,PLACEHOLDER,PLACEHOLDER,PLACEHOLDER,PLACEHOLDER,PLACEHOLDER,PLACEHOLDER,PLACEHOLDER,PLACEHOLDER,6,15,16,13,9,35,34,6,8,42,9,11,5,15,NA,NA,NA,NA,NA,NA,NA,NA,4,3,1,1,2,1,1,NA,1,1,9,NA,NA,NA,1,NA,NA,NA,5,10,NA,NA,NA,9,7,6,26,38,42,NA,16,8,16,9,14,21,5,3,NA,1,18,1,5,1
2025,9488,Jaxon Smith-Njigba,WR,23.8,SEA,2,PLACEHOLDER,PLACEHOLDER,2,PLACEHOLDER,PLACEHOLDER,PLACEHOLDER,PLACEHOLDER,PLACEHOLDER,PLACEHOLDER,PLACEHOLDER,PLACEHOLDER,NA,NA,NA,NA,NA,NA,NA,NA,NA,NA,NA,NA,NA,NA,3,1,128,2,4,4,5,1,17,5,16,NA,12,1,14,NA,18,NA,38,NA,NA,NA,NA,NA,2,4,19,2,22,1,2,NA,NA,NA,NA,NA,NA,3,NA,1,NA,NA,2,3,14,2,NA,11,41,1,1,5
2025,7564,Ja'Marr Chase,WR,25.8,CIN,4,PLACEHOLDER,PLACEHOLDER,4,PLACEHOLDER,PLACEHOLDER,PLACEHOLDER,PLACEHOLDER,PLACEHOLDER,PLACEHOLDER,PLACEHOLDER,PLACEHOLDER,NA,NA,NA,NA,NA,NA,NA,NA,NA,NA,NA,NA,NA,NA,2,9,117,3,9,1,2,4,91,55,36,NA,43,4,14,NA,38,NA,3,NA,NA,NA,NA,NA,3,1,61,3,1,4,15,NA,NA,NA,NA,NA,NA,10,NA,4,NA,NA,3,3,24,3,NA,11,18,4,7,3
2025,9221,Jahmyr Gibbs,RB,23.7,DET,3,PLACEHOLDER,PLACEHOLDER,3,PLACEHOLDER,PLACEHOLDER,PLACEHOLDER,PLACEHOLDER,PLACEHOLDER,PLACEHOLDER,PLACEHOLDER,PLACEHOLDER,NA,NA,NA,NA,NA,NA,NA,NA,NA,NA,NA,NA,NA,NA,3,20,73,3,3,3,3,3,19,11,11,11,15,5,3,18,7,8,10,7,33,12,10,20,5,6,21,5,NA,4,NA,NA,NA,NA,NA,NA,NA,NA,NA,5,NA,NA,6,2,9,3,6,6,42,2,7,1
2025,11564,Drake Maye,QB,23.3,NE,2,PLACEHOLDER,PLACEHOLDER,2,PLACEHOLDER,PLACEHOLDER,PLACEHOLDER,PLACEHOLDER,PLACEHOLDER,PLACEHOLDER,PLACEHOLDER,PLACEHOLDER,3,2,12,5,4,34,27,1,1,45,3,4,1,3,NA,NA,NA,NA,NA,NA,NA,NA,3,2,3,21,1,4,8,NA,4,2,14,NA,NA,NA,4,NA,NA,NA,2,4,NA,NA,NA,4,2,41,23,12,6,NA,10,1,1,1,3,5,10,2,NA,1,11,3,2,9
2025,9509,Bijan Robinson,RB,23.8,ATL,2,PLACEHOLDER,PLACEHOLDER,2,PLACEHOLDER,PLACEHOLDER,PLACEHOLDER,PLACEHOLDER,PLACEHOLDER,PLACEHOLDER,PLACEHOLDER,PLACEHOLDER,NA,NA,NA,NA,NA,NA,NA,NA,NA,NA,NA,NA,NA,NA,2,72,73,2,7,2,1,2,2,2,5,4,5,1,17,3,4,4,4,2,4,6,7,5,3,2,22,3,NA,2,NA,NA,NA,NA,NA,NA,NA,NA,NA,1,NA,NA,1,2,4,2,3,6,9,3,3,4
2025,9493,Puka Nacua,WR,24.5,LAR,1,PLACEHOLDER,PLACEHOLDER,1,PLACEHOLDER,PLACEHOLDER,PLACEHOLDER,PLACEHOLDER,PLACEHOLDER,PLACEHOLDER,PLACEHOLDER,PLACEHOLDER,NA,NA,NA,NA,NA,NA,NA,NA,NA,NA,NA,NA,NA,NA,1,2,117,1,4,3,1,2,47,10,11,NA,2,2,1,NA,3,NA,55,NA,NA,NA,NA,NA,1,2,16,1,28,6,1,NA,NA,NA,NA,NA,NA,2,NA,2,NA,NA,1,3,1,1,NA,11,4,2,2,1
2025,4881,Lamar Jackson,QB,28.9,BAL,20,PLACEHOLDER,PLACEHOLDER,20,PLACEHOLDER,PLACEHOLDER,PLACEHOLDER,PLACEHOLDER,PLACEHOLDER,PLACEHOLDER,PLACEHOLDER,PLACEHOLDER,30,19,26,28,28,29,22,4,22,39,18,23,3,1,NA,NA,NA,NA,NA,NA,NA,NA,4,3,10,1,9,12,14,NA,12,NA,25,NA,NA,NA,12,NA,NA,NA,12,29,NA,NA,NA,25,13,45,4,16,3,NA,26,22,29,21,24,26,9,3,NA,1,41,15,19,14
2025,11632,Malik Nabers,WR,22.4,NYG,97,PLACEHOLDER,PLACEHOLDER,97,PLACEHOLDER,PLACEHOLDER,PLACEHOLDER,PLACEHOLDER,PLACEHOLDER,PLACEHOLDER,PLACEHOLDER,PLACEHOLDER,NA,NA,NA,NA,NA,NA,NA,NA,NA,NA,NA,NA,NA,NA,106,83,38,109,70,102,116,100,18,49,NA,NA,NA,91,NA,NA,NA,NA,37,NA,NA,NA,NA,NA,107,105,101,30,108,93,19,NA,NA,NA,NA,NA,NA,44,NA,99,NA,NA,12,3,46,12,NA,11,110,89,NA,NA
2025,11604,Brock Bowers,TE,23.0,LV,11,PLACEHOLDER,PLACEHOLDER,11,PLACEHOLDER,PLACEHOLDER,PLACEHOLDER,PLACEHOLDER,PLACEHOLDER,PLACEHOLDER,PLACEHOLDER,PLACEHOLDER,NA,NA,NA,NA,NA,NA,NA,NA,NA,NA,NA,NA,NA,NA,9,12,57,10,5,10,13,10,28,23,NA,NA,8,10,7,NA,8,NA,7,NA,NA,NA,NA,NA,9,9,24,3,14,9,12,NA,NA,NA,NA,NA,NA,18,NA,10,NA,NA,3,1,11,4,NA,6,45,5,3,3
2025,7547,Amon-Ra St. Brown,WR,26.1,DET,3,PLACEHOLDER,PLACEHOLDER,3,PLACEHOLDER,PLACEHOLDER,PLACEHOLDER,PLACEHOLDER,PLACEHOLDER,PLACEHOLDER,PLACEHOLDER,PLACEHOLDER,NA,NA,NA,NA,NA,NA,NA,NA,NA,NA,NA,NA,NA,NA,4,5,152,5,2,2,3,5,75,42,36,NA,24,5,14,NA,51,NA,19,NA,NA,NA,NA,NA,5,3,41,6,7,2,8,NA,NA,NA,NA,NA,NA,9,NA,5,NA,NA,5,3,33,5,NA,11,65,3,3,2
2025,6786,CeeDee Lamb,WR,26.7,DAL,22,PLACEHOLDER,PLACEHOLDER,22,PLACEHOLDER,PLACEHOLDER,PLACEHOLDER,PLACEHOLDER,PLACEHOLDER,PLACEHOLDER,PLACEHOLDER,PLACEHOLDER,NA,NA,NA,NA,NA,NA,NA,NA,NA,NA,NA,NA,NA,NA,16,10,149,17,53,17,18,10,34,18,NA,NA,NA,10,NA,NA,NA,NA,42,NA,NA,NA,NA,NA,23,17,73,18,36,28,9,NA,NA,NA,NA,NA,NA,20,NA,10,NA,NA,6,3,45,6,NA,11,127,6,9,32
2025,11566,Jayden Daniels,QB,25.0,WAS,34,PLACEHOLDER,PLACEHOLDER,34,PLACEHOLDER,PLACEHOLDER,PLACEHOLDER,PLACEHOLDER,PLACEHOLDER,PLACEHOLDER,PLACEHOLDER,PLACEHOLDER,38,35,37,37,36,17,5,29,37,16,34,36,30,20,NA,NA,NA,NA,NA,NA,NA,NA,4,3,12,5,23,14,14,NA,14,NA,27,NA,NA,NA,21,NA,NA,NA,38,28,NA,NA,NA,35,32,26,31,18,28,NA,36,37,35,21,25,33,2,3,NA,1,40,33,1,32
2025,6794,Justin Jefferson,WR,26.5,MIN,21,PLACEHOLDER,PLACEHOLDER,21,PLACEHOLDER,PLACEHOLDER,PLACEHOLDER,PLACEHOLDER,PLACEHOLDER,PLACEHOLDER,PLACEHOLDER,PLACEHOLDER,NA,NA,NA,NA,NA,NA,NA,NA,NA,NA,NA,NA,NA,NA,10,24,100,8,70,6,9,11,62,66,NA,NA,43,11,14,NA,53,NA,1,NA,NA,NA,NA,NA,17,6,93,28,12,3,27,NA,NA,NA,NA,NA,NA,28,NA,11,NA,NA,18,3,38,18,NA,11,121,5,19,40
2025,8130,Trey McBride,TE,26.0,ARI,1,PLACEHOLDER,PLACEHOLDER,1,PLACEHOLDER,PLACEHOLDER,PLACEHOLDER,PLACEHOLDER,PLACEHOLDER,PLACEHOLDER,PLACEHOLDER,PLACEHOLDER,NA,NA,NA,NA,NA,NA,NA,NA,NA,NA,NA,NA,NA,NA,1,1,36,1,1,1,1,1,37,28,NA,NA,NA,1,NA,NA,NA,NA,2,NA,NA,NA,NA,NA,1,1,33,1,1,1,9,NA,NA,NA,NA,NA,NA,16,NA,1,NA,NA,1,1,14,1,NA,6,9,1,1,1
2025,6813,Jonathan Taylor,RB,26.9,IND,4,PLACEHOLDER,PLACEHOLDER,4,PLACEHOLDER,PLACEHOLDER,PLACEHOLDER,PLACEHOLDER,PLACEHOLDER,PLACEHOLDER,PLACEHOLDER,PLACEHOLDER,NA,NA,NA,NA,NA,NA,NA,NA,NA,NA,NA,NA,NA,NA,9,80,73,6,14,9,8,7,15,10,1,1,1,3,1,1,3,9,1,3,6,15,1,8,2,3,17,2,NA,8,NA,NA,NA,NA,NA,NA,NA,NA,NA,3,NA,NA,3,2,3,11,5,6,6,5,3,2
2025,4046,Patrick Mahomes,QB,30.2,KC,11,PLACEHOLDER,PLACEHOLDER,11,PLACEHOLDER,PLACEHOLDER,PLACEHOLDER,PLACEHOLDER,PLACEHOLDER,PLACEHOLDER,PLACEHOLDER,PLACEHOLDER,33,16,10,14,10,47,39,24,12,37,17,12,20,16,NA,NA,NA,NA,NA,NA,NA,NA,44,43,11,5,9,6,5,NA,5,NA,13,NA,NA,NA,8,NA,NA,NA,16,3,NA,NA,NA,11,18,25,11,39,24,NA,11,12,32,8,2,6,7,40,NA,1,13,12,13,7
2025,9226,De'Von Achane,RB,24.2,MIA,5,PLACEHOLDER,PLACEHOLDER,5,PLACEHOLDER,PLACEHOLDER,PLACEHOLDER,PLACEHOLDER,PLACEHOLDER,PLACEHOLDER,PLACEHOLDER,PLACEHOLDER,NA,NA,NA,NA,NA,NA,NA,NA,NA,NA,NA,NA,NA,NA,6,84,79,5,7,5,4,4,31,22,14,4,10,6,12,5,5,1,6,4,1,5,10,3,7,9,24,6,NA,3,NA,NA,NA,NA,NA,NA,NA,NA,NA,6,NA,NA,4,2,5,4,4,6,43,4,1,5
2025,6770,Joe Burrow,QB,29.0,CIN,29,PLACEHOLDER,PLACEHOLDER,29,PLACEHOLDER,PLACEHOLDER,PLACEHOLDER,PLACEHOLDER,PLACEHOLDER,PLACEHOLDER,PLACEHOLDER,PLACEHOLDER,16,31,31,30,30,21,12,8,31,15,24,30,22,31,NA,NA,NA,NA,NA,NA,NA,NA,4,3,42,28,36,37,36,NA,44,NA,28,NA,NA,NA,36,NA,NA,NA,6,9,NA,NA,NA,29,5,29,20,31,31,NA,32,31,14,15,20,15,34,3,NA,1,28,27,15,20
2025,8112,Drake London,WR,24.4,ATL,19,PLACEHOLDER,PLACEHOLDER,19,PLACEHOLDER,PLACEHOLDER,PLACEHOLDER,PLACEHOLDER,PLACEHOLDER,PLACEHOLDER,PLACEHOLDER,PLACEHOLDER,NA,NA,NA,NA,NA,NA,NA,NA,NA,NA,NA,NA,NA,NA,23,16,38,22,11,20,34,21,45,38,NA,NA,NA,22,NA,NA,NA,NA,7,NA,NA,NA,NA,NA,20,22,44,7,50,18,12,NA,NA,NA,NA,NA,NA,12,NA,22,NA,NA,7,3,46,7,NA,11,17,30,13,4
2025,6904,Jalen Hurts,QB,27.3,PHI,8,PLACEHOLDER,PLACEHOLDER,8,PLACEHOLDER,PLACEHOLDER,PLACEHOLDER,PLACEHOLDER,PLACEHOLDER,PLACEHOLDER,PLACEHOLDER,PLACEHOLDER,26,9,17,18,19,40,18,13,13,36,9,16,21,23,NA,NA,NA,NA,NA,NA,NA,NA,4,3,2,9,2,5,4,NA,6,3,11,NA,NA,NA,2,NA,NA,NA,20,17,NA,NA,NA,17,22,42,3,28,8,NA,14,13,10,18,22,24,11,3,NA,1,38,4,9,12
2025,6797,Justin Herbert,QB,27.8,LAC,10,PLACEHOLDER,PLACEHOLDER,10,PLACEHOLDER,PLACEHOLDER,PLACEHOLDER,PLACEHOLDER,PLACEHOLDER,PLACEHOLDER,PLACEHOLDER,PLACEHOLDER,17,8,9,8,11,44,45,16,9,46,7,9,15,24,NA,NA,NA,NA,NA,NA,NA,NA,4,3,5,9,2,2,14,NA,2,NA,12,NA,NA,NA,6,NA,NA,NA,17,11,NA,NA,NA,10,20,39,14,3,22,NA,9,9,8,17,7,12,6,3,NA,1,20,8,21,6
2025,12514,Emeka Egbuka,WR,23.2,TB,23,PLACEHOLDER,PLACEHOLDER,23,PLACEHOLDER,PLACEHOLDER,PLACEHOLDER,PLACEHOLDER,PLACEHOLDER,PLACEHOLDER,PLACEHOLDER,PLACEHOLDER,NA,NA,NA,NA,NA,NA,NA,NA,NA,NA,NA,NA,NA,NA,28,23,151,36,18,9,15,20,21,67,NA,NA,43,20,14,NA,51,NA,34,NA,NA,NA,NA,NA,37,9,122,49,19,11,34,NA,NA,NA,NA,NA,NA,67,NA,20,NA,NA,32,3,33,32,NA,11,83,23,41,14
2025,10229,Rashee Rice,WR,25.6,KC,40,PLACEHOLDER,PLACEHOLDER,40,PLACEHOLDER,PLACEHOLDER,PLACEHOLDER,PLACEHOLDER,PLACEHOLDER,PLACEHOLDER,PLACEHOLDER,PLACEHOLDER,NA,NA,NA,NA,NA,NA,NA,NA,NA,NA,NA,NA,NA,NA,38,102,128,54,32,46,11,50,102,70,26,NA,24,48,1,NA,31,NA,44,NA,NA,NA,NA,NA,44,47,74,8,84,49,16,NA,NA,NA,NA,NA,NA,19,NA,49,NA,NA,10,3,12,10,NA,11,94,42,4,13
2025,12527,Ashton Jeanty,RB,22.0,LV,11,PLACEHOLDER,PLACEHOLDER,11,PLACEHOLDER,PLACEHOLDER,PLACEHOLDER,PLACEHOLDER,PLACEHOLDER,PLACEHOLDER,PLACEHOLDER,PLACEHOLDER,NA,NA,NA,NA,NA,NA,NA,NA,NA,NA,NA,NA,NA,NA,7,91,73,30,3,7,6,10,38,41,7,3,22,16,30,9,18,43,5,5,25,11,25,17,21,5,54,30,NA,6,NA,NA,NA,NA,NA,NA,NA,NA,NA,16,NA,NA,21,2,24,16,40,6,52,10,16,10
2025,12508,Jaxson Dart,QB,22.6,NYG,14,PLACEHOLDER,PLACEHOLDER,14,PLACEHOLDER,PLACEHOLDER,PLACEHOLDER,PLACEHOLDER,PLACEHOLDER,PLACEHOLDER,PLACEHOLDER,PLACEHOLDER,28,28,24,25,29,31,12,19,23,38,25,26,31,30,NA,NA,NA,NA,NA,NA,NA,NA,4,3,4,28,6,3,2,NA,3,NA,29,NA,NA,NA,4,NA,NA,NA,24,31,NA,NA,NA,28,36,19,13,23,20,NA,24,23,27,20,31,37,3,3,NA,1,7,22,7,14
2025,11560,Caleb Williams,QB,24.0,CHI,5,PLACEHOLDER,PLACEHOLDER,5,PLACEHOLDER,PLACEHOLDER,PLACEHOLDER,PLACEHOLDER,PLACEHOLDER,PLACEHOLDER,PLACEHOLDER,PLACEHOLDER,45,7,5,9,7,54,22,23,6,27,6,7,24,7,NA,NA,NA,NA,NA,NA,NA,NA,2,1,8,4,8,7,11,NA,7,NA,4,NA,NA,NA,7,NA,NA,NA,22,14,NA,NA,NA,7,24,48,18,32,13,NA,4,6,38,13,10,13,12,1,NA,1,3,13,10,5
2025,12526,Tetairoa McMillan,WR,22.7,CAR,16,PLACEHOLDER,PLACEHOLDER,16,PLACEHOLDER,PLACEHOLDER,PLACEHOLDER,PLACEHOLDER,PLACEHOLDER,PLACEHOLDER,PLACEHOLDER,PLACEHOLDER,NA,NA,NA,NA,NA,NA,NA,NA,NA,NA,NA,NA,NA,NA,22,12,146,6,11,12,27,13,31,35,NA,NA,NA,14,NA,NA,NA,NA,12,NA,NA,NA,NA,NA,6,13,24,13,14,10,30,NA,NA,NA,NA,NA,NA,22,NA,14,NA,NA,21,3,46,21,NA,11,98,10,41,21
2025,8137,George Pickens,WR,24.8,DAL,5,PLACEHOLDER,PLACEHOLDER,5,PLACEHOLDER,PLACEHOLDER,PLACEHOLDER,PLACEHOLDER,PLACEHOLDER,PLACEHOLDER,PLACEHOLDER,PLACEHOLDER,NA,NA,NA,NA,NA,NA,NA,NA,NA,NA,NA,NA,NA,NA,6,3,117,4,6,8,6,3,12,8,NA,NA,NA,3,NA,NA,NA,NA,23,NA,NA,NA,NA,NA,3,8,5,4,5,13,11,NA,NA,NA,NA,NA,NA,7,NA,3,NA,NA,4,3,46,4,NA,11,14,7,6,6
2025,12507,Omarion Hampton,RB,22.7,LAC,35,PLACEHOLDER,PLACEHOLDER,35,PLACEHOLDER,PLACEHOLDER,PLACEHOLDER,PLACEHOLDER,PLACEHOLDER,PLACEHOLDER,PLACEHOLDER,PLACEHOLDER,NA,NA,NA,NA,NA,NA,NA,NA,NA,NA,NA,NA,NA,NA,28,78,1,41,26,34,28,35,41,29,43,15,40,37,38,38,38,24,12,32,18,10,40,9,38,41,28,13,NA,33,NA,NA,NA,NA,NA,NA,NA,NA,NA,40,NA,NA,16,2,18,13,32,6,13,38,10,20
2025,12518,Tyler Warren,TE,23.5,IND,4,PLACEHOLDER,PLACEHOLDER,4,PLACEHOLDER,PLACEHOLDER,PLACEHOLDER,PLACEHOLDER,PLACEHOLDER,PLACEHOLDER,PLACEHOLDER,PLACEHOLDER,NA,NA,NA,NA,NA,NA,NA,NA,NA,NA,NA,NA,NA,NA,6,14,36,4,19,3,2,5,26,30,6,NA,4,5,1,NA,6,NA,9,NA,NA,NA,NA,NA,4,2,32,7,5,3,20,NA,NA,NA,NA,NA,NA,15,NA,5,NA,NA,9,1,5,9,NA,6,49,2,8,21
2025,12529,TreVeyon Henderson,RB,23.1,NE,21,PLACEHOLDER,PLACEHOLDER,21,PLACEHOLDER,PLACEHOLDER,PLACEHOLDER,PLACEHOLDER,PLACEHOLDER,PLACEHOLDER,PLACEHOLDER,PLACEHOLDER,NA,NA,NA,NA,NA,NA,NA,NA,NA,NA,NA,NA,NA,NA,20,58,50,41,26,23,29,28,37,34,24,27,27,21,10,24,21,6,41,19,15,18,23,16,27,24,32,34,NA,18,NA,NA,NA,NA,NA,NA,NA,NA,NA,21,NA,NA,29,2,25,31,13,6,22,17,29,9
2025,11563,Bo Nix,QB,25.8,DEN,7,PLACEHOLDER,PLACEHOLDER,7,PLACEHOLDER,PLACEHOLDER,PLACEHOLDER,PLACEHOLDER,PLACEHOLDER,PLACEHOLDER,PLACEHOLDER,PLACEHOLDER,31,11,1,3,5,53,39,30,7,22,9,8,34,35,NA,NA,NA,NA,NA,NA,NA,NA,4,3,5,28,12,11,5,NA,11,NA,2,NA,NA,NA,11,NA,NA,NA,32,12,NA,NA,NA,5,28,36,17,44,32,NA,1,7,28,13,12,14,16,3,NA,1,14,6,16,4
2025,7569,Nico Collins,WR,26.7,HOU,8,PLACEHOLDER,PLACEHOLDER,8,PLACEHOLDER,PLACEHOLDER,PLACEHOLDER,PLACEHOLDER,PLACEHOLDER,PLACEHOLDER,PLACEHOLDER,PLACEHOLDER,NA,NA,NA,NA,NA,NA,NA,NA,NA,NA,NA,NA,NA,NA,21,8,38,14,18,15,17,8,11,17,NA,NA,43,8,1,NA,36,NA,39,NA,NA,NA,NA,NA,13,13,47,12,26,17,10,NA,NA,NA,NA,NA,NA,17,NA,8,NA,NA,8,3,23,8,NA,11,74,9,11,21
2025,12512,Quinshon Judkins,RB,22.1,CLE,26,PLACEHOLDER,PLACEHOLDER,26,PLACEHOLDER,PLACEHOLDER,PLACEHOLDER,PLACEHOLDER,PLACEHOLDER,PLACEHOLDER,PLACEHOLDER,PLACEHOLDER,NA,NA,NA,NA,NA,NA,NA,NA,NA,NA,NA,NA,NA,NA,34,58,26,35,45,31,40,40,35,40,18,22,15,24,17,15,22,45,32,26,21,40,17,35,21,19,45,16,NA,31,NA,NA,NA,NA,NA,NA,NA,NA,NA,24,NA,NA,25,2,22,35,21,6,50,21,22,27
2025,8138,James Cook,RB,26.2,BUF,6,PLACEHOLDER,PLACEHOLDER,6,PLACEHOLDER,PLACEHOLDER,PLACEHOLDER,PLACEHOLDER,PLACEHOLDER,PLACEHOLDER,PLACEHOLDER,PLACEHOLDER,NA,NA,NA,NA,NA,NA,NA,NA,NA,NA,NA,NA,NA,NA,23,6,67,21,14,26,25,16,9,7,3,6,5,4,5,4,1,2,17,8,12,29,5,24,7,4,36,9,NA,23,NA,NA,NA,NA,NA,NA,NA,NA,NA,4,NA,NA,5,2,1,23,2,6,17,6,11,8
2025,11584,Bucky Irving,RB,23.3,TB,34,PLACEHOLDER,PLACEHOLDER,34,PLACEHOLDER,PLACEHOLDER,PLACEHOLDER,PLACEHOLDER,PLACEHOLDER,PLACEHOLDER,PLACEHOLDER,PLACEHOLDER,NA,NA,NA,NA,NA,NA,NA,NA,NA,NA,NA,NA,NA,NA,31,88,1,30,9,34,11,21,5,3,27,27,41,30,58,40,35,49,15,20,44,16,45,33,38,25,52,19,NA,32,NA,NA,NA,NA,NA,NA,NA,NA,NA,32,NA,NA,12,2,23,7,85,6,55,28,15,33
2025,11635,Ladd McConkey,WR,24.1,LAC,30,PLACEHOLDER,PLACEHOLDER,30,PLACEHOLDER,PLACEHOLDER,PLACEHOLDER,PLACEHOLDER,PLACEHOLDER,PLACEHOLDER,PLACEHOLDER,PLACEHOLDER,NA,NA,NA,NA,NA,NA,NA,NA,NA,NA,NA,NA,NA,NA,24,37,141,34,18,23,19,27,77,65,NA,NA,NA,28,NA,NA,NA,NA,32,NA,NA,NA,NA,NA,35,27,92,47,11,29,60,NA,NA,NA,NA,NA,NA,70,NA,28,NA,NA,43,3,46,40,NA,11,117,13,22,37
2025,8146,Garrett Wilson,WR,25.4,NYJ,62,PLACEHOLDER,PLACEHOLDER,62,PLACEHOLDER,PLACEHOLDER,PLACEHOLDER,PLACEHOLDER,PLACEHOLDER,PLACEHOLDER,PLACEHOLDER,PLACEHOLDER,NA,NA,NA,NA,NA,NA,NA,NA,NA,NA,NA,NA,NA,NA,64,65,100,80,40,63,78,71,97,89,NA,NA,NA,69,NA,NA,NA,NA,9,NA,NA,NA,NA,NA,79,67,108,35,98,58,24,NA,NA,NA,NA,NA,NA,46,NA,74,NA,NA,29,3,46,29,NA,11,81,64,14,30
2025,4034,Christian McCaffrey,RB,29.5,SF,1,PLACEHOLDER,PLACEHOLDER,1,PLACEHOLDER,PLACEHOLDER,PLACEHOLDER,PLACEHOLDER,PLACEHOLDER,PLACEHOLDER,PLACEHOLDER,PLACEHOLDER,NA,NA,NA,NA,NA,NA,NA,NA,NA,NA,NA,NA,NA,NA,1,1,84,1,1,1,2,1,8,8,2,27,4,2,8,6,8,39,2,1,30,7,4,10,1,1,12,1,NA,1,NA,NA,NA,NA,NA,NA,NA,NA,NA,2,NA,NA,2,2,11,1,79,6,15,1,2,3
2025,6804,Jordan Love,QB,27.1,GB,15,PLACEHOLDER,PLACEHOLDER,15,PLACEHOLDER,PLACEHOLDER,PLACEHOLDER,PLACEHOLDER,PLACEHOLDER,PLACEHOLDER,PLACEHOLDER,PLACEHOLDER,18,10,19,19,15,37,18,7,14,21,14,13,8,13,NA,NA,NA,NA,NA,NA,NA,NA,4,3,18,15,16,17,36,NA,17,NA,22,NA,NA,NA,21,NA,NA,NA,14,20,NA,NA,NA,14,12,38,6,17,11,NA,17,14,5,2,17,16,24,3,NA,1,23,16,25,17
2025,11620,Rome Odunze,WR,23.5,CHI,41,PLACEHOLDER,PLACEHOLDER,41,PLACEHOLDER,PLACEHOLDER,PLACEHOLDER,PLACEHOLDER,PLACEHOLDER,PLACEHOLDER,PLACEHOLDER,PLACEHOLDER,NA,NA,NA,NA,NA,NA,NA,NA,NA,NA,NA,NA,NA,NA,50,42,79,29,18,37,40,40,19,68,NA,NA,NA,41,NA,NA,NA,NA,26,NA,NA,NA,NA,NA,31,38,42,17,50,39,40,NA,NA,NA,NA,NA,NA,32,NA,42,NA,NA,33,3,46,33,NA,11,91,36,22,20
2025,11628,Marvin Harrison Jr.,WR,23.3,ARI,49,PLACEHOLDER,PLACEHOLDER,49,PLACEHOLDER,PLACEHOLDER,PLACEHOLDER,PLACEHOLDER,PLACEHOLDER,PLACEHOLDER,PLACEHOLDER,PLACEHOLDER,NA,NA,NA,NA,NA,NA,NA,NA,NA,NA,NA,NA,NA,NA,53,35,117,43,40,50,70,45,23,34,NA,NA,NA,45,NA,NA,NA,NA,46,NA,NA,NA,NA,NA,44,52,43,38,55,62,41,NA,NA,NA,NA,NA,NA,45,NA,46,NA,NA,38,3,46,37,NA,11,103,43,22,41
2025,4892,Baker Mayfield,QB,30.6,TB,12,PLACEHOLDER,PLACEHOLDER,12,PLACEHOLDER,PLACEHOLDER,PLACEHOLDER,PLACEHOLDER,PLACEHOLDER,PLACEHOLDER,PLACEHOLDER,PLACEHOLDER,32,13,7,6,12,49,39,22,11,39,7,10,27,26,NA,NA,NA,NA,NA,NA,NA,NA,4,3,13,1,7,9,22,NA,9,NA,16,NA,NA,NA,8,NA,NA,NA,23,18,NA,NA,NA,12,31,34,25,34,18,NA,7,11,23,19,16,18,13,3,NA,1,31,5,16,23
2025,8183,Brock Purdy,QB,26.0,SF,24,PLACEHOLDER,PLACEHOLDER,24,PLACEHOLDER,PLACEHOLDER,PLACEHOLDER,PLACEHOLDER,PLACEHOLDER,PLACEHOLDER,PLACEHOLDER,PLACEHOLDER,5,22,28,27,23,22,34,9,27,7,19,27,9,22,NA,NA,NA,NA,NA,NA,NA,NA,4,3,27,28,19,27,11,NA,28,NA,7,NA,NA,NA,16,NA,NA,NA,1,2,NA,NA,NA,23,1,47,27,22,26,NA,28,27,2,4,8,8,21,3,NA,1,6,24,3,3
2025,8155,Breece Hall,RB,24.5,NYJ,19,PLACEHOLDER,PLACEHOLDER,19,PLACEHOLDER,PLACEHOLDER,PLACEHOLDER,PLACEHOLDER,PLACEHOLDER,PLACEHOLDER,PLACEHOLDER,PLACEHOLDER,NA,NA,NA,NA,NA,NA,NA,NA,NA,NA,NA,NA,NA,NA,15,4,50,10,26,16,18,9,4,6,11,20,9,10,38,19,15,26,11,22,34,39,9,41,11,14,26,12,NA,10,NA,NA,NA,NA,NA,NA,NA,NA,NA,10,NA,NA,9,1,13,12,14,6,45,14,20,17
2025,3294,Dak Prescott,QB,32.4,DAL,6,PLACEHOLDER,PLACEHOLDER,6,PLACEHOLDER,PLACEHOLDER,PLACEHOLDER,PLACEHOLDER,PLACEHOLDER,PLACEHOLDER,PLACEHOLDER,PLACEHOLDER,15,3,2,1,1,48,34,11,2,34,4,3,10,18,NA,NA,NA,NA,NA,NA,NA,NA,4,3,15,9,19,20,14,NA,20,NA,8,NA,NA,NA,19,NA,NA,NA,13,6,NA,NA,NA,3,11,30,16,29,15,NA,2,2,3,6,4,4,28,3,NA,1,22,2,8,8
2025,9758,C.J. Stroud,QB,24.2,HOU,21,PLACEHOLDER,PLACEHOLDER,21,PLACEHOLDER,PLACEHOLDER,PLACEHOLDER,PLACEHOLDER,PLACEHOLDER,PLACEHOLDER,PLACEHOLDER,PLACEHOLDER,27,17,20,20,22,38,27,18,19,24,21,19,17,19,NA,NA,NA,NA,NA,NA,NA,NA,4,3,17,28,14,16,22,NA,16,NA,24,NA,NA,NA,14,NA,NA,NA,29,23,NA,NA,NA,22,27,32,22,27,21,NA,19,19,18,10,19,19,22,3,NA,1,17,23,28,22
2025,11631,Brian Thomas Jr.,WR,23.2,JAX,42,PLACEHOLDER,PLACEHOLDER,42,PLACEHOLDER,PLACEHOLDER,PLACEHOLDER,PLACEHOLDER,PLACEHOLDER,PLACEHOLDER,PLACEHOLDER,PLACEHOLDER,NA,NA,NA,NA,NA,NA,NA,NA,NA,NA,NA,NA,NA,NA,43,28,152,29,70,36,57,36,25,47,36,NA,24,36,1,NA,29,NA,31,NA,NA,NA,NA,NA,35,37,70,38,31,37,52,NA,NA,NA,NA,NA,NA,50,NA,36,NA,NA,37,3,18,38,NA,11,119,31,55,51
2025,8144,Chris Olave,WR,25.4,NO,6,PLACEHOLDER,PLACEHOLDER,6,PLACEHOLDER,PLACEHOLDER,PLACEHOLDER,PLACEHOLDER,PLACEHOLDER,PLACEHOLDER,PLACEHOLDER,PLACEHOLDER,NA,NA,NA,NA,NA,NA,NA,NA,NA,NA,NA,NA,NA,NA,5,4,128,11,6,5,23,7,85,64,NA,NA,NA,7,NA,NA,NA,NA,21,NA,NA,NA,NA,NA,7,5,86,10,9,8,22,NA,NA,NA,NA,NA,NA,33,NA,7,NA,NA,11,3,111,9,NA,11,8,11,4,8
2025,6801,Tee Higgins,WR,26.9,CIN,15,PLACEHOLDER,PLACEHOLDER,15,PLACEHOLDER,PLACEHOLDER,PLACEHOLDER,PLACEHOLDER,PLACEHOLDER,PLACEHOLDER,PLACEHOLDER,PLACEHOLDER,NA,NA,NA,NA,NA,NA,NA,NA,NA,NA,NA,NA,NA,NA,30,18,79,32,2,31,53,25,35,25,NA,NA,NA,26,NA,NA,NA,NA,29,NA,NA,NA,NA,NA,24,35,36,32,15,43,46,NA,NA,NA,NA,NA,NA,64,NA,26,NA,NA,30,3,46,30,NA,11,11,25,30,10
2025,8150,Kyren Williams,RB,25.3,LAR,9,PLACEHOLDER,PLACEHOLDER,9,PLACEHOLDER,PLACEHOLDER,PLACEHOLDER,PLACEHOLDER,PLACEHOLDER,PLACEHOLDER,PLACEHOLDER,PLACEHOLDER,NA,NA,NA,NA,NA,NA,NA,NA,NA,NA,NA,NA,NA,NA,15,2,26,21,9,12,46,20,24,26,9,6,2,8,8,8,6,11,7,10,7,23,3,19,4,12,9,4,NA,18,NA,NA,NA,NA,NA,NA,NA,NA,NA,8,NA,NA,8,2,8,28,7,6,16,11,11,15
2025,5850,Josh Jacobs,RB,27.8,GB,13,PLACEHOLDER,PLACEHOLDER,13,PLACEHOLDER,PLACEHOLDER,PLACEHOLDER,PLACEHOLDER,PLACEHOLDER,PLACEHOLDER,PLACEHOLDER,PLACEHOLDER,NA,NA,NA,NA,NA,NA,NA,NA,NA,NA,NA,NA,NA,NA,15,55,26,35,26,22,21,18,23,13,16,12,18,20,3,21,20,35,19,16,31,24,12,28,15,17,35,14,NA,15,NA,NA,NA,NA,NA,NA,NA,NA,NA,20,NA,NA,19,2,17,19,37,6,51,8,6,12
2025,9484,Tucker Kraft,TE,25.1,GB,24,PLACEHOLDER,PLACEHOLDER,24,PLACEHOLDER,PLACEHOLDER,PLACEHOLDER,PLACEHOLDER,PLACEHOLDER,PLACEHOLDER,PLACEHOLDER,PLACEHOLDER,NA,NA,NA,NA,NA,NA,NA,NA,NA,NA,NA,NA,NA,NA,36,39,50,31,8,36,8,22,2,2,NA,NA,NA,22,NA,NA,NA,NA,6,NA,NA,NA,NA,NA,27,37,7,5,40,32,2,NA,NA,NA,NA,NA,NA,7,NA,22,NA,NA,2,1,8,2,NA,6,2,31,7,5
2025,4866,Saquon Barkley,RB,28.8,PHI,14,PLACEHOLDER,PLACEHOLDER,14,PLACEHOLDER,PLACEHOLDER,PLACEHOLDER,PLACEHOLDER,PLACEHOLDER,PLACEHOLDER,PLACEHOLDER,PLACEHOLDER,NA,NA,NA,NA,NA,NA,NA,NA,NA,NA,NA,NA,NA,NA,14,58,50,21,14,12,22,22,30,31,6,10,19,11,17,13,10,33,3,17,39,34,18,40,18,7,53,22,NA,8,NA,NA,NA,NA,NA,NA,NA,NA,NA,11,NA,NA,10,2,10,24,19,6,53,9,13,19
2025,12530,Travis Hunter,WR,22.6,JAX,93,PLACEHOLDER,PLACEHOLDER,93,PLACEHOLDER,PLACEHOLDER,PLACEHOLDER,PLACEHOLDER,PLACEHOLDER,PLACEHOLDER,PLACEHOLDER,PLACEHOLDER,NA,NA,NA,NA,NA,NA,NA,NA,NA,NA,NA,NA,NA,NA,88,101,79,98,92,84,63,92,104,90,NA,NA,NA,86,NA,NA,NA,NA,60,NA,NA,NA,NA,NA,102,87,123,66,95,83,65,NA,NA,NA,NA,NA,NA,76,NA,94,NA,NA,54,3,46,51,NA,11,24,95,68,75
2025,8148,Jameson Williams,WR,24.7,DET,12,PLACEHOLDER,PLACEHOLDER,12,PLACEHOLDER,PLACEHOLDER,PLACEHOLDER,PLACEHOLDER,PLACEHOLDER,PLACEHOLDER,PLACEHOLDER,PLACEHOLDER,NA,NA,NA,NA,NA,NA,NA,NA,NA,NA,NA,NA,NA,NA,25,19,152,14,11,26,10,8,6,6,21,NA,43,9,14,NA,44,NA,6,NA,NA,NA,NA,NA,13,25,23,24,4,32,31,NA,NA,NA,NA,NA,NA,47,NA,9,NA,NA,15,3,29,16,NA,11,12,18,12,15
2025,12481,Cam Skattebo,RB,23.8,NYG,37,PLACEHOLDER,PLACEHOLDER,37,PLACEHOLDER,PLACEHOLDER,PLACEHOLDER,PLACEHOLDER,PLACEHOLDER,PLACEHOLDER,PLACEHOLDER,PLACEHOLDER,NA,NA,NA,NA,NA,NA,NA,NA,NA,NA,NA,NA,NA,NA,38,24,1,21,14,38,35,31,12,12,49,38,45,40,30,47,49,34,24,37,8,8,45,6,38,49,6,8,NA,35,NA,NA,NA,NA,NA,NA,NA,NA,NA,43,NA,NA,22,2,26,8,42,6,2,42,5,16
2025,5859,A.J. Brown,WR,28.4,PHI,11,PLACEHOLDER,PLACEHOLDER,11,PLACEHOLDER,PLACEHOLDER,PLACEHOLDER,PLACEHOLDER,PLACEHOLDER,PLACEHOLDER,PLACEHOLDER,PLACEHOLDER,NA,NA,NA,NA,NA,NA,NA,NA,NA,NA,NA,NA,NA,NA,13,13,38,17,11,14,28,18,54,37,NA,NA,NA,18,NA,NA,NA,NA,5,NA,NA,NA,NA,NA,17,16,60,14,31,9,17,NA,NA,NA,NA,NA,NA,23,NA,18,NA,NA,13,3,46,13,NA,11,73,16,16,9
2025,7526,Jaylen Waddle,WR,27.0,MIA,24,PLACEHOLDER,PLACEHOLDER,24,PLACEHOLDER,PLACEHOLDER,PLACEHOLDER,PLACEHOLDER,PLACEHOLDER,PLACEHOLDER,PLACEHOLDER,PLACEHOLDER,NA,NA,NA,NA,NA,NA,NA,NA,NA,NA,NA,NA,NA,NA,27,17,128,14,18,28,35,22,36,21,NA,NA,24,21,14,NA,22,NA,35,NA,NA,NA,NA,NA,13,28,20,19,44,16,14,NA,NA,NA,NA,NA,NA,8,NA,21,NA,NA,25,1,16,27,NA,11,102,14,15,38
2025,12517,Colston Loveland,TE,21.7,CHI,12,PLACEHOLDER,PLACEHOLDER,12,PLACEHOLDER,PLACEHOLDER,PLACEHOLDER,PLACEHOLDER,PLACEHOLDER,PLACEHOLDER,PLACEHOLDER,PLACEHOLDER,NA,NA,NA,NA,NA,NA,NA,NA,NA,NA,NA,NA,NA,NA,13,4,15,9,8,11,21,9,10,14,NA,NA,NA,9,NA,NA,NA,NA,24,NA,NA,NA,NA,NA,9,11,18,14,18,15,6,NA,NA,NA,NA,NA,NA,7,NA,9,NA,NA,15,1,54,15,NA,6,5,24,22,4
2025,7525,DeVonta Smith,WR,27.1,PHI,20,PLACEHOLDER,PLACEHOLDER,20,PLACEHOLDER,PLACEHOLDER,PLACEHOLDER,PLACEHOLDER,PLACEHOLDER,PLACEHOLDER,PLACEHOLDER,PLACEHOLDER,NA,NA,NA,NA,NA,NA,NA,NA,NA,NA,NA,NA,NA,NA,15,15,100,17,40,19,20,16,51,22,NA,NA,NA,16,NA,NA,NA,NA,8,NA,NA,NA,NA,NA,21,21,57,34,21,12,23,NA,NA,NA,NA,NA,NA,31,NA,16,NA,NA,23,3,46,23,NA,11,104,12,34,16
2025,4943,Sam Darnold,QB,28.5,SEA,13,PLACEHOLDER,PLACEHOLDER,13,PLACEHOLDER,PLACEHOLDER,PLACEHOLDER,PLACEHOLDER,PLACEHOLDER,PLACEHOLDER,PLACEHOLDER,PLACEHOLDER,10,5,15,11,8,39,46,12,10,28,9,5,2,2,NA,NA,NA,NA,NA,NA,NA,NA,4,3,26,28,27,29,36,NA,33,NA,17,NA,NA,NA,29,NA,NA,NA,9,22,NA,NA,NA,8,8,9,28,40,25,NA,18,10,4,12,15,10,32,3,NA,1,37,11,20,18
2025,12489,RJ Harvey,RB,24.8,DEN,20,PLACEHOLDER,PLACEHOLDER,20,PLACEHOLDER,PLACEHOLDER,PLACEHOLDER,PLACEHOLDER,PLACEHOLDER,PLACEHOLDER,PLACEHOLDER,PLACEHOLDER,NA,NA,NA,NA,NA,NA,NA,NA,NA,NA,NA,NA,NA,NA,8,26,82,6,3,8,11,8,27,16,34,55,48,28,17,36,39,42,44,26,32,13,43,22,30,27,39,43,NA,12,NA,NA,NA,NA,NA,NA,NA,NA,NA,29,NA,NA,38,2,42,14,71,6,7,25,24,24
2025,3163,Jared Goff,QB,31.2,DET,9,PLACEHOLDER,PLACEHOLDER,8,PLACEHOLDER,PLACEHOLDER,PLACEHOLDER,PLACEHOLDER,PLACEHOLDER,PLACEHOLDER,PLACEHOLDER,PLACEHOLDER,8,6,4,2,3,46,27,3,4,41,2,2,6,14,NA,NA,NA,NA,NA,NA,NA,NA,4,3,39,28,36,35,36,NA,42,NA,6,NA,NA,NA,36,NA,NA,NA,7,8,NA,NA,NA,2,6,13,43,24,38,NA,6,4,15,4,6,3,39,3,NA,1,19,7,10,10
2025,7523,Trevor Lawrence,QB,26.2,JAX,4,PLACEHOLDER,PLACEHOLDER,4,PLACEHOLDER,PLACEHOLDER,PLACEHOLDER,PLACEHOLDER,PLACEHOLDER,PLACEHOLDER,PLACEHOLDER,PLACEHOLDER,37,4,6,7,6,52,43,21,5,43,5,6,19,10,NA,NA,NA,NA,NA,NA,NA,NA,4,3,7,9,5,10,2,NA,10,NA,10,NA,NA,NA,2,NA,NA,NA,10,7,NA,NA,NA,6,17,37,9,25,7,NA,3,5,31,15,9,11,15,3,NA,1,2,9,5,2
2025,10859,Sam LaPorta,TE,24.9,DET,27,PLACEHOLDER,PLACEHOLDER,27,PLACEHOLDER,PLACEHOLDER,PLACEHOLDER,PLACEHOLDER,PLACEHOLDER,PLACEHOLDER,PLACEHOLDER,PLACEHOLDER,NA,NA,NA,NA,NA,NA,NA,NA,NA,NA,NA,NA,NA,NA,28,28,1,21,25,30,15,22,11,6,NA,NA,NA,23,NA,NA,NA,NA,3,NA,NA,NA,NA,NA,24,31,12,8,31,35,8,NA,NA,NA,NA,NA,NA,12,NA,23,NA,NA,6,1,14,6,NA,6,42,29,13,16
2025,9224,Chase Brown,RB,25.7,CIN,7,PLACEHOLDER,PLACEHOLDER,7,PLACEHOLDER,PLACEHOLDER,PLACEHOLDER,PLACEHOLDER,PLACEHOLDER,PLACEHOLDER,PLACEHOLDER,PLACEHOLDER,NA,NA,NA,NA,NA,NA,NA,NA,NA,NA,NA,NA,NA,NA,5,42,79,6,3,4,7,6,36,36,17,12,12,9,24,14,17,25,9,11,17,20,14,18,12,10,42,15,NA,7,NA,NA,NA,NA,NA,NA,NA,NA,NA,9,NA,NA,13,2,20,9,24,6,8,13,7,11
2025,5870,Daniel Jones,QB,28.5,IND,17,PLACEHOLDER,PLACEHOLDER,17,PLACEHOLDER,PLACEHOLDER,PLACEHOLDER,PLACEHOLDER,PLACEHOLDER,PLACEHOLDER,PLACEHOLDER,PLACEHOLDER,9,14,22,21,16,31,27,10,18,22,21,18,4,9,NA,NA,NA,NA,NA,NA,NA,NA,4,3,19,21,16,25,5,NA,25,NA,26,NA,NA,NA,13,NA,NA,NA,4,13,NA,NA,NA,18,4,14,33,20,17,NA,22,18,6,6,13,9,25,3,NA,1,12,21,4,21
2025,7588,Javonte Williams,RB,25.6,DAL,12,PLACEHOLDER,PLACEHOLDER,12,PLACEHOLDER,PLACEHOLDER,PLACEHOLDER,PLACEHOLDER,PLACEHOLDER,PLACEHOLDER,PLACEHOLDER,PLACEHOLDER,NA,NA,NA,NA,NA,NA,NA,NA,NA,NA,NA,NA,NA,NA,20,86,1,46,14,11,36,49,49,46,10,2,5,15,7,7,9,12,8,13,5,25,6,14,9,13,25,10,NA,21,NA,NA,NA,NA,NA,NA,NA,NA,NA,15,NA,NA,14,2,7,42,9,6,36,12,9,20
2025,12522,Cam Ward,QB,23.5,TEN,22,PLACEHOLDER,PLACEHOLDER,22,PLACEHOLDER,PLACEHOLDER,PLACEHOLDER,PLACEHOLDER,PLACEHOLDER,PLACEHOLDER,PLACEHOLDER,PLACEHOLDER,41,18,8,11,14,51,22,40,17,47,25,17,44,41,NA,NA,NA,NA,NA,NA,NA,NA,4,3,22,9,19,26,14,NA,26,NA,1,NA,NA,NA,19,NA,NA,NA,39,32,NA,NA,NA,15,41,43,35,15,29,NA,8,17,NA,19,33,32,29,3,NA,1,36,20,36,34
2025,12493,Oronde Gadsden,TE,22.4,LAC,15,PLACEHOLDER,PLACEHOLDER,15,PLACEHOLDER,PLACEHOLDER,PLACEHOLDER,PLACEHOLDER,PLACEHOLDER,PLACEHOLDER,PLACEHOLDER,PLACEHOLDER,NA,NA,NA,NA,NA,NA,NA,NA,NA,NA,NA,NA,NA,NA,20,5,66,12,25,19,25,11,6,7,NA,NA,NA,11,NA,NA,NA,NA,25,NA,NA,NA,NA,NA,16,22,25,20,16,22,11,NA,NA,NA,NA,NA,NA,25,NA,11,NA,NA,16,1,14,16,NA,6,33,16,20,13
2025,12506,Harold Fannin,TE,21.4,CLE,6,PLACEHOLDER,PLACEHOLDER,6,PLACEHOLDER,PLACEHOLDER,PLACEHOLDER,PLACEHOLDER,PLACEHOLDER,PLACEHOLDER,PLACEHOLDER,PLACEHOLDER,NA,NA,NA,NA,NA,NA,NA,NA,NA,NA,NA,NA,NA,NA,8,10,57,11,8,5,7,8,31,38,5,NA,7,8,1,NA,5,NA,17,NA,NA,NA,NA,NA,12,4,54,17,10,4,19,NA,NA,NA,NA,NA,NA,32,NA,8,NA,NA,11,1,4,12,NA,6,8,11,4,11
2025,9228,Bryce Young,QB,24.4,CAR,19,PLACEHOLDER,PLACEHOLDER,19,PLACEHOLDER,PLACEHOLDER,PLACEHOLDER,PLACEHOLDER,PLACEHOLDER,PLACEHOLDER,PLACEHOLDER,PLACEHOLDER,29,20,14,16,16,45,39,31,20,28,14,21,37,38,NA,NA,NA,NA,NA,NA,NA,NA,4,3,14,15,16,15,14,NA,15,NA,18,NA,NA,NA,16,NA,NA,NA,31,27,NA,NA,NA,15,29,33,40,13,36,NA,13,20,20,31,29,31,23,3,NA,1,21,17,26,19
2025,9997,Zay Flowers,WR,25.2,BAL,7,PLACEHOLDER,PLACEHOLDER,7,PLACEHOLDER,PLACEHOLDER,PLACEHOLDER,PLACEHOLDER,PLACEHOLDER,PLACEHOLDER,PLACEHOLDER,PLACEHOLDER,NA,NA,NA,NA,NA,NA,NA,NA,NA,NA,NA,NA,NA,NA,8,11,146,13,32,16,8,6,37,11,11,NA,12,6,1,NA,12,NA,13,NA,NA,NA,NA,NA,9,10,54,21,29,5,4,NA,NA,NA,NA,NA,NA,15,NA,6,NA,NA,9,3,9,11,NA,11,64,8,8,12
2025,9756,Jordan Addison,WR,23.9,MIN,45,PLACEHOLDER,PLACEHOLDER,45,PLACEHOLDER,PLACEHOLDER,PLACEHOLDER,PLACEHOLDER,PLACEHOLDER,PLACEHOLDER,PLACEHOLDER,PLACEHOLDER,NA,NA,NA,NA,NA,NA,NA,NA,NA,NA,NA,NA,NA,NA,51,38,141,54,53,45,67,44,30,50,NA,NA,24,40,1,NA,6,NA,20,NA,NA,NA,NA,NA,49,49,83,49,37,36,64,NA,NA,NA,NA,NA,NA,72,NA,40,NA,NA,42,3,4,49,NA,11,37,45,48,51
2025,12519,Luther Burden,WR,22.0,CHI,48,PLACEHOLDER,PLACEHOLDER,48,PLACEHOLDER,PLACEHOLDER,PLACEHOLDER,PLACEHOLDER,PLACEHOLDER,PLACEHOLDER,PLACEHOLDER,PLACEHOLDER,NA,NA,NA,NA,NA,NA,NA,NA,NA,NA,NA,NA,NA,NA,45,61,100,48,70,61,16,41,39,NA,21,NA,6,NA,14,NA,16,NA,119,NA,NA,NA,NA,NA,44,57,22,49,NA,NA,NA,NA,NA,NA,NA,NA,NA,NA,NA,41,NA,NA,NA,NA,NA,NA,NA,NA,NA,NA,58,39
2025,4217,George Kittle,TE,32.2,SF,13,PLACEHOLDER,PLACEHOLDER,13,PLACEHOLDER,PLACEHOLDER,PLACEHOLDER,PLACEHOLDER,PLACEHOLDER,PLACEHOLDER,PLACEHOLDER,PLACEHOLDER,NA,NA,NA,NA,NA,NA,NA,NA,NA,NA,NA,NA,NA,NA,14,11,15,8,5,19,20,12,24,9,NA,NA,NA,12,NA,NA,NA,NA,13,NA,NA,NA,NA,NA,8,21,4,2,28,23,4,NA,NA,NA,NA,NA,NA,2,NA,12,NA,NA,4,1,55,3,NA,6,47,8,2,6
2025,8151,Kenneth Walker III,RB,25.1,SEA,22,PLACEHOLDER,PLACEHOLDER,22,PLACEHOLDER,PLACEHOLDER,PLACEHOLDER,PLACEHOLDER,PLACEHOLDER,PLACEHOLDER,PLACEHOLDER,PLACEHOLDER,NA,NA,NA,NA,NA,NA,NA,NA,NA,NA,NA,NA,NA,NA,30,81,50,10,45,31,15,18,7,4,20,6,19,17,30,20,16,15,39,9,23,9,22,11,20,20,38,29,NA,26,NA,NA,NA,NA,NA,NA,NA,NA,NA,17,NA,NA,23,2,19,26,25,6,40,18,24,29
2025,2133,Davante Adams,WR,33.0,LAR,9,PLACEHOLDER,PLACEHOLDER,9,PLACEHOLDER,PLACEHOLDER,PLACEHOLDER,PLACEHOLDER,PLACEHOLDER,PLACEHOLDER,PLACEHOLDER,PLACEHOLDER,NA,NA,NA,NA,NA,NA,NA,NA,NA,NA,NA,NA,NA,NA,29,20,128,23,1,18,71,27,50,82,NA,NA,NA,28,NA,NA,NA,NA,50,NA,NA,NA,NA,NA,9,20,26,9,39,25,29,NA,NA,NA,NA,NA,NA,21,NA,28,NA,NA,31,3,46,31,NA,11,35,20,9,16
2025,6819,Michael Pittman,WR,28.2,IND,18,PLACEHOLDER,PLACEHOLDER,18,PLACEHOLDER,PLACEHOLDER,PLACEHOLDER,PLACEHOLDER,PLACEHOLDER,PLACEHOLDER,PLACEHOLDER,PLACEHOLDER,NA,NA,NA,NA,NA,NA,NA,NA,NA,NA,NA,NA,NA,NA,12,30,128,17,11,21,30,29,111,79,NA,NA,NA,30,NA,NA,NA,NA,15,NA,NA,NA,NA,NA,17,23,33,28,16,19,55,NA,NA,NA,NA,NA,NA,35,NA,30,NA,NA,44,3,46,42,NA,11,67,21,19,35
2025,7543,Travis Etienne,RB,26.9,JAX,10,PLACEHOLDER,PLACEHOLDER,10,PLACEHOLDER,PLACEHOLDER,PLACEHOLDER,PLACEHOLDER,PLACEHOLDER,PLACEHOLDER,PLACEHOLDER,PLACEHOLDER,NA,NA,NA,NA,NA,NA,NA,NA,NA,NA,NA,NA,NA,NA,15,74,79,30,2,10,15,15,16,26,8,37,19,12,17,10,11,28,16,13,24,26,18,27,17,11,49,24,NA,13,NA,NA,NA,NA,NA,NA,NA,NA,NA,12,NA,NA,15,2,14,22,22,6,12,15,16,17
2025,8110,Jake Ferguson,TE,26.9,DAL,5,PLACEHOLDER,PLACEHOLDER,5,PLACEHOLDER,PLACEHOLDER,PLACEHOLDER,PLACEHOLDER,PLACEHOLDER,PLACEHOLDER,PLACEHOLDER,PLACEHOLDER,NA,NA,NA,NA,NA,NA,NA,NA,NA,NA,NA,NA,NA,NA,3,18,36,16,3,7,12,13,59,48,NA,NA,NA,13,NA,NA,NA,NA,22,NA,NA,NA,NA,NA,15,7,56,23,7,12,42,NA,NA,NA,NA,NA,NA,46,NA,13,NA,NA,20,1,12,20,NA,6,30,4,8,9
2025,12534,Kyle Monangai,RB,23.5,CHI,30,PLACEHOLDER,PLACEHOLDER,30,PLACEHOLDER,PLACEHOLDER,PLACEHOLDER,PLACEHOLDER,PLACEHOLDER,PLACEHOLDER,PLACEHOLDER,PLACEHOLDER,NA,NA,NA,NA,NA,NA,NA,NA,NA,NA,NA,NA,NA,NA,48,18,82,35,45,43,44,42,6,30,28,48,29,26,30,26,24,17,45,39,22,43,29,37,28,28,31,41,NA,36,NA,NA,NA,NA,NA,NA,NA,NA,NA,26,NA,NA,36,2,30,39,29,6,14,39,39,35
2025,421,Matthew Stafford,QB,37.8,LAR,3,PLACEHOLDER,PLACEHOLDER,3,PLACEHOLDER,PLACEHOLDER,PLACEHOLDER,PLACEHOLDER,PLACEHOLDER,PLACEHOLDER,PLACEHOLDER,PLACEHOLDER,23,1,3,3,1,50,27,2,3,24,1,1,7,5,NA,NA,NA,NA,NA,NA,NA,NA,4,3,29,28,56,41,36,NA,58,NA,5,NA,NA,NA,44,NA,NA,NA,8,5,NA,NA,NA,1,3,27,10,45,4,NA,5,3,16,2,5,2,41,3,NA,1,1,10,10,10
2025,11624,Xavier Worthy,WR,22.6,KC,59,PLACEHOLDER,PLACEHOLDER,59,PLACEHOLDER,PLACEHOLDER,PLACEHOLDER,PLACEHOLDER,PLACEHOLDER,PLACEHOLDER,PLACEHOLDER,PLACEHOLDER,NA,NA,NA,NA,NA,NA,NA,NA,NA,NA,NA,NA,NA,NA,51,57,38,61,92,50,47,56,57,73,7,NA,2,43,14,NA,5,NA,49,NA,NA,NA,NA,NA,58,45,106,62,45,55,71,NA,NA,NA,NA,NA,NA,71,NA,44,NA,NA,51,3,3,59,NA,11,125,39,98,80
2025,11638,Ricky Pearsall,WR,25.2,SF,71,PLACEHOLDER,PLACEHOLDER,71,PLACEHOLDER,PLACEHOLDER,PLACEHOLDER,PLACEHOLDER,PLACEHOLDER,PLACEHOLDER,PLACEHOLDER,PLACEHOLDER,NA,NA,NA,NA,NA,NA,NA,NA,NA,NA,NA,NA,NA,NA,64,41,38,36,129,71,94,57,26,13,NA,NA,43,56,14,NA,59,NA,48,NA,NA,NA,NA,NA,49,71,10,15,77,72,28,NA,NA,NA,NA,NA,NA,11,NA,57,NA,NA,26,3,112,25,NA,11,109,57,32,57
2025,5846,DK Metcalf,WR,28.0,PIT,26,PLACEHOLDER,PLACEHOLDER,26,PLACEHOLDER,PLACEHOLDER,PLACEHOLDER,PLACEHOLDER,PLACEHOLDER,PLACEHOLDER,PLACEHOLDER,PLACEHOLDER,NA,NA,NA,NA,NA,NA,NA,NA,NA,NA,NA,NA,NA,NA,30,44,128,29,18,29,11,23,32,26,NA,NA,43,23,1,NA,44,NA,11,NA,NA,NA,NA,NA,28,32,67,37,27,30,32,NA,NA,NA,NA,NA,NA,52,NA,23,NA,NA,28,3,27,28,NA,11,96,24,16,35
2025,3198,Derrick Henry,RB,31.9,BAL,8,PLACEHOLDER,PLACEHOLDER,8,PLACEHOLDER,PLACEHOLDER,PLACEHOLDER,PLACEHOLDER,PLACEHOLDER,PLACEHOLDER,PLACEHOLDER,PLACEHOLDER,NA,NA,NA,NA,NA,NA,NA,NA,NA,NA,NA,NA,NA,NA,54,8,26,52,45,51,51,45,3,9,4,22,3,7,2,2,2,3,25,15,2,36,2,26,6,8,20,7,NA,37,NA,NA,NA,NA,NA,NA,NA,NA,NA,7,NA,NA,7,2,2,41,1,6,38,7,16,6
2025,7021,Rico Dowdle,RB,27.5,CAR,18,PLACEHOLDER,PLACEHOLDER,18,PLACEHOLDER,PLACEHOLDER,PLACEHOLDER,PLACEHOLDER,PLACEHOLDER,PLACEHOLDER,PLACEHOLDER,PLACEHOLDER,NA,NA,NA,NA,NA,NA,NA,NA,NA,NA,NA,NA,NA,NA,13,78,50,6,26,12,14,14,25,19,15,16,14,14,24,17,14,19,22,21,28,35,16,36,13,15,34,18,NA,10,NA,NA,NA,NA,NA,NA,NA,NA,NA,14,NA,NA,18,2,16,21,9,6,11,20,29,7
2025,12484,Jayden Higgins,WR,23.0,HOU,47,PLACEHOLDER,PLACEHOLDER,47,PLACEHOLDER,PLACEHOLDER,PLACEHOLDER,PLACEHOLDER,PLACEHOLDER,PLACEHOLDER,PLACEHOLDER,PLACEHOLDER,NA,NA,NA,NA,NA,NA,NA,NA,NA,NA,NA,NA,NA,NA,53,49,79,56,18,54,69,58,56,50,NA,NA,NA,57,NA,NA,NA,NA,77,NA,NA,NA,NA,NA,49,56,39,69,60,60,57,NA,NA,NA,NA,NA,NA,56,NA,58,NA,NA,70,3,46,69,NA,11,30,56,50,67
2025,11559,Michael Penix Jr.,QB,25.6,ATL,33,PLACEHOLDER,PLACEHOLDER,33,PLACEHOLDER,PLACEHOLDER,PLACEHOLDER,PLACEHOLDER,PLACEHOLDER,PLACEHOLDER,PLACEHOLDER,PLACEHOLDER,40,29,29,31,27,29,5,27,29,8,33,29,18,8,NA,NA,NA,NA,NA,NA,NA,NA,4,3,34,28,39,31,22,NA,36,NA,23,NA,NA,NA,36,NA,NA,NA,18,19,NA,NA,NA,30,14,23,24,30,10,NA,29,29,34,21,21,17,30,3,NA,1,27,32,29,29
2025,12474,Woody Marks,RB,24.9,HOU,29,PLACEHOLDER,PLACEHOLDER,29,PLACEHOLDER,PLACEHOLDER,PLACEHOLDER,PLACEHOLDER,PLACEHOLDER,PLACEHOLDER,PLACEHOLDER,PLACEHOLDER,NA,NA,NA,NA,NA,NA,NA,NA,NA,NA,NA,NA,NA,NA,38,45,50,52,9,31,32,30,11,21,22,43,25,27,49,27,31,47,27,24,42,31,30,39,30,22,50,37,NA,33,NA,NA,NA,NA,NA,NA,NA,NA,NA,27,NA,NA,34,2,33,31,34,6,44,23,31,33
2025,11589,Trey Benson,RB,23.4,ARI,48,PLACEHOLDER,PLACEHOLDER,48,PLACEHOLDER,PLACEHOLDER,PLACEHOLDER,PLACEHOLDER,PLACEHOLDER,PLACEHOLDER,PLACEHOLDER,PLACEHOLDER,NA,NA,NA,NA,NA,NA,NA,NA,NA,NA,NA,NA,NA,NA,59,35,1,63,45,59,68,66,47,43,75,65,83,44,78,74,71,NA,37,67,14,2,85,2,80,73,58,49,NA,43,NA,NA,NA,NA,NA,NA,NA,NA,NA,71,NA,NA,35,2,36,29,NA,6,35,45,NA,NA
2025,11627,Troy Franklin,WR,22.8,DEN,31,PLACEHOLDER,PLACEHOLDER,31,PLACEHOLDER,PLACEHOLDER,PLACEHOLDER,PLACEHOLDER,PLACEHOLDER,PLACEHOLDER,PLACEHOLDER,PLACEHOLDER,NA,NA,NA,NA,NA,NA,NA,NA,NA,NA,NA,NA,NA,NA,25,46,117,43,18,25,24,35,98,86,26,NA,12,39,14,NA,44,NA,68,NA,NA,NA,NA,NA,37,24,103,49,23,34,54,NA,NA,NA,NA,NA,NA,65,NA,39,NA,NA,55,3,29,52,NA,11,9,46,41,19
2025,12501,Matthew Golden,WR,22.4,GB,87,PLACEHOLDER,PLACEHOLDER,86,PLACEHOLDER,PLACEHOLDER,PLACEHOLDER,PLACEHOLDER,PLACEHOLDER,PLACEHOLDER,PLACEHOLDER,PLACEHOLDER,NA,NA,NA,NA,NA,NA,NA,NA,NA,NA,NA,NA,NA,NA,84,73,1,74,129,86,81,78,63,39,11,NA,6,67,14,NA,14,NA,95,NA,NA,NA,NA,NA,73,76,79,78,80,78,67,NA,NA,NA,NA,NA,NA,59,NA,71,NA,NA,73,3,10,76,NA,11,112,60,98,91
2025,8126,Wan'Dale Robinson,WR,24.9,NYG,14,PLACEHOLDER,PLACEHOLDER,14,PLACEHOLDER,PLACEHOLDER,PLACEHOLDER,PLACEHOLDER,PLACEHOLDER,PLACEHOLDER,PLACEHOLDER,PLACEHOLDER,NA,NA,NA,NA,NA,NA,NA,NA,NA,NA,NA,NA,NA,NA,7,22,117,24,40,7,13,13,96,75,36,NA,24,12,14,NA,55,NA,4,NA,NA,NA,NA,NA,27,6,115,38,18,7,25,NA,NA,NA,NA,NA,NA,48,NA,12,NA,NA,17,3,39,17,NA,11,38,26,22,11
2025,8228,Jaylen Warren,RB,27.1,PIT,17,PLACEHOLDER,PLACEHOLDER,17,PLACEHOLDER,PLACEHOLDER,PLACEHOLDER,PLACEHOLDER,PLACEHOLDER,PLACEHOLDER,PLACEHOLDER,PLACEHOLDER,NA,NA,NA,NA,NA,NA,NA,NA,NA,NA,NA,NA,NA,NA,11,89,26,14,14,19,9,12,14,5,21,9,12,18,24,12,19,20,29,6,3,4,14,4,13,21,19,17,NA,21,NA,NA,NA,NA,NA,NA,NA,NA,NA,18,NA,NA,20,2,21,15,8,6,20,16,13,25
2025,9754,Quentin Johnston,WR,24.2,LAC,34,PLACEHOLDER,PLACEHOLDER,34,PLACEHOLDER,PLACEHOLDER,PLACEHOLDER,PLACEHOLDER,PLACEHOLDER,PLACEHOLDER,PLACEHOLDER,PLACEHOLDER,NA,NA,NA,NA,NA,NA,NA,NA,NA,NA,NA,NA,NA,NA,39,31,79,65,9,41,38,31,32,24,NA,NA,43,35,14,NA,53,NA,40,NA,NA,NA,NA,NA,55,42,104,57,25,45,49,NA,NA,NA,NA,NA,NA,96,NA,35,NA,NA,34,3,35,35,NA,11,21,38,22,25
2025,12490,Bhayshul Tuten,RB,22.8,JAX,NA,PLACEHOLDER,PLACEHOLDER,NA,PLACEHOLDER,PLACEHOLDER,PLACEHOLDER,PLACEHOLDER,PLACEHOLDER,PLACEHOLDER,PLACEHOLDER,PLACEHOLDER,NA,NA,NA,NA,NA,NA,NA,NA,NA,NA,NA,NA,NA,NA,65,22,1,72,14,63,66,62,NA,NA,54,48,50,NA,30,51,57,NA,NA,45,NA,NA,49,NA,52,56,NA,NA,NA,NA,NA,NA,NA,NA,NA,NA,NA,NA,NA,62,NA,NA,NA,NA,NA,NA,59,NA,NA,NA,51,56
2025,10236,Dalton Kincaid,TE,26.1,BUF,20,PLACEHOLDER,PLACEHOLDER,20,PLACEHOLDER,PLACEHOLDER,PLACEHOLDER,PLACEHOLDER,PLACEHOLDER,PLACEHOLDER,PLACEHOLDER,PLACEHOLDER,NA,NA,NA,NA,NA,NA,NA,NA,NA,NA,NA,NA,NA,NA,29,17,15,16,13,30,18,16,4,1,NA,NA,NA,16,NA,NA,NA,NA,56,NA,NA,NA,NA,NA,18,31,3,14,43,25,1,NA,NA,NA,NA,NA,NA,1,NA,16,NA,NA,10,1,14,10,NA,6,26,22,14,18
2025,6790,D'Andre Swift,RB,26.9,CHI,15,PLACEHOLDER,PLACEHOLDER,15,PLACEHOLDER,PLACEHOLDER,PLACEHOLDER,PLACEHOLDER,PLACEHOLDER,PLACEHOLDER,PLACEHOLDER,PLACEHOLDER,NA,NA,NA,NA,NA,NA,NA,NA,NA,NA,NA,NA,NA,NA,22,82,67,17,26,16,13,13,10,14,19,22,8,13,10,16,12,10,21,26,20,38,7,32,9,18,11,10,NA,18,NA,NA,NA,NA,NA,NA,NA,NA,NA,13,NA,NA,11,2,12,20,15,6,4,19,19,23
2025,8167,Christian Watson,WR,26.6,GB,46,PLACEHOLDER,PLACEHOLDER,46,PLACEHOLDER,PLACEHOLDER,PLACEHOLDER,PLACEHOLDER,PLACEHOLDER,PLACEHOLDER,PLACEHOLDER,PLACEHOLDER,NA,NA,NA,NA,NA,NA,NA,NA,NA,NA,NA,NA,NA,NA,66,34,38,56,18,68,71,43,5,4,NA,NA,NA,44,NA,NA,NA,NA,59,NA,NA,NA,NA,NA,49,70,11,27,88,62,6,NA,NA,NA,NA,NA,NA,16,NA,45,NA,NA,19,3,41,19,NA,11,1,72,22,29
2025,9753,Zach Charbonnet,RB,24.9,SEA,24,PLACEHOLDER,PLACEHOLDER,24,PLACEHOLDER,PLACEHOLDER,PLACEHOLDER,PLACEHOLDER,PLACEHOLDER,PLACEHOLDER,PLACEHOLDER,PLACEHOLDER,NA,NA,NA,NA,NA,NA,NA,NA,NA,NA,NA,NA,NA,NA,45,5,26,35,45,49,53,46,32,17,23,16,27,29,5,22,29,35,36,18,9,17,18,13,24,25,15,28,NA,37,NA,NA,NA,NA,NA,NA,NA,NA,NA,30,NA,NA,37,2,32,40,28,6,10,30,27,27
2025,5849,Kyler Murray,QB,28.3,ARI,38,PLACEHOLDER,PLACEHOLDER,38,PLACEHOLDER,PLACEHOLDER,PLACEHOLDER,PLACEHOLDER,PLACEHOLDER,PLACEHOLDER,PLACEHOLDER,PLACEHOLDER,7,43,40,38,39,13,5,26,39,12,39,39,42,45,NA,NA,NA,NA,NA,NA,NA,NA,4,3,29,15,28,21,22,NA,21,NA,3,NA,NA,NA,29,NA,NA,NA,35,16,NA,NA,NA,39,33,12,37,37,44,NA,39,39,NA,NA,23,28,4,3,NA,1,29,38,NA,NA
2025,8142,Alec Pierce,WR,25.6,IND,28,PLACEHOLDER,PLACEHOLDER,28,PLACEHOLDER,PLACEHOLDER,PLACEHOLDER,PLACEHOLDER,PLACEHOLDER,PLACEHOLDER,PLACEHOLDER,PLACEHOLDER,NA,NA,NA,NA,NA,NA,NA,NA,NA,NA,NA,NA,NA,NA,45,6,1,24,18,44,52,18,2,2,NA,NA,NA,18,NA,NA,NA,NA,10,NA,NA,NA,NA,NA,24,45,14,32,30,42,18,NA,NA,NA,NA,NA,NA,37,NA,18,NA,NA,13,3,46,13,NA,11,2,49,30,18
2025,11565,J.J. McCarthy,QB,22.9,MIN,30,PLACEHOLDER,PLACEHOLDER,30,PLACEHOLDER,PLACEHOLDER,PLACEHOLDER,PLACEHOLDER,PLACEHOLDER,PLACEHOLDER,PLACEHOLDER,PLACEHOLDER,46,33,33,33,32,26,43,44,32,28,29,33,29,12,NA,NA,NA,NA,NA,NA,NA,NA,4,3,24,5,30,19,8,NA,19,NA,21,NA,NA,NA,24,NA,NA,NA,26,36,NA,NA,NA,32,25,46,7,11,2,NA,31,32,37,36,37,36,18,3,NA,1,35,25,21,26
2025,10222,Jayden Reed,WR,25.6,GB,106,PLACEHOLDER,PLACEHOLDER,106,PLACEHOLDER,PLACEHOLDER,PLACEHOLDER,PLACEHOLDER,PLACEHOLDER,PLACEHOLDER,PLACEHOLDER,PLACEHOLDER,NA,NA,NA,NA,NA,NA,NA,NA,NA,NA,NA,NA,NA,NA,103,118,38,115,92,120,86,112,100,16,36,NA,24,98,14,NA,22,NA,108,NA,NA,NA,NA,NA,115,117,76,81,110,104,35,NA,NA,NA,NA,NA,NA,57,NA,108,NA,NA,67,3,7,70,NA,11,100,93,68,101
2025,8134,Khalil Shakir,WR,25.8,BUF,36,PLACEHOLDER,PLACEHOLDER,36,PLACEHOLDER,PLACEHOLDER,PLACEHOLDER,PLACEHOLDER,PLACEHOLDER,PLACEHOLDER,PLACEHOLDER,PLACEHOLDER,NA,NA,NA,NA,NA,NA,NA,NA,NA,NA,NA,NA,NA,NA,19,98,79,50,40,32,4,34,109,57,NA,NA,NA,37,NA,NA,NA,NA,67,NA,NA,NA,NA,NA,49,36,114,65,47,24,33,NA,NA,NA,NA,NA,NA,58,NA,37,NA,NA,47,3,39,47,NA,11,105,28,36,44
2025,5927,Terry McLaurin,WR,30.2,WAS,56,PLACEHOLDER,PLACEHOLDER,56,PLACEHOLDER,PLACEHOLDER,PLACEHOLDER,PLACEHOLDER,PLACEHOLDER,PLACEHOLDER,PLACEHOLDER,PLACEHOLDER,NA,NA,NA,NA,NA,NA,NA,NA,NA,NA,NA,NA,NA,NA,59,35,38,32,53,61,83,49,13,15,NA,NA,NA,50,NA,NA,NA,NA,51,NA,NA,NA,NA,NA,39,64,4,11,86,53,13,NA,NA,NA,NA,NA,NA,6,NA,51,NA,NA,27,3,46,26,NA,11,101,51,45,50
2025,7553,Kyle Pitts,TE,25.2,ATL,2,PLACEHOLDER,PLACEHOLDER,2,PLACEHOLDER,PLACEHOLDER,PLACEHOLDER,PLACEHOLDER,PLACEHOLDER,PLACEHOLDER,PLACEHOLDER,PLACEHOLDER,NA,NA,NA,NA,NA,NA,NA,NA,NA,NA,NA,NA,NA,NA,2,2,36,2,13,2,4,2,29,25,NA,NA,NA,2,NA,NA,NA,NA,4,NA,NA,NA,NA,NA,2,3,19,3,3,2,18,NA,NA,NA,NA,NA,NA,6,NA,2,NA,NA,5,1,14,5,NA,6,4,7,5,2
2025,5045,Courtland Sutton,WR,30.2,DEN,13,PLACEHOLDER,PLACEHOLDER,13,PLACEHOLDER,PLACEHOLDER,PLACEHOLDER,PLACEHOLDER,PLACEHOLDER,PLACEHOLDER,PLACEHOLDER,PLACEHOLDER,NA,NA,NA,NA,NA,NA,NA,NA,NA,NA,NA,NA,NA,NA,18,7,149,8,11,11,36,12,42,39,NA,NA,NA,13,NA,NA,NA,NA,14,NA,NA,NA,NA,NA,8,12,35,20,3,21,42,NA,NA,NA,NA,NA,NA,42,NA,13,NA,NA,20,3,46,20,NA,11,60,15,19,27
2025,9480,Brenton Strange,TE,25.0,JAX,23,PLACEHOLDER,PLACEHOLDER,23,PLACEHOLDER,PLACEHOLDER,PLACEHOLDER,PLACEHOLDER,PLACEHOLDER,PLACEHOLDER,PLACEHOLDER,PLACEHOLDER,NA,NA,NA,NA,NA,NA,NA,NA,NA,NA,NA,NA,NA,NA,22,18,57,12,25,24,22,18,15,10,NA,NA,NA,18,NA,NA,NA,NA,16,NA,NA,NA,NA,NA,16,26,14,11,25,24,13,NA,NA,NA,NA,NA,NA,10,NA,18,NA,NA,14,1,14,14,NA,6,35,28,14,27
2025,9504,Kayshon Boutte,WR,23.6,NE,51,PLACEHOLDER,PLACEHOLDER,51,PLACEHOLDER,PLACEHOLDER,PLACEHOLDER,PLACEHOLDER,PLACEHOLDER,PLACEHOLDER,PLACEHOLDER,PLACEHOLDER,NA,NA,NA,NA,NA,NA,NA,NA,NA,NA,NA,NA,NA,NA,69,32,38,61,18,81,124,52,7,1,NA,NA,NA,53,NA,NA,NA,NA,56,NA,NA,NA,NA,NA,55,87,1,57,62,72,50,NA,NA,NA,NA,NA,NA,60,NA,54,NA,NA,58,3,46,56,NA,11,25,52,40,42
2025,9500,Josh Downs,WR,24.3,IND,44,PLACEHOLDER,PLACEHOLDER,44,PLACEHOLDER,PLACEHOLDER,PLACEHOLDER,PLACEHOLDER,PLACEHOLDER,PLACEHOLDER,PLACEHOLDER,PLACEHOLDER,NA,NA,NA,NA,NA,NA,NA,NA,NA,NA,NA,NA,NA,NA,33,47,117,27,40,40,62,51,112,91,NA,NA,43,51,14,NA,59,NA,70,NA,NA,NA,NA,NA,32,38,49,44,54,38,53,NA,NA,NA,NA,NA,NA,25,NA,52,NA,NA,65,3,110,65,NA,11,69,44,61,69
2025,4983,D.J. Moore,WR,28.6,CHI,35,PLACEHOLDER,PLACEHOLDER,35,PLACEHOLDER,PLACEHOLDER,PLACEHOLDER,PLACEHOLDER,PLACEHOLDER,PLACEHOLDER,PLACEHOLDER,PLACEHOLDER,NA,NA,NA,NA,NA,NA,NA,NA,NA,NA,NA,NA,NA,NA,40,40,117,43,18,41,36,39,44,43,4,1,2,32,1,NA,7,NA,18,NA,NA,NA,1,NA,28,32,67,46,12,45,74,NA,NA,NA,NA,NA,NA,80,NA,32,NA,NA,49,2,6,54,NA,11,106,29,46,24
2025,12498,Mason Taylor,TE,21.6,NYJ,32,PLACEHOLDER,PLACEHOLDER,32,PLACEHOLDER,PLACEHOLDER,PLACEHOLDER,PLACEHOLDER,PLACEHOLDER,PLACEHOLDER,PLACEHOLDER,PLACEHOLDER,NA,NA,NA,NA,NA,NA,NA,NA,NA,NA,NA,NA,NA,NA,24,23,69,16,47,23,41,30,55,49,NA,NA,NA,30,NA,NA,NA,NA,10,NA,NA,NA,NA,NA,24,24,39,22,23,20,45,NA,NA,NA,NA,NA,NA,23,NA,30,NA,NA,29,1,14,29,NA,6,54,26,26,30
2025,5892,David Montgomery,RB,28.5,DET,27,PLACEHOLDER,PLACEHOLDER,27,PLACEHOLDER,PLACEHOLDER,PLACEHOLDER,PLACEHOLDER,PLACEHOLDER,PLACEHOLDER,PLACEHOLDER,PLACEHOLDER,NA,NA,NA,NA,NA,NA,NA,NA,NA,NA,NA,NA,NA,NA,38,30,1,14,45,44,39,35,19,NA,31,59,30,NA,12,28,30,21,50,31,NA,NA,27,NA,25,30,8,32,NA,NA,NA,NA,NA,NA,NA,NA,NA,NA,NA,27,NA,NA,NA,NA,NA,NA,20,NA,NA,NA,33,31
2025,8121,Romeo Doubs,WR,25.6,GB,37,PLACEHOLDER,PLACEHOLDER,37,PLACEHOLDER,PLACEHOLDER,PLACEHOLDER,PLACEHOLDER,PLACEHOLDER,PLACEHOLDER,PLACEHOLDER,PLACEHOLDER,NA,NA,NA,NA,NA,NA,NA,NA,NA,NA,NA,NA,NA,NA,36,26,100,24,18,41,56,33,49,28,NA,NA,NA,37,NA,NA,NA,NA,36,NA,NA,NA,NA,NA,24,43,17,36,43,33,36,NA,NA,NA,NA,NA,NA,24,NA,37,NA,NA,47,3,46,46,NA,11,20,40,44,33
2025,6768,Tua Tagovailoa,QB,27.8,MIA,25,PLACEHOLDER,PLACEHOLDER,25,PLACEHOLDER,PLACEHOLDER,PLACEHOLDER,PLACEHOLDER,PLACEHOLDER,PLACEHOLDER,PLACEHOLDER,PLACEHOLDER,11,25,22,22,20,33,47,28,24,33,19,22,26,33,NA,NA,NA,NA,NA,NA,NA,NA,4,3,38,28,49,36,36,NA,43,NA,19,NA,NA,NA,43,NA,NA,NA,15,30,NA,NA,NA,21,10,8,38,42,39,NA,23,24,20,30,35,30,37,3,NA,1,43,19,31,29
2025,11586,Blake Corum,RB,25.0,LAR,NA,PLACEHOLDER,PLACEHOLDER,NA,PLACEHOLDER,PLACEHOLDER,PLACEHOLDER,PLACEHOLDER,PLACEHOLDER,PLACEHOLDER,PLACEHOLDER,PLACEHOLDER,NA,NA,NA,NA,NA,NA,NA,NA,NA,NA,NA,NA,NA,NA,72,22,67,63,45,63,81,76,NA,NA,35,22,24,NA,24,32,27,5,NA,45,NA,NA,25,NA,30,41,NA,NA,NA,NA,NA,NA,NA,NA,NA,NA,NA,NA,NA,36,NA,NA,NA,NA,NA,NA,23,NA,NA,NA,39,40
2025,8132,Tyler Allgeier,RB,25.6,ATL,NA,PLACEHOLDER,PLACEHOLDER,NA,PLACEHOLDER,PLACEHOLDER,PLACEHOLDER,PLACEHOLDER,PLACEHOLDER,PLACEHOLDER,PLACEHOLDER,PLACEHOLDER,NA,NA,NA,NA,NA,NA,NA,NA,NA,NA,NA,NA,NA,NA,56,61,26,57,45,59,55,58,NA,NA,36,32,39,NA,12,33,41,47,NA,34,NA,NA,34,NA,37,41,NA,NA,NA,NA,NA,NA,NA,NA,NA,NA,NA,NA,NA,44,NA,NA,NA,NA,NA,NA,50,NA,NA,NA,45,47
2025,12499,Elic Ayomanor,WR,22.5,TEN,55,PLACEHOLDER,PLACEHOLDER,55,PLACEHOLDER,PLACEHOLDER,PLACEHOLDER,PLACEHOLDER,PLACEHOLDER,PLACEHOLDER,PLACEHOLDER,PLACEHOLDER,NA,NA,NA,NA,NA,NA,NA,NA,NA,NA,NA,NA,NA,NA,53,50,128,43,40,39,73,59,60,101,NA,NA,NA,58,NA,NA,NA,NA,30,NA,NA,NA,NA,NA,44,41,85,60,20,41,88,NA,NA,NA,NA,NA,NA,75,NA,59,NA,NA,68,3,46,67,NA,11,93,48,61,74
2025,6803,Brandon Aiyuk,WR,27.7,SF,NA,PLACEHOLDER,PLACEHOLDER,NA,PLACEHOLDER,PLACEHOLDER,PLACEHOLDER,PLACEHOLDER,PLACEHOLDER,PLACEHOLDER,PLACEHOLDER,PLACEHOLDER,NA,NA,NA,NA,NA,NA,NA,NA,NA,NA,NA,NA,NA,NA,NA,NA,NA,NA,NA,NA,NA,NA,NA,NA,NA,NA,NA,NA,NA,NA,NA,NA,NA,NA,NA,NA,NA,NA,NA,NA,NA,NA,NA,NA,NA,NA,NA,NA,NA,NA,NA,NA,NA,NA,NA,NA,NA,NA,NA,NA,NA,NA,NA,NA,NA,NA
2025,7594,Chuba Hubbard,RB,26.5,CAR,38,PLACEHOLDER,PLACEHOLDER,38,PLACEHOLDER,PLACEHOLDER,PLACEHOLDER,PLACEHOLDER,PLACEHOLDER,PLACEHOLDER,PLACEHOLDER,PLACEHOLDER,NA,NA,NA,NA,NA,NA,NA,NA,NA,NA,NA,NA,NA,NA,31,85,73,21,9,28,23,27,29,23,37,84,34,38,58,42,42,40,40,48,37,44,40,42,35,36,23,39,NA,25,NA,NA,NA,NA,NA,NA,NA,NA,NA,41,NA,NA,40,2,40,30,58,6,39,34,44,36
2025,5947,Jakobi Meyers,WR,29.1,LV,32,PLACEHOLDER,PLACEHOLDER,32,PLACEHOLDER,PLACEHOLDER,PLACEHOLDER,PLACEHOLDER,PLACEHOLDER,PLACEHOLDER,PLACEHOLDER,PLACEHOLDER,NA,NA,NA,NA,NA,NA,NA,NA,NA,NA,NA,NA,NA,NA,16,27,79,17,53,22,24,26,94,56,26,NA,24,24,14,NA,40,NA,16,NA,NA,NA,NA,NA,21,19,63,30,17,22,47,NA,NA,NA,NA,NA,NA,34,NA,24,NA,NA,34,3,26,36,NA,11,113,19,36,46
2025,2449,Stefon Diggs,WR,32.0,NE,17,PLACEHOLDER,PLACEHOLDER,17,PLACEHOLDER,PLACEHOLDER,PLACEHOLDER,PLACEHOLDER,PLACEHOLDER,PLACEHOLDER,PLACEHOLDER,PLACEHOLDER,NA,NA,NA,NA,NA,NA,NA,NA,NA,NA,NA,NA,NA,NA,9,21,100,7,40,26,14,15,79,14,NA,NA,NA,15,NA,NA,NA,NA,83,NA,NA,NA,NA,NA,9,30,11,21,52,19,5,NA,NA,NA,NA,NA,NA,5,NA,15,NA,NA,22,3,46,22,NA,11,39,17,29,23
2025,10232,Michael Wilson,WR,25.8,ARI,10,PLACEHOLDER,PLACEHOLDER,10,PLACEHOLDER,PLACEHOLDER,PLACEHOLDER,PLACEHOLDER,PLACEHOLDER,PLACEHOLDER,PLACEHOLDER,PLACEHOLDER,NA,NA,NA,NA,NA,NA,NA,NA,NA,NA,NA,NA,NA,NA,13,14,38,11,11,10,26,17,53,44,NA,NA,NA,17,NA,NA,NA,NA,27,NA,NA,NA,NA,NA,9,11,46,21,2,23,45,NA,NA,NA,NA,NA,NA,43,NA,17,NA,NA,24,3,46,24,NA,11,5,35,34,7
2025,11597,Theo Johnson,TE,24.8,NYG,18,PLACEHOLDER,PLACEHOLDER,18,PLACEHOLDER,PLACEHOLDER,PLACEHOLDER,PLACEHOLDER,PLACEHOLDER,PLACEHOLDER,PLACEHOLDER,PLACEHOLDER,NA,NA,NA,NA,NA,NA,NA,NA,NA,NA,NA,NA,NA,NA,23,15,64,21,13,16,30,19,17,34,NA,NA,NA,20,NA,NA,NA,NA,5,NA,NA,NA,NA,NA,19,18,43,25,12,16,36,NA,NA,NA,NA,NA,NA,40,NA,20,NA,NA,21,1,14,21,NA,6,44,17,23,24
2025,12540,Chimere Dike,WR,24.0,TEN,50,PLACEHOLDER,PLACEHOLDER,50,PLACEHOLDER,PLACEHOLDER,PLACEHOLDER,PLACEHOLDER,PLACEHOLDER,PLACEHOLDER,PLACEHOLDER,PLACEHOLDER,NA,NA,NA,NA,NA,NA,NA,NA,NA,NA,NA,NA,NA,NA,43,90,79,74,40,47,39,68,118,102,7,NA,43,65,14,NA,34,NA,69,NA,NA,NA,NA,NA,72,43,129,86,57,51,80,NA,NA,NA,NA,NA,NA,85,NA,68,NA,NA,79,3,22,81,NA,11,32,62,46,45
2025,12497,Tory Horton,WR,23.0,SEA,92,PLACEHOLDER,PLACEHOLDER,92,PLACEHOLDER,PLACEHOLDER,PLACEHOLDER,PLACEHOLDER,PLACEHOLDER,PLACEHOLDER,PLACEHOLDER,PLACEHOLDER,NA,NA,NA,NA,NA,NA,NA,NA,NA,NA,NA,NA,NA,NA,118,114,1,150,32,120,133,123,64,70,NA,NA,NA,104,NA,NA,NA,NA,101,NA,NA,NA,NA,NA,122,125,96,106,111,102,48,NA,NA,NA,NA,NA,NA,114,NA,125,NA,NA,97,3,46,93,NA,11,10,102,36,55
2025,12485,Tez Johnson,WR,23.6,TB,66,PLACEHOLDER,PLACEHOLDER,66,PLACEHOLDER,PLACEHOLDER,PLACEHOLDER,PLACEHOLDER,PLACEHOLDER,PLACEHOLDER,PLACEHOLDER,PLACEHOLDER,NA,NA,NA,NA,NA,NA,NA,NA,NA,NA,NA,NA,NA,NA,88,85,79,98,32,86,76,86,88,70,16,NA,43,80,14,NA,27,NA,102,NA,NA,NA,NA,NA,85,81,102,95,80,85,76,NA,NA,NA,NA,NA,NA,89,NA,85,NA,NA,89,3,20,93,NA,11,29,81,61,60
2025,7049,Jauan Jennings,WR,28.4,SF,33,PLACEHOLDER,PLACEHOLDER,33,PLACEHOLDER,PLACEHOLDER,PLACEHOLDER,PLACEHOLDER,PLACEHOLDER,PLACEHOLDER,PLACEHOLDER,PLACEHOLDER,NA,NA,NA,NA,NA,NA,NA,NA,NA,NA,NA,NA,NA,NA,36,39,100,38,6,37,50,42,83,78,NA,NA,NA,42,NA,NA,NA,NA,25,NA,NA,NA,NA,NA,32,38,49,41,33,39,62,NA,NA,NA,NA,NA,NA,61,NA,43,NA,NA,53,3,46,50,NA,11,62,34,16,43
2025,9508,Tyjae Spears,RB,24.5,TEN,42,PLACEHOLDER,PLACEHOLDER,42,PLACEHOLDER,PLACEHOLDER,PLACEHOLDER,PLACEHOLDER,PLACEHOLDER,PLACEHOLDER,PLACEHOLDER,PLACEHOLDER,NA,NA,NA,NA,NA,NA,NA,NA,NA,NA,NA,NA,NA,NA,10,90,50,17,45,12,10,25,42,33,56,55,61,43,49,57,59,NA,42,30,29,1,59,1,52,50,47,47,NA,16,NA,NA,NA,NA,NA,NA,NA,NA,NA,50,NA,NA,45,2,45,17,83,6,18,40,48,43
2025,12524,Shedeur Sanders,QB,23.8,CLE,37,PLACEHOLDER,PLACEHOLDER,37,PLACEHOLDER,PLACEHOLDER,PLACEHOLDER,PLACEHOLDER,PLACEHOLDER,PLACEHOLDER,PLACEHOLDER,PLACEHOLDER,48,39,35,36,38,25,34,46,36,24,36,35,33,11,NA,NA,NA,NA,NA,NA,NA,NA,4,3,34,21,34,22,22,NA,22,NA,35,NA,NA,NA,34,NA,NA,NA,43,40,NA,NA,NA,38,46,2,32,1,47,NA,40,36,NA,19,32,34,14,3,NA,1,34,37,37,34
2025,5872,Deebo Samuel,WR,29.9,WAS,25,PLACEHOLDER,PLACEHOLDER,25,PLACEHOLDER,PLACEHOLDER,PLACEHOLDER,PLACEHOLDER,PLACEHOLDER,PLACEHOLDER,PLACEHOLDER,PLACEHOLDER,NA,NA,NA,NA,NA,NA,NA,NA,NA,NA,NA,NA,NA,NA,19,72,141,38,32,29,7,32,108,68,1,1,6,27,1,NA,9,NA,45,NA,NA,NA,3,NA,32,18,104,44,41,15,37,NA,NA,NA,NA,NA,NA,53,NA,27,NA,NA,40,3,5,45,NA,11,89,22,36,31
2025,12545,Tyler Shough,QB,26.2,NO,26,PLACEHOLDER,PLACEHOLDER,26,PLACEHOLDER,PLACEHOLDER,PLACEHOLDER,PLACEHOLDER,PLACEHOLDER,PLACEHOLDER,PLACEHOLDER,PLACEHOLDER,13,21,25,24,25,28,18,20,25,34,30,25,14,25,NA,NA,NA,NA,NA,NA,NA,NA,4,3,19,15,30,18,11,NA,18,NA,37,NA,NA,NA,26,NA,NA,NA,33,25,NA,NA,NA,26,26,11,15,33,16,NA,25,25,19,27,18,20,19,3,NA,1,5,29,14,28
2025,8131,Isaiah Likely,TE,25.6,BAL,45,PLACEHOLDER,PLACEHOLDER,45,PLACEHOLDER,PLACEHOLDER,PLACEHOLDER,PLACEHOLDER,PLACEHOLDER,PLACEHOLDER,PLACEHOLDER,PLACEHOLDER,NA,NA,NA,NA,NA,NA,NA,NA,NA,NA,NA,NA,NA,NA,42,33,15,44,47,43,44,36,21,15,NA,NA,NA,36,NA,NA,NA,NA,31,NA,NA,NA,NA,NA,47,44,50,45,38,34,23,NA,NA,NA,NA,NA,NA,40,NA,36,NA,NA,38,1,14,38,NA,6,57,30,34,44
2025,9487,Parker Washington,WR,23.7,JAX,27,PLACEHOLDER,PLACEHOLDER,27,PLACEHOLDER,PLACEHOLDER,PLACEHOLDER,PLACEHOLDER,PLACEHOLDER,PLACEHOLDER,PLACEHOLDER,PLACEHOLDER,NA,NA,NA,NA,NA,NA,NA,NA,NA,NA,NA,NA,NA,NA,33,25,146,27,32,32,29,24,27,22,16,NA,24,25,14,NA,58,NA,65,NA,NA,NA,NA,NA,28,30,69,42,46,35,20,NA,NA,NA,NA,NA,NA,30,NA,25,NA,NA,36,3,46,34,NA,11,3,55,33,34
2025,12495,Ollie Gordon,RB,21.9,MIA,NA,PLACEHOLDER,PLACEHOLDER,NA,PLACEHOLDER,PLACEHOLDER,PLACEHOLDER,PLACEHOLDER,PLACEHOLDER,PLACEHOLDER,PLACEHOLDER,PLACEHOLDER,NA,NA,NA,NA,NA,NA,NA,NA,NA,NA,NA,NA,NA,NA,78,62,26,84,26,75,74,78,NA,NA,57,43,50,NA,43,63,66,NA,NA,62,NA,NA,51,NA,57,59,NA,NA,NA,NA,NA,NA,NA,NA,NA,NA,NA,NA,NA,70,NA,NA,NA,NA,NA,NA,76,NA,NA,NA,65,62
2025,11647,Kimani Vidal,RB,24.3,LAC,40,PLACEHOLDER,PLACEHOLDER,40,PLACEHOLDER,PLACEHOLDER,PLACEHOLDER,PLACEHOLDER,PLACEHOLDER,PLACEHOLDER,PLACEHOLDER,PLACEHOLDER,NA,NA,NA,NA,NA,NA,NA,NA,NA,NA,NA,NA,NA,NA,53,69,50,46,26,50,43,50,13,15,32,59,35,34,43,35,32,30,20,36,38,33,36,38,38,33,44,36,NA,41,NA,NA,NA,NA,NA,NA,NA,NA,NA,37,NA,NA,32,2,27,38,27,6,41,37,32,30
2025,12469,Dylan Sampson,RB,21.2,CLE,NA,PLACEHOLDER,PLACEHOLDER,NA,PLACEHOLDER,PLACEHOLDER,PLACEHOLDER,PLACEHOLDER,PLACEHOLDER,PLACEHOLDER,PLACEHOLDER,PLACEHOLDER,NA,NA,NA,NA,NA,NA,NA,NA,NA,NA,NA,NA,NA,NA,23,74,1,41,14,26,19,23,NA,NA,59,43,62,NA,78,59,70,NA,NA,52,NA,NA,64,NA,61,53,NA,NA,NA,NA,NA,NA,NA,NA,NA,NA,NA,NA,NA,54,NA,NA,NA,NA,NA,NA,82,NA,NA,NA,51,50
2025,11576,Braelon Allen,RB,21.9,NYJ,NA,PLACEHOLDER,PLACEHOLDER,NA,PLACEHOLDER,PLACEHOLDER,PLACEHOLDER,PLACEHOLDER,PLACEHOLDER,PLACEHOLDER,PLACEHOLDER,PLACEHOLDER,NA,NA,NA,NA,NA,NA,NA,NA,NA,NA,NA,NA,NA,NA,NA,NA,NA,NA,NA,NA,NA,NA,NA,NA,87,84,90,NA,58,89,84,NA,NA,92,NA,NA,85,NA,84,86,NA,NA,NA,NA,NA,NA,NA,NA,NA,NA,NA,NA,NA,85,NA,NA,NA,NA,NA,NA,62,NA,NA,NA,NA,NA
2025,12536,Jaylin Noel,WR,23.3,HOU,NA,PLACEHOLDER,PLACEHOLDER,NA,PLACEHOLDER,PLACEHOLDER,PLACEHOLDER,PLACEHOLDER,PLACEHOLDER,PLACEHOLDER,PLACEHOLDER,PLACEHOLDER,NA,NA,NA,NA,NA,NA,NA,NA,NA,NA,NA,NA,NA,NA,91,92,38,98,70,102,82,94,NA,NA,21,NA,43,NA,14,NA,44,NA,NA,NA,NA,NA,NA,NA,99,93,NA,NA,NA,NA,NA,NA,NA,NA,NA,NA,NA,NA,NA,91,NA,NA,NA,NA,NA,NA,NA,NA,NA,NA,107,85
2025,11625,Adonai Mitchell,WR,23.2,IND,72,PLACEHOLDER,PLACEHOLDER,72,PLACEHOLDER,PLACEHOLDER,PLACEHOLDER,PLACEHOLDER,PLACEHOLDER,PLACEHOLDER,PLACEHOLDER,PLACEHOLDER,NA,NA,NA,NA,NA,NA,NA,NA,NA,NA,NA,NA,NA,NA,69,54,79,86,70,47,89,61,43,95,NA,NA,NA,62,NA,NA,NA,NA,97,NA,NA,NA,NA,NA,87,50,135,100,73,44,56,NA,NA,NA,NA,NA,NA,87,NA,65,NA,NA,74,3,113,73,NA,11,42,78,76,51
2025,12504,Kaleb Johnson,RB,22.3,PIT,NA,PLACEHOLDER,PLACEHOLDER,NA,PLACEHOLDER,PLACEHOLDER,PLACEHOLDER,PLACEHOLDER,PLACEHOLDER,PLACEHOLDER,PLACEHOLDER,PLACEHOLDER,NA,NA,NA,NA,NA,NA,NA,NA,NA,NA,NA,NA,NA,NA,NA,NA,NA,NA,NA,NA,NA,NA,NA,NA,76,65,94,NA,78,81,88,NA,NA,79,NA,NA,92,NA,NA,NA,NA,NA,NA,NA,NA,NA,NA,NA,NA,NA,NA,NA,NA,NA,NA,NA,NA,NA,NA,NA,71,NA,NA,NA,68,79
2025,4037,Chris Godwin,WR,29.8,TB,77,PLACEHOLDER,PLACEHOLDER,77,PLACEHOLDER,PLACEHOLDER,PLACEHOLDER,PLACEHOLDER,PLACEHOLDER,PLACEHOLDER,PLACEHOLDER,PLACEHOLDER,NA,NA,NA,NA,NA,NA,NA,NA,NA,NA,NA,NA,NA,NA,69,105,38,65,70,77,43,79,98,79,NA,NA,NA,77,NA,NA,NA,NA,47,NA,NA,NA,NA,NA,68,81,39,43,85,75,63,NA,NA,NA,NA,NA,NA,41,NA,82,NA,NA,57,3,46,55,NA,11,66,73,53,59
2025,12547,Kyle Williams,WR,23.1,NE,NA,PLACEHOLDER,PLACEHOLDER,NA,PLACEHOLDER,PLACEHOLDER,PLACEHOLDER,PLACEHOLDER,PLACEHOLDER,PLACEHOLDER,PLACEHOLDER,PLACEHOLDER,NA,NA,NA,NA,NA,NA,NA,NA,NA,NA,NA,NA,NA,NA,131,113,38,132,53,123,90,111,NA,NA,NA,NA,43,NA,14,NA,57,NA,NA,NA,NA,NA,NA,NA,122,120,NA,NA,NA,NA,NA,NA,NA,NA,NA,NA,NA,NA,NA,113,NA,NA,NA,NA,NA,NA,NA,NA,NA,NA,82,86
2025,5844,T.J. Hockenson,TE,28.4,MIN,26,PLACEHOLDER,PLACEHOLDER,26,PLACEHOLDER,PLACEHOLDER,PLACEHOLDER,PLACEHOLDER,PLACEHOLDER,PLACEHOLDER,PLACEHOLDER,PLACEHOLDER,NA,NA,NA,NA,NA,NA,NA,NA,NA,NA,NA,NA,NA,NA,17,26,50,24,25,22,26,26,50,40,NA,NA,NA,27,NA,NA,NA,NA,14,NA,NA,NA,NA,NA,27,23,44,28,13,19,47,NA,NA,NA,NA,NA,NA,43,NA,27,NA,NA,27,1,14,26,NA,6,52,14,35,36
2025,6806,J.K. Dobbins,RB,27.0,DEN,41,PLACEHOLDER,PLACEHOLDER,41,PLACEHOLDER,PLACEHOLDER,PLACEHOLDER,PLACEHOLDER,PLACEHOLDER,PLACEHOLDER,PLACEHOLDER,PLACEHOLDER,NA,NA,NA,NA,NA,NA,NA,NA,NA,NA,NA,NA,NA,NA,64,53,26,84,45,63,75,75,51,47,33,32,30,31,38,29,25,7,30,41,16,37,32,30,42,39,41,21,NA,44,NA,NA,NA,NA,NA,NA,NA,NA,NA,33,NA,NA,17,2,6,45,11,6,47,36,20,47
2025,6783,Jerry Jeudy,WR,26.6,CLE,52,PLACEHOLDER,PLACEHOLDER,52,PLACEHOLDER,PLACEHOLDER,PLACEHOLDER,PLACEHOLDER,PLACEHOLDER,PLACEHOLDER,PLACEHOLDER,PLACEHOLDER,NA,NA,NA,NA,NA,NA,NA,NA,NA,NA,NA,NA,NA,NA,40,44,152,34,70,23,53,46,70,104,NA,NA,NA,46,NA,NA,NA,NA,17,NA,NA,NA,NA,NA,41,26,112,59,6,27,87,NA,NA,NA,NA,NA,NA,79,NA,47,NA,NA,64,3,42,64,NA,11,118,33,82,61
2025,8676,Rashid Shaheed,WR,27.3,NO,39,PLACEHOLDER,PLACEHOLDER,39,PLACEHOLDER,PLACEHOLDER,PLACEHOLDER,PLACEHOLDER,PLACEHOLDER,PLACEHOLDER,PLACEHOLDER,PLACEHOLDER,NA,NA,NA,NA,NA,NA,NA,NA,NA,NA,NA,NA,NA,NA,30,33,1,38,70,34,51,38,84,63,14,NA,6,33,14,NA,10,NA,66,NA,NA,NA,NA,NA,41,32,98,64,24,25,59,NA,NA,NA,NA,NA,NA,63,NA,33,NA,NA,56,3,8,58,NA,11,75,32,53,48
2025,2216,Mike Evans,WR,32.3,TB,75,PLACEHOLDER,PLACEHOLDER,74,PLACEHOLDER,PLACEHOLDER,PLACEHOLDER,PLACEHOLDER,PLACEHOLDER,PLACEHOLDER,PLACEHOLDER,PLACEHOLDER,NA,NA,NA,NA,NA,NA,NA,NA,NA,NA,NA,NA,NA,NA,81,60,79,64,53,60,126,76,65,97,NA,NA,NA,74,NA,NA,NA,NA,61,NA,NA,NA,NA,NA,64,62,66,26,92,64,43,NA,NA,NA,NA,NA,NA,18,NA,79,NA,NA,45,3,46,43,NA,11,126,58,22,65
2025,12535,Isaac TeSlaa,WR,23.8,DET,81,PLACEHOLDER,PLACEHOLDER,81,PLACEHOLDER,PLACEHOLDER,PLACEHOLDER,PLACEHOLDER,PLACEHOLDER,PLACEHOLDER,PLACEHOLDER,PLACEHOLDER,NA,NA,NA,NA,NA,NA,NA,NA,NA,NA,NA,NA,NA,NA,112,96,1,111,18,113,112,105,20,NA,NA,NA,NA,NA,NA,NA,NA,NA,121,NA,NA,NA,NA,NA,95,114,6,112,NA,NA,NA,NA,NA,NA,NA,NA,NA,NA,NA,106,NA,NA,NA,NA,NA,NA,NA,NA,NA,NA,82,78
2025,9506,Sean Tucker,RB,24.1,TB,NA,PLACEHOLDER,PLACEHOLDER,NA,PLACEHOLDER,PLACEHOLDER,PLACEHOLDER,PLACEHOLDER,PLACEHOLDER,PLACEHOLDER,PLACEHOLDER,PLACEHOLDER,NA,NA,NA,NA,NA,NA,NA,NA,NA,NA,NA,NA,NA,NA,72,45,26,84,26,72,76,77,NA,NA,52,48,57,NA,17,56,55,NA,NA,65,NA,NA,50,NA,55,56,NA,NA,NA,NA,NA,NA,NA,NA,NA,NA,NA,NA,NA,64,NA,NA,NA,NA,NA,NA,48,NA,NA,NA,63,41
2025,7527,Mac Jones,QB,27.2,SF,31,PLACEHOLDER,PLACEHOLDER,31,PLACEHOLDER,PLACEHOLDER,PLACEHOLDER,PLACEHOLDER,PLACEHOLDER,PLACEHOLDER,PLACEHOLDER,PLACEHOLDER,4,27,27,26,26,23,18,14,28,12,28,28,13,27,NA,NA,NA,NA,NA,NA,NA,NA,4,3,25,21,24,32,36,NA,38,NA,38,NA,NA,NA,26,NA,NA,NA,11,25,NA,NA,NA,26,9,17,46,41,34,NA,27,28,11,10,30,27,33,3,NA,1,4,36,27,26
2025,12492,Pat Bryant,WR,23.0,DEN,83,PLACEHOLDER,PLACEHOLDER,83,PLACEHOLDER,PLACEHOLDER,PLACEHOLDER,PLACEHOLDER,PLACEHOLDER,PLACEHOLDER,PLACEHOLDER,PLACEHOLDER,NA,NA,NA,NA,NA,NA,NA,NA,NA,NA,NA,NA,NA,NA,78,81,100,61,92,79,60,73,68,52,NA,NA,NA,72,NA,NA,NA,NA,105,NA,NA,NA,NA,NA,66,84,25,73,76,83,70,NA,NA,NA,NA,NA,NA,39,NA,77,NA,NA,81,3,46,79,NA,11,19,100,71,91
2025,10213,Tre Tucker,WR,24.8,LV,38,PLACEHOLDER,PLACEHOLDER,38,PLACEHOLDER,PLACEHOLDER,PLACEHOLDER,PLACEHOLDER,PLACEHOLDER,PLACEHOLDER,PLACEHOLDER,PLACEHOLDER,NA,NA,NA,NA,NA,NA,NA,NA,NA,NA,NA,NA,NA,NA,35,48,117,38,32,34,22,37,67,57,7,NA,24,34,14,NA,13,NA,2,NA,NA,NA,NA,NA,39,28,95,56,7,31,79,NA,NA,NA,NA,NA,NA,81,NA,34,NA,NA,52,3,11,53,NA,11,33,37,50,25
2025,12476,Devin Neal,RB,22.3,NO,47,PLACEHOLDER,PLACEHOLDER,47,PLACEHOLDER,PLACEHOLDER,PLACEHOLDER,PLACEHOLDER,PLACEHOLDER,PLACEHOLDER,PLACEHOLDER,PLACEHOLDER,NA,NA,NA,NA,NA,NA,NA,NA,NA,NA,NA,NA,NA,NA,51,69,26,52,45,55,50,51,40,NA,63,75,66,NA,49,66,64,NA,48,67,NA,NA,66,NA,65,62,51,48,NA,NA,NA,NA,NA,NA,NA,NA,NA,NA,NA,67,NA,NA,NA,NA,NA,NA,71,NA,NA,NA,58,59
2025,11603,AJ Barner,TE,23.6,SEA,14,PLACEHOLDER,PLACEHOLDER,14,PLACEHOLDER,PLACEHOLDER,PLACEHOLDER,PLACEHOLDER,PLACEHOLDER,PLACEHOLDER,PLACEHOLDER,PLACEHOLDER,NA,NA,NA,NA,NA,NA,NA,NA,NA,NA,NA,NA,NA,NA,16,21,36,21,8,21,16,20,35,27,2,NA,2,19,1,NA,4,NA,15,NA,NA,NA,NA,NA,11,16,17,18,19,16,26,NA,NA,NA,NA,NA,NA,34,NA,19,NA,NA,25,1,3,25,NA,6,13,15,18,18
2025,5012,Mark Andrews,TE,30.2,BAL,16,PLACEHOLDER,PLACEHOLDER,16,PLACEHOLDER,PLACEHOLDER,PLACEHOLDER,PLACEHOLDER,PLACEHOLDER,PLACEHOLDER,PLACEHOLDER,PLACEHOLDER,NA,NA,NA,NA,NA,NA,NA,NA,NA,NA,NA,NA,NA,NA,21,16,50,24,13,18,50,27,47,47,2,NA,3,25,1,NA,3,NA,26,NA,NA,NA,NA,NA,14,14,29,21,21,10,39,NA,NA,NA,NA,NA,NA,33,NA,25,NA,NA,31,1,2,33,NA,6,56,10,28,14
2025,11637,Keon Coleman,WR,22.6,BUF,60,PLACEHOLDER,PLACEHOLDER,60,PLACEHOLDER,PLACEHOLDER,PLACEHOLDER,PLACEHOLDER,PLACEHOLDER,PLACEHOLDER,PLACEHOLDER,PLACEHOLDER,NA,NA,NA,NA,NA,NA,NA,NA,NA,NA,NA,NA,NA,NA,59,62,79,56,40,63,84,69,105,84,NA,NA,NA,68,NA,NA,NA,NA,63,NA,NA,NA,NA,NA,58,67,30,49,74,58,68,NA,NA,NA,NA,NA,NA,40,NA,72,NA,NA,69,3,46,68,NA,11,90,54,67,58
2025,11618,Jalen McMillan,WR,24.0,TB,118,PLACEHOLDER,PLACEHOLDER,118,PLACEHOLDER,PLACEHOLDER,PLACEHOLDER,PLACEHOLDER,PLACEHOLDER,PLACEHOLDER,PLACEHOLDER,PLACEHOLDER,NA,NA,NA,NA,NA,NA,NA,NA,NA,NA,NA,NA,NA,NA,120,119,38,111,129,135,108,120,23,3,NA,NA,NA,103,NA,NA,NA,NA,88,NA,NA,NA,NA,NA,117,139,11,49,113,109,21,NA,NA,NA,NA,NA,NA,14,NA,122,NA,NA,50,3,44,48,NA,11,6,113,NA,NA
2025,12487,Terrance Ferguson,TE,22.8,LAR,51,PLACEHOLDER,PLACEHOLDER,51,PLACEHOLDER,PLACEHOLDER,PLACEHOLDER,PLACEHOLDER,PLACEHOLDER,PLACEHOLDER,PLACEHOLDER,PLACEHOLDER,NA,NA,NA,NA,NA,NA,NA,NA,NA,NA,NA,NA,NA,NA,62,32,1,57,25,54,67,48,1,NA,NA,NA,NA,NA,NA,NA,NA,NA,60,NA,NA,NA,NA,NA,53,52,42,48,NA,NA,NA,NA,NA,NA,NA,NA,NA,NA,NA,50,NA,NA,NA,NA,NA,NA,NA,NA,NA,NA,31,42
2025,11655,Tyrone Tracy,RB,26.0,NYG,28,PLACEHOLDER,PLACEHOLDER,28,PLACEHOLDER,PLACEHOLDER,PLACEHOLDER,PLACEHOLDER,PLACEHOLDER,PLACEHOLDER,PLACEHOLDER,PLACEHOLDER,NA,NA,NA,NA,NA,NA,NA,NA,NA,NA,NA,NA,NA,NA,15,63,67,10,14,16,20,17,19,17,25,48,25,22,49,31,28,29,26,26,40,27,30,31,25,23,30,25,NA,14,NA,NA,NA,NA,NA,NA,NA,NA,NA,22,NA,NA,26,2,28,18,35,6,21,31,36,22
2025,12509,Tre Harris,WR,23.8,LAC,88,PLACEHOLDER,PLACEHOLDER,88,PLACEHOLDER,PLACEHOLDER,PLACEHOLDER,PLACEHOLDER,PLACEHOLDER,PLACEHOLDER,PLACEHOLDER,PLACEHOLDER,NA,NA,NA,NA,NA,NA,NA,NA,NA,NA,NA,NA,NA,NA,81,94,38,71,92,89,65,85,101,59,NA,NA,43,83,14,NA,50,NA,109,NA,NA,NA,NA,NA,79,89,49,94,79,88,78,NA,NA,NA,NA,NA,NA,54,NA,88,NA,NA,98,3,32,97,NA,11,23,97,111,112
2025,12533,Jacory Croskey-Merritt,RB,24.6,WAS,33,PLACEHOLDER,PLACEHOLDER,33,PLACEHOLDER,PLACEHOLDER,PLACEHOLDER,PLACEHOLDER,PLACEHOLDER,PLACEHOLDER,PLACEHOLDER,PLACEHOLDER,NA,NA,NA,NA,NA,NA,NA,NA,NA,NA,NA,NA,NA,NA,68,35,1,57,45,66,67,63,28,NA,26,19,30,NA,12,23,23,18,47,25,NA,NA,27,NA,34,31,33,44,NA,NA,NA,NA,NA,NA,NA,NA,NA,NA,NA,31,NA,NA,NA,NA,NA,NA,18,NA,NA,NA,39,26
2025,11646,Jalen Coker,WR,24.1,CAR,68,PLACEHOLDER,PLACEHOLDER,68,PLACEHOLDER,PLACEHOLDER,PLACEHOLDER,PLACEHOLDER,PLACEHOLDER,PLACEHOLDER,PLACEHOLDER,PLACEHOLDER,NA,NA,NA,NA,NA,NA,NA,NA,NA,NA,NA,NA,NA,NA,69,64,1,65,53,89,80,72,78,19,NA,NA,NA,70,NA,NA,NA,NA,58,NA,NA,NA,NA,NA,66,91,8,49,75,82,66,NA,NA,NA,NA,NA,NA,51,NA,75,NA,NA,63,3,46,63,NA,11,26,79,49,61
2025,5022,Dallas Goedert,TE,30.9,PHI,7,PLACEHOLDER,PLACEHOLDER,7,PLACEHOLDER,PLACEHOLDER,PLACEHOLDER,PLACEHOLDER,PLACEHOLDER,PLACEHOLDER,PLACEHOLDER,PLACEHOLDER,NA,NA,NA,NA,NA,NA,NA,NA,NA,NA,NA,NA,NA,NA,10,13,57,15,1,11,23,14,36,33,NA,NA,NA,14,NA,NA,NA,NA,8,NA,NA,NA,NA,NA,12,12,22,13,11,11,35,NA,NA,NA,NA,NA,NA,36,NA,14,NA,NA,17,1,14,17,NA,6,6,12,12,7
2025,8408,Jordan Mason,RB,26.5,MIN,36,PLACEHOLDER,PLACEHOLDER,36,PLACEHOLDER,PLACEHOLDER,PLACEHOLDER,PLACEHOLDER,PLACEHOLDER,PLACEHOLDER,PLACEHOLDER,PLACEHOLDER,NA,NA,NA,NA,NA,NA,NA,NA,NA,NA,NA,NA,NA,NA,56,76,1,72,45,59,60,71,50,45,30,27,22,31,24,25,26,12,43,22,10,14,23,12,30,35,16,37,NA,42,NA,NA,NA,NA,NA,NA,NA,NA,NA,33,NA,NA,39,2,29,46,12,6,54,27,54,44
2025,1466,Travis Kelce,TE,36.2,KC,3,PLACEHOLDER,PLACEHOLDER,3,PLACEHOLDER,PLACEHOLDER,PLACEHOLDER,PLACEHOLDER,PLACEHOLDER,PLACEHOLDER,PLACEHOLDER,PLACEHOLDER,NA,NA,NA,NA,NA,NA,NA,NA,NA,NA,NA,NA,NA,NA,6,7,68,3,13,4,3,4,23,24,NA,NA,NA,4,NA,NA,NA,NA,11,NA,NA,NA,NA,NA,3,5,21,6,2,5,22,NA,NA,NA,NA,NA,NA,19,NA,4,NA,NA,8,1,12,8,NA,6,22,3,8,10
2025,12521,Elijah Arroyo,TE,22.7,SEA,57,PLACEHOLDER,PLACEHOLDER,57,PLACEHOLDER,PLACEHOLDER,PLACEHOLDER,PLACEHOLDER,PLACEHOLDER,PLACEHOLDER,PLACEHOLDER,PLACEHOLDER,NA,NA,NA,NA,NA,NA,NA,NA,NA,NA,NA,NA,NA,NA,55,48,15,57,47,51,57,53,12,NA,NA,NA,NA,NA,NA,NA,NA,NA,58,NA,NA,NA,NA,NA,59,52,59,58,NA,NA,NA,NA,NA,NA,NA,NA,NA,NA,NA,54,NA,NA,NA,NA,NA,NA,NA,NA,NA,NA,52,54
2025,7567,Kenneth Gainwell,RB,26.7,PIT,16,PLACEHOLDER,PLACEHOLDER,16,PLACEHOLDER,PLACEHOLDER,PLACEHOLDER,PLACEHOLDER,PLACEHOLDER,PLACEHOLDER,PLACEHOLDER,PLACEHOLDER,NA,NA,NA,NA,NA,NA,NA,NA,NA,NA,NA,NA,NA,NA,4,73,50,4,9,5,5,5,34,23,47,16,35,23,30,41,40,14,35,38,13,19,35,15,21,28,5,30,NA,5,NA,NA,NA,NA,NA,NA,NA,NA,NA,23,NA,NA,31,2,44,6,25,6,5,24,24,13
2025,8111,Cade Otton,TE,26.6,TB,22,PLACEHOLDER,PLACEHOLDER,22,PLACEHOLDER,PLACEHOLDER,PLACEHOLDER,PLACEHOLDER,PLACEHOLDER,PLACEHOLDER,PLACEHOLDER,PLACEHOLDER,NA,NA,NA,NA,NA,NA,NA,NA,NA,NA,NA,NA,NA,NA,12,20,15,14,47,13,11,15,39,36,NA,NA,NA,15,NA,NA,NA,NA,1,NA,NA,NA,NA,NA,19,13,48,27,9,14,38,NA,NA,NA,NA,NA,NA,38,NA,15,NA,NA,19,1,14,19,NA,6,34,20,24,22
2025,3214,Hunter Henry,TE,31.0,NE,9,PLACEHOLDER,PLACEHOLDER,9,PLACEHOLDER,PLACEHOLDER,PLACEHOLDER,PLACEHOLDER,PLACEHOLDER,PLACEHOLDER,PLACEHOLDER,PLACEHOLDER,NA,NA,NA,NA,NA,NA,NA,NA,NA,NA,NA,NA,NA,NA,10,6,50,7,5,9,10,7,8,12,NA,NA,NA,7,NA,NA,NA,NA,12,NA,NA,NA,NA,NA,5,10,8,9,8,7,15,NA,NA,NA,NA,NA,NA,14,NA,7,NA,NA,13,1,14,13,NA,6,43,9,18,8
2025,4033,David Njoku,TE,29.4,CLE,34,PLACEHOLDER,PLACEHOLDER,34,PLACEHOLDER,PLACEHOLDER,PLACEHOLDER,PLACEHOLDER,PLACEHOLDER,PLACEHOLDER,PLACEHOLDER,PLACEHOLDER,NA,NA,NA,NA,NA,NA,NA,NA,NA,NA,NA,NA,NA,NA,35,44,15,51,19,33,35,39,46,45,NA,NA,NA,38,NA,NA,NA,NA,23,NA,NA,NA,NA,NA,47,35,64,40,30,33,46,NA,NA,NA,NA,NA,NA,53,NA,39,NA,NA,35,1,14,35,NA,6,55,25,30,31
2025,7611,Rhamondre Stevenson,RB,27.8,NE,25,PLACEHOLDER,PLACEHOLDER,25,PLACEHOLDER,PLACEHOLDER,PLACEHOLDER,PLACEHOLDER,PLACEHOLDER,PLACEHOLDER,PLACEHOLDER,PLACEHOLDER,NA,NA,NA,NA,NA,NA,NA,NA,NA,NA,NA,NA,NA,NA,28,3,1,21,14,30,26,11,1,1,41,20,45,25,17,34,34,16,18,39,11,28,42,23,36,39,27,40,NA,27,NA,NA,NA,NA,NA,NA,NA,NA,NA,25,NA,NA,27,2,34,10,16,6,1,35,22,14
2025,11626,Xavier Legette,WR,24.8,CAR,70,PLACEHOLDER,PLACEHOLDER,70,PLACEHOLDER,PLACEHOLDER,PLACEHOLDER,PLACEHOLDER,PLACEHOLDER,PLACEHOLDER,PLACEHOLDER,PLACEHOLDER,NA,NA,NA,NA,NA,NA,NA,NA,NA,NA,NA,NA,NA,NA,66,66,79,79,53,58,93,77,107,105,NA,NA,NA,76,NA,NA,NA,NA,54,NA,NA,NA,NA,NA,79,59,117,85,47,56,95,NA,NA,NA,NA,NA,NA,101,NA,81,NA,NA,83,3,46,82,NA,11,87,63,71,47
2025,8136,Rachaad White,RB,26.9,TB,32,PLACEHOLDER,PLACEHOLDER,32,PLACEHOLDER,PLACEHOLDER,PLACEHOLDER,PLACEHOLDER,PLACEHOLDER,PLACEHOLDER,PLACEHOLDER,PLACEHOLDER,NA,NA,NA,NA,NA,NA,NA,NA,NA,NA,NA,NA,NA,NA,11,92,1,17,45,19,17,29,45,38,38,32,30,33,38,39,36,27,31,35,26,21,32,25,28,33,14,41,NA,23,NA,NA,NA,NA,NA,NA,NA,NA,NA,35,NA,NA,41,2,41,33,45,6,48,26,45,38
2025,9225,Tank Bigsby,RB,24.3,PHI,NA,PLACEHOLDER,PLACEHOLDER,NA,PLACEHOLDER,PLACEHOLDER,PLACEHOLDER,PLACEHOLDER,PLACEHOLDER,PLACEHOLDER,PLACEHOLDER,PLACEHOLDER,NA,NA,NA,NA,NA,NA,NA,NA,NA,NA,NA,NA,NA,NA,85,30,NA,72,45,84,79,78,NA,NA,60,32,56,NA,49,53,52,NA,NA,56,NA,NA,57,NA,62,67,NA,NA,NA,NA,NA,NA,NA,NA,NA,NA,NA,NA,NA,61,NA,NA,NA,NA,NA,NA,30,NA,NA,NA,61,57
2025,3257,Jacoby Brissett,QB,33.0,ARI,16,PLACEHOLDER,PLACEHOLDER,16,PLACEHOLDER,PLACEHOLDER,PLACEHOLDER,PLACEHOLDER,PLACEHOLDER,PLACEHOLDER,PLACEHOLDER,PLACEHOLDER,24,12,13,14,13,42,27,17,15,44,14,14,24,28,NA,NA,NA,NA,NA,NA,NA,NA,4,3,23,15,15,23,22,NA,23,NA,33,NA,NA,NA,16,NA,NA,NA,19,1,NA,NA,NA,13,21,3,44,7,43,NA,20,15,6,21,1,1,20,3,NA,1,8,26,NA,NA
2025,12510,Jalen Milroe,QB,23.0,SEA,NA,PLACEHOLDER,PLACEHOLDER,NA,PLACEHOLDER,PLACEHOLDER,PLACEHOLDER,PLACEHOLDER,PLACEHOLDER,PLACEHOLDER,PLACEHOLDER,PLACEHOLDER,NA,NA,NA,NA,NA,NA,NA,NA,NA,NA,NA,NA,NA,NA,NA,NA,NA,NA,NA,NA,NA,NA,NA,NA,60,NA,56,NA,36,NA,56,NA,NA,NA,NA,NA,NA,NA,NA,NA,NA,NA,NA,NA,NA,NA,NA,NA,NA,NA,NA,NA,NA,NA,NA,NA,NA,NA,NA,NA,NA,NA,NA,NA,NA,NA
2025,5967,Tony Pollard,RB,28.6,TEN,23,PLACEHOLDER,PLACEHOLDER,23,PLACEHOLDER,PLACEHOLDER,PLACEHOLDER,PLACEHOLDER,PLACEHOLDER,PLACEHOLDER,PLACEHOLDER,PLACEHOLDER,NA,NA,NA,NA,NA,NA,NA,NA,NA,NA,NA,NA,NA,NA,23,15,50,14,45,24,37,32,39,35,13,12,15,19,30,11,13,22,14,11,19,22,18,21,18,16,48,26,NA,28,NA,NA,NA,NA,NA,NA,NA,NA,NA,19,NA,NA,24,2,15,36,17,6,19,22,33,32
2025,9486,Dontayvion Wicks,WR,24.5,GB,82,PLACEHOLDER,PLACEHOLDER,82,PLACEHOLDER,PLACEHOLDER,PLACEHOLDER,PLACEHOLDER,PLACEHOLDER,PLACEHOLDER,PLACEHOLDER,PLACEHOLDER,NA,NA,NA,NA,NA,NA,NA,NA,NA,NA,NA,NA,NA,NA,81,70,79,65,70,81,101,83,95,76,NA,NA,NA,81,NA,NA,NA,NA,103,NA,NA,NA,NA,NA,68,86,27,72,90,71,58,NA,NA,NA,NA,NA,NA,26,NA,86,NA,NA,84,3,36,83,NA,11,31,85,98,71
2025,12455,Brashard Smith,RB,22.7,KC,NA,PLACEHOLDER,PLACEHOLDER,NA,PLACEHOLDER,PLACEHOLDER,PLACEHOLDER,PLACEHOLDER,PLACEHOLDER,PLACEHOLDER,PLACEHOLDER,PLACEHOLDER,NA,NA,NA,NA,NA,NA,NA,NA,NA,NA,NA,NA,NA,NA,36,83,26,41,26,34,30,39,NA,NA,67,84,77,NA,78,75,72,NA,NA,50,NA,NA,78,NA,69,59,NA,NA,NA,NA,NA,NA,NA,NA,NA,NA,NA,NA,NA,66,NA,NA,NA,NA,NA,NA,67,NA,NA,NA,65,65
2025,9494,Marvin Mims,WR,23.7,DEN,65,PLACEHOLDER,PLACEHOLDER,65,PLACEHOLDER,PLACEHOLDER,PLACEHOLDER,PLACEHOLDER,PLACEHOLDER,PLACEHOLDER,PLACEHOLDER,PLACEHOLDER,NA,NA,NA,NA,NA,NA,NA,NA,NA,NA,NA,NA,NA,NA,61,128,38,86,92,77,32,86,119,NA,6,NA,12,NA,1,NA,8,NA,127,NA,NA,NA,NA,NA,82,60,120,NA,NA,NA,NA,NA,NA,NA,NA,NA,NA,NA,NA,73,NA,NA,NA,NA,NA,NA,NA,NA,NA,NA,71,64
2025,9511,Keaton Mitchell,RB,23.9,BAL,NA,PLACEHOLDER,PLACEHOLDER,NA,PLACEHOLDER,PLACEHOLDER,PLACEHOLDER,PLACEHOLDER,PLACEHOLDER,PLACEHOLDER,PLACEHOLDER,PLACEHOLDER,NA,NA,NA,NA,NA,NA,NA,NA,NA,NA,NA,NA,NA,NA,68,55,26,63,45,69,62,67,NA,NA,61,65,57,NA,58,55,53,NA,NA,70,NA,NA,59,NA,64,64,NA,NA,NA,NA,NA,NA,NA,NA,NA,NA,NA,NA,NA,60,NA,NA,NA,NA,NA,NA,41,NA,NA,NA,68,67
2025,4035,Alvin Kamara,RB,30.4,NO,43,PLACEHOLDER,PLACEHOLDER,43,PLACEHOLDER,PLACEHOLDER,PLACEHOLDER,PLACEHOLDER,PLACEHOLDER,PLACEHOLDER,PLACEHOLDER,PLACEHOLDER,NA,NA,NA,NA,NA,NA,NA,NA,NA,NA,NA,NA,NA,NA,23,50,50,35,45,28,37,37,43,39,40,38,49,39,58,45,46,45,13,41,36,32,51,34,51,38,55,45,NA,30,NA,NA,NA,NA,NA,NA,NA,NA,NA,42,NA,NA,33,2,35,25,84,6,58,29,28,51
2025,4199,Aaron Jones,RB,31.0,MIN,39,PLACEHOLDER,PLACEHOLDER,39,PLACEHOLDER,PLACEHOLDER,PLACEHOLDER,PLACEHOLDER,PLACEHOLDER,PLACEHOLDER,PLACEHOLDER,PLACEHOLDER,NA,NA,NA,NA,NA,NA,NA,NA,NA,NA,NA,NA,NA,NA,33,66,50,30,26,24,31,33,33,37,38,48,41,36,49,46,37,30,23,48,41,41,43,44,42,36,46,33,NA,17,NA,NA,NA,NA,NA,NA,NA,NA,NA,39,NA,NA,30,2,31,27,44,6,46,33,37,45
2025,8205,Isiah Pacheco,RB,26.8,KC,45,PLACEHOLDER,PLACEHOLDER,45,PLACEHOLDER,PLACEHOLDER,PLACEHOLDER,PLACEHOLDER,PLACEHOLDER,PLACEHOLDER,PLACEHOLDER,PLACEHOLDER,NA,NA,NA,NA,NA,NA,NA,NA,NA,NA,NA,NA,NA,NA,46,54,67,57,26,47,54,54,46,44,46,65,41,42,58,48,47,38,28,53,35,45,45,43,47,44,43,46,NA,39,NA,NA,NA,NA,NA,NA,NA,NA,NA,49,NA,NA,44,2,39,44,66,6,49,41,42,55
2025,7002,Juwan Johnson,TE,29.2,NO,8,PLACEHOLDER,PLACEHOLDER,8,PLACEHOLDER,PLACEHOLDER,PLACEHOLDER,PLACEHOLDER,PLACEHOLDER,PLACEHOLDER,PLACEHOLDER,PLACEHOLDER,NA,NA,NA,NA,NA,NA,NA,NA,NA,NA,NA,NA,NA,NA,5,3,66,4,25,7,5,3,20,13,NA,NA,NA,3,NA,NA,NA,NA,18,NA,NA,NA,NA,NA,6,8,27,10,4,7,16,NA,NA,NA,NA,NA,NA,21,NA,3,NA,NA,7,1,14,7,NA,6,20,6,8,23
2025,8154,Brian Robinson,RB,26.7,SF,NA,PLACEHOLDER,PLACEHOLDER,NA,PLACEHOLDER,PLACEHOLDER,PLACEHOLDER,PLACEHOLDER,PLACEHOLDER,PLACEHOLDER,PLACEHOLDER,PLACEHOLDER,NA,NA,NA,NA,NA,NA,NA,NA,NA,NA,NA,NA,NA,NA,72,37,1,72,45,69,82,84,NA,NA,50,27,50,NA,49,49,50,NA,NA,55,NA,NA,54,NA,59,55,NA,NA,NA,NA,NA,NA,NA,NA,NA,NA,NA,NA,NA,56,NA,NA,NA,NA,NA,NA,52,NA,NA,NA,68,66
2025,9502,Tank Dell,WR,26.1,HOU,130,PLACEHOLDER,PLACEHOLDER,129,PLACEHOLDER,PLACEHOLDER,PLACEHOLDER,PLACEHOLDER,PLACEHOLDER,PLACEHOLDER,PLACEHOLDER,PLACEHOLDER,NA,NA,NA,NA,NA,NA,NA,NA,NA,NA,NA,NA,NA,NA,NA,NA,NA,NA,NA,NA,NA,NA,129,116,NA,NA,NA,116,NA,NA,NA,NA,NA,NA,NA,NA,NA,NA,NA,NA,NA,NA,115,NA,NA,NA,NA,NA,NA,NA,NA,NA,NA,157,NA,NA,NA,NA,NA,NA,NA,11,43,116,NA,NA
2025,9501,Demario Douglas,WR,25.0,NE,NA,PLACEHOLDER,PLACEHOLDER,NA,PLACEHOLDER,PLACEHOLDER,PLACEHOLDER,PLACEHOLDER,PLACEHOLDER,PLACEHOLDER,PLACEHOLDER,PLACEHOLDER,NA,NA,NA,NA,NA,NA,NA,NA,NA,NA,NA,NA,NA,NA,78,80,79,80,53,81,40,62,NA,NA,16,NA,12,NA,14,NA,29,NA,NA,NA,NA,NA,NA,NA,73,77,NA,NA,NA,NA,NA,NA,NA,NA,NA,NA,NA,NA,NA,62,NA,NA,NA,NA,NA,NA,NA,NA,NA,NA,82,70
2025,11435,Emanuel Wilson,RB,26.6,GB,NA,PLACEHOLDER,PLACEHOLDER,NA,PLACEHOLDER,PLACEHOLDER,PLACEHOLDER,PLACEHOLDER,PLACEHOLDER,PLACEHOLDER,PLACEHOLDER,PLACEHOLDER,NA,NA,NA,NA,NA,NA,NA,NA,NA,NA,NA,NA,NA,NA,54,69,26,46,45,57,52,56,NA,NA,42,43,35,NA,43,43,45,35,NA,45,NA,NA,36,NA,42,45,NA,NA,NA,NA,NA,NA,NA,NA,NA,NA,NA,NA,NA,46,NA,NA,NA,NA,NA,NA,54,NA,NA,NA,56,42
2025,11583,Jonathon Brooks,RB,22.4,CAR,59,PLACEHOLDER,PLACEHOLDER,52,PLACEHOLDER,PLACEHOLDER,PLACEHOLDER,PLACEHOLDER,PLACEHOLDER,PLACEHOLDER,PLACEHOLDER,PLACEHOLDER,NA,NA,NA,NA,NA,NA,NA,NA,NA,NA,NA,NA,NA,NA,NA,NA,NA,NA,NA,NA,NA,NA,52,48,NA,NA,NA,48,NA,NA,NA,NA,NA,NA,NA,NA,NA,NA,NA,NA,NA,NA,NA,NA,NA,NA,NA,NA,NA,NA,NA,NA,NA,95,NA,NA,NA,NA,NA,NA,69,6,23,48,NA,NA
2025,11610,Malik Washington,WR,24.9,MIA,54,PLACEHOLDER,PLACEHOLDER,54,PLACEHOLDER,PLACEHOLDER,PLACEHOLDER,PLACEHOLDER,PLACEHOLDER,PLACEHOLDER,PLACEHOLDER,PLACEHOLDER,NA,NA,NA,NA,NA,NA,NA,NA,NA,NA,NA,NA,NA,NA,48,135,38,86,53,55,31,88,127,107,1,1,2,66,1,NA,2,NA,76,NA,NA,NA,1,NA,68,48,124,83,63,48,97,NA,NA,NA,NA,NA,NA,103,NA,70,NA,NA,82,3,2,98,NA,11,85,50,107,88
2025,10444,Cedric Tillman,WR,25.6,CLE,94,PLACEHOLDER,PLACEHOLDER,94,PLACEHOLDER,PLACEHOLDER,PLACEHOLDER,PLACEHOLDER,PLACEHOLDER,PLACEHOLDER,PLACEHOLDER,PLACEHOLDER,NA,NA,NA,NA,NA,NA,NA,NA,NA,NA,NA,NA,NA,NA,99,88,38,98,70,91,106,101,54,82,NA,NA,NA,92,NA,NA,NA,NA,64,NA,NA,NA,NA,NA,99,95,87,95,70,92,100,NA,NA,NA,NA,NA,NA,104,NA,100,NA,NA,92,3,46,89,NA,11,111,69,91,91
2025,12503,Isaiah Bond,WR,21.7,CLE,99,PLACEHOLDER,PLACEHOLDER,99,PLACEHOLDER,PLACEHOLDER,PLACEHOLDER,PLACEHOLDER,PLACEHOLDER,PLACEHOLDER,PLACEHOLDER,PLACEHOLDER,NA,NA,NA,NA,NA,NA,NA,NA,NA,NA,NA,NA,NA,NA,106,74,100,98,129,86,90,82,3,53,26,NA,24,75,14,NA,21,NA,98,NA,NA,NA,NA,NA,102,84,128,114,66,85,89,NA,NA,NA,NA,NA,NA,105,NA,80,NA,NA,85,3,15,88,NA,11,95,86,111,108
2025,7591,Justin Fields,QB,26.8,NYJ,28,PLACEHOLDER,PLACEHOLDER,28,PLACEHOLDER,PLACEHOLDER,PLACEHOLDER,PLACEHOLDER,PLACEHOLDER,PLACEHOLDER,PLACEHOLDER,PLACEHOLDER,34,36,36,35,36,19,2,25,35,28,36,37,39,40,NA,NA,NA,NA,NA,NA,NA,NA,4,3,9,9,9,8,8,NA,7,NA,30,NA,NA,NA,10,NA,NA,NA,37,35,NA,NA,NA,36,39,40,42,2,37,NA,35,35,24,34,36,40,1,3,NA,1,32,28,18,16
2025,9229,Anthony Richardson,QB,23.6,IND,NA,PLACEHOLDER,PLACEHOLDER,NA,PLACEHOLDER,PLACEHOLDER,PLACEHOLDER,PLACEHOLDER,PLACEHOLDER,PLACEHOLDER,PLACEHOLDER,PLACEHOLDER,NA,NA,NA,NA,NA,NA,NA,NA,NA,NA,NA,NA,NA,NA,NA,NA,NA,NA,NA,NA,NA,NA,NA,NA,59,NA,49,NA,36,NA,60,NA,NA,NA,NA,NA,NA,NA,NA,NA,NA,NA,NA,NA,NA,NA,NA,NA,NA,NA,NA,NA,NA,NA,NA,NA,NA,NA,NA,NA,NA,NA,NA,NA,NA,NA
2025,11571,Isaiah Davis,RB,23.8,NYJ,NA,PLACEHOLDER,PLACEHOLDER,NA,PLACEHOLDER,PLACEHOLDER,PLACEHOLDER,PLACEHOLDER,PLACEHOLDER,PLACEHOLDER,PLACEHOLDER,PLACEHOLDER,NA,NA,NA,NA,NA,NA,NA,NA,NA,NA,NA,NA,NA,NA,43,14,26,30,45,45,42,37,NA,NA,70,65,71,NA,58,62,62,NA,NA,72,NA,NA,71,NA,65,64,NA,NA,NA,NA,NA,NA,NA,NA,NA,NA,NA,NA,NA,57,NA,NA,NA,NA,NA,NA,43,NA,NA,NA,54,53
2025,12483,Jack Bech,WR,23.0,LV,110,PLACEHOLDER,PLACEHOLDER,110,PLACEHOLDER,PLACEHOLDER,PLACEHOLDER,PLACEHOLDER,PLACEHOLDER,PLACEHOLDER,PLACEHOLDER,PLACEHOLDER,NA,NA,NA,NA,NA,NA,NA,NA,NA,NA,NA,NA,NA,NA,101,104,38,98,129,110,98,109,93,NA,NA,NA,NA,NA,NA,NA,NA,NA,128,NA,NA,NA,NA,NA,107,110,64,NA,NA,NA,NA,NA,NA,NA,NA,NA,NA,NA,NA,110,NA,NA,NA,NA,NA,NA,NA,NA,NA,NA,111,117
2025,5001,Dalton Schultz,TE,29.4,HOU,10,PLACEHOLDER,PLACEHOLDER,10,PLACEHOLDER,PLACEHOLDER,PLACEHOLDER,PLACEHOLDER,PLACEHOLDER,PLACEHOLDER,PLACEHOLDER,PLACEHOLDER,NA,NA,NA,NA,NA,NA,NA,NA,NA,NA,NA,NA,NA,NA,3,8,36,6,25,6,6,6,41,28,NA,NA,NA,6,NA,NA,NA,NA,19,NA,NA,NA,NA,NA,7,6,35,12,6,6,21,NA,NA,NA,NA,NA,NA,17,NA,6,NA,NA,12,1,14,11,NA,6,7,13,5,15
2025,10219,Chris Rodriguez,RB,25.2,WAS,NA,PLACEHOLDER,PLACEHOLDER,NA,PLACEHOLDER,PLACEHOLDER,PLACEHOLDER,PLACEHOLDER,PLACEHOLDER,PLACEHOLDER,PLACEHOLDER,PLACEHOLDER,NA,NA,NA,NA,NA,NA,NA,NA,NA,NA,NA,NA,NA,NA,85,15,NA,72,45,84,85,80,NA,NA,48,22,41,NA,24,37,44,23,57,43,NA,NA,36,NA,46,51,7,NA,NA,NA,NA,NA,NA,NA,NA,NA,NA,NA,NA,51,NA,NA,NA,NA,NA,NA,33,NA,NA,NA,37,52
2025,9757,Kendre Miller,RB,23.5,NO,NA,PLACEHOLDER,PLACEHOLDER,NA,PLACEHOLDER,PLACEHOLDER,PLACEHOLDER,PLACEHOLDER,PLACEHOLDER,PLACEHOLDER,PLACEHOLDER,PLACEHOLDER,NA,NA,NA,NA,NA,NA,NA,NA,NA,NA,NA,NA,NA,NA,79,27,1,72,45,83,82,80,NA,NA,65,38,68,NA,58,58,68,NA,NA,53,NA,NA,67,NA,72,71,NA,NA,NA,NA,NA,NA,NA,NA,NA,NA,NA,NA,NA,72,NA,NA,NA,NA,NA,NA,57,NA,NA,NA,49,69
2025,12502,Gunnar Helm,TE,23.2,TEN,31,PLACEHOLDER,PLACEHOLDER,31,PLACEHOLDER,PLACEHOLDER,PLACEHOLDER,PLACEHOLDER,PLACEHOLDER,PLACEHOLDER,PLACEHOLDER,PLACEHOLDER,NA,NA,NA,NA,NA,NA,NA,NA,NA,NA,NA,NA,NA,NA,24,30,36,34,35,26,36,32,56,42,NA,NA,NA,32,NA,NA,NA,NA,37,NA,NA,NA,NA,NA,36,28,47,36,32,30,32,NA,NA,NA,NA,NA,NA,29,NA,32,NA,NA,37,1,14,37,NA,6,19,35,38,39
2025,7090,Darnell Mooney,WR,28.1,ATL,78,PLACEHOLDER,PLACEHOLDER,78,PLACEHOLDER,PLACEHOLDER,PLACEHOLDER,PLACEHOLDER,PLACEHOLDER,PLACEHOLDER,PLACEHOLDER,PLACEHOLDER,NA,NA,NA,NA,NA,NA,NA,NA,NA,NA,NA,NA,NA,NA,76,55,128,50,92,52,95,64,40,94,NA,NA,NA,64,NA,NA,NA,NA,24,NA,NA,NA,NA,NA,61,53,82,68,33,50,91,NA,NA,NA,NA,NA,NA,73,NA,67,NA,NA,72,3,46,71,NA,11,128,47,102,91
2025,11600,Ja'Tavion Sanders,TE,22.7,CAR,50,PLACEHOLDER,PLACEHOLDER,50,PLACEHOLDER,PLACEHOLDER,PLACEHOLDER,PLACEHOLDER,PLACEHOLDER,PLACEHOLDER,PLACEHOLDER,PLACEHOLDER,NA,NA,NA,NA,NA,NA,NA,NA,NA,NA,NA,NA,NA,NA,40,47,15,51,47,45,52,52,62,50,NA,NA,NA,48,NA,NA,NA,NA,44,NA,NA,NA,NA,NA,57,47,63,49,39,41,49,NA,NA,NA,NA,NA,NA,51,NA,53,NA,NA,44,1,14,43,NA,6,58,33,48,47
2025,8147,John Metchie,WR,25.4,PHI,85,PLACEHOLDER,PLACEHOLDER,85,PLACEHOLDER,PLACEHOLDER,PLACEHOLDER,PLACEHOLDER,PLACEHOLDER,PLACEHOLDER,PLACEHOLDER,PLACEHOLDER,NA,NA,NA,NA,NA,NA,NA,NA,NA,NA,NA,NA,NA,NA,69,108,100,86,70,80,63,99,122,103,36,NA,43,93,14,NA,61,NA,111,NA,NA,NA,NA,NA,87,81,113,95,87,69,81,NA,NA,NA,NA,NA,NA,69,NA,101,NA,NA,102,3,114,101,NA,11,86,84,71,82
2025,3321,Tyreek Hill,WR,31.8,MIA,100,PLACEHOLDER,PLACEHOLDER,100,PLACEHOLDER,PLACEHOLDER,PLACEHOLDER,PLACEHOLDER,PLACEHOLDER,PLACEHOLDER,PLACEHOLDER,PLACEHOLDER,NA,NA,NA,NA,NA,NA,NA,NA,NA,NA,NA,NA,NA,NA,99,88,1,74,92,110,111,102,58,20,NA,NA,NA,94,NA,NA,NA,NA,52,NA,NA,NA,NA,NA,82,110,2,5,112,96,3,NA,NA,NA,NA,NA,NA,1,NA,102,NA,NA,16,3,46,15,NA,11,97,94,NA,NA
2025,1479,Keenan Allen,WR,33.6,LAC,29,PLACEHOLDER,PLACEHOLDER,29,PLACEHOLDER,PLACEHOLDER,PLACEHOLDER,PLACEHOLDER,PLACEHOLDER,PLACEHOLDER,PLACEHOLDER,PLACEHOLDER,NA,NA,NA,NA,NA,NA,NA,NA,NA,NA,NA,NA,NA,NA,11,29,141,8,40,12,32,30,113,92,NA,NA,NA,31,NA,NA,NA,NA,79,NA,NA,NA,NA,NA,13,13,47,24,33,14,39,NA,NA,NA,NA,NA,NA,13,NA,31,NA,NA,46,3,46,44,NA,11,76,27,50,28
2025,7571,Rashod Bateman,WR,26.0,BAL,98,PLACEHOLDER,PLACEHOLDER,98,PLACEHOLDER,PLACEHOLDER,PLACEHOLDER,PLACEHOLDER,PLACEHOLDER,PLACEHOLDER,PLACEHOLDER,PLACEHOLDER,NA,NA,NA,NA,NA,NA,NA,NA,NA,NA,NA,NA,NA,NA,103,94,100,106,70,94,122,109,81,100,NA,NA,NA,99,NA,NA,NA,NA,53,NA,NA,NA,NA,NA,102,98,99,102,71,78,107,NA,NA,NA,NA,NA,NA,107,NA,110,NA,NA,103,3,46,103,NA,11,122,65,91,97
2025,11643,Jaylen Wright,RB,22.7,MIA,NA,PLACEHOLDER,PLACEHOLDER,NA,PLACEHOLDER,PLACEHOLDER,PLACEHOLDER,PLACEHOLDER,PLACEHOLDER,PLACEHOLDER,PLACEHOLDER,PLACEHOLDER,NA,NA,NA,NA,NA,NA,NA,NA,NA,NA,NA,NA,NA,NA,79,50,26,63,45,75,73,72,NA,NA,57,55,57,NA,49,54,58,NA,NA,58,NA,NA,58,NA,62,59,NA,NA,NA,NA,NA,NA,NA,NA,NA,NA,NA,NA,NA,65,NA,NA,NA,NA,NA,NA,56,NA,NA,NA,43,61
2025,9482,Michael Mayer,TE,24.4,LV,38,PLACEHOLDER,PLACEHOLDER,38,PLACEHOLDER,PLACEHOLDER,PLACEHOLDER,PLACEHOLDER,PLACEHOLDER,PLACEHOLDER,PLACEHOLDER,PLACEHOLDER,NA,NA,NA,NA,NA,NA,NA,NA,NA,NA,NA,NA,NA,NA,32,45,15,28,47,29,29,35,42,41,NA,NA,NA,34,NA,NA,NA,NA,35,NA,NA,NA,NA,NA,35,30,37,32,35,29,24,NA,NA,NA,NA,NA,NA,13,NA,34,NA,NA,33,1,14,32,NA,6,48,32,31,33
2025,8122,Bam Knight,RB,24.7,ARI,NA,PLACEHOLDER,PLACEHOLDER,NA,PLACEHOLDER,PLACEHOLDER,PLACEHOLDER,PLACEHOLDER,PLACEHOLDER,PLACEHOLDER,PLACEHOLDER,PLACEHOLDER,NA,NA,NA,NA,NA,NA,NA,NA,NA,NA,NA,NA,NA,NA,42,12,26,21,26,40,49,43,NA,NA,55,48,54,NA,38,72,61,NA,52,58,NA,NA,51,NA,47,52,10,NA,NA,NA,NA,NA,NA,NA,NA,NA,NA,NA,NA,55,NA,NA,NA,NA,NA,NA,NA,NA,NA,NA,NA,NA
2025,6826,Cole Kmet,TE,26.8,CHI,36,PLACEHOLDER,PLACEHOLDER,36,PLACEHOLDER,PLACEHOLDER,PLACEHOLDER,PLACEHOLDER,PLACEHOLDER,PLACEHOLDER,PLACEHOLDER,PLACEHOLDER,NA,NA,NA,NA,NA,NA,NA,NA,NA,NA,NA,NA,NA,NA,38,30,36,34,35,33,37,33,19,32,NA,NA,NA,33,NA,NA,NA,NA,20,NA,NA,NA,NA,NA,36,31,41,36,21,35,48,NA,NA,NA,NA,NA,NA,47,NA,33,NA,NA,39,1,14,39,NA,6,36,34,50,46
2025,12541,Dont'e Thornton,WR,23.0,LV,121,PLACEHOLDER,PLACEHOLDER,121,PLACEHOLDER,PLACEHOLDER,PLACEHOLDER,PLACEHOLDER,PLACEHOLDER,PLACEHOLDER,PLACEHOLDER,PLACEHOLDER,NA,NA,NA,NA,NA,NA,NA,NA,NA,NA,NA,NA,NA,NA,131,125,100,115,129,108,124,126,46,112,NA,NA,NA,106,NA,NA,NA,NA,99,NA,NA,NA,NA,NA,122,109,130,122,94,NA,109,NA,NA,NA,NA,NA,NA,108,NA,130,NA,NA,113,3,46,113,NA,11,116,92,111,132
2025,12531,Trevor Etienne,RB,21.4,CAR,NA,PLACEHOLDER,PLACEHOLDER,NA,PLACEHOLDER,PLACEHOLDER,PLACEHOLDER,PLACEHOLDER,PLACEHOLDER,PLACEHOLDER,PLACEHOLDER,PLACEHOLDER,NA,NA,NA,NA,NA,NA,NA,NA,NA,NA,NA,NA,NA,NA,85,18,NA,72,45,90,91,90,NA,NA,85,75,71,NA,78,80,80,NA,NA,79,NA,NA,75,NA,78,85,NA,NA,NA,NA,NA,NA,NA,NA,NA,NA,NA,NA,NA,NA,NA,NA,NA,NA,NA,NA,51,NA,NA,NA,68,76
2025,12457,Jaydon Blue,RB,21.9,DAL,NA,PLACEHOLDER,PLACEHOLDER,NA,PLACEHOLDER,PLACEHOLDER,PLACEHOLDER,PLACEHOLDER,PLACEHOLDER,PLACEHOLDER,PLACEHOLDER,PLACEHOLDER,NA,NA,NA,NA,NA,NA,NA,NA,NA,NA,NA,NA,NA,NA,NA,NA,NA,NA,NA,NA,NA,NA,NA,NA,71,65,71,NA,58,84,73,NA,NA,87,NA,NA,71,NA,NA,NA,NA,NA,NA,NA,NA,NA,NA,NA,NA,NA,NA,NA,NA,80,NA,NA,NA,NA,NA,NA,NA,NA,NA,NA,NA,NA
2025,7600,Pat Freiermuth,TE,27.1,PIT,25,PLACEHOLDER,PLACEHOLDER,25,PLACEHOLDER,PLACEHOLDER,PLACEHOLDER,PLACEHOLDER,PLACEHOLDER,PLACEHOLDER,PLACEHOLDER,PLACEHOLDER,NA,NA,NA,NA,NA,NA,NA,NA,NA,NA,NA,NA,NA,NA,27,25,1,28,19,27,19,24,13,10,NA,NA,NA,24,NA,NA,NA,NA,43,NA,NA,NA,NA,NA,29,29,28,34,23,27,28,NA,NA,NA,NA,NA,NA,39,NA,24,NA,NA,28,1,14,28,NA,6,46,27,42,26
2025,4098,Kareem Hunt,RB,30.3,KC,31,PLACEHOLDER,PLACEHOLDER,31,PLACEHOLDER,PLACEHOLDER,PLACEHOLDER,PLACEHOLDER,PLACEHOLDER,PLACEHOLDER,PLACEHOLDER,PLACEHOLDER,NA,NA,NA,NA,NA,NA,NA,NA,NA,NA,NA,NA,NA,NA,48,37,26,35,26,48,48,47,22,23,29,38,11,35,12,30,33,41,38,33,27,30,12,29,15,31,3,20,NA,40,NA,NA,NA,NA,NA,NA,NA,NA,NA,38,NA,NA,42,2,38,43,38,6,37,32,33,37
2025,12471,DJ Giddens,RB,22.3,IND,NA,PLACEHOLDER,PLACEHOLDER,NA,PLACEHOLDER,PLACEHOLDER,PLACEHOLDER,PLACEHOLDER,PLACEHOLDER,PLACEHOLDER,PLACEHOLDER,PLACEHOLDER,NA,NA,NA,NA,NA,NA,NA,NA,NA,NA,NA,NA,NA,NA,NA,NA,NA,NA,NA,NA,NA,NA,NA,NA,79,84,77,NA,78,79,78,NA,NA,87,NA,NA,78,NA,NA,NA,NA,NA,NA,NA,NA,NA,NA,NA,NA,NA,NA,NA,NA,NA,NA,NA,NA,NA,NA,NA,64,NA,NA,NA,68,75
2025,10226,Andrei Iosivas,WR,26.2,CIN,69,PLACEHOLDER,PLACEHOLDER,69,PLACEHOLDER,PLACEHOLDER,PLACEHOLDER,PLACEHOLDER,PLACEHOLDER,PLACEHOLDER,PLACEHOLDER,PLACEHOLDER,NA,NA,NA,NA,NA,NA,NA,NA,NA,NA,NA,NA,NA,NA,69,58,128,56,70,65,79,66,48,62,36,NA,43,62,14,NA,38,NA,33,NA,NA,NA,NA,NA,62,62,55,76,10,75,105,NA,NA,NA,NA,NA,NA,97,NA,65,NA,NA,78,3,25,77,NA,11,71,67,82,77
2025,5848,Marquise Brown,WR,28.5,KC,43,PLACEHOLDER,PLACEHOLDER,43,PLACEHOLDER,PLACEHOLDER,PLACEHOLDER,PLACEHOLDER,PLACEHOLDER,PLACEHOLDER,PLACEHOLDER,PLACEHOLDER,NA,NA,NA,NA,NA,NA,NA,NA,NA,NA,NA,NA,NA,NA,42,51,100,50,32,47,49,48,74,45,NA,NA,NA,49,NA,NA,NA,NA,93,NA,NA,NA,NA,NA,48,51,56,63,59,54,44,NA,NA,NA,NA,NA,NA,49,NA,50,NA,NA,62,3,46,61,NA,11,13,53,61,49
2025,10218,Xavier Hutchinson,WR,25.5,HOU,64,PLACEHOLDER,PLACEHOLDER,64,PLACEHOLDER,PLACEHOLDER,PLACEHOLDER,PLACEHOLDER,PLACEHOLDER,PLACEHOLDER,PLACEHOLDER,PLACEHOLDER,NA,NA,NA,NA,NA,NA,NA,NA,NA,NA,NA,NA,NA,NA,66,67,38,74,53,66,61,67,66,60,36,NA,12,61,14,NA,27,NA,75,NA,NA,NA,NA,NA,68,64,80,83,49,68,84,NA,NA,NA,NA,NA,NA,95,NA,64,NA,NA,77,3,21,80,NA,11,7,90,65,61
2025,8210,Chigoziem Okonkwo,TE,26.2,TEN,21,PLACEHOLDER,PLACEHOLDER,21,PLACEHOLDER,PLACEHOLDER,PLACEHOLDER,PLACEHOLDER,PLACEHOLDER,PLACEHOLDER,PLACEHOLDER,PLACEHOLDER,NA,NA,NA,NA,NA,NA,NA,NA,NA,NA,NA,NA,NA,NA,15,27,57,16,35,14,9,17,34,35,NA,NA,NA,17,NA,NA,NA,NA,27,NA,NA,NA,NA,NA,22,15,52,30,15,18,33,NA,NA,NA,NA,NA,NA,35,NA,17,NA,NA,22,1,14,23,NA,6,31,23,28,31
2025,9479,Darnell Washington,TE,24.3,PIT,39,PLACEHOLDER,PLACEHOLDER,39,PLACEHOLDER,PLACEHOLDER,PLACEHOLDER,PLACEHOLDER,PLACEHOLDER,PLACEHOLDER,PLACEHOLDER,PLACEHOLDER,NA,NA,NA,NA,NA,NA,NA,NA,NA,NA,NA,NA,NA,NA,37,43,57,34,47,37,24,31,15,18,NA,NA,NA,31,NA,NA,NA,NA,33,NA,NA,NA,NA,NA,39,38,34,38,44,37,7,NA,NA,NA,NA,NA,NA,11,NA,31,NA,NA,36,1,14,36,NA,6,27,38,52,48
2025,11650,Luke McCaffrey,WR,24.7,WAS,NA,PLACEHOLDER,PLACEHOLDER,NA,PLACEHOLDER,PLACEHOLDER,PLACEHOLDER,PLACEHOLDER,PLACEHOLDER,PLACEHOLDER,PLACEHOLDER,PLACEHOLDER,NA,NA,NA,NA,NA,NA,NA,NA,NA,NA,NA,NA,NA,NA,125,108,1,142,53,135,97,114,NA,NA,NA,NA,NA,NA,NA,NA,NA,NA,136,NA,NA,NA,NA,NA,132,140,49,NA,NA,NA,NA,NA,NA,NA,NA,NA,NA,NA,NA,115,NA,NA,NA,NA,NA,NA,NA,NA,NA,NA,76,90
2025,6149,Darius Slayton,WR,28.9,NYG,63,PLACEHOLDER,PLACEHOLDER,63,PLACEHOLDER,PLACEHOLDER,PLACEHOLDER,PLACEHOLDER,PLACEHOLDER,PLACEHOLDER,PLACEHOLDER,PLACEHOLDER,NA,NA,NA,NA,NA,NA,NA,NA,NA,NA,NA,NA,NA,NA,61,56,128,56,92,59,45,55,29,27,NA,NA,NA,55,NA,NA,NA,NA,28,NA,NA,NA,NA,NA,64,60,72,70,38,57,73,NA,NA,NA,NA,NA,NA,74,NA,56,NA,NA,59,3,46,57,NA,11,84,61,68,84
2025,12486,Dillon Gabriel,QB,24.9,CLE,40,PLACEHOLDER,PLACEHOLDER,40,PLACEHOLDER,PLACEHOLDER,PLACEHOLDER,PLACEHOLDER,PLACEHOLDER,PLACEHOLDER,PLACEHOLDER,PLACEHOLDER,43,42,38,38,41,18,4,39,40,19,36,40,47,46,NA,NA,NA,NA,NA,NA,NA,NA,4,3,42,21,39,30,36,NA,34,NA,41,NA,NA,NA,40,NA,NA,NA,44,42,NA,NA,NA,41,48,16,47,5,46,NA,37,40,NA,19,41,41,27,3,NA,1,39,39,32,37
2025,12641,Jaylin Lane,WR,23.6,WAS,105,PLACEHOLDER,PLACEHOLDER,105,PLACEHOLDER,PLACEHOLDER,PLACEHOLDER,PLACEHOLDER,PLACEHOLDER,PLACEHOLDER,PLACEHOLDER,PLACEHOLDER,NA,NA,NA,NA,NA,NA,NA,NA,NA,NA,NA,NA,NA,NA,112,93,38,106,129,107,122,108,38,NA,NA,NA,NA,NA,NA,NA,NA,NA,124,NA,NA,NA,NA,NA,112,107,110,117,NA,NA,NA,NA,NA,NA,NA,NA,NA,NA,NA,109,NA,NA,NA,NA,NA,NA,NA,NA,NA,NA,111,119
2025,11575,Ray Davis,RB,26.1,BUF,NA,PLACEHOLDER,PLACEHOLDER,NA,PLACEHOLDER,PLACEHOLDER,PLACEHOLDER,PLACEHOLDER,PLACEHOLDER,PLACEHOLDER,PLACEHOLDER,PLACEHOLDER,NA,NA,NA,NA,NA,NA,NA,NA,NA,NA,NA,NA,NA,NA,65,42,50,46,14,66,61,61,NA,NA,62,75,57,NA,78,64,60,NA,NA,75,NA,NA,61,NA,57,64,NA,NA,NA,NA,NA,NA,NA,NA,NA,NA,NA,NA,NA,63,NA,NA,NA,NA,NA,NA,47,NA,NA,NA,64,53
2025,4137,James Conner,RB,30.6,ARI,49,PLACEHOLDER,PLACEHOLDER,49,PLACEHOLDER,PLACEHOLDER,PLACEHOLDER,PLACEHOLDER,PLACEHOLDER,PLACEHOLDER,PLACEHOLDER,PLACEHOLDER,NA,NA,NA,NA,NA,NA,NA,NA,NA,NA,NA,NA,NA,NA,72,68,1,57,26,75,69,73,48,42,73,59,71,45,58,78,79,NA,33,67,43,3,71,7,71,77,13,23,NA,46,NA,NA,NA,NA,NA,NA,NA,NA,NA,81,NA,NA,43,2,43,34,NA,6,57,44,NA,NA
2025,9481,Luke Musgrave,TE,25.3,GB,52,PLACEHOLDER,PLACEHOLDER,52,PLACEHOLDER,PLACEHOLDER,PLACEHOLDER,PLACEHOLDER,PLACEHOLDER,PLACEHOLDER,PLACEHOLDER,PLACEHOLDER,NA,NA,NA,NA,NA,NA,NA,NA,NA,NA,NA,NA,NA,NA,46,34,15,42,61,49,59,46,30,22,NA,NA,NA,44,NA,NA,NA,NA,50,NA,NA,NA,NA,NA,47,50,38,51,46,42,29,NA,NA,NA,NA,NA,NA,26,NA,48,NA,NA,45,1,14,44,NA,6,50,39,52,57
2025,4066,Evan Engram,TE,31.3,DEN,29,PLACEHOLDER,PLACEHOLDER,29,PLACEHOLDER,PLACEHOLDER,PLACEHOLDER,PLACEHOLDER,PLACEHOLDER,PLACEHOLDER,PLACEHOLDER,PLACEHOLDER,NA,NA,NA,NA,NA,NA,NA,NA,NA,NA,NA,NA,NA,NA,18,36,69,27,47,15,14,25,43,46,NA,NA,NA,26,NA,NA,NA,NA,51,NA,NA,NA,NA,NA,33,17,60,35,17,21,40,NA,NA,NA,NA,NA,NA,42,NA,26,NA,NA,26,1,7,27,NA,6,53,18,38,38
2025,11630,Roman Wilson,WR,24.5,PIT,NA,PLACEHOLDER,PLACEHOLDER,NA,PLACEHOLDER,PLACEHOLDER,PLACEHOLDER,PLACEHOLDER,PLACEHOLDER,PLACEHOLDER,PLACEHOLDER,PLACEHOLDER,NA,NA,NA,NA,NA,NA,NA,NA,NA,NA,NA,NA,NA,NA,120,121,1,126,70,123,103,122,NA,NA,NA,NA,NA,NA,NA,NA,NA,NA,135,NA,NA,NA,NA,NA,122,127,87,NA,NA,NA,NA,NA,NA,NA,NA,NA,NA,NA,NA,124,NA,NA,NA,NA,NA,NA,NA,NA,NA,NA,91,103
2025,8180,Jalen Nailor,WR,26.8,MIN,61,PLACEHOLDER,PLACEHOLDER,61,PLACEHOLDER,PLACEHOLDER,PLACEHOLDER,PLACEHOLDER,PLACEHOLDER,PLACEHOLDER,PLACEHOLDER,PLACEHOLDER,NA,NA,NA,NA,NA,NA,NA,NA,NA,NA,NA,NA,NA,NA,84,58,38,65,40,71,75,63,14,33,NA,NA,24,60,14,NA,40,NA,62,NA,NA,NA,NA,NA,62,71,31,76,42,65,83,NA,NA,NA,NA,NA,NA,82,NA,63,NA,NA,75,3,28,75,NA,11,16,77,82,51
2025,11596,Ben Sinnott,TE,23.5,WAS,NA,PLACEHOLDER,PLACEHOLDER,NA,PLACEHOLDER,PLACEHOLDER,PLACEHOLDER,PLACEHOLDER,PLACEHOLDER,PLACEHOLDER,PLACEHOLDER,PLACEHOLDER,NA,NA,NA,NA,NA,NA,NA,NA,NA,NA,NA,NA,NA,NA,62,59,1,62,47,66,61,60,NA,NA,NA,NA,NA,NA,NA,NA,NA,NA,66,NA,NA,NA,NA,NA,63,66,30,NA,NA,NA,NA,NA,NA,NA,NA,NA,NA,NA,NA,61,NA,NA,NA,NA,NA,NA,NA,NA,NA,NA,52,60
2025,4950,Christian Kirk,WR,29.0,HOU,96,PLACEHOLDER,PLACEHOLDER,96,PLACEHOLDER,PLACEHOLDER,PLACEHOLDER,PLACEHOLDER,PLACEHOLDER,PLACEHOLDER,PLACEHOLDER,PLACEHOLDER,NA,NA,NA,NA,NA,NA,NA,NA,NA,NA,NA,NA,NA,NA,88,117,79,98,92,75,73,105,121,110,NA,NA,NA,97,NA,NA,NA,NA,100,NA,NA,NA,NA,NA,102,79,132,102,78,81,99,NA,NA,NA,NA,NA,NA,98,NA,106,NA,NA,100,3,46,100,NA,11,124,74,91,97
2025,8125,Calvin Austin III,WR,26.7,PIT,73,PLACEHOLDER,PLACEHOLDER,73,PLACEHOLDER,PLACEHOLDER,PLACEHOLDER,PLACEHOLDER,PLACEHOLDER,PLACEHOLDER,PLACEHOLDER,PLACEHOLDER,NA,NA,NA,NA,NA,NA,NA,NA,NA,NA,NA,NA,NA,NA,78,77,79,95,53,68,68,74,72,87,NA,NA,NA,73,NA,NA,NA,NA,85,NA,NA,NA,NA,NA,87,71,119,89,72,67,77,NA,NA,NA,NA,NA,NA,100,NA,78,NA,NA,76,3,46,74,NA,11,107,59,55,73
2025,8188,Tyquan Thornton,WR,25.3,KC,80,PLACEHOLDER,PLACEHOLDER,80,PLACEHOLDER,PLACEHOLDER,PLACEHOLDER,PLACEHOLDER,PLACEHOLDER,PLACEHOLDER,PLACEHOLDER,PLACEHOLDER,NA,NA,NA,NA,NA,NA,NA,NA,NA,NA,NA,NA,NA,NA,103,53,100,95,53,96,108,65,1,NA,NA,NA,NA,NA,NA,NA,NA,NA,120,NA,NA,NA,NA,NA,87,99,45,89,NA,NA,NA,NA,NA,NA,NA,NA,NA,NA,NA,69,NA,NA,NA,NA,NA,NA,NA,NA,NA,NA,55,71
2025,1373,Geno Smith,QB,35.2,LV,23,PLACEHOLDER,PLACEHOLDER,23,PLACEHOLDER,PLACEHOLDER,PLACEHOLDER,PLACEHOLDER,PLACEHOLDER,PLACEHOLDER,PLACEHOLDER,PLACEHOLDER,14,24,18,17,18,36,48,37,21,47,21,20,28,37,NA,NA,NA,NA,NA,NA,NA,NA,4,3,21,15,19,28,36,NA,31,NA,15,NA,NA,NA,23,NA,NA,NA,25,24,NA,NA,NA,19,23,28,29,14,40,NA,15,21,NA,19,28,23,31,3,NA,1,42,18,34,24
2025,12505,Jalen Royals,WR,22.8,KC,NA,PLACEHOLDER,PLACEHOLDER,NA,PLACEHOLDER,PLACEHOLDER,PLACEHOLDER,PLACEHOLDER,PLACEHOLDER,PLACEHOLDER,PLACEHOLDER,PLACEHOLDER,NA,NA,NA,NA,NA,NA,NA,NA,NA,NA,NA,NA,NA,NA,NA,NA,NA,NA,NA,NA,NA,NA,NA,NA,NA,NA,NA,NA,NA,NA,NA,NA,NA,NA,NA,NA,NA,NA,165,162,NA,NA,NA,NA,NA,NA,NA,NA,NA,NA,NA,NA,NA,NA,NA,NA,NA,NA,NA,NA,NA,NA,NA,NA,NA,NA
2025,6130,Devin Singletary,RB,28.3,NYG,NA,PLACEHOLDER,PLACEHOLDER,NA,PLACEHOLDER,PLACEHOLDER,PLACEHOLDER,PLACEHOLDER,PLACEHOLDER,PLACEHOLDER,PLACEHOLDER,PLACEHOLDER,NA,NA,NA,NA,NA,NA,NA,NA,NA,NA,NA,NA,NA,NA,48,39,26,52,45,55,44,44,NA,NA,45,55,45,NA,30,50,48,43,NA,56,NA,NA,45,NA,47,47,NA,NA,NA,NA,NA,NA,NA,NA,NA,NA,NA,NA,NA,47,NA,NA,NA,NA,NA,NA,53,NA,NA,NA,45,39
2025,12543,Tahj Brooks,RB,23.6,CIN,NA,PLACEHOLDER,PLACEHOLDER,NA,PLACEHOLDER,PLACEHOLDER,PLACEHOLDER,PLACEHOLDER,PLACEHOLDER,PLACEHOLDER,PLACEHOLDER,PLACEHOLDER,NA,NA,NA,NA,NA,NA,NA,NA,NA,NA,NA,NA,NA,NA,NA,NA,NA,NA,NA,NA,NA,NA,NA,NA,91,75,98,NA,78,94,95,NA,NA,96,NA,NA,94,NA,NA,NA,NA,NA,NA,NA,NA,NA,NA,NA,NA,NA,NA,NA,NA,NA,NA,NA,NA,NA,NA,NA,78,NA,NA,NA,68,81
2025,96,Aaron Rodgers,QB,42.0,PIT,18,PLACEHOLDER,PLACEHOLDER,18,PLACEHOLDER,PLACEHOLDER,PLACEHOLDER,PLACEHOLDER,PLACEHOLDER,PLACEHOLDER,PLACEHOLDER,PLACEHOLDER,21,26,11,10,21,43,22,15,16,32,13,15,32,34,NA,NA,NA,NA,NA,NA,NA,NA,43,42,34,28,42,34,22,NA,37,NA,20,NA,NA,NA,40,NA,NA,NA,42,37,NA,NA,NA,20,38,7,34,47,45,NA,12,16,22,21,27,22,36,39,NA,1,25,14,24,24
2025,7528,Najee Harris,RB,27.8,LAC,NA,PLACEHOLDER,PLACEHOLDER,NA,PLACEHOLDER,PLACEHOLDER,PLACEHOLDER,PLACEHOLDER,PLACEHOLDER,PLACEHOLDER,PLACEHOLDER,PLACEHOLDER,NA,NA,NA,NA,NA,NA,NA,NA,NA,NA,NA,NA,NA,NA,85,10,NA,72,45,90,89,84,NA,NA,93,84,90,NA,78,85,89,NA,NA,87,NA,NA,90,NA,89,91,NA,NA,NA,NA,NA,NA,NA,NA,NA,NA,NA,NA,NA,88,NA,NA,NA,NA,NA,NA,NA,NA,NA,NA,NA,NA
2025,11562,Spencer Rattler,QB,25.2,NO,36,PLACEHOLDER,PLACEHOLDER,36,PLACEHOLDER,PLACEHOLDER,PLACEHOLDER,PLACEHOLDER,PLACEHOLDER,PLACEHOLDER,PLACEHOLDER,PLACEHOLDER,12,32,32,29,34,20,12,32,33,16,34,34,39,44,NA,NA,NA,NA,NA,NA,NA,NA,4,3,28,5,13,24,36,NA,24,NA,40,NA,NA,NA,14,NA,NA,NA,36,21,NA,NA,NA,34,37,10,12,9,23,NA,30,33,11,35,26,25,17,3,NA,1,24,35,32,36
2025,11569,Jarquez Hunter,RB,22.9,LAR,NA,PLACEHOLDER,PLACEHOLDER,NA,PLACEHOLDER,PLACEHOLDER,PLACEHOLDER,PLACEHOLDER,PLACEHOLDER,PLACEHOLDER,PLACEHOLDER,PLACEHOLDER,NA,NA,NA,NA,NA,NA,NA,NA,NA,NA,NA,NA,NA,NA,NA,NA,NA,NA,NA,NA,NA,NA,NA,NA,NA,NA,NA,NA,NA,NA,NA,NA,NA,NA,NA,NA,NA,NA,NA,NA,NA,NA,NA,NA,NA,NA,NA,NA,NA,NA,NA,NA,NA,NA,NA,NA,NA,NA,NA,NA,69,NA,NA,NA,NA,NA
2025,2306,Jameis Winston,QB,31.9,NYG,41,PLACEHOLDER,PLACEHOLDER,41,PLACEHOLDER,PLACEHOLDER,PLACEHOLDER,PLACEHOLDER,PLACEHOLDER,PLACEHOLDER,PLACEHOLDER,PLACEHOLDER,NA,NA,49,50,46,9,NA,NA,46,NA,47,NA,NA,NA,NA,NA,NA,NA,NA,NA,NA,NA,1,NA,51,NA,46,NA,22,NA,48,NA,42,NA,NA,NA,NA,NA,NA,NA,3,33,NA,NA,NA,NA,NA,NA,NA,NA,NA,NA,49,46,NA,NA,NA,NA,NA,NA,NA,NA,NA,NA,NA,NA
2025,11557,Joe Milton,QB,25.8,DAL,NA,PLACEHOLDER,PLACEHOLDER,NA,PLACEHOLDER,PLACEHOLDER,PLACEHOLDER,PLACEHOLDER,PLACEHOLDER,PLACEHOLDER,PLACEHOLDER,PLACEHOLDER,NA,NA,NA,NA,NA,NA,NA,NA,NA,NA,NA,NA,NA,NA,NA,NA,NA,NA,NA,NA,NA,NA,NA,NA,57,NA,49,NA,36,NA,41,NA,NA,NA,NA,NA,NA,NA,NA,NA,NA,NA,NA,NA,NA,NA,NA,NA,NA,NA,NA,NA,54,NA,NA,NA,NA,NA,NA,NA,NA,NA,NA,NA,NA,NA
2025,11577,Will Shipley,RB,23.3,PHI,NA,PLACEHOLDER,PLACEHOLDER,NA,PLACEHOLDER,PLACEHOLDER,PLACEHOLDER,PLACEHOLDER,PLACEHOLDER,PLACEHOLDER,PLACEHOLDER,PLACEHOLDER,NA,NA,NA,NA,NA,NA,NA,NA,NA,NA,NA,NA,NA,NA,68,30,1,63,45,69,70,68,NA,NA,94,84,83,NA,78,93,92,NA,NA,92,NA,NA,85,NA,80,83,NA,NA,NA,NA,NA,NA,NA,NA,NA,NA,NA,NA,NA,84,NA,NA,NA,NA,NA,NA,74,NA,NA,NA,68,74
2025,11199,Emari Demercado,RB,26.9,ARI,NA,PLACEHOLDER,PLACEHOLDER,NA,PLACEHOLDER,PLACEHOLDER,PLACEHOLDER,PLACEHOLDER,PLACEHOLDER,PLACEHOLDER,PLACEHOLDER,PLACEHOLDER,NA,NA,NA,NA,NA,NA,NA,NA,NA,NA,NA,NA,NA,NA,59,7,26,63,26,53,63,54,NA,NA,67,65,66,NA,78,60,56,NA,NA,65,NA,NA,67,NA,69,68,NA,NA,NA,NA,NA,NA,NA,NA,NA,NA,NA,NA,NA,59,NA,NA,NA,NA,NA,NA,31,NA,NA,NA,61,63
2025,1339,Zach Ertz,TE,35.1,WAS,19,PLACEHOLDER,PLACEHOLDER,19,PLACEHOLDER,PLACEHOLDER,PLACEHOLDER,PLACEHOLDER,PLACEHOLDER,PLACEHOLDER,PLACEHOLDER,PLACEHOLDER,NA,NA,NA,NA,NA,NA,NA,NA,NA,NA,NA,NA,NA,NA,18,9,64,20,19,17,43,21,32,37,NA,NA,NA,21,NA,NA,NA,NA,21,NA,NA,NA,NA,NA,19,20,40,19,20,13,30,NA,NA,NA,NA,NA,NA,30,NA,21,NA,NA,18,1,14,18,NA,6,37,19,17,20
2025,2307,Marcus Mariota,QB,32.1,WAS,32,PLACEHOLDER,PLACEHOLDER,32,PLACEHOLDER,PLACEHOLDER,PLACEHOLDER,PLACEHOLDER,PLACEHOLDER,PLACEHOLDER,PLACEHOLDER,PLACEHOLDER,36,30,34,34,32,23,22,33,30,12,30,32,12,4,NA,NA,NA,NA,NA,NA,NA,NA,4,3,16,28,24,13,22,NA,13,NA,36,NA,NA,NA,24,NA,NA,NA,27,39,NA,NA,NA,33,16,35,1,35,1,NA,34,30,8,27,38,39,8,3,NA,1,30,30,23,31
2025,11581,MarShawn Lloyd,RB,24.9,GB,60,PLACEHOLDER,PLACEHOLDER,52,PLACEHOLDER,PLACEHOLDER,PLACEHOLDER,PLACEHOLDER,PLACEHOLDER,PLACEHOLDER,PLACEHOLDER,PLACEHOLDER,NA,NA,NA,NA,NA,NA,NA,NA,NA,NA,NA,NA,NA,NA,NA,NA,NA,NA,NA,NA,NA,NA,52,48,NA,NA,NA,48,NA,NA,NA,NA,NA,NA,NA,NA,NA,NA,NA,NA,NA,NA,NA,NA,NA,NA,NA,NA,NA,NA,NA,NA,NA,95,NA,NA,NA,NA,NA,NA,69,6,23,48,NA,NA
2025,7828,Noah Gray,TE,26.6,KC,56,PLACEHOLDER,PLACEHOLDER,56,PLACEHOLDER,PLACEHOLDER,PLACEHOLDER,PLACEHOLDER,PLACEHOLDER,PLACEHOLDER,PLACEHOLDER,PLACEHOLDER,NA,NA,NA,NA,NA,NA,NA,NA,NA,NA,NA,NA,NA,NA,50,54,50,47,61,40,47,55,51,54,NA,NA,NA,50,NA,NA,NA,NA,40,NA,NA,NA,NA,NA,53,41,61,57,37,42,53,NA,NA,NA,NA,NA,NA,49,NA,56,NA,NA,49,1,14,49,NA,6,51,44,52,62
2025,7585,Davis Mills,QB,27.1,HOU,NA,PLACEHOLDER,PLACEHOLDER,NA,PLACEHOLDER,PLACEHOLDER,PLACEHOLDER,PLACEHOLDER,PLACEHOLDER,PLACEHOLDER,PLACEHOLDER,PLACEHOLDER,47,38,41,41,40,16,2,38,41,2,42,41,46,36,NA,NA,NA,NA,NA,NA,NA,NA,NA,NA,45,28,49,NA,22,NA,38,NA,NA,NA,NA,NA,NA,NA,NA,NA,NA,NA,NA,NA,NA,40,35,4,41,36,12,NA,40,41,NA,NA,NA,NA,NA,NA,NA,NA,NA,NA,NA,NA
2025,12482,Savion Williams,WR,24.0,GB,NA,PLACEHOLDER,PLACEHOLDER,NA,PLACEHOLDER,PLACEHOLDER,PLACEHOLDER,PLACEHOLDER,PLACEHOLDER,PLACEHOLDER,PLACEHOLDER,PLACEHOLDER,NA,NA,NA,NA,NA,NA,NA,NA,NA,NA,NA,NA,NA,NA,131,156,1,150,92,145,107,145,NA,NA,7,NA,24,NA,14,NA,16,NA,NA,NA,NA,NA,NA,NA,143,127,NA,NA,NA,NA,NA,NA,NA,NA,NA,NA,NA,NA,NA,134,NA,NA,NA,NA,NA,NA,NA,NA,NA,NA,111,124
2025,12523,Jimmy Horn,WR,23.2,CAR,NA,PLACEHOLDER,PLACEHOLDER,NA,PLACEHOLDER,PLACEHOLDER,PLACEHOLDER,PLACEHOLDER,PLACEHOLDER,PLACEHOLDER,PLACEHOLDER,PLACEHOLDER,NA,NA,NA,NA,NA,NA,NA,NA,NA,NA,NA,NA,NA,NA,125,145,38,132,129,135,96,132,NA,NA,15,NA,6,NA,14,NA,10,NA,NA,NA,NA,NA,NA,NA,122,120,NA,NA,NA,NA,NA,NA,NA,NA,NA,NA,NA,NA,NA,123,NA,NA,NA,NA,NA,NA,NA,NA,NA,NA,111,132
2025,5970,Greg Dortch,WR,27.5,ARI,NA,PLACEHOLDER,PLACEHOLDER,NA,PLACEHOLDER,PLACEHOLDER,PLACEHOLDER,PLACEHOLDER,PLACEHOLDER,PLACEHOLDER,PLACEHOLDER,PLACEHOLDER,NA,NA,NA,NA,NA,NA,NA,NA,NA,NA,NA,NA,NA,NA,84,157,38,115,53,106,46,113,NA,NA,16,NA,43,NA,1,NA,36,NA,129,NA,NA,NA,NA,NA,107,94,118,NA,NA,NA,NA,NA,NA,NA,NA,NA,NA,NA,NA,112,NA,NA,NA,NA,NA,NA,NA,NA,NA,NA,66,68
2025,4144,Jonnu Smith,TE,30.3,PIT,35,PLACEHOLDER,PLACEHOLDER,35,PLACEHOLDER,PLACEHOLDER,PLACEHOLDER,PLACEHOLDER,PLACEHOLDER,PLACEHOLDER,PLACEHOLDER,PLACEHOLDER,NA,NA,NA,NA,NA,NA,NA,NA,NA,NA,NA,NA,NA,NA,30,63,36,49,35,27,32,49,64,56,4,NA,4,39,1,NA,2,NA,38,NA,NA,NA,NA,NA,43,25,65,46,26,27,54,NA,NA,NA,NA,NA,NA,54,NA,41,NA,NA,42,1,1,46,NA,6,59,21,42,43
2025,4981,Calvin Ridley,WR,31.0,TEN,107,PLACEHOLDER,PLACEHOLDER,107,PLACEHOLDER,PLACEHOLDER,PLACEHOLDER,PLACEHOLDER,PLACEHOLDER,PLACEHOLDER,PLACEHOLDER,PLACEHOLDER,NA,NA,NA,NA,NA,NA,NA,NA,NA,NA,NA,NA,NA,NA,111,83,117,86,129,99,87,90,4,32,NA,NA,NA,84,NA,NA,NA,NA,73,NA,NA,NA,NA,NA,99,101,75,48,103,95,26,NA,NA,NA,NA,NA,NA,27,NA,92,NA,NA,39,3,46,38,NA,11,130,82,NA,NA
2025,12544,LeQuint Allen,RB,21.3,JAX,NA,PLACEHOLDER,PLACEHOLDER,NA,PLACEHOLDER,PLACEHOLDER,PLACEHOLDER,PLACEHOLDER,PLACEHOLDER,PLACEHOLDER,PLACEHOLDER,PLACEHOLDER,NA,NA,NA,NA,NA,NA,NA,NA,NA,NA,NA,NA,NA,NA,65,30,1,84,45,72,72,70,NA,NA,82,65,77,NA,78,86,80,NA,NA,83,NA,NA,78,NA,84,79,NA,NA,NA,NA,NA,NA,NA,NA,NA,NA,NA,NA,NA,78,NA,NA,NA,NA,NA,NA,65,NA,NA,NA,68,76
2025,4039,Cooper Kupp,WR,32.5,SEA,53,PLACEHOLDER,PLACEHOLDER,53,PLACEHOLDER,PLACEHOLDER,PLACEHOLDER,PLACEHOLDER,PLACEHOLDER,PLACEHOLDER,PLACEHOLDER,PLACEHOLDER,NA,NA,NA,NA,NA,NA,NA,NA,NA,NA,NA,NA,NA,NA,45,63,100,50,70,53,20,47,58,30,NA,NA,NA,47,NA,NA,NA,NA,41,NA,NA,NA,NA,NA,58,54,71,71,39,47,61,NA,NA,NA,NA,NA,NA,62,NA,48,NA,NA,60,3,46,60,NA,11,108,41,76,79
2025,4018,Joe Mixon,RB,29.4,HOU,56,PLACEHOLDER,PLACEHOLDER,52,PLACEHOLDER,PLACEHOLDER,PLACEHOLDER,PLACEHOLDER,PLACEHOLDER,PLACEHOLDER,PLACEHOLDER,PLACEHOLDER,NA,NA,NA,NA,NA,NA,NA,NA,NA,NA,NA,NA,NA,NA,NA,NA,NA,NA,NA,NA,NA,NA,52,48,NA,NA,NA,48,NA,NA,NA,NA,NA,NA,NA,NA,NA,NA,NA,NA,NA,NA,NA,NA,NA,NA,NA,NA,NA,NA,NA,NA,NA,95,NA,NA,NA,NA,NA,NA,69,6,23,48,NA,NA
2025,12511,Will Howard,QB,24.2,PIT,NA,PLACEHOLDER,PLACEHOLDER,NA,PLACEHOLDER,PLACEHOLDER,PLACEHOLDER,PLACEHOLDER,PLACEHOLDER,PLACEHOLDER,PLACEHOLDER,PLACEHOLDER,NA,NA,NA,NA,NA,NA,NA,NA,NA,NA,NA,NA,NA,NA,NA,NA,NA,NA,NA,NA,NA,NA,NA,NA,NA,NA,NA,NA,NA,NA,NA,NA,NA,NA,NA,NA,NA,NA,NA,NA,NA,NA,NA,NA,NA,NA,NA,NA,NA,NA,NA,NA,NA,NA,NA,NA,NA,NA,NA,NA,NA,NA,NA,NA,NA,NA
2025,5857,Noah Fant,TE,28.0,CIN,37,PLACEHOLDER,PLACEHOLDER,37,PLACEHOLDER,PLACEHOLDER,PLACEHOLDER,PLACEHOLDER,PLACEHOLDER,PLACEHOLDER,PLACEHOLDER,PLACEHOLDER,NA,NA,NA,NA,NA,NA,NA,NA,NA,NA,NA,NA,NA,NA,33,46,15,44,25,39,33,41,52,NA,NA,NA,NA,NA,NA,NA,NA,NA,59,NA,NA,NA,NA,NA,43,40,46,43,NA,NA,NA,NA,NA,NA,NA,NA,NA,NA,NA,42,NA,NA,NA,NA,NA,NA,NA,NA,NA,NA,35,37
2025,6865,Colby Parkinson,TE,26.9,LAR,17,PLACEHOLDER,PLACEHOLDER,17,PLACEHOLDER,PLACEHOLDER,PLACEHOLDER,PLACEHOLDER,PLACEHOLDER,PLACEHOLDER,PLACEHOLDER,PLACEHOLDER,NA,NA,NA,NA,NA,NA,NA,NA,NA,NA,NA,NA,NA,NA,26,41,15,31,3,25,16,29,40,30,NA,NA,NA,29,NA,NA,NA,NA,30,NA,NA,NA,NA,NA,22,27,20,26,34,31,14,NA,NA,NA,NA,NA,NA,22,NA,29,NA,NA,32,1,14,31,NA,6,1,41,16,17
2025,5906,Dawson Knox,TE,29.1,BUF,28,PLACEHOLDER,PLACEHOLDER,28,PLACEHOLDER,PLACEHOLDER,PLACEHOLDER,PLACEHOLDER,PLACEHOLDER,PLACEHOLDER,PLACEHOLDER,PLACEHOLDER,NA,NA,NA,NA,NA,NA,NA,NA,NA,NA,NA,NA,NA,NA,31,24,36,24,19,30,31,28,18,16,NA,NA,NA,28,NA,NA,NA,NA,28,NA,NA,NA,NA,NA,24,31,12,33,27,25,31,NA,NA,NA,NA,NA,NA,24,NA,28,NA,NA,34,1,14,34,NA,6,11,36,42,27
2025,7607,Michael Carter,RB,26.6,ARI,44,PLACEHOLDER,PLACEHOLDER,44,PLACEHOLDER,PLACEHOLDER,PLACEHOLDER,PLACEHOLDER,PLACEHOLDER,PLACEHOLDER,PLACEHOLDER,PLACEHOLDER,NA,NA,NA,NA,NA,NA,NA,NA,NA,NA,NA,NA,NA,NA,23,10,50,10,45,19,27,24,17,20,50,59,50,41,58,67,54,NA,46,58,46,42,56,45,47,48,37,27,NA,29,NA,NA,NA,NA,NA,NA,NA,NA,NA,45,NA,NA,28,2,37,5,81,6,23,43,68,NA
2025,11651,Isaac Guerendo,RB,25.4,SF,NA,PLACEHOLDER,PLACEHOLDER,NA,PLACEHOLDER,PLACEHOLDER,PLACEHOLDER,PLACEHOLDER,PLACEHOLDER,PLACEHOLDER,PLACEHOLDER,PLACEHOLDER,NA,NA,NA,NA,NA,NA,NA,NA,NA,NA,NA,NA,NA,NA,NA,NA,NA,NA,NA,NA,NA,NA,NA,NA,NA,NA,NA,NA,NA,NA,NA,NA,NA,NA,NA,NA,NA,NA,NA,NA,NA,NA,NA,NA,NA,NA,NA,NA,NA,NA,NA,NA,NA,NA,NA,NA,NA,NA,NA,NA,69,NA,NA,NA,NA,NA
2025,11623,Jordan Whittington,WR,25.2,LAR,112,PLACEHOLDER,PLACEHOLDER,112,PLACEHOLDER,PLACEHOLDER,PLACEHOLDER,PLACEHOLDER,PLACEHOLDER,PLACEHOLDER,PLACEHOLDER,PLACEHOLDER,NA,NA,NA,NA,NA,NA,NA,NA,NA,NA,NA,NA,NA,NA,106,130,79,115,129,115,84,121,115,85,36,NA,43,101,14,NA,44,NA,112,NA,NA,NA,NA,NA,122,113,126,123,96,105,104,NA,NA,NA,NA,NA,NA,106,NA,120,NA,NA,112,3,29,112,NA,11,92,98,111,125
2025,7670,Joshua Palmer,WR,26.2,BUF,101,PLACEHOLDER,PLACEHOLDER,101,PLACEHOLDER,PLACEHOLDER,PLACEHOLDER,PLACEHOLDER,PLACEHOLDER,PLACEHOLDER,PLACEHOLDER,PLACEHOLDER,NA,NA,NA,NA,NA,NA,NA,NA,NA,NA,NA,NA,NA,NA,96,76,1,80,129,96,113,90,41,41,NA,NA,NA,84,NA,NA,NA,NA,107,NA,NA,NA,NA,NA,95,99,65,87,93,89,69,NA,NA,NA,NA,NA,NA,55,NA,92,NA,NA,80,3,46,78,NA,11,115,76,111,114
2025,11834,Devaughn Vele,WR,28.0,NO,91,PLACEHOLDER,PLACEHOLDER,91,PLACEHOLDER,PLACEHOLDER,PLACEHOLDER,PLACEHOLDER,PLACEHOLDER,PLACEHOLDER,PLACEHOLDER,PLACEHOLDER,NA,NA,NA,NA,NA,NA,NA,NA,NA,NA,NA,NA,NA,NA,93,74,1,71,70,91,131,93,82,60,NA,NA,NA,87,NA,NA,NA,NA,90,NA,NA,NA,NA,NA,73,95,15,74,91,94,72,NA,NA,NA,NA,NA,NA,38,NA,95,NA,NA,87,3,46,85,NA,11,34,91,91,76
2025,8698,Jake Tonges,TE,26.4,SF,30,PLACEHOLDER,PLACEHOLDER,30,PLACEHOLDER,PLACEHOLDER,PLACEHOLDER,PLACEHOLDER,PLACEHOLDER,PLACEHOLDER,PLACEHOLDER,PLACEHOLDER,NA,NA,NA,NA,NA,NA,NA,NA,NA,NA,NA,NA,NA,NA,33,38,1,31,13,35,38,39,49,NA,NA,NA,NA,NA,NA,NA,NA,NA,63,NA,NA,NA,NA,NA,29,36,15,NA,NA,NA,NA,NA,NA,NA,NA,NA,NA,NA,NA,39,NA,NA,NA,NA,NA,NA,NA,NA,NA,NA,25,25
2025,8119,Jahan Dotson,WR,25.7,PHI,103,PLACEHOLDER,PLACEHOLDER,103,PLACEHOLDER,PLACEHOLDER,PLACEHOLDER,PLACEHOLDER,PLACEHOLDER,PLACEHOLDER,PLACEHOLDER,PLACEHOLDER,NA,NA,NA,NA,NA,NA,NA,NA,NA,NA,NA,NA,NA,NA,106,85,1,109,92,99,117,103,28,74,NA,NA,NA,95,NA,NA,NA,NA,81,NA,NA,NA,NA,NA,112,101,116,120,53,91,108,NA,NA,NA,NA,NA,NA,112,NA,103,NA,NA,108,3,46,108,NA,11,77,88,111,109
2025,12500,Quinn Ewers,QB,22.6,MIA,42,PLACEHOLDER,PLACEHOLDER,42,PLACEHOLDER,PLACEHOLDER,PLACEHOLDER,PLACEHOLDER,PLACEHOLDER,PLACEHOLDER,PLACEHOLDER,PLACEHOLDER,19,46,45,45,45,7,5,35,45,2,44,45,11,17,NA,NA,NA,NA,NA,NA,NA,NA,42,41,49,NA,49,39,36,NA,50,NA,31,NA,NA,NA,NA,NA,NA,NA,28,41,NA,NA,NA,45,15,21,39,19,19,NA,45,45,NA,NA,40,38,35,41,NA,1,33,41,NA,NA
2025,8161,Malik Willis,QB,26.5,GB,NA,PLACEHOLDER,PLACEHOLDER,NA,PLACEHOLDER,PLACEHOLDER,PLACEHOLDER,PLACEHOLDER,PLACEHOLDER,PLACEHOLDER,PLACEHOLDER,PLACEHOLDER,NA,NA,54,51,49,1,NA,NA,48,NA,44,NA,NA,NA,NA,NA,NA,NA,NA,NA,NA,NA,NA,NA,33,28,33,NA,14,NA,30,NA,NA,NA,NA,NA,32,NA,NA,NA,NA,NA,NA,NA,NA,NA,NA,NA,NA,NA,NA,NA,53,NA,NA,NA,NA,NA,NA,NA,NA,NA,NA,NA,NA,NA
2025,6039,Ty Johnson,RB,28.2,BUF,NA,PLACEHOLDER,PLACEHOLDER,NA,PLACEHOLDER,PLACEHOLDER,PLACEHOLDER,PLACEHOLDER,PLACEHOLDER,PLACEHOLDER,PLACEHOLDER,PLACEHOLDER,NA,NA,NA,NA,NA,NA,NA,NA,NA,NA,NA,NA,NA,NA,38,65,50,21,14,37,24,26,NA,NA,64,84,65,NA,43,68,65,NA,NA,63,NA,NA,62,NA,54,58,NA,NA,NA,NA,NA,NA,NA,NA,NA,NA,NA,NA,NA,53,NA,NA,NA,NA,NA,NA,49,NA,NA,NA,56,49
2025,4454,Kendrick Bourne,WR,30.3,SF,67,PLACEHOLDER,PLACEHOLDER,67,PLACEHOLDER,PLACEHOLDER,PLACEHOLDER,PLACEHOLDER,PLACEHOLDER,PLACEHOLDER,PLACEHOLDER,PLACEHOLDER,NA,NA,NA,NA,NA,NA,NA,NA,NA,NA,NA,NA,NA,NA,61,52,141,38,129,71,55,52,21,9,NA,NA,NA,53,NA,NA,NA,NA,74,NA,NA,NA,NA,NA,55,77,9,67,61,72,51,NA,NA,NA,NA,NA,NA,36,NA,54,NA,NA,66,3,46,66,NA,11,40,70,76,56
2025,11439,Jaleel McLaughlin,RB,25.2,DEN,NA,PLACEHOLDER,PLACEHOLDER,NA,PLACEHOLDER,PLACEHOLDER,PLACEHOLDER,PLACEHOLDER,PLACEHOLDER,PLACEHOLDER,PLACEHOLDER,PLACEHOLDER,NA,NA,NA,NA,NA,NA,NA,NA,NA,NA,NA,NA,NA,NA,82,41,26,63,45,81,79,83,NA,NA,72,84,69,NA,58,71,69,NA,NA,74,NA,NA,69,NA,72,76,NA,NA,NA,NA,NA,NA,NA,NA,NA,NA,NA,NA,NA,73,NA,NA,NA,NA,NA,NA,59,NA,NA,NA,68,70
2025,12670,KeAndre Lambert-Smith,WR,24.1,LAC,NA,PLACEHOLDER,PLACEHOLDER,NA,PLACEHOLDER,PLACEHOLDER,PLACEHOLDER,PLACEHOLDER,PLACEHOLDER,PLACEHOLDER,PLACEHOLDER,PLACEHOLDER,NA,NA,NA,NA,NA,NA,NA,NA,NA,NA,NA,NA,NA,NA,146,150,1,150,92,144,149,153,NA,NA,NA,NA,NA,NA,NA,NA,NA,NA,NA,NA,NA,NA,NA,NA,151,146,NA,NA,NA,NA,NA,NA,NA,NA,NA,NA,NA,NA,NA,150,NA,NA,NA,NA,NA,NA,NA,NA,NA,NA,111,130
2025,12467,Jordan James,RB,21.7,SF,NA,PLACEHOLDER,PLACEHOLDER,NA,PLACEHOLDER,PLACEHOLDER,PLACEHOLDER,PLACEHOLDER,PLACEHOLDER,PLACEHOLDER,PLACEHOLDER,PLACEHOLDER,NA,NA,NA,NA,NA,NA,NA,NA,NA,NA,NA,NA,NA,NA,NA,NA,NA,NA,NA,NA,NA,NA,NA,NA,NA,NA,NA,NA,NA,NA,NA,NA,NA,NA,NA,NA,NA,NA,NA,NA,NA,NA,NA,NA,NA,NA,NA,NA,NA,NA,NA,NA,NA,NA,NA,NA,NA,NA,NA,NA,69,NA,NA,NA,NA,NA
2025,7587,Dyami Brown,WR,26.1,JAX,104,PLACEHOLDER,PLACEHOLDER,104,PLACEHOLDER,PLACEHOLDER,PLACEHOLDER,PLACEHOLDER,PLACEHOLDER,PLACEHOLDER,PLACEHOLDER,PLACEHOLDER,NA,NA,NA,NA,NA,NA,NA,NA,NA,NA,NA,NA,NA,NA,101,91,128,95,92,96,136,107,90,NA,21,NA,12,NA,14,NA,20,NA,126,NA,NA,NA,NA,NA,87,91,81,89,NA,NA,NA,NA,NA,NA,NA,NA,NA,NA,NA,104,NA,NA,NA,NA,NA,NA,NA,NA,NA,NA,98,101
2025,19,Joe Flacco,QB,40.9,CLE,27,PLACEHOLDER,PLACEHOLDER,27,PLACEHOLDER,PLACEHOLDER,PLACEHOLDER,PLACEHOLDER,PLACEHOLDER,PLACEHOLDER,PLACEHOLDER,PLACEHOLDER,39,23,21,23,24,41,34,41,26,16,25,24,43,39,NA,NA,NA,NA,NA,NA,NA,NA,4,3,34,28,30,38,22,NA,46,NA,34,NA,NA,NA,32,NA,NA,NA,40,34,NA,NA,NA,24,42,18,36,21,33,NA,21,26,NA,19,34,29,38,3,NA,1,15,31,30,13
2025,11377,Tyrell Shavers,WR,26.3,BUF,109,PLACEHOLDER,PLACEHOLDER,109,PLACEHOLDER,PLACEHOLDER,PLACEHOLDER,PLACEHOLDER,PLACEHOLDER,PLACEHOLDER,PLACEHOLDER,PLACEHOLDER,NA,NA,NA,NA,NA,NA,NA,NA,NA,NA,NA,NA,NA,NA,114,99,1,106,92,118,98,104,10,7,NA,NA,NA,96,NA,NA,NA,NA,114,NA,NA,NA,NA,NA,107,120,18,NA,115,102,NA,NA,NA,NA,NA,NA,NA,NA,NA,105,NA,NA,NA,NA,NA,NA,NA,11,43,116,NA,NA
2025,7694,Tommy Tremble,TE,25.5,CAR,42,PLACEHOLDER,PLACEHOLDER,42,PLACEHOLDER,PLACEHOLDER,PLACEHOLDER,PLACEHOLDER,PLACEHOLDER,PLACEHOLDER,PLACEHOLDER,PLACEHOLDER,NA,NA,NA,NA,NA,NA,NA,NA,NA,NA,NA,NA,NA,NA,42,52,36,49,35,40,34,47,43,39,NA,NA,NA,45,NA,NA,NA,NA,29,NA,NA,NA,NA,NA,51,41,58,56,29,38,51,NA,NA,NA,NA,NA,NA,52,NA,49,NA,NA,46,1,14,45,NA,6,28,40,42,40
2025,11783,Ryan Flournoy,WR,26.1,DAL,57,PLACEHOLDER,PLACEHOLDER,57,PLACEHOLDER,PLACEHOLDER,PLACEHOLDER,PLACEHOLDER,PLACEHOLDER,PLACEHOLDER,PLACEHOLDER,PLACEHOLDER,NA,NA,NA,NA,NA,NA,NA,NA,NA,NA,NA,NA,NA,NA,56,68,38,48,40,67,44,60,80,29,31,NA,12,59,14,NA,24,NA,113,NA,NA,NA,NA,NA,43,64,7,16,99,78,7,NA,NA,NA,NA,NA,NA,4,NA,60,NA,NA,41,3,12,41,NA,11,43,106,111,143
2025,12520,Xavier Restrepo,WR,23.6,TEN,NA,PLACEHOLDER,PLACEHOLDER,NA,PLACEHOLDER,PLACEHOLDER,PLACEHOLDER,PLACEHOLDER,PLACEHOLDER,PLACEHOLDER,PLACEHOLDER,PLACEHOLDER,NA,NA,NA,NA,NA,NA,NA,NA,NA,NA,NA,NA,NA,NA,156,149,NA,142,129,152,157,156,NA,NA,NA,NA,NA,NA,NA,NA,NA,NA,NA,NA,NA,NA,NA,NA,151,154,NA,NA,NA,NA,NA,NA,NA,NA,NA,NA,NA,NA,NA,153,NA,NA,NA,NA,NA,NA,NA,NA,NA,NA,NA,NA
2025,8143,Jerome Ford,RB,26.2,CLE,NA,PLACEHOLDER,PLACEHOLDER,NA,PLACEHOLDER,PLACEHOLDER,PLACEHOLDER,PLACEHOLDER,PLACEHOLDER,PLACEHOLDER,PLACEHOLDER,PLACEHOLDER,NA,NA,NA,NA,NA,NA,NA,NA,NA,NA,NA,NA,NA,NA,34,76,67,52,45,38,47,52,NA,NA,81,32,77,NA,78,77,85,NA,55,75,NA,NA,78,NA,76,70,56,NA,NA,NA,NA,NA,NA,NA,NA,NA,NA,NA,NA,76,NA,NA,NA,NA,NA,NA,76,NA,NA,NA,68,68
2025,8172,Greg Dulcich,TE,25.7,MIA,43,PLACEHOLDER,PLACEHOLDER,43,PLACEHOLDER,PLACEHOLDER,PLACEHOLDER,PLACEHOLDER,PLACEHOLDER,PLACEHOLDER,PLACEHOLDER,PLACEHOLDER,NA,NA,NA,NA,NA,NA,NA,NA,NA,NA,NA,NA,NA,NA,44,42,1,39,47,47,28,34,7,4,NA,NA,NA,34,NA,NA,NA,NA,54,NA,NA,NA,NA,NA,41,47,23,31,51,40,3,NA,NA,NA,NA,NA,NA,4,NA,34,NA,NA,23,1,56,22,NA,6,3,53,46,45
2025,8225,Daniel Bellinger,TE,25.2,NYG,46,PLACEHOLDER,PLACEHOLDER,46,PLACEHOLDER,PLACEHOLDER,PLACEHOLDER,PLACEHOLDER,PLACEHOLDER,PLACEHOLDER,PLACEHOLDER,PLACEHOLDER,NA,NA,NA,NA,NA,NA,NA,NA,NA,NA,NA,NA,NA,NA,53,37,15,41,35,51,42,42,3,3,NA,NA,NA,41,NA,NA,NA,NA,45,NA,NA,NA,NA,NA,41,52,5,42,41,49,25,NA,NA,NA,NA,NA,NA,27,NA,44,NA,NA,40,1,14,40,NA,6,17,43,38,35
2025,11994,Kameron Johnson,WR,23.7,TB,NA,PLACEHOLDER,PLACEHOLDER,NA,PLACEHOLDER,PLACEHOLDER,PLACEHOLDER,PLACEHOLDER,PLACEHOLDER,PLACEHOLDER,PLACEHOLDER,PLACEHOLDER,NA,NA,NA,NA,NA,NA,NA,NA,NA,NA,NA,NA,NA,NA,152,143,38,150,92,152,150,151,NA,NA,NA,NA,24,NA,14,NA,40,NA,NA,NA,NA,NA,NA,NA,143,148,NA,NA,NA,NA,NA,NA,NA,NA,NA,NA,NA,NA,NA,NA,NA,NA,NA,NA,NA,NA,NA,NA,NA,NA,111,143
2025,8135,Treylon Burks,WR,25.7,TEN,119,PLACEHOLDER,PLACEHOLDER,119,PLACEHOLDER,PLACEHOLDER,PLACEHOLDER,PLACEHOLDER,PLACEHOLDER,PLACEHOLDER,PLACEHOLDER,PLACEHOLDER,NA,NA,NA,NA,NA,NA,NA,NA,NA,NA,NA,NA,NA,NA,131,126,1,123,92,120,131,127,52,99,NA,NA,NA,107,NA,NA,NA,NA,71,NA,NA,NA,NA,NA,122,125,96,106,104,101,98,NA,NA,NA,NA,NA,NA,94,NA,131,NA,NA,105,3,46,105,NA,11,99,109,111,128
2025,8117,Jalen Tolbert,WR,26.8,DAL,108,PLACEHOLDER,PLACEHOLDER,108,PLACEHOLDER,PLACEHOLDER,PLACEHOLDER,PLACEHOLDER,PLACEHOLDER,PLACEHOLDER,PLACEHOLDER,PLACEHOLDER,NA,NA,NA,NA,NA,NA,NA,NA,NA,NA,NA,NA,NA,NA,106,102,38,98,92,105,118,114,92,98,NA,NA,NA,100,NA,NA,NA,NA,87,NA,NA,NA,NA,NA,102,106,78,102,80,98,106,NA,NA,NA,NA,NA,NA,89,NA,115,NA,NA,106,3,46,106,NA,11,88,99,91,105
2025,5995,Justice Hill,RB,28.1,BAL,46,PLACEHOLDER,PLACEHOLDER,46,PLACEHOLDER,PLACEHOLDER,PLACEHOLDER,PLACEHOLDER,PLACEHOLDER,PLACEHOLDER,PLACEHOLDER,PLACEHOLDER,NA,NA,NA,NA,NA,NA,NA,NA,NA,NA,NA,NA,NA,NA,43,45,1,46,26,46,41,41,18,NA,87,75,94,NA,49,70,82,NA,49,70,NA,NA,85,NA,72,73,40,50,NA,NA,NA,NA,NA,NA,NA,NA,NA,NA,NA,69,NA,NA,NA,NA,NA,NA,55,NA,NA,NA,60,46
2025,4988,Nick Chubb,RB,30.0,HOU,NA,PLACEHOLDER,PLACEHOLDER,NA,PLACEHOLDER,PLACEHOLDER,PLACEHOLDER,PLACEHOLDER,PLACEHOLDER,PLACEHOLDER,PLACEHOLDER,PLACEHOLDER,NA,NA,NA,NA,NA,NA,NA,NA,NA,NA,NA,NA,NA,NA,59,15,50,72,45,53,70,65,NA,NA,44,48,54,NA,43,44,43,30,54,43,NA,NA,54,NA,59,45,57,NA,NA,NA,NA,NA,NA,NA,NA,NA,NA,NA,NA,48,NA,NA,NA,NA,NA,NA,35,NA,NA,NA,51,59
2025,6271,Olamide Zaccheaus,WR,28.4,CHI,74,PLACEHOLDER,PLACEHOLDER,74,PLACEHOLDER,PLACEHOLDER,PLACEHOLDER,PLACEHOLDER,PLACEHOLDER,PLACEHOLDER,PLACEHOLDER,PLACEHOLDER,NA,NA,NA,NA,NA,NA,NA,NA,NA,NA,NA,NA,NA,NA,57,100,128,86,70,55,66,89,124,108,31,NA,24,81,14,NA,24,NA,78,NA,NA,NA,NA,NA,85,55,131,95,68,61,93,NA,NA,NA,NA,NA,NA,99,NA,86,NA,NA,91,3,17,96,NA,11,72,68,105,86
2025,11579,Audric Estime,RB,22.2,PHI,NA,PLACEHOLDER,PLACEHOLDER,NA,PLACEHOLDER,PLACEHOLDER,PLACEHOLDER,PLACEHOLDER,PLACEHOLDER,PLACEHOLDER,PLACEHOLDER,PLACEHOLDER,NA,NA,NA,NA,NA,NA,NA,NA,NA,NA,NA,NA,NA,NA,63,27,1,57,45,66,57,52,NA,NA,66,38,64,NA,58,65,67,NA,56,63,NA,NA,64,NA,65,69,18,NA,NA,NA,NA,NA,NA,NA,NA,NA,NA,NA,NA,68,NA,NA,NA,NA,NA,NA,69,NA,NA,NA,NA,NA
2025,9497,Jalin Hyatt,WR,24.2,NYG,NA,PLACEHOLDER,PLACEHOLDER,NA,PLACEHOLDER,PLACEHOLDER,PLACEHOLDER,PLACEHOLDER,PLACEHOLDER,PLACEHOLDER,PLACEHOLDER,PLACEHOLDER,NA,NA,NA,NA,NA,NA,NA,NA,NA,NA,NA,NA,NA,NA,146,148,1,150,129,141,160,158,NA,NA,NA,NA,NA,NA,NA,NA,NA,NA,NA,NA,NA,NA,NA,NA,157,144,NA,NA,NA,NA,NA,NA,NA,NA,NA,NA,NA,NA,NA,154,NA,NA,NA,NA,NA,NA,NA,NA,NA,NA,111,139
2025,7562,Tutu Atwell,WR,26.2,LAR,NA,PLACEHOLDER,PLACEHOLDER,NA,PLACEHOLDER,PLACEHOLDER,PLACEHOLDER,PLACEHOLDER,PLACEHOLDER,PLACEHOLDER,PLACEHOLDER,PLACEHOLDER,NA,NA,NA,NA,NA,NA,NA,NA,NA,NA,NA,NA,NA,NA,143,116,38,142,92,135,101,117,NA,NA,NA,NA,NA,NA,NA,NA,NA,NA,NA,NA,NA,NA,NA,NA,143,140,NA,NA,NA,NA,NA,NA,NA,NA,NA,NA,NA,NA,NA,118,NA,NA,NA,NA,NA,NA,NA,NA,NA,NA,88,107
2025,10235,Roschon Johnson,RB,24.8,CHI,NA,PLACEHOLDER,PLACEHOLDER,NA,PLACEHOLDER,PLACEHOLDER,PLACEHOLDER,PLACEHOLDER,PLACEHOLDER,PLACEHOLDER,PLACEHOLDER,PLACEHOLDER,NA,NA,NA,NA,NA,NA,NA,NA,NA,NA,NA,NA,NA,NA,NA,NA,NA,NA,NA,NA,NA,NA,NA,NA,NA,NA,98,NA,78,99,106,NA,NA,NA,NA,NA,NA,NA,NA,NA,NA,NA,NA,NA,NA,NA,NA,NA,NA,NA,NA,NA,NA,NA,NA,NA,NA,NA,NA,NA,NA,NA,NA,NA,NA,NA
2025,11629,Devontez Walker,WR,24.5,BAL,NA,PLACEHOLDER,PLACEHOLDER,NA,PLACEHOLDER,PLACEHOLDER,PLACEHOLDER,PLACEHOLDER,PLACEHOLDER,PLACEHOLDER,PLACEHOLDER,PLACEHOLDER,NA,NA,NA,NA,NA,NA,NA,NA,NA,NA,NA,NA,NA,NA,143,120,38,150,53,150,147,125,NA,NA,NA,NA,NA,NA,NA,NA,NA,NA,NA,NA,NA,NA,NA,NA,139,152,NA,NA,NA,NA,NA,NA,NA,NA,NA,NA,NA,NA,NA,128,NA,NA,NA,NA,NA,NA,NA,NA,NA,NA,58,97
2025,11599,Cade Stover,TE,25.5,HOU,63,PLACEHOLDER,PLACEHOLDER,63,PLACEHOLDER,PLACEHOLDER,PLACEHOLDER,PLACEHOLDER,PLACEHOLDER,PLACEHOLDER,PLACEHOLDER,PLACEHOLDER,NA,NA,NA,NA,NA,NA,NA,NA,NA,NA,NA,NA,NA,NA,60,66,15,62,61,62,64,67,63,55,7,NA,4,56,7,NA,7,NA,49,NA,NA,NA,NA,NA,62,61,53,49,56,NA,17,NA,NA,NA,NA,NA,NA,5,NA,67,NA,NA,54,1,9,54,NA,6,21,56,52,63
2025,8917,KaVontae Turpin,WR,29.4,DAL,76,PLACEHOLDER,PLACEHOLDER,76,PLACEHOLDER,PLACEHOLDER,PLACEHOLDER,PLACEHOLDER,PLACEHOLDER,PLACEHOLDER,PLACEHOLDER,PLACEHOLDER,NA,NA,NA,NA,NA,NA,NA,NA,NA,NA,NA,NA,NA,NA,91,97,117,80,70,94,40,70,16,NA,1,1,6,NA,14,NA,4,NA,125,NA,NA,NA,4,NA,73,71,84,82,NA,NA,NA,NA,NA,NA,NA,NA,NA,NA,NA,61,NA,NA,NA,NA,NA,NA,NA,NA,NA,NA,71,80
2025,6943,Gabriel Davis,WR,26.7,BUF,116,PLACEHOLDER,PLACEHOLDER,116,PLACEHOLDER,PLACEHOLDER,PLACEHOLDER,PLACEHOLDER,PLACEHOLDER,PLACEHOLDER,PLACEHOLDER,PLACEHOLDER,NA,NA,NA,NA,NA,NA,NA,NA,NA,NA,NA,NA,NA,NA,120,123,1,115,92,128,137,128,103,77,NA,NA,NA,108,NA,NA,NA,NA,94,NA,NA,NA,NA,NA,117,134,28,79,106,107,90,NA,NA,NA,NA,NA,NA,66,NA,132,NA,NA,89,3,46,87,NA,11,63,107,NA,NA
2025,4993,Mike Gesicki,TE,30.2,CIN,41,PLACEHOLDER,PLACEHOLDER,41,PLACEHOLDER,PLACEHOLDER,PLACEHOLDER,PLACEHOLDER,PLACEHOLDER,PLACEHOLDER,PLACEHOLDER,PLACEHOLDER,NA,NA,NA,NA,NA,NA,NA,NA,NA,NA,NA,NA,NA,NA,41,22,15,28,35,38,61,36,25,NA,NA,NA,NA,NA,NA,NA,NA,NA,61,NA,NA,NA,NA,NA,33,39,16,29,NA,NA,NA,NA,NA,NA,NA,NA,NA,NA,NA,36,NA,NA,NA,NA,NA,NA,NA,NA,NA,NA,31,34
2025,2505,Darren Waller,TE,33.2,MIA,33,PLACEHOLDER,PLACEHOLDER,33,PLACEHOLDER,PLACEHOLDER,PLACEHOLDER,PLACEHOLDER,PLACEHOLDER,PLACEHOLDER,PLACEHOLDER,PLACEHOLDER,NA,NA,NA,NA,NA,NA,NA,NA,NA,NA,NA,NA,NA,NA,46,29,1,39,8,45,58,43,14,20,NA,NA,NA,40,NA,NA,NA,NA,48,NA,NA,NA,NA,NA,31,46,2,16,49,39,10,NA,NA,NA,NA,NA,NA,9,NA,43,NA,NA,24,1,6,24,NA,6,12,37,20,12
2025,11619,Ja'Lynn Polk,WR,23.7,NO,141,PLACEHOLDER,PLACEHOLDER,129,PLACEHOLDER,PLACEHOLDER,PLACEHOLDER,PLACEHOLDER,PLACEHOLDER,PLACEHOLDER,PLACEHOLDER,PLACEHOLDER,NA,NA,NA,NA,NA,NA,NA,NA,NA,NA,NA,NA,NA,NA,NA,NA,NA,NA,NA,NA,NA,NA,129,116,NA,NA,NA,116,NA,NA,NA,NA,NA,NA,NA,NA,NA,NA,NA,NA,NA,NA,115,NA,NA,NA,NA,NA,NA,NA,NA,NA,NA,157,NA,NA,NA,NA,NA,NA,NA,11,43,116,NA,NA
2025,4177,Mack Hollins,WR,32.2,NE,58,PLACEHOLDER,PLACEHOLDER,58,PLACEHOLDER,PLACEHOLDER,PLACEHOLDER,PLACEHOLDER,PLACEHOLDER,PLACEHOLDER,PLACEHOLDER,PLACEHOLDER,NA,NA,NA,NA,NA,NA,NA,NA,NA,NA,NA,NA,NA,NA,48,43,1,43,70,55,77,54,76,31,NA,NA,NA,52,NA,NA,NA,NA,57,NA,NA,NA,NA,NA,49,57,32,61,69,52,38,NA,NA,NA,NA,NA,NA,29,NA,53,NA,NA,61,3,43,62,NA,11,15,66,58,65
2025,12496,Tai Felton,WR,22.7,MIN,NA,PLACEHOLDER,PLACEHOLDER,NA,PLACEHOLDER,PLACEHOLDER,PLACEHOLDER,PLACEHOLDER,PLACEHOLDER,PLACEHOLDER,PLACEHOLDER,PLACEHOLDER,NA,NA,NA,NA,NA,NA,NA,NA,NA,NA,NA,NA,NA,NA,156,158,NA,150,129,158,154,160,NA,NA,NA,NA,NA,NA,NA,NA,NA,NA,NA,NA,NA,NA,NA,NA,157,162,NA,NA,NA,NA,NA,NA,NA,NA,NA,NA,NA,NA,NA,NA,NA,NA,NA,NA,NA,NA,NA,NA,NA,NA,NA,NA
2025,7891,Brock Wright,TE,27.0,DET,58,PLACEHOLDER,PLACEHOLDER,58,PLACEHOLDER,PLACEHOLDER,PLACEHOLDER,PLACEHOLDER,PLACEHOLDER,PLACEHOLDER,PLACEHOLDER,PLACEHOLDER,NA,NA,NA,NA,NA,NA,NA,NA,NA,NA,NA,NA,NA,NA,58,67,1,59,35,58,52,61,58,53,NA,NA,NA,54,NA,NA,NA,NA,32,NA,NA,NA,NA,NA,59,59,45,53,54,51,50,NA,NA,NA,NA,NA,NA,48,NA,63,NA,NA,53,1,14,53,NA,6,23,52,47,51
2025,8207,Tyler Goodson,RB,25.1,IND,NA,PLACEHOLDER,PLACEHOLDER,NA,PLACEHOLDER,PLACEHOLDER,PLACEHOLDER,PLACEHOLDER,PLACEHOLDER,PLACEHOLDER,PLACEHOLDER,PLACEHOLDER,NA,NA,NA,NA,NA,NA,NA,NA,NA,NA,NA,NA,NA,NA,NA,NA,NA,NA,NA,NA,NA,NA,NA,NA,101,NA,107,NA,78,101,101,NA,NA,NA,NA,NA,NA,NA,97,95,NA,NA,NA,NA,NA,NA,NA,NA,NA,NA,NA,NA,NA,NA,NA,NA,NA,NA,NA,NA,80,NA,NA,NA,68,82
2025,11617,Malachi Corley,WR,23.7,CLE,NA,PLACEHOLDER,PLACEHOLDER,NA,PLACEHOLDER,PLACEHOLDER,PLACEHOLDER,PLACEHOLDER,PLACEHOLDER,PLACEHOLDER,PLACEHOLDER,PLACEHOLDER,NA,NA,NA,NA,NA,NA,NA,NA,NA,NA,NA,NA,NA,NA,125,158,1,126,129,141,98,144,NA,NA,5,1,1,NA,14,NA,1,NA,NA,NA,NA,NA,NA,NA,107,114,NA,NA,NA,NA,NA,NA,NA,NA,NA,NA,NA,NA,NA,114,NA,NA,NA,NA,NA,NA,NA,NA,NA,NA,111,128
2025,1166,Kirk Cousins,QB,37.3,ATL,35,PLACEHOLDER,PLACEHOLDER,35,PLACEHOLDER,PLACEHOLDER,PLACEHOLDER,PLACEHOLDER,PLACEHOLDER,PLACEHOLDER,PLACEHOLDER,PLACEHOLDER,35,34,30,31,31,26,12,36,34,8,30,31,35,32,NA,NA,NA,NA,NA,NA,NA,NA,4,3,42,28,42,40,22,NA,53,NA,39,NA,NA,NA,40,NA,NA,NA,30,38,NA,NA,NA,31,30,22,30,10,35,NA,32,34,25,27,39,35,40,3,NA,1,26,34,34,33
2025,9492,Trey Palmer,WR,24.7,NO,132,PLACEHOLDER,PLACEHOLDER,129,PLACEHOLDER,PLACEHOLDER,PLACEHOLDER,PLACEHOLDER,PLACEHOLDER,PLACEHOLDER,PLACEHOLDER,PLACEHOLDER,NA,NA,NA,NA,NA,NA,NA,NA,NA,NA,NA,NA,NA,NA,NA,NA,NA,NA,NA,NA,NA,NA,129,116,NA,NA,NA,116,NA,NA,NA,NA,NA,NA,NA,NA,NA,NA,NA,NA,NA,NA,115,NA,NA,NA,NA,NA,NA,NA,NA,NA,NA,157,NA,NA,NA,NA,NA,NA,NA,11,43,116,NA,NA
2025,12516,Kalel Mullings,RB,23.2,TEN,NA,PLACEHOLDER,PLACEHOLDER,NA,PLACEHOLDER,PLACEHOLDER,PLACEHOLDER,PLACEHOLDER,PLACEHOLDER,PLACEHOLDER,PLACEHOLDER,PLACEHOLDER,NA,NA,NA,NA,NA,NA,NA,NA,NA,NA,NA,NA,NA,NA,NA,NA,NA,NA,NA,NA,NA,NA,NA,NA,107,NA,94,NA,78,106,108,NA,NA,NA,NA,NA,NA,NA,NA,NA,NA,NA,NA,NA,NA,NA,NA,NA,NA,NA,NA,NA,NA,NA,NA,NA,NA,NA,NA,NA,NA,NA,NA,NA,NA,NA
2025,11821,Tahj Washington,WR,24.6,MIA,NA,PLACEHOLDER,PLACEHOLDER,NA,PLACEHOLDER,PLACEHOLDER,PLACEHOLDER,PLACEHOLDER,PLACEHOLDER,PLACEHOLDER,PLACEHOLDER,PLACEHOLDER,NA,NA,NA,NA,NA,NA,NA,NA,NA,NA,NA,NA,NA,NA,156,151,NA,159,129,157,158,157,NA,NA,NA,NA,NA,NA,NA,NA,NA,NA,NA,NA,NA,NA,NA,NA,159,157,NA,NA,NA,NA,NA,NA,NA,NA,NA,NA,NA,NA,NA,NA,NA,NA,NA,NA,NA,NA,NA,NA,NA,NA,NA,NA
2025,8208,Tyler Badie,RB,25.8,DEN,NA,PLACEHOLDER,PLACEHOLDER,NA,PLACEHOLDER,PLACEHOLDER,PLACEHOLDER,PLACEHOLDER,PLACEHOLDER,PLACEHOLDER,PLACEHOLDER,PLACEHOLDER,NA,NA,NA,NA,NA,NA,NA,NA,NA,NA,NA,NA,NA,NA,46,86,73,21,45,40,34,48,NA,NA,102,NA,98,NA,78,95,103,NA,NA,NA,NA,NA,NA,NA,72,78,NA,NA,NA,NA,NA,NA,NA,NA,NA,NA,NA,NA,NA,77,NA,NA,NA,NA,NA,NA,69,NA,NA,NA,68,73
2025,8160,Kenny Pickett,QB,27.5,LV,NA,PLACEHOLDER,PLACEHOLDER,NA,PLACEHOLDER,PLACEHOLDER,PLACEHOLDER,PLACEHOLDER,PLACEHOLDER,PLACEHOLDER,PLACEHOLDER,PLACEHOLDER,NA,NA,52,52,54,4,NA,NA,54,NA,51,NA,NA,NA,NA,NA,NA,NA,NA,NA,NA,NA,NA,NA,57,NA,42,NA,36,NA,49,NA,NA,NA,NA,NA,NA,NA,NA,NA,NA,NA,NA,NA,NA,NA,NA,NA,NA,NA,NA,NA,50,NA,NA,NA,NA,NA,NA,NA,NA,NA,NA,NA,NA,NA
2025,12412,Terrell Jennings,RB,24.8,NE,NA,PLACEHOLDER,PLACEHOLDER,NA,PLACEHOLDER,PLACEHOLDER,PLACEHOLDER,PLACEHOLDER,PLACEHOLDER,PLACEHOLDER,PLACEHOLDER,PLACEHOLDER,NA,NA,NA,NA,NA,NA,NA,NA,NA,NA,NA,NA,NA,NA,NA,NA,NA,NA,NA,NA,NA,NA,NA,NA,82,75,69,NA,58,106,85,NA,NA,97,NA,NA,69,NA,NA,NA,NA,NA,NA,NA,NA,NA,NA,NA,NA,NA,NA,NA,NA,NA,NA,NA,NA,NA,NA,NA,68,NA,NA,NA,NA,NA
2025,827,Tyrod Taylor,QB,36.4,NYJ,NA,PLACEHOLDER,PLACEHOLDER,NA,PLACEHOLDER,PLACEHOLDER,PLACEHOLDER,PLACEHOLDER,PLACEHOLDER,PLACEHOLDER,PLACEHOLDER,PLACEHOLDER,42,41,42,43,42,14,12,43,43,10,42,43,45,42,NA,NA,NA,NA,NA,NA,NA,NA,NA,NA,31,21,28,NA,22,NA,29,NA,43,NA,NA,NA,29,NA,NA,NA,34,NA,NA,NA,NA,42,34,44,8,4,9,NA,42,43,NA,NA,NA,NA,NA,NA,NA,NA,NA,NA,NA,NA
2025,3271,Tyler Higbee,TE,32.9,LAR,40,PLACEHOLDER,PLACEHOLDER,40,PLACEHOLDER,PLACEHOLDER,PLACEHOLDER,PLACEHOLDER,PLACEHOLDER,PLACEHOLDER,PLACEHOLDER,PLACEHOLDER,NA,NA,NA,NA,NA,NA,NA,NA,NA,NA,NA,NA,NA,NA,45,40,36,38,25,43,39,44,22,26,NA,NA,NA,42,NA,NA,NA,NA,36,NA,NA,NA,NA,NA,36,44,11,24,42,44,27,NA,NA,NA,NA,NA,NA,20,NA,45,NA,NA,30,1,14,30,NA,6,10,42,27,29
2025,12542,Efton Chism,WR,24.1,NE,NA,PLACEHOLDER,PLACEHOLDER,NA,PLACEHOLDER,PLACEHOLDER,PLACEHOLDER,PLACEHOLDER,PLACEHOLDER,PLACEHOLDER,PLACEHOLDER,PLACEHOLDER,NA,NA,NA,NA,NA,NA,NA,NA,NA,NA,NA,NA,NA,NA,156,147,NA,150,92,158,121,147,NA,NA,NA,NA,NA,NA,NA,NA,NA,NA,NA,NA,NA,NA,NA,NA,151,162,NA,NA,NA,NA,NA,NA,NA,NA,NA,NA,NA,NA,NA,145,NA,NA,NA,NA,NA,NA,NA,NA,NA,NA,76,126
2025,11640,Jermaine Burton,WR,24.4,CIN,129,PLACEHOLDER,PLACEHOLDER,129,PLACEHOLDER,PLACEHOLDER,PLACEHOLDER,PLACEHOLDER,PLACEHOLDER,PLACEHOLDER,PLACEHOLDER,PLACEHOLDER,NA,NA,NA,NA,NA,NA,NA,NA,NA,NA,NA,NA,NA,NA,NA,NA,NA,NA,NA,NA,NA,NA,129,116,NA,NA,NA,116,NA,NA,NA,NA,NA,NA,NA,NA,NA,NA,NA,NA,NA,NA,115,NA,NA,NA,NA,NA,NA,NA,NA,NA,NA,157,NA,NA,NA,NA,NA,NA,NA,11,61,115,NA,NA
2025,4219,Jeremy McNichols,RB,30.0,WAS,NA,PLACEHOLDER,PLACEHOLDER,NA,PLACEHOLDER,PLACEHOLDER,PLACEHOLDER,PLACEHOLDER,PLACEHOLDER,PLACEHOLDER,PLACEHOLDER,PLACEHOLDER,NA,NA,NA,NA,NA,NA,NA,NA,NA,NA,NA,NA,NA,NA,36,63,26,17,45,40,33,34,NA,NA,67,43,62,NA,58,61,63,NA,53,58,NA,NA,62,NA,55,63,4,NA,NA,NA,NA,NA,NA,NA,NA,NA,NA,NA,NA,58,NA,NA,NA,NA,NA,NA,46,NA,NA,NA,65,64
2025,12462,Damien Martinez,RB,21.8,FA,58,PLACEHOLDER,PLACEHOLDER,52,PLACEHOLDER,PLACEHOLDER,PLACEHOLDER,PLACEHOLDER,PLACEHOLDER,PLACEHOLDER,PLACEHOLDER,PLACEHOLDER,NA,NA,NA,NA,NA,NA,NA,NA,NA,NA,NA,NA,NA,NA,NA,NA,NA,NA,NA,NA,NA,NA,52,48,NA,NA,NA,48,NA,NA,NA,NA,NA,NA,NA,NA,NA,NA,NA,NA,NA,NA,NA,NA,NA,NA,NA,NA,NA,NA,NA,NA,NA,95,NA,NA,NA,NA,NA,NA,69,6,23,48,NA,NA
2025,12539,Arian Smith,WR,24.2,NYJ,127,PLACEHOLDER,PLACEHOLDER,127,PLACEHOLDER,PLACEHOLDER,PLACEHOLDER,PLACEHOLDER,PLACEHOLDER,PLACEHOLDER,PLACEHOLDER,PLACEHOLDER,NA,NA,NA,NA,NA,NA,NA,NA,NA,NA,NA,NA,NA,NA,140,154,38,132,129,134,133,152,125,NA,31,NA,24,NA,14,NA,40,NA,118,NA,NA,NA,NA,NA,139,131,126,125,NA,NA,NA,NA,NA,NA,NA,NA,NA,NA,NA,149,NA,NA,NA,NA,NA,NA,NA,NA,NA,NA,111,140
2025,12470,Riley Leonard,QB,23.2,IND,NA,PLACEHOLDER,PLACEHOLDER,NA,PLACEHOLDER,PLACEHOLDER,PLACEHOLDER,PLACEHOLDER,PLACEHOLDER,PLACEHOLDER,PLACEHOLDER,PLACEHOLDER,44,47,47,48,49,7,5,47,49,1,47,47,38,29,NA,NA,NA,NA,NA,NA,NA,NA,NA,NA,54,NA,46,NA,14,NA,47,NA,NA,NA,NA,NA,NA,NA,NA,NA,NA,NA,NA,NA,NA,47,44,31,19,43,14,NA,47,NA,NA,NA,NA,NA,NA,NA,NA,NA,NA,NA,NA,NA
2025,12738,Phil Mafah,RB,23.1,DAL,51,PLACEHOLDER,PLACEHOLDER,51,PLACEHOLDER,PLACEHOLDER,PLACEHOLDER,PLACEHOLDER,PLACEHOLDER,PLACEHOLDER,PLACEHOLDER,PLACEHOLDER,NA,NA,NA,NA,NA,NA,NA,NA,NA,NA,NA,NA,NA,NA,NA,NA,NA,NA,NA,NA,NA,NA,44,28,105,NA,98,47,58,102,105,NA,NA,NA,45,46,NA,46,92,97,1,35,NA,47,NA,NA,NA,NA,NA,NA,NA,NA,NA,94,NA,NA,46,2,46,37,NA,6,3,46,NA,NA
2025,10871,Luke Schoonmaker,TE,27.2,DAL,NA,PLACEHOLDER,PLACEHOLDER,NA,PLACEHOLDER,PLACEHOLDER,PLACEHOLDER,PLACEHOLDER,PLACEHOLDER,PLACEHOLDER,PLACEHOLDER,PLACEHOLDER,NA,NA,NA,NA,NA,NA,NA,NA,NA,NA,NA,NA,NA,NA,58,60,15,51,61,56,56,59,NA,NA,NA,NA,NA,NA,NA,NA,NA,NA,65,NA,NA,NA,NA,NA,59,57,51,NA,NA,NA,NA,NA,NA,NA,NA,NA,NA,NA,NA,60,NA,NA,NA,NA,NA,NA,NA,NA,NA,NA,52,66
2025,7610,Trey Lance,QB,25.6,LAC,NA,PLACEHOLDER,PLACEHOLDER,NA,PLACEHOLDER,PLACEHOLDER,PLACEHOLDER,PLACEHOLDER,PLACEHOLDER,PLACEHOLDER,PLACEHOLDER,PLACEHOLDER,NA,NA,50,53,53,10,NA,NA,52,NA,53,NA,NA,NA,NA,NA,NA,NA,NA,NA,NA,NA,NA,NA,41,28,36,NA,36,NA,35,NA,NA,NA,NA,NA,36,NA,NA,NA,NA,NA,NA,NA,NA,NA,NA,NA,NA,NA,NA,NA,48,NA,NA,NA,NA,NA,NA,NA,NA,NA,NA,NA,NA,NA
2025,6920,Isaiah Hodgins,WR,27.1,PIT,120,PLACEHOLDER,PLACEHOLDER,120,PLACEHOLDER,PLACEHOLDER,PLACEHOLDER,PLACEHOLDER,PLACEHOLDER,PLACEHOLDER,PLACEHOLDER,PLACEHOLDER,NA,NA,NA,NA,NA,NA,NA,NA,NA,NA,NA,NA,NA,NA,131,124,1,126,92,127,152,130,88,96,NA,NA,NA,110,NA,NA,NA,NA,43,NA,NA,NA,NA,NA,132,133,99,110,97,NA,111,NA,NA,NA,NA,NA,NA,111,NA,134,NA,NA,104,3,46,104,NA,11,129,101,111,143
2025,10214,Davis Allen,TE,24.8,LAR,44,PLACEHOLDER,PLACEHOLDER,43,PLACEHOLDER,PLACEHOLDER,PLACEHOLDER,PLACEHOLDER,PLACEHOLDER,PLACEHOLDER,PLACEHOLDER,PLACEHOLDER,NA,NA,NA,NA,NA,NA,NA,NA,NA,NA,NA,NA,NA,NA,46,54,50,47,25,47,40,50,48,43,NA,NA,NA,46,NA,NA,NA,NA,42,NA,NA,NA,NA,NA,46,49,36,47,47,47,41,NA,NA,NA,NA,NA,NA,37,NA,51,NA,NA,47,1,14,47,NA,6,16,49,52,53
2025,10231,Elijah Higgins,TE,25.1,ARI,48,PLACEHOLDER,PLACEHOLDER,48,PLACEHOLDER,PLACEHOLDER,PLACEHOLDER,PLACEHOLDER,PLACEHOLDER,PLACEHOLDER,PLACEHOLDER,PLACEHOLDER,NA,NA,NA,NA,NA,NA,NA,NA,NA,NA,NA,NA,NA,NA,38,49,1,34,61,40,27,38,33,21,NA,NA,NA,37,NA,NA,NA,NA,52,NA,NA,NA,NA,NA,40,41,26,41,33,46,43,NA,NA,NA,NA,NA,NA,28,NA,38,NA,NA,41,1,14,41,NA,6,18,45,51,49
2025,11616,Jacob Cowing,WR,24.8,SF,142,PLACEHOLDER,PLACEHOLDER,129,PLACEHOLDER,PLACEHOLDER,PLACEHOLDER,PLACEHOLDER,PLACEHOLDER,PLACEHOLDER,PLACEHOLDER,PLACEHOLDER,NA,NA,NA,NA,NA,NA,NA,NA,NA,NA,NA,NA,NA,NA,NA,NA,NA,NA,NA,NA,NA,NA,129,116,NA,NA,NA,116,NA,NA,NA,NA,NA,NA,NA,NA,NA,NA,NA,NA,NA,NA,115,NA,NA,NA,NA,NA,NA,NA,NA,NA,NA,157,NA,NA,NA,NA,NA,NA,NA,11,43,116,NA,NA
2025,11370,Chris Brooks,RB,25.9,GB,NA,PLACEHOLDER,PLACEHOLDER,NA,PLACEHOLDER,PLACEHOLDER,PLACEHOLDER,PLACEHOLDER,PLACEHOLDER,PLACEHOLDER,PLACEHOLDER,PLACEHOLDER,NA,NA,NA,NA,NA,NA,NA,NA,NA,NA,NA,NA,NA,NA,59,45,50,57,45,57,58,59,NA,NA,77,75,77,NA,78,76,76,NA,NA,72,NA,NA,78,NA,77,75,NA,NA,NA,NA,NA,NA,NA,NA,NA,NA,NA,NA,NA,75,NA,NA,NA,NA,NA,NA,59,NA,NA,NA,68,72
2025,11592,Erick All,TE,25.2,CIN,67,PLACEHOLDER,PLACEHOLDER,65,PLACEHOLDER,PLACEHOLDER,PLACEHOLDER,PLACEHOLDER,PLACEHOLDER,PLACEHOLDER,PLACEHOLDER,PLACEHOLDER,NA,NA,NA,NA,NA,NA,NA,NA,NA,NA,NA,NA,NA,NA,NA,NA,NA,NA,NA,NA,NA,NA,65,57,NA,NA,NA,57,NA,NA,NA,NA,NA,NA,NA,NA,NA,NA,NA,NA,NA,NA,57,NA,NA,NA,NA,NA,NA,NA,NA,NA,NA,74,NA,NA,NA,NA,NA,NA,NA,6,38,57,NA,NA
2025,11256,Tyson Bagent,QB,25.5,CHI,NA,PLACEHOLDER,PLACEHOLDER,NA,PLACEHOLDER,PLACEHOLDER,PLACEHOLDER,PLACEHOLDER,PLACEHOLDER,PLACEHOLDER,PLACEHOLDER,PLACEHOLDER,NA,NA,NA,NA,NA,NA,NA,NA,NA,NA,NA,NA,NA,NA,NA,NA,NA,NA,NA,NA,NA,NA,NA,NA,NA,NA,56,NA,36,NA,53,NA,NA,NA,NA,NA,NA,NA,NA,NA,NA,NA,NA,NA,NA,NA,NA,NA,NA,NA,NA,NA,NA,NA,NA,NA,NA,NA,NA,NA,NA,NA,NA,NA,NA,NA
2025,12473,Mitchell Evans,TE,22.7,CAR,53,PLACEHOLDER,PLACEHOLDER,53,PLACEHOLDER,PLACEHOLDER,PLACEHOLDER,PLACEHOLDER,PLACEHOLDER,PLACEHOLDER,PLACEHOLDER,PLACEHOLDER,NA,NA,NA,NA,NA,NA,NA,NA,NA,NA,NA,NA,NA,NA,53,56,15,51,35,54,46,56,45,NA,NA,NA,NA,NA,NA,NA,NA,NA,62,NA,NA,NA,NA,NA,51,52,30,38,NA,NA,NA,NA,NA,NA,NA,NA,NA,NA,NA,57,NA,NA,NA,NA,NA,NA,NA,NA,NA,NA,52,NA
2025,8129,Dameon Pierce,RB,25.8,HOU,NA,PLACEHOLDER,PLACEHOLDER,NA,PLACEHOLDER,PLACEHOLDER,PLACEHOLDER,PLACEHOLDER,PLACEHOLDER,PLACEHOLDER,PLACEHOLDER,PLACEHOLDER,NA,NA,NA,NA,NA,NA,NA,NA,NA,NA,NA,NA,NA,NA,NA,NA,NA,NA,NA,NA,NA,NA,NA,NA,94,65,98,NA,78,97,98,NA,NA,87,NA,NA,94,NA,NA,NA,NA,NA,NA,NA,NA,NA,NA,NA,NA,NA,NA,NA,NA,NA,NA,NA,NA,NA,NA,NA,NA,NA,NA,NA,NA,NA
2025,12515,Donovan Edwards,RB,22.8,WAS,57,PLACEHOLDER,PLACEHOLDER,52,PLACEHOLDER,PLACEHOLDER,PLACEHOLDER,PLACEHOLDER,PLACEHOLDER,PLACEHOLDER,PLACEHOLDER,PLACEHOLDER,NA,NA,NA,NA,NA,NA,NA,NA,NA,NA,NA,NA,NA,NA,NA,NA,NA,NA,NA,NA,NA,NA,52,48,NA,NA,NA,48,NA,NA,NA,NA,NA,NA,NA,NA,NA,NA,NA,NA,NA,NA,NA,NA,NA,NA,NA,NA,NA,NA,NA,NA,NA,95,NA,NA,NA,NA,NA,NA,69,6,56,47,NA,NA
2025,11570,Rasheen Ali,RB,24.8,BAL,NA,PLACEHOLDER,PLACEHOLDER,NA,PLACEHOLDER,PLACEHOLDER,PLACEHOLDER,PLACEHOLDER,PLACEHOLDER,PLACEHOLDER,PLACEHOLDER,PLACEHOLDER,NA,NA,NA,NA,NA,NA,NA,NA,NA,NA,NA,NA,NA,NA,68,45,26,72,26,72,64,63,NA,NA,103,NA,98,NA,78,103,101,NA,NA,NA,NA,NA,NA,NA,92,91,NA,NA,NA,NA,NA,NA,NA,NA,NA,NA,NA,NA,NA,86,NA,NA,NA,NA,NA,NA,75,NA,NA,NA,68,71
2025,8123,Hassan Haskins,RB,26.0,LAC,NA,PLACEHOLDER,PLACEHOLDER,NA,PLACEHOLDER,PLACEHOLDER,PLACEHOLDER,PLACEHOLDER,PLACEHOLDER,PLACEHOLDER,PLACEHOLDER,PLACEHOLDER,NA,NA,NA,NA,NA,NA,NA,NA,NA,NA,NA,NA,NA,NA,82,25,1,84,45,84,88,90,NA,NA,89,84,83,NA,78,92,93,NA,NA,79,NA,NA,85,NA,89,86,NA,NA,NA,NA,NA,NA,NA,NA,NA,NA,NA,NA,NA,91,NA,NA,NA,NA,NA,NA,70,NA,NA,NA,68,78
2025,12634,Jordan Watkins,WR,23.8,SF,NA,PLACEHOLDER,PLACEHOLDER,NA,PLACEHOLDER,PLACEHOLDER,PLACEHOLDER,PLACEHOLDER,PLACEHOLDER,PLACEHOLDER,PLACEHOLDER,PLACEHOLDER,NA,NA,NA,NA,NA,NA,NA,NA,NA,NA,NA,NA,NA,NA,NA,NA,NA,NA,NA,NA,NA,NA,NA,NA,NA,NA,NA,NA,NA,NA,NA,NA,NA,NA,NA,NA,NA,NA,159,162,NA,NA,NA,NA,NA,NA,NA,NA,NA,NA,NA,NA,NA,NA,NA,NA,NA,NA,NA,NA,NA,NA,NA,NA,NA,NA
2025,3200,Sterling Shepard,WR,32.8,TB,79,PLACEHOLDER,PLACEHOLDER,79,PLACEHOLDER,PLACEHOLDER,PLACEHOLDER,PLACEHOLDER,PLACEHOLDER,PLACEHOLDER,PLACEHOLDER,PLACEHOLDER,NA,NA,NA,NA,NA,NA,NA,NA,NA,NA,NA,NA,NA,NA,57,82,1,71,92,71,59,75,114,81,31,NA,24,71,14,NA,32,NA,84,NA,NA,NA,NA,NA,73,69,87,74,66,70,82,NA,NA,NA,NA,NA,NA,76,NA,76,NA,NA,71,3,19,72,NA,11,59,80,91,95
2025,7596,Elijah Moore,WR,25.7,BUF,NA,PLACEHOLDER,PLACEHOLDER,NA,PLACEHOLDER,PLACEHOLDER,PLACEHOLDER,PLACEHOLDER,PLACEHOLDER,PLACEHOLDER,PLACEHOLDER,PLACEHOLDER,NA,NA,NA,NA,NA,NA,NA,NA,NA,NA,NA,NA,NA,NA,139,139,38,132,129,132,110,131,NA,NA,21,NA,12,NA,1,NA,26,NA,NA,NA,NA,NA,NA,NA,122,120,NA,NA,NA,NA,NA,NA,NA,NA,NA,NA,NA,NA,NA,128,NA,NA,NA,NA,NA,NA,NA,NA,NA,NA,111,120
2025,10225,Jonathan Mingo,WR,24.6,DAL,NA,PLACEHOLDER,PLACEHOLDER,NA,PLACEHOLDER,PLACEHOLDER,PLACEHOLDER,PLACEHOLDER,PLACEHOLDER,PLACEHOLDER,PLACEHOLDER,PLACEHOLDER,NA,NA,NA,NA,NA,NA,NA,NA,NA,NA,NA,NA,NA,NA,NA,NA,NA,NA,NA,NA,NA,NA,NA,NA,NA,NA,NA,NA,NA,NA,NA,NA,NA,NA,NA,NA,NA,NA,NA,NA,NA,NA,NA,NA,NA,NA,NA,NA,NA,NA,NA,NA,NA,155,NA,NA,NA,NA,NA,NA,NA,NA,NA,NA,NA,NA
2025,7083,Tyler Huntley,QB,27.8,BAL,NA,PLACEHOLDER,PLACEHOLDER,NA,PLACEHOLDER,PLACEHOLDER,PLACEHOLDER,PLACEHOLDER,PLACEHOLDER,PLACEHOLDER,PLACEHOLDER,PLACEHOLDER,2,45,47,46,48,3,1,5,47,2,47,46,36,47,NA,NA,NA,NA,NA,NA,NA,NA,NA,NA,32,21,24,NA,36,NA,27,NA,NA,NA,NA,NA,26,NA,NA,NA,NA,NA,NA,NA,NA,46,40,5,45,46,41,NA,46,47,NA,NA,NA,NA,NA,NA,NA,NA,NA,NA,NA,NA
2025,12718,Konata Mumpfield,WR,23.1,LAR,NA,PLACEHOLDER,PLACEHOLDER,NA,PLACEHOLDER,PLACEHOLDER,PLACEHOLDER,PLACEHOLDER,PLACEHOLDER,PLACEHOLDER,PLACEHOLDER,PLACEHOLDER,NA,NA,NA,NA,NA,NA,NA,NA,NA,NA,NA,NA,NA,NA,131,133,38,123,92,118,144,137,NA,NA,NA,NA,NA,NA,NA,NA,NA,NA,133,NA,NA,NA,NA,NA,122,120,109,NA,NA,NA,NA,NA,NA,NA,NA,NA,NA,NA,NA,139,NA,NA,NA,NA,NA,NA,NA,NA,NA,NA,111,123
2025,12472,Raheim Sanders,RB,23.5,CLE,NA,PLACEHOLDER,PLACEHOLDER,NA,PLACEHOLDER,PLACEHOLDER,PLACEHOLDER,PLACEHOLDER,PLACEHOLDER,PLACEHOLDER,PLACEHOLDER,PLACEHOLDER,NA,NA,NA,NA,NA,NA,NA,NA,NA,NA,NA,NA,NA,NA,85,13,NA,84,45,84,90,87,NA,NA,77,84,71,NA,58,69,83,NA,NA,78,NA,NA,71,NA,78,80,NA,NA,NA,NA,NA,NA,NA,NA,NA,NA,NA,NA,NA,82,NA,NA,NA,NA,NA,NA,66,NA,NA,NA,NA,NA
2025,4040,JuJu Smith-Schuster,WR,29.0,KC,84,PLACEHOLDER,PLACEHOLDER,84,PLACEHOLDER,PLACEHOLDER,PLACEHOLDER,PLACEHOLDER,PLACEHOLDER,PLACEHOLDER,PLACEHOLDER,PLACEHOLDER,NA,NA,NA,NA,NA,NA,NA,NA,NA,NA,NA,NA,NA,NA,69,105,79,70,92,84,48,81,106,54,NA,NA,NA,79,NA,NA,NA,NA,82,NA,NA,NA,NA,NA,73,89,34,88,58,87,92,NA,NA,NA,NA,NA,NA,78,NA,84,NA,NA,94,3,46,91,NA,11,79,75,107,97
2025,6960,Tyler Johnson,WR,27.3,NYJ,111,PLACEHOLDER,PLACEHOLDER,111,PLACEHOLDER,PLACEHOLDER,PLACEHOLDER,PLACEHOLDER,PLACEHOLDER,PLACEHOLDER,PLACEHOLDER,PLACEHOLDER,NA,NA,NA,NA,NA,NA,NA,NA,NA,NA,NA,NA,NA,NA,120,110,79,115,92,128,105,116,9,NA,NA,NA,NA,NA,NA,NA,NA,NA,117,NA,NA,NA,NA,NA,117,134,28,116,NA,NA,NA,NA,NA,NA,NA,NA,NA,NA,NA,117,NA,NA,NA,NA,NA,NA,NA,NA,NA,NA,90,106
2025,4147,Samaje Perine,RB,30.2,CIN,NA,PLACEHOLDER,PLACEHOLDER,NA,PLACEHOLDER,PLACEHOLDER,PLACEHOLDER,PLACEHOLDER,PLACEHOLDER,PLACEHOLDER,PLACEHOLDER,PLACEHOLDER,NA,NA,NA,NA,NA,NA,NA,NA,NA,NA,NA,NA,NA,NA,51,55,26,46,45,51,56,60,NA,NA,53,59,35,NA,43,52,51,NA,51,50,NA,NA,36,NA,42,53,2,NA,NA,NA,NA,NA,NA,NA,NA,NA,NA,NA,NA,52,NA,NA,NA,NA,NA,NA,38,NA,NA,NA,49,58
2025,11645,Javon Baker,WR,23.8,PHI,138,PLACEHOLDER,PLACEHOLDER,129,PLACEHOLDER,PLACEHOLDER,PLACEHOLDER,PLACEHOLDER,PLACEHOLDER,PLACEHOLDER,PLACEHOLDER,PLACEHOLDER,NA,NA,NA,NA,NA,NA,NA,NA,NA,NA,NA,NA,NA,NA,NA,NA,NA,NA,NA,NA,NA,NA,129,116,NA,NA,NA,116,NA,NA,NA,NA,NA,NA,NA,NA,NA,NA,NA,NA,NA,NA,115,NA,NA,NA,NA,NA,NA,NA,NA,NA,NA,157,NA,NA,NA,NA,NA,NA,NA,11,43,116,NA,NA
2025,11299,Zavier Scott,RB,26.4,MIN,NA,PLACEHOLDER,PLACEHOLDER,NA,PLACEHOLDER,PLACEHOLDER,PLACEHOLDER,PLACEHOLDER,PLACEHOLDER,PLACEHOLDER,PLACEHOLDER,PLACEHOLDER,NA,NA,NA,NA,NA,NA,NA,NA,NA,NA,NA,NA,NA,NA,56,30,1,41,26,59,59,57,NA,NA,73,75,71,NA,78,83,75,NA,NA,83,NA,NA,75,NA,68,72,NA,NA,NA,NA,NA,NA,NA,NA,NA,NA,NA,NA,NA,74,NA,NA,NA,NA,NA,NA,68,NA,NA,NA,58,NA
2025,4082,Curtis Samuel,WR,29.3,BUF,124,PLACEHOLDER,PLACEHOLDER,124,PLACEHOLDER,PLACEHOLDER,PLACEHOLDER,PLACEHOLDER,PLACEHOLDER,PLACEHOLDER,PLACEHOLDER,PLACEHOLDER,NA,NA,NA,NA,NA,NA,NA,NA,NA,NA,NA,NA,NA,NA,140,139,1,132,92,148,143,143,87,NA,NA,NA,NA,NA,NA,NA,NA,NA,116,NA,NA,NA,NA,NA,139,148,3,111,NA,NA,NA,NA,NA,NA,NA,NA,NA,NA,NA,144,NA,NA,NA,NA,NA,NA,NA,NA,NA,NA,NA,NA
2025,8204,Bo Melton,WR,26.2,GB,NA,PLACEHOLDER,PLACEHOLDER,NA,PLACEHOLDER,PLACEHOLDER,PLACEHOLDER,PLACEHOLDER,PLACEHOLDER,PLACEHOLDER,PLACEHOLDER,PLACEHOLDER,NA,NA,NA,NA,NA,NA,NA,NA,NA,NA,NA,NA,NA,NA,152,121,38,142,92,143,159,133,NA,NA,26,NA,12,NA,14,NA,19,NA,NA,NA,NA,NA,NA,NA,132,134,NA,NA,NA,NA,NA,NA,NA,NA,NA,NA,NA,NA,NA,NA,NA,NA,NA,NA,NA,NA,NA,NA,NA,NA,111,120
2025,11633,Jamari Thrash,WR,25.0,CLE,NA,PLACEHOLDER,PLACEHOLDER,NA,PLACEHOLDER,PLACEHOLDER,PLACEHOLDER,PLACEHOLDER,PLACEHOLDER,PLACEHOLDER,PLACEHOLDER,PLACEHOLDER,NA,NA,NA,NA,NA,NA,NA,NA,NA,NA,NA,NA,NA,NA,131,132,1,126,129,135,126,133,NA,NA,NA,NA,NA,NA,NA,NA,NA,NA,130,NA,NA,NA,NA,NA,139,140,87,NA,NA,NA,NA,NA,NA,NA,NA,NA,NA,NA,NA,136,NA,NA,NA,NA,NA,NA,NA,NA,NA,NA,111,137
2025,7496,Nick Westbrook-Ikhine,WR,28.7,MIA,125,PLACEHOLDER,PLACEHOLDER,125,PLACEHOLDER,PLACEHOLDER,PLACEHOLDER,PLACEHOLDER,PLACEHOLDER,PLACEHOLDER,PLACEHOLDER,PLACEHOLDER,NA,NA,NA,NA,NA,NA,NA,NA,NA,NA,NA,NA,NA,NA,125,136,100,111,129,126,141,138,123,113,NA,NA,NA,112,NA,NA,NA,NA,104,NA,NA,NA,NA,NA,117,131,49,121,99,NA,114,NA,NA,NA,NA,NA,NA,88,NA,140,NA,NA,114,3,46,114,NA,11,120,83,111,135
2025,8162,Sam Howell,QB,25.2,PHI,NA,PLACEHOLDER,PLACEHOLDER,NA,PLACEHOLDER,PLACEHOLDER,PLACEHOLDER,PLACEHOLDER,PLACEHOLDER,PLACEHOLDER,PLACEHOLDER,PLACEHOLDER,NA,NA,NA,NA,NA,NA,NA,NA,NA,NA,NA,NA,NA,NA,NA,NA,NA,NA,NA,NA,NA,NA,NA,NA,NA,NA,NA,NA,NA,NA,NA,NA,NA,NA,NA,NA,NA,NA,NA,NA,NA,NA,NA,NA,NA,NA,NA,NA,NA,NA,NA,NA,NA,NA,NA,NA,NA,NA,NA,NA,NA,NA,NA,NA,NA,NA
2025,7538,Zach Wilson,QB,26.4,MIA,NA,PLACEHOLDER,PLACEHOLDER,NA,PLACEHOLDER,PLACEHOLDER,PLACEHOLDER,PLACEHOLDER,PLACEHOLDER,PLACEHOLDER,PLACEHOLDER,PLACEHOLDER,NA,NA,NA,NA,NA,NA,NA,NA,NA,NA,NA,NA,NA,NA,NA,NA,NA,NA,NA,NA,NA,NA,NA,NA,60,NA,56,NA,36,NA,58,NA,NA,NA,NA,NA,NA,NA,NA,NA,NA,NA,NA,NA,NA,NA,NA,NA,NA,NA,NA,NA,56,NA,NA,NA,NA,NA,NA,NA,NA,NA,NA,NA,NA,NA
2025,9999,Will Levis,QB,26.4,TEN,43,PLACEHOLDER,PLACEHOLDER,43,PLACEHOLDER,PLACEHOLDER,PLACEHOLDER,PLACEHOLDER,PLACEHOLDER,PLACEHOLDER,PLACEHOLDER,PLACEHOLDER,NA,NA,NA,NA,NA,NA,NA,NA,NA,NA,NA,NA,NA,NA,NA,NA,NA,NA,NA,NA,NA,NA,4,3,NA,NA,NA,42,NA,NA,NA,NA,NA,NA,NA,NA,NA,NA,NA,NA,NA,NA,NA,NA,NA,NA,NA,NA,NA,NA,NA,NA,NA,50,NA,NA,NA,NA,NA,NA,NA,1,8,42,NA,NA
2025,4972,Mason Rudolph,QB,30.4,PIT,NA,PLACEHOLDER,PLACEHOLDER,NA,PLACEHOLDER,PLACEHOLDER,PLACEHOLDER,PLACEHOLDER,PLACEHOLDER,PLACEHOLDER,PLACEHOLDER,PLACEHOLDER,NA,NA,51,49,51,2,NA,NA,51,NA,47,NA,NA,NA,NA,NA,NA,NA,NA,NA,NA,NA,NA,NA,51,NA,46,NA,36,NA,55,NA,NA,NA,NA,NA,NA,NA,NA,NA,NA,NA,NA,NA,NA,NA,NA,NA,NA,NA,NA,NA,51,49,NA,NA,NA,NA,NA,NA,NA,NA,NA,NA,NA,NA
2025,10866,Aidan O'Connell,QB,27.3,LV,NA,PLACEHOLDER,PLACEHOLDER,NA,PLACEHOLDER,PLACEHOLDER,PLACEHOLDER,PLACEHOLDER,PLACEHOLDER,PLACEHOLDER,PLACEHOLDER,PLACEHOLDER,NA,NA,NA,NA,NA,NA,NA,NA,NA,NA,NA,NA,NA,NA,NA,NA,NA,NA,NA,NA,NA,NA,NA,NA,NA,NA,NA,NA,NA,NA,NA,NA,NA,NA,NA,NA,NA,NA,NA,NA,NA,NA,NA,NA,NA,NA,NA,NA,NA,NA,NA,NA,55,NA,NA,NA,NA,NA,NA,NA,NA,NA,NA,NA,NA,NA
2025,7601,Rondale Moore,WR,25.5,MIN,135,PLACEHOLDER,PLACEHOLDER,129,PLACEHOLDER,PLACEHOLDER,PLACEHOLDER,PLACEHOLDER,PLACEHOLDER,PLACEHOLDER,PLACEHOLDER,PLACEHOLDER,NA,NA,NA,NA,NA,NA,NA,NA,NA,NA,NA,NA,NA,NA,NA,NA,NA,NA,NA,NA,NA,NA,129,116,NA,NA,NA,116,NA,NA,NA,NA,NA,NA,NA,NA,NA,NA,NA,NA,NA,NA,115,NA,NA,NA,NA,NA,NA,NA,NA,NA,NA,157,NA,NA,NA,NA,NA,NA,NA,11,43,116,NA,NA
2025,5938,Lil'Jordan Humphrey,WR,27.6,NYG,114,PLACEHOLDER,PLACEHOLDER,114,PLACEHOLDER,PLACEHOLDER,PLACEHOLDER,PLACEHOLDER,PLACEHOLDER,PLACEHOLDER,PLACEHOLDER,PLACEHOLDER,NA,NA,NA,NA,NA,NA,NA,NA,NA,NA,NA,NA,NA,NA,118,115,38,111,92,115,138,124,72,93,NA,NA,NA,105,NA,NA,NA,NA,89,NA,NA,NA,NA,NA,115,117,76,105,101,106,96,NA,NA,NA,NA,NA,NA,83,NA,126,NA,NA,107,3,46,107,NA,125,68,108,88,109
2025,1426,DeAndre Hopkins,WR,33.5,BAL,NA,PLACEHOLDER,PLACEHOLDER,NA,PLACEHOLDER,PLACEHOLDER,PLACEHOLDER,PLACEHOLDER,PLACEHOLDER,PLACEHOLDER,PLACEHOLDER,PLACEHOLDER,NA,NA,NA,NA,NA,NA,NA,NA,NA,NA,NA,NA,NA,NA,96,70,1,86,70,91,104,84,NA,NA,NA,NA,NA,NA,NA,NA,NA,NA,131,NA,NA,NA,NA,NA,87,95,62,NA,NA,NA,NA,NA,NA,NA,NA,NA,NA,NA,NA,89,NA,NA,NA,NA,NA,NA,NA,NA,NA,NA,107,95
2025,7568,Brevin Jordan,TE,25.4,HOU,65,PLACEHOLDER,PLACEHOLDER,65,PLACEHOLDER,PLACEHOLDER,PLACEHOLDER,PLACEHOLDER,PLACEHOLDER,PLACEHOLDER,PLACEHOLDER,PLACEHOLDER,NA,NA,NA,NA,NA,NA,NA,NA,NA,NA,NA,NA,NA,NA,NA,NA,NA,NA,NA,NA,NA,NA,65,57,NA,NA,NA,57,NA,NA,NA,NA,NA,NA,NA,NA,NA,NA,NA,NA,NA,NA,57,NA,NA,NA,NA,NA,NA,NA,NA,NA,NA,74,NA,NA,NA,NA,NA,NA,NA,2,38,57,NA,NA
2025,4080,Zay Jones,WR,30.7,ARI,117,PLACEHOLDER,PLACEHOLDER,117,PLACEHOLDER,PLACEHOLDER,PLACEHOLDER,PLACEHOLDER,PLACEHOLDER,PLACEHOLDER,PLACEHOLDER,PLACEHOLDER,NA,NA,NA,NA,NA,NA,NA,NA,NA,NA,NA,NA,NA,NA,120,107,1,115,129,128,129,119,15,12,NA,NA,NA,101,NA,NA,NA,NA,96,NA,NA,NA,NA,NA,122,134,58,106,102,108,85,NA,NA,NA,NA,NA,NA,91,NA,120,NA,NA,86,3,46,84,NA,8,27,112,76,112
2025,6945,Antonio Gibson,RB,27.5,NE,NA,PLACEHOLDER,PLACEHOLDER,NA,PLACEHOLDER,PLACEHOLDER,PLACEHOLDER,PLACEHOLDER,PLACEHOLDER,PLACEHOLDER,PLACEHOLDER,PLACEHOLDER,NA,NA,NA,NA,NA,NA,NA,NA,NA,NA,NA,NA,NA,NA,NA,NA,NA,NA,NA,NA,NA,NA,NA,NA,80,65,77,NA,58,82,76,NA,NA,83,NA,NA,75,NA,80,81,NA,NA,NA,NA,NA,NA,NA,NA,NA,NA,NA,NA,NA,83,NA,NA,NA,NA,NA,NA,NA,NA,NA,NA,NA,NA
2025,9230,Tanner McKee,QB,25.6,PHI,NA,PLACEHOLDER,PLACEHOLDER,NA,PLACEHOLDER,PLACEHOLDER,PLACEHOLDER,PLACEHOLDER,PLACEHOLDER,PLACEHOLDER,PLACEHOLDER,PLACEHOLDER,NA,NA,53,54,51,5,NA,NA,53,NA,51,NA,NA,NA,NA,NA,NA,NA,NA,NA,NA,NA,NA,NA,49,NA,49,NA,36,NA,52,NA,NA,NA,NA,NA,NA,NA,NA,NA,NA,NA,NA,NA,NA,NA,NA,NA,NA,NA,NA,NA,52,NA,NA,NA,NA,NA,NA,NA,NA,NA,NA,NA,NA,NA
2025,11895,Mason Tipton,WR,25.2,NO,NA,PLACEHOLDER,PLACEHOLDER,NA,PLACEHOLDER,PLACEHOLDER,PLACEHOLDER,PLACEHOLDER,PLACEHOLDER,PLACEHOLDER,PLACEHOLDER,PLACEHOLDER,NA,NA,NA,NA,NA,NA,NA,NA,NA,NA,NA,NA,NA,NA,125,144,1,132,129,132,126,146,NA,NA,31,NA,12,NA,14,NA,34,NA,NA,NA,NA,NA,NA,NA,132,127,NA,NA,NA,NA,NA,NA,NA,NA,NA,NA,NA,NA,NA,138,NA,NA,NA,NA,NA,NA,NA,NA,NA,NA,111,122
2025,6151,Miles Sanders,RB,28.6,DAL,NA,PLACEHOLDER,PLACEHOLDER,NA,PLACEHOLDER,PLACEHOLDER,PLACEHOLDER,PLACEHOLDER,PLACEHOLDER,PLACEHOLDER,PLACEHOLDER,PLACEHOLDER,NA,NA,NA,NA,NA,NA,NA,NA,NA,NA,NA,NA,NA,NA,72,44,1,84,45,79,78,80,NA,NA,85,75,83,NA,58,73,74,NA,NA,75,NA,NA,78,NA,84,81,NA,NA,NA,NA,NA,NA,NA,NA,NA,NA,NA,NA,NA,79,NA,NA,NA,NA,NA,NA,47,NA,NA,NA,NA,NA
2025,7561,Elijah Mitchell,RB,27.6,KC,NA,PLACEHOLDER,PLACEHOLDER,NA,PLACEHOLDER,PLACEHOLDER,PLACEHOLDER,PLACEHOLDER,PLACEHOLDER,PLACEHOLDER,PLACEHOLDER,PLACEHOLDER,NA,NA,NA,NA,NA,NA,NA,NA,NA,NA,NA,NA,NA,NA,NA,NA,NA,NA,NA,NA,NA,NA,NA,NA,NA,NA,NA,NA,NA,NA,NA,NA,NA,NA,NA,NA,NA,NA,NA,NA,NA,NA,NA,NA,NA,NA,NA,NA,NA,NA,NA,NA,NA,NA,NA,NA,NA,NA,NA,NA,69,NA,NA,NA,NA,NA
2025,11615,Ainias Smith,WR,24.5,CAR,143,PLACEHOLDER,PLACEHOLDER,129,PLACEHOLDER,PLACEHOLDER,PLACEHOLDER,PLACEHOLDER,PLACEHOLDER,PLACEHOLDER,PLACEHOLDER,PLACEHOLDER,NA,NA,NA,NA,NA,NA,NA,NA,NA,NA,NA,NA,NA,NA,NA,NA,NA,NA,NA,NA,NA,NA,129,116,NA,NA,NA,116,NA,NA,NA,NA,NA,NA,NA,NA,NA,NA,NA,NA,NA,NA,115,NA,NA,NA,NA,NA,NA,NA,NA,NA,NA,157,NA,NA,NA,NA,NA,NA,NA,122,43,116,NA,NA
2025,4234,Noah Brown,WR,29.9,WAS,128,PLACEHOLDER,PLACEHOLDER,128,PLACEHOLDER,PLACEHOLDER,PLACEHOLDER,PLACEHOLDER,PLACEHOLDER,PLACEHOLDER,PLACEHOLDER,PLACEHOLDER,NA,NA,NA,NA,NA,NA,NA,NA,NA,NA,NA,NA,NA,NA,146,131,1,142,129,145,156,142,8,36,NA,NA,NA,114,NA,NA,NA,NA,115,NA,NA,NA,NA,NA,151,147,111,114,114,NA,75,NA,NA,NA,NA,NA,NA,84,NA,143,NA,NA,93,3,46,90,NA,6,82,114,NA,NA
2025,7595,Tylan Wallace,WR,26.6,BAL,NA,PLACEHOLDER,PLACEHOLDER,NA,PLACEHOLDER,PLACEHOLDER,PLACEHOLDER,PLACEHOLDER,PLACEHOLDER,PLACEHOLDER,PLACEHOLDER,PLACEHOLDER,NA,NA,NA,NA,NA,NA,NA,NA,NA,NA,NA,NA,NA,NA,152,152,1,150,92,150,152,154,NA,NA,NA,NA,NA,NA,NA,NA,NA,NA,NA,NA,NA,NA,NA,NA,151,152,NA,NA,NA,NA,NA,NA,NA,NA,NA,NA,NA,NA,NA,151,NA,NA,NA,NA,NA,NA,NA,NA,NA,NA,111,134
2025,8168,Skyy Moore,WR,25.2,SF,NA,PLACEHOLDER,PLACEHOLDER,NA,PLACEHOLDER,PLACEHOLDER,PLACEHOLDER,PLACEHOLDER,PLACEHOLDER,PLACEHOLDER,PLACEHOLDER,PLACEHOLDER,NA,NA,NA,NA,NA,NA,NA,NA,NA,NA,NA,NA,NA,NA,146,137,1,126,129,152,138,140,NA,NA,NA,NA,24,NA,14,NA,49,NA,NA,NA,NA,NA,NA,NA,132,148,NA,NA,NA,NA,NA,NA,NA,NA,NA,NA,NA,NA,NA,NA,NA,NA,NA,NA,NA,NA,NA,NA,NA,NA,111,138
2025,2374,Tyler Lockett,WR,33.2,TEN,89,PLACEHOLDER,PLACEHOLDER,89,PLACEHOLDER,PLACEHOLDER,PLACEHOLDER,PLACEHOLDER,PLACEHOLDER,PLACEHOLDER,PLACEHOLDER,PLACEHOLDER,NA,NA,NA,NA,NA,NA,NA,NA,NA,NA,NA,NA,NA,NA,76,85,38,86,92,68,90,95,117,106,NA,NA,NA,88,NA,NA,NA,NA,91,NA,NA,NA,NA,NA,95,71,125,106,64,66,101,NA,NA,NA,NA,NA,NA,102,NA,96,NA,NA,101,3,46,102,NA,127,114,71,111,111
2025,4381,Taysom Hill,TE,35.3,NO,NA,PLACEHOLDER,PLACEHOLDER,NA,PLACEHOLDER,PLACEHOLDER,PLACEHOLDER,PLACEHOLDER,PLACEHOLDER,PLACEHOLDER,PLACEHOLDER,PLACEHOLDER,NA,NA,NA,NA,NA,NA,NA,NA,NA,NA,NA,NA,NA,NA,62,70,50,69,61,62,52,65,NA,NA,1,1,1,NA,1,NA,1,NA,NA,NA,NA,NA,1,NA,31,18,NA,NA,NA,NA,NA,NA,NA,NA,NA,NA,NA,NA,NA,47,NA,NA,NA,NA,NA,NA,NA,NA,NA,NA,49,50
2025,8230,Ty Chandler,RB,27.6,MIN,NA,PLACEHOLDER,PLACEHOLDER,NA,PLACEHOLDER,PLACEHOLDER,PLACEHOLDER,PLACEHOLDER,PLACEHOLDER,PLACEHOLDER,PLACEHOLDER,PLACEHOLDER,NA,NA,NA,NA,NA,NA,NA,NA,NA,NA,NA,NA,NA,NA,85,50,NA,72,45,84,84,92,NA,NA,89,84,98,NA,78,87,93,NA,NA,87,NA,NA,94,NA,94,86,NA,NA,NA,NA,NA,NA,NA,NA,NA,NA,NA,NA,NA,92,NA,NA,NA,NA,NA,NA,70,NA,NA,NA,NA,NA
2025,9227,Israel Abanikanda,RB,23.2,FA,53,PLACEHOLDER,PLACEHOLDER,52,PLACEHOLDER,PLACEHOLDER,PLACEHOLDER,PLACEHOLDER,PLACEHOLDER,PLACEHOLDER,PLACEHOLDER,PLACEHOLDER,NA,NA,NA,NA,NA,NA,NA,NA,NA,NA,NA,NA,NA,NA,NA,NA,NA,NA,NA,NA,NA,NA,52,48,NA,NA,NA,48,NA,NA,NA,NA,NA,NA,NA,NA,NA,NA,NA,NA,NA,NA,NA,NA,NA,NA,NA,NA,NA,NA,NA,NA,NA,95,NA,NA,NA,NA,NA,NA,69,4,23,48,NA,NA
2025,11636,Johnny Wilson,WR,24.7,PHI,139,PLACEHOLDER,PLACEHOLDER,129,PLACEHOLDER,PLACEHOLDER,PLACEHOLDER,PLACEHOLDER,PLACEHOLDER,PLACEHOLDER,PLACEHOLDER,PLACEHOLDER,NA,NA,NA,NA,NA,NA,NA,NA,NA,NA,NA,NA,NA,NA,NA,NA,NA,NA,NA,NA,NA,NA,129,116,NA,NA,NA,116,NA,NA,NA,NA,NA,NA,NA,NA,NA,NA,NA,NA,NA,NA,115,NA,NA,NA,NA,NA,NA,NA,NA,NA,NA,157,NA,NA,NA,NA,NA,NA,NA,9,43,116,NA,NA
2025,3286,Demarcus Robinson,WR,31.2,SF,95,PLACEHOLDER,PLACEHOLDER,95,PLACEHOLDER,PLACEHOLDER,PLACEHOLDER,PLACEHOLDER,PLACEHOLDER,PLACEHOLDER,PLACEHOLDER,PLACEHOLDER,NA,NA,NA,NA,NA,NA,NA,NA,NA,NA,NA,NA,NA,NA,96,78,38,80,92,102,129,98,61,46,NA,NA,NA,89,NA,NA,NA,NA,106,NA,NA,NA,NA,NA,87,101,37,89,83,96,86,NA,NA,NA,NA,NA,NA,68,NA,97,NA,NA,96,3,36,95,NA,130,22,103,111,116
2025,9505,Deuce Vaughn,RB,24.1,DEN,52,PLACEHOLDER,PLACEHOLDER,52,PLACEHOLDER,PLACEHOLDER,PLACEHOLDER,PLACEHOLDER,PLACEHOLDER,PLACEHOLDER,PLACEHOLDER,PLACEHOLDER,NA,NA,NA,NA,NA,NA,NA,NA,NA,NA,NA,NA,NA,NA,NA,NA,NA,NA,NA,NA,NA,NA,52,48,NA,NA,NA,48,NA,NA,NA,NA,NA,NA,NA,NA,NA,NA,NA,NA,NA,NA,NA,NA,NA,NA,NA,NA,NA,NA,NA,NA,NA,95,NA,NA,NA,NA,NA,NA,69,1,23,48,NA,NA
2025,11306,Xavier Gipson,WR,24.8,PHI,NA,PLACEHOLDER,PLACEHOLDER,NA,PLACEHOLDER,PLACEHOLDER,PLACEHOLDER,PLACEHOLDER,PLACEHOLDER,PLACEHOLDER,PLACEHOLDER,PLACEHOLDER,NA,NA,NA,NA,NA,NA,NA,NA,NA,NA,NA,NA,NA,NA,NA,NA,NA,NA,NA,NA,NA,NA,NA,NA,NA,NA,NA,NA,NA,NA,NA,NA,NA,NA,NA,NA,NA,NA,165,166,NA,NA,NA,NA,NA,NA,NA,NA,NA,NA,NA,NA,NA,NA,NA,NA,NA,NA,NA,NA,NA,NA,NA,NA,NA,NA
2025,8139,Zamir White,RB,26.2,LV,NA,PLACEHOLDER,PLACEHOLDER,NA,PLACEHOLDER,PLACEHOLDER,PLACEHOLDER,PLACEHOLDER,PLACEHOLDER,PLACEHOLDER,PLACEHOLDER,PLACEHOLDER,NA,NA,NA,NA,NA,NA,NA,NA,NA,NA,NA,NA,NA,NA,82,21,1,84,45,81,86,86,NA,NA,97,NA,98,NA,78,104,100,NA,NA,92,NA,NA,NA,NA,95,91,NA,NA,NA,NA,NA,NA,NA,NA,NA,NA,NA,NA,NA,93,NA,NA,NA,NA,NA,NA,76,NA,NA,NA,NA,NA
2025,11748,Bub Means,WR,24.9,NO,137,PLACEHOLDER,PLACEHOLDER,129,PLACEHOLDER,PLACEHOLDER,PLACEHOLDER,PLACEHOLDER,PLACEHOLDER,PLACEHOLDER,PLACEHOLDER,PLACEHOLDER,NA,NA,NA,NA,NA,NA,NA,NA,NA,NA,NA,NA,NA,NA,NA,NA,NA,NA,NA,NA,NA,NA,129,116,NA,NA,NA,116,NA,NA,NA,NA,NA,NA,NA,NA,NA,NA,NA,NA,NA,NA,115,NA,NA,NA,NA,NA,NA,NA,NA,NA,NA,157,NA,NA,NA,NA,NA,NA,NA,3,43,116,NA,NA
2025,10867,Jake Bobo,WR,27.3,SEA,NA,PLACEHOLDER,PLACEHOLDER,NA,PLACEHOLDER,PLACEHOLDER,PLACEHOLDER,PLACEHOLDER,PLACEHOLDER,PLACEHOLDER,PLACEHOLDER,PLACEHOLDER,NA,NA,NA,NA,NA,NA,NA,NA,NA,NA,NA,NA,NA,NA,NA,NA,NA,NA,NA,NA,NA,NA,NA,NA,NA,NA,NA,NA,NA,NA,NA,NA,NA,NA,NA,NA,NA,NA,159,166,NA,NA,NA,NA,NA,NA,NA,NA,NA,NA,NA,NA,NA,156,NA,NA,NA,NA,NA,NA,NA,NA,NA,NA,111,141
2025,5010,Will Dissly,TE,29.4,LAC,NA,PLACEHOLDER,PLACEHOLDER,NA,PLACEHOLDER,PLACEHOLDER,PLACEHOLDER,PLACEHOLDER,PLACEHOLDER,PLACEHOLDER,PLACEHOLDER,PLACEHOLDER,NA,NA,NA,NA,NA,NA,NA,NA,NA,NA,NA,NA,NA,NA,62,64,15,59,61,62,60,64,NA,NA,NA,NA,NA,NA,NA,NA,NA,NA,NA,NA,NA,NA,NA,NA,63,64,NA,NA,NA,NA,NA,NA,NA,NA,NA,NA,NA,NA,NA,65,NA,NA,NA,NA,NA,NA,NA,NA,NA,NA,52,65
2025,11649,Kendall Milton,RB,23.8,CIN,NA,PLACEHOLDER,PLACEHOLDER,NA,PLACEHOLDER,PLACEHOLDER,PLACEHOLDER,PLACEHOLDER,PLACEHOLDER,PLACEHOLDER,PLACEHOLDER,PLACEHOLDER,NA,NA,NA,NA,NA,NA,NA,NA,NA,NA,NA,NA,NA,NA,NA,NA,NA,NA,NA,NA,NA,NA,NA,NA,NA,NA,107,NA,78,106,110,NA,NA,NA,NA,NA,NA,NA,NA,NA,NA,NA,NA,NA,NA,NA,NA,NA,NA,NA,NA,NA,NA,NA,NA,NA,NA,NA,NA,NA,69,NA,NA,NA,NA,NA
2025,11595,Jared Wiley,TE,25.1,KC,NA,PLACEHOLDER,PLACEHOLDER,NA,PLACEHOLDER,PLACEHOLDER,PLACEHOLDER,PLACEHOLDER,PLACEHOLDER,PLACEHOLDER,PLACEHOLDER,PLACEHOLDER,NA,NA,NA,NA,NA,NA,NA,NA,NA,NA,NA,NA,NA,NA,NA,NA,NA,NA,NA,NA,NA,NA,NA,NA,NA,NA,NA,NA,NA,NA,NA,NA,NA,NA,NA,NA,NA,NA,NA,NA,NA,NA,NA,NA,NA,NA,NA,NA,NA,NA,NA,NA,NA,NA,NA,NA,NA,NA,NA,NA,NA,NA,NA,NA,NA,NA
2025,8145,Jeremy Ruckert,TE,25.3,NYJ,54,PLACEHOLDER,PLACEHOLDER,54,PLACEHOLDER,PLACEHOLDER,PLACEHOLDER,PLACEHOLDER,PLACEHOLDER,PLACEHOLDER,PLACEHOLDER,PLACEHOLDER,NA,NA,NA,NA,NA,NA,NA,NA,NA,NA,NA,NA,NA,NA,49,53,15,51,47,50,51,53,57,44,NA,NA,NA,49,NA,NA,NA,NA,46,NA,NA,NA,NA,NA,57,51,57,60,50,45,44,NA,NA,NA,NA,NA,NA,45,NA,54,NA,NA,52,1,14,52,NA,58,29,46,52,59
2025,5854,Drew Lock,QB,29.1,SEA,NA,PLACEHOLDER,PLACEHOLDER,NA,PLACEHOLDER,PLACEHOLDER,PLACEHOLDER,PLACEHOLDER,PLACEHOLDER,PLACEHOLDER,PLACEHOLDER,PLACEHOLDER,NA,NA,NA,NA,NA,NA,NA,NA,NA,NA,NA,NA,NA,NA,NA,NA,NA,NA,NA,NA,NA,NA,NA,NA,54,NA,56,NA,36,NA,61,NA,NA,NA,NA,NA,NA,NA,NA,NA,NA,NA,NA,NA,NA,NA,NA,NA,NA,NA,NA,NA,NA,NA,NA,NA,NA,NA,NA,NA,NA,NA,NA,NA,NA,NA
2025,11573,Frank Gore Jr.,RB,23.7,BUF,61,PLACEHOLDER,PLACEHOLDER,52,PLACEHOLDER,PLACEHOLDER,PLACEHOLDER,PLACEHOLDER,PLACEHOLDER,PLACEHOLDER,PLACEHOLDER,PLACEHOLDER,NA,NA,NA,NA,NA,NA,NA,NA,NA,NA,NA,NA,NA,NA,NA,NA,NA,NA,NA,NA,NA,NA,52,48,NA,NA,NA,48,NA,NA,NA,NA,NA,NA,NA,NA,NA,NA,NA,NA,NA,NA,NA,NA,NA,NA,NA,NA,NA,NA,NA,NA,NA,95,NA,NA,NA,NA,NA,NA,69,5,23,48,NA,NA
2025,8254,Julius Chestnut,RB,25.1,TEN,NA,PLACEHOLDER,PLACEHOLDER,NA,PLACEHOLDER,PLACEHOLDER,PLACEHOLDER,PLACEHOLDER,PLACEHOLDER,PLACEHOLDER,PLACEHOLDER,PLACEHOLDER,NA,NA,NA,NA,NA,NA,NA,NA,NA,NA,NA,NA,NA,NA,NA,NA,NA,NA,NA,NA,NA,NA,NA,NA,99,NA,83,NA,78,98,97,NA,NA,97,NA,NA,NA,NA,NA,NA,NA,NA,NA,NA,NA,NA,NA,NA,NA,NA,NA,NA,NA,NA,NA,NA,NA,NA,NA,NA,62,NA,NA,NA,68,83
2025,6828,AJ Dillon,RB,27.6,PHI,NA,PLACEHOLDER,PLACEHOLDER,NA,PLACEHOLDER,PLACEHOLDER,PLACEHOLDER,PLACEHOLDER,PLACEHOLDER,PLACEHOLDER,PLACEHOLDER,PLACEHOLDER,NA,NA,NA,NA,NA,NA,NA,NA,NA,NA,NA,NA,NA,NA,85,9,NA,84,45,90,92,87,NA,NA,97,NA,83,NA,78,90,90,NA,NA,92,NA,NA,NA,NA,89,94,NA,NA,NA,NA,NA,NA,NA,NA,NA,NA,NA,NA,NA,89,NA,NA,NA,NA,NA,NA,62,NA,NA,NA,68,80
2025,11210,Malik Heath,WR,25.8,GB,NA,PLACEHOLDER,PLACEHOLDER,NA,PLACEHOLDER,PLACEHOLDER,PLACEHOLDER,PLACEHOLDER,PLACEHOLDER,PLACEHOLDER,PLACEHOLDER,PLACEHOLDER,NA,NA,NA,NA,NA,NA,NA,NA,NA,NA,NA,NA,NA,NA,143,138,38,132,129,152,138,141,NA,NA,NA,NA,NA,NA,NA,NA,NA,NA,NA,NA,NA,NA,NA,NA,143,154,NA,NA,NA,NA,NA,NA,NA,NA,NA,NA,NA,NA,NA,142,NA,NA,NA,NA,NA,NA,NA,NA,NA,NA,111,135
2025,6938,Cam Akers,RB,26.5,MIN,NA,PLACEHOLDER,PLACEHOLDER,NA,PLACEHOLDER,PLACEHOLDER,PLACEHOLDER,PLACEHOLDER,PLACEHOLDER,PLACEHOLDER,PLACEHOLDER,PLACEHOLDER,NA,NA,NA,NA,NA,NA,NA,NA,NA,NA,NA,NA,NA,NA,NA,NA,NA,NA,NA,NA,NA,NA,NA,NA,105,NA,98,NA,78,100,104,NA,NA,NA,NA,NA,NA,NA,NA,NA,NA,NA,NA,NA,NA,NA,NA,NA,NA,NA,NA,NA,NA,NA,NA,NA,NA,NA,NA,NA,NA,NA,NA,NA,NA,NA
2025,6011,Gardner Minshew,QB,29.6,KC,NA,PLACEHOLDER,PLACEHOLDER,NA,PLACEHOLDER,PLACEHOLDER,PLACEHOLDER,PLACEHOLDER,PLACEHOLDER,PLACEHOLDER,PLACEHOLDER,PLACEHOLDER,NA,NA,NA,NA,NA,NA,NA,NA,NA,NA,NA,NA,NA,NA,NA,NA,NA,NA,NA,NA,NA,NA,NA,NA,54,NA,56,NA,36,NA,57,NA,NA,NA,NA,NA,NA,NA,NA,NA,NA,NA,NA,NA,NA,NA,NA,NA,NA,NA,NA,NA,NA,NA,NA,NA,NA,NA,NA,NA,NA,NA,NA,NA,NA,NA
2025,8127,Charlie Kolar,TE,26.8,BAL,59,PLACEHOLDER,PLACEHOLDER,59,PLACEHOLDER,PLACEHOLDER,PLACEHOLDER,PLACEHOLDER,PLACEHOLDER,PLACEHOLDER,PLACEHOLDER,PLACEHOLDER,NA,NA,NA,NA,NA,NA,NA,NA,NA,NA,NA,NA,NA,NA,66,51,1,51,35,65,64,58,5,8,NA,NA,NA,52,NA,NA,NA,NA,55,NA,NA,NA,NA,NA,53,65,1,59,55,53,5,NA,NA,NA,NA,NA,NA,3,NA,59,NA,NA,55,1,14,55,NA,4,32,51,52,57
2025,12048,George Holani,RB,26.0,SEA,NA,PLACEHOLDER,PLACEHOLDER,NA,PLACEHOLDER,PLACEHOLDER,PLACEHOLDER,PLACEHOLDER,PLACEHOLDER,PLACEHOLDER,PLACEHOLDER,PLACEHOLDER,NA,NA,NA,NA,NA,NA,NA,NA,NA,NA,NA,NA,NA,NA,NA,NA,NA,NA,NA,NA,NA,NA,NA,NA,84,59,83,NA,58,91,85,NA,NA,83,NA,NA,78,NA,80,84,NA,NA,NA,NA,NA,NA,NA,NA,NA,NA,NA,NA,NA,NA,NA,NA,NA,NA,NA,NA,65,NA,NA,NA,NA,NA
2025,5133,Tyler Conklin,TE,30.4,LAC,NA,PLACEHOLDER,PLACEHOLDER,NA,PLACEHOLDER,PLACEHOLDER,PLACEHOLDER,PLACEHOLDER,PLACEHOLDER,PLACEHOLDER,PLACEHOLDER,PLACEHOLDER,NA,NA,NA,NA,NA,NA,NA,NA,NA,NA,NA,NA,NA,NA,68,62,36,65,61,68,63,63,NA,NA,NA,NA,NA,NA,NA,NA,NA,NA,NA,NA,NA,NA,NA,NA,67,68,NA,NA,NA,NA,NA,NA,NA,NA,NA,NA,NA,NA,NA,64,NA,NA,NA,NA,NA,NA,NA,NA,NA,NA,52,64
2025,7535,Hunter Long,TE,27.3,JAX,60,PLACEHOLDER,PLACEHOLDER,60,PLACEHOLDER,PLACEHOLDER,PLACEHOLDER,PLACEHOLDER,PLACEHOLDER,PLACEHOLDER,PLACEHOLDER,PLACEHOLDER,NA,NA,NA,NA,NA,NA,NA,NA,NA,NA,NA,NA,NA,NA,60,58,57,65,35,61,68,66,60,52,NA,NA,NA,55,NA,NA,NA,NA,53,NA,NA,NA,NA,NA,63,63,55,54,52,55,55,NA,NA,NA,NA,NA,NA,56,NA,66,NA,NA,51,1,14,51,NA,57,24,54,38,55
2025,9490,Tyler Scott,WR,24.2,FA,133,PLACEHOLDER,PLACEHOLDER,129,PLACEHOLDER,PLACEHOLDER,PLACEHOLDER,PLACEHOLDER,PLACEHOLDER,PLACEHOLDER,PLACEHOLDER,PLACEHOLDER,NA,NA,NA,NA,NA,NA,NA,NA,NA,NA,NA,NA,NA,NA,NA,NA,NA,NA,NA,NA,NA,NA,129,116,NA,NA,NA,116,NA,NA,NA,NA,NA,NA,NA,NA,NA,NA,NA,NA,NA,NA,115,NA,NA,NA,NA,NA,NA,NA,NA,NA,NA,157,NA,NA,NA,NA,NA,NA,NA,4,43,116,NA,NA
2025,7608,Khalil Herbert,RB,27.6,SEA,NA,PLACEHOLDER,PLACEHOLDER,NA,PLACEHOLDER,PLACEHOLDER,PLACEHOLDER,PLACEHOLDER,PLACEHOLDER,PLACEHOLDER,PLACEHOLDER,PLACEHOLDER,NA,NA,NA,NA,NA,NA,NA,NA,NA,NA,NA,NA,NA,NA,NA,NA,NA,NA,NA,NA,NA,NA,NA,NA,91,84,94,NA,78,96,91,NA,NA,82,NA,NA,92,NA,NA,NA,NA,NA,NA,NA,NA,NA,NA,NA,NA,NA,NA,NA,NA,NA,NA,NA,NA,NA,NA,NA,76,NA,NA,NA,NA,NA
2025,6111,Jake Browning,QB,29.7,CIN,NA,PLACEHOLDER,PLACEHOLDER,NA,PLACEHOLDER,PLACEHOLDER,PLACEHOLDER,PLACEHOLDER,PLACEHOLDER,PLACEHOLDER,PLACEHOLDER,PLACEHOLDER,25,44,43,42,44,11,27,45,44,5,39,44,39,43,NA,NA,NA,NA,NA,NA,NA,NA,NA,NA,47,NA,39,NA,22,NA,45,NA,44,NA,NA,NA,NA,NA,NA,NA,41,NA,NA,NA,NA,43,45,24,5,6,30,NA,44,44,NA,NA,NA,NA,NA,NA,NA,NA,NA,NA,NA,NA
2025,6869,Adam Trautman,TE,28.8,DEN,55,PLACEHOLDER,PLACEHOLDER,55,PLACEHOLDER,PLACEHOLDER,PLACEHOLDER,PLACEHOLDER,PLACEHOLDER,PLACEHOLDER,PLACEHOLDER,PLACEHOLDER,NA,NA,NA,NA,NA,NA,NA,NA,NA,NA,NA,NA,NA,NA,52,50,15,44,47,56,48,51,38,17,NA,NA,NA,47,NA,NA,NA,NA,34,NA,NA,NA,NA,NA,47,57,9,51,35,51,52,NA,NA,NA,NA,NA,NA,44,NA,52,NA,NA,48,1,14,48,NA,56,25,50,52,55
2025,6853,Van Jefferson,WR,29.4,TEN,86,PLACEHOLDER,PLACEHOLDER,86,PLACEHOLDER,PLACEHOLDER,PLACEHOLDER,PLACEHOLDER,PLACEHOLDER,PLACEHOLDER,PLACEHOLDER,PLACEHOLDER,NA,NA,NA,NA,NA,NA,NA,NA,NA,NA,NA,NA,NA,NA,84,69,38,74,92,75,88,80,69,88,NA,NA,NA,78,NA,NA,NA,NA,72,NA,NA,NA,NA,NA,82,79,94,93,55,75,94,NA,NA,NA,NA,NA,NA,86,NA,83,NA,NA,88,3,46,86,NA,129,28,87,111,104
2025,8177,Grant Calcaterra,TE,27.0,PHI,62,PLACEHOLDER,PLACEHOLDER,62,PLACEHOLDER,PLACEHOLDER,PLACEHOLDER,PLACEHOLDER,PLACEHOLDER,PLACEHOLDER,PLACEHOLDER,PLACEHOLDER,NA,NA,NA,NA,NA,NA,NA,NA,NA,NA,NA,NA,NA,NA,67,61,1,65,47,66,68,67,53,NA,NA,NA,NA,NA,NA,NA,NA,NA,57,NA,NA,NA,NA,NA,67,66,49,62,NA,NA,NA,NA,NA,NA,NA,NA,NA,NA,NA,68,NA,NA,NA,NA,NA,NA,NA,NA,NA,NA,52,61
2025,5096,Ray-Ray McCloud,WR,29.2,ATL,126,PLACEHOLDER,PLACEHOLDER,126,PLACEHOLDER,PLACEHOLDER,PLACEHOLDER,PLACEHOLDER,PLACEHOLDER,PLACEHOLDER,PLACEHOLDER,PLACEHOLDER,NA,NA,NA,NA,NA,NA,NA,NA,NA,NA,NA,NA,NA,NA,140,153,38,132,129,135,118,149,110,110,NA,NA,NA,115,NA,NA,NA,NA,86,NA,NA,NA,NA,NA,143,140,121,118,106,NA,112,NA,NA,NA,NA,NA,NA,110,NA,147,NA,NA,111,3,46,111,NA,123,123,105,NA,NA
2025,12699,LaJohntay Wester,WR,23.7,BAL,NA,PLACEHOLDER,PLACEHOLDER,NA,PLACEHOLDER,PLACEHOLDER,PLACEHOLDER,PLACEHOLDER,PLACEHOLDER,PLACEHOLDER,PLACEHOLDER,PLACEHOLDER,NA,NA,NA,NA,NA,NA,NA,NA,NA,NA,NA,NA,NA,NA,NA,NA,NA,NA,NA,NA,NA,NA,NA,NA,NA,NA,NA,NA,NA,NA,NA,NA,NA,NA,NA,NA,NA,NA,NA,NA,NA,NA,NA,NA,NA,NA,NA,NA,NA,NA,NA,NA,NA,NA,NA,NA,NA,NA,NA,NA,NA,NA,NA,NA,111,143
2025,10216,Kenny McIntosh,RB,25.8,SEA,62,PLACEHOLDER,PLACEHOLDER,52,PLACEHOLDER,PLACEHOLDER,PLACEHOLDER,PLACEHOLDER,PLACEHOLDER,PLACEHOLDER,PLACEHOLDER,PLACEHOLDER,NA,NA,NA,NA,NA,NA,NA,NA,NA,NA,NA,NA,NA,NA,NA,NA,NA,NA,NA,NA,NA,NA,52,48,NA,NA,NA,48,NA,NA,NA,NA,NA,NA,NA,NA,NA,NA,NA,NA,NA,NA,NA,NA,NA,NA,NA,NA,NA,NA,NA,NA,NA,95,NA,NA,NA,NA,NA,NA,69,58,23,48,NA,NA
2025,3161,Carson Wentz,QB,32.9,MIN,39,PLACEHOLDER,PLACEHOLDER,39,PLACEHOLDER,PLACEHOLDER,PLACEHOLDER,PLACEHOLDER,PLACEHOLDER,PLACEHOLDER,PLACEHOLDER,PLACEHOLDER,22,37,39,38,35,15,12,34,38,19,39,38,16,21,NA,NA,NA,NA,NA,NA,NA,NA,4,3,46,NA,42,33,36,NA,40,NA,32,NA,NA,NA,NA,NA,NA,NA,21,15,NA,NA,NA,36,19,15,21,26,27,NA,38,38,NA,NA,11,7,26,3,NA,43,16,40,NA,NA
2025,5973,Josh Oliver,TE,28.7,MIN,49,PLACEHOLDER,PLACEHOLDER,49,PLACEHOLDER,PLACEHOLDER,PLACEHOLDER,PLACEHOLDER,PLACEHOLDER,PLACEHOLDER,PLACEHOLDER,PLACEHOLDER,NA,NA,NA,NA,NA,NA,NA,NA,NA,NA,NA,NA,NA,NA,55,57,1,59,19,60,49,57,27,19,NA,NA,NA,51,NA,NA,NA,NA,47,NA,NA,NA,NA,NA,53,62,10,55,53,50,37,NA,NA,NA,NA,NA,NA,50,NA,58,NA,NA,50,1,14,50,NA,5,14,47,35,40
2025,11574,Dylan Laube,RB,26.0,LV,NA,PLACEHOLDER,PLACEHOLDER,NA,PLACEHOLDER,PLACEHOLDER,PLACEHOLDER,PLACEHOLDER,PLACEHOLDER,PLACEHOLDER,PLACEHOLDER,PLACEHOLDER,NA,NA,NA,NA,NA,NA,NA,NA,NA,NA,NA,NA,NA,NA,85,29,NA,72,45,84,86,89,NA,NA,103,NA,107,NA,78,105,107,NA,NA,NA,NA,NA,NA,NA,95,96,NA,NA,NA,NA,NA,NA,NA,NA,NA,NA,NA,NA,NA,NA,NA,NA,NA,NA,NA,NA,NA,NA,NA,NA,NA,NA
2025,12775,Max Brosmer,QB,24.7,MIN,NA,PLACEHOLDER,PLACEHOLDER,NA,PLACEHOLDER,PLACEHOLDER,PLACEHOLDER,PLACEHOLDER,PLACEHOLDER,PLACEHOLDER,PLACEHOLDER,PLACEHOLDER,20,48,46,47,47,6,11,48,50,10,53,48,48,48,NA,NA,NA,NA,NA,NA,NA,NA,NA,NA,51,NA,49,NA,36,NA,51,NA,NA,NA,NA,NA,NA,NA,NA,NA,NA,NA,NA,NA,NA,47,47,1,48,48,48,NA,NA,48,NA,NA,NA,NA,NA,NA,NA,NA,NA,NA,NA,NA
2025,5917,Mecole Hardman,WR,27.7,FA,NA,PLACEHOLDER,PLACEHOLDER,NA,PLACEHOLDER,PLACEHOLDER,PLACEHOLDER,PLACEHOLDER,PLACEHOLDER,PLACEHOLDER,PLACEHOLDER,PLACEHOLDER,NA,NA,NA,NA,NA,NA,NA,NA,NA,NA,NA,NA,NA,NA,NA,NA,NA,NA,NA,NA,NA,NA,NA,NA,NA,NA,NA,NA,NA,NA,NA,NA,NA,NA,NA,NA,NA,NA,NA,NA,NA,NA,NA,NA,NA,NA,NA,NA,NA,NA,NA,NA,NA,NA,NA,NA,NA,NA,NA,NA,NA,NA,NA,NA,NA,NA
2025,10234,Derius Davis,WR,25.2,LAC,NA,PLACEHOLDER,PLACEHOLDER,NA,PLACEHOLDER,PLACEHOLDER,PLACEHOLDER,PLACEHOLDER,PLACEHOLDER,PLACEHOLDER,PLACEHOLDER,PLACEHOLDER,NA,NA,NA,NA,NA,NA,NA,NA,NA,NA,NA,NA,NA,NA,NA,NA,NA,NA,NA,NA,NA,NA,NA,NA,NA,NA,43,NA,14,NA,55,NA,NA,NA,NA,NA,NA,NA,165,157,NA,NA,NA,NA,NA,NA,NA,NA,NA,NA,NA,NA,NA,NA,NA,NA,NA,NA,NA,NA,NA,NA,NA,NA,111,142
2025,4171,Josh Reynolds,WR,30.8,NYJ,122,PLACEHOLDER,PLACEHOLDER,122,PLACEHOLDER,PLACEHOLDER,PLACEHOLDER,PLACEHOLDER,PLACEHOLDER,PLACEHOLDER,PLACEHOLDER,PLACEHOLDER,NA,NA,NA,NA,NA,NA,NA,NA,NA,NA,NA,NA,NA,NA,125,129,1,132,129,123,154,136,116,109,NA,NA,NA,111,NA,NA,NA,NA,22,NA,NA,NA,NA,NA,143,127,136,113,109,NA,103,NA,NA,NA,NA,NA,NA,109,NA,137,NA,NA,95,3,46,92,NA,128,78,111,NA,NA
2025,4351,Tim Patrick,WR,32.0,JAX,NA,PLACEHOLDER,PLACEHOLDER,NA,PLACEHOLDER,PLACEHOLDER,PLACEHOLDER,PLACEHOLDER,PLACEHOLDER,PLACEHOLDER,PLACEHOLDER,PLACEHOLDER,NA,NA,NA,NA,NA,NA,NA,NA,NA,NA,NA,NA,NA,NA,114,110,79,115,53,117,113,118,NA,NA,NA,NA,NA,NA,NA,NA,NA,NA,134,NA,NA,NA,NA,NA,112,119,37,NA,NA,NA,NA,NA,NA,NA,NA,NA,NA,NA,NA,119,NA,NA,NA,NA,NA,NA,NA,NA,NA,NA,105,82
2025,6850,Harrison Bryant,TE,27.6,HOU,NA,PLACEHOLDER,PLACEHOLDER,NA,PLACEHOLDER,PLACEHOLDER,PLACEHOLDER,PLACEHOLDER,PLACEHOLDER,PLACEHOLDER,PLACEHOLDER,PLACEHOLDER,NA,NA,NA,NA,NA,NA,NA,NA,NA,NA,NA,NA,NA,NA,NA,NA,NA,NA,NA,NA,NA,NA,NA,NA,NA,NA,NA,NA,NA,NA,NA,NA,NA,NA,NA,NA,NA,NA,71,71,NA,NA,NA,NA,NA,NA,NA,NA,NA,NA,NA,NA,NA,72,NA,NA,NA,NA,NA,NA,NA,NA,NA,NA,52,69
2025,11621,Brenden Rice,WR,23.7,FA,140,PLACEHOLDER,PLACEHOLDER,129,PLACEHOLDER,PLACEHOLDER,PLACEHOLDER,PLACEHOLDER,PLACEHOLDER,PLACEHOLDER,PLACEHOLDER,PLACEHOLDER,NA,NA,NA,NA,NA,NA,NA,NA,NA,NA,NA,NA,NA,NA,NA,NA,NA,NA,NA,NA,NA,NA,129,116,NA,NA,NA,116,NA,NA,NA,NA,NA,NA,NA,NA,NA,NA,NA,NA,NA,NA,115,NA,NA,NA,NA,NA,NA,NA,NA,NA,NA,157,NA,NA,NA,NA,NA,NA,NA,2,43,116,NA,NA
2025,11729,Sione Vaki,RB,24.4,DET,NA,PLACEHOLDER,PLACEHOLDER,NA,PLACEHOLDER,PLACEHOLDER,PLACEHOLDER,PLACEHOLDER,PLACEHOLDER,PLACEHOLDER,PLACEHOLDER,PLACEHOLDER,NA,NA,NA,NA,NA,NA,NA,NA,NA,NA,NA,NA,NA,NA,NA,NA,NA,NA,NA,NA,NA,NA,NA,NA,NA,NA,NA,NA,NA,NA,NA,NA,NA,NA,NA,NA,NA,NA,NA,NA,NA,NA,NA,NA,NA,NA,NA,NA,NA,NA,NA,NA,NA,NA,NA,NA,NA,NA,NA,NA,69,NA,NA,NA,NA,NA
2025,5985,Foster Moreau,TE,28.6,NO,64,PLACEHOLDER,PLACEHOLDER,64,PLACEHOLDER,PLACEHOLDER,PLACEHOLDER,PLACEHOLDER,PLACEHOLDER,PLACEHOLDER,PLACEHOLDER,PLACEHOLDER,NA,NA,NA,NA,NA,NA,NA,NA,NA,NA,NA,NA,NA,NA,68,68,36,69,61,68,66,69,54,NA,NA,NA,NA,NA,NA,NA,NA,NA,64,NA,NA,NA,NA,NA,70,69,66,NA,NA,NA,NA,NA,NA,NA,NA,NA,NA,NA,NA,69,NA,NA,NA,NA,NA,NA,NA,NA,NA,NA,52,68
2025,3634,Kalif Raymond,WR,31.3,DET,90,PLACEHOLDER,PLACEHOLDER,90,PLACEHOLDER,PLACEHOLDER,PLACEHOLDER,PLACEHOLDER,PLACEHOLDER,PLACEHOLDER,PLACEHOLDER,PLACEHOLDER,NA,NA,NA,NA,NA,NA,NA,NA,NA,NA,NA,NA,NA,NA,94,112,1,86,92,108,58,96,70,NA,NA,NA,24,NA,14,NA,32,NA,122,NA,NA,NA,NA,NA,87,108,21,95,NA,NA,NA,NA,NA,NA,NA,NA,NA,NA,NA,90,NA,NA,NA,NA,NA,NA,NA,NA,NA,NA,102,89
2025,5987,Alexander Mattison,RB,27.5,MIA,55,PLACEHOLDER,PLACEHOLDER,52,PLACEHOLDER,PLACEHOLDER,PLACEHOLDER,PLACEHOLDER,PLACEHOLDER,PLACEHOLDER,PLACEHOLDER,PLACEHOLDER,NA,NA,NA,NA,NA,NA,NA,NA,NA,NA,NA,NA,NA,NA,NA,NA,NA,NA,NA,NA,NA,NA,52,48,NA,NA,NA,48,NA,NA,NA,NA,NA,NA,NA,NA,NA,NA,NA,NA,NA,NA,NA,NA,NA,NA,NA,NA,NA,NA,NA,NA,NA,95,NA,NA,NA,NA,NA,NA,69,3,23,48,NA,NA
2025,12494,Kyle McCord,QB,23.2,PHI,44,PLACEHOLDER,PLACEHOLDER,43,PLACEHOLDER,PLACEHOLDER,PLACEHOLDER,PLACEHOLDER,PLACEHOLDER,PLACEHOLDER,PLACEHOLDER,PLACEHOLDER,NA,NA,NA,NA,NA,NA,NA,NA,NA,NA,NA,NA,NA,NA,NA,NA,NA,NA,NA,NA,NA,NA,4,3,NA,NA,NA,42,NA,NA,NA,NA,NA,NA,NA,NA,NA,NA,NA,NA,NA,NA,NA,NA,NA,NA,NA,NA,NA,NA,NA,NA,NA,50,NA,NA,NA,NA,NA,NA,NA,42,8,42,NA,NA
2025,5955,Hunter Renfrow,WR,30.0,CAR,113,PLACEHOLDER,PLACEHOLDER,113,PLACEHOLDER,PLACEHOLDER,PLACEHOLDER,PLACEHOLDER,PLACEHOLDER,PLACEHOLDER,PLACEHOLDER,PLACEHOLDER,NA,NA,NA,NA,NA,NA,NA,NA,NA,NA,NA,NA,NA,NA,114,134,1,123,70,114,146,138,128,115,NA,NA,NA,112,NA,NA,NA,NA,92,NA,NA,NA,NA,NA,117,116,107,79,105,100,110,NA,NA,NA,NA,NA,NA,93,NA,140,NA,NA,109,3,46,109,NA,4,80,104,NA,NA
2025,8118,David Bell,WR,25.0,CLE,134,PLACEHOLDER,PLACEHOLDER,129,PLACEHOLDER,PLACEHOLDER,PLACEHOLDER,PLACEHOLDER,PLACEHOLDER,PLACEHOLDER,PLACEHOLDER,PLACEHOLDER,NA,NA,NA,NA,NA,NA,NA,NA,NA,NA,NA,NA,NA,NA,NA,NA,NA,NA,NA,NA,NA,NA,129,116,NA,NA,NA,116,NA,NA,NA,NA,NA,NA,NA,NA,NA,NA,NA,NA,NA,NA,115,NA,NA,NA,NA,NA,NA,NA,NA,NA,NA,157,NA,NA,NA,NA,NA,NA,NA,126,43,116,NA,NA
2025,7593,Trey Sermon,RB,26.8,PIT,NA,PLACEHOLDER,PLACEHOLDER,NA,PLACEHOLDER,PLACEHOLDER,PLACEHOLDER,PLACEHOLDER,PLACEHOLDER,PLACEHOLDER,PLACEHOLDER,PLACEHOLDER,NA,NA,NA,NA,NA,NA,NA,NA,NA,NA,NA,NA,NA,NA,NA,NA,NA,NA,NA,NA,NA,NA,NA,NA,NA,NA,NA,NA,NA,NA,NA,NA,NA,NA,NA,NA,NA,NA,NA,NA,NA,NA,NA,NA,NA,NA,NA,NA,NA,NA,NA,NA,NA,NA,NA,NA,NA,NA,NA,NA,69,NA,NA,NA,NA,NA
2025,12715,Thomas Fidone,TE,23.2,NYG,NA,PLACEHOLDER,PLACEHOLDER,NA,PLACEHOLDER,PLACEHOLDER,PLACEHOLDER,PLACEHOLDER,PLACEHOLDER,PLACEHOLDER,PLACEHOLDER,PLACEHOLDER,NA,NA,NA,NA,NA,NA,NA,NA,NA,NA,NA,NA,NA,NA,NA,NA,NA,NA,NA,NA,NA,NA,NA,NA,NA,NA,NA,NA,NA,NA,NA,NA,NA,NA,NA,NA,NA,NA,NA,NA,NA,NA,NA,NA,NA,NA,NA,NA,NA,NA,NA,NA,NA,NA,NA,NA,NA,NA,NA,NA,NA,NA,NA,NA,NA,NA
2025,6144,Trayveon Williams,RB,28.1,FA,NA,PLACEHOLDER,PLACEHOLDER,NA,PLACEHOLDER,PLACEHOLDER,PLACEHOLDER,PLACEHOLDER,PLACEHOLDER,PLACEHOLDER,PLACEHOLDER,PLACEHOLDER,NA,NA,NA,NA,NA,NA,NA,NA,NA,NA,NA,NA,NA,NA,72,66,1,63,45,75,64,69,NA,NA,100,NA,90,NA,78,88,98,NA,NA,NA,NA,NA,NA,NA,84,90,NA,NA,NA,NA,NA,NA,NA,NA,NA,NA,NA,NA,NA,87,NA,NA,NA,NA,NA,NA,74,NA,NA,NA,NA,NA
2025,2197,Brandin Cooks,WR,32.2,NO,102,PLACEHOLDER,PLACEHOLDER,102,PLACEHOLDER,PLACEHOLDER,PLACEHOLDER,PLACEHOLDER,PLACEHOLDER,PLACEHOLDER,PLACEHOLDER,PLACEHOLDER,NA,NA,NA,NA,NA,NA,NA,NA,NA,NA,NA,NA,NA,NA,94,79,100,80,129,99,120,97,85,48,NA,NA,NA,90,NA,NA,NA,NA,80,NA,NA,NA,NA,NA,95,101,58,101,65,90,102,NA,NA,NA,NA,NA,NA,92,NA,98,NA,NA,99,3,46,99,NA,10,70,96,102,115
2025,6847,Devin Duvernay,WR,28.2,CHI,NA,PLACEHOLDER,PLACEHOLDER,NA,PLACEHOLDER,PLACEHOLDER,PLACEHOLDER,PLACEHOLDER,PLACEHOLDER,PLACEHOLDER,PLACEHOLDER,PLACEHOLDER,NA,NA,NA,NA,NA,NA,NA,NA,NA,NA,NA,NA,NA,NA,NA,NA,NA,NA,NA,NA,NA,NA,NA,NA,NA,NA,NA,NA,NA,NA,NA,NA,NA,NA,NA,NA,NA,NA,159,157,NA,NA,NA,NA,NA,NA,NA,NA,NA,NA,NA,NA,NA,NA,NA,NA,NA,NA,NA,NA,NA,NA,NA,NA,NA,NA
2025,7757,Ben Skowronek,WR,28.4,PIT,NA,PLACEHOLDER,PLACEHOLDER,NA,PLACEHOLDER,PLACEHOLDER,PLACEHOLDER,PLACEHOLDER,PLACEHOLDER,PLACEHOLDER,PLACEHOLDER,PLACEHOLDER,NA,NA,NA,NA,NA,NA,NA,NA,NA,NA,NA,NA,NA,NA,152,142,1,142,92,156,147,149,NA,NA,NA,NA,NA,NA,NA,NA,NA,NA,NA,NA,NA,NA,NA,NA,143,156,NA,NA,NA,NA,NA,NA,NA,NA,NA,NA,NA,NA,NA,147,NA,NA,NA,NA,NA,NA,NA,NA,NA,NA,111,143
2025,11605,Jaheim Bell,TE,24.5,FA,66,PLACEHOLDER,PLACEHOLDER,65,PLACEHOLDER,PLACEHOLDER,PLACEHOLDER,PLACEHOLDER,PLACEHOLDER,PLACEHOLDER,PLACEHOLDER,PLACEHOLDER,NA,NA,NA,NA,NA,NA,NA,NA,NA,NA,NA,NA,NA,NA,NA,NA,NA,NA,NA,NA,NA,NA,65,57,NA,NA,NA,57,NA,NA,NA,NA,NA,NA,NA,NA,NA,NA,NA,NA,NA,NA,57,NA,NA,NA,NA,NA,NA,NA,NA,NA,NA,74,NA,NA,NA,NA,NA,NA,NA,1,38,57,NA,NA
2025,3202,Austin Hooper,TE,31.1,NE,47,PLACEHOLDER,PLACEHOLDER,47,PLACEHOLDER,PLACEHOLDER,PLACEHOLDER,PLACEHOLDER,PLACEHOLDER,PLACEHOLDER,PLACEHOLDER,PLACEHOLDER,NA,NA,NA,NA,NA,NA,NA,NA,NA,NA,NA,NA,NA,NA,50,35,1,42,35,51,52,45,9,5,NA,NA,NA,43,NA,NA,NA,NA,41,NA,NA,NA,NA,NA,43,52,6,44,45,48,34,NA,NA,NA,NA,NA,NA,31,NA,46,NA,NA,43,1,14,42,NA,3,15,48,52,52
2025,10223,Eric Gray,RB,26.1,NYG,NA,PLACEHOLDER,PLACEHOLDER,NA,PLACEHOLDER,PLACEHOLDER,PLACEHOLDER,PLACEHOLDER,PLACEHOLDER,PLACEHOLDER,PLACEHOLDER,PLACEHOLDER,NA,NA,NA,NA,NA,NA,NA,NA,NA,NA,NA,NA,NA,NA,NA,NA,NA,NA,NA,NA,NA,NA,NA,NA,NA,NA,NA,NA,NA,NA,NA,NA,NA,NA,NA,NA,NA,NA,NA,NA,NA,NA,NA,NA,NA,NA,NA,NA,NA,NA,NA,NA,NA,NA,NA,NA,NA,NA,NA,NA,69,NA,NA,NA,NA,NA
2025,6798,Jalen Reagor,WR,26.9,FA,136,PLACEHOLDER,PLACEHOLDER,129,PLACEHOLDER,PLACEHOLDER,PLACEHOLDER,PLACEHOLDER,PLACEHOLDER,PLACEHOLDER,PLACEHOLDER,PLACEHOLDER,NA,NA,NA,NA,NA,NA,NA,NA,NA,NA,NA,NA,NA,NA,NA,NA,NA,NA,NA,NA,NA,NA,129,116,NA,NA,NA,116,NA,NA,NA,NA,NA,NA,NA,NA,NA,NA,NA,NA,NA,NA,115,NA,NA,NA,NA,NA,NA,NA,NA,NA,NA,157,NA,NA,NA,NA,NA,NA,NA,124,43,116,NA,NA
2025,6012,Travis Homer,RB,27.3,CHI,NA,PLACEHOLDER,PLACEHOLDER,NA,PLACEHOLDER,PLACEHOLDER,PLACEHOLDER,PLACEHOLDER,PLACEHOLDER,PLACEHOLDER,PLACEHOLDER,PLACEHOLDER,NA,NA,NA,NA,NA,NA,NA,NA,NA,NA,NA,NA,NA,NA,NA,NA,NA,NA,NA,NA,NA,NA,NA,NA,NA,NA,NA,NA,NA,NA,NA,NA,NA,NA,NA,NA,NA,NA,NA,NA,NA,NA,NA,NA,NA,NA,NA,NA,NA,NA,NA,NA,NA,NA,NA,NA,NA,NA,NA,NA,69,NA,NA,NA,NA,NA
2025,5185,Allen Lazard,WR,30.0,NYJ,123,PLACEHOLDER,PLACEHOLDER,123,PLACEHOLDER,PLACEHOLDER,PLACEHOLDER,PLACEHOLDER,PLACEHOLDER,PLACEHOLDER,PLACEHOLDER,PLACEHOLDER,NA,NA,NA,NA,NA,NA,NA,NA,NA,NA,NA,NA,NA,NA,131,145,38,142,92,128,133,148,126,NA,NA,NA,NA,NA,NA,NA,NA,NA,123,NA,NA,NA,NA,NA,143,134,133,124,NA,NA,NA,NA,NA,NA,NA,NA,NA,NA,NA,146,NA,NA,NA,NA,NA,NA,NA,NA,NA,NA,111,130
2025,6427,Ashton Dulin,WR,28.6,IND,NA,PLACEHOLDER,PLACEHOLDER,NA,PLACEHOLDER,PLACEHOLDER,PLACEHOLDER,PLACEHOLDER,PLACEHOLDER,PLACEHOLDER,PLACEHOLDER,PLACEHOLDER,NA,NA,NA,NA,NA,NA,NA,NA,NA,NA,NA,NA,NA,NA,146,141,1,132,129,145,115,135,NA,NA,36,NA,12,NA,14,NA,15,NA,NA,NA,NA,NA,NA,NA,132,145,NA,NA,NA,NA,NA,NA,NA,NA,NA,NA,NA,NA,NA,127,NA,NA,NA,NA,NA,NA,NA,NA,NA,NA,111,127
2025,6001,Drew Sample,TE,29.6,CIN,61,PLACEHOLDER,PLACEHOLDER,61,PLACEHOLDER,PLACEHOLDER,PLACEHOLDER,PLACEHOLDER,PLACEHOLDER,PLACEHOLDER,PLACEHOLDER,PLACEHOLDER,NA,NA,NA,NA,NA,NA,NA,NA,NA,NA,NA,NA,NA,NA,55,71,1,62,47,59,45,62,61,51,NA,NA,NA,53,NA,NA,NA,NA,39,NA,NA,NA,NA,NA,63,60,62,61,47,54,56,NA,NA,NA,NA,NA,NA,55,NA,62,NA,NA,56,1,10,56,NA,59,38,55,52,NA
2025,8219,Jelani Woods,TE,27.2,NYJ,NA,PLACEHOLDER,PLACEHOLDER,NA,PLACEHOLDER,PLACEHOLDER,PLACEHOLDER,PLACEHOLDER,PLACEHOLDER,PLACEHOLDER,PLACEHOLDER,PLACEHOLDER,NA,NA,NA,NA,NA,NA,NA,NA,NA,NA,NA,NA,NA,NA,NA,NA,NA,NA,NA,NA,NA,NA,NA,NA,NA,NA,NA,NA,NA,NA,NA,NA,NA,NA,NA,NA,NA,NA,NA,NA,NA,NA,NA,NA,NA,NA,NA,NA,NA,NA,NA,NA,NA,73,NA,NA,NA,NA,NA,NA,NA,NA,NA,NA,NA,NA
2025,10857,Stetson Bennett,QB,28.1,LAR,NA,PLACEHOLDER,PLACEHOLDER,NA,PLACEHOLDER,PLACEHOLDER,PLACEHOLDER,PLACEHOLDER,PLACEHOLDER,PLACEHOLDER,PLACEHOLDER,PLACEHOLDER,NA,NA,NA,NA,NA,NA,NA,NA,NA,NA,NA,NA,NA,NA,NA,NA,NA,NA,NA,NA,NA,NA,NA,NA,NA,NA,NA,NA,NA,NA,NA,NA,NA,NA,NA,NA,NA,NA,NA,NA,NA,NA,NA,NA,NA,NA,NA,NA,NA,NA,NA,NA,NA,NA,NA,NA,NA,NA,NA,NA,NA,NA,NA,NA,NA,NA
2025,9495,Rakim Jarrett,WR,24.9,FA,131,PLACEHOLDER,PLACEHOLDER,129,PLACEHOLDER,PLACEHOLDER,PLACEHOLDER,PLACEHOLDER,PLACEHOLDER,PLACEHOLDER,PLACEHOLDER,PLACEHOLDER,NA,NA,NA,NA,NA,NA,NA,NA,NA,NA,NA,NA,NA,NA,NA,NA,NA,NA,NA,NA,NA,NA,129,116,NA,NA,NA,116,NA,NA,NA,NA,NA,NA,NA,NA,NA,NA,NA,NA,NA,NA,115,NA,NA,NA,NA,NA,NA,NA,NA,NA,NA,157,NA,NA,NA,NA,NA,NA,NA,7,43,116,NA,NA
2025,8220,Sincere McCormick,RB,25.2,SF,54,PLACEHOLDER,PLACEHOLDER,52,PLACEHOLDER,PLACEHOLDER,PLACEHOLDER,PLACEHOLDER,PLACEHOLDER,PLACEHOLDER,PLACEHOLDER,PLACEHOLDER,NA,NA,NA,NA,NA,NA,NA,NA,NA,NA,NA,NA,NA,NA,NA,NA,NA,NA,NA,NA,NA,NA,52,48,NA,NA,NA,48,NA,NA,NA,NA,NA,NA,NA,NA,NA,NA,NA,NA,NA,NA,NA,NA,NA,NA,NA,NA,NA,NA,NA,NA,NA,95,NA,NA,NA,NA,NA,NA,69,2,23,48,NA,NA
2025,11716,Tip Reiman,TE,24.2,ARI,NA,PLACEHOLDER,PLACEHOLDER,NA,PLACEHOLDER,PLACEHOLDER,PLACEHOLDER,PLACEHOLDER,PLACEHOLDER,PLACEHOLDER,PLACEHOLDER,PLACEHOLDER,NA,NA,NA,NA,NA,NA,NA,NA,NA,NA,NA,NA,NA,NA,71,69,NA,71,61,71,71,71,NA,NA,NA,NA,NA,NA,NA,NA,NA,NA,67,NA,NA,NA,NA,NA,71,72,66,NA,NA,NA,NA,NA,NA,NA,NA,NA,NA,NA,NA,71,NA,NA,NA,NA,NA,NA,NA,NA,NA,NA,NA,NA
2025,1837,Jimmy Garoppolo,QB,34.1,LAR,NA,PLACEHOLDER,PLACEHOLDER,NA,PLACEHOLDER,PLACEHOLDER,PLACEHOLDER,PLACEHOLDER,PLACEHOLDER,PLACEHOLDER,PLACEHOLDER,PLACEHOLDER,NA,NA,NA,NA,NA,NA,NA,NA,NA,NA,NA,NA,NA,NA,NA,NA,NA,NA,NA,NA,NA,NA,NA,NA,47,NA,56,NA,36,NA,62,NA,NA,NA,NA,NA,NA,NA,NA,NA,NA,NA,NA,NA,NA,NA,NA,NA,NA,NA,NA,NA,NA,NA,NA,NA,NA,NA,NA,NA,NA,NA,NA,NA,NA,NA
2025,8116,Pierre Strong Jr.,RB,27.0,GB,NA,PLACEHOLDER,PLACEHOLDER,NA,PLACEHOLDER,PLACEHOLDER,PLACEHOLDER,PLACEHOLDER,PLACEHOLDER,PLACEHOLDER,PLACEHOLDER,PLACEHOLDER,NA,NA,NA,NA,NA,NA,NA,NA,NA,NA,NA,NA,NA,NA,NA,NA,NA,NA,NA,NA,NA,NA,NA,NA,NA,NA,NA,NA,NA,NA,NA,NA,NA,NA,NA,NA,NA,NA,NA,NA,NA,NA,NA,NA,NA,NA,NA,NA,NA,NA,NA,NA,NA,NA,NA,NA,NA,NA,NA,NA,69,NA,NA,NA,NA,NA
2025,9998,Hendon Hooker,QB,27.9,CAR,NA,PLACEHOLDER,PLACEHOLDER,NA,PLACEHOLDER,PLACEHOLDER,PLACEHOLDER,PLACEHOLDER,PLACEHOLDER,PLACEHOLDER,PLACEHOLDER,PLACEHOLDER,NA,NA,NA,NA,NA,NA,NA,NA,NA,NA,NA,NA,NA,NA,NA,NA,NA,NA,NA,NA,NA,NA,NA,NA,NA,NA,NA,NA,NA,NA,NA,NA,NA,NA,NA,NA,NA,NA,NA,NA,NA,NA,NA,NA,NA,NA,NA,NA,NA,NA,NA,NA,NA,NA,NA,NA,NA,NA,NA,NA,NA,NA,NA,NA,NA,NA
2025,8253,Deven Thompkins,WR,26.0,ATL,NA,PLACEHOLDER,PLACEHOLDER,NA,PLACEHOLDER,PLACEHOLDER,PLACEHOLDER,PLACEHOLDER,PLACEHOLDER,PLACEHOLDER,PLACEHOLDER,PLACEHOLDER,NA,NA,NA,NA,NA,NA,NA,NA,NA,NA,NA,NA,NA,NA,156,160,NA,159,129,158,150,159,NA,NA,NA,NA,NA,NA,NA,NA,NA,NA,NA,NA,NA,NA,NA,NA,159,160,NA,NA,NA,NA,NA,NA,NA,NA,NA,NA,NA,NA,NA,NA,NA,NA,NA,NA,NA,NA,NA,NA,NA,NA,NA,NA
2025,9489,Justin Shorter,WR,25.6,LV,NA,PLACEHOLDER,PLACEHOLDER,NA,PLACEHOLDER,PLACEHOLDER,PLACEHOLDER,PLACEHOLDER,PLACEHOLDER,PLACEHOLDER,PLACEHOLDER,PLACEHOLDER,NA,NA,NA,NA,NA,NA,NA,NA,NA,NA,NA,NA,NA,NA,NA,NA,NA,NA,NA,NA,NA,NA,NA,NA,NA,NA,NA,NA,NA,NA,NA,NA,NA,NA,NA,NA,NA,NA,NA,NA,NA,NA,NA,NA,NA,NA,NA,NA,NA,NA,NA,NA,NA,NA,NA,NA,NA,NA,NA,NA,NA,NA,NA,NA,NA,NA
2025,5086,Marquez Valdes-Scantling,WR,31.2,SF,115,PLACEHOLDER,PLACEHOLDER,115,PLACEHOLDER,PLACEHOLDER,PLACEHOLDER,PLACEHOLDER,PLACEHOLDER,PLACEHOLDER,PLACEHOLDER,PLACEHOLDER,NA,NA,NA,NA,NA,NA,NA,NA,NA,NA,NA,NA,NA,NA,117,127,1,126,92,110,141,129,120,114,NA,NA,NA,109,NA,NA,NA,NA,110,NA,NA,NA,NA,NA,132,110,134,119,89,99,113,NA,NA,NA,NA,NA,NA,113,NA,133,NA,NA,110,3,46,110,NA,1,36,110,111,118
2025,7602,Kylen Granson,TE,27.7,PHI,NA,PLACEHOLDER,PLACEHOLDER,NA,PLACEHOLDER,PLACEHOLDER,PLACEHOLDER,PLACEHOLDER,PLACEHOLDER,PLACEHOLDER,PLACEHOLDER,PLACEHOLDER,NA,NA,NA,NA,NA,NA,NA,NA,NA,NA,NA,NA,NA,NA,68,65,15,65,61,70,70,70,NA,NA,NA,NA,NA,NA,NA,NA,NA,NA,NA,NA,NA,NA,NA,NA,69,70,NA,NA,NA,NA,NA,NA,NA,NA,NA,NA,NA,NA,NA,70,NA,NA,NA,NA,NA,NA,NA,NA,NA,NA,52,67
2025,10221,Ronnie Bell,WR,25.9,DET,NA,PLACEHOLDER,PLACEHOLDER,NA,PLACEHOLDER,PLACEHOLDER,PLACEHOLDER,PLACEHOLDER,PLACEHOLDER,PLACEHOLDER,PLACEHOLDER,PLACEHOLDER,NA,NA,NA,NA,NA,NA,NA,NA,NA,NA,NA,NA,NA,NA,NA,NA,NA,NA,NA,NA,NA,NA,NA,NA,NA,NA,NA,NA,NA,NA,NA,NA,NA,NA,NA,NA,NA,NA,159,160,NA,NA,NA,NA,NA,NA,NA,NA,NA,NA,NA,NA,NA,NA,NA,NA,NA,NA,NA,NA,NA,NA,NA,NA,NA,NA
2025,1234,Russell Wilson,QB,37.0,NYG,NA,PLACEHOLDER,PLACEHOLDER,NA,PLACEHOLDER,PLACEHOLDER,PLACEHOLDER,PLACEHOLDER,PLACEHOLDER,PLACEHOLDER,PLACEHOLDER,PLACEHOLDER,1,40,44,44,43,12,5,42,42,6,44,42,22,6,NA,NA,NA,NA,NA,NA,NA,NA,NA,NA,40,28,34,NA,36,NA,32,NA,NA,NA,NA,NA,35,NA,NA,NA,NA,NA,NA,NA,NA,44,43,20,2,8,5,NA,43,42,NA,NA,NA,NA,NA,NA,NA,NA,NA,NA,NA,NA
2025,4663,Austin Ekeler,RB,30.6,WAS,50,PLACEHOLDER,PLACEHOLDER,50,PLACEHOLDER,PLACEHOLDER,PLACEHOLDER,PLACEHOLDER,PLACEHOLDER,PLACEHOLDER,PLACEHOLDER,PLACEHOLDER,NA,NA,NA,NA,NA,NA,NA,NA,NA,NA,NA,NA,NA,NA,79,39,1,63,45,80,76,73,26,32,94,84,90,46,78,106,96,NA,34,97,47,46,90,47,84,86,29,NA,NA,45,NA,NA,NA,NA,NA,NA,NA,NA,NA,89,NA,NA,NA,NA,NA,NA,75,57,23,48,NA,NA
2025,5113,Cedrick Wilson,WR,30.0,NO,NA,PLACEHOLDER,PLACEHOLDER,NA,PLACEHOLDER,PLACEHOLDER,PLACEHOLDER,PLACEHOLDER,PLACEHOLDER,PLACEHOLDER,PLACEHOLDER,PLACEHOLDER,NA,NA,NA,NA,NA,NA,NA,NA,NA,NA,NA,NA,NA,NA,146,154,1,142,129,148,144,155,NA,NA,NA,NA,NA,NA,NA,NA,NA,NA,132,NA,NA,NA,NA,NA,151,148,87,NA,NA,NA,NA,NA,NA,NA,NA,NA,NA,NA,NA,152,NA,NA,NA,NA,NA,NA,NA,NA,NA,NA,NA,NA
2025,6659,Craig Reynolds,RB,29.5,DET,NA,PLACEHOLDER,PLACEHOLDER,NA,PLACEHOLDER,PLACEHOLDER,PLACEHOLDER,PLACEHOLDER,PLACEHOLDER,PLACEHOLDER,PLACEHOLDER,PLACEHOLDER,NA,NA,NA,NA,NA,NA,NA,NA,NA,NA,NA,NA,NA,NA,NA,NA,NA,NA,NA,NA,NA,NA,NA,NA,107,NA,107,NA,78,106,109,NA,NA,NA,NA,NA,NA,NA,NA,NA,NA,NA,NA,NA,NA,NA,NA,NA,NA,NA,NA,NA,NA,NA,NA,NA,NA,NA,NA,NA,69,NA,NA,NA,NA,NA