WK,SLPR_ID,PLAYER NAME,POS,AGE,TM,PRK_PPR,PRK_0.5P,FPT_PPR,FPTS_0.5,GM_P,GM,TM_SNP,SNP,FUM,CMP%,paAY,paATT,CMP,pa1D,INC,INT,paRTG,pa.ruYDS,SAC,paTD,paYDS,paYPA,paYPC,REC,recAY,DRP,rec1D,recTD,TGT,YAC,recYDS,YPR,YPT,CAR,BTKL,ru1D,ru.recYDS,ruTD,ruYDS,YPC,SNP%,YDS(t),YPG(t),TD(t),IMP,OPP,IMP/OPP,IMP/G,TDS%,YS%,CAR/G,YCO,MTF,YCO/A,MTF/A,ruIMP,ruIMP/A,ELU,ruYS%,ruTDS%,ruYPG,ru10+,EXPLSV%,RYOE,RYOE/A,RZ Att,GL Att,RR,YPRR,1DRR,TPRR,TS%,RECS%,recYS%,recTDS%,recYPG,recIMP,recIMP/R,AY/Tgt,AY%,YACR,RZ Tgt,10+ Tgt,Quick Tgt,EZ Tgt,TGT/G,REC/G,pIMP,pIMP/A,TTT,DP%,PRS%,AYA,DB,CPOE,EPA,EPA/DB,paYPG,BLTZ%,TmPa%,VS,vsRK,INJ,PROJ,FPOE
1,9221,Jahmyr Gibbs,RB,24.5,DET,3,4,33.60,31.1,1,1,77,57,1,0.0%,0,0,0,0,0,0,0.00,156,0,0,0,0.00,0.00,5,-4,0,1,0,5,34,30,6.0,6.0,29,0,12,186,2,156,5.38,74.0%,186,186.0,2,15,34,44.1%,15.0,-,-,29,84,13,2.90,0.448,14,0.483,0.738,-,-,156.0,7.0,24.1%,23.0,0.79,8.0,3.0,18,1.67,0.056,0.278,12.8%,-,-,-,30,1.000,0.2,NA,NA,7,NA,NA,NA,NA,5.0,5,0.0%,NA,NA,NA,NA,NA,NA,NA,NA,NA,0.0%,NA,NA,vs NO,5,·,22.1,11.5
1,4984,Josh Allen,QB,30.3,BUF,2,2,35.66,35.66,1,1,58,58,1,69.0%,222,29,20,11,9,0,130.50,357,2,2,334,11.52,16.70,0,0,0,0,0,0,0,0,0.0,0.0,6,0,0,23,2,23,3.83,100.0%,357,357.0,4,15,35,42.9%,15.0,-,-,6,NA,NA,NA,NA,2,0.333,NA,-,-,23.0,1.0,16.7%,NA,NA,NA,NA,NA,NA,NA,NA,NA,-,-,-,0,0.000,NA,NA,NA,NA,NA,NA,NA,NA,0.0,0,1300.0%,0.4482758621,311%,24.1%,0.281,12.6,3200.0%,+0.10,+15.70,0.5,33400.0%,18.8%,1,@ HOU,2,·,19.4,16.3
1,9509,Bijan Robinson,RB,24.6,ATL,6,7,31.30,27.3,1,1,60,46,2,0.0%,0,0,0,0,0,0,0.00,83,0,0,0,0.00,0.00,8,-20,0,1,1,10,110,90,11.3,9.0,21,5,7,173,0,83,3.95,76.7%,173,173.0,1,9,31,29.0%,9.0,-,-,21,99,12,4.70,0.571,7,0.333,1.041,-,-,83.0,2.0,9.5%,7.0,0.33,0.0,0.0,21,4.29,0.048,0.476,45.5%,-,-,-,90,2.000,0.3,NA,NA,14,NA,NA,NA,NA,10.0,8,0.0%,NA,NA,NA,NA,NA,NA,NA,NA,NA,0.0%,NA,NA,@ PIT,8,·,19.3,12.1
1,7564,Ja'Marr Chase,WR,26.5,CIN,87,89,3.20,2.2,1,1,64,60,0,0.0%,0,0,0,0,0,0,0.00,0,0,0,0,0.00,0.00,2,10,0,1,0,4,2,12,6.0,3.0,0,0,0,12,0,0,0,93.8%,12,12.0,0,1,4,25.0%,1.0,-,-,0,NA,NA,NA,NA,0,NA,NA,-,-,0.0,NA,NA,NA,NA,NA,NA,36,0.33,0.028,0.111,11.4%,-,-,-,12,1.000,0.5,830%,0.1,1,1,3,3,0,4.0,2,0.0%,NA,NA,NA,NA,NA,NA,NA,NA,NA,0.0%,NA,NA,vs TB,29,·,20.4,-17.2
1,9488,Jaxon Smith-Njigba,WR,24.6,SEA,6,7,26.20,22.2,1,1,50,45,0,0.0%,0,0,0,0,0,0,0.00,0,0,0,0,0.00,0.00,8,60,0,4,1,11,62,122,15.3,11.1,0,0,0,122,0,0,0,90.0%,122,122.0,1,5,11,45.5%,5.0,-,-,0,NA,NA,NA,NA,0,NA,NA,-,-,0.0,NA,NA,NA,NA,NA,NA,26,4.69,0.154,0.423,45.8%,-,-,-,122,5.000,0.6,730%,0.5,8,3,4,6,1,11.0,8,0.0%,NA,NA,NA,NA,NA,NA,NA,NA,NA,0.0%,NA,NA,vs NE,12,·,19.7,6.5
1,9493,Puka Nacua,WR,25.3,LAR,27,27,12.40,9.9,1,1,61,43,0,0.0%,0,0,0,0,0,0,0.00,0,0,0,0,0.00,0.00,5,36,0,2,0,9,38,74,14.8,8.2,0,0,0,74,0,0,0,70.5%,74,74.0,0,2,9,22.2%,2.0,-,-,0,NA,NA,NA,NA,0,NA,NA,-,-,0.0,NA,NA,NA,NA,NA,NA,20,3.70,0.100,0.450,32.1%,-,-,-,74,2.000,0.4,1200%,0.5,8,1,5,3,0,9.0,5,0.0%,NA,NA,NA,NA,NA,NA,NA,NA,NA,0.0%,NA,NA,vs SF,28,·,21.0,-8.6
1,11564,Drake Maye,QB,24.0,NE,23,23,12.82,12.82,1,1,71,71,0,69.7%,67,33,23,8,10,3,54.90,225,3,1,178,5.39,7.74,0,0,0,0,0,0,0,0,0.0,0.0,7,0,5,47,0,47,6.71,100.0%,225,225.0,1,14,40,35.0%,14.0,-,-,7,NA,NA,NA,NA,5,0.714,NA,-,-,47.0,2.0,28.6%,NA,NA,NA,NA,NA,NA,NA,NA,NA,-,-,-,0,0.000,NA,NA,NA,NA,NA,NA,NA,NA,0.0,0,900.0%,0.2727272727,282%,12.1%,0.31,6.4,4200.0%,+0.03,-0.10,0.0,17800.0%,21.4%,1,@ SEA,24,·,19.7,-6.9
1,7547,Amon-Ra St. Brown,WR,26.9,DET,4,4,28.70,23.7,1,1,77,69,0,0.0%,0,0,0,0,0,0,0.00,0,0,0,0,0.00,0.00,10,40,0,2,2,14,27,67,6.7,4.8,0,0,0,67,0,0,0,89.6%,67,67.0,2,4,14,28.6%,4.0,-,-,0,NA,NA,NA,NA,0,NA,NA,-,-,0.0,NA,NA,NA,NA,NA,NA,39,1.72,0.051,0.359,35.9%,-,-,-,67,4.000,0.4,510%,0.3,3,4,2,8,0,14.0,10,0.0%,NA,NA,NA,NA,NA,NA,NA,NA,NA,0.0%,NA,NA,vs NO,11,·,20.2,8.5
1,11604,Brock Bowers,TE,23.8,LV,0.0,0,0.00,0,0,0,0,0,0,0.0%,0,0,0,0,0,0,0.00,0,0,0,0,0.00,0.00,0,0,0,0,0,0,0,0,0.0,0.0,0,0,0,0,0,0,0,-,0,0.0,0,0,0,NA,0.0,-,-,NA,NA,NA,NA,NA,0,NA,NA,-,-,0.0,NA,NA,NA,NA,NA,NA,NA,NA,NA,NA,NA,-,-,-,0,0.000,NA,NA,NA,NA,NA,NA,NA,NA,NA,NA,0.0%,NA,NA,NA,NA,NA,NA,NA,NA,NA,0.0%,NA,NA,vs MIA,22,Q,Q,#VALUE!
1,11560,Caleb Williams,QB,24.8,CHI,1.0,1,37.26,37.26,1,1,75,75,0,72.4%,189,29,21,11,8,0,124.10,334,2,2,269,9.28,12.81,0,0,0,0,0,0,0,0,0.0,0.0,10,0,2,65,2,65,6.5,100.0%,334,334.0,4,17,39,43.6%,17.0,-,-,10,NA,NA,NA,NA,4,0.400,NA,-,-,65.0,1.0,10.0%,NA,NA,NA,NA,NA,NA,NA,NA,NA,-,-,-,0,0.000,NA,NA,NA,NA,NA,NA,NA,NA,0.0,0,1300.0%,0.4482758621,316%,13.8%,0.333,10.4,3900.0%,+0.11,+18.30,0.5,26900.0%,51.3%,0,@ CAR,1,·,18.3,18.9
1,4881,Lamar Jackson,QB,29.7,BAL,7.0,7,24.96,24.96,1,1,68,68,1,68.0%,155,25,17,10,8,0,124.20,364,2,1,324,12.96,19.06,0,0,0,0,0,0,0,0,0.0,0.0,7,0,2,40,1,40,5.71,100.0%,364,364.0,2,14,32,43.8%,14.0,-,-,7,NA,NA,NA,NA,3,0.429,NA,-,-,40.0,2.0,28.6%,NA,NA,NA,NA,NA,NA,NA,NA,NA,-,-,-,0,0.000,NA,NA,NA,NA,NA,NA,NA,NA,0.0,0,1100.0%,0.44,330%,16%,0.355,10.8,3100.0%,+0.06,+13.30,0.4,32400.0%,41.9%,0,@ IND,7,·,19.6,5.4
1,6794,Justin Jefferson,WR,27.2,MIN,3.0,3,31.20,27.2,1,1,65,60,0,0.0%,0,0,0,0,0,0,0.00,0,0,0,0,0.00,0.00,8,64,0,3,2,9,28,92,11.5,10.2,0,0,0,92,0,0,0,92.3%,92,92.0,2,5,9,55.6%,5.0,-,-,0,NA,NA,NA,NA,0,NA,NA,-,-,0.0,NA,NA,NA,NA,NA,NA,29,3.17,0.103,0.310,37.5%,-,-,-,92,5.000,0.6,940%,0.5,4,2,3,5,1,9.0,8,0.0%,NA,NA,NA,NA,NA,NA,NA,NA,NA,0.0%,NA,NA,vs GB,13,·,17.5,13.7
1,11632,Malik Nabers,WR,23.1,NYG,26.0,28,12.90,9.9,1,1,69,36,0,0.0%,0,0,0,0,0,0,0.00,0,0,0,0,0.00,0.00,6,59,0,3,0,9,10,69,11.5,7.7,0,0,0,69,0,0,0,52.2%,69,69.0,0,3,9,33.3%,3.0,-,-,0,NA,NA,NA,NA,0,NA,NA,-,-,0.0,NA,NA,NA,NA,NA,NA,24,2.88,0.125,0.375,31.0%,-,-,-,69,3.000,0.5,1110%,0.4,2,1,5,5,0,9.0,6,0.0%,NA,NA,NA,NA,NA,NA,NA,NA,NA,0.0%,NA,NA,vs DAL,26,·,12.9,0.0
1,8130,Trey McBride,TE,26.8,ARI,2.0,3,24.50,20,1,1,75,60,0,0.0%,0,0,0,0,0,0,0.00,0,0,0,0,0.00,0.00,9,59,1,5,1,13,36,95,10.6,7.3,0,0,0,95,0,0,0,80.0%,95,95.0,1,6,13,46.2%,6.0,-,-,0,NA,NA,NA,NA,0,NA,NA,-,-,0.0,NA,NA,NA,NA,NA,NA,34,2.79,0.147,0.382,35.1%,-,-,-,95,6.000,0.7,730%,0.3,4,4,3,10,2,13.0,9,0.0%,NA,NA,NA,NA,NA,NA,NA,NA,NA,0.0%,NA,NA,@ LAC,5,·,14.3,10.3
1,12527,Ashton Jeanty,RB,22.8,LV,4.0,5,32.70,29.7,1,1,68,50,0,0.0%,0,0,0,0,0,0,0.00,102,0,0,0,0.00,0.00,6,18,0,0,2,6,27,45,7.5,7.5,23,4,7,147,0,102,4.43,73.5%,147,147.0,2,9,29,31.0%,9.0,-,-,23,74,7,3.20,0.304,7,0.304,0.624,-,-,102.0,3.0,13.0%,13.0,0.57,3.0,0.0,19,2.37,0.000,0.316,20.0%,-,-,-,45,2.000,0.3,NA,NA,5,NA,NA,NA,NA,6.0,6,0.0%,NA,NA,NA,NA,NA,NA,NA,NA,NA,0.0%,NA,NA,vs MIA,4,·,16.0,16.7
1,13287,Jeremiyah Love,RB,21.3,ARI,21.0,19,13.00,12,1,0,75,32,0,0.0%,0,0,0,0,0,0,0.00,41,0,0,0,0.00,0.00,2,4,1,0,0,4,5,9,4.5,2.3,11,1,1,50,1,41,3.73,42.7%,50,50.0,1,2,15,13.3%,2.0,-,-,11,50,6,4.50,0.545,2,0.182,0.995,-,-,41.0,1.0,9.1%,10.0,0.91,3.0,2.0,14,0.64,0.000,0.286,10.8%,-,-,-,9,0.000,0.0,NA,NA,3,NA,NA,NA,NA,4.0,2,0.0%,NA,NA,NA,NA,NA,NA,NA,NA,NA,0.0%,NA,NA,@ LAC,17,·,11.9,1.2
1,6770,Joe Burrow,QB,29.8,CIN,20.0,20,15.16,15.16,1,1,64,64,0,71.4%,115,35,25,13,10,1,89.50,274,1,1,254,7.26,10.16,0,0,0,0,0,0,0,0,0.0,0.0,5,0,4,20,0,20,4,100.0%,274,274.0,1,18,40,45.0%,18.0,-,-,5,NA,NA,NA,NA,4,0.800,NA,-,-,20.0,1.0,20.0%,NA,NA,NA,NA,NA,NA,NA,NA,NA,-,-,-,0,0.000,NA,NA,NA,NA,NA,NA,NA,NA,0.0,0,1400.0%,0.4,254%,8.6%,0.243,6.8,3700.0%,+0.05,-2.30,-0.1,25400.0%,48.6%,1,vs TB,20,·,20.9,-5.8
1,6786,CeeDee Lamb,WR,27.4,DAL,20.0,18,15.40,12.9,1,1,58,47,0,0.0%,0,0,0,0,0,0,0.00,0,0,0,0,0.00,0.00,5,25,0,4,1,8,19,44,8.8,5.5,1,0,0,44,0,0,0,81.0%,44,44.0,1,5,9,55.6%,5.0,-,-,1,NA,NA,NA,NA,0,0.000,NA,-,-,0.0,NA,NA,NA,NA,NA,NA,28,1.57,0.143,0.286,23.5%,-,-,-,44,5.000,1.0,1150%,0.4,4,2,3,6,1,8.0,5,0.0%,NA,NA,NA,NA,NA,NA,NA,NA,NA,0.0%,NA,NA,@ NYG,15,·,16.1,-0.7
1,11566,Jayden Daniels,QB,25.7,WAS,14.0,14,17.66,17.66,1,1,70,70,0,52.9%,93,34,18,8,16,0,85.90,195,1,2,164,4.82,9.11,0,0,0,0,0,0,0,0,0.0,0.0,5,1,1,31,0,31,6.2,100.0%,195,195.0,2,11,39,28.2%,11.0,-,-,5,NA,NA,NA,NA,1,0.200,NA,-,-,31.0,2.0,40.0%,NA,NA,NA,NA,NA,NA,NA,NA,NA,-,-,-,0,0.000,NA,NA,NA,NA,NA,NA,NA,NA,0.0,0,1000.0%,0.2941176471,341%,11.8%,0.5,8.6,3800.0%,-0.05,+3.10,0.1,16400.0%,23.7%,1,@ PHI,14,·,17.1,0.5
1,12507,Omarion Hampton,RB,23.5,LAC,33.0,30,8.30,8.3,1,1,55,32,1,0.0%,0,0,0,0,0,0,0.00,43,0,0,0,0.00,0.00,0,0,0,0,0,0,0,0,0.0,0.0,12,6,4,43,1,43,3.58,58.2%,43,43.0,1,5,12,41.7%,5.0,-,-,12,48,6,4.00,0.500,5,0.417,0.900,-,-,43.0,1.0,8.3%,-9.0,-0.75,2.0,0.0,10,0.00,0.000,0.000,0.0%,-,-,-,0,0.000,NA,NA,NA,NA,NA,NA,NA,NA,0.0,0,0.0%,NA,NA,NA,NA,NA,NA,NA,NA,NA,0.0%,NA,NA,vs ARI,28,·,16.0,-7.7
1,9226,De'Von Achane,RB,24.9,MIA,24.0,27,10.60,8.6,1,1,56,48,0,0.0%,0,0,0,0,0,0,0.00,36,0,0,0,0.00,0.00,4,11,0,1,0,5,19,30,7.5,6.0,11,0,2,66,0,36,3.27,85.7%,66,66.0,0,3,16,18.8%,3.0,-,-,11,23,6,2.10,0.545,2,0.182,0.755,-,-,36.0,1.0,9.1%,-5.0,-0.45,3.0,0.0,27,1.11,0.037,0.185,18.5%,-,-,-,30,1.000,0.3,NA,NA,5,NA,NA,NA,NA,5.0,4,0.0%,NA,NA,NA,NA,NA,NA,NA,NA,NA,0.0%,NA,NA,@ LV,30,·,16.6,-6.0
1,6797,Justin Herbert,QB,28.5,LAC,22.0,22,14.26,14.26,1,1,55,55,0,63.0%,131,27,17,8,10,1,83.70,238,3,1,209,7.74,12.29,0,0,0,0,0,0,0,0,0.0,0.0,5,0,1,29,0,29,5.8,100.0%,238,238.0,1,10,32,31.3%,10.0,-,-,5,NA,NA,NA,NA,1,0.200,NA,-,-,29.0,1.0,20.0%,NA,NA,NA,NA,NA,NA,NA,NA,NA,-,-,-,0,0.000,NA,NA,NA,NA,NA,NA,NA,NA,0.0,0,900.0%,0.3333333333,273%,7.4%,0.265,10.8,3400.0%,-0.01,-6.60,-0.2,20900.0%,17.6%,1,vs ARI,22,·,17.5,-3.2
1,8112,Drake London,WR,25.2,ATL,70.0,65,5.50,4.5,1,1,60,59,0,0.0%,0,0,0,0,0,0,0.00,6,0,0,0,0.00,0.00,2,22,0,1,0,5,7,29,14.5,5.8,1,0,0,35,0,6,6,98.3%,35,35.0,0,1,6,16.7%,1.0,-,-,1,NA,NA,NA,NA,0,0.000,NA,-,-,6.0,NA,NA,NA,NA,NA,NA,25,1.16,0.040,0.200,18.2%,-,-,-,29,1.000,0.5,750%,0.4,4,0,1,2,0,5.0,2,0.0%,NA,NA,NA,NA,NA,NA,NA,NA,NA,0.0%,NA,NA,@ PIT,32,·,14.2,-8.7
1,8138,James Cook,RB,27.0,BUF,27.0,29,9.90,8.4,1,1,58,42,1,0.0%,0,0,0,0,0,0,0.00,57,0,0,0,0.00,0.00,3,-2,0,2,0,4,14,12,4.0,3.0,13,1,3,69,0,57,4.38,72.4%,69,69.0,0,5,17,29.4%,5.0,-,-,13,22,7,1.70,0.538,3,0.231,0.708,-,-,57.0,2.0,15.4%,7.0,0.54,2.0,0.0,16,0.75,0.125,0.250,13.8%,-,-,-,12,2.000,0.7,NA,NA,5,NA,NA,NA,NA,4.0,3,0.0%,NA,NA,NA,NA,NA,NA,NA,NA,NA,0.0%,NA,NA,@ HOU,29,·,16.5,-6.6
1,6813,Jonathan Taylor,RB,27.6,IND,8.0,8,25.10,23.6,1,1,54,48,1,0.0%,0,0,0,0,0,0,0.00,98,0,0,0,0.00,0.00,3,-3,1,0,0,4,26,23,7.7,5.8,19,1,5,121,2,98,5.16,88.9%,121,121.0,2,7,23,30.4%,7.0,-,-,19,38,5,2.00,0.263,7,0.368,0.463,-,-,98.0,5.0,26.3%,10.0,0.53,5.0,4.0,22,1.05,0.000,0.182,12.9%,-,-,-,23,0.000,0.0,NA,NA,9,NA,NA,NA,NA,4.0,3,0.0%,NA,NA,NA,NA,NA,NA,NA,NA,NA,0.0%,NA,NA,vs BAL,10,·,19.0,6.1
1,7523,Trevor Lawrence,QB,26.9,JAX,5.0,5,26.10,26.1,1,1,57,50,0,78.3%,184,23,18,9,5,0,150.60,248,1,4,245,10.65,13.61,0,0,0,0,0,0,0,0,0.0,0.0,2,0,1,3,0,3,1.5,87.7%,248,248.0,4,14,25,56.0%,14.0,-,-,2,NA,NA,NA,NA,1,0.500,NA,-,-,3.0,0.0,0.0%,NA,NA,NA,NA,NA,NA,NA,NA,NA,-,-,-,0,0.000,NA,NA,NA,NA,NA,NA,NA,NA,0.0,0,1300.0%,0.5652173913,298%,13%,0.24,11.2,2500.0%,+0.16,+17.70,0.7,24500.0%,12.0%,0,vs CLE,5,·,18.6,7.5
1,12517,Colston Loveland,TE,22.4,CHI,999.0,999,0.00,0,1,1,75,65,0,0.0%,0,0,0,0,0,0,0.00,0,0,0,0,0.00,0.00,0,0,0,0,0,2,0,0,0.0,0.0,0,0,0,0,0,0,0,86.7%,0,0.0,0,0,2,0.0%,0.0,-,-,0,NA,NA,NA,NA,0,NA,NA,-,-,0.0,NA,NA,NA,NA,NA,NA,33,0.00,0.000,0.061,6.9%,-,-,-,0,0.000,NA,1350%,0.1,NA,1,2,1,1,2.0,0,0.0%,NA,NA,NA,NA,NA,NA,NA,NA,NA,0.0%,NA,NA,@ CAR,16,·,13.8,-13.8
1,8137,George Pickens,WR,25.5,DAL,63.0,66,5.80,4.3,1,1,58,49,0,0.0%,0,0,0,0,0,0,0.00,0,0,0,0,0.00,0.00,3,23,2,2,0,6,5,28,9.3,4.7,0,0,0,28,0,0,0,84.5%,28,28.0,0,2,6,33.3%,2.0,-,-,0,NA,NA,NA,NA,0,NA,NA,-,-,0.0,NA,NA,NA,NA,NA,NA,28,1.00,0.071,0.214,17.6%,-,-,-,28,2.000,0.7,1610%,0.4,2,0,4,2,0,6.0,3,0.0%,NA,NA,NA,NA,NA,NA,NA,NA,NA,0.0%,NA,NA,@ NYG,15,·,15.6,-9.8
1,12526,Tetairoa McMillan,WR,23.4,CAR,32.0,36,10.50,8,1,1,68,56,1,0.0%,0,0,0,0,0,0,0.00,0,0,0,0,0.00,0.00,5,52,0,4,0,8,23,75,15.0,9.4,0,0,0,75,0,0,0,82.4%,75,75.0,0,4,8,50.0%,4.0,-,-,0,NA,NA,NA,NA,0,NA,NA,-,-,0.0,NA,NA,NA,NA,NA,NA,38,1.97,0.105,0.211,21.1%,-,-,-,75,4.000,0.8,1400%,0.3,5,1,5,3,0,8.0,5,0.0%,NA,NA,NA,NA,NA,NA,NA,NA,NA,0.0%,NA,NA,vs CHI,6,·,14.9,-4.4
1,12514,Emeka Egbuka,WR,23.9,TB,29.0,33,11.30,8.8,1,1,57,49,0,0.0%,0,0,0,0,0,0,0.00,0,0,0,0,0.00,0.00,5,43,0,3,0,6,20,63,12.6,10.5,0,0,0,63,0,0,0,86.0%,63,63.0,0,3,6,50.0%,3.0,-,-,0,NA,NA,NA,NA,0,NA,NA,-,-,0.0,NA,NA,NA,NA,NA,NA,31,2.03,0.097,0.194,21.4%,-,-,-,63,3.000,0.6,1380%,0.7,4,0,3,1,0,6.0,5,0.0%,NA,NA,NA,NA,NA,NA,NA,NA,NA,0.0%,NA,NA,@ CIN,20,·,12.9,-1.6
1,11563,Bo Nix,QB,26.6,DEN,31.0,31,6.44,6.44,1,1,51,51,3,60.7%,41,28,17,5,11,1,69.20,133,4,1,131,4.68,7.71,0,0,0,0,0,0,0,0,0.0,0.0,3,0,0,2,0,2,0.67,100.0%,133,133.0,1,6,31,19.4%,6.0,-,-,3,NA,NA,NA,NA,0,0.000,NA,-,-,2.0,0.0,0.0%,NA,NA,NA,NA,NA,NA,NA,NA,NA,-,-,-,0,0.000,NA,NA,NA,NA,NA,NA,NA,NA,0.0,0,600.0%,0.2142857143,298%,7.1%,0.455,4.3,3300.0%,-0.09,-18.90,-0.6,13100.0%,30.3%,1,@ KC,32,·,17.0,-10.6
1,6904,Jalen Hurts,QB,28.1,PHI,8.0,8,24.72,24.72,1,1,55,55,0,56.0%,138,25,14,3,11,0,122.20,249,3,3,203,8.12,14.50,0,0,0,0,0,0,0,0,0.0,0.0,7,1,2,46,0,46,6.57,100.0%,249,249.0,3,8,32,25.0%,8.0,-,-,7,NA,NA,NA,NA,2,0.286,NA,-,-,46.0,2.0,28.6%,NA,NA,NA,NA,NA,NA,NA,NA,NA,-,-,-,0,0.000,NA,NA,NA,NA,NA,NA,NA,NA,0.0,0,600.0%,0.24,326%,16%,0.364,10.2,3300.0%,-0.02,+3.10,0.1,20300.0%,36.4%,1,vs WAS,8,·,20.8,3.9
1,12508,Jaxson Dart,QB,23.3,NYG,4.0,4,26.60,26.6,1,1,69,69,1,79.3%,144,29,23,11,6,0,134.20,284,2,3,230,7.93,10.00,0,0,0,0,0,0,0,0,0.0,0.0,11,0,4,54,0,54,4.91,100.0%,284,284.0,3,18,40,45.0%,18.0,-,-,11,NA,NA,NA,NA,4,0.364,NA,-,-,54.0,2.0,18.2%,NA,NA,NA,NA,NA,NA,NA,NA,NA,-,-,-,0,0.000,NA,NA,NA,NA,NA,NA,NA,NA,0.0,0,1400.0%,0.4827586207,264%,10.3%,0.306,8.6,3600.0%,+0.11,+24.00,0.7,23000.0%,44.4%,0,vs DAL,4,·,18.9,7.7
1,7569,Nico Collins,WR,27.5,HOU,8.0,9,21.20,17.7,1,1,79,57,0,0.0%,0,0,0,0,0,0,0.00,7,0,0,0,0.00,0.00,7,67,0,2,1,10,8,75,10.7,7.5,1,0,1,82,0,7,7,72.2%,82,82.0,1,4,11,36.4%,4.0,-,-,1,NA,NA,NA,NA,1,1.000,NA,-,-,7.0,NA,NA,NA,NA,NA,NA,37,2.03,0.054,0.270,26.3%,-,-,-,75,3.000,0.4,1260%,0.4,1,2,6,3,1,10.0,7,0.0%,NA,NA,NA,NA,NA,NA,NA,NA,NA,0.0%,NA,NA,vs BUF,8,·,16.5,4.8
1,9224,Chase Brown,RB,26.5,CIN,14.0,14,18.80,16.3,1,1,64,46,0,0.0%,0,0,0,0,0,0,0.00,56,0,0,0,0.00,0.00,5,-10,0,0,0,6,32,22,4.4,3.7,16,1,3,78,1,56,3.5,71.9%,78,78.0,1,4,22,18.2%,4.0,-,-,16,27,6,1.70,0.375,4,0.250,0.545,-,-,56.0,2.0,12.5%,-6.0,-0.38,5.0,2.0,21,1.05,0.000,0.286,17.1%,-,-,-,22,0.000,0.0,NA,NA,6,NA,NA,NA,NA,6.0,5,0.0%,NA,NA,NA,NA,NA,NA,NA,NA,NA,0.0%,NA,NA,vs TB,13,·,17.1,1.7
1,8144,Chris Olave,WR,26.2,NO,5.0,6,28.20,23.2,1,1,90,77,0,0.0%,0,0,0,0,0,0,0.00,0,0,0,0,0.00,0.00,10,149,1,7,0,13,33,182,18.2,14.0,0,0,0,182,0,0,0,85.6%,182,182.0,0,7,13,53.8%,7.0,-,-,0,NA,NA,NA,NA,0,NA,NA,-,-,0.0,NA,NA,NA,NA,NA,NA,51,3.57,0.137,0.255,23.2%,-,-,-,182,7.000,0.7,1810%,0.5,3,1,7,7,0,13.0,10,0.0%,NA,NA,NA,NA,NA,NA,NA,NA,NA,0.0%,NA,NA,@ DET,2,·,16.1,12.1
1,8151,Kenneth Walker III,RB,25.9,KC,2.0,2,34.10,32.6,1,1,69,47,0,0.0%,0,0,0,0,0,0,0.00,173,0,0,0,0.00,0.00,3,0,2,1,1,6,18,18,6.0,3.0,23,3,7,191,1,173,7.52,68.1%,191,191.0,2,10,29,34.5%,10.0,-,-,23,108,14,4.70,0.609,8,0.348,1.079,-,-,173.0,4.0,17.4%,101.0,4.39,3.0,2.0,15,1.20,0.067,0.400,22.2%,-,-,-,18,2.000,0.7,NA,NA,6,NA,NA,NA,NA,6.0,3,0.0%,NA,NA,NA,NA,NA,NA,NA,NA,NA,0.0%,NA,NA,vs DEN,2,·,13.7,20.4
1,4046,Patrick Mahomes,QB,31.0,KC,9.0,9,22.66,22.66,1,1,69,69,0,55.6%,18,27,15,5,12,1,86.00,207,2,2,184,6.81,12.27,0,0,0,0,0,0,0,0,0.0,0.0,7,0,1,23,1,23,3.29,100.0%,207,207.0,3,9,34,26.5%,9.0,-,-,7,NA,NA,NA,NA,2,0.286,NA,-,-,23.0,1.0,14.3%,NA,NA,NA,NA,NA,NA,NA,NA,NA,-,-,-,0,0.000,NA,NA,NA,NA,NA,NA,NA,NA,0.0,0,700.0%,0.2592592593,227%,7.4%,0.344,4.7,3200.0%,-0.12,-1.30,0.0,18400.0%,43.8%,0,vs DEN,9,·,15.0,7.6
1,12518,Tyler Warren,TE,24.3,IND,14.0,14,10.30,8.8,1,1,54,50,0,0.0%,0,0,0,0,0,0,0.00,0,0,0,0,0.00,0.00,3,6,0,0,1,5,7,13,4.3,2.6,0,0,0,13,0,0,0,92.6%,13,13.0,1,1,5,20.0%,1.0,-,-,0,NA,NA,NA,NA,0,NA,NA,-,-,0.0,NA,NA,NA,NA,NA,NA,30,0.43,0.000,0.167,16.1%,-,-,-,13,1.000,0.3,440%,0.1,2,1,1,1,0,5.0,3,0.0%,NA,NA,NA,NA,NA,NA,NA,NA,NA,0.0%,NA,NA,vs BAL,20,·,13.8,-3.5
1,11635,Ladd McConkey,WR,24.9,LAC,12.0,11,19.20,16.7,1,1,55,27,0,0.0%,0,0,0,0,0,0,0.00,0,0,0,0,0.00,0.00,5,73,0,4,1,7,9,82,16.4,11.7,0,0,0,82,0,0,0,49.1%,82,82.0,1,5,7,71.4%,5.0,-,-,0,NA,NA,NA,NA,0,NA,NA,-,-,0.0,NA,NA,NA,NA,NA,NA,17,4.82,0.235,0.412,25.9%,-,-,-,82,5.000,1.0,1480%,0.4,2,2,6,1,1,7.0,5,0.0%,NA,NA,NA,NA,NA,NA,NA,NA,NA,0.0%,NA,NA,vs ARI,17,Q,13.2,6.0
1,8183,Brock Purdy,QB,26.7,SF,10.0,10,22.10,22.1,1,1,65,65,0,73.5%,88,34,25,9,9,1,105.60,234,0,3,205,6.03,8.20,0,0,0,0,0,0,0,0,0.0,0.0,5,0,4,29,0,29,5.8,100.0%,234,234.0,3,16,39,41.0%,16.0,-,-,5,NA,NA,NA,NA,4,0.800,NA,-,-,29.0,1.0,20.0%,NA,NA,NA,NA,NA,NA,NA,NA,NA,-,-,-,0,0.000,NA,NA,NA,NA,NA,NA,NA,NA,0.0,0,1200.0%,0.3529411765,269%,5.9%,0.278,4.6,3600.0%,+0.07,+5.60,0.2,20500.0%,11.1%,1,@ LAR,10,·,18.5,3.7
1,8146,Garrett Wilson,WR,26.2,NYJ,23.0,26,13.90,10.9,1,1,67,50,0,0.0%,0,0,0,0,0,0,0.00,0,0,0,0,0.00,0.00,6,61,1,3,0,7,18,79,13.2,11.3,0,0,0,79,0,0,0,74.6%,79,79.0,0,3,7,42.9%,3.0,-,-,0,NA,NA,NA,NA,0,NA,NA,-,-,0.0,NA,NA,NA,NA,NA,NA,22,3.59,0.136,0.318,29.2%,-,-,-,79,3.000,0.5,1070%,0.5,3,0,3,2,0,7.0,6,0.0%,NA,NA,NA,NA,NA,NA,NA,NA,NA,0.0%,NA,NA,@ TEN,16,·,14.8,-0.9
1,12519,Luther Burden,WR,22.8,CHI,37.0,42,9.50,7,1,1,75,55,1,0.0%,0,0,0,0,0,0,0.00,2,0,0,0,0.00,0.00,5,36,0,2,0,5,27,63,12.6,12.6,1,0,0,65,0,2,2,73.3%,65,65.0,0,2,6,33.3%,2.0,-,-,1,NA,NA,NA,NA,0,0.000,NA,-,-,2.0,NA,NA,NA,NA,NA,NA,26,2.42,0.077,0.192,17.2%,-,-,-,63,2.000,0.4,710%,0.1,5,0,2,2,0,5.0,5,0.0%,NA,NA,NA,NA,NA,NA,NA,NA,NA,0.0%,NA,NA,@ CAR,9,·,13.1,-3.6
1,7525,DeVonta Smith,WR,27.8,PHI,46.0,44,8.30,6.8,1,1,55,52,0,0.0%,0,0,0,0,0,0,0.00,0,0,0,0,0.00,0.00,3,48,0,1,0,6,5,53,17.7,8.8,0,0,0,53,0,0,0,94.5%,53,53.0,0,1,6,16.7%,1.0,-,-,0,NA,NA,NA,NA,0,NA,NA,-,-,0.0,NA,NA,NA,NA,NA,NA,27,1.96,0.037,0.222,24.0%,-,-,-,53,1.000,0.3,1390%,0.4,2,0,4,3,0,6.0,3,0.0%,NA,NA,NA,NA,NA,NA,NA,NA,NA,0.0%,NA,NA,vs WAS,19,·,15.7,-7.4
1,9997,Zay Flowers,WR,26.0,BAL,7.0,5,26.00,23.5,1,1,68,20,0,0.0%,0,0,0,0,0,0,0.00,0,0,0,0,0.00,0.00,5,67,0,4,1,6,83,150,30.0,25.0,0,0,0,150,0,0,0,29.4%,150,150.0,1,5,6,83.3%,5.0,-,-,0,NA,NA,NA,NA,0,NA,NA,-,-,0.0,NA,NA,NA,NA,NA,NA,11,13.64,0.364,0.545,24.0%,-,-,-,150,5.000,1.0,1350%,0.3,17,0,5,2,0,6.0,5,0.0%,NA,NA,NA,NA,NA,NA,NA,NA,NA,0.0%,NA,NA,@ IND,7,Q,15.6,10.4
1,8155,Breece Hall,RB,25.3,NYJ,13.0,12,19.80,18.8,1,1,67,39,0,0.0%,0,0,0,0,0,0,0.00,102,0,0,0,0.00,0.00,2,3,0,0,0,2,13,16,8.0,8.0,22,5,6,118,1,102,4.64,58.2%,118,118.0,1,7,24,29.2%,7.0,-,-,22,73,9,3.30,0.409,7,0.318,0.739,-,-,102.0,3.0,13.6%,1.0,0.05,4.0,1.0,10,1.60,0.000,0.200,8.3%,-,-,-,16,0.000,0.0,NA,NA,7,NA,NA,NA,NA,2.0,2,0.0%,NA,NA,NA,NA,NA,NA,NA,NA,NA,0.0%,NA,NA,@ TEN,12,·,15.6,4.2
1,4034,Christian McCaffrey,RB,30.3,SF,19.0,22,13.80,11.3,1,1,65,36,0,0.0%,0,0,0,0,0,0,0.00,68,0,0,0,0.00,0.00,5,-10,0,0,0,8,30,20,4.0,2.5,10,2,2,88,0,68,6.8,55.4%,88,88.0,0,2,18,11.1%,2.0,-,-,10,52,2,5.20,0.200,2,0.200,0.720,-,-,68.0,2.0,20.0%,16.0,1.60,2.0,1.0,18,1.11,0.000,0.444,23.5%,-,-,-,20,0.000,0.0,NA,NA,6,NA,NA,NA,NA,8.0,5,0.0%,NA,NA,NA,NA,NA,NA,NA,NA,NA,0.0%,NA,NA,@ LAR,19,·,19.6,-5.8
1,4866,Saquon Barkley,RB,29.6,PHI,30.0,28,9.00,8.5,1,1,55,39,0,0.0%,0,0,0,0,0,0,0.00,83,0,0,0,0.00,0.00,1,-5,1,0,0,2,2,-3,-3.0,-1.5,15,1,2,80,0,83,5.53,70.9%,80,80.0,0,2,17,11.8%,2.0,-,-,15,78,5,5.20,0.333,2,0.133,0.853,-,-,83.0,1.0,6.7%,28.0,1.87,2.0,2.0,7,-0.43,0.000,0.286,8.0%,-,-,-,-3,0.000,0.0,NA,NA,2,NA,NA,NA,NA,2.0,1,0.0%,NA,NA,NA,NA,NA,NA,NA,NA,NA,0.0%,NA,NA,vs WAS,24,·,16.3,-7.3
1,6804,Jordan Love,QB,27.9,GB,11.0,11,20.48,20.48,1,1,68,68,2,50.0%,227,42,21,14,21,1,88.10,387,4,2,387,9.21,18.43,0,0,0,0,0,0,0,0,0.0,0.0,1,0,0,0,0,0,0,100.0%,387,387.0,2,16,43,37.2%,16.0,-,-,1,NA,NA,NA,NA,0,0.000,NA,-,-,0.0,0.0,0.0%,NA,NA,NA,NA,NA,NA,NA,NA,NA,-,-,-,0,0.000,NA,NA,NA,NA,NA,NA,NA,NA,0.0,0,1600.0%,0.380952381,256%,9.5%,0.5,11.1,4600.0%,-0.09,-4.30,-0.1,38700.0%,78.3%,1,@ MIN,11,·,15.7,4.8
1,13279,Carnell Tate,WR,21.6,TEN,52.0,56,7.80,5.8,1,1,50,44,0,0.0%,0,0,0,0,0,0,0.00,0,0,0,0,0.00,0.00,4,29,0,1,0,6,9,38,9.5,6.3,0,0,0,38,0,0,0,88.0%,38,38.0,0,1,6,16.7%,1.0,-,-,0,NA,NA,NA,NA,0,NA,NA,-,-,0.0,NA,NA,NA,NA,NA,NA,33,1.15,0.030,0.182,18.8%,-,-,-,38,1.000,0.3,1020%,0.4,2,0,3,4,0,6.0,4,0.0%,NA,NA,NA,NA,NA,NA,NA,NA,NA,0.0%,NA,NA,vs NYJ,23,·,10.6,-2.8
1,13286,Jadarian Price,RB,22.9,SEA,37.0,35,7.80,6.8,1,1,50,24,0,0.0%,0,0,0,0,0,0,0.00,52,0,0,0,0.00,0.00,2,-1,0,0,0,2,7,6,3.0,3.0,10,0,4,58,0,52,5.2,48.0%,58,58.0,0,4,12,33.3%,4.0,-,-,10,40,5,4.00,0.500,4,0.400,0.900,-,-,52.0,2.0,20.0%,7.0,0.70,0.0,0.0,11,0.55,0.000,0.182,8.3%,-,-,-,6,0.000,0.0,NA,NA,4,NA,NA,NA,NA,2.0,2,0.0%,NA,NA,NA,NA,NA,NA,NA,NA,NA,0.0%,NA,NA,vs NE,26,·,9.8,-2.0
1,13269,Fernando Mendoza,QB,23.0,LV,999.0,999,0.00,0,0,0,68,0,0,0.0%,0,0,0,0,0,0,0.00,0,0,0,0,0.00,0.00,0,0,0,0,0,0,0,0,0.0,0.0,0,0,0,0,0,0,0,0.0%,0,0.0,0,0,0,NA,0.0,-,-,NA,NA,NA,NA,NA,0,NA,NA,-,-,0.0,NA,NA,NA,NA,NA,NA,NA,NA,NA,NA,NA,-,-,-,0,0.000,NA,NA,NA,NA,NA,NA,NA,NA,NA,NA,0.0%,NA,NA,NA,NA,NA,NA,NA,NA,NA,0.0%,NA,NA,vs MIA,18,·,·,#VALUE!
1,7526,Jaylen Waddle,WR,27.8,DEN,102.0,103,1.20,0.7,1,1,51,38,0,0.0%,0,0,0,0,0,0,0.00,0,0,0,0,0.00,0.00,1,2,1,0,0,3,0,2,2.0,0.7,0,0,0,2,0,0,0,74.5%,2,2.0,0,0,3,0.0%,0.0,-,-,0,NA,NA,NA,NA,0,NA,NA,-,-,0.0,NA,NA,NA,NA,NA,NA,27,0.07,0.000,0.111,10.7%,-,-,-,2,0.000,0.0,400%,0.1,0,0,0,2,0,3.0,1,0.0%,NA,NA,NA,NA,NA,NA,NA,NA,NA,0.0%,NA,NA,@ KC,31,·,14.2,-13.0
1,11620,Rome Odunze,WR,24.3,CHI,54.0,50,7.20,6.2,1,1,75,36,0,0.0%,0,0,0,0,0,0,0.00,0,0,0,0,0.00,0.00,2,49,0,1,0,3,3,52,26.0,17.3,0,0,0,52,0,0,0,48.0%,52,52.0,0,1,3,33.3%,1.0,-,-,0,NA,NA,NA,NA,0,NA,NA,-,-,0.0,NA,NA,NA,NA,NA,NA,21,2.48,0.048,0.143,10.3%,-,-,-,52,1.000,0.5,2820%,0.3,2,0,2,0,0,3.0,2,0.0%,NA,NA,NA,NA,NA,NA,NA,NA,NA,0.0%,NA,NA,@ CAR,9,·,11.2,-4.0
1,12512,Quinshon Judkins,RB,22.9,CLE,39.0,39,7.00,6,1,1,51,33,0,0.0%,0,0,0,0,0,0,0.00,33,0,0,0,0.00,0.00,2,1,0,1,0,2,16,17,8.5,8.5,12,0,1,50,0,33,2.75,64.7%,50,50.0,0,2,14,14.3%,2.0,-,-,12,24,5,2.00,0.417,1,0.083,0.617,-,-,33.0,0.0,0.0%,-14.0,-1.17,2.0,0.0,12,1.42,0.083,0.167,9.1%,-,-,-,17,1.000,0.5,NA,NA,8,NA,NA,NA,NA,2.0,2,0.0%,NA,NA,NA,NA,NA,NA,NA,NA,NA,0.0%,NA,NA,@ JAX,25,·,10.9,-3.9
1,3294,Dak Prescott,QB,33.1,DAL,19.0,19,15.40,15.4,1,1,58,58,0,64.7%,84,34,22,10,12,1,84.80,189,0,2,175,5.15,7.95,0,0,0,0,0,0,0,0,0.0,0.0,2,1,1,14,0,14,7,100.0%,189,189.0,2,13,36,36.1%,13.0,-,-,2,NA,NA,NA,NA,1,0.500,NA,-,-,14.0,1.0,50.0%,NA,NA,NA,NA,NA,NA,NA,NA,NA,-,-,-,0,0.000,NA,NA,NA,NA,NA,NA,NA,NA,0.0,0,1200.0%,0.3529411765,275%,8.8%,0.333,8.3,3600.0%,+0.05,+9.60,0.3,17500.0%,25.0%,1,@ NYG,19,·,17.9,-2.5
1,6801,Tee Higgins,WR,27.7,CIN,42.0,39,8.90,7.4,1,1,64,46,0,0.0%,0,0,0,0,0,0,0.00,0,0,0,0,0.00,0.00,3,33,0,3,0,6,26,59,19.7,9.8,0,0,0,59,0,0,0,71.9%,59,59.0,0,3,6,50.0%,3.0,-,-,0,NA,NA,NA,NA,0,NA,NA,-,-,0.0,NA,NA,NA,NA,NA,NA,30,1.97,0.100,0.200,17.1%,-,-,-,59,3.000,1.0,1890%,0.5,9,0,5,3,0,6.0,3,0.0%,NA,NA,NA,NA,NA,NA,NA,NA,NA,0.0%,NA,NA,vs TB,29,·,16.1,-7.2
1,5859,A.J. Brown,WR,29.2,NE,66.0,68,5.60,4.1,1,1,71,31,0,0.0%,0,0,0,0,0,0,0.00,0,0,0,0,0.00,0.00,3,12,0,2,0,4,14,26,8.7,6.5,0,0,0,26,0,0,0,43.7%,26,26.0,0,2,4,50.0%,2.0,-,-,0,NA,NA,NA,NA,0,NA,NA,-,-,0.0,NA,NA,NA,NA,NA,NA,14,1.86,0.143,0.286,12.1%,-,-,-,26,2.000,0.7,530%,0.1,5,0,0,3,0,4.0,3,0.0%,NA,NA,NA,NA,NA,NA,NA,NA,NA,0.0%,NA,NA,@ SEA,27,IR,16.8,-11.2
1,9484,Tucker Kraft,TE,25.9,GB,18.0,17,9.50,8,1,1,68,45,0,0.0%,0,0,0,0,0,0,0.00,0,0,0,0,0.00,0.00,3,45,0,3,0,6,20,65,21.7,10.8,0,0,0,65,0,0,0,66.2%,65,65.0,0,3,6,50.0%,3.0,-,-,0,NA,NA,NA,NA,0,NA,NA,-,-,0.0,NA,NA,NA,NA,NA,NA,22,2.95,0.136,0.273,14.3%,-,-,-,65,3.000,1.0,1160%,0.2,7,0,4,2,0,6.0,3,0.0%,NA,NA,NA,NA,NA,NA,NA,NA,NA,0.0%,NA,NA,@ MIN,10,·,10.5,-1.0
1,10229,Rashee Rice,WR,26.4,KC,36.0,32,9.90,8.9,1,1,69,57,0,0.0%,0,0,0,0,0,0,0.00,0,0,0,0,0.00,0.00,2,6,0,0,1,2,13,19,9.5,9.5,0,0,0,19,0,0,0,82.6%,19,19.0,1,1,2,50.0%,1.0,-,-,0,NA,NA,NA,NA,0,NA,NA,-,-,0.0,NA,NA,NA,NA,NA,NA,27,0.70,0.000,0.074,7.4%,-,-,-,19,1.000,0.5,300%,0.1,7,1,0,2,0,2.0,2,0.0%,NA,NA,NA,NA,NA,NA,NA,NA,NA,0.0%,NA,NA,vs DEN,30,·,12.8,-2.9
1,7588,Javonte Williams,RB,26.4,DAL,9.0,10,24.20,21.7,1,1,58,41,0,0.0%,0,0,0,0,0,0,0.00,41,0,0,0,0.00,0.00,5,-11,0,1,1,5,42,31,6.2,6.2,12,2,1,72,1,41,3.42,70.7%,72,72.0,2,4,17,23.5%,4.0,-,-,12,36,7,3.00,0.583,2,0.167,0.883,-,-,41.0,0.0,0.0%,4.0,0.33,3.0,3.0,19,1.63,0.053,0.263,14.7%,-,-,-,31,2.000,0.4,NA,NA,8,NA,NA,NA,NA,5.0,5,0.0%,NA,NA,NA,NA,NA,NA,NA,NA,NA,0.0%,NA,NA,@ NYG,11,·,17.1,7.1
1,8150,Kyren Williams,RB,26.0,LAR,15.0,16,15.50,14,1,1,61,39,0,0.0%,0,0,0,0,0,0,0.00,41,0,0,0,0.00,0.00,3,7,0,1,0,3,17,24,8.0,8.0,11,0,2,65,1,41,3.73,63.9%,65,65.0,1,4,14,28.6%,4.0,-,-,11,26,2,2.40,0.182,3,0.273,0.422,-,-,41.0,0.0,0.0%,-8.0,-0.73,4.0,3.0,21,1.14,0.048,0.143,10.7%,-,-,-,24,1.000,0.3,NA,NA,6,NA,NA,NA,NA,3.0,3,0.0%,NA,NA,NA,NA,NA,NA,NA,NA,NA,0.0%,NA,NA,vs SF,15,·,14.6,0.9
1,8148,Jameson Williams,WR,25.5,DET,45.0,46,8.50,6.5,1,1,77,65,0,0.0%,0,0,0,0,0,0,0.00,0,0,0,0,0.00,0.00,4,43,2,2,0,9,2,45,11.3,5.0,0,0,0,45,0,0,0,84.4%,45,45.0,0,2,9,22.2%,2.0,-,-,0,NA,NA,NA,NA,0,NA,NA,-,-,0.0,NA,NA,NA,NA,NA,NA,37,1.22,0.054,0.243,23.1%,-,-,-,45,2.000,0.5,1410%,0.5,1,1,5,4,0,9.0,4,0.0%,NA,NA,NA,NA,NA,NA,NA,NA,NA,0.0%,NA,NA,vs NO,11,·,14.2,-5.7
1,9487,Parker Washington,WR,24.5,JAX,11.0,10,19.30,16.8,1,1,57,35,0,0.0%,0,0,0,0,0,0,0.00,0,0,0,0,0.00,0.00,5,79,0,3,1,6,4,83,16.6,13.8,0,0,0,83,0,0,0,61.4%,83,83.0,1,4,6,66.7%,4.0,-,-,0,NA,NA,NA,NA,0,NA,NA,-,-,0.0,NA,NA,NA,NA,NA,NA,17,4.88,0.176,0.353,26.1%,-,-,-,83,4.000,0.8,1700%,0.4,1,0,5,2,0,6.0,5,0.0%,NA,NA,NA,NA,NA,NA,NA,NA,NA,0.0%,NA,NA,vs CLE,3,·,12.2,7.1
1,12545,Tyler Shough,QB,27.0,NO,6.0,6,25.20,25.2,1,1,90,90,2,62.5%,294,56,35,16,21,2,87.60,418,5,3,410,7.32,11.71,0,0,0,0,0,0,0,0,0.0,0.0,4,0,1,8,0,8,2,100.0%,418,418.0,3,20,60,33.3%,20.0,-,-,4,NA,NA,NA,NA,1,0.250,NA,-,-,8.0,0.0,0.0%,NA,NA,NA,NA,NA,NA,NA,NA,NA,-,-,-,0,0.000,NA,NA,NA,NA,NA,NA,NA,NA,0.0,0,1900.0%,0.3392857143,260%,10.7%,0.406,8.8,6400.0%,-0.01,-4.20,-0.1,41000.0%,34.4%,1,@ DET,6,·,18.1,7.1
1,13281,Jordyn Tyson,WR,22.1,NO,999.0,999,0.00,0,0,0,0,0,0,0.0%,0,0,0,0,0,0,0.00,0,0,0,0,0.00,0.00,0,0,0,0,0,0,0,0,0.0,0.0,0,0,0,0,0,0,0,-,0,0.0,0,0,0,NA,0.0,-,-,NA,NA,NA,NA,NA,0,NA,NA,-,-,0.0,NA,NA,NA,NA,NA,NA,NA,NA,NA,NA,NA,-,-,-,0,0.000,NA,NA,NA,NA,NA,NA,NA,NA,NA,NA,0.0%,NA,NA,NA,NA,NA,NA,NA,NA,NA,0.0%,NA,NA,@ DET,2,IR,IR,#VALUE!
1,12529,TreVeyon Henderson,RB,23.9,NE,0.0,0,0.00,0,0,0,0,0,0,0.0%,0,0,0,0,0,0,0.00,0,0,0,0,0.00,0.00,0,0,0,0,0,0,0,0,0.0,0.0,0,0,0,0,0,0,0,-,0,0.0,0,0,0,NA,0.0,-,-,NA,NA,NA,NA,NA,0,NA,NA,-,-,0.0,NA,NA,NA,NA,NA,NA,NA,NA,NA,NA,NA,-,-,-,0,0.000,NA,NA,NA,NA,NA,NA,NA,NA,NA,NA,0.0%,NA,NA,NA,NA,NA,NA,NA,NA,NA,0.0%,NA,NA,@ SEA,22,Q,Q,#VALUE!
1,11628,Marvin Harrison Jr.,WR,24.1,ARI,78.0,71,4.30,3.8,1,1,75,59,0,0.0%,0,0,0,0,0,0,0.00,0,0,0,0,0.00,0.00,1,28,1,1,0,3,5,33,33.0,11.0,0,0,0,33,0,0,0,78.7%,33,33.0,0,1,3,33.3%,1.0,-,-,0,NA,NA,NA,NA,0,NA,NA,-,-,0.0,NA,NA,NA,NA,NA,NA,33,1.00,0.030,0.091,8.1%,-,-,-,33,1.000,1.0,2320%,0.2,5,0,3,1,0,3.0,1,0.0%,NA,NA,NA,NA,NA,NA,NA,NA,NA,0.0%,NA,NA,@ LAC,14,·,9.7,-5.4
1,12481,Cam Skattebo,RB,24.6,NYG,18.0,15,14.10,14.1,1,1,69,42,1,0.0%,0,0,0,0,0,0,0.00,81,0,0,0,0.00,0.00,0,0,0,0,0,0,0,0,0.0,0.0,18,2,5,81,1,81,4.5,60.9%,81,81.0,1,6,18,33.3%,6.0,-,-,18,72,2,4.00,0.111,6,0.333,0.511,-,-,81.0,2.0,11.1%,25.0,1.39,4.0,2.0,9,0.00,0.000,0.000,0.0%,-,-,-,0,0.000,NA,NA,NA,NA,NA,NA,NA,NA,0.0,0,0.0%,NA,NA,NA,NA,NA,NA,NA,NA,NA,0.0%,NA,NA,vs DAL,9,·,15.2,-1.1
1,11584,Bucky Irving,RB,24.1,TB,12.0,13,20.30,16.8,1,1,57,35,1,0.0%,0,0,0,0,0,0,0.00,45,0,0,0,0.00,0.00,7,-25,0,2,0,7,73,48,6.9,6.9,8,1,2,93,1,45,5.63,61.4%,93,93.0,1,5,15,33.3%,5.0,-,-,8,28,2,3.50,0.250,3,0.375,0.600,-,-,45.0,1.0,12.5%,13.0,1.63,2.0,1.0,21,2.29,0.095,0.333,25.0%,-,-,-,48,2.000,0.3,NA,NA,10,NA,NA,NA,NA,7.0,7,0.0%,NA,NA,NA,NA,NA,NA,NA,NA,NA,0.0%,NA,NA,@ CIN,18,·,14.7,5.7
1,3163,Jared Goff,QB,31.9,DET,17.0,17,16.44,16.44,1,1,77,77,1,66.7%,109,39,26,8,13,0,96.70,208,1,2,206,5.28,7.92,0,0,0,0,0,0,0,0,0.0,0.0,2,0,0,2,0,2,1,100.0%,208,208.0,2,10,41,24.4%,10.0,-,-,2,NA,NA,NA,NA,0,0.000,NA,-,-,2.0,0.0,0.0%,NA,NA,NA,NA,NA,NA,NA,NA,NA,-,-,-,0,0.000,NA,NA,NA,NA,NA,NA,NA,NA,0.0,0,1000.0%,0.2564102564,266%,5.1%,0.317,6,4100.0%,-0.03,0.00,0.0,20600.0%,22.0%,1,vs NO,17,·,19.0,-2.5
1,4892,Baker Mayfield,QB,31.4,TB,27.0,27,11.64,11.64,1,1,57,57,3,82.1%,49,28,23,12,5,0,98.80,246,4,0,216,7.71,9.39,0,0,0,0,0,0,0,0,0.0,0.0,5,0,0,30,1,30,6,100.0%,246,246.0,1,13,33,39.4%,13.0,-,-,5,NA,NA,NA,NA,1,0.200,NA,-,-,30.0,0.0,0.0%,NA,NA,NA,NA,NA,NA,NA,NA,NA,-,-,-,0,0.000,NA,NA,NA,NA,NA,NA,NA,NA,0.0,0,1200.0%,0.4285714286,288%,3.6%,0.389,4.7,3600.0%,+0.15,-13.00,-0.4,21600.0%,11.1%,1,@ CIN,27,·,18.9,-7.3
1,12506,Harold Fannin,TE,22.2,CLE,32.0,32,4.10,3.1,1,0,51,42,0,0.0%,0,0,0,0,0,0,0.00,0,0,0,0,0.00,0.00,2,7,0,1,0,3,14,21,10.5,7.0,0,0,0,21,0,0,0,82.4%,21,21.0,0,1,3,33.3%,1.0,-,-,0,NA,NA,NA,NA,0,NA,NA,-,-,0.0,NA,NA,NA,NA,NA,NA,20,1.05,0.050,0.150,13.6%,-,-,-,21,1.000,0.5,320%,0.0,7,0,0,0,0,3.0,2,0.0%,NA,NA,NA,NA,NA,NA,NA,NA,NA,0.0%,NA,NA,@ JAX,27,·,10.5,-6.4
1,13294,Makai Lemon,WR,22.3,PHI,91.0,100,2.50,1,1,0,55,35,0,0.0%,0,0,0,0,0,0,0.00,0,0,0,0,0.00,0.00,3,-8,0,0,0,4,3,-5,-1.7,-1.3,0,0,0,-5,0,0,0,63.6%,-5,-5.0,0,0,4,0.0%,0.0,-,-,0,NA,NA,NA,NA,0,NA,NA,-,-,0.0,NA,NA,NA,NA,NA,NA,25,-0.20,0.000,0.160,16.0%,-,-,-,-5,0.000,0.0,-60%,0.0,1,0,0,4,0,4.0,3,0.0%,NA,NA,NA,NA,NA,NA,NA,NA,NA,0.0%,NA,NA,vs WAS,19,·,6.5,-4.0
1,7543,Travis Etienne,RB,27.6,NO,16.0,23,14.80,11.3,1,1,90,53,0,0.0%,0,0,0,0,0,0,0.00,46,0,0,0,0.00,0.00,7,-3,0,2,0,9,35,32,4.6,3.6,9,0,2,78,0,46,5.11,58.9%,78,78.0,0,4,18,22.2%,4.0,-,-,9,23,4,2.60,0.444,2,0.222,0.704,-,-,46.0,2.0,22.2%,-3.0,-0.33,1.0,0.0,23,1.39,0.087,0.391,16.1%,-,-,-,32,2.000,0.3,NA,NA,5,NA,NA,NA,NA,9.0,7,0.0%,NA,NA,NA,NA,NA,NA,NA,NA,NA,0.0%,NA,NA,@ DET,16,·,15.9,-1.1
1,3198,Derrick Henry,RB,32.7,BAL,1.0,1,35.30,34.8,1,1,68,37,0,0.0%,0,0,0,0,0,0,0.00,144,0,0,0,0.00,0.00,1,-1,0,1,0,1,20,19,19.0,19.0,24,0,4,163,3,144,6,54.4%,163,163.0,3,8,25,32.0%,8.0,-,-,24,34,4,1.40,0.167,7,0.292,0.307,-,-,144.0,4.0,16.7%,32.0,1.33,6.0,5.0,5,3.80,0.200,0.200,4.0%,-,-,-,19,1.000,1.0,NA,NA,20,NA,NA,NA,NA,1.0,1,0.0%,NA,NA,NA,NA,NA,NA,NA,NA,NA,0.0%,NA,NA,@ IND,3,·,15.3,20.0
1,13298,KC Concepcion,WR,22.0,CLE,51.0,55,7.80,5.8,1,0,51,35,1,0.0%,0,0,0,0,0,0,0.00,15,0,0,0,0.00,0.00,4,28,0,2,0,5,15,43,10.8,8.6,3,0,1,58,0,15,5,68.6%,58,58.0,0,3,8,37.5%,3.0,-,-,3,NA,NA,NA,NA,1,0.333,NA,-,-,15.0,NA,NA,NA,NA,NA,NA,17,2.53,0.118,0.294,22.7%,-,-,-,43,2.000,0.5,1320%,0.3,4,0,2,3,0,5.0,4,0.0%,NA,NA,NA,NA,NA,NA,NA,NA,NA,0.0%,NA,NA,@ JAX,18,·,8.6,-0.8
1,9758,C.J. Stroud,QB,25.0,HOU,16.0,16,16.46,16.46,1,1,79,79,2,68.4%,160,38,26,9,12,0,106.70,289,3,2,274,7.21,10.54,0,0,0,0,0,0,0,0,0.0,0.0,2,0,1,15,0,15,7.5,100.0%,289,289.0,2,12,40,30.0%,12.0,-,-,2,NA,NA,NA,NA,1,0.500,NA,-,-,15.0,1.0,50.0%,NA,NA,NA,NA,NA,NA,NA,NA,NA,-,-,-,0,0.000,NA,NA,NA,NA,NA,NA,NA,NA,0.0,0,1100.0%,0.2894736842,279%,7.9%,0.214,7.8,4200.0%,+0.09,+3.70,0.1,27400.0%,28.6%,1,vs BUF,16,·,15.5,1.0
1,10859,Sam LaPorta,TE,25.7,DET,17.0,18,9.80,7.3,1,1,77,62,0,0.0%,0,0,0,0,0,0,0.00,0,0,0,0,0.00,0.00,5,26,0,2,0,8,22,48,9.6,6.0,0,0,0,48,0,0,0,80.5%,48,48.0,0,2,8,25.0%,2.0,-,-,0,NA,NA,NA,NA,0,NA,NA,-,-,0.0,NA,NA,NA,NA,NA,NA,33,1.45,0.061,0.242,20.5%,-,-,-,48,2.000,0.4,420%,0.1,4,2,2,4,1,8.0,5,0.0%,NA,NA,NA,NA,NA,NA,NA,NA,NA,0.0%,NA,NA,vs NO,21,·,13.8,-4.0
1,11631,Brian Thomas Jr.,WR,23.9,JAX,58.0,58,7.00,5.5,1,1,57,20,1,0.0%,0,0,0,0,0,0,0.00,0,0,0,0,0.00,0.00,3,44,0,3,0,3,-4,40,13.3,13.3,0,0,0,40,0,0,0,35.1%,40,40.0,0,3,3,100.0%,3.0,-,-,0,NA,NA,NA,NA,0,NA,NA,-,-,0.0,NA,NA,NA,NA,NA,NA,13,3.08,0.231,0.231,13.0%,-,-,-,40,3.000,1.0,1490%,0.2,-1,0,3,1,0,3.0,3,0.0%,NA,NA,NA,NA,NA,NA,NA,NA,NA,0.0%,NA,NA,vs CLE,3,Q,10.5,-3.5
1,12490,Bhayshul Tuten,RB,23.6,JAX,28.0,25,9.80,9.3,1,1,57,28,0,0.0%,0,0,0,0,0,0,0.00,66,0,0,0,0.00,0.00,1,-5,0,1,0,1,27,22,22.0,22.0,15,1,4,88,0,66,4.4,49.1%,88,88.0,0,5,16,31.3%,5.0,-,-,15,65,9,4.30,0.600,4,0.267,1.030,-,-,66.0,3.0,20.0%,5.0,0.33,0.0,0.0,9,2.44,0.111,0.111,4.3%,-,-,-,22,1.000,1.0,NA,NA,27,NA,NA,NA,NA,1.0,1,0.0%,NA,NA,NA,NA,NA,NA,NA,NA,NA,0.0%,NA,NA,vs CLE,21,·,10.6,-0.8
1,6790,D'Andre Swift,RB,27.7,CHI,5.0,3,32.40,31.9,1,1,75,43,0,0.0%,0,0,0,0,0,0,0.00,124,0,0,0,0.00,0.00,1,4,0,1,0,1,6,10,10.0,10.0,18,2,2,134,3,124,6.89,57.3%,134,134.0,3,6,19,31.6%,6.0,-,-,18,95,7,5.30,0.389,5,0.278,0.919,-,-,124.0,2.0,11.1%,37.0,2.06,6.0,3.0,10,1.00,0.100,0.100,3.4%,-,-,-,10,1.000,1.0,NA,NA,6,NA,NA,NA,NA,1.0,1,0.0%,NA,NA,NA,NA,NA,NA,NA,NA,NA,0.0%,NA,NA,@ CAR,1,·,13.4,19.0
1,12522,Cam Ward,QB,24.3,TEN,26.0,26,11.70,11.7,1,1,50,50,0,59.4%,62,32,19,5,13,0,80.20,161,3,1,140,4.38,7.37,0,0,0,0,0,0,0,0,0.0,0.0,4,1,2,21,0,21,5.25,100.0%,161,161.0,1,8,36,22.2%,8.0,-,-,4,NA,NA,NA,NA,2,0.500,NA,-,-,21.0,0.0,0.0%,NA,NA,NA,NA,NA,NA,NA,NA,NA,-,-,-,0,0.000,NA,NA,NA,NA,NA,NA,NA,NA,0.0,0,600.0%,0.1875,290%,3.1%,0.41,5.7,3900.0%,-0.06,-7.30,-0.2,14000.0%,23.1%,1,vs NYJ,26,·,16.8,-5.1
1,8167,Christian Watson,WR,27.4,GB,2.0,2,32.70,29.7,1,1,68,52,0,0.0%,0,0,0,0,0,0,0.00,0,0,0,0,0.00,0.00,6,75,0,3,2,8,72,147,24.5,18.4,0,0,0,147,0,0,0,76.5%,147,147.0,2,5,8,62.5%,5.0,-,-,0,NA,NA,NA,NA,0,NA,NA,-,-,0.0,NA,NA,NA,NA,NA,NA,37,3.97,0.081,0.216,19.0%,-,-,-,147,5.000,0.8,1530%,0.3,12,1,4,7,1,8.0,6,0.0%,NA,NA,NA,NA,NA,NA,NA,NA,NA,0.0%,NA,NA,@ MIN,1,·,12.6,20.1
1,7553,Kyle Pitts,TE,25.9,ATL,999.0,999,0.00,0,1,1,60,38,0,0.0%,0,0,0,0,0,0,0.00,0,0,0,0,0.00,0.00,0,0,0,0,0,1,0,0,0.0,0.0,0,0,0,0,0,0,0,63.3%,0,0.0,0,0,1,0.0%,0.0,-,-,0,NA,NA,NA,NA,0,NA,NA,-,-,0.0,NA,NA,NA,NA,NA,NA,21,0.00,0.000,0.048,4.5%,-,-,-,0,0.000,NA,2640%,0.4,NA,0,1,0,0,1.0,0,0.0%,NA,NA,NA,NA,NA,NA,NA,NA,NA,0.0%,NA,NA,@ PIT,32,·,9.7,-9.7
1,4943,Sam Darnold,QB,29.3,SEA,36.0,36,0.52,0.52,1,1,50,5,0,50.0%,11,2,1,1,1,0,70.80,13,1,0,13,6.50,13.00,0,0,0,0,0,0,0,0,0.0,0.0,0,0,0,0,0,0,0,10.0%,13,13.0,0,1,2,50.0%,1.0,-,-,0,NA,NA,NA,NA,0,NA,NA,-,-,0.0,0.0,NA,NA,NA,NA,NA,NA,NA,NA,NA,NA,-,-,-,0,0.000,NA,NA,NA,NA,NA,NA,NA,NA,0.0,0,100.0%,0.5,205%,0%,0.333,7.7,300.0%,-0.08,-2.40,-0.8,1300.0%,33.3%,1,vs NE,23,D,17.1,-16.6
1,4983,D.J. Moore,WR,29.4,BUF,9.0,8,21.00,18.5,1,1,58,44,0,0.0%,0,0,0,0,0,0,0.00,0,0,0,0,0.00,0.00,5,76,0,3,1,8,24,100,20.0,12.5,0,0,0,100,0,0,0,75.9%,100,100.0,1,4,8,50.0%,4.0,-,-,0,NA,NA,NA,NA,0,NA,NA,-,-,0.0,NA,NA,NA,NA,NA,NA,24,4.17,0.125,0.333,27.6%,-,-,-,100,4.000,0.8,1940%,0.4,5,0,7,3,0,8.0,5,0.0%,NA,NA,NA,NA,NA,NA,NA,NA,NA,0.0%,NA,NA,@ HOU,5,·,10.9,10.1
1,13417,De'Zhaun Stribling,WR,23.7,SF,999.0,999,0.00,0,1,1,65,21,0,0.0%,0,0,0,0,0,0,0.00,0,0,0,0,0.00,0.00,0,0,0,0,0,0,0,0,0.0,0.0,0,0,0,0,0,0,0,32.3%,0,0.0,0,0,0,NA,0.0,-,-,0,NA,NA,NA,NA,0,NA,NA,-,-,0.0,NA,NA,NA,NA,NA,NA,13,0.00,0.000,0.000,0.0%,-,-,-,0,0.000,NA,0%,0.0,NA,0,0,0,0,0.0,0,0.0%,NA,NA,NA,NA,NA,NA,NA,NA,NA,0.0%,NA,NA,@ LAR,4,D,6.9,-6.9
1,10232,Michael Wilson,WR,26.6,ARI,31.0,34,10.60,8.1,1,1,75,64,0,0.0%,0,0,0,0,0,0,0.00,0,0,0,0,0.00,0.00,5,53,0,3,0,7,3,56,11.2,8.0,0,0,0,56,0,0,0,85.3%,56,56.0,0,3,7,42.9%,3.0,-,-,0,NA,NA,NA,NA,0,NA,NA,-,-,0.0,NA,NA,NA,NA,NA,NA,36,1.56,0.083,0.194,18.9%,-,-,-,56,3.000,0.6,1200%,0.3,1,0,4,5,0,7.0,5,0.0%,NA,NA,NA,NA,NA,NA,NA,NA,NA,0.0%,NA,NA,@ LAC,14,·,10.4,0.2
1,9228,Bryce Young,QB,25.1,CAR,3.0,3,32.44,32.44,1,1,68,61,0,62.2%,205,37,23,14,14,1,110.30,371,2,3,361,9.76,15.70,0,0,0,0,0,0,0,0,0.0,0.0,2,0,0,10,1,10,5,89.7%,371,371.0,4,18,39,46.2%,18.0,-,-,2,NA,NA,NA,NA,1,0.500,NA,-,-,10.0,0.0,0.0%,NA,NA,NA,NA,NA,NA,NA,NA,NA,-,-,-,0,0.000,NA,NA,NA,NA,NA,NA,NA,NA,0.0,0,1700.0%,0.4594594595,302%,10.8%,0.268,10,4100.0%,+0.05,+8.50,0.2,36100.0%,39.0%,1,vs CHI,3,·,16.6,15.9
1,5849,Kyler Murray,QB,29.1,MIN,35.0,35,0.62,0.62,1,1,65,11,0,60.0%,1,5,3,1,2,1,27.50,27,0,0,18,3.60,6.00,0,0,0,0,0,0,0,0,0.0,0.0,2,0,0,9,0,9,4.5,16.9%,27,27.0,0,1,7,14.3%,1.0,-,-,2,NA,NA,NA,NA,0,0.000,NA,-,-,9.0,0.0,0.0%,NA,NA,NA,NA,NA,NA,NA,NA,NA,-,-,-,0,0.000,NA,NA,NA,NA,NA,NA,NA,NA,0.0,0,100.0%,0.2,242%,20%,0.429,6.3,700.0%,+0.11,-1.90,-0.3,1800.0%,42.9%,0,vs GB,12,Q,18.1,-17.4
1,12501,Matthew Golden,WR,23.1,GB,17.0,20,15.50,12.5,1,1,68,56,0,0.0%,0,0,0,0,0,0,0.00,0,0,0,0,0.00,0.00,6,60,1,4,0,12,35,95,15.8,7.9,0,0,0,95,0,0,0,82.4%,95,95.0,0,4,12,33.3%,4.0,-,-,0,NA,NA,NA,NA,0,NA,NA,-,-,0.0,NA,NA,NA,NA,NA,NA,40,2.38,0.100,0.300,28.6%,-,-,-,95,4.000,0.7,1220%,0.3,6,3,6,7,2,12.0,6,0.0%,NA,NA,NA,NA,NA,NA,NA,NA,NA,0.0%,NA,NA,@ MIN,1,·,9.0,6.5
1,8142,Alec Pierce,WR,26.4,IND,34.0,35,10.10,8.1,1,0,54,32,0,0.0%,0,0,0,0,0,0,0.00,0,0,0,0,0.00,0.00,4,52,0,4,0,6,9,61,15.3,10.2,0,0,0,61,0,0,0,59.3%,61,61.0,0,4,6,66.7%,4.0,-,-,0,NA,NA,NA,NA,0,NA,NA,-,-,0.0,NA,NA,NA,NA,NA,NA,22,2.77,0.182,0.273,19.4%,-,-,-,61,4.000,1.0,1690%,0.5,2,1,6,2,0,6.0,4,0.0%,NA,NA,NA,NA,NA,NA,NA,NA,NA,0.0%,NA,NA,vs BAL,22,Q,9.3,0.8
1,421,Matthew Stafford,QB,38.6,LAR,32.0,32,5.10,5.1,1,1,61,51,0,60.0%,70,25,15,5,10,1,61.20,154,0,0,155,6.20,10.33,0,0,0,0,0,0,0,0,0.0,0.0,2,0,0,-1,0,-1,-0.5,83.6%,154,154.0,0,5,27,18.5%,5.0,-,-,2,NA,NA,NA,NA,0,0.000,NA,-,-,-1.0,0.0,0.0%,NA,NA,NA,NA,NA,NA,NA,NA,NA,-,-,-,0,0.000,NA,NA,NA,NA,NA,NA,NA,NA,0.0,0,500.0%,0.2,287%,8%,0.44,9,2500.0%,+0.03,-13.10,-0.5,15500.0%,16.0%,0,vs SF,31,·,18.2,-13.1
1,9756,Jordan Addison,WR,24.6,MIN,999.0,999,0.00,0,1,1,65,54,0,0.0%,0,0,0,0,0,0,0.00,0,0,0,0,0.00,0.00,0,0,0,0,0,2,0,0,0.0,0.0,0,0,0,0,0,0,0,83.1%,0,0.0,0,0,2,0.0%,0.0,-,-,0,NA,NA,NA,NA,0,NA,NA,-,-,0.0,NA,NA,NA,NA,NA,NA,26,0.00,0.000,0.077,8.3%,-,-,-,0,0.000,NA,1450%,0.2,NA,1,2,0,0,2.0,0,0.0%,NA,NA,NA,NA,NA,NA,NA,NA,NA,0.0%,NA,NA,vs GB,13,·,11.7,-11.7
1,8161,Malik Willis,QB,27.3,MIA,13.0,13,17.70,17.7,1,1,56,56,1,55.6%,124,27,15,7,12,1,66.90,259,5,0,220,8.15,14.67,0,0,0,0,0,0,0,0,0.0,0.0,6,0,1,39,1,39,6.5,100.0%,259,259.0,1,9,33,27.3%,9.0,-,-,6,NA,NA,NA,NA,2,0.333,NA,-,-,39.0,1.0,16.7%,NA,NA,NA,NA,NA,NA,NA,NA,NA,-,-,-,0,0.000,NA,NA,NA,NA,NA,NA,NA,NA,0.0,0,700.0%,0.2592592593,321%,14.8%,0.444,12,3600.0%,-0.00,-10.50,-0.3,22000.0%,19.4%,1,@ LV,13,·,16.0,1.7
1,5870,Daniel Jones,QB,29.3,IND,28.0,28,10.04,10.04,1,1,54,54,0,61.3%,90,31,19,7,12,1,72.80,170,2,1,166,5.35,8.74,0,0,0,0,0,0,0,0,0.0,0.0,1,0,1,4,0,4,4,100.0%,170,170.0,1,9,32,28.1%,9.0,-,-,1,NA,NA,NA,NA,1,1.000,NA,-,-,4.0,0.0,0.0%,NA,NA,NA,NA,NA,NA,NA,NA,NA,-,-,-,0,0.000,NA,NA,NA,NA,NA,NA,NA,NA,0.0,0,800.0%,0.2580645161,284%,3.2%,0.529,6.6,3400.0%,-0.02,-15.80,-0.5,16600.0%,29.4%,1,vs BAL,28,·,14.1,-4.0
1,5892,David Montgomery,RB,29.3,HOU,7.0,6,28.90,27.4,1,1,79,39,0,0.0%,0,0,0,0,0,0,0.00,60,0,0,0,0.00,0.00,3,5,0,0,1,3,14,19,6.3,6.3,20,1,2,79,2,60,3,49.4%,79,79.0,3,5,23,21.7%,5.0,-,-,20,36,5,1.80,0.250,4,0.200,0.430,-,-,60.0,1.0,5.0%,-8.0,-0.40,5.0,4.0,15,1.27,0.000,0.200,7.9%,-,-,-,19,1.000,0.3,NA,NA,5,NA,NA,NA,NA,3.0,3,0.0%,NA,NA,NA,NA,NA,NA,NA,NA,NA,0.0%,NA,NA,vs BUF,6,·,15.2,13.7
1,13330,Kenyon Sadiq,TE,21.5,NYJ,12.0,12,11.40,9.9,1,0,67,28,0,0.0%,0,0,0,0,0,0,0.00,3,0,0,0,0.00,0.00,3,0,0,0,0,3,21,21,7.0,7.0,1,0,0,24,1,3,3,41.8%,24,24.0,1,1,4,25.0%,1.0,-,-,1,NA,NA,NA,NA,1,1.000,NA,-,-,3.0,NA,NA,NA,NA,NA,NA,12,1.75,0.000,0.250,12.5%,-,-,-,21,0.000,0.0,-10%,0.0,7,0,0,1,0,3.0,3,0.0%,NA,NA,NA,NA,NA,NA,NA,NA,NA,0.0%,NA,NA,@ TEN,12,·,4.4,7.0
1,13275,Ty Simpson,QB,23.7,LAR,0.0,0,0.00,0,0,0,0,0,0,0.0%,0,0,0,0,0,0,0.00,0,0,0,0,0.00,0.00,0,0,0,0,0,0,0,0,0.0,0.0,0,0,0,0,0,0,0,-,0,0.0,0,0,0,NA,0.0,-,-,NA,NA,NA,NA,NA,0,NA,NA,-,-,0.0,NA,NA,NA,NA,NA,NA,NA,NA,NA,NA,NA,-,-,-,0,0.000,NA,NA,NA,NA,NA,NA,NA,NA,NA,NA,0.0%,NA,NA,NA,NA,NA,NA,NA,NA,NA,0.0%,NA,NA,vs SF,31,·,·,#VALUE!
1,11583,Jonathon Brooks,RB,23.2,CAR,38.0,36,7.20,6.7,1,0,68,13,0,0.0%,0,0,0,0,0,0,0.00,14,0,0,0,0.00,0.00,1,22,0,1,0,2,26,48,48.0,24.0,4,0,0,62,0,14,3.5,19.1%,62,62.0,0,1,6,16.7%,1.0,-,-,4,-1,0,-0.20,0.000,0,0.000,-0.020,-,-,14.0,0.0,0.0%,-1.0,-0.25,0.0,0.0,5,9.60,0.200,0.400,5.3%,-,-,-,48,1.000,1.0,NA,NA,26,NA,NA,NA,NA,2.0,1,0.0%,NA,NA,NA,NA,NA,NA,NA,NA,NA,0.0%,NA,NA,vs CHI,7,·,9.9,-2.7
1,11586,Blake Corum,RB,25.8,LAR,41.0,40,5.40,5.4,1,0,61,14,0,0.0%,0,0,0,0,0,0,0.00,54,0,0,0,0.00,0.00,0,0,0,0,0,0,0,0,0.0,0.0,10,0,2,54,0,54,5.4,23.0%,54,54.0,0,2,10,20.0%,2.0,-,-,10,28,2,2.80,0.200,2,0.200,0.480,-,-,54.0,2.0,20.0%,1.0,0.10,0.0,0.0,1,0.00,0.000,0.000,0.0%,-,-,-,0,0.000,NA,NA,NA,NA,NA,NA,NA,NA,0.0,0,0.0%,NA,NA,NA,NA,NA,NA,NA,NA,NA,0.0%,NA,NA,vs SF,15,·,8.6,-3.2
1,13346,Denzel Boston,WR,22.8,CLE,24.0,19,13.90,12.9,1,1,51,47,0,0.0%,0,0,0,0,0,0,0.00,0,0,0,0,0.00,0.00,2,57,0,1,1,4,2,59,29.5,14.8,0,0,0,59,0,0,0,92.2%,59,59.0,1,2,4,50.0%,2.0,-,-,0,NA,NA,NA,NA,0,NA,NA,-,-,0.0,NA,NA,NA,NA,NA,NA,26,2.27,0.038,0.154,18.2%,-,-,-,59,2.000,1.0,2910%,0.5,1,1,3,1,1,4.0,2,0.0%,NA,NA,NA,NA,NA,NA,NA,NA,NA,0.0%,NA,NA,@ JAX,18,·,7.1,6.9
1,9754,Quentin Johnston,WR,25.0,LAC,82.0,83,3.70,2.7,1,1,55,43,0,0.0%,0,0,0,0,0,0,0.00,0,0,0,0,0.00,0.00,2,12,0,0,0,6,5,17,8.5,2.8,0,0,0,17,0,0,0,78.2%,17,17.0,0,0,6,0.0%,0.0,-,-,0,NA,NA,NA,NA,0,NA,NA,-,-,0.0,NA,NA,NA,NA,NA,NA,25,0.68,0.000,0.240,22.2%,-,-,-,17,0.000,0.0,1020%,0.2,3,0,2,3,0,6.0,2,0.0%,NA,NA,NA,NA,NA,NA,NA,NA,NA,0.0%,NA,NA,vs ARI,17,·,11.0,-7.3
1,8131,Isaiah Likely,TE,26.4,NYG,1.0,1,27.80,23.8,1,1,69,34,1,0.0%,0,0,0,0,0,0,0.00,0,0,0,0,0.00,0.00,8,64,0,4,2,8,14,78,9.8,9.8,0,0,0,78,0,0,0,49.3%,78,78.0,2,6,8,75.0%,6.0,-,-,0,NA,NA,NA,NA,0,NA,NA,-,-,0.0,NA,NA,NA,NA,NA,NA,23,3.39,0.174,0.348,27.6%,-,-,-,78,6.000,0.8,840%,0.3,2,4,4,2,1,8.0,8,0.0%,NA,NA,NA,NA,NA,NA,NA,NA,NA,0.0%,NA,NA,vs DAL,1,·,10.5,17.3
1,9500,Josh Downs,WR,25.1,IND,65.0,61,5.70,4.7,1,0,54,48,0,0.0%,0,0,0,0,0,0,0.00,0,0,0,0,0.00,0.00,2,15,0,2,0,4,22,37,18.5,9.3,0,0,0,37,0,0,0,88.9%,37,37.0,0,2,4,50.0%,2.0,-,-,0,NA,NA,NA,NA,0,NA,NA,-,-,0.0,NA,NA,NA,NA,NA,NA,30,1.23,0.067,0.133,12.9%,-,-,-,37,2.000,1.0,900%,0.2,11,0,1,1,0,4.0,2,0.0%,NA,NA,NA,NA,NA,NA,NA,NA,NA,0.0%,NA,NA,vs BAL,22,·,12.1,-6.4
1,7611,Rhamondre Stevenson,RB,28.6,NE,17.0,18,14.50,12,1,1,71,60,0,0.0%,0,0,0,0,0,0,0.00,51,0,0,0,0.00,0.00,5,-1,0,1,0,6,45,44,8.8,7.3,18,0,2,95,0,51,2.83,84.5%,95,95.0,0,3,24,12.5%,3.0,-,-,18,61,5,3.40,0.278,2,0.111,0.618,-,-,51.0,1.0,5.6%,-22.0,-1.22,0.0,0.0,29,1.52,0.034,0.207,18.2%,-,-,-,44,1.000,0.2,NA,NA,9,NA,NA,NA,NA,6.0,5,0.0%,NA,NA,NA,NA,NA,NA,NA,NA,NA,0.0%,NA,NA,@ SEA,22,·,16.4,-1.9
1,11646,Jalen Coker,WR,24.9,CAR,1.0,1,33.80,29.8,1,1,68,57,0,0.0%,0,0,0,0,0,0,0.00,0,0,0,0,0.00,0.00,8,102,0,4,2,9,36,138,17.3,15.3,0,0,0,138,0,0,0,83.8%,138,138.0,2,6,9,66.7%,6.0,-,-,0,NA,NA,NA,NA,0,NA,NA,-,-,0.0,NA,NA,NA,NA,NA,NA,34,4.06,0.118,0.265,23.7%,-,-,-,138,6.000,0.8,1380%,0.4,5,1,5,1,0,9.0,8,0.0%,NA,NA,NA,NA,NA,NA,NA,NA,NA,0.0%,NA,NA,vs CHI,6,Q,11.9,21.9
1,2133,Davante Adams,WR,33.7,LAR,67.0,69,5.60,4.1,1,1,61,33,0,0.0%,0,0,0,0,0,0,0.00,0,0,0,0,0.00,0.00,3,17,0,1,0,6,9,26,8.7,4.3,0,0,0,26,0,0,0,54.1%,26,26.0,0,1,6,16.7%,1.0,-,-,0,NA,NA,NA,NA,0,NA,NA,-,-,0.0,NA,NA,NA,NA,NA,NA,20,1.30,0.050,0.300,21.4%,-,-,-,26,1.000,0.3,1080%,0.3,3,0,4,2,0,6.0,3,0.0%,NA,NA,NA,NA,NA,NA,NA,NA,NA,0.0%,NA,NA,vs SF,28,·,12.6,-7.0
1,5927,Terry McLaurin,WR,31.0,WAS,85.0,86,3.40,2.4,1,1,70,61,0,0.0%,0,0,0,0,0,0,0.00,0,0,0,0,0.00,0.00,2,-1,1,1,0,4,15,14,7.0,3.5,0,0,0,14,0,0,0,87.1%,14,14.0,0,1,4,25.0%,1.0,-,-,0,NA,NA,NA,NA,0,NA,NA,-,-,0.0,NA,NA,NA,NA,NA,NA,35,0.40,0.029,0.114,11.8%,-,-,-,14,1.000,0.5,530%,0.1,8,1,1,1,0,4.0,2,0.0%,NA,NA,NA,NA,NA,NA,NA,NA,NA,0.0%,NA,NA,@ PHI,10,·,12.1,-8.7
1,5846,DK Metcalf,WR,28.8,PIT,50.0,53,8.00,6,1,1,67,64,0,0.0%,0,0,0,0,0,0,0.00,0,0,0,0,0.00,0.00,4,35,1,2,0,10,5,40,10.0,4.0,0,0,0,40,0,0,0,95.5%,40,40.0,0,2,10,20.0%,2.0,-,-,0,NA,NA,NA,NA,0,NA,NA,-,-,0.0,NA,NA,NA,NA,NA,NA,40,1.00,0.050,0.250,24.4%,-,-,-,40,2.000,0.5,1820%,0.5,1,0,8,4,1,10.0,4,0.0%,NA,NA,NA,NA,NA,NA,NA,NA,NA,0.0%,NA,NA,vs ATL,25,·,11.3,-3.3
1,12534,Kyle Monangai,RB,24.3,CHI,11.0,11,20.40,19.4,1,0,75,32,0,0.0%,0,0,0,0,0,0,0.00,100,0,0,0,0.00,0.00,2,9,0,1,0,2,15,24,12.0,12.0,10,0,1,124,1,100,10,42.7%,124,124.0,1,3,12,25.0%,3.0,-,-,10,89,5,8.90,0.500,2,0.200,1.390,-,-,100.0,2.0,20.0%,50.0,5.00,1.0,0.0,14,1.71,0.071,0.143,6.9%,-,-,-,24,1.000,0.5,NA,NA,8,NA,NA,NA,NA,2.0,2,0.0%,NA,NA,NA,NA,NA,NA,NA,NA,NA,0.0%,NA,NA,@ CAR,1,·,7.3,13.1
1,10236,Dalton Kincaid,TE,26.9,BUF,5.0,5,18.00,15.5,1,1,58,42,0,0.0%,0,0,0,0,0,0,0.00,0,0,0,0,0.00,0.00,5,92,0,4,0,6,38,130,26.0,21.7,0,0,0,130,0,0,0,72.4%,130,130.0,0,4,6,66.7%,4.0,-,-,0,NA,NA,NA,NA,0,NA,NA,-,-,0.0,NA,NA,NA,NA,NA,NA,22,5.91,0.182,0.273,20.7%,-,-,-,130,4.000,0.8,1570%,0.3,8,0,4,2,0,6.0,5,0.0%,NA,NA,NA,NA,NA,NA,NA,NA,NA,0.0%,NA,NA,@ HOU,6,·,8.6,9.5
1,12489,RJ Harvey,RB,25.6,DEN,34.0,38,8.10,6.1,1,0,51,26,0,0.0%,0,0,0,0,0,0,0.00,18,0,0,0,0.00,0.00,4,-22,0,0,0,4,45,23,5.8,5.8,3,0,1,41,0,18,6,51.0%,41,41.0,0,1,7,14.3%,1.0,-,-,3,6,3,2.10,1.000,1,0.333,1.210,-,-,18.0,0.0,0.0%,-2.0,-0.67,0.0,0.0,14,1.64,0.000,0.286,14.3%,-,-,-,23,0.000,0.0,NA,NA,11,NA,NA,NA,NA,4.0,4,0.0%,NA,NA,NA,NA,NA,NA,NA,NA,NA,0.0%,NA,NA,@ KC,27,·,9.6,-1.5
1,8228,Jaylen Warren,RB,27.9,PIT,25.0,32,10.30,7.8,1,1,67,25,1,0.0%,0,0,0,0,0,0,0.00,46,0,0,0,0.00,0.00,5,-9,0,1,0,6,36,27,5.4,4.5,10,3,3,73,0,46,4.6,37.3%,73,73.0,0,4,16,25.0%,4.0,-,-,10,63,8,6.30,0.800,3,0.300,1.430,-,-,46.0,1.0,10.0%,6.0,0.60,0.0,0.0,13,2.08,0.077,0.462,14.6%,-,-,-,27,1.000,0.2,NA,NA,7,NA,NA,NA,NA,6.0,5,0.0%,NA,NA,NA,NA,NA,NA,NA,NA,NA,0.0%,NA,NA,vs ATL,23,·,13.5,-3.2
1,8126,Wan'Dale Robinson,WR,25.7,TEN,43.0,48,8.80,6.3,1,0,50,41,0,0.0%,0,0,0,0,0,0,0.00,0,0,0,0,0.00,0.00,5,25,0,3,0,6,13,38,7.6,6.3,0,0,0,38,0,0,0,82.0%,38,38.0,0,3,6,50.0%,3.0,-,-,0,NA,NA,NA,NA,0,NA,NA,-,-,0.0,NA,NA,NA,NA,NA,NA,31,1.23,0.097,0.194,18.8%,-,-,-,38,3.000,0.6,390%,0.1,3,0,0,4,0,6.0,5,0.0%,NA,NA,NA,NA,NA,NA,NA,NA,NA,0.0%,NA,NA,vs NYJ,23,·,11.2,-2.4
1,13276,Omar Cooper Jr.,WR,22.8,NYJ,80.0,75,4.00,3.5,1,1,67,5,0,0.0%,0,0,0,0,0,0,0.00,0,0,0,0,0.00,0.00,1,4,0,1,0,1,26,30,30.0,30.0,0,0,0,30,0,0,0,7.5%,30,30.0,0,1,1,100.0%,1.0,-,-,0,NA,NA,NA,NA,0,NA,NA,-,-,0.0,NA,NA,NA,NA,NA,NA,1,30.00,1.000,1.000,4.2%,-,-,-,30,1.000,1.0,330%,0.0,26,0,0,1,0,1.0,1,0.0%,NA,NA,NA,NA,NA,NA,NA,NA,NA,0.0%,NA,NA,@ TEN,16,Q,4.3,-0.3
1,2216,Mike Evans,WR,33.1,SF,14.0,16,16.90,13.9,1,1,65,49,0,0.0%,0,0,0,0,0,0,0.00,0,0,0,0,0.00,0.00,6,43,0,5,1,7,6,49,8.2,7.0,0,0,0,49,0,0,0,75.4%,49,49.0,1,6,7,85.7%,6.0,-,-,0,NA,NA,NA,NA,0,NA,NA,-,-,0.0,NA,NA,NA,NA,NA,NA,23,2.13,0.217,0.304,20.6%,-,-,-,49,6.000,1.0,890%,0.4,1,2,2,6,1,7.0,6,0.0%,NA,NA,NA,NA,NA,NA,NA,NA,NA,0.0%,NA,NA,@ LAR,4,·,12.8,4.1
1,10222,Jayden Reed,WR,26.4,GB,72.0,78,5.00,3.5,1,1,68,39,0,0.0%,0,0,0,0,0,0,0.00,0,0,0,0,0.00,0.00,3,17,0,1,0,7,3,20,6.7,2.9,0,0,0,20,0,0,0,57.4%,20,20.0,0,1,7,14.3%,1.0,-,-,0,NA,NA,NA,NA,0,NA,NA,-,-,0.0,NA,NA,NA,NA,NA,NA,29,0.69,0.034,0.241,16.7%,-,-,-,20,1.000,0.3,620%,0.1,1,1,1,6,0,7.0,3,0.0%,NA,NA,NA,NA,NA,NA,NA,NA,NA,0.0%,NA,NA,@ MIN,1,·,12.1,-7.1
1,13414,Kaelon Black,RB,24.9,SF,35.0,34,8.00,7.5,1,0,65,28,0,0.0%,0,0,0,0,0,0,0.00,65,0,0,0,0.00,0.00,1,-5,0,0,0,1,10,5,5.0,5.0,14,0,3,70,0,65,4.64,43.1%,70,70.0,0,3,15,20.0%,3.0,-,-,14,38,1,2.70,0.071,3,0.214,0.341,-,-,65.0,1.0,7.1%,-5.0,-0.36,0.0,0.0,10,0.50,0.000,0.100,2.9%,-,-,-,5,0.000,0.0,NA,NA,10,NA,NA,NA,NA,1.0,1,0.0%,NA,NA,NA,NA,NA,NA,NA,NA,NA,0.0%,NA,NA,@ LAR,19,·,3.1,4.9
1,13293,Ja'Kobi Lane,WR,22.1,BAL,93.0,92,2.10,1.6,1,0,68,27,0,0.0%,0,0,0,0,0,0,0.00,0,0,0,0,0.00,0.00,1,7,0,0,0,3,4,11,11.0,3.7,0,0,0,11,0,0,0,39.7%,11,11.0,0,0,3,0.0%,0.0,-,-,0,NA,NA,NA,NA,0,NA,NA,-,-,0.0,NA,NA,NA,NA,NA,NA,15,0.73,0.000,0.200,12.0%,-,-,-,11,0.000,0.0,1340%,0.2,4,2,1,0,1,3.0,1,0.0%,NA,NA,NA,NA,NA,NA,NA,NA,NA,0.0%,NA,NA,@ IND,7,D,6.1,-4.0
1,13345,Jonah Coleman,RB,23.1,DEN,999.0,999,0.00,0,1,0,51,3,0,0.0%,0,0,0,0,0,0,0.00,0,0,0,0,0.00,0.00,0,0,0,0,0,0,0,0,0.0,0.0,0,0,0,0,0,0,0,5.9%,0,0.0,0,0,0,NA,0.0,-,-,0,NA,NA,NA,NA,0,NA,NA,-,-,0.0,NA,NA,NA,NA,NA,NA,NA,NA,NA,NA,NA,-,-,-,0,0.000,NA,NA,NA,NA,NA,NA,NA,NA,0.0,0,0.0%,NA,NA,NA,NA,NA,NA,NA,NA,NA,0.0%,NA,NA,@ KC,27,·,2.7,-2.7
1,7594,Chuba Hubbard,RB,27.3,CAR,10.0,9,23.70,22.2,1,1,68,48,0,0.0%,0,0,0,0,0,0,0.00,49,0,0,0,0.00,0.00,3,0,0,1,1,3,38,38,12.7,12.7,10,1,1,87,1,49,4.9,70.6%,87,87.0,2,4,13,30.8%,4.0,-,-,10,33,7,3.30,0.700,2,0.200,1.030,-,-,49.0,1.0,10.0%,13.0,1.30,3.0,2.0,24,1.58,0.042,0.125,7.9%,-,-,-,38,2.000,0.7,NA,NA,13,NA,NA,NA,NA,3.0,3,0.0%,NA,NA,NA,NA,NA,NA,NA,NA,NA,0.0%,NA,NA,vs CHI,7,·,10.8,12.9
1,12533,Jacory Croskey-Merritt,RB,25.4,WAS,22.0,17,12.60,12.1,1,1,70,34,1,0.0%,0,0,0,0,0,0,0.00,63,0,0,0,0.00,0.00,1,-7,0,0,0,1,0,-7,-7.0,-7.0,16,0,6,56,1,63,3.94,48.6%,56,56.0,1,7,17,41.2%,7.0,-,-,16,42,2,2.60,0.125,7,0.438,0.385,-,-,63.0,2.0,12.5%,-8.0,-0.50,1.0,1.0,14,-0.50,0.000,0.071,2.9%,-,-,-,-7,0.000,0.0,NA,NA,0,NA,NA,NA,NA,1.0,1,0.0%,NA,NA,NA,NA,NA,NA,NA,NA,NA,0.0%,NA,NA,@ PHI,20,·,9.8,2.8
1,4217,George Kittle,TE,32.9,SF,41.0,41,3.20,2.2,1,1,65,30,0,0.0%,0,0,0,0,0,0,0.00,0,0,0,0,0.00,0.00,2,-5,0,0,0,5,17,12,6.0,2.4,0,0,0,12,0,0,0,46.2%,12,12.0,0,0,5,0.0%,0.0,-,-,0,NA,NA,NA,NA,0,NA,NA,-,-,0.0,NA,NA,NA,NA,NA,NA,13,0.92,0.000,0.385,14.7%,-,-,-,12,0.000,0.0,720%,0.2,9,1,2,3,0,5.0,2,0.0%,NA,NA,NA,NA,NA,NA,NA,NA,NA,0.0%,NA,NA,@ LAR,26,·,10.1,-6.9
1,6819,Michael Pittman,WR,29.0,PIT,44.0,40,8.80,7.3,1,1,67,59,0,0.0%,0,0,0,0,0,0,0.00,0,0,0,0,0.00,0.00,3,33,0,2,0,3,25,58,19.3,19.3,0,0,0,58,0,0,0,88.1%,58,58.0,0,2,3,66.7%,2.0,-,-,0,NA,NA,NA,NA,0,NA,NA,-,-,0.0,NA,NA,NA,NA,NA,NA,36,1.61,0.056,0.083,7.3%,-,-,-,58,2.000,0.7,1020%,0.1,8,0,1,0,0,3.0,3,0.0%,NA,NA,NA,NA,NA,NA,NA,NA,NA,0.0%,NA,NA,vs ATL,25,·,10.2,-1.4
1,13311,Chris Bell,WR,22.3,MIA,84.0,82,3.50,3,1,0,56,29,0,0.0%,0,0,0,0,0,0,0.00,0,0,0,0,0.00,0.00,1,22,0,1,0,2,3,25,25.0,12.5,0,0,0,25,0,0,0,51.8%,25,25.0,0,1,2,50.0%,1.0,-,-,0,NA,NA,NA,NA,0,NA,NA,-,-,0.0,NA,NA,NA,NA,NA,NA,18,1.39,0.056,0.111,7.4%,-,-,-,25,1.000,1.0,2040%,0.1,3,0,2,0,0,2.0,1,0.0%,NA,NA,NA,NA,NA,NA,NA,NA,NA,0.0%,NA,NA,@ LV,21,·,4.0,-0.5
1,9753,Zach Charbonnet,RB,25.7,SEA,999.0,999,0.00,0,0,0,0,0,0,0.0%,0,0,0,0,0,0,0.00,0,0,0,0,0.00,0.00,0,0,0,0,0,0,0,0,0.0,0.0,0,0,0,0,0,0,0,-,0,0.0,0,0,0,NA,0.0,-,-,NA,NA,NA,NA,NA,0,NA,NA,-,-,0.0,NA,NA,NA,NA,NA,NA,NA,NA,NA,NA,NA,-,-,-,0,0.000,NA,NA,NA,NA,NA,NA,NA,NA,NA,NA,0.0%,NA,NA,NA,NA,NA,NA,NA,NA,NA,0.0%,NA,NA,vs NE,26,PUP,PUP,#VALUE!
1,11581,MarShawn Lloyd,RB,25.7,GB,52.0,48,3.70,3.7,1,0,68,30,0,0.0%,0,0,0,0,0,0,0.00,37,0,0,0,0.00,0.00,0,0,0,0,0,1,0,0,0.0,0.0,13,0,2,37,0,37,2.85,44.1%,37,37.0,0,2,14,14.3%,2.0,-,-,13,17,2,1.30,0.154,2,0.154,0.284,-,-,37.0,1.0,7.7%,-11.0,-0.85,1.0,1.0,7,0.00,0.000,0.143,2.4%,-,-,-,0,0.000,NA,NA,NA,NA,NA,NA,NA,NA,1.0,0,0.0%,NA,NA,NA,NA,NA,NA,NA,NA,NA,0.0%,NA,NA,@ MIN,32,·,9.5,-5.8
1,13305,Mike Washington Jr.,RB,23.2,LV,47.0,43,4.10,4.1,1,0,68,13,0,0.0%,0,0,0,0,0,0,0.00,41,0,0,0,0.00,0.00,0,0,0,0,0,0,0,0,0.0,0.0,7,0,1,41,0,41,5.86,19.1%,41,41.0,0,1,7,14.3%,1.0,-,-,7,13,0,1.80,0.000,1,0.143,0.180,-,-,41.0,1.0,14.3%,9.0,1.29,1.0,1.0,3,0.00,0.000,0.000,0.0%,-,-,-,0,0.000,NA,NA,NA,NA,NA,NA,NA,NA,0.0,0,0.0%,NA,NA,NA,NA,NA,NA,NA,NA,NA,0.0%,NA,NA,vs MIA,4,·,7.0,-2.9
1,4037,Chris Godwin,WR,30.6,TB,47.0,49,8.30,6.3,1,1,57,49,0,0.0%,0,0,0,0,0,0,0.00,3,0,0,0,0.00,0.00,4,3,0,2,0,4,37,40,10.0,10.0,1,0,0,43,0,3,3,86.0%,43,43.0,0,2,5,40.0%,2.0,-,-,1,NA,NA,NA,NA,0,0.000,NA,-,-,3.0,NA,NA,NA,NA,NA,NA,32,1.25,0.063,0.125,14.3%,-,-,-,40,2.000,0.5,20%,0.0,9,0,1,2,0,4.0,4,0.0%,NA,NA,NA,NA,NA,NA,NA,NA,NA,0.0%,NA,NA,@ CIN,20,·,11.8,-3.5
1,7021,Rico Dowdle,RB,28.2,PIT,48.0,53,4.10,3.1,1,0,67,39,0,0.0%,0,0,0,0,0,0,0.00,15,0,0,0,0.00,0.00,2,-6,1,0,0,5,12,6,3.0,1.2,8,0,0,21,0,15,1.88,58.2%,21,21.0,0,0,13,0.0%,0.0,-,-,8,22,1,2.80,0.125,0,0.000,0.405,-,-,15.0,0.0,0.0%,-9.0,-1.13,1.0,0.0,20,0.30,0.000,0.250,12.2%,-,-,-,6,0.000,0.0,NA,NA,6,NA,NA,NA,NA,5.0,2,0.0%,NA,NA,NA,NA,NA,NA,NA,NA,NA,0.0%,NA,NA,vs ATL,23,·,12.5,-8.4
1,13285,Malachi Fields,WR,23.0,NYG,77.0,77,4.50,3.5,1,1,69,50,0,0.0%,0,0,0,0,0,0,0.00,0,0,0,0,0.00,0.00,2,10,0,1,0,4,15,25,12.5,6.3,0,0,0,25,0,0,0,72.5%,25,25.0,0,1,4,25.0%,1.0,-,-,0,NA,NA,NA,NA,0,NA,NA,-,-,0.0,NA,NA,NA,NA,NA,NA,18,1.39,0.056,0.222,13.8%,-,-,-,25,1.000,0.5,1690%,0.3,8,0,2,2,0,4.0,2,0.0%,NA,NA,NA,NA,NA,NA,NA,NA,NA,0.0%,NA,NA,vs DAL,26,·,7.9,-3.4
1,11624,Xavier Worthy,WR,23.4,KC,73.0,80,4.80,3.3,1,1,69,53,0,0.0%,0,0,0,0,0,0,0.00,0,0,0,0,0.00,0.00,3,3,0,1,0,6,15,18,6.0,3.0,0,0,0,18,0,0,0,76.8%,18,18.0,0,1,6,16.7%,1.0,-,-,0,NA,NA,NA,NA,0,NA,NA,-,-,0.0,NA,NA,NA,NA,NA,NA,28,0.64,0.036,0.214,22.2%,-,-,-,18,1.000,0.3,790%,0.4,5,1,2,5,0,6.0,3,0.0%,NA,NA,NA,NA,NA,NA,NA,NA,NA,0.0%,NA,NA,vs DEN,30,·,8.2,-3.4
1,6806,J.K. Dobbins,RB,27.8,DEN,53.0,49,3.60,3.6,1,1,51,22,0,0.0%,0,0,0,0,0,0,0.00,36,0,0,0,0.00,0.00,0,0,0,0,0,0,0,0,0.0,0.0,8,0,1,36,0,36,4.5,43.1%,36,36.0,0,1,8,12.5%,1.0,-,-,8,10,0,1.30,0.000,1,0.125,0.130,-,-,36.0,1.0,12.5%,6.0,0.75,0.0,0.0,5,0.00,0.000,0.000,0.0%,-,-,-,0,0.000,NA,NA,NA,NA,NA,NA,NA,NA,0.0,0,0.0%,NA,NA,NA,NA,NA,NA,NA,NA,NA,0.0%,NA,NA,@ KC,27,·,10.1,-6.5
1,12487,Terrance Ferguson,TE,23.5,LAR,999.0,999,0.00,0,1,1,61,31,0,0.0%,0,0,0,0,0,0,0.00,0,0,0,0,0.00,0.00,0,0,0,0,0,1,0,0,0.0,0.0,0,0,0,0,0,0,0,50.8%,0,0.0,0,0,1,0.0%,0.0,-,-,0,NA,NA,NA,NA,0,NA,NA,-,-,0.0,NA,NA,NA,NA,NA,NA,12,0.00,0.000,0.083,3.6%,-,-,-,0,0.000,NA,2020%,0.1,NA,0,1,0,0,1.0,0,0.0%,NA,NA,NA,NA,NA,NA,NA,NA,NA,0.0%,NA,NA,vs SF,30,·,4.5,-4.5
1,12484,Jayden Higgins,WR,23.8,HOU,999.0,999,0.00,0,0,0,0,0,0,0.0%,0,0,0,0,0,0,0.00,0,0,0,0,0.00,0.00,0,0,0,0,0,0,0,0,0.0,0.0,0,0,0,0,0,0,0,-,0,0.0,0,0,0,NA,0.0,-,-,NA,NA,NA,NA,NA,0,NA,NA,-,-,0.0,NA,NA,NA,NA,NA,NA,NA,NA,NA,NA,NA,-,-,-,0,0.000,NA,NA,NA,NA,NA,NA,NA,NA,NA,NA,0.0%,NA,NA,NA,NA,NA,NA,NA,NA,NA,0.0%,NA,NA,vs BUF,8,IR,IR,#VALUE!
1,5045,Courtland Sutton,WR,30.9,DEN,89.0,90,3.10,2.1,1,1,51,39,0,0.0%,0,0,0,0,0,0,0.00,0,0,0,0,0.00,0.00,2,7,1,0,0,5,4,11,5.5,2.2,0,0,0,11,0,0,0,76.5%,11,11.0,0,0,5,0.0%,0.0,-,-,0,NA,NA,NA,NA,0,NA,NA,-,-,0.0,NA,NA,NA,NA,NA,NA,26,0.42,0.000,0.192,17.9%,-,-,-,11,0.000,0.0,890%,0.4,2,1,2,1,0,5.0,2,0.0%,NA,NA,NA,NA,NA,NA,NA,NA,NA,0.0%,NA,NA,@ KC,31,·,10.2,-7.1
1,8408,Jordan Mason,RB,27.3,MIN,23.0,20,11.90,11.9,1,0,65,29,0,0.0%,0,0,0,0,0,0,0.00,59,0,0,0,0.00,0.00,0,0,0,0,0,0,0,0,0.0,0.0,15,0,1,59,1,59,3.93,44.6%,59,59.0,1,2,15,13.3%,2.0,-,-,15,23,5,1.50,0.333,2,0.133,0.483,-,-,59.0,1.0,6.7%,3.0,0.20,4.0,1.0,5,0.00,0.000,0.000,0.0%,-,-,-,0,0.000,NA,NA,NA,NA,NA,NA,NA,NA,0.0,0,0.0%,NA,NA,NA,NA,NA,NA,NA,NA,NA,0.0%,NA,NA,vs GB,14,Q,8.8,3.1
1,8110,Jake Ferguson,TE,27.7,DAL,44.0,48,2.60,1.6,1,1,58,44,0,0.0%,0,0,0,0,0,0,0.00,0,0,0,0,0.00,0.00,2,6,0,0,0,2,0,6,3.0,3.0,0,0,0,6,0,0,0,75.9%,6,6.0,0,0,2,0.0%,0.0,-,-,0,NA,NA,NA,NA,0,NA,NA,-,-,0.0,NA,NA,NA,NA,NA,NA,27,0.22,0.000,0.074,5.9%,-,-,-,6,0.000,0.0,260%,0.0,0,1,0,1,0,2.0,2,0.0%,NA,NA,NA,NA,NA,NA,NA,NA,NA,0.0%,NA,NA,@ NYG,24,·,9.1,-6.5
1,7567,Kenneth Gainwell,RB,27.5,TB,61.0,61,2.80,2.3,1,0,57,26,0,0.0%,0,0,0,0,0,0,0.00,15,0,0,0,0.00,0.00,1,-5,0,0,0,1,8,3,3.0,3.0,5,0,1,18,0,15,3,45.6%,18,18.0,0,1,6,16.7%,1.0,-,-,5,11,1,2.10,0.200,1,0.200,0.410,-,-,15.0,0.0,0.0%,-2.0,-0.40,0.0,0.0,14,0.21,0.000,0.071,3.6%,-,-,-,3,0.000,0.0,NA,NA,8,NA,NA,NA,NA,1.0,1,0.0%,NA,NA,NA,NA,NA,NA,NA,NA,NA,0.0%,NA,NA,@ CIN,18,·,12.3,-9.5
1,9480,Brenton Strange,TE,25.7,JAX,15.0,13,10.30,9.3,1,1,57,39,0,0.0%,0,0,0,0,0,0,0.00,0,0,0,0,0.00,0.00,2,23,0,0,1,3,0,23,11.5,7.7,0,0,0,23,0,0,0,68.4%,23,23.0,1,1,3,33.3%,1.0,-,-,0,NA,NA,NA,NA,0,NA,NA,-,-,0.0,NA,NA,NA,NA,NA,NA,15,1.53,0.000,0.200,13.0%,-,-,-,23,1.000,0.5,1150%,0.1,0,1,2,1,1,3.0,2,0.0%,NA,NA,NA,NA,NA,NA,NA,NA,NA,0.0%,NA,NA,vs CLE,15,·,8.2,2.1
1,5850,Josh Jacobs,RB,28.6,GB,999.0,999,0.00,0,0,0,68,0,0,0.0%,0,0,0,0,0,0,0.00,0,0,0,0,0.00,0.00,0,0,0,0,0,0,0,0,0.0,0.0,0,0,0,0,0,0,0,0.0%,0,0.0,0,0,0,NA,0.0,-,-,NA,NA,NA,NA,NA,0,NA,NA,-,-,0.0,NA,NA,NA,NA,NA,NA,NA,NA,NA,NA,NA,-,-,-,0,0.000,NA,NA,NA,NA,NA,NA,NA,NA,NA,NA,0.0%,NA,NA,NA,NA,NA,NA,NA,NA,NA,0.0%,NA,NA,@ MIN,32,NA,NA,#VALUE!
1,13349,Eli Stowers,TE,23.4,PHI,999.0,999,0.00,0,0,0,0,0,0,0.0%,0,0,0,0,0,0,0.00,0,0,0,0,0.00,0.00,0,0,0,0,0,0,0,0,0.0,0.0,0,0,0,0,0,0,0,-,0,0.0,0,0,0,NA,0.0,-,-,NA,NA,NA,NA,NA,0,NA,NA,-,-,0.0,NA,NA,NA,NA,NA,NA,NA,NA,NA,NA,NA,-,-,-,0,0.000,NA,NA,NA,NA,NA,NA,NA,NA,NA,NA,0.0%,NA,NA,NA,NA,NA,NA,NA,NA,NA,0.0%,NA,NA,vs WAS,3,IR,IR,#VALUE!
1,13296,Caleb Douglas,WR,23.0,MIA,22.0,23,14.40,11.9,1,1,56,51,0,0.0%,0,0,0,0,0,0,0.00,0,0,0,0,0.00,0.00,5,59,0,3,0,7,35,94,18.8,13.4,0,0,0,94,0,0,0,91.1%,94,94.0,0,3,7,42.9%,3.0,-,-,0,NA,NA,NA,NA,0,NA,NA,-,-,0.0,NA,NA,NA,NA,NA,NA,31,3.03,0.097,0.226,25.9%,-,-,-,94,3.000,0.6,1670%,0.4,7,0,5,3,0,7.0,5,0.0%,NA,NA,NA,NA,NA,NA,NA,NA,NA,0.0%,NA,NA,@ LV,21,·,5.3,9.1
1,8132,Tyler Allgeier,RB,26.4,ARI,29.0,31,9.00,8,1,1,75,44,0,0.0%,0,0,0,0,0,0,0.00,61,0,0,0,0.00,0.00,2,-5,0,0,0,2,14,9,4.5,4.5,17,3,2,70,0,61,3.59,58.7%,70,70.0,0,2,19,10.5%,2.0,-,-,17,49,2,2.90,0.118,2,0.118,0.408,-,-,61.0,1.0,5.9%,-7.0,-0.41,3.0,1.0,12,0.75,0.000,0.167,5.4%,-,-,-,9,0.000,0.0,NA,NA,7,NA,NA,NA,NA,2.0,2,0.0%,NA,NA,NA,NA,NA,NA,NA,NA,NA,0.0%,NA,NA,@ LAC,17,·,8.7,0.3
1,11618,Jalen McMillan,WR,24.8,TB,0.0,0,0.00,0,0,0,0,0,0,0.0%,0,0,0,0,0,0,0.00,0,0,0,0,0.00,0.00,0,0,0,0,0,0,0,0,0.0,0.0,0,0,0,0,0,0,0,-,0,0.0,0,0,0,NA,0.0,-,-,NA,NA,NA,NA,NA,0,NA,NA,-,-,0.0,NA,NA,NA,NA,NA,NA,NA,NA,NA,NA,NA,-,-,-,0,0.000,NA,NA,NA,NA,NA,NA,NA,NA,NA,NA,0.0%,NA,NA,NA,NA,NA,NA,NA,NA,NA,0.0%,NA,NA,@ CIN,20,·,·,#VALUE!
1,8121,Romeo Doubs,WR,26.4,NE,999.0,999,0.00,0,1,0,71,40,0,0.0%,0,0,0,0,0,0,0.00,0,0,0,0,0.00,0.00,0,0,1,0,0,3,0,0,0.0,0.0,0,0,0,0,0,0,0,56.3%,0,0.0,0,0,3,0.0%,0.0,-,-,0,NA,NA,NA,NA,0,NA,NA,-,-,0.0,NA,NA,NA,NA,NA,NA,30,0.00,0.000,0.100,9.1%,-,-,-,0,0.000,NA,2130%,0.3,NA,0,3,0,0,3.0,0,0.0%,NA,NA,NA,NA,NA,NA,NA,NA,NA,0.0%,NA,NA,@ SEA,27,·,10.6,-10.6
1,13301,Antonio Williams,WR,22.2,WAS,16.0,14,16.40,14.4,1,0,70,26,0,0.0%,0,0,0,0,0,0,0.00,0,0,0,0,0.00,0.00,4,55,0,3,1,4,9,64,16.0,16.0,0,0,0,64,0,0,0,37.1%,64,64.0,1,4,4,100.0%,4.0,-,-,0,NA,NA,NA,NA,0,NA,NA,-,-,0.0,NA,NA,NA,NA,NA,NA,10,6.40,0.300,0.400,11.8%,-,-,-,64,4.000,1.0,1330%,0.2,2,2,3,1,0,4.0,4,0.0%,NA,NA,NA,NA,NA,NA,NA,NA,NA,0.0%,NA,NA,@ PHI,10,·,2.7,13.7
1,8134,Khalil Shakir,WR,26.6,BUF,41.0,43,9.00,7,1,0,58,31,0,0.0%,0,0,0,0,0,0,0.00,0,0,0,0,0.00,0.00,4,25,0,2,0,6,25,50,12.5,8.3,0,0,0,50,0,0,0,53.4%,50,50.0,0,2,6,33.3%,2.0,-,-,0,NA,NA,NA,NA,0,NA,NA,-,-,0.0,NA,NA,NA,NA,NA,NA,21,2.38,0.095,0.286,20.7%,-,-,-,50,2.000,0.5,700%,0.1,6,3,3,3,1,6.0,4,0.0%,NA,NA,NA,NA,NA,NA,NA,NA,NA,0.0%,NA,NA,@ HOU,5,·,10.3,-1.3
1,12493,Oronde Gadsden,TE,23.2,LAC,28.0,25,5.20,4.2,1,0,55,10,0,0.0%,0,0,0,0,0,0,0.00,0,0,0,0,0.00,0.00,2,7,0,1,0,2,25,32,16.0,16.0,0,0,0,32,0,0,0,18.2%,32,32.0,0,1,2,50.0%,1.0,-,-,0,NA,NA,NA,NA,0,NA,NA,-,-,0.0,NA,NA,NA,NA,NA,NA,5,6.40,0.200,0.400,7.4%,-,-,-,32,1.000,0.5,330%,0.0,13,0,0,1,0,2.0,2,0.0%,NA,NA,NA,NA,NA,NA,NA,NA,NA,0.0%,NA,NA,vs ARI,11,·,4.8,0.4
1,5947,Jakobi Meyers,WR,29.8,JAX,28.0,25,12.20,11.2,1,1,57,37,0,0.0%,0,0,0,0,0,0,0.00,2,0,0,0,0.00,0.00,2,29,0,1,1,2,11,40,20.0,20.0,1,0,1,42,0,2,2,64.9%,42,42.0,1,3,3,100.0%,3.0,-,-,1,NA,NA,NA,NA,1,1.000,NA,-,-,2.0,NA,NA,NA,NA,NA,NA,19,2.11,0.053,0.105,8.7%,-,-,-,40,2.000,1.0,1920%,0.2,6,0,1,1,1,2.0,2,0.0%,NA,NA,NA,NA,NA,NA,NA,NA,NA,0.0%,NA,NA,vs CLE,3,·,10.4,1.8
1,13274,Germie Bernard,WR,22.8,PIT,999.0,999,0.00,0,1,0,67,3,0,0.0%,0,0,0,0,0,0,0.00,0,0,0,0,0.00,0.00,0,0,0,0,0,0,0,0,0.0,0.0,0,0,0,0,0,0,0,4.5%,0,0.0,0,0,0,NA,0.0,-,-,0,NA,NA,NA,NA,0,NA,NA,-,-,0.0,NA,NA,NA,NA,NA,NA,3,0.00,0.000,0.000,0.0%,-,-,-,0,0.000,NA,0%,0.0,NA,0,0,0,0,0.0,0,0.0%,NA,NA,NA,NA,NA,NA,NA,NA,NA,0.0%,NA,NA,vs ATL,25,·,4.6,-4.6
1,12474,Woody Marks,RB,25.7,HOU,42.0,41,5.00,4.5,1,0,79,40,0,0.0%,0,0,0,0,0,0,0.00,42,0,0,0,0.00,0.00,1,-2,0,0,0,1,0,-2,-2.0,-2.0,9,1,4,40,0,42,4.67,50.6%,40,40.0,0,4,10,40.0%,4.0,-,-,9,39,3,4.30,0.333,4,0.444,0.763,-,-,42.0,2.0,22.2%,13.0,1.44,0.0,0.0,17,-0.12,0.000,0.059,2.6%,-,-,-,-2,0.000,0.0,NA,NA,0,NA,NA,NA,NA,1.0,1,0.0%,NA,NA,NA,NA,NA,NA,NA,NA,NA,0.0%,NA,NA,vs BUF,6,·,8.8,-3.8
1,13337,Emmett Johnson,RB,22.9,KC,32.0,33,8.80,7.8,1,0,69,25,0,0.0%,0,0,0,0,0,0,0.00,24,0,0,0,0.00,0.00,2,-8,0,1,0,2,52,44,22.0,22.0,8,0,1,68,0,24,3,36.2%,68,68.0,0,2,10,20.0%,2.0,-,-,8,19,9,2.40,1.125,1,0.125,1.365,-,-,24.0,0.0,0.0%,-11.0,-1.38,1.0,0.0,7,6.29,0.143,0.286,7.4%,-,-,-,44,1.000,0.5,NA,NA,26,NA,NA,NA,NA,2.0,2,0.0%,NA,NA,NA,NA,NA,NA,NA,NA,NA,0.0%,NA,NA,vs DEN,2,·,3.3,5.5
1,13272,Carson Beck,QB,24.8,ARI,0.0,0,0.00,0,0,0,0,0,0,0.0%,0,0,0,0,0,0,0.00,0,0,0,0,0.00,0.00,0,0,0,0,0,0,0,0,0.0,0.0,0,0,0,0,0,0,0,-,0,0.0,0,0,0,NA,0.0,-,-,NA,NA,NA,NA,NA,0,NA,NA,-,-,0.0,NA,NA,NA,NA,NA,NA,NA,NA,NA,NA,NA,-,-,-,0,0.000,NA,NA,NA,NA,NA,NA,NA,NA,NA,NA,0.0%,NA,NA,NA,NA,NA,NA,NA,NA,NA,0.0%,NA,NA,@ LAC,15,·,·,#VALUE!
1,9504,Kayshon Boutte,WR,24.4,HOU,88.0,84,3.10,2.6,1,0,79,36,0,0.0%,0,0,0,0,0,0,0.00,0,0,0,0,0.00,0.00,1,14,0,1,0,2,7,21,21.0,10.5,0,0,0,21,0,0,0,45.6%,21,21.0,0,1,2,50.0%,1.0,-,-,0,NA,NA,NA,NA,0,NA,NA,-,-,0.0,NA,NA,NA,NA,NA,NA,26,0.81,0.038,0.077,5.3%,-,-,-,21,1.000,1.0,1570%,0.1,7,0,2,1,0,2.0,1,0.0%,NA,NA,NA,NA,NA,NA,NA,NA,NA,0.0%,NA,NA,vs BUF,8,·,9.1,-6.0
1,13413,Cyrus Allen,WR,23.6,KC,999.0,999,0.00,0,1,0,69,1,0,0.0%,0,0,0,0,0,0,0.00,0,0,0,0,0.00,0.00,0,0,0,0,0,1,0,0,0.0,0.0,0,0,0,0,0,0,0,1.4%,0,0.0,0,0,1,0.0%,0.0,-,-,0,NA,NA,NA,NA,0,NA,NA,-,-,0.0,NA,NA,NA,NA,NA,NA,1,0.00,0.000,1.000,3.7%,-,-,-,0,0.000,NA,620%,0.1,NA,0,0,1,0,1.0,0,0.0%,NA,NA,NA,NA,NA,NA,NA,NA,NA,0.0%,NA,NA,vs DEN,30,·,1.4,-1.4
1,5967,Tony Pollard,RB,29.4,TEN,44.0,45,4.40,3.9,1,1,50,26,0,0.0%,0,0,0,0,0,0,0.00,35,0,0,0,0.00,0.00,1,-2,0,0,0,2,1,-1,-1.0,-0.5,7,1,1,34,0,35,5,52.0%,34,34.0,0,1,9,11.1%,1.0,-,-,7,29,1,4.10,0.143,1,0.143,0.553,-,-,35.0,1.0,14.3%,6.0,0.86,0.0,0.0,7,-0.14,0.000,0.286,6.3%,-,-,-,-1,0.000,0.0,NA,NA,1,NA,NA,NA,NA,2.0,1,0.0%,NA,NA,NA,NA,NA,NA,NA,NA,NA,0.0%,NA,NA,vs NYJ,31,·,11.4,-7.0
1,11559,Michael Penix Jr.,QB,26.4,ATL,0.0,0,0.00,0,0,0,0,0,0,0.0%,0,0,0,0,0,0,0.00,0,0,0,0,0.00,0.00,0,0,0,0,0,0,0,0,0.0,0.0,0,0,0,0,0,0,0,-,0,0.0,0,0,0,NA,0.0,-,-,NA,NA,NA,NA,NA,0,NA,NA,-,-,0.0,NA,NA,NA,NA,NA,NA,NA,NA,NA,NA,NA,-,-,-,0,0.000,NA,NA,NA,NA,NA,NA,NA,NA,NA,NA,0.0%,NA,NA,NA,NA,NA,NA,NA,NA,NA,0.0%,NA,NA,@ PIT,30,Q,Q,#VALUE!
1,5022,Dallas Goedert,TE,31.7,PHI,3.0,2,23.70,21.7,1,1,55,52,0,0.0%,0,0,0,0,0,0,0.00,0,0,0,0,0.00,0.00,4,45,0,1,2,5,32,77,19.3,15.4,0,0,0,77,0,0,0,94.5%,77,77.0,2,3,5,60.0%,3.0,-,-,0,NA,NA,NA,NA,0,NA,NA,-,-,0.0,NA,NA,NA,NA,NA,NA,21,3.67,0.048,0.238,20.0%,-,-,-,77,3.000,0.8,1070%,0.2,8,2,2,1,1,5.0,4,0.0%,NA,NA,NA,NA,NA,NA,NA,NA,NA,0.0%,NA,NA,vs WAS,3,·,10.0,13.8
1,12492,Pat Bryant,WR,23.8,DEN,48.0,52,8.20,6.2,1,0,51,30,0,0.0%,0,0,0,0,0,0,0.00,0,0,0,0,0.00,0.00,4,24,1,3,0,6,18,42,10.5,7.0,0,0,0,42,0,0,0,58.8%,42,42.0,0,3,6,50.0%,3.0,-,-,0,NA,NA,NA,NA,0,NA,NA,-,-,0.0,NA,NA,NA,NA,NA,NA,19,2.21,0.158,0.316,21.4%,-,-,-,42,3.000,0.8,390%,0.2,5,0,2,3,0,6.0,4,0.0%,NA,NA,NA,NA,NA,NA,NA,NA,NA,0.0%,NA,NA,@ KC,31,·,7.1,1.1
1,12530,Travis Hunter,WR,23.3,JAX,999.0,999,2.10,1.6,1,1,57,4,0,0.0%,0,0,0,0,0,0,0.00,3,0,0,0,0.00,0.00,1,-3,0,0,0,1,11,8,8.0,8.0,1,0,0,11,0,3,3,7.0%,11,11.0,0,0,2,0.0%,0.0,-,-,1,NA,NA,NA,NA,0,0.000,NA,-,-,3.0,NA,NA,NA,NA,NA,NA,2,4.00,0.000,0.500,4.3%,-,-,-,8,0.000,0.0,-310%,0.0,11,0,0,1,0,1.0,1,0.0%,NA,NA,NA,NA,NA,NA,NA,NA,NA,0.0%,NA,NA,vs CLE,3,·,3.6,-1.5
1,2449,Stefon Diggs,WR,32.8,WAS,19.0,17,15.50,13.5,1,1,70,44,0,0.0%,0,0,0,0,0,0,0.00,0,0,0,0,0.00,0.00,4,40,3,3,1,9,15,55,13.8,6.1,0,0,0,55,0,0,0,62.9%,55,55.0,1,4,9,44.4%,4.0,-,-,0,NA,NA,NA,NA,0,NA,NA,-,-,0.0,NA,NA,NA,NA,NA,NA,25,2.20,0.120,0.360,26.5%,-,-,-,55,4.000,1.0,920%,0.3,4,1,5,2,0,9.0,4,0.0%,NA,NA,NA,NA,NA,NA,NA,NA,NA,0.0%,NA,NA,@ PHI,10,·,10.1,5.4
1,10219,Chris Rodriguez,RB,26.0,JAX,62.0,60,2.30,2.3,1,0,57,23,0,0.0%,0,0,0,0,0,0,0.00,23,0,0,0,0.00,0.00,0,0,0,0,0,0,0,0,0.0,0.0,6,1,1,23,0,23,3.83,40.4%,23,23.0,0,1,6,16.7%,1.0,-,-,6,16,1,2.70,0.167,1,0.167,0.437,-,-,23.0,0.0,0.0%,-3.0,-0.50,1.0,1.0,10,0.00,0.000,0.000,0.0%,-,-,-,0,0.000,NA,NA,NA,NA,NA,NA,NA,NA,0.0,0,0.0%,NA,NA,NA,NA,NA,NA,NA,NA,NA,0.0%,NA,NA,vs CLE,21,·,7.5,-5.2
1,5012,Mark Andrews,TE,31.0,BAL,20.0,19,8.90,6.9,1,1,68,49,0,0.0%,0,0,0,0,0,0,0.00,0,0,0,0,0.00,0.00,4,37,1,2,0,6,12,49,12.3,8.2,0,0,0,49,0,0,0,72.1%,49,49.0,0,2,6,33.3%,2.0,-,-,0,NA,NA,NA,NA,0,NA,NA,-,-,0.0,NA,NA,NA,NA,NA,NA,21,2.33,0.095,0.286,24.0%,-,-,-,49,2.000,0.5,710%,0.2,3,1,1,3,0,6.0,4,0.0%,NA,NA,NA,NA,NA,NA,NA,NA,NA,0.0%,NA,NA,@ IND,18,·,10.3,-1.4
1,8676,Rashid Shaheed,WR,28.0,SEA,100.0,101,1.40,0.9,1,0,50,33,0,0.0%,0,0,0,0,0,0,0.00,0,0,0,0,0.00,0.00,1,2,0,0,0,3,2,4,4.0,1.3,0,0,0,4,0,0,0,66.0%,4,4.0,0,0,3,0.0%,0.0,-,-,0,NA,NA,NA,NA,0,NA,NA,-,-,0.0,NA,NA,NA,NA,NA,NA,19,0.21,0.000,0.158,12.5%,-,-,-,4,0.000,0.0,520%,0.1,2,0,1,3,0,3.0,1,0.0%,NA,NA,NA,NA,NA,NA,NA,NA,NA,0.0%,NA,NA,vs NE,12,·,9.1,-7.7
1,8136,Rachaad White,RB,27.7,WAS,43.0,46,4.70,3.7,1,0,70,29,0,0.0%,0,0,0,0,0,0,0.00,22,0,0,0,0.00,0.00,2,-10,0,0,0,2,15,5,2.5,2.5,7,1,1,27,0,22,3.14,41.4%,27,27.0,0,1,9,11.1%,1.0,-,-,7,15,3,2.20,0.429,1,0.143,0.649,-,-,22.0,0.0,0.0%,-10.0,-1.43,1.0,0.0,14,0.36,0.000,0.143,5.9%,-,-,-,5,0.000,0.0,NA,NA,8,NA,NA,NA,NA,2.0,2,0.0%,NA,NA,NA,NA,NA,NA,NA,NA,NA,0.0%,NA,NA,@ PHI,20,·,9.2,-4.5
1,9511,Keaton Mitchell,RB,24.7,LAC,69.0,66,0.90,0.9,1,0,55,17,0,0.0%,0,0,0,0,0,0,0.00,9,0,0,0,0.00,0.00,0,0,0,0,0,0,0,0,0.0,0.0,4,0,0,9,0,9,2.25,30.9%,9,9.0,0,0,4,0.0%,0.0,-,-,4,14,1,3.40,0.250,0,0.000,0.590,-,-,9.0,0.0,0.0%,-6.0,-1.50,2.0,1.0,11,0.00,0.000,0.000,0.0%,-,-,-,0,0.000,NA,NA,NA,NA,NA,NA,NA,NA,0.0,0,0.0%,NA,NA,NA,NA,NA,NA,NA,NA,NA,0.0%,NA,NA,vs ARI,28,·,6.7,-5.8
1,11603,AJ Barner,TE,24.4,SEA,39.0,39,3.30,2.3,1,1,50,44,0,0.0%,0,0,0,0,0,0,0.00,0,0,0,0,0.00,0.00,2,-1,0,1,0,2,14,13,6.5,6.5,0,0,0,13,0,0,0,88.0%,13,13.0,0,1,2,50.0%,1.0,-,-,0,NA,NA,NA,NA,0,NA,NA,-,-,0.0,NA,NA,NA,NA,NA,NA,19,0.68,0.053,0.105,8.3%,-,-,-,13,1.000,0.5,-110%,0.0,7,0,0,0,0,2.0,2,0.0%,NA,NA,NA,NA,NA,NA,NA,NA,NA,0.0%,NA,NA,vs NE,25,·,9.3,-6.0
1,13320,Zachariah Branch,WR,22.5,ATL,999.0,999,0.00,0,1,0,60,18,0,0.0%,0,0,0,0,0,0,0.00,0,0,0,0,0.00,0.00,0,0,0,0,0,0,0,0,0.0,0.0,0,0,0,0,0,0,0,30.0%,0,0.0,0,0,0,NA,0.0,-,-,0,NA,NA,NA,NA,0,NA,NA,-,-,0.0,NA,NA,NA,NA,NA,NA,5,0.00,0.000,0.000,0.0%,-,-,-,0,0.000,NA,0%,0.0,NA,0,0,0,0,0.0,0,0.0%,NA,NA,NA,NA,NA,NA,NA,NA,NA,0.0%,NA,NA,@ PIT,32,·,2.3,-2.3
1,13288,Nicholas Singleton,RB,22.7,TEN,0.0,0,0.00,0,0,0,0,0,0,0.0%,0,0,0,0,0,0,0.00,0,0,0,0,0.00,0.00,0,0,0,0,0,0,0,0,0.0,0.0,0,0,0,0,0,0,0,-,0,0.0,0,0,0,NA,0.0,-,-,NA,NA,NA,NA,NA,0,NA,NA,-,-,0.0,NA,NA,NA,NA,NA,NA,NA,NA,NA,NA,NA,-,-,-,0,0.000,NA,NA,NA,NA,NA,NA,NA,NA,NA,NA,0.0%,NA,NA,NA,NA,NA,NA,NA,NA,NA,0.0%,NA,NA,vs NYJ,31,·,·,#VALUE!
1,7002,Juwan Johnson,TE,30.0,NO,7.0,7,14.40,12.9,1,1,90,76,0,0.0%,0,0,0,0,0,0,0.00,0,0,0,0,0.00,0.00,3,50,0,2,1,7,4,54,18.0,7.7,0,0,0,54,0,0,0,84.4%,54,54.0,1,3,7,42.9%,3.0,-,-,0,NA,NA,NA,NA,0,NA,NA,-,-,0.0,NA,NA,NA,NA,NA,NA,48,1.13,0.042,0.146,12.5%,-,-,-,54,3.000,1.0,1150%,0.2,1,3,4,4,1,7.0,3,0.0%,NA,NA,NA,NA,NA,NA,NA,NA,NA,0.0%,NA,NA,@ DET,2,·,10.4,4.0
1,13317,Ted Hurst,WR,22.2,TB,59.0,59,6.60,5.1,1,1,57,43,0,0.0%,0,0,0,0,0,0,0.00,0,0,0,0,0.00,0.00,3,34,0,2,0,3,2,36,12.0,12.0,0,0,0,36,0,0,0,75.4%,36,36.0,0,2,3,66.7%,2.0,-,-,0,NA,NA,NA,NA,0,NA,NA,-,-,0.0,NA,NA,NA,NA,NA,NA,29,1.24,0.069,0.103,10.7%,-,-,-,36,2.000,0.7,1140%,0.3,1,0,2,1,0,3.0,3,0.0%,NA,NA,NA,NA,NA,NA,NA,NA,NA,0.0%,NA,NA,@ CIN,20,·,5.1,1.5
1,11610,Malik Washington,WR,25.7,MIA,61.0,60,6.30,4.8,1,1,56,55,1,0.0%,0,0,0,0,0,0,0.00,0,0,0,0,0.00,0.00,3,31,1,1,0,8,22,53,17.7,6.6,0,0,0,53,0,0,0,98.2%,53,53.0,0,1,8,12.5%,1.0,-,-,0,NA,NA,NA,NA,0,NA,NA,-,-,0.0,NA,NA,NA,NA,NA,NA,35,1.51,0.029,0.229,29.6%,-,-,-,53,1.000,0.3,1600%,0.4,7,0,6,1,0,8.0,3,0.0%,NA,NA,NA,NA,NA,NA,NA,NA,NA,0.0%,NA,NA,@ LV,21,·,8.2,-1.9
1,9486,Dontayvion Wicks,WR,25.2,PHI,21.0,15,15.30,14.3,1,1,55,50,0,0.0%,0,0,0,0,0,0,0.00,0,0,0,0,0.00,0.00,2,52,0,1,1,4,21,73,36.5,18.3,0,0,0,73,0,0,0,90.9%,73,73.0,1,2,4,50.0%,2.0,-,-,0,NA,NA,NA,NA,0,NA,NA,-,-,0.0,NA,NA,NA,NA,NA,NA,26,2.81,0.038,0.154,16.0%,-,-,-,73,2.000,1.0,2130%,0.4,11,1,3,1,1,4.0,2,0.0%,NA,NA,NA,NA,NA,NA,NA,NA,NA,0.0%,NA,NA,vs WAS,19,·,8.4,6.9
1,11576,Braelon Allen,RB,22.6,NYJ,50.0,44,4.00,4,1,0,67,27,0,0.0%,0,0,0,0,0,0,0.00,40,0,0,0,0.00,0.00,0,0,0,0,0,1,0,0,0.0,0.0,10,4,3,40,0,40,4,40.3%,40,40.0,0,3,11,27.3%,3.0,-,-,10,34,3,3.40,0.300,3,0.300,0.640,-,-,40.0,0.0,0.0%,4.0,0.40,0.0,0.0,10,0.00,0.000,0.100,4.2%,-,-,-,0,0.000,NA,NA,NA,NA,NA,NA,NA,NA,1.0,0,0.0%,NA,NA,NA,NA,NA,NA,NA,NA,NA,0.0%,NA,NA,@ TEN,12,·,4.5,-0.5
1,11625,Adonai Mitchell,WR,23.9,NYJ,40.0,38,9.00,7.5,1,1,67,46,0,0.0%,0,0,0,0,0,0,0.00,0,0,0,0,0.00,0.00,3,59,0,2,0,3,1,60,20.0,20.0,0,0,0,60,0,0,0,68.7%,60,60.0,0,2,3,66.7%,2.0,-,-,0,NA,NA,NA,NA,0,NA,NA,-,-,0.0,NA,NA,NA,NA,NA,NA,22,2.73,0.091,0.136,12.5%,-,-,-,60,2.000,0.7,1960%,0.4,0,0,2,0,0,3.0,3,0.0%,NA,NA,NA,NA,NA,NA,NA,NA,NA,0.0%,NA,NA,@ TEN,16,·,7.2,1.8
1,8210,Chigoziem Okonkwo,TE,27.0,WAS,36.0,36,3.60,2.6,1,1,70,39,0,0.0%,0,0,0,0,0,0,0.00,0,0,0,0,0.00,0.00,2,14,0,1,0,3,2,16,8.0,5.3,0,0,0,16,0,0,0,55.7%,16,16.0,0,1,3,33.3%,1.0,-,-,0,NA,NA,NA,NA,0,NA,NA,-,-,0.0,NA,NA,NA,NA,NA,NA,22,0.73,0.045,0.136,8.8%,-,-,-,16,1.000,0.5,1280%,0.2,1,0,2,1,0,3.0,2,0.0%,NA,NA,NA,NA,NA,NA,NA,NA,NA,0.0%,NA,NA,@ PHI,28,Q,8.0,-4.4
1,5844,T.J. Hockenson,TE,29.2,MIN,9.0,9,13.60,11.6,1,0,65,43,0,0.0%,0,0,0,0,0,0,0.00,0,0,0,0,0.00,0.00,4,23,0,1,1,5,13,36,9.0,7.2,0,0,0,36,0,0,0,66.2%,36,36.0,1,2,5,40.0%,2.0,-,-,0,NA,NA,NA,NA,0,NA,NA,-,-,0.0,NA,NA,NA,NA,NA,NA,19,1.89,0.053,0.263,20.8%,-,-,-,36,2.000,0.5,500%,0.1,3,2,1,2,1,5.0,4,0.0%,NA,NA,NA,NA,NA,NA,NA,NA,NA,0.0%,NA,NA,vs GB,8,·,8.8,4.8
1,9508,Tyjae Spears,RB,25.2,TEN,45.0,50,4.40,3.4,1,0,50,25,0,0.0%,0,0,0,0,0,0,0.00,12,0,0,0,0.00,0.00,2,-11,0,0,0,4,23,12,6.0,3.0,3,0,1,24,0,12,4,50.0%,24,24.0,0,1,7,14.3%,1.0,-,-,3,8,0,2.60,0.000,1,0.333,0.260,-,-,12.0,1.0,33.3%,-6.0,-2.00,0.0,0.0,13,0.92,0.000,0.308,12.5%,-,-,-,12,0.000,0.0,NA,NA,12,NA,NA,NA,NA,4.0,2,0.0%,NA,NA,NA,NA,NA,NA,NA,NA,NA,0.0%,NA,NA,vs NYJ,31,·,9.6,-5.2
1,12469,Dylan Sampson,RB,22.0,CLE,999.0,999,0.00,0,1,0,51,0,0,0.0%,0,0,0,0,0,0,0.00,0,0,0,0,0.00,0.00,0,0,0,0,0,0,0,0,0.0,0.0,0,0,0,0,0,0,0,0.0%,0,0.0,0,0,0,NA,0.0,-,-,0,NA,NA,NA,NA,0,NA,NA,-,-,0.0,NA,NA,NA,NA,NA,NA,NA,NA,NA,NA,NA,-,-,-,0,0.000,NA,NA,NA,NA,NA,NA,NA,NA,0.0,0,0.0%,NA,NA,NA,NA,NA,NA,NA,NA,NA,0.0%,NA,NA,@ JAX,25,IR,6.0,-6.0
1,12509,Tre Harris,WR,24.6,LAC,71.0,76,5.00,3.5,1,0,55,41,0,0.0%,0,0,0,0,0,0,0.00,0,0,0,0,0.00,0.00,3,11,0,0,0,6,9,20,6.7,3.3,0,0,0,20,0,0,0,74.5%,20,20.0,0,0,6,0.0%,0.0,-,-,0,NA,NA,NA,NA,0,NA,NA,-,-,0.0,NA,NA,NA,NA,NA,NA,25,0.80,0.000,0.240,22.2%,-,-,-,20,0.000,0.0,750%,0.2,3,0,3,4,0,6.0,3,0.0%,NA,NA,NA,NA,NA,NA,NA,NA,NA,0.0%,NA,NA,vs ARI,17,·,5.9,-0.9
1,9482,Michael Mayer,TE,25.2,LV,19.0,21,9.20,6.2,1,1,68,55,0,0.0%,0,0,0,0,0,0,0.00,0,0,0,0,0.00,0.00,6,13,0,3,0,7,19,32,5.3,4.6,0,0,0,32,0,0,0,80.9%,32,32.0,0,3,7,42.9%,3.0,-,-,0,NA,NA,NA,NA,0,NA,NA,-,-,0.0,NA,NA,NA,NA,NA,NA,23,1.39,0.130,0.304,23.3%,-,-,-,32,3.000,0.5,410%,0.1,3,1,1,0,1,7.0,6,0.0%,NA,NA,NA,NA,NA,NA,NA,NA,NA,0.0%,NA,NA,vs MIA,22,·,8.5,0.7
1,11638,Ricky Pearsall,WR,26.0,SF,999.0,999,0.00,0,0,0,0,0,0,0.0%,0,0,0,0,0,0,0.00,0,0,0,0,0.00,0.00,0,0,0,0,0,0,0,0,0.0,0.0,0,0,0,0,0,0,0,-,0,0.0,0,0,0,NA,0.0,-,-,NA,NA,NA,NA,NA,0,NA,NA,-,-,0.0,NA,NA,NA,NA,NA,NA,NA,NA,NA,NA,NA,-,-,-,0,0.000,NA,NA,NA,NA,NA,NA,NA,NA,NA,NA,0.0%,NA,NA,NA,NA,NA,NA,NA,NA,NA,0.0%,NA,NA,@ LAR,4,IR,IR,#VALUE!
1,3257,Jacoby Brissett,QB,33.8,ARI,15.0,15,16.48,16.48,1,1,75,75,0,73.0%,179,37,27,14,10,0,103.10,291,1,1,277,7.49,10.26,0,0,0,0,0,0,0,0,0.0,0.0,6,0,3,14,0,14,2.33,100.0%,291,291.0,1,18,43,41.9%,18.0,-,-,6,NA,NA,NA,NA,3,0.500,NA,-,-,14.0,1.0,16.7%,NA,NA,NA,NA,NA,NA,NA,NA,NA,-,-,-,0,0.000,NA,NA,NA,NA,NA,NA,NA,NA,0.0,0,1500.0%,0.4054054054,256%,10.8%,0.308,7.8,3900.0%,+0.08,+10.00,0.3,27700.0%,35.9%,1,@ LAC,15,·,12.9,3.6
1,1466,Travis Kelce,TE,37.0,KC,16.0,15,10.10,8.6,1,1,69,49,0,0.0%,0,0,0,0,0,0,0.00,0,0,0,0,0.00,0.00,3,8,0,2,0,5,63,71,23.7,14.2,0,0,0,71,0,0,0,71.0%,71,71.0,0,2,5,40.0%,2.0,-,-,0,NA,NA,NA,NA,0,NA,NA,-,-,0.0,NA,NA,NA,NA,NA,NA,25,2.84,0.080,0.200,18.5%,-,-,-,71,2.000,0.7,580%,0.2,21,0,1,2,0,5.0,3,0.0%,NA,NA,NA,NA,NA,NA,NA,NA,NA,0.0%,NA,NA,vs DEN,13,·,9.5,0.6
1,9225,Tank Bigsby,RB,25.0,PHI,74.0,74,0.30,0.3,1,0,55,6,0,0.0%,0,0,0,0,0,0,0.00,3,0,0,0,0.00,0.00,0,0,0,0,0,0,0,0,0.0,0.0,1,0,0,3,0,3,3,10.9%,3,3.0,0,0,1,0.0%,0.0,-,-,1,2,0,2.00,0.000,0,0.000,0.200,-,-,3.0,0.0,0.0%,-1.0,-1.00,1.0,0.0,1,0.00,0.000,0.000,0.0%,-,-,-,0,0.000,NA,NA,NA,NA,NA,NA,NA,NA,0.0,0,0.0%,NA,NA,NA,NA,NA,NA,NA,NA,NA,0.0%,NA,NA,vs WAS,24,·,5.4,-5.1
1,10213,Tre Tucker,WR,25.5,LV,74.0,72,4.70,3.7,1,1,68,48,0,0.0%,0,0,0,0,0,0,0.00,0,0,0,0,0.00,0.00,2,26,0,1,0,4,1,27,13.5,6.8,0,0,0,27,0,0,0,70.6%,27,27.0,0,1,4,25.0%,1.0,-,-,0,NA,NA,NA,NA,0,NA,NA,-,-,0.0,NA,NA,NA,NA,NA,NA,27,1.00,0.037,0.148,13.3%,-,-,-,27,1.000,0.5,1230%,0.2,1,1,2,1,0,4.0,2,0.0%,NA,NA,NA,NA,NA,NA,NA,NA,NA,0.0%,NA,NA,vs MIA,24,·,10.5,-5.8
1,13289,Drew Allar,QB,22.5,PIT,0.0,0,0.00,0,0,0,0,0,0,0.0%,0,0,0,0,0,0,0.00,0,0,0,0,0.00,0.00,0,0,0,0,0,0,0,0,0.0,0.0,0,0,0,0,0,0,0,-,0,0.0,0,0,0,NA,0.0,-,-,NA,NA,NA,NA,NA,0,NA,NA,-,-,0.0,NA,NA,NA,NA,NA,NA,NA,NA,NA,NA,NA,-,-,-,0,0.000,NA,NA,NA,NA,NA,NA,NA,NA,NA,NA,0.0%,NA,NA,NA,NA,NA,NA,NA,NA,NA,0.0%,NA,NA,vs ATL,25,·,·,#VALUE!
1,5872,Deebo Samuel,WR,30.7,SF,13.0,13,18.00,15,1,0,65,27,0,0.0%,0,0,0,0,0,0,0.00,12,0,0,0,0.00,0.00,6,20,1,2,1,7,28,48,8.0,6.9,1,0,1,60,0,12,12,41.5%,60,60.0,1,4,8,50.0%,4.0,-,-,1,NA,NA,NA,NA,1,1.000,NA,-,-,12.0,NA,NA,NA,NA,NA,NA,18,2.67,0.111,0.389,20.6%,-,-,-,48,3.000,0.5,250%,0.1,5,3,1,3,1,7.0,6,0.0%,NA,NA,NA,NA,NA,NA,NA,NA,NA,0.0%,NA,NA,@ LAR,4,·,10.1,8.0
1,12536,Jaylin Noel,WR,24.0,HOU,53.0,47,7.30,6.3,1,0,79,24,0,0.0%,0,0,0,0,0,0,0.00,0,0,0,0,0.00,0.00,2,26,0,2,0,2,27,53,26.5,26.5,0,0,0,53,0,0,0,30.4%,53,53.0,0,2,2,100.0%,2.0,-,-,0,NA,NA,NA,NA,0,NA,NA,-,-,0.0,NA,NA,NA,NA,NA,NA,15,3.53,0.133,0.133,5.3%,-,-,-,53,2.000,1.0,1290%,0.1,14,0,2,0,0,2.0,2,0.0%,NA,NA,NA,NA,NA,NA,NA,NA,NA,0.0%,NA,NA,vs BUF,8,·,4.8,2.5
1,13421,Eli Raridon,TE,22.6,NE,22.0,20,7.20,6.7,1,0,71,38,0,0.0%,0,0,0,0,0,0,0.00,0,0,0,0,0.00,0.00,1,2,0,0,1,1,0,2,2.0,2.0,0,0,0,2,0,0,0,53.5%,2,2.0,1,1,1,100.0%,1.0,-,-,0,NA,NA,NA,NA,0,NA,NA,-,-,0.0,NA,NA,NA,NA,NA,NA,8,0.25,0.000,0.125,3.0%,-,-,-,2,1.000,1.0,780%,0.0,0,1,0,1,1,1.0,1,0.0%,NA,NA,NA,NA,NA,NA,NA,NA,NA,0.0%,NA,NA,@ SEA,14,·,4.6,2.6
1,13268,Elijah Sarratt,WR,23.3,BAL,0.0,0,0.00,0,0,0,0,0,0,0.0%,0,0,0,0,0,0,0.00,0,0,0,0,0.00,0.00,0,0,0,0,0,0,0,0,0.0,0.0,0,0,0,0,0,0,0,-,0,0.0,0,0,0,NA,0.0,-,-,NA,NA,NA,NA,NA,0,NA,NA,-,-,0.0,NA,NA,NA,NA,NA,NA,NA,NA,NA,NA,NA,-,-,-,0,0.000,NA,NA,NA,NA,NA,NA,NA,NA,NA,NA,0.0%,NA,NA,NA,NA,NA,NA,NA,NA,NA,0.0%,NA,NA,@ IND,7,·,·,#VALUE!
1,8180,Jalen Nailor,WR,27.5,LV,64.0,67,5.70,4.2,1,1,68,41,0,0.0%,0,0,0,0,0,0,0.00,0,0,0,0,0.00,0.00,3,18,0,3,0,5,9,27,9.0,5.4,0,0,0,27,0,0,0,60.3%,27,27.0,0,3,5,60.0%,3.0,-,-,0,NA,NA,NA,NA,0,NA,NA,-,-,0.0,NA,NA,NA,NA,NA,NA,18,1.50,0.167,0.278,16.7%,-,-,-,27,3.000,1.0,1250%,0.3,3,0,2,3,0,5.0,3,0.0%,NA,NA,NA,NA,NA,NA,NA,NA,NA,0.0%,NA,NA,vs MIA,24,·,9.7,-4.0
1,13405,Kaytron Allen,RB,23.7,WAS,64.0,64,1.60,1.6,1,0,70,7,0,0.0%,0,0,0,0,0,0,0.00,16,0,0,0,0.00,0.00,0,0,0,0,0,0,0,0,0.0,0.0,4,0,0,16,0,16,4,10.0%,16,16.0,0,0,4,0.0%,0.0,-,-,4,11,0,2.70,0.000,0,0.000,0.270,-,-,16.0,0.0,0.0%,3.0,0.75,3.0,1.0,1,0.00,0.000,0.000,0.0%,-,-,-,0,0.000,NA,NA,NA,NA,NA,NA,NA,NA,0.0,0,0.0%,NA,NA,NA,NA,NA,NA,NA,NA,NA,0.0%,NA,NA,@ PHI,20,·,1.0,0.6
1,12504,Kaleb Johnson,RB,23.1,GB,999.0,999,0.00,0,1,0,68,0,0,0.0%,0,0,0,0,0,0,0.00,0,0,0,0,0.00,0.00,0,0,0,0,0,0,0,0,0.0,0.0,0,0,0,0,0,0,0,0.0%,0,0.0,0,0,0,NA,0.0,-,-,0,NA,NA,NA,NA,0,NA,NA,-,-,0.0,NA,NA,NA,NA,NA,NA,NA,NA,NA,NA,NA,-,-,-,0,0.000,NA,NA,NA,NA,NA,NA,NA,NA,0.0,0,0.0%,NA,NA,NA,NA,NA,NA,NA,NA,NA,0.0%,NA,NA,@ MIN,32,·,3.0,-3.0
1,12502,Gunnar Helm,TE,24.0,TEN,24.0,24,6.80,4.8,1,1,50,38,0,0.0%,0,0,0,0,0,0,0.00,0,0,0,0,0.00,0.00,4,6,0,1,0,5,22,28,7.0,5.6,0,0,0,28,0,0,0,76.0%,28,28.0,0,1,5,20.0%,1.0,-,-,0,NA,NA,NA,NA,0,NA,NA,-,-,0.0,NA,NA,NA,NA,NA,NA,21,1.33,0.048,0.238,15.6%,-,-,-,28,1.000,0.3,470%,0.1,6,1,1,2,1,5.0,4,0.0%,NA,NA,NA,NA,NA,NA,NA,NA,NA,0.0%,NA,NA,vs NYJ,23,·,7.6,-0.8
1,12535,Isaac TeSlaa,WR,24.6,DET,999.0,999,0.00,0,1,0,77,52,0,0.0%,0,0,0,0,0,0,0.00,0,0,0,0,0.00,0.00,0,0,0,0,0,1,0,0,0.0,0.0,0,0,0,0,0,0,0,67.5%,0,0.0,0,0,1,0.0%,0.0,-,-,0,NA,NA,NA,NA,0,NA,NA,-,-,0.0,NA,NA,NA,NA,NA,NA,30,0.00,0.000,0.033,2.6%,-,-,-,0,0.000,NA,560%,0.0,NA,0,0,1,0,1.0,0,0.0%,NA,NA,NA,NA,NA,NA,NA,NA,NA,0.0%,NA,NA,vs NO,11,·,5.1,-5.1
1,9502,Tank Dell,WR,26.9,HOU,999.0,999,0.00,0,0,0,0,0,0,0.0%,0,0,0,0,0,0,0.00,0,0,0,0,0.00,0.00,0,0,0,0,0,0,0,0,0.0,0.0,0,0,0,0,0,0,0,-,0,0.0,0,0,0,NA,0.0,-,-,NA,NA,NA,NA,NA,0,NA,NA,-,-,0.0,NA,NA,NA,NA,NA,NA,NA,NA,NA,NA,NA,-,-,-,0,0.000,NA,NA,NA,NA,NA,NA,NA,NA,NA,NA,0.0%,NA,NA,NA,NA,NA,NA,NA,NA,NA,0.0%,NA,NA,vs BUF,8,IR,IR,#VALUE!
1,3214,Hunter Henry,TE,31.8,NE,25.0,26,5.60,4.1,1,1,71,54,0,0.0%,0,0,0,0,0,0,0.00,0,0,0,0,0.00,0.00,3,12,0,1,0,3,14,26,8.7,8.7,0,0,0,26,0,0,0,76.1%,26,26.0,0,1,3,33.3%,1.0,-,-,0,NA,NA,NA,NA,0,NA,NA,-,-,0.0,NA,NA,NA,NA,NA,NA,26,1.00,0.038,0.115,9.1%,-,-,-,26,1.000,0.3,350%,0.1,5,0,1,0,0,3.0,3,0.0%,NA,NA,NA,NA,NA,NA,NA,NA,NA,0.0%,NA,NA,@ SEA,14,·,9.4,-3.8
1,12524,Shedeur Sanders,QB,24.6,CLE,999.0,999,0.00,0,0,0,51,0,0,0.0%,0,0,0,0,0,0,0.00,0,0,0,0,0.00,0.00,0,0,0,0,0,0,0,0,0.0,0.0,0,0,0,0,0,0,0,0.0%,0,0.0,0,0,0,NA,0.0,-,-,NA,NA,NA,NA,NA,0,NA,NA,-,-,0.0,NA,NA,NA,NA,NA,NA,NA,NA,NA,NA,NA,-,-,-,0,0.000,NA,NA,NA,NA,NA,NA,NA,NA,NA,NA,0.0%,NA,NA,NA,NA,NA,NA,NA,NA,NA,0.0%,NA,NA,@ JAX,21,·,·,#VALUE!
1,11627,Troy Franklin,WR,23.6,DEN,106.0,105,0.50,0.5,1,0,51,17,0,0.0%,0,0,0,0,0,0,0.00,5,0,0,0,0.00,0.00,0,0,0,0,0,1,0,0,0.0,0.0,1,0,0,5,0,5,5,33.3%,5,5.0,0,0,2,0.0%,0.0,-,-,1,NA,NA,NA,NA,0,0.000,NA,-,-,5.0,NA,NA,NA,NA,NA,NA,9,0.00,0.000,0.111,3.6%,-,-,-,0,0.000,NA,3030%,0.3,NA,0,1,0,0,1.0,0,0.0%,NA,NA,NA,NA,NA,NA,NA,NA,NA,0.0%,NA,NA,@ KC,31,·,3.7,-3.2
1,12521,Elijah Arroyo,TE,23.4,SEA,999.0,999,0.00,0,1,0,50,11,0,0.0%,0,0,0,0,0,0,0.00,0,0,0,0,0.00,0.00,0,0,0,0,0,0,0,0,0.0,0.0,0,0,0,0,0,0,0,22.0%,0,0.0,0,0,0,NA,0.0,-,-,0,NA,NA,NA,NA,0,NA,NA,-,-,0.0,NA,NA,NA,NA,NA,NA,7,0.00,0.000,0.000,0.0%,-,-,-,0,0.000,NA,0%,0.0,NA,0,0,0,0,0.0,0,0.0%,NA,NA,NA,NA,NA,NA,NA,NA,NA,0.0%,NA,NA,vs NE,25,·,3.9,-3.9
1,8154,Brian Robinson,RB,27.5,ATL,55.0,52,3.10,3.1,1,0,60,15,0,0.0%,0,0,0,0,0,0,0.00,31,0,0,0,0.00,0.00,0,0,0,0,0,0,0,0,0.0,0.0,9,1,2,31,0,31,3.44,25.0%,31,31.0,0,2,9,22.2%,2.0,-,-,9,41,2,4.60,0.222,2,0.222,0.682,-,-,31.0,1.0,11.1%,-4.0,-0.44,0.0,0.0,2,0.00,0.000,0.000,0.0%,-,-,-,0,0.000,NA,NA,NA,NA,NA,NA,NA,NA,0.0,0,0.0%,NA,NA,NA,NA,NA,NA,NA,NA,NA,0.0%,NA,NA,@ PIT,8,·,4.6,-1.5
1,12497,Tory Horton,WR,23.8,SEA,0.0,0,0.00,0,0,0,0,0,0,0.0%,0,0,0,0,0,0,0.00,0,0,0,0,0.00,0.00,0,0,0,0,0,0,0,0,0.0,0.0,0,0,0,0,0,0,0,-,0,0.0,0,0,0,NA,0.0,-,-,NA,NA,NA,NA,NA,0,NA,NA,-,-,0.0,NA,NA,NA,NA,NA,NA,NA,NA,NA,NA,NA,-,-,-,0,0.000,NA,NA,NA,NA,NA,NA,NA,NA,NA,NA,0.0%,NA,NA,NA,NA,NA,NA,NA,NA,NA,0.0%,NA,NA,vs NE,12,Q,Q,#VALUE!
1,7527,Mac Jones,QB,28.0,SF,999.0,999,0.00,0,0,0,65,0,0,0.0%,0,0,0,0,0,0,0.00,0,0,0,0,0.00,0.00,0,0,0,0,0,0,0,0,0.0,0.0,0,0,0,0,0,0,0,0.0%,0,0.0,0,0,0,NA,0.0,-,-,NA,NA,NA,NA,NA,0,NA,NA,-,-,0.0,NA,NA,NA,NA,NA,NA,NA,NA,NA,NA,NA,-,-,-,0,0.000,NA,NA,NA,NA,NA,NA,NA,NA,NA,NA,0.0%,NA,NA,NA,NA,NA,NA,NA,NA,NA,0.0%,NA,NA,@ LAR,10,·,·,#VALUE!
1,12483,Jack Bech,WR,23.7,LV,30.0,30,11.30,9.8,1,0,68,27,0,0.0%,0,0,0,0,0,0,0.00,0,0,0,0,0.00,0.00,3,16,0,0,1,4,7,23,7.7,5.8,0,0,0,23,0,0,0,39.7%,23,23.0,1,1,4,25.0%,1.0,-,-,0,NA,NA,NA,NA,0,NA,NA,-,-,0.0,NA,NA,NA,NA,NA,NA,13,1.77,0.000,0.308,13.3%,-,-,-,23,1.000,0.3,730%,0.1,2,2,1,1,0,4.0,3,0.0%,NA,NA,NA,NA,NA,NA,NA,NA,NA,0.0%,NA,NA,vs MIA,24,·,5.6,5.7
1,13402,Skyler Bell,WR,24.2,BUF,999.0,999,0.00,0,0,0,58,0,0,0.0%,0,0,0,0,0,0,0.00,0,0,0,0,0.00,0.00,0,0,0,0,0,0,0,0,0.0,0.0,0,0,0,0,0,0,0,0.0%,0,0.0,0,0,0,NA,0.0,-,-,NA,NA,NA,NA,NA,0,NA,NA,-,-,0.0,NA,NA,NA,NA,NA,NA,NA,NA,NA,NA,NA,-,-,-,0,0.000,NA,NA,NA,NA,NA,NA,NA,NA,NA,NA,0.0%,NA,NA,NA,NA,NA,NA,NA,NA,NA,0.0%,NA,NA,@ HOU,5,·,·,#VALUE!
1,13347,Demond Claiborne,RB,22.9,MIN,0.0,0,0.00,0,0,0,0,0,0,0.0%,0,0,0,0,0,0,0.00,0,0,0,0,0.00,0.00,0,0,0,0,0,0,0,0,0.0,0.0,0,0,0,0,0,0,0,-,0,0.0,0,0,0,NA,0.0,-,-,NA,NA,NA,NA,NA,0,NA,NA,-,-,0.0,NA,NA,NA,NA,NA,NA,NA,NA,NA,NA,NA,-,-,-,0,0.000,NA,NA,NA,NA,NA,NA,NA,NA,NA,NA,0.0%,NA,NA,NA,NA,NA,NA,NA,NA,NA,0.0%,NA,NA,vs GB,14,·,·,#VALUE!
1,8172,Greg Dulcich,TE,26.5,MIA,35.0,35,3.80,2.8,1,1,56,43,0,0.0%,0,0,0,0,0,0,0.00,0,0,0,0,0.00,0.00,2,1,0,1,0,2,17,18,9.0,9.0,0,0,0,18,0,0,0,76.8%,18,18.0,0,1,2,50.0%,1.0,-,-,0,NA,NA,NA,NA,0,NA,NA,-,-,0.0,NA,NA,NA,NA,NA,NA,25,0.72,0.040,0.080,7.4%,-,-,-,18,1.000,0.5,60%,0.0,9,0,0,0,0,2.0,2,0.0%,NA,NA,NA,NA,NA,NA,NA,NA,NA,0.0%,NA,NA,@ LV,31,·,7.3,-3.5
1,11637,Keon Coleman,WR,23.3,BUF,103.0,104,1.10,0.6,1,0,58,29,0,0.0%,0,0,0,0,0,0,0.00,0,0,0,0,0.00,0.00,1,4,0,0,0,1,-3,1,1.0,1.0,0,0,0,1,0,0,0,50.0%,1,1.0,0,0,1,0.0%,0.0,-,-,0,NA,NA,NA,NA,0,NA,NA,-,-,0.0,NA,NA,NA,NA,NA,NA,17,0.06,0.000,0.059,3.4%,-,-,-,1,0.000,0.0,420%,0.0,-3,0,0,1,0,1.0,1,0.0%,NA,NA,NA,NA,NA,NA,NA,NA,NA,0.0%,NA,NA,@ HOU,5,·,4.4,-3.3
1,5001,Dalton Schultz,TE,30.2,HOU,21.0,23,7.50,5.5,1,1,79,52,0,0.0%,0,0,0,0,0,0,0.00,0,0,0,0,0.00,0.00,4,8,1,1,0,8,27,35,8.8,4.4,0,0,0,35,0,0,0,65.8%,35,35.0,0,1,8,12.5%,1.0,-,-,0,NA,NA,NA,NA,0,NA,NA,-,-,0.0,NA,NA,NA,NA,NA,NA,31,1.13,0.032,0.258,21.1%,-,-,-,35,1.000,0.3,300%,0.1,7,0,1,4,0,8.0,4,0.0%,NA,NA,NA,NA,NA,NA,NA,NA,NA,0.0%,NA,NA,vs BUF,17,·,8.8,-1.3
1,12547,Kyle Williams,WR,23.8,NE,999.0,999,0.00,0,1,0,71,12,0,0.0%,0,0,0,0,0,0,0.00,0,0,0,0,0.00,0.00,0,0,0,0,0,0,0,0,0.0,0.0,0,0,0,0,0,0,0,16.9%,0,0.0,0,0,0,NA,0.0,-,-,0,NA,NA,NA,NA,0,NA,NA,-,-,0.0,NA,NA,NA,NA,NA,NA,7,0.00,0.000,0.000,0.0%,-,-,-,0,0.000,NA,0%,0.0,NA,0,0,0,0,0.0,0,0.0%,NA,NA,NA,NA,NA,NA,NA,NA,NA,0.0%,NA,NA,@ SEA,27,·,0.3,-0.3
1,12499,Elic Ayomanor,WR,23.3,TEN,49.0,37,8.10,7.6,1,0,50,26,0,0.0%,0,0,0,0,0,0,0.00,0,0,0,0,0.00,0.00,1,11,0,0,1,3,0,11,11.0,3.7,0,0,0,11,0,0,0,52.0%,11,11.0,1,1,3,33.3%,1.0,-,-,0,NA,NA,NA,NA,0,NA,NA,-,-,0.0,NA,NA,NA,NA,NA,NA,19,0.58,0.000,0.158,9.4%,-,-,-,11,1.000,1.0,1300%,0.2,0,2,3,3,0,3.0,1,0.0%,NA,NA,NA,NA,NA,NA,NA,NA,NA,0.0%,NA,NA,vs NYJ,23,·,2.9,5.3
1,12498,Mason Taylor,TE,22.4,NYJ,53.0,61,1.80,0.8,1,1,67,44,0,0.0%,0,0,0,0,0,0,0.00,0,0,0,0,0.00,0.00,2,-2,0,0,0,3,0,-2,-1.0,-0.7,0,0,0,-2,0,0,0,65.7%,-2,-2.0,0,0,3,0.0%,0.0,-,-,0,NA,NA,NA,NA,0,NA,NA,-,-,0.0,NA,NA,NA,NA,NA,NA,18,-0.11,0.000,0.167,12.5%,-,-,-,-2,0.000,0.0,60%,0.0,0,0,0,0,0,3.0,2,0.0%,NA,NA,NA,NA,NA,NA,NA,NA,NA,0.0%,NA,NA,@ TEN,12,·,6.2,-4.4
1,13411,Zavion Thomas,WR,22.6,CHI,999.0,999,0.00,0,1,0,75,0,0,0.0%,0,0,0,0,0,0,0.00,0,0,0,0,0.00,0.00,0,0,0,0,0,0,0,0,0.0,0.0,0,0,0,0,0,0,0,0.0%,0,0.0,0,0,0,NA,0.0,-,-,0,NA,NA,NA,NA,0,NA,NA,-,-,0.0,NA,NA,NA,NA,NA,NA,NA,NA,NA,NA,NA,-,-,-,0,0.000,NA,NA,NA,NA,NA,NA,NA,NA,0.0,0,0.0%,NA,NA,NA,NA,NA,NA,NA,NA,NA,0.0%,NA,NA,@ CAR,9,·,3.2,-3.2
1,11643,Jaylen Wright,RB,23.5,MIA,77.0,77,-0.10,-0.1,1,0,56,4,0,0.0%,0,0,0,0,0,0,0.00,-1,0,0,0,0.00,0.00,0,0,0,0,0,0,0,0,0.0,0.0,1,0,0,-1,0,-1,-1,7.1%,-1,-1.0,0,0,1,0.0%,0.0,-,-,1,0,0,0.00,0.000,0,0.000,0.000,-,-,-1.0,0.0,0.0%,-4.0,-4.00,0.0,0.0,2,0.00,0.000,0.000,0.0%,-,-,-,0,0.000,NA,NA,NA,NA,NA,NA,NA,NA,0.0,0,0.0%,NA,NA,NA,NA,NA,NA,NA,NA,NA,0.0%,NA,NA,@ LV,30,·,2.6,-2.7
1,4199,Aaron Jones,RB,31.8,MIN,26.0,24,10.00,10,1,1,65,30,0,0.0%,0,0,0,0,0,0,0.00,40,0,0,0,0.00,0.00,0,0,1,0,0,1,0,0,0.0,0.0,12,0,2,40,1,40,3.33,46.2%,40,40.0,1,3,13,23.1%,3.0,-,-,12,23,1,1.90,0.083,3,0.250,0.273,-,-,40.0,0.0,0.0%,-1.0,-0.08,4.0,1.0,7,0.00,0.000,0.143,4.2%,-,-,-,0,0.000,NA,NA,NA,NA,NA,NA,NA,NA,1.0,0,0.0%,NA,NA,NA,NA,NA,NA,NA,NA,NA,0.0%,NA,NA,vs GB,14,·,9.0,1.1
1,7049,Jauan Jennings,WR,29.2,MIN,999.0,999,0.00,0,1,0,65,31,0,0.0%,0,0,0,0,0,0,0.00,0,0,0,0,0.00,0.00,0,0,0,0,0,1,0,0,0.0,0.0,0,0,0,0,0,0,0,47.7%,0,0.0,0,0,1,0.0%,0.0,-,-,0,NA,NA,NA,NA,0,NA,NA,-,-,0.0,NA,NA,NA,NA,NA,NA,17,0.00,0.000,0.059,4.2%,-,-,-,0,0.000,NA,2460%,0.1,NA,0,1,1,0,1.0,0,0.0%,NA,NA,NA,NA,NA,NA,NA,NA,NA,0.0%,NA,NA,vs GB,13,·,8.4,-8.4
1,7600,Pat Freiermuth,TE,27.9,PIT,6.0,6,15.60,13.1,1,1,67,49,0,0.0%,0,0,0,0,0,0,0.00,0,0,0,0,0.00,0.00,5,21,0,2,1,5,25,46,9.2,9.2,0,0,0,46,0,0,0,73.1%,46,46.0,1,3,5,60.0%,3.0,-,-,0,NA,NA,NA,NA,0,NA,NA,-,-,0.0,NA,NA,NA,NA,NA,NA,31,1.48,0.065,0.161,12.2%,-,-,-,46,3.000,0.6,540%,0.1,5,2,2,2,1,5.0,5,0.0%,NA,NA,NA,NA,NA,NA,NA,NA,NA,0.0%,NA,NA,vs ATL,7,·,7.0,8.6
1,13353,Chris Brazzell II,WR,22.9,CAR,999.0,999,0.00,0,0,0,0,0,0,0.0%,0,0,0,0,0,0,0.00,0,0,0,0,0.00,0.00,0,0,0,0,0,0,0,0,0.0,0.0,0,0,0,0,0,0,0,-,0,0.0,0,0,0,NA,0.0,-,-,NA,NA,NA,NA,NA,0,NA,NA,-,-,0.0,NA,NA,NA,NA,NA,NA,NA,NA,NA,NA,NA,-,-,-,0,0.000,NA,NA,NA,NA,NA,NA,NA,NA,NA,NA,0.0%,NA,NA,NA,NA,NA,NA,NA,NA,NA,0.0%,NA,NA,vs CHI,6,IR,IR,#VALUE!
1,1373,Geno Smith,QB,35.9,NYJ,29.0,29,9.30,9.3,1,1,67,67,1,79.2%,133,24,19,7,5,0,104.00,222,0,0,215,8.96,11.32,0,0,0,0,0,0,0,0,0.0,0.0,6,0,0,7,0,7,1.17,100.0%,222,222.0,0,7,30,23.3%,7.0,-,-,6,NA,NA,NA,NA,0,0.000,NA,-,-,7.0,0.0,0.0%,NA,NA,NA,NA,NA,NA,NA,NA,NA,-,-,-,0,0.000,NA,NA,NA,NA,NA,NA,NA,NA,0.0,0,700.0%,0.2916666667,304%,4.2%,0.333,6.7,2700.0%,+0.09,+5.30,0.2,21500.0%,33.3%,0,@ TEN,29,·,15.8,-6.5
1,6783,Jerry Jeudy,WR,27.4,CLE,76.0,74,4.60,3.6,1,1,51,32,0,0.0%,0,0,0,0,0,0,0.00,0,0,0,0,0.00,0.00,2,17,0,1,0,4,9,26,13.0,6.5,0,0,0,26,0,0,0,62.7%,26,26.0,0,1,4,25.0%,1.0,-,-,0,NA,NA,NA,NA,0,NA,NA,-,-,0.0,NA,NA,NA,NA,NA,NA,22,1.18,0.045,0.182,18.2%,-,-,-,26,1.000,0.5,1140%,0.2,5,0,3,1,0,4.0,2,0.0%,NA,NA,NA,NA,NA,NA,NA,NA,NA,0.0%,NA,NA,@ JAX,18,·,6.6,-2.0
1,8111,Cade Otton,TE,27.4,TB,26.0,27,5.60,4.1,1,1,57,56,0,0.0%,0,0,0,0,0,0,0.00,0,0,0,0,0.00,0.00,3,-1,1,3,0,5,27,26,8.7,5.2,0,0,0,26,0,0,0,98.2%,26,26.0,0,3,5,60.0%,3.0,-,-,0,NA,NA,NA,NA,0,NA,NA,-,-,0.0,NA,NA,NA,NA,NA,NA,30,0.87,0.100,0.167,17.9%,-,-,-,26,3.000,1.0,480%,0.2,9,2,1,4,0,5.0,3,0.0%,NA,NA,NA,NA,NA,NA,NA,NA,NA,0.0%,NA,NA,@ CIN,29,·,8.2,-2.6
1,11655,Tyrone Tracy,RB,26.8,NYG,78.0,78,-0.60,-0.6,1,0,69,2,1,0.0%,0,0,0,0,0,0,0.00,14,0,0,0,0.00,0.00,0,0,0,0,0,0,0,0,0.0,0.0,2,0,1,14,0,14,7,2.9%,14,14.0,0,1,2,50.0%,1.0,-,-,2,6,1,3.20,0.500,1,0.500,0.820,-,-,14.0,0.0,0.0%,3.0,1.50,0.0,0.0,0,NA,NA,NA,0.0%,-,-,-,0,0.000,NA,NA,NA,NA,NA,NA,NA,NA,0.0,0,0.0%,NA,NA,NA,NA,NA,NA,NA,NA,NA,0.0%,NA,NA,vs DAL,9,Q,6.1,-6.7
1,13278,Max Klare,TE,23.2,LAR,0.0,0,0.00,0,0,0,0,0,0,0.0%,0,0,0,0,0,0,0.00,0,0,0,0,0.00,0.00,0,0,0,0,0,0,0,0,0.0,0.0,0,0,0,0,0,0,0,-,0,0.0,0,0,0,NA,0.0,-,-,NA,NA,NA,NA,NA,0,NA,NA,-,-,0.0,NA,NA,NA,NA,NA,NA,NA,NA,NA,NA,NA,-,-,-,0,0.000,NA,NA,NA,NA,NA,NA,NA,NA,NA,NA,0.0%,NA,NA,NA,NA,NA,NA,NA,NA,NA,0.0%,NA,NA,vs SF,30,·,·,#VALUE!
1,9501,Demario Douglas,WR,25.8,NE,57.0,64,7.00,4.5,1,0,71,44,0,0.0%,0,0,0,0,0,0,0.00,0,0,0,0,0.00,0.00,5,-1,0,2,0,7,21,20,4.0,2.9,0,0,0,20,0,0,0,62.0%,20,20.0,0,2,7,28.6%,2.0,-,-,0,NA,NA,NA,NA,0,NA,NA,-,-,0.0,NA,NA,NA,NA,NA,NA,33,0.61,0.061,0.212,21.2%,-,-,-,20,2.000,0.4,580%,0.2,4,0,2,4,0,7.0,5,0.0%,NA,NA,NA,NA,NA,NA,NA,NA,NA,0.0%,NA,NA,@ SEA,27,·,6.5,0.5
1,11647,Kimani Vidal,RB,25.0,LAC,999.0,999,0.00,0,1,0,55,4,0,0.0%,0,0,0,0,0,0,0.00,0,0,0,0,0.00,0.00,0,0,0,0,0,0,0,0,0.0,0.0,0,0,0,0,0,0,0,7.3%,0,0.0,0,0,0,NA,0.0,-,-,0,0,0,0.00,NA,0,NA,NA,-,-,0.0,0.0,NA,0.0,NA,0.0,0.0,3,0.00,0.000,0.000,0.0%,-,-,-,0,0.000,NA,NA,NA,NA,NA,NA,NA,NA,0.0,0,0.0%,NA,NA,NA,NA,NA,NA,NA,NA,NA,0.0%,NA,NA,vs ARI,28,·,1.4,-1.4
1,13319,Oscar Delp,TE,23.1,NO,0.0,0,0.00,0,0,0,0,0,0,0.0%,0,0,0,0,0,0,0.00,0,0,0,0,0.00,0.00,0,0,0,0,0,0,0,0,0.0,0.0,0,0,0,0,0,0,0,-,0,0.0,0,0,0,NA,0.0,-,-,NA,NA,NA,NA,NA,0,NA,NA,-,-,0.0,NA,NA,NA,NA,NA,NA,NA,NA,NA,NA,NA,-,-,-,0,0.000,NA,NA,NA,NA,NA,NA,NA,NA,NA,NA,0.0%,NA,NA,NA,NA,NA,NA,NA,NA,NA,0.0%,NA,NA,@ DET,2,Q,Q,#VALUE!
1,13302,Adam Randall,RB,22.2,BAL,999.0,999,0.00,0,0,0,0,0,0,0.0%,0,0,0,0,0,0,0.00,0,0,0,0,0.00,0.00,0,0,0,0,0,0,0,0,0.0,0.0,0,0,0,0,0,0,0,-,0,0.0,0,0,0,NA,0.0,-,-,NA,NA,NA,NA,NA,0,NA,NA,-,-,0.0,NA,NA,NA,NA,NA,NA,NA,NA,NA,NA,NA,-,-,-,0,0.000,NA,NA,NA,NA,NA,NA,NA,NA,NA,NA,0.0%,NA,NA,NA,NA,NA,NA,NA,NA,NA,0.0%,NA,NA,@ IND,3,IR,IR,#VALUE!
1,12510,Jalen Milroe,QB,23.8,SEA,0.0,0,0.00,0,0,0,0,0,0,0.0%,0,0,0,0,0,0,0.00,0,0,0,0,0.00,0.00,0,0,0,0,0,0,0,0,0.0,0.0,0,0,0,0,0,0,0,-,0,0.0,0,0,0,NA,0.0,-,-,NA,NA,NA,NA,NA,0,NA,NA,-,-,0.0,NA,NA,NA,NA,NA,NA,NA,NA,NA,NA,NA,-,-,-,0,0.000,NA,NA,NA,NA,NA,NA,NA,NA,NA,NA,0.0%,NA,NA,NA,NA,NA,NA,NA,NA,NA,0.0%,NA,NA,vs NE,23,·,·,#VALUE!
1,13303,Cade Klubnik,QB,22.9,NYJ,999.0,999,0.00,0,0,0,67,0,0,0.0%,0,0,0,0,0,0,0.00,0,0,0,0,0.00,0.00,0,0,0,0,0,0,0,0,0.0,0.0,0,0,0,0,0,0,0,0.0%,0,0.0,0,0,0,NA,0.0,-,-,NA,NA,NA,NA,NA,0,NA,NA,-,-,0.0,NA,NA,NA,NA,NA,NA,NA,NA,NA,NA,NA,-,-,-,0,0.000,NA,NA,NA,NA,NA,NA,NA,NA,NA,NA,0.0%,NA,NA,NA,NA,NA,NA,NA,NA,NA,0.0%,NA,NA,@ TEN,29,·,·,#VALUE!
1,11783,Ryan Flournoy,WR,26.9,DAL,79.0,81,4.20,3.2,1,1,58,41,0,0.0%,0,0,0,0,0,0,0.00,0,0,0,0,0.00,0.00,2,11,0,1,0,4,11,22,11.0,5.5,0,0,0,22,0,0,0,70.7%,22,22.0,0,1,4,25.0%,1.0,-,-,0,NA,NA,NA,NA,0,NA,NA,-,-,0.0,NA,NA,NA,NA,NA,NA,25,0.88,0.040,0.160,11.8%,-,-,-,22,1.000,0.5,570%,0.1,6,0,1,2,0,4.0,2,0.0%,NA,NA,NA,NA,NA,NA,NA,NA,NA,0.0%,NA,NA,@ NYG,15,·,6.9,-2.7
1,12467,Jordan James,RB,22.5,SF,0.0,0,0.00,0,0,0,0,0,0,0.0%,0,0,0,0,0,0,0.00,0,0,0,0,0.00,0.00,0,0,0,0,0,0,0,0,0.0,0.0,0,0,0,0,0,0,0,-,0,0.0,0,0,0,NA,0.0,-,-,NA,NA,NA,NA,NA,0,NA,NA,-,-,0.0,NA,NA,NA,NA,NA,NA,NA,NA,NA,NA,NA,-,-,-,0,0.000,NA,NA,NA,NA,NA,NA,NA,NA,NA,NA,0.0%,NA,NA,NA,NA,NA,NA,NA,NA,NA,0.0%,NA,NA,@ LAR,19,·,·,#VALUE!
1,12495,Ollie Gordon,RB,22.7,MIA,999.0,999,0.00,0,1,0,56,4,0,0.0%,0,0,0,0,0,0,0.00,0,0,0,0,0.00,0.00,0,0,0,0,0,0,0,0,0.0,0.0,0,0,0,0,0,0,0,7.1%,0,0.0,0,0,0,NA,0.0,-,-,0,0,0,0.00,NA,0,NA,NA,-,-,0.0,0.0,NA,0.0,NA,0.0,0.0,1,0.00,0.000,0.000,0.0%,-,-,-,0,0.000,NA,NA,NA,NA,NA,NA,NA,NA,0.0,0,0.0%,NA,NA,NA,NA,NA,NA,NA,NA,NA,0.0%,NA,NA,@ LV,30,·,2.4,-2.4
1,6768,Tua Tagovailoa,QB,28.5,ATL,0.0,0,0.00,0,0,0,0,0,0,0.0%,0,0,0,0,0,0,0.00,0,0,0,0,0.00,0.00,0,0,0,0,0,0,0,0,0.0,0.0,0,0,0,0,0,0,0,-,0,0.0,0,0,0,NA,0.0,-,-,NA,NA,NA,NA,NA,0,NA,NA,-,-,0.0,NA,NA,NA,NA,NA,NA,NA,NA,NA,NA,NA,-,-,-,0,0.000,NA,NA,NA,NA,NA,NA,NA,NA,NA,NA,0.0%,NA,NA,NA,NA,NA,NA,NA,NA,NA,0.0%,NA,NA,@ PIT,30,Q,Q,#VALUE!
1,11565,J.J. McCarthy,QB,23.6,MIN,0.0,0,0.00,0,0,0,0,0,0,0.0%,0,0,0,0,0,0,0.00,0,0,0,0,0.00,0.00,0,0,0,0,0,0,0,0,0.0,0.0,0,0,0,0,0,0,0,-,0,0.0,0,0,0,NA,0.0,-,-,NA,NA,NA,NA,NA,0,NA,NA,-,-,0.0,NA,NA,NA,NA,NA,NA,NA,NA,NA,NA,NA,-,-,-,0,0.000,NA,NA,NA,NA,NA,NA,NA,NA,NA,NA,0.0%,NA,NA,NA,NA,NA,NA,NA,NA,NA,0.0%,NA,NA,vs GB,12,·,·,#VALUE!
1,4033,David Njoku,TE,30.2,LAC,13.0,16,10.80,8.3,1,0,55,30,0,0.0%,0,0,0,0,0,0,0.00,0,0,0,0,0.00,0.00,5,28,0,3,0,5,30,58,11.6,11.6,0,0,0,58,0,0,0,54.5%,58,58.0,0,3,5,60.0%,3.0,-,-,0,NA,NA,NA,NA,0,NA,NA,-,-,0.0,NA,NA,NA,NA,NA,NA,16,3.63,0.188,0.313,18.5%,-,-,-,58,3.000,0.6,510%,0.1,6,1,2,2,0,5.0,5,0.0%,NA,NA,NA,NA,NA,NA,NA,NA,NA,0.0%,NA,NA,vs ARI,11,·,4.0,6.9
1,9506,Sean Tucker,RB,24.9,TB,0.0,0,0.00,0,0,0,0,0,0,0.0%,0,0,0,0,0,0,0.00,0,0,0,0,0.00,0.00,0,0,0,0,0,0,0,0,0.0,0.0,0,0,0,0,0,0,0,-,0,0.0,0,0,0,NA,0.0,-,-,NA,NA,NA,NA,NA,0,NA,NA,-,-,0.0,NA,NA,NA,NA,NA,NA,NA,NA,NA,NA,NA,-,-,-,0,0.000,NA,NA,NA,NA,NA,NA,NA,NA,NA,NA,0.0%,NA,NA,NA,NA,NA,NA,NA,NA,NA,0.0%,NA,NA,@ CIN,18,Q,Q,#VALUE!
1,12540,Chimere Dike,WR,24.8,TEN,108.0,109,-0.30,-0.8,1,0,50,4,1,0.0%,0,0,0,0,0,0,0.00,0,0,0,0,0.00,0.00,1,3,0,0,0,1,4,7,7.0,7.0,0,0,0,7,0,0,0,8.0%,7,7.0,0,0,1,0.0%,0.0,-,-,0,NA,NA,NA,NA,0,NA,NA,-,-,0.0,NA,NA,NA,NA,NA,NA,3,2.33,0.000,0.333,3.1%,-,-,-,7,0.000,0.0,170%,0.0,4,0,0,0,0,1.0,1,0.0%,NA,NA,NA,NA,NA,NA,NA,NA,NA,0.0%,NA,NA,vs NYJ,23,·,3.2,-3.5
1,1166,Kirk Cousins,QB,38.1,LV,18.0,18,15.80,15.8,1,1,68,68,0,70.0%,90,30,21,7,9,2,88.20,154,0,3,160,5.33,7.62,0,0,0,0,0,0,0,0,0.0,0.0,5,0,0,-6,0,-6,-1.2,100.0%,154,154.0,3,10,35,28.6%,10.0,-,-,5,NA,NA,NA,NA,0,0.000,NA,-,-,-6.0,0.0,0.0%,NA,NA,NA,NA,NA,NA,NA,NA,NA,-,-,-,0,0.000,NA,NA,NA,NA,NA,NA,NA,NA,0.0,0,1000.0%,0.3333333333,290%,6.7%,0.323,7.6,3100.0%,+0.04,+1.60,0.1,16000.0%,32.3%,0,vs MIA,18,·,15.7,0.1
1,9494,Marvin Mims,WR,24.5,DEN,999.0,999,0.00,0,1,1,51,9,0,0.0%,0,0,0,0,0,0,0.00,0,0,0,0,0.00,0.00,0,0,0,0,0,0,0,0,0.0,0.0,0,0,0,0,0,0,0,17.6%,0,0.0,0,0,0,NA,0.0,-,-,0,NA,NA,NA,NA,0,NA,NA,-,-,0.0,NA,NA,NA,NA,NA,NA,6,0.00,0.000,0.000,0.0%,-,-,-,0,0.000,NA,0%,0.0,NA,0,0,0,0,0.0,0,0.0%,NA,NA,NA,NA,NA,NA,NA,NA,NA,0.0%,NA,NA,@ KC,31,·,4.8,-4.8
1,11575,Ray Davis,RB,26.8,BUF,73.0,73,0.30,0.3,1,0,58,5,0,0.0%,0,0,0,0,0,0,0.00,3,0,0,0,0.00,0.00,0,0,0,0,0,0,0,0,0.0,0.0,1,0,0,3,0,3,3,8.6%,3,3.0,0,0,1,0.0%,0.0,-,-,1,3,0,3.00,0.000,0,0.000,0.300,-,-,3.0,0.0,0.0%,-1.0,-1.00,0.0,0.0,3,0.00,0.000,0.000,0.0%,-,-,-,0,0.000,NA,NA,NA,NA,NA,NA,NA,NA,0.0,0,0.0%,NA,NA,NA,NA,NA,NA,NA,NA,NA,0.0%,NA,NA,@ HOU,29,·,5.0,-4.7
1,8800,Malik Davis,RB,27.8,DAL,999.0,999,0.00,0,0,0,0,0,0,0.0%,0,0,0,0,0,0,0.00,0,0,0,0,0.00,0.00,0,0,0,0,0,0,0,0,0.0,0.0,0,0,0,0,0,0,0,-,0,0.0,0,0,0,NA,0.0,-,-,NA,NA,NA,NA,NA,0,NA,NA,-,-,0.0,NA,NA,NA,NA,NA,NA,NA,NA,NA,NA,NA,-,-,-,0,0.000,NA,NA,NA,NA,NA,NA,NA,NA,NA,NA,0.0%,NA,NA,NA,NA,NA,NA,NA,NA,NA,0.0%,NA,NA,@ NYG,11,IR,IR,#VALUE!
1,7571,Rashod Bateman,WR,26.8,BAL,999.0,999,0.00,0,1,1,68,53,0,0.0%,0,0,0,0,0,0,0.00,0,0,0,0,0.00,0.00,0,0,0,0,0,1,0,0,0.0,0.0,0,0,0,0,0,0,0,77.9%,0,0.0,0,0,1,0.0%,0.0,-,-,0,NA,NA,NA,NA,0,NA,NA,-,-,0.0,NA,NA,NA,NA,NA,NA,26,0.00,0.000,0.038,4.0%,-,-,-,0,0.000,NA,1650%,0.1,NA,0,1,0,0,1.0,0,0.0%,NA,NA,NA,NA,NA,NA,NA,NA,NA,0.0%,NA,NA,@ IND,7,·,7.9,-7.9
1,11834,Devaughn Vele,WR,28.8,NO,10.0,12,19.90,16.4,1,1,90,82,0,0.0%,0,0,0,0,0,0,0.00,0,0,0,0,0.00,0.00,7,51,1,2,1,9,18,69,9.9,7.7,0,0,0,69,0,0,0,91.1%,69,69.0,1,3,9,33.3%,3.0,-,-,0,NA,NA,NA,NA,0,NA,NA,-,-,0.0,NA,NA,NA,NA,NA,NA,53,1.30,0.038,0.170,16.1%,-,-,-,69,3.000,0.4,710%,0.1,3,1,1,7,1,9.0,7,0.0%,NA,NA,NA,NA,NA,NA,NA,NA,NA,0.0%,NA,NA,@ DET,2,·,9.8,10.1
1,12485,Tez Johnson,WR,24.3,TB,109.0,108,-0.40,-0.4,1,0,57,13,0,0.0%,0,0,0,0,0,0,0.00,-4,0,0,0,0.00,0.00,0,0,0,0,0,1,0,0,0.0,0.0,1,0,0,-4,0,-4,-4,22.8%,-4,-4.0,0,0,2,0.0%,0.0,-,-,1,NA,NA,NA,NA,0,0.000,NA,-,-,-4.0,NA,NA,NA,NA,NA,NA,6,0.00,0.000,0.167,3.6%,-,-,-,0,0.000,NA,1600%,0.1,NA,1,1,0,1,1.0,0,0.0%,NA,NA,NA,NA,NA,NA,NA,NA,NA,0.0%,NA,NA,@ CIN,20,·,5.5,-5.9
1,9229,Anthony Richardson,QB,24.3,IND,999.0,999,0.00,0,0,0,54,0,0,0.0%,0,0,0,0,0,0,0.00,0,0,0,0,0.00,0.00,0,0,0,0,0,0,0,0,0.0,0.0,0,0,0,0,0,0,0,0.0%,0,0.0,0,0,0,NA,0.0,-,-,NA,NA,NA,NA,NA,0,NA,NA,-,-,0.0,NA,NA,NA,NA,NA,NA,NA,NA,NA,NA,NA,-,-,-,0,0.000,NA,NA,NA,NA,NA,NA,NA,NA,NA,NA,0.0%,NA,NA,NA,NA,NA,NA,NA,NA,NA,0.0%,NA,NA,vs BAL,28,·,·,#VALUE!
1,13338,Kevin Coleman,WR,23.0,MIA,999.0,999,0.00,0,1,0,56,16,0,0.0%,0,0,0,0,0,0,0.00,0,0,0,0,0.00,0.00,0,0,0,0,0,2,0,0,0.0,0.0,0,0,0,0,0,0,0,28.6%,0,0.0,0,0,2,0.0%,0.0,-,-,0,NA,NA,NA,NA,0,NA,NA,-,-,0.0,NA,NA,NA,NA,NA,NA,13,0.00,0.000,0.154,7.4%,-,-,-,0,0.000,NA,1280%,0.1,NA,0,2,1,0,2.0,0,0.0%,NA,NA,NA,NA,NA,NA,NA,NA,NA,0.0%,NA,NA,@ LV,21,·,2.7,-2.7
1,10218,Xavier Hutchinson,WR,26.3,HOU,62.0,62,6.20,4.7,1,0,79,44,0,0.0%,0,0,0,0,0,0,0.00,0,0,0,0,0.00,0.00,3,11,0,1,0,6,21,32,10.7,5.3,0,0,0,32,0,0,0,55.7%,32,32.0,0,1,6,16.7%,1.0,-,-,0,NA,NA,NA,NA,0,NA,NA,-,-,0.0,NA,NA,NA,NA,NA,NA,29,1.10,0.034,0.207,15.8%,-,-,-,32,1.000,0.3,870%,0.2,7,0,2,4,0,6.0,3,0.0%,NA,NA,NA,NA,NA,NA,NA,NA,NA,0.0%,NA,NA,vs BUF,8,·,3.9,2.3
1,12544,LeQuint Allen,RB,22.1,JAX,999.0,999,0.00,0,1,0,57,1,0,0.0%,0,0,0,0,0,0,0.00,0,0,0,0,0.00,0.00,0,0,0,0,0,0,0,0,0.0,0.0,0,0,0,0,0,0,0,1.8%,0,0.0,0,0,0,NA,0.0,-,-,0,0,0,0.00,NA,0,NA,NA,-,-,0.0,0.0,NA,0.0,NA,0.0,0.0,1,0.00,0.000,0.000,0.0%,-,-,-,0,0.000,NA,NA,NA,NA,NA,NA,NA,NA,0.0,0,0.0%,NA,NA,NA,NA,NA,NA,NA,NA,NA,0.0%,NA,NA,vs CLE,21,·,2.7,-2.7
1,12641,Jaylin Lane,WR,24.4,WAS,101.0,102,1.40,0.9,1,0,70,18,0,0.0%,0,0,0,0,0,0,0.00,0,0,0,0,0.00,0.00,1,4,0,0,0,1,0,4,4.0,4.0,0,0,0,4,0,0,0,25.7%,4,4.0,0,0,1,0.0%,0.0,-,-,0,NA,NA,NA,NA,0,NA,NA,-,-,0.0,NA,NA,NA,NA,NA,NA,7,0.57,0.000,0.143,2.9%,-,-,-,4,0.000,0.0,390%,0.0,0,0,0,1,0,1.0,1,0.0%,NA,NA,NA,NA,NA,NA,NA,NA,NA,0.0%,NA,NA,@ PHI,10,·,1.9,-0.5
1,6826,Cole Kmet,TE,27.5,CHI,11.0,11,11.50,10.5,1,0,75,43,0,0.0%,0,0,0,0,0,0,0.00,0,0,0,0,0.00,0.00,2,27,0,1,1,3,8,35,17.5,11.7,0,0,0,35,0,0,0,57.3%,35,35.0,1,2,3,66.7%,2.0,-,-,0,NA,NA,NA,NA,0,NA,NA,-,-,0.0,NA,NA,NA,NA,NA,NA,19,1.84,0.053,0.158,10.3%,-,-,-,35,2.000,1.0,1570%,0.2,4,0,2,1,1,3.0,2,0.0%,NA,NA,NA,NA,NA,NA,NA,NA,NA,0.0%,NA,NA,@ CAR,16,·,4.4,7.1
1,13420,Bryce Lance,WR,24.1,NO,55.0,57,7.20,5.7,1,0,90,62,0,0.0%,0,0,0,0,0,0,0.00,0,0,0,0,0.00,0.00,3,35,0,2,0,4,7,42,14.0,10.5,0,0,0,42,0,0,0,68.9%,42,42.0,0,2,4,50.0%,2.0,-,-,0,NA,NA,NA,NA,0,NA,NA,-,-,0.0,NA,NA,NA,NA,NA,NA,42,1.00,0.048,0.095,5.4%,-,-,-,42,2.000,0.7,1190%,0.1,2,0,2,0,0,4.0,3,0.0%,NA,NA,NA,NA,NA,NA,NA,NA,NA,0.0%,NA,NA,@ DET,2,·,2.7,4.5
1,12048,George Holani,RB,26.8,SEA,56.0,55,2.90,2.9,1,0,50,23,0,0.0%,0,0,0,0,0,0,0.00,29,0,0,0,0.00,0.00,0,0,0,0,0,1,0,0,0.0,0.0,8,0,0,29,0,29,3.63,46.0%,29,29.0,0,0,9,0.0%,0.0,-,-,8,23,3,2.90,0.375,0,0.000,0.665,-,-,29.0,0.0,0.0%,-12.0,-1.50,2.0,0.0,7,0.00,0.000,0.143,4.2%,-,-,-,0,0.000,NA,NA,NA,NA,NA,NA,NA,NA,1.0,0,0.0%,NA,NA,NA,NA,NA,NA,NA,NA,NA,0.0%,NA,NA,vs NE,26,·,5.6,-2.7
1,13425,Jalon Daniels,QB,23.9,TB,999.0,999,0.00,0,0,0,57,0,0,0.0%,0,0,0,0,0,0,0.00,0,0,0,0,0.00,0.00,0,0,0,0,0,0,0,0,0.0,0.0,0,0,0,0,0,0,0,0.0%,0,0.0,0,0,0,NA,0.0,-,-,NA,NA,NA,NA,NA,0,NA,NA,-,-,0.0,NA,NA,NA,NA,NA,NA,NA,NA,NA,NA,NA,-,-,-,0,0.000,NA,NA,NA,NA,NA,NA,NA,NA,NA,NA,0.0%,NA,NA,NA,NA,NA,NA,NA,NA,NA,0.0%,NA,NA,@ CIN,27,·,·,#VALUE!
1,6865,Colby Parkinson,TE,27.7,LAR,56.0,55,1.60,1.1,1,1,61,47,0,0.0%,0,0,0,0,0,0,0.00,0,0,0,0,0.00,0.00,1,2,0,0,0,2,4,6,6.0,3.0,0,0,0,6,0,0,0,77.0%,6,6.0,0,0,2,0.0%,0.0,-,-,0,NA,NA,NA,NA,0,NA,NA,-,-,0.0,NA,NA,NA,NA,NA,NA,17,0.35,0.000,0.118,7.1%,-,-,-,6,0.000,0.0,520%,0.0,4,1,0,0,0,2.0,1,0.0%,NA,NA,NA,NA,NA,NA,NA,NA,NA,0.0%,NA,NA,vs SF,30,·,5.6,-4.0
1,11597,Theo Johnson,TE,25.6,NYG,50.0,50,1.90,1.4,1,0,69,32,0,0.0%,0,0,0,0,0,0,0.00,0,0,0,0,0.00,0.00,1,2,0,0,0,1,7,9,9.0,9.0,0,0,0,9,0,0,0,46.4%,9,9.0,0,0,1,0.0%,0.0,-,-,0,NA,NA,NA,NA,0,NA,NA,-,-,0.0,NA,NA,NA,NA,NA,NA,14,0.64,0.000,0.071,3.4%,-,-,-,9,0.000,0.0,130%,0.0,7,0,0,0,0,1.0,1,0.0%,NA,NA,NA,NA,NA,NA,NA,NA,NA,0.0%,NA,NA,vs DAL,1,·,4.3,-2.4
1,13424,Seth McGowan,RB,24.9,IND,68.0,71,1.00,0.5,1,0,54,6,0,0.0%,0,0,0,0,0,0,0.00,0,0,0,0,0.00,0.00,1,-2,0,0,0,1,2,0,0.0,0.0,0,0,0,0,0,0,0,11.1%,0,0.0,0,0,1,0.0%,0.0,-,-,0,0,0,0.00,NA,0,NA,NA,-,-,0.0,0.0,NA,0.0,NA,0.0,0.0,4,0.00,0.000,0.250,3.2%,-,-,-,0,0.000,0.0,NA,NA,2,NA,NA,NA,NA,1.0,1,0.0%,NA,NA,NA,NA,NA,NA,NA,NA,NA,0.0%,NA,NA,vs BAL,10,·,2.2,-1.2
1,96,Aaron Rodgers,QB,42.8,PIT,25.0,25,12.54,12.54,1,1,67,67,0,60.0%,100,40,24,9,16,0,83.40,218,2,1,221,5.53,9.21,0,0,0,0,0,0,0,0,0.0,0.0,3,0,0,-3,0,-3,-1,100.0%,218,218.0,1,10,43,23.3%,10.0,-,-,3,NA,NA,NA,NA,0,0.000,NA,-,-,-3.0,0.0,0.0%,NA,NA,NA,NA,NA,NA,NA,NA,NA,-,-,-,0,0.000,NA,NA,NA,NA,NA,NA,NA,NA,0.0,0,1000.0%,0.25,295%,17.5%,0.31,9.5,4200.0%,-0.01,-15.00,-0.4,22100.0%,11.9%,1,vs ATL,25,·,15.0,-2.4
1,8205,Isiah Pacheco,RB,27.5,DET,999.0,999,0.00,0,0,0,0,0,0,0.0%,0,0,0,0,0,0,0.00,0,0,0,0,0.00,0.00,0,0,0,0,0,0,0,0,0.0,0.0,0,0,0,0,0,0,0,-,0,0.0,0,0,0,NA,0.0,-,-,NA,NA,NA,NA,NA,0,NA,NA,-,-,0.0,NA,NA,NA,NA,NA,NA,NA,NA,NA,NA,NA,-,-,-,0,0.000,NA,NA,NA,NA,NA,NA,NA,NA,NA,NA,0.0%,NA,NA,NA,NA,NA,NA,NA,NA,NA,0.0%,NA,NA,vs NO,5,IR,IR,#VALUE!
1,12503,Isaiah Bond,WR,22.5,CLE,999.0,999,0.00,0,1,0,51,7,0,0.0%,0,0,0,0,0,0,0.00,0,0,0,0,0.00,0.00,0,0,0,0,0,0,0,0,0.0,0.0,0,0,0,0,0,0,0,13.7%,0,0.0,0,0,0,NA,0.0,-,-,0,NA,NA,NA,NA,0,NA,NA,-,-,0.0,NA,NA,NA,NA,NA,NA,4,0.00,0.000,0.000,0.0%,-,-,-,0,0.000,NA,0%,0.0,NA,0,0,0,0,0.0,0,0.0%,NA,NA,NA,NA,NA,NA,NA,NA,NA,0.0%,NA,NA,@ JAX,18,·,1.9,-1.9
1,8698,Jake Tonges,TE,27.2,SF,999.0,999,0.00,0,1,0,65,8,0,0.0%,0,0,0,0,0,0,0.00,0,0,0,0,0.00,0.00,0,0,0,0,0,0,0,0,0.0,0.0,0,0,0,0,0,0,0,12.3%,0,0.0,0,0,0,NA,0.0,-,-,0,NA,NA,NA,NA,0,NA,NA,-,-,0.0,NA,NA,NA,NA,NA,NA,5,0.00,0.000,0.000,0.0%,-,-,-,0,0.000,NA,0%,0.0,NA,0,0,0,0,0.0,0,0.0%,NA,NA,NA,NA,NA,NA,NA,NA,NA,0.0%,NA,NA,@ LAR,26,IR,2.2,-2.2
1,12531,Trevor Etienne,RB,22.2,CAR,999.0,999,0.00,0,0,0,0,0,0,0.0%,0,0,0,0,0,0,0.00,0,0,0,0,0.00,0.00,0,0,0,0,0,0,0,0,0.0,0.0,0,0,0,0,0,0,0,-,0,0.0,0,0,0,NA,0.0,-,-,NA,NA,NA,NA,NA,0,NA,NA,-,-,0.0,NA,NA,NA,NA,NA,NA,NA,NA,NA,NA,NA,-,-,-,0,0.000,NA,NA,NA,NA,NA,NA,NA,NA,NA,NA,0.0%,NA,NA,NA,NA,NA,NA,NA,NA,NA,0.0%,NA,NA,vs CHI,7,IR,IR,#VALUE!
1,9757,Kendre Miller,RB,24.3,NO,31.0,26,9.00,9,1,0,90,26,0,0.0%,0,0,0,0,0,0,0.00,30,0,0,0,0.00,0.00,0,0,0,0,0,0,0,0,0.0,0.0,9,0,1,30,1,30,3.33,28.9%,30,30.0,1,2,9,22.2%,2.0,-,-,9,25,2,2.80,0.222,2,0.222,0.502,-,-,30.0,0.0,0.0%,-7.0,-0.78,2.0,2.0,4,0.00,0.000,0.000,0.0%,-,-,-,0,0.000,NA,NA,NA,NA,NA,NA,NA,NA,0.0,0,0.0%,NA,NA,NA,NA,NA,NA,NA,NA,NA,0.0%,NA,NA,@ DET,16,·,4.1,4.9
1,11571,Isaiah Davis,RB,24.6,NYJ,999.0,999,0.00,0,1,0,67,0,0,0.0%,0,0,0,0,0,0,0.00,0,0,0,0,0.00,0.00,0,0,0,0,0,0,0,0,0.0,0.0,0,0,0,0,0,0,0,0.0%,0,0.0,0,0,0,NA,0.0,-,-,0,NA,NA,NA,NA,0,NA,NA,-,-,0.0,NA,NA,NA,NA,NA,NA,NA,NA,NA,NA,NA,-,-,-,0,0.000,NA,NA,NA,NA,NA,NA,NA,NA,0.0,0,0.0%,NA,NA,NA,NA,NA,NA,NA,NA,NA,0.0%,NA,NA,@ TEN,12,·,5.3,-5.3
1,4035,Alvin Kamara,RB,31.1,NO,0.0,0,0.00,0,0,0,0,0,0,0.0%,0,0,0,0,0,0,0.00,0,0,0,0,0.00,0.00,0,0,0,0,0,0,0,0,0.0,0.0,0,0,0,0,0,0,0,-,0,0.0,0,0,0,NA,0.0,-,-,NA,NA,NA,NA,NA,0,NA,NA,-,-,0.0,NA,NA,NA,NA,NA,NA,NA,NA,NA,NA,NA,-,-,-,0,0.000,NA,NA,NA,NA,NA,NA,NA,NA,NA,NA,0.0%,NA,NA,NA,NA,NA,NA,NA,NA,NA,0.0%,NA,NA,@ DET,16,Q,Q,#VALUE!
1,9479,Darnell Washington,TE,25.1,PIT,34.0,34,3.80,2.8,1,1,67,43,0,0.0%,0,0,0,0,0,0,0.00,0,0,0,0,0.00,0.00,2,6,0,1,0,2,12,18,9.0,9.0,0,0,0,18,0,0,0,64.2%,18,18.0,0,1,2,50.0%,1.0,-,-,0,NA,NA,NA,NA,0,NA,NA,-,-,0.0,NA,NA,NA,NA,NA,NA,15,1.20,0.067,0.133,4.9%,-,-,-,18,1.000,0.5,230%,0.0,6,0,0,0,0,2.0,2,0.0%,NA,NA,NA,NA,NA,NA,NA,NA,NA,0.0%,NA,NA,vs ATL,7,·,4.4,-0.6
1,13533,Barion Brown,WR,22.8,NO,107.0,107,0.30,0.3,1,1,90,7,0,0.0%,0,0,0,0,0,0,0.00,3,0,0,0,0.00,0.00,0,0,0,0,0,0,0,0,0.0,0.0,1,0,0,3,0,3,3,7.8%,3,3.0,0,0,1,0.0%,0.0,-,-,1,NA,NA,NA,NA,0,0.000,NA,-,-,3.0,NA,NA,NA,NA,NA,NA,2,0.00,0.000,0.000,0.0%,-,-,-,0,0.000,NA,0%,0.0,NA,0,0,0,0,0.0,0,0.0%,NA,NA,NA,NA,NA,NA,NA,NA,NA,0.0%,NA,NA,@ DET,2,·,3.2,-2.9
1,13380,Brenen Thompson,WR,23.1,LAC,999.0,999,0.00,0,1,0,55,10,0,0.0%,0,0,0,0,0,0,0.00,0,0,0,0,0.00,0.00,0,0,0,0,0,0,0,0,0.0,0.0,0,0,0,0,0,0,0,18.2%,0,0.0,0,0,0,NA,0.0,-,-,0,NA,NA,NA,NA,0,NA,NA,-,-,0.0,NA,NA,NA,NA,NA,NA,8,0.00,0.000,0.000,0.0%,-,-,-,0,0.000,NA,0%,0.0,NA,0,0,0,0,0.0,0,0.0%,NA,NA,NA,NA,NA,NA,NA,NA,NA,0.0%,NA,NA,vs ARI,17,·,1.3,-1.3
1,12471,DJ Giddens,RB,23.0,IND,0.0,0,0.00,0,0,0,0,0,0,0.0%,0,0,0,0,0,0,0.00,0,0,0,0,0.00,0.00,0,0,0,0,0,0,0,0,0.0,0.0,0,0,0,0,0,0,0,-,0,0.0,0,0,0,NA,0.0,-,-,NA,NA,NA,NA,NA,0,NA,NA,-,-,0.0,NA,NA,NA,NA,NA,NA,NA,NA,NA,NA,NA,-,-,-,0,0.000,NA,NA,NA,NA,NA,NA,NA,NA,NA,NA,0.0%,NA,NA,NA,NA,NA,NA,NA,NA,NA,0.0%,NA,NA,vs BAL,10,·,·,#VALUE!
1,7528,Najee Harris,RB,28.5,NYG,0.0,0,0.00,0,0,0,0,0,0,0.0%,0,0,0,0,0,0,0.00,0,0,0,0,0.00,0.00,0,0,0,0,0,0,0,0,0.0,0.0,0,0,0,0,0,0,0,-,0,0.0,0,0,0,NA,0.0,-,-,NA,NA,NA,NA,NA,0,NA,NA,-,-,0.0,NA,NA,NA,NA,NA,NA,NA,NA,NA,NA,NA,-,-,-,0,0.000,NA,NA,NA,NA,NA,NA,NA,NA,NA,NA,0.0%,NA,NA,NA,NA,NA,NA,NA,NA,NA,0.0%,NA,NA,vs DAL,9,·,·,#VALUE!
1,11370,Chris Brooks,RB,26.7,GB,58.0,57,2.90,2.9,1,1,68,38,0,0.0%,0,0,0,0,0,0,0.00,29,0,0,0,0.00,0.00,0,0,0,0,0,1,0,0,0.0,0.0,7,0,1,29,0,29,4.14,55.9%,29,29.0,0,1,8,12.5%,1.0,-,-,7,15,0,2.10,0.000,1,0.143,0.210,-,-,29.0,1.0,14.3%,-10.0,-1.43,1.0,1.0,9,0.00,0.000,0.111,2.4%,-,-,-,0,0.000,NA,NA,NA,NA,NA,NA,NA,NA,1.0,0,0.0%,NA,NA,NA,NA,NA,NA,NA,NA,NA,0.0%,NA,NA,@ MIN,32,·,4.5,-1.6
1,1479,Keenan Allen,WR,34.4,IND,38.0,51,9.20,6.2,1,0,54,36,0,0.0%,0,0,0,0,0,0,0.00,0,0,0,0,0.00,0.00,6,22,0,1,0,6,10,32,5.3,5.3,0,0,0,32,0,0,0,66.7%,32,32.0,0,1,6,16.7%,1.0,-,-,0,NA,NA,NA,NA,0,NA,NA,-,-,0.0,NA,NA,NA,NA,NA,NA,26,1.23,0.038,0.231,19.4%,-,-,-,32,1.000,0.2,380%,0.1,2,1,0,4,0,6.0,6,0.0%,NA,NA,NA,NA,NA,NA,NA,NA,NA,0.0%,NA,NA,vs BAL,22,·,8.3,0.9
1,12541,Dont'e Thornton,WR,23.8,LV,999.0,999,0.00,0,0,0,0,0,0,0.0%,0,0,0,0,0,0,0.00,0,0,0,0,0.00,0.00,0,0,0,0,0,0,0,0,0.0,0.0,0,0,0,0,0,0,0,-,0,0.0,0,0,0,NA,0.0,-,-,NA,NA,NA,NA,NA,0,NA,NA,-,-,0.0,NA,NA,NA,NA,NA,NA,NA,NA,NA,NA,NA,-,-,-,0,0.000,NA,NA,NA,NA,NA,NA,NA,NA,NA,NA,0.0%,NA,NA,NA,NA,NA,NA,NA,NA,NA,0.0%,NA,NA,vs MIA,24,IR,IR,#VALUE!
1,7090,Darnell Mooney,WR,28.9,NYG,75.0,73,4.70,3.7,1,0,69,39,0,0.0%,0,0,0,0,0,0,0.00,0,0,0,0,0.00,0.00,2,25,0,2,0,2,2,27,13.5,13.5,0,0,0,27,0,0,0,56.5%,27,27.0,0,2,2,100.0%,2.0,-,-,0,NA,NA,NA,NA,0,NA,NA,-,-,0.0,NA,NA,NA,NA,NA,NA,25,1.08,0.080,0.080,6.9%,-,-,-,27,2.000,1.0,1260%,0.1,1,0,1,0,0,2.0,2,0.0%,NA,NA,NA,NA,NA,NA,NA,NA,NA,0.0%,NA,NA,vs DAL,26,·,5.8,-1.1
1,5854,Drew Lock,QB,29.8,SEA,24.0,24,12.78,12.78,1,0,50,45,0,72.7%,85,22,16,7,6,0,113.30,200,1,1,187,8.50,11.69,0,0,0,0,0,0,0,0,0.0,0.0,2,0,0,13,0,13,6.5,90.0%,200,200.0,1,8,24,33.3%,8.0,-,-,2,NA,NA,NA,NA,0,0.000,NA,-,-,13.0,1.0,50.0%,NA,NA,NA,NA,NA,NA,NA,NA,NA,-,-,-,0,0.000,NA,NA,NA,NA,NA,NA,NA,NA,0.0,0,800.0%,0.3636363636,277%,9.1%,0.333,6,2400.0%,+0.05,+7.10,0.3,18700.0%,45.8%,1,vs NE,23,·,·,#VALUE!
1,11626,Xavier Legette,WR,25.6,CAR,999.0,999,0.00,0,1,0,68,36,0,0.0%,0,0,0,0,0,0,0.00,0,0,0,0,0.00,0.00,0,0,1,0,0,2,0,0,0.0,0.0,0,0,0,0,0,0,0,52.9%,0,0.0,0,0,2,0.0%,0.0,-,-,0,NA,NA,NA,NA,0,NA,NA,-,-,0.0,NA,NA,NA,NA,NA,NA,25,0.00,0.000,0.080,5.3%,-,-,-,0,0.000,NA,1010%,0.1,NA,0,1,1,0,2.0,0,0.0%,NA,NA,NA,NA,NA,NA,NA,NA,NA,0.0%,NA,NA,vs CHI,6,·,4.6,-4.6
1,12455,Brashard Smith,RB,23.4,KC,999.0,999,0.00,0,1,0,69,0,0,0.0%,0,0,0,0,0,0,0.00,0,0,0,0,0.00,0.00,0,0,0,0,0,0,0,0,0.0,0.0,0,0,0,0,0,0,0,0.0%,0,0.0,0,0,0,NA,0.0,-,-,0,NA,NA,NA,NA,0,NA,NA,-,-,0.0,NA,NA,NA,NA,NA,NA,NA,NA,NA,NA,NA,-,-,-,0,0.000,NA,NA,NA,NA,NA,NA,NA,NA,0.0,0,0.0%,NA,NA,NA,NA,NA,NA,NA,NA,NA,0.0%,NA,NA,vs DEN,2,·,0.7,-0.7
1,13329,Malik Benson,WR,23.9,LV,105.0,106,0.80,0.3,1,0,68,7,0,0.0%,0,0,0,0,0,0,0.00,-8,0,0,0,0.00,0.00,1,-1,0,0,0,2,7,6,6.0,3.0,1,0,0,-2,0,-8,-8,10.3%,-2,-2.0,0,0,3,0.0%,0.0,-,-,1,NA,NA,NA,NA,0,0.000,NA,-,-,-8.0,NA,NA,NA,NA,NA,NA,4,1.50,0.000,0.500,6.7%,-,-,-,6,0.000,0.0,1610%,0.1,7,0,1,1,0,2.0,1,0.0%,NA,NA,NA,NA,NA,NA,NA,NA,NA,0.0%,NA,NA,vs MIA,24,·,1.3,-0.5
1,11630,Roman Wilson,WR,25.2,PIT,68.0,70,5.60,4.1,1,0,67,37,0,0.0%,0,0,0,0,0,0,0.00,0,0,0,0,0.00,0.00,3,20,0,1,0,6,6,26,8.7,4.3,0,0,0,26,0,0,0,55.2%,26,26.0,0,1,6,16.7%,1.0,-,-,0,NA,NA,NA,NA,0,NA,NA,-,-,0.0,NA,NA,NA,NA,NA,NA,25,1.04,0.040,0.240,14.6%,-,-,-,26,1.000,0.3,2000%,0.3,2,0,4,2,0,6.0,3,0.0%,NA,NA,NA,NA,NA,NA,NA,NA,NA,0.0%,NA,NA,vs ATL,25,·,1.9,3.7
1,11600,Ja'Tavion Sanders,TE,23.5,CAR,0.0,0,0.00,0,0,0,0,0,0,0.0%,0,0,0,0,0,0,0.00,0,0,0,0,0.00,0.00,0,0,0,0,0,0,0,0,0.0,0.0,0,0,0,0,0,0,0,-,0,0.0,0,0,0,NA,0.0,-,-,NA,NA,NA,NA,NA,0,NA,NA,-,-,0.0,NA,NA,NA,NA,NA,NA,NA,NA,NA,NA,NA,-,-,-,0,0.000,NA,NA,NA,NA,NA,NA,NA,NA,NA,NA,0.0%,NA,NA,NA,NA,NA,NA,NA,NA,NA,0.0%,NA,NA,vs CHI,19,·,·,#VALUE!
1,8188,Tyquan Thornton,WR,26.1,KC,999.0,999,0.00,0,1,1,69,47,0,0.0%,0,0,0,0,0,0,0.00,0,0,0,0,0.00,0.00,0,0,0,0,0,1,0,0,0.0,0.0,0,0,0,0,0,0,0,68.1%,0,0.0,0,0,1,0.0%,0.0,-,-,0,NA,NA,NA,NA,0,NA,NA,-,-,0.0,NA,NA,NA,NA,NA,NA,22,0.00,0.000,0.045,3.7%,-,-,-,0,0.000,NA,3240%,0.3,NA,0,1,0,0,1.0,0,0.0%,NA,NA,NA,NA,NA,NA,NA,NA,NA,0.0%,NA,NA,vs DEN,30,·,4.1,-4.1
1,13306,Taylen Green,QB,23.9,CLE,0.0,0,0.00,0,0,0,0,0,0,0.0%,0,0,0,0,0,0,0.00,0,0,0,0,0.00,0.00,0,0,0,0,0,0,0,0,0.0,0.0,0,0,0,0,0,0,0,-,0,0.0,0,0,0,NA,0.0,-,-,NA,NA,NA,NA,NA,0,NA,NA,-,-,0.0,NA,NA,NA,NA,NA,NA,NA,NA,NA,NA,NA,-,-,-,0,0.000,NA,NA,NA,NA,NA,NA,NA,NA,NA,NA,0.0%,NA,NA,NA,NA,NA,NA,NA,NA,NA,0.0%,NA,NA,@ JAX,21,·,·,#VALUE!
1,12511,Will Howard,QB,25.0,PIT,0.0,0,0.00,0,0,0,0,0,0,0.0%,0,0,0,0,0,0,0.00,0,0,0,0,0.00,0.00,0,0,0,0,0,0,0,0,0.0,0.0,0,0,0,0,0,0,0,-,0,0.0,0,0,0,NA,0.0,-,-,NA,NA,NA,NA,NA,0,NA,NA,-,-,0.0,NA,NA,NA,NA,NA,NA,NA,NA,NA,NA,NA,-,-,-,0,0.000,NA,NA,NA,NA,NA,NA,NA,NA,NA,NA,0.0%,NA,NA,NA,NA,NA,NA,NA,NA,NA,0.0%,NA,NA,vs ATL,25,·,·,#VALUE!
1,4066,Evan Engram,TE,32.0,DEN,8.0,8,14.30,12.3,1,0,51,32,0,0.0%,0,0,0,0,0,0,0.00,0,0,0,0,0.00,0.00,4,28,0,2,1,5,15,43,10.8,8.6,0,0,0,43,0,0,0,62.7%,43,43.0,1,3,5,60.0%,3.0,-,-,0,NA,NA,NA,NA,0,NA,NA,-,-,0.0,NA,NA,NA,NA,NA,NA,19,2.26,0.105,0.263,17.9%,-,-,-,43,3.000,0.8,640%,0.3,4,1,1,1,1,5.0,4,0.0%,NA,NA,NA,NA,NA,NA,NA,NA,NA,0.0%,NA,NA,@ KC,9,·,3.8,10.5
1,11589,Trey Benson,RB,24.2,ARI,999.0,999,0.00,0,0,0,0,0,0,0.0%,0,0,0,0,0,0,0.00,0,0,0,0,0.00,0.00,0,0,0,0,0,0,0,0,0.0,0.0,0,0,0,0,0,0,0,-,0,0.0,0,0,0,NA,0.0,-,-,NA,NA,NA,NA,NA,0,NA,NA,-,-,0.0,NA,NA,NA,NA,NA,NA,NA,NA,NA,NA,NA,-,-,-,0,0.000,NA,NA,NA,NA,NA,NA,NA,NA,NA,NA,0.0%,NA,NA,NA,NA,NA,NA,NA,NA,NA,0.0%,NA,NA,@ LAC,17,IR,IR,#VALUE!
1,10235,Roschon Johnson,RB,25.6,CHI,999.0,999,0.00,0,1,0,75,0,0,0.0%,0,0,0,0,0,0,0.00,0,0,0,0,0.00,0.00,0,0,0,0,0,0,0,0,0.0,0.0,0,0,0,0,0,0,0,0.0%,0,0.0,0,0,0,NA,0.0,-,-,0,NA,NA,NA,NA,0,NA,NA,-,-,0.0,NA,NA,NA,NA,NA,NA,NA,NA,NA,NA,NA,-,-,-,0,0.000,NA,NA,NA,NA,NA,NA,NA,NA,0.0,0,0.0%,NA,NA,NA,NA,NA,NA,NA,NA,NA,0.0%,NA,NA,@ CAR,1,·,0.3,-0.3
1,7591,Justin Fields,QB,27.5,KC,999.0,999,0.00,0,1,0,69,1,0,0.0%,0,0,0,0,0,0,0.00,0,0,0,0,0.00,0.00,0,0,0,0,0,0,0,0,0.0,0.0,0,0,0,0,0,0,0,1.4%,0,0.0,0,0,0,NA,0.0,-,-,0,NA,NA,NA,NA,0,NA,NA,-,-,0.0,NA,NA,NA,NA,NA,NA,NA,NA,NA,NA,NA,-,-,-,0,0.000,NA,NA,NA,NA,NA,NA,NA,NA,0.0,0,0.0%,NA,NA,NA,NA,NA,NA,NA,NA,NA,0.0%,NA,NA,vs DEN,9,·,·,#VALUE!
1,13423,Eli Heidenreich,RB,23.2,PIT,999.0,999,0.00,0,1,0,67,3,0,0.0%,0,0,0,0,0,0,0.00,0,0,0,0,0.00,0.00,0,0,0,0,0,0,0,0,0.0,0.0,0,0,0,0,0,0,0,4.5%,0,0.0,0,0,0,NA,0.0,-,-,0,NA,NA,NA,NA,0,NA,NA,-,-,0.0,NA,NA,NA,NA,NA,NA,NA,NA,NA,NA,NA,-,-,-,0,0.000,NA,NA,NA,NA,NA,NA,NA,NA,0.0,0,0.0%,NA,NA,NA,NA,NA,NA,NA,NA,NA,0.0%,NA,NA,vs ATL,23,·,0.6,-0.6
1,12505,Jalen Royals,WR,23.6,KC,999.0,999,0.00,0,1,0,69,0,0,0.0%,0,0,0,0,0,0,0.00,0,0,0,0,0.00,0.00,0,0,0,0,0,0,0,0,0.0,0.0,0,0,0,0,0,0,0,0.0%,0,0.0,0,0,0,NA,0.0,-,-,0,NA,NA,NA,NA,0,NA,NA,-,-,0.0,NA,NA,NA,NA,NA,NA,NA,NA,NA,NA,NA,-,-,-,0,0.000,NA,NA,NA,NA,NA,NA,NA,NA,0.0,0,0.0%,NA,NA,NA,NA,NA,NA,NA,NA,NA,0.0%,NA,NA,vs DEN,30,·,1.3,-1.3
1,4039,Cooper Kupp,WR,33.2,SEA,69.0,63,5.50,4.5,1,1,50,39,0,0.0%,0,0,0,0,0,0,0.00,0,0,0,0,0.00,0.00,2,30,0,2,0,3,5,35,17.5,11.7,0,0,0,35,0,0,0,78.0%,35,35.0,0,2,3,66.7%,2.0,-,-,0,NA,NA,NA,NA,0,NA,NA,-,-,0.0,NA,NA,NA,NA,NA,NA,21,1.67,0.095,0.143,12.5%,-,-,-,35,2.000,1.0,1610%,0.3,3,0,2,0,0,3.0,2,0.0%,NA,NA,NA,NA,NA,NA,NA,NA,NA,0.0%,NA,NA,vs NE,12,·,7.9,-2.4
1,8119,Jahan Dotson,WR,26.5,ATL,90.0,87,2.90,2.4,1,1,60,38,0,0.0%,0,0,0,0,0,0,0.00,0,0,0,0,0.00,0.00,1,18,0,1,0,4,1,19,19.0,4.8,0,0,0,19,0,0,0,63.3%,19,19.0,0,1,4,25.0%,1.0,-,-,0,NA,NA,NA,NA,0,NA,NA,-,-,0.0,NA,NA,NA,NA,NA,NA,19,1.00,0.053,0.211,13.6%,-,-,-,19,1.000,1.0,1550%,0.7,1,0,3,0,0,4.0,1,0.0%,NA,NA,NA,NA,NA,NA,NA,NA,NA,0.0%,NA,NA,@ PIT,32,·,4.3,-1.4
1,5906,Dawson Knox,TE,29.8,BUF,55.0,54,1.70,1.2,1,1,58,39,0,0.0%,0,0,0,0,0,0,0.00,0,0,0,0,0.00,0.00,1,2,0,0,0,1,5,7,7.0,7.0,0,0,0,7,0,0,0,67.2%,7,7.0,0,0,1,0.0%,0.0,-,-,0,NA,NA,NA,NA,0,NA,NA,-,-,0.0,NA,NA,NA,NA,NA,NA,12,0.58,0.000,0.083,3.4%,-,-,-,7,0.000,0.0,110%,0.0,5,0,0,0,0,1.0,1,0.0%,NA,NA,NA,NA,NA,NA,NA,NA,NA,0.0%,NA,NA,@ HOU,6,·,4.5,-2.8
1,3161,Carson Wentz,QB,33.7,MIN,12.0,12,19.22,19.22,1,0,65,54,0,63.2%,104,19,12,4,7,0,123.50,132,3,3,133,7.00,11.08,0,0,0,0,0,0,0,0,0.0,0.0,5,0,1,-1,0,-1,-0.2,83.1%,132,132.0,3,8,24,33.3%,8.0,-,-,5,NA,NA,NA,NA,1,0.200,NA,-,-,-1.0,0.0,0.0%,NA,NA,NA,NA,NA,NA,NA,NA,NA,-,-,-,0,0.000,NA,NA,NA,NA,NA,NA,NA,NA,0.0,0,700.0%,0.3684210526,276%,5.3%,0.391,8.3,2300.0%,-0.07,+2.70,0.1,13300.0%,30.4%,0,vs GB,12,·,·,#VALUE!
1,4950,Christian Kirk,WR,29.8,SF,999.0,999,0.00,0,0,0,0,0,0,0.0%,0,0,0,0,0,0,0.00,0,0,0,0,0.00,0.00,0,0,0,0,0,0,0,0,0.0,0.0,0,0,0,0,0,0,0,-,0,0.0,0,0,0,NA,0.0,-,-,NA,NA,NA,NA,NA,0,NA,NA,-,-,0.0,NA,NA,NA,NA,NA,NA,NA,NA,NA,NA,NA,-,-,-,0,0.000,NA,NA,NA,NA,NA,NA,NA,NA,NA,NA,0.0%,NA,NA,NA,NA,NA,NA,NA,NA,NA,0.0%,NA,NA,@ LAR,4,IR,IR,#VALUE!
1,5995,Justice Hill,RB,28.8,BAL,51.0,51,3.80,3.3,1,0,68,31,0,0.0%,0,0,0,0,0,0,0.00,18,0,0,0,0.00,0.00,1,-1,0,1,0,1,11,10,10.0,10.0,6,0,2,28,0,18,3,45.6%,28,28.0,0,3,7,42.9%,3.0,-,-,6,7,2,1.20,0.333,2,0.333,0.453,-,-,18.0,0.0,0.0%,-9.0,-1.50,0.0,0.0,16,0.63,0.063,0.063,4.0%,-,-,-,10,1.000,1.0,NA,NA,11,NA,NA,NA,NA,1.0,1,0.0%,NA,NA,NA,NA,NA,NA,NA,NA,NA,0.0%,NA,NA,@ IND,3,·,5.1,-1.3
1,4017,Deshaun Watson,QB,31.0,CLE,21.0,21,15.00,15,1,1,51,51,1,72.7%,110,22,16,8,6,1,97.70,243,5,1,205,9.32,12.81,0,0,0,0,0,0,0,0,0.0,0.0,6,0,3,38,0,38,6.33,100.0%,243,243.0,1,12,28,42.9%,12.0,-,-,6,NA,NA,NA,NA,3,0.500,NA,-,-,38.0,0.0,0.0%,NA,NA,NA,NA,NA,NA,NA,NA,NA,-,-,-,0,0.000,NA,NA,NA,NA,NA,NA,NA,NA,0.0,0,900.0%,0.4090909091,304%,18.2%,0.448,10.8,2900.0%,+0.04,-14.70,-0.5,20500.0%,27.6%,1,@ JAX,21,·,12.9,2.1
1,11435,Emanuel Wilson,RB,27.4,SEA,72.0,72,0.30,0.3,1,0,50,3,0,0.0%,0,0,0,0,0,0,0.00,3,0,0,0,0.00,0.00,0,0,0,0,0,0,0,0,0.0,0.0,2,0,0,3,0,3,1.5,6.0%,3,3.0,0,0,2,0.0%,0.0,-,-,2,4,1,2.20,0.500,0,0.000,0.720,-,-,3.0,0.0,0.0%,-1.0,-0.50,0.0,0.0,1,0.00,0.000,0.000,0.0%,-,-,-,0,0.000,NA,NA,NA,NA,NA,NA,NA,NA,0.0,0,0.0%,NA,NA,NA,NA,NA,NA,NA,NA,NA,0.0%,NA,NA,vs NE,26,·,2.4,-2.1
1,13400,Justin Joly,TE,22.2,MIA,0.0,0,0.00,0,0,0,0,0,0,0.0%,0,0,0,0,0,0,0.00,0,0,0,0,0.00,0.00,0,0,0,0,0,0,0,0,0.0,0.0,0,0,0,0,0,0,0,-,0,0.0,0,0,0,NA,0.0,-,-,NA,NA,NA,NA,NA,0,NA,NA,-,-,0.0,NA,NA,NA,NA,NA,NA,NA,NA,NA,NA,NA,-,-,-,0,0.000,NA,NA,NA,NA,NA,NA,NA,NA,NA,NA,0.0%,NA,NA,NA,NA,NA,NA,NA,NA,NA,0.0%,NA,NA,@ LV,31,·,·,#VALUE!
1,10226,Andrei Iosivas,WR,26.9,CIN,86.0,88,3.20,2.2,1,1,64,39,0,0.0%,0,0,0,0,0,0,0.00,0,0,0,0,0.00,0.00,2,11,0,1,0,3,1,12,6.0,4.0,0,0,0,12,0,0,0,60.9%,12,12.0,0,1,3,33.3%,1.0,-,-,0,NA,NA,NA,NA,0,NA,NA,-,-,0.0,NA,NA,NA,NA,NA,NA,25,0.48,0.040,0.120,8.6%,-,-,-,12,1.000,0.5,490%,0.1,1,1,1,2,0,3.0,2,0.0%,NA,NA,NA,NA,NA,NA,NA,NA,NA,0.0%,NA,NA,vs TB,29,·,5.7,-2.5
1,8117,Jalen Tolbert,WR,27.6,MIA,0.0,0,0.00,0,0,0,0,0,0,0.0%,0,0,0,0,0,0,0.00,0,0,0,0,0.00,0.00,0,0,0,0,0,0,0,0,0.0,0.0,0,0,0,0,0,0,0,-,0,0.0,0,0,0,NA,0.0,-,-,NA,NA,NA,NA,NA,0,NA,NA,-,-,0.0,NA,NA,NA,NA,NA,NA,NA,NA,NA,NA,NA,-,-,-,0,0.000,NA,NA,NA,NA,NA,NA,NA,NA,NA,NA,0.0%,NA,NA,NA,NA,NA,NA,NA,NA,NA,0.0%,NA,NA,@ LV,21,·,·,#VALUE!
1,4981,Calvin Ridley,WR,31.7,TEN,999.0,999,0.00,0,1,1,50,32,0,0.0%,0,0,0,0,0,0,0.00,0,0,0,0,0.00,0.00,0,0,0,0,0,0,0,0,0.0,0.0,0,0,0,0,0,0,0,64.0%,0,0.0,0,0,0,NA,0.0,-,-,0,NA,NA,NA,NA,0,NA,NA,-,-,0.0,NA,NA,NA,NA,NA,NA,23,0.00,0.000,0.000,0.0%,-,-,-,0,0.000,NA,0%,0.0,NA,0,0,0,0,0.0,0,0.0%,NA,NA,NA,NA,NA,NA,NA,NA,NA,0.0%,NA,NA,vs NYJ,23,·,8.2,-8.2
1,9481,Luke Musgrave,TE,26.0,GB,999.0,999,0.00,0,0,0,0,0,0,0.0%,0,0,0,0,0,0,0.00,0,0,0,0,0.00,0.00,0,0,0,0,0,0,0,0,0.0,0.0,0,0,0,0,0,0,0,-,0,0.0,0,0,0,NA,0.0,-,-,NA,NA,NA,NA,NA,0,NA,NA,-,-,0.0,NA,NA,NA,NA,NA,NA,NA,NA,NA,NA,NA,-,-,-,0,0.000,NA,NA,NA,NA,NA,NA,NA,NA,NA,NA,0.0%,NA,NA,NA,NA,NA,NA,NA,NA,NA,0.0%,NA,NA,@ MIN,10,PUP,PUP,#VALUE!
1,8127,Charlie Kolar,TE,27.6,LAC,999.0,999,0.00,0,1,1,55,30,0,0.0%,0,0,0,0,0,0,0.00,0,0,0,0,0.00,0.00,0,0,0,0,0,0,0,0,0.0,0.0,0,0,0,0,0,0,0,54.5%,0,0.0,0,0,0,NA,0.0,-,-,0,NA,NA,NA,NA,0,NA,NA,-,-,0.0,NA,NA,NA,NA,NA,NA,12,0.00,0.000,0.000,0.0%,-,-,-,0,0.000,NA,0%,0.0,NA,0,0,0,0,0.0,0,0.0%,NA,NA,NA,NA,NA,NA,NA,NA,NA,0.0%,NA,NA,vs ARI,11,·,4.0,-4.0
1,11557,Joe Milton,QB,26.5,DAL,999.0,999,0.00,0,0,0,0,0,0,0.0%,0,0,0,0,0,0,0.00,0,0,0,0,0.00,0.00,0,0,0,0,0,0,0,0,0.0,0.0,0,0,0,0,0,0,0,-,0,0.0,0,0,0,NA,0.0,-,-,NA,NA,NA,NA,NA,0,NA,NA,-,-,0.0,NA,NA,NA,NA,NA,NA,NA,NA,NA,NA,NA,-,-,-,0,0.000,NA,NA,NA,NA,NA,NA,NA,NA,NA,NA,0.0%,NA,NA,NA,NA,NA,NA,NA,NA,NA,0.0%,NA,NA,@ NYG,19,·,·,#VALUE!
1,12482,Savion Williams,WR,24.8,GB,999.0,999,0.00,0,0,0,0,0,0,0.0%,0,0,0,0,0,0,0.00,0,0,0,0,0.00,0.00,0,0,0,0,0,0,0,0,0.0,0.0,0,0,0,0,0,0,0,-,0,0.0,0,0,0,NA,0.0,-,-,NA,NA,NA,NA,NA,0,NA,NA,-,-,0.0,NA,NA,NA,NA,NA,NA,NA,NA,NA,NA,NA,-,-,-,0,0.000,NA,NA,NA,NA,NA,NA,NA,NA,NA,NA,0.0%,NA,NA,NA,NA,NA,NA,NA,NA,NA,0.0%,NA,NA,@ MIN,1,IR,IR,#VALUE!
1,12543,Tahj Brooks,RB,24.3,CIN,999.0,999,0.00,0,1,0,64,2,0,0.0%,0,0,0,0,0,0,0.00,0,0,0,0,0.00,0.00,0,0,0,0,0,0,0,0,0.0,0.0,0,0,0,0,0,0,0,3.1%,0,0.0,0,0,0,NA,0.0,-,-,0,NA,NA,NA,NA,0,NA,NA,-,-,0.0,NA,NA,NA,NA,NA,NA,NA,NA,NA,NA,NA,-,-,-,0,0.000,NA,NA,NA,NA,NA,NA,NA,NA,0.0,0,0.0%,NA,NA,NA,NA,NA,NA,NA,NA,NA,0.0%,NA,NA,vs TB,13,·,1.2,-1.2
1,13602,Jack Strand,QB,22.2,ATL,999.0,999,0.00,0,0,0,60,0,0,0.0%,0,0,0,0,0,0,0.00,0,0,0,0,0.00,0.00,0,0,0,0,0,0,0,0,0.0,0.0,0,0,0,0,0,0,0,0.0%,0,0.0,0,0,0,NA,0.0,-,-,NA,NA,NA,NA,NA,0,NA,NA,-,-,0.0,NA,NA,NA,NA,NA,NA,NA,NA,NA,NA,NA,-,-,-,0,0.000,NA,NA,NA,NA,NA,NA,NA,NA,NA,NA,0.0%,NA,NA,NA,NA,NA,NA,NA,NA,NA,0.0%,NA,NA,@ PIT,30,·,·,#VALUE!
1,11596,Ben Sinnott,TE,24.2,WAS,999.0,999,0.00,0,1,0,70,18,0,0.0%,0,0,0,0,0,0,0.00,0,0,0,0,0.00,0.00,0,0,0,0,0,0,0,0,0.0,0.0,0,0,0,0,0,0,0,25.7%,0,0.0,0,0,0,NA,0.0,-,-,0,NA,NA,NA,NA,0,NA,NA,-,-,0.0,NA,NA,NA,NA,NA,NA,10,0.00,0.000,0.000,0.0%,-,-,-,0,0.000,NA,0%,0.0,NA,0,0,0,0,0.0,0,0.0%,NA,NA,NA,NA,NA,NA,NA,NA,NA,0.0%,NA,NA,@ PHI,28,·,1.0,-1.0
1,7670,Joshua Palmer,WR,27.0,BUF,33.0,29,10.40,9.9,1,0,58,18,0,0.0%,0,0,0,0,0,0,0.00,0,0,0,0,0.00,0.00,1,28,0,0,1,2,6,34,34.0,17.0,0,0,0,34,0,0,0,31.0%,34,34.0,1,1,2,50.0%,1.0,-,-,0,NA,NA,NA,NA,0,NA,NA,-,-,0.0,NA,NA,NA,NA,NA,NA,12,2.83,0.000,0.167,6.9%,-,-,-,34,1.000,1.0,3100%,0.2,6,0,2,0,1,2.0,1,0.0%,NA,NA,NA,NA,NA,NA,NA,NA,NA,0.0%,NA,NA,@ HOU,5,·,1.8,8.6
1,11577,Will Shipley,RB,24.0,PHI,63.0,63,2.20,1.7,1,0,55,10,0,0.0%,0,0,0,0,0,0,0.00,4,0,0,0,0.00,0.00,1,6,0,0,0,1,2,8,8.0,8.0,2,0,0,12,0,4,2,18.2%,12,12.0,0,0,3,0.0%,0.0,-,-,2,0,0,0.00,0.000,0,0.000,0.000,-,-,4.0,0.0,0.0%,-11.0,-5.50,0.0,0.0,7,1.14,0.000,0.143,4.0%,-,-,-,8,0.000,0.0,NA,NA,2,NA,NA,NA,NA,1.0,1,0.0%,NA,NA,NA,NA,NA,NA,NA,NA,NA,0.0%,NA,NA,vs WAS,24,·,1.3,1.0
1,13404,Garrett Nussmeier,QB,24.6,KC,0.0,0,0.00,0,0,0,0,0,0,0.0%,0,0,0,0,0,0,0.00,0,0,0,0,0.00,0.00,0,0,0,0,0,0,0,0,0.0,0.0,0,0,0,0,0,0,0,-,0,0.0,0,0,0,NA,0.0,-,-,NA,NA,NA,NA,NA,0,NA,NA,-,-,0.0,NA,NA,NA,NA,NA,NA,NA,NA,NA,NA,NA,-,-,-,0,0.000,NA,NA,NA,NA,NA,NA,NA,NA,NA,NA,0.0%,NA,NA,NA,NA,NA,NA,NA,NA,NA,0.0%,NA,NA,vs DEN,9,·,·,#VALUE!
1,11579,Audric Estime,RB,23.0,NO,999.0,999,0.00,0,0,0,90,0,0,0.0%,0,0,0,0,0,0,0.00,0,0,0,0,0.00,0.00,0,0,0,0,0,0,0,0,0.0,0.0,0,0,0,0,0,0,0,0.0%,0,0.0,0,0,0,NA,0.0,-,-,NA,NA,NA,NA,NA,0,NA,NA,-,-,0.0,NA,NA,NA,NA,NA,NA,NA,NA,NA,NA,NA,-,-,-,0,0.000,NA,NA,NA,NA,NA,NA,NA,NA,NA,NA,0.0%,NA,NA,NA,NA,NA,NA,NA,NA,NA,0.0%,NA,NA,@ DET,16,IR,IR,#VALUE!
1,12500,Quinn Ewers,QB,23.3,JAX,0.0,0,0.00,0,0,0,0,0,0,0.0%,0,0,0,0,0,0,0.00,0,0,0,0,0.00,0.00,0,0,0,0,0,0,0,0,0.0,0.0,0,0,0,0,0,0,0,-,0,0.0,0,0,0,NA,0.0,-,-,NA,NA,NA,NA,NA,0,NA,NA,-,-,0.0,NA,NA,NA,NA,NA,NA,NA,NA,NA,NA,NA,-,-,-,0,0.000,NA,NA,NA,NA,NA,NA,NA,NA,NA,NA,0.0%,NA,NA,NA,NA,NA,NA,NA,NA,NA,0.0%,NA,NA,vs CLE,5,·,·,#VALUE!
1,11237,Jacob Saylors,RB,25.5,DET,999.0,999,0.00,0,1,0,77,0,0,0.0%,0,0,0,0,0,0,0.00,0,0,0,0,0.00,0.00,0,0,0,0,0,0,0,0,0.0,0.0,0,0,0,0,0,0,0,0.0%,0,0.0,0,0,0,NA,0.0,-,-,0,NA,NA,NA,NA,0,NA,NA,-,-,0.0,NA,NA,NA,NA,NA,NA,NA,NA,NA,NA,NA,-,-,-,0,0.000,NA,NA,NA,NA,NA,NA,NA,NA,0.0,0,0.0%,NA,NA,NA,NA,NA,NA,NA,NA,NA,0.0%,NA,NA,vs NO,5,·,3.1,-3.1
1,11592,Erick All,TE,26.0,CIN,999.0,999,0.00,0,1,0,64,20,0,0.0%,0,0,0,0,0,0,0.00,0,0,0,0,0.00,0.00,0,0,0,0,0,0,0,0,0.0,0.0,0,0,0,0,0,0,0,31.3%,0,0.0,0,0,0,NA,0.0,-,-,0,NA,NA,NA,NA,0,NA,NA,-,-,0.0,NA,NA,NA,NA,NA,NA,6,0.00,0.000,0.000,0.0%,-,-,-,0,0.000,NA,0%,0.0,NA,0,0,0,0,0.0,0,0.0%,NA,NA,NA,NA,NA,NA,NA,NA,NA,0.0%,NA,NA,vs TB,4,·,3.1,-3.1
1,11650,Luke McCaffrey,WR,25.4,WAS,0.0,0,0.00,0,0,0,0,0,0,0.0%,0,0,0,0,0,0,0.00,0,0,0,0,0.00,0.00,0,0,0,0,0,0,0,0,0.0,0.0,0,0,0,0,0,0,0,-,0,0.0,0,0,0,NA,0.0,-,-,NA,NA,NA,NA,NA,0,NA,NA,-,-,0.0,NA,NA,NA,NA,NA,NA,NA,NA,NA,NA,NA,-,-,-,0,0.000,NA,NA,NA,NA,NA,NA,NA,NA,NA,NA,0.0%,NA,NA,NA,NA,NA,NA,NA,NA,NA,0.0%,NA,NA,@ PHI,10,·,·,#VALUE!
1,12470,Riley Leonard,QB,24.0,IND,0.0,0,0.00,0,0,0,0,0,0,0.0%,0,0,0,0,0,0,0.00,0,0,0,0,0.00,0.00,0,0,0,0,0,0,0,0,0.0,0.0,0,0,0,0,0,0,0,-,0,0.0,0,0,0,NA,0.0,-,-,NA,NA,NA,NA,NA,0,NA,NA,-,-,0.0,NA,NA,NA,NA,NA,NA,NA,NA,NA,NA,NA,-,-,-,0,0.000,NA,NA,NA,NA,NA,NA,NA,NA,NA,NA,0.0%,NA,NA,NA,NA,NA,NA,NA,NA,NA,0.0%,NA,NA,vs BAL,28,·,·,#VALUE!
1,7562,Tutu Atwell,WR,26.9,LAR,0.0,0,0.00,0,0,0,0,0,0,0.0%,0,0,0,0,0,0,0.00,0,0,0,0,0.00,0.00,0,0,0,0,0,0,0,0,0.0,0.0,0,0,0,0,0,0,0,-,0,0.0,0,0,0,NA,0.0,-,-,NA,NA,NA,NA,NA,0,NA,NA,-,-,0.0,NA,NA,NA,NA,NA,NA,NA,NA,NA,NA,NA,-,-,-,0,0.000,NA,NA,NA,NA,NA,NA,NA,NA,NA,NA,0.0%,NA,NA,NA,NA,NA,NA,NA,NA,NA,0.0%,NA,NA,vs SF,28,·,·,#VALUE!
1,12523,Jimmy Horn,WR,24.0,CAR,110.0,110,-2.00,-2,1,0,0,0,1,0.0%,0,0,0,0,0,0,0.00,0,0,0,0,0.00,0.00,0,0,0,0,0,1,0,0,0.0,0.0,0,0,0,0,0,0,0,-,0,0.0,0,0,1,0.0%,0.0,-,-,0,NA,NA,NA,NA,0,NA,NA,-,-,0.0,NA,NA,NA,NA,NA,NA,7,0.00,0.000,0.143,2.6%,-,-,-,0,0.000,NA,230%,0.0,NA,0,0,1,0,1.0,0,0.0%,NA,NA,NA,NA,NA,NA,NA,NA,NA,0.0%,NA,NA,vs CHI,6,·,3.1,-5.1
1,11569,Jarquez Hunter,RB,23.7,MIA,999.0,999,0.00,0,0,0,0,0,0,0.0%,0,0,0,0,0,0,0.00,0,0,0,0,0.00,0.00,0,0,0,0,0,0,0,0,0.0,0.0,0,0,0,0,0,0,0,-,0,0.0,0,0,0,NA,0.0,-,-,NA,NA,NA,NA,NA,0,NA,NA,-,-,0.0,NA,NA,NA,NA,NA,NA,NA,NA,NA,NA,NA,-,-,-,0,0.000,NA,NA,NA,NA,NA,NA,NA,NA,NA,NA,0.0%,NA,NA,NA,NA,NA,NA,NA,NA,NA,0.0%,NA,NA,@ LV,30,·,·,#VALUE!
1,8135,Treylon Burks,WR,26.5,WAS,0.0,0,0.00,0,0,0,0,0,0,0.0%,0,0,0,0,0,0,0.00,0,0,0,0,0.00,0.00,0,0,0,0,0,0,0,0,0.0,0.0,0,0,0,0,0,0,0,-,0,0.0,0,0,0,NA,0.0,-,-,NA,NA,NA,NA,NA,0,NA,NA,-,-,0.0,NA,NA,NA,NA,NA,NA,NA,NA,NA,NA,NA,-,-,-,0,0.000,NA,NA,NA,NA,NA,NA,NA,NA,NA,NA,0.0%,NA,NA,NA,NA,NA,NA,NA,NA,NA,0.0%,NA,NA,@ PHI,10,·,·,#VALUE!
1,11562,Spencer Rattler,QB,26.0,NO,999.0,999,0.00,0,0,0,90,0,0,0.0%,0,0,0,0,0,0,0.00,0,0,0,0,0.00,0.00,0,0,0,0,0,0,0,0,0.0,0.0,0,0,0,0,0,0,0,0.0%,0,0.0,0,0,0,NA,0.0,-,-,NA,NA,NA,NA,NA,0,NA,NA,-,-,0.0,NA,NA,NA,NA,NA,NA,NA,NA,NA,NA,NA,-,-,-,0,0.000,NA,NA,NA,NA,NA,NA,NA,NA,NA,NA,0.0%,NA,NA,NA,NA,NA,NA,NA,NA,NA,0.0%,NA,NA,@ DET,6,·,·,#VALUE!
1,13333,Deion Burks,WR,23.7,IND,999.0,999,0.00,0,1,0,54,0,0,0.0%,0,0,0,0,0,0,0.00,0,0,0,0,0.00,0.00,0,0,0,0,0,0,0,0,0.0,0.0,0,0,0,0,0,0,0,0.0%,0,0.0,0,0,0,NA,0.0,-,-,0,NA,NA,NA,NA,0,NA,NA,-,-,0.0,NA,NA,NA,NA,NA,NA,NA,NA,NA,NA,NA,-,-,-,0,0.000,NA,NA,NA,NA,NA,NA,NA,NA,0.0,0,0.0%,NA,NA,NA,NA,NA,NA,NA,NA,NA,0.0%,NA,NA,vs BAL,22,·,1.3,-1.3
1,7828,Noah Gray,TE,27.4,KC,58.0,57,1.50,1,1,0,69,38,0,0.0%,0,0,0,0,0,0,0.00,0,0,0,0,0.00,0.00,1,5,0,0,0,1,0,5,5.0,5.0,0,0,0,5,0,0,0,55.1%,5,5.0,0,0,1,0.0%,0.0,-,-,0,NA,NA,NA,NA,0,NA,NA,-,-,0.0,NA,NA,NA,NA,NA,NA,11,0.45,0.000,0.091,3.7%,-,-,-,5,0.000,0.0,460%,0.0,0,0,0,1,0,1.0,1,0.0%,NA,NA,NA,NA,NA,NA,NA,NA,NA,0.0%,NA,NA,vs DEN,13,·,3.6,-2.1
1,11623,Jordan Whittington,WR,26.0,LAR,96.0,95,1.80,1.3,1,0,61,25,1,0.0%,0,0,0,0,0,0,0.00,0,0,0,0,0.00,0.00,1,8,0,0,0,1,0,8,8.0,8.0,0,0,0,8,0,0,0,41.0%,8,8.0,0,0,1,0.0%,0.0,-,-,0,NA,NA,NA,NA,0,NA,NA,-,-,0.0,NA,NA,NA,NA,NA,NA,12,0.67,0.000,0.083,3.6%,-,-,-,8,0.000,0.0,830%,0.0,0,0,0,1,0,1.0,1,0.0%,NA,NA,NA,NA,NA,NA,NA,NA,NA,0.0%,NA,NA,vs SF,28,·,1.3,0.5
1,12476,Devin Neal,RB,23.1,FA,0.0,0,0.00,0,0,0,0,0,0,0.0%,0,0,0,0,0,0,0.00,0,0,0,0,0.00,0.00,0,0,0,0,0,0,0,0,0.0,0.0,0,0,0,0,0,0,0,-,0,0.0,0,0,0,NA,0.0,-,-,NA,NA,NA,NA,NA,0,NA,NA,-,-,0.0,NA,NA,NA,NA,NA,NA,NA,NA,NA,NA,NA,-,-,-,0,0.000,NA,NA,NA,NA,NA,NA,NA,NA,NA,NA,0.0%,NA,NA,NA,NA,NA,NA,NA,NA,NA,0.0%,NA,NA,NA,,Q,Q,#VALUE!
1,8147,John Metchie,WR,26.2,CAR,0.0,0,0.00,0,0,0,0,0,0,0.0%,0,0,0,0,0,0,0.00,0,0,0,0,0.00,0.00,0,0,0,0,0,0,0,0,0.0,0.0,0,0,0,0,0,0,0,-,0,0.0,0,0,0,NA,0.0,-,-,NA,NA,NA,NA,NA,0,NA,NA,-,-,0.0,NA,NA,NA,NA,NA,NA,NA,NA,NA,NA,NA,-,-,-,0,0.000,NA,NA,NA,NA,NA,NA,NA,NA,NA,NA,0.0%,NA,NA,NA,NA,NA,NA,NA,NA,NA,0.0%,NA,NA,vs CHI,6,·,·,#VALUE!
1,4137,James Conner,RB,31.4,ARI,999.0,999,0.00,0,0,0,0,0,0,0.0%,0,0,0,0,0,0,0.00,0,0,0,0,0.00,0.00,0,0,0,0,0,0,0,0,0.0,0.0,0,0,0,0,0,0,0,-,0,0.0,0,0,0,NA,0.0,-,-,NA,NA,NA,NA,NA,0,NA,NA,-,-,0.0,NA,NA,NA,NA,NA,NA,NA,NA,NA,NA,NA,-,-,-,0,0.000,NA,NA,NA,NA,NA,NA,NA,NA,NA,NA,0.0%,NA,NA,NA,NA,NA,NA,NA,NA,NA,0.0%,NA,NA,@ LAC,17,IR,IR,#VALUE!
1,13307,Marlin Klein,TE,24.0,HOU,43.0,42,2.60,2.1,1,0,79,9,0,0.0%,0,0,0,0,0,0,0.00,0,0,0,0,0.00,0.00,1,14,0,1,0,1,2,16,16.0,16.0,0,0,0,16,0,0,0,11.4%,16,16.0,0,1,1,100.0%,1.0,-,-,0,NA,NA,NA,NA,0,NA,NA,-,-,0.0,NA,NA,NA,NA,NA,NA,2,8.00,0.500,0.500,2.6%,-,-,-,16,1.000,1.0,1420%,0.0,2,0,1,0,0,1.0,1,0.0%,NA,NA,NA,NA,NA,NA,NA,NA,NA,0.0%,NA,NA,vs BUF,17,·,2.6,0.0
1,4993,Mike Gesicki,TE,31.0,CIN,4.0,4,18.80,16.3,1,0,64,21,0,0.0%,0,0,0,0,0,0,0.00,0,0,0,0,0.00,0.00,5,57,0,4,1,7,21,78,15.6,11.1,0,0,0,78,0,0,0,32.8%,78,78.0,1,5,7,71.4%,5.0,-,-,0,NA,NA,NA,NA,0,NA,NA,-,-,0.0,NA,NA,NA,NA,NA,NA,17,4.59,0.235,0.412,20.0%,-,-,-,78,5.000,1.0,1000%,0.3,4,2,4,5,1,7.0,5,0.0%,NA,NA,NA,NA,NA,NA,NA,NA,NA,0.0%,NA,NA,vs TB,4,·,6.7,12.1
1,12496,Tai Felton,WR,23.5,MIN,999.0,999,0.00,0,1,0,65,3,0,0.0%,0,0,0,0,0,0,0.00,0,0,0,0,0.00,0.00,0,0,0,0,0,0,0,0,0.0,0.0,0,0,0,0,0,0,0,4.6%,0,0.0,0,0,0,NA,0.0,-,-,0,NA,NA,NA,NA,0,NA,NA,-,-,0.0,NA,NA,NA,NA,NA,NA,NA,NA,NA,NA,NA,-,-,-,0,0.000,NA,NA,NA,NA,NA,NA,NA,NA,0.0,0,0.0%,NA,NA,NA,NA,NA,NA,NA,NA,NA,0.0%,NA,NA,vs GB,13,·,1.9,-1.9
1,11256,Tyson Bagent,QB,26.3,CHI,0.0,0,0.00,0,0,0,0,0,0,0.0%,0,0,0,0,0,0,0.00,0,0,0,0,0.00,0.00,0,0,0,0,0,0,0,0,0.0,0.0,0,0,0,0,0,0,0,-,0,0.0,0,0,0,NA,0.0,-,-,NA,NA,NA,NA,NA,0,NA,NA,-,-,0.0,NA,NA,NA,NA,NA,NA,NA,NA,NA,NA,NA,-,-,-,0,0.000,NA,NA,NA,NA,NA,NA,NA,NA,NA,NA,0.0%,NA,NA,NA,NA,NA,NA,NA,NA,NA,0.0%,NA,NA,@ CAR,1,Q,Q,#VALUE!
1,13324,Matthew Hibner,TE,24.5,BAL,47.0,46,2.30,1.8,1,0,68,23,0,0.0%,0,0,0,0,0,0,0.00,0,0,0,0,0.00,0.00,1,1,0,1,0,1,12,13,13.0,13.0,0,0,0,13,0,0,0,33.8%,13,13.0,0,1,1,100.0%,1.0,-,-,0,NA,NA,NA,NA,0,NA,NA,-,-,0.0,NA,NA,NA,NA,NA,NA,5,2.60,0.200,0.200,4.0%,-,-,-,13,1.000,1.0,200%,0.0,12,0,0,1,0,1.0,1,0.0%,NA,NA,NA,NA,NA,NA,NA,NA,NA,0.0%,NA,NA,@ IND,18,·,1.8,0.5
1,12670,KeAndre Lambert-Smith,WR,24.9,LAC,999.0,999,0.00,0,1,0,55,0,0,0.0%,0,0,0,0,0,0,0.00,0,0,0,0,0.00,0.00,0,0,0,0,0,0,0,0,0.0,0.0,0,0,0,0,0,0,0,0.0%,0,0.0,0,0,0,NA,0.0,-,-,0,NA,NA,NA,NA,0,NA,NA,-,-,0.0,NA,NA,NA,NA,NA,NA,NA,NA,NA,NA,NA,-,-,-,0,0.000,NA,NA,NA,NA,NA,NA,NA,NA,0.0,0,0.0%,NA,NA,NA,NA,NA,NA,NA,NA,NA,0.0%,NA,NA,vs ARI,17,IR,0.9,-0.9
1,13079,Jahdae Walker,WR,24.2,CHI,56.0,45,7.10,6.6,1,0,75,34,0,0.0%,0,0,0,0,0,0,0.00,0,0,0,0,0.00,0.00,1,1,0,0,1,1,0,1,1.0,1.0,0,0,0,1,0,0,0,45.3%,1,1.0,1,1,1,100.0%,1.0,-,-,0,NA,NA,NA,NA,0,NA,NA,-,-,0.0,NA,NA,NA,NA,NA,NA,15,0.07,0.000,0.067,3.4%,-,-,-,1,1.000,1.0,230%,0.0,0,1,0,0,1,1.0,1,0.0%,NA,NA,NA,NA,NA,NA,NA,NA,NA,0.0%,NA,NA,@ CAR,9,·,2.0,5.1
1,13477,Colbie Young,WR,24.2,CIN,999.0,999,0.00,0,1,0,64,9,0,0.0%,0,0,0,0,0,0,0.00,0,0,0,0,0.00,0.00,0,0,0,0,0,0,0,0,0.0,0.0,0,0,0,0,0,0,0,14.1%,0,0.0,0,0,0,NA,0.0,-,-,0,NA,NA,NA,NA,0,NA,NA,-,-,0.0,NA,NA,NA,NA,NA,NA,2,0.00,0.000,0.000,0.0%,-,-,-,0,0.000,NA,0%,0.0,NA,0,0,0,0,0.0,0,0.0%,NA,NA,NA,NA,NA,NA,NA,NA,NA,0.0%,NA,NA,vs TB,29,·,2.7,-2.7
1,13270,CJ Daniels,WR,24.7,LAR,0.0,0,0.00,0,0,0,0,0,0,0.0%,0,0,0,0,0,0,0.00,0,0,0,0,0.00,0.00,0,0,0,0,0,0,0,0,0.0,0.0,0,0,0,0,0,0,0,-,0,0.0,0,0,0,NA,0.0,-,-,NA,NA,NA,NA,NA,0,NA,NA,-,-,0.0,NA,NA,NA,NA,NA,NA,NA,NA,NA,NA,NA,-,-,-,0,0.000,NA,NA,NA,NA,NA,NA,NA,NA,NA,NA,0.0%,NA,NA,NA,NA,NA,NA,NA,NA,NA,0.0%,NA,NA,vs SF,28,·,·,#VALUE!
1,5857,Noah Fant,TE,28.8,NO,10.0,10,13.30,11.3,1,0,90,37,0,0.0%,0,0,0,0,0,0,0.00,0,0,0,0,0.00,0.00,4,18,0,1,1,8,15,33,8.3,4.1,0,0,0,33,0,0,0,41.1%,33,33.0,1,2,8,25.0%,2.0,-,-,0,NA,NA,NA,NA,0,NA,NA,-,-,0.0,NA,NA,NA,NA,NA,NA,18,1.83,0.056,0.444,14.3%,-,-,-,33,2.000,0.5,540%,0.1,4,1,1,5,1,8.0,4,0.0%,NA,NA,NA,NA,NA,NA,NA,NA,NA,0.0%,NA,NA,@ DET,2,·,3.3,10.0
1,11199,Emari Demercado,RB,27.6,DAL,71.0,69,0.70,0.7,1,0,58,5,0,0.0%,0,0,0,0,0,0,0.00,7,0,0,0,0.00,0.00,0,0,0,0,0,0,0,0,0.0,0.0,2,0,0,7,0,7,3.5,8.6%,7,7.0,0,0,2,0.0%,0.0,-,-,2,6,0,3.00,0.000,0,0.000,0.300,-,-,7.0,0.0,0.0%,0.0,0.00,1.0,0.0,2,0.00,0.000,0.000,0.0%,-,-,-,0,0.000,NA,NA,NA,NA,NA,NA,NA,NA,0.0,0,0.0%,NA,NA,NA,NA,NA,NA,NA,NA,NA,0.0%,NA,NA,@ NYG,11,·,6.1,-5.4
1,8225,Daniel Bellinger,TE,26.0,TEN,54.0,53,1.70,1.2,1,1,50,14,0,0.0%,0,0,0,0,0,0,0.00,0,0,0,0,0.00,0.00,1,1,0,0,0,1,6,7,7.0,7.0,0,0,0,7,0,0,0,28.0%,7,7.0,0,0,1,0.0%,0.0,-,-,0,NA,NA,NA,NA,0,NA,NA,-,-,0.0,NA,NA,NA,NA,NA,NA,6,1.17,0.000,0.167,3.1%,-,-,-,7,0.000,0.0,130%,0.0,6,0,0,0,0,1.0,1,0.0%,NA,NA,NA,NA,NA,NA,NA,NA,NA,0.0%,NA,NA,vs NYJ,23,·,5.2,-3.5
1,11629,Devontez Walker,WR,25.2,BAL,0.0,0,0.00,0,0,0,0,0,0,0.0%,0,0,0,0,0,0,0.00,0,0,0,0,0.00,0.00,0,0,0,0,0,0,0,0,0.0,0.0,0,0,0,0,0,0,0,-,0,0.0,0,0,0,NA,0.0,-,-,NA,NA,NA,NA,NA,0,NA,NA,-,-,0.0,NA,NA,NA,NA,NA,NA,NA,NA,NA,NA,NA,-,-,-,0,0.000,NA,NA,NA,NA,NA,NA,NA,NA,NA,NA,0.0%,NA,NA,NA,NA,NA,NA,NA,NA,NA,0.0%,NA,NA,@ IND,7,Q,Q,#VALUE!
1,12457,Jaydon Blue,RB,22.7,PHI,999.0,999,0.00,0,0,0,0,0,0,0.0%,0,0,0,0,0,0,0.00,0,0,0,0,0.00,0.00,0,0,0,0,0,0,0,0,0.0,0.0,0,0,0,0,0,0,0,-,0,0.0,0,0,0,NA,0.0,-,-,NA,NA,NA,NA,NA,0,NA,NA,-,-,0.0,NA,NA,NA,NA,NA,NA,NA,NA,NA,NA,NA,-,-,-,0,0.000,NA,NA,NA,NA,NA,NA,NA,NA,NA,NA,0.0%,NA,NA,NA,NA,NA,NA,NA,NA,NA,0.0%,NA,NA,vs WAS,24,·,·,#VALUE!
1,6039,Ty Johnson,RB,29.0,BUF,0.0,0,0.00,0,0,0,0,0,0,0.0%,0,0,0,0,0,0,0.00,0,0,0,0,0.00,0.00,0,0,0,0,0,0,0,0,0.0,0.0,0,0,0,0,0,0,0,-,0,0.0,0,0,0,NA,0.0,-,-,NA,NA,NA,NA,NA,0,NA,NA,-,-,0.0,NA,NA,NA,NA,NA,NA,NA,NA,NA,NA,NA,-,-,-,0,0.000,NA,NA,NA,NA,NA,NA,NA,NA,NA,NA,0.0%,NA,NA,NA,NA,NA,NA,NA,NA,NA,0.0%,NA,NA,@ HOU,29,Q,Q,#VALUE!
1,5848,Marquise Brown,WR,29.3,PHI,999.0,999,0.00,0,0,0,55,0,0,0.0%,0,0,0,0,0,0,0.00,0,0,0,0,0.00,0.00,0,0,0,0,0,0,0,0,0.0,0.0,0,0,0,0,0,0,0,0.0%,0,0.0,0,0,0,NA,0.0,-,-,NA,NA,NA,NA,NA,0,NA,NA,-,-,0.0,NA,NA,NA,NA,NA,NA,NA,NA,NA,NA,NA,-,-,-,0,0.000,NA,NA,NA,NA,NA,NA,NA,NA,NA,NA,0.0%,NA,NA,NA,NA,NA,NA,NA,NA,NA,0.0%,NA,NA,vs WAS,19,·,3.5,-3.5
1,2505,Darren Waller,TE,34.0,CAR,30.0,29,4.80,3.8,1,1,68,24,0,0.0%,0,0,0,0,0,0,0.00,0,0,0,0,0.00,0.00,2,8,0,2,0,2,20,28,14.0,14.0,0,0,0,28,0,0,0,35.3%,28,28.0,0,2,2,100.0%,2.0,-,-,0,NA,NA,NA,NA,0,NA,NA,-,-,0.0,NA,NA,NA,NA,NA,NA,15,1.87,0.133,0.133,5.3%,-,-,-,28,2.000,1.0,410%,0.0,10,0,0,1,0,2.0,2,0.0%,NA,NA,NA,NA,NA,NA,NA,NA,NA,0.0%,NA,NA,vs CHI,19,·,8.5,-3.7
1,10444,Cedric Tillman,WR,26.4,NO,999.0,999,0.00,0,0,0,0,0,0,0.0%,0,0,0,0,0,0,0.00,0,0,0,0,0.00,0.00,0,0,0,0,0,0,0,0,0.0,0.0,0,0,0,0,0,0,0,-,0,0.0,0,0,0,NA,0.0,-,-,NA,NA,NA,NA,NA,0,NA,NA,-,-,0.0,NA,NA,NA,NA,NA,NA,NA,NA,NA,NA,NA,-,-,-,0,0.000,NA,NA,NA,NA,NA,NA,NA,NA,NA,NA,0.0%,NA,NA,NA,NA,NA,NA,NA,NA,NA,0.0%,NA,NA,@ DET,2,·,·,#VALUE!
1,6271,Olamide Zaccheaus,WR,29.2,ATL,99.0,98,1.50,1,1,0,60,18,0,0.0%,0,0,0,0,0,0,0.00,0,0,0,0,0.00,0.00,1,5,0,0,0,1,0,5,5.0,5.0,0,0,0,5,0,0,0,30.0%,5,5.0,0,0,1,0.0%,0.0,-,-,0,NA,NA,NA,NA,0,NA,NA,-,-,0.0,NA,NA,NA,NA,NA,NA,9,0.56,0.000,0.111,4.5%,-,-,-,5,0.000,0.0,540%,0.1,0,0,0,0,0,1.0,1,0.0%,NA,NA,NA,NA,NA,NA,NA,NA,NA,0.0%,NA,NA,@ PIT,32,·,4.3,-2.8
1,11599,Cade Stover,TE,26.3,HOU,63.0,62,0.80,0.3,1,1,79,24,0,0.0%,0,0,0,0,0,0,0.00,0,0,0,0,0.00,0.00,1,-2,0,0,0,1,0,-2,-2.0,-2.0,0,0,0,-2,0,0,0,30.4%,-2,-2.0,0,0,1,0.0%,0.0,-,-,0,NA,NA,NA,NA,0,NA,NA,-,-,0.0,NA,NA,NA,NA,NA,NA,4,-0.50,0.000,0.250,2.6%,-,-,-,-2,0.000,0.0,-250%,0.0,0,0,0,0,0,1.0,1,0.0%,NA,NA,NA,NA,NA,NA,NA,NA,NA,0.0%,NA,NA,vs BUF,17,·,1.7,-0.9
1,11994,Kameron Johnson,WR,24.5,TB,999.0,999,0.00,0,1,0,57,5,0,0.0%,0,0,0,0,0,0,0.00,0,0,0,0,0.00,0.00,0,0,0,0,0,0,0,0,0.0,0.0,0,0,0,0,0,0,0,8.8%,0,0.0,0,0,0,NA,0.0,-,-,0,NA,NA,NA,NA,0,NA,NA,-,-,0.0,NA,NA,NA,NA,NA,NA,2,0.00,0.000,0.000,0.0%,-,-,-,0,0.000,NA,0%,0.0,NA,0,0,0,0,0.0,0,0.0%,NA,NA,NA,NA,NA,NA,NA,NA,NA,0.0%,NA,NA,@ CIN,20,·,0.7,-0.7
1,2306,Jameis Winston,QB,32.7,NYG,999.0,999,0.00,0,0,0,69,0,0,0.0%,0,0,0,0,0,0,0.00,0,0,0,0,0.00,0.00,0,0,0,0,0,0,0,0,0.0,0.0,0,0,0,0,0,0,0,0.0%,0,0.0,0,0,0,NA,0.0,-,-,NA,NA,NA,NA,NA,0,NA,NA,-,-,0.0,NA,NA,NA,NA,NA,NA,NA,NA,NA,NA,NA,-,-,-,0,0.000,NA,NA,NA,NA,NA,NA,NA,NA,NA,NA,0.0%,NA,NA,NA,NA,NA,NA,NA,NA,NA,0.0%,NA,NA,vs DAL,4,·,·,#VALUE!
1,7694,Tommy Tremble,TE,26.3,CAR,27.0,28,5.50,4,1,1,68,38,0,0.0%,0,0,0,0,0,0,0.00,0,0,0,0,0.00,0.00,3,16,0,2,0,5,9,25,8.3,5.0,0,0,0,25,0,0,0,55.9%,25,25.0,0,2,5,40.0%,2.0,-,-,0,NA,NA,NA,NA,0,NA,NA,-,-,0.0,NA,NA,NA,NA,NA,NA,18,1.39,0.111,0.278,13.2%,-,-,-,25,2.000,0.7,470%,0.1,3,0,1,2,0,5.0,3,0.0%,NA,NA,NA,NA,NA,NA,NA,NA,NA,0.0%,NA,NA,vs CHI,19,·,3.5,2.0
1,4454,Kendrick Bourne,WR,31.1,ARI,18.0,24,15.50,11.5,1,1,75,50,0,0.0%,0,0,0,0,0,0,0.00,0,0,0,0,0.00,0.00,8,40,0,5,0,8,35,75,9.4,9.4,0,0,0,75,0,0,0,66.7%,75,75.0,0,5,8,62.5%,5.0,-,-,0,NA,NA,NA,NA,0,NA,NA,-,-,0.0,NA,NA,NA,NA,NA,NA,29,2.59,0.172,0.276,21.6%,-,-,-,75,5.000,0.6,500%,0.1,4,1,1,6,0,8.0,8,0.0%,NA,NA,NA,NA,NA,NA,NA,NA,NA,0.0%,NA,NA,@ LAC,14,·,4.4,11.1
1,7587,Dyami Brown,WR,26.9,WAS,999.0,999,0.00,0,1,0,70,37,0,0.0%,0,0,0,0,0,0,0.00,0,0,0,0,0.00,0.00,0,0,0,0,0,2,0,0,0.0,0.0,0,0,0,0,0,0,0,52.9%,0,0.0,0,0,2,0.0%,0.0,-,-,0,NA,NA,NA,NA,0,NA,NA,-,-,0.0,NA,NA,NA,NA,NA,NA,22,0.00,0.000,0.091,5.9%,-,-,-,0,0.000,NA,3060%,0.2,NA,0,2,0,0,2.0,0,0.0%,NA,NA,NA,NA,NA,NA,NA,NA,NA,0.0%,NA,NA,@ PHI,10,·,0.4,-0.4
1,12472,Raheim Sanders,RB,24.3,CLE,40.0,42,5.60,4.1,1,0,51,18,0,0.0%,0,0,0,0,0,0,0.00,1,0,0,0,0.00,0.00,3,-6,0,1,0,3,31,25,8.3,8.3,1,0,0,26,0,1,1,35.3%,26,26.0,0,1,4,25.0%,1.0,-,-,1,1,2,0.50,2.000,0,0.000,2.050,-,-,1.0,0.0,0.0%,-2.0,-2.00,0.0,0.0,11,2.27,0.091,0.273,13.6%,-,-,-,25,1.000,0.3,NA,NA,10,NA,NA,NA,NA,3.0,3,0.0%,NA,NA,NA,NA,NA,NA,NA,NA,NA,0.0%,NA,NA,@ JAX,25,·,0.1,5.5
1,3271,Tyler Higbee,TE,33.7,LAR,62.0,63,1.20,0.2,1,0,61,12,1,0.0%,0,0,0,0,0,0,0.00,0,0,0,0,0.00,0.00,2,9,0,0,0,2,3,12,6.0,6.0,0,0,0,12,0,0,0,19.7%,12,12.0,0,0,2,0.0%,0.0,-,-,0,NA,NA,NA,NA,0,NA,NA,-,-,0.0,NA,NA,NA,NA,NA,NA,4,3.00,0.000,0.500,7.1%,-,-,-,12,0.000,0.0,390%,0.0,2,0,0,1,0,2.0,2,0.0%,NA,NA,NA,NA,NA,NA,NA,NA,NA,0.0%,NA,NA,vs SF,30,·,2.3,-1.1
1,13282,Jack Endries,TE,22.5,CIN,0.0,0,0.00,0,0,0,0,0,0,0.0%,0,0,0,0,0,0,0.00,0,0,0,0,0.00,0.00,0,0,0,0,0,0,0,0,0.0,0.0,0,0,0,0,0,0,0,-,0,0.0,0,0,0,NA,0.0,-,-,NA,NA,NA,NA,NA,0,NA,NA,-,-,0.0,NA,NA,NA,NA,NA,NA,NA,NA,NA,NA,NA,-,-,-,0,0.000,NA,NA,NA,NA,NA,NA,NA,NA,NA,NA,0.0%,NA,NA,NA,NA,NA,NA,NA,NA,NA,0.0%,NA,NA,vs TB,4,·,·,#VALUE!
1,11651,Isaac Guerendo,RB,26.2,SF,999.0,999,0.00,0,0,0,0,0,0,0.0%,0,0,0,0,0,0,0.00,0,0,0,0,0.00,0.00,0,0,0,0,0,0,0,0,0.0,0.0,0,0,0,0,0,0,0,-,0,0.0,0,0,0,NA,0.0,-,-,NA,NA,NA,NA,NA,0,NA,NA,-,-,0.0,NA,NA,NA,NA,NA,NA,NA,NA,NA,NA,NA,-,-,-,0,0.000,NA,NA,NA,NA,NA,NA,NA,NA,NA,NA,0.0%,NA,NA,NA,NA,NA,NA,NA,NA,NA,0.0%,NA,NA,@ LAR,19,PUP,PUP,#VALUE!
1,7596,Elijah Moore,WR,26.5,PHI,0.0,0,0.00,0,0,0,0,0,0,0.0%,0,0,0,0,0,0,0.00,0,0,0,0,0.00,0.00,0,0,0,0,0,0,0,0,0.0,0.0,0,0,0,0,0,0,0,-,0,0.0,0,0,0,NA,0.0,-,-,NA,NA,NA,NA,NA,0,NA,NA,-,-,0.0,NA,NA,NA,NA,NA,NA,NA,NA,NA,NA,NA,-,-,-,0,0.000,NA,NA,NA,NA,NA,NA,NA,NA,NA,NA,0.0%,NA,NA,NA,NA,NA,NA,NA,NA,NA,0.0%,NA,NA,vs WAS,19,·,·,#VALUE!
1,6130,Devin Singletary,RB,29.0,NYG,20.0,21,13.80,11.8,1,0,69,25,0,0.0%,0,0,0,0,0,0,0.00,16,0,0,0,0.00,0.00,4,-16,0,1,1,4,38,22,5.5,5.5,6,0,0,38,0,16,2.67,36.2%,38,38.0,1,2,10,20.0%,2.0,-,-,6,14,1,2.30,0.167,0,0.000,0.397,-,-,16.0,0.0,0.0%,-12.0,-2.00,1.0,0.0,18,1.22,0.056,0.222,13.8%,-,-,-,22,2.000,0.5,NA,NA,10,NA,NA,NA,NA,4.0,4,0.0%,NA,NA,NA,NA,NA,NA,NA,NA,NA,0.0%,NA,NA,vs DAL,9,·,3.7,10.1
1,11616,Jacob Cowing,WR,25.6,SF,999.0,999,0.00,0,1,0,65,5,0,0.0%,0,0,0,0,0,0,0.00,0,0,0,0,0.00,0.00,0,0,0,0,0,0,0,0,0.0,0.0,0,0,0,0,0,0,0,7.7%,0,0.0,0,0,0,NA,0.0,-,-,0,NA,NA,NA,NA,0,NA,NA,-,-,0.0,NA,NA,NA,NA,NA,NA,3,0.00,0.000,0.000,0.0%,-,-,-,0,0.000,NA,0%,0.0,NA,0,0,0,0,0.0,0,0.0%,NA,NA,NA,NA,NA,NA,NA,NA,NA,0.0%,NA,NA,@ LAR,4,·,0.0,0.0
1,13408,Tanner Koziol,TE,23.6,JAX,0.0,0,0.00,0,0,0,0,0,0,0.0%,0,0,0,0,0,0,0.00,0,0,0,0,0.00,0.00,0,0,0,0,0,0,0,0,0.0,0.0,0,0,0,0,0,0,0,-,0,0.0,0,0,0,NA,0.0,-,-,NA,NA,NA,NA,NA,0,NA,NA,-,-,0.0,NA,NA,NA,NA,NA,NA,NA,NA,NA,NA,NA,-,-,-,0,0.000,NA,NA,NA,NA,NA,NA,NA,NA,NA,NA,0.0%,NA,NA,NA,NA,NA,NA,NA,NA,NA,0.0%,NA,NA,vs CLE,15,·,·,#VALUE!
1,12634,Jordan Watkins,WR,24.6,SF,0.0,0,0.00,0,0,0,0,0,0,0.0%,0,0,0,0,0,0,0.00,0,0,0,0,0.00,0.00,0,0,0,0,0,0,0,0,0.0,0.0,0,0,0,0,0,0,0,-,0,0.0,0,0,0,NA,0.0,-,-,NA,NA,NA,NA,NA,0,NA,NA,-,-,0.0,NA,NA,NA,NA,NA,NA,NA,NA,NA,NA,NA,-,-,-,0,0.000,NA,NA,NA,NA,NA,NA,NA,NA,NA,NA,0.0%,NA,NA,NA,NA,NA,NA,NA,NA,NA,0.0%,NA,NA,@ LAR,4,·,·,#VALUE!
1,11617,Malachi Corley,WR,24.5,CLE,999.0,999,0.00,0,1,0,51,0,0,0.0%,0,0,0,0,0,0,0.00,0,0,0,0,0.00,0.00,0,0,0,0,0,0,0,0,0.0,0.0,0,0,0,0,0,0,0,0.0%,0,0.0,0,0,0,NA,0.0,-,-,0,NA,NA,NA,NA,0,NA,NA,-,-,0.0,NA,NA,NA,NA,NA,NA,NA,NA,NA,NA,NA,-,-,-,0,0.000,NA,NA,NA,NA,NA,NA,NA,NA,0.0,0,0.0%,NA,NA,NA,NA,NA,NA,NA,NA,NA,0.0%,NA,NA,@ JAX,18,·,0.2,-0.2
1,12718,Konata Mumpfield,WR,23.9,LAR,999.0,999,0.00,0,1,0,61,16,0,0.0%,0,0,0,0,0,0,0.00,0,0,0,0,0.00,0.00,0,0,0,0,0,1,0,0,0.0,0.0,0,0,0,0,0,0,0,26.2%,0,0.0,0,0,1,0.0%,0.0,-,-,0,NA,NA,NA,NA,0,NA,NA,-,-,0.0,NA,NA,NA,NA,NA,NA,10,0.00,0.000,0.100,3.6%,-,-,-,0,0.000,NA,1240%,0.1,NA,0,1,0,0,1.0,0,0.0%,NA,NA,NA,NA,NA,NA,NA,NA,NA,0.0%,NA,NA,vs SF,28,·,1.8,-1.8
1,9492,Trey Palmer,WR,25.4,NO,999.0,999,0.00,0,0,0,0,0,0,0.0%,0,0,0,0,0,0,0.00,0,0,0,0,0.00,0.00,0,0,0,0,0,0,0,0,0.0,0.0,0,0,0,0,0,0,0,-,0,0.0,0,0,0,NA,0.0,-,-,NA,NA,NA,NA,NA,0,NA,NA,-,-,0.0,NA,NA,NA,NA,NA,NA,NA,NA,NA,NA,NA,-,-,-,0,0.000,NA,NA,NA,NA,NA,NA,NA,NA,NA,NA,0.0%,NA,NA,NA,NA,NA,NA,NA,NA,NA,0.0%,NA,NA,@ DET,2,·,·,#VALUE!
1,13401,Michael Trigg,TE,24.2,DAL,999.0,999,0.00,0,0,0,0,0,0,0.0%,0,0,0,0,0,0,0.00,0,0,0,0,0.00,0.00,0,0,0,0,0,0,0,0,0.0,0.0,0,0,0,0,0,0,0,-,0,0.0,0,0,0,NA,0.0,-,-,NA,NA,NA,NA,NA,0,NA,NA,-,-,0.0,NA,NA,NA,NA,NA,NA,NA,NA,NA,NA,NA,-,-,-,0,0.000,NA,NA,NA,NA,NA,NA,NA,NA,NA,NA,0.0%,NA,NA,NA,NA,NA,NA,NA,NA,NA,0.0%,NA,NA,@ NYG,24,·,·,#VALUE!
1,11570,Rasheen Ali,RB,25.6,BAL,999.0,999,0.00,0,1,0,68,0,0,0.0%,0,0,0,0,0,0,0.00,0,0,0,0,0.00,0.00,0,0,0,0,0,0,0,0,0.0,0.0,0,0,0,0,0,0,0,0.0%,0,0.0,0,0,0,NA,0.0,-,-,0,NA,NA,NA,NA,0,NA,NA,-,-,0.0,NA,NA,NA,NA,NA,NA,NA,NA,NA,NA,NA,-,-,-,0,0.000,NA,NA,NA,NA,NA,NA,NA,NA,0.0,0,0.0%,NA,NA,NA,NA,NA,NA,NA,NA,NA,0.0%,NA,NA,@ IND,3,·,0.3,-0.3
1,12486,Dillon Gabriel,QB,25.7,CLE,999.0,999,0.00,0,0,0,0,0,0,0.0%,0,0,0,0,0,0,0.00,0,0,0,0,0.00,0.00,0,0,0,0,0,0,0,0,0.0,0.0,0,0,0,0,0,0,0,-,0,0.0,0,0,0,NA,0.0,-,-,NA,NA,NA,NA,NA,0,NA,NA,-,-,0.0,NA,NA,NA,NA,NA,NA,NA,NA,NA,NA,NA,-,-,-,0,0.000,NA,NA,NA,NA,NA,NA,NA,NA,NA,NA,0.0%,NA,NA,NA,NA,NA,NA,NA,NA,NA,0.0%,NA,NA,@ JAX,21,IR,IR,#VALUE!
1,7585,Davis Mills,QB,27.9,HOU,999.0,999,0.00,0,0,0,79,0,0,0.0%,0,0,0,0,0,0,0.00,0,0,0,0,0.00,0.00,0,0,0,0,0,0,0,0,0.0,0.0,0,0,0,0,0,0,0,0.0%,0,0.0,0,0,0,NA,0.0,-,-,NA,NA,NA,NA,NA,0,NA,NA,-,-,0.0,NA,NA,NA,NA,NA,NA,NA,NA,NA,NA,NA,-,-,-,0,0.000,NA,NA,NA,NA,NA,NA,NA,NA,NA,NA,0.0%,NA,NA,NA,NA,NA,NA,NA,NA,NA,0.0%,NA,NA,vs BUF,16,·,·,#VALUE!
1,7083,Tyler Huntley,QB,28.6,BAL,999.0,999,0.00,0,0,0,68,0,0,0.0%,0,0,0,0,0,0,0.00,0,0,0,0,0.00,0.00,0,0,0,0,0,0,0,0,0.0,0.0,0,0,0,0,0,0,0,0.0%,0,0.0,0,0,0,NA,0.0,-,-,NA,NA,NA,NA,NA,0,NA,NA,-,-,0.0,NA,NA,NA,NA,NA,NA,NA,NA,NA,NA,NA,-,-,-,0,0.000,NA,NA,NA,NA,NA,NA,NA,NA,NA,NA,0.0%,NA,NA,NA,NA,NA,NA,NA,NA,NA,0.0%,NA,NA,@ IND,7,·,·,#VALUE!
1,10225,Jonathan Mingo,WR,25.4,DAL,94.0,93,2.00,1.5,1,0,58,11,0,0.0%,0,0,0,0,0,0,0.00,0,0,0,0,0.00,0.00,1,11,0,1,0,1,-1,10,10.0,10.0,0,0,0,10,0,0,0,19.0%,10,10.0,0,1,1,100.0%,1.0,-,-,0,NA,NA,NA,NA,0,NA,NA,-,-,0.0,NA,NA,NA,NA,NA,NA,7,1.43,0.143,0.143,2.9%,-,-,-,10,1.000,1.0,1280%,0.1,-1,0,1,0,0,1.0,1,0.0%,NA,NA,NA,NA,NA,NA,NA,NA,NA,0.0%,NA,NA,@ NYG,15,·,0.4,1.6
1,5970,Greg Dortch,WR,28.3,BUF,999.0,999,0.00,0,1,0,58,0,0,0.0%,0,0,0,0,0,0,0.00,0,0,0,0,0.00,0.00,0,0,0,0,0,0,0,0,0.0,0.0,0,0,0,0,0,0,0,0.0%,0,0.0,0,0,0,NA,0.0,-,-,0,NA,NA,NA,NA,0,NA,NA,-,-,0.0,NA,NA,NA,NA,NA,NA,NA,NA,NA,NA,NA,-,-,-,0,0.000,NA,NA,NA,NA,NA,NA,NA,NA,0.0,0,0.0%,NA,NA,NA,NA,NA,NA,NA,NA,NA,0.0%,NA,NA,@ HOU,5,·,·,#VALUE!
1,11439,Jaleel McLaughlin,RB,26.0,CLE,999.0,999,0.00,0,0,0,0,0,0,0.0%,0,0,0,0,0,0,0.00,0,0,0,0,0.00,0.00,0,0,0,0,0,0,0,0,0.0,0.0,0,0,0,0,0,0,0,-,0,0.0,0,0,0,NA,0.0,-,-,NA,NA,NA,NA,NA,0,NA,NA,-,-,0.0,NA,NA,NA,NA,NA,NA,NA,NA,NA,NA,NA,-,-,-,0,0.000,NA,NA,NA,NA,NA,NA,NA,NA,NA,NA,0.0%,NA,NA,NA,NA,NA,NA,NA,NA,NA,0.0%,NA,NA,@ JAX,25,·,·,#VALUE!
1,8125,Calvin Austin III,WR,27.5,NYG,999.0,999,0.00,0,0,0,0,0,0,0.0%,0,0,0,0,0,0,0.00,0,0,0,0,0.00,0.00,0,0,0,0,0,0,0,0,0.0,0.0,0,0,0,0,0,0,0,-,0,0.0,0,0,0,NA,0.0,-,-,NA,NA,NA,NA,NA,0,NA,NA,-,-,0.0,NA,NA,NA,NA,NA,NA,NA,NA,NA,NA,NA,-,-,-,0,0.000,NA,NA,NA,NA,NA,NA,NA,NA,NA,NA,0.0%,NA,NA,NA,NA,NA,NA,NA,NA,NA,0.0%,NA,NA,vs DAL,26,IR,IR,#VALUE!
1,13348,J'Mari Taylor,RB,24.6,JAX,999.0,999,0.00,0,0,0,0,0,0,0.0%,0,0,0,0,0,0,0.00,0,0,0,0,0.00,0.00,0,0,0,0,0,0,0,0,0.0,0.0,0,0,0,0,0,0,0,-,0,0.0,0,0,0,NA,0.0,-,-,NA,NA,NA,NA,NA,0,NA,NA,-,-,0.0,NA,NA,NA,NA,NA,NA,NA,NA,NA,NA,NA,-,-,-,0,0.000,NA,NA,NA,NA,NA,NA,NA,NA,NA,NA,0.0%,NA,NA,NA,NA,NA,NA,NA,NA,NA,0.0%,NA,NA,vs CLE,21,·,·,#VALUE!
1,12520,Xavier Restrepo,WR,24.4,TEN,999.0,999,0.00,0,0,0,0,0,0,0.0%,0,0,0,0,0,0,0.00,0,0,0,0,0.00,0.00,0,0,0,0,0,0,0,0,0.0,0.0,0,0,0,0,0,0,0,-,0,0.0,0,0,0,NA,0.0,-,-,NA,NA,NA,NA,NA,0,NA,NA,-,-,0.0,NA,NA,NA,NA,NA,NA,NA,NA,NA,NA,NA,-,-,-,0,0.000,NA,NA,NA,NA,NA,NA,NA,NA,NA,NA,0.0%,NA,NA,NA,NA,NA,NA,NA,NA,NA,0.0%,NA,NA,vs NYJ,23,·,·,#VALUE!
1,12473,Mitchell Evans,TE,23.5,CAR,51.0,51,1.90,1.4,1,0,68,27,0,0.0%,0,0,0,0,0,0,0.00,0,0,0,0,0.00,0.00,1,5,0,0,0,2,4,9,9.0,4.5,0,0,0,9,0,0,0,39.7%,9,9.0,0,0,2,0.0%,0.0,-,-,0,NA,NA,NA,NA,0,NA,NA,-,-,0.0,NA,NA,NA,NA,NA,NA,8,1.13,0.000,0.250,5.3%,-,-,-,9,0.000,0.0,770%,0.0,4,2,1,1,1,2.0,1,0.0%,NA,NA,NA,NA,NA,NA,NA,NA,NA,0.0%,NA,NA,vs CHI,19,·,1.1,0.8
1,9497,Jalin Hyatt,WR,25.0,NYG,999.0,999,0.00,0,0,0,0,0,0,0.0%,0,0,0,0,0,0,0.00,0,0,0,0,0.00,0.00,0,0,0,0,0,0,0,0,0.0,0.0,0,0,0,0,0,0,0,-,0,0.0,0,0,0,NA,0.0,-,-,NA,NA,NA,NA,NA,0,NA,NA,-,-,0.0,NA,NA,NA,NA,NA,NA,NA,NA,NA,NA,NA,-,-,-,0,0.000,NA,NA,NA,NA,NA,NA,NA,NA,NA,NA,0.0%,NA,NA,NA,NA,NA,NA,NA,NA,NA,0.0%,NA,NA,vs DAL,26,·,·,#VALUE!
1,6943,Gabriel Davis,WR,27.5,FA,0.0,0,0.00,0,0,0,0,0,0,0.0%,0,0,0,0,0,0,0.00,0,0,0,0,0.00,0.00,0,0,0,0,0,0,0,0,0.0,0.0,0,0,0,0,0,0,0,-,0,0.0,0,0,0,NA,0.0,-,-,NA,NA,NA,NA,NA,0,NA,NA,-,-,0.0,NA,NA,NA,NA,NA,NA,NA,NA,NA,NA,NA,-,-,-,0,0.000,NA,NA,NA,NA,NA,NA,NA,NA,NA,NA,0.0%,NA,NA,NA,NA,NA,NA,NA,NA,NA,0.0%,NA,NA,NA,,Q,Q,#VALUE!
1,4177,Mack Hollins,WR,33.0,NE,39.0,41,9.10,7.1,1,1,71,50,0,0.0%,0,0,0,0,0,0,0.00,0,0,0,0,0.00,0.00,4,46,0,1,0,5,5,51,12.8,10.2,0,0,0,51,0,0,0,70.4%,51,51.0,0,1,5,20.0%,1.0,-,-,0,NA,NA,NA,NA,0,NA,NA,-,-,0.0,NA,NA,NA,NA,NA,NA,22,2.32,0.045,0.227,15.2%,-,-,-,51,1.000,0.3,1340%,0.3,1,1,3,1,1,5.0,4,0.0%,NA,NA,NA,NA,NA,NA,NA,NA,NA,0.0%,NA,NA,@ SEA,27,·,3.6,5.5
1,10871,Luke Schoonmaker,TE,28.0,DAL,48.0,47,2.20,1.7,1,0,58,13,0,0.0%,0,0,0,0,0,0,0.00,0,0,0,0,0.00,0.00,1,12,0,0,0,1,0,12,12.0,12.0,0,0,0,12,0,0,0,22.4%,12,12.0,0,0,1,0.0%,0.0,-,-,0,NA,NA,NA,NA,0,NA,NA,-,-,0.0,NA,NA,NA,NA,NA,NA,5,2.40,0.000,0.200,2.9%,-,-,-,12,0.000,0.0,1150%,0.0,0,0,1,0,0,1.0,1,0.0%,NA,NA,NA,NA,NA,NA,NA,NA,NA,0.0%,NA,NA,@ NYG,24,·,1.4,0.8
1,12542,Efton Chism,WR,24.9,NE,0.0,0,0.00,0,0,0,0,0,0,0.0%,0,0,0,0,0,0,0.00,0,0,0,0,0.00,0.00,0,0,0,0,0,0,0,0,0.0,0.0,0,0,0,0,0,0,0,-,0,0.0,0,0,0,NA,0.0,-,-,NA,NA,NA,NA,NA,0,NA,NA,-,-,0.0,NA,NA,NA,NA,NA,NA,NA,NA,NA,NA,NA,-,-,-,0,0.000,NA,NA,NA,NA,NA,NA,NA,NA,NA,NA,0.0%,NA,NA,NA,NA,NA,NA,NA,NA,NA,0.0%,NA,NA,@ SEA,27,·,·,#VALUE!
1,12516,Kalel Mullings,RB,24.0,TEN,999.0,999,0.00,0,0,0,0,0,0,0.0%,0,0,0,0,0,0,0.00,0,0,0,0,0.00,0.00,0,0,0,0,0,0,0,0,0.0,0.0,0,0,0,0,0,0,0,-,0,0.0,0,0,0,NA,0.0,-,-,NA,NA,NA,NA,NA,0,NA,NA,-,-,0.0,NA,NA,NA,NA,NA,NA,NA,NA,NA,NA,NA,-,-,-,0,0.000,NA,NA,NA,NA,NA,NA,NA,NA,NA,NA,0.0%,NA,NA,NA,NA,NA,NA,NA,NA,NA,0.0%,NA,NA,vs NYJ,31,·,·,#VALUE!
1,13322,Sam Roush,TE,23.0,CHI,999.0,999,0.00,0,1,0,75,12,0,0.0%,0,0,0,0,0,0,0.00,0,0,0,0,0.00,0.00,0,0,0,0,0,0,0,0,0.0,0.0,0,0,0,0,0,0,0,16.0%,0,0.0,0,0,0,NA,0.0,-,-,0,NA,NA,NA,NA,0,NA,NA,-,-,0.0,NA,NA,NA,NA,NA,NA,5,0.00,0.000,0.000,0.0%,-,-,-,0,0.000,NA,0%,0.0,NA,0,0,0,0,0.0,0,0.0%,NA,NA,NA,NA,NA,NA,NA,NA,NA,0.0%,NA,NA,@ CAR,16,·,1.9,-1.9
1,9230,Tanner McKee,QB,26.4,PHI,0.0,0,0.00,0,0,0,0,0,0,0.0%,0,0,0,0,0,0,0.00,0,0,0,0,0.00,0.00,0,0,0,0,0,0,0,0,0.0,0.0,0,0,0,0,0,0,0,-,0,0.0,0,0,0,NA,0.0,-,-,NA,NA,NA,NA,NA,0,NA,NA,-,-,0.0,NA,NA,NA,NA,NA,NA,NA,NA,NA,NA,NA,-,-,-,0,0.000,NA,NA,NA,NA,NA,NA,NA,NA,NA,NA,0.0%,NA,NA,NA,NA,NA,NA,NA,NA,NA,0.0%,NA,NA,vs WAS,8,·,·,#VALUE!
1,6149,Darius Slayton,WR,29.7,FA,0.0,0,0.00,0,0,0,0,0,0,0.0%,0,0,0,0,0,0,0.00,0,0,0,0,0.00,0.00,0,0,0,0,0,0,0,0,0.0,0.0,0,0,0,0,0,0,0,-,0,0.0,0,0,0,NA,0.0,-,-,NA,NA,NA,NA,NA,0,NA,NA,-,-,0.0,NA,NA,NA,NA,NA,NA,NA,NA,NA,NA,NA,-,-,-,0,0.000,NA,NA,NA,NA,NA,NA,NA,NA,NA,NA,0.0%,NA,NA,NA,NA,NA,NA,NA,NA,NA,0.0%,NA,NA,NA,,·,·,#VALUE!
1,11729,Sione Vaki,RB,25.1,DET,59.0,59,2.80,2.3,1,0,77,22,0,0.0%,0,0,0,0,0,0,0.00,7,0,0,0,0.00,0.00,1,2,0,1,0,1,9,11,11.0,11.0,2,0,0,18,0,7,3.5,28.6%,18,18.0,0,1,3,33.3%,1.0,-,-,2,3,1,1.60,0.500,0,0.000,0.660,-,-,7.0,0.0,0.0%,-2.0,-1.00,1.0,1.0,17,0.65,0.059,0.059,2.6%,-,-,-,11,1.000,1.0,NA,NA,9,NA,NA,NA,NA,1.0,1,0.0%,NA,NA,NA,NA,NA,NA,NA,NA,NA,0.0%,NA,NA,vs NO,5,·,0.4,2.4
1,8162,Sam Howell,QB,26.0,DAL,999.0,999,0.00,0,0,0,58,0,0,0.0%,0,0,0,0,0,0,0.00,0,0,0,0,0.00,0.00,0,0,0,0,0,0,0,0,0.0,0.0,0,0,0,0,0,0,0,0.0%,0,0.0,0,0,0,NA,0.0,-,-,NA,NA,NA,NA,NA,0,NA,NA,-,-,0.0,NA,NA,NA,NA,NA,NA,NA,NA,NA,NA,NA,-,-,-,0,0.000,NA,NA,NA,NA,NA,NA,NA,NA,NA,NA,0.0%,NA,NA,NA,NA,NA,NA,NA,NA,NA,0.0%,NA,NA,@ NYG,19,·,·,#VALUE!
1,4147,Samaje Perine,RB,31.0,CIN,36.0,37,8.00,6.5,1,0,64,18,0,0.0%,0,0,0,0,0,0,0.00,20,0,0,0,0.00,0.00,3,3,0,2,0,3,27,30,10.0,10.0,5,0,1,50,0,20,4,28.1%,50,50.0,0,3,8,37.5%,3.0,-,-,5,8,1,1.60,0.200,1,0.200,0.360,-,-,20.0,0.0,0.0%,-1.0,-0.20,1.0,0.0,8,3.75,0.250,0.375,8.6%,-,-,-,30,2.000,0.7,NA,NA,9,NA,NA,NA,NA,3.0,3,0.0%,NA,NA,NA,NA,NA,NA,NA,NA,NA,0.0%,NA,NA,vs TB,13,·,5.6,2.4
1,10231,Elijah Higgins,TE,25.9,ARI,999.0,999,0.00,0,1,0,75,20,0,0.0%,0,0,0,0,0,0,0.00,0,0,0,0,0.00,0.00,0,0,0,0,0,0,0,0,0.0,0.0,0,0,0,0,0,0,0,26.7%,0,0.0,0,0,0,NA,0.0,-,-,0,NA,NA,NA,NA,0,NA,NA,-,-,0.0,NA,NA,NA,NA,NA,NA,4,0.00,0.000,0.000,0.0%,-,-,-,0,0.000,NA,0%,0.0,NA,0,0,0,0,0.0,0,0.0%,NA,NA,NA,NA,NA,NA,NA,NA,NA,0.0%,NA,NA,@ LAC,5,·,2.9,-2.9
1,8917,KaVontae Turpin,WR,30.1,DAL,97.0,96,1.80,1.3,1,0,58,8,0,0.0%,0,0,0,0,0,0,0.00,0,0,0,0,0.00,0.00,1,1,0,1,0,1,7,8,8.0,8.0,0,0,0,8,0,0,0,13.8%,8,8.0,0,1,1,100.0%,1.0,-,-,0,NA,NA,NA,NA,0,NA,NA,-,-,0.0,NA,NA,NA,NA,NA,NA,5,1.60,0.200,0.200,2.9%,-,-,-,8,1.000,1.0,90%,0.0,7,0,0,1,0,1.0,1,0.0%,NA,NA,NA,NA,NA,NA,NA,NA,NA,0.0%,NA,NA,@ NYG,15,·,3.8,-2.0
1,8118,David Bell,WR,25.8,FA,0.0,0,0.00,0,0,0,0,0,0,0.0%,0,0,0,0,0,0,0.00,0,0,0,0,0.00,0.00,0,0,0,0,0,0,0,0,0.0,0.0,0,0,0,0,0,0,0,-,0,0.0,0,0,0,NA,0.0,-,-,NA,NA,NA,NA,NA,0,NA,NA,-,-,0.0,NA,NA,NA,NA,NA,NA,NA,NA,NA,NA,NA,-,-,-,0,0.000,NA,NA,NA,NA,NA,NA,NA,NA,NA,NA,0.0%,NA,NA,NA,NA,NA,NA,NA,NA,NA,0.0%,NA,NA,NA,,·,·,#VALUE!
1,3321,Tyreek Hill,WR,32.5,FA,0.0,0,0.00,0,0,0,0,0,0,0.0%,0,0,0,0,0,0,0.00,0,0,0,0,0.00,0.00,0,0,0,0,0,0,0,0,0.0,0.0,0,0,0,0,0,0,0,-,0,0.0,0,0,0,NA,0.0,-,-,NA,NA,NA,NA,NA,0,NA,NA,-,-,0.0,NA,NA,NA,NA,NA,NA,NA,NA,NA,NA,NA,-,-,-,0,0.000,NA,NA,NA,NA,NA,NA,NA,NA,NA,NA,0.0%,NA,NA,NA,NA,NA,NA,NA,NA,NA,0.0%,NA,NA,NA,,·,·,#VALUE!
1,8122,Bam Knight,RB,25.4,ARI,999.0,999,0.00,0,1,0,75,3,0,0.0%,0,0,0,0,0,0,0.00,0,0,0,0,0.00,0.00,0,0,0,0,0,0,0,0,0.0,0.0,0,0,0,0,0,0,0,4.0%,0,0.0,0,0,0,NA,0.0,-,-,0,NA,NA,NA,NA,0,NA,NA,-,-,0.0,NA,NA,NA,NA,NA,NA,NA,NA,NA,NA,NA,-,-,-,0,0.000,NA,NA,NA,NA,NA,NA,NA,NA,0.0,0,0.0%,NA,NA,NA,NA,NA,NA,NA,NA,NA,0.0%,NA,NA,@ LAC,17,·,·,#VALUE!
1,8129,Dameon Pierce,RB,26.6,PHI,999.0,999,0.00,0,0,0,0,0,0,0.0%,0,0,0,0,0,0,0.00,0,0,0,0,0.00,0.00,0,0,0,0,0,0,0,0,0.0,0.0,0,0,0,0,0,0,0,-,0,0.0,0,0,0,NA,0.0,-,-,NA,NA,NA,NA,NA,0,NA,NA,-,-,0.0,NA,NA,NA,NA,NA,NA,NA,NA,NA,NA,NA,-,-,-,0,0.000,NA,NA,NA,NA,NA,NA,NA,NA,NA,NA,0.0%,NA,NA,NA,NA,NA,NA,NA,NA,NA,0.0%,NA,NA,vs WAS,24,·,·,#VALUE!
1,10214,Davis Allen,TE,25.6,LAR,46.0,45,2.30,1.8,1,0,61,21,0,0.0%,0,0,0,0,0,0,0.00,0,0,0,0,0.00,0.00,1,-1,0,1,0,1,14,13,13.0,13.0,0,0,0,13,0,0,0,34.4%,13,13.0,0,1,1,100.0%,1.0,-,-,0,NA,NA,NA,NA,0,NA,NA,-,-,0.0,NA,NA,NA,NA,NA,NA,4,3.25,0.250,0.250,3.6%,-,-,-,13,1.000,1.0,-120%,0.0,14,0,0,0,0,1.0,1,0.0%,NA,NA,NA,NA,NA,NA,NA,NA,NA,0.0%,NA,NA,vs SF,30,·,2.0,0.3
1,9227,Israel Abanikanda,RB,24.0,DAL,0.0,0,0.00,0,0,0,0,0,0,0.0%,0,0,0,0,0,0,0.00,0,0,0,0,0.00,0.00,0,0,0,0,0,0,0,0,0.0,0.0,0,0,0,0,0,0,0,-,0,0.0,0,0,0,NA,0.0,-,-,NA,NA,NA,NA,NA,0,NA,NA,-,-,0.0,NA,NA,NA,NA,NA,NA,NA,NA,NA,NA,NA,-,-,-,0,0.000,NA,NA,NA,NA,NA,NA,NA,NA,NA,NA,0.0%,NA,NA,NA,NA,NA,NA,NA,NA,NA,0.0%,NA,NA,@ NYG,11,·,·,#VALUE!
1,11645,Javon Baker,WR,24.6,FA,0.0,0,0.00,0,0,0,0,0,0,0.0%,0,0,0,0,0,0,0.00,0,0,0,0,0.00,0.00,0,0,0,0,0,0,0,0,0.0,0.0,0,0,0,0,0,0,0,-,0,0.0,0,0,0,NA,0.0,-,-,NA,NA,NA,NA,NA,0,NA,NA,-,-,0.0,NA,NA,NA,NA,NA,NA,NA,NA,NA,NA,NA,-,-,-,0,0.000,NA,NA,NA,NA,NA,NA,NA,NA,NA,NA,0.0%,NA,NA,NA,NA,NA,NA,NA,NA,NA,0.0%,NA,NA,NA,,·,·,#VALUE!
1,11595,Jared Wiley,TE,25.9,KC,0.0,0,0.00,0,0,0,0,0,0,0.0%,0,0,0,0,0,0,0.00,0,0,0,0,0.00,0.00,0,0,0,0,0,0,0,0,0.0,0.0,0,0,0,0,0,0,0,-,0,0.0,0,0,0,NA,0.0,-,-,NA,NA,NA,NA,NA,0,NA,NA,-,-,0.0,NA,NA,NA,NA,NA,NA,NA,NA,NA,NA,NA,-,-,-,0,0.000,NA,NA,NA,NA,NA,NA,NA,NA,NA,NA,0.0%,NA,NA,NA,NA,NA,NA,NA,NA,NA,0.0%,NA,NA,vs DEN,13,·,·,#VALUE!
1,8207,Tyler Goodson,RB,25.8,DAL,999.0,999,0.00,0,0,0,0,0,0,0.0%,0,0,0,0,0,0,0.00,0,0,0,0,0.00,0.00,0,0,0,0,0,0,0,0,0.0,0.0,0,0,0,0,0,0,0,-,0,0.0,0,0,0,NA,0.0,-,-,NA,NA,NA,NA,NA,0,NA,NA,-,-,0.0,NA,NA,NA,NA,NA,NA,NA,NA,NA,NA,NA,-,-,-,0,0.000,NA,NA,NA,NA,NA,NA,NA,NA,NA,NA,0.0%,NA,NA,NA,NA,NA,NA,NA,NA,NA,0.0%,NA,NA,@ NYG,11,·,·,#VALUE!
1,2307,Marcus Mariota,QB,32.9,WAS,999.0,999,0.00,0,0,0,70,0,0,0.0%,0,0,0,0,0,0,0.00,0,0,0,0,0.00,0.00,0,0,0,0,0,0,0,0,0.0,0.0,0,0,0,0,0,0,0,0.0%,0,0.0,0,0,0,NA,0.0,-,-,NA,NA,NA,NA,NA,0,NA,NA,-,-,0.0,NA,NA,NA,NA,NA,NA,NA,NA,NA,NA,NA,-,-,-,0,0.000,NA,NA,NA,NA,NA,NA,NA,NA,NA,NA,0.0%,NA,NA,NA,NA,NA,NA,NA,NA,NA,0.0%,NA,NA,@ PHI,14,·,·,#VALUE!
1,12539,Arian Smith,WR,24.9,NYJ,999.0,999,0.00,0,1,0,67,2,0,0.0%,0,0,0,0,0,0,0.00,0,0,0,0,0.00,0.00,0,0,1,0,0,1,0,0,0.0,0.0,0,0,0,0,0,0,0,3.0%,0,0.0,0,0,1,0.0%,0.0,-,-,0,NA,NA,NA,NA,0,NA,NA,-,-,0.0,NA,NA,NA,NA,NA,NA,1,0.00,0.000,1.000,4.2%,-,-,-,0,0.000,NA,390%,0.0,NA,0,0,1,0,1.0,0,0.0%,NA,NA,NA,NA,NA,NA,NA,NA,NA,0.0%,NA,NA,@ TEN,16,·,0.4,-0.4
1,8208,Tyler Badie,RB,26.6,DEN,0.0,0,0.00,0,0,0,0,0,0,0.0%,0,0,0,0,0,0,0.00,0,0,0,0,0.00,0.00,0,0,0,0,0,0,0,0,0.0,0.0,0,0,0,0,0,0,0,-,0,0.0,0,0,0,NA,0.0,-,-,NA,NA,NA,NA,NA,0,NA,NA,-,-,0.0,NA,NA,NA,NA,NA,NA,NA,NA,NA,NA,NA,-,-,-,0,0.000,NA,NA,NA,NA,NA,NA,NA,NA,NA,NA,0.0%,NA,NA,NA,NA,NA,NA,NA,NA,NA,0.0%,NA,NA,@ KC,27,·,·,#VALUE!
1,6803,Brandon Aiyuk,WR,28.5,SF,999.0,999,0.00,0,0,0,65,0,0,0.0%,0,0,0,0,0,0,0.00,0,0,0,0,0.00,0.00,0,0,0,0,0,0,0,0,0.0,0.0,0,0,0,0,0,0,0,0.0%,0,0.0,0,0,0,NA,0.0,-,-,NA,NA,NA,NA,NA,0,NA,NA,-,-,0.0,NA,NA,NA,NA,NA,NA,NA,NA,NA,NA,NA,-,-,-,0,0.000,NA,NA,NA,NA,NA,NA,NA,NA,NA,NA,0.0%,NA,NA,NA,NA,NA,NA,NA,NA,NA,0.0%,NA,NA,@ LAR,4,DNR,DNR,#VALUE!
1,7496,Nick Westbrook-Ikhine,WR,29.5,IND,999.0,999,0.00,0,0,0,0,0,0,0.0%,0,0,0,0,0,0,0.00,0,0,0,0,0.00,0.00,0,0,0,0,0,0,0,0,0.0,0.0,0,0,0,0,0,0,0,-,0,0.0,0,0,0,NA,0.0,-,-,NA,NA,NA,NA,NA,0,NA,NA,-,-,0.0,NA,NA,NA,NA,NA,NA,NA,NA,NA,NA,NA,-,-,-,0,0.000,NA,NA,NA,NA,NA,NA,NA,NA,NA,NA,0.0%,NA,NA,NA,NA,NA,NA,NA,NA,NA,0.0%,NA,NA,vs BAL,22,·,·,#VALUE!
1,8168,Skyy Moore,WR,26.0,GB,999.0,999,0.00,0,1,0,68,4,0,0.0%,0,0,0,0,0,0,0.00,0,0,0,0,0.00,0.00,0,0,0,0,0,1,0,0,0.0,0.0,0,0,0,0,0,0,0,5.9%,0,0.0,0,0,1,0.0%,0.0,-,-,0,NA,NA,NA,NA,0,NA,NA,-,-,0.0,NA,NA,NA,NA,NA,NA,3,0.00,0.000,0.333,2.4%,-,-,-,0,0.000,NA,1480%,0.0,NA,1,1,1,1,1.0,0,0.0%,NA,NA,NA,NA,NA,NA,NA,NA,NA,0.0%,NA,NA,@ MIN,1,·,0.3,-0.3
1,8160,Kenny Pickett,QB,28.3,CAR,33.0,33,2.40,2.4,1,0,68,7,0,0.0%,0,1,0,0,1,0,39.60,24,0,0,0,0.00,0.00,0,0,0,0,0,0,0,0,0.0,0.0,1,0,1,24,0,24,24,10.3%,24,24.0,0,1,2,50.0%,1.0,-,-,1,NA,NA,NA,NA,1,1.000,NA,-,-,24.0,1.0,100.0%,NA,NA,NA,NA,NA,NA,NA,NA,NA,-,-,-,0,0.000,NA,NA,NA,NA,NA,NA,NA,NA,0.0,0,0.0%,0,237%,0%,0.5,2.3,200.0%,-0.70,+1.20,0.6,0.0%,50.0%,1,vs CHI,3,·,·,#VALUE!
1,6011,Gardner Minshew,QB,30.3,ARI,999.0,999,0.00,0,0,0,75,0,0,0.0%,0,0,0,0,0,0,0.00,0,0,0,0,0.00,0.00,0,0,0,0,0,0,0,0,0.0,0.0,0,0,0,0,0,0,0,0.0%,0,0.0,0,0,0,NA,0.0,-,-,NA,NA,NA,NA,NA,0,NA,NA,-,-,0.0,NA,NA,NA,NA,NA,NA,NA,NA,NA,NA,NA,-,-,-,0,0.000,NA,NA,NA,NA,NA,NA,NA,NA,NA,NA,0.0%,NA,NA,NA,NA,NA,NA,NA,NA,NA,0.0%,NA,NA,@ LAC,15,·,·,#VALUE!
1,7610,Trey Lance,QB,26.4,LAC,999.0,999,0.00,0,0,0,55,0,0,0.0%,0,0,0,0,0,0,0.00,0,0,0,0,0.00,0.00,0,0,0,0,0,0,0,0,0.0,0.0,0,0,0,0,0,0,0,0.0%,0,0.0,0,0,0,NA,0.0,-,-,NA,NA,NA,NA,NA,0,NA,NA,-,-,0.0,NA,NA,NA,NA,NA,NA,NA,NA,NA,NA,NA,-,-,-,0,0.000,NA,NA,NA,NA,NA,NA,NA,NA,NA,NA,0.0%,NA,NA,NA,NA,NA,NA,NA,NA,NA,0.0%,NA,NA,vs ARI,22,·,·,#VALUE!
1,4574,Cooper Rush,QB,,ATL,30.0,30,7.72,7.72,1,1,60,60,0,54.6%,25,22,12,3,10,2,51.90,143,4,1,143,6.50,11.92,0,0,0,0,0,0,0,0,0.0,0.0,0,0,0,0,0,0,0,100.0%,143,143.0,1,4,22,18.2%,4.0,,,0,NA,NA,NA,NA,0,NA,NA,,,0.0,0.0,NA,NA,NA,NA,NA,NA,NA,NA,NA,NA,-,-,-,0,0.000,NA,NA,NA,NA,NA,NA,NA,NA,0.0,0,400.0%,0.1818181818,265%,4.5%,0.231,3.2,2600.0%,-0.14,-20.50,-0.8,14300.0%,7.7%,0,@ PIT,,,,7.7
1,13300,Le'Veon Moss,RB,23.8,UD,0.0,0,0.00,0,0,0,0,0,0,0.0%,0,0,0,0,0,0,0.00,0,0,0,0,0.00,0.00,0,0,0,0,0,0,0,0,0.0,0.0,0,0,0,0,0,0,0,-,0,0.0,0,0,0,NA,0.0,-,-,NA,NA,NA,NA,NA,0,NA,NA,-,-,0.0,NA,NA,NA,NA,NA,NA,NA,NA,NA,NA,NA,-,-,-,0,0.000,NA,NA,NA,NA,NA,NA,NA,NA,NA,NA,0.0%,NA,NA,NA,NA,NA,NA,NA,NA,NA,0.0%,NA,NA,NA,,NA,0.0,0.0
1,7568,Brevin Jordan,TE,26.2,HOU,999.0,999,0.00,0,0,0,79,0,0,0.0%,0,0,0,0,0,0,0.00,0,0,0,0,0.00,0.00,0,0,0,0,0,0,0,0,0.0,0.0,0,0,0,0,0,0,0,0.0%,0,0.0,0,0,0,NA,0.0,-,-,NA,NA,NA,NA,NA,0,NA,NA,-,-,0.0,NA,NA,NA,NA,NA,NA,NA,NA,NA,NA,NA,-,-,-,0,0.000,NA,NA,NA,NA,NA,NA,NA,NA,NA,NA,0.0%,NA,NA,NA,NA,NA,NA,NA,NA,NA,0.0%,NA,NA,vs BUF,17,·,·,#VALUE!
1,3634,Kalif Raymond,WR,32.1,CHI,15.0,21,16.40,12.4,1,1,75,45,0,0.0%,0,0,0,0,0,0,0.00,0,0,0,0,0.00,0.00,8,63,0,5,0,9,21,84,10.5,9.3,0,0,0,84,0,0,0,60.0%,84,84.0,0,5,9,55.6%,5.0,,,0,NA,NA,NA,NA,0,NA,NA,,,0.0,NA,NA,NA,NA,NA,NA,22,3.82,0.227,0.409,31.0%,-,-,-,84,5.000,0.6,700%,0.2,3,1,2,5,0,9.0,8,0.0%,NA,NA,NA,NA,NA,NA,NA,NA,NA,0.0%,NA,NA,@ CAR,9,·,3.9,12.5
1,11895,Mason Tipton,WR,26.0,NO,999.0,999,0.00,0,0,0,0,0,0,0.0%,0,0,0,0,0,0,0.00,0,0,0,0,0.00,0.00,0,0,0,0,0,0,0,0,0.0,0.0,0,0,0,0,0,0,0,-,0,0.0,0,0,0,NA,0.0,-,-,NA,NA,NA,NA,NA,0,NA,NA,-,-,0.0,NA,NA,NA,NA,NA,NA,NA,NA,NA,NA,NA,-,-,-,0,0.000,NA,NA,NA,NA,NA,NA,NA,NA,NA,NA,0.0%,NA,NA,NA,NA,NA,NA,NA,NA,NA,0.0%,NA,NA,@ DET,2,PUP,PUP,#VALUE!
1,12462,Damien Martinez,RB,22.6,FA,0.0,0,0.00,0,0,0,0,0,0,0.0%,0,0,0,0,0,0,0.00,0,0,0,0,0.00,0.00,0,0,0,0,0,0,0,0,0.0,0.0,0,0,0,0,0,0,0,-,0,0.0,0,0,0,NA,0.0,-,-,NA,NA,NA,NA,NA,0,NA,NA,-,-,0.0,NA,NA,NA,NA,NA,NA,NA,NA,NA,NA,NA,-,-,-,0,0.000,NA,NA,NA,NA,NA,NA,NA,NA,NA,NA,0.0%,NA,NA,NA,NA,NA,NA,NA,NA,NA,0.0%,NA,NA,NA,,·,·,#VALUE!
2,9221,Jahmyr Gibbs,RB,24.5,DET,3,5,23.30,20.3,1,1,65,54,0,0.0%,0,0,0,0,0,0,0.00,52,0,0,0,0.00,0.00,6,33,0,4,1,8,28,61,10.2,7.6,16,6,2,113,0,52,3.25,83.1%,113,113.0,1,7,24,29.2%,7.0,-,-,16,48,8,3.00,0.500,2,0.125,0.800,-,-,52.0,2.0,12.5%,-3.0,-0.19,3.0,0.0,31,1.97,0.129,0.258,21.1%,-,-,-,61,5.000,0.8,NA,NA,5,NA,NA,NA,NA,8.0,6,0.0%,NA,NA,NA,NA,NA,NA,NA,NA,NA,0.0%,NA,NA,@ BUF,6,·,26.1,-2.8
2,4984,Josh Allen,QB,30.3,BUF,1,1,40.82,40.82,1,1,74,74,1,64.5%,161,31,20,11,11,0,121.40,317,2,3,248,8.00,12.40,0,0,0,0,0,0,0,0,0.0,0.0,14,0,6,69,2,69,4.93,100.0%,317,317.0,5,22,45,48.9%,22.0,-,-,14,NA,NA,NA,NA,8,0.571,NA,-,-,69.0,3.0,21.4%,NA,NA,NA,NA,NA,NA,NA,NA,NA,-,-,-,0,0.000,NA,NA,NA,NA,NA,NA,NA,NA,0.0,0,1400.0%,0.4516129032,284%,9.7%,0.342,7.9,3800.0%,-0.03,+19.70,0.5,24800.0%,55.3%,0,vs DET,6,·,22.0,18.8
2,9509,Bijan Robinson,RB,24.6,ATL,20,23,11.10,9.6,1,1,69,35,0,0.0%,0,0,0,0,0,0,0.00,72,0,0,0,0.00,0.00,3,1,0,0,0,4,8,9,3.0,2.3,16,1,2,81,0,72,4.5,50.7%,81,81.0,0,2,20,10.0%,2.0,-,-,16,48,4,3.00,0.250,2,0.125,0.550,-,-,72.0,2.0,12.5%,-5.0,-0.31,0.0,0.0,12,0.75,0.000,0.333,12.5%,-,-,-,9,0.000,0.0,NA,NA,3,NA,NA,NA,NA,4.0,3,0.0%,NA,NA,NA,NA,NA,NA,NA,NA,NA,0.0%,NA,NA,vs CAR,1,·,22.5,-11.4
2,7564,Ja'Marr Chase,WR,26.5,CIN,6,5,26.50,23,1,1,60,53,0,0.0%,0,0,0,0,0,0,0.00,0,0,0,0,0.00,0.00,7,60,1,1,2,9,15,75,10.7,8.3,0,0,0,75,0,0,0,88.3%,75,75.0,2,3,9,33.3%,3.0,-,-,0,NA,NA,NA,NA,0,NA,NA,-,-,0.0,NA,NA,NA,NA,NA,NA,34,2.21,0.029,0.265,29.0%,-,-,-,75,3.000,0.4,960%,0.5,2,1,3,5,2,9.0,7,0.0%,NA,NA,NA,NA,NA,NA,NA,NA,NA,0.0%,NA,NA,@ HOU,5,·,17.2,9.3
2,9488,Jaxon Smith-Njigba,WR,24.6,SEA,1,1,42.50,38,1,1,70,47,0,0.0%,0,0,0,0,0,0,0.00,0,0,0,0,0.00,0.00,9,103,1,5,3,11,52,155,17.2,14.1,0,0,0,155,0,0,0,67.1%,155,155.0,3,8,11,72.7%,8.0,-,-,0,NA,NA,NA,NA,0,NA,NA,-,-,0.0,NA,NA,NA,NA,NA,NA,21,7.38,0.238,0.524,42.3%,-,-,-,155,8.000,0.9,1170%,0.5,6,3,7,4,2,11.0,9,0.0%,NA,NA,NA,NA,NA,NA,NA,NA,NA,0.0%,NA,NA,@ ARI,17,·,19.6,23.0
2,9493,Puka Nacua,WR,25.3,LAR,0,0,0.00,0,0,0,0,0,0,0.0%,0,0,0,0,0,0,0.00,0,0,0,0,0.00,0.00,0,0,0,0,0,0,0,0,0.0,0.0,0,0,0,0,0,0,0,-,0,0.0,0,0,0,NA,0.0,-,-,NA,NA,NA,NA,NA,0,NA,NA,-,-,0.0,NA,NA,NA,NA,NA,NA,NA,NA,NA,NA,NA,-,-,-,0,0.000,NA,NA,NA,NA,NA,NA,NA,NA,NA,NA,0.0%,NA,NA,NA,NA,NA,NA,NA,NA,NA,0.0%,NA,NA,vs NYG,15,OUT,OUT,OUT
2,11564,Drake Maye,QB,24.0,NE,25,25,9.02,9.02,1,1,55,55,0,63.6%,139,22,14,6,8,1,75.60,225,3,0,208,9.45,14.86,0,0,0,0,0,0,0,0,0.0,0.0,4,0,1,17,0,17,4.25,100.0%,225,225.0,0,7,26,26.9%,7.0,-,-,4,NA,NA,NA,NA,1,0.250,NA,-,-,17.0,1.0,25.0%,NA,NA,NA,NA,NA,NA,NA,NA,NA,-,-,-,0,0.000,NA,NA,NA,NA,NA,NA,NA,NA,0.0,0,600.0%,0.2727272727,294%,18.2%,0.481,9.8,2700.0%,+0.03,-4.80,-0.2,20800.0%,48.1%,0,vs PIT,30,·,18.9,-9.9
2,7547,Amon-Ra St. Brown,WR,26.9,DET,4,4,35.20,30.7,1,1,65,62,0,0.0%,0,0,0,0,0,0,0.00,0,0,0,0,0.00,0.00,9,99,0,5,2,13,43,142,15.8,10.9,0,0,0,142,0,0,0,95.4%,142,142.0,2,7,13,53.8%,7.0,-,-,0,NA,NA,NA,NA,0,NA,NA,-,-,0.0,NA,NA,NA,NA,NA,NA,42,3.38,0.119,0.310,34.2%,-,-,-,142,7.000,0.8,1150%,0.4,5,2,8,3,1,13.0,9,0.0%,NA,NA,NA,NA,NA,NA,NA,NA,NA,0.0%,NA,NA,@ BUF,8,·,17.4,17.8
2,11604,Brock Bowers,TE,23.8,LV,0,0,0.00,0,0,0,0,0,0,0.0%,0,0,0,0,0,0,0.00,0,0,0,0,0.00,0.00,0,0,0,0,0,0,0,0,0.0,0.0,0,0,0,0,0,0,0,-,0,0.0,0,0,0,NA,0.0,-,-,NA,NA,NA,NA,NA,0,NA,NA,-,-,0.0,NA,NA,NA,NA,NA,NA,NA,NA,NA,NA,NA,-,-,-,0,0.000,NA,NA,NA,NA,NA,NA,NA,NA,NA,NA,0.0%,NA,NA,NA,NA,NA,NA,NA,NA,NA,0.0%,NA,NA,@ LAC,5,OUT,OUT,OUT
2,11560,Caleb Williams,QB,24.8,CHI,27,27,8.72,8.72,1,1,74,64,1,57.7%,18,26,15,5,11,1,56.20,180,3,0,138,5.31,9.20,0,0,0,0,0,0,0,0,0.0,0.0,5,1,3,42,0,42,8.4,86.5%,180,180.0,0,8,31,25.8%,8.0,-,-,5,NA,NA,NA,NA,3,0.600,NA,-,-,42.0,3.0,60.0%,NA,NA,NA,NA,NA,NA,NA,NA,NA,-,-,-,0,0.000,NA,NA,NA,NA,NA,NA,NA,NA,0.0,0,500.0%,0.1923076923,371%,0%,0.545,3.9,3300.0%,-0.06,0.00,0.0,13800.0%,81.8%,1,vs MIN,11,OUT,18.6,-9.8
2,4881,Lamar Jackson,QB,29.7,BAL,16,16,15.80,15.8,1,1,58,58,0,67.7%,151,31,21,10,10,1,87.40,269,3,1,235,7.58,11.19,0,0,0,0,0,0,0,0,0.0,0.0,4,3,3,34,0,34,8.5,100.0%,269,269.0,1,14,35,40.0%,14.0,-,-,4,NA,NA,NA,NA,3,0.750,NA,-,-,34.0,2.0,50.0%,NA,NA,NA,NA,NA,NA,NA,NA,NA,-,-,-,0,0.000,NA,NA,NA,NA,NA,NA,NA,NA,0.0,0,1100.0%,0.3548387097,309%,16.1%,0.447,10.2,3800.0%,+0.08,+1.70,0.0,23500.0%,42.1%,1,vs NO,17,·,20.4,-4.6
2,6794,Justin Jefferson,WR,27.2,MIN,43,40,8.50,7,1,1,52,52,0,0.0%,0,0,0,0,0,0,0.00,0,0,0,0,0.00,0.00,3,45,3,2,0,6,10,55,18.3,9.2,0,0,0,55,0,0,0,100.0%,55,55.0,0,2,6,33.3%,2.0,-,-,0,NA,NA,NA,NA,0,NA,NA,-,-,0.0,NA,NA,NA,NA,NA,NA,23,2.39,0.087,0.261,30.0%,-,-,-,55,2.000,0.7,1590%,0.6,3,1,3,3,1,6.0,3,0.0%,NA,NA,NA,NA,NA,NA,NA,NA,NA,0.0%,NA,NA,@ CHI,6,·,17.8,-9.3
2,11632,Malik Nabers,WR,23.1,NYG,116,116,1.10,0.6,1,1,58,43,0,0.0%,0,0,0,0,0,0,0.00,0,0,0,0,0.00,0.00,1,-3,0,0,0,4,4,1,1.0,0.3,0,0,0,1,0,0,0,74.1%,1,1.0,0,0,4,0.0%,0.0,-,-,0,NA,NA,NA,NA,0,NA,NA,-,-,0.0,NA,NA,NA,NA,NA,NA,28,0.04,0.000,0.143,12.5%,-,-,-,1,0.000,0.0,1900%,0.2,4,1,3,2,1,4.0,1,0.0%,NA,NA,NA,NA,NA,NA,NA,NA,NA,0.0%,NA,NA,@ LAR,4,Q,13.6,-12.5
2,8130,Trey McBride,TE,26.8,ARI,6,9,18.10,14.1,1,1,50,44,0,0.0%,0,0,0,0,0,0,0.00,0,0,0,0,0.00,0.00,8,26,0,2,1,10,15,41,5.1,4.1,0,0,0,41,0,0,0,88.0%,41,41.0,1,3,10,30.0%,3.0,-,-,0,NA,NA,NA,NA,0,NA,NA,-,-,0.0,NA,NA,NA,NA,NA,NA,23,1.78,0.087,0.435,35.7%,-,-,-,41,3.000,0.4,460%,0.4,2,2,1,8,2,10.0,8,0.0%,NA,NA,NA,NA,NA,NA,NA,NA,NA,0.0%,NA,NA,vs SEA,14,·,14.8,3.3
2,12527,Ashton Jeanty,RB,22.8,LV,23,26,10.30,8.3,1,1,63,51,0,0.0%,0,0,0,0,0,0,0.00,48,0,0,0,0.00,0.00,4,-10,3,0,0,7,25,15,3.8,2.1,21,0,1,63,0,48,2.29,81.0%,63,63.0,0,1,28,3.6%,1.0,-,-,21,53,3,2.50,0.143,1,0.048,0.393,-,-,48.0,0.0,0.0%,-14.0,-0.67,6.0,4.0,23,0.65,0.000,0.304,24.1%,-,-,-,15,0.000,0.0,NA,NA,6,NA,NA,NA,NA,7.0,4,0.0%,NA,NA,NA,NA,NA,NA,NA,NA,NA,0.0%,NA,NA,@ LAC,17,·,15.9,-5.6
2,13287,Jeremiyah Love,RB,21.3,ARI,36,37,7.50,6,1,1,50,20,0,0.0%,0,0,0,0,0,0,0.00,29,0,0,0,0.00,0.00,3,0,0,0,0,3,16,16,5.3,5.3,9,0,1,45,0,29,3.22,40.0%,45,45.0,0,1,12,8.3%,1.0,-,-,9,23,1,2.50,0.111,1,0.111,0.361,-,-,29.0,0.0,0.0%,-8.0,-0.89,2.0,1.0,8,2.00,0.000,0.375,10.7%,-,-,-,16,0.000,0.0,NA,NA,5,NA,NA,NA,NA,3.0,3,0.0%,NA,NA,NA,NA,NA,NA,NA,NA,NA,0.0%,NA,NA,vs SEA,22,·,12.5,-5.0
2,6770,Joe Burrow,QB,29.8,CIN,15,15,16.18,16.18,1,1,60,60,0,64.5%,137,31,20,7,11,0,105.20,206,5,2,207,6.68,10.35,0,0,0,0,0,0,0,0,0.0,0.0,1,0,0,-1,0,-1,-1,100.0%,206,206.0,2,9,32,28.1%,9.0,-,-,1,NA,NA,NA,NA,0,0.000,NA,-,-,-1.0,0.0,0.0%,NA,NA,NA,NA,NA,NA,NA,NA,NA,-,-,-,0,0.000,NA,NA,NA,NA,NA,NA,NA,NA,0.0,0,900.0%,0.2903225806,248%,9.7%,0.389,5.9,3600.0%,-0.05,-3.80,-0.1,20700.0%,25.0%,1,@ HOU,2,·,17.8,-1.6
2,6786,CeeDee Lamb,WR,27.4,DAL,3,3,35.30,31.3,1,1,55,41,0,0.0%,0,0,0,0,0,0,0.00,0,0,0,0,0.00,0.00,8,125,0,5,2,9,28,153,19.1,17.0,0,0,0,153,0,0,0,74.5%,153,153.0,2,7,9,77.8%,7.0,-,-,0,NA,NA,NA,NA,0,NA,NA,-,-,0.0,NA,NA,NA,NA,NA,NA,27,5.67,0.185,0.333,29.0%,-,-,-,153,7.000,0.9,1620%,0.6,4,1,7,3,2,9.0,8,0.0%,NA,NA,NA,NA,NA,NA,NA,NA,NA,0.0%,NA,NA,vs WAS,19,·,17.8,17.5
2,11566,Jayden Daniels,QB,25.7,WAS,19,19,14.74,14.74,1,1,71,39,1,64.7%,50,17,11,3,6,0,99.10,165,0,1,96,5.65,8.73,0,0,0,0,0,0,0,0,0.0,0.0,7,0,5,69,0,69,9.86,54.9%,165,165.0,1,9,24,37.5%,9.0,-,-,7,NA,NA,NA,NA,5,0.714,NA,-,-,69.0,3.0,42.9%,NA,NA,NA,NA,NA,NA,NA,NA,NA,-,-,-,0,0.000,NA,NA,NA,NA,NA,NA,NA,NA,0.0,0,400.0%,0.2352941176,291%,11.8%,0.348,10.6,2300.0%,+0.01,+4.20,0.2,9600.0%,17.4%,1,@ DAL,4,OUT,20.2,-5.5
2,12507,Omarion Hampton,RB,23.5,LAC,7,6,17.50,16.5,1,1,68,43,1,0.0%,0,0,0,0,0,0,0.00,94,0,0,0,0.00,0.00,2,-8,0,1,0,2,29,21,10.5,10.5,23,1,5,115,1,94,4.09,63.2%,115,115.0,1,7,25,28.0%,7.0,-,-,23,90,5,3.90,0.217,6,0.261,0.607,-,-,94.0,2.0,8.7%,1.0,0.04,2.0,1.0,9,2.33,0.111,0.222,7.4%,-,-,-,21,1.000,0.5,NA,NA,15,NA,NA,NA,NA,2.0,2,0.0%,NA,NA,NA,NA,NA,NA,NA,NA,NA,0.0%,NA,NA,vs LV,30,·,14.0,3.5
2,9226,De'Von Achane,RB,24.9,MIA,17,17,12.30,10.8,1,1,59,45,0,0.0%,0,0,0,0,0,0,0.00,74,0,0,0,0.00,0.00,3,4,1,1,0,6,15,19,6.3,3.2,20,0,2,93,0,74,3.7,76.3%,93,93.0,0,3,26,11.5%,3.0,-,-,20,64,3,3.20,0.150,2,0.100,0.470,-,-,74.0,1.0,5.0%,-6.0,-0.30,4.0,4.0,18,1.06,0.056,0.333,26.1%,-,-,-,19,1.000,0.3,NA,NA,5,NA,NA,NA,NA,6.0,3,0.0%,NA,NA,NA,NA,NA,NA,NA,NA,NA,0.0%,NA,NA,@ SF,15,·,16.9,-4.6
2,6797,Justin Herbert,QB,28.5,LAC,24,24,9.88,9.88,1,1,68,68,3,55.6%,88,27,15,7,12,2,59.50,194,3,1,192,7.11,12.80,0,0,0,0,0,0,0,0,0.0,0.0,3,0,0,2,0,2,0.67,100.0%,194,194.0,1,8,30,26.7%,8.0,-,-,3,NA,NA,NA,NA,0,0.000,NA,-,-,2.0,0.0,0.0%,NA,NA,NA,NA,NA,NA,NA,NA,NA,-,-,-,0,0.000,NA,NA,NA,NA,NA,NA,NA,NA,0.0,0,800.0%,0.2962962963,286%,11.1%,0.548,9.5,3100.0%,-0.04,+1.80,0.1,19200.0%,32.3%,0,vs LV,13,·,16.9,-7.0
2,8112,Drake London,WR,25.2,ATL,39,43,8.90,6.9,1,1,69,43,0,0.0%,0,0,0,0,0,0,0.00,-2,0,0,0,0.00,0.00,4,18,0,4,0,5,33,51,12.8,10.2,1,0,0,49,0,-2,-2,62.3%,49,49.0,0,4,6,66.7%,4.0,-,-,1,NA,NA,NA,NA,0,0.000,NA,-,-,-2.0,NA,NA,NA,NA,NA,NA,21,2.43,0.190,0.238,15.6%,-,-,-,51,4.000,1.0,480%,0.2,8,0,0,4,0,5.0,4,0.0%,NA,NA,NA,NA,NA,NA,NA,NA,NA,0.0%,NA,NA,vs CAR,9,·,11.8,-2.9
2,8138,James Cook,RB,27.0,BUF,5,4,20.90,20.4,1,1,74,55,0,0.0%,0,0,0,0,0,0,0.00,135,0,0,0,0.00,0.00,1,2,0,0,0,3,2,4,4.0,1.3,21,1,6,139,1,135,6.43,74.3%,139,139.0,1,7,24,29.2%,7.0,-,-,21,48,1,2.30,0.048,7,0.333,0.278,-,-,135.0,5.0,23.8%,52.0,2.48,4.0,3.0,21,0.19,0.000,0.143,9.7%,-,-,-,4,0.000,0.0,NA,NA,2,NA,NA,NA,NA,3.0,1,0.0%,NA,NA,NA,NA,NA,NA,NA,NA,NA,0.0%,NA,NA,vs DET,16,·,19.5,1.4
2,6813,Jonathan Taylor,RB,27.6,IND,1,1,29.20,27.2,1,1,65,61,0,0.0%,0,0,0,0,0,0,0.00,92,0,0,0,0.00,0.00,4,-1,0,3,0,4,41,40,10.0,10.0,24,0,4,132,2,92,3.83,93.8%,132,132.0,2,9,28,32.1%,9.0,-,-,24,53,8,2.20,0.333,6,0.250,0.553,-,-,92.0,3.0,12.5%,0.0,0.00,5.0,1.0,18,2.22,0.167,0.222,12.9%,-,-,-,40,3.000,0.8,NA,NA,10,NA,NA,NA,NA,4.0,4,0.0%,NA,NA,NA,NA,NA,NA,NA,NA,NA,0.0%,NA,NA,@ KC,27,·,18.8,10.4
2,7523,Trevor Lawrence,QB,26.9,JAX,29,29,7.16,7.16,1,1,59,59,0,58.6%,153,29,17,8,12,1,63.70,195,2,0,189,6.52,11.12,0,0,0,0,0,0,0,0,0.0,0.0,2,0,1,6,0,6,3,100.0%,195,195.0,0,9,31,29.0%,9.0,-,-,2,NA,NA,NA,NA,1,0.500,NA,-,-,6.0,0.0,0.0%,NA,NA,NA,NA,NA,NA,NA,NA,NA,-,-,-,0,0.000,NA,NA,NA,NA,NA,NA,NA,NA,0.0,0,800.0%,0.275862069,280%,10.3%,0.452,10.6,3100.0%,+0.01,-7.30,-0.2,18900.0%,32.3%,1,@ DEN,9,·,17.2,-10.0
2,12517,Colston Loveland,TE,22.4,CHI,55,56,1.30,0.8,1,1,74,64,0,0.0%,0,0,0,0,0,0,0.00,0,0,0,0,0.00,0.00,1,4,1,0,0,3,-1,3,3.0,1.0,0,0,0,3,0,0,0,86.5%,3,3.0,0,0,3,0.0%,0.0,-,-,0,NA,NA,NA,NA,0,NA,NA,-,-,0.0,NA,NA,NA,NA,NA,NA,28,0.11,0.000,0.107,8.6%,-,-,-,3,0.000,0.0,650%,0.1,-1,1,1,2,0,3.0,1,0.0%,NA,NA,NA,NA,NA,NA,NA,NA,NA,0.0%,NA,NA,vs MIN,10,·,11.9,-10.6
2,8137,George Pickens,WR,25.5,DAL,34,41,10.00,7,1,1,55,42,0,0.0%,0,0,0,0,0,0,0.00,0,0,0,0,0.00,0.00,6,38,0,4,0,8,2,40,6.7,5.0,0,0,0,40,0,0,0,76.4%,40,40.0,0,4,8,50.0%,4.0,-,-,0,NA,NA,NA,NA,0,NA,NA,-,-,0.0,NA,NA,NA,NA,NA,NA,27,1.48,0.148,0.296,25.8%,-,-,-,40,4.000,0.7,940%,0.3,0,1,3,3,0,8.0,6,0.0%,NA,NA,NA,NA,NA,NA,NA,NA,NA,0.0%,NA,NA,vs WAS,19,·,15.7,-5.7
2,12526,Tetairoa McMillan,WR,23.4,CAR,16,17,15.10,12.6,1,1,66,53,0,0.0%,0,0,0,0,0,0,0.00,0,0,0,0,0.00,0.00,5,85,0,4,0,10,16,101,20.2,10.1,0,0,0,101,0,0,0,80.3%,101,101.0,0,4,10,40.0%,4.0,-,-,0,NA,NA,NA,NA,0,NA,NA,-,-,0.0,NA,NA,NA,NA,NA,NA,34,2.97,0.118,0.294,27.8%,-,-,-,101,4.000,0.8,1430%,0.4,3,3,6,3,3,10.0,5,0.0%,NA,NA,NA,NA,NA,NA,NA,NA,NA,0.0%,NA,NA,@ ATL,25,·,14.6,0.5
2,12514,Emeka Egbuka,WR,23.9,TB,33,32,10.30,8.8,1,1,65,56,0,0.0%,0,0,0,0,0,0,0.00,-3,0,0,0,0.00,0.00,3,16,0,0,1,5,0,16,5.3,3.2,1,0,0,13,0,-3,-3,86.2%,13,13.0,1,1,6,16.7%,1.0,-,-,1,NA,NA,NA,NA,0,0.000,NA,-,-,-3.0,NA,NA,NA,NA,NA,NA,36,0.44,0.000,0.139,14.7%,-,-,-,16,1.000,0.3,1680%,0.2,0,2,3,1,2,5.0,3,0.0%,NA,NA,NA,NA,NA,NA,NA,NA,NA,0.0%,NA,NA,vs CLE,3,·,10.8,-0.5
2,11563,Bo Nix,QB,26.6,DEN,18,18,15.12,15.12,1,1,62,62,0,71.0%,191,31,22,12,9,1,97.20,294,0,1,288,9.29,13.09,0,0,0,0,0,0,0,0,0.0,0.0,5,0,2,6,0,6,1.2,100.0%,294,294.0,1,15,36,41.7%,15.0,-,-,5,NA,NA,NA,NA,2,0.400,NA,-,-,6.0,0.0,0.0%,NA,NA,NA,NA,NA,NA,NA,NA,NA,-,-,-,0,0.000,NA,NA,NA,NA,NA,NA,NA,NA,0.0,0,1300.0%,0.4193548387,274%,12.9%,0.194,9.4,3100.0%,+0.08,+7.90,0.3,28800.0%,45.2%,1,vs JAX,21,·,15.7,-0.6
2,6904,Jalen Hurts,QB,28.1,PHI,13,13,18.16,18.16,1,1,76,76,0,70.3%,202,37,26,14,11,2,85.90,280,3,2,264,7.14,10.15,0,0,0,0,0,0,0,0,0.0,0.0,5,0,2,16,0,16,3.2,100.0%,280,280.0,2,18,42,42.9%,18.0,-,-,5,NA,NA,NA,NA,2,0.400,NA,-,-,16.0,0.0,0.0%,NA,NA,NA,NA,NA,NA,NA,NA,NA,-,-,-,0,0.000,NA,NA,NA,NA,NA,NA,NA,NA,0.0,0,1600.0%,0.4324324324,350%,10.8%,0.405,9.2,4200.0%,+0.06,+4.70,0.1,26400.0%,21.4%,1,@ TEN,29,·,20.8,-2.6
2,12508,Jaxson Dart,QB,23.3,NYG,36,36,0.80,0.8,1,1,58,7,0,60.0%,18,5,3,2,2,0,68.80,20,0,0,20,4.00,6.67,0,0,0,0,0,0,0,0,0.0,0.0,0,0,0,0,0,0,0,12.1%,20,20.0,0,2,5,40.0%,2.0,-,-,0,NA,NA,NA,NA,0,NA,NA,-,-,0.0,0.0,NA,NA,NA,NA,NA,NA,NA,NA,NA,NA,-,-,-,0,0.000,NA,NA,NA,NA,NA,NA,NA,NA,0.0,0,200.0%,0.4,258%,20%,0.6,8.6,500.0%,+0.04,-1.30,-0.3,2000.0%,60.0%,1,@ LAR,10,OUT,18.4,-17.6
2,7569,Nico Collins,WR,27.5,HOU,0,0,0.00,0,0,0,0,0,0,0.0%,0,0,0,0,0,0,0.00,0,0,0,0,0.00,0.00,0,0,0,0,0,0,0,0,0.0,0.0,0,0,0,0,0,0,0,-,0,0.0,0,0,0,NA,0.0,-,-,NA,NA,NA,NA,NA,0,NA,NA,-,-,0.0,NA,NA,NA,NA,NA,NA,NA,NA,NA,NA,NA,-,-,-,0,0.000,NA,NA,NA,NA,NA,NA,NA,NA,NA,NA,0.0%,NA,NA,NA,NA,NA,NA,NA,NA,NA,0.0%,NA,NA,vs CIN,20,OUT,OUT,OUT
2,9224,Chase Brown,RB,26.5,CIN,19,21,11.20,9.7,1,1,60,42,0,0.0%,0,0,0,0,0,0,0.00,80,0,0,0,0.00,0.00,3,-9,0,0,0,5,11,2,0.7,0.4,20,2,3,82,0,80,4,70.0%,82,82.0,0,3,25,12.0%,3.0,-,-,20,72,7,3.60,0.350,3,0.150,0.710,-,-,80.0,2.0,10.0%,-6.0,-0.30,1.0,0.0,13,0.15,0.000,0.385,16.1%,-,-,-,2,0.000,0.0,NA,NA,4,NA,NA,NA,NA,5.0,3,0.0%,NA,NA,NA,NA,NA,NA,NA,NA,NA,0.0%,NA,NA,@ HOU,29,·,15.7,-4.5
2,8144,Chris Olave,WR,26.2,NO,8,9,22.60,18.6,1,1,68,57,0,0.0%,0,0,0,0,0,0,0.00,0,0,0,0,0.00,0.00,8,68,0,5,1,10,18,86,10.8,8.6,0,0,0,86,0,0,0,83.8%,86,86.0,1,6,10,60.0%,6.0,-,-,0,NA,NA,NA,NA,0,NA,NA,-,-,0.0,NA,NA,NA,NA,NA,NA,36,2.39,0.139,0.278,29.4%,-,-,-,86,6.000,0.8,980%,0.6,2,0,6,6,0,10.0,8,0.0%,NA,NA,NA,NA,NA,NA,NA,NA,NA,0.0%,NA,NA,@ BAL,22,·,15.6,7.0
2,8151,Kenneth Walker III,RB,25.9,KC,2,2,23.80,20.8,1,1,80,66,0,0.0%,0,0,0,0,0,0,0.00,117,0,0,0,0.00,0.00,6,7,0,2,0,10,54,61,10.2,6.1,24,3,7,178,0,117,4.88,82.5%,178,178.0,0,9,34,26.5%,9.0,-,-,24,62,15,2.60,0.625,7,0.292,0.885,-,-,117.0,3.0,12.5%,24.0,1.00,5.0,3.0,23,2.65,0.087,0.435,21.3%,-,-,-,61,2.000,0.3,NA,NA,9,NA,NA,NA,NA,10.0,6,0.0%,NA,NA,NA,NA,NA,NA,NA,NA,NA,0.0%,NA,NA,vs IND,3,·,17.0,6.8
2,4046,Patrick Mahomes,QB,31.0,KC,4,4,28.98,28.98,1,1,80,80,0,68.1%,162,47,32,16,15,0,114.00,399,2,3,382,8.13,11.94,0,0,0,0,0,0,0,0,0.0,0.0,2,0,1,17,0,17,8.5,100.0%,399,399.0,3,20,49,40.8%,20.0,-,-,2,NA,NA,NA,NA,1,0.500,NA,-,-,17.0,1.0,50.0%,NA,NA,NA,NA,NA,NA,NA,NA,NA,-,-,-,0,0.000,NA,NA,NA,NA,NA,NA,NA,NA,0.0,0,1900.0%,0.4042553191,279%,6.4%,0.235,6.2,5100.0%,+0.02,+12.80,0.3,38200.0%,19.6%,1,vs IND,7,·,17.7,11.3
2,12518,Tyler Warren,TE,24.3,IND,10,10,14.40,11.4,1,1,65,58,0,0.0%,0,0,0,0,0,0,0.00,3,0,0,0,0.00,0.00,6,-14,1,0,1,7,35,21,3.5,3.0,1,0,1,24,0,3,3,89.2%,24,24.0,1,2,8,25.0%,2.0,-,-,1,NA,NA,NA,NA,1,1.000,NA,-,-,3.0,NA,NA,NA,NA,NA,NA,26,0.81,0.000,0.269,22.6%,-,-,-,21,1.000,0.2,-90%,0.0,6,2,0,3,1,7.0,6,0.0%,NA,NA,NA,NA,NA,NA,NA,NA,NA,0.0%,NA,NA,@ KC,9,·,11.3,3.1
2,11635,Ladd McConkey,WR,24.9,LAC,59,60,6.50,5,1,0,68,31,0,0.0%,0,0,0,0,0,0,0.00,0,0,0,0,0.00,0.00,3,34,0,2,0,3,1,35,11.7,11.7,0,0,0,35,0,0,0,45.6%,35,35.0,0,2,3,66.7%,2.0,-,-,0,NA,NA,NA,NA,0,NA,NA,-,-,0.0,NA,NA,NA,NA,NA,NA,22,1.59,0.091,0.136,11.1%,-,-,-,35,2.000,0.7,1120%,0.1,0,0,2,0,0,3.0,3,0.0%,NA,NA,NA,NA,NA,NA,NA,NA,NA,0.0%,NA,NA,vs LV,21,·,13.1,-6.6
2,8183,Brock Purdy,QB,26.7,SF,5,5,28.48,28.48,1,1,52,44,0,90.9%,177,22,20,14,2,0,149.10,317,0,2,287,13.05,14.35,0,0,0,0,0,0,0,0,0.0,0.0,3,0,2,30,1,30,10,84.6%,317,317.0,3,19,25,76.0%,19.0,-,-,3,NA,NA,NA,NA,3,1.000,NA,-,-,30.0,2.0,66.7%,NA,NA,NA,NA,NA,NA,NA,NA,NA,-,-,-,0,0.000,NA,NA,NA,NA,NA,NA,NA,NA,0.0,0,1600.0%,0.7272727273,304%,0%,0.24,8.6,2500.0%,+0.17,+26.10,1.1,28700.0%,40.0%,0,vs MIA,18,·,20.0,8.5
2,8146,Garrett Wilson,WR,26.2,NYJ,14,15,16.70,14.2,1,1,74,65,0,0.0%,0,0,0,0,0,0,0.00,0,0,0,0,0.00,0.00,5,54,0,3,1,7,3,57,11.4,8.1,0,0,0,57,0,0,0,87.8%,57,57.0,1,4,7,57.1%,4.0,-,-,0,NA,NA,NA,NA,0,NA,NA,-,-,0.0,NA,NA,NA,NA,NA,NA,38,1.50,0.079,0.184,17.1%,-,-,-,57,4.000,0.8,1090%,0.3,1,1,4,3,0,7.0,5,0.0%,NA,NA,NA,NA,NA,NA,NA,NA,NA,0.0%,NA,NA,vs GB,13,·,15.1,1.6
2,12519,Luther Burden,WR,22.8,CHI,63,66,6.20,4.7,1,1,74,42,0,0.0%,0,0,0,0,0,0,0.00,0,0,0,0,0.00,0.00,3,27,1,1,0,7,5,32,10.7,4.6,0,0,0,32,0,0,0,56.8%,32,32.0,0,1,7,14.3%,1.0,-,-,0,NA,NA,NA,NA,0,NA,NA,-,-,0.0,NA,NA,NA,NA,NA,NA,29,1.10,0.034,0.241,20.0%,-,-,-,32,1.000,0.3,1140%,0.5,2,2,4,3,1,7.0,3,0.0%,NA,NA,NA,NA,NA,NA,NA,NA,NA,0.0%,NA,NA,vs MIN,1,·,11.5,-5.3
2,7525,DeVonta Smith,WR,27.8,PHI,5,6,27.70,22.7,1,1,76,67,0,0.0%,0,0,0,0,0,0,0.00,0,0,0,0,0.00,0.00,10,110,0,6,1,13,7,117,11.7,9.0,0,0,0,117,0,0,0,88.2%,117,117.0,1,7,13,53.8%,7.0,-,-,0,NA,NA,NA,NA,0,NA,NA,-,-,0.0,NA,NA,NA,NA,NA,NA,40,2.93,0.150,0.325,35.1%,-,-,-,117,7.000,0.7,1510%,0.6,1,1,7,4,3,13.0,10,0.0%,NA,NA,NA,NA,NA,NA,NA,NA,NA,0.0%,NA,NA,@ TEN,16,·,14.8,12.9
2,9997,Zay Flowers,WR,26.0,BAL,0,0,0.00,0,0,0,0,0,0,0.0%,0,0,0,0,0,0,0.00,0,0,0,0,0.00,0.00,0,0,0,0,0,0,0,0,0.0,0.0,0,0,0,0,0,0,0,-,0,0.0,0,0,0,NA,0.0,-,-,NA,NA,NA,NA,NA,0,NA,NA,-,-,0.0,NA,NA,NA,NA,NA,NA,NA,NA,NA,NA,NA,-,-,-,0,0.000,NA,NA,NA,NA,NA,NA,NA,NA,NA,NA,0.0%,NA,NA,NA,NA,NA,NA,NA,NA,NA,0.0%,NA,NA,vs NO,11,OUT,OUT,OUT
2,8155,Breece Hall,RB,25.3,NYJ,13,13,14.20,11.7,1,1,74,48,0,0.0%,0,0,0,0,0,0,0.00,29,0,0,0,0.00,0.00,5,-1,0,2,0,5,64,63,12.6,12.6,16,0,2,92,0,29,1.81,64.9%,92,92.0,0,4,21,19.0%,4.0,-,-,16,35,8,2.20,0.500,2,0.125,0.720,-,-,29.0,1.0,6.3%,-16.0,-1.00,1.0,0.0,20,3.15,0.100,0.250,12.2%,-,-,-,63,2.000,0.4,NA,NA,13,NA,NA,NA,NA,5.0,5,0.0%,NA,NA,NA,NA,NA,NA,NA,NA,NA,0.0%,NA,NA,vs GB,14,·,14.4,-0.2
2,4034,Christian McCaffrey,RB,30.3,SF,4,3,22.60,20.6,1,1,52,27,0,0.0%,0,0,0,0,0,0,0.00,23,0,0,0,0.00,0.00,4,11,0,4,0,4,32,43,10.8,10.8,10,0,0,66,2,23,2.3,51.9%,66,66.0,2,6,14,42.9%,6.0,-,-,10,27,1,2.70,0.100,2,0.200,0.370,-,-,23.0,0.0,0.0%,-4.0,-0.40,4.0,4.0,11,3.91,0.364,0.364,18.2%,-,-,-,43,4.000,1.0,NA,NA,8,NA,NA,NA,NA,4.0,4,0.0%,NA,NA,NA,NA,NA,NA,NA,NA,NA,0.0%,NA,NA,vs MIA,4,·,19.8,2.8
2,4866,Saquon Barkley,RB,29.6,PHI,58,59,3.00,2.5,1,1,76,12,0,0.0%,0,0,0,0,0,0,0.00,9,0,0,0,0.00,0.00,1,4,0,1,0,2,7,11,11.0,5.5,4,0,0,20,0,9,2.25,15.8%,20,20.0,0,1,6,16.7%,1.0,-,-,4,8,0,2.10,0.000,0,0.000,0.210,-,-,9.0,0.0,0.0%,-4.0,-1.00,0.0,0.0,4,2.75,0.250,0.500,5.4%,-,-,-,11,1.000,1.0,NA,NA,7,NA,NA,NA,NA,2.0,1,0.0%,NA,NA,NA,NA,NA,NA,NA,NA,NA,0.0%,NA,NA,@ TEN,12,Q,16.6,-13.6
2,6804,Jordan Love,QB,27.9,GB,20,20,13.80,13.8,1,1,59,59,1,55.2%,51,29,16,6,13,0,91.90,145,3,2,145,5.00,9.06,0,0,0,0,0,0,0,0,0.0,0.0,0,0,0,0,0,0,0,100.0%,145,145.0,2,8,29,27.6%,8.0,-,-,0,NA,NA,NA,NA,0,NA,NA,-,-,0.0,0.0,NA,NA,NA,NA,NA,NA,NA,NA,NA,NA,-,-,-,0,0.000,NA,NA,NA,NA,NA,NA,NA,NA,0.0,0,800.0%,0.275862069,230%,10.3%,0.313,7.6,3200.0%,-0.10,-6.90,-0.2,14500.0%,31.3%,1,@ NYJ,26,·,19.6,-5.8
2,13279,Carnell Tate,WR,21.6,TEN,66,70,5.70,4.2,1,1,53,40,0,0.0%,0,0,0,0,0,0,0.00,0,0,0,0,0.00,0.00,3,25,0,1,0,5,2,27,9.0,5.4,0,0,0,27,0,0,0,75.5%,27,27.0,0,1,5,20.0%,1.0,-,-,0,NA,NA,NA,NA,0,NA,NA,-,-,0.0,NA,NA,NA,NA,NA,NA,20,1.35,0.050,0.250,25.0%,-,-,-,27,1.000,0.3,930%,0.4,1,0,3,3,0,5.0,3,0.0%,NA,NA,NA,NA,NA,NA,NA,NA,NA,0.0%,NA,NA,vs PHI,10,·,8.5,-2.8
2,13286,Jadarian Price,RB,22.9,SEA,43,42,5.00,4.5,1,1,70,24,1,0.0%,0,0,0,0,0,0,0.00,52,0,0,0,0.00,0.00,1,-8,0,1,0,2,16,8,8.0,4.0,13,1,2,60,0,52,4,34.3%,60,60.0,0,3,15,20.0%,3.0,-,-,13,57,6,4.40,0.462,2,0.154,0.902,-,-,52.0,2.0,15.4%,-7.0,-0.54,3.0,2.0,8,1.00,0.125,0.250,7.7%,-,-,-,8,1.000,1.0,NA,NA,16,NA,NA,NA,NA,2.0,1,0.0%,NA,NA,NA,NA,NA,NA,NA,NA,NA,0.0%,NA,NA,@ ARI,28,Q,11.8,-6.8
2,13269,Fernando Mendoza,QB,23.0,LV,999,999,0.00,0,0,0,63,0,0,0.0%,0,0,0,0,0,0,0.00,0,0,0,0,0.00,0.00,0,0,0,0,0,0,0,0,0.0,0.0,0,0,0,0,0,0,0,0.0%,0,0.0,0,0,0,NA,0.0,-,-,NA,NA,NA,NA,NA,0,NA,NA,-,-,0.0,NA,NA,NA,NA,NA,NA,NA,NA,NA,NA,NA,-,-,-,0,0.000,NA,NA,NA,NA,NA,NA,NA,NA,NA,NA,0.0%,NA,NA,NA,NA,NA,NA,NA,NA,NA,0.0%,NA,NA,@ LAC,15,·,·,·
2,7526,Jaylen Waddle,WR,27.8,DEN,9,12,21.80,17.8,1,1,62,38,0,0.0%,0,0,0,0,0,0,0.00,0,0,0,0,0.00,0.00,8,103,0,6,0,10,35,138,17.3,13.8,0,0,0,138,0,0,0,61.3%,138,138.0,0,6,10,60.0%,6.0,-,-,0,NA,NA,NA,NA,0,NA,NA,-,-,0.0,NA,NA,NA,NA,NA,NA,21,6.57,0.286,0.476,32.3%,-,-,-,138,6.000,0.8,1510%,0.6,4,1,6,4,0,10.0,8,0.0%,NA,NA,NA,NA,NA,NA,NA,NA,NA,0.0%,NA,NA,vs JAX,18,·,12.7,9.1
2,11620,Rome Odunze,WR,24.3,CHI,49,47,7.30,5.8,1,1,74,62,0,0.0%,0,0,0,0,0,0,0.00,0,0,0,0,0.00,0.00,3,41,1,2,0,4,2,43,14.3,10.8,0,0,0,43,0,0,0,83.8%,43,43.0,0,2,4,50.0%,2.0,-,-,0,NA,NA,NA,NA,0,NA,NA,-,-,0.0,NA,NA,NA,NA,NA,NA,36,1.19,0.056,0.111,11.4%,-,-,-,43,2.000,0.7,1130%,0.3,1,0,2,1,0,4.0,3,0.0%,NA,NA,NA,NA,NA,NA,NA,NA,NA,0.0%,NA,NA,vs MIN,1,·,9.7,-2.4
2,12512,Quinshon Judkins,RB,22.9,CLE,25,32,9.80,7.3,1,1,58,39,0,0.0%,0,0,0,0,0,0,0.00,21,0,0,0,0.00,0.00,5,-8,0,1,0,5,35,27,5.4,5.4,12,0,1,48,0,21,1.75,67.2%,48,48.0,0,2,17,11.8%,2.0,-,-,12,17,5,1.40,0.417,1,0.083,0.557,-,-,21.0,0.0,0.0%,-14.0,-1.17,1.0,0.0,12,2.25,0.083,0.417,16.7%,-,-,-,27,1.000,0.2,NA,NA,7,NA,NA,NA,NA,5.0,5,0.0%,NA,NA,NA,NA,NA,NA,NA,NA,NA,0.0%,NA,NA,@ TB,13,·,12.4,-2.6
2,3294,Dak Prescott,QB,33.1,DAL,3,3,29.76,29.76,1,1,55,55,0,83.9%,191,31,26,12,5,0,143.80,305,2,4,279,9.00,10.73,0,0,0,0,0,0,0,0,0.0,0.0,4,0,2,26,0,26,6.5,100.0%,305,305.0,4,18,35,51.4%,18.0,-,-,4,NA,NA,NA,NA,2,0.500,NA,-,-,26.0,1.0,25.0%,NA,NA,NA,NA,NA,NA,NA,NA,NA,-,-,-,0,0.000,NA,NA,NA,NA,NA,NA,NA,NA,0.0,0,1600.0%,0.5161290323,266%,12.9%,0.417,8.2,3600.0%,+0.18,+17.90,0.5,27900.0%,44.4%,1,vs WAS,8,·,19.5,10.3
2,6801,Tee Higgins,WR,27.7,CIN,19,19,14.50,12,1,1,60,43,0,0.0%,0,0,0,0,0,0,0.00,0,0,0,0,0.00,0.00,5,62,0,5,0,10,33,95,19.0,9.5,0,0,0,95,0,0,0,71.7%,95,95.0,0,5,10,50.0%,5.0,-,-,0,NA,NA,NA,NA,0,NA,NA,-,-,0.0,NA,NA,NA,NA,NA,NA,26,3.65,0.192,0.385,32.3%,-,-,-,95,5.000,1.0,970%,0.5,7,0,5,5,0,10.0,5,0.0%,NA,NA,NA,NA,NA,NA,NA,NA,NA,0.0%,NA,NA,@ HOU,5,·,13.8,0.7
2,5859,A.J. Brown,WR,29.2,NE,999,999,0.00,0,0,0,0,0,0,0.0%,0,0,0,0,0,0,0.00,0,0,0,0,0.00,0.00,0,0,0,0,0,0,0,0,0.0,0.0,0,0,0,0,0,0,0,-,0,0.0,0,0,0,NA,0.0,-,-,NA,NA,NA,NA,NA,0,NA,NA,-,-,0.0,NA,NA,NA,NA,NA,NA,NA,NA,NA,NA,NA,-,-,-,0,0.000,NA,NA,NA,NA,NA,NA,NA,NA,NA,NA,0.0%,NA,NA,NA,NA,NA,NA,NA,NA,NA,0.0%,NA,NA,vs PIT,32,IR,IR,IR
2,9484,Tucker Kraft,TE,25.9,GB,32,33,3.50,2.5,1,1,59,58,1,0.0%,0,0,0,0,0,0,0.00,0,0,0,0,0.00,0.00,2,3,1,0,0,3,12,15,7.5,5.0,0,0,0,15,0,0,0,98.3%,15,15.0,0,0,3,0.0%,0.0,-,-,0,NA,NA,NA,NA,0,NA,NA,-,-,0.0,NA,NA,NA,NA,NA,NA,25,0.60,0.000,0.120,10.3%,-,-,-,15,0.000,0.0,330%,0.0,6,0,0,2,0,3.0,2,0.0%,NA,NA,NA,NA,NA,NA,NA,NA,NA,0.0%,NA,NA,@ NYJ,23,·,11.9,-8.4
2,10229,Rashee Rice,WR,26.4,KC,27,26,12.30,10.3,1,1,80,63,0,0.0%,0,0,0,0,0,0,0.00,0,0,0,0,0.00,0.00,4,32,0,3,0,6,51,83,20.8,13.8,0,0,0,83,0,0,0,78.8%,83,83.0,0,3,6,50.0%,3.0,-,-,0,NA,NA,NA,NA,0,NA,NA,-,-,0.0,NA,NA,NA,NA,NA,NA,37,2.24,0.081,0.162,12.8%,-,-,-,83,3.000,0.8,770%,0.2,13,1,2,3,0,6.0,4,0.0%,NA,NA,NA,NA,NA,NA,NA,NA,NA,0.0%,NA,NA,vs IND,7,·,13.9,-1.6
2,7588,Javonte Williams,RB,26.4,DAL,34,35,8.00,6.5,1,1,55,44,0,0.0%,0,0,0,0,0,0,0.00,30,0,0,0,0.00,0.00,3,-8,0,0,0,4,28,20,6.7,5.0,12,0,0,50,0,30,2.5,80.0%,50,50.0,0,0,16,0.0%,0.0,-,-,12,24,4,2.00,0.333,0,0.000,0.533,-,-,30.0,0.0,0.0%,-3.0,-0.25,3.0,1.0,16,1.25,0.000,0.250,12.9%,-,-,-,20,0.000,0.0,NA,NA,9,NA,NA,NA,NA,4.0,3,0.0%,NA,NA,NA,NA,NA,NA,NA,NA,NA,0.0%,NA,NA,vs WAS,24,·,17.4,-9.4
2,8150,Kyren Williams,RB,26.0,LAR,8,8,15.70,14.7,1,1,62,34,1,0.0%,0,0,0,0,0,0,0.00,85,0,0,0,0.00,0.00,2,5,0,0,1,2,7,12,6.0,6.0,12,0,3,97,0,85,7.08,54.8%,97,97.0,1,4,14,28.6%,4.0,-,-,12,66,4,5.50,0.333,3,0.250,0.883,-,-,85.0,3.0,25.0%,34.0,2.83,2.0,1.0,14,0.86,0.000,0.143,6.5%,-,-,-,12,1.000,0.5,NA,NA,4,NA,NA,NA,NA,2.0,2,0.0%,NA,NA,NA,NA,NA,NA,NA,NA,NA,0.0%,NA,NA,vs NYG,11,·,16.5,-0.8
2,8148,Jameson Williams,WR,25.5,DET,71,68,5.30,4.3,1,1,65,63,0,0.0%,0,0,0,0,0,0,0.00,0,0,0,0,0.00,0.00,2,32,1,2,0,4,1,33,16.5,8.3,0,0,0,33,0,0,0,96.9%,33,33.0,0,2,4,50.0%,2.0,-,-,0,NA,NA,NA,NA,0,NA,NA,-,-,0.0,NA,NA,NA,NA,NA,NA,40,0.83,0.050,0.100,10.5%,-,-,-,33,2.000,1.0,1350%,0.2,1,0,3,0,0,4.0,2,0.0%,NA,NA,NA,NA,NA,NA,NA,NA,NA,0.0%,NA,NA,@ BUF,8,·,12.6,-7.3
2,9487,Parker Washington,WR,24.5,JAX,13,16,16.80,13.3,1,1,59,48,1,0.0%,0,0,0,0,0,0,0.00,0,0,0,0,0.00,0.00,7,93,0,3,0,12,5,98,14.0,8.2,0,0,0,98,0,0,0,81.4%,98,98.0,0,3,12,25.0%,3.0,-,-,0,NA,NA,NA,NA,0,NA,NA,-,-,0.0,NA,NA,NA,NA,NA,NA,28,3.50,0.107,0.429,41.4%,-,-,-,98,3.000,0.4,1310%,0.5,1,0,8,4,0,12.0,7,0.0%,NA,NA,NA,NA,NA,NA,NA,NA,NA,0.0%,NA,NA,@ DEN,30,·,13.0,3.8
2,12545,Tyler Shough,QB,27.0,NO,8,8,22.38,22.38,1,1,68,68,1,79.4%,137,34,27,10,7,0,107.40,275,3,1,252,7.41,9.33,0,0,0,0,0,0,0,0,0.0,0.0,9,2,2,23,1,23,2.56,100.0%,275,275.0,2,14,43,32.6%,14.0,-,-,9,NA,NA,NA,NA,3,0.333,NA,-,-,23.0,1.0,11.1%,NA,NA,NA,NA,NA,NA,NA,NA,NA,-,-,-,0,0.000,NA,NA,NA,NA,NA,NA,NA,NA,0.0,0,1100.0%,0.3235294118,273%,0%,0.359,5.4,3900.0%,+0.12,+8.50,0.2,25200.0%,38.5%,1,@ BAL,28,·,15.5,6.9
2,13281,Jordyn Tyson,WR,22.1,NO,999,999,0.00,0,0,0,0,0,0,0.0%,0,0,0,0,0,0,0.00,0,0,0,0,0.00,0.00,0,0,0,0,0,0,0,0,0.0,0.0,0,0,0,0,0,0,0,-,0,0.0,0,0,0,NA,0.0,-,-,NA,NA,NA,NA,NA,0,NA,NA,-,-,0.0,NA,NA,NA,NA,NA,NA,NA,NA,NA,NA,NA,-,-,-,0,0.000,NA,NA,NA,NA,NA,NA,NA,NA,NA,NA,0.0%,NA,NA,NA,NA,NA,NA,NA,NA,NA,0.0%,NA,NA,@ BAL,22,IR,IR,IR
2,12529,TreVeyon Henderson,RB,23.9,NE,14,9,13.60,13.6,1,0,55,33,0,0.0%,0,0,0,0,0,0,0.00,76,0,0,0,0.00,0.00,0,0,0,0,0,0,0,0,0.0,0.0,16,0,2,76,1,76,4.75,60.0%,76,76.0,1,3,16,18.8%,3.0,-,-,16,77,2,4.80,0.125,3,0.188,0.605,-,-,76.0,2.0,12.5%,25.0,1.56,0.0,0.0,11,0.00,0.000,0.000,0.0%,-,-,-,0,0.000,NA,NA,NA,NA,NA,NA,NA,NA,0.0,0,0.0%,NA,NA,NA,NA,NA,NA,NA,NA,NA,0.0%,NA,NA,vs PIT,8,·,9.5,4.1
2,11628,Marvin Harrison Jr.,WR,24.1,ARI,999,999,0.00,0,1,1,50,37,0,0.0%,0,0,0,0,0,0,0.00,0,0,0,0,0.00,0.00,0,0,0,0,0,1,0,0,0.0,0.0,0,0,0,0,0,0,0,74.0%,0,0.0,0,0,1,0.0%,0.0,-,-,0,NA,NA,NA,NA,0,NA,NA,-,-,0.0,NA,NA,NA,NA,NA,NA,26,0.00,0.000,0.038,3.6%,-,-,-,0,0.000,NA,470%,0.0,NA,0,0,0,0,1.0,0,0.0%,NA,NA,NA,NA,NA,NA,NA,NA,NA,0.0%,NA,NA,vs SEA,27,·,9.3,-9.3
2,12481,Cam Skattebo,RB,24.6,NYG,27,31,9.50,7.5,1,1,58,34,1,0.0%,0,0,0,0,0,0,0.00,36,0,0,0,0.00,0.00,4,-4,0,1,0,4,23,19,4.8,4.8,12,1,1,55,0,36,3,58.6%,55,55.0,0,2,16,12.5%,2.0,-,-,12,32,5,2.70,0.417,1,0.083,0.687,-,-,36.0,0.0,0.0%,-16.0,-1.33,1.0,0.0,16,1.19,0.063,0.250,12.5%,-,-,-,19,1.000,0.3,NA,NA,6,NA,NA,NA,NA,4.0,4,0.0%,NA,NA,NA,NA,NA,NA,NA,NA,NA,0.0%,NA,NA,@ LAR,19,·,14.6,-5.1
2,11584,Bucky Irving,RB,24.1,TB,15,15,13.00,11,1,1,65,51,0,0.0%,0,0,0,0,0,0,0.00,89,0,0,0,0.00,0.00,4,-22,0,0,0,4,23,1,0.3,0.3,17,1,3,90,0,89,5.24,78.5%,90,90.0,0,3,21,14.3%,3.0,-,-,17,54,1,3.20,0.059,3,0.176,0.379,-,-,89.0,2.0,11.8%,-1.0,-0.06,1.0,0.0,24,0.04,0.000,0.167,11.8%,-,-,-,1,0.000,0.0,NA,NA,6,NA,NA,NA,NA,4.0,4,0.0%,NA,NA,NA,NA,NA,NA,NA,NA,NA,0.0%,NA,NA,vs CLE,21,·,13.8,-0.8
2,3163,Jared Goff,QB,31.9,DET,2,2,29.78,29.78,1,1,65,65,2,68.4%,201,38,26,15,12,0,130.00,334,4,4,327,8.61,12.58,0,0,0,0,0,0,0,0,0.0,0.0,3,0,0,7,0,7,2.33,100.0%,334,334.0,4,19,41,46.3%,19.0,-,-,3,NA,NA,NA,NA,0,0.000,NA,-,-,7.0,0.0,0.0%,NA,NA,NA,NA,NA,NA,NA,NA,NA,-,-,-,0,0.000,NA,NA,NA,NA,NA,NA,NA,NA,0.0,0,1900.0%,0.5,294%,2.6%,0.341,9,4400.0%,+0.07,+14.90,0.3,32700.0%,25.0%,1,@ BUF,16,·,16.3,13.5
2,4892,Baker Mayfield,QB,31.4,TB,21,21,13.18,13.18,1,1,65,65,0,61.8%,98,34,21,6,13,1,73.40,211,3,1,182,5.35,8.67,0,0,0,0,0,0,0,0,0.0,0.0,4,0,3,29,0,29,7.25,100.0%,211,211.0,1,10,38,26.3%,10.0,-,-,4,NA,NA,NA,NA,3,0.750,NA,-,-,29.0,1.0,25.0%,NA,NA,NA,NA,NA,NA,NA,NA,NA,-,-,-,0,0.000,NA,NA,NA,NA,NA,NA,NA,NA,0.0,0,700.0%,0.2058823529,299%,26.5%,0.425,12.5,4000.0%,+0.04,-9.90,-0.3,18200.0%,30.0%,1,vs CLE,5,·,17.3,-4.1
2,12506,Harold Fannin,TE,22.2,CLE,14,15,10.40,7.9,1,1,58,50,0,0.0%,0,0,0,0,0,0,0.00,0,0,0,0,0.00,0.00,5,20,1,3,0,6,34,54,10.8,9.0,0,0,0,54,0,0,0,86.2%,54,54.0,0,3,6,50.0%,3.0,-,-,0,NA,NA,NA,NA,0,NA,NA,-,-,0.0,NA,NA,NA,NA,NA,NA,28,1.93,0.107,0.214,20.0%,-,-,-,54,3.000,0.6,390%,0.2,7,0,1,1,0,6.0,5,0.0%,NA,NA,NA,NA,NA,NA,NA,NA,NA,0.0%,NA,NA,@ TB,4,·,9.8,0.6
2,13294,Makai Lemon,WR,22.3,PHI,101,102,1.90,1.4,1,0,76,48,0,0.0%,0,0,0,0,0,0,0.00,-5,0,0,0,0.00,0.00,1,13,0,1,0,1,1,14,14.0,14.0,1,0,0,9,0,-5,-5,63.2%,9,9.0,0,1,2,50.0%,1.0,-,-,1,NA,NA,NA,NA,0,0.000,NA,-,-,-5.0,NA,NA,NA,NA,NA,NA,33,0.42,0.030,0.030,2.7%,-,-,-,14,1.000,1.0,1360%,0.0,1,0,1,0,0,1.0,1,0.0%,NA,NA,NA,NA,NA,NA,NA,NA,NA,0.0%,NA,NA,@ TEN,16,·,6.3,-4.4
2,7543,Travis Etienne,RB,27.6,NO,39,36,7.10,6.1,1,1,68,37,0,0.0%,0,0,0,0,0,0,0.00,25,0,0,0,0.00,0.00,2,-7,0,0,0,2,13,6,3.0,3.0,8,2,1,31,0,25,3.13,54.4%,31,31.0,0,1,10,10.0%,1.0,-,-,8,19,2,2.40,0.250,1,0.125,0.490,-,-,25.0,0.0,0.0%,-14.0,-1.75,0.0,0.0,12,0.50,0.000,0.167,5.9%,-,-,-,6,0.000,0.0,NA,NA,7,NA,NA,NA,NA,2.0,2,0.0%,NA,NA,NA,NA,NA,NA,NA,NA,NA,0.0%,NA,NA,@ BAL,10,·,11.8,-4.7
2,3198,Derrick Henry,RB,32.7,BAL,6,7,17.70,16.2,1,1,58,31,0,0.0%,0,0,0,0,0,0,0.00,68,0,0,0,0.00,0.00,3,-13,0,1,0,3,32,19,6.3,6.3,16,4,4,87,1,68,4.25,53.4%,87,87.0,1,6,19,31.6%,6.0,-,-,16,56,6,3.50,0.375,5,0.313,0.725,-,-,68.0,0.0,0.0%,-4.0,-0.25,5.0,2.0,10,1.90,0.100,0.300,9.7%,-,-,-,19,1.000,0.3,NA,NA,11,NA,NA,NA,NA,3.0,3,0.0%,NA,NA,NA,NA,NA,NA,NA,NA,NA,0.0%,NA,NA,vs NO,5,·,15.2,2.5
2,13298,KC Concepcion,WR,22.0,CLE,46,56,8.20,5.2,1,1,58,38,0,0.0%,0,0,0,0,0,0,0.00,-6,0,0,0,0.00,0.00,6,12,0,1,0,6,16,28,4.7,4.7,1,0,0,22,0,-6,-6,65.5%,22,22.0,0,1,7,14.3%,1.0,-,-,1,NA,NA,NA,NA,0,0.000,NA,-,-,-6.0,NA,NA,NA,NA,NA,NA,26,1.08,0.038,0.231,20.0%,-,-,-,28,1.000,0.2,180%,0.1,3,2,0,4,0,6.0,6,0.0%,NA,NA,NA,NA,NA,NA,NA,NA,NA,0.0%,NA,NA,@ TB,29,·,9.9,-1.7
2,9758,C.J. Stroud,QB,25.0,HOU,14,14,17.02,17.02,1,1,80,80,0,54.6%,214,55,30,15,25,0,74.30,382,4,0,353,6.42,11.77,0,0,0,0,0,0,0,0,0.0,0.0,3,0,1,29,0,29,9.67,100.0%,382,382.0,0,16,58,27.6%,16.0,-,-,3,NA,NA,NA,NA,1,0.333,NA,-,-,29.0,2.0,66.7%,NA,NA,NA,NA,NA,NA,NA,NA,NA,-,-,-,0,0.000,NA,NA,NA,NA,NA,NA,NA,NA,0.0,0,1500.0%,0.2727272727,298%,12.7%,0.435,9.4,6200.0%,-0.04,-5.60,-0.1,35300.0%,12.9%,1,vs CIN,27,·,17.9,-0.9
2,10859,Sam LaPorta,TE,25.7,DET,9,8,17.20,14.2,1,1,65,64,0,0.0%,0,0,0,0,0,0,0.00,0,0,0,0,0.00,0.00,6,14,0,3,1,7,38,52,8.7,7.4,0,0,0,52,0,0,0,98.5%,52,52.0,1,4,7,57.1%,4.0,-,-,0,NA,NA,NA,NA,0,NA,NA,-,-,0.0,NA,NA,NA,NA,NA,NA,39,1.33,0.077,0.179,18.4%,-,-,-,52,4.000,0.7,320%,0.1,6,2,0,4,1,7.0,6,0.0%,NA,NA,NA,NA,NA,NA,NA,NA,NA,0.0%,NA,NA,@ BUF,17,·,11.2,6.0
2,11631,Brian Thomas Jr.,WR,23.9,JAX,51,50,7.00,5.5,1,0,59,32,0,0.0%,0,0,0,0,0,0,0.00,0,0,0,0,0.00,0.00,3,33,1,3,0,9,7,40,13.3,4.4,0,0,0,40,0,0,0,54.2%,40,40.0,0,3,9,33.3%,3.0,-,-,0,NA,NA,NA,NA,0,NA,NA,-,-,0.0,NA,NA,NA,NA,NA,NA,23,1.74,0.130,0.391,27.6%,-,-,-,40,3.000,1.0,1380%,0.4,2,0,7,3,0,9.0,3,0.0%,NA,NA,NA,NA,NA,NA,NA,NA,NA,0.0%,NA,NA,@ DEN,30,·,8.3,-1.3
2,12490,Bhayshul Tuten,RB,23.6,JAX,12,12,14.20,13.2,1,1,59,30,0,0.0%,0,0,0,0,0,0,0.00,65,0,0,0,0.00,0.00,2,-8,0,0,0,2,5,-3,-1.5,-1.5,13,0,3,62,1,65,5,50.8%,62,62.0,1,4,15,26.7%,4.0,-,-,13,46,7,3.50,0.538,4,0.308,0.888,-,-,65.0,2.0,15.4%,1.0,0.08,2.0,1.0,13,-0.23,0.000,0.154,6.9%,-,-,-,-3,0.000,0.0,NA,NA,3,NA,NA,NA,NA,2.0,2,0.0%,NA,NA,NA,NA,NA,NA,NA,NA,NA,0.0%,NA,NA,@ DEN,2,·,9.1,5.1
2,6790,D'Andre Swift,RB,27.7,CHI,16,19,12.90,10.4,1,1,74,50,1,0.0%,0,0,0,0,0,0,0.00,45,0,0,0,0.00,0.00,5,-15,0,2,0,6,69,54,10.8,9.0,16,0,3,99,0,45,2.81,67.6%,99,99.0,0,5,22,22.7%,5.0,-,-,16,29,4,1.80,0.250,3,0.188,0.430,-,-,45.0,1.0,6.3%,-16.0,-1.00,2.0,1.0,19,2.84,0.105,0.316,14.3%,-,-,-,54,2.000,0.4,NA,NA,14,NA,NA,NA,NA,6.0,5,0.0%,NA,NA,NA,NA,NA,NA,NA,NA,NA,0.0%,NA,NA,vs MIN,32,·,12.6,0.3
2,12522,Cam Ward,QB,24.3,TEN,11,11,20.02,20.02,1,1,53,53,0,65.0%,79,20,13,7,7,0,94.40,190,2,0,183,9.15,14.08,0,0,0,0,0,0,0,0,0.0,0.0,4,0,1,7,2,7,1.75,100.0%,190,190.0,2,10,24,41.7%,10.0,-,-,4,NA,NA,NA,NA,3,0.750,NA,-,-,7.0,0.0,0.0%,NA,NA,NA,NA,NA,NA,NA,NA,NA,-,-,-,0,0.000,NA,NA,NA,NA,NA,NA,NA,NA,0.0,0,700.0%,0.35,307%,0%,0.375,6.6,2400.0%,+0.03,+0.40,0.0,18300.0%,25.0%,0,vs PHI,14,·,12.1,8.0
2,8167,Christian Watson,WR,27.4,GB,21,18,14.10,12.1,1,1,59,53,0,0.0%,0,0,0,0,0,0,0.00,0,0,0,0,0.00,0.00,4,35,2,1,1,11,6,41,10.3,3.7,0,0,0,41,0,0,0,89.8%,41,41.0,1,2,11,18.2%,2.0,-,-,0,NA,NA,NA,NA,0,NA,NA,-,-,0.0,NA,NA,NA,NA,NA,NA,25,1.64,0.040,0.440,37.9%,-,-,-,41,2.000,0.5,850%,0.4,2,2,3,6,1,11.0,4,0.0%,NA,NA,NA,NA,NA,NA,NA,NA,NA,0.0%,NA,NA,@ NYJ,23,·,14.8,-0.7
2,7553,Kyle Pitts,TE,25.9,ATL,41,38,2.50,2,1,1,69,26,0,0.0%,0,0,0,0,0,0,0.00,0,0,0,0,0.00,0.00,1,11,0,1,0,3,4,15,15.0,5.0,0,0,0,15,0,0,0,37.7%,15,15.0,0,1,3,33.3%,1.0,-,-,0,NA,NA,NA,NA,0,NA,NA,-,-,0.0,NA,NA,NA,NA,NA,NA,17,0.88,0.059,0.176,9.4%,-,-,-,15,1.000,1.0,980%,0.2,4,0,2,2,0,3.0,1,0.0%,NA,NA,NA,NA,NA,NA,NA,NA,NA,0.0%,NA,NA,vs CAR,16,·,8.8,-6.3
2,4943,Sam Darnold,QB,29.3,SEA,0,0,0.00,0,0,0,0,0,0,0.0%,0,0,0,0,0,0,0.00,0,0,0,0,0.00,0.00,0,0,0,0,0,0,0,0,0.0,0.0,0,0,0,0,0,0,0,-,0,0.0,0,0,0,NA,0.0,-,-,NA,NA,NA,NA,NA,0,NA,NA,-,-,0.0,NA,NA,NA,NA,NA,NA,NA,NA,NA,NA,NA,-,-,-,0,0.000,NA,NA,NA,NA,NA,NA,NA,NA,NA,NA,0.0%,NA,NA,NA,NA,NA,NA,NA,NA,NA,0.0%,NA,NA,@ ARI,22,OUT,OUT,OUT
2,4983,D.J. Moore,WR,29.4,BUF,119,119,-0.10,-0.1,1,0,74,23,0,0.0%,0,0,0,0,0,0,0.00,-1,0,0,0,0.00,0.00,0,0,0,0,0,0,0,0,0.0,0.0,1,0,0,-1,0,-1,-1,31.1%,-1,-1.0,0,0,1,0.0%,0.0,-,-,1,NA,NA,NA,NA,0,0.000,NA,-,-,-1.0,NA,NA,NA,NA,NA,NA,NA,NA,NA,NA,NA,-,-,-,0,0.000,NA,NA,NA,NA,NA,NA,NA,NA,0.0,0,0.0%,NA,NA,NA,NA,NA,NA,NA,NA,NA,0.0%,NA,NA,vs DET,2,OUT,13.1,-13.2
2,13417,De'Zhaun Stribling,WR,23.7,SF,999,999,0.00,0,0,0,0,0,0,0.0%,0,0,0,0,0,0,0.00,0,0,0,0,0.00,0.00,0,0,0,0,0,0,0,0,0.0,0.0,0,0,0,0,0,0,0,-,0,0.0,0,0,0,NA,0.0,-,-,NA,NA,NA,NA,NA,0,NA,NA,-,-,0.0,NA,NA,NA,NA,NA,NA,NA,NA,NA,NA,NA,-,-,-,0,0.000,NA,NA,NA,NA,NA,NA,NA,NA,NA,NA,0.0%,NA,NA,NA,NA,NA,NA,NA,NA,NA,0.0%,NA,NA,vs MIA,24,IR,IR,IR
2,10232,Michael Wilson,WR,26.6,ARI,81,83,3.80,2.8,1,1,50,47,0,0.0%,0,0,0,0,0,0,0.00,0,0,0,0,0.00,0.00,2,7,0,1,0,7,11,18,9.0,2.6,0,0,0,18,0,0,0,94.0%,18,18.0,0,1,7,14.3%,1.0,-,-,0,NA,NA,NA,NA,0,NA,NA,-,-,0.0,NA,NA,NA,NA,NA,NA,30,0.60,0.033,0.233,25.0%,-,-,-,18,1.000,0.5,720%,0.5,6,0,3,3,0,7.0,2,0.0%,NA,NA,NA,NA,NA,NA,NA,NA,NA,0.0%,NA,NA,vs SEA,27,·,9.9,-6.1
2,9228,Bryce Young,QB,25.1,CAR,7,7,24.08,24.08,1,1,66,62,0,63.9%,199,36,23,9,13,0,116.30,293,2,3,287,7.97,12.48,0,0,0,0,0,0,0,0,0.0,0.0,1,0,1,6,0,6,6,93.9%,293,293.0,3,13,37,35.1%,13.0,-,-,1,NA,NA,NA,NA,1,1.000,NA,-,-,6.0,0.0,0.0%,NA,NA,NA,NA,NA,NA,NA,NA,NA,-,-,-,0,0.000,NA,NA,NA,NA,NA,NA,NA,NA,0.0,0,1200.0%,0.3333333333,294%,19.4%,0.513,10.3,3900.0%,+0.12,+10.40,0.3,28700.0%,28.2%,1,@ ATL,25,·,16.5,7.6
2,5849,Kyler Murray,QB,29.1,MIN,0,0,0.00,0,0,0,0,0,0,0.0%,0,0,0,0,0,0,0.00,0,0,0,0,0.00,0.00,0,0,0,0,0,0,0,0,0.0,0.0,0,0,0,0,0,0,0,-,0,0.0,0,0,0,NA,0.0,-,-,NA,NA,NA,NA,NA,0,NA,NA,-,-,0.0,NA,NA,NA,NA,NA,NA,NA,NA,NA,NA,NA,-,-,-,0,0.000,NA,NA,NA,NA,NA,NA,NA,NA,NA,NA,0.0%,NA,NA,NA,NA,NA,NA,NA,NA,NA,0.0%,NA,NA,@ CHI,3,OUT,OUT,OUT
2,12501,Matthew Golden,WR,23.1,GB,35,34,9.80,7.8,1,1,59,51,0,0.0%,0,0,0,0,0,0,0.00,0,0,0,0,0.00,0.00,4,26,1,4,0,6,32,58,14.5,9.7,0,0,0,58,0,0,0,86.4%,58,58.0,0,4,6,66.7%,4.0,-,-,0,NA,NA,NA,NA,0,NA,NA,-,-,0.0,NA,NA,NA,NA,NA,NA,26,2.23,0.154,0.231,20.7%,-,-,-,58,4.000,1.0,1310%,0.4,8,0,3,5,0,6.0,4,0.0%,NA,NA,NA,NA,NA,NA,NA,NA,NA,0.0%,NA,NA,@ NYJ,23,·,11.8,-2.0
2,8142,Alec Pierce,WR,26.4,IND,96,95,2.10,1.6,1,1,65,17,0,0.0%,0,0,0,0,0,0,0.00,0,0,0,0,0.00,0.00,1,10,0,1,0,1,1,11,11.0,11.0,0,0,0,11,0,0,0,26.2%,11,11.0,0,1,1,100.0%,1.0,-,-,0,NA,NA,NA,NA,0,NA,NA,-,-,0.0,NA,NA,NA,NA,NA,NA,6,1.83,0.167,0.167,3.2%,-,-,-,11,1.000,1.0,1170%,0.1,1,0,1,0,0,1.0,1,0.0%,NA,NA,NA,NA,NA,NA,NA,NA,NA,0.0%,NA,NA,@ KC,31,OUT,11.6,-9.5
2,421,Matthew Stafford,QB,38.6,LAR,6,6,27.98,27.98,1,1,62,62,0,71.0%,200,31,22,11,9,1,131.30,326,1,4,327,10.55,14.86,0,0,0,0,0,0,0,0,0.0,0.0,4,0,0,-1,0,-1,-0.25,100.0%,326,326.0,4,15,35,42.9%,15.0,-,-,4,NA,NA,NA,NA,0,0.000,NA,-,-,-1.0,0.0,0.0%,NA,NA,NA,NA,NA,NA,NA,NA,NA,-,-,-,0,0.000,NA,NA,NA,NA,NA,NA,NA,NA,0.0,0,1500.0%,0.4838709677,263%,16.1%,0.152,10.6,3300.0%,+0.04,+18.10,0.6,32700.0%,30.3%,1,vs NYG,19,·,15.8,12.2
2,9756,Jordan Addison,WR,24.6,MIN,78,80,4.10,3.1,1,1,52,46,0,0.0%,0,0,0,0,0,0,0.00,0,0,0,0,0.00,0.00,2,13,0,1,0,5,8,21,10.5,4.2,0,0,0,21,0,0,0,88.5%,21,21.0,0,1,5,20.0%,1.0,-,-,0,NA,NA,NA,NA,0,NA,NA,-,-,0.0,NA,NA,NA,NA,NA,NA,22,0.95,0.045,0.227,25.0%,-,-,-,21,1.000,0.5,750%,0.2,4,0,1,4,0,5.0,2,0.0%,NA,NA,NA,NA,NA,NA,NA,NA,NA,0.0%,NA,NA,@ CHI,6,·,10.9,-6.8
2,8161,Malik Willis,QB,27.3,MIA,22,22,12.48,12.48,1,1,59,59,0,60.9%,92,23,14,7,9,0,103.00,203,4,1,197,8.57,14.07,0,0,0,0,0,0,0,0,0.0,0.0,2,0,1,6,0,6,3,100.0%,203,203.0,1,9,25,36.0%,9.0,-,-,2,NA,NA,NA,NA,1,0.500,NA,-,-,6.0,0.0,0.0%,NA,NA,NA,NA,NA,NA,NA,NA,NA,-,-,-,0,0.000,NA,NA,NA,NA,NA,NA,NA,NA,0.0,0,800.0%,0.347826087,298%,13%,0.393,6.4,2800.0%,-0.07,+2.60,0.1,19700.0%,46.4%,0,@ SF,31,·,18.2,-5.7
2,5870,Daniel Jones,QB,29.3,IND,23,23,12.40,12.4,1,1,65,65,0,71.0%,104,31,22,11,9,1,86.80,220,0,1,210,6.77,9.55,0,0,0,0,0,0,0,0,0.0,0.0,3,0,1,10,0,10,3.33,100.0%,220,220.0,1,13,34,38.2%,13.0,-,-,3,NA,NA,NA,NA,1,0.333,NA,-,-,10.0,0.0,0.0%,NA,NA,NA,NA,NA,NA,NA,NA,NA,-,-,-,0,0.000,NA,NA,NA,NA,NA,NA,NA,NA,0.0,0,1200.0%,0.3870967742,280%,3.2%,0.273,5.2,3300.0%,+0.10,+2.10,0.1,21000.0%,39.4%,0,@ KC,32,·,14.8,-2.4
2,5892,David Montgomery,RB,29.3,HOU,48,48,4.40,3.4,1,1,80,42,0,0.0%,0,0,0,0,0,0,0.00,10,0,0,0,0.00,0.00,2,9,0,0,0,2,5,14,7.0,7.0,6,0,0,24,0,10,1.67,52.5%,24,24.0,0,0,8,0.0%,0.0,-,-,6,15,2,2.50,0.333,0,0.000,0.583,-,-,10.0,0.0,0.0%,-5.0,-0.83,1.0,0.0,26,0.54,0.000,0.077,3.6%,-,-,-,14,0.000,0.0,NA,NA,3,NA,NA,NA,NA,2.0,2,0.0%,NA,NA,NA,NA,NA,NA,NA,NA,NA,0.0%,NA,NA,vs CIN,18,·,17.1,-12.7
2,13330,Kenyon Sadiq,TE,21.5,NYJ,31,32,3.70,2.7,1,0,74,27,0,0.0%,0,0,0,0,0,0,0.00,0,0,0,0,0.00,0.00,2,1,0,0,0,3,16,17,8.5,5.7,0,0,0,17,0,0,0,36.5%,17,17.0,0,0,3,0.0%,0.0,-,-,0,NA,NA,NA,NA,0,NA,NA,-,-,0.0,NA,NA,NA,NA,NA,NA,19,0.89,0.000,0.158,7.3%,-,-,-,17,0.000,0.0,570%,0.1,8,0,1,1,0,3.0,2,0.0%,NA,NA,NA,NA,NA,NA,NA,NA,NA,0.0%,NA,NA,vs GB,8,·,5.6,-1.9
2,13275,Ty Simpson,QB,23.7,LAR,0,0,0.00,0,0,0,0,0,0,0.0%,0,0,0,0,0,0,0.00,0,0,0,0,0.00,0.00,0,0,0,0,0,0,0,0,0.0,0.0,0,0,0,0,0,0,0,-,0,0.0,0,0,0,NA,0.0,-,-,NA,NA,NA,NA,NA,0,NA,NA,-,-,0.0,NA,NA,NA,NA,NA,NA,NA,NA,NA,NA,NA,-,-,-,0,0.000,NA,NA,NA,NA,NA,NA,NA,NA,NA,NA,0.0%,NA,NA,NA,NA,NA,NA,NA,NA,NA,0.0%,NA,NA,vs NYG,19,OUT,OUT,OUT
2,11583,Jonathon Brooks,RB,23.2,CAR,64,65,2.10,1.6,1,0,66,20,0,0.0%,0,0,0,0,0,0,0.00,16,0,0,0,0.00,0.00,1,-6,0,0,0,1,1,-5,-5.0,-5.0,5,0,0,11,0,16,3.2,30.3%,11,11.0,0,0,6,0.0%,0.0,-,-,5,16,1,3.20,0.200,0,0.000,0.520,-,-,16.0,0.0,0.0%,0.0,0.00,3.0,1.0,11,-0.45,0.000,0.091,2.8%,-,-,-,-5,0.000,0.0,NA,NA,1,NA,NA,NA,NA,1.0,1,0.0%,NA,NA,NA,NA,NA,NA,NA,NA,NA,0.0%,NA,NA,@ ATL,23,Q,6.7,-4.6
2,11586,Blake Corum,RB,25.8,LAR,24,22,10.20,9.7,1,0,62,28,1,0.0%,0,0,0,0,0,0,0.00,79,0,0,0,0.00,0.00,1,-6,0,1,0,1,19,13,13.0,13.0,12,0,5,92,0,79,6.58,45.2%,92,92.0,0,6,13,46.2%,6.0,-,-,12,37,2,3.10,0.167,5,0.417,0.477,-,-,79.0,3.0,25.0%,27.0,2.25,0.0,0.0,7,1.86,0.143,0.143,3.2%,-,-,-,13,1.000,1.0,NA,NA,19,NA,NA,NA,NA,1.0,1,0.0%,NA,NA,NA,NA,NA,NA,NA,NA,NA,0.0%,NA,NA,vs NYG,11,·,10.2,0.0
2,13346,Denzel Boston,WR,22.8,CLE,12,11,20.50,18,1,1,58,54,0,0.0%,0,0,0,0,0,0,0.00,0,0,0,0,0.00,0.00,5,45,1,2,1,7,50,95,19.0,13.6,0,0,0,95,0,0,0,93.1%,95,95.0,1,3,7,42.9%,3.0,-,-,0,NA,NA,NA,NA,0,NA,NA,-,-,0.0,NA,NA,NA,NA,NA,NA,29,3.28,0.069,0.241,23.3%,-,-,-,95,3.000,0.6,930%,0.6,10,1,3,5,1,7.0,5,0.0%,NA,NA,NA,NA,NA,NA,NA,NA,NA,0.0%,NA,NA,@ TB,29,·,8.9,11.6
2,9754,Quentin Johnston,WR,25.0,LAC,93,92,2.40,1.9,1,0,68,55,0,0.0%,0,0,0,0,0,0,0.00,7,0,0,0,0.00,0.00,1,-4,1,1,0,5,11,7,7.0,1.4,1,0,0,14,0,7,7,80.9%,14,14.0,0,1,6,16.7%,1.0,-,-,1,NA,NA,NA,NA,0,0.000,NA,-,-,7.0,NA,NA,NA,NA,NA,NA,23,0.30,0.043,0.217,18.5%,-,-,-,7,1.000,1.0,1010%,0.2,11,0,3,3,0,5.0,1,0.0%,NA,NA,NA,NA,NA,NA,NA,NA,NA,0.0%,NA,NA,vs LV,21,·,9.8,-7.4
2,8131,Isaiah Likely,TE,26.4,NYG,19,20,8.30,5.8,1,1,58,40,0,0.0%,0,0,0,0,0,0,0.00,0,0,0,0,0.00,0.00,5,29,0,3,0,10,4,33,6.6,3.3,0,0,0,33,0,0,0,69.0%,33,33.0,0,3,10,30.0%,3.0,-,-,0,NA,NA,NA,NA,0,NA,NA,-,-,0.0,NA,NA,NA,NA,NA,NA,29,1.14,0.103,0.345,31.3%,-,-,-,33,3.000,0.6,490%,0.2,1,0,1,7,0,10.0,5,0.0%,NA,NA,NA,NA,NA,NA,NA,NA,NA,0.0%,NA,NA,@ LAR,26,·,11.8,-3.5
2,9500,Josh Downs,WR,25.1,IND,20,23,14.20,10.7,1,0,65,54,0,0.0%,0,0,0,0,0,0,0.00,0,0,0,0,0.00,0.00,7,50,0,6,0,9,22,72,10.3,8.0,0,0,0,72,0,0,0,83.1%,72,72.0,0,6,9,66.7%,6.0,-,-,0,NA,NA,NA,NA,0,NA,NA,-,-,0.0,NA,NA,NA,NA,NA,NA,28,2.57,0.214,0.321,29.0%,-,-,-,72,6.000,0.9,750%,0.4,3,2,3,5,0,9.0,7,0.0%,NA,NA,NA,NA,NA,NA,NA,NA,NA,0.0%,NA,NA,@ KC,31,·,10.4,3.8
2,7611,Rhamondre Stevenson,RB,28.6,NE,53,51,3.60,3.1,1,1,55,20,1,0.0%,0,0,0,0,0,0,0.00,43,0,0,0,0.00,0.00,1,-2,1,0,0,2,5,3,3.0,1.5,6,0,3,46,0,43,7.17,36.4%,46,46.0,0,3,8,37.5%,3.0,-,-,6,30,5,5.00,0.833,3,0.500,1.333,-,-,43.0,1.0,16.7%,22.0,3.67,0.0,0.0,10,0.30,0.000,0.200,9.1%,-,-,-,3,0.000,0.0,NA,NA,5,NA,NA,NA,NA,2.0,1,0.0%,NA,NA,NA,NA,NA,NA,NA,NA,NA,0.0%,NA,NA,vs PIT,8,·,12.3,-8.7
2,11646,Jalen Coker,WR,24.9,CAR,18,25,14.60,10.6,1,1,66,50,0,0.0%,0,0,0,0,0,0,0.00,0,0,0,0,0.00,0.00,8,45,0,3,0,9,21,66,8.3,7.3,0,0,0,66,0,0,0,75.8%,66,66.0,0,3,9,33.3%,3.0,-,-,0,NA,NA,NA,NA,0,NA,NA,-,-,0.0,NA,NA,NA,NA,NA,NA,32,2.06,0.094,0.281,25.0%,-,-,-,66,3.000,0.4,580%,0.2,3,4,2,4,1,9.0,8,0.0%,NA,NA,NA,NA,NA,NA,NA,NA,NA,0.0%,NA,NA,@ ATL,25,·,12.9,1.7
2,2133,Davante Adams,WR,33.7,LAR,2,2,39.50,35.5,1,1,62,40,0,0.0%,0,0,0,0,0,0,0.00,0,0,0,0,0.00,0.00,8,149,0,5,2,10,46,195,24.4,19.5,0,0,0,195,0,0,0,64.5%,195,195.0,2,7,10,70.0%,7.0,-,-,0,NA,NA,NA,NA,0,NA,NA,-,-,0.0,NA,NA,NA,NA,NA,NA,26,7.50,0.192,0.385,32.3%,-,-,-,195,7.000,0.9,1830%,0.6,6,1,8,4,0,10.0,8,0.0%,NA,NA,NA,NA,NA,NA,NA,NA,NA,0.0%,NA,NA,vs NYG,15,·,13.6,25.9
2,5927,Terry McLaurin,WR,31.0,WAS,52,46,7.00,6,1,1,71,50,0,0.0%,0,0,0,0,0,0,0.00,0,0,0,0,0.00,0.00,2,26,1,2,0,9,24,50,25.0,5.6,0,0,0,50,0,0,0,70.4%,50,50.0,0,2,9,22.2%,2.0,-,-,0,NA,NA,NA,NA,0,NA,NA,-,-,0.0,NA,NA,NA,NA,NA,NA,33,1.52,0.061,0.273,25.7%,-,-,-,50,2.000,1.0,1850%,0.4,12,1,7,2,3,9.0,2,0.0%,NA,NA,NA,NA,NA,NA,NA,NA,NA,0.0%,NA,NA,@ DAL,26,·,14.0,-7.0
2,5846,DK Metcalf,WR,28.8,PIT,58,65,6.70,4.7,1,1,70,68,0,0.0%,0,0,0,0,0,0,0.00,0,0,0,0,0.00,0.00,4,12,1,1,0,9,15,27,6.8,3.0,0,0,0,27,0,0,0,97.1%,27,27.0,0,1,9,11.1%,1.0,-,-,0,NA,NA,NA,NA,0,NA,NA,-,-,0.0,NA,NA,NA,NA,NA,NA,43,0.63,0.023,0.209,22.5%,-,-,-,27,1.000,0.3,610%,0.3,4,0,3,5,0,9.0,4,0.0%,NA,NA,NA,NA,NA,NA,NA,NA,NA,0.0%,NA,NA,@ NE,12,·,13.9,-7.2
2,12534,Kyle Monangai,RB,24.3,CHI,35,34,7.80,6.8,1,0,74,25,0,0.0%,0,0,0,0,0,0,0.00,47,0,0,0,0.00,0.00,2,1,0,0,0,2,10,11,5.5,5.5,10,1,3,58,0,47,4.7,33.8%,58,58.0,0,3,12,25.0%,3.0,-,-,10,40,4,4.00,0.400,3,0.300,0.800,-,-,47.0,2.0,20.0%,7.0,0.70,2.0,0.0,6,1.83,0.000,0.333,5.7%,-,-,-,11,0.000,0.0,NA,NA,5,NA,NA,NA,NA,2.0,2,0.0%,NA,NA,NA,NA,NA,NA,NA,NA,NA,0.0%,NA,NA,vs MIN,32,·,7.1,0.7
2,10236,Dalton Kincaid,TE,26.9,BUF,3,3,22.50,19,1,1,74,49,0,0.0%,0,0,0,0,0,0,0.00,0,0,0,0,0.00,0.00,7,56,0,4,1,8,39,95,13.6,11.9,0,0,0,95,0,0,0,66.2%,95,95.0,1,5,8,62.5%,5.0,-,-,0,NA,NA,NA,NA,0,NA,NA,-,-,0.0,NA,NA,NA,NA,NA,NA,26,3.65,0.154,0.308,25.8%,-,-,-,95,5.000,0.7,970%,0.4,6,1,4,3,0,8.0,7,0.0%,NA,NA,NA,NA,NA,NA,NA,NA,NA,0.0%,NA,NA,vs DET,2,·,12.2,10.3
2,12489,RJ Harvey,RB,25.6,DEN,0,0,0.00,0,0,0,0,0,0,0.0%,0,0,0,0,0,0,0.00,0,0,0,0,0.00,0.00,0,0,0,0,0,0,0,0,0.0,0.0,0,0,0,0,0,0,0,-,0,0.0,0,0,0,NA,0.0,-,-,NA,NA,NA,NA,NA,0,NA,NA,-,-,0.0,NA,NA,NA,NA,NA,NA,NA,NA,NA,NA,NA,-,-,-,0,0.000,NA,NA,NA,NA,NA,NA,NA,NA,NA,NA,0.0%,NA,NA,NA,NA,NA,NA,NA,NA,NA,0.0%,NA,NA,vs JAX,25,OUT,OUT,OUT
2,8228,Jaylen Warren,RB,27.9,PIT,26,25,9.70,8.7,1,0,70,50,0,0.0%,0,0,0,0,0,0,0.00,43,0,0,0,0.00,0.00,2,-5,0,1,0,4,39,34,17.0,8.5,11,0,1,77,0,43,3.91,71.4%,77,77.0,0,2,15,13.3%,2.0,-,-,11,40,2,3.60,0.182,1,0.091,0.542,-,-,43.0,1.0,9.1%,2.0,0.18,0.0,0.0,24,1.42,0.042,0.167,10.0%,-,-,-,34,1.000,0.5,NA,NA,20,NA,NA,NA,NA,4.0,2,0.0%,NA,NA,NA,NA,NA,NA,NA,NA,NA,0.0%,NA,NA,@ NE,26,·,11.6,-1.9
2,8126,Wan'Dale Robinson,WR,25.7,TEN,102,103,1.90,1.4,1,0,53,28,0,0.0%,0,0,0,0,0,0,0.00,0,0,0,0,0.00,0.00,1,6,0,1,0,1,3,9,9.0,9.0,0,0,0,9,0,0,0,52.8%,9,9.0,0,1,1,100.0%,1.0,-,-,0,NA,NA,NA,NA,0,NA,NA,-,-,0.0,NA,NA,NA,NA,NA,NA,18,0.50,0.056,0.056,5.0%,-,-,-,9,1.000,1.0,590%,0.1,3,0,0,1,0,1.0,1,0.0%,NA,NA,NA,NA,NA,NA,NA,NA,NA,0.0%,NA,NA,vs PHI,10,·,7.7,-5.8
2,13276,Omar Cooper Jr.,WR,22.8,NYJ,999,999,0.00,0,0,0,0,0,0,0.0%,0,0,0,0,0,0,0.00,0,0,0,0,0.00,0.00,0,0,0,0,0,0,0,0,0.0,0.0,0,0,0,0,0,0,0,-,0,0.0,0,0,0,NA,0.0,-,-,NA,NA,NA,NA,NA,0,NA,NA,-,-,0.0,NA,NA,NA,NA,NA,NA,NA,NA,NA,NA,NA,-,-,-,0,0.000,NA,NA,NA,NA,NA,NA,NA,NA,NA,NA,0.0%,NA,NA,NA,NA,NA,NA,NA,NA,NA,0.0%,NA,NA,vs GB,13,IR,IR,IR
2,2216,Mike Evans,WR,33.1,SF,45,42,8.40,6.9,1,1,52,28,0,0.0%,0,0,0,0,0,0,0.00,0,0,0,0,0.00,0.00,3,40,0,3,0,3,14,54,18.0,18.0,0,0,0,54,0,0,0,53.8%,54,54.0,0,3,3,100.0%,3.0,-,-,0,NA,NA,NA,NA,0,NA,NA,-,-,0.0,NA,NA,NA,NA,NA,NA,18,3.00,0.167,0.167,13.6%,-,-,-,54,3.000,1.0,1310%,0.2,5,0,3,1,0,3.0,3,0.0%,NA,NA,NA,NA,NA,NA,NA,NA,NA,0.0%,NA,NA,vs MIA,24,Q,12.9,-4.5
2,10222,Jayden Reed,WR,26.4,GB,111,113,1.40,0.9,1,1,59,2,0,0.0%,0,0,0,0,0,0,0.00,0,0,0,0,0.00,0.00,1,-5,0,0,0,1,9,4,4.0,4.0,0,0,0,4,0,0,0,3.4%,4,4.0,0,0,1,0.0%,0.0,-,-,0,NA,NA,NA,NA,0,NA,NA,-,-,0.0,NA,NA,NA,NA,NA,NA,2,2.00,0.000,0.500,3.4%,-,-,-,4,0.000,0.0,-480%,0.0,9,0,0,1,0,1.0,1,0.0%,NA,NA,NA,NA,NA,NA,NA,NA,NA,0.0%,NA,NA,@ NYJ,23,OUT,11.6,-10.2
2,13414,Kaelon Black,RB,24.9,SF,59,57,2.50,2.5,1,0,52,17,0,0.0%,0,0,0,0,0,0,0.00,25,0,0,0,0.00,0.00,0,0,0,0,0,0,0,0,0.0,0.0,7,1,0,25,0,25,3.57,32.7%,25,25.0,0,0,7,0.0%,0.0,-,-,7,28,1,4.00,0.143,0,0.000,0.543,-,-,25.0,0.0,0.0%,-6.0,-0.86,2.0,0.0,4,0.00,0.000,0.000,0.0%,-,-,-,0,0.000,NA,NA,NA,NA,NA,NA,NA,NA,0.0,0,0.0%,NA,NA,NA,NA,NA,NA,NA,NA,NA,0.0%,NA,NA,vs MIA,4,·,7.1,-4.6
2,13293,Ja'Kobi Lane,WR,22.1,BAL,999,999,0.00,0,0,0,0,0,0,0.0%,0,0,0,0,0,0,0.00,0,0,0,0,0.00,0.00,0,0,0,0,0,0,0,0,0.0,0.0,0,0,0,0,0,0,0,-,0,0.0,0,0,0,NA,0.0,-,-,NA,NA,NA,NA,NA,0,NA,NA,-,-,0.0,NA,NA,NA,NA,NA,NA,NA,NA,NA,NA,NA,-,-,-,0,0.000,NA,NA,NA,NA,NA,NA,NA,NA,NA,NA,0.0%,NA,NA,NA,NA,NA,NA,NA,NA,NA,0.0%,NA,NA,vs NO,11,IR,IR,IR
2,13345,Jonah Coleman,RB,23.1,DEN,9,11,14.80,13.3,1,0,62,25,0,0.0%,0,0,0,0,0,0,0.00,39,0,0,0,0.00,0.00,3,0,0,0,0,3,19,19,6.3,6.3,10,0,2,58,1,39,3.9,40.3%,58,58.0,1,3,13,23.1%,3.0,-,-,10,13,0,1.30,0.000,3,0.300,0.130,-,-,39.0,2.0,20.0%,1.0,0.10,3.0,2.0,6,3.17,0.000,0.500,9.7%,-,-,-,19,0.000,0.0,NA,NA,6,NA,NA,NA,NA,3.0,3,0.0%,NA,NA,NA,NA,NA,NA,NA,NA,NA,0.0%,NA,NA,vs JAX,25,·,7.2,7.6
2,7594,Chuba Hubbard,RB,27.3,CAR,10,10,14.40,13.4,1,1,66,43,0,0.0%,0,0,0,0,0,0,0.00,53,0,0,0,0.00,0.00,2,-4,0,0,1,2,15,11,5.5,5.5,12,2,4,64,0,53,4.42,65.2%,64,64.0,1,5,14,35.7%,5.0,-,-,12,37,4,3.10,0.333,4,0.333,0.643,-,-,53.0,1.0,8.3%,11.0,0.92,3.0,1.0,17,0.65,0.000,0.118,5.6%,-,-,-,11,1.000,0.5,NA,NA,8,NA,NA,NA,NA,2.0,2,0.0%,NA,NA,NA,NA,NA,NA,NA,NA,NA,0.0%,NA,NA,@ ATL,23,·,12.4,2.0
2,12533,Jacory Croskey-Merritt,RB,25.4,WAS,41,40,5.80,5.3,1,1,71,26,0,0.0%,0,0,0,0,0,0,0.00,43,0,0,0,0.00,0.00,1,-1,0,0,0,1,6,5,5.0,5.0,12,0,0,48,0,43,3.58,36.6%,48,48.0,0,0,13,0.0%,0.0,-,-,12,36,2,3.00,0.167,0,0.000,0.467,-,-,43.0,0.0,0.0%,-17.0,-1.42,1.0,0.0,7,0.71,0.000,0.143,2.9%,-,-,-,5,0.000,0.0,NA,NA,6,NA,NA,NA,NA,1.0,1,0.0%,NA,NA,NA,NA,NA,NA,NA,NA,NA,0.0%,NA,NA,@ DAL,9,·,12.5,-6.7
2,4217,George Kittle,TE,32.9,SF,7,6,18.00,16,1,1,52,25,0,0.0%,0,0,0,0,0,0,0.00,0,0,0,0,0.00,0.00,4,50,0,2,1,4,30,80,20.0,20.0,0,0,0,80,0,0,0,48.1%,80,80.0,1,3,4,75.0%,3.0,-,-,0,NA,NA,NA,NA,0,NA,NA,-,-,0.0,NA,NA,NA,NA,NA,NA,13,6.15,0.154,0.308,18.2%,-,-,-,80,3.000,0.8,1300%,0.3,8,2,3,1,1,4.0,4,0.0%,NA,NA,NA,NA,NA,NA,NA,NA,NA,0.0%,NA,NA,vs MIA,22,·,10.7,7.3
2,6819,Michael Pittman,WR,29.0,PIT,0,0,0.00,0,0,0,0,0,0,0.0%,0,0,0,0,0,0,0.00,0,0,0,0,0.00,0.00,0,0,0,0,0,0,0,0,0.0,0.0,0,0,0,0,0,0,0,-,0,0.0,0,0,0,NA,0.0,-,-,NA,NA,NA,NA,NA,0,NA,NA,-,-,0.0,NA,NA,NA,NA,NA,NA,NA,NA,NA,NA,NA,-,-,-,0,0.000,NA,NA,NA,NA,NA,NA,NA,NA,NA,NA,0.0%,NA,NA,NA,NA,NA,NA,NA,NA,NA,0.0%,NA,NA,@ NE,12,OUT,OUT,OUT
2,13311,Chris Bell,WR,22.3,MIA,999,999,0.00,0,1,0,59,24,0,0.0%,0,0,0,0,0,0,0.00,0,0,0,0,0.00,0.00,0,0,0,0,0,1,0,0,0.0,0.0,0,0,0,0,0,0,0,40.7%,0,0.0,0,0,1,0.0%,0.0,-,-,0,NA,NA,NA,NA,0,NA,NA,-,-,0.0,NA,NA,NA,NA,NA,NA,NA,NA,NA,NA,NA,-,-,-,0,0.000,NA,NA,NA,NA,NA,NA,NA,NA,1.0,0,0.0%,NA,NA,NA,NA,NA,NA,NA,NA,NA,0.0%,NA,NA,@ SF,28,·,6.7,-6.7
2,9753,Zach Charbonnet,RB,25.7,SEA,999,999,0.00,0,0,0,0,0,0,0.0%,0,0,0,0,0,0,0.00,0,0,0,0,0.00,0.00,0,0,0,0,0,0,0,0,0.0,0.0,0,0,0,0,0,0,0,-,0,0.0,0,0,0,NA,0.0,-,-,NA,NA,NA,NA,NA,0,NA,NA,-,-,0.0,NA,NA,NA,NA,NA,NA,NA,NA,NA,NA,NA,-,-,-,0,0.000,NA,NA,NA,NA,NA,NA,NA,NA,NA,NA,0.0%,NA,NA,NA,NA,NA,NA,NA,NA,NA,0.0%,NA,NA,@ ARI,28,PUP,PUP,PUP
2,11581,MarShawn Lloyd,RB,25.7,GB,31,30,8.60,7.6,1,1,59,16,1,0.0%,0,0,0,0,0,0,0.00,20,0,0,0,0.00,0.00,2,-4,0,0,1,2,10,6,3.0,3.0,6,1,1,26,0,20,3.33,27.1%,26,26.0,1,2,8,25.0%,2.0,-,-,6,16,3,2.70,0.500,1,0.167,0.770,-,-,20.0,0.0,0.0%,-14.0,-2.33,2.0,1.0,6,1.00,0.000,0.333,6.9%,-,-,-,6,1.000,0.5,NA,NA,5,NA,NA,NA,NA,2.0,2,0.0%,NA,NA,NA,NA,NA,NA,NA,NA,NA,0.0%,NA,NA,@ NYJ,31,·,11.8,-3.2
2,13305,Mike Washington Jr.,RB,23.2,LV,77,75,0.70,0.7,1,0,63,12,0,0.0%,0,0,0,0,0,0,0.00,7,0,0,0,0.00,0.00,0,0,0,0,0,1,0,0,0.0,0.0,3,0,0,7,0,7,2.33,19.0%,7,7.0,0,0,4,0.0%,0.0,-,-,3,6,0,2.00,0.000,0,0.000,0.200,-,-,7.0,0.0,0.0%,-4.0,-1.33,1.0,0.0,5,0.00,0.000,0.200,3.4%,-,-,-,0,0.000,NA,NA,NA,NA,NA,NA,NA,NA,1.0,0,0.0%,NA,NA,NA,NA,NA,NA,NA,NA,NA,0.0%,NA,NA,@ LAC,17,·,3.8,-3.1
2,4037,Chris Godwin,WR,30.6,TB,40,39,8.80,7.3,1,1,65,56,0,0.0%,0,0,0,0,0,0,0.00,12,0,0,0,0.00,0.00,3,33,0,3,0,3,13,46,15.3,15.3,1,0,1,58,0,12,12,86.2%,58,58.0,0,4,4,100.0%,4.0,-,-,1,NA,NA,NA,NA,1,1.000,NA,-,-,12.0,NA,NA,NA,NA,NA,NA,36,1.28,0.083,0.083,8.8%,-,-,-,46,3.000,1.0,1070%,0.1,4,0,2,1,0,3.0,3,0.0%,NA,NA,NA,NA,NA,NA,NA,NA,NA,0.0%,NA,NA,vs CLE,3,·,10.4,-1.6
2,7021,Rico Dowdle,RB,28.2,PIT,40,39,6.40,5.4,1,1,70,18,0,0.0%,0,0,0,0,0,0,0.00,22,0,0,0,0.00,0.00,2,2,0,2,0,2,20,22,11.0,11.0,7,0,1,44,0,22,3.14,25.7%,44,44.0,0,3,9,33.3%,3.0,-,-,7,22,1,3.20,0.143,1,0.143,0.463,-,-,22.0,0.0,0.0%,-3.0,-0.43,0.0,0.0,6,3.67,0.333,0.333,5.0%,-,-,-,22,2.000,1.0,NA,NA,10,NA,NA,NA,NA,2.0,2,0.0%,NA,NA,NA,NA,NA,NA,NA,NA,NA,0.0%,NA,NA,@ NE,26,Q,11.0,-4.6
2,13285,Malachi Fields,WR,23.0,NYG,73,72,5.00,4,1,0,58,47,0,0.0%,0,0,0,0,0,0,0.00,0,0,0,0,0.00,0.00,2,24,1,2,0,6,6,30,15.0,5.0,0,0,0,30,0,0,0,81.0%,30,30.0,0,2,6,33.3%,2.0,-,-,0,NA,NA,NA,NA,0,NA,NA,-,-,0.0,NA,NA,NA,NA,NA,NA,28,1.07,0.071,0.214,18.8%,-,-,-,30,2.000,1.0,1990%,0.4,3,0,5,3,0,6.0,2,0.0%,NA,NA,NA,NA,NA,NA,NA,NA,NA,0.0%,NA,NA,@ LAR,4,·,5.9,-0.9
2,11624,Xavier Worthy,WR,23.4,KC,22,21,13.50,11,1,1,80,69,0,0.0%,0,0,0,0,0,0,0.00,0,0,0,0,0.00,0.00,5,6,1,1,1,7,19,25,5.0,3.6,0,0,0,25,0,0,0,86.3%,25,25.0,1,2,7,28.6%,2.0,-,-,0,NA,NA,NA,NA,0,NA,NA,-,-,0.0,NA,NA,NA,NA,NA,NA,44,0.57,0.023,0.159,14.9%,-,-,-,25,2.000,0.4,640%,0.2,4,3,2,4,1,7.0,5,0.0%,NA,NA,NA,NA,NA,NA,NA,NA,NA,0.0%,NA,NA,vs IND,7,·,9.9,3.7
2,6806,J.K. Dobbins,RB,27.8,DEN,51,47,3.60,3.6,1,1,62,21,0,0.0%,0,0,0,0,0,0,0.00,36,0,0,0,0.00,0.00,0,0,0,0,0,0,0,0,0.0,0.0,10,0,1,36,0,36,3.6,33.9%,36,36.0,0,1,10,10.0%,1.0,-,-,10,24,3,2.40,0.300,1,0.100,0.540,-,-,36.0,1.0,10.0%,4.0,0.40,3.0,3.0,5,0.00,0.000,0.000,0.0%,-,-,-,0,0.000,NA,NA,NA,NA,NA,NA,NA,NA,0.0,0,0.0%,NA,NA,NA,NA,NA,NA,NA,NA,NA,0.0%,NA,NA,vs JAX,25,Q,12.9,-9.3
2,12487,Terrance Ferguson,TE,23.5,LAR,8,7,17.40,14.4,1,1,62,36,0,0.0%,0,0,0,0,0,0,0.00,0,0,0,0,0.00,0.00,6,30,2,1,1,9,24,54,9.0,6.0,0,0,0,54,0,0,0,58.1%,54,54.0,1,2,9,22.2%,2.0,-,-,0,NA,NA,NA,NA,0,NA,NA,-,-,0.0,NA,NA,NA,NA,NA,NA,23,2.35,0.043,0.391,29.0%,-,-,-,54,2.000,0.3,650%,0.2,4,1,3,6,1,9.0,6,0.0%,NA,NA,NA,NA,NA,NA,NA,NA,NA,0.0%,NA,NA,vs NYG,24,·,5.3,12.1
2,12484,Jayden Higgins,WR,23.8,HOU,999,999,0.00,0,0,0,0,0,0,0.0%,0,0,0,0,0,0,0.00,0,0,0,0,0.00,0.00,0,0,0,0,0,0,0,0,0.0,0.0,0,0,0,0,0,0,0,-,0,0.0,0,0,0,NA,0.0,-,-,NA,NA,NA,NA,NA,0,NA,NA,-,-,0.0,NA,NA,NA,NA,NA,NA,NA,NA,NA,NA,NA,-,-,-,0,0.000,NA,NA,NA,NA,NA,NA,NA,NA,NA,NA,0.0%,NA,NA,NA,NA,NA,NA,NA,NA,NA,0.0%,NA,NA,vs CIN,20,IR,IR,IR
2,5045,Courtland Sutton,WR,30.9,DEN,67,71,5.50,4,1,1,62,45,0,0.0%,0,0,0,0,0,0,0.00,0,0,0,0,0.00,0.00,3,23,0,1,0,4,2,25,8.3,6.3,0,0,0,25,0,0,0,72.6%,25,25.0,0,1,4,25.0%,1.0,-,-,0,NA,NA,NA,NA,0,NA,NA,-,-,0.0,NA,NA,NA,NA,NA,NA,26,0.96,0.038,0.154,12.9%,-,-,-,25,1.000,0.3,980%,0.1,1,1,1,4,1,4.0,3,0.0%,NA,NA,NA,NA,NA,NA,NA,NA,NA,0.0%,NA,NA,vs JAX,18,·,10.7,-5.2
2,8408,Jordan Mason,RB,27.3,MIN,999,999,0.00,0,0,0,0,0,0,0.0%,0,0,0,0,0,0,0.00,0,0,0,0,0.00,0.00,0,0,0,0,0,0,0,0,0.0,0.0,0,0,0,0,0,0,0,-,0,0.0,0,0,0,NA,0.0,-,-,NA,NA,NA,NA,NA,0,NA,NA,-,-,0.0,NA,NA,NA,NA,NA,NA,NA,NA,NA,NA,NA,-,-,-,0,0.000,NA,NA,NA,NA,NA,NA,NA,NA,NA,NA,0.0%,NA,NA,NA,NA,NA,NA,NA,NA,NA,0.0%,NA,NA,@ CHI,7,IR,IR,IR
2,8110,Jake Ferguson,TE,27.7,DAL,4,4,20.30,18.3,1,1,55,33,0,0.0%,0,0,0,0,0,0,0.00,0,0,0,0,0.00,0.00,4,29,0,1,2,4,14,43,10.8,10.8,0,0,0,43,0,0,0,60.0%,43,43.0,2,3,4,75.0%,3.0,-,-,0,NA,NA,NA,NA,0,NA,NA,-,-,0.0,NA,NA,NA,NA,NA,NA,21,2.05,0.048,0.190,12.9%,-,-,-,43,3.000,0.8,880%,0.1,4,2,2,2,2,4.0,4,0.0%,NA,NA,NA,NA,NA,NA,NA,NA,NA,0.0%,NA,NA,vs WAS,3,·,9.6,10.7
2,7567,Kenneth Gainwell,RB,27.5,TB,47,52,4.50,3,1,0,65,23,0,0.0%,0,0,0,0,0,0,0.00,10,0,0,0,0.00,0.00,3,-20,1,0,0,4,25,5,1.7,1.3,2,1,2,15,0,10,5,35.4%,15,15.0,0,2,6,33.3%,2.0,-,-,2,13,3,6.50,1.500,2,1.000,2.150,-,-,10.0,0.0,0.0%,4.0,2.00,1.0,0.0,12,0.42,0.000,0.333,11.8%,-,-,-,5,0.000,0.0,NA,NA,8,NA,NA,NA,NA,4.0,3,0.0%,NA,NA,NA,NA,NA,NA,NA,NA,NA,0.0%,NA,NA,vs CLE,21,·,8.0,-3.5
2,9480,Brenton Strange,TE,25.7,JAX,29,30,3.70,2.7,1,1,59,49,0,0.0%,0,0,0,0,0,0,0.00,0,0,0,0,0.00,0.00,2,17,0,1,0,2,0,17,8.5,8.5,0,0,0,17,0,0,0,83.1%,17,17.0,0,1,2,50.0%,1.0,-,-,0,NA,NA,NA,NA,0,NA,NA,-,-,0.0,NA,NA,NA,NA,NA,NA,25,0.68,0.040,0.080,6.9%,-,-,-,17,1.000,0.5,840%,0.1,0,1,1,0,0,2.0,2,0.0%,NA,NA,NA,NA,NA,NA,NA,NA,NA,0.0%,NA,NA,@ DEN,13,·,7.9,-4.2
2,5850,Josh Jacobs,RB,28.6,GB,999,999,0.00,0,0,0,59,0,0,0.0%,0,0,0,0,0,0,0.00,0,0,0,0,0.00,0.00,0,0,0,0,0,0,0,0,0.0,0.0,0,0,0,0,0,0,0,0.0%,0,0.0,0,0,0,NA,0.0,-,-,NA,NA,NA,NA,NA,0,NA,NA,-,-,0.0,NA,NA,NA,NA,NA,NA,NA,NA,NA,NA,NA,-,-,-,0,0.000,NA,NA,NA,NA,NA,NA,NA,NA,NA,NA,0.0%,NA,NA,NA,NA,NA,NA,NA,NA,NA,0.0%,NA,NA,@ NYJ,31,NA,NA,NA
2,13349,Eli Stowers,TE,23.4,PHI,999,999,0.00,0,0,0,0,0,0,0.0%,0,0,0,0,0,0,0.00,0,0,0,0,0.00,0.00,0,0,0,0,0,0,0,0,0.0,0.0,0,0,0,0,0,0,0,-,0,0.0,0,0,0,NA,0.0,-,-,NA,NA,NA,NA,NA,0,NA,NA,-,-,0.0,NA,NA,NA,NA,NA,NA,NA,NA,NA,NA,NA,-,-,-,0,0.000,NA,NA,NA,NA,NA,NA,NA,NA,NA,NA,0.0%,NA,NA,NA,NA,NA,NA,NA,NA,NA,0.0%,NA,NA,@ TEN,12,IR,IR,IR
2,13296,Caleb Douglas,WR,23.0,MIA,80,82,3.90,2.9,1,1,59,51,0,0.0%,0,0,0,0,0,0,0.00,0,0,0,0,0.00,0.00,2,13,1,2,0,3,6,19,9.5,6.3,0,0,0,19,0,0,0,86.4%,19,19.0,0,2,3,66.7%,2.0,-,-,0,NA,NA,NA,NA,0,NA,NA,-,-,0.0,NA,NA,NA,NA,NA,NA,21,0.90,0.095,0.143,13.0%,-,-,-,19,2.000,1.0,550%,0.1,3,1,0,2,0,3.0,2,0.0%,NA,NA,NA,NA,NA,NA,NA,NA,NA,0.0%,NA,NA,@ SF,28,Q,8.9,-5.0
2,8132,Tyler Allgeier,RB,26.4,ARI,49,53,3.90,2.9,1,1,50,32,0,0.0%,0,0,0,0,0,0,0.00,10,0,0,0,0.00,0.00,2,-3,0,0,0,2,12,9,4.5,4.5,5,0,2,19,0,10,2,64.0%,19,19.0,0,2,7,28.6%,2.0,-,-,5,12,0,2.40,0.000,2,0.400,0.240,-,-,10.0,0.0,0.0%,-5.0,-1.00,0.0,0.0,16,0.56,0.000,0.125,7.1%,-,-,-,9,0.000,0.0,NA,NA,6,NA,NA,NA,NA,2.0,2,0.0%,NA,NA,NA,NA,NA,NA,NA,NA,NA,0.0%,NA,NA,vs SEA,22,·,6.4,-2.5
2,11618,Jalen McMillan,WR,24.8,TB,999,999,0.00,0,1,0,65,7,0,0.0%,0,0,0,0,0,0,0.00,0,0,0,0,0.00,0.00,0,0,0,0,0,0,0,0,0.0,0.0,0,0,0,0,0,0,0,10.8%,0,0.0,0,0,0,NA,0.0,-,-,0,NA,NA,NA,NA,0,NA,NA,-,-,0.0,NA,NA,NA,NA,NA,NA,2,0.00,0.000,0.000,0.0%,-,-,-,0,0.000,NA,0%,0.0,NA,0,0,0,0,0.0,0,0.0%,NA,NA,NA,NA,NA,NA,NA,NA,NA,0.0%,NA,NA,vs CLE,3,·,5.7,-5.7
2,8121,Romeo Doubs,WR,26.4,NE,24,20,12.60,11.1,1,1,55,37,1,0.0%,0,0,0,0,0,0,0.00,0,0,0,0,0.00,0.00,3,70,1,2,0,4,26,96,32.0,24.0,0,0,0,96,0,0,0,67.3%,96,96.0,0,2,4,50.0%,2.0,-,-,0,NA,NA,NA,NA,0,NA,NA,-,-,0.0,NA,NA,NA,NA,NA,NA,20,4.80,0.100,0.200,18.2%,-,-,-,96,2.000,0.7,1830%,0.4,9,0,2,2,0,4.0,3,0.0%,NA,NA,NA,NA,NA,NA,NA,NA,NA,0.0%,NA,NA,vs PIT,32,·,9.0,3.6
2,13301,Antonio Williams,WR,22.2,WAS,70,73,5.40,3.9,1,0,71,35,0,0.0%,0,1,0,0,1,0,39.60,0,0,0,0,0.00,0.00,3,16,0,1,0,3,8,24,8.0,8.0,0,0,0,24,0,0,0,49.3%,24,24.0,0,1,4,25.0%,1.0,-,-,0,NA,NA,NA,NA,0,NA,NA,-,-,0.0,NA,NA,NA,NA,NA,NA,22,1.09,0.045,0.136,8.6%,-,-,-,24,1.000,0.3,530%,0.0,3,0,0,1,0,3.0,3,0.0%,0,NA,NA,NA,NA,NA,NA,NA,NA,0.0%,NA,NA,@ DAL,26,·,7.3,-1.9
2,8134,Khalil Shakir,WR,26.6,BUF,54,54,6.80,5.3,1,1,74,36,0,0.0%,0,0,0,0,0,0,0.00,0,0,0,0,0.00,0.00,3,19,1,2,0,6,19,38,12.7,6.3,0,0,0,38,0,0,0,48.6%,38,38.0,0,2,6,33.3%,2.0,-,-,0,NA,NA,NA,NA,0,NA,NA,-,-,0.0,NA,NA,NA,NA,NA,NA,21,1.81,0.095,0.286,19.4%,-,-,-,38,2.000,0.7,940%,0.3,6,0,2,2,0,6.0,3,0.0%,NA,NA,NA,NA,NA,NA,NA,NA,NA,0.0%,NA,NA,vs DET,2,·,11.0,-4.2
2,12493,Oronde Gadsden,TE,23.2,LAC,15,12,9.80,8.8,1,1,68,30,0,0.0%,0,0,0,0,0,0,0.00,0,0,0,0,0.00,0.00,2,18,0,0,1,2,0,18,9.0,9.0,0,0,0,18,0,0,0,44.1%,18,18.0,1,1,2,50.0%,1.0,-,-,0,NA,NA,NA,NA,0,NA,NA,-,-,0.0,NA,NA,NA,NA,NA,NA,13,1.38,0.000,0.154,7.4%,-,-,-,18,1.000,0.5,1090%,0.1,0,1,1,1,1,2.0,2,0.0%,NA,NA,NA,NA,NA,NA,NA,NA,NA,0.0%,NA,NA,vs LV,31,·,4.6,5.2
2,5947,Jakobi Meyers,WR,29.8,JAX,82,77,3.80,3.3,1,1,59,53,0,0.0%,0,0,0,0,0,0,0.00,0,0,0,0,0.00,0.00,1,21,0,1,0,1,7,28,28.0,28.0,0,0,0,28,0,0,0,89.8%,28,28.0,0,1,1,100.0%,1.0,-,-,0,NA,NA,NA,NA,0,NA,NA,-,-,0.0,NA,NA,NA,NA,NA,NA,29,0.97,0.034,0.034,3.4%,-,-,-,28,1.000,1.0,1900%,0.1,7,0,1,0,0,1.0,1,0.0%,NA,NA,NA,NA,NA,NA,NA,NA,NA,0.0%,NA,NA,@ DEN,30,·,7.4,-3.6
2,13274,Germie Bernard,WR,22.8,PIT,48,51,7.50,5.5,1,0,70,55,0,0.0%,0,0,0,0,0,0,0.00,0,0,0,0,0.00,0.00,4,23,1,2,0,8,12,35,8.8,4.4,0,0,0,35,0,0,0,78.6%,35,35.0,0,2,8,25.0%,2.0,-,-,0,NA,NA,NA,NA,0,NA,NA,-,-,0.0,NA,NA,NA,NA,NA,NA,34,1.03,0.059,0.235,20.0%,-,-,-,35,2.000,0.5,800%,0.4,3,1,5,2,0,8.0,4,0.0%,NA,NA,NA,NA,NA,NA,NA,NA,NA,0.0%,NA,NA,@ NE,12,·,6.3,1.2
2,12474,Woody Marks,RB,25.7,HOU,33,38,8.50,6,1,0,80,38,0,0.0%,0,0,0,0,0,0,0.00,8,0,0,0,0.00,0.00,5,7,0,1,0,6,20,27,5.4,4.5,8,0,1,35,0,8,1,47.5%,35,35.0,0,2,14,14.3%,2.0,-,-,8,16,2,2.00,0.250,1,0.125,0.450,-,-,8.0,0.0,0.0%,-12.0,-1.50,1.0,0.0,24,1.13,0.042,0.250,10.7%,-,-,-,27,1.000,0.2,NA,NA,4,NA,NA,NA,NA,6.0,5,0.0%,NA,NA,NA,NA,NA,NA,NA,NA,NA,0.0%,NA,NA,vs CIN,18,·,9.0,-0.4
2,13337,Emmett Johnson,RB,22.9,KC,42,43,5.50,4.5,1,0,80,14,0,0.0%,0,0,0,0,0,0,0.00,15,0,0,0,0.00,0.00,2,-4,0,1,0,2,24,20,10.0,10.0,2,0,1,35,0,15,7.5,17.5%,35,35.0,0,2,4,50.0%,2.0,-,-,2,12,1,6.10,0.500,1,0.500,1.110,-,-,15.0,0.0,0.0%,6.0,3.00,0.0,0.0,11,1.82,0.091,0.182,4.3%,-,-,-,20,1.000,0.5,NA,NA,12,NA,NA,NA,NA,2.0,2,0.0%,NA,NA,NA,NA,NA,NA,NA,NA,NA,0.0%,NA,NA,vs IND,3,·,3.3,2.2
2,13272,Carson Beck,QB,24.8,ARI,0,0,0.00,0,0,0,0,0,0,0.0%,0,0,0,0,0,0,0.00,0,0,0,0,0.00,0.00,0,0,0,0,0,0,0,0,0.0,0.0,0,0,0,0,0,0,0,-,0,0.0,0,0,0,NA,0.0,-,-,NA,NA,NA,NA,NA,0,NA,NA,-,-,0.0,NA,NA,NA,NA,NA,NA,NA,NA,NA,NA,NA,-,-,-,0,0.000,NA,NA,NA,NA,NA,NA,NA,NA,NA,NA,0.0%,NA,NA,NA,NA,NA,NA,NA,NA,NA,0.0%,NA,NA,vs SEA,24,OUT,OUT,OUT
2,9504,Kayshon Boutte,WR,24.4,HOU,56,58,6.70,5.2,1,1,80,58,0,0.0%,0,0,0,0,0,0,0.00,0,0,0,0,0.00,0.00,3,35,1,1,0,5,2,37,12.3,7.4,0,0,0,37,0,0,0,72.5%,37,37.0,0,1,5,20.0%,1.0,-,-,0,NA,NA,NA,NA,0,NA,NA,-,-,0.0,NA,NA,NA,NA,NA,NA,45,0.82,0.022,0.111,8.9%,-,-,-,37,1.000,0.3,1420%,0.2,1,1,4,2,1,5.0,3,0.0%,NA,NA,NA,NA,NA,NA,NA,NA,NA,0.0%,NA,NA,vs CIN,20,·,9.5,-2.8
2,13413,Cyrus Allen,WR,23.6,KC,999,999,0.00,0,1,0,80,3,0,0.0%,0,0,0,0,0,0,0.00,0,0,0,0,0.00,0.00,0,0,0,0,0,0,0,0,0.0,0.0,0,0,0,0,0,0,0,3.8%,0,0.0,0,0,0,NA,0.0,-,-,0,NA,NA,NA,NA,0,NA,NA,-,-,0.0,NA,NA,NA,NA,NA,NA,NA,NA,NA,NA,NA,-,-,-,0,0.000,NA,NA,NA,NA,NA,NA,NA,NA,0.0,0,0.0%,NA,NA,NA,NA,NA,NA,NA,NA,NA,0.0%,NA,NA,vs IND,7,·,0.8,-0.8
2,5967,Tony Pollard,RB,29.4,TEN,37,33,7.50,7,1,1,53,29,0,0.0%,0,0,0,0,0,0,0.00,64,0,0,0,0.00,0.00,1,-7,0,0,0,1,8,1,1.0,1.0,14,1,3,65,0,64,4.57,54.7%,65,65.0,0,3,15,20.0%,3.0,-,-,14,55,6,3.90,0.429,3,0.214,0.819,-,-,64.0,2.0,14.3%,17.0,1.21,5.0,4.0,6,0.17,0.000,0.167,5.0%,-,-,-,1,0.000,0.0,NA,NA,8,NA,NA,NA,NA,1.0,1,0.0%,NA,NA,NA,NA,NA,NA,NA,NA,NA,0.0%,NA,NA,vs PHI,20,·,8.9,-1.4
2,11559,Michael Penix Jr.,QB,26.4,ATL,0,0,0.00,0,0,0,0,0,0,0.0%,0,0,0,0,0,0,0.00,0,0,0,0,0.00,0.00,0,0,0,0,0,0,0,0,0.0,0.0,0,0,0,0,0,0,0,-,0,0.0,0,0,0,NA,0.0,-,-,NA,NA,NA,NA,NA,0,NA,NA,-,-,0.0,NA,NA,NA,NA,NA,NA,NA,NA,NA,NA,NA,-,-,-,0,0.000,NA,NA,NA,NA,NA,NA,NA,NA,NA,NA,0.0%,NA,NA,NA,NA,NA,NA,NA,NA,NA,0.0%,NA,NA,vs CAR,1,OUT,OUT,OUT
2,5022,Dallas Goedert,TE,31.7,PHI,54,55,1.40,0.9,1,1,76,19,0,0.0%,0,0,0,0,0,0,0.00,0,0,0,0,0.00,0.00,1,4,0,0,0,3,0,4,4.0,1.3,0,0,0,4,0,0,0,25.0%,4,4.0,0,0,3,0.0%,0.0,-,-,0,NA,NA,NA,NA,0,NA,NA,-,-,0.0,NA,NA,NA,NA,NA,NA,8,0.50,0.000,0.375,5.4%,-,-,-,4,0.000,0.0,160%,0.0,0,0,0,0,0,3.0,1,0.0%,NA,NA,NA,NA,NA,NA,NA,NA,NA,0.0%,NA,NA,@ TEN,12,Q,10.2,-8.8
2,12492,Pat Bryant,WR,23.8,DEN,109,97,1.60,1.6,1,0,62,41,0,0.0%,0,0,0,0,0,0,0.00,16,0,0,0,0.00,0.00,0,0,0,0,0,1,0,0,0.0,0.0,1,0,1,16,0,16,16,66.1%,16,16.0,0,1,2,50.0%,1.0,-,-,1,NA,NA,NA,NA,1,1.000,NA,-,-,16.0,NA,NA,NA,NA,NA,NA,21,0.00,0.000,0.048,3.2%,-,-,-,0,0.000,NA,560%,0.0,NA,0,0,0,0,1.0,0,0.0%,NA,NA,NA,NA,NA,NA,NA,NA,NA,0.0%,NA,NA,vs JAX,18,·,7.8,-6.2
2,12530,Travis Hunter,WR,23.3,JAX,999,999,0.00,0,1,1,59,6,0,0.0%,0,0,0,0,0,0,0.00,0,0,0,0,0.00,0.00,0,0,0,0,0,0,0,0,0.0,0.0,0,0,0,0,0,0,0,10.2%,0,0.0,0,0,0,NA,0.0,-,-,0,NA,NA,NA,NA,0,NA,NA,-,-,0.0,NA,NA,NA,NA,NA,NA,2,0.00,0.000,0.000,0.0%,-,-,-,0,0.000,NA,0%,0.0,NA,0,0,0,0,0.0,0,0.0%,NA,NA,NA,NA,NA,NA,NA,NA,NA,0.0%,NA,NA,@ DEN,30,·,1.4,-1.4
2,2449,Stefon Diggs,WR,32.8,WAS,11,8,21.70,19.2,1,0,71,36,0,0.0%,0,0,0,0,0,0,0.00,0,0,0,0,0.00,0.00,5,43,0,2,2,6,4,47,9.4,7.8,0,0,0,47,0,0,0,50.7%,47,47.0,2,4,6,66.7%,4.0,-,-,0,NA,NA,NA,NA,0,NA,NA,-,-,0.0,NA,NA,NA,NA,NA,NA,22,2.14,0.091,0.273,17.1%,-,-,-,47,4.000,0.8,1310%,0.2,1,3,3,4,2,6.0,5,0.0%,NA,NA,NA,NA,NA,NA,NA,NA,NA,0.0%,NA,NA,@ DAL,26,·,12.7,9.0
2,10219,Chris Rodriguez,RB,26.0,JAX,69,68,1.30,1.3,1,0,59,13,0,0.0%,0,0,0,0,0,0,0.00,13,0,0,0,0.00,0.00,0,0,0,0,0,0,0,0,0.0,0.0,6,0,2,13,0,13,2.17,22.0%,13,13.0,0,2,6,33.3%,2.0,-,-,6,19,1,3.20,0.167,2,0.333,0.487,-,-,13.0,0.0,0.0%,-8.0,-1.33,1.0,1.0,4,0.00,0.000,0.000,0.0%,-,-,-,0,0.000,NA,NA,NA,NA,NA,NA,NA,NA,0.0,0,0.0%,NA,NA,NA,NA,NA,NA,NA,NA,NA,0.0%,NA,NA,@ DEN,2,·,6.6,-5.3
2,5012,Mark Andrews,TE,31.0,BAL,12,16,10.90,7.9,1,1,58,41,0,0.0%,0,0,0,0,0,0,0.00,0,0,0,0,0.00,0.00,6,40,1,4,0,7,9,49,8.2,7.0,0,0,0,49,0,0,0,70.7%,49,49.0,0,4,7,57.1%,4.0,-,-,0,NA,NA,NA,NA,0,NA,NA,-,-,0.0,NA,NA,NA,NA,NA,NA,27,1.81,0.148,0.259,22.6%,-,-,-,49,4.000,0.7,620%,0.1,2,0,0,5,0,7.0,6,0.0%,NA,NA,NA,NA,NA,NA,NA,NA,NA,0.0%,NA,NA,vs NO,21,·,10.5,0.4
2,8676,Rashid Shaheed,WR,28.0,SEA,53,52,6.90,5.4,1,1,70,39,1,0.0%,0,0,0,0,0,0,0.00,4,0,0,0,0.00,0.00,3,10,1,1,0,6,25,35,11.7,5.8,1,0,0,39,0,4,4,55.7%,39,39.0,0,1,7,14.3%,1.0,-,-,1,NA,NA,NA,NA,0,0.000,NA,-,-,4.0,NA,NA,NA,NA,NA,NA,21,1.67,0.048,0.286,23.1%,-,-,-,35,1.000,0.3,1100%,0.3,8,0,3,4,0,6.0,3,0.0%,NA,NA,NA,NA,NA,NA,NA,NA,NA,0.0%,NA,NA,@ ARI,17,·,7.6,-0.7
2,8136,Rachaad White,RB,27.7,WAS,11,14,14.30,11.3,1,0,71,37,0,0.0%,0,0,0,0,0,0,0.00,43,0,0,0,0.00,0.00,6,8,0,1,0,6,32,40,6.7,6.7,7,2,4,83,0,43,6.14,52.1%,83,83.0,0,5,13,38.5%,5.0,-,-,7,30,5,4.30,0.714,4,0.571,1.144,-,-,43.0,1.0,14.3%,16.0,2.29,2.0,1.0,24,1.67,0.042,0.250,17.1%,-,-,-,40,1.000,0.2,NA,NA,5,NA,NA,NA,NA,6.0,6,0.0%,NA,NA,NA,NA,NA,NA,NA,NA,NA,0.0%,NA,NA,@ DAL,9,·,8.8,5.5
2,9511,Keaton Mitchell,RB,24.7,LAC,46,44,4.90,4.4,1,0,68,17,0,0.0%,0,0,0,0,0,0,0.00,24,0,0,0,0.00,0.00,1,3,0,0,0,1,12,15,15.0,15.0,5,0,1,39,0,24,4.8,25.0%,39,39.0,0,1,6,16.7%,1.0,-,-,5,11,1,2.10,0.200,1,0.200,0.410,-,-,24.0,1.0,20.0%,-5.0,-1.00,0.0,0.0,8,1.88,0.000,0.125,3.7%,-,-,-,15,0.000,0.0,NA,NA,12,NA,NA,NA,NA,1.0,1,0.0%,NA,NA,NA,NA,NA,NA,NA,NA,NA,0.0%,NA,NA,vs LV,30,·,6.3,-1.4
2,11603,AJ Barner,TE,24.4,SEA,20,18,7.90,7.4,1,1,70,56,0,0.0%,0,0,0,0,0,0,0.00,1,0,0,0,0.00,0.00,1,8,0,0,0,1,0,8,8.0,8.0,1,0,0,9,1,1,1,80.0%,9,9.0,1,1,2,50.0%,1.0,-,-,1,NA,NA,NA,NA,1,1.000,NA,-,-,1.0,NA,NA,NA,NA,NA,NA,18,0.44,0.000,0.056,3.8%,-,-,-,8,0.000,0.0,780%,0.0,0,0,0,1,0,1.0,1,0.0%,NA,NA,NA,NA,NA,NA,NA,NA,NA,0.0%,NA,NA,@ ARI,11,·,8.6,-0.7
2,13320,Zachariah Branch,WR,22.5,ATL,86,85,3.40,2.4,1,0,69,14,0,0.0%,0,0,0,0,0,0,0.00,0,0,0,0,0.00,0.00,2,-7,0,1,0,2,21,14,7.0,7.0,0,0,0,14,0,0,0,20.3%,14,14.0,0,1,2,50.0%,1.0,-,-,0,NA,NA,NA,NA,0,NA,NA,-,-,0.0,NA,NA,NA,NA,NA,NA,7,2.00,0.143,0.286,6.3%,-,-,-,14,1.000,0.5,-380%,-0.1,11,0,0,2,0,2.0,2,0.0%,NA,NA,NA,NA,NA,NA,NA,NA,NA,0.0%,NA,NA,vs CAR,9,·,3.2,0.2
2,13288,Nicholas Singleton,RB,22.7,TEN,73,70,1.00,1,1,0,53,6,0,0.0%,0,0,0,0,0,0,0.00,10,0,0,0,0.00,0.00,0,0,0,0,0,0,0,0,0.0,0.0,4,0,0,10,0,10,2.5,11.3%,10,10.0,0,0,4,0.0%,0.0,-,-,4,9,0,2.20,0.000,0,0.000,0.220,-,-,10.0,0.0,0.0%,-7.0,-1.75,1.0,0.0,2,0.00,0.000,0.000,0.0%,-,-,-,0,0.000,NA,NA,NA,NA,NA,NA,NA,NA,0.0,0,0.0%,NA,NA,NA,NA,NA,NA,NA,NA,NA,0.0%,NA,NA,vs PHI,20,·,·,·
2,7002,Juwan Johnson,TE,30.0,NO,13,13,10.60,8.6,1,0,68,36,0,0.0%,0,0,0,0,0,0,0.00,0,0,0,0,0.00,0.00,4,11,0,2,0,4,55,66,16.5,16.5,0,0,0,66,0,0,0,52.9%,66,66.0,0,2,4,50.0%,2.0,-,-,0,NA,NA,NA,NA,0,NA,NA,-,-,0.0,NA,NA,NA,NA,NA,NA,23,2.87,0.087,0.174,11.8%,-,-,-,66,2.000,0.5,200%,0.0,14,1,0,2,0,4.0,4,0.0%,NA,NA,NA,NA,NA,NA,NA,NA,NA,0.0%,NA,NA,@ BAL,20,·,9.9,0.7
2,13317,Ted Hurst,WR,22.2,TB,74,74,4.70,3.7,1,1,65,48,0,0.0%,0,0,0,0,0,0,0.00,0,0,0,0,0.00,0.00,2,25,1,1,0,7,2,27,13.5,3.9,0,0,0,27,0,0,0,73.8%,27,27.0,0,1,7,14.3%,1.0,-,-,0,NA,NA,NA,NA,0,NA,NA,-,-,0.0,NA,NA,NA,NA,NA,NA,26,1.04,0.038,0.269,20.6%,-,-,-,27,1.000,0.5,2180%,0.4,1,2,6,2,2,7.0,2,0.0%,NA,NA,NA,NA,NA,NA,NA,NA,NA,0.0%,NA,NA,vs CLE,3,·,4.0,0.8
2,11610,Malik Washington,WR,25.7,MIA,41,44,8.70,6.7,1,1,59,43,0,0.0%,0,0,0,0,0,0,0.00,4,0,0,0,0.00,0.00,4,23,0,2,0,5,20,43,10.8,8.6,1,0,0,47,0,4,4,72.9%,47,47.0,0,2,6,33.3%,2.0,-,-,1,NA,NA,NA,NA,0,0.000,NA,-,-,4.0,NA,NA,NA,NA,NA,NA,21,2.05,0.095,0.238,21.7%,-,-,-,43,2.000,0.5,500%,0.2,5,0,1,4,0,5.0,4,0.0%,NA,NA,NA,NA,NA,NA,NA,NA,NA,0.0%,NA,NA,@ SF,28,·,9.2,-0.5
2,9486,Dontayvion Wicks,WR,25.2,PHI,25,27,12.40,9.9,1,1,76,47,0,0.0%,0,0,0,0,0,0,0.00,0,0,0,0,0.00,0.00,5,66,1,5,0,6,8,74,14.8,12.3,0,0,0,74,0,0,0,61.8%,74,74.0,0,5,6,83.3%,5.0,-,-,0,NA,NA,NA,NA,0,NA,NA,-,-,0.0,NA,NA,NA,NA,NA,NA,27,2.74,0.185,0.222,16.2%,-,-,-,74,5.000,1.0,1140%,0.2,2,1,3,1,0,6.0,5,0.0%,NA,NA,NA,NA,NA,NA,NA,NA,NA,0.0%,NA,NA,@ TEN,16,·,8.0,4.4
2,11576,Braelon Allen,RB,22.6,NYJ,32,27,8.50,8,1,0,74,23,0,0.0%,0,0,0,0,0,0,0.00,7,0,0,0,0.00,0.00,1,3,0,0,0,1,5,8,8.0,8.0,5,0,1,15,1,7,1.4,31.1%,15,15.0,1,2,6,33.3%,2.0,-,-,5,3,1,0.60,0.200,2,0.400,0.260,-,-,7.0,0.0,0.0%,-5.0,-1.00,1.0,1.0,11,0.73,0.000,0.091,2.4%,-,-,-,8,0.000,0.0,NA,NA,5,NA,NA,NA,NA,1.0,1,0.0%,NA,NA,NA,NA,NA,NA,NA,NA,NA,0.0%,NA,NA,vs GB,14,·,5.6,2.9
2,11625,Adonai Mitchell,WR,23.9,NYJ,28,30,12.30,9.3,1,1,74,61,0,0.0%,0,0,0,0,0,0,0.00,0,0,0,0,0.00,0.00,6,38,2,5,0,12,25,63,10.5,5.3,0,0,0,63,0,0,0,82.4%,63,63.0,0,5,12,41.7%,5.0,-,-,0,NA,NA,NA,NA,0,NA,NA,-,-,0.0,NA,NA,NA,NA,NA,NA,38,1.66,0.132,0.316,29.3%,-,-,-,63,5.000,0.8,1490%,0.7,4,1,6,7,0,12.0,6,0.0%,NA,NA,NA,NA,NA,NA,NA,NA,NA,0.0%,NA,NA,vs GB,13,·,7.8,4.5
2,8210,Chigoziem Okonkwo,TE,27.0,WAS,0,0,0.00,0,0,0,0,0,0,0.0%,0,0,0,0,0,0,0.00,0,0,0,0,0.00,0.00,0,0,0,0,0,0,0,0,0.0,0.0,0,0,0,0,0,0,0,-,0,0.0,0,0,0,NA,0.0,-,-,NA,NA,NA,NA,NA,0,NA,NA,-,-,0.0,NA,NA,NA,NA,NA,NA,NA,NA,NA,NA,NA,-,-,-,0,0.000,NA,NA,NA,NA,NA,NA,NA,NA,NA,NA,0.0%,NA,NA,NA,NA,NA,NA,NA,NA,NA,0.0%,NA,NA,@ DAL,1,OUT,OUT,OUT
2,5844,T.J. Hockenson,TE,29.2,MIN,23,23,5.90,4.4,1,1,52,36,0,0.0%,0,0,0,0,0,0,0.00,0,0,0,0,0.00,0.00,3,21,0,2,0,4,8,29,9.7,7.3,0,0,0,29,0,0,0,69.2%,29,29.0,0,2,4,50.0%,2.0,-,-,0,NA,NA,NA,NA,0,NA,NA,-,-,0.0,NA,NA,NA,NA,NA,NA,19,1.53,0.105,0.211,20.0%,-,-,-,29,2.000,0.7,730%,0.2,3,0,2,2,0,4.0,3,0.0%,NA,NA,NA,NA,NA,NA,NA,NA,NA,0.0%,NA,NA,@ CHI,19,·,9.1,-3.2
2,9508,Tyjae Spears,RB,25.2,TEN,29,28,9.00,8,1,0,53,19,1,0.0%,0,0,0,0,0,0,0.00,41,0,0,0,0.00,0.00,2,1,0,1,0,2,28,29,14.5,14.5,7,0,1,70,0,41,5.86,35.8%,70,70.0,0,2,9,22.2%,2.0,-,-,7,25,4,3.60,0.571,1,0.143,0.931,-,-,41.0,1.0,14.3%,16.0,2.29,1.0,1.0,7,4.14,0.143,0.286,10.0%,-,-,-,29,1.000,0.5,NA,NA,14,NA,NA,NA,NA,2.0,2,0.0%,NA,NA,NA,NA,NA,NA,NA,NA,NA,0.0%,NA,NA,vs PHI,20,·,7.7,1.3
2,12469,Dylan Sampson,RB,22.0,CLE,999,999,0.00,0,0,0,0,0,0,0.0%,0,0,0,0,0,0,0.00,0,0,0,0,0.00,0.00,0,0,0,0,0,0,0,0,0.0,0.0,0,0,0,0,0,0,0,-,0,0.0,0,0,0,NA,0.0,-,-,NA,NA,NA,NA,NA,0,NA,NA,-,-,0.0,NA,NA,NA,NA,NA,NA,NA,NA,NA,NA,NA,-,-,-,0,0.000,NA,NA,NA,NA,NA,NA,NA,NA,NA,NA,0.0%,NA,NA,NA,NA,NA,NA,NA,NA,NA,0.0%,NA,NA,@ TB,13,IR,IR,IR
2,12509,Tre Harris,WR,24.6,LAC,62,48,6.30,5.8,1,1,68,56,0,0.0%,0,0,0,0,0,0,0.00,0,0,0,0,0.00,0.00,1,20,0,1,0,3,33,53,53.0,17.7,0,0,0,53,0,0,0,82.4%,53,53.0,0,1,3,33.3%,1.0,-,-,0,NA,NA,NA,NA,0,NA,NA,-,-,0.0,NA,NA,NA,NA,NA,NA,22,2.41,0.045,0.136,11.1%,-,-,-,53,1.000,1.0,1860%,0.2,33,0,3,0,0,3.0,1,0.0%,NA,NA,NA,NA,NA,NA,NA,NA,NA,0.0%,NA,NA,vs LV,21,·,7.1,-0.8
2,9482,Michael Mayer,TE,25.2,LV,25,25,5.30,3.8,1,1,63,53,0,0.0%,0,0,0,0,0,0,0.00,0,0,0,0,0.00,0.00,3,6,0,1,0,4,17,23,7.7,5.8,0,0,0,23,0,0,0,84.1%,23,23.0,0,1,4,25.0%,1.0,-,-,0,NA,NA,NA,NA,0,NA,NA,-,-,0.0,NA,NA,NA,NA,NA,NA,24,0.96,0.042,0.167,13.8%,-,-,-,23,1.000,0.3,390%,0.1,6,0,1,2,0,4.0,3,0.0%,NA,NA,NA,NA,NA,NA,NA,NA,NA,0.0%,NA,NA,@ LAC,5,·,8.3,-3.0
2,11638,Ricky Pearsall,WR,26.0,SF,999,999,0.00,0,0,0,0,0,0,0.0%,0,0,0,0,0,0,0.00,0,0,0,0,0.00,0.00,0,0,0,0,0,0,0,0,0.0,0.0,0,0,0,0,0,0,0,-,0,0.0,0,0,0,NA,0.0,-,-,NA,NA,NA,NA,NA,0,NA,NA,-,-,0.0,NA,NA,NA,NA,NA,NA,NA,NA,NA,NA,NA,-,-,-,0,0.000,NA,NA,NA,NA,NA,NA,NA,NA,NA,NA,0.0%,NA,NA,NA,NA,NA,NA,NA,NA,NA,0.0%,NA,NA,vs MIA,24,IR,IR,IR
2,3257,Jacoby Brissett,QB,33.8,ARI,28,28,7.50,7.5,1,1,50,50,0,60.7%,37,28,17,3,11,1,63.80,102,2,1,95,3.39,5.59,0,0,0,0,0,0,0,0,0.0,0.0,1,0,0,7,0,7,7,100.0%,102,102.0,1,4,29,13.8%,4.0,-,-,1,NA,NA,NA,NA,0,0.000,NA,-,-,7.0,0.0,0.0%,NA,NA,NA,NA,NA,NA,NA,NA,NA,-,-,-,0,0.000,NA,NA,NA,NA,NA,NA,NA,NA,0.0,0,400.0%,0.1428571429,271%,0%,0.419,4,3100.0%,-0.02,-10.10,-0.3,9500.0%,19.4%,1,vs SEA,24,·,12.4,-4.9
2,1466,Travis Kelce,TE,37.0,KC,2,1,25.10,20.6,1,1,80,68,0,0.0%,0,0,0,0,0,0,0.00,0,0,0,0,0.00,0.00,9,35,2,6,1,11,66,101,11.2,9.2,0,0,0,101,0,0,0,85.0%,101,101.0,1,7,11,63.6%,7.0,-,-,0,NA,NA,NA,NA,0,NA,NA,-,-,0.0,NA,NA,NA,NA,NA,NA,39,2.59,0.154,0.282,23.4%,-,-,-,101,7.000,0.8,480%,0.2,7,1,2,5,0,11.0,9,0.0%,NA,NA,NA,NA,NA,NA,NA,NA,NA,0.0%,NA,NA,vs IND,18,·,10.6,14.5
2,9225,Tank Bigsby,RB,25.0,PHI,18,16,11.80,10.8,1,0,76,26,0,0.0%,0,0,0,0,0,0,0.00,33,0,0,0,0.00,0.00,2,-8,0,0,0,2,13,5,2.5,2.5,13,0,1,38,1,33,2.54,34.2%,38,38.0,1,2,15,13.3%,2.0,-,-,13,39,3,3.00,0.231,2,0.154,0.531,-,-,33.0,0.0,0.0%,-14.0,-1.08,2.0,0.0,7,0.71,0.000,0.286,5.4%,-,-,-,5,0.000,0.0,NA,NA,7,NA,NA,NA,NA,2.0,2,0.0%,NA,NA,NA,NA,NA,NA,NA,NA,NA,0.0%,NA,NA,@ TEN,12,·,3.5,8.4
2,10213,Tre Tucker,WR,25.5,LV,7,7,22.90,20.4,1,1,63,37,0,0.0%,0,0,0,0,0,0,0.00,0,0,0,0,0.00,0.00,5,117,0,3,1,7,2,119,23.8,17.0,0,0,0,119,0,0,0,58.7%,119,119.0,1,4,7,57.1%,4.0,-,-,0,NA,NA,NA,NA,0,NA,NA,-,-,0.0,NA,NA,NA,NA,NA,NA,22,5.41,0.136,0.318,24.1%,-,-,-,119,4.000,0.8,1900%,0.5,0,0,5,3,1,7.0,5,0.0%,NA,NA,NA,NA,NA,NA,NA,NA,NA,0.0%,NA,NA,@ LAC,14,·,8.8,14.1
2,13289,Drew Allar,QB,22.5,PIT,0,0,0.00,0,0,0,0,0,0,0.0%,0,0,0,0,0,0,0.00,0,0,0,0,0.00,0.00,0,0,0,0,0,0,0,0,0.0,0.0,0,0,0,0,0,0,0,-,0,0.0,0,0,0,NA,0.0,-,-,NA,NA,NA,NA,NA,0,NA,NA,-,-,0.0,NA,NA,NA,NA,NA,NA,NA,NA,NA,NA,NA,-,-,-,0,0.000,NA,NA,NA,NA,NA,NA,NA,NA,NA,NA,0.0%,NA,NA,NA,NA,NA,NA,NA,NA,NA,0.0%,NA,NA,@ NE,23,OUT,OUT,OUT
2,5872,Deebo Samuel,WR,30.7,SF,60,61,6.50,5,1,1,52,31,0,0.0%,0,0,0,0,0,0,0.00,4,0,0,0,0.00,0.00,3,15,1,1,0,4,16,31,10.3,7.8,1,0,0,35,0,4,4,59.6%,35,35.0,0,1,5,20.0%,1.0,-,-,1,NA,NA,NA,NA,0,0.000,NA,-,-,4.0,NA,NA,NA,NA,NA,NA,20,1.55,0.050,0.200,18.2%,-,-,-,31,1.000,0.3,460%,0.1,5,0,1,2,0,4.0,3,0.0%,NA,NA,NA,NA,NA,NA,NA,NA,NA,0.0%,NA,NA,vs MIA,24,·,10.4,-3.9
2,12536,Jaylin Noel,WR,24.0,HOU,69,62,5.40,4.9,1,0,80,48,0,0.0%,0,0,0,0,0,0,0.00,13,0,0,0,0.00,0.00,1,31,0,1,0,5,0,31,31.0,6.2,1,0,1,44,0,13,13,60.0%,44,44.0,0,2,6,33.3%,2.0,-,-,1,NA,NA,NA,NA,1,1.000,NA,-,-,13.0,NA,NA,NA,NA,NA,NA,36,0.86,0.028,0.139,8.9%,-,-,-,31,1.000,1.0,860%,0.1,0,0,1,1,0,5.0,1,0.0%,NA,NA,NA,NA,NA,NA,NA,NA,NA,0.0%,NA,NA,vs CIN,20,·,8.4,-3.0
2,13421,Eli Raridon,TE,22.6,NE,28,27,4.00,3.5,1,1,55,11,0,0.0%,0,0,0,0,0,0,0.00,0,0,0,0,0.00,0.00,1,25,0,1,0,1,5,30,30.0,30.0,0,0,0,30,0,0,0,20.0%,30,30.0,0,1,1,100.0%,1.0,-,-,0,NA,NA,NA,NA,0,NA,NA,-,-,0.0,NA,NA,NA,NA,NA,NA,5,6.00,0.200,0.200,4.5%,-,-,-,30,1.000,1.0,2530%,0.1,5,0,1,0,0,1.0,1,0.0%,NA,NA,NA,NA,NA,NA,NA,NA,NA,0.0%,NA,NA,vs PIT,32,Q,3.9,0.1
2,13268,Elijah Sarratt,WR,23.3,BAL,999,999,0.00,0,0,0,58,0,0,0.0%,0,0,0,0,0,0,0.00,0,0,0,0,0.00,0.00,0,0,0,0,0,0,0,0,0.0,0.0,0,0,0,0,0,0,0,0.0%,0,0.0,0,0,0,NA,0.0,-,-,NA,NA,NA,NA,NA,0,NA,NA,-,-,0.0,NA,NA,NA,NA,NA,NA,NA,NA,NA,NA,NA,-,-,-,0,0.000,NA,NA,NA,NA,NA,NA,NA,NA,NA,NA,0.0%,NA,NA,NA,NA,NA,NA,NA,NA,NA,0.0%,NA,NA,vs NO,11,·,1.8,-1.8
2,8180,Jalen Nailor,WR,27.5,LV,99,100,1.90,1.4,1,0,63,38,0,0.0%,0,0,0,0,0,0,0.00,0,0,0,0,0.00,0.00,1,6,0,1,0,3,3,9,9.0,3.0,0,0,0,9,0,0,0,60.3%,9,9.0,0,1,3,33.3%,1.0,-,-,0,NA,NA,NA,NA,0,NA,NA,-,-,0.0,NA,NA,NA,NA,NA,NA,20,0.45,0.050,0.150,10.3%,-,-,-,9,1.000,1.0,1030%,0.1,3,1,1,1,1,3.0,1,0.0%,NA,NA,NA,NA,NA,NA,NA,NA,NA,0.0%,NA,NA,@ LAC,14,·,7.8,-5.9
2,13405,Kaytron Allen,RB,23.7,WAS,61,60,2.40,2.4,1,0,71,6,0,0.0%,0,0,0,0,0,0,0.00,24,0,0,0,0.00,0.00,0,0,0,0,0,0,0,0,0.0,0.0,5,0,1,24,0,24,4.8,8.5%,24,24.0,0,1,5,20.0%,1.0,-,-,5,20,2,3.90,0.400,1,0.200,0.790,-,-,24.0,0.0,0.0%,-4.0,-0.80,0.0,0.0,0,NA,NA,NA,0.0%,-,-,-,0,0.000,NA,NA,NA,NA,NA,NA,NA,NA,0.0,0,0.0%,NA,NA,NA,NA,NA,NA,NA,NA,NA,0.0%,NA,NA,@ DAL,9,·,3.2,-0.8
2,12504,Kaleb Johnson,RB,23.1,GB,55,49,3.20,3.2,1,0,59,16,1,0.0%,0,0,0,0,0,0,0.00,32,0,0,0,0.00,0.00,0,0,0,0,0,0,0,0,0.0,0.0,8,2,3,32,0,32,4,27.1%,32,32.0,0,3,8,37.5%,3.0,-,-,8,30,4,3.80,0.500,3,0.375,0.880,-,-,32.0,2.0,25.0%,-18.0,-2.25,0.0,0.0,4,0.00,0.000,0.000,0.0%,-,-,-,0,0.000,NA,NA,NA,NA,NA,NA,NA,NA,0.0,0,0.0%,NA,NA,NA,NA,NA,NA,NA,NA,NA,0.0%,NA,NA,@ NYJ,31,·,1.7,1.5
2,12502,Gunnar Helm,TE,24.0,TEN,35,35,3.30,2.3,1,1,53,46,0,0.0%,0,0,0,0,0,0,0.00,0,0,0,0,0.00,0.00,2,-1,0,0,0,2,14,13,6.5,6.5,0,0,0,13,0,0,0,86.8%,13,13.0,0,0,2,0.0%,0.0,-,-,0,NA,NA,NA,NA,0,NA,NA,-,-,0.0,NA,NA,NA,NA,NA,NA,17,0.76,0.000,0.118,10.0%,-,-,-,13,0.000,0.0,-10%,0.0,7,1,0,2,0,2.0,2,0.0%,NA,NA,NA,NA,NA,NA,NA,NA,NA,0.0%,NA,NA,vs PHI,28,·,6.3,-3.0
2,12535,Isaac TeSlaa,WR,24.6,DET,75,75,4.60,3.6,1,1,65,49,0,0.0%,0,0,0,0,0,0,0.00,0,0,0,0,0.00,0.00,2,22,0,1,0,5,4,26,13.0,5.2,0,0,0,26,0,0,0,75.4%,26,26.0,0,1,5,20.0%,1.0,-,-,0,NA,NA,NA,NA,0,NA,NA,-,-,0.0,NA,NA,NA,NA,NA,NA,33,0.79,0.030,0.152,13.2%,-,-,-,26,1.000,0.5,1570%,0.2,2,1,4,1,1,5.0,2,0.0%,NA,NA,NA,NA,NA,NA,NA,NA,NA,0.0%,NA,NA,@ BUF,8,·,4.0,0.6
2,9502,Tank Dell,WR,26.9,HOU,999,999,0.00,0,0,0,0,0,0,0.0%,0,0,0,0,0,0,0.00,0,0,0,0,0.00,0.00,0,0,0,0,0,0,0,0,0.0,0.0,0,0,0,0,0,0,0,-,0,0.0,0,0,0,NA,0.0,-,-,NA,NA,NA,NA,NA,0,NA,NA,-,-,0.0,NA,NA,NA,NA,NA,NA,NA,NA,NA,NA,NA,-,-,-,0,0.000,NA,NA,NA,NA,NA,NA,NA,NA,NA,NA,0.0%,NA,NA,NA,NA,NA,NA,NA,NA,NA,0.0%,NA,NA,vs CIN,20,IR,IR,IR
2,3214,Hunter Henry,TE,31.8,NE,22,21,7.00,5.5,1,1,55,50,0,0.0%,0,0,0,0,0,0,0.00,0,0,0,0,0.00,0.00,3,22,0,1,0,5,18,40,13.3,8.0,0,0,0,40,0,0,0,90.9%,40,40.0,0,1,5,20.0%,1.0,-,-,0,NA,NA,NA,NA,0,NA,NA,-,-,0.0,NA,NA,NA,NA,NA,NA,21,1.90,0.048,0.238,22.7%,-,-,-,40,1.000,0.3,1120%,0.3,6,1,3,0,0,5.0,3,0.0%,NA,NA,NA,NA,NA,NA,NA,NA,NA,0.0%,NA,NA,vs PIT,32,·,10.2,-3.2
2,12524,Shedeur Sanders,QB,24.6,CLE,999,999,0.00,0,0,0,58,0,0,0.0%,0,0,0,0,0,0,0.00,0,0,0,0,0.00,0.00,0,0,0,0,0,0,0,0,0.0,0.0,0,0,0,0,0,0,0,0.0%,0,0.0,0,0,0,NA,0.0,-,-,NA,NA,NA,NA,NA,0,NA,NA,-,-,0.0,NA,NA,NA,NA,NA,NA,NA,NA,NA,NA,NA,-,-,-,0,0.000,NA,NA,NA,NA,NA,NA,NA,NA,NA,NA,0.0%,NA,NA,NA,NA,NA,NA,NA,NA,NA,0.0%,NA,NA,@ TB,20,·,·,·
2,11627,Troy Franklin,WR,23.6,DEN,84,78,3.70,3.2,1,0,62,13,0,0.0%,0,0,0,0,0,0,0.00,0,0,0,0,0.00,0.00,1,26,0,1,0,2,1,27,27.0,13.5,0,0,0,27,0,0,0,21.0%,27,27.0,0,1,2,50.0%,1.0,-,-,0,NA,NA,NA,NA,0,NA,NA,-,-,0.0,NA,NA,NA,NA,NA,NA,10,2.70,0.100,0.200,6.5%,-,-,-,27,1.000,1.0,1570%,0.1,1,1,1,1,1,2.0,1,0.0%,NA,NA,NA,NA,NA,NA,NA,NA,NA,0.0%,NA,NA,vs JAX,18,·,2.4,1.3
2,12521,Elijah Arroyo,TE,23.4,SEA,37,36,2.70,2.2,1,0,70,15,0,0.0%,0,0,0,0,0,0,0.00,0,0,0,0,0.00,0.00,1,14,0,1,0,1,3,17,17.0,17.0,0,0,0,17,0,0,0,21.4%,17,17.0,0,1,1,100.0%,1.0,-,-,0,NA,NA,NA,NA,0,NA,NA,-,-,0.0,NA,NA,NA,NA,NA,NA,11,1.55,0.091,0.091,3.8%,-,-,-,17,1.000,1.0,1360%,0.1,3,0,1,0,0,1.0,1,0.0%,NA,NA,NA,NA,NA,NA,NA,NA,NA,0.0%,NA,NA,@ ARI,11,·,3.6,-0.9
2,8154,Brian Robinson,RB,27.5,ATL,30,29,8.70,7.7,1,0,69,33,0,0.0%,0,0,0,0,0,0,0.00,51,0,0,0,0.00,0.00,2,0,0,1,0,2,16,16,8.0,8.0,11,0,2,67,0,51,4.64,47.8%,67,67.0,0,3,13,23.1%,3.0,-,-,11,35,2,3.20,0.182,2,0.182,0.502,-,-,51.0,0.0,0.0%,-11.0,-1.00,0.0,0.0,13,1.23,0.077,0.154,6.3%,-,-,-,16,1.000,0.5,NA,NA,8,NA,NA,NA,NA,2.0,2,0.0%,NA,NA,NA,NA,NA,NA,NA,NA,NA,0.0%,NA,NA,vs CAR,1,Q,6.0,2.8
2,12497,Tory Horton,WR,23.8,SEA,999,999,0.00,0,1,0,70,22,0,0.0%,0,0,0,0,0,0,0.00,0,0,0,0,0.00,0.00,0,0,0,0,0,0,0,0,0.0,0.0,0,0,0,0,0,0,0,31.4%,0,0.0,0,0,0,NA,0.0,-,-,0,NA,NA,NA,NA,0,NA,NA,-,-,0.0,NA,NA,NA,NA,NA,NA,5,0.00,0.000,0.000,0.0%,-,-,-,0,0.000,NA,0%,0.0,NA,0,0,0,0,0.0,0,0.0%,NA,NA,NA,NA,NA,NA,NA,NA,NA,0.0%,NA,NA,@ ARI,17,·,2.1,-2.1
2,7527,Mac Jones,QB,28.0,SF,38,38,-0.20,-0.2,1,0,52,8,0,0.0%,0,0,0,0,0,0,0.00,-2,0,0,0,0.00,0.00,0,0,0,0,0,0,0,0,0.0,0.0,2,0,0,-2,0,-2,-1,15.4%,-2,-2.0,0,0,2,0.0%,0.0,-,-,2,NA,NA,NA,NA,0,0.000,NA,-,-,-2.0,0.0,0.0%,NA,NA,NA,NA,NA,NA,NA,NA,NA,-,-,-,0,0.000,NA,NA,NA,NA,NA,NA,NA,NA,0.0,0,0.0%,NA,0%,0%,0,0,0.0%,-,-,-,0.0%,-,0,vs MIA,18,·,·,·
2,12483,Jack Bech,WR,23.7,LV,76,76,4.50,3.5,1,1,63,34,1,0.0%,0,0,0,0,0,0,0.00,0,0,0,0,0.00,0.00,2,18,0,1,0,2,7,25,12.5,12.5,0,0,0,25,0,0,0,54.0%,25,25.0,0,1,2,50.0%,1.0,-,-,0,NA,NA,NA,NA,0,NA,NA,-,-,0.0,NA,NA,NA,NA,NA,NA,19,1.32,0.053,0.105,6.9%,-,-,-,25,1.000,0.5,890%,0.1,4,0,1,1,0,2.0,2,0.0%,NA,NA,NA,NA,NA,NA,NA,NA,NA,0.0%,NA,NA,@ LAC,14,·,5.4,-0.9
2,13402,Skyler Bell,WR,24.2,BUF,0,0,0.00,0,0,0,0,0,0,0.0%,0,0,0,0,0,0,0.00,0,0,0,0,0.00,0.00,0,0,0,0,0,0,0,0,0.0,0.0,0,0,0,0,0,0,0,-,0,0.0,0,0,0,NA,0.0,-,-,NA,NA,NA,NA,NA,0,NA,NA,-,-,0.0,NA,NA,NA,NA,NA,NA,NA,NA,NA,NA,NA,-,-,-,0,0.000,NA,NA,NA,NA,NA,NA,NA,NA,NA,NA,0.0%,NA,NA,NA,NA,NA,NA,NA,NA,NA,0.0%,NA,NA,vs DET,2,OUT,OUT,OUT
2,13347,Demond Claiborne,RB,22.9,MIN,70,76,1.20,0.7,1,0,52,2,0,0.0%,0,0,0,0,0,0,0.00,0,0,0,0,0.00,0.00,1,-7,0,0,0,1,9,2,2.0,2.0,0,0,0,2,0,0,0,3.8%,2,2.0,0,0,1,0.0%,0.0,-,-,0,0,0,0.00,NA,0,NA,NA,-,-,0.0,0.0,NA,0.0,NA,0.0,0.0,1,2.00,0.000,1.000,5.0%,-,-,-,2,0.000,0.0,NA,NA,9,NA,NA,NA,NA,1.0,1,0.0%,NA,NA,NA,NA,NA,NA,NA,NA,NA,0.0%,NA,NA,@ CHI,7,·,3.9,-2.7
2,8172,Greg Dulcich,TE,26.5,MIA,30,31,3.70,2.7,1,0,59,36,0,0.0%,0,0,0,0,0,0,0.00,0,0,0,0,0.00,0.00,2,2,0,1,0,3,15,17,8.5,5.7,0,0,0,17,0,0,0,61.0%,17,17.0,0,1,3,33.3%,1.0,-,-,0,NA,NA,NA,NA,0,NA,NA,-,-,0.0,NA,NA,NA,NA,NA,NA,17,1.00,0.059,0.176,13.0%,-,-,-,17,1.000,0.5,300%,0.1,8,1,0,1,0,3.0,2,0.0%,NA,NA,NA,NA,NA,NA,NA,NA,NA,0.0%,NA,NA,@ SF,30,·,5.8,-2.1
2,11637,Keon Coleman,WR,23.3,BUF,26,29,12.30,9.3,1,0,74,55,0,0.0%,0,0,0,0,0,0,0.00,0,0,0,0,0.00,0.00,6,48,0,4,0,6,15,63,10.5,10.5,0,0,0,63,0,0,0,74.3%,63,63.0,0,4,6,66.7%,4.0,-,-,0,NA,NA,NA,NA,0,NA,NA,-,-,0.0,NA,NA,NA,NA,NA,NA,26,2.42,0.154,0.231,19.4%,-,-,-,63,4.000,0.7,780%,0.2,3,1,2,4,0,6.0,6,0.0%,NA,NA,NA,NA,NA,NA,NA,NA,NA,0.0%,NA,NA,vs DET,2,·,3.1,9.2
2,5001,Dalton Schultz,TE,30.2,HOU,1,2,26.00,20,1,0,80,54,0,0.0%,0,0,0,0,0,0,0.00,0,0,0,0,0.00,0.00,12,77,0,6,0,14,63,140,11.7,10.0,0,0,0,140,0,0,0,67.5%,140,140.0,0,6,14,42.9%,6.0,-,-,0,NA,NA,NA,NA,0,NA,NA,-,-,0.0,NA,NA,NA,NA,NA,NA,45,3.11,0.133,0.311,25.0%,-,-,-,140,6.000,0.5,720%,0.2,5,0,2,7,0,14.0,12,0.0%,NA,NA,NA,NA,NA,NA,NA,NA,NA,0.0%,NA,NA,vs CIN,29,·,10.7,15.3
2,12547,Kyle Williams,WR,23.8,NE,98,99,2.00,1.5,1,0,55,11,0,0.0%,0,0,0,0,0,0,0.00,0,0,0,0,0.00,0.00,1,9,0,1,0,2,1,10,10.0,5.0,0,0,0,10,0,0,0,20.0%,10,10.0,0,1,2,50.0%,1.0,-,-,0,NA,NA,NA,NA,0,NA,NA,-,-,0.0,NA,NA,NA,NA,NA,NA,9,1.11,0.111,0.222,9.1%,-,-,-,10,1.000,1.0,1260%,0.1,1,0,1,1,0,2.0,1,0.0%,NA,NA,NA,NA,NA,NA,NA,NA,NA,0.0%,NA,NA,vs PIT,32,·,3.1,-1.1
2,12499,Elic Ayomanor,WR,23.3,TEN,38,33,8.90,7.9,1,1,53,28,0,0.0%,0,0,0,0,0,0,0.00,0,0,0,0,0.00,0.00,2,28,1,2,0,3,41,69,34.5,23.0,0,0,0,69,0,0,0,52.8%,69,69.0,0,2,3,66.7%,2.0,-,-,0,NA,NA,NA,NA,0,NA,NA,-,-,0.0,NA,NA,NA,NA,NA,NA,13,5.31,0.154,0.231,15.0%,-,-,-,69,2.000,1.0,1290%,0.3,21,1,3,1,1,3.0,2,0.0%,NA,NA,NA,NA,NA,NA,NA,NA,NA,0.0%,NA,NA,vs PHI,10,·,3.1,5.9
2,12498,Mason Taylor,TE,22.4,NYJ,999,999,0.00,0,1,1,74,34,0,0.0%,0,0,0,0,0,0,0.00,0,0,0,0,0.00,0.00,0,0,0,0,0,0,0,0,0.0,0.0,0,0,0,0,0,0,0,45.9%,0,0.0,0,0,0,NA,0.0,-,-,0,NA,NA,NA,NA,0,NA,NA,-,-,0.0,NA,NA,NA,NA,NA,NA,NA,NA,NA,NA,NA,-,-,-,0,0.000,NA,NA,NA,NA,NA,NA,NA,NA,0.0,0,0.0%,NA,NA,NA,NA,NA,NA,NA,NA,NA,0.0%,NA,NA,vs GB,8,Q,4.8,-4.8
2,13411,Zavion Thomas,WR,22.6,CHI,999,999,0.00,0,1,0,74,2,0,0.0%,0,0,0,0,0,0,0.00,0,0,0,0,0.00,0.00,0,0,0,0,0,0,0,0,0.0,0.0,0,0,0,0,0,0,0,2.7%,0,0.0,0,0,0,NA,0.0,-,-,0,NA,NA,NA,NA,0,NA,NA,-,-,0.0,NA,NA,NA,NA,NA,NA,NA,NA,NA,NA,NA,-,-,-,0,0.000,NA,NA,NA,NA,NA,NA,NA,NA,0.0,0,0.0%,NA,NA,NA,NA,NA,NA,NA,NA,NA,0.0%,NA,NA,vs MIN,1,·,0.8,-0.8
2,11643,Jaylen Wright,RB,23.5,MIA,72,69,1.10,1.1,1,0,59,3,0,0.0%,0,0,0,0,0,0,0.00,11,0,0,0,0.00,0.00,0,0,0,0,0,0,0,0,0.0,0.0,2,0,1,11,0,11,5.5,5.1%,11,11.0,0,1,2,50.0%,1.0,-,-,2,9,2,4.30,1.000,1,0.500,1.430,-,-,11.0,0.0,0.0%,2.0,1.00,2.0,0.0,1,0.00,0.000,0.000,0.0%,-,-,-,0,0.000,NA,NA,NA,NA,NA,NA,NA,NA,0.0,0,0.0%,NA,NA,NA,NA,NA,NA,NA,NA,NA,0.0%,NA,NA,@ SF,15,Q,2.8,-1.7
2,4199,Aaron Jones,RB,31.8,MIN,22,18,10.50,10.5,1,1,52,42,0,0.0%,0,0,0,0,0,0,0.00,105,0,0,0,0.00,0.00,0,0,0,0,0,0,0,0,0.0,0.0,23,1,3,105,0,105,4.57,80.8%,105,105.0,0,3,23,13.0%,3.0,-,-,23,67,4,2.90,0.174,3,0.130,0.464,-,-,105.0,2.0,8.7%,8.0,0.35,0.0,0.0,11,0.00,0.000,0.000,0.0%,-,-,-,0,0.000,NA,NA,NA,NA,NA,NA,NA,NA,0.0,0,0.0%,NA,NA,NA,NA,NA,NA,NA,NA,NA,0.0%,NA,NA,@ CHI,7,Q,14.0,-3.5
2,7049,Jauan Jennings,WR,29.2,MIN,0,0,0.00,0,0,0,0,0,0,0.0%,0,0,0,0,0,0,0.00,0,0,0,0,0.00,0.00,0,0,0,0,0,0,0,0,0.0,0.0,0,0,0,0,0,0,0,-,0,0.0,0,0,0,NA,0.0,-,-,NA,NA,NA,NA,NA,0,NA,NA,-,-,0.0,NA,NA,NA,NA,NA,NA,NA,NA,NA,NA,NA,-,-,-,0,0.000,NA,NA,NA,NA,NA,NA,NA,NA,NA,NA,0.0%,NA,NA,NA,NA,NA,NA,NA,NA,NA,0.0%,NA,NA,@ CHI,6,OUT,OUT,OUT
2,7600,Pat Freiermuth,TE,27.9,PIT,21,22,7.40,5.4,1,1,70,46,0,0.0%,0,0,0,0,0,0,0.00,2,0,0,0,0.00,0.00,4,18,0,1,0,5,14,32,8.0,6.4,1,0,1,34,0,2,2,65.7%,34,34.0,0,2,6,33.3%,2.0,-,-,1,NA,NA,NA,NA,1,1.000,NA,-,-,2.0,NA,NA,NA,NA,NA,NA,27,1.19,0.037,0.185,12.5%,-,-,-,32,1.000,0.3,880%,0.3,4,0,1,2,0,5.0,4,0.0%,NA,NA,NA,NA,NA,NA,NA,NA,NA,0.0%,NA,NA,@ NE,25,·,8.9,-1.5
2,13353,Chris Brazzell II,WR,22.9,CAR,999,999,0.00,0,0,0,0,0,0,0.0%,0,0,0,0,0,0,0.00,0,0,0,0,0.00,0.00,0,0,0,0,0,0,0,0,0.0,0.0,0,0,0,0,0,0,0,-,0,0.0,0,0,0,NA,0.0,-,-,NA,NA,NA,NA,NA,0,NA,NA,-,-,0.0,NA,NA,NA,NA,NA,NA,NA,NA,NA,NA,NA,-,-,-,0,0.000,NA,NA,NA,NA,NA,NA,NA,NA,NA,NA,0.0%,NA,NA,NA,NA,NA,NA,NA,NA,NA,0.0%,NA,NA,@ ATL,25,IR,IR,IR
2,1373,Geno Smith,QB,35.9,NYJ,17,17,15.58,15.58,1,1,74,74,1,65.9%,87,41,27,10,14,0,90.20,264,4,1,247,6.02,9.15,0,0,0,0,0,0,0,0,0.0,0.0,5,0,1,17,0,17,3.4,100.0%,264,264.0,1,12,46,26.1%,12.0,-,-,5,NA,NA,NA,NA,1,0.200,NA,-,-,17.0,0.0,0.0%,NA,NA,NA,NA,NA,NA,NA,NA,NA,-,-,-,0,0.000,NA,NA,NA,NA,NA,NA,NA,NA,0.0,0,1100.0%,0.2682926829,293%,7.3%,0.49,7.3,4900.0%,+0.08,+0.80,0.0,24700.0%,34.7%,1,vs GB,12,·,14.9,0.7
2,6783,Jerry Jeudy,WR,27.4,CLE,999,999,0.00,0,1,1,58,34,0,0.0%,0,0,0,0,0,0,0.00,0,0,0,0,0.00,0.00,0,0,0,0,0,1,0,0,0.0,0.0,0,0,0,0,0,0,0,58.6%,0,0.0,0,0,1,0.0%,0.0,-,-,0,NA,NA,NA,NA,0,NA,NA,-,-,0.0,NA,NA,NA,NA,NA,NA,24,0.00,0.000,0.042,3.3%,-,-,-,0,0.000,NA,960%,0.1,NA,0,1,0,0,1.0,0,0.0%,NA,NA,NA,NA,NA,NA,NA,NA,NA,0.0%,NA,NA,@ TB,29,·,7.6,-7.6
2,8111,Cade Otton,TE,27.4,TB,16,19,8.80,6.3,1,1,65,58,1,0.0%,0,0,0,0,0,0,0.00,0,0,0,0,0.00,0.00,5,23,0,1,0,6,15,38,7.6,6.3,0,0,0,38,0,0,0,89.2%,38,38.0,0,1,6,16.7%,1.0,-,-,0,NA,NA,NA,NA,0,NA,NA,-,-,0.0,NA,NA,NA,NA,NA,NA,31,1.23,0.032,0.194,17.6%,-,-,-,38,1.000,0.2,670%,0.1,3,0,2,2,0,6.0,5,0.0%,NA,NA,NA,NA,NA,NA,NA,NA,NA,0.0%,NA,NA,vs CLE,15,·,6.9,1.9
2,11655,Tyrone Tracy,RB,26.8,NYG,999,999,0.00,0,1,0,58,1,0,0.0%,0,0,0,0,0,0,0.00,0,0,0,0,0.00,0.00,0,0,0,0,0,0,0,0,0.0,0.0,0,0,0,0,0,0,0,1.7%,0,0.0,0,0,0,NA,0.0,-,-,0,NA,NA,NA,NA,0,NA,NA,-,-,0.0,NA,NA,NA,NA,NA,NA,NA,NA,NA,NA,NA,-,-,-,0,0.000,NA,NA,NA,NA,NA,NA,NA,NA,0.0,0,0.0%,NA,NA,NA,NA,NA,NA,NA,NA,NA,0.0%,NA,NA,@ LAR,19,·,2.0,-2.0
2,13278,Max Klare,TE,23.2,LAR,999,999,0.00,0,1,0,62,0,0,0.0%,0,0,0,0,0,0,0.00,0,0,0,0,0.00,0.00,0,0,0,0,0,0,0,0,0.0,0.0,0,0,0,0,0,0,0,0.0%,0,0.0,0,0,0,NA,0.0,-,-,0,NA,NA,NA,NA,0,NA,NA,-,-,0.0,NA,NA,NA,NA,NA,NA,NA,NA,NA,NA,NA,-,-,-,0,0.000,NA,NA,NA,NA,NA,NA,NA,NA,0.0,0,0.0%,NA,NA,NA,NA,NA,NA,NA,NA,NA,0.0%,NA,NA,vs NYG,24,·,1.0,-1.0
2,9501,Demario Douglas,WR,25.8,NE,100,101,1.90,1.4,1,1,55,26,0,0.0%,0,0,0,0,0,0,0.00,0,0,0,0,0.00,0.00,1,5,0,0,0,2,4,9,9.0,4.5,0,0,0,9,0,0,0,47.3%,9,9.0,0,0,2,0.0%,0.0,-,-,0,NA,NA,NA,NA,0,NA,NA,-,-,0.0,NA,NA,NA,NA,NA,NA,18,0.50,0.000,0.111,9.1%,-,-,-,9,0.000,0.0,700%,0.1,4,0,0,1,0,2.0,1,0.0%,NA,NA,NA,NA,NA,NA,NA,NA,NA,0.0%,NA,NA,vs PIT,32,·,8.2,-6.3
2,11647,Kimani Vidal,RB,25.0,LAC,999,999,0.00,0,1,0,68,7,0,0.0%,0,0,0,0,0,0,0.00,0,0,0,0,0.00,0.00,0,0,0,0,0,0,0,0,0.0,0.0,0,0,0,0,0,0,0,10.3%,0,0.0,0,0,0,NA,0.0,-,-,0,0,0,0.00,NA,0,NA,NA,-,-,0.0,0.0,NA,0.0,NA,0.0,0.0,5,0.00,0.000,0.000,0.0%,-,-,-,0,0.000,NA,NA,NA,NA,NA,NA,NA,NA,0.0,0,0.0%,NA,NA,NA,NA,NA,NA,NA,NA,NA,0.0%,NA,NA,vs LV,30,·,0.8,-0.8
2,13319,Oscar Delp,TE,23.1,NO,47,47,1.80,1.3,1,0,68,9,0,0.0%,0,0,0,0,0,0,0.00,0,0,0,0,0.00,0.00,1,7,0,0,0,1,1,8,8.0,8.0,0,0,0,8,0,0,0,13.2%,8,8.0,0,0,1,0.0%,0.0,-,-,0,NA,NA,NA,NA,0,NA,NA,-,-,0.0,NA,NA,NA,NA,NA,NA,3,2.67,0.000,0.333,2.9%,-,-,-,8,0.000,0.0,610%,0.0,1,0,0,0,0,1.0,1,0.0%,NA,NA,NA,NA,NA,NA,NA,NA,NA,0.0%,NA,NA,@ BAL,20,·,1.2,0.6
2,13302,Adam Randall,RB,22.2,BAL,999,999,0.00,0,0,0,0,0,0,0.0%,0,0,0,0,0,0,0.00,0,0,0,0,0.00,0.00,0,0,0,0,0,0,0,0,0.0,0.0,0,0,0,0,0,0,0,-,0,0.0,0,0,0,NA,0.0,-,-,NA,NA,NA,NA,NA,0,NA,NA,-,-,0.0,NA,NA,NA,NA,NA,NA,NA,NA,NA,NA,NA,-,-,-,0,0.000,NA,NA,NA,NA,NA,NA,NA,NA,NA,NA,0.0%,NA,NA,NA,NA,NA,NA,NA,NA,NA,0.0%,NA,NA,vs NO,5,IR,IR,IR
2,12510,Jalen Milroe,QB,23.8,SEA,999,999,0.00,0,0,0,70,0,0,0.0%,0,0,0,0,0,0,0.00,0,0,0,0,0.00,0.00,0,0,0,0,0,0,0,0,0.0,0.0,0,0,0,0,0,0,0,0.0%,0,0.0,0,0,0,NA,0.0,-,-,NA,NA,NA,NA,NA,0,NA,NA,-,-,0.0,NA,NA,NA,NA,NA,NA,NA,NA,NA,NA,NA,-,-,-,0,0.000,NA,NA,NA,NA,NA,NA,NA,NA,NA,NA,0.0%,NA,NA,NA,NA,NA,NA,NA,NA,NA,0.0%,NA,NA,@ ARI,22,·,·,·
2,13303,Cade Klubnik,QB,22.9,NYJ,999,999,0.00,0,0,0,74,0,0,0.0%,0,0,0,0,0,0,0.00,0,0,0,0,0.00,0.00,0,0,0,0,0,0,0,0,0.0,0.0,0,0,0,0,0,0,0,0.0%,0,0.0,0,0,0,NA,0.0,-,-,NA,NA,NA,NA,NA,0,NA,NA,-,-,0.0,NA,NA,NA,NA,NA,NA,NA,NA,NA,NA,NA,-,-,-,0,0.000,NA,NA,NA,NA,NA,NA,NA,NA,NA,NA,0.0%,NA,NA,NA,NA,NA,NA,NA,NA,NA,0.0%,NA,NA,vs GB,12,·,·,·
2,11783,Ryan Flournoy,WR,26.9,DAL,50,64,7.30,4.8,1,1,55,42,0,0.0%,0,0,0,0,0,0,0.00,0,0,0,0,0.00,0.00,5,7,0,2,0,6,16,23,4.6,3.8,0,0,0,23,0,0,0,76.4%,23,23.0,0,2,6,33.3%,2.0,-,-,0,NA,NA,NA,NA,0,NA,NA,-,-,0.0,NA,NA,NA,NA,NA,NA,28,0.82,0.071,0.214,19.4%,-,-,-,23,2.000,0.4,170%,0.0,3,0,0,3,0,6.0,5,0.0%,NA,NA,NA,NA,NA,NA,NA,NA,NA,0.0%,NA,NA,vs WAS,19,·,7.7,-0.4
2,12467,Jordan James,RB,22.5,SF,67,67,1.50,1.5,1,0,52,8,0,0.0%,0,0,0,0,0,0,0.00,15,0,0,0,0.00,0.00,0,0,0,0,0,0,0,0,0.0,0.0,4,0,1,15,0,15,3.75,15.4%,15,15.0,0,1,4,25.0%,1.0,-,-,4,18,0,4.60,0.000,1,0.250,0.460,-,-,15.0,0.0,0.0%,1.0,0.25,0.0,0.0,0,NA,NA,NA,0.0%,-,-,-,0,0.000,NA,NA,NA,NA,NA,NA,NA,NA,0.0,0,0.0%,NA,NA,NA,NA,NA,NA,NA,NA,NA,0.0%,NA,NA,vs MIA,4,·,0.3,1.3
2,12495,Ollie Gordon,RB,22.7,MIA,76,74,0.70,0.7,1,0,59,11,0,0.0%,0,0,0,0,0,0,0.00,7,0,0,0,0.00,0.00,0,0,0,0,0,0,0,0,0.0,0.0,3,0,0,7,0,7,2.33,18.6%,7,7.0,0,0,3,0.0%,0.0,-,-,3,10,0,3.30,0.000,0,0.000,0.330,-,-,7.0,0.0,0.0%,-5.0,-1.67,1.0,0.0,5,0.00,0.000,0.000,0.0%,-,-,-,0,0.000,NA,NA,NA,NA,NA,NA,NA,NA,0.0,0,0.0%,NA,NA,NA,NA,NA,NA,NA,NA,NA,0.0%,NA,NA,@ SF,15,·,2.6,-1.9
2,6768,Tua Tagovailoa,QB,28.5,ATL,0,0,0.00,0,0,0,0,0,0,0.0%,0,0,0,0,0,0,0.00,0,0,0,0,0.00,0.00,0,0,0,0,0,0,0,0,0.0,0.0,0,0,0,0,0,0,0,-,0,0.0,0,0,0,NA,0.0,-,-,NA,NA,NA,NA,NA,0,NA,NA,-,-,0.0,NA,NA,NA,NA,NA,NA,NA,NA,NA,NA,NA,-,-,-,0,0.000,NA,NA,NA,NA,NA,NA,NA,NA,NA,NA,0.0%,NA,NA,NA,NA,NA,NA,NA,NA,NA,0.0%,NA,NA,vs CAR,1,OUT,OUT,OUT
2,11565,J.J. McCarthy,QB,23.6,MIN,999,999,0.00,0,0,0,52,0,0,0.0%,0,0,0,0,0,0,0.00,0,0,0,0,0.00,0.00,0,0,0,0,0,0,0,0,0.0,0.0,0,0,0,0,0,0,0,0.0%,0,0.0,0,0,0,NA,0.0,-,-,NA,NA,NA,NA,NA,0,NA,NA,-,-,0.0,NA,NA,NA,NA,NA,NA,NA,NA,NA,NA,NA,-,-,-,0,0.000,NA,NA,NA,NA,NA,NA,NA,NA,NA,NA,0.0%,NA,NA,NA,NA,NA,NA,NA,NA,NA,0.0%,NA,NA,@ CHI,3,·,·,·
2,4033,David Njoku,TE,30.2,LAC,46,46,1.90,1.4,1,0,68,11,0,0.0%,0,0,0,0,0,0,0.00,0,0,0,0,0.00,0.00,1,1,1,0,0,3,8,9,9.0,3.0,0,0,0,9,0,0,0,16.2%,9,9.0,0,0,3,0.0%,0.0,-,-,0,NA,NA,NA,NA,0,NA,NA,-,-,0.0,NA,NA,NA,NA,NA,NA,7,1.29,0.000,0.429,11.1%,-,-,-,9,0.000,0.0,560%,0.1,8,0,1,1,0,3.0,1,0.0%,NA,NA,NA,NA,NA,NA,NA,NA,NA,0.0%,NA,NA,vs LV,31,OUT,3.9,-2.0
2,9506,Sean Tucker,RB,24.9,TB,999,999,0.00,0,1,0,65,0,0,0.0%,0,0,0,0,0,0,0.00,0,0,0,0,0.00,0.00,0,0,0,0,0,0,0,0,0.0,0.0,0,0,0,0,0,0,0,0.0%,0,0.0,0,0,0,NA,0.0,-,-,0,NA,NA,NA,NA,0,NA,NA,-,-,0.0,NA,NA,NA,NA,NA,NA,NA,NA,NA,NA,NA,-,-,-,0,0.000,NA,NA,NA,NA,NA,NA,NA,NA,0.0,0,0.0%,NA,NA,NA,NA,NA,NA,NA,NA,NA,0.0%,NA,NA,vs CLE,21,·,1.8,-1.8
2,12540,Chimere Dike,WR,24.8,TEN,999,999,0.00,0,1,0,53,2,0,0.0%,0,0,0,0,0,0,0.00,0,0,0,0,0.00,0.00,0,0,0,0,0,0,0,0,0.0,0.0,0,0,0,0,0,0,0,3.8%,0,0.0,0,0,0,NA,0.0,-,-,0,NA,NA,NA,NA,0,NA,NA,-,-,0.0,NA,NA,NA,NA,NA,NA,1,0.00,0.000,0.000,0.0%,-,-,-,0,0.000,NA,0%,0.0,NA,0,0,0,0,0.0,0,0.0%,NA,NA,NA,NA,NA,NA,NA,NA,NA,0.0%,NA,NA,vs PHI,10,·,1.5,-1.5
2,1166,Kirk Cousins,QB,38.1,LV,10,10,21.22,21.22,1,1,63,63,0,65.5%,175,29,19,8,10,1,113.10,254,2,3,253,8.72,13.32,0,0,0,0,0,0,0,0,0.0,0.0,4,0,0,1,0,1,0.25,100.0%,254,254.0,3,11,33,33.3%,11.0,-,-,4,NA,NA,NA,NA,0,0.000,NA,-,-,1.0,0.0,0.0%,NA,NA,NA,NA,NA,NA,NA,NA,NA,-,-,-,0,0.000,NA,NA,NA,NA,NA,NA,NA,NA,0.0,0,1100.0%,0.3793103448,285%,10.3%,0.406,9.4,3200.0%,-0.01,+4.30,0.1,25300.0%,31.3%,1,@ LAC,15,·,13.6,7.6
2,9494,Marvin Mims,WR,24.5,DEN,0,0,0.00,0,0,0,0,0,0,0.0%,0,0,0,0,0,0,0.00,0,0,0,0,0.00,0.00,0,0,0,0,0,0,0,0,0.0,0.0,0,0,0,0,0,0,0,-,0,0.0,0,0,0,NA,0.0,-,-,NA,NA,NA,NA,NA,0,NA,NA,-,-,0.0,NA,NA,NA,NA,NA,NA,NA,NA,NA,NA,NA,-,-,-,0,0.000,NA,NA,NA,NA,NA,NA,NA,NA,NA,NA,0.0%,NA,NA,NA,NA,NA,NA,NA,NA,NA,0.0%,NA,NA,vs JAX,18,OUT,OUT,OUT
2,11575,Ray Davis,RB,26.8,BUF,999,999,0.00,0,1,0,74,10,0,0.0%,0,0,0,0,0,0,0.00,0,0,0,0,0.00,0.00,0,0,0,0,0,0,0,0,0.0,0.0,0,0,0,0,0,0,0,13.5%,0,0.0,0,0,0,NA,0.0,-,-,0,0,0,0.00,NA,0,NA,NA,-,-,0.0,0.0,NA,0.0,NA,0.0,0.0,2,0.00,0.000,0.000,0.0%,-,-,-,0,0.000,NA,NA,NA,NA,NA,NA,NA,NA,0.0,0,0.0%,NA,NA,NA,NA,NA,NA,NA,NA,NA,0.0%,NA,NA,vs DET,16,·,4.3,-4.3
2,8800,Malik Davis,RB,27.8,DAL,999,999,0.00,0,0,0,0,0,0,0.0%,0,0,0,0,0,0,0.00,0,0,0,0,0.00,0.00,0,0,0,0,0,0,0,0,0.0,0.0,0,0,0,0,0,0,0,-,0,0.0,0,0,0,NA,0.0,-,-,NA,NA,NA,NA,NA,0,NA,NA,-,-,0.0,NA,NA,NA,NA,NA,NA,NA,NA,NA,NA,NA,-,-,-,0,0.000,NA,NA,NA,NA,NA,NA,NA,NA,NA,NA,0.0%,NA,NA,NA,NA,NA,NA,NA,NA,NA,0.0%,NA,NA,vs WAS,24,IR,IR,IR
2,7571,Rashod Bateman,WR,26.8,BAL,10,10,21.80,18.3,1,1,58,54,0,0.0%,0,0,0,0,0,0,0.00,0,0,0,0,0.00,0.00,7,86,0,2,1,9,2,88,12.6,9.8,0,0,0,88,0,0,0,93.1%,88,88.0,1,3,9,33.3%,3.0,-,-,0,NA,NA,NA,NA,0,NA,NA,-,-,0.0,NA,NA,NA,NA,NA,NA,33,2.67,0.061,0.273,29.0%,-,-,-,88,3.000,0.4,1310%,0.4,0,1,5,4,0,9.0,7,0.0%,NA,NA,NA,NA,NA,NA,NA,NA,NA,0.0%,NA,NA,vs NO,11,·,9.1,12.7
2,11834,Devaughn Vele,WR,28.8,NO,29,31,11.40,8.9,1,1,68,65,0,0.0%,0,0,0,0,0,0,0.00,0,0,0,0,0.00,0.00,5,51,0,3,0,7,13,64,12.8,9.1,0,0,0,64,0,0,0,95.6%,64,64.0,0,3,7,42.9%,3.0,-,-,0,NA,NA,NA,NA,0,NA,NA,-,-,0.0,NA,NA,NA,NA,NA,NA,35,1.83,0.086,0.200,20.6%,-,-,-,64,3.000,0.6,940%,0.4,3,1,3,5,1,7.0,5,0.0%,NA,NA,NA,NA,NA,NA,NA,NA,NA,0.0%,NA,NA,@ BAL,22,·,9.6,1.8
2,12485,Tez Johnson,WR,24.3,TB,64,53,5.90,5.4,1,0,65,19,0,0.0%,0,0,0,0,0,0,0.00,0,0,0,0,0.00,0.00,1,43,0,1,0,4,6,49,49.0,12.3,0,0,0,49,0,0,0,29.2%,49,49.0,0,1,4,25.0%,1.0,-,-,0,NA,NA,NA,NA,0,NA,NA,-,-,0.0,NA,NA,NA,NA,NA,NA,14,3.50,0.071,0.286,11.8%,-,-,-,49,1.000,1.0,3550%,0.3,6,1,4,0,0,4.0,1,0.0%,NA,NA,NA,NA,NA,NA,NA,NA,NA,0.0%,NA,NA,vs CLE,3,·,1.7,4.2
2,9229,Anthony Richardson,QB,24.3,IND,999,999,0.00,0,0,0,65,0,0,0.0%,0,0,0,0,0,0,0.00,0,0,0,0,0.00,0.00,0,0,0,0,0,0,0,0,0.0,0.0,0,0,0,0,0,0,0,0.0%,0,0.0,0,0,0,NA,0.0,-,-,NA,NA,NA,NA,NA,0,NA,NA,-,-,0.0,NA,NA,NA,NA,NA,NA,NA,NA,NA,NA,NA,-,-,-,0,0.000,NA,NA,NA,NA,NA,NA,NA,NA,NA,NA,0.0%,NA,NA,NA,NA,NA,NA,NA,NA,NA,0.0%,NA,NA,@ KC,32,·,·,·
2,13338,Kevin Coleman,WR,23.0,MIA,999,999,0.00,0,1,0,59,27,0,0.0%,0,0,0,0,0,0,0.00,0,0,0,0,0.00,0.00,0,0,0,0,0,0,0,0,0.0,0.0,0,0,0,0,0,0,0,45.8%,0,0.0,0,0,0,NA,0.0,-,-,0,NA,NA,NA,NA,0,NA,NA,-,-,0.0,NA,NA,NA,NA,NA,NA,NA,NA,NA,NA,NA,-,-,-,0,0.000,NA,NA,NA,NA,NA,NA,NA,NA,0.0,0,0.0%,NA,NA,NA,NA,NA,NA,NA,NA,NA,0.0%,NA,NA,@ SF,28,·,1.4,-1.4
2,10218,Xavier Hutchinson,WR,26.3,HOU,57,59,6.70,5.2,1,1,80,65,0,0.0%,0,0,0,0,0,0,0.00,0,0,0,0,0.00,0.00,3,25,0,2,0,9,12,37,12.3,4.1,0,0,0,37,0,0,0,81.3%,37,37.0,0,2,9,22.2%,2.0,-,-,0,NA,NA,NA,NA,0,NA,NA,-,-,0.0,NA,NA,NA,NA,NA,NA,49,0.76,0.041,0.184,16.1%,-,-,-,37,2.000,0.7,1390%,0.3,4,1,4,3,2,9.0,3,0.0%,NA,NA,NA,NA,NA,NA,NA,NA,NA,0.0%,NA,NA,vs CIN,20,·,7.8,-1.1
2,12544,LeQuint Allen,RB,22.1,JAX,999,999,0.00,0,1,0,59,9,0,0.0%,0,0,0,0,0,0,0.00,0,0,0,0,0.00,0.00,0,0,0,0,0,1,0,0,0.0,0.0,0,0,0,0,0,0,0,15.3%,0,0.0,0,0,1,0.0%,0.0,-,-,0,0,0,0.00,NA,0,NA,NA,-,-,0.0,0.0,NA,0.0,NA,0.0,0.0,9,0.00,0.000,0.111,3.4%,-,-,-,0,0.000,NA,NA,NA,NA,NA,NA,NA,NA,1.0,0,0.0%,NA,NA,NA,NA,NA,NA,NA,NA,NA,0.0%,NA,NA,@ DEN,2,·,2.2,-2.2
2,12641,Jaylin Lane,WR,24.4,WAS,999,999,0.00,0,1,0,71,11,1,0.0%,0,0,0,0,0,0,0.00,0,0,0,0,0.00,0.00,0,0,0,0,0,0,0,0,0.0,0.0,0,0,0,0,0,0,0,15.5%,0,0.0,0,0,0,NA,0.0,-,-,0,NA,NA,NA,NA,0,NA,NA,-,-,0.0,NA,NA,NA,NA,NA,NA,5,0.00,0.000,0.000,0.0%,-,-,-,0,0.000,NA,0%,0.0,NA,0,0,0,0,0.0,0,0.0%,NA,NA,NA,NA,NA,NA,NA,NA,NA,0.0%,NA,NA,@ DAL,26,·,1.7,-1.7
2,6826,Cole Kmet,TE,27.5,CHI,999,999,0.00,0,1,1,74,51,0,0.0%,0,0,0,0,0,0,0.00,0,0,0,0,0.00,0.00,0,0,0,0,0,1,0,0,0.0,0.0,0,0,0,0,0,0,0,68.9%,0,0.0,0,0,1,0.0%,0.0,-,-,0,NA,NA,NA,NA,0,NA,NA,-,-,0.0,NA,NA,NA,NA,NA,NA,13,0.00,0.000,0.077,2.9%,-,-,-,0,0.000,NA,860%,0.1,NA,0,0,0,0,1.0,0,0.0%,NA,NA,NA,NA,NA,NA,NA,NA,NA,0.0%,NA,NA,vs MIN,10,·,3.9,-3.9
2,13420,Bryce Lance,WR,24.1,NO,103,105,1.80,1.3,1,0,68,54,0,0.0%,0,0,0,0,0,0,0.00,0,0,0,0,0.00,0.00,1,8,0,0,0,1,0,8,8.0,8.0,0,0,0,8,0,0,0,79.4%,8,8.0,0,0,1,0.0%,0.0,-,-,0,NA,NA,NA,NA,0,NA,NA,-,-,0.0,NA,NA,NA,NA,NA,NA,31,0.26,0.000,0.032,2.9%,-,-,-,8,0.000,0.0,830%,0.0,0,0,0,1,0,1.0,1,0.0%,NA,NA,NA,NA,NA,NA,NA,NA,NA,0.0%,NA,NA,@ BAL,22,·,2.8,-1.0
2,12048,George Holani,RB,26.8,SEA,60,62,2.50,2,1,0,70,18,0,0.0%,0,0,0,0,0,0,0.00,13,0,0,0,0.00,0.00,1,-4,0,0,0,1,6,2,2.0,2.0,4,0,0,15,0,13,3.25,25.7%,15,15.0,0,0,5,0.0%,0.0,-,-,4,10,0,2.40,0.000,0,0.000,0.240,-,-,13.0,0.0,0.0%,6.0,1.50,3.0,2.0,10,0.20,0.000,0.100,3.8%,-,-,-,2,0.000,0.0,NA,NA,6,NA,NA,NA,NA,1.0,1,0.0%,NA,NA,NA,NA,NA,NA,NA,NA,NA,0.0%,NA,NA,@ ARI,28,·,7.9,-5.4
2,13425,Jalon Daniels,QB,23.9,TB,999,999,0.00,0,0,0,65,0,0,0.0%,0,0,0,0,0,0,0.00,0,0,0,0,0.00,0.00,0,0,0,0,0,0,0,0,0.0,0.0,0,0,0,0,0,0,0,0.0%,0,0.0,0,0,0,NA,0.0,-,-,NA,NA,NA,NA,NA,0,NA,NA,-,-,0.0,NA,NA,NA,NA,NA,NA,NA,NA,NA,NA,NA,-,-,-,0,0.000,NA,NA,NA,NA,NA,NA,NA,NA,NA,NA,0.0%,NA,NA,NA,NA,NA,NA,NA,NA,NA,0.0%,NA,NA,vs CLE,5,·,·,·
2,6865,Colby Parkinson,TE,27.7,LAR,33,34,3.50,2.5,1,1,62,44,0,0.0%,0,0,0,0,0,0,0.00,0,0,0,0,0.00,0.00,2,-3,0,1,0,2,18,15,7.5,7.5,0,0,0,15,0,0,0,71.0%,15,15.0,0,1,2,50.0%,1.0,-,-,0,NA,NA,NA,NA,0,NA,NA,-,-,0.0,NA,NA,NA,NA,NA,NA,10,1.50,0.100,0.200,6.5%,-,-,-,15,1.000,0.5,-160%,0.0,9,0,0,1,0,2.0,2,0.0%,NA,NA,NA,NA,NA,NA,NA,NA,NA,0.0%,NA,NA,vs NYG,24,·,7.6,-4.1
2,11597,Theo Johnson,TE,25.6,NYG,999,999,0.00,0,1,0,58,16,0,0.0%,0,0,0,0,0,0,0.00,0,0,0,0,0.00,0.00,0,0,0,0,0,4,0,0,0.0,0.0,0,0,0,0,0,0,0,27.6%,0,0.0,0,0,4,0.0%,0.0,-,-,0,NA,NA,NA,NA,0,NA,NA,-,-,0.0,NA,NA,NA,NA,NA,NA,NA,NA,NA,NA,NA,-,-,-,0,0.000,NA,NA,NA,NA,NA,NA,NA,NA,4.0,0,0.0%,NA,NA,NA,NA,NA,NA,NA,NA,NA,0.0%,NA,NA,@ LAR,26,·,3.4,-3.4
2,13424,Seth McGowan,RB,24.9,IND,999,999,0.00,0,1,0,65,4,0,0.0%,0,0,0,0,0,0,0.00,0,0,0,0,0.00,0.00,0,0,0,0,0,0,0,0,0.0,0.0,2,0,0,0,0,0,0,6.2%,0,0.0,0,0,2,0.0%,0.0,-,-,2,4,0,2.20,0.000,0,0.000,0.220,-,-,0.0,0.0,0.0%,-3.0,-1.50,0.0,0.0,1,0.00,0.000,0.000,0.0%,-,-,-,0,0.000,NA,NA,NA,NA,NA,NA,NA,NA,0.0,0,0.0%,NA,NA,NA,NA,NA,NA,NA,NA,NA,0.0%,NA,NA,@ KC,27,·,2.4,-2.4
2,96,Aaron Rodgers,QB,42.8,PIT,31,31,4.98,4.98,1,1,70,67,2,59.0%,57,39,23,10,16,1,60.50,192,4,0,187,4.79,8.13,0,0,0,0,0,0,0,0,0.0,0.0,1,0,0,5,0,5,5,95.7%,192,192.0,0,10,40,25.0%,10.0,-,-,1,NA,NA,NA,NA,0,0.000,NA,-,-,5.0,0.0,0.0%,NA,NA,NA,NA,NA,NA,NA,NA,NA,-,-,-,0,0.000,NA,NA,NA,NA,NA,NA,NA,NA,0.0,0,1000.0%,0.2564102564,258%,5.1%,0.386,4.7,4400.0%,-0.02,-27.40,-0.6,18700.0%,40.9%,1,@ NE,23,·,16.2,-11.3
2,8205,Isiah Pacheco,RB,27.5,DET,999,999,0.00,0,0,0,0,0,0,0.0%,0,0,0,0,0,0,0.00,0,0,0,0,0.00,0.00,0,0,0,0,0,0,0,0,0.0,0.0,0,0,0,0,0,0,0,-,0,0.0,0,0,0,NA,0.0,-,-,NA,NA,NA,NA,NA,0,NA,NA,-,-,0.0,NA,NA,NA,NA,NA,NA,NA,NA,NA,NA,NA,-,-,-,0,0.000,NA,NA,NA,NA,NA,NA,NA,NA,NA,NA,0.0%,NA,NA,NA,NA,NA,NA,NA,NA,NA,0.0%,NA,NA,@ BUF,6,IR,IR,IR
2,12503,Isaiah Bond,WR,22.5,CLE,97,98,2.00,1.5,1,0,58,4,0,0.0%,0,0,0,0,0,0,0.00,0,0,0,0,0.00,0.00,1,7,0,1,0,1,3,10,10.0,10.0,0,0,0,10,0,0,0,6.9%,10,10.0,0,1,1,100.0%,1.0,-,-,0,NA,NA,NA,NA,0,NA,NA,-,-,0.0,NA,NA,NA,NA,NA,NA,2,5.00,0.500,0.500,3.3%,-,-,-,10,1.000,1.0,680%,0.1,3,0,0,1,0,1.0,1,0.0%,NA,NA,NA,NA,NA,NA,NA,NA,NA,0.0%,NA,NA,@ TB,29,·,2.1,0.0
2,8698,Jake Tonges,TE,27.2,SF,999,999,0.00,0,0,0,0,0,0,0.0%,0,0,0,0,0,0,0.00,0,0,0,0,0.00,0.00,0,0,0,0,0,0,0,0,0.0,0.0,0,0,0,0,0,0,0,-,0,0.0,0,0,0,NA,0.0,-,-,NA,NA,NA,NA,NA,0,NA,NA,-,-,0.0,NA,NA,NA,NA,NA,NA,NA,NA,NA,NA,NA,-,-,-,0,0.000,NA,NA,NA,NA,NA,NA,NA,NA,NA,NA,0.0%,NA,NA,NA,NA,NA,NA,NA,NA,NA,0.0%,NA,NA,vs MIA,22,IR,IR,IR
2,12531,Trevor Etienne,RB,22.2,CAR,999,999,0.00,0,0,0,0,0,0,0.0%,0,0,0,0,0,0,0.00,0,0,0,0,0.00,0.00,0,0,0,0,0,0,0,0,0.0,0.0,0,0,0,0,0,0,0,-,0,0.0,0,0,0,NA,0.0,-,-,NA,NA,NA,NA,NA,0,NA,NA,-,-,0.0,NA,NA,NA,NA,NA,NA,NA,NA,NA,NA,NA,-,-,-,0,0.000,NA,NA,NA,NA,NA,NA,NA,NA,NA,NA,0.0%,NA,NA,NA,NA,NA,NA,NA,NA,NA,0.0%,NA,NA,@ ATL,23,IR,IR,IR
2,9757,Kendre Miller,RB,24.3,NO,0,0,0.00,0,0,0,0,0,0,0.0%,0,0,0,0,0,0,0.00,0,0,0,0,0.00,0.00,0,0,0,0,0,0,0,0,0.0,0.0,0,0,0,0,0,0,0,-,0,0.0,0,0,0,NA,0.0,-,-,NA,NA,NA,NA,NA,0,NA,NA,-,-,0.0,NA,NA,NA,NA,NA,NA,NA,NA,NA,NA,NA,-,-,-,0,0.000,NA,NA,NA,NA,NA,NA,NA,NA,NA,NA,0.0%,NA,NA,NA,NA,NA,NA,NA,NA,NA,0.0%,NA,NA,@ BAL,10,OUT,OUT,OUT
2,11571,Isaiah Davis,RB,24.6,NYJ,999,999,0.00,0,1,0,74,0,0,0.0%,0,0,0,0,0,0,0.00,0,0,0,0,0.00,0.00,0,0,0,0,0,0,0,0,0.0,0.0,0,0,0,0,0,0,0,0.0%,0,0.0,0,0,0,NA,0.0,-,-,0,NA,NA,NA,NA,0,NA,NA,-,-,0.0,NA,NA,NA,NA,NA,NA,NA,NA,NA,NA,NA,-,-,-,0,0.000,NA,NA,NA,NA,NA,NA,NA,NA,0.0,0,0.0%,NA,NA,NA,NA,NA,NA,NA,NA,NA,0.0%,NA,NA,vs GB,14,·,2.0,-2.0
2,4035,Alvin Kamara,RB,31.1,NO,38,41,7.20,4.7,1,1,68,20,0,0.0%,0,0,0,0,0,0,0.00,15,0,0,0,0.00,0.00,5,-7,1,0,0,6,14,7,1.4,1.2,9,2,1,22,0,15,1.67,29.4%,22,22.0,0,1,15,6.7%,1.0,-,-,9,18,0,2.00,0.000,1,0.111,0.200,-,-,15.0,0.0,0.0%,-13.0,-1.44,1.0,0.0,8,0.88,0.000,0.750,17.6%,-,-,-,7,0.000,0.0,NA,NA,3,NA,NA,NA,NA,6.0,5,0.0%,NA,NA,NA,NA,NA,NA,NA,NA,NA,0.0%,NA,NA,@ BAL,10,·,5.3,1.9
2,9479,Darnell Washington,TE,25.1,PIT,49,49,1.70,1.2,1,1,70,37,0,0.0%,0,0,0,0,0,0,0.00,0,0,0,0,0.00,0.00,1,0,0,0,0,2,7,7,7.0,3.5,0,0,0,7,0,0,0,52.9%,7,7.0,0,0,2,0.0%,0.0,-,-,0,NA,NA,NA,NA,0,NA,NA,-,-,0.0,NA,NA,NA,NA,NA,NA,11,0.64,0.000,0.182,5.0%,-,-,-,7,0.000,0.0,210%,0.0,7,0,0,1,0,2.0,1,0.0%,NA,NA,NA,NA,NA,NA,NA,NA,NA,0.0%,NA,NA,@ NE,25,·,3.7,-2.0
2,13533,Barion Brown,WR,22.8,NO,999,999,0.00,0,1,0,68,2,0,0.0%,0,0,0,0,0,0,0.00,0,0,0,0,0.00,0.00,0,0,0,0,0,0,0,0,0.0,0.0,0,0,0,0,0,0,0,2.9%,0,0.0,0,0,0,NA,0.0,-,-,0,NA,NA,NA,NA,0,NA,NA,-,-,0.0,NA,NA,NA,NA,NA,NA,NA,NA,NA,NA,NA,-,-,-,0,0.000,NA,NA,NA,NA,NA,NA,NA,NA,0.0,0,0.0%,NA,NA,NA,NA,NA,NA,NA,NA,NA,0.0%,NA,NA,@ BAL,22,·,1.9,-1.9
2,13380,Brenen Thompson,WR,23.1,LAC,94,93,2.30,1.8,1,0,68,12,1,0.0%,0,0,0,0,0,0,0.00,0,0,0,0,0.00,0.00,1,13,1,1,0,3,0,13,13.0,4.3,0,0,0,13,0,0,0,17.6%,13,13.0,0,1,3,33.3%,1.0,-,-,0,NA,NA,NA,NA,0,NA,NA,-,-,0.0,NA,NA,NA,NA,NA,NA,9,1.44,0.111,0.333,11.1%,-,-,-,13,1.000,1.0,1600%,0.2,0,0,3,0,0,3.0,1,0.0%,NA,NA,NA,NA,NA,NA,NA,NA,NA,0.0%,NA,NA,vs LV,21,·,1.2,1.1
2,12471,DJ Giddens,RB,23.0,IND,0,0,0.00,0,0,0,0,0,0,0.0%,0,0,0,0,0,0,0.00,0,0,0,0,0.00,0.00,0,0,0,0,0,0,0,0,0.0,0.0,0,0,0,0,0,0,0,-,0,0.0,0,0,0,NA,0.0,-,-,NA,NA,NA,NA,NA,0,NA,NA,-,-,0.0,NA,NA,NA,NA,NA,NA,NA,NA,NA,NA,NA,-,-,-,0,0.000,NA,NA,NA,NA,NA,NA,NA,NA,NA,NA,0.0%,NA,NA,NA,NA,NA,NA,NA,NA,NA,0.0%,NA,NA,@ KC,27,OUT,OUT,OUT
2,7528,Najee Harris,RB,28.5,NYG,78,78,0.60,0.6,1,0,58,8,0,0.0%,0,0,0,0,0,0,0.00,6,0,0,0,0.00,0.00,0,0,0,0,0,0,0,0,0.0,0.0,4,0,0,6,0,6,1.5,13.8%,6,6.0,0,0,4,0.0%,0.0,-,-,4,9,1,2.20,0.250,0,0.000,0.470,-,-,6.0,0.0,0.0%,-2.0,-0.50,2.0,0.0,2,0.00,0.000,0.000,0.0%,-,-,-,0,0.000,NA,NA,NA,NA,NA,NA,NA,NA,0.0,0,0.0%,NA,NA,NA,NA,NA,NA,NA,NA,NA,0.0%,NA,NA,@ LAR,19,·,1.2,-0.6
2,11370,Chris Brooks,RB,26.7,GB,52,50,3.60,3.1,1,0,59,27,0,0.0%,0,0,0,0,0,0,0.00,11,0,0,0,0.00,0.00,1,-4,1,1,0,2,19,15,15.0,7.5,4,0,0,26,0,11,2.75,45.8%,26,26.0,0,1,6,16.7%,1.0,-,-,4,10,2,2.40,0.500,0,0.000,0.740,-,-,11.0,0.0,0.0%,-6.0,-1.50,3.0,1.0,11,1.36,0.091,0.182,6.9%,-,-,-,15,1.000,1.0,NA,NA,19,NA,NA,NA,NA,2.0,1,0.0%,NA,NA,NA,NA,NA,NA,NA,NA,NA,0.0%,NA,NA,@ NYJ,31,·,8.0,-4.4
2,1479,Keenan Allen,WR,34.4,IND,110,112,1.50,1,1,1,65,33,0,0.0%,0,0,0,0,0,0,0.00,0,0,0,0,0.00,0.00,1,5,0,0,0,5,0,5,5.0,1.0,0,0,0,5,0,0,0,50.8%,5,5.0,0,0,5,0.0%,0.0,-,-,0,NA,NA,NA,NA,0,NA,NA,-,-,0.0,NA,NA,NA,NA,NA,NA,19,0.26,0.000,0.263,16.1%,-,-,-,5,0.000,0.0,590%,0.2,0,0,1,4,0,5.0,1,0.0%,NA,NA,NA,NA,NA,NA,NA,NA,NA,0.0%,NA,NA,@ KC,31,·,7.8,-6.3
2,12541,Dont'e Thornton,WR,23.8,LV,999,999,0.00,0,0,0,0,0,0,0.0%,0,0,0,0,0,0,0.00,0,0,0,0,0.00,0.00,0,0,0,0,0,0,0,0,0.0,0.0,0,0,0,0,0,0,0,-,0,0.0,0,0,0,NA,0.0,-,-,NA,NA,NA,NA,NA,0,NA,NA,-,-,0.0,NA,NA,NA,NA,NA,NA,NA,NA,NA,NA,NA,-,-,-,0,0.000,NA,NA,NA,NA,NA,NA,NA,NA,NA,NA,0.0%,NA,NA,NA,NA,NA,NA,NA,NA,NA,0.0%,NA,NA,@ LAC,14,IR,IR,IR
2,7090,Darnell Mooney,WR,28.9,NYG,55,49,6.80,5.8,1,0,58,42,0,0.0%,0,0,0,0,0,0,0.00,0,0,0,0,0.00,0.00,2,30,0,2,0,3,18,48,24.0,16.0,0,0,0,48,0,0,0,72.4%,48,48.0,0,2,3,66.7%,2.0,-,-,0,NA,NA,NA,NA,0,NA,NA,-,-,0.0,NA,NA,NA,NA,NA,NA,31,1.55,0.065,0.097,9.4%,-,-,-,48,2.000,1.0,1200%,0.1,9,0,2,1,0,3.0,2,0.0%,NA,NA,NA,NA,NA,NA,NA,NA,NA,0.0%,NA,NA,@ LAR,4,·,4.1,2.7
2,5854,Drew Lock,QB,29.8,SEA,9,9,21.40,21.4,1,1,70,70,0,73.1%,127,26,19,9,7,0,139.10,235,1,3,235,9.04,12.37,0,0,0,0,0,0,0,0,0.0,0.0,0,0,0,0,0,0,0,100.0%,235,235.0,3,12,26,46.2%,12.0,-,-,0,NA,NA,NA,NA,0,NA,NA,-,-,0.0,0.0,NA,NA,NA,NA,NA,NA,NA,NA,NA,NA,-,-,-,0,0.000,NA,NA,NA,NA,NA,NA,NA,NA,0.0,0,1200.0%,0.4615384615,277%,11.5%,0.296,9.1,2700.0%,+0.12,+15.50,0.6,23500.0%,29.6%,0,@ ARI,22,·,13.3,8.1
2,11626,Xavier Legette,WR,25.6,CAR,44,38,8.40,7.4,1,0,66,33,0,0.0%,0,0,0,0,0,0,0.00,0,0,0,0,0.00,0.00,2,54,0,1,0,4,10,64,32.0,16.0,0,0,0,64,0,0,0,50.0%,64,64.0,0,1,4,25.0%,1.0,-,-,0,NA,NA,NA,NA,0,NA,NA,-,-,0.0,NA,NA,NA,NA,NA,NA,24,2.67,0.042,0.167,11.1%,-,-,-,64,1.000,0.5,2490%,0.3,5,1,3,0,1,4.0,2,0.0%,NA,NA,NA,NA,NA,NA,NA,NA,NA,0.0%,NA,NA,@ ATL,25,·,4.9,3.6
2,12455,Brashard Smith,RB,23.4,KC,999,999,0.00,0,1,0,80,0,0,0.0%,0,0,0,0,0,0,0.00,0,0,0,0,0.00,0.00,0,0,0,0,0,0,0,0,0.0,0.0,0,0,0,0,0,0,0,0.0%,0,0.0,0,0,0,NA,0.0,-,-,0,NA,NA,NA,NA,0,NA,NA,-,-,0.0,NA,NA,NA,NA,NA,NA,NA,NA,NA,NA,NA,-,-,-,0,0.000,NA,NA,NA,NA,NA,NA,NA,NA,0.0,0,0.0%,NA,NA,NA,NA,NA,NA,NA,NA,NA,0.0%,NA,NA,vs IND,3,·,0.5,-0.5
2,13329,Malik Benson,WR,23.9,LV,999,999,0.00,0,1,0,63,8,0,0.0%,0,0,0,0,0,0,0.00,0,0,0,0,0.00,0.00,0,0,0,0,0,1,0,0,0.0,0.0,0,0,0,0,0,0,0,12.7%,0,0.0,0,0,1,0.0%,0.0,-,-,0,NA,NA,NA,NA,0,NA,NA,-,-,0.0,NA,NA,NA,NA,NA,NA,NA,NA,NA,NA,NA,-,-,-,0,0.000,NA,NA,NA,NA,NA,NA,NA,NA,1.0,0,0.0%,NA,NA,NA,NA,NA,NA,NA,NA,NA,0.0%,NA,NA,@ LAC,14,·,2.3,-2.3
2,11630,Roman Wilson,WR,25.2,PIT,47,55,7.80,5.3,1,1,70,55,0,0.0%,0,0,0,0,0,0,0.00,0,0,0,0,0.00,0.00,5,6,0,3,0,6,22,28,5.6,4.7,0,0,0,28,0,0,0,78.6%,28,28.0,0,3,6,50.0%,3.0,-,-,0,NA,NA,NA,NA,0,NA,NA,-,-,0.0,NA,NA,NA,NA,NA,NA,40,0.70,0.075,0.150,15.0%,-,-,-,28,3.000,0.6,330%,0.1,4,0,1,5,0,6.0,5,0.0%,NA,NA,NA,NA,NA,NA,NA,NA,NA,0.0%,NA,NA,@ NE,12,·,8.4,-0.6
2,11600,Ja'Tavion Sanders,TE,23.5,CAR,0,0,0.00,0,0,0,0,0,0,0.0%,0,0,0,0,0,0,0.00,0,0,0,0,0.00,0.00,0,0,0,0,0,0,0,0,0.0,0.0,0,0,0,0,0,0,0,-,0,0.0,0,0,0,NA,0.0,-,-,NA,NA,NA,NA,NA,0,NA,NA,-,-,0.0,NA,NA,NA,NA,NA,NA,NA,NA,NA,NA,NA,-,-,-,0,0.000,NA,NA,NA,NA,NA,NA,NA,NA,NA,NA,0.0%,NA,NA,NA,NA,NA,NA,NA,NA,NA,0.0%,NA,NA,@ ATL,7,OUT,OUT,OUT
2,8188,Tyquan Thornton,WR,26.1,KC,23,24,12.60,10.6,1,0,80,47,0,0.0%,0,0,0,0,0,0,0.00,0,0,0,0,0.00,0.00,4,85,0,2,0,4,1,86,21.5,21.5,0,0,0,86,0,0,0,58.8%,86,86.0,0,2,4,50.0%,2.0,-,-,0,NA,NA,NA,NA,0,NA,NA,-,-,0.0,NA,NA,NA,NA,NA,NA,34,2.53,0.059,0.118,8.5%,-,-,-,86,2.000,0.5,2040%,0.3,0,0,2,0,0,4.0,4,0.0%,NA,NA,NA,NA,NA,NA,NA,NA,NA,0.0%,NA,NA,vs IND,7,·,6.5,6.1
2,13306,Taylen Green,QB,23.9,CLE,999,999,0.00,0,0,0,58,0,0,0.0%,0,0,0,0,0,0,0.00,0,0,0,0,0.00,0.00,0,0,0,0,0,0,0,0,0.0,0.0,0,0,0,0,0,0,0,0.0%,0,0.0,0,0,0,NA,0.0,-,-,NA,NA,NA,NA,NA,0,NA,NA,-,-,0.0,NA,NA,NA,NA,NA,NA,NA,NA,NA,NA,NA,-,-,-,0,0.000,NA,NA,NA,NA,NA,NA,NA,NA,NA,NA,0.0%,NA,NA,NA,NA,NA,NA,NA,NA,NA,0.0%,NA,NA,@ TB,20,OUT,OUT,OUT
2,12511,Will Howard,QB,25.0,PIT,0,0,0.00,0,0,0,0,0,0,0.0%,0,0,0,0,0,0,0.00,0,0,0,0,0.00,0.00,0,0,0,0,0,0,0,0,0.0,0.0,0,0,0,0,0,0,0,-,0,0.0,0,0,0,NA,0.0,-,-,NA,NA,NA,NA,NA,0,NA,NA,-,-,0.0,NA,NA,NA,NA,NA,NA,NA,NA,NA,NA,NA,-,-,-,0,0.000,NA,NA,NA,NA,NA,NA,NA,NA,NA,NA,0.0%,NA,NA,NA,NA,NA,NA,NA,NA,NA,0.0%,NA,NA,@ NE,23,OUT,OUT,OUT
2,4066,Evan Engram,TE,32.0,DEN,38,37,2.70,2.2,1,1,62,32,0,0.0%,0,0,0,0,0,0,0.00,0,0,0,0,0.00,0.00,1,17,0,1,0,1,0,17,17.0,17.0,0,0,0,17,0,0,0,51.6%,17,17.0,0,1,1,100.0%,1.0,-,-,0,NA,NA,NA,NA,0,NA,NA,-,-,0.0,NA,NA,NA,NA,NA,NA,12,1.42,0.083,0.083,3.2%,-,-,-,17,1.000,1.0,1730%,0.1,0,0,1,0,0,1.0,1,0.0%,NA,NA,NA,NA,NA,NA,NA,NA,NA,0.0%,NA,NA,vs JAX,27,·,4.3,-1.6
2,11589,Trey Benson,RB,24.2,ARI,999,999,0.00,0,0,0,0,0,0,0.0%,0,0,0,0,0,0,0.00,0,0,0,0,0.00,0.00,0,0,0,0,0,0,0,0,0.0,0.0,0,0,0,0,0,0,0,-,0,0.0,0,0,0,NA,0.0,-,-,NA,NA,NA,NA,NA,0,NA,NA,-,-,0.0,NA,NA,NA,NA,NA,NA,NA,NA,NA,NA,NA,-,-,-,0,0.000,NA,NA,NA,NA,NA,NA,NA,NA,NA,NA,0.0%,NA,NA,NA,NA,NA,NA,NA,NA,NA,0.0%,NA,NA,vs SEA,22,IR,IR,IR
2,10235,Roschon Johnson,RB,25.6,CHI,999,999,0.00,0,1,0,74,1,0,0.0%,0,0,0,0,0,0,0.00,0,0,0,0,0.00,0.00,0,0,0,0,0,0,0,0,0.0,0.0,0,0,0,0,0,0,0,1.4%,0,0.0,0,0,0,NA,0.0,-,-,0,NA,NA,NA,NA,0,NA,NA,-,-,0.0,NA,NA,NA,NA,NA,NA,NA,NA,NA,NA,NA,-,-,-,0,0.000,NA,NA,NA,NA,NA,NA,NA,NA,0.0,0,0.0%,NA,NA,NA,NA,NA,NA,NA,NA,NA,0.0%,NA,NA,vs MIN,32,·,0.2,-0.2
2,7591,Justin Fields,QB,27.5,KC,999,999,0.00,0,0,0,80,0,0,0.0%,0,0,0,0,0,0,0.00,0,0,0,0,0.00,0.00,0,0,0,0,0,0,0,0,0.0,0.0,0,0,0,0,0,0,0,0.0%,0,0.0,0,0,0,NA,0.0,-,-,NA,NA,NA,NA,NA,0,NA,NA,-,-,0.0,NA,NA,NA,NA,NA,NA,NA,NA,NA,NA,NA,-,-,-,0,0.000,NA,NA,NA,NA,NA,NA,NA,NA,NA,NA,0.0%,NA,NA,NA,NA,NA,NA,NA,NA,NA,0.0%,NA,NA,vs IND,7,·,·,·
2,13423,Eli Heidenreich,RB,23.2,PIT,999,999,0.00,0,1,0,70,0,0,0.0%,0,0,0,0,0,0,0.00,0,0,0,0,0.00,0.00,0,0,0,0,0,0,0,0,0.0,0.0,0,0,0,0,0,0,0,0.0%,0,0.0,0,0,0,NA,0.0,-,-,0,NA,NA,NA,NA,0,NA,NA,-,-,0.0,NA,NA,NA,NA,NA,NA,NA,NA,NA,NA,NA,-,-,-,0,0.000,NA,NA,NA,NA,NA,NA,NA,NA,0.0,0,0.0%,NA,NA,NA,NA,NA,NA,NA,NA,NA,0.0%,NA,NA,@ NE,26,·,0.2,-0.2
2,12505,Jalen Royals,WR,23.6,KC,42,36,8.60,7.6,1,0,80,12,0,0.0%,0,0,0,0,0,0,0.00,0,0,0,0,0.00,0.00,2,1,0,1,1,2,5,6,3.0,3.0,0,0,0,6,0,0,0,15.0%,6,6.0,1,2,2,100.0%,2.0,-,-,0,NA,NA,NA,NA,0,NA,NA,-,-,0.0,NA,NA,NA,NA,NA,NA,5,1.20,0.200,0.400,4.3%,-,-,-,6,2.000,1.0,460%,0.0,3,1,1,1,1,2.0,2,0.0%,NA,NA,NA,NA,NA,NA,NA,NA,NA,0.0%,NA,NA,vs IND,7,·,0.2,8.4
2,4039,Cooper Kupp,WR,33.2,SEA,79,81,4.00,3,1,0,70,30,0,0.0%,0,0,0,0,0,0,0.00,0,0,0,0,0.00,0.00,2,14,0,1,0,2,6,20,10.0,10.0,0,0,0,20,0,0,0,42.9%,20,20.0,0,1,2,50.0%,1.0,-,-,0,NA,NA,NA,NA,0,NA,NA,-,-,0.0,NA,NA,NA,NA,NA,NA,11,1.82,0.091,0.182,7.7%,-,-,-,20,1.000,0.5,720%,0.1,3,0,1,0,0,2.0,2,0.0%,NA,NA,NA,NA,NA,NA,NA,NA,NA,0.0%,NA,NA,@ ARI,17,·,7.6,-3.6
2,8119,Jahan Dotson,WR,26.5,ATL,87,89,3.10,2.1,1,1,69,52,0,0.0%,0,0,0,0,0,0,0.00,0,0,0,0,0.00,0.00,2,4,0,1,0,4,7,11,5.5,2.8,0,0,0,11,0,0,0,75.4%,11,11.0,0,1,4,25.0%,1.0,-,-,0,NA,NA,NA,NA,0,NA,NA,-,-,0.0,NA,NA,NA,NA,NA,NA,31,0.35,0.032,0.129,12.5%,-,-,-,11,1.000,0.5,1140%,0.3,4,0,1,3,0,4.0,2,0.0%,NA,NA,NA,NA,NA,NA,NA,NA,NA,0.0%,NA,NA,vs CAR,9,·,4.1,-1.0
2,5906,Dawson Knox,TE,29.8,BUF,18,17,8.50,7.5,1,1,74,56,0,0.0%,0,0,0,0,0,0,0.00,0,0,0,0,0.00,0.00,2,3,0,1,1,2,2,5,2.5,2.5,0,0,0,5,0,0,0,75.7%,5,5.0,1,2,2,100.0%,2.0,-,-,0,NA,NA,NA,NA,0,NA,NA,-,-,0.0,NA,NA,NA,NA,NA,NA,18,0.28,0.056,0.111,6.5%,-,-,-,5,2.000,1.0,170%,0.0,1,1,0,1,1,2.0,2,0.0%,NA,NA,NA,NA,NA,NA,NA,NA,NA,0.0%,NA,NA,vs DET,2,·,4.3,4.3
2,3161,Carson Wentz,QB,33.7,MIN,30,30,6.32,6.32,1,1,52,52,1,55.0%,73,20,11,6,9,0,77.70,149,3,0,143,7.15,13.00,0,0,0,0,0,0,0,0,0.0,0.0,3,0,1,6,0,6,2,100.0%,149,149.0,0,7,23,30.4%,7.0,-,-,3,NA,NA,NA,NA,1,0.333,NA,-,-,6.0,0.0,0.0%,NA,NA,NA,NA,NA,NA,NA,NA,NA,-,-,-,0,0.000,NA,NA,NA,NA,NA,NA,NA,NA,0.0,0,600.0%,0.3,247%,15%,0.292,8.2,2400.0%,-0.09,-3.00,-0.1,14300.0%,50.0%,0,@ CHI,3,·,16.1,-9.8
2,4950,Christian Kirk,WR,29.8,SF,999,999,0.00,0,0,0,0,0,0,0.0%,0,0,0,0,0,0,0.00,0,0,0,0,0.00,0.00,0,0,0,0,0,0,0,0,0.0,0.0,0,0,0,0,0,0,0,-,0,0.0,0,0,0,NA,0.0,-,-,NA,NA,NA,NA,NA,0,NA,NA,-,-,0.0,NA,NA,NA,NA,NA,NA,NA,NA,NA,NA,NA,-,-,-,0,0.000,NA,NA,NA,NA,NA,NA,NA,NA,NA,NA,0.0%,NA,NA,NA,NA,NA,NA,NA,NA,NA,0.0%,NA,NA,vs MIA,24,IR,IR,IR
2,5995,Justice Hill,RB,28.8,BAL,50,54,3.80,2.8,1,0,58,27,0,0.0%,0,0,0,0,0,0,0.00,6,0,0,0,0.00,0.00,2,-9,0,0,0,2,21,12,6.0,6.0,2,0,0,18,0,6,3,46.6%,18,18.0,0,0,4,0.0%,0.0,-,-,2,2,0,1.00,0.000,0,0.000,0.100,-,-,6.0,0.0,0.0%,-4.0,-2.00,0.0,0.0,17,0.71,0.000,0.118,6.5%,-,-,-,12,0.000,0.0,NA,NA,11,NA,NA,NA,NA,2.0,2,0.0%,NA,NA,NA,NA,NA,NA,NA,NA,NA,0.0%,NA,NA,vs NO,5,·,6.1,-2.3
2,4017,Deshaun Watson,QB,31.0,CLE,12,12,19.72,19.72,1,1,58,58,0,80.0%,75,30,24,8,6,0,121.90,260,2,2,238,7.93,9.92,0,0,0,0,0,0,0,0,0.0,0.0,7,0,2,22,0,22,3.14,100.0%,260,260.0,2,12,37,32.4%,12.0,-,-,7,NA,NA,NA,NA,2,0.286,NA,-,-,22.0,0.0,0.0%,NA,NA,NA,NA,NA,NA,NA,NA,NA,-,-,-,0,0.000,NA,NA,NA,NA,NA,NA,NA,NA,0.0,0,1000.0%,0.3333333333,255%,3.3%,0.361,3.7,3600.0%,+0.03,+9.10,0.3,23800.0%,50.0%,1,@ TB,20,·,13.9,5.8
2,11435,Emanuel Wilson,RB,27.4,SEA,28,24,9.20,9.2,1,0,70,29,0,0.0%,0,0,0,0,0,0,0.00,92,0,0,0,0.00,0.00,0,0,0,0,0,1,0,0,0.0,0.0,21,0,6,92,0,92,4.38,41.4%,92,92.0,0,6,22,27.3%,6.0,-,-,21,65,5,3.10,0.238,6,0.286,0.548,-,-,92.0,2.0,9.5%,13.0,0.62,7.0,5.0,4,0.00,0.000,0.250,3.8%,-,-,-,0,0.000,NA,NA,NA,NA,NA,NA,NA,NA,1.0,0,0.0%,NA,NA,NA,NA,NA,NA,NA,NA,NA,0.0%,NA,NA,@ ARI,28,·,2.0,7.2
2,13400,Justin Joly,TE,22.2,MIA,0,0,0.00,0,0,0,0,0,0,0.0%,0,0,0,0,0,0,0.00,0,0,0,0,0.00,0.00,0,0,0,0,0,0,0,0,0.0,0.0,0,0,0,0,0,0,0,-,0,0.0,0,0,0,NA,0.0,-,-,NA,NA,NA,NA,NA,0,NA,NA,-,-,0.0,NA,NA,NA,NA,NA,NA,NA,NA,NA,NA,NA,-,-,-,0,0.000,NA,NA,NA,NA,NA,NA,NA,NA,NA,NA,0.0%,NA,NA,NA,NA,NA,NA,NA,NA,NA,0.0%,NA,NA,@ SF,30,OUT,OUT,OUT
2,10226,Andrei Iosivas,WR,26.9,CIN,105,107,1.70,1.2,1,1,60,32,0,0.0%,0,0,0,0,0,0,0.00,0,0,0,0,0.00,0.00,1,6,0,0,0,1,1,7,7.0,7.0,0,0,0,7,0,0,0,53.3%,7,7.0,0,0,1,0.0%,0.0,-,-,0,NA,NA,NA,NA,0,NA,NA,-,-,0.0,NA,NA,NA,NA,NA,NA,23,0.30,0.000,0.043,3.2%,-,-,-,7,0.000,0.0,570%,0.0,1,0,0,1,0,1.0,1,0.0%,NA,NA,NA,NA,NA,NA,NA,NA,NA,0.0%,NA,NA,@ HOU,5,·,5.2,-3.5
2,8117,Jalen Tolbert,WR,27.6,MIA,0,0,0.00,0,0,0,0,0,0,0.0%,0,0,0,0,0,0,0.00,0,0,0,0,0.00,0.00,0,0,0,0,0,0,0,0,0.0,0.0,0,0,0,0,0,0,0,-,0,0.0,0,0,0,NA,0.0,-,-,NA,NA,NA,NA,NA,0,NA,NA,-,-,0.0,NA,NA,NA,NA,NA,NA,NA,NA,NA,NA,NA,-,-,-,0,0.000,NA,NA,NA,NA,NA,NA,NA,NA,NA,NA,0.0%,NA,NA,NA,NA,NA,NA,NA,NA,NA,0.0%,NA,NA,@ SF,28,OUT,OUT,OUT
2,4981,Calvin Ridley,WR,31.7,TEN,68,67,5.50,4.5,1,1,53,33,0,0.0%,0,0,0,0,0,0,0.00,0,0,0,0,0.00,0.00,2,27,0,2,0,2,8,35,17.5,17.5,0,0,0,35,0,0,0,62.3%,35,35.0,0,2,2,100.0%,2.0,-,-,0,NA,NA,NA,NA,0,NA,NA,-,-,0.0,NA,NA,NA,NA,NA,NA,13,2.69,0.154,0.154,10.0%,-,-,-,35,2.000,1.0,1280%,0.2,4,0,1,1,0,2.0,2,0.0%,NA,NA,NA,NA,NA,NA,NA,NA,NA,0.0%,NA,NA,vs PHI,10,·,5.1,0.4
2,9481,Luke Musgrave,TE,26.0,GB,999,999,0.00,0,0,0,0,0,0,0.0%,0,0,0,0,0,0,0.00,0,0,0,0,0.00,0.00,0,0,0,0,0,0,0,0,0.0,0.0,0,0,0,0,0,0,0,-,0,0.0,0,0,0,NA,0.0,-,-,NA,NA,NA,NA,NA,0,NA,NA,-,-,0.0,NA,NA,NA,NA,NA,NA,NA,NA,NA,NA,NA,-,-,-,0,0.000,NA,NA,NA,NA,NA,NA,NA,NA,NA,NA,0.0%,NA,NA,NA,NA,NA,NA,NA,NA,NA,0.0%,NA,NA,@ NYJ,23,PUP,PUP,PUP
2,8127,Charlie Kolar,TE,27.6,LAC,26,26,5.10,3.6,1,1,68,42,0,0.0%,0,0,0,0,0,0,0.00,0,0,0,0,0.00,0.00,3,11,0,1,0,3,10,21,7.0,7.0,0,0,0,21,0,0,0,61.8%,21,21.0,0,1,3,33.3%,1.0,-,-,0,NA,NA,NA,NA,0,NA,NA,-,-,0.0,NA,NA,NA,NA,NA,NA,11,1.91,0.091,0.273,11.1%,-,-,-,21,1.000,0.3,310%,0.0,3,0,0,1,0,3.0,3,0.0%,NA,NA,NA,NA,NA,NA,NA,NA,NA,0.0%,NA,NA,vs LV,31,OUT,3.9,1.2
2,11557,Joe Milton,QB,26.5,DAL,999,999,0.00,0,0,0,0,0,0,0.0%,0,0,0,0,0,0,0.00,0,0,0,0,0.00,0.00,0,0,0,0,0,0,0,0,0.0,0.0,0,0,0,0,0,0,0,-,0,0.0,0,0,0,NA,0.0,-,-,NA,NA,NA,NA,NA,0,NA,NA,-,-,0.0,NA,NA,NA,NA,NA,NA,NA,NA,NA,NA,NA,-,-,-,0,0.000,NA,NA,NA,NA,NA,NA,NA,NA,NA,NA,0.0%,NA,NA,NA,NA,NA,NA,NA,NA,NA,0.0%,NA,NA,vs WAS,8,·,·,·
2,12482,Savion Williams,WR,24.8,GB,999,999,0.00,0,0,0,0,0,0,0.0%,0,0,0,0,0,0,0.00,0,0,0,0,0.00,0.00,0,0,0,0,0,0,0,0,0.0,0.0,0,0,0,0,0,0,0,-,0,0.0,0,0,0,NA,0.0,-,-,NA,NA,NA,NA,NA,0,NA,NA,-,-,0.0,NA,NA,NA,NA,NA,NA,NA,NA,NA,NA,NA,-,-,-,0,0.000,NA,NA,NA,NA,NA,NA,NA,NA,NA,NA,0.0%,NA,NA,NA,NA,NA,NA,NA,NA,NA,0.0%,NA,NA,@ NYJ,23,IR,IR,IR
2,12543,Tahj Brooks,RB,24.3,CIN,999,999,0.00,0,1,0,60,1,0,0.0%,0,0,0,0,0,0,0.00,0,0,0,0,0.00,0.00,0,0,0,0,0,0,0,0,0.0,0.0,0,0,0,0,0,0,0,1.7%,0,0.0,0,0,0,NA,0.0,-,-,0,NA,NA,NA,NA,0,NA,NA,-,-,0.0,NA,NA,NA,NA,NA,NA,NA,NA,NA,NA,NA,-,-,-,0,0.000,NA,NA,NA,NA,NA,NA,NA,NA,0.0,0,0.0%,NA,NA,NA,NA,NA,NA,NA,NA,NA,0.0%,NA,NA,@ HOU,29,·,0.8,-0.8
2,13602,Jack Strand,QB,22.2,ATL,35,35,0.96,0.96,1,0,69,29,1,53.3%,7,15,8,4,7,1,35.10,75,2,0,59,3.93,7.38,0,0,0,0,0,0,0,0,0.0,0.0,2,0,2,16,0,16,8,42.0%,75,75.0,0,6,17,35.3%,6.0,-,-,2,NA,NA,NA,NA,2,1.000,NA,-,-,16.0,0.0,0.0%,NA,NA,NA,NA,NA,NA,NA,NA,NA,-,-,-,0,0.000,NA,NA,NA,NA,NA,NA,NA,NA,0.0,0,400.0%,0.2666666667,254%,0%,0.211,2.4,1900.0%,-0.18,-12.00,-0.6,5900.0%,63.2%,1,vs CAR,1,·,·,·
2,11596,Ben Sinnott,TE,24.2,WAS,51,51,1.60,1.1,1,1,71,48,0,0.0%,0,0,0,0,0,0,0.00,0,0,0,0,0.00,0.00,1,4,0,0,0,1,2,6,6.0,6.0,0,0,0,6,0,0,0,67.6%,6,6.0,0,0,1,0.0%,0.0,-,-,0,NA,NA,NA,NA,0,NA,NA,-,-,0.0,NA,NA,NA,NA,NA,NA,16,0.38,0.000,0.063,2.9%,-,-,-,6,0.000,0.0,350%,0.0,2,0,0,0,0,1.0,1,0.0%,NA,NA,NA,NA,NA,NA,NA,NA,NA,0.0%,NA,NA,@ DAL,1,·,4.3,-2.7
2,7670,Joshua Palmer,WR,27.0,BUF,30,22,11.30,10.8,1,0,74,28,0,0.0%,0,0,0,0,0,0,0.00,0,0,0,0,0.00,0.00,1,33,1,0,1,3,10,43,43.0,14.3,0,0,0,43,0,0,0,37.8%,43,43.0,1,1,3,33.3%,1.0,-,-,0,NA,NA,NA,NA,0,NA,NA,-,-,0.0,NA,NA,NA,NA,NA,NA,15,2.87,0.000,0.200,9.7%,-,-,-,43,1.000,1.0,1250%,0.2,10,0,1,0,0,3.0,1,0.0%,NA,NA,NA,NA,NA,NA,NA,NA,NA,0.0%,NA,NA,vs DET,2,·,2.2,9.1
2,11577,Will Shipley,RB,24.0,PHI,45,46,4.90,3.9,1,0,76,39,0,0.0%,0,0,0,0,0,0,0.00,24,0,0,0,0.00,0.00,2,0,0,0,0,2,5,5,2.5,2.5,7,0,1,29,0,24,3.43,51.3%,29,29.0,0,1,9,11.1%,1.0,-,-,7,18,4,2.50,0.571,1,0.143,0.821,-,-,24.0,0.0,0.0%,-5.0,-0.71,4.0,0.0,24,0.21,0.000,0.083,5.4%,-,-,-,5,0.000,0.0,NA,NA,3,NA,NA,NA,NA,2.0,2,0.0%,NA,NA,NA,NA,NA,NA,NA,NA,NA,0.0%,NA,NA,@ TEN,12,·,2.3,2.6
2,13404,Garrett Nussmeier,QB,24.6,KC,0,0,0.00,0,0,0,0,0,0,0.0%,0,0,0,0,0,0,0.00,0,0,0,0,0.00,0.00,0,0,0,0,0,0,0,0,0.0,0.0,0,0,0,0,0,0,0,-,0,0.0,0,0,0,NA,0.0,-,-,NA,NA,NA,NA,NA,0,NA,NA,-,-,0.0,NA,NA,NA,NA,NA,NA,NA,NA,NA,NA,NA,-,-,-,0,0.000,NA,NA,NA,NA,NA,NA,NA,NA,NA,NA,0.0%,NA,NA,NA,NA,NA,NA,NA,NA,NA,0.0%,NA,NA,vs IND,7,OUT,OUT,OUT
2,11579,Audric Estime,RB,23.0,NO,999,999,0.00,0,0,0,0,0,0,0.0%,0,0,0,0,0,0,0.00,0,0,0,0,0.00,0.00,0,0,0,0,0,0,0,0,0.0,0.0,0,0,0,0,0,0,0,-,0,0.0,0,0,0,NA,0.0,-,-,NA,NA,NA,NA,NA,0,NA,NA,-,-,0.0,NA,NA,NA,NA,NA,NA,NA,NA,NA,NA,NA,-,-,-,0,0.000,NA,NA,NA,NA,NA,NA,NA,NA,NA,NA,0.0%,NA,NA,NA,NA,NA,NA,NA,NA,NA,0.0%,NA,NA,@ BAL,10,IR,IR,IR
2,12500,Quinn Ewers,QB,23.3,JAX,0,0,0.00,0,0,0,0,0,0,0.0%,0,0,0,0,0,0,0.00,0,0,0,0,0.00,0.00,0,0,0,0,0,0,0,0,0.0,0.0,0,0,0,0,0,0,0,-,0,0.0,0,0,0,NA,0.0,-,-,NA,NA,NA,NA,NA,0,NA,NA,-,-,0.0,NA,NA,NA,NA,NA,NA,NA,NA,NA,NA,NA,-,-,-,0,0.000,NA,NA,NA,NA,NA,NA,NA,NA,NA,NA,0.0%,NA,NA,NA,NA,NA,NA,NA,NA,NA,0.0%,NA,NA,@ DEN,9,OUT,OUT,OUT
2,11237,Jacob Saylors,RB,25.5,DET,999,999,0.00,0,1,0,65,0,0,0.0%,0,0,0,0,0,0,0.00,0,0,0,0,0.00,0.00,0,0,0,0,0,0,0,0,0.0,0.0,0,0,0,0,0,0,0,0.0%,0,0.0,0,0,0,NA,0.0,-,-,0,NA,NA,NA,NA,0,NA,NA,-,-,0.0,NA,NA,NA,NA,NA,NA,NA,NA,NA,NA,NA,-,-,-,0,0.000,NA,NA,NA,NA,NA,NA,NA,NA,0.0,0,0.0%,NA,NA,NA,NA,NA,NA,NA,NA,NA,0.0%,NA,NA,@ BUF,6,·,0.9,-0.9
2,11592,Erick All,TE,26.0,CIN,39,43,2.50,1.5,1,0,60,25,0,0.0%,0,0,0,0,0,0,0.00,0,0,0,0,0.00,0.00,2,5,0,0,0,3,0,5,2.5,1.7,0,0,0,5,0,0,0,41.7%,5,5.0,0,0,3,0.0%,0.0,-,-,0,NA,NA,NA,NA,0,NA,NA,-,-,0.0,NA,NA,NA,NA,NA,NA,4,1.25,0.000,0.750,9.7%,-,-,-,5,0.000,0.0,-110%,0.0,0,0,0,1,0,3.0,2,0.0%,NA,NA,NA,NA,NA,NA,NA,NA,NA,0.0%,NA,NA,@ HOU,6,·,2.6,-0.1
2,11650,Luke McCaffrey,WR,25.4,WAS,0,0,0.00,0,0,0,0,0,0,0.0%,0,0,0,0,0,0,0.00,0,0,0,0,0.00,0.00,0,0,0,0,0,0,0,0,0.0,0.0,0,0,0,0,0,0,0,-,0,0.0,0,0,0,NA,0.0,-,-,NA,NA,NA,NA,NA,0,NA,NA,-,-,0.0,NA,NA,NA,NA,NA,NA,NA,NA,NA,NA,NA,-,-,-,0,0.000,NA,NA,NA,NA,NA,NA,NA,NA,NA,NA,0.0%,NA,NA,NA,NA,NA,NA,NA,NA,NA,0.0%,NA,NA,@ DAL,26,OUT,OUT,OUT
2,12470,Riley Leonard,QB,24.0,IND,0,0,0.00,0,0,0,0,0,0,0.0%,0,0,0,0,0,0,0.00,0,0,0,0,0.00,0.00,0,0,0,0,0,0,0,0,0.0,0.0,0,0,0,0,0,0,0,-,0,0.0,0,0,0,NA,0.0,-,-,NA,NA,NA,NA,NA,0,NA,NA,-,-,0.0,NA,NA,NA,NA,NA,NA,NA,NA,NA,NA,NA,-,-,-,0,0.000,NA,NA,NA,NA,NA,NA,NA,NA,NA,NA,0.0%,NA,NA,NA,NA,NA,NA,NA,NA,NA,0.0%,NA,NA,@ KC,32,OUT,OUT,OUT
2,7562,Tutu Atwell,WR,26.9,LAR,89,86,2.90,2.4,1,0,62,11,0,0.0%,0,0,0,0,0,0,0.00,0,0,0,0,0.00,0.00,1,19,0,1,0,2,0,19,19.0,9.5,0,0,0,19,0,0,0,17.7%,19,19.0,0,1,2,50.0%,1.0,-,-,0,NA,NA,NA,NA,0,NA,NA,-,-,0.0,NA,NA,NA,NA,NA,NA,10,1.90,0.100,0.200,6.5%,-,-,-,19,1.000,1.0,2980%,0.2,0,0,2,0,0,2.0,1,0.0%,NA,NA,NA,NA,NA,NA,NA,NA,NA,0.0%,NA,NA,vs NYG,15,·,2.4,0.6
2,12523,Jimmy Horn,WR,24.0,CAR,999,999,0.00,0,0,0,0,0,0,0.0%,0,0,0,0,0,0,0.00,0,0,0,0,0.00,0.00,0,0,0,0,0,0,0,0,0.0,0.0,0,0,0,0,0,0,0,-,0,0.0,0,0,0,NA,0.0,-,-,NA,NA,NA,NA,NA,0,NA,NA,-,-,0.0,NA,NA,NA,NA,NA,NA,NA,NA,NA,NA,NA,-,-,-,0,0.000,NA,NA,NA,NA,NA,NA,NA,NA,NA,NA,0.0%,NA,NA,NA,NA,NA,NA,NA,NA,NA,0.0%,NA,NA,@ ATL,25,·,·,·
2,11569,Jarquez Hunter,RB,23.7,MIA,999,999,0.00,0,0,0,0,0,0,0.0%,0,0,0,0,0,0,0.00,0,0,0,0,0.00,0.00,0,0,0,0,0,0,0,0,0.0,0.0,0,0,0,0,0,0,0,-,0,0.0,0,0,0,NA,0.0,-,-,NA,NA,NA,NA,NA,0,NA,NA,-,-,0.0,NA,NA,NA,NA,NA,NA,NA,NA,NA,NA,NA,-,-,-,0,0.000,NA,NA,NA,NA,NA,NA,NA,NA,NA,NA,0.0%,NA,NA,NA,NA,NA,NA,NA,NA,NA,0.0%,NA,NA,@ SF,15,·,·,·
2,8135,Treylon Burks,WR,26.5,WAS,999,999,0.00,0,1,0,71,21,0,0.0%,0,0,0,0,0,0,0.00,0,0,0,0,0.00,0.00,0,0,0,0,0,1,0,0,0.0,0.0,0,0,0,0,0,0,0,29.6%,0,0.0,0,0,1,0.0%,0.0,-,-,0,NA,NA,NA,NA,0,NA,NA,-,-,0.0,NA,NA,NA,NA,NA,NA,10,0.00,0.000,0.100,2.9%,-,-,-,0,0.000,NA,5280%,0.1,NA,0,1,0,0,1.0,0,0.0%,NA,NA,NA,NA,NA,NA,NA,NA,NA,0.0%,NA,NA,@ DAL,26,·,0.5,-0.5
2,11562,Spencer Rattler,QB,26.0,NO,999,999,0.00,0,0,0,68,0,0,0.0%,0,0,0,0,0,0,0.00,0,0,0,0,0.00,0.00,0,0,0,0,0,0,0,0,0.0,0.0,0,0,0,0,0,0,0,0.0%,0,0.0,0,0,0,NA,0.0,-,-,NA,NA,NA,NA,NA,0,NA,NA,-,-,0.0,NA,NA,NA,NA,NA,NA,NA,NA,NA,NA,NA,-,-,-,0,0.000,NA,NA,NA,NA,NA,NA,NA,NA,NA,NA,0.0%,NA,NA,NA,NA,NA,NA,NA,NA,NA,0.0%,NA,NA,@ BAL,28,·,·,·
2,13333,Deion Burks,WR,23.7,IND,112,104,1.40,1.4,1,0,65,3,0,0.0%,0,0,0,0,0,0,0.00,14,0,0,0,0.00,0.00,0,0,0,0,0,0,0,0,0.0,0.0,2,0,1,14,0,14,7,4.6%,14,14.0,0,1,2,50.0%,1.0,-,-,2,NA,NA,NA,NA,1,0.500,NA,-,-,14.0,NA,NA,NA,NA,NA,NA,1,0.00,0.000,0.000,0.0%,-,-,-,0,0.000,NA,0%,0.0,NA,0,0,0,0,0.0,0,0.0%,NA,NA,NA,NA,NA,NA,NA,NA,NA,0.0%,NA,NA,@ KC,31,·,0.3,1.1
2,7828,Noah Gray,TE,27.4,KC,999,999,0.00,0,1,1,80,40,0,0.0%,0,0,0,0,0,0,0.00,0,0,0,0,0.00,0.00,0,0,0,0,0,1,0,0,0.0,0.0,0,0,0,0,0,0,0,50.0%,0,0.0,0,0,1,0.0%,0.0,-,-,0,NA,NA,NA,NA,0,NA,NA,-,-,0.0,NA,NA,NA,NA,NA,NA,NA,NA,NA,NA,NA,-,-,-,0,0.000,NA,NA,NA,NA,NA,NA,NA,NA,1.0,0,0.0%,NA,NA,NA,NA,NA,NA,NA,NA,NA,0.0%,NA,NA,vs IND,18,·,4.2,-4.2
2,11623,Jordan Whittington,WR,26.0,LAR,0,0,0.00,0,0,0,0,0,0,0.0%,0,0,0,0,0,0,0.00,0,0,0,0,0.00,0.00,0,0,0,0,0,0,0,0,0.0,0.0,0,0,0,0,0,0,0,-,0,0.0,0,0,0,NA,0.0,-,-,NA,NA,NA,NA,NA,0,NA,NA,-,-,0.0,NA,NA,NA,NA,NA,NA,NA,NA,NA,NA,NA,-,-,-,0,0.000,NA,NA,NA,NA,NA,NA,NA,NA,NA,NA,0.0%,NA,NA,NA,NA,NA,NA,NA,NA,NA,0.0%,NA,NA,vs NYG,15,OUT,OUT,OUT
2,12476,Devin Neal,RB,23.1,FA,0,0,0.00,0,0,0,0,0,0,0.0%,0,0,0,0,0,0,0.00,0,0,0,0,0.00,0.00,0,0,0,0,0,0,0,0,0.0,0.0,0,0,0,0,0,0,0,-,0,0.0,0,0,0,NA,0.0,-,-,NA,NA,NA,NA,NA,0,NA,NA,-,-,0.0,NA,NA,NA,NA,NA,NA,NA,NA,NA,NA,NA,-,-,-,0,0.000,NA,NA,NA,NA,NA,NA,NA,NA,NA,NA,0.0%,NA,NA,NA,NA,NA,NA,NA,NA,NA,0.0%,NA,NA,NA,,Q,Q,Q
2,8147,John Metchie,WR,26.2,CAR,999,999,0.00,0,1,0,66,7,0,0.0%,0,0,0,0,0,0,0.00,0,0,0,0,0.00,0.00,0,0,0,0,0,0,0,0,0.0,0.0,0,0,0,0,0,0,0,10.6%,0,0.0,0,0,0,NA,0.0,-,-,0,NA,NA,NA,NA,0,NA,NA,-,-,0.0,NA,NA,NA,NA,NA,NA,4,0.00,0.000,0.000,0.0%,-,-,-,0,0.000,NA,0%,0.0,NA,0,0,0,0,0.0,0,0.0%,NA,NA,NA,NA,NA,NA,NA,NA,NA,0.0%,NA,NA,@ ATL,25,·,0.5,-0.5
2,4137,James Conner,RB,31.4,ARI,999,999,0.00,0,0,0,0,0,0,0.0%,0,0,0,0,0,0,0.00,0,0,0,0,0.00,0.00,0,0,0,0,0,0,0,0,0.0,0.0,0,0,0,0,0,0,0,-,0,0.0,0,0,0,NA,0.0,-,-,NA,NA,NA,NA,NA,0,NA,NA,-,-,0.0,NA,NA,NA,NA,NA,NA,NA,NA,NA,NA,NA,-,-,-,0,0.000,NA,NA,NA,NA,NA,NA,NA,NA,NA,NA,0.0%,NA,NA,NA,NA,NA,NA,NA,NA,NA,0.0%,NA,NA,vs SEA,22,IR,IR,IR
2,13307,Marlin Klein,TE,24.0,HOU,999,999,0.00,0,1,0,80,9,0,0.0%,0,0,0,0,0,0,0.00,0,0,0,0,0.00,0.00,0,0,0,0,0,0,0,0,0.0,0.0,0,0,0,0,0,0,0,11.3%,0,0.0,0,0,0,NA,0.0,-,-,0,NA,NA,NA,NA,0,NA,NA,-,-,0.0,NA,NA,NA,NA,NA,NA,NA,NA,NA,NA,NA,-,-,-,0,0.000,NA,NA,NA,NA,NA,NA,NA,NA,0.0,0,0.0%,NA,NA,NA,NA,NA,NA,NA,NA,NA,0.0%,NA,NA,vs CIN,29,·,2.9,-2.9
2,4993,Mike Gesicki,TE,31.0,CIN,999,999,0.00,0,1,0,60,21,0,0.0%,0,0,0,0,0,0,0.00,0,0,0,0,0.00,0.00,0,0,0,0,0,0,0,0,0.0,0.0,0,0,0,0,0,0,0,35.0%,0,0.0,0,0,0,NA,0.0,-,-,0,NA,NA,NA,NA,0,NA,NA,-,-,0.0,NA,NA,NA,NA,NA,NA,18,0.00,0.000,0.000,0.0%,-,-,-,0,0.000,NA,0%,0.0,NA,0,0,0,0,0.0,0,0.0%,NA,NA,NA,NA,NA,NA,NA,NA,NA,0.0%,NA,NA,@ HOU,6,·,5.7,-5.7
2,12496,Tai Felton,WR,23.5,MIN,999,999,0.00,0,1,0,52,0,0,0.0%,0,0,0,0,0,0,0.00,0,0,0,0,0.00,0.00,0,0,0,0,0,0,0,0,0.0,0.0,0,0,0,0,0,0,0,0.0%,0,0.0,0,0,0,NA,0.0,-,-,0,NA,NA,NA,NA,0,NA,NA,-,-,0.0,NA,NA,NA,NA,NA,NA,NA,NA,NA,NA,NA,-,-,-,0,0.000,NA,NA,NA,NA,NA,NA,NA,NA,0.0,0,0.0%,NA,NA,NA,NA,NA,NA,NA,NA,NA,0.0%,NA,NA,@ CHI,6,·,5.0,-5.0
2,11256,Tyson Bagent,QB,26.3,CHI,33,33,2.16,2.16,1,0,74,10,0,55.6%,44,9,5,2,4,0,73.40,54,1,0,54,6.00,10.80,0,0,0,0,0,0,0,0,0.0,0.0,0,0,0,0,0,0,0,13.5%,54,54.0,0,2,9,22.2%,2.0,-,-,0,NA,NA,NA,NA,0,NA,NA,-,-,0.0,0.0,NA,NA,NA,NA,NA,NA,NA,NA,NA,NA,-,-,-,0,0.000,NA,NA,NA,NA,NA,NA,NA,NA,0.0,0,200.0%,0.2222222222,316%,11.1%,0.3,9.6,1000.0%,+0.07,-3.40,-0.3,5400.0%,70.0%,1,vs MIN,11,Q,Q,Q
2,13324,Matthew Hibner,TE,24.5,BAL,999,999,0.00,0,1,0,58,19,0,0.0%,0,0,0,0,0,0,0.00,0,0,0,0,0.00,0.00,0,0,0,0,0,0,0,0,0.0,0.0,0,0,0,0,0,0,0,32.8%,0,0.0,0,0,0,NA,0.0,-,-,0,NA,NA,NA,NA,0,NA,NA,-,-,0.0,NA,NA,NA,NA,NA,NA,NA,NA,NA,NA,NA,-,-,-,0,0.000,NA,NA,NA,NA,NA,NA,NA,NA,0.0,0,0.0%,NA,NA,NA,NA,NA,NA,NA,NA,NA,0.0%,NA,NA,vs NO,21,·,2.3,-2.3
2,12670,KeAndre Lambert-Smith,WR,24.9,LAC,999,999,0.00,0,0,0,0,0,0,0.0%,0,0,0,0,0,0,0.00,0,0,0,0,0.00,0.00,0,0,0,0,0,0,0,0,0.0,0.0,0,0,0,0,0,0,0,-,0,0.0,0,0,0,NA,0.0,-,-,NA,NA,NA,NA,NA,0,NA,NA,-,-,0.0,NA,NA,NA,NA,NA,NA,NA,NA,NA,NA,NA,-,-,-,0,0.000,NA,NA,NA,NA,NA,NA,NA,NA,NA,NA,0.0%,NA,NA,NA,NA,NA,NA,NA,NA,NA,0.0%,NA,NA,vs LV,21,IR,IR,IR
2,13079,Jahdae Walker,WR,24.2,CHI,999,999,0.00,0,1,0,74,7,0,0.0%,0,0,0,0,0,0,0.00,0,0,0,0,0.00,0.00,0,0,0,0,0,0,0,0,0.0,0.0,0,0,0,0,0,0,0,9.5%,0,0.0,0,0,0,NA,0.0,-,-,0,NA,NA,NA,NA,0,NA,NA,-,-,0.0,NA,NA,NA,NA,NA,NA,4,0.00,0.000,0.000,0.0%,-,-,-,0,0.000,NA,0%,0.0,NA,0,0,0,0,0.0,0,0.0%,NA,NA,NA,NA,NA,NA,NA,NA,NA,0.0%,NA,NA,vs MIN,1,·,1.8,-1.8
2,13477,Colbie Young,WR,24.2,CIN,106,108,1.70,1.2,1,0,60,10,0,0.0%,0,0,0,0,0,0,0.00,0,0,0,0,0.00,0.00,1,6,0,0,0,1,1,7,7.0,7.0,0,0,0,7,0,0,0,16.7%,7,7.0,0,0,1,0.0%,0.0,-,-,0,NA,NA,NA,NA,0,NA,NA,-,-,0.0,NA,NA,NA,NA,NA,NA,4,1.75,0.000,0.250,3.2%,-,-,-,7,0.000,0.0,600%,0.0,1,0,0,1,0,1.0,1,0.0%,NA,NA,NA,NA,NA,NA,NA,NA,NA,0.0%,NA,NA,@ HOU,5,·,0.7,1.0
2,13270,CJ Daniels,WR,24.7,LAR,0,0,0.00,0,0,0,0,0,0,0.0%,0,0,0,0,0,0,0.00,0,0,0,0,0.00,0.00,0,0,0,0,0,0,0,0,0.0,0.0,0,0,0,0,0,0,0,-,0,0.0,0,0,0,NA,0.0,-,-,NA,NA,NA,NA,NA,0,NA,NA,-,-,0.0,NA,NA,NA,NA,NA,NA,NA,NA,NA,NA,NA,-,-,-,0,0.000,NA,NA,NA,NA,NA,NA,NA,NA,NA,NA,0.0%,NA,NA,NA,NA,NA,NA,NA,NA,NA,0.0%,NA,NA,vs NYG,15,OUT,OUT,OUT
2,5857,Noah Fant,TE,28.8,NO,999,999,0.00,0,1,1,68,30,0,0.0%,0,0,0,0,0,0,0.00,0,0,0,0,0.00,0.00,0,0,0,0,0,0,0,0,0.0,0.0,0,0,0,0,0,0,0,44.1%,0,0.0,0,0,0,NA,0.0,-,-,0,NA,NA,NA,NA,0,NA,NA,-,-,0.0,NA,NA,NA,NA,NA,NA,10,0.00,0.000,0.000,0.0%,-,-,-,0,0.000,NA,0%,0.0,NA,0,0,0,0,0.0,0,0.0%,NA,NA,NA,NA,NA,NA,NA,NA,NA,0.0%,NA,NA,@ BAL,20,·,5.2,-5.2
2,11199,Emari Demercado,RB,27.6,DAL,75,73,0.80,0.8,1,0,55,9,0,0.0%,0,0,0,0,0,0,0.00,8,0,0,0,0.00,0.00,0,0,0,0,0,0,0,0,0.0,0.0,3,0,0,8,0,8,2.67,16.4%,8,8.0,0,0,3,0.0%,0.0,-,-,3,7,1,2.30,0.333,0,0.000,0.563,-,-,8.0,0.0,0.0%,1.0,0.33,0.0,0.0,2,0.00,0.000,0.000,0.0%,-,-,-,0,0.000,NA,NA,NA,NA,NA,NA,NA,NA,0.0,0,0.0%,NA,NA,NA,NA,NA,NA,NA,NA,NA,0.0%,NA,NA,vs WAS,24,·,4.8,-4.0
2,8225,Daniel Bellinger,TE,26.0,TEN,999,999,0.00,0,1,0,53,24,0,0.0%,0,0,0,0,0,0,0.00,0,0,0,0,0.00,0.00,0,0,0,0,0,1,0,0,0.0,0.0,0,0,0,0,0,0,0,45.3%,0,0.0,0,0,1,0.0%,0.0,-,-,0,NA,NA,NA,NA,0,NA,NA,-,-,0.0,NA,NA,NA,NA,NA,NA,NA,NA,NA,NA,NA,-,-,-,0,0.000,NA,NA,NA,NA,NA,NA,NA,NA,1.0,0,0.0%,NA,NA,NA,NA,NA,NA,NA,NA,NA,0.0%,NA,NA,vs PHI,28,·,3.9,-3.9
2,11629,Devontez Walker,WR,25.2,BAL,65,57,5.70,5.2,1,0,58,17,0,0.0%,0,0,0,0,0,0,0.00,0,0,0,0,0.00,0.00,1,46,0,1,0,2,1,47,47.0,23.5,0,0,0,47,0,0,0,29.3%,47,47.0,0,1,2,50.0%,1.0,-,-,0,NA,NA,NA,NA,0,NA,NA,-,-,0.0,NA,NA,NA,NA,NA,NA,14,3.36,0.071,0.143,6.5%,-,-,-,47,1.000,1.0,2820%,0.2,1,0,2,0,0,2.0,1,0.0%,NA,NA,NA,NA,NA,NA,NA,NA,NA,0.0%,NA,NA,vs NO,11,·,4.8,0.9
2,12457,Jaydon Blue,RB,22.7,PHI,999,999,0.00,0,0,0,0,0,0,0.0%,0,0,0,0,0,0,0.00,0,0,0,0,0.00,0.00,0,0,0,0,0,0,0,0,0.0,0.0,0,0,0,0,0,0,0,-,0,0.0,0,0,0,NA,0.0,-,-,NA,NA,NA,NA,NA,0,NA,NA,-,-,0.0,NA,NA,NA,NA,NA,NA,NA,NA,NA,NA,NA,-,-,-,0,0.000,NA,NA,NA,NA,NA,NA,NA,NA,NA,NA,0.0%,NA,NA,NA,NA,NA,NA,NA,NA,NA,0.0%,NA,NA,@ TEN,12,·,·,·
2,6039,Ty Johnson,RB,29.0,BUF,0,0,0.00,0,0,0,0,0,0,0.0%,0,0,0,0,0,0,0.00,0,0,0,0,0.00,0.00,0,0,0,0,0,0,0,0,0.0,0.0,0,0,0,0,0,0,0,-,0,0.0,0,0,0,NA,0.0,-,-,NA,NA,NA,NA,NA,0,NA,NA,-,-,0.0,NA,NA,NA,NA,NA,NA,NA,NA,NA,NA,NA,-,-,-,0,0.000,NA,NA,NA,NA,NA,NA,NA,NA,NA,NA,0.0%,NA,NA,NA,NA,NA,NA,NA,NA,NA,0.0%,NA,NA,vs DET,16,OUT,OUT,OUT
2,5848,Marquise Brown,WR,29.3,PHI,115,109,1.20,1.2,1,0,76,17,0,0.0%,0,0,0,0,0,0,0.00,12,0,0,0,0.00,0.00,0,0,0,0,0,0,0,0,0.0,0.0,2,0,0,12,0,12,6,22.4%,12,12.0,0,0,2,0.0%,0.0,-,-,2,NA,NA,NA,NA,0,0.000,NA,-,-,12.0,NA,NA,NA,NA,NA,NA,8,0.00,0.000,0.000,0.0%,-,-,-,0,0.000,NA,0%,0.0,NA,0,0,0,0,0.0,0,0.0%,NA,NA,NA,NA,NA,NA,NA,NA,NA,0.0%,NA,NA,@ TEN,16,·,2.1,-0.9
2,2505,Darren Waller,TE,34.0,CAR,5,5,18.30,16.8,1,1,66,29,0,0.0%,0,0,0,0,0,0,0.00,0,0,0,0,0.00,0.00,3,26,0,1,2,3,7,33,11.0,11.0,0,0,0,33,0,0,0,43.9%,33,33.0,2,3,3,100.0%,3.0,-,-,0,NA,NA,NA,NA,0,NA,NA,-,-,0.0,NA,NA,NA,NA,NA,NA,21,1.57,0.048,0.143,8.3%,-,-,-,33,3.000,1.0,1000%,0.1,2,2,1,2,2,3.0,3,0.0%,NA,NA,NA,NA,NA,NA,NA,NA,NA,0.0%,NA,NA,@ ATL,7,·,6.6,11.7
2,10444,Cedric Tillman,WR,26.4,NO,999,999,0.00,0,0,0,0,0,0,0.0%,0,0,0,0,0,0,0.00,0,0,0,0,0.00,0.00,0,0,0,0,0,0,0,0,0.0,0.0,0,0,0,0,0,0,0,-,0,0.0,0,0,0,NA,0.0,-,-,NA,NA,NA,NA,NA,0,NA,NA,-,-,0.0,NA,NA,NA,NA,NA,NA,NA,NA,NA,NA,NA,-,-,-,0,0.000,NA,NA,NA,NA,NA,NA,NA,NA,NA,NA,0.0%,NA,NA,NA,NA,NA,NA,NA,NA,NA,0.0%,NA,NA,@ BAL,22,·,·,·
2,6271,Olamide Zaccheaus,WR,29.2,ATL,113,114,1.30,0.8,1,1,69,30,0,0.0%,0,0,0,0,0,0,0.00,0,0,0,0,0.00,0.00,1,2,0,0,0,3,1,3,3.0,1.0,0,0,0,3,0,0,0,43.5%,3,3.0,0,0,3,0.0%,0.0,-,-,0,NA,NA,NA,NA,0,NA,NA,-,-,0.0,NA,NA,NA,NA,NA,NA,20,0.15,0.000,0.150,9.4%,-,-,-,3,0.000,0.0,250%,0.0,1,0,0,2,0,3.0,1,0.0%,NA,NA,NA,NA,NA,NA,NA,NA,NA,0.0%,NA,NA,vs CAR,9,·,4.2,-2.9
2,11599,Cade Stover,TE,26.3,HOU,999,999,0.00,0,1,0,80,8,0,0.0%,0,0,0,0,0,0,0.00,0,0,0,0,0.00,0.00,0,0,0,0,0,0,0,0,0.0,0.0,0,0,0,0,0,0,0,10.0%,0,0.0,0,0,0,NA,0.0,-,-,0,NA,NA,NA,NA,0,NA,NA,-,-,0.0,NA,NA,NA,NA,NA,NA,NA,NA,NA,NA,NA,-,-,-,0,0.000,NA,NA,NA,NA,NA,NA,NA,NA,0.0,0,0.0%,NA,NA,NA,NA,NA,NA,NA,NA,NA,0.0%,NA,NA,vs CIN,29,·,1.8,-1.8
2,11994,Kameron Johnson,WR,24.5,TB,999,999,0.00,0,1,0,65,0,0,0.0%,0,0,0,0,0,0,0.00,0,0,0,0,0.00,0.00,0,0,0,0,0,0,0,0,0.0,0.0,0,0,0,0,0,0,0,0.0%,0,0.0,0,0,0,NA,0.0,-,-,0,NA,NA,NA,NA,0,NA,NA,-,-,0.0,NA,NA,NA,NA,NA,NA,NA,NA,NA,NA,NA,-,-,-,0,0.000,NA,NA,NA,NA,NA,NA,NA,NA,0.0,0,0.0%,NA,NA,NA,NA,NA,NA,NA,NA,NA,0.0%,NA,NA,vs CLE,3,·,0.5,-0.5
2,2306,Jameis Winston,QB,32.7,NYG,32,32,3.54,3.54,1,0,58,51,0,40.7%,58,27,11,6,16,1,37.70,112,2,0,111,4.11,10.09,0,0,0,0,0,0,0,0,0.0,0.0,2,0,1,1,0,1,0.5,87.9%,112,112.0,0,7,29,24.1%,7.0,-,-,2,NA,NA,NA,NA,1,0.500,NA,-,-,1.0,0.0,0.0%,NA,NA,NA,NA,NA,NA,NA,NA,NA,-,-,-,0,0.000,NA,NA,NA,NA,NA,NA,NA,NA,0.0,0,600.0%,0.2222222222,286%,18.5%,0.586,10.1,2900.0%,-0.12,-17.80,-0.6,11100.0%,34.5%,1,@ LAR,10,·,·,·
2,7694,Tommy Tremble,TE,26.3,CAR,53,54,1.40,0.9,1,1,66,37,1,0.0%,0,0,0,0,0,0,0.00,0,0,0,0,0.00,0.00,1,0,1,0,0,2,4,4,4.0,2.0,0,0,0,4,0,0,0,56.1%,4,4.0,0,0,2,0.0%,0.0,-,-,0,NA,NA,NA,NA,0,NA,NA,-,-,0.0,NA,NA,NA,NA,NA,NA,17,0.24,0.000,0.118,5.6%,-,-,-,4,0.000,0.0,900%,0.1,4,1,1,1,0,2.0,1,0.0%,NA,NA,NA,NA,NA,NA,NA,NA,NA,0.0%,NA,NA,@ ATL,7,·,3.8,-2.4
2,4454,Kendrick Bourne,WR,31.1,ARI,88,90,3.10,2.1,1,0,50,30,0,0.0%,0,0,0,0,0,0,0.00,0,0,0,0,0.00,0.00,2,7,1,0,0,3,4,11,5.5,3.7,0,0,0,11,0,0,0,60.0%,11,11.0,0,0,3,0.0%,0.0,-,-,0,NA,NA,NA,NA,0,NA,NA,-,-,0.0,NA,NA,NA,NA,NA,NA,22,0.50,0.000,0.136,10.7%,-,-,-,11,0.000,0.0,220%,0.1,2,0,0,1,0,3.0,2,0.0%,NA,NA,NA,NA,NA,NA,NA,NA,NA,0.0%,NA,NA,vs SEA,27,·,4.2,-1.1
2,7587,Dyami Brown,WR,26.9,WAS,77,88,4.10,2.1,1,1,71,39,1,100.0%,-6,1,1,0,0,0,79.20,0,0,0,0,0.00,0.00,4,18,1,2,0,6,3,21,5.3,3.5,0,0,0,21,0,0,0,54.9%,21,21.0,0,2,7,28.6%,2.0,-,-,0,NA,NA,NA,NA,0,NA,NA,-,-,0.0,NA,NA,NA,NA,NA,NA,23,0.91,0.087,0.261,17.1%,-,-,-,21,2.000,0.5,900%,0.1,1,1,2,1,1,6.0,4,0.0%,0,NA,NA,NA,NA,NA,NA,NA,NA,0.0%,NA,NA,@ DAL,26,·,2.5,1.6
2,12472,Raheim Sanders,RB,24.3,CLE,65,66,2.10,1.6,1,0,58,11,0,0.0%,0,0,0,0,0,0,0.00,4,0,0,0,0.00,0.00,1,-4,0,0,0,1,11,7,7.0,7.0,2,0,0,11,0,4,2,19.0%,11,11.0,0,0,3,0.0%,0.0,-,-,2,3,0,1.60,0.000,0,0.000,0.160,-,-,4.0,0.0,0.0%,-1.0,-0.50,0.0,0.0,7,1.00,0.000,0.143,3.3%,-,-,-,7,0.000,0.0,NA,NA,11,NA,NA,NA,NA,1.0,1,0.0%,NA,NA,NA,NA,NA,NA,NA,NA,NA,0.0%,NA,NA,@ TB,13,·,5.2,-3.1
2,3271,Tyler Higbee,TE,33.7,LAR,999,999,0.00,0,1,0,62,16,0,0.0%,0,0,0,0,0,0,0.00,0,0,0,0,0.00,0.00,0,0,0,0,0,0,0,0,0.0,0.0,0,0,0,0,0,0,0,25.8%,0,0.0,0,0,0,NA,0.0,-,-,0,NA,NA,NA,NA,0,NA,NA,-,-,0.0,NA,NA,NA,NA,NA,NA,3,0.00,0.000,0.000,0.0%,-,-,-,0,0.000,NA,0%,0.0,NA,0,0,0,0,0.0,0,0.0%,NA,NA,NA,NA,NA,NA,NA,NA,NA,0.0%,NA,NA,vs NYG,24,·,2.5,-2.5
2,13282,Jack Endries,TE,22.5,CIN,999,999,0.00,0,1,0,60,1,0,0.0%,0,0,0,0,0,0,0.00,0,0,0,0,0.00,0.00,0,0,0,0,0,0,0,0,0.0,0.0,0,0,0,0,0,0,0,1.7%,0,0.0,0,0,0,NA,0.0,-,-,0,NA,NA,NA,NA,0,NA,NA,-,-,0.0,NA,NA,NA,NA,NA,NA,NA,NA,NA,NA,NA,-,-,-,0,0.000,NA,NA,NA,NA,NA,NA,NA,NA,0.0,0,0.0%,NA,NA,NA,NA,NA,NA,NA,NA,NA,0.0%,NA,NA,@ HOU,6,·,0.6,-0.6
2,11651,Isaac Guerendo,RB,26.2,SF,999,999,0.00,0,0,0,0,0,0,0.0%,0,0,0,0,0,0,0.00,0,0,0,0,0.00,0.00,0,0,0,0,0,0,0,0,0.0,0.0,0,0,0,0,0,0,0,-,0,0.0,0,0,0,NA,0.0,-,-,NA,NA,NA,NA,NA,0,NA,NA,-,-,0.0,NA,NA,NA,NA,NA,NA,NA,NA,NA,NA,NA,-,-,-,0,0.000,NA,NA,NA,NA,NA,NA,NA,NA,NA,NA,0.0%,NA,NA,NA,NA,NA,NA,NA,NA,NA,0.0%,NA,NA,vs MIA,4,PUP,PUP,PUP
2,7596,Elijah Moore,WR,26.5,PHI,0,0,0.00,0,0,0,0,0,0,0.0%,0,0,0,0,0,0,0.00,0,0,0,0,0.00,0.00,0,0,0,0,0,0,0,0,0.0,0.0,0,0,0,0,0,0,0,-,0,0.0,0,0,0,NA,0.0,-,-,NA,NA,NA,NA,NA,0,NA,NA,-,-,0.0,NA,NA,NA,NA,NA,NA,NA,NA,NA,NA,NA,-,-,-,0,0.000,NA,NA,NA,NA,NA,NA,NA,NA,NA,NA,0.0%,NA,NA,NA,NA,NA,NA,NA,NA,NA,0.0%,NA,NA,@ TEN,16,OUT,OUT,OUT
2,6130,Devin Singletary,RB,29.0,NYG,74,72,0.90,0.9,1,0,58,15,0,0.0%,0,0,0,0,0,0,0.00,9,0,0,0,0.00,0.00,0,0,0,0,0,1,0,0,0.0,0.0,3,0,0,9,0,9,3,25.9%,9,9.0,0,0,4,0.0%,0.0,-,-,3,7,0,2.20,0.000,0,0.000,0.220,-,-,9.0,0.0,0.0%,-1.0,-0.33,0.0,0.0,10,0.00,0.000,0.100,3.1%,-,-,-,0,0.000,NA,NA,NA,NA,NA,NA,NA,NA,1.0,0,0.0%,NA,NA,NA,NA,NA,NA,NA,NA,NA,0.0%,NA,NA,@ LAR,19,·,4.4,-3.5
2,11616,Jacob Cowing,WR,25.6,SF,999,999,0.00,0,1,0,52,24,0,0.0%,0,0,0,0,0,0,0.00,0,0,0,0,0.00,0.00,0,0,0,0,0,0,0,0,0.0,0.0,0,0,0,0,0,0,0,46.2%,0,0.0,0,0,0,NA,0.0,-,-,0,NA,NA,NA,NA,0,NA,NA,-,-,0.0,NA,NA,NA,NA,NA,NA,7,0.00,0.000,0.000,0.0%,-,-,-,0,0.000,NA,0%,0.0,NA,0,0,0,0,0.0,0,0.0%,NA,NA,NA,NA,NA,NA,NA,NA,NA,0.0%,NA,NA,vs MIA,24,·,0.6,-0.6
2,13408,Tanner Koziol,TE,23.6,JAX,0,0,0.00,0,0,0,0,0,0,0.0%,0,0,0,0,0,0,0.00,0,0,0,0,0.00,0.00,0,0,0,0,0,0,0,0,0.0,0.0,0,0,0,0,0,0,0,-,0,0.0,0,0,0,NA,0.0,-,-,NA,NA,NA,NA,NA,0,NA,NA,-,-,0.0,NA,NA,NA,NA,NA,NA,NA,NA,NA,NA,NA,-,-,-,0,0.000,NA,NA,NA,NA,NA,NA,NA,NA,NA,NA,0.0%,NA,NA,NA,NA,NA,NA,NA,NA,NA,0.0%,NA,NA,@ DEN,13,OUT,OUT,OUT
2,12634,Jordan Watkins,WR,24.6,SF,0,0,0.00,0,0,0,0,0,0,0.0%,0,0,0,0,0,0,0.00,0,0,0,0,0.00,0.00,0,0,0,0,0,0,0,0,0.0,0.0,0,0,0,0,0,0,0,-,0,0.0,0,0,0,NA,0.0,-,-,NA,NA,NA,NA,NA,0,NA,NA,-,-,0.0,NA,NA,NA,NA,NA,NA,NA,NA,NA,NA,NA,-,-,-,0,0.000,NA,NA,NA,NA,NA,NA,NA,NA,NA,NA,0.0%,NA,NA,NA,NA,NA,NA,NA,NA,NA,0.0%,NA,NA,vs MIA,24,OUT,OUT,OUT
2,11617,Malachi Corley,WR,24.5,CLE,999,999,0.00,0,1,0,58,0,0,0.0%,0,0,0,0,0,0,0.00,0,0,0,0,0.00,0.00,0,0,0,0,0,0,0,0,0.0,0.0,0,0,0,0,0,0,0,0.0%,0,0.0,0,0,0,NA,0.0,-,-,0,NA,NA,NA,NA,0,NA,NA,-,-,0.0,NA,NA,NA,NA,NA,NA,NA,NA,NA,NA,NA,-,-,-,0,0.000,NA,NA,NA,NA,NA,NA,NA,NA,0.0,0,0.0%,NA,NA,NA,NA,NA,NA,NA,NA,NA,0.0%,NA,NA,@ TB,29,·,0.2,-0.2
2,12718,Konata Mumpfield,WR,23.9,LAR,95,94,2.20,1.7,1,0,62,43,0,0.0%,0,0,0,0,0,0,0.00,0,0,0,0,0.00,0.00,1,4,1,1,0,2,8,12,12.0,6.0,0,0,0,12,0,0,0,69.4%,12,12.0,0,1,2,50.0%,1.0,-,-,0,NA,NA,NA,NA,0,NA,NA,-,-,0.0,NA,NA,NA,NA,NA,NA,20,0.60,0.050,0.100,6.5%,-,-,-,12,1.000,1.0,1140%,0.1,8,0,1,1,0,2.0,1,0.0%,NA,NA,NA,NA,NA,NA,NA,NA,NA,0.0%,NA,NA,vs NYG,15,·,3.5,-1.3
2,9492,Trey Palmer,WR,25.4,NO,999,999,0.00,0,0,0,0,0,0,0.0%,0,0,0,0,0,0,0.00,0,0,0,0,0.00,0.00,0,0,0,0,0,0,0,0,0.0,0.0,0,0,0,0,0,0,0,-,0,0.0,0,0,0,NA,0.0,-,-,NA,NA,NA,NA,NA,0,NA,NA,-,-,0.0,NA,NA,NA,NA,NA,NA,NA,NA,NA,NA,NA,-,-,-,0,0.000,NA,NA,NA,NA,NA,NA,NA,NA,NA,NA,0.0%,NA,NA,NA,NA,NA,NA,NA,NA,NA,0.0%,NA,NA,@ BAL,22,·,·,·
2,13401,Michael Trigg,TE,24.2,DAL,999,999,0.00,0,0,0,0,0,0,0.0%,0,0,0,0,0,0,0.00,0,0,0,0,0.00,0.00,0,0,0,0,0,0,0,0,0.0,0.0,0,0,0,0,0,0,0,-,0,0.0,0,0,0,NA,0.0,-,-,NA,NA,NA,NA,NA,0,NA,NA,-,-,0.0,NA,NA,NA,NA,NA,NA,NA,NA,NA,NA,NA,-,-,-,0,0.000,NA,NA,NA,NA,NA,NA,NA,NA,NA,NA,0.0%,NA,NA,NA,NA,NA,NA,NA,NA,NA,0.0%,NA,NA,vs WAS,3,·,·,·
2,11570,Rasheen Ali,RB,25.6,BAL,999,999,0.00,0,1,0,58,0,0,0.0%,0,0,0,0,0,0,0.00,0,0,0,0,0.00,0.00,0,0,0,0,0,0,0,0,0.0,0.0,0,0,0,0,0,0,0,0.0%,0,0.0,0,0,0,NA,0.0,-,-,0,NA,NA,NA,NA,0,NA,NA,-,-,0.0,NA,NA,NA,NA,NA,NA,NA,NA,NA,NA,NA,-,-,-,0,0.000,NA,NA,NA,NA,NA,NA,NA,NA,0.0,0,0.0%,NA,NA,NA,NA,NA,NA,NA,NA,NA,0.0%,NA,NA,vs NO,5,·,0.2,-0.2
2,12486,Dillon Gabriel,QB,25.7,CLE,999,999,0.00,0,0,0,0,0,0,0.0%,0,0,0,0,0,0,0.00,0,0,0,0,0.00,0.00,0,0,0,0,0,0,0,0,0.0,0.0,0,0,0,0,0,0,0,-,0,0.0,0,0,0,NA,0.0,-,-,NA,NA,NA,NA,NA,0,NA,NA,-,-,0.0,NA,NA,NA,NA,NA,NA,NA,NA,NA,NA,NA,-,-,-,0,0.000,NA,NA,NA,NA,NA,NA,NA,NA,NA,NA,0.0%,NA,NA,NA,NA,NA,NA,NA,NA,NA,0.0%,NA,NA,@ TB,20,IR,IR,IR
2,7585,Davis Mills,QB,27.9,HOU,999,999,0.00,0,0,0,80,0,0,0.0%,0,0,0,0,0,0,0.00,0,0,0,0,0.00,0.00,0,0,0,0,0,0,0,0,0.0,0.0,0,0,0,0,0,0,0,0.0%,0,0.0,0,0,0,NA,0.0,-,-,NA,NA,NA,NA,NA,0,NA,NA,-,-,0.0,NA,NA,NA,NA,NA,NA,NA,NA,NA,NA,NA,-,-,-,0,0.000,NA,NA,NA,NA,NA,NA,NA,NA,NA,NA,0.0%,NA,NA,NA,NA,NA,NA,NA,NA,NA,0.0%,NA,NA,vs CIN,27,·,·,·
2,7083,Tyler Huntley,QB,28.6,BAL,999,999,0.00,0,0,0,58,0,0,0.0%,0,0,0,0,0,0,0.00,0,0,0,0,0.00,0.00,0,0,0,0,0,0,0,0,0.0,0.0,0,0,0,0,0,0,0,0.0%,0,0.0,0,0,0,NA,0.0,-,-,NA,NA,NA,NA,NA,0,NA,NA,-,-,0.0,NA,NA,NA,NA,NA,NA,NA,NA,NA,NA,NA,-,-,-,0,0.000,NA,NA,NA,NA,NA,NA,NA,NA,NA,NA,0.0%,NA,NA,NA,NA,NA,NA,NA,NA,NA,0.0%,NA,NA,vs NO,17,·,·,·
2,10225,Jonathan Mingo,WR,25.4,DAL,999,999,0.00,0,1,0,55,11,0,0.0%,0,0,0,0,0,0,0.00,0,0,0,0,0.00,0.00,0,0,0,0,0,0,0,0,0.0,0.0,0,0,0,0,0,0,0,20.0%,0,0.0,0,0,0,NA,0.0,-,-,0,NA,NA,NA,NA,0,NA,NA,-,-,0.0,NA,NA,NA,NA,NA,NA,4,0.00,0.000,0.000,0.0%,-,-,-,0,0.000,NA,0%,0.0,NA,0,0,0,0,0.0,0,0.0%,NA,NA,NA,NA,NA,NA,NA,NA,NA,0.0%,NA,NA,vs WAS,19,·,0.5,-0.5
2,5970,Greg Dortch,WR,28.3,BUF,999,999,0.00,0,1,0,74,4,0,0.0%,0,0,0,0,0,0,0.00,0,0,0,0,0.00,0.00,0,0,0,0,0,0,0,0,0.0,0.0,0,0,0,0,0,0,0,5.4%,0,0.0,0,0,0,NA,0.0,-,-,0,NA,NA,NA,NA,0,NA,NA,-,-,0.0,NA,NA,NA,NA,NA,NA,NA,NA,NA,NA,NA,-,-,-,0,0.000,NA,NA,NA,NA,NA,NA,NA,NA,0.0,0,0.0%,NA,NA,NA,NA,NA,NA,NA,NA,NA,0.0%,NA,NA,vs DET,2,·,·,·
2,11439,Jaleel McLaughlin,RB,26.0,CLE,79,79,0.30,0.3,1,0,58,8,0,0.0%,0,0,0,0,0,0,0.00,3,0,0,0,0.00,0.00,0,0,0,0,0,1,0,0,0.0,0.0,1,0,0,3,0,3,3,13.8%,3,3.0,0,0,2,0.0%,0.0,-,-,1,3,0,3.20,0.000,0,0.000,0.320,-,-,3.0,0.0,0.0%,-2.0,-2.00,0.0,0.0,4,0.00,0.000,0.250,3.3%,-,-,-,0,0.000,NA,NA,NA,NA,NA,NA,NA,NA,1.0,0,0.0%,NA,NA,NA,NA,NA,NA,NA,NA,NA,0.0%,NA,NA,@ TB,13,·,1.8,-1.5
2,8125,Calvin Austin III,WR,27.5,NYG,999,999,0.00,0,0,0,0,0,0,0.0%,0,0,0,0,0,0,0.00,0,0,0,0,0.00,0.00,0,0,0,0,0,0,0,0,0.0,0.0,0,0,0,0,0,0,0,-,0,0.0,0,0,0,NA,0.0,-,-,NA,NA,NA,NA,NA,0,NA,NA,-,-,0.0,NA,NA,NA,NA,NA,NA,NA,NA,NA,NA,NA,-,-,-,0,0.000,NA,NA,NA,NA,NA,NA,NA,NA,NA,NA,0.0%,NA,NA,NA,NA,NA,NA,NA,NA,NA,0.0%,NA,NA,@ LAR,4,IR,IR,IR
2,13348,J'Mari Taylor,RB,24.6,JAX,999,999,0.00,0,0,0,0,0,0,0.0%,0,0,0,0,0,0,0.00,0,0,0,0,0.00,0.00,0,0,0,0,0,0,0,0,0.0,0.0,0,0,0,0,0,0,0,-,0,0.0,0,0,0,NA,0.0,-,-,NA,NA,NA,NA,NA,0,NA,NA,-,-,0.0,NA,NA,NA,NA,NA,NA,NA,NA,NA,NA,NA,-,-,-,0,0.000,NA,NA,NA,NA,NA,NA,NA,NA,NA,NA,0.0%,NA,NA,NA,NA,NA,NA,NA,NA,NA,0.0%,NA,NA,@ DEN,2,·,·,·
2,12520,Xavier Restrepo,WR,24.4,TEN,999,999,0.00,0,0,0,0,0,0,0.0%,0,0,0,0,0,0,0.00,0,0,0,0,0.00,0.00,0,0,0,0,0,0,0,0,0.0,0.0,0,0,0,0,0,0,0,-,0,0.0,0,0,0,NA,0.0,-,-,NA,NA,NA,NA,NA,0,NA,NA,-,-,0.0,NA,NA,NA,NA,NA,NA,NA,NA,NA,NA,NA,-,-,-,0,0.000,NA,NA,NA,NA,NA,NA,NA,NA,NA,NA,0.0%,NA,NA,NA,NA,NA,NA,NA,NA,NA,0.0%,NA,NA,vs PHI,10,·,·,·
2,12473,Mitchell Evans,TE,23.5,CAR,43,41,2.30,1.8,1,0,66,38,0,0.0%,0,0,0,0,0,0,0.00,0,0,0,0,0.00,0.00,1,-1,0,0,0,1,14,13,13.0,13.0,0,0,0,13,0,0,0,57.6%,13,13.0,0,0,1,0.0%,0.0,-,-,0,NA,NA,NA,NA,0,NA,NA,-,-,0.0,NA,NA,NA,NA,NA,NA,12,1.08,0.000,0.083,2.8%,-,-,-,13,0.000,0.0,-140%,0.0,14,0,0,1,0,1.0,1,0.0%,NA,NA,NA,NA,NA,NA,NA,NA,NA,0.0%,NA,NA,@ ATL,7,·,1.0,1.3
2,9497,Jalin Hyatt,WR,25.0,NYG,999,999,0.00,0,0,0,0,0,0,0.0%,0,0,0,0,0,0,0.00,0,0,0,0,0.00,0.00,0,0,0,0,0,0,0,0,0.0,0.0,0,0,0,0,0,0,0,-,0,0.0,0,0,0,NA,0.0,-,-,NA,NA,NA,NA,NA,0,NA,NA,-,-,0.0,NA,NA,NA,NA,NA,NA,NA,NA,NA,NA,NA,-,-,-,0,0.000,NA,NA,NA,NA,NA,NA,NA,NA,NA,NA,0.0%,NA,NA,NA,NA,NA,NA,NA,NA,NA,0.0%,NA,NA,@ LAR,4,·,·,·
2,6943,Gabriel Davis,WR,27.5,FA,0,0,0.00,0,0,0,0,0,0,0.0%,0,0,0,0,0,0,0.00,0,0,0,0,0.00,0.00,0,0,0,0,0,0,0,0,0.0,0.0,0,0,0,0,0,0,0,-,0,0.0,0,0,0,NA,0.0,-,-,NA,NA,NA,NA,NA,0,NA,NA,-,-,0.0,NA,NA,NA,NA,NA,NA,NA,NA,NA,NA,NA,-,-,-,0,0.000,NA,NA,NA,NA,NA,NA,NA,NA,NA,NA,0.0%,NA,NA,NA,NA,NA,NA,NA,NA,NA,0.0%,NA,NA,NA,,Q,Q,Q
2,4177,Mack Hollins,WR,33.0,NE,83,84,3.80,2.8,1,0,55,39,0,0.0%,0,0,0,0,0,0,0.00,0,0,0,0,0.00,0.00,2,12,0,1,0,2,6,18,9.0,9.0,0,0,0,18,0,0,0,70.9%,18,18.0,0,1,2,50.0%,1.0,-,-,0,NA,NA,NA,NA,0,NA,NA,-,-,0.0,NA,NA,NA,NA,NA,NA,20,0.90,0.050,0.100,9.1%,-,-,-,18,1.000,0.5,610%,0.1,3,0,0,2,0,2.0,2,0.0%,NA,NA,NA,NA,NA,NA,NA,NA,NA,0.0%,NA,NA,vs PIT,32,·,8.8,-5.0
2,10871,Luke Schoonmaker,TE,28.0,DAL,999,999,0.00,0,1,0,55,16,0,0.0%,0,0,0,0,0,0,0.00,0,0,0,0,0.00,0.00,0,0,0,0,0,0,0,0,0.0,0.0,0,0,0,0,0,0,0,29.1%,0,0.0,0,0,0,NA,0.0,-,-,0,NA,NA,NA,NA,0,NA,NA,-,-,0.0,NA,NA,NA,NA,NA,NA,NA,NA,NA,NA,NA,-,-,-,0,0.000,NA,NA,NA,NA,NA,NA,NA,NA,0.0,0,0.0%,NA,NA,NA,NA,NA,NA,NA,NA,NA,0.0%,NA,NA,vs WAS,3,·,1.6,-1.6
2,12542,Efton Chism,WR,24.9,NE,117,117,0.80,0.3,1,0,55,10,0,0.0%,0,0,0,0,0,0,0.00,0,0,0,0,0.00,0.00,1,-2,0,0,0,1,0,-2,-2.0,-2.0,0,0,0,-2,0,0,0,18.2%,-2,-2.0,0,0,1,0.0%,0.0,-,-,0,NA,NA,NA,NA,0,NA,NA,-,-,0.0,NA,NA,NA,NA,NA,NA,1,-2.00,0.000,1.000,4.5%,-,-,-,-2,0.000,0.0,-190%,0.0,0,0,0,1,0,1.0,1,0.0%,NA,NA,NA,NA,NA,NA,NA,NA,NA,0.0%,NA,NA,vs PIT,32,·,1.3,-0.5
2,12516,Kalel Mullings,RB,24.0,TEN,999,999,0.00,0,0,0,0,0,0,0.0%,0,0,0,0,0,0,0.00,0,0,0,0,0.00,0.00,0,0,0,0,0,0,0,0,0.0,0.0,0,0,0,0,0,0,0,-,0,0.0,0,0,0,NA,0.0,-,-,NA,NA,NA,NA,NA,0,NA,NA,-,-,0.0,NA,NA,NA,NA,NA,NA,NA,NA,NA,NA,NA,-,-,-,0,0.000,NA,NA,NA,NA,NA,NA,NA,NA,NA,NA,0.0%,NA,NA,NA,NA,NA,NA,NA,NA,NA,0.0%,NA,NA,vs PHI,20,·,·,·
2,13322,Sam Roush,TE,23.0,CHI,45,45,1.90,1.4,1,0,74,20,0,0.0%,0,0,0,0,0,0,0.00,0,0,0,0,0.00,0.00,1,-3,2,0,0,3,12,9,9.0,3.0,0,0,0,9,0,0,0,27.0%,9,9.0,0,0,3,0.0%,0.0,-,-,0,NA,NA,NA,NA,0,NA,NA,-,-,0.0,NA,NA,NA,NA,NA,NA,6,1.50,0.000,0.500,8.6%,-,-,-,9,0.000,0.0,480%,0.1,12,1,1,0,0,3.0,1,0.0%,NA,NA,NA,NA,NA,NA,NA,NA,NA,0.0%,NA,NA,vs MIN,10,·,1.7,0.3
2,9230,Tanner McKee,QB,26.4,PHI,0,0,0.00,0,0,0,0,0,0,0.0%,0,0,0,0,0,0,0.00,0,0,0,0,0.00,0.00,0,0,0,0,0,0,0,0,0.0,0.0,0,0,0,0,0,0,0,-,0,0.0,0,0,0,NA,0.0,-,-,NA,NA,NA,NA,NA,0,NA,NA,-,-,0.0,NA,NA,NA,NA,NA,NA,NA,NA,NA,NA,NA,-,-,-,0,0.000,NA,NA,NA,NA,NA,NA,NA,NA,NA,NA,0.0%,NA,NA,NA,NA,NA,NA,NA,NA,NA,0.0%,NA,NA,@ TEN,29,OUT,OUT,OUT
2,6149,Darius Slayton,WR,29.7,FA,0,0,0.00,0,0,0,0,0,0,0.0%,0,0,0,0,0,0,0.00,0,0,0,0,0.00,0.00,0,0,0,0,0,0,0,0,0.0,0.0,0,0,0,0,0,0,0,-,0,0.0,0,0,0,NA,0.0,-,-,NA,NA,NA,NA,NA,0,NA,NA,-,-,0.0,NA,NA,NA,NA,NA,NA,NA,NA,NA,NA,NA,-,-,-,0,0.000,NA,NA,NA,NA,NA,NA,NA,NA,NA,NA,0.0%,NA,NA,NA,NA,NA,NA,NA,NA,NA,0.0%,NA,NA,NA,,·,·,·
2,11729,Sione Vaki,RB,25.1,DET,56,56,3.00,2.5,1,0,65,11,0,0.0%,0,0,0,0,0,0,0.00,7,0,0,0,0.00,0.00,1,1,0,0,0,1,12,13,13.0,13.0,1,0,0,20,0,7,7,16.9%,20,20.0,0,0,2,0.0%,0.0,-,-,1,4,1,4.10,1.000,0,0.000,1.410,-,-,7.0,0.0,0.0%,1.0,1.00,0.0,0.0,7,1.86,0.000,0.143,2.6%,-,-,-,13,0.000,0.0,NA,NA,12,NA,NA,NA,NA,1.0,1,0.0%,NA,NA,NA,NA,NA,NA,NA,NA,NA,0.0%,NA,NA,@ BUF,6,·,3.5,-0.5
2,8162,Sam Howell,QB,26.0,DAL,999,999,0.00,0,0,0,55,0,0,0.0%,0,0,0,0,0,0,0.00,0,0,0,0,0.00,0.00,0,0,0,0,0,0,0,0,0.0,0.0,0,0,0,0,0,0,0,0.0%,0,0.0,0,0,0,NA,0.0,-,-,NA,NA,NA,NA,NA,0,NA,NA,-,-,0.0,NA,NA,NA,NA,NA,NA,NA,NA,NA,NA,NA,-,-,-,0,0.000,NA,NA,NA,NA,NA,NA,NA,NA,NA,NA,0.0%,NA,NA,NA,NA,NA,NA,NA,NA,NA,0.0%,NA,NA,vs WAS,8,·,·,·
2,4147,Samaje Perine,RB,31.0,CIN,54,55,3.20,2.7,1,0,60,24,0,0.0%,0,0,0,0,0,0,0.00,6,0,0,0,0.00,0.00,1,7,0,1,0,1,9,16,16.0,16.0,2,0,0,22,0,6,3,40.0%,22,22.0,0,1,3,33.3%,1.0,-,-,2,5,0,2.40,0.000,0,0.000,0.240,-,-,6.0,0.0,0.0%,-1.0,-0.50,0.0,0.0,14,1.14,0.071,0.071,3.2%,-,-,-,16,1.000,1.0,NA,NA,9,NA,NA,NA,NA,1.0,1,0.0%,NA,NA,NA,NA,NA,NA,NA,NA,NA,0.0%,NA,NA,@ HOU,29,·,5.2,-2.0
2,10231,Elijah Higgins,TE,25.9,ARI,56,52,1.00,1,1,0,50,13,0,0.0%,0,0,0,0,0,0,0.00,0,0,0,0,0.00,0.00,0,0,0,0,0,0,0,0,0.0,0.0,0,0,0,0,0,0,0,26.0%,0,0.0,0,0,0,NA,0.0,-,-,0,NA,NA,NA,NA,0,NA,NA,-,-,0.0,NA,NA,NA,NA,NA,NA,NA,NA,NA,NA,NA,-,-,-,0,0.000,NA,NA,NA,NA,NA,NA,NA,NA,0.0,0,0.0%,NA,NA,NA,NA,NA,NA,NA,NA,NA,0.0%,NA,NA,vs SEA,14,·,2.7,-1.7
2,8917,KaVontae Turpin,WR,30.1,DAL,118,118,0.10,0.1,1,0,55,5,0,0.0%,0,0,0,0,0,0,0.00,1,0,0,0,0.00,0.00,0,0,0,0,0,0,0,0,0.0,0.0,1,0,0,1,0,1,1,9.1%,1,1.0,0,0,1,0.0%,0.0,-,-,1,NA,NA,NA,NA,0,0.000,NA,-,-,1.0,NA,NA,NA,NA,NA,NA,3,0.00,0.000,0.000,0.0%,-,-,-,0,0.000,NA,0%,0.0,NA,0,0,0,0,0.0,0,0.0%,NA,NA,NA,NA,NA,NA,NA,NA,NA,0.0%,NA,NA,vs WAS,19,·,3.8,-3.7
2,8118,David Bell,WR,25.8,FA,0,0,0.00,0,0,0,0,0,0,0.0%,0,0,0,0,0,0,0.00,0,0,0,0,0.00,0.00,0,0,0,0,0,0,0,0,0.0,0.0,0,0,0,0,0,0,0,-,0,0.0,0,0,0,NA,0.0,-,-,NA,NA,NA,NA,NA,0,NA,NA,-,-,0.0,NA,NA,NA,NA,NA,NA,NA,NA,NA,NA,NA,-,-,-,0,0.000,NA,NA,NA,NA,NA,NA,NA,NA,NA,NA,0.0%,NA,NA,NA,NA,NA,NA,NA,NA,NA,0.0%,NA,NA,NA,,·,·,·
2,3321,Tyreek Hill,WR,32.5,FA,0,0,0.00,0,0,0,0,0,0,0.0%,0,0,0,0,0,0,0.00,0,0,0,0,0.00,0.00,0,0,0,0,0,0,0,0,0.0,0.0,0,0,0,0,0,0,0,-,0,0.0,0,0,0,NA,0.0,-,-,NA,NA,NA,NA,NA,0,NA,NA,-,-,0.0,NA,NA,NA,NA,NA,NA,NA,NA,NA,NA,NA,-,-,-,0,0.000,NA,NA,NA,NA,NA,NA,NA,NA,NA,NA,0.0%,NA,NA,NA,NA,NA,NA,NA,NA,NA,0.0%,NA,NA,NA,,·,·,·
2,8122,Bam Knight,RB,25.4,ARI,62,61,2.40,2.4,1,0,50,3,0,0.0%,0,0,0,0,0,0,0.00,24,0,0,0,0.00,0.00,0,0,0,0,0,0,0,0,0.0,0.0,2,0,1,24,0,24,12,6.0%,24,24.0,0,1,2,50.0%,1.0,-,-,2,18,1,9.10,0.500,1,0.500,1.410,-,-,24.0,1.0,50.0%,16.0,8.00,0.0,0.0,0,NA,NA,NA,0.0%,-,-,-,0,0.000,NA,NA,NA,NA,NA,NA,NA,NA,0.0,0,0.0%,NA,NA,NA,NA,NA,NA,NA,NA,NA,0.0%,NA,NA,vs SEA,22,·,·,·
2,8129,Dameon Pierce,RB,26.6,PHI,999,999,0.00,0,0,0,0,0,0,0.0%,0,0,0,0,0,0,0.00,0,0,0,0,0.00,0.00,0,0,0,0,0,0,0,0,0.0,0.0,0,0,0,0,0,0,0,-,0,0.0,0,0,0,NA,0.0,-,-,NA,NA,NA,NA,NA,0,NA,NA,-,-,0.0,NA,NA,NA,NA,NA,NA,NA,NA,NA,NA,NA,-,-,-,0,0.000,NA,NA,NA,NA,NA,NA,NA,NA,NA,NA,0.0%,NA,NA,NA,NA,NA,NA,NA,NA,NA,0.0%,NA,NA,@ TEN,12,·,·,·
2,10214,Davis Allen,TE,25.6,LAR,50,50,1.70,1.2,1,1,62,32,0,0.0%,0,0,0,0,0,0,0.00,0,0,0,0,0.00,0.00,1,2,0,1,0,1,5,7,7.0,7.0,0,0,0,7,0,0,0,51.6%,7,7.0,0,1,1,100.0%,1.0,-,-,0,NA,NA,NA,NA,0,NA,NA,-,-,0.0,NA,NA,NA,NA,NA,NA,6,1.17,0.167,0.167,3.2%,-,-,-,7,1.000,1.0,190%,0.0,5,0,0,0,0,1.0,1,0.0%,NA,NA,NA,NA,NA,NA,NA,NA,NA,0.0%,NA,NA,vs NYG,24,·,2.2,-0.5
2,9227,Israel Abanikanda,RB,24.0,DAL,999,999,0.00,0,0,0,0,0,0,0.0%,0,0,0,0,0,0,0.00,0,0,0,0,0.00,0.00,0,0,0,0,0,0,0,0,0.0,0.0,0,0,0,0,0,0,0,-,0,0.0,0,0,0,NA,0.0,-,-,NA,NA,NA,NA,NA,0,NA,NA,-,-,0.0,NA,NA,NA,NA,NA,NA,NA,NA,NA,NA,NA,-,-,-,0,0.000,NA,NA,NA,NA,NA,NA,NA,NA,NA,NA,0.0%,NA,NA,NA,NA,NA,NA,NA,NA,NA,0.0%,NA,NA,vs WAS,24,·,·,·
2,11645,Javon Baker,WR,24.6,FA,0,0,0.00,0,0,0,0,0,0,0.0%,0,0,0,0,0,0,0.00,0,0,0,0,0.00,0.00,0,0,0,0,0,0,0,0,0.0,0.0,0,0,0,0,0,0,0,-,0,0.0,0,0,0,NA,0.0,-,-,NA,NA,NA,NA,NA,0,NA,NA,-,-,0.0,NA,NA,NA,NA,NA,NA,NA,NA,NA,NA,NA,-,-,-,0,0.000,NA,NA,NA,NA,NA,NA,NA,NA,NA,NA,0.0%,NA,NA,NA,NA,NA,NA,NA,NA,NA,0.0%,NA,NA,NA,,·,·,·
2,11595,Jared Wiley,TE,25.9,KC,0,0,0.00,0,0,0,0,0,0,0.0%,0,0,0,0,0,0,0.00,0,0,0,0,0.00,0.00,0,0,0,0,0,0,0,0,0.0,0.0,0,0,0,0,0,0,0,-,0,0.0,0,0,0,NA,0.0,-,-,NA,NA,NA,NA,NA,0,NA,NA,-,-,0.0,NA,NA,NA,NA,NA,NA,NA,NA,NA,NA,NA,-,-,-,0,0.000,NA,NA,NA,NA,NA,NA,NA,NA,NA,NA,0.0%,NA,NA,NA,NA,NA,NA,NA,NA,NA,0.0%,NA,NA,vs IND,18,OUT,OUT,OUT
2,8207,Tyler Goodson,RB,25.8,DAL,0,0,0.00,0,0,0,0,0,0,0.0%,0,0,0,0,0,0,0.00,0,0,0,0,0.00,0.00,0,0,0,0,0,0,0,0,0.0,0.0,0,0,0,0,0,0,0,-,0,0.0,0,0,0,NA,0.0,-,-,NA,NA,NA,NA,NA,0,NA,NA,-,-,0.0,NA,NA,NA,NA,NA,NA,NA,NA,NA,NA,NA,-,-,-,0,0.000,NA,NA,NA,NA,NA,NA,NA,NA,NA,NA,0.0%,NA,NA,NA,NA,NA,NA,NA,NA,NA,0.0%,NA,NA,vs WAS,24,OUT,OUT,OUT
2,2307,Marcus Mariota,QB,32.9,WAS,26,26,8.74,8.74,1,0,71,32,0,68.8%,74,16,11,6,5,0,109.10,114,0,1,111,6.94,10.09,0,0,0,0,0,0,0,0,0.0,0.0,1,0,1,3,0,3,3,45.1%,114,114.0,1,8,17,47.1%,8.0,-,-,1,NA,NA,NA,NA,1,1.000,NA,-,-,3.0,0.0,0.0%,NA,NA,NA,NA,NA,NA,NA,NA,NA,-,-,-,0,0.000,NA,NA,NA,NA,NA,NA,NA,NA,0.0,0,700.0%,0.4375,319%,25%,0.412,12,1700.0%,+0.08,+0.10,0.0,11100.0%,17.6%,1,@ DAL,4,·,·,·
2,12539,Arian Smith,WR,24.9,NYJ,999,999,0.00,0,1,0,74,1,0,0.0%,0,0,0,0,0,0,0.00,0,0,0,0,0.00,0.00,0,0,0,0,0,0,0,0,0.0,0.0,0,0,0,0,0,0,0,1.4%,0,0.0,0,0,0,NA,0.0,-,-,0,NA,NA,NA,NA,0,NA,NA,-,-,0.0,NA,NA,NA,NA,NA,NA,1,0.00,0.000,0.000,0.0%,-,-,-,0,0.000,NA,0%,0.0,NA,0,0,0,0,0.0,0,0.0%,NA,NA,NA,NA,NA,NA,NA,NA,NA,0.0%,NA,NA,vs GB,13,IR,0.3,-0.3
2,8208,Tyler Badie,RB,26.6,DEN,44,45,4.90,3.9,1,0,62,16,0,0.0%,0,0,0,0,0,0,0.00,1,0,0,0,0.00,0.00,2,-4,0,1,0,3,32,28,14.0,9.3,1,0,0,29,0,1,1,25.8%,29,29.0,0,1,4,25.0%,1.0,-,-,1,1,1,1.00,1.000,0,0.000,1.100,-,-,1.0,0.0,0.0%,-4.0,-4.00,0.0,0.0,6,4.67,0.167,0.500,9.7%,-,-,-,28,1.000,0.5,NA,NA,16,NA,NA,NA,NA,3.0,2,0.0%,NA,NA,NA,NA,NA,NA,NA,NA,NA,0.0%,NA,NA,vs JAX,25,·,1.4,3.5
2,6803,Brandon Aiyuk,WR,28.5,SF,999,999,0.00,0,0,0,52,0,0,0.0%,0,0,0,0,0,0,0.00,0,0,0,0,0.00,0.00,0,0,0,0,0,0,0,0,0.0,0.0,0,0,0,0,0,0,0,0.0%,0,0.0,0,0,0,NA,0.0,-,-,NA,NA,NA,NA,NA,0,NA,NA,-,-,0.0,NA,NA,NA,NA,NA,NA,NA,NA,NA,NA,NA,-,-,-,0,0.000,NA,NA,NA,NA,NA,NA,NA,NA,NA,NA,0.0%,NA,NA,NA,NA,NA,NA,NA,NA,NA,0.0%,NA,NA,vs MIA,24,DNR,DNR,DNR
2,7496,Nick Westbrook-Ikhine,WR,29.5,IND,999,999,0.00,0,0,0,0,0,0,0.0%,0,0,0,0,0,0,0.00,0,0,0,0,0.00,0.00,0,0,0,0,0,0,0,0,0.0,0.0,0,0,0,0,0,0,0,-,0,0.0,0,0,0,NA,0.0,-,-,NA,NA,NA,NA,NA,0,NA,NA,-,-,0.0,NA,NA,NA,NA,NA,NA,NA,NA,NA,NA,NA,-,-,-,0,0.000,NA,NA,NA,NA,NA,NA,NA,NA,NA,NA,0.0%,NA,NA,NA,NA,NA,NA,NA,NA,NA,0.0%,NA,NA,@ KC,31,·,·,·
2,8168,Skyy Moore,WR,26.0,GB,91,96,2.60,1.6,1,0,59,21,1,0.0%,0,0,0,0,0,0,0.00,0,0,0,0,0.00,0.00,2,0,0,0,0,3,6,6,3.0,2.0,0,0,0,6,0,0,0,35.6%,6,6.0,0,0,3,0.0%,0.0,-,-,0,NA,NA,NA,NA,0,NA,NA,-,-,0.0,NA,NA,NA,NA,NA,NA,16,0.38,0.000,0.188,10.3%,-,-,-,6,0.000,0.0,1400%,0.2,3,0,1,1,0,3.0,2,0.0%,NA,NA,NA,NA,NA,NA,NA,NA,NA,0.0%,NA,NA,@ NYJ,23,·,1.1,1.5
2,8160,Kenny Pickett,QB,28.3,CAR,39,39,-0.40,-0.4,1,0,66,4,0,0.0%,0,0,0,0,0,0,0.00,-4,0,0,0,0.00,0.00,0,0,0,0,0,0,0,0,0.0,0.0,1,0,0,-4,0,-4,-4,6.1%,-4,-4.0,0,0,1,0.0%,0.0,-,-,1,NA,NA,NA,NA,0,0.000,NA,-,-,-4.0,0.0,0.0%,NA,NA,NA,NA,NA,NA,NA,NA,NA,-,-,-,0,0.000,NA,NA,NA,NA,NA,NA,NA,NA,0.0,0,0.0%,NA,0%,0%,0,0,0.0%,-,-,-,0.0%,-,1,@ ATL,25,·,·,·
2,6011,Gardner Minshew,QB,30.3,ARI,999,999,0.00,0,0,0,50,0,0,0.0%,0,0,0,0,0,0,0.00,0,0,0,0,0.00,0.00,0,0,0,0,0,0,0,0,0.0,0.0,0,0,0,0,0,0,0,0.0%,0,0.0,0,0,0,NA,0.0,-,-,NA,NA,NA,NA,NA,0,NA,NA,-,-,0.0,NA,NA,NA,NA,NA,NA,NA,NA,NA,NA,NA,-,-,-,0,0.000,NA,NA,NA,NA,NA,NA,NA,NA,NA,NA,0.0%,NA,NA,NA,NA,NA,NA,NA,NA,NA,0.0%,NA,NA,vs SEA,24,·,·,·
2,7610,Trey Lance,QB,26.4,LAC,999,999,0.00,0,0,0,68,0,0,0.0%,0,0,0,0,0,0,0.00,0,0,0,0,0.00,0.00,0,0,0,0,0,0,0,0,0.0,0.0,0,0,0,0,0,0,0,0.0%,0,0.0,0,0,0,NA,0.0,-,-,NA,NA,NA,NA,NA,0,NA,NA,-,-,0.0,NA,NA,NA,NA,NA,NA,NA,NA,NA,NA,NA,-,-,-,0,0.000,NA,NA,NA,NA,NA,NA,NA,NA,NA,NA,0.0%,NA,NA,NA,NA,NA,NA,NA,NA,NA,0.0%,NA,NA,vs LV,13,·,·,·
2,4574,Cooper Rush,QB,,ATL,34,34,1.44,1.44,1,1,69,40,1,58.8%,32,17,10,6,7,2,32.60,106,1,0,86,5.06,8.60,0,0,0,0,0,0,0,0,0.0,0.0,2,0,1,20,0,20,10,58.0%,106,106.0,0,7,19,36.8%,7.0,,,2,NA,NA,NA,NA,1,0.500,NA,,,20.0,1.0,50.0%,NA,NA,NA,NA,NA,NA,NA,NA,NA,-,-,-,0,0.000,NA,NA,NA,NA,NA,NA,NA,NA,0.0,0,600.0%,0.3529411765,219%,5.9%,0.4,6.4,2000.0%,-0.10,-15.90,-0.8,8600.0%,45.0%,1,vs CAR,,,,1.4
2,13300,Le'Veon Moss,RB,23.8,UD,0,0,0.00,0,0,0,0,0,0,0.0%,0,0,0,0,0,0,0.00,0,0,0,0,0.00,0.00,0,0,0,0,0,0,0,0,0.0,0.0,0,0,0,0,0,0,0,-,0,0.0,0,0,0,NA,0.0,-,-,NA,NA,NA,NA,NA,0,NA,NA,-,-,0.0,NA,NA,NA,NA,NA,NA,NA,NA,NA,NA,NA,-,-,-,0,0.000,NA,NA,NA,NA,NA,NA,NA,NA,NA,NA,0.0%,NA,NA,NA,NA,NA,NA,NA,NA,NA,0.0%,NA,NA,NA,,NA,0.0,0.0
2,7568,Brevin Jordan,TE,26.2,HOU,0,0,0.00,0,0,0,0,0,0,0.0%,0,0,0,0,0,0,0.00,0,0,0,0,0.00,0.00,0,0,0,0,0,0,0,0,0.0,0.0,0,0,0,0,0,0,0,-,0,0.0,0,0,0,NA,0.0,-,-,NA,NA,NA,NA,NA,0,NA,NA,-,-,0.0,NA,NA,NA,NA,NA,NA,NA,NA,NA,NA,NA,-,-,-,0,0.000,NA,NA,NA,NA,NA,NA,NA,NA,NA,NA,0.0%,NA,NA,NA,NA,NA,NA,NA,NA,NA,0.0%,NA,NA,vs CIN,29,OUT,OUT,OUT
2,3634,Kalif Raymond,WR,32.1,CHI,37,45,9.00,6.5,1,0,74,46,0,0.0%,0,0,0,0,0,0,0.00,0,0,0,0,0.00,0.00,5,7,0,2,0,5,33,40,8.0,8.0,0,0,0,40,0,0,0,62.2%,40,40.0,0,2,5,40.0%,2.0,,,0,NA,NA,NA,NA,0,NA,NA,,,0.0,NA,NA,NA,NA,NA,NA,31,1.29,0.065,0.161,14.3%,-,-,-,40,2.000,0.4,90%,0.0,7,1,0,2,0,5.0,5,0.0%,NA,NA,NA,NA,NA,NA,NA,NA,NA,0.0%,NA,NA,vs MIN,1,·,5.6,3.4
2,11895,Mason Tipton,WR,26.0,NO,999,999,0.00,0,0,0,0,0,0,0.0%,0,0,0,0,0,0,0.00,0,0,0,0,0.00,0.00,0,0,0,0,0,0,0,0,0.0,0.0,0,0,0,0,0,0,0,-,0,0.0,0,0,0,NA,0.0,-,-,NA,NA,NA,NA,NA,0,NA,NA,-,-,0.0,NA,NA,NA,NA,NA,NA,NA,NA,NA,NA,NA,-,-,-,0,0.000,NA,NA,NA,NA,NA,NA,NA,NA,NA,NA,0.0%,NA,NA,NA,NA,NA,NA,NA,NA,NA,0.0%,NA,NA,@ BAL,22,PUP,PUP,PUP
2,12462,Damien Martinez,RB,22.6,FA,0,0,0.00,0,0,0,0,0,0,0.0%,0,0,0,0,0,0,0.00,0,0,0,0,0.00,0.00,0,0,0,0,0,0,0,0,0.0,0.0,0,0,0,0,0,0,0,-,0,0.0,0,0,0,NA,0.0,-,-,NA,NA,NA,NA,NA,0,NA,NA,-,-,0.0,NA,NA,NA,NA,NA,NA,NA,NA,NA,NA,NA,-,-,-,0,0.000,NA,NA,NA,NA,NA,NA,NA,NA,NA,NA,0.0%,NA,NA,NA,NA,NA,NA,NA,NA,NA,0.0%,NA,NA,NA,,·,·,·
3,4984,Josh Allen,QB,30.3,BUF,17,18,19.46,18.96,1,1,66,66,1,61.5%,96,26,16,10,10,2,54.00,226,4,0,204,7.85,12.75,1,-8,0,0,0,1,9,1,1.0,1.0,8,0,1,23,2,22,2.75,100.0%,227,227.0,2,13,35,37.1%,13.0,-,-,8,NA,NA,NA,NA,3,0.375,NA,-,-,22.0,0.0,0.0%,NA,NA,NA,NA,NA,NA,NA,NA,NA,-,-,-,1,0.000,0.0,NA,NA,9,NA,NA,NA,NA,1.0,1,1000.0%,0.3846153846,301%,15.4%,0.387,9.5,3100.0%,-0.02,-5.80,-0.2,20400.0%,25.8%,0,vs LAC,12,·,23.7,-4.3
3,9221,Jahmyr Gibbs,RB,24.5,DET,1,1,41.40,37.9,1,1,65,45,0,0.0%,0,0,0,0,0,0,0.00,99,0,0,0,0.00,0.00,7,8,0,3,1,8,57,65,9.3,8.1,20,1,5,164,2,99,4.95,69.2%,164,164.0,3,11,28,39.3%,11.0,-,-,20,36,8,1.80,0.400,7,0.350,0.580,-,-,99.0,2.0,10.0%,26.0,1.30,7.0,2.0,19,3.42,0.158,0.421,25.0%,-,-,-,65,4.000,0.6,NA,NA,8,NA,NA,NA,NA,8.0,7,0.0%,NA,NA,NA,NA,NA,NA,NA,NA,NA,0.0%,NA,NA,vs NYJ,31,·,23.5,17.9
3,9509,Bijan Robinson,RB,24.6,ATL,2,2,35.30,34.3,1,1,71,51,0,0.0%,0,0,0,0,0,0,0.00,194,0,0,0,0.00,0.00,2,-10,0,1,0,2,29,19,9.5,9.5,29,1,9,213,2,194,6.69,71.8%,213,213.0,2,12,31,38.7%,12.0,-,-,29,174,9,6.00,0.310,11,0.379,0.910,-,-,194.0,4.0,13.8%,78.0,2.69,11.0,5.0,10,1.90,0.100,0.200,8.0%,-,-,-,19,1.000,0.5,NA,NA,15,NA,NA,NA,NA,2.0,2,0.0%,NA,NA,NA,NA,NA,NA,NA,NA,NA,0.0%,NA,NA,@ GB,11,·,20.1,15.2
3,9488,Jaxon Smith-Njigba,WR,24.6,SEA,1,1,35.36,30.36,1,1,67,58,0,100.0%,-7,1,1,1,0,0,118.80,14,0,0,14,14.00,14.00,10,121,1,7,2,14,7,128,12.8,9.1,0,0,0,128,0,0,0,86.6%,142,142.0,2,10,15,66.7%,10.0,-,-,0,NA,NA,NA,NA,0,NA,NA,-,-,0.0,NA,NA,NA,NA,NA,NA,42,3.05,0.167,0.333,30.4%,-,-,-,128,9.000,0.9,1190%,0.5,1,3,10,4,3,14.0,10,100.0%,1,NA,NA,NA,NA,NA,NA,NA,NA,1400.0%,NA,NA,@ WAS,9,·,21.9,13.4
3,7564,Ja'Marr Chase,WR,26.6,CIN,5,5,24.80,20.3,1,1,57,57,0,0.0%,0,0,0,0,0,0,0.00,0,0,0,0,0.00,0.00,9,70,0,5,1,12,28,98,10.9,8.2,0,0,0,98,0,0,0,100.0%,98,98.0,1,6,12,50.0%,6.0,-,-,0,NA,NA,NA,NA,0,NA,NA,-,-,0.0,NA,NA,NA,NA,NA,NA,39,2.51,0.128,0.308,32.4%,-,-,-,98,6.000,0.7,870%,0.4,3,2,5,9,1,12.0,9,0.0%,NA,NA,NA,NA,NA,NA,NA,NA,NA,0.0%,NA,NA,@ PIT,31,·,16.8,8.0
3,7547,Amon-Ra St. Brown,WR,26.9,DET,36,35,11.90,9.9,1,1,65,48,0,0.0%,0,0,0,0,0,0,0.00,0,0,0,0,0.00,0.00,4,16,1,1,1,8,3,19,4.8,2.4,0,0,0,19,0,0,0,73.8%,19,19.0,1,2,8,25.0%,2.0,-,-,0,NA,NA,NA,NA,0,NA,NA,-,-,0.0,NA,NA,NA,NA,NA,NA,28,0.68,0.036,0.286,25.0%,-,-,-,19,2.000,0.5,710%,0.3,1,3,3,3,1,8.0,4,0.0%,NA,NA,NA,NA,NA,NA,NA,NA,NA,0.0%,NA,NA,vs NYJ,23,·,19.7,-7.8
3,9493,Puka Nacua,WR,25.3,LAR,0,0,0.00,0,0,0,0,0,0,0.0%,0,0,0,0,0,0,0.00,0,0,0,0,0.00,0.00,0,0,0,0,0,0,0,0,0.0,0.0,0,0,0,0,0,0,0,-,0,0.0,0,0,0,NA,0.0,-,-,NA,NA,NA,NA,NA,0,NA,NA,-,-,0.0,NA,NA,NA,NA,NA,NA,NA,NA,NA,NA,NA,-,-,-,0,0.000,NA,NA,NA,NA,NA,NA,NA,NA,NA,NA,0.0%,NA,NA,NA,NA,NA,NA,NA,NA,NA,0.0%,NA,NA,@ DEN,28,OUT,OUT,NA
3,11560,Caleb Williams,QB,24.8,CHI,0,0,0.00,0,0,0,0,0,0,0.0%,0,0,0,0,0,0,0.00,0,0,0,0,0.00,0.00,0,0,0,0,0,0,0,0,0.0,0.0,0,0,0,0,0,0,0,-,0,0.0,0,0,0,NA,0.0,-,-,NA,NA,NA,NA,NA,0,NA,NA,-,-,0.0,NA,NA,NA,NA,NA,NA,NA,NA,NA,NA,NA,-,-,-,0,0.000,NA,NA,NA,NA,NA,NA,NA,NA,NA,NA,0.0%,NA,NA,NA,NA,NA,NA,NA,NA,NA,0.0%,NA,NA,vs PHI,13,OUT,OUT,NA
3,4881,Lamar Jackson,QB,29.7,BAL,13,13,20.44,20.44,1,1,64,64,0,75.0%,95,20,15,9,5,0,136.70,236,0,2,186,9.30,12.40,0,0,0,0,0,0,0,0,0.0,0.0,6,0,3,50,0,50,8.33,100.0%,236,236.0,2,14,26,53.8%,14.0,-,-,6,NA,NA,NA,NA,3,0.500,NA,-,-,50.0,3.0,50.0%,NA,NA,NA,NA,NA,NA,NA,NA,NA,-,-,-,0,0.000,NA,NA,NA,NA,NA,NA,NA,NA,0.0,0,1100.0%,0.55,301%,10%,0.333,9.4,2400.0%,+0.04,+9.80,0.4,18600.0%,29.2%,0,@ DAL,5,·,24.5,-4.1
3,11564,Drake Maye,QB,24.1,NE,32,32,5.76,5.76,1,1,63,51,2,56.0%,129,25,14,6,11,2,48.60,217,3,0,199,7.96,14.21,0,0,0,0,0,0,0,0,0.0,0.0,4,0,2,18,0,18,4.5,81.0%,217,217.0,0,8,29,27.6%,8.0,-,-,4,NA,NA,NA,NA,2,0.500,NA,-,-,18.0,0.0,0.0%,NA,NA,NA,NA,NA,NA,NA,NA,NA,-,-,-,0,0.000,NA,NA,NA,NA,NA,NA,NA,NA,0.0,0,600.0%,0.24,342%,16%,0.484,12.2,3100.0%,+0.01,-15.90,-0.5,19900.0%,22.6%,1,@ JAX,21,·,18.6,-12.8
3,11604,Brock Bowers,TE,23.8,LV,1,2,27.60,22.6,1,1,70,55,0,0.0%,0,0,0,0,0,0,0.00,0,0,0,0,0.00,0.00,10,88,0,6,1,14,28,116,11.6,8.3,0,0,0,116,0,0,0,78.6%,116,116.0,1,7,14,50.0%,7.0,-,-,0,NA,NA,NA,NA,0,NA,NA,-,-,0.0,NA,NA,NA,NA,NA,NA,34,3.41,0.176,0.412,39.4%,-,-,-,116,7.000,0.7,860%,0.4,3,3,6,7,2,14.0,10,0.0%,NA,NA,NA,NA,NA,NA,NA,NA,NA,0.0%,NA,NA,@ NO,22,·,13.0,14.6
3,6794,Justin Jefferson,WR,27.3,MIN,73,73,5.20,4.2,1,1,59,7,0,0.0%,0,0,0,0,0,0,0.00,0,0,0,0,0.00,0.00,2,18,0,1,0,2,14,32,16.0,16.0,0,0,0,32,0,0,0,11.9%,32,32.0,0,1,2,50.0%,1.0,-,-,0,NA,NA,NA,NA,0,NA,NA,-,-,0.0,NA,NA,NA,NA,NA,NA,2,16.00,0.500,1.000,6.9%,-,-,-,32,1.000,0.5,880%,0.1,7,0,1,1,0,2.0,2,0.0%,NA,NA,NA,NA,NA,NA,NA,NA,NA,0.0%,NA,NA,@ TB,24,OUT,16.7,-11.5
3,12527,Ashton Jeanty,RB,22.8,LV,18,20,12.30,10.8,1,1,70,59,0,0.0%,0,0,0,0,0,0,0.00,56,0,0,0,0.00,0.00,3,13,0,2,0,3,24,37,12.3,12.3,19,0,1,93,0,56,2.95,84.3%,93,93.0,0,3,22,13.6%,3.0,-,-,19,46,5,2.40,0.263,1,0.053,0.503,-,-,56.0,1.0,5.3%,-12.0,-0.63,6.0,3.0,20,1.85,0.100,0.150,9.1%,-,-,-,37,2.000,0.7,NA,NA,8,NA,NA,NA,NA,3.0,3,0.0%,NA,NA,NA,NA,NA,NA,NA,NA,NA,0.0%,NA,NA,@ NO,6,·,15.9,-3.6
3,8130,Trey McBride,TE,26.8,ARI,8,10,16.50,12,1,1,87,79,0,0.0%,0,0,0,0,0,0,0.00,0,0,0,0,0.00,0.00,9,57,0,3,0,11,18,75,8.3,6.8,0,0,0,75,0,0,0,90.8%,75,75.0,0,3,11,27.3%,3.0,-,-,0,NA,NA,NA,NA,0,NA,NA,-,-,0.0,NA,NA,NA,NA,NA,NA,47,1.60,0.064,0.234,21.2%,-,-,-,75,3.000,0.3,650%,0.2,2,2,3,6,0,11.0,9,0.0%,NA,NA,NA,NA,NA,NA,NA,NA,NA,0.0%,NA,NA,@ SF,32,·,16.9,-0.4
3,11632,Malik Nabers,WR,23.2,NYG,57,66,7.60,5.1,1,1,64,50,0,0.0%,0,0,0,0,0,0,0.00,0,0,0,0,0.00,0.00,5,5,0,2,0,6,21,26,5.2,4.3,0,0,0,26,0,0,0,78.1%,26,26.0,0,2,6,33.3%,2.0,-,-,0,NA,NA,NA,NA,0,NA,NA,-,-,0.0,NA,NA,NA,NA,NA,NA,20,1.30,0.100,0.300,27.3%,-,-,-,26,2.000,0.4,90%,0.0,4,1,0,6,0,6.0,5,0.0%,NA,NA,NA,NA,NA,NA,NA,NA,NA,0.0%,NA,NA,vs TEN,7,·,13.7,-6.1
3,6786,CeeDee Lamb,WR,27.4,DAL,11,14,20.20,16.7,1,1,74,61,0,0.0%,0,0,0,0,0,0,0.00,0,0,0,0,0.00,0.00,7,73,0,5,0,8,39,112,16.0,14.0,0,0,0,112,0,0,0,82.4%,112,112.0,0,5,8,62.5%,5.0,-,-,0,NA,NA,NA,NA,0,NA,NA,-,-,0.0,NA,NA,NA,NA,NA,NA,37,3.03,0.135,0.216,20.0%,-,-,-,112,5.000,0.7,1030%,0.3,6,0,3,4,0,8.0,7,0.0%,NA,NA,NA,NA,NA,NA,NA,NA,NA,0.0%,NA,NA,vs BAL,16,·,17.4,2.8
3,13287,Jeremiyah Love,RB,21.3,ARI,3,6,21.90,19.4,1,1,87,56,0,0.0%,0,0,0,0,0,0,0.00,90,0,0,0,0.00,0.00,5,9,0,1,1,5,10,19,3.8,3.8,21,1,3,109,0,90,4.29,64.4%,109,109.0,1,5,26,19.2%,5.0,-,-,21,55,3,2.60,0.143,3,0.143,0.403,-,-,90.0,0.0,0.0%,-9.0,-0.43,4.0,1.0,19,1.00,0.053,0.263,9.6%,-,-,-,19,2.000,0.4,NA,NA,2,NA,NA,NA,NA,5.0,5,0.0%,NA,NA,NA,NA,NA,NA,NA,NA,NA,0.0%,NA,NA,@ SF,16,·,14.7,7.3
3,6770,Joe Burrow,QB,29.8,CIN,10,10,22.58,22.58,1,1,57,57,1,75.7%,204,37,28,11,9,0,123.90,295,1,3,282,7.62,10.07,0,0,0,0,0,0,0,0,0.0,0.0,2,0,1,13,0,13,6.5,100.0%,295,295.0,3,15,39,38.5%,15.0,-,-,2,NA,NA,NA,NA,1,0.500,NA,-,-,13.0,0.0,0.0%,NA,NA,NA,NA,NA,NA,NA,NA,NA,-,-,-,0,0.000,NA,NA,NA,NA,NA,NA,NA,NA,0.0,0,1400.0%,0.3783783784,258%,5.4%,0.275,7,4000.0%,+0.06,+12.70,0.3,28200.0%,25.0%,1,@ PIT,32,·,17.5,5.1
3,6813,Jonathan Taylor,RB,27.7,IND,27,28,9.20,8.2,1,1,71,60,0,0.0%,0,0,0,0,0,0,0.00,68,0,0,0,0.00,0.00,2,-7,0,0,0,3,11,4,2.0,1.3,23,0,3,72,0,68,2.96,84.5%,72,72.0,0,3,26,11.5%,3.0,-,-,23,48,2,2.10,0.087,3,0.130,0.297,-,-,68.0,1.0,4.3%,-28.0,-1.22,2.0,0.0,26,0.15,0.000,0.115,8.3%,-,-,-,4,0.000,0.0,NA,NA,6,NA,NA,NA,NA,3.0,2,0.0%,NA,NA,NA,NA,NA,NA,NA,NA,NA,0.0%,NA,NA,vs HOU,30,·,19.9,-10.7
3,7523,Trevor Lawrence,QB,27.0,JAX,12,12,20.78,20.78,1,1,62,59,0,65.5%,104,29,19,7,10,1,102.90,207,1,3,182,6.28,9.58,0,0,0,0,0,0,0,0,0.0,0.0,4,0,2,25,0,25,6.25,95.2%,207,207.0,3,12,33,36.4%,12.0,-,-,4,NA,NA,NA,NA,2,0.500,NA,-,-,25.0,1.0,25.0%,NA,NA,NA,NA,NA,NA,NA,NA,NA,-,-,-,0,0.000,NA,NA,NA,NA,NA,NA,NA,NA,0.0,0,1000.0%,0.3448275862,271%,0%,0.313,6.6,3200.0%,+0.08,+8.60,0.3,18200.0%,53.1%,1,vs NE,31,·,19.3,1.5
3,11566,Jayden Daniels,QB,25.8,WAS,0,0,0.00,0,0,0,0,0,0,0.0%,0,0,0,0,0,0,0.00,0,0,0,0,0.00,0.00,0,0,0,0,0,0,0,0,0.0,0.0,0,0,0,0,0,0,0,-,0,0.0,0,0,0,NA,0.0,-,-,NA,NA,NA,NA,NA,0,NA,NA,-,-,0.0,NA,NA,NA,NA,NA,NA,NA,NA,NA,NA,NA,-,-,-,0,0.000,NA,NA,NA,NA,NA,NA,NA,NA,NA,NA,0.0%,NA,NA,NA,NA,NA,NA,NA,NA,NA,0.0%,NA,NA,vs SEA,28,OUT,OUT,NA
3,12507,Omarion Hampton,RB,23.5,LAC,40,38,5.60,5.6,1,1,69,29,0,0.0%,0,0,0,0,0,0,0.00,56,0,0,0,0.00,0.00,0,0,0,0,0,1,0,0,0.0,0.0,15,0,2,56,0,56,3.73,42.0%,56,56.0,0,2,16,12.5%,2.0,-,-,15,50,3,3.30,0.200,2,0.133,0.530,-,-,56.0,1.0,6.7%,-11.0,-0.73,6.0,3.0,6,0.00,0.000,0.167,2.9%,-,-,-,0,0.000,NA,NA,NA,NA,NA,NA,NA,NA,1.0,0,0.0%,NA,NA,NA,NA,NA,NA,NA,NA,NA,0.0%,NA,NA,@ BUF,5,·,14.1,-8.5
3,8138,James Cook,RB,27.0,BUF,9,7,19.40,19.4,1,1,66,44,1,0.0%,0,0,0,0,0,0,0.00,154,0,0,0,0.00,0.00,0,0,0,0,0,1,0,0,0.0,0.0,24,3,7,154,1,154,6.42,66.7%,154,154.0,1,8,25,32.0%,8.0,-,-,24,106,7,4.40,0.292,8,0.333,0.732,-,-,154.0,5.0,20.8%,9.0,0.38,3.0,2.0,9,0.00,0.000,0.111,3.8%,-,-,-,0,0.000,NA,NA,NA,NA,NA,NA,NA,NA,1.0,0,0.0%,NA,NA,NA,NA,NA,NA,NA,NA,NA,0.0%,NA,NA,vs LAC,22,·,16.6,2.8
3,9226,De'Von Achane,RB,24.9,MIA,64,63,1.70,1.7,1,1,73,4,0,0.0%,0,0,0,0,0,0,0.00,17,0,0,0,0.00,0.00,0,0,1,0,0,1,0,0,0.0,0.0,3,0,1,17,0,17,5.67,5.5%,17,17.0,0,1,4,25.0%,1.0,-,-,3,18,0,5.90,0.000,1,0.333,0.590,-,-,17.0,1.0,33.3%,3.0,1.00,0.0,0.0,1,0.00,0.000,1.000,2.8%,-,-,-,0,0.000,NA,NA,NA,NA,NA,NA,NA,NA,1.0,0,0.0%,NA,NA,NA,NA,NA,NA,NA,NA,NA,0.0%,NA,NA,vs KC,14,OUT,16.4,-14.7
3,8151,Kenneth Walker III,RB,25.9,KC,7,4,21.30,20.3,1,1,52,38,0,0.0%,0,0,0,0,0,0,0.00,70,0,0,0,0.00,0.00,2,-7,0,0,1,2,10,3,1.5,1.5,18,4,3,73,1,70,3.89,73.1%,73,73.0,2,5,20,25.0%,5.0,-,-,18,76,12,4.20,0.667,4,0.222,1.087,-,-,70.0,3.0,16.7%,11.0,0.61,7.0,2.0,12,0.25,0.000,0.167,8.3%,-,-,-,3,1.000,0.5,NA,NA,5,NA,NA,NA,NA,2.0,2,0.0%,NA,NA,NA,NA,NA,NA,NA,NA,NA,0.0%,NA,NA,@ MIA,2,·,20.2,1.1
3,8112,Drake London,WR,25.2,ATL,2,2,28.40,23.9,1,1,71,66,0,0.0%,0,0,0,0,0,0,0.00,0,0,0,0,0.00,0.00,9,82,0,5,0,10,112,194,21.6,19.4,0,0,0,194,0,0,0,93.0%,194,194.0,0,5,10,50.0%,5.0,-,-,0,NA,NA,NA,NA,0,NA,NA,-,-,0.0,NA,NA,NA,NA,NA,NA,24,8.08,0.208,0.417,40.0%,-,-,-,194,5.000,0.6,960%,0.6,12,0,5,5,0,10.0,9,0.0%,NA,NA,NA,NA,NA,NA,NA,NA,NA,0.0%,NA,NA,@ GB,12,·,13.5,14.9
3,12508,Jaxson Dart,QB,23.4,NYG,999,999,0.00,0,0,0,0,0,0,0.0%,0,0,0,0,0,0,0.00,0,0,0,0,0.00,0.00,0,0,0,0,0,0,0,0,0.0,0.0,0,0,0,0,0,0,0,-,0,0.0,0,0,0,NA,0.0,-,-,NA,NA,NA,NA,NA,0,NA,NA,-,-,0.0,NA,NA,NA,NA,NA,NA,NA,NA,NA,NA,NA,-,-,-,0,0.000,NA,NA,NA,NA,NA,NA,NA,NA,NA,NA,0.0%,NA,NA,NA,NA,NA,NA,NA,NA,NA,0.0%,NA,NA,vs TEN,25,IR,IR,NA
3,6797,Justin Herbert,QB,28.5,LAC,23,23,13.74,13.74,1,1,69,69,0,58.8%,115,34,20,10,14,1,76.30,243,2,1,226,6.65,11.30,0,0,0,0,0,0,0,0,0.0,0.0,4,0,2,17,0,17,4.25,100.0%,243,243.0,1,13,38,34.2%,13.0,-,-,4,NA,NA,NA,NA,2,0.500,NA,-,-,17.0,0.0,0.0%,NA,NA,NA,NA,NA,NA,NA,NA,NA,-,-,-,0,0.000,NA,NA,NA,NA,NA,NA,NA,NA,0.0,0,1100.0%,0.3235294118,291%,20.6%,0.385,8.5,3900.0%,-0.05,-8.40,-0.2,22600.0%,28.2%,1,@ BUF,6,·,16.9,-3.1
3,6904,Jalen Hurts,QB,28.1,PHI,24,24,13.62,13.62,1,1,50,46,0,64.0%,70,25,16,6,9,1,64.30,178,2,0,153,6.12,9.56,0,0,0,0,0,0,0,0,0.0,0.0,4,0,2,25,1,25,6.25,92.0%,178,178.0,1,9,29,31.0%,9.0,-,-,4,NA,NA,NA,NA,3,0.750,NA,-,-,25.0,1.0,25.0%,NA,NA,NA,NA,NA,NA,NA,NA,NA,-,-,-,0,0.000,NA,NA,NA,NA,NA,NA,NA,NA,0.0,0,600.0%,0.24,289%,8%,0.4,7,3000.0%,-0.05,-17.60,-0.6,15300.0%,43.3%,1,@ CHI,9,·,18.8,-5.1
3,8144,Chris Olave,WR,26.2,NO,14,19,19.70,15.2,1,1,74,62,0,0.0%,0,0,0,0,0,0,0.00,0,0,0,0,0.00,0.00,9,77,0,7,0,13,30,107,11.9,8.2,0,0,0,107,0,0,0,83.8%,107,107.0,0,7,13,53.8%,7.0,-,-,0,NA,NA,NA,NA,0,NA,NA,-,-,0.0,NA,NA,NA,NA,NA,NA,40,2.68,0.175,0.325,31.0%,-,-,-,107,7.000,0.8,890%,0.4,3,3,7,6,0,13.0,9,0.0%,NA,NA,NA,NA,NA,NA,NA,NA,NA,0.0%,NA,NA,vs LV,29,·,17.9,1.8
3,4046,Patrick Mahomes,QB,31.0,KC,20,20,16.94,16.94,1,1,52,52,0,83.3%,113,24,20,9,4,1,119.80,247,0,2,246,10.25,12.30,0,0,0,0,0,0,0,0,0.0,0.0,1,0,0,1,0,1,1,100.0%,247,247.0,2,11,25,44.0%,11.0,-,-,1,NA,NA,NA,NA,0,0.000,NA,-,-,1.0,0.0,0.0%,NA,NA,NA,NA,NA,NA,NA,NA,NA,-,-,-,0,0.000,NA,NA,NA,NA,NA,NA,NA,NA,0.0,0,1100.0%,0.4583333333,261%,4.2%,0.208,6.5,2400.0%,+0.10,+10.90,0.5,24600.0%,12.5%,0,@ MIA,7,·,20.7,-3.7
3,8183,Brock Purdy,QB,26.7,SF,1,1,31.28,31.28,1,1,54,54,0,55.6%,139,27,15,10,12,0,133.80,331,0,4,297,11.00,19.80,0,0,0,0,0,0,0,0,0.0,0.0,2,0,1,34,0,34,17,100.0%,331,331.0,4,15,29,51.7%,15.0,-,-,2,NA,NA,NA,NA,1,0.500,NA,-,-,34.0,1.0,50.0%,NA,NA,NA,NA,NA,NA,NA,NA,NA,-,-,-,0,0.000,NA,NA,NA,NA,NA,NA,NA,NA,0.0,0,1400.0%,0.5185185185,324%,11.1%,0.143,10.1,2800.0%,+0.00,+24.00,0.9,29700.0%,28.6%,1,vs ARI,15,·,21.6,9.7
3,12526,Tetairoa McMillan,WR,23.5,CAR,87,88,3.70,2.7,1,1,77,73,0,0.0%,0,0,0,0,0,0,0.00,0,0,0,0,0.00,0.00,2,17,0,1,0,5,0,17,8.5,3.4,0,0,0,17,0,0,0,94.8%,17,17.0,0,1,5,20.0%,1.0,-,-,0,NA,NA,NA,NA,0,NA,NA,-,-,0.0,NA,NA,NA,NA,NA,NA,47,0.36,0.021,0.106,10.4%,-,-,-,17,1.000,0.5,1110%,0.1,0,1,3,2,1,5.0,2,0.0%,NA,NA,NA,NA,NA,NA,NA,NA,NA,0.0%,NA,NA,@ CLE,6,·,14.2,-10.5
3,8137,George Pickens,WR,25.6,DAL,23,26,15.20,11.7,1,1,74,63,0,0.0%,0,0,0,0,0,0,0.00,0,0,0,0,0.00,0.00,7,59,0,4,0,11,23,82,11.7,7.5,0,0,0,82,0,0,0,85.1%,82,82.0,0,4,11,36.4%,4.0,-,-,0,NA,NA,NA,NA,0,NA,NA,-,-,0.0,NA,NA,NA,NA,NA,NA,38,2.16,0.105,0.289,27.5%,-,-,-,82,4.000,0.6,800%,0.3,3,2,4,6,2,11.0,7,0.0%,NA,NA,NA,NA,NA,NA,NA,NA,NA,0.0%,NA,NA,vs BAL,16,·,14.9,0.3
3,12514,Emeka Egbuka,WR,23.9,TB,38,42,11.20,8.7,1,1,69,51,0,0.0%,0,0,0,0,0,0,0.00,0,0,0,0,0.00,0.00,5,42,0,2,0,9,20,62,12.4,6.9,0,0,0,62,0,0,0,73.9%,62,62.0,0,2,9,22.2%,2.0,-,-,0,NA,NA,NA,NA,0,NA,NA,-,-,0.0,NA,NA,NA,NA,NA,NA,35,1.77,0.057,0.257,24.3%,-,-,-,62,2.000,0.4,1000%,0.2,4,0,5,7,0,9.0,5,0.0%,NA,NA,NA,NA,NA,NA,NA,NA,NA,0.0%,NA,NA,vs MIN,10,·,9.7,1.5
3,12517,Colston Loveland,TE,22.4,CHI,27,29,7.10,5.1,1,1,72,57,0,0.0%,0,0,0,0,0,0,0.00,0,0,0,0,0.00,0.00,4,4,0,3,0,4,27,31,7.8,7.8,0,0,0,31,0,0,0,79.2%,31,31.0,0,3,4,75.0%,3.0,-,-,0,NA,NA,NA,NA,0,NA,NA,-,-,0.0,NA,NA,NA,NA,NA,NA,22,1.41,0.136,0.182,11.8%,-,-,-,31,3.000,0.8,120%,0.0,7,1,0,0,0,4.0,4,0.0%,NA,NA,NA,NA,NA,NA,NA,NA,NA,0.0%,NA,NA,vs PHI,31,·,9.1,-2.0
3,9224,Chase Brown,RB,26.5,CIN,33,30,8.90,7.9,1,1,57,40,0,0.0%,0,0,0,0,0,0,0.00,61,0,0,0,0.00,0.00,2,-1,0,1,0,2,9,8,4.0,4.0,13,0,3,69,0,61,4.69,70.2%,69,69.0,0,4,15,26.7%,4.0,-,-,13,1,2,0.10,0.154,3,0.231,0.164,-,-,61.0,2.0,15.4%,1.0,0.08,0.0,0.0,24,0.33,0.042,0.083,5.4%,-,-,-,8,1.000,0.5,NA,NA,5,NA,NA,NA,NA,2.0,2,0.0%,NA,NA,NA,NA,NA,NA,NA,NA,NA,0.0%,NA,NA,@ PIT,7,·,16.1,-7.2
3,8146,Garrett Wilson,WR,26.2,NYJ,3,3,26.70,21.7,1,1,66,62,0,0.0%,0,0,0,0,0,0,0.00,0,0,0,0,0.00,0.00,10,89,0,5,1,13,18,107,10.7,8.2,0,0,0,107,0,0,0,93.9%,107,107.0,1,6,13,46.2%,6.0,-,-,0,NA,NA,NA,NA,0,NA,NA,-,-,0.0,NA,NA,NA,NA,NA,NA,42,2.55,0.119,0.310,35.1%,-,-,-,107,6.000,0.6,990%,0.4,2,0,5,5,0,13.0,10,0.0%,NA,NA,NA,NA,NA,NA,NA,NA,NA,0.0%,NA,NA,@ DET,4,·,16.0,10.7
3,9997,Zay Flowers,WR,26.0,BAL,22,23,15.40,12.9,1,0,64,21,0,0.0%,0,0,0,0,0,0,0.00,20,0,0,0,0.00,0.00,5,50,1,5,0,6,34,84,16.8,14.0,1,0,1,104,0,20,20,32.8%,104,104.0,0,6,7,85.7%,6.0,-,-,1,NA,NA,NA,NA,1,1.000,NA,-,-,20.0,NA,NA,NA,NA,NA,NA,15,5.60,0.333,0.400,30.0%,-,-,-,84,5.000,1.0,860%,0.3,7,2,1,5,0,6.0,5,0.0%,NA,NA,NA,NA,NA,NA,NA,NA,NA,0.0%,NA,NA,@ DAL,18,·,14.1,1.3
3,7569,Nico Collins,WR,27.5,HOU,0,0,0.00,0,0,0,0,0,0,0.0%,0,0,0,0,0,0,0.00,0,0,0,0,0.00,0.00,0,0,0,0,0,0,0,0,0.0,0.0,0,0,0,0,0,0,0,-,0,0.0,0,0,0,NA,0.0,-,-,NA,NA,NA,NA,NA,0,NA,NA,-,-,0.0,NA,NA,NA,NA,NA,NA,NA,NA,NA,NA,NA,-,-,-,0,0.000,NA,NA,NA,NA,NA,NA,NA,NA,NA,NA,0.0%,NA,NA,NA,NA,NA,NA,NA,NA,NA,0.0%,NA,NA,@ IND,2,OUT,OUT,NA
3,12518,Tyler Warren,TE,24.3,IND,10,13,14.70,10.2,1,1,71,67,0,0.0%,0,0,0,0,0,0,0.00,2,0,0,0,0.00,0.00,9,17,1,2,0,10,38,55,6.1,5.5,1,0,1,57,0,2,2,94.4%,57,57.0,0,3,11,27.3%,3.0,-,-,1,NA,NA,NA,NA,1,1.000,NA,-,-,2.0,NA,NA,NA,NA,NA,NA,37,1.49,0.054,0.270,27.8%,-,-,-,55,2.000,0.2,260%,0.1,4,0,2,5,0,10.0,9,0.0%,NA,NA,NA,NA,NA,NA,NA,NA,NA,0.0%,NA,NA,vs HOU,18,·,10.3,4.4
3,11635,Ladd McConkey,WR,24.9,LAC,42,43,10.60,8.6,1,1,69,61,0,0.0%,0,0,0,0,0,0,0.00,0,0,0,0,0.00,0.00,4,53,0,3,0,5,13,66,16.5,13.2,0,0,0,66,0,0,0,88.4%,66,66.0,0,3,5,60.0%,3.0,-,-,0,NA,NA,NA,NA,0,NA,NA,-,-,0.0,NA,NA,NA,NA,NA,NA,31,2.13,0.097,0.161,14.7%,-,-,-,66,3.000,0.8,1440%,0.3,3,0,3,3,0,5.0,4,0.0%,NA,NA,NA,NA,NA,NA,NA,NA,NA,0.0%,NA,NA,@ BUF,3,·,14.1,-3.5
3,8155,Breece Hall,RB,25.3,NYJ,34,34,8.50,7,1,1,66,32,0,0.0%,0,0,0,0,0,0,0.00,32,0,0,0,0.00,0.00,3,-2,0,1,0,3,25,23,7.7,7.7,13,0,4,55,0,32,2.46,48.5%,55,55.0,0,5,16,31.3%,5.0,-,-,13,20,4,1.50,0.308,4,0.308,0.458,-,-,32.0,1.0,7.7%,8.0,0.62,3.0,2.0,13,1.77,0.077,0.231,8.1%,-,-,-,23,1.000,0.3,NA,NA,8,NA,NA,NA,NA,3.0,3,0.0%,NA,NA,NA,NA,NA,NA,NA,NA,NA,0.0%,NA,NA,@ DET,12,OUT,15.9,-7.4
3,11563,Bo Nix,QB,26.6,DEN,5,5,25.14,25.14,1,1,67,67,0,50.0%,63,34,17,8,17,1,73.90,193,1,2,186,5.47,10.94,0,0,0,0,0,0,0,0,0.0,0.0,4,0,1,7,1,7,1.75,100.0%,193,193.0,3,12,38,31.6%,12.0,-,-,4,NA,NA,NA,NA,2,0.500,NA,-,-,7.0,0.0,0.0%,NA,NA,NA,NA,NA,NA,NA,NA,NA,-,-,-,0,0.000,NA,NA,NA,NA,NA,NA,NA,NA,0.0,0,1000.0%,0.2941176471,303%,8.8%,0.343,6.8,3500.0%,-0.10,-5.30,-0.2,18600.0%,40.0%,1,vs LAR,26,·,17.3,7.8
3,4034,Christian McCaffrey,RB,30.3,SF,6,5,21.60,19.6,1,1,54,45,0,0.0%,0,0,0,0,0,0,0.00,75,0,0,0,0.00,0.00,4,17,0,3,0,5,24,41,10.3,8.2,15,0,3,116,1,75,5,83.3%,116,116.0,1,7,20,35.0%,7.0,-,-,15,47,3,3.10,0.200,4,0.267,0.510,-,-,75.0,3.0,20.0%,-6.0,-0.40,2.0,1.0,22,1.86,0.136,0.227,18.5%,-,-,-,41,3.000,0.8,NA,NA,6,NA,NA,NA,NA,5.0,4,0.0%,NA,NA,NA,NA,NA,NA,NA,NA,NA,0.0%,NA,NA,vs ARI,28,·,20.6,1.0
3,7525,DeVonta Smith,WR,27.8,PHI,32,38,12.50,9.5,1,1,50,50,0,0.0%,0,0,0,0,0,0,0.00,0,0,0,0,0.00,0.00,6,38,0,2,0,8,27,65,10.8,8.1,0,0,0,65,0,0,0,100.0%,65,65.0,0,2,8,25.0%,2.0,-,-,0,NA,NA,NA,NA,0,NA,NA,-,-,0.0,NA,NA,NA,NA,NA,NA,30,2.17,0.067,0.267,30.8%,-,-,-,65,2.000,0.3,730%,0.3,5,1,2,5,0,8.0,6,0.0%,NA,NA,NA,NA,NA,NA,NA,NA,NA,0.0%,NA,NA,@ CHI,20,·,15.6,-3.1
3,12519,Luther Burden,WR,22.8,CHI,13,15,19.80,16.3,1,1,72,44,0,0.0%,0,0,0,0,0,0,0.00,7,0,0,0,0.00,0.00,7,32,0,2,1,11,29,61,8.7,5.6,1,0,0,68,0,7,7,61.1%,68,68.0,1,3,12,25.0%,3.0,-,-,1,NA,NA,NA,NA,0,0.000,NA,-,-,7.0,NA,NA,NA,NA,NA,NA,26,2.35,0.077,0.423,32.4%,-,-,-,61,3.000,0.4,470%,0.2,4,4,2,10,1,11.0,7,0.0%,NA,NA,NA,NA,NA,NA,NA,NA,NA,0.0%,NA,NA,vs PHI,15,·,9.5,10.3
3,9487,Parker Washington,WR,24.5,JAX,29,28,13.00,11.5,1,1,62,50,0,0.0%,0,0,0,0,0,0,0.00,0,0,0,0,0.00,0.00,3,36,0,1,1,5,4,40,13.3,8.0,0,0,0,40,0,0,0,80.6%,40,40.0,1,2,5,40.0%,2.0,-,-,0,NA,NA,NA,NA,0,NA,NA,-,-,0.0,NA,NA,NA,NA,NA,NA,28,1.43,0.036,0.179,17.2%,-,-,-,40,2.000,0.7,1200%,0.3,1,3,4,2,2,5.0,3,0.0%,NA,NA,NA,NA,NA,NA,NA,NA,NA,0.0%,NA,NA,vs NE,22,·,15.3,-2.3
3,13286,Jadarian Price,RB,23.0,SEA,71,71,1.20,0.7,1,1,67,19,1,0.0%,0,0,0,0,0,0,0.00,15,0,0,0,0.00,0.00,1,2,0,0,0,3,5,7,7.0,2.3,5,1,2,22,0,15,3,28.4%,22,22.0,0,2,8,25.0%,2.0,-,-,5,17,4,3.30,0.800,2,0.400,1.130,-,-,15.0,1.0,20.0%,-1.0,-0.20,0.0,0.0,9,0.78,0.000,0.333,6.5%,-,-,-,7,0.000,0.0,NA,NA,5,NA,NA,NA,NA,3.0,1,0.0%,NA,NA,NA,NA,NA,NA,NA,NA,NA,0.0%,NA,NA,@ WAS,32,·,10.1,-8.9
3,6804,Jordan Love,QB,27.9,GB,16,16,19.48,19.48,1,1,66,66,1,52.8%,178,53,28,13,25,1,75.40,312,1,2,312,5.89,11.14,0,0,0,0,0,0,0,0,0.0,0.0,1,0,0,0,0,0,0,100.0%,312,312.0,2,15,54,27.8%,15.0,-,-,1,NA,NA,NA,NA,0,0.000,NA,-,-,0.0,0.0,0.0%,NA,NA,NA,NA,NA,NA,NA,NA,NA,-,-,-,0,0.000,NA,NA,NA,NA,NA,NA,NA,NA,0.0,0,1500.0%,0.2830188679,254%,13.2%,0.418,8.4,5500.0%,-0.08,-0.80,0.0,31200.0%,18.2%,1,vs ATL,14,·,16.5,3.0
3,13269,Fernando Mendoza,QB,23.0,LV,999,999,0.00,0,0,0,70,0,0,0.0%,0,0,0,0,0,0,0.00,0,0,0,0,0.00,0.00,0,0,0,0,0,0,0,0,0.0,0.0,0,0,0,0,0,0,0,0.0%,0,0.0,0,0,0,NA,0.0,-,-,NA,NA,NA,NA,NA,0,NA,NA,-,-,0.0,NA,NA,NA,NA,NA,NA,NA,NA,NA,NA,NA,-,-,-,0,0.000,NA,NA,NA,NA,NA,NA,NA,NA,NA,NA,0.0%,NA,NA,NA,NA,NA,NA,NA,NA,NA,0.0%,NA,NA,@ NO,19,·,·,NA
3,4866,Saquon Barkley,RB,29.6,PHI,32,26,9.00,8.5,1,1,50,36,0,0.0%,0,0,0,0,0,0,0.00,82,0,0,0,0.00,0.00,1,-6,0,0,0,2,4,-2,-2.0,-1.0,15,0,4,80,0,82,5.47,72.0%,80,80.0,0,4,17,23.5%,4.0,-,-,15,36,1,2.40,0.067,4,0.267,0.307,-,-,82.0,3.0,20.0%,15.0,1.00,3.0,2.0,13,-0.15,0.000,0.154,7.7%,-,-,-,-2,0.000,0.0,NA,NA,4,NA,NA,NA,NA,2.0,1,0.0%,NA,NA,NA,NA,NA,NA,NA,NA,NA,0.0%,NA,NA,@ CHI,9,·,15.9,-6.9
3,12545,Tyler Shough,QB,27.0,NO,6,6,24.80,24.8,1,1,74,74,2,69.1%,132,42,29,14,13,1,106.70,291,2,4,255,6.07,8.79,0,0,0,0,0,0,0,0,0.0,0.0,1,0,1,36,0,36,36,100.0%,291,291.0,4,19,43,44.2%,19.0,-,-,1,NA,NA,NA,NA,1,1.000,NA,-,-,36.0,1.0,100.0%,NA,NA,NA,NA,NA,NA,NA,NA,NA,-,-,-,0,0.000,NA,NA,NA,NA,NA,NA,NA,NA,0.0,0,1800.0%,0.4285714286,268%,9.5%,0.178,7.6,4500.0%,+0.02,-6.30,-0.1,25500.0%,17.8%,1,vs LV,24,·,18.4,6.5
3,13279,Carnell Tate,WR,21.7,TEN,37,40,11.80,8.8,1,0,60,53,0,0.0%,0,0,0,0,0,0,0.00,0,0,0,0,0.00,0.00,6,43,0,3,0,9,15,58,9.7,6.4,0,0,0,58,0,0,0,88.3%,58,58.0,0,3,9,33.3%,3.0,-,-,0,NA,NA,NA,NA,0,NA,NA,-,-,0.0,NA,NA,NA,NA,NA,NA,33,1.76,0.091,0.273,25.0%,-,-,-,58,3.000,0.5,1060%,0.4,3,1,4,7,1,9.0,6,0.0%,NA,NA,NA,NA,NA,NA,NA,NA,NA,0.0%,NA,NA,@ NYG,11,·,9.1,2.8
3,3294,Dak Prescott,QB,33.2,DAL,19,19,18.94,18.94,1,1,74,74,0,62.5%,161,40,25,13,15,0,91.30,295,1,1,276,6.90,11.04,0,0,0,0,0,0,0,0,0.0,0.0,4,0,1,19,0,19,4.75,100.0%,295,295.0,1,15,44,34.1%,15.0,-,-,4,NA,NA,NA,NA,1,0.250,NA,-,-,19.0,0.0,0.0%,NA,NA,NA,NA,NA,NA,NA,NA,NA,-,-,-,0,0.000,NA,NA,NA,NA,NA,NA,NA,NA,0.0,0,1400.0%,0.35,267%,5%,0.318,7.4,4400.0%,-0.02,+7.20,0.2,27600.0%,40.9%,1,vs BAL,18,·,19.0,0.0
3,9484,Tucker Kraft,TE,25.9,GB,29,31,6.60,4.6,1,1,66,50,0,0.0%,0,0,0,0,0,0,0.00,0,0,0,0,0.00,0.00,4,8,3,1,0,8,18,26,6.5,3.3,0,0,0,26,0,0,0,75.8%,26,26.0,0,1,8,12.5%,1.0,-,-,0,NA,NA,NA,NA,0,NA,NA,-,-,0.0,NA,NA,NA,NA,NA,NA,39,0.67,0.026,0.205,15.1%,-,-,-,26,1.000,0.3,420%,0.1,5,1,1,5,0,8.0,4,0.0%,NA,NA,NA,NA,NA,NA,NA,NA,NA,0.0%,NA,NA,vs ATL,4,·,11.5,-4.9
3,6801,Tee Higgins,WR,27.7,CIN,8,8,21.00,18,1,1,57,53,0,0.0%,0,0,0,0,0,0,0.00,0,0,0,0,0.00,0.00,6,83,0,3,1,7,7,90,15.0,12.9,0,0,0,90,0,0,0,93.0%,90,90.0,1,4,7,57.1%,4.0,-,-,0,NA,NA,NA,NA,0,NA,NA,-,-,0.0,NA,NA,NA,NA,NA,NA,38,2.37,0.079,0.184,18.9%,-,-,-,90,4.000,0.7,1350%,0.4,1,1,5,2,1,7.0,6,0.0%,NA,NA,NA,NA,NA,NA,NA,NA,NA,0.0%,NA,NA,@ PIT,31,·,13.5,7.5
3,12481,Cam Skattebo,RB,24.6,NYG,17,17,13.00,11.5,1,1,64,49,1,0.0%,0,0,0,0,0,0,0.00,60,0,0,0,0.00,0.00,3,30,1,1,0,4,10,40,13.3,10.0,20,0,3,100,0,60,3,76.6%,100,100.0,0,4,24,16.7%,4.0,-,-,20,74,6,3.70,0.300,3,0.150,0.670,-,-,60.0,2.0,10.0%,-8.0,-0.40,4.0,4.0,18,2.22,0.056,0.222,18.2%,-,-,-,40,1.000,0.3,NA,NA,3,NA,NA,NA,NA,4.0,3,0.0%,NA,NA,NA,NA,NA,NA,NA,NA,NA,0.0%,NA,NA,vs TEN,13,·,15.1,-2.1
3,11584,Bucky Irving,RB,24.1,TB,35,35,7.80,6.8,1,1,69,36,0,0.0%,0,0,0,0,0,0,0.00,46,0,0,0,0.00,0.00,2,10,1,1,0,4,2,12,6.0,3.0,15,0,1,58,0,46,3.07,52.2%,58,58.0,0,2,19,10.5%,2.0,-,-,15,27,5,1.80,0.333,1,0.067,0.513,-,-,46.0,0.0,0.0%,-15.0,-1.00,0.0,0.0,15,0.80,0.067,0.267,10.8%,-,-,-,12,1.000,0.5,NA,NA,1,NA,NA,NA,NA,4.0,2,0.0%,NA,NA,NA,NA,NA,NA,NA,NA,NA,0.0%,NA,NA,vs MIN,29,·,14.7,-6.9
3,7588,Javonte Williams,RB,26.4,DAL,10,10,18.30,17.3,1,1,74,56,1,0.0%,0,0,0,0,0,0,0.00,98,0,0,0,0.00,0.00,2,-4,0,1,0,3,9,5,2.5,1.7,19,0,6,103,1,98,5.16,75.7%,103,103.0,1,8,22,36.4%,8.0,-,-,19,44,2,2.30,0.105,7,0.368,0.335,-,-,98.0,3.0,15.8%,14.0,0.74,5.0,2.0,21,0.24,0.048,0.143,7.5%,-,-,-,5,1.000,0.5,NA,NA,5,NA,NA,NA,NA,3.0,2,0.0%,NA,NA,NA,NA,NA,NA,NA,NA,NA,0.0%,NA,NA,vs BAL,15,·,15.4,2.9
3,8150,Kyren Williams,RB,26.1,LAR,5,9,21.80,18.8,1,1,86,61,0,0.0%,0,0,0,0,0,0,0.00,88,0,0,0,0.00,0.00,6,40,0,4,0,7,30,70,11.7,10.0,15,1,4,158,0,88,5.87,70.9%,158,158.0,0,8,22,36.4%,8.0,-,-,15,54,7,3.60,0.467,4,0.267,0.827,-,-,88.0,1.0,6.7%,34.0,2.27,2.0,0.0,25,2.80,0.160,0.280,12.7%,-,-,-,70,4.000,0.7,NA,NA,5,NA,NA,NA,NA,7.0,6,0.0%,NA,NA,NA,NA,NA,NA,NA,NA,NA,0.0%,NA,NA,@ DEN,4,·,13.5,8.3
3,11620,Rome Odunze,WR,24.3,CHI,60,60,7.40,5.9,1,1,72,61,0,0.0%,0,0,0,0,0,0,0.00,0,0,0,0,0.00,0.00,3,44,0,2,0,6,0,44,14.7,7.3,0,0,0,44,0,0,0,84.7%,44,44.0,0,2,6,33.3%,2.0,-,-,0,NA,NA,NA,NA,0,NA,NA,-,-,0.0,NA,NA,NA,NA,NA,NA,28,1.57,0.071,0.214,17.6%,-,-,-,44,2.000,0.7,1570%,0.4,0,2,5,2,1,6.0,3,0.0%,NA,NA,NA,NA,NA,NA,NA,NA,NA,0.0%,NA,NA,vs PHI,15,·,8.1,-0.7
3,12529,TreVeyon Henderson,RB,23.9,NE,48,45,3.90,3.4,1,0,63,23,0,0.0%,0,0,0,0,0,0,0.00,23,0,0,0,0.00,0.00,1,4,0,0,0,1,2,6,6.0,6.0,8,0,0,29,0,23,2.88,36.5%,29,29.0,0,0,9,0.0%,0.0,-,-,8,22,1,2.70,0.125,0,0.000,0.395,-,-,23.0,0.0,0.0%,-9.0,-1.13,1.0,0.0,12,0.50,0.000,0.083,3.2%,-,-,-,6,0.000,0.0,NA,NA,2,NA,NA,NA,NA,1.0,1,0.0%,NA,NA,NA,NA,NA,NA,NA,NA,NA,0.0%,NA,NA,@ JAX,19,·,12.6,-8.7
3,7526,Jaylen Waddle,WR,27.8,DEN,65,64,6.40,5.4,1,1,67,49,0,0.0%,0,0,0,0,0,0,0.00,14,0,0,0,0.00,0.00,2,7,0,1,0,7,3,10,5.0,1.4,1,1,1,24,0,14,14,73.1%,24,24.0,0,2,8,25.0%,2.0,-,-,1,NA,NA,NA,NA,1,1.000,NA,-,-,14.0,NA,NA,NA,NA,NA,NA,28,0.36,0.036,0.250,20.6%,-,-,-,10,1.000,0.5,1100%,0.4,2,0,2,3,0,7.0,2,0.0%,NA,NA,NA,NA,NA,NA,NA,NA,NA,0.0%,NA,NA,vs LAR,14,·,13.3,-6.9
3,10229,Rashee Rice,WR,26.4,KC,20,25,15.80,12.3,1,0,52,40,0,0.0%,0,0,0,0,0,0,0.00,0,0,0,0,0.00,0.00,7,33,1,2,0,9,55,88,12.6,9.8,0,0,0,88,0,0,0,76.9%,88,88.0,0,2,9,22.2%,2.0,-,-,0,NA,NA,NA,NA,0,NA,NA,-,-,0.0,NA,NA,NA,NA,NA,NA,18,4.89,0.111,0.500,37.5%,-,-,-,88,2.000,0.3,730%,0.4,8,2,3,5,0,9.0,7,0.0%,NA,NA,NA,NA,NA,NA,NA,NA,NA,0.0%,NA,NA,@ MIA,27,·,12.2,3.6
3,12512,Quinshon Judkins,RB,22.9,CLE,25,24,9.90,8.9,1,1,70,36,0,0.0%,0,0,0,0,0,0,0.00,70,0,0,0,0.00,0.00,2,-6,0,0,0,2,15,9,4.5,4.5,18,4,2,79,0,70,3.89,51.4%,79,79.0,0,2,20,10.0%,2.0,-,-,18,63,2,3.50,0.111,2,0.111,0.461,-,-,70.0,2.0,11.1%,7.0,0.39,3.0,1.0,11,0.82,0.000,0.182,6.5%,-,-,-,9,0.000,0.0,NA,NA,8,NA,NA,NA,NA,2.0,2,0.0%,NA,NA,NA,NA,NA,NA,NA,NA,NA,0.0%,NA,NA,vs CAR,1,·,12.3,-2.4
3,3198,Derrick Henry,RB,32.7,BAL,4,3,21.90,21.4,1,1,64,43,0,0.0%,0,0,0,0,0,0,0.00,89,0,0,0,0.00,0.00,1,-5,0,0,0,1,5,0,0.0,0.0,26,0,2,89,2,89,3.42,67.2%,89,89.0,2,4,27,14.8%,4.0,-,-,26,44,5,1.70,0.192,4,0.154,0.362,-,-,89.0,2.0,7.7%,9.0,0.35,9.0,7.0,7,0.00,0.000,0.143,5.0%,-,-,-,0,0.000,0.0,NA,NA,5,NA,NA,NA,NA,1.0,1,0.0%,NA,NA,NA,NA,NA,NA,NA,NA,NA,0.0%,NA,NA,@ DAL,10,·,18.9,3.0
3,13281,Jordyn Tyson,WR,22.1,NO,999,999,0.00,0,0,0,0,0,0,0.0%,0,0,0,0,0,0,0.00,0,0,0,0,0.00,0.00,0,0,0,0,0,0,0,0,0.0,0.0,0,0,0,0,0,0,0,-,0,0.0,0,0,0,NA,0.0,-,-,NA,NA,NA,NA,NA,0,NA,NA,-,-,0.0,NA,NA,NA,NA,NA,NA,NA,NA,NA,NA,NA,-,-,-,0,0.000,NA,NA,NA,NA,NA,NA,NA,NA,NA,NA,0.0%,NA,NA,NA,NA,NA,NA,NA,NA,NA,0.0%,NA,NA,vs LV,29,IR,IR,NA
3,5859,A.J. Brown,WR,29.2,NE,999,999,0.00,0,0,0,0,0,0,0.0%,0,0,0,0,0,0,0.00,0,0,0,0,0.00,0.00,0,0,0,0,0,0,0,0,0.0,0.0,0,0,0,0,0,0,0,-,0,0.0,0,0,0,NA,0.0,-,-,NA,NA,NA,NA,NA,0,NA,NA,-,-,0.0,NA,NA,NA,NA,NA,NA,NA,NA,NA,NA,NA,-,-,-,0,0.000,NA,NA,NA,NA,NA,NA,NA,NA,NA,NA,0.0%,NA,NA,NA,NA,NA,NA,NA,NA,NA,0.0%,NA,NA,@ JAX,17,IR,IR,NA
3,6790,D'Andre Swift,RB,27.7,CHI,23,22,10.80,9.8,1,1,72,50,0,0.0%,0,0,0,0,0,0,0.00,84,0,0,0,0.00,0.00,2,-1,0,1,0,3,5,4,2.0,1.3,20,2,2,88,0,84,4.2,69.4%,88,88.0,0,3,23,13.0%,3.0,-,-,20,58,7,2.90,0.350,2,0.100,0.640,-,-,84.0,1.0,5.0%,-5.0,-0.25,6.0,4.0,15,0.27,0.067,0.200,8.8%,-,-,-,4,1.000,0.5,NA,NA,3,NA,NA,NA,NA,3.0,2,0.0%,NA,NA,NA,NA,NA,NA,NA,NA,NA,0.0%,NA,NA,vs PHI,17,·,13.2,-2.4
3,8167,Christian Watson,WR,27.4,GB,6,6,22.60,19.1,1,1,66,53,0,0.0%,0,0,0,0,0,0,0.00,0,0,0,0,0.00,0.00,7,70,0,4,1,10,26,96,13.7,9.6,0,0,0,96,0,0,0,80.3%,96,96.0,1,5,10,50.0%,5.0,-,-,0,NA,NA,NA,NA,0,NA,NA,-,-,0.0,NA,NA,NA,NA,NA,NA,44,2.18,0.091,0.227,18.9%,-,-,-,96,5.000,0.7,990%,0.2,4,3,5,6,2,10.0,7,0.0%,NA,NA,NA,NA,NA,NA,NA,NA,NA,0.0%,NA,NA,vs ATL,19,·,15.6,7.0
3,3163,Jared Goff,QB,31.9,DET,18,17,19.36,19.36,1,1,65,65,0,78.1%,143,32,25,12,7,0,122.50,275,2,2,269,8.41,10.76,0,0,0,0,0,0,0,0,0.0,0.0,4,0,0,6,0,6,1.5,100.0%,275,275.0,2,14,36,38.9%,14.0,-,-,4,NA,NA,NA,NA,0,0.000,NA,-,-,6.0,0.0,0.0%,NA,NA,NA,NA,NA,NA,NA,NA,NA,-,-,-,0,0.000,NA,NA,NA,NA,NA,NA,NA,NA,0.0,0,1400.0%,0.4375,289%,0%,0.306,6.4,3600.0%,+0.08,+12.00,0.3,26900.0%,44.4%,1,vs NYJ,27,·,19.5,-0.1
3,9228,Bryce Young,QB,25.2,CAR,22,22,14.64,14.64,1,1,77,77,0,54.2%,158,48,26,16,22,1,70.70,291,3,1,291,6.06,11.19,0,0,0,0,0,0,0,0,0.0,0.0,0,0,0,0,0,0,0,100.0%,291,291.0,1,17,48,35.4%,17.0,-,-,0,NA,NA,NA,NA,0,NA,NA,-,-,0.0,0.0,NA,NA,NA,NA,NA,NA,NA,NA,NA,NA,-,-,-,0,0.000,NA,NA,NA,NA,NA,NA,NA,NA,0.0,0,1700.0%,0.3541666667,309%,12.5%,0.51,10.3,5100.0%,-0.02,-9.20,-0.2,29100.0%,29.4%,1,@ CLE,11,·,16.2,-1.6
3,10859,Sam LaPorta,TE,25.7,DET,25,25,7.40,5.9,1,1,65,60,0,0.0%,0,0,0,0,0,0,0.00,0,0,0,0,0.00,0.00,3,30,0,1,0,4,14,44,14.7,11.0,0,0,0,44,0,0,0,92.3%,44,44.0,0,1,4,25.0%,1.0,-,-,0,NA,NA,NA,NA,0,NA,NA,-,-,0.0,NA,NA,NA,NA,NA,NA,31,1.42,0.032,0.129,12.5%,-,-,-,44,1.000,0.3,1220%,0.2,5,1,2,0,1,4.0,3,0.0%,NA,NA,NA,NA,NA,NA,NA,NA,NA,0.0%,NA,NA,vs NYJ,30,·,12.3,-4.9
3,9758,C.J. Stroud,QB,25.0,HOU,26,26,11.68,11.68,1,1,54,54,0,59.3%,137,27,16,7,11,0,89.60,177,3,1,167,6.19,10.44,0,0,0,0,0,0,0,0,0.0,0.0,2,0,2,10,0,10,5,100.0%,177,177.0,1,10,29,34.5%,10.0,-,-,2,NA,NA,NA,NA,2,1.000,NA,-,-,10.0,0.0,0.0%,NA,NA,NA,NA,NA,NA,NA,NA,NA,-,-,-,0,0.000,NA,NA,NA,NA,NA,NA,NA,NA,0.0,0,800.0%,0.2962962963,322%,14.8%,0.226,11.3,3100.0%,+0.08,-3.30,-0.1,16700.0%,19.4%,1,@ IND,3,·,15.4,-3.7
3,13294,Makai Lemon,WR,22.3,PHI,69,70,5.90,4.4,1,1,50,35,0,0.0%,0,0,0,0,0,0,0.00,0,0,0,0,0.00,0.00,3,12,0,2,0,4,17,29,9.7,7.3,0,0,0,29,0,0,0,70.0%,29,29.0,0,2,4,50.0%,2.0,-,-,0,NA,NA,NA,NA,0,NA,NA,-,-,0.0,NA,NA,NA,NA,NA,NA,26,1.12,0.077,0.154,15.4%,-,-,-,29,2.000,0.7,1190%,0.3,6,0,2,1,0,4.0,3,0.0%,NA,NA,NA,NA,NA,NA,NA,NA,NA,0.0%,NA,NA,@ CHI,20,·,6.3,-0.4
3,8148,Jameson Williams,WR,25.5,DET,47,54,8.90,6.9,1,1,65,53,0,0.0%,0,0,0,0,0,0,0.00,0,0,0,0,0.00,0.00,4,48,0,2,0,4,1,49,12.3,12.3,0,0,0,49,0,0,0,81.5%,49,49.0,0,2,4,50.0%,2.0,-,-,0,NA,NA,NA,NA,0,NA,NA,-,-,0.0,NA,NA,NA,NA,NA,NA,29,1.69,0.069,0.138,12.5%,-,-,-,49,2.000,0.5,1210%,0.2,0,0,2,1,0,4.0,4,0.0%,NA,NA,NA,NA,NA,NA,NA,NA,NA,0.0%,NA,NA,vs NYJ,23,·,12.8,-3.9
3,13298,KC Concepcion,WR,22.0,CLE,99,101,2.90,1.9,1,1,70,60,0,0.0%,0,0,0,0,0,0,0.00,0,0,0,0,0.00,0.00,2,9,0,1,0,9,0,9,4.5,1.0,0,0,0,9,0,0,0,85.7%,9,9.0,0,1,9,11.1%,1.0,-,-,0,NA,NA,NA,NA,0,NA,NA,-,-,0.0,NA,NA,NA,NA,NA,NA,34,0.26,0.029,0.265,29.0%,-,-,-,9,1.000,0.5,430%,0.2,0,0,1,6,0,9.0,2,0.0%,NA,NA,NA,NA,NA,NA,NA,NA,NA,0.0%,NA,NA,vs CAR,21,·,9.5,-6.6
3,12506,Harold Fannin,TE,22.2,CLE,3,3,24.10,20.6,1,0,70,60,0,0.0%,0,0,0,0,0,0,0.00,0,0,0,0,0.00,0.00,7,25,1,1,2,9,26,51,7.3,5.7,0,0,0,51,0,0,0,85.7%,51,51.0,2,3,9,33.3%,3.0,-,-,0,NA,NA,NA,NA,0,NA,NA,-,-,0.0,NA,NA,NA,NA,NA,NA,30,1.70,0.033,0.300,29.0%,-,-,-,51,3.000,0.4,890%,0.5,4,2,3,4,2,9.0,7,0.0%,NA,NA,NA,NA,NA,NA,NA,NA,NA,0.0%,NA,NA,vs CAR,24,·,9.4,14.7
3,4892,Baker Mayfield,QB,31.4,TB,25,25,12.28,12.28,1,1,69,65,0,50.0%,95,34,17,6,17,1,67.90,223,6,1,217,6.38,12.76,0,0,0,0,0,0,0,0,0.0,0.0,2,0,1,6,0,6,3,94.2%,223,223.0,1,8,36,22.2%,8.0,-,-,2,NA,NA,NA,NA,1,0.500,NA,-,-,6.0,0.0,0.0%,NA,NA,NA,NA,NA,NA,NA,NA,NA,-,-,-,0,0.000,NA,NA,NA,NA,NA,NA,NA,NA,0.0,0,700.0%,0.2058823529,308%,5.9%,0.452,8.6,4200.0%,-0.16,-12.70,-0.3,21700.0%,61.9%,1,vs MIN,20,Q,16.0,-3.7
3,12490,Bhayshul Tuten,RB,23.6,JAX,11,11,17.00,16,1,1,62,30,0,0.0%,0,0,0,0,0,0,0.00,73,0,0,0,0.00,0.00,2,-7,0,1,0,2,24,17,8.5,8.5,15,1,4,90,1,73,4.87,48.4%,90,90.0,1,6,17,35.3%,6.0,-,-,15,75,5,5.00,0.333,5,0.333,0.833,-,-,73.0,1.0,6.7%,15.0,1.00,4.0,1.0,8,2.13,0.125,0.250,6.9%,-,-,-,17,1.000,0.5,NA,NA,12,NA,NA,NA,NA,2.0,2,0.0%,NA,NA,NA,NA,NA,NA,NA,NA,NA,0.0%,NA,NA,vs NE,26,·,11.4,5.7
3,7543,Travis Etienne,RB,27.6,NO,31,29,9.00,8,1,1,74,28,0,0.0%,0,0,0,0,0,0,0.00,57,0,0,0,0.00,0.00,2,0,0,1,0,2,13,13,6.5,6.5,13,1,4,70,0,57,4.38,37.8%,70,70.0,0,5,15,33.3%,5.0,-,-,13,40,4,3.10,0.308,4,0.308,0.618,-,-,57.0,1.0,7.7%,1.0,0.08,3.0,2.0,10,1.30,0.100,0.200,4.8%,-,-,-,13,1.000,0.5,NA,NA,7,NA,NA,NA,NA,2.0,2,0.0%,NA,NA,NA,NA,NA,NA,NA,NA,NA,0.0%,NA,NA,vs LV,20,Q,11.3,-2.3
3,4943,Sam Darnold,QB,29.3,SEA,2,2,29.66,29.66,1,1,67,67,0,68.9%,210,45,31,17,14,2,105.70,384,0,4,379,8.42,12.23,0,0,0,0,0,0,0,0,0.0,0.0,1,0,1,5,0,5,5,100.0%,384,384.0,4,22,46,47.8%,22.0,-,-,1,NA,NA,NA,NA,1,1.000,NA,-,-,5.0,0.0,0.0%,NA,NA,NA,NA,NA,NA,NA,NA,NA,-,-,-,0,0.000,NA,NA,NA,NA,NA,NA,NA,NA,0.0,0,2100.0%,0.4666666667,329%,6.7%,0.348,7.1,4600.0%,+0.07,+2.10,0.1,37900.0%,50.0%,1,@ WAS,2,·,16.9,12.7
3,11631,Brian Thomas Jr.,WR,24.0,JAX,106,106,1.80,1.3,1,0,62,23,0,0.0%,0,0,0,0,0,0,0.00,0,0,0,0,0.00,0.00,1,4,0,0,0,1,4,8,8.0,8.0,0,0,0,8,0,0,0,37.1%,8,8.0,0,0,1,0.0%,0.0,-,-,0,NA,NA,NA,NA,0,NA,NA,-,-,0.0,NA,NA,NA,NA,NA,NA,14,0.57,0.000,0.071,3.4%,-,-,-,8,0.000,0.0,390%,0.0,4,0,0,1,0,1.0,1,0.0%,NA,NA,NA,NA,NA,NA,NA,NA,NA,0.0%,NA,NA,vs NE,22,·,9.1,-7.3
3,11646,Jalen Coker,WR,24.9,CAR,86,86,3.80,2.8,1,1,77,28,0,0.0%,0,0,0,0,0,0,0.00,0,0,0,0,0.00,0.00,2,10,0,1,0,4,8,18,9.0,4.5,0,0,0,18,0,0,0,36.4%,18,18.0,0,1,4,25.0%,1.0,-,-,0,NA,NA,NA,NA,0,NA,NA,-,-,0.0,NA,NA,NA,NA,NA,NA,17,1.06,0.059,0.235,8.3%,-,-,-,18,1.000,0.5,1900%,0.2,4,0,3,0,0,4.0,2,0.0%,NA,NA,NA,NA,NA,NA,NA,NA,NA,0.0%,NA,NA,@ CLE,6,OUT,14.7,-10.9
3,12501,Matthew Golden,WR,23.1,GB,7,7,21.00,18.5,1,1,66,54,0,0.0%,0,0,0,0,0,0,0.00,0,0,0,0,0.00,0.00,5,70,1,3,1,12,30,100,20.0,8.3,0,0,0,100,0,0,0,81.8%,100,100.0,1,4,12,33.3%,4.0,-,-,0,NA,NA,NA,NA,0,NA,NA,-,-,0.0,NA,NA,NA,NA,NA,NA,44,2.27,0.068,0.273,22.6%,-,-,-,100,4.000,0.8,1790%,0.5,6,1,7,6,1,12.0,5,0.0%,NA,NA,NA,NA,NA,NA,NA,NA,NA,0.0%,NA,NA,vs ATL,19,·,11.2,9.8
3,12522,Cam Ward,QB,24.3,TEN,29,29,10.44,10.44,1,1,60,60,0,63.9%,91,36,23,10,13,1,74.00,183,0,1,181,5.03,7.87,0,0,0,0,0,0,0,0,0.0,0.0,1,0,1,2,0,2,2,100.0%,183,183.0,1,12,37,32.4%,12.0,-,-,1,NA,NA,NA,NA,1,1.000,NA,-,-,2.0,0.0,0.0%,NA,NA,NA,NA,NA,NA,NA,NA,NA,-,-,-,0,0.000,NA,NA,NA,NA,NA,NA,NA,NA,0.0,0,1100.0%,0.3055555556,272%,8.3%,0.25,6.6,3600.0%,-0.01,-12.20,-0.3,18100.0%,27.8%,1,@ NYG,8,·,12.9,-2.5
3,10236,Dalton Kincaid,TE,26.9,BUF,37,37,3.80,2.8,1,1,66,44,1,0.0%,0,0,0,0,0,0,0.00,0,0,0,0,0.00,0.00,2,20,0,1,0,3,18,38,19.0,12.7,0,0,0,38,0,0,0,66.7%,38,38.0,0,1,3,33.3%,1.0,-,-,0,NA,NA,NA,NA,0,NA,NA,-,-,0.0,NA,NA,NA,NA,NA,NA,20,1.90,0.050,0.150,11.5%,-,-,-,38,1.000,0.5,1150%,0.1,9,0,2,1,0,3.0,2,0.0%,NA,NA,NA,NA,NA,NA,NA,NA,NA,0.0%,NA,NA,vs LAC,9,·,13.2,-9.4
3,11628,Marvin Harrison Jr.,WR,24.1,ARI,62,61,7.00,5.5,1,1,87,67,0,0.0%,0,0,0,0,0,0,0.00,0,0,0,0,0.00,0.00,3,37,0,3,0,5,3,40,13.3,8.0,0,0,0,40,0,0,0,77.0%,40,40.0,0,3,5,60.0%,3.0,-,-,0,NA,NA,NA,NA,0,NA,NA,-,-,0.0,NA,NA,NA,NA,NA,NA,45,0.89,0.067,0.111,9.6%,-,-,-,40,3.000,1.0,1570%,0.2,1,0,4,2,0,5.0,3,0.0%,NA,NA,NA,NA,NA,NA,NA,NA,NA,0.0%,NA,NA,@ SF,26,·,7.6,-0.6
3,8131,Isaiah Likely,TE,26.4,NYG,42,44,3.30,2.3,1,1,64,54,0,0.0%,0,0,0,0,0,0,0.00,0,0,0,0,0.00,0.00,2,8,2,1,0,5,5,13,6.5,2.6,0,0,0,13,0,0,0,84.4%,13,13.0,0,1,5,20.0%,1.0,-,-,0,NA,NA,NA,NA,0,NA,NA,-,-,0.0,NA,NA,NA,NA,NA,NA,22,0.59,0.045,0.227,22.7%,-,-,-,13,1.000,0.5,420%,0.2,3,0,0,3,0,5.0,2,0.0%,NA,NA,NA,NA,NA,NA,NA,NA,NA,0.0%,NA,NA,vs TEN,26,·,9.8,-6.5
3,4983,D.J. Moore,WR,29.4,BUF,31,37,12.70,9.7,1,1,66,42,0,0.0%,0,0,0,0,0,0,0.00,0,0,0,0,0.00,0.00,6,44,0,4,0,10,23,67,11.2,6.7,0,0,0,67,0,0,0,63.6%,67,67.0,0,4,10,40.0%,4.0,-,-,0,NA,NA,NA,NA,0,NA,NA,-,-,0.0,NA,NA,NA,NA,NA,NA,22,3.05,0.182,0.455,38.5%,-,-,-,67,4.000,0.7,1300%,0.5,4,2,6,2,1,10.0,6,0.0%,NA,NA,NA,NA,NA,NA,NA,NA,NA,0.0%,NA,NA,vs LAC,8,·,12.4,0.3
3,5892,David Montgomery,RB,29.3,HOU,36,36,6.80,5.8,1,1,54,34,0,0.0%,0,0,0,0,0,0,0.00,33,0,0,0,0.00,0.00,2,11,0,1,0,2,4,15,7.5,7.5,11,2,1,48,0,33,3,63.0%,48,48.0,0,2,13,15.4%,2.0,-,-,11,32,3,2.90,0.273,1,0.091,0.563,-,-,33.0,0.0,0.0%,-1.0,-0.09,1.0,0.0,15,1.00,0.067,0.133,7.4%,-,-,-,15,1.000,0.5,NA,NA,2,NA,NA,NA,NA,2.0,2,0.0%,NA,NA,NA,NA,NA,NA,NA,NA,NA,0.0%,NA,NA,@ IND,3,·,14.4,-7.6
3,13346,Denzel Boston,WR,22.8,CLE,52,49,8.10,7.1,1,1,70,62,0,0.0%,0,0,0,0,0,0,0.00,0,0,0,0,0.00,0.00,2,24,0,2,0,4,17,41,20.5,10.3,0,0,0,41,0,0,0,88.6%,41,41.0,0,2,4,50.0%,2.0,-,-,0,NA,NA,NA,NA,0,NA,NA,-,-,0.0,NA,NA,NA,NA,NA,NA,32,1.28,0.063,0.125,12.9%,-,-,-,41,2.000,1.0,1530%,0.3,9,1,3,0,1,4.0,2,0.0%,NA,NA,NA,NA,NA,NA,NA,NA,NA,0.0%,NA,NA,vs CAR,21,·,10.1,-2.0
3,7553,Kyle Pitts,TE,26.0,ATL,55,55,1.50,1,1,1,71,42,0,0.0%,0,0,0,0,0,0,0.00,0,0,0,0,0.00,0.00,1,5,0,0,0,2,0,5,5.0,2.5,0,0,0,5,0,0,0,59.2%,5,5.0,0,0,2,0.0%,0.0,-,-,0,NA,NA,NA,NA,0,NA,NA,-,-,0.0,NA,NA,NA,NA,NA,NA,19,0.26,0.000,0.105,8.0%,-,-,-,5,0.000,0.0,390%,0.1,0,0,0,1,0,2.0,1,0.0%,NA,NA,NA,NA,NA,NA,NA,NA,NA,0.0%,NA,NA,@ GB,15,·,9.5,-8.0
3,10232,Michael Wilson,WR,26.6,ARI,4,4,25.90,20.4,1,1,87,81,0,0.0%,0,0,0,0,0,0,0.00,0,0,0,0,0.00,0.00,11,61,0,6,1,17,28,89,8.1,5.2,0,0,0,89,0,0,0,93.1%,89,89.0,1,7,17,41.2%,7.0,-,-,0,NA,NA,NA,NA,0,NA,NA,-,-,0.0,NA,NA,NA,NA,NA,NA,52,1.71,0.115,0.327,32.7%,-,-,-,89,7.000,0.6,950%,0.5,3,5,7,10,2,17.0,11,0.0%,NA,NA,NA,NA,NA,NA,NA,NA,NA,0.0%,NA,NA,@ SF,26,·,12.0,13.9
3,13330,Kenyon Sadiq,TE,21.6,NYJ,4,4,23.50,20,1,1,66,38,0,0.0%,0,0,0,0,0,0,0.00,0,0,0,0,0.00,0.00,7,59,0,3,1,8,46,105,15.0,13.1,0,0,0,105,0,0,0,57.6%,105,105.0,1,4,8,50.0%,4.0,-,-,0,NA,NA,NA,NA,0,NA,NA,-,-,0.0,NA,NA,NA,NA,NA,NA,25,4.20,0.120,0.320,21.6%,-,-,-,105,4.000,0.6,910%,0.2,7,0,3,1,0,8.0,7,0.0%,NA,NA,NA,NA,NA,NA,NA,NA,NA,0.0%,NA,NA,@ DET,1,·,8.6,14.9
3,13417,De'Zhaun Stribling,WR,23.8,SF,999,999,0.00,0,0,0,0,0,0,0.0%,0,0,0,0,0,0,0.00,0,0,0,0,0.00,0.00,0,0,0,0,0,0,0,0,0.0,0.0,0,0,0,0,0,0,0,-,0,0.0,0,0,0,NA,0.0,-,-,NA,NA,NA,NA,NA,0,NA,NA,-,-,0.0,NA,NA,NA,NA,NA,NA,NA,NA,NA,NA,NA,-,-,-,0,0.000,NA,NA,NA,NA,NA,NA,NA,NA,NA,NA,0.0%,NA,NA,NA,NA,NA,NA,NA,NA,NA,0.0%,NA,NA,vs ARI,5,IR,IR,NA
3,5870,Daniel Jones,QB,29.3,IND,30,30,8.90,8.9,1,1,71,71,3,66.7%,124,36,24,10,12,1,82.50,240,4,1,235,6.53,9.79,0,0,0,0,0,0,0,0,0.0,0.0,3,0,3,5,0,5,1.67,100.0%,240,240.0,1,14,39,35.9%,14.0,-,-,3,NA,NA,NA,NA,3,1.000,NA,-,-,5.0,0.0,0.0%,NA,NA,NA,NA,NA,NA,NA,NA,NA,-,-,-,0,0.000,NA,NA,NA,NA,NA,NA,NA,NA,0.0,0,1100.0%,0.3055555556,276%,5.6%,0.463,7.6,4100.0%,-0.00,-6.40,-0.2,23500.0%,26.8%,1,vs HOU,4,·,13.7,-4.8
3,11586,Blake Corum,RB,25.8,LAR,51,53,3.50,2.5,1,0,86,25,0,0.0%,0,0,0,0,0,0,0.00,15,0,0,0,0.00,0.00,2,1,1,0,0,4,-1,0,0.0,0.0,6,0,0,15,0,15,2.5,29.1%,15,15.0,0,0,10,0.0%,0.0,-,-,6,11,1,1.80,0.167,0,0.000,0.347,-,-,15.0,0.0,0.0%,-6.0,-1.00,0.0,0.0,13,0.00,0.000,0.308,7.3%,-,-,-,0,0.000,0.0,NA,NA,-1,NA,NA,NA,NA,4.0,2,0.0%,NA,NA,NA,NA,NA,NA,NA,NA,NA,0.0%,NA,NA,@ DEN,4,·,8.2,-4.7
3,421,Matthew Stafford,QB,38.6,LAR,9,9,22.90,22.9,1,1,86,86,0,54.6%,240,55,30,17,25,2,74.10,403,4,2,390,7.09,13.00,0,0,0,0,0,0,0,0,0.0,0.0,2,0,2,13,0,13,6.5,100.0%,403,403.0,2,21,57,36.8%,21.0,-,-,2,NA,NA,NA,NA,2,1.000,NA,-,-,13.0,1.0,50.0%,NA,NA,NA,NA,NA,NA,NA,NA,NA,-,-,-,0,0.000,NA,NA,NA,NA,NA,NA,NA,NA,0.0,0,1900.0%,0.3454545455,280%,9.1%,0.393,10.2,6100.0%,-0.00,-3.10,-0.1,39000.0%,42.6%,1,@ DEN,22,·,15.9,7.0
3,8142,Alec Pierce,WR,26.4,IND,999,999,0.00,0,0,0,0,0,0,0.0%,0,0,0,0,0,0,0.00,0,0,0,0,0.00,0.00,0,0,0,0,0,0,0,0,0.0,0.0,0,0,0,0,0,0,0,-,0,0.0,0,0,0,NA,0.0,-,-,NA,NA,NA,NA,NA,0,NA,NA,-,-,0.0,NA,NA,NA,NA,NA,NA,NA,NA,NA,NA,NA,-,-,-,0,0.000,NA,NA,NA,NA,NA,NA,NA,NA,NA,NA,0.0%,NA,NA,NA,NA,NA,NA,NA,NA,NA,0.0%,NA,NA,vs HOU,1,IR,IR,NA
3,13275,Ty Simpson,QB,23.8,LAR,999,999,0.00,0,0,0,86,0,0,0.0%,0,0,0,0,0,0,0.00,0,0,0,0,0.00,0.00,0,0,0,0,0,0,0,0,0.0,0.0,0,0,0,0,0,0,0,0.0%,0,0.0,0,0,0,NA,0.0,-,-,NA,NA,NA,NA,NA,0,NA,NA,-,-,0.0,NA,NA,NA,NA,NA,NA,NA,NA,NA,NA,NA,-,-,-,0,0.000,NA,NA,NA,NA,NA,NA,NA,NA,NA,NA,0.0%,NA,NA,NA,NA,NA,NA,NA,NA,NA,0.0%,NA,NA,@ DEN,22,OUT,OUT,NA
3,5849,Kyler Murray,QB,29.1,MIN,27,27,11.42,11.42,1,1,59,59,0,51.7%,92,29,15,4,14,1,66.50,185,3,1,168,5.79,11.20,0,0,0,0,0,0,0,0,0.0,0.0,2,0,1,17,0,17,8.5,100.0%,185,185.0,1,6,31,19.4%,6.0,-,-,2,NA,NA,NA,NA,1,0.500,NA,-,-,17.0,1.0,50.0%,NA,NA,NA,NA,NA,NA,NA,NA,NA,-,-,-,0,0.000,NA,NA,NA,NA,NA,NA,NA,NA,0.0,0,500.0%,0.1724137931,286%,17.2%,0.324,10,3400.0%,-0.01,-14.80,-0.4,16800.0%,41.2%,1,@ TB,17,·,17.5,-6.1
3,9756,Jordan Addison,WR,24.6,MIN,12,10,20.00,17.5,1,1,59,58,0,0.0%,0,0,0,0,0,0,0.00,0,0,0,0,0.00,0.00,5,81,0,2,1,9,9,90,18.0,10.0,0,0,0,90,0,0,0,98.3%,90,90.0,1,3,9,33.3%,3.0,-,-,0,NA,NA,NA,NA,0,NA,NA,-,-,0.0,NA,NA,NA,NA,NA,NA,32,2.81,0.063,0.281,31.0%,-,-,-,90,3.000,0.6,1900%,0.7,2,0,6,4,0,9.0,5,0.0%,NA,NA,NA,NA,NA,NA,NA,NA,NA,0.0%,NA,NA,@ TB,24,·,9.2,10.8
3,9500,Josh Downs,WR,25.1,IND,30,34,12.70,10.2,1,1,71,48,0,0.0%,0,0,0,0,0,0,0.00,0,0,0,0,0.00,0.00,5,52,0,4,0,11,25,77,15.4,7.0,0,0,0,77,0,0,0,67.6%,77,77.0,0,4,11,36.4%,4.0,-,-,0,NA,NA,NA,NA,0,NA,NA,-,-,0.0,NA,NA,NA,NA,NA,NA,33,2.33,0.121,0.333,30.6%,-,-,-,77,4.000,0.8,1500%,0.6,5,2,7,4,1,11.0,5,0.0%,NA,NA,NA,NA,NA,NA,NA,NA,NA,0.0%,NA,NA,vs HOU,1,·,11.2,1.5
3,12534,Kyle Monangai,RB,24.3,CHI,53,49,3.10,3.1,1,0,72,22,0,0.0%,0,0,0,0,0,0,0.00,31,0,0,0,0.00,0.00,0,0,0,0,0,0,0,0,0.0,0.0,10,0,3,31,0,31,3.1,30.6%,31,31.0,0,3,10,30.0%,3.0,-,-,10,35,3,3.50,0.300,3,0.300,0.650,-,-,31.0,0.0,0.0%,-7.0,-0.70,3.0,1.0,9,0.00,0.000,0.000,0.0%,-,-,-,0,0.000,NA,NA,NA,NA,NA,NA,NA,NA,0.0,0,0.0%,NA,NA,NA,NA,NA,NA,NA,NA,NA,0.0%,NA,NA,vs PHI,17,·,8.1,-5.0
3,8161,Malik Willis,QB,27.3,MIA,28,28,11.00,11,1,1,73,73,1,55.6%,90,36,20,9,16,1,61.10,266,0,0,210,5.83,10.50,0,0,0,0,0,0,0,0,0.0,0.0,9,0,2,56,0,56,6.22,100.0%,266,266.0,0,11,45,24.4%,11.0,-,-,9,NA,NA,NA,NA,2,0.222,NA,-,-,56.0,2.0,22.2%,NA,NA,NA,NA,NA,NA,NA,NA,NA,-,-,-,0,0.000,NA,NA,NA,NA,NA,NA,NA,NA,0.0,0,900.0%,0.25,268%,25%,0.326,11.1,4300.0%,-0.01,-2.30,-0.1,21000.0%,34.9%,1,vs KC,30,·,16.0,-5.0
3,7594,Chuba Hubbard,RB,27.3,CAR,12,13,15.00,13,1,1,77,65,0,0.0%,0,0,0,0,0,0,0.00,82,0,0,0,0.00,0.00,4,-14,0,1,0,4,42,28,7.0,7.0,19,2,3,110,0,82,4.32,84.4%,110,110.0,0,4,23,17.4%,4.0,-,-,19,53,5,2.80,0.263,3,0.158,0.543,-,-,82.0,3.0,15.8%,-1.0,-0.05,0.0,0.0,31,0.90,0.032,0.129,8.3%,-,-,-,28,1.000,0.3,NA,NA,11,NA,NA,NA,NA,4.0,4,0.0%,NA,NA,NA,NA,NA,NA,NA,NA,NA,0.0%,NA,NA,@ CLE,21,·,14.8,0.2
3,2216,Mike Evans,WR,33.1,SF,33,29,12.40,10.9,1,1,54,18,0,0.0%,0,0,0,0,0,0,0.00,0,0,0,0,0.00,0.00,3,37,0,1,1,6,-3,34,11.3,5.7,0,0,0,34,0,0,0,33.3%,34,34.0,1,2,6,33.3%,2.0,-,-,0,NA,NA,NA,NA,0,NA,NA,-,-,0.0,NA,NA,NA,NA,NA,NA,12,2.83,0.083,0.500,22.2%,-,-,-,34,2.000,0.7,1340%,0.3,-1,0,4,2,1,6.0,3,0.0%,NA,NA,NA,NA,NA,NA,NA,NA,NA,0.0%,NA,NA,vs ARI,5,OUT,12.6,-0.2
3,11583,Jonathon Brooks,RB,23.2,CAR,999,999,0.00,0,0,0,0,0,0,0.0%,0,0,0,0,0,0,0.00,0,0,0,0,0.00,0.00,0,0,0,0,0,0,0,0,0.0,0.0,0,0,0,0,0,0,0,-,0,0.0,0,0,0,NA,0.0,-,-,NA,NA,NA,NA,NA,0,NA,NA,-,-,0.0,NA,NA,NA,NA,NA,NA,NA,NA,NA,NA,NA,-,-,-,0,0.000,NA,NA,NA,NA,NA,NA,NA,NA,NA,NA,0.0%,NA,NA,NA,NA,NA,NA,NA,NA,NA,0.0%,NA,NA,@ CLE,21,IR,IR,NA
3,13414,Kaelon Black,RB,24.9,SF,65,64,1.70,1.7,1,0,54,8,0,0.0%,0,0,0,0,0,0,0.00,17,0,0,0,0.00,0.00,0,0,0,0,0,1,0,0,0.0,0.0,4,0,1,17,0,17,4.25,14.8%,17,17.0,0,1,5,20.0%,1.0,-,-,4,15,0,3.70,0.000,1,0.250,0.370,-,-,17.0,0.0,0.0%,4.0,1.00,2.0,1.0,2,0.00,0.000,0.500,3.7%,-,-,-,0,0.000,NA,NA,NA,NA,NA,NA,NA,NA,1.0,0,0.0%,NA,NA,NA,NA,NA,NA,NA,NA,NA,0.0%,NA,NA,vs ARI,28,·,5.5,-3.8
3,4217,George Kittle,TE,33.0,SF,2,1,26.20,23.2,1,1,54,46,0,0.0%,0,0,0,0,0,0,0.00,0,0,0,0,0.00,0.00,6,52,0,4,2,7,30,82,13.7,11.7,0,0,0,82,0,0,0,85.2%,82,82.0,2,6,7,85.7%,6.0,-,-,0,NA,NA,NA,NA,0,NA,NA,-,-,0.0,NA,NA,NA,NA,NA,NA,23,3.57,0.174,0.304,25.9%,-,-,-,82,6.000,1.0,720%,0.2,5,2,2,5,0,7.0,6,0.0%,NA,NA,NA,NA,NA,NA,NA,NA,NA,0.0%,NA,NA,vs ARI,14,·,12.2,14.0
3,7611,Rhamondre Stevenson,RB,28.6,NE,37,39,6.80,5.3,1,1,63,33,0,0.0%,0,0,0,0,0,0,0.00,22,0,0,0,0.00,0.00,3,0,0,0,0,3,16,16,5.3,5.3,7,0,3,38,0,22,3.14,52.4%,38,38.0,0,3,10,30.0%,3.0,-,-,7,18,3,2.50,0.429,3,0.429,0.679,-,-,22.0,0.0,0.0%,7.0,1.00,1.0,1.0,19,0.84,0.000,0.158,9.7%,-,-,-,16,0.000,0.0,NA,NA,5,NA,NA,NA,NA,3.0,3,0.0%,NA,NA,NA,NA,NA,NA,NA,NA,NA,0.0%,NA,NA,@ JAX,19,·,10.7,-3.9
3,2133,Davante Adams,WR,33.7,LAR,10,12,20.70,17.2,1,1,86,71,0,0.0%,0,0,0,0,0,0,0.00,0,0,0,0,0.00,0.00,7,86,1,4,0,13,51,137,19.6,10.5,0,0,0,137,0,0,0,82.6%,137,137.0,0,4,13,30.8%,4.0,-,-,0,NA,NA,NA,NA,0,NA,NA,-,-,0.0,NA,NA,NA,NA,NA,NA,52,2.63,0.077,0.250,23.6%,-,-,-,137,4.000,0.6,1620%,0.4,7,1,9,4,1,13.0,7,0.0%,NA,NA,NA,NA,NA,NA,NA,NA,NA,0.0%,NA,NA,@ DEN,28,·,14.2,6.5
3,12489,RJ Harvey,RB,25.6,DEN,24,31,10.70,7.7,1,0,67,24,0,0.0%,0,0,0,0,0,0,0.00,6,0,0,0,0.00,0.00,6,-13,0,1,0,7,54,41,6.8,5.9,2,0,0,47,0,6,3,35.8%,47,47.0,0,1,9,11.1%,1.0,-,-,2,5,0,2.70,0.000,0,0.000,0.270,-,-,6.0,0.0,0.0%,-3.0,-1.50,0.0,0.0,16,2.56,0.063,0.438,20.6%,-,-,-,41,1.000,0.2,NA,NA,9,NA,NA,NA,NA,7.0,6,0.0%,NA,NA,NA,NA,NA,NA,NA,NA,NA,0.0%,NA,NA,vs LAR,24,·,10.8,-0.1
3,12533,Jacory Croskey-Merritt,RB,25.4,WAS,41,42,5.30,4.8,1,1,69,39,0,0.0%,0,0,0,0,0,0,0.00,36,0,0,0,0.00,0.00,1,5,0,0,0,1,2,7,7.0,7.0,19,0,3,43,0,36,1.89,56.5%,43,43.0,0,3,20,15.0%,3.0,-,-,19,46,3,2.40,0.158,3,0.158,0.398,-,-,36.0,0.0,0.0%,-25.0,-1.32,3.0,1.0,12,0.58,0.000,0.083,3.2%,-,-,-,7,0.000,0.0,NA,NA,2,NA,NA,NA,NA,1.0,1,0.0%,NA,NA,NA,NA,NA,NA,NA,NA,NA,0.0%,NA,NA,vs SEA,25,·,9.4,-4.1
3,13276,Omar Cooper Jr.,WR,22.8,NYJ,999,999,0.00,0,0,0,0,0,0,0.0%,0,0,0,0,0,0,0.00,0,0,0,0,0.00,0.00,0,0,0,0,0,0,0,0,0.0,0.0,0,0,0,0,0,0,0,-,0,0.0,0,0,0,NA,0.0,-,-,NA,NA,NA,NA,NA,0,NA,NA,-,-,0.0,NA,NA,NA,NA,NA,NA,NA,NA,NA,NA,NA,-,-,-,0,0.000,NA,NA,NA,NA,NA,NA,NA,NA,NA,NA,0.0%,NA,NA,NA,NA,NA,NA,NA,NA,NA,0.0%,NA,NA,@ DET,4,IR,IR,NA
3,9754,Quentin Johnston,WR,25.0,LAC,63,62,7.00,5.5,1,1,69,60,0,0.0%,0,0,0,0,0,0,0.00,0,0,0,0,0.00,0.00,3,15,1,2,0,6,25,40,13.3,6.7,0,0,0,40,0,0,0,87.0%,40,40.0,0,2,6,33.3%,2.0,-,-,0,NA,NA,NA,NA,0,NA,NA,-,-,0.0,NA,NA,NA,NA,NA,NA,31,1.29,0.065,0.194,17.6%,-,-,-,40,2.000,0.7,1140%,0.2,8,0,3,4,0,6.0,3,0.0%,NA,NA,NA,NA,NA,NA,NA,NA,NA,0.0%,NA,NA,@ BUF,3,·,9.1,-2.1
3,8228,Jaylen Warren,RB,27.9,PIT,8,8,20.60,19.1,1,1,62,56,0,0.0%,0,0,0,0,0,0,0.00,127,0,0,0,0.00,0.00,3,-8,0,2,0,4,57,49,16.3,12.3,17,0,5,176,0,127,7.47,90.3%,176,176.0,0,7,21,33.3%,7.0,-,-,17,58,10,3.40,0.588,5,0.294,0.928,-,-,127.0,3.0,17.6%,66.0,3.88,2.0,1.0,24,2.04,0.083,0.167,11.8%,-,-,-,49,2.000,0.7,NA,NA,19,NA,NA,NA,NA,4.0,3,0.0%,NA,NA,NA,NA,NA,NA,NA,NA,NA,0.0%,NA,NA,vs CIN,23,·,16.2,4.5
3,13345,Jonah Coleman,RB,23.1,DEN,999,999,0.00,0,0,0,0,0,0,0.0%,0,0,0,0,0,0,0.00,0,0,0,0,0.00,0.00,0,0,0,0,0,0,0,0,0.0,0.0,0,0,0,0,0,0,0,-,0,0.0,0,0,0,NA,0.0,-,-,NA,NA,NA,NA,NA,0,NA,NA,-,-,0.0,NA,NA,NA,NA,NA,NA,NA,NA,NA,NA,NA,-,-,-,0,0.000,NA,NA,NA,NA,NA,NA,NA,NA,NA,NA,0.0%,NA,NA,NA,NA,NA,NA,NA,NA,NA,0.0%,NA,NA,vs LAR,24,IR,IR,NA
3,5927,Terry McLaurin,WR,31.0,WAS,15,13,19.70,16.7,1,1,69,52,0,0.0%,0,0,0,0,0,0,0.00,0,0,0,0,0.00,0.00,6,71,1,4,1,9,6,77,12.8,8.6,0,0,0,77,0,0,0,75.4%,77,77.0,1,5,9,55.6%,5.0,-,-,0,NA,NA,NA,NA,0,NA,NA,-,-,0.0,NA,NA,NA,NA,NA,NA,30,2.57,0.133,0.300,29.0%,-,-,-,77,5.000,0.8,1110%,0.4,1,0,4,3,0,9.0,6,0.0%,NA,NA,NA,NA,NA,NA,NA,NA,NA,0.0%,NA,NA,vs SEA,32,·,9.8,9.9
3,5846,DK Metcalf,WR,28.8,PIT,35,31,12.10,10.6,1,1,62,59,0,0.0%,0,0,0,0,0,0,0.00,0,0,0,0,0.00,0.00,3,23,0,2,1,5,8,31,10.3,6.2,0,0,0,31,0,0,0,95.2%,31,31.0,1,3,5,60.0%,3.0,-,-,0,NA,NA,NA,NA,0,NA,NA,-,-,0.0,NA,NA,NA,NA,NA,NA,34,0.91,0.059,0.147,14.7%,-,-,-,31,3.000,1.0,1510%,0.2,3,1,4,2,1,5.0,3,0.0%,NA,NA,NA,NA,NA,NA,NA,NA,NA,0.0%,NA,NA,vs CIN,25,·,11.2,0.9
3,9753,Zach Charbonnet,RB,25.7,SEA,999,999,0.00,0,0,0,0,0,0,0.0%,0,0,0,0,0,0,0.00,0,0,0,0,0.00,0.00,0,0,0,0,0,0,0,0,0.0,0.0,0,0,0,0,0,0,0,-,0,0.0,0,0,0,NA,0.0,-,-,NA,NA,NA,NA,NA,0,NA,NA,-,-,0.0,NA,NA,NA,NA,NA,NA,NA,NA,NA,NA,NA,-,-,-,0,0.000,NA,NA,NA,NA,NA,NA,NA,NA,NA,NA,0.0%,NA,NA,NA,NA,NA,NA,NA,NA,NA,0.0%,NA,NA,@ WAS,32,PUP,PUP,NA
3,13296,Caleb Douglas,WR,23.0,MIA,0,0,0.00,0,0,0,0,0,0,0.0%,0,0,0,0,0,0,0.00,0,0,0,0,0.00,0.00,0,0,0,0,0,0,0,0,0.0,0.0,0,0,0,0,0,0,0,-,0,0.0,0,0,0,NA,0.0,-,-,NA,NA,NA,NA,NA,0,NA,NA,-,-,0.0,NA,NA,NA,NA,NA,NA,NA,NA,NA,NA,NA,-,-,-,0,0.000,NA,NA,NA,NA,NA,NA,NA,NA,NA,NA,0.0%,NA,NA,NA,NA,NA,NA,NA,NA,NA,0.0%,NA,NA,vs KC,30,OUT,OUT,NA
3,13301,Antonio Williams,WR,22.2,WAS,89,93,3.50,2.5,1,0,69,28,0,0.0%,0,0,0,0,0,0,0.00,0,0,0,0,0.00,0.00,2,9,0,0,0,4,6,15,7.5,3.8,0,0,0,15,0,0,0,40.6%,15,15.0,0,0,4,0.0%,0.0,-,-,0,NA,NA,NA,NA,0,NA,NA,-,-,0.0,NA,NA,NA,NA,NA,NA,9,1.67,0.000,0.444,12.9%,-,-,-,15,0.000,0.0,1300%,0.2,3,0,2,1,0,4.0,2,0.0%,NA,NA,NA,NA,NA,NA,NA,NA,NA,0.0%,NA,NA,vs SEA,32,·,4.4,-0.9
3,13311,Chris Bell,WR,22.3,MIA,41,41,10.70,8.7,1,1,73,52,0,0.0%,0,0,0,0,0,0,0.00,0,0,0,0,0.00,0.00,4,33,0,3,0,8,34,67,16.8,8.4,0,0,0,67,0,0,0,71.2%,67,67.0,0,3,8,37.5%,3.0,-,-,0,NA,NA,NA,NA,0,NA,NA,-,-,0.0,NA,NA,NA,NA,NA,NA,25,2.68,0.120,0.320,19.4%,-,-,-,67,3.000,0.8,1660%,0.3,9,0,5,5,0,8.0,4,0.0%,NA,NA,NA,NA,NA,NA,NA,NA,NA,0.0%,NA,NA,vs KC,30,·,6.1,4.6
3,13293,Ja'Kobi Lane,WR,22.1,BAL,999,999,0.00,0,0,0,0,0,0,0.0%,0,0,0,0,0,0,0.00,0,0,0,0,0.00,0.00,0,0,0,0,0,0,0,0,0.0,0.0,0,0,0,0,0,0,0,-,0,0.0,0,0,0,NA,0.0,-,-,NA,NA,NA,NA,NA,0,NA,NA,-,-,0.0,NA,NA,NA,NA,NA,NA,NA,NA,NA,NA,NA,-,-,-,0,0.000,NA,NA,NA,NA,NA,NA,NA,NA,NA,NA,0.0%,NA,NA,NA,NA,NA,NA,NA,NA,NA,0.0%,NA,NA,@ DAL,18,IR,IR,NA
3,11624,Xavier Worthy,WR,23.4,KC,84,84,4.00,3,1,0,52,43,0,0.0%,0,0,0,0,0,0,0.00,0,0,0,0,0.00,0.00,2,13,0,1,0,2,7,20,10.0,10.0,0,0,0,20,0,0,0,82.7%,20,20.0,0,1,2,50.0%,1.0,-,-,0,NA,NA,NA,NA,0,NA,NA,-,-,0.0,NA,NA,NA,NA,NA,NA,19,1.05,0.053,0.105,8.3%,-,-,-,20,1.000,0.5,600%,0.1,4,0,1,1,0,2.0,2,0.0%,NA,NA,NA,NA,NA,NA,NA,NA,NA,0.0%,NA,NA,@ MIA,27,·,10.4,-6.4
3,13285,Malachi Fields,WR,23.1,NYG,85,85,3.90,2.9,1,1,64,44,0,0.0%,0,0,0,0,0,0,0.00,0,0,0,0,0.00,0.00,2,11,0,1,0,2,8,19,9.5,9.5,0,0,0,19,0,0,0,68.8%,19,19.0,0,1,2,50.0%,1.0,-,-,0,NA,NA,NA,NA,0,NA,NA,-,-,0.0,NA,NA,NA,NA,NA,NA,17,1.12,0.059,0.118,9.1%,-,-,-,19,1.000,0.5,570%,0.1,4,0,0,2,0,2.0,2,0.0%,NA,NA,NA,NA,NA,NA,NA,NA,NA,0.0%,NA,NA,vs TEN,7,·,6.2,-2.3
3,10222,Jayden Reed,WR,26.4,GB,0,0,0.00,0,0,0,0,0,0,0.0%,0,0,0,0,0,0,0.00,0,0,0,0,0.00,0.00,0,0,0,0,0,0,0,0,0.0,0.0,0,0,0,0,0,0,0,-,0,0.0,0,0,0,NA,0.0,-,-,NA,NA,NA,NA,NA,0,NA,NA,-,-,0.0,NA,NA,NA,NA,NA,NA,NA,NA,NA,NA,NA,-,-,-,0,0.000,NA,NA,NA,NA,NA,NA,NA,NA,NA,NA,0.0%,NA,NA,NA,NA,NA,NA,NA,NA,NA,0.0%,NA,NA,vs ATL,19,OUT,OUT,NA
3,8126,Wan'Dale Robinson,WR,25.7,TEN,18,20,18.70,15.2,1,0,60,38,0,0.0%,0,0,0,0,0,0,0.00,0,0,0,0,0.00,0.00,7,22,3,3,1,11,35,57,8.1,5.2,0,0,0,57,0,0,0,63.3%,57,57.0,1,4,11,36.4%,4.0,-,-,0,NA,NA,NA,NA,0,NA,NA,-,-,0.0,NA,NA,NA,NA,NA,NA,29,1.97,0.103,0.379,30.6%,-,-,-,57,4.000,0.6,560%,0.3,5,3,1,9,1,11.0,7,0.0%,NA,NA,NA,NA,NA,NA,NA,NA,NA,0.0%,NA,NA,@ NYG,11,·,8.8,9.9
3,13305,Mike Washington Jr.,RB,23.2,LV,19,18,11.40,11.4,1,0,70,11,0,0.0%,0,0,0,0,0,0,0.00,54,0,0,0,0.00,0.00,0,0,0,0,0,0,0,0,0.0,0.0,5,1,2,54,1,54,10.8,15.7%,54,54.0,1,3,5,60.0%,3.0,-,-,5,50,1,10.00,0.200,3,0.600,1.200,-,-,54.0,1.0,20.0%,27.0,5.40,0.0,0.0,4,0.00,0.000,0.000,0.0%,-,-,-,0,0.000,NA,NA,NA,NA,NA,NA,NA,NA,0.0,0,0.0%,NA,NA,NA,NA,NA,NA,NA,NA,NA,0.0%,NA,NA,@ NO,6,·,3.2,8.2
3,6819,Michael Pittman,WR,29.0,PIT,88,91,3.60,2.6,1,1,62,45,0,0.0%,0,0,0,0,0,0,0.00,0,0,0,0,0.00,0.00,2,11,0,1,0,5,5,16,8.0,3.2,0,0,0,16,0,0,0,72.6%,16,16.0,0,1,5,20.0%,1.0,-,-,0,NA,NA,NA,NA,0,NA,NA,-,-,0.0,NA,NA,NA,NA,NA,NA,26,0.62,0.038,0.192,14.7%,-,-,-,16,1.000,0.5,740%,0.1,3,0,2,1,0,5.0,2,0.0%,NA,NA,NA,NA,NA,NA,NA,NA,NA,0.0%,NA,NA,vs CIN,25,·,9.4,-5.8
3,12484,Jayden Higgins,WR,23.8,HOU,999,999,0.00,0,0,0,0,0,0,0.0%,0,0,0,0,0,0,0.00,0,0,0,0,0.00,0.00,0,0,0,0,0,0,0,0,0.0,0.0,0,0,0,0,0,0,0,-,0,0.0,0,0,0,NA,0.0,-,-,NA,NA,NA,NA,NA,0,NA,NA,-,-,0.0,NA,NA,NA,NA,NA,NA,NA,NA,NA,NA,NA,-,-,-,0,0.000,NA,NA,NA,NA,NA,NA,NA,NA,NA,NA,0.0%,NA,NA,NA,NA,NA,NA,NA,NA,NA,0.0%,NA,NA,@ IND,2,IR,IR,NA
3,5850,Josh Jacobs,RB,28.6,GB,999,999,0.00,0,0,0,66,0,0,0.0%,0,0,0,0,0,0,0.00,0,0,0,0,0.00,0.00,0,0,0,0,0,0,0,0,0.0,0.0,0,0,0,0,0,0,0,0.0%,0,0.0,0,0,0,NA,0.0,-,-,NA,NA,NA,NA,NA,0,NA,NA,-,-,0.0,NA,NA,NA,NA,NA,NA,NA,NA,NA,NA,NA,-,-,-,0,0.000,NA,NA,NA,NA,NA,NA,NA,NA,NA,NA,0.0%,NA,NA,NA,NA,NA,NA,NA,NA,NA,0.0%,NA,NA,vs ATL,27,NA,NA,NA
3,4037,Chris Godwin,WR,30.6,TB,71,75,5.50,4,1,0,69,43,0,0.0%,0,0,0,0,0,0,0.00,0,0,0,0,0.00,0.00,3,7,0,0,0,4,18,25,8.3,6.3,0,0,0,25,0,0,0,62.3%,25,25.0,0,0,4,0.0%,0.0,-,-,0,NA,NA,NA,NA,0,NA,NA,-,-,0.0,NA,NA,NA,NA,NA,NA,33,0.76,0.000,0.121,10.8%,-,-,-,25,0.000,0.0,410%,0.0,6,0,1,2,0,4.0,3,0.0%,NA,NA,NA,NA,NA,NA,NA,NA,NA,0.0%,NA,NA,vs MIN,10,·,9.5,-4.0
3,8110,Jake Ferguson,TE,27.7,DAL,19,19,9.30,7.8,1,0,74,51,1,0.0%,0,0,0,0,0,0,0.00,0,0,0,0,0.00,0.00,3,13,0,0,1,5,10,23,7.7,4.6,0,0,0,23,0,0,0,68.9%,23,23.0,1,1,5,20.0%,1.0,-,-,0,NA,NA,NA,NA,0,NA,NA,-,-,0.0,NA,NA,NA,NA,NA,NA,32,0.72,0.000,0.156,12.5%,-,-,-,23,1.000,0.3,200%,0.0,3,1,1,1,0,5.0,3,0.0%,NA,NA,NA,NA,NA,NA,NA,NA,NA,0.0%,NA,NA,vs BAL,16,·,9.3,0.0
3,6806,J.K. Dobbins,RB,27.8,DEN,39,37,6.30,5.8,1,1,67,33,1,0.0%,0,0,0,0,0,0,0.00,49,0,0,0,0.00,0.00,1,0,0,0,0,2,4,4,4.0,2.0,17,0,2,53,0,49,2.88,49.3%,53,53.0,0,2,19,10.5%,2.0,-,-,17,36,1,2.10,0.059,2,0.118,0.269,-,-,49.0,0.0,0.0%,-27.0,-1.59,3.0,2.0,5,0.80,0.000,0.400,5.9%,-,-,-,4,0.000,0.0,NA,NA,4,NA,NA,NA,NA,2.0,1,0.0%,NA,NA,NA,NA,NA,NA,NA,NA,NA,0.0%,NA,NA,vs LAR,24,·,11.3,-5.0
3,13337,Emmett Johnson,RB,23.0,KC,66,65,1.70,1.7,1,0,52,14,0,0.0%,0,0,0,0,0,0,0.00,17,0,0,0,0.00,0.00,0,0,0,0,0,0,0,0,0.0,0.0,6,0,1,17,0,17,2.83,26.9%,17,17.0,0,1,6,16.7%,1.0,-,-,6,17,2,2.80,0.333,1,0.167,0.613,-,-,17.0,0.0,0.0%,-7.0,-1.17,0.0,0.0,3,0.00,0.000,0.000,0.0%,-,-,-,0,0.000,NA,NA,NA,NA,NA,NA,NA,NA,0.0,0,0.0%,NA,NA,NA,NA,NA,NA,NA,NA,NA,0.0%,NA,NA,@ MIA,2,·,5.0,-3.3
3,9480,Brenton Strange,TE,25.7,JAX,31,30,6.20,4.7,1,1,62,48,0,0.0%,0,0,0,0,0,0,0.00,0,0,0,0,0.00,0.00,3,5,1,1,0,5,27,32,10.7,6.4,0,0,0,32,0,0,0,77.4%,32,32.0,0,1,5,20.0%,1.0,-,-,0,NA,NA,NA,NA,0,NA,NA,-,-,0.0,NA,NA,NA,NA,NA,NA,25,1.28,0.040,0.200,17.2%,-,-,-,32,1.000,0.3,570%,0.2,9,0,1,2,0,5.0,3,0.0%,NA,NA,NA,NA,NA,NA,NA,NA,NA,0.0%,NA,NA,vs NE,27,·,9.2,-3.0
3,8134,Khalil Shakir,WR,26.6,BUF,110,110,1.60,1.1,1,0,66,48,0,0.0%,0,0,0,0,0,0,0.00,0,0,0,0,0.00,0.00,1,4,0,1,0,3,2,6,6.0,2.0,0,0,0,6,0,0,0,72.7%,6,6.0,0,1,3,33.3%,1.0,-,-,0,NA,NA,NA,NA,0,NA,NA,-,-,0.0,NA,NA,NA,NA,NA,NA,20,0.30,0.050,0.150,11.5%,-,-,-,6,1.000,1.0,340%,0.0,2,1,0,3,0,3.0,1,0.0%,NA,NA,NA,NA,NA,NA,NA,NA,NA,0.0%,NA,NA,vs LAC,8,·,10.1,-8.5
3,7021,Rico Dowdle,RB,28.3,PIT,0,0,0.00,0,0,0,0,0,0,0.0%,0,0,0,0,0,0,0.00,0,0,0,0,0.00,0.00,0,0,0,0,0,0,0,0,0.0,0.0,0,0,0,0,0,0,0,-,0,0.0,0,0,0,NA,0.0,-,-,NA,NA,NA,NA,NA,0,NA,NA,-,-,0.0,NA,NA,NA,NA,NA,NA,NA,NA,NA,NA,NA,-,-,-,0,0.000,NA,NA,NA,NA,NA,NA,NA,NA,NA,NA,0.0%,NA,NA,NA,NA,NA,NA,NA,NA,NA,0.0%,NA,NA,vs CIN,23,OUT,OUT,NA
3,12487,Terrance Ferguson,TE,23.5,LAR,50,50,1.90,1.4,1,1,86,22,0,0.0%,0,0,0,0,0,0,0.00,0,0,0,0,0.00,0.00,1,-5,0,1,0,2,14,9,9.0,4.5,0,0,0,9,0,0,0,25.6%,9,9.0,0,1,2,50.0%,1.0,-,-,0,NA,NA,NA,NA,0,NA,NA,-,-,0.0,NA,NA,NA,NA,NA,NA,9,1.00,0.111,0.222,3.6%,-,-,-,9,1.000,1.0,-10%,0.0,14,0,0,2,0,2.0,1,0.0%,NA,NA,NA,NA,NA,NA,NA,NA,NA,0.0%,NA,NA,@ DEN,25,Q,7.7,-5.8
3,8408,Jordan Mason,RB,27.3,MIN,999,999,0.00,0,0,0,0,0,0,0.0%,0,0,0,0,0,0,0.00,0,0,0,0,0.00,0.00,0,0,0,0,0,0,0,0,0.0,0.0,0,0,0,0,0,0,0,-,0,0.0,0,0,0,NA,0.0,-,-,NA,NA,NA,NA,NA,0,NA,NA,-,-,0.0,NA,NA,NA,NA,NA,NA,NA,NA,NA,NA,NA,-,-,-,0,0.000,NA,NA,NA,NA,NA,NA,NA,NA,NA,NA,0.0%,NA,NA,NA,NA,NA,NA,NA,NA,NA,0.0%,NA,NA,@ TB,18,IR,IR,NA
3,12493,Oronde Gadsden,TE,23.2,LAC,999,999,0.00,0,1,0,69,39,0,0.0%,0,0,0,0,0,0,0.00,0,0,0,0,0.00,0.00,0,0,1,0,0,3,0,0,0.0,0.0,0,0,0,0,0,0,0,56.5%,0,0.0,0,0,3,0.0%,0.0,-,-,0,NA,NA,NA,NA,0,NA,NA,-,-,0.0,NA,NA,NA,NA,NA,NA,NA,NA,NA,NA,NA,-,-,-,0,0.000,NA,NA,NA,NA,NA,NA,NA,NA,3.0,0,0.0%,NA,NA,NA,NA,NA,NA,NA,NA,NA,0.0%,NA,NA,@ BUF,11,·,9.0,-9.0
3,12492,Pat Bryant,WR,23.8,DEN,27,22,14.40,13.4,1,1,67,47,0,0.0%,0,0,0,0,0,0,0.00,0,0,0,0,0.00,0.00,2,19,0,1,1,2,25,44,22.0,22.0,0,0,0,44,0,0,0,70.1%,44,44.0,1,2,2,100.0%,2.0,-,-,0,NA,NA,NA,NA,0,NA,NA,-,-,0.0,NA,NA,NA,NA,NA,NA,25,1.76,0.040,0.080,5.9%,-,-,-,44,2.000,1.0,1360%,0.1,13,1,2,0,1,2.0,2,0.0%,NA,NA,NA,NA,NA,NA,NA,NA,NA,0.0%,NA,NA,vs LAR,14,·,7.4,7.0
3,5022,Dallas Goedert,TE,31.7,PHI,0,0,0.00,0,0,0,0,0,0,0.0%,0,0,0,0,0,0,0.00,0,0,0,0,0.00,0.00,0,0,0,0,0,0,0,0,0.0,0.0,0,0,0,0,0,0,0,-,0,0.0,0,0,0,NA,0.0,-,-,NA,NA,NA,NA,NA,0,NA,NA,-,-,0.0,NA,NA,NA,NA,NA,NA,NA,NA,NA,NA,NA,-,-,-,0,0.000,NA,NA,NA,NA,NA,NA,NA,NA,NA,NA,0.0%,NA,NA,NA,NA,NA,NA,NA,NA,NA,0.0%,NA,NA,@ CHI,21,OUT,OUT,NA
3,2449,Stefon Diggs,WR,32.8,WAS,61,65,7.30,5.3,1,1,69,41,0,0.0%,0,0,0,0,0,0,0.00,0,0,0,0,0.00,0.00,4,8,1,2,0,7,25,33,8.3,4.7,0,0,0,33,0,0,0,59.4%,33,33.0,0,2,7,28.6%,2.0,-,-,0,NA,NA,NA,NA,0,NA,NA,-,-,0.0,NA,NA,NA,NA,NA,NA,27,1.22,0.074,0.259,22.6%,-,-,-,33,2.000,0.5,490%,0.2,6,0,1,6,0,7.0,4,0.0%,NA,NA,NA,NA,NA,NA,NA,NA,NA,0.0%,NA,NA,vs SEA,32,·,9.2,-1.9
3,5045,Courtland Sutton,WR,31.0,DEN,56,58,7.60,6.1,1,1,67,58,0,0.0%,0,0,0,0,0,0,0.00,0,0,0,0,0.00,0.00,3,32,0,3,0,7,14,46,15.3,6.6,0,0,0,46,0,0,0,86.6%,46,46.0,0,3,7,42.9%,3.0,-,-,0,NA,NA,NA,NA,0,NA,NA,-,-,0.0,NA,NA,NA,NA,NA,NA,32,1.44,0.094,0.219,20.6%,-,-,-,46,3.000,1.0,1360%,0.5,5,3,4,3,2,7.0,3,0.0%,NA,NA,NA,NA,NA,NA,NA,NA,NA,0.0%,NA,NA,vs LAR,14,·,10.2,-2.6
3,12474,Woody Marks,RB,25.7,HOU,28,25,9.10,8.6,1,0,54,20,0,0.0%,0,0,0,0,0,0,0.00,15,0,0,0,0.00,0.00,1,-4,0,0,0,1,10,6,6.0,6.0,5,1,1,21,1,15,3,37.0%,21,21.0,1,2,6,33.3%,2.0,-,-,5,14,1,2.70,0.200,2,0.400,0.470,-,-,15.0,0.0,0.0%,-3.0,-0.60,2.0,1.0,9,0.67,0.000,0.111,3.7%,-,-,-,6,0.000,0.0,NA,NA,10,NA,NA,NA,NA,1.0,1,0.0%,NA,NA,NA,NA,NA,NA,NA,NA,NA,0.0%,NA,NA,@ IND,3,·,7.9,1.3
3,9486,Dontayvion Wicks,WR,25.3,PHI,74,74,5.20,4.2,1,1,50,44,0,0.0%,0,0,0,0,0,0,0.00,0,0,0,0,0.00,0.00,2,25,1,2,0,5,7,32,16.0,6.4,0,0,0,32,0,0,0,88.0%,32,32.0,0,2,5,40.0%,2.0,-,-,0,NA,NA,NA,NA,0,NA,NA,-,-,0.0,NA,NA,NA,NA,NA,NA,25,1.28,0.080,0.200,19.2%,-,-,-,32,2.000,1.0,1370%,0.4,4,2,4,1,2,5.0,2,0.0%,NA,NA,NA,NA,NA,NA,NA,NA,NA,0.0%,NA,NA,@ CHI,20,·,9.2,-4.0
3,8132,Tyler Allgeier,RB,26.4,ARI,44,51,4.90,2.9,1,0,87,31,0,0.0%,0,0,0,0,0,0,0.00,-1,0,0,0,0.00,0.00,4,-22,0,1,0,4,32,10,2.5,2.5,2,0,0,9,0,-1,-0.5,35.6%,9,9.0,0,1,6,16.7%,1.0,-,-,2,4,1,2.20,0.500,0,0.000,0.720,-,-,-1.0,0.0,0.0%,-4.0,-2.00,1.0,1.0,21,0.48,0.048,0.190,7.7%,-,-,-,10,1.000,0.3,NA,NA,8,NA,NA,NA,NA,4.0,4,0.0%,NA,NA,NA,NA,NA,NA,NA,NA,NA,0.0%,NA,NA,@ SF,16,·,7.2,-2.3
3,8121,Romeo Doubs,WR,26.4,NE,54,55,7.90,6.4,1,0,63,46,0,0.0%,0,0,0,0,0,0,0.00,0,0,0,0,0.00,0.00,3,37,0,2,0,4,12,49,16.3,12.3,0,0,0,49,0,0,0,73.0%,49,49.0,0,2,4,50.0%,2.0,-,-,0,NA,NA,NA,NA,0,NA,NA,-,-,0.0,NA,NA,NA,NA,NA,NA,27,1.81,0.074,0.148,12.9%,-,-,-,49,2.000,0.7,1250%,0.1,4,1,3,1,0,4.0,3,0.0%,NA,NA,NA,NA,NA,NA,NA,NA,NA,0.0%,NA,NA,@ JAX,17,·,9.4,-1.5
3,11559,Michael Penix Jr.,QB,26.4,ATL,21,21,15.04,15.04,1,1,71,71,0,72.0%,89,25,18,7,7,1,101.40,254,0,1,256,10.24,14.22,0,0,0,0,0,0,0,0,0.0,0.0,2,0,0,-2,0,-2,-1,100.0%,254,254.0,1,8,27,29.6%,8.0,-,-,2,NA,NA,NA,NA,0,0.000,NA,-,-,-2.0,0.0,0.0%,NA,NA,NA,NA,NA,NA,NA,NA,NA,-,-,-,0,0.000,NA,NA,NA,NA,NA,NA,NA,NA,0.0,0,800.0%,0.32,227%,8%,0.2,7,2500.0%,+0.06,+6.00,0.2,25600.0%,40.0%,0,@ GB,16,·,13.4,1.6
3,11581,MarShawn Lloyd,RB,25.7,GB,49,52,3.80,2.8,1,1,66,15,0,0.0%,0,0,0,0,0,0,0.00,11,0,0,0,0.00,0.00,2,-10,0,0,0,3,17,7,3.5,2.3,4,0,1,18,0,11,2.75,22.7%,18,18.0,0,1,7,14.3%,1.0,-,-,4,4,1,0.90,0.250,1,0.250,0.340,-,-,11.0,0.0,0.0%,-8.0,-2.00,3.0,0.0,10,0.70,0.000,0.300,5.7%,-,-,-,7,0.000,0.0,NA,NA,9,NA,NA,NA,NA,3.0,2,0.0%,NA,NA,NA,NA,NA,NA,NA,NA,NA,0.0%,NA,NA,vs ATL,27,·,10.2,-6.4
3,13349,Eli Stowers,TE,23.4,PHI,999,999,0.00,0,0,0,0,0,0,0.0%,0,0,0,0,0,0,0.00,0,0,0,0,0.00,0.00,0,0,0,0,0,0,0,0,0.0,0.0,0,0,0,0,0,0,0,-,0,0.0,0,0,0,NA,0.0,-,-,NA,NA,NA,NA,NA,0,NA,NA,-,-,0.0,NA,NA,NA,NA,NA,NA,NA,NA,NA,NA,NA,-,-,-,0,0.000,NA,NA,NA,NA,NA,NA,NA,NA,NA,NA,0.0%,NA,NA,NA,NA,NA,NA,NA,NA,NA,0.0%,NA,NA,@ CHI,21,IR,IR,NA
3,7002,Juwan Johnson,TE,30.0,NO,5,5,23.30,19.3,1,0,74,46,1,0.0%,0,0,0,0,0,0,0.00,0,0,0,0,0.00,0.00,8,15,0,3,2,8,38,53,6.6,6.6,0,0,0,53,0,0,0,62.2%,53,53.0,2,5,8,62.5%,5.0,-,-,0,NA,NA,NA,NA,0,NA,NA,-,-,0.0,NA,NA,NA,NA,NA,NA,31,1.71,0.097,0.258,19.0%,-,-,-,53,5.000,0.6,250%,0.1,5,2,0,2,2,8.0,8,0.0%,NA,NA,NA,NA,NA,NA,NA,NA,NA,0.0%,NA,NA,vs LV,20,·,10.3,13.0
3,5872,Deebo Samuel,WR,30.7,SF,21,17,15.40,15.4,1,1,54,41,0,0.0%,0,0,0,0,0,0,0.00,14,0,0,0,0.00,0.00,0,0,0,0,1,0,80,80,0.0,0.0,2,1,1,94,0,14,7,75.9%,94,94.0,1,2,2,100.0%,2.0,-,-,2,NA,NA,NA,NA,1,0.500,NA,-,-,14.0,NA,NA,NA,NA,NA,NA,21,3.81,0.000,0.000,0.0%,-,-,-,80,1.000,NA,0%,0.0,NA,0,0,0,0,0.0,0,0.0%,NA,NA,NA,NA,NA,NA,NA,NA,NA,0.0%,NA,NA,vs ARI,5,·,11.4,4.1
3,13274,Germie Bernard,WR,22.8,PIT,101,102,2.40,1.9,1,0,62,17,0,0.0%,0,0,0,0,0,0,0.00,0,0,0,0,0.00,0.00,1,14,0,1,0,1,0,14,14.0,14.0,0,0,0,14,0,0,0,27.4%,14,14.0,0,1,1,100.0%,1.0,-,-,0,NA,NA,NA,NA,0,NA,NA,-,-,0.0,NA,NA,NA,NA,NA,NA,9,1.56,0.111,0.111,2.9%,-,-,-,14,1.000,1.0,1360%,0.0,0,0,1,0,0,1.0,1,0.0%,NA,NA,NA,NA,NA,NA,NA,NA,NA,0.0%,NA,NA,vs CIN,25,·,4.3,-1.9
3,11618,Jalen McMillan,WR,24.8,TB,999,999,0.00,0,1,0,69,2,0,0.0%,0,0,0,0,0,0,0.00,0,0,0,0,0.00,0.00,0,0,0,0,0,1,0,0,0.0,0.0,0,0,0,0,0,0,0,2.9%,0,0.0,0,0,1,0.0%,0.0,-,-,0,NA,NA,NA,NA,0,NA,NA,-,-,0.0,NA,NA,NA,NA,NA,NA,1,0.00,0.000,1.000,2.7%,-,-,-,0,0.000,NA,1590%,0.0,NA,0,1,0,0,1.0,0,0.0%,NA,NA,NA,NA,NA,NA,NA,NA,NA,0.0%,NA,NA,vs MIN,10,Q,2.2,-2.2
3,5947,Jakobi Meyers,WR,29.9,JAX,16,16,19.40,15.9,1,1,62,50,0,0.0%,0,0,0,0,0,0,0.00,0,0,0,0,0.00,0.00,7,54,0,4,1,8,10,64,9.1,8.0,0,0,0,64,0,0,0,80.6%,64,64.0,1,5,8,62.5%,5.0,-,-,0,NA,NA,NA,NA,0,NA,NA,-,-,0.0,NA,NA,NA,NA,NA,NA,27,2.37,0.148,0.296,27.6%,-,-,-,64,5.000,0.7,890%,0.4,1,2,4,4,1,8.0,7,0.0%,NA,NA,NA,NA,NA,NA,NA,NA,NA,0.0%,NA,NA,vs NE,22,·,8.4,11.0
3,11625,Adonai Mitchell,WR,24.0,NYJ,0,0,0.00,0,0,0,0,0,0,0.0%,0,0,0,0,0,0,0.00,0,0,0,0,0.00,0.00,0,0,0,0,0,0,0,0,0.0,0.0,0,0,0,0,0,0,0,-,0,0.0,0,0,0,NA,0.0,-,-,NA,NA,NA,NA,NA,0,NA,NA,-,-,0.0,NA,NA,NA,NA,NA,NA,NA,NA,NA,NA,NA,-,-,-,0,0.000,NA,NA,NA,NA,NA,NA,NA,NA,NA,NA,0.0%,NA,NA,NA,NA,NA,NA,NA,NA,NA,0.0%,NA,NA,@ DET,4,OUT,OUT,NA
3,11576,Braelon Allen,RB,22.7,NYJ,45,47,4.70,3.2,1,0,66,34,0,0.0%,0,0,0,0,0,0,0.00,14,0,0,0,0.00,0.00,3,-5,0,0,0,3,8,3,1.0,1.0,4,0,0,17,0,14,3.5,51.5%,17,17.0,0,0,7,0.0%,0.0,-,-,4,11,1,2.80,0.250,0,0.000,0.530,-,-,14.0,0.0,0.0%,5.0,1.25,2.0,0.0,17,0.18,0.000,0.176,8.1%,-,-,-,3,0.000,0.0,NA,NA,3,NA,NA,NA,NA,3.0,3,0.0%,NA,NA,NA,NA,NA,NA,NA,NA,NA,0.0%,NA,NA,@ DET,12,·,6.3,-1.6
3,7567,Kenneth Gainwell,RB,27.5,TB,54,58,3.00,2,1,0,69,32,0,0.0%,0,0,0,0,0,0,0.00,-4,0,0,0,0.00,0.00,2,-4,0,1,0,5,18,14,7.0,2.8,3,0,0,10,0,-4,-1.33,46.4%,10,10.0,0,1,8,12.5%,1.0,-,-,3,5,0,1.50,0.000,0,0.000,0.150,-,-,-4.0,0.0,0.0%,-10.0,-3.33,0.0,0.0,13,1.08,0.077,0.385,13.5%,-,-,-,14,1.000,0.5,NA,NA,9,NA,NA,NA,NA,5.0,2,0.0%,NA,NA,NA,NA,NA,NA,NA,NA,NA,0.0%,NA,NA,vs MIN,29,·,7.7,-4.7
3,9504,Kayshon Boutte,WR,24.4,HOU,83,83,4.10,3.1,1,1,54,37,0,0.0%,0,0,0,0,0,0,0.00,0,0,0,0,0.00,0.00,2,15,0,1,0,2,6,21,10.5,10.5,0,0,0,21,0,0,0,68.5%,21,21.0,0,1,2,50.0%,1.0,-,-,0,NA,NA,NA,NA,0,NA,NA,-,-,0.0,NA,NA,NA,NA,NA,NA,26,0.81,0.038,0.077,7.4%,-,-,-,21,1.000,0.5,660%,0.0,3,1,1,1,0,2.0,2,0.0%,NA,NA,NA,NA,NA,NA,NA,NA,NA,0.0%,NA,NA,@ IND,2,·,8.8,-4.7
3,3257,Jacoby Brissett,QB,33.8,ARI,4,4,25.60,25.6,1,1,87,87,0,73.1%,157,52,38,16,14,0,98.20,284,2,2,280,5.38,7.37,0,0,0,0,0,0,0,0,0.0,0.0,4,0,2,4,1,4,1,100.0%,284,284.0,3,21,56,37.5%,21.0,-,-,4,NA,NA,NA,NA,3,0.750,NA,-,-,4.0,0.0,0.0%,NA,NA,NA,NA,NA,NA,NA,NA,NA,-,-,-,0,0.000,NA,NA,NA,NA,NA,NA,NA,NA,0.0,0,1800.0%,0.3461538462,262%,3.8%,0.241,6.5,5400.0%,+0.05,+7.80,0.1,28000.0%,27.8%,1,@ SF,29,·,15.7,9.9
3,5844,T.J. Hockenson,TE,29.2,MIN,43,46,3.10,2.1,1,1,59,50,0,0.0%,0,0,0,0,0,0,0.00,0,0,0,0,0.00,0.00,2,0,0,0,0,4,11,11,5.5,2.8,0,0,0,11,0,0,0,84.7%,11,11.0,0,0,4,0.0%,0.0,-,-,0,NA,NA,NA,NA,0,NA,NA,-,-,0.0,NA,NA,NA,NA,NA,NA,24,0.46,0.000,0.167,13.8%,-,-,-,11,0.000,0.0,890%,0.1,6,0,2,1,0,4.0,2,0.0%,NA,NA,NA,NA,NA,NA,NA,NA,NA,0.0%,NA,NA,@ TB,3,·,8.8,-5.7
3,9482,Michael Mayer,TE,25.2,LV,13,12,12.20,10.7,1,1,70,61,0,0.0%,0,0,0,0,0,0,0.00,0,0,0,0,0.00,0.00,3,12,0,2,1,3,20,32,10.7,10.7,0,0,0,32,0,0,0,87.1%,32,32.0,1,3,3,100.0%,3.0,-,-,0,NA,NA,NA,NA,0,NA,NA,-,-,0.0,NA,NA,NA,NA,NA,NA,26,1.23,0.077,0.115,9.1%,-,-,-,32,3.000,1.0,490%,0.1,7,1,0,1,1,3.0,3,0.0%,NA,NA,NA,NA,NA,NA,NA,NA,NA,0.0%,NA,NA,@ NO,22,·,4.8,7.5
3,5012,Mark Andrews,TE,31.0,BAL,33,34,5.40,3.9,1,1,64,33,0,0.0%,0,0,0,0,0,0,0.00,0,0,0,0,0.00,0.00,3,13,0,1,0,5,11,24,8.0,4.8,0,0,0,24,0,0,0,51.6%,24,24.0,0,1,5,20.0%,1.0,-,-,0,NA,NA,NA,NA,0,NA,NA,-,-,0.0,NA,NA,NA,NA,NA,NA,13,1.85,0.077,0.385,25.0%,-,-,-,24,1.000,0.3,630%,0.2,4,0,1,1,0,5.0,3,0.0%,NA,NA,NA,NA,NA,NA,NA,NA,NA,0.0%,NA,NA,@ DAL,7,Q,11.8,-6.4
3,1466,Travis Kelce,TE,37.0,KC,11,8,13.90,12.9,1,1,52,41,0,0.0%,0,0,0,0,0,0,0.00,0,0,0,0,0.00,0.00,2,33,0,1,1,2,26,59,29.5,29.5,0,0,0,59,0,0,0,78.8%,59,59.0,1,2,2,100.0%,2.0,-,-,0,NA,NA,NA,NA,0,NA,NA,-,-,0.0,NA,NA,NA,NA,NA,NA,19,3.11,0.053,0.105,8.3%,-,-,-,59,2.000,1.0,1830%,0.2,13,1,2,1,1,2.0,2,0.0%,NA,NA,NA,NA,NA,NA,NA,NA,NA,0.0%,NA,NA,@ MIA,13,·,11.7,2.2
3,11610,Malik Washington,WR,25.7,MIA,39,44,11.10,8.6,1,1,73,63,0,0.0%,0,0,0,0,0,0,0.00,5,0,0,0,0.00,0.00,5,10,1,2,0,10,46,56,11.2,5.6,2,0,0,61,0,5,2.5,86.3%,61,61.0,0,2,12,16.7%,2.0,-,-,2,NA,NA,NA,NA,0,0.000,NA,-,-,5.0,NA,NA,NA,NA,NA,NA,34,1.65,0.059,0.294,27.8%,-,-,-,56,2.000,0.4,960%,0.2,9,1,3,7,1,10.0,5,0.0%,NA,NA,NA,NA,NA,NA,NA,NA,NA,0.0%,NA,NA,vs KC,30,·,10.1,1.0
3,13272,Carson Beck,QB,24.8,ARI,0,0,0.00,0,0,0,0,0,0,0.0%,0,0,0,0,0,0,0.00,0,0,0,0,0.00,0.00,0,0,0,0,0,0,0,0,0.0,0.0,0,0,0,0,0,0,0,-,0,0.0,0,0,0,NA,0.0,-,-,NA,NA,NA,NA,NA,0,NA,NA,-,-,0.0,NA,NA,NA,NA,NA,NA,NA,NA,NA,NA,NA,-,-,-,0,0.000,NA,NA,NA,NA,NA,NA,NA,NA,NA,NA,0.0%,NA,NA,NA,NA,NA,NA,NA,NA,NA,0.0%,NA,NA,@ SF,29,OUT,OUT,NA
3,13317,Ted Hurst,WR,22.2,TB,40,32,11.00,10.5,1,0,69,52,0,0.0%,0,0,0,0,0,0,0.00,0,0,0,0,0.00,0.00,1,21,0,0,1,3,19,40,40.0,13.3,0,0,0,40,0,0,0,75.4%,40,40.0,1,1,3,33.3%,1.0,-,-,0,NA,NA,NA,NA,0,NA,NA,-,-,0.0,NA,NA,NA,NA,NA,NA,35,1.14,0.000,0.086,8.1%,-,-,-,40,1.000,1.0,2360%,0.2,19,0,2,1,0,3.0,1,0.0%,NA,NA,NA,NA,NA,NA,NA,NA,NA,0.0%,NA,NA,vs MIN,10,·,5.5,5.5
3,8136,Rachaad White,RB,27.7,WAS,20,21,11.10,10.6,1,0,69,30,0,0.0%,0,0,0,0,0,0,0.00,35,0,0,0,0.00,0.00,1,6,0,0,1,1,0,6,6.0,6.0,8,0,1,41,0,35,4.38,43.5%,41,41.0,1,2,9,22.2%,2.0,-,-,8,35,2,4.40,0.250,1,0.125,0.690,-,-,35.0,1.0,12.5%,1.0,0.13,1.0,0.0,15,0.40,0.000,0.067,3.2%,-,-,-,6,1.000,1.0,NA,NA,0,NA,NA,NA,NA,1.0,1,0.0%,NA,NA,NA,NA,NA,NA,NA,NA,NA,0.0%,NA,NA,vs SEA,25,Q,7.0,4.1
3,11603,AJ Barner,TE,24.4,SEA,14,14,11.90,9.4,1,1,67,61,0,0.0%,0,0,0,0,0,0,0.00,0,0,0,0,0.00,0.00,5,0,0,3,0,9,69,69,13.8,7.7,0,0,0,69,0,0,0,91.0%,69,69.0,0,3,9,33.3%,3.0,-,-,0,NA,NA,NA,NA,0,NA,NA,-,-,0.0,NA,NA,NA,NA,NA,NA,35,1.97,0.086,0.257,19.6%,-,-,-,69,3.000,0.6,170%,0.0,14,4,0,1,2,9.0,5,0.0%,NA,NA,NA,NA,NA,NA,NA,NA,NA,0.0%,NA,NA,@ WAS,2,·,8.4,3.5
3,13288,Nicholas Singleton,RB,22.7,TEN,999,999,0.00,0,0,0,60,0,0,0.0%,0,0,0,0,0,0,0.00,0,0,0,0,0.00,0.00,0,0,0,0,0,0,0,0,0.0,0.0,0,0,0,0,0,0,0,0.0%,0,0.0,0,0,0,NA,0.0,-,-,NA,NA,NA,NA,NA,0,NA,NA,-,-,0.0,NA,NA,NA,NA,NA,NA,NA,NA,NA,NA,NA,-,-,-,0,0.000,NA,NA,NA,NA,NA,NA,NA,NA,NA,NA,0.0%,NA,NA,NA,NA,NA,NA,NA,NA,NA,0.0%,NA,NA,@ NYG,8,·,2.0,-2.0
3,5967,Tony Pollard,RB,29.4,TEN,16,16,13.60,11.6,1,1,60,32,0,0.0%,0,0,0,0,0,0,0.00,74,0,0,0,0.00,0.00,4,2,0,1,0,4,20,22,5.5,5.5,17,0,3,96,0,74,4.35,53.3%,96,96.0,0,4,21,19.0%,4.0,-,-,17,48,3,2.80,0.176,3,0.176,0.456,-,-,74.0,2.0,11.8%,8.0,0.47,3.0,2.0,10,2.20,0.100,0.400,11.1%,-,-,-,22,1.000,0.3,NA,NA,5,NA,NA,NA,NA,4.0,4,0.0%,NA,NA,NA,NA,NA,NA,NA,NA,NA,0.0%,NA,NA,@ NYG,8,·,12.4,1.2
3,11638,Ricky Pearsall,WR,26.0,SF,999,999,0.00,0,0,0,0,0,0,0.0%,0,0,0,0,0,0,0.00,0,0,0,0,0.00,0.00,0,0,0,0,0,0,0,0,0.0,0.0,0,0,0,0,0,0,0,-,0,0.0,0,0,0,NA,0.0,-,-,NA,NA,NA,NA,NA,0,NA,NA,-,-,0.0,NA,NA,NA,NA,NA,NA,NA,NA,NA,NA,NA,-,-,-,0,0.000,NA,NA,NA,NA,NA,NA,NA,NA,NA,NA,0.0%,NA,NA,NA,NA,NA,NA,NA,NA,NA,0.0%,NA,NA,vs ARI,5,IR,IR,NA
3,12509,Tre Harris,WR,24.6,LAC,28,30,13.60,10.6,1,0,69,40,0,0.0%,0,0,0,0,0,0,0.00,0,0,0,0,0.00,0.00,6,46,0,3,0,7,30,76,12.7,10.9,0,0,0,76,0,0,0,58.0%,76,76.0,0,3,7,42.9%,3.0,-,-,0,NA,NA,NA,NA,0,NA,NA,-,-,0.0,NA,NA,NA,NA,NA,NA,24,3.17,0.125,0.292,20.6%,-,-,-,76,3.000,0.5,820%,0.2,5,3,3,1,0,7.0,6,0.0%,NA,NA,NA,NA,NA,NA,NA,NA,NA,0.0%,NA,NA,@ BUF,3,·,7.4,6.3
3,4199,Aaron Jones,RB,31.8,MIN,14,15,14.20,11.7,1,1,59,47,0,0.0%,0,0,0,0,0,0,0.00,58,0,0,0,0.00,0.00,5,-8,0,1,0,6,42,34,6.8,5.7,17,0,3,92,0,58,3.41,79.7%,92,92.0,0,4,23,17.4%,4.0,-,-,17,26,1,1.50,0.059,3,0.176,0.209,-,-,58.0,1.0,5.9%,-32.0,-1.88,0.0,0.0,20,1.70,0.050,0.300,20.7%,-,-,-,34,1.000,0.2,NA,NA,8,NA,NA,NA,NA,6.0,5,0.0%,NA,NA,NA,NA,NA,NA,NA,NA,NA,0.0%,NA,NA,@ TB,18,·,12.9,1.3
3,13413,Cyrus Allen,WR,23.6,KC,999,999,0.00,0,1,0,52,1,0,0.0%,0,0,0,0,0,0,0.00,0,0,0,0,0.00,0.00,0,0,0,0,0,0,0,0,0.0,0.0,0,0,0,0,0,0,0,1.9%,0,0.0,0,0,0,NA,0.0,-,-,0,NA,NA,NA,NA,0,NA,NA,-,-,0.0,NA,NA,NA,NA,NA,NA,NA,NA,NA,NA,NA,-,-,-,0,0.000,NA,NA,NA,NA,NA,NA,NA,NA,0.0,0,0.0%,NA,NA,NA,NA,NA,NA,NA,NA,NA,0.0%,NA,NA,@ MIA,27,·,0.7,-0.7
3,10213,Tre Tucker,WR,25.5,LV,50,57,8.30,6.3,1,1,70,40,0,0.0%,0,0,0,0,0,0,0.00,0,0,0,0,0.00,0.00,4,35,0,2,0,4,8,43,10.8,10.8,0,0,0,43,0,0,0,57.1%,43,43.0,0,2,4,50.0%,2.0,-,-,0,NA,NA,NA,NA,0,NA,NA,-,-,0.0,NA,NA,NA,NA,NA,NA,26,1.65,0.077,0.154,12.1%,-,-,-,43,2.000,0.5,810%,0.1,2,0,1,2,0,4.0,4,0.0%,NA,NA,NA,NA,NA,NA,NA,NA,NA,0.0%,NA,NA,@ NO,13,·,8.9,-0.6
3,9511,Keaton Mitchell,RB,24.7,LAC,15,14,13.70,12.2,1,0,69,26,0,0.0%,0,0,0,0,0,0,0.00,52,0,0,0,0.00,0.00,3,-11,0,0,1,3,6,-5,-1.7,-1.7,8,4,1,47,0,52,6.5,37.7%,47,47.0,1,2,11,18.2%,2.0,-,-,8,46,8,5.80,1.000,1,0.125,1.580,-,-,52.0,2.0,25.0%,14.0,1.75,1.0,0.0,15,-0.33,0.000,0.200,8.8%,-,-,-,-5,1.000,0.3,NA,NA,2,NA,NA,NA,NA,3.0,3,0.0%,NA,NA,NA,NA,NA,NA,NA,NA,NA,0.0%,NA,NA,@ BUF,5,·,6.7,7.0
3,13320,Zachariah Branch,WR,22.5,ATL,109,109,1.70,1.2,1,1,71,13,0,0.0%,0,0,0,0,0,0,0.00,0,0,0,0,0.00,0.00,1,-4,0,0,0,2,11,7,7.0,3.5,0,0,0,7,0,0,0,18.3%,7,7.0,0,0,2,0.0%,0.0,-,-,0,NA,NA,NA,NA,0,NA,NA,-,-,0.0,NA,NA,NA,NA,NA,NA,5,1.40,0.000,0.400,8.0%,-,-,-,7,0.000,0.0,690%,0.1,11,0,1,1,0,2.0,1,0.0%,NA,NA,NA,NA,NA,NA,NA,NA,NA,0.0%,NA,NA,@ GB,12,·,3.5,-1.8
3,8676,Rashid Shaheed,WR,28.1,SEA,91,97,3.40,2.4,1,1,67,31,0,0.0%,0,0,0,0,0,0,0.00,0,0,0,0,0.00,0.00,2,6,0,0,0,3,8,14,7.0,4.7,0,0,0,14,0,0,0,46.3%,14,14.0,0,0,3,0.0%,0.0,-,-,0,NA,NA,NA,NA,0,NA,NA,-,-,0.0,NA,NA,NA,NA,NA,NA,22,0.64,0.000,0.136,6.5%,-,-,-,14,0.000,0.0,600%,0.1,4,0,2,2,0,3.0,2,0.0%,NA,NA,NA,NA,NA,NA,NA,NA,NA,0.0%,NA,NA,@ WAS,9,·,8.4,-5.0
3,9225,Tank Bigsby,RB,25.1,PHI,78,78,-0.50,-1,1,0,50,2,1,0.0%,0,0,0,0,0,0,0.00,0,0,0,0,0.00,0.00,1,0,0,0,0,1,5,5,5.0,5.0,0,0,0,5,0,0,0,4.0%,5,5.0,0,0,1,0.0%,0.0,-,-,0,0,1,0.00,NA,0,NA,NA,-,-,0.0,0.0,NA,0.0,NA,0.0,0.0,2,2.50,0.000,0.500,3.8%,-,-,-,5,0.000,0.0,NA,NA,5,NA,NA,NA,NA,1.0,1,0.0%,NA,NA,NA,NA,NA,NA,NA,NA,NA,0.0%,NA,NA,@ CHI,9,·,4.1,-4.6
3,11637,Keon Coleman,WR,23.4,BUF,77,72,4.70,4.2,1,0,66,32,0,0.0%,0,0,0,0,0,0,0.00,0,0,0,0,0.00,0.00,1,33,0,1,0,2,4,37,37.0,18.5,0,0,0,37,0,0,0,48.5%,37,37.0,0,1,2,50.0%,1.0,-,-,0,NA,NA,NA,NA,0,NA,NA,-,-,0.0,NA,NA,NA,NA,NA,NA,15,2.47,0.067,0.133,7.7%,-,-,-,37,1.000,1.0,2710%,0.2,4,0,2,0,0,2.0,1,0.0%,NA,NA,NA,NA,NA,NA,NA,NA,NA,0.0%,NA,NA,vs LAC,8,·,6.7,-2.0
3,10219,Chris Rodriguez,RB,26.0,JAX,26,23,9.70,9.7,1,0,62,13,0,0.0%,0,0,0,0,0,0,0.00,37,0,0,0,0.00,0.00,0,0,0,0,0,0,0,0,0.0,0.0,8,0,2,37,1,37,4.63,21.0%,37,37.0,1,3,8,37.5%,3.0,-,-,8,27,4,3.40,0.500,3,0.375,0.840,-,-,37.0,0.0,0.0%,1.0,0.13,3.0,1.0,2,0.00,0.000,0.000,0.0%,-,-,-,0,0.000,NA,NA,NA,NA,NA,NA,NA,NA,0.0,0,0.0%,NA,NA,NA,NA,NA,NA,NA,NA,NA,0.0%,NA,NA,vs NE,26,·,4.7,5.0
3,12530,Travis Hunter,WR,23.4,JAX,999,999,0.00,0,1,1,62,5,0,0.0%,0,0,0,0,0,0,0.00,0,0,0,0,0.00,0.00,0,0,0,0,0,0,0,0,0.0,0.0,0,0,0,0,0,0,0,8.1%,0,0.0,0,0,0,NA,0.0,-,-,0,NA,NA,NA,NA,0,NA,NA,-,-,0.0,NA,NA,NA,NA,NA,NA,4,0.00,0.000,0.000,0.0%,-,-,-,0,0.000,NA,0%,0.0,NA,0,0,0,0,0.0,0,0.0%,NA,NA,NA,NA,NA,NA,NA,NA,NA,0.0%,NA,NA,vs NE,22,·,1.6,-1.6
3,12536,Jaylin Noel,WR,24.0,HOU,78,79,4.50,3.5,1,0,54,14,0,0.0%,0,0,0,0,0,0,0.00,8,0,0,0,0.00,0.00,2,16,0,1,0,2,1,17,8.5,8.5,1,0,1,25,0,8,8,25.9%,25,25.0,0,2,3,66.7%,2.0,-,-,1,NA,NA,NA,NA,1,1.000,NA,-,-,8.0,NA,NA,NA,NA,NA,NA,10,1.70,0.100,0.200,7.4%,-,-,-,17,1.000,0.5,770%,0.1,1,0,1,0,0,2.0,2,0.0%,NA,NA,NA,NA,NA,NA,NA,NA,NA,0.0%,NA,NA,@ IND,2,·,6.1,-1.6
3,13421,Eli Raridon,TE,22.6,NE,0,0,0.00,0,0,0,0,0,0,0.0%,0,0,0,0,0,0,0.00,0,0,0,0,0.00,0.00,0,0,0,0,0,0,0,0,0.0,0.0,0,0,0,0,0,0,0,-,0,0.0,0,0,0,NA,0.0,-,-,NA,NA,NA,NA,NA,0,NA,NA,-,-,0.0,NA,NA,NA,NA,NA,NA,NA,NA,NA,NA,NA,-,-,-,0,0.000,NA,NA,NA,NA,NA,NA,NA,NA,NA,NA,0.0%,NA,NA,NA,NA,NA,NA,NA,NA,NA,0.0%,NA,NA,@ JAX,17,OUT,OUT,NA
3,11834,Devaughn Vele,WR,28.8,NO,64,63,6.90,5.4,1,1,74,65,0,0.0%,0,0,0,0,0,0,0.00,0,0,0,0,0.00,0.00,3,27,0,3,0,6,12,39,13.0,6.5,0,0,0,39,0,0,0,87.8%,39,39.0,0,3,6,50.0%,3.0,-,-,0,NA,NA,NA,NA,0,NA,NA,-,-,0.0,NA,NA,NA,NA,NA,NA,43,0.91,0.070,0.140,14.3%,-,-,-,39,3.000,1.0,1710%,0.3,4,1,5,2,1,6.0,3,0.0%,NA,NA,NA,NA,NA,NA,NA,NA,NA,0.0%,NA,NA,vs LV,29,·,10.1,-3.2
3,9508,Tyjae Spears,RB,25.3,TEN,73,73,0.50,0.5,1,0,60,28,0,0.0%,0,0,0,0,0,0,0.00,5,0,0,0,0.00,0.00,0,0,0,0,0,0,0,0,0.0,0.0,3,0,0,5,0,5,1.67,46.7%,5,5.0,0,0,3,0.0%,0.0,-,-,3,8,0,2.50,0.000,0,0.000,0.250,-,-,5.0,0.0,0.0%,-8.0,-2.67,0.0,0.0,16,0.00,0.000,0.000,0.0%,-,-,-,0,0.000,NA,NA,NA,NA,NA,NA,NA,NA,0.0,0,0.0%,NA,NA,NA,NA,NA,NA,NA,NA,NA,0.0%,NA,NA,@ NYG,8,Q,7.6,-7.1
3,5001,Dalton Schultz,TE,30.2,HOU,32,32,6.00,4.5,1,0,54,29,0,0.0%,0,0,0,0,0,0,0.00,0,0,0,0,0.00,0.00,3,27,0,1,0,3,3,30,10.0,10.0,0,0,0,30,0,0,0,53.7%,30,30.0,0,1,3,33.3%,1.0,-,-,0,NA,NA,NA,NA,0,NA,NA,-,-,0.0,NA,NA,NA,NA,NA,NA,20,1.50,0.050,0.150,11.1%,-,-,-,30,1.000,0.3,860%,0.1,1,1,1,1,0,3.0,3,0.0%,NA,NA,NA,NA,NA,NA,NA,NA,NA,0.0%,NA,NA,@ IND,5,·,11.8,-5.8
3,12483,Jack Bech,WR,23.8,LV,999,999,0.00,0,1,0,70,11,0,0.0%,0,0,0,0,0,0,0.00,0,0,0,0,0.00,0.00,0,0,0,0,0,0,0,0,0.0,0.0,0,0,0,0,0,0,0,15.7%,0,0.0,0,0,0,NA,0.0,-,-,0,NA,NA,NA,NA,0,NA,NA,-,-,0.0,NA,NA,NA,NA,NA,NA,NA,NA,NA,NA,NA,-,-,-,0,0.000,NA,NA,NA,NA,NA,NA,NA,NA,0.0,0,0.0%,NA,NA,NA,NA,NA,NA,NA,NA,NA,0.0%,NA,NA,@ NO,13,OUT,5.1,-5.1
3,3214,Hunter Henry,TE,31.8,NE,56,56,1.50,1,1,1,63,44,0,0.0%,0,0,0,0,0,0,0.00,0,0,0,0,0.00,0.00,1,0,0,0,0,2,5,5,5.0,2.5,0,0,0,5,0,0,0,69.8%,5,5.0,0,0,2,0.0%,0.0,-,-,0,NA,NA,NA,NA,0,NA,NA,-,-,0.0,NA,NA,NA,NA,NA,NA,23,0.22,0.000,0.087,6.5%,-,-,-,5,0.000,0.0,730%,0.0,5,0,1,0,0,2.0,1,0.0%,NA,NA,NA,NA,NA,NA,NA,NA,NA,0.0%,NA,NA,@ JAX,17,·,10.6,-9.1
3,12469,Dylan Sampson,RB,22.0,CLE,999,999,0.00,0,0,0,0,0,0,0.0%,0,0,0,0,0,0,0.00,0,0,0,0,0.00,0.00,0,0,0,0,0,0,0,0,0.0,0.0,0,0,0,0,0,0,0,-,0,0.0,0,0,0,NA,0.0,-,-,NA,NA,NA,NA,NA,0,NA,NA,-,-,0.0,NA,NA,NA,NA,NA,NA,NA,NA,NA,NA,NA,-,-,-,0,0.000,NA,NA,NA,NA,NA,NA,NA,NA,NA,NA,0.0%,NA,NA,NA,NA,NA,NA,NA,NA,NA,0.0%,NA,NA,vs CAR,1,IR,IR,NA
3,13289,Drew Allar,QB,22.5,PIT,0,0,0.00,0,0,0,0,0,0,0.0%,0,0,0,0,0,0,0.00,0,0,0,0,0.00,0.00,0,0,0,0,0,0,0,0,0.0,0.0,0,0,0,0,0,0,0,-,0,0.0,0,0,0,NA,0.0,-,-,NA,NA,NA,NA,NA,0,NA,NA,-,-,0.0,NA,NA,NA,NA,NA,NA,NA,NA,NA,NA,NA,-,-,-,0,0.000,NA,NA,NA,NA,NA,NA,NA,NA,NA,NA,0.0%,NA,NA,NA,NA,NA,NA,NA,NA,NA,0.0%,NA,NA,vs CIN,23,OUT,OUT,NA
3,7600,Pat Freiermuth,TE,27.9,PIT,34,33,5.10,4.1,1,1,62,37,0,0.0%,0,0,0,0,0,0,0.00,1,0,0,0,0.00,0.00,2,11,0,1,0,4,19,30,15.0,7.5,1,0,1,31,0,1,1,59.7%,31,31.0,0,2,5,40.0%,2.0,-,-,1,NA,NA,NA,NA,1,1.000,NA,-,-,1.0,NA,NA,NA,NA,NA,NA,21,1.43,0.048,0.190,11.8%,-,-,-,30,1.000,0.5,1210%,0.1,10,0,2,1,0,4.0,2,0.0%,NA,NA,NA,NA,NA,NA,NA,NA,NA,0.0%,NA,NA,vs CIN,6,·,8.8,-3.7
3,8210,Chigoziem Okonkwo,TE,27.0,WAS,0,0,0.00,0,0,0,0,0,0,0.0%,0,0,0,0,0,0,0.00,0,0,0,0,0.00,0.00,0,0,0,0,0,0,0,0,0.0,0.0,0,0,0,0,0,0,0,-,0,0.0,0,0,0,NA,0.0,-,-,NA,NA,NA,NA,NA,0,NA,NA,-,-,0.0,NA,NA,NA,NA,NA,NA,NA,NA,NA,NA,NA,-,-,-,0,0.000,NA,NA,NA,NA,NA,NA,NA,NA,NA,NA,0.0%,NA,NA,NA,NA,NA,NA,NA,NA,NA,0.0%,NA,NA,vs SEA,10,OUT,OUT,NA
3,12524,Shedeur Sanders,QB,24.6,CLE,999,999,0.00,0,1,0,70,1,0,100.0%,-4,1,1,0,0,0,79.20,0,0,0,0,0.00,0.00,0,0,0,0,0,0,0,0,0.0,0.0,0,0,0,0,0,0,0,1.4%,0,0.0,0,0,1,0.0%,0.0,-,-,0,NA,NA,NA,NA,0,NA,NA,-,-,0.0,0.0,NA,NA,NA,NA,NA,NA,NA,NA,NA,NA,-,-,-,0,0.000,NA,NA,NA,NA,NA,NA,NA,NA,0.0,0,0.0%,0,214%,0%,0,-4.8,100.0%,+0.08,-0.40,-0.4,0.0%,0.0%,1,vs CAR,10,·,·,NA
3,13405,Kaytron Allen,RB,23.7,WAS,999,999,0.00,0,0,0,69,0,0,0.0%,0,0,0,0,0,0,0.00,0,0,0,0,0.00,0.00,0,0,0,0,0,0,0,0,0.0,0.0,0,0,0,0,0,0,0,0.0%,0,0.0,0,0,0,NA,0.0,-,-,NA,NA,NA,NA,NA,0,NA,NA,-,-,0.0,NA,NA,NA,NA,NA,NA,NA,NA,NA,NA,NA,-,-,-,0,0.000,NA,NA,NA,NA,NA,NA,NA,NA,NA,NA,0.0%,NA,NA,NA,NA,NA,NA,NA,NA,NA,0.0%,NA,NA,vs SEA,25,·,1.9,-1.9
3,13268,Elijah Sarratt,WR,23.3,BAL,0,0,0.00,0,0,0,0,0,0,0.0%,0,0,0,0,0,0,0.00,0,0,0,0,0.00,0.00,0,0,0,0,0,0,0,0,0.0,0.0,0,0,0,0,0,0,0,-,0,0.0,0,0,0,NA,0.0,-,-,NA,NA,NA,NA,NA,0,NA,NA,-,-,0.0,NA,NA,NA,NA,NA,NA,NA,NA,NA,NA,NA,-,-,-,0,0.000,NA,NA,NA,NA,NA,NA,NA,NA,NA,NA,0.0%,NA,NA,NA,NA,NA,NA,NA,NA,NA,0.0%,NA,NA,@ DAL,18,OUT,OUT,NA
3,12535,Isaac TeSlaa,WR,24.6,DET,45,47,9.60,8.1,1,0,65,31,0,0.0%,0,0,0,0,0,0,0.00,0,0,0,0,0.00,0.00,3,27,0,3,0,3,39,66,22.0,22.0,0,0,0,66,0,0,0,47.7%,66,66.0,0,3,3,100.0%,3.0,-,-,0,NA,NA,NA,NA,0,NA,NA,-,-,0.0,NA,NA,NA,NA,NA,NA,19,3.47,0.158,0.158,9.4%,-,-,-,66,3.000,1.0,900%,0.1,13,1,1,1,0,3.0,3,0.0%,NA,NA,NA,NA,NA,NA,NA,NA,NA,0.0%,NA,NA,vs NYJ,23,·,4.5,5.1
3,9502,Tank Dell,WR,26.9,HOU,999,999,0.00,0,0,0,0,0,0,0.0%,0,0,0,0,0,0,0.00,0,0,0,0,0.00,0.00,0,0,0,0,0,0,0,0,0.0,0.0,0,0,0,0,0,0,0,-,0,0.0,0,0,0,NA,0.0,-,-,NA,NA,NA,NA,NA,0,NA,NA,-,-,0.0,NA,NA,NA,NA,NA,NA,NA,NA,NA,NA,NA,-,-,-,0,0.000,NA,NA,NA,NA,NA,NA,NA,NA,NA,NA,0.0%,NA,NA,NA,NA,NA,NA,NA,NA,NA,0.0%,NA,NA,@ IND,2,IR,IR,NA
3,7527,Mac Jones,QB,28.0,SF,999,999,0.00,0,0,0,54,0,0,0.0%,0,0,0,0,0,0,0.00,0,0,0,0,0.00,0.00,0,0,0,0,0,0,0,0,0.0,0.0,0,0,0,0,0,0,0,0.0%,0,0.0,0,0,0,NA,0.0,-,-,NA,NA,NA,NA,NA,0,NA,NA,-,-,0.0,NA,NA,NA,NA,NA,NA,NA,NA,NA,NA,NA,-,-,-,0,0.000,NA,NA,NA,NA,NA,NA,NA,NA,NA,NA,0.0%,NA,NA,NA,NA,NA,NA,NA,NA,NA,0.0%,NA,NA,vs ARI,15,·,·,NA
3,1373,Geno Smith,QB,36.0,NYJ,3,3,26.04,26.04,1,1,66,66,1,83.8%,198,37,31,13,6,0,129.80,333,5,3,321,8.68,10.35,0,0,0,0,0,0,0,0,0.0,0.0,2,0,1,12,0,12,6,100.0%,333,333.0,3,17,39,43.6%,17.0,-,-,2,NA,NA,NA,NA,1,0.500,NA,-,-,12.0,1.0,50.0%,NA,NA,NA,NA,NA,NA,NA,NA,NA,-,-,-,0,0.000,NA,NA,NA,NA,NA,NA,NA,NA,0.0,0,1600.0%,0.4324324324,289%,16.2%,0.409,8.4,4400.0%,+0.21,+9.20,0.2,32100.0%,22.7%,1,@ DET,1,·,15.7,10.3
3,12502,Gunnar Helm,TE,24.0,TEN,40,42,3.40,2.4,1,1,60,49,0,0.0%,0,0,0,0,0,0,0.00,0,0,0,0,0.00,0.00,2,11,0,2,0,4,3,14,7.0,3.5,0,0,0,14,0,0,0,81.7%,14,14.0,0,2,4,50.0%,2.0,-,-,0,NA,NA,NA,NA,0,NA,NA,-,-,0.0,NA,NA,NA,NA,NA,NA,24,0.58,0.083,0.167,11.1%,-,-,-,14,2.000,1.0,900%,0.2,2,1,2,3,1,4.0,2,0.0%,NA,NA,NA,NA,NA,NA,NA,NA,NA,0.0%,NA,NA,@ NYG,12,·,7.4,-4.0
3,13347,Demond Claiborne,RB,23.0,MIN,77,77,0.10,0.1,1,0,59,3,0,0.0%,0,0,0,0,0,0,0.00,1,0,0,0,0.00,0.00,0,0,0,0,0,0,0,0,0.0,0.0,3,0,0,1,0,1,0.33,5.1%,1,1.0,0,0,3,0.0%,0.0,-,-,3,2,0,0.80,0.000,0,0.000,0.080,-,-,1.0,0.0,0.0%,-10.0,-3.33,0.0,0.0,0,NA,NA,NA,0.0%,-,-,-,0,0.000,NA,NA,NA,NA,NA,NA,NA,NA,0.0,0,0.0%,NA,NA,NA,NA,NA,NA,NA,NA,NA,0.0%,NA,NA,@ TB,18,·,2.5,-2.4
3,12504,Kaleb Johnson,RB,23.1,GB,59,57,2.60,2.1,1,0,66,24,0,0.0%,0,0,0,0,0,0,0.00,6,0,0,0,0.00,0.00,1,0,0,1,0,3,10,10,10.0,3.3,4,0,0,16,0,6,1.5,36.4%,16,16.0,0,1,7,14.3%,1.0,-,-,4,10,1,2.50,0.250,0,0.000,0.500,-,-,6.0,0.0,0.0%,-6.0,-1.50,0.0,0.0,15,0.67,0.067,0.200,5.7%,-,-,-,10,1.000,1.0,NA,NA,10,NA,NA,NA,NA,3.0,1,0.0%,NA,NA,NA,NA,NA,NA,NA,NA,NA,0.0%,NA,NA,vs ATL,27,·,4.5,-1.9
3,7571,Rashod Bateman,WR,26.8,BAL,70,67,5.70,4.7,1,1,64,56,0,0.0%,0,0,0,0,0,0,0.00,0,0,0,0,0.00,0.00,2,25,0,1,0,3,12,37,18.5,12.3,0,0,0,37,0,0,0,87.5%,37,37.0,0,1,3,33.3%,1.0,-,-,0,NA,NA,NA,NA,0,NA,NA,-,-,0.0,NA,NA,NA,NA,NA,NA,20,1.85,0.050,0.150,15.0%,-,-,-,37,1.000,0.5,1210%,0.2,6,1,2,1,1,3.0,2,0.0%,NA,NA,NA,NA,NA,NA,NA,NA,NA,0.0%,NA,NA,@ DAL,18,·,10.9,-5.2
3,11627,Troy Franklin,WR,23.6,DEN,94,90,3.10,2.6,1,0,67,12,0,0.0%,0,0,0,0,0,0,0.00,0,0,0,0,0.00,0.00,1,8,0,1,0,1,13,21,21.0,21.0,0,0,0,21,0,0,0,17.9%,21,21.0,0,1,1,100.0%,1.0,-,-,0,NA,NA,NA,NA,0,NA,NA,-,-,0.0,NA,NA,NA,NA,NA,NA,6,3.50,0.167,0.167,2.9%,-,-,-,21,1.000,1.0,860%,0.0,13,0,0,0,0,1.0,1,0.0%,NA,NA,NA,NA,NA,NA,NA,NA,NA,0.0%,NA,NA,vs LAR,14,·,1.6,1.5
3,8154,Brian Robinson,RB,27.5,ATL,21,19,11.00,11,1,0,71,19,0,0.0%,0,0,0,0,0,0,0.00,50,0,0,0,0.00,0.00,0,0,0,0,0,0,0,0,0.0,0.0,10,0,3,50,1,50,5,26.8%,50,50.0,1,4,10,40.0%,4.0,-,-,10,61,2,6.10,0.200,4,0.400,0.810,-,-,50.0,1.0,10.0%,13.0,1.30,1.0,0.0,3,0.00,0.000,0.000,0.0%,-,-,-,0,0.000,NA,NA,NA,NA,NA,NA,NA,NA,0.0,0,0.0%,NA,NA,NA,NA,NA,NA,NA,NA,NA,0.0%,NA,NA,@ GB,11,·,4.4,6.6
3,12499,Elic Ayomanor,WR,23.3,TEN,103,104,2.10,1.6,1,1,60,48,0,0.0%,0,0,0,0,0,0,0.00,0,0,0,0,0.00,0.00,1,11,0,1,0,3,0,11,11.0,3.7,0,0,0,11,0,0,0,80.0%,11,11.0,0,1,3,33.3%,1.0,-,-,0,NA,NA,NA,NA,0,NA,NA,-,-,0.0,NA,NA,NA,NA,NA,NA,27,0.41,0.037,0.111,8.3%,-,-,-,11,1.000,1.0,970%,0.1,0,2,1,1,1,3.0,1,0.0%,NA,NA,NA,NA,NA,NA,NA,NA,NA,0.0%,NA,NA,@ NYG,11,·,4.4,-2.3
3,8111,Cade Otton,TE,27.4,TB,22,24,8.60,7.1,1,1,69,65,0,0.0%,0,0,0,0,0,0,0.00,0,0,0,0,0.00,0.00,3,14,0,2,0,6,42,56,18.7,9.3,0,0,0,56,0,0,0,94.2%,56,56.0,0,2,6,33.3%,2.0,-,-,0,NA,NA,NA,NA,0,NA,NA,-,-,0.0,NA,NA,NA,NA,NA,NA,39,1.44,0.051,0.154,16.2%,-,-,-,56,2.000,0.7,870%,0.1,14,0,4,5,0,6.0,3,0.0%,NA,NA,NA,NA,NA,NA,NA,NA,NA,0.0%,NA,NA,vs MIN,23,·,7.2,1.4
3,5854,Drew Lock,QB,29.9,SEA,999,999,0.00,0,0,0,67,0,0,0.0%,0,0,0,0,0,0,0.00,0,0,0,0,0.00,0.00,0,0,0,0,0,0,0,0,0.0,0.0,0,0,0,0,0,0,0,0.0%,0,0.0,0,0,0,NA,0.0,-,-,NA,NA,NA,NA,NA,0,NA,NA,-,-,0.0,NA,NA,NA,NA,NA,NA,NA,NA,NA,NA,NA,-,-,-,0,0.000,NA,NA,NA,NA,NA,NA,NA,NA,NA,NA,0.0%,NA,NA,NA,NA,NA,NA,NA,NA,NA,0.0%,NA,NA,@ WAS,2,·,·,NA
3,12497,Tory Horton,WR,23.8,SEA,55,56,7.80,6.3,1,0,67,15,0,0.0%,0,0,0,0,0,0,0.00,0,0,0,0,0.00,0.00,3,44,0,3,0,3,4,48,16.0,16.0,0,0,0,48,0,0,0,22.4%,48,48.0,0,3,3,100.0%,3.0,-,-,0,NA,NA,NA,NA,0,NA,NA,-,-,0.0,NA,NA,NA,NA,NA,NA,10,4.80,0.300,0.300,6.5%,-,-,-,48,3.000,1.0,1440%,0.1,1,0,3,1,0,3.0,3,0.0%,NA,NA,NA,NA,NA,NA,NA,NA,NA,0.0%,NA,NA,@ WAS,9,·,3.6,4.2
3,1166,Kirk Cousins,QB,38.1,LV,11,11,22.22,22.22,1,1,70,70,1,66.7%,166,33,22,13,11,0,119.30,251,3,3,248,7.52,11.27,0,0,0,0,0,0,0,0,0.0,0.0,3,0,0,3,0,3,1,100.0%,251,251.0,3,16,36,44.4%,16.0,-,-,3,NA,NA,NA,NA,0,0.000,NA,-,-,3.0,0.0,0.0%,NA,NA,NA,NA,NA,NA,NA,NA,NA,-,-,-,0,0.000,NA,NA,NA,NA,NA,NA,NA,NA,0.0,0,1600.0%,0.4848484848,269%,6.1%,0.324,8.9,3700.0%,+0.07,+10.20,0.3,24800.0%,27.0%,1,@ NO,19,·,14.9,7.4
3,11643,Jaylen Wright,RB,23.5,MIA,0,0,0.00,0,0,0,0,0,0,0.0%,0,0,0,0,0,0,0.00,0,0,0,0,0.00,0.00,0,0,0,0,0,0,0,0,0.0,0.0,0,0,0,0,0,0,0,-,0,0.0,0,0,0,NA,0.0,-,-,NA,NA,NA,NA,NA,0,NA,NA,-,-,0.0,NA,NA,NA,NA,NA,NA,NA,NA,NA,NA,NA,-,-,-,0,0.000,NA,NA,NA,NA,NA,NA,NA,NA,NA,NA,0.0%,NA,NA,NA,NA,NA,NA,NA,NA,NA,0.0%,NA,NA,vs KC,14,OUT,OUT,NA
3,12547,Kyle Williams,WR,23.8,NE,79,76,4.40,3.9,1,0,63,22,0,0.0%,0,0,0,0,0,0,0.00,0,0,0,0,0.00,0.00,1,20,0,1,0,3,14,34,34.0,11.3,0,0,0,34,0,0,0,34.9%,34,34.0,0,1,3,33.3%,1.0,-,-,0,NA,NA,NA,NA,0,NA,NA,-,-,0.0,NA,NA,NA,NA,NA,NA,16,2.13,0.063,0.188,9.7%,-,-,-,34,1.000,1.0,1710%,0.1,14,0,3,1,0,3.0,1,0.0%,NA,NA,NA,NA,NA,NA,NA,NA,NA,0.0%,NA,NA,@ JAX,17,·,3.2,1.3
3,9501,Demario Douglas,WR,25.8,NE,76,71,4.80,4.3,1,0,63,37,0,0.0%,0,0,0,0,0,0,0.00,0,0,0,0,0.00,0.00,1,32,1,1,0,5,6,38,38.0,7.6,0,0,0,38,0,0,0,58.7%,38,38.0,0,1,5,20.0%,1.0,-,-,0,NA,NA,NA,NA,0,NA,NA,-,-,0.0,NA,NA,NA,NA,NA,NA,28,1.36,0.036,0.179,16.1%,-,-,-,38,1.000,1.0,2430%,0.3,6,1,4,0,2,5.0,1,0.0%,NA,NA,NA,NA,NA,NA,NA,NA,NA,0.0%,NA,NA,@ JAX,17,·,7.3,-2.5
3,13402,Skyler Bell,WR,24.2,BUF,0,0,0.00,0,0,0,0,0,0,0.0%,0,0,0,0,0,0,0.00,0,0,0,0,0.00,0.00,0,0,0,0,0,0,0,0,0.0,0.0,0,0,0,0,0,0,0,-,0,0.0,0,0,0,NA,0.0,-,-,NA,NA,NA,NA,NA,0,NA,NA,-,-,0.0,NA,NA,NA,NA,NA,NA,NA,NA,NA,NA,NA,-,-,-,0,0.000,NA,NA,NA,NA,NA,NA,NA,NA,NA,NA,0.0%,NA,NA,NA,NA,NA,NA,NA,NA,NA,0.0%,NA,NA,vs LAC,8,OUT,OUT,NA
3,13353,Chris Brazzell II,WR,22.9,CAR,999,999,0.00,0,0,0,0,0,0,0.0%,0,0,0,0,0,0,0.00,0,0,0,0,0.00,0.00,0,0,0,0,0,0,0,0,0.0,0.0,0,0,0,0,0,0,0,-,0,0.0,0,0,0,NA,0.0,-,-,NA,NA,NA,NA,NA,0,NA,NA,-,-,0.0,NA,NA,NA,NA,NA,NA,NA,NA,NA,NA,NA,-,-,-,0,0.000,NA,NA,NA,NA,NA,NA,NA,NA,NA,NA,0.0%,NA,NA,NA,NA,NA,NA,NA,NA,NA,0.0%,NA,NA,@ CLE,6,IR,IR,NA
3,12521,Elijah Arroyo,TE,23.5,SEA,999,999,0.00,0,1,0,67,18,0,0.0%,0,0,0,0,0,0,0.00,0,0,0,0,0.00,0.00,0,0,0,0,0,0,0,0,0.0,0.0,0,0,0,0,0,0,0,26.9%,0,0.0,0,0,0,NA,0.0,-,-,0,NA,NA,NA,NA,0,NA,NA,-,-,0.0,NA,NA,NA,NA,NA,NA,NA,NA,NA,NA,NA,-,-,-,0,0.000,NA,NA,NA,NA,NA,NA,NA,NA,0.0,0,0.0%,NA,NA,NA,NA,NA,NA,NA,NA,NA,0.0%,NA,NA,@ WAS,2,·,3.1,-3.1
3,8180,Jalen Nailor,WR,27.6,LV,100,98,2.60,2.1,1,0,70,40,0,0.0%,0,0,0,0,0,0,0.00,0,0,0,0,0.00,0.00,1,14,0,1,0,3,2,16,16.0,5.3,0,0,0,16,0,0,0,57.1%,16,16.0,0,1,3,33.3%,1.0,-,-,0,NA,NA,NA,NA,0,NA,NA,-,-,0.0,NA,NA,NA,NA,NA,NA,23,0.70,0.043,0.130,9.1%,-,-,-,16,1.000,1.0,1400%,0.2,2,0,2,1,0,3.0,1,0.0%,NA,NA,NA,NA,NA,NA,NA,NA,NA,0.0%,NA,NA,@ NO,13,·,6.7,-4.1
3,9757,Kendre Miller,RB,24.3,NO,47,50,3.90,2.9,1,0,74,14,1,0.0%,0,0,0,0,0,0,0.00,14,0,0,0,0.00,0.00,2,1,1,0,0,3,4,5,2.5,1.7,4,0,1,19,0,14,3.5,18.9%,19,19.0,0,1,7,14.3%,1.0,-,-,4,8,0,2.10,0.000,1,0.250,0.210,-,-,14.0,0.0,0.0%,-7.0,-1.75,0.0,0.0,7,0.71,0.000,0.429,7.1%,-,-,-,5,0.000,0.0,NA,NA,2,NA,NA,NA,NA,3.0,2,0.0%,NA,NA,NA,NA,NA,NA,NA,NA,NA,0.0%,NA,NA,vs LV,20,·,·,NA
3,10218,Xavier Hutchinson,WR,26.3,HOU,49,50,8.50,7,1,0,54,29,0,0.0%,0,0,0,0,0,0,0.00,4,0,0,0,0.00,0.00,3,48,0,2,0,6,3,51,17.0,8.5,2,0,1,55,0,4,2,53.7%,55,55.0,0,3,8,37.5%,3.0,-,-,2,NA,NA,NA,NA,1,0.500,NA,-,-,4.0,NA,NA,NA,NA,NA,NA,20,2.55,0.100,0.300,22.2%,-,-,-,51,2.000,0.7,1920%,0.4,1,0,4,1,0,6.0,3,0.0%,NA,NA,NA,NA,NA,NA,NA,NA,NA,0.0%,NA,NA,@ IND,2,·,7.8,0.7
3,12498,Mason Taylor,TE,22.4,NYJ,0,0,0.00,0,0,0,0,0,0,0.0%,0,0,0,0,0,0,0.00,0,0,0,0,0.00,0.00,0,0,0,0,0,0,0,0,0.0,0.0,0,0,0,0,0,0,0,-,0,0.0,0,0,0,NA,0.0,-,-,NA,NA,NA,NA,NA,0,NA,NA,-,-,0.0,NA,NA,NA,NA,NA,NA,NA,NA,NA,NA,NA,-,-,-,0,0.000,NA,NA,NA,NA,NA,NA,NA,NA,NA,NA,0.0%,NA,NA,NA,NA,NA,NA,NA,NA,NA,0.0%,NA,NA,@ DET,1,OUT,OUT,NA
3,11783,Ryan Flournoy,WR,26.9,DAL,81,81,4.20,3.2,1,0,74,49,0,0.0%,0,0,0,0,0,0,0.00,0,0,0,0,0.00,0.00,2,14,1,1,0,8,8,22,11.0,2.8,0,0,0,22,0,0,0,66.2%,22,22.0,0,1,8,12.5%,1.0,-,-,0,NA,NA,NA,NA,0,NA,NA,-,-,0.0,NA,NA,NA,NA,NA,NA,30,0.73,0.033,0.267,20.0%,-,-,-,22,1.000,0.5,1270%,0.3,4,4,5,1,2,8.0,2,0.0%,NA,NA,NA,NA,NA,NA,NA,NA,NA,0.0%,NA,NA,vs BAL,16,·,7.8,-3.6
3,11256,Tyson Bagent,QB,26.3,CHI,999,999,0.00,0,0,0,72,0,0,0.0%,0,0,0,0,0,0,0.00,0,0,0,0,0.00,0.00,0,0,0,0,0,0,0,0,0.0,0.0,0,0,0,0,0,0,0,0.0%,0,0.0,0,0,0,NA,0.0,-,-,NA,NA,NA,NA,NA,0,NA,NA,-,-,0.0,NA,NA,NA,NA,NA,NA,NA,NA,NA,NA,NA,-,-,-,0,0.000,NA,NA,NA,NA,NA,NA,NA,NA,NA,NA,0.0%,NA,NA,NA,NA,NA,NA,NA,NA,NA,0.0%,NA,NA,vs PHI,13,·,·,NA
3,13411,Zavion Thomas,WR,22.6,CHI,114,115,1.10,0.6,1,0,72,8,0,0.0%,0,0,0,0,0,0,0.00,0,0,0,0,0.00,0.00,1,-4,0,0,0,1,5,1,1.0,1.0,0,0,0,1,0,0,0,11.1%,1,1.0,0,0,1,0.0%,0.0,-,-,0,NA,NA,NA,NA,0,NA,NA,-,-,0.0,NA,NA,NA,NA,NA,NA,2,0.50,0.000,0.500,2.9%,-,-,-,1,0.000,0.0,-440%,0.0,5,0,0,1,0,1.0,1,0.0%,NA,NA,NA,NA,NA,NA,NA,NA,NA,0.0%,NA,NA,vs PHI,15,·,0.2,0.9
3,6826,Cole Kmet,TE,27.5,CHI,999,999,0.00,0,1,0,72,43,0,0.0%,0,0,0,0,0,0,0.00,0,0,0,0,0.00,0.00,0,0,1,0,0,1,0,0,0.0,0.0,0,0,0,0,0,0,0,59.7%,0,0.0,0,0,1,0.0%,0.0,-,-,0,NA,NA,NA,NA,0,NA,NA,-,-,0.0,NA,NA,NA,NA,NA,NA,13,0.00,0.000,0.077,2.9%,-,-,-,0,0.000,NA,520%,0.0,NA,0,0,1,0,1.0,0,0.0%,NA,NA,NA,NA,NA,NA,NA,NA,NA,0.0%,NA,NA,vs PHI,31,·,3.3,-3.3
3,13338,Kevin Coleman,WR,23.0,MIA,111,112,1.30,0.8,1,0,73,45,0,0.0%,0,0,0,0,0,0,0.00,0,0,0,0,0.00,0.00,1,4,1,0,0,4,-1,3,3.0,0.8,0,0,0,3,0,0,0,61.6%,3,3.0,0,0,4,0.0%,0.0,-,-,0,NA,NA,NA,NA,0,NA,NA,-,-,0.0,NA,NA,NA,NA,NA,NA,23,0.13,0.000,0.174,11.1%,-,-,-,3,0.000,0.0,1870%,0.2,-1,0,2,1,0,4.0,1,0.0%,NA,NA,NA,NA,NA,NA,NA,NA,NA,0.0%,NA,NA,vs KC,30,·,5.0,-3.7
3,11630,Roman Wilson,WR,25.3,PIT,24,21,15.00,13.5,1,0,62,24,0,0.0%,0,0,0,0,0,0,0.00,0,0,0,0,0.00,0.00,3,49,1,1,1,6,11,60,20.0,10.0,0,0,0,60,0,0,0,38.7%,60,60.0,1,2,6,33.3%,2.0,-,-,0,NA,NA,NA,NA,0,NA,NA,-,-,0.0,NA,NA,NA,NA,NA,NA,17,3.53,0.059,0.353,17.6%,-,-,-,60,2.000,0.7,1450%,0.3,4,0,4,2,0,6.0,3,0.0%,NA,NA,NA,NA,NA,NA,NA,NA,NA,0.0%,NA,NA,vs CIN,25,·,5.7,9.4
3,2307,Marcus Mariota,QB,32.9,WAS,14,14,20.42,20.42,1,1,69,69,0,61.3%,106,31,19,7,12,0,110.00,194,2,3,183,5.90,9.63,0,0,0,0,0,0,0,0,0.0,0.0,5,0,1,11,0,11,2.2,100.0%,194,194.0,3,11,36,30.6%,11.0,-,-,5,NA,NA,NA,NA,1,0.200,NA,-,-,11.0,0.0,0.0%,NA,NA,NA,NA,NA,NA,NA,NA,NA,-,-,-,0,0.000,NA,NA,NA,NA,NA,NA,NA,NA,0.0,0,1000.0%,0.3225806452,277%,9.7%,0.429,7.6,3500.0%,-0.01,-0.10,0.0,18300.0%,17.1%,1,vs SEA,28,·,12.8,7.7
3,6783,Jerry Jeudy,WR,27.4,CLE,999,999,0.00,0,1,0,70,36,0,0.0%,0,0,0,0,0,0,0.00,0,0,0,0,0.00,0.00,0,0,0,0,0,0,0,0,0.0,0.0,0,0,0,0,0,0,0,51.4%,0,0.0,0,0,0,NA,0.0,-,-,0,NA,NA,NA,NA,0,NA,NA,-,-,0.0,NA,NA,NA,NA,NA,NA,23,0.00,0.000,0.000,0.0%,-,-,-,0,0.000,NA,0%,0.0,NA,0,0,0,0,0.0,0,0.0%,NA,NA,NA,NA,NA,NA,NA,NA,NA,0.0%,NA,NA,vs CAR,21,·,6.1,-6.1
3,11647,Kimani Vidal,RB,25.1,LAC,56,55,3.00,2.5,1,0,69,17,0,0.0%,0,0,0,0,0,0,0.00,6,0,0,0,0.00,0.00,1,-3,0,1,0,3,17,14,14.0,4.7,1,0,1,20,0,6,6,24.6%,20,20.0,0,2,4,50.0%,2.0,-,-,1,0,2,0.00,2.000,1,1.000,2.000,-,-,6.0,0.0,0.0%,0.0,0.00,1.0,0.0,10,1.40,0.100,0.300,8.8%,-,-,-,14,1.000,1.0,NA,NA,17,NA,NA,NA,NA,3.0,1,0.0%,NA,NA,NA,NA,NA,NA,NA,NA,NA,0.0%,NA,NA,@ BUF,5,·,0.9,2.1
3,13303,Cade Klubnik,QB,23.0,NYJ,999,999,0.00,0,0,0,66,0,0,0.0%,0,0,0,0,0,0,0.00,0,0,0,0,0.00,0.00,0,0,0,0,0,0,0,0,0.0,0.0,0,0,0,0,0,0,0,0.0%,0,0.0,0,0,0,NA,0.0,-,-,NA,NA,NA,NA,NA,0,NA,NA,-,-,0.0,NA,NA,NA,NA,NA,NA,NA,NA,NA,NA,NA,-,-,-,0,0.000,NA,NA,NA,NA,NA,NA,NA,NA,NA,NA,0.0%,NA,NA,NA,NA,NA,NA,NA,NA,NA,0.0%,NA,NA,@ DET,1,·,·,NA
3,13278,Max Klare,TE,23.2,LAR,999,999,0.00,0,0,0,86,0,0,0.0%,0,0,0,0,0,0,0.00,0,0,0,0,0.00,0.00,0,0,0,0,0,0,0,0,0.0,0.0,0,0,0,0,0,0,0,0.0%,0,0.0,0,0,0,NA,0.0,-,-,NA,NA,NA,NA,NA,0,NA,NA,-,-,0.0,NA,NA,NA,NA,NA,NA,NA,NA,NA,NA,NA,-,-,-,0,0.000,NA,NA,NA,NA,NA,NA,NA,NA,NA,NA,0.0%,NA,NA,NA,NA,NA,NA,NA,NA,NA,0.0%,NA,NA,@ DEN,25,·,·,NA
3,13319,Oscar Delp,TE,23.1,NO,999,999,0.00,0,1,1,74,14,0,0.0%,0,0,0,0,0,0,0.00,0,0,0,0,0.00,0.00,0,0,0,0,0,0,0,0,0.0,0.0,0,0,0,0,0,0,0,18.9%,0,0.0,0,0,0,NA,0.0,-,-,0,NA,NA,NA,NA,0,NA,NA,-,-,0.0,NA,NA,NA,NA,NA,NA,NA,NA,NA,NA,NA,-,-,-,0,0.000,NA,NA,NA,NA,NA,NA,NA,NA,0.0,0,0.0%,NA,NA,NA,NA,NA,NA,NA,NA,NA,0.0%,NA,NA,vs LV,20,·,1.9,-1.9
3,4066,Evan Engram,TE,32.0,DEN,999,999,0.00,0,1,0,67,40,0,0.0%,0,0,0,0,0,0,0.00,0,0,0,0,0.00,0.00,0,0,0,0,0,2,0,0,0.0,0.0,0,0,0,0,0,0,0,59.7%,0,0.0,0,0,2,0.0%,0.0,-,-,0,NA,NA,NA,NA,0,NA,NA,-,-,0.0,NA,NA,NA,NA,NA,NA,24,0.00,0.000,0.083,5.9%,-,-,-,0,0.000,NA,70%,0.0,NA,0,0,0,0,2.0,0,0.0%,NA,NA,NA,NA,NA,NA,NA,NA,NA,0.0%,NA,NA,vs LAR,28,·,5.3,-5.3
3,12048,George Holani,RB,26.8,SEA,22,27,10.80,8.3,1,0,67,24,0,0.0%,0,0,0,0,0,0,0.00,10,0,0,0,0.00,0.00,5,-10,0,2,0,5,58,48,9.6,9.6,3,0,0,58,0,10,3.33,35.8%,58,58.0,0,2,8,25.0%,2.0,-,-,3,11,3,3.60,1.000,0,0.000,1.360,-,-,10.0,0.0,0.0%,-1.0,-0.33,1.0,1.0,14,3.43,0.143,0.357,10.9%,-,-,-,48,2.000,0.4,NA,NA,12,NA,NA,NA,NA,5.0,5,0.0%,NA,NA,NA,NA,NA,NA,NA,NA,NA,0.0%,NA,NA,@ WAS,32,·,5.6,5.2
3,13420,Bryce Lance,WR,24.1,NO,999,999,0.00,0,1,0,74,53,0,0.0%,0,0,0,0,0,0,0.00,0,0,0,0,0.00,0.00,0,0,0,0,0,3,0,0,0.0,0.0,0,0,0,0,0,0,0,71.6%,0,0.0,0,0,3,0.0%,0.0,-,-,0,NA,NA,NA,NA,0,NA,NA,-,-,0.0,NA,NA,NA,NA,NA,NA,NA,NA,NA,NA,NA,-,-,-,0,0.000,NA,NA,NA,NA,NA,NA,NA,NA,3.0,0,0.0%,NA,NA,NA,NA,NA,NA,NA,NA,NA,0.0%,NA,NA,vs LV,29,·,4.3,-4.3
3,12510,Jalen Milroe,QB,23.8,SEA,0,0,0.00,0,0,0,0,0,0,0.0%,0,0,0,0,0,0,0.00,0,0,0,0,0.00,0.00,0,0,0,0,0,0,0,0,0.0,0.0,0,0,0,0,0,0,0,-,0,0.0,0,0,0,NA,0.0,-,-,NA,NA,NA,NA,NA,0,NA,NA,-,-,0.0,NA,NA,NA,NA,NA,NA,NA,NA,NA,NA,NA,-,-,-,0,0.000,NA,NA,NA,NA,NA,NA,NA,NA,NA,NA,0.0%,NA,NA,NA,NA,NA,NA,NA,NA,NA,0.0%,NA,NA,@ WAS,2,OUT,OUT,NA
3,8172,Greg Dulcich,TE,26.5,MIA,15,18,10.50,8,1,1,73,51,0,0.0%,0,0,0,0,0,0,0.00,0,0,0,0,0.00,0.00,5,33,0,1,0,7,22,55,11.0,7.9,0,0,0,55,0,0,0,69.9%,55,55.0,0,1,7,14.3%,1.0,-,-,0,NA,NA,NA,NA,0,NA,NA,-,-,0.0,NA,NA,NA,NA,NA,NA,29,1.90,0.034,0.241,19.4%,-,-,-,55,1.000,0.2,900%,0.2,4,1,2,4,0,7.0,5,0.0%,NA,NA,NA,NA,NA,NA,NA,NA,NA,0.0%,NA,NA,vs KC,8,·,7.0,3.5
3,9506,Sean Tucker,RB,24.9,TB,999,999,0.00,0,1,0,69,1,0,0.0%,0,0,0,0,0,0,0.00,0,0,0,0,0.00,0.00,0,0,0,0,0,0,0,0,0.0,0.0,0,0,0,0,0,0,0,1.4%,0,0.0,0,0,0,NA,0.0,-,-,0,NA,NA,NA,NA,0,NA,NA,-,-,0.0,NA,NA,NA,NA,NA,NA,NA,NA,NA,NA,NA,-,-,-,0,0.000,NA,NA,NA,NA,NA,NA,NA,NA,0.0,0,0.0%,NA,NA,NA,NA,NA,NA,NA,NA,NA,0.0%,NA,NA,vs MIN,29,·,0.5,-0.5
3,13302,Adam Randall,RB,22.2,BAL,999,999,0.00,0,0,0,0,0,0,0.0%,0,0,0,0,0,0,0.00,0,0,0,0,0.00,0.00,0,0,0,0,0,0,0,0,0.0,0.0,0,0,0,0,0,0,0,-,0,0.0,0,0,0,NA,0.0,-,-,NA,NA,NA,NA,NA,0,NA,NA,-,-,0.0,NA,NA,NA,NA,NA,NA,NA,NA,NA,NA,NA,-,-,-,0,0.000,NA,NA,NA,NA,NA,NA,NA,NA,NA,NA,0.0%,NA,NA,NA,NA,NA,NA,NA,NA,NA,0.0%,NA,NA,@ DAL,10,IR,IR,NA
3,12495,Ollie Gordon,RB,22.7,MIA,13,12,14.50,13,1,0,73,61,0,0.0%,0,0,0,0,0,0,0.00,41,0,0,0,0.00,0.00,3,-4,0,1,0,3,18,14,4.7,4.7,17,1,3,55,1,41,2.41,83.6%,55,55.0,1,5,20,25.0%,5.0,-,-,17,54,6,3.20,0.353,4,0.235,0.673,-,-,41.0,1.0,5.9%,-18.0,-1.06,3.0,1.0,25,0.56,0.040,0.120,8.3%,-,-,-,14,1.000,0.3,NA,NA,6,NA,NA,NA,NA,3.0,3,0.0%,NA,NA,NA,NA,NA,NA,NA,NA,NA,0.0%,NA,NA,vs KC,14,Q,3.5,11.0
3,7049,Jauan Jennings,WR,29.2,MIN,113,114,1.10,0.6,1,0,59,47,0,0.0%,0,0,0,0,0,0,0.00,0,0,0,0,0.00,0.00,1,1,0,0,0,2,0,1,1.0,0.5,0,0,0,1,0,0,0,79.7%,1,1.0,0,0,2,0.0%,0.0,-,-,0,NA,NA,NA,NA,0,NA,NA,-,-,0.0,NA,NA,NA,NA,NA,NA,27,0.04,0.000,0.074,6.9%,-,-,-,1,0.000,0.0,1160%,0.1,0,0,1,0,0,2.0,1,0.0%,NA,NA,NA,NA,NA,NA,NA,NA,NA,0.0%,NA,NA,@ TB,24,·,6.9,-5.8
3,12467,Jordan James,RB,22.5,SF,999,999,0.00,0,0,0,54,0,0,0.0%,0,0,0,0,0,0,0.00,0,0,0,0,0.00,0.00,0,0,0,0,0,0,0,0,0.0,0.0,0,0,0,0,0,0,0,0.0%,0,0.0,0,0,0,NA,0.0,-,-,NA,NA,NA,NA,NA,0,NA,NA,-,-,0.0,NA,NA,NA,NA,NA,NA,NA,NA,NA,NA,NA,-,-,-,0,0.000,NA,NA,NA,NA,NA,NA,NA,NA,NA,NA,0.0%,NA,NA,NA,NA,NA,NA,NA,NA,NA,0.0%,NA,NA,vs ARI,28,·,0.7,-0.7
3,12540,Chimere Dike,WR,24.8,TEN,116,116,-0.70,-1.2,1,0,60,6,2,0.0%,0,0,0,0,0,0,0.00,0,0,0,0,0.00,0.00,1,3,0,0,0,1,0,3,3.0,3.0,0,0,0,3,0,0,0,10.0%,3,3.0,0,0,1,0.0%,0.0,-,-,0,NA,NA,NA,NA,0,NA,NA,-,-,0.0,NA,NA,NA,NA,NA,NA,NA,NA,NA,NA,NA,-,-,-,3,0.000,0.0,NA,NA,0,NA,NA,NA,NA,1.0,1,0.0%,NA,NA,NA,NA,NA,NA,NA,NA,NA,0.0%,NA,NA,@ NYG,11,·,1.9,-2.6
3,4033,David Njoku,TE,30.2,LAC,999,999,0.00,0,0,0,0,0,0,0.0%,0,0,0,0,0,0,0.00,0,0,0,0,0.00,0.00,0,0,0,0,0,0,0,0,0.0,0.0,0,0,0,0,0,0,0,-,0,0.0,0,0,0,NA,0.0,-,-,NA,NA,NA,NA,NA,0,NA,NA,-,-,0.0,NA,NA,NA,NA,NA,NA,NA,NA,NA,NA,NA,-,-,-,0,0.000,NA,NA,NA,NA,NA,NA,NA,NA,NA,NA,0.0%,NA,NA,NA,NA,NA,NA,NA,NA,NA,0.0%,NA,NA,@ BUF,11,IR,IR,NA
3,11565,J.J. McCarthy,QB,23.7,MIN,0,0,0.00,0,0,0,0,0,0,0.0%,0,0,0,0,0,0,0.00,0,0,0,0,0.00,0.00,0,0,0,0,0,0,0,0,0.0,0.0,0,0,0,0,0,0,0,-,0,0.0,0,0,0,NA,0.0,-,-,NA,NA,NA,NA,NA,0,NA,NA,-,-,0.0,NA,NA,NA,NA,NA,NA,NA,NA,NA,NA,NA,-,-,-,0,0.000,NA,NA,NA,NA,NA,NA,NA,NA,NA,NA,0.0%,NA,NA,NA,NA,NA,NA,NA,NA,NA,0.0%,NA,NA,@ TB,17,OUT,OUT,NA
3,9494,Marvin Mims,WR,24.5,DEN,0,0,0.00,0,0,0,0,0,0,0.0%,0,0,0,0,0,0,0.00,0,0,0,0,0.00,0.00,0,0,0,0,0,0,0,0,0.0,0.0,0,0,0,0,0,0,0,-,0,0.0,0,0,0,NA,0.0,-,-,NA,NA,NA,NA,NA,0,NA,NA,-,-,0.0,NA,NA,NA,NA,NA,NA,NA,NA,NA,NA,NA,-,-,-,0,0.000,NA,NA,NA,NA,NA,NA,NA,NA,NA,NA,0.0%,NA,NA,NA,NA,NA,NA,NA,NA,NA,0.0%,NA,NA,vs LAR,14,OUT,OUT,NA
3,96,Aaron Rodgers,QB,42.8,PIT,8,8,23.68,23.68,1,1,62,62,0,55.9%,134,34,19,10,15,1,101.60,302,2,3,292,8.59,15.37,0,0,0,0,0,0,0,0,0.0,0.0,3,0,1,10,0,10,3.33,100.0%,302,302.0,3,14,37,37.8%,14.0,-,-,3,NA,NA,NA,NA,1,0.333,NA,-,-,10.0,1.0,33.3%,NA,NA,NA,NA,NA,NA,NA,NA,NA,-,-,-,0,0.000,NA,NA,NA,NA,NA,NA,NA,NA,0.0,0,1300.0%,0.3823529412,319%,14.7%,0.351,10.8,3700.0%,-0.04,+7.40,0.2,29200.0%,24.3%,1,vs CIN,23,·,14.3,9.4
3,11575,Ray Davis,RB,26.9,BUF,999,999,0.00,0,1,0,66,5,0,0.0%,0,0,0,0,0,0,0.00,0,0,0,0,0.00,0.00,0,0,0,0,0,0,0,0,0.0,0.0,0,0,0,0,0,0,0,7.6%,0,0.0,0,0,0,NA,0.0,-,-,0,0,0,0.00,NA,0,NA,NA,-,-,0.0,0.0,NA,0.0,NA,0.0,0.0,2,0.00,0.000,0.000,0.0%,-,-,-,0,0.000,NA,NA,NA,NA,NA,NA,NA,NA,0.0,0,0.0%,NA,NA,NA,NA,NA,NA,NA,NA,NA,0.0%,NA,NA,vs LAC,22,·,2.4,-2.4
3,12485,Tez Johnson,WR,24.4,TB,107,107,1.80,1.3,1,0,69,16,0,0.0%,0,0,0,0,0,0,0.00,0,0,0,0,0.00,0.00,1,5,0,0,0,2,3,8,8.0,4.0,0,0,0,8,0,0,0,23.2%,8,8.0,0,0,2,0.0%,0.0,-,-,0,NA,NA,NA,NA,0,NA,NA,-,-,0.0,NA,NA,NA,NA,NA,NA,10,0.80,0.000,0.200,5.4%,-,-,-,8,0.000,0.0,2290%,0.1,3,0,1,1,0,2.0,1,0.0%,NA,NA,NA,NA,NA,NA,NA,NA,NA,0.0%,NA,NA,vs MIN,10,·,2.0,-0.2
3,13424,Seth McGowan,RB,24.9,IND,70,68,1.40,1.4,1,0,71,11,0,0.0%,0,0,0,0,0,0,0.00,14,0,0,0,0.00,0.00,0,0,0,0,0,0,0,0,0.0,0.0,4,1,1,14,0,14,3.5,15.5%,14,14.0,0,1,4,25.0%,1.0,-,-,4,17,2,4.20,0.500,1,0.250,0.920,-,-,14.0,0.0,0.0%,-11.0,-2.75,1.0,1.0,3,0.00,0.000,0.000,0.0%,-,-,-,0,0.000,NA,NA,NA,NA,NA,NA,NA,NA,0.0,0,0.0%,NA,NA,NA,NA,NA,NA,NA,NA,NA,0.0%,NA,NA,vs HOU,30,·,1.9,-0.5
3,6768,Tua Tagovailoa,QB,28.6,ATL,999,999,0.00,0,0,0,71,0,0,0.0%,0,0,0,0,0,0,0.00,0,0,0,0,0.00,0.00,0,0,0,0,0,0,0,0,0.0,0.0,0,0,0,0,0,0,0,0.0%,0,0.0,0,0,0,NA,0.0,-,-,NA,NA,NA,NA,NA,0,NA,NA,-,-,0.0,NA,NA,NA,NA,NA,NA,NA,NA,NA,NA,NA,-,-,-,0,0.000,NA,NA,NA,NA,NA,NA,NA,NA,NA,NA,0.0%,NA,NA,NA,NA,NA,NA,NA,NA,NA,0.0%,NA,NA,@ GB,16,·,·,NA
3,12641,Jaylin Lane,WR,24.4,WAS,95,92,3.10,2.6,1,0,69,5,0,0.0%,0,0,0,0,0,0,0.00,0,0,0,0,0.00,0.00,1,-2,0,1,0,1,23,21,21.0,21.0,0,0,0,21,0,0,0,7.2%,21,21.0,0,1,1,100.0%,1.0,-,-,0,NA,NA,NA,NA,0,NA,NA,-,-,0.0,NA,NA,NA,NA,NA,NA,2,10.50,0.500,0.500,3.2%,-,-,-,21,1.000,1.0,-230%,0.0,23,0,0,1,0,1.0,1,0.0%,NA,NA,NA,NA,NA,NA,NA,NA,NA,0.0%,NA,NA,vs SEA,32,·,0.6,2.6
3,12544,LeQuint Allen,RB,22.1,JAX,57,60,2.90,1.9,1,0,62,11,0,0.0%,0,0,0,0,0,0,0.00,0,0,0,0,0.00,0.00,2,4,0,0,0,2,5,9,4.5,4.5,0,0,0,9,0,0,0,17.7%,9,9.0,0,0,2,0.0%,0.0,-,-,0,0,0,0.00,NA,0,NA,NA,-,-,0.0,0.0,NA,0.0,NA,0.0,0.0,4,2.25,0.000,0.500,6.9%,-,-,-,9,0.000,0.0,NA,NA,3,NA,NA,NA,NA,2.0,2,0.0%,NA,NA,NA,NA,NA,NA,NA,NA,NA,0.0%,NA,NA,vs NE,26,·,1.9,1.1
3,11655,Tyrone Tracy,RB,26.8,NYG,74,74,0.30,0.3,1,0,64,1,0,0.0%,0,0,0,0,0,0,0.00,3,0,0,0,0.00,0.00,0,0,0,0,0,0,0,0,0.0,0.0,1,0,1,3,0,3,3,1.6%,3,3.0,0,1,1,100.0%,1.0,-,-,1,3,0,2.80,0.000,1,1.000,0.280,-,-,3.0,0.0,0.0%,0.0,0.00,0.0,0.0,0,NA,NA,NA,0.0%,-,-,-,0,0.000,NA,NA,NA,NA,NA,NA,NA,NA,0.0,0,0.0%,NA,NA,NA,NA,NA,NA,NA,NA,NA,0.0%,NA,NA,vs TEN,13,·,3.3,-3.0
3,12472,Raheim Sanders,RB,24.3,CLE,29,32,9.10,7.1,1,0,70,30,0,0.0%,0,0,0,0,0,0,0.00,17,0,0,0,0.00,0.00,4,5,0,1,0,5,29,34,8.5,6.8,1,0,1,51,0,17,17,42.9%,51,51.0,0,2,6,33.3%,2.0,-,-,1,5,1,5.10,1.000,1,1.000,1.510,-,-,17.0,1.0,100.0%,8.0,8.00,0.0,0.0,16,2.13,0.063,0.313,16.1%,-,-,-,34,1.000,0.3,NA,NA,7,NA,NA,NA,NA,5.0,4,0.0%,NA,NA,NA,NA,NA,NA,NA,NA,NA,0.0%,NA,NA,vs CAR,1,·,6.0,3.1
3,12531,Trevor Etienne,RB,22.2,CAR,999,999,0.00,0,0,0,0,0,0,0.0%,0,0,0,0,0,0,0.00,0,0,0,0,0.00,0.00,0,0,0,0,0,0,0,0,0.0,0.0,0,0,0,0,0,0,0,-,0,0.0,0,0,0,NA,0.0,-,-,NA,NA,NA,NA,NA,0,NA,NA,-,-,0.0,NA,NA,NA,NA,NA,NA,NA,NA,NA,NA,NA,-,-,-,0,0.000,NA,NA,NA,NA,NA,NA,NA,NA,NA,NA,0.0%,NA,NA,NA,NA,NA,NA,NA,NA,NA,0.0%,NA,NA,@ CLE,21,IR,IR,NA
3,9229,Anthony Richardson,QB,24.3,IND,999,999,0.00,0,0,0,71,0,0,0.0%,0,0,0,0,0,0,0.00,0,0,0,0,0.00,0.00,0,0,0,0,0,0,0,0,0.0,0.0,0,0,0,0,0,0,0,0.0%,0,0.0,0,0,0,NA,0.0,-,-,NA,NA,NA,NA,NA,0,NA,NA,-,-,0.0,NA,NA,NA,NA,NA,NA,NA,NA,NA,NA,NA,-,-,-,0,0.000,NA,NA,NA,NA,NA,NA,NA,NA,NA,NA,0.0%,NA,NA,NA,NA,NA,NA,NA,NA,NA,0.0%,NA,NA,vs HOU,4,·,·,NA
3,13425,Jalon Daniels,QB,23.9,TB,34,34,-0.10,-0.1,1,0,69,4,0,0.0%,0,3,0,0,3,1,0.00,9,0,0,0,0.00,0.00,0,0,0,0,0,0,0,0,0.0,0.0,1,0,0,9,0,9,9,5.8%,9,9.0,0,0,4,0.0%,0.0,-,-,1,NA,NA,NA,NA,0,0.000,NA,-,-,9.0,0.0,0.0%,NA,NA,NA,NA,NA,NA,NA,NA,NA,-,-,-,0,0.000,NA,NA,NA,NA,NA,NA,NA,NA,0.0,0,0.0%,0,488%,66.7%,0,35.5,400.0%,-0.27,-0.50,-0.1,0.0%,0.0%,1,vs MIN,20,·,·,NA
3,6865,Colby Parkinson,TE,27.7,LAR,999,999,0.00,0,1,1,86,37,0,0.0%,0,0,0,0,0,0,0.00,0,0,0,0,0.00,0.00,0,0,0,0,0,1,0,0,0.0,0.0,0,0,0,0,0,0,0,43.0%,0,0.0,0,0,1,0.0%,0.0,-,-,0,NA,NA,NA,NA,0,NA,NA,-,-,0.0,NA,NA,NA,NA,NA,NA,14,0.00,0.000,0.071,1.8%,-,-,-,0,0.000,NA,360%,0.0,NA,1,0,0,0,1.0,0,0.0%,NA,NA,NA,NA,NA,NA,NA,NA,NA,0.0%,NA,NA,@ DEN,25,Q,5.9,-5.9
3,4035,Alvin Kamara,RB,31.2,NO,43,43,5.10,4.6,1,0,74,24,0,0.0%,0,0,0,0,0,0,0.00,36,0,0,0,0.00,0.00,1,-1,0,0,0,1,6,5,5.0,5.0,9,0,2,41,0,36,4,32.4%,41,41.0,0,2,10,20.0%,2.0,-,-,9,26,0,2.90,0.000,2,0.222,0.290,-,-,36.0,1.0,11.1%,-6.0,-0.67,1.0,0.0,10,0.50,0.000,0.100,2.4%,-,-,-,5,0.000,0.0,NA,NA,6,NA,NA,NA,NA,1.0,1,0.0%,NA,NA,NA,NA,NA,NA,NA,NA,NA,0.0%,NA,NA,vs LV,20,·,8.1,-3.0
3,11370,Chris Brooks,RB,26.7,GB,67,69,1.40,0.9,1,0,66,27,0,0.0%,0,0,0,0,0,0,0.00,0,0,0,0,0.00,0.00,1,-1,0,0,0,1,5,4,4.0,4.0,0,0,0,4,0,0,0,40.9%,4,4.0,0,0,1,0.0%,0.0,-,-,0,0,0,0.00,NA,0,NA,NA,-,-,0.0,0.0,NA,0.0,NA,0.0,0.0,20,0.20,0.000,0.050,1.9%,-,-,-,4,0.000,0.0,NA,NA,5,NA,NA,NA,NA,1.0,1,0.0%,NA,NA,NA,NA,NA,NA,NA,NA,NA,0.0%,NA,NA,vs ATL,27,·,6.9,-5.5
3,9479,Darnell Washington,TE,25.1,PIT,18,16,9.70,8.2,1,1,62,47,0,0.0%,0,0,0,0,0,0,0.00,0,0,0,0,0.00,0.00,3,11,0,2,0,4,56,67,22.3,16.8,0,0,0,67,0,0,0,75.8%,67,67.0,0,2,4,50.0%,2.0,-,-,0,NA,NA,NA,NA,0,NA,NA,-,-,0.0,NA,NA,NA,NA,NA,NA,18,3.72,0.111,0.222,11.8%,-,-,-,67,2.000,0.7,380%,0.0,19,0,0,3,0,4.0,3,0.0%,NA,NA,NA,NA,NA,NA,NA,NA,NA,0.0%,NA,NA,vs CIN,6,·,3.7,6.0
3,11571,Isaiah Davis,RB,24.6,NYJ,999,999,0.00,0,0,0,66,0,0,0.0%,0,0,0,0,0,0,0.00,0,0,0,0,0.00,0.00,0,0,0,0,0,0,0,0,0.0,0.0,0,0,0,0,0,0,0,0.0%,0,0.0,0,0,0,NA,0.0,-,-,NA,NA,NA,NA,NA,0,NA,NA,-,-,0.0,NA,NA,NA,NA,NA,NA,NA,NA,NA,NA,NA,-,-,-,0,0.000,NA,NA,NA,NA,NA,NA,NA,NA,NA,NA,0.0%,NA,NA,NA,NA,NA,NA,NA,NA,NA,0.0%,NA,NA,@ DET,12,·,0.7,-0.7
3,11597,Theo Johnson,TE,25.6,NYG,999,999,0.00,0,1,0,64,11,0,0.0%,0,0,0,0,0,0,0.00,0,0,0,0,0.00,0.00,0,0,0,0,0,0,0,0,0.0,0.0,0,0,0,0,0,0,0,17.2%,0,0.0,0,0,0,NA,0.0,-,-,0,NA,NA,NA,NA,0,NA,NA,-,-,0.0,NA,NA,NA,NA,NA,NA,NA,NA,NA,NA,NA,-,-,-,0,0.000,NA,NA,NA,NA,NA,NA,NA,NA,0.0,0,0.0%,NA,NA,NA,NA,NA,NA,NA,NA,NA,0.0%,NA,NA,vs TEN,26,·,3.4,-3.4
3,3161,Carson Wentz,QB,33.7,MIN,999,999,0.00,0,0,0,59,0,0,0.0%,0,0,0,0,0,0,0.00,0,0,0,0,0.00,0.00,0,0,0,0,0,0,0,0,0.0,0.0,0,0,0,0,0,0,0,0.0%,0,0.0,0,0,0,NA,0.0,-,-,NA,NA,NA,NA,NA,0,NA,NA,-,-,0.0,NA,NA,NA,NA,NA,NA,NA,NA,NA,NA,NA,-,-,-,0,0.000,NA,NA,NA,NA,NA,NA,NA,NA,NA,NA,0.0%,NA,NA,NA,NA,NA,NA,NA,NA,NA,0.0%,NA,NA,@ TB,17,·,·,NA
3,8698,Jake Tonges,TE,27.2,SF,999,999,0.00,0,0,0,0,0,0,0.0%,0,0,0,0,0,0,0.00,0,0,0,0,0.00,0.00,0,0,0,0,0,0,0,0,0.0,0.0,0,0,0,0,0,0,0,-,0,0.0,0,0,0,NA,0.0,-,-,NA,NA,NA,NA,NA,0,NA,NA,-,-,0.0,NA,NA,NA,NA,NA,NA,NA,NA,NA,NA,NA,-,-,-,0,0.000,NA,NA,NA,NA,NA,NA,NA,NA,NA,NA,0.0%,NA,NA,NA,NA,NA,NA,NA,NA,NA,0.0%,NA,NA,vs ARI,14,IR,IR,NA
3,8188,Tyquan Thornton,WR,26.1,KC,82,82,4.20,3.2,1,1,52,24,0,0.0%,0,0,0,0,0,0,0.00,0,0,0,0,0.00,0.00,2,20,0,2,0,2,2,22,11.0,11.0,0,0,0,22,0,0,0,46.2%,22,22.0,0,2,2,100.0%,2.0,-,-,0,NA,NA,NA,NA,0,NA,NA,-,-,0.0,NA,NA,NA,NA,NA,NA,13,1.69,0.154,0.154,8.3%,-,-,-,22,2.000,1.0,910%,0.1,1,0,1,1,0,2.0,2,0.0%,NA,NA,NA,NA,NA,NA,NA,NA,NA,0.0%,NA,NA,@ MIA,27,·,6.8,-2.6
3,12503,Isaiah Bond,WR,22.5,CLE,999,999,0.00,0,1,0,70,5,0,0.0%,0,0,0,0,0,0,0.00,0,0,0,0,0.00,0.00,0,0,0,0,0,0,0,0,0.0,0.0,0,0,0,0,0,0,0,7.1%,0,0.0,0,0,0,NA,0.0,-,-,0,NA,NA,NA,NA,0,NA,NA,-,-,0.0,NA,NA,NA,NA,NA,NA,NA,NA,NA,NA,NA,-,-,-,0,0.000,NA,NA,NA,NA,NA,NA,NA,NA,0.0,0,0.0%,NA,NA,NA,NA,NA,NA,NA,NA,NA,0.0%,NA,NA,vs CAR,21,·,2.0,-2.0
3,11626,Xavier Legette,WR,25.6,CAR,0,0,0.00,0,0,0,0,0,0,0.0%,0,0,0,0,0,0,0.00,0,0,0,0,0.00,0.00,0,0,0,0,0,0,0,0,0.0,0.0,0,0,0,0,0,0,0,-,0,0.0,0,0,0,NA,0.0,-,-,NA,NA,NA,NA,NA,0,NA,NA,-,-,0.0,NA,NA,NA,NA,NA,NA,NA,NA,NA,NA,NA,-,-,-,0,0.000,NA,NA,NA,NA,NA,NA,NA,NA,NA,NA,0.0%,NA,NA,NA,NA,NA,NA,NA,NA,NA,0.0%,NA,NA,@ CLE,6,OUT,OUT,NA
3,13533,Barion Brown,WR,22.8,NO,0,0,0.00,0,0,0,0,0,0,0.0%,0,0,0,0,0,0,0.00,0,0,0,0,0.00,0.00,0,0,0,0,0,0,0,0,0.0,0.0,0,0,0,0,0,0,0,-,0,0.0,0,0,0,NA,0.0,-,-,NA,NA,NA,NA,NA,0,NA,NA,-,-,0.0,NA,NA,NA,NA,NA,NA,NA,NA,NA,NA,NA,-,-,-,0,0.000,NA,NA,NA,NA,NA,NA,NA,NA,NA,NA,0.0%,NA,NA,NA,NA,NA,NA,NA,NA,NA,0.0%,NA,NA,vs LV,29,OUT,OUT,NA
3,12471,DJ Giddens,RB,23.1,IND,0,0,0.00,0,0,0,0,0,0,0.0%,0,0,0,0,0,0,0.00,0,0,0,0,0.00,0.00,0,0,0,0,0,0,0,0,0.0,0.0,0,0,0,0,0,0,0,-,0,0.0,0,0,0,NA,0.0,-,-,NA,NA,NA,NA,NA,0,NA,NA,-,-,0.0,NA,NA,NA,NA,NA,NA,NA,NA,NA,NA,NA,-,-,-,0,0.000,NA,NA,NA,NA,NA,NA,NA,NA,NA,NA,0.0%,NA,NA,NA,NA,NA,NA,NA,NA,NA,0.0%,NA,NA,vs HOU,30,OUT,OUT,NA
3,8205,Isiah Pacheco,RB,27.6,DET,999,999,0.00,0,0,0,0,0,0,0.0%,0,0,0,0,0,0,0.00,0,0,0,0,0.00,0.00,0,0,0,0,0,0,0,0,0.0,0.0,0,0,0,0,0,0,0,-,0,0.0,0,0,0,NA,0.0,-,-,NA,NA,NA,NA,NA,0,NA,NA,-,-,0.0,NA,NA,NA,NA,NA,NA,NA,NA,NA,NA,NA,-,-,-,0,0.000,NA,NA,NA,NA,NA,NA,NA,NA,NA,NA,0.0%,NA,NA,NA,NA,NA,NA,NA,NA,NA,0.0%,NA,NA,vs NYJ,31,IR,IR,NA
3,12541,Dont'e Thornton,WR,23.8,LV,999,999,0.00,0,0,0,0,0,0,0.0%,0,0,0,0,0,0,0.00,0,0,0,0,0.00,0.00,0,0,0,0,0,0,0,0,0.0,0.0,0,0,0,0,0,0,0,-,0,0.0,0,0,0,NA,0.0,-,-,NA,NA,NA,NA,NA,0,NA,NA,-,-,0.0,NA,NA,NA,NA,NA,NA,NA,NA,NA,NA,NA,-,-,-,0,0.000,NA,NA,NA,NA,NA,NA,NA,NA,NA,NA,0.0%,NA,NA,NA,NA,NA,NA,NA,NA,NA,0.0%,NA,NA,@ NO,13,IR,IR,NA
3,8800,Malik Davis,RB,27.8,DAL,999,999,0.00,0,0,0,0,0,0,0.0%,0,0,0,0,0,0,0.00,0,0,0,0,0.00,0.00,0,0,0,0,0,0,0,0,0.0,0.0,0,0,0,0,0,0,0,-,0,0.0,0,0,0,NA,0.0,-,-,NA,NA,NA,NA,NA,0,NA,NA,-,-,0.0,NA,NA,NA,NA,NA,NA,NA,NA,NA,NA,NA,-,-,-,0,0.000,NA,NA,NA,NA,NA,NA,NA,NA,NA,NA,0.0%,NA,NA,NA,NA,NA,NA,NA,NA,NA,0.0%,NA,NA,vs BAL,15,IR,IR,NA
3,13380,Brenen Thompson,WR,23.2,LAC,0,0,0.00,0,0,0,0,0,0,0.0%,0,0,0,0,0,0,0.00,0,0,0,0,0.00,0.00,0,0,0,0,0,0,0,0,0.0,0.0,0,0,0,0,0,0,0,-,0,0.0,0,0,0,NA,0.0,-,-,NA,NA,NA,NA,NA,0,NA,NA,-,-,0.0,NA,NA,NA,NA,NA,NA,NA,NA,NA,NA,NA,-,-,-,0,0.000,NA,NA,NA,NA,NA,NA,NA,NA,NA,NA,0.0%,NA,NA,NA,NA,NA,NA,NA,NA,NA,0.0%,NA,NA,@ BUF,3,OUT,OUT,NA
3,12455,Brashard Smith,RB,23.4,KC,68,70,1.40,0.9,1,0,52,4,0,0.0%,0,0,0,0,0,0,0.00,0,0,0,0,0.00,0.00,1,-3,0,0,0,1,7,4,4.0,4.0,0,0,0,4,0,0,0,7.7%,4,4.0,0,0,1,0.0%,0.0,-,-,0,0,0,0.00,NA,0,NA,NA,-,-,0.0,0.0,NA,0.0,NA,0.0,0.0,1,4.00,0.000,1.000,4.2%,-,-,-,4,0.000,0.0,NA,NA,7,NA,NA,NA,NA,1.0,1,0.0%,NA,NA,NA,NA,NA,NA,NA,NA,NA,0.0%,NA,NA,@ MIA,2,·,0.7,0.7
3,5906,Dawson Knox,TE,29.8,BUF,57,57,1.50,1,1,1,66,46,0,0.0%,0,0,0,0,0,0,0.00,0,0,0,0,0.00,0.00,1,3,0,0,0,1,2,5,5.0,5.0,1,0,0,5,0,0,0,69.7%,5,5.0,0,0,2,0.0%,0.0,-,-,1,NA,NA,NA,NA,0,0.000,NA,-,-,0.0,NA,NA,NA,NA,NA,NA,18,0.28,0.000,0.056,3.8%,-,-,-,5,0.000,0.0,210%,0.0,2,0,0,0,0,1.0,1,0.0%,NA,NA,NA,NA,NA,NA,NA,NA,NA,0.0%,NA,NA,vs LAC,9,·,4.3,-2.8
3,7670,Joshua Palmer,WR,27.0,BUF,999,999,0.00,0,1,0,66,21,0,0.0%,0,0,0,0,0,0,0.00,0,0,0,0,0.00,0.00,0,0,0,0,0,0,0,0,0.0,0.0,0,0,0,0,0,0,0,31.8%,0,0.0,0,0,0,NA,0.0,-,-,0,NA,NA,NA,NA,0,NA,NA,-,-,0.0,NA,NA,NA,NA,NA,NA,12,0.00,0.000,0.000,0.0%,-,-,-,0,0.000,NA,0%,0.0,NA,0,0,0,0,0.0,0,0.0%,NA,NA,NA,NA,NA,NA,NA,NA,NA,0.0%,NA,NA,vs LAC,8,·,3.0,-3.0
3,4039,Cooper Kupp,WR,33.3,SEA,26,24,14.60,12.6,1,0,67,45,0,0.0%,0,0,0,0,0,0,0.00,0,0,0,0,0.00,0.00,4,23,0,2,1,5,23,46,11.5,9.2,0,0,0,46,0,0,0,67.2%,46,46.0,1,3,5,60.0%,3.0,-,-,0,NA,NA,NA,NA,0,NA,NA,-,-,0.0,NA,NA,NA,NA,NA,NA,33,1.39,0.061,0.152,10.9%,-,-,-,46,3.000,0.8,670%,0.1,6,1,2,2,0,5.0,4,0.0%,NA,NA,NA,NA,NA,NA,NA,NA,NA,0.0%,NA,NA,@ WAS,9,·,7.3,7.3
3,13329,Malik Benson,WR,23.9,LV,999,999,0.00,0,1,0,70,4,0,0.0%,0,0,0,0,0,0,0.00,0,0,0,0,0.00,0.00,0,0,0,0,0,1,0,0,0.0,0.0,0,0,0,0,0,0,0,5.7%,0,0.0,0,0,1,0.0%,0.0,-,-,0,NA,NA,NA,NA,0,NA,NA,-,-,0.0,NA,NA,NA,NA,NA,NA,NA,NA,NA,NA,NA,-,-,-,0,0.000,NA,NA,NA,NA,NA,NA,NA,NA,1.0,0,0.0%,NA,NA,NA,NA,NA,NA,NA,NA,NA,0.0%,NA,NA,@ NO,13,·,1.0,-1.0
3,12505,Jalen Royals,WR,23.6,KC,104,105,2.10,1.6,1,0,52,10,0,0.0%,0,0,0,0,0,0,0.00,0,0,0,0,0.00,0.00,1,2,0,1,0,1,9,11,11.0,11.0,0,0,0,11,0,0,0,19.2%,11,11.0,0,1,1,100.0%,1.0,-,-,0,NA,NA,NA,NA,0,NA,NA,-,-,0.0,NA,NA,NA,NA,NA,NA,3,3.67,0.333,0.333,4.2%,-,-,-,11,1.000,1.0,190%,0.0,9,0,0,0,0,1.0,1,0.0%,NA,NA,NA,NA,NA,NA,NA,NA,NA,0.0%,NA,NA,@ MIA,27,·,1.8,0.3
3,12511,Will Howard,QB,25.0,PIT,0,0,0.00,0,0,0,0,0,0,0.0%,0,0,0,0,0,0,0.00,0,0,0,0,0.00,0.00,0,0,0,0,0,0,0,0,0.0,0.0,0,0,0,0,0,0,0,-,0,0.0,0,0,0,NA,0.0,-,-,NA,NA,NA,NA,NA,0,NA,NA,-,-,0.0,NA,NA,NA,NA,NA,NA,NA,NA,NA,NA,NA,-,-,-,0,0.000,NA,NA,NA,NA,NA,NA,NA,NA,NA,NA,0.0%,NA,NA,NA,NA,NA,NA,NA,NA,NA,0.0%,NA,NA,vs CIN,23,OUT,OUT,NA
3,7090,Darnell Mooney,WR,28.9,NYG,75,77,4.90,3.9,1,0,64,28,0,0.0%,0,0,0,0,0,0,0.00,9,0,0,0,0.00,0.00,2,20,0,1,0,3,0,20,10.0,6.7,1,0,1,29,0,9,9,43.8%,29,29.0,0,2,4,50.0%,2.0,-,-,1,NA,NA,NA,NA,1,1.000,NA,-,-,9.0,NA,NA,NA,NA,NA,NA,16,1.25,0.063,0.188,13.6%,-,-,-,20,1.000,0.5,1080%,0.3,0,0,2,2,0,3.0,2,0.0%,NA,NA,NA,NA,NA,NA,NA,NA,NA,0.0%,NA,NA,vs TEN,7,·,4.9,0.0
3,1479,Keenan Allen,WR,34.4,IND,19,18,18.30,15.3,1,1,71,52,0,0.0%,0,0,0,0,0,0,0.00,0,0,0,0,0.00,0.00,6,44,0,2,1,9,19,63,10.5,7.0,0,0,0,63,0,0,0,73.2%,63,63.0,1,3,9,33.3%,3.0,-,-,0,NA,NA,NA,NA,0,NA,NA,-,-,0.0,NA,NA,NA,NA,NA,NA,30,2.10,0.067,0.300,25.0%,-,-,-,63,3.000,0.5,790%,0.3,3,2,4,5,0,9.0,6,0.0%,NA,NA,NA,NA,NA,NA,NA,NA,NA,0.0%,NA,NA,vs HOU,1,·,7.7,10.6
3,13306,Taylen Green,QB,23.9,CLE,0,0,0.00,0,0,0,0,0,0,0.0%,0,0,0,0,0,0,0.00,0,0,0,0,0.00,0.00,0,0,0,0,0,0,0,0,0.0,0.0,0,0,0,0,0,0,0,-,0,0.0,0,0,0,NA,0.0,-,-,NA,NA,NA,NA,NA,0,NA,NA,-,-,0.0,NA,NA,NA,NA,NA,NA,NA,NA,NA,NA,NA,-,-,-,0,0.000,NA,NA,NA,NA,NA,NA,NA,NA,NA,NA,0.0%,NA,NA,NA,NA,NA,NA,NA,NA,NA,0.0%,NA,NA,vs CAR,10,OUT,OUT,NA
3,11589,Trey Benson,RB,24.2,ARI,999,999,0.00,0,0,0,0,0,0,0.0%,0,0,0,0,0,0,0.00,0,0,0,0,0.00,0.00,0,0,0,0,0,0,0,0,0.0,0.0,0,0,0,0,0,0,0,-,0,0.0,0,0,0,NA,0.0,-,-,NA,NA,NA,NA,NA,0,NA,NA,-,-,0.0,NA,NA,NA,NA,NA,NA,NA,NA,NA,NA,NA,-,-,-,0,0.000,NA,NA,NA,NA,NA,NA,NA,NA,NA,NA,0.0%,NA,NA,NA,NA,NA,NA,NA,NA,NA,0.0%,NA,NA,@ SF,16,IR,IR,NA
3,11435,Emanuel Wilson,RB,27.4,SEA,69,67,1.40,1.4,1,0,67,24,0,0.0%,0,0,0,0,0,0,0.00,14,0,0,0,0.00,0.00,0,0,0,0,0,0,0,0,0.0,0.0,9,2,0,14,0,14,1.56,35.8%,14,14.0,0,0,9,0.0%,0.0,-,-,9,26,3,2.90,0.333,0,0.000,0.623,-,-,14.0,0.0,0.0%,-22.0,-2.44,2.0,2.0,11,0.00,0.000,0.000,0.0%,-,-,-,0,0.000,NA,NA,NA,NA,NA,NA,NA,NA,0.0,0,0.0%,NA,NA,NA,NA,NA,NA,NA,NA,NA,0.0%,NA,NA,@ WAS,32,·,6.6,-5.2
3,10235,Roschon Johnson,RB,25.6,CHI,999,999,0.00,0,0,0,72,0,0,0.0%,0,0,0,0,0,0,0.00,0,0,0,0,0.00,0.00,0,0,0,0,0,0,0,0,0.0,0.0,0,0,0,0,0,0,0,0.0%,0,0.0,0,0,0,NA,0.0,-,-,NA,NA,NA,NA,NA,0,NA,NA,-,-,0.0,NA,NA,NA,NA,NA,NA,NA,NA,NA,NA,NA,-,-,-,0,0.000,NA,NA,NA,NA,NA,NA,NA,NA,NA,NA,0.0%,NA,NA,NA,NA,NA,NA,NA,NA,NA,0.0%,NA,NA,vs PHI,17,·,0.3,-0.3
3,4017,Deshaun Watson,QB,31.0,CLE,15,15,20.26,20.26,1,1,70,69,0,53.3%,61,30,16,5,14,0,88.80,189,2,2,144,4.80,9.00,0,0,0,0,0,0,0,0,0.0,0.0,11,2,4,45,0,45,4.09,98.6%,189,189.0,2,11,41,26.8%,11.0,-,-,11,NA,NA,NA,NA,4,0.364,NA,-,-,45.0,2.0,18.2%,NA,NA,NA,NA,NA,NA,NA,NA,NA,-,-,-,0,0.000,NA,NA,NA,NA,NA,NA,NA,NA,0.0,0,700.0%,0.2333333333,317%,6.7%,0.395,6.2,3800.0%,-0.16,+2.20,0.1,14400.0%,28.9%,1,vs CAR,10,·,13.8,6.5
3,7528,Najee Harris,RB,28.5,NYG,42,40,5.20,5.2,1,0,64,14,0,0.0%,0,0,0,0,0,0,0.00,52,0,0,0,0.00,0.00,0,0,0,0,0,0,0,0,0.0,0.0,9,1,3,52,0,52,5.78,21.9%,52,52.0,0,3,9,33.3%,3.0,-,-,9,30,1,3.30,0.111,3,0.333,0.441,-,-,52.0,1.0,11.1%,6.0,0.67,1.0,0.0,3,0.00,0.000,0.000,0.0%,-,-,-,0,0.000,NA,NA,NA,NA,NA,NA,NA,NA,0.0,0,0.0%,NA,NA,NA,NA,NA,NA,NA,NA,NA,0.0%,NA,NA,vs TEN,13,·,5.1,0.1
3,8119,Jahan Dotson,WR,26.5,ATL,102,103,2.10,1.6,1,1,71,47,0,0.0%,0,0,0,0,0,0,0.00,0,0,0,0,0.00,0.00,1,6,1,1,0,3,5,11,11.0,3.7,0,0,0,11,0,0,0,66.2%,11,11.0,0,1,3,33.3%,1.0,-,-,0,NA,NA,NA,NA,0,NA,NA,-,-,0.0,NA,NA,NA,NA,NA,NA,15,0.73,0.067,0.200,12.0%,-,-,-,11,1.000,1.0,1470%,0.3,5,0,2,1,0,3.0,1,0.0%,NA,NA,NA,NA,NA,NA,NA,NA,NA,0.0%,NA,NA,@ GB,12,·,4.0,-1.9
3,13423,Eli Heidenreich,RB,23.2,PIT,0,0,0.00,0,0,0,0,0,0,0.0%,0,0,0,0,0,0,0.00,0,0,0,0,0.00,0.00,0,0,0,0,0,0,0,0,0.0,0.0,0,0,0,0,0,0,0,-,0,0.0,0,0,0,NA,0.0,-,-,NA,NA,NA,NA,NA,0,NA,NA,-,-,0.0,NA,NA,NA,NA,NA,NA,NA,NA,NA,NA,NA,-,-,-,0,0.000,NA,NA,NA,NA,NA,NA,NA,NA,NA,NA,0.0%,NA,NA,NA,NA,NA,NA,NA,NA,NA,0.0%,NA,NA,vs CIN,23,OUT,OUT,NA
3,7591,Justin Fields,QB,27.6,KC,999,999,0.00,0,0,0,52,0,0,0.0%,0,0,0,0,0,0,0.00,0,0,0,0,0.00,0.00,0,0,0,0,0,0,0,0,0.0,0.0,0,0,0,0,0,0,0,0.0%,0,0.0,0,0,0,NA,0.0,-,-,NA,NA,NA,NA,NA,0,NA,NA,-,-,0.0,NA,NA,NA,NA,NA,NA,NA,NA,NA,NA,NA,-,-,-,0,0.000,NA,NA,NA,NA,NA,NA,NA,NA,NA,NA,0.0%,NA,NA,NA,NA,NA,NA,NA,NA,NA,0.0%,NA,NA,@ MIA,7,·,·,NA
3,11600,Ja'Tavion Sanders,TE,23.5,CAR,0,0,0.00,0,0,0,0,0,0,0.0%,0,0,0,0,0,0,0.00,0,0,0,0,0.00,0.00,0,0,0,0,0,0,0,0,0.0,0.0,0,0,0,0,0,0,0,-,0,0.0,0,0,0,NA,0.0,-,-,NA,NA,NA,NA,NA,0,NA,NA,-,-,0.0,NA,NA,NA,NA,NA,NA,NA,NA,NA,NA,NA,-,-,-,0,0.000,NA,NA,NA,NA,NA,NA,NA,NA,NA,NA,0.0%,NA,NA,NA,NA,NA,NA,NA,NA,NA,0.0%,NA,NA,@ CLE,19,OUT,OUT,NA
3,4950,Christian Kirk,WR,29.8,SF,999,999,0.00,0,0,0,0,0,0,0.0%,0,0,0,0,0,0,0.00,0,0,0,0,0.00,0.00,0,0,0,0,0,0,0,0,0.0,0.0,0,0,0,0,0,0,0,-,0,0.0,0,0,0,NA,0.0,-,-,NA,NA,NA,NA,NA,0,NA,NA,-,-,0.0,NA,NA,NA,NA,NA,NA,NA,NA,NA,NA,NA,-,-,-,0,0.000,NA,NA,NA,NA,NA,NA,NA,NA,NA,NA,0.0%,NA,NA,NA,NA,NA,NA,NA,NA,NA,0.0%,NA,NA,vs ARI,5,IR,IR,NA
3,4993,Mike Gesicki,TE,31.0,CIN,12,11,12.70,11.2,1,0,57,29,0,0.0%,0,0,0,0,0,0,0.00,0,0,0,0,0.00,0.00,3,32,0,0,1,3,5,37,12.3,12.3,0,0,0,37,0,0,0,50.9%,37,37.0,1,1,3,33.3%,1.0,-,-,0,NA,NA,NA,NA,0,NA,NA,-,-,0.0,NA,NA,NA,NA,NA,NA,21,1.76,0.000,0.143,8.1%,-,-,-,37,1.000,0.3,1020%,0.1,2,0,1,2,0,3.0,3,0.0%,NA,NA,NA,NA,NA,NA,NA,NA,NA,0.0%,NA,NA,@ PIT,29,·,6.4,6.3
3,5995,Justice Hill,RB,28.8,BAL,52,46,3.30,3.3,1,0,64,21,0,0.0%,0,0,0,0,0,0,0.00,33,0,0,0,0.00,0.00,0,0,0,0,0,0,0,0,0.0,0.0,5,0,1,33,0,33,6.6,32.8%,33,33.0,0,1,5,20.0%,1.0,-,-,5,6,1,1.20,0.200,1,0.200,0.320,-,-,33.0,1.0,20.0%,-3.0,-0.60,0.0,0.0,11,0.00,0.000,0.000,0.0%,-,-,-,0,0.000,NA,NA,NA,NA,NA,NA,NA,NA,0.0,0,0.0%,NA,NA,NA,NA,NA,NA,NA,NA,NA,0.0%,NA,NA,@ DAL,10,·,6.9,-3.6
3,10226,Andrei Iosivas,WR,26.9,CIN,999,999,0.00,0,0,0,0,0,0,0.0%,0,0,0,0,0,0,0.00,0,0,0,0,0.00,0.00,0,0,0,0,0,0,0,0,0.0,0.0,0,0,0,0,0,0,0,-,0,0.0,0,0,0,NA,0.0,-,-,NA,NA,NA,NA,NA,0,NA,NA,-,-,0.0,NA,NA,NA,NA,NA,NA,NA,NA,NA,NA,NA,-,-,-,0,0.000,NA,NA,NA,NA,NA,NA,NA,NA,NA,NA,0.0%,NA,NA,NA,NA,NA,NA,NA,NA,NA,0.0%,NA,NA,@ PIT,31,IR,IR,NA
3,11577,Will Shipley,RB,24.1,PHI,63,66,2.10,1.6,1,0,50,13,0,0.0%,0,0,0,0,0,0,0.00,0,0,0,0,0.00,0.00,1,3,0,0,0,2,8,11,11.0,5.5,0,0,0,11,0,0,0,26.0%,11,11.0,0,0,2,0.0%,0.0,-,-,0,0,0,0.00,NA,0,NA,NA,-,-,0.0,0.0,NA,0.0,NA,0.0,0.0,7,1.57,0.000,0.286,7.7%,-,-,-,11,0.000,0.0,NA,NA,8,NA,NA,NA,NA,2.0,1,0.0%,NA,NA,NA,NA,NA,NA,NA,NA,NA,0.0%,NA,NA,@ CHI,9,·,2.6,-0.5
3,13602,Jack Strand,QB,22.2,ATL,0,0,0.00,0,0,0,0,0,0,0.0%,0,0,0,0,0,0,0.00,0,0,0,0,0.00,0.00,0,0,0,0,0,0,0,0,0.0,0.0,0,0,0,0,0,0,0,-,0,0.0,0,0,0,NA,0.0,-,-,NA,NA,NA,NA,NA,0,NA,NA,-,-,0.0,NA,NA,NA,NA,NA,NA,NA,NA,NA,NA,NA,-,-,-,0,0.000,NA,NA,NA,NA,NA,NA,NA,NA,NA,NA,0.0%,NA,NA,NA,NA,NA,NA,NA,NA,NA,0.0%,NA,NA,@ GB,16,OUT,OUT,NA
3,8117,Jalen Tolbert,WR,27.6,MIA,999,999,0.00,0,1,0,73,12,0,0.0%,0,0,0,0,0,0,0.00,0,0,0,0,0.00,0.00,0,0,0,0,0,0,0,0,0.0,0.0,0,0,0,0,0,0,0,16.4%,0,0.0,0,0,0,NA,0.0,-,-,0,NA,NA,NA,NA,0,NA,NA,-,-,0.0,NA,NA,NA,NA,NA,NA,4,0.00,0.000,0.000,0.0%,-,-,-,0,0.000,NA,0%,0.0,NA,0,0,0,0,0.0,0,0.0%,NA,NA,NA,NA,NA,NA,NA,NA,NA,0.0%,NA,NA,vs KC,30,·,3.5,-3.5
3,12482,Savion Williams,WR,24.8,GB,999,999,0.00,0,0,0,0,0,0,0.0%,0,0,0,0,0,0,0.00,0,0,0,0,0.00,0.00,0,0,0,0,0,0,0,0,0.0,0.0,0,0,0,0,0,0,0,-,0,0.0,0,0,0,NA,0.0,-,-,NA,NA,NA,NA,NA,0,NA,NA,-,-,0.0,NA,NA,NA,NA,NA,NA,NA,NA,NA,NA,NA,-,-,-,0,0.000,NA,NA,NA,NA,NA,NA,NA,NA,NA,NA,0.0%,NA,NA,NA,NA,NA,NA,NA,NA,NA,0.0%,NA,NA,vs ATL,19,IR,IR,NA
3,11596,Ben Sinnott,TE,24.3,WAS,999,999,0.00,0,1,1,69,34,0,0.0%,0,0,0,0,0,0,0.00,0,0,0,0,0.00,0.00,0,0,1,0,0,1,0,0,0.0,0.0,0,0,0,0,0,0,0,49.3%,0,0.0,0,0,1,0.0%,0.0,-,-,0,NA,NA,NA,NA,0,NA,NA,-,-,0.0,NA,NA,NA,NA,NA,NA,NA,NA,NA,NA,NA,-,-,-,0,0.000,NA,NA,NA,NA,NA,NA,NA,NA,1.0,0,0.0%,NA,NA,NA,NA,NA,NA,NA,NA,NA,0.0%,NA,NA,vs SEA,10,·,2.6,-2.6
3,13400,Justin Joly,TE,22.2,MIA,999,999,0.00,0,0,0,73,0,0,0.0%,0,0,0,0,0,0,0.00,0,0,0,0,0.00,0.00,0,0,0,0,0,0,0,0,0.0,0.0,0,0,0,0,0,0,0,0.0%,0,0.0,0,0,0,NA,0.0,-,-,NA,NA,NA,NA,NA,0,NA,NA,-,-,0.0,NA,NA,NA,NA,NA,NA,NA,NA,NA,NA,NA,-,-,-,0,0.000,NA,NA,NA,NA,NA,NA,NA,NA,NA,NA,0.0%,NA,NA,NA,NA,NA,NA,NA,NA,NA,0.0%,NA,NA,vs KC,8,·,0.5,-0.5
3,12543,Tahj Brooks,RB,24.4,CIN,999,999,0.00,0,0,0,57,0,0,0.0%,0,0,0,0,0,0,0.00,0,0,0,0,0.00,0.00,0,0,0,0,0,0,0,0,0.0,0.0,0,0,0,0,0,0,0,0.0%,0,0.0,0,0,0,NA,0.0,-,-,NA,NA,NA,NA,NA,0,NA,NA,-,-,0.0,NA,NA,NA,NA,NA,NA,NA,NA,NA,NA,NA,-,-,-,0,0.000,NA,NA,NA,NA,NA,NA,NA,NA,NA,NA,0.0%,NA,NA,NA,NA,NA,NA,NA,NA,NA,0.0%,NA,NA,@ PIT,7,·,0.5,-0.5
3,9481,Luke Musgrave,TE,26.0,GB,999,999,0.00,0,0,0,0,0,0,0.0%,0,0,0,0,0,0,0.00,0,0,0,0,0.00,0.00,0,0,0,0,0,0,0,0,0.0,0.0,0,0,0,0,0,0,0,-,0,0.0,0,0,0,NA,0.0,-,-,NA,NA,NA,NA,NA,0,NA,NA,-,-,0.0,NA,NA,NA,NA,NA,NA,NA,NA,NA,NA,NA,-,-,-,0,0.000,NA,NA,NA,NA,NA,NA,NA,NA,NA,NA,0.0%,NA,NA,NA,NA,NA,NA,NA,NA,NA,0.0%,NA,NA,vs ATL,4,PUP,PUP,NA
3,4981,Calvin Ridley,WR,31.8,TEN,999,999,0.00,0,1,0,60,20,0,0.0%,0,0,0,0,0,0,0.00,0,0,0,0,0.00,0.00,0,0,1,0,0,1,0,0,0.0,0.0,0,0,0,0,0,0,0,33.3%,0,0.0,0,0,1,0.0%,0.0,-,-,0,NA,NA,NA,NA,0,NA,NA,-,-,0.0,NA,NA,NA,NA,NA,NA,9,0.00,0.000,0.111,2.8%,-,-,-,0,0.000,NA,700%,0.0,NA,0,0,1,0,1.0,0,0.0%,NA,NA,NA,NA,NA,NA,NA,NA,NA,0.0%,NA,NA,@ NYG,11,·,5.2,-5.2
3,11557,Joe Milton,QB,26.6,DAL,999,999,0.00,0,0,0,0,0,0,0.0%,0,0,0,0,0,0,0.00,0,0,0,0,0.00,0.00,0,0,0,0,0,0,0,0,0.0,0.0,0,0,0,0,0,0,0,-,0,0.0,0,0,0,NA,0.0,-,-,NA,NA,NA,NA,NA,0,NA,NA,-,-,0.0,NA,NA,NA,NA,NA,NA,NA,NA,NA,NA,NA,-,-,-,0,0.000,NA,NA,NA,NA,NA,NA,NA,NA,NA,NA,0.0%,NA,NA,NA,NA,NA,NA,NA,NA,NA,0.0%,NA,NA,vs BAL,18,·,·,NA
3,13404,Garrett Nussmeier,QB,24.6,KC,0,0,0.00,0,0,0,0,0,0,0.0%,0,0,0,0,0,0,0.00,0,0,0,0,0.00,0.00,0,0,0,0,0,0,0,0,0.0,0.0,0,0,0,0,0,0,0,-,0,0.0,0,0,0,NA,0.0,-,-,NA,NA,NA,NA,NA,0,NA,NA,-,-,0.0,NA,NA,NA,NA,NA,NA,NA,NA,NA,NA,NA,-,-,-,0,0.000,NA,NA,NA,NA,NA,NA,NA,NA,NA,NA,0.0%,NA,NA,NA,NA,NA,NA,NA,NA,NA,0.0%,NA,NA,@ MIA,7,OUT,OUT,NA
3,8127,Charlie Kolar,TE,27.6,LAC,0,0,0.00,0,0,0,0,0,0,0.0%,0,0,0,0,0,0,0.00,0,0,0,0,0.00,0.00,0,0,0,0,0,0,0,0,0.0,0.0,0,0,0,0,0,0,0,-,0,0.0,0,0,0,NA,0.0,-,-,NA,NA,NA,NA,NA,0,NA,NA,-,-,0.0,NA,NA,NA,NA,NA,NA,NA,NA,NA,NA,NA,-,-,-,0,0.000,NA,NA,NA,NA,NA,NA,NA,NA,NA,NA,0.0%,NA,NA,NA,NA,NA,NA,NA,NA,NA,0.0%,NA,NA,@ BUF,11,OUT,OUT,NA
3,6130,Devin Singletary,RB,29.0,NYG,0,0,0.00,0,0,0,0,0,0,0.0%,0,0,0,0,0,0,0.00,0,0,0,0,0.00,0.00,0,0,0,0,0,0,0,0,0.0,0.0,0,0,0,0,0,0,0,-,0,0.0,0,0,0,NA,0.0,-,-,NA,NA,NA,NA,NA,0,NA,NA,-,-,0.0,NA,NA,NA,NA,NA,NA,NA,NA,NA,NA,NA,-,-,-,0,0.000,NA,NA,NA,NA,NA,NA,NA,NA,NA,NA,0.0%,NA,NA,NA,NA,NA,NA,NA,NA,NA,0.0%,NA,NA,vs TEN,13,OUT,OUT,NA
3,11592,Erick All,TE,26.0,CIN,999,999,0.00,0,1,0,57,12,0,0.0%,0,0,0,0,0,0,0.00,0,0,0,0,0.00,0.00,0,0,0,0,0,0,0,0,0.0,0.0,0,0,0,0,0,0,0,21.1%,0,0.0,0,0,0,NA,0.0,-,-,0,NA,NA,NA,NA,0,NA,NA,-,-,0.0,NA,NA,NA,NA,NA,NA,NA,NA,NA,NA,NA,-,-,-,0,0.000,NA,NA,NA,NA,NA,NA,NA,NA,0.0,0,0.0%,NA,NA,NA,NA,NA,NA,NA,NA,NA,0.0%,NA,NA,@ PIT,29,·,2.7,-2.7
3,5857,Noah Fant,TE,28.8,NO,7,6,19.30,17.3,1,1,74,42,0,0.0%,0,0,0,0,0,0,0.00,0,0,0,0,0.00,0.00,4,13,0,0,2,4,20,33,8.3,8.3,0,0,0,33,0,0,0,56.8%,33,33.0,2,2,4,50.0%,2.0,-,-,0,NA,NA,NA,NA,0,NA,NA,-,-,0.0,NA,NA,NA,NA,NA,NA,17,1.94,0.000,0.235,9.5%,-,-,-,33,2.000,0.5,380%,0.1,5,2,0,2,1,4.0,4,0.0%,NA,NA,NA,NA,NA,NA,NA,NA,NA,0.0%,NA,NA,vs LV,20,·,3.8,15.5
3,11579,Audric Estime,RB,23.0,NO,0,0,0.00,0,0,0,0,0,0,0.0%,0,0,0,0,0,0,0.00,0,0,0,0,0.00,0.00,0,0,0,0,0,0,0,0,0.0,0.0,0,0,0,0,0,0,0,-,0,0.0,0,0,0,NA,0.0,-,-,NA,NA,NA,NA,NA,0,NA,NA,-,-,0.0,NA,NA,NA,NA,NA,NA,NA,NA,NA,NA,NA,-,-,-,0,0.000,NA,NA,NA,NA,NA,NA,NA,NA,NA,NA,0.0%,NA,NA,NA,NA,NA,NA,NA,NA,NA,0.0%,NA,NA,vs LV,20,Q,Q,NA
3,4454,Kendrick Bourne,WR,31.1,ARI,80,80,4.20,3.2,1,0,87,48,0,0.0%,0,0,0,0,0,0,0.00,0,0,0,0,0.00,0.00,2,2,1,1,0,3,20,22,11.0,7.3,0,0,0,22,0,0,0,55.2%,22,22.0,0,1,3,33.3%,1.0,-,-,0,NA,NA,NA,NA,0,NA,NA,-,-,0.0,NA,NA,NA,NA,NA,NA,39,0.56,0.026,0.077,5.8%,-,-,-,22,1.000,0.5,240%,0.0,10,1,0,2,0,3.0,2,0.0%,NA,NA,NA,NA,NA,NA,NA,NA,NA,0.0%,NA,NA,@ SF,26,·,5.6,-1.4
3,13079,Jahdae Walker,WR,24.2,CHI,999,999,0.00,0,1,0,72,4,0,0.0%,0,0,0,0,0,0,0.00,0,0,0,0,0.00,0.00,0,0,0,0,0,0,0,0,0.0,0.0,0,0,0,0,0,0,0,5.6%,0,0.0,0,0,0,NA,0.0,-,-,0,NA,NA,NA,NA,0,NA,NA,-,-,0.0,NA,NA,NA,NA,NA,NA,NA,NA,NA,NA,NA,-,-,-,0,0.000,NA,NA,NA,NA,NA,NA,NA,NA,0.0,0,0.0%,NA,NA,NA,NA,NA,NA,NA,NA,NA,0.0%,NA,NA,vs PHI,15,·,1.7,-1.7
3,11650,Luke McCaffrey,WR,25.5,WAS,999,999,0.00,0,0,0,69,0,0,0.0%,0,0,0,0,0,0,0.00,0,0,0,0,0.00,0.00,0,0,0,0,0,0,0,0,0.0,0.0,0,0,0,0,0,0,0,0.0%,0,0.0,0,0,0,NA,0.0,-,-,NA,NA,NA,NA,NA,0,NA,NA,-,-,0.0,NA,NA,NA,NA,NA,NA,NA,NA,NA,NA,NA,-,-,-,0,0.000,NA,NA,NA,NA,NA,NA,NA,NA,NA,NA,0.0%,NA,NA,NA,NA,NA,NA,NA,NA,NA,0.0%,NA,NA,vs SEA,32,·,·,NA
3,12500,Quinn Ewers,QB,23.4,JAX,999,999,0.00,0,1,0,62,3,0,0.0%,0,0,0,0,0,0,0.00,0,0,0,0,0.00,0.00,0,0,0,0,0,0,0,0,0.0,0.0,0,0,0,0,0,0,0,4.8%,0,0.0,0,0,0,NA,0.0,-,-,0,NA,NA,NA,NA,0,NA,NA,-,-,0.0,NA,NA,NA,NA,NA,NA,NA,NA,NA,NA,NA,-,-,-,0,0.000,NA,NA,NA,NA,NA,NA,NA,NA,0.0,0,0.0%,NA,NA,NA,NA,NA,NA,NA,NA,NA,0.0%,NA,NA,vs NE,31,·,·,NA
3,7828,Noah Gray,TE,27.4,KC,28,27,6.90,5.4,1,1,52,33,0,0.0%,0,0,0,0,0,0,0.00,0,0,0,0,0.00,0.00,3,22,0,2,0,3,17,39,13.0,13.0,0,0,0,39,0,0,0,63.5%,39,39.0,0,2,3,66.7%,2.0,-,-,0,NA,NA,NA,NA,0,NA,NA,-,-,0.0,NA,NA,NA,NA,NA,NA,8,4.88,0.250,0.375,12.5%,-,-,-,39,2.000,0.7,670%,0.1,6,1,1,1,0,3.0,3,0.0%,NA,NA,NA,NA,NA,NA,NA,NA,NA,0.0%,NA,NA,@ MIA,13,·,3.4,3.5
3,12470,Riley Leonard,QB,24.0,IND,0,0,0.00,0,0,0,0,0,0,0.0%,0,0,0,0,0,0,0.00,0,0,0,0,0.00,0.00,0,0,0,0,0,0,0,0,0.0,0.0,0,0,0,0,0,0,0,-,0,0.0,0,0,0,NA,0.0,-,-,NA,NA,NA,NA,NA,0,NA,NA,-,-,0.0,NA,NA,NA,NA,NA,NA,NA,NA,NA,NA,NA,-,-,-,0,0.000,NA,NA,NA,NA,NA,NA,NA,NA,NA,NA,0.0%,NA,NA,NA,NA,NA,NA,NA,NA,NA,0.0%,NA,NA,vs HOU,4,OUT,OUT,NA
3,7562,Tutu Atwell,WR,27.0,LAR,0,0,0.00,0,0,0,0,0,0,0.0%,0,0,0,0,0,0,0.00,0,0,0,0,0.00,0.00,0,0,0,0,0,0,0,0,0.0,0.0,0,0,0,0,0,0,0,-,0,0.0,0,0,0,NA,0.0,-,-,NA,NA,NA,NA,NA,0,NA,NA,-,-,0.0,NA,NA,NA,NA,NA,NA,NA,NA,NA,NA,NA,-,-,-,0,0.000,NA,NA,NA,NA,NA,NA,NA,NA,NA,NA,0.0%,NA,NA,NA,NA,NA,NA,NA,NA,NA,0.0%,NA,NA,@ DEN,28,OUT,OUT,NA
3,8147,John Metchie,WR,26.2,CAR,44,39,9.90,8.9,1,0,77,43,0,0.0%,0,0,0,0,0,0,0.00,0,0,0,0,0.00,0.00,2,19,0,1,1,5,0,19,9.5,3.8,0,0,0,19,0,0,0,55.8%,19,19.0,1,2,5,40.0%,2.0,-,-,0,NA,NA,NA,NA,0,NA,NA,-,-,0.0,NA,NA,NA,NA,NA,NA,28,0.68,0.036,0.179,10.4%,-,-,-,19,2.000,1.0,840%,0.1,0,1,2,0,1,5.0,2,0.0%,NA,NA,NA,NA,NA,NA,NA,NA,NA,0.0%,NA,NA,@ CLE,6,·,2.1,7.8
3,8135,Treylon Burks,WR,26.5,WAS,46,45,9.30,8.3,1,0,69,25,0,0.0%,0,0,0,0,0,0,0.00,0,0,0,0,0.00,0.00,2,9,0,0,1,2,4,13,6.5,6.5,0,0,0,13,0,0,0,36.2%,13,13.0,1,1,2,50.0%,1.0,-,-,0,NA,NA,NA,NA,0,NA,NA,-,-,0.0,NA,NA,NA,NA,NA,NA,18,0.72,0.000,0.111,6.5%,-,-,-,13,1.000,0.5,510%,0.0,2,1,1,1,1,2.0,2,0.0%,NA,NA,NA,NA,NA,NA,NA,NA,NA,0.0%,NA,NA,vs SEA,32,·,0.4,8.9
3,11569,Jarquez Hunter,RB,23.7,MIA,999,999,0.00,0,0,0,0,0,0,0.0%,0,0,0,0,0,0,0.00,0,0,0,0,0.00,0.00,0,0,0,0,0,0,0,0,0.0,0.0,0,0,0,0,0,0,0,-,0,0.0,0,0,0,NA,0.0,-,-,NA,NA,NA,NA,NA,0,NA,NA,-,-,0.0,NA,NA,NA,NA,NA,NA,NA,NA,NA,NA,NA,-,-,-,0,0.000,NA,NA,NA,NA,NA,NA,NA,NA,NA,NA,0.0%,NA,NA,NA,NA,NA,NA,NA,NA,NA,0.0%,NA,NA,vs KC,14,·,·,NA
3,11629,Devontez Walker,WR,25.3,BAL,999,999,0.00,0,1,0,64,17,0,0.0%,0,0,0,0,0,0,0.00,0,0,0,0,0.00,0.00,0,0,0,0,0,1,0,0,0.0,0.0,0,0,0,0,0,0,0,26.6%,0,0.0,0,0,1,0.0%,0.0,-,-,0,NA,NA,NA,NA,0,NA,NA,-,-,0.0,NA,NA,NA,NA,NA,NA,7,0.00,0.000,0.143,5.0%,-,-,-,0,0.000,NA,5270%,0.3,NA,0,1,0,0,1.0,0,0.0%,NA,NA,NA,NA,NA,NA,NA,NA,NA,0.0%,NA,NA,@ DAL,18,·,3.6,-3.6
3,11237,Jacob Saylors,RB,25.5,DET,999,999,0.00,0,1,0,65,2,0,0.0%,0,0,0,0,0,0,0.00,0,0,0,0,0.00,0.00,0,0,0,0,0,0,0,0,0.0,0.0,0,0,0,0,0,0,0,3.1%,0,0.0,0,0,0,NA,0.0,-,-,0,NA,NA,NA,NA,0,NA,NA,-,-,0.0,NA,NA,NA,NA,NA,NA,NA,NA,NA,NA,NA,-,-,-,0,0.000,NA,NA,NA,NA,NA,NA,NA,NA,0.0,0,0.0%,NA,NA,NA,NA,NA,NA,NA,NA,NA,0.0%,NA,NA,vs NYJ,31,·,1.5,-1.5
3,13333,Deion Burks,WR,23.7,IND,999,999,0.00,0,1,0,71,10,0,0.0%,0,0,0,0,0,0,0.00,0,0,0,0,0.00,0.00,0,0,0,0,0,0,0,0,0.0,0.0,0,0,0,0,0,0,0,14.1%,0,0.0,0,0,0,NA,0.0,-,-,0,NA,NA,NA,NA,0,NA,NA,-,-,0.0,NA,NA,NA,NA,NA,NA,NA,NA,NA,NA,NA,-,-,-,0,0.000,NA,NA,NA,NA,NA,NA,NA,NA,0.0,0,0.0%,NA,NA,NA,NA,NA,NA,NA,NA,NA,0.0%,NA,NA,vs HOU,1,·,0.6,-0.6
3,4137,James Conner,RB,31.4,ARI,999,999,0.00,0,0,0,0,0,0,0.0%,0,0,0,0,0,0,0.00,0,0,0,0,0.00,0.00,0,0,0,0,0,0,0,0,0.0,0.0,0,0,0,0,0,0,0,-,0,0.0,0,0,0,NA,0.0,-,-,NA,NA,NA,NA,NA,0,NA,NA,-,-,0.0,NA,NA,NA,NA,NA,NA,NA,NA,NA,NA,NA,-,-,-,0,0.000,NA,NA,NA,NA,NA,NA,NA,NA,NA,NA,0.0%,NA,NA,NA,NA,NA,NA,NA,NA,NA,0.0%,NA,NA,@ SF,16,IR,IR,NA
3,11623,Jordan Whittington,WR,26.0,LAR,999,999,0.00,0,1,0,86,21,0,0.0%,0,0,0,0,0,0,0.00,0,0,0,0,0.00,0.00,0,0,0,0,0,0,0,0,0.0,0.0,0,0,0,0,0,0,0,24.4%,0,0.0,0,0,0,NA,0.0,-,-,0,NA,NA,NA,NA,0,NA,NA,-,-,0.0,NA,NA,NA,NA,NA,NA,14,0.00,0.000,0.000,0.0%,-,-,-,0,0.000,NA,0%,0.0,NA,0,0,0,0,0.0,0,0.0%,NA,NA,NA,NA,NA,NA,NA,NA,NA,0.0%,NA,NA,@ DEN,28,·,3.9,-3.9
3,13307,Marlin Klein,TE,24.0,HOU,999,999,0.00,0,1,0,54,4,0,0.0%,0,0,0,0,0,0,0.00,0,0,0,0,0.00,0.00,0,0,0,0,0,0,0,0,0.0,0.0,0,0,0,0,0,0,0,7.4%,0,0.0,0,0,0,NA,0.0,-,-,0,NA,NA,NA,NA,0,NA,NA,-,-,0.0,NA,NA,NA,NA,NA,NA,NA,NA,NA,NA,NA,-,-,-,0,0.000,NA,NA,NA,NA,NA,NA,NA,NA,0.0,0,0.0%,NA,NA,NA,NA,NA,NA,NA,NA,NA,0.0%,NA,NA,@ IND,5,·,1.7,-1.7
3,12457,Jaydon Blue,RB,22.7,PHI,999,999,0.00,0,0,0,0,0,0,0.0%,0,0,0,0,0,0,0.00,0,0,0,0,0.00,0.00,0,0,0,0,0,0,0,0,0.0,0.0,0,0,0,0,0,0,0,-,0,0.0,0,0,0,NA,0.0,-,-,NA,NA,NA,NA,NA,0,NA,NA,-,-,0.0,NA,NA,NA,NA,NA,NA,NA,NA,NA,NA,NA,-,-,-,0,0.000,NA,NA,NA,NA,NA,NA,NA,NA,NA,NA,0.0%,NA,NA,NA,NA,NA,NA,NA,NA,NA,0.0%,NA,NA,@ CHI,9,·,·,NA
3,13324,Matthew Hibner,TE,24.5,BAL,16,15,10.30,9.3,1,0,64,32,0,0.0%,0,0,0,0,0,0,0.00,0,0,0,0,0.00,0.00,2,5,0,1,1,2,18,23,11.5,11.5,0,0,0,23,0,0,0,50.0%,23,23.0,1,2,2,100.0%,2.0,-,-,0,NA,NA,NA,NA,0,NA,NA,-,-,0.0,NA,NA,NA,NA,NA,NA,8,2.88,0.125,0.250,10.0%,-,-,-,23,2.000,1.0,280%,0.0,9,1,0,0,1,2.0,2,0.0%,NA,NA,NA,NA,NA,NA,NA,NA,NA,0.0%,NA,NA,@ DAL,7,·,2.2,8.1
3,11199,Emari Demercado,RB,27.7,DAL,0,0,0.00,0,0,0,0,0,0,0.0%,0,0,0,0,0,0,0.00,0,0,0,0,0.00,0.00,0,0,0,0,0,0,0,0,0.0,0.0,0,0,0,0,0,0,0,-,0,0.0,0,0,0,NA,0.0,-,-,NA,NA,NA,NA,NA,0,NA,NA,-,-,0.0,NA,NA,NA,NA,NA,NA,NA,NA,NA,NA,NA,-,-,-,0,0.000,NA,NA,NA,NA,NA,NA,NA,NA,NA,NA,0.0%,NA,NA,NA,NA,NA,NA,NA,NA,NA,0.0%,NA,NA,vs BAL,15,OUT,OUT,NA
3,2505,Darren Waller,TE,34.0,CAR,17,22,10.10,7.6,1,0,77,39,0,0.0%,0,0,0,0,0,0,0.00,0,0,0,0,0.00,0.00,5,34,0,3,0,8,17,51,10.2,6.4,0,0,0,51,0,0,0,50.6%,51,51.0,0,3,8,37.5%,3.0,-,-,0,NA,NA,NA,NA,0,NA,NA,-,-,0.0,NA,NA,NA,NA,NA,NA,28,1.82,0.107,0.286,16.7%,-,-,-,51,3.000,0.6,790%,0.1,3,0,3,3,0,8.0,5,0.0%,NA,NA,NA,NA,NA,NA,NA,NA,NA,0.0%,NA,NA,@ CLE,19,·,7.9,2.2
3,13477,Colbie Young,WR,24.2,CIN,112,113,1.20,0.7,1,1,57,1,0,0.0%,0,0,0,0,0,0,0.00,0,0,0,0,0.00,0.00,1,1,0,0,0,1,1,2,2.0,2.0,0,0,0,2,0,0,0,1.8%,2,2.0,0,0,1,0.0%,0.0,-,-,0,NA,NA,NA,NA,0,NA,NA,-,-,0.0,NA,NA,NA,NA,NA,NA,1,2.00,0.000,1.000,2.7%,-,-,-,2,0.000,0.0,10%,0.0,1,0,0,0,0,1.0,1,0.0%,NA,NA,NA,NA,NA,NA,NA,NA,NA,0.0%,NA,NA,@ PIT,31,OUT,3.0,-1.8
3,13270,CJ Daniels,WR,24.7,LAR,0,0,0.00,0,0,0,0,0,0,0.0%,0,0,0,0,0,0,0.00,0,0,0,0,0.00,0.00,0,0,0,0,0,0,0,0,0.0,0.0,0,0,0,0,0,0,0,-,0,0.0,0,0,0,NA,0.0,-,-,NA,NA,NA,NA,NA,0,NA,NA,-,-,0.0,NA,NA,NA,NA,NA,NA,NA,NA,NA,NA,NA,-,-,-,0,0.000,NA,NA,NA,NA,NA,NA,NA,NA,NA,NA,0.0%,NA,NA,NA,NA,NA,NA,NA,NA,NA,0.0%,NA,NA,@ DEN,28,OUT,OUT,NA
3,11562,Spencer Rattler,QB,26.0,NO,999,999,0.00,0,0,0,74,0,0,0.0%,0,0,0,0,0,0,0.00,0,0,0,0,0.00,0.00,0,0,0,0,0,0,0,0,0.0,0.0,0,0,0,0,0,0,0,0.0%,0,0.0,0,0,0,NA,0.0,-,-,NA,NA,NA,NA,NA,0,NA,NA,-,-,0.0,NA,NA,NA,NA,NA,NA,NA,NA,NA,NA,NA,-,-,-,0,0.000,NA,NA,NA,NA,NA,NA,NA,NA,NA,NA,0.0%,NA,NA,NA,NA,NA,NA,NA,NA,NA,0.0%,NA,NA,vs LV,24,·,·,NA
3,2306,Jameis Winston,QB,32.7,NYG,31,31,6.12,6.12,1,1,64,64,0,63.6%,74,22,14,6,8,0,77.50,132,3,0,118,5.36,8.43,0,0,0,0,0,0,0,0,0.0,0.0,2,0,1,14,0,14,7,100.0%,132,132.0,0,7,24,29.2%,7.0,-,-,2,NA,NA,NA,NA,1,0.500,NA,-,-,14.0,1.0,50.0%,NA,NA,NA,NA,NA,NA,NA,NA,NA,-,-,-,0,0.000,NA,NA,NA,NA,NA,NA,NA,NA,0.0,0,600.0%,0.2727272727,255%,4.5%,0.231,5.7,2600.0%,-0.06,-6.90,-0.3,11800.0%,15.4%,0,vs TEN,25,·,14.3,-8.2
3,12670,KeAndre Lambert-Smith,WR,24.9,LAC,999,999,0.00,0,0,0,0,0,0,0.0%,0,0,0,0,0,0,0.00,0,0,0,0,0.00,0.00,0,0,0,0,0,0,0,0,0.0,0.0,0,0,0,0,0,0,0,-,0,0.0,0,0,0,NA,0.0,-,-,NA,NA,NA,NA,NA,0,NA,NA,-,-,0.0,NA,NA,NA,NA,NA,NA,NA,NA,NA,NA,NA,-,-,-,0,0.000,NA,NA,NA,NA,NA,NA,NA,NA,NA,NA,0.0%,NA,NA,NA,NA,NA,NA,NA,NA,NA,0.0%,NA,NA,@ BUF,3,IR,IR,NA
3,12496,Tai Felton,WR,23.5,MIN,999,999,0.00,0,1,0,59,32,0,0.0%,0,0,0,0,0,0,0.00,0,0,0,0,0.00,0.00,0,0,0,0,0,2,0,0,0.0,0.0,0,0,0,0,0,0,0,54.2%,0,0.0,0,0,2,0.0%,0.0,-,-,0,NA,NA,NA,NA,0,NA,NA,-,-,0.0,NA,NA,NA,NA,NA,NA,NA,NA,NA,NA,NA,-,-,-,0,0.000,NA,NA,NA,NA,NA,NA,NA,NA,2.0,0,0.0%,NA,NA,NA,NA,NA,NA,NA,NA,NA,0.0%,NA,NA,@ TB,24,·,1.9,-1.9
3,4177,Mack Hollins,WR,33.0,NE,25,27,14.70,11.7,1,1,63,48,0,0.0%,0,0,0,0,0,0,0.00,0,0,0,0,0.00,0.00,6,64,1,3,0,9,23,87,14.5,9.7,0,0,0,87,0,0,0,76.2%,87,87.0,0,3,9,33.3%,3.0,-,-,0,NA,NA,NA,NA,0,NA,NA,-,-,0.0,NA,NA,NA,NA,NA,NA,26,3.35,0.115,0.346,29.0%,-,-,-,87,3.000,0.5,1370%,0.3,4,3,7,3,2,9.0,6,0.0%,NA,NA,NA,NA,NA,NA,NA,NA,NA,0.0%,NA,NA,@ JAX,17,·,8.5,6.2
3,11994,Kameron Johnson,WR,24.5,TB,999,999,0.00,0,1,0,69,1,0,0.0%,0,0,0,0,0,0,0.00,0,0,0,0,0.00,0.00,0,0,0,0,0,0,0,0,0.0,0.0,0,0,0,0,0,0,0,1.4%,0,0.0,0,0,0,NA,0.0,-,-,0,NA,NA,NA,NA,0,NA,NA,-,-,0.0,NA,NA,NA,NA,NA,NA,1,0.00,0.000,0.000,0.0%,-,-,-,0,0.000,NA,0%,0.0,NA,0,0,0,0,0.0,0,0.0%,NA,NA,NA,NA,NA,NA,NA,NA,NA,0.0%,NA,NA,vs MIN,10,·,0.5,-0.5
3,5848,Marquise Brown,WR,29.3,PHI,0,0,0.00,0,0,0,0,0,0,0.0%,0,0,0,0,0,0,0.00,0,0,0,0,0.00,0.00,0,0,0,0,0,0,0,0,0.0,0.0,0,0,0,0,0,0,0,-,0,0.0,0,0,0,NA,0.0,-,-,NA,NA,NA,NA,NA,0,NA,NA,-,-,0.0,NA,NA,NA,NA,NA,NA,NA,NA,NA,NA,NA,-,-,-,0,0.000,NA,NA,NA,NA,NA,NA,NA,NA,NA,NA,0.0%,NA,NA,NA,NA,NA,NA,NA,NA,NA,0.0%,NA,NA,@ CHI,20,OUT,OUT,NA
3,8225,Daniel Bellinger,TE,26.0,TEN,39,39,3.60,2.6,1,1,60,24,0,0.0%,0,0,0,0,0,0,0.00,0,0,0,0,0.00,0.00,2,-1,0,0,0,2,17,16,8.0,8.0,0,0,0,16,0,0,0,40.0%,16,16.0,0,0,2,0.0%,0.0,-,-,0,NA,NA,NA,NA,0,NA,NA,-,-,0.0,NA,NA,NA,NA,NA,NA,6,2.67,0.000,0.333,5.6%,-,-,-,16,0.000,0.0,-140%,0.0,9,0,0,0,0,2.0,2,0.0%,NA,NA,NA,NA,NA,NA,NA,NA,NA,0.0%,NA,NA,@ NYG,12,·,2.0,1.6
3,7694,Tommy Tremble,TE,26.3,CAR,26,26,7.10,5.6,1,1,77,37,0,0.0%,0,0,0,0,0,0,0.00,0,0,0,0,0.00,0.00,3,14,0,3,0,4,27,41,13.7,10.3,0,0,0,41,0,0,0,48.1%,41,41.0,0,3,4,75.0%,3.0,-,-,0,NA,NA,NA,NA,0,NA,NA,-,-,0.0,NA,NA,NA,NA,NA,NA,19,2.16,0.158,0.211,8.3%,-,-,-,41,3.000,1.0,600%,0.1,9,0,1,2,0,4.0,3,0.0%,NA,NA,NA,NA,NA,NA,NA,NA,NA,0.0%,NA,NA,@ CLE,19,·,2.9,4.2
3,12523,Jimmy Horn,WR,24.0,CLE,999,999,0.00,0,0,0,0,0,0,0.0%,0,0,0,0,0,0,0.00,0,0,0,0,0.00,0.00,0,0,0,0,0,0,0,0,0.0,0.0,0,0,0,0,0,0,0,-,0,0.0,0,0,0,NA,0.0,-,-,NA,NA,NA,NA,NA,0,NA,NA,-,-,0.0,NA,NA,NA,NA,NA,NA,NA,NA,NA,NA,NA,-,-,-,0,0.000,NA,NA,NA,NA,NA,NA,NA,NA,NA,NA,0.0%,NA,NA,NA,NA,NA,NA,NA,NA,NA,0.0%,NA,NA,vs CAR,21,·,·,NA
3,10444,Cedric Tillman,WR,26.4,NO,999,999,0.00,0,0,0,0,0,0,0.0%,0,0,0,0,0,0,0.00,0,0,0,0,0.00,0.00,0,0,0,0,0,0,0,0,0.0,0.0,0,0,0,0,0,0,0,-,0,0.0,0,0,0,NA,0.0,-,-,NA,NA,NA,NA,NA,0,NA,NA,-,-,0.0,NA,NA,NA,NA,NA,NA,NA,NA,NA,NA,NA,-,-,-,0,0.000,NA,NA,NA,NA,NA,NA,NA,NA,NA,NA,0.0%,NA,NA,NA,NA,NA,NA,NA,NA,NA,0.0%,NA,NA,vs LV,29,·,·,NA
3,11599,Cade Stover,TE,26.3,HOU,999,999,0.00,0,1,1,54,24,0,0.0%,0,0,0,0,0,0,0.00,0,0,0,0,0.00,0.00,0,0,0,0,0,0,0,0,0.0,0.0,0,0,0,0,0,0,0,44.4%,0,0.0,0,0,0,NA,0.0,-,-,0,NA,NA,NA,NA,0,NA,NA,-,-,0.0,NA,NA,NA,NA,NA,NA,NA,NA,NA,NA,NA,-,-,-,0,0.000,NA,NA,NA,NA,NA,NA,NA,NA,0.0,0,0.0%,NA,NA,NA,NA,NA,NA,NA,NA,NA,0.0%,NA,NA,@ IND,5,·,0.9,-0.9
3,7587,Dyami Brown,WR,26.9,WAS,999,999,0.00,0,1,0,69,21,0,0.0%,0,0,0,0,0,0,0.00,0,0,0,0,0.00,0.00,0,0,0,0,0,1,0,0,0.0,0.0,0,0,0,0,0,0,0,30.4%,0,0.0,0,0,1,0.0%,0.0,-,-,0,NA,NA,NA,NA,0,NA,NA,-,-,0.0,NA,NA,NA,NA,NA,NA,10,0.00,0.000,0.100,3.2%,-,-,-,0,0.000,NA,2060%,0.1,NA,0,1,0,0,1.0,0,0.0%,NA,NA,NA,NA,NA,NA,NA,NA,NA,0.0%,NA,NA,vs SEA,32,·,2.0,-2.0
3,12718,Konata Mumpfield,WR,23.9,LAR,17,11,19.30,17.3,1,0,86,63,0,0.0%,0,0,0,0,0,0,0.00,0,0,0,0,0.00,0.00,4,72,1,2,1,8,21,93,23.3,11.6,0,0,0,93,0,0,0,73.3%,93,93.0,1,3,8,37.5%,3.0,-,-,0,NA,NA,NA,NA,0,NA,NA,-,-,0.0,NA,NA,NA,NA,NA,NA,44,2.11,0.045,0.182,14.5%,-,-,-,93,3.000,0.8,1680%,0.3,5,1,6,4,0,8.0,4,0.0%,NA,NA,NA,NA,NA,NA,NA,NA,NA,0.0%,NA,NA,@ DEN,28,·,2.0,17.3
3,6039,Ty Johnson,RB,29.0,BUF,30,33,9.00,7,1,0,66,15,0,0.0%,0,0,0,0,0,0,0.00,0,0,0,0,0.00,0.00,4,0,0,3,0,4,50,50,12.5,12.5,0,0,0,50,0,0,0,22.7%,50,50.0,0,3,4,75.0%,3.0,-,-,0,0,1,0.00,NA,0,NA,NA,-,-,0.0,0.0,NA,0.0,NA,0.0,0.0,13,3.85,0.231,0.308,15.4%,-,-,-,50,3.000,0.8,NA,NA,13,NA,NA,NA,NA,4.0,4,0.0%,NA,NA,NA,NA,NA,NA,NA,NA,NA,0.0%,NA,NA,vs LAC,22,·,2.2,6.8
3,11729,Sione Vaki,RB,25.2,DET,46,44,4.70,4.2,1,0,65,20,0,0.0%,0,0,0,0,0,0,0.00,26,0,0,0,0.00,0.00,1,5,0,1,0,1,6,11,11.0,11.0,6,0,2,37,0,26,4.33,30.8%,37,37.0,0,3,7,42.9%,3.0,-,-,6,11,0,1.80,0.000,2,0.333,0.180,-,-,26.0,0.0,0.0%,-10.0,-1.67,0.0,0.0,4,2.75,0.250,0.250,3.1%,-,-,-,11,1.000,1.0,NA,NA,6,NA,NA,NA,NA,1.0,1,0.0%,NA,NA,NA,NA,NA,NA,NA,NA,NA,0.0%,NA,NA,vs NYJ,31,·,2.2,2.6
3,3271,Tyler Higbee,TE,33.7,LAR,6,7,20.20,16.2,1,0,86,61,0,0.0%,0,0,0,0,0,0,0.00,0,0,0,0,0.00,0.00,8,42,0,5,1,11,20,62,7.8,5.6,0,0,0,62,0,0,0,70.9%,62,62.0,1,6,11,54.5%,6.0,-,-,0,NA,NA,NA,NA,0,NA,NA,-,-,0.0,NA,NA,NA,NA,NA,NA,44,1.41,0.114,0.250,20.0%,-,-,-,62,6.000,0.8,700%,0.2,3,2,3,4,0,11.0,8,0.0%,NA,NA,NA,NA,NA,NA,NA,NA,NA,0.0%,NA,NA,@ DEN,25,·,1.6,18.6
3,6271,Olamide Zaccheaus,WR,29.2,ATL,98,100,2.90,1.9,1,0,71,24,0,0.0%,0,0,0,0,0,0,0.00,0,0,0,0,0.00,0.00,2,0,0,0,0,2,9,9,4.5,4.5,0,0,0,9,0,0,0,33.8%,9,9.0,0,0,2,0.0%,0.0,-,-,0,NA,NA,NA,NA,0,NA,NA,-,-,0.0,NA,NA,NA,NA,NA,NA,11,0.82,0.000,0.182,8.0%,-,-,-,9,0.000,0.0,-40%,0.0,5,0,0,2,0,2.0,2,0.0%,NA,NA,NA,NA,NA,NA,NA,NA,NA,0.0%,NA,NA,@ GB,12,·,3.3,-0.4
3,9492,Trey Palmer,WR,25.5,NO,999,999,0.00,0,0,0,0,0,0,0.0%,0,0,0,0,0,0,0.00,0,0,0,0,0.00,0.00,0,0,0,0,0,0,0,0,0.0,0.0,0,0,0,0,0,0,0,-,0,0.0,0,0,0,NA,0.0,-,-,NA,NA,NA,NA,NA,0,NA,NA,-,-,0.0,NA,NA,NA,NA,NA,NA,NA,NA,NA,NA,NA,-,-,-,0,0.000,NA,NA,NA,NA,NA,NA,NA,NA,NA,NA,0.0%,NA,NA,NA,NA,NA,NA,NA,NA,NA,0.0%,NA,NA,vs LV,29,·,·,NA
3,12476,Devin Neal,RB,23.1,FA,0,0,0.00,0,0,0,0,0,0,0.0%,0,0,0,0,0,0,0.00,0,0,0,0,0.00,0.00,0,0,0,0,0,0,0,0,0.0,0.0,0,0,0,0,0,0,0,-,0,0.0,0,0,0,NA,0.0,-,-,NA,NA,NA,NA,NA,0,NA,NA,-,-,0.0,NA,NA,NA,NA,NA,NA,NA,NA,NA,NA,NA,-,-,-,0,0.000,NA,NA,NA,NA,NA,NA,NA,NA,NA,NA,0.0%,NA,NA,NA,NA,NA,NA,NA,NA,NA,0.0%,NA,NA,NA,,Q,Q,NA
3,11616,Jacob Cowing,WR,25.6,SF,999,999,0.00,0,1,0,54,17,0,0.0%,0,0,0,0,0,0,0.00,0,0,0,0,0.00,0.00,0,0,0,0,0,2,0,0,0.0,0.0,0,0,0,0,0,0,0,31.5%,0,0.0,0,0,2,0.0%,0.0,-,-,0,NA,NA,NA,NA,0,NA,NA,-,-,0.0,NA,NA,NA,NA,NA,NA,13,0.00,0.000,0.154,7.4%,-,-,-,0,0.000,NA,2230%,0.2,NA,0,1,0,0,2.0,0,0.0%,NA,NA,NA,NA,NA,NA,NA,NA,NA,0.0%,NA,NA,vs ARI,5,·,2.8,-2.8
3,13394,Josh Cameron,WR,23.5,JAX,51,48,8.20,7.7,1,0,62,23,0,0.0%,0,0,0,0,0,0,0.00,0,0,0,0,0.00,0.00,1,8,0,0,1,2,4,12,12.0,6.0,0,0,0,12,0,0,0,37.1%,12,12.0,1,1,2,50.0%,1.0,-,-,0,NA,NA,NA,NA,0,NA,NA,-,-,0.0,NA,NA,NA,NA,NA,NA,8,1.50,0.000,0.250,6.9%,-,-,-,12,1.000,1.0,980%,0.1,4,1,1,2,0,2.0,1,0.0%,NA,NA,NA,NA,NA,NA,NA,NA,NA,0.0%,NA,NA,vs NE,22,·,2.3,5.9
3,13282,Jack Endries,TE,22.5,CIN,0,0,0.00,0,0,0,0,0,0,0.0%,0,0,0,0,0,0,0.00,0,0,0,0,0.00,0.00,0,0,0,0,0,0,0,0,0.0,0.0,0,0,0,0,0,0,0,-,0,0.0,0,0,0,NA,0.0,-,-,NA,NA,NA,NA,NA,0,NA,NA,-,-,0.0,NA,NA,NA,NA,NA,NA,NA,NA,NA,NA,NA,-,-,-,0,0.000,NA,NA,NA,NA,NA,NA,NA,NA,NA,NA,0.0%,NA,NA,NA,NA,NA,NA,NA,NA,NA,0.0%,NA,NA,@ PIT,29,OUT,OUT,NA
3,12634,Jordan Watkins,WR,24.6,SF,53,51,8.00,7,1,0,54,15,0,0.0%,0,0,0,0,0,0,0.00,0,0,0,0,0.00,0.00,2,33,0,2,0,2,27,60,30.0,30.0,0,0,0,60,0,0,0,27.8%,60,60.0,0,2,2,100.0%,2.0,-,-,0,NA,NA,NA,NA,0,NA,NA,-,-,0.0,NA,NA,NA,NA,NA,NA,8,7.50,0.250,0.250,7.4%,-,-,-,60,2.000,1.0,1630%,0.1,14,0,2,1,0,2.0,2,0.0%,NA,NA,NA,NA,NA,NA,NA,NA,NA,0.0%,NA,NA,vs ARI,5,·,1.5,6.5
3,7596,Elijah Moore,WR,26.5,PHI,999,999,0.00,0,1,0,50,6,0,0.0%,0,0,0,0,0,0,0.00,0,0,0,0,0.00,0.00,0,0,0,0,0,0,0,0,0.0,0.0,0,0,0,0,0,0,0,12.0%,0,0.0,0,0,0,NA,0.0,-,-,0,NA,NA,NA,NA,0,NA,NA,-,-,0.0,NA,NA,NA,NA,NA,NA,2,0.00,0.000,0.000,0.0%,-,-,-,0,0.000,NA,0%,0.0,NA,0,0,0,0,0.0,0,0.0%,NA,NA,NA,NA,NA,NA,NA,NA,NA,0.0%,NA,NA,@ CHI,20,·,0.3,-0.3
3,13348,J'Mari Taylor,RB,24.6,JAX,999,999,0.00,0,0,0,0,0,0,0.0%,0,0,0,0,0,0,0.00,0,0,0,0,0.00,0.00,0,0,0,0,0,0,0,0,0.0,0.0,0,0,0,0,0,0,0,-,0,0.0,0,0,0,NA,0.0,-,-,NA,NA,NA,NA,NA,0,NA,NA,-,-,0.0,NA,NA,NA,NA,NA,NA,NA,NA,NA,NA,NA,-,-,-,0,0.000,NA,NA,NA,NA,NA,NA,NA,NA,NA,NA,0.0%,NA,NA,NA,NA,NA,NA,NA,NA,NA,0.0%,NA,NA,vs NE,26,·,·,NA
3,11570,Rasheen Ali,RB,25.6,BAL,999,999,0.00,0,0,0,64,0,0,0.0%,0,0,0,0,0,0,0.00,0,0,0,0,0.00,0.00,0,0,0,0,0,0,0,0,0.0,0.0,0,0,0,0,0,0,0,0.0%,0,0.0,0,0,0,NA,0.0,-,-,NA,NA,NA,NA,NA,0,NA,NA,-,-,0.0,NA,NA,NA,NA,NA,NA,NA,NA,NA,NA,NA,-,-,-,0,0.000,NA,NA,NA,NA,NA,NA,NA,NA,NA,NA,0.0%,NA,NA,NA,NA,NA,NA,NA,NA,NA,0.0%,NA,NA,@ DAL,10,·,0.3,-0.3
3,10225,Jonathan Mingo,WR,25.4,DAL,999,999,0.00,0,1,0,74,13,0,0.0%,0,0,0,0,0,0,0.00,0,0,0,0,0.00,0.00,0,0,0,0,0,0,0,0,0.0,0.0,0,0,0,0,0,0,0,17.6%,0,0.0,0,0,0,NA,0.0,-,-,0,NA,NA,NA,NA,0,NA,NA,-,-,0.0,NA,NA,NA,NA,NA,NA,3,0.00,0.000,0.000,0.0%,-,-,-,0,0.000,NA,0%,0.0,NA,0,0,0,0,0.0,0,0.0%,NA,NA,NA,NA,NA,NA,NA,NA,NA,0.0%,NA,NA,vs BAL,16,·,0.4,-0.4
3,11617,Malachi Corley,WR,24.5,CLE,117,117,-2.00,-2,1,0,70,1,1,0.0%,0,0,0,0,0,0,0.00,0,0,0,0,0.00,0.00,0,0,0,0,0,0,0,0,0.0,0.0,0,0,0,0,0,0,0,1.4%,0,0.0,0,0,0,NA,0.0,-,-,0,NA,NA,NA,NA,0,NA,NA,-,-,0.0,NA,NA,NA,NA,NA,NA,NA,NA,NA,NA,NA,-,-,-,0,0.000,NA,NA,NA,NA,NA,NA,NA,NA,0.0,0,0.0%,NA,NA,NA,NA,NA,NA,NA,NA,NA,0.0%,NA,NA,vs CAR,21,·,0.2,-2.2
3,11651,Isaac Guerendo,RB,26.2,SF,999,999,0.00,0,0,0,0,0,0,0.0%,0,0,0,0,0,0,0.00,0,0,0,0,0.00,0.00,0,0,0,0,0,0,0,0,0.0,0.0,0,0,0,0,0,0,0,-,0,0.0,0,0,0,NA,0.0,-,-,NA,NA,NA,NA,NA,0,NA,NA,-,-,0.0,NA,NA,NA,NA,NA,NA,NA,NA,NA,NA,NA,-,-,-,0,0.000,NA,NA,NA,NA,NA,NA,NA,NA,NA,NA,0.0%,NA,NA,NA,NA,NA,NA,NA,NA,NA,0.0%,NA,NA,vs ARI,28,PUP,PUP,NA
3,13408,Tanner Koziol,TE,23.6,JAX,999,999,0.00,0,1,0,62,3,0,0.0%,0,0,0,0,0,0,0.00,0,0,0,0,0.00,0.00,0,0,0,0,0,0,0,0,0.0,0.0,0,0,0,0,0,0,0,4.8%,0,0.0,0,0,0,NA,0.0,-,-,0,NA,NA,NA,NA,0,NA,NA,-,-,0.0,NA,NA,NA,NA,NA,NA,NA,NA,NA,NA,NA,-,-,-,0,0.000,NA,NA,NA,NA,NA,NA,NA,NA,0.0,0,0.0%,NA,NA,NA,NA,NA,NA,NA,NA,NA,0.0%,NA,NA,vs NE,27,·,1.3,-1.3
3,12486,Dillon Gabriel,QB,25.7,CLE,999,999,0.00,0,0,0,0,0,0,0.0%,0,0,0,0,0,0,0.00,0,0,0,0,0.00,0.00,0,0,0,0,0,0,0,0,0.0,0.0,0,0,0,0,0,0,0,-,0,0.0,0,0,0,NA,0.0,-,-,NA,NA,NA,NA,NA,0,NA,NA,-,-,0.0,NA,NA,NA,NA,NA,NA,NA,NA,NA,NA,NA,-,-,-,0,0.000,NA,NA,NA,NA,NA,NA,NA,NA,NA,NA,0.0%,NA,NA,NA,NA,NA,NA,NA,NA,NA,0.0%,NA,NA,vs CAR,10,IR,IR,NA
3,13401,Michael Trigg,TE,24.2,DAL,999,999,0.00,0,0,0,0,0,0,0.0%,0,0,0,0,0,0,0.00,0,0,0,0,0.00,0.00,0,0,0,0,0,0,0,0,0.0,0.0,0,0,0,0,0,0,0,-,0,0.0,0,0,0,NA,0.0,-,-,NA,NA,NA,NA,NA,0,NA,NA,-,-,0.0,NA,NA,NA,NA,NA,NA,NA,NA,NA,NA,NA,-,-,-,0,0.000,NA,NA,NA,NA,NA,NA,NA,NA,NA,NA,0.0%,NA,NA,NA,NA,NA,NA,NA,NA,NA,0.0%,NA,NA,vs BAL,16,·,·,NA
3,7083,Tyler Huntley,QB,28.6,BAL,999,999,0.00,0,0,0,64,0,0,0.0%,0,0,0,0,0,0,0.00,0,0,0,0,0.00,0.00,0,0,0,0,0,0,0,0,0.0,0.0,0,0,0,0,0,0,0,0.0%,0,0.0,0,0,0,NA,0.0,-,-,NA,NA,NA,NA,NA,0,NA,NA,-,-,0.0,NA,NA,NA,NA,NA,NA,NA,NA,NA,NA,NA,-,-,-,0,0.000,NA,NA,NA,NA,NA,NA,NA,NA,NA,NA,0.0%,NA,NA,NA,NA,NA,NA,NA,NA,NA,0.0%,NA,NA,@ DAL,5,·,·,NA
3,7585,Davis Mills,QB,27.9,HOU,999,999,0.00,0,0,0,54,0,0,0.0%,0,0,0,0,0,0,0.00,0,0,0,0,0.00,0.00,0,0,0,0,0,0,0,0,0.0,0.0,0,0,0,0,0,0,0,0.0%,0,0.0,0,0,0,NA,0.0,-,-,NA,NA,NA,NA,NA,0,NA,NA,-,-,0.0,NA,NA,NA,NA,NA,NA,NA,NA,NA,NA,NA,-,-,-,0,0.000,NA,NA,NA,NA,NA,NA,NA,NA,NA,NA,0.0%,NA,NA,NA,NA,NA,NA,NA,NA,NA,0.0%,NA,NA,@ IND,3,·,·,NA
3,5970,Greg Dortch,WR,28.3,BUF,999,999,0.00,0,1,0,66,5,0,0.0%,0,0,0,0,0,0,0.00,0,0,0,0,0.00,0.00,0,0,0,0,0,0,0,0,0.0,0.0,0,0,0,0,0,0,0,7.6%,0,0.0,0,0,0,NA,0.0,-,-,0,NA,NA,NA,NA,0,NA,NA,-,-,0.0,NA,NA,NA,NA,NA,NA,2,0.00,0.000,0.000,0.0%,-,-,-,0,0.000,NA,0%,0.0,NA,0,0,0,0,0.0,0,0.0%,NA,NA,NA,NA,NA,NA,NA,NA,NA,0.0%,NA,NA,vs LAC,8,·,·,NA
3,12473,Mitchell Evans,TE,23.5,CAR,30,28,6.60,5.1,1,0,77,21,0,0.0%,0,0,0,0,0,0,0.00,0,0,0,0,0.00,0.00,3,17,0,2,0,3,19,36,12.0,12.0,0,0,0,36,0,0,0,27.3%,36,36.0,0,2,3,66.7%,2.0,-,-,0,NA,NA,NA,NA,0,NA,NA,-,-,0.0,NA,NA,NA,NA,NA,NA,9,4.00,0.222,0.333,6.3%,-,-,-,36,2.000,0.7,530%,0.0,6,0,0,2,0,3.0,3,0.0%,NA,NA,NA,NA,NA,NA,NA,NA,NA,0.0%,NA,NA,@ CLE,19,·,1.6,5.0
3,8125,Calvin Austin III,WR,27.5,NYG,999,999,0.00,0,0,0,0,0,0,0.0%,0,0,0,0,0,0,0.00,0,0,0,0,0.00,0.00,0,0,0,0,0,0,0,0,0.0,0.0,0,0,0,0,0,0,0,-,0,0.0,0,0,0,NA,0.0,-,-,NA,NA,NA,NA,NA,0,NA,NA,-,-,0.0,NA,NA,NA,NA,NA,NA,NA,NA,NA,NA,NA,-,-,-,0,0.000,NA,NA,NA,NA,NA,NA,NA,NA,NA,NA,0.0%,NA,NA,NA,NA,NA,NA,NA,NA,NA,0.0%,NA,NA,vs TEN,7,IR,IR,NA
3,9497,Jalin Hyatt,WR,25.0,NYG,999,999,0.00,0,0,0,0,0,0,0.0%,0,0,0,0,0,0,0.00,0,0,0,0,0.00,0.00,0,0,0,0,0,0,0,0,0.0,0.0,0,0,0,0,0,0,0,-,0,0.0,0,0,0,NA,0.0,-,-,NA,NA,NA,NA,NA,0,NA,NA,-,-,0.0,NA,NA,NA,NA,NA,NA,NA,NA,NA,NA,NA,-,-,-,0,0.000,NA,NA,NA,NA,NA,NA,NA,NA,NA,NA,0.0%,NA,NA,NA,NA,NA,NA,NA,NA,NA,0.0%,NA,NA,vs TEN,7,·,·,NA
3,11439,Jaleel McLaughlin,RB,26.0,CLE,999,999,0.00,0,1,0,70,4,0,0.0%,0,0,0,0,0,0,0.00,0,0,0,0,0.00,0.00,0,0,0,0,0,0,0,0,0.0,0.0,0,0,0,0,0,0,0,5.7%,0,0.0,0,0,0,NA,0.0,-,-,0,0,0,0.00,NA,0,NA,NA,-,-,0.0,0.0,NA,0.0,NA,0.0,0.0,1,0.00,0.000,0.000,0.0%,-,-,-,0,0.000,NA,NA,NA,NA,NA,NA,NA,NA,0.0,0,0.0%,NA,NA,NA,NA,NA,NA,NA,NA,NA,0.0%,NA,NA,vs CAR,1,·,1.9,-1.9
3,12520,Xavier Restrepo,WR,24.4,TEN,999,999,0.00,0,0,0,0,0,0,0.0%,0,0,0,0,0,0,0.00,0,0,0,0,0.00,0.00,0,0,0,0,0,0,0,0,0.0,0.0,0,0,0,0,0,0,0,-,0,0.0,0,0,0,NA,0.0,-,-,NA,NA,NA,NA,NA,0,NA,NA,-,-,0.0,NA,NA,NA,NA,NA,NA,NA,NA,NA,NA,NA,-,-,-,0,0.000,NA,NA,NA,NA,NA,NA,NA,NA,NA,NA,0.0%,NA,NA,NA,NA,NA,NA,NA,NA,NA,0.0%,NA,NA,@ NYG,11,·,·,NA
3,6943,Gabriel Davis,WR,27.5,FA,0,0,0.00,0,0,0,0,0,0,0.0%,0,0,0,0,0,0,0.00,0,0,0,0,0.00,0.00,0,0,0,0,0,0,0,0,0.0,0.0,0,0,0,0,0,0,0,-,0,0.0,0,0,0,NA,0.0,-,-,NA,NA,NA,NA,NA,0,NA,NA,-,-,0.0,NA,NA,NA,NA,NA,NA,NA,NA,NA,NA,NA,-,-,-,0,0.000,NA,NA,NA,NA,NA,NA,NA,NA,NA,NA,0.0%,NA,NA,NA,NA,NA,NA,NA,NA,NA,0.0%,NA,NA,NA,,Q,Q,NA
3,10871,Luke Schoonmaker,TE,28.0,DAL,51,51,1.90,1.4,1,1,74,16,0,0.0%,0,0,0,0,0,0,0.00,0,0,0,0,0.00,0.00,1,6,0,0,0,1,3,9,9.0,9.0,0,0,0,9,0,0,0,21.6%,9,9.0,0,0,1,0.0%,0.0,-,-,0,NA,NA,NA,NA,0,NA,NA,-,-,0.0,NA,NA,NA,NA,NA,NA,5,1.80,0.000,0.200,2.5%,-,-,-,9,0.000,0.0,610%,0.0,3,0,0,0,0,1.0,1,0.0%,NA,NA,NA,NA,NA,NA,NA,NA,NA,0.0%,NA,NA,vs BAL,16,·,1.6,0.3
3,12542,Efton Chism,WR,24.9,NE,108,108,1.74,1.24,1,1,63,16,0,100.0%,11,1,1,0,0,0,118.80,16,0,0,16,16.00,16.00,1,1,0,0,0,2,0,1,1.0,0.5,0,0,0,1,0,0,0,25.4%,17,17.0,0,0,3,0.0%,0.0,-,-,0,NA,NA,NA,NA,0,NA,NA,-,-,0.0,NA,NA,NA,NA,NA,NA,6,0.17,0.000,0.333,6.5%,-,-,-,1,0.000,0.0,610%,0.0,0,1,1,0,1,2.0,1,0.0%,0,NA,NA,NA,NA,NA,NA,NA,NA,1600.0%,NA,NA,@ JAX,17,·,1.3,0.5
3,13322,Sam Roush,TE,23.0,CHI,48,47,2.60,2.1,1,0,72,16,0,0.0%,0,0,0,0,0,0,0.00,0,0,0,0,0.00,0.00,1,3,0,1,0,1,13,16,16.0,16.0,0,0,0,16,0,0,0,22.2%,16,16.0,0,1,1,100.0%,1.0,-,-,0,NA,NA,NA,NA,0,NA,NA,-,-,0.0,NA,NA,NA,NA,NA,NA,5,3.20,0.200,0.200,2.9%,-,-,-,16,1.000,1.0,270%,0.0,13,0,0,1,0,1.0,1,0.0%,NA,NA,NA,NA,NA,NA,NA,NA,NA,0.0%,NA,NA,vs PHI,31,·,1.8,0.8
3,4147,Samaje Perine,RB,31.0,CIN,62,62,2.40,1.9,1,0,57,18,0,0.0%,0,0,0,0,0,0,0.00,9,0,0,0,0.00,0.00,1,2,0,0,0,3,3,5,5.0,1.7,3,0,1,14,0,9,3,31.6%,14,14.0,0,1,6,16.7%,1.0,-,-,3,0,0,0.00,0.000,1,0.333,0.000,-,-,9.0,0.0,0.0%,1.0,0.33,1.0,0.0,13,0.38,0.000,0.231,8.1%,-,-,-,5,0.000,0.0,NA,NA,3,NA,NA,NA,NA,3.0,1,0.0%,NA,NA,NA,NA,NA,NA,NA,NA,NA,0.0%,NA,NA,@ PIT,7,·,5.1,-2.7
3,12516,Kalel Mullings,RB,24.0,TEN,999,999,0.00,0,0,0,0,0,0,0.0%,0,0,0,0,0,0,0.00,0,0,0,0,0.00,0.00,0,0,0,0,0,0,0,0,0.0,0.0,0,0,0,0,0,0,0,-,0,0.0,0,0,0,NA,0.0,-,-,NA,NA,NA,NA,NA,0,NA,NA,-,-,0.0,NA,NA,NA,NA,NA,NA,NA,NA,NA,NA,NA,-,-,-,0,0.000,NA,NA,NA,NA,NA,NA,NA,NA,NA,NA,0.0%,NA,NA,NA,NA,NA,NA,NA,NA,NA,0.0%,NA,NA,@ NYG,8,·,·,NA
3,10231,Elijah Higgins,TE,25.9,ARI,35,35,5.00,3.5,1,1,87,35,0,0.0%,0,0,0,0,0,0,0.00,0,0,0,0,0.00,0.00,3,8,0,1,0,3,12,20,6.7,6.7,0,0,0,20,0,0,0,40.2%,20,20.0,0,1,3,33.3%,1.0,-,-,0,NA,NA,NA,NA,0,NA,NA,-,-,0.0,NA,NA,NA,NA,NA,NA,12,1.67,0.083,0.250,5.8%,-,-,-,20,1.000,0.3,270%,0.0,4,0,0,0,0,3.0,3,0.0%,NA,NA,NA,NA,NA,NA,NA,NA,NA,0.0%,NA,NA,@ SF,32,·,1.8,3.2
3,3321,Tyreek Hill,WR,32.6,FA,0,0,0.00,0,0,0,0,0,0,0.0%,0,0,0,0,0,0,0.00,0,0,0,0,0.00,0.00,0,0,0,0,0,0,0,0,0.0,0.0,0,0,0,0,0,0,0,-,0,0.0,0,0,0,NA,0.0,-,-,NA,NA,NA,NA,NA,0,NA,NA,-,-,0.0,NA,NA,NA,NA,NA,NA,NA,NA,NA,NA,NA,-,-,-,0,0.000,NA,NA,NA,NA,NA,NA,NA,NA,NA,NA,0.0%,NA,NA,NA,NA,NA,NA,NA,NA,NA,0.0%,NA,NA,NA,,·,·,NA
3,8917,KaVontae Turpin,WR,30.1,DAL,48,46,8.80,8.3,1,0,74,12,0,0.0%,0,0,0,0,0,0,0.00,9,0,0,0,0.00,0.00,1,3,0,1,0,2,6,9,9.0,4.5,1,0,0,18,1,9,9,16.2%,18,18.0,1,2,3,66.7%,2.0,-,-,1,NA,NA,NA,NA,1,1.000,NA,-,-,9.0,NA,NA,NA,NA,NA,NA,5,1.80,0.200,0.400,5.0%,-,-,-,9,1.000,1.0,910%,0.1,6,1,1,2,0,2.0,1,0.0%,NA,NA,NA,NA,NA,NA,NA,NA,NA,0.0%,NA,NA,vs BAL,16,·,2.9,5.9
3,8162,Sam Howell,QB,26.0,DAL,999,999,0.00,0,0,0,74,0,0,0.0%,0,0,0,0,0,0,0.00,0,0,0,0,0.00,0.00,0,0,0,0,0,0,0,0,0.0,0.0,0,0,0,0,0,0,0,0.0%,0,0.0,0,0,0,NA,0.0,-,-,NA,NA,NA,NA,NA,0,NA,NA,-,-,0.0,NA,NA,NA,NA,NA,NA,NA,NA,NA,NA,NA,-,-,-,0,0.000,NA,NA,NA,NA,NA,NA,NA,NA,NA,NA,0.0%,NA,NA,NA,NA,NA,NA,NA,NA,NA,0.0%,NA,NA,vs BAL,18,·,·,NA
3,8168,Skyy Moore,WR,26.0,GB,66,68,6.10,4.6,1,0,66,34,0,0.0%,0,0,0,0,0,0,0.00,0,0,0,0,0.00,0.00,3,7,0,2,0,7,24,31,10.3,4.4,0,0,0,31,0,0,0,51.5%,31,31.0,0,2,7,28.6%,2.0,-,-,0,NA,NA,NA,NA,0,NA,NA,-,-,0.0,NA,NA,NA,NA,NA,NA,27,1.15,0.074,0.259,13.2%,-,-,-,31,2.000,0.7,380%,0.1,8,2,1,4,0,7.0,3,0.0%,NA,NA,NA,NA,NA,NA,NA,NA,NA,0.0%,NA,NA,vs ATL,19,·,4.7,1.4
3,7610,Trey Lance,QB,26.4,LAC,999,999,0.00,0,0,0,69,0,0,0.0%,0,0,0,0,0,0,0.00,0,0,0,0,0.00,0.00,0,0,0,0,0,0,0,0,0.0,0.0,0,0,0,0,0,0,0,0.0%,0,0.0,0,0,0,NA,0.0,-,-,NA,NA,NA,NA,NA,0,NA,NA,-,-,0.0,NA,NA,NA,NA,NA,NA,NA,NA,NA,NA,NA,-,-,-,0,0.000,NA,NA,NA,NA,NA,NA,NA,NA,NA,NA,0.0%,NA,NA,NA,NA,NA,NA,NA,NA,NA,0.0%,NA,NA,@ BUF,6,·,·,NA
3,9230,Tanner McKee,QB,26.4,PHI,0,0,0.00,0,0,0,0,0,0,0.0%,0,0,0,0,0,0,0.00,0,0,0,0,0.00,0.00,0,0,0,0,0,0,0,0,0.0,0.0,0,0,0,0,0,0,0,-,0,0.0,0,0,0,NA,0.0,-,-,NA,NA,NA,NA,NA,0,NA,NA,-,-,0.0,NA,NA,NA,NA,NA,NA,NA,NA,NA,NA,NA,-,-,-,0,0.000,NA,NA,NA,NA,NA,NA,NA,NA,NA,NA,0.0%,NA,NA,NA,NA,NA,NA,NA,NA,NA,0.0%,NA,NA,@ CHI,9,·,·,NA
3,8118,David Bell,WR,25.8,FA,0,0,0.00,0,0,0,0,0,0,0.0%,0,0,0,0,0,0,0.00,0,0,0,0,0.00,0.00,0,0,0,0,0,0,0,0,0.0,0.0,0,0,0,0,0,0,0,-,0,0.0,0,0,0,NA,0.0,-,-,NA,NA,NA,NA,NA,0,NA,NA,-,-,0.0,NA,NA,NA,NA,NA,NA,NA,NA,NA,NA,NA,-,-,-,0,0.000,NA,NA,NA,NA,NA,NA,NA,NA,NA,NA,0.0%,NA,NA,NA,NA,NA,NA,NA,NA,NA,0.0%,NA,NA,NA,,·,·,NA
3,8122,Bam Knight,RB,25.4,ARI,999,999,0.00,0,0,0,87,0,0,0.0%,0,0,0,0,0,0,0.00,0,0,0,0,0.00,0.00,0,0,0,0,0,0,0,0,0.0,0.0,0,0,0,0,0,0,0,0.0%,0,0.0,0,0,0,NA,0.0,-,-,NA,NA,NA,NA,NA,0,NA,NA,-,-,0.0,NA,NA,NA,NA,NA,NA,NA,NA,NA,NA,NA,-,-,-,0,0.000,NA,NA,NA,NA,NA,NA,NA,NA,NA,NA,0.0%,NA,NA,NA,NA,NA,NA,NA,NA,NA,0.0%,NA,NA,@ SF,16,·,·,NA
3,11645,Javon Baker,WR,24.6,FA,0,0,0.00,0,0,0,0,0,0,0.0%,0,0,0,0,0,0,0.00,0,0,0,0,0.00,0.00,0,0,0,0,0,0,0,0,0.0,0.0,0,0,0,0,0,0,0,-,0,0.0,0,0,0,NA,0.0,-,-,NA,NA,NA,NA,NA,0,NA,NA,-,-,0.0,NA,NA,NA,NA,NA,NA,NA,NA,NA,NA,NA,-,-,-,0,0.000,NA,NA,NA,NA,NA,NA,NA,NA,NA,NA,0.0%,NA,NA,NA,NA,NA,NA,NA,NA,NA,0.0%,NA,NA,NA,,·,·,NA
3,12738,Phil Mafah,RB,23.9,NYG,999,999,0.00,0,0,0,0,0,0,0.0%,0,0,0,0,0,0,0.00,0,0,0,0,0.00,0.00,0,0,0,0,0,0,0,0,0.0,0.0,0,0,0,0,0,0,0,-,0,0.0,0,0,0,NA,0.0,-,-,NA,NA,NA,NA,NA,0,NA,NA,-,-,0.0,NA,NA,NA,NA,NA,NA,NA,NA,NA,NA,NA,-,-,-,0,0.000,NA,NA,NA,NA,NA,NA,NA,NA,NA,NA,0.0%,NA,NA,NA,NA,NA,NA,NA,NA,NA,0.0%,NA,NA,vs TEN,13,·,·,NA
3,8207,Tyler Goodson,RB,25.9,DAL,58,56,2.70,2.2,1,0,74,11,0,0.0%,0,0,0,0,0,0,0.00,22,0,0,0,0.00,0.00,1,-6,0,0,0,1,1,-5,-5.0,-5.0,6,0,1,17,0,22,3.67,14.9%,17,17.0,0,1,7,14.3%,1.0,-,-,6,12,3,2.00,0.500,1,0.167,0.700,-,-,22.0,1.0,16.7%,-4.0,-0.67,1.0,0.0,4,-1.25,0.000,0.250,2.5%,-,-,-,-5,0.000,0.0,NA,NA,1,NA,NA,NA,NA,1.0,1,0.0%,NA,NA,NA,NA,NA,NA,NA,NA,NA,0.0%,NA,NA,vs BAL,15,·,3.6,-0.9
3,11573,Frank Gore Jr.,RB,24.5,BUF,999,999,0.00,0,0,0,0,0,0,0.0%,0,0,0,0,0,0,0.00,0,0,0,0,0.00,0.00,0,0,0,0,0,0,0,0,0.0,0.0,0,0,0,0,0,0,0,-,0,0.0,0,0,0,NA,0.0,-,-,NA,NA,NA,NA,NA,0,NA,NA,-,-,0.0,NA,NA,NA,NA,NA,NA,NA,NA,NA,NA,NA,-,-,-,0,0.000,NA,NA,NA,NA,NA,NA,NA,NA,NA,NA,0.0%,NA,NA,NA,NA,NA,NA,NA,NA,NA,0.0%,NA,NA,vs LAC,22,·,·,NA
3,6011,Gardner Minshew,QB,30.4,ARI,999,999,0.00,0,0,0,87,0,0,0.0%,0,0,0,0,0,0,0.00,0,0,0,0,0.00,0.00,0,0,0,0,0,0,0,0,0.0,0.0,0,0,0,0,0,0,0,0.0%,0,0.0,0,0,0,NA,0.0,-,-,NA,NA,NA,NA,NA,0,NA,NA,-,-,0.0,NA,NA,NA,NA,NA,NA,NA,NA,NA,NA,NA,-,-,-,0,0.000,NA,NA,NA,NA,NA,NA,NA,NA,NA,NA,0.0%,NA,NA,NA,NA,NA,NA,NA,NA,NA,0.0%,NA,NA,@ SF,29,·,·,NA
3,8208,Tyler Badie,RB,26.6,DEN,61,61,2.40,1.9,1,0,67,12,0,0.0%,0,0,0,0,0,0,0.00,2,0,0,0,0.00,0.00,1,6,0,1,0,1,6,12,12.0,12.0,1,0,1,14,0,2,2,17.9%,14,14.0,0,2,2,100.0%,2.0,-,-,1,1,0,0.70,0.000,1,1.000,0.070,-,-,2.0,0.0,0.0%,-3.0,-3.00,0.0,0.0,5,2.40,0.200,0.200,2.9%,-,-,-,12,1.000,1.0,NA,NA,6,NA,NA,NA,NA,1.0,1,0.0%,NA,NA,NA,NA,NA,NA,NA,NA,NA,0.0%,NA,NA,vs LAR,24,·,1.4,1.0
3,7496,Nick Westbrook-Ikhine,WR,29.5,IND,999,999,0.00,0,1,0,71,1,0,0.0%,0,0,0,0,0,0,0.00,0,0,0,0,0.00,0.00,0,0,0,0,0,0,0,0,0.0,0.0,0,0,0,0,0,0,0,1.4%,0,0.0,0,0,0,NA,0.0,-,-,0,NA,NA,NA,NA,0,NA,NA,-,-,0.0,NA,NA,NA,NA,NA,NA,NA,NA,NA,NA,NA,-,-,-,0,0.000,NA,NA,NA,NA,NA,NA,NA,NA,0.0,0,0.0%,NA,NA,NA,NA,NA,NA,NA,NA,NA,0.0%,NA,NA,vs HOU,1,·,0.9,-0.9
3,8204,Bo Melton,WR,27.4,GB,999,999,0.00,0,1,0,66,21,0,0.0%,0,0,0,0,0,0,0.00,0,0,0,0,0.00,0.00,0,0,0,0,0,1,0,0,0.0,0.0,0,0,0,0,0,0,0,31.8%,0,0.0,0,0,1,0.0%,0.0,-,-,0,NA,NA,NA,NA,0,NA,NA,-,-,0.0,NA,NA,NA,NA,NA,NA,19,0.00,0.000,0.053,1.9%,-,-,-,0,0.000,NA,3170%,0.1,NA,0,1,1,1,1.0,0,0.0%,NA,NA,NA,NA,NA,NA,NA,NA,NA,0.0%,NA,NA,vs ATL,19,·,0.7,-0.7
3,8143,Jerome Ford,RB,27.0,MIN,999,999,0.00,0,0,0,0,0,0,0.0%,0,0,0,0,0,0,0.00,0,0,0,0,0.00,0.00,0,0,0,0,0,0,0,0,0.0,0.0,0,0,0,0,0,0,0,-,0,0.0,0,0,0,NA,0.0,-,-,NA,NA,NA,NA,NA,0,NA,NA,-,-,0.0,NA,NA,NA,NA,NA,NA,NA,NA,NA,NA,NA,-,-,-,0,0.000,NA,NA,NA,NA,NA,NA,NA,NA,NA,NA,0.0%,NA,NA,NA,NA,NA,NA,NA,NA,NA,0.0%,NA,NA,@ TB,18,·,·,NA
3,10214,Davis Allen,TE,25.6,LAR,36,36,3.90,2.9,1,1,86,31,0,0.0%,0,0,0,0,0,0,0.00,0,0,0,0,0.00,0.00,2,4,0,1,0,3,15,19,9.5,6.3,0,0,0,19,0,0,0,36.0%,19,19.0,0,1,3,33.3%,1.0,-,-,0,NA,NA,NA,NA,0,NA,NA,-,-,0.0,NA,NA,NA,NA,NA,NA,10,1.90,0.100,0.300,5.5%,-,-,-,19,1.000,0.5,750%,0.0,8,0,1,1,0,3.0,2,0.0%,NA,NA,NA,NA,NA,NA,NA,NA,NA,0.0%,NA,NA,@ DEN,25,·,0.7,3.2
3,13300,Le'Veon Moss,RB,23.8,UD,0,0,0.00,0,0,0,0,0,0,0.0%,0,0,0,0,0,0,0.00,0,0,0,0,0.00,0.00,0,0,0,0,0,0,0,0,0.0,0.0,0,0,0,0,0,0,0,-,0,0.0,0,0,0,NA,0.0,-,-,NA,NA,NA,NA,NA,0,NA,NA,-,-,0.0,NA,NA,NA,NA,NA,NA,NA,NA,NA,NA,NA,-,-,-,0,0.000,NA,NA,NA,NA,NA,NA,NA,NA,NA,NA,0.0%,NA,NA,NA,NA,NA,NA,NA,NA,NA,0.0%,NA,NA,NA,,NA,NA,NA
3,6803,Brandon Aiyuk,WR,28.5,SF,999,999,0.00,0,0,0,54,0,0,0.0%,0,0,0,0,0,0,0.00,0,0,0,0,0.00,0.00,0,0,0,0,0,0,0,0,0.0,0.0,0,0,0,0,0,0,0,0.0%,0,0.0,0,0,0,NA,0.0,-,-,NA,NA,NA,NA,NA,0,NA,NA,-,-,0.0,NA,NA,NA,NA,NA,NA,NA,NA,NA,NA,NA,-,-,-,0,0.000,NA,NA,NA,NA,NA,NA,NA,NA,NA,NA,0.0%,NA,NA,NA,NA,NA,NA,NA,NA,NA,0.0%,NA,NA,vs ARI,5,DNR,DNR,NA
3,11595,Jared Wiley,TE,25.9,KC,0,0,0.00,0,0,0,0,0,0,0.0%,0,0,0,0,0,0,0.00,0,0,0,0,0.00,0.00,0,0,0,0,0,0,0,0,0.0,0.0,0,0,0,0,0,0,0,-,0,0.0,0,0,0,NA,0.0,-,-,NA,NA,NA,NA,NA,0,NA,NA,-,-,0.0,NA,NA,NA,NA,NA,NA,NA,NA,NA,NA,NA,-,-,-,0,0.000,NA,NA,NA,NA,NA,NA,NA,NA,NA,NA,0.0%,NA,NA,NA,NA,NA,NA,NA,NA,NA,0.0%,NA,NA,@ MIA,13,OUT,OUT,NA
3,12539,Arian Smith,WR,25.0,NYJ,999,999,0.00,0,0,0,0,0,0,0.0%,0,0,0,0,0,0,0.00,0,0,0,0,0.00,0.00,0,0,0,0,0,0,0,0,0.0,0.0,0,0,0,0,0,0,0,-,0,0.0,0,0,0,NA,0.0,-,-,NA,NA,NA,NA,NA,0,NA,NA,-,-,0.0,NA,NA,NA,NA,NA,NA,NA,NA,NA,NA,NA,-,-,-,0,0.000,NA,NA,NA,NA,NA,NA,NA,NA,NA,NA,0.0%,NA,NA,NA,NA,NA,NA,NA,NA,NA,0.0%,NA,NA,@ DET,4,IR,IR,NA
3,8129,Dameon Pierce,RB,26.6,PHI,999,999,0.00,0,0,0,0,0,0,0.0%,0,0,0,0,0,0,0.00,0,0,0,0,0.00,0.00,0,0,0,0,0,0,0,0,0.0,0.0,0,0,0,0,0,0,0,-,0,0.0,0,0,0,NA,0.0,-,-,NA,NA,NA,NA,NA,0,NA,NA,-,-,0.0,NA,NA,NA,NA,NA,NA,NA,NA,NA,NA,NA,-,-,-,0,0.000,NA,NA,NA,NA,NA,NA,NA,NA,NA,NA,0.0%,NA,NA,NA,NA,NA,NA,NA,NA,NA,0.0%,NA,NA,@ CHI,9,·,·,NA
3,11895,Mason Tipton,WR,26.0,NO,999,999,0.00,0,0,0,0,0,0,0.0%,0,0,0,0,0,0,0.00,0,0,0,0,0.00,0.00,0,0,0,0,0,0,0,0,0.0,0.0,0,0,0,0,0,0,0,-,0,0.0,0,0,0,NA,0.0,-,-,NA,NA,NA,NA,NA,0,NA,NA,-,-,0.0,NA,NA,NA,NA,NA,NA,NA,NA,NA,NA,NA,-,-,-,0,0.000,NA,NA,NA,NA,NA,NA,NA,NA,NA,NA,0.0%,NA,NA,NA,NA,NA,NA,NA,NA,NA,0.0%,NA,NA,vs LV,29,PUP,PUP,NA
3,1737,Case Keenum,QB,38.0,CHI,7,7,24.48,24.48,1,1,72,72,1,70.6%,127,34,24,12,10,0,110.80,253,0,2,247,7.26,10.29,0,0,0,0,0,0,0,0,0.0,0.0,4,0,0,6,1,6,1.5,100.0%,253,253.0,3,15,38,39.5%,15.0,,,4,NA,NA,NA,NA,1,0.250,NA,,,6.0,0.0,0.0%,NA,NA,NA,NA,NA,NA,NA,NA,NA,-,-,-,0,0.000,NA,NA,NA,NA,NA,NA,NA,NA,0.0,0,1400.0%,0.4117647059,241%,5.9%,0.286,6.4,3500.0%,+0.01,+5.40,0.2,24700.0%,34.3%,0,vs PHI,13,,11.7,12.7
3,3634,Kalif Raymond,WR,32.1,CHI,9,9,21.00,18,1,1,72,54,0,0.0%,0,0,0,0,0,0,0.00,0,0,0,0,0.00,0.00,6,49,0,3,1,7,41,90,15.0,12.9,0,0,0,90,0,0,0,75.0%,90,90.0,1,4,7,57.1%,4.0,,,0,NA,NA,NA,NA,0,NA,NA,,,0.0,NA,NA,NA,NA,NA,NA,24,3.75,0.125,0.292,20.6%,-,-,-,90,4.000,0.7,930%,0.3,7,1,3,4,0,7.0,6,0.0%,NA,NA,NA,NA,NA,NA,NA,NA,NA,0.0%,NA,NA,vs PHI,15,·,7.1,13.9
3,7568,Brevin Jordan,TE,26.2,HOU,0,0,0.00,0,0,0,0,0,0,0.0%,0,0,0,0,0,0,0.00,0,0,0,0,0.00,0.00,0,0,0,0,0,0,0,0,0.0,0.0,0,0,0,0,0,0,0,-,0,0.0,0,0,0,NA,0.0,-,-,NA,NA,NA,NA,NA,0,NA,NA,-,-,0.0,NA,NA,NA,NA,NA,NA,NA,NA,NA,NA,NA,-,-,-,0,0.000,NA,NA,NA,NA,NA,NA,NA,NA,NA,NA,0.0%,NA,NA,NA,NA,NA,NA,NA,NA,NA,0.0%,NA,NA,@ IND,5,OUT,OUT,NA
4,4984,Josh Allen,QB,30.4,BUF,10,10,19.52,19.52,1,1,59,59,1,69.7%,124,33,23,8,10,1,89.60,257,1,1,253,7.67,11.00,0,0,0,0,0,0,0,0,0.0,0.0,5,0,1,4,1,4,0.8,100.0%,257,257.0,2,11,38,28.9%,11.0,-,-,5,NA,NA,NA,NA,2,0.400,NA,-,-,4.0,0.0,0.0%,NA,NA,NA,NA,NA,NA,NA,NA,NA,-,-,-,0,0.000,NA,NA,NA,NA,NA,NA,NA,NA,0.0,0,900.0%,0.2727272727,283%,15.2%,0.257,8.2,3500.0%,+0.04,+1.10,0.0,25300.0%,28.6%,1,vs NE,28,·,23.4,-3.9
4,9221,Jahmyr Gibbs,RB,24.5,DET,17,14,17.70,15.7,1,1,71,62,0,0.0%,0,0,0,0,0,0,0.00,46,0,0,0,0.00,0.00,4,11,0,0,0,7,20,31,7.8,4.4,15,0,2,77,1,46,3.07,87.3%,77,77.0,1,3,22,13.6%,3.0,-,-,15,39,3,2.60,0.200,3,0.200,0.460,-,-,46.0,1.0,6.7%,-27.0,-1.80,3.0,1.0,33,0.94,0.000,0.212,13.5%,-,-,-,31,0.000,0.0,NA,NA,5,NA,NA,NA,NA,7.0,4,0.0%,NA,NA,NA,NA,NA,NA,NA,NA,NA,0.0%,NA,NA,@ CAR,3,·,24.6,-6.9
4,9488,Jaxon Smith-Njigba,WR,24.6,SEA,31,35,12.60,10.1,1,1,60,53,0,0.0%,0,0,0,0,0,0,0.00,0,0,0,0,0.00,0.00,5,53,0,3,0,6,23,76,15.2,12.7,0,0,0,76,0,0,0,88.3%,76,76.0,0,3,6,50.0%,3.0,-,-,0,NA,NA,NA,NA,0,NA,NA,-,-,0.0,NA,NA,NA,NA,NA,NA,22,3.45,0.136,0.273,27.3%,-,-,-,76,3.000,0.6,1120%,0.5,5,1,3,3,0,6.0,5,0.0%,NA,NA,NA,NA,NA,NA,NA,NA,NA,0.0%,NA,NA,vs LAC,14,·,22.6,-10.0
4,9509,Bijan Robinson,RB,24.7,ATL,5,5,27.70,27.2,1,1,57,34,0,0.0%,0,0,0,0,0,0,0.00,145,0,0,0,0.00,0.00,1,1,0,0,0,2,1,2,2.0,1.0,19,0,4,147,2,145,7.63,59.6%,147,147.0,2,6,21,28.6%,6.0,-,-,19,125,9,6.60,0.474,6,0.316,1.134,-,-,145.0,3.0,15.8%,67.0,3.53,6.0,1.0,10,0.20,0.000,0.200,10.0%,-,-,-,2,0.000,0.0,NA,NA,1,NA,NA,NA,NA,2.0,1,0.0%,NA,NA,NA,NA,NA,NA,NA,NA,NA,0.0%,NA,NA,@ NO,7,·,22.3,5.4
4,7564,Ja'Marr Chase,WR,26.6,CIN,69,71,5.70,4.2,1,1,76,15,0,0.0%,0,0,0,0,0,0,0.00,0,0,0,0,0.00,0.00,3,12,0,1,0,3,15,27,9.0,9.0,0,0,0,27,0,0,0,19.7%,27,27.0,0,1,3,33.3%,1.0,-,-,0,NA,NA,NA,NA,0,NA,NA,-,-,0.0,NA,NA,NA,NA,NA,NA,9,3.00,0.111,0.333,5.6%,-,-,-,27,1.000,0.3,410%,0.0,5,0,1,1,0,3.0,3,0.0%,NA,NA,NA,NA,NA,NA,NA,NA,NA,0.0%,NA,NA,vs JAX,19,·,18.8,-13.1
4,11604,Brock Bowers,TE,23.8,LV,3,3,20.60,17.6,1,1,84,69,0,0.0%,0,0,0,0,0,0,0.00,0,0,0,0,0.00,0.00,6,73,0,4,1,11,13,86,14.3,7.8,0,0,0,86,0,0,0,82.1%,86,86.0,1,5,11,45.5%,5.0,-,-,0,NA,NA,NA,NA,0,NA,NA,-,-,0.0,NA,NA,NA,NA,NA,NA,44,1.95,0.091,0.250,21.2%,-,-,-,86,5.000,0.8,1250%,0.3,2,1,8,2,1,11.0,6,0.0%,NA,NA,NA,NA,NA,NA,NA,NA,NA,0.0%,NA,NA,vs KC,15,·,15.3,5.3
4,7547,Amon-Ra St. Brown,WR,26.9,DET,20,29,15.50,11.5,1,1,71,68,0,0.0%,0,0,0,0,0,0,0.00,0,0,0,0,0.00,0.00,8,67,0,4,0,11,8,75,9.4,6.8,0,0,0,75,0,0,0,95.8%,75,75.0,0,4,11,36.4%,4.0,-,-,0,NA,NA,NA,NA,0,NA,NA,-,-,0.0,NA,NA,NA,NA,NA,NA,53,1.42,0.075,0.208,21.2%,-,-,-,75,4.000,0.5,940%,0.2,1,3,4,7,1,11.0,8,0.0%,NA,NA,NA,NA,NA,NA,NA,NA,NA,0.0%,NA,NA,@ CAR,31,·,18.6,-3.1
4,9493,Puka Nacua,WR,25.4,LAR,5,5,27.70,23.2,1,1,84,76,0,0.0%,0,0,0,0,0,0,0.00,2,0,0,0,0.00,0.00,9,84,0,5,0,12,41,125,13.9,10.4,1,0,0,127,1,2,2,90.5%,127,127.0,1,6,13,46.2%,6.0,-,-,1,NA,NA,NA,NA,1,1.000,NA,-,-,2.0,NA,NA,NA,NA,NA,NA,49,2.55,0.102,0.245,23.5%,-,-,-,125,5.000,0.6,1100%,0.3,5,0,4,6,0,12.0,9,0.0%,NA,NA,NA,NA,NA,NA,NA,NA,NA,0.0%,NA,NA,@ PHI,8,·,19.1,8.6
4,4881,Lamar Jackson,QB,29.7,BAL,11,11,18.88,18.88,1,1,64,33,0,75.0%,140,20,15,8,5,0,144.20,242,2,2,222,11.10,14.80,0,0,0,0,0,0,0,0,0.0,0.0,2,1,0,20,0,20,10,51.6%,242,242.0,2,10,22,45.5%,10.0,-,-,2,NA,NA,NA,NA,0,0.000,NA,-,-,20.0,1.0,50.0%,NA,NA,NA,NA,NA,NA,NA,NA,NA,-,-,-,0,0.000,NA,NA,NA,NA,NA,NA,NA,NA,0.0,0,1000.0%,0.5,301%,15%,0.292,10.6,2400.0%,+0.10,+10.20,0.4,22200.0%,20.8%,1,vs TEN,31,·,21.7,-2.9
4,11560,Caleb Williams,QB,24.9,CHI,0,0,0.00,0,0,0,0,0,0,0.0%,0,0,0,0,0,0,0.00,0,0,0,0,0.00,0.00,0,0,0,0,0,0,0,0,0.0,0.0,0,0,0,0,0,0,0,-,0,0.0,0,0,0,NA,0.0,-,-,NA,NA,NA,NA,NA,0,NA,NA,-,-,0.0,NA,NA,NA,NA,NA,NA,NA,NA,NA,NA,NA,-,-,-,0,0.000,NA,NA,NA,NA,NA,NA,NA,NA,NA,NA,0.0%,NA,NA,NA,NA,NA,NA,NA,NA,NA,0.0%,NA,NA,vs NYJ,24,OUT,OUT,NA
4,8130,Trey McBride,TE,26.9,ARI,19,22,10.10,6.6,1,1,66,64,0,0.0%,0,0,0,0,0,0,0.00,0,0,0,0,0.00,0.00,7,16,0,0,0,12,15,31,4.4,2.6,0,0,0,31,0,0,0,97.0%,31,31.0,0,0,12,0.0%,0.0,-,-,0,NA,NA,NA,NA,0,NA,NA,-,-,0.0,NA,NA,NA,NA,NA,NA,36,0.86,0.000,0.333,34.3%,-,-,-,31,0.000,0.0,550%,0.3,2,1,2,6,0,12.0,7,0.0%,NA,NA,NA,NA,NA,NA,NA,NA,NA,0.0%,NA,NA,@ NYG,19,·,17.5,-7.4
4,12527,Ashton Jeanty,RB,22.8,LV,14,15,18.60,15.6,1,1,84,56,0,0.0%,0,0,0,0,0,0,0.00,58,0,0,0,0.00,0.00,6,8,0,3,0,8,60,68,11.3,8.5,15,1,3,126,0,58,3.87,66.7%,126,126.0,0,6,23,26.1%,6.0,-,-,15,63,3,4.20,0.200,3,0.200,0.620,-,-,58.0,1.0,6.7%,7.0,0.47,0.0,0.0,27,2.52,0.111,0.296,15.4%,-,-,-,68,3.000,0.5,NA,NA,10,NA,NA,NA,NA,8.0,6,0.0%,NA,NA,NA,NA,NA,NA,NA,NA,NA,0.0%,NA,NA,vs KC,19,·,15.5,3.1
4,13287,Jeremiyah Love,RB,21.3,ARI,41,42,6.50,6,1,1,66,30,0,0.0%,0,0,0,0,0,0,0.00,63,0,0,0,0.00,0.00,1,-7,0,0,0,1,-1,-8,-8.0,-8.0,14,0,3,55,0,63,4.5,45.5%,55,55.0,0,3,15,20.0%,3.0,-,-,14,46,3,3.30,0.214,3,0.214,0.544,-,-,63.0,1.0,7.1%,2.0,0.14,1.0,0.0,8,-1.00,0.000,0.125,2.9%,-,-,-,-8,0.000,0.0,NA,NA,-1,NA,NA,NA,NA,1.0,1,0.0%,NA,NA,NA,NA,NA,NA,NA,NA,NA,0.0%,NA,NA,@ NYG,10,·,15.9,-9.4
4,6786,CeeDee Lamb,WR,27.5,DAL,2,2,41.30,32.8,1,1,78,67,0,0.0%,0,0,0,0,0,0,0.00,-6,0,0,0,0.00,0.00,17,119,1,10,1,21,70,189,11.1,9.0,1,0,0,183,0,-6,-6,85.9%,183,183.0,1,11,22,50.0%,11.0,-,-,1,NA,NA,NA,NA,0,0.000,NA,-,-,-6.0,NA,NA,NA,NA,NA,NA,45,4.20,0.222,0.467,46.7%,-,-,-,189,11.000,0.6,800%,0.6,4,3,7,12,2,21.0,17,0.0%,NA,NA,NA,NA,NA,NA,NA,NA,NA,0.0%,NA,NA,@ HOU,3,·,17.4,23.9
4,6794,Justin Jefferson,WR,27.3,MIN,999,999,0.00,0,0,0,78,0,0,0.0%,0,0,0,0,0,0,0.00,0,0,0,0,0.00,0.00,0,0,0,0,0,0,0,0,0.0,0.0,0,0,0,0,0,0,0,0.0%,0,0.0,0,0,0,NA,0.0,-,-,NA,NA,NA,NA,NA,0,NA,NA,-,-,0.0,NA,NA,NA,NA,NA,NA,NA,NA,NA,NA,NA,-,-,-,0,0.000,NA,NA,NA,NA,NA,NA,NA,NA,NA,NA,0.0%,NA,NA,NA,NA,NA,NA,NA,NA,NA,0.0%,NA,NA,vs MIA,28,OUT,OUT,NA
4,8151,Kenneth Walker III,RB,26.0,KC,3,2,30.90,30.4,1,1,60,45,0,0.0%,0,0,0,0,0,0,0.00,177,0,0,0,0.00,0.00,1,-5,0,0,0,1,7,2,2.0,2.0,22,2,4,179,2,177,8.05,75.0%,179,179.0,2,6,23,26.1%,6.0,-,-,22,150,3,6.80,0.136,6,0.273,0.816,-,-,177.0,4.0,18.2%,71.0,3.23,4.0,4.0,12,0.17,0.000,0.083,3.3%,-,-,-,2,0.000,0.0,NA,NA,7,NA,NA,NA,NA,1.0,1,0.0%,NA,NA,NA,NA,NA,NA,NA,NA,NA,0.0%,NA,NA,@ LV,23,·,19.8,11.1
4,6770,Joe Burrow,QB,29.8,CIN,2,2,25.72,25.72,1,1,76,76,1,72.2%,279,54,39,20,15,2,86.00,434,2,1,428,7.93,10.97,0,0,0,0,0,0,0,0,0.0,0.0,3,0,1,6,1,6,2,100.0%,434,434.0,2,23,57,40.4%,23.0,-,-,3,NA,NA,NA,NA,2,0.667,NA,-,-,6.0,0.0,0.0%,NA,NA,NA,NA,NA,NA,NA,NA,NA,-,-,-,0,0.000,NA,NA,NA,NA,NA,NA,NA,NA,0.0,0,2100.0%,0.3888888889,264%,9.3%,0.345,8.8,5800.0%,+0.08,+5.20,0.1,42800.0%,19.0%,1,vs JAX,30,·,19.6,6.1
4,8183,Brock Purdy,QB,26.8,SF,9,9,19.62,19.62,1,1,66,66,0,63.3%,98,30,19,6,11,0,107.40,247,0,2,218,7.27,11.47,0,0,0,0,0,0,0,0,0.0,0.0,10,0,3,29,0,29,2.9,100.0%,247,247.0,2,11,40,27.5%,11.0,-,-,10,NA,NA,NA,NA,3,0.300,NA,-,-,29.0,1.0,10.0%,NA,NA,NA,NA,NA,NA,NA,NA,NA,-,-,-,0,0.000,NA,NA,NA,NA,NA,NA,NA,NA,0.0,0,800.0%,0.2666666667,296%,13.3%,0.273,8.5,3300.0%,-0.05,+8.30,0.3,21800.0%,36.4%,0,vs DEN,17,·,20.2,-0.6
4,8112,Drake London,WR,25.2,ATL,24,24,14.60,12.1,1,1,57,51,0,0.0%,0,0,0,0,0,0,0.00,0,0,0,0,0.00,0.00,5,49,0,5,0,6,47,96,19.2,16.0,0,0,0,96,0,0,0,89.5%,96,96.0,0,5,6,83.3%,5.0,-,-,0,NA,NA,NA,NA,0,NA,NA,-,-,0.0,NA,NA,NA,NA,NA,NA,21,4.57,0.238,0.286,30.0%,-,-,-,96,5.000,1.0,1070%,0.5,9,0,4,2,0,6.0,5,0.0%,NA,NA,NA,NA,NA,NA,NA,NA,NA,0.0%,NA,NA,@ NO,21,·,16.2,-1.6
4,8144,Chris Olave,WR,26.3,NO,12,13,19.60,15.6,1,1,74,64,0,0.0%,0,0,0,0,0,0,0.00,0,0,0,0,0.00,0.00,8,91,0,5,0,12,25,116,14.5,9.7,0,0,0,116,0,0,0,86.5%,116,116.0,0,5,12,41.7%,5.0,-,-,0,NA,NA,NA,NA,0,NA,NA,-,-,0.0,NA,NA,NA,NA,NA,NA,46,2.52,0.109,0.261,25.0%,-,-,-,116,5.000,0.6,1500%,0.4,3,1,8,5,0,12.0,8,0.0%,NA,NA,NA,NA,NA,NA,NA,NA,NA,0.0%,NA,NA,vs ATL,7,·,19.1,0.5
4,7523,Trevor Lawrence,QB,27.0,JAX,23,23,13.08,13.08,1,1,61,61,0,78.3%,88,23,18,10,5,0,122.30,227,4,1,227,9.87,12.61,0,0,0,0,0,0,0,0,0.0,0.0,3,0,1,0,0,0,0,100.0%,227,227.0,1,12,26,46.2%,12.0,-,-,3,NA,NA,NA,NA,1,0.333,NA,-,-,0.0,0.0,0.0%,NA,NA,NA,NA,NA,NA,NA,NA,NA,-,-,-,0,0.000,NA,NA,NA,NA,NA,NA,NA,NA,0.0,0,1100.0%,0.4782608696,248%,8.7%,0.296,7.8,2700.0%,+0.06,+9.10,0.3,22700.0%,29.6%,1,@ CIN,19,·,20.5,-7.4
4,6813,Jonathan Taylor,RB,27.7,IND,10,9,22.70,22.2,1,1,66,47,0,0.0%,0,0,0,0,0,0,0.00,95,0,0,0,0.00,0.00,1,1,0,0,0,4,1,2,2.0,0.5,20,1,4,97,2,95,4.75,71.2%,97,97.0,2,6,24,25.0%,6.0,-,-,20,64,3,3.20,0.150,6,0.300,0.470,-,-,95.0,3.0,15.0%,2.0,0.10,4.0,1.0,18,0.11,0.000,0.222,11.8%,-,-,-,2,0.000,0.0,NA,NA,1,NA,NA,NA,NA,4.0,1,0.0%,NA,NA,NA,NA,NA,NA,NA,NA,NA,0.0%,NA,NA,@ WAS,32,·,21.6,1.1
4,4046,Patrick Mahomes,QB,31.0,KC,13,13,17.00,17,1,1,60,60,0,50.0%,111,30,15,7,15,0,97.20,225,2,2,225,7.50,15.00,0,0,0,0,0,0,0,0,0.0,0.0,2,0,1,0,0,0,0,100.0%,225,225.0,2,10,32,31.3%,10.0,-,-,2,NA,NA,NA,NA,1,0.500,NA,-,-,0.0,0.0,0.0%,NA,NA,NA,NA,NA,NA,NA,NA,NA,-,-,-,0,0.000,NA,NA,NA,NA,NA,NA,NA,NA,0.0,0,900.0%,0.3,304%,20%,0.394,11.3,3300.0%,-0.06,+1.20,0.0,22500.0%,24.2%,1,@ LV,18,·,21.2,-4.2
4,11632,Malik Nabers,WR,23.2,NYG,10,10,23.20,20.2,1,1,67,51,0,0.0%,0,0,0,0,0,0,0.00,0,0,0,0,0.00,0.00,6,105,0,3,1,7,7,112,18.7,16.0,0,0,0,112,0,0,0,76.1%,112,112.0,1,4,7,57.1%,4.0,-,-,0,NA,NA,NA,NA,0,NA,NA,-,-,0.0,NA,NA,NA,NA,NA,NA,30,3.73,0.100,0.233,24.1%,-,-,-,112,4.000,0.7,1660%,0.4,1,0,4,4,0,7.0,6,0.0%,NA,NA,NA,NA,NA,NA,NA,NA,NA,0.0%,NA,NA,vs ARI,2,·,13.9,9.3
4,8138,James Cook,RB,27.0,BUF,19,16,16.30,15.3,1,1,59,35,0,0.0%,0,0,0,0,0,0,0.00,75,0,0,0,0.00,0.00,2,-3,0,0,0,2,11,8,4.0,4.0,12,2,3,83,1,75,6.25,59.3%,83,83.0,1,4,14,28.6%,4.0,-,-,12,61,4,5.10,0.333,4,0.333,0.843,-,-,75.0,3.0,25.0%,33.0,2.75,4.0,2.0,12,0.67,0.000,0.167,6.1%,-,-,-,8,0.000,0.0,NA,NA,6,NA,NA,NA,NA,2.0,2,0.0%,NA,NA,NA,NA,NA,NA,NA,NA,NA,0.0%,NA,NA,vs NE,17,·,17.3,-1.0
4,11564,Drake Maye,QB,24.1,NE,1,1,27.16,27.16,1,1,76,76,3,59.5%,204,37,22,12,15,1,97.70,323,1,3,269,7.27,12.23,0,0,0,0,0,0,0,0,0.0,0.0,8,0,4,54,0,54,6.75,100.0%,323,323.0,3,19,45,42.2%,19.0,-,-,8,NA,NA,NA,NA,4,0.500,NA,-,-,54.0,3.0,37.5%,NA,NA,NA,NA,NA,NA,NA,NA,NA,-,-,-,0,0.000,NA,NA,NA,NA,NA,NA,NA,NA,0.0,0,1500.0%,0.4054054054,305%,16.2%,0.429,10.4,4200.0%,-0.02,+11.40,0.3,26900.0%,38.1%,1,@ BUF,9,·,17.8,9.4
4,8146,Garrett Wilson,WR,26.2,NYJ,70,72,5.70,4.2,1,1,32,32,0,0.0%,0,0,0,0,0,0,0.00,0,0,0,0,0.00,0.00,3,25,0,1,0,4,2,27,9.0,6.8,0,0,0,27,0,0,0,100.0%,27,27.0,0,1,4,25.0%,1.0,-,-,0,NA,NA,NA,NA,0,NA,NA,-,-,0.0,NA,NA,NA,NA,NA,NA,18,1.50,0.056,0.222,26.7%,-,-,-,27,1.000,0.3,770%,0.3,1,0,1,2,0,4.0,3,0.0%,NA,NA,NA,NA,NA,NA,NA,NA,NA,0.0%,NA,NA,@ CHI,27,·,18.7,-13.0
4,9997,Zay Flowers,WR,26.1,BAL,7,6,25.80,21.8,1,1,64,47,0,0.0%,0,0,0,0,0,0,0.00,0,0,0,0,0.00,0.00,8,70,2,3,1,10,48,118,14.8,11.8,0,0,0,118,0,0,0,73.4%,118,118.0,1,4,10,40.0%,4.0,-,-,0,NA,NA,NA,NA,0,NA,NA,-,-,0.0,NA,NA,NA,NA,NA,NA,30,3.93,0.100,0.333,34.5%,-,-,-,118,4.000,0.5,740%,0.3,6,2,2,4,0,10.0,8,0.0%,NA,NA,NA,NA,NA,NA,NA,NA,NA,0.0%,NA,NA,vs TEN,16,Q,15.0,10.9
4,12545,Tyler Shough,QB,27.0,NO,15,15,15.94,15.94,1,1,74,74,0,62.5%,190,48,30,12,18,0,85.90,291,2,1,286,5.96,9.53,0,0,0,0,0,0,0,0,0.0,0.0,2,0,1,5,0,5,2.5,100.0%,291,291.0,1,14,50,28.0%,14.0,-,-,2,NA,NA,NA,NA,1,0.500,NA,-,-,5.0,0.0,0.0%,NA,NA,NA,NA,NA,NA,NA,NA,NA,-,-,-,0,0.000,NA,NA,NA,NA,NA,NA,NA,NA,0.0,0,1300.0%,0.2708333333,292%,18.8%,0.49,10.2,5100.0%,+0.02,+0.40,0.0,28600.0%,23.5%,1,vs ATL,12,·,18.6,-2.6
4,8137,George Pickens,WR,25.6,DAL,45,44,9.50,8.5,1,1,78,67,0,0.0%,0,0,0,0,0,0,0.00,0,0,0,0,0.00,0.00,2,70,0,2,0,3,5,75,37.5,25.0,0,0,0,75,0,0,0,85.9%,75,75.0,0,2,3,66.7%,2.0,-,-,0,NA,NA,NA,NA,0,NA,NA,-,-,0.0,NA,NA,NA,NA,NA,NA,39,1.92,0.051,0.077,6.7%,-,-,-,75,2.000,1.0,2400%,0.3,3,0,2,0,0,3.0,2,0.0%,NA,NA,NA,NA,NA,NA,NA,NA,NA,0.0%,NA,NA,@ HOU,3,·,14.7,-5.2
4,9487,Parker Washington,WR,24.5,JAX,94,94,2.00,1.5,1,1,61,49,0,0.0%,0,0,0,0,0,0,0.00,3,0,0,0,0.00,0.00,1,0,0,0,0,3,7,7,7.0,2.3,1,0,0,10,0,3,3,80.3%,10,10.0,0,0,4,0.0%,0.0,-,-,1,NA,NA,NA,NA,0,0.000,NA,-,-,3.0,NA,NA,NA,NA,NA,NA,23,0.30,0.000,0.130,13.0%,-,-,-,7,0.000,0.0,1230%,0.2,7,1,1,1,0,3.0,1,0.0%,NA,NA,NA,NA,NA,NA,NA,NA,NA,0.0%,NA,NA,@ CIN,18,·,17.2,-15.2
4,11566,Jayden Daniels,QB,25.8,WAS,0,0,0.00,0,0,0,0,0,0,0.0%,0,0,0,0,0,0,0.00,0,0,0,0,0.00,0.00,0,0,0,0,0,0,0,0,0.0,0.0,0,0,0,0,0,0,0,-,0,0.0,0,0,0,NA,0.0,-,-,NA,NA,NA,NA,NA,0,NA,NA,-,-,0.0,NA,NA,NA,NA,NA,NA,NA,NA,NA,NA,NA,-,-,-,0,0.000,NA,NA,NA,NA,NA,NA,NA,NA,NA,NA,0.0%,NA,NA,NA,NA,NA,NA,NA,NA,NA,0.0%,NA,NA,vs IND,5,OUT,OUT,NA
4,12526,Tetairoa McMillan,WR,23.5,CAR,1,1,45.20,38.2,1,1,75,67,1,0.0%,0,0,0,0,0,0,0.00,0,0,0,0,0.00,0.00,14,127,0,6,2,16,65,192,13.7,12.0,0,0,0,192,0,0,0,89.3%,192,192.0,2,8,16,50.0%,8.0,-,-,0,NA,NA,NA,NA,0,NA,NA,-,-,0.0,NA,NA,NA,NA,NA,NA,40,4.80,0.150,0.400,39.0%,-,-,-,192,8.000,0.6,910%,0.5,5,1,7,10,0,16.0,14,0.0%,NA,NA,NA,NA,NA,NA,NA,NA,NA,0.0%,NA,NA,vs DET,4,·,14.9,30.4
4,6904,Jalen Hurts,QB,28.2,PHI,20,20,13.52,13.52,1,1,61,61,1,44.4%,71,27,12,3,15,0,78.20,111,4,2,93,3.44,7.75,0,0,0,0,0,0,0,0,0.0,0.0,5,0,1,18,0,18,3.6,100.0%,111,111.0,2,6,32,18.8%,6.0,-,-,5,NA,NA,NA,NA,1,0.200,NA,-,-,18.0,1.0,20.0%,NA,NA,NA,NA,NA,NA,NA,NA,NA,-,-,-,0,0.000,NA,NA,NA,NA,NA,NA,NA,NA,0.0,0,500.0%,0.1851851852,308%,11.1%,0.576,8.3,3300.0%,-0.11,-13.50,-0.4,9300.0%,60.6%,1,vs LAR,20,·,16.5,-3.0
4,9224,Chase Brown,RB,26.5,CIN,13,22,19.10,13.6,1,1,76,60,0,0.0%,0,0,0,0,0,0,0.00,10,0,0,0,0.00,0.00,11,8,0,2,0,11,63,71,6.5,6.5,9,0,0,81,0,10,1.11,78.9%,81,81.0,0,2,20,10.0%,2.0,-,-,9,11,1,1.20,0.111,0,0.000,0.231,-,-,10.0,0.0,0.0%,-21.0,-2.33,1.0,0.0,37,1.92,0.054,0.297,20.4%,-,-,-,71,2.000,0.2,NA,NA,6,NA,NA,NA,NA,11.0,11,0.0%,NA,NA,NA,NA,NA,NA,NA,NA,NA,0.0%,NA,NA,vs JAX,26,·,17.4,1.7
4,7569,Nico Collins,WR,27.5,HOU,3,3,30.80,27.3,1,1,55,38,0,0.0%,0,0,0,0,0,0,0.00,0,0,0,0,0.00,0.00,7,80,0,3,2,8,38,118,16.9,14.8,0,0,0,118,0,0,0,69.1%,118,118.0,2,5,8,62.5%,5.0,-,-,0,NA,NA,NA,NA,0,NA,NA,-,-,0.0,NA,NA,NA,NA,NA,NA,27,4.37,0.111,0.296,25.8%,-,-,-,118,5.000,0.7,1510%,0.3,5,1,7,2,2,8.0,7,0.0%,NA,NA,NA,NA,NA,NA,NA,NA,NA,0.0%,NA,NA,vs DAL,20,·,18.6,12.2
4,12518,Tyler Warren,TE,24.4,IND,21,21,9.10,6.6,1,1,66,56,0,0.0%,0,0,0,0,0,0,0.00,0,0,0,0,0.00,0.00,5,21,0,2,0,5,20,41,8.2,8.2,0,0,0,41,0,0,0,84.8%,41,41.0,0,2,5,40.0%,2.0,-,-,0,NA,NA,NA,NA,0,NA,NA,-,-,0.0,NA,NA,NA,NA,NA,NA,25,1.64,0.080,0.200,14.7%,-,-,-,41,2.000,0.4,360%,0.1,4,0,1,3,0,5.0,5,0.0%,NA,NA,NA,NA,NA,NA,NA,NA,NA,0.0%,NA,NA,@ WAS,2,·,12.6,-3.5
4,12507,Omarion Hampton,RB,23.6,LAC,23,23,13.30,12.3,1,0,71,25,0,0.0%,0,0,0,0,0,0,0.00,45,0,0,0,0.00,0.00,2,2,0,0,0,2,6,8,4.0,4.0,9,0,3,53,1,45,5,35.2%,53,53.0,1,4,11,36.4%,4.0,-,-,9,30,2,3.30,0.222,4,0.444,0.552,-,-,45.0,2.0,22.2%,15.0,1.67,3.0,2.0,9,0.89,0.000,0.222,6.3%,-,-,-,8,0.000,0.0,NA,NA,3,NA,NA,NA,NA,2.0,2,0.0%,NA,NA,NA,NA,NA,NA,NA,NA,NA,0.0%,NA,NA,@ SEA,28,·,10.7,2.6
4,4034,Christian McCaffrey,RB,30.3,SF,20,19,16.00,14.5,1,1,66,49,0,0.0%,0,0,0,0,0,0,0.00,52,0,0,0,0.00,0.00,3,12,0,0,0,5,6,18,6.0,3.6,15,0,3,70,1,52,3.47,74.2%,70,70.0,1,4,20,20.0%,4.0,-,-,15,45,5,3.00,0.333,4,0.267,0.633,-,-,52.0,3.0,20.0%,7.0,0.47,4.0,3.0,21,0.86,0.000,0.238,16.7%,-,-,-,18,0.000,0.0,NA,NA,2,NA,NA,NA,NA,5.0,3,0.0%,NA,NA,NA,NA,NA,NA,NA,NA,NA,0.0%,NA,NA,vs DEN,5,·,18.8,-2.8
4,7525,DeVonta Smith,WR,27.9,PHI,0,0,0.00,0,0,0,0,0,0,0.0%,0,0,0,0,0,0,0.00,0,0,0,0,0.00,0.00,0,0,0,0,0,0,0,0,0.0,0.0,0,0,0,0,0,0,0,-,0,0.0,0,0,0,NA,0.0,-,-,NA,NA,NA,NA,NA,0,NA,NA,-,-,0.0,NA,NA,NA,NA,NA,NA,NA,NA,NA,NA,NA,-,-,-,0,0.000,NA,NA,NA,NA,NA,NA,NA,NA,NA,NA,0.0%,NA,NA,NA,NA,NA,NA,NA,NA,NA,0.0%,NA,NA,vs LAR,17,OUT,OUT,NA
4,8155,Breece Hall,RB,25.3,NYJ,0,0,0.00,0,0,0,0,0,0,0.0%,0,0,0,0,0,0,0.00,0,0,0,0,0.00,0.00,0,0,0,0,0,0,0,0,0.0,0.0,0,0,0,0,0,0,0,-,0,0.0,0,0,0,NA,0.0,-,-,NA,NA,NA,NA,NA,0,NA,NA,-,-,0.0,NA,NA,NA,NA,NA,NA,NA,NA,NA,NA,NA,-,-,-,0,0.000,NA,NA,NA,NA,NA,NA,NA,NA,NA,NA,0.0%,NA,NA,NA,NA,NA,NA,NA,NA,NA,0.0%,NA,NA,@ CHI,16,OUT,OUT,NA
4,9226,De'Von Achane,RB,25.0,MIA,999,999,0.00,0,0,0,0,0,0,0.0%,0,0,0,0,0,0,0.00,0,0,0,0,0.00,0.00,0,0,0,0,0,0,0,0,0.0,0.0,0,0,0,0,0,0,0,-,0,0.0,0,0,0,NA,0.0,-,-,NA,NA,NA,NA,NA,0,NA,NA,-,-,0.0,NA,NA,NA,NA,NA,NA,NA,NA,NA,NA,NA,-,-,-,0,0.000,NA,NA,NA,NA,NA,NA,NA,NA,NA,NA,0.0%,NA,NA,NA,NA,NA,NA,NA,NA,NA,0.0%,NA,NA,@ MIN,29,IR,IR,NA
4,12508,Jaxson Dart,QB,23.4,NYG,999,999,0.00,0,0,0,0,0,0,0.0%,0,0,0,0,0,0,0.00,0,0,0,0,0.00,0.00,0,0,0,0,0,0,0,0,0.0,0.0,0,0,0,0,0,0,0,-,0,0.0,0,0,0,NA,0.0,-,-,NA,NA,NA,NA,NA,0,NA,NA,-,-,0.0,NA,NA,NA,NA,NA,NA,NA,NA,NA,NA,NA,-,-,-,0,0.000,NA,NA,NA,NA,NA,NA,NA,NA,NA,NA,0.0%,NA,NA,NA,NA,NA,NA,NA,NA,NA,0.0%,NA,NA,vs ARI,4,IR,IR,NA
4,11563,Bo Nix,QB,26.6,DEN,19,19,13.56,13.56,1,1,65,65,0,59.5%,34,42,25,9,17,0,80.90,224,0,1,214,5.10,8.56,0,0,0,0,0,0,0,0,0.0,0.0,2,0,1,10,0,10,5,100.0%,224,224.0,1,11,44,25.0%,11.0,-,-,2,NA,NA,NA,NA,1,0.500,NA,-,-,10.0,0.0,0.0%,NA,NA,NA,NA,NA,NA,NA,NA,NA,-,-,-,0,0.000,NA,NA,NA,NA,NA,NA,NA,NA,0.0,0,1000.0%,0.2380952381,302%,7.1%,0.295,4.6,4400.0%,-0.09,+2.90,0.1,21400.0%,29.5%,1,@ SF,25,·,18.5,-4.9
4,12514,Emeka Egbuka,WR,24.0,TB,81,83,3.30,2.3,1,1,64,59,0,0.0%,0,0,0,0,0,0,0.00,0,0,0,0,0.00,0.00,2,-9,0,1,0,4,22,13,6.5,3.3,0,0,0,13,0,0,0,92.2%,13,13.0,0,1,4,25.0%,1.0,-,-,0,NA,NA,NA,NA,0,NA,NA,-,-,0.0,NA,NA,NA,NA,NA,NA,31,0.42,0.032,0.129,14.8%,-,-,-,13,1.000,0.5,590%,0.2,11,1,2,3,1,4.0,2,0.0%,NA,NA,NA,NA,NA,NA,NA,NA,NA,0.0%,NA,NA,vs GB,9,·,10.3,-7.0
4,11635,Ladd McConkey,WR,24.9,LAC,999,999,0.00,0,1,0,71,24,0,0.0%,0,0,0,0,0,0,0.00,0,0,0,0,0.00,0.00,0,0,1,0,0,2,0,0,0.0,0.0,0,0,0,0,0,0,0,33.8%,0,0.0,0,0,2,0.0%,0.0,-,-,0,NA,NA,NA,NA,0,NA,NA,-,-,0.0,NA,NA,NA,NA,NA,NA,14,0.00,0.000,0.143,6.3%,-,-,-,0,0.000,NA,1030%,0.1,NA,0,1,1,0,2.0,0,0.0%,NA,NA,NA,NA,NA,NA,NA,NA,NA,0.0%,NA,NA,@ SEA,29,Q,12.3,-12.3
4,6797,Justin Herbert,QB,28.6,LAC,27,27,11.56,11.56,1,1,71,71,1,61.3%,122,31,19,8,12,2,62.40,229,4,1,189,6.10,9.95,0,0,0,0,0,1,0,0,0.0,0.0,6,0,1,40,0,40,6.67,100.0%,229,229.0,1,10,38,26.3%,10.0,-,-,6,NA,NA,NA,NA,1,0.167,NA,-,-,40.0,1.0,16.7%,NA,NA,NA,NA,NA,NA,NA,NA,NA,-,-,-,0,0.000,NA,NA,NA,NA,NA,NA,NA,NA,1.0,0,900.0%,0.2903225806,266%,12.9%,0.55,7.5,4000.0%,-0.03,-9.80,-0.3,18900.0%,20.0%,1,@ SEA,27,·,14.3,-2.7
4,3294,Dak Prescott,QB,33.2,DAL,12,12,18.10,18.1,1,1,78,78,0,71.1%,205,45,32,16,13,0,99.80,342,3,1,335,7.44,10.47,0,0,0,0,0,0,0,0,0.0,0.0,2,0,0,7,0,7,3.5,100.0%,342,342.0,1,17,47,36.2%,17.0,-,-,2,NA,NA,NA,NA,0,0.000,NA,-,-,7.0,0.0,0.0%,NA,NA,NA,NA,NA,NA,NA,NA,NA,-,-,-,0,0.000,NA,NA,NA,NA,NA,NA,NA,NA,0.0,0,1700.0%,0.3777777778,283%,2.2%,0.26,6.7,5000.0%,+0.05,+5.60,0.1,33500.0%,14.0%,1,@ HOU,8,·,18.3,-0.2
4,9228,Bryce Young,QB,25.2,CAR,6,6,21.46,21.46,1,1,75,75,0,70.7%,217,41,29,15,12,0,110.70,332,3,2,329,8.02,11.34,0,0,0,0,0,0,0,0,0.0,0.0,3,0,1,3,0,3,1,100.0%,332,332.0,2,18,44,40.9%,18.0,-,-,3,NA,NA,NA,NA,1,0.333,NA,-,-,3.0,0.0,0.0%,NA,NA,NA,NA,NA,NA,NA,NA,NA,-,-,-,0,0.000,NA,NA,NA,NA,NA,NA,NA,NA,0.0,0,1700.0%,0.4146341463,267%,2.4%,0.4,8,4500.0%,+0.09,+20.80,0.5,32900.0%,26.7%,1,vs DET,1,·,18.9,2.6
4,13269,Fernando Mendoza,QB,23.0,LV,999,999,0.00,0,0,0,84,0,0,0.0%,0,0,0,0,0,0,0.00,0,0,0,0,0.00,0.00,0,0,0,0,0,0,0,0,0.0,0.0,0,0,0,0,0,0,0,0.0%,0,0.0,0,0,0,NA,0.0,-,-,NA,NA,NA,NA,NA,0,NA,NA,-,-,0.0,NA,NA,NA,NA,NA,NA,NA,NA,NA,NA,NA,-,-,-,0,0.000,NA,NA,NA,NA,NA,NA,NA,NA,NA,NA,0.0%,NA,NA,NA,NA,NA,NA,NA,NA,NA,0.0%,NA,NA,vs KC,32,·,·,NA
4,12517,Colston Loveland,TE,22.5,CHI,15,18,11.70,8.7,1,1,93,86,0,0.0%,0,0,0,0,0,0,0.00,0,0,0,0,0.00,0.00,6,34,0,4,0,9,23,57,9.5,6.3,0,0,0,57,0,0,0,92.5%,57,57.0,0,4,9,44.4%,4.0,-,-,0,NA,NA,NA,NA,0,NA,NA,-,-,0.0,NA,NA,NA,NA,NA,NA,25,2.28,0.160,0.360,26.5%,-,-,-,57,4.000,0.7,640%,0.3,4,3,2,4,0,9.0,6,0.0%,NA,NA,NA,NA,NA,NA,NA,NA,NA,0.0%,NA,NA,vs NYJ,31,·,9.9,1.8
4,12519,Luther Burden,WR,22.8,CHI,40,40,11.40,9.4,1,0,93,52,0,0.0%,0,0,0,0,0,0,0.00,11,0,0,0,0.00,0.00,4,45,0,3,0,6,18,63,15.8,10.5,1,0,1,74,0,11,11,55.9%,74,74.0,0,4,7,57.1%,4.0,-,-,1,NA,NA,NA,NA,1,1.000,NA,-,-,11.0,NA,NA,NA,NA,NA,NA,24,2.63,0.125,0.250,17.6%,-,-,-,63,3.000,0.8,1020%,0.3,5,0,4,1,0,6.0,4,0.0%,NA,NA,NA,NA,NA,NA,NA,NA,NA,0.0%,NA,NA,vs NYJ,25,·,12.2,-0.8
4,8167,Christian Watson,WR,27.4,GB,55,55,7.70,6.2,1,1,60,41,0,0.0%,0,0,0,0,0,0,0.00,0,0,0,0,0.00,0.00,3,23,0,2,0,3,24,47,15.7,15.7,0,0,0,47,0,0,0,68.3%,47,47.0,0,2,3,66.7%,2.0,-,-,0,NA,NA,NA,NA,0,NA,NA,-,-,0.0,NA,NA,NA,NA,NA,NA,20,2.35,0.100,0.150,10.0%,-,-,-,47,2.000,0.7,740%,0.1,8,1,1,3,0,3.0,3,0.0%,NA,NA,NA,NA,NA,NA,NA,NA,NA,0.0%,NA,NA,@ TB,24,·,15.2,-7.5
4,8150,Kyren Williams,RB,26.1,LAR,1,1,36.70,31.7,1,1,84,70,0,0.0%,0,0,0,0,0,0,0.00,80,0,0,0,0.00,0.00,10,26,1,3,0,13,41,67,6.7,5.2,16,2,4,147,2,80,5,83.3%,147,147.0,2,9,29,31.0%,9.0,-,-,16,82,8,5.10,0.500,6,0.375,1.010,-,-,80.0,1.0,6.3%,19.0,1.19,5.0,3.0,37,1.81,0.081,0.351,25.5%,-,-,-,67,3.000,0.3,NA,NA,4,NA,NA,NA,NA,13.0,10,0.0%,NA,NA,NA,NA,NA,NA,NA,NA,NA,0.0%,NA,NA,@ PHI,21,·,13.6,23.1
4,6801,Tee Higgins,WR,27.7,CIN,6,7,26.70,21.2,1,1,76,60,0,0.0%,0,0,0,0,0,0,0.00,0,0,0,0,0.00,0.00,11,127,0,8,0,16,30,157,14.3,9.8,0,0,0,157,0,0,0,78.9%,157,157.0,0,8,16,50.0%,8.0,-,-,0,NA,NA,NA,NA,0,NA,NA,-,-,0.0,NA,NA,NA,NA,NA,NA,45,3.49,0.178,0.356,29.6%,-,-,-,157,8.000,0.7,1350%,0.5,3,1,13,6,0,16.0,11,0.0%,NA,NA,NA,NA,NA,NA,NA,NA,NA,0.0%,NA,NA,vs JAX,19,·,16.6,10.1
4,3198,Derrick Henry,RB,32.7,BAL,21,17,15.90,14.9,1,1,64,40,0,0.0%,0,0,0,0,0,0,0.00,73,0,0,0,0.00,0.00,2,-11,0,0,0,2,17,6,3.0,3.0,23,0,6,79,1,73,3.17,62.5%,79,79.0,1,7,25,28.0%,7.0,-,-,23,62,4,2.70,0.174,7,0.304,0.444,-,-,73.0,3.0,13.0%,-14.0,-0.61,3.0,1.0,9,0.67,0.000,0.222,6.9%,-,-,-,6,0.000,0.0,NA,NA,9,NA,NA,NA,NA,2.0,2,0.0%,NA,NA,NA,NA,NA,NA,NA,NA,NA,0.0%,NA,NA,vs TEN,13,·,19.5,-3.6
4,7588,Javonte Williams,RB,26.4,DAL,2,3,31.30,28.8,1,1,78,58,0,0.0%,0,0,0,0,0,0,0.00,62,0,0,0,0.00,0.00,5,1,0,1,0,5,20,21,4.2,4.2,19,1,2,83,3,62,3.26,74.4%,83,83.0,3,6,24,25.0%,6.0,-,-,19,63,5,3.30,0.263,5,0.263,0.593,-,-,62.0,1.0,5.3%,-2.0,-0.11,8.0,5.0,24,0.88,0.042,0.208,11.1%,-,-,-,21,1.000,0.2,NA,NA,4,NA,NA,NA,NA,5.0,5,0.0%,NA,NA,NA,NA,NA,NA,NA,NA,NA,0.0%,NA,NA,@ HOU,31,·,15.0,16.3
4,13279,Carnell Tate,WR,21.7,TEN,11,11,21.50,17,1,0,64,54,2,0.0%,0,0,0,0,0,0,0.00,0,0,0,0,0.00,0.00,9,108,2,6,0,12,37,145,16.1,12.1,0,0,0,145,0,0,0,84.4%,145,145.0,0,6,12,50.0%,6.0,-,-,0,NA,NA,NA,NA,0,NA,NA,-,-,0.0,NA,NA,NA,NA,NA,NA,28,5.18,0.214,0.429,38.7%,-,-,-,145,6.000,0.7,1220%,0.7,4,0,7,6,0,12.0,9,0.0%,NA,NA,NA,NA,NA,NA,NA,NA,NA,0.0%,NA,NA,@ BAL,11,·,9.9,11.6
4,12501,Matthew Golden,WR,23.2,GB,37,34,11.70,10.2,1,0,60,53,0,0.0%,0,0,0,0,0,0,0.00,6,0,0,0,0.00,0.00,3,12,0,0,1,7,9,21,7.0,3.0,1,0,0,27,0,6,6,88.3%,27,27.0,1,1,8,12.5%,1.0,-,-,1,NA,NA,NA,NA,0,0.000,NA,-,-,6.0,NA,NA,NA,NA,NA,NA,26,0.81,0.000,0.269,23.3%,-,-,-,21,1.000,0.3,1340%,0.4,3,1,5,5,1,7.0,3,0.0%,NA,NA,NA,NA,NA,NA,NA,NA,NA,0.0%,NA,NA,@ TB,24,·,12.1,-0.4
4,6804,Jordan Love,QB,27.9,GB,17,17,14.08,14.08,1,1,60,60,0,73.3%,57,30,22,7,8,1,98.90,189,0,2,197,6.57,8.95,0,0,0,0,0,0,0,0,0.0,0.0,4,0,0,-8,0,-8,-2,100.0%,189,189.0,2,9,34,26.5%,9.0,-,-,4,NA,NA,NA,NA,0,0.000,NA,-,-,-8.0,0.0,0.0%,NA,NA,NA,NA,NA,NA,NA,NA,NA,-,-,-,0,0.000,NA,NA,NA,NA,NA,NA,NA,NA,0.0,0,900.0%,0.3,243%,13.3%,0.3,7.4,3000.0%,+0.02,+3.50,0.1,19700.0%,30.0%,1,@ TB,23,·,17.2,-3.1
4,4866,Saquon Barkley,RB,29.6,PHI,62,62,2.00,1.5,1,1,61,4,1,0.0%,0,0,0,0,0,0,0.00,8,0,0,0,0.00,0.00,1,1,0,0,0,1,1,2,2.0,2.0,2,0,0,10,0,8,4,6.6%,10,10.0,0,0,3,0.0%,0.0,-,-,2,3,0,1.60,0.000,0,0.000,0.160,-,-,8.0,0.0,0.0%,2.0,1.00,0.0,0.0,1,2.00,0.000,1.000,3.7%,-,-,-,2,0.000,0.0,NA,NA,1,NA,NA,NA,NA,1.0,1,0.0%,NA,NA,NA,NA,NA,NA,NA,NA,NA,0.0%,NA,NA,vs LAR,27,·,14.7,-12.7
4,11584,Bucky Irving,RB,24.1,TB,42,40,6.10,6.1,1,1,64,37,0,0.0%,0,0,0,0,0,0,0.00,61,0,0,0,0.00,0.00,0,0,0,0,0,0,0,0,0.0,0.0,16,0,3,61,0,61,3.81,57.8%,61,61.0,0,3,16,18.8%,3.0,-,-,16,38,0,2.40,0.000,3,0.188,0.240,-,-,61.0,0.0,0.0%,4.0,0.25,2.0,0.0,12,0.00,0.000,0.000,0.0%,-,-,-,0,0.000,NA,NA,NA,NA,NA,NA,NA,NA,0.0,0,0.0%,NA,NA,NA,NA,NA,NA,NA,NA,NA,0.0%,NA,NA,vs GB,2,·,14.3,-8.2
4,12512,Quinshon Judkins,RB,22.9,CLE,11,11,21.60,18.6,1,1,64,42,0,0.0%,0,0,0,0,0,0,0.00,53,0,0,0,0.00,0.00,6,-12,0,3,0,7,55,43,7.2,6.1,17,1,3,96,1,53,3.12,65.6%,96,96.0,1,7,24,29.2%,7.0,-,-,17,43,7,2.50,0.412,4,0.235,0.662,-,-,53.0,0.0,0.0%,-8.0,-0.47,3.0,2.0,14,3.07,0.214,0.500,21.2%,-,-,-,43,3.000,0.5,NA,NA,9,NA,NA,NA,NA,7.0,6,0.0%,NA,NA,NA,NA,NA,NA,NA,NA,NA,0.0%,NA,NA,vs PIT,11,·,10.8,10.8
4,13281,Jordyn Tyson,WR,22.1,NO,999,999,0.00,0,0,0,0,0,0,0.0%,0,0,0,0,0,0,0.00,0,0,0,0,0.00,0.00,0,0,0,0,0,0,0,0,0.0,0.0,0,0,0,0,0,0,0,-,0,0.0,0,0,0,NA,0.0,-,-,NA,NA,NA,NA,NA,0,NA,NA,-,-,0.0,NA,NA,NA,NA,NA,NA,NA,NA,NA,NA,NA,-,-,-,0,0.000,NA,NA,NA,NA,NA,NA,NA,NA,NA,NA,0.0%,NA,NA,NA,NA,NA,NA,NA,NA,NA,0.0%,NA,NA,vs ATL,7,IR,IR,NA
4,12481,Cam Skattebo,RB,24.6,NYG,36,35,7.60,7.1,1,1,67,43,0,0.0%,0,0,0,0,0,0,0.00,58,0,0,0,0.00,0.00,1,2,0,1,0,1,6,8,8.0,8.0,18,0,3,66,0,58,3.22,64.2%,66,66.0,0,4,19,21.1%,4.0,-,-,18,58,0,3.20,0.000,3,0.167,0.320,-,-,58.0,0.0,0.0%,-36.0,-2.00,2.0,0.0,15,0.53,0.067,0.067,3.4%,-,-,-,8,1.000,1.0,NA,NA,6,NA,NA,NA,NA,1.0,1,0.0%,NA,NA,NA,NA,NA,NA,NA,NA,NA,0.0%,NA,NA,vs ARI,22,·,15.4,-7.8
4,12529,TreVeyon Henderson,RB,24.0,NE,51,47,4.20,4.2,1,0,76,28,0,0.0%,0,0,0,0,0,0,0.00,42,0,0,0,0.00,0.00,0,0,0,0,0,2,0,0,0.0,0.0,14,0,2,42,0,42,3,36.8%,42,42.0,0,2,16,12.5%,2.0,-,-,14,67,2,4.80,0.143,2,0.143,0.623,-,-,42.0,1.0,7.1%,-9.0,-0.64,1.0,1.0,10,0.00,0.000,0.200,5.4%,-,-,-,0,0.000,NA,NA,NA,NA,NA,NA,NA,NA,2.0,0,0.0%,NA,NA,NA,NA,NA,NA,NA,NA,NA,0.0%,NA,NA,@ BUF,4,·,9.6,-5.4
4,12490,Bhayshul Tuten,RB,23.6,JAX,28,27,11.10,10.1,1,1,61,36,0,0.0%,0,0,0,0,0,0,0.00,73,0,0,0,0.00,0.00,2,-2,0,0,0,2,20,18,9.0,9.0,17,1,2,91,0,73,4.29,59.0%,91,91.0,0,2,19,10.5%,2.0,-,-,17,43,5,2.50,0.294,2,0.118,0.544,-,-,73.0,2.0,11.8%,27.0,1.59,3.0,1.0,10,1.80,0.000,0.200,8.7%,-,-,-,18,0.000,0.0,NA,NA,10,NA,NA,NA,NA,2.0,2,0.0%,NA,NA,NA,NA,NA,NA,NA,NA,NA,0.0%,NA,NA,@ CIN,20,·,12.7,-1.6
4,10229,Rashee Rice,WR,26.4,KC,999,999,0.00,0,1,1,60,6,0,0.0%,0,0,0,0,0,0,0.00,0,0,0,0,0.00,0.00,0,0,0,0,0,0,0,0,0.0,0.0,0,0,0,0,0,0,0,10.0%,0,0.0,0,0,0,NA,0.0,-,-,0,NA,NA,NA,NA,0,NA,NA,-,-,0.0,NA,NA,NA,NA,NA,NA,1,0.00,0.000,0.000,0.0%,-,-,-,0,0.000,NA,0%,0.0,NA,0,0,0,0,0.0,0,0.0%,NA,NA,NA,NA,NA,NA,NA,NA,NA,0.0%,NA,NA,@ LV,30,·,14.1,-14.1
4,6790,D'Andre Swift,RB,27.7,CHI,37,38,7.40,6.4,1,1,93,33,1,0.0%,0,0,0,0,0,0,0.00,58,0,0,0,0.00,0.00,2,-12,0,1,0,2,28,16,8.0,8.0,15,0,2,74,0,58,3.87,35.5%,74,74.0,0,3,17,17.6%,3.0,-,-,15,39,2,2.60,0.133,2,0.133,0.393,-,-,58.0,1.0,6.7%,-8.0,-0.53,5.0,3.0,10,1.60,0.100,0.200,5.9%,-,-,-,16,1.000,0.5,NA,NA,14,NA,NA,NA,NA,2.0,2,0.0%,NA,NA,NA,NA,NA,NA,NA,NA,NA,0.0%,NA,NA,vs NYJ,9,·,16.2,-8.8
4,13346,Denzel Boston,WR,22.8,CLE,30,32,12.90,10.9,1,1,64,61,0,0.0%,0,0,0,0,0,0,0.00,0,0,0,0,0.00,0.00,4,49,0,3,0,7,40,89,22.3,12.7,0,0,0,89,0,0,0,95.3%,89,89.0,0,3,7,42.9%,3.0,-,-,0,NA,NA,NA,NA,0,NA,NA,-,-,0.0,NA,NA,NA,NA,NA,NA,34,2.62,0.088,0.206,21.2%,-,-,-,89,3.000,0.8,2110%,0.7,10,0,4,4,0,7.0,4,0.0%,NA,NA,NA,NA,NA,NA,NA,NA,NA,0.0%,NA,NA,vs PIT,26,·,10.6,2.3
4,3163,Jared Goff,QB,32.0,DET,7,7,20.48,20.48,1,1,71,71,0,61.5%,306,52,32,18,20,0,92.80,412,1,1,412,7.92,12.88,0,0,0,0,0,0,0,0,0.0,0.0,0,0,0,0,0,0,0,100.0%,412,412.0,1,19,52,36.5%,19.0,-,-,0,NA,NA,NA,NA,0,NA,NA,-,-,0.0,0.0,NA,NA,NA,NA,NA,NA,NA,NA,NA,NA,-,-,-,0,0.000,NA,NA,NA,NA,NA,NA,NA,NA,0.0,0,1900.0%,0.3653846154,284%,11.5%,0.34,10.2,5300.0%,-0.06,+7.70,0.2,41200.0%,34.0%,1,@ CAR,10,·,17.5,3.0
4,13330,Kenyon Sadiq,TE,21.6,NYJ,999,999,0.00,0,1,1,32,22,0,0.0%,0,0,0,0,0,0,0.00,0,0,0,0,0.00,0.00,0,0,0,0,0,4,0,0,0.0,0.0,0,0,0,0,0,0,0,68.8%,0,0.0,0,0,4,0.0%,0.0,-,-,0,NA,NA,NA,NA,0,NA,NA,-,-,0.0,NA,NA,NA,NA,NA,NA,12,0.00,0.000,0.333,26.7%,-,-,-,0,0.000,NA,380%,0.2,NA,0,1,4,0,4.0,0,0.0%,NA,NA,NA,NA,NA,NA,NA,NA,NA,0.0%,NA,NA,@ CHI,27,Q,10.9,-10.9
4,12506,Harold Fannin,TE,22.2,CLE,13,11,11.70,10.2,1,1,64,57,0,0.0%,0,0,0,0,0,0,0.00,0,0,0,0,0.00,0.00,3,13,0,1,1,5,14,27,9.0,5.4,0,0,0,27,0,0,0,89.1%,27,27.0,1,2,5,40.0%,2.0,-,-,0,NA,NA,NA,NA,0,NA,NA,-,-,0.0,NA,NA,NA,NA,NA,NA,33,0.82,0.030,0.152,15.2%,-,-,-,27,2.000,0.7,530%,0.1,5,1,1,3,1,5.0,3,0.0%,NA,NA,NA,NA,NA,NA,NA,NA,NA,0.0%,NA,NA,vs PIT,25,·,11.7,0.0
4,7526,Jaylen Waddle,WR,27.8,DEN,25,25,14.50,12,1,1,65,45,0,0.0%,0,0,0,0,0,0,0.00,0,0,0,0,0.00,0.00,5,12,0,0,1,6,23,35,7.0,5.8,0,0,0,35,0,0,0,69.2%,35,35.0,1,1,6,16.7%,1.0,-,-,0,NA,NA,NA,NA,0,NA,NA,-,-,0.0,NA,NA,NA,NA,NA,NA,35,1.00,0.000,0.171,14.3%,-,-,-,35,1.000,0.2,480%,0.2,5,1,2,4,0,6.0,5,0.0%,NA,NA,NA,NA,NA,NA,NA,NA,NA,0.0%,NA,NA,@ SF,23,·,12.6,1.9
4,13286,Jadarian Price,RB,23.0,SEA,999,999,0.00,0,0,0,0,0,0,0.0%,0,0,0,0,0,0,0.00,0,0,0,0,0.00,0.00,0,0,0,0,0,0,0,0,0.0,0.0,0,0,0,0,0,0,0,-,0,0.0,0,0,0,NA,0.0,-,-,NA,NA,NA,NA,NA,0,NA,NA,-,-,0.0,NA,NA,NA,NA,NA,NA,NA,NA,NA,NA,NA,-,-,-,0,0.000,NA,NA,NA,NA,NA,NA,NA,NA,NA,NA,0.0%,NA,NA,NA,NA,NA,NA,NA,NA,NA,0.0%,NA,NA,vs LAC,14,IR,IR,NA
4,9484,Tucker Kraft,TE,25.9,GB,5,5,16.50,13.5,1,1,60,55,0,0.0%,0,0,0,0,0,0,0.00,3,0,0,0,0.00,0.00,6,0,1,2,1,7,42,42,7.0,6.0,1,0,1,45,0,3,3,91.7%,45,45.0,1,4,8,50.0%,4.0,-,-,1,NA,NA,NA,NA,1,1.000,NA,-,-,3.0,NA,NA,NA,NA,NA,NA,23,1.83,0.087,0.304,23.3%,-,-,-,42,3.000,0.5,170%,0.1,7,3,1,6,2,7.0,6,0.0%,NA,NA,NA,NA,NA,NA,NA,NA,NA,0.0%,NA,NA,@ TB,11,·,10.5,6.0
4,11646,Jalen Coker,WR,24.9,CAR,0,0,0.00,0,0,0,0,0,0,0.0%,0,0,0,0,0,0,0.00,0,0,0,0,0.00,0.00,0,0,0,0,0,0,0,0,0.0,0.0,0,0,0,0,0,0,0,-,0,0.0,0,0,0,NA,0.0,-,-,NA,NA,NA,NA,NA,0,NA,NA,-,-,0.0,NA,NA,NA,NA,NA,NA,NA,NA,NA,NA,NA,-,-,-,0,0.000,NA,NA,NA,NA,NA,NA,NA,NA,NA,NA,0.0%,NA,NA,NA,NA,NA,NA,NA,NA,NA,0.0%,NA,NA,vs DET,4,Q,13.5,-13.5
4,5859,A.J. Brown,WR,29.3,NE,999,999,0.00,0,0,0,0,0,0,0.0%,0,0,0,0,0,0,0.00,0,0,0,0,0.00,0.00,0,0,0,0,0,0,0,0,0.0,0.0,0,0,0,0,0,0,0,-,0,0.0,0,0,0,NA,0.0,-,-,NA,NA,NA,NA,NA,0,NA,NA,-,-,0.0,NA,NA,NA,NA,NA,NA,NA,NA,NA,NA,NA,-,-,-,0,0.000,NA,NA,NA,NA,NA,NA,NA,NA,NA,NA,0.0%,NA,NA,NA,NA,NA,NA,NA,NA,NA,0.0%,NA,NA,@ BUF,5,IR,IR,NA
4,10859,Sam LaPorta,TE,25.7,DET,2,2,22.40,18.4,1,1,71,56,0,0.0%,0,0,0,0,0,0,0.00,0,0,0,0,0.00,0.00,8,60,0,4,1,13,24,84,10.5,6.5,0,0,0,84,0,0,0,78.9%,84,84.0,1,5,13,38.5%,5.0,-,-,0,NA,NA,NA,NA,0,NA,NA,-,-,0.0,NA,NA,NA,NA,NA,NA,42,2.00,0.095,0.310,25.0%,-,-,-,84,5.000,0.6,960%,0.2,3,4,7,4,2,13.0,8,0.0%,NA,NA,NA,NA,NA,NA,NA,NA,NA,0.0%,NA,NA,@ CAR,12,·,11.2,11.2
4,10236,Dalton Kincaid,TE,27.0,BUF,52,52,1.70,1.2,1,0,59,35,0,0.0%,0,0,0,0,0,0,0.00,0,0,0,0,0.00,0.00,1,4,0,0,0,2,3,7,7.0,3.5,0,0,0,7,0,0,0,59.3%,7,7.0,0,0,2,0.0%,0.0,-,-,0,NA,NA,NA,NA,0,NA,NA,-,-,0.0,NA,NA,NA,NA,NA,NA,17,0.41,0.000,0.118,6.1%,-,-,-,7,0.000,0.0,960%,0.1,3,0,1,1,0,2.0,1,0.0%,NA,NA,NA,NA,NA,NA,NA,NA,NA,0.0%,NA,NA,vs NE,29,·,12.2,-10.5
4,4943,Sam Darnold,QB,29.3,SEA,16,16,14.32,14.32,1,1,60,60,0,59.1%,76,22,13,7,9,1,94.50,174,3,2,168,7.64,12.92,0,0,0,0,0,0,0,0,0.0,0.0,3,0,1,6,0,6,2,100.0%,174,174.0,2,10,25,40.0%,10.0,-,-,3,NA,NA,NA,NA,1,0.333,NA,-,-,6.0,0.0,0.0%,NA,NA,NA,NA,NA,NA,NA,NA,NA,-,-,-,0,0.000,NA,NA,NA,NA,NA,NA,NA,NA,0.0,0,900.0%,0.4090909091,334%,9.1%,0.538,7.4,2600.0%,+0.05,-5.30,-0.2,16800.0%,26.9%,0,vs LAC,11,·,17.1,-2.8
4,11620,Rome Odunze,WR,24.3,CHI,21,21,15.40,12.4,1,1,93,83,0,0.0%,0,0,0,0,0,0,0.00,0,0,0,0,0.00,0.00,6,62,0,4,0,7,32,94,15.7,13.4,0,0,0,94,0,0,0,89.2%,94,94.0,0,4,7,57.1%,4.0,-,-,0,NA,NA,NA,NA,0,NA,NA,-,-,0.0,NA,NA,NA,NA,NA,NA,31,3.03,0.129,0.226,20.6%,-,-,-,94,4.000,0.7,1070%,0.4,5,0,4,2,0,7.0,6,0.0%,NA,NA,NA,NA,NA,NA,NA,NA,NA,0.0%,NA,NA,vs NYJ,25,·,8.1,7.3
4,9758,C.J. Stroud,QB,25.0,HOU,5,5,23.08,23.08,1,1,55,55,0,67.7%,212,31,21,12,10,0,126.70,359,2,2,347,11.19,16.52,0,0,0,0,0,0,0,0,0.0,0.0,2,0,1,12,0,12,6,100.0%,359,359.0,2,15,33,45.5%,15.0,-,-,2,NA,NA,NA,NA,1,0.500,NA,-,-,12.0,0.0,0.0%,NA,NA,NA,NA,NA,NA,NA,NA,NA,-,-,-,0,0.000,NA,NA,NA,NA,NA,NA,NA,NA,0.0,0,1400.0%,0.4516129032,315%,22.6%,0.286,14.1,3500.0%,+0.14,+15.80,0.5,34700.0%,22.9%,1,vs DAL,3,·,18.5,4.6
4,13298,KC Concepcion,WR,22.0,CLE,39,42,11.40,8.9,1,1,64,59,0,0.0%,0,0,0,0,0,0,0.00,0,0,0,0,0.00,0.00,5,26,0,2,0,8,38,64,12.8,8.0,0,0,0,64,0,0,0,92.2%,64,64.0,0,2,8,25.0%,2.0,-,-,0,NA,NA,NA,NA,0,NA,NA,-,-,0.0,NA,NA,NA,NA,NA,NA,37,1.73,0.054,0.216,24.2%,-,-,-,64,2.000,0.4,730%,0.3,8,1,3,4,0,8.0,5,0.0%,NA,NA,NA,NA,NA,NA,NA,NA,NA,0.0%,NA,NA,vs PIT,26,·,9.2,2.2
4,10232,Michael Wilson,WR,26.6,ARI,17,20,16.50,13,1,1,66,62,0,0.0%,0,0,0,0,0,0,0.00,0,0,0,0,0.00,0.00,7,69,0,6,0,13,26,95,13.6,7.3,0,0,0,95,0,0,0,93.9%,95,95.0,0,6,13,46.2%,6.0,-,-,0,NA,NA,NA,NA,0,NA,NA,-,-,0.0,NA,NA,NA,NA,NA,NA,37,2.57,0.162,0.351,37.1%,-,-,-,95,6.000,0.9,970%,0.5,4,4,5,6,2,13.0,7,0.0%,NA,NA,NA,NA,NA,NA,NA,NA,NA,0.0%,NA,NA,@ NYG,13,·,14.6,2.0
4,8148,Jameson Williams,WR,25.5,DET,19,19,16.20,13.2,1,1,71,70,0,0.0%,0,0,0,0,0,0,0.00,0,0,0,0,0.00,0.00,6,83,2,6,0,8,19,102,17.0,12.8,0,0,0,102,0,0,0,98.6%,102,102.0,0,6,8,75.0%,6.0,-,-,0,NA,NA,NA,NA,0,NA,NA,-,-,0.0,NA,NA,NA,NA,NA,NA,53,1.92,0.113,0.151,15.4%,-,-,-,102,6.000,1.0,1660%,0.3,3,1,5,3,0,8.0,6,0.0%,NA,NA,NA,NA,NA,NA,NA,NA,NA,0.0%,NA,NA,@ CAR,31,·,11.3,4.9
4,13294,Makai Lemon,WR,22.3,PHI,71,73,5.70,4.2,1,0,61,45,0,0.0%,0,0,0,0,0,0,0.00,0,0,0,0,0.00,0.00,3,25,0,2,0,6,2,27,9.0,4.5,0,0,0,27,0,0,0,73.8%,27,27.0,0,2,6,33.3%,2.0,-,-,0,NA,NA,NA,NA,0,NA,NA,-,-,0.0,NA,NA,NA,NA,NA,NA,24,1.13,0.083,0.250,22.2%,-,-,-,27,2.000,0.7,630%,0.2,1,0,1,2,0,6.0,3,0.0%,NA,NA,NA,NA,NA,NA,NA,NA,NA,0.0%,NA,NA,vs LAR,17,·,10.0,-4.3
4,7594,Chuba Hubbard,RB,27.3,CAR,7,7,25.90,25.4,1,1,75,63,0,0.0%,0,0,0,0,0,0,0.00,122,0,0,0,0.00,0.00,1,3,0,1,0,2,4,7,7.0,3.5,20,0,6,129,2,122,6.1,84.0%,129,129.0,2,9,22,40.9%,9.0,-,-,20,82,7,4.10,0.350,8,0.400,0.760,-,-,122.0,4.0,20.0%,55.0,2.75,3.0,1.0,21,0.33,0.048,0.095,4.9%,-,-,-,7,1.000,1.0,NA,NA,4,NA,NA,NA,NA,2.0,1,0.0%,NA,NA,NA,NA,NA,NA,NA,NA,NA,0.0%,NA,NA,vs DET,18,·,16.2,9.7
4,2133,Davante Adams,WR,33.8,LAR,61,64,7.20,5.2,1,1,84,80,0,0.0%,0,0,0,0,0,0,0.00,0,0,0,0,0.00,0.00,4,31,1,2,0,9,1,32,8.0,3.6,0,0,0,32,0,0,0,95.2%,32,32.0,0,2,9,22.2%,2.0,-,-,0,NA,NA,NA,NA,0,NA,NA,-,-,0.0,NA,NA,NA,NA,NA,NA,52,0.62,0.038,0.173,17.6%,-,-,-,32,2.000,0.5,1550%,0.3,0,2,5,2,1,9.0,4,0.0%,NA,NA,NA,NA,NA,NA,NA,NA,NA,0.0%,NA,NA,@ PHI,8,·,14.7,-7.5
4,9500,Josh Downs,WR,25.1,IND,77,78,4.60,3.1,1,1,66,51,0,0.0%,0,0,0,0,0,0,0.00,0,0,0,0,0.00,0.00,3,2,0,0,0,4,14,16,5.3,4.0,0,0,0,16,0,0,0,77.3%,16,16.0,0,0,4,0.0%,0.0,-,-,0,NA,NA,NA,NA,0,NA,NA,-,-,0.0,NA,NA,NA,NA,NA,NA,30,0.53,0.000,0.133,11.8%,-,-,-,16,0.000,0.0,80%,0.0,5,0,0,3,0,4.0,3,0.0%,NA,NA,NA,NA,NA,NA,NA,NA,NA,0.0%,NA,NA,@ WAS,1,·,13.8,-9.2
4,4983,D.J. Moore,WR,29.5,BUF,87,84,2.70,2.2,1,1,59,23,0,0.0%,0,0,0,0,0,0,0.00,6,0,0,0,0.00,0.00,1,11,0,1,0,2,0,11,11.0,5.5,1,0,0,17,0,6,6,39.0%,17,17.0,0,1,3,33.3%,1.0,-,-,1,NA,NA,NA,NA,0,0.000,NA,-,-,6.0,NA,NA,NA,NA,NA,NA,12,0.92,0.083,0.167,6.1%,-,-,-,11,1.000,1.0,890%,0.1,0,1,1,1,0,2.0,1,0.0%,NA,NA,NA,NA,NA,NA,NA,NA,NA,0.0%,NA,NA,vs NE,15,·,13.9,-11.2
4,8131,Isaiah Likely,TE,26.5,NYG,9,13,13.60,10.1,1,1,67,44,0,0.0%,0,0,0,0,0,0,0.00,0,0,0,0,0.00,0.00,7,38,1,3,0,12,28,66,9.4,5.5,0,0,0,66,0,0,0,65.7%,66,66.0,0,3,12,25.0%,3.0,-,-,0,NA,NA,NA,NA,0,NA,NA,-,-,0.0,NA,NA,NA,NA,NA,NA,29,2.28,0.103,0.414,41.4%,-,-,-,66,3.000,0.4,820%,0.3,4,2,6,5,0,12.0,7,0.0%,NA,NA,NA,NA,NA,NA,NA,NA,NA,0.0%,NA,NA,vs ARI,5,·,11.3,2.3
4,9756,Jordan Addison,WR,24.7,MIN,47,48,9.10,7.1,1,1,78,75,0,0.0%,0,0,0,0,0,0,0.00,-1,0,0,0,0.00,0.00,4,13,0,3,0,6,39,52,13.0,8.7,1,0,0,51,0,-1,-1,96.2%,51,51.0,0,3,7,42.9%,3.0,-,-,1,NA,NA,NA,NA,0,0.000,NA,-,-,-1.0,NA,NA,NA,NA,NA,NA,41,1.27,0.073,0.146,16.2%,-,-,-,52,3.000,0.8,1090%,0.4,10,0,4,2,0,6.0,4,0.0%,NA,NA,NA,NA,NA,NA,NA,NA,NA,0.0%,NA,NA,vs MIA,28,·,12.9,-3.8
4,4217,George Kittle,TE,33.0,SF,4,4,17.00,15,1,1,66,60,0,0.0%,0,0,0,0,0,0,0.00,0,0,0,0,0.00,0.00,4,5,0,0,1,6,65,70,17.5,11.7,0,0,0,70,0,0,0,90.9%,70,70.0,1,1,6,16.7%,1.0,-,-,0,NA,NA,NA,NA,0,NA,NA,-,-,0.0,NA,NA,NA,NA,NA,NA,26,2.69,0.000,0.231,20.0%,-,-,-,70,1.000,0.3,610%,0.2,16,0,2,3,0,6.0,4,0.0%,NA,NA,NA,NA,NA,NA,NA,NA,NA,0.0%,NA,NA,vs DEN,13,·,12.0,5.0
4,4892,Baker Mayfield,QB,31.5,TB,0,0,0.00,0,0,0,0,0,0,0.0%,0,0,0,0,0,0,0.00,0,0,0,0,0.00,0.00,0,0,0,0,0,0,0,0,0.0,0.0,0,0,0,0,0,0,0,-,0,0.0,0,0,0,NA,0.0,-,-,NA,NA,NA,NA,NA,0,NA,NA,-,-,0.0,NA,NA,NA,NA,NA,NA,NA,NA,NA,NA,NA,-,-,-,0,0.000,NA,NA,NA,NA,NA,NA,NA,NA,NA,NA,0.0%,NA,NA,NA,NA,NA,NA,NA,NA,NA,0.0%,NA,NA,vs GB,22,OUT,OUT,NA
4,421,Matthew Stafford,QB,38.6,LAR,26,26,11.68,11.68,1,1,84,84,0,62.7%,209,51,32,16,19,2,63.90,327,1,0,317,6.22,9.91,0,0,0,0,0,0,0,0,0.0,0.0,3,0,0,10,0,10,3.33,100.0%,327,327.0,0,16,54,29.6%,16.0,-,-,3,NA,NA,NA,NA,0,0.000,NA,-,-,10.0,0.0,0.0%,NA,NA,NA,NA,NA,NA,NA,NA,NA,-,-,-,0,0.000,NA,NA,NA,NA,NA,NA,NA,NA,0.0,0,1600.0%,0.3137254902,283%,11.8%,0.296,8.7,5400.0%,0.00,-2.60,-0.1,31700.0%,5.6%,1,@ PHI,6,·,16.3,-4.7
4,8228,Jaylen Warren,RB,27.9,PIT,22,21,15.60,14.1,1,1,72,70,0,0.0%,0,0,0,0,0,0,0.00,93,0,0,0,0.00,0.00,3,-7,0,1,0,6,40,33,11.0,5.5,17,1,7,126,0,93,5.47,97.2%,126,126.0,0,8,23,34.8%,8.0,-,-,17,46,7,2.70,0.412,7,0.412,0.682,-,-,93.0,2.0,11.8%,12.0,0.71,1.0,0.0,33,1.00,0.030,0.182,15.0%,-,-,-,33,1.000,0.3,NA,NA,13,NA,NA,NA,NA,6.0,3,0.0%,NA,NA,NA,NA,NA,NA,NA,NA,NA,0.0%,NA,NA,@ CLE,24,·,18.6,-3.0
4,12522,Cam Ward,QB,24.4,TEN,14,14,16.58,16.58,1,1,64,64,1,64.5%,122,31,20,10,11,1,83.00,249,1,1,222,7.16,11.10,0,0,0,0,0,0,0,0,0.0,0.0,4,0,1,27,0,27,6.75,100.0%,249,249.0,1,12,35,34.3%,12.0,-,-,4,NA,NA,NA,NA,1,0.250,NA,-,-,27.0,1.0,25.0%,NA,NA,NA,NA,NA,NA,NA,NA,NA,-,-,-,0,0.000,NA,NA,NA,NA,NA,NA,NA,NA,0.0,0,1100.0%,0.3548387097,316%,6.5%,0.343,7.1,3500.0%,-0.02,-7.60,-0.2,22200.0%,14.3%,1,@ BAL,21,·,12.9,3.7
4,13417,De'Zhaun Stribling,WR,23.8,SF,999,999,0.00,0,0,0,0,0,0,0.0%,0,0,0,0,0,0,0.00,0,0,0,0,0.00,0.00,0,0,0,0,0,0,0,0,0.0,0.0,0,0,0,0,0,0,0,-,0,0.0,0,0,0,NA,0.0,-,-,NA,NA,NA,NA,NA,0,NA,NA,-,-,0.0,NA,NA,NA,NA,NA,NA,NA,NA,NA,NA,NA,-,-,-,0,0.000,NA,NA,NA,NA,NA,NA,NA,NA,NA,NA,0.0%,NA,NA,NA,NA,NA,NA,NA,NA,NA,0.0%,NA,NA,vs DEN,22,IR,IR,NA
4,11559,Michael Penix Jr.,QB,26.4,ATL,24,24,12.72,12.72,1,1,57,57,0,75.0%,101,20,15,8,5,0,127.70,221,1,1,223,11.15,14.87,0,0,0,0,0,0,0,0,0.0,0.0,2,0,0,-2,0,-2,-1,100.0%,221,221.0,1,9,22,40.9%,9.0,-,-,2,NA,NA,NA,NA,0,0.000,NA,-,-,-2.0,0.0,0.0%,NA,NA,NA,NA,NA,NA,NA,NA,NA,-,-,-,0,0.000,NA,NA,NA,NA,NA,NA,NA,NA,0.0,0,900.0%,0.45,257%,5%,0.19,6.6,2100.0%,-0.00,+9.90,0.5,22300.0%,52.4%,0,@ NO,13,·,14.8,-2.1
4,11586,Blake Corum,RB,25.8,LAR,55,55,3.10,2.6,1,0,84,13,0,0.0%,0,0,0,0,0,0,0.00,14,0,0,0,0.00,0.00,1,2,0,0,0,2,5,7,7.0,3.5,5,0,0,21,0,14,2.8,15.5%,21,21.0,0,0,7,0.0%,0.0,-,-,5,15,0,2.90,0.000,0,0.000,0.290,-,-,14.0,0.0,0.0%,-13.0,-2.60,0.0,0.0,7,1.00,0.000,0.286,3.9%,-,-,-,7,0.000,0.0,NA,NA,5,NA,NA,NA,NA,2.0,1,0.0%,NA,NA,NA,NA,NA,NA,NA,NA,NA,0.0%,NA,NA,@ PHI,21,·,7.1,-4.0
4,5870,Daniel Jones,QB,29.4,IND,30,30,8.92,8.92,1,1,66,66,1,55.9%,71,34,19,6,15,1,53.90,145,2,0,143,4.21,7.53,0,0,0,0,0,0,0,0,0.0,0.0,4,0,1,2,1,2,0.5,100.0%,145,145.0,1,8,38,21.1%,8.0,-,-,4,NA,NA,NA,NA,2,0.500,NA,-,-,2.0,0.0,0.0%,NA,NA,NA,NA,NA,NA,NA,NA,NA,-,-,-,0,0.000,NA,NA,NA,NA,NA,NA,NA,NA,0.0,0,600.0%,0.1764705882,254%,2.9%,0.378,4.5,3700.0%,-0.10,-14.50,-0.4,14300.0%,54.1%,1,@ WAS,2,·,16.6,-7.7
4,12534,Kyle Monangai,RB,24.3,CHI,4,4,28.00,27.5,1,0,93,50,0,0.0%,0,0,0,0,0,0,0.00,146,0,0,0,0.00,0.00,1,-6,0,0,0,1,10,4,4.0,4.0,30,1,6,150,2,146,4.87,53.8%,150,150.0,2,8,31,25.8%,8.0,-,-,30,105,8,3.50,0.267,8,0.267,0.617,-,-,146.0,3.0,10.0%,24.0,0.80,8.0,7.0,9,0.44,0.000,0.111,2.9%,-,-,-,4,0.000,0.0,NA,NA,10,NA,NA,NA,NA,1.0,1,0.0%,NA,NA,NA,NA,NA,NA,NA,NA,NA,0.0%,NA,NA,vs NYJ,9,·,8.1,19.9
4,7543,Travis Etienne,RB,27.7,NO,999,999,0.00,0,0,0,0,0,0,0.0%,0,0,0,0,0,0,0.00,0,0,0,0,0.00,0.00,0,0,0,0,0,0,0,0,0.0,0.0,0,0,0,0,0,0,0,-,0,0.0,0,0,0,NA,0.0,-,-,NA,NA,NA,NA,NA,0,NA,NA,-,-,0.0,NA,NA,NA,NA,NA,NA,NA,NA,NA,NA,NA,-,-,-,0,0.000,NA,NA,NA,NA,NA,NA,NA,NA,NA,NA,0.0%,NA,NA,NA,NA,NA,NA,NA,NA,NA,0.0%,NA,NA,vs ATL,30,IR,IR,NA
4,5849,Kyler Murray,QB,29.2,MIN,28,28,11.48,11.48,1,1,78,78,0,73.0%,121,37,27,13,10,0,90.70,263,4,0,247,6.68,9.15,0,0,0,0,0,0,0,0,0.0,0.0,6,0,1,16,0,16,2.67,100.0%,263,263.0,0,14,43,32.6%,14.0,-,-,6,NA,NA,NA,NA,1,0.167,NA,-,-,16.0,0.0,0.0%,NA,NA,NA,NA,NA,NA,NA,NA,NA,-,-,-,0,0.000,NA,NA,NA,NA,NA,NA,NA,NA,0.0,0,1300.0%,0.3513513514,303%,0%,0.395,4.9,4300.0%,+0.04,+0.50,0.0,24700.0%,30.2%,1,vs MIA,7,·,17.8,-6.3
4,13275,Ty Simpson,QB,23.8,LAR,0,0,0.00,0,0,0,0,0,0,0.0%,0,0,0,0,0,0,0.00,0,0,0,0,0.00,0.00,0,0,0,0,0,0,0,0,0.0,0.0,0,0,0,0,0,0,0,-,0,0.0,0,0,0,NA,0.0,-,-,NA,NA,NA,NA,NA,0,NA,NA,-,-,0.0,NA,NA,NA,NA,NA,NA,NA,NA,NA,NA,NA,-,-,-,0,0.000,NA,NA,NA,NA,NA,NA,NA,NA,NA,NA,0.0%,NA,NA,NA,NA,NA,NA,NA,NA,NA,0.0%,NA,NA,@ PHI,6,·,·,NA
4,8142,Alec Pierce,WR,26.4,IND,999,999,0.00,0,0,0,0,0,0,0.0%,0,0,0,0,0,0,0.00,0,0,0,0,0.00,0.00,0,0,0,0,0,0,0,0,0.0,0.0,0,0,0,0,0,0,0,-,0,0.0,0,0,0,NA,0.0,-,-,NA,NA,NA,NA,NA,0,NA,NA,-,-,0.0,NA,NA,NA,NA,NA,NA,NA,NA,NA,NA,NA,-,-,-,0,0.000,NA,NA,NA,NA,NA,NA,NA,NA,NA,NA,0.0%,NA,NA,NA,NA,NA,NA,NA,NA,NA,0.0%,NA,NA,@ WAS,1,IR,IR,NA
4,5892,David Montgomery,RB,29.3,HOU,49,46,4.30,4.3,1,1,55,31,0,0.0%,0,0,0,0,0,0,0.00,24,0,0,0,0.00,0.00,0,0,0,0,0,0,19,19,0.0,0.0,10,0,0,43,0,24,2.4,56.4%,43,43.0,0,0,10,0.0%,0.0,-,-,10,25,0,2.50,0.000,0,0.000,0.250,-,-,24.0,0.0,0.0%,0.0,0.00,1.0,0.0,12,1.58,0.000,0.000,0.0%,-,-,-,19,0.000,NA,NA,NA,NA,NA,NA,NA,NA,0.0,0,0.0%,NA,NA,NA,NA,NA,NA,NA,NA,NA,0.0%,NA,NA,vs DAL,8,·,15.0,-10.7
4,13345,Jonah Coleman,RB,23.1,DEN,999,999,0.00,0,0,0,0,0,0,0.0%,0,0,0,0,0,0,0.00,0,0,0,0,0.00,0.00,0,0,0,0,0,0,0,0,0.0,0.0,0,0,0,0,0,0,0,-,0,0.0,0,0,0,NA,0.0,-,-,NA,NA,NA,NA,NA,0,NA,NA,-,-,0.0,NA,NA,NA,NA,NA,NA,NA,NA,NA,NA,NA,-,-,-,0,0.000,NA,NA,NA,NA,NA,NA,NA,NA,NA,NA,0.0%,NA,NA,NA,NA,NA,NA,NA,NA,NA,0.0%,NA,NA,@ SF,12,IR,IR,NA
4,11631,Brian Thomas Jr.,WR,24.0,JAX,43,43,9.70,8.7,1,1,61,38,0,0.0%,0,0,0,0,0,0,0.00,0,0,0,0,0.00,0.00,2,17,0,0,1,2,0,17,8.5,8.5,0,0,0,17,0,0,0,62.3%,17,17.0,1,1,2,50.0%,1.0,-,-,0,NA,NA,NA,NA,0,NA,NA,-,-,0.0,NA,NA,NA,NA,NA,NA,18,0.94,0.000,0.111,8.7%,-,-,-,17,1.000,0.5,1280%,0.1,0,1,2,1,1,2.0,2,0.0%,NA,NA,NA,NA,NA,NA,NA,NA,NA,0.0%,NA,NA,@ CIN,18,·,7.8,2.0
4,11628,Marvin Harrison Jr.,WR,24.1,ARI,53,46,8.20,7.7,1,1,66,43,0,0.0%,0,0,0,0,0,0,0.00,0,0,0,0,0.00,0.00,1,12,0,0,1,4,0,12,12.0,3.0,0,0,0,12,0,0,0,65.2%,12,12.0,1,1,4,25.0%,1.0,-,-,0,NA,NA,NA,NA,0,NA,NA,-,-,0.0,NA,NA,NA,NA,NA,NA,32,0.38,0.000,0.125,11.4%,-,-,-,12,1.000,1.0,1500%,0.2,0,2,3,2,1,4.0,1,0.0%,NA,NA,NA,NA,NA,NA,NA,NA,NA,0.0%,NA,NA,@ NYG,13,·,5.5,2.8
4,2216,Mike Evans,WR,33.1,SF,32,36,12.60,10.1,1,1,66,39,0,0.0%,0,0,0,0,0,0,0.00,0,0,0,0,0.00,0.00,5,64,0,4,0,8,12,76,15.2,9.5,0,0,0,76,0,0,0,59.1%,76,76.0,0,4,8,50.0%,4.0,-,-,0,NA,NA,NA,NA,0,NA,NA,-,-,0.0,NA,NA,NA,NA,NA,NA,22,3.45,0.182,0.364,26.7%,-,-,-,76,4.000,0.8,1710%,0.6,2,2,5,1,1,8.0,5,0.0%,NA,NA,NA,NA,NA,NA,NA,NA,NA,0.0%,NA,NA,vs DEN,22,Q,14.1,-1.5
4,8161,Malik Willis,QB,27.4,MIA,34,34,2.50,2.5,1,1,39,39,1,52.9%,32,17,9,3,8,0,67.00,96,2,0,85,5.00,9.44,0,0,0,0,0,0,0,0,0.0,0.0,2,0,1,11,0,11,5.5,100.0%,96,96.0,0,4,19,21.1%,4.0,-,-,2,NA,NA,NA,NA,1,0.500,NA,-,-,11.0,0.0,0.0%,NA,NA,NA,NA,NA,NA,NA,NA,NA,-,-,-,0,0.000,NA,NA,NA,NA,NA,NA,NA,NA,0.0,0,300.0%,0.1764705882,348%,17.6%,0.476,8.6,2100.0%,-0.12,-11.70,-0.6,8500.0%,66.7%,1,@ MIN,26,·,13.5,-11.0
4,7553,Kyle Pitts,TE,26.0,ATL,25,24,7.70,6.2,1,0,57,29,0,0.0%,0,0,0,0,0,0,0.00,0,0,0,0,0.00,0.00,3,8,0,2,0,3,39,47,15.7,15.7,0,0,0,47,0,0,0,50.9%,47,47.0,0,2,3,66.7%,2.0,-,-,0,NA,NA,NA,NA,0,NA,NA,-,-,0.0,NA,NA,NA,NA,NA,NA,9,5.22,0.222,0.333,15.0%,-,-,-,47,2.000,0.7,250%,0.1,13,0,0,1,0,3.0,3,0.0%,NA,NA,NA,NA,NA,NA,NA,NA,NA,0.0%,NA,NA,@ NO,4,·,8.6,-0.9
4,5927,Terry McLaurin,WR,31.0,WAS,0,0,0.00,0,0,0,0,0,0,0.0%,0,0,0,0,0,0,0.00,0,0,0,0,0.00,0.00,0,0,0,0,0,0,0,0,0.0,0.0,0,0,0,0,0,0,0,-,0,0.0,0,0,0,NA,0.0,-,-,NA,NA,NA,NA,NA,0,NA,NA,-,-,0.0,NA,NA,NA,NA,NA,NA,NA,NA,NA,NA,NA,-,-,-,0,0.000,NA,NA,NA,NA,NA,NA,NA,NA,NA,NA,0.0%,NA,NA,NA,NA,NA,NA,NA,NA,NA,0.0%,NA,NA,vs IND,10,OUT,OUT,NA
4,9753,Zach Charbonnet,RB,25.7,SEA,999,999,0.00,0,0,0,0,0,0,0.0%,0,0,0,0,0,0,0.00,0,0,0,0,0.00,0.00,0,0,0,0,0,0,0,0,0.0,0.0,0,0,0,0,0,0,0,-,0,0.0,0,0,0,NA,0.0,-,-,NA,NA,NA,NA,NA,0,NA,NA,-,-,0.0,NA,NA,NA,NA,NA,NA,NA,NA,NA,NA,NA,-,-,-,0,0.000,NA,NA,NA,NA,NA,NA,NA,NA,NA,NA,0.0%,NA,NA,NA,NA,NA,NA,NA,NA,NA,0.0%,NA,NA,vs LAC,14,PUP,PUP,NA
4,12489,RJ Harvey,RB,25.7,DEN,12,20,19.30,14.3,1,0,65,29,1,0.0%,0,0,0,0,0,0,0.00,25,0,0,0,0.00,0.00,10,-26,0,2,0,10,94,68,6.8,6.8,7,0,1,93,0,25,3.57,44.6%,93,93.0,0,3,17,17.6%,3.0,-,-,7,20,6,2.80,0.857,1,0.143,1.137,-,-,25.0,0.0,0.0%,-4.0,-0.57,0.0,0.0,18,3.78,0.111,0.556,23.8%,-,-,-,68,2.000,0.2,NA,NA,9,NA,NA,NA,NA,10.0,10,0.0%,NA,NA,NA,NA,NA,NA,NA,NA,NA,0.0%,NA,NA,@ SF,12,·,11.2,8.1
4,13311,Chris Bell,WR,22.3,MIA,999,999,0.00,0,1,1,39,32,0,0.0%,0,0,0,0,0,0,0.00,0,0,0,0,0.00,0.00,0,0,0,0,0,3,0,0,0.0,0.0,0,0,0,0,0,0,0,82.1%,0,0.0,0,0,3,0.0%,0.0,-,-,0,NA,NA,NA,NA,0,NA,NA,-,-,0.0,NA,NA,NA,NA,NA,NA,NA,NA,NA,NA,NA,-,-,-,0,0.000,NA,NA,NA,NA,NA,NA,NA,NA,3.0,0,0.0%,NA,NA,NA,NA,NA,NA,NA,NA,NA,0.0%,NA,NA,@ MIN,12,·,6.4,-6.4
4,12487,Terrance Ferguson,TE,23.6,LAR,999,999,0.00,0,0,0,0,0,0,0.0%,0,0,0,0,0,0,0.00,0,0,0,0,0.00,0.00,0,0,0,0,0,0,0,0,0.0,0.0,0,0,0,0,0,0,0,-,0,0.0,0,0,0,NA,0.0,-,-,NA,NA,NA,NA,NA,0,NA,NA,-,-,0.0,NA,NA,NA,NA,NA,NA,NA,NA,NA,NA,NA,-,-,-,0,0.000,NA,NA,NA,NA,NA,NA,NA,NA,NA,NA,0.0%,NA,NA,NA,NA,NA,NA,NA,NA,NA,0.0%,NA,NA,@ PHI,32,IR,IR,NA
4,13276,Omar Cooper Jr.,WR,22.8,NYJ,999,999,0.00,0,0,0,0,0,0,0.0%,0,0,0,0,0,0,0.00,0,0,0,0,0.00,0.00,0,0,0,0,0,0,0,0,0.0,0.0,0,0,0,0,0,0,0,-,0,0.0,0,0,0,NA,0.0,-,-,NA,NA,NA,NA,NA,0,NA,NA,-,-,0.0,NA,NA,NA,NA,NA,NA,NA,NA,NA,NA,NA,-,-,-,0,0.000,NA,NA,NA,NA,NA,NA,NA,NA,NA,NA,0.0%,NA,NA,NA,NA,NA,NA,NA,NA,NA,0.0%,NA,NA,@ CHI,27,IR,IR,NA
4,13301,Antonio Williams,WR,22.2,WAS,73,75,5.10,3.6,1,0,64,44,0,0.0%,0,0,0,0,0,0,0.00,0,0,0,0,0.00,0.00,3,21,0,0,0,8,0,21,7.0,2.6,0,0,0,21,0,0,0,68.8%,21,21.0,0,0,8,0.0%,0.0,-,-,0,NA,NA,NA,NA,0,NA,NA,-,-,0.0,NA,NA,NA,NA,NA,NA,30,0.70,0.000,0.267,21.6%,-,-,-,21,0.000,0.0,1300%,0.2,0,0,4,3,0,8.0,3,0.0%,NA,NA,NA,NA,NA,NA,NA,NA,NA,0.0%,NA,NA,vs IND,10,·,7.9,-2.8
4,13296,Caleb Douglas,WR,23.1,MIA,0,0,0.00,0,0,0,0,0,0,0.0%,0,0,0,0,0,0,0.00,0,0,0,0,0.00,0.00,0,0,0,0,0,0,0,0,0.0,0.0,0,0,0,0,0,0,0,-,0,0.0,0,0,0,NA,0.0,-,-,NA,NA,NA,NA,NA,0,NA,NA,-,-,0.0,NA,NA,NA,NA,NA,NA,NA,NA,NA,NA,NA,-,-,-,0,0.000,NA,NA,NA,NA,NA,NA,NA,NA,NA,NA,0.0%,NA,NA,NA,NA,NA,NA,NA,NA,NA,0.0%,NA,NA,@ MIN,12,OUT,OUT,NA
4,13414,Kaelon Black,RB,25.0,SF,70,65,1.30,1.3,1,0,66,17,0,0.0%,0,0,0,0,0,0,0.00,13,0,0,0,0.00,0.00,0,0,0,0,0,0,0,0,0.0,0.0,6,0,2,13,0,13,2.17,25.8%,13,13.0,0,2,6,33.3%,2.0,-,-,6,15,0,2.50,0.000,2,0.333,0.250,-,-,13.0,0.0,0.0%,-5.0,-0.83,3.0,0.0,6,0.00,0.000,0.000,0.0%,-,-,-,0,0.000,NA,NA,NA,NA,NA,NA,NA,NA,0.0,0,0.0%,NA,NA,NA,NA,NA,NA,NA,NA,NA,0.0%,NA,NA,vs DEN,5,·,5.4,-4.1
4,11624,Xavier Worthy,WR,23.4,KC,41,41,11.00,9,1,1,60,45,0,0.0%,0,0,0,0,0,0,0.00,0,0,0,0,0.00,0.00,4,46,0,2,0,7,24,70,17.5,10.0,0,0,0,70,0,0,0,75.0%,70,70.0,0,2,7,28.6%,2.0,-,-,0,NA,NA,NA,NA,0,NA,NA,-,-,0.0,NA,NA,NA,NA,NA,NA,28,2.50,0.071,0.250,23.3%,-,-,-,70,2.000,0.5,1520%,0.3,6,0,3,2,0,7.0,4,0.0%,NA,NA,NA,NA,NA,NA,NA,NA,NA,0.0%,NA,NA,@ LV,30,·,9.7,1.3
4,13337,Emmett Johnson,RB,23.0,KC,64,64,2.00,1.5,1,0,60,16,0,0.0%,0,0,0,0,0,0,0.00,0,0,0,0,0.00,0.00,1,-6,0,1,0,1,16,10,10.0,10.0,0,0,0,10,0,0,0,26.7%,10,10.0,0,1,1,100.0%,1.0,-,-,0,0,0,0.00,NA,0,NA,NA,-,-,0.0,0.0,NA,0.0,NA,0.0,0.0,10,1.00,0.100,0.100,3.3%,-,-,-,10,1.000,1.0,NA,NA,16,NA,NA,NA,NA,1.0,1,0.0%,NA,NA,NA,NA,NA,NA,NA,NA,NA,0.0%,NA,NA,@ LV,23,·,4.5,-2.5
4,11576,Braelon Allen,RB,22.7,NYJ,33,33,8.70,7.7,1,1,32,30,0,0.0%,0,0,0,0,0,0,0.00,59,0,0,0,0.00,0.00,2,0,0,1,0,2,8,8,4.0,4.0,14,1,3,67,0,59,4.21,93.8%,67,67.0,0,4,16,25.0%,4.0,-,-,14,45,2,3.20,0.143,3,0.214,0.463,-,-,59.0,1.0,7.1%,0.0,0.00,2.0,0.0,12,0.67,0.083,0.167,13.3%,-,-,-,8,1.000,0.5,NA,NA,4,NA,NA,NA,NA,2.0,2,0.0%,NA,NA,NA,NA,NA,NA,NA,NA,NA,0.0%,NA,NA,@ CHI,16,·,12.8,-4.1
4,12533,Jacory Croskey-Merritt,RB,25.5,WAS,40,41,7.00,6,1,1,64,29,0,0.0%,0,0,0,0,0,0,0.00,15,0,0,0,0.00,0.00,2,-4,0,1,0,4,39,35,17.5,8.8,9,0,1,50,0,15,1.67,45.3%,50,50.0,0,2,13,15.4%,2.0,-,-,9,23,4,2.50,0.444,1,0.111,0.694,-,-,15.0,0.0,0.0%,-13.0,-1.44,1.0,0.0,13,2.69,0.077,0.308,10.8%,-,-,-,35,1.000,0.5,NA,NA,20,NA,NA,NA,NA,4.0,2,0.0%,NA,NA,NA,NA,NA,NA,NA,NA,NA,0.0%,NA,NA,vs IND,6,·,13.4,-6.4
4,13293,Ja'Kobi Lane,WR,22.2,BAL,999,999,0.00,0,0,0,0,0,0,0.0%,0,0,0,0,0,0,0.00,0,0,0,0,0.00,0.00,0,0,0,0,0,0,0,0,0.0,0.0,0,0,0,0,0,0,0,-,0,0.0,0,0,0,NA,0.0,-,-,NA,NA,NA,NA,NA,0,NA,NA,-,-,0.0,NA,NA,NA,NA,NA,NA,NA,NA,NA,NA,NA,-,-,-,0,0.000,NA,NA,NA,NA,NA,NA,NA,NA,NA,NA,0.0%,NA,NA,NA,NA,NA,NA,NA,NA,NA,0.0%,NA,NA,vs TEN,16,IR,IR,NA
4,11625,Adonai Mitchell,WR,24.0,NYJ,0,0,0.00,0,0,0,0,0,0,0.0%,0,0,0,0,0,0,0.00,0,0,0,0,0.00,0.00,0,0,0,0,0,0,0,0,0.0,0.0,0,0,0,0,0,0,0,-,0,0.0,0,0,0,NA,0.0,-,-,NA,NA,NA,NA,NA,0,NA,NA,-,-,0.0,NA,NA,NA,NA,NA,NA,NA,NA,NA,NA,NA,-,-,-,0,0.000,NA,NA,NA,NA,NA,NA,NA,NA,NA,NA,0.0%,NA,NA,NA,NA,NA,NA,NA,NA,NA,0.0%,NA,NA,@ CHI,27,OUT,OUT,NA
4,5846,DK Metcalf,WR,28.8,PIT,16,18,16.50,14,1,1,72,70,0,0.0%,0,0,0,0,0,0,0.00,0,0,0,0,0.00,0.00,5,89,0,5,0,9,26,115,23.0,12.8,0,0,0,115,0,0,0,97.2%,115,115.0,0,5,9,55.6%,5.0,-,-,0,NA,NA,NA,NA,0,NA,NA,-,-,0.0,NA,NA,NA,NA,NA,NA,39,2.95,0.128,0.231,22.5%,-,-,-,115,5.000,1.0,1520%,0.4,5,0,5,5,0,9.0,5,0.0%,NA,NA,NA,NA,NA,NA,NA,NA,NA,0.0%,NA,NA,@ CLE,6,·,9.6,6.9
4,7002,Juwan Johnson,TE,30.0,NO,11,17,11.90,8.9,1,1,74,58,0,0.0%,0,0,0,0,0,0,0.00,0,0,0,0,0.00,0.00,6,40,0,3,0,8,19,59,9.8,7.4,0,0,0,59,0,0,0,78.4%,59,59.0,0,3,8,37.5%,3.0,-,-,0,NA,NA,NA,NA,0,NA,NA,-,-,0.0,NA,NA,NA,NA,NA,NA,38,1.55,0.079,0.211,16.7%,-,-,-,59,3.000,0.5,780%,0.1,3,1,4,4,0,8.0,6,0.0%,NA,NA,NA,NA,NA,NA,NA,NA,NA,0.0%,NA,NA,vs ATL,7,·,11.8,0.1
4,9486,Dontayvion Wicks,WR,25.3,PHI,75,77,4.80,3.3,1,1,61,56,0,0.0%,0,0,0,0,0,0,0.00,0,0,0,0,0.00,0.00,3,5,0,1,0,5,13,18,6.0,3.6,0,0,0,18,0,0,0,91.8%,18,18.0,0,1,5,20.0%,1.0,-,-,0,NA,NA,NA,NA,0,NA,NA,-,-,0.0,NA,NA,NA,NA,NA,NA,29,0.62,0.034,0.172,18.5%,-,-,-,18,1.000,0.3,820%,0.2,4,0,2,2,0,5.0,3,0.0%,NA,NA,NA,NA,NA,NA,NA,NA,NA,0.0%,NA,NA,vs LAR,17,·,11.4,-6.6
4,8110,Jake Ferguson,TE,27.7,DAL,30,32,4.10,2.6,1,1,78,55,0,0.0%,0,0,0,0,0,0,0.00,0,0,0,0,0.00,0.00,3,5,0,1,0,4,6,11,3.7,2.8,0,0,0,11,0,0,0,70.5%,11,11.0,0,1,4,25.0%,1.0,-,-,0,NA,NA,NA,NA,0,NA,NA,-,-,0.0,NA,NA,NA,NA,NA,NA,34,0.32,0.029,0.118,8.9%,-,-,-,11,1.000,0.3,440%,0.1,2,0,1,2,0,4.0,3,0.0%,NA,NA,NA,NA,NA,NA,NA,NA,NA,0.0%,NA,NA,@ HOU,16,·,9.0,-4.9
4,7611,Rhamondre Stevenson,RB,28.6,NE,15,13,18.40,16.9,1,1,76,50,0,0.0%,0,0,0,0,0,0,0.00,47,0,0,0,0.00,0.00,3,-7,0,0,0,5,34,27,9.0,5.4,13,0,3,74,1,47,3.62,65.8%,74,74.0,1,4,18,22.2%,4.0,-,-,13,42,2,3.20,0.154,4,0.308,0.474,-,-,47.0,1.0,7.7%,-1.0,-0.08,1.0,1.0,21,1.29,0.000,0.238,13.5%,-,-,-,27,0.000,0.0,NA,NA,11,NA,NA,NA,NA,5.0,3,0.0%,NA,NA,NA,NA,NA,NA,NA,NA,NA,0.0%,NA,NA,@ BUF,4,·,12.7,5.8
4,12484,Jayden Higgins,WR,23.8,HOU,999,999,0.00,0,0,0,0,0,0,0.0%,0,0,0,0,0,0,0.00,0,0,0,0,0.00,0.00,0,0,0,0,0,0,0,0,0.0,0.0,0,0,0,0,0,0,0,-,0,0.0,0,0,0,NA,0.0,-,-,NA,NA,NA,NA,NA,0,NA,NA,-,-,0.0,NA,NA,NA,NA,NA,NA,NA,NA,NA,NA,NA,-,-,-,0,0.000,NA,NA,NA,NA,NA,NA,NA,NA,NA,NA,0.0%,NA,NA,NA,NA,NA,NA,NA,NA,NA,0.0%,NA,NA,vs DAL,20,IR,IR,NA
4,12492,Pat Bryant,WR,23.8,DEN,56,56,7.70,6.2,1,0,65,24,0,0.0%,0,0,0,0,0,0,0.00,0,0,0,0,0.00,0.00,3,31,0,2,0,3,16,47,15.7,15.7,0,0,0,47,0,0,0,36.9%,47,47.0,0,2,3,66.7%,2.0,-,-,0,NA,NA,NA,NA,0,NA,NA,-,-,0.0,NA,NA,NA,NA,NA,NA,19,2.47,0.105,0.158,7.1%,-,-,-,47,2.000,0.7,980%,0.2,5,0,1,2,0,3.0,3,0.0%,NA,NA,NA,NA,NA,NA,NA,NA,NA,0.0%,NA,NA,@ SF,23,·,7.6,0.1
4,13305,Mike Washington Jr.,RB,23.2,LV,58,58,2.70,2.2,1,0,84,18,0,0.0%,0,0,0,0,0,0,0.00,18,0,0,0,0.00,0.00,1,-4,0,0,0,2,3,-1,-1.0,-0.5,9,0,1,17,0,18,2,21.4%,17,17.0,0,1,11,9.1%,1.0,-,-,9,28,2,3.10,0.222,1,0.111,0.532,-,-,18.0,1.0,11.1%,-12.0,-1.33,2.0,0.0,4,-0.25,0.000,0.500,3.8%,-,-,-,-1,0.000,0.0,NA,NA,3,NA,NA,NA,NA,2.0,1,0.0%,NA,NA,NA,NA,NA,NA,NA,NA,NA,0.0%,NA,NA,vs KC,19,·,4.5,-1.8
4,12495,Ollie Gordon,RB,22.7,MIA,16,12,18.00,17,1,0,39,22,0,0.0%,0,0,0,0,0,0,0.00,100,0,0,0,0.00,0.00,2,-12,0,0,0,2,12,0,0.0,0.0,9,3,2,100,1,100,11.11,56.4%,100,100.0,1,3,11,27.3%,3.0,-,-,9,95,1,10.60,0.111,3,0.333,1.171,-,-,100.0,3.0,33.3%,36.0,4.00,2.0,0.0,9,0.00,0.000,0.222,11.8%,-,-,-,0,0.000,0.0,NA,NA,6,NA,NA,NA,NA,2.0,2,0.0%,NA,NA,NA,NA,NA,NA,NA,NA,NA,0.0%,NA,NA,@ MIN,29,·,8.7,9.3
4,13285,Malachi Fields,WR,23.1,NYG,28,23,13.20,12.2,1,0,67,44,0,0.0%,0,0,0,0,0,0,0.00,0,0,0,0,0.00,0.00,2,48,0,1,1,3,4,52,26.0,17.3,0,0,0,52,0,0,0,65.7%,52,52.0,1,2,3,66.7%,2.0,-,-,0,NA,NA,NA,NA,0,NA,NA,-,-,0.0,NA,NA,NA,NA,NA,NA,20,2.60,0.050,0.150,10.3%,-,-,-,52,2.000,1.0,2080%,0.2,2,1,2,0,0,3.0,2,0.0%,NA,NA,NA,NA,NA,NA,NA,NA,NA,0.0%,NA,NA,vs ARI,2,·,5.3,7.9
4,5850,Josh Jacobs,RB,28.6,GB,999,999,0.00,0,0,0,60,0,0,0.0%,0,0,0,0,0,0,0.00,0,0,0,0,0.00,0.00,0,0,0,0,0,0,0,0,0.0,0.0,0,0,0,0,0,0,0,0.0%,0,0.0,0,0,0,NA,0.0,-,-,NA,NA,NA,NA,NA,0,NA,NA,-,-,0.0,NA,NA,NA,NA,NA,NA,NA,NA,NA,NA,NA,-,-,-,0,0.000,NA,NA,NA,NA,NA,NA,NA,NA,NA,NA,0.0%,NA,NA,NA,NA,NA,NA,NA,NA,NA,0.0%,NA,NA,@ TB,25,NA,NA,NA
4,1466,Travis Kelce,TE,37.0,KC,32,33,3.50,2.5,1,1,60,50,0,0.0%,0,0,0,0,0,0,0.00,0,0,0,0,0.00,0.00,2,2,0,1,0,4,13,15,7.5,3.8,0,0,0,15,0,0,0,83.3%,15,15.0,0,1,4,25.0%,1.0,-,-,0,NA,NA,NA,NA,0,NA,NA,-,-,0.0,NA,NA,NA,NA,NA,NA,27,0.56,0.037,0.148,13.3%,-,-,-,15,1.000,0.5,580%,0.1,7,0,1,3,0,4.0,2,0.0%,NA,NA,NA,NA,NA,NA,NA,NA,NA,0.0%,NA,NA,@ LV,3,·,11.8,-8.3
4,8126,Wan'Dale Robinson,WR,25.7,TEN,42,39,11.00,9.5,1,0,64,43,0,0.0%,0,0,0,0,0,0,0.00,1,0,0,0,0.00,0.00,3,3,0,1,1,5,16,19,6.3,3.8,1,0,0,20,0,1,1,67.2%,20,20.0,1,2,6,33.3%,2.0,-,-,1,NA,NA,NA,NA,0,0.000,NA,-,-,1.0,NA,NA,NA,NA,NA,NA,24,0.79,0.042,0.208,16.1%,-,-,-,19,2.000,0.7,710%,0.2,5,1,2,2,0,5.0,3,0.0%,NA,NA,NA,NA,NA,NA,NA,NA,NA,0.0%,NA,NA,@ BAL,11,·,9.9,1.1
4,12493,Oronde Gadsden,TE,23.3,LAC,22,23,8.80,6.3,1,1,71,39,0,0.0%,0,0,0,0,0,0,0.00,2,0,0,0,0.00,0.00,5,24,0,2,0,8,12,36,7.2,4.5,1,0,0,38,0,2,2,54.9%,38,38.0,0,2,9,22.2%,2.0,-,-,1,NA,NA,NA,NA,0,0.000,NA,-,-,2.0,NA,NA,NA,NA,NA,NA,22,1.64,0.091,0.364,25.0%,-,-,-,36,2.000,0.4,560%,0.2,2,1,1,4,0,8.0,5,0.0%,NA,NA,NA,NA,NA,NA,NA,NA,NA,0.0%,NA,NA,@ SEA,21,·,6.7,2.1
4,12474,Woody Marks,RB,25.8,HOU,34,32,8.20,8.2,1,0,55,24,0,0.0%,0,0,0,0,0,0,0.00,22,0,0,0,0.00,0.00,0,0,0,0,0,1,0,0,0.0,0.0,6,1,0,22,1,22,3.67,43.6%,22,22.0,1,1,7,14.3%,1.0,-,-,6,22,2,3.70,0.333,1,0.167,0.703,-,-,22.0,0.0,0.0%,-4.0,-0.67,1.0,1.0,10,0.00,0.000,0.100,3.2%,-,-,-,0,0.000,NA,NA,NA,NA,NA,NA,NA,NA,1.0,0,0.0%,NA,NA,NA,NA,NA,NA,NA,NA,NA,0.0%,NA,NA,vs DAL,8,·,8.7,-0.5
4,2449,Stefon Diggs,WR,32.8,WAS,50,59,8.50,6,1,0,64,42,0,0.0%,0,0,0,0,0,0,0.00,0,0,0,0,0.00,0.00,5,30,1,1,0,9,5,35,7.0,3.9,0,0,0,35,0,0,0,65.6%,35,35.0,0,1,9,11.1%,1.0,-,-,0,NA,NA,NA,NA,0,NA,NA,-,-,0.0,NA,NA,NA,NA,NA,NA,30,1.17,0.033,0.300,24.3%,-,-,-,35,1.000,0.2,1080%,0.2,1,0,3,2,0,9.0,5,0.0%,NA,NA,NA,NA,NA,NA,NA,NA,NA,0.0%,NA,NA,vs IND,10,·,12.7,-4.2
4,5872,Deebo Samuel,WR,30.7,SF,14,14,18.00,15.5,1,1,66,44,1,0.0%,0,0,0,0,0,0,0.00,44,0,0,0,0.00,0.00,5,0,0,0,1,6,26,26,5.2,4.3,3,0,2,70,0,44,14.67,66.7%,70,70.0,1,3,9,33.3%,3.0,-,-,3,NA,NA,NA,NA,2,0.667,NA,-,-,44.0,NA,NA,NA,NA,NA,NA,22,1.18,0.000,0.273,20.0%,-,-,-,26,1.000,0.2,330%,0.1,5,2,1,2,0,6.0,5,0.0%,NA,NA,NA,NA,NA,NA,NA,NA,NA,0.0%,NA,NA,vs DEN,22,·,9.3,8.7
4,6806,J.K. Dobbins,RB,27.8,DEN,38,39,7.20,6.2,1,1,65,21,0,0.0%,0,0,0,0,0,0,0.00,40,0,0,0,0.00,0.00,2,3,0,1,0,2,9,12,6.0,6.0,11,0,2,52,0,40,3.64,32.3%,52,52.0,0,3,13,23.1%,3.0,-,-,11,42,4,3.80,0.364,2,0.182,0.744,-,-,40.0,0.0,0.0%,-13.0,-1.18,0.0,0.0,4,3.00,0.250,0.500,4.8%,-,-,-,12,1.000,0.5,NA,NA,5,NA,NA,NA,NA,2.0,2,0.0%,NA,NA,NA,NA,NA,NA,NA,NA,NA,0.0%,NA,NA,@ SF,12,·,7.8,-0.6
4,13317,Ted Hurst,WR,22.2,TB,78,76,4.50,3.5,1,1,64,25,0,0.0%,0,0,0,0,0,0,0.00,0,0,0,0,0.00,0.00,2,23,0,2,0,3,2,25,12.5,8.3,0,0,0,25,0,0,0,39.1%,25,25.0,0,2,3,66.7%,2.0,-,-,0,NA,NA,NA,NA,0,NA,NA,-,-,0.0,NA,NA,NA,NA,NA,NA,13,1.92,0.154,0.231,11.1%,-,-,-,25,2.000,1.0,920%,0.2,1,0,1,2,0,3.0,2,0.0%,NA,NA,NA,NA,NA,NA,NA,NA,NA,0.0%,NA,NA,vs GB,9,·,6.1,-1.6
4,5947,Jakobi Meyers,WR,29.9,JAX,66,67,6.30,4.8,1,1,61,50,0,0.0%,0,0,0,0,0,0,0.00,0,0,0,0,0.00,0.00,3,25,0,2,0,4,8,33,11.0,8.3,0,0,0,33,0,0,0,82.0%,33,33.0,0,2,4,50.0%,2.0,-,-,0,NA,NA,NA,NA,0,NA,NA,-,-,0.0,NA,NA,NA,NA,NA,NA,20,1.65,0.100,0.200,17.4%,-,-,-,33,2.000,0.7,910%,0.2,3,1,2,1,1,4.0,3,0.0%,NA,NA,NA,NA,NA,NA,NA,NA,NA,0.0%,NA,NA,@ CIN,18,·,9.9,-3.6
4,10213,Tre Tucker,WR,25.6,LV,51,53,8.40,6.4,1,1,84,56,0,0.0%,0,0,0,0,0,0,0.00,0,0,0,0,0.00,0.00,4,34,0,2,0,8,10,44,11.0,5.5,0,0,0,44,0,0,0,66.7%,44,44.0,0,2,8,25.0%,2.0,-,-,0,NA,NA,NA,NA,0,NA,NA,-,-,0.0,NA,NA,NA,NA,NA,NA,38,1.16,0.053,0.211,15.4%,-,-,-,44,2.000,0.5,1600%,0.3,3,0,5,3,1,8.0,4,0.0%,NA,NA,NA,NA,NA,NA,NA,NA,NA,0.0%,NA,NA,vs KC,32,·,8.5,-0.1
4,9754,Quentin Johnston,WR,25.1,LAC,74,68,5.00,4.5,1,0,71,53,0,0.0%,0,0,0,0,0,0,0.00,-4,0,0,0,0.00,0.00,1,44,0,1,0,2,0,44,44.0,22.0,1,1,0,40,0,-4,-4,74.6%,40,40.0,0,1,3,33.3%,1.0,-,-,1,NA,NA,NA,NA,0,0.000,NA,-,-,-4.0,NA,NA,NA,NA,NA,NA,29,1.52,0.034,0.069,6.3%,-,-,-,44,1.000,1.0,3550%,0.3,0,0,2,0,1,2.0,1,0.0%,NA,NA,NA,NA,NA,NA,NA,NA,NA,0.0%,NA,NA,@ SEA,29,·,8.7,-3.7
4,9480,Brenton Strange,TE,25.8,JAX,6,6,16.50,13,1,1,61,53,1,0.0%,0,0,0,0,0,0,0.00,0,0,0,0,0.00,0.00,7,39,0,5,0,8,56,95,13.6,11.9,0,0,0,95,0,0,0,86.9%,95,95.0,0,5,8,62.5%,5.0,-,-,0,NA,NA,NA,NA,0,NA,NA,-,-,0.0,NA,NA,NA,NA,NA,NA,21,4.52,0.238,0.381,34.8%,-,-,-,95,5.000,0.7,810%,0.4,8,0,3,5,0,8.0,7,0.0%,NA,NA,NA,NA,NA,NA,NA,NA,NA,0.0%,NA,NA,@ CIN,9,·,9.9,6.6
4,8408,Jordan Mason,RB,27.4,MIN,999,999,0.00,0,0,0,0,0,0,0.0%,0,0,0,0,0,0,0.00,0,0,0,0,0.00,0.00,0,0,0,0,0,0,0,0,0.0,0.0,0,0,0,0,0,0,0,-,0,0.0,0,0,0,NA,0.0,-,-,NA,NA,NA,NA,NA,0,NA,NA,-,-,0.0,NA,NA,NA,NA,NA,NA,NA,NA,NA,NA,NA,-,-,-,0,0.000,NA,NA,NA,NA,NA,NA,NA,NA,NA,NA,0.0%,NA,NA,NA,NA,NA,NA,NA,NA,NA,0.0%,NA,NA,vs MIA,1,IR,IR,NA
4,8134,Khalil Shakir,WR,26.7,BUF,29,37,13.20,9.7,1,0,59,45,1,0.0%,0,0,0,0,0,0,0.00,0,0,0,0,0.00,0.00,7,25,1,2,0,8,57,82,11.7,10.3,0,0,0,82,0,0,0,76.3%,82,82.0,0,2,8,25.0%,2.0,-,-,0,NA,NA,NA,NA,0,NA,NA,-,-,0.0,NA,NA,NA,NA,NA,NA,29,2.83,0.069,0.276,24.2%,-,-,-,82,2.000,0.3,330%,0.1,8,1,1,6,0,8.0,7,0.0%,NA,NA,NA,NA,NA,NA,NA,NA,NA,0.0%,NA,NA,vs NE,15,·,8.2,5.0
4,11834,Devaughn Vele,WR,28.8,NO,15,16,17.40,14.4,1,0,74,66,0,0.0%,0,0,0,0,0,0,0.00,0,0,0,0,0.00,0.00,6,47,0,2,1,9,7,54,9.0,6.0,0,0,0,54,0,0,0,89.2%,54,54.0,1,3,9,33.3%,3.0,-,-,0,NA,NA,NA,NA,0,NA,NA,-,-,0.0,NA,NA,NA,NA,NA,NA,42,1.29,0.048,0.214,18.8%,-,-,-,54,3.000,0.5,1150%,0.2,1,3,5,3,1,9.0,6,0.0%,NA,NA,NA,NA,NA,NA,NA,NA,NA,0.0%,NA,NA,vs ATL,7,·,10.3,7.1
4,11610,Malik Washington,WR,25.7,MIA,35,38,12.00,9.5,1,1,39,34,0,0.0%,0,0,0,0,0,0,0.00,3,0,0,0,0.00,0.00,5,37,0,2,0,5,30,67,13.4,13.4,2,0,0,70,0,3,1.5,87.2%,70,70.0,0,2,7,28.6%,2.0,-,-,2,NA,NA,NA,NA,0,0.000,NA,-,-,3.0,NA,NA,NA,NA,NA,NA,17,3.94,0.118,0.294,29.4%,-,-,-,67,2.000,0.4,770%,0.3,6,0,2,1,0,5.0,5,0.0%,NA,NA,NA,NA,NA,NA,NA,NA,NA,0.0%,NA,NA,@ MIN,12,·,9.1,2.9
4,13274,Germie Bernard,WR,22.8,PIT,83,85,3.10,2.1,1,0,72,29,0,0.0%,0,0,0,0,0,0,0.00,0,0,0,0,0.00,0.00,2,9,0,0,0,2,2,11,5.5,5.5,0,0,0,11,0,0,0,40.3%,11,11.0,0,0,2,0.0%,0.0,-,-,0,NA,NA,NA,NA,0,NA,NA,-,-,0.0,NA,NA,NA,NA,NA,NA,19,0.58,0.000,0.105,5.0%,-,-,-,11,0.000,0.0,400%,0.0,1,1,0,1,0,2.0,2,0.0%,NA,NA,NA,NA,NA,NA,NA,NA,NA,0.0%,NA,NA,@ CLE,6,·,2.3,0.8
4,13349,Eli Stowers,TE,23.5,PHI,999,999,0.00,0,0,0,0,0,0,0.0%,0,0,0,0,0,0,0.00,0,0,0,0,0.00,0.00,0,0,0,0,0,0,0,0,0.0,0.0,0,0,0,0,0,0,0,-,0,0.0,0,0,0,NA,0.0,-,-,NA,NA,NA,NA,NA,0,NA,NA,-,-,0.0,NA,NA,NA,NA,NA,NA,NA,NA,NA,NA,NA,-,-,-,0,0.000,NA,NA,NA,NA,NA,NA,NA,NA,NA,NA,0.0%,NA,NA,NA,NA,NA,NA,NA,NA,NA,0.0%,NA,NA,vs LAR,28,IR,IR,NA
4,10222,Jayden Reed,WR,26.4,GB,999,999,0.00,0,0,0,0,0,0,0.0%,0,0,0,0,0,0,0.00,0,0,0,0,0.00,0.00,0,0,0,0,0,0,0,0,0.0,0.0,0,0,0,0,0,0,0,-,0,0.0,0,0,0,NA,0.0,-,-,NA,NA,NA,NA,NA,0,NA,NA,-,-,0.0,NA,NA,NA,NA,NA,NA,NA,NA,NA,NA,NA,-,-,-,0,0.000,NA,NA,NA,NA,NA,NA,NA,NA,NA,NA,0.0%,NA,NA,NA,NA,NA,NA,NA,NA,NA,0.0%,NA,NA,@ TB,24,IR,IR,NA
4,11583,Jonathon Brooks,RB,23.2,CAR,999,999,0.00,0,0,0,0,0,0,0.0%,0,0,0,0,0,0,0.00,0,0,0,0,0.00,0.00,0,0,0,0,0,0,0,0,0.0,0.0,0,0,0,0,0,0,0,-,0,0.0,0,0,0,NA,0.0,-,-,NA,NA,NA,NA,NA,0,NA,NA,-,-,0.0,NA,NA,NA,NA,NA,NA,NA,NA,NA,NA,NA,-,-,-,0,0.000,NA,NA,NA,NA,NA,NA,NA,NA,NA,NA,0.0%,NA,NA,NA,NA,NA,NA,NA,NA,NA,0.0%,NA,NA,vs DET,18,IR,IR,NA
4,5022,Dallas Goedert,TE,31.8,PHI,0,0,0.00,0,0,0,0,0,0,0.0%,0,0,0,0,0,0,0.00,0,0,0,0,0.00,0.00,0,0,0,0,0,0,0,0,0.0,0.0,0,0,0,0,0,0,0,-,0,0.0,0,0,0,NA,0.0,-,-,NA,NA,NA,NA,NA,0,NA,NA,-,-,0.0,NA,NA,NA,NA,NA,NA,NA,NA,NA,NA,NA,-,-,-,0,0.000,NA,NA,NA,NA,NA,NA,NA,NA,NA,NA,0.0%,NA,NA,NA,NA,NA,NA,NA,NA,NA,0.0%,NA,NA,vs LAR,28,OUT,OUT,NA
4,6819,Michael Pittman,WR,29.0,PIT,79,80,3.50,2.5,1,1,72,52,0,0.0%,0,0,0,0,0,0,0.00,0,0,0,0,0.00,0.00,2,8,0,0,0,4,7,15,7.5,3.8,0,0,0,15,0,0,0,72.2%,15,15.0,0,0,4,0.0%,0.0,-,-,0,NA,NA,NA,NA,0,NA,NA,-,-,0.0,NA,NA,NA,NA,NA,NA,27,0.56,0.000,0.148,10.0%,-,-,-,15,0.000,0.0,970%,0.1,4,0,2,2,0,4.0,2,0.0%,NA,NA,NA,NA,NA,NA,NA,NA,NA,0.0%,NA,NA,@ CLE,6,·,9.4,-5.9
4,12509,Tre Harris,WR,24.6,LAC,49,47,9.00,7.5,1,1,71,66,0,0.0%,0,1,0,0,1,0,39.60,0,0,0,0,0.00,0.00,3,54,0,3,0,5,6,60,20.0,12.0,0,0,0,60,0,0,0,93.0%,60,60.0,0,3,6,50.0%,3.0,-,-,0,NA,NA,NA,NA,0,NA,NA,-,-,0.0,NA,NA,NA,NA,NA,NA,34,1.76,0.088,0.147,15.6%,-,-,-,60,3.000,1.0,1820%,0.4,2,0,4,2,0,5.0,3,0.0%,0,NA,NA,NA,NA,NA,NA,NA,NA,0.0%,NA,NA,@ SEA,29,·,7.1,1.9
4,9511,Keaton Mitchell,RB,24.7,LAC,27,31,11.30,8.8,1,0,71,26,0,0.0%,0,0,0,0,0,0,0.00,39,0,0,0,0.00,0.00,5,-2,0,2,0,6,26,24,4.8,4.0,10,0,1,63,0,39,3.9,36.6%,63,63.0,0,3,16,18.8%,3.0,-,-,10,9,2,0.90,0.200,1,0.100,0.290,-,-,39.0,1.0,10.0%,-9.0,-0.90,0.0,0.0,13,1.85,0.154,0.462,18.8%,-,-,-,24,2.000,0.4,NA,NA,5,NA,NA,NA,NA,6.0,5,0.0%,NA,NA,NA,NA,NA,NA,NA,NA,NA,0.0%,NA,NA,@ SEA,28,·,6.0,5.3
4,5967,Tony Pollard,RB,29.4,TEN,24,24,13.00,12,1,1,64,34,0,0.0%,0,0,0,0,0,0,0.00,48,0,0,0,0.00,0.00,2,-9,1,0,0,4,11,2,1.0,0.5,16,0,2,50,1,48,3,53.1%,50,50.0,1,3,20,15.0%,3.0,-,-,16,46,1,2.90,0.063,3,0.188,0.353,-,-,48.0,0.0,0.0%,-10.0,-0.63,9.0,7.0,7,0.29,0.000,0.571,12.9%,-,-,-,2,0.000,0.0,NA,NA,6,NA,NA,NA,NA,4.0,2,0.0%,NA,NA,NA,NA,NA,NA,NA,NA,NA,0.0%,NA,NA,@ BAL,15,·,9.5,3.5
4,4199,Aaron Jones,RB,31.8,MIN,18,18,16.80,14.8,1,1,78,57,1,0.0%,0,0,0,0,0,0,0.00,94,0,0,0,0.00,0.00,4,4,3,2,0,8,30,34,8.5,4.3,20,0,5,128,0,94,4.7,73.1%,128,128.0,0,7,28,25.0%,7.0,-,-,20,74,2,3.70,0.100,5,0.250,0.470,-,-,94.0,3.0,15.0%,-4.0,-0.20,2.0,0.0,25,1.36,0.080,0.320,21.6%,-,-,-,34,2.000,0.5,NA,NA,8,NA,NA,NA,NA,8.0,4,0.0%,NA,NA,NA,NA,NA,NA,NA,NA,NA,0.0%,NA,NA,vs MIA,1,·,15.0,1.8
4,5045,Courtland Sutton,WR,31.0,DEN,101,101,1.40,0.9,1,0,65,48,0,0.0%,0,0,0,0,0,0,0.00,0,0,0,0,0.00,0.00,1,4,0,1,0,6,0,4,4.0,0.7,0,0,0,4,0,0,0,73.8%,4,4.0,0,1,6,16.7%,1.0,-,-,0,NA,NA,NA,NA,0,NA,NA,-,-,0.0,NA,NA,NA,NA,NA,NA,33,0.12,0.030,0.182,14.3%,-,-,-,4,1.000,1.0,1520%,0.5,0,0,5,2,0,6.0,1,0.0%,NA,NA,NA,NA,NA,NA,NA,NA,NA,0.0%,NA,NA,@ SF,23,·,10.1,-8.7
4,3257,Jacoby Brissett,QB,33.8,ARI,21,21,13.44,13.44,1,1,66,66,0,60.0%,95,35,21,8,14,3,55.20,184,2,2,166,4.74,7.90,0,0,0,0,0,0,0,0,0.0,0.0,4,1,2,18,0,18,4.5,100.0%,184,184.0,2,12,39,30.8%,12.0,-,-,4,NA,NA,NA,NA,2,0.500,NA,-,-,18.0,0.0,0.0%,NA,NA,NA,NA,NA,NA,NA,NA,NA,-,-,-,0,0.000,NA,NA,NA,NA,NA,NA,NA,NA,0.0,0,1000.0%,0.2857142857,253%,8.6%,0.385,7.3,3900.0%,+0.08,-24.30,-0.6,16600.0%,53.8%,1,@ NYG,14,·,15.8,-2.3
4,8121,Romeo Doubs,WR,26.5,NE,8,8,23.80,20.8,1,0,76,49,0,0.0%,0,0,0,0,0,0,0.00,0,0,0,0,0.00,0.00,6,58,2,3,2,9,0,58,9.7,6.4,0,0,0,58,0,0,0,64.5%,58,58.0,2,5,9,55.6%,5.0,-,-,0,NA,NA,NA,NA,0,NA,NA,-,-,0.0,NA,NA,NA,NA,NA,NA,29,2.00,0.103,0.310,24.3%,-,-,-,58,5.000,0.8,1470%,0.4,0,3,6,3,2,9.0,6,0.0%,NA,NA,NA,NA,NA,NA,NA,NA,NA,0.0%,NA,NA,@ BUF,5,·,9.0,14.8
4,4037,Chris Godwin,WR,30.6,TB,48,58,9.10,6.1,1,0,64,56,0,0.0%,0,0,0,0,0,0,0.00,0,0,0,0,0.00,0.00,6,2,0,2,0,7,29,31,5.2,4.4,0,0,0,31,0,0,0,87.5%,31,31.0,0,2,7,28.6%,2.0,-,-,0,NA,NA,NA,NA,0,NA,NA,-,-,0.0,NA,NA,NA,NA,NA,NA,30,1.03,0.067,0.233,25.9%,-,-,-,31,2.000,0.3,240%,0.2,5,0,1,3,0,7.0,6,0.0%,NA,NA,NA,NA,NA,NA,NA,NA,NA,0.0%,NA,NA,vs GB,9,·,8.9,0.2
4,11637,Keon Coleman,WR,23.4,BUF,9,9,23.60,20.6,1,1,59,46,0,0.0%,0,0,0,0,0,0,0.00,0,0,0,0,0.00,0.00,6,88,0,4,1,7,28,116,19.3,16.6,0,0,0,116,0,0,0,78.0%,116,116.0,1,5,7,71.4%,5.0,-,-,0,NA,NA,NA,NA,0,NA,NA,-,-,0.0,NA,NA,NA,NA,NA,NA,25,4.64,0.160,0.280,21.2%,-,-,-,116,5.000,0.8,1210%,0.3,5,1,4,4,2,7.0,6,0.0%,NA,NA,NA,NA,NA,NA,NA,NA,NA,0.0%,NA,NA,vs NE,15,·,4.8,18.8
4,5001,Dalton Schultz,TE,30.2,HOU,39,41,2.90,1.9,1,1,55,35,0,0.0%,0,0,0,0,0,0,0.00,0,0,0,0,0.00,0.00,2,4,0,1,0,2,5,9,4.5,4.5,0,0,0,9,0,0,0,63.6%,9,9.0,0,1,2,50.0%,1.0,-,-,0,NA,NA,NA,NA,0,NA,NA,-,-,0.0,NA,NA,NA,NA,NA,NA,22,0.41,0.045,0.091,6.5%,-,-,-,9,1.000,0.5,230%,0.0,3,1,0,1,0,2.0,2,0.0%,NA,NA,NA,NA,NA,NA,NA,NA,NA,0.0%,NA,NA,vs DAL,6,·,10.5,-7.6
4,11603,AJ Barner,TE,24.4,SEA,44,43,2.20,1.7,1,1,60,54,0,0.0%,0,0,0,0,0,0,0.00,0,0,0,0,0.00,0.00,1,5,1,1,0,3,7,12,12.0,4.0,0,0,0,12,0,0,0,90.0%,12,12.0,0,1,3,33.3%,1.0,-,-,0,NA,NA,NA,NA,0,NA,NA,-,-,0.0,NA,NA,NA,NA,NA,NA,17,0.71,0.059,0.176,13.6%,-,-,-,12,1.000,1.0,550%,0.1,7,1,1,1,0,3.0,1,0.0%,NA,NA,NA,NA,NA,NA,NA,NA,NA,0.0%,NA,NA,vs LAC,18,·,9.4,-7.2
4,7021,Rico Dowdle,RB,28.3,PIT,0,0,0.00,0,0,0,0,0,0,0.0%,0,0,0,0,0,0,0.00,0,0,0,0,0.00,0.00,0,0,0,0,0,0,0,0,0.0,0.0,0,0,0,0,0,0,0,-,0,0.0,0,0,0,NA,0.0,-,-,NA,NA,NA,NA,NA,0,NA,NA,-,-,0.0,NA,NA,NA,NA,NA,NA,NA,NA,NA,NA,NA,-,-,-,0,0.000,NA,NA,NA,NA,NA,NA,NA,NA,NA,NA,0.0%,NA,NA,NA,NA,NA,NA,NA,NA,NA,0.0%,NA,NA,@ CLE,24,OUT,OUT,NA
4,8132,Tyler Allgeier,RB,26.5,ARI,25,25,12.90,11.9,1,0,66,36,0,0.0%,0,0,0,0,0,0,0.00,42,0,0,0,0.00,0.00,2,-6,0,0,0,2,13,7,3.5,3.5,8,1,1,49,1,42,5.25,54.5%,49,49.0,1,2,10,20.0%,2.0,-,-,8,54,3,6.70,0.375,2,0.250,1.045,-,-,42.0,1.0,12.5%,12.0,1.50,2.0,1.0,14,0.50,0.000,0.143,5.7%,-,-,-,7,0.000,0.0,NA,NA,7,NA,NA,NA,NA,2.0,2,0.0%,NA,NA,NA,NA,NA,NA,NA,NA,NA,0.0%,NA,NA,@ NYG,10,·,7.9,5.0
4,8136,Rachaad White,RB,27.7,WAS,0,0,0.00,0,0,0,0,0,0,0.0%,0,0,0,0,0,0,0.00,0,0,0,0,0.00,0.00,0,0,0,0,0,0,0,0,0.0,0.0,0,0,0,0,0,0,0,-,0,0.0,0,0,0,NA,0.0,-,-,NA,NA,NA,NA,NA,0,NA,NA,-,-,0.0,NA,NA,NA,NA,NA,NA,NA,NA,NA,NA,NA,-,-,-,0,0.000,NA,NA,NA,NA,NA,NA,NA,NA,NA,NA,0.0%,NA,NA,NA,NA,NA,NA,NA,NA,NA,0.0%,NA,NA,vs IND,6,OUT,OUT,NA
4,13288,Nicholas Singleton,RB,22.7,TEN,78,78,0.20,0.2,1,0,64,8,0,0.0%,0,0,0,0,0,0,0.00,2,0,0,0,0.00,0.00,0,0,0,0,0,0,0,0,0.0,0.0,3,0,0,2,0,2,0.67,12.5%,2,2.0,0,0,3,0.0%,0.0,-,-,3,5,1,1.60,0.333,0,0.000,0.493,-,-,2.0,0.0,0.0%,-8.0,-2.67,1.0,0.0,4,0.00,0.000,0.000,0.0%,-,-,-,0,0.000,NA,NA,NA,NA,NA,NA,NA,NA,0.0,0,0.0%,NA,NA,NA,NA,NA,NA,NA,NA,NA,0.0%,NA,NA,@ BAL,15,·,0.8,-0.6
4,9225,Tank Bigsby,RB,25.1,PHI,43,43,5.50,5.5,1,0,61,29,0,0.0%,0,0,0,0,0,0,0.00,55,0,0,0,0.00,0.00,0,0,0,0,0,1,0,0,0.0,0.0,14,0,3,55,0,55,3.93,47.5%,55,55.0,0,3,15,20.0%,3.0,-,-,14,57,3,4.10,0.214,3,0.214,0.624,-,-,55.0,1.0,7.1%,-4.0,-0.29,2.0,0.0,8,0.00,0.000,0.125,3.7%,-,-,-,0,0.000,NA,NA,NA,NA,NA,NA,NA,NA,1.0,0,0.0%,NA,NA,NA,NA,NA,NA,NA,NA,NA,0.0%,NA,NA,vs LAR,27,·,3.4,2.1
4,11643,Jaylen Wright,RB,23.5,MIA,76,75,0.70,0.7,1,1,39,12,0,0.0%,0,0,0,0,0,0,0.00,7,0,0,0,0.00,0.00,0,0,0,0,0,0,0,0,0.0,0.0,5,1,0,7,0,7,1.4,30.8%,7,7.0,0,0,5,0.0%,0.0,-,-,5,14,1,2.70,0.200,0,0.000,0.470,-,-,7.0,0.0,0.0%,-5.0,-1.00,0.0,0.0,2,0.00,0.000,0.000,0.0%,-,-,-,0,0.000,NA,NA,NA,NA,NA,NA,NA,NA,0.0,0,0.0%,NA,NA,NA,NA,NA,NA,NA,NA,NA,0.0%,NA,NA,@ MIN,29,·,4.4,-3.7
4,1166,Kirk Cousins,QB,38.1,LV,4,4,23.60,23.6,1,1,84,84,0,59.6%,219,52,31,17,21,1,85.80,365,0,2,365,7.02,11.77,0,0,0,0,0,0,0,0,0.0,0.0,0,0,0,0,0,0,0,100.0%,365,365.0,2,19,52,36.5%,19.0,-,-,0,NA,NA,NA,NA,0,NA,NA,-,-,0.0,0.0,NA,NA,NA,NA,NA,NA,NA,NA,NA,NA,-,-,-,0,0.000,NA,NA,NA,NA,NA,NA,NA,NA,0.0,0,1900.0%,0.3653846154,328%,11.5%,0.346,8.9,5200.0%,+0.02,+7.80,0.2,36500.0%,26.9%,1,vs KC,32,·,15.0,8.6
4,4017,Deshaun Watson,QB,31.0,CLE,18,18,13.92,13.92,1,1,64,64,2,72.7%,91,33,24,13,9,1,94.00,290,2,1,268,8.12,11.17,0,0,0,0,0,0,0,0,0.0,0.0,7,0,1,22,0,22,3.14,100.0%,290,290.0,1,15,40,37.5%,15.0,-,-,7,NA,NA,NA,NA,1,0.143,NA,-,-,22.0,1.0,14.3%,NA,NA,NA,NA,NA,NA,NA,NA,NA,-,-,-,0,0.000,NA,NA,NA,NA,NA,NA,NA,NA,0.0,0,1400.0%,0.4242424242,251%,15.2%,0.216,6.9,3700.0%,+0.01,+8.30,0.2,26800.0%,29.7%,1,vs PIT,29,·,15.0,-1.1
4,5012,Mark Andrews,TE,31.1,BAL,8,9,13.70,11.2,1,1,64,37,0,0.0%,0,0,0,0,0,0,0.00,0,0,0,0,0.00,0.00,5,26,0,1,1,6,1,27,5.4,4.5,0,0,0,27,0,0,0,57.8%,27,27.0,1,2,6,33.3%,2.0,-,-,0,NA,NA,NA,NA,0,NA,NA,-,-,0.0,NA,NA,NA,NA,NA,NA,24,1.13,0.042,0.250,20.7%,-,-,-,27,2.000,0.4,940%,0.3,0,2,2,3,2,6.0,5,0.0%,NA,NA,NA,NA,NA,NA,NA,NA,NA,0.0%,NA,NA,vs TEN,30,·,9.8,3.9
4,11638,Ricky Pearsall,WR,26.1,SF,999,999,0.00,0,0,0,0,0,0,0.0%,0,0,0,0,0,0,0.00,0,0,0,0,0.00,0.00,0,0,0,0,0,0,0,0,0.0,0.0,0,0,0,0,0,0,0,-,0,0.0,0,0,0,NA,0.0,-,-,NA,NA,NA,NA,NA,0,NA,NA,-,-,0.0,NA,NA,NA,NA,NA,NA,NA,NA,NA,NA,NA,-,-,-,0,0.000,NA,NA,NA,NA,NA,NA,NA,NA,NA,NA,0.0%,NA,NA,NA,NA,NA,NA,NA,NA,NA,0.0%,NA,NA,vs DEN,22,IR,IR,NA
4,9482,Michael Mayer,TE,25.2,LV,7,7,16.20,12.2,1,1,84,74,0,0.0%,0,0,0,0,0,0,0.00,0,0,0,0,0.00,0.00,8,44,0,5,0,10,38,82,10.3,8.2,0,0,0,82,0,0,0,88.1%,82,82.0,0,5,10,50.0%,5.0,-,-,0,NA,NA,NA,NA,0,NA,NA,-,-,0.0,NA,NA,NA,NA,NA,NA,36,2.28,0.139,0.278,19.2%,-,-,-,82,5.000,0.6,660%,0.2,5,0,1,3,0,10.0,8,0.0%,NA,NA,NA,NA,NA,NA,NA,NA,NA,0.0%,NA,NA,vs KC,15,·,5.6,10.6
4,13272,Carson Beck,QB,24.9,ARI,0,0,0.00,0,0,0,0,0,0,0.0%,0,0,0,0,0,0,0.00,0,0,0,0,0.00,0.00,0,0,0,0,0,0,0,0,0.0,0.0,0,0,0,0,0,0,0,-,0,0.0,0,0,0,NA,0.0,-,-,NA,NA,NA,NA,NA,0,NA,NA,-,-,0.0,NA,NA,NA,NA,NA,NA,NA,NA,NA,NA,NA,-,-,-,0,0.000,NA,NA,NA,NA,NA,NA,NA,NA,NA,NA,0.0%,NA,NA,NA,NA,NA,NA,NA,NA,NA,0.0%,NA,NA,@ NYG,14,·,·,NA
4,1373,Geno Smith,QB,36.0,NYJ,31,31,8.76,8.76,1,1,32,32,0,53.3%,72,15,8,3,7,0,101.80,119,3,1,119,7.93,14.88,0,0,0,0,0,0,0,0,0.0,0.0,0,0,0,0,0,0,0,100.0%,119,119.0,1,4,15,26.7%,4.0,-,-,0,NA,NA,NA,NA,0,NA,NA,-,-,0.0,0.0,NA,NA,NA,NA,NA,NA,NA,NA,NA,NA,-,-,-,0,0.000,NA,NA,NA,NA,NA,NA,NA,NA,0.0,0,400.0%,0.2666666667,295%,6.7%,0.5,6.4,1800.0%,-0.07,-8.20,-0.5,11900.0%,27.8%,1,@ CHI,15,·,14.8,-6.0
4,11630,Roman Wilson,WR,25.3,PIT,18,15,16.40,14.9,1,0,72,22,0,0.0%,0,0,0,0,0,0,0.00,0,0,0,0,0.00,0.00,3,29,0,2,1,6,45,74,24.7,12.3,0,0,0,74,0,0,0,30.6%,74,74.0,1,3,6,50.0%,3.0,-,-,0,NA,NA,NA,NA,0,NA,NA,-,-,0.0,NA,NA,NA,NA,NA,NA,18,4.11,0.111,0.333,15.0%,-,-,-,74,3.000,1.0,2070%,0.3,15,2,5,3,1,6.0,3,0.0%,NA,NA,NA,NA,NA,NA,NA,NA,NA,0.0%,NA,NA,@ CLE,6,·,5.2,11.2
4,8154,Brian Robinson,RB,27.5,ATL,8,8,25.70,25.2,1,0,57,24,0,0.0%,0,0,0,0,0,0,0.00,62,0,0,0,0.00,0.00,1,-4,0,0,0,1,9,5,5.0,5.0,14,0,4,67,3,62,4.43,42.1%,67,67.0,3,7,15,46.7%,7.0,-,-,14,49,6,3.50,0.429,7,0.500,0.779,-,-,62.0,1.0,7.1%,1.0,0.07,4.0,0.0,4,1.25,0.000,0.250,5.0%,-,-,-,5,0.000,0.0,NA,NA,9,NA,NA,NA,NA,1.0,1,0.0%,NA,NA,NA,NA,NA,NA,NA,NA,NA,0.0%,NA,NA,@ NO,7,·,4.3,21.4
4,7571,Rashod Bateman,WR,26.8,BAL,64,61,6.60,5.6,1,0,64,30,0,0.0%,0,0,0,0,0,0,0.00,0,0,0,0,0.00,0.00,2,26,0,2,0,2,20,46,23.0,23.0,0,0,0,46,0,0,0,46.9%,46,46.0,0,2,2,100.0%,2.0,-,-,0,NA,NA,NA,NA,0,NA,NA,-,-,0.0,NA,NA,NA,NA,NA,NA,17,2.71,0.118,0.118,6.9%,-,-,-,46,2.000,1.0,1190%,0.1,10,0,2,0,0,2.0,2,0.0%,NA,NA,NA,NA,NA,NA,NA,NA,NA,0.0%,NA,NA,vs TEN,16,·,7.7,-1.1
4,7567,Kenneth Gainwell,RB,27.6,TB,29,28,10.70,9.7,1,1,64,27,0,0.0%,0,0,0,0,0,0,0.00,5,0,0,0,0.00,0.00,2,-1,0,0,1,2,23,22,11.0,11.0,3,0,0,27,0,5,1.67,42.2%,27,27.0,1,1,5,20.0%,1.0,-,-,3,7,1,2.20,0.333,0,0.000,0.553,-,-,5.0,0.0,0.0%,-7.0,-2.33,0.0,0.0,12,1.83,0.000,0.167,7.4%,-,-,-,22,1.000,0.5,NA,NA,12,NA,NA,NA,NA,2.0,2,0.0%,NA,NA,NA,NA,NA,NA,NA,NA,NA,0.0%,NA,NA,vs GB,2,·,7.6,3.1
4,9504,Kayshon Boutte,WR,24.4,HOU,65,66,6.60,5.1,1,0,55,34,0,0.0%,0,0,0,0,0,0,0.00,0,0,0,0,0.00,0.00,3,35,0,1,0,4,1,36,12.0,9.0,0,0,0,36,0,0,0,61.8%,36,36.0,0,1,4,25.0%,1.0,-,-,0,NA,NA,NA,NA,0,NA,NA,-,-,0.0,NA,NA,NA,NA,NA,NA,21,1.71,0.048,0.190,12.9%,-,-,-,36,1.000,0.3,1190%,0.1,0,0,2,2,0,4.0,3,0.0%,NA,NA,NA,NA,NA,NA,NA,NA,NA,0.0%,NA,NA,vs DAL,20,·,6.6,0.0
4,7600,Pat Freiermuth,TE,27.9,PIT,18,14,10.70,9.2,1,1,72,54,0,0.0%,0,0,0,0,0,0,0.00,0,0,0,0,0.00,0.00,3,12,0,0,1,5,5,17,5.7,3.4,0,0,0,17,0,0,0,75.0%,17,17.0,1,1,5,20.0%,1.0,-,-,0,NA,NA,NA,NA,0,NA,NA,-,-,0.0,NA,NA,NA,NA,NA,NA,32,0.53,0.000,0.156,12.5%,-,-,-,17,1.000,0.3,710%,0.1,2,1,1,2,1,5.0,3,0.0%,NA,NA,NA,NA,NA,NA,NA,NA,NA,0.0%,NA,NA,@ CLE,14,·,7.9,2.8
4,13320,Zachariah Branch,WR,22.5,ATL,84,87,3.00,2,1,0,57,13,0,0.0%,0,0,0,0,0,0,0.00,0,0,0,0,0.00,0.00,2,3,0,0,0,2,7,10,5.0,5.0,0,0,0,10,0,0,0,22.8%,10,10.0,0,0,2,0.0%,0.0,-,-,0,NA,NA,NA,NA,0,NA,NA,-,-,0.0,NA,NA,NA,NA,NA,NA,6,1.67,0.000,0.333,10.0%,-,-,-,10,0.000,0.0,120%,0.0,4,0,0,2,0,2.0,2,0.0%,NA,NA,NA,NA,NA,NA,NA,NA,NA,0.0%,NA,NA,@ NO,21,·,3.1,-0.1
4,5844,T.J. Hockenson,TE,29.2,MIN,1,1,24.90,18.4,1,1,78,65,0,0.0%,0,0,0,0,0,0,0.00,0,0,0,0,0.00,0.00,13,83,0,8,0,13,36,119,9.2,9.2,0,0,0,119,0,0,0,83.3%,119,119.0,0,8,13,61.5%,8.0,-,-,0,NA,NA,NA,NA,0,NA,NA,-,-,0.0,NA,NA,NA,NA,NA,NA,31,3.84,0.258,0.419,35.1%,-,-,-,119,8.000,0.6,570%,0.5,3,3,3,6,0,13.0,13,0.0%,NA,NA,NA,NA,NA,NA,NA,NA,NA,0.0%,NA,NA,vs MIA,10,·,9.8,15.1
4,13421,Eli Raridon,TE,22.6,NE,45,44,2.20,1.7,1,0,76,44,0,0.0%,0,0,0,0,0,0,0.00,0,0,0,0,0.00,0.00,1,12,0,1,0,2,0,12,12.0,6.0,0,0,0,12,0,0,0,57.9%,12,12.0,0,1,2,50.0%,1.0,-,-,0,NA,NA,NA,NA,0,NA,NA,-,-,0.0,NA,NA,NA,NA,NA,NA,17,0.71,0.059,0.118,5.4%,-,-,-,12,1.000,1.0,1140%,0.1,0,1,2,0,1,2.0,1,0.0%,NA,NA,NA,NA,NA,NA,NA,NA,NA,0.0%,NA,NA,@ BUF,22,Q,4.2,-2.0
4,12469,Dylan Sampson,RB,22.0,CLE,999,999,0.00,0,0,0,0,0,0,0.0%,0,0,0,0,0,0,0.00,0,0,0,0,0.00,0.00,0,0,0,0,0,0,0,0,0.0,0.0,0,0,0,0,0,0,0,-,0,0.0,0,0,0,NA,0.0,-,-,NA,NA,NA,NA,NA,0,NA,NA,-,-,0.0,NA,NA,NA,NA,NA,NA,NA,NA,NA,NA,NA,-,-,-,0,0.000,NA,NA,NA,NA,NA,NA,NA,NA,NA,NA,0.0%,NA,NA,NA,NA,NA,NA,NA,NA,NA,0.0%,NA,NA,vs PIT,11,IR,IR,NA
4,12536,Jaylin Noel,WR,24.1,HOU,36,33,11.90,10.4,1,0,55,34,0,0.0%,0,0,0,0,0,0,0.00,4,0,0,0,0.00,0.00,3,70,0,3,0,3,15,85,28.3,28.3,1,0,0,89,0,4,4,61.8%,89,89.0,0,3,4,75.0%,3.0,-,-,1,NA,NA,NA,NA,0,0.000,NA,-,-,4.0,NA,NA,NA,NA,NA,NA,20,4.25,0.150,0.150,9.7%,-,-,-,85,3.000,1.0,2340%,0.2,5,0,3,0,0,3.0,3,0.0%,NA,NA,NA,NA,NA,NA,NA,NA,NA,0.0%,NA,NA,vs DAL,20,·,2.2,9.7
4,11618,Jalen McMillan,WR,24.8,TB,999,999,0.00,0,0,0,0,0,0,0.0%,0,0,0,0,0,0,0.00,0,0,0,0,0.00,0.00,0,0,0,0,0,0,0,0,0.0,0.0,0,0,0,0,0,0,0,-,0,0.0,0,0,0,NA,0.0,-,-,NA,NA,NA,NA,NA,0,NA,NA,-,-,0.0,NA,NA,NA,NA,NA,NA,NA,NA,NA,NA,NA,-,-,-,0,0.000,NA,NA,NA,NA,NA,NA,NA,NA,NA,NA,0.0%,NA,NA,NA,NA,NA,NA,NA,NA,NA,0.0%,NA,NA,vs GB,9,IR,IR,NA
4,12535,Isaac TeSlaa,WR,24.6,DET,26,28,13.50,11.5,1,1,71,58,0,0.0%,0,0,0,0,0,0,0.00,0,0,0,0,0.00,0.00,4,83,0,3,0,8,12,95,23.8,11.9,0,0,0,95,0,0,0,81.7%,95,95.0,0,3,8,37.5%,3.0,-,-,0,NA,NA,NA,NA,0,NA,NA,-,-,0.0,NA,NA,NA,NA,NA,NA,45,2.11,0.067,0.178,15.4%,-,-,-,95,3.000,0.8,1690%,0.3,3,1,5,0,1,8.0,4,0.0%,NA,NA,NA,NA,NA,NA,NA,NA,NA,0.0%,NA,NA,@ CAR,31,·,4.3,9.2
4,8676,Rashid Shaheed,WR,28.1,SEA,33,26,12.30,11.8,1,1,60,36,1,0.0%,0,0,0,0,0,0,0.00,33,0,0,0,0.00,0.00,1,19,0,1,0,3,1,20,20.0,6.7,2,0,0,53,1,33,16.5,60.0%,53,53.0,1,2,5,40.0%,2.0,-,-,2,NA,NA,NA,NA,1,0.500,NA,-,-,33.0,NA,NA,NA,NA,NA,NA,17,1.18,0.059,0.176,13.6%,-,-,-,20,1.000,1.0,1900%,0.4,1,0,3,1,0,3.0,1,0.0%,NA,NA,NA,NA,NA,NA,NA,NA,NA,0.0%,NA,NA,vs LAC,14,·,6.9,5.4
4,9508,Tyjae Spears,RB,25.3,TEN,68,70,1.60,1.1,1,0,64,23,0,0.0%,0,0,0,0,0,0,0.00,7,0,0,0,0.00,0.00,1,-3,0,0,0,1,2,-1,-1.0,-1.0,2,0,0,6,0,7,3.5,35.9%,6,6.0,0,0,3,0.0%,0.0,-,-,2,8,2,3.90,1.000,0,0.000,1.390,-,-,7.0,0.0,0.0%,1.0,0.50,1.0,0.0,16,-0.06,0.000,0.063,3.2%,-,-,-,-1,0.000,0.0,NA,NA,2,NA,NA,NA,NA,1.0,1,0.0%,NA,NA,NA,NA,NA,NA,NA,NA,NA,0.0%,NA,NA,@ BAL,15,Q,8.0,-6.4
4,7527,Mac Jones,QB,28.1,SF,999,999,0.00,0,0,0,66,0,0,0.0%,0,0,0,0,0,0,0.00,0,0,0,0,0.00,0.00,0,0,0,0,0,0,0,0,0.0,0.0,0,0,0,0,0,0,0,0.0%,0,0.0,0,0,0,NA,0.0,-,-,NA,NA,NA,NA,NA,0,NA,NA,-,-,0.0,NA,NA,NA,NA,NA,NA,NA,NA,NA,NA,NA,-,-,-,0,0.000,NA,NA,NA,NA,NA,NA,NA,NA,NA,NA,0.0%,NA,NA,NA,NA,NA,NA,NA,NA,NA,0.0%,NA,NA,vs DEN,17,·,·,NA
4,11565,J.J. McCarthy,QB,23.7,NYG,999,999,0.00,0,0,0,67,0,0,0.0%,0,0,0,0,0,0,0.00,0,0,0,0,0.00,0.00,0,0,0,0,0,0,0,0,0.0,0.0,0,0,0,0,0,0,0,0.0%,0,0.0,0,0,0,NA,0.0,-,-,NA,NA,NA,NA,NA,0,NA,NA,-,-,0.0,NA,NA,NA,NA,NA,NA,NA,NA,NA,NA,NA,-,-,-,0,0.000,NA,NA,NA,NA,NA,NA,NA,NA,NA,NA,0.0%,NA,NA,NA,NA,NA,NA,NA,NA,NA,0.0%,NA,NA,vs ARI,4,·,·,NA
4,13289,Drew Allar,QB,22.6,PIT,0,0,0.00,0,0,0,0,0,0,0.0%,0,0,0,0,0,0,0.00,0,0,0,0,0.00,0.00,0,0,0,0,0,0,0,0,0.0,0.0,0,0,0,0,0,0,0,-,0,0.0,0,0,0,NA,0.0,-,-,NA,NA,NA,NA,NA,0,NA,NA,-,-,0.0,NA,NA,NA,NA,NA,NA,NA,NA,NA,NA,NA,-,-,-,0,0.000,NA,NA,NA,NA,NA,NA,NA,NA,NA,NA,0.0%,NA,NA,NA,NA,NA,NA,NA,NA,NA,0.0%,NA,NA,@ CLE,16,OUT,OUT,NA
4,12524,Shedeur Sanders,QB,24.6,CLE,999,999,0.00,0,0,0,64,0,0,0.0%,0,0,0,0,0,0,0.00,0,0,0,0,0.00,0.00,0,0,0,0,0,0,0,0,0.0,0.0,0,0,0,0,0,0,0,0.0%,0,0.0,0,0,0,NA,0.0,-,-,NA,NA,NA,NA,NA,0,NA,NA,-,-,0.0,NA,NA,NA,NA,NA,NA,NA,NA,NA,NA,NA,-,-,-,0,0.000,NA,NA,NA,NA,NA,NA,NA,NA,NA,NA,0.0%,NA,NA,NA,NA,NA,NA,NA,NA,NA,0.0%,NA,NA,vs PIT,29,·,·,NA
4,13425,Jalon Daniels,QB,23.9,TB,22,22,13.42,13.42,1,1,64,63,0,70.4%,29,27,19,9,8,2,65.00,203,3,1,148,5.48,7.79,0,0,0,0,0,0,0,0,0.0,0.0,8,0,2,55,0,55,6.88,98.4%,203,203.0,1,12,35,34.3%,12.0,-,-,8,NA,NA,NA,NA,2,0.250,NA,-,-,55.0,2.0,25.0%,NA,NA,NA,NA,NA,NA,NA,NA,NA,-,-,-,0,0.000,NA,NA,NA,NA,NA,NA,NA,NA,0.0,0,1000.0%,0.3703703704,282%,0%,0.472,4.2,3600.0%,+0.04,-6.70,-0.2,14800.0%,50.0%,0,vs GB,22,·,13.1,0.3
4,9757,Kendre Miller,RB,24.3,NO,65,72,1.90,0.9,1,0,74,19,1,0.0%,0,0,0,0,0,0,0.00,9,0,0,0,0.00,0.00,2,4,0,0,0,3,6,10,5.0,3.3,6,0,1,19,0,9,1.5,25.7%,19,19.0,0,1,9,11.1%,1.0,-,-,6,13,1,2.20,0.167,1,0.167,0.387,-,-,9.0,0.0,0.0%,-14.0,-2.33,0.0,0.0,10,1.00,0.000,0.300,6.3%,-,-,-,10,0.000,0.0,NA,NA,3,NA,NA,NA,NA,3.0,2,0.0%,NA,NA,NA,NA,NA,NA,NA,NA,NA,0.0%,NA,NA,vs ATL,30,·,7.1,-5.2
4,10219,Chris Rodriguez,RB,26.0,JAX,31,29,9.50,9.5,1,0,61,15,0,0.0%,0,0,0,0,0,0,0.00,35,0,0,0,0.00,0.00,0,0,0,0,0,0,0,0,0.0,0.0,6,0,1,35,1,35,5.83,24.6%,35,35.0,1,2,6,33.3%,2.0,-,-,6,9,2,1.50,0.333,2,0.333,0.483,-,-,35.0,1.0,16.7%,7.0,1.17,1.0,1.0,4,0.00,0.000,0.000,0.0%,-,-,-,0,0.000,NA,NA,NA,NA,NA,NA,NA,NA,0.0,0,0.0%,NA,NA,NA,NA,NA,NA,NA,NA,NA,0.0%,NA,NA,@ CIN,20,·,5.4,4.1
4,2307,Marcus Mariota,QB,32.9,WAS,32,32,5.34,5.34,1,1,64,10,0,75.0%,10,4,3,1,1,0,112.50,81,1,0,46,11.50,15.33,0,0,0,0,0,0,0,0,0.0,0.0,1,0,1,35,0,35,35,15.6%,81,81.0,0,2,5,40.0%,2.0,-,-,1,NA,NA,NA,NA,1,1.000,NA,-,-,35.0,1.0,100.0%,NA,NA,NA,NA,NA,NA,NA,NA,NA,-,-,-,0,0.000,NA,NA,NA,NA,NA,NA,NA,NA,0.0,0,100.0%,0.25,359%,0%,0.2,6.2,500.0%,+0.05,+0.90,0.2,4600.0%,0.0%,1,vs IND,5,·,16.3,-10.9
4,13413,Cyrus Allen,WR,23.6,KC,999,999,0.00,0,1,0,60,5,0,0.0%,0,0,0,0,0,0,0.00,0,0,0,0,0.00,0.00,0,0,0,0,0,1,0,0,0.0,0.0,0,0,0,0,0,0,0,8.3%,0,0.0,0,0,1,0.0%,0.0,-,-,0,NA,NA,NA,NA,0,NA,NA,-,-,0.0,NA,NA,NA,NA,NA,NA,NA,NA,NA,NA,NA,-,-,-,0,0.000,NA,NA,NA,NA,NA,NA,NA,NA,1.0,0,0.0%,NA,NA,NA,NA,NA,NA,NA,NA,NA,0.0%,NA,NA,@ LV,30,·,0.4,-0.4
4,3214,Hunter Henry,TE,31.8,NE,17,19,11.20,8.7,1,1,76,49,0,0.0%,0,0,0,0,0,0,0.00,0,0,0,0,0.00,0.00,5,35,0,4,0,5,27,62,12.4,12.4,0,0,0,62,0,0,0,64.5%,62,62.0,0,4,5,80.0%,4.0,-,-,0,NA,NA,NA,NA,0,NA,NA,-,-,0.0,NA,NA,NA,NA,NA,NA,28,2.21,0.143,0.179,13.5%,-,-,-,62,4.000,0.8,630%,0.1,5,0,2,1,0,5.0,5,0.0%,NA,NA,NA,NA,NA,NA,NA,NA,NA,0.0%,NA,NA,@ BUF,22,·,9.6,1.6
4,12483,Jack Bech,WR,23.8,LV,999,999,0.00,0,0,0,0,0,0,0.0%,0,0,0,0,0,0,0.00,0,0,0,0,0.00,0.00,0,0,0,0,0,0,0,0,0.0,0.0,0,0,0,0,0,0,0,-,0,0.0,0,0,0,NA,0.0,-,-,NA,NA,NA,NA,NA,0,NA,NA,-,-,0.0,NA,NA,NA,NA,NA,NA,NA,NA,NA,NA,NA,-,-,-,0,0.000,NA,NA,NA,NA,NA,NA,NA,NA,NA,NA,0.0%,NA,NA,NA,NA,NA,NA,NA,NA,NA,0.0%,NA,NA,vs KC,32,IR,IR,NA
4,12504,Kaleb Johnson,RB,23.1,GB,61,60,2.20,2.2,1,0,60,17,1,0.0%,0,0,0,0,0,0,0.00,42,0,0,0,0.00,0.00,0,0,0,0,0,0,0,0,0.0,0.0,8,2,1,42,0,42,5.25,28.3%,42,42.0,0,1,8,12.5%,1.0,-,-,8,30,1,3.80,0.125,1,0.125,0.505,-,-,42.0,1.0,12.5%,17.0,2.13,2.0,2.0,5,0.00,0.000,0.000,0.0%,-,-,-,0,0.000,NA,NA,NA,NA,NA,NA,NA,NA,0.0,0,0.0%,NA,NA,NA,NA,NA,NA,NA,NA,NA,0.0%,NA,NA,@ TB,25,·,5.7,-3.5
4,13405,Kaytron Allen,RB,23.7,WAS,79,79,0.10,0.1,1,0,64,12,0,0.0%,0,0,0,0,0,0,0.00,1,0,0,0,0.00,0.00,0,0,0,0,0,0,0,0,0.0,0.0,3,0,0,1,0,1,0.33,18.8%,1,1.0,0,0,3,0.0%,0.0,-,-,3,7,0,2.40,0.000,0,0.000,0.240,-,-,1.0,0.0,0.0%,-9.0,-3.00,1.0,1.0,6,0.00,0.000,0.000,0.0%,-,-,-,0,0.000,NA,NA,NA,NA,NA,NA,NA,NA,0.0,0,0.0%,NA,NA,NA,NA,NA,NA,NA,NA,NA,0.0%,NA,NA,vs IND,6,·,3.6,-3.5
4,8210,Chigoziem Okonkwo,TE,27.1,WAS,42,47,2.50,1.5,1,1,64,37,0,0.0%,0,0,0,0,0,0,0.00,0,0,0,0,0.00,0.00,2,5,0,0,0,4,0,5,2.5,1.3,0,0,0,5,0,0,0,57.8%,5,5.0,0,0,4,0.0%,0.0,-,-,0,NA,NA,NA,NA,0,NA,NA,-,-,0.0,NA,NA,NA,NA,NA,NA,26,0.19,0.000,0.154,10.8%,-,-,-,5,0.000,0.0,660%,0.1,0,0,1,1,0,4.0,2,0.0%,NA,NA,NA,NA,NA,NA,NA,NA,NA,0.0%,NA,NA,vs IND,8,·,8.3,-5.8
4,11627,Troy Franklin,WR,23.6,DEN,999,999,0.00,0,1,1,65,32,0,0.0%,0,0,0,0,0,0,0.00,0,0,0,0,0.00,0.00,0,0,0,0,0,0,0,0,0.0,0.0,0,0,0,0,0,0,0,49.2%,0,0.0,0,0,0,NA,0.0,-,-,0,NA,NA,NA,NA,0,NA,NA,-,-,0.0,NA,NA,NA,NA,NA,NA,15,0.00,0.000,0.000,0.0%,-,-,-,0,0.000,NA,0%,0.0,NA,0,0,0,0,0.0,0,0.0%,NA,NA,NA,NA,NA,NA,NA,NA,NA,0.0%,NA,NA,@ SF,23,·,2.5,-2.5
4,12530,Travis Hunter,WR,23.4,JAX,999,999,0.00,0,0,1,61,0,0,0.0%,0,0,0,0,0,0,0.00,0,0,0,0,0.00,0.00,0,0,0,0,0,0,0,0,0.0,0.0,0,0,0,0,0,0,0,0.0%,0,0.0,0,0,0,NA,0.0,-,-,NA,NA,NA,NA,NA,0,NA,NA,-,-,0.0,NA,NA,NA,NA,NA,NA,NA,NA,NA,NA,NA,-,-,-,0,0.000,NA,NA,NA,NA,NA,NA,NA,NA,NA,NA,0.0%,NA,NA,NA,NA,NA,NA,NA,NA,NA,0.0%,NA,NA,@ CIN,18,·,1.7,-1.7
4,12499,Elic Ayomanor,WR,23.3,TEN,82,79,3.20,2.7,1,1,64,40,0,0.0%,0,0,0,0,0,0,0.00,0,0,0,0,0.00,0.00,1,20,0,1,0,1,2,22,22.0,22.0,0,0,0,22,0,0,0,62.5%,22,22.0,0,1,1,100.0%,1.0,-,-,0,NA,NA,NA,NA,0,NA,NA,-,-,0.0,NA,NA,NA,NA,NA,NA,21,1.05,0.048,0.048,3.2%,-,-,-,22,1.000,1.0,1840%,0.1,2,0,1,0,0,1.0,1,0.0%,NA,NA,NA,NA,NA,NA,NA,NA,NA,0.0%,NA,NA,@ BAL,11,·,5.9,-2.7
4,13268,Elijah Sarratt,WR,23.4,BAL,91,89,2.30,1.8,1,0,64,23,0,0.0%,0,0,0,0,0,0,0.00,0,0,0,0,0.00,0.00,1,9,0,1,0,2,4,13,13.0,6.5,0,0,0,13,0,0,0,35.9%,13,13.0,0,1,2,50.0%,1.0,-,-,0,NA,NA,NA,NA,0,NA,NA,-,-,0.0,NA,NA,NA,NA,NA,NA,11,1.18,0.091,0.182,6.9%,-,-,-,13,1.000,1.0,1100%,0.1,4,0,2,0,0,2.0,1,0.0%,NA,NA,NA,NA,NA,NA,NA,NA,NA,0.0%,NA,NA,vs TEN,16,·,·,NA
4,10218,Xavier Hutchinson,WR,26.3,HOU,59,57,7.60,6.1,1,1,55,17,0,0.0%,0,0,0,0,0,0,0.00,0,0,0,0,0.00,0.00,3,18,0,2,0,5,28,46,15.3,9.2,0,0,0,46,0,0,0,30.9%,46,46.0,0,2,5,40.0%,2.0,-,-,0,NA,NA,NA,NA,0,NA,NA,-,-,0.0,NA,NA,NA,NA,NA,NA,10,4.60,0.200,0.500,16.1%,-,-,-,46,2.000,0.7,1310%,0.2,9,0,2,3,0,5.0,3,0.0%,NA,NA,NA,NA,NA,NA,NA,NA,NA,0.0%,NA,NA,vs DAL,20,·,5.7,1.9
4,12497,Tory Horton,WR,23.8,SEA,60,49,7.60,7.1,1,0,60,10,0,0.0%,0,0,0,0,0,0,0.00,0,0,0,0,0.00,0.00,1,4,0,0,1,1,2,6,6.0,6.0,0,0,0,6,0,0,0,16.7%,6,6.0,1,1,1,100.0%,1.0,-,-,0,NA,NA,NA,NA,0,NA,NA,-,-,0.0,NA,NA,NA,NA,NA,NA,5,1.20,0.000,0.200,4.5%,-,-,-,6,1.000,1.0,330%,0.0,2,1,0,1,0,1.0,1,0.0%,NA,NA,NA,NA,NA,NA,NA,NA,NA,0.0%,NA,NA,vs LAC,14,·,4.1,3.5
4,11581,MarShawn Lloyd,RB,25.7,GB,30,34,9.90,7.4,1,0,60,33,1,0.0%,0,0,0,0,0,0,0.00,13,0,0,0,0.00,0.00,5,-11,0,2,0,5,47,36,7.2,7.2,7,0,1,49,0,13,1.86,55.0%,49,49.0,0,3,12,25.0%,3.0,-,-,7,14,3,2.00,0.429,1,0.143,0.629,-,-,13.0,0.0,0.0%,-11.0,-1.57,3.0,1.0,14,2.57,0.143,0.357,16.7%,-,-,-,36,2.000,0.4,NA,NA,9,NA,NA,NA,NA,5.0,5,0.0%,NA,NA,NA,NA,NA,NA,NA,NA,NA,0.0%,NA,NA,@ TB,25,·,8.0,2.0
4,5854,Drew Lock,QB,29.9,SEA,999,999,0.00,0,0,0,60,0,0,0.0%,0,0,0,0,0,0,0.00,0,0,0,0,0.00,0.00,0,0,0,0,0,0,0,0,0.0,0.0,0,0,0,0,0,0,0,0.0%,0,0.0,0,0,0,NA,0.0,-,-,NA,NA,NA,NA,NA,0,NA,NA,-,-,0.0,NA,NA,NA,NA,NA,NA,NA,NA,NA,NA,NA,-,-,-,0,0.000,NA,NA,NA,NA,NA,NA,NA,NA,NA,NA,0.0%,NA,NA,NA,NA,NA,NA,NA,NA,NA,0.0%,NA,NA,vs LAC,11,·,·,NA
4,12502,Gunnar Helm,TE,24.1,TEN,33,30,3.50,3,1,1,64,46,0,0.0%,0,0,0,0,0,0,0.00,0,0,0,0,0.00,0.00,1,0,0,0,0,1,5,5,5.0,5.0,0,0,0,5,0,0,0,71.9%,5,5.0,0,0,1,0.0%,0.0,-,-,0,NA,NA,NA,NA,0,NA,NA,-,-,0.0,NA,NA,NA,NA,NA,NA,21,0.24,0.000,0.048,3.2%,-,-,-,5,0.000,0.0,-200%,0.0,5,0,0,0,0,1.0,1,0.0%,NA,NA,NA,NA,NA,NA,NA,NA,NA,0.0%,NA,NA,@ BAL,17,·,7.1,-3.6
4,8111,Cade Otton,TE,27.5,TB,24,25,7.70,5.7,1,1,64,60,0,0.0%,0,0,0,0,0,0,0.00,0,0,0,0,0.00,0.00,4,0,0,3,0,6,37,37,9.3,6.2,0,0,0,37,0,0,0,93.8%,37,37.0,0,3,6,50.0%,3.0,-,-,0,NA,NA,NA,NA,0,NA,NA,-,-,0.0,NA,NA,NA,NA,NA,NA,25,1.48,0.120,0.240,22.2%,-,-,-,37,3.000,0.8,350%,0.2,9,0,1,3,0,6.0,4,0.0%,NA,NA,NA,NA,NA,NA,NA,NA,NA,0.0%,NA,NA,vs GB,20,·,7.2,0.5
4,9502,Tank Dell,WR,26.9,HOU,999,999,0.00,0,0,0,0,0,0,0.0%,0,0,0,0,0,0,0.00,0,0,0,0,0.00,0.00,0,0,0,0,0,0,0,0,0.0,0.0,0,0,0,0,0,0,0,-,0,0.0,0,0,0,NA,0.0,-,-,NA,NA,NA,NA,NA,0,NA,NA,-,-,0.0,NA,NA,NA,NA,NA,NA,NA,NA,NA,NA,NA,-,-,-,0,0.000,NA,NA,NA,NA,NA,NA,NA,NA,NA,NA,0.0%,NA,NA,NA,NA,NA,NA,NA,NA,NA,0.0%,NA,NA,vs DAL,20,IR,IR,NA
4,13347,Demond Claiborne,RB,23.0,MIN,72,68,1.20,1.2,1,0,78,9,0,0.0%,0,0,0,0,0,0,0.00,12,0,0,0,0.00,0.00,0,0,0,0,0,0,0,0,0.0,0.0,3,0,0,12,0,12,4,11.5%,12,12.0,0,0,3,0.0%,0.0,-,-,3,9,0,3.00,0.000,0,0.000,0.300,-,-,12.0,0.0,0.0%,-4.0,-1.33,0.0,0.0,1,0.00,0.000,0.000,0.0%,-,-,-,0,0.000,NA,NA,NA,NA,NA,NA,NA,NA,0.0,0,0.0%,NA,NA,NA,NA,NA,NA,NA,NA,NA,0.0%,NA,NA,vs MIA,1,·,3.0,-1.8
4,13353,Chris Brazzell II,WR,22.9,CAR,999,999,0.00,0,0,0,0,0,0,0.0%,0,0,0,0,0,0,0.00,0,0,0,0,0.00,0.00,0,0,0,0,0,0,0,0,0.0,0.0,0,0,0,0,0,0,0,-,0,0.0,0,0,0,NA,0.0,-,-,NA,NA,NA,NA,NA,0,NA,NA,-,-,0.0,NA,NA,NA,NA,NA,NA,NA,NA,NA,NA,NA,-,-,-,0,0.000,NA,NA,NA,NA,NA,NA,NA,NA,NA,NA,0.0%,NA,NA,NA,NA,NA,NA,NA,NA,NA,0.0%,NA,NA,vs DET,4,IR,IR,NA
4,4035,Alvin Kamara,RB,31.2,NO,9,10,22.80,20.3,1,1,74,28,0,0.0%,0,0,0,0,0,0,0.00,23,0,0,0,0.00,0.00,5,-2,0,1,0,7,37,35,7.0,5.0,7,0,1,58,2,23,3.29,37.8%,58,58.0,2,4,14,28.6%,4.0,-,-,7,23,2,3.30,0.286,3,0.429,0.616,-,-,23.0,0.0,0.0%,-3.0,-0.43,3.0,1.0,18,1.94,0.056,0.389,14.6%,-,-,-,35,1.000,0.2,NA,NA,7,NA,NA,NA,NA,7.0,5,0.0%,NA,NA,NA,NA,NA,NA,NA,NA,NA,0.0%,NA,NA,vs ATL,30,·,9.9,12.9
4,8180,Jalen Nailor,WR,27.6,LV,999,999,0.00,0,1,0,84,19,0,0.0%,0,0,0,0,0,0,0.00,0,0,0,0,0.00,0.00,0,0,0,0,0,0,0,0,0.0,0.0,0,0,0,0,0,0,0,22.6%,0,0.0,0,0,0,NA,0.0,-,-,0,NA,NA,NA,NA,0,NA,NA,-,-,0.0,NA,NA,NA,NA,NA,NA,10,0.00,0.000,0.000,0.0%,-,-,-,0,0.000,NA,0%,0.0,NA,0,0,0,0,0.0,0,0.0%,NA,NA,NA,NA,NA,NA,NA,NA,NA,0.0%,NA,NA,vs KC,32,·,6.1,-6.1
4,9501,Demario Douglas,WR,25.8,NE,80,81,3.50,2.5,1,1,76,35,0,0.0%,0,0,0,0,0,0,0.00,0,0,0,0,0.00,0.00,2,15,0,1,0,3,0,15,7.5,5.0,0,0,0,15,0,0,0,46.1%,15,15.0,0,1,3,33.3%,1.0,-,-,0,NA,NA,NA,NA,0,NA,NA,-,-,0.0,NA,NA,NA,NA,NA,NA,20,0.75,0.050,0.150,8.1%,-,-,-,15,1.000,0.5,1040%,0.1,0,1,1,2,1,3.0,2,0.0%,NA,NA,NA,NA,NA,NA,NA,NA,NA,0.0%,NA,NA,@ BUF,5,·,6.1,-2.6
4,11783,Ryan Flournoy,WR,26.9,DAL,57,60,7.70,5.7,1,1,78,58,0,0.0%,0,0,0,0,0,0,0.00,0,0,0,0,0.00,0.00,4,8,0,2,0,5,29,37,9.3,7.4,0,0,0,37,0,0,0,74.4%,37,37.0,0,2,5,40.0%,2.0,-,-,0,NA,NA,NA,NA,0,NA,NA,-,-,0.0,NA,NA,NA,NA,NA,NA,35,1.06,0.057,0.143,11.1%,-,-,-,37,2.000,0.5,230%,0.0,7,1,0,3,0,5.0,4,0.0%,NA,NA,NA,NA,NA,NA,NA,NA,NA,0.0%,NA,NA,@ HOU,3,·,8.2,-0.5
4,13338,Kevin Coleman,WR,23.1,MIA,103,103,1.30,0.8,1,0,39,20,0,0.0%,0,0,0,0,0,0,0.00,0,0,0,0,0.00,0.00,1,0,0,0,0,4,3,3,3.0,0.8,0,0,0,3,0,0,0,51.3%,3,3.0,0,0,4,0.0%,0.0,-,-,0,NA,NA,NA,NA,0,NA,NA,-,-,0.0,NA,NA,NA,NA,NA,NA,11,0.27,0.000,0.364,23.5%,-,-,-,3,0.000,0.0,1160%,0.3,3,1,2,0,1,4.0,1,0.0%,NA,NA,NA,NA,NA,NA,NA,NA,NA,0.0%,NA,NA,@ MIN,12,·,4.7,-3.4
4,12547,Kyle Williams,WR,23.9,NE,999,999,0.00,0,1,0,76,19,0,0.0%,0,0,0,0,0,0,0.00,0,0,0,0,0.00,0.00,0,0,0,0,0,2,0,0,0.0,0.0,0,0,0,0,0,0,0,25.0%,0,0.0,0,0,2,0.0%,0.0,-,-,0,NA,NA,NA,NA,0,NA,NA,-,-,0.0,NA,NA,NA,NA,NA,NA,11,0.00,0.000,0.182,5.4%,-,-,-,0,0.000,NA,960%,0.1,NA,0,1,2,0,2.0,0,0.0%,NA,NA,NA,NA,NA,NA,NA,NA,NA,0.0%,NA,NA,@ BUF,5,·,3.4,-3.4
4,13402,Skyler Bell,WR,24.2,BUF,0,0,0.00,0,0,0,0,0,0,0.0%,0,0,0,0,0,0,0.00,0,0,0,0,0.00,0.00,0,0,0,0,0,0,0,0,0.0,0.0,0,0,0,0,0,0,0,-,0,0.0,0,0,0,NA,0.0,-,-,NA,NA,NA,NA,NA,0,NA,NA,-,-,0.0,NA,NA,NA,NA,NA,NA,NA,NA,NA,NA,NA,-,-,-,0,0.000,NA,NA,NA,NA,NA,NA,NA,NA,NA,NA,0.0%,NA,NA,NA,NA,NA,NA,NA,NA,NA,0.0%,NA,NA,vs NE,15,·,·,NA
4,9479,Darnell Washington,TE,25.1,PIT,12,10,11.70,10.2,1,1,72,51,0,0.0%,0,0,0,0,0,0,0.00,0,0,0,0,0.00,0.00,3,18,0,0,1,5,9,27,9.0,5.4,0,0,0,27,0,0,0,70.8%,27,27.0,1,1,5,20.0%,1.0,-,-,0,NA,NA,NA,NA,0,NA,NA,-,-,0.0,NA,NA,NA,NA,NA,NA,21,1.29,0.000,0.238,12.5%,-,-,-,27,1.000,0.3,940%,0.1,3,2,3,3,3,5.0,3,0.0%,NA,NA,NA,NA,NA,NA,NA,NA,NA,0.0%,NA,NA,@ CLE,14,·,3.3,8.4
4,96,Aaron Rodgers,QB,42.8,PIT,3,3,23.96,23.96,1,1,72,72,0,55.0%,164,40,22,8,18,2,83.20,299,5,3,299,7.47,13.59,0,0,0,0,0,0,0,0,0.0,0.0,0,0,0,0,0,0,0,100.0%,299,299.0,3,11,40,27.5%,11.0,-,-,0,NA,NA,NA,NA,0,NA,NA,-,-,0.0,0.0,NA,NA,NA,NA,NA,NA,NA,NA,NA,NA,-,-,-,0,0.000,NA,NA,NA,NA,NA,NA,NA,NA,0.0,0,1100.0%,0.275,281%,20%,0.356,9.8,4500.0%,-0.06,-1.50,0.0,29900.0%,37.8%,1,@ CLE,16,·,13.8,10.2
4,12498,Mason Taylor,TE,22.4,NYJ,0,0,0.00,0,0,0,0,0,0,0.0%,0,0,0,0,0,0,0.00,0,0,0,0,0.00,0.00,0,0,0,0,0,0,0,0,0.0,0.0,0,0,0,0,0,0,0,-,0,0.0,0,0,0,NA,0.0,-,-,NA,NA,NA,NA,NA,0,NA,NA,-,-,0.0,NA,NA,NA,NA,NA,NA,NA,NA,NA,NA,NA,-,-,-,0,0.000,NA,NA,NA,NA,NA,NA,NA,NA,NA,NA,0.0%,NA,NA,NA,NA,NA,NA,NA,NA,NA,0.0%,NA,NA,@ CHI,27,OUT,OUT,NA
4,12521,Elijah Arroyo,TE,23.5,SEA,999,999,0.00,0,1,0,60,19,0,0.0%,0,0,0,0,0,0,0.00,0,0,0,0,0.00,0.00,0,0,0,0,0,0,0,0,0.0,0.0,0,0,0,0,0,0,0,31.7%,0,0.0,0,0,0,NA,0.0,-,-,0,NA,NA,NA,NA,0,NA,NA,-,-,0.0,NA,NA,NA,NA,NA,NA,8,0.00,0.000,0.000,0.0%,-,-,-,0,0.000,NA,0%,0.0,NA,0,0,0,0,0.0,0,0.0%,NA,NA,NA,NA,NA,NA,NA,NA,NA,0.0%,NA,NA,vs LAC,18,·,4.1,-4.1
4,13278,Max Klare,TE,23.2,LAR,999,999,0.00,0,1,0,84,1,0,0.0%,0,0,0,0,0,0,0.00,0,0,0,0,0.00,0.00,0,0,0,0,0,0,0,0,0.0,0.0,0,0,0,0,0,0,0,1.2%,0,0.0,0,0,0,NA,0.0,-,-,0,NA,NA,NA,NA,0,NA,NA,-,-,0.0,NA,NA,NA,NA,NA,NA,NA,NA,NA,NA,NA,-,-,-,0,0.000,NA,NA,NA,NA,NA,NA,NA,NA,0.0,0,0.0%,NA,NA,NA,NA,NA,NA,NA,NA,NA,0.0%,NA,NA,@ PHI,32,·,0.5,-0.5
4,6826,Cole Kmet,TE,27.6,CHI,36,38,3.30,2.3,1,1,93,68,0,0.0%,0,0,0,0,0,0,0.00,0,0,0,0,0.00,0.00,2,9,0,1,0,2,4,13,6.5,6.5,0,0,0,13,0,0,0,73.1%,13,13.0,0,1,2,50.0%,1.0,-,-,0,NA,NA,NA,NA,0,NA,NA,-,-,0.0,NA,NA,NA,NA,NA,NA,14,0.93,0.071,0.143,5.9%,-,-,-,13,1.000,0.5,390%,0.0,2,0,0,0,0,2.0,2,0.0%,NA,NA,NA,NA,NA,NA,NA,NA,NA,0.0%,NA,NA,vs NYJ,31,·,3.7,-0.4
4,13411,Zavion Thomas,WR,22.6,CHI,999,999,0.00,0,1,0,93,9,0,0.0%,0,0,0,0,0,0,0.00,0,0,0,0,0.00,0.00,0,0,0,0,0,0,0,0,0.0,0.0,0,0,0,0,0,0,0,9.7%,0,0.0,0,0,0,NA,0.0,-,-,0,NA,NA,NA,NA,0,NA,NA,-,-,0.0,NA,NA,NA,NA,NA,NA,NA,NA,NA,NA,NA,-,-,-,0,0.000,NA,NA,NA,NA,NA,NA,NA,NA,0.0,0,0.0%,NA,NA,NA,NA,NA,NA,NA,NA,NA,0.0%,NA,NA,vs NYJ,25,·,0.8,-0.8
4,11647,Kimani Vidal,RB,25.1,LAC,26,26,11.60,10.6,1,1,71,25,0,0.0%,0,0,0,0,0,0,0.00,25,0,0,0,0.00,0.00,2,-6,1,0,1,3,17,11,5.5,3.7,5,0,0,36,0,25,5,35.2%,36,36.0,1,1,8,12.5%,1.0,-,-,5,12,0,2.30,0.000,0,0.000,0.230,-,-,25.0,0.0,0.0%,8.0,1.60,0.0,0.0,14,0.79,0.000,0.214,9.4%,-,-,-,11,1.000,0.5,NA,NA,9,NA,NA,NA,NA,3.0,2,0.0%,NA,NA,NA,NA,NA,NA,NA,NA,NA,0.0%,NA,NA,@ SEA,28,·,1.7,9.9
4,12485,Tez Johnson,WR,24.4,TB,76,74,4.70,3.7,1,0,64,35,0,0.0%,0,0,0,0,0,0,0.00,10,0,0,0,0.00,0.00,2,15,0,1,0,2,2,17,8.5,8.5,1,0,1,27,0,10,10,54.7%,27,27.0,0,2,3,66.7%,2.0,-,-,1,NA,NA,NA,NA,1,1.000,NA,-,-,10.0,NA,NA,NA,NA,NA,NA,18,0.94,0.056,0.111,7.4%,-,-,-,17,1.000,0.5,790%,0.1,1,0,1,1,0,2.0,2,0.0%,NA,NA,NA,NA,NA,NA,NA,NA,NA,0.0%,NA,NA,vs GB,9,·,2.7,2.1
4,12472,Raheim Sanders,RB,24.3,CLE,52,54,3.60,2.6,1,0,64,22,0,0.0%,0,0,0,0,0,0,0.00,9,0,0,0,0.00,0.00,2,-10,0,1,0,2,17,7,3.5,3.5,2,0,0,16,0,9,4.5,34.4%,16,16.0,0,1,4,25.0%,1.0,-,-,2,2,2,0.90,1.000,0,0.000,1.090,-,-,9.0,0.0,0.0%,0.0,0.00,0.0,0.0,13,0.54,0.077,0.154,6.1%,-,-,-,7,1.000,0.5,NA,NA,9,NA,NA,NA,NA,2.0,2,0.0%,NA,NA,NA,NA,NA,NA,NA,NA,NA,0.0%,NA,NA,vs PIT,11,·,5.2,-1.6
4,12510,Jalen Milroe,QB,23.8,SEA,0,0,0.00,0,0,0,0,0,0,0.0%,0,0,0,0,0,0,0.00,0,0,0,0,0.00,0.00,0,0,0,0,0,0,0,0,0.0,0.0,0,0,0,0,0,0,0,-,0,0.0,0,0,0,NA,0.0,-,-,NA,NA,NA,NA,NA,0,NA,NA,-,-,0.0,NA,NA,NA,NA,NA,NA,NA,NA,NA,NA,NA,-,-,-,0,0.000,NA,NA,NA,NA,NA,NA,NA,NA,NA,NA,0.0%,NA,NA,NA,NA,NA,NA,NA,NA,NA,0.0%,NA,NA,vs LAC,11,·,·,NA
4,8188,Tyquan Thornton,WR,26.2,KC,4,4,28.10,25.6,1,1,60,38,0,0.0%,0,0,0,0,0,0,0.00,0,0,0,0,0.00,0.00,5,66,0,2,2,8,45,111,22.2,13.9,0,0,0,111,0,0,0,63.3%,111,111.0,2,4,8,50.0%,4.0,-,-,0,NA,NA,NA,NA,0,NA,NA,-,-,0.0,NA,NA,NA,NA,NA,NA,21,5.29,0.095,0.381,26.7%,-,-,-,111,4.000,0.8,1620%,0.4,9,2,5,3,1,8.0,5,0.0%,NA,NA,NA,NA,NA,NA,NA,NA,NA,0.0%,NA,NA,@ LV,30,·,5.4,22.7
4,12641,Jaylin Lane,WR,24.4,WAS,999,999,0.00,0,1,0,64,1,0,0.0%,0,0,0,0,0,0,0.00,0,0,0,0,0.00,0.00,0,0,0,0,0,0,0,0,0.0,0.0,0,0,0,0,0,0,0,1.6%,0,0.0,0,0,0,NA,0.0,-,-,0,NA,NA,NA,NA,0,NA,NA,-,-,0.0,NA,NA,NA,NA,NA,NA,1,0.00,0.000,0.000,0.0%,-,-,-,0,0.000,NA,0%,0.0,NA,0,0,0,0,0.0,0,0.0%,NA,NA,NA,NA,NA,NA,NA,NA,NA,0.0%,NA,NA,vs IND,10,·,0.6,-0.6
4,6865,Colby Parkinson,TE,27.7,LAR,0,0,0.00,0,0,0,0,0,0,0.0%,0,0,0,0,0,0,0.00,0,0,0,0,0.00,0.00,0,0,0,0,0,0,0,0,0.0,0.0,0,0,0,0,0,0,0,-,0,0.0,0,0,0,NA,0.0,-,-,NA,NA,NA,NA,NA,0,NA,NA,-,-,0.0,NA,NA,NA,NA,NA,NA,NA,NA,NA,NA,NA,-,-,-,0,0.000,NA,NA,NA,NA,NA,NA,NA,NA,NA,NA,0.0%,NA,NA,NA,NA,NA,NA,NA,NA,NA,0.0%,NA,NA,@ PHI,32,Q,6.0,-6.0
4,11435,Emanuel Wilson,RB,27.4,SEA,6,6,27.00,25.5,1,1,60,36,1,0.0%,0,0,0,0,0,0,0.00,81,0,0,0,0.00,0.00,3,-15,0,1,1,4,54,39,13.0,9.8,21,0,2,120,1,81,3.86,60.0%,120,120.0,2,5,25,20.0%,5.0,-,-,21,48,10,2.30,0.476,3,0.143,0.706,-,-,81.0,2.0,9.5%,-4.0,-0.19,3.0,1.0,8,4.88,0.125,0.500,18.2%,-,-,-,39,2.000,0.7,NA,NA,18,NA,NA,NA,NA,4.0,3,0.0%,NA,NA,NA,NA,NA,NA,NA,NA,NA,0.0%,NA,NA,vs LAC,14,·,9.2,17.9
4,13420,Bryce Lance,WR,24.1,NO,99,99,1.70,1.2,1,0,74,63,0,0.0%,0,0,0,0,0,0,0.00,0,0,0,0,0.00,0.00,1,7,0,0,0,5,0,7,7.0,1.4,0,0,0,7,0,0,0,85.1%,7,7.0,0,0,5,0.0%,0.0,-,-,0,NA,NA,NA,NA,0,NA,NA,-,-,0.0,NA,NA,NA,NA,NA,NA,45,0.16,0.000,0.111,10.4%,-,-,-,7,0.000,0.0,2060%,0.2,0,1,3,2,0,5.0,1,0.0%,NA,NA,NA,NA,NA,NA,NA,NA,NA,0.0%,NA,NA,vs ATL,7,·,3.7,-2.0
4,8172,Greg Dulcich,TE,26.5,MIA,999,999,0.00,0,1,0,39,20,0,0.0%,0,0,0,0,0,0,0.00,0,0,0,0,0.00,0.00,0,0,0,0,0,0,0,0,0.0,0.0,0,0,0,0,0,0,0,51.3%,0,0.0,0,0,0,NA,0.0,-,-,0,NA,NA,NA,NA,0,NA,NA,-,-,0.0,NA,NA,NA,NA,NA,NA,9,0.00,0.000,0.000,0.0%,-,-,-,0,0.000,NA,0%,0.0,NA,0,0,0,0,0.0,0,0.0%,NA,NA,NA,NA,NA,NA,NA,NA,NA,0.0%,NA,NA,@ MIN,23,·,7.4,-7.4
4,11256,Tyson Bagent,QB,26.3,CHI,29,29,9.82,9.82,1,1,93,93,0,73.5%,133,34,25,14,9,1,83.90,269,1,0,268,7.88,10.72,0,0,0,0,0,0,0,0,0.0,0.0,4,0,0,1,0,1,0.25,100.0%,269,269.0,0,14,38,36.8%,14.0,-,-,4,NA,NA,NA,NA,0,0.000,NA,-,-,1.0,0.0,0.0%,NA,NA,NA,NA,NA,NA,NA,NA,NA,-,-,-,0,0.000,NA,NA,NA,NA,NA,NA,NA,NA,0.0,0,1400.0%,0.4117647059,284%,2.9%,0.361,5.8,3600.0%,+0.09,+8.10,0.2,26800.0%,52.8%,0,vs NYJ,24,·,15.4,-5.6
4,12540,Chimere Dike,WR,24.8,TEN,89,86,2.50,2,1,1,64,8,0,0.0%,0,0,0,0,0,0,0.00,0,0,0,0,0.00,0.00,1,0,0,1,0,1,15,15,15.0,15.0,0,0,0,15,0,0,0,12.5%,15,15.0,0,1,1,100.0%,1.0,-,-,0,NA,NA,NA,NA,0,NA,NA,-,-,0.0,NA,NA,NA,NA,NA,NA,3,5.00,0.333,0.333,3.2%,-,-,-,15,1.000,1.0,80%,0.0,15,0,0,0,0,1.0,1,0.0%,NA,NA,NA,NA,NA,NA,NA,NA,NA,0.0%,NA,NA,@ BAL,11,·,2.1,0.4
4,13303,Cade Klubnik,QB,23.0,NYJ,999,999,0.00,0,0,0,32,0,0,0.0%,0,0,0,0,0,0,0.00,0,0,0,0,0.00,0.00,0,0,0,0,0,0,0,0,0.0,0.0,0,0,0,0,0,0,0,0.0%,0,0.0,0,0,0,NA,0.0,-,-,NA,NA,NA,NA,NA,0,NA,NA,-,-,0.0,NA,NA,NA,NA,NA,NA,NA,NA,NA,NA,NA,-,-,-,0,0.000,NA,NA,NA,NA,NA,NA,NA,NA,NA,NA,0.0%,NA,NA,NA,NA,NA,NA,NA,NA,NA,0.0%,NA,NA,@ CHI,15,·,·,NA
4,13302,Adam Randall,RB,22.2,BAL,999,999,0.00,0,0,0,0,0,0,0.0%,0,0,0,0,0,0,0.00,0,0,0,0,0.00,0.00,0,0,0,0,0,0,0,0,0.0,0.0,0,0,0,0,0,0,0,-,0,0.0,0,0,0,NA,0.0,-,-,NA,NA,NA,NA,NA,0,NA,NA,-,-,0.0,NA,NA,NA,NA,NA,NA,NA,NA,NA,NA,NA,-,-,-,0,0.000,NA,NA,NA,NA,NA,NA,NA,NA,NA,NA,0.0%,NA,NA,NA,NA,NA,NA,NA,NA,NA,0.0%,NA,NA,vs TEN,13,IR,IR,NA
4,4066,Evan Engram,TE,32.1,DEN,53,53,1.60,1.1,1,1,65,44,0,0.0%,0,0,0,0,0,0,0.00,0,0,0,0,0.00,0.00,1,6,0,1,0,5,0,6,6.0,1.2,0,0,0,6,0,0,0,67.7%,6,6.0,0,1,5,20.0%,1.0,-,-,0,NA,NA,NA,NA,0,NA,NA,-,-,0.0,NA,NA,NA,NA,NA,NA,30,0.20,0.033,0.167,11.9%,-,-,-,6,1.000,1.0,550%,0.2,0,0,1,2,0,5.0,1,0.0%,NA,NA,NA,NA,NA,NA,NA,NA,NA,0.0%,NA,NA,@ SF,24,·,5.7,-4.1
4,13319,Oscar Delp,TE,23.2,NO,999,999,0.00,0,1,1,74,24,0,0.0%,0,0,0,0,0,0,0.00,0,0,0,0,0.00,0.00,0,0,0,0,0,0,0,0,0.0,0.0,0,0,0,0,0,0,0,32.4%,0,0.0,0,0,0,NA,0.0,-,-,0,NA,NA,NA,NA,0,NA,NA,-,-,0.0,NA,NA,NA,NA,NA,NA,10,0.00,0.000,0.000,0.0%,-,-,-,0,0.000,NA,0%,0.0,NA,0,0,0,0,0.0,0,0.0%,NA,NA,NA,NA,NA,NA,NA,NA,NA,0.0%,NA,NA,vs ATL,7,·,1.6,-1.6
4,12048,George Holani,RB,26.8,SEA,57,56,3.00,2.5,1,0,60,22,0,0.0%,0,0,0,0,0,0,0.00,18,0,0,0,0.00,0.00,1,2,0,0,0,1,0,2,2.0,2.0,7,0,0,20,0,18,2.57,36.7%,20,20.0,0,0,8,0.0%,0.0,-,-,7,11,1,1.60,0.143,0,0.000,0.303,-,-,18.0,0.0,0.0%,-4.0,-0.57,0.0,0.0,9,0.22,0.000,0.111,4.5%,-,-,-,2,0.000,0.0,NA,NA,0,NA,NA,NA,NA,1.0,1,0.0%,NA,NA,NA,NA,NA,NA,NA,NA,NA,0.0%,NA,NA,vs LAC,14,·,7.2,-4.2
4,6783,Jerry Jeudy,WR,27.4,CLE,63,65,6.60,5.1,1,0,64,24,0,0.0%,0,0,0,0,0,0,0.00,0,0,0,0,0.00,0.00,3,23,0,3,0,3,13,36,12.0,12.0,0,0,0,36,0,0,0,37.5%,36,36.0,0,3,3,100.0%,3.0,-,-,0,NA,NA,NA,NA,0,NA,NA,-,-,0.0,NA,NA,NA,NA,NA,NA,19,1.89,0.158,0.158,9.1%,-,-,-,36,3.000,1.0,710%,0.1,4,0,1,2,0,3.0,3,0.0%,NA,NA,NA,NA,NA,NA,NA,NA,NA,0.0%,NA,NA,vs PIT,26,·,3.7,2.9
4,9506,Sean Tucker,RB,24.9,TB,39,36,7.00,7,1,0,64,3,0,0.0%,0,0,0,0,0,0,0.00,10,0,0,0,0.00,0.00,0,0,0,0,0,0,0,0,0.0,0.0,3,0,1,10,1,10,3.33,4.7%,10,10.0,1,2,3,66.7%,2.0,-,-,3,9,0,2.90,0.000,2,0.667,0.290,-,-,10.0,0.0,0.0%,5.0,1.67,3.0,0.0,0,NA,NA,NA,0.0%,-,-,-,0,0.000,NA,NA,NA,NA,NA,NA,NA,NA,0.0,0,0.0%,NA,NA,NA,NA,NA,NA,NA,NA,NA,0.0%,NA,NA,vs GB,2,·,0.4,6.6
4,2505,Darren Waller,TE,34.0,CAR,26,26,6.60,5.1,1,0,75,40,0,0.0%,0,0,0,0,0,0,0.00,0,0,0,0,0.00,0.00,3,24,0,3,0,6,12,36,12.0,6.0,0,0,0,36,0,0,0,53.3%,36,36.0,0,3,6,50.0%,3.0,-,-,0,NA,NA,NA,NA,0,NA,NA,-,-,0.0,NA,NA,NA,NA,NA,NA,27,1.33,0.111,0.222,14.6%,-,-,-,36,3.000,1.0,930%,0.2,4,2,3,1,1,6.0,3,0.0%,NA,NA,NA,NA,NA,NA,NA,NA,NA,0.0%,NA,NA,vs DET,1,·,9.5,-2.9
4,4993,Mike Gesicki,TE,31.0,CIN,10,8,13.00,11.5,1,0,76,47,0,0.0%,0,0,0,0,0,0,0.00,0,0,0,0,0.00,0.00,3,38,0,1,1,5,2,40,13.3,8.0,0,0,0,40,0,0,0,61.8%,40,40.0,1,2,5,40.0%,2.0,-,-,0,NA,NA,NA,NA,0,NA,NA,-,-,0.0,NA,NA,NA,NA,NA,NA,38,1.05,0.026,0.132,9.3%,-,-,-,40,2.000,0.7,1210%,0.1,1,1,3,3,0,5.0,3,0.0%,NA,NA,NA,NA,NA,NA,NA,NA,NA,0.0%,NA,NA,vs JAX,26,·,8.1,4.9
4,11571,Isaiah Davis,RB,24.6,NYJ,999,999,0.00,0,1,0,32,2,0,0.0%,0,0,0,0,0,0,0.00,0,0,0,0,0.00,0.00,0,0,0,0,0,0,0,0,0.0,0.0,0,0,0,0,0,0,0,6.3%,0,0.0,0,0,0,NA,0.0,-,-,0,0,0,0.00,NA,0,NA,NA,-,-,0.0,0.0,NA,0.0,NA,0.0,0.0,2,0.00,0.000,0.000,0.0%,-,-,-,0,0.000,NA,NA,NA,NA,NA,NA,NA,NA,0.0,0,0.0%,NA,NA,NA,NA,NA,NA,NA,NA,NA,0.0%,NA,NA,@ CHI,16,·,7.7,-7.7
4,7049,Jauan Jennings,WR,29.2,MIN,96,96,1.80,1.3,1,1,78,74,0,0.0%,0,0,0,0,0,0,0.00,0,0,0,0,0.00,0.00,1,4,0,0,0,1,4,8,8.0,8.0,0,0,0,8,0,0,0,94.9%,8,8.0,0,0,1,0.0%,0.0,-,-,0,NA,NA,NA,NA,0,NA,NA,-,-,0.0,NA,NA,NA,NA,NA,NA,41,0.20,0.000,0.024,2.7%,-,-,-,8,0.000,0.0,470%,0.0,4,0,0,1,0,1.0,1,0.0%,NA,NA,NA,NA,NA,NA,NA,NA,NA,0.0%,NA,NA,vs MIA,28,·,10.8,-9.0
4,13424,Seth McGowan,RB,24.9,IND,45,45,4.80,4.3,1,0,66,19,0,0.0%,0,0,0,0,0,0,0.00,31,0,0,0,0.00,0.00,1,2,1,0,0,2,5,7,7.0,3.5,6,2,2,38,0,31,5.17,28.8%,38,38.0,0,2,8,25.0%,2.0,-,-,6,28,2,4.60,0.333,2,0.333,0.793,-,-,31.0,1.0,16.7%,4.0,0.67,2.0,0.0,3,2.33,0.000,0.667,5.9%,-,-,-,7,0.000,0.0,NA,NA,5,NA,NA,NA,NA,2.0,1,0.0%,NA,NA,NA,NA,NA,NA,NA,NA,NA,0.0%,NA,NA,@ WAS,32,·,2.7,2.1
4,9494,Marvin Mims,WR,24.5,DEN,999,109,0.00,-0.5,1,1,65,18,1,0.0%,0,0,0,0,0,0,0.00,0,0,0,0,0.00,0.00,1,-4,0,1,0,3,14,10,10.0,3.3,0,0,0,10,0,0,0,27.7%,10,10.0,0,1,3,33.3%,1.0,-,-,0,NA,NA,NA,NA,0,NA,NA,-,-,0.0,NA,NA,NA,NA,NA,NA,NA,NA,NA,NA,NA,-,-,-,10,1.000,1.0,NA,NA,14,NA,NA,NA,NA,3.0,1,0.0%,NA,NA,NA,NA,NA,NA,NA,NA,NA,0.0%,NA,NA,@ SF,23,·,2.1,-2.1
4,5906,Dawson Knox,TE,29.9,BUF,35,37,3.30,2.3,1,1,59,36,0,0.0%,0,0,0,0,0,0,0.00,0,0,0,0,0.00,0.00,2,3,0,0,0,2,10,13,6.5,6.5,0,0,0,13,0,0,0,61.0%,13,13.0,0,0,2,0.0%,0.0,-,-,0,NA,NA,NA,NA,0,NA,NA,-,-,0.0,NA,NA,NA,NA,NA,NA,12,1.08,0.000,0.167,6.1%,-,-,-,13,0.000,0.0,50%,0.0,5,1,0,0,0,2.0,2,0.0%,NA,NA,NA,NA,NA,NA,NA,NA,NA,0.0%,NA,NA,vs NE,29,·,3.1,0.2
4,11575,Ray Davis,RB,26.9,BUF,66,66,1.70,1.2,1,0,59,4,0,0.0%,0,0,0,0,0,0,0.00,3,0,0,0,0.00,0.00,1,-7,0,0,0,1,11,4,4.0,4.0,1,0,0,7,0,3,3,6.8%,7,7.0,0,0,2,0.0%,0.0,-,-,1,3,0,3.40,0.000,0,0.000,0.340,-,-,3.0,0.0,0.0%,-1.0,-1.00,0.0,0.0,2,2.00,0.000,0.500,3.0%,-,-,-,4,0.000,0.0,NA,NA,11,NA,NA,NA,NA,1.0,1,0.0%,NA,NA,NA,NA,NA,NA,NA,NA,NA,0.0%,NA,NA,vs NE,17,Q,1.1,0.7
4,12467,Jordan James,RB,22.5,SF,0,0,0.00,0,0,0,0,0,0,0.0%,0,0,0,0,0,0,0.00,0,0,0,0,0.00,0.00,0,0,0,0,0,0,0,0,0.0,0.0,0,0,0,0,0,0,0,-,0,0.0,0,0,0,NA,0.0,-,-,NA,NA,NA,NA,NA,0,NA,NA,-,-,0.0,NA,NA,NA,NA,NA,NA,NA,NA,NA,NA,NA,-,-,-,0,0.000,NA,NA,NA,NA,NA,NA,NA,NA,NA,NA,0.0%,NA,NA,NA,NA,NA,NA,NA,NA,NA,0.0%,NA,NA,vs DEN,5,·,0.7,-0.7
4,7670,Joshua Palmer,WR,27.0,BUF,105,105,1.30,0.8,1,0,59,35,0,0.0%,0,0,0,0,0,0,0.00,0,0,0,0,0.00,0.00,1,3,1,0,0,4,0,3,3.0,0.8,0,0,0,3,0,0,0,59.3%,3,3.0,0,0,4,0.0%,0.0,-,-,0,NA,NA,NA,NA,0,NA,NA,-,-,0.0,NA,NA,NA,NA,NA,NA,21,0.14,0.000,0.190,12.1%,-,-,-,3,0.000,0.0,2680%,0.4,0,0,3,2,0,4.0,1,0.0%,NA,NA,NA,NA,NA,NA,NA,NA,NA,0.0%,NA,NA,vs NE,15,·,2.4,-1.1
4,12505,Jalen Royals,WR,23.6,KC,999,999,0.00,0,1,0,60,38,0,0.0%,0,0,0,0,0,0,0.00,0,0,0,0,0.00,0.00,0,0,0,0,0,2,0,0,0.0,0.0,0,0,0,0,0,0,0,63.3%,0,0.0,0,0,2,0.0%,0.0,-,-,0,NA,NA,NA,NA,0,NA,NA,-,-,0.0,NA,NA,NA,NA,NA,NA,21,0.00,0.000,0.095,6.7%,-,-,-,0,0.000,NA,1290%,0.1,NA,0,2,0,0,2.0,0,0.0%,NA,NA,NA,NA,NA,NA,NA,NA,NA,0.0%,NA,NA,@ LV,30,·,1.9,-1.9
4,6768,Tua Tagovailoa,QB,28.6,ATL,999,999,0.00,0,0,0,57,0,0,0.0%,0,0,0,0,0,0,0.00,0,0,0,0,0.00,0.00,0,0,0,0,0,0,0,0,0.0,0.0,0,0,0,0,0,0,0,0.0%,0,0.0,0,0,0,NA,0.0,-,-,NA,NA,NA,NA,NA,0,NA,NA,-,-,0.0,NA,NA,NA,NA,NA,NA,NA,NA,NA,NA,NA,-,-,-,0,0.000,NA,NA,NA,NA,NA,NA,NA,NA,NA,NA,0.0%,NA,NA,NA,NA,NA,NA,NA,NA,NA,0.0%,NA,NA,@ NO,13,·,·,NA
4,11626,Xavier Legette,WR,25.7,CAR,999,999,0.00,0,0,0,0,0,0,0.0%,0,0,0,0,0,0,0.00,0,0,0,0,0.00,0.00,0,0,0,0,0,0,0,0,0.0,0.0,0,0,0,0,0,0,0,-,0,0.0,0,0,0,NA,0.0,-,-,NA,NA,NA,NA,NA,0,NA,NA,-,-,0.0,NA,NA,NA,NA,NA,NA,NA,NA,NA,NA,NA,-,-,-,0,0.000,NA,NA,NA,NA,NA,NA,NA,NA,NA,NA,0.0%,NA,NA,NA,NA,NA,NA,NA,NA,NA,0.0%,NA,NA,vs DET,4,IR,IR,NA
4,12531,Trevor Etienne,RB,22.2,CAR,999,999,0.00,0,0,0,0,0,0,0.0%,0,0,0,0,0,0,0.00,0,0,0,0,0.00,0.00,0,0,0,0,0,0,0,0,0.0,0.0,0,0,0,0,0,0,0,-,0,0.0,0,0,0,NA,0.0,-,-,NA,NA,NA,NA,NA,0,NA,NA,-,-,0.0,NA,NA,NA,NA,NA,NA,NA,NA,NA,NA,NA,-,-,-,0,0.000,NA,NA,NA,NA,NA,NA,NA,NA,NA,NA,0.0%,NA,NA,NA,NA,NA,NA,NA,NA,NA,0.0%,NA,NA,vs DET,18,IR,IR,NA
4,4039,Cooper Kupp,WR,33.3,SEA,93,92,2.30,1.8,1,0,60,34,0,0.0%,0,0,0,0,0,0,0.00,0,0,0,0,0.00,0.00,1,8,0,1,0,2,5,13,13.0,6.5,0,0,0,13,0,0,0,56.7%,13,13.0,0,1,2,50.0%,1.0,-,-,0,NA,NA,NA,NA,0,NA,NA,-,-,0.0,NA,NA,NA,NA,NA,NA,17,0.76,0.059,0.118,9.1%,-,-,-,13,1.000,1.0,820%,0.1,5,0,0,1,0,2.0,1,0.0%,NA,NA,NA,NA,NA,NA,NA,NA,NA,0.0%,NA,NA,vs LAC,14,·,6.4,-4.1
4,9229,Anthony Richardson,QB,24.4,IND,999,999,0.00,0,0,0,66,0,0,0.0%,0,0,0,0,0,0,0.00,0,0,0,0,0.00,0.00,0,0,0,0,0,0,0,0,0.0,0.0,0,0,0,0,0,0,0,0.0%,0,0.0,0,0,0,NA,0.0,-,-,NA,NA,NA,NA,NA,0,NA,NA,-,-,0.0,NA,NA,NA,NA,NA,NA,NA,NA,NA,NA,NA,-,-,-,0,0.000,NA,NA,NA,NA,NA,NA,NA,NA,NA,NA,0.0%,NA,NA,NA,NA,NA,NA,NA,NA,NA,0.0%,NA,NA,@ WAS,2,·,·,NA
4,12544,LeQuint Allen,RB,22.2,JAX,999,999,0.00,0,1,0,61,9,0,0.0%,0,0,0,0,0,0,0.00,0,0,0,0,0.00,0.00,0,0,0,0,0,0,0,0,0.0,0.0,0,0,0,0,0,0,0,14.8%,0,0.0,0,0,0,NA,0.0,-,-,0,0,0,0.00,NA,0,NA,NA,-,-,0.0,0.0,NA,0.0,NA,0.0,0.0,7,0.00,0.000,0.000,0.0%,-,-,-,0,0.000,NA,NA,NA,NA,NA,NA,NA,NA,0.0,0,0.0%,NA,NA,NA,NA,NA,NA,NA,NA,NA,0.0%,NA,NA,@ CIN,20,·,1.9,-1.9
4,2306,Jameis Winston,QB,32.7,NYG,8,8,20.00,20,1,1,67,67,0,62.1%,205,29,18,8,11,2,95.50,250,4,3,250,8.62,13.89,0,0,0,0,0,0,0,0,0.0,0.0,0,0,0,0,0,0,0,100.0%,250,250.0,3,11,29,37.9%,11.0,-,-,0,NA,NA,NA,NA,0,NA,NA,-,-,0.0,0.0,NA,NA,NA,NA,NA,NA,NA,NA,NA,NA,-,-,-,0,0.000,NA,NA,NA,NA,NA,NA,NA,NA,0.0,0,1100.0%,0.3793103448,288%,20.7%,0.485,11.2,3300.0%,-0.01,+2.20,0.1,25000.0%,30.3%,1,vs ARI,4,·,15.3,4.7
4,12503,Isaiah Bond,WR,22.6,CLE,106,106,1.20,0.7,1,0,64,7,0,0.0%,0,0,0,0,0,0,0.00,0,0,0,0,0.00,0.00,1,2,0,0,0,1,0,2,2.0,2.0,0,0,0,2,0,0,0,10.9%,2,2.0,0,0,1,0.0%,0.0,-,-,0,NA,NA,NA,NA,0,NA,NA,-,-,0.0,NA,NA,NA,NA,NA,NA,5,0.40,0.000,0.200,3.0%,-,-,-,2,0.000,0.0,190%,0.0,0,0,0,1,0,1.0,1,0.0%,NA,NA,NA,NA,NA,NA,NA,NA,NA,0.0%,NA,NA,vs PIT,26,·,2.6,-1.4
4,11577,Will Shipley,RB,24.1,PHI,60,57,2.30,2.3,1,0,61,29,0,0.0%,0,0,0,0,0,0,0.00,23,0,0,0,0.00,0.00,0,0,0,0,0,1,0,0,0.0,0.0,6,0,1,23,0,23,3.83,47.5%,23,23.0,0,1,7,14.3%,1.0,-,-,6,26,0,4.40,0.000,1,0.167,0.440,-,-,23.0,0.0,0.0%,0.0,0.00,3.0,2.0,14,0.00,0.000,0.071,3.7%,-,-,-,0,0.000,NA,NA,NA,NA,NA,NA,NA,NA,1.0,0,0.0%,NA,NA,NA,NA,NA,NA,NA,NA,NA,0.0%,NA,NA,vs LAR,27,·,2.3,0.0
4,4033,David Njoku,TE,30.2,LAC,999,999,0.00,0,0,0,0,0,0,0.0%,0,0,0,0,0,0,0.00,0,0,0,0,0.00,0.00,0,0,0,0,0,0,0,0,0.0,0.0,0,0,0,0,0,0,0,-,0,0.0,0,0,0,NA,0.0,-,-,NA,NA,NA,NA,NA,0,NA,NA,-,-,0.0,NA,NA,NA,NA,NA,NA,NA,NA,NA,NA,NA,-,-,-,0,0.000,NA,NA,NA,NA,NA,NA,NA,NA,NA,NA,0.0%,NA,NA,NA,NA,NA,NA,NA,NA,NA,0.0%,NA,NA,@ SEA,21,IR,IR,NA
4,11597,Theo Johnson,TE,25.6,NYG,23,20,8.10,7.6,1,1,67,22,0,0.0%,0,0,0,0,0,0,0.00,0,0,0,0,0.00,0.00,1,11,0,0,1,1,0,11,11.0,11.0,0,0,0,11,0,0,0,32.8%,11,11.0,1,1,1,100.0%,1.0,-,-,0,NA,NA,NA,NA,0,NA,NA,-,-,0.0,NA,NA,NA,NA,NA,NA,8,1.38,0.000,0.125,3.4%,-,-,-,11,1.000,1.0,1560%,0.0,0,1,1,1,1,1.0,1,0.0%,NA,NA,NA,NA,NA,NA,NA,NA,NA,0.0%,NA,NA,vs ARI,5,·,3.1,5.0
4,1479,Keenan Allen,WR,34.4,IND,0,0,0.00,0,0,0,0,0,0,0.0%,0,0,0,0,0,0,0.00,0,0,0,0,0.00,0.00,0,0,0,0,0,0,0,0,0.0,0.0,0,0,0,0,0,0,0,-,0,0.0,0,0,0,NA,0.0,-,-,NA,NA,NA,NA,NA,0,NA,NA,-,-,0.0,NA,NA,NA,NA,NA,NA,NA,NA,NA,NA,NA,-,-,-,0,0.000,NA,NA,NA,NA,NA,NA,NA,NA,NA,NA,0.0%,NA,NA,NA,NA,NA,NA,NA,NA,NA,0.0%,NA,NA,@ WAS,1,OUT,OUT,NA
4,11655,Tyrone Tracy,RB,26.9,NYG,81,81,-0.10,-0.1,1,0,67,12,0,0.0%,0,0,0,0,0,0,0.00,-1,0,0,0,0.00,0.00,0,0,0,0,0,0,0,0,0.0,0.0,1,0,0,-1,0,-1,-1,17.9%,-1,-1.0,0,0,1,0.0%,0.0,-,-,1,1,0,0.60,0.000,0,0.000,0.060,-,-,-1.0,0.0,0.0%,-8.0,-8.00,0.0,0.0,10,0.00,0.000,0.000,0.0%,-,-,-,0,0.000,NA,NA,NA,NA,NA,NA,NA,NA,0.0,0,0.0%,NA,NA,NA,NA,NA,NA,NA,NA,NA,0.0%,NA,NA,vs ARI,22,·,0.8,-0.9
4,3161,Carson Wentz,QB,33.8,MIN,999,999,0.00,0,0,0,78,0,0,0.0%,0,0,0,0,0,0,0.00,0,0,0,0,0.00,0.00,0,0,0,0,0,0,0,0,0.0,0.0,0,0,0,0,0,0,0,0.0%,0,0.0,0,0,0,NA,0.0,-,-,NA,NA,NA,NA,NA,0,NA,NA,-,-,0.0,NA,NA,NA,NA,NA,NA,NA,NA,NA,NA,NA,-,-,-,0,0.000,NA,NA,NA,NA,NA,NA,NA,NA,NA,NA,0.0%,NA,NA,NA,NA,NA,NA,NA,NA,NA,0.0%,NA,NA,vs MIA,7,·,·,NA
4,3634,Kalif Raymond,WR,32.2,CHI,88,93,2.60,1.6,1,0,93,47,0,0.0%,0,0,0,0,0,0,0.00,0,0,0,0,0.00,0.00,2,0,0,0,0,2,6,6,3.0,3.0,0,0,0,6,0,0,0,50.5%,6,6.0,0,0,2,0.0%,0.0,-,-,0,NA,NA,NA,NA,0,NA,NA,-,-,0.0,NA,NA,NA,NA,NA,NA,19,0.32,0.000,0.105,5.9%,-,-,-,6,0.000,0.0,-40%,0.0,3,1,0,2,0,2.0,2,0.0%,NA,NA,NA,NA,NA,NA,NA,NA,NA,0.0%,NA,NA,vs NYJ,25,·,9.7,-7.1
4,4177,Mack Hollins,WR,33.0,NE,52,50,8.30,6.8,1,1,76,31,0,0.0%,0,0,0,0,0,0,0.00,0,0,0,0,0.00,0.00,3,49,0,2,0,4,4,53,17.7,13.3,0,0,0,53,0,0,0,40.8%,53,53.0,0,2,4,50.0%,2.0,-,-,0,NA,NA,NA,NA,0,NA,NA,-,-,0.0,NA,NA,NA,NA,NA,NA,17,3.12,0.118,0.235,10.8%,-,-,-,53,2.000,0.7,2410%,0.3,1,0,3,1,0,4.0,3,0.0%,NA,NA,NA,NA,NA,NA,NA,NA,NA,0.0%,NA,NA,@ BUF,5,·,8.8,-0.5
4,13533,Barion Brown,WR,22.8,NO,111,110,-0.50,-0.5,1,0,74,3,0,0.0%,0,0,0,0,0,0,0.00,-5,0,0,0,0.00,0.00,0,0,0,0,0,0,0,0,0.0,0.0,1,0,0,-5,0,-5,-5,4.1%,-5,-5.0,0,0,1,0.0%,0.0,-,-,1,NA,NA,NA,NA,0,0.000,NA,-,-,-5.0,NA,NA,NA,NA,NA,NA,NA,NA,NA,NA,NA,-,-,-,0,0.000,NA,NA,NA,NA,NA,NA,NA,NA,0.0,0,0.0%,NA,NA,NA,NA,NA,NA,NA,NA,NA,0.0%,NA,NA,vs ATL,7,·,1.7,-2.2
4,12511,Will Howard,QB,25.0,PIT,0,0,0.00,0,0,0,0,0,0,0.0%,0,0,0,0,0,0,0.00,0,0,0,0,0.00,0.00,0,0,0,0,0,0,0,0,0.0,0.0,0,0,0,0,0,0,0,-,0,0.0,0,0,0,NA,0.0,-,-,NA,NA,NA,NA,NA,0,NA,NA,-,-,0.0,NA,NA,NA,NA,NA,NA,NA,NA,NA,NA,NA,-,-,-,0,0.000,NA,NA,NA,NA,NA,NA,NA,NA,NA,NA,0.0%,NA,NA,NA,NA,NA,NA,NA,NA,NA,0.0%,NA,NA,@ CLE,16,OUT,OUT,NA
4,12718,Konata Mumpfield,WR,23.9,LAR,98,98,1.70,1.2,1,0,84,23,0,0.0%,0,0,0,0,0,0,0.00,0,0,0,0,0.00,0.00,1,3,0,1,0,3,4,7,7.0,2.3,0,0,0,7,0,0,0,27.4%,7,7.0,0,1,3,33.3%,1.0,-,-,0,NA,NA,NA,NA,0,NA,NA,-,-,0.0,NA,NA,NA,NA,NA,NA,19,0.37,0.053,0.158,5.9%,-,-,-,7,1.000,1.0,1640%,0.1,4,0,2,0,0,3.0,1,0.0%,NA,NA,NA,NA,NA,NA,NA,NA,NA,0.0%,NA,NA,@ PHI,8,·,1.6,0.1
4,8205,Isiah Pacheco,RB,27.6,DET,999,999,0.00,0,0,0,0,0,0,0.0%,0,0,0,0,0,0,0.00,0,0,0,0,0.00,0.00,0,0,0,0,0,0,0,0,0.0,0.0,0,0,0,0,0,0,0,-,0,0.0,0,0,0,NA,0.0,-,-,NA,NA,NA,NA,NA,0,NA,NA,-,-,0.0,NA,NA,NA,NA,NA,NA,NA,NA,NA,NA,NA,-,-,-,0,0.000,NA,NA,NA,NA,NA,NA,NA,NA,NA,NA,0.0%,NA,NA,NA,NA,NA,NA,NA,NA,NA,0.0%,NA,NA,@ CAR,3,IR,IR,NA
4,7090,Darnell Mooney,WR,28.9,NYG,999,999,0.00,0,1,0,67,37,0,0.0%,0,0,0,0,0,0,0.00,0,0,0,0,0.00,0.00,0,0,0,0,0,2,0,0,0.0,0.0,0,0,0,0,0,0,0,55.2%,0,0.0,0,0,2,0.0%,0.0,-,-,0,NA,NA,NA,NA,0,NA,NA,-,-,0.0,NA,NA,NA,NA,NA,NA,26,0.00,0.000,0.077,6.9%,-,-,-,0,0.000,NA,1170%,0.1,NA,0,1,1,0,2.0,0,0.0%,NA,NA,NA,NA,NA,NA,NA,NA,NA,0.0%,NA,NA,vs ARI,2,·,4.8,-4.8
4,12471,DJ Giddens,RB,23.1,IND,0,0,0.00,0,0,0,0,0,0,0.0%,0,0,0,0,0,0,0.00,0,0,0,0,0.00,0.00,0,0,0,0,0,0,0,0,0.0,0.0,0,0,0,0,0,0,0,-,0,0.0,0,0,0,NA,0.0,-,-,NA,NA,NA,NA,NA,0,NA,NA,-,-,0.0,NA,NA,NA,NA,NA,NA,NA,NA,NA,NA,NA,-,-,-,0,0.000,NA,NA,NA,NA,NA,NA,NA,NA,NA,NA,0.0%,NA,NA,NA,NA,NA,NA,NA,NA,NA,0.0%,NA,NA,@ WAS,32,OUT,OUT,NA
4,12541,Dont'e Thornton,WR,23.8,LV,999,999,0.00,0,0,0,0,0,0,0.0%,0,0,0,0,0,0,0.00,0,0,0,0,0.00,0.00,0,0,0,0,0,0,0,0,0.0,0.0,0,0,0,0,0,0,0,-,0,0.0,0,0,0,NA,0.0,-,-,NA,NA,NA,NA,NA,0,NA,NA,-,-,0.0,NA,NA,NA,NA,NA,NA,NA,NA,NA,NA,NA,-,-,-,0,0.000,NA,NA,NA,NA,NA,NA,NA,NA,NA,NA,0.0%,NA,NA,NA,NA,NA,NA,NA,NA,NA,0.0%,NA,NA,vs KC,32,IR,IR,NA
4,12455,Brashard Smith,RB,23.5,KC,999,999,0.00,0,1,0,60,2,0,0.0%,0,0,0,0,0,0,0.00,0,0,0,0,0.00,0.00,0,0,0,0,0,0,0,0,0.0,0.0,0,0,0,0,0,0,0,3.3%,0,0.0,0,0,0,NA,0.0,-,-,0,0,0,0.00,NA,0,NA,NA,-,-,0.0,0.0,NA,0.0,NA,0.0,0.0,2,0.00,0.000,0.000,0.0%,-,-,-,0,0.000,NA,NA,NA,NA,NA,NA,NA,NA,0.0,0,0.0%,NA,NA,NA,NA,NA,NA,NA,NA,NA,0.0%,NA,NA,@ LV,23,·,0.3,-0.3
4,13380,Brenen Thompson,WR,23.2,LAC,0,0,0.00,0,0,0,0,0,0,0.0%,0,0,0,0,0,0,0.00,0,0,0,0,0.00,0.00,0,0,0,0,0,0,0,0,0.0,0.0,0,0,0,0,0,0,0,-,0,0.0,0,0,0,NA,0.0,-,-,NA,NA,NA,NA,NA,0,NA,NA,-,-,0.0,NA,NA,NA,NA,NA,NA,NA,NA,NA,NA,NA,-,-,-,0,0.000,NA,NA,NA,NA,NA,NA,NA,NA,NA,NA,0.0%,NA,NA,NA,NA,NA,NA,NA,NA,NA,0.0%,NA,NA,@ SEA,29,OUT,OUT,NA
4,13423,Eli Heidenreich,RB,23.3,PIT,999,999,0.00,0,0,0,72,0,0,0.0%,0,0,0,0,0,0,0.00,0,0,0,0,0.00,0.00,0,0,0,0,0,0,0,0,0.0,0.0,0,0,0,0,0,0,0,0.0%,0,0.0,0,0,0,NA,0.0,-,-,NA,NA,NA,NA,NA,0,NA,NA,-,-,0.0,NA,NA,NA,NA,NA,NA,NA,NA,NA,NA,NA,-,-,-,0,0.000,NA,NA,NA,NA,NA,NA,NA,NA,NA,NA,0.0%,NA,NA,NA,NA,NA,NA,NA,NA,NA,0.0%,NA,NA,@ CLE,24,OUT,OUT,NA
4,11370,Chris Brooks,RB,26.7,GB,47,48,4.50,4,1,1,60,10,0,0.0%,0,0,0,0,0,0,0.00,30,0,0,0,0.00,0.00,1,2,0,0,0,1,3,5,5.0,5.0,4,0,1,35,0,30,7.5,16.7%,35,35.0,0,1,5,20.0%,1.0,-,-,4,10,0,2.60,0.000,1,0.250,0.260,-,-,30.0,1.0,25.0%,16.0,4.00,2.0,2.0,3,1.67,0.000,0.333,3.3%,-,-,-,5,0.000,0.0,NA,NA,3,NA,NA,NA,NA,1.0,1,0.0%,NA,NA,NA,NA,NA,NA,NA,NA,NA,0.0%,NA,NA,@ TB,25,·,5.8,-1.3
4,4454,Kendrick Bourne,WR,31.2,ARI,999,999,0.00,0,1,1,66,42,0,0.0%,0,0,0,0,0,0,0.00,0,0,0,0,0.00,0.00,0,0,0,0,0,0,0,0,0.0,0.0,0,0,0,0,0,0,0,63.6%,0,0.0,0,0,0,NA,0.0,-,-,0,NA,NA,NA,NA,0,NA,NA,-,-,0.0,NA,NA,NA,NA,NA,NA,30,0.00,0.000,0.000,0.0%,-,-,-,0,0.000,NA,0%,0.0,NA,0,0,0,0,0.0,0,0.0%,NA,NA,NA,NA,NA,NA,NA,NA,NA,0.0%,NA,NA,@ NYG,13,·,6.0,-6.0
4,5995,Justice Hill,RB,28.9,BAL,48,50,4.50,3.5,1,0,64,24,0,0.0%,0,0,0,0,0,0,0.00,3,0,0,0,0.00,0.00,2,-11,0,1,0,3,33,22,11.0,7.3,1,0,0,25,0,3,3,37.5%,25,25.0,0,1,4,25.0%,1.0,-,-,1,2,1,1.50,1.000,0,0.000,1.150,-,-,3.0,0.0,0.0%,-1.0,-1.00,0.0,0.0,16,1.38,0.063,0.188,10.3%,-,-,-,22,1.000,0.5,NA,NA,17,NA,NA,NA,NA,3.0,2,0.0%,NA,NA,NA,NA,NA,NA,NA,NA,NA,0.0%,NA,NA,vs TEN,13,·,6.7,-2.2
4,11589,Trey Benson,RB,24.2,ARI,999,999,0.00,0,0,0,0,0,0,0.0%,0,0,0,0,0,0,0.00,0,0,0,0,0.00,0.00,0,0,0,0,0,0,0,0,0.0,0.0,0,0,0,0,0,0,0,-,0,0.0,0,0,0,NA,0.0,-,-,NA,NA,NA,NA,NA,0,NA,NA,-,-,0.0,NA,NA,NA,NA,NA,NA,NA,NA,NA,NA,NA,-,-,-,0,0.000,NA,NA,NA,NA,NA,NA,NA,NA,NA,NA,0.0%,NA,NA,NA,NA,NA,NA,NA,NA,NA,0.0%,NA,NA,@ NYG,10,IR,IR,NA
4,5857,Noah Fant,TE,28.9,NO,0,0,0.00,0,0,0,0,0,0,0.0%,0,0,0,0,0,0,0.00,0,0,0,0,0.00,0.00,0,0,0,0,0,0,0,0,0.0,0.0,0,0,0,0,0,0,0,-,0,0.0,0,0,0,NA,0.0,-,-,NA,NA,NA,NA,NA,0,NA,NA,-,-,0.0,NA,NA,NA,NA,NA,NA,NA,NA,NA,NA,NA,-,-,-,0,0.000,NA,NA,NA,NA,NA,NA,NA,NA,NA,NA,0.0%,NA,NA,NA,NA,NA,NA,NA,NA,NA,0.0%,NA,NA,vs ATL,7,Q,6.1,-6.1
4,8119,Jahan Dotson,WR,26.5,ATL,27,22,13.40,12.4,1,1,57,36,0,0.0%,0,0,0,0,0,0,0.00,0,0,0,0,0.00,0.00,2,46,0,1,1,3,8,54,27.0,18.0,0,0,0,54,0,0,0,63.2%,54,54.0,1,2,3,66.7%,2.0,-,-,0,NA,NA,NA,NA,0,NA,NA,-,-,0.0,NA,NA,NA,NA,NA,NA,11,4.91,0.091,0.273,15.0%,-,-,-,54,2.000,1.0,2020%,0.5,4,0,3,1,1,3.0,2,0.0%,NA,NA,NA,NA,NA,NA,NA,NA,NA,0.0%,NA,NA,@ NO,21,·,4.5,8.9
4,8698,Jake Tonges,TE,27.2,SF,999,999,0.00,0,0,0,0,0,0,0.0%,0,0,0,0,0,0,0.00,0,0,0,0,0.00,0.00,0,0,0,0,0,0,0,0,0.0,0.0,0,0,0,0,0,0,0,-,0,0.0,0,0,0,NA,0.0,-,-,NA,NA,NA,NA,NA,0,NA,NA,-,-,0.0,NA,NA,NA,NA,NA,NA,NA,NA,NA,NA,NA,-,-,-,0,0.000,NA,NA,NA,NA,NA,NA,NA,NA,NA,NA,0.0%,NA,NA,NA,NA,NA,NA,NA,NA,NA,0.0%,NA,NA,vs DEN,13,IR,IR,NA
4,13329,Malik Benson,WR,24.0,LV,999,999,0.00,0,1,0,84,7,0,0.0%,0,0,0,0,0,0,0.00,0,0,0,0,0.00,0.00,0,0,0,0,0,0,0,0,0.0,0.0,0,0,0,0,0,0,0,8.3%,0,0.0,0,0,0,NA,0.0,-,-,0,NA,NA,NA,NA,0,NA,NA,-,-,0.0,NA,NA,NA,NA,NA,NA,NA,NA,NA,NA,NA,-,-,-,0,0.000,NA,NA,NA,NA,NA,NA,NA,NA,0.0,0,0.0%,NA,NA,NA,NA,NA,NA,NA,NA,NA,0.0%,NA,NA,vs KC,32,·,0.8,-0.8
4,7591,Justin Fields,QB,27.6,KC,999,999,0.00,0,0,0,60,0,0,0.0%,0,0,0,0,0,0,0.00,0,0,0,0,0.00,0.00,0,0,0,0,0,0,0,0,0.0,0.0,0,0,0,0,0,0,0,0.0%,0,0.0,0,0,0,NA,0.0,-,-,NA,NA,NA,NA,NA,0,NA,NA,-,-,0.0,NA,NA,NA,NA,NA,NA,NA,NA,NA,NA,NA,-,-,-,0,0.000,NA,NA,NA,NA,NA,NA,NA,NA,NA,NA,0.0%,NA,NA,NA,NA,NA,NA,NA,NA,NA,0.0%,NA,NA,@ LV,18,·,·,NA
4,8800,Malik Davis,RB,27.8,DAL,999,999,0.00,0,0,0,0,0,0,0.0%,0,0,0,0,0,0,0.00,0,0,0,0,0.00,0.00,0,0,0,0,0,0,0,0,0.0,0.0,0,0,0,0,0,0,0,-,0,0.0,0,0,0,NA,0.0,-,-,NA,NA,NA,NA,NA,0,NA,NA,-,-,0.0,NA,NA,NA,NA,NA,NA,NA,NA,NA,NA,NA,-,-,-,0,0.000,NA,NA,NA,NA,NA,NA,NA,NA,NA,NA,0.0%,NA,NA,NA,NA,NA,NA,NA,NA,NA,0.0%,NA,NA,@ HOU,31,IR,IR,NA
4,6130,Devin Singletary,RB,29.1,NYG,0,0,0.00,0,0,0,0,0,0,0.0%,0,0,0,0,0,0,0.00,0,0,0,0,0.00,0.00,0,0,0,0,0,0,0,0,0.0,0.0,0,0,0,0,0,0,0,-,0,0.0,0,0,0,NA,0.0,-,-,NA,NA,NA,NA,NA,0,NA,NA,-,-,0.0,NA,NA,NA,NA,NA,NA,NA,NA,NA,NA,NA,-,-,-,0,0.000,NA,NA,NA,NA,NA,NA,NA,NA,NA,NA,0.0%,NA,NA,NA,NA,NA,NA,NA,NA,NA,0.0%,NA,NA,vs ARI,22,·,1.2,-1.2
4,13306,Taylen Green,QB,24.0,CLE,0,0,0.00,0,0,0,0,0,0,0.0%,0,0,0,0,0,0,0.00,0,0,0,0,0.00,0.00,0,0,0,0,0,0,0,0,0.0,0.0,0,0,0,0,0,0,0,-,0,0.0,0,0,0,NA,0.0,-,-,NA,NA,NA,NA,NA,0,NA,NA,-,-,0.0,NA,NA,NA,NA,NA,NA,NA,NA,NA,NA,NA,-,-,-,0,0.000,NA,NA,NA,NA,NA,NA,NA,NA,NA,NA,0.0%,NA,NA,NA,NA,NA,NA,NA,NA,NA,0.0%,NA,NA,vs PIT,29,OUT,OUT,NA
4,11600,Ja'Tavion Sanders,TE,23.5,CAR,0,0,0.00,0,0,0,0,0,0,0.0%,0,0,0,0,0,0,0.00,0,0,0,0,0.00,0.00,0,0,0,0,0,0,0,0,0.0,0.0,0,0,0,0,0,0,0,-,0,0.0,0,0,0,NA,0.0,-,-,NA,NA,NA,NA,NA,0,NA,NA,-,-,0.0,NA,NA,NA,NA,NA,NA,NA,NA,NA,NA,NA,-,-,-,0,0.000,NA,NA,NA,NA,NA,NA,NA,NA,NA,NA,0.0%,NA,NA,NA,NA,NA,NA,NA,NA,NA,0.0%,NA,NA,vs DET,1,·,·,NA
4,4950,Christian Kirk,WR,29.9,SF,999,999,0.00,0,0,0,0,0,0,0.0%,0,0,0,0,0,0,0.00,0,0,0,0,0.00,0.00,0,0,0,0,0,0,0,0,0.0,0.0,0,0,0,0,0,0,0,-,0,0.0,0,0,0,NA,0.0,-,-,NA,NA,NA,NA,NA,0,NA,NA,-,-,0.0,NA,NA,NA,NA,NA,NA,NA,NA,NA,NA,NA,-,-,-,0,0.000,NA,NA,NA,NA,NA,NA,NA,NA,NA,NA,0.0%,NA,NA,NA,NA,NA,NA,NA,NA,NA,0.0%,NA,NA,vs DEN,22,IR,IR,NA
4,7828,Noah Gray,TE,27.4,KC,31,31,3.70,2.7,1,0,60,41,0,0.0%,0,0,0,0,0,0,0.00,0,0,0,0,0.00,0.00,2,8,0,1,0,3,9,17,8.5,5.7,0,0,0,17,0,0,0,68.3%,17,17.0,0,1,3,33.3%,1.0,-,-,0,NA,NA,NA,NA,0,NA,NA,-,-,0.0,NA,NA,NA,NA,NA,NA,17,1.00,0.059,0.176,10.0%,-,-,-,17,1.000,0.5,410%,0.0,5,1,0,1,0,3.0,2,0.0%,NA,NA,NA,NA,NA,NA,NA,NA,NA,0.0%,NA,NA,@ LV,3,·,3.4,0.3
4,11629,Devontez Walker,WR,25.3,BAL,85,82,2.90,2.4,1,0,64,44,0,0.0%,0,0,0,0,0,0,0.00,0,0,0,0,0.00,0.00,1,13,1,1,0,2,6,19,19.0,9.5,0,0,0,19,0,0,0,68.8%,19,19.0,0,1,2,50.0%,1.0,-,-,0,NA,NA,NA,NA,0,NA,NA,-,-,0.0,NA,NA,NA,NA,NA,NA,23,0.83,0.043,0.087,6.9%,-,-,-,19,1.000,1.0,1790%,0.2,6,0,2,1,0,2.0,1,0.0%,NA,NA,NA,NA,NA,NA,NA,NA,NA,0.0%,NA,NA,vs TEN,16,·,3.3,-0.4
4,13394,Josh Cameron,WR,23.5,JAX,67,63,6.20,5.2,1,0,61,22,0,0.0%,0,0,0,0,0,0,0.00,0,0,0,0,0.00,0.00,2,7,0,2,0,2,35,42,21.0,21.0,0,0,0,42,0,0,0,36.1%,42,42.0,0,2,2,100.0%,2.0,-,-,0,NA,NA,NA,NA,0,NA,NA,-,-,0.0,NA,NA,NA,NA,NA,NA,8,5.25,0.250,0.250,8.7%,-,-,-,42,2.000,1.0,300%,0.0,18,0,0,1,0,2.0,2,0.0%,NA,NA,NA,NA,NA,NA,NA,NA,NA,0.0%,NA,NA,@ CIN,18,·,3.7,2.5
4,11557,Joe Milton,QB,26.6,DAL,999,999,0.00,0,0,0,0,0,0,0.0%,0,0,0,0,0,0,0.00,0,0,0,0,0.00,0.00,0,0,0,0,0,0,0,0,0.0,0.0,0,0,0,0,0,0,0,-,0,0.0,0,0,0,NA,0.0,-,-,NA,NA,NA,NA,NA,0,NA,NA,-,-,0.0,NA,NA,NA,NA,NA,NA,NA,NA,NA,NA,NA,-,-,-,0,0.000,NA,NA,NA,NA,NA,NA,NA,NA,NA,NA,0.0%,NA,NA,NA,NA,NA,NA,NA,NA,NA,0.0%,NA,NA,@ HOU,8,·,·,NA
4,11596,Ben Sinnott,TE,24.3,WAS,999,999,0.00,0,1,1,64,24,0,0.0%,0,0,0,0,0,0,0.00,0,0,0,0,0.00,0.00,0,0,0,0,0,0,0,0,0.0,0.0,0,0,0,0,0,0,0,37.5%,0,0.0,0,0,0,NA,0.0,-,-,0,NA,NA,NA,NA,0,NA,NA,-,-,0.0,NA,NA,NA,NA,NA,NA,9,0.00,0.000,0.000,0.0%,-,-,-,0,0.000,NA,0%,0.0,NA,0,0,0,0,0.0,0,0.0%,NA,NA,NA,NA,NA,NA,NA,NA,NA,0.0%,NA,NA,vs IND,8,·,0.5,-0.5
4,11729,Sione Vaki,RB,25.2,DET,59,61,2.70,2.2,1,0,71,12,0,0.0%,0,0,0,0,0,0,0.00,0,0,0,0,0.00,0.00,1,2,1,1,0,2,15,17,17.0,8.5,0,0,0,17,0,0,0,16.9%,17,17.0,0,1,2,50.0%,1.0,-,-,0,0,0,0.00,NA,0,NA,NA,-,-,0.0,0.0,NA,0.0,NA,0.0,0.0,7,2.43,0.143,0.286,3.8%,-,-,-,17,1.000,1.0,NA,NA,15,NA,NA,NA,NA,2.0,1,0.0%,NA,NA,NA,NA,NA,NA,NA,NA,NA,0.0%,NA,NA,@ CAR,3,·,4.4,-1.7
4,7528,Najee Harris,RB,28.6,NYG,56,52,3.00,3,1,0,67,12,1,0.0%,0,0,0,0,0,0,0.00,30,0,0,0,0.00,0.00,0,0,0,0,0,0,0,0,0.0,0.0,9,1,0,30,0,30,3.33,17.9%,30,30.0,0,0,9,0.0%,0.0,-,-,9,31,3,3.40,0.333,0,0.000,0.673,-,-,30.0,0.0,0.0%,-7.0,-0.78,3.0,0.0,2,0.00,0.000,0.000,0.0%,-,-,-,0,0.000,NA,NA,NA,NA,NA,NA,NA,NA,0.0,0,0.0%,NA,NA,NA,NA,NA,NA,NA,NA,NA,0.0%,NA,NA,vs ARI,22,·,5.0,-2.0
4,13324,Matthew Hibner,TE,24.6,BAL,27,27,5.40,4.4,1,1,64,37,0,0.0%,0,0,0,0,0,0,0.00,0,0,0,0,0.00,0.00,2,19,0,1,0,2,15,34,17.0,17.0,0,0,0,34,0,0,0,57.8%,34,34.0,0,1,2,50.0%,1.0,-,-,0,NA,NA,NA,NA,0,NA,NA,-,-,0.0,NA,NA,NA,NA,NA,NA,9,3.78,0.111,0.222,6.9%,-,-,-,34,1.000,0.5,900%,0.1,8,0,1,1,0,2.0,2,0.0%,NA,NA,NA,NA,NA,NA,NA,NA,NA,0.0%,NA,NA,vs TEN,30,·,2.7,2.8
4,13400,Justin Joly,TE,22.2,MIA,0,0,0.00,0,0,0,0,0,0,0.0%,0,0,0,0,0,0,0.00,0,0,0,0,0.00,0.00,0,0,0,0,0,0,0,0,0.0,0.0,0,0,0,0,0,0,0,-,0,0.0,0,0,0,NA,0.0,-,-,NA,NA,NA,NA,NA,0,NA,NA,-,-,0.0,NA,NA,NA,NA,NA,NA,NA,NA,NA,NA,NA,-,-,-,0,0.000,NA,NA,NA,NA,NA,NA,NA,NA,NA,NA,0.0%,NA,NA,NA,NA,NA,NA,NA,NA,NA,0.0%,NA,NA,@ MIN,23,·,0.2,-0.2
4,10226,Andrei Iosivas,WR,27.0,CIN,999,999,0.00,0,0,0,0,0,0,0.0%,0,0,0,0,0,0,0.00,0,0,0,0,0.00,0.00,0,0,0,0,0,0,0,0,0.0,0.0,0,0,0,0,0,0,0,-,0,0.0,0,0,0,NA,0.0,-,-,NA,NA,NA,NA,NA,0,NA,NA,-,-,0.0,NA,NA,NA,NA,NA,NA,NA,NA,NA,NA,NA,-,-,-,0,0.000,NA,NA,NA,NA,NA,NA,NA,NA,NA,NA,0.0%,NA,NA,NA,NA,NA,NA,NA,NA,NA,0.0%,NA,NA,vs JAX,19,IR,IR,NA
4,10235,Roschon Johnson,RB,25.7,CHI,53,53,3.30,2.8,1,0,93,10,0,0.0%,0,0,0,0,0,0,0.00,16,0,0,0,0.00,0.00,1,5,0,1,0,1,2,7,7.0,7.0,4,0,1,23,0,16,4,10.8%,23,23.0,0,2,5,40.0%,2.0,-,-,4,9,1,2.30,0.250,1,0.250,0.480,-,-,16.0,1.0,25.0%,4.0,1.00,2.0,1.0,2,3.50,0.500,0.500,2.9%,-,-,-,7,1.000,1.0,NA,NA,2,NA,NA,NA,NA,1.0,1,0.0%,NA,NA,NA,NA,NA,NA,NA,NA,NA,0.0%,NA,NA,vs NYJ,9,·,0.2,3.1
4,8135,Treylon Burks,WR,26.5,WAS,38,31,11.70,11.2,1,0,64,38,0,0.0%,0,0,0,0,0,0,0.00,0,0,0,0,0.00,0.00,1,42,0,0,1,3,5,47,47.0,15.7,0,0,0,47,0,0,0,59.4%,47,47.0,1,1,3,33.3%,1.0,-,-,0,NA,NA,NA,NA,0,NA,NA,-,-,0.0,NA,NA,NA,NA,NA,NA,25,1.88,0.000,0.120,8.1%,-,-,-,47,1.000,1.0,2880%,0.2,5,0,3,0,0,3.0,1,0.0%,NA,NA,NA,NA,NA,NA,NA,NA,NA,0.0%,NA,NA,vs IND,10,·,3.4,8.3
4,13079,Jahdae Walker,WR,24.2,CHI,999,999,0.00,0,1,0,93,2,0,0.0%,0,0,0,0,0,0,0.00,0,0,0,0,0.00,0.00,0,0,0,0,0,0,0,0,0.0,0.0,0,0,0,0,0,0,0,2.2%,0,0.0,0,0,0,NA,0.0,-,-,0,NA,NA,NA,NA,0,NA,NA,-,-,0.0,NA,NA,NA,NA,NA,NA,NA,NA,NA,NA,NA,-,-,-,0,0.000,NA,NA,NA,NA,NA,NA,NA,NA,0.0,0,0.0%,NA,NA,NA,NA,NA,NA,NA,NA,NA,0.0%,NA,NA,vs NYJ,25,·,1.0,-1.0
4,3271,Tyler Higbee,TE,33.8,LAR,14,15,11.70,9.2,1,0,84,55,0,0.0%,0,0,0,0,0,0,0.00,0,0,0,0,0.00,0.00,5,56,1,5,0,6,11,67,13.4,11.2,0,0,0,67,0,0,0,65.5%,67,67.0,0,5,6,83.3%,5.0,-,-,0,NA,NA,NA,NA,0,NA,NA,-,-,0.0,NA,NA,NA,NA,NA,NA,41,1.63,0.122,0.146,11.8%,-,-,-,67,5.000,1.0,990%,0.1,2,0,3,3,0,6.0,5,0.0%,NA,NA,NA,NA,NA,NA,NA,NA,NA,0.0%,NA,NA,@ PHI,32,·,6.6,5.1
4,12482,Savion Williams,WR,24.9,GB,999,999,0.00,0,0,0,0,0,0,0.0%,0,0,0,0,0,0,0.00,0,0,0,0,0.00,0.00,0,0,0,0,0,0,0,0,0.0,0.0,0,0,0,0,0,0,0,-,0,0.0,0,0,0,NA,0.0,-,-,NA,NA,NA,NA,NA,0,NA,NA,-,-,0.0,NA,NA,NA,NA,NA,NA,NA,NA,NA,NA,NA,-,-,-,0,0.000,NA,NA,NA,NA,NA,NA,NA,NA,NA,NA,0.0%,NA,NA,NA,NA,NA,NA,NA,NA,NA,0.0%,NA,NA,@ TB,24,IR,IR,NA
4,13404,Garrett Nussmeier,QB,24.6,KC,0,0,0.00,0,0,0,0,0,0,0.0%,0,0,0,0,0,0,0.00,0,0,0,0,0.00,0.00,0,0,0,0,0,0,0,0,0.0,0.0,0,0,0,0,0,0,0,-,0,0.0,0,0,0,NA,0.0,-,-,NA,NA,NA,NA,NA,0,NA,NA,-,-,0.0,NA,NA,NA,NA,NA,NA,NA,NA,NA,NA,NA,-,-,-,0,0.000,NA,NA,NA,NA,NA,NA,NA,NA,NA,NA,0.0%,NA,NA,NA,NA,NA,NA,NA,NA,NA,0.0%,NA,NA,@ LV,18,·,·,NA
4,9481,Luke Musgrave,TE,26.1,GB,999,999,0.00,0,0,0,0,0,0,0.0%,0,0,0,0,0,0,0.00,0,0,0,0,0.00,0.00,0,0,0,0,0,0,0,0,0.0,0.0,0,0,0,0,0,0,0,-,0,0.0,0,0,0,NA,0.0,-,-,NA,NA,NA,NA,NA,0,NA,NA,-,-,0.0,NA,NA,NA,NA,NA,NA,NA,NA,NA,NA,NA,-,-,-,0,0.000,NA,NA,NA,NA,NA,NA,NA,NA,NA,NA,0.0%,NA,NA,NA,NA,NA,NA,NA,NA,NA,0.0%,NA,NA,@ TB,11,PUP,PUP,NA
4,11623,Jordan Whittington,WR,26.0,LAR,102,102,1.40,0.9,1,1,84,42,0,0.0%,0,0,0,0,0,0,0.00,0,0,0,0,0.00,0.00,1,4,0,0,0,2,0,4,4.0,2.0,0,0,0,4,0,0,0,50.0%,4,4.0,0,0,2,0.0%,0.0,-,-,0,NA,NA,NA,NA,0,NA,NA,-,-,0.0,NA,NA,NA,NA,NA,NA,21,0.19,0.000,0.095,3.9%,-,-,-,4,0.000,0.0,320%,0.0,0,0,0,1,0,2.0,1,0.0%,NA,NA,NA,NA,NA,NA,NA,NA,NA,0.0%,NA,NA,@ PHI,8,·,0.8,0.6
4,11199,Emari Demercado,RB,27.7,DAL,0,0,0.00,0,0,0,0,0,0,0.0%,0,0,0,0,0,0,0.00,0,0,0,0,0.00,0.00,0,0,0,0,0,0,0,0,0.0,0.0,0,0,0,0,0,0,0,-,0,0.0,0,0,0,NA,0.0,-,-,NA,NA,NA,NA,NA,0,NA,NA,-,-,0.0,NA,NA,NA,NA,NA,NA,NA,NA,NA,NA,NA,-,-,-,0,0.000,NA,NA,NA,NA,NA,NA,NA,NA,NA,NA,0.0%,NA,NA,NA,NA,NA,NA,NA,NA,NA,0.0%,NA,NA,@ HOU,31,·,0.4,-0.4
4,13333,Deion Burks,WR,23.7,IND,100,100,1.60,1.1,1,0,66,15,0,0.0%,0,0,0,0,0,0,0.00,0,0,0,0,0.00,0.00,1,4,0,0,0,2,2,6,6.0,3.0,0,0,0,6,0,0,0,22.7%,6,6.0,0,0,2,0.0%,0.0,-,-,0,NA,NA,NA,NA,0,NA,NA,-,-,0.0,NA,NA,NA,NA,NA,NA,4,1.50,0.000,0.500,5.9%,-,-,-,6,0.000,0.0,1480%,0.2,2,0,1,0,0,2.0,1,0.0%,NA,NA,NA,NA,NA,NA,NA,NA,NA,0.0%,NA,NA,@ WAS,1,·,1.1,0.5
4,8147,John Metchie,WR,26.2,CAR,62,62,6.70,5.2,1,1,75,28,0,0.0%,0,0,0,0,0,0,0.00,0,0,0,0,0.00,0.00,3,22,0,3,0,5,15,37,12.3,7.4,0,0,0,37,0,0,0,37.3%,37,37.0,0,3,5,60.0%,3.0,-,-,0,NA,NA,NA,NA,0,NA,NA,-,-,0.0,NA,NA,NA,NA,NA,NA,19,1.95,0.158,0.263,12.2%,-,-,-,37,3.000,1.0,880%,0.1,5,0,3,3,0,5.0,3,0.0%,NA,NA,NA,NA,NA,NA,NA,NA,NA,0.0%,NA,NA,vs DET,4,·,2.2,4.5
4,12634,Jordan Watkins,WR,24.6,SF,999,999,0.00,0,1,0,66,25,0,0.0%,0,0,0,0,0,0,0.00,0,0,0,0,0.00,0.00,0,0,0,0,0,0,0,0,0.0,0.0,0,0,0,0,0,0,0,37.9%,0,0.0,0,0,0,NA,0.0,-,-,0,NA,NA,NA,NA,0,NA,NA,-,-,0.0,NA,NA,NA,NA,NA,NA,8,0.00,0.000,0.000,0.0%,-,-,-,0,0.000,NA,0%,0.0,NA,0,0,0,0,0.0,0,0.0%,NA,NA,NA,NA,NA,NA,NA,NA,NA,0.0%,NA,NA,vs DEN,22,·,1.8,-1.8
4,8117,Jalen Tolbert,WR,27.6,MIA,999,999,0.00,0,1,0,39,6,0,0.0%,0,0,0,0,0,0,0.00,0,0,0,0,0.00,0.00,0,0,1,0,0,1,0,0,0.0,0.0,0,0,0,0,0,0,0,15.4%,0,0.0,0,0,1,0.0%,0.0,-,-,0,NA,NA,NA,NA,0,NA,NA,-,-,0.0,NA,NA,NA,NA,NA,NA,2,0.00,0.000,0.500,5.9%,-,-,-,0,0.000,NA,-200%,0.0,NA,0,0,0,0,1.0,0,0.0%,NA,NA,NA,NA,NA,NA,NA,NA,NA,0.0%,NA,NA,@ MIN,12,·,1.0,-1.0
4,13477,Colbie Young,WR,24.2,CIN,0,0,0.00,0,0,0,0,0,0,0.0%,0,0,0,0,0,0,0.00,0,0,0,0,0.00,0.00,0,0,0,0,0,0,0,0,0.0,0.0,0,0,0,0,0,0,0,-,0,0.0,0,0,0,NA,0.0,-,-,NA,NA,NA,NA,NA,0,NA,NA,-,-,0.0,NA,NA,NA,NA,NA,NA,NA,NA,NA,NA,NA,-,-,-,0,0.000,NA,NA,NA,NA,NA,NA,NA,NA,NA,NA,0.0%,NA,NA,NA,NA,NA,NA,NA,NA,NA,0.0%,NA,NA,vs JAX,19,OUT,OUT,NA
4,12543,Tahj Brooks,RB,24.4,CIN,999,999,0.00,0,0,0,76,0,0,0.0%,0,0,0,0,0,0,0.00,0,0,0,0,0.00,0.00,0,0,0,0,0,0,0,0,0.0,0.0,0,0,0,0,0,0,0,0.0%,0,0.0,0,0,0,NA,0.0,-,-,NA,NA,NA,NA,NA,0,NA,NA,-,-,0.0,NA,NA,NA,NA,NA,NA,NA,NA,NA,NA,NA,-,-,-,0,0.000,NA,NA,NA,NA,NA,NA,NA,NA,NA,NA,0.0%,NA,NA,NA,NA,NA,NA,NA,NA,NA,0.0%,NA,NA,vs JAX,26,·,0.6,-0.6
4,12500,Quinn Ewers,QB,23.4,JAX,999,999,0.00,0,0,0,61,0,0,0.0%,0,0,0,0,0,0,0.00,0,0,0,0,0.00,0.00,0,0,0,0,0,0,0,0,0.0,0.0,0,0,0,0,0,0,0,0.0%,0,0.0,0,0,0,NA,0.0,-,-,NA,NA,NA,NA,NA,0,NA,NA,-,-,0.0,NA,NA,NA,NA,NA,NA,NA,NA,NA,NA,NA,-,-,-,0,0.000,NA,NA,NA,NA,NA,NA,NA,NA,NA,NA,0.0%,NA,NA,NA,NA,NA,NA,NA,NA,NA,0.0%,NA,NA,@ CIN,19,·,·,NA
4,8127,Charlie Kolar,TE,27.6,LAC,0,0,0.00,0,0,0,0,0,0,0.0%,0,0,0,0,0,0,0.00,0,0,0,0,0.00,0.00,0,0,0,0,0,0,0,0,0.0,0.0,0,0,0,0,0,0,0,-,0,0.0,0,0,0,NA,0.0,-,-,NA,NA,NA,NA,NA,0,NA,NA,-,-,0.0,NA,NA,NA,NA,NA,NA,NA,NA,NA,NA,NA,-,-,-,0,0.000,NA,NA,NA,NA,NA,NA,NA,NA,NA,NA,0.0%,NA,NA,NA,NA,NA,NA,NA,NA,NA,0.0%,NA,NA,@ SEA,21,OUT,OUT,NA
4,13602,Jack Strand,QB,22.3,ATL,0,0,0.00,0,0,0,0,0,0,0.0%,0,0,0,0,0,0,0.00,0,0,0,0,0.00,0.00,0,0,0,0,0,0,0,0,0.0,0.0,0,0,0,0,0,0,0,-,0,0.0,0,0,0,NA,0.0,-,-,NA,NA,NA,NA,NA,0,NA,NA,-,-,0.0,NA,NA,NA,NA,NA,NA,NA,NA,NA,NA,NA,-,-,-,0,0.000,NA,NA,NA,NA,NA,NA,NA,NA,NA,NA,0.0%,NA,NA,NA,NA,NA,NA,NA,NA,NA,0.0%,NA,NA,@ NO,13,·,·,NA
4,7562,Tutu Atwell,WR,27.0,LAR,95,95,1.80,1.3,1,0,84,19,0,0.0%,0,0,0,0,0,0,0.00,0,0,0,0,0.00,0.00,1,3,0,0,0,1,5,8,8.0,8.0,0,0,0,8,0,0,0,22.6%,8,8.0,0,0,1,0.0%,0.0,-,-,0,NA,NA,NA,NA,0,NA,NA,-,-,0.0,NA,NA,NA,NA,NA,NA,16,0.50,0.000,0.063,2.0%,-,-,-,8,0.000,0.0,270%,0.0,5,0,0,0,0,1.0,1,0.0%,NA,NA,NA,NA,NA,NA,NA,NA,NA,0.0%,NA,NA,@ PHI,8,·,·,NA
4,12470,Riley Leonard,QB,24.0,IND,0,0,0.00,0,0,0,0,0,0,0.0%,0,0,0,0,0,0,0.00,0,0,0,0,0.00,0.00,0,0,0,0,0,0,0,0,0.0,0.0,0,0,0,0,0,0,0,-,0,0.0,0,0,0,NA,0.0,-,-,NA,NA,NA,NA,NA,0,NA,NA,-,-,0.0,NA,NA,NA,NA,NA,NA,NA,NA,NA,NA,NA,-,-,-,0,0.000,NA,NA,NA,NA,NA,NA,NA,NA,NA,NA,0.0%,NA,NA,NA,NA,NA,NA,NA,NA,NA,0.0%,NA,NA,@ WAS,2,OUT,OUT,NA
4,12457,Jaydon Blue,RB,22.7,PHI,999,999,0.00,0,0,0,0,0,0,0.0%,0,0,0,0,0,0,0.00,0,0,0,0,0.00,0.00,0,0,0,0,0,0,0,0,0.0,0.0,0,0,0,0,0,0,0,-,0,0.0,0,0,0,NA,0.0,-,-,NA,NA,NA,NA,NA,0,NA,NA,-,-,0.0,NA,NA,NA,NA,NA,NA,NA,NA,NA,NA,NA,-,-,-,0,0.000,NA,NA,NA,NA,NA,NA,NA,NA,NA,NA,0.0%,NA,NA,NA,NA,NA,NA,NA,NA,NA,0.0%,NA,NA,vs LAR,27,·,·,NA
4,1339,Zach Ertz,TE,35.9,PHI,34,36,3.30,2.3,1,0,61,13,0,0.0%,0,0,0,0,0,0,0.00,0,0,0,0,0.00,0.00,2,10,0,0,0,4,3,13,6.5,3.3,0,0,0,13,0,0,0,21.3%,13,13.0,0,0,4,0.0%,0.0,-,-,0,NA,NA,NA,NA,0,NA,NA,-,-,0.0,NA,NA,NA,NA,NA,NA,11,1.18,0.000,0.364,14.8%,-,-,-,13,0.000,0.0,570%,0.1,2,0,1,3,0,4.0,2,0.0%,NA,NA,NA,NA,NA,NA,NA,NA,NA,0.0%,NA,NA,vs LAR,28,·,4.6,-1.3
4,11569,Jarquez Hunter,RB,23.8,MIA,999,999,0.00,0,0,0,0,0,0,0.0%,0,0,0,0,0,0,0.00,0,0,0,0,0.00,0.00,0,0,0,0,0,0,0,0,0.0,0.0,0,0,0,0,0,0,0,-,0,0.0,0,0,0,NA,0.0,-,-,NA,NA,NA,NA,NA,0,NA,NA,-,-,0.0,NA,NA,NA,NA,NA,NA,NA,NA,NA,NA,NA,-,-,-,0,0.000,NA,NA,NA,NA,NA,NA,NA,NA,NA,NA,0.0%,NA,NA,NA,NA,NA,NA,NA,NA,NA,0.0%,NA,NA,@ MIN,29,·,·,NA
4,6039,Ty Johnson,RB,29.0,BUF,54,59,3.20,2.2,1,0,59,19,0,0.0%,0,0,0,0,0,0,0.00,3,0,0,0,0.00,0.00,2,0,0,1,0,2,9,9,4.5,4.5,1,0,0,12,0,3,3,32.2%,12,12.0,0,1,3,33.3%,1.0,-,-,1,2,0,2.10,0.000,0,0.000,0.210,-,-,3.0,0.0,0.0%,0.0,0.00,1.0,0.0,14,0.64,0.071,0.143,6.1%,-,-,-,9,1.000,0.5,NA,NA,5,NA,NA,NA,NA,2.0,2,0.0%,NA,NA,NA,NA,NA,NA,NA,NA,NA,0.0%,NA,NA,vs NE,17,·,5.1,-1.9
4,13307,Marlin Klein,TE,24.0,HOU,0,0,0.00,0,0,0,0,0,0,0.0%,0,0,0,0,0,0,0.00,0,0,0,0,0.00,0.00,0,0,0,0,0,0,0,0,0.0,0.0,0,0,0,0,0,0,0,-,0,0.0,0,0,0,NA,0.0,-,-,NA,NA,NA,NA,NA,0,NA,NA,-,-,0.0,NA,NA,NA,NA,NA,NA,NA,NA,NA,NA,NA,-,-,-,0,0.000,NA,NA,NA,NA,NA,NA,NA,NA,NA,NA,0.0%,NA,NA,NA,NA,NA,NA,NA,NA,NA,0.0%,NA,NA,vs DAL,6,·,2.0,-2.0
4,11650,Luke McCaffrey,WR,25.5,WAS,0,0,0.00,0,0,0,0,0,0,0.0%,0,0,0,0,0,0,0.00,0,0,0,0,0.00,0.00,0,0,0,0,0,0,0,0,0.0,0.0,0,0,0,0,0,0,0,-,0,0.0,0,0,0,NA,0.0,-,-,NA,NA,NA,NA,NA,0,NA,NA,-,-,0.0,NA,NA,NA,NA,NA,NA,NA,NA,NA,NA,NA,-,-,-,0,0.000,NA,NA,NA,NA,NA,NA,NA,NA,NA,NA,0.0%,NA,NA,NA,NA,NA,NA,NA,NA,NA,0.0%,NA,NA,vs IND,10,OUT,OUT,NA
4,11592,Erick All,TE,26.0,CIN,999,999,0.00,0,1,1,76,12,0,0.0%,0,0,0,0,0,0,0.00,0,0,0,0,0.00,0.00,0,0,0,0,0,0,0,0,0.0,0.0,0,0,0,0,0,0,0,15.8%,0,0.0,0,0,0,NA,0.0,-,-,0,NA,NA,NA,NA,0,NA,NA,-,-,0.0,NA,NA,NA,NA,NA,NA,6,0.00,0.000,0.000,0.0%,-,-,-,0,0.000,NA,0%,0.0,NA,0,0,0,0,0.0,0,0.0%,NA,NA,NA,NA,NA,NA,NA,NA,NA,0.0%,NA,NA,vs JAX,26,·,2.9,-2.9
4,11994,Kameron Johnson,WR,24.6,TB,104,104,1.30,0.8,1,0,64,5,0,0.0%,0,0,0,0,0,0,0.00,0,0,0,0,0.00,0.00,1,-1,0,0,0,2,4,3,3.0,1.5,0,0,0,3,0,0,0,7.8%,3,3.0,0,0,2,0.0%,0.0,-,-,0,NA,NA,NA,NA,0,NA,NA,-,-,0.0,NA,NA,NA,NA,NA,NA,2,1.50,0.000,1.000,7.4%,-,-,-,3,0.000,0.0,250%,0.0,4,0,0,1,0,2.0,1,0.0%,NA,NA,NA,NA,NA,NA,NA,NA,NA,0.0%,NA,NA,vs GB,9,·,0.4,0.9
4,7694,Tommy Tremble,TE,26.3,CAR,28,29,5.20,3.2,1,1,75,38,0,0.0%,0,0,0,0,0,0,0.00,0,0,0,0,0.00,0.00,4,3,0,0,0,4,9,12,3.0,3.0,0,0,0,12,0,0,0,50.7%,12,12.0,0,0,4,0.0%,0.0,-,-,0,NA,NA,NA,NA,0,NA,NA,-,-,0.0,NA,NA,NA,NA,NA,NA,15,0.80,0.000,0.267,9.8%,-,-,-,12,0.000,0.0,70%,0.0,2,0,0,2,0,4.0,4,0.0%,NA,NA,NA,NA,NA,NA,NA,NA,NA,0.0%,NA,NA,vs DET,1,·,3.2,2.0
4,7587,Dyami Brown,WR,26.9,WAS,44,45,9.50,8,1,1,64,36,0,0.0%,0,0,0,0,0,0,0.00,0,0,0,0,0.00,0.00,3,62,0,2,0,4,3,65,21.7,16.3,0,0,0,65,0,0,0,56.3%,65,65.0,0,2,4,50.0%,2.0,-,-,0,NA,NA,NA,NA,0,NA,NA,-,-,0.0,NA,NA,NA,NA,NA,NA,22,2.95,0.091,0.182,10.8%,-,-,-,65,2.000,0.7,2430%,0.2,1,0,2,2,0,4.0,3,0.0%,NA,NA,NA,NA,NA,NA,NA,NA,NA,0.0%,NA,NA,vs IND,10,·,2.1,7.4
4,10444,Cedric Tillman,WR,26.4,NO,999,999,0.00,0,0,0,0,0,0,0.0%,0,0,0,0,0,0,0.00,0,0,0,0,0.00,0.00,0,0,0,0,0,0,0,0,0.0,0.0,0,0,0,0,0,0,0,-,0,0.0,0,0,0,NA,0.0,-,-,NA,NA,NA,NA,NA,0,NA,NA,-,-,0.0,NA,NA,NA,NA,NA,NA,NA,NA,NA,NA,NA,-,-,-,0,0.000,NA,NA,NA,NA,NA,NA,NA,NA,NA,NA,0.0%,NA,NA,NA,NA,NA,NA,NA,NA,NA,0.0%,NA,NA,vs ATL,7,·,·,NA
4,11237,Jacob Saylors,RB,25.6,DET,999,999,0.00,0,0,0,71,0,0,0.0%,0,0,0,0,0,0,0.00,0,0,0,0,0.00,0.00,0,0,0,0,0,0,0,0,0.0,0.0,0,0,0,0,0,0,0,0.0%,0,0.0,0,0,0,NA,0.0,-,-,NA,NA,NA,NA,NA,0,NA,NA,-,-,0.0,NA,NA,NA,NA,NA,NA,NA,NA,NA,NA,NA,-,-,-,0,0.000,NA,NA,NA,NA,NA,NA,NA,NA,NA,NA,0.0%,NA,NA,NA,NA,NA,NA,NA,NA,NA,0.0%,NA,NA,@ CAR,3,·,0.3,-0.3
4,9492,Trey Palmer,WR,25.5,NO,999,999,0.00,0,0,0,0,0,0,0.0%,0,0,0,0,0,0,0.00,0,0,0,0,0.00,0.00,0,0,0,0,0,0,0,0,0.0,0.0,0,0,0,0,0,0,0,-,0,0.0,0,0,0,NA,0.0,-,-,NA,NA,NA,NA,NA,0,NA,NA,-,-,0.0,NA,NA,NA,NA,NA,NA,NA,NA,NA,NA,NA,-,-,-,0,0.000,NA,NA,NA,NA,NA,NA,NA,NA,NA,NA,0.0%,NA,NA,NA,NA,NA,NA,NA,NA,NA,0.0%,NA,NA,vs ATL,7,·,·,NA
4,6271,Olamide Zaccheaus,WR,29.2,ATL,999,999,0.00,0,1,0,57,21,0,0.0%,0,0,0,0,0,0,0.00,0,0,0,0,0.00,0.00,0,0,0,0,0,1,0,0,0.0,0.0,0,0,0,0,0,0,0,36.8%,0,0.0,0,0,1,0.0%,0.0,-,-,0,NA,NA,NA,NA,0,NA,NA,-,-,0.0,NA,NA,NA,NA,NA,NA,7,0.00,0.000,0.143,5.0%,-,-,-,0,0.000,NA,460%,0.0,NA,1,0,1,0,1.0,0,0.0%,NA,NA,NA,NA,NA,NA,NA,NA,NA,0.0%,NA,NA,@ NO,21,·,3.0,-3.0
4,8168,Skyy Moore,WR,26.1,GB,107,107,0.80,0.3,1,0,60,23,0,0.0%,0,0,0,0,0,0,0.00,0,0,0,0,0.00,0.00,1,-4,0,0,0,2,2,-2,-2.0,-1.0,0,0,0,-2,0,0,0,38.3%,-2,-2.0,0,0,2,0.0%,0.0,-,-,0,NA,NA,NA,NA,0,NA,NA,-,-,0.0,NA,NA,NA,NA,NA,NA,12,-0.17,0.000,0.167,6.7%,-,-,-,-2,0.000,0.0,-340%,0.0,2,1,0,2,0,2.0,1,0.0%,NA,NA,NA,NA,NA,NA,NA,NA,NA,0.0%,NA,NA,@ TB,24,·,5.0,-4.2
4,11599,Cade Stover,TE,26.3,HOU,37,34,3.00,2.5,1,0,55,13,0,0.0%,0,0,0,0,0,0,0.00,0,0,0,0,0.00,0.00,1,1,0,1,0,1,19,20,20.0,20.0,0,0,0,20,0,0,0,23.6%,20,20.0,0,1,1,100.0%,1.0,-,-,0,NA,NA,NA,NA,0,NA,NA,-,-,0.0,NA,NA,NA,NA,NA,NA,3,6.67,0.333,0.333,3.2%,-,-,-,20,1.000,1.0,20%,0.0,19,0,0,0,0,1.0,1,0.0%,NA,NA,NA,NA,NA,NA,NA,NA,NA,0.0%,NA,NA,vs DAL,6,·,1.0,2.0
4,12496,Tai Felton,WR,23.6,MIN,90,88,2.40,1.9,1,1,78,46,0,0.0%,0,0,0,0,0,0,0.00,0,0,0,0,0.00,0.00,1,8,0,0,0,1,6,14,14.0,14.0,0,0,0,14,0,0,0,59.0%,14,14.0,0,0,1,0.0%,0.0,-,-,0,NA,NA,NA,NA,0,NA,NA,-,-,0.0,NA,NA,NA,NA,NA,NA,27,0.52,0.000,0.037,2.7%,-,-,-,14,0.000,0.0,740%,0.0,6,0,0,0,0,1.0,1,0.0%,NA,NA,NA,NA,NA,NA,NA,NA,NA,0.0%,NA,NA,vs MIA,28,·,5.4,-3.0
4,4137,James Conner,RB,31.4,ARI,999,999,0.00,0,0,0,0,0,0,0.0%,0,0,0,0,0,0,0.00,0,0,0,0,0.00,0.00,0,0,0,0,0,0,0,0,0.0,0.0,0,0,0,0,0,0,0,-,0,0.0,0,0,0,NA,0.0,-,-,NA,NA,NA,NA,NA,0,NA,NA,-,-,0.0,NA,NA,NA,NA,NA,NA,NA,NA,NA,NA,NA,-,-,-,0,0.000,NA,NA,NA,NA,NA,NA,NA,NA,NA,NA,0.0%,NA,NA,NA,NA,NA,NA,NA,NA,NA,0.0%,NA,NA,@ NYG,10,IR,IR,NA
4,11616,Jacob Cowing,WR,25.7,SF,108,108,0.20,0.2,1,0,66,21,0,0.0%,0,0,0,0,0,0,0.00,2,0,0,0,0.00,0.00,0,0,0,0,0,1,0,0,0.0,0.0,1,0,0,2,0,2,2,31.8%,2,2.0,0,0,2,0.0%,0.0,-,-,1,NA,NA,NA,NA,0,0.000,NA,-,-,2.0,NA,NA,NA,NA,NA,NA,11,0.00,0.000,0.091,3.3%,-,-,-,0,0.000,NA,1230%,0.0,NA,0,1,0,0,1.0,0,0.0%,NA,NA,NA,NA,NA,NA,NA,NA,NA,0.0%,NA,NA,vs DEN,22,·,2.6,-2.4
4,4147,Samaje Perine,RB,31.0,CIN,75,73,0.70,0.7,1,0,76,27,0,0.0%,0,0,0,0,0,0,0.00,7,0,0,0,0.00,0.00,0,0,1,0,0,1,0,0,0.0,0.0,3,0,0,7,0,7,2.33,35.5%,7,7.0,0,0,4,0.0%,0.0,-,-,3,2,0,0.60,0.000,0,0.000,0.060,-,-,7.0,0.0,0.0%,2.0,0.67,1.0,0.0,11,0.00,0.000,0.091,1.9%,-,-,-,0,0.000,NA,NA,NA,NA,NA,NA,NA,NA,1.0,0,0.0%,NA,NA,NA,NA,NA,NA,NA,NA,NA,0.0%,NA,NA,vs JAX,26,·,6.3,-5.6
4,8225,Daniel Bellinger,TE,26.0,TEN,56,57,1.20,0.7,1,1,64,33,0,0.0%,0,0,0,0,0,0,0.00,0,0,0,0,0.00,0.00,1,-3,0,0,0,1,5,2,2.0,2.0,0,0,0,2,0,0,0,51.6%,2,2.0,0,0,1,0.0%,0.0,-,-,0,NA,NA,NA,NA,0,NA,NA,-,-,0.0,NA,NA,NA,NA,NA,NA,14,0.14,0.000,0.071,3.2%,-,-,-,2,0.000,0.0,-320%,0.0,5,0,0,1,0,1.0,1,0.0%,NA,NA,NA,NA,NA,NA,NA,NA,NA,0.0%,NA,NA,@ BAL,17,·,2.1,-0.9
4,13282,Jack Endries,TE,22.5,CIN,999,999,0.00,0,0,0,76,0,0,0.0%,0,0,0,0,0,0,0.00,0,0,0,0,0.00,0.00,0,0,0,0,0,0,0,0,0.0,0.0,0,0,0,0,0,0,0,0.0%,0,0.0,0,0,0,NA,0.0,-,-,NA,NA,NA,NA,NA,0,NA,NA,-,-,0.0,NA,NA,NA,NA,NA,NA,NA,NA,NA,NA,NA,-,-,-,0,0.000,NA,NA,NA,NA,NA,NA,NA,NA,NA,NA,0.0%,NA,NA,NA,NA,NA,NA,NA,NA,NA,0.0%,NA,NA,vs JAX,26,·,·,NA
4,13348,J'Mari Taylor,RB,24.6,JAX,999,999,0.00,0,0,0,0,0,0,0.0%,0,0,0,0,0,0,0.00,0,0,0,0,0.00,0.00,0,0,0,0,0,0,0,0,0.0,0.0,0,0,0,0,0,0,0,-,0,0.0,0,0,0,NA,0.0,-,-,NA,NA,NA,NA,NA,0,NA,NA,-,-,0.0,NA,NA,NA,NA,NA,NA,NA,NA,NA,NA,NA,-,-,-,0,0.000,NA,NA,NA,NA,NA,NA,NA,NA,NA,NA,0.0%,NA,NA,NA,NA,NA,NA,NA,NA,NA,0.0%,NA,NA,@ CIN,20,·,·,NA
4,12670,KeAndre Lambert-Smith,WR,25.0,LAC,999,999,0.00,0,0,0,0,0,0,0.0%,0,0,0,0,0,0,0.00,0,0,0,0,0.00,0.00,0,0,0,0,0,0,0,0,0.0,0.0,0,0,0,0,0,0,0,-,0,0.0,0,0,0,NA,0.0,-,-,NA,NA,NA,NA,NA,0,NA,NA,-,-,0.0,NA,NA,NA,NA,NA,NA,NA,NA,NA,NA,NA,-,-,-,0,0.000,NA,NA,NA,NA,NA,NA,NA,NA,NA,NA,0.0%,NA,NA,NA,NA,NA,NA,NA,NA,NA,0.0%,NA,NA,@ SEA,29,IR,IR,NA
4,4981,Calvin Ridley,WR,31.8,TEN,92,91,2.30,1.8,1,0,64,30,0,0.0%,0,0,0,0,0,0,0.00,0,0,0,0,0.00,0.00,1,4,1,1,0,2,9,13,13.0,6.5,0,0,0,13,0,0,0,46.9%,13,13.0,0,1,2,50.0%,1.0,-,-,0,NA,NA,NA,NA,0,NA,NA,-,-,0.0,NA,NA,NA,NA,NA,NA,15,0.87,0.067,0.133,6.5%,-,-,-,13,1.000,1.0,500%,0.1,9,0,0,2,0,2.0,1,0.0%,NA,NA,NA,NA,NA,NA,NA,NA,NA,0.0%,NA,NA,@ BAL,11,·,2.8,-0.5
4,11617,Malachi Corley,WR,24.5,CLE,999,999,0.00,0,1,0,64,14,0,0.0%,0,0,0,0,0,0,0.00,0,0,0,0,0.00,0.00,0,0,0,0,0,0,0,0,0.0,0.0,0,0,0,0,0,0,0,21.9%,0,0.0,0,0,0,NA,0.0,-,-,0,NA,NA,NA,NA,0,NA,NA,-,-,0.0,NA,NA,NA,NA,NA,NA,4,0.00,0.000,0.000,0.0%,-,-,-,0,0.000,NA,0%,0.0,NA,0,0,0,0,0.0,0,0.0%,NA,NA,NA,NA,NA,NA,NA,NA,NA,0.0%,NA,NA,vs PIT,26,·,0.6,-0.6
4,12486,Dillon Gabriel,QB,25.8,CLE,999,999,0.00,0,0,0,0,0,0,0.0%,0,0,0,0,0,0,0.00,0,0,0,0,0.00,0.00,0,0,0,0,0,0,0,0,0.0,0.0,0,0,0,0,0,0,0,-,0,0.0,0,0,0,NA,0.0,-,-,NA,NA,NA,NA,NA,0,NA,NA,-,-,0.0,NA,NA,NA,NA,NA,NA,NA,NA,NA,NA,NA,-,-,-,0,0.000,NA,NA,NA,NA,NA,NA,NA,NA,NA,NA,0.0%,NA,NA,NA,NA,NA,NA,NA,NA,NA,0.0%,NA,NA,vs PIT,29,IR,IR,NA
4,11562,Spencer Rattler,QB,26.0,NO,999,999,0.00,0,0,0,74,0,0,0.0%,0,0,0,0,0,0,0.00,0,0,0,0,0.00,0.00,0,0,0,0,0,0,0,0,0.0,0.0,0,0,0,0,0,0,0,0.0%,0,0.0,0,0,0,NA,0.0,-,-,NA,NA,NA,NA,NA,0,NA,NA,-,-,0.0,NA,NA,NA,NA,NA,NA,NA,NA,NA,NA,NA,-,-,-,0,0.000,NA,NA,NA,NA,NA,NA,NA,NA,NA,NA,0.0%,NA,NA,NA,NA,NA,NA,NA,NA,NA,0.0%,NA,NA,vs ATL,12,·,·,NA
4,11651,Isaac Guerendo,RB,26.3,SF,999,999,0.00,0,0,0,0,0,0,0.0%,0,0,0,0,0,0,0.00,0,0,0,0,0.00,0.00,0,0,0,0,0,0,0,0,0.0,0.0,0,0,0,0,0,0,0,-,0,0.0,0,0,0,NA,0.0,-,-,NA,NA,NA,NA,NA,0,NA,NA,-,-,0.0,NA,NA,NA,NA,NA,NA,NA,NA,NA,NA,NA,-,-,-,0,0.000,NA,NA,NA,NA,NA,NA,NA,NA,NA,NA,0.0%,NA,NA,NA,NA,NA,NA,NA,NA,NA,0.0%,NA,NA,vs DEN,5,PUP,PUP,NA
4,13270,CJ Daniels,WR,24.7,LAR,0,0,0.00,0,0,0,0,0,0,0.0%,0,0,0,0,0,0,0.00,0,0,0,0,0.00,0.00,0,0,0,0,0,0,0,0,0.0,0.0,0,0,0,0,0,0,0,-,0,0.0,0,0,0,NA,0.0,-,-,NA,NA,NA,NA,NA,0,NA,NA,-,-,0.0,NA,NA,NA,NA,NA,NA,NA,NA,NA,NA,NA,-,-,-,0,0.000,NA,NA,NA,NA,NA,NA,NA,NA,NA,NA,0.0%,NA,NA,NA,NA,NA,NA,NA,NA,NA,0.0%,NA,NA,@ PHI,8,·,·,NA
4,12523,Jimmy Horn,WR,24.0,CLE,999,999,0.00,0,0,0,0,0,0,0.0%,0,0,0,0,0,0,0.00,0,0,0,0,0.00,0.00,0,0,0,0,0,0,0,0,0.0,0.0,0,0,0,0,0,0,0,-,0,0.0,0,0,0,NA,0.0,-,-,NA,NA,NA,NA,NA,0,NA,NA,-,-,0.0,NA,NA,NA,NA,NA,NA,NA,NA,NA,NA,NA,-,-,-,0,0.000,NA,NA,NA,NA,NA,NA,NA,NA,NA,NA,0.0%,NA,NA,NA,NA,NA,NA,NA,NA,NA,0.0%,NA,NA,vs PIT,26,·,·,NA
4,11570,Rasheen Ali,RB,25.6,BAL,999,999,0.00,0,0,0,64,0,0,0.0%,0,0,0,0,0,0,0.00,0,0,0,0,0.00,0.00,0,0,0,0,0,0,0,0,0.0,0.0,0,0,0,0,0,0,0,0.0%,0,0.0,0,0,0,NA,0.0,-,-,NA,NA,NA,NA,NA,0,NA,NA,-,-,0.0,NA,NA,NA,NA,NA,NA,NA,NA,NA,NA,NA,-,-,-,0,0.000,NA,NA,NA,NA,NA,NA,NA,NA,NA,NA,0.0%,NA,NA,NA,NA,NA,NA,NA,NA,NA,0.0%,NA,NA,vs TEN,13,·,0.4,-0.4
4,7083,Tyler Huntley,QB,28.7,BAL,33,33,4.12,4.12,1,0,64,31,0,88.9%,1,9,8,2,1,0,95.80,79,0,0,63,7.00,7.88,0,0,0,0,0,0,0,0,0.0,0.0,4,0,0,16,0,16,4,48.4%,79,79.0,0,2,13,15.4%,2.0,-,-,4,NA,NA,NA,NA,0,0.000,NA,-,-,16.0,0.0,0.0%,NA,NA,NA,NA,NA,NA,NA,NA,NA,-,-,-,0,0.000,NA,NA,NA,NA,NA,NA,NA,NA,0.0,0,200.0%,0.2222222222,267%,0%,0.273,0.1,1100.0%,+0.03,+1.00,0.1,6300.0%,27.3%,1,vs TEN,31,·,·,NA
4,11579,Audric Estime,RB,23.1,MIN,999,999,0.00,0,0,0,0,0,0,0.0%,0,0,0,0,0,0,0.00,0,0,0,0,0.00,0.00,0,0,0,0,0,0,0,0,0.0,0.0,0,0,0,0,0,0,0,-,0,0.0,0,0,0,NA,0.0,-,-,NA,NA,NA,NA,NA,0,NA,NA,-,-,0.0,NA,NA,NA,NA,NA,NA,NA,NA,NA,NA,NA,-,-,-,0,0.000,NA,NA,NA,NA,NA,NA,NA,NA,NA,NA,0.0%,NA,NA,NA,NA,NA,NA,NA,NA,NA,0.0%,NA,NA,vs MIA,1,·,·,NA
4,12473,Mitchell Evans,TE,23.5,CAR,49,49,1.80,1.3,1,0,75,46,0,0.0%,0,0,0,0,0,0,0.00,0,0,0,0,0.00,0.00,1,8,0,0,0,1,0,8,8.0,8.0,0,0,0,8,0,0,0,61.3%,8,8.0,0,0,1,0.0%,0.0,-,-,0,NA,NA,NA,NA,0,NA,NA,-,-,0.0,NA,NA,NA,NA,NA,NA,14,0.57,0.000,0.071,2.4%,-,-,-,8,0.000,0.0,750%,0.0,0,0,0,0,0,1.0,1,0.0%,NA,NA,NA,NA,NA,NA,NA,NA,NA,0.0%,NA,NA,vs DET,1,·,1.8,0.0
4,11439,Jaleel McLaughlin,RB,26.0,CLE,32,30,8.80,8.8,1,0,64,1,0,0.0%,0,0,0,0,0,0,0.00,28,0,0,0,0.00,0.00,0,0,0,0,0,0,0,0,0.0,0.0,1,0,0,28,1,28,28,1.6%,28,28.0,1,1,1,100.0%,1.0,-,-,1,22,2,21.50,2.000,1,1.000,4.150,-,-,28.0,1.0,100.0%,21.0,21.00,0.0,0.0,0,NA,NA,NA,0.0%,-,-,-,0,0.000,NA,NA,NA,NA,NA,NA,NA,NA,0.0,0,0.0%,NA,NA,NA,NA,NA,NA,NA,NA,NA,0.0%,NA,NA,vs PIT,11,·,0.9,7.9
4,13322,Sam Roush,TE,23.1,CHI,51,51,1.80,1.3,1,0,93,23,0,0.0%,0,0,0,0,0,0,0.00,0,0,0,0,0.00,0.00,1,-4,0,0,0,1,12,8,8.0,8.0,0,0,0,8,0,0,0,24.7%,8,8.0,0,0,1,0.0%,0.0,-,-,0,NA,NA,NA,NA,0,NA,NA,-,-,0.0,NA,NA,NA,NA,NA,NA,4,2.00,0.000,0.250,2.9%,-,-,-,8,0.000,0.0,-380%,0.0,12,0,0,1,0,1.0,1,0.0%,NA,NA,NA,NA,NA,NA,NA,NA,NA,0.0%,NA,NA,vs NYJ,31,·,2.1,-0.3
4,5848,Marquise Brown,WR,29.3,PHI,0,0,0.00,0,0,0,0,0,0,0.0%,0,0,0,0,0,0,0.00,0,0,0,0,0.00,0.00,0,0,0,0,0,0,0,0,0.0,0.0,0,0,0,0,0,0,0,-,0,0.0,0,0,0,NA,0.0,-,-,NA,NA,NA,NA,NA,0,NA,NA,-,-,0.0,NA,NA,NA,NA,NA,NA,NA,NA,NA,NA,NA,-,-,-,0,0.000,NA,NA,NA,NA,NA,NA,NA,NA,NA,NA,0.0%,NA,NA,NA,NA,NA,NA,NA,NA,NA,0.0%,NA,NA,vs LAR,17,OUT,OUT,NA
4,10225,Jonathan Mingo,WR,25.4,DAL,999,999,0.00,0,1,0,78,14,0,0.0%,0,0,0,0,0,0,0.00,0,0,0,0,0.00,0.00,0,0,0,0,0,2,0,0,0.0,0.0,0,0,0,0,0,0,0,17.9%,0,0.0,0,0,2,0.0%,0.0,-,-,0,NA,NA,NA,NA,0,NA,NA,-,-,0.0,NA,NA,NA,NA,NA,NA,6,0.00,0.000,0.333,4.4%,-,-,-,0,0.000,NA,850%,0.1,NA,0,1,1,0,2.0,0,0.0%,NA,NA,NA,NA,NA,NA,NA,NA,NA,0.0%,NA,NA,@ HOU,3,·,0.3,-0.3
4,7585,Davis Mills,QB,28.0,HOU,999,999,0.00,0,0,0,55,0,0,0.0%,0,0,0,0,0,0,0.00,0,0,0,0,0.00,0.00,0,0,0,0,0,0,0,0,0.0,0.0,0,0,0,0,0,0,0,0.0%,0,0.0,0,0,0,NA,0.0,-,-,NA,NA,NA,NA,NA,0,NA,NA,-,-,0.0,NA,NA,NA,NA,NA,NA,NA,NA,NA,NA,NA,-,-,-,0,0.000,NA,NA,NA,NA,NA,NA,NA,NA,NA,NA,0.0%,NA,NA,NA,NA,NA,NA,NA,NA,NA,0.0%,NA,NA,vs DAL,3,·,·,NA
4,5970,Greg Dortch,WR,28.4,BUF,999,999,0.00,0,1,0,59,2,0,0.0%,0,0,0,0,0,0,0.00,0,0,0,0,0.00,0.00,0,0,0,0,0,0,0,0,0.0,0.0,0,0,0,0,0,0,0,3.4%,0,0.0,0,0,0,NA,0.0,-,-,0,NA,NA,NA,NA,0,NA,NA,-,-,0.0,NA,NA,NA,NA,NA,NA,1,0.00,0.000,0.000,0.0%,-,-,-,0,0.000,NA,0%,0.0,NA,0,0,0,0,0.0,0,0.0%,NA,NA,NA,NA,NA,NA,NA,NA,NA,0.0%,NA,NA,vs NE,15,·,0.2,-0.2
4,4144,Jonnu Smith,TE,31.1,GB,38,35,2.90,2.4,1,0,60,13,0,0.0%,0,0,0,0,0,0,0.00,0,0,0,0,0.00,0.00,1,13,0,0,0,1,6,19,19.0,19.0,0,0,0,19,0,0,0,21.7%,19,19.0,0,0,1,0.0%,0.0,-,-,0,NA,NA,NA,NA,0,NA,NA,-,-,0.0,NA,NA,NA,NA,NA,NA,7,2.71,0.000,0.143,3.3%,-,-,-,19,0.000,0.0,1260%,0.1,6,0,1,0,0,1.0,1,0.0%,NA,NA,NA,NA,NA,NA,NA,NA,NA,0.0%,NA,NA,@ TB,11,·,3.3,-0.4
4,8125,Calvin Austin III,WR,27.5,NYG,999,999,0.00,0,0,0,0,0,0,0.0%,0,0,0,0,0,0,0.00,0,0,0,0,0.00,0.00,0,0,0,0,0,0,0,0,0.0,0.0,0,0,0,0,0,0,0,-,0,0.0,0,0,0,NA,0.0,-,-,NA,NA,NA,NA,NA,0,NA,NA,-,-,0.0,NA,NA,NA,NA,NA,NA,NA,NA,NA,NA,NA,-,-,-,0,0.000,NA,NA,NA,NA,NA,NA,NA,NA,NA,NA,0.0%,NA,NA,NA,NA,NA,NA,NA,NA,NA,0.0%,NA,NA,vs ARI,2,IR,IR,NA
4,13401,Michael Trigg,TE,24.3,DAL,999,999,0.00,0,0,0,0,0,0,0.0%,0,0,0,0,0,0,0.00,0,0,0,0,0.00,0.00,0,0,0,0,0,0,0,0,0.0,0.0,0,0,0,0,0,0,0,-,0,0.0,0,0,0,NA,0.0,-,-,NA,NA,NA,NA,NA,0,NA,NA,-,-,0.0,NA,NA,NA,NA,NA,NA,NA,NA,NA,NA,NA,-,-,-,0,0.000,NA,NA,NA,NA,NA,NA,NA,NA,NA,NA,0.0%,NA,NA,NA,NA,NA,NA,NA,NA,NA,0.0%,NA,NA,@ HOU,16,·,·,NA
4,3286,Demarcus Robinson,WR,32.0,SF,999,999,0.00,0,0,0,0,0,0,0.0%,0,0,0,0,0,0,0.00,0,0,0,0,0.00,0.00,0,0,0,0,0,0,0,0,0.0,0.0,0,0,0,0,0,0,0,-,0,0.0,0,0,0,NA,0.0,-,-,NA,NA,NA,NA,NA,0,NA,NA,-,-,0.0,NA,NA,NA,NA,NA,NA,NA,NA,NA,NA,NA,-,-,-,0,0.000,NA,NA,NA,NA,NA,NA,NA,NA,NA,NA,0.0%,NA,NA,NA,NA,NA,NA,NA,NA,NA,0.0%,NA,NA,vs DEN,22,IR,IR,NA
4,3321,Tyreek Hill,WR,32.6,FA,0,0,0.00,0,0,0,0,0,0,0.0%,0,0,0,0,0,0,0.00,0,0,0,0,0.00,0.00,0,0,0,0,0,0,0,0,0.0,0.0,0,0,0,0,0,0,0,-,0,0.0,0,0,0,NA,0.0,-,-,NA,NA,NA,NA,NA,0,NA,NA,-,-,0.0,NA,NA,NA,NA,NA,NA,NA,NA,NA,NA,NA,-,-,-,0,0.000,NA,NA,NA,NA,NA,NA,NA,NA,NA,NA,0.0%,NA,NA,NA,NA,NA,NA,NA,NA,NA,0.0%,NA,NA,NA,,·,·,NA
4,9497,Jalin Hyatt,WR,25.0,NYG,999,999,0.00,0,0,0,0,0,0,0.0%,0,0,0,0,0,0,0.00,0,0,0,0,0.00,0.00,0,0,0,0,0,0,0,0,0.0,0.0,0,0,0,0,0,0,0,-,0,0.0,0,0,0,NA,0.0,-,-,NA,NA,NA,NA,NA,0,NA,NA,-,-,0.0,NA,NA,NA,NA,NA,NA,NA,NA,NA,NA,NA,-,-,-,0,0.000,NA,NA,NA,NA,NA,NA,NA,NA,NA,NA,0.0%,NA,NA,NA,NA,NA,NA,NA,NA,NA,0.0%,NA,NA,vs ARI,2,·,·,NA
4,12476,Devin Neal,RB,23.1,MIN,999,999,0.00,0,0,0,0,0,0,0.0%,0,0,0,0,0,0,0.00,0,0,0,0,0.00,0.00,0,0,0,0,0,0,0,0,0.0,0.0,0,0,0,0,0,0,0,-,0,0.0,0,0,0,NA,0.0,-,-,NA,NA,NA,NA,NA,0,NA,NA,-,-,0.0,NA,NA,NA,NA,NA,NA,NA,NA,NA,NA,NA,-,-,-,0,0.000,NA,NA,NA,NA,NA,NA,NA,NA,NA,NA,0.0%,NA,NA,NA,NA,NA,NA,NA,NA,NA,0.0%,NA,NA,vs MIA,1,·,·,NA
4,7596,Elijah Moore,WR,26.5,PHI,999,999,0.00,0,1,0,61,10,0,0.0%,0,0,0,0,0,0,0.00,0,0,0,0,0.00,0.00,0,0,0,0,0,0,0,0,0.0,0.0,0,0,0,0,0,0,0,16.4%,0,0.0,0,0,0,NA,0.0,-,-,0,NA,NA,NA,NA,0,NA,NA,-,-,0.0,NA,NA,NA,NA,NA,NA,3,0.00,0.000,0.000,0.0%,-,-,-,0,0.000,NA,0%,0.0,NA,0,0,0,0,0.0,0,0.0%,NA,NA,NA,NA,NA,NA,NA,NA,NA,0.0%,NA,NA,vs LAR,17,·,0.8,-0.8
4,7039,Cody White,WR,27.8,LV,58,52,7.60,6.6,1,0,84,52,0,0.0%,0,0,0,0,0,0,0.00,0,0,0,0,0.00,0.00,2,29,0,2,0,4,7,36,18.0,9.0,0,0,0,36,0,0,0,61.9%,36,36.0,0,2,4,50.0%,2.0,-,-,0,NA,NA,NA,NA,0,NA,NA,-,-,0.0,NA,NA,NA,NA,NA,NA,27,1.33,0.074,0.148,7.7%,-,-,-,36,2.000,1.0,1300%,0.1,4,0,3,1,0,4.0,2,0.0%,NA,NA,NA,NA,NA,NA,NA,NA,NA,0.0%,NA,NA,vs KC,32,·,3.3,4.4
4,13408,Tanner Koziol,TE,23.7,JAX,999,999,0.00,0,1,0,61,10,0,0.0%,0,0,0,0,0,0,0.00,0,0,0,0,0.00,0.00,0,0,0,0,0,0,0,0,0.0,0.0,0,0,0,0,0,0,0,16.4%,0,0.0,0,0,0,NA,0.0,-,-,0,NA,NA,NA,NA,0,NA,NA,-,-,0.0,NA,NA,NA,NA,NA,NA,2,0.00,0.000,0.000,0.0%,-,-,-,0,0.000,NA,0%,0.0,NA,0,0,0,0,0.0,0,0.0%,NA,NA,NA,NA,NA,NA,NA,NA,NA,0.0%,NA,NA,@ CIN,9,·,1.4,-1.4
4,8917,KaVontae Turpin,WR,30.2,DAL,999,999,0.00,0,1,0,78,8,0,0.0%,0,0,0,0,0,0,0.00,0,0,0,0,0.00,0.00,0,0,0,0,0,0,0,0,0.0,0.0,0,0,0,0,0,0,0,10.3%,0,0.0,0,0,0,NA,0.0,-,-,0,NA,NA,NA,NA,0,NA,NA,-,-,0.0,NA,NA,NA,NA,NA,NA,6,0.00,0.000,0.000,0.0%,-,-,-,0,0.000,NA,0%,0.0,NA,0,0,0,0,0.0,0,0.0%,NA,NA,NA,NA,NA,NA,NA,NA,NA,0.0%,NA,NA,@ HOU,3,·,2.4,-2.4
4,6149,Darius Slayton,WR,29.7,IND,0,0,0.00,0,0,0,0,0,0,0.0%,0,0,0,0,0,0,0.00,0,0,0,0,0.00,0.00,0,0,0,0,0,0,0,0,0.0,0.0,0,0,0,0,0,0,0,-,0,0.0,0,0,0,NA,0.0,-,-,NA,NA,NA,NA,NA,0,NA,NA,-,-,0.0,NA,NA,NA,NA,NA,NA,NA,NA,NA,NA,NA,-,-,-,0,0.000,NA,NA,NA,NA,NA,NA,NA,NA,NA,NA,0.0%,NA,NA,NA,NA,NA,NA,NA,NA,NA,0.0%,NA,NA,@ WAS,1,OUT,OUT,NA
4,8207,Tyler Goodson,RB,25.9,DAL,71,67,1.20,1.2,1,0,78,16,0,0.0%,0,0,0,0,0,0,0.00,12,0,0,0,0.00,0.00,0,0,0,0,0,1,0,0,0.0,0.0,3,0,2,12,0,12,4,20.5%,12,12.0,0,2,4,50.0%,2.0,-,-,3,11,1,3.50,0.333,2,0.667,0.683,-,-,12.0,1.0,33.3%,-4.0,-1.33,0.0,0.0,7,0.00,0.000,0.143,2.2%,-,-,-,0,0.000,NA,NA,NA,NA,NA,NA,NA,NA,1.0,0,0.0%,NA,NA,NA,NA,NA,NA,NA,NA,NA,0.0%,NA,NA,@ HOU,31,·,3.5,-2.3
4,8208,Tyler Badie,RB,26.6,DEN,35,37,7.90,6.9,1,0,65,12,0,0.0%,0,0,0,0,0,0,0.00,7,0,0,0,0.00,0.00,2,8,0,1,0,2,24,32,16.0,16.0,2,0,2,39,0,7,3.5,18.5%,39,39.0,0,3,4,75.0%,3.0,-,-,2,5,0,2.30,0.000,2,1.000,0.230,-,-,7.0,0.0,0.0%,0.0,0.00,0.0,0.0,4,8.00,0.250,0.500,4.8%,-,-,-,32,1.000,0.5,NA,NA,12,NA,NA,NA,NA,2.0,2,0.0%,NA,NA,NA,NA,NA,NA,NA,NA,NA,0.0%,NA,NA,@ SF,12,·,3.2,4.7
4,13434,Will Kacmarek,TE,23.6,MIA,40,39,2.50,2,1,1,39,24,0,0.0%,0,0,0,0,0,0,0.00,0,0,0,0,0.00,0.00,1,7,1,1,0,2,8,15,15.0,7.5,0,0,0,15,0,0,0,61.5%,15,15.0,0,1,2,50.0%,1.0,-,-,0,NA,NA,NA,NA,0,NA,NA,-,-,0.0,NA,NA,NA,NA,NA,NA,8,1.88,0.125,0.250,11.8%,-,-,-,15,1.000,1.0,890%,0.1,8,0,1,1,0,2.0,1,0.0%,NA,NA,NA,NA,NA,NA,NA,NA,NA,0.0%,NA,NA,@ MIN,23,·,1.5,1.0
4,10871,Luke Schoonmaker,TE,28.0,DAL,999,999,0.00,0,1,0,78,6,0,0.0%,0,0,0,0,0,0,0.00,0,0,0,0,0.00,0.00,0,0,0,0,0,0,0,0,0.0,0.0,0,0,0,0,0,0,0,7.7%,0,0.0,0,0,0,NA,0.0,-,-,0,NA,NA,NA,NA,0,NA,NA,-,-,0.0,NA,NA,NA,NA,NA,NA,1,0.00,0.000,0.000,0.0%,-,-,-,0,0.000,NA,0%,0.0,NA,0,0,0,0,0.0,0,0.0%,NA,NA,NA,NA,NA,NA,NA,NA,NA,0.0%,NA,NA,@ HOU,16,·,1.3,-1.3
4,11645,Javon Baker,WR,24.6,FA,0,0,0.00,0,0,0,0,0,0,0.0%,0,0,0,0,0,0,0.00,0,0,0,0,0.00,0.00,0,0,0,0,0,0,0,0,0.0,0.0,0,0,0,0,0,0,0,-,0,0.0,0,0,0,NA,0.0,-,-,NA,NA,NA,NA,NA,0,NA,NA,-,-,0.0,NA,NA,NA,NA,NA,NA,NA,NA,NA,NA,NA,-,-,-,0,0.000,NA,NA,NA,NA,NA,NA,NA,NA,NA,NA,0.0%,NA,NA,NA,NA,NA,NA,NA,NA,NA,0.0%,NA,NA,NA,,·,·,NA
4,1737,Case Keenum,QB,38.6,CHI,999,999,0.00,0,1,1,93,1,0,0.0%,0,0,0,0,0,0,0.00,0,0,0,0,0.00,0.00,0,0,0,0,0,0,0,0,0.0,0.0,0,0,0,0,0,0,0,1.1%,0,0.0,0,0,0,NA,0.0,-,-,0,NA,NA,NA,NA,0,NA,NA,-,-,0.0,NA,NA,NA,NA,NA,NA,NA,NA,NA,NA,NA,-,-,-,0,0.000,NA,NA,NA,NA,NA,NA,NA,NA,0.0,0,0.0%,NA,NA,NA,NA,NA,NA,NA,NA,NA,0.0%,NA,NA,vs NYJ,24,·,·,NA
4,6943,Gabriel Davis,WR,27.5,FA,0,0,0.00,0,0,0,0,0,0,0.0%,0,0,0,0,0,0,0.00,0,0,0,0,0.00,0.00,0,0,0,0,0,0,0,0,0.0,0.0,0,0,0,0,0,0,0,-,0,0.0,0,0,0,NA,0.0,-,-,NA,NA,NA,NA,NA,0,NA,NA,-,-,0.0,NA,NA,NA,NA,NA,NA,NA,NA,NA,NA,NA,-,-,-,0,0.000,NA,NA,NA,NA,NA,NA,NA,NA,NA,NA,0.0%,NA,NA,NA,NA,NA,NA,NA,NA,NA,0.0%,NA,NA,NA,,Q,Q,NA
4,10214,Davis Allen,TE,25.7,LAR,999,999,0.00,0,1,1,84,40,0,0.0%,0,0,0,0,0,0,0.00,0,0,0,0,0.00,0.00,0,0,0,0,0,2,0,0,0.0,0.0,0,0,0,0,0,0,0,47.6%,0,0.0,0,0,2,0.0%,0.0,-,-,0,NA,NA,NA,NA,0,NA,NA,-,-,0.0,NA,NA,NA,NA,NA,NA,13,0.00,0.000,0.154,3.9%,-,-,-,0,0.000,NA,430%,0.0,NA,0,0,2,0,2.0,0,0.0%,NA,NA,NA,NA,NA,NA,NA,NA,NA,0.0%,NA,NA,@ PHI,32,·,1.4,-1.4
4,10231,Elijah Higgins,TE,25.9,ARI,20,16,9.90,8.9,1,0,66,24,0,0.0%,0,0,0,0,0,0,0.00,0,0,0,0,0.00,0.00,2,2,0,1,1,2,17,19,9.5,9.5,0,0,0,19,0,0,0,36.4%,19,19.0,1,2,2,100.0%,2.0,-,-,0,NA,NA,NA,NA,0,NA,NA,-,-,0.0,NA,NA,NA,NA,NA,NA,6,3.17,0.167,0.333,5.7%,-,-,-,19,2.000,1.0,380%,0.0,9,1,0,1,1,2.0,2,0.0%,NA,NA,NA,NA,NA,NA,NA,NA,NA,0.0%,NA,NA,@ NYG,19,·,1.7,8.2
4,8118,David Bell,WR,25.8,FA,0,0,0.00,0,0,0,0,0,0,0.0%,0,0,0,0,0,0,0.00,0,0,0,0,0.00,0.00,0,0,0,0,0,0,0,0,0.0,0.0,0,0,0,0,0,0,0,-,0,0.0,0,0,0,NA,0.0,-,-,NA,NA,NA,NA,NA,0,NA,NA,-,-,0.0,NA,NA,NA,NA,NA,NA,NA,NA,NA,NA,NA,-,-,-,0,0.000,NA,NA,NA,NA,NA,NA,NA,NA,NA,NA,0.0%,NA,NA,NA,NA,NA,NA,NA,NA,NA,0.0%,NA,NA,NA,,·,·,NA
4,12520,Xavier Restrepo,WR,24.5,TEN,999,999,0.00,0,0,0,0,0,0,0.0%,0,0,0,0,0,0,0.00,0,0,0,0,0.00,0.00,0,0,0,0,0,0,0,0,0.0,0.0,0,0,0,0,0,0,0,-,0,0.0,0,0,0,NA,0.0,-,-,NA,NA,NA,NA,NA,0,NA,NA,-,-,0.0,NA,NA,NA,NA,NA,NA,NA,NA,NA,NA,NA,-,-,-,0,0.000,NA,NA,NA,NA,NA,NA,NA,NA,NA,NA,0.0%,NA,NA,NA,NA,NA,NA,NA,NA,NA,0.0%,NA,NA,@ BAL,11,·,·,NA
4,11573,Frank Gore Jr.,RB,24.6,BUF,999,999,0.00,0,0,0,0,0,0,0.0%,0,0,0,0,0,0,0.00,0,0,0,0,0.00,0.00,0,0,0,0,0,0,0,0,0.0,0.0,0,0,0,0,0,0,0,-,0,0.0,0,0,0,NA,0.0,-,-,NA,NA,NA,NA,NA,0,NA,NA,-,-,0.0,NA,NA,NA,NA,NA,NA,NA,NA,NA,NA,NA,-,-,-,0,0.000,NA,NA,NA,NA,NA,NA,NA,NA,NA,NA,0.0%,NA,NA,NA,NA,NA,NA,NA,NA,NA,0.0%,NA,NA,vs NE,17,·,·,NA
4,12542,Efton Chism,WR,24.9,NE,34,30,12.20,11.2,1,0,76,34,0,0.0%,0,0,0,0,0,0,0.00,0,0,0,0,0.00,0.00,2,42,0,1,1,4,0,42,21.0,10.5,0,0,0,42,0,0,0,44.7%,42,42.0,1,2,4,50.0%,2.0,-,-,0,NA,NA,NA,NA,0,NA,NA,-,-,0.0,NA,NA,NA,NA,NA,NA,14,3.00,0.071,0.286,10.8%,-,-,-,42,2.000,1.0,1290%,0.1,0,0,3,0,0,4.0,2,0.0%,NA,NA,NA,NA,NA,NA,NA,NA,NA,0.0%,NA,NA,@ BUF,5,·,1.9,10.3
4,12516,Kalel Mullings,RB,24.0,TEN,999,999,0.00,0,0,0,0,0,0,0.0%,0,0,0,0,0,0,0.00,0,0,0,0,0.00,0.00,0,0,0,0,0,0,0,0,0.0,0.0,0,0,0,0,0,0,0,-,0,0.0,0,0,0,NA,0.0,-,-,NA,NA,NA,NA,NA,0,NA,NA,-,-,0.0,NA,NA,NA,NA,NA,NA,NA,NA,NA,NA,NA,-,-,-,0,0.000,NA,NA,NA,NA,NA,NA,NA,NA,NA,NA,0.0%,NA,NA,NA,NA,NA,NA,NA,NA,NA,0.0%,NA,NA,@ BAL,15,·,·,NA
4,6828,AJ Dillon,RB,28.4,CAR,67,69,1.70,1.2,1,0,75,11,0,0.0%,0,0,0,0,0,0,0.00,2,0,0,0,0.00,0.00,1,5,0,0,0,1,0,5,5.0,5.0,5,0,1,7,0,2,0.4,14.7%,7,7.0,0,1,6,16.7%,1.0,-,-,5,6,0,1.10,0.000,1,0.200,0.110,-,-,2.0,0.0,0.0%,-10.0,-2.00,1.0,0.0,4,1.25,0.000,0.250,2.4%,-,-,-,5,0.000,0.0,NA,NA,0,NA,NA,NA,NA,1.0,1,0.0%,NA,NA,NA,NA,NA,NA,NA,NA,NA,0.0%,NA,NA,vs DET,18,·,4.3,-2.6
4,8143,Jerome Ford,RB,27.0,FA,0,0,0.00,0,0,0,0,0,0,0.0%,0,0,0,0,0,0,0.00,0,0,0,0,0.00,0.00,0,0,0,0,0,0,0,0,0.0,0.0,0,0,0,0,0,0,0,-,0,0.0,0,0,0,NA,0.0,-,-,NA,NA,NA,NA,NA,0,NA,NA,-,-,0.0,NA,NA,NA,NA,NA,NA,NA,NA,NA,NA,NA,-,-,-,0,0.000,NA,NA,NA,NA,NA,NA,NA,NA,NA,NA,0.0%,NA,NA,NA,NA,NA,NA,NA,NA,NA,0.0%,NA,NA,NA,,·,·,NA
4,10857,Stetson Bennett,QB,28.9,LAR,999,999,0.00,0,0,0,84,0,0,0.0%,0,0,0,0,0,0,0.00,0,0,0,0,0.00,0.00,0,0,0,0,0,0,0,0,0.0,0.0,0,0,0,0,0,0,0,0.0%,0,0.0,0,0,0,NA,0.0,-,-,NA,NA,NA,NA,NA,0,NA,NA,-,-,0.0,NA,NA,NA,NA,NA,NA,NA,NA,NA,NA,NA,-,-,-,0,0.000,NA,NA,NA,NA,NA,NA,NA,NA,NA,NA,0.0%,NA,NA,NA,NA,NA,NA,NA,NA,NA,0.0%,NA,NA,@ PHI,6,·,·,NA
4,9230,Tanner McKee,QB,26.4,PHI,999,999,0.00,0,0,0,61,0,0,0.0%,0,0,0,0,0,0,0.00,0,0,0,0,0.00,0.00,0,0,0,0,0,0,0,0,0.0,0.0,0,0,0,0,0,0,0,0.0%,0,0.0,0,0,0,NA,0.0,-,-,NA,NA,NA,NA,NA,0,NA,NA,-,-,0.0,NA,NA,NA,NA,NA,NA,NA,NA,NA,NA,NA,-,-,-,0,0.000,NA,NA,NA,NA,NA,NA,NA,NA,NA,NA,0.0%,NA,NA,NA,NA,NA,NA,NA,NA,NA,0.0%,NA,NA,vs LAR,20,·,·,NA
4,6011,Gardner Minshew,QB,30.4,ARI,999,999,0.00,0,0,0,66,0,0,0.0%,0,0,0,0,0,0,0.00,0,0,0,0,0.00,0.00,0,0,0,0,0,0,0,0,0.0,0.0,0,0,0,0,0,0,0,0.0%,0,0.0,0,0,0,NA,0.0,-,-,NA,NA,NA,NA,NA,0,NA,NA,-,-,0.0,NA,NA,NA,NA,NA,NA,NA,NA,NA,NA,NA,-,-,-,0,0.000,NA,NA,NA,NA,NA,NA,NA,NA,NA,NA,0.0%,NA,NA,NA,NA,NA,NA,NA,NA,NA,0.0%,NA,NA,@ NYG,14,·,·,NA
4,8122,Bam Knight,RB,25.5,ARI,999,999,0.00,0,0,0,66,0,0,0.0%,0,0,0,0,0,0,0.00,0,0,0,0,0.00,0.00,0,0,0,0,0,0,0,0,0.0,0.0,0,0,0,0,0,0,0,0.0%,0,0.0,0,0,0,NA,0.0,-,-,NA,NA,NA,NA,NA,0,NA,NA,-,-,0.0,NA,NA,NA,NA,NA,NA,NA,NA,NA,NA,NA,-,-,-,0,0.000,NA,NA,NA,NA,NA,NA,NA,NA,NA,NA,0.0%,NA,NA,NA,NA,NA,NA,NA,NA,NA,0.0%,NA,NA,@ NYG,10,·,·,NA
4,8162,Sam Howell,QB,26.0,DAL,999,999,0.00,0,0,0,78,0,0,0.0%,0,0,0,0,0,0,0.00,0,0,0,0,0.00,0.00,0,0,0,0,0,0,0,0,0.0,0.0,0,0,0,0,0,0,0,0.0%,0,0.0,0,0,0,NA,0.0,-,-,NA,NA,NA,NA,NA,0,NA,NA,-,-,0.0,NA,NA,NA,NA,NA,NA,NA,NA,NA,NA,NA,-,-,-,0,0.000,NA,NA,NA,NA,NA,NA,NA,NA,NA,NA,0.0%,NA,NA,NA,NA,NA,NA,NA,NA,NA,0.0%,NA,NA,@ HOU,8,·,·,NA
4,7610,Trey Lance,QB,26.4,LAC,999,999,0.00,0,0,0,71,0,0,0.0%,0,0,0,0,0,0,0.00,0,0,0,0,0.00,0.00,0,0,0,0,0,0,0,0,0.0,0.0,0,0,0,0,0,0,0,0.0%,0,0.0,0,0,0,NA,0.0,-,-,NA,NA,NA,NA,NA,0,NA,NA,-,-,0.0,NA,NA,NA,NA,NA,NA,NA,NA,NA,NA,NA,-,-,-,0,0.000,NA,NA,NA,NA,NA,NA,NA,NA,NA,NA,0.0%,NA,NA,NA,NA,NA,NA,NA,NA,NA,0.0%,NA,NA,@ SEA,27,Q,Q,NA