WK,SLPR_ID,NM,POS,AGE,TM,PRK_PPR,PRK_0.5P,PRK_STD,FPT_PPR,FPTS_0.5,FPTS_STD,GM_ACTV,GM_P,GM,TM_SNP,SNP,FUM,CMP PCT,paAY,paATT,CMP,pa1D,INC,INT,paRTG,pa.ruYDS,SAC,paTD,paYDS,paYPA,paYPC,REC,recAY,DRP,rec1D,recTD,TGT,YAC,recYDS,YPR,YPT,CAR,BTKL,ru1D,ru.recYDS,ruTD,YCO,ruYDS,YPC,SNP%,MTF,YCO/A,MTF/A,ruIMP,ELU,IMP,OPP,IMP/OPP,IMP/G,RR,TS%,YPRR,pIMP,pIMP/A,TTT,DP%,PRS%,AYA,1DRR,DB,YDS(t),CMP%OE,EPA/DB,VS,vsRK,INJ,PROJ,FPOE
17,4984,Josh Allen,QB,29.4,BUF,6,6,6,23.18,23.18,23.18,1,1,1,76,76,2,65.7,167,35,23,11,12,0,88.0,289,5,0,262,7.49,11.39,0,0,0,0,0,0,0,0,0.0,0.0,7,0,1,27,2,NA,27,3.86,100.0%,NA,NA,NA,3,NA,14,42,NA,NA,NA,NA,NA,11,31.4%,NA,NA,NA,NA,NA,NA,289,NA,NA,vs PHI,27,Q,24.65,-1.5
17,9509,Bijan Robinson,RB,23.7,ATL,2,2,2,39.9,37.4,34.9,1,1,1,53,42,0,0.0,0,0,0,0,0,0,0.0,195,0,0,0,0.00,0.00,5,-8,0,2,1,8,42,34,6.8,4.3,22,1,3,229,1,77,195,8.86,79.0%,12,3.50,0.545,4,0.895,7,30,0.233,7.0,NA,40.0%,NA,0,NA,NA,NA,NA,NA,NA,NA,229,NA,NA,vs LAR,28,·,19.42,20.5
17,7564,Ja'Marr Chase,WR,25.6,CIN,3,3,2,25,21.5,18,1,1,1,77,59,0,0.0,0,0,0,0,0,0,0.0,0,0,0,0,0.00,0.00,7,19,0,2,2,9,41,60,8.6,6.7,0,0,0,60,0,NA,0,0,77.0%,NA,NA,NA,0,NA,4,9,0.444,4.0,34,25.0%,1.76,0,NA,NA,NA,NA,NA,0.059,NA,60,NA,NA,vs ARI,19,·,19.37,5.6
17,9493,Puka Nacua,WR,24.3,LAR,13,14,18,15.7,13.2,10.7,1,1,1,65,48,0,0.0,0,0,0,0,0,0,0.0,0,0,0,0,0.00,0.00,5,23,1,1,1,10,24,47,9.4,4.7,0,0,0,47,0,NA,0,0,74.0%,NA,NA,NA,0,NA,2,10,0.200,2.0,33,26.3%,1.42,0,NA,NA,NA,NA,NA,0.030,NA,47,NA,NA,@ ATL,12,·,23.51,-7.8
17,4881,Lamar Jackson,QB,28.7,BAL,0,0,0,0,0,0,0,0,0,0,0,0,0.0,0,0,0,0,0,0,0.0,0,0,0,0,0.00,0.00,0,0,0,0,0,0,0,0,0.0,0.0,0,0,0,0,0,NA,0,0,0.0%,NA,NA,NA,0,NA,0,0,NA,NA,NA,NA,NA,0,NA,NA,NA,NA,NA,NA,NA,0,NA,NA,@ GB,23,OUT,OUT,OUT
17,11566,Jayden Daniels,QB,24.8,WAS,0,0,0,0,0,0,0,0,0,0,0,0,0.0,0,0,0,0,0,0,0.0,0,0,0,0,0.00,0.00,0,0,0,0,0,0,0,0,0.0,0.0,0,0,0,0,0,NA,0,0,0.0%,NA,NA,NA,0,NA,0,0,NA,NA,NA,NA,NA,0,NA,NA,NA,NA,NA,NA,NA,0,NA,NA,vs DAL,1,OUT,OUT,OUT
17,9221,Jahmyr Gibbs,RB,23.5,DET,36,37,36,6.4,5.4,4.4,1,1,1,64,44,1,0.0,0,0,0,0,0,0,0.0,41,0,0,0,0.00,0.00,2,3,0,1,0,3,20,23,11.5,7.7,17,1,1,64,0,51,41,2.41,69.0%,6,3.00,0.353,1,0.653,2,20,0.100,2.0,NA,10.3%,NA,0,NA,NA,NA,NA,NA,NA,NA,64,NA,NA,@ MIN,19,·,21.96,-15.6
17,6794,Justin Jefferson,WR,26.3,MIN,52,52,62,7,5,3,1,1,1,54,53,0,0.0,0,0,0,0,0,0,0.0,0,0,0,0,0.00,0.00,4,15,0,1,0,5,15,30,7.5,6.0,0,0,0,30,0,NA,0,0,98.0%,NA,NA,NA,0,NA,1,5,0.200,1.0,25,31.3%,1.20,0,NA,NA,NA,NA,NA,0.040,NA,30,NA,NA,vs DET,2,·,13.04,-6.0
17,9488,Jaxon Smith-Njigba,WR,23.6,SEA,12.0,22,29,16.2,11.7,7.2,1,1,1,66,59,0,0.0,0,0,0,0,0,0,0.0,0,0,0,0,0.00,0.00,9,57,1,3,0,12,15,72,8.0,6.0,0,0,0,72,0,NA,0,0,89.0%,NA,NA,NA,0,NA,3,12,0.250,3.0,31,44.4%,2.32,0,NA,NA,NA,NA,NA,0.097,NA,72,NA,NA,@ CAR,21,·,22.13,-5.9
17,7547,Amon-Ra St. Brown,WR,25.9,DET,16.0,27,31,14.8,10.8,6.8,1,1,1,64,53,0,0.0,0,0,0,0,0,0,0.0,0,0,0,0,0.00,0.00,8,52,1,5,0,13,16,68,8.5,5.2,0,0,0,68,0,NA,0,0,83.0%,NA,NA,NA,0,NA,5,13,0.385,5.0,31,44.8%,2.19,0,NA,NA,NA,NA,NA,0.161,NA,68,NA,NA,@ MIN,32,Q,18.97,-4.2
17,6786,CeeDee Lamb,WR,26.5,DAL,38.0,41,41,9.6,7.1,4.6,1,1,1,92,80,0,0.0,0,0,0,0,0,0,0.0,0,0,0,0,0.00,0.00,5,32,1,2,0,10,14,46,9.2,4.6,0,0,0,46,0,NA,0,0,87.0%,NA,NA,NA,0,NA,2,10,0.200,2.0,43,27.0%,1.07,0,NA,NA,NA,NA,NA,0.047,NA,46,NA,NA,@ WAS,7,·,19,-9.4
17,11632,Malik Nabers,WR,22.2,NYG,999.0,999,999,0,0,0,1,0,0,0,0,0,0.0,0,0,0,0,0,0,0.0,0,0,0,0,0.00,0.00,0,0,0,0,0,0,0,0,0.0,0.0,0,0,0,0,0,NA,0,0,0.0%,NA,NA,NA,0,NA,0,0,NA,NA,NA,NA,NA,0,NA,NA,NA,NA,NA,NA,NA,0,NA,NA,@ LV,10,IR,IR,IR
17,11564,Drake Maye,QB,23.1,NE,2.0,2,2,32.44,32.44,32.44,1,1,1,66,52,0,90.5,144,21,19,10,2,0,157.0,278,1,5,256,12.19,13.47,0,0,0,0,0,0,0,0,0.0,0.0,3,0,2,22,0,NA,22,7.33,79.0%,NA,NA,NA,2,NA,17,24,NA,NA,NA,NA,NA,15,71.4%,3.07,9.5%,33.3%,9.10,NA,24,278,+24.9%,+1.28,@ NYJ,11,·,22.85,9.6
17,12514,Emeka Egbuka,WR,23.0,TB,67.0,72,75,5,3.5,2,1,1,0,67,39,0,0.0,0,0,0,0,0,0,0.0,0,0,0,0,0.00,0.00,3,6,0,0,0,5,14,20,6.7,4.0,0,0,0,20,0,NA,0,0,58.0%,NA,NA,NA,0,NA,0,5,0.000,0.0,27,11.4%,0.74,0,NA,NA,NA,NA,NA,0.000,NA,20,NA,NA,@ MIA,23,·,9.34,-4.3
17,11604,Brock Bowers,TE,22.8,LV,999.0,999,999,0,0,0,1,0,0,0,0,0,0.0,0,0,0,0,0,0,0.0,0,0,0,0,0.00,0.00,0,0,0,0,0,0,0,0,0.0,0.0,0,0,0,0,0,NA,0,0,0.0%,NA,NA,NA,0,NA,0,0,NA,NA,NA,NA,NA,0,NA,NA,NA,NA,NA,NA,NA,0,NA,NA,vs NYG,28,IR,IR,IR
17,6904,Jalen Hurts,QB,27.1,PHI,25.0,25,25,8.9,8.9,8.9,1,1,1,54,54,0,48.2,80,27,13,5,14,0,71.5,115,1,1,110,4.07,8.46,0,0,0,0,0,0,0,0,0.0,0.0,3,0,0,5,0,NA,5,1.67,100.0%,NA,NA,NA,0,NA,6,30,NA,NA,NA,NA,NA,6,22.2%,3.26,14.8%,34.5%,10.90,NA,29,115,-3.5%,-0.21,@ BUF,28,·,22.99,-14.1
17,12527,Ashton Jeanty,RB,21.8,LV,24.0,22,26,9.3,8.3,7.3,1,1,1,59,48,0,0.0,0,0,0,0,0,0,0.0,60,0,0,0,0.00,0.00,2,9,0,1,0,2,4,13,6.5,6.5,16,1,4,73,0,56,60,3.75,81.0%,3,3.50,0.188,4,0.538,5,18,0.278,5.0,NA,6.7%,NA,0,NA,NA,NA,NA,NA,NA,NA,73,NA,NA,vs NYG,3,·,16.43,-7.1
17,6797,Justin Herbert,QB,27.6,LAC,15.0,15,15,16.14,16.14,16.14,1,1,1,63,63,2,65.6,124,32,21,10,11,1,84.9,273,5,1,236,7.38,11.24,0,0,0,0,0,0,0,0,0.0,0.0,6,0,1,37,0,NA,37,6.17,100.0%,NA,NA,NA,1,NA,12,38,NA,NA,NA,NA,NA,11,34.4%,3.12,12.5%,38.1%,8.70,NA,42,273,+3.9%,-0.17,vs HOU,31,·,20.56,-4.4
17,6813,Jonathan Taylor,RB,26.7,IND,12.0,13,11,17.4,15.9,14.4,1,1,1,57,51,0,0.0,0,0,0,0,0,0,0.0,70,0,0,0,0.00,0.00,3,-1,0,0,0,6,15,14,4.7,2.3,21,1,4,84,1,61,70,3.33,89.0%,8,2.90,0.381,5,0.671,5,27,0.185,5.0,NA,19.4%,NA,0,NA,NA,NA,NA,NA,NA,NA,84,NA,NA,vs JAX,31,·,19.72,-2.3
17,8112,Drake London,WR,24.2,ATL,114.0,115,115,1.4,0.9,0.4,1,1,1,53,52,0,0.0,0,0,0,0,0,0,0.0,0,0,0,0,0.00,0.00,1,4,0,1,0,2,0,4,4.0,2.0,0,0,0,4,0,NA,0,0,98.0%,NA,NA,NA,0,NA,1,2,0.500,1.0,19,10.0%,0.21,0,NA,NA,NA,NA,NA,0.053,NA,4,NA,NA,vs LAR,8,·,17,-15.6
17,4046,Patrick Mahomes,QB,30.0,KC,999.0,999,999,0,0,0,1,0,0,0,0,0,0.0,0,0,0,0,0,0,0.0,0,0,0,0,0.00,0.00,0,0,0,0,0,0,0,0,0.0,0.0,0,0,0,0,0,NA,0,0,0.0%,NA,NA,NA,0,NA,0,0,NA,NA,NA,NA,NA,0,NA,NA,NA,NA,NA,NA,NA,0,NA,NA,vs DEN,24,IR,IR,IR
17,6770,Joe Burrow,QB,28.8,CIN,11.0,11,11,20.4,20.4,20.4,1,1,1,77,64,0,77.4,132,31,24,14,7,0,129.1,307,3,2,305,9.84,12.71,0,0,0,0,0,0,0,0,0.0,0.0,3,0,1,2,0,NA,2,0.67,83.0%,NA,NA,NA,1,NA,17,34,NA,NA,NA,NA,NA,16,51.6%,2.83,12.9%,42.9%,7.80,NA,35,307,+9.4%,+0.51,vs ARI,18,·,22.58,-2.2
17,9226,De'Von Achane,RB,24.0,MIA,17.0,17,18,14.2,12.7,11.2,1,1,1,55,41,0,0.0,0,0,0,0,0,0,0.0,83,0,0,0,0.00,0.00,3,0,0,1,0,3,29,29,9.7,9.7,18,2,5,112,0,65,83,4.61,75.0%,7,3.60,0.389,5,0.749,6,21,0.286,6.0,NA,13.6%,NA,0,NA,NA,NA,NA,NA,NA,NA,112,NA,NA,vs TB,12,·,21.79,-7.6
17,8130,Trey McBride,TE,25.8,ARI,1.0,1,2,23.6,18.6,13.6,1,1,1,57,55,0,0.0,0,0,0,0,0,0,0.0,0,0,0,0,0.00,0.00,10,37,0,3,1,13,39,76,7.6,5.9,0,0,0,76,0,NA,0,0,96.0%,NA,NA,NA,0,NA,4,13,0.308,4.0,37,35.1%,2.05,0,NA,NA,NA,NA,NA,0.081,NA,76,NA,NA,@ CIN,1,·,19.5,4.1
17,12507,Omarion Hampton,RB,22.5,LAC,10.0,12,16,20,16,12,1,1,1,63,51,0,0.0,0,0,0,0,0,0,0.0,29,0,0,0,0.00,0.00,8,-26,0,1,0,8,57,31,3.9,3.9,14,0,0,60,1,38,29,2.07,81.0%,3,2.70,0.214,1,0.484,2,22,0.091,2.0,NA,25.0%,NA,0,NA,NA,NA,NA,NA,NA,NA,60,NA,NA,vs HOU,21,·,14,6.0
17,11620,Rome Odunze,WR,23.3,CHI,0.0,0,0,0,0,0,0,0,0,0,0,0,0.0,0,0,0,0,0,0,0.0,0,0,0,0,0.00,0.00,0,0,0,0,0,0,0,0,0.0,0.0,0,0,0,0,0,NA,0,0,0.0%,NA,NA,NA,0,NA,0,0,NA,NA,NA,NA,NA,0,NA,NA,NA,NA,NA,NA,NA,0,NA,NA,@ SF,22,Q,Q,Q
17,12526,Tetairoa McMillan,WR,22.5,CAR,109.0,109,110,1.5,1,0.5,1,1,1,53,44,0,0.0,0,0,0,0,0,0,0.0,0,0,0,0,0.00,0.00,1,2,0,0,0,4,3,5,5.0,1.3,0,0,0,5,0,NA,0,0,83.0%,NA,NA,NA,0,NA,0,4,0.000,0.0,28,16.7%,0.18,0,NA,NA,NA,NA,NA,0.000,NA,5,NA,NA,vs SEA,14,·,13.25,-11.8
17,11560,Caleb Williams,QB,23.9,CHI,7.0,7,7,23,23,23,1,1,1,66,66,0,59.5,200,42,25,14,17,0,100.3,348,0,2,330,7.86,13.20,0,0,0,0,0,0,0,0,0.0,0.0,5,0,2,18,0,NA,18,3.6,100.0%,NA,NA,NA,2,NA,18,47,NA,NA,NA,NA,NA,16,38.1%,3.18,9.5%,21.7%,7.40,NA,46,348,-5.5%,+0.31,@ SF,22,·,18.71,4.3
17,12518,Tyler Warren,TE,23.4,IND,17.0,20,21,9.3,6.8,4.3,1,1,1,57,49,0,0.0,0,0,0,0,0,0,0.0,0,0,0,0,0.00,0.00,5,23,0,4,0,5,20,43,8.6,8.6,0,0,0,43,0,NA,0,0,86.0%,NA,NA,NA,0,NA,4,5,0.800,4.0,23,16.1%,1.87,0,NA,NA,NA,NA,NA,0.174,NA,43,NA,NA,vs JAX,9,·,10.59,-1.3
17,12512,Quinshon Judkins,RB,21.9,CLE,999.0,999,999,0,0,0,1,0,0,0,0,0,0.0,0,0,0,0,0,0,0.0,0,0,0,0,0.00,0.00,0,0,0,0,0,0,0,0,0.0,0.0,0,0,0,0,0,NA,0,0,0.0%,NA,NA,NA,0,NA,0,0,NA,NA,NA,NA,NA,0,NA,NA,NA,NA,NA,NA,NA,0,NA,NA,vs PIT,24,IR,IR,IR
17,11584,Bucky Irving,RB,23.1,TB,28.0,35,44,8.3,5.8,3.3,1,1,1,67,36,0,0.0,0,0,0,0,0,0,0.0,19,0,0,0,0.00,0.00,5,-18,0,0,0,6,32,14,2.8,2.3,9,0,2,33,0,21,19,2.11,54.0%,3,2.30,0.333,2,0.563,2,15,0.133,2.0,NA,13.6%,NA,0,NA,NA,NA,NA,NA,NA,NA,33,NA,NA,@ MIA,11,·,15.17,-6.9
17,11631,Brian Thomas Jr.,WR,23.0,JAX,46.0,47,48,7.9,5.9,3.9,1,1,1,69,54,0,0.0,0,0,0,0,0,0,0.0,0,0,0,0,0.00,0.00,4,34,0,2,0,7,5,39,9.8,5.6,0,0,0,39,0,NA,0,0,78.0%,NA,NA,NA,0,NA,2,7,0.286,2.0,37,18.9%,1.05,0,NA,NA,NA,NA,NA,0.054,NA,39,NA,NA,@ IND,4,·,11.74,-3.8
17,8138,James Cook,RB,26.0,BUF,25.0,23,23,8.7,8.2,7.7,1,1,1,76,39,0,0.0,0,0,0,0,0,0,0.0,74,0,0,0,0.00,0.00,1,2,1,0,0,4,1,3,3.0,0.8,20,1,3,77,0,56,74,3.7,51.0%,5,2.80,0.250,3,0.530,3,24,0.125,3.0,NA,11.4%,NA,0,NA,NA,NA,NA,NA,NA,NA,77,NA,NA,vs PHI,10,·,17.08,-8.4
17,4892,Baker Mayfield,QB,30.4,TB,12.0,12,12,19.44,19.44,19.44,1,1,1,67,67,2,75.0,141,44,33,12,11,2,93.6,362,3,2,346,7.86,10.48,0,0,0,0,0,0,0,0,0.0,0.0,3,0,2,16,0,NA,16,5.33,100.0%,NA,NA,NA,2,NA,16,47,NA,NA,NA,NA,NA,14,31.8%,2.81,15.9%,18.0%,7.90,NA,50,362,+2.7%,+0.01,@ MIA,9,·,21.28,-1.8
17,7569,Nico Collins,WR,26.5,HOU,42.0,40,38,8.7,7.2,5.7,1,1,1,65,44,0,0.0,0,0,0,0,0,0,0.0,0,0,0,0,0.00,0.00,3,36,0,3,0,4,21,57,19.0,14.3,0,0,0,57,0,NA,0,0,68.0%,NA,NA,NA,0,NA,3,4,0.750,3.0,24,14.3%,2.38,0,NA,NA,NA,NA,NA,0.125,NA,57,NA,NA,@ LAC,30,·,15.57,-6.9
17,8146,Garrett Wilson,WR,25.2,NYJ,999.0,999,999,0,0,0,1,0,0,0,0,0,0.0,0,0,0,0,0,0,0.0,0,0,0,0,0.00,0.00,0,0,0,0,0,0,0,0,0.0,0.0,0,0,0,0,0,NA,0,0,0.0%,NA,NA,NA,0,NA,0,0,NA,NA,NA,NA,NA,0,NA,NA,NA,NA,NA,NA,NA,0,NA,NA,vs NE,17,IR,IR,IR
17,6804,Jordan Love,QB,26.9,GB,0.0,0,0,0,0,0,0,0,0,0,0,0,0.0,0,0,0,0,0,0,0.0,0,0,0,0,0.00,0.00,0,0,0,0,0,0,0,0,0.0,0.0,0,0,0,0,0,NA,0,0,0.0%,NA,NA,NA,0,NA,0,0,NA,NA,NA,NA,NA,0,NA,NA,NA,NA,NA,NA,NA,0,NA,NA,vs BAL,14,Q,17.38,-17.4
17,10229,Rashee Rice,WR,25.4,KC,999.0,999,999,0,0,0,1,0,0,0,0,0,0.0,0,0,0,0,0,0,0.0,0,0,0,0,0.00,0.00,0,0,0,0,0,0,0,0,0.0,0.0,0,0,0,0,0,NA,0,0,0.0%,NA,NA,NA,0,NA,0,0,NA,NA,NA,NA,NA,0,NA,NA,NA,NA,NA,NA,NA,0,NA,NA,vs DEN,25,IR,IR,IR
17,4866,Saquon Barkley,RB,28.6,PHI,33.0,29,27,6.8,6.8,6.8,1,1,1,54,43,0,0.0,0,0,0,0,0,0,0.0,68,0,0,0,0.00,0.00,0,0,0,0,0,0,0,0,0.0,0.0,19,0,4,68,0,65,68,3.58,80.0%,2,3.40,0.105,4,0.445,4,19,0.211,4.0,NA,0.0%,NA,0,NA,NA,NA,NA,NA,NA,NA,68,NA,NA,@ BUF,5,·,16.56,-9.8
17,11563,Bo Nix,QB,25.6,DEN,10.0,10,10,20.48,20.48,20.48,1,1,1,72,72,0,68.4,82,38,26,11,12,1,76.9,224,1,1,182,4.79,7.00,0,0,0,0,0,0,0,0,0.0,0.0,9,0,3,42,1,NA,42,4.67,100.0%,NA,NA,NA,4,NA,16,47,NA,NA,NA,NA,NA,12,31.6%,2.83,7.9%,18.2%,5.90,NA,44,224,-0.5%,+0.11,@ KC,21,·,19.18,1.3
17,12508,Jaxson Dart,QB,22.4,NYG,4.0,4,4,25.08,25.08,25.08,1,1,1,64,64,0,73.3,86,30,22,9,8,0,91.9,255,2,0,207,6.90,9.41,0,0,0,0,0,0,0,0,0.0,0.0,9,0,4,48,2,NA,48,5.33,100.0%,NA,NA,NA,6,NA,15,39,NA,NA,NA,NA,NA,9,30.0%,2.83,0.0%,30.6%,5.10,NA,36,255,-0.4%,+0.16,@ LV,17,·,20.3,4.8
17,11635,Ladd McConkey,WR,23.9,LAC,76.0,69,61,4.1,3.6,3.1,1,1,1,63,56,0,0.0,0,0,0,0,0,0,0.0,0,0,0,0,0.00,0.00,1,29,0,1,0,2,2,31,31.0,15.5,0,0,0,31,0,NA,0,0,89.0%,NA,NA,NA,0,NA,1,2,0.500,1.0,38,6.3%,0.82,0,NA,NA,NA,NA,NA,0.026,NA,31,NA,NA,vs HOU,31,·,12.9,-8.8
17,4034,Christian McCaffrey,RB,29.3,SF,4.0,4,5,28.1,26.1,24.1,1,1,1,72,61,0,0.0,0,0,0,0,0,0,0.0,140,0,0,0,0.00,0.00,4,4,0,2,0,6,37,41,10.3,6.8,23,1,7,181,1,113,140,6.09,85.0%,9,4.90,0.391,8,0.881,10,29,0.345,10.0,NA,18.2%,NA,0,NA,NA,NA,NA,NA,NA,NA,181,NA,NA,vs CHI,23,·,25.86,2.2
17,8137,George Pickens,WR,24.6,DAL,29.0,30,28,11.8,9.8,7.8,1,1,1,92,80,0,0.0,0,0,0,0,0,0,0.0,0,0,0,0,0.00,0.00,4,28,0,4,0,5,50,78,19.5,15.6,0,0,0,78,0,NA,0,0,87.0%,NA,NA,NA,0,NA,4,5,0.800,4.0,41,13.5%,1.90,0,NA,NA,NA,NA,NA,0.098,NA,78,NA,NA,@ WAS,7,·,17.26,-5.5
17,11628,Marvin Harrison Jr.,WR,23.1,ARI,999.0,999,999,0,0,0,1,1,0,57,19,0,0.0,0,0,0,0,0,0,0.0,0,0,0,0,0.00,0.00,0,0,0,0,0,1,0,0,0.0,0.0,0,0,0,0,0,NA,0,0,33.0%,NA,NA,NA,0,NA,0,1,0.000,0.0,13,2.7%,0.00,0,NA,NA,NA,NA,NA,0.000,NA,0,NA,NA,@ CIN,29,Q,12.62,-12.6
17,5850,Josh Jacobs,RB,27.6,GB,66.0,67,71,1.3,0.8,0.3,1,1,1,47,13,0,0.0,0,0,0,0,0,0,0.0,3,0,0,0,0.00,0.00,1,-3,0,0,0,1,3,0,0.0,0.0,4,0,0,3,0,10,3,0.75,28.0%,0,2.60,0.000,0,0.260,0,5,0.000,0.0,NA,4.0%,NA,0,NA,NA,NA,NA,NA,NA,NA,3,NA,NA,vs BAL,13,Q,14.2,-12.9
17,8150,Kyren Williams,RB,25.1,LAR,15.0,15,14,16,14.5,13,1,1,1,65,46,0,0.0,0,0,0,0,0,0,0.0,92,0,0,0,0.00,0.00,3,9,0,2,0,3,29,38,12.7,12.7,13,1,4,130,0,48,92,7.08,71.0%,3,3.70,0.231,4,0.601,6,16,0.375,6.0,NA,7.9%,NA,0,NA,NA,NA,NA,NA,NA,NA,130,NA,NA,@ ATL,17,·,14.27,1.7
17,12481,Cam Skattebo,RB,23.6,NYG,999.0,999,999,0,0,0,1,0,0,0,0,0,0.0,0,0,0,0,0,0,0.0,0,0,0,0,0.00,0.00,0,0,0,0,0,0,0,0,0.0,0.0,0,0,0,0,0,NA,0,0,0.0%,NA,NA,NA,0,NA,0,0,NA,NA,NA,NA,NA,0,NA,NA,NA,NA,NA,NA,NA,0,NA,NA,@ LV,9,IR,IR,IR
17,8155,Breece Hall,RB,24.3,NYJ,9.0,9,9,20.9,19.9,18.9,1,1,1,61,30,0,0.0,0,0,0,0,0,0,0.0,111,0,0,0,0.00,0.00,2,-4,0,1,0,3,22,18,9.0,6.0,14,0,3,129,1,41,111,7.93,48.0%,2,2.90,0.143,4,0.433,5,17,0.294,5.0,NA,8.8%,NA,0,NA,NA,NA,NA,NA,NA,NA,129,NA,NA,vs NE,30,·,12.84,8.1
17,9758,C.J. Stroud,QB,24.0,HOU,17.0,16,16,15.76,15.76,15.76,1,1,1,65,65,0,57.1,137,28,16,6,12,2,80.1,244,0,2,244,8.71,15.25,0,0,0,0,0,0,0,0,0.0,0.0,4,0,0,0,0,NA,0,0,100.0%,NA,NA,NA,0,NA,8,32,NA,NA,NA,NA,NA,8,28.6%,2.63,14.3%,28.6%,9.90,NA,28,244,-5.1%,-0.27,@ LAC,30,·,17.59,-1.8
17,8183,Brock Purdy,QB,25.8,SF,1.0,1,1,37.92,37.92,37.92,1,1,1,72,72,0,72.7,195,33,24,14,9,1,118.6,331,1,3,303,9.18,12.63,0,0,0,0,0,0,0,0,0.0,0.0,6,0,1,28,2,NA,28,4.67,100.0%,NA,NA,NA,3,NA,20,39,NA,NA,NA,NA,NA,17,51.5%,3.24,9.1%,23.7%,8.00,NA,38,331,+3.5%,+0.33,vs CHI,10,·,23.24,14.7
17,3294,Dak Prescott,QB,32.2,DAL,8.0,8,8,22.68,22.68,22.68,1,1,1,92,92,0,51.4,156,37,19,11,18,0,97.5,331,6,2,307,8.30,16.16,0,0,0,0,0,0,0,0,0.0,0.0,4,0,3,24,0,NA,24,6,100.0%,NA,NA,NA,3,NA,16,41,NA,NA,NA,NA,NA,13,35.1%,2.95,13.5%,28.9%,11.10,NA,45,331,-7.9%,+0.21,@ WAS,3,·,24.18,-1.5
17,5859,A.J. Brown,WR,28.2,PHI,30.0,31,32,11.8,9.3,6.8,1,1,1,54,48,0,0.0,0,0,0,0,0,0,0.0,0,0,0,0,0.00,0.00,5,60,0,3,0,7,8,68,13.6,9.7,0,0,0,68,0,NA,0,0,89.0%,NA,NA,NA,0,NA,3,7,0.429,3.0,26,25.9%,2.62,0,NA,NA,NA,NA,NA,0.115,NA,68,NA,NA,@ BUF,24,Q,14.18,-2.4
17,12529,TreVeyon Henderson,RB,22.9,NE,29.0,24,22,8.2,8.2,8.2,1,1,0,66,34,0,0.0,0,0,0,0,0,0,0.0,82,0,0,0,0.00,0.00,0,0,0,0,0,0,0,0,0.0,0.0,19,1,4,82,0,57,82,4.32,52.0%,5,3.00,0.263,4,0.563,4,19,0.211,4.0,NA,0.0%,NA,0,NA,NA,NA,NA,NA,NA,NA,82,NA,NA,@ NYJ,4,Q,13.12,-4.9
17,11624,Xavier Worthy,WR,22.4,KC,119.0,119,118,0.1,0.1,0.1,1,1,1,43,34,0,0.0,0,0,0,0,0,0,0.0,1,0,0,0,0.00,0.00,0,0,1,0,0,3,0,0,0.0,0.0,1,0,0,1,0,NA,1,1,79.0%,NA,NA,NA,0,NA,0,4,0.000,0.0,17,13.6%,0.00,0,NA,NA,NA,NA,NA,0.000,NA,1,NA,NA,vs DEN,25,·,8.97,-8.9
17,10859,Sam LaPorta,TE,24.7,DET,999.0,999,999,0,0,0,1,0,0,0,0,0,0.0,0,0,0,0,0,0,0.0,0,0,0,0,0.00,0.00,0,0,0,0,0,0,0,0,0.0,0.0,0,0,0,0,0,NA,0,0,0.0%,NA,NA,NA,0,NA,0,0,NA,NA,NA,NA,NA,0,NA,NA,NA,NA,NA,NA,NA,0,NA,NA,@ MIN,24,IR,IR,IR
17,9484,Tucker Kraft,TE,24.9,GB,999.0,999,999,0,0,0,1,0,0,0,0,0,0.0,0,0,0,0,0,0,0.0,0,0,0,0,0.00,0.00,0,0,0,0,0,0,0,0,0.0,0.0,0,0,0,0,0,NA,0,0,0.0%,NA,NA,NA,0,NA,0,0,NA,NA,NA,NA,NA,0,NA,NA,NA,NA,NA,NA,NA,0,NA,NA,vs BAL,25,IR,IR,IR
17,3163,Jared Goff,QB,31.0,DET,31.0,31,31,4.08,4.08,4.08,1,1,1,64,64,3,62.1,111,29,18,11,11,2,64.9,199,5,1,197,6.79,10.94,0,0,0,0,0,0,0,0,0.0,0.0,3,0,1,2,0,NA,2,0.67,100.0%,NA,NA,NA,1,NA,13,32,NA,NA,NA,NA,NA,12,41.4%,2.52,3.4%,38.2%,6.90,NA,34,199,-10.3%,-0.29,@ MIN,32,·,18.99,-14.9
17,9756,Jordan Addison,WR,23.7,MIN,25.0,17,10,12.5,12.5,12.5,1,1,1,54,42,0,0.0,0,0,0,0,0,0,0.0,65,0,0,0,0.00,0.00,0,0,0,0,0,1,0,0,0.0,0.0,1,1,0,65,1,NA,65,65,78.0%,NA,NA,NA,1,NA,1,2,0.500,1.0,22,6.3%,0.00,0,NA,NA,NA,NA,NA,0.000,NA,65,NA,NA,vs DET,2,·,9.56,2.9
17,12530,Travis Hunter,WR,22.4,JAX,999.0,999,999,0,0,0,1,0,0,0,0,0,0.0,0,0,0,0,0,0,0.0,0,0,0,0,0.00,0.00,0,0,0,0,0,0,0,0,0.0,0.0,0,0,0,0,0,NA,0,0,0.0%,NA,NA,NA,0,NA,0,0,NA,NA,NA,NA,NA,0,NA,NA,NA,NA,NA,NA,NA,0,NA,NA,@ IND,4,IR,IR,IR
17,5870,Daniel Jones,QB,28.3,IND,999.0,999,999,0,0,0,1,0,0,0,0,0,0.0,0,0,0,0,0,0,0.0,0,0,0,0,0.00,0.00,0,0,0,0,0,0,0,0,0.0,0.0,0,0,0,0,0,NA,0,0,0.0%,NA,NA,NA,0,NA,0,0,NA,NA,NA,NA,NA,0,NA,NA,NA,NA,NA,NA,NA,0,NA,NA,vs JAX,12,IR,IR,IR
17,7526,Jaylen Waddle,WR,26.8,MIA,118.0,118,104,0.7,0.7,0.7,1,1,1,55,14,0,0.0,0,0,0,0,0,0,0.0,7,0,0,0,0.00,0.00,0,0,0,0,0,1,0,0,0.0,0.0,1,0,0,7,0,NA,7,7,25.0%,NA,NA,NA,0,NA,0,2,0.000,0.0,8,4.5%,0.00,0,NA,NA,NA,NA,NA,0.000,NA,7,NA,NA,vs TB,16,·,13.99,-13.3
17,6801,Tee Higgins,WR,26.7,CIN,37.0,35,37,9.9,7.9,5.9,1,1,1,77,44,0,0.0,0,0,0,0,0,0,0.0,0,0,0,0,0.00,0.00,4,55,0,2,0,5,4,59,14.8,11.8,0,0,0,59,0,NA,0,0,57.0%,NA,NA,NA,0,NA,2,5,0.400,2.0,28,13.9%,2.11,0,NA,NA,NA,NA,NA,0.071,NA,59,NA,NA,vs ARI,19,·,15.21,-5.3
17,9754,Quentin Johnston,WR,24.1,LAC,17.0,19,22,14.8,12.3,9.8,1,1,1,63,47,0,0.0,0,0,0,0,0,0,0.0,0,0,0,0,0.00,0.00,5,86,0,4,0,8,12,98,19.6,12.3,0,0,0,98,0,NA,0,0,75.0%,NA,NA,NA,0,NA,4,8,0.500,4.0,34,25.0%,2.88,0,NA,NA,NA,NA,NA,0.118,NA,98,NA,NA,vs HOU,31,·,11.01,3.8
17,7525,DeVonta Smith,WR,26.9,PHI,71.0,73,68,4.5,3.5,2.5,1,1,1,54,46,0,0.0,0,0,0,0,0,0,0.0,0,0,0,0,0.00,0.00,2,13,1,2,0,5,12,25,12.5,5.0,0,0,0,25,0,NA,0,0,85.0%,NA,NA,NA,0,NA,2,5,0.400,2.0,26,18.5%,0.96,0,NA,NA,NA,NA,NA,0.077,NA,25,NA,NA,@ BUF,24,·,12.64,-8.1
17,5846,DK Metcalf,WR,27.8,PIT,999.0,999,999,0,0,0,1,0,0,0,0,0,0.0,0,0,0,0,0,0,0.0,0,0,0,0,0.00,0.00,0,0,0,0,0,0,0,0,0.0,0.0,0,0,0,0,0,NA,0,0,0.0%,NA,NA,NA,0,NA,0,0,NA,NA,NA,NA,NA,0,NA,NA,NA,NA,NA,NA,NA,0,NA,NA,@ CLE,27,SUS,SUS,SUS
17,9997,Zay Flowers,WR,25.0,BAL,24.0,24,26,13,11,9,1,1,1,76,52,0,0.0,0,0,0,0,0,0,0.0,0,0,0,0,0.00,0.00,4,14,0,2,1,5,16,30,7.5,6.0,0,0,0,30,0,NA,0,0,68.0%,NA,NA,NA,0,NA,3,5,0.600,3.0,24,25.0%,1.25,0,NA,NA,NA,NA,NA,0.083,NA,30,NA,NA,@ GB,15,·,14.31,-1.3
17,12522,Cam Ward,QB,23.3,TEN,13.0,13,13,17.04,17.04,17.04,1,1,1,74,74,2,52.5,169,40,21,10,19,0,88.6,261,4,2,251,6.28,11.95,0,0,0,0,0,0,0,0,0.0,0.0,2,0,0,10,0,NA,10,5,100.0%,NA,NA,NA,0,NA,12,42,NA,NA,NA,NA,NA,12,30.0%,4.07,20.0%,43.5%,10.70,NA,46,261,+1.6%,-0.24,vs NO,26,·,14.83,2.2
17,11638,Ricky Pearsall,WR,25.0,SF,22.0,26,27,13.5,11,8.5,1,1,1,72,58,0,0.0,0,0,0,0,0,0,0.0,0,0,0,0,0.00,0.00,5,68,1,4,0,8,17,85,17.0,10.6,0,0,0,85,0,NA,0,0,81.0%,NA,NA,NA,0,NA,4,8,0.500,4.0,34,24.2%,2.50,0,NA,NA,NA,NA,NA,0.118,NA,85,NA,NA,vs CHI,3,Q,10.76,2.7
17,8144,Chris Olave,WR,25.2,NO,2.0,2,3,25.9,21.9,17.9,1,1,1,54,49,0,0.0,0,0,0,0,0,0,0.0,0,0,0,0,0.00,0.00,8,63,0,4,1,11,56,119,14.9,10.8,0,0,0,119,0,NA,0,0,91.0%,NA,NA,NA,0,NA,5,11,0.455,5.0,31,40.7%,3.84,0,NA,NA,NA,NA,NA,0.129,NA,119,NA,NA,@ TEN,11,·,16.47,9.4
17,11559,Michael Penix Jr.,QB,25.4,ATL,999.0,999,999,0,0,0,1,0,0,0,0,0,0.0,0,0,0,0,0,0,0.0,0,0,0,0,0.00,0.00,0,0,0,0,0,0,0,0,0.0,0.0,0,0,0,0,0,NA,0,0,0.0%,NA,NA,NA,0,NA,0,0,NA,NA,NA,NA,NA,0,NA,NA,NA,NA,NA,NA,NA,0,NA,NA,vs LAR,19,IR,IR,IR
17,8151,Kenneth Walker III,RB,24.9,SEA,32.0,30,32,7.7,6.7,5.7,1,1,1,66,31,1,0.0,0,0,0,0,0,0,0.0,51,0,0,0,0.00,0.00,2,-8,0,0,0,2,14,6,3.0,3.0,15,4,1,57,0,48,51,3.4,47.0%,6,3.20,0.400,1,0.720,1,17,0.059,1.0,NA,7.4%,NA,0,NA,NA,NA,NA,NA,NA,NA,57,NA,NA,@ CAR,8,·,12.41,-4.7
17,12501,Matthew Golden,WR,22.2,GB,93.0,93,89,2.2,1.7,1.2,1,1,0,47,25,0,0.0,0,0,0,0,0,0,0.0,0,0,0,0,0.00,0.00,1,11,0,0,0,3,1,12,12.0,4.0,0,0,0,12,0,NA,0,0,53.0%,NA,NA,NA,0,NA,0,3,0.000,0.0,19,12.0%,0.63,0,NA,NA,NA,NA,NA,0.000,NA,12,NA,NA,vs BAL,9,·,2.71,-0.5
17,5849,Kyler Murray,QB,28.1,ARI,999.0,999,999,0,0,0,1,0,0,0,0,0,0.0,0,0,0,0,0,0,0.0,0,0,0,0,0.00,0.00,0,0,0,0,0,0,0,0,0.0,0.0,0,0,0,0,0,NA,0,0,0.0%,NA,NA,NA,0,NA,0,0,NA,NA,NA,NA,NA,0,NA,NA,NA,NA,NA,NA,NA,0,NA,NA,@ CIN,4,IR,IR,IR
17,11565,J.J. McCarthy,QB,22.7,MIN,0.0,0,0,0,0,0,0,0,0,0,0,0,0.0,0,0,0,0,0,0,0.0,0,0,0,0,0.00,0.00,0,0,0,0,0,0,0,0,0.0,0.0,0,0,0,0,0,NA,0,0,0.0%,NA,NA,NA,0,NA,0,0,NA,NA,NA,NA,NA,0,NA,NA,NA,NA,NA,NA,NA,0,NA,NA,vs DET,7,OUT,OUT,OUT
17,7588,Javonte Williams,RB,25.4,DAL,19.0,18,17,11.4,11.4,11.4,1,1,1,92,25,0,0.0,0,0,0,0,0,0,0.0,54,0,0,0,0.00,0.00,0,0,0,0,0,2,0,0,0.0,0.0,13,1,3,54,1,48,54,4.15,27.0%,2,3.70,0.154,4,0.524,4,15,0.267,4.0,NA,5.4%,NA,0,NA,NA,NA,NA,NA,NA,NA,54,NA,NA,@ WAS,6,·,15.47,-4.1
17,7523,Trevor Lawrence,QB,26.0,JAX,5.0,5,5,24.12,24.12,24.12,1,1,1,69,69,0,62.2,170,37,23,12,14,1,72.2,289,2,0,263,7.11,11.43,0,0,0,0,0,0,0,0,0.0,0.0,8,0,2,26,2,NA,26,3.25,100.0%,NA,NA,NA,4,NA,16,45,NA,NA,NA,NA,NA,12,32.4%,3.09,16.2%,45.5%,9.70,NA,44,289,+0.2%,0.00,@ IND,15,·,22.52,1.6
17,8148,Jameson Williams,WR,24.5,DET,56.0,55,49,5.7,4.7,3.7,1,1,1,64,53,0,0.0,0,0,0,0,0,0,0.0,0,0,0,0,0.00,0.00,2,34,0,2,0,3,3,37,18.5,12.3,0,0,0,37,0,NA,0,0,83.0%,NA,NA,NA,0,NA,2,3,0.667,2.0,31,10.3%,1.19,0,NA,NA,NA,NA,NA,0.065,NA,37,NA,NA,@ MIN,32,·,13.33,-7.6
17,4943,Sam Darnold,QB,28.3,SEA,29.0,29,29,7.08,7.08,7.08,1,1,1,66,66,2,66.7,74,27,18,7,9,1,77.2,149,3,1,147,5.44,8.17,0,0,0,0,0,0,0,0,0.0,0.0,3,0,0,2,0,NA,2,0.67,100.0%,NA,NA,NA,0,NA,8,30,NA,NA,NA,NA,NA,8,29.6%,2.82,3.7%,32.3%,6.30,NA,31,149,-1.7%,-0.31,@ CAR,25,·,19.85,-12.8
17,12533,Jacory Croskey-Merritt,RB,24.5,WAS,7.0,7,6,22.5,22.5,22.5,1,1,1,44,28,0,0.0,0,0,0,0,0,0,0.0,105,0,0,0,0.00,0.00,0,0,0,0,0,0,0,0,0.0,0.0,11,3,1,105,2,103,105,9.55,64.0%,4,9.40,0.364,3,1.304,3,11,0.273,3.0,NA,0.0%,NA,0,NA,NA,NA,NA,NA,NA,NA,105,NA,NA,vs DAL,7,·,6.43,16.1
17,12489,RJ Harvey,RB,24.6,DEN,11.0,11,12,18.6,16.1,13.6,1,1,1,72,47,0,0.0,0,0,0,0,0,0,0.0,43,0,0,0,0.00,0.00,5,-2,1,1,1,6,35,33,6.6,5.5,14,1,3,76,0,49,43,3.07,65.0%,6,3.50,0.429,3,0.779,5,20,0.250,5.0,NA,15.8%,NA,0,NA,NA,NA,NA,NA,NA,NA,76,NA,NA,@ KC,26,·,13.78,4.8
17,7543,Travis Etienne,RB,26.7,JAX,20.0,21,21,11.2,10.2,9.2,1,1,1,69,48,0,0.0,0,0,0,0,0,0,0.0,76,0,0,0,0.00,0.00,2,0,0,1,0,3,16,16,8.0,5.3,17,0,4,92,0,56,76,4.47,70.0%,4,3.30,0.235,4,0.565,5,20,0.250,5.0,NA,8.1%,NA,0,NA,NA,NA,NA,NA,NA,NA,92,NA,NA,@ IND,20,·,15.03,-3.8
17,3198,Derrick Henry,RB,31.7,BAL,1.0,1,1,45.6,45.6,45.6,1,1,1,76,48,0,0.0,0,0,0,0,0,0,0.0,216,0,0,0,0.00,0.00,0,0,0,0,0,0,0,0,0.0,0.0,36,1,10,216,4,158,216,6,63.0%,9,4.40,0.250,14,0.690,14,36,0.389,14.0,NA,0.0%,NA,0,NA,NA,NA,NA,NA,NA,NA,216,NA,NA,@ GB,27,·,16.13,29.5
17,9224,Chase Brown,RB,25.5,CIN,3.0,3,3,29.1,27.6,26.1,1,1,1,77,47,0,0.0,0,0,0,0,0,0,0.0,101,0,0,0,0.00,0.00,3,-6,0,1,0,3,46,40,13.3,13.3,22,4,3,141,2,68,101,4.59,61.0%,12,3.10,0.545,5,0.855,6,25,0.240,6.0,NA,8.3%,NA,0,NA,NA,NA,NA,NA,NA,NA,141,NA,NA,vs ARI,2,·,16.38,12.7
17,8110,Jake Ferguson,TE,26.7,DAL,23.0,18,16,7.6,7.1,6.6,1,1,1,92,27,0,0.0,0,0,0,0,0,0,0.0,0,0,0,0,0.00,0.00,1,6,0,0,1,2,0,6,6.0,3.0,0,0,0,6,0,NA,0,0,29.0%,NA,NA,NA,0,NA,1,2,0.500,1.0,10,5.4%,0.60,0,NA,NA,NA,NA,NA,0.000,NA,6,NA,NA,@ WAS,4,·,11.29,-3.7
17,5045,Courtland Sutton,WR,30.0,DEN,45.0,46,47,8,6,4,1,1,1,72,59,0,0.0,0,0,0,0,0,0,0.0,0,0,0,0,0.00,0.00,4,32,2,3,0,10,8,40,10.0,4.0,0,0,0,40,0,NA,0,0,82.0%,NA,NA,NA,0,NA,3,10,0.300,3.0,40,26.3%,1.00,0,NA,NA,NA,NA,NA,0.075,NA,40,NA,NA,@ KC,20,·,13.08,-5.1
17,12506,Harold Fannin,TE,21.2,CLE,14.0,12,11,11,10,9,1,1,1,52,12,0,0.0,0,0,0,0,0,0,0.0,0,0,0,0,0.00,0.00,2,29,0,0,1,2,1,30,15.0,15.0,0,0,0,30,0,NA,0,0,23.0%,NA,NA,NA,0,NA,1,2,0.500,1.0,7,8.7%,4.29,0,NA,NA,NA,NA,NA,0.000,NA,30,NA,NA,vs PIT,3,·,11.75,-0.8
17,4217,George Kittle,TE,32.0,SF,0.0,0,0,0,0,0,0,0,0,0,0,0,0.0,0,0,0,0,0,0,0.0,0,0,0,0,0.00,0.00,0,0,0,0,0,0,0,0,0.0,0.0,0,0,0,0,0,NA,0,0,0.0%,NA,NA,NA,0,NA,0,0,NA,NA,NA,NA,NA,0,NA,NA,NA,NA,NA,NA,NA,0,NA,NA,vs CHI,17,Q,12.65,-12.7
17,2133,Davante Adams,WR,32.8,LAR,0.0,0,0,0,0,0,0,0,0,0,0,0,0.0,0,0,0,0,0,0,0.0,0,0,0,0,0.00,0.00,0,0,0,0,0,0,0,0,0.0,0.0,0,0,0,0,0,NA,0,0,0.0%,NA,NA,NA,0,NA,0,0,NA,NA,NA,NA,NA,0,NA,NA,NA,NA,NA,NA,NA,0,NA,NA,@ ATL,12,Q,Q,Q
17,12517,Colston Loveland,TE,21.5,CHI,2.0,2,1,21.4,18.4,15.4,1,1,0,66,54,0,0.0,0,0,0,0,0,0,0.0,0,0,0,0,0.00,0.00,6,78,1,4,1,10,16,94,15.7,9.4,0,0,0,94,0,NA,0,0,82.0%,NA,NA,NA,0,NA,5,10,0.500,5.0,39,23.8%,2.41,0,NA,NA,NA,NA,NA,0.103,NA,94,NA,NA,@ SF,5,·,8.91,12.5
17,12519,Luther Burden,WR,21.8,CHI,1.0,1,1,27.8,23.8,19.8,1,1,1,66,38,0,0.0,0,0,0,0,0,0,0.0,0,0,0,0,0.00,0.00,8,83,1,5,1,9,55,138,17.3,15.3,0,0,0,138,0,NA,0,0,58.0%,NA,NA,NA,0,NA,6,9,0.667,6.0,26,21.4%,5.31,0,NA,NA,NA,NA,NA,0.192,NA,138,NA,NA,@ SF,22,Q,8.7,19.1
17,9228,Bryce Young,QB,24.2,CAR,21.0,21,21,9.86,9.86,9.86,1,1,1,53,53,0,58.3,-17,24,14,3,10,1,45.8,81,2,0,54,2.25,3.86,0,0,0,0,0,0,0,0,0.0,0.0,9,0,2,27,1,NA,27,3,100.0%,NA,NA,NA,3,NA,6,33,NA,NA,NA,NA,NA,3,12.5%,2.84,0.0%,33.3%,1.10,NA,30,81,-9.0%,-0.60,vs SEA,13,·,17.02,-7.2
17,8408,Jordan Mason,RB,26.4,MIN,0.0,0,0,0,0,0,0,0,0,0,0,0,0.0,0,0,0,0,0,0,0.0,0,0,0,0,0.00,0.00,0,0,0,0,0,0,0,0,0.0,0.0,0,0,0,0,0,NA,0,0,0.0%,NA,NA,NA,0,NA,0,0,NA,NA,NA,NA,NA,0,NA,NA,NA,NA,NA,NA,NA,0,NA,NA,vs DET,22,OUT,OUT,OUT
17,6819,Michael Pittman,WR,28.0,IND,81.0,81,83,3.6,2.6,1.6,1,1,1,57,49,0,0.0,0,0,0,0,0,0,0.0,0,0,0,0,0.00,0.00,2,11,0,1,0,3,5,16,8.0,5.3,0,0,0,16,0,NA,0,0,86.0%,NA,NA,NA,0,NA,1,3,0.333,1.0,28,9.7%,0.57,0,NA,NA,NA,NA,NA,0.036,NA,16,NA,NA,vs JAX,13,·,10.88,-7.3
17,8228,Jaylen Warren,RB,26.9,PIT,37.0,31,29,6.4,6.4,6.4,1,1,1,66,21,1,0.0,0,0,0,0,0,0,0.0,64,0,0,0,0.00,0.00,0,0,0,0,0,0,0,0,0.0,0.0,12,0,3,64,0,54,64,5.33,32.0%,7,4.50,0.583,3,1.033,3,12,0.250,3.0,NA,0.0%,NA,0,NA,NA,NA,NA,NA,NA,NA,64,NA,NA,@ CLE,15,Q,13.1,-6.7
17,10236,Dalton Kincaid,TE,25.9,BUF,0.0,0,0,0,0,0,0,0,0,0,0,0,0.0,0,0,0,0,0,0,0.0,0,0,0,0,0.00,0.00,0,0,0,0,0,0,0,0,0.0,0.0,0,0,0,0,0,NA,0,0,0.0%,NA,NA,NA,0,NA,0,0,NA,NA,NA,NA,NA,0,NA,NA,NA,NA,NA,NA,NA,0,NA,NA,vs PHI,32,Q,7,-7.0
17,5892,David Montgomery,RB,28.3,DET,39.0,40,39,6,5,4,1,1,0,64,22,0,0.0,0,0,0,0,0,0,0.0,25,0,0,0,0.00,0.00,2,-7,0,1,0,2,22,15,7.5,7.5,10,0,2,40,0,27,25,2.5,34.0%,2,2.70,0.200,2,0.470,3,12,0.250,3.0,NA,6.9%,NA,0,NA,NA,NA,NA,NA,NA,NA,40,NA,NA,@ MIN,19,Q,8.51,-2.5
17,11589,Trey Benson,RB,23.2,ARI,999.0,999,999,0,0,0,1,0,0,0,0,0,0.0,0,0,0,0,0,0,0.0,0,0,0,0,0.00,0.00,0,0,0,0,0,0,0,0,0.0,0.0,0,0,0,0,0,NA,0,0,0.0%,NA,NA,NA,0,NA,0,0,NA,NA,NA,NA,NA,0,NA,NA,NA,NA,NA,NA,NA,0,NA,NA,@ CIN,1,IR,IR,IR
17,9753,Zach Charbonnet,RB,24.7,SEA,6.0,5,4,26.2,25.2,24.2,1,1,0,66,35,0,0.0,0,0,0,0,0,0,0.0,110,0,0,0,0.00,0.00,2,3,0,1,0,2,9,12,6.0,6.0,18,1,6,122,2,86,110,6.11,53.0%,6,4.80,0.333,8,0.813,9,20,0.450,9.0,NA,7.4%,NA,0,NA,NA,NA,NA,NA,NA,NA,122,NA,NA,@ CAR,8,·,9.31,16.9
17,7553,Kyle Pitts,TE,25.0,ATL,37.0,38,41,3.6,2.6,1.6,1,1,1,53,49,0,0.0,0,0,0,0,0,0,0.0,0,0,0,0,0.00,0.00,2,13,0,1,0,3,3,16,8.0,5.3,0,0,0,16,0,NA,0,0,92.0%,NA,NA,NA,0,NA,1,3,0.333,1.0,18,15.0%,0.89,0,NA,NA,NA,NA,NA,0.056,NA,16,NA,NA,vs LAR,19,·,11.19,-7.6
17,7594,Chuba Hubbard,RB,26.3,CAR,57.0,64,80,2.8,1.3,-0.2,1,1,0,53,20,1,0.0,0,0,0,0,0,0,0.0,12,0,0,0,0.00,0.00,3,-18,0,1,0,3,24,6,2.0,2.0,4,0,0,18,0,8,12,3,38.0%,1,2.00,0.250,0,0.450,1,7,0.143,1.0,NA,12.5%,NA,0,NA,NA,NA,NA,NA,NA,NA,18,NA,NA,vs SEA,18,·,6.2,-3.4
17,5927,Terry McLaurin,WR,30.0,WAS,31.0,32,34,11.3,8.8,6.3,1,1,1,44,38,0,0.0,0,0,0,0,0,0,0.0,0,0,0,0,0.00,0.00,5,57,0,4,0,7,6,63,12.6,9.0,0,0,0,63,0,NA,0,0,86.0%,NA,NA,NA,0,NA,4,7,0.571,4.0,24,30.4%,2.63,0,NA,NA,NA,NA,NA,0.167,NA,63,NA,NA,vs DAL,1,·,12.02,-0.7
17,6806,J.K. Dobbins,RB,26.8,DEN,999.0,999,999,0,0,0,1,0,0,0,0,0,0.0,0,0,0,0,0,0,0.0,0,0,0,0,0.00,0.00,0,0,0,0,0,0,0,0,0.0,0.0,0,0,0,0,0,NA,0,0,0.0%,NA,NA,NA,0,NA,0,0,NA,NA,NA,NA,NA,0,NA,NA,NA,NA,NA,NA,NA,0,NA,NA,@ KC,26,IR,IR,IR
17,7021,Rico Dowdle,RB,27.3,CAR,23.0,28,30,9.3,7.8,6.3,1,1,1,53,34,0,0.0,0,0,0,0,0,0,0.0,59,0,0,0,0.00,0.00,3,-2,1,0,0,5,6,4,1.3,0.8,12,0,2,63,0,44,59,4.92,64.0%,3,3.70,0.250,2,0.620,2,17,0.118,2.0,NA,20.8%,NA,0,NA,NA,NA,NA,NA,NA,NA,63,NA,NA,vs SEA,18,·,10.2,-0.9
17,11637,Keon Coleman,WR,22.4,BUF,0.0,0,0,0,0,0,0,0,0,0,0,0,0.0,0,0,0,0,0,0,0.0,0,0,0,0,0.00,0.00,0,0,0,0,0,0,0,0,0.0,0.0,0,0,0,0,0,NA,0,0,0.0%,NA,NA,NA,0,NA,0,0,NA,NA,NA,NA,NA,0,NA,NA,NA,NA,NA,NA,NA,0,NA,NA,vs PHI,28,·,4.69,-4.7
17,6790,D'Andre Swift,RB,26.7,CHI,8.0,8,8,21.9,20.9,19.9,1,1,1,66,39,0,0.0,0,0,0,0,0,0,0.0,54,0,0,0,0.00,0.00,2,2,0,1,0,3,23,25,12.5,8.3,9,0,2,79,2,48,54,6,59.0%,1,5.30,0.111,4,0.641,5,12,0.417,5.0,NA,7.1%,NA,0,NA,NA,NA,NA,NA,NA,NA,79,NA,NA,@ SF,29,·,11.7,10.2
17,4983,D.J. Moore,WR,28.4,CHI,104.0,103,105,1.7,1.2,0.7,1,1,1,66,61,0,0.0,0,0,0,0,0,0,0.0,0,0,0,0,0.00,0.00,1,7,1,0,0,4,0,7,7.0,1.8,0,0,0,7,0,NA,0,0,92.0%,NA,NA,NA,0,NA,0,4,0.000,0.0,42,9.5%,0.17,0,NA,NA,NA,NA,NA,0.000,NA,7,NA,NA,@ SF,22,·,12.04,-10.3
17,12474,Woody Marks,RB,24.8,HOU,26.0,26,24,8.5,8,7.5,1,1,1,65,44,0,0.0,0,0,0,0,0,0,0.0,71,0,0,0,0.00,0.00,1,-1,0,0,0,2,5,4,4.0,2.0,19,0,3,75,0,57,71,3.74,68.0%,5,3.00,0.263,3,0.563,3,21,0.143,3.0,NA,7.1%,NA,0,NA,NA,NA,NA,NA,NA,NA,75,NA,NA,@ LAC,25,·,9.32,-0.8
17,5872,Deebo Samuel,WR,29.7,WAS,32.0,29,24,11.3,10.3,9.3,1,1,1,44,36,0,0.0,0,0,0,0,0,0,0.0,25,0,0,0,0.00,0.00,2,14,0,2,0,4,54,68,34.0,17.0,2,0,1,93,0,NA,25,12.5,82.0%,NA,NA,NA,1,NA,3,6,0.500,3.0,22,17.4%,3.09,0,NA,NA,NA,NA,NA,0.091,NA,93,NA,NA,vs DAL,1,·,10.04,1.3
17,12499,Elic Ayomanor,WR,22.3,TEN,21.0,21,23,13.7,11.7,9.7,1,1,1,74,60,0,0.0,0,0,0,0,0,0,0.0,0,0,0,0,0.00,0.00,4,36,0,3,1,7,1,37,9.3,5.3,0,0,0,37,0,NA,0,0,81.0%,NA,NA,NA,0,NA,4,7,0.571,4.0,40,17.5%,0.93,0,NA,NA,NA,NA,NA,0.075,NA,37,NA,NA,vs NO,26,·,7.55,6.2
17,7591,Justin Fields,QB,26.6,NYJ,999.0,999,999,0,0,0,1,0,0,0,0,0,0.0,0,0,0,0,0,0,0.0,0,0,0,0,0.00,0.00,0,0,0,0,0,0,0,0,0.0,0.0,0,0,0,0,0,NA,0,0,0.0%,NA,NA,NA,0,NA,0,0,NA,NA,NA,NA,NA,0,NA,NA,NA,NA,NA,NA,NA,0,NA,NA,vs NE,20,IR,IR,IR
17,12490,Bhayshul Tuten,RB,22.6,JAX,0.0,0,0,0,0,0,0,0,0,0,0,0,0.0,0,0,0,0,0,0,0.0,0,0,0,0,0.00,0.00,0,0,0,0,0,0,0,0,0.0,0.0,0,0,0,0,0,NA,0,0,0.0%,NA,NA,NA,0,NA,0,0,NA,NA,NA,NA,NA,0,NA,NA,NA,NA,NA,NA,NA,0,NA,NA,@ IND,20,Q,Q,Q
17,9500,Josh Downs,WR,24.1,IND,61.0,60,58,5.4,4.4,3.4,1,1,1,57,35,0,0.0,0,0,0,0,0,0,0.0,0,0,0,0,0.00,0.00,2,33,1,2,0,5,1,34,17.0,6.8,0,0,0,34,0,NA,0,0,61.0%,NA,NA,NA,0,NA,2,5,0.400,2.0,26,16.1%,1.31,0,NA,NA,NA,NA,NA,0.077,NA,34,NA,NA,vs JAX,13,·,9.73,-4.3
17,2216,Mike Evans,WR,32.1,TB,27.0,28,25,12.1,10.6,9.1,1,1,1,67,50,0,0.0,0,0,0,0,0,0,0.0,0,0,0,0,0.00,0.00,3,32,0,2,1,7,-1,31,10.3,4.4,0,0,0,31,0,NA,0,0,75.0%,NA,NA,NA,0,NA,3,7,0.429,3.0,41,15.9%,0.76,0,NA,NA,NA,NA,NA,0.049,NA,31,NA,NA,@ MIA,23,·,14.2,-2.1
17,4035,Alvin Kamara,RB,30.2,NO,0.0,0,0,0,0,0,0,0,0,0,0,0,0.0,0,0,0,0,0,0,0.0,0,0,0,0,0.00,0.00,0,0,0,0,0,0,0,0,0.0,0.0,0,0,0,0,0,NA,0,0,0.0%,NA,NA,NA,0,NA,0,0,NA,NA,NA,NA,NA,0,NA,NA,NA,NA,NA,NA,NA,0,NA,NA,@ TEN,14,Q,Q,Q
17,421,Matthew Stafford,QB,37.6,LAR,18.0,17,17,15.76,15.76,15.76,1,1,1,65,65,0,57.9,149,38,22,8,16,3,64.5,269,3,2,269,7.08,12.23,0,0,0,0,0,0,0,0,0.0,0.0,0,0,0,0,0,NA,0,0,100.0%,NA,NA,NA,0,NA,10,38,NA,NA,NA,NA,NA,10,26.3%,3.24,23.7%,24.4%,12.20,NA,41,269,+3.0%,-0.07,@ ATL,16,·,21.38,-5.6
17,12484,Jayden Higgins,WR,22.8,HOU,11.0,9,8,16.8,15.8,14.8,1,1,0,65,32,0,0.0,0,0,0,0,0,0,0.0,0,0,0,0,0.00,0.00,2,52,0,1,1,4,36,88,44.0,22.0,0,0,0,88,0,NA,0,0,49.0%,NA,NA,NA,0,NA,2,4,0.500,2.0,14,14.3%,6.29,0,NA,NA,NA,NA,NA,0.071,NA,88,NA,NA,@ LAC,30,·,9.18,7.6
17,8134,Khalil Shakir,WR,25.6,BUF,39.0,42,53,9.5,6.5,3.5,1,1,1,76,59,0,0.0,0,0,0,0,0,0,0.0,0,0,0,0,0.00,0.00,6,9,0,1,0,7,26,35,5.8,5.0,0,0,0,35,0,NA,0,0,78.0%,NA,NA,NA,0,NA,1,7,0.143,1.0,37,20.0%,0.95,0,NA,NA,NA,NA,NA,0.027,NA,35,NA,NA,vs PHI,28,·,11.64,-2.1
17,6803,Brandon Aiyuk,WR,27.5,SF,999.0,999,999,0,0,0,1,0,0,72,0,0,0.0,0,0,0,0,0,0,0.0,0,0,0,0,0.00,0.00,0,0,0,0,0,0,0,0,0.0,0.0,0,0,0,0,0,NA,0,0,0.0%,NA,NA,NA,0,NA,0,0,NA,NA,NA,NA,NA,0,NA,NA,NA,NA,NA,NA,NA,0,NA,NA,vs CHI,3,DNR,DNR,DNR
17,12498,Mason Taylor,TE,21.4,NYJ,0.0,0,0,0,0,0,0,0,0,0,0,0,0.0,0,0,0,0,0,0,0.0,0,0,0,0,0.00,0.00,0,0,0,0,0,0,0,0,0.0,0.0,0,0,0,0,0,NA,0,0,0.0%,NA,NA,NA,0,NA,0,0,NA,NA,NA,NA,NA,0,NA,NA,NA,NA,NA,NA,NA,0,NA,NA,vs NE,10,Q,6.64,-6.6
17,10222,Jayden Reed,WR,25.4,GB,43.0,43,44,8.1,6.1,4.1,1,1,0,47,25,0,0.0,0,0,0,0,0,0,0.0,0,0,0,0,0.00,0.00,4,31,0,1,0,4,10,41,10.3,10.3,0,0,0,41,0,NA,0,0,53.0%,NA,NA,NA,0,NA,1,4,0.250,1.0,18,16.0%,2.28,0,NA,NA,NA,NA,NA,0.056,NA,41,NA,NA,vs BAL,9,·,11,-2.9
17,5844,T.J. Hockenson,TE,28.2,MIN,0.0,0,0,0,0,0,0,0,0,0,0,0,0.0,0,0,0,0,0,0,0.0,0,0,0,0,0.00,0.00,0,0,0,0,0,0,0,0,0.0,0.0,0,0,0,0,0,NA,0,0,0.0%,NA,NA,NA,0,NA,0,0,NA,NA,NA,NA,NA,0,NA,NA,NA,NA,NA,NA,NA,0,NA,NA,vs DET,14,OUT,OUT,OUT
17,6783,Jerry Jeudy,WR,26.4,CLE,34.0,36,39,10.4,7.9,5.4,1,1,1,52,49,0,0.0,0,0,0,0,0,0,0.0,0,0,0,0,0.00,0.00,5,50,0,4,0,7,4,54,10.8,7.7,0,0,0,54,0,NA,0,0,94.0%,NA,NA,NA,0,NA,4,7,0.571,4.0,28,30.4%,1.93,0,NA,NA,NA,NA,NA,0.143,NA,54,NA,NA,vs PIT,6,·,8.81,1.6
17,8126,Wan'Dale Robinson,WR,24.7,NYG,6.0,8,14,22.3,16.8,11.3,1,1,1,64,48,0,0.0,0,0,0,0,0,0,0.0,0,0,0,0,0.00,0.00,11,70,0,5,0,14,43,113,10.3,8.1,0,0,0,113,0,NA,0,0,75.0%,NA,NA,NA,0,NA,5,14,0.357,5.0,31,46.7%,3.65,0,NA,NA,NA,NA,NA,0.161,NA,113,NA,NA,@ LV,10,·,12.82,9.5
17,8121,Romeo Doubs,WR,25.5,GB,40.0,38,35,9.2,7.7,6.2,1,1,1,47,27,0,0.0,0,0,0,0,0,0,0.0,0,0,0,0,0.00,0.00,3,49,0,3,0,3,13,62,20.7,20.7,0,0,0,62,0,NA,0,0,57.0%,NA,NA,NA,0,NA,3,3,1.000,3.0,17,12.0%,3.65,0,NA,NA,NA,NA,NA,0.176,NA,62,NA,NA,vs BAL,9,·,8.17,1.0
17,5947,Jakobi Meyers,WR,28.9,JAX,47.0,53,77,7.9,4.9,1.9,1,1,1,69,65,1,0.0,0,0,0,0,0,0,0.0,0,0,0,0,0.00,0.00,6,41,0,2,0,9,-2,39,6.5,4.3,0,0,0,39,0,NA,0,0,94.0%,NA,NA,NA,0,NA,2,9,0.222,2.0,44,24.3%,0.89,0,NA,NA,NA,NA,NA,0.045,NA,39,NA,NA,@ IND,4,·,12.01,-4.1
17,12504,Kaleb Johnson,RB,22.1,PIT,0.0,0,0,0,0,0,0,0,0,0,0,0,0.0,0,0,0,0,0,0,0.0,0,0,0,0,0.00,0.00,0,0,0,0,0,0,0,0,0.0,0.0,0,0,0,0,0,NA,0,0,0.0%,NA,NA,NA,0,NA,0,0,NA,NA,NA,NA,NA,0,NA,NA,NA,NA,NA,NA,NA,0,NA,NA,@ CLE,15,·,0.99,-1.0
17,12497,Tory Horton,WR,22.8,SEA,999.0,999,999,0,0,0,1,0,0,0,0,0,0.0,0,0,0,0,0,0,0.0,0,0,0,0,0.00,0.00,0,0,0,0,0,0,0,0,0.0,0.0,0,0,0,0,0,NA,0,0,0.0%,NA,NA,NA,0,NA,0,0,NA,NA,NA,NA,NA,0,NA,NA,NA,NA,NA,NA,NA,0,NA,NA,@ CAR,21,IR,IR,IR
17,11627,Troy Franklin,WR,22.6,DEN,55.0,67,79,5.7,3.7,1.7,1,1,0,72,27,0,0.0,0,0,0,0,0,0,0.0,0,0,0,0,0.00,0.00,4,9,0,2,0,4,8,17,4.3,4.3,0,0,0,17,0,NA,0,0,38.0%,NA,NA,NA,0,NA,2,4,0.500,2.0,18,10.5%,0.94,0,NA,NA,NA,NA,NA,0.111,NA,17,NA,NA,@ KC,20,·,8.45,-2.8
17,8676,Rashid Shaheed,WR,27.1,SEA,98.0,97,98,1.8,1.3,0.8,1,1,0,66,12,0,0.0,0,0,0,0,0,0,0.0,0,0,0,0,0.00,0.00,1,6,0,0,0,1,2,8,8.0,8.0,0,0,0,8,0,NA,0,0,18.0%,NA,NA,NA,0,NA,0,1,0.000,0.0,8,3.7%,1.00,0,NA,NA,NA,NA,NA,0.000,NA,8,NA,NA,@ CAR,21,·,10.62,-8.8
17,4037,Chris Godwin,WR,29.6,TB,4.0,4,5,23.8,20.3,16.8,1,1,1,67,53,0,0.0,0,0,0,0,0,0,0.0,0,0,0,0,0.00,0.00,7,29,0,4,1,8,79,108,15.4,13.5,0,0,0,108,0,NA,0,0,79.0%,NA,NA,NA,0,NA,5,8,0.625,5.0,42,18.2%,2.57,0,NA,NA,NA,NA,NA,0.095,NA,108,NA,NA,@ MIA,23,Q,11.09,12.7
17,12495,Ollie Gordon,RB,21.7,MIA,999.0,999,999,0,0,0,1,1,0,55,8,0,0.0,0,0,0,0,0,0,0.0,0,0,0,0,0.00,0.00,0,0,0,0,0,0,0,0,0.0,0.0,0,0,0,0,0,NA,0,0,15.0%,NA,NA,NA,0,NA,0,0,NA,0.0,NA,NA,NA,0,NA,NA,NA,NA,NA,NA,NA,0,NA,NA,vs TB,12,·,1.75,-1.8
17,5967,Tony Pollard,RB,28.4,TEN,18.0,19,20,11.5,10.5,9.5,1,1,1,74,37,0,0.0,0,0,0,0,0,0,0.0,85,0,0,0,0.00,0.00,2,-2,0,1,0,2,12,10,5.0,5.0,18,2,4,95,0,67,85,4.72,50.0%,1,3.70,0.056,4,0.426,5,20,0.250,5.0,NA,5.0%,NA,0,NA,NA,NA,NA,NA,NA,NA,95,NA,NA,vs NO,16,·,9.98,1.5
17,12535,Isaac TeSlaa,WR,23.6,DET,20.0,18,17,13.9,12.4,10.9,1,1,0,64,33,0,0.0,0,0,0,0,0,0,0.0,0,0,0,0,0.00,0.00,3,26,0,2,1,4,23,49,16.3,12.3,0,0,0,49,0,NA,0,0,52.0%,NA,NA,NA,0,NA,3,4,0.750,3.0,24,13.8%,2.04,0,NA,NA,NA,NA,NA,0.083,NA,49,NA,NA,@ MIN,32,·,4.17,9.7
17,9504,Kayshon Boutte,WR,23.4,NE,0.0,0,0,0,0,0,0,0,0,0,0,0,0.0,0,0,0,0,0,0,0.0,0,0,0,0,0.00,0.00,0,0,0,0,0,0,0,0,0.0,0.0,0,0,0,0,0,NA,0,0,0.0%,NA,NA,NA,0,NA,0,0,NA,NA,NA,NA,NA,0,NA,NA,NA,NA,NA,NA,NA,0,NA,NA,@ NYJ,18,Q,4.78,-4.8
17,6768,Tua Tagovailoa,QB,27.6,MIA,0.0,0,0,0,0,0,0,0,0,0,0,0,0.0,0,0,0,0,0,0,0.0,0,0,0,0,0.00,0.00,0,0,0,0,0,0,0,0,0.0,0.0,0,0,0,0,0,NA,0,0,0.0%,NA,NA,NA,0,NA,0,0,NA,NA,NA,NA,NA,0,NA,NA,NA,NA,NA,NA,NA,0,NA,NA,vs TB,2,·,·,·
17,9480,Brenton Strange,TE,24.8,JAX,20.0,19,18,8.4,6.9,5.4,1,1,1,69,56,0,0.0,0,0,0,0,0,0,0.0,0,0,0,0,0.00,0.00,3,17,0,3,0,5,37,54,18.0,10.8,0,0,0,54,0,NA,0,0,81.0%,NA,NA,NA,0,NA,3,5,0.600,3.0,32,13.5%,1.69,0,NA,NA,NA,NA,NA,0.094,NA,54,NA,NA,@ IND,6,·,10.15,-1.8
17,4033,David Njoku,TE,29.2,CLE,0.0,0,0,0,0,0,0,0,0,0,0,0,0.0,0,0,0,0,0,0,0.0,0,0,0,0,0.00,0.00,0,0,0,0,0,0,0,0,0.0,0.0,0,0,0,0,0,NA,0,0,0.0%,NA,NA,NA,0,NA,0,0,NA,NA,NA,NA,NA,0,NA,NA,NA,NA,NA,NA,NA,0,NA,NA,vs PIT,3,Q,3.49,-3.5
17,8131,Isaiah Likely,TE,25.4,BAL,29.0,28,29,5.7,4.2,2.7,1,1,0,76,53,0,0.0,0,0,0,0,0,0,0.0,0,0,0,0,0.00,0.00,3,17,0,2,0,3,10,27,9.0,9.0,0,0,0,27,0,NA,0,0,70.0%,NA,NA,NA,0,NA,2,3,0.667,2.0,17,15.0%,1.59,0,NA,NA,NA,NA,NA,0.118,NA,27,NA,NA,@ GB,23,·,7.12,-1.4
17,10213,Tre Tucker,WR,24.6,LV,36.0,39,40,9.9,7.4,4.9,1,1,1,59,59,0,0.0,0,0,0,0,0,0,0.0,0,0,0,0,0.00,0.00,5,21,0,1,0,6,28,49,9.8,8.2,2,0,1,49,0,NA,0,0,100.0%,NA,NA,NA,1,NA,2,8,0.250,2.0,34,20.0%,1.44,0,NA,NA,NA,NA,NA,0.029,NA,49,NA,NA,vs NYG,5,·,11.38,-1.5
17,1479,Keenan Allen,WR,33.4,LAC,89.0,86,80,2.7,2.2,1.7,1,1,0,63,36,0,0.0,0,0,0,0,0,0,0.0,0,0,0,0,0.00,0.00,1,13,1,1,0,3,4,17,17.0,5.7,0,0,0,17,0,NA,0,0,57.0%,NA,NA,NA,0,NA,1,3,0.333,1.0,29,9.4%,0.59,0,NA,NA,NA,NA,NA,0.034,NA,17,NA,NA,vs HOU,31,·,8.53,-5.8
17,7049,Jauan Jennings,WR,28.2,SF,26.0,23,19,12.2,11.2,10.2,1,1,1,72,65,0,0.0,0,0,0,0,0,0,0.0,0,0,0,0,0.00,0.00,2,25,0,0,1,4,17,42,21.0,10.5,0,0,0,42,0,NA,0,0,90.0%,NA,NA,NA,0,NA,1,4,0.250,1.0,36,12.1%,1.17,0,NA,NA,NA,NA,NA,0.000,NA,42,NA,NA,vs CHI,3,·,12.42,-0.2
17,5022,Dallas Goedert,TE,30.7,PHI,15.0,14,15,9.8,8.3,6.8,1,1,1,54,43,0,0.0,0,0,0,0,0,0,0.0,0,0,0,0,0.00,0.00,3,2,1,0,1,6,6,8,2.7,1.3,0,0,0,8,0,NA,0,0,80.0%,NA,NA,NA,0,NA,1,6,0.167,1.0,23,22.2%,0.35,0,NA,NA,NA,NA,NA,0.000,NA,8,NA,NA,@ BUF,31,·,10.47,-0.7
17,8132,Tyler Allgeier,RB,25.4,ATL,60.0,57,52,2.3,2.3,2.3,1,1,0,53,19,0,0.0,0,0,0,0,0,0,0.0,23,0,0,0,0.00,0.00,0,0,0,0,0,0,0,0,0.0,0.0,10,0,1,23,0,18,23,2.3,36.0%,6,1.80,0.600,1,0.780,1,10,0.100,1.0,NA,0.0%,NA,0,NA,NA,NA,NA,NA,NA,NA,23,NA,NA,vs LAR,28,·,6.24,-3.9
17,8136,Rachaad White,RB,26.7,TB,49.0,52,58,3.7,2.7,1.7,1,1,0,67,32,0,0.0,0,0,0,0,0,0,0.0,10,0,0,0,0.00,0.00,2,-9,0,0,0,2,16,7,3.5,3.5,2,0,0,17,0,7,10,5,48.0%,1,3.70,0.500,0,0.870,0,4,0.000,0.0,NA,4.5%,NA,0,NA,NA,NA,NA,NA,NA,NA,17,NA,NA,@ MIA,11,·,5.13,-1.4
17,2449,Stefon Diggs,WR,31.8,NE,7.0,6,6,22.1,19.1,16.1,1,1,1,66,34,0,0.0,0,0,0,0,0,0,0.0,0,0,0,0,0.00,0.00,6,61,0,4,1,6,40,101,16.8,16.8,0,0,0,101,0,NA,0,0,52.0%,NA,NA,NA,0,NA,5,6,0.833,5.0,19,24.0%,5.32,0,NA,NA,NA,NA,NA,0.211,NA,101,NA,NA,@ NYJ,18,·,12.94,9.2
17,11576,Braelon Allen,RB,21.7,NYJ,999.0,999,999,0,0,0,1,0,0,0,0,0,0.0,0,0,0,0,0,0,0.0,0,0,0,0,0.00,0.00,0,0,0,0,0,0,0,0,0.0,0.0,0,0,0,0,0,NA,0,0,0.0%,NA,NA,NA,0,NA,0,0,NA,NA,NA,NA,NA,0,NA,NA,NA,NA,NA,NA,NA,0,NA,NA,vs NE,30,IR,IR,IR
17,9508,Tyjae Spears,RB,24.3,TEN,67.0,69,79,1.1,0.6,0.1,1,1,0,74,39,0,0.0,0,0,0,0,0,0,0.0,2,0,0,0,0.00,0.00,1,-5,1,0,0,2,4,-1,-1.0,-0.5,6,0,0,1,0,12,2,0.33,53.0%,3,2.00,0.500,0,0.700,0,8,0.000,0.0,NA,5.0%,NA,0,NA,NA,NA,NA,NA,NA,NA,1,NA,NA,vs NO,16,·,8.54,-7.4
17,9494,Marvin Mims,WR,23.5,DEN,77.0,82,93,4,2.5,1,1,1,1,72,34,0,0.0,0,0,0,0,0,0,0.0,0,0,0,0,0.00,0.00,3,-11,0,1,0,4,21,10,3.3,2.5,0,0,0,10,0,NA,0,0,47.0%,NA,NA,NA,0,NA,1,4,0.250,1.0,27,10.5%,0.37,0,NA,NA,NA,NA,NA,0.037,NA,10,NA,NA,@ KC,20,·,6.84,-2.8
17,9757,Kendre Miller,RB,23.3,NO,999.0,999,999,0,0,0,1,0,0,0,0,0,0.0,0,0,0,0,0,0,0.0,0,0,0,0,0.00,0.00,0,0,0,0,0,0,0,0,0.0,0.0,0,0,0,0,0,NA,0,0,0.0%,NA,NA,NA,0,NA,0,0,NA,NA,NA,NA,NA,0,NA,NA,NA,NA,NA,NA,NA,0,NA,NA,@ TEN,14,IR,IR,IR
17,12509,Tre Harris,WR,23.6,LAC,92.0,90,86,2.5,2,1.5,1,1,1,63,29,0,0.0,0,0,0,0,0,0,0.0,7,0,0,0,0.00,0.00,1,-1,0,1,0,1,9,8,8.0,8.0,1,0,0,15,0,NA,7,7,46.0%,NA,NA,NA,0,NA,1,2,0.500,1.0,18,3.1%,0.44,0,NA,NA,NA,NA,NA,0.056,NA,15,NA,NA,vs HOU,31,·,4.57,-2.1
17,12521,Elijah Arroyo,TE,22.5,SEA,999.0,999,999,0,0,0,1,0,0,0,0,0,0.0,0,0,0,0,0,0,0.0,0,0,0,0,0.00,0.00,0,0,0,0,0,0,0,0,0.0,0.0,0,0,0,0,0,NA,0,0,0.0%,NA,NA,NA,0,NA,0,0,NA,NA,NA,NA,NA,0,NA,NA,NA,NA,NA,NA,NA,0,NA,NA,@ CAR,15,IR,IR,IR
17,12469,Dylan Sampson,RB,21.0,CLE,41.0,42,49,5.7,4.2,2.7,1,1,0,52,18,0,0.0,0,0,0,0,0,0,0.0,27,0,0,0,0.00,0.00,3,-13,0,0,0,3,13,0,0.0,0.0,11,0,0,27,0,17,27,2.45,35.0%,4,1.50,0.364,0,0.514,0,14,0.000,0.0,NA,13.0%,NA,0,NA,NA,NA,NA,NA,NA,NA,27,NA,NA,vs PIT,24,Q,10.84,-5.1
17,11562,Spencer Rattler,QB,25.0,NO,999.0,999,999,0,0,0,1,0,0,54,0,0,0.0,0,0,0,0,0,0,0.0,0,0,0,0,0.00,0.00,0,0,0,0,0,0,0,0,0.0,0.0,0,0,0,0,0,NA,0,0,0.0%,NA,NA,NA,0,NA,0,0,NA,NA,NA,NA,NA,0,NA,NA,NA,NA,NA,NA,NA,0,NA,NA,@ TEN,8,·,·,·
17,11586,Blake Corum,RB,24.8,LAR,64.0,61,57,1.8,1.8,1.8,1,1,0,65,16,0,0.0,0,0,0,0,0,0,0.0,18,0,0,0,0.00,0.00,0,0,0,0,0,0,0,0,0.0,0.0,6,0,0,18,0,10,18,3,25.0%,2,1.70,0.333,0,0.503,0,6,0.000,0.0,NA,0.0%,NA,0,NA,NA,NA,NA,NA,NA,NA,18,NA,NA,@ ATL,17,·,9.28,-7.5
17,11618,Jalen McMillan,WR,23.8,TB,10.0,12,13,18.4,14.9,11.4,1,1,0,67,35,0,0.0,0,0,0,0,0,0,0.0,0,0,0,0,0.00,0.00,7,70,0,4,0,9,44,114,16.3,12.7,0,0,0,114,0,NA,0,0,52.0%,NA,NA,NA,0,NA,4,9,0.444,4.0,28,20.5%,4.07,0,NA,NA,NA,NA,NA,0.143,NA,114,NA,NA,@ MIA,23,·,5.52,12.9
17,7611,Rhamondre Stevenson,RB,27.6,NE,5.0,6,7,27.2,24.7,22.2,1,1,1,66,32,0,0.0,0,0,0,0,0,0,0.0,47,0,0,0,0.00,0.00,5,30,0,2,1,5,25,55,11.0,11.0,8,0,2,102,1,40,47,5.88,48.0%,2,5.00,0.250,3,0.750,6,13,0.462,6.0,NA,20.0%,NA,0,NA,NA,NA,NA,NA,NA,NA,102,NA,NA,@ NYJ,4,·,8.39,18.8
17,12510,Jalen Milroe,QB,22.8,SEA,0.0,0,0,0,0,0,0,0,0,0,0,0,0.0,0,0,0,0,0,0,0.0,0,0,0,0,0.00,0.00,0,0,0,0,0,0,0,0,0.0,0.0,0,0,0,0,0,NA,0,0,0.0%,NA,NA,NA,0,NA,0,0,NA,NA,NA,NA,NA,0,NA,NA,NA,NA,NA,NA,NA,0,NA,NA,@ CAR,25,·,·,·
17,8205,Isiah Pacheco,RB,26.6,KC,52.0,48,45,3.2,3.2,3.2,1,1,1,43,15,0,0.0,0,0,0,0,0,0,0.0,32,0,0,0,0.00,0.00,0,0,0,0,0,0,0,0,0.0,0.0,9,0,1,32,0,28,32,3.56,35.0%,2,3.10,0.222,1,0.532,1,9,0.111,1.0,NA,0.0%,NA,0,NA,NA,NA,NA,NA,NA,NA,32,NA,NA,vs DEN,32,·,8.58,-5.4
17,10444,Cedric Tillman,WR,25.4,CLE,63.0,56,43,5.2,4.7,4.2,1,1,1,52,30,0,0.0,0,0,0,0,0,0,0.0,0,0,0,0,0.00,0.00,1,28,0,1,0,1,14,42,42.0,42.0,0,0,0,42,0,NA,0,0,58.0%,NA,NA,NA,0,NA,1,1,1.000,1.0,15,4.3%,2.80,0,NA,NA,NA,NA,NA,0.067,NA,42,NA,NA,vs PIT,6,·,3.06,2.1
17,11646,Jalen Coker,WR,23.9,CAR,80.0,80,82,3.6,2.6,1.6,1,1,0,53,38,0,0.0,0,0,0,0,0,0,0.0,0,0,0,0,0.00,0.00,2,2,0,1,0,2,14,16,8.0,8.0,0,0,0,16,0,NA,0,0,72.0%,NA,NA,NA,0,NA,1,2,0.500,1.0,26,8.3%,0.62,0,NA,NA,NA,NA,NA,0.038,NA,16,NA,NA,vs SEA,14,·,10.21,-6.6
17,12536,Jaylin Noel,WR,23.1,HOU,18.0,15,12,14.6,13.1,11.6,1,1,0,65,16,0,0.0,0,0,0,0,0,0,0.0,2,0,0,0,0.00,0.00,3,47,0,0,1,4,7,54,18.0,13.5,1,0,0,56,0,NA,2,2,25.0%,NA,NA,NA,0,NA,1,5,0.200,1.0,8,14.3%,6.75,0,NA,NA,NA,NA,NA,0.000,NA,56,NA,NA,@ LAC,30,·,2.31,12.3
17,12541,Dont'e Thornton,WR,22.8,LV,85.0,87,90,3.2,2.2,1.2,1,1,1,59,46,0,0.0,0,0,0,0,0,0,0.0,0,0,0,0,0.00,0.00,2,9,0,1,0,4,3,12,6.0,3.0,0,0,0,12,0,NA,0,0,78.0%,NA,NA,NA,0,NA,1,4,0.250,1.0,24,13.3%,0.50,0,NA,NA,NA,NA,NA,0.042,NA,12,NA,NA,vs NYG,5,·,2.82,0.4
17,3214,Hunter Henry,TE,30.8,NE,7.0,7,7,13.9,12.4,10.9,1,1,1,66,43,0,0.0,0,0,0,0,0,0,0.0,0,0,0,0,0.00,0.00,3,20,0,2,1,3,29,49,16.3,16.3,0,0,0,49,0,NA,0,0,65.0%,NA,NA,NA,0,NA,3,3,1.000,3.0,21,12.0%,2.33,0,NA,NA,NA,NA,NA,0.095,NA,49,NA,NA,@ NYJ,13,·,9.68,4.2
17,12534,Kyle Monangai,RB,23.3,CHI,31.0,34,35,7.7,6.2,4.7,1,1,0,66,27,0,0.0,0,0,0,0,0,0,0.0,38,0,0,0,0.00,0.00,3,-6,1,1,0,4,15,9,3.0,2.3,8,0,2,47,0,16,38,4.75,41.0%,2,2.00,0.250,2,0.450,3,12,0.250,3.0,NA,9.5%,NA,0,NA,NA,NA,NA,NA,NA,NA,47,NA,NA,@ SF,29,·,9.5,-1.8
17,12486,Dillon Gabriel,QB,24.8,CLE,0.0,0,0,0,0,0,0,0,0,0,0,0,0.0,0,0,0,0,0,0,0.0,0,0,0,0,0.00,0.00,0,0,0,0,0,0,0,0,0.0,0.0,0,0,0,0,0,NA,0,0,0.0%,NA,NA,NA,0,NA,0,0,NA,NA,NA,NA,NA,0,NA,NA,NA,NA,NA,NA,NA,0,NA,NA,vs PIT,6,·,·,·
17,7090,Darnell Mooney,WR,27.9,ATL,60.0,59,55,5.5,4.5,3.5,1,1,1,53,37,0,0.0,0,0,0,0,0,0,0.0,0,0,0,0,0.00,0.00,2,29,0,2,0,3,6,35,17.5,11.7,0,0,0,35,0,NA,0,0,70.0%,NA,NA,NA,0,NA,2,3,0.667,2.0,19,15.0%,1.84,0,NA,NA,NA,NA,NA,0.105,NA,35,NA,NA,vs LAR,8,·,8.36,-2.9
17,5012,Mark Andrews,TE,30.1,BAL,25.0,26,28,6.8,4.8,2.8,1,1,1,76,31,0,0.0,0,0,0,0,0,0,0.0,0,0,0,0,0.00,0.00,4,21,0,1,0,4,7,28,7.0,7.0,0,0,0,28,0,NA,0,0,41.0%,NA,NA,NA,0,NA,1,4,0.250,1.0,16,20.0%,1.75,0,NA,NA,NA,NA,NA,0.063,NA,28,NA,NA,@ GB,23,·,9.42,-2.6
17,12483,Jack Bech,WR,22.8,LV,0.0,0,0,0,0,0,0,0,0,0,0,0,0.0,0,0,0,0,0,0,0.0,0,0,0,0,0.00,0.00,0,0,0,0,0,0,0,0,0.0,0.0,0,0,0,0,0,NA,0,0,0.0%,NA,NA,NA,0,NA,0,0,NA,NA,NA,NA,NA,0,NA,NA,NA,NA,NA,NA,NA,0,NA,NA,vs NYG,5,·,9.55,-9.6
17,7571,Rashod Bateman,WR,25.8,BAL,102.0,101,102,1.7,1.2,0.7,1,1,1,76,40,0,0.0,0,0,0,0,0,0,0.0,0,0,0,0,0.00,0.00,1,4,0,0,0,1,3,7,7.0,7.0,0,0,0,7,0,NA,0,0,53.0%,NA,NA,NA,0,NA,0,1,0.000,0.0,16,5.0%,0.44,0,NA,NA,NA,NA,NA,0.000,NA,7,NA,NA,@ GB,15,·,6.53,-4.8
17,11655,Tyrone Tracy,RB,25.8,NYG,35.0,33,31,6.7,6.2,5.7,1,1,1,64,42,0,0.0,0,0,0,0,0,0,0.0,62,0,0,0,0.00,0.00,1,-5,0,0,0,2,0,-5,-5.0,-2.5,14,1,2,57,0,60,62,4.43,66.0%,4,4.30,0.286,2,0.716,2,16,0.125,2.0,NA,6.7%,NA,0,NA,NA,NA,NA,NA,NA,NA,57,NA,NA,@ LV,9,·,12,-5.3
17,7002,Juwan Johnson,TE,29.0,NO,8.0,10,9,13.5,11.5,9.5,1,1,1,54,39,0,0.0,0,0,0,0,0,0,0.0,0,0,0,0,0.00,0.00,4,58,0,3,0,4,37,95,23.8,23.8,0,0,0,95,0,NA,0,0,72.0%,NA,NA,NA,0,NA,3,4,0.750,3.0,23,14.8%,4.13,0,NA,NA,NA,NA,NA,0.130,NA,95,NA,NA,@ TEN,16,·,11.17,2.3
17,12457,Jaydon Blue,RB,21.7,DAL,0.0,0,0,0,0,0,0,0,0,0,0,0,0.0,0,0,0,0,0,0,0.0,0,0,0,0,0.00,0.00,0,0,0,0,0,0,0,0,0.0,0.0,0,0,0,0,0,NA,0,0,0.0%,NA,NA,NA,0,NA,0,0,NA,NA,NA,NA,NA,0,NA,NA,NA,NA,NA,NA,NA,0,NA,NA,@ WAS,6,·,·,·
17,1466,Travis Kelce,TE,36.0,KC,19.0,21,22,8.6,6.1,3.6,1,1,1,43,42,0,0.0,0,0,0,0,0,0,0.0,0,0,0,0,0.00,0.00,5,19,0,2,0,6,17,36,7.2,6.0,0,0,0,36,0,NA,0,0,98.0%,NA,NA,NA,0,NA,2,6,0.333,2.0,23,27.3%,1.57,0,NA,NA,NA,NA,NA,0.087,NA,36,NA,NA,vs DEN,12,·,8.7,-0.1
17,4199,Aaron Jones,RB,30.8,MIN,16.0,16,15,15.3,13.8,12.3,1,1,1,54,35,0,0.0,0,0,0,0,0,0,0.0,53,0,0,0,0.00,0.00,3,-1,0,0,0,4,11,10,3.3,2.5,18,0,2,63,1,47,53,2.94,65.0%,3,2.60,0.167,3,0.427,3,22,0.136,3.0,NA,25.0%,NA,0,NA,NA,NA,NA,NA,NA,NA,63,NA,NA,vs DET,22,·,13.5,1.8
17,8167,Christian Watson,WR,26.4,GB,5.0,5,4,22.3,19.8,17.3,1,1,1,47,29,0,0.0,0,0,0,0,0,0,0.0,0,0,0,0,0.00,0.00,5,89,1,4,1,6,24,113,22.6,18.8,0,0,0,113,0,NA,0,0,62.0%,NA,NA,NA,0,NA,5,6,0.833,5.0,19,24.0%,5.95,0,NA,NA,NA,NA,NA,0.211,NA,113,NA,NA,vs BAL,9,·,10.27,12.0
17,4981,Calvin Ridley,WR,30.8,TEN,999.0,999,999,0,0,0,1,0,0,0,0,0,0.0,0,0,0,0,0,0,0.0,0,0,0,0,0.00,0.00,0,0,0,0,0,0,0,0,0.0,0.0,0,0,0,0,0,NA,0,0,0.0%,NA,NA,NA,0,NA,0,0,NA,NA,NA,NA,NA,0,NA,NA,NA,NA,NA,NA,NA,0,NA,NA,vs NO,26,IR,IR,IR
17,11597,Theo Johnson,TE,24.6,NYG,0.0,0,0,0,0,0,0,0,0,0,0,0,0.0,0,0,0,0,0,0,0.0,0,0,0,0,0.00,0.00,0,0,0,0,0,0,0,0,0.0,0.0,0,0,0,0,0,NA,0,0,0.0%,NA,NA,NA,0,NA,0,0,NA,NA,NA,NA,NA,0,NA,NA,NA,NA,NA,NA,NA,0,NA,NA,@ LV,29,·,9.3,-9.3
17,12487,Terrance Ferguson,TE,22.6,LAR,9.0,8,5,13.4,12.4,11.4,1,1,1,65,32,0,0.0,0,0,0,0,0,0,0.0,0,0,0,0,0.00,0.00,2,54,0,1,1,4,0,54,27.0,13.5,0,0,0,54,0,NA,0,0,49.0%,NA,NA,NA,0,NA,2,4,0.500,2.0,19,10.5%,2.84,0,NA,NA,NA,NA,NA,0.053,NA,54,NA,NA,@ ATL,30,·,4.62,8.8
17,12493,Oronde Gadsden,TE,22.3,LAC,11.0,11,10,12.2,10.7,9.2,1,1,0,63,46,0,0.0,0,0,0,0,0,0,0.0,0,0,0,0,0.00,0.00,3,22,2,1,1,6,10,32,10.7,5.3,0,0,0,32,0,NA,0,0,73.0%,NA,NA,NA,0,NA,2,6,0.333,2.0,30,18.8%,1.07,0,NA,NA,NA,NA,NA,0.033,NA,32,NA,NA,vs HOU,22,·,9.24,3.0
17,12503,Isaiah Bond,WR,21.5,CLE,90.0,88,84,2.6,2.1,1.6,1,1,0,52,12,0,0.0,0,0,0,0,0,0,0.0,0,0,0,0,0.00,0.00,1,15,0,1,0,1,1,16,16.0,16.0,0,0,0,16,0,NA,0,0,23.0%,NA,NA,NA,0,NA,1,1,1.000,1.0,9,4.3%,1.78,0,NA,NA,NA,NA,NA,0.111,NA,16,NA,NA,vs PIT,6,·,4.74,-2.1
17,12471,DJ Giddens,RB,22.1,IND,999.0,999,999,0,0,0,1,1,0,57,1,0,0.0,0,0,0,0,0,0,0.0,0,0,0,0,0.00,0.00,0,0,0,0,0,0,0,0,0.0,0.0,0,0,0,0,0,NA,0,0,2.0%,NA,NA,NA,0,NA,0,0,NA,0.0,NA,NA,NA,0,NA,NA,NA,NA,NA,NA,NA,0,NA,NA,vs JAX,31,·,0.22,-0.2
17,12547,Kyle Williams,WR,22.9,NE,66.0,71,73,5,3.5,2,1,1,0,66,56,0,0.0,0,0,0,0,0,0,0.0,0,0,0,0,0.00,0.00,3,17,1,2,0,5,3,20,6.7,4.0,0,0,0,20,0,NA,0,0,85.0%,NA,NA,NA,0,NA,2,5,0.400,2.0,24,20.0%,0.83,0,NA,NA,NA,NA,NA,0.083,NA,20,NA,NA,@ NYJ,18,·,2.43,2.6
17,11600,Ja'Tavion Sanders,TE,22.5,CAR,999.0,999,999,0,0,0,1,1,1,53,1,0,0.0,0,0,0,0,0,0,0.0,0,0,0,0,0.00,0.00,0,0,0,0,0,0,0,0,0.0,0.0,0,0,0,0,0,NA,0,0,2.0%,NA,NA,NA,0,NA,0,0,NA,0.0,NA,NA,NA,0,NA,NA,NA,NA,NA,NA,NA,0,NA,NA,vs SEA,11,·,6.06,-6.1
17,5848,Marquise Brown,WR,28.3,KC,101.0,100,101,1.7,1.2,0.7,1,1,0,43,26,0,0.0,0,0,0,0,0,0,0.0,0,0,0,0,0.00,0.00,1,7,1,0,0,3,0,7,7.0,2.3,0,0,0,7,0,NA,0,0,60.0%,NA,NA,NA,0,NA,0,3,0.000,0.0,19,13.6%,0.37,0,NA,NA,NA,NA,NA,0.000,NA,7,NA,NA,vs DEN,25,·,5.77,-4.1
17,1373,Geno Smith,QB,35.0,LV,22.0,22,22,9.14,9.14,9.14,1,1,1,59,53,0,71.4,76,28,20,7,8,2,69.9,177,3,1,176,6.29,8.80,0,0,0,0,0,0,0,0,0.0,0.0,1,0,0,1,0,NA,1,1,90.0%,NA,NA,NA,0,NA,8,29,NA,NA,NA,NA,NA,8,28.6%,2.48,10.7%,45.2%,5.90,NA,31,177,+4.4%,-0.16,vs NYG,5,·,19.53,-10.4
17,8154,Brian Robinson,RB,26.5,SF,48.0,47,48,3.8,3.3,2.8,1,1,0,72,11,0,0.0,0,0,0,0,0,0,0.0,22,0,0,0,0.00,0.00,1,-6,0,1,0,1,12,6,6.0,6.0,4,0,1,28,0,12,22,5.5,15.0%,2,3.10,0.500,1,0.810,2,5,0.400,2.0,NA,3.0%,NA,0,NA,NA,NA,NA,NA,NA,NA,28,NA,NA,vs CHI,23,·,2.8,1.0
17,8188,Tyquan Thornton,WR,25.1,KC,999.0,999,999,0,0,0,1,0,0,0,0,0,0.0,0,0,0,0,0,0,0.0,0,0,0,0,0.00,0.00,0,0,0,0,0,0,0,0,0.0,0.0,0,0,0,0,0,NA,0,0,0.0%,NA,NA,NA,0,NA,0,0,NA,NA,NA,NA,NA,0,NA,NA,NA,NA,NA,NA,NA,0,NA,NA,vs DEN,25,IR,IR,IR
17,8111,Cade Otton,TE,26.4,TB,24.0,24,23,7.3,5.3,3.3,1,1,1,67,65,0,0.0,0,0,0,0,0,0,0.0,0,0,0,0,0.00,0.00,4,17,0,1,0,4,16,33,8.3,8.3,0,0,0,33,0,NA,0,0,97.0%,NA,NA,NA,0,NA,1,4,0.250,1.0,43,9.1%,0.77,0,NA,NA,NA,NA,NA,0.023,NA,33,NA,NA,@ MIA,2,·,7.97,-0.7
17,12455,Brashard Smith,RB,22.5,KC,22.0,25,28,9.5,8,6.5,1,1,0,43,6,0,0.0,0,0,0,0,0,0,0.0,0,0,0,0,0.00,0.00,3,-6,0,0,1,4,11,5,1.7,1.3,0,0,0,5,0,0,0,0,14.0%,1,0.00,NA,0,NA,1,4,0.250,1.0,NA,18.2%,NA,0,NA,NA,NA,NA,NA,NA,NA,5,NA,NA,vs DEN,32,·,2.35,7.2
17,9502,Tank Dell,WR,25.9,HOU,999.0,999,999,0,0,0,1,0,0,0,0,0,0.0,0,0,0,0,0,0,0.0,0,0,0,0,0.00,0.00,0,0,0,0,0,0,0,0,0.0,0.0,0,0,0,0,0,NA,0,0,0.0%,NA,NA,NA,0,NA,0,0,NA,NA,NA,NA,NA,0,NA,NA,NA,NA,NA,NA,NA,0,NA,NA,@ LAC,30,PUP,PUP,PUP
17,7527,Mac Jones,QB,27.1,SF,999.0,999,999,0,0,0,1,0,0,72,0,0,0.0,0,0,0,0,0,0,0.0,0,0,0,0,0.00,0.00,0,0,0,0,0,0,0,0,0.0,0.0,0,0,0,0,0,NA,0,0,0.0%,NA,NA,NA,0,NA,0,0,NA,NA,NA,NA,NA,0,NA,NA,NA,NA,NA,NA,NA,0,NA,NA,vs CHI,10,·,·,·
17,8142,Alec Pierce,WR,25.4,IND,999.0,999,999,0,0,0,1,1,1,57,52,0,0.0,0,0,0,0,0,0,0.0,0,0,0,0,0.00,0.00,0,0,0,0,0,5,0,0,0.0,0.0,0,0,0,0,0,NA,0,0,91.0%,NA,NA,NA,0,NA,0,5,0.000,0.0,30,16.1%,0.00,0,NA,NA,NA,NA,NA,0.000,NA,0,NA,NA,vs JAX,13,·,10.99,-11.0
17,11625,Adonai Mitchell,WR,23.0,NYJ,62.0,68,71,5.2,3.7,2.2,1,1,1,61,50,0,0.0,0,0,0,0,0,0,0.0,0,0,0,0,0.00,0.00,3,21,0,0,0,9,1,22,7.3,2.4,0,0,0,22,0,NA,0,0,81.0%,NA,NA,NA,0,NA,0,9,0.000,0.0,29,26.5%,0.76,0,NA,NA,NA,NA,NA,0.000,NA,22,NA,NA,vs NE,17,·,9.83,-4.6
17,9486,Dontayvion Wicks,WR,24.3,GB,103.0,102,103,1.7,1.2,0.7,1,1,0,47,3,0,0.0,0,0,0,0,0,0,0.0,0,0,0,0,0.00,0.00,1,6,0,0,0,1,1,7,7.0,7.0,0,0,0,7,0,NA,0,0,6.0%,NA,NA,NA,0,NA,0,1,0.000,0.0,2,4.0%,3.50,0,NA,NA,NA,NA,NA,0.000,NA,7,NA,NA,vs BAL,9,·,3.48,-1.8
17,12492,Pat Bryant,WR,22.8,DEN,0.0,0,0,0,0,0,0,0,0,0,0,0,0.0,0,0,0,0,0,0,0.0,0,0,0,0,0.00,0.00,0,0,0,0,0,0,0,0,0.0,0.0,0,0,0,0,0,NA,0,0,0.0%,NA,NA,NA,0,NA,0,0,NA,NA,NA,NA,NA,0,NA,NA,NA,NA,NA,NA,NA,0,NA,NA,@ KC,20,OUT,OUT,OUT
17,4066,Evan Engram,TE,31.1,DEN,27.0,29,33,6.1,4.1,2.1,1,1,0,72,22,0,0.0,0,0,0,0,0,0,0.0,0,0,0,0,0.00,0.00,4,7,0,0,0,4,14,21,5.3,5.3,0,0,0,21,0,NA,0,0,31.0%,NA,NA,NA,0,NA,0,4,0.000,0.0,16,10.5%,1.31,0,NA,NA,NA,NA,NA,0.000,NA,21,NA,NA,@ KC,27,·,7.07,-1.0
17,11603,AJ Barner,TE,23.4,SEA,10.0,9,8,13.3,11.8,10.3,1,1,1,66,52,0,0.0,0,0,0,0,0,0,0.0,0,0,0,0,0.00,0.00,3,10,0,2,1,3,33,43,14.3,14.3,0,0,0,43,0,NA,0,0,79.0%,NA,NA,NA,0,NA,3,3,1.000,3.0,22,11.1%,1.95,0,NA,NA,NA,NA,NA,0.091,NA,43,NA,NA,@ CAR,15,·,9.97,3.3
17,7567,Kenneth Gainwell,RB,26.5,PIT,34.0,38,42,6.8,5.3,3.8,1,1,0,66,45,0,0.0,0,0,0,0,0,0,0.0,26,0,0,0,0.00,0.00,3,-7,1,2,0,4,19,12,4.0,3.0,7,0,1,38,0,33,26,3.71,68.0%,0,4.70,0.000,1,0.470,3,11,0.273,3.0,NA,10.3%,NA,0,NA,NA,NA,NA,NA,NA,NA,38,NA,NA,@ CLE,15,·,11.85,-5.1
17,96,Aaron Rodgers,QB,41.8,PIT,28.0,28,28,7.32,7.32,7.32,1,1,1,66,66,1,53.9,80,39,21,9,18,0,64.9,174,2,0,168,4.31,8.00,0,0,0,0,0,0,0,0,0.0,0.0,1,0,0,6,0,NA,6,6,100.0%,NA,NA,NA,0,NA,9,40,NA,NA,NA,NA,NA,9,23.1%,2.39,7.7%,28.6%,7.00,NA,42,174,-9.1%,-0.39,@ CLE,29,·,18.22,-10.9
17,11626,Xavier Legette,WR,24.7,CAR,115.0,116,116,1.3,0.8,0.3,1,1,0,53,29,0,0.0,0,0,0,0,0,0,0.0,0,0,0,0,0.00,0.00,1,3,0,1,0,1,0,3,3.0,3.0,0,0,0,3,0,NA,0,0,55.0%,NA,NA,NA,0,NA,1,1,1.000,1.0,20,4.2%,0.15,0,NA,NA,NA,NA,NA,0.050,NA,3,NA,NA,vs SEA,14,·,5.77,-4.5
17,4039,Cooper Kupp,WR,32.3,SEA,105.0,105,106,1.6,1.1,0.6,1,1,1,66,58,0,0.0,0,0,0,0,0,0,0.0,0,0,0,0,0.00,0.00,1,6,2,1,0,3,0,6,6.0,2.0,0,0,0,6,0,NA,0,0,88.0%,NA,NA,NA,0,NA,1,3,0.333,1.0,26,11.1%,0.23,0,NA,NA,NA,NA,NA,0.038,NA,6,NA,NA,@ CAR,21,·,9.05,-7.5
17,11610,Malik Washington,WR,24.7,MIA,107.0,107,108,1.5,1,0.5,1,1,1,55,35,0,0.0,0,0,0,0,0,0,0.0,1,0,0,0,0.00,0.00,1,4,0,0,0,3,0,4,4.0,1.3,1,0,0,5,0,NA,1,1,64.0%,NA,NA,NA,0,NA,0,4,0.000,0.0,18,13.6%,0.22,0,NA,NA,NA,NA,NA,0.000,NA,5,NA,NA,vs TB,16,·,7.33,-5.8
17,11583,Jonathon Brooks,RB,22.2,CAR,999.0,999,999,0,0,0,1,0,0,0,0,0,0.0,0,0,0,0,0,0,0.0,0,0,0,0,0.00,0.00,0,0,0,0,0,0,0,0,0.0,0.0,0,0,0,0,0,NA,0,0,0.0%,NA,NA,NA,0,NA,0,0,NA,NA,NA,NA,NA,0,NA,NA,NA,NA,NA,NA,NA,0,NA,NA,vs SEA,18,PUP,PUP,PUP
17,8210,Chigoziem Okonkwo,TE,26.0,TEN,6.0,6,4,14.5,13,11.5,1,1,0,74,38,0,0.0,0,0,0,0,0,0,0.0,0,0,0,0,0.00,0.00,3,9,0,0,1,7,46,55,18.3,7.9,0,0,0,55,0,NA,0,0,51.0%,NA,NA,NA,0,NA,1,7,0.143,1.0,30,17.5%,1.83,0,NA,NA,NA,NA,NA,0.000,NA,55,NA,NA,vs NO,21,·,5.58,8.9
17,12524,Shedeur Sanders,QB,23.6,CLE,20.0,20,20,11.44,11.44,11.44,1,1,1,52,52,0,73.9,137,23,17,8,6,2,75.6,206,2,1,186,8.09,10.94,0,0,0,0,0,0,0,0,0.0,0.0,4,0,0,20,0,NA,20,5,100.0%,NA,NA,NA,0,NA,9,27,NA,NA,NA,NA,NA,9,39.1%,2.94,8.7%,64.3%,7.80,NA,28,206,+13.5%,-0.24,vs PIT,6,·,18.32,-6.9
17,8125,Calvin Austin III,WR,26.5,PIT,0.0,0,0,0,0,0,0,0,0,0,0,0,0.0,0,0,0,0,0,0,0.0,0,0,0,0,0.00,0.00,0,0,0,0,0,0,0,0,0.0,0.0,0,0,0,0,0,NA,0,0,0.0%,NA,NA,NA,0,NA,0,0,NA,NA,NA,NA,NA,0,NA,NA,NA,NA,NA,NA,NA,0,NA,NA,@ CLE,27,Q,5.49,-5.5
17,1339,Zach Ertz,TE,34.9,WAS,999.0,999,999,0,0,0,1,0,0,0,0,0,0.0,0,0,0,0,0,0,0.0,0,0,0,0,0.00,0.00,0,0,0,0,0,0,0,0,0.0,0.0,0,0,0,0,0,NA,0,0,0.0%,NA,NA,NA,0,NA,0,0,NA,NA,NA,NA,NA,0,NA,NA,NA,NA,NA,NA,NA,0,NA,NA,vs DAL,18,IR,IR,IR
17,11575,Ray Davis,RB,25.9,BUF,58.0,58,59,2.6,2.1,1.6,1,1,0,76,10,0,0.0,0,0,0,0,0,0,0.0,4,0,0,0,0.00,0.00,1,0,0,1,0,1,12,12,12.0,12.0,1,0,1,16,0,2,4,4,13.0%,0,2.10,0.000,1,0.210,2,2,1.000,2.0,NA,2.9%,NA,0,NA,NA,NA,NA,NA,NA,NA,16,NA,NA,vs PHI,10,·,1.81,0.8
17,9501,Demario Douglas,WR,24.8,NE,97.0,96,94,2,1.5,1,1,1,0,66,9,0,0.0,0,0,0,0,0,0,0.0,0,0,0,0,0.00,0.00,1,-3,0,0,0,2,13,10,10.0,5.0,0,0,0,10,0,NA,0,0,14.0%,NA,NA,NA,0,NA,0,2,0.000,0.0,4,8.0%,2.50,0,NA,NA,NA,NA,NA,0.000,NA,10,NA,NA,@ NYJ,18,Q,3.22,-1.2
17,7600,Pat Freiermuth,TE,26.9,PIT,16.0,17,17,9.3,7.8,6.3,1,1,1,66,46,0,0.0,0,0,0,0,0,0,0.0,0,0,0,0,0.00,0.00,3,42,0,3,0,5,21,63,21.0,12.6,0,0,0,63,0,NA,0,0,70.0%,NA,NA,NA,0,NA,3,5,0.600,3.0,29,12.8%,2.17,0,NA,NA,NA,NA,NA,0.103,NA,63,NA,NA,@ CLE,20,·,5.83,3.5
17,9482,Michael Mayer,TE,24.2,LV,4.0,5,12,17.9,13.4,8.9,1,1,1,59,55,0,0.0,0,0,0,0,0,0,0.0,0,0,0,0,0.00,0.00,9,28,0,4,0,10,61,89,9.9,8.9,0,0,0,89,0,NA,0,0,93.0%,NA,NA,NA,0,NA,4,10,0.400,4.0,31,33.3%,2.87,0,NA,NA,NA,NA,NA,0.129,NA,89,NA,NA,vs NYG,28,·,8.14,9.8
17,6826,Cole Kmet,TE,26.6,CHI,36.0,36,40,3.6,2.6,1.6,1,1,1,66,40,0,0.0,0,0,0,0,0,0,0.0,0,0,0,0,0.00,0.00,2,5,0,1,0,3,11,16,8.0,5.3,0,0,0,16,0,NA,0,0,61.0%,NA,NA,NA,0,NA,1,3,0.333,1.0,23,7.1%,0.70,0,NA,NA,NA,NA,NA,0.043,NA,16,NA,NA,@ SF,5,·,4.22,-0.6
17,12531,Trevor Etienne,RB,21.2,CAR,999.0,999,999,0,0,0,1,1,0,53,3,0,0.0,0,0,0,0,0,0,0.0,0,0,0,0,0.00,0.00,0,0,0,0,0,0,0,0,0.0,0.0,0,0,0,0,0,NA,0,0,6.0%,NA,NA,NA,0,NA,0,0,NA,0.0,NA,NA,NA,0,NA,NA,NA,NA,NA,NA,NA,0,NA,NA,vs SEA,18,·,0.59,-0.6
17,9229,Anthony Richardson,QB,23.4,IND,999.0,999,999,0,0,0,1,0,0,0,0,0,0.0,0,0,0,0,0,0,0.0,0,0,0,0,0.00,0.00,0,0,0,0,0,0,0,0,0.0,0.0,0,0,0,0,0,NA,0,0,0.0%,NA,NA,NA,0,NA,0,0,NA,NA,NA,NA,NA,0,NA,NA,NA,NA,NA,NA,NA,0,NA,NA,vs JAX,12,IR,IR,IR
17,11650,Luke McCaffrey,WR,24.5,WAS,999.0,999,999,0,0,0,1,0,0,0,0,0,0.0,0,0,0,0,0,0,0.0,0,0,0,0,0.00,0.00,0,0,0,0,0,0,0,0,0.0,0.0,0,0,0,0,0,NA,0,0,0.0%,NA,NA,NA,0,NA,0,0,NA,NA,NA,NA,NA,0,NA,NA,NA,NA,NA,NA,NA,0,NA,NA,vs DAL,1,IR,IR,IR
17,9487,Parker Washington,WR,23.5,JAX,9.0,11,16,19,15,11,1,1,1,69,56,0,0.0,0,0,0,0,0,0,0.0,-5,0,0,0,0.00,0.00,8,78,1,4,0,10,37,115,14.4,11.5,1,0,0,110,0,NA,-5,-5,81.0%,NA,NA,NA,0,NA,4,11,0.364,4.0,41,27.0%,2.80,0,NA,NA,NA,NA,NA,0.098,NA,110,NA,NA,@ IND,4,·,9.57,9.4
17,12505,Jalen Royals,WR,22.6,KC,999.0,999,999,0,0,0,1,1,1,43,5,0,0.0,0,0,0,0,0,0,0.0,0,0,0,0,0.00,0.00,0,0,0,0,0,0,0,0,0.0,0.0,0,0,0,0,0,NA,0,0,12.0%,NA,NA,NA,0,NA,0,0,NA,0.0,NA,NA,NA,0,NA,NA,NA,NA,NA,NA,NA,0,NA,NA,vs DEN,25,·,0.45,-0.5
17,4018,Joe Mixon,RB,29.2,HOU,999.0,999,999,0,0,0,1,0,0,0,0,0,0.0,0,0,0,0,0,0,0.0,0,0,0,0,0.00,0.00,0,0,0,0,0,0,0,0,0.0,0.0,0,0,0,0,0,NA,0,0,0.0%,NA,NA,NA,0,NA,0,0,NA,NA,NA,NA,NA,0,NA,NA,NA,NA,NA,NA,NA,0,NA,NA,@ LAC,25,PUP,PUP,PUP
17,12641,Jaylin Lane,WR,23.4,WAS,999.0,999,999,0,0,0,1,0,0,0,0,0,0.0,0,0,0,0,0,0,0.0,0,0,0,0,0.00,0.00,0,0,0,0,0,0,0,0,0.0,0.0,0,0,0,0,0,NA,0,0,0.0%,NA,NA,NA,0,NA,0,0,NA,NA,NA,NA,NA,0,NA,NA,NA,NA,NA,NA,NA,0,NA,NA,vs DAL,1,IR,IR,IR
17,9511,Keaton Mitchell,RB,23.7,BAL,40.0,41,41,5.8,4.8,3.8,1,1,0,76,14,0,0.0,0,0,0,0,0,0,0.0,31,0,0,0,0.00,0.00,2,-7,0,0,0,2,14,7,3.5,3.5,9,0,3,38,0,40,31,3.44,18.0%,1,4.40,0.111,3,0.551,3,11,0.273,3.0,NA,10.0%,NA,0,NA,NA,NA,NA,NA,NA,NA,38,NA,NA,@ GB,27,·,4.46,1.3
17,4950,Christian Kirk,WR,28.9,HOU,96.0,104,119,2.1,1.1,0.1,1,1,1,65,29,0,0.0,0,0,0,0,0,0,0.0,0,0,0,0,0.00,0.00,2,-1,0,1,0,5,2,1,0.5,0.2,0,0,0,1,0,NA,0,0,45.0%,NA,NA,NA,0,NA,1,5,0.200,1.0,16,17.9%,0.06,0,NA,NA,NA,NA,NA,0.063,NA,1,NA,NA,@ LAC,30,·,4.77,-2.7
17,4137,James Conner,RB,30.4,ARI,999.0,999,999,0,0,0,1,0,0,0,0,0,0.0,0,0,0,0,0,0,0.0,0,0,0,0,0.00,0.00,0,0,0,0,0,0,0,0,0.0,0.0,0,0,0,0,0,NA,0,0,0.0%,NA,NA,NA,0,NA,0,0,NA,NA,NA,NA,NA,0,NA,NA,NA,NA,NA,NA,NA,0,NA,NA,@ CIN,1,IR,IR,IR
17,4988,Nick Chubb,RB,29.8,HOU,79.0,79,77,0.1,0.1,0.1,1,1,0,65,5,0,0.0,0,0,0,0,0,0,0.0,1,0,0,0,0.00,0.00,0,0,0,0,0,0,0,0,0.0,0.0,1,0,0,1,0,NA,1,1,8.0%,NA,NA,NA,0,NA,0,1,0.000,0.0,NA,NA,NA,0,NA,NA,NA,NA,NA,NA,NA,1,NA,NA,@ LAC,25,·,2.96,-2.9
17,9506,Sean Tucker,RB,23.9,TB,69.0,68,65,0.8,0.8,0.8,1,1,0,67,4,0,0.0,0,0,0,0,0,0,0.0,8,0,0,0,0.00,0.00,0,0,0,0,0,1,0,0,0.0,0.0,2,0,1,8,0,NA,8,4,6.0%,NA,NA,NA,1,NA,1,3,0.333,1.0,NA,NA,NA,0,NA,NA,NA,NA,NA,NA,NA,8,NA,NA,@ MIA,11,·,4.07,-3.3
17,4144,Jonnu Smith,TE,30.1,PIT,22.0,25,30,7.7,5.2,2.7,1,1,0,66,27,0,0.0,0,0,0,0,0,0,0.0,9,0,0,0,0.00,0.00,5,8,0,1,0,5,10,18,3.6,3.6,2,0,0,27,0,NA,9,4.5,41.0%,NA,NA,NA,0,NA,1,7,0.143,1.0,11,12.8%,1.64,0,NA,NA,NA,NA,NA,0.091,NA,27,NA,NA,@ CLE,20,·,4.5,3.2
17,7607,Michael Carter,RB,26.4,ARI,38.0,39,37,6.3,5.3,4.3,1,1,1,57,25,0,0.0,0,0,0,0,0,0,0.0,29,0,0,0,0.00,0.00,2,5,0,0,0,4,9,14,7.0,3.5,7,0,2,43,0,16,29,4.14,44.0%,1,2.30,0.143,2,0.373,2,11,0.182,2.0,NA,10.8%,NA,0,NA,NA,NA,NA,NA,NA,NA,43,NA,NA,@ CIN,1,·,9.62,-3.3
17,11647,Kimani Vidal,RB,24.1,LAC,0.0,0,0,0,0,0,0,0,0,0,0,0,0.0,0,0,0,0,0,0,0.0,0,0,0,0,0.00,0.00,0,0,0,0,0,0,0,0,0.0,0.0,0,0,0,0,0,NA,0,0,0.0%,NA,NA,NA,0,NA,0,0,NA,NA,NA,NA,NA,0,NA,NA,NA,NA,NA,NA,NA,0,NA,NA,vs HOU,21,Q,5.48,-5.5
17,5001,Dalton Schultz,TE,29.2,HOU,31.0,33,34,4.9,3.4,1.9,1,1,1,65,51,1,0.0,0,0,0,0,0,0,0.0,0,0,0,0,0.00,0.00,3,-1,0,0,0,4,20,19,6.3,4.8,0,0,0,19,0,NA,0,0,78.0%,NA,NA,NA,0,NA,0,4,0.000,0.0,24,14.3%,0.79,0,NA,NA,NA,NA,NA,0.000,NA,19,NA,NA,@ LAC,26,·,8.55,-3.7
17,11571,Isaiah Davis,RB,23.6,NYJ,54.0,54,55,3,2.5,2,1,1,0,61,8,0,0.0,0,0,0,0,0,0,0.0,11,0,0,0,0.00,0.00,1,-5,0,0,0,1,14,9,9.0,9.0,3,0,0,20,0,9,11,3.67,13.0%,0,2.90,0.000,0,0.290,0,4,0.000,0.0,NA,2.9%,NA,0,NA,NA,NA,NA,NA,NA,NA,20,NA,NA,vs NE,30,·,5.56,-2.6
17,12476,Devin Neal,RB,22.1,NO,999.0,999,999,0,0,0,1,0,0,0,0,0,0.0,0,0,0,0,0,0,0.0,0,0,0,0,0.00,0.00,0,0,0,0,0,0,0,0,0.0,0.0,0,0,0,0,0,NA,0,0,0.0%,NA,NA,NA,0,NA,0,0,NA,NA,NA,NA,NA,0,NA,NA,NA,NA,NA,NA,NA,0,NA,NA,@ TEN,14,IR,IR,IR
17,11643,Jaylen Wright,RB,22.5,MIA,42.0,36,33,5.6,5.6,5.6,1,1,0,55,8,0,0.0,0,0,0,0,0,0,0.0,56,0,0,0,0.00,0.00,0,0,0,0,0,0,0,0,0.0,0.0,5,0,1,56,0,28,56,11.2,15.0%,2,5.60,0.400,1,0.960,1,5,0.200,1.0,NA,0.0%,NA,0,NA,NA,NA,NA,NA,NA,NA,56,NA,NA,vs TB,12,·,3.87,1.7
17,11596,Ben Sinnott,TE,23.3,WAS,28.0,27,27,5.9,4.4,2.9,1,1,0,44,27,0,0.0,0,0,0,0,0,0,0.0,0,0,0,0,0.00,0.00,3,17,0,2,0,4,12,29,9.7,7.3,0,0,0,29,0,NA,0,0,61.0%,NA,NA,NA,0,NA,2,4,0.500,2.0,17,17.4%,1.71,0,NA,NA,NA,NA,NA,0.118,NA,29,NA,NA,vs DAL,18,·,4.44,1.5
17,12545,Tyler Shough,QB,26.0,NO,9.0,9,9,21.92,21.92,21.92,1,1,1,54,53,1,81.5,165,27,22,9,5,0,142.7,339,2,2,333,12.33,15.14,0,0,0,0,0,0,0,0,0.0,0.0,4,0,0,6,0,NA,6,1.5,98.0%,NA,NA,NA,0,NA,11,31,NA,NA,NA,NA,NA,11,40.7%,2.66,14.8%,46.9%,9.60,NA,32,339,+14.7%,+0.20,@ TEN,8,·,20.99,0.9
17,9225,Tank Bigsby,RB,24.1,PHI,63.0,63,63,1.9,1.4,0.9,1,1,0,54,5,0,0.0,0,0,0,0,0,0,0.0,7,0,0,0,0.00,0.00,1,-1,0,0,0,1,3,2,2.0,2.0,2,0,0,9,0,8,7,3.5,9.0%,2,3.80,1.000,0,1.380,0,3,0.000,0.0,NA,3.7%,NA,0,NA,NA,NA,NA,NA,NA,NA,9,NA,NA,@ BUF,5,·,2.78,-0.9
17,11577,Will Shipley,RB,23.1,PHI,76.0,76,74,0.2,0.2,0.2,1,1,0,54,5,0,0.0,0,0,0,0,0,0,0.0,2,0,0,0,0.00,0.00,0,0,0,0,0,0,0,0,0.0,0.0,2,0,0,2,0,NA,2,1,9.0%,NA,NA,NA,0,NA,0,2,0.000,0.0,NA,NA,NA,0,NA,NA,NA,NA,NA,NA,NA,2,NA,NA,@ BUF,5,·,1.64,-1.4
17,4454,Kendrick Bourne,WR,30.2,SF,82.0,77,67,3.5,3,2.5,1,1,0,72,19,0,0.0,0,0,0,0,0,0,0.0,0,0,0,0,0.00,0.00,1,20,0,1,0,1,5,25,25.0,25.0,0,0,0,25,0,NA,0,0,26.0%,NA,NA,NA,0,NA,1,1,1.000,1.0,8,3.0%,3.13,0,NA,NA,NA,NA,NA,0.125,NA,25,NA,NA,vs CHI,3,·,1.34,2.2
17,12485,Tez Johnson,WR,23.4,TB,79.0,79,76,3.9,2.9,1.9,1,1,0,67,11,0,0.0,0,0,0,0,0,0,0.0,0,0,0,0,0.00,0.00,2,14,0,1,0,2,5,19,9.5,9.5,0,0,0,19,0,NA,0,0,16.0%,NA,NA,NA,0,NA,1,2,0.500,1.0,5,4.5%,3.80,0,NA,NA,NA,NA,NA,0.200,NA,19,NA,NA,@ MIA,23,·,0.92,3.0
17,7670,Joshua Palmer,WR,26.0,BUF,94.0,94,91,2.2,1.7,1.2,1,1,0,76,38,0,0.0,0,0,0,0,0,0,0.0,0,0,0,0,0.00,0.00,1,11,0,1,0,2,1,12,12.0,6.0,0,0,0,12,0,NA,0,0,50.0%,NA,NA,NA,0,NA,1,2,0.500,1.0,23,5.7%,0.52,0,NA,NA,NA,NA,NA,0.043,NA,12,NA,NA,vs PHI,28,·,3.86,-1.7
17,7587,Dyami Brown,WR,25.9,JAX,999.0,999,999,0,0,0,1,0,0,69,0,0,0.0,0,0,0,0,0,0,0.0,0,0,0,0,0.00,0.00,0,0,0,0,0,0,0,0,0.0,0.0,0,0,0,0,0,NA,0,0,0.0%,NA,NA,NA,0,NA,0,0,NA,NA,NA,NA,NA,0,NA,NA,NA,NA,NA,NA,NA,0,NA,NA,@ IND,4,·,0.54,-0.5
17,11581,MarShawn Lloyd,RB,24.7,GB,999.0,999,999,0,0,0,1,0,0,0,0,0,0.0,0,0,0,0,0,0,0.0,0,0,0,0,0.00,0.00,0,0,0,0,0,0,0,0,0.0,0.0,0,0,0,0,0,NA,0,0,0.0%,NA,NA,NA,0,NA,0,0,NA,NA,NA,NA,NA,0,NA,NA,NA,NA,NA,NA,NA,0,NA,NA,vs BAL,13,IR,IR,IR
17,10219,Chris Rodriguez,RB,25.0,WAS,0.0,0,0,0,0,0,0,0,0,0,0,0,0.0,0,0,0,0,0,0,0.0,0,0,0,0,0.00,0.00,0,0,0,0,0,0,0,0,0.0,0.0,0,0,0,0,0,NA,0,0,0.0%,NA,NA,NA,0,NA,0,0,NA,NA,NA,NA,NA,0,NA,NA,NA,NA,NA,NA,NA,0,NA,NA,vs DAL,7,Q,12.38,-12.4
17,12543,Tahj Brooks,RB,23.4,CIN,55.0,56,56,2.9,2.4,1.9,1,1,0,77,11,0,0.0,0,0,0,0,0,0,0.0,10,0,0,0,0.00,0.00,1,-2,0,0,0,1,11,9,9.0,9.0,3,0,1,19,0,8,10,3.33,14.0%,0,2.60,0.000,1,0.260,1,4,0.250,1.0,NA,2.8%,NA,0,NA,NA,NA,NA,NA,NA,NA,19,NA,NA,vs ARI,2,·,0.72,2.2
17,11569,Jarquez Hunter,RB,22.8,LAR,0.0,0,0,0,0,0,0,0,0,0,0,0,0.0,0,0,0,0,0,0,0.0,0,0,0,0,0.00,0.00,0,0,0,0,0,0,0,0,0.0,0.0,0,0,0,0,0,NA,0,0,0.0%,NA,NA,NA,0,NA,0,0,NA,NA,NA,NA,NA,0,NA,NA,NA,NA,NA,NA,NA,0,NA,NA,@ ATL,17,·,0.02,0.0
17,10232,Michael Wilson,WR,25.6,ARI,8.0,7,7,19.9,17.4,14.9,1,1,1,57,49,0,0.0,0,0,0,0,0,0,0.0,0,0,0,0,0.00,0.00,5,32,0,3,1,10,57,89,17.8,8.9,0,0,0,89,0,NA,0,0,86.0%,NA,NA,NA,0,NA,4,10,0.400,4.0,35,27.0%,2.54,0,NA,NA,NA,NA,NA,0.086,NA,89,NA,NA,@ CIN,29,·,13.11,6.8
17,5995,Justice Hill,RB,27.9,BAL,999.0,999,999,0,0,0,1,0,0,0,0,0,0.0,0,0,0,0,0,0,0.0,0,0,0,0,0.00,0.00,0,0,0,0,0,0,0,0,0.0,0.0,0,0,0,0,0,NA,0,0,0.0%,NA,NA,NA,0,NA,0,0,NA,NA,NA,NA,NA,0,NA,NA,NA,NA,NA,NA,NA,0,NA,NA,@ GB,27,IR,IR,IR
17,8180,Jalen Nailor,WR,26.6,MIN,999.0,999,999,0,0,0,1,1,0,54,23,0,0.0,0,0,0,0,0,0,0.0,0,0,0,0,0.00,0.00,0,0,0,0,0,1,0,0,0.0,0.0,0,0,0,0,0,NA,0,0,43.0%,NA,NA,NA,0,NA,0,1,0.000,0.0,17,6.3%,0.00,0,NA,NA,NA,NA,NA,0.000,NA,0,NA,NA,vs DET,2,·,6.55,-6.6
17,8698,Jake Tonges,TE,26.2,SF,3.0,3,3,19,15.5,12,1,1,1,72,50,0,0.0,0,0,0,0,0,0,0.0,0,0,0,0,0.00,0.00,7,46,0,5,1,9,14,60,8.6,6.7,0,0,0,60,0,NA,0,0,69.0%,NA,NA,NA,0,NA,6,9,0.667,6.0,31,27.3%,1.94,0,NA,NA,NA,NA,NA,0.161,NA,60,NA,NA,vs CHI,17,·,5.1,13.9
17,8123,Hassan Haskins,RB,25.8,LAC,999.0,999,999,0,0,0,1,1,0,63,1,0,0.0,0,0,0,0,0,0,0.0,0,0,0,0,0.00,0.00,0,0,0,0,0,0,0,0,0.0,0.0,0,0,0,0,0,NA,0,0,2.0%,NA,NA,NA,0,NA,0,0,NA,0.0,NA,NA,NA,0,NA,NA,NA,NA,NA,NA,NA,0,NA,NA,vs HOU,21,·,0.44,-0.4
17,4098,Kareem Hunt,RB,30.1,KC,47.0,44,40,3.8,3.8,3.8,1,1,0,43,24,0,0.0,0,0,0,0,0,0,0.0,38,0,0,0,0.00,0.00,0,0,0,0,0,0,0,0,0.0,0.0,7,0,4,38,0,36,38,5.43,56.0%,2,5.10,0.286,4,0.796,4,7,0.571,4.0,NA,0.0%,NA,0,NA,NA,NA,NA,NA,NA,NA,38,NA,NA,vs DEN,32,·,5.4,-1.6
17,11630,Roman Wilson,WR,24.3,PIT,999.0,999,999,0,0,0,1,1,0,66,9,0,0.0,0,0,0,0,0,0,0.0,0,0,0,0,0.00,0.00,0,0,0,0,0,0,0,0,0.0,0.0,0,0,0,0,0,NA,0,0,14.0%,NA,NA,NA,0,NA,0,0,NA,0.0,1,0.0%,0.00,0,NA,NA,NA,NA,NA,0.000,NA,0,NA,NA,@ CLE,27,·,0.06,-0.1
17,12540,Chimere Dike,WR,23.8,TEN,35.0,34,36,10.2,8.2,6.2,1,1,1,74,58,0,0.0,0,0,0,0,0,0,0.0,7,0,0,0,0.00,0.00,4,48,0,2,0,5,7,55,13.8,11.0,1,0,0,62,0,NA,7,7,78.0%,NA,NA,NA,0,NA,2,6,0.333,2.0,36,12.5%,1.53,0,NA,NA,NA,NA,NA,0.056,NA,62,NA,NA,vs NO,26,·,8.96,1.2
17,8117,Jalen Tolbert,WR,26.6,DAL,50.0,51,60,7.1,5.1,3.1,1,1,1,92,57,0,0.0,0,0,0,0,0,0,0.0,0,0,0,0,0.00,0.00,4,20,0,3,0,8,11,31,7.8,3.9,0,0,0,31,0,NA,0,0,62.0%,NA,NA,NA,0,NA,3,8,0.375,3.0,28,21.6%,1.11,0,NA,NA,NA,NA,NA,0.107,NA,31,NA,NA,@ WAS,7,·,·,·
17,12523,Jimmy Horn,WR,23.0,CAR,87.0,92,97,2.9,1.9,0.9,1,1,0,53,14,0,0.0,0,0,0,0,0,0,0.0,0,0,0,0,0.00,0.00,2,-8,0,0,0,2,17,9,4.5,4.5,0,0,0,9,0,NA,0,0,26.0%,NA,NA,NA,0,NA,0,2,0.000,0.0,7,8.3%,1.29,0,NA,NA,NA,NA,NA,0.000,NA,9,NA,NA,vs SEA,14,·,1.81,1.1
17,12670,KeAndre Lambert-Smith,WR,24.0,LAC,999.0,999,999,0,0,0,1,1,0,63,7,0,0.0,0,0,0,0,0,0,0.0,0,0,0,0,0.00,0.00,0,0,0,0,0,1,0,0,0.0,0.0,0,0,0,0,0,NA,0,0,11.0%,NA,NA,NA,0,NA,0,1,0.000,0.0,NA,NA,NA,0,NA,NA,NA,NA,NA,NA,NA,0,NA,NA,vs HOU,31,·,0.79,-0.8
17,12502,Gunnar Helm,TE,23.1,TEN,59.0,59,59,1.1,0.6,0.1,1,1,1,74,43,0,0.0,0,0,0,0,0,0,0.0,0,0,0,0,0.00,0.00,1,-3,0,0,0,2,4,1,1.0,0.5,0,0,0,1,0,NA,0,0,58.0%,NA,NA,NA,0,NA,0,2,0.000,0.0,22,5.0%,0.05,0,NA,NA,NA,NA,NA,0.000,NA,1,NA,NA,vs NO,21,Q,6.78,-5.7
17,11651,Isaac Guerendo,RB,25.2,SF,0.0,0,0,0,0,0,0,0,0,0,0,0,0.0,0,0,0,0,0,0,0.0,0,0,0,0,0.00,0.00,0,0,0,0,0,0,0,0,0.0,0.0,0,0,0,0,0,NA,0,0,0.0%,NA,NA,NA,0,NA,0,0,NA,NA,NA,NA,NA,0,NA,NA,NA,NA,NA,NA,NA,0,NA,NA,vs CHI,23,·,0.34,-0.3
17,3321,Tyreek Hill,WR,31.6,MIA,999.0,999,999,0,0,0,1,0,0,0,0,0,0.0,0,0,0,0,0,0,0.0,0,0,0,0,0.00,0.00,0,0,0,0,0,0,0,0,0.0,0.0,0,0,0,0,0,NA,0,0,0.0%,NA,NA,NA,0,NA,0,0,NA,NA,NA,NA,NA,0,NA,NA,NA,NA,NA,NA,NA,0,NA,NA,vs TB,16,IR,IR,IR
17,11557,Joe Milton,QB,25.6,DAL,999.0,999,999,0,0,0,1,0,0,92,0,0,0.0,0,0,0,0,0,0,0.0,0,0,0,0,0.00,0.00,0,0,0,0,0,0,0,0,0.0,0.0,0,0,0,0,0,NA,0,0,0.0%,NA,NA,NA,0,NA,0,0,NA,NA,NA,NA,NA,0,NA,NA,NA,NA,NA,NA,NA,0,NA,NA,@ WAS,3,·,·,·
17,7828,Noah Gray,TE,26.4,KC,57.0,57,57,1.2,0.7,0.2,1,1,0,43,21,0,0.0,0,0,0,0,0,0,0.0,0,0,0,0,0.00,0.00,1,0,0,0,0,1,2,2,2.0,2.0,0,0,0,2,0,NA,0,0,49.0%,NA,NA,NA,0,NA,0,1,0.000,0.0,11,4.5%,0.18,0,NA,NA,NA,NA,NA,0.000,NA,2,NA,NA,vs DEN,12,·,4.01,-2.8
17,6149,Darius Slayton,WR,28.7,NYG,58.0,58,52,5.6,4.6,3.6,1,1,1,64,56,0,0.0,0,0,0,0,0,0,0.0,0,0,0,0,0.00,0.00,2,31,0,2,0,3,5,36,18.0,12.0,0,0,0,36,0,NA,0,0,88.0%,NA,NA,NA,0,NA,2,3,0.667,2.0,35,10.0%,1.03,0,NA,NA,NA,NA,NA,0.057,NA,36,NA,NA,@ LV,10,·,7.86,-2.3
17,10218,Xavier Hutchinson,WR,25.3,HOU,69.0,64,65,4.9,3.9,2.9,1,1,1,65,31,0,0.0,0,0,0,0,0,0,0.0,8,0,0,0,0.00,0.00,2,5,0,1,0,3,16,21,10.5,7.0,1,0,1,29,0,NA,8,8,48.0%,NA,NA,NA,1,NA,2,4,0.500,2.0,15,10.7%,1.40,0,NA,NA,NA,NA,NA,0.067,NA,29,NA,NA,@ LAC,30,·,2.86,2.0
17,9481,Luke Musgrave,TE,25.1,GB,999.0,999,999,0,0,0,1,1,1,47,20,0,0.0,0,0,0,0,0,0,0.0,0,0,0,0,0.00,0.00,0,0,0,0,0,0,0,0,0.0,0.0,0,0,0,0,0,NA,0,0,43.0%,NA,NA,NA,0,NA,0,0,NA,0.0,NA,NA,NA,0,NA,NA,NA,NA,NA,NA,NA,0,NA,NA,vs BAL,25,·,4.66,-4.7
17,5857,Noah Fant,TE,27.8,CIN,999.0,999,999,0,0,0,1,1,0,77,17,0,0.0,0,0,0,0,0,0,0.0,0,0,0,0,0.00,0.00,0,0,0,0,0,1,0,0,0.0,0.0,0,0,0,0,0,NA,0,0,22.0%,NA,NA,NA,0,NA,0,1,0.000,0.0,5,2.8%,0.00,0,NA,NA,NA,NA,NA,0.000,NA,0,NA,NA,vs ARI,8,Q,4.28,-4.3
17,5906,Dawson Knox,TE,28.9,BUF,21.0,23,26,8,5.5,3,1,1,1,76,48,0,0.0,0,0,0,0,0,0,0.0,0,0,0,0,0.00,0.00,5,19,0,2,0,5,11,30,6.0,6.0,0,0,0,30,0,NA,0,0,63.0%,NA,NA,NA,0,NA,2,5,0.400,2.0,27,14.3%,1.11,0,NA,NA,NA,NA,NA,0.074,NA,30,NA,NA,vs PHI,32,Q,5.55,2.5
17,12482,Savion Williams,WR,23.8,GB,0.0,0,0,0,0,0,0,0,0,0,0,0,0.0,0,0,0,0,0,0,0.0,0,0,0,0,0.00,0.00,0,0,0,0,0,0,0,0,0.0,0.0,0,0,0,0,0,NA,0,0,0.0%,NA,NA,NA,0,NA,0,0,NA,NA,NA,NA,NA,0,NA,NA,NA,NA,NA,NA,NA,0,NA,NA,vs BAL,9,·,0.57,-0.6
17,7528,Najee Harris,RB,27.6,LAC,999.0,999,999,0,0,0,1,0,0,0,0,0,0.0,0,0,0,0,0,0,0.0,0,0,0,0,0.00,0.00,0,0,0,0,0,0,0,0,0.0,0.0,0,0,0,0,0,NA,0,0,0.0%,NA,NA,NA,0,NA,0,0,NA,NA,NA,NA,NA,0,NA,NA,NA,NA,NA,NA,NA,0,NA,NA,vs HOU,21,IR,IR,IR
17,12544,LeQuint Allen,RB,21.2,JAX,74.0,74,72,0.3,0.3,0.3,1,1,0,69,13,0,0.0,0,0,0,0,0,0,0.0,3,0,0,0,0.00,0.00,0,0,0,0,0,0,0,0,0.0,0.0,1,0,0,3,0,NA,3,3,19.0%,NA,NA,NA,0,NA,0,1,0.000,0.0,NA,NA,NA,0,NA,NA,NA,NA,NA,NA,NA,3,NA,NA,@ IND,20,·,4.46,-4.2
17,8143,Jerome Ford,RB,26.0,CLE,999.0,999,999,0,0,0,1,0,0,0,0,0,0.0,0,0,0,0,0,0,0.0,0,0,0,0,0.00,0.00,0,0,0,0,0,0,0,0,0.0,0.0,0,0,0,0,0,NA,0,0,0.0%,NA,NA,NA,0,NA,0,0,NA,NA,NA,NA,NA,0,NA,NA,NA,NA,NA,NA,NA,0,NA,NA,vs PIT,24,IR,IR,IR
17,12467,Jordan James,RB,21.5,SF,999.0,999,999,0,0,0,1,0,0,72,0,0,0.0,0,0,0,0,0,0,0.0,0,0,0,0,0.00,0.00,0,0,0,0,0,0,0,0,0.0,0.0,0,0,0,0,0,NA,0,0,0.0%,NA,NA,NA,0,NA,0,0,NA,0.0,NA,NA,NA,0,NA,NA,NA,NA,NA,NA,NA,0,NA,NA,vs CHI,23,·,0.1,-0.1
17,11623,Jordan Whittington,WR,25.0,LAR,999.0,999,999,0,0,0,1,1,0,65,13,0,0.0,0,0,0,0,0,0,0.0,0,0,0,0,0.00,0.00,0,0,0,0,0,0,0,0,0.0,0.0,0,0,0,0,0,NA,0,0,20.0%,NA,NA,NA,0,NA,0,0,NA,0.0,6,0.0%,0.00,0,NA,NA,NA,NA,NA,0.000,NA,0,NA,NA,@ ATL,12,·,1.28,-1.3
17,3161,Carson Wentz,QB,32.7,MIN,999.0,999,999,0,0,0,1,0,0,0,0,0,0.0,0,0,0,0,0,0,0.0,0,0,0,0,0.00,0.00,0,0,0,0,0,0,0,0,0.0,0.0,0,0,0,0,0,NA,0,0,0.0%,NA,NA,NA,0,NA,0,0,NA,NA,NA,NA,NA,0,NA,NA,NA,NA,NA,NA,NA,0,NA,NA,vs DET,7,IR,IR,IR
17,19,Joe Flacco,QB,40.7,CIN,33.0,33,33,1.16,1.16,1.16,1,1,0,77,13,0,60.0,9,5,3,1,2,0,72.1,26,0,0,24,4.80,8.00,0,0,0,0,0,0,0,0,0.0,0.0,4,0,1,2,0,NA,2,0.5,17.0%,NA,NA,NA,1,NA,2,9,NA,NA,NA,NA,NA,1,20.0%,2.18,0.0%,33.3%,3.60,NA,6,26,+14.7%,+0.06,vs ARI,18,·,·,·
17,7562,Tutu Atwell,WR,26.0,LAR,999.0,999,999,0,0,0,1,1,0,65,13,0,0.0,0,0,0,0,0,0,0.0,0,0,0,0,0.00,0.00,0,0,1,0,0,1,0,0,0.0,0.0,0,0,0,0,0,NA,0,0,20.0%,NA,NA,NA,0,NA,0,1,0.000,0.0,9,2.6%,0.00,0,NA,NA,NA,NA,NA,0.000,NA,0,NA,NA,@ ATL,12,·,1.21,-1.2
17,10235,Roschon Johnson,RB,24.6,CHI,999.0,999,999,0,0,0,1,0,0,0,0,0,0.0,0,0,0,0,0,0,0.0,0,0,0,0,0.00,0.00,0,0,0,0,0,0,0,0,0.0,0.0,0,0,0,0,0,NA,0,0,0.0%,NA,NA,NA,0,NA,0,0,NA,NA,NA,NA,NA,0,NA,NA,NA,NA,NA,NA,NA,0,NA,NA,@ SF,29,IR,IR,IR
17,10226,Andrei Iosivas,WR,26.0,CIN,44.0,44,45,8.1,6.1,4.1,1,1,1,77,54,0,0.0,0,0,0,0,0,0,0.0,0,0,0,0,0.00,0.00,4,32,0,4,0,6,9,41,10.3,6.8,0,0,0,41,0,NA,0,0,70.0%,NA,NA,NA,0,NA,4,6,0.667,4.0,33,16.7%,1.24,0,NA,NA,NA,NA,NA,0.121,NA,41,NA,NA,vs ARI,19,·,5.87,2.2
17,12511,Will Howard,QB,24.0,PIT,0.0,0,0,0,0,0,0,0,0,0,0,0,0.0,0,0,0,0,0,0,0.0,0,0,0,0,0.00,0.00,0,0,0,0,0,0,0,0,0.0,0.0,0,0,0,0,0,NA,0,0,0.0%,NA,NA,NA,0,NA,0,0,NA,NA,NA,NA,NA,0,NA,NA,NA,NA,NA,NA,NA,0,NA,NA,@ CLE,29,·,·,·
17,8917,KaVontae Turpin,WR,29.2,DAL,14.0,10,9,15.6,15.1,14.6,1,1,0,92,16,0,0.0,0,0,0,0,0,0,0.0,0,0,0,0,0.00,0.00,1,40,0,0,1,1,46,86,86.0,86.0,0,0,0,86,0,NA,0,0,17.0%,NA,NA,NA,0,NA,1,1,1.000,1.0,10,2.7%,8.60,0,NA,NA,NA,NA,NA,0.000,NA,86,NA,NA,@ WAS,7,·,4.2,11.4
17,11783,Ryan Flournoy,WR,25.9,DAL,0.0,0,0,0,0,0,0,0,0,0,0,0,0.0,0,0,0,0,0,0,0.0,0,0,0,0,0.00,0.00,0,0,0,0,0,0,0,0,0.0,0.0,0,0,0,0,0,NA,0,0,0.0%,NA,NA,NA,0,NA,0,0,NA,NA,NA,NA,NA,0,NA,NA,NA,NA,NA,NA,NA,0,NA,NA,@ WAS,7,Q,6.56,-6.6
17,11435,Emanuel Wilson,RB,26.4,GB,51.0,51,51,3.4,2.9,2.4,1,1,0,47,17,0,0.0,0,0,0,0,0,0,0.0,16,0,0,0,0.00,0.00,1,3,0,1,0,1,5,8,8.0,8.0,3,0,0,24,0,11,16,5.33,36.0%,0,3.60,0.000,0,0.360,1,4,0.250,1.0,NA,4.0%,NA,0,NA,NA,NA,NA,NA,NA,NA,24,NA,NA,vs BAL,13,·,5.98,-2.6
17,8119,Jahan Dotson,WR,25.5,PHI,999.0,999,999,0,0,0,1,1,1,54,26,0,0.0,0,0,0,0,0,0,0.0,0,0,0,0,0.00,0.00,0,0,0,0,0,1,0,0,0.0,0.0,0,0,0,0,0,NA,0,0,48.0%,NA,NA,NA,0,NA,0,1,0.000,0.0,18,3.7%,0.00,0,NA,NA,NA,NA,NA,0.000,NA,0,NA,NA,@ BUF,24,·,3.4,-3.4
17,7694,Tommy Tremble,TE,25.3,CAR,52.0,52,52,1.6,1.1,0.6,1,1,1,53,41,0,0.0,0,0,0,0,0,0,0.0,0,0,0,0,0.00,0.00,1,5,0,0,0,1,1,6,6.0,6.0,0,0,0,6,0,NA,0,0,77.0%,NA,NA,NA,0,NA,0,1,0.000,0.0,20,4.2%,0.30,0,NA,NA,NA,NA,NA,0.000,NA,6,NA,NA,vs SEA,11,·,2.87,-1.3
17,9497,Jalin Hyatt,WR,24.0,NYG,0.0,0,0,0,0,0,0,0,0,0,0,0,0.0,0,0,0,0,0,0,0.0,0,0,0,0,0.00,0.00,0,0,0,0,0,0,0,0,0.0,0.0,0,0,0,0,0,NA,0,0,0.0%,NA,NA,NA,0,NA,0,0,NA,NA,NA,NA,NA,0,NA,NA,NA,NA,NA,NA,NA,0,NA,NA,@ LV,10,·,0.44,-0.4
17,12500,Quinn Ewers,QB,22.4,MIA,16.0,18,18,15.78,15.28,14.78,1,1,1,55,55,1,63.6,63,22,14,4,8,0,118.0,177,2,2,172,7.82,12.29,1,-6,0,0,0,1,0,-6,-6.0,-6.0,4,0,1,-1,0,NA,5,1.25,100.0%,NA,NA,NA,1,NA,7,27,NA,NA,NA,NA,NA,6,27.3%,2.80,13.6%,33.3%,8.40,NA,24,171,-0.7%,+0.14,vs TB,2,·,17.71,-1.9
17,11629,Devontez Walker,WR,24.3,BAL,999.0,999,999,0,0,0,1,1,0,76,20,0,0.0,0,0,0,0,0,0,0.0,0,0,0,0,0.00,0.00,0,0,0,0,0,0,0,0,0.0,0.0,0,0,0,0,0,NA,0,0,26.0%,NA,NA,NA,0,NA,0,0,NA,0.0,4,0.0%,0.00,0,NA,NA,NA,NA,NA,0.000,NA,0,NA,NA,@ GB,15,·,1.79,-1.8
17,9479,Darnell Washington,TE,24.1,PIT,39.0,40,43,3.5,2.5,1.5,1,1,1,66,9,0,0.0,0,0,0,0,0,0,0.0,0,0,0,0,0.00,0.00,2,4,0,0,0,2,11,15,7.5,7.5,0,0,0,15,0,NA,0,0,14.0%,NA,NA,NA,0,NA,0,2,0.000,0.0,3,5.1%,5.00,0,NA,NA,NA,NA,NA,0.000,NA,15,NA,NA,@ CLE,20,·,6.81,-3.3
17,11199,Emari Demercado,RB,26.7,ARI,46.0,50,54,4,3,2,1,1,0,57,30,0,0.0,0,0,0,0,0,0,0.0,11,0,0,0,0.00,0.00,2,5,0,0,0,3,4,9,4.5,3.0,5,0,1,20,0,11,11,2.2,53.0%,0,2.10,0.000,1,0.210,1,8,0.125,1.0,NA,8.1%,NA,0,NA,NA,NA,NA,NA,NA,NA,20,NA,NA,@ CIN,1,·,8.08,-4.1
17,4040,JuJu Smith-Schuster,WR,28.8,KC,70.0,76,81,4.6,3.1,1.6,1,1,1,43,35,0,0.0,0,0,0,0,0,0,0.0,0,0,0,0,0.00,0.00,3,12,0,1,0,3,4,16,5.3,5.3,0,0,0,16,0,NA,0,0,81.0%,NA,NA,NA,0,NA,1,3,0.333,1.0,20,13.6%,0.80,0,NA,NA,NA,NA,NA,0.050,NA,16,NA,NA,vs DEN,25,·,5.83,-1.2
17,1426,DeAndre Hopkins,WR,33.3,BAL,999.0,999,999,0,0,0,1,1,0,76,19,0,0.0,0,0,0,0,0,0,0.0,0,0,0,0,0.00,0.00,0,0,0,0,0,1,0,0,0.0,0.0,0,0,0,0,0,NA,0,0,25.0%,NA,NA,NA,0,NA,0,1,0.000,0.0,8,5.0%,0.00,0,NA,NA,NA,NA,NA,0.000,NA,0,NA,NA,@ GB,15,·,4.01,-4.0
17,6111,Jake Browning,QB,29.5,CIN,0.0,0,0,0,0,0,0,0,0,0,0,0,0.0,0,0,0,0,0,0,0.0,0,0,0,0,0.00,0.00,0,0,0,0,0,0,0,0,0.0,0.0,0,0,0,0,0,NA,0,0,0.0%,NA,NA,NA,0,NA,0,0,NA,NA,NA,NA,NA,0,NA,NA,NA,NA,NA,NA,NA,0,NA,NA,vs ARI,18,·,·,·
17,12542,Efton Chism,WR,23.9,NE,28.0,25,21,12,11,10,1,1,0,66,41,0,0.0,0,0,0,0,0,0,0.0,0,0,0,0,0.00,0.00,2,16,0,1,1,2,24,40,20.0,20.0,0,0,0,40,0,NA,0,0,62.0%,NA,NA,NA,0,NA,2,2,1.000,2.0,NA,NA,NA,0,NA,NA,NA,NA,NA,NA,NA,40,NA,NA,@ NYJ,18,·,0.23,11.8
17,6271,Olamide Zaccheaus,WR,28.2,CHI,0.0,0,0,0,0,0,0,0,0,0,0,0,0.0,0,0,0,0,0,0,0.0,0,0,0,0,0.00,0.00,0,0,0,0,0,0,0,0,0.0,0.0,0,0,0,0,0,NA,0,0,0.0%,NA,NA,NA,0,NA,0,0,NA,NA,NA,NA,NA,0,NA,NA,NA,NA,NA,NA,NA,0,NA,NA,@ SF,22,·,7.94,-7.9
17,4219,Jeremy McNichols,RB,29.8,WAS,44.0,53,61,4,2.5,1,1,1,0,44,18,0,0.0,0,0,0,0,0,0,0.0,-2,0,0,0,0.00,0.00,3,-2,0,0,0,3,14,12,4.0,4.0,1,0,0,10,0,0,-2,-2,41.0%,1,0.30,1.000,0,1.030,0,4,0.000,0.0,NA,13.0%,NA,0,NA,NA,NA,NA,NA,NA,NA,10,NA,NA,vs DAL,7,·,5.59,-1.6
17,2307,Marcus Mariota,QB,31.9,WAS,0.0,0,0,0,0,0,0,0,0,0,0,0,0.0,0,0,0,0,0,0,0.0,0,0,0,0,0.00,0.00,0,0,0,0,0,0,0,0,0.0,0.0,0,0,0,0,0,NA,0,0,0.0%,NA,NA,NA,0,NA,0,0,NA,NA,NA,NA,NA,0,NA,NA,NA,NA,NA,NA,NA,0,NA,NA,vs DAL,1,OUT,OUT,OUT
17,12496,Tai Felton,WR,22.5,MIN,999.0,999,999,0,0,0,1,0,0,54,0,0,0.0,0,0,0,0,0,0,0.0,0,0,0,0,0.00,0.00,0,0,0,0,0,0,0,0,0.0,0.0,0,0,0,0,0,NA,0,0,0.0%,NA,NA,NA,0,NA,0,0,NA,0.0,NA,NA,NA,0,NA,NA,NA,NA,NA,NA,NA,0,NA,NA,vs DET,2,·,1.49,-1.5
17,7596,Elijah Moore,WR,25.5,BUF,999.0,999,999,0,0,0,1,0,0,0,0,0,0.0,0,0,0,0,0,0,0.0,0,0,0,0,0.00,0.00,0,0,0,0,0,0,0,0,0.0,0.0,0,0,0,0,0,NA,0,0,0.0%,NA,NA,NA,0,NA,0,0,NA,NA,NA,NA,NA,0,NA,NA,NA,NA,NA,NA,NA,0,NA,NA,vs PHI,28,·,·,·
17,11619,Ja'Lynn Polk,WR,23.5,NO,999.0,999,999,0,0,0,1,0,0,0,0,0,0.0,0,0,0,0,0,0,0.0,0,0,0,0,0.00,0.00,0,0,0,0,0,0,0,0,0.0,0.0,0,0,0,0,0,NA,0,0,0.0%,NA,NA,NA,0,NA,0,0,NA,NA,NA,NA,NA,0,NA,NA,NA,NA,NA,NA,NA,0,NA,NA,@ TEN,11,IR,IR,IR
17,9492,Trey Palmer,WR,24.5,NO,999.0,999,999,0,0,0,1,0,0,0,0,0,0.0,0,0,0,0,0,0,0.0,0,0,0,0,0.00,0.00,0,0,0,0,0,0,0,0,0.0,0.0,0,0,0,0,0,NA,0,0,0.0%,NA,NA,NA,0,NA,0,0,NA,NA,NA,NA,NA,0,NA,NA,NA,NA,NA,NA,NA,0,NA,NA,@ TEN,11,IR,IR,IR
17,8161,Malik Willis,QB,26.3,GB,3.0,3,3,31.52,31.52,31.52,1,1,1,47,39,1,85.7,211,21,18,10,3,0,134.6,348,1,1,288,13.71,16.00,0,0,0,0,0,0,0,0,0.0,0.0,9,0,2,60,2,NA,60,6.67,83.0%,NA,NA,NA,4,NA,15,30,NA,NA,NA,NA,NA,11,52.4%,2.98,33.3%,18.5%,11.50,NA,27,348,+10.8%,+0.74,vs BAL,14,Q,Q,Q
17,11640,Jermaine Burton,WR,24.2,CIN,0.0,0,0,0,0,0,0,0,0,0,0,0,0.0,0,0,0,0,0,0,0.0,0,0,0,0,0.00,0.00,0,0,0,0,0,0,0,0,0.0,0.0,0,0,0,0,0,NA,0,0,0.0%,NA,NA,NA,0,NA,0,0,NA,NA,NA,NA,NA,0,NA,NA,NA,NA,NA,NA,NA,0,NA,NA,vs ARI,19,·,·,·
17,3200,Sterling Shepard,WR,32.6,TB,0.0,0,0,0,0,0,0,0,0,0,0,0,0.0,0,0,0,0,0,0,0.0,0,0,0,0,0.00,0.00,0,0,0,0,0,0,0,0,0.0,0.0,0,0,0,0,0,NA,0,0,0.0%,NA,NA,NA,0,NA,0,0,NA,NA,NA,NA,NA,0,NA,NA,NA,NA,NA,NA,NA,0,NA,NA,@ MIA,23,·,0.06,-0.1
17,6039,Ty Johnson,RB,28.0,BUF,30.0,32,34,7.8,6.3,4.8,1,1,0,76,29,0,0.0,0,0,0,0,0,0,0.0,15,0,0,0,0.00,0.00,3,-6,0,1,0,4,39,33,11.0,8.3,5,0,0,48,0,11,15,3,38.0%,2,2.10,0.400,0,0.610,1,9,0.111,1.0,NA,11.4%,NA,0,NA,NA,NA,NA,NA,NA,NA,48,NA,NA,vs PHI,10,·,6.33,1.5
17,11821,Tahj Washington,WR,24.4,MIA,999.0,999,999,0,0,0,1,1,0,55,5,0,0.0,0,0,0,0,0,0,0.0,0,0,0,0,0.00,0.00,0,0,0,0,0,0,0,0,0.0,0.0,0,0,0,0,0,NA,0,0,9.0%,NA,NA,NA,0,NA,0,0,NA,0.0,5,0.0%,0.00,0,NA,NA,NA,NA,NA,0.000,NA,0,NA,NA,vs TB,16,·,0.27,-0.3
17,12462,Damien Martinez,RB,21.6,FA,0.0,0,0,0,0,0,0,0,0,0,0,0,0.0,0,0,0,0,0,0,0.0,0,0,0,0,0.00,0.00,0,0,0,0,0,0,0,0,0.0,0.0,0,0,0,0,0,NA,0,0,0.0%,NA,NA,NA,0,NA,0,0,NA,NA,NA,NA,NA,0,NA,NA,NA,NA,NA,NA,NA,0,NA,NA,NA,,·,·,·
17,2306,Jameis Winston,QB,31.7,NYG,999.0,999,999,0,0,0,1,0,0,64,0,0,0.0,0,0,0,0,0,0,0.0,0,0,0,0,0.00,0.00,0,0,0,0,0,0,0,0,0.0,0.0,0,0,0,0,0,NA,0,0,0.0%,NA,NA,NA,0,NA,0,0,NA,NA,NA,NA,NA,0,NA,NA,NA,NA,NA,NA,NA,0,NA,NA,@ LV,17,·,·,·
17,12520,Xavier Restrepo,WR,23.5,TEN,999.0,999,999,0,0,0,1,0,0,0,0,0,0.0,0,0,0,0,0,0,0.0,0,0,0,0,0.00,0.00,0,0,0,0,0,0,0,0,0.0,0.0,0,0,0,0,0,NA,0,0,0.0%,NA,NA,NA,0,NA,0,0,NA,NA,NA,NA,NA,0,NA,NA,NA,NA,NA,NA,NA,0,NA,NA,vs NO,26,·,·,·
17,11599,Cade Stover,TE,25.3,HOU,999.0,999,999,0,0,0,1,1,0,65,35,0,0.0,0,0,0,0,0,0,0.0,0,0,0,0,0.00,0.00,0,0,0,0,0,0,0,0,0.0,0.0,0,0,0,0,0,NA,0,0,54.0%,NA,NA,NA,0,NA,0,0,NA,0.0,NA,NA,NA,0,NA,NA,NA,NA,NA,NA,NA,0,NA,NA,@ LAC,26,·,1.86,-1.9
17,2505,Darren Waller,TE,33.0,MIA,60.0,60,999,1,0.5,0,1,1,0,55,21,0,0.0,0,0,0,0,0,0,0.0,0,0,0,0,0.00,0.00,1,1,0,0,0,3,-1,0,0.0,0.0,0,0,0,0,0,NA,0,0,38.0%,NA,NA,NA,0,NA,0,3,0.000,0.0,11,13.6%,0.00,0,NA,NA,NA,NA,NA,0.000,NA,0,NA,NA,vs TB,7,Q,9.64,-8.6
17,11616,Jacob Cowing,WR,24.6,SF,999.0,999,999,0,0,0,1,0,0,0,0,0,0.0,0,0,0,0,0,0,0.0,0,0,0,0,0.00,0.00,0,0,0,0,0,0,0,0,0.0,0.0,0,0,0,0,0,NA,0,0,0.0%,NA,NA,NA,0,NA,0,0,NA,NA,NA,NA,NA,0,NA,NA,NA,NA,NA,NA,NA,0,NA,NA,vs CHI,3,IR,IR,IR
17,4993,Mike Gesicki,TE,30.0,CIN,26.0,22,20,6.7,5.7,4.7,1,1,1,77,18,0,0.0,0,0,0,0,0,0,0.0,0,0,0,0,0.00,0.00,2,38,0,2,0,2,9,47,23.5,23.5,0,0,0,47,0,NA,0,0,23.0%,NA,NA,NA,0,NA,2,2,1.000,2.0,17,5.6%,2.76,0,NA,NA,NA,NA,NA,0.118,NA,47,NA,NA,vs ARI,8,·,6.43,0.3
17,12516,Kalel Mullings,RB,23.0,TEN,73.0,73,69,0.4,0.4,0.4,1,1,0,74,1,0,0.0,0,0,0,0,0,0,0.0,4,0,0,0,0.00,0.00,0,0,0,0,0,0,0,0,0.0,0.0,1,0,1,4,0,NA,4,4,1.0%,NA,NA,NA,1,NA,1,1,1.000,1.0,NA,NA,NA,0,NA,NA,NA,NA,NA,NA,NA,4,NA,NA,vs NO,16,·,·,·
17,8207,Tyler Goodson,RB,24.9,IND,0.0,0,0,0,0,0,0,0,0,0,0,0,0.0,0,0,0,0,0,0,0.0,0,0,0,0,0.00,0.00,0,0,0,0,0,0,0,0,0.0,0.0,0,0,0,0,0,NA,0,0,0.0%,NA,NA,NA,0,NA,0,0,NA,NA,NA,NA,NA,0,NA,NA,NA,NA,NA,NA,NA,0,NA,NA,vs JAX,31,Q,0.41,-0.4
17,8147,John Metchie,WR,25.2,NYJ,51.0,48,46,7.1,5.6,4.1,1,1,1,61,47,0,0.0,0,0,0,0,0,0,0.0,0,0,0,0,0.00,0.00,3,21,0,2,0,3,20,41,13.7,13.7,0,0,0,41,0,NA,0,0,76.0%,NA,NA,NA,0,NA,2,3,0.667,2.0,25,8.8%,1.64,0,NA,NA,NA,NA,NA,0.080,NA,41,NA,NA,vs NE,17,·,9.54,-2.4
17,12472,Raheim Sanders,RB,23.3,CLE,43.0,46,46,4.1,3.6,3.1,1,1,1,52,22,0,0.0,0,0,0,0,0,0,0.0,21,0,0,0,0.00,0.00,1,6,0,0,0,2,4,10,10.0,5.0,8,0,0,31,0,25,21,2.63,42.0%,4,3.10,0.500,0,0.810,0,10,0.000,0.0,NA,8.7%,NA,0,NA,NA,NA,NA,NA,NA,NA,31,NA,NA,vs PIT,24,·,5.03,-0.9
17,3271,Tyler Higbee,TE,32.7,LAR,999.0,999,999,0,0,0,1,0,0,0,0,0,0.0,0,0,0,0,0,0,0.0,0,0,0,0,0.00,0.00,0,0,0,0,0,0,0,0,0.0,0.0,0,0,0,0,0,NA,0,0,0.0%,NA,NA,NA,0,NA,0,0,NA,NA,NA,NA,NA,0,NA,NA,NA,NA,NA,NA,NA,0,NA,NA,@ ATL,30,IR,IR,IR
17,5970,Greg Dortch,WR,27.3,ARI,999.0,999,999,0,0,0,1,0,0,0,0,0,0.0,0,0,0,0,0,0,0.0,0,0,0,0,0.00,0.00,0,0,0,0,0,0,0,0,0.0,0.0,0,0,0,0,0,NA,0,0,0.0%,NA,NA,NA,0,NA,0,0,NA,NA,NA,NA,NA,0,NA,NA,NA,NA,NA,NA,NA,0,NA,NA,@ CIN,29,IR,IR,IR
17,5955,Hunter Renfrow,WR,29.8,CAR,0.0,0,0,0,0,0,0,0,0,0,0,0,0.0,0,0,0,0,0,0,0.0,0,0,0,0,0.00,0.00,0,0,0,0,0,0,0,0,0.0,0.0,0,0,0,0,0,NA,0,0,0.0%,NA,NA,NA,0,NA,0,0,NA,NA,NA,NA,NA,0,NA,NA,NA,NA,NA,NA,NA,0,NA,NA,vs SEA,14,·,0.15,-0.2
17,8129,Dameon Pierce,RB,25.6,HOU,0.0,0,0,0,0,0,0,0,0,0,0,0,0.0,0,0,0,0,0,0,0.0,0,0,0,0,0.00,0.00,0,0,0,0,0,0,0,0,0.0,0.0,0,0,0,0,0,NA,0,0,0.0%,NA,NA,NA,0,NA,0,0,NA,NA,NA,NA,NA,0,NA,NA,NA,NA,NA,NA,NA,0,NA,NA,@ LAC,25,·,·,·
17,11439,Jaleel McLaughlin,RB,25.0,DEN,45.0,43,38,4,4,4,1,1,0,72,16,0,0.0,0,0,0,0,0,0,0.0,40,0,0,0,0.00,0.00,0,0,0,0,0,0,0,0,0.0,0.0,7,0,1,40,0,23,40,5.71,22.0%,1,3.30,0.143,1,0.473,1,7,0.143,1.0,NA,0.0%,NA,0,NA,NA,NA,NA,NA,NA,NA,40,NA,NA,@ KC,26,·,5.12,-1.1
17,12634,Jordan Watkins,WR,23.6,SF,0.0,0,0,0,0,0,0,0,0,0,0,0,0.0,0,0,0,0,0,0,0.0,0,0,0,0,0.00,0.00,0,0,0,0,0,0,0,0,0.0,0.0,0,0,0,0,0,NA,0,0,0.0%,NA,NA,NA,0,NA,0,0,NA,NA,NA,NA,NA,0,NA,NA,NA,NA,NA,NA,NA,0,NA,NA,vs CHI,3,·,0.26,-0.3
17,10871,Luke Schoonmaker,TE,27.0,DAL,38.0,39,42,3.5,2.5,1.5,1,1,0,92,42,0,0.0,0,0,0,0,0,0,0.0,0,0,0,0,0.00,0.00,2,5,0,1,0,2,10,15,7.5,7.5,0,0,0,15,0,NA,0,0,46.0%,NA,NA,NA,0,NA,1,2,0.500,1.0,17,5.4%,0.88,0,NA,NA,NA,NA,NA,0.059,NA,15,NA,NA,@ WAS,4,·,1.31,2.2
17,11834,Devaughn Vele,WR,27.8,NO,999.0,999,999,0,0,0,1,0,0,0,0,0,0.0,0,0,0,0,0,0,0.0,0,0,0,0,0.00,0.00,0,0,0,0,0,0,0,0,0.0,0.0,0,0,0,0,0,NA,0,0,0.0%,NA,NA,NA,0,NA,0,0,NA,NA,NA,NA,NA,0,NA,NA,NA,NA,NA,NA,NA,0,NA,NA,@ TEN,11,IR,IR,IR
17,6151,Miles Sanders,RB,28.4,DAL,999.0,999,999,0,0,0,1,0,0,0,0,0,0.0,0,0,0,0,0,0,0.0,0,0,0,0,0.00,0.00,0,0,0,0,0,0,0,0,0.0,0.0,0,0,0,0,0,NA,0,0,0.0%,NA,NA,NA,0,NA,0,0,NA,NA,NA,NA,NA,0,NA,NA,NA,NA,NA,NA,NA,0,NA,NA,@ WAS,6,IR,IR,IR
17,10231,Elijah Higgins,TE,24.9,ARI,999.0,999,999,0,0,0,1,1,1,57,34,0,0.0,0,0,0,0,0,0,0.0,0,0,0,0,0.00,0.00,0,0,0,0,0,1,0,0,0.0,0.0,0,0,0,0,0,NA,0,0,60.0%,NA,NA,NA,0,NA,0,1,0.000,0.0,NA,NA,NA,0,NA,NA,NA,NA,NA,NA,NA,0,NA,NA,@ CIN,1,·,2.72,-2.7
17,12738,Phil Mafah,RB,22.9,DAL,999.0,999,999,0,0,0,1,0,0,0,0,0,0.0,0,0,0,0,0,0,0.0,0,0,0,0,0.00,0.00,0,0,0,0,0,0,0,0,0.0,0.0,0,0,0,0,0,NA,0,0,0.0%,NA,NA,NA,0,NA,0,0,NA,NA,NA,NA,NA,0,NA,NA,NA,NA,NA,NA,NA,0,NA,NA,@ WAS,6,IR,IR,IR
17,11579,Audric Estime,RB,22.1,PHI,14.0,10,10,16.8,16.3,15.8,1,1,0,54,41,0,0.0,0,0,0,0,0,0,0.0,94,0,0,0,0.00,0.00,1,0,0,0,0,1,4,4,4.0,4.0,14,7,4,98,1,85,94,6.71,76.0%,9,6.10,0.643,5,1.253,5,15,0.333,5.0,NA,3.7%,NA,0,NA,NA,NA,NA,NA,NA,NA,98,NA,NA,@ BUF,5,·,10.28,6.5
17,6865,Colby Parkinson,TE,26.7,LAR,12.0,15,19,11.3,8.3,5.3,1,1,1,65,51,0,0.0,0,0,0,0,0,0,0.0,0,0,0,0,0.00,0.00,6,26,0,1,0,7,27,53,8.8,7.6,0,0,0,53,0,NA,0,0,78.0%,NA,NA,NA,0,NA,1,7,0.143,1.0,27,18.4%,1.96,0,NA,NA,NA,NA,NA,0.037,NA,53,NA,NA,@ ATL,30,·,8.46,2.8
17,12515,Donovan Edwards,RB,22.6,WAS,999.0,999,999,0,0,0,1,0,0,0,0,0,0.0,0,0,0,0,0,0,0.0,0,0,0,0,0.00,0.00,0,0,0,0,0,0,0,0,0.0,0.0,0,0,0,0,0,NA,0,0,0.0%,NA,NA,NA,0,NA,0,0,NA,NA,NA,NA,NA,0,NA,NA,NA,NA,NA,NA,NA,0,NA,NA,vs DAL,7,·,·,·
17,8208,Tyler Badie,RB,25.6,DEN,999.0,999,999,0,0,0,1,1,0,72,8,0,0.0,0,0,0,0,0,0,0.0,0,0,0,0,0.00,0.00,0,0,0,0,0,0,0,0,0.0,0.0,0,0,0,0,0,NA,0,0,11.0%,NA,NA,NA,0,NA,0,0,NA,0.0,NA,NA,NA,0,NA,NA,NA,NA,NA,NA,NA,0,NA,NA,@ KC,26,·,3.03,-3.0
17,8225,Daniel Bellinger,TE,25.0,NYG,41.0,45,46,3.1,2.1,1.1,1,1,1,64,62,0,0.0,0,0,0,0,0,0,0.0,0,0,0,0,0.00,0.00,2,0,0,0,0,3,11,11,5.5,3.7,0,0,0,11,0,NA,0,0,97.0%,NA,NA,NA,0,NA,0,3,0.000,0.0,33,10.0%,0.33,0,NA,NA,NA,NA,NA,0.000,NA,11,NA,NA,@ LV,29,·,4.08,-1.0
17,12539,Arian Smith,WR,24.0,NYJ,110.0,110,111,1.5,1,0.5,1,1,0,61,10,0,0.0,0,0,0,0,0,0,0.0,0,0,0,0,0.00,0.00,1,-8,0,0,0,1,13,5,5.0,5.0,0,0,0,5,0,NA,0,0,16.0%,NA,NA,NA,0,NA,0,1,0.000,0.0,7,2.9%,0.71,0,NA,NA,NA,NA,NA,0.000,NA,5,NA,NA,vs NE,17,·,1.74,-0.2
17,4234,Noah Brown,WR,29.7,WAS,999.0,999,999,0,0,0,1,0,0,0,0,0,0.0,0,0,0,0,0,0,0.0,0,0,0,0,0.00,0.00,0,0,0,0,0,0,0,0,0.0,0.0,0,0,0,0,0,NA,0,0,0.0%,NA,NA,NA,0,NA,0,0,NA,NA,NA,NA,NA,0,NA,NA,NA,NA,NA,NA,NA,0,NA,NA,vs DAL,1,IR,IR,IR
17,11370,Chris Brooks,RB,25.7,GB,61.0,62,60,2.1,1.6,1.1,1,1,0,47,21,0,0.0,0,0,0,0,0,0,0.0,0,0,0,0,0.00,0.00,1,-6,1,1,0,2,17,11,11.0,5.5,0,0,0,11,0,0,0,0,45.0%,0,0.00,NA,0,NA,1,2,0.500,1.0,NA,8.0%,NA,0,NA,NA,NA,NA,NA,NA,NA,11,NA,NA,vs BAL,13,·,2.53,-0.4
17,6130,Devin Singletary,RB,28.1,NYG,13.0,14,13,17,15,13,1,1,0,64,19,0,0.0,0,0,0,0,0,0,0.0,45,0,0,0,0.00,0.00,4,-13,0,1,0,4,38,25,6.3,6.3,8,1,2,70,1,16,45,5.63,30.0%,0,2.00,0.000,3,0.200,4,12,0.333,4.0,NA,13.3%,NA,0,NA,NA,NA,NA,NA,NA,NA,70,NA,NA,@ LV,9,·,6.09,10.9
17,6943,Gabriel Davis,WR,26.5,BUF,999.0,999,999,0,0,0,1,1,1,76,29,0,0.0,0,0,0,0,0,0,0.0,0,0,0,0,0.00,0.00,0,0,0,0,0,1,0,0,0.0,0.0,0,0,0,0,0,NA,0,0,38.0%,NA,NA,NA,0,NA,0,1,0.000,0.0,16,2.9%,0.00,0,NA,NA,NA,NA,NA,0.000,NA,0,NA,NA,vs PHI,28,·,4.45,-4.5
17,6945,Antonio Gibson,RB,27.3,NE,999.0,999,999,0,0,0,1,0,0,0,0,0,0.0,0,0,0,0,0,0,0.0,0,0,0,0,0.00,0.00,0,0,0,0,0,0,0,0,0.0,0.0,0,0,0,0,0,NA,0,0,0.0%,NA,NA,NA,0,NA,0,0,NA,NA,NA,NA,NA,0,NA,NA,NA,NA,NA,NA,NA,0,NA,NA,@ NYJ,4,IR,IR,IR
17,4082,Curtis Samuel,WR,29.1,BUF,999.0,999,999,0,0,0,1,0,0,0,0,0,0.0,0,0,0,0,0,0,0.0,0,0,0,0,0.00,0.00,0,0,0,0,0,0,0,0,0.0,0.0,0,0,0,0,0,NA,0,0,0.0%,NA,NA,NA,0,NA,0,0,NA,NA,NA,NA,NA,0,NA,NA,NA,NA,NA,NA,NA,0,NA,NA,vs PHI,28,IR,IR,IR
17,7496,Nick Westbrook-Ikhine,WR,28.5,MIA,0.0,0,0,0,0,0,0,0,0,0,0,0,0.0,0,0,0,0,0,0,0.0,0,0,0,0,0.00,0.00,0,0,0,0,0,0,0,0,0.0,0.0,0,0,0,0,0,NA,0,0,0.0%,NA,NA,NA,0,NA,0,0,NA,NA,NA,NA,NA,0,NA,NA,NA,NA,NA,NA,NA,0,NA,NA,vs TB,16,·,1.66,-1.7
17,5096,Ray-Ray McCloud,WR,29.0,ATL,0.0,0,0,0,0,0,0,0,0,0,0,0,0.0,0,0,0,0,0,0,0.0,0,0,0,0,0.00,0.00,0,0,0,0,0,0,0,0,0.0,0.0,0,0,0,0,0,NA,0,0,0.0%,NA,NA,NA,0,NA,0,0,NA,NA,NA,NA,NA,0,NA,NA,NA,NA,NA,NA,NA,0,NA,NA,vs LAR,8,·,·,·
17,5010,Will Dissly,TE,29.2,LAC,34.0,34,35,3.9,2.9,1.9,1,1,0,63,7,0,0.0,0,0,0,0,0,0,0.0,0,0,0,0,0.00,0.00,2,1,0,1,0,2,18,19,9.5,9.5,0,0,0,19,0,NA,0,0,11.0%,NA,NA,NA,0,NA,1,2,0.500,1.0,4,6.3%,4.75,0,NA,NA,NA,NA,NA,0.250,NA,19,NA,NA,vs HOU,22,·,0.79,3.1
17,8139,Zamir White,RB,26.0,LV,77.0,77,75,0.2,0.2,0.2,1,1,0,59,11,0,0.0,0,0,0,0,0,0,0.0,2,0,0,0,0.00,0.00,0,0,0,0,0,0,0,0,0.0,0.0,1,0,0,2,0,NA,2,2,19.0%,NA,NA,NA,0,NA,0,1,0.000,0.0,NA,NA,NA,0,NA,NA,NA,NA,NA,NA,NA,2,NA,NA,vs NYG,3,·,0.03,0.2
17,1166,Kirk Cousins,QB,37.1,ATL,23.0,23,23,9.14,9.14,9.14,1,1,1,53,53,0,65.0,69,20,13,8,7,0,99.2,127,0,1,126,6.30,9.69,0,0,0,0,0,0,0,0,0.0,0.0,1,0,0,1,0,NA,1,1,100.0%,NA,NA,NA,0,NA,9,21,NA,NA,NA,NA,NA,9,45.0%,2.85,15.0%,55.0%,7.60,NA,20,127,+4.8%,+0.28,vs LAR,19,·,16.96,-7.8
17,11633,Jamari Thrash,WR,24.8,CLE,0.0,0,0,0,0,0,0,0,0,0,0,0,0.0,0,0,0,0,0,0,0.0,0,0,0,0,0.00,0.00,0,0,0,0,0,0,0,0,0.0,0.0,0,0,0,0,0,NA,0,0,0.0%,NA,NA,NA,0,NA,0,0,NA,NA,NA,NA,NA,0,NA,NA,NA,NA,NA,NA,NA,0,NA,NA,vs PIT,6,·,0.05,-0.1
17,8122,Zonovan Knight,RB,24.5,ARI,999.0,999,999,0,0,0,1,0,0,0,0,0,0.0,0,0,0,0,0,0,0.0,0,0,0,0,0.00,0.00,0,0,0,0,0,0,0,0,0.0,0.0,0,0,0,0,0,NA,0,0,0.0%,NA,NA,NA,0,NA,0,0,NA,NA,NA,NA,NA,0,NA,NA,NA,NA,NA,NA,NA,0,NA,NA,@ CIN,1,IR,IR,IR
17,7538,Zach Wilson,QB,26.2,MIA,999.0,999,999,0,0,0,1,0,0,55,0,0,0.0,0,0,0,0,0,0,0.0,0,0,0,0,0.00,0.00,0,0,0,0,0,0,0,0,0.0,0.0,0,0,0,0,0,NA,0,0,0.0%,NA,NA,NA,0,NA,0,0,NA,NA,NA,NA,NA,0,NA,NA,NA,NA,NA,NA,NA,0,NA,NA,vs TB,2,·,·,·
17,11592,Erick All,TE,25.0,CIN,999.0,999,999,0,0,0,1,0,0,0,0,0,0.0,0,0,0,0,0,0,0.0,0,0,0,0,0.00,0.00,0,0,0,0,0,0,0,0,0.0,0.0,0,0,0,0,0,NA,0,0,0.0%,NA,NA,NA,0,NA,0,0,NA,NA,NA,NA,NA,0,NA,NA,NA,NA,NA,NA,NA,0,NA,NA,vs ARI,8,PUP,PUP,PUP
17,10225,Jonathan Mingo,WR,24.4,DAL,999.0,999,999,0,0,0,1,1,0,92,8,0,0.0,0,0,0,0,0,0,0.0,0,0,0,0,0.00,0.00,0,0,0,0,0,1,0,0,0.0,0.0,0,0,0,0,0,NA,0,0,9.0%,NA,NA,NA,0,NA,0,1,0.000,0.0,1,2.7%,0.00,0,NA,NA,NA,NA,NA,0.000,NA,0,NA,NA,@ WAS,7,·,0.29,-0.3
17,1689,Adam Thielen,WR,35.1,MIN,84.0,84,88,3.4,2.4,1.4,1,1,1,66,57,0,0.0,0,0,0,0,0,0,0.0,0,0,0,0,0.00,0.00,2,8,0,0,0,5,6,14,7.0,2.8,0,0,0,14,0,NA,0,0,86.0%,NA,NA,NA,0,NA,0,5,0.000,0.0,38,12.8%,0.37,0,NA,NA,NA,NA,NA,0.000,NA,14,NA,NA,vs DET,2,·,7.73,-4.3
17,11299,Zavier Scott,RB,26.2,MIN,999.0,999,999,0,0,0,1,0,0,54,0,0,0.0,0,0,0,0,0,0,0.0,0,0,0,0,0.00,0.00,0,0,0,0,0,0,0,0,0.0,0.0,0,0,0,0,0,NA,0,0,0.0%,NA,NA,NA,0,NA,0,0,NA,0.0,NA,NA,NA,0,NA,NA,NA,NA,NA,NA,NA,0,NA,NA,vs DET,22,·,4.08,-4.1
17,11256,Tyson Bagent,QB,25.3,CHI,999.0,999,999,0,0,0,1,0,0,66,0,0,0.0,0,0,0,0,0,0,0.0,0,0,0,0,0.00,0.00,0,0,0,0,0,0,0,0,0.0,0.0,0,0,0,0,0,NA,0,0,0.0%,NA,NA,NA,0,NA,0,0,NA,NA,NA,NA,NA,0,NA,NA,NA,NA,NA,NA,NA,0,NA,NA,@ SF,22,·,·,·
17,7601,Rondale Moore,WR,25.3,MIN,999.0,999,999,0,0,0,1,0,0,0,0,0,0.0,0,0,0,0,0,0,0.0,0,0,0,0,0.00,0.00,0,0,0,0,0,0,0,0,0.0,0.0,0,0,0,0,0,NA,0,0,0.0%,NA,NA,NA,0,NA,0,0,NA,NA,NA,NA,NA,0,NA,NA,NA,NA,NA,NA,NA,0,NA,NA,vs DET,2,IR,IR,IR
17,11645,Javon Baker,WR,23.6,PHI,999.0,999,999,0,0,0,1,0,0,0,0,0,0.0,0,0,0,0,0,0,0.0,0,0,0,0,0.00,0.00,0,0,0,0,0,0,0,0,0.0,0.0,0,0,0,0,0,NA,0,0,0.0%,NA,NA,NA,0,NA,0,0,NA,NA,NA,NA,NA,0,NA,NA,NA,NA,NA,NA,NA,0,NA,NA,@ BUF,24,·,·,·
17,8230,Ty Chandler,RB,27.4,MIN,59.0,55,50,2.4,2.4,2.4,1,1,0,54,13,0,0.0,0,0,0,0,0,0,0.0,24,0,0,0,0.00,0.00,0,0,0,0,0,0,0,0,0.0,0.0,7,0,1,24,0,17,24,3.43,24.0%,1,2.40,0.143,1,0.383,1,7,0.143,1.0,NA,0.0%,NA,0,NA,NA,NA,NA,NA,NA,NA,24,NA,NA,vs DET,22,·,3.29,-0.9
17,3286,Demarcus Robinson,WR,31.0,SF,65.0,61,63,5,4,3,1,1,0,72,25,0,0.0,0,0,0,0,0,0,0.0,0,0,0,0,0.00,0.00,2,29,0,1,0,2,1,30,15.0,15.0,0,0,0,30,0,NA,0,0,35.0%,NA,NA,NA,0,NA,1,2,0.500,1.0,12,6.1%,2.50,0,NA,NA,NA,NA,NA,0.083,NA,30,NA,NA,vs CHI,3,·,2.9,2.1
17,8160,Kenny Pickett,QB,27.3,LV,35.0,35,35,0.64,0.64,0.64,1,1,0,59,6,0,100.0,16,2,2,0,0,0,100.0,16,1,0,16,8.00,8.00,0,0,0,0,0,0,0,0,0.0,0.0,0,0,0,0,0,NA,0,0,10.0%,NA,NA,NA,0,NA,0,2,NA,NA,NA,NA,NA,0,0.0%,2.86,0.0%,33.3%,7.60,NA,3,16,+30.4%,-0.32,vs NYG,5,·,·,·
17,5133,Tyler Conklin,TE,30.2,LAC,0.0,0,0,0,0,0,0,0,0,0,0,0,0.0,0,0,0,0,0,0,0.0,0,0,0,0,0.00,0.00,0,0,0,0,0,0,0,0,0.0,0.0,0,0,0,0,0,NA,0,0,0.0%,NA,NA,NA,0,NA,0,0,NA,NA,NA,NA,NA,0,NA,NA,NA,NA,NA,NA,NA,0,NA,NA,vs HOU,22,·,0.4,-0.4
17,7561,Elijah Mitchell,RB,27.4,KC,999.0,999,999,0,0,0,1,0,0,0,0,0,0.0,0,0,0,0,0,0,0.0,0,0,0,0,0.00,0.00,0,0,0,0,0,0,0,0,0.0,0.0,0,0,0,0,0,NA,0,0,0.0%,NA,NA,NA,0,NA,0,0,NA,NA,NA,NA,NA,0,NA,NA,NA,NA,NA,NA,NA,0,NA,NA,vs DEN,32,·,·,·
17,12470,Riley Leonard,QB,23.0,IND,37.0,37,37,-1,-1,-1,1,1,0,57,1,0,0.0,0,1,0,0,1,1,0.0,0,0,0,0,0.00,0.00,0,0,0,0,0,0,0,0,0.0,0.0,0,0,0,0,0,NA,0,0,2.0%,NA,NA,NA,0,NA,0,1,NA,NA,NA,NA,NA,0,0.0%,4.39,100.0%,0.0%,50.40,NA,1,0,0.0%,-0.52,vs JAX,12,·,·,·
17,7595,Tylan Wallace,WR,26.4,BAL,0.0,0,0,0,0,0,0,0,0,0,0,0,0.0,0,0,0,0,0,0,0.0,0,0,0,0,0.00,0.00,0,0,0,0,0,0,0,0,0.0,0.0,0,0,0,0,0,NA,0,0,0.0%,NA,NA,NA,0,NA,0,0,NA,NA,NA,NA,NA,0,NA,NA,NA,NA,NA,NA,NA,0,NA,NA,@ GB,15,·,1.69,-1.7
17,11570,Rasheen Ali,RB,24.6,BAL,56.0,60,64,2.8,1.8,0.8,1,1,0,76,15,0,0.0,0,0,0,0,0,0,0.0,0,0,0,0,0.00,0.00,2,5,1,0,0,3,3,8,4.0,2.7,0,0,0,8,0,0,0,0,20.0%,0,0.00,NA,0,NA,0,3,0.000,0.0,NA,15.0%,NA,0,NA,NA,NA,NA,NA,NA,NA,8,NA,NA,@ GB,27,·,2.53,0.3
17,10214,Davis Allen,TE,24.6,LAR,999.0,999,999,0,0,0,1,1,1,65,27,0,0.0,0,0,0,0,0,0,0.0,0,0,0,0,0.00,0.00,0,0,0,0,0,0,0,0,0.0,0.0,0,0,0,0,0,NA,0,0,42.0%,NA,NA,NA,0,NA,0,0,NA,0.0,NA,NA,NA,0,NA,NA,NA,NA,NA,NA,NA,0,NA,NA,@ ATL,30,·,2.66,-2.7
17,10867,Jake Bobo,WR,27.2,SEA,999.0,999,999,0,0,0,1,1,0,66,17,0,0.0,0,0,0,0,0,0,0.0,0,0,0,0,0.00,0.00,0,0,0,0,0,0,0,0,0.0,0.0,0,0,0,0,0,NA,0,0,26.0%,NA,NA,NA,0,NA,0,0,NA,0.0,8,0.0%,0.00,0,NA,NA,NA,NA,NA,0.000,NA,0,NA,NA,@ CAR,21,·,0.06,-0.1
17,8162,Sam Howell,QB,25.0,PHI,0.0,0,0,0,0,0,0,0,0,0,0,0,0.0,0,0,0,0,0,0,0.0,0,0,0,0,0.00,0.00,0,0,0,0,0,0,0,0,0.0,0.0,0,0,0,0,0,NA,0,0,0.0%,NA,NA,NA,0,NA,0,0,NA,NA,NA,NA,NA,0,NA,NA,NA,NA,NA,NA,NA,0,NA,NA,@ BUF,28,·,·,·
17,6938,Cam Akers,RB,26.3,MIN,999.0,999,999,0,0,0,1,0,0,66,0,0,0.0,0,0,0,0,0,0,0.0,0,0,0,0,0.00,0.00,0,0,0,0,0,0,0,0,0.0,0.0,0,0,0,0,0,NA,0,0,0.0%,NA,NA,NA,0,NA,0,0,NA,0.0,NA,NA,NA,0,NA,NA,NA,NA,NA,NA,NA,0,NA,NA,vs DET,22,·,·,·
17,11617,Malachi Corley,WR,23.5,CLE,113.0,114,114,1.4,0.9,0.4,1,1,1,52,20,0,0.0,0,0,0,0,0,0,0.0,0,0,0,0,0.00,0.00,1,4,0,0,0,1,0,4,4.0,4.0,0,0,0,4,0,NA,0,0,38.0%,NA,NA,NA,0,NA,0,1,0.000,0.0,7,4.3%,0.57,0,NA,NA,NA,NA,NA,0.000,NA,4,NA,NA,vs PIT,6,·,3.66,-2.3
17,1234,Russell Wilson,QB,36.8,NYG,0.0,0,0,0,0,0,0,0,0,0,0,0,0.0,0,0,0,0,0,0,0.0,0,0,0,0,0.00,0.00,0,0,0,0,0,0,0,0,0.0,0.0,0,0,0,0,0,NA,0,0,0.0%,NA,NA,NA,0,NA,0,0,NA,NA,NA,NA,NA,0,NA,NA,NA,NA,NA,NA,NA,0,NA,NA,@ LV,17,·,·,·
17,8254,Julius Chestnut,RB,24.9,TEN,999.0,999,999,0,0,0,1,0,0,74,0,0,0.0,0,0,0,0,0,0,0.0,0,0,0,0,0.00,0.00,0,0,0,0,0,0,0,0,0.0,0.0,0,0,0,0,0,NA,0,0,0.0%,NA,NA,NA,0,NA,0,0,NA,0.0,NA,NA,NA,0,NA,NA,NA,NA,NA,NA,NA,0,NA,NA,vs NO,16,·,0.69,-0.7
17,4080,Zay Jones,WR,30.5,ARI,999.0,999,999,0,0,0,1,0,0,0,0,0,0.0,0,0,0,0,0,0,0.0,0,0,0,0,0.00,0.00,0,0,0,0,0,0,0,0,0.0,0.0,0,0,0,0,0,NA,0,0,0.0%,NA,NA,NA,0,NA,0,0,NA,NA,NA,NA,NA,0,NA,NA,NA,NA,NA,NA,NA,0,NA,NA,@ CIN,29,IR,IR,IR
17,6960,Tyler Johnson,WR,27.1,NYJ,116.0,117,117,1.3,0.8,0.3,1,1,0,61,10,0,0.0,0,0,0,0,0,0,0.0,0,0,0,0,0.00,0.00,1,3,0,0,0,1,0,3,3.0,3.0,0,0,0,3,0,NA,0,0,16.0%,NA,NA,NA,0,NA,0,1,0.000,0.0,7,2.9%,0.43,0,NA,NA,NA,NA,NA,0.000,NA,3,NA,NA,vs NE,17,·,0.05,1.3
17,7568,Brevin Jordan,TE,25.2,HOU,999.0,999,999,0,0,0,1,0,0,0,0,0,0.0,0,0,0,0,0,0,0.0,0,0,0,0,0.00,0.00,0,0,0,0,0,0,0,0,0.0,0.0,0,0,0,0,0,NA,0,0,0.0%,NA,NA,NA,0,NA,0,0,NA,NA,NA,NA,NA,0,NA,NA,NA,NA,NA,NA,NA,0,NA,NA,@ LAC,26,IR,IR,IR
17,6828,AJ Dillon,RB,27.4,PHI,0.0,0,0,0,0,0,0,0,0,0,0,0,0.0,0,0,0,0,0,0,0.0,0,0,0,0,0.00,0.00,0,0,0,0,0,0,0,0,0.0,0.0,0,0,0,0,0,NA,0,0,0.0%,NA,NA,NA,0,NA,0,0,NA,NA,NA,NA,NA,0,NA,NA,NA,NA,NA,NA,NA,0,NA,NA,@ BUF,5,·,0.11,-0.1
17,9230,Tanner McKee,QB,25.4,PHI,999.0,999,999,0,0,0,1,0,0,54,0,0,0.0,0,0,0,0,0,0,0.0,0,0,0,0,0.00,0.00,0,0,0,0,0,0,0,0,0.0,0.0,0,0,0,0,0,NA,0,0,0.0%,NA,NA,NA,0,NA,0,0,NA,NA,NA,NA,NA,0,NA,NA,NA,NA,NA,NA,NA,0,NA,NA,@ BUF,28,·,·,·
17,9227,Israel Abanikanda,RB,23.0,FA,999.0,999,999,0,0,0,1,0,0,0,0,0,0.0,0,0,0,0,0,0,0.0,0,0,0,0,0.00,0.00,0,0,0,0,0,0,0,0,0.0,0.0,0,0,0,0,0,NA,0,0,0.0%,NA,NA,NA,0,NA,0,0,NA,NA,NA,NA,NA,0,NA,NA,NA,NA,NA,NA,NA,0,NA,NA,NA,,·,·,·
17,7610,Trey Lance,QB,25.4,LAC,999.0,999,999,0,0,0,1,0,0,63,0,0,0.0,0,0,0,0,0,0,0.0,0,0,0,0,0.00,0.00,0,0,0,0,0,0,0,0,0.0,0.0,0,0,0,0,0,NA,0,0,0.0%,NA,NA,NA,0,NA,0,0,NA,NA,NA,NA,NA,0,NA,NA,NA,NA,NA,NA,NA,0,NA,NA,vs HOU,31,·,·,·
17,4171,Josh Reynolds,WR,30.6,NYJ,999.0,999,999,0,0,0,1,0,0,0,0,0,0.0,0,0,0,0,0,0,0.0,0,0,0,0,0.00,0.00,0,0,0,0,0,0,0,0,0.0,0.0,0,0,0,0,0,NA,0,0,0.0%,NA,NA,NA,0,NA,0,0,NA,NA,NA,NA,NA,0,NA,NA,NA,NA,NA,NA,NA,0,NA,NA,vs NE,17,IR,IR,IR
17,8172,Greg Dulcich,TE,25.5,MIA,5.0,4,6,16.1,13.6,11.1,1,1,1,55,20,0,0.0,0,0,0,0,0,0,0.0,-7,0,0,0,0.00,0.00,5,32,0,2,1,6,26,58,11.6,9.7,1,0,0,51,0,NA,-7,-7,36.0%,NA,NA,NA,0,NA,3,7,0.429,3.0,12,27.3%,4.83,0,NA,NA,NA,NA,NA,0.167,NA,51,NA,NA,vs TB,7,·,1.63,14.5
17,4381,Taysom Hill,TE,35.1,NO,999.0,999,999,0,0,0,1,1,1,54,7,0,0.0,0,0,0,0,0,0,0.0,0,0,0,0,0.00,0.00,0,0,0,0,0,0,0,0,0.0,0.0,3,1,0,0,0,NA,0,0,13.0%,NA,NA,NA,0,NA,0,3,0.000,0.0,NA,NA,NA,0,NA,NA,NA,NA,NA,NA,NA,0,NA,NA,@ TEN,16,·,7.47,-7.5
17,12718,Konata Mumpfield,WR,22.9,LAR,86.0,91,96,3,2,1,1,1,0,65,43,0,0.0,0,0,0,0,0,0,0.0,0,0,0,0,0.00,0.00,2,10,0,0,0,5,0,10,5.0,2.0,0,0,0,10,0,NA,0,0,66.0%,NA,NA,NA,0,NA,0,5,0.000,0.0,29,13.2%,0.34,0,NA,NA,NA,NA,NA,0.000,NA,10,NA,NA,@ ATL,12,·,4.82,-1.8
17,11994,Kameron Johnson,WR,23.5,TB,999.0,999,999,0,0,0,1,0,0,67,0,0,0.0,0,0,0,0,0,0,0.0,0,0,0,0,0.00,0.00,0,0,0,0,0,0,0,0,0.0,0.0,0,0,0,0,0,NA,0,0,0.0%,NA,NA,NA,0,NA,0,0,NA,0.0,NA,NA,NA,0,NA,NA,NA,NA,NA,NA,NA,0,NA,NA,@ MIA,23,·,0.18,-0.2
17,11595,Jared Wiley,TE,24.9,KC,999.0,999,999,0,0,0,1,1,0,43,5,0,0.0,0,0,0,0,0,0,0.0,0,0,0,0,0.00,0.00,0,0,0,0,0,0,0,0,0.0,0.0,0,0,0,0,0,NA,0,0,12.0%,NA,NA,NA,0,NA,0,0,NA,0.0,NA,NA,NA,0,NA,NA,NA,NA,NA,NA,NA,0,NA,NA,vs DEN,12,·,·,·
17,11615,Ainias Smith,WR,24.3,CAR,999.0,999,999,0,0,0,1,0,0,0,0,0,0.0,0,0,0,0,0,0,0.0,0,0,0,0,0.00,0.00,0,0,0,0,0,0,0,0,0.0,0.0,0,0,0,0,0,NA,0,0,0.0%,NA,NA,NA,0,NA,0,0,NA,NA,NA,NA,NA,0,NA,NA,NA,NA,NA,NA,NA,0,NA,NA,vs SEA,14,·,·,·
17,9999,Will Levis,QB,26.2,TEN,999.0,999,999,0,0,0,1,0,0,0,0,0,0.0,0,0,0,0,0,0,0.0,0,0,0,0,0.00,0.00,0,0,0,0,0,0,0,0,0.0,0.0,0,0,0,0,0,NA,0,0,0.0%,NA,NA,NA,0,NA,0,0,NA,NA,NA,NA,NA,0,NA,NA,NA,NA,NA,NA,NA,0,NA,NA,vs NO,26,IR,IR,IR
17,8204,Bo Melton,WR,26.2,GB,72.0,65,56,4.4,3.9,3.4,1,1,0,47,17,0,0.0,0,0,0,0,0,0,0.0,0,0,0,0,0.00,0.00,1,29,0,1,0,3,5,34,34.0,11.3,0,0,0,34,0,NA,0,0,36.0%,NA,NA,NA,0,NA,1,3,0.333,1.0,NA,NA,NA,0,NA,NA,NA,NA,NA,NA,NA,34,NA,NA,vs BAL,9,Q,0.26,4.1
17,8168,Skyy Moore,WR,25.0,SF,117.0,112,95,1,1,1,1,1,0,72,4,0,0.0,0,0,0,0,0,0,0.0,10,0,0,0,0.00,0.00,0,0,0,0,0,0,0,0,0.0,0.0,1,0,1,10,0,NA,10,10,6.0%,NA,NA,NA,1,NA,1,1,1.000,1.0,1,0.0%,0.00,0,NA,NA,NA,NA,NA,0.000,NA,10,NA,NA,vs CHI,3,·,0.49,0.5
17,5854,Drew Lock,QB,28.9,SEA,999.0,999,999,0,0,0,1,0,0,66,0,0,0.0,0,0,0,0,0,0,0.0,0,0,0,0,0.00,0.00,0,0,0,0,0,0,0,0,0.0,0.0,0,0,0,0,0,NA,0,0,0.0%,NA,NA,NA,0,NA,0,0,NA,NA,NA,NA,NA,0,NA,NA,NA,NA,NA,NA,NA,0,NA,NA,@ CAR,25,·,·,·
17,2374,Tyler Lockett,WR,33.0,LV,41.0,37,30,8.9,7.9,6.9,1,1,0,59,33,0,0.0,0,0,0,0,0,0,0.0,0,0,0,0,0.00,0.00,2,9,0,0,1,3,0,9,4.5,3.0,0,0,0,9,0,NA,0,0,56.0%,NA,NA,NA,0,NA,1,3,0.333,1.0,22,10.0%,0.41,0,NA,NA,NA,NA,NA,0.000,NA,9,NA,NA,vs NYG,5,·,8.9,0.0
17,4177,Mack Hollins,WR,32.0,NE,999.0,999,999,0,0,0,1,0,0,0,0,0,0.0,0,0,0,0,0,0,0.0,0,0,0,0,0.00,0.00,0,0,0,0,0,0,0,0,0.0,0.0,0,0,0,0,0,NA,0,0,0.0%,NA,NA,NA,0,NA,0,0,NA,NA,NA,NA,NA,0,NA,NA,NA,NA,NA,NA,NA,0,NA,NA,@ NYJ,18,Q,10.14,-10.1
17,11748,Bub Means,WR,24.7,NO,999.0,999,999,0,0,0,1,0,0,0,0,0,0.0,0,0,0,0,0,0,0.0,0,0,0,0,0.00,0.00,0,0,0,0,0,0,0,0,0.0,0.0,0,0,0,0,0,NA,0,0,0.0%,NA,NA,NA,0,NA,0,0,NA,NA,NA,NA,NA,0,NA,NA,NA,NA,NA,NA,NA,0,NA,NA,@ TEN,11,IR,IR,IR
17,11573,Frank Gore Jr.,RB,23.5,BUF,999.0,999,999,0,0,0,1,0,0,0,0,0,0.0,0,0,0,0,0,0,0.0,0,0,0,0,0.00,0.00,0,0,0,0,0,0,0,0,0.0,0.0,0,0,0,0,0,NA,0,0,0.0%,NA,NA,NA,0,NA,0,0,NA,NA,NA,NA,NA,0,NA,NA,NA,NA,NA,NA,NA,0,NA,NA,vs PHI,10,·,·,·
17,7891,Brock Wright,TE,26.8,DET,999.0,999,999,0,0,0,1,0,0,0,0,0,0.0,0,0,0,0,0,0,0.0,0,0,0,0,0.00,0.00,0,0,0,0,0,0,0,0,0.0,0.0,0,0,0,0,0,NA,0,0,0.0%,NA,NA,NA,0,NA,0,0,NA,NA,NA,NA,NA,0,NA,NA,NA,NA,NA,NA,NA,0,NA,NA,@ MIN,24,IR,IR,IR
17,12699,LaJohntay Wester,WR,23.5,BAL,999.0,999,999,0,0,0,1,1,0,76,7,0,0.0,0,0,0,0,0,0,0.0,0,0,0,0,0.00,0.00,0,0,0,0,0,0,0,0,0.0,0.0,0,0,0,0,0,NA,0,0,9.0%,NA,NA,NA,0,NA,0,0,NA,0.0,NA,NA,NA,0,NA,NA,NA,NA,NA,NA,NA,0,NA,NA,@ GB,15,·,0.05,-0.1
17,6869,Adam Trautman,TE,28.6,DEN,32.0,32,32,4.4,3.4,2.4,1,1,0,72,52,0,0.0,0,0,0,0,0,0,0.0,0,0,0,0,0.00,0.00,2,21,0,2,0,2,3,24,12.0,12.0,0,0,0,24,0,NA,0,0,72.0%,NA,NA,NA,0,NA,2,2,1.000,2.0,23,5.3%,1.04,0,NA,NA,NA,NA,NA,0.087,NA,24,NA,NA,@ KC,27,·,1.78,2.6
17,10866,Aidan O'Connell,QB,27.1,LV,0.0,0,0,0,0,0,0,0,0,0,0,0,0.0,0,0,0,0,0,0,0.0,0,0,0,0,0.00,0.00,0,0,0,0,0,0,0,0,0.0,0.0,0,0,0,0,0,NA,0,0,0.0%,NA,NA,NA,0,NA,0,0,NA,NA,NA,NA,NA,0,NA,NA,NA,NA,NA,NA,NA,0,NA,NA,vs NYG,5,·,·,·
17,11895,Mason Tipton,WR,25.0,NO,0.0,0,0,0,0,0,0,0,0,0,0,0,0.0,0,0,0,0,0,0,0.0,0,0,0,0,0.00,0.00,0,0,0,0,0,0,0,0,0.0,0.0,0,0,0,0,0,NA,0,0,0.0%,NA,NA,NA,0,NA,0,0,NA,NA,NA,NA,NA,0,NA,NA,NA,NA,NA,NA,NA,0,NA,NA,@ TEN,11,Q,6.21,-6.2
17,8177,Grant Calcaterra,TE,26.8,PHI,56.0,56,56,1.3,0.8,0.3,1,1,0,54,19,0,0.0,0,0,0,0,0,0,0.0,0,0,0,0,0.00,0.00,1,3,0,0,0,1,0,3,3.0,3.0,0,0,0,3,0,NA,0,0,35.0%,NA,NA,NA,0,NA,0,1,0.000,0.0,7,3.7%,0.43,0,NA,NA,NA,NA,NA,0.000,NA,3,NA,NA,@ BUF,31,·,0.6,0.7
17,11574,Dylan Laube,RB,25.8,LV,999.0,999,999,0,0,0,1,0,0,59,0,0,0.0,0,0,0,0,0,0,0.0,0,0,0,0,0.00,0.00,0,0,0,0,0,0,0,0,0.0,0.0,0,0,0,0,0,NA,0,0,0.0%,NA,NA,NA,0,NA,0,0,NA,0.0,NA,NA,NA,0,NA,NA,NA,NA,NA,NA,NA,0,NA,NA,vs NYG,3,·,2.23,-2.2
17,11649,Kendall Milton,RB,23.6,CIN,999.0,999,999,0,0,0,1,0,0,0,0,0,0.0,0,0,0,0,0,0,0.0,0,0,0,0,0.00,0.00,0,0,0,0,0,0,0,0,0.0,0.0,0,0,0,0,0,NA,0,0,0.0%,NA,NA,NA,0,NA,0,0,NA,NA,NA,NA,NA,0,NA,NA,NA,NA,NA,NA,NA,0,NA,NA,vs ARI,2,·,·,·
17,8145,Jeremy Ruckert,TE,25.1,NYJ,58.0,58,58,1.2,0.7,0.2,1,1,1,61,38,0,0.0,0,0,0,0,0,0,0.0,0,0,0,0,0.00,0.00,1,2,0,0,0,3,0,2,2.0,0.7,0,0,0,2,0,NA,0,0,61.0%,NA,NA,NA,0,NA,0,3,0.000,0.0,16,8.8%,0.13,0,NA,NA,NA,NA,NA,0.000,NA,2,NA,NA,vs NE,10,·,1.94,-0.7
17,2197,Brandin Cooks,WR,32.0,NO,19.0,20,20,14.1,12.1,10.1,1,1,0,76,39,0,0.0,0,0,0,0,0,0,0.0,0,0,0,0,0.00,0.00,4,95,0,3,0,6,6,101,25.3,16.8,0,0,0,101,0,NA,0,0,51.0%,NA,NA,NA,0,NA,3,6,0.500,3.0,21,17.1%,4.81,0,NA,NA,NA,NA,NA,0.143,NA,101,NA,NA,@ TEN,11,·,1.07,13.0
17,1837,Jimmy Garoppolo,QB,33.9,LAR,999.0,999,999,0,0,0,1,0,0,65,0,0,0.0,0,0,0,0,0,0,0.0,0,0,0,0,0.00,0.00,0,0,0,0,0,0,0,0,0.0,0.0,0,0,0,0,0,NA,0,0,0.0%,NA,NA,NA,0,NA,0,0,NA,NA,NA,NA,NA,0,NA,NA,NA,NA,NA,NA,NA,0,NA,NA,@ ATL,16,·,·,·
17,8135,Treylon Burks,WR,25.5,WAS,95.0,95,92,2.1,1.6,1.1,1,1,1,44,40,0,0.0,0,0,0,0,0,0,0.0,0,1,0,0,0.00,0.00,1,6,0,1,0,2,5,11,11.0,5.5,0,0,0,11,0,NA,0,0,91.0%,NA,NA,NA,0,NA,1,2,0.500,1.0,23,8.7%,0.48,0,NA,NA,NA,NA,NA,0.043,NA,11,NA,NA,vs DAL,1,·,7.14,-5.0
17,11636,Johnny Wilson,WR,24.5,PHI,999.0,999,999,0,0,0,1,0,0,0,0,0,0.0,0,0,0,0,0,0,0.0,0,0,0,0,0.00,0.00,0,0,0,0,0,0,0,0,0.0,0.0,0,0,0,0,0,NA,0,0,0.0%,NA,NA,NA,0,NA,0,0,NA,NA,NA,NA,NA,0,NA,NA,NA,NA,NA,NA,NA,0,NA,NA,@ BUF,24,IR,IR,IR
17,5185,Allen Lazard,WR,29.8,NYJ,0.0,0,0,0,0,0,0,0,0,0,0,0,0.0,0,0,0,0,0,0,0.0,0,0,0,0,0.00,0.00,0,0,0,0,0,0,0,0,0.0,0.0,0,0,0,0,0,NA,0,0,0.0%,NA,NA,NA,0,NA,0,0,NA,NA,NA,NA,NA,0,NA,NA,NA,NA,NA,NA,NA,0,NA,NA,vs NE,17,·,·,·
17,9505,Deuce Vaughn,RB,23.9,DEN,999.0,999,999,0,0,0,1,0,0,0,0,0,0.0,0,0,0,0,0,0,0.0,0,0,0,0,0.00,0.00,0,0,0,0,0,0,0,0,0.0,0.0,0,0,0,0,0,NA,0,0,0.0%,NA,NA,NA,0,NA,0,0,NA,NA,NA,NA,NA,0,NA,NA,NA,NA,NA,NA,NA,0,NA,NA,@ KC,26,·,·,·
17,5973,Josh Oliver,TE,28.5,MIN,49.0,49,49,1.8,1.3,0.8,1,1,1,54,50,0,0.0,0,0,0,0,0,0,0.0,0,0,0,0,0.00,0.00,1,5,0,1,0,2,3,8,8.0,4.0,0,0,0,8,0,NA,0,0,93.0%,NA,NA,NA,0,NA,1,2,0.500,1.0,22,12.5%,0.36,0,NA,NA,NA,NA,NA,0.045,NA,8,NA,NA,vs DET,14,·,6.7,-4.9
17,7593,Trey Sermon,RB,26.7,PIT,999.0,999,999,0,0,0,1,0,0,0,0,0,0.0,0,0,0,0,0,0,0.0,0,0,0,0,0.00,0.00,0,0,0,0,0,0,0,0,0.0,0.0,0,0,0,0,0,NA,0,0,0.0%,NA,NA,NA,0,NA,0,0,NA,NA,NA,NA,NA,0,NA,NA,NA,NA,NA,NA,NA,0,NA,NA,@ CLE,15,·,·,·
17,5938,Lil'Jordan Humphrey,WR,27.4,NYG,75.0,75,70,4.3,3.3,2.3,1,1,1,72,43,0,0.0,0,0,0,0,0,0,0.0,0,0,0,0,0.00,0.00,2,15,1,1,0,5,8,23,11.5,4.6,0,0,0,23,0,NA,0,0,60.0%,NA,NA,NA,0,NA,1,5,0.200,1.0,27,13.2%,0.85,0,NA,NA,NA,NA,NA,0.037,NA,23,NA,NA,@ LV,10,·,4.47,-0.2
17,10216,Kenny McIntosh,RB,25.6,SEA,999.0,999,999,0,0,0,1,0,0,0,0,0,0.0,0,0,0,0,0,0,0.0,0,0,0,0,0.00,0.00,0,0,0,0,0,0,0,0,0.0,0.0,0,0,0,0,0,NA,0,0,0.0%,NA,NA,NA,0,NA,0,0,NA,NA,NA,NA,NA,0,NA,NA,NA,NA,NA,NA,NA,0,NA,NA,@ CAR,8,IR,IR,IR
17,6853,Van Jefferson,WR,29.2,TEN,48.0,45,42,7.6,6.1,4.6,1,1,1,74,23,0,0.0,0,0,0,0,0,0,0.0,0,0,0,0,0.00,0.00,3,40,0,2,0,3,6,46,15.3,15.3,0,0,0,46,0,NA,0,0,31.0%,NA,NA,NA,0,NA,2,3,0.667,2.0,13,7.5%,3.54,0,NA,NA,NA,NA,NA,0.154,NA,46,NA,NA,vs NO,26,·,6.64,1.0
17,10234,Derius Davis,WR,25.0,LAC,0.0,0,0,0,0,0,0,0,0,0,0,0,0.0,0,0,0,0,0,0,0.0,0,0,0,0,0.00,0.00,0,0,0,0,0,0,0,0,0.0,0.0,0,0,0,0,0,NA,0,0,0.0%,NA,NA,NA,0,NA,0,0,NA,NA,NA,NA,NA,0,NA,NA,NA,NA,NA,NA,NA,0,NA,NA,vs HOU,31,Q,0.56,-0.6
17,6011,Gardner Minshew,QB,29.4,KC,999.0,999,999,0,0,0,1,0,0,0,0,0,0.0,0,0,0,0,0,0,0.0,0,0,0,0,0.00,0.00,0,0,0,0,0,0,0,0,0.0,0.0,0,0,0,0,0,NA,0,0,0.0%,NA,NA,NA,0,NA,0,0,NA,NA,NA,NA,NA,0,NA,NA,NA,NA,NA,NA,NA,0,NA,NA,vs DEN,24,IR,IR,IR
17,12715,Thomas Fidone,TE,23.0,NYG,999.0,999,999,0,0,0,1,0,0,0,0,0,0.0,0,0,0,0,0,0,0.0,0,0,0,0,0.00,0.00,0,0,0,0,0,0,0,0,0.0,0.0,0,0,0,0,0,NA,0,0,0.0%,NA,NA,NA,0,NA,0,0,NA,NA,NA,NA,NA,0,NA,NA,NA,NA,NA,NA,NA,0,NA,NA,@ LV,29,IR,IR,IR
17,12494,Kyle McCord,QB,23.0,PHI,999.0,999,999,0,0,0,1,0,0,0,0,0,0.0,0,0,0,0,0,0,0.0,0,0,0,0,0.00,0.00,0,0,0,0,0,0,0,0,0.0,0.0,0,0,0,0,0,NA,0,0,0.0%,NA,NA,NA,0,NA,0,0,NA,NA,NA,NA,NA,0,NA,NA,NA,NA,NA,NA,NA,0,NA,NA,@ BUF,28,·,·,·
17,7083,Tyler Huntley,QB,27.6,BAL,19.0,19,19,14.28,14.28,14.28,1,1,1,76,76,0,80.0,54,20,16,5,4,0,105.6,167,1,1,107,5.35,6.69,0,0,0,0,0,0,0,0,0.0,0.0,8,0,5,60,0,NA,60,7.5,100.0%,NA,NA,NA,5,NA,11,28,NA,NA,NA,NA,NA,6,30.0%,2.44,0.0%,24.0%,4.20,NA,25,167,+5.4%,+0.36,@ GB,23,·,·,·
17,4147,Samaje Perine,RB,30.0,CIN,27.0,27,25,8.3,7.8,7.3,1,1,0,77,24,0,0.0,0,0,0,0,0,0,0.0,5,0,0,0,0.00,0.00,1,-5,0,1,0,1,13,8,8.0,8.0,3,0,1,13,1,5,5,1.67,31.0%,3,1.80,1.000,2,1.180,3,4,0.750,3.0,NA,2.8%,NA,0,NA,NA,NA,NA,NA,NA,NA,13,NA,NA,vs ARI,2,·,9.16,-0.9
17,11306,Xavier Gipson,WR,24.6,PHI,999.0,999,999,0,0,0,1,0,0,0,0,0,0.0,0,0,0,0,0,0,0.0,0,0,0,0,0.00,0.00,0,0,0,0,0,0,0,0,0.0,0.0,0,0,0,0,0,NA,0,0,0.0%,NA,NA,NA,0,NA,0,0,NA,NA,NA,NA,NA,0,NA,NA,NA,NA,NA,NA,NA,0,NA,NA,@ BUF,24,·,·,·
17,5987,Alexander Mattison,RB,27.3,MIA,999.0,999,999,0,0,0,1,0,0,0,0,0,0.0,0,0,0,0,0,0,0.0,0,0,0,0,0.00,0.00,0,0,0,0,0,0,0,0,0.0,0.0,0,0,0,0,0,NA,0,0,0.0%,NA,NA,NA,0,NA,0,0,NA,NA,NA,NA,NA,0,NA,NA,NA,NA,NA,NA,NA,0,NA,NA,vs TB,12,IR,IR,IR
17,5985,Foster Moreau,TE,28.4,NO,999.0,999,999,0,0,0,1,0,0,0,0,0,0.0,0,0,0,0,0,0,0.0,0,0,0,0,0.00,0.00,0,0,0,0,0,0,0,0,0.0,0.0,0,0,0,0,0,NA,0,0,0.0%,NA,NA,NA,0,NA,0,0,NA,NA,NA,NA,NA,0,NA,NA,NA,NA,NA,NA,NA,0,NA,NA,@ TEN,16,OUT,OUT,OUT
17,11210,Malik Heath,WR,25.6,GB,0.0,0,0,0,0,0,0,0,0,0,0,0,0.0,0,0,0,0,0,0,0.0,0,0,0,0,0.00,0.00,0,0,0,0,0,0,0,0,0.0,0.0,0,0,0,0,0,NA,0,0,0.0%,NA,NA,NA,0,NA,0,0,NA,NA,NA,NA,NA,0,NA,NA,NA,NA,NA,NA,NA,0,NA,NA,vs BAL,9,Q,0.11,-0.1
17,6920,Isaiah Hodgins,WR,26.9,PIT,100.0,99,100,1.8,1.3,0.8,1,1,1,64,52,0,0.0,0,0,0,0,0,0,0.0,0,0,0,0,0.00,0.00,1,0,0,0,0,2,8,8,8.0,4.0,0,0,0,8,0,NA,0,0,81.0%,NA,NA,NA,0,NA,0,2,0.000,0.0,33,6.7%,0.24,0,NA,NA,NA,NA,NA,0.000,NA,8,NA,NA,@ CLE,27,·,7.68,-5.9
17,827,Tyrod Taylor,QB,36.2,NYJ,0.0,0,0,0,0,0,0,0,0,0,0,0,0.0,0,0,0,0,0,0,0.0,0,0,0,0,0.00,0.00,0,0,0,0,0,0,0,0,0.0,0.0,0,0,0,0,0,NA,0,0,0.0%,NA,NA,NA,0,NA,0,0,NA,NA,NA,NA,NA,0,NA,NA,NA,NA,NA,NA,NA,0,NA,NA,vs NE,20,Q,Q,Q
17,4351,Tim Patrick,WR,31.8,JAX,999.0,999,999,0,0,0,1,1,0,69,12,0,0.0,0,0,0,0,0,0,0.0,0,0,0,0,0.00,0.00,0,0,0,0,0,1,0,0,0.0,0.0,0,0,0,0,0,NA,0,0,17.0%,NA,NA,NA,0,NA,0,1,0.000,0.0,6,2.7%,0.00,0,NA,NA,NA,NA,NA,0.000,NA,0,NA,NA,@ IND,4,Q,1.55,-1.6
17,5917,Mecole Hardman,WR,27.6,FA,0.0,0,0,0,0,0,0,0,0,0,0,0,0.0,0,0,0,0,0,0,0.0,0,0,0,0,0.00,0.00,0,0,0,0,0,0,0,0,0.0,0.0,0,0,0,0,0,NA,0,0,0.0%,NA,NA,NA,0,NA,0,0,NA,NA,NA,NA,NA,0,NA,NA,NA,NA,NA,NA,NA,0,NA,NA,NA,,·,·,·
17,6850,Harrison Bryant,TE,27.4,HOU,999.0,999,999,0,0,0,1,1,0,65,4,0,0.0,0,0,0,0,0,0,0.0,0,0,0,0,0.00,0.00,0,0,0,0,0,0,0,0,0.0,0.0,0,0,0,0,0,NA,0,0,6.0%,NA,NA,NA,0,NA,0,0,NA,0.0,1,0.0%,0.00,0,NA,NA,NA,NA,NA,0.000,NA,0,NA,NA,@ LAC,26,·,0.16,-0.2
17,8118,David Bell,WR,24.8,CLE,0.0,0,0,0,0,0,0,0,0,0,0,0,0.0,0,0,0,0,0,0,0.0,0,0,0,0,0.00,0.00,0,0,0,0,0,0,0,0,0.0,0.0,0,0,0,0,0,NA,0,0,0.0%,NA,NA,NA,0,NA,0,0,NA,NA,NA,NA,NA,0,NA,NA,NA,NA,NA,NA,NA,0,NA,NA,vs PIT,6,NA,NA,NA
17,11729,Sione Vaki,RB,24.2,DET,999.0,999,999,0,0,0,1,0,0,64,0,0,0.0,0,0,0,0,0,0,0.0,0,0,0,0,0.00,0.00,0,0,0,0,0,0,0,0,0.0,0.0,0,0,0,0,0,NA,0,0,0.0%,NA,NA,NA,0,NA,0,0,NA,0.0,NA,NA,NA,0,NA,NA,NA,NA,NA,NA,NA,0,NA,NA,@ MIN,19,·,·,·
17,5086,Marquez Valdes-Scantling,WR,31.0,SF,64.0,70,72,5.1,3.6,2.1,1,1,0,66,54,1,0.0,0,0,0,0,0,0,0.0,0,0,0,0,0.00,0.00,3,9,0,1,0,9,12,21,7.0,2.3,0,0,0,21,0,NA,0,0,82.0%,NA,NA,NA,0,NA,1,9,0.111,1.0,39,23.1%,0.54,0,NA,NA,NA,NA,NA,0.026,NA,21,NA,NA,vs CHI,3,·,5.46,-0.4
17,829,Andy Dalton,QB,37.9,CAR,999.0,999,999,0,0,0,1,0,0,53,0,0,0.0,0,0,0,0,0,0,0.0,0,0,0,0,0.00,0.00,0,0,0,0,0,0,0,0,0.0,0.0,0,0,0,0,0,NA,0,0,0.0%,NA,NA,NA,0,NA,0,0,NA,NA,NA,NA,NA,0,NA,NA,NA,NA,NA,NA,NA,0,NA,NA,vs SEA,13,·,·,·
17,3257,Jacoby Brissett,QB,32.8,ARI,14.0,14,14,16.48,16.48,16.48,1,1,1,57,57,0,56.8,94,37,21,7,16,0,91.3,212,4,2,212,5.73,10.10,0,0,0,0,0,0,0,0,0.0,0.0,0,0,0,0,0,NA,0,0,100.0%,NA,NA,NA,0,NA,9,37,NA,NA,NA,NA,NA,9,24.3%,3.11,10.8%,41.5%,7.70,NA,41,212,-0.9%,-0.02,@ CIN,4,·,21.47,-5.0
17,7608,Khalil Herbert,RB,27.4,SEA,70.0,70,66,0.5,0.5,0.5,1,1,0,61,13,0,0.0,0,0,0,0,0,0,0.0,5,0,0,0,0.00,0.00,0,0,1,0,0,1,0,0,0.0,0.0,2,0,0,5,0,NA,5,2.5,21.0%,NA,NA,NA,0,NA,0,3,0.000,0.0,NA,NA,NA,0,NA,NA,NA,NA,NA,NA,NA,5,NA,NA,@ CAR,8,·,0.02,0.5
17,3634,Kalif Raymond,WR,31.1,DET,106.0,106,107,1.5,1,0.5,1,1,0,64,6,0,0.0,0,0,0,0,0,0,0.0,0,0,0,0,0.00,0.00,1,3,0,0,0,2,2,5,5.0,2.5,0,0,0,5,0,NA,0,0,9.0%,NA,NA,NA,0,NA,0,2,0.000,0.0,4,6.9%,1.25,0,NA,NA,NA,NA,NA,0.000,NA,5,NA,NA,@ MIN,32,·,3.65,-2.2
17,6126,Irv Smith,TE,27.1,HOU,0.0,0,0,0,0,0,0,0,0,0,0,0,0.0,0,0,0,0,0,0,0.0,0,0,0,0,0.00,0.00,0,0,0,0,0,0,0,0,0.0,0.0,0,0,0,0,0,NA,0,0,0.0%,NA,NA,NA,0,NA,0,0,NA,NA,NA,NA,NA,0,NA,NA,NA,NA,NA,NA,NA,0,NA,NA,@ LAC,26,Q,Q,Q
17,10857,Stetson Bennett,QB,27.9,LAR,0.0,0,0,0,0,0,0,0,0,0,0,0,0.0,0,0,0,0,0,0,0.0,0,0,0,0,0.00,0.00,0,0,0,0,0,0,0,0,0.0,0.0,0,0,0,0,0,NA,0,0,0.0%,NA,NA,NA,0,NA,0,0,NA,NA,NA,NA,NA,0,NA,NA,NA,NA,NA,NA,NA,0,NA,NA,@ ATL,16,·,·,·
17,6144,Trayveon Williams,RB,27.9,FA,68.0,65,62,1,1,1,1,1,0,52,12,0,0.0,0,0,0,0,0,0,0.0,10,0,0,0,0.00,0.00,0,0,0,0,0,0,0,0,0.0,0.0,2,0,1,10,0,8,10,5,23.0%,0,3.90,0.000,1,0.390,1,2,0.500,1.0,NA,0.0%,NA,0,NA,NA,NA,NA,NA,NA,NA,10,NA,NA,NA,,·,3.32,-2.3
17,12473,Mitchell Evans,TE,22.5,CAR,53.0,53,53,1.6,1.1,0.6,1,1,1,53,30,0,0.0,0,0,0,0,0,0,0.0,1,0,0,0,0.00,0.00,1,-1,1,0,0,2,6,5,5.0,2.5,1,0,1,6,0,NA,1,1,57.0%,NA,NA,NA,1,NA,1,3,0.333,1.0,11,8.3%,0.45,0,NA,NA,NA,NA,NA,0.000,NA,6,NA,NA,vs SEA,11,·,1.69,-0.1
17,5374,Justin Watson,WR,29.5,HOU,999.0,999,999,0,0,0,1,0,0,0,0,0,0.0,0,0,0,0,0,0,0.0,0,0,0,0,0.00,0.00,0,0,0,0,0,0,0,0,0.0,0.0,0,0,0,0,0,NA,0,0,0.0%,NA,NA,NA,0,NA,0,0,NA,NA,NA,NA,NA,0,NA,NA,NA,NA,NA,NA,NA,0,NA,NA,@ LAC,30,IR,IR,IR
17,10223,Eric Gray,RB,25.9,NYG,999.0,999,999,0,0,0,1,1,0,64,3,0,0.0,0,0,0,0,0,0,0.0,0,0,0,0,0.00,0.00,0,0,0,0,0,0,0,0,0.0,0.0,0,0,0,0,0,NA,0,0,5.0%,NA,NA,NA,0,NA,0,0,NA,0.0,NA,NA,NA,0,NA,NA,NA,NA,NA,NA,NA,0,NA,NA,@ LV,9,·,0.02,0.0
17,6012,Travis Homer,RB,27.1,CHI,999.0,999,999,0,0,0,1,0,0,66,0,0,0.0,0,0,0,0,0,0,0.0,0,0,0,0,0.00,0.00,0,0,0,0,0,0,0,0,0.0,0.0,0,0,0,0,0,NA,0,0,0.0%,NA,NA,NA,0,NA,0,0,NA,0.0,NA,NA,NA,0,NA,NA,NA,NA,NA,NA,NA,0,NA,NA,@ SF,29,Q,0.03,0.0
17,3202,Austin Hooper,TE,30.9,NE,18.0,16,14,9.1,8.1,7.1,1,1,0,66,27,0,0.0,0,0,0,0,0,0,0.0,0,0,0,0,0.00,0.00,2,8,0,0,1,2,3,11,5.5,5.5,0,0,0,11,0,NA,0,0,41.0%,NA,NA,NA,0,NA,1,2,0.500,1.0,10,8.0%,1.10,0,NA,NA,NA,NA,NA,0.000,NA,11,NA,NA,@ NYJ,13,·,2.42,6.7
17,4972,Mason Rudolph,QB,30.2,PIT,999.0,999,999,0,0,0,1,0,0,66,0,0,0.0,0,0,0,0,0,0,0.0,0,0,0,0,0.00,0.00,0,0,0,0,0,0,0,0,0.0,0.0,0,0,0,0,0,NA,0,0,0.0%,NA,NA,NA,0,NA,0,0,NA,NA,NA,NA,NA,0,NA,NA,NA,NA,NA,NA,NA,0,NA,NA,@ CLE,29,·,·,·
17,9489,Justin Shorter,WR,25.4,LV,999.0,999,999,0,0,0,1,0,0,0,0,0,0.0,0,0,0,0,0,0,0.0,0,0,0,0,0.00,0.00,0,0,0,0,0,0,0,0,0.0,0.0,0,0,0,0,0,NA,0,0,0.0%,NA,NA,NA,0,NA,0,0,NA,NA,NA,NA,NA,0,NA,NA,NA,NA,NA,NA,NA,0,NA,NA,vs NYG,5,·,·,·
17,8219,Jelani Woods,TE,27.0,NYJ,54.0,54,54,1.4,0.9,0.4,1,1,0,61,22,0,0.0,0,0,0,0,0,0,0.0,0,0,0,0,0.00,0.00,1,3,0,0,0,1,1,4,4.0,4.0,0,0,0,4,0,NA,0,0,35.0%,NA,NA,NA,0,NA,0,1,0.000,0.0,4,2.9%,1.00,0,NA,NA,NA,NA,NA,0.000,NA,4,NA,NA,vs NE,10,·,0.1,1.3
17,7535,Hunter Long,TE,27.1,JAX,0.0,0,0,0,0,0,0,0,0,0,0,0,0.0,0,0,0,0,0,0,0.0,0,0,0,0,0.00,0.00,0,0,0,0,0,0,0,0,0.0,0.0,0,0,0,0,0,NA,0,0,0.0%,NA,NA,NA,0,NA,0,0,NA,NA,NA,NA,NA,0,NA,NA,NA,NA,NA,NA,NA,0,NA,NA,@ IND,6,·,1.77,-1.8
17,9495,Rakim Jarrett,WR,24.7,FA,0.0,0,0,0,0,0,0,0,0,0,0,0,0.0,0,0,0,0,0,0,0.0,0,0,0,0,0.00,0.00,0,0,0,0,0,0,0,0,0.0,0.0,0,0,0,0,0,NA,0,0,0.0%,NA,NA,NA,0,NA,0,0,NA,NA,NA,NA,NA,0,NA,NA,NA,NA,NA,NA,NA,0,NA,NA,NA,,·,·,·
17,12048,George Holani,RB,25.8,SEA,999.0,999,999,0,0,0,1,0,0,0,0,0,0.0,0,0,0,0,0,0,0.0,0,0,0,0,0.00,0.00,0,0,0,0,0,0,0,0,0.0,0.0,0,0,0,0,0,NA,0,0,0.0%,NA,NA,NA,0,NA,0,0,NA,NA,NA,NA,NA,0,NA,NA,NA,NA,NA,NA,NA,0,NA,NA,@ CAR,8,IR,IR,IR
17,7757,Ben Skowronek,WR,28.2,PIT,999.0,999,999,0,0,0,1,0,0,66,0,0,0.0,0,0,0,0,0,0,0.0,0,0,0,0,0.00,0.00,0,0,0,0,0,0,0,0,0.0,0.0,0,0,0,0,0,NA,0,0,0.0%,NA,NA,NA,0,NA,0,0,NA,0.0,NA,NA,NA,0,NA,NA,NA,NA,NA,NA,NA,0,NA,NA,@ CLE,27,·,0.57,-0.6
17,6427,Ashton Dulin,WR,28.4,IND,999.0,999,999,0,0,0,1,1,0,57,7,0,0.0,0,0,0,0,0,0,0.0,0,0,0,0,0.00,0.00,0,0,0,0,0,0,0,0,0.0,0.0,0,0,0,0,0,NA,0,0,12.0%,NA,NA,NA,0,NA,0,0,NA,0.0,4,0.0%,0.00,0,NA,NA,NA,NA,NA,0.000,NA,0,NA,NA,vs JAX,13,IR,IR,IR
17,6001,Drew Sample,TE,29.4,CIN,51.0,51,51,1.8,1.3,0.8,1,1,0,77,50,0,0.0,0,0,0,0,0,0,0.0,0,0,0,0,0.00,0.00,1,-3,0,0,0,1,11,8,8.0,8.0,0,0,0,8,0,NA,0,0,65.0%,NA,NA,NA,0,NA,0,1,0.000,0.0,14,2.8%,0.57,0,NA,NA,NA,NA,NA,0.000,NA,8,NA,NA,vs ARI,8,·,1.3,0.5
17,8116,Pierre Strong Jr.,RB,26.8,GB,999.0,999,999,0,0,0,1,0,0,0,0,0,0.0,0,0,0,0,0,0,0.0,0,0,0,0,0.00,0.00,0,0,0,0,0,0,0,0,0.0,0.0,0,0,0,0,0,NA,0,0,0.0%,NA,NA,NA,0,NA,0,0,NA,NA,NA,NA,NA,0,NA,NA,NA,NA,NA,NA,NA,0,NA,NA,vs BAL,13,·,·,·
17,6847,Devin Duvernay,WR,28.0,CHI,999.0,999,999,0,0,0,1,1,0,66,11,0,0.0,0,0,0,0,0,0,0.0,0,0,0,0,0.00,0.00,0,0,0,0,0,1,0,0,0.0,0.0,0,0,0,0,0,NA,0,0,17.0%,NA,NA,NA,0,NA,0,1,0.000,0.0,5,2.4%,0.00,0,NA,NA,NA,NA,NA,0.000,NA,0,NA,NA,@ SF,22,Q,0.71,-0.7
17,11716,Tip Reiman,TE,24.0,ARI,999.0,999,999,0,0,0,1,0,0,0,0,0,0.0,0,0,0,0,0,0,0.0,0,0,0,0,0.00,0.00,0,0,0,0,0,0,0,0,0.0,0.0,0,0,0,0,0,NA,0,0,0.0%,NA,NA,NA,0,NA,0,0,NA,NA,NA,NA,NA,0,NA,NA,NA,NA,NA,NA,NA,0,NA,NA,@ CIN,1,IR,IR,IR
17,7602,Kylen Granson,TE,27.5,PHI,999.0,999,999,0,0,0,1,1,0,54,10,0,0.0,0,0,0,0,0,0,0.0,0,0,0,0,0.00,0.00,0,0,0,0,0,0,0,0,0.0,0.0,0,0,0,0,0,NA,0,0,19.0%,NA,NA,NA,0,NA,0,0,NA,0.0,NA,NA,NA,0,NA,NA,NA,NA,NA,NA,NA,0,NA,NA,@ BUF,31,·,0.31,-0.3
17,2749,Raheem Mostert,RB,33.5,LV,0.0,0,0,0,0,0,0,0,0,0,0,0,0.0,0,0,0,0,0,0,0.0,0,0,0,0,0.00,0.00,0,0,0,0,0,0,0,0,0.0,0.0,0,0,0,0,0,NA,0,0,0.0%,NA,NA,NA,0,NA,0,0,NA,NA,NA,NA,NA,0,NA,NA,NA,NA,NA,NA,NA,0,NA,NA,vs NYG,3,Q,2.49,-2.5
17,8127,Charlie Kolar,TE,26.6,BAL,999.0,999,999,0,0,0,1,1,0,76,37,0,0.0,0,0,0,0,0,0,0.0,0,0,0,0,0.00,0.00,0,0,0,0,0,1,0,0,0.0,0.0,0,0,0,0,0,NA,0,0,49.0%,NA,NA,NA,0,NA,0,1,0.000,0.0,NA,NA,NA,0,NA,NA,NA,NA,NA,NA,NA,0,NA,NA,@ GB,23,·,2.3,-2.3
17,7585,Davis Mills,QB,26.9,HOU,999.0,999,999,0,0,0,1,0,0,65,0,0,0.0,0,0,0,0,0,0,0.0,0,0,0,0,0.00,0.00,0,0,0,0,0,0,0,0,0.0,0.0,0,0,0,0,0,NA,0,0,0.0%,NA,NA,NA,0,NA,0,0,NA,NA,NA,NA,NA,0,NA,NA,NA,NA,NA,NA,NA,0,NA,NA,@ LAC,30,·,·,·
17,6290,Scotty Miller,WR,28.2,PIT,59.0,62,66,5.5,4,2.5,1,1,0,66,42,0,0.0,0,0,0,0,0,0,0.0,0,0,0,0,0.00,0.00,3,16,0,2,0,7,9,25,8.3,3.6,0,0,0,25,0,NA,0,0,64.0%,NA,NA,NA,0,NA,2,7,0.286,2.0,32,17.9%,0.78,0,NA,NA,NA,NA,NA,0.063,NA,25,NA,NA,@ CLE,27,·,4.21,1.3
17,10228,Charlie Jones,WR,26.9,CIN,0.0,0,0,0,0,0,0,0,0,0,0,0,0.0,0,0,0,0,0,0,0.0,0,0,0,0,0.00,0.00,0,0,0,0,0,0,0,0,0.0,0.0,0,0,0,0,0,NA,0,0,0.0%,NA,NA,NA,0,NA,0,0,NA,NA,NA,NA,NA,0,NA,NA,NA,NA,NA,NA,NA,0,NA,NA,vs ARI,19,Q,0.21,-0.2
17,6659,Craig Reynolds,RB,29.3,DET,999.0,999,999,0,0,0,1,0,0,0,0,0,0.0,0,0,0,0,0,0,0.0,0,0,0,0,0.00,0.00,0,0,0,0,0,0,0,0,0.0,0.0,0,0,0,0,0,NA,0,0,0.0%,NA,NA,NA,0,NA,0,0,NA,NA,NA,NA,NA,0,NA,NA,NA,NA,NA,NA,NA,0,NA,NA,@ MIN,19,OUT,OUT,OUT
17,4574,Cooper Rush,QB,31.8,BAL,999.0,999,999,0,0,0,1,0,0,76,0,0,0.0,0,0,0,0,0,0,0.0,0,0,0,0,0.00,0.00,0,0,0,0,0,0,0,0,0.0,0.0,0,0,0,0,0,NA,0,0,0.0%,NA,NA,NA,0,NA,0,0,NA,NA,NA,NA,NA,0,NA,NA,NA,NA,NA,NA,NA,0,NA,NA,@ GB,23,·,·,·
17,4663,Austin Ekeler,RB,30.4,WAS,999.0,999,999,0,0,0,1,0,0,0,0,0,0.0,0,0,0,0,0,0,0.0,0,0,0,0,0.00,0.00,0,0,0,0,0,0,0,0,0.0,0.0,0,0,0,0,0,NA,0,0,0.0%,NA,NA,NA,0,NA,0,0,NA,NA,NA,NA,NA,0,NA,NA,NA,NA,NA,NA,NA,0,NA,NA,vs DAL,7,IR,IR,IR
17,8489,Andrew Ogletree,TE,27.2,IND,999.0,999,999,0,0,0,1,0,0,0,0,0,0.0,0,0,0,0,0,0,0.0,0,0,0,0,0.00,0.00,0,0,0,0,0,0,0,0,0.0,0.0,0,0,0,0,0,NA,0,0,0.0%,NA,NA,NA,0,NA,0,0,NA,NA,NA,NA,NA,0,NA,NA,NA,NA,NA,NA,NA,0,NA,NA,vs JAX,9,Q,0.51,-0.5
17,8159,Desmond Ridder,QB,26.1,MIN,0.0,0,0,0,0,0,0,0,0,0,0,0,0.0,0,0,0,0,0,0,0.0,0,0,0,0,0.00,0.00,0,0,0,0,0,0,0,0,0.0,0.0,0,0,0,0,0,NA,0,0,0.0%,NA,NA,NA,0,NA,0,0,NA,NA,NA,NA,NA,0,NA,NA,NA,NA,NA,NA,NA,0,NA,NA,vs DET,7,·,·,·
17,8253,Deven Thompkins,WR,25.8,ATL,999.0,999,999,0,0,0,1,0,0,53,0,0,0.0,0,0,0,0,0,0,0.0,0,0,0,0,0.00,0.00,0,0,0,0,0,0,0,0,0.0,0.0,0,0,0,0,0,NA,0,0,0.0%,NA,NA,NA,0,NA,0,0,NA,0.0,NA,NA,NA,0,NA,NA,NA,NA,NA,NA,NA,0,NA,NA,vs LAR,8,·,·,·
17,12725,Luke Lachey,TE,24.2,HOU,999.0,999,999,0,0,0,1,0,0,0,0,0,0.0,0,0,0,0,0,0,0.0,0,0,0,0,0.00,0.00,0,0,0,0,0,0,0,0,0.0,0.0,0,0,0,0,0,NA,0,0,0.0%,NA,NA,NA,0,NA,0,0,NA,NA,NA,NA,NA,0,NA,NA,NA,NA,NA,NA,NA,0,NA,NA,@ LAC,26,·,·,·
17,,,,,,,,,,,,,,,,,,,,,,,,,,,,,,,,,,,,,,,,,,,,,,,NA,,,0.0%,NA,NA,NA,0,NA,0,0,NA,NA,NA,NA,NA,0,NA,NA,NA,NA,NA,NA,NA,0,NA,NA,NA,,·,·,·