WK,SLPR_ID,NM,POS,AGE,TM,PRK_PPR,PRK_0.5P,PRK_STD,FPT_PPR,FPTS_0.5,FPTS_STD,GM_ACTV,GM_P,GM,TM_SNP,SNP,FUM,CMP PCT,paAY,paATT,CMP,pa1D,INC,INT,paRTG,pa.ruYDS,SAC,paTD,paYDS,paYPA,paYPC,REC,recAY,DRP,rec1D,recTD,TGT,YAC,recYDS,YPR,YPT,CAR,BTKL,ru1D,ru.recYDS,ruTD,YCO,ruYDS,YPC,SNP%,MTF,YCO/A,MTF/A,ruIMP,ELU,IMP,OPP,IMP/OPP,IMP/G,RR,TS%,YPRR,pIMP,pIMP/A,TTT,DP%,PRS%,AYA,1DRR,DB,YDS(t),CMP%OE,EPA/DB,VS,vsRK,INJ,PROJ,FPOE
18,4984,Josh Allen,QB,29.4,BUF,999,999,999,0,0,0,1,1,1,0,1,0,0.0,0,0,0,0,0,0,0.00,0,0,0,0,0.00,0.00,0,0,0,0,0,0,0,0,0.0,0.0,0,0,0,0,0,NA,0,0,1.0%,NA,NA,NA,0,NA,0,0,NA,NA,NA,NA,NA,0,NA,NA,NA,NA,NA,NA,NA,0,NA,NA,vs NYJ,11,·,2.5,-2.5
18,9509,Bijan Robinson,RB,23.7,ATL,30,36,41,7.3,5.8,4.3,1,1,1,0,53,0,0.0,0,0,0,0,0,0,0.00,33,0,0,0,0.00,0.00,3,-17,0,0,0,3,27,10,3.3,3.3,15,0,2,43,0,44,33,2.2,84.0%,5,2.90,0.333,2,0.623,2,18,0.111,2.0,NA,9.4%,NA,0,NA,NA,NA,NA,NA,NA,NA,43,NA,NA,vs NO,16,·,21.2,-13.9
18,7564,Ja'Marr Chase,WR,25.6,CIN,4,3,4,23.6,19.6,15.6,1,1,1,0,68,0,0.0,0,0,0,0,0,0,0.00,0,0,0,0,0.00,0.00,8,46,0,6,1,10,50,96,12.0,9.6,0,0,0,96,0,NA,0,0,100.0%,NA,NA,NA,0,NA,7,10,0.700,7.0,42,25.6%,2.29,0,NA,NA,NA,NA,NA,0.143,NA,96,NA,NA,vs CLE,27,·,18.8,4.8
18,9493,Puka Nacua,WR,24.3,LAR,2,2,2,26,21,16,1,1,1,0,52,0,0.0,0,0,0,0,0,0,0.00,24,0,0,0,0.00,0.00,10,45,0,4,1,11,31,76,7.6,6.9,2,0,2,100,0,NA,24,12,69.0%,NA,NA,NA,2,NA,7,13,0.538,7.0,31,27.5%,2.45,0,NA,NA,NA,NA,NA,0.129,NA,100,NA,NA,vs ARI,19,·,21.2,4.8
18,4881,Lamar Jackson,QB,28.7,BAL,16,16,16,21.42,21.42,21.42,1,1,1,0,51,0,61.1,147,18,11,2,7,1,121.50,247,3,3,238,13.22,21.64,0,0,0,0,0,0,0,0,0.0,0.0,4,0,1,9,0,NA,9,2.25,100.0%,NA,NA,NA,1,NA,6,22,NA,NA,NA,NA,NA,5,27.8%,3.43,16.7%,34.8%,10.10,NA,23,247,-6.5%,+0.12,@ PIT,6,·,20.4,1.0
18,11566,Jayden Daniels,QB,24.8,WAS,0,0,0,0,0,0,0,0,0,0,0,0,0.0,0,0,0,0,0,0,0.00,0,0,0,0,0.00,0.00,0,0,0,0,0,0,0,0,0.0,0.0,0,0,0,0,0,NA,0,0,0.0%,NA,NA,NA,0,NA,0,0,NA,NA,NA,NA,NA,0,NA,NA,NA,NA,NA,NA,NA,0,NA,NA,@ PHI,27,OUT,OUT,OUT
18,9221,Jahmyr Gibbs,RB,23.5,DET,4,4,6,20.3,18.8,17.3,1,1,1,0,52,0,0.0,0,0,0,0,0,0,0.00,80,0,0,0,0.00,0.00,3,9,0,1,1,5,24,33,11.0,6.6,19,0,4,113,0,55,80,4.21,71.0%,4,2.90,0.211,4,0.501,6,24,0.250,6.0,NA,11.9%,NA,0,NA,NA,NA,NA,NA,NA,NA,113,NA,NA,@ CHI,23,·,22.1,-1.8
18,6794,Justin Jefferson,WR,26.3,MIN,8,10,11,18.4,14.4,10.4,1,1,1,0,51,0,0.0,0,0,0,0,0,0,0.00,3,0,0,0,0.00,0.00,8,50,0,5,0,11,51,101,12.6,9.2,1,0,0,104,0,NA,3,3,76.0%,NA,NA,NA,0,NA,5,12,0.417,5.0,29,35.5%,3.48,0,NA,NA,NA,NA,NA,0.172,NA,104,NA,NA,vs GB,15,·,13.6,4.8
18,9488,Jaxon Smith-Njigba,WR,23.6,SEA,14.0,14,17,14.4,11.4,8.4,1,1,1,69,57,0,0.0,0,0,0,0,0,0,0.00,0,0,0,0,0.00,0.00,6,61,0,5,0,8,23,84,14.0,10.5,0,0,0,84,0,NA,0,0,83.0%,NA,NA,NA,0,NA,5,8,0.625,5.0,28,30.8%,3.00,0,NA,NA,NA,NA,NA,0.179,NA,84,NA,NA,@ SF,22,·,21.2,-6.8
18,7547,Amon-Ra St. Brown,WR,25.9,DET,3.0,4,6,24.9,19.4,13.9,1,1,1,0,69,0,0.0,0,0,0,0,0,0,0.00,0,0,0,0,0.00,0.00,11,94,0,8,0,15,45,139,12.6,9.3,0,0,0,139,0,NA,0,0,95.0%,NA,NA,NA,0,NA,8,15,0.533,8.0,43,35.7%,3.23,0,NA,NA,NA,NA,NA,0.186,NA,139,NA,NA,@ CHI,3,·,17.5,7.4
18,6786,CeeDee Lamb,WR,26.5,DAL,99.0,99,101,1.4,0.9,0.4,1,1,1,0,25,0,0.0,0,0,0,0,0,0,0.00,0,0,0,0,0.00,0.00,1,4,0,1,0,1,0,4,4.0,4.0,0,0,0,4,0,NA,0,0,45.0%,NA,NA,NA,0,NA,1,1,1.000,1.0,10,4.2%,0.40,0,NA,NA,NA,NA,NA,0.100,NA,4,NA,NA,@ NYG,5,·,16.7,-15.3
18,11632,Malik Nabers,WR,22.2,NYG,999.0,999,999,0,0,0,1,0,0,0,0,0,0.0,0,0,0,0,0,0,0.00,0,0,0,0,0.00,0.00,0,0,0,0,0,0,0,0,0.0,0.0,0,0,0,0,0,NA,0,0,0.0%,NA,NA,NA,0,NA,0,0,NA,NA,NA,NA,NA,0,NA,NA,NA,NA,NA,NA,NA,0,NA,NA,vs DAL,1,IR,IR,IR
18,11564,Drake Maye,QB,23.1,NE,14.0,14,14,15.74,15.74,15.74,1,1,1,0,45,0,77.8,96,18,14,6,4,0,129.40,232,0,1,191,10.61,13.64,0,0,0,0,0,0,0,0,0.0,0.0,5,0,3,41,0,NA,41,8.2,76.0%,NA,NA,NA,3,NA,10,23,NA,NA,NA,NA,NA,7,38.9%,3.31,5.6%,43.5%,9.30,NA,23,232,+14.9%,+0.51,vs MIA,9,·,22.3,-6.6
18,12514,Emeka Egbuka,WR,23.0,TB,89.0,89,89,1.8,1.3,0.8,1,1,0,67,39,0,0.0,0,0,0,0,0,0,0.00,0,0,0,0,0.00,0.00,1,1,0,0,0,3,7,8,8.0,2.7,0,0,0,8,0,NA,0,0,58.0%,NA,NA,NA,0,NA,0,3,0.000,0.0,19,13.6%,0.42,0,NA,NA,NA,NA,NA,0.000,NA,8,NA,NA,vs CAR,21,·,5.7,-3.9
18,11604,Brock Bowers,TE,22.8,LV,999.0,999,999,0,0,0,1,0,0,0,0,0,0.0,0,0,0,0,0,0,0.00,0,0,0,0,0.00,0.00,0,0,0,0,0,0,0,0,0.0,0.0,0,0,0,0,0,NA,0,0,0.0%,NA,NA,NA,0,NA,0,0,NA,NA,NA,NA,NA,0,NA,NA,NA,NA,NA,NA,NA,0,NA,NA,vs KC,27,IR,IR,IR
18,6904,Jalen Hurts,QB,27.1,PHI,999.0,999,999,0,0,0,1,0,0,0,0,0,0.0,0,0,0,0,0,0,0.00,0,0,0,0,0.00,0.00,0,0,0,0,0,0,0,0,0.0,0.0,0,0,0,0,0,NA,0,0,0.0%,NA,NA,NA,0,NA,0,0,NA,NA,NA,NA,NA,0,NA,NA,NA,NA,NA,NA,NA,0,NA,NA,vs WAS,3,DNP,DNP,DNP
18,12527,Ashton Jeanty,RB,21.8,LV,16.0,16,18,12.4,10.9,9.4,1,1,1,0,60,0,0.0,0,0,0,0,0,0,0.00,87,0,0,0,0.00,0.00,3,-13,0,0,0,5,20,7,2.3,1.4,26,0,3,94,0,73,87,3.35,97.0%,9,2.80,0.346,3,0.626,3,31,0.097,3.0,NA,19.2%,NA,0,NA,NA,NA,NA,NA,NA,NA,94,NA,NA,vs KC,26,·,15.8,-3.4
18,6797,Justin Herbert,QB,27.6,LAC,0.0,0,0,0,0,0,0,0,0,0,0,0,0.0,0,0,0,0,0,0,0.00,0,0,0,0,0.00,0.00,0,0,0,0,0,0,0,0,0.0,0.0,0,0,0,0,0,NA,0,0,0.0%,NA,NA,NA,0,NA,0,0,NA,NA,NA,NA,NA,0,NA,NA,NA,NA,NA,NA,NA,0,NA,NA,@ DEN,24,DNP,DNP,DNP
18,6813,Jonathan Taylor,RB,26.7,IND,45.0,48,44,5.9,4.9,3.9,1,1,1,0,34,0,0.0,0,0,0,0,0,0,0.00,26,0,0,0,0.00,0.00,2,1,0,1,0,2,12,13,6.5,6.5,14,0,2,39,0,36,26,1.86,52.0%,4,2.60,0.286,2,0.546,3,16,0.188,3.0,NA,5.7%,NA,0,NA,NA,NA,NA,NA,NA,NA,39,NA,NA,@ HOU,21,·,17.3,-11.4
18,8112,Drake London,WR,24.2,ATL,10.0,7,7,17.8,15.8,13.8,1,1,1,0,59,0,0.0,0,0,0,0,0,0,0.00,0,0,0,0,0.00,0.00,4,69,0,3,1,8,9,78,19.5,9.8,0,0,0,78,0,NA,0,0,94.0%,NA,NA,NA,0,NA,4,8,0.500,4.0,36,25.0%,2.17,0,NA,NA,NA,NA,NA,0.083,NA,78,NA,NA,vs NO,26,·,15.0,2.8
18,4046,Patrick Mahomes,QB,30.0,KC,999.0,999,999,0,0,0,1,0,0,0,0,0,0.0,0,0,0,0,0,0,0.00,0,0,0,0,0.00,0.00,0,0,0,0,0,0,0,0,0.0,0.0,0,0,0,0,0,NA,0,0,0.0%,NA,NA,NA,0,NA,0,0,NA,NA,NA,NA,NA,0,NA,NA,NA,NA,NA,NA,NA,0,NA,NA,@ LV,17,IR,IR,IR
18,6770,Joe Burrow,QB,28.8,CIN,5.0,5,5,22.14,22.14,22.14,1,1,1,0,67,0,74.4,104,39,29,13,10,1,104.20,253,2,3,236,6.05,8.14,0,0,0,0,0,0,0,0,0.0,0.0,2,0,1,17,0,NA,17,8.5,99.0%,NA,NA,NA,1,NA,17,41,NA,NA,NA,NA,NA,16,41.0%,2.64,5.1%,26.2%,5.30,NA,42,253,+5.8%,-0.32,vs CLE,29,·,20.4,1.7
18,9226,De'Von Achane,RB,24.0,MIA,0.0,0,0,0,0,0,0,0,0,0,0,0,0.0,0,0,0,0,0,0,0.00,0,0,0,0,0.00,0.00,0,0,0,0,0,0,0,0,0.0,0.0,0,0,0,0,0,NA,0,0,0.0%,NA,NA,NA,0,NA,0,0,NA,NA,NA,NA,NA,0,NA,NA,NA,NA,NA,NA,NA,0,NA,NA,@ NE,30,DNP,DNP,DNP
18,8130,Trey McBride,TE,25.8,ARI,6.0,8,14,13.5,10,6.5,1,1,1,0,52,0,0.0,0,0,0,0,0,0,0.00,0,0,0,0,0.00,0.00,7,34,0,1,0,8,31,65,9.3,8.1,0,0,0,65,0,NA,0,0,95.0%,NA,NA,NA,0,NA,1,8,0.125,1.0,39,25.0%,1.67,0,NA,NA,NA,NA,NA,0.026,NA,65,NA,NA,@ LAR,19,·,17.8,-4.3
18,12507,Omarion Hampton,RB,22.5,LAC,0.0,0,0,0,0,0,0,0,0,0,0,0,0.0,0,0,0,0,0,0,0.00,0,0,0,0,0.00,0.00,0,0,0,0,0,0,0,0,0.0,0.0,0,0,0,0,0,NA,0,0,0.0%,NA,NA,NA,0,NA,0,0,NA,NA,NA,NA,NA,0,NA,NA,NA,NA,NA,NA,NA,0,NA,NA,@ DEN,32,DNP,DNP,DNP
18,11620,Rome Odunze,WR,23.3,CHI,0.0,0,0,0,0,0,0,0,0,0,0,0,0.0,0,0,0,0,0,0,0.00,0,0,0,0,0.00,0.00,0,0,0,0,0,0,0,0,0.0,0.0,0,0,0,0,0,NA,0,0,0.0%,NA,NA,NA,0,NA,0,0,NA,NA,NA,NA,NA,0,NA,NA,NA,NA,NA,NA,NA,0,NA,NA,vs DET,2,OUT,OUT,OUT
18,12526,Tetairoa McMillan,WR,22.5,CAR,23.0,23,24,10.5,8.5,6.5,1,1,1,51,45,1,0.0,0,0,0,0,0,0,0.00,0,0,0,0,0.00,0.00,4,76,0,4,0,6,9,85,21.3,14.2,0,0,0,85,0,NA,0,0,88.0%,NA,NA,NA,0,NA,4,6,0.667,4.0,31,17.1%,2.74,0,NA,NA,NA,NA,NA,0.129,NA,85,NA,NA,@ TB,16,·,14.5,-4.0
18,11560,Caleb Williams,QB,23.9,CHI,8.0,8,8,17.58,17.58,17.58,1,1,1,0,55,1,60.6,114,33,20,8,13,1,86.90,213,1,2,212,6.42,10.60,0,0,0,0,0,0,0,0,0.0,0.0,1,0,0,1,0,NA,1,1,100.0%,NA,NA,NA,0,NA,10,34,NA,NA,NA,NA,NA,10,30.3%,2.99,6.1%,22.9%,7.50,NA,35,213,-1.2%,-0.17,vs DET,7,·,18.6,-1.0
18,12518,Tyler Warren,TE,23.4,IND,20.0,24,33,7.6,5.1,2.6,1,1,1,0,53,0,0.0,0,0,0,0,0,0,0.00,0,0,0,0,0.00,0.00,5,13,0,2,0,8,13,26,5.2,3.3,0,0,0,26,0,NA,0,0,82.0%,NA,NA,NA,0,NA,2,8,0.250,2.0,28,22.9%,0.93,0,NA,NA,NA,NA,NA,0.071,NA,26,NA,NA,@ HOU,22,·,10.3,-2.7
18,12512,Quinshon Judkins,RB,21.9,CLE,999.0,999,999,0,0,0,1,0,0,0,0,0,0.0,0,0,0,0,0,0,0.00,0,0,0,0,0.00,0.00,0,0,0,0,0,0,0,0,0.0,0.0,0,0,0,0,0,NA,0,0,0.0%,NA,NA,NA,0,NA,0,0,NA,NA,NA,NA,NA,0,NA,NA,NA,NA,NA,NA,NA,0,NA,NA,@ CIN,1,IR,IR,IR
18,11584,Bucky Irving,RB,23.1,TB,21.0,18,16,10.8,10.3,9.8,1,1,1,67,42,0,0.0,0,0,0,0,0,0,0.00,85,0,0,0,0.00,0.00,1,-1,0,1,0,2,14,13,13.0,6.5,26,0,5,98,0,42,85,3.27,63.0%,3,1.60,0.115,5,0.275,6,28,0.214,6.0,NA,9.1%,NA,0,NA,NA,NA,NA,NA,NA,NA,98,NA,NA,vs CAR,8,·,15.2,-4.4
18,11631,Brian Thomas Jr.,WR,23.0,JAX,36.0,35,33,7.9,6.4,4.9,1,1,1,0,35,0,0.0,0,0,0,0,0,0,0.00,0,0,0,0,0.00,0.00,3,38,0,3,0,5,11,49,16.3,9.8,0,0,0,49,0,NA,0,0,57.0%,NA,NA,NA,0,NA,3,5,0.600,3.0,25,15.6%,1.96,0,NA,NA,NA,NA,NA,0.120,NA,49,NA,NA,vs TEN,11,·,10.7,-2.8
18,8138,James Cook,RB,26.0,BUF,71.0,69,64,1.5,1.5,1.5,1,1,1,0,2,0,0.0,0,0,0,0,0,0,0.00,15,0,0,0,0.00,0.00,0,0,0,0,0,0,0,0,0.0,0.0,2,0,1,15,0,NA,15,7.5,3.0%,NA,NA,NA,1,NA,1,2,0.500,1.0,NA,NA,NA,0,NA,NA,NA,NA,NA,NA,NA,15,NA,NA,vs NYJ,4,·,16.4,-14.9
18,4892,Baker Mayfield,QB,30.4,TB,15.0,15,15,14.22,14.22,14.22,1,1,1,67,67,1,72.7,92,22,16,11,6,1,97.30,234,2,1,203,9.23,12.69,0,0,0,0,0,0,0,0,0.0,0.0,4,0,2,31,0,NA,31,7.75,100.0%,NA,NA,NA,2,NA,14,26,NA,NA,NA,NA,NA,12,54.5%,3.46,0.0%,28.6%,7.10,NA,28,234,+2.3%,+0.34,vs CAR,25,·,21.2,-7.0
18,7569,Nico Collins,WR,26.5,HOU,0.0,0,0,0,0,0,0,0,0,0,0,0,0.0,0,0,0,0,0,0,0.00,0,0,0,0,0.00,0.00,0,0,0,0,0,0,0,0,0.0,0.0,0,0,0,0,0,NA,0,0,0.0%,NA,NA,NA,0,NA,0,0,NA,NA,NA,NA,NA,0,NA,NA,NA,NA,NA,NA,NA,0,NA,NA,vs IND,4,·,DNP,IR
18,8146,Garrett Wilson,WR,25.2,NYJ,999.0,999,999,0,0,0,1,0,0,0,0,0,0.0,0,0,0,0,0,0,0.00,0,0,0,0,0.00,0.00,0,0,0,0,0,0,0,0,0.0,0.0,0,0,0,0,0,NA,0,0,0.0%,NA,NA,NA,0,NA,0,0,NA,NA,NA,NA,NA,0,NA,NA,NA,NA,NA,NA,NA,0,NA,NA,@ BUF,24,IR,IR,IR
18,6804,Jordan Love,QB,26.9,GB,999.0,999,999,0,0,0,1,0,0,0,0,0,0.0,0,0,0,0,0,0,0.00,0,0,0,0,0.00,0.00,0,0,0,0,0,0,0,0,0.0,0.0,0,0,0,0,0,NA,0,0,0.0%,NA,NA,NA,0,NA,0,0,NA,NA,NA,NA,NA,0,NA,NA,NA,NA,NA,NA,NA,0,NA,NA,@ MIN,32,·,DNP,DNP
18,10229,Rashee Rice,WR,25.4,KC,999.0,999,999,0,0,0,1,0,0,0,0,0,0.0,0,0,0,0,0,0,0.00,0,0,0,0,0.00,0.00,0,0,0,0,0,0,0,0,0.0,0.0,0,0,0,0,0,NA,0,0,0.0%,NA,NA,NA,0,NA,0,0,NA,NA,NA,NA,NA,0,NA,NA,NA,NA,NA,NA,NA,0,NA,NA,@ LV,10,IR,IR,IR
18,4866,Saquon Barkley,RB,28.6,PHI,999.0,999,999,0,0,0,1,0,0,0,0,0,0.0,0,0,0,0,0,0,0.00,0,0,0,0,0.00,0.00,0,0,0,0,0,0,0,0,0.0,0.0,0,0,0,0,0,NA,0,0,0.0%,NA,NA,NA,0,NA,0,0,NA,NA,NA,NA,NA,0,NA,NA,NA,NA,NA,NA,NA,0,NA,NA,vs WAS,6,·,DNP,DNP
18,11563,Bo Nix,QB,25.6,DEN,19.0,19,19,10.54,10.54,10.54,1,1,1,0,59,0,60.9,3,23,14,6,9,0,78.40,190,4,0,141,6.13,10.07,0,0,0,0,0,0,0,0,0.0,0.0,8,0,3,49,0,NA,49,6.13,100.0%,NA,NA,NA,3,NA,9,31,NA,NA,NA,NA,NA,6,26.1%,2.60,4.3%,40.6%,1.20,NA,32,190,-19.3%,-0.09,vs LAC,30,·,19.5,-9.0
18,12508,Jaxson Dart,QB,22.4,NYG,7.0,7,7,20.4,20.4,20.4,1,1,1,0,75,1,68.8,62,32,22,12,10,0,110.20,262,4,2,230,7.19,10.45,0,0,0,0,0,0,0,0,0.0,0.0,5,0,1,32,0,NA,32,6.4,100.0%,NA,NA,NA,1,NA,15,37,NA,NA,NA,NA,NA,14,43.8%,2.45,6.3%,35.9%,6.50,NA,39,262,+1.6%,+0.19,vs DAL,1,·,24.3,-3.9
18,11635,Ladd McConkey,WR,23.9,LAC,999.0,999,999,0,0,0,1,0,0,0,0,0,0.0,0,0,0,0,0,0,0.00,0,0,0,0,0.00,0.00,0,0,0,0,0,0,0,0,0.0,0.0,0,0,0,0,0,NA,0,0,0.0%,NA,NA,NA,0,NA,0,0,NA,NA,NA,NA,NA,0,NA,NA,NA,NA,NA,NA,NA,0,NA,NA,@ DEN,25,·,0.5,-0.5
18,4034,Christian McCaffrey,RB,29.3,SF,18.0,23,30,11.7,8.7,5.7,1,1,1,42,36,0,0.0,0,0,0,0,0,0,0.00,23,0,0,0,0.00,0.00,6,19,0,1,0,7,15,34,5.7,4.9,8,0,0,57,0,22,23,2.88,86.0%,1,2.80,0.125,0,0.405,1,15,0.067,1.0,NA,25.9%,NA,0,NA,NA,NA,NA,NA,NA,NA,57,NA,NA,vs SEA,18,·,21.2,-9.5
18,8137,George Pickens,WR,24.6,DAL,88.0,88,87,1.9,1.4,0.9,1,1,1,0,25,0,0.0,0,0,0,0,0,0,0.00,0,0,0,0,0.00,0.00,1,6,0,0,0,3,3,9,9.0,3.0,0,0,0,9,0,NA,0,0,45.0%,NA,NA,NA,0,NA,0,3,0.000,0.0,10,12.5%,0.90,0,NA,NA,NA,NA,NA,0.000,NA,9,NA,NA,@ NYG,5,·,15.1,-13.2
18,11628,Marvin Harrison Jr.,WR,23.1,ARI,999.0,999,999,0,0,0,1,0,0,0,0,0,0.0,0,0,0,0,0,0,0.00,0,0,0,0,0.00,0.00,0,0,0,0,0,0,0,0,0.0,0.0,0,0,0,0,0,NA,0,0,0.0%,NA,NA,NA,0,NA,0,0,NA,NA,NA,NA,NA,0,NA,NA,NA,NA,NA,NA,NA,0,NA,NA,@ LAR,8,IR,IR,IR
18,5850,Josh Jacobs,RB,27.6,GB,0.0,0,0,0,0,0,0,0,0,0,0,0,0.0,0,0,0,0,0,0,0.00,0,0,0,0,0.00,0.00,0,0,0,0,0,0,0,0,0.0,0.0,0,0,0,0,0,NA,0,0,0.0%,NA,NA,NA,0,NA,0,0,NA,NA,NA,NA,NA,0,NA,NA,NA,NA,NA,NA,NA,0,NA,NA,@ MIN,19,OUT,OUT,DNP
18,8150,Kyren Williams,RB,25.1,LAR,19.0,20,22,11.1,9.6,8.1,1,1,1,0,47,0,0.0,0,0,0,0,0,0,0.00,60,0,0,0,0.00,0.00,3,12,0,1,0,5,9,21,7.0,4.2,12,0,3,81,0,66,60,5,63.0%,5,5.50,0.417,3,0.967,4,17,0.235,4.0,NA,12.5%,NA,0,NA,NA,NA,NA,NA,NA,NA,81,NA,NA,vs ARI,2,·,17.2,-6.1
18,12481,Cam Skattebo,RB,23.6,NYG,999.0,999,999,0,0,0,1,0,0,0,0,0,0.0,0,0,0,0,0,0,0.00,0,0,0,0,0.00,0.00,0,0,0,0,0,0,0,0,0.0,0.0,0,0,0,0,0,NA,0,0,0.0%,NA,NA,NA,0,NA,0,0,NA,NA,NA,NA,NA,0,NA,NA,NA,NA,NA,NA,NA,0,NA,NA,vs DAL,7,IR,IR,IR
18,8155,Breece Hall,RB,24.3,NYJ,0.0,0,0,0,0,0,0,0,0,0,0,0,0.0,0,0,0,0,0,0,0.00,0,0,0,0,0.00,0.00,0,0,0,0,0,0,0,0,0.0,0.0,0,0,0,0,0,NA,0,0,0.0%,NA,NA,NA,0,NA,0,0,NA,NA,NA,NA,NA,0,NA,NA,NA,NA,NA,NA,NA,0,NA,NA,@ BUF,5,DNP,DNP,DNP
18,9758,C.J. Stroud,QB,24.0,HOU,10.0,10,10,17.26,17.26,17.26,1,1,1,0,44,0,60.9,87,23,14,6,9,0,97.90,174,0,1,169,7.35,12.07,0,0,0,0,0,0,0,0,0.0,0.0,2,0,0,5,1,NA,5,2.5,65.0%,NA,NA,NA,1,NA,8,25,NA,NA,NA,NA,NA,7,30.4%,2.92,0.0%,32.0%,6.70,NA,25,174,-2.3%,+0.14,vs IND,15,·,18.7,-1.4
18,8183,Brock Purdy,QB,25.8,SF,28.0,28,28,6.18,6.18,6.18,1,1,1,42,42,0,70.4,77,27,19,8,8,1,64.90,148,3,0,127,4.70,6.68,0,0,0,0,0,0,0,0,0.0,0.0,2,0,1,21,0,NA,21,10.5,100.0%,NA,NA,NA,1,NA,9,29,NA,NA,NA,NA,NA,8,29.6%,2.93,0.0%,34.4%,4.90,NA,32,148,+0.3%,-0.51,vs SEA,13,·,21.6,-15.4
18,3294,Dak Prescott,QB,32.2,DAL,36.0,36,36,0.7,0.7,0.7,1,1,1,0,28,1,63.6,27,11,7,5,4,0,81.60,69,0,0,70,6.36,10.00,0,0,0,0,0,0,0,0,0.0,0.0,2,0,0,-1,0,NA,-1,-0.5,51.0%,NA,NA,NA,0,NA,5,13,NA,NA,NA,NA,NA,5,45.5%,2.55,0.0%,36.4%,3.80,NA,11,69,-5.6%,-0.14,@ NYG,5,·,22.5,-21.8
18,5859,A.J. Brown,WR,28.2,PHI,999.0,999,999,0,0,0,1,0,0,0,0,0,0.0,0,0,0,0,0,0,0.00,0,0,0,0,0.00,0.00,0,0,0,0,0,0,0,0,0.0,0.0,0,0,0,0,0,NA,0,0,0.0%,NA,NA,NA,0,NA,0,0,NA,NA,NA,NA,NA,0,NA,NA,NA,NA,NA,NA,NA,0,NA,NA,vs WAS,7,·,0.0,0.0
18,12529,TreVeyon Henderson,RB,22.9,NE,10.0,6,5,17.3,17.3,17.3,1,1,0,0,24,0,0.0,0,0,0,0,0,0,0.00,53,0,0,0,0.00,0.00,0,0,0,0,0,0,0,0,0.0,0.0,13,0,2,53,2,42,53,4.08,41.0%,2,3.20,0.154,4,0.474,4,13,0.308,4.0,NA,0.0%,NA,0,NA,NA,NA,NA,NA,NA,NA,53,NA,NA,vs MIA,11,·,11.6,5.7
18,11624,Xavier Worthy,WR,22.4,KC,0.0,0,0,0,0,0,0,0,0,0,0,0,0.0,0,0,0,0,0,0,0.00,0,0,0,0,0.00,0.00,0,0,0,0,0,0,0,0,0.0,0.0,0,0,0,0,0,NA,0,0,0.0%,NA,NA,NA,0,NA,0,0,NA,NA,NA,NA,NA,0,NA,NA,NA,NA,NA,NA,NA,0,NA,NA,@ LV,10,DNP,DNP,DNP
18,10859,Sam LaPorta,TE,24.7,DET,999.0,999,999,0,0,0,1,0,0,0,0,0,0.0,0,0,0,0,0,0,0.00,0,0,0,0,0.00,0.00,0,0,0,0,0,0,0,0,0.0,0.0,0,0,0,0,0,NA,0,0,0.0%,NA,NA,NA,0,NA,0,0,NA,NA,NA,NA,NA,0,NA,NA,NA,NA,NA,NA,NA,0,NA,NA,@ CHI,17,IR,IR,IR
18,9484,Tucker Kraft,TE,24.9,GB,999.0,999,999,0,0,0,1,0,0,0,0,0,0.0,0,0,0,0,0,0,0.00,0,0,0,0,0.00,0.00,0,0,0,0,0,0,0,0,0.0,0.0,0,0,0,0,0,NA,0,0,0.0%,NA,NA,NA,0,NA,0,0,NA,NA,NA,NA,NA,0,NA,NA,NA,NA,NA,NA,NA,0,NA,NA,@ MIN,24,IR,IR,IR
18,3163,Jared Goff,QB,31.0,DET,13.0,13,13,16.24,16.24,16.24,1,1,1,0,73,0,64.3,162,42,27,16,15,1,86.50,331,2,1,331,7.88,12.26,0,0,0,0,0,0,0,0,0.0,0.0,0,0,0,0,0,NA,0,0,100.0%,NA,NA,NA,0,NA,17,42,NA,NA,NA,NA,NA,17,40.5%,2.66,4.8%,31.8%,6.30,NA,44,331,+3.1%,+0.12,@ CHI,10,·,21.2,-5.0
18,9756,Jordan Addison,WR,23.7,MIN,91.0,91,91,1.8,1.3,0.8,1,1,0,0,62,0,0.0,0,0,0,0,0,0,0.00,0,0,0,0,0.00,0.00,1,8,0,0,0,3,0,8,8.0,2.7,0,0,0,8,0,NA,0,0,93.0%,NA,NA,NA,0,NA,0,3,0.000,0.0,34,9.7%,0.24,0,NA,NA,NA,NA,NA,0.000,NA,8,NA,NA,vs GB,15,·,8.5,-6.7
18,12530,Travis Hunter,WR,22.4,JAX,999.0,999,999,0,0,0,1,0,0,0,0,0,0.0,0,0,0,0,0,0,0.00,0,0,0,0,0.00,0.00,0,0,0,0,0,0,0,0,0.0,0.0,0,0,0,0,0,NA,0,0,0.0%,NA,NA,NA,0,NA,0,0,NA,NA,NA,NA,NA,0,NA,NA,NA,NA,NA,NA,NA,0,NA,NA,vs TEN,11,IR,IR,IR
18,5870,Daniel Jones,QB,28.3,IND,999.0,999,999,0,0,0,1,0,0,0,0,0,0.0,0,0,0,0,0,0,0.00,0,0,0,0,0.00,0.00,0,0,0,0,0,0,0,0,0.0,0.0,0,0,0,0,0,NA,0,0,0.0%,NA,NA,NA,0,NA,0,0,NA,NA,NA,NA,NA,0,NA,NA,NA,NA,NA,NA,NA,0,NA,NA,@ HOU,31,IR,IR,IR
18,7526,Jaylen Waddle,WR,26.8,MIA,0.0,0,0,0,0,0,0,0,0,0,0,0,0.0,0,0,0,0,0,0,0.00,0,0,0,0,0.00,0.00,0,0,0,0,0,0,0,0,0.0,0.0,0,0,0,0,0,NA,0,0,0.0%,NA,NA,NA,0,NA,0,0,NA,NA,NA,NA,NA,0,NA,NA,NA,NA,NA,NA,NA,0,NA,NA,@ NE,17,DNP,DNP,DNP
18,6801,Tee Higgins,WR,26.7,CIN,7.0,8,9,18.7,15.7,12.7,1,1,1,0,59,0,0.0,0,0,0,0,0,0,0.00,0,0,0,0,0.00,0.00,6,57,0,3,1,9,10,67,11.2,7.4,0,0,0,67,0,NA,0,0,87.0%,NA,NA,NA,0,NA,4,9,0.444,4.0,40,23.1%,1.68,0,NA,NA,NA,NA,NA,0.075,NA,67,NA,NA,vs CLE,27,·,13.1,5.6
18,9754,Quentin Johnston,WR,24.1,LAC,999.0,999,999,0,0,0,1,0,0,0,0,0,0.0,0,0,0,0,0,0,0.00,0,0,0,0,0.00,0.00,0,0,0,0,0,0,0,0,0.0,0.0,0,0,0,0,0,NA,0,0,0.0%,NA,NA,NA,0,NA,0,0,NA,NA,NA,NA,NA,0,NA,NA,NA,NA,NA,NA,NA,0,NA,NA,@ DEN,25,·,0.4,-0.4
18,7525,DeVonta Smith,WR,26.9,PHI,33.0,32,30,8.2,6.7,5.2,1,1,1,0,9,0,0.0,0,0,0,0,0,0,0.00,0,0,0,0,0.00,0.00,3,47,0,2,0,4,5,52,17.3,13.0,0,0,0,52,0,NA,0,0,14.0%,NA,NA,NA,0,NA,2,4,0.500,2.0,7,10.0%,7.43,0,NA,NA,NA,NA,NA,0.286,NA,52,NA,NA,vs WAS,7,·,13.3,-5.1
18,5846,DK Metcalf,WR,27.8,PIT,999.0,999,999,0,0,0,1,0,0,0,0,0,0.0,0,0,0,0,0,0,0.00,0,0,0,0,0.00,0.00,0,0,0,0,0,0,0,0,0.0,0.0,0,0,0,0,0,NA,0,0,0.0%,NA,NA,NA,0,NA,0,0,NA,NA,NA,NA,NA,0,NA,NA,NA,NA,NA,NA,NA,0,NA,NA,vs BAL,9,·,·,SUS
18,9997,Zay Flowers,WR,25.0,BAL,12.0,9,8,29.8,27.8,25.8,1,1,1,0,50,0,0.0,0,0,0,0,0,0,0.00,0,0,0,0,0.00,0.00,4,80,0,1,2,6,58,138,34.5,23.0,0,0,0,138,0,NA,0,0,98.0%,NA,NA,NA,0,NA,3,6,0.500,3.0,23,33.3%,6.00,0,NA,NA,NA,NA,NA,0.043,NA,138,NA,NA,@ PIT,6,·,14.3,15.5
18,12522,Cam Ward,QB,23.3,TEN,23.0,23,23,9.18,9.18,9.18,1,1,1,0,5,0,100.0,18,3,3,2,0,0,118.80,63,0,0,52,17.33,17.33,0,0,0,0,0,0,0,0,0.0,0.0,2,0,0,11,1,NA,11,5.5,9.0%,NA,NA,NA,1,NA,3,5,NA,NA,NA,NA,NA,2,66.7%,3.37,33.3%,33.3%,6.30,NA,3,63,+28.4%,+1.41,@ JAX,12,Q,14.6,-5.4
18,11638,Ricky Pearsall,WR,25.0,SF,0.0,0,0,0,0,0,0,0,0,0,0,0,0.0,0,0,0,0,0,0,0.00,0,0,0,0,0.00,0.00,0,0,0,0,0,0,0,0,0.0,0.0,0,0,0,0,0,NA,0,0,0.0%,NA,NA,NA,0,NA,0,0,NA,NA,NA,NA,NA,0,NA,NA,NA,NA,NA,NA,NA,0,NA,NA,vs SEA,14,DNP,DNP,DNP
18,8144,Chris Olave,WR,25.2,NO,0.0,0,0,0,0,0,0,0,0,0,0,0,0.0,0,0,0,0,0,0,0.00,0,0,0,0,0.00,0.00,0,0,0,0,0,0,0,0,0.0,0.0,0,0,0,0,0,NA,0,0,0.0%,NA,NA,NA,0,NA,0,0,NA,NA,NA,NA,NA,0,NA,NA,NA,NA,NA,NA,NA,0,NA,NA,@ ATL,12,DNP,DNP,DNP
18,11559,Michael Penix Jr.,QB,25.4,ATL,999.0,999,999,0,0,0,1,0,0,0,0,0,0.0,0,0,0,0,0,0,0.00,0,0,0,0,0.00,0.00,0,0,0,0,0,0,0,0,0.0,0.0,0,0,0,0,0,NA,0,0,0.0%,NA,NA,NA,0,NA,0,0,NA,NA,NA,NA,NA,0,NA,NA,NA,NA,NA,NA,NA,0,NA,NA,vs NO,26,IR,IR,IR
18,8151,Kenneth Walker III,RB,24.9,SEA,9.0,10,11,17.3,15.3,13.3,1,1,1,69,29,0,0.0,0,0,0,0,0,0,0.00,97,0,0,0,0.00,0.00,4,-14,0,2,0,4,50,36,9.0,9.0,16,0,5,133,0,78,97,6.06,42.0%,7,4.90,0.438,5,0.928,7,20,0.350,7.0,NA,15.4%,NA,0,NA,NA,NA,NA,NA,NA,NA,133,NA,NA,@ SF,29,·,12.2,5.1
18,12501,Matthew Golden,WR,22.2,GB,92.0,92,92,1.8,1.3,0.8,1,1,1,0,51,0,0.0,0,0,0,0,0,0,0.00,0,0,0,0,0.00,0.00,1,0,0,1,0,3,8,8,8.0,2.7,0,0,0,8,0,NA,0,0,100.0%,NA,NA,NA,0,NA,1,3,0.333,1.0,18,27.3%,0.44,0,NA,NA,NA,NA,NA,0.056,NA,8,NA,NA,@ MIN,32,·,8.5,-6.7
18,5849,Kyler Murray,QB,28.1,ARI,999.0,999,999,0,0,0,1,0,0,0,0,0,0.0,0,0,0,0,0,0,0.00,0,0,0,0,0.00,0.00,0,0,0,0,0,0,0,0,0.0,0.0,0,0,0,0,0,NA,0,0,0.0%,NA,NA,NA,0,NA,0,0,NA,NA,NA,NA,NA,0,NA,NA,NA,NA,NA,NA,NA,0,NA,NA,@ LAR,19,IR,IR,IR
18,11565,J.J. McCarthy,QB,22.7,MIN,26.0,26,26,7.98,7.98,7.98,1,1,1,0,43,0,60.9,90,23,14,9,9,0,85.80,189,0,0,182,7.91,13.00,0,0,0,0,0,0,0,0,0.0,0.0,2,0,1,7,0,NA,7,3.5,64.0%,NA,NA,NA,1,NA,10,25,NA,NA,NA,NA,NA,9,39.1%,3.01,4.3%,45.8%,8.50,NA,24,189,-2.2%,+0.26,vs GB,23,,18.4,-10.4
18,7588,Javonte Williams,RB,25.4,DAL,999.0,999,999,0,0,0,1,0,0,0,0,0,0.0,0,0,0,0,0,0,0.00,0,0,0,0,0.00,0.00,0,0,0,0,0,0,0,0,0.0,0.0,0,0,0,0,0,NA,0,0,0.0%,NA,NA,NA,0,NA,0,0,NA,NA,NA,NA,NA,0,NA,NA,NA,NA,NA,NA,NA,0,NA,NA,@ NYG,3,IR,IR,IR
18,7523,Trevor Lawrence,QB,26.0,JAX,3.0,3,3,23.3,23.3,23.3,1,1,1,0,50,0,73.3,175,30,22,12,8,0,131.90,266,2,3,255,8.50,11.59,0,0,0,0,0,0,0,0,0.0,0.0,2,0,1,11,0,NA,11,5.5,82.0%,NA,NA,NA,1,NA,16,32,NA,NA,NA,NA,NA,15,50.0%,2.91,20.0%,41.2%,10.10,NA,34,266,+10.7%,+0.60,vs TEN,8,·,23.7,-0.4
18,8148,Jameson Williams,WR,24.5,DET,16.0,17,21,13.4,10.4,7.4,1,1,1,0,69,0,0.0,0,0,0,0,0,0,0.00,0,0,0,0,0.00,0.00,6,28,0,3,0,8,46,74,12.3,9.3,0,0,0,74,0,NA,0,0,95.0%,NA,NA,NA,0,NA,3,8,0.375,3.0,43,19.0%,1.72,0,NA,NA,NA,NA,NA,0.070,NA,74,NA,NA,@ CHI,3,·,14.9,-1.5
18,4943,Sam Darnold,QB,28.3,SEA,25.0,25,25,8.82,8.82,8.82,1,1,1,69,69,1,76.9,70,26,20,11,6,0,97.90,207,2,0,198,7.62,9.90,0,0,0,0,0,0,0,0,0.0,0.0,6,0,1,9,0,NA,9,1.5,100.0%,NA,NA,NA,1,NA,12,32,NA,NA,NA,NA,NA,11,42.3%,3.11,3.8%,36.7%,5.20,NA,30,207,+6.3%,+0.19,@ SF,22,·,19.8,-11.0
18,12533,Jacory Croskey-Merritt,RB,24.5,WAS,63.0,58,52,2.9,2.9,2.9,1,1,1,0,25,1,0.0,0,0,0,0,0,0,0.00,29,0,0,0,0.00,0.00,0,0,0,0,0,0,0,0,0.0,0.0,13,0,2,29,0,16,29,2.23,36.0%,0,1.20,0.000,2,0.120,2,13,0.154,2.0,NA,0.0%,NA,0,NA,NA,NA,NA,NA,NA,NA,29,NA,NA,@ PHI,10,·,7.3,-4.4
18,12489,RJ Harvey,RB,24.6,DEN,54.0,51,50,4.3,3.8,3.3,1,1,0,0,33,0,0.0,0,0,0,0,0,0,0.00,28,0,0,0,0.00,0.00,1,-3,0,0,0,4,8,5,5.0,1.3,15,0,2,33,0,38,28,1.87,56.0%,5,2.50,0.333,2,0.583,2,19,0.105,2.0,NA,17.4%,NA,0,NA,NA,NA,NA,NA,NA,NA,33,NA,NA,vs LAC,25,·,14.8,-10.5
18,7543,Travis Etienne,RB,26.7,JAX,50.0,49,45,4.8,4.3,3.8,1,1,0,0,34,0,0.0,0,0,0,0,0,0,0.00,32,0,0,0,0.00,0.00,1,1,0,1,0,1,5,6,6.0,6.0,14,0,1,38,0,32,32,2.29,56.0%,4,2.30,0.286,1,0.516,2,15,0.133,2.0,NA,3.1%,NA,0,NA,NA,NA,NA,NA,NA,NA,38,NA,NA,vs TEN,14,·,15.4,-10.6
18,3198,Derrick Henry,RB,31.7,BAL,15.0,13,12,12.6,12.6,12.6,1,1,1,0,36,0,0.0,0,0,0,0,0,0,0.00,126,0,0,0,0.00,0.00,0,0,0,0,0,1,0,0,0.0,0.0,20,0,5,126,0,104,126,6.3,71.0%,5,5.20,0.250,5,0.770,5,21,0.238,5.0,NA,5.6%,NA,0,NA,NA,NA,NA,NA,NA,NA,126,NA,NA,@ PIT,24,·,16.8,-4.2
18,9224,Chase Brown,RB,25.5,CIN,6.0,9,9,19,17,15,1,1,1,0,38,0,0.0,0,0,0,0,0,0,0.00,72,0,0,0,0.00,0.00,4,-14,0,0,1,6,32,18,4.5,3.0,13,0,2,90,0,51,72,5.54,56.0%,3,3.90,0.231,2,0.621,3,19,0.158,3.0,NA,15.4%,NA,0,NA,NA,NA,NA,NA,NA,NA,90,NA,NA,vs CLE,15,·,14.7,4.3
18,8110,Jake Ferguson,TE,26.7,DAL,58.0,58,55,1.5,1,0.5,1,1,1,0,33,0,0.0,0,0,0,0,0,0,0.00,0,0,0,0,0.00,0.00,1,0,0,0,0,2,5,5,5.0,2.5,0,0,0,5,0,NA,0,0,60.0%,NA,NA,NA,0,NA,0,2,0.000,0.0,15,8.3%,0.33,0,NA,NA,NA,NA,NA,0.000,NA,5,NA,NA,@ NYG,28,·,6.8,-5.3
18,5045,Courtland Sutton,WR,30.0,DEN,97.0,97,99,1.5,1,0.5,1,1,1,0,46,0,0.0,0,0,0,0,0,0,0.00,0,0,0,0,0.00,0.00,1,-4,0,0,0,2,9,5,5.0,2.5,0,0,0,5,0,NA,0,0,78.0%,NA,NA,NA,0,NA,0,2,0.000,0.0,30,8.7%,0.17,0,NA,NA,NA,NA,NA,0.000,NA,5,NA,NA,vs LAC,30,·,12.5,-11.0
18,12506,Harold Fannin,TE,21.2,CLE,0.0,0,0,0,0,0,0,0,0,0,0,0,0.0,0,0,0,0,0,0,0.00,0,0,0,0,0.00,0.00,0,0,0,0,0,0,0,0,0.0,0.0,0,0,0,0,0,NA,0,0,0.0%,NA,NA,NA,0,NA,0,0,NA,NA,NA,NA,NA,0,NA,NA,NA,NA,NA,NA,NA,0,NA,NA,@ CIN,1,DNP,DNP,DNP
18,4217,George Kittle,TE,32.0,SF,17.0,23,30,7.9,5.4,2.9,1,1,1,42,40,0,0.0,0,0,0,0,0,0,0.00,0,0,0,0,0.00,0.00,5,13,0,3,0,7,16,29,5.8,4.1,0,0,0,29,0,NA,0,0,95.0%,NA,NA,NA,0,NA,3,7,0.429,3.0,28,25.9%,1.04,0,NA,NA,NA,NA,NA,0.107,NA,29,NA,NA,vs SEA,11,·,13.9,-6.0
18,2133,Davante Adams,WR,32.8,LAR,0.0,0,0,0,0,0,0,0,0,0,0,0,0.0,0,0,0,0,0,0,0.00,0,0,0,0,0.00,0.00,0,0,0,0,0,0,0,0,0.0,0.0,0,0,0,0,0,NA,0,0,0.0%,NA,NA,NA,0,NA,0,0,NA,NA,NA,NA,NA,0,NA,NA,NA,NA,NA,NA,NA,0,NA,NA,vs ARI,19,DNP,DNP,DNP
18,12517,Colston Loveland,TE,21.5,CHI,1.0,1,4,25.1,20.1,15.1,1,1,1,0,50,0,0.0,0,0,0,0,0,0,0.00,0,0,0,0,0.00,0.00,10,65,0,3,1,13,26,91,9.1,7.0,0,0,0,91,0,NA,0,0,91.0%,NA,NA,NA,0,NA,4,13,0.308,4.0,31,39.4%,2.94,0,NA,NA,NA,NA,NA,0.097,NA,91,NA,NA,vs DET,14,·,9.1,16.0
18,12519,Luther Burden,WR,21.8,CHI,40.0,37,35,7.5,6,4.5,1,1,1,0,34,0,0.0,0,0,0,0,0,0,0.00,10,0,0,0,0.00,0.00,3,8,0,3,0,4,27,35,11.7,8.8,1,0,1,45,0,NA,10,10,62.0%,NA,NA,NA,1,NA,4,5,0.800,4.0,23,12.1%,1.52,0,NA,NA,NA,NA,NA,0.130,NA,45,NA,NA,vs DET,2,·,11.2,-3.7
18,9228,Bryce Young,QB,24.2,CAR,9.0,9,9,17.54,17.54,17.54,1,1,1,51,51,1,68.6,175,35,24,11,11,1,98.00,265,0,2,266,7.60,11.08,0,0,0,0,0,0,0,0,0.0,0.0,2,0,0,-1,0,NA,-1,-0.5,100.0%,NA,NA,NA,0,NA,13,37,NA,NA,NA,NA,NA,13,37.1%,2.90,2.9%,37.1%,7.40,NA,35,265,+9.4%,+0.10,@ TB,2,·,19.1,-1.6
18,8408,Jordan Mason,RB,26.4,MIN,25.0,21,19,9.4,9.4,9.4,1,1,1,0,27,0,0.0,0,0,0,0,0,0,0.00,94,0,0,0,0.00,0.00,0,0,0,0,0,0,0,0,0.0,0.0,14,0,6,94,0,78,94,6.71,40.0%,5,5.60,0.357,6,0.917,6,14,0.429,6.0,NA,0.0%,NA,0,NA,NA,NA,NA,NA,NA,NA,94,NA,NA,vs GB,27,·,12.6,-3.2
18,6819,Michael Pittman,WR,28.0,IND,72.0,75,82,3.1,2.1,1.1,1,1,1,0,58,0,0.0,0,0,0,0,0,0,0.00,0,0,0,0,0.00,0.00,2,12,0,1,0,4,-1,11,5.5,2.8,0,0,0,11,0,NA,0,0,89.0%,NA,NA,NA,0,NA,1,4,0.250,1.0,32,11.4%,0.34,0,NA,NA,NA,NA,NA,0.031,NA,11,NA,NA,@ HOU,31,·,9.7,-6.6
18,8228,Jaylen Warren,RB,26.9,PIT,13.0,15,17,14.9,12.4,9.9,1,1,0,0,28,0,0.0,0,0,0,0,0,0,0.00,66,0,0,0,0.00,0.00,5,-23,0,1,0,5,56,33,6.6,6.6,14,0,4,99,0,62,66,4.71,37.0%,13,4.40,0.929,4,1.369,5,19,0.263,5.0,NA,10.6%,NA,0,NA,NA,NA,NA,NA,NA,NA,99,NA,NA,vs BAL,13,·,12.6,2.3
18,10236,Dalton Kincaid,TE,25.9,BUF,18.0,19,19,7.8,6.3,4.8,1,1,1,0,10,0,0.0,0,0,0,0,0,0,0.00,0,0,0,0,0.00,0.00,3,31,0,2,0,3,17,48,16.0,16.0,0,0,0,48,0,NA,0,0,13.0%,NA,NA,NA,0,NA,2,3,0.667,2.0,6,10.3%,8.00,0,NA,NA,NA,NA,NA,0.333,NA,48,NA,NA,vs NYJ,13,·,4.1,3.7
18,5892,David Montgomery,RB,28.3,DET,38.0,35,33,6.5,6,5.5,1,1,0,0,31,0,0.0,0,0,0,0,0,0,0.00,42,1,0,0,0.00,0.00,1,2,0,1,0,1,11,13,13.0,13.0,8,0,3,55,0,36,42,5.25,42.0%,2,4.50,0.250,3,0.700,4,9,0.444,4.0,NA,2.4%,NA,0,NA,NA,NA,NA,NA,NA,NA,55,NA,NA,@ CHI,23,·,9.4,-2.9
18,11589,Trey Benson,RB,23.2,ARI,999.0,999,999,0,0,0,1,0,0,0,0,0,0.0,0,0,0,0,0,0,0.00,0,0,0,0,0.00,0.00,0,0,0,0,0,0,0,0,0.0,0.0,0,0,0,0,0,NA,0,0,0.0%,NA,NA,NA,0,NA,0,0,NA,NA,NA,NA,NA,0,NA,NA,NA,NA,NA,NA,NA,0,NA,NA,@ LAR,28,IR,IR,IR
18,9753,Zach Charbonnet,RB,24.7,SEA,7.0,7,8,18.7,17.2,15.7,1,1,0,69,39,0,0.0,0,0,0,0,0,0,0.00,74,0,0,0,0.00,0.00,3,-4,0,1,0,4,27,23,7.7,5.8,17,0,3,97,1,48,74,4.35,57.0%,10,2.80,0.588,4,0.868,5,21,0.238,5.0,NA,15.4%,NA,0,NA,NA,NA,NA,NA,NA,NA,97,NA,NA,@ SF,29,·,9.8,8.9
18,7553,Kyle Pitts,TE,25.0,ATL,9.0,12,16,11.8,8.8,5.8,1,1,1,0,58,0,0.0,0,0,0,0,0,0,0.00,0,0,0,0,0.00,0.00,6,34,0,6,0,9,24,58,9.7,6.4,0,0,0,58,0,NA,0,0,92.0%,NA,NA,NA,0,NA,6,9,0.667,6.0,33,28.1%,1.76,0,NA,NA,NA,NA,NA,0.182,NA,58,NA,NA,vs NO,21,·,11.7,0.1
18,7594,Chuba Hubbard,RB,26.3,CAR,56.0,59,62,3.7,2.7,1.7,1,1,0,51,23,0,0.0,0,0,0,0,0,0,0.00,10,0,0,0,0.00,0.00,2,2,0,0,0,2,5,7,3.5,3.5,5,0,1,17,0,11,10,2,45.0%,1,2.10,0.200,1,0.410,1,7,0.143,1.0,NA,5.7%,NA,0,NA,NA,NA,NA,NA,NA,NA,17,NA,NA,@ TB,12,·,7.4,-3.7
18,5927,Terry McLaurin,WR,30.0,WAS,26.0,27,27,9.7,7.7,5.7,1,1,1,0,48,0,0.0,0,0,0,0,0,0,0.00,0,0,0,0,0.00,0.00,4,45,0,4,0,4,12,57,14.3,14.3,0,0,0,57,0,NA,0,0,70.0%,NA,NA,NA,0,NA,4,4,1.000,4.0,23,18.2%,2.48,0,NA,NA,NA,NA,NA,0.174,NA,57,NA,NA,@ PHI,28,·,11.9,-2.2
18,6806,J.K. Dobbins,RB,26.8,DEN,999.0,999,999,0,0,0,1,0,0,0,0,0,0.0,0,0,0,0,0,0,0.00,0,0,0,0,0.00,0.00,0,0,0,0,0,0,0,0,0.0,0.0,0,0,0,0,0,NA,0,0,0.0%,NA,NA,NA,0,NA,0,0,NA,NA,NA,NA,NA,0,NA,NA,NA,NA,NA,NA,NA,0,NA,NA,vs LAC,25,IR,IR,IR
18,7021,Rico Dowdle,RB,27.3,CAR,59.0,64,70,3,2,1,1,1,1,51,27,1,0.0,0,0,0,0,0,0,0.00,10,0,0,0,0.00,0.00,2,-15,0,1,0,2,35,20,10.0,10.0,7,0,0,30,0,7,10,1.43,53.0%,3,1.00,0.429,0,0.529,1,9,0.111,1.0,NA,5.7%,NA,0,NA,NA,NA,NA,NA,NA,NA,30,NA,NA,@ TB,12,·,11.0,-8.0
18,11637,Keon Coleman,WR,22.4,BUF,31.0,26,22,8.9,7.9,6.9,1,1,0,0,61,0,0.0,0,0,0,0,0,0,0.00,0,0,0,0,0.00,0.00,2,31,0,2,0,4,18,49,24.5,12.3,0,0,0,49,0,NA,0,0,81.0%,NA,NA,NA,0,NA,2,4,0.500,2.0,23,13.8%,2.13,0,NA,NA,NA,NA,NA,0.087,NA,49,NA,NA,vs NYJ,18,·,4.2,4.7
18,6790,D'Andre Swift,RB,26.7,CHI,47.0,42,38,5.8,5.3,4.8,1,1,1,0,32,0,0.0,0,0,0,0,0,0,0.00,40,0,0,0,0.00,0.00,1,7,0,0,0,2,1,8,8.0,4.0,10,0,3,48,0,27,40,4,58.0%,1,2.70,0.100,3,0.370,3,12,0.250,3.0,NA,6.1%,NA,0,NA,NA,NA,NA,NA,NA,NA,48,NA,NA,vs DET,22,·,12.4,-6.6
18,4983,D.J. Moore,WR,28.4,CHI,85.0,84,80,2.1,1.6,1.1,1,1,1,0,47,0,0.0,0,0,0,0,0,0,0.00,0,0,0,0,0.00,0.00,1,-4,0,1,0,3,15,11,11.0,3.7,0,0,0,11,0,NA,0,0,85.0%,NA,NA,NA,0,NA,1,3,0.333,1.0,28,9.1%,0.39,0,NA,NA,NA,NA,NA,0.036,NA,11,NA,NA,vs DET,2,·,11.6,-9.5
18,12474,Woody Marks,RB,24.8,HOU,34.0,37,37,6.8,5.8,4.8,1,1,1,0,31,0,0.0,0,0,0,0,0,0,0.00,48,0,0,0,0.00,0.00,2,-3,0,0,0,3,3,0,0.0,0.0,10,0,5,48,0,34,48,4.8,46.0%,5,3.40,0.500,5,0.840,5,13,0.385,5.0,NA,9.4%,NA,0,NA,NA,NA,NA,NA,NA,NA,48,NA,NA,vs IND,20,·,11.7,-4.9
18,5872,Deebo Samuel,WR,29.7,WAS,65.0,65,65,4.1,3.1,2.1,1,1,1,0,49,1,0.0,0,0,0,0,0,0,0.00,1,0,0,0,0.00,0.00,2,-8,0,1,0,5,28,20,10.0,4.0,2,0,0,21,0,NA,1,0.5,71.0%,NA,NA,NA,0,NA,1,7,0.143,1.0,23,22.7%,0.87,0,NA,NA,NA,NA,NA,0.043,NA,21,NA,NA,@ PHI,28,·,9.9,-5.8
18,12499,Elic Ayomanor,WR,22.3,TEN,35.0,34,32,8,6.5,5,1,1,1,0,51,0,0.0,0,0,0,0,0,0,0.00,0,0,0,0,0.00,0.00,3,35,0,2,0,10,15,50,16.7,5.0,0,0,0,50,0,NA,0,0,94.0%,NA,NA,NA,0,NA,2,10,0.200,2.0,33,30.3%,1.52,0,NA,NA,NA,NA,NA,0.061,NA,50,NA,NA,@ JAX,13,·,8.1,-0.1
18,7591,Justin Fields,QB,26.6,NYJ,999.0,999,999,0,0,0,1,0,0,0,0,0,0.0,0,0,0,0,0,0,0.00,0,0,0,0,0.00,0.00,0,0,0,0,0,0,0,0,0.0,0.0,0,0,0,0,0,NA,0,0,0.0%,NA,NA,NA,0,NA,0,0,NA,NA,NA,NA,NA,0,NA,NA,NA,NA,NA,NA,NA,0,NA,NA,@ BUF,28,IR,IR,IR
18,12490,Bhayshul Tuten,RB,22.6,JAX,26.0,24,21,8.3,8.3,8.3,1,1,0,0,16,0,0.0,0,0,0,0,0,0,0.00,23,0,0,0,0.00,0.00,0,0,0,0,0,0,0,0,0.0,0.0,5,0,1,23,1,13,23,4.6,26.0%,1,2.60,0.200,2,0.460,2,5,0.400,2.0,NA,0.0%,NA,0,NA,NA,NA,NA,NA,NA,NA,23,NA,NA,vs TEN,14,·,3.7,4.6
18,9500,Josh Downs,WR,24.1,IND,27.0,28,28,9.6,7.6,5.6,1,1,1,0,41,0,0.0,0,0,0,0,0,0,0.00,-5,0,0,0,0.00,0.00,4,47,0,2,0,4,14,61,15.3,15.3,1,0,0,56,0,NA,-5,-5,63.0%,NA,NA,NA,0,NA,2,5,0.400,2.0,24,11.4%,2.54,0,NA,NA,NA,NA,NA,0.083,NA,56,NA,NA,@ HOU,31,·,7.7,1.9
18,2216,Mike Evans,WR,32.1,TB,51.0,49,46,5.4,4.4,3.4,1,1,1,67,50,0,0.0,0,0,0,0,0,0,0.00,0,0,0,0,0.00,0.00,2,29,0,2,0,2,5,34,17.0,17.0,0,0,0,34,0,NA,0,0,75.0%,NA,NA,NA,0,NA,2,2,1.000,2.0,22,9.1%,1.55,0,NA,NA,NA,NA,NA,0.091,NA,34,NA,NA,vs CAR,21,·,13.4,-8.0
18,4035,Alvin Kamara,RB,30.2,NO,0.0,0,0,0,0,0,0,0,0,0,0,0,0.0,0,0,0,0,0,0,0.00,0,0,0,0,0.00,0.00,0,0,0,0,0,0,0,0,0.0,0.0,0,0,0,0,0,NA,0,0,0.0%,NA,NA,NA,0,NA,0,0,NA,NA,NA,NA,NA,0,NA,NA,NA,NA,NA,NA,NA,0,NA,NA,@ ATL,17,OUT,OUT,OUT
18,421,Matthew Stafford,QB,37.6,LAR,2.0,2,2,26.66,26.66,26.66,1,1,1,0,72,0,62.5,170,40,25,12,15,0,114.50,262,1,4,259,6.47,10.36,0,0,0,0,0,0,0,0,0.0,0.0,1,0,0,3,0,NA,3,3,96.0%,NA,NA,NA,0,NA,16,41,NA,NA,NA,NA,NA,16,40.0%,2.86,7.5%,33.3%,8.60,NA,42,262,-0.5%,+0.36,vs ARI,18,·,20.8,5.9
18,12484,Jayden Higgins,WR,22.8,HOU,24.0,20,19,10.3,9.3,8.3,1,1,0,0,55,0,0.0,0,0,0,0,0,0,0.00,0,0,0,0,0.00,0.00,2,18,0,1,1,5,5,23,11.5,4.6,0,0,0,23,0,NA,0,0,81.0%,NA,NA,NA,0,NA,2,5,0.400,2.0,31,15.6%,0.74,0,NA,NA,NA,NA,NA,0.032,NA,23,NA,NA,vs IND,4,·,11.4,-1.1
18,8134,Khalil Shakir,WR,25.6,BUF,999.0,999,999,0,0,0,1,0,0,0,0,0,0.0,0,0,0,0,0,0,0.00,0,0,0,0,0.00,0.00,0,0,0,0,0,0,0,0,0.0,0.0,0,0,0,0,0,NA,0,0,0.0%,NA,NA,NA,0,NA,0,0,NA,NA,NA,NA,NA,0,NA,NA,NA,NA,NA,NA,NA,0,NA,NA,vs NYJ,18,·,7.7,-7.7
18,6803,Brandon Aiyuk,WR,27.5,SF,999.0,999,999,0,0,0,1,0,0,42,0,0,0.0,0,0,0,0,0,0,0.00,0,0,0,0,0.00,0.00,0,0,0,0,0,0,0,0,0.0,0.0,0,0,0,0,0,NA,0,0,0.0%,NA,NA,NA,0,NA,0,0,NA,NA,NA,NA,NA,0,NA,NA,NA,NA,NA,NA,NA,0,NA,NA,vs SEA,14,DNP,DNP,DNP
18,12498,Mason Taylor,TE,21.4,NYJ,999.0,999,999,0,0,0,1,0,0,0,0,0,0.0,0,0,0,0,0,0,0.00,0,0,0,0,0.00,0.00,0,0,0,0,0,0,0,0,0.0,0.0,0,0,0,0,0,NA,0,0,0.0%,NA,NA,NA,0,NA,0,0,NA,NA,NA,NA,NA,0,NA,NA,NA,NA,NA,NA,NA,0,NA,NA,@ BUF,31,IR,IR,IR
18,10222,Jayden Reed,WR,25.4,GB,999.0,999,999,0,0,0,1,1,0,0,8,0,0.0,0,0,0,0,0,0,0.00,0,0,0,0,0.00,0.00,0,0,0,0,0,0,0,0,0.0,0.0,0,0,0,0,0,NA,0,0,16.0%,NA,NA,NA,0,NA,0,0,NA,0.0,6,0.0%,0.00,0,NA,NA,NA,NA,NA,0.000,NA,0,NA,NA,@ MIN,32,·,5.4,-5.4
18,5844,T.J. Hockenson,TE,28.2,MIN,0.0,0,0,0,0,0,0,0,0,0,0,0,0.0,0,0,0,0,0,0,0.00,0,0,0,0,0.00,0.00,0,0,0,0,0,0,0,0,0.0,0.0,0,0,0,0,0,NA,0,0,0.0%,NA,NA,NA,0,NA,0,0,NA,NA,NA,NA,NA,0,NA,NA,NA,NA,NA,NA,NA,0,NA,NA,vs GB,23,DNP,DNP,DNP
18,6783,Jerry Jeudy,WR,26.4,CLE,64.0,64,64,4.2,3.2,2.2,1,1,1,0,46,0,0.0,0,0,0,0,0,0,0.00,5,0,0,0,0.00,0.00,2,12,0,1,0,6,5,17,8.5,2.8,1,0,1,22,0,NA,5,5,88.0%,NA,NA,NA,1,NA,2,7,0.286,2.0,27,27.3%,0.63,0,NA,NA,NA,NA,NA,0.037,NA,22,NA,NA,@ CIN,29,·,10.3,-6.1
18,8126,Wan'Dale Robinson,WR,24.7,NYG,999.0,999,999,0,0,0,1,0,0,0,0,0,0.0,0,0,0,0,0,0,0.00,0,0,0,0,0.00,0.00,0,0,0,0,0,0,0,0,0.0,0.0,0,0,0,0,0,NA,0,0,0.0%,NA,NA,NA,0,NA,0,0,NA,NA,NA,NA,NA,0,NA,NA,NA,NA,NA,NA,NA,0,NA,NA,vs DAL,1,IR,IR,IR
18,8121,Romeo Doubs,WR,25.5,GB,999.0,999,999,0,0,0,1,0,0,0,0,0,0.0,0,0,0,0,0,0,0.00,0,0,0,0,0.00,0.00,0,0,0,0,0,0,0,0,0.0,0.0,0,0,0,0,0,NA,0,0,0.0%,NA,NA,NA,0,NA,0,0,NA,NA,NA,NA,NA,0,NA,NA,NA,NA,NA,NA,NA,0,NA,NA,@ MIN,32,·,3.8,-3.8
18,5947,Jakobi Meyers,WR,28.9,JAX,29.0,31,36,9.4,6.9,4.4,1,1,1,0,48,0,0.0,0,0,0,0,0,0,0.00,0,0,0,0,0.00,0.00,5,31,0,3,0,6,13,44,8.8,7.3,0,0,0,44,0,NA,0,0,79.0%,NA,NA,NA,0,NA,3,6,0.500,3.0,34,18.8%,1.29,0,NA,NA,NA,NA,NA,0.088,NA,44,NA,NA,vs TEN,11,·,13.3,-3.9
18,12504,Kaleb Johnson,RB,22.1,PIT,0.0,0,0,0,0,0,0,0,0,0,0,0,0.0,0,0,0,0,0,0,0.00,0,0,0,0,0.00,0.00,0,0,0,0,0,0,0,0,0.0,0.0,0,0,0,0,0,NA,0,0,0.0%,NA,NA,NA,0,NA,0,0,NA,NA,NA,NA,NA,0,NA,NA,NA,NA,NA,NA,NA,0,NA,NA,vs BAL,13,DNP,DNP,DNP
18,12497,Tory Horton,WR,22.8,SEA,999.0,999,999,0,0,0,1,0,0,0,0,0,0.0,0,0,0,0,0,0,0.00,0,0,0,0,0.00,0.00,0,0,0,0,0,0,0,0,0.0,0.0,0,0,0,0,0,NA,0,0,0.0%,NA,NA,NA,0,NA,0,0,NA,NA,NA,NA,NA,0,NA,NA,NA,NA,NA,NA,NA,0,NA,NA,@ SF,22,IR,IR,IR
18,11627,Troy Franklin,WR,22.6,DEN,999.0,999,999,0,0,0,1,1,0,0,25,0,0.0,0,0,0,0,0,0,0.00,0,0,0,0,0.00,0.00,0,0,0,0,0,1,0,0,0.0,0.0,0,0,0,0,0,NA,0,0,42.0%,NA,NA,NA,0,NA,0,1,0.000,0.0,20,4.3%,0.00,0,NA,NA,NA,NA,NA,0.000,NA,0,NA,NA,vs LAC,30,·,6.4,-6.4
18,8676,Rashid Shaheed,WR,27.1,SEA,102.0,103,105,1.2,0.7,0.2,1,1,1,69,33,0,0.0,0,0,0,0,0,0,0.00,0,0,0,0,0.00,0.00,1,2,0,0,0,1,0,2,2.0,2.0,0,0,0,2,0,NA,0,0,48.0%,NA,NA,NA,0,NA,0,1,0.000,0.0,21,3.8%,0.10,0,NA,NA,NA,NA,NA,0.000,NA,2,NA,NA,@ SF,22,·,6.7,-5.5
18,4037,Chris Godwin,WR,29.6,TB,90.0,90,90,1.8,1.3,0.8,1,1,1,67,47,0,0.0,0,0,0,0,0,0,0.00,0,0,0,0,0.00,0.00,1,5,0,1,0,1,3,8,8.0,8.0,0,0,0,8,0,NA,0,0,70.0%,NA,NA,NA,0,NA,1,1,1.000,1.0,16,4.5%,0.50,0,NA,NA,NA,NA,NA,0.063,NA,8,NA,NA,vs CAR,21,·,10.2,-8.4
18,12495,Ollie Gordon,RB,21.7,MIA,66.0,67,68,2.1,1.6,1.1,1,1,0,0,20,0,0.0,0,0,0,0,0,0,0.00,9,0,0,0,0.00,0.00,1,-9,0,0,0,1,11,2,2.0,2.0,9,0,2,11,0,13,9,1,36.0%,4,1.40,0.444,2,0.584,2,10,0.200,2.0,NA,4.0%,NA,0,NA,NA,NA,NA,NA,NA,NA,11,NA,NA,@ NE,30,·,7.7,-5.6
18,5967,Tony Pollard,RB,28.4,TEN,24.0,25,24,9.5,8,6.5,1,1,1,0,34,0,0.0,0,0,0,0,0,0,0.00,48,0,0,0,0.00,0.00,3,-10,0,1,0,3,27,17,5.7,5.7,14,0,3,65,0,31,48,3.43,63.0%,0,2.20,0.000,3,0.220,4,17,0.235,4.0,NA,9.1%,NA,0,NA,NA,NA,NA,NA,NA,NA,65,NA,NA,@ JAX,31,·,10.2,-0.7
18,12535,Isaac TeSlaa,WR,23.6,DET,77.0,72,70,2.8,2.3,1.8,1,1,1,0,44,0,0.0,0,0,0,0,0,0,0.00,0,0,0,0,0.00,0.00,1,15,0,1,0,1,3,18,18.0,18.0,0,0,0,18,0,NA,0,0,60.0%,NA,NA,NA,0,NA,1,1,1.000,1.0,27,2.4%,0.67,0,NA,NA,NA,NA,NA,0.037,NA,18,NA,NA,@ CHI,3,·,7.3,-4.5
18,9504,Kayshon Boutte,WR,23.4,NE,62.0,62,58,4.4,3.4,2.4,1,1,0,0,34,0,0.0,0,0,0,0,0,0,0.00,0,0,0,0,0.00,0.00,2,20,0,2,0,4,4,24,12.0,6.0,0,0,0,24,0,NA,0,0,58.0%,NA,NA,NA,0,NA,2,4,0.500,2.0,21,18.2%,1.14,0,NA,NA,NA,NA,NA,0.095,NA,24,NA,NA,vs MIA,23,·,7.9,-3.5
18,6768,Tua Tagovailoa,QB,27.6,MIA,0.0,0,0,0,0,0,0,0,0,0,0,0,0.0,0,0,0,0,0,0,0.00,0,0,0,0,0.00,0.00,0,0,0,0,0,0,0,0,0.0,0.0,0,0,0,0,0,NA,0,0,0.0%,NA,NA,NA,0,NA,0,0,NA,NA,NA,NA,NA,0,NA,NA,NA,NA,NA,NA,NA,0,NA,NA,@ NE,20,DNP,DNP,DNP
18,9480,Brenton Strange,TE,24.8,JAX,5.0,5,5,17.2,14.2,11.2,1,1,1,0,38,0,0.0,0,0,0,0,0,0,0.00,0,0,0,0,0.00,0.00,6,26,0,3,1,6,26,52,8.7,8.7,0,0,0,52,0,NA,0,0,62.0%,NA,NA,NA,0,NA,4,6,0.667,4.0,25,18.8%,2.08,0,NA,NA,NA,NA,NA,0.120,NA,52,NA,NA,vs TEN,16,·,11.0,6.2
18,4033,David Njoku,TE,29.2,CLE,0.0,0,0,0,0,0,0,0,0,0,0,0,0.0,0,0,0,0,0,0,0.00,0,0,0,0,0.00,0.00,0,0,0,0,0,0,0,0,0.0,0.0,0,0,0,0,0,NA,0,0,0.0%,NA,NA,NA,0,NA,0,0,NA,NA,NA,NA,NA,0,NA,NA,NA,NA,NA,NA,NA,0,NA,NA,@ CIN,1,DNP,DNP,DNP
18,8131,Isaiah Likely,TE,25.4,BAL,54.0,54,51,5.2,4.2,3.2,1,1,0,0,25,0,0.0,0,0,0,0,0,0,0.00,0,0,0,0,0.00,0.00,2,24,0,1,0,2,8,32,16.0,16.0,0,0,0,32,0,NA,0,0,49.0%,NA,NA,NA,0,NA,1,2,0.500,1.0,14,11.1%,2.29,0,NA,NA,NA,NA,NA,0.071,NA,32,NA,NA,@ PIT,3,·,7.2,-2.0
18,10213,Tre Tucker,WR,24.6,LV,52.0,50,48,5.4,4.4,3.4,1,1,1,0,61,0,0.0,0,0,0,0,0,0,0.00,4,0,0,0,0.00,0.00,2,27,0,2,0,6,3,30,15.0,5.0,1,0,0,34,0,NA,4,4,98.0%,NA,NA,NA,0,NA,2,7,0.286,2.0,31,23.1%,0.97,0,NA,NA,NA,NA,NA,0.065,NA,34,NA,NA,vs KC,20,·,10.3,-4.9
18,1479,Keenan Allen,WR,33.4,LAC,22.0,30,42,10.6,7.1,3.6,1,1,0,0,38,0,0.0,0,0,0,0,0,0,0.00,0,0,0,0,0.00,0.00,7,9,0,2,0,13,27,36,5.1,2.8,0,0,0,36,0,NA,0,0,54.0%,NA,NA,NA,0,NA,2,13,0.154,2.0,29,29.5%,1.24,0,NA,NA,NA,NA,NA,0.069,NA,36,NA,NA,@ DEN,25,·,7.0,3.6
18,7049,Jauan Jennings,WR,28.2,SF,39.0,42,43,7.5,5.5,3.5,1,1,1,42,37,0,0.0,0,0,0,0,0,0,0.00,0,0,0,0,0.00,0.00,4,27,0,2,0,6,8,35,8.8,5.8,0,0,0,35,0,NA,0,0,88.0%,NA,NA,NA,0,NA,2,6,0.333,2.0,29,22.2%,1.21,0,NA,NA,NA,NA,NA,0.069,NA,35,NA,NA,vs SEA,14,·,10.9,-3.4
18,5022,Dallas Goedert,TE,30.7,PHI,0.0,0,0,0,0,0,0,0,0,0,0,0,0.0,0,0,0,0,0,0,0.00,0,0,0,0,0.00,0.00,0,0,0,0,0,0,0,0,0.0,0.0,0,0,0,0,0,NA,0,0,0.0%,NA,NA,NA,0,NA,0,0,NA,NA,NA,NA,NA,0,NA,NA,NA,NA,NA,NA,NA,0,NA,NA,vs WAS,4,DNP,DNP,DNP
18,8132,Tyler Allgeier,RB,25.4,ATL,62.0,61,60,2.9,2.4,1.9,1,1,1,0,23,0,0.0,0,0,0,0,0,0,0.00,16,0,0,0,0.00,0.00,1,-4,0,0,0,2,7,3,3.0,1.5,7,0,0,19,0,22,16,2.29,37.0%,1,3.20,0.143,0,0.463,0,9,0.000,0.0,NA,6.3%,NA,0,NA,NA,NA,NA,NA,NA,NA,19,NA,NA,vs NO,16,·,7.2,-4.3
18,8136,Rachaad White,RB,26.7,TB,42.0,44,42,6.1,5.1,4.1,1,1,0,67,22,0,0.0,0,0,0,0,0,0,0.00,23,0,0,0,0.00,0.00,2,-6,0,1,0,2,24,18,9.0,9.0,7,0,0,41,0,11,23,3.29,33.0%,2,1.50,0.286,0,0.436,1,9,0.111,1.0,NA,9.1%,NA,0,NA,NA,NA,NA,NA,NA,NA,41,NA,NA,vs CAR,8,·,5.1,1.0
18,2449,Stefon Diggs,WR,31.8,NE,43.0,40,38,7.3,5.8,4.3,1,1,1,0,27,0,0.0,0,0,0,0,0,0,0.00,0,0,0,0,0.00,0.00,3,23,0,1,0,3,20,43,14.3,14.3,0,0,0,43,0,NA,0,0,46.0%,NA,NA,NA,0,NA,1,3,0.333,1.0,18,13.6%,2.39,0,NA,NA,NA,NA,NA,0.056,NA,43,NA,NA,vs MIA,23,·,12.2,-4.9
18,11576,Braelon Allen,RB,21.7,NYJ,999.0,999,999,0,0,0,1,0,0,0,0,0,0.0,0,0,0,0,0,0,0.00,0,0,0,0,0.00,0.00,0,0,0,0,0,0,0,0,0.0,0.0,0,0,0,0,0,NA,0,0,0.0%,NA,NA,NA,0,NA,0,0,NA,NA,NA,NA,NA,0,NA,NA,NA,NA,NA,NA,NA,0,NA,NA,@ BUF,5,IR,IR,IR
18,9508,Tyjae Spears,RB,24.3,TEN,23.0,32,54,9.7,6.2,2.7,1,1,1,0,25,0,0.0,0,0,0,0,0,0,0.00,18,0,0,0,0.00,0.00,7,-36,0,1,0,7,45,9,1.3,1.3,3,0,1,27,0,13,18,6,46.0%,5,4.40,1.667,1,2.107,2,10,0.200,2.0,NA,21.2%,NA,0,NA,NA,NA,NA,NA,NA,NA,27,NA,NA,@ JAX,31,·,9.5,0.2
18,9494,Marvin Mims,WR,23.5,DEN,73.0,77,83,3,2,1,1,1,1,0,19,0,0.0,0,0,0,0,0,0,0.00,0,0,0,0,0.00,0.00,2,-9,0,0,0,3,19,10,5.0,3.3,0,0,0,10,0,NA,0,0,32.0%,NA,NA,NA,0,NA,0,3,0.000,0.0,12,13.0%,0.83,0,NA,NA,NA,NA,NA,0.000,NA,10,NA,NA,vs LAC,30,·,7.1,-4.1
18,9757,Kendre Miller,RB,23.3,NO,999.0,999,999,0,0,0,1,0,0,0,0,0,0.0,0,0,0,0,0,0,0.00,0,0,0,0,0.00,0.00,0,0,0,0,0,0,0,0,0.0,0.0,0,0,0,0,0,NA,0,0,0.0%,NA,NA,NA,0,NA,0,0,NA,NA,NA,NA,NA,0,NA,NA,NA,NA,NA,NA,NA,0,NA,NA,@ ATL,17,IR,IR,IR
18,12509,Tre Harris,WR,23.6,LAC,58.0,56,53,4.8,3.8,2.8,1,1,1,0,69,0,0.0,0,0,0,0,0,0,0.00,0,0,0,0,0.00,0.00,2,19,0,2,0,6,9,28,14.0,4.7,0,0,0,28,0,NA,0,0,97.0%,NA,NA,NA,0,NA,2,6,0.333,2.0,49,13.6%,0.57,0,NA,NA,NA,NA,NA,0.041,NA,28,NA,NA,@ DEN,25,·,7.5,-2.7
18,12521,Elijah Arroyo,TE,22.5,SEA,999.0,999,999,0,0,0,1,0,0,0,0,0,0.0,0,0,0,0,0,0,0.00,0,0,0,0,0.00,0.00,0,0,0,0,0,0,0,0,0.0,0.0,0,0,0,0,0,NA,0,0,0.0%,NA,NA,NA,0,NA,0,0,NA,NA,NA,NA,NA,0,NA,NA,NA,NA,NA,NA,NA,0,NA,NA,@ SF,5,IR,IR,IR
18,12469,Dylan Sampson,RB,21.0,CLE,39.0,38,40,6.4,5.4,4.4,1,1,1,0,26,0,0.0,0,0,0,0,0,0,0.00,32,0,0,0,0.00,0.00,2,-8,0,0,0,3,20,12,6.0,4.0,10,0,3,44,0,22,32,3.2,50.0%,1,2.20,0.100,3,0.320,3,13,0.231,3.0,NA,13.6%,NA,0,NA,NA,NA,NA,NA,NA,NA,44,NA,NA,@ CIN,1,·,11.5,-5.1
18,11562,Spencer Rattler,QB,25.0,NO,0.0,0,0,0,0,0,0,0,0,0,0,0,0.0,0,0,0,0,0,0,0.00,0,0,0,0,0.00,0.00,0,0,0,0,0,0,0,0,0.0,0.0,0,0,0,0,0,NA,0,0,0.0%,NA,NA,NA,0,NA,0,0,NA,NA,NA,NA,NA,0,NA,NA,NA,NA,NA,NA,NA,0,NA,NA,@ ATL,16,DNP,DNP,DNP
18,11586,Blake Corum,RB,24.8,LAR,28.0,26,23,7.9,7.4,6.9,1,1,0,0,25,0,0.0,0,0,0,0,0,0,0.00,59,0,0,0,0.00,0.00,1,3,0,1,0,1,7,10,10.0,10.0,13,0,4,69,0,47,59,4.54,33.0%,1,3.60,0.077,4,0.437,5,14,0.357,5.0,NA,2.5%,NA,0,NA,NA,NA,NA,NA,NA,NA,69,NA,NA,vs ARI,2,·,5.4,2.5
18,11618,Jalen McMillan,WR,23.8,TB,84.0,83,79,2.1,1.6,1.1,1,1,0,67,37,0,0.0,0,0,0,0,0,0,0.00,0,0,0,0,0.00,0.00,1,7,0,1,0,1,4,11,11.0,11.0,0,0,0,11,0,NA,0,0,55.0%,NA,NA,NA,0,NA,1,1,1.000,1.0,16,4.5%,0.69,0,NA,NA,NA,NA,NA,0.063,NA,11,NA,NA,vs CAR,21,·,7.2,-5.1
18,7611,Rhamondre Stevenson,RB,27.6,NE,1.0,1,1,35.3,34.3,33.3,1,1,1,0,28,0,0.0,0,0,0,0,0,0,0.00,131,0,0,0,0.00,0.00,2,7,0,0,1,2,15,22,11.0,11.0,7,0,3,153,2,97,131,18.71,47.0%,3,13.80,0.429,5,1.809,6,9,0.667,6.0,NA,9.1%,NA,0,NA,NA,NA,NA,NA,NA,NA,153,NA,NA,vs MIA,11,·,11.5,23.8
18,12510,Jalen Milroe,QB,22.8,SEA,0.0,0,0,0,0,0,0,0,0,0,0,0,0.0,0,0,0,0,0,0,0.00,0,0,0,0,0.00,0.00,0,0,0,0,0,0,0,0,0.0,0.0,0,0,0,0,0,NA,0,0,0.0%,NA,NA,NA,0,NA,0,0,NA,NA,NA,NA,NA,0,NA,NA,NA,NA,NA,NA,NA,0,NA,NA,@ SF,22,DNP,DNP,DNP
18,8205,Isiah Pacheco,RB,26.6,KC,0.0,0,0,0,0,0,0,0,0,0,0,0,0.0,0,0,0,0,0,0,0.00,0,0,0,0,0.00,0.00,0,0,0,0,0,0,0,0,0.0,0.0,0,0,0,0,0,NA,0,0,0.0%,NA,NA,NA,0,NA,0,0,NA,NA,NA,NA,NA,0,NA,NA,NA,NA,NA,NA,NA,0,NA,NA,@ LV,9,DNP,DNP,DNP
18,10444,Cedric Tillman,WR,25.4,CLE,68.0,67,61,3.3,2.8,2.3,1,1,1,0,40,0,0.0,0,0,0,0,0,0,0.00,0,0,0,0,0.00,0.00,1,15,0,1,0,2,8,23,23.0,11.5,0,0,0,23,0,NA,0,0,77.0%,NA,NA,NA,0,NA,1,2,0.500,1.0,22,9.1%,1.05,0,NA,NA,NA,NA,NA,0.045,NA,23,NA,NA,@ CIN,29,·,5.3,-2.0
18,11646,Jalen Coker,WR,23.9,CAR,11.0,12,10,16.7,13.7,10.7,1,1,1,51,47,0,0.0,0,0,0,0,0,0,0.00,0,0,0,0,0.00,0.00,6,44,0,1,1,7,3,47,7.8,6.7,0,0,0,47,0,NA,0,0,92.0%,NA,NA,NA,0,NA,2,7,0.286,2.0,33,20.0%,1.42,0,NA,NA,NA,NA,NA,0.030,NA,47,NA,NA,@ TB,16,·,10.2,6.5
18,12536,Jaylin Noel,WR,23.1,HOU,83.0,82,77,2.3,1.8,1.3,1,1,0,0,11,0,0.0,0,0,0,0,0,0,0.00,0,0,0,0,0.00,0.00,1,7,0,1,0,1,6,13,13.0,13.0,0,0,0,13,0,NA,0,0,16.0%,NA,NA,NA,0,NA,1,1,1.000,1.0,4,3.1%,3.25,0,NA,NA,NA,NA,NA,0.250,NA,13,NA,NA,vs IND,4,·,6.4,-4.1
18,12541,Dont'e Thornton,WR,22.8,LV,999.0,999,999,0,0,0,1,1,0,0,8,0,0.0,0,0,0,0,0,0,0.00,0,0,0,0,0.00,0.00,0,0,0,0,0,1,0,0,0.0,0.0,0,0,0,0,0,NA,0,0,13.0%,NA,NA,NA,0,NA,0,1,0.000,0.0,NA,NA,NA,0,NA,NA,NA,NA,NA,NA,NA,0,NA,NA,vs KC,20,·,3.0,-3.0
18,3214,Hunter Henry,TE,30.8,NE,11.0,15,17,10.6,8.1,5.6,1,1,1,0,34,0,0.0,0,0,0,0,0,0,0.00,0,0,0,0,0.00,0.00,5,26,0,2,0,5,30,56,11.2,11.2,0,0,0,56,0,NA,0,0,58.0%,NA,NA,NA,0,NA,2,5,0.400,2.0,18,22.7%,3.11,0,NA,NA,NA,NA,NA,0.111,NA,56,NA,NA,vs MIA,2,·,10.3,0.3
18,12534,Kyle Monangai,RB,23.3,CHI,44.0,39,35,5.9,5.4,4.9,1,1,0,0,23,0,0.0,0,0,0,0,0,0,0.00,14,0,0,0,0.00,0.00,1,7,0,0,0,1,8,15,15.0,15.0,6,0,0,29,0,14,14,2.33,42.0%,1,2.40,0.167,0,0.407,0,7,0.000,0.0,NA,3.0%,NA,0,NA,NA,NA,NA,NA,NA,NA,29,NA,NA,vs DET,22,·,9.6,-3.7
18,12486,Dillon Gabriel,QB,24.8,CLE,999.0,999,999,0,0,0,1,0,0,0,0,0,0.0,0,0,0,0,0,0,0.00,0,0,0,0,0.00,0.00,0,0,0,0,0,0,0,0,0.0,0.0,0,0,0,0,0,NA,0,0,0.0%,NA,NA,NA,0,NA,0,0,NA,NA,NA,NA,NA,0,NA,NA,NA,NA,NA,NA,NA,0,NA,NA,@ CIN,4,DNP,DNP,DNP
18,7090,Darnell Mooney,WR,27.9,ATL,54.0,60,66,5,3.5,2,1,1,1,0,52,0,0.0,0,0,0,0,0,0,0.00,0,0,0,0,0.00,0.00,3,23,0,1,0,7,-3,20,6.7,2.9,0,0,0,20,0,NA,0,0,83.0%,NA,NA,NA,0,NA,1,7,0.143,1.0,34,21.9%,0.59,0,NA,NA,NA,NA,NA,0.029,NA,20,NA,NA,vs NO,26,·,7.1,-2.1
18,5012,Mark Andrews,TE,30.1,BAL,39.0,39,42,3.4,2.4,1.4,1,1,0,0,30,0,0.0,0,0,0,0,0,0,0.00,0,0,0,0,0.00,0.00,2,12,0,0,0,3,2,14,7.0,4.7,0,0,0,14,0,NA,0,0,59.0%,NA,NA,NA,0,NA,0,3,0.000,0.0,16,16.7%,0.88,0,NA,NA,NA,NA,NA,0.000,NA,14,NA,NA,@ PIT,3,·,10.0,-6.6
18,12483,Jack Bech,WR,22.8,LV,999.0,999,999,0,0,0,1,1,0,0,36,0,0.0,0,0,0,0,0,0,0.00,0,0,0,0,0.00,0.00,0,0,0,0,0,2,0,0,0.0,0.0,0,0,0,0,0,NA,0,0,58.0%,NA,NA,NA,0,NA,0,2,0.000,0.0,16,7.7%,0.00,0,NA,NA,NA,NA,NA,0.000,NA,0,NA,NA,vs KC,20,·,7.9,-7.9
18,7571,Rashod Bateman,WR,25.8,BAL,0.0,0,0,0,0,0,0,0,0,0,0,0,0.0,0,0,0,0,0,0,0.00,0,0,0,0,0.00,0.00,0,0,0,0,0,0,0,0,0.0,0.0,0,0,0,0,0,NA,0,0,0.0%,NA,NA,NA,0,NA,0,0,NA,NA,NA,NA,NA,0,NA,NA,NA,NA,NA,NA,NA,0,NA,NA,@ PIT,6,DNP,DNP,DNP
18,11655,Tyrone Tracy,RB,25.8,NYG,2.0,3,3,27.9,23.9,19.9,1,1,1,0,52,1,0.0,0,0,0,0,0,0,0.00,103,0,0,0,0.00,0.00,8,-4,0,3,1,9,60,56,7.0,6.2,18,0,5,159,0,52,103,5.72,69.0%,4,2.90,0.222,5,0.512,9,27,0.333,9.0,NA,27.3%,NA,0,NA,NA,NA,NA,NA,NA,NA,159,NA,NA,vs DAL,7,·,13.0,14.9
18,7002,Juwan Johnson,TE,29.0,NO,24.0,22,22,7.1,5.6,4.1,1,1,1,0,51,1,0.0,0,0,0,0,0,0,0.00,0,0,0,0,0.00,0.00,3,56,0,2,0,5,5,61,20.3,12.2,0,0,0,61,0,NA,0,0,75.0%,NA,NA,NA,0,NA,2,5,0.400,2.0,38,14.3%,1.61,0,NA,NA,NA,NA,NA,0.053,NA,61,NA,NA,@ ATL,30,·,13.7,-6.6
18,12457,Jaydon Blue,RB,21.7,DAL,17.0,14,13,12.4,12.4,12.4,1,1,0,0,33,0,0.0,0,0,0,0,0,0,0.00,64,0,0,0,0.00,0.00,0,0,0,0,0,0,0,0,0.0,0.0,16,0,3,64,1,32,64,4,60.0%,1,2.00,0.063,4,0.263,4,16,0.250,4.0,NA,0.0%,NA,0,NA,NA,NA,NA,NA,NA,NA,64,NA,NA,@ NYG,3,·,12.4,0.0
18,1466,Travis Kelce,TE,36.0,KC,37.0,37,45,4.2,2.7,1.2,1,1,1,0,51,1,0.0,0,0,0,0,0,0,0.00,0,0,0,0,0.00,0.00,3,14,0,2,0,6,-2,12,4.0,2.0,0,0,0,12,0,NA,0,0,80.0%,NA,NA,NA,0,NA,2,6,0.333,2.0,33,19.4%,0.36,0,NA,NA,NA,NA,NA,0.061,NA,12,NA,NA,@ LV,29,·,10.2,-6.0
18,4199,Aaron Jones,RB,30.8,MIN,0.0,0,0,0,0,0,0,0,0,0,0,0,0.0,0,0,0,0,0,0,0.00,0,0,0,0,0.00,0.00,0,0,0,0,0,0,0,0,0.0,0.0,0,0,0,0,0,NA,0,0,0.0%,NA,NA,NA,0,NA,0,0,NA,NA,NA,NA,NA,0,NA,NA,NA,NA,NA,NA,NA,0,NA,NA,vs GB,27,DNP,DNP,DNP
18,8167,Christian Watson,WR,26.4,GB,999.0,999,999,0,0,0,1,0,0,0,0,0,0.0,0,0,0,0,0,0,0.00,0,0,0,0,0.00,0.00,0,0,0,0,0,0,0,0,0.0,0.0,0,0,0,0,0,NA,0,0,0.0%,NA,NA,NA,0,NA,0,0,NA,NA,NA,NA,NA,0,NA,NA,NA,NA,NA,NA,NA,0,NA,NA,@ MIN,32,·,4.4,-4.4
18,4981,Calvin Ridley,WR,30.8,TEN,999.0,999,999,0,0,0,1,0,0,0,0,0,0.0,0,0,0,0,0,0,0.00,0,0,0,0,0.00,0.00,0,0,0,0,0,0,0,0,0.0,0.0,0,0,0,0,0,NA,0,0,0.0%,NA,NA,NA,0,NA,0,0,NA,NA,NA,NA,NA,0,NA,NA,NA,NA,NA,NA,NA,0,NA,NA,@ JAX,13,IR,IR,IR
18,11597,Theo Johnson,TE,24.6,NYG,0.0,0,0,0,0,0,0,0,0,0,0,0,0.0,0,0,0,0,0,0,0.00,0,0,0,0,0.00,0.00,0,0,0,0,0,0,0,0,0.0,0.0,0,0,0,0,0,NA,0,0,0.0%,NA,NA,NA,0,NA,0,0,NA,NA,NA,NA,NA,0,NA,NA,NA,NA,NA,NA,NA,0,NA,NA,vs DAL,18,DNP,DNP,DNP
18,12487,Terrance Ferguson,TE,22.6,LAR,0.0,0,0,0,0,0,0,0,0,0,0,0,0.0,0,0,0,0,0,0,0.00,0,0,0,0,0.00,0.00,0,0,0,0,0,0,0,0,0.0,0.0,0,0,0,0,0,NA,0,0,0.0%,NA,NA,NA,0,NA,0,0,NA,NA,NA,NA,NA,0,NA,NA,NA,NA,NA,NA,NA,0,NA,NA,vs ARI,8,DNP,DNP,DNP
18,12493,Oronde Gadsden,TE,22.3,LAC,36.0,35,34,4.3,3.3,2.3,1,1,0,0,33,0,0.0,0,0,0,0,0,0,0.00,0,0,0,0,0.00,0.00,2,15,0,1,0,2,8,23,11.5,11.5,0,0,0,23,0,NA,0,0,46.0%,NA,NA,NA,0,NA,1,2,0.500,1.0,21,4.5%,1.10,0,NA,NA,NA,NA,NA,0.048,NA,23,NA,NA,@ DEN,12,·,4.1,0.2
18,12503,Isaiah Bond,WR,21.5,CLE,78.0,73,71,2.7,2.2,1.7,1,1,0,0,28,0,0.0,0,0,0,0,0,0,0.00,4,0,0,0,0.00,0.00,1,13,0,1,0,2,0,13,13.0,6.5,1,0,0,17,0,NA,4,4,54.0%,NA,NA,NA,0,NA,1,3,0.333,1.0,21,9.1%,0.62,0,NA,NA,NA,NA,NA,0.048,NA,17,NA,NA,@ CIN,29,·,5.1,-2.4
18,12471,DJ Giddens,RB,22.1,IND,60.0,57,51,3,3,3,1,1,0,0,20,0,0.0,0,0,0,0,0,0,0.00,30,0,0,0,0.00,0.00,0,0,0,0,0,0,0,0,0.0,0.0,8,0,2,30,0,22,30,3.75,31.0%,2,2.80,0.250,2,0.530,2,8,0.250,2.0,NA,0.0%,NA,0,NA,NA,NA,NA,NA,NA,NA,30,NA,NA,@ HOU,21,·,1.4,1.6
18,12547,Kyle Williams,WR,22.9,NE,107.0,106,97,0.5,0.5,0.5,1,1,0,0,27,0,0.0,0,0,0,0,0,0,0.00,5,0,0,0,0.00,0.00,0,0,0,0,0,0,0,0,0.0,0.0,1,0,0,5,0,NA,5,5,46.0%,NA,NA,NA,0,NA,0,1,0.000,0.0,9,0.0%,0.00,0,NA,NA,NA,NA,NA,0.000,NA,5,NA,NA,vs MIA,23,·,5.2,-4.7
18,11600,Ja'Tavion Sanders,TE,22.5,CAR,999.0,999,999,0,0,0,1,0,0,0,0,0,0.0,0,0,0,0,0,0,0.00,0,0,0,0,0.00,0.00,0,0,0,0,0,0,0,0,0.0,0.0,0,0,0,0,0,NA,0,0,0.0%,NA,NA,NA,0,NA,0,0,NA,NA,NA,NA,NA,0,NA,NA,NA,NA,NA,NA,NA,0,NA,NA,@ TB,7,IR,IR,IR
18,5848,Marquise Brown,WR,28.3,KC,28.0,25,25,9.4,7.9,6.4,1,1,1,0,52,0,0.0,0,0,0,0,0,0,0.00,0,0,0,0,0.00,0.00,3,36,0,2,0,6,28,64,21.3,10.7,0,0,0,64,0,NA,0,0,81.0%,NA,NA,NA,0,NA,2,6,0.333,2.0,35,19.4%,1.83,0,NA,NA,NA,NA,NA,0.057,NA,64,NA,NA,@ LV,10,·,8.6,0.8
18,1373,Geno Smith,QB,35.0,LV,0.0,0,0,0,0,0,0,0,0,0,0,0,0.0,0,0,0,0,0,0,0.00,0,0,0,0,0.00,0.00,0,0,0,0,0,0,0,0,0.0,0.0,0,0,0,0,0,NA,0,0,0.0%,NA,NA,NA,0,NA,0,0,NA,NA,NA,NA,NA,0,NA,NA,NA,NA,NA,NA,NA,0,NA,NA,vs KC,21,DNP,DNP,DNP
18,8154,Brian Robinson,RB,26.5,SF,76.0,75,74,0.9,0.9,0.9,1,1,0,42,6,0,0.0,0,0,0,0,0,0,0.00,9,0,0,0,0.00,0.00,0,0,0,0,0,0,0,0,0.0,0.0,2,0,0,9,0,NA,9,4.5,14.0%,NA,NA,NA,0,NA,0,2,0.000,0.0,NA,NA,NA,0,NA,NA,NA,NA,NA,NA,NA,9,NA,NA,vs SEA,18,·,2.4,-1.5
18,8188,Tyquan Thornton,WR,25.1,KC,999.0,999,999,0,0,0,1,0,0,0,0,0,0.0,0,0,0,0,0,0,0.00,0,0,0,0,0.00,0.00,0,0,0,0,0,0,0,0,0.0,0.0,0,0,0,0,0,NA,0,0,0.0%,NA,NA,NA,0,NA,0,0,NA,NA,NA,NA,NA,0,NA,NA,NA,NA,NA,NA,NA,0,NA,NA,@ LV,10,IR,IR,IR
18,8111,Cade Otton,TE,26.4,TB,2.0,2,2,22.4,18.9,15.4,1,1,1,67,64,0,0.0,0,0,0,0,0,0,0.00,0,0,0,0,0.00,0.00,7,41,0,4,1,9,53,94,13.4,10.4,0,0,0,94,0,NA,0,0,96.0%,NA,NA,NA,0,NA,5,9,0.556,5.0,25,40.9%,3.76,0,NA,NA,NA,NA,NA,0.160,NA,94,NA,NA,vs CAR,15,·,7.0,15.4
18,12455,Brashard Smith,RB,22.5,KC,29.0,27,28,7.8,6.8,5.8,1,1,1,0,34,0,0.0,0,0,0,0,0,0,0.00,56,0,0,0,0.00,0.00,2,-11,0,0,0,4,13,2,1.0,0.5,12,0,3,58,0,43,56,4.67,53.0%,6,3.60,0.500,3,0.860,3,16,0.188,3.0,NA,12.9%,NA,0,NA,NA,NA,NA,NA,NA,NA,58,NA,NA,@ LV,9,·,7.8,0.0
18,9502,Tank Dell,WR,25.9,HOU,999.0,999,999,0,0,0,1,0,0,0,0,0,0.0,0,0,0,0,0,0,0.00,0,0,0,0,0.00,0.00,0,0,0,0,0,0,0,0,0.0,0.0,0,0,0,0,0,NA,0,0,0.0%,NA,NA,NA,0,NA,0,0,NA,NA,NA,NA,NA,0,NA,NA,NA,NA,NA,NA,NA,0,NA,NA,vs IND,4,PUP,PUP,PUP
18,7527,Mac Jones,QB,27.1,SF,999.0,999,999,0,0,0,1,0,0,42,0,0,0.0,0,0,0,0,0,0,0.00,0,0,0,0,0.00,0.00,0,0,0,0,0,0,0,0,0.0,0.0,0,0,0,0,0,NA,0,0,0.0%,NA,NA,NA,0,NA,0,0,NA,NA,NA,NA,NA,0,NA,NA,NA,NA,NA,NA,NA,0,NA,NA,vs SEA,13,DNP,DNP,DNP
18,8142,Alec Pierce,WR,25.4,IND,1.0,1,1,29.2,27.2,25.2,1,1,1,0,44,0,0.0,0,0,0,0,0,0,0.00,0,0,0,0,0.00,0.00,4,100,0,1,2,7,32,132,33.0,18.9,0,0,0,132,0,NA,0,0,68.0%,NA,NA,NA,0,NA,3,7,0.429,3.0,28,20.0%,4.71,0,NA,NA,NA,NA,NA,0.036,NA,132,NA,NA,@ HOU,31,·,8.7,20.5
18,11625,Adonai Mitchell,WR,23.0,NYJ,999.0,999,999,0,0,0,1,1,1,0,25,0,0.0,0,0,0,0,0,0,0.00,0,0,0,0,0.00,0.00,0,0,0,0,0,3,0,0,0.0,0.0,0,0,0,0,0,NA,0,0,52.0%,NA,NA,NA,0,NA,0,3,0.000,0.0,13,13.6%,0.00,0,NA,NA,NA,NA,NA,0.000,NA,0,NA,NA,@ BUF,24,·,9.7,-9.7
18,9486,Dontayvion Wicks,WR,24.3,GB,0.0,0,0,0,0,0,0,0,0,0,0,0,0.0,0,0,0,0,0,0,0.00,0,0,0,0,0.00,0.00,0,0,0,0,0,0,0,0,0.0,0.0,0,0,0,0,0,NA,0,0,0.0%,NA,NA,NA,0,NA,0,0,NA,NA,NA,NA,NA,0,NA,NA,NA,NA,NA,NA,NA,0,NA,NA,@ MIN,32,DNP,DNP,DNP
18,12492,Pat Bryant,WR,22.8,DEN,44.0,44,50,7.1,5.1,3.1,1,1,1,0,39,0,0.0,0,0,0,0,0,0,0.00,0,0,0,0,0.00,0.00,4,14,0,2,0,5,17,31,7.8,6.2,0,0,0,31,0,NA,0,0,66.0%,NA,NA,NA,0,NA,2,5,0.400,2.0,24,21.7%,1.29,0,NA,NA,NA,NA,NA,0.083,NA,31,NA,NA,vs LAC,30,·,·,·
18,4066,Evan Engram,TE,31.1,DEN,22.0,21,21,7.5,6,4.5,1,1,0,0,23,0,0.0,0,0,0,0,0,0,0.00,0,0,0,0,0.00,0.00,3,23,0,1,0,4,22,45,15.0,11.3,0,0,0,45,0,NA,0,0,39.0%,NA,NA,NA,0,NA,1,4,0.250,1.0,19,17.4%,2.37,0,NA,NA,NA,NA,NA,0.053,NA,45,NA,NA,vs LAC,26,·,6.8,0.7
18,11603,AJ Barner,TE,23.4,SEA,38.0,38,40,3.4,2.4,1.4,1,1,1,69,42,0,0.0,0,0,0,0,0,0,0.00,0,0,0,0,0.00,0.00,2,4,0,0,0,3,10,14,7.0,4.7,0,0,0,14,0,NA,0,0,61.0%,NA,NA,NA,0,NA,0,3,0.000,0.0,18,11.5%,0.78,0,NA,NA,NA,NA,NA,0.000,NA,14,NA,NA,@ SF,5,·,11.4,-8.0
18,7567,Kenneth Gainwell,RB,26.5,PIT,14.0,22,32,21.4,17.4,13.4,1,1,0,0,50,0,0.0,0,0,0,0,0,0,0.00,10,0,0,0,0.00,0.00,8,-4,0,4,0,9,68,64,8.0,7.1,5,0,0,74,1,12,10,2,67.0%,1,2.30,0.200,1,0.430,5,14,0.357,5.0,NA,19.1%,NA,0,NA,NA,NA,NA,NA,NA,NA,74,NA,NA,vs BAL,13,·,12.4,9.0
18,96,Aaron Rodgers,QB,41.8,PIT,18.0,18,18,17.76,17.76,17.76,1,1,0,0,75,0,66.0,100,47,31,13,16,0,90.20,314,2,1,294,6.26,9.48,0,0,0,0,0,0,0,0,0.0,0.0,1,0,1,20,0,NA,20,20,100.0%,NA,NA,NA,1,NA,15,48,NA,NA,NA,NA,NA,14,29.8%,2.43,8.5%,12.0%,6.20,NA,50,314,+0.2%,+0.22,vs BAL,14,·,16.9,0.9
18,11626,Xavier Legette,WR,24.7,CAR,53.0,58,63,5.2,3.7,2.2,1,1,0,51,16,0,0.0,0,0,0,0,0,0,0.00,0,0,0,0,0.00,0.00,3,22,0,1,0,4,0,22,7.3,5.5,0,0,0,22,0,NA,0,0,31.0%,NA,NA,NA,0,NA,1,4,0.250,1.0,15,11.4%,1.47,0,NA,NA,NA,NA,NA,0.067,NA,22,NA,NA,@ TB,16,·,6.0,-0.8
18,4039,Cooper Kupp,WR,32.3,SEA,56.0,53,51,4.9,3.9,2.9,1,1,0,69,53,0,0.0,0,0,0,0,0,0,0.00,0,0,0,0,0.00,0.00,2,16,0,2,0,3,13,29,14.5,9.7,0,0,0,29,0,NA,0,0,77.0%,NA,NA,NA,0,NA,2,3,0.667,2.0,22,11.5%,1.32,0,NA,NA,NA,NA,NA,0.091,NA,29,NA,NA,@ SF,22,·,9.0,-4.1
18,11610,Malik Washington,WR,24.7,MIA,17.0,19,16,11.8,10.3,8.8,1,1,1,0,39,0,0.0,0,0,0,0,0,0,0.00,22,0,0,0,0.00,0.00,3,1,0,0,1,4,5,6,2.0,1.5,2,0,1,28,0,NA,22,11,70.0%,NA,NA,NA,1,NA,2,6,0.333,2.0,21,16.0%,0.29,0,NA,NA,NA,NA,NA,0.000,NA,28,NA,NA,@ NE,17,,8.1,3.7
18,11583,Jonathon Brooks,RB,22.2,CAR,999.0,999,999,0,0,0,1,0,0,0,0,0,0.0,0,0,0,0,0,0,0.00,0,0,0,0,0.00,0.00,0,0,0,0,0,0,0,0,0.0,0.0,0,0,0,0,0,NA,0,0,0.0%,NA,NA,NA,0,NA,0,0,NA,NA,NA,NA,NA,0,NA,NA,NA,NA,NA,NA,NA,0,NA,NA,@ TB,12,PUP,PUP,PUP
18,8210,Chigoziem Okonkwo,TE,26.0,TEN,46.0,51,60,2.2,1.2,0.2,1,1,1,0,43,0,0.0,0,0,0,0,0,0,0.00,0,0,0,0,0.00,0.00,2,2,0,0,0,5,0,2,1.0,0.4,0,0,0,2,0,NA,0,0,80.0%,NA,NA,NA,0,NA,0,5,0.000,0.0,25,15.2%,0.08,0,NA,NA,NA,NA,NA,0.000,NA,2,NA,NA,@ JAX,9,·,9.5,-7.3
18,12524,Shedeur Sanders,QB,23.6,CLE,29.0,29,29,5.04,5.04,5.04,1,1,1,0,52,1,50.0,31,22,11,4,11,0,64.80,137,6,0,111,5.05,10.09,0,0,0,0,0,0,0,0,0.0,0.0,3,0,1,26,0,NA,26,8.67,100.0%,NA,NA,NA,1,NA,5,25,NA,NA,NA,NA,NA,4,18.2%,3.40,18.2%,53.3%,8.90,NA,30,137,-9.4%,-0.38,@ CIN,4,·,19.7,-14.7
18,8125,Calvin Austin III,WR,26.5,PIT,82.0,81,76,14.5,13,11.5,1,1,0,0,37,0,0.0,0,0,0,0,0,0,0.00,0,0,0,0,0.00,0.00,3,45,0,2,1,7,10,55,18.3,7.9,0,0,0,55,0,NA,0,0,49.0%,NA,NA,NA,0,NA,3,7,0.429,3.0,33,14.9%,1.67,0,NA,NA,NA,NA,NA,0.061,NA,55,NA,NA,vs BAL,9,·,5.5,9.0
18,1339,Zach Ertz,TE,34.9,WAS,999.0,999,999,0,0,0,1,0,0,0,0,0,0.0,0,0,0,0,0,0,0.00,0,0,0,0,0.00,0.00,0,0,0,0,0,0,0,0,0.0,0.0,0,0,0,0,0,NA,0,0,0.0%,NA,NA,NA,0,NA,0,0,NA,NA,NA,NA,NA,0,NA,NA,NA,NA,NA,NA,NA,0,NA,NA,@ PHI,32,IR,IR,IR
18,11575,Ray Davis,RB,25.9,BUF,3.0,2,2,25.4,24.4,23.4,1,1,0,0,48,0,0.0,0,0,0,0,0,0,0.00,151,0,0,0,0.00,0.00,2,-6,0,1,1,2,29,23,11.5,11.5,21,0,7,174,0,71,151,7.19,64.0%,4,3.40,0.190,7,0.530,9,23,0.391,9.0,NA,6.9%,NA,0,NA,NA,NA,NA,NA,NA,NA,174,NA,NA,vs NYJ,4,·,3.6,21.8
18,9501,Demario Douglas,WR,24.8,NE,57.0,55,52,4.9,3.9,2.9,1,1,0,0,15,0,0.0,0,0,0,0,0,0,0.00,0,0,0,0,0.00,0.00,2,-2,0,1,0,3,31,29,14.5,9.7,0,0,0,29,0,NA,0,0,25.0%,NA,NA,NA,0,NA,1,3,0.333,1.0,12,13.6%,2.42,0,NA,NA,NA,NA,NA,0.083,NA,29,NA,NA,vs MIA,23,·,5.4,-0.5
18,7600,Pat Freiermuth,TE,26.9,PIT,16.0,18,18,8.1,6.6,5.1,1,1,0,0,52,0,0.0,0,0,0,0,0,0,0.00,0,0,0,0,0.00,0.00,3,26,0,3,0,5,25,51,17.0,10.2,0,0,0,51,0,NA,0,0,69.0%,NA,NA,NA,0,NA,3,5,0.600,3.0,36,10.6%,1.42,0,NA,NA,NA,NA,NA,0.083,NA,51,NA,NA,vs BAL,25,·,9.1,-1.0
18,9482,Michael Mayer,TE,24.2,LV,19.0,20,20,7.7,6.2,4.7,1,1,1,0,59,0,0.0,0,0,0,0,0,0,0.00,0,0,0,0,0.00,0.00,3,39,0,2,0,5,8,47,15.7,9.4,0,0,0,47,0,NA,0,0,95.0%,NA,NA,NA,0,NA,2,5,0.400,2.0,23,19.2%,2.04,0,NA,NA,NA,NA,NA,0.087,NA,47,NA,NA,vs KC,27,·,12.6,-4.9
18,6826,Cole Kmet,TE,26.6,CHI,31.0,27,23,5.6,4.6,3.6,1,1,1,0,49,0,0.0,0,0,0,0,0,0,0.00,0,0,0,0,0.00,0.00,2,0,0,1,0,3,16,16,8.0,5.3,0,0,0,16,0,NA,0,0,89.0%,NA,NA,NA,0,NA,1,3,0.333,1.0,26,9.1%,0.62,0,NA,NA,NA,NA,NA,0.038,NA,16,NA,NA,vs DET,14,·,4.7,0.9
18,12531,Trevor Etienne,RB,21.2,CAR,999.0,999,999,0,0,0,1,1,0,51,1,0,0.0,0,0,0,0,0,0,0.00,0,0,0,0,0.00,0.00,0,0,0,0,0,0,0,0,0.0,0.0,0,0,0,0,0,NA,0,0,2.0%,NA,NA,NA,0,NA,0,0,NA,0.0,NA,NA,NA,0,NA,NA,NA,NA,NA,NA,NA,0,NA,NA,@ TB,12,·,0.7,-0.7
18,9229,Anthony Richardson,QB,23.4,IND,999.0,999,999,0,0,0,1,0,0,0,0,0,0.0,0,0,0,0,0,0,0.00,0,0,0,0,0.00,0.00,0,0,0,0,0,0,0,0,0.0,0.0,0,0,0,0,0,NA,0,0,0.0%,NA,NA,NA,0,NA,0,0,NA,NA,NA,NA,NA,0,NA,NA,NA,NA,NA,NA,NA,0,NA,NA,@ HOU,31,IR,IR,IR
18,11650,Luke McCaffrey,WR,24.5,WAS,999.0,999,999,0,0,0,1,0,0,0,0,0,0.0,0,0,0,0,0,0,0.00,0,0,0,0,0.00,0.00,0,0,0,0,0,0,0,0,0.0,0.0,0,0,0,0,0,NA,0,0,0.0%,NA,NA,NA,0,NA,0,0,NA,NA,NA,NA,NA,0,NA,NA,NA,NA,NA,NA,NA,0,NA,NA,@ PHI,28,IR,IR,IR
18,9487,Parker Washington,WR,23.5,JAX,6.0,6,5,19.7,17.2,14.7,1,1,0,0,45,1,0.0,0,0,0,0,0,0,0.00,0,0,0,0,0.00,0.00,5,68,0,2,1,9,19,87,17.4,9.7,0,0,0,87,0,NA,0,0,74.0%,NA,NA,NA,0,NA,3,9,0.333,3.0,29,28.1%,3.00,0,NA,NA,NA,NA,NA,0.069,NA,87,NA,NA,vs TEN,11,·,12.1,7.6
18,12505,Jalen Royals,WR,22.6,KC,80.0,87,102,2.4,1.4,0.4,1,1,1,0,43,0,0.0,0,0,0,0,0,0,0.00,0,0,0,0,0.00,0.00,2,0,0,0,0,3,4,4,2.0,1.3,0,0,0,4,0,NA,0,0,67.0%,NA,NA,NA,0,NA,0,3,0.000,0.0,30,9.7%,0.13,0,NA,NA,NA,NA,NA,0.000,NA,4,NA,NA,@ LV,10,·,6.4,-4.0
18,4018,Joe Mixon,RB,29.2,HOU,999.0,999,999,0,0,0,1,0,0,0,0,0,0.0,0,0,0,0,0,0,0.00,0,0,0,0,0.00,0.00,0,0,0,0,0,0,0,0,0.0,0.0,0,0,0,0,0,NA,0,0,0.0%,NA,NA,NA,0,NA,0,0,NA,NA,NA,NA,NA,0,NA,NA,NA,NA,NA,NA,NA,0,NA,NA,vs IND,20,PUP,PUP,PUP
18,12641,Jaylin Lane,WR,23.4,WAS,999.0,999,999,0,0,0,1,0,0,0,0,0,0.0,0,0,0,0,0,0,0.00,0,0,0,0,0.00,0.00,0,0,0,0,0,0,0,0,0.0,0.0,0,0,0,0,0,NA,0,0,0.0%,NA,NA,NA,0,NA,0,0,NA,NA,NA,NA,NA,0,NA,NA,NA,NA,NA,NA,NA,0,NA,NA,@ PHI,28,IR,IR,IR
18,9511,Keaton Mitchell,RB,23.7,BAL,80.0,80,80,0.2,0.2,0.2,1,1,0,0,7,0,0.0,0,0,0,0,0,0,0.00,2,0,0,0,0.00,0.00,0,0,0,0,0,0,0,0,0.0,0.0,2,0,0,2,0,NA,2,1,14.0%,NA,NA,NA,0,NA,0,2,0.000,0.0,NA,NA,NA,0,NA,NA,NA,NA,NA,NA,NA,2,NA,NA,@ PIT,24,·,5.4,-5.2
18,4950,Christian Kirk,WR,28.9,HOU,105.0,108,108,0.7,0.2,-0.3,1,1,0,0,39,0,0.0,0,0,0,0,0,0,0.00,0,0,0,0,0.00,0.00,1,-5,0,0,0,2,2,-3,-3.0,-1.5,0,0,0,-3,0,NA,0,0,57.0%,NA,NA,NA,0,NA,0,2,0.000,0.0,25,6.3%,-0.12,0,NA,NA,NA,NA,NA,0.000,NA,-3,NA,NA,vs IND,4,·,7.2,-6.5
18,4137,James Conner,RB,30.4,ARI,999.0,999,999,0,0,0,1,0,0,0,0,0,0.0,0,0,0,0,0,0,0.00,0,0,0,0,0.00,0.00,0,0,0,0,0,0,0,0,0.0,0.0,0,0,0,0,0,NA,0,0,0.0%,NA,NA,NA,0,NA,0,0,NA,NA,NA,NA,NA,0,NA,NA,NA,NA,NA,NA,NA,0,NA,NA,@ LAR,28,IR,IR,IR
18,4988,Nick Chubb,RB,29.8,HOU,0.0,0,0,0,0,0,0,0,0,0,0,0,0.0,0,0,0,0,0,0,0.00,0,0,0,0,0.00,0.00,0,0,0,0,0,0,0,0,0.0,0.0,0,0,0,0,0,NA,0,0,0.0%,NA,NA,NA,0,NA,0,0,NA,NA,NA,NA,NA,0,NA,NA,NA,NA,NA,NA,NA,0,NA,NA,vs IND,20,DNP,DNP,DNP
18,9506,Sean Tucker,RB,23.9,TB,81.0,81,81,-0.4,-0.4,-0.4,1,1,0,67,5,1,0.0,0,0,0,0,0,0,0.00,-4,0,0,0,0.00,0.00,0,0,0,0,0,0,0,0,0.0,0.0,4,0,0,-4,0,NA,-4,-1,7.0%,NA,NA,NA,0,NA,0,4,0.000,0.0,NA,NA,NA,0,NA,NA,NA,NA,NA,NA,NA,-4,NA,NA,vs CAR,8,·,4.2,-4.6
18,4144,Jonnu Smith,TE,30.1,PIT,64.0,64,61,1.4,0.9,0.4,1,1,0,0,33,0,0.0,0,0,0,0,0,0,0.00,2,0,0,0,0.00,0.00,1,2,0,0,0,2,0,2,2.0,1.0,1,0,0,4,0,NA,2,2,44.0%,NA,NA,NA,0,NA,0,3,0.000,0.0,14,4.3%,0.14,0,NA,NA,NA,NA,NA,0.000,NA,4,NA,NA,vs BAL,25,·,6.4,-5.0
18,7607,Michael Carter,RB,26.4,ARI,32.0,40,43,6.9,5.4,3.9,1,1,1,0,29,0,0.0,0,0,0,0,0,0,0.00,18,0,0,0,0.00,0.00,3,-6,0,1,0,3,27,21,7.0,7.0,7,0,1,39,0,15,18,2.57,53.0%,3,2.10,0.429,1,0.639,2,10,0.200,2.0,NA,9.4%,NA,0,NA,NA,NA,NA,NA,NA,NA,39,NA,NA,@ LAR,28,·,8.8,-1.9
18,11647,Kimani Vidal,RB,24.1,LAC,67.0,68,72,2,1.5,1,1,1,0,0,14,0,0.0,0,0,0,0,0,0,0.00,12,0,0,0,0.00,0.00,1,-3,0,0,0,1,1,-2,-2.0,-2.0,3,0,0,10,0,9,12,4,20.0%,0,3.10,0.000,0,0.310,0,4,0.000,0.0,NA,2.3%,NA,0,NA,NA,NA,NA,NA,NA,NA,10,NA,NA,@ DEN,32,·,6.6,-4.6
18,5001,Dalton Schultz,TE,29.2,HOU,10.0,10,11,11.3,9.3,7.3,1,1,1,0,38,0,0.0,0,0,0,0,0,0,0.00,0,0,0,0,0.00,0.00,4,37,0,3,0,4,36,73,18.3,18.3,0,0,0,73,0,NA,0,0,56.0%,NA,NA,NA,0,NA,3,4,0.750,3.0,20,12.5%,3.65,0,NA,NA,NA,NA,NA,0.150,NA,73,NA,NA,vs IND,6,·,8.8,2.5
18,11571,Isaiah Davis,RB,23.6,NYJ,999.0,999,999,0,0,0,1,0,0,0,0,0,0.0,0,0,0,0,0,0,0.00,0,0,0,0,0.00,0.00,0,0,0,0,0,0,0,0,0.0,0.0,0,0,0,0,0,NA,0,0,0.0%,NA,NA,NA,0,NA,0,0,NA,NA,NA,NA,NA,0,NA,NA,NA,NA,NA,NA,NA,0,NA,NA,@ BUF,5,IR,IR,IR
18,12476,Devin Neal,RB,22.1,NO,999.0,999,999,0,0,0,1,0,0,0,0,0,0.0,0,0,0,0,0,0,0.00,0,0,0,0,0.00,0.00,0,0,0,0,0,0,0,0,0.0,0.0,0,0,0,0,0,NA,0,0,0.0%,NA,NA,NA,0,NA,0,0,NA,NA,NA,NA,NA,0,NA,NA,NA,NA,NA,NA,NA,0,NA,NA,@ ATL,17,IR,IR,IR
18,11643,Jaylen Wright,RB,22.5,MIA,55.0,56,58,4,3,2,1,1,1,0,26,2,0.0,0,0,0,0,0,0,0.00,23,0,0,0,0.00,0.00,2,-8,0,1,0,2,25,17,8.5,8.5,13,0,2,40,0,31,23,1.77,46.0%,5,2.40,0.385,2,0.625,3,15,0.200,3.0,NA,8.0%,NA,0,NA,NA,NA,NA,NA,NA,NA,40,NA,NA,@ NE,30,·,11.7,-7.7
18,11596,Ben Sinnott,TE,23.3,WAS,45.0,49,59,2.3,1.3,0.3,1,1,0,0,38,0,0.0,0,0,0,0,0,0,0.00,0,0,0,0,0.00,0.00,2,0,0,0,0,2,3,3,1.5,1.5,0,0,0,3,0,NA,0,0,55.0%,NA,NA,NA,0,NA,0,2,0.000,0.0,11,9.1%,0.27,0,NA,NA,NA,NA,NA,0.000,NA,3,NA,NA,@ PHI,32,·,4.4,-2.1
18,12545,Tyler Shough,QB,26.0,NO,4.0,4,4,22.76,22.76,22.76,1,1,1,0,68,0,65.7,130,35,23,9,12,1,85.30,293,4,1,259,7.40,11.26,0,0,0,0,0,0,0,0,0.0,0.0,3,0,1,34,1,NA,34,11.33,100.0%,NA,NA,NA,2,NA,12,38,NA,NA,NA,NA,NA,10,28.6%,2.63,17.1%,42.9%,7.80,NA,42,293,-0.4%,-0.18,@ ATL,16,·,20.7,2.1
18,9225,Tank Bigsby,RB,24.1,PHI,8.0,8,7,17.6,17.1,16.6,1,1,1,0,38,0,0.0,0,0,0,0,0,0,0.00,75,0,0,0,0.00,0.00,1,1,0,1,0,1,30,31,31.0,31.0,16,0,4,106,1,48,75,4.69,59.0%,6,3.00,0.375,5,0.675,6,17,0.353,6.0,NA,2.5%,NA,0,NA,NA,NA,NA,NA,NA,NA,106,NA,NA,vs WAS,6,·,12.0,5.6
18,11577,Will Shipley,RB,23.1,PHI,58.0,62,65,3.3,2.3,1.3,1,1,0,0,26,0,0.0,0,0,0,0,0,0,0.00,2,0,0,0,0.00,0.00,2,-10,0,1,0,3,21,11,5.5,3.7,1,0,0,13,0,2,2,2,41.0%,1,1.90,1.000,0,1.190,1,4,0.250,1.0,NA,7.5%,NA,0,NA,NA,NA,NA,NA,NA,NA,13,NA,NA,vs WAS,6,·,8.3,-5.0
18,4454,Kendrick Bourne,WR,30.2,SF,999.0,999,999,0,0,0,1,1,0,42,22,0,0.0,0,0,0,0,0,0,0.00,0,0,0,0,0.00,0.00,0,0,0,0,0,1,0,0,0.0,0.0,0,0,0,0,0,NA,0,0,52.0%,NA,NA,NA,0,NA,0,1,0.000,0.0,18,3.7%,0.00,0,NA,NA,NA,NA,NA,0.000,NA,0,NA,NA,vs SEA,14,·,2.4,-2.4
18,12485,Tez Johnson,WR,23.4,TB,70.0,68,62,3.2,2.7,2.2,1,1,0,67,9,0,0.0,0,0,0,0,0,0,0.00,5,0,0,0,0.00,0.00,1,16,0,1,0,1,1,17,17.0,17.0,1,0,0,22,0,NA,5,5,13.0%,NA,NA,NA,0,NA,1,2,0.500,1.0,4,4.5%,4.25,0,NA,NA,NA,NA,NA,0.250,NA,22,NA,NA,vs CAR,21,·,1.7,1.5
18,7670,Joshua Palmer,WR,26.0,BUF,103.0,105,107,1.1,0.6,0.1,1,1,1,0,63,0,0.0,0,0,0,0,0,0,0.00,0,0,0,0,0.00,0.00,1,-1,0,0,0,3,2,1,1.0,0.3,0,0,0,1,0,NA,0,0,84.0%,NA,NA,NA,0,NA,0,3,0.000,0.0,26,10.3%,0.04,0,NA,NA,NA,NA,NA,0.000,NA,1,NA,NA,vs NYJ,18,·,4.3,-3.2
18,7587,Dyami Brown,WR,25.9,JAX,93.0,93,93,1.8,1.3,0.8,1,1,0,0,8,0,0.0,0,0,0,0,0,0,0.00,0,0,0,0,0.00,0.00,1,8,0,1,0,1,0,8,8.0,8.0,0,0,0,8,0,NA,0,0,13.0%,NA,NA,NA,0,NA,1,1,1.000,1.0,1,3.1%,8.00,0,NA,NA,NA,NA,NA,1.000,NA,8,NA,NA,vs TEN,11,·,0.6,1.2
18,11581,MarShawn Lloyd,RB,24.7,GB,999.0,999,999,0,0,0,1,0,0,0,0,0,0.0,0,0,0,0,0,0,0.00,0,0,0,0,0.00,0.00,0,0,0,0,0,0,0,0,0.0,0.0,0,0,0,0,0,NA,0,0,0.0%,NA,NA,NA,0,NA,0,0,NA,NA,NA,NA,NA,0,NA,NA,NA,NA,NA,NA,NA,0,NA,NA,@ MIN,19,IR,IR,IR
18,10219,Chris Rodriguez,RB,25.0,WAS,12.0,11,10,15.3,14.8,14.3,1,1,0,0,29,0,0.0,0,0,0,0,0,0,0.00,65,0,0,0,0.00,0.00,1,1,0,1,0,1,17,18,18.0,18.0,16,0,3,83,1,51,65,4.06,42.0%,6,3.20,0.375,4,0.695,5,17,0.294,5.0,NA,4.5%,NA,0,NA,NA,NA,NA,NA,NA,NA,83,NA,NA,@ PHI,10,·,10.4,4.9
18,12543,Tahj Brooks,RB,23.4,CIN,999.0,999,999,0,0,0,1,0,0,0,0,0,0.0,0,0,0,0,0,0,0.00,0,0,0,0,0.00,0.00,0,0,0,0,0,0,0,0,0.0,0.0,0,0,0,0,0,NA,0,0,0.0%,NA,NA,NA,0,NA,0,0,NA,0.0,NA,NA,NA,0,NA,NA,NA,NA,NA,NA,NA,0,NA,NA,vs CLE,15,·,1.4,-1.4
18,11569,Jarquez Hunter,RB,22.8,LAR,0.0,0,0,0,0,0,0,0,0,0,0,0,0.0,0,0,0,0,0,0,0.00,0,0,0,0,0.00,0.00,0,0,0,0,0,0,0,0,0.0,0.0,0,0,0,0,0,NA,0,0,0.0%,NA,NA,NA,0,NA,0,0,NA,NA,NA,NA,NA,0,NA,NA,NA,NA,NA,NA,NA,0,NA,NA,vs ARI,2,·,·,-0.4
18,10232,Michael Wilson,WR,25.6,ARI,5.0,5,3,20.9,18.4,15.9,1,1,1,0,51,0,0.0,0,0,0,0,0,0,0.00,0,0,0,0,0.00,0.00,5,76,0,3,1,8,23,99,19.8,12.4,0,0,0,99,0,NA,0,0,93.0%,NA,NA,NA,0,NA,4,8,0.500,4.0,36,25.0%,2.75,0,NA,NA,NA,NA,NA,0.083,NA,99,NA,NA,@ LAR,8,·,14.9,6.0
18,5995,Justice Hill,RB,27.9,BAL,999.0,999,999,0,0,0,1,0,0,0,0,0,0.0,0,0,0,0,0,0,0.00,0,0,0,0,0.00,0.00,0,0,0,0,0,0,0,0,0.0,0.0,0,0,0,0,0,NA,0,0,0.0%,NA,NA,NA,0,NA,0,0,NA,NA,NA,NA,NA,0,NA,NA,NA,NA,NA,NA,NA,0,NA,NA,@ PIT,24,IR,IR,IR
18,8180,Jalen Nailor,WR,26.6,MIN,37.0,36,34,7.9,6.4,4.9,1,1,0,0,50,0,0.0,0,0,0,0,0,0,0.00,0,0,0,0,0.00,0.00,3,35,0,2,0,3,14,49,16.3,16.3,0,0,0,49,0,NA,0,0,75.0%,NA,NA,NA,0,NA,2,3,0.667,2.0,26,9.7%,1.88,0,NA,NA,NA,NA,NA,0.077,NA,49,NA,NA,vs GB,15,·,5.5,2.4
18,8698,Jake Tonges,TE,26.2,SF,999.0,999,999,0,0,0,1,0,0,42,0,0,0.0,0,0,0,0,0,0,0.00,0,0,0,0,0.00,0.00,0,0,0,0,0,0,0,0,0.0,0.0,0,0,0,0,0,NA,0,0,0.0%,NA,NA,NA,0,NA,0,0,NA,0.0,NA,NA,NA,0,NA,NA,NA,NA,NA,NA,NA,0,NA,NA,vs SEA,11,·,0.4,-0.4
18,8123,Hassan Haskins,RB,25.8,LAC,79.0,79,79,0.3,0.3,0.3,1,1,0,0,3,0,0.0,0,0,0,0,0,0,0.00,3,0,0,0,0.00,0.00,0,0,0,0,0,0,0,0,0.0,0.0,1,0,1,3,0,NA,3,3,4.0%,NA,NA,NA,1,NA,1,1,1.000,1.0,NA,NA,NA,0,NA,NA,NA,NA,NA,NA,NA,3,NA,NA,@ DEN,32,·,1.6,-1.3
18,4098,Kareem Hunt,RB,30.1,KC,37.0,46,47,6.5,5,3.5,1,1,0,0,25,0,0.0,0,0,0,0,0,0,0.00,14,0,0,0,0.00,0.00,3,0,0,0,0,4,21,21,7.0,5.3,5,0,1,35,0,14,14,2.8,39.0%,2,2.80,0.400,1,0.680,1,9,0.111,1.0,NA,12.9%,NA,0,NA,NA,NA,NA,NA,NA,NA,35,NA,NA,@ LV,9,·,7.6,-1.1
18,11630,Roman Wilson,WR,24.3,PIT,0.0,0,0,0,0,0,0,0,0,0,0,0,0.0,0,0,0,0,0,0,0.00,0,0,0,0,0.00,0.00,0,0,0,0,0,0,0,0,0.0,0.0,0,0,0,0,0,NA,0,0,0.0%,NA,NA,NA,0,NA,0,0,NA,NA,NA,NA,NA,0,NA,NA,NA,NA,NA,NA,NA,0,NA,NA,vs BAL,9,OUT,OUT,OUT
18,12540,Chimere Dike,WR,23.8,TEN,48.0,51,55,5.7,4.2,2.7,1,1,1,0,39,0,0.0,0,0,0,0,0,0,0.00,0,0,0,0,0.00,0.00,3,9,0,1,0,4,18,27,9.0,6.8,0,0,0,27,0,NA,0,0,72.0%,NA,NA,NA,0,NA,1,4,0.250,1.0,28,12.1%,0.96,0,NA,NA,NA,NA,NA,0.036,NA,27,NA,NA,@ JAX,13,·,10.1,-4.4
18,8117,Jalen Tolbert,WR,26.6,DAL,999.0,999,999,0,0,0,1,1,0,0,21,0,0.0,0,0,0,0,0,0,0.00,0,0,0,0,0.00,0.00,0,0,0,0,0,1,0,0,0.0,0.0,0,0,0,0,0,NA,0,0,38.0%,NA,NA,NA,0,NA,0,1,0.000,0.0,12,4.2%,0.00,0,NA,NA,NA,NA,NA,0.000,NA,0,NA,NA,@ NYG,5,·,2.7,-2.7
18,12523,Jimmy Horn,WR,23.0,CAR,79.0,76,72,2.5,2,1.5,1,1,0,51,16,0,0.0,0,0,0,0,0,0,0.00,0,0,0,0,0.00,0.00,1,14,0,1,0,1,1,15,15.0,15.0,0,0,0,15,0,NA,0,0,31.0%,NA,NA,NA,0,NA,1,1,1.000,1.0,11,2.9%,1.36,0,NA,NA,NA,NA,NA,0.091,NA,15,NA,NA,@ TB,16,·,2.6,-0.1
18,12670,KeAndre Lambert-Smith,WR,24.0,LAC,63.0,63,60,4.4,3.4,2.4,1,1,1,0,23,0,0.0,0,0,0,0,0,0,0.00,0,0,0,0,0.00,0.00,2,12,0,1,0,5,12,24,12.0,4.8,0,0,0,24,0,NA,0,0,32.0%,NA,NA,NA,0,NA,1,5,0.200,1.0,18,11.4%,1.33,0,NA,NA,NA,NA,NA,0.056,NA,24,NA,NA,@ DEN,25,Q,7.3,-2.9
18,12502,Gunnar Helm,TE,23.1,TEN,0.0,0,0,0,0,0,0,0,0,0,0,0,0.0,0,0,0,0,0,0,0.00,0,0,0,0,0.00,0.00,0,0,0,0,0,0,0,0,0.0,0.0,0,0,0,0,0,NA,0,0,0.0%,NA,NA,NA,0,NA,0,0,NA,NA,NA,NA,NA,0,NA,NA,NA,NA,NA,NA,NA,0,NA,NA,@ JAX,9,OUT,OUT,OUT
18,11651,Isaac Guerendo,RB,25.2,SF,0.0,0,0,0,0,0,0,0,0,0,0,0,0.0,0,0,0,0,0,0,0.00,0,0,0,0,0.00,0.00,0,0,0,0,0,0,0,0,0.0,0.0,0,0,0,0,0,NA,0,0,0.0%,NA,NA,NA,0,NA,0,0,NA,NA,NA,NA,NA,0,NA,NA,NA,NA,NA,NA,NA,0,NA,NA,vs SEA,18,OUT,OUT,OUT
18,3321,Tyreek Hill,WR,31.6,MIA,999.0,999,999,0,0,0,1,0,0,0,0,0,0.0,0,0,0,0,0,0,0.00,0,0,0,0,0.00,0.00,0,0,0,0,0,0,0,0,0.0,0.0,0,0,0,0,0,NA,0,0,0.0%,NA,NA,NA,0,NA,0,0,NA,NA,NA,NA,NA,0,NA,NA,NA,NA,NA,NA,NA,0,NA,NA,@ NE,17,IR,IR,IR
18,11557,Joe Milton,QB,25.6,DAL,27.0,27,27,6.22,6.22,6.22,1,1,0,0,27,0,53.9,19,13,7,3,6,1,38.30,116,0,0,73,5.62,10.43,0,0,0,0,0,0,0,0,0.0,0.0,4,0,1,43,0,NA,43,10.75,49.0%,NA,NA,NA,1,NA,4,17,NA,NA,NA,NA,NA,3,23.1%,2.99,7.7%,40.0%,7.90,NA,15,116,-5.9%,-0.44,@ NYG,5,DNP,DNP,DNP
18,7828,Noah Gray,TE,26.4,KC,29.0,30,28,6,4.5,3,1,1,0,0,36,0,0.0,0,0,0,0,0,0,0.00,0,0,0,0,0.00,0.00,3,17,0,2,0,5,13,30,10.0,6.0,0,0,0,30,0,NA,0,0,56.0%,NA,NA,NA,0,NA,2,5,0.400,2.0,16,16.1%,1.88,0,NA,NA,NA,NA,NA,0.125,NA,30,NA,NA,@ LV,29,·,3.4,2.6
18,6149,Darius Slayton,WR,28.7,NYG,30.0,29,29,9.4,7.4,5.4,1,1,1,0,65,0,0.0,0,0,0,0,0,0,0.00,0,0,0,0,0.00,0.00,4,17,0,3,0,9,17,34,8.5,3.8,0,0,0,34,0,NA,0,0,87.0%,NA,NA,NA,0,NA,3,9,0.333,3.0,36,27.3%,0.94,0,NA,NA,NA,NA,NA,0.083,NA,34,NA,NA,vs DAL,1,·,12.6,-3.2
18,10218,Xavier Hutchinson,WR,25.3,HOU,15.0,15,18,13.4,10.9,8.4,1,1,1,0,54,0,0.0,0,0,0,0,0,0,0.00,0,0,0,0,0.00,0.00,5,49,0,3,0,9,35,84,16.8,9.3,0,0,0,84,0,NA,0,0,79.0%,NA,NA,NA,0,NA,3,9,0.333,3.0,31,28.1%,2.71,0,NA,NA,NA,NA,NA,0.097,NA,84,NA,NA,vs IND,4,·,5.1,8.3
18,9481,Luke Musgrave,TE,25.1,GB,999.0,999,999,0,0,0,1,1,0,0,2,0,0.0,0,0,0,0,0,0,0.00,0,0,0,0,0.00,0.00,0,0,0,0,0,0,0,0,0.0,0.0,0,0,0,0,0,NA,0,0,4.0%,NA,NA,NA,0,NA,0,0,NA,0.0,NA,NA,NA,0,NA,NA,NA,NA,NA,NA,NA,0,NA,NA,@ MIN,24,·,3.7,-3.7
18,5857,Noah Fant,TE,27.8,CIN,65.0,65,63,-0.5,-1,-1.5,1,1,1,0,15,1,0.0,0,0,0,0,0,0,0.00,0,0,0,0,0.00,0.00,1,-1,0,0,0,1,6,5,5.0,5.0,0,0,0,5,0,NA,0,0,22.0%,NA,NA,NA,0,NA,0,1,0.000,0.0,NA,NA,NA,0,NA,NA,NA,NA,NA,NA,NA,5,NA,NA,vs CLE,20,·,4.0,-4.5
18,5906,Dawson Knox,TE,28.9,BUF,12.0,9,8,10.4,9.4,8.4,1,1,0,0,4,0,0.0,0,0,0,0,0,0,0.00,0,0,0,0,0.00,0.00,2,21,0,1,1,2,3,24,12.0,12.0,0,0,0,24,0,NA,0,0,5.0%,NA,NA,NA,0,NA,2,2,1.000,2.0,3,6.9%,8.00,0,NA,NA,NA,NA,NA,0.333,NA,24,NA,NA,vs NYJ,13,·,4.0,6.4
18,12482,Savion Williams,WR,23.8,GB,999.0,999,999,0,0,0,1,0,0,0,0,0,0.0,0,0,0,0,0,0,0.00,0,0,0,0,0.00,0.00,0,0,0,0,0,0,0,0,0.0,0.0,0,0,0,0,0,NA,0,0,0.0%,NA,NA,NA,0,NA,0,0,NA,NA,NA,NA,NA,0,NA,NA,NA,NA,NA,NA,NA,0,NA,NA,@ MIN,32,IR,IR,IR
18,7528,Najee Harris,RB,27.6,LAC,999.0,999,999,0,0,0,1,0,0,0,0,0,0.0,0,0,0,0,0,0,0.00,0,0,0,0,0.00,0.00,0,0,0,0,0,0,0,0,0.0,0.0,0,0,0,0,0,NA,0,0,0.0%,NA,NA,NA,0,NA,0,0,NA,NA,NA,NA,NA,0,NA,NA,NA,NA,NA,NA,NA,0,NA,NA,@ DEN,32,IR,IR,IR
18,12544,LeQuint Allen,RB,21.2,JAX,999.0,999,999,0,0,0,1,1,1,0,11,0,0.0,0,0,0,0,0,0,0.00,0,0,0,0,0.00,0.00,0,0,0,0,0,0,0,0,0.0,0.0,0,0,0,0,0,NA,0,0,18.0%,NA,NA,NA,0,NA,0,0,NA,0.0,NA,NA,NA,0,NA,NA,NA,NA,NA,NA,NA,0,NA,NA,vs TEN,14,·,3.5,-3.5
18,8143,Jerome Ford,RB,26.0,CLE,999.0,999,999,0,0,0,1,0,0,0,0,0,0.0,0,0,0,0,0,0,0.00,0,0,0,0,0.00,0.00,0,0,0,0,0,0,0,0,0.0,0.0,0,0,0,0,0,NA,0,0,0.0%,NA,NA,NA,0,NA,0,0,NA,NA,NA,NA,NA,0,NA,NA,NA,NA,NA,NA,NA,0,NA,NA,@ CIN,1,IR,IR,IR
18,12467,Jordan James,RB,21.5,SF,999.0,999,999,0,0,0,1,0,0,42,0,0,0.0,0,0,0,0,0,0,0.00,0,0,0,0,0.00,0.00,0,0,0,0,0,0,0,0,0.0,0.0,0,0,0,0,0,NA,0,0,0.0%,NA,NA,NA,0,NA,0,0,NA,0.0,NA,NA,NA,0,NA,NA,NA,NA,NA,NA,NA,0,NA,NA,vs SEA,18,DNP,DNP,DNP
18,11623,Jordan Whittington,WR,25.0,LAR,999.0,999,999,0,0,0,1,0,0,0,0,0,0.0,0,0,0,0,0,0,0.00,0,0,0,0,0.00,0.00,0,0,0,0,0,0,0,0,0.0,0.0,0,0,0,0,0,NA,0,0,0.0%,NA,NA,NA,0,NA,0,0,NA,0.0,NA,NA,NA,0,NA,NA,NA,NA,NA,NA,NA,0,NA,NA,vs ARI,19,,1.3,-1.3
18,3161,Carson Wentz,QB,32.7,MIN,999.0,999,999,0,0,0,1,0,0,0,0,0,0.0,0,0,0,0,0,0,0.00,0,0,0,0,0.00,0.00,0,0,0,0,0,0,0,0,0.0,0.0,0,0,0,0,0,NA,0,0,0.0%,NA,NA,NA,0,NA,0,0,NA,NA,NA,NA,NA,0,NA,NA,NA,NA,NA,NA,NA,0,NA,NA,vs GB,23,IR,IR,IR
18,19,Joe Flacco,QB,40.7,CIN,39.0,39,39,0.2,0.2,0.2,1,1,0,0,1,0,0.0,0,0,0,0,0,0,0.00,2,0,0,0,0.00,0.00,0,0,0,0,0,0,0,0,0.0,0.0,1,0,1,2,0,NA,2,2,1.0%,NA,NA,NA,1,NA,1,1,NA,NA,NA,NA,NA,0,NA,NA,NA,NA,NA,NA,NA,2,NA,NA,vs CLE,29,DNP,DNP,DNP
18,7562,Tutu Atwell,WR,26.0,LAR,75.0,70,69,2.9,2.4,1.9,1,1,0,0,10,0,0.0,0,0,0,0,0,0,0.00,0,0,0,0,0.00,0.00,1,13,0,1,0,3,6,19,19.0,6.3,0,0,0,19,0,NA,0,0,13.0%,NA,NA,NA,0,NA,1,3,0.333,1.0,7,7.5%,2.71,0,NA,NA,NA,NA,NA,0.143,NA,19,NA,NA,vs ARI,19,·,1.2,1.7
18,10235,Roschon Johnson,RB,24.6,CHI,999.0,999,999,0,0,0,1,0,0,0,0,0,0.0,0,0,0,0,0,0,0.00,0,0,0,0,0.00,0.00,0,0,0,0,0,0,0,0,0.0,0.0,0,0,0,0,0,NA,0,0,0.0%,NA,NA,NA,0,NA,0,0,NA,NA,NA,NA,NA,0,NA,NA,NA,NA,NA,NA,NA,0,NA,NA,vs DET,22,IR,IR,IR
18,10226,Andrei Iosivas,WR,26.0,CIN,74.0,78,84,3,2,1,1,1,1,0,36,0,0.0,0,0,0,0,0,0,0.00,0,0,0,0,0.00,0.00,2,9,0,1,0,3,1,10,5.0,3.3,0,0,0,10,0,NA,0,0,53.0%,NA,NA,NA,0,NA,1,3,0.333,1.0,25,7.7%,0.40,0,NA,NA,NA,NA,NA,0.040,NA,10,NA,NA,vs CLE,27,·,5.4,-2.4
18,12511,Will Howard,QB,24.0,PIT,0.0,0,0,0,0,0,0,0,0,0,0,0,0.0,0,0,0,0,0,0,0.00,0,0,0,0,0.00,0.00,0,0,0,0,0,0,0,0,0.0,0.0,0,0,0,0,0,NA,0,0,0.0%,NA,NA,NA,0,NA,0,0,NA,NA,NA,NA,NA,0,NA,NA,NA,NA,NA,NA,NA,0,NA,NA,vs BAL,14,DNP,DNP,DNP
18,8917,KaVontae Turpin,WR,29.2,DAL,106.0,104,95,0.7,0.7,0.7,1,1,0,0,9,0,0.0,0,0,0,0,0,0,0.00,7,0,0,0,0.00,0.00,0,0,0,0,0,1,0,0,0.0,0.0,1,0,0,7,0,NA,7,7,16.0%,NA,NA,NA,0,NA,0,2,0.000,0.0,5,4.2%,0.00,0,NA,NA,NA,NA,NA,0.000,NA,7,NA,NA,@ NYG,5,·,4.8,-4.1
18,11783,Ryan Flournoy,WR,25.9,DAL,18.0,21,23,11.8,9.3,6.8,1,1,1,0,48,0,0.0,0,0,0,0,0,0,0.00,0,0,0,0,0.00,0.00,5,29,0,3,0,7,39,68,13.6,9.7,0,0,0,68,0,NA,0,0,87.0%,NA,NA,NA,0,NA,3,7,0.429,3.0,24,29.2%,2.83,0,NA,NA,NA,NA,NA,0.125,NA,68,NA,NA,@ NYG,5,·,8.8,3.0
18,11435,Emanuel Wilson,RB,26.4,GB,46.0,41,36,5.8,5.3,4.8,1,1,1,0,28,0,0.0,0,0,0,0,0,0,0.00,44,0,0,0,0.00,0.00,1,-6,0,0,0,1,10,4,4.0,4.0,18,0,5,48,0,52,44,2.44,55.0%,5,2.90,0.278,5,0.568,5,19,0.263,5.0,NA,9.1%,NA,0,NA,NA,NA,NA,NA,NA,NA,48,NA,NA,@ MIN,19,·,10.8,-5.0
18,8119,Jahan Dotson,WR,25.5,PHI,45.0,43,39,7,5.5,4,1,1,1,0,60,0,0.0,0,0,0,0,0,0,0.00,0,0,0,0,0.00,0.00,3,37,0,2,0,8,3,40,13.3,5.0,0,0,0,40,0,NA,0,0,94.0%,NA,NA,NA,0,NA,2,8,0.250,2.0,43,20.0%,0.93,0,NA,NA,NA,NA,NA,0.047,NA,40,NA,NA,vs WAS,7,·,10.0,-3.0
18,7694,Tommy Tremble,TE,25.3,CAR,7.0,6,6,12.8,11.3,9.8,1,1,1,51,46,0,0.0,0,0,0,0,0,0,0.00,0,0,0,0,0.00,0.00,3,22,0,2,1,4,16,38,12.7,9.5,0,0,0,38,0,NA,0,0,90.0%,NA,NA,NA,0,NA,3,4,0.750,3.0,29,11.4%,1.31,0,NA,NA,NA,NA,NA,0.069,NA,38,NA,NA,@ TB,7,·,6.9,5.9
18,9497,Jalin Hyatt,WR,24.0,NYG,0.0,0,0,0,0,0,0,0,0,0,0,0,0.0,0,0,0,0,0,0,0.00,0,0,0,0,0.00,0.00,0,0,0,0,0,0,0,0,0.0,0.0,0,0,0,0,0,NA,0,0,0.0%,NA,NA,NA,0,NA,0,0,NA,NA,NA,NA,NA,0,NA,NA,NA,NA,NA,NA,NA,0,NA,NA,vs DAL,1,DNP,DNP,DNP
18,12500,Quinn Ewers,QB,22.4,MIA,21.0,21,21,9.38,9.38,9.38,1,1,1,0,53,0,69.6,48,23,16,6,7,1,81.30,146,4,1,137,5.96,8.56,0,0,0,0,0,0,0,0,0.0,0.0,1,0,0,9,0,NA,9,9,95.0%,NA,NA,NA,0,NA,7,24,NA,NA,NA,NA,NA,7,30.4%,2.79,4.3%,50.0%,8.10,NA,28,146,+12.4%,-0.39,@ NE,20,,16.3,-6.9
18,11629,Devontez Walker,WR,24.3,BAL,21.0,18,14,12.6,11.6,10.6,1,1,1,0,37,0,0.0,0,0,0,0,0,0,0.00,0,0,0,0,0.00,0.00,2,25,0,0,1,2,21,46,23.0,23.0,0,0,0,46,0,NA,0,0,73.0%,NA,NA,NA,0,NA,1,2,0.500,1.0,14,11.1%,3.29,0,NA,NA,NA,NA,NA,0.000,NA,46,NA,NA,@ PIT,6,·,2.8,9.8
18,9479,Darnell Washington,TE,24.1,PIT,999.0,999,999,0,0,0,1,0,0,0,0,0,0.0,0,0,0,0,0,0,0.00,0,0,0,0,0.00,0.00,0,0,0,0,0,0,0,0,0.0,0.0,0,0,0,0,0,NA,0,0,0.0%,NA,NA,NA,0,NA,0,0,NA,NA,NA,NA,NA,0,NA,NA,NA,NA,NA,NA,NA,0,NA,NA,vs BAL,25,IR,IR,IR
18,11199,Emari Demercado,RB,26.7,ARI,35.0,33,31,6.7,6.2,5.7,1,1,0,0,12,0,0.0,0,0,0,0,0,0,0.00,29,0,0,0,0.00,0.00,1,19,0,1,0,1,9,28,28.0,28.0,2,0,1,57,0,19,29,14.5,22.0%,3,9.60,1.500,1,2.460,2,3,0.667,2.0,NA,3.1%,NA,0,NA,NA,NA,NA,NA,NA,NA,57,NA,NA,@ LAR,28,·,7.3,-0.6
18,4040,JuJu Smith-Schuster,WR,28.8,KC,69.0,71,75,3.3,2.3,1.3,1,1,1,0,50,0,0.0,0,0,0,0,0,0,0.00,0,0,0,0,0.00,0.00,2,10,0,0,0,2,3,13,6.5,6.5,0,0,0,13,0,NA,0,0,78.0%,NA,NA,NA,0,NA,0,2,0.000,0.0,32,6.5%,0.41,0,NA,NA,NA,NA,NA,0.000,NA,13,NA,NA,@ LV,10,·,9.2,-5.9
18,1426,DeAndre Hopkins,WR,33.3,BAL,999.0,999,999,0,0,0,1,1,0,0,13,0,0.0,0,0,0,0,0,0,0.00,0,0,0,0,0.00,0.00,0,0,0,0,0,2,0,0,0.0,0.0,0,0,0,0,0,NA,0,0,25.0%,NA,NA,NA,0,NA,0,2,0.000,0.0,9,11.1%,0.00,0,NA,NA,NA,NA,NA,0.000,NA,0,NA,NA,@ PIT,6,·,4.3,-4.3
18,6111,Jake Browning,QB,29.5,CIN,0.0,0,0,0,0,0,0,0,0,0,0,0,0.0,0,0,0,0,0,0,0.00,0,0,0,0,0.00,0.00,0,0,0,0,0,0,0,0,0.0,0.0,0,0,0,0,0,NA,0,0,0.0%,NA,NA,NA,0,NA,0,0,NA,NA,NA,NA,NA,0,NA,NA,NA,NA,NA,NA,NA,0,NA,NA,vs CLE,29,DNP,DNP,DNP
18,12542,Efton Chism,WR,23.9,NE,61.0,52,45,4.5,4,3.5,1,1,1,0,26,0,0.0,0,0,0,0,0,0,0.00,0,0,0,0,0.00,0.00,1,19,0,1,0,1,16,35,35.0,35.0,0,0,0,35,0,NA,0,0,44.0%,NA,NA,NA,0,NA,1,1,1.000,1.0,NA,NA,NA,0,NA,NA,NA,NA,NA,NA,NA,35,NA,NA,vs MIA,23,·,3.6,0.9
18,6271,Olamide Zaccheaus,WR,28.2,CHI,999.0,999,999,0,0,0,1,1,0,0,6,0,0.0,0,0,0,0,0,0,0.00,0,0,0,0,0.00,0.00,0,0,0,0,0,0,0,0,0.0,0.0,0,0,0,0,0,NA,0,0,11.0%,NA,NA,NA,0,NA,0,0,NA,0.0,5,0.0%,0.00,0,NA,NA,NA,NA,NA,0.000,NA,0,NA,NA,vs DET,2,·,6.8,-6.8
18,4219,Jeremy McNichols,RB,29.8,WAS,65.0,66,67,2.1,1.6,1.1,1,1,0,0,15,0,0.0,0,0,0,0,0,0,0.00,3,0,0,0,0.00,0.00,1,6,0,0,0,1,2,8,8.0,8.0,1,0,0,11,0,2,3,3,22.0%,0,1.80,0.000,0,0.180,0,2,0.000,0.0,NA,4.5%,NA,0,NA,NA,NA,NA,NA,NA,NA,11,NA,NA,@ PHI,10,·,4.5,-2.4
18,2307,Marcus Mariota,QB,31.9,WAS,0.0,0,0,0,0,0,0,0,0,0,0,0,0.0,0,0,0,0,0,0,0.00,0,0,0,0,0.00,0.00,0,0,0,0,0,0,0,0,0.0,0.0,0,0,0,0,0,NA,0,0,0.0%,NA,NA,NA,0,NA,0,0,NA,NA,NA,NA,NA,0,NA,NA,NA,NA,NA,NA,NA,0,NA,NA,@ PHI,27,OUT,OUT,OUT
18,12496,Tai Felton,WR,22.5,MIN,999.0,999,999,0,0,0,1,1,0,0,9,0,0.0,0,0,0,0,0,0,0.00,0,0,0,0,0.00,0.00,0,0,0,0,0,0,0,0,0.0,0.0,0,0,0,0,0,NA,0,0,13.0%,NA,NA,NA,0,NA,0,0,NA,0.0,4,0.0%,0.00,0,NA,NA,NA,NA,NA,0.000,NA,0,NA,NA,vs GB,15,·,1.2,-1.2
18,7596,Elijah Moore,WR,25.5,BUF,999.0,999,999,0,0,0,1,0,0,0,0,0,0.0,0,0,0,0,0,0,0.00,0,0,0,0,0.00,0.00,0,0,0,0,0,0,0,0,0.0,0.0,0,0,0,0,0,NA,0,0,0.0%,NA,NA,NA,0,NA,0,0,NA,NA,NA,NA,NA,0,NA,NA,NA,NA,NA,NA,NA,0,NA,NA,vs NYJ,18,DNP,DNP,DNP
18,11619,Ja'Lynn Polk,WR,23.5,NO,999.0,999,999,0,0,0,1,0,0,0,0,0,0.0,0,0,0,0,0,0,0.00,0,0,0,0,0.00,0.00,0,0,0,0,0,0,0,0,0.0,0.0,0,0,0,0,0,NA,0,0,0.0%,NA,NA,NA,0,NA,0,0,NA,NA,NA,NA,NA,0,NA,NA,NA,NA,NA,NA,NA,0,NA,NA,@ ATL,12,IR,IR,IR
18,9492,Trey Palmer,WR,24.5,NO,999.0,999,999,0,0,0,1,0,0,0,0,0,0.0,0,0,0,0,0,0,0.00,0,0,0,0,0.00,0.00,0,0,0,0,0,0,0,0,0.0,0.0,0,0,0,0,0,NA,0,0,0.0%,NA,NA,NA,0,NA,0,0,NA,NA,NA,NA,NA,0,NA,NA,NA,NA,NA,NA,NA,0,NA,NA,@ ATL,12,IR,IR,IR
18,8161,Malik Willis,QB,26.3,GB,0.0,0,0,0,0,0,0,0,0,0,0,0,0.0,0,0,0,0,0,0,0.00,0,0,0,0,0.00,0.00,0,0,0,0,0,0,0,0,0.0,0.0,0,0,0,0,0,NA,0,0,0.0%,NA,NA,NA,0,NA,0,0,NA,NA,NA,NA,NA,0,NA,NA,NA,NA,NA,NA,NA,0,NA,NA,@ MIN,32,OUT,OUT,OUT
18,11640,Jermaine Burton,WR,24.2,CIN,0.0,0,0,0,0,0,0,0,0,0,0,0,0.0,0,0,0,0,0,0,0.00,0,0,0,0,0.00,0.00,0,0,0,0,0,0,0,0,0.0,0.0,0,0,0,0,0,NA,0,0,0.0%,NA,NA,NA,0,NA,0,0,NA,NA,NA,NA,NA,0,NA,NA,NA,NA,NA,NA,NA,0,NA,NA,vs CLE,27,DNP,DNP,DNP
18,3200,Sterling Shepard,WR,32.6,TB,0.0,0,0,0,0,0,0,0,0,0,0,0,0.0,0,0,0,0,0,0,0.00,0,0,0,0,0.00,0.00,0,0,0,0,0,0,0,0,0.0,0.0,0,0,0,0,0,NA,0,0,0.0%,NA,NA,NA,0,NA,0,0,NA,NA,NA,NA,NA,0,NA,NA,NA,NA,NA,NA,NA,0,NA,NA,vs CAR,21,DNP,DNP,DNP
18,6039,Ty Johnson,RB,28.0,BUF,5.0,5,4,19.6,18.6,17.6,1,1,0,0,25,0,0.0,0,0,0,0,0,0,0.00,36,0,0,0,0.00,0.00,2,4,0,0,1,2,16,20,10.0,10.0,13,0,3,56,1,17,36,2.77,33.0%,4,1.30,0.308,4,0.438,5,15,0.333,5.0,NA,6.9%,NA,0,NA,NA,NA,NA,NA,NA,NA,56,NA,NA,vs NYJ,4,,5.2,14.4
18,11821,Tahj Washington,WR,24.4,MIA,60.0,59,56,4.6,3.6,2.6,1,1,0,0,21,0,0.0,0,0,0,0,0,0,0.00,0,0,0,0,0.00,0.00,2,24,0,1,0,3,2,26,13.0,8.7,0,0,0,26,0,NA,0,0,38.0%,NA,NA,NA,0,NA,1,3,0.333,1.0,17,12.0%,1.53,0,NA,NA,NA,NA,NA,0.059,NA,26,NA,NA,@ NE,17,·,1.8,2.8
18,12462,Damien Martinez,RB,21.6,FA,999.0,999,999,0,0,0,1,0,0,0,0,0,0.0,0,0,0,0,0,0,0.00,0,0,0,0,0.00,0.00,0,0,0,0,0,0,0,0,0.0,0.0,0,0,0,0,0,NA,0,0,0.0%,NA,NA,NA,0,NA,0,0,NA,NA,NA,NA,NA,0,NA,NA,NA,NA,NA,NA,NA,0,NA,NA,NA,,DNP,DNP,DNP
18,2306,Jameis Winston,QB,31.7,NYG,999.0,999,999,0,0,0,1,0,0,0,0,0,0.0,0,0,0,0,0,0,0.00,0,0,0,0,0.00,0.00,0,0,0,0,0,0,0,0,0.0,0.0,0,0,0,0,0,NA,0,0,0.0%,NA,NA,NA,0,NA,0,0,NA,NA,NA,NA,NA,0,NA,NA,NA,NA,NA,NA,NA,0,NA,NA,vs DAL,1,DNP,DNP,DNP
18,12520,Xavier Restrepo,WR,23.5,TEN,999.0,999,999,0,0,0,1,0,0,0,0,0,0.0,0,0,0,0,0,0,0.00,0,0,0,0,0.00,0.00,0,0,0,0,0,0,0,0,0.0,0.0,0,0,0,0,0,NA,0,0,0.0%,NA,NA,NA,0,NA,0,0,NA,NA,NA,NA,NA,0,NA,NA,NA,NA,NA,NA,NA,0,NA,NA,@ JAX,13,DNP,DNP,DNP
18,11599,Cade Stover,TE,25.3,HOU,51.0,48,48,1.9,1.4,0.9,1,1,1,0,33,0,0.0,0,0,0,0,0,0,0.00,0,0,0,0,0.00,0.00,1,2,0,0,0,2,7,9,9.0,4.5,0,0,0,9,0,NA,0,0,49.0%,NA,NA,NA,0,NA,0,2,0.000,0.0,10,6.3%,0.90,0,NA,NA,NA,NA,NA,0.000,NA,9,NA,NA,vs IND,6,·,1.9,0.0
18,2505,Darren Waller,TE,33.0,MIA,999.0,999,999,0,0,0,1,0,0,0,0,0,0.0,0,0,0,0,0,0,0.00,0,0,0,0,0.00,0.00,0,0,0,0,0,0,0,0,0.0,0.0,0,0,0,0,0,NA,0,0,0.0%,NA,NA,NA,0,NA,0,0,NA,NA,NA,NA,NA,0,NA,NA,NA,NA,NA,NA,NA,0,NA,NA,@ NE,10,IR,IR,IR
18,11616,Jacob Cowing,WR,24.6,SF,999.0,999,999,0,0,0,1,0,0,0,0,0,0.0,0,0,0,0,0,0,0.00,0,0,0,0,0.00,0.00,0,0,0,0,0,0,0,0,0.0,0.0,0,0,0,0,0,NA,0,0,0.0%,NA,NA,NA,0,NA,0,0,NA,NA,NA,NA,NA,0,NA,NA,NA,NA,NA,NA,NA,0,NA,NA,vs SEA,14,IR,IR,IR
18,4993,Mike Gesicki,TE,30.0,CIN,40.0,41,43,3.3,2.3,1.3,1,1,0,0,26,0,0.0,0,0,0,0,0,0,0.00,0,0,0,0,0.00,0.00,2,8,0,2,0,2,5,13,6.5,6.5,0,0,0,13,0,NA,0,0,38.0%,NA,NA,NA,0,NA,2,2,1.000,2.0,16,5.1%,0.81,0,NA,NA,NA,NA,NA,0.125,NA,13,NA,NA,vs CLE,20,·,6.0,-2.7
18,12516,Kalel Mullings,RB,23.0,TEN,999.0,999,999,0,0,0,1,0,0,0,0,0,0.0,0,0,0,0,0,0,0.00,0,0,0,0,0.00,0.00,0,0,0,0,0,0,0,0,0.0,0.0,0,0,0,0,0,NA,0,0,0.0%,NA,NA,NA,0,NA,0,0,NA,0.0,NA,NA,NA,0,NA,NA,NA,NA,NA,NA,NA,0,NA,NA,@ JAX,31,DNP,DNP,DNP
18,8207,Tyler Goodson,RB,24.9,IND,78.0,78,78,0.3,0.3,0.3,1,1,0,0,3,0,0.0,0,0,0,0,0,0,0.00,3,0,0,0,0.00,0.00,0,0,0,0,0,0,0,0,0.0,0.0,1,0,0,3,0,NA,3,3,5.0%,NA,NA,NA,0,NA,0,1,0.000,0.0,NA,NA,NA,0,NA,NA,NA,NA,NA,NA,NA,3,NA,NA,@ HOU,21,·,0.9,-0.6
18,8147,John Metchie,WR,25.2,NYJ,55.0,61,68,5,3.5,2,1,1,1,0,34,0,0.0,0,0,0,0,0,0,0.00,0,0,0,0,0.00,0.00,3,8,0,1,0,4,12,20,6.7,5.0,0,0,0,20,0,NA,0,0,71.0%,NA,NA,NA,0,NA,1,4,0.250,1.0,18,18.2%,1.11,0,NA,NA,NA,NA,NA,0.056,NA,20,NA,NA,@ BUF,24,·,8.0,-3.0
18,12472,Raheim Sanders,RB,23.3,CLE,53.0,50,49,4.3,3.8,3.3,1,1,0,0,14,0,0.0,0,0,0,0,0,0,0.00,26,0,0,0,0.00,0.00,1,-2,0,0,0,1,9,7,7.0,7.0,5,0,1,33,0,26,26,5.2,27.0%,0,5.20,0.000,1,0.520,1,6,0.167,1.0,NA,4.5%,NA,0,NA,NA,NA,NA,NA,NA,NA,33,NA,NA,@ CIN,1,·,8.3,-4.0
18,3271,Tyler Higbee,TE,32.7,LAR,3.0,3,3,20.1,17.6,15.1,1,1,1,0,48,0,0.0,0,0,0,0,0,0,0.00,0,0,0,0,0.00,0.00,5,80,0,4,1,6,11,91,18.2,15.2,0,0,0,91,0,NA,0,0,64.0%,NA,NA,NA,0,NA,5,6,0.833,5.0,26,15.0%,3.50,0,NA,NA,NA,NA,NA,0.154,NA,91,NA,NA,vs ARI,8,Q,4.4,15.7
18,5970,Greg Dortch,WR,27.3,ARI,999.0,999,999,0,0,0,1,0,0,0,0,0,0.0,0,0,0,0,0,0,0.00,0,0,0,0,0.00,0.00,0,0,0,0,0,0,0,0,0.0,0.0,0,0,0,0,0,NA,0,0,0.0%,NA,NA,NA,0,NA,0,0,NA,NA,NA,NA,NA,0,NA,NA,NA,NA,NA,NA,NA,0,NA,NA,@ LAR,8,IR,IR,IR
18,5955,Hunter Renfrow,WR,29.8,CAR,0.0,0,0,0,0,0,0,0,0,0,0,0,0.0,0,0,0,0,0,0,0.00,0,0,0,0,0.00,0.00,0,0,0,0,0,0,0,0,0.0,0.0,0,0,0,0,0,NA,0,0,0.0%,NA,NA,NA,0,NA,0,0,NA,NA,NA,NA,NA,0,NA,NA,NA,NA,NA,NA,NA,0,NA,NA,@ TB,16,DNP,DNP,DNP
18,8129,Dameon Pierce,RB,25.6,HOU,75.0,74,71,1,1,1,1,1,0,0,5,0,0.0,0,0,0,0,0,0,0.00,10,0,0,0,0.00,0.00,0,0,0,0,0,0,0,0,0.0,0.0,4,0,0,10,0,NA,10,2.5,8.0%,NA,NA,NA,0,NA,0,4,0.000,0.0,NA,NA,NA,0,NA,NA,NA,NA,NA,NA,NA,10,NA,NA,vs IND,20,·,4.4,-3.4
18,11439,Jaleel McLaughlin,RB,25.0,DEN,33.0,31,29,6.8,6.3,5.8,1,1,1,0,13,0,0.0,0,0,0,0,0,0,0.00,41,0,0,0,0.00,0.00,1,-5,0,1,0,2,22,17,17.0,8.5,6,0,2,58,0,25,41,6.83,22.0%,5,4.20,0.833,2,1.253,3,8,0.375,3.0,NA,8.7%,NA,0,NA,NA,NA,NA,NA,NA,NA,58,NA,NA,vs LAC,25,·,4.1,2.7
18,12634,Jordan Watkins,WR,23.6,SF,999.0,999,999,0,0,0,1,0,0,42,0,0,0.0,0,0,0,0,0,0,0.00,0,0,0,0,0.00,0.00,0,0,0,0,0,0,0,0,0.0,0.0,0,0,0,0,0,NA,0,0,0.0%,NA,NA,NA,0,NA,0,0,NA,NA,NA,NA,NA,0,NA,NA,NA,NA,NA,NA,NA,0,NA,NA,vs SEA,14,DNP,DNP,DNP
18,10871,Luke Schoonmaker,TE,27.0,DAL,47.0,46,44,2.2,1.7,1.2,1,1,0,0,16,0,0.0,0,0,0,0,0,0,0.00,0,0,0,0,0.00,0.00,1,1,0,1,0,1,11,12,12.0,12.0,0,0,0,12,0,NA,0,0,29.0%,NA,NA,NA,0,NA,1,1,1.000,1.0,6,4.2%,2.00,0,NA,NA,NA,NA,NA,0.167,NA,12,NA,NA,@ NYG,28,·,1.6,0.6
18,11834,Devaughn Vele,WR,27.8,NO,999.0,999,999,0,0,0,1,0,0,0,0,0,0.0,0,0,0,0,0,0,0.00,0,0,0,0,0.00,0.00,0,0,0,0,0,0,0,0,0.0,0.0,0,0,0,0,0,NA,0,0,0.0%,NA,NA,NA,0,NA,0,0,NA,NA,NA,NA,NA,0,NA,NA,NA,NA,NA,NA,NA,0,NA,NA,@ ATL,12,IR,IR,IR
18,6151,Miles Sanders,RB,28.4,DAL,999.0,999,999,0,0,0,1,0,0,0,0,0,0.0,0,0,0,0,0,0,0.00,0,0,0,0,0.00,0.00,0,0,0,0,0,0,0,0,0.0,0.0,0,0,0,0,0,NA,0,0,0.0%,NA,NA,NA,0,NA,0,0,NA,NA,NA,NA,NA,0,NA,NA,NA,NA,NA,NA,NA,0,NA,NA,@ NYG,3,IR,IR,IR
18,10231,Elijah Higgins,TE,24.9,ARI,30.0,31,32,5.8,4.3,2.8,1,1,0,0,33,0,0.0,0,0,0,0,0,0,0.00,0,0,0,0,0.00,0.00,3,18,0,3,0,3,10,28,9.3,9.3,0,0,0,28,0,NA,0,0,60.0%,NA,NA,NA,0,NA,3,3,1.000,3.0,27,9.4%,1.04,0,NA,NA,NA,NA,NA,0.111,NA,28,NA,NA,@ LAR,19,·,3.6,2.2
18,12738,Phil Mafah,RB,22.9,DAL,20.0,19,20,10.9,9.9,8.9,1,1,0,0,10,0,0.0,0,0,0,0,0,0,0.00,18,0,0,0,0.00,0.00,2,-11,0,1,0,2,22,11,5.5,5.5,5,0,1,29,1,11,18,3.6,18.0%,0,2.10,0.000,2,0.210,3,7,0.429,3.0,NA,8.3%,NA,0,NA,NA,NA,NA,NA,NA,NA,29,NA,NA,@ NYG,3,·,7.2,3.7
18,11579,Audric Estime,RB,22.1,PHI,11.0,12,14,15.6,13.1,10.6,1,1,0,0,57,0,0.0,0,0,0,0,0,0,0.00,63,0,0,0,0.00,0.00,5,9,0,1,0,5,34,43,8.6,8.6,21,0,3,106,0,61,63,3,84.0%,3,2.90,0.143,3,0.433,4,26,0.154,4.0,NA,14.3%,NA,0,NA,NA,NA,NA,NA,NA,NA,106,NA,NA,vs WAS,6,·,13.7,1.9
18,6865,Colby Parkinson,TE,26.7,LAR,4.0,4,1,19.6,17.6,15.6,1,1,1,0,63,0,0.0,0,0,0,0,0,0,0.00,0,0,0,0,0.00,0.00,4,11,0,0,2,7,25,36,9.0,5.1,0,0,0,36,0,NA,0,0,84.0%,NA,NA,NA,0,NA,2,7,0.286,2.0,27,17.5%,1.33,0,NA,NA,NA,NA,NA,0.000,NA,36,NA,NA,vs ARI,8,·,6.4,13.2
18,12515,Donovan Edwards,RB,22.6,WAS,999.0,999,999,0,0,0,1,0,0,0,0,0,0.0,0,0,0,0,0,0,0.00,0,0,0,0,0.00,0.00,0,0,0,0,0,0,0,0,0.0,0.0,0,0,0,0,0,NA,0,0,0.0%,NA,NA,NA,0,NA,0,0,NA,NA,NA,NA,NA,0,NA,NA,NA,NA,NA,NA,NA,0,NA,NA,@ PHI,10,·,2.9,-2.9
18,8208,Tyler Badie,RB,25.6,DEN,51.0,53,56,4.6,3.6,2.6,1,1,0,0,9,0,0.0,0,0,0,0,0,0,0.00,-2,0,0,0,0.00,0.00,2,-13,0,2,0,2,41,28,14.0,14.0,2,0,0,26,0,5,-2,-1,15.0%,1,2.50,0.500,0,0.750,2,4,0.500,2.0,NA,8.7%,NA,0,NA,NA,NA,NA,NA,NA,NA,26,NA,NA,vs LAC,25,·,2.9,1.7
18,8225,Daniel Bellinger,TE,25.0,NYG,8.0,7,7,11.8,10.8,9.8,1,1,1,0,69,0,0.0,0,0,0,0,0,0,0.00,0,0,0,0,0.00,0.00,2,4,0,1,1,2,34,38,19.0,19.0,0,0,0,38,0,NA,0,0,92.0%,NA,NA,NA,0,NA,2,2,1.000,2.0,32,6.1%,1.19,0,NA,NA,NA,NA,NA,0.031,NA,38,NA,NA,vs DAL,18,·,7.8,4.0
18,12539,Arian Smith,WR,24.0,NYJ,108.0,107,106,0.2,0.2,0.2,1,1,0,0,16,0,0.0,0,0,0,0,0,0,0.00,2,0,0,0,0.00,0.00,0,0,0,0,0,2,0,0,0.0,0.0,1,0,0,2,0,NA,2,2,33.0%,NA,NA,NA,0,NA,0,3,0.000,0.0,8,9.1%,0.00,0,NA,NA,NA,NA,NA,0.000,NA,2,NA,NA,@ BUF,24,·,1.2,-1.0
18,4234,Noah Brown,WR,29.7,WAS,999.0,999,999,0,0,0,1,0,0,0,0,0,0.0,0,0,0,0,0,0,0.00,0,0,0,0,0.00,0.00,0,0,0,0,0,0,0,0,0.0,0.0,0,0,0,0,0,NA,0,0,0.0%,NA,NA,NA,0,NA,0,0,NA,NA,NA,NA,NA,0,NA,NA,NA,NA,NA,NA,NA,0,NA,NA,@ PHI,28,IR,IR,IR
18,11370,Chris Brooks,RB,25.7,GB,43.0,34,27,6.1,6.1,6.1,1,1,0,0,23,0,0.0,0,0,0,0,0,0,0.00,61,0,0,0,0.00,0.00,0,0,0,0,0,0,0,0,0.0,0.0,13,0,3,61,0,48,61,4.69,45.0%,4,3.70,0.308,3,0.678,3,13,0.231,3.0,NA,0.0%,NA,0,NA,NA,NA,NA,NA,NA,NA,61,NA,NA,@ MIN,19,·,9.5,-3.4
18,6130,Devin Singletary,RB,28.1,NYG,22.0,17,15,10.6,10.6,10.6,1,1,0,0,24,0,0.0,0,0,0,0,0,0,0.00,26,0,0,0,0.00,0.00,0,0,0,0,0,0,0,0,0.0,0.0,9,0,1,26,1,19,26,2.89,32.0%,0,2.10,0.000,2,0.210,2,9,0.222,2.0,NA,0.0%,NA,0,NA,NA,NA,NA,NA,NA,NA,26,NA,NA,vs DAL,7,·,9.3,1.3
18,6943,Gabriel Davis,WR,26.5,BUF,13.0,13,13,15.1,12.6,10.1,1,1,1,0,70,0,0.0,0,0,0,0,0,0,0.00,0,0,0,0,0.00,0.00,5,30,0,2,1,7,11,41,8.2,5.9,0,0,0,41,0,NA,0,0,93.0%,NA,NA,NA,0,NA,3,7,0.429,3.0,28,24.1%,1.46,0,NA,NA,NA,NA,NA,0.071,NA,41,NA,NA,vs NYJ,18,·,4.4,10.7
18,6945,Antonio Gibson,RB,27.3,NE,999.0,999,999,0,0,0,1,0,0,0,0,0,0.0,0,0,0,0,0,0,0.00,0,0,0,0,0.00,0.00,0,0,0,0,0,0,0,0,0.0,0.0,0,0,0,0,0,NA,0,0,0.0%,NA,NA,NA,0,NA,0,0,NA,NA,NA,NA,NA,0,NA,NA,NA,NA,NA,NA,NA,0,NA,NA,vs MIA,11,IR,IR,IR
18,4082,Curtis Samuel,WR,29.1,BUF,999.0,999,999,0,0,0,1,0,0,0,0,0,0.0,0,0,0,0,0,0,0.00,0,0,0,0,0.00,0.00,0,0,0,0,0,0,0,0,0.0,0.0,0,0,0,0,0,NA,0,0,0.0%,NA,NA,NA,0,NA,0,0,NA,NA,NA,NA,NA,0,NA,NA,NA,NA,NA,NA,NA,0,NA,NA,vs NYJ,18,IR,IR,IR
18,7496,Nick Westbrook-Ikhine,WR,28.5,MIA,999.0,999,999,0,0,0,1,1,0,0,6,0,0.0,0,0,0,0,0,0,0.00,0,0,0,0,0.00,0.00,0,0,0,0,0,0,0,0,0.0,0.0,0,0,0,0,0,NA,0,0,11.0%,NA,NA,NA,0,NA,0,0,NA,0.0,NA,NA,NA,0,NA,NA,NA,NA,NA,NA,NA,0,NA,NA,@ NE,17,·,3.5,-3.5
18,5096,Ray-Ray McCloud,WR,29.0,ATL,0.0,0,0,0,0,0,0,0,0,0,0,0,0.0,0,0,0,0,0,0,0.00,0,0,0,0,0.00,0.00,0,0,0,0,0,0,0,0,0.0,0.0,0,0,0,0,0,NA,0,0,0.0%,NA,NA,NA,0,NA,0,0,NA,NA,NA,NA,NA,0,NA,NA,NA,NA,NA,NA,NA,0,NA,NA,vs NO,26,DNP,DNP,DNP
18,5010,Will Dissly,TE,29.2,LAC,55.0,55,52,1.6,1.1,0.6,1,1,1,0,31,0,0.0,0,0,0,0,0,0,0.00,0,0,0,0,0.00,0.00,1,5,0,0,0,5,1,6,6.0,1.2,0,0,0,6,0,NA,0,0,44.0%,NA,NA,NA,0,NA,0,5,0.000,0.0,23,11.4%,0.26,0,NA,NA,NA,NA,NA,0.000,NA,6,NA,NA,@ DEN,12,·,5.4,-3.8
18,8139,Zamir White,RB,26.0,LV,68.0,70,73,2,1.5,1,1,1,0,0,2,0,0.0,0,0,0,0,0,0,0.00,5,0,0,0,0.00,0.00,1,-3,0,0,0,1,8,5,5.0,5.0,1,0,1,10,0,6,5,5,3.0%,2,5.90,2.000,1,2.590,1,2,0.500,1.0,NA,3.8%,NA,0,NA,NA,NA,NA,NA,NA,NA,10,NA,NA,vs KC,26,·,1.3,0.7
18,1166,Kirk Cousins,QB,37.1,ATL,20.0,20,20,10.2,10.2,10.2,1,1,1,0,63,0,56.3,109,32,18,10,14,1,69.80,180,4,1,180,5.63,10.00,0,0,0,0,0,0,0,0,0.0,0.0,3,0,0,0,0,NA,0,0,100.0%,NA,NA,NA,0,NA,11,35,NA,NA,NA,NA,NA,11,34.4%,2.76,12.5%,40.5%,8.10,NA,37,180,-4.6%,-0.16,vs NO,26,·,16.6,-6.4
18,11633,Jamari Thrash,WR,24.8,CLE,0.0,0,0,0,0,0,0,0,0,0,0,0,0.0,0,0,0,0,0,0,0.00,0,0,0,0,0.00,0.00,0,0,0,0,0,0,0,0,0.0,0.0,0,0,0,0,0,NA,0,0,0.0%,NA,NA,NA,0,NA,0,0,NA,NA,NA,NA,NA,0,NA,NA,NA,NA,NA,NA,NA,0,NA,NA,@ CIN,29,DNP,DNP,DNP
18,8122,Zonovan Knight,RB,24.5,ARI,999.0,999,999,0,0,0,1,0,0,0,0,0,0.0,0,0,0,0,0,0,0.00,0,0,0,0,0.00,0.00,0,0,0,0,0,0,0,0,0.0,0.0,0,0,0,0,0,NA,0,0,0.0%,NA,NA,NA,0,NA,0,0,NA,NA,NA,NA,NA,0,NA,NA,NA,NA,NA,NA,NA,0,NA,NA,@ LAR,28,IR,IR,IR
18,7538,Zach Wilson,QB,26.2,MIA,999.0,999,999,0,0,0,1,1,0,0,3,0,0.0,0,2,0,0,2,0,39.60,0,0,0,0,0.00,0.00,0,0,0,0,0,0,0,0,0.0,0.0,0,0,0,0,0,NA,0,0,5.0%,NA,NA,NA,0,NA,0,2,NA,NA,NA,NA,NA,0,0.0%,2.83,0.0%,100.0%,7.60,NA,2,0,-21.5%,-0.90,@ NE,20,DNP,DNP,DNP
18,11592,Erick All,TE,25.0,CIN,999.0,999,999,0,0,0,1,0,0,0,0,0,0.0,0,0,0,0,0,0,0.00,0,0,0,0,0.00,0.00,0,0,0,0,0,0,0,0,0.0,0.0,0,0,0,0,0,NA,0,0,0.0%,NA,NA,NA,0,NA,0,0,NA,NA,NA,NA,NA,0,NA,NA,NA,NA,NA,NA,NA,0,NA,NA,vs CLE,20,PUP,PUP,PUP
18,10225,Jonathan Mingo,WR,24.4,DAL,999.0,999,999,0,0,0,1,1,0,0,24,0,0.0,0,0,0,0,0,0,0.00,0,0,0,0,0.00,0.00,0,0,0,0,0,1,0,0,0.0,0.0,0,0,0,0,0,NA,0,0,44.0%,NA,NA,NA,0,NA,0,1,0.000,0.0,14,4.2%,0.00,0,NA,NA,NA,NA,NA,0.000,NA,0,NA,NA,@ NYG,5,DNP,DNP,DNP
18,1689,Adam Thielen,WR,35.1,MIN,49.0,48,44,7.3,5.8,4.3,1,1,0,0,50,0,0.0,0,0,0,0,0,0,0.00,0,0,0,0,0.00,0.00,3,31,0,1,0,6,12,43,14.3,7.2,0,0,0,43,0,NA,0,0,67.0%,NA,NA,NA,0,NA,1,6,0.167,1.0,39,12.8%,1.10,0,NA,NA,NA,NA,NA,0.026,NA,43,NA,NA,vs GB,15,·,6.0,1.3
18,11299,Zavier Scott,RB,26.2,MIN,64.0,63,63,2.7,2.2,1.7,1,1,0,0,6,0,0.0,0,0,0,0,0,0,0.00,9,0,0,0,0.00,0.00,1,0,0,1,0,1,8,8,8.0,8.0,3,0,0,17,0,9,9,3,9.0%,0,2.90,0.000,0,0.290,1,4,0.250,1.0,NA,3.2%,NA,0,NA,NA,NA,NA,NA,NA,NA,17,NA,NA,vs GB,27,·,1.9,0.8
18,11256,Tyson Bagent,QB,25.3,CHI,999.0,999,999,0,0,0,1,0,0,0,0,0,0.0,0,0,0,0,0,0,0.00,0,0,0,0,0.00,0.00,0,0,0,0,0,0,0,0,0.0,0.0,0,0,0,0,0,NA,0,0,0.0%,NA,NA,NA,0,NA,0,0,NA,NA,NA,NA,NA,0,NA,NA,NA,NA,NA,NA,NA,0,NA,NA,vs DET,7,DNP,DNP,DNP
18,7601,Rondale Moore,WR,25.3,MIN,999.0,999,999,0,0,0,1,0,0,0,0,0,0.0,0,0,0,0,0,0,0.00,0,0,0,0,0.00,0.00,0,0,0,0,0,0,0,0,0.0,0.0,0,0,0,0,0,NA,0,0,0.0%,NA,NA,NA,0,NA,0,0,NA,NA,NA,NA,NA,0,NA,NA,NA,NA,NA,NA,NA,0,NA,NA,vs GB,15,IR,IR,IR
18,11645,Javon Baker,WR,23.6,PHI,999.0,999,999,0,0,0,1,0,0,0,0,0,0.0,0,0,0,0,0,0,0.00,0,0,0,0,0.00,0.00,0,0,0,0,0,0,0,0,0.0,0.0,0,0,0,0,0,NA,0,0,0.0%,NA,NA,NA,0,NA,0,0,NA,NA,NA,NA,NA,0,NA,NA,NA,NA,NA,NA,NA,0,NA,NA,vs WAS,7,·,·,·
18,8230,Ty Chandler,RB,27.4,MIN,40.0,47,48,6.4,4.9,3.4,1,1,0,0,29,0,0.0,0,0,0,0,0,0,0.00,23,0,0,0,0.00,0.00,3,-16,0,1,0,4,27,11,3.7,2.8,10,0,0,34,0,31,23,2.3,43.0%,2,3.10,0.200,0,0.510,1,14,0.071,1.0,NA,12.9%,NA,0,NA,NA,NA,NA,NA,NA,NA,34,NA,NA,vs GB,27,·,5.3,1.1
18,3286,Demarcus Robinson,WR,31.0,SF,50.0,54,57,5.4,3.9,2.4,1,1,1,42,37,0,0.0,0,0,0,0,0,0,0.00,0,0,0,0,0.00,0.00,3,14,0,2,0,4,10,24,8.0,6.0,0,0,0,24,0,NA,0,0,88.0%,NA,NA,NA,0,NA,2,4,0.500,2.0,29,14.8%,0.83,0,NA,NA,NA,NA,NA,0.069,NA,24,NA,NA,vs SEA,14,·,3.3,2.1
18,8160,Kenny Pickett,QB,27.3,LV,40.0,40,40,0.02,0.02,0.02,1,1,1,0,11,0,25.0,-5,4,1,0,3,1,0.00,12,2,0,3,0.75,3.00,0,0,0,0,0,0,0,0,0.0,0.0,1,0,1,9,0,NA,9,9,18.0%,NA,NA,NA,1,NA,1,5,NA,NA,NA,NA,NA,0,0.0%,2.35,25.0%,42.9%,10.50,NA,7,12,-27.7%,-1.78,vs KC,21,·,10.2,-10.2
18,5133,Tyler Conklin,TE,30.2,LAC,56.0,56,53,1.6,1.1,0.6,1,1,0,0,23,0,0.0,0,0,0,0,0,0,0.00,0,0,0,0,0.00,0.00,1,4,0,0,0,1,2,6,6.0,6.0,0,0,0,6,0,NA,0,0,32.0%,NA,NA,NA,0,NA,0,1,0.000,0.0,17,2.3%,0.35,0,NA,NA,NA,NA,NA,0.000,NA,6,NA,NA,@ DEN,12,·,4.1,-2.5
18,7561,Elijah Mitchell,RB,27.4,KC,999.0,999,999,0,0,0,1,0,0,0,0,0,0.0,0,0,0,0,0,0,0.00,0,0,0,0,0.00,0.00,0,0,0,0,0,0,0,0,0.0,0.0,0,0,0,0,0,NA,0,0,0.0%,NA,NA,NA,0,NA,0,0,NA,NA,NA,NA,NA,0,NA,NA,NA,NA,NA,NA,NA,0,NA,NA,@ LV,9,·,·,·
18,12470,Riley Leonard,QB,23.0,IND,6.0,6,6,21.6,21.6,21.6,1,1,1,0,65,2,61.8,171,34,21,8,13,1,94.00,291,1,2,270,7.94,12.86,0,0,0,0,0,0,-3,-3,0.0,0.0,3,0,2,18,1,NA,21,7,100.0%,NA,NA,NA,3,NA,13,37,NA,NA,NA,NA,NA,10,29.4%,2.89,11.8%,24.3%,9.40,NA,37,288,+0.2%,-0.16,@ HOU,31,·,16.1,5.5
18,7595,Tylan Wallace,WR,26.4,BAL,999.0,999,999,0,0,0,1,1,0,0,1,0,0.0,0,0,0,0,0,0,0.00,0,0,0,0,0.00,0.00,0,0,0,0,0,0,0,0,0.0,0.0,0,0,0,0,0,NA,0,0,2.0%,NA,NA,NA,0,NA,0,0,NA,0.0,NA,NA,NA,0,NA,NA,NA,NA,NA,NA,NA,0,NA,NA,@ PIT,6,·,·,·
18,11570,Rasheen Ali,RB,24.6,BAL,999.0,999,999,0,0,0,1,1,0,0,8,0,0.0,0,0,0,0,0,0,0.00,0,0,0,0,0.00,0.00,0,0,0,0,0,0,0,0,0.0,0.0,1,0,0,0,0,NA,0,0,16.0%,NA,NA,NA,0,NA,0,1,0.000,0.0,NA,NA,NA,0,NA,NA,NA,NA,NA,NA,NA,0,NA,NA,@ PIT,24,·,4.5,-4.5
18,10214,Davis Allen,TE,24.6,LAR,999.0,999,999,0,0,0,1,1,1,0,53,0,0.0,0,0,0,0,0,0,0.00,0,0,0,0,0.00,0.00,0,0,0,0,0,1,0,0,0.0,0.0,0,0,0,0,0,NA,0,0,71.0%,NA,NA,NA,0,NA,0,1,0.000,0.0,NA,NA,NA,0,NA,NA,NA,NA,NA,NA,NA,0,NA,NA,vs ARI,8,·,5.0,-5.0
18,10867,Jake Bobo,WR,27.2,SEA,999.0,999,999,0,0,0,1,1,0,69,9,0,0.0,0,0,0,0,0,0,0.00,0,0,0,0,0.00,0.00,0,0,0,0,0,0,0,0,0.0,0.0,0,0,0,0,0,NA,0,0,13.0%,NA,NA,NA,0,NA,0,0,NA,0.0,2,0.0%,0.00,0,NA,NA,NA,NA,NA,0.000,NA,0,NA,NA,@ SF,22,·,1.2,-1.2
18,8162,Sam Howell,QB,25.0,PHI,999.0,999,999,0,0,0,1,0,0,0,0,0,0.0,0,0,0,0,0,0,0.00,0,0,0,0,0.00,0.00,0,0,0,0,0,0,0,0,0.0,0.0,0,0,0,0,0,NA,0,0,0.0%,NA,NA,NA,0,NA,0,0,NA,NA,NA,NA,NA,0,NA,NA,NA,NA,NA,NA,NA,0,NA,NA,vs WAS,3,·,·,·
18,6938,Cam Akers,RB,26.3,MIN,999.0,999,999,0,0,0,1,1,0,69,1,0,0.0,0,0,0,0,0,0,0.00,0,0,0,0,0.00,0.00,0,0,0,0,0,0,0,0,0.0,0.0,0,0,0,0,0,NA,0,0,1.0%,NA,NA,NA,0,NA,0,0,NA,0.0,NA,NA,NA,0,NA,NA,NA,NA,NA,NA,NA,0,NA,NA,vs GB,27,·,·,·
18,11617,Malachi Corley,WR,23.5,CLE,47.0,47,40,5.8,4.8,3.8,1,1,0,0,22,0,0.0,0,0,0,0,0,0,0.00,18,0,0,0,0.00,0.00,2,1,0,1,0,2,19,20,10.0,10.0,3,0,0,38,0,NA,18,6,42.0%,NA,NA,NA,0,NA,1,5,0.200,1.0,10,9.1%,2.00,0,NA,NA,NA,NA,NA,0.100,NA,38,NA,NA,@ CIN,29,·,6.8,-1.0
18,1234,Russell Wilson,QB,36.8,NYG,0.0,0,0,0,0,0,0,0,0,0,0,0,0.0,0,0,0,0,0,0,0.00,0,0,0,0,0.00,0.00,0,0,0,0,0,0,0,0,0.0,0.0,0,0,0,0,0,NA,0,0,0.0%,NA,NA,NA,0,NA,0,0,NA,NA,NA,NA,NA,0,NA,NA,NA,NA,NA,NA,NA,0,NA,NA,vs DAL,1,·,·,·
18,8254,Julius Chestnut,RB,24.9,TEN,999.0,999,999,0,0,0,1,0,0,0,0,0,0.0,0,0,0,0,0,0,0.00,0,0,0,0,0.00,0.00,0,0,0,0,0,0,0,0,0.0,0.0,0,0,0,0,0,NA,0,0,0.0%,NA,NA,NA,0,NA,0,0,NA,0.0,NA,NA,NA,0,NA,NA,NA,NA,NA,NA,NA,0,NA,NA,@ JAX,31,·,0.7,-0.7
18,4080,Zay Jones,WR,30.5,ARI,999.0,999,999,0,0,0,1,0,0,0,0,0,0.0,0,0,0,0,0,0,0.00,0,0,0,0,0.00,0.00,0,0,0,0,0,0,0,0,0.0,0.0,0,0,0,0,0,NA,0,0,0.0%,NA,NA,NA,0,NA,0,0,NA,NA,NA,NA,NA,0,NA,NA,NA,NA,NA,NA,NA,0,NA,NA,@ LAR,8,IR,IR,IR
18,6960,Tyler Johnson,WR,27.1,NYJ,0.0,0,0,0,0,0,0,0,0,0,0,0,0.0,0,0,0,0,0,0,0.00,0,0,0,0,0.00,0.00,0,0,0,0,0,0,0,0,0.0,0.0,0,0,0,0,0,NA,0,0,0.0%,NA,NA,NA,0,NA,0,0,NA,NA,NA,NA,NA,0,NA,NA,NA,NA,NA,NA,NA,0,NA,NA,@ BUF,24,·,·,·
18,7568,Brevin Jordan,TE,25.2,HOU,999.0,999,999,0,0,0,1,0,0,0,0,0,0.0,0,0,0,0,0,0,0.00,0,0,0,0,0.00,0.00,0,0,0,0,0,0,0,0,0.0,0.0,0,0,0,0,0,NA,0,0,0.0%,NA,NA,NA,0,NA,0,0,NA,NA,NA,NA,NA,0,NA,NA,NA,NA,NA,NA,NA,0,NA,NA,vs IND,6,IR,IR,IR
18,6828,AJ Dillon,RB,27.4,PHI,72.0,76,77,1.3,0.8,0.3,1,1,0,0,2,0,0.0,0,0,0,0,0,0,0.00,0,0,0,0,0.00,0.00,1,3,0,0,0,1,0,3,3.0,3.0,0,0,0,3,0,NA,0,0,3.0%,NA,NA,NA,0,NA,0,1,0.000,0.0,NA,NA,NA,0,NA,NA,NA,NA,NA,NA,NA,3,NA,NA,vs WAS,6,·,4.1,-2.8
18,9230,Tanner McKee,QB,25.4,PHI,17.0,17,17,12.94,12.94,12.94,1,1,1,0,64,0,52.5,146,40,21,12,19,1,68.90,244,3,1,241,6.03,11.48,0,0,0,0,0,0,0,0,0.0,0.0,2,0,0,3,0,NA,3,1.5,100.0%,NA,NA,NA,0,NA,13,42,NA,NA,NA,NA,NA,13,32.5%,3.00,10.0%,42.2%,9.90,NA,45,244,-0.7%,-0.16,vs WAS,3,·,18.8,-5.9
18,9227,Israel Abanikanda,RB,23.0,FA,999.0,999,999,0,0,0,1,0,0,0,0,0,0.0,0,0,0,0,0,0,0.00,0,0,0,0,0.00,0.00,0,0,0,0,0,0,0,0,0.0,0.0,0,0,0,0,0,NA,0,0,0.0%,NA,NA,NA,0,NA,0,0,NA,NA,NA,NA,NA,0,NA,NA,NA,NA,NA,NA,NA,0,NA,NA,NA,,·,·,·
18,7610,Trey Lance,QB,25.4,LAC,22.0,22,22,9.34,9.34,9.34,1,1,1,0,71,1,45.5,67,44,20,7,24,1,43.40,205,4,0,136,3.09,6.80,0,0,0,0,0,0,0,0,0.0,0.0,9,0,4,69,0,NA,69,7.67,100.0%,NA,NA,NA,4,NA,11,53,NA,NA,NA,NA,NA,7,15.9%,2.56,15.9%,37.0%,9.00,NA,54,205,-9.3%,-0.57,@ DEN,24,·,15.7,-6.4
18,4171,Josh Reynolds,WR,30.6,NYJ,999.0,999,999,0,0,0,1,0,0,0,0,0,0.0,0,0,0,0,0,0,0.00,0,0,0,0,0.00,0.00,0,0,0,0,0,0,0,0,0.0,0.0,0,0,0,0,0,NA,0,0,0.0%,NA,NA,NA,0,NA,0,0,NA,NA,NA,NA,NA,0,NA,NA,NA,NA,NA,NA,NA,0,NA,NA,@ BUF,24,IR,IR,IR
18,8172,Greg Dulcich,TE,25.5,MIA,27.0,28,25,6.1,4.6,3.1,1,1,0,0,29,0,0.0,0,0,0,0,0,0,0.00,0,0,0,0,0.00,0.00,3,3,0,1,0,4,28,31,10.3,7.8,0,0,0,31,0,NA,0,0,52.0%,NA,NA,NA,0,NA,1,4,0.250,1.0,21,16.0%,1.48,0,NA,NA,NA,NA,NA,0.048,NA,31,NA,NA,@ NE,10,·,8.5,-2.4
18,4381,Taysom Hill,TE,35.1,NO,26.0,26,24,6.2,4.7,3.2,1,1,1,0,23,0,0.0,0,0,0,0,0,0,0.00,0,0,0,0,0.00,0.00,3,3,0,1,0,3,29,32,10.7,10.7,0,0,0,32,0,NA,0,0,34.0%,NA,NA,NA,0,NA,1,3,0.333,1.0,NA,NA,NA,0,NA,NA,NA,NA,NA,NA,NA,32,NA,NA,@ ATL,30,Q,5.7,0.5
18,12718,Konata Mumpfield,WR,22.9,LAR,999.0,999,999,0,0,0,1,1,0,0,36,0,0.0,0,0,0,0,0,0,0.00,0,0,0,0,0.00,0.00,0,0,0,0,0,1,0,0,0.0,0.0,0,0,0,0,0,NA,0,0,48.0%,NA,NA,NA,0,NA,0,1,0.000,0.0,NA,NA,NA,0,NA,NA,NA,NA,NA,NA,NA,0,NA,NA,vs ARI,19,·,7.4,-7.4
18,11994,Kameron Johnson,WR,23.5,TB,999.0,999,999,0,0,0,1,0,0,67,0,0,0.0,0,0,0,0,0,0,0.00,0,0,0,0,0.00,0.00,0,0,0,0,0,0,0,0,0.0,0.0,0,0,0,0,0,NA,0,0,0.0%,NA,NA,NA,0,NA,0,0,NA,0.0,NA,NA,NA,0,NA,NA,NA,NA,NA,NA,NA,0,NA,NA,vs CAR,21,·,·,·
18,11595,Jared Wiley,TE,24.9,KC,999.0,999,999,0,0,0,1,1,0,0,12,0,0.0,0,0,0,0,0,0,0.00,0,0,0,0,0.00,0.00,0,0,0,0,0,0,0,0,0.0,0.0,0,0,0,0,0,NA,0,0,19.0%,NA,NA,NA,0,NA,0,0,NA,0.0,NA,NA,NA,0,NA,NA,NA,NA,NA,NA,NA,0,NA,NA,@ LV,29,·,1.5,-1.5
18,11615,Ainias Smith,WR,24.3,CAR,999.0,999,999,0,0,0,1,0,0,0,0,0,0.0,0,0,0,0,0,0,0.00,0,0,0,0,0.00,0.00,0,0,0,0,0,0,0,0,0.0,0.0,0,0,0,0,0,NA,0,0,0.0%,NA,NA,NA,0,NA,0,0,NA,NA,NA,NA,NA,0,NA,NA,NA,NA,NA,NA,NA,0,NA,NA,@ TB,16,·,·,·
18,9999,Will Levis,QB,26.2,TEN,999.0,999,999,0,0,0,1,0,0,0,0,0,0.0,0,0,0,0,0,0,0.00,0,0,0,0,0.00,0.00,0,0,0,0,0,0,0,0,0.0,0.0,0,0,0,0,0,NA,0,0,0.0%,NA,NA,NA,0,NA,0,0,NA,NA,NA,NA,NA,0,NA,NA,NA,NA,NA,NA,NA,0,NA,NA,@ JAX,12,IR,IR,IR
18,8204,Bo Melton,WR,26.2,GB,999.0,999,999,0,0,0,1,1,1,0,13,0,0.0,0,0,0,0,0,0,0.00,0,0,0,0,0.00,0.00,0,0,0,0,0,1,0,0,0.0,0.0,0,0,0,0,0,NA,0,0,25.0%,NA,NA,NA,0,NA,0,1,0.000,0.0,NA,NA,NA,0,NA,NA,NA,NA,NA,NA,NA,0,NA,NA,@ MIN,32,Q,6.2,-6.2
18,8168,Skyy Moore,WR,25.0,SF,999.0,999,999,0,0,0,1,1,0,42,5,0,0.0,0,0,0,0,0,0,0.00,0,0,0,0,0.00,0.00,0,0,0,0,0,0,0,0,0.0,0.0,0,0,0,0,0,NA,0,0,12.0%,NA,NA,NA,0,NA,0,0,NA,0.0,3,0.0%,0.00,0,NA,NA,NA,NA,NA,0.000,NA,0,NA,NA,vs SEA,14,·,0.4,-0.4
18,5854,Drew Lock,QB,28.9,SEA,999.0,999,999,0,0,0,1,0,0,69,0,0,0.0,0,0,0,0,0,0,0.00,0,0,0,0,0.00,0.00,0,0,0,0,0,0,0,0,0.0,0.0,0,0,0,0,0,NA,0,0,0.0%,NA,NA,NA,0,NA,0,0,NA,NA,NA,NA,NA,0,NA,NA,NA,NA,NA,NA,NA,0,NA,NA,@ SF,22,·,·,·
18,2374,Tyler Lockett,WR,33.0,LV,96.0,96,98,1.5,1,0.5,1,1,0,0,32,0,0.0,0,0,0,0,0,0,0.00,0,0,0,0,0.00,0.00,1,5,0,0,0,5,0,5,5.0,1.0,0,0,0,5,0,NA,0,0,52.0%,NA,NA,NA,0,NA,0,5,0.000,0.0,22,19.2%,0.23,0,NA,NA,NA,NA,NA,0.000,NA,5,NA,NA,vs KC,20,·,4.9,-3.4
18,4177,Mack Hollins,WR,32.0,NE,999.0,999,999,0,0,0,1,0,0,0,0,0,0.0,0,0,0,0,0,0,0.00,0,0,0,0,0.00,0.00,0,0,0,0,0,0,0,0,0.0,0.0,0,0,0,0,0,NA,0,0,0.0%,NA,NA,NA,0,NA,0,0,NA,NA,NA,NA,NA,0,NA,NA,NA,NA,NA,NA,NA,0,NA,NA,vs MIA,23,IR,IR,IR
18,11748,Bub Means,WR,24.7,NO,999.0,999,999,0,0,0,1,0,0,0,0,0,0.0,0,0,0,0,0,0,0.00,0,0,0,0,0.00,0.00,0,0,0,0,0,0,0,0,0.0,0.0,0,0,0,0,0,NA,0,0,0.0%,NA,NA,NA,0,NA,0,0,NA,NA,NA,NA,NA,0,NA,NA,NA,NA,NA,NA,NA,0,NA,NA,@ ATL,12,IR,IR,IR
18,11573,Frank Gore Jr.,RB,23.5,BUF,999.0,999,999,0,0,0,1,0,0,0,0,0,0.0,0,0,0,0,0,0,0.00,0,0,0,0,0.00,0.00,0,0,0,0,0,0,0,0,0.0,0.0,0,0,0,0,0,NA,0,0,0.0%,NA,NA,NA,0,NA,0,0,NA,NA,NA,NA,NA,0,NA,NA,NA,NA,NA,NA,NA,0,NA,NA,vs NYJ,4,·,·,·
18,7891,Brock Wright,TE,26.8,DET,999.0,999,999,0,0,0,1,0,0,0,0,0,0.0,0,0,0,0,0,0,0.00,0,0,0,0,0.00,0.00,0,0,0,0,0,0,0,0,0.0,0.0,0,0,0,0,0,NA,0,0,0.0%,NA,NA,NA,0,NA,0,0,NA,NA,NA,NA,NA,0,NA,NA,NA,NA,NA,NA,NA,0,NA,NA,@ CHI,17,IR,IR,IR
18,12699,LaJohntay Wester,WR,23.5,BAL,999.0,999,999,0,0,0,1,1,0,0,9,0,0.0,0,0,0,0,0,0,0.00,0,0,0,0,0.00,0.00,0,0,0,0,0,0,0,0,0.0,0.0,0,0,0,0,0,NA,0,0,18.0%,NA,NA,NA,0,NA,0,0,NA,0.0,NA,NA,NA,0,NA,NA,NA,NA,NA,NA,NA,0,NA,NA,@ PIT,6,·,·,·
18,6869,Adam Trautman,TE,28.6,DEN,999.0,999,999,0,0,0,1,1,0,0,34,0,0.0,0,0,0,0,0,0,0.00,0,0,0,0,0.00,0.00,0,0,0,0,0,0,0,0,0.0,0.0,0,0,0,0,0,NA,0,0,58.0%,NA,NA,NA,0,NA,0,0,NA,0.0,11,0.0%,0.00,0,NA,NA,NA,NA,NA,0.000,NA,0,NA,NA,vs LAC,26,·,1.7,-1.7
18,10866,Aidan O'Connell,QB,27.1,LV,30.0,30,30,4.78,4.78,4.78,1,1,0,0,51,0,45.5,71,22,10,5,12,0,59.30,109,1,0,102,4.64,10.20,0,0,0,0,0,0,0,0,0.0,0.0,1,0,0,7,0,NA,7,7,82.0%,NA,NA,NA,0,NA,5,23,NA,NA,NA,NA,NA,5,22.7%,2.61,9.1%,29.2%,7.50,NA,24,109,-14.5%,-0.33,vs KC,21,·,4.6,0.2
18,11895,Mason Tipton,WR,25.0,NO,999.0,999,999,0,0,0,1,0,0,0,0,0,0.0,0,0,0,0,0,0,0.00,0,0,0,0,0.00,0.00,0,0,0,0,0,0,0,0,0.0,0.0,0,0,0,0,0,NA,0,0,0.0%,NA,NA,NA,0,NA,0,0,NA,NA,NA,NA,NA,0,NA,NA,NA,NA,NA,NA,NA,0,NA,NA,@ ATL,12,IR,IR,IR
18,8177,Grant Calcaterra,TE,26.8,PHI,13.0,11,9,10.1,9.1,8.1,1,1,1,0,28,0,0.0,0,0,0,0,0,0,0.00,0,0,0,0,0.00,0.00,2,18,0,0,1,3,3,21,10.5,7.0,0,0,0,21,0,NA,0,0,44.0%,NA,NA,NA,0,NA,1,3,0.333,1.0,16,7.5%,1.31,0,NA,NA,NA,NA,NA,0.000,NA,21,NA,NA,vs WAS,4,Q,7.6,2.5
18,11574,Dylan Laube,RB,25.8,LV,82.0,82,82,-2,-2,-2,1,0,0,0,0,1,0.0,0,0,0,0,0,0,0.00,0,0,0,0,0.00,0.00,0,0,0,0,0,0,0,0,0.0,0.0,0,0,0,0,0,NA,0,0,0.0%,NA,NA,NA,0,NA,0,0,NA,0.0,NA,NA,NA,0,NA,NA,NA,NA,NA,NA,NA,0,NA,NA,vs KC,26,·,0.6,-2.6
18,11649,Kendall Milton,RB,23.6,CIN,999.0,999,999,0,0,0,1,0,0,0,0,0,0.0,0,0,0,0,0,0,0.00,0,0,0,0,0.00,0.00,0,0,0,0,0,0,0,0,0.0,0.0,0,0,0,0,0,NA,0,0,0.0%,NA,NA,NA,0,NA,0,0,NA,NA,NA,NA,NA,0,NA,NA,NA,NA,NA,NA,NA,0,NA,NA,vs CLE,15,·,·,·
18,8145,Jeremy Ruckert,TE,25.1,NYJ,999.0,999,999,0,0,0,1,1,1,0,29,0,0.0,0,0,0,0,0,0,0.00,0,0,0,0,0.00,0.00,0,0,0,0,0,0,0,0,0.0,0.0,0,0,0,0,0,NA,0,0,60.0%,NA,NA,NA,0,NA,0,0,NA,0.0,NA,NA,NA,0,NA,NA,NA,NA,NA,NA,NA,0,NA,NA,@ BUF,31,·,3.9,-3.9
18,2197,Brandin Cooks,WR,32.0,NO,0.0,0,0,0,0,0,0,0,0,0,0,0,0.0,0,0,0,0,0,0,0.00,0,0,0,0,0.00,0.00,0,0,0,0,0,0,0,0,0.0,0.0,0,0,0,0,0,NA,0,0,0.0%,NA,NA,NA,0,NA,0,0,NA,NA,NA,NA,NA,0,NA,NA,NA,NA,NA,NA,NA,0,NA,NA,@ ATL,12,·,·,·
18,1837,Jimmy Garoppolo,QB,33.9,LAR,41.0,41,41,-0.3,-0.3,-0.3,1,1,0,0,3,0,0.0,0,0,0,0,0,0,0.00,-3,0,0,0,0.00,0.00,0,0,0,0,0,0,0,0,0.0,0.0,3,0,0,-3,0,NA,-3,-1,4.0%,NA,NA,NA,0,NA,0,3,NA,NA,NA,NA,NA,0,NA,NA,NA,NA,NA,NA,NA,-3,NA,NA,vs ARI,18,·,·,·
18,8135,Treylon Burks,WR,25.5,WAS,71.0,74,78,3.2,2.2,1.2,1,1,1,0,47,0,0.0,0,0,0,0,0,0,0.00,0,0,0,0,0.00,0.00,2,3,0,1,0,4,9,12,6.0,3.0,0,0,0,12,0,NA,0,0,68.0%,NA,NA,NA,0,NA,1,4,0.250,1.0,22,18.2%,0.55,0,NA,NA,NA,NA,NA,0.045,NA,12,NA,NA,@ PHI,28,·,7.0,-3.8
18,11636,Johnny Wilson,WR,24.5,PHI,999.0,999,999,0,0,0,1,0,0,0,0,0,0.0,0,0,0,0,0,0,0.00,0,0,0,0,0.00,0.00,0,0,0,0,0,0,0,0,0.0,0.0,0,0,0,0,0,NA,0,0,0.0%,NA,NA,NA,0,NA,0,0,NA,NA,NA,NA,NA,0,NA,NA,NA,NA,NA,NA,NA,0,NA,NA,vs WAS,7,IR,IR,IR
18,5185,Allen Lazard,WR,29.8,NYJ,0.0,0,0,0,0,0,0,0,0,0,0,0,0.0,0,0,0,0,0,0,0.00,0,0,0,0,0.00,0.00,0,0,0,0,0,0,0,0,0.0,0.0,0,0,0,0,0,NA,0,0,0.0%,NA,NA,NA,0,NA,0,0,NA,NA,NA,NA,NA,0,NA,NA,NA,NA,NA,NA,NA,0,NA,NA,@ BUF,24,·,·,·
18,9505,Deuce Vaughn,RB,23.9,DEN,999.0,999,999,0,0,0,1,0,0,0,0,0,0.0,0,0,0,0,0,0,0.00,0,0,0,0,0.00,0.00,0,0,0,0,0,0,0,0,0.0,0.0,0,0,0,0,0,NA,0,0,0.0%,NA,NA,NA,0,NA,0,0,NA,NA,NA,NA,NA,0,NA,NA,NA,NA,NA,NA,NA,0,NA,NA,vs LAC,25,·,·,·
18,5973,Josh Oliver,TE,28.5,MIN,34.0,33,31,4.9,3.9,2.9,1,1,1,0,31,0,0.0,0,0,0,0,0,0,0.00,0,0,0,0,0.00,0.00,2,6,0,2,0,2,23,29,14.5,14.5,0,0,0,29,0,NA,0,0,46.0%,NA,NA,NA,0,NA,2,2,1.000,2.0,13,6.5%,2.23,0,NA,NA,NA,NA,NA,0.154,NA,29,NA,NA,vs GB,23,Q,6.5,-1.6
18,7593,Trey Sermon,RB,26.7,PIT,999.0,999,999,0,0,0,1,0,0,0,0,0,0.0,0,0,0,0,0,0,0.00,0,0,0,0,0.00,0.00,0,0,0,0,0,0,0,0,0.0,0.0,0,0,0,0,0,NA,0,0,0.0%,NA,NA,NA,0,NA,0,0,NA,NA,NA,NA,NA,0,NA,NA,NA,NA,NA,NA,NA,0,NA,NA,vs BAL,13,·,·,·
18,5938,Lil'Jordan Humphrey,WR,27.4,NYG,999.0,999,999,0,0,0,1,1,0,0,16,0,0.0,0,0,0,0,0,0,0.00,0,0,0,0,0.00,0.00,0,0,0,0,0,0,0,0,0.0,0.0,0,0,0,0,0,NA,0,0,27.0%,NA,NA,NA,0,NA,0,0,NA,0.0,5,0.0%,0.00,0,NA,NA,NA,NA,NA,0.000,NA,0,NA,NA,vs DAL,1,·,5.7,-5.7
18,10216,Kenny McIntosh,RB,25.6,SEA,999.0,999,999,0,0,0,1,0,0,0,0,0,0.0,0,0,0,0,0,0,0.00,0,0,0,0,0.00,0.00,0,0,0,0,0,0,0,0,0.0,0.0,0,0,0,0,0,NA,0,0,0.0%,NA,NA,NA,0,NA,0,0,NA,NA,NA,NA,NA,0,NA,NA,NA,NA,NA,NA,NA,0,NA,NA,@ SF,29,IR,IR,IR
18,6853,Van Jefferson,WR,29.2,TEN,999.0,999,999,0,0,0,1,0,0,0,0,0,0.0,0,0,0,0,0,0,0.00,0,0,0,0,0.00,0.00,0,0,0,0,0,0,0,0,0.0,0.0,0,0,0,0,0,NA,0,0,0.0%,NA,NA,NA,0,NA,0,0,NA,NA,NA,NA,NA,0,NA,NA,NA,NA,NA,NA,NA,0,NA,NA,@ JAX,13,IR,IR,IR
18,10234,Derius Davis,WR,25.0,LAC,94.0,94,94,1.7,1.2,0.7,1,1,0,0,47,0,0.0,0,0,0,0,0,0,0.00,0,0,0,0,0.00,0.00,1,6,0,0,0,1,1,7,7.0,7.0,0,0,0,7,0,NA,0,0,66.0%,NA,NA,NA,0,NA,0,1,0.000,0.0,35,2.3%,0.20,0,NA,NA,NA,NA,NA,0.000,NA,7,NA,NA,@ DEN,25,·,3.3,-1.6
18,6011,Gardner Minshew,QB,29.4,KC,999.0,999,999,0,0,0,1,0,0,0,0,0,0.0,0,0,0,0,0,0,0.00,0,0,0,0,0.00,0.00,0,0,0,0,0,0,0,0,0.0,0.0,0,0,0,0,0,NA,0,0,0.0%,NA,NA,NA,0,NA,0,0,NA,NA,NA,NA,NA,0,NA,NA,NA,NA,NA,NA,NA,0,NA,NA,@ LV,17,IR,IR,IR
18,12715,Thomas Fidone,TE,23.0,NYG,999.0,999,999,0,0,0,1,0,0,0,0,0,0.0,0,0,0,0,0,0,0.00,0,0,0,0,0.00,0.00,0,0,0,0,0,0,0,0,0.0,0.0,0,0,0,0,0,NA,0,0,0.0%,NA,NA,NA,0,NA,0,0,NA,NA,NA,NA,NA,0,NA,NA,NA,NA,NA,NA,NA,0,NA,NA,vs DAL,18,IR,IR,IR
18,12494,Kyle McCord,QB,23.0,PHI,999.0,999,999,0,0,0,1,0,0,0,0,0,0.0,0,0,0,0,0,0,0.00,0,0,0,0,0.00,0.00,0,0,0,0,0,0,0,0,0.0,0.0,0,0,0,0,0,NA,0,0,0.0%,NA,NA,NA,0,NA,0,0,NA,NA,NA,NA,NA,0,NA,NA,NA,NA,NA,NA,NA,0,NA,NA,vs WAS,3,·,·,·
18,7083,Tyler Huntley,QB,27.6,BAL,999.0,999,999,0,0,0,1,0,0,0,0,0,0.0,0,0,0,0,0,0,0.00,0,0,0,0,0.00,0.00,0,0,0,0,0,0,0,0,0.0,0.0,0,0,0,0,0,NA,0,0,0.0%,NA,NA,NA,0,NA,0,0,NA,NA,NA,NA,NA,0,NA,NA,NA,NA,NA,NA,NA,0,NA,NA,@ PIT,6,·,·,·
18,4147,Samaje Perine,RB,30.0,CIN,27.0,29,34,8.2,6.7,5.2,1,1,0,0,33,0,0.0,0,0,0,0,0,0,0.00,42,0,0,0,0.00,0.00,3,2,0,0,0,4,8,10,3.3,2.5,8,0,4,52,0,38,42,5.25,49.0%,4,4.70,0.500,4,0.970,4,12,0.333,4.0,NA,10.3%,NA,0,NA,NA,NA,NA,NA,NA,NA,52,NA,NA,vs CLE,15,·,7.4,0.8
18,11306,Xavier Gipson,WR,24.6,PHI,999.0,999,999,0,0,0,1,0,0,0,0,0,0.0,0,0,0,0,0,0,0.00,0,0,0,0,0.00,0.00,0,0,0,0,0,0,0,0,0.0,0.0,0,0,0,0,0,NA,0,0,0.0%,NA,NA,NA,0,NA,0,0,NA,0.0,NA,NA,NA,0,NA,NA,NA,NA,NA,NA,NA,0,NA,NA,vs WAS,7,·,·,·
18,5987,Alexander Mattison,RB,27.3,MIA,999.0,999,999,0,0,0,1,0,0,0,0,0,0.0,0,0,0,0,0,0,0.00,0,0,0,0,0.00,0.00,0,0,0,0,0,0,0,0,0.0,0.0,0,0,0,0,0,NA,0,0,0.0%,NA,NA,NA,0,NA,0,0,NA,NA,NA,NA,NA,0,NA,NA,NA,NA,NA,NA,NA,0,NA,NA,@ NE,30,IR,IR,IR
18,5985,Foster Moreau,TE,28.4,NO,999.0,999,999,0,0,0,1,0,0,0,0,0,0.0,0,0,0,0,0,0,0.00,0,0,0,0,0.00,0.00,0,0,0,0,0,0,0,0,0.0,0.0,0,0,0,0,0,NA,0,0,0.0%,NA,NA,NA,0,NA,0,0,NA,NA,NA,NA,NA,0,NA,NA,NA,NA,NA,NA,NA,0,NA,NA,@ ATL,30,IR,IR,IR
18,11210,Malik Heath,WR,25.6,GB,0.0,0,0,0,0,0,0,0,0,0,0,0,0.0,0,0,0,0,0,0,0.00,0,0,0,0,0.00,0.00,0,0,0,0,0,0,0,0,0.0,0.0,0,0,0,0,0,NA,0,0,0.0%,NA,NA,NA,0,NA,0,0,NA,NA,NA,NA,NA,0,NA,NA,NA,NA,NA,NA,NA,0,NA,NA,@ MIN,32,·,·,·
18,6920,Isaiah Hodgins,WR,26.9,PIT,999.0,999,999,0,0,0,1,1,1,0,72,0,0.0,0,0,0,0,0,0,0.00,0,0,0,0,0.00,0.00,0,0,0,0,0,2,0,0,0.0,0.0,0,0,0,0,0,NA,0,0,96.0%,NA,NA,NA,0,NA,0,2,0.000,0.0,39,6.1%,0.00,0,NA,NA,NA,NA,NA,0.000,NA,0,NA,NA,vs BAL,9,·,10.5,-10.5
18,827,Tyrod Taylor,QB,36.2,NYJ,0.0,0,0,0,0,0,0,0,0,0,0,0,0.0,0,0,0,0,0,0,0.00,0,0,0,0,0.00,0.00,0,0,0,0,0,0,0,0,0.0,0.0,0,0,0,0,0,NA,0,0,0.0%,NA,NA,NA,0,NA,0,0,NA,NA,NA,NA,NA,0,NA,NA,NA,NA,NA,NA,NA,0,NA,NA,@ BUF,28,Q,Q,Q
18,4351,Tim Patrick,WR,31.8,JAX,100.0,101,103,1.4,0.9,0.4,1,1,0,0,22,0,0.0,0,0,0,0,0,0,0.00,0,0,0,0,0.00,0.00,1,1,0,0,0,1,3,4,4.0,4.0,0,0,0,4,0,NA,0,0,36.0%,NA,NA,NA,0,NA,0,1,0.000,0.0,11,3.1%,0.36,0,NA,NA,NA,NA,NA,0.000,NA,4,NA,NA,vs TEN,11,·,1.7,-0.3
18,5917,Mecole Hardman,WR,27.6,FA,999.0,999,999,0,0,0,1,0,0,0,0,0,0.0,0,0,0,0,0,0,0.00,0,0,0,0,0.00,0.00,0,0,0,0,0,0,0,0,0.0,0.0,0,0,0,0,0,NA,0,0,0.0%,NA,NA,NA,0,NA,0,0,NA,NA,NA,NA,NA,0,NA,NA,NA,NA,NA,NA,NA,0,NA,NA,NA,,·,·,·
18,6850,Harrison Bryant,TE,27.4,HOU,999.0,999,999,0,0,0,1,1,1,0,16,0,0.0,0,0,0,0,0,0,0.00,0,0,0,0,0.00,0.00,0,0,0,0,0,0,0,0,0.0,0.0,0,0,0,0,0,NA,0,0,24.0%,NA,NA,NA,0,NA,0,0,NA,0.0,3,0.0%,0.00,0,NA,NA,NA,NA,NA,0.000,NA,0,NA,NA,vs IND,6,·,0.2,-0.2
18,8118,David Bell,WR,24.8,CLE,0.0,0,0,0,0,0,0,0,0,0,0,0,0.0,0,0,0,0,0,0,0.00,0,0,0,0,0.00,0.00,0,0,0,0,0,0,0,0,0.0,0.0,0,0,0,0,0,NA,0,0,0.0%,NA,NA,NA,0,NA,0,0,NA,NA,NA,NA,NA,0,NA,NA,NA,NA,NA,NA,NA,0,NA,NA,@ CIN,29,NA,NA,NA
18,11729,Sione Vaki,RB,24.2,DET,999.0,999,999,0,0,0,1,0,0,0,0,0,0.0,0,0,0,0,0,0,0.00,0,0,0,0,0.00,0.00,0,0,0,0,0,0,0,0,0.0,0.0,0,0,0,0,0,NA,0,0,0.0%,NA,NA,NA,0,NA,0,0,NA,0.0,NA,NA,NA,0,NA,NA,NA,NA,NA,NA,NA,0,NA,NA,@ CHI,23,·,0.8,-0.8
18,5086,Marquez Valdes-Scantling,WR,31.0,SF,32.0,39,47,8.4,5.9,3.4,1,1,0,0,63,0,0.0,0,0,0,0,0,0,0.00,0,0,0,0,0.00,0.00,5,22,0,2,0,7,12,34,6.8,4.9,0,0,0,34,0,NA,0,0,84.0%,NA,NA,NA,0,NA,2,7,0.286,2.0,43,14.9%,0.79,0,NA,NA,NA,NA,NA,0.047,NA,34,NA,NA,vs SEA,14,·,6.1,2.3
18,829,Andy Dalton,QB,37.9,CAR,999.0,999,999,0,0,0,1,0,0,51,0,0,0.0,0,0,0,0,0,0,0.00,0,0,0,0,0.00,0.00,0,0,0,0,0,0,0,0,0.0,0.0,0,0,0,0,0,NA,0,0,0.0%,NA,NA,NA,0,NA,0,0,NA,NA,NA,NA,NA,0,NA,NA,NA,NA,NA,NA,NA,0,NA,NA,@ TB,2,·,·,·
18,3257,Jacoby Brissett,QB,32.8,ARI,12.0,12,12,16.62,16.62,16.62,1,1,1,0,55,1,71.0,142,31,22,10,9,1,101.90,262,6,2,243,7.84,11.05,0,0,0,0,0,0,0,0,0.0,0.0,3,0,1,19,0,NA,19,6.33,100.0%,NA,NA,NA,1,NA,13,34,NA,NA,NA,NA,NA,12,38.7%,2.88,6.5%,61.5%,7.60,NA,39,262,+10.4%,-0.13,@ LAR,19,·,18.3,-1.7
18,7608,Khalil Herbert,RB,27.4,SEA,48.0,45,39,5.6,5.1,4.6,1,1,0,0,32,0,0.0,0,0,0,0,0,0,0.00,42,0,0,0,0.00,0.00,1,-5,0,0,0,2,9,4,4.0,2.0,12,0,2,46,0,24,42,3.5,67.0%,5,2.00,0.417,2,0.617,2,14,0.143,2.0,NA,9.1%,NA,0,NA,NA,NA,NA,NA,NA,NA,46,NA,NA,@ SF,29,·,9.0,-3.4
18,3634,Kalif Raymond,WR,31.1,DET,34.0,33,31,8.2,6.7,5.2,1,1,0,0,14,0,0.0,0,0,0,0,0,0,0.00,0,0,0,0,0.00,0.00,3,13,0,2,0,3,39,52,17.3,17.3,0,0,0,52,0,NA,0,0,19.0%,NA,NA,NA,0,NA,2,3,0.667,2.0,11,7.1%,4.73,0,NA,NA,NA,NA,NA,0.182,NA,52,NA,NA,@ CHI,3,·,3.4,4.8
18,6126,Irv Smith,TE,27.1,HOU,0.0,0,0,0,0,0,0,0,0,0,0,0,0.0,0,0,0,0,0,0,0.00,0,0,0,0,0.00,0.00,0,0,0,0,0,0,0,0,0.0,0.0,0,0,0,0,0,NA,0,0,0.0%,NA,NA,NA,0,NA,0,0,NA,NA,NA,NA,NA,0,NA,NA,NA,NA,NA,NA,NA,0,NA,NA,vs IND,6,Q,Q,Q
18,10857,Stetson Bennett,QB,27.9,LAR,999.0,999,999,0,0,0,1,0,0,0,0,0,0.0,0,0,0,0,0,0,0.00,0,0,0,0,0.00,0.00,0,0,0,0,0,0,0,0,0.0,0.0,0,0,0,0,0,NA,0,0,0.0%,NA,NA,NA,0,NA,0,0,NA,NA,NA,NA,NA,0,NA,NA,NA,NA,NA,NA,NA,0,NA,NA,vs ARI,18,·,·,·
18,6144,Trayveon Williams,RB,27.9,FA,61.0,60,59,3,2.5,2,1,1,0,0,11,0,0.0,0,0,0,0,0,0,0.00,7,0,0,0,0.00,0.00,1,-3,0,0,0,2,16,13,13.0,6.5,1,0,0,20,0,4,7,7,21.0%,1,3.60,1.000,0,1.360,0,3,0.000,0.0,NA,9.1%,NA,0,NA,NA,NA,NA,NA,NA,NA,20,NA,NA,NA,,·,4.3,-1.3
18,12473,Mitchell Evans,TE,22.5,CAR,57.0,57,54,1.5,1,0.5,1,1,1,51,23,0,0.0,0,0,0,0,0,0,0.00,0,0,0,0,0.00,0.00,1,-5,0,0,0,2,10,5,5.0,2.5,0,0,0,5,0,NA,0,0,45.0%,NA,NA,NA,0,NA,0,2,0.000,0.0,11,5.7%,0.45,0,NA,NA,NA,NA,NA,0.000,NA,5,NA,NA,@ TB,7,·,3.7,-2.2
18,5374,Justin Watson,WR,29.5,HOU,999.0,999,999,0,0,0,1,1,0,0,13,0,0.0,0,0,0,0,0,0,0.00,0,0,0,0,0.00,0.00,0,0,0,0,0,0,0,0,0.0,0.0,0,0,0,0,0,NA,0,0,19.0%,NA,NA,NA,0,NA,0,0,NA,0.0,2,0.0%,0.00,0,NA,NA,NA,NA,NA,0.000,NA,0,NA,NA,vs IND,4,·,3.8,-3.8
18,10223,Eric Gray,RB,25.9,NYG,999.0,999,999,0,0,0,1,0,0,0,0,0,0.0,0,0,0,0,0,0,0.00,0,0,0,0,0.00,0.00,0,0,0,0,0,0,0,0,0.0,0.0,0,0,0,0,0,NA,0,0,0.0%,NA,NA,NA,0,NA,0,0,NA,0.0,NA,NA,NA,0,NA,NA,NA,NA,NA,NA,NA,0,NA,NA,vs DAL,7,·,0.2,-0.2
18,6012,Travis Homer,RB,27.1,CHI,999.0,999,999,0,0,0,1,0,0,0,0,0,0.0,0,0,0,0,0,0,0.00,0,0,0,0,0.00,0.00,0,0,0,0,0,0,0,0,0.0,0.0,0,0,0,0,0,NA,0,0,0.0%,NA,NA,NA,0,NA,0,0,NA,0.0,NA,NA,NA,0,NA,NA,NA,NA,NA,NA,NA,0,NA,NA,vs DET,22,·,0.0,0.0
18,3202,Austin Hooper,TE,30.9,NE,59.0,59,56,1.5,1,0.5,1,1,0,0,24,0,0.0,0,0,0,0,0,0,0.00,0,0,0,0,0.00,0.00,1,3,0,0,0,1,2,5,5.0,5.0,0,0,0,5,0,NA,0,0,41.0%,NA,NA,NA,0,NA,0,1,0.000,0.0,10,4.5%,0.50,0,NA,NA,NA,NA,NA,0.000,NA,5,NA,NA,vs MIA,2,·,2.4,-0.9
18,4972,Mason Rudolph,QB,30.2,PIT,999.0,999,999,0,0,0,1,0,0,0,0,0,0.0,0,0,0,0,0,0,0.00,0,0,0,0,0.00,0.00,0,0,0,0,0,0,0,0,0.0,0.0,0,0,0,0,0,NA,0,0,0.0%,NA,NA,NA,0,NA,0,0,NA,NA,NA,NA,NA,0,NA,NA,NA,NA,NA,NA,NA,0,NA,NA,vs BAL,14,·,·,·
18,9489,Justin Shorter,WR,25.4,LV,999.0,999,999,0,0,0,1,0,0,0,0,0,0.0,0,0,0,0,0,0,0.00,0,0,0,0,0.00,0.00,0,0,0,0,0,0,0,0,0.0,0.0,0,0,0,0,0,NA,0,0,0.0%,NA,NA,NA,0,NA,0,0,NA,NA,NA,NA,NA,0,NA,NA,NA,NA,NA,NA,NA,0,NA,NA,vs KC,20,·,·,·
18,8219,Jelani Woods,TE,27.0,NYJ,49.0,44,36,2,2,2,0,0,0,0,0,0,0.0,0,0,0,0,0,0,0.00,0,0,0,0,0.00,0.00,0,0,0,0,0,0,0,0,0.0,0.0,0,0,0,0,0,NA,0,0,0.0%,NA,NA,NA,0,NA,0,0,NA,NA,NA,NA,NA,0,NA,NA,NA,NA,NA,NA,NA,0,NA,NA,@ BUF,31,Q,Q,Q
18,7535,Hunter Long,TE,27.1,JAX,0.0,0,0,0,0,0,0,0,0,0,0,0,0.0,0,0,0,0,0,0,0.00,0,0,0,0,0.00,0.00,0,0,0,0,0,0,0,0,0.0,0.0,0,0,0,0,0,NA,0,0,0.0%,NA,NA,NA,0,NA,0,0,NA,NA,NA,NA,NA,0,NA,NA,NA,NA,NA,NA,NA,0,NA,NA,vs TEN,16,·,·,·
18,9495,Rakim Jarrett,WR,24.7,FA,0.0,0,0,0,0,0,0,0,0,0,0,0,0.0,0,0,0,0,0,0,0.00,0,0,0,0,0.00,0.00,0,0,0,0,0,0,0,0,0.0,0.0,0,0,0,0,0,NA,0,0,0.0%,NA,NA,NA,0,NA,0,0,NA,NA,NA,NA,NA,0,NA,NA,NA,NA,NA,NA,NA,0,NA,NA,NA,,·,·,·
18,12048,George Holani,RB,25.8,SEA,999.0,999,999,0,0,0,1,0,0,0,0,0,0.0,0,0,0,0,0,0,0.00,0,0,0,0,0.00,0.00,0,0,0,0,0,0,0,0,0.0,0.0,0,0,0,0,0,NA,0,0,0.0%,NA,NA,NA,0,NA,0,0,NA,NA,NA,NA,NA,0,NA,NA,NA,NA,NA,NA,NA,0,NA,NA,@ SF,29,IR,IR,IR
18,7757,Ben Skowronek,WR,28.2,PIT,999.0,999,999,0,0,0,1,1,0,0,8,0,0.0,0,0,0,0,0,0,0.00,0,0,0,0,0.00,0.00,0,0,0,0,0,0,0,0,0.0,0.0,0,0,0,0,0,NA,0,0,11.0%,NA,NA,NA,0,NA,0,0,NA,0.0,1,0.0%,0.00,0,NA,NA,NA,NA,NA,0.000,NA,0,NA,NA,vs BAL,9,·,0.6,-0.6
18,6427,Ashton Dulin,WR,28.4,IND,999.0,999,999,0,0,0,1,1,0,0,24,0,0.0,0,0,0,0,0,0,0.00,0,0,0,0,0.00,0.00,0,0,0,0,0,2,0,0,0.0,0.0,0,0,0,0,0,NA,0,0,37.0%,NA,NA,NA,0,NA,0,2,0.000,0.0,11,5.7%,0.00,0,NA,NA,NA,NA,NA,0.000,NA,0,NA,NA,@ HOU,31,·,·,·
18,6001,Drew Sample,TE,29.4,CIN,35.0,36,38,4.7,3.2,1.7,1,1,0,0,49,0,0.0,0,0,0,0,0,0,0.00,0,0,0,0,0.00,0.00,3,-3,0,1,0,3,20,17,5.7,5.7,0,0,0,17,0,NA,0,0,72.0%,NA,NA,NA,0,NA,1,3,0.333,1.0,19,7.7%,0.89,0,NA,NA,NA,NA,NA,0.053,NA,17,NA,NA,vs CLE,20,·,1.2,3.5
18,8116,Pierre Strong Jr.,RB,26.8,GB,999.0,999,999,0,0,0,1,0,0,0,0,0,0.0,0,0,0,0,0,0,0.00,0,0,0,0,0.00,0.00,0,0,0,0,0,0,0,0,0.0,0.0,0,0,0,0,0,NA,0,0,0.0%,NA,NA,NA,0,NA,0,0,NA,NA,NA,NA,NA,0,NA,NA,NA,NA,NA,NA,NA,0,NA,NA,@ MIN,19,·,·,·
18,6847,Devin Duvernay,WR,28.0,CHI,999.0,999,999,0,0,0,1,0,0,0,0,0,0.0,0,0,0,0,0,0,0.00,0,0,0,0,0.00,0.00,0,0,0,0,0,0,0,0,0.0,0.0,0,0,0,0,0,NA,0,0,0.0%,NA,NA,NA,0,NA,0,0,NA,0.0,NA,NA,NA,0,NA,NA,NA,NA,NA,NA,NA,0,NA,NA,vs DET,2,·,0.3,-0.3
18,11716,Tip Reiman,TE,24.0,ARI,999.0,999,999,0,0,0,1,0,0,0,0,0,0.0,0,0,0,0,0,0,0.00,0,0,0,0,0.00,0.00,0,0,0,0,0,0,0,0,0.0,0.0,0,0,0,0,0,NA,0,0,0.0%,NA,NA,NA,0,NA,0,0,NA,NA,NA,NA,NA,0,NA,NA,NA,NA,NA,NA,NA,0,NA,NA,@ LAR,19,IR,IR,IR
18,7602,Kylen Granson,TE,27.5,PHI,25.0,25,27,7,5,3,1,1,1,0,49,0,0.0,0,0,0,0,0,0,0.00,0,0,0,0,0.00,0.00,4,21,0,1,0,5,9,30,7.5,6.0,0,0,0,30,0,NA,0,0,77.0%,NA,NA,NA,0,NA,1,5,0.200,1.0,35,12.5%,0.86,0,NA,NA,NA,NA,NA,0.029,NA,30,NA,NA,vs WAS,4,·,3.6,3.4
18,2749,Raheem Mostert,RB,33.5,LV,0.0,0,0,0,0,0,0,0,0,0,0,0,0.0,0,0,0,0,0,0,0.00,0,0,0,0,0.00,0.00,0,0,0,0,0,0,0,0,0.0,0.0,0,0,0,0,0,NA,0,0,0.0%,NA,NA,NA,0,NA,0,0,NA,NA,NA,NA,NA,0,NA,NA,NA,NA,NA,NA,NA,0,NA,NA,vs KC,26,Q,Q,Q
18,8127,Charlie Kolar,TE,26.6,BAL,999.0,999,999,0,0,0,1,1,1,0,13,0,0.0,0,0,0,0,0,0,0.00,0,0,0,0,0.00,0.00,0,0,0,0,0,0,0,0,0.0,0.0,0,0,0,0,0,NA,0,0,25.0%,NA,NA,NA,0,NA,0,0,NA,0.0,NA,NA,NA,0,NA,NA,NA,NA,NA,NA,NA,0,NA,NA,@ PIT,3,·,2.0,-2.0
18,7585,Davis Mills,QB,26.9,HOU,33.0,33,33,2.64,2.64,2.64,1,1,0,0,24,0,33.3,21,9,3,2,6,0,46.50,48,0,0,36,4.00,12.00,0,0,0,0,0,0,0,0,0.0,0.0,1,0,1,12,0,NA,12,12,35.0%,NA,NA,NA,1,NA,3,10,NA,NA,NA,NA,NA,2,22.2%,2.39,0.0%,40.0%,3.80,NA,10,48,-24.4%,-0.56,vs IND,15,·,·,·
18,6290,Scotty Miller,WR,28.2,PIT,76.0,80,88,2.9,1.9,0.9,1,1,0,0,16,0,0.0,0,0,0,0,0,0,0.00,0,0,0,0,0.00,0.00,2,2,0,0,0,2,7,9,4.5,4.5,0,0,0,9,0,NA,0,0,21.0%,NA,NA,NA,0,NA,0,2,0.000,0.0,12,4.3%,0.75,0,NA,NA,NA,NA,NA,0.000,NA,9,NA,NA,vs BAL,9,·,4.0,-1.1
18,10228,Charlie Jones,WR,26.9,CIN,0.0,0,0,0,0,0,0,0,0,0,0,0,0.0,0,0,0,0,0,0,0.00,0,0,0,0,0.00,0.00,0,0,0,0,0,0,0,0,0.0,0.0,0,0,0,0,0,NA,0,0,0.0%,NA,NA,NA,0,NA,0,0,NA,NA,NA,NA,NA,0,NA,NA,NA,NA,NA,NA,NA,0,NA,NA,vs CLE,27,Q,Q,Q
18,6659,Craig Reynolds,RB,29.3,DET,999.0,999,999,0,0,0,1,0,0,0,0,0,0.0,0,0,0,0,0,0,0.00,0,0,0,0,0.00,0.00,0,0,0,0,0,0,0,0,0.0,0.0,0,0,0,0,0,NA,0,0,0.0%,NA,NA,NA,0,NA,0,0,NA,NA,NA,NA,NA,0,NA,NA,NA,NA,NA,NA,NA,0,NA,NA,@ CHI,23,OUT,OUT,OUT
18,4574,Cooper Rush,QB,31.8,BAL,0.0,0,0,0,0,0,0,0,0,0,0,0,0.0,0,0,0,0,0,0,0.00,0,0,0,0,0.00,0.00,0,0,0,0,0,0,0,0,0.0,0.0,0,0,0,0,0,NA,0,0,0.0%,NA,NA,NA,0,NA,0,0,NA,NA,NA,NA,NA,0,NA,NA,NA,NA,NA,NA,NA,0,NA,NA,@ PIT,6,·,·,·
18,4663,Austin Ekeler,RB,30.4,WAS,999.0,999,999,0,0,0,1,0,0,0,0,0,0.0,0,0,0,0,0,0,0.00,0,0,0,0,0.00,0.00,0,0,0,0,0,0,0,0,0.0,0.0,0,0,0,0,0,NA,0,0,0.0%,NA,NA,NA,0,NA,0,0,NA,NA,NA,NA,NA,0,NA,NA,NA,NA,NA,NA,NA,0,NA,NA,@ PHI,10,IR,IR,IR
18,8489,Andrew Ogletree,TE,27.2,IND,999.0,999,999,0,0,0,1,0,0,0,0,0,0.0,0,0,0,0,0,0,0.00,0,0,0,0,0.00,0.00,0,0,0,0,0,0,0,0,0.0,0.0,0,0,0,0,0,NA,0,0,0.0%,NA,NA,NA,0,NA,0,0,NA,NA,NA,NA,NA,0,NA,NA,NA,NA,NA,NA,NA,0,NA,NA,@ HOU,22,IR,IR,IR
18,8159,Desmond Ridder,QB,26.1,MIN,999.0,999,999,0,0,0,1,0,0,0,0,0,0.0,0,0,0,0,0,0,0.00,0,0,0,0,0.00,0.00,0,0,0,0,0,0,0,0,0.0,0.0,0,0,0,0,0,NA,0,0,0.0%,NA,NA,NA,0,NA,0,0,NA,NA,NA,NA,NA,0,NA,NA,NA,NA,NA,NA,NA,0,NA,NA,vs GB,23,·,·,·
18,8253,Deven Thompkins,WR,25.8,ATL,999.0,999,999,0,0,0,1,1,0,0,5,0,0.0,0,0,0,0,0,0,0.00,0,0,0,0,0.00,0.00,0,0,0,0,0,0,0,0,0.0,0.0,0,0,0,0,0,NA,0,0,8.0%,NA,NA,NA,0,NA,0,0,NA,0.0,NA,NA,NA,0,NA,NA,NA,NA,NA,NA,NA,0,NA,NA,vs NO,26,·,·,·
18,12725,Luke Lachey,TE,24.2,HOU,999.0,999,999,0,0,0,1,0,0,0,0,0,0.0,0,0,0,0,0,0,0.00,0,0,0,0,0.00,0.00,0,0,0,0,0,0,0,0,0.0,0.0,0,0,0,0,0,NA,0,0,0.0%,NA,NA,NA,0,NA,0,0,NA,NA,NA,NA,NA,0,NA,NA,NA,NA,NA,NA,NA,0,NA,NA,vs IND,6,·,·,·
18,,,,,,,,,,,,,,,,,,,,,,,,,,,,,,,,,,,,,,,,,,,,,,,,,,0.0%,NA,NA,NA,0,NA,0,0,NA,NA,NA,NA,NA,0,NA,NA,NA,NA,NA,NA,NA,0,NA,NA,NA,,·,·,·