WK,SLPR_ID,NM,POS,AGE,TM,PRK_PPR,PRK_0.5P,PRK_STD,FPT_PPR,FPTS_0.5,FPTS_STD,GM_ACTV,GM_P,GM,TM_SNP,SNP,FUM,CMP PCT,paAY,paATT,CMP,pa1D,INC,INT,paRTG,pa.ruYDS,SAC,paTD,paYDS,paYPA,paYPC,REC,recAY,DRP,rec1D,recTD,TGT,YAC,recYDS,YPR,YPT,CAR,BTKL,ru1D,ru.recYDS,ruTD,YCO,ruYDS,YPC,SNP%,MTF,YCO/A,MTF/A,ruIMP,ELU,IMP,OPP,IMP/OPP,IMP/G,RR,TS%,YPRR,pIMP,pIMP/A,TTT,DP%,PRS%,AYA,1DRR,DB,YDS(t),VS,vsRK,INJ,PROJ,FPOE,TD(t)
8,4984,Josh Allen,QB,29.4,BUF,9,9,9,23.22,23.22,23.22,1,1,1,63,52,0,63.2%,47,19,12,7,7,0,108.00,170,2,1,163,8.58,13.58,0,0,0,0,0,0,0,0,0.0,0.0,3,0,0,7,2,NA,7,2.33,83.0%,NA,NA,NA,2,NA,10,22,NA,NA,NA,NA,NA,8,42.1%,2.90,0.0%,28.6%,5.80,NA,21,170,@ CAR,25,·,26.5,-3.3,3.0
8,9509,Bijan Robinson,RB,23.7,ATL,36,39,44,5.8,4.3,2.8,1,1,1,50,30,1,0.0%,0,0,0,0,0,0,0.00,25,0,0,0,0.00,0.00,3,-4,0,1,0,3,27,23,7.7,7.7,9,0,1,48,0,25,25,2.78,60.0%,2,2.80,0.222,1,0.502,2,12,0.167,2.0,NA,9.7%,NA,0,NA,NA,NA,NA,NA,NA,NA,48,vs MIA,3,·,22.7,-16.9,0.0
8,7564,Ja'Marr Chase,WR,25.6,CIN,4,9,23,21.1,15.1,9.1,1,1,1,59,58,0,0.0%,0,0,0,0,0,0,0.00,0,0,0,0,0.00,0.00,12,14,1,5,0,19,77,91,7.6,4.8,0,0,0,91,0,NA,0,0,98.0%,NA,NA,NA,0,NA,5,19,0.263,5.0,34,55.9%,2.68,0,NA,NA,NA,NA,NA,0.147,NA,91,vs NYJ,25,·,19.9,1.2,0.0
8,9493,Puka Nacua,WR,24.3,LAR,0,0,0,0,0,0,0,0,0,0,0,0,0.0%,0,0,0,0,0,0,0.00,0,0,0,0,0.00,0.00,0,0,0,0,0,0,0,0,0.0,0.0,0,0,0,0,0,NA,0,0,0.0%,NA,NA,NA,0,NA,0,0,NA,NA,NA,NA,NA,0,NA,NA,NA,NA,NA,NA,NA,0,BYE,BYE,BYE,BYE,BYE,0.0
8,4881,Lamar Jackson,QB,28.7,BAL,0,0,0,0,0,0,0,0,0,0,0,0,0.0%,0,0,0,0,0,0,0.00,0,0,0,0,0.00,0.00,0,0,0,0,0,0,0,0,0.0,0.0,0,0,0,0,0,NA,0,0,0.0%,NA,NA,NA,0,NA,0,0,NA,NA,NA,NA,NA,0,NA,NA,NA,NA,NA,NA,NA,0,vs CHI,7,OUT,OUT,OUT,0.0
8,11566,Jayden Daniels,QB,24.8,WAS,0,0,0,0,0,0,0,0,0,0,0,0,0.0%,0,0,0,0,0,0,0.00,0,0,0,0,0.00,0.00,0,0,0,0,0,0,0,0,0.0,0.0,0,0,0,0,0,NA,0,0,0.0%,NA,NA,NA,0,NA,0,0,NA,NA,NA,NA,NA,0,NA,NA,NA,NA,NA,NA,NA,0,@ KC,28,OUT,OUT,OUT,0.0
8,9221,Jahmyr Gibbs,RB,23.5,DET,0,0,0,0,0,0,0,0,0,0,0,0,0.0%,0,0,0,0,0,0,0.00,0,0,0,0,0.00,0.00,0,0,0,0,0,0,0,0,0.0,0.0,0,0,0,0,0,NA,0,0,0.0%,NA,NA,NA,0,NA,0,0,NA,NA,NA,NA,NA,0,NA,NA,NA,NA,NA,NA,NA,0,BYE,BYE,BYE,BYE,BYE,0.0
8,6794,Justin Jefferson,WR,26.3,MIN,20,26,31,14.4,10.9,7.4,1,1,1,49,43,0,0.0%,0,0,0,0,0,0,0.00,0,0,0,0,0.00,0.00,7,31,0,3,0,11,43,74,10.6,6.7,0,0,0,74,0,NA,0,0,88.0%,NA,NA,NA,0,NA,3,11,0.273,3.0,32,35.5%,2.31,0,NA,NA,NA,NA,NA,0.094,NA,74,@ LAC,20,·,16.5,-2.1,0.0
8,9488,Jaxon Smith-Njigba,WR,23.6,SEA,0.0,0,0,0,0,0,0,0,0,0,0,0,0.0%,0,0,0,0,0,0,0.00,0,0,0,0,0.00,0.00,0,0,0,0,0,0,0,0,0.0,0.0,0,0,0,0,0,NA,0,0,0.0%,NA,NA,NA,0,NA,0,0,NA,NA,NA,NA,NA,0,NA,NA,NA,NA,NA,NA,NA,0,BYE,BYE,BYE,BYE,BYE,0.0
8,7547,Amon-Ra St. Brown,WR,25.9,DET,0.0,0,0,0,0,0,0,0,0,0,0,0,0.0%,0,0,0,0,0,0,0.00,0,0,0,0,0.00,0.00,0,0,0,0,0,0,0,0,0.0,0.0,0,0,0,0,0,NA,0,0,0.0%,NA,NA,NA,0,NA,0,0,NA,NA,NA,NA,NA,0,NA,NA,NA,NA,NA,NA,NA,0,BYE,BYE,BYE,BYE,BYE,0.0
8,6786,CeeDee Lamb,WR,26.5,DAL,18.0,24,30,14.6,11.1,7.6,1,1,1,74,53,0,0.0%,0,0,0,0,0,0,0.00,2,0,0,0,0.00,0.00,7,53,0,3,0,10,21,74,10.6,7.4,1,0,0,76,0,NA,2,2,72.0%,NA,NA,NA,0,NA,3,11,0.273,3.0,30,28.6%,2.47,0,NA,NA,NA,NA,NA,0.100,NA,76,@ DEN,32,·,18.1,-3.5,0.0
8,11632,Malik Nabers,WR,22.2,NYG,999.0,999,999,0,0,0,1,0,0,0,0,0,0.0%,0,0,0,0,0,0,0.00,0,0,0,0,0.00,0.00,0,0,0,0,0,0,0,0,0.0,0.0,0,0,0,0,0,NA,0,0,0.0%,NA,NA,NA,0,NA,0,0,NA,NA,NA,NA,NA,0,NA,NA,NA,NA,NA,NA,NA,0,@ PHI,12,IR,IR,IR,0.0
8,11564,Drake Maye,QB,23.1,NE,2.0,2,2,27.28,27.28,27.28,1,1,1,68,68,1,75.0%,202,24,18,8,6,1,135.80,332,6,3,282,11.75,15.67,0,0,0,0,0,0,0,0,0.0,0.0,7,0,2,50,0,NA,50,7.14,100.0%,NA,NA,NA,2,NA,13,31,NA,NA,NA,NA,NA,11,45.8%,2.95,12.5%,42.4%,11.9,NA,33,332,vs CLE,30,·,20.8,6.5,3.0
8,12514,Emeka Egbuka,WR,23.0,TB,55.0,55,54,6.5,5,3.5,1,1,1,58,51,0,0.0%,0,0,0,0,0,0,0.00,0,0,0,0,0.00,0.00,3,24,0,1,0,9,11,35,11.7,3.9,0,0,0,35,0,NA,0,0,88.0%,NA,NA,NA,0,NA,1,9,0.111,1.0,26,37.5%,1.35,0,NA,NA,NA,NA,NA,0.038,NA,35,@ NO,16,·,16.8,-10.3,0.0
8,11604,Brock Bowers,TE,22.8,LV,0.0,0,0,0,0,0,0,0,0,0,0,0,0.0%,0,0,0,0,0,0,0.00,0,0,0,0,0.00,0.00,0,0,0,0,0,0,0,0,0.0,0.0,0,0,0,0,0,NA,0,0,0.0%,NA,NA,NA,0,NA,0,0,NA,NA,NA,NA,NA,0,NA,NA,NA,NA,NA,NA,NA,0,BYE,BYE,BYE,BYE,BYE,0.0
8,6904,Jalen Hurts,QB,27.1,PHI,4.0,4,4,25.36,25.36,25.36,1,1,1,57,55,0,75.0%,92,20,15,6,5,0,141.50,201,4,4,179,8.95,11.93,0,0,0,0,0,0,0,0,0.0,0.0,4,0,2,22,0,NA,22,5.5,93.0%,NA,NA,NA,2,NA,12,24,NA,NA,NA,NA,NA,10,50.0%,2.81,20.0%,44.4%,9.1,NA,27,201,vs NYG,3,·,22.2,3.2,4.0
8,12527,Ashton Jeanty,RB,21.8,LV,0.0,0,0,0,0,0,0,0,0,0,0,0,0.0%,0,0,0,0,0,0,0.00,0,0,0,0,0.00,0.00,0,0,0,0,0,0,0,0,0.0,0.0,0,0,0,0,0,NA,0,0,0.0%,NA,NA,NA,0,NA,0,0,NA,NA,NA,NA,NA,0,NA,NA,NA,NA,NA,NA,NA,0,BYE,BYE,BYE,BYE,BYE,0.0
8,6797,Justin Herbert,QB,27.6,LAC,3.0,3,3,26.28,26.28,26.28,1,1,1,73,73,0,72.0%,152,25,18,10,7,1,122.80,289,2,3,227,9.08,12.61,0,0,0,0,0,0,0,0,0.0,0.0,7,0,4,62,0,NA,62,8.86,100.0%,NA,NA,NA,4,NA,17,32,NA,NA,NA,NA,NA,13,52.0%,3.02,8.0%,38.2%,8.8,NA,34,289,vs MIN,10,·,22.1,4.2,3.0
8,6813,Jonathan Taylor,RB,26.7,IND,1.0,1,1,37.4,36.4,35.4,1,1,1,53,40,0,0.0%,0,0,0,0,0,0,0.00,153,0,0,0,0.00,0.00,2,-8,0,0,1,2,29,21,10.5,10.5,12,1,5,174,2,101,153,12.75,75.0%,9,8.40,0.750,7,1.590,8,14,0.571,8.0,NA,6.5%,NA,0,NA,NA,NA,NA,NA,NA,NA,174,vs TEN,4,·,21.8,15.6,3.0
8,8112,Drake London,WR,24.2,ATL,0.0,0,0,0,0,0,0,0,0,0,0,0,0.0%,0,0,0,0,0,0,0.00,0,0,0,0,0.00,0.00,0,0,0,0,0,0,0,0,0.0,0.0,0,0,0,0,0,NA,0,0,0.0%,NA,NA,NA,0,NA,0,0,NA,NA,NA,NA,NA,0,NA,NA,NA,NA,NA,NA,NA,0,vs MIA,27,OUT,OUT,OUT,0.0
8,4046,Patrick Mahomes,QB,30.0,KC,5.0,5,5,24.96,24.96,24.96,1,1,1,69,69,0,73.5%,126,34,25,13,9,2,104.90,329,3,3,299,8.79,11.96,0,0,0,0,0,0,0,0,0.0,0.0,4,0,1,30,0,NA,30,7.5,100.0%,NA,NA,NA,1,NA,17,38,NA,NA,NA,NA,NA,16,47.1%,2.93,5.9%,22.5%,6.4,NA,40,329,vs WAS,8,·,24.6,0.4,3.0
8,6770,Joe Burrow,QB,28.8,CIN,999.0,999,999,0,0,0,1,0,0,0,0,0,0.0%,0,0,0,0,0,0,0.00,0,0,0,0,0.00,0.00,0,0,0,0,0,0,0,0,0.0,0.0,0,0,0,0,0,NA,0,0,0.0%,NA,NA,NA,0,NA,0,0,NA,NA,NA,NA,NA,0,NA,NA,NA,NA,NA,NA,NA,0,vs NYJ,15,IR,IR,IR,0.0
8,9226,De'Von Achane,RB,24.0,MIA,7.0,9,12,20.1,17.6,15.1,1,1,1,69,46,0,0.0%,0,0,0,0,0,0,0.00,67,0,0,0,0.00,0.00,5,-10,0,1,1,7,34,24,4.8,3.4,18,1,4,91,0,56,67,3.72,67.0%,4,3.10,0.222,4,0.532,6,25,0.240,6.0,NA,25.9%,NA,0,NA,NA,NA,NA,NA,NA,NA,91,@ ATL,18,·,21.3,-1.2,1.0
8,8130,Trey McBride,TE,25.8,ARI,0.0,0,0,0,0,0,0,0,0,0,0,0,0.0%,0,0,0,0,0,0,0.00,0,0,0,0,0.00,0.00,0,0,0,0,0,0,0,0,0.0,0.0,0,0,0,0,0,NA,0,0,0.0%,NA,NA,NA,0,NA,0,0,NA,NA,NA,NA,NA,0,NA,NA,NA,NA,NA,NA,NA,0,BYE,BYE,BYE,BYE,BYE,0.0
8,12507,Omarion Hampton,RB,22.5,LAC,999.0,999,999,0,0,0,1,0,0,0,0,0,0.0%,0,0,0,0,0,0,0.00,0,0,0,0,0.00,0.00,0,0,0,0,0,0,0,0,0.0,0.0,0,0,0,0,0,NA,0,0,0.0%,NA,NA,NA,0,NA,0,0,NA,NA,NA,NA,NA,0,NA,NA,NA,NA,NA,NA,NA,0,vs MIN,10,IR,IR,IR,0.0
8,11620,Rome Odunze,WR,23.3,CHI,8.0,11,12,18.4,14.9,11.4,1,1,1,63,59,0,0.0%,0,0,0,0,0,0,0.00,0,0,0,0,0.00,0.00,7,95,0,7,0,10,19,114,16.3,11.4,0,0,0,114,0,NA,0,0,94.0%,NA,NA,NA,0,NA,7,10,0.700,7.0,39,26.3%,2.92,0,NA,NA,NA,NA,NA,0.179,NA,114,@ BAL,4,·,13.0,5.4,0.0
8,12526,Tetairoa McMillan,WR,22.5,CAR,11.0,14,18,16.9,13.4,9.9,1,1,1,61,57,0,0.0%,0,0,0,0,0,0,0.00,0,0,0,0,0.00,0.00,7,77,1,7,0,10,22,99,14.1,9.9,0,0,0,99,0,NA,0,0,93.0%,NA,NA,NA,0,NA,7,10,0.700,7.0,31,41.7%,3.19,0,NA,NA,NA,NA,NA,0.226,NA,99,vs BUF,24,·,13.4,3.5,0.0
8,11560,Caleb Williams,QB,23.9,CHI,20.0,20,20,12.8,12.8,12.8,1,1,1,63,63,0,65.8%,160,38,25,13,13,1,77.20,309,1,0,285,7.50,11.40,0,0,0,0,0,0,0,0,0.0,0.0,3,0,1,24,0,NA,24,8,100.0%,NA,NA,NA,1,NA,14,41,NA,NA,NA,NA,NA,13,34.2%,3.11,10.5%,24.4%,8.8,NA,41,309,@ BAL,2,·,17.6,-4.8,0.0
8,12518,Tyler Warren,TE,23.4,IND,12.0,13,14,9.3,7.3,5.3,1,1,0,53,39,0,0.0%,0,0,0,0,0,0,0.00,0,0,0,0,0.00,0.00,4,15,0,3,0,5,38,53,13.3,10.6,0,0,0,53,0,NA,0,0,74.0%,NA,NA,NA,0,NA,3,5,0.600,3.0,29,16.1%,1.83,0,NA,NA,NA,NA,NA,0.103,NA,53,vs TEN,26,·,13.4,-4.1,0.0
8,12512,Quinshon Judkins,RB,21.9,CLE,41.0,45,49,4.7,3.2,1.7,1,1,1,54,18,0,0.0%,0,0,0,0,0,0,0.00,19,0,0,0,0.00,0.00,3,-4,0,0,0,3,2,-2,-0.7,-0.7,9,0,0,17,0,18,19,2.11,33.0%,2,2.00,0.222,0,0.422,0,12,0.000,0.0,NA,8.6%,NA,0,NA,NA,NA,NA,NA,NA,NA,17,@ NE,27,OUT,12.9,-8.2,0.0
8,11584,Bucky Irving,RB,23.1,TB,0.0,0,0,0,0,0,0,0,0,0,0,0,0.0%,0,0,0,0,0,0,0.00,0,0,0,0,0.00,0.00,0,0,0,0,0,0,0,0,0.0,0.0,0,0,0,0,0,NA,0,0,0.0%,NA,NA,NA,0,NA,0,0,NA,NA,NA,NA,NA,0,NA,NA,NA,NA,NA,NA,NA,0,@ NO,12,OUT,OUT,OUT,0.0
8,11631,Brian Thomas Jr.,WR,23.0,JAX,0.0,0,0,0,0,0,0,0,0,0,0,0,0.0%,0,0,0,0,0,0,0.00,0,0,0,0,0.00,0.00,0,0,0,0,0,0,0,0,0.0,0.0,0,0,0,0,0,NA,0,0,0.0%,NA,NA,NA,0,NA,0,0,NA,NA,NA,NA,NA,0,NA,NA,NA,NA,NA,NA,NA,0,BYE,BYE,BYE,BYE,BYE,0.0
8,8138,James Cook,RB,26.0,BUF,2.0,2,2,33.6,33.6,33.6,1,1,1,63,28,0,0.0%,0,0,0,0,0,0,0.00,216,0,0,0,0.00,0.00,0,0,0,0,0,0,0,0,0.0,0.0,19,1,8,216,2,76,216,11.37,44.0%,6,4.00,0.316,10,0.716,10,19,0.526,10.0,NA,0.0%,NA,0,NA,NA,NA,NA,NA,NA,NA,216,@ CAR,24,·,18.0,15.6,2.0
8,4892,Baker Mayfield,QB,30.4,TB,26.0,26,26,4.08,4.08,4.08,1,1,1,58,56,1,62.5%,66,24,15,8,9,0,80.60,152,3,0,152,6.33,10.13,0,0,0,0,0,0,0,0,0.0,0.0,0,0,0,0,0,NA,0,0,97.0%,NA,NA,NA,0,NA,8,24,NA,NA,NA,NA,NA,8,33.3%,2.82,4.2%,29.6%,6.6,NA,27,152,@ NO,11,·,21.8,-17.7,0.0
8,7569,Nico Collins,WR,26.5,HOU,0.0,0,0,0,0,0,0,0,0,0,0,0,0.0%,0,0,0,0,0,0,0.00,0,0,0,0,0.00,0.00,0,0,0,0,0,0,0,0,0.0,0.0,0,0,0,0,0,NA,0,0,0.0%,NA,NA,NA,0,NA,0,0,NA,NA,NA,NA,NA,0,NA,NA,NA,NA,NA,NA,NA,0,vs SF,18,OUT,OUT,OUT,0.0
8,8146,Garrett Wilson,WR,25.2,NYJ,0.0,0,0,0,0,0,0,0,0,0,0,0,0.0%,0,0,0,0,0,0,0.00,0,0,0,0,0.00,0.00,0,0,0,0,0,0,0,0,0.0,0.0,0,0,0,0,0,NA,0,0,0.0%,NA,NA,NA,0,NA,0,0,NA,NA,NA,NA,NA,0,NA,NA,NA,NA,NA,NA,NA,0,@ CIN,23,OUT,OUT,OUT,0.0
8,6804,Jordan Love,QB,26.9,GB,1.0,1,1,28.3,28.3,28.3,1,1,1,64,64,0,78.4%,115,37,29,13,8,0,134.20,359,0,3,360,9.73,12.41,0,0,0,0,0,0,0,0,0.0,0.0,1,0,0,-1,0,NA,-1,-1,100.0%,NA,NA,NA,0,NA,16,38,NA,NA,NA,NA,NA,16,43.2%,2.64,8.1%,18.9%,5.4,NA,37,359,@ PIT,4,·,17.9,10.4,3.0
8,10229,Rashee Rice,WR,25.4,KC,2.0,2,2,25.5,21,16.5,1,1,1,69,59,1,0.0%,0,0,0,0,0,0,0.00,12,0,0,0,0.00,0.00,9,37,0,4,1,9,56,93,10.3,10.3,2,0,0,105,0,NA,12,6,86.0%,NA,NA,NA,0,NA,5,11,0.455,5.0,31,26.5%,3.00,0,NA,NA,NA,NA,NA,0.129,NA,105,vs WAS,10,·,16.6,8.9,1.0
8,4866,Saquon Barkley,RB,28.6,PHI,3.0,4,4,33.4,31.4,29.4,1,1,1,57,35,0,0.0%,0,0,0,0,0,0,0.00,150,0,0,0,0.00,0.00,4,-12,0,1,1,5,36,24,6.0,4.8,14,0,3,174,1,42,150,10.71,59.0%,2,3.00,0.143,4,0.443,6,19,0.316,6.0,NA,25.0%,NA,0,NA,NA,NA,NA,NA,NA,NA,174,vs NYG,16,Q,17.4,16.0,2.0
8,11563,Bo Nix,QB,25.6,DEN,6.0,6,6,24.78,24.78,24.78,1,1,1,63,59,0,65.5%,166,29,19,11,10,1,117.40,246,0,4,247,8.52,13.00,0,0,0,0,0,0,0,0,0.0,0.0,1,0,0,-1,0,NA,-1,-1,94.0%,NA,NA,NA,0,NA,15,30,NA,NA,NA,NA,NA,15,51.7%,2.70,17.2%,24.1%,11.7,NA,29,246,vs DAL,1,·,22.3,2.5,4.0
8,12508,Jaxson Dart,QB,22.4,NYG,13.0,13,13,19.42,19.42,19.42,1,1,1,52,52,0,58.3%,121,24,14,8,10,0,98.10,210,5,1,193,8.04,13.79,0,0,0,0,0,0,0,0,0.0,0.0,6,0,1,17,1,NA,17,2.83,100.0%,NA,NA,NA,2,NA,11,30,NA,NA,NA,NA,NA,9,37.5%,3.68,16.7%,54.8%,10.8,NA,31,210,@ PHI,19,·,19.3,0.1,2.0
8,11635,Ladd McConkey,WR,23.9,LAC,6.0,5,5,20.8,17.8,14.8,1,1,1,73,42,0,0.0%,0,0,0,0,0,0,0.00,0,0,0,0,0.00,0.00,6,60,0,3,1,10,28,88,14.7,8.8,0,0,0,88,0,NA,0,0,58.0%,NA,NA,NA,0,NA,4,10,0.400,4.0,24,40.0%,3.67,0,NA,NA,NA,NA,NA,0.125,NA,88,vs MIN,14,·,13.6,7.2,1.0
8,4034,Christian McCaffrey,RB,29.3,SF,25.0,28,28,9.8,8.3,6.8,1,1,1,48,46,0,0.0%,0,0,0,0,0,0,0.00,25,0,0,0,0.00,0.00,3,3,1,3,0,6,40,43,14.3,7.2,8,0,1,68,0,14,25,3.13,96.0%,4,1.70,0.500,1,0.670,4,14,0.286,4.0,NA,18.8%,NA,0,NA,NA,NA,NA,NA,NA,NA,68,@ HOU,19,·,24.7,-14.9,0.0
8,8137,George Pickens,WR,24.6,DAL,17.0,23,28,14.8,11.3,7.8,1,1,1,74,59,0,0.0%,0,0,0,0,0,0,0.00,0,0,0,0,0.00,0.00,7,62,0,5,0,9,16,78,11.1,8.7,0,0,0,78,0,NA,0,0,80.0%,NA,NA,NA,0,NA,5,9,0.556,5.0,32,25.7%,2.44,0,NA,NA,NA,NA,NA,0.156,NA,78,@ DEN,32,·,13.1,1.7,0.0
8,11628,Marvin Harrison Jr.,WR,23.1,ARI,0.0,0,0,0,0,0,0,0,0,0,0,0,0.0%,0,0,0,0,0,0,0.00,0,0,0,0,0.00,0.00,0,0,0,0,0,0,0,0,0.0,0.0,0,0,0,0,0,NA,0,0,0.0%,NA,NA,NA,0,NA,0,0,NA,NA,NA,NA,NA,0,NA,NA,NA,NA,NA,NA,NA,0,BYE,BYE,BYE,BYE,BYE,0.0
8,5850,Josh Jacobs,RB,27.6,GB,19.0,19,19,13.5,12,10.5,1,1,1,64,34,0,0.0%,0,0,0,0,0,0,0.00,33,0,0,0,0.00,0.00,3,-12,0,0,0,3,24,12,4.0,4.0,13,0,0,45,1,36,33,2.54,53.0%,1,2.80,0.077,1,0.357,1,16,0.063,1.0,NA,8.1%,NA,0,NA,NA,NA,NA,NA,NA,NA,45,@ PIT,21,·,17.7,-4.2,1.0
8,8150,Kyren Williams,RB,25.1,LAR,0.0,0,0,0,0,0,0,0,0,0,0,0,0.0%,0,0,0,0,0,0,0.00,0,0,0,0,0.00,0.00,0,0,0,0,0,0,0,0,0.0,0.0,0,0,0,0,0,NA,0,0,0.0%,NA,NA,NA,0,NA,0,0,NA,NA,NA,NA,NA,0,NA,NA,NA,NA,NA,NA,NA,0,BYE,BYE,BYE,BYE,BYE,0.0
8,12481,Cam Skattebo,RB,23.6,NYG,24.0,23,23,10,9.5,9,1,1,1,52,11,0,0.0%,0,0,0,0,0,0,0.00,12,0,0,0,0.00,0.00,1,11,0,0,1,2,7,18,18.0,9.0,3,1,0,30,0,10,12,4,21.0%,0,3.20,0.000,0,0.320,1,5,0.200,1.0,NA,8.3%,NA,0,NA,NA,NA,NA,NA,NA,NA,30,@ PHI,9,OUT,13.8,-3.8,1.0
8,8155,Breece Hall,RB,24.3,NYJ,4.0,3,3,32.86,31.86,30.86,1,1,1,72,40,0,100.0%,4,1,1,0,0,0,122.90,137,0,1,4,4.00,4.00,2,-8,0,1,0,3,22,14,7.0,4.7,18,0,4,147,2,74,133,7.39,56.0%,7,4.10,0.389,6,0.799,8,22,0.364,8.0,NA,9.1%,NA,1,100.0%,NA,NA,NA,NA,NA,NA,151,@ CIN,1,·,13.7,19.2,3.0
8,9758,C.J. Stroud,QB,24.0,HOU,11.0,11,11,22.72,22.72,22.72,1,1,1,80,80,0,76.9%,172,39,30,14,9,1,106.60,348,0,2,318,8.15,10.60,0,0,0,0,0,0,0,0,0.0,0.0,7,0,4,30,0,NA,30,4.29,100.0%,NA,NA,NA,4,NA,20,46,NA,NA,NA,NA,NA,16,41.0%,2.69,10.3%,21.4%,7.7,NA,42,348,vs SF,18,·,16.9,5.8,2.0
8,8183,Brock Purdy,QB,25.8,SF,0.0,0,0,0,0,0,0,0,0,0,0,0,0.0%,0,0,0,0,0,0,0.00,0,0,0,0,0.00,0.00,0,0,0,0,0,0,0,0,0.0,0.0,0,0,0,0,0,NA,0,0,0.0%,NA,NA,NA,0,NA,0,0,NA,NA,NA,NA,NA,0,NA,NA,NA,NA,NA,NA,NA,0,@ HOU,32,OUT,OUT,OUT,0.0
8,3294,Dak Prescott,QB,32.2,DAL,22.0,22,22,8.62,8.62,8.62,1,1,1,74,65,0,61.3%,124,31,19,9,12,2,51.50,219,2,0,188,6.06,9.89,0,0,0,0,0,0,0,0,0.0,0.0,6,0,2,31,0,NA,31,5.17,88.0%,NA,NA,NA,2,NA,11,37,NA,NA,NA,NA,NA,9,29.0%,2.46,9.7%,39.5%,7.5,NA,38,219,@ DEN,29,·,20.6,-12.0,0.0
8,5859,A.J. Brown,WR,28.2,PHI,0.0,0,0,0,0,0,0,0,0,0,0,0,0.0%,0,0,0,0,0,0,0.00,0,0,0,0,0.00,0.00,0,0,0,0,0,0,0,0,0.0,0.0,0,0,0,0,0,NA,0,0,0.0%,NA,NA,NA,0,NA,0,0,NA,NA,NA,NA,NA,0,NA,NA,NA,NA,NA,NA,NA,0,vs NYG,3,OUT,OUT,OUT,0.0
8,12529,TreVeyon Henderson,RB,22.9,NE,38.0,34,32,5.5,5.5,5.5,1,1,0,68,14,1,0.0%,0,0,0,0,0,0,0.00,75,0,0,0,0.00,0.00,0,0,0,0,0,0,0,0,0.0,0.0,10,0,6,75,0,32,75,7.5,21.0%,5,3.20,0.500,6,0.820,6,10,0.600,6.0,NA,0.0%,NA,0,NA,NA,NA,NA,NA,NA,NA,75,vs CLE,31,·,6.6,-1.1,0.0
8,11624,Xavier Worthy,WR,22.4,KC,39.0,41,43,10.3,7.8,5.3,1,1,1,69,58,0,0.0%,0,0,0,0,0,0,0.00,0,0,0,0,0.00,0.00,5,14,0,2,0,7,39,53,10.6,7.6,0,0,0,53,0,NA,0,0,84.0%,NA,NA,NA,0,NA,2,7,0.286,2.0,32,20.6%,1.66,0,NA,NA,NA,NA,NA,0.063,NA,53,vs WAS,10,·,11.3,-1.0,0.0
8,10859,Sam LaPorta,TE,24.7,DET,0.0,0,0,0,0,0,0,0,0,0,0,0,0.0%,0,0,0,0,0,0,0.00,0,0,0,0,0.00,0.00,0,0,0,0,0,0,0,0,0.0,0.0,0,0,0,0,0,NA,0,0,0.0%,NA,NA,NA,0,NA,0,0,NA,NA,NA,NA,NA,0,NA,NA,NA,NA,NA,NA,NA,0,BYE,BYE,BYE,BYE,BYE,0.0
8,9484,Tucker Kraft,TE,24.9,GB,1.0,1,1,33.3,29.8,26.3,1,1,1,64,59,0,0.0%,0,0,0,0,0,0,0.00,0,0,0,0,0.00,0.00,7,15,1,3,2,9,128,143,20.4,15.9,0,0,0,143,0,NA,0,0,92.0%,NA,NA,NA,0,NA,5,9,0.556,5.0,32,24.3%,4.47,0,NA,NA,NA,NA,NA,0.094,NA,143,@ PIT,3,·,12.0,21.3,2.0
8,3163,Jared Goff,QB,31.0,DET,0.0,0,0,0,0,0,0,0,0,0,0,0,0.0%,0,0,0,0,0,0,0.00,0,0,0,0,0.00,0.00,0,0,0,0,0,0,0,0,0.0,0.0,0,0,0,0,0,NA,0,0,0.0%,NA,NA,NA,0,NA,0,0,NA,NA,NA,NA,NA,0,NA,NA,NA,NA,NA,NA,NA,0,BYE,BYE,BYE,BYE,BYE,0.0
8,9756,Jordan Addison,WR,23.7,MIN,31.0,31,25,11.6,10.1,8.6,1,1,1,49,42,0,0.0%,0,0,0,0,0,0,0.00,0,0,0,0,0.00,0.00,3,20,0,1,1,4,6,26,8.7,6.5,0,0,0,26,0,NA,0,0,86.0%,NA,NA,NA,0,NA,2,4,0.500,2.0,31,12.9%,0.84,0,NA,NA,NA,NA,NA,0.032,NA,26,@ LAC,20,·,12.1,-0.5,1.0
8,12530,Travis Hunter,WR,22.4,JAX,0.0,0,0,0,0,0,0,0,0,0,0,0,0.0%,0,0,0,0,0,0,0.00,0,0,0,0,0.00,0.00,0,0,0,0,0,0,0,0,0.0,0.0,0,0,0,0,0,NA,0,0,0.0%,NA,NA,NA,0,NA,0,0,NA,NA,NA,NA,NA,0,NA,NA,NA,NA,NA,NA,NA,0,BYE,BYE,BYE,BYE,BYE,0.0
8,5870,Daniel Jones,QB,28.3,IND,10.0,10,10,23.18,23.18,23.18,1,1,1,53,47,0,72.4%,162,29,21,11,8,0,136.00,275,3,3,272,9.38,12.95,0,0,0,0,0,0,0,0,0.0,0.0,1,0,0,3,0,NA,3,3,89.0%,NA,NA,NA,0,NA,14,30,NA,NA,NA,NA,NA,14,48.3%,2.89,10.3%,27.3%,8.9,NA,33,275,vs TEN,26,·,20.8,2.4,3.0
8,7526,Jaylen Waddle,WR,26.8,MIA,5.0,4,3,20.9,18.4,15.9,1,1,1,69,54,0,0.0%,0,0,0,0,0,0,0.00,0,0,0,0,0.00,0.00,5,50,0,3,1,6,49,99,19.8,16.5,0,0,0,99,0,NA,0,0,78.0%,NA,NA,NA,0,NA,4,6,0.667,4.0,25,22.2%,3.96,0,NA,NA,NA,NA,NA,0.120,NA,99,@ ATL,31,·,13.6,7.3,1.0
8,6801,Tee Higgins,WR,26.7,CIN,33.0,27,15,11.4,10.9,10.4,1,1,1,59,52,0,0.0%,0,0,0,0,0,0,0.00,0,0,0,0,0.00,0.00,1,38,0,0,1,2,6,44,44.0,22.0,0,0,0,44,0,NA,0,0,88.0%,NA,NA,NA,0,NA,1,2,0.500,1.0,32,5.9%,1.38,0,NA,NA,NA,NA,NA,0.000,NA,44,vs NYJ,25,·,12.8,-1.4,1.0
8,9754,Quentin Johnston,WR,24.1,LAC,999.0,999,999,0,0,0,1,1,0,73,38,0,0.0%,0,0,0,0,0,0,0.00,0,0,0,0,0.00,0.00,0,0,0,0,0,0,0,0,0.0,0.0,0,0,0,0,0,NA,0,0,52.0%,NA,NA,NA,0,NA,0,0,NA,0.0,22,0.0%,0.00,0,NA,NA,NA,NA,NA,0.000,NA,0,vs MIN,14,·,12.7,-12.7,0.0
8,7525,DeVonta Smith,WR,26.9,PHI,21.0,21,27,14.4,11.4,8.4,1,1,1,57,53,0,0.0%,0,0,0,0,0,0,0.00,0,0,0,0,0.00,0.00,6,62,0,5,0,9,22,84,14.0,9.3,0,0,0,84,0,NA,0,0,90.0%,NA,NA,NA,0,NA,5,9,0.556,5.0,24,45.0%,3.50,0,NA,NA,NA,NA,NA,0.208,NA,84,vs NYG,3,·,16.0,-1.6,0.0
8,5846,DK Metcalf,WR,27.8,PIT,12.0,12,11,16.5,14,11.5,1,1,1,63,59,0,0.0%,0,0,0,0,0,0,0.00,0,0,0,0,0.00,0.00,5,26,0,3,1,7,29,55,11.0,7.9,0,0,0,55,0,NA,0,0,94.0%,NA,NA,NA,0,NA,4,7,0.571,4.0,37,19.4%,1.49,0,NA,NA,NA,NA,NA,0.081,NA,55,vs GB,17,·,13.3,3.2,1.0
8,9997,Zay Flowers,WR,25.0,BAL,23.0,28,33,14.1,10.6,7.1,1,1,1,62,59,0,0.0%,0,0,0,0,0,0,0.00,8,0,0,0,0.00,0.00,7,54,1,4,0,9,9,63,9.0,7.0,1,0,1,71,0,NA,8,8,95.0%,NA,NA,NA,1,NA,5,10,0.500,5.0,22,40.9%,2.86,0,NA,NA,NA,NA,NA,0.182,NA,71,vs CHI,9,·,14.9,-0.8,0.0
8,12522,Cam Ward,QB,23.3,TEN,17.0,17,17,13.76,13.76,13.76,1,1,1,71,71,0,57.9%,158,38,22,12,16,1,76.50,263,4,1,259,6.82,11.77,0,0,0,0,0,0,0,0,0.0,0.0,2,0,0,4,0,NA,4,2,100.0%,NA,NA,NA,0,NA,13,40,NA,NA,NA,NA,NA,13,34.2%,3.15,5.3%,43.2%,9.0,NA,44,263,@ IND,13,·,15.5,-1.7,1.0
8,11638,Ricky Pearsall,WR,25.0,SF,0.0,0,0,0,0,0,0,0,0,0,0,0,0.0%,0,0,0,0,0,0,0.00,0,0,0,0,0.00,0.00,0,0,0,0,0,0,0,0,0.0,0.0,0,0,0,0,0,NA,0,0,0.0%,NA,NA,NA,0,NA,0,0,NA,NA,NA,NA,NA,0,NA,NA,NA,NA,NA,NA,NA,0,@ HOU,28,OUT,OUT,OUT,0.0
8,8144,Chris Olave,WR,25.2,NO,24.0,33,40,14,10,6,1,1,1,72,67,0,0.0%,0,0,0,0,0,0,0.00,-3,0,0,0,0.00,0.00,8,49,0,1,0,12,14,63,7.9,5.3,1,0,0,60,0,NA,-3,-3,93.0%,NA,NA,NA,0,NA,1,13,0.077,1.0,54,23.5%,1.17,0,NA,NA,NA,NA,NA,0.019,NA,60,vs TB,21,·,15.5,-1.5,0.0
8,11559,Michael Penix Jr.,QB,25.4,ATL,0.0,0,0,0,0,0,0,0,0,0,0,0,0.0%,0,0,0,0,0,0,0.00,0,0,0,0,0.00,0.00,0,0,0,0,0,0,0,0,0.0,0.0,0,0,0,0,0,NA,0,0,0.0%,NA,NA,NA,0,NA,0,0,NA,NA,NA,NA,NA,0,NA,NA,NA,NA,NA,NA,NA,0,vs MIA,6,OUT,OUT,OUT,0.0
8,8151,Kenneth Walker III,RB,24.9,SEA,0.0,0,0,0,0,0,0,0,0,0,0,0,0.0%,0,0,0,0,0,0,0.00,0,0,0,0,0.00,0.00,0,0,0,0,0,0,0,0,0.0,0.0,0,0,0,0,0,NA,0,0,0.0%,NA,NA,NA,0,NA,0,0,NA,NA,NA,NA,NA,0,NA,NA,NA,NA,NA,NA,NA,0,BYE,BYE,BYE,BYE,BYE,0.0
8,12501,Matthew Golden,WR,22.2,GB,70.0,77,88,3.4,1.9,0.4,1,1,1,64,42,0,0.0%,0,0,0,0,0,0,0.00,0,0,0,0,0.00,0.00,3,2,0,1,0,3,2,4,1.3,1.3,0,0,0,4,0,NA,0,0,66.0%,NA,NA,NA,0,NA,1,3,0.333,1.0,27,8.1%,0.15,0,NA,NA,NA,NA,NA,0.037,NA,4,@ PIT,6,Q,8.0,-4.6,0.0
8,5849,Kyler Murray,QB,28.1,ARI,0.0,0,0,0,0,0,0,0,0,0,0,0,0.0%,0,0,0,0,0,0,0.00,0,0,0,0,0.00,0.00,0,0,0,0,0,0,0,0,0.0,0.0,0,0,0,0,0,NA,0,0,0.0%,NA,NA,NA,0,NA,0,0,NA,NA,NA,NA,NA,0,NA,NA,NA,NA,NA,NA,NA,0,BYE,BYE,BYE,BYE,BYE,0.0
8,11565,J.J. McCarthy,QB,22.7,MIN,0.0,0,0,0,0,0,0,0,0,0,0,0,0.0%,0,0,0,0,0,0,0.00,0,0,0,0,0.00,0.00,0,0,0,0,0,0,0,0,0.0,0.0,0,0,0,0,0,NA,0,0,0.0%,NA,NA,NA,0,NA,0,0,NA,NA,NA,NA,NA,0,NA,NA,NA,NA,NA,NA,NA,0,@ LAC,16,OUT,OUT,OUT,0.0
8,7588,Javonte Williams,RB,25.4,DAL,10.0,10,9,17.9,17.4,16.9,1,1,1,74,53,0,0.0%,0,0,0,0,0,0,0.00,41,0,0,0,0.00,0.00,1,3,0,0,0,2,5,8,8.0,4.0,13,0,2,49,2,30,41,3.15,72.0%,2,2.30,0.154,4,0.384,4,15,0.267,4.0,NA,5.7%,NA,0,NA,NA,NA,NA,NA,NA,NA,49,@ DEN,23,·,16.0,1.9,2.0
8,7523,Trevor Lawrence,QB,26.0,JAX,0.0,0,0,0,0,0,0,0,0,0,0,0,0.0%,0,0,0,0,0,0,0.00,0,0,0,0,0.00,0.00,0,0,0,0,0,0,0,0,0.0,0.0,0,0,0,0,0,NA,0,0,0.0%,NA,NA,NA,0,NA,0,0,NA,NA,NA,NA,NA,0,NA,NA,NA,NA,NA,NA,NA,0,BYE,BYE,BYE,BYE,BYE,0.0
8,8148,Jameson Williams,WR,24.5,DET,0.0,0,0,0,0,0,0,0,0,0,0,0,0.0%,0,0,0,0,0,0,0.00,0,0,0,0,0.00,0.00,0,0,0,0,0,0,0,0,0.0,0.0,0,0,0,0,0,NA,0,0,0.0%,NA,NA,NA,0,NA,0,0,NA,NA,NA,NA,NA,0,NA,NA,NA,NA,NA,NA,NA,0,BYE,BYE,BYE,BYE,BYE,0.0
8,4943,Sam Darnold,QB,28.3,SEA,0.0,0,0,0,0,0,0,0,0,0,0,0,0.0%,0,0,0,0,0,0,0.00,0,0,0,0,0.00,0.00,0,0,0,0,0,0,0,0,0.0,0.0,0,0,0,0,0,NA,0,0,0.0%,NA,NA,NA,0,NA,0,0,NA,NA,NA,NA,NA,0,NA,NA,NA,NA,NA,NA,NA,0,BYE,BYE,BYE,BYE,BYE,0.0
8,12533,Jacory Croskey-Merritt,RB,24.5,WAS,51.0,50,46,2.5,2.5,2.5,1,1,1,53,30,0,0.0%,0,0,0,0,0,0,0.00,25,0,0,0,0.00,0.00,0,0,0,0,0,1,0,0,0.0,0.0,9,0,2,25,0,25,25,2.78,57.0%,1,2.80,0.111,2,0.391,2,10,0.200,2.0,NA,3.3%,NA,0,NA,NA,NA,NA,NA,NA,NA,25,@ KC,26,·,12.8,-10.3,0.0
8,12489,RJ Harvey,RB,24.6,DEN,6.0,6,5,24.1,23.6,23.1,1,1,0,63,17,0,0.0%,0,0,0,0,0,0,0.00,46,0,0,0,0.00,0.00,1,1,0,0,1,1,4,5,5.0,5.0,7,0,0,51,2,10,46,6.57,27.0%,2,1.40,0.286,2,0.426,3,8,0.375,3.0,NA,3.4%,NA,0,NA,NA,NA,NA,NA,NA,NA,51,vs DAL,6,·,6.8,17.3,3.0
8,7543,Travis Etienne,RB,26.7,JAX,0.0,0,0,0,0,0,0,0,0,0,0,0,0.0%,0,0,0,0,0,0,0.00,0,0,0,0,0.00,0.00,0,0,0,0,0,0,0,0,0.0,0.0,0,0,0,0,0,NA,0,0,0.0%,NA,NA,NA,0,NA,0,0,NA,NA,NA,NA,NA,0,NA,NA,NA,NA,NA,NA,NA,0,BYE,BYE,BYE,BYE,BYE,0.0
8,3198,Derrick Henry,RB,31.7,BAL,9.0,8,7,19.1,19.1,19.1,1,1,1,62,36,0,0.0%,0,0,0,0,0,0,0.00,71,0,0,0,0.00,0.00,0,0,1,0,0,1,0,0,0.0,0.0,21,0,4,71,2,61,71,3.38,58.0%,2,2.90,0.095,6,0.385,6,22,0.273,6.0,NA,4.5%,NA,0,NA,NA,NA,NA,NA,NA,NA,71,vs CHI,11,·,17.8,1.3,2.0
8,9224,Chase Brown,RB,25.5,CIN,5.0,5,6,25.5,24,22.5,1,1,1,59,32,0,0.0%,0,0,0,0,0,0,0.00,73,0,0,0,0.00,0.00,3,7,0,0,1,3,25,32,10.7,10.7,12,2,4,105,1,44,73,6.08,54.0%,5,3.70,0.417,5,0.787,6,15,0.400,6.0,NA,8.8%,NA,0,NA,NA,NA,NA,NA,NA,NA,105,vs NYJ,20,·,12.5,13.0,2.0
8,8110,Jake Ferguson,TE,26.7,DAL,999.0,999,999,0,0,0,1,1,0,74,44,0,0.0%,0,0,0,0,0,0,0.00,0,0,0,0,0.00,0.00,0,0,0,0,0,1,0,0,0.0,0.0,0,0,0,0,0,NA,0,0,59.0%,NA,NA,NA,0,NA,0,1,0.000,0.0,23,2.9%,0.00,0,NA,NA,NA,NA,NA,0.000,NA,0,@ DEN,22,·,11.1,-11.1,0.0
8,5045,Courtland Sutton,WR,30.0,DEN,36.0,37,37,10.7,8.7,6.7,1,1,1,63,53,0,0.0%,0,0,0,0,0,0,0.00,0,0,0,0,0.00,0.00,4,56,1,3,0,6,11,67,16.8,11.2,0,0,0,67,0,NA,0,0,84.0%,NA,NA,NA,0,NA,3,6,0.500,3.0,27,20.7%,2.48,0,NA,NA,NA,NA,NA,0.111,NA,67,vs DAL,1,·,14.2,-3.5,0.0
8,12506,Harold Fannin,TE,21.2,CLE,4.0,5,5,18.4,15.4,12.4,1,1,1,54,40,0,0.0%,0,0,0,0,0,0,0.00,2,0,0,0,0.00,0.00,6,35,0,1,1,8,27,62,10.3,7.8,1,0,1,64,0,NA,2,2,74.0%,NA,NA,NA,1,NA,3,9,0.333,3.0,26,22.9%,2.38,0,NA,NA,NA,NA,NA,0.038,NA,64,@ NE,15,·,9.2,9.2,1.0
8,4217,George Kittle,TE,32.0,SF,8.0,6,6,14.3,12.3,10.3,1,1,1,48,43,0,0.0%,0,0,0,0,0,0,0.00,0,0,0,0,0.00,0.00,4,29,0,1,1,5,14,43,10.8,8.6,0,0,0,43,0,NA,0,0,90.0%,NA,NA,NA,0,NA,2,5,0.400,2.0,29,15.6%,1.48,0,NA,NA,NA,NA,NA,0.034,NA,43,@ HOU,28,·,13.8,0.5,1.0
8,2133,Davante Adams,WR,32.8,LAR,0.0,0,0,0,0,0,0,0,0,0,0,0,0.0%,0,0,0,0,0,0,0.00,0,0,0,0,0.00,0.00,0,0,0,0,0,0,0,0,0.0,0.0,0,0,0,0,0,NA,0,0,0.0%,NA,NA,NA,0,NA,0,0,NA,NA,NA,NA,NA,0,NA,NA,NA,NA,NA,NA,NA,0,BYE,BYE,BYE,BYE,BYE,0.0
8,12517,Colston Loveland,TE,21.5,CHI,20.0,20,20,6.8,5.3,3.8,1,1,1,63,51,0,0.0%,0,0,0,0,0,0,0.00,0,0,0,0,0.00,0.00,3,22,0,2,0,5,16,38,12.7,7.6,0,0,0,38,0,NA,0,0,81.0%,NA,NA,NA,0,NA,2,5,0.400,2.0,30,13.2%,1.27,0,NA,NA,NA,NA,NA,0.067,NA,38,@ BAL,10,·,7.9,-1.1,0.0
8,12519,Luther Burden,WR,21.8,CHI,93.0,93,93,0.9,0.4,-0.1,1,1,1,63,11,0,0.0%,0,0,0,0,0,0,0.00,0,0,0,0,0.00,0.00,1,-3,0,0,0,1,2,-1,-1.0,-1.0,0,0,0,-1,0,NA,0,0,17.0%,NA,NA,NA,0,NA,0,1,0.000,0.0,4,2.6%,-0.25,0,NA,NA,NA,NA,NA,0.000,NA,-1,@ BAL,4,OUT,5.2,-4.3,0.0
8,9228,Bryce Young,QB,24.2,CAR,0.0,0,0,0,0,0,0,0,0,0,0,0,0.0%,0,0,0,0,0,0,0.00,0,0,0,0,0.00,0.00,0,0,0,0,0,0,0,0,0.0,0.0,0,0,0,0,0,NA,0,0,0.0%,NA,NA,NA,0,NA,0,0,NA,NA,NA,NA,NA,0,NA,NA,NA,NA,NA,NA,NA,0,vs BUF,21,OUT,OUT,OUT,0.0
8,8408,Jordan Mason,RB,26.4,MIN,55.0,59,61,1.6,1.1,0.6,1,1,0,49,17,0,0.0%,0,0,0,0,0,0,0.00,3,0,0,0,0.00,0.00,1,-1,0,0,0,1,4,3,3.0,3.0,4,0,0,6,0,5,3,0.75,35.0%,3,1.30,0.750,0,0.880,0,5,0.000,0.0,NA,3.2%,NA,0,NA,NA,NA,NA,NA,NA,NA,6,@ LAC,8,·,11.2,-9.6,0.0
8,6819,Michael Pittman,WR,28.0,IND,3.0,3,4,23.5,19.5,15.5,1,1,1,53,42,0,0.0%,0,0,0,0,0,0,0.00,0,0,0,0,0.00,0.00,8,68,0,4,1,9,27,95,11.9,10.6,0,0,0,95,0,NA,0,0,79.0%,NA,NA,NA,0,NA,5,9,0.556,5.0,29,29.0%,3.28,0,NA,NA,NA,NA,NA,0.138,NA,95,vs TEN,13,·,13.6,9.9,1.0
8,8228,Jaylen Warren,RB,26.9,PIT,28.0,27,26,9.3,8.3,7.3,1,1,1,63,39,0,0.0%,0,0,0,0,0,0,0.00,62,0,0,0,0.00,0.00,2,-7,0,1,0,3,18,11,5.5,3.7,13,1,2,73,0,44,62,4.77,62.0%,3,3.40,0.231,2,0.571,3,16,0.188,3.0,NA,8.3%,NA,0,NA,NA,NA,NA,NA,NA,NA,73,vs GB,29,·,13.2,-3.9,0.0
8,10236,Dalton Kincaid,TE,25.9,BUF,34.0,31,27,3.3,2.8,2.3,1,1,0,63,14,0,0.0%,0,0,0,0,0,0,0.00,0,0,0,0,0.00,0.00,1,16,0,1,0,3,7,23,23.0,7.7,0,0,0,23,0,NA,0,0,22.0%,NA,NA,NA,0,NA,1,3,0.333,1.0,12,13.0%,1.92,0,NA,NA,NA,NA,NA,0.083,NA,23,@ CAR,5,·,9.5,-6.2,0.0
8,5892,David Montgomery,RB,28.3,DET,0.0,0,0,0,0,0,0,0,0,0,0,0,0.0%,0,0,0,0,0,0,0.00,0,0,0,0,0.00,0.00,0,0,0,0,0,0,0,0,0.0,0.0,0,0,0,0,0,NA,0,0,0.0%,NA,NA,NA,0,NA,0,0,NA,NA,NA,NA,NA,0,NA,NA,NA,NA,NA,NA,NA,0,BYE,BYE,BYE,BYE,BYE,0.0
8,11589,Trey Benson,RB,23.2,ARI,0.0,0,0,0,0,0,0,0,0,0,0,0,0.0%,0,0,0,0,0,0,0.00,0,0,0,0,0.00,0.00,0,0,0,0,0,0,0,0,0.0,0.0,0,0,0,0,0,NA,0,0,0.0%,NA,NA,NA,0,NA,0,0,NA,NA,NA,NA,NA,0,NA,NA,NA,NA,NA,NA,NA,0,BYE,BYE,BYE,BYE,BYE,0.0
8,9753,Zach Charbonnet,RB,24.7,SEA,0.0,0,0,0,0,0,0,0,0,0,0,0,0.0%,0,0,0,0,0,0,0.00,0,0,0,0,0.00,0.00,0,0,0,0,0,0,0,0,0.0,0.0,0,0,0,0,0,NA,0,0,0.0%,NA,NA,NA,0,NA,0,0,NA,NA,NA,NA,NA,0,NA,NA,NA,NA,NA,NA,NA,0,BYE,BYE,BYE,BYE,BYE,0.0
8,7553,Kyle Pitts,TE,25.0,ATL,6.0,9,13,14.9,10.4,5.9,1,1,1,50,46,0,0.0%,0,0,0,0,0,0,0.00,0,0,0,0,0.00,0.00,9,39,0,1,0,9,20,59,6.6,6.6,0,0,0,59,0,NA,0,0,92.0%,NA,NA,NA,0,NA,1,9,0.111,1.0,32,29.0%,1.84,0,NA,NA,NA,NA,NA,0.031,NA,59,vs MIA,11,·,8.9,6.0,0.0
8,7594,Chuba Hubbard,RB,26.3,CAR,26.0,24,22,9.4,9.4,9.4,1,1,1,61,35,0,0.0%,0,0,0,0,0,0,0.00,34,0,0,0,0.00,0.00,0,0,0,0,0,1,0,0,0.0,0.0,12,0,1,34,1,35,34,2.83,57.0%,5,2.90,0.417,2,0.707,2,13,0.154,2.0,NA,4.2%,NA,0,NA,NA,NA,NA,NA,NA,NA,34,vs BUF,5,·,10.1,-0.7,1.0
8,5927,Terry McLaurin,WR,30.0,WAS,22.0,16,13,14.4,12.9,11.4,1,1,1,53,25,0,0.0%,0,0,0,0,0,0,0.00,0,0,0,0,0.00,0.00,3,54,0,2,1,4,0,54,18.0,13.5,0,0,0,54,0,NA,0,0,47.0%,NA,NA,NA,0,NA,3,4,0.750,3.0,15,13.3%,3.60,0,NA,NA,NA,NA,NA,0.133,NA,54,@ KC,29,·,12.2,2.2,1.0
8,6806,J.K. Dobbins,RB,26.8,DEN,17.0,17,17,14.1,13.1,12.1,1,1,1,63,33,0,0.0%,0,0,0,0,0,0,0.00,111,0,0,0,0.00,0.00,2,0,0,0,0,2,10,10,5.0,5.0,15,0,5,121,0,78,111,7.4,52.0%,2,5.20,0.133,5,0.653,5,17,0.294,5.0,NA,6.9%,NA,0,NA,NA,NA,NA,NA,NA,NA,121,vs DAL,6,·,14.6,-0.5,0.0
8,7021,Rico Dowdle,RB,27.3,CAR,39.0,37,33,5.4,5.4,5.4,1,1,0,61,22,0,0.0%,0,0,0,0,0,0,0.00,54,0,0,0,0.00,0.00,0,0,0,0,0,0,0,0,0.0,0.0,8,1,2,54,0,30,54,6.75,36.0%,3,3.80,0.375,2,0.755,2,8,0.250,2.0,NA,0.0%,NA,0,NA,NA,NA,NA,NA,NA,NA,54,vs BUF,5,·,11.8,-6.4,0.0
8,11637,Keon Coleman,WR,22.4,BUF,57.0,58,59,6,4.5,3,1,1,0,63,46,0,0.0%,0,0,0,0,0,0,0.00,0,0,0,0,0.00,0.00,3,19,0,3,0,4,11,30,10.0,7.5,0,0,0,30,0,NA,0,0,73.0%,NA,NA,NA,0,NA,3,4,0.750,3.0,19,17.4%,1.58,0,NA,NA,NA,NA,NA,0.158,NA,30,@ CAR,30,·,9.9,-3.9,0.0
8,6790,D'Andre Swift,RB,26.7,CHI,15.0,15,14,15.1,14.1,13.1,1,1,1,63,31,0,0.0%,0,0,0,0,0,0,0.00,45,0,0,0,0.00,0.00,2,-12,0,1,0,2,38,26,13.0,13.0,11,0,2,71,1,25,45,4.09,49.0%,2,2.30,0.182,3,0.412,4,13,0.308,4.0,NA,5.3%,NA,0,NA,NA,NA,NA,NA,NA,NA,71,@ BAL,2,·,12.0,3.1,1.0
8,4983,D.J. Moore,WR,28.4,CHI,32.0,34,29,11.6,9.6,7.6,1,1,1,63,53,0,0.0%,0,0,0,0,0,0,0.00,3,0,0,0,0.00,0.00,4,31,0,3,0,7,42,73,18.3,10.4,2,0,0,76,0,NA,3,1.5,84.0%,NA,NA,NA,0,NA,3,9,0.333,3.0,36,18.4%,2.03,0,NA,NA,NA,NA,NA,0.083,NA,76,@ BAL,4,·,11.2,0.4,0.0
8,12474,Woody Marks,RB,24.8,HOU,16.0,18,18,15.1,13.1,11.1,1,1,0,80,32,0,0.0%,0,0,0,0,0,0,0.00,62,0,0,0,0.00,0.00,4,-7,0,1,0,4,56,49,12.3,12.3,11,0,2,111,0,14,62,5.64,40.0%,2,1.30,0.182,2,0.312,3,15,0.200,3.0,NA,10.3%,NA,0,NA,NA,NA,NA,NA,NA,NA,111,vs SF,22,·,12.9,2.2,0.0
8,5872,Deebo Samuel,WR,29.7,WAS,66.0,71,78,4.2,2.7,1.2,1,1,1,53,39,0,0.0%,0,0,0,0,0,0,0.00,1,0,0,0,0.00,0.00,3,0,1,0,0,6,11,11,3.7,1.8,1,0,0,12,0,NA,1,1,74.0%,NA,NA,NA,0,NA,0,7,0.000,0.0,23,20.0%,0.48,0,NA,NA,NA,NA,NA,0.000,NA,12,@ KC,29,·,12.6,-8.4,0.0
8,12499,Elic Ayomanor,WR,22.3,TEN,42.0,43,44,9.2,7.2,5.2,1,1,1,71,67,0,0.0%,0,0,0,0,0,0,0.00,0,0,0,0,0.00,0.00,4,41,1,2,0,8,11,52,13.0,6.5,0,0,0,52,0,NA,0,0,94.0%,NA,NA,NA,0,NA,2,8,0.250,2.0,40,21.1%,1.30,0,NA,NA,NA,NA,NA,0.050,NA,52,@ IND,2,·,10.0,-0.8,0.0
8,7591,Justin Fields,QB,26.6,NYJ,12.0,12,12,20.86,20.86,20.86,1,1,1,72,72,0,65.6%,92,32,21,11,11,0,99.00,275,0,1,244,7.63,11.62,0,0,0,0,0,0,0,0,0.0,0.0,11,0,3,31,0,NA,31,2.82,100.0%,NA,NA,NA,3,NA,15,43,NA,NA,NA,NA,NA,12,37.5%,2.85,6.3%,35.1%,6.4,NA,37,275,@ CIN,9,·,20.4,0.5,1.0
8,12490,Bhayshul Tuten,RB,22.6,JAX,0.0,0,0,0,0,0,0,0,0,0,0,0,0.0%,0,0,0,0,0,0,0.00,0,0,0,0,0.00,0.00,0,0,0,0,0,0,0,0,0.0,0.0,0,0,0,0,0,NA,0,0,0.0%,NA,NA,NA,0,NA,0,0,NA,NA,NA,NA,NA,0,NA,NA,NA,NA,NA,NA,NA,0,BYE,BYE,BYE,BYE,BYE,0.0
8,9500,Josh Downs,WR,24.1,IND,27.0,22,19,12.9,11.4,9.9,1,1,1,53,34,0,0.0%,0,0,0,0,0,0,0.00,0,0,0,0,0.00,0.00,3,30,0,2,1,3,9,39,13.0,13.0,0,0,0,39,0,NA,0,0,64.0%,NA,NA,NA,0,NA,3,3,1.000,3.0,22,9.7%,1.77,0,NA,NA,NA,NA,NA,0.091,NA,39,vs TEN,13,·,8.9,4.0,1.0
8,2216,Mike Evans,WR,32.1,TB,999.0,999,999,0,0,0,1,0,0,0,0,0,0.0%,0,0,0,0,0,0,0.00,0,0,0,0,0.00,0.00,0,0,0,0,0,0,0,0,0.0,0.0,0,0,0,0,0,NA,0,0,0.0%,NA,NA,NA,0,NA,0,0,NA,NA,NA,NA,NA,0,NA,NA,NA,NA,NA,NA,NA,0,@ NO,16,IR,IR,IR,0.0
8,4035,Alvin Kamara,RB,30.2,NO,33.0,35,37,6.5,5.5,4.5,1,1,1,72,37,0,0.0%,0,0,0,0,0,0,0.00,21,0,0,0,0.00,0.00,2,4,0,1,0,2,20,24,12.0,12.0,6,0,1,45,0,12,21,3.5,51.0%,1,2.00,0.167,1,0.367,2,8,0.250,2.0,NA,3.9%,NA,0,NA,NA,NA,NA,NA,NA,NA,45,vs TB,7,·,13.5,-7.0,0.0
8,421,Matthew Stafford,QB,37.6,LAR,0.0,0,0,0,0,0,0,0,0,0,0,0,0.0%,0,0,0,0,0,0,0.00,0,0,0,0,0.00,0.00,0,0,0,0,0,0,0,0,0.0,0.0,0,0,0,0,0,NA,0,0,0.0%,NA,NA,NA,0,NA,0,0,NA,NA,NA,NA,NA,0,NA,NA,NA,NA,NA,NA,NA,0,BYE,BYE,BYE,BYE,BYE,0.0
8,12484,Jayden Higgins,WR,22.8,HOU,26.0,20,22,13.4,11.4,9.4,1,1,1,80,66,0,0.0%,0,0,0,0,0,0,0.00,0,0,0,0,0.00,0.00,4,28,1,2,1,8,6,34,8.5,4.3,0,0,0,34,0,NA,0,0,83.0%,NA,NA,NA,0,NA,3,8,0.375,3.0,32,20.5%,1.06,0,NA,NA,NA,NA,NA,0.063,NA,34,vs SF,18,·,7.8,5.6,1.0
8,8134,Khalil Shakir,WR,25.6,BUF,7.0,6,6,20.8,17.8,14.8,1,1,1,63,30,0,0.0%,0,0,0,0,0,0,0.00,0,0,0,0,0.00,0.00,6,-5,0,2,1,7,93,88,14.7,12.6,0,0,0,88,0,NA,0,0,48.0%,NA,NA,NA,0,NA,3,7,0.429,3.0,16,30.4%,5.50,0,NA,NA,NA,NA,NA,0.125,NA,88,@ CAR,30,·,10.9,9.9,1.0
8,6803,Brandon Aiyuk,WR,27.5,SF,999.0,999,999,0,0,0,1,0,0,0,0,0,0.0%,0,0,0,0,0,0,0.00,0,0,0,0,0.00,0.00,0,0,0,0,0,0,0,0,0.0,0.0,0,0,0,0,0,NA,0,0,0.0%,NA,NA,NA,0,NA,0,0,NA,NA,NA,NA,NA,0,NA,NA,NA,NA,NA,NA,NA,0,@ HOU,28,PUP,PUP,PUP,0.0
8,12498,Mason Taylor,TE,21.4,NYJ,7.0,7,8,14.4,11.9,9.4,1,1,1,72,55,0,0.0%,0,0,0,0,0,0,0.00,0,0,0,0,0.00,0.00,5,19,1,3,1,8,15,34,6.8,4.3,0,0,0,34,0,NA,0,0,76.0%,NA,NA,NA,0,NA,4,8,0.500,4.0,28,24.2%,1.21,0,NA,NA,NA,NA,NA,0.107,NA,34,@ CIN,1,·,9.1,5.3,1.0
8,10222,Jayden Reed,WR,25.4,GB,999.0,999,999,0,0,0,1,0,0,0,0,0,0.0%,0,0,0,0,0,0,0.00,0,0,0,0,0.00,0.00,0,0,0,0,0,0,0,0,0.0,0.0,0,0,0,0,0,NA,0,0,0.0%,NA,NA,NA,0,NA,0,0,NA,NA,NA,NA,NA,0,NA,NA,NA,NA,NA,NA,NA,0,@ PIT,6,IR,IR,IR,0.0
8,5844,T.J. Hockenson,TE,28.2,MIN,26.0,23,23,4.6,3.6,2.6,1,1,1,49,40,0,0.0%,0,0,0,0,0,0,0.00,0,0,0,0,0.00,0.00,2,3,0,2,0,3,23,26,13.0,8.7,0,0,0,26,0,NA,0,0,82.0%,NA,NA,NA,0,NA,2,3,0.667,2.0,25,9.7%,1.04,0,NA,NA,NA,NA,NA,0.080,NA,26,@ LAC,23,·,8.9,-4.3,0.0
8,6783,Jerry Jeudy,WR,26.4,CLE,999.0,999,999,0,0,0,1,1,1,54,45,0,0.0%,0,0,0,0,0,0,0.00,0,0,0,0,0.00,0.00,0,0,0,0,0,2,0,0,0.0,0.0,0,0,0,0,0,NA,0,0,83.0%,NA,NA,NA,0,NA,0,2,0.000,0.0,30,5.7%,0.00,0,NA,NA,NA,NA,NA,0.000,NA,0,@ NE,11,·,10.2,-10.2,0.0
8,8126,Wan'Dale Robinson,WR,24.7,NYG,50.0,50,46,7.8,6.3,4.8,1,1,1,52,51,0,0.0%,0,0,0,0,0,0,0.00,0,0,0,0,0.00,0.00,3,28,0,1,0,4,20,48,16.0,12.0,0,0,0,48,0,NA,0,0,98.0%,NA,NA,NA,0,NA,1,4,0.250,1.0,28,16.7%,1.71,0,NA,NA,NA,NA,NA,0.036,NA,48,@ PHI,12,·,12.5,-4.7,0.0
8,8121,Romeo Doubs,WR,25.5,GB,40.0,39,38,9.4,7.9,6.4,1,1,1,64,51,0,0.0%,0,0,0,0,0,0,0.00,0,0,0,0,0.00,0.00,3,32,1,3,0,6,12,44,14.7,7.3,0,0,0,44,0,NA,0,0,80.0%,NA,NA,NA,0,NA,3,6,0.500,3.0,32,16.2%,1.38,0,NA,NA,NA,NA,NA,0.094,NA,44,@ PIT,6,·,11.1,-1.7,0.0
8,5947,Jakobi Meyers,WR,28.9,LV,0.0,0,0,0,0,0,0,0,0,0,0,0,0.0%,0,0,0,0,0,0,0.00,0,0,0,0,0.00,0.00,0,0,0,0,0,0,0,0,0.0,0.0,0,0,0,0,0,NA,0,0,0.0%,NA,NA,NA,0,NA,0,0,NA,NA,NA,NA,NA,0,NA,NA,NA,NA,NA,NA,NA,0,BYE,BYE,BYE,BYE,BYE,0.0
8,12504,Kaleb Johnson,RB,22.1,PIT,999.0,999,999,0,0,0,1,0,0,63,0,0,0.0%,0,0,0,0,0,0,0.00,0,0,0,0,0.00,0.00,0,0,0,0,0,0,0,0,0.0,0.0,0,0,0,0,0,NA,0,0,0.0%,NA,NA,NA,0,NA,0,0,NA,NA,NA,NA,NA,0,NA,NA,NA,NA,NA,NA,NA,0,vs GB,29,·,0.7,-0.7,0.0
8,12497,Tory Horton,WR,22.8,SEA,0.0,0,0,0,0,0,0,0,0,0,0,0,0.0%,0,0,0,0,0,0,0.00,0,0,0,0,0.00,0.00,0,0,0,0,0,0,0,0,0.0,0.0,0,0,0,0,0,NA,0,0,0.0%,NA,NA,NA,0,NA,0,0,NA,NA,NA,NA,NA,0,NA,NA,NA,NA,NA,NA,NA,0,BYE,BYE,BYE,BYE,BYE,0.0
8,11627,Troy Franklin,WR,22.6,DEN,1.0,1,1,26.9,23.9,20.9,1,1,0,63,40,0,0.0%,0,0,0,0,0,0,0.00,0,0,0,0,0.00,0.00,6,52,0,3,2,8,37,89,14.8,11.1,0,0,0,89,0,NA,0,0,63.0%,NA,NA,NA,0,NA,5,8,0.625,5.0,25,27.6%,3.56,0,NA,NA,NA,NA,NA,0.120,NA,89,vs DAL,1,·,8.1,18.8,2.0
8,8676,Rashid Shaheed,WR,27.1,NO,19.0,32,42,14.5,10,5.5,1,1,1,72,56,1,0.0%,0,0,0,0,0,0,0.00,0,0,0,0,0.00,0.00,9,46,0,4,0,12,29,75,8.3,6.3,0,0,0,75,0,NA,0,0,78.0%,NA,NA,NA,0,NA,4,12,0.333,4.0,43,23.5%,1.74,0,NA,NA,NA,NA,NA,0.093,NA,75,vs TB,21,·,11.8,2.7,0.0
8,4037,Chris Godwin,WR,29.6,TB,0.0,0,0,0,0,0,0,0,0,0,0,0,0.0%,0,0,0,0,0,0,0.00,0,0,0,0,0.00,0.00,0,0,0,0,0,0,0,0,0.0,0.0,0,0,0,0,0,NA,0,0,0.0%,NA,NA,NA,0,NA,0,0,NA,NA,NA,NA,NA,0,NA,NA,NA,NA,NA,NA,NA,0,@ NO,16,OUT,OUT,OUT,0.0
8,12495,Ollie Gordon,RB,21.7,MIA,18.0,16,16,13.6,13.1,12.6,1,1,0,69,21,0,0.0%,0,0,0,0,0,0,0.00,46,0,0,0,0.00,0.00,1,-2,0,0,1,1,22,20,20.0,20.0,10,1,6,66,0,32,46,4.6,30.0%,1,3.20,0.100,6,0.420,7,11,0.636,7.0,NA,3.7%,NA,0,NA,NA,NA,NA,NA,NA,NA,66,@ ATL,18,·,5.1,8.5,1.0
8,5967,Tony Pollard,RB,28.4,TEN,34.0,32,35,6.3,5.8,5.3,1,1,1,71,33,0,0.0%,0,0,0,0,0,0,0.00,44,0,0,0,0.00,0.00,1,2,0,1,0,2,7,9,9.0,4.5,11,1,3,53,0,35,44,4,46.0%,5,3.20,0.455,3,0.775,4,13,0.308,4.0,NA,5.3%,NA,0,NA,NA,NA,NA,NA,NA,NA,53,@ IND,28,·,9.8,-3.5,0.0
8,12535,Isaac TeSlaa,WR,23.6,DET,0.0,0,0,0,0,0,0,0,0,0,0,0,0.0%,0,0,0,0,0,0,0.00,0,0,0,0,0.00,0.00,0,0,0,0,0,0,0,0,0.0,0.0,0,0,0,0,0,NA,0,0,0.0%,NA,NA,NA,0,NA,0,0,NA,NA,NA,NA,NA,0,NA,NA,NA,NA,NA,NA,NA,0,BYE,BYE,BYE,BYE,BYE,0.0
8,9504,Kayshon Boutte,WR,23.4,NE,13.0,10,7,16.5,15,13.5,1,1,0,68,50,0,0.0%,0,0,0,0,0,0,0.00,0,0,0,0,0.00,0.00,3,74,1,1,1,5,1,75,25.0,15.0,0,0,0,75,0,NA,0,0,74.0%,NA,NA,NA,0,NA,2,5,0.400,2.0,28,20.8%,2.68,0,NA,NA,NA,NA,NA,0.036,NA,75,vs CLE,19,·,8.4,8.1,1.0
8,6768,Tua Tagovailoa,QB,27.6,MIA,8.0,8,8,24.2,24.2,24.2,1,1,1,69,62,0,76.9%,60,26,20,6,6,0,138.60,205,1,4,205,7.88,10.25,0,0,0,0,0,0,0,0,0.0,0.0,0,0,0,0,0,NA,0,0,90.0%,NA,NA,NA,0,NA,10,26,NA,NA,NA,NA,NA,10,38.5%,2.37,0.0%,29.6%,3.7,NA,27,205,@ ATL,31,·,18.4,5.8,4.0
8,9480,Brenton Strange,TE,24.8,JAX,0.0,0,0,0,0,0,0,0,0,0,0,0,0.0%,0,0,0,0,0,0,0.00,0,0,0,0,0.00,0.00,0,0,0,0,0,0,0,0,0.0,0.0,0,0,0,0,0,NA,0,0,0.0%,NA,NA,NA,0,NA,0,0,NA,NA,NA,NA,NA,0,NA,NA,NA,NA,NA,NA,NA,0,BYE,BYE,BYE,BYE,BYE,0.0
8,4033,David Njoku,TE,29.2,CLE,9.0,8,7,13.7,11.7,9.7,1,1,1,54,32,0,0.0%,0,0,0,0,0,0,0.00,0,0,0,0,0.00,0.00,4,22,0,1,1,5,15,37,9.3,7.4,0,0,0,37,0,NA,0,0,59.0%,NA,NA,NA,0,NA,2,5,0.400,2.0,21,14.3%,1.76,0,NA,NA,NA,NA,NA,0.048,NA,37,@ NE,15,·,8.2,5.5,1.0
8,8131,Isaiah Likely,TE,25.4,BAL,38.0,39,42,2.8,1.8,0.8,1,1,0,62,36,0,0.0%,0,0,0,0,0,0,0.00,0,0,0,0,0.00,0.00,2,3,0,0,0,2,5,8,4.0,4.0,0,0,0,8,0,NA,0,0,58.0%,NA,NA,NA,0,NA,0,2,0.000,0.0,14,9.1%,0.57,0,NA,NA,NA,NA,NA,0.000,NA,8,vs CHI,16,·,4.0,-1.2,0.0
8,10213,Tre Tucker,WR,24.6,LV,0.0,0,0,0,0,0,0,0,0,0,0,0,0.0%,0,0,0,0,0,0,0.00,0,0,0,0,0.00,0.00,0,0,0,0,0,0,0,0,0.0,0.0,0,0,0,0,0,NA,0,0,0.0%,NA,NA,NA,0,NA,0,0,NA,NA,NA,NA,NA,0,NA,NA,NA,NA,NA,NA,NA,0,BYE,BYE,BYE,BYE,BYE,0.0
8,1479,Keenan Allen,WR,33.4,LAC,48.0,48,49,8.4,6.4,4.4,1,1,0,73,18,0,0.0%,0,0,0,0,0,0,0.00,0,0,0,0,0.00,0.00,4,35,0,4,0,5,9,44,11.0,8.8,0,0,0,44,0,NA,0,0,25.0%,NA,NA,NA,0,NA,4,5,0.800,4.0,14,20.0%,3.14,0,NA,NA,NA,NA,NA,0.286,NA,44,vs MIN,14,·,12.9,-4.5,0.0
8,7049,Jauan Jennings,WR,28.2,SF,47.0,47,48,8.5,6.5,4.5,1,1,1,48,41,0,0.0%,0,0,0,0,0,0,0.00,0,0,0,0,0.00,0.00,4,40,1,1,0,7,5,45,11.3,6.4,0,0,0,45,0,NA,0,0,85.0%,NA,NA,NA,0,NA,1,7,0.143,1.0,27,21.9%,1.67,0,NA,NA,NA,NA,NA,0.037,NA,45,@ HOU,28,·,11.0,-2.5,0.0
8,5022,Dallas Goedert,TE,30.7,PHI,5.0,3,3,17.8,16.3,14.8,1,1,1,57,37,0,0.0%,0,0,0,0,0,0,0.00,0,0,0,0,0.00,0.00,3,11,0,0,2,3,17,28,9.3,9.3,0,0,0,28,0,NA,0,0,63.0%,NA,NA,NA,0,NA,2,3,0.667,2.0,17,15.0%,1.65,0,NA,NA,NA,NA,NA,0.000,NA,28,vs NYG,24,·,11.0,6.8,2.0
8,8132,Tyler Allgeier,RB,25.4,ATL,27.0,26,25,9.4,8.4,7.4,1,1,0,50,20,0,0.0%,0,0,0,0,0,0,0.00,4,0,0,0,0.00,0.00,2,5,0,1,0,2,5,10,5.0,5.0,4,0,0,14,1,6,4,1,40.0%,0,1.60,0.000,1,0.160,2,6,0.333,2.0,NA,6.5%,NA,0,NA,NA,NA,NA,NA,NA,NA,14,vs MIA,3,·,7.9,1.5,1.0
8,8136,Rachaad White,RB,26.7,TB,30.0,30,30,8.1,7.1,6.1,1,1,1,58,32,0,0.0%,0,0,0,0,0,0,0.00,35,0,0,0,0.00,0.00,2,-4,0,2,0,2,30,26,13.0,13.0,13,0,2,61,0,33,35,2.69,55.0%,5,2.50,0.385,2,0.635,4,15,0.267,4.0,NA,8.3%,NA,0,NA,NA,NA,NA,NA,NA,NA,61,@ NO,12,·,19.4,-11.3,0.0
8,2449,Stefon Diggs,WR,31.8,NE,37.0,35,32,10.4,8.9,7.4,1,1,1,68,35,0,0.0%,0,0,0,0,0,0,0.00,0,0,0,0,0.00,0.00,3,10,0,0,1,5,4,14,4.7,2.8,0,0,0,14,0,NA,0,0,51.0%,NA,NA,NA,0,NA,1,5,0.200,1.0,19,20.8%,0.74,0,NA,NA,NA,NA,NA,0.000,NA,14,vs CLE,19,·,12.9,-2.5,1.0
8,11576,Braelon Allen,RB,21.7,NYJ,999.0,999,999,0,0,0,1,0,0,0,0,0,0.0%,0,0,0,0,0,0,0.00,0,0,0,0,0.00,0.00,0,0,0,0,0,0,0,0,0.0,0.0,0,0,0,0,0,NA,0,0,0.0%,NA,NA,NA,0,NA,0,0,NA,NA,NA,NA,NA,0,NA,NA,NA,NA,NA,NA,NA,0,@ CIN,1,IR,IR,IR,0.0
8,9508,Tyjae Spears,RB,24.3,TEN,12.0,13,13,17.2,15.7,14.2,1,1,0,71,37,0,0.0%,0,0,0,0,0,0,0.00,59,0,0,0,0.00,0.00,3,5,0,1,0,3,18,23,7.7,7.7,9,0,1,82,1,25,59,6.56,52.0%,2,2.80,0.222,2,0.502,3,12,0.250,3.0,NA,7.9%,NA,0,NA,NA,NA,NA,NA,NA,NA,82,@ IND,28,·,8.3,8.9,1.0
8,9494,Marvin Mims,WR,23.5,DEN,81.0,78,70,1.8,1.8,1.8,1,1,0,63,19,0,0.0%,0,0,0,0,0,0,0.00,18,0,0,0,0.00,0.00,0,0,1,0,0,1,0,0,0.0,0.0,3,0,1,18,0,NA,18,6,30.0%,NA,NA,NA,1,NA,1,4,0.250,1.0,10,3.4%,0.00,0,NA,NA,NA,NA,NA,0.000,NA,18,vs DAL,1,·,8.6,-6.8,0.0
8,9757,Kendre Miller,RB,23.3,NO,999.0,999,999,0,0,0,1,0,0,0,0,0,0.0%,0,0,0,0,0,0,0.00,0,0,0,0,0.00,0.00,0,0,0,0,0,0,0,0,0.0,0.0,0,0,0,0,0,NA,0,0,0.0%,NA,NA,NA,0,NA,0,0,NA,NA,NA,NA,NA,0,NA,NA,NA,NA,NA,NA,NA,0,vs TB,7,IR,IR,IR,0.0
8,12509,Tre Harris,WR,23.6,LAC,44.0,40,36,8.8,7.8,6.8,1,1,1,73,43,0,0.0%,0,0,0,0,0,0,0.00,0,0,0,0,0.00,0.00,2,8,0,0,1,2,0,8,4.0,4.0,0,0,0,8,0,NA,0,0,59.0%,NA,NA,NA,0,NA,1,2,0.500,1.0,7,8.0%,1.14,0,NA,NA,NA,NA,NA,0.000,NA,8,vs MIN,14,·,1.8,7.0,1.0
8,12521,Elijah Arroyo,TE,22.5,SEA,0.0,0,0,0,0,0,0,0,0,0,0,0,0.0%,0,0,0,0,0,0,0.00,0,0,0,0,0.00,0.00,0,0,0,0,0,0,0,0,0.0,0.0,0,0,0,0,0,NA,0,0,0.0%,NA,NA,NA,0,NA,0,0,NA,NA,NA,NA,NA,0,NA,NA,NA,NA,NA,NA,NA,0,BYE,BYE,BYE,BYE,BYE,0.0
8,12469,Dylan Sampson,RB,21.0,CLE,31.0,38,42,7.9,5.4,2.9,1,1,0,54,25,0,0.0%,0,0,0,0,0,0,0.00,0,0,0,0,0.00,0.00,5,6,0,1,0,6,23,29,5.8,4.8,3,0,1,29,0,5,0,0,46.0%,3,1.50,1.000,1,1.150,2,9,0.222,2.0,NA,17.1%,NA,0,NA,NA,NA,NA,NA,NA,NA,29,@ NE,27,·,3.5,4.4,0.0
8,11562,Spencer Rattler,QB,25.0,NO,27.0,27,27,3.64,3.64,3.64,1,1,1,72,33,1,71.4%,78,21,15,6,6,1,68.80,148,3,0,136,6.48,9.07,0,0,0,0,0,0,0,0,0.0,0.0,3,0,1,12,0,NA,12,4,46.0%,NA,NA,NA,1,NA,7,24,NA,NA,NA,NA,NA,6,28.6%,2.91,23.8%,42.3%,9.0,NA,26,148,vs TB,14,·,16.5,-12.9,0.0
8,11586,Blake Corum,RB,24.8,LAR,0.0,0,0,0,0,0,0,0,0,0,0,0,0.0%,0,0,0,0,0,0,0.00,0,0,0,0,0.00,0.00,0,0,0,0,0,0,0,0,0.0,0.0,0,0,0,0,0,NA,0,0,0.0%,NA,NA,NA,0,NA,0,0,NA,NA,NA,NA,NA,0,NA,NA,NA,NA,NA,NA,NA,0,BYE,BYE,BYE,BYE,BYE,0.0
8,11618,Jalen McMillan,WR,23.8,TB,999.0,999,999,0,0,0,1,0,0,0,0,0,0.0%,0,0,0,0,0,0,0.00,0,0,0,0,0.00,0.00,0,0,0,0,0,0,0,0,0.0,0.0,0,0,0,0,0,NA,0,0,0.0%,NA,NA,NA,0,NA,0,0,NA,NA,NA,NA,NA,0,NA,NA,NA,NA,NA,NA,NA,0,@ NO,16,IR,IR,IR,0.0
8,7611,Rhamondre Stevenson,RB,27.6,NE,35.0,36,36,5.9,5.4,4.9,1,1,1,68,50,0,0.0%,0,0,0,0,0,0,0.00,34,0,0,0,0.00,0.00,1,12,0,1,0,2,3,15,15.0,7.5,14,1,0,49,0,43,34,2.43,74.0%,3,3.10,0.214,0,0.524,1,16,0.063,1.0,NA,8.3%,NA,0,NA,NA,NA,NA,NA,NA,NA,49,vs CLE,31,·,13.1,-7.2,0.0
8,12510,Jalen Milroe,QB,22.8,SEA,0.0,0,0,0,0,0,0,0,0,0,0,0,0.0%,0,0,0,0,0,0,0.00,0,0,0,0,0.00,0.00,0,0,0,0,0,0,0,0,0.0,0.0,0,0,0,0,0,NA,0,0,0.0%,NA,NA,NA,0,NA,0,0,NA,NA,NA,NA,NA,0,NA,NA,NA,NA,NA,NA,NA,0,BYE,BYE,BYE,BYE,BYE,0.0
8,8205,Isiah Pacheco,RB,26.6,KC,37.0,33,31,5.8,5.8,5.8,1,1,1,69,40,0,0.0%,0,0,0,0,0,0,0.00,58,0,0,0,0.00,0.00,0,0,0,0,0,0,0,0,0.0,0.0,12,0,3,58,0,25,58,4.83,58.0%,1,2.10,0.083,3,0.293,3,12,0.250,3.0,NA,0.0%,NA,0,NA,NA,NA,NA,NA,NA,NA,58,vs WAS,15,·,9.1,-3.3,0.0
8,10444,Cedric Tillman,WR,25.4,CLE,999.0,999,999,0,0,0,1,0,0,0,0,0,0.0%,0,0,0,0,0,0,0.00,0,0,0,0,0.00,0.00,0,0,0,0,0,0,0,0,0.0,0.0,0,0,0,0,0,NA,0,0,0.0%,NA,NA,NA,0,NA,0,0,NA,NA,NA,NA,NA,0,NA,NA,NA,NA,NA,NA,NA,0,@ NE,11,IR,IR,IR,0.0
8,11646,Jalen Coker,WR,23.9,CAR,54.0,54,53,6.6,5.1,3.6,1,1,0,61,40,0,0.0%,0,0,0,0,0,0,0.00,0,0,0,0,0.00,0.00,3,28,0,3,0,4,8,36,12.0,9.0,0,0,0,36,0,NA,0,0,66.0%,NA,NA,NA,0,NA,3,4,0.750,3.0,24,16.7%,1.50,0,NA,NA,NA,NA,NA,0.125,NA,36,vs BUF,24,·,3.9,2.7,0.0
8,12536,Jaylin Noel,WR,23.1,HOU,34.0,36,39,11.3,8.8,6.3,1,1,0,80,31,0,0.0%,0,0,0,0,0,0,0.00,0,0,0,0,0.00,0.00,5,53,0,4,0,6,10,63,12.6,10.5,0,0,0,63,0,NA,0,0,39.0%,NA,NA,NA,0,NA,4,6,0.667,4.0,16,15.4%,3.94,0,NA,NA,NA,NA,NA,0.250,NA,63,vs SF,18,·,8.1,3.2,0.0
8,12541,Dont'e Thornton,WR,22.8,LV,0.0,0,0,0,0,0,0,0,0,0,0,0,0.0%,0,0,0,0,0,0,0.00,0,0,0,0,0.00,0.00,0,0,0,0,0,0,0,0,0.0,0.0,0,0,0,0,0,NA,0,0,0.0%,NA,NA,NA,0,NA,0,0,NA,NA,NA,NA,NA,0,NA,NA,NA,NA,NA,NA,NA,0,BYE,BYE,BYE,BYE,BYE,0.0
8,3214,Hunter Henry,TE,30.8,NE,16.0,15,11,7.7,7.2,6.7,1,1,1,68,52,0,0.0%,0,0,0,0,0,0,0.00,0,0,0,0,0.00,0.00,1,1,0,0,1,1,6,7,7.0,7.0,0,0,0,7,0,NA,0,0,76.0%,NA,NA,NA,0,NA,1,1,1.000,1.0,24,4.2%,0.29,0,NA,NA,NA,NA,NA,0.000,NA,7,vs CLE,20,·,9.7,-2.0,1.0
8,12534,Kyle Monangai,RB,23.3,CHI,52.0,51,48,2.4,2.4,2.4,1,1,0,63,29,0,0.0%,0,0,0,0,0,0,0.00,24,0,0,0,0.00,0.00,0,0,0,0,0,0,0,0,0.0,0.0,7,0,1,24,0,27,24,3.43,46.0%,0,3.90,0.000,1,0.390,1,7,0.143,1.0,NA,0.0%,NA,0,NA,NA,NA,NA,NA,NA,NA,24,@ BAL,2,·,5.3,-2.9,0.0
8,12486,Dillon Gabriel,QB,24.8,CLE,18.0,18,18,13.54,13.54,13.54,1,1,1,54,54,0,60.0%,68,35,21,5,14,2,65.90,169,1,2,156,4.46,7.43,0,0,0,0,0,0,0,0,0.0,0.0,1,0,1,13,0,NA,13,13,100.0%,NA,NA,NA,1,NA,8,36,NA,NA,NA,NA,NA,7,20.0%,3.10,5.7%,45.9%,6.7,NA,37,169,@ NE,23,·,15.2,-1.7,2.0
8,7090,Darnell Mooney,WR,27.9,ATL,79.0,80,79,2.1,1.6,1.1,1,1,1,50,45,0,0.0%,0,0,0,0,0,0,0.00,0,0,0,0,0.00,0.00,1,11,0,1,0,4,0,11,11.0,2.8,0,0,0,11,0,NA,0,0,90.0%,NA,NA,NA,0,NA,1,4,0.250,1.0,30,12.9%,0.37,0,NA,NA,NA,NA,NA,0.033,NA,11,vs MIA,27,·,10.9,-8.8,0.0
8,5012,Mark Andrews,TE,30.1,BAL,21.0,21,22,6.4,4.9,3.4,1,1,1,62,37,1,0.0%,0,0,0,0,0,0,0.00,0,0,0,0,0.00,0.00,3,27,0,1,0,3,7,34,11.3,11.3,0,0,0,34,0,NA,0,0,60.0%,NA,NA,NA,0,NA,1,3,0.333,1.0,13,13.6%,2.62,0,NA,NA,NA,NA,NA,0.077,NA,34,vs CHI,16,·,9.3,-2.9,0.0
8,12483,Jack Bech,WR,22.8,LV,0.0,0,0,0,0,0,0,0,0,0,0,0,0.0%,0,0,0,0,0,0,0.00,0,0,0,0,0.00,0.00,0,0,0,0,0,0,0,0,0.0,0.0,0,0,0,0,0,NA,0,0,0.0%,NA,NA,NA,0,NA,0,0,NA,NA,NA,NA,NA,0,NA,NA,NA,NA,NA,NA,NA,0,BYE,BYE,BYE,BYE,BYE,0.0
8,7571,Rashod Bateman,WR,25.8,BAL,52.0,51,45,7.1,6.1,5.1,1,1,1,62,49,0,0.0%,0,0,0,0,0,0,0.00,0,0,0,0,0.00,0.00,2,44,0,1,0,4,7,51,25.5,12.8,0,0,0,51,0,NA,0,0,79.0%,NA,NA,NA,0,NA,1,4,0.250,1.0,18,18.2%,2.83,0,NA,NA,NA,NA,NA,0.056,NA,51,vs CHI,9,·,8.0,-0.9,0.0
8,11655,Tyrone Tracy,RB,25.8,NYG,32.0,31,34,7.3,6.3,5.3,1,1,0,52,33,0,0.0%,0,0,0,0,0,0,0.00,39,0,0,0,0.00,0.00,2,-5,0,1,0,3,19,14,7.0,4.7,10,0,2,53,0,37,39,3.9,63.0%,7,3.70,0.700,2,1.070,3,13,0.231,3.0,NA,12.5%,NA,0,NA,NA,NA,NA,NA,NA,NA,53,@ PHI,9,·,4.7,2.6,0.0
8,7002,Juwan Johnson,TE,29.0,NO,11.0,11,16,10.3,7.8,5.3,1,1,0,72,55,0,0.0%,0,0,0,0,0,0,0.00,0,0,0,0,0.00,0.00,5,44,1,4,0,8,9,53,10.6,6.6,0,0,0,53,0,NA,0,0,76.0%,NA,NA,NA,0,NA,4,8,0.500,4.0,42,15.7%,1.26,0,NA,NA,NA,NA,NA,0.095,NA,53,vs TB,18,·,8.7,1.6,0.0
8,12457,Jaydon Blue,RB,21.7,DAL,49.0,47,41,2.9,2.9,2.9,1,1,0,74,14,1,0.0%,0,0,0,0,0,0,0.00,29,0,0,0,0.00,0.00,0,0,0,0,0,0,0,0,0.0,0.0,8,1,1,29,0,21,29,3.63,19.0%,1,2.60,0.125,1,0.385,1,8,0.125,1.0,NA,0.0%,NA,0,NA,NA,NA,NA,NA,NA,NA,29,@ DEN,23,·,3.5,-0.6,0.0
8,1466,Travis Kelce,TE,36.0,KC,2.0,2,2,21.9,18.9,15.9,1,1,1,69,58,0,0.0%,0,0,0,0,0,0,0.00,0,0,0,0,0.00,0.00,6,46,1,4,1,8,53,99,16.5,12.4,0,0,0,99,0,NA,0,0,84.0%,NA,NA,NA,0,NA,5,8,0.625,5.0,30,23.5%,3.30,0,NA,NA,NA,NA,NA,0.133,NA,99,vs WAS,14,·,10.5,11.4,1.0
8,4199,Aaron Jones,RB,30.8,MIN,40.0,41,40,5,4,3,1,1,1,49,26,0,0.0%,0,0,0,0,0,0,0.00,15,0,0,0,0.00,0.00,2,-12,0,1,0,4,27,15,7.5,3.8,5,0,0,30,0,15,15,3,53.0%,0,3.00,0.000,0,0.300,1,9,0.111,1.0,NA,12.9%,NA,0,NA,NA,NA,NA,NA,NA,NA,30,@ LAC,8,·,8.8,-3.8,0.0
8,8167,Christian Watson,WR,26.4,GB,29.0,30,26,12.5,10.5,8.5,1,1,1,64,36,0,0.0%,0,0,0,0,0,0,0.00,0,0,0,0,0.00,0.00,4,73,0,3,0,4,12,85,21.3,21.3,0,0,0,85,0,NA,0,0,56.0%,NA,NA,NA,0,NA,3,4,0.750,3.0,23,10.8%,3.70,0,NA,NA,NA,NA,NA,0.130,NA,85,@ PIT,6,Q,2.8,9.7,0.0
8,4981,Calvin Ridley,WR,30.8,TEN,0.0,0,0,0,0,0,0,0,0,0,0,0,0.0%,0,0,0,0,0,0,0.00,0,0,0,0,0.00,0.00,0,0,0,0,0,0,0,0,0.0,0.0,0,0,0,0,0,NA,0,0,0.0%,NA,NA,NA,0,NA,0,0,NA,NA,NA,NA,NA,0,NA,NA,NA,NA,NA,NA,NA,0,@ IND,2,OUT,OUT,OUT,0.0
8,11597,Theo Johnson,TE,24.6,NYG,24.0,26,32,5,3.5,2,1,1,1,52,51,0,0.0%,0,0,0,0,0,0,0.00,0,0,0,0,0.00,0.00,3,18,0,2,0,4,2,20,6.7,5.0,0,0,0,20,0,NA,0,0,98.0%,NA,NA,NA,0,NA,2,4,0.500,2.0,27,16.7%,0.74,0,NA,NA,NA,NA,NA,0.074,NA,20,@ PHI,29,·,8.2,-3.2,0.0
8,12487,Terrance Ferguson,TE,22.6,LAR,0.0,0,0,0,0,0,0,0,0,0,0,0,0.0%,0,0,0,0,0,0,0.00,0,0,0,0,0.00,0.00,0,0,0,0,0,0,0,0,0.0,0.0,0,0,0,0,0,NA,0,0,0.0%,NA,NA,NA,0,NA,0,0,NA,NA,NA,NA,NA,0,NA,NA,NA,NA,NA,NA,NA,0,BYE,BYE,BYE,BYE,BYE,0.0
8,12493,Oronde Gadsden,TE,22.3,LAC,3.0,4,4,18.7,16.2,13.7,1,1,0,73,56,0,0.0%,0,0,0,0,0,0,0.00,0,0,0,0,0.00,0.00,5,50,0,2,1,5,27,77,15.4,15.4,0,0,0,77,0,NA,0,0,77.0%,NA,NA,NA,0,NA,3,5,0.600,3.0,23,20.0%,3.35,0,NA,NA,NA,NA,NA,0.087,NA,77,vs MIN,7,·,10.0,8.7,1.0
8,12503,Isaiah Bond,WR,21.5,CLE,999.0,999,999,0,0,0,1,1,1,54,29,0,0.0%,0,0,0,0,0,0,0.00,0,0,0,0,0.00,0.00,0,0,1,0,0,4,0,0,0.0,0.0,0,0,0,0,0,NA,0,0,54.0%,NA,NA,NA,0,NA,0,4,0.000,0.0,18,11.4%,0.00,0,NA,NA,NA,NA,NA,0.000,NA,0,@ NE,11,·,5.7,-5.7,0.0
8,12471,DJ Giddens,RB,22.1,IND,0.0,0,0,0,0,0,0,0,0,0,0,0,0.0%,0,0,0,0,0,0,0.00,0,0,0,0,0.00,0.00,0,0,0,0,0,0,0,0,0.0,0.0,0,0,0,0,0,NA,0,0,0.0%,NA,NA,NA,0,NA,0,0,NA,NA,NA,NA,NA,0,NA,NA,NA,NA,NA,NA,NA,0,vs TEN,4,OUT,OUT,OUT,0.0
8,12547,Kyle Williams,WR,22.9,NE,999.0,999,999,0,0,0,1,1,0,68,15,0,0.0%,0,0,0,0,0,0,0.00,0,0,0,0,0.00,0.00,0,0,0,0,0,0,0,0,0.0,0.0,0,0,0,0,0,NA,0,0,22.0%,NA,NA,NA,0,NA,0,0,NA,0.0,2,0.0%,0.00,0,NA,NA,NA,NA,NA,0.000,NA,0,vs CLE,19,·,1.8,-1.8,0.0
8,11600,Ja'Tavion Sanders,TE,22.5,CAR,25.0,27,33,4.9,3.4,1.9,1,1,0,61,33,0,0.0%,0,0,0,0,0,0,0.00,0,0,0,0,0.00,0.00,3,2,0,0,0,3,17,19,6.3,6.3,0,0,0,19,0,NA,0,0,54.0%,NA,NA,NA,0,NA,0,3,0.000,0.0,17,12.5%,1.12,0,NA,NA,NA,NA,NA,0.000,NA,19,vs BUF,31,·,5.8,-0.9,0.0
8,5848,Marquise Brown,WR,28.3,KC,999.0,999,999,0,0,0,1,1,0,69,26,0,0.0%,0,0,0,0,0,0,0.00,0,0,0,0,0.00,0.00,0,0,0,0,0,1,0,0,0.0,0.0,0,0,0,0,0,NA,0,0,38.0%,NA,NA,NA,0,NA,0,1,0.000,0.0,NA,NA,NA,0,NA,NA,NA,NA,NA,NA,NA,0,vs WAS,10,·,6.3,-6.3,0.0
8,1373,Geno Smith,QB,35.0,LV,0.0,0,0,0,0,0,0,0,0,0,0,0,0.0%,0,0,0,0,0,0,0.00,0,0,0,0,0.00,0.00,0,0,0,0,0,0,0,0,0.0,0.0,0,0,0,0,0,NA,0,0,0.0%,NA,NA,NA,0,NA,0,0,NA,NA,NA,NA,NA,0,NA,NA,NA,NA,NA,NA,NA,0,BYE,BYE,BYE,BYE,BYE,0.0
8,8154,Brian Robinson,RB,26.5,SF,999.0,999,999,0,0,0,1,1,0,48,2,0,0.0%,0,0,0,0,0,0,0.00,0,0,0,0,0.00,0.00,0,0,0,0,0,0,0,0,0.0,0.0,0,0,0,0,0,NA,0,0,4.0%,NA,NA,NA,0,NA,0,0,NA,0.0,NA,NA,NA,0,NA,NA,NA,NA,NA,NA,NA,0,@ HOU,19,·,3.6,-3.6,0.0
8,8188,Tyquan Thornton,WR,25.1,KC,999.0,999,999,0,0,0,1,1,0,69,5,0,0.0%,0,0,0,0,0,0,0.00,0,0,0,0,0.00,0.00,0,0,0,0,0,0,0,0,0.0,0.0,0,0,0,0,0,NA,0,0,7.0%,NA,NA,NA,0,NA,0,0,NA,0.0,NA,NA,NA,0,NA,NA,NA,NA,NA,NA,NA,0,vs WAS,10,·,2.3,-2.3,0.0
8,8111,Cade Otton,TE,26.4,TB,15.0,17,18,8,6,4,1,1,1,58,56,0,0.0%,0,0,0,0,0,0,0.00,0,0,0,0,0.00,0.00,4,15,0,2,0,5,25,40,10.0,8.0,0,0,0,40,0,NA,0,0,97.0%,NA,NA,NA,0,NA,2,5,0.400,2.0,20,20.8%,2.00,0,NA,NA,NA,NA,NA,0.100,NA,40,@ NO,17,·,8.9,-0.9,0.0
8,12455,Brashard Smith,RB,22.5,KC,62.0,61,60,0.8,0.8,0.8,1,1,0,69,9,1,0.0%,0,0,0,0,0,0,0.00,8,0,0,0,0.00,0.00,0,0,0,0,0,0,0,0,0.0,0.0,3,0,0,8,0,-5,8,2.67,13.0%,0,-1.80,0.000,0,-0.180,0,3,0.000,0.0,NA,0.0%,NA,0,NA,NA,NA,NA,NA,NA,NA,8,vs WAS,15,·,4.6,-3.8,0.0
8,9502,Tank Dell,WR,25.9,HOU,999.0,999,999,0,0,0,1,0,0,0,0,0,0.0%,0,0,0,0,0,0,0.00,0,0,0,0,0.00,0.00,0,0,0,0,0,0,0,0,0.0,0.0,0,0,0,0,0,NA,0,0,0.0%,NA,NA,NA,0,NA,0,0,NA,NA,NA,NA,NA,0,NA,NA,NA,NA,NA,NA,NA,0,vs SF,18,PUP,PUP,PUP,0.0
8,7527,Mac Jones,QB,27.1,SF,14.0,14,14,19.02,19.02,19.02,1,1,1,48,48,0,59.4%,129,32,19,8,13,1,84.50,216,2,2,193,6.03,10.16,0,0,0,0,0,0,0,0,0.0,0.0,2,0,1,23,0,NA,23,11.5,100.0%,NA,NA,NA,1,NA,11,34,NA,NA,NA,NA,NA,10,31.3%,2.75,15.6%,44.4%,10.7,NA,36,216,@ HOU,32,·,16.6,2.4,2.0
8,8142,Alec Pierce,WR,25.4,IND,43.0,38,34,8.9,7.9,6.9,1,1,1,53,43,0,0.0%,0,0,0,0,0,0,0.00,0,0,0,0,0.00,0.00,2,68,0,2,0,5,1,69,34.5,13.8,0,0,0,69,0,NA,0,0,81.0%,NA,NA,NA,0,NA,2,5,0.400,2.0,29,16.1%,2.38,0,NA,NA,NA,NA,NA,0.069,NA,69,vs TEN,13,·,7.6,1.3,0.0
8,11625,Adonai Mitchell,WR,23.0,IND,999.0,999,999,0,0,0,1,1,0,53,9,0,0.0%,0,0,0,0,0,0,0.00,0,0,0,0,0.00,0.00,0,0,0,0,0,1,0,0,0.0,0.0,0,0,0,0,0,NA,0,0,17.0%,NA,NA,NA,0,NA,0,1,0.000,0.0,4,3.2%,0.00,0,NA,NA,NA,NA,NA,0.000,NA,0,vs TEN,13,·,0.5,-0.5,0.0
8,9486,Dontayvion Wicks,WR,24.3,GB,0.0,0,0,0,0,0,0,0,0,0,0,0,0.0%,0,0,0,0,0,0,0.00,0,0,0,0,0.00,0.00,0,0,0,0,0,0,0,0,0.0,0.0,0,0,0,0,0,NA,0,0,0.0%,NA,NA,NA,0,NA,0,0,NA,NA,NA,NA,NA,0,NA,NA,NA,NA,NA,NA,NA,0,@ PIT,6,OUT,OUT,OUT,0.0
8,12492,Pat Bryant,WR,22.8,DEN,30.0,25,17,12,11,10,1,1,1,63,35,0,0.0%,0,0,0,0,0,0,0.00,0,0,0,0,0.00,0.00,2,38,0,1,1,4,2,40,20.0,10.0,0,0,0,40,0,NA,0,0,56.0%,NA,NA,NA,0,NA,2,4,0.500,2.0,16,13.8%,2.50,0,NA,NA,NA,NA,NA,0.063,NA,40,vs DAL,1,·,4.1,7.9,1.0
8,4066,Evan Engram,TE,31.1,DEN,17.0,18,21,7.6,5.6,3.6,1,1,0,63,27,0,0.0%,0,0,0,0,0,0,0.00,0,0,0,0,0.00,0.00,4,19,0,4,0,4,17,36,9.0,9.0,0,0,0,36,0,NA,0,0,43.0%,NA,NA,NA,0,NA,4,4,1.000,4.0,17,13.8%,2.12,0,NA,NA,NA,NA,NA,0.235,NA,36,vs DAL,12,·,8.6,-1.0,0.0
8,11603,AJ Barner,TE,23.4,SEA,0.0,0,0,0,0,0,0,0,0,0,0,0,0.0%,0,0,0,0,0,0,0.00,0,0,0,0,0.00,0.00,0,0,0,0,0,0,0,0,0.0,0.0,0,0,0,0,0,NA,0,0,0.0%,NA,NA,NA,0,NA,0,0,NA,NA,NA,NA,NA,0,NA,NA,NA,NA,NA,NA,NA,0,BYE,BYE,BYE,BYE,BYE,0.0
8,7567,Kenneth Gainwell,RB,26.5,PIT,47.0,49,54,3.5,2.5,1.5,1,1,0,63,24,1,0.0%,0,0,0,0,0,0,0.00,31,0,0,0,0.00,0.00,2,0,0,0,0,2,4,4,2.0,2.0,5,0,2,35,0,14,31,6.2,38.0%,0,2.70,0.000,2,0.270,2,7,0.286,2.0,NA,5.6%,NA,0,NA,NA,NA,NA,NA,NA,NA,35,vs GB,29,·,7.8,-4.3,0.0
8,96,Aaron Rodgers,QB,41.8,PIT,15.0,15,15,16.76,16.76,16.76,1,1,1,63,63,0,66.7%,131,36,24,8,12,0,101.50,219,3,2,219,6.08,9.13,0,0,0,0,0,0,0,0,0.0,0.0,0,0,0,0,0,NA,0,0,100.0%,NA,NA,NA,0,NA,10,36,NA,NA,NA,NA,NA,10,27.8%,2.84,13.9%,15.4%,6.8,NA,39,219,vs GB,17,·,17.3,-0.5,2.0
8,11626,Xavier Legette,WR,24.7,CAR,68.0,70,73,3.7,2.7,1.7,1,1,1,61,54,0,0.0%,0,0,0,0,0,0,0.00,0,0,0,0,0.00,0.00,2,16,1,1,0,3,1,17,8.5,5.7,0,0,0,17,0,NA,0,0,89.0%,NA,NA,NA,0,NA,1,3,0.333,1.0,29,12.5%,0.59,0,NA,NA,NA,NA,NA,0.034,NA,17,vs BUF,24,·,7.7,-4.0,0.0
8,4039,Cooper Kupp,WR,32.3,SEA,0.0,0,0,0,0,0,0,0,0,0,0,0,0.0%,0,0,0,0,0,0,0.00,0,0,0,0,0.00,0.00,0,0,0,0,0,0,0,0,0.0,0.0,0,0,0,0,0,NA,0,0,0.0%,NA,NA,NA,0,NA,0,0,NA,NA,NA,NA,NA,0,NA,NA,NA,NA,NA,NA,NA,0,BYE,BYE,BYE,BYE,BYE,0.0
8,11610,Malik Washington,WR,24.7,MIA,25.0,19,20,13.6,11.6,9.6,1,1,0,69,43,0,0.0%,0,0,0,0,0,0,0.00,0,0,0,0,0.00,0.00,4,16,0,1,1,5,20,36,9.0,7.2,0,0,0,36,0,NA,0,0,62.0%,NA,NA,NA,0,NA,2,5,0.400,2.0,18,18.5%,2.00,0,NA,NA,NA,NA,NA,0.056,NA,36,@ ATL,31,·,7.8,5.8,1.0
8,11583,Jonathon Brooks,RB,22.2,CAR,999.0,999,999,0,0,0,1,0,0,0,0,0,0.0%,0,0,0,0,0,0,0.00,0,0,0,0,0.00,0.00,0,0,0,0,0,0,0,0,0.0,0.0,0,0,0,0,0,NA,0,0,0.0%,NA,NA,NA,0,NA,0,0,NA,NA,NA,NA,NA,0,NA,NA,NA,NA,NA,NA,NA,0,vs BUF,5,PUP,PUP,PUP,0.0
8,8210,Chigoziem Okonkwo,TE,26.0,TEN,13.0,14,15,9.3,7.3,5.3,1,1,1,71,44,0,0.0%,0,0,0,0,0,0,0.00,0,0,0,0,0.00,0.00,4,37,0,2,0,5,16,53,13.3,10.6,0,0,0,53,0,NA,0,0,62.0%,NA,NA,NA,0,NA,2,5,0.400,2.0,22,13.2%,2.41,0,NA,NA,NA,NA,NA,0.091,NA,53,@ IND,4,·,7.3,2.0,0.0
8,12524,Shedeur Sanders,QB,23.6,CLE,0.0,0,0,0,0,0,0,0,0,0,0,0,0.0%,0,0,0,0,0,0,0.00,0,0,0,0,0.00,0.00,0,0,0,0,0,0,0,0,0.0,0.0,0,0,0,0,0,NA,0,0,0.0%,NA,NA,NA,0,NA,0,0,NA,NA,NA,NA,NA,0,NA,NA,NA,NA,NA,NA,NA,0,@ NE,23,OUT,OUT,OUT,0.0
8,8125,Calvin Austin III,WR,26.5,PIT,53.0,56,62,6.8,4.8,2.8,1,1,1,63,49,0,0.0%,0,0,0,0,0,0,0.00,0,0,0,0,0.00,0.00,4,19,1,1,0,6,9,28,7.0,4.7,0,0,0,28,0,NA,0,0,78.0%,NA,NA,NA,0,NA,1,6,0.167,1.0,32,16.7%,0.88,0,NA,NA,NA,NA,NA,0.031,NA,28,vs GB,17,·,8.6,-1.8,0.0
8,1339,Zach Ertz,TE,34.9,WAS,23.0,24,35,5.6,3.6,1.6,1,1,1,53,33,0,0.0%,0,0,0,0,0,0,0.00,0,0,0,0,0.00,0.00,4,12,1,0,0,6,4,16,4.0,2.7,0,0,0,16,0,NA,0,0,62.0%,NA,NA,NA,0,NA,0,6,0.000,0.0,23,20.0%,0.70,0,NA,NA,NA,NA,NA,0.000,NA,16,@ KC,30,·,9.6,-4.0,0.0
8,11575,Ray Davis,RB,25.9,BUF,57.0,54,52,1.6,1.6,1.6,1,1,0,63,15,0,0.0%,0,0,0,0,0,0,0.00,16,0,0,0,0.00,0.00,0,0,1,0,0,1,0,0,0.0,0.0,9,0,0,16,0,14,16,1.78,24.0%,1,1.60,0.111,0,0.271,0,10,0.000,0.0,NA,4.3%,NA,0,NA,NA,NA,NA,NA,NA,NA,16,@ CAR,24,·,5.1,-3.5,0.0
8,9501,Demario Douglas,WR,24.8,NE,59.0,53,47,5.7,5.2,4.7,1,1,0,68,14,0,0.0%,0,0,0,0,0,0,0.00,3,0,0,0,0.00,0.00,1,24,0,1,0,1,20,44,44.0,44.0,2,0,1,47,0,NA,3,1.5,21.0%,NA,NA,NA,1,NA,2,3,0.667,2.0,7,4.2%,6.29,0,NA,NA,NA,NA,NA,0.143,NA,47,vs CLE,19,·,4.4,1.3,0.0
8,7600,Pat Freiermuth,TE,26.9,PIT,29.0,32,38,4.3,2.8,1.3,1,1,1,63,27,0,0.0%,0,0,0,0,0,0,0.00,0,0,0,0,0.00,0.00,3,11,0,0,0,4,2,13,4.3,3.3,0,0,0,13,0,NA,0,0,43.0%,NA,NA,NA,0,NA,0,4,0.000,0.0,16,11.1%,0.81,0,NA,NA,NA,NA,NA,0.000,NA,13,vs GB,2,·,6.5,-2.2,0.0
8,9482,Michael Mayer,TE,24.2,LV,0.0,0,0,0,0,0,0,0,0,0,0,0,0.0%,0,0,0,0,0,0,0.00,0,0,0,0,0.00,0.00,0,0,0,0,0,0,0,0,0.0,0.0,0,0,0,0,0,NA,0,0,0.0%,NA,NA,NA,0,NA,0,0,NA,NA,NA,NA,NA,0,NA,NA,NA,NA,NA,NA,NA,0,BYE,BYE,BYE,BYE,BYE,0.0
8,6826,Cole Kmet,TE,26.6,CHI,0.0,0,0,0,0,0,0,0,0,0,0,0,0.0%,0,0,0,0,0,0,0.00,0,0,0,0,0.00,0.00,0,0,0,0,0,0,0,0,0.0,0.0,0,0,0,0,0,NA,0,0,0.0%,NA,NA,NA,0,NA,0,0,NA,NA,NA,NA,NA,0,NA,NA,NA,NA,NA,NA,NA,0,@ BAL,10,OUT,OUT,OUT,0.0
8,12531,Trevor Etienne,RB,21.2,CAR,56.0,53,51,1.6,1.6,1.6,1,1,0,61,4,0,0.0%,0,0,0,0,0,0,0.00,16,0,0,0,0.00,0.00,0,0,0,0,0,0,0,0,0.0,0.0,4,0,1,16,0,14,16,4,7.0%,2,3.50,0.500,1,0.850,1,4,0.250,1.0,NA,0.0%,NA,0,NA,NA,NA,NA,NA,NA,NA,16,vs BUF,5,·,0.6,1.0,0.0
8,9229,Anthony Richardson,QB,23.4,IND,999.0,999,999,0,0,0,1,0,0,0,0,0,0.0%,0,0,0,0,0,0,0.00,0,0,0,0,0.00,0.00,0,0,0,0,0,0,0,0,0.0,0.0,0,0,0,0,0,NA,0,0,0.0%,NA,NA,NA,0,NA,0,0,NA,NA,NA,NA,NA,0,NA,NA,NA,NA,NA,NA,NA,0,vs TEN,26,IR,IR,IR,0.0
8,11650,Luke McCaffrey,WR,24.5,WAS,60.0,62,66,5.4,3.9,2.4,1,1,0,53,27,0,0.0%,0,0,0,0,0,0,0.00,0,0,0,0,0.00,0.00,3,13,0,1,0,3,11,24,8.0,8.0,0,0,0,24,0,NA,0,0,51.0%,NA,NA,NA,0,NA,1,3,0.333,1.0,NA,NA,NA,0,NA,NA,NA,NA,NA,NA,NA,24,@ KC,29,·,3.0,2.4,0.0
8,9487,Parker Washington,WR,23.5,JAX,0.0,0,0,0,0,0,0,0,0,0,0,0,0.0%,0,0,0,0,0,0,0.00,0,0,0,0,0.00,0.00,0,0,0,0,0,0,0,0,0.0,0.0,0,0,0,0,0,NA,0,0,0.0%,NA,NA,NA,0,NA,0,0,NA,NA,NA,NA,NA,0,NA,NA,NA,NA,NA,NA,NA,0,BYE,BYE,BYE,BYE,BYE,0.0
8,12505,Jalen Royals,WR,22.6,KC,0.0,0,0,0,0,0,0,0,0,0,0,0,0.0%,0,0,0,0,0,0,0.00,0,0,0,0,0.00,0.00,0,0,0,0,0,0,0,0,0.0,0.0,0,0,0,0,0,NA,0,0,0.0%,NA,NA,NA,0,NA,0,0,NA,NA,NA,NA,NA,0,NA,NA,NA,NA,NA,NA,NA,0,vs WAS,10,·,0.2,-0.2,0.0
8,4018,Joe Mixon,RB,29.2,HOU,999.0,999,999,0,0,0,1,0,0,0,0,0,0.0%,0,0,0,0,0,0,0.00,0,0,0,0,0.00,0.00,0,0,0,0,0,0,0,0,0.0,0.0,0,0,0,0,0,NA,0,0,0.0%,NA,NA,NA,0,NA,0,0,NA,NA,NA,NA,NA,0,NA,NA,NA,NA,NA,NA,NA,0,vs SF,22,PUP,PUP,PUP,0.0
8,12641,Jaylin Lane,WR,23.4,WAS,91.0,92,999,1,0.5,0,1,1,0,53,23,0,0.0%,0,0,0,0,0,0,0.00,0,0,0,0,0.00,0.00,1,-1,0,0,0,2,1,0,0.0,0.0,0,0,0,0,0,NA,0,0,43.0%,NA,NA,NA,0,NA,0,2,0.000,0.0,15,6.7%,0.00,0,NA,NA,NA,NA,NA,0.000,NA,0,@ KC,29,·,2.5,-1.5,0.0
8,9511,Keaton Mitchell,RB,23.7,BAL,43.0,40,38,4.3,4.3,4.3,1,1,0,62,7,0,0.0%,0,0,0,0,0,0,0.00,43,0,0,0,0.00,0.00,0,0,0,0,0,0,0,0,0.0,0.0,4,0,2,43,0,8,43,10.75,11.0%,0,2.10,0.000,2,0.210,2,4,0.500,2.0,NA,0.0%,NA,0,NA,NA,NA,NA,NA,NA,NA,43,vs CHI,11,·,1.6,2.7,0.0
8,4950,Christian Kirk,WR,28.9,HOU,0.0,0,0,0,0,0,0,0,0,0,0,0,0.0%,0,0,0,0,0,0,0.00,0,0,0,0,0.00,0.00,0,0,0,0,0,0,0,0,0.0,0.0,0,0,0,0,0,NA,0,0,0.0%,NA,NA,NA,0,NA,0,0,NA,NA,NA,NA,NA,0,NA,NA,NA,NA,NA,NA,NA,0,vs SF,18,OUT,OUT,OUT,0.0
8,4137,James Conner,RB,30.4,ARI,0.0,0,0,0,0,0,0,0,0,0,0,0,0.0%,0,0,0,0,0,0,0.00,0,0,0,0,0.00,0.00,0,0,0,0,0,0,0,0,0.0,0.0,0,0,0,0,0,NA,0,0,0.0%,NA,NA,NA,0,NA,0,0,NA,NA,NA,NA,NA,0,NA,NA,NA,NA,NA,NA,NA,0,BYE,BYE,BYE,BYE,BYE,0.0
8,4988,Nick Chubb,RB,29.8,HOU,29.0,29,27,8.9,7.9,6.9,1,1,1,80,35,0,0.0%,0,0,0,0,0,0,0.00,56,0,0,0,0.00,0.00,2,0,0,0,0,2,13,13,6.5,6.5,17,0,0,69,0,36,56,3.29,44.0%,2,2.10,0.118,0,0.328,0,19,0.000,0.0,NA,5.1%,NA,0,NA,NA,NA,NA,NA,NA,NA,69,vs SF,22,·,8.2,0.7,0.0
8,9506,Sean Tucker,RB,23.9,TB,23.0,22,21,10.2,10.2,10.2,1,1,0,58,20,1,0.0%,0,0,0,0,0,0,0.00,42,0,0,0,0.00,0.00,0,0,0,0,0,0,0,0,0.0,0.0,12,1,2,42,1,34,42,3.5,34.0%,1,2.80,0.083,3,0.363,3,12,0.250,3.0,NA,0.0%,NA,0,NA,NA,NA,NA,NA,NA,NA,42,@ NO,12,·,5.4,4.8,1.0
8,4144,Jonnu Smith,TE,30.1,PIT,31.0,33,34,3.7,2.7,1.7,1,1,0,63,38,0,0.0%,0,0,0,0,0,0,0.00,0,0,0,0,0.00,0.00,2,5,0,0,0,3,12,17,8.5,5.7,0,0,0,17,0,NA,0,0,60.0%,NA,NA,NA,0,NA,0,3,0.000,0.0,23,8.3%,0.74,0,NA,NA,NA,NA,NA,0.000,NA,17,vs GB,2,·,9.1,-5.4,0.0
8,7607,Michael Carter,RB,26.4,ARI,0.0,0,0,0,0,0,0,0,0,0,0,0,0.0%,0,0,0,0,0,0,0.00,0,0,0,0,0.00,0.00,0,0,0,0,0,0,0,0,0.0,0.0,0,0,0,0,0,NA,0,0,0.0%,NA,NA,NA,0,NA,0,0,NA,NA,NA,NA,NA,0,NA,NA,NA,NA,NA,NA,NA,0,BYE,BYE,BYE,BYE,BYE,0.0
8,11647,Kimani Vidal,RB,24.1,LAC,8.0,7,8,19.7,19.2,18.7,1,1,1,73,54,0,0.0%,0,0,0,0,0,0,0.00,117,0,0,0,0.00,0.00,1,-1,0,1,0,2,11,10,10.0,5.0,23,0,7,127,1,76,117,5.09,74.0%,5,3.30,0.217,8,0.547,9,25,0.360,9.0,NA,8.0%,NA,0,NA,NA,NA,NA,NA,NA,NA,127,vs MIN,10,·,12.3,7.4,1.0
8,5001,Dalton Schultz,TE,29.2,HOU,28.0,28,25,4.4,3.4,2.4,1,1,0,80,49,0,0.0%,0,0,0,0,0,0,0.00,0,0,0,0,0.00,0.00,2,12,0,1,0,3,12,24,12.0,8.0,0,0,0,24,0,NA,0,0,61.0%,NA,NA,NA,0,NA,1,3,0.333,1.0,30,7.7%,0.80,0,NA,NA,NA,NA,NA,0.033,NA,24,vs SF,8,·,10.4,-6.0,0.0
8,11571,Isaiah Davis,RB,23.6,NYJ,11.0,14,15,17.9,15.4,12.9,1,1,0,72,33,0,0.0%,0,0,0,0,0,0,0.00,65,0,0,0,0.00,0.00,5,-1,0,1,0,5,45,44,8.8,8.8,7,1,1,109,0,64,65,9.29,46.0%,2,9.10,0.286,1,1.196,2,12,0.167,2.0,NA,15.2%,NA,0,NA,NA,NA,NA,NA,NA,NA,109,@ CIN,1,·,7.2,10.7,0.0
8,12476,Devin Neal,RB,22.1,NO,44.0,48,57,4.1,2.6,1.1,1,1,0,72,33,0,0.0%,0,0,0,0,0,0,0.00,0,0,0,0,0.00,0.00,3,-5,0,0,0,3,16,11,3.7,3.7,0,0,0,11,0,0,0,0,46.0%,1,0.00,NA,0,NA,0,3,0.000,0.0,NA,5.9%,NA,0,NA,NA,NA,NA,NA,NA,NA,11,vs TB,7,·,4.3,-0.2,0.0
8,11643,Jaylen Wright,RB,22.5,MIA,46.0,44,45,3.8,3.3,2.8,1,1,0,69,11,0,0.0%,0,0,0,0,0,0,0.00,28,0,0,0,0.00,0.00,1,-3,0,0,0,1,3,0,0.0,0.0,9,1,1,28,0,34,28,3.11,16.0%,1,3.80,0.111,1,0.491,1,10,0.100,1.0,NA,3.7%,NA,0,NA,NA,NA,NA,NA,NA,NA,28,@ ATL,18,·,0.2,3.6,0.0
8,11596,Ben Sinnott,TE,23.3,WAS,35.0,34,29,3.2,2.7,2.2,1,1,0,53,11,0,0.0%,0,0,0,0,0,0,0.00,0,0,0,0,0.00,0.00,1,2,0,1,0,1,20,22,22.0,22.0,0,0,0,22,0,NA,0,0,21.0%,NA,NA,NA,0,NA,1,1,1.000,1.0,2,3.3%,11.00,0,NA,NA,NA,NA,NA,0.500,NA,22,@ KC,30,·,0.8,2.4,0.0
8,12545,Tyler Shough,QB,26.0,NO,25.0,25,25,5.32,5.32,5.32,1,1,0,72,39,0,56.7%,89,30,17,7,13,1,53.20,140,2,0,128,4.27,7.53,0,0,0,0,0,0,0,0,0.0,0.0,3,1,1,12,0,NA,12,4,54.0%,NA,NA,NA,1,NA,8,33,NA,NA,NA,NA,NA,7,23.3%,2.48,13.3%,25.7%,8.6,NA,35,140,vs TB,14,·,·,·,0.0
8,9225,Tank Bigsby,RB,24.1,PHI,22.0,20,20,10.4,10.4,10.4,1,1,0,57,16,0,0.0%,0,0,0,0,0,0,0.00,104,0,0,0,0.00,0.00,0,0,0,0,0,0,0,0,0.0,0.0,9,5,5,104,0,87,104,11.56,27.0%,4,9.70,0.444,5,1.414,5,9,0.556,5.0,NA,0.0%,NA,0,NA,NA,NA,NA,NA,NA,NA,104,vs NYG,16,·,0.3,10.1,0.0
8,11577,Will Shipley,RB,23.1,PHI,68.0,68,67,0.2,0.2,0.2,1,1,0,57,8,0,0.0%,0,0,0,0,0,0,0.00,2,0,0,0,0.00,0.00,0,0,0,0,0,0,0,0,0.0,0.0,3,0,1,2,0,NA,2,0.67,14.0%,NA,NA,NA,1,NA,1,3,0.333,1.0,NA,NA,NA,0,NA,NA,NA,NA,NA,NA,NA,2,vs NYG,16,·,2.6,-2.4,0.0
8,4454,Kendrick Bourne,WR,30.2,SF,51.0,52,50,7.4,5.9,4.4,1,1,1,48,38,0,0.0%,0,0,0,0,0,0,0.00,0,0,0,0,0.00,0.00,3,43,1,2,0,4,1,44,14.7,11.0,0,0,0,44,0,NA,0,0,79.0%,NA,NA,NA,0,NA,2,4,0.500,2.0,28,12.5%,1.57,0,NA,NA,NA,NA,NA,0.071,NA,44,@ HOU,28,·,9.5,-2.1,0.0
8,12485,Tez Johnson,WR,23.4,TB,41.0,45,51,9.3,6.8,4.3,1,1,1,58,41,0,0.0%,0,0,0,0,0,0,0.00,0,0,0,0,0.00,0.00,5,33,1,3,0,6,10,43,8.6,7.2,0,0,0,43,0,NA,0,0,71.0%,NA,NA,NA,0,NA,3,6,0.500,3.0,26,25.0%,1.65,0,NA,NA,NA,NA,NA,0.115,NA,43,@ NO,16,·,9.6,-0.3,0.0
8,7670,Joshua Palmer,WR,26.0,BUF,0.0,0,0,0,0,0,0,0,0,0,0,0,0.0%,0,0,0,0,0,0,0.00,0,0,0,0,0.00,0.00,0,0,0,0,0,0,0,0,0.0,0.0,0,0,0,0,0,NA,0,0,0.0%,NA,NA,NA,0,NA,0,0,NA,NA,NA,NA,NA,0,NA,NA,NA,NA,NA,NA,NA,0,@ CAR,30,OUT,OUT,OUT,0.0
8,7587,Dyami Brown,WR,25.9,JAX,0.0,0,0,0,0,0,0,0,0,0,0,0,0.0%,0,0,0,0,0,0,0.00,0,0,0,0,0.00,0.00,0,0,0,0,0,0,0,0,0.0,0.0,0,0,0,0,0,NA,0,0,0.0%,NA,NA,NA,0,NA,0,0,NA,NA,NA,NA,NA,0,NA,NA,NA,NA,NA,NA,NA,0,BYE,BYE,BYE,BYE,BYE,0.0
8,11581,MarShawn Lloyd,RB,24.7,GB,999.0,999,999,0,0,0,1,0,0,0,0,0,0.0%,0,0,0,0,0,0,0.00,0,0,0,0,0.00,0.00,0,0,0,0,0,0,0,0,0.0,0.0,0,0,0,0,0,NA,0,0,0.0%,NA,NA,NA,0,NA,0,0,NA,NA,NA,NA,NA,0,NA,NA,NA,NA,NA,NA,NA,0,@ PIT,21,IR,IR,IR,0.0
8,10219,Chris Rodriguez,RB,25.0,WAS,70.0,70,69,0.2,0.2,0.2,1,1,0,53,2,0,0.0%,0,0,0,0,0,0,0.00,2,0,0,0,0.00,0.00,0,0,0,0,0,0,0,0,0.0,0.0,1,0,0,2,0,NA,2,2,4.0%,NA,NA,NA,0,NA,0,1,0.000,0.0,NA,NA,NA,0,NA,NA,NA,NA,NA,NA,NA,2,@ KC,26,·,3.0,-2.8,0.0
8,12543,Tahj Brooks,RB,23.4,CIN,999.0,999,999,0,0,0,1,0,0,59,0,0,0.0%,0,0,0,0,0,0,0.00,0,0,0,0,0.00,0.00,0,0,0,0,0,0,0,0,0.0,0.0,0,0,0,0,0,NA,0,0,0.0%,NA,NA,NA,0,NA,0,0,NA,0.0,NA,NA,NA,0,NA,NA,NA,NA,NA,NA,NA,0,vs NYJ,20,·,0.3,-0.3,0.0
8,11569,Jarquez Hunter,RB,22.8,LAR,0.0,0,0,0,0,0,0,0,0,0,0,0,0.0%,0,0,0,0,0,0,0.00,0,0,0,0,0.00,0.00,0,0,0,0,0,0,0,0,0.0,0.0,0,0,0,0,0,NA,0,0,0.0%,NA,NA,NA,0,NA,0,0,NA,NA,NA,NA,NA,0,NA,NA,NA,NA,NA,NA,NA,0,BYE,BYE,BYE,BYE,BYE,0.0
8,10232,Michael Wilson,WR,25.6,ARI,0.0,0,0,0,0,0,0,0,0,0,0,0,0.0%,0,0,0,0,0,0,0.00,0,0,0,0,0.00,0.00,0,0,0,0,0,0,0,0,0.0,0.0,0,0,0,0,0,NA,0,0,0.0%,NA,NA,NA,0,NA,0,0,NA,NA,NA,NA,NA,0,NA,NA,NA,NA,NA,NA,NA,0,BYE,BYE,BYE,BYE,BYE,0.0
8,5995,Justice Hill,RB,27.9,BAL,69.0,69,68,0.2,0.2,0.2,1,1,0,62,19,0,0.0%,0,0,0,0,0,0,0.00,2,0,0,0,0.00,0.00,0,0,0,0,0,0,0,0,0.0,0.0,1,0,0,2,0,4,2,2,31.0%,0,3.90,0.000,0,0.390,0,1,0.000,0.0,NA,0.0%,NA,0,NA,NA,NA,NA,NA,NA,NA,2,vs CHI,11,·,7.5,-7.3,0.0
8,8180,Jalen Nailor,WR,26.6,MIN,999.0,999,999,0,0,0,1,1,0,49,34,0,0.0%,0,0,0,0,0,0,0.00,0,0,0,0,0.00,0.00,0,0,0,0,0,1,0,0,0.0,0.0,0,0,0,0,0,NA,0,0,69.0%,NA,NA,NA,0,NA,0,1,0.000,0.0,27,3.2%,0.00,0,NA,NA,NA,NA,NA,0.000,NA,0,@ LAC,20,·,3.6,-3.6,0.0
8,8698,Jake Tonges,TE,26.2,SF,18.0,16,12,7.2,6.7,6.2,1,1,0,48,5,0,0.0%,0,0,0,0,0,0,0.00,0,0,0,0,0.00,0.00,1,2,0,0,1,1,0,2,2.0,2.0,0,0,0,2,0,NA,0,0,10.0%,NA,NA,NA,0,NA,1,1,1.000,1.0,4,3.1%,0.50,0,NA,NA,NA,NA,NA,0.000,NA,2,@ HOU,28,·,1.9,5.3,1.0
8,8123,Hassan Haskins,RB,25.8,LAC,0.0,0,0,0,0,0,0,0,0,0,0,0,0.0%,0,0,0,0,0,0,0.00,0,0,0,0,0.00,0.00,0,0,0,0,0,0,0,0,0.0,0.0,0,0,0,0,0,NA,0,0,0.0%,NA,NA,NA,0,NA,0,0,NA,NA,NA,NA,NA,0,NA,NA,NA,NA,NA,NA,NA,0,vs MIN,10,OUT,OUT,OUT,0.0
8,4098,Kareem Hunt,RB,30.1,KC,13.0,11,10,17.2,16.7,16.2,1,1,0,69,22,0,0.0%,0,0,0,0,0,0,0.00,40,0,0,0,0.00,0.00,1,2,0,0,1,1,0,2,2.0,2.0,9,0,3,42,1,29,40,4.44,32.0%,2,3.20,0.222,4,0.542,5,10,0.500,5.0,NA,2.9%,NA,0,NA,NA,NA,NA,NA,NA,NA,42,vs WAS,15,·,5.9,11.3,2.0
8,11630,Roman Wilson,WR,24.3,PIT,10.0,8,8,17.4,15.4,13.4,1,1,1,63,29,0,0.0%,0,0,0,0,0,0,0.00,0,0,0,0,0.00,0.00,4,71,0,2,1,5,3,74,18.5,14.8,0,0,0,74,0,NA,0,0,46.0%,NA,NA,NA,0,NA,3,5,0.600,3.0,21,13.9%,3.52,0,NA,NA,NA,NA,NA,0.095,NA,74,vs GB,17,·,2.7,14.7,1.0
8,12540,Chimere Dike,WR,23.8,TEN,14.0,15,21,16.4,12.9,9.4,1,1,1,71,63,0,0.0%,0,0,0,0,0,0,0.00,1,0,0,0,0.00,0.00,7,49,0,5,0,8,44,93,13.3,11.6,1,0,0,94,0,NA,1,1,89.0%,NA,NA,NA,0,NA,5,9,0.556,5.0,37,21.1%,2.51,0,NA,NA,NA,NA,NA,0.135,NA,94,@ IND,2,·,6.7,9.7,0.0
8,8117,Jalen Tolbert,WR,26.6,DAL,28.0,18,14,12.7,11.7,10.7,1,1,0,74,14,0,0.0%,0,0,0,0,0,0,0.00,0,0,0,0,0.00,0.00,2,42,0,1,1,2,5,47,23.5,23.5,0,0,0,47,0,NA,0,0,19.0%,NA,NA,NA,0,NA,2,2,1.000,2.0,7,5.7%,6.71,0,NA,NA,NA,NA,NA,0.143,NA,47,@ DEN,32,·,2.4,10.3,1.0
8,12523,Jimmy Horn,WR,23.0,CAR,92.0,88,81,0.9,0.9,0.9,1,1,0,61,8,0,0.0%,0,0,0,0,0,0,0.00,9,0,0,0,0.00,0.00,0,0,1,0,0,1,0,0,0.0,0.0,2,0,0,9,0,NA,9,4.5,13.0%,NA,NA,NA,0,NA,0,3,0.000,0.0,4,4.2%,0.00,0,NA,NA,NA,NA,NA,0.000,NA,9,vs BUF,24,Q,2.9,-2.0,0.0
8,12670,KeAndre Lambert-Smith,WR,24.0,LAC,0.0,0,0,0,0,0,0,0,0,0,0,0,0.0%,0,0,0,0,0,0,0.00,0,0,0,0,0.00,0.00,0,0,0,0,0,0,0,0,0.0,0.0,0,0,0,0,0,NA,0,0,0.0%,NA,NA,NA,0,NA,0,0,NA,NA,NA,NA,NA,0,NA,NA,NA,NA,NA,NA,NA,0,vs MIN,14,OUT,OUT,OUT,0.0
8,12502,Gunnar Helm,TE,23.1,TEN,10.0,10,9,10.3,9.3,8.3,1,1,1,71,37,0,0.0%,0,0,0,0,0,0,0.00,0,0,0,0,0.00,0.00,2,19,1,1,1,3,4,23,11.5,7.7,0,0,0,23,0,NA,0,0,52.0%,NA,NA,NA,0,NA,2,3,0.667,2.0,19,7.9%,1.21,0,NA,NA,NA,NA,NA,0.053,NA,23,@ IND,4,·,6.1,4.2,1.0
8,11651,Isaac Guerendo,RB,25.2,SF,999.0,999,999,0,0,0,1,0,0,48,0,0,0.0%,0,0,0,0,0,0,0.00,0,0,0,0,0.00,0.00,0,0,0,0,0,0,0,0,0.0,0.0,0,0,0,0,0,NA,0,0,0.0%,NA,NA,NA,0,NA,0,0,NA,0.0,NA,NA,NA,0,NA,NA,NA,NA,NA,NA,NA,0,@ HOU,19,·,0.3,-0.3,0.0
8,3321,Tyreek Hill,WR,31.6,MIA,999.0,999,999,0,0,0,1,0,0,0,0,0,0.0%,0,0,0,0,0,0,0.00,0,0,0,0,0.00,0.00,0,0,0,0,0,0,0,0,0.0,0.0,0,0,0,0,0,NA,0,0,0.0%,NA,NA,NA,0,NA,0,0,NA,NA,NA,NA,NA,0,NA,NA,NA,NA,NA,NA,NA,0,@ ATL,31,IR,IR,IR,0.0
8,11557,Joe Milton,QB,25.6,DAL,24.0,24,24,6.32,6.32,6.32,1,1,0,74,9,0,75.0%,44,4,3,2,1,0,156.30,58,0,1,58,14.50,19.33,0,0,0,0,0,0,0,0,0.0,0.0,0,0,0,0,0,NA,0,0,12.0%,NA,NA,NA,0,NA,3,4,NA,NA,NA,NA,NA,3,75.0%,2.34,25.0%,25.0%,12.6,NA,4,58,@ DEN,29,·,·,·,1.0
8,7828,Noah Gray,TE,26.4,KC,30.0,29,28,4.3,3.3,2.3,1,1,1,69,38,0,0.0%,0,0,0,0,0,0,0.00,0,0,0,0,0.00,0.00,2,11,0,1,0,4,12,23,11.5,5.8,0,0,0,23,0,NA,0,0,55.0%,NA,NA,NA,0,NA,1,4,0.250,1.0,15,11.8%,1.53,0,NA,NA,NA,NA,NA,0.067,NA,23,vs WAS,14,·,2.8,1.5,0.0
8,6149,Darius Slayton,WR,28.7,NYG,64.0,64,63,4.6,3.6,2.6,1,1,1,52,38,0,0.0%,0,0,0,0,0,0,0.00,0,0,0,0,0.00,0.00,2,13,1,1,0,5,13,26,13.0,5.2,0,0,0,26,0,NA,0,0,73.0%,NA,NA,NA,0,NA,1,5,0.200,1.0,20,20.8%,1.30,0,NA,NA,NA,NA,NA,0.050,NA,26,@ PHI,12,·,8.6,-4.0,0.0
8,10218,Xavier Hutchinson,WR,25.3,HOU,9.0,7,9,17.9,15.4,12.9,1,1,0,80,57,0,0.0%,0,0,0,0,0,0,0.00,0,0,0,0,0.00,0.00,5,46,1,2,1,6,23,69,13.8,11.5,0,0,0,69,0,NA,0,0,71.0%,NA,NA,NA,0,NA,3,6,0.500,3.0,30,15.4%,2.30,0,NA,NA,NA,NA,NA,0.067,NA,69,vs SF,18,·,7.0,10.9,1.0
8,9481,Luke Musgrave,TE,25.1,GB,45.0,45,45,1.5,1,0.5,1,1,0,64,12,0,0.0%,0,0,0,0,0,0,0.00,0,0,0,0,0.00,0.00,1,4,0,0,0,1,1,5,5.0,5.0,0,0,0,5,0,NA,0,0,19.0%,NA,NA,NA,0,NA,0,1,0.000,0.0,5,2.7%,1.00,0,NA,NA,NA,NA,NA,0.000,NA,5,@ PIT,3,·,2.3,-0.8,0.0
8,5857,Noah Fant,TE,27.8,CIN,19.0,19,17,7.1,5.6,4.1,1,1,1,59,28,0,0.0%,0,0,0,0,0,0,0.00,0,0,0,0,0.00,0.00,3,11,0,3,0,3,30,41,13.7,13.7,0,0,0,41,0,NA,0,0,47.0%,NA,NA,NA,0,NA,3,3,1.000,3.0,15,8.8%,2.73,0,NA,NA,NA,NA,NA,0.200,NA,41,vs NYJ,9,·,7.0,0.1,0.0
8,5906,Dawson Knox,TE,28.9,BUF,40.0,38,36,2.5,2,1.5,1,1,0,63,27,0,0.0%,0,0,0,0,0,0,0.00,0,0,0,0,0.00,0.00,1,14,0,0,0,1,1,15,15.0,15.0,0,0,0,15,0,NA,0,0,43.0%,NA,NA,NA,0,NA,0,1,0.000,0.0,7,4.3%,2.14,0,NA,NA,NA,NA,NA,0.000,NA,15,@ CAR,5,·,4.3,-1.8,0.0
8,12482,Savion Williams,WR,23.8,GB,49.0,42,35,7.9,7.4,6.9,1,1,0,64,12,0,0.0%,0,0,0,0,0,0,0.00,1,0,0,0,0.00,0.00,1,-5,0,0,1,1,13,8,8.0,8.0,1,0,0,9,0,NA,1,1,19.0%,NA,NA,NA,0,NA,1,2,0.500,1.0,2,2.7%,4.00,0,NA,NA,NA,NA,NA,0.000,NA,9,@ PIT,6,·,1.2,6.7,1.0
8,7528,Najee Harris,RB,27.6,LAC,999.0,999,999,0,0,0,1,0,0,0,0,0,0.0%,0,0,0,0,0,0,0.00,0,0,0,0,0.00,0.00,0,0,0,0,0,0,0,0,0.0,0.0,0,0,0,0,0,NA,0,0,0.0%,NA,NA,NA,0,NA,0,0,NA,NA,NA,NA,NA,0,NA,NA,NA,NA,NA,NA,NA,0,vs MIN,10,IR,IR,IR,0.0
8,12544,LeQuint Allen,RB,21.2,JAX,0.0,0,0,0,0,0,0,0,0,0,0,0,0.0%,0,0,0,0,0,0,0.00,0,0,0,0,0.00,0.00,0,0,0,0,0,0,0,0,0.0,0.0,0,0,0,0,0,NA,0,0,0.0%,NA,NA,NA,0,NA,0,0,NA,NA,NA,NA,NA,0,NA,NA,NA,NA,NA,NA,NA,0,BYE,BYE,BYE,BYE,BYE,0.0
8,8143,Jerome Ford,RB,26.0,CLE,61.0,65,70,0.9,0.4,-0.1,1,1,0,54,13,0,0.0%,0,0,0,0,0,0,0.00,0,0,0,0,0.00,0.00,1,-4,0,0,0,2,3,-1,-1.0,-0.5,0,0,0,-1,0,0,0,0,24.0%,0,0.00,NA,0,NA,0,2,0.000,0.0,NA,5.7%,NA,0,NA,NA,NA,NA,NA,NA,NA,-1,@ NE,27,·,5.3,-4.4,0.0
8,12467,Jordan James,RB,21.5,SF,0.0,0,0,0,0,0,0,0,0,0,0,0,0.0%,0,0,0,0,0,0,0.00,0,0,0,0,0.00,0.00,0,0,0,0,0,0,0,0,0.0,0.0,0,0,0,0,0,NA,0,0,0.0%,NA,NA,NA,0,NA,0,0,NA,NA,NA,NA,NA,0,NA,NA,NA,NA,NA,NA,NA,0,@ HOU,19,OUT,OUT,OUT,0.0
8,11623,Jordan Whittington,WR,25.0,LAR,0.0,0,0,0,0,0,0,0,0,0,0,0,0.0%,0,0,0,0,0,0,0.00,0,0,0,0,0.00,0.00,0,0,0,0,0,0,0,0,0.0,0.0,0,0,0,0,0,NA,0,0,0.0%,NA,NA,NA,0,NA,0,0,NA,NA,NA,NA,NA,0,NA,NA,NA,NA,NA,NA,NA,0,BYE,BYE,BYE,BYE,BYE,0.0
8,3161,Carson Wentz,QB,32.7,MIN,21.0,21,21,8.76,8.76,8.76,1,1,1,49,43,1,55.6%,41,27,15,7,12,1,67.50,144,5,1,144,5.33,9.60,0,0,0,0,0,0,0,0,0.0,0.0,0,0,0,0,0,NA,0,0,88.0%,NA,NA,NA,0,NA,8,27,NA,NA,NA,NA,NA,8,29.6%,2.87,3.7%,40.6%,5.8,NA,32,144,@ LAC,16,Q,17.4,-8.6,1.0
8,19,Joe Flacco,QB,40.7,CIN,7.0,7,7,24.32,24.32,24.32,1,1,1,59,59,0,61.8%,71,34,21,9,13,0,100.50,237,1,2,223,6.56,10.62,0,0,0,0,0,0,0,0,0.0,0.0,2,0,1,14,1,NA,14,7,100.0%,NA,NA,NA,2,NA,13,36,NA,NA,NA,NA,NA,11,32.4%,2.59,5.9%,22.2%,6.1,NA,36,237,vs NYJ,23,·,17.3,7.0,3.0
8,7562,Tutu Atwell,WR,26.0,LAR,0.0,0,0,0,0,0,0,0,0,0,0,0,0.0%,0,0,0,0,0,0,0.00,0,0,0,0,0.00,0.00,0,0,0,0,0,0,0,0,0.0,0.0,0,0,0,0,0,NA,0,0,0.0%,NA,NA,NA,0,NA,0,0,NA,NA,NA,NA,NA,0,NA,NA,NA,NA,NA,NA,NA,0,BYE,BYE,BYE,BYE,BYE,0.0
8,10235,Roschon Johnson,RB,24.6,CHI,0.0,0,0,0,0,0,0,0,0,0,0,0,0.0%,0,0,0,0,0,0,0.00,0,0,0,0,0.00,0.00,0,0,0,0,0,0,0,0,0.0,0.0,0,0,0,0,0,NA,0,0,0.0%,NA,NA,NA,0,NA,0,0,NA,NA,NA,NA,NA,0,NA,NA,NA,NA,NA,NA,NA,0,@ BAL,2,OUT,OUT,OUT,0.0
8,10226,Andrei Iosivas,WR,26.0,CIN,999.0,999,999,0,0,0,1,1,0,59,47,0,0.0%,0,0,0,0,0,0,0.00,0,0,0,0,0.00,0.00,0,0,0,0,0,3,0,0,0.0,0.0,0,0,0,0,0,NA,0,0,80.0%,NA,NA,NA,0,NA,0,3,0.000,0.0,30,8.8%,0.00,0,NA,NA,NA,NA,NA,0.000,NA,0,vs NYJ,25,·,5.1,-5.1,0.0
8,12511,Will Howard,QB,24.0,PIT,999.0,999,999,0,0,0,1,0,0,0,0,0,0.0%,0,0,0,0,0,0,0.00,0,0,0,0,0.00,0.00,0,0,0,0,0,0,0,0,0.0,0.0,0,0,0,0,0,NA,0,0,0.0%,NA,NA,NA,0,NA,0,0,NA,NA,NA,NA,NA,0,NA,NA,NA,NA,NA,NA,NA,0,vs GB,17,IR,IR,IR,0.0
8,8917,KaVontae Turpin,WR,29.2,DAL,94.0,95,94,0.8,0.3,-0.2,1,1,0,74,30,0,0.0%,0,0,0,0,0,0,0.00,0,0,0,0,0.00,0.00,1,-3,1,0,0,5,1,-2,-2.0,-0.4,0,0,0,-2,0,NA,0,0,41.0%,NA,NA,NA,0,NA,0,5,0.000,0.0,16,14.3%,-0.13,0,NA,NA,NA,NA,NA,0.000,NA,-2,@ DEN,32,·,5.3,-4.5,0.0
8,11783,Ryan Flournoy,WR,25.9,DAL,83.0,83,83,1.7,1.2,0.7,1,1,0,74,34,0,0.0%,0,0,0,0,0,0,0.00,0,0,0,0,0.00,0.00,1,3,0,0,0,2,4,7,7.0,3.5,0,0,0,7,0,NA,0,0,46.0%,NA,NA,NA,0,NA,0,2,0.000,0.0,13,5.7%,0.54,0,NA,NA,NA,NA,NA,0.000,NA,7,@ DEN,32,·,1.2,0.5,0.0
8,11435,Emanuel Wilson,RB,26.4,GB,21.0,21,24,11.7,10.2,8.7,1,1,0,64,27,1,0.0%,0,0,0,0,0,0,0.00,61,0,0,0,0.00,0.00,3,-2,0,1,0,4,28,26,8.7,6.5,11,0,4,87,0,42,61,5.55,42.0%,4,3.80,0.364,4,0.744,5,15,0.333,5.0,NA,10.8%,NA,0,NA,NA,NA,NA,NA,NA,NA,87,@ PIT,21,·,4.5,7.2,0.0
8,8119,Jahan Dotson,WR,25.5,PHI,35.0,29,16,11,10.5,10,1,1,1,57,42,0,0.0%,0,0,0,0,0,0,0.00,0,0,0,0,0.00,0.00,1,36,0,0,1,2,4,40,40.0,20.0,0,0,0,40,0,NA,0,0,71.0%,NA,NA,NA,0,NA,1,2,0.500,1.0,23,10.0%,1.74,0,NA,NA,NA,NA,NA,0.000,NA,40,vs NYG,3,·,5.2,5.8,1.0
8,7694,Tommy Tremble,TE,25.3,CAR,46.0,46,46,1.4,0.9,0.4,1,1,1,61,28,0,0.0%,0,0,0,0,0,0,0.00,0,0,0,0,0.00,0.00,1,1,0,0,0,1,3,4,4.0,4.0,0,0,0,4,0,NA,0,0,46.0%,NA,NA,NA,0,NA,0,1,0.000,0.0,11,4.2%,0.36,0,NA,NA,NA,NA,NA,0.000,NA,4,vs BUF,31,·,3.0,-1.6,0.0
8,9497,Jalin Hyatt,WR,24.0,NYG,0.0,0,0,0,0,0,0,0,0,0,0,0,0.0%,0,0,0,0,0,0,0.00,0,0,0,0,0.00,0.00,0,0,0,0,0,0,0,0,0.0,0.0,0,0,0,0,0,NA,0,0,0.0%,NA,NA,NA,0,NA,0,0,NA,NA,NA,NA,NA,0,NA,NA,NA,NA,NA,NA,NA,0,@ PHI,12,OUT,OUT,OUT,0.0
8,12500,Quinn Ewers,QB,22.4,MIA,0.0,0,0,0,0,0,0,0,0,0,0,0,0.0%,0,0,0,0,0,0,0.00,0,0,0,0,0.00,0.00,0,0,0,0,0,0,0,0,0.0,0.0,0,0,0,0,0,NA,0,0,0.0%,NA,NA,NA,0,NA,0,0,NA,NA,NA,NA,NA,0,NA,NA,NA,NA,NA,NA,NA,0,@ ATL,31,OUT,OUT,OUT,0.0
8,11629,Devontez Walker,WR,24.3,BAL,0.0,0,0,0,0,0,0,0,0,0,0,0,0.0%,0,0,0,0,0,0,0.00,0,0,0,0,0.00,0.00,0,0,0,0,0,0,0,0,0.0,0.0,0,0,0,0,0,NA,0,0,0.0%,NA,NA,NA,0,NA,0,0,NA,NA,NA,NA,NA,0,NA,NA,NA,NA,NA,NA,NA,0,vs CHI,9,OUT,OUT,OUT,0.0
8,9479,Darnell Washington,TE,24.1,PIT,999.0,999,999,0,0,0,1,1,0,63,29,0,0.0%,0,0,0,0,0,0,0.00,0,0,0,0,0.00,0.00,0,0,0,0,0,0,0,0,0.0,0.0,0,0,0,0,0,NA,0,0,46.0%,NA,NA,NA,0,NA,0,0,NA,0.0,10,0.0%,0.00,0,NA,NA,NA,NA,NA,0.000,NA,0,vs GB,2,·,4.4,-4.4,0.0
8,11199,Emari Demercado,RB,26.7,ARI,0.0,0,0,0,0,0,0,0,0,0,0,0,0.0%,0,0,0,0,0,0,0.00,0,0,0,0,0.00,0.00,0,0,0,0,0,0,0,0,0.0,0.0,0,0,0,0,0,NA,0,0,0.0%,NA,NA,NA,0,NA,0,0,NA,NA,NA,NA,NA,0,NA,NA,NA,NA,NA,NA,NA,0,BYE,BYE,BYE,BYE,BYE,0.0
8,4040,JuJu Smith-Schuster,WR,28.8,KC,63.0,61,61,4.9,3.9,2.9,1,1,0,69,21,0,0.0%,0,0,0,0,0,0,0.00,0,0,0,0,0.00,0.00,2,16,0,2,0,2,13,29,14.5,14.5,0,0,0,29,0,NA,0,0,30.0%,NA,NA,NA,0,NA,2,2,1.000,2.0,11,5.9%,2.64,0,NA,NA,NA,NA,NA,0.182,NA,29,vs WAS,10,·,4.6,0.3,0.0
8,1426,DeAndre Hopkins,WR,33.3,BAL,76.0,75,74,2.4,1.9,1.4,1,1,1,62,23,0,0.0%,0,0,0,0,0,0,0.00,0,0,0,0,0.00,0.00,1,12,0,1,0,1,2,14,14.0,14.0,0,0,0,14,0,NA,0,0,37.0%,NA,NA,NA,0,NA,1,1,1.000,1.0,11,4.5%,1.27,0,NA,NA,NA,NA,NA,0.091,NA,14,vs CHI,9,·,5.8,-3.4,0.0
8,6111,Jake Browning,QB,29.5,CIN,999.0,999,999,0,0,0,1,0,0,59,0,0,0.0%,0,0,0,0,0,0,0.00,0,0,0,0,0.00,0.00,0,0,0,0,0,0,0,0,0.0,0.0,0,0,0,0,0,NA,0,0,0.0%,NA,NA,NA,0,NA,0,0,NA,NA,NA,NA,NA,0,NA,NA,NA,NA,NA,NA,NA,0,vs NYJ,15,·,·,·,0.0
8,12542,Efton Chism,WR,23.9,NE,0.0,0,0,0,0,0,0,0,0,0,0,0,0.0%,0,0,0,0,0,0,0.00,0,0,0,0,0.00,0.00,0,0,0,0,0,0,0,0,0.0,0.0,0,0,0,0,0,NA,0,0,0.0%,NA,NA,NA,0,NA,0,0,NA,NA,NA,NA,NA,0,NA,NA,NA,NA,NA,NA,NA,0,vs CLE,19,OUT,OUT,OUT,0.0
8,6271,Olamide Zaccheaus,WR,28.2,CHI,38.0,46,55,10.3,6.8,3.3,1,1,0,63,38,0,0.0%,0,0,0,0,0,0,0.00,0,0,0,0,0.00,0.00,7,25,0,0,0,7,8,33,4.7,4.7,0,0,0,33,0,NA,0,0,60.0%,NA,NA,NA,0,NA,0,7,0.000,0.0,25,18.4%,1.32,0,NA,NA,NA,NA,NA,0.000,NA,33,@ BAL,4,·,5.3,5.0,0.0
8,4219,Jeremy McNichols,RB,29.8,WAS,20.0,25,29,11.8,9.3,6.8,1,1,0,53,23,0,0.0%,0,0,0,0,0,0,0.00,4,0,0,0,0.00,0.00,5,2,0,3,0,6,62,64,12.8,10.7,1,0,1,68,0,4,4,4,43.0%,0,3.90,0.000,1,0.390,4,7,0.571,4.0,NA,20.0%,NA,0,NA,NA,NA,NA,NA,NA,NA,68,@ KC,26,·,5.7,6.1,0.0
8,2307,Marcus Mariota,QB,31.9,WAS,19.0,19,19,13.32,13.32,13.32,1,1,1,53,53,1,70.0%,91,30,21,8,9,2,73.30,241,2,1,213,7.10,10.14,0,0,0,0,0,0,0,0,0.0,0.0,8,0,1,28,0,NA,28,3.5,100.0%,NA,NA,NA,1,NA,10,38,NA,NA,NA,NA,NA,9,30.0%,3.02,6.7%,37.1%,4.9,NA,35,241,@ KC,28,·,19.6,-6.3,1.0
8,12496,Tai Felton,WR,22.5,MIN,999.0,999,999,0,0,0,1,1,0,49,6,0,0.0%,0,0,0,0,0,0,0.00,0,0,0,0,0.00,0.00,0,0,0,0,0,0,0,0,0.0,0.0,0,0,0,0,0,NA,0,0,12.0%,NA,NA,NA,0,NA,0,0,NA,0.0,4,0.0%,0.00,0,NA,NA,NA,NA,NA,0.000,NA,0,@ LAC,20,·,0.1,-0.1,0.0
8,7596,Elijah Moore,WR,25.5,BUF,77.0,76,75,2.4,1.9,1.4,1,1,1,63,29,0,0.0%,0,0,0,0,0,0,0.00,0,0,0,0,0.00,0.00,1,14,1,1,0,4,0,14,14.0,3.5,0,0,0,14,0,NA,0,0,46.0%,NA,NA,NA,0,NA,1,4,0.250,1.0,13,17.4%,1.08,0,NA,NA,NA,NA,NA,0.077,NA,14,@ CAR,30,·,1.6,0.8,0.0
8,11619,Ja'Lynn Polk,WR,23.5,NO,999.0,999,999,0,0,0,1,0,0,0,0,0,0.0%,0,0,0,0,0,0,0.00,0,0,0,0,0.00,0.00,0,0,0,0,0,0,0,0,0.0,0.0,0,0,0,0,0,NA,0,0,0.0%,NA,NA,NA,0,NA,0,0,NA,NA,NA,NA,NA,0,NA,NA,NA,NA,NA,NA,NA,0,vs TB,21,IR,IR,IR,0.0
8,9492,Trey Palmer,WR,24.5,NO,999.0,999,999,0,0,0,1,0,0,0,0,0,0.0%,0,0,0,0,0,0,0.00,0,0,0,0,0.00,0.00,0,0,0,0,0,0,0,0,0.0,0.0,0,0,0,0,0,NA,0,0,0.0%,NA,NA,NA,0,NA,0,0,NA,NA,NA,NA,NA,0,NA,NA,NA,NA,NA,NA,NA,0,vs TB,21,IR,IR,IR,0.0
8,8161,Malik Willis,QB,26.3,GB,999.0,999,999,0,0,0,1,0,0,64,0,0,0.0%,0,0,0,0,0,0,0.00,0,0,0,0,0.00,0.00,0,0,0,0,0,0,0,0,0.0,0.0,0,0,0,0,0,NA,0,0,0.0%,NA,NA,NA,0,NA,0,0,NA,NA,NA,NA,NA,0,NA,NA,NA,NA,NA,NA,NA,0,@ PIT,4,·,·,·,0.0
8,11640,Jermaine Burton,WR,24.2,CIN,0.0,0,0,0,0,0,0,0,0,0,0,0,0.0%,0,0,0,0,0,0,0.00,0,0,0,0,0.00,0.00,0,0,0,0,0,0,0,0,0.0,0.0,0,0,0,0,0,NA,0,0,0.0%,NA,NA,NA,0,NA,0,0,NA,NA,NA,NA,NA,0,NA,NA,NA,NA,NA,NA,NA,0,vs NYJ,25,OUT,OUT,OUT,0.0
8,3200,Sterling Shepard,WR,32.6,TB,82.0,82,82,1.8,1.3,0.8,1,1,0,58,24,0,0.0%,0,0,0,0,0,0,0.00,0,0,0,0,0.00,0.00,1,-2,0,0,0,2,10,8,8.0,4.0,0,0,0,8,0,NA,0,0,41.0%,NA,NA,NA,0,NA,0,2,0.000,0.0,18,8.3%,0.44,0,NA,NA,NA,NA,NA,0.000,NA,8,@ NO,16,·,7.5,-5.7,0.0
8,6039,Ty Johnson,RB,28.0,BUF,63.0,62,62,0.6,0.6,0.6,1,1,0,63,20,0,0.0%,0,0,0,0,0,0,0.00,6,0,0,0,0.00,0.00,0,0,0,0,0,0,0,0,0.0,0.0,4,0,0,6,0,8,6,1.5,32.0%,1,2.00,0.250,0,0.450,0,4,0.000,0.0,NA,0.0%,NA,0,NA,NA,NA,NA,NA,NA,NA,6,@ CAR,24,·,5.5,-4.9,0.0
8,11821,Tahj Washington,WR,24.4,MIA,0.0,0,0,0,0,0,0,0,0,0,0,0,0.0%,0,0,0,0,0,0,0.00,0,0,0,0,0.00,0.00,0,0,0,0,0,0,0,0,0.0,0.0,0,0,0,0,0,NA,0,0,0.0%,NA,NA,NA,0,NA,0,0,NA,NA,NA,NA,NA,0,NA,NA,NA,NA,NA,NA,NA,0,@ ATL,31,OUT,OUT,OUT,0.0
8,12462,Damien Martinez,RB,21.6,FA,0.0,0,0,0,0,0,0,0,0,0,0,0,0.0%,0,0,0,0,0,0,0.00,0,0,0,0,0.00,0.00,0,0,0,0,0,0,0,0,0.0,0.0,0,0,0,0,0,NA,0,0,0.0%,NA,NA,NA,0,NA,0,0,NA,NA,NA,NA,NA,0,NA,NA,NA,NA,NA,NA,NA,0,NA,,·,·,·,0.0
8,2306,Jameis Winston,QB,31.7,NYG,0.0,0,0,0,0,0,0,0,0,0,0,0,0.0%,0,0,0,0,0,0,0.00,0,0,0,0,0.00,0.00,0,0,0,0,0,0,0,0,0.0,0.0,0,0,0,0,0,NA,0,0,0.0%,NA,NA,NA,0,NA,0,0,NA,NA,NA,NA,NA,0,NA,NA,NA,NA,NA,NA,NA,0,@ PHI,19,OUT,OUT,OUT,0.0
8,12520,Xavier Restrepo,WR,23.5,TEN,999.0,999,999,0,0,0,1,0,0,0,0,0,0.0%,0,0,0,0,0,0,0.00,0,0,0,0,0.00,0.00,0,0,0,0,0,0,0,0,0.0,0.0,0,0,0,0,0,NA,0,0,0.0%,NA,NA,NA,0,NA,0,0,NA,NA,NA,NA,NA,0,NA,NA,NA,NA,NA,NA,NA,0,@ IND,2,·,·,·,0.0
8,11599,Cade Stover,TE,25.3,HOU,999.0,999,999,0,0,0,1,0,0,0,0,0,0.0%,0,0,0,0,0,0,0.00,0,0,0,0,0.00,0.00,0,0,0,0,0,0,0,0,0.0,0.0,0,0,0,0,0,NA,0,0,0.0%,NA,NA,NA,0,NA,0,0,NA,NA,NA,NA,NA,0,NA,NA,NA,NA,NA,NA,NA,0,vs SF,8,IR,IR,IR,0.0
8,2505,Darren Waller,TE,33.0,MIA,999.0,999,999,0,0,0,1,0,0,0,0,0,0.0%,0,0,0,0,0,0,0.00,0,0,0,0,0.00,0.00,0,0,0,0,0,0,0,0,0.0,0.0,0,0,0,0,0,NA,0,0,0.0%,NA,NA,NA,0,NA,0,0,NA,NA,NA,NA,NA,0,NA,NA,NA,NA,NA,NA,NA,0,@ ATL,32,IR,IR,IR,0.0
8,11616,Jacob Cowing,WR,24.6,SF,999.0,999,999,0,0,0,1,0,0,0,0,0,0.0%,0,0,0,0,0,0,0.00,0,0,0,0,0.00,0.00,0,0,0,0,0,0,0,0,0.0,0.0,0,0,0,0,0,NA,0,0,0.0%,NA,NA,NA,0,NA,0,0,NA,NA,NA,NA,NA,0,NA,NA,NA,NA,NA,NA,NA,0,@ HOU,28,IR,IR,IR,0.0
8,4993,Mike Gesicki,TE,30.0,CIN,999.0,999,999,0,0,0,1,0,0,0,0,0,0.0%,0,0,0,0,0,0,0.00,0,0,0,0,0.00,0.00,0,0,0,0,0,0,0,0,0.0,0.0,0,0,0,0,0,NA,0,0,0.0%,NA,NA,NA,0,NA,0,0,NA,NA,NA,NA,NA,0,NA,NA,NA,NA,NA,NA,NA,0,vs NYJ,9,IR,IR,IR,0.0
8,12516,Kalel Mullings,RB,23.0,TEN,999.0,999,999,0,0,0,1,0,0,0,0,0,0.0%,0,0,0,0,0,0,0.00,0,0,0,0,0.00,0.00,0,0,0,0,0,0,0,0,0.0,0.0,0,0,0,0,0,NA,0,0,0.0%,NA,NA,NA,0,NA,0,0,NA,NA,NA,NA,NA,0,NA,NA,NA,NA,NA,NA,NA,0,@ IND,28,IR,IR,IR,0.0
8,8207,Tyler Goodson,RB,24.9,IND,67.0,67,66,0.2,0.2,0.2,1,1,0,53,4,0,0.0%,0,0,0,0,0,0,0.00,2,0,0,0,0.00,0.00,0,0,0,0,0,0,0,0,0.0,0.0,2,0,0,2,0,2,2,1,8.0%,0,1.00,0.000,0,0.100,0,2,0.000,0.0,NA,0.0%,NA,0,NA,NA,NA,NA,NA,NA,NA,2,vs TEN,4,·,0.3,-0.1,0.0
8,8147,John Metchie,WR,25.2,PHI,999.0,999,999,0,0,0,1,1,0,57,9,0,0.0%,0,0,0,0,0,0,0.00,0,0,0,0,0.00,0.00,0,0,0,0,0,0,0,0,0.0,0.0,0,0,0,0,0,NA,0,0,15.0%,NA,NA,NA,0,NA,0,0,NA,0.0,5,0.0%,0.00,0,NA,NA,NA,NA,NA,0.000,NA,0,vs NYG,3,·,3.2,-3.2,0.0
8,12472,Raheim Sanders,RB,23.3,CLE,0.0,0,0,0,0,0,0,0,0,0,0,0,0.0%,0,0,0,0,0,0,0.00,0,0,0,0,0.00,0.00,0,0,0,0,0,0,0,0,0.0,0.0,0,0,0,0,0,NA,0,0,0.0%,NA,NA,NA,0,NA,0,0,NA,NA,NA,NA,NA,0,NA,NA,NA,NA,NA,NA,NA,0,@ NE,27,OUT,OUT,OUT,0.0
8,3271,Tyler Higbee,TE,32.7,LAR,0.0,0,0,0,0,0,0,0,0,0,0,0,0.0%,0,0,0,0,0,0,0.00,0,0,0,0,0.00,0.00,0,0,0,0,0,0,0,0,0.0,0.0,0,0,0,0,0,NA,0,0,0.0%,NA,NA,NA,0,NA,0,0,NA,NA,NA,NA,NA,0,NA,NA,NA,NA,NA,NA,NA,0,BYE,BYE,BYE,BYE,BYE,0.0
8,5970,Greg Dortch,WR,27.3,ARI,0.0,0,0,0,0,0,0,0,0,0,0,0,0.0%,0,0,0,0,0,0,0.00,0,0,0,0,0.00,0.00,0,0,0,0,0,0,0,0,0.0,0.0,0,0,0,0,0,NA,0,0,0.0%,NA,NA,NA,0,NA,0,0,NA,NA,NA,NA,NA,0,NA,NA,NA,NA,NA,NA,NA,0,BYE,BYE,BYE,BYE,BYE,0.0
8,5955,Hunter Renfrow,WR,29.8,CAR,0.0,0,0,0,0,0,0,0,0,0,0,0,0.0%,0,0,0,0,0,0,0.00,0,0,0,0,0.00,0.00,0,0,0,0,0,0,0,0,0.0,0.0,0,0,0,0,0,NA,0,0,0.0%,NA,NA,NA,0,NA,0,0,NA,NA,NA,NA,NA,0,NA,NA,NA,NA,NA,NA,NA,0,vs BUF,24,OUT,OUT,OUT,0.0
8,8129,Dameon Pierce,RB,25.6,HOU,999.0,999,999,0,0,0,1,0,0,80,0,0,0.0%,0,0,0,0,0,0,0.00,0,0,0,0,0.00,0.00,0,0,0,0,0,0,0,0,0.0,0.0,0,0,0,0,0,NA,0,0,0.0%,NA,NA,NA,0,NA,0,0,NA,0.0,NA,NA,NA,0,NA,NA,NA,NA,NA,NA,NA,0,vs SF,22,·,·,·,0.0
8,11439,Jaleel McLaughlin,RB,25.0,DEN,0.0,0,0,0,0,0,0,0,0,0,0,0,0.0%,0,0,0,0,0,0,0.00,0,0,0,0,0.00,0.00,0,0,0,0,0,0,0,0,0.0,0.0,0,0,0,0,0,NA,0,0,0.0%,NA,NA,NA,0,NA,0,0,NA,NA,NA,NA,NA,0,NA,NA,NA,NA,NA,NA,NA,0,vs DAL,6,OUT,OUT,OUT,0.0
8,12634,Jordan Watkins,WR,23.6,SF,84.0,84,84,1.7,1.2,0.7,1,1,0,48,6,0,0.0%,0,0,0,0,0,0,0.00,0,0,0,0,0.00,0.00,1,6,0,0,0,2,1,7,7.0,3.5,0,0,0,7,0,NA,0,0,13.0%,NA,NA,NA,0,NA,0,2,0.000,0.0,5,6.3%,1.40,0,NA,NA,NA,NA,NA,0.000,NA,7,@ HOU,28,·,0.7,1.0,0.0
8,10871,Luke Schoonmaker,TE,27.0,DAL,27.0,25,24,4.5,3.5,2.5,1,1,1,74,29,0,0.0%,0,0,0,0,0,0,0.00,0,0,0,0,0.00,0.00,2,8,0,2,0,3,17,25,12.5,8.3,0,0,0,25,0,NA,0,0,39.0%,NA,NA,NA,0,NA,2,3,0.667,2.0,12,8.6%,2.08,0,NA,NA,NA,NA,NA,0.167,NA,25,@ DEN,22,·,1.1,3.4,0.0
8,11834,Devaughn Vele,WR,27.8,NO,80.0,81,80,2,1.5,1,1,1,1,72,37,0,0.0%,0,0,0,0,0,0,0.00,0,0,0,0,0.00,0.00,1,8,0,1,0,5,2,10,10.0,2.0,0,0,0,10,0,NA,0,0,51.0%,NA,NA,NA,0,NA,1,5,0.200,1.0,27,9.8%,0.37,0,NA,NA,NA,NA,NA,0.037,NA,10,vs TB,21,·,1.2,0.8,0.0
8,6151,Miles Sanders,RB,28.4,DAL,999.0,999,999,0,0,0,1,0,0,0,0,0,0.0%,0,0,0,0,0,0,0.00,0,0,0,0,0.00,0.00,0,0,0,0,0,0,0,0,0.0,0.0,0,0,0,0,0,NA,0,0,0.0%,NA,NA,NA,0,NA,0,0,NA,NA,NA,NA,NA,0,NA,NA,NA,NA,NA,NA,NA,0,@ DEN,23,IR,IR,IR,0.0
8,10231,Elijah Higgins,TE,24.9,ARI,0.0,0,0,0,0,0,0,0,0,0,0,0,0.0%,0,0,0,0,0,0,0.00,0,0,0,0,0.00,0.00,0,0,0,0,0,0,0,0,0.0,0.0,0,0,0,0,0,NA,0,0,0.0%,NA,NA,NA,0,NA,0,0,NA,NA,NA,NA,NA,0,NA,NA,NA,NA,NA,NA,NA,0,BYE,BYE,BYE,BYE,BYE,0.0
8,12738,Phil Mafah,RB,22.9,DAL,999.0,999,999,0,0,0,1,0,0,0,0,0,0.0%,0,0,0,0,0,0,0.00,0,0,0,0,0.00,0.00,0,0,0,0,0,0,0,0,0.0,0.0,0,0,0,0,0,NA,0,0,0.0%,NA,NA,NA,0,NA,0,0,NA,NA,NA,NA,NA,0,NA,NA,NA,NA,NA,NA,NA,0,@ DEN,23,IR,IR,IR,0.0
8,11579,Audric Estime,RB,22.1,PHI,999.0,999,999,0,0,0,1,0,0,0,0,0,0.0%,0,0,0,0,0,0,0.00,0,0,0,0,0.00,0.00,0,0,0,0,0,0,0,0,0.0,0.0,0,0,0,0,0,NA,0,0,0.0%,NA,NA,NA,0,NA,0,0,NA,NA,NA,NA,NA,0,NA,NA,NA,NA,NA,NA,NA,0,vs NYG,16,·,·,·,0.0
8,6865,Colby Parkinson,TE,26.7,LAR,0.0,0,0,0,0,0,0,0,0,0,0,0,0.0%,0,0,0,0,0,0,0.00,0,0,0,0,0.00,0.00,0,0,0,0,0,0,0,0,0.0,0.0,0,0,0,0,0,NA,0,0,0.0%,NA,NA,NA,0,NA,0,0,NA,NA,NA,NA,NA,0,NA,NA,NA,NA,NA,NA,NA,0,BYE,BYE,BYE,BYE,BYE,0.0
8,12515,Donovan Edwards,RB,22.6,WAS,999.0,999,999,0,0,0,1,0,0,0,0,0,0.0%,0,0,0,0,0,0,0.00,0,0,0,0,0.00,0.00,0,0,0,0,0,0,0,0,0.0,0.0,0,0,0,0,0,NA,0,0,0.0%,NA,NA,NA,0,NA,0,0,NA,NA,NA,NA,NA,0,NA,NA,NA,NA,NA,NA,NA,0,@ KC,26,·,·,·,0.0
8,8208,Tyler Badie,RB,25.6,DEN,64.0,63,63,0.6,0.6,0.6,1,1,0,63,11,0,0.0%,0,0,0,0,0,0,0.00,6,0,0,0,0.00,0.00,0,0,0,0,0,0,0,0,0.0,0.0,1,0,0,6,0,5,6,6,17.0%,0,4.90,0.000,0,0.490,0,1,0.000,0.0,NA,0.0%,NA,0,NA,NA,NA,NA,NA,NA,NA,6,vs DAL,6,·,3.1,-2.5,0.0
8,8225,Daniel Bellinger,TE,25.0,NYG,37.0,36,31,3.1,2.6,2.1,1,1,1,52,21,0,0.0%,0,0,0,0,0,0,0.00,0,0,0,0,0.00,0.00,1,19,0,1,0,1,2,21,21.0,21.0,0,0,0,21,0,NA,0,0,40.0%,NA,NA,NA,0,NA,1,1,1.000,1.0,7,4.2%,3.00,0,NA,NA,NA,NA,NA,0.143,NA,21,@ PHI,29,Q,3.5,-0.4,0.0
8,12539,Arian Smith,WR,24.0,NYJ,72.0,69,67,3.3,2.8,2.3,1,1,1,72,30,0,0.0%,0,0,0,0,0,0,0.00,0,0,0,0,0.00,0.00,1,21,0,1,0,1,2,23,23.0,23.0,0,0,0,23,0,NA,0,0,42.0%,NA,NA,NA,0,NA,1,1,1.000,1.0,12,3.0%,1.92,0,NA,NA,NA,NA,NA,0.083,NA,23,@ CIN,23,·,6.8,-3.5,0.0
8,4234,Noah Brown,WR,29.7,WAS,999.0,999,999,0,0,0,1,0,0,0,0,0,0.0%,0,0,0,0,0,0,0.00,0,0,0,0,0.00,0.00,0,0,0,0,0,0,0,0,0.0,0.0,0,0,0,0,0,NA,0,0,0.0%,NA,NA,NA,0,NA,0,0,NA,NA,NA,NA,NA,0,NA,NA,NA,NA,NA,NA,NA,0,@ KC,29,IR,IR,IR,0.0
8,11370,Chris Brooks,RB,25.7,GB,999.0,999,999,0,0,0,1,1,0,64,3,0,0.0%,0,0,0,0,0,0,0.00,0,0,0,0,0.00,0.00,0,0,0,0,0,0,0,0,0.0,0.0,0,0,0,0,0,NA,0,0,5.0%,NA,NA,NA,0,NA,0,0,NA,0.0,NA,NA,NA,0,NA,NA,NA,NA,NA,NA,NA,0,@ PIT,21,·,2.3,-2.3,0.0
8,6130,Devin Singletary,RB,28.1,NYG,45.0,43,43,3.8,3.3,2.8,1,1,0,52,8,0,0.0%,0,0,0,0,0,0,0.00,0,0,0,0,0.00,0.00,1,23,0,1,0,1,5,28,28.0,28.0,2,0,0,28,0,5,0,0,15.0%,0,2.40,0.000,0,0.240,1,3,0.333,1.0,NA,4.2%,NA,0,NA,NA,NA,NA,NA,NA,NA,28,@ PHI,9,·,1.3,2.5,0.0
8,6943,Gabriel Davis,WR,26.5,BUF,999.0,999,999,0,0,0,1,0,0,0,0,0,0.0%,0,0,0,0,0,0,0.00,0,0,0,0,0.00,0.00,0,0,0,0,0,0,0,0,0.0,0.0,0,0,0,0,0,NA,0,0,0.0%,NA,NA,NA,0,NA,0,0,NA,NA,NA,NA,NA,0,NA,NA,NA,NA,NA,NA,NA,0,@ CAR,30,OUT,OUT,OUT,0.0
8,6945,Antonio Gibson,RB,27.3,NE,999.0,999,999,0,0,0,1,0,0,0,0,0,0.0%,0,0,0,0,0,0,0.00,0,0,0,0,0.00,0.00,0,0,0,0,0,0,0,0,0.0,0.0,0,0,0,0,0,NA,0,0,0.0%,NA,NA,NA,0,NA,0,0,NA,NA,NA,NA,NA,0,NA,NA,NA,NA,NA,NA,NA,0,vs CLE,31,IR,IR,IR,0.0
8,4082,Curtis Samuel,WR,29.1,BUF,999.0,999,999,0,0,0,1,1,0,63,19,0,0.0%,0,0,0,0,0,0,0.00,0,0,0,0,0.00,0.00,0,0,0,0,0,0,0,0,0.0,0.0,0,0,0,0,0,NA,0,0,30.0%,NA,NA,NA,0,NA,0,0,NA,0.0,9,0.0%,0.00,0,NA,NA,NA,NA,NA,0.000,NA,0,@ CAR,30,·,4.3,-4.3,0.0
8,7496,Nick Westbrook-Ikhine,WR,28.5,MIA,74.0,73,71,2.8,2.3,1.8,1,1,1,69,45,0,0.0%,0,0,0,0,0,0,0.00,0,0,0,0,0.00,0.00,1,14,1,1,0,3,4,18,18.0,6.0,0,0,0,18,0,NA,0,0,65.0%,NA,NA,NA,0,NA,1,3,0.333,1.0,17,11.1%,1.06,0,NA,NA,NA,NA,NA,0.059,NA,18,@ ATL,31,·,5.7,-2.9,0.0
8,5096,Ray-Ray McCloud,WR,29.0,ATL,999.0,999,999,0,0,0,1,0,0,0,0,0,0.0%,0,0,0,0,0,0,0.00,0,0,0,0,0.00,0.00,0,0,0,0,0,0,0,0,0.0,0.0,0,0,0,0,0,NA,0,0,0.0%,NA,NA,NA,0,NA,0,0,NA,NA,NA,NA,NA,0,NA,NA,NA,NA,NA,NA,NA,0,vs MIA,27,·,·,·,0.0
8,5010,Will Dissly,TE,29.2,LAC,0.0,0,0,0,0,0,0,0,0,0,0,0,0.0%,0,0,0,0,0,0,0.00,0,0,0,0,0.00,0.00,0,0,0,0,0,0,0,0,0.0,0.0,0,0,0,0,0,NA,0,0,0.0%,NA,NA,NA,0,NA,0,0,NA,NA,NA,NA,NA,0,NA,NA,NA,NA,NA,NA,NA,0,vs MIN,7,OUT,OUT,OUT,0.0
8,8139,Zamir White,RB,26.0,LV,0.0,0,0,0,0,0,0,0,0,0,0,0,0.0%,0,0,0,0,0,0,0.00,0,0,0,0,0.00,0.00,0,0,0,0,0,0,0,0,0.0,0.0,0,0,0,0,0,NA,0,0,0.0%,NA,NA,NA,0,NA,0,0,NA,NA,NA,NA,NA,0,NA,NA,NA,NA,NA,NA,NA,0,BYE,BYE,BYE,BYE,BYE,0.0
8,1166,Kirk Cousins,QB,37.1,ATL,23.0,23,23,7.12,7.12,7.12,1,1,1,50,50,0,67.7%,98,31,21,7,10,0,81.80,175,1,0,173,5.58,8.24,0,0,0,0,0,0,0,0,0.0,0.0,2,0,0,2,0,NA,2,1,100.0%,NA,NA,NA,0,NA,7,33,NA,NA,NA,NA,NA,7,22.6%,2.63,3.2%,37.5%,7.6,NA,32,175,vs MIA,6,·,16.5,-9.4,0.0
8,11633,Jamari Thrash,WR,24.8,CLE,62.0,60,57,5.1,4.1,3.1,1,1,0,54,24,0,0.0%,0,0,0,0,0,0,0.00,0,0,0,0,0.00,0.00,2,13,0,2,0,3,18,31,15.5,10.3,0,0,0,31,0,NA,0,0,44.0%,NA,NA,NA,0,NA,2,3,0.667,2.0,19,8.6%,1.63,0,NA,NA,NA,NA,NA,0.105,NA,31,@ NE,11,·,3.0,2.1,0.0
8,8122,Zonovan Knight,RB,24.5,ARI,0.0,0,0,0,0,0,0,0,0,0,0,0,0.0%,0,0,0,0,0,0,0.00,0,0,0,0,0.00,0.00,0,0,0,0,0,0,0,0,0.0,0.0,0,0,0,0,0,NA,0,0,0.0%,NA,NA,NA,0,NA,0,0,NA,NA,NA,NA,NA,0,NA,NA,NA,NA,NA,NA,NA,0,BYE,BYE,BYE,BYE,BYE,0.0
8,7538,Zach Wilson,QB,26.2,MIA,999.0,999,999,0,0,0,1,1,0,69,7,0,100.0%,-3,1,1,0,0,0,79.20,0,0,0,0,0.00,0.00,0,0,0,0,0,0,0,0,0.0,0.0,0,0,0,0,0,NA,0,0,10.0%,NA,NA,NA,0,NA,0,1,NA,NA,NA,NA,NA,0,0.0%,1.61,0.0%,0.0%,-3.4,NA,1,0,@ ATL,31,·,·,·,0.0
8,11592,Erick All,TE,25.0,CIN,999.0,999,999,0,0,0,1,0,0,0,0,0,0.0%,0,0,0,0,0,0,0.00,0,0,0,0,0.00,0.00,0,0,0,0,0,0,0,0,0.0,0.0,0,0,0,0,0,NA,0,0,0.0%,NA,NA,NA,0,NA,0,0,NA,NA,NA,NA,NA,0,NA,NA,NA,NA,NA,NA,NA,0,vs NYJ,9,PUP,PUP,PUP,0.0
8,10225,Jonathan Mingo,WR,24.4,DAL,999.0,999,999,0,0,0,1,0,0,74,0,0,0.0%,0,0,0,0,0,0,0.00,0,0,0,0,0.00,0.00,0,0,0,0,0,0,0,0,0.0,0.0,0,0,0,0,0,NA,0,0,0.0%,NA,NA,NA,0,NA,0,0,NA,NA,NA,NA,NA,0,NA,NA,NA,NA,NA,NA,NA,0,@ DEN,32,OUT,OUT,OUT,0.0
8,1689,Adam Thielen,WR,35.1,MIN,999.0,999,999,0,0,0,1,1,1,49,12,0,0.0%,0,0,0,0,0,0,0.00,0,0,0,0,0.00,0.00,0,0,0,0,0,2,0,0,0.0,0.0,0,0,0,0,0,NA,0,0,24.0%,NA,NA,NA,0,NA,0,2,0.000,0.0,8,6.5%,0.00,0,NA,NA,NA,NA,NA,0.000,NA,0,@ LAC,20,·,1.8,-1.8,0.0
8,11299,Zavier Scott,RB,26.2,MIN,42.0,42,47,4.4,3.4,2.4,1,1,0,49,6,0,0.0%,0,0,0,0,0,0,0.00,16,0,0,0,0.00,0.00,2,-10,0,1,0,2,18,8,4.0,4.0,2,0,1,24,0,6,16,8,12.0%,2,3.10,1.000,1,1.310,2,4,0.500,2.0,NA,6.5%,NA,0,NA,NA,NA,NA,NA,NA,NA,24,@ LAC,8,·,1.7,2.7,0.0
8,11256,Tyson Bagent,QB,25.3,CHI,999.0,999,999,0,0,0,1,0,0,63,0,0,0.0%,0,0,0,0,0,0,0.00,0,0,0,0,0.00,0.00,0,0,0,0,0,0,0,0,0.0,0.0,0,0,0,0,0,NA,0,0,0.0%,NA,NA,NA,0,NA,0,0,NA,NA,NA,NA,NA,0,NA,NA,NA,NA,NA,NA,NA,0,@ BAL,2,·,·,·,0.0
8,7601,Rondale Moore,WR,25.3,MIN,999.0,999,999,0,0,0,1,0,0,0,0,0,0.0%,0,0,0,0,0,0,0.00,0,0,0,0,0.00,0.00,0,0,0,0,0,0,0,0,0.0,0.0,0,0,0,0,0,NA,0,0,0.0%,NA,NA,NA,0,NA,0,0,NA,NA,NA,NA,NA,0,NA,NA,NA,NA,NA,NA,NA,0,@ LAC,20,IR,IR,IR,0.0
8,11645,Javon Baker,WR,23.6,PHI,0.0,0,0,0,0,0,0,0,0,0,0,0,0.0%,0,0,0,0,0,0,0.00,0,0,0,0,0.00,0.00,0,0,0,0,0,0,0,0,0.0,0.0,0,0,0,0,0,NA,0,0,0.0%,NA,NA,NA,0,NA,0,0,NA,NA,NA,NA,NA,0,NA,NA,NA,NA,NA,NA,NA,0,vs NYG,3,·,·,·,0.0
8,8230,Ty Chandler,RB,27.4,MIN,999.0,999,999,0,0,0,1,0,0,0,0,0,0.0%,0,0,0,0,0,0,0.00,0,0,0,0,0.00,0.00,0,0,0,0,0,0,0,0,0.0,0.0,0,0,0,0,0,NA,0,0,0.0%,NA,NA,NA,0,NA,0,0,NA,NA,NA,NA,NA,0,NA,NA,NA,NA,NA,NA,NA,0,@ LAC,8,IR,IR,IR,0.0
8,3286,Demarcus Robinson,WR,31.0,SF,65.0,65,65,4.5,3.5,2.5,1,1,0,48,27,0,0.0%,0,0,0,0,0,0,0.00,0,0,0,0,0.00,0.00,2,3,0,1,0,3,2,5,2.5,1.7,0,0,0,5,0,NA,0,0,56.0%,NA,NA,NA,0,NA,1,3,0.333,1.0,22,9.4%,0.23,0,NA,NA,NA,NA,NA,0.045,NA,5,@ HOU,28,·,3.7,0.8,0.0
8,8160,Kenny Pickett,QB,27.3,LV,0.0,0,0,0,0,0,0,0,0,0,0,0,0.0%,0,0,0,0,0,0,0.00,0,0,0,0,0.00,0.00,0,0,0,0,0,0,0,0,0.0,0.0,0,0,0,0,0,NA,0,0,0.0%,NA,NA,NA,0,NA,0,0,NA,NA,NA,NA,NA,0,NA,NA,NA,NA,NA,NA,NA,0,BYE,BYE,BYE,BYE,BYE,0.0
8,5133,Tyler Conklin,TE,30.2,LAC,999.0,999,999,0,0,0,1,1,0,73,7,0,0.0%,0,0,0,0,0,0,0.00,0,0,0,0,0.00,0.00,0,0,0,0,0,0,0,0,0.0,0.0,0,0,0,0,0,NA,0,0,10.0%,NA,NA,NA,0,NA,0,0,NA,0.0,NA,NA,NA,0,NA,NA,NA,NA,NA,NA,NA,0,vs MIN,7,·,1.9,-1.9,0.0
8,7561,Elijah Mitchell,RB,27.4,KC,0.0,0,0,0,0,0,0,0,0,0,0,0,0.0%,0,0,0,0,0,0,0.00,0,0,0,0,0.00,0.00,0,0,0,0,0,0,0,0,0.0,0.0,0,0,0,0,0,NA,0,0,0.0%,NA,NA,NA,0,NA,0,0,NA,NA,NA,NA,NA,0,NA,NA,NA,NA,NA,NA,NA,0,vs WAS,15,·,·,·,0.0
8,12470,Riley Leonard,QB,23.0,IND,31.0,31,31,0.1,0.1,0.1,1,1,0,53,6,0,0.0%,0,2,0,0,2,0,39.60,1,0,0,0,0.00,0.00,0,0,0,0,0,0,0,0,0.0,0.0,1,0,0,1,0,NA,1,1,11.0%,NA,NA,NA,0,NA,0,3,NA,NA,NA,NA,NA,0,0.0%,2.01,0.0%,0.0%,4.7,NA,2,1,vs TEN,26,·,·,·,0.0
8,7595,Tylan Wallace,WR,26.4,BAL,86.0,86,86,1.6,1.1,0.6,1,1,0,62,5,0,0.0%,0,0,0,0,0,0,0.00,0,0,0,0,0.00,0.00,1,-1,0,0,0,1,7,6,6.0,6.0,0,0,0,6,0,NA,0,0,8.0%,NA,NA,NA,0,NA,0,1,0.000,0.0,2,4.5%,3.00,0,NA,NA,NA,NA,NA,0.000,NA,6,vs CHI,9,·,2.8,-1.2,0.0
8,11570,Rasheen Ali,RB,24.6,BAL,999.0,999,999,0,0,0,1,0,0,62,0,0,0.0%,0,0,0,0,0,0,0.00,0,0,0,0,0.00,0.00,0,0,0,0,0,0,0,0,0.0,0.0,0,0,0,0,0,NA,0,0,0.0%,NA,NA,NA,0,NA,0,0,NA,0.0,NA,NA,NA,0,NA,NA,NA,NA,NA,NA,NA,0,vs CHI,11,·,·,·,0.0
8,10214,Davis Allen,TE,24.6,LAR,0.0,0,0,0,0,0,0,0,0,0,0,0,0.0%,0,0,0,0,0,0,0.00,0,0,0,0,0.00,0.00,0,0,0,0,0,0,0,0,0.0,0.0,0,0,0,0,0,NA,0,0,0.0%,NA,NA,NA,0,NA,0,0,NA,NA,NA,NA,NA,0,NA,NA,NA,NA,NA,NA,NA,0,BYE,BYE,BYE,BYE,BYE,0.0
8,10867,Jake Bobo,WR,27.2,SEA,0.0,0,0,0,0,0,0,0,0,0,0,0,0.0%,0,0,0,0,0,0,0.00,0,0,0,0,0.00,0.00,0,0,0,0,0,0,0,0,0.0,0.0,0,0,0,0,0,NA,0,0,0.0%,NA,NA,NA,0,NA,0,0,NA,NA,NA,NA,NA,0,NA,NA,NA,NA,NA,NA,NA,0,BYE,BYE,BYE,BYE,BYE,0.0
8,8162,Sam Howell,QB,25.0,PHI,0.0,0,0,0,0,0,0,0,0,0,0,0,0.0%,0,0,0,0,0,0,0.00,0,0,0,0,0.00,0.00,0,0,0,0,0,0,0,0,0.0,0.0,0,0,0,0,0,NA,0,0,0.0%,NA,NA,NA,0,NA,0,0,NA,NA,NA,NA,NA,0,NA,NA,NA,NA,NA,NA,NA,0,vs NYG,3,OUT,OUT,OUT,0.0
8,6938,Cam Akers,RB,26.3,MIN,999.0,999,999,0,0,0,1,0,0,0,0,0,0.0%,0,0,0,0,0,0,0.00,0,0,0,0,0.00,0.00,0,0,0,0,0,0,0,0,0.0,0.0,0,0,0,0,0,NA,0,0,0.0%,NA,NA,NA,0,NA,0,0,NA,NA,NA,NA,NA,0,NA,NA,NA,NA,NA,NA,NA,0,@ LAC,8,·,·,·,0.0
8,11617,Malachi Corley,WR,23.5,CLE,73.0,66,58,3.1,3.1,3.1,1,1,0,54,4,0,0.0%,0,0,0,0,0,0,0.00,31,0,0,0,0.00,0.00,0,0,0,0,0,0,0,0,0.0,0.0,1,0,1,31,0,NA,31,31,7.0%,NA,NA,NA,1,NA,1,1,1.000,1.0,2,0.0%,0.00,0,NA,NA,NA,NA,NA,0.000,NA,31,@ NE,11,·,0.8,2.3,0.0
8,1234,Russell Wilson,QB,36.8,NYG,999.0,999,999,0,0,0,1,0,0,52,0,0,0.0%,0,0,0,0,0,0,0.00,0,0,0,0,0.00,0.00,0,0,0,0,0,0,0,0,0.0,0.0,0,0,0,0,0,NA,0,0,0.0%,NA,NA,NA,0,NA,0,0,NA,NA,NA,NA,NA,0,NA,NA,NA,NA,NA,NA,NA,0,@ PHI,19,·,·,·,0.0
8,8254,Julius Chestnut,RB,24.9,TEN,65.0,64,64,0.5,0.5,0.5,1,1,0,71,2,0,0.0%,0,0,0,0,0,0,0.00,5,0,0,0,0.00,0.00,0,0,0,0,0,0,0,0,0.0,0.0,2,0,0,5,0,3,5,2.5,3.0%,0,1.50,0.000,0,0.150,0,2,0.000,0.0,NA,0.0%,NA,0,NA,NA,NA,NA,NA,NA,NA,5,@ IND,28,·,0.3,0.2,0.0
8,4080,Zay Jones,WR,30.5,ARI,0.0,0,0,0,0,0,0,0,0,0,0,0,0.0%,0,0,0,0,0,0,0.00,0,0,0,0,0.00,0.00,0,0,0,0,0,0,0,0,0.0,0.0,0,0,0,0,0,NA,0,0,0.0%,NA,NA,NA,0,NA,0,0,NA,NA,NA,NA,NA,0,NA,NA,NA,NA,NA,NA,NA,0,BYE,BYE,BYE,BYE,BYE,0.0
8,6960,Tyler Johnson,WR,27.1,NYJ,16.0,13,10,15.4,13.9,12.4,1,1,1,72,56,0,0.0%,0,0,0,0,0,0,0.00,0,0,0,0,0.00,0.00,3,46,0,2,1,5,18,64,21.3,12.8,0,0,0,64,0,NA,0,0,78.0%,NA,NA,NA,0,NA,3,5,0.600,3.0,27,15.2%,2.37,0,NA,NA,NA,NA,NA,0.074,NA,64,@ CIN,23,·,2.8,12.6,1.0
8,7568,Brevin Jordan,TE,25.2,HOU,999.0,999,999,0,0,0,1,0,0,0,0,0,0.0%,0,0,0,0,0,0,0.00,0,0,0,0,0.00,0.00,0,0,0,0,0,0,0,0,0.0,0.0,0,0,0,0,0,NA,0,0,0.0%,NA,NA,NA,0,NA,0,0,NA,NA,NA,NA,NA,0,NA,NA,NA,NA,NA,NA,NA,0,vs SF,8,IR,IR,IR,0.0
8,6828,AJ Dillon,RB,27.4,PHI,999.0,999,999,0,0,0,1,0,0,57,0,0,0.0%,0,0,0,0,0,0,0.00,0,0,0,0,0.00,0.00,0,0,0,0,0,0,0,0,0.0,0.0,0,0,0,0,0,NA,0,0,0.0%,NA,NA,NA,0,NA,0,0,NA,NA,NA,NA,NA,0,NA,NA,NA,NA,NA,NA,NA,0,vs NYG,16,·,0.7,-0.7,0.0
8,9230,Tanner McKee,QB,25.4,PHI,33.0,33,33,-0.2,-0.2,-0.2,1,1,0,57,4,0,0.0%,0,0,0,0,0,0,0.00,-2,0,0,0,0.00,0.00,0,0,0,0,0,0,0,0,0.0,0.0,3,0,0,-2,0,NA,-2,-0.67,7.0%,NA,NA,NA,0,NA,0,3,NA,NA,NA,NA,NA,0,NA,0.00,0.0%,0.0%,0.0,NA,0,-2,vs NYG,3,·,·,·,0.0
8,9227,Israel Abanikanda,RB,23.0,FA,0.0,0,0,0,0,0,0,0,0,0,0,0,0.0%,0,0,0,0,0,0,0.00,0,0,0,0,0.00,0.00,0,0,0,0,0,0,0,0,0.0,0.0,0,0,0,0,0,NA,0,0,0.0%,NA,NA,NA,0,NA,0,0,NA,NA,NA,NA,NA,0,NA,NA,NA,NA,NA,NA,NA,0,NA,,·,·,·,0.0
8,7610,Trey Lance,QB,25.4,LAC,999.0,999,999,0,0,0,1,0,0,73,0,0,0.0%,0,0,0,0,0,0,0.00,0,0,0,0,0.00,0.00,0,0,0,0,0,0,0,0,0.0,0.0,0,0,0,0,0,NA,0,0,0.0%,NA,NA,NA,0,NA,0,0,NA,NA,NA,NA,NA,0,NA,NA,NA,NA,NA,NA,NA,0,vs MIN,10,·,·,·,0.0
8,4171,Josh Reynolds,WR,30.6,NYJ,999.0,999,999,0,0,0,1,0,0,0,0,0,0.0%,0,0,0,0,0,0,0.00,0,0,0,0,0.00,0.00,0,0,0,0,0,0,0,0,0.0,0.0,0,0,0,0,0,NA,0,0,0.0%,NA,NA,NA,0,NA,0,0,NA,NA,NA,NA,NA,0,NA,NA,NA,NA,NA,NA,NA,0,@ CIN,23,IR,IR,IR,0.0
8,8172,Greg Dulcich,TE,25.5,MIA,999.0,999,999,0,0,0,1,1,0,69,19,0,0.0%,0,0,0,0,0,0,0.00,0,0,0,0,0.00,0.00,0,0,0,0,0,0,0,0,0.0,0.0,0,0,0,0,0,NA,0,0,28.0%,NA,NA,NA,0,NA,0,0,NA,0.0,9,0.0%,0.00,0,NA,NA,NA,NA,NA,0.000,NA,0,@ ATL,32,·,3.2,-3.2,0.0
8,4381,Taysom Hill,TE,35.1,NO,41.0,40,39,2.2,1.7,1.2,1,1,0,72,5,0,0.0%,0,0,0,0,0,0,0.00,6,0,0,0,0.00,0.00,1,2,0,0,0,1,4,6,6.0,6.0,2,0,1,12,0,NA,6,3,7.0%,NA,NA,NA,1,NA,1,3,0.333,1.0,NA,NA,NA,0,NA,0.00,0.0%,0.0%,0.0,NA,0,12,vs TB,18,·,4.9,-2.7,0.0
8,12718,Konata Mumpfield,WR,22.9,LAR,0.0,0,0,0,0,0,0,0,0,0,0,0,0.0%,0,0,0,0,0,0,0.00,0,0,0,0,0.00,0.00,0,0,0,0,0,0,0,0,0.0,0.0,0,0,0,0,0,NA,0,0,0.0%,NA,NA,NA,0,NA,0,0,NA,NA,NA,NA,NA,0,NA,NA,NA,NA,NA,NA,NA,0,BYE,BYE,BYE,BYE,BYE,0.0
8,11994,Kameron Johnson,WR,23.5,TB,999.0,999,999,0,0,0,1,1,0,58,6,0,0.0%,0,0,0,0,0,0,0.00,0,0,0,0,0.00,0.00,0,0,0,0,0,0,0,0,0.0,0.0,0,0,0,0,0,NA,0,0,10.0%,NA,NA,NA,0,NA,0,0,NA,0.0,1,0.0%,0.00,0,NA,NA,NA,NA,NA,0.000,NA,0,@ NO,16,·,2.1,-2.1,0.0
8,11595,Jared Wiley,TE,24.9,KC,0.0,0,0,0,0,0,0,0,0,0,0,0,0.0%,0,0,0,0,0,0,0.00,0,0,0,0,0.00,0.00,0,0,0,0,0,0,0,0,0.0,0.0,0,0,0,0,0,NA,0,0,0.0%,NA,NA,NA,0,NA,0,0,NA,NA,NA,NA,NA,0,NA,NA,NA,NA,NA,NA,NA,0,vs WAS,14,·,0.4,-0.4,0.0
8,11615,Ainias Smith,WR,24.3,CAR,999.0,999,999,0,0,0,1,0,0,0,0,0,0.0%,0,0,0,0,0,0,0.00,0,0,0,0,0.00,0.00,0,0,0,0,0,0,0,0,0.0,0.0,0,0,0,0,0,NA,0,0,0.0%,NA,NA,NA,0,NA,0,0,NA,NA,NA,NA,NA,0,NA,NA,NA,NA,NA,NA,NA,0,vs BUF,24,·,·,·,0.0
8,9999,Will Levis,QB,26.2,TEN,999.0,999,999,0,0,0,1,0,0,0,0,0,0.0%,0,0,0,0,0,0,0.00,0,0,0,0,0.00,0.00,0,0,0,0,0,0,0,0,0.0,0.0,0,0,0,0,0,NA,0,0,0.0%,NA,NA,NA,0,NA,0,0,NA,NA,NA,NA,NA,0,NA,NA,NA,NA,NA,NA,NA,0,@ IND,13,IR,IR,IR,0.0
8,8204,Bo Melton,WR,26.2,GB,999.0,999,999,0,0,0,1,1,0,64,1,0,0.0%,0,0,0,0,0,0,0.00,0,0,0,0,0.00,0.00,0,0,0,0,0,0,0,0,0.0,0.0,0,0,0,0,0,NA,0,0,2.0%,NA,NA,NA,0,NA,0,0,NA,0.0,NA,NA,NA,0,NA,NA,NA,NA,NA,NA,NA,0,@ PIT,6,·,·,·,0.0
8,8168,Skyy Moore,WR,25.0,SF,999.0,999,999,0,0,0,1,1,0,48,9,0,0.0%,0,0,0,0,0,0,0.00,0,0,0,0,0.00,0.00,0,0,0,0,0,1,0,0,0.0,0.0,0,0,0,0,0,NA,0,0,19.0%,NA,NA,NA,0,NA,0,1,0.000,0.0,6,3.1%,0.00,0,NA,NA,NA,NA,NA,0.000,NA,0,@ HOU,28,·,2.0,-2.0,0.0
8,5854,Drew Lock,QB,28.9,SEA,0.0,0,0,0,0,0,0,0,0,0,0,0,0.0%,0,0,0,0,0,0,0.00,0,0,0,0,0.00,0.00,0,0,0,0,0,0,0,0,0.0,0.0,0,0,0,0,0,NA,0,0,0.0%,NA,NA,NA,0,NA,0,0,NA,NA,NA,NA,NA,0,NA,NA,NA,NA,NA,NA,NA,0,BYE,BYE,BYE,BYE,BYE,0.0
8,2374,Tyler Lockett,WR,33.0,TEN,0.0,0,0,0,0,0,0,0,0,0,0,0,0.0%,0,0,0,0,0,0,0.00,0,0,0,0,0.00,0.00,0,0,0,0,0,0,0,0,0.0,0.0,0,0,0,0,0,NA,0,0,0.0%,NA,NA,NA,0,NA,0,0,NA,NA,NA,NA,NA,0,NA,NA,NA,NA,NA,NA,NA,0,@ IND,2,·,·,·,0.0
8,4177,Mack Hollins,WR,32.0,NE,15.0,17,24,15.9,12.4,8.9,1,1,1,68,49,0,0.0%,0,0,0,0,0,0,0.00,0,0,0,0,0.00,0.00,7,58,0,4,0,7,31,89,12.7,12.7,0,0,0,89,0,NA,0,0,72.0%,NA,NA,NA,0,NA,4,7,0.571,4.0,23,29.2%,3.87,0,NA,NA,NA,NA,NA,0.174,NA,89,vs CLE,19,·,3.8,12.1,0.0
8,11748,Bub Means,WR,24.7,NO,999.0,999,999,0,0,0,1,0,0,0,0,0,0.0%,0,0,0,0,0,0,0.00,0,0,0,0,0.00,0.00,0,0,0,0,0,0,0,0,0.0,0.0,0,0,0,0,0,NA,0,0,0.0%,NA,NA,NA,0,NA,0,0,NA,NA,NA,NA,NA,0,NA,NA,NA,NA,NA,NA,NA,0,vs TB,21,IR,IR,IR,0.0
8,11573,Frank Gore Jr.,RB,23.5,BUF,999.0,999,999,0,0,0,1,0,0,0,0,0,0.0%,0,0,0,0,0,0,0.00,0,0,0,0,0.00,0.00,0,0,0,0,0,0,0,0,0.0,0.0,0,0,0,0,0,NA,0,0,0.0%,NA,NA,NA,0,NA,0,0,NA,NA,NA,NA,NA,0,NA,NA,NA,NA,NA,NA,NA,0,@ CAR,24,·,·,·,0.0
8,7891,Brock Wright,TE,26.8,DET,0.0,0,0,0,0,0,0,0,0,0,0,0,0.0%,0,0,0,0,0,0,0.00,0,0,0,0,0.00,0.00,0,0,0,0,0,0,0,0,0.0,0.0,0,0,0,0,0,NA,0,0,0.0%,NA,NA,NA,0,NA,0,0,NA,NA,NA,NA,NA,0,NA,NA,NA,NA,NA,NA,NA,0,BYE,BYE,BYE,BYE,BYE,0.0
8,12699,LaJohntay Wester,WR,23.5,BAL,999.0,999,999,0,0,0,1,0,0,62,0,0,0.0%,0,0,0,0,0,0,0.00,0,0,0,0,0.00,0.00,0,0,0,0,0,0,0,0,0.0,0.0,0,0,0,0,0,NA,0,0,0.0%,NA,NA,NA,0,NA,0,0,NA,0.0,NA,NA,NA,0,NA,NA,NA,NA,NA,NA,NA,0,vs CHI,9,·,0.1,-0.1,0.0
8,6869,Adam Trautman,TE,28.6,DEN,999.0,999,999,0,0,0,1,1,1,63,40,0,0.0%,0,0,0,0,0,0,0.00,0,0,0,0,0.00,0.00,0,0,0,0,0,0,0,0,0.0,0.0,0,0,0,0,0,NA,0,0,63.0%,NA,NA,NA,0,NA,0,0,NA,0.0,9,0.0%,0.00,0,NA,NA,NA,NA,NA,0.000,NA,0,vs DAL,12,·,1.7,-1.7,0.0
8,10866,Aidan O'Connell,QB,27.1,LV,0.0,0,0,0,0,0,0,0,0,0,0,0,0.0%,0,0,0,0,0,0,0.00,0,0,0,0,0.00,0.00,0,0,0,0,0,0,0,0,0.0,0.0,0,0,0,0,0,NA,0,0,0.0%,NA,NA,NA,0,NA,0,0,NA,NA,NA,NA,NA,0,NA,NA,NA,NA,NA,NA,NA,0,BYE,BYE,BYE,BYE,BYE,0.0
8,11895,Mason Tipton,WR,25.0,NO,999.0,999,999,0,0,0,1,1,0,72,4,0,0.0%,0,0,0,0,0,0,0.00,0,0,0,0,0.00,0.00,0,0,0,0,0,1,0,0,0.0,0.0,0,0,0,0,0,NA,0,0,6.0%,NA,NA,NA,0,NA,0,1,0.000,0.0,3,2.0%,0.00,0,NA,NA,NA,NA,NA,0.000,NA,0,vs TB,21,·,·,·,0.0
8,8177,Grant Calcaterra,TE,26.8,PHI,999.0,999,999,0,0,0,1,1,1,57,36,0,0.0%,0,0,0,0,0,0,0.00,0,0,0,0,0.00,0.00,0,0,0,0,0,0,0,0,0.0,0.0,0,0,0,0,0,NA,0,0,61.0%,NA,NA,NA,0,NA,0,0,NA,0.0,9,0.0%,0.00,0,NA,NA,NA,NA,NA,0.000,NA,0,vs NYG,24,·,2.6,-2.6,0.0
8,11574,Dylan Laube,RB,25.8,LV,0.0,0,0,0,0,0,0,0,0,0,0,0,0.0%,0,0,0,0,0,0,0.00,0,0,0,0,0.00,0.00,0,0,0,0,0,0,0,0,0.0,0.0,0,0,0,0,0,NA,0,0,0.0%,NA,NA,NA,0,NA,0,0,NA,NA,NA,NA,NA,0,NA,NA,NA,NA,NA,NA,NA,0,BYE,BYE,BYE,BYE,BYE,0.0
8,11649,Kendall Milton,RB,23.6,CIN,999.0,999,999,0,0,0,1,0,0,0,0,0,0.0%,0,0,0,0,0,0,0.00,0,0,0,0,0.00,0.00,0,0,0,0,0,0,0,0,0.0,0.0,0,0,0,0,0,NA,0,0,0.0%,NA,NA,NA,0,NA,0,0,NA,NA,NA,NA,NA,0,NA,NA,NA,NA,NA,NA,NA,0,vs NYJ,20,·,·,·,0.0
8,8145,Jeremy Ruckert,TE,25.1,NYJ,33.0,30,26,3.4,2.9,2.4,1,1,0,72,37,0,0.0%,0,0,0,0,0,0,0.00,0,0,0,0,0.00,0.00,1,4,0,1,0,1,20,24,24.0,24.0,0,0,0,24,0,NA,0,0,51.0%,NA,NA,NA,0,NA,1,1,1.000,1.0,7,3.0%,3.43,0,NA,NA,NA,NA,NA,0.143,NA,24,@ CIN,1,·,2.4,1.0,0.0
8,2197,Brandin Cooks,WR,32.0,NO,61.0,63,68,5.2,3.7,2.2,1,1,0,72,44,0,0.0%,0,0,0,0,0,0,0.00,0,0,0,0,0.00,0.00,3,19,0,2,0,4,3,22,7.3,5.5,0,0,0,22,0,NA,0,0,61.0%,NA,NA,NA,0,NA,2,4,0.500,2.0,35,7.8%,0.63,0,NA,NA,NA,NA,NA,0.057,NA,22,vs TB,21,·,4.4,0.8,0.0
8,1837,Jimmy Garoppolo,QB,33.9,LAR,0.0,0,0,0,0,0,0,0,0,0,0,0,0.0%,0,0,0,0,0,0,0.00,0,0,0,0,0.00,0.00,0,0,0,0,0,0,0,0,0.0,0.0,0,0,0,0,0,NA,0,0,0.0%,NA,NA,NA,0,NA,0,0,NA,NA,NA,NA,NA,0,NA,NA,NA,NA,NA,NA,NA,0,BYE,BYE,BYE,BYE,BYE,0.0
8,8135,Treylon Burks,WR,25.5,WAS,999.0,999,999,0,0,0,1,0,0,0,0,0,0.0%,0,0,0,0,0,0,0.00,0,0,0,0,0.00,0.00,0,0,0,0,0,0,0,0,0.0,0.0,0,0,0,0,0,NA,0,0,0.0%,NA,NA,NA,0,NA,0,0,NA,NA,NA,NA,NA,0,NA,NA,NA,NA,NA,NA,NA,0,@ KC,2,·,·,·,0.0
8,11636,Johnny Wilson,WR,24.5,PHI,999.0,999,999,0,0,0,1,0,0,0,0,0,0.0%,0,0,0,0,0,0,0.00,0,0,0,0,0.00,0.00,0,0,0,0,0,0,0,0,0.0,0.0,0,0,0,0,0,NA,0,0,0.0%,NA,NA,NA,0,NA,0,0,NA,NA,NA,NA,NA,0,NA,NA,NA,NA,NA,NA,NA,0,vs NYG,3,IR,IR,IR,0.0
8,5185,Allen Lazard,WR,29.8,NYJ,87.0,87,87,1.5,1,0.5,1,1,1,72,56,0,0.0%,0,0,0,0,0,0,0.00,0,0,0,0,0.00,0.00,1,-2,0,0,0,2,7,5,5.0,2.5,0,0,0,5,0,NA,0,0,78.0%,NA,NA,NA,0,NA,0,2,0.000,0.0,26,6.1%,0.19,0,NA,NA,NA,NA,NA,0.000,NA,5,@ CIN,23,·,6.8,-5.3,0.0
8,9505,Deuce Vaughn,RB,23.9,DEN,999.0,999,999,0,0,0,1,0,0,0,0,0,0.0%,0,0,0,0,0,0,0.00,0,0,0,0,0.00,0.00,0,0,0,0,0,0,0,0,0.0,0.0,0,0,0,0,0,NA,0,0,0.0%,NA,NA,NA,0,NA,0,0,NA,NA,NA,NA,NA,0,NA,NA,NA,NA,NA,NA,NA,0,vs DAL,6,·,·,·,0.0
8,5973,Josh Oliver,TE,28.5,MIN,999.0,999,999,0,0,0,1,1,0,49,4,0,0.0%,0,0,0,0,0,0,0.00,0,0,0,0,0.00,0.00,0,0,0,0,0,0,0,0,0.0,0.0,0,0,0,0,0,NA,0,0,8.0%,NA,NA,NA,0,NA,0,0,NA,0.0,1,0.0%,0.00,0,NA,NA,NA,NA,NA,0.000,NA,0,@ LAC,23,Q,2.0,-2.0,0.0
8,7593,Trey Sermon,RB,26.7,PIT,999.0,999,999,0,0,0,1,0,0,0,0,0,0.0%,0,0,0,0,0,0,0.00,0,0,0,0,0.00,0.00,0,0,0,0,0,0,0,0,0.0,0.0,0,0,0,0,0,NA,0,0,0.0%,NA,NA,NA,0,NA,0,0,NA,NA,NA,NA,NA,0,NA,NA,NA,NA,NA,NA,NA,0,vs GB,29,·,·,·,0.0
8,5938,Lil'Jordan Humphrey,WR,27.4,NYG,999.0,999,999,0,0,0,1,1,0,52,33,0,0.0%,0,0,0,0,0,0,0.00,0,0,0,0,0.00,0.00,0,0,0,0,0,0,0,0,0.0,0.0,0,0,0,0,0,NA,0,0,63.0%,NA,NA,NA,0,NA,0,0,NA,0.0,22,0.0%,0.00,0,NA,NA,NA,NA,NA,0.000,NA,0,@ PHI,12,·,3.5,-3.5,0.0
8,10216,Kenny McIntosh,RB,25.6,SEA,0.0,0,0,0,0,0,0,0,0,0,0,0,0.0%,0,0,0,0,0,0,0.00,0,0,0,0,0.00,0.00,0,0,0,0,0,0,0,0,0.0,0.0,0,0,0,0,0,NA,0,0,0.0%,NA,NA,NA,0,NA,0,0,NA,NA,NA,NA,NA,0,NA,NA,NA,NA,NA,NA,NA,0,BYE,BYE,BYE,BYE,BYE,0.0
8,6853,Van Jefferson,WR,29.2,TEN,85.0,85,85,1.6,1.1,0.6,1,1,0,71,56,0,0.0%,0,0,0,0,0,0,0.00,0,0,0,0,0.00,0.00,1,5,0,0,0,8,1,6,6.0,0.8,0,0,0,6,0,NA,0,0,79.0%,NA,NA,NA,0,NA,0,8,0.000,0.0,36,21.1%,0.17,0,NA,NA,NA,NA,NA,0.000,NA,6,@ IND,2,·,6.4,-4.8,0.0
8,10234,Derius Davis,WR,25.0,LAC,999.0,999,999,0,0,0,1,1,0,73,3,0,0.0%,0,0,0,0,0,0,0.00,0,0,0,0,0.00,0.00,0,0,0,0,0,0,0,0,0.0,0.0,0,0,0,0,0,NA,0,0,4.0%,NA,NA,NA,0,NA,0,0,NA,0.0,1,0.0%,0.00,0,NA,NA,NA,NA,NA,0.000,NA,0,vs MIN,14,·,0.2,-0.2,0.0
8,6011,Gardner Minshew,QB,29.4,KC,999.0,999,999,0,0,0,1,0,0,69,0,0,0.0%,0,0,0,0,0,0,0.00,0,0,0,0,0.00,0.00,0,0,0,0,0,0,0,0,0.0,0.0,0,0,0,0,0,NA,0,0,0.0%,NA,NA,NA,0,NA,0,0,NA,NA,NA,NA,NA,0,NA,NA,NA,NA,NA,NA,NA,0,vs WAS,8,·,·,·,0.0
8,12715,Thomas Fidone,TE,23.0,NYG,999.0,999,999,0,0,0,1,0,0,52,0,0,0.0%,0,0,0,0,0,0,0.00,0,0,0,0,0.00,0.00,0,0,0,0,0,0,0,0,0.0,0.0,0,0,0,0,0,NA,0,0,0.0%,NA,NA,NA,0,NA,0,0,NA,0.0,NA,NA,NA,0,NA,NA,NA,NA,NA,NA,NA,0,@ PHI,29,·,·,·,0.0
8,12494,Kyle McCord,QB,23.0,PHI,999.0,999,999,0,0,0,1,0,0,0,0,0,0.0%,0,0,0,0,0,0,0.00,0,0,0,0,0.00,0.00,0,0,0,0,0,0,0,0,0.0,0.0,0,0,0,0,0,NA,0,0,0.0%,NA,NA,NA,0,NA,0,0,NA,NA,NA,NA,NA,0,NA,NA,NA,NA,NA,NA,NA,0,vs NYG,3,·,·,·,0.0
8,7083,Tyler Huntley,QB,27.6,BAL,16.0,16,16,16.74,16.74,16.74,1,1,1,62,62,0,77.3%,144,22,17,7,5,0,116.90,239,2,1,186,8.45,10.94,0,0,0,0,0,0,0,0,0.0,0.0,8,0,4,53,0,NA,53,6.63,100.0%,NA,NA,NA,4,NA,12,30,NA,NA,NA,NA,NA,8,36.4%,2.64,9.1%,11.1%,9.3,NA,27,239,vs CHI,7,·,17.3,-0.6,1.0
8,4147,Samaje Perine,RB,30.0,CIN,14.0,12,11,17,16.5,16,1,1,0,59,25,0,0.0%,0,0,0,0,0,0,0.00,94,0,0,0,0.00,0.00,1,-2,0,0,0,1,8,6,6.0,6.0,9,3,4,100,1,72,94,10.44,42.0%,7,8.00,0.778,5,1.578,5,10,0.500,5.0,NA,2.9%,NA,0,NA,NA,NA,NA,NA,NA,NA,100,vs NYJ,20,·,7.5,9.5,1.0
8,11306,Xavier Gipson,WR,24.6,PHI,88.0,89,90,1.3,0.8,0.3,1,1,0,57,5,0,0.0%,0,0,0,0,0,0,0.00,0,0,0,0,0.00,0.00,1,-5,0,0,0,1,8,3,3.0,3.0,0,0,0,3,0,NA,0,0,8.0%,NA,NA,NA,0,NA,0,1,0.000,0.0,2,5.0%,1.50,0,NA,NA,NA,NA,NA,0.000,NA,3,vs NYG,3,·,1.3,0.0,0.0
8,5987,Alexander Mattison,RB,27.3,MIA,999.0,999,999,0,0,0,1,0,0,0,0,0,0.0%,0,0,0,0,0,0,0.00,0,0,0,0,0.00,0.00,0,0,0,0,0,0,0,0,0.0,0.0,0,0,0,0,0,NA,0,0,0.0%,NA,NA,NA,0,NA,0,0,NA,NA,NA,NA,NA,0,NA,NA,NA,NA,NA,NA,NA,0,@ ATL,18,IR,IR,IR,0.0
8,5985,Foster Moreau,TE,28.4,NO,999.0,999,999,0,0,0,1,1,1,72,13,0,0.0%,0,0,0,0,0,0,0.00,0,0,0,0,0.00,0.00,0,0,0,0,0,1,0,0,0.0,0.0,0,0,0,0,0,NA,0,0,18.0%,NA,NA,NA,0,NA,0,1,0.000,0.0,7,2.0%,0.00,0,NA,NA,NA,NA,NA,0.000,NA,0,vs TB,18,·,0.6,-0.6,0.0
8,11210,Malik Heath,WR,25.6,GB,58.0,59,60,5.9,4.4,2.9,1,1,0,64,21,0,0.0%,0,0,0,0,0,0,0.00,0,0,0,0,0.00,0.00,3,7,0,2,0,3,22,29,9.7,9.7,0,0,0,29,0,NA,0,0,33.0%,NA,NA,NA,0,NA,2,3,0.667,2.0,8,8.1%,3.63,0,NA,NA,NA,NA,NA,0.250,NA,29,@ PIT,6,·,3.6,2.3,0.0
8,6920,Isaiah Hodgins,WR,26.9,PIT,999.0,999,999,0,0,0,1,0,0,0,0,0,0.0%,0,0,0,0,0,0,0.00,0,0,0,0,0.00,0.00,0,0,0,0,0,0,0,0,0.0,0.0,0,0,0,0,0,NA,0,0,0.0%,NA,NA,NA,0,NA,0,0,NA,NA,NA,NA,NA,0,NA,NA,NA,NA,NA,NA,NA,0,vs GB,17,·,·,·,0.0
8,827,Tyrod Taylor,QB,36.2,NYJ,0.0,0,0,0,0,0,0,0,0,0,0,0,0.0%,0,0,0,0,0,0,0.00,0,0,0,0,0.00,0.00,0,0,0,0,0,0,0,0,0.0,0.0,0,0,0,0,0,NA,0,0,0.0%,NA,NA,NA,0,NA,0,0,NA,NA,NA,NA,NA,0,NA,NA,NA,NA,NA,NA,NA,0,@ CIN,9,OUT,OUT,OUT,0.0
8,4351,Tim Patrick,WR,31.8,JAX,0.0,0,0,0,0,0,0,0,0,0,0,0,0.0%,0,0,0,0,0,0,0.00,0,0,0,0,0.00,0.00,0,0,0,0,0,0,0,0,0.0,0.0,0,0,0,0,0,NA,0,0,0.0%,NA,NA,NA,0,NA,0,0,NA,NA,NA,NA,NA,0,NA,NA,NA,NA,NA,NA,NA,0,BYE,BYE,BYE,BYE,BYE,0.0
8,5917,Mecole Hardman,WR,27.6,FA,0.0,0,0,0,0,0,0,0,0,0,0,0,0.0%,0,0,0,0,0,0,0.00,0,0,0,0,0.00,0.00,0,0,0,0,0,0,0,0,0.0,0.0,0,0,0,0,0,NA,0,0,0.0%,NA,NA,NA,0,NA,0,0,NA,NA,NA,NA,NA,0,NA,NA,NA,NA,NA,NA,NA,0,NA,,·,·,·,0.0
8,6850,Harrison Bryant,TE,27.4,HOU,999.0,999,999,0,0,0,1,1,0,80,22,0,0.0%,0,0,0,0,0,0,0.00,0,0,0,0,0.00,0.00,0,0,1,0,0,1,0,0,0.0,0.0,0,0,0,0,0,NA,0,0,28.0%,NA,NA,NA,0,NA,0,1,0.000,0.0,3,2.6%,0.00,0,NA,NA,NA,NA,NA,0.000,NA,0,vs SF,8,·,3.8,-3.8,0.0
8,8118,David Bell,WR,24.8,CLE,0.0,0,0,0,0,0,0,0,0,0,0,0,0.0%,0,0,0,0,0,0,0.00,0,0,0,0,0.00,0.00,0,0,0,0,0,0,0,0,0.0,0.0,0,0,0,0,0,NA,0,0,0.0%,NA,NA,NA,0,NA,0,0,NA,NA,NA,NA,NA,0,NA,NA,NA,NA,NA,NA,NA,0,@ NE,11,NA,NA,NA,0.0
8,11729,Sione Vaki,RB,24.2,DET,0.0,0,0,0,0,0,0,0,0,0,0,0,0.0%,0,0,0,0,0,0,0.00,0,0,0,0,0.00,0.00,0,0,0,0,0,0,0,0,0.0,0.0,0,0,0,0,0,NA,0,0,0.0%,NA,NA,NA,0,NA,0,0,NA,NA,NA,NA,NA,0,NA,NA,NA,NA,NA,NA,NA,0,BYE,BYE,BYE,BYE,BYE,0.0
8,5086,Marquez Valdes-Scantling,WR,31.0,SF,0.0,0,0,0,0,0,0,0,0,0,0,0,0.0%,0,0,0,0,0,0,0.00,0,0,0,0,0.00,0.00,0,0,0,0,0,0,0,0,0.0,0.0,0,0,0,0,0,NA,0,0,0.0%,NA,NA,NA,0,NA,0,0,NA,NA,NA,NA,NA,0,NA,NA,NA,NA,NA,NA,NA,0,@ HOU,28,Q,Q,Q,0.0
8,829,Andy Dalton,QB,37.9,CAR,28.0,28,28,2.1,2.1,2.1,1,1,1,61,61,2,66.7%,124,24,16,11,8,1,70.70,176,7,0,175,7.29,10.94,0,0,0,0,0,0,0,0,0.0,0.0,2,0,0,1,0,NA,1,0.5,100.0%,NA,NA,NA,0,NA,11,26,NA,NA,NA,NA,NA,11,45.8%,2.66,0.0%,43.8%,7.9,NA,32,176,vs BUF,21,·,17.2,-15.1,0.0
8,3257,Jacoby Brissett,QB,32.8,ARI,0.0,0,0,0,0,0,0,0,0,0,0,0,0.0%,0,0,0,0,0,0,0.00,0,0,0,0,0.00,0.00,0,0,0,0,0,0,0,0,0.0,0.0,0,0,0,0,0,NA,0,0,0.0%,NA,NA,NA,0,NA,0,0,NA,NA,NA,NA,NA,0,NA,NA,NA,NA,NA,NA,NA,0,BYE,BYE,BYE,BYE,BYE,0.0
8,7608,Khalil Herbert,RB,27.4,SEA,999.0,999,999,0,0,0,1,0,0,72,0,0,0.0%,0,0,0,0,0,0,0.00,0,0,0,0,0.00,0.00,0,0,0,0,0,0,0,0,0.0,0.0,0,0,0,0,0,NA,0,0,0.0%,NA,NA,NA,0,NA,0,0,NA,0.0,NA,NA,NA,0,NA,NA,NA,NA,NA,NA,NA,0,BYE,BYE,BYE,BYE,BYE,0.0
8,3634,Kalif Raymond,WR,31.1,DET,0.0,0,0,0,0,0,0,0,0,0,0,0,0.0%,0,0,0,0,0,0,0.00,0,0,0,0,0.00,0.00,0,0,0,0,0,0,0,0,0.0,0.0,0,0,0,0,0,NA,0,0,0.0%,NA,NA,NA,0,NA,0,0,NA,NA,NA,NA,NA,0,NA,NA,NA,NA,NA,NA,NA,0,BYE,BYE,BYE,BYE,BYE,0.0
8,6126,Irv Smith,TE,27.1,HOU,0.0,0,0,0,0,0,0,0,0,0,0,0,0.0%,0,0,0,0,0,0,0.00,0,0,0,0,0.00,0.00,0,0,0,0,0,0,0,0,0.0,0.0,0,0,0,0,0,NA,0,0,0.0%,NA,NA,NA,0,NA,0,0,NA,NA,NA,NA,NA,0,NA,NA,NA,NA,NA,NA,NA,0,vs SF,8,Q,Q,Q,0.0
8,10857,Stetson Bennett,QB,27.9,LAR,0.0,0,0,0,0,0,0,0,0,0,0,0,0.0%,0,0,0,0,0,0,0.00,0,0,0,0,0.00,0.00,0,0,0,0,0,0,0,0,0.0,0.0,0,0,0,0,0,NA,0,0,0.0%,NA,NA,NA,0,NA,0,0,NA,NA,NA,NA,NA,0,NA,NA,NA,NA,NA,NA,NA,0,BYE,BYE,BYE,BYE,BYE,0.0
8,6144,Trayveon Williams,RB,27.9,FA,999.0,999,999,0,0,0,1,0,0,0,0,0,0.0%,0,0,0,0,0,0,0.00,0,0,0,0,0.00,0.00,0,0,0,0,0,0,0,0,0.0,0.0,0,0,0,0,0,NA,0,0,0.0%,NA,NA,NA,0,NA,0,0,NA,NA,NA,NA,NA,0,NA,NA,NA,NA,NA,NA,NA,0,NA,,·,·,·,0.0
8,12473,Mitchell Evans,TE,22.5,CAR,999.0,999,999,0,0,0,1,1,1,61,16,0,0.0%,0,0,0,0,0,0,0.00,0,0,0,0,0.00,0.00,0,0,0,0,0,0,0,0,0.0,0.0,0,0,0,0,0,NA,0,0,26.0%,NA,NA,NA,0,NA,0,0,NA,0.0,3,0.0%,0.00,0,NA,NA,NA,NA,NA,0.000,NA,0,vs BUF,31,·,1.7,-1.7,0.0
8,5374,Justin Watson,WR,29.5,HOU,999.0,999,999,0,0,0,1,0,0,0,0,0,0.0%,0,0,0,0,0,0,0.00,0,0,0,0,0.00,0.00,0,0,0,0,0,0,0,0,0.0,0.0,0,0,0,0,0,NA,0,0,0.0%,NA,NA,NA,0,NA,0,0,NA,NA,NA,NA,NA,0,NA,NA,NA,NA,NA,NA,NA,0,vs SF,18,IR,IR,IR,0.0
8,10223,Eric Gray,RB,25.9,NYG,999.0,999,999,0,0,0,1,0,0,0,0,0,0.0%,0,0,0,0,0,0,0.00,0,0,0,0,0.00,0.00,0,0,0,0,0,0,0,0,0.0,0.0,0,0,0,0,0,NA,0,0,0.0%,NA,NA,NA,0,NA,0,0,NA,NA,NA,NA,NA,0,NA,NA,NA,NA,NA,NA,NA,0,@ PHI,9,PUP,PUP,PUP,0.0
8,6012,Travis Homer,RB,27.1,CHI,999.0,999,999,0,0,0,1,0,0,63,0,0,0.0%,0,0,0,0,0,0,0.00,0,0,0,0,0.00,0.00,0,0,0,0,0,0,0,0,0.0,0.0,0,0,0,0,0,NA,0,0,0.0%,NA,NA,NA,0,NA,0,0,NA,0.0,NA,NA,NA,0,NA,NA,NA,NA,NA,NA,NA,0,@ BAL,2,·,·,·,0.0
8,3202,Austin Hooper,TE,30.9,NE,22.0,22,19,5.8,4.8,3.8,1,1,1,68,39,0,0.0%,0,0,0,0,0,0,0.00,0,0,0,0,0.00,0.00,2,23,0,1,0,2,15,38,19.0,19.0,0,0,0,38,0,NA,0,0,57.0%,NA,NA,NA,0,NA,1,2,0.500,1.0,9,8.3%,4.22,0,NA,NA,NA,NA,NA,0.111,NA,38,vs CLE,20,·,2.4,3.4,0.0
8,4972,Mason Rudolph,QB,30.2,PIT,999.0,999,999,0,0,0,1,0,0,63,0,0,0.0%,0,0,0,0,0,0,0.00,0,0,0,0,0.00,0.00,0,0,0,0,0,0,0,0,0.0,0.0,0,0,0,0,0,NA,0,0,0.0%,NA,NA,NA,0,NA,0,0,NA,NA,NA,NA,NA,0,NA,NA,NA,NA,NA,NA,NA,0,vs GB,17,·,·,·,0.0
8,9489,Justin Shorter,WR,25.4,LV,0.0,0,0,0,0,0,0,0,0,0,0,0,0.0%,0,0,0,0,0,0,0.00,0,0,0,0,0.00,0.00,0,0,0,0,0,0,0,0,0.0,0.0,0,0,0,0,0,NA,0,0,0.0%,NA,NA,NA,0,NA,0,0,NA,NA,NA,NA,NA,0,NA,NA,NA,NA,NA,NA,NA,0,BYE,BYE,BYE,BYE,BYE,0.0
8,8219,Jelani Woods,TE,27.0,NYJ,999.0,999,999,0,0,0,1,1,0,72,1,0,0.0%,0,0,0,0,0,0,0.00,0,0,0,0,0.00,0.00,0,0,0,0,0,0,0,0,0.0,0.0,0,0,0,0,0,NA,0,0,1.0%,NA,NA,NA,0,NA,0,0,NA,0.0,NA,NA,NA,0,NA,NA,NA,NA,NA,NA,NA,0,@ CIN,1,·,0.1,-0.1,0.0
8,7535,Hunter Long,TE,27.1,JAX,0.0,0,0,0,0,0,0,0,0,0,0,0,0.0%,0,0,0,0,0,0,0.00,0,0,0,0,0.00,0.00,0,0,0,0,0,0,0,0,0.0,0.0,0,0,0,0,0,NA,0,0,0.0%,NA,NA,NA,0,NA,0,0,NA,NA,NA,NA,NA,0,NA,NA,NA,NA,NA,NA,NA,0,BYE,BYE,BYE,BYE,BYE,0.0
8,9495,Rakim Jarrett,WR,24.7,FA,0.0,0,0,0,0,0,0,0,0,0,0,0,0.0%,0,0,0,0,0,0,0.00,0,0,0,0,0.00,0.00,0,0,0,0,0,0,0,0,0.0,0.0,0,0,0,0,0,NA,0,0,0.0%,NA,NA,NA,0,NA,0,0,NA,NA,NA,NA,NA,0,NA,NA,NA,NA,NA,NA,NA,0,NA,,·,·,·,0.0
8,12048,George Holani,RB,25.8,SEA,0.0,0,0,0,0,0,0,0,0,0,0,0,0.0%,0,0,0,0,0,0,0.00,0,0,0,0,0.00,0.00,0,0,0,0,0,0,0,0,0.0,0.0,0,0,0,0,0,NA,0,0,0.0%,NA,NA,NA,0,NA,0,0,NA,NA,NA,NA,NA,0,NA,NA,NA,NA,NA,NA,NA,0,BYE,BYE,BYE,BYE,BYE,0.0
8,7757,Ben Skowronek,WR,28.2,PIT,78.0,79,77,2.3,1.8,1.3,1,1,0,63,11,0,0.0%,0,0,0,0,0,0,0.00,0,0,0,0,0.00,0.00,1,6,0,1,0,1,7,13,13.0,13.0,0,0,0,13,0,NA,0,0,17.0%,NA,NA,NA,0,NA,1,1,1.000,1.0,5,2.8%,2.60,0,NA,NA,NA,NA,NA,0.200,NA,13,vs GB,17,·,0.3,2.0,0.0
8,6427,Ashton Dulin,WR,28.4,IND,96.0,96,95,0.2,-0.3,-0.8,1,1,0,53,13,0,0.0%,0,0,0,0,0,0,0.00,0,0,0,0,0.00,0.00,1,-8,0,0,0,1,0,-8,-8.0,-8.0,0,0,0,-8,0,NA,0,0,25.0%,NA,NA,NA,0,NA,0,1,0.000,0.0,8,3.2%,-1.00,0,NA,NA,NA,NA,NA,0.000,NA,-8,vs TEN,13,·,1.4,-1.2,0.0
8,6001,Drew Sample,TE,29.4,CIN,999.0,999,999,0,0,0,1,1,0,59,32,0,0.0%,0,0,0,0,0,0,0.00,0,0,0,0,0.00,0.00,0,0,0,0,0,0,0,0,0.0,0.0,0,0,0,0,0,NA,0,0,54.0%,NA,NA,NA,0,NA,0,0,NA,0.0,9,0.0%,0.00,0,NA,NA,NA,NA,NA,0.000,NA,0,vs NYJ,9,·,1.7,-1.7,0.0
8,8116,Pierre Strong Jr.,RB,26.8,GB,999.0,999,999,0,0,0,1,0,0,0,0,0,0.0%,0,0,0,0,0,0,0.00,0,0,0,0,0.00,0.00,0,0,0,0,0,0,0,0,0.0,0.0,0,0,0,0,0,NA,0,0,0.0%,NA,NA,NA,0,NA,0,0,NA,NA,NA,NA,NA,0,NA,NA,NA,NA,NA,NA,NA,0,@ PIT,21,·,·,·,0.0
8,6847,Devin Duvernay,WR,28.0,CHI,90.0,91,92,1.2,0.7,0.2,1,1,0,63,10,0,0.0%,0,0,0,0,0,0,0.00,0,0,0,0,0.00,0.00,1,2,0,0,0,3,0,2,2.0,0.7,0,0,0,2,0,NA,0,0,16.0%,NA,NA,NA,0,NA,0,3,0.000,0.0,9,7.9%,0.22,0,NA,NA,NA,NA,NA,0.000,NA,2,@ BAL,4,·,0.2,1.0,0.0
8,11716,Tip Reiman,TE,24.0,ARI,0.0,0,0,0,0,0,0,0,0,0,0,0,0.0%,0,0,0,0,0,0,0.00,0,0,0,0,0.00,0.00,0,0,0,0,0,0,0,0,0.0,0.0,0,0,0,0,0,NA,0,0,0.0%,NA,NA,NA,0,NA,0,0,NA,NA,NA,NA,NA,0,NA,NA,NA,NA,NA,NA,NA,0,BYE,BYE,BYE,BYE,BYE,0.0
8,7602,Kylen Granson,TE,27.5,PHI,999.0,999,999,0,0,0,1,1,0,57,9,0,0.0%,0,0,0,0,0,0,0.00,0,0,0,0,0.00,0.00,0,0,0,0,0,0,0,0,0.0,0.0,0,0,0,0,0,NA,0,0,15.0%,NA,NA,NA,0,NA,0,0,NA,0.0,1,0.0%,0.00,0,NA,NA,NA,NA,NA,0.000,NA,0,vs NYG,24,·,0.5,-0.5,0.0
8,2749,Raheem Mostert,RB,33.5,LV,0.0,0,0,0,0,0,0,0,0,0,0,0,0.0%,0,0,0,0,0,0,0.00,0,0,0,0,0.00,0.00,0,0,0,0,0,0,0,0,0.0,0.0,0,0,0,0,0,NA,0,0,0.0%,NA,NA,NA,0,NA,0,0,NA,NA,NA,NA,NA,0,NA,NA,NA,NA,NA,NA,NA,0,BYE,BYE,BYE,BYE,BYE,0.0
8,8127,Charlie Kolar,TE,26.6,BAL,14.0,12,10,8,7.5,7,1,1,0,62,25,0,0.0%,0,0,0,0,0,0,0.00,0,0,0,0,0.00,0.00,1,5,0,0,1,1,5,10,10.0,10.0,0,0,0,10,0,NA,0,0,40.0%,NA,NA,NA,0,NA,1,1,1.000,1.0,7,4.5%,1.43,0,NA,NA,NA,NA,NA,0.000,NA,10,vs CHI,16,·,1.0,7.0,1.0
8,7585,Davis Mills,QB,26.9,HOU,999.0,999,999,0,0,0,1,0,0,80,0,0,0.0%,0,0,0,0,0,0,0.00,0,0,0,0,0.00,0.00,0,0,0,0,0,0,0,0,0.0,0.0,0,0,0,0,0,NA,0,0,0.0%,NA,NA,NA,0,NA,0,0,NA,NA,NA,NA,NA,0,NA,NA,NA,NA,NA,NA,NA,0,vs SF,18,·,·,·,0.0
8,6290,Scotty Miller,WR,28.2,PIT,0.0,0,0,0,0,0,0,0,0,0,0,0,0.0%,0,0,0,0,0,0,0.00,0,0,0,0,0.00,0.00,0,0,0,0,0,0,0,0,0.0,0.0,0,0,0,0,0,NA,0,0,0.0%,NA,NA,NA,0,NA,0,0,NA,NA,NA,NA,NA,0,NA,NA,NA,NA,NA,NA,NA,0,vs GB,17,OUT,OUT,OUT,0.0
8,10228,Charlie Jones,WR,26.9,CIN,999.0,999,999,0,0,0,1,0,0,59,0,0,0.0%,0,0,0,0,0,0,0.00,0,0,0,0,0.00,0.00,0,0,0,0,0,0,0,0,0.0,0.0,0,0,0,0,0,NA,0,0,0.0%,NA,NA,NA,0,NA,0,0,NA,0.0,NA,NA,NA,0,NA,NA,NA,NA,NA,NA,NA,0,vs NYJ,25,·,0.2,-0.2,0.0
8,6659,Craig Reynolds,RB,29.3,DET,0.0,0,0,0,0,0,0,0,0,0,0,0,0.0%,0,0,0,0,0,0,0.00,0,0,0,0,0.00,0.00,0,0,0,0,0,0,0,0,0.0,0.0,0,0,0,0,0,NA,0,0,0.0%,NA,NA,NA,0,NA,0,0,NA,NA,NA,NA,NA,0,NA,NA,NA,NA,NA,NA,NA,0,BYE,BYE,BYE,BYE,BYE,0.0
8,4574,Cooper Rush,QB,31.8,BAL,999.0,999,999,0,0,0,1,0,0,62,0,0,0.0%,0,0,0,0,0,0,0.00,0,0,0,0,0.00,0.00,0,0,0,0,0,0,0,0,0.0,0.0,0,0,0,0,0,NA,0,0,0.0%,NA,NA,NA,0,NA,0,0,NA,NA,NA,NA,NA,0,NA,NA,NA,NA,NA,NA,NA,0,vs CHI,7,·,·,·,0.0
8,4663,Austin Ekeler,RB,30.4,WAS,999.0,999,999,0,0,0,1,0,0,0,0,0,0.0%,0,0,0,0,0,0,0.00,0,0,0,0,0.00,0.00,0,0,0,0,0,0,0,0,0.0,0.0,0,0,0,0,0,NA,0,0,0.0%,NA,NA,NA,0,NA,0,0,NA,NA,NA,NA,NA,0,NA,NA,NA,NA,NA,NA,NA,0,@ KC,26,IR,IR,IR,0.0
8,8489,Andrew Ogletree,TE,27.2,IND,999.0,999,999,0,0,0,1,1,0,53,11,0,0.0%,0,0,0,0,0,0,0.00,0,0,0,0,0.00,0.00,0,0,0,0,0,1,0,0,0.0,0.0,0,0,0,0,0,NA,0,0,21.0%,NA,NA,NA,0,NA,0,1,0.000,0.0,3,3.2%,0.00,0,NA,NA,NA,NA,NA,0.000,NA,0,vs TEN,26,·,0.8,-0.8,0.0
8,8159,Desmond Ridder,QB,26.1,MIN,0.0,0,0,0,0,0,0,0,0,0,0,0,0.0%,0,0,0,0,0,0,0.00,0,0,0,0,0.00,0.00,0,0,0,0,0,0,0,0,0.0,0.0,0,0,0,0,0,NA,0,0,0.0%,NA,NA,NA,0,NA,0,0,NA,NA,NA,NA,NA,0,NA,NA,NA,NA,NA,NA,NA,0,@ LAC,16,·,·,·,0.0
8,8253,Deven Thompkins,WR,25.8,ATL,999.0,999,999,0,0,0,1,0,0,0,0,0,0.0%,0,0,0,0,0,0,0.00,0,0,0,0,0.00,0.00,0,0,0,0,0,0,0,0,0.0,0.0,0,0,0,0,0,NA,0,0,0.0%,NA,NA,NA,0,NA,0,0,NA,NA,NA,NA,NA,0,NA,NA,NA,NA,NA,NA,NA,0,vs MIA,27,·,·,·,0.0
8,12725,Luke Lachey,TE,24.2,HOU,999.0,999,999,0,0,0,1,0,0,0,0,0,0.0%,0,0,0,0,0,0,0.00,0,0,0,0,0.00,0.00,0,0,0,0,0,0,0,0,0.0,0.0,0,0,0,0,0,NA,0,0,0.0%,NA,NA,NA,0,NA,0,0,NA,NA,NA,NA,NA,0,NA,NA,NA,NA,NA,NA,NA,0,vs SF,8,·,·,·,0.0
,,,,,,,,,,,,,,,,,,0.0%,,,,,,,,,,,,,,,,,,,,,,,,,,,,,NA,,,0.0%,NA,NA,NA,0,NA,0,0,NA,NA,NA,NA,NA,0,NA,NA,NA,NA,NA,NA,NA,0,NA,,·,·,·,0.0